version,season,contestant_id,name,age,gender,relationship,hometown,hometown_state,hometown_country,status,roadblocks_completed
AUS,1,AUS-S01-01,"Ryan ""Ryot"" Wilson",23,M,Brother & Sister,"Sydney , New South Wales",NSW,AUS,"Eliminated 1st (in Huế, Vietnam)",0
AUS,1,AUS-S01-02,Liberty Wilson,27,M,Brother & Sister,"Sydney , New South Wales",NSW,AUS,"Eliminated 1st (in Huế, Vietnam)",0
AUS,1,AUS-S01-03,Anne-Marie Brown,53,M,Workmates,"Perth , Western Australia",WA,AUS,Eliminated 2nd (in Macau),0
AUS,1,AUS-S01-04,Tracy Read,46,M,Workmates,"Perth , Western Australia",WA,AUS,Eliminated 2nd (in Macau),0
AUS,1,AUS-S01-05,Richard Toutounji,29,M,Married Entrepreneurs,"Sydney , New South Wales",NSW,AUS,"Eliminated 3rd (in Addo, South Africa)",0
AUS,1,AUS-S01-06,Joey Toutounji,30,M,Married Entrepreneurs,"Sydney , New South Wales",NSW,AUS,"Eliminated 3rd (in Addo, South Africa)",0
AUS,1,AUS-S01-07,Mo El-Leissy,26,M,Friends,"Melbourne , Victoria",VIC,AUS,"Eliminated 4th (in Cape Town, South Africa)",0
AUS,1,AUS-S01-08,Mos Haroun,25,M,Friends,"Melbourne , Victoria",VIC,AUS,"Eliminated 4th (in Cape Town, South Africa)",0
AUS,1,AUS-S01-09,Alana Munday,25,F,Reunited Sisters,"Adelaide , South Australia",SA,AUS,"Eliminated 5th (in Prague, Czech Republic)",0
AUS,1,AUS-S01-10,Mel Greig,28,F,Reunited Sisters,"Adelaide , South Australia",SA,AUS,"Eliminated 5th (in Prague, Czech Republic)",0
AUS,1,AUS-S01-11,Chris Pselletes,23,M,Dating,"Sydney , New South Wales",NSW,AUS,"Eliminated 6th (in Niedzica, Poland)",0
AUS,1,AUS-S01-12,Anastasia Drimousis,21,M,Dating,"Sydney , New South Wales",NSW,AUS,"Eliminated 6th (in Niedzica, Poland)",0
AUS,1,AUS-S01-13,Dave Miller,52,M,Married Bikers,"Geraldton , Western Australia",WA,AUS,"Eliminated 7th (en route to Masada, Israel)",3
AUS,1,AUS-S01-14,Kelly Miller,37,M,Married Bikers,"Geraldton , Western Australia",WA,AUS,"Eliminated 7th (en route to Masada, Israel)",0
AUS,1,AUS-S01-15,Matt Nunn,26,M,Farmers,"Birdsville , Queensland",QLD,AUS,"Eliminated 8th (in Colombo, Sri Lanka)",1
AUS,1,AUS-S01-16,Tom Warriner,26,M,Farmers,"Newcastle Waters , Northern Territory",NT,AUS,"Eliminated 8th (in Colombo, Sri Lanka)",0
AUS,1,AUS-S01-17,Jeff Downes,60,M,Father & Son,"Brisbane , Queensland",QLD,AUS,Third place,0
AUS,1,AUS-S01-18,Luke Downes,32,M,Father & Son,"Brisbane , Queensland",QLD,AUS,Third place,0
AUS,1,AUS-S01-19,Sam Schoers,22,M,Models,"Perth , Western Australia",WA,AUS,Runners-up,0
AUS,1,AUS-S01-20,Renae Wauhop,23,M,Models,"Perth , Western Australia",WA,AUS,Runners-up,0
AUS,1,AUS-S01-21,Tyler Atkins,25,M,Surfers,"Sydney , New South Wales",NSW,AUS,Winners,0
AUS,1,AUS-S01-22,Nathan Joliffe,25,M,Surfers,"Sydney , New South Wales",NSW,AUS,Winners,0
AUS,2,AUS-S02-01,Adam Corowa,30,M,Cousins,"Coolangatta, Queensland",QLD,AUS,"Eliminated 1st (in Delhi, India)",0
AUS,2,AUS-S02-02,Dane Corowa,29,M,Cousins,"Tweed Heads, New South Wales",NSW,AUS,"Eliminated 1st (in Delhi, India)",0
AUS,2,AUS-S02-03,Sue Bumback,40,M,Hairdressers,"Geraldton, Western Australia",WA,AUS,"Eliminated 2nd (in Jaipur, India)",0
AUS,2,AUS-S02-04,Teresa Italiano,44,M,Hairdressers,"Geraldton, Western Australia",WA,AUS,"Eliminated 2nd (in Jaipur, India)",0
AUS,2,AUS-S02-05,Kym Bouckaert,46,M,Engaged,"Brisbane, Queensland",QLD,AUS,"Eliminated 3rd (in Dubai, United Arab Emirates)",0
AUS,2,AUS-S02-06,Donna Verney,42,M,Engaged,"Brisbane, Queensland",QLD,AUS,"Eliminated 3rd (in Dubai, United Arab Emirates)",0
AUS,2,AUS-S02-07,Ross Thornton,55,M,Father & Daughter,"Melbourne, Victoria",VIC,AUS,"Eliminated 4th (in Istanbul, Turkey)",0
AUS,2,AUS-S02-08,Tarryn Thornton,25,M,Father & Daughter,"Melbourne, Victoria",VIC,AUS,"Eliminated 4th (in Istanbul, Turkey)",0
AUS,2,AUS-S02-09,"Geoff ""Sticky"" Stick",24,M,Flatmates,"Launceston, Tasmania",TAS,AUS,"Eliminated 5th (in Ciénaga de Zapata, Cuba)",0
AUS,2,AUS-S02-10,Sam Hay,24,M,Flatmates,"Launceston, Tasmania",TAS,AUS,"Eliminated 5th (in Ciénaga de Zapata, Cuba)",0
AUS,2,AUS-S02-11,James Kingsbury,23,M,Dating,"Melbourne, Victoria",VIC,AUS,"Eliminated 6th (in Vancouver, Canada)",0
AUS,2,AUS-S02-12,Sarah Roza,32,M,Dating,"Melbourne, Victoria",VIC,AUS,"Eliminated 6th (in Vancouver, Canada)",0
AUS,2,AUS-S02-13,Lucy Pelosi,36,F,Sisters,"Sydney, New South Wales",NSW,AUS,"Eliminated 7th (in Banff, Canada)",0
AUS,2,AUS-S02-14,Emilia Pelosi,30,F,Sisters,"Sydney, New South Wales",NSW,AUS,"Eliminated 7th (in Banff, Canada)",0
AUS,2,AUS-S02-15,Joseph Caristo,22,M,Brother & Sister,"Sydney, New South Wales",NSW,AUS,"Eliminated 8th (in Inner Mongolia, China)",0
AUS,2,AUS-S02-16,Grace Caristo,21,M,Brother & Sister,"Sydney, New South Wales",NSW,AUS,"Eliminated 8th (in Inner Mongolia, China)",0
AUS,2,AUS-S02-17,Michelle Troy,26,M,Cheerleader Twins,"Sydney, New South Wales",NSW,AUS,Third place,0
AUS,2,AUS-S02-18,Jo Troy,26,M,Cheerleader Twins,"Sydney, New South Wales",NSW,AUS,Third place,0
AUS,2,AUS-S02-19,Paul Montgomery,27,M,Workmates,"Melbourne, Victoria",VIC,AUS,Runners-up,0
AUS,2,AUS-S02-20,Steve Scale,29,M,Workmates,"Melbourne, Victoria",VIC,AUS,Runners-up,0
AUS,2,AUS-S02-21,Shane Haw,43,M,Cops,"Melbourne, Victoria",VIC,AUS,Winners,0
AUS,2,AUS-S02-22,Andrew Thoday,35,M,Cops,"Melbourne, Victoria",VIC,AUS,Winners,0
AUS,3,AUS-S03-01,Inga Lederhaus,27,M,Pageant Models,"Perth, Western Australia",WA,AUS,"Eliminated 1st (in Mesopotamia, New Zealand)",0
AUS,3,AUS-S03-02,Tiharna McGregor,26,M,Pageant Models,"Perth, Western Australia",WA,AUS,"Eliminated 1st (in Mesopotamia, New Zealand)",0
AUS,3,AUS-S03-03,Elizabeth Grant,50,M,Mother & Son,"Adelaide, South Australia",SA,AUS,"Eliminated 2nd (in Siem Reap, Cambodia)",0
AUS,3,AUS-S03-04,Todd Grant,25,M,Mother & Son,"Adelaide, South Australia",SA,AUS,"Eliminated 2nd (in Siem Reap, Cambodia)",0
AUS,3,AUS-S03-05,Aston Garratt,32,M,Feisty Friends,"Auckland, New Zealand",,NZL,"Eliminated 3rd (in Koh Poda, Thailand)",0
AUS,3,AUS-S03-06,Christie Orr,35,M,Feisty Friends,"Auckland, New Zealand",,NZL,"Eliminated 3rd (in Koh Poda, Thailand)",0
AUS,3,AUS-S03-07,Emily Trenberth,24,F,Siblings,"Christchurch, New Zealand",,NZL,"Eliminated 4th (in Khomas Region, Namibia)",0
AUS,3,AUS-S03-08,Jono Trenberth,26,M,Siblings,"Christchurch, New Zealand",,NZL,"Eliminated 4th (in Khomas Region, Namibia)",0
AUS,3,AUS-S03-09,John Charles,35,M,Best Mates,"Christchurch, New Zealand",,NZL,"Eliminated 5th (in Kostroma, Russia)",0
AUS,3,AUS-S03-10,Murray Roeske,35,M,Best Mates,"Wellington, New Zealand",,NZL,"Eliminated 5th (in Kostroma, Russia)",0
AUS,3,AUS-S03-11,Cat O'Brien,38,M,Foster Parents,"Hamilton, New Zealand",,NZL,"Eliminated 6th (in Dubrovnik, Croatia)",0
AUS,3,AUS-S03-12,Jesse O'Brien,36,M,Foster Parents,"Hamilton, New Zealand",,NZL,"Eliminated 6th (in Dubrovnik, Croatia)",0
AUS,3,AUS-S03-13,Carla Beazley,37,M,Fitness Mums,"Tauranga, New Zealand",,NZL,"Eliminated 7th (in Tigre, Argentina)",0
AUS,3,AUS-S03-14,Hereni Fulton,42,M,Fitness Mums,"Tauranga, New Zealand",,NZL,"Eliminated 7th (in Tigre, Argentina)",0
AUS,3,AUS-S03-15,Ashleigh Jende,27,M,Newlyweds,"Melbourne, Victoria",VIC,AUS,Third place,0
AUS,3,AUS-S03-16,Jarrod Jende,28,M,Newlyweds,"Melbourne, Victoria",VIC,AUS,Third place,0
AUS,3,AUS-S03-17,Sally Yamamoto,33,M,Dating Bodybuilders (Legs 1–6) Engaged Bodybuilders (Legs 6–10),"Perth, Western Australia",WA,AUS,Runners-up,0
AUS,3,AUS-S03-18,Tyson Smith,38,M,Dating Bodybuilders (Legs 1–6) Engaged Bodybuilders (Legs 6–10),"Perth, Western Australia",WA,AUS,Runners-up,0
AUS,3,AUS-S03-19,Daniel Little,28,M,Intensive Care Nurses,"Sydney, New South Wales",NSW,AUS,Winners,0
AUS,3,AUS-S03-20,Ryan Thomas,32,M,Intensive Care Nurses,"Sydney, New South Wales",NSW,AUS,Winners,0
AUS,4,AUS-S04-01,Alana Pappas,21,M,Gen Z Siblings,"Adelaide, South Australia",SA,AUS,"Eliminated 1st (in Seoul, South Korea)",0
AUS,4,AUS-S04-02,Niko Pappas,19,M,Gen Z Siblings,"Adelaide, South Australia",SA,AUS,"Eliminated 1st (in Seoul, South Korea)",0
AUS,4,AUS-S04-03,Judy Bowe,53,M,Nuns,"Canberra, Australian Capital Territory",ACT,AUS,"Eliminated 2nd (in Cheorwon, South Korea)",0
AUS,4,AUS-S04-04,Therese Mills,45,M,Nuns,"Canberra, Australian Capital Territory",ACT,AUS,"Eliminated 2nd (in Cheorwon, South Korea)",0
AUS,4,AUS-S04-05,Rowah Hassan,42,F,Mum & Daughter,"Sydney, New South Wales",NSW,AUS,"Eliminated 3rd (in Gia Viễn, Vietnam)",0
AUS,4,AUS-S04-06,Amani Mawass,18,F,Mum & Daughter,"Sydney, New South Wales",NSW,AUS,"Eliminated 3rd (in Gia Viễn, Vietnam)",0
AUS,4,AUS-S04-07,Chris Williams,58,M,Farmer and Firie,"Mount Compass, South Australia",SA,AUS,"Medically removed (in Govi-Altai, Mongolia)",1
AUS,4,AUS-S04-08,Adrienne Clarke,59,M,Farmer and Firie,"Mount Compass, South Australia",SA,AUS,"Medically removed (in Govi-Altai, Mongolia)",0
AUS,4,AUS-S04-09,Hayley Foruria,29,F,Sisters,"Townsville, Queensland",QLD,AUS,"Eliminated 5th (in Ulaanbataar, Mongolia)",0
AUS,4,AUS-S04-10,Mikayla Foruria,24,F,Sisters,"Cairns, Queensland",QLD,AUS,"Eliminated 5th (in Ulaanbataar, Mongolia)",0
AUS,4,AUS-S04-11,Sid Pierucci,26,M,The Influencers,"Bondi, New South Wales",NSW,AUS,"Eliminated 6th (in Victoria Falls, Zimbabwe)",0
AUS,4,AUS-S04-12,Ash Ruscoe,30,M,The Influencers,"Bondi, New South Wales",NSW,AUS,"Eliminated 6th (in Victoria Falls, Zimbabwe)",0
AUS,4,AUS-S04-13,Femi Ogunsiji,23,M,Nurses,"Sydney, New South Wales",NSW,AUS,"Eliminated 7th (in Lilongwe, Malawi)",0
AUS,4,AUS-S04-14,Nick Evbuomwan,23,M,Nurses,"Sydney, New South Wales",NSW,AUS,"Eliminated 7th (in Lilongwe, Malawi)",0
AUS,4,AUS-S04-15,Tom Wilkinson,23,M,Footy Mates,"Melbourne, Victoria",VIC,AUS,"Eliminated 8th (in Bangkok, Thailand)",0
AUS,4,AUS-S04-16,Tyler Roos,23,M,Footy Mates,"Melbourne, Victoria",VIC,AUS,"Eliminated 8th (in Bangkok, Thailand)",0
AUS,4,AUS-S04-17,Viv Dinh,25,M,Mighty Siblings,"Melbourne, Victoria",VIC,AUS,Third place,0
AUS,4,AUS-S04-18,Joey Dinh,28,M,Mighty Siblings,"Melbourne, Victoria",VIC,AUS,Third place,0
AUS,4,AUS-S04-19,Jasmin Onus,30,M,Deadly Duo,"Darwin, Northern Territory",NT,AUS,Runners-up,0
AUS,4,AUS-S04-20,Jerome Cubillo,30,M,Deadly Duo,"Darwin, Northern Territory",NT,AUS,Runners-up,0
AUS,4,AUS-S04-21,Tim Sattler-Jones,29,M,Newlyweds,"Newcastle, New South Wales",NSW,AUS,Winners,0
AUS,4,AUS-S04-22,Rod Sattler-Jones,28,M,Newlyweds,"Newcastle, New South Wales",NSW,AUS,Winners,0
AUS,5,AUS-S05-01,Dwes Wigann-Dann,32,M,Kimberley Cousins,"Ardyaloon, Western Australia",WA,AUS,"Eliminated 1st (in Mossman, Queensland)",0
AUS,5,AUS-S05-02,Katherine Dann,31,M,Kimberley Cousins,"Broome, Western Australia",WA,AUS,"Eliminated 1st (in Mossman, Queensland)",0
AUS,5,AUS-S05-03,Alex Newell,23,M,Twin Models,"Sydney, New South Wales",NSW,AUS,"Quit (in Cairns, Queensland)",0
AUS,5,AUS-S05-04,Jack Newell,23,M,Twin Models,"Sydney, New South Wales",NSW,AUS,"Quit (in Cairns, Queensland)",0
AUS,5,AUS-S05-05,Jude Richards,49,M,Mums,"Brisbane, Queensland",QLD,AUS,"Eliminated 3rd (in Longreach, Queensland)",0
AUS,5,AUS-S05-06,Shannon Nay,45,M,Mums,"Gold Coast, Queensland",QLD,AUS,"Eliminated 3rd (in Longreach, Queensland)",0
AUS,5,AUS-S05-07,Malaan Ajang,27,M,Childhood Friends,"Melbourne, Victoria",VIC,AUS,"Eliminated 4th (on Palm Island, Queensland)",0
AUS,5,AUS-S05-08,Tina Kuek,26,M,Childhood Friends,"Melbourne, Victoria",VIC,AUS,"Eliminated 4th (on Palm Island, Queensland)",0
AUS,5,AUS-S05-09,Shane Wilson,47,M,Parents,"Wollongong, New South Wales",NSW,AUS,"Medically removed (in Horseshoe Bay, Queensland)",0
AUS,5,AUS-S05-10,Deb Wilson,41,M,Parents,"Wollongong, New South Wales",NSW,AUS,"Medically removed (in Horseshoe Bay, Queensland)",0
AUS,5,AUS-S05-11,Jobelle Collier,29,M,Daughter & Dad,"Shepparton, Victoria",VIC,AUS,"Eliminated 6th (on Green Island, Queensland)",0
AUS,5,AUS-S05-12,Rani Alegre,52,M,Daughter & Dad,"Shepparton, Victoria",VIC,AUS,"Eliminated 6th (on Green Island, Queensland)",0
AUS,5,AUS-S05-13,Sefa Palu,29,M,Besties,"Sydney, New South Wales",NSW,AUS,"Eliminated 7th (in Darwin, Northern Territory)",0
AUS,5,AUS-S05-14,Jessica Matavao,32,M,Besties,"Sydney, New South Wales",NSW,AUS,"Eliminated 7th (in Darwin, Northern Territory)",0
AUS,5,AUS-S05-15,Dwes Wigann-Dann,32,M,Kimberley Cousins,"Ardyaloon, Western Australia",WA,AUS,"Eliminated 8th (in Coober Pedy, South Australia)",0
AUS,5,AUS-S05-16,Katherine Dann,31,M,Kimberley Cousins,"Broome, Western Australia",WA,AUS,"Eliminated 8th (in Coober Pedy, South Australia)",0
AUS,5,AUS-S05-17,Jordan Saisi,23,M,Dancing Exes,"Melbourne, Victoria",VIC,AUS,"Eliminated 9th (in Lincoln National Park, South Australia)",0
AUS,5,AUS-S05-18,Violeta Mugica,22,M,Dancing Exes,"Melbourne, Victoria",VIC,AUS,"Eliminated 9th (in Lincoln National Park, South Australia)",0
AUS,5,AUS-S05-19,Stan Turek,36,M,Bodybuilders,"Richmond, New South Wales",NSW,AUS,"Eliminated 10th (in Brisbane, Queensland)",0
AUS,5,AUS-S05-20,Wayne Marino,26,M,Bodybuilders,"Richmond, New South Wales",NSW,AUS,"Eliminated 10th (in Brisbane, Queensland)",0
AUS,5,AUS-S05-21,Holly Edwards,25,M,Power Couple,"Sydney, New South Wales",NSW,AUS,"Eliminated 11th (in Hobart, Tasmania)",0
AUS,5,AUS-S05-22,Dolor Edosomwan,26,M,Power Couple,"Sydney, New South Wales",NSW,AUS,"Eliminated 11th (in Hobart, Tasmania)",0
AUS,5,AUS-S05-23,MJ Rajčić,31,M,Footy Mates,"Adelaide, South Australia",SA,AUS,"Eliminated 12th (in Launceston, Tasmania)",0
AUS,5,AUS-S05-24,Chelsea Randall,29,M,Footy Mates,"Adelaide, South Australia",SA,AUS,"Eliminated 12th (in Launceston, Tasmania)",0
AUS,5,AUS-S05-25,Skye-Blue Henderson,27,M,Siblings,"Melbourne, Victoria",VIC,AUS,"Eliminated 13th (in Leura, New South Wales)",0
AUS,5,AUS-S05-26,Jake Henderson,29,M,Siblings,"Melbourne, Victoria",VIC,AUS,"Eliminated 13th (in Leura, New South Wales)",0
AUS,5,AUS-S05-27,Chris Diloreto,31,M,Geek & Princess,"Brisbane, Queensland",QLD,AUS,"Eliminated 14th (in Silverton, New South Wales)",0
AUS,5,AUS-S05-28,Aleisha Groth,30,M,Geek & Princess,"Brisbane, Queensland",QLD,AUS,"Eliminated 14th (in Silverton, New South Wales)",0
AUS,5,AUS-S05-29,Jaskirat Dhingra,29,M,Super Sikhs,"Sydney, New South Wales",NSW,AUS,Third place,0
AUS,5,AUS-S05-30,Anurag Sobti,29,M,Super Sikhs,"Sydney, New South Wales",NSW,AUS,Third place,0
AUS,5,AUS-S05-31,Ashleigh Lawrence,32,M,The Gold Coast Girls,"Gold Coast, Queensland",QLD,AUS,Runners-up,0
AUS,5,AUS-S05-32,Amanda Blanks,29,M,The Gold Coast Girls,"Gold Coast, Queensland",QLD,AUS,Runners-up,0
AUS,5,AUS-S05-33,Brendon Crawley,25,M,Cowboys,"Yass, New South Wales",NSW,AUS,Winners,0
AUS,5,AUS-S05-34,Jackson Dening,23,M,Cowboys,"Tamworth, New South Wales",NSW,AUS,Winners,0
AUS,6,AUS-S06-01,Paul Farrell,67,M,Dad & Daughter Brokers,"Phillip Island, Victoria",VIC,AUS,"Eliminated 1st (in Ksar Aït Benhaddou, Morocco)",0
AUS,6,AUS-S06-02,Rachel Farrell,33,M,Dad & Daughter Brokers,"Phillip Island, Victoria",VIC,AUS,"Eliminated 1st (in Ksar Aït Benhaddou, Morocco)",0
AUS,6,AUS-S06-03,Bren Wilkinson,56,M,Vegan Warriors,Western Australia,WA,AUS,"Eliminated 2nd (in Marrakesh, Morocco)",0
AUS,6,AUS-S06-04,Anja Gramueller-Southon,53,M,Vegan Warriors,Western Australia,WA,AUS,"Eliminated 2nd (in Marrakesh, Morocco)",0
AUS,6,AUS-S06-05,Jake O'Brien,29,M,Model Couple,"Sydney, New South Wales",NSW,AUS,"Eliminated 3rd (in Chefchaouen, Morocco)",0
AUS,6,AUS-S06-06,Holly MacAlpine,24,M,Model Couple,"Sydney, New South Wales",NSW,AUS,"Eliminated 3rd (in Chefchaouen, Morocco)",0
AUS,6,AUS-S06-07,Sam Trenwith,27,M,Flamboyant Friends,"Adelaide, South Australia",SA,AUS,"Eliminated 4th (in Athens, Greece)",0
AUS,6,AUS-S06-08,Alex Hill,28,M,Flamboyant Friends,"Adelaide, South Australia",SA,AUS,"Eliminated 4th (in Athens, Greece)",0
AUS,6,AUS-S06-09,Sam Kimberley,23,M,The Mullets,"Perth, Western Australia",WA,AUS,"Eliminated 5th (in Arachova, Greece)",0
AUS,6,AUS-S06-10,Stu Moorhouse,23,M,The Mullets,"Perth, Western Australia",WA,AUS,"Eliminated 5th (in Arachova, Greece)",0
AUS,6,AUS-S06-11,Crystal Tawil,27,M,Middle Eastern Mates,New South Wales,NSW,AUS,"Eliminated 6th (in İzmir, Turkey)",0
AUS,6,AUS-S06-12,Reem Chokr,26,M,Middle Eastern Mates,New South Wales,NSW,AUS,"Eliminated 6th (in İzmir, Turkey)",0
AUS,6,AUS-S06-13,Tammy Chan,42,M,Scientific Siblings,Victoria,VIC,AUS,"Eliminated 7th (in Kula, Turkey)",0
AUS,6,AUS-S06-14,Vincent Chan,40,M,Scientific Siblings,Queensland,QLD,AUS,"Eliminated 7th (in Kula, Turkey)",0
AUS,6,AUS-S06-15,Morgan Trevethan,23,M,Blonde Buddies,"Gold Coast, Queensland",QLD,AUS,"Eliminated 8th (in Alaçatı, Turkey)",0
AUS,6,AUS-S06-16,Lilli Robbo,23,M,Blonde Buddies,"Gold Coast, Queensland",QLD,AUS,"Eliminated 8th (in Alaçatı, Turkey)",0
AUS,6,AUS-S06-17,Kathy Alexandra,28,M,Lawyer Cousins,"Sydney, New South Wales",NSW,AUS,"Eliminated 9th (in Bogotá, Colombia)",0
AUS,6,AUS-S06-18,Chace Tran,27,M,Lawyer Cousins,"Sydney, New South Wales",NSW,AUS,"Eliminated 9th (in Bogotá, Colombia)",0
AUS,6,AUS-S06-19,Stuart McGrath,31,M,Baru Mates,"Tiwi Islands, Northern Territory",NT,AUS,"Eliminated 10th (in Cartagena, Colombia)",0
AUS,6,AUS-S06-20,Glennon Babui,23,M,Baru Mates,"Elcho Island, Northern Territory",NT,AUS,"Eliminated 10th (in Cartagena, Colombia)",0
AUS,6,AUS-S06-21,"Felicity ""Flick"" Mifsud",28,F,Barista Sisters,Melbourne,VIC,AUS,"Eliminated 11th (in Belize City, Belize)",0
AUS,6,AUS-S06-22,Gabby Mifsud,24,F,Barista Sisters,Melbourne,VIC,AUS,"Eliminated 11th (in Belize City, Belize)",0
AUS,6,AUS-S06-23,"Felicity ""Fliss"" Naughton",20,M,Country Kids,"Crookwell, New South Wales",NSW,AUS,"Medically removed (in San Ignacio, Belize)",0
AUS,6,AUS-S06-24,"Josephine ""Tottie"" O'Brienn",20,M,Country Kids,"Crookwell, New South Wales",NSW,AUS,"Medically removed (in San Ignacio, Belize)",0
AUS,6,AUS-S06-25,Jodie Playford,55,M,Dragon Boat Mums,New South Wales,NSW,AUS,"Eliminated 13th (in Caye Caulker, Belize)",0
AUS,6,AUS-S06-26,Claire Thomas,48,M,Dragon Boat Mums,New South Wales,NSW,AUS,"Eliminated 13th (in Caye Caulker, Belize)",0
AUS,6,AUS-S06-27,Chelsea Keen,26,M,Engaged Parents,Queensland,QLD,AUS,"Eliminated 14th (in Mérida, Mexico)",0
AUS,6,AUS-S06-28,Jamus Maoate,35,M,Engaged Parents,Queensland,QLD,AUS,"Eliminated 14th (in Mérida, Mexico)",0
AUS,6,AUS-S06-29,Lauren Howells,27,M,Cop Couple,Western Australia,WA,AUS,"Eliminated 15th (in Ekʼ Balam, Mexico)",0
AUS,6,AUS-S06-30,Steph McGrath,34,M,Cop Couple,Western Australia,WA,AUS,"Eliminated 15th (in Ekʼ Balam, Mexico)",0
AUS,6,AUS-S06-31,Pako Komira,38,M,Hubbies,"Sydney, New South Wales",NSW,AUS,"Eliminated 16th (in Perth, Australia)",0
AUS,6,AUS-S06-32,Mori Perez,39,M,Hubbies,"Sydney, New South Wales",NSW,AUS,"Eliminated 16th (in Perth, Australia)",0
AUS,6,AUS-S06-33,Tiffany Turland,36,M,Aunty & Niece,"Pilbara, Western Australia",WA,AUS,"Eliminated 17th (in Fremantle, Australia)",0
AUS,6,AUS-S06-34,Cynthia Cameron-Turland,21,M,Aunty & Niece,"Pilbara, Western Australia",WA,AUS,"Eliminated 17th (in Fremantle, Australia)",0
AUS,6,AUS-S06-35,Kelly Baildon,25,M,Newlywed Teachers,"Brisbane , Queensland",QLD,AUS,Third place,0
AUS,6,AUS-S06-36,Georgia Baildon,25,M,Newlywed Teachers,"Brisbane , Queensland",QLD,AUS,Third place,0
AUS,6,AUS-S06-37,Angel Williams,24,M,Church Friends,"Brisbane , Queensland",QLD,AUS,Runners-up,0
AUS,6,AUS-S06-38,Frankie Vaaua,25,M,Church Friends,"Gold Coast, Queensland",QLD,AUS,Runners-up,0
AUS,6,AUS-S06-39,Heath Curry,33,M,Enduring Love,Melbourne,VIC,AUS,Winners,0
AUS,6,AUS-S06-40,Toni Hilland,38,M,Enduring Love,Melbourne,VIC,AUS,Winners,0
AUS,7,AUS-S07-01,Dane Simpson,40,M,Son & dad,Australia,,AUS,"Eliminated 1st (in Delhi, India)",0
AUS,7,AUS-S07-02,Bow Simpson,69,M,Son & dad,Australia,,AUS,"Eliminated 1st (in Delhi, India)",0
AUS,7,AUS-S07-03,Grant Denyer,45,M,Husband & wife,Australia,,AUS,"Eliminated 2nd (in Agra, India)",0
AUS,7,AUS-S07-04,"Cheryl ""Chezzi"" Denyer",43,M,Husband & wife,Australia,,AUS,"Eliminated 2nd (in Agra, India)",0
AUS,7,AUS-S07-05,Peter Rowsthorn,60,M,Dad & daughter,Australia,,AUS,"Eliminated 3rd (in Langkawi, Malaysia)",0
AUS,7,AUS-S07-06,Frankie Rowsthorn,20,M,Dad & daughter,Australia,,AUS,"Eliminated 3rd (in Langkawi, Malaysia)",0
AUS,7,AUS-S07-07,Ben Gillies,43,M,Husband & wife,Australia,,AUS,"Eliminated 4th (in George Town, Malaysia)",0
AUS,7,AUS-S07-08,Jackie Gillies,42,M,Husband & wife,Australia,,AUS,"Eliminated 4th (in George Town, Malaysia)",0
AUS,7,AUS-S07-09,George Mladenov,33,M,Siblings,Australia,,AUS,"Eliminated 5th (in George Town, Malaysia)",0
AUS,7,AUS-S07-10,Pam Mladenov,24,M,Siblings,Australia,,AUS,"Eliminated 5th (in George Town, Malaysia)",0
AUS,7,AUS-S07-11,"Rebecca ""Bec"" Judd",40,F,Sisters,Australia,,AUS,"Eliminated 6th (in Siem Reap, Cambodia)",0
AUS,7,AUS-S07-12,Kate Twigley,38,F,Sisters,Australia,,AUS,"Eliminated 6th (in Siem Reap, Cambodia)",0
AUS,7,AUS-S07-13,Jana Pittman,40,M,Mum & son,Australia,,AUS,"Eliminated 7th (in Siem Reap, Cambodia)",0
AUS,7,AUS-S07-14,"Cornelis ""Cor"" Rawlinson",16,M,Mum & son,Australia,,AUS,"Eliminated 7th (in Siem Reap, Cambodia)",0
AUS,7,AUS-S07-15,Harry Jowsey,26,M,Best mates,Australia,,AUS,"Eliminated 8th (in Siburan, Malaysia)",0
AUS,7,AUS-S07-16,Teddy Briggs,29,M,Best mates,Australia,,AUS,"Eliminated 8th (in Siburan, Malaysia)",0
AUS,7,AUS-S07-17,Alli Simpson,25,F,Daughter & mum,Australia,,AUS,"Winners (in Kuala Lumpur, Malaysia)",0
AUS,7,AUS-S07-18,Angie Simpson,52,F,Daughter & mum,Australia,,AUS,"Winners (in Kuala Lumpur, Malaysia)",0
AUS,7,AUS-S07-19,Emma Watkins,33,F,Sisters,Australia,,AUS,"Winners (in Kuala Lumpur, Malaysia)",0
AUS,7,AUS-S07-20,Hayley Watkins,34,F,Sisters,Australia,,AUS,"Winners (in Kuala Lumpur, Malaysia)",0
AUS,7,AUS-S07-21,Darren McMullen,41,M,Uncle & nephew,Australia,,AUS,"Winners (in Kuala Lumpur, Malaysia)",0
AUS,7,AUS-S07-22,Tristan Dougan,26,M,Uncle & nephew,Australia,,AUS,"Winners (in Kuala Lumpur, Malaysia)",0
AUS,8,AUS-S08-01,Luke McGregor,41,M,Son & Mum,Australia,,AUS,"Eliminated 1st (in Buenos Aires, Argentina)",0
AUS,8,AUS-S08-02,Julie McGregor,63,M,Son & Mum,Australia,,AUS,"Eliminated 1st (in Buenos Aires, Argentina)",0
AUS,8,AUS-S08-03,"Natalie ""Nat"" Bassingthwaighte",48,F,Sisters,Australia,,AUS,"Eliminated 2nd (in La Caldera, Argentina)",0
AUS,8,AUS-S08-04,Mel Sheldrick,50,F,Sisters,Australia,,AUS,"Eliminated 2nd (in La Caldera, Argentina)",0
AUS,8,AUS-S08-05,Cyrell Paule,35,M,Engaged,Australia,,AUS,"Eliminated 3rd (in Tilcara, Argentina)",0
AUS,8,AUS-S08-06,Eden Dally,31,M,Engaged,Australia,,AUS,"Eliminated 3rd (in Tilcara, Argentina)",0
AUS,8,AUS-S08-07,Jett Kenny,30,M,Dating,Australia,,AUS,"Eliminated 4th (in Johannesburg, South Africa)",0
AUS,8,AUS-S08-08,Lily Brown,26,M,Dating,Australia,,AUS,"Eliminated 4th (in Johannesburg, South Africa)",0
AUS,8,AUS-S08-09,Havana Brown,39,M,Besties,Australia,,AUS,"Eliminated 5th (in Krugersdorp, South Africa)",0
AUS,8,AUS-S08-10,Steph Dunstan-Wood,38,M,Besties,Australia,,AUS,"Eliminated 5th (in Krugersdorp, South Africa)",0
AUS,8,AUS-S08-11,Chloe Logarzo,29,M,Matildas Teammates,Australia,,AUS,"Eliminated 6th (in Dorob National Park, Namibia)",0
AUS,8,AUS-S08-12,Emily Gielnik,32,F,Matildas Teammates,Australia,,AUS,"Eliminated 6th (in Dorob National Park, Namibia)",0
AUS,8,AUS-S08-13,"Ian ""Thorpie"" Thorpe",41,M,Mates,Australia,,AUS,"Eliminated 7th (in Usakos, Namibia)",0
AUS,8,AUS-S08-14,Christian Miranda,38,M,Mates,Australia,,AUS,"Eliminated 7th (in Usakos, Namibia)",0
AUS,8,AUS-S08-15,Pete Helliar,48,M,Married,Australia,,AUS,"Eliminated 8th (in Phuket, Thailand)",0
AUS,8,AUS-S08-16,Bridget Helliar,44,M,Married,Australia,,AUS,"Eliminated 8th (in Phuket, Thailand)",0
AUS,8,AUS-S08-17,Brooke McClymont,43,M,Married Country Singers,Australia,,AUS,Third place,0
AUS,8,AUS-S08-18,Adam Eckersley,42,M,Married Country Singers,Australia,,AUS,Third place,0
AUS,8,AUS-S08-19,Billy Brownless,57,M,Dad & Son,Australia,,AUS,Runners-up,0
AUS,8,AUS-S08-20,Oscar Brownless,24,M,Dad & Son,Australia,,AUS,Runners-up,0
AUS,8,AUS-S08-21,"Tai ""Bam Bam"" Tuivasa",31,M,Brothers,Australia,,AUS,Winners,0
AUS,8,AUS-S08-22,Logan Tuivasa,35,M,Brothers,Australia,,AUS,Winners,0
CAN,1,CAN-S01-01,Treena Ley,36,F,Twin Sisters,"Hamilton, Ontario",ON,CAN,"Eliminated 1st (in Westbank, British Columbia)",0
CAN,1,CAN-S01-02,Tennille Dorrington,36,F,Twin Sisters,"Hamilton, Ontario",ON,CAN,"Eliminated 1st (in Westbank, British Columbia)",0
CAN,1,CAN-S01-03,Jamie Cumberland,47,M,Best Friends,"Airdrie, Alberta",AB,CAN,"Eliminated 2rd (in Vancouver, British Columbia)",0
CAN,1,CAN-S01-04,Pierre Cadieux,38,M,Best Friends,"Innisfail, Alberta",AB,CAN,"Eliminated 2rd (in Vancouver, British Columbia)",0
CAN,1,CAN-S01-05,Kristen Idiens,32,M,Dating,"Fairmont Hot Springs, British Columbia",BC,CAN,"Eliminated 3rd (in Carcross, Yukon)",0
CAN,1,CAN-S01-06,Darren Trapp,26,M,Dating,"Fairmont Hot Springs, British Columbia",BC,CAN,"Eliminated 3rd (in Carcross, Yukon)",0
CAN,1,CAN-S01-07,Hal Johnson,57,M,Married Fitness Icons,"Oakville, Ontario",ON,CAN,"Eliminated 4th (in Regina, Saskatchewan)",0
CAN,1,CAN-S01-08,Joanne McLeod,54,M,Married Fitness Icons,"Oakville, Ontario",ON,CAN,"Eliminated 4th (in Regina, Saskatchewan)",0
CAN,1,CAN-S01-09,Holly Agostino,33,M,Married Doctors,"Montreal, Quebec",QC,CAN,"Eliminated 5th (in Iqaluit, Nunavut)",0
CAN,1,CAN-S01-10,Brett Burstein,32,M,Married Doctors,"Montreal, Quebec",QC,CAN,"Eliminated 5th (in Iqaluit, Nunavut)",0
CAN,1,CAN-S01-11,Jet Black,32,M,Best Friends,"London, Ontario",ON,CAN,"Eliminated 6th (in St. John's, Newfoundland and Labrador)",0
CAN,1,CAN-S01-12,Dave Schram,28,M,Best Friends,"London, Ontario",ON,CAN,"Eliminated 6th (in St. John's, Newfoundland and Labrador)",3
CAN,1,CAN-S01-13,Vanessa Morgan,21,F,Sisters,"Ottawa, Ontario",ON,CAN,Third Place,0
CAN,1,CAN-S01-14,Celina Mziray,30,F,Sisters,"Ottawa, Ontario",ON,CAN,Third Place,0
CAN,1,CAN-S01-15,Jody Mitic,36,M,Brothers,"Ottawa, Ontario",ON,CAN,Second Place,0
CAN,1,CAN-S01-16,Cory Mitic,32,M,Brothers,"Edmonton, Alberta",AB,CAN,Second Place,0
CAN,1,CAN-S01-17,"Tim Hague, Sr.",48,M,Father & Son,"Winnipeg, Manitoba",MB,CAN,Winners,0
CAN,1,CAN-S01-18,"Tim Hague, Jr.",23,M,Father & Son,"Winnipeg, Manitoba",MB,CAN,Winners,0
CAN,2,CAN-S02-01,Shahla Kara,29,M,Childhood Friends,"Markham , Ontario",ON,CAN,"Eliminated 1st (in Colwood, British Columbia)",0
CAN,2,CAN-S02-02,Nabeela Barday,29,M,Childhood Friends,"Markham , Ontario",ON,CAN,"Eliminated 1st (in Colwood, British Columbia)",0
CAN,2,CAN-S02-03,Jen King,40,M,Married,"Halifax , Nova Scotia",NS,CAN,"Withdrew (in Tofino, British Columbia)",0
CAN,2,CAN-S02-04,Shawn King,41,M,Married,"Halifax , Nova Scotia",NS,CAN,"Withdrew (in Tofino, British Columbia)",0
CAN,2,CAN-S02-05,Laura Takahashi,28,M,Married,"Toronto , Ontario",ON,CAN,"Eliminated 3rd (in Kowloon City, Hong Kong)",0
CAN,2,CAN-S02-06,Jackie Skinner,31,M,Married,"Toronto , Ontario",ON,CAN,"Eliminated 3rd (in Kowloon City, Hong Kong)",0
CAN,2,CAN-S02-07,Cormac Foster,19,M,Mother & Son,"Winnipeg , Manitoba",MB,CAN,"Eliminated 4th (in Whitehorse, Yukon)",0
CAN,2,CAN-S02-08,Nicole Foster,39,M,Mother & Son,"Winnipeg , Manitoba",MB,CAN,"Eliminated 4th (in Whitehorse, Yukon)",0
CAN,2,CAN-S02-09,Rex Harrington,51,M,Engaged,"Ashburn , Ontario",ON,CAN,"Eliminated 5th (in Winnipeg, Manitoba)",0
CAN,2,CAN-S02-10,Bob Hope,47,M,Engaged,"Ashburn , Ontario",ON,CAN,"Eliminated 5th (in Winnipeg, Manitoba)",0
CAN,2,CAN-S02-11,Pierre Forget,42,M,Twin Brothers,"Terrebonne , Quebec",QC,CAN,"Eliminated 6th (in Paris, France)",0
CAN,2,CAN-S02-12,Michel Forget,42,M,Twin Brothers,"Terrebonne , Quebec",QC,CAN,"Eliminated 6th (in Paris, France)",0
CAN,2,CAN-S02-13,Alain Chanoine,32,M,Dating (Legs 1−8) Engaged (Legs 8−10),"Saint-Hubert , Quebec",QC,CAN,"Eliminated 7th (in North Rustico, Prince Edward Island)",0
CAN,2,CAN-S02-14,Audrey Tousignant-Maurice,31,M,Dating (Legs 1−8) Engaged (Legs 8−10),"Saint-Hubert , Quebec",QC,CAN,"Eliminated 7th (in North Rustico, Prince Edward Island)",0
CAN,2,CAN-S02-15,Sukhi Atwal,32,M,Siblings,"Terrace , British Columbia",BC,CAN,"Eliminated 8th (in Cape Enrage, New Brunswick)",0
CAN,2,CAN-S02-16,Jinder Atwal,26,M,Siblings,"Terrace , British Columbia",BC,CAN,"Eliminated 8th (in Cape Enrage, New Brunswick)",0
CAN,2,CAN-S02-17,Ryan Steele,36,M,Bartenders/Co-Workers,"Vancouver , British Columbia",BC,CAN,Third place,0
CAN,2,CAN-S02-18,Rob Goddard,24,M,Bartenders/Co-Workers,"Vancouver , British Columbia",BC,CAN,Third place,0
CAN,2,CAN-S02-19,Natalie Spooner,23,M,Teammates,"Toronto , Ontario",ON,CAN,Runners-up,0
CAN,2,CAN-S02-20,Meaghan Mikkelson,29,M,Teammates,"Calgary , Alberta",AB,CAN,Runners-up,0
CAN,2,CAN-S02-21,Mickey Henry,24,M,Best Friends,"Seguin , Ontario",ON,CAN,Winners,0
CAN,2,CAN-S02-22,Pete Schmalz,24,M,Best Friends,"Parry Sound , Ontario",ON,CAN,Winners,0
CAN,3,CAN-S03-01,Max Altamuro,28,M,Dating,"Toronto, Ontario",ON,CAN,"Eliminated 1st (in Toronto, Ontario)",0
CAN,3,CAN-S03-02,Elias Theodorou,26,M,Dating,"Toronto, Ontario",ON,CAN,"Eliminated 1st (in Toronto, Ontario)",0
CAN,3,CAN-S03-03,Susan Hayre,38,M,Co-Workers,"Vancouver, British Columbia",BC,CAN,"Eliminated 2nd (in Santiago, Chile)",0
CAN,3,CAN-S03-04,Sharnjit Gill,39,M,Co-Workers,"Vancouver, British Columbia",BC,CAN,"Eliminated 2nd (in Santiago, Chile)",0
CAN,3,CAN-S03-05,Dana Hayward,23,M,Co-Workers,"Wabush, Newfoundland and Labrador",NL,CAN,"Eliminated 3rd (in Buenos Aires, Argentina)",0
CAN,3,CAN-S03-06,Amanda Johnston,23,M,Co-Workers,"Wabush, Newfoundland and Labrador",NL,CAN,"Eliminated 3rd (in Buenos Aires, Argentina)",0
CAN,3,CAN-S03-07,Hamilton Elliott,19,M,Engaged,"Centreville, Nova Scotia",NS,CAN,"Eliminated 4th (in Halifax, Nova Scotia)",0
CAN,3,CAN-S03-08,Michaelia Drever,19,M,Engaged,"Centreville, Nova Scotia",NS,CAN,"Eliminated 4th (in Halifax, Nova Scotia)",0
CAN,3,CAN-S03-09,Nic La Monaca,22,M,Dating,"Montreal, Quebec",QC,CAN,"Eliminated 5th (in Sudbury, Ontario)",0
CAN,3,CAN-S03-10,Sabrina Mercuri,32,M,Dating,"Montreal, Quebec",QC,CAN,"Eliminated 5th (in Sudbury, Ontario)",0
CAN,3,CAN-S03-11,Neil Lumsden,62,M,Father & Daughter,"Burlington, Ontario",ON,CAN,"Eliminated 6th (in Bushell Park, Saskatchewan)",0
CAN,3,CAN-S03-12,Kristin Lumsden,31,M,Father & Daughter,"Toronto, Ontario",ON,CAN,"Eliminated 6th (in Bushell Park, Saskatchewan)",0
CAN,3,CAN-S03-13,Brian Boyd,46,M,Married,"Winnipeg, Manitoba",MB,CAN,"Eliminated 7th (in Kolkata, India)",0
CAN,3,CAN-S03-14,Cynthia Boyd,41,M,Married,"Winnipeg, Manitoba",MB,CAN,"Eliminated 7th (in Kolkata, India)",0
CAN,3,CAN-S03-15,Dujean Williams,25,M,Exes,"Toronto, Ontario",ON,CAN,"Eliminated 8th (in Osoyoos, British Columbia)",0
CAN,3,CAN-S03-16,Leilani Ross,25,M,Exes,"Toronto, Ontario",ON,CAN,"Eliminated 8th (in Osoyoos, British Columbia)",0
CAN,3,CAN-S03-17,Simi Fagbongbe,21,M,Father & Daughter,"Burnaby, British Columbia",BC,CAN,"Eliminated 9th (in Edmonton, Alberta)",0
CAN,3,CAN-S03-18,Ope Fagbongbe,46,M,Father & Daughter,"Burnaby, British Columbia",BC,CAN,"Eliminated 9th (in Edmonton, Alberta)",0
CAN,3,CAN-S03-19,Brent Sweeney,25,M,Brothers,"Toronto, Ontario",ON,CAN,Third Place,0
CAN,3,CAN-S03-20,Sean Sweeney,28,M,Brothers,"Toronto, Ontario",ON,CAN,Third Place,0
CAN,3,CAN-S03-21,Nick Foti,35,M,Wrestling Teammates,"Newmarket, Ontario",ON,CAN,Second Place,0
CAN,3,CAN-S03-22,Matt Giunta,33,M,Wrestling Teammates,"Stouffville, Ontario",ON,CAN,Second Place,0
CAN,3,CAN-S03-23,Gino Montani,28,M,Brothers,"Hamilton, Ontario",ON,CAN,Winners,0
CAN,3,CAN-S03-24,Jesse Montani,25,M,Brothers,"Hamilton, Ontario",ON,CAN,Winners,0
CAN,4,CAN-S04-01,Anthony Libombe,21,M,Best Friends,"Windsor, Ontario",ON,CAN,"Eliminated 1st (in Jasper National Park, Alberta)",0
CAN,4,CAN-S04-02,Brandon Campeau,21,M,Best Friends,"Windsor, Ontario",ON,CAN,"Eliminated 1st (in Jasper National Park, Alberta)",0
CAN,4,CAN-S04-03,Stéphane Tétreault,51,M,Father/Son,"Montreal, Quebec",QC,CAN,"Eliminated 2nd (in Cái Bè, Vietnam)",0
CAN,4,CAN-S04-04,Antoine Tétreault,25,M,Father/Son,"Montreal, Quebec",QC,CAN,"Eliminated 2nd (in Cái Bè, Vietnam)",0
CAN,4,CAN-S04-05,Anne Morrone,40,F,Best Friends/Moms,"Toronto, Ontario",ON,CAN,"Eliminated 3rd (in Ho Chi Minh City, Vietnam)",0
CAN,4,CAN-S04-06,Tanya Muzzatti,40,F,Best Friends/Moms,"Toronto, Ontario",ON,CAN,"Eliminated 3rd (in Ho Chi Minh City, Vietnam)",0
CAN,4,CAN-S04-07,Kelly Xu,25,M,Best Friends,"Toronto, Ontario",ON,CAN,"Eliminated 4th (in Port Edward, British Columbia)",2
CAN,4,CAN-S04-08,Kate Pan,25,M,Best Friends,"Toronto, Ontario",ON,CAN,"Eliminated 4th (in Port Edward, British Columbia)",0
CAN,4,CAN-S04-09,Julie Taylor,33,M,Married,"Lethbridge, Alberta",AB,CAN,"Eliminated 5th (in Kingston, Ontario)",0
CAN,4,CAN-S04-10,Lowell Taylor,34,M,Married,"Lethbridge, Alberta",AB,CAN,"Eliminated 5th (in Kingston, Ontario)",0
CAN,4,CAN-S04-11,Rita Yakibonge,23,F,Twin Sisters,"Edmonton, Alberta",AB,CAN,"Eliminated 6th (in Louisbourg, Nova Scotia)",0
CAN,4,CAN-S04-12,Yvette Yakibonge,23,F,Twin Sisters,"Edmonton, Alberta",AB,CAN,"Eliminated 6th (in Louisbourg, Nova Scotia)",0
CAN,4,CAN-S04-13,Frankie Gassler,41,F,Mother/Daughter,"Aldergrove, British Columbia",BC,CAN,"Eliminated 7th (in Saint Andrews, New Brunswick)",0
CAN,4,CAN-S04-14,Amy Gassler,25,F,Mother/Daughter,"Aldergrove, British Columbia",BC,CAN,"Eliminated 7th (in Saint Andrews, New Brunswick)",0
CAN,4,CAN-S04-15,Joel Ground,42,M,Father/Daughter,"Enoch Cree Nation, Alberta",AB,CAN,Third place,0
CAN,4,CAN-S04-16,Ashley Callingbull-Burnham,26,M,Father/Daughter,"Enoch Cree Nation, Alberta",AB,CAN,Third place,0
CAN,4,CAN-S04-17,Jillian McLaughlin,30,M,Exes,"New Glasgow, Nova Scotia",NS,CAN,Runners-up,0
CAN,4,CAN-S04-18,Emmett Blois,28,M,Exes,"Gore, Nova Scotia",NS,CAN,Runners-up,0
CAN,4,CAN-S04-19,Steph LeClair,27,M,Dating,"Toronto, Ontario",ON,CAN,Winners,0
CAN,4,CAN-S04-20,Kristen McKenzie,25,M,Dating,"Toronto, Ontario",ON,CAN,Winners,0
CAN,5,CAN-S05-01,Aaron Baker,30,M,Mother & Son,"Grand Forks, British Columbia",BC,CAN,"Eliminated 1st (in Vancouver, British Columbia)",0
CAN,5,CAN-S05-02,Deb Baker,55,M,Mother & Son,"Grand Forks, British Columbia",BC,CAN,"Eliminated 1st (in Vancouver, British Columbia)",0
CAN,5,CAN-S05-03,Dan Kipnis,23,M,YouTube Creators,"Toronto, Ontario",ON,CAN,"Eliminated 2nd (in Fort McMurray, Alberta)",0
CAN,5,CAN-S05-04,Riya Malik,23,M,YouTube Creators,"Toronto, Ontario",ON,CAN,"Eliminated 2nd (in Fort McMurray, Alberta)",0
CAN,5,CAN-S05-05,Megan Burden,23,M,Cousins,"St. John's, Newfoundland and Labrador",NL,CAN,"Eliminated 3rd (in Kokanee Creek Provincial Park, British Columbia)",0
CAN,5,CAN-S05-06,Courtney Roberts,21,M,Cousins,"St. John's, Newfoundland and Labrador",NL,CAN,"Eliminated 3rd (in Kokanee Creek Provincial Park, British Columbia)",0
CAN,5,CAN-S05-07,Zed Dhalla,27,M,Father & Son,"Vancouver, British Columbia",BC,CAN,"Eliminated 4th (in Bangkok, Thailand)",0
CAN,5,CAN-S05-08,Shabbir Dhalla,57,M,Father & Son,"Vancouver, British Columbia",BC,CAN,"Eliminated 4th (in Bangkok, Thailand)",0
CAN,5,CAN-S05-09,Andrea Croxen,29,M,Business Partners,"Montreal, Quebec",QC,CAN,"Eliminated 5th (in Corner Brook, Newfoundland and Labrador)",0
CAN,5,CAN-S05-10,Ebonie Finley-Roberge,29,M,Business Partners,"Montreal, Quebec",QC,CAN,"Eliminated 5th (in Corner Brook, Newfoundland and Labrador)",0
CAN,5,CAN-S05-11,Adam Cavaleri,29,M,Brother & Sister,"Montreal, Quebec",QC,CAN,"Eliminated 6th (in Bushell Park, Saskatchewan)",0
CAN,5,CAN-S05-12,Andrea Cavaleri,28,M,Brother & Sister,"Montreal, Quebec",QC,CAN,"Eliminated 6th (in Bushell Park, Saskatchewan)",0
CAN,5,CAN-S05-13,Karen Richards,31,M,Married Couple,"Edmonton, Alberta",AB,CAN,"Eliminated 7th (in Sault Ste. Marie, Ontario)",6
CAN,5,CAN-S05-14,Bert Richards,36,M,Married Couple,"Edmonton, Alberta",AB,CAN,"Eliminated 7th (in Sault Ste. Marie, Ontario)",0
CAN,5,CAN-S05-15,Korey Sam,31,M,Personal Trainers/Best Friends,"Toronto, Ontario",ON,CAN,Third place,0
CAN,5,CAN-S05-16,Ivana Krunić,31,M,Personal Trainers/Best Friends,"Toronto, Ontario",ON,CAN,Third place,0
CAN,5,CAN-S05-17,Kenneth McAlpine,25,M,Best Friends,"Rossland, British Columbia",BC,CAN,Runners-up,0
CAN,5,CAN-S05-18,Ryan Lachapelle,25,M,Best Friends,"Rossland, British Columbia",BC,CAN,Runners-up,0
CAN,5,CAN-S05-19,Sam Lambert,25,M,Dating Couple,"Toronto, Ontario",ON,CAN,Winners,0
CAN,5,CAN-S05-20,Paul Mitskopoulos,24,M,Dating Couple,"Toronto, Ontario",ON,CAN,Winners,0
CAN,6,CAN-S06-01,"Corey ""Chewy"" Liddle",47,M,Friends,"Stoney Creek, Ontario",ON,CAN,"Eliminated 1st (in Britannia Beach, British Columbia)",0
CAN,6,CAN-S06-02,"Mark ""Happy"" LaVerdiere",48,M,Friends,"Orillia, Ontario",ON,CAN,"Eliminated 1st (in Britannia Beach, British Columbia)",0
CAN,6,CAN-S06-03,Joseph Truong,23,M,Friends,"Toronto, Ontario",ON,CAN,"Eliminated 2nd (in Shawnigan Lake, British Columbia)",0
CAN,6,CAN-S06-04,Akash Sidhu,22,M,Friends,"Toronto, Ontario",ON,CAN,"Eliminated 2nd (in Shawnigan Lake, British Columbia)",0
CAN,6,CAN-S06-05,Todd Kirk,24,M,Dating,"Edmonton, Alberta",AB,CAN,"Eliminated 3rd (in Jakarta, Indonesia)",0
CAN,6,CAN-S06-06,Anna Holtby,24,M,Dating,"Edmonton, Alberta",AB,CAN,"Eliminated 3rd (in Jakarta, Indonesia)",0
CAN,6,CAN-S06-07,Zainab Ansari,32,M,Co-Workers,"Toronto, Ontario",ON,CAN,"Eliminated 4th (in Toronto, Ontario)",0
CAN,6,CAN-S06-08,Monica Demian,24,M,Co-Workers,"Ajax, Ontario",ON,CAN,"Eliminated 4th (in Toronto, Ontario)",0
CAN,6,CAN-S06-09,Leanne Larsen,25,M,Teammates,"Toronto, Ontario",ON,CAN,"Eliminated 5th (in Cavendish, Prince Edward Island)",0
CAN,6,CAN-S06-10,Mar Lyon,26,M,Teammates,"Toronto, Ontario",ON,CAN,"Eliminated 5th (in Cavendish, Prince Edward Island)",0
CAN,6,CAN-S06-11,Nancy Csabay,49,M,Teammates,"Taber, Alberta",AB,CAN,"Eliminated 6th (in Mexico City, Mexico)",0
CAN,6,CAN-S06-12,Mellisa Hollingsworth,37,M,Teammates,"Eckville, Alberta",AB,CAN,"Eliminated 6th (in Mexico City, Mexico)",0
CAN,6,CAN-S06-13,Martina Seo,40,M,Siblings,"North Vancouver, British Columbia",BC,CAN,"Eliminated 7th (in Fredericton, New Brunswick)",0
CAN,6,CAN-S06-14,Phil Seo,37,M,Siblings,"Burnaby, British Columbia",BC,CAN,"Eliminated 7th (in Fredericton, New Brunswick)",0
CAN,6,CAN-S06-15,Dylan Elias,28,M,Friends,"Fort McMurray, Alberta",AB,CAN,Third place,0
CAN,6,CAN-S06-16,Kwame Osei,34,M,Friends,"Fort McMurray, Alberta",AB,CAN,Third place,0
CAN,6,CAN-S06-17,Taylor Callens,25,M,Siblings,"Williams Lake, British Columbia",BC,CAN,Runners-up,0
CAN,6,CAN-S06-18,Courtney Callens,27,M,Siblings,"Langley, British Columbia",BC,CAN,Runners-up,0
CAN,6,CAN-S06-19,Courtney Berglind,28,M,Engaged,"Calgary, Alberta",AB,CAN,Winners,0
CAN,6,CAN-S06-20,Adam Kovacs,29,M,Engaged,"Calgary, Alberta",AB,CAN,Winners,6
CAN,7,CAN-S07-01,Jet Black,38,M,Best Friends The Amazing Race Canada 1,"London, Ontario",ON,CAN,"Eliminated 1st (in Kamloops, British Columbia)",0
CAN,7,CAN-S07-02,Dave Schram,34,M,Best Friends The Amazing Race Canada 1,"London, Ontario",ON,CAN,"Eliminated 1st (in Kamloops, British Columbia)",0
CAN,7,CAN-S07-03,Nicki Lee,31,M,Friends,"Toronto, Ontario",ON,CAN,"Eliminated 2nd (in Revelstoke, British Columbia)",0
CAN,7,CAN-S07-04,Aisha Bentham,31,M,Friends,"Toronto, Ontario",ON,CAN,"Eliminated 2nd (in Revelstoke, British Columbia)",0
CAN,7,CAN-S07-05,Gilles Miron,65,M,Grandfather & Grandson,"Sunderland, Ontario",ON,CAN,"Eliminated 3rd (in Spruce Grove, Alberta)",0
CAN,7,CAN-S07-06,Sean Miron,20,M,Grandfather & Grandson,"Sunderland, Ontario",ON,CAN,"Eliminated 3rd (in Spruce Grove, Alberta)",0
CAN,7,CAN-S07-07,Meaghan Wright,25,M,Twins,"Halifax, Nova Scotia",NS,CAN,"Eliminated 4th (in Coombs, British Columbia)",0
CAN,7,CAN-S07-08,Marie Wright,25,M,Twins,"Halifax, Nova Scotia",NS,CAN,"Eliminated 4th (in Coombs, British Columbia)",0
CAN,7,CAN-S07-09,Trish Omeri,45,F,Friends & Stay-at-Home Moms,"Etobicoke, Ontario",ON,CAN,"Eliminated 5th (in Waterloo, Ontario)",0
CAN,7,CAN-S07-10,Amy De Domenico,50,F,Friends & Stay-at-Home Moms,"Etobicoke, Ontario",ON,CAN,"Eliminated 5th (in Waterloo, Ontario)",0
CAN,7,CAN-S07-11,Aarthy Ketheeswaran,25,M,Dating,"Vancouver, British Columbia",BC,CAN,"Eliminated 6th (in Oliver Paipoonge, Ontario)",0
CAN,7,CAN-S07-12,Thinesh Kumarakulasingam,28,M,Dating,"Vancouver, British Columbia",BC,CAN,"Eliminated 6th (in Oliver Paipoonge, Ontario)",0
CAN,7,CAN-S07-13,Dave Leduc,27,M,Married,"Gatineau, Quebec",QC,CAN,"Eliminated 7th (in Gaspereau, Nova Scotia)",0
CAN,7,CAN-S07-14,Irina Terehova,29,M,Married,"Montreal, Quebec",QC,CAN,"Eliminated 7th (in Gaspereau, Nova Scotia)",0
CAN,7,CAN-S07-15,Lauren Lavoie,27,F,Sisters,"Regina, Saskatchewan",SK,CAN,Third place,0
CAN,7,CAN-S07-16,Joanne Lavoie,21,F,Sisters,"Regina, Saskatchewan",SK,CAN,Third place,0
CAN,7,CAN-S07-17,Sarah Wells,29,M,Track Teammates,"Toronto, Ontario",ON,CAN,Runners-up,0
CAN,7,CAN-S07-18,Sam Effah,30,M,Track Teammates,"Toronto, Ontario",ON,CAN,Runners-up,0
CAN,7,CAN-S07-19,Anthony Johnson,33,M,Married,"Edmonton, Alberta",AB,CAN,Winners,0
CAN,7,CAN-S07-20,James Makokis,37,M,Married,"Edmonton, Alberta",AB,CAN,Winners,0
CAN,8,CAN-S08-01,Jully Black,44,M,Friends,"Toronto, Ontario",ON,CAN,"Eliminated 1st (in Montreal, Quebec)",0
CAN,8,CAN-S08-02,Kathy Hunter,41,M,Friends,"Regina, Saskatchewan",SK,CAN,"Eliminated 1st (in Montreal, Quebec)",1
CAN,8,CAN-S08-03,Cassie Day,31,M,Engaged,"Toronto, Ontario",ON,CAN,"Eliminated 2nd (in Fernie, British Columbia)",0
CAN,8,CAN-S08-04,Jahmeek Murray,32,M,Engaged,"Toronto, Ontario",ON,CAN,"Eliminated 2nd (in Fernie, British Columbia)",0
CAN,8,CAN-S08-05,Jully Black,44,M,Friends,"Toronto, Ontario",ON,CAN,"Eliminated 3rd (in Vernon, British Columbia)",0
CAN,8,CAN-S08-06,Kathy Hunter,41,M,Friends,"Regina, Saskatchewan",SK,CAN,"Eliminated 3rd (in Vernon, British Columbia)",1
CAN,8,CAN-S08-07,Dennis Ashe,42,M,Uncle & Nephew,"Halifax, Nova Scotia",NS,CAN,"Eliminated 4th (in London, Ontario)",0
CAN,8,CAN-S08-08,Durrell Borden,33,M,Uncle & Nephew,"Halifax, Nova Scotia",NS,CAN,"Eliminated 4th (in London, Ontario)",0
CAN,8,CAN-S08-09,Cedric Newman,50,M,Father & Son,"Montreal, Quebec",QC,CAN,"Eliminated 5th & 6th (in Sandbanks Provincial Park, Ontario)",0
CAN,8,CAN-S08-10,Tychon Carter-Newman,30,M,Father & Son,"Montreal, Quebec",QC,CAN,"Eliminated 5th & 6th (in Sandbanks Provincial Park, Ontario)",0
CAN,8,CAN-S08-11,Cassie Day,31,M,Engaged,"Toronto, Ontario",ON,CAN,"Eliminated 5th & 6th (in Sandbanks Provincial Park, Ontario)",0
CAN,8,CAN-S08-12,Jahmeek Murray,32,M,Engaged,"Toronto, Ontario",ON,CAN,"Eliminated 5th & 6th (in Sandbanks Provincial Park, Ontario)",0
CAN,8,CAN-S08-13,Court Larabee,39,M,Dating Couple,"Whistler, British Columbia",BC,CAN,"Eliminated 7th (in Pokeshaw, New Brunswick)",0
CAN,8,CAN-S08-14,Ali Clark,33,M,Dating Couple,"Fernie, British Columbia",BC,CAN,"Eliminated 7th (in Pokeshaw, New Brunswick)",0
CAN,8,CAN-S08-15,Beverley Cheng,30,M,Friends,"Toronto, Ontario",ON,CAN,"Eliminated 8th (in Georgian Bluffs, Ontario)",0
CAN,8,CAN-S08-16,Veronica Skye,32,M,Friends,"Vancouver, British Columbia",BC,CAN,"Eliminated 8th (in Georgian Bluffs, Ontario)",0
CAN,8,CAN-S08-17,Brendan McDougall,29,M,Brothers,"McDougall, Ontario",ON,CAN,Fourth place,0
CAN,8,CAN-S08-18,Connor McDougall,26,M,Brothers,"McDougall, Ontario",ON,CAN,Fourth place,0
CAN,8,CAN-S08-19,Franca Brodett,32,F,Sisters,"Edmonton, Alberta",AB,CAN,Third place,0
CAN,8,CAN-S08-20,Nella Brodett,30,F,Sisters,"Edmonton, Alberta",AB,CAN,Third place,0
CAN,8,CAN-S08-21,Jesse Cockney,32,M,Siblings,"Canmore, Alberta",AB,CAN,Runners-up,0
CAN,8,CAN-S08-22,Marika Sila,29,M,Siblings,"Canmore, Alberta",AB,CAN,Runners-up,0
CAN,8,CAN-S08-23,Catherine Wreford,42,M,Friends,"Winnipeg, Manitoba",MB,CAN,Winners,0
CAN,8,CAN-S08-24,Craig Ramsay,45,M,Friends,"Windsor, Ontario",ON,CAN,Winners,0
CAN,9,CAN-S09-01,Gail Kim,46,M,Friends & Co-Workers,"Toronto, Ontario",ON,CAN,"Eliminated 1st (in Calgary, Alberta)",0
CAN,9,CAN-S09-02,Gisele Shaw,34,M,Friends & Co-Workers,"Yellowknife, Northwest Territories",NT,CAN,"Eliminated 1st (in Calgary, Alberta)",0
CAN,9,CAN-S09-03,Allie Seller,48,M,Married,"Courtenay, British Columbia",BC,CAN,"Eliminated 2nd (in Smithers, British Columbia)",0
CAN,9,CAN-S09-04,Eddie Parinas,52,M,Married,"Richmond, British Columbia",BC,CAN,"Eliminated 2nd (in Smithers, British Columbia)",0
CAN,9,CAN-S09-05,Shayla Stonechild,29,M,Siblings,"Medicine Hat, Alberta",AB,CAN,"Eliminated 3rd (in Sooke, British Columbia)",0
CAN,9,CAN-S09-06,Joel Oulette,21,M,Siblings,"Medicine Hat, Alberta",AB,CAN,"Eliminated 3rd (in Sooke, British Columbia)",0
CAN,9,CAN-S09-07,Gracie Lowes,25,M,Friends,"Toronto, Ontario",ON,CAN,"Eliminated 4th (in Pacific Rim National Park Reserve, British Columbia)",0
CAN,9,CAN-S09-08,Lily Bateman,24,M,Friends,"Canning, Nova Scotia",NS,CAN,"Eliminated 4th (in Pacific Rim National Park Reserve, British Columbia)",0
CAN,9,CAN-S09-09,Derek Gottenbos,28,M,Friends,"Richmond, British Columbia",BC,CAN,"Eliminated 5th (in Point Pelee National Park, Ontario)",0
CAN,9,CAN-S09-10,Jaspal Sidhu,28,M,Friends,"Richmond, British Columbia",BC,CAN,"Eliminated 5th (in Point Pelee National Park, Ontario)",0
CAN,9,CAN-S09-11,Jermaine Aranha,41,M,Friends,"Toronto, Ontario",ON,CAN,"Eliminated 6th (in Saguenay, Quebec)",0
CAN,9,CAN-S09-12,Justin Baird,36,M,Friends,"Toronto, Ontario",ON,CAN,"Eliminated 6th (in Saguenay, Quebec)",0
CAN,9,CAN-S09-13,Deven Condo-Mitchell,33,M,Couple,"Gesgapegiag, Quebec",QC,CAN,"Eliminated 7th (in Toronto, Ontario)",0
CAN,9,CAN-S09-14,Amanda Larocque,41,M,Couple,"Gesgapegiag, Quebec",QC,CAN,"Eliminated 7th (in Toronto, Ontario)",0
CAN,9,CAN-S09-15,Ben Chutta,31,M,Friends,"Winnipeg, Manitoba",MB,CAN,Third place,0
CAN,9,CAN-S09-16,Anwar Ahmed,32,M,Friends,"Winnipeg, Manitoba",MB,CAN,Third place,0
CAN,9,CAN-S09-17,Tyler Turner,35,M,Dating,"Calgary, Alberta",AB,CAN,Runners-up,5
CAN,9,CAN-S09-18,Kayleen Vanderee,31,M,Dating,"Comox Valley, British Columbia",BC,CAN,Runners-up,0
CAN,9,CAN-S09-19,Ty Smith,25,M,Dating,"Hinton, Alberta",AB,CAN,Winners,0
CAN,9,CAN-S09-20,Kat Kastner,25,M,Dating,"Calgary, Alberta",AB,CAN,Winners,0
CAN,10,CAN-S10-01,Eva Amo-Mensah,30,M,Friends,"Toronto, Ontario",ON,CAN,"Eliminated 1st (in Niagara Falls, Ontario)",0
CAN,10,CAN-S10-02,Trystenne Burey,27,M,Friends,"Toronto, Ontario",ON,CAN,"Eliminated 1st (in Niagara Falls, Ontario)",0
CAN,10,CAN-S10-03,Dorothy Adeneye,29,M,Married Entrepreneurs,"Calgary, Alberta",AB,CAN,"Eliminated 2nd (in Roberts Creek, British Columbia)",0
CAN,10,CAN-S10-04,Olus Adeneye,32,M,Married Entrepreneurs,"Calgary, Alberta",AB,CAN,"Eliminated 2nd (in Roberts Creek, British Columbia)",0
CAN,10,CAN-S10-05,Connor Carroll,26,M,Best Friends,"Pickering, Ontario",ON,CAN,"Eliminated 3rd (in Oliver, British Columbia)",0
CAN,10,CAN-S10-06,John Ferguson,26,M,Best Friends,"Erin, Ontario",ON,CAN,"Eliminated 3rd (in Oliver, British Columbia)",0
CAN,10,CAN-S10-07,Brad May,52,M,Father & Daughter,"Toronto, Ontario",ON,CAN,"Eliminated 4th (in Rural Municipality of Riding Mountain West, Manitoba)",0
CAN,10,CAN-S10-08,Sam May,24,M,Father & Daughter,"Toronto, Ontario",ON,CAN,"Eliminated 4th (in Rural Municipality of Riding Mountain West, Manitoba)",0
CAN,10,CAN-S10-09,Julia Viola,33,M,Married,"Clearview, Ontario",ON,CAN,"Eliminated 5th (in Guelph, Ontario)",0
CAN,10,CAN-S10-10,Olivia Curto,33,M,Married,"Clearview, Ontario",ON,CAN,"Eliminated 5th (in Guelph, Ontario)",0
CAN,10,CAN-S10-11,Michael Linklater,42,M,Father & Son,"Saskatoon, Saskatchewan",SK,CAN,"Eliminated 6th (in South Stormont, Ontario)",0
CAN,10,CAN-S10-12,Amari Linklater,19,M,Father & Son,"Saskatoon, Saskatchewan",SK,CAN,"Eliminated 6th (in South Stormont, Ontario)",0
CAN,10,CAN-S10-13,Kevin Martin,31,M,Dating,"Calgary, Alberta",AB,CAN,"Eliminated 7th (in Miramichi, New Brunswick)",0
CAN,10,CAN-S10-14,Gurleen Maan,35,M,Dating,"Abbotsford, British Columbia",BC,CAN,"Eliminated 7th (in Miramichi, New Brunswick)",0
CAN,10,CAN-S10-15,Lauren Peters,26,F,Twin Sisters,"Mississauga, Ontario",ON,CAN,Fourth place,1
CAN,10,CAN-S10-16,Nicole Peters,26,F,Twin Sisters,"Mississauga, Ontario",ON,CAN,Fourth place,0
CAN,10,CAN-S10-17,Michael Crouse,33,M,Best Friends,"Vancouver, British Columbia",BC,CAN,Third place,0
CAN,10,CAN-S10-18,Tyson Gillies,35,M,Best Friends,"Vancouver, British Columbia",BC,CAN,Third place,0
CAN,10,CAN-S10-19,Colin Rose,33,M,Best Friends,"Mount Pearl, Newfoundland and Labrador",NL,CAN,Runners-up,0
CAN,10,CAN-S10-20,Matt Roberts,31,M,Best Friends,"Mount Pearl, Newfoundland and Labrador",NL,CAN,Runners-up,0
CAN,10,CAN-S10-21,Taylor McPherson,24,M,Best Friends,"Edmonton, Alberta",AB,CAN,Winners,0
CAN,10,CAN-S10-22,Katie Mulkay,24,M,Best Friends,"Edmonton, Alberta",AB,CAN,Winners,0
US,1,US-S01-01,Matt Robar,28,M,Married,"Simsbury, Connecticut",CT,USA,"Eliminated 1st (in Songwe Village, Zambia )",1
US,1,US-S01-02,Ana Robar,28,F,Married,"Simsbury, Connecticut",CT,USA,"Eliminated 1st (in Songwe Village, Zambia )",0
US,1,US-S01-03,Kim Smith,28,F,Teachers & Roommates,"Baytown, Texas",TX,USA,"Eliminated 2nd (in Paris, France)",2
US,1,US-S01-04,Leslie Kellner,27,F,Teachers & Roommates,"Baytown, Texas",TX,USA,"Eliminated 2nd (in Paris, France)",0
US,1,US-S01-05,Pat Pierce,43,F,Working Moms,"Landenberg, Pennsylvania",PA,USA,"Eliminated 3rd (in Les Baux-de-Provence, France )",2
US,1,US-S01-06,Brenda Mehta,42,F,Working Moms,"Elkton, Maryland",MD,USA,"Eliminated 3rd (in Les Baux-de-Provence, France )",0
US,1,US-S01-07,Dave Groark,65,M,Grandparents,"Rockwall, Texas",TX,USA,"Eliminated 4th (in El Djem, Tunisia )",3
US,1,US-S01-08,Margaretta Groark,60,F,Grandparents,"Rockwall, Texas",TX,USA,"Eliminated 4th (in El Djem, Tunisia )",1
US,1,US-S01-09,Paul Alessi,32,M,Engaged,"Los Angeles, California",CA,USA,"Eliminated 5th (in Jebil National Park, Tunisia )",3
US,1,US-S01-10,Amie Barsky,27,F,Engaged,"Los Angeles, California",CA,USA,"Eliminated 5th (in Jebil National Park, Tunisia )",1
US,1,US-S01-11,Lenny Hudson,33,M,Dating,"New York City, New York",NY,USA,"Eliminated 6th (in Agra , India)",2
US,1,US-S01-12,Karyn Jefferson,30,F,Dating,"New York City, New York",NY,USA,"Eliminated 6th (in Agra , India)",5
US,1,US-S01-13,Nancy Hoyt,46,F,Mother & Daughter,"Waco, Texas",TX,USA,"Eliminated 7th (in Krabi , Thailand)",2
US,1,US-S01-14,Emily Hoyt,21,F,Mother & Daughter,"Waco, Texas",TX,USA,"Eliminated 7th (in Krabi , Thailand)",7
US,1,US-S01-15,Kevin O'Connor,34,M,Fraternity Brothers,"Bayonne, New Jersey",NJ,USA,"Eliminated 8th (in Beijing, China)",5
US,1,US-S01-16,Drew Feinberg,35,M,Fraternity Brothers,"Staten Island, New York",NY,USA,"Eliminated 8th (in Beijing, China)",5
US,1,US-S01-17,Joe Baldassare,50,M,Life Partners,"Laguna Niguel, California",CA,USA,Third place,7
US,1,US-S01-18,Bill Bartek,47,M,Life Partners,"Laguna Niguel, California",CA,USA,Third place,4
US,1,US-S01-19,Frank Mesa,30,M,Separated Parents,"Queens, New York",NY,USA,Runners-up,9
US,1,US-S01-20,Margarita Mesa,28,F,Separated Parents,"Queens, New York",NY,USA,Runners-up,3
US,1,US-S01-21,Rob Frisbee,27,M,Lawyers & Best Friends,"Minneapolis, Minnesota",MN,USA,Winners,5
US,1,US-S01-22,Brennan Swain,29,M,Lawyers & Best Friends,"Rochester, New York",NY,USA,Winners,7
US,2,US-S02-01,Deidre Washington,51,F,Mother & Daughter,"Miami, Florida",FL,USA,"Eliminated 1st (in Rio de Janeiro, Brazil )",0
US,2,US-S02-02,Hillary Washington,23,F,Mother & Daughter,"Brooklyn, New York",NY,USA,"Eliminated 1st (in Rio de Janeiro, Brazil )",0
US,2,US-S02-03,Hope Davis,38,F,Married Parents,"Clinton, Tennessee",TN,USA,"Eliminated 2nd (in Iguaçu National Park, Brazil )",0
US,2,US-S02-04,Norm Davis,39,M,Married Parents,"Clinton, Tennessee",TN,USA,"Eliminated 2nd (in Iguaçu National Park, Brazil )",1
US,2,US-S02-05,Peggy Kuhn,63,F,Grandmothers,"Truckee, California",CA,USA,"Eliminated 3rd (in Stellenbosch, South Africa )",0
US,2,US-S02-06,Claire Jinks,65,F,Grandmothers,"Los Gatos, California",CA,USA,"Eliminated 3rd (in Stellenbosch, South Africa )",1
US,2,US-S02-07,Shola Richards,27,M,Twins,"Albany, New York",NY,USA,"Eliminated 4th (in Khomas Region, Namibia )",0
US,2,US-S02-08,Doyin Richards,27,M,Twins,"Albany, New York",NY,USA,"Eliminated 4th (in Khomas Region, Namibia )",1
US,2,US-S02-09,Cyndi Kalenberg,45,F,Pastors & Married Parents,"Brainerd, Minnesota",MN,USA,"Eliminated 5th (in Amphawa, Thailand )",1
US,2,US-S02-10,Russell Kalenberg,46,M,Pastors & Married Parents,"Brainerd, Minnesota",MN,USA,"Eliminated 5th (in Amphawa, Thailand )",3
US,2,US-S02-11,Mary Lenig,38,F,Sisters,"Sunbury, Pennsylvania",PA,USA,Eliminated 6th (in Hong Kong ),3
US,2,US-S02-12,Peach Krebs,33,F,Sisters,"Paxinos, Pennsylvania",PA,USA,Eliminated 6th (in Hong Kong ),2
US,2,US-S02-13,Gary Rosen,33,M,Former Roommates,"New York City, New York",NY,USA,"Eliminated 7th (in Breakaways National Park, Australia )",2
US,2,US-S02-14,Dave Lepeska,28,M,Former Roommates,"Brooklyn, New York",NY,USA,"Eliminated 7th (in Breakaways National Park, Australia )",5
US,2,US-S02-15,Oswald Mendez,31,M,Best Friends,"Miami, Florida",FL,USA,"Eliminated 8th (in Auckland, New Zealand )",6
US,2,US-S02-16,Danny Jimenez,36,M,Best Friends,"Miami, Florida",FL,USA,"Eliminated 8th (in Auckland, New Zealand )",3
US,2,US-S02-17,Blake Mycoskie,25,M,Brother & Sister,"Nashville, Tennessee",TN,USA,Third place,8
US,2,US-S02-18,Paige Mycoskie,21,F,Brother & Sister,"Arlington, Texas",TX,USA,Third place,3
US,2,US-S02-19,Tara Lynch,31,F,Separated Couple,"Los Angeles, California",CA,USA,Runners-up,4
US,2,US-S02-20,Wil Steger,37,M,Separated Couple,"Los Angeles, California",CA,USA,Runners-up,7
US,2,US-S02-21,Chris Luca,25,M,Lifelong Friends,"Boston, Massachusetts",MA,USA,Winners,5
US,2,US-S02-22,Alex Boylan,24,M,Lifelong Friends,"Boston, Massachusetts",MA,USA,Winners,6
US,3,US-S03-01,Gina Diggins,35,F,Soccer Moms,"Hilton Head Island, South Carolina",SC,USA,"Eliminated 1st (in Puente de Ixtla, Mexico )",0
US,3,US-S03-02,Sylvia Pitts,34,F,Soccer Moms,"Hilton Head Island, South Carolina",SC,USA,"Eliminated 1st (in Puente de Ixtla, Mexico )",0
US,3,US-S03-03,Tramel Raggs,22,M,Brother & Sister,"Gary, Indiana",IN,USA,"Eliminated 2nd (in Tulum, Mexico )",1
US,3,US-S03-04,Talicia Raggs,29,F,Brother & Sister,"Los Angeles, California",CA,USA,"Eliminated 2nd (in Tulum, Mexico )",0
US,3,US-S03-05,Dennis Hyde,48,M,Father & Son,"Lexington, Kentucky",KY,USA,"Eliminated 3rd (in Stonehaven, Scotland )",0
US,3,US-S03-06,Andrew Hyde,21,M,Father & Son,"Lexington, Kentucky",KY,USA,"Eliminated 3rd (in Stonehaven, Scotland )",1
US,3,US-S03-07,Heather Mahar,25,F,Law School Roommates,"Boston, Massachusetts",MA,USA,"Eliminated 4th (in Lisbon, Portugal )",3
US,3,US-S03-08,Eve Madison,25,F,Law School Roommates,"New York City, New York",NY,USA,"Eliminated 4th (in Lisbon, Portugal )",0
US,3,US-S03-09,Michael Ilacqua,28,M,Long-Distance Dating,"San Diego, California",CA,USA,"Eliminated 5th (in Fez, Morocco )",3
US,3,US-S03-10,Kathy Perez,31,F,Long-Distance Dating,"Birmingham, Michigan",MI,USA,"Eliminated 5th (in Fez, Morocco )",0
US,3,US-S03-11,Aaron Goldschmidt,27,M,Lifelong Friends,"New York City, New York",NY,USA,"Eliminated 6th (in Marrakesh, Morocco )",3
US,3,US-S03-12,Arianne Udell,27,F,Lifelong Friends,"New York City, New York",NY,USA,"Eliminated 6th (in Marrakesh, Morocco )",2
US,3,US-S03-13,Andre Plummer,32,M,Cop & Fireman,"Los Angeles, California",CA,USA,"Eliminated 7th (in Schwangau, Germany )",2
US,3,US-S03-14,Damon Wafer,33,M,Cop & Fireman,"Long Beach, California",CA,USA,"Eliminated 7th (in Schwangau, Germany )",3
US,3,US-S03-15,John Vito Pietanza,28,M,Dating,"Staten Island, New York",NY,USA,Eliminated 8th (in Singapore ),5
US,3,US-S03-16,Jill Aquilino,24,F,Dating,"Manhattan, New York",NY,USA,Eliminated 8th (in Singapore ),3
US,3,US-S03-17,Derek Riker,32,M,Twins & Models,"Los Angeles, California",CA,USA,"Eliminated 9th (in Ho Chi Minh City, Vietnam )",6
US,3,US-S03-18,Drew Riker,32,M,Twins & Models,"Los Angeles, California",CA,USA,"Eliminated 9th (in Ho Chi Minh City, Vietnam )",4
US,3,US-S03-19,Ken Duphiney,40,M,Brothers,"New York City, New York",NY,USA,Third place,6
US,3,US-S03-20,Gerard Duphiney,35,M,Brothers,"Denville, New Jersey",NJ,USA,Third place,6
US,3,US-S03-21,Teri Pollack,49,F,Married Parents,"Palm City, Florida",FL,USA,Runners-up,2
US,3,US-S03-22,Ian Pollack,50,M,Married Parents,"Palm City, Florida",FL,USA,Runners-up,9
US,3,US-S03-23,Flo Pesenti,23,F,Friends,"New York City, New York",NY,USA,Winners,1
US,3,US-S03-24,Zach Behr,23,M,Friends,"New York City, New York",NY,USA,Winners,10
US,4,US-S04-01,Debra Carmody,49,F,Married Parents,"Louisville, Kentucky",KY,USA,"Eliminated 1st (in Cortina d'Ampezzo, Italy )",0
US,4,US-S04-02,Steve Carmody,40,M,Married Parents,"Louisville, Kentucky",KY,USA,"Eliminated 1st (in Cortina d'Ampezzo, Italy )",0
US,4,US-S04-03,Amanda Adams,25,F,Dating,"Sioux Falls, South Dakota",SD,USA,"Eliminated 2nd (in Venice, Italy )",0
US,4,US-S04-04,Chris Garry,28,M,Dating,"Sioux Falls, South Dakota",SD,USA,"Eliminated 2nd (in Venice, Italy )",1
US,4,US-S04-05,Russell Brown,32,M,Friends & Dating,"Hermosa Beach, California",CA,USA,"Eliminated 3rd (in Gmunden, Austria )",2
US,4,US-S04-06,Cindy Duck,39,F,Friends & Dating,"Los Angeles, California",CA,USA,"Eliminated 3rd (in Gmunden, Austria )",0
US,4,US-S04-07,Steve Cottingham,47,M,Father & Son,"Santa Barbara, California",CA,USA,"Eliminated 4th (in Saint-Rémy-de-Provence, France )",0
US,4,US-S04-08,Josh Cottingham,21,M,Father & Son,"Los Angeles, California",CA,USA,"Eliminated 4th (in Saint-Rémy-de-Provence, France )",2
US,4,US-S04-09,Steve Meitz,46,M,Air Traffic Controllers,"Chicago, Illinois",IL,USA,"Eliminated 5th (in Muiden, Netherlands )",2
US,4,US-S04-10,Dave Cottingham,43,M,Air Traffic Controllers,"Chicago, Illinois",IL,USA,"Eliminated 5th (in Muiden, Netherlands )",1
US,4,US-S04-11,Monica Ambrose,29,F,NFL Wives & Moms,"Duluth, Georgia",GA,USA,"Eliminated 6th (in Mumbai, India )",3
US,4,US-S04-12,Sheree Buchanan,31,F,NFL Wives & Moms,"Duluth, Georgia",GA,USA,"Eliminated 6th (in Mumbai, India )",2
US,4,US-S04-13,Tian Kitchen,30,F,Friends & Models,"Miami, Florida",FL,USA,"Eliminated 7th (in Alleppey, India )",6
US,4,US-S04-14,Jaree Poteet,33,F,Friends & Models,"Miami, Florida",FL,USA,"Eliminated 7th (in Alleppey, India )",0
US,4,US-S04-15,Millie Smith,29,F,Dating 12 Years & Virgins,"Chattanooga, Tennessee",TN,USA,"Eliminated 8th (in Sepilok, Malaysia )",2
US,4,US-S04-16,Chuck Shankles,28,M,Dating 12 Years & Virgins,"Chattanooga, Tennessee",TN,USA,"Eliminated 8th (in Sepilok, Malaysia )",5
US,4,US-S04-17,Jon Weiss,40,M,Best Friends & Clowns,"Long Island, New York",NY,USA,"Eliminated 9th (in Mooloolaba, Australia )",4
US,4,US-S04-18,Al Rios,34,M,Best Friends & Clowns,"Long Island, New York",NY,USA,"Eliminated 9th (in Mooloolaba, Australia )",6
US,4,US-S04-19,David Dean,32,M,Best Friends,"Los Angeles, California",CA,USA,Third place,5
US,4,US-S04-20,Jeff Strand,37,M,Best Friends,"Los Angeles, California",CA,USA,Third place,6
US,4,US-S04-21,Kelly Parks,30,F,Engaged,"Miami, Florida",FL,USA,Runners-up,2
US,4,US-S04-22,Jon Corso,28,M,Engaged,"Miami, Florida",FL,USA,Runners-up,10
US,4,US-S04-23,Reichen Lehmkuhl,28,M,Married,"Los Angeles, California",CA,USA,Winners,4
US,4,US-S04-24,Chip Arndt,36,M,Married,"Los Angeles, California",CA,USA,Winners,7
US,5,US-S05-01,Dennis Frentsos,27,M,Once Engaged,"West Nyack, New York",NY,USA,"Eliminated 1st (in Punta Ballena, Uruguay)",0
US,5,US-S05-02,Erika Shay,25,F,Once Engaged,"Piermont, New York",NY,USA,"Eliminated 1st (in Punta Ballena, Uruguay)",0
US,5,US-S05-03,Alison Irwin,23,F,Dating,"Meadville, Pennsylvania",PA,USA,"Eliminated 2nd (in San Antonio de Areco, Argentina)",0
US,5,US-S05-04,Donny Patrick,21,M,Dating,"Shenandoah, Pennsylvania",PA,USA,"Eliminated 2nd (in San Antonio de Areco, Argentina)",1
US,5,US-S05-05,Jim McCoy,53,M,Military Father & Daughter,"Jacksonville, Florida",FL,USA,"Eliminated 3rd (in Rio Negro, Argentina)",1
US,5,US-S05-06,Marsha McCoy,26,F,Military Father & Daughter,"Gainesville, Florida",FL,USA,"Eliminated 3rd (in Rio Negro, Argentina)",1
US,5,US-S05-07,Bob Barron,61,M,Internet Dating Couple,"Mount Laurel, New Jersey",NJ,USA,"Eliminated 4th (in Pushkin, Russia)",1
US,5,US-S05-08,Joyce Nicolo,54,F,Internet Dating Couple,"Mount Laurel, New Jersey",NJ,USA,"Eliminated 4th (in Pushkin, Russia)",2
US,5,US-S05-09,Marshall Hudes,31,M,Brothers,"Dallas, Texas",TX,USA,"Quit (in Luxor, Egypt)",1
US,5,US-S05-10,Lance Hudes,26,M,Brothers,"Dallas, Texas",TX,USA,"Quit (in Luxor, Egypt)",4
US,5,US-S05-11,Charla Faddoul,27,F,Cousins,"Phoenix, Maryland",MD,USA,"Eliminated 6th (in Lake Manyara National Park, Tanzania)",4
US,5,US-S05-12,Mirna Hindoyan,27,F,Cousins,"Towson, Maryland",MD,USA,"Eliminated 6th (in Lake Manyara National Park, Tanzania)",2
US,5,US-S05-13,Kami French,26,F,Twins,"Eugene, Oregon",OR,USA,"Eliminated 7th (in Paengaroa, New Zealand)",5
US,5,US-S05-14,Karli French,26,F,Twins,"Eugene, Oregon",OR,USA,"Eliminated 7th (in Paengaroa, New Zealand)",4
US,5,US-S05-15,Linda Ruiz,45,F,Bowling Moms,"Palmdale, California",CA,USA,"Eliminated 8th (in El Nido, Philippines)",5
US,5,US-S05-16,Karen Heins,41,F,Bowling Moms,"Palmdale, California",CA,USA,"Eliminated 8th (in El Nido, Philippines)",6
US,5,US-S05-17,Brandon Davidson,25,M,Dating & Models,"Los Angeles, California",CA,USA,Third place,11
US,5,US-S05-18,Nicole O'Brian,21,F,Dating & Models,"Los Angeles, California",CA,USA,Third place,1
US,5,US-S05-19,Colin Guinn,24,M,Dating,"Corpus Christi, Texas",TX,USA,Runners-up,10
US,5,US-S05-20,Christie Woods,26,F,Dating,"Corpus Christi, Texas",TX,USA,Runners-up,1
US,5,US-S05-21,Chip McAllister,46,M,Married Parents,"Coto de Caza, California",CA,USA,Winners,11
US,5,US-S05-22,Kim McAllister,44,F,Married Parents,"Coto de Caza, California",CA,USA,Winners,1
US,6,US-S06-01,Avi Schneier,32,M,High School Buddies,"Brooklyn, New York",NY,USA,"Eliminated 1st (in Grindavík, Iceland)",0
US,6,US-S06-02,Joe Rashbaum,32,M,High School Buddies,"Ventura, California",CA,USA,"Eliminated 1st (in Grindavík, Iceland)",0
US,6,US-S06-03,Meredith Tufaro,26,F,Best Friends,"Queens, New York",NY,USA,"Eliminated 2nd (in Voss, Norway)",0
US,6,US-S06-04,Maria Sampogna,26,F,Best Friends,"Queens, New York",NY,USA,"Eliminated 2nd (in Voss, Norway)",1
US,6,US-S06-05,Lena Jensen,23,F,Sisters,"Pleasant Grove, Utah",UT,USA,"Eliminated 3rd (in Häggvik, Sweden)",1
US,6,US-S06-06,Kristy Jensen,26,F,Sisters,"Pleasant Grove, Utah",UT,USA,"Eliminated 3rd (in Häggvik, Sweden)",1
US,6,US-S06-07,Don St. Claire,69,M,Grandparents,"Portola Valley, California",CA,USA,"Eliminated 4th (in Berlin, Germany)",2
US,6,US-S06-08,Mary Jean St. Claire,66,F,Grandparents,"Portola Valley, California",CA,USA,"Eliminated 4th (in Berlin, Germany)",2
US,6,US-S06-09,Gus McLeod,50,M,Father & Daughter,"Gaithersburg, Maryland",MD,USA,"Eliminated 5th (in Budapest, Hungary)",3
US,6,US-S06-10,Hera McLeod,24,F,Father & Daughter,"Los Angeles, California",CA,USA,"Eliminated 5th (in Budapest, Hungary)",3
US,6,US-S06-11,Jonathan Baker,42,M,Married Entrepreneurs,"Los Angeles, California",CA,USA,"Eliminated 6th (in Lalibela, Ethiopia)",4
US,6,US-S06-12,Victoria Fuller,32,F,Married Entrepreneurs,"Los Angeles, California",CA,USA,"Eliminated 6th (in Lalibela, Ethiopia)",4
US,6,US-S06-13,Lori Harvey,33,F,Married Pro Wrestlers,"Molino, Florida",FL,USA,"Eliminated 7th (in Sigiriya, Sri Lanka)",5
US,6,US-S06-14,Bolo Dar'tainian,38,M,Married Pro Wrestlers,"Molino, Florida",FL,USA,"Eliminated 7th (in Sigiriya, Sri Lanka)",3
US,6,US-S06-15,Hayden Kristianson,25,F,Dating Actors,"Chicago, Illinois",IL,USA,"Eliminated 8th (in Xi'an, China)",5
US,6,US-S06-16,Aaron Crumbaugh,25,M,Dating Actors,"Chicago, Illinois",IL,USA,"Eliminated 8th (in Xi'an, China)",6
US,6,US-S06-17,Adam Malis,27,M,Formerly Dating,"Los Angeles, California",CA,USA,Third place,6
US,6,US-S06-18,Rebecca Cardon,29,F,Formerly Dating,"Los Angeles, California",CA,USA,Third place,5
US,6,US-S06-19,Kris Perkins,30,F,Dating Long Distance,"Long Beach, California",CA,USA,Runners-up,6
US,6,US-S06-20,Jon Buehler,29,M,Dating Long Distance,"Scottsdale, Arizona",AZ,USA,Runners-up,6
US,6,US-S06-21,Freddy Holliday,34,M,Engaged Models,"Miami, Florida",FL,USA,Winners,6
US,6,US-S06-22,Kendra Bentley,25,F,Engaged Models,"Miami, Florida",FL,USA,Winners,6
US,7,US-S07-01,Ryan Phillips,31,M,Best Friends,"Landrum, South Carolina",SC,USA,"Eliminated 1st (in Cusco, Peru)",0
US,7,US-S07-02,Chuck Horton,32,M,Best Friends,"Inman, South Carolina",SC,USA,"Eliminated 1st (in Cusco, Peru)",0
US,7,US-S07-03,Megan Baker,26,F,Roommates,"Oak Park, California",CA,USA,"Eliminated 2nd (in Santiago, Chile)",1
US,7,US-S07-04,Heidi Heidel,31,F,Roommates,"Oak Park, California",CA,USA,"Eliminated 2nd (in Santiago, Chile)",0
US,7,US-S07-05,Debbie Cloyed,25,F,Lifelong Friends,"Woodbridge, Virginia",VA,USA,"Eliminated 3rd (in Las Heras, Argentina)",2
US,7,US-S07-06,Bianca Smith,26,F,Lifelong Friends,"Woodbridge, Virginia",VA,USA,"Eliminated 3rd (in Las Heras, Argentina)",0
US,7,US-S07-07,Susan Vaughn,54,F,Mother & Son,"Hamilton, Ohio",OH,USA,"Eliminated 4th (in Vicente Casares, Argentina)",1
US,7,US-S07-08,Patrick Vaughn,26,M,Mother & Son,"Hamilton, Ohio",OH,USA,"Eliminated 4th (in Vicente Casares, Argentina)",2
US,7,US-S07-09,Ray Hosteau,44,M,Dating On and Off,"Canfield, Ohio",OH,USA,"Eliminated 5th (in Makgadikgadi Pans National Park, Botswana)",2
US,7,US-S07-10,Deana Shane,27,F,Dating On and Off,"Youngstown, Ohio",OH,USA,"Eliminated 5th (in Makgadikgadi Pans National Park, Botswana)",2
US,7,US-S07-11,Brian Smith,27,M,Brothers,"Santa Monica, California",CA,USA,"Eliminated 6th (in Khwai, Botswana)",3
US,7,US-S07-12,Greg Smith,24,M,Brothers,"Santa Monica, California",CA,USA,"Eliminated 6th (in Khwai, Botswana)",3
US,7,US-S07-13,Lynn Warren,30,M,Boyfriends,"West Hollywood, California",CA,USA,"Eliminated 7th (in Jodhpur, India)",4
US,7,US-S07-14,Alex Ali,22,M,Boyfriends,"West Hollywood, California",CA,USA,"Eliminated 7th (in Jodhpur, India)",4
US,7,US-S07-15,Meredith Smith,69,M,Married & Retired,"Easton, Maryland",MD,USA,"Eliminated 8th (in London, England)",6
US,7,US-S07-16,Gretchen Smith,66,F,Married & Retired,"Easton, Maryland",MD,USA,"Eliminated 8th (in London, England)",4
US,7,US-S07-17,"Ron Young, Jr.",28,M,Former POW & Pageant Queen,"Villa Rica, Georgia",GA,USA,Third place,6
US,7,US-S07-18,Kelly McCorkle,26,F,Former POW & Pageant Queen,"Greenville, South Carolina",SC,USA,Third place,6
US,7,US-S07-19,Rob Mariano,29,M,Engaged,"Canton, Massachusetts",MA,USA,Runners-up,6
US,7,US-S07-20,Amber Brkich,26,F,Engaged,"Beaver, Pennsylvania",PA,USA,Runners-up,6
US,7,US-S07-21,Uchenna Agu,40,M,Married,"Houston, Texas",TX,USA,Winners,6
US,7,US-S07-22,Joyce Agu,44,F,Married,"Houston, Texas",TX,USA,Winners,5
US,8,US-S08-01,Reggie Black,42,M,"Dad, Mom & Kids","Woodbridge, Virginia",VA,USA,"Eliminated 1st (in Lancaster, Pennsylvania )",0
US,8,US-S08-02,Kimberly Black,40,F,"Dad, Mom & Kids","Woodbridge, Virginia",VA,USA,"Eliminated 1st (in Lancaster, Pennsylvania )",0
US,8,US-S08-03,Kenneth Black,11,M,"Dad, Mom & Kids","Woodbridge, Virginia",VA,USA,"Eliminated 1st (in Lancaster, Pennsylvania )",0
US,8,US-S08-04,Austin Black,8,M,"Dad, Mom & Kids","Woodbridge, Virginia",VA,USA,"Eliminated 1st (in Lancaster, Pennsylvania )",0
US,8,US-S08-05,Denny Rogers,46,M,"Dad, Mom & Kids","Shreveport, Louisiana",LA,USA,"Eliminated 2nd (in Middleburg, Virginia )",0
US,8,US-S08-06,Renee Rogers,42,F,"Dad, Mom & Kids","Shreveport, Louisiana",LA,USA,"Eliminated 2nd (in Middleburg, Virginia )",0
US,8,US-S08-07,Brittney Rogers,22,F,"Dad, Mom & Kids","Shreveport, Louisiana",LA,USA,"Eliminated 2nd (in Middleburg, Virginia )",1
US,8,US-S08-08,Brock Rogers,19,M,"Dad, Mom & Kids","Shreveport, Louisiana",LA,USA,"Eliminated 2nd (in Middleburg, Virginia )",0
US,8,US-S08-09,Tony Aiello,57,M,Father and Sons-in-Law,"Mansfield, Massachusetts",MA,USA,"Eliminated 3rd (in Huntsville, Alabama )",0
US,8,US-S08-10,Kevin Kempskie,31,M,Father and Sons-in-Law,"Mansfield, Massachusetts",MA,USA,"Eliminated 3rd (in Huntsville, Alabama )",0
US,8,US-S08-11,Matt Hanson,31,M,Father and Sons-in-Law,"Mansfield, Massachusetts",MA,USA,"Eliminated 3rd (in Huntsville, Alabama )",1
US,8,US-S08-12,David Alverson,26,M,Father and Sons-in-Law,"Mansfield, Massachusetts",MA,USA,"Eliminated 3rd (in Huntsville, Alabama )",2
US,8,US-S08-13,Mark Schroeder,40,M,"Dad, Stepmom & Kids","New Orleans, Louisiana",LA,USA,"Eliminated 4th (in New Orleans, Louisiana )",2
US,8,US-S08-14,Char Schroeder,39,F,"Dad, Stepmom & Kids","New Orleans, Louisiana",LA,USA,"Eliminated 4th (in New Orleans, Louisiana )",0
US,8,US-S08-15,Stassi Schroeder,17,F,"Dad, Stepmom & Kids","New Orleans, Louisiana",LA,USA,"Eliminated 4th (in New Orleans, Louisiana )",1
US,8,US-S08-16,Hunter Schroeder,15,M,"Dad, Stepmom & Kids","New Orleans, Louisiana",LA,USA,"Eliminated 4th (in New Orleans, Louisiana )",1
US,8,US-S08-17,Bill Gaghan,40,M,"Dad, Mom & Kids","Glastonbury, Connecticut",CT,USA,"Eliminated 5th (in Quepos, Costa Rica )",2
US,8,US-S08-18,Tammy Gaghan,42,F,"Dad, Mom & Kids","Glastonbury, Connecticut",CT,USA,"Eliminated 5th (in Quepos, Costa Rica )",2
US,8,US-S08-19,"Billy Gaghan, Jr.",12,M,"Dad, Mom & Kids","Glastonbury, Connecticut",CT,USA,"Eliminated 5th (in Quepos, Costa Rica )",1
US,8,US-S08-20,Carissa Gaghan,9,F,"Dad, Mom & Kids","Glastonbury, Connecticut",CT,USA,"Eliminated 5th (in Quepos, Costa Rica )",1
US,8,US-S08-21,Tony Paolo,52,M,"Dad, Mom & Kids","Carmel, New York",NY,USA,"Eliminated 6th (in Page, Arizona )",1
US,8,US-S08-22,Marion Paolo,52,F,"Dad, Mom & Kids","Carmel, New York",NY,USA,"Eliminated 6th (in Page, Arizona )",1
US,8,US-S08-23,D.J. Paolo,24,M,"Dad, Mom & Kids","Carmel, New York",NY,USA,"Eliminated 6th (in Page, Arizona )",3
US,8,US-S08-24,Brian Paolo,16,M,"Dad, Mom & Kids","Carmel, New York",NY,USA,"Eliminated 6th (in Page, Arizona )",2
US,8,US-S08-25,Michelle Godlewski,42,F,Sisters,"Des Plaines, Illinois",IL,USA,"Eliminated 7th (in Absarokee, Montana )",4
US,8,US-S08-26,Sharon Godlewski,39,F,Sisters,"Des Plaines, Illinois",IL,USA,"Eliminated 7th (in Absarokee, Montana )",5
US,8,US-S08-27,Christine Godlewski,37,F,Sisters,"Des Plaines, Illinois",IL,USA,"Eliminated 7th (in Absarokee, Montana )",2
US,8,US-S08-28,Tricia Godlewski,26,F,Sisters,"Des Plaines, Illinois",IL,USA,"Eliminated 7th (in Absarokee, Montana )",2
US,8,US-S08-29,Linda Weaver,46,F,Widow & Kids,"Ormond Beach, Florida",FL,USA,Third place,2
US,8,US-S08-30,Rebecca Weaver,19,F,Widow & Kids,"Ormond Beach, Florida",FL,USA,Third place,4
US,8,US-S08-31,Rachel Weaver,16,F,Widow & Kids,"Ormond Beach, Florida",FL,USA,Third place,2
US,8,US-S08-32,Rolly Weaver IV,14,M,Widow & Kids,"Ormond Beach, Florida",FL,USA,Third place,7
US,8,US-S08-33,Wally Bransen,51,M,Dad & Daughters,"Park Ridge, Illinois",IL,USA,Runners-up,4
US,8,US-S08-34,Beth Bransen,25,F,Dad & Daughters,"Park Ridge, Illinois",IL,USA,Runners-up,5
US,8,US-S08-35,Lauren Bransen,22,F,Dad & Daughters,"Park Ridge, Illinois",IL,USA,Runners-up,4
US,8,US-S08-36,Lindsay Bransen,20,F,Dad & Daughters,"Park Ridge, Illinois",IL,USA,Runners-up,2
US,8,US-S08-37,Nick Linz,24,M,Siblings,"Cincinnati, Ohio",OH,USA,Winners,5
US,8,US-S08-38,Alex Linz,22,M,Siblings,"Cincinnati, Ohio",OH,USA,Winners,4
US,8,US-S08-39,Megan Linz,21,F,Siblings,"Cincinnati, Ohio",OH,USA,Winners,2
US,8,US-S08-40,Tommy Linz,19,M,Siblings,"Cincinnati, Ohio",OH,USA,Winners,4
US,9,US-S09-01,John Lowe,38,M,Lifelong Friends,"Dorchester, Massachusetts",MA,USA,"Eliminated 1st (in São Paulo, Brazil)",0
US,9,US-S09-02,Scott Braginton-Smith,41,M,Lifelong Friends,"West Harwich, Massachusetts",MA,USA,"Eliminated 1st (in São Paulo, Brazil)",0
US,9,US-S09-03,Lisa Hinds,48,F,Sisters,"Santa Rosa Beach, Florida",FL,USA,"Eliminated 2nd (in Brotas, Brazil)",0
US,9,US-S09-04,Joni Glaze,44,F,Sisters,"Katy, Texas",TX,USA,"Eliminated 2nd (in Brotas, Brazil)",1
US,9,US-S09-05,Wanda Lopez-Rochford,44,F,Mother & Daughter,"Smyrna, Georgia",GA,USA,"Eliminated 3rd (in Munich, Germany)",1
US,9,US-S09-06,Desiree Cifre,24,F,Mother & Daughter,"New York City, New York",NY,USA,"Eliminated 3rd (in Munich, Germany)",2
US,9,US-S09-07,Danielle Turner,22,F,Childhood Friends,"Staten Island, New York",NY,USA,"Eliminated 4th (in Calatafimi-Segesta, Italy)",1
US,9,US-S09-08,Dani Torchio,22,F,Childhood Friends,"Staten Island, New York",NY,USA,"Eliminated 4th (in Calatafimi-Segesta, Italy)",3
US,9,US-S09-09,Dave Spiker,30,M,Dating,"Manhattan, Kansas",KS,USA,"Eliminated 5th (in Syracuse, Italy)",3
US,9,US-S09-10,Lori Willems,25,F,Dating,"Manhattan, Kansas",KS,USA,"Eliminated 5th (in Syracuse, Italy)",2
US,9,US-S09-11,Lake Garner,37,M,Married Parents,"Hattiesburg, Mississippi",MS,USA,"Eliminated 6th (in Rio, Greece)",4
US,9,US-S09-12,Michelle Garner,36,F,Married Parents,"Hattiesburg, Mississippi",MS,USA,"Eliminated 6th (in Rio, Greece)",2
US,9,US-S09-13,Fran Lazarus,61,F,Married 40 Years,"Silverthorne, Colorado",CO,USA,"Eliminated 7th (in Fremantle, Australia)",4
US,9,US-S09-14,Barry Lazarus,63,M,Married 40 Years,"Silverthorne, Colorado",CO,USA,"Eliminated 7th (in Fremantle, Australia)",4
US,9,US-S09-15,Joseph Meadows,23,M,Dating,"Fort Smith, Arkansas",AR,USA,"Eliminated 8th (in Bangkok, Thailand)",5
US,9,US-S09-16,Monica Cayce,23,F,Dating,"Fort Smith, Arkansas",AR,USA,"Eliminated 8th (in Bangkok, Thailand)",5
US,9,US-S09-17,Ray Whitty,27,M,Dating,"Chicago, Illinois",IL,USA,Third place,6
US,9,US-S09-18,Yolanda Brown-Moore,27,F,Dating,"Chicago, Illinois",IL,USA,Third place,6
US,9,US-S09-19,Eric Sanchez,27,M,Friends,"Deerfield Beach, Florida",FL,USA,Runners-up,6
US,9,US-S09-20,Jeremy Ryan,26,M,Friends,"Pompano Beach, Florida",FL,USA,Runners-up,5
US,9,US-S09-21,BJ Averell,26,M,Best Friends,"Los Angeles, California",CA,USA,Winners,6
US,9,US-S09-22,Tyler MacNiven,25,M,Best Friends,"San Francisco, California",CA,USA,Winners,5
US,10,US-S10-01,Bilal Abdul-Mani,37,M,Best Friends,"Cleveland, Ohio",OH,USA,"Eliminated 1st (in Beijing, China )",1
US,10,US-S10-02,Sa'eed Rudolph,39,M,Best Friends,"Cleveland, Ohio",OH,USA,"Eliminated 1st (in Beijing, China )",0
US,10,US-S10-03,Vipul Patel,29,M,Married,"Windermere, Florida",FL,USA,"Eliminated 2nd (in Beijing, China )",1
US,10,US-S10-04,Arti Patel,26,F,Married,"Windermere, Florida",FL,USA,"Eliminated 2nd (in Beijing, China )",0
US,10,US-S10-05,Kellie Patterson,22,F,Cheerleaders,"Columbia, South Carolina",SC,USA,"Eliminated 3rd (in Ulaanbaatar, Mongolia )",1
US,10,US-S10-06,Jamie Hill,22,F,Cheerleaders,"Columbia, South Carolina",SC,USA,"Eliminated 3rd (in Ulaanbaatar, Mongolia )",1
US,10,US-S10-07,Duke Marcoccio,52,M,Father & Daughter,"Warwick, Rhode Island",RI,USA,"Eliminated 4th (in Phố Vác, Vietnam)",2
US,10,US-S10-08,Lauren Marcoccio,26,F,Father & Daughter,"Warwick, Rhode Island",RI,USA,"Eliminated 4th (in Phố Vác, Vietnam)",1
US,10,US-S10-09,Tom Rock,39,M,Boyfriends,"New York City, New York",NY,USA,"Eliminated 5th (in Hạ Long Bay, Vietnam )",2
US,10,US-S10-10,Terry Cosentino,45,M,Boyfriends,"New York City, New York",NY,USA,"Eliminated 5th (in Hạ Long Bay, Vietnam )",2
US,10,US-S10-11,Peter Harsch,35,M,Recently Dating,"Laguna Beach, California",CA,USA,"Eliminated 6th (in Kuwait City, Kuwait )",4
US,10,US-S10-12,Sarah Reinertsen,31,F,Recently Dating,"Trabuco Canyon, California",CA,USA,"Eliminated 6th (in Kuwait City, Kuwait )",2
US,10,US-S10-13,"David Conley, Jr.",32,M,Coal Miner and Wife,"Stone, Kentucky",KY,USA,"Eliminated 7th (in Antananarivo, Madagascar )",4
US,10,US-S10-14,Mary Conley,31,F,Coal Miner and Wife,"Stone, Kentucky",KY,USA,"Eliminated 7th (in Antananarivo, Madagascar )",3
US,10,US-S10-15,Erwin Cho,32,M,Brothers,"San Francisco, California",CA,USA,"Eliminated 8th (in Kyiv, Ukraine )",5
US,10,US-S10-16,Godwin Cho,29,M,Brothers,"San Francisco, California",CA,USA,"Eliminated 8th (in Kyiv, Ukraine )",5
US,10,US-S10-17,Dustin Konzelman,24,F,Beauty Queens,"Riverside, California",CA,USA,"Eliminated 9th (in Barcelona, Spain )",6
US,10,US-S10-18,Kandice Pelletier,24,F,Beauty Queens,"New York City, New York",NY,USA,"Eliminated 9th (in Barcelona, Spain )",6
US,10,US-S10-19,Lyn Turk,32,F,Single Moms & Friends,"Birmingham, Alabama",AL,USA,Third place,6
US,10,US-S10-20,Karlyn Harris,32,F,Single Moms & Friends,"Helena, Alabama",AL,USA,Third place,7
US,10,US-S10-21,Rob Diaz,31,M,Dating,"Los Angeles, California",CA,USA,Runners-up,6
US,10,US-S10-22,Kimberly Chabolla,28,F,Dating,"Los Angeles, California",CA,USA,Runners-up,6
US,10,US-S10-23,Tyler Denk,29,M,Models,"Los Angeles, California",CA,USA,Winners,6
US,10,US-S10-24,James Branaman,27,M,Models,"Los Angeles, California",CA,USA,Winners,6
US,11,US-S11-01,John Vito Pietanza,32,M,Formerly Dating The Amazing Race 3,"New York City, New York",NY,USA,"Eliminated 1st (in Cotopaxi National Park, Ecuador )",0
US,11,US-S11-02,Jill Aquilino,29,F,Formerly Dating The Amazing Race 3,"New York City, New York",NY,USA,"Eliminated 1st (in Cotopaxi National Park, Ecuador )",0
US,11,US-S11-03,Kevin O'Connor,40,M,Lifelong Friends The Amazing Race 1,"Bayonne, New Jersey",NJ,USA,"Eliminated 2nd (in San Pedro de Atacama, Chile )",1
US,11,US-S11-04,Drew Feinberg,41,M,Lifelong Friends The Amazing Race 1,"Staten Island, New York",NY,USA,"Eliminated 2nd (in San Pedro de Atacama, Chile )",0
US,11,US-S11-05,"David Conley, Jr.",33,M,Coal Miner & Wife The Amazing Race 10,"Stone, Kentucky",KY,USA,"Eliminated 3rd (in Vicente Pérez Rosales National Park, Chile )",1
US,11,US-S11-06,Mary Conley,32,F,Coal Miner & Wife The Amazing Race 10,"Stone, Kentucky",KY,USA,"Eliminated 3rd (in Vicente Pérez Rosales National Park, Chile )",1
US,11,US-S11-07,Rob Mariano,30,M,Newlyweds The Amazing Race 7,"Pensacola, Florida",FL,USA,"Eliminated 4th (on Isla Redonda, Argentina )",1
US,11,US-S11-08,Amber Mariano,28,F,Newlyweds The Amazing Race 7,"Pensacola, Florida",FL,USA,"Eliminated 4th (on Isla Redonda, Argentina )",2
US,11,US-S11-09,Teri Pollack,53,F,Married Parents The Amazing Race 3,"Palm City, Florida",FL,USA,"Eliminated 5th (in Zanzibar City, Tanzania )",2
US,11,US-S11-10,Ian Pollack,54,M,Married Parents The Amazing Race 3,"Palm City, Florida",FL,USA,"Eliminated 5th (in Zanzibar City, Tanzania )",3
US,11,US-S11-11,Joe Baldassare,56,M,Life Partners The Amazing Race 1,"Laguna Niguel, California",CA,USA,"Eliminated 6th (in Sułoszowa, Poland )",3
US,11,US-S11-12,Bill Bartek,53,M,Life Partners The Amazing Race 1,"Laguna Niguel, California",CA,USA,"Eliminated 6th (in Sułoszowa, Poland )",4
US,11,US-S11-13,Uchenna Agu,42,M,Married The Amazing Race 7,"Houston, Texas",TX,USA,"Eliminated 7th (in Kuala Lumpur, Malaysia )",3
US,11,US-S11-14,Joyce Agu,46,F,Married The Amazing Race 7,"Houston, Texas",TX,USA,"Eliminated 7th (in Kuala Lumpur, Malaysia )",4
US,11,US-S11-15,Oswald Mendez,36,M,Best Friends The Amazing Race 2,"New York City, New York",NY,USA,"Eliminated 8th (in Humåtak, Guam )",4
US,11,US-S11-16,Danny Jimenez,41,M,Best Friends The Amazing Race 2,"Miami, Florida",FL,USA,"Eliminated 8th (in Humåtak, Guam )",5
US,11,US-S11-17,Charla Faddoul,30,F,Cousins The Amazing Race 5,"Towson, Maryland",MD,USA,Third place,6
US,11,US-S11-18,Mirna Hindoyan,30,F,Cousins The Amazing Race 5,"Towson, Maryland",MD,USA,Third place,6
US,11,US-S11-19,Dustin Seltzer,24,F,Beauty Queens The Amazing Race 10,"Seattle, Washington",WA,USA,Runners-up,6
US,11,US-S11-20,Kandice Pelletier,25,F,Beauty Queens The Amazing Race 10,"New York City, New York",NY,USA,Runners-up,6
US,11,US-S11-21,Eric Sanchez,28,M,Dating The Amazing Race 9,"Deerfield Beach, Florida",FL,USA,Winners,6
US,11,US-S11-22,Danielle Turner,23,F,Dating The Amazing Race 9,"Staten Island, New York",NY,USA,Winners,6
US,12,US-S12-01,Ari Bonias,21,M,Best Friends,"Fountain Valley, California",CA,USA,"Eliminated 1st (in Clifden, Ireland)",0
US,12,US-S12-02,Staella Gianakakos,23,F,Best Friends,"Fountain Valley, California",CA,USA,"Eliminated 1st (in Clifden, Ireland)",1
US,12,US-S12-03,Kate Lewis,49,F,Married Ministers,"Thousand Oaks, California",CA,USA,"Eliminated 2nd (in Durgerdam, Netherlands)",2
US,12,US-S12-04,Pat Hendrickson,65,M,Married Ministers,"Thousand Oaks, California",CA,USA,"Eliminated 2nd (in Durgerdam, Netherlands)",0
US,12,US-S12-05,Marianna Ruiz,25,F,Sisters,"Miami, Florida",FL,USA,"Eliminated 3rd (in Boulkiemdé, Burkina Faso)",2
US,12,US-S12-06,Julia Ruiz,26,F,Sisters,"Miami, Florida",FL,USA,"Eliminated 3rd (in Boulkiemdé, Burkina Faso)",1
US,12,US-S12-07,Lorena Segura,27,F,Dating,"Sherman Oaks, California",CA,USA,"Eliminated 4th (in Ouagadougou, Burkina Faso)",1
US,12,US-S12-08,Jason Widener,33,M,Dating,"Sherman Oaks, California",CA,USA,"Eliminated 4th (in Ouagadougou, Burkina Faso)",3
US,12,US-S12-09,Shana Wall,32,F,Friends,"Los Angeles, California",CA,USA,"Eliminated 5th (in Rumšiškės, Lithuania)",3
US,12,US-S12-10,Jennifer McCall,32,F,Friends,"Los Angeles, California",CA,USA,"Eliminated 5th (in Rumšiškės, Lithuania)",2
US,12,US-S12-11,Azaria Azene,27,M,Brother & Sister,"New Orleans, Louisiana",LA,USA,"Eliminated 6th (in Dubrovnik, Croatia)",4
US,12,US-S12-12,Hendekea Azene,23,F,Brother & Sister,"Torrance, California",CA,USA,"Eliminated 6th (in Dubrovnik, Croatia)",2
US,12,US-S12-13,Kynt Cothron,31,M,Dating Goths,"Louisville, Kentucky",KY,USA,"Eliminated 7th (in Mumbai, India)",4
US,12,US-S12-14,Vyxsin Fiala,29,F,Dating Goths,"Louisville, Kentucky",KY,USA,"Eliminated 7th (in Mumbai, India)",4
US,12,US-S12-15,Nathan Hagstrom,24,M,Dating,"Fountain Valley, California",CA,USA,"Eliminated 8th (in Taipei, Taiwan)",5
US,12,US-S12-16,Jennifer Parker,23,F,Dating,"Huntington Beach, California",CA,USA,"Eliminated 8th (in Taipei, Taiwan)",5
US,12,US-S12-17,Nicolas Fulks,23,M,Grandson & Grandfather,"Chicago, Illinois",IL,USA,Third place,6
US,12,US-S12-18,Donald Jerousek,68,M,Grandson & Grandfather,"Elkhorn, Wisconsin",WI,USA,Third place,4
US,12,US-S12-19,Ronald Hsu,58,M,Father & Daughter,"Tacoma, Washington",WA,USA,Runners-up,5
US,12,US-S12-20,Christina Hsu,26,F,Father & Daughter,"Washington, D.C.",DC,USA,Runners-up,6
US,12,US-S12-21,TK Erwin,22,M,Newly Dating,"Huntington Beach, California",CA,USA,Winners,5
US,12,US-S12-22,Rachel Rosales,23,F,Newly Dating,"Huntington Beach, California",CA,USA,Winners,6
US,13,US-S13-01,Anita Jones,63,F,Married Beekeepers,"Eugene, Oregon",OR,USA,"Eliminated 1st (in Salvador, Brazil)",0
US,13,US-S13-02,Arthur Jones,61,M,Married Beekeepers,"Eugene, Oregon",OR,USA,"Eliminated 1st (in Salvador, Brazil)",0
US,13,US-S13-03,Anthony Marotta,32,M,Dating,"Los Angeles, California",CA,USA,"Eliminated 2nd (in Fortaleza, Brazil)",1
US,13,US-S13-04,Stephanie Kacandes,32,F,Dating,"Los Angeles, California",CA,USA,"Eliminated 2nd (in Fortaleza, Brazil)",0
US,13,US-S13-05,Mark Yturralde,41,M,Best Friends,"San Diego, California",CA,USA,"Eliminated 3rd (in La Paz, Bolivia)",1
US,13,US-S13-06,Bill Kahler,42,M,Best Friends,"San Diego, California",CA,USA,"Eliminated 3rd (in La Paz, Bolivia)",1
US,13,US-S13-07,Marisa Axelrod,22,F,Southern Belles,"Spartanburg, South Carolina",SC,USA,"Eliminated 4th (in Tauranga, New Zealand)",2
US,13,US-S13-08,Brooke Jackson,24,F,Southern Belles,"Columbia, South Carolina",SC,USA,"Eliminated 4th (in Tauranga, New Zealand)",1
US,13,US-S13-09,Aja Benton,25,F,Dating Long Distance,"Los Angeles, California",CA,USA,"Eliminated 5th (in Siem Reap, Cambodia)",2
US,13,US-S13-10,Ty White,25,M,Dating Long Distance,"West Bloomfield, Michigan",MI,USA,"Eliminated 5th (in Siem Reap, Cambodia)",2
US,13,US-S13-11,Kelly Crabb,26,F,Divorcées,"Houston, Texas",TX,USA,"Eliminated 6th (in Delhi, India)",3
US,13,US-S13-12,Christy Cook,26,F,Divorcées,"Austin, Texas",TX,USA,"Eliminated 6th (in Delhi, India)",3
US,13,US-S13-13,Terence Gerchberg,35,M,Newly Dating,"New York City, New York",NY,USA,"Eliminated 7th (in Almaty, Kazakhstan)",3
US,13,US-S13-14,Sarah Leshner,31,F,Newly Dating,"New York City, New York",NY,USA,"Eliminated 7th (in Almaty, Kazakhstan)",4
US,13,US-S13-15,Toni Imbimbo,51,F,Mother & Son,"Woodside, California",CA,USA,"Eliminated 8th (in Moscow, Russia)",4
US,13,US-S13-16,Dallas Imbimbo,22,M,Mother & Son,"Woodside, California",CA,USA,"Eliminated 8th (in Moscow, Russia)",5
US,13,US-S13-17,Andrew Lappitt,22,M,Frat Boys,"Tucson, Arizona",AZ,USA,Third place,6
US,13,US-S13-18,Dan Honig,23,M,Frat Boys,"Wilmington, Delaware",DE,USA,Third place,3
US,13,US-S13-19,Ken Greene,51,M,Separated,"Tampa, Florida",FL,USA,Runners-up,4
US,13,US-S13-20,Tina Greene,48,F,Separated,"San Diego, California",CA,USA,Runners-up,4
US,13,US-S13-21,Nick Spangler,22,M,Siblings,"New York City, New York",NY,USA,Winners,5
US,13,US-S13-22,Starr Spangler,21,F,Siblings,"Fort Worth, Texas",TX,USA,Winners,3
US,14,US-S14-01,Preston McCamy,28,M,Dating,"Columbia, South Carolina",SC,USA,"Eliminated 1st (in Stechelberg, Switzerland)",1
US,14,US-S14-02,Jennifer Hopka,26,F,Dating,"Columbia, South Carolina",SC,USA,"Eliminated 1st (in Stechelberg, Switzerland)",0
US,14,US-S14-03,Steve Cole,43,M,Married,"Martinsville, Virginia",VA,USA,"Eliminated 2nd (in Salzburg, Austria)",1
US,14,US-S14-04,Linda Cole,52,F,Married,"Martinsville, Virginia",VA,USA,"Eliminated 2nd (in Salzburg, Austria)",1
US,14,US-S14-05,Brad Hunt,52,M,Married,"Columbus, Ohio",OH,USA,"Eliminated 3rd (in Bran, Romania)",0
US,14,US-S14-06,Victoria Hunt,47,F,Married,"Columbus, Ohio",OH,USA,"Eliminated 3rd (in Bran, Romania)",3
US,14,US-S14-07,Amanda Blackledge,23,F,Dating,"San Diego, California",CA,USA,"Eliminated 4th (in Krasnoyarsk, Russia)",1
US,14,US-S14-08,Kris Klicka,24,M,Dating,"San Diego, California",CA,USA,"Eliminated 4th (in Krasnoyarsk, Russia)",3
US,14,US-S14-09,Christie Volkmer,37,F,Flight Attendants,"Choctaw, Oklahoma",OK,USA,"Eliminated 5th (in Jaipur, India)",3
US,14,US-S14-10,Jodi Wincheski,40,F,Flight Attendants,"Houston, Texas",TX,USA,"Eliminated 5th (in Jaipur, India)",3
US,14,US-S14-11,Mel White,68,M,Father & Son,"Lynchburg, Virginia",VA,USA,"Eliminated 6th (in Phuket, Thailand)",3
US,14,US-S14-12,Mike White,38,M,Father & Son,"Santa Monica, California",CA,USA,"Eliminated 6th (in Phuket, Thailand)",3
US,14,US-S14-13,Mark Munoz,48,M,Brothers & Stuntmen,"Los Angeles, California",CA,USA,"Eliminated 7th (in Guilin, China)",5
US,14,US-S14-14,Michael Munoz,51,M,Brothers & Stuntmen,"Maui, Hawaii",HI,USA,"Eliminated 7th (in Guilin, China)",3
US,14,US-S14-15,Kisha Hoffman,28,F,Sisters,"The Bronx, New York",NY,USA,"Eliminated 8th (in Beijing, China)",5
US,14,US-S14-16,Jen Hoffman,24,F,Sisters,"Louisville, Kentucky",KY,USA,"Eliminated 8th (in Beijing, China)",5
US,14,US-S14-17,Margie Adams,50,F,Mother & Son,"Denver, Colorado",CO,USA,Third place,5
US,14,US-S14-18,Luke Adams,22,M,Mother & Son,"Denver, Colorado",CO,USA,Third place,6
US,14,US-S14-19,Jaime Edmondson,29,F,Former NFL Cheerleaders,"Fort Lauderdale, Florida",FL,USA,Runners-up,6
US,14,US-S14-20,Cara Rosenthal,26,F,Former NFL Cheerleaders,"Boca Raton, Florida",FL,USA,Runners-up,5
US,14,US-S14-21,Tammy Jih,26,F,Siblings & Lawyers,"San Francisco, California",CA,USA,Winners,5
US,14,US-S14-22,Victor Jih,35,M,Siblings & Lawyers,"Los Angeles, California",CA,USA,Winners,6
US,15,US-S15-01,Eric Paskel,41,M,Married Yoga Teachers,"Encino, California",CA,USA,"Eliminated 1st (in Los Angeles, California)",5
US,15,US-S15-02,Lisa Paskel,43,F,Married Yoga Teachers,"Encino, California",CA,USA,"Eliminated 1st (in Los Angeles, California)",6
US,15,US-S15-03,Garrett Paul,28,M,Dating On & Off,"Santa Cruz, California",CA,USA,"Eliminated 2nd (in Cái Bè, Vietnam)",5
US,15,US-S15-04,Jessica Stout,27,F,Dating On & Off,"San Francisco, California",CA,USA,"Eliminated 2nd (in Cái Bè, Vietnam)",6
US,15,US-S15-05,Marcy Malloy,60,F,Dating,"San Francisco, California",CA,USA,"Eliminated 3rd (in Ho Chi Minh City, Vietnam)",5
US,15,US-S15-06,Ron Shalita,59,M,Dating,"San Francisco, California",CA,USA,"Eliminated 3rd (in Ho Chi Minh City, Vietnam)",6
US,15,US-S15-07,Zev Glassenberg,26,M,Friends,"Sherman Oaks, California",CA,USA,"Eliminated 4th (in Phnom Penh, Cambodia)",5
US,15,US-S15-08,Justin Kanew,30,M,Friends,"Los Angeles, California",CA,USA,"Eliminated 4th (in Phnom Penh, Cambodia)",6
US,15,US-S15-09,Lance Layne,41,M,Engaged,"Salem, Massachusetts",MA,USA,"Eliminated 5th (in Dubai, United Arab Emirates)",5
US,15,US-S15-10,Keri Morrione,33,F,Engaged,"Peabody, Massachusetts",MA,USA,"Eliminated 5th (in Dubai, United Arab Emirates)",6
US,15,US-S15-11,Mika Combs,22,F,Newly Dating,"Nashville, Tennessee",TN,USA,"Eliminated 6th (in Palm Jumeirah, United Arab Emirates)",5
US,15,US-S15-12,Canaan Smith,26,M,Newly Dating,"Nashville, Tennessee",TN,USA,"Eliminated 6th (in Palm Jumeirah, United Arab Emirates)",6
US,15,US-S15-13,Maria Ho,26,F,Professional Poker Players,"Arcadia, California",CA,USA,"Eliminated 7th (in Vierhuizen, Netherlands)",5
US,15,US-S15-14,Tiffany Michelle,25,F,Professional Poker Players,"Los Angeles, California",CA,USA,"Eliminated 7th (in Vierhuizen, Netherlands)",6
US,15,US-S15-15,Gary Tomljenovich,47,M,Father & Son,"Laurel, Montana",MT,USA,"Eliminated 8th (in Keava, Estonia)",5
US,15,US-S15-16,Matt Tomljenovich,22,M,Father & Son,"Bozeman, Montana",MT,USA,"Eliminated 8th (in Keava, Estonia)",6
US,15,US-S15-17,"Herbert ""Flight Time"" Lang",32,M,Harlem Globetrotters,"Brinkley, Arkansas",AR,USA,"Eliminated 9th (in Prague, Czech Republic)",5
US,15,US-S15-18,"Nathaniel ""Big Easy"" Lofton",28,M,Harlem Globetrotters,"New Orleans, Louisiana",LA,USA,"Eliminated 9th (in Prague, Czech Republic)",6
US,15,US-S15-19,Brian Kleinschmidt,27,M,Married,"Nashville, Tennessee",TN,USA,Third place,6
US,15,US-S15-20,Ericka Dunlap,27,F,Married,"Nashville, Tennessee",TN,USA,Third place,6
US,15,US-S15-21,Sam McMillen,23,M,Brothers,"Liberty, Missouri",MO,USA,Runners-up,6
US,15,US-S15-22,Dan McMillen,21,M,Brothers,"Liberty, Missouri",MO,USA,Runners-up,6
US,15,US-S15-23,Meghan Rickey,23,F,Dating,"San Diego, California",CA,USA,Winners,5
US,15,US-S15-24,Cheyne Whitney,23,M,Dating,"San Diego, California",CA,USA,Winners,6
US,16,US-S16-01,Dana Davis,39,F,High School Sweethearts,"Arlington, Texas",TX,USA,"Eliminated 1st (in Valparaíso, Chile)",0
US,16,US-S16-02,Adrian Davis,40,M,High School Sweethearts,"Arlington, Texas",TX,USA,"Eliminated 1st (in Valparaíso, Chile)",1
US,16,US-S16-03,Jody Kelly,71,F,Grandmother & Granddaughter,"Round Rock, Texas",TX,USA,"Eliminated 2nd (in Puerto Varas, Chile)",1
US,16,US-S16-04,Shannon Foster,22,F,Grandmother & Granddaughter,"Georgetown, Texas",TX,USA,"Eliminated 2nd (in Puerto Varas, Chile)",1
US,16,US-S16-05,Monique Pryor,39,F,Moms & Attorneys,"West Orange, New Jersey",NJ,USA,"Eliminated 3rd (in San Carlos de Bariloche, Argentina)",1
US,16,US-S16-06,Shawne Morgan,39,F,Moms & Attorneys,"Bowie, Maryland",MD,USA,"Eliminated 3rd (in San Carlos de Bariloche, Argentina)",2
US,16,US-S16-07,Joe Wang,42,M,Married,"El Segundo, California",CA,USA,"Eliminated 4th (in Massiges, France)",2
US,16,US-S16-08,Heidi Wang,37,F,Married,"El Segundo, California",CA,USA,"Eliminated 4th (in Massiges, France)",2
US,16,US-S16-09,Jordan Lloyd,22,F,Newly Dating,"Charlotte, North Carolina",NC,USA,"Eliminated 5th (in Épernay, France)",6
US,16,US-S16-10,Jeff Schroeder,31,M,Newly Dating,"Norridge, Illinois",IL,USA,"Eliminated 5th (in Épernay, France)",5
US,16,US-S16-11,Steve Smith,57,M,Father & Daughter,"Encinitas, California",CA,USA,"Eliminated 6th (in George Town, Malaysia)",4
US,16,US-S16-12,Allie Smith,23,F,Father & Daughter,"Encinitas, California",CA,USA,"Eliminated 6th (in George Town, Malaysia)",3
US,16,US-S16-13,Carol Rosenfeld,47,F,Dating,"Los Angeles, California",CA,USA,Eliminated 7th (in Singapore),4
US,16,US-S16-14,Brandy Snow,40,F,Dating,"Los Angeles, California",CA,USA,Eliminated 7th (in Singapore),4
US,16,US-S16-15,Louie Stravato,47,M,Detectives,"Providence, Rhode Island",RI,USA,"Eliminated 8th (in Shanghai, China)",6
US,16,US-S16-16,Michael Naylor,45,M,Detectives,"Providence, Rhode Island",RI,USA,"Eliminated 8th (in Shanghai, China)",5
US,16,US-S16-17,Brent Horne,28,M,Dating Models,"Columbia, South Carolina",SC,USA,Third place,7
US,16,US-S16-18,Caite Upton,20,F,Dating Models,"Lexington, South Carolina",SC,USA,Third place,5
US,16,US-S16-19,Jet McCoy,30,M,Brothers & Cowboys,"Ada, Oklahoma",OK,USA,Runners-up,6
US,16,US-S16-20,Cord McCoy,29,M,Brothers & Cowboys,"Tupelo, Oklahoma",OK,USA,Runners-up,6
US,16,US-S16-21,Dan Pious,24,M,Brothers,"Barrington, Rhode Island",RI,USA,Winners,6
US,16,US-S16-22,Jordan Pious,22,M,Brothers,"Barrington, Rhode Island",RI,USA,Winners,5
US,17,US-S17-01,Ron Kellum,45,M,Best Friends,"Los Angeles, California",CA,USA,"Eliminated 1st (in Ledbury, England)",1
US,17,US-S17-02,Tony Stovall,42,M,Best Friends,"Tucson, Arizona",AZ,USA,"Eliminated 1st (in Ledbury, England)",0
US,17,US-S17-03,Andie DeKroon,43,F,Birth Mom & Daughter,"Atlanta, Georgia",GA,USA,"Eliminated 2nd (in Accra, Ghana)",0
US,17,US-S17-04,Jenna Sykes,21,F,Birth Mom & Daughter,"Atlanta, Georgia",GA,USA,"Eliminated 2nd (in Accra, Ghana)",2
US,17,US-S17-05,Connor Diemand-Yauman,22,M,Ivy League A Cappella Singers,"Chesterland, Ohio",OH,USA,"Eliminated 3rd (in Riksgränsen, Sweden)",4
US,17,US-S17-06,Jonathan Schwartz,22,M,Ivy League A Cappella Singers,"Cranford, New Jersey",NJ,USA,"Eliminated 3rd (in Riksgränsen, Sweden)",0
US,17,US-S17-07,Katie Seamon,23,F,Beach Volleyball Partners,"Rahway, New Jersey",NJ,USA,"Eliminated 4th (in Ankenesstranda, Norway)",3
US,17,US-S17-08,Rachel Johnston,24,F,Beach Volleyball Partners,"Moorestown, New Jersey",NJ,USA,"Eliminated 4th (in Ankenesstranda, Norway)",2
US,17,US-S17-09,Michael Wu,58,M,Father & Son,"Sugar Land, Texas",TX,USA,"Eliminated 5th (in Saint Petersburg, Russia)",3
US,17,US-S17-10,Kevin Wu,20,M,Father & Son,"Sugar Land, Texas",TX,USA,"Eliminated 5th (in Saint Petersburg, Russia)",4
US,17,US-S17-11,Gary Ervin,53,M,Father & Daughter,"Morganfield, Kentucky",KY,USA,"Eliminated 6th (in Muscat, Oman)",4
US,17,US-S17-12,Mallory Ervin,24,F,Father & Daughter,"Lexington, Kentucky",KY,USA,"Eliminated 6th (in Muscat, Oman)",4
US,17,US-S17-13,Chad Waltrip,26,M,Newly Dating (Legs 1-8) Engaged (Legs 8-9),"Fort Lauderdale, Florida",FL,USA,"Eliminated 7th (in Dhaka, Bangladesh)",5
US,17,US-S17-14,Stephanie Smith,23,F,Newly Dating (Legs 1-8) Engaged (Legs 8-9),"Fort Lauderdale, Florida",FL,USA,"Eliminated 7th (in Dhaka, Bangladesh)",4
US,17,US-S17-15,Nick DeCarlo,26,M,Dating,"Henderson, Nevada",NV,USA,"Eliminated 8th (in Seoul, South Korea)",6
US,17,US-S17-16,Vicki Casciola,26,F,Dating,"Henderson, Nevada",NV,USA,"Eliminated 8th (in Seoul, South Korea)",5
US,17,US-S17-17,Jill Haney,27,F,Dating,"Marina Del Rey, California",CA,USA,Third place,5
US,17,US-S17-18,Thomas Wolfard,30,M,Dating,"Marina Del Rey, California",CA,USA,Third place,7
US,17,US-S17-19,Brook Roberts,27,F,Home Shopping Hosts,"San Diego, California",CA,USA,Runners-up,7
US,17,US-S17-20,Claire Champlin,30,F,Home Shopping Hosts,"Reno, Nevada",NV,USA,Runners-up,5
US,17,US-S17-21,Nat Strand,31,F,Doctors,"Newport Beach, California",CA,USA,Winners,6
US,17,US-S17-22,Kat Chang,35,F,Doctors,"Santa Monica, California",CA,USA,Winners,5
US,18,US-S18-01,Amanda Blackledge,25,F,Engaged The Amazing Race 14,"Pismo Beach, California",CA,USA,"Eliminated 1st (in Broken Hill, Australia)",6
US,18,US-S18-02,Kris Klicka,27,M,Engaged The Amazing Race 14,"Pismo Beach, California",CA,USA,"Eliminated 1st (in Broken Hill, Australia)",6
US,18,US-S18-03,Mel White,70,M,Father & Son The Amazing Race 14,"Lynchburg, Virginia",VA,USA,"Eliminated 2nd (in Yokosuka, Japan)",6
US,18,US-S18-04,Mike White,40,M,Father & Son The Amazing Race 14,"Los Angeles, California",CA,USA,"Eliminated 2nd (in Yokosuka, Japan)",6
US,18,US-S18-05,Jaime Edmondson,32,F,Former NFL Cheerleaders The Amazing Race 14,"Fort Lauderdale, Florida",FL,USA,"Eliminated 3rd (in Kunming, China)",6
US,18,US-S18-06,Cara Rosenthal,28,F,Former NFL Cheerleaders The Amazing Race 14,"Boca Raton, Florida",FL,USA,"Eliminated 3rd (in Kunming, China)",6
US,18,US-S18-07,Margie Adams,53,F,Mother & Son The Amazing Race 14,"Colorado Springs, Colorado",CO,USA,"Eliminated 4th (in Kolkata, India)",6
US,18,US-S18-08,Luke Adams,25,M,Mother & Son The Amazing Race 14,"Colorado Springs, Colorado",CO,USA,"Eliminated 4th (in Kolkata, India)",6
US,18,US-S18-09,Ron Hsu,61,M,Father & Daughter The Amazing Race 12,"Tacoma, Washington",WA,USA,"Eliminated 5th (in Ramnagar, India)",6
US,18,US-S18-10,Christina Hsu,29,F,Father & Daughter The Amazing Race 12,"Washington, D.C.",DC,USA,"Eliminated 5th (in Ramnagar, India)",6
US,18,US-S18-11,Jet McCoy,31,M,Cowboys & Brothers The Amazing Race 16,"Ada, Oklahoma",OK,USA,"Eliminated 6th (in Zermatt, Switzerland)",6
US,18,US-S18-12,Cord McCoy,30,M,Cowboys & Brothers The Amazing Race 16,"Tupelo, Oklahoma",OK,USA,"Eliminated 6th (in Zermatt, Switzerland)",6
US,18,US-S18-13,Kent Kaliber,35,M,Dating Goths The Amazing Race 12,"Los Angeles, California",CA,USA,"Eliminated 7th (in Zermatt, Switzerland)",6
US,18,US-S18-14,Vyxsin Fiala,32,F,Dating Goths The Amazing Race 12,"Los Angeles, California",CA,USA,"Eliminated 7th (in Zermatt, Switzerland)",6
US,18,US-S18-15,Zev Glassenberg,28,M,Best Friends The Amazing Race 15,"Sherman Oaks, California",CA,USA,"Eliminated 8th (in Niterói, Brazil)",6
US,18,US-S18-16,Justin Kanew,31,M,Best Friends The Amazing Race 15,"Los Angeles, California",CA,USA,"Eliminated 8th (in Niterói, Brazil)",6
US,18,US-S18-17,Gary Ervin,53,M,Father & Daughter The Amazing Race 17,"Morganfield, Kentucky",KY,USA,Third place,6
US,18,US-S18-18,Mallory Ervin,25,F,Father & Daughter The Amazing Race 17,"Morganfield, Kentucky",KY,USA,Third place,6
US,18,US-S18-19,"Herbert ""Flight Time"" Lang",34,M,Harlem Globetrotters The Amazing Race 15,"Brinkley, Arkansas",AR,USA,Runners-up,6
US,18,US-S18-20,"Nathaniel ""Big Easy"" Lofton",29,M,Harlem Globetrotters The Amazing Race 15,"New Orleans, Louisiana",LA,USA,Runners-up,6
US,18,US-S18-21,Kisha Hoffman,30,F,Sisters The Amazing Race 14,"The Bronx, New York",NY,USA,Winners,6
US,18,US-S18-22,Jen Hoffman,26,F,Sisters The Amazing Race 14,"Louisville, Kentucky",KY,USA,Winners,6
US,19,US-S19-01,Ron Zeitz,44,M,Domestic Partners,"Laguna Niguel, California",CA,USA,"Eliminated 1st & 2nd (in Yogyakarta, Indonesia)",1
US,19,US-S19-02,Bill Smith,49,M,Domestic Partners,"Laguna Niguel, California",CA,USA,"Eliminated 1st & 2nd (in Yogyakarta, Indonesia)",1
US,19,US-S19-03,Ethan Zohn,37,M,Dating,"New York City, New York",NY,USA,"Eliminated 1st & 2nd (in Yogyakarta, Indonesia)",2
US,19,US-S19-04,Jenna Morasca,30,F,Dating,"New York City, New York",NY,USA,"Eliminated 1st & 2nd (in Yogyakarta, Indonesia)",0
US,19,US-S19-05,Kaylani Paliotta,33,F,Former Vegas Showgirls,"Las Vegas, Nevada",NV,USA,"Eliminated 3rd (in Magelang, Indonesia)",1
US,19,US-S19-06,Lisa Tilley,32,F,Former Vegas Showgirls,"Las Vegas, Nevada",NV,USA,"Eliminated 3rd (in Magelang, Indonesia)",2
US,19,US-S19-07,Liz Canavan,24,F,Twins,"Deerfield, Illinois",IL,USA,"Eliminated 4th (in Bangkok, Thailand)",2
US,19,US-S19-08,Marie Canavan,24,F,Twins,"Deerfield, Illinois",IL,USA,"Eliminated 4th (in Bangkok, Thailand)",4
US,19,US-S19-09,Justin Young,31,M,Siblings,"Stone Mountain, Georgia",GA,USA,"Eliminated 5th (in Senga Bay, Malawi)",4
US,19,US-S19-10,Jennifer Young,26,F,Siblings,"Stone Mountain, Georgia",GA,USA,"Eliminated 5th (in Senga Bay, Malawi)",4
US,19,US-S19-11,Laurence Sunderland,48,M,Father & Son Adventurers,"Thousand Oaks, California",CA,USA,"Eliminated 6th (in Copenhagen, Denmark)",4
US,19,US-S19-12,Zac Sunderland,19,M,Father & Son Adventurers,"Thousand Oaks, California",CA,USA,"Eliminated 6th (in Copenhagen, Denmark)",5
US,19,US-S19-13,Bill Alden,63,M,Grandparents,"Albany, Oregon",OR,USA,"Eliminated 7th (in Brussels, Belgium)",6
US,19,US-S19-14,Cathi Alden,62,F,Grandparents,"Albany, Oregon",OR,USA,"Eliminated 7th (in Brussels, Belgium)",5
US,19,US-S19-15,Andy Finch,30,M,Pro Snowboarders,"Truckee, California",CA,USA,"Eliminated 8th (in Panama City, Panama)",6
US,19,US-S19-16,Tommy Czeschin,32,M,Pro Snowboarders,"Crowley Lake, California",CA,USA,"Eliminated 8th (in Panama City, Panama)",6
US,19,US-S19-17,Amani Pollard,36,F,Married,"Pine Mountain, Georgia",GA,USA,Third place,6
US,19,US-S19-18,Marcus Pollard,39,M,Married,"Pine Mountain, Georgia",GA,USA,Third place,7
US,19,US-S19-19,Jeremy Cline,35,M,Dating,"Alamo, California",CA,USA,Runners-up,6
US,19,US-S19-20,Sandy Draghi,33,F,Dating,"Dublin, California",CA,USA,Runners-up,7
US,19,US-S19-21,Ernie Halvorsen,29,M,Engaged,"Chicago, Illinois",IL,USA,Winners,7
US,19,US-S19-22,Cindy Chiang,30,F,Engaged,"Chicago, Illinois",IL,USA,Winners,6
US,20,US-S20-01,Misa Tanaka,27,F,Sisters,"San Diego, California",CA,USA,"Eliminated 1st (in Cafayate, Argentina)",0
US,20,US-S20-02,Maiya Tanaka,25,F,Sisters,"San Diego, California",CA,USA,"Eliminated 1st (in Cafayate, Argentina)",1
US,20,US-S20-03,Dave Gregg,44,M,Married Clowns,"New Port Richey, Florida",FL,USA,"Eliminated 2nd (in Buenos Aires, Argentina)",1
US,20,US-S20-04,Cherie Gregg,44,F,Married Clowns,"New Port Richey, Florida",FL,USA,"Eliminated 2nd (in Buenos Aires, Argentina)",1
US,20,US-S20-05,Elliot Weber,28,M,Twins,"Scottsdale, Arizona",AZ,USA,"Eliminated 3rd (in Asunción, Paraguay)",1
US,20,US-S20-06,Andrew Weber,28,M,Twins,"Menlo Park, California",CA,USA,"Eliminated 3rd (in Asunción, Paraguay)",2
US,20,US-S20-07,Kerri Paul,30,F,Cousins,"Gulfport, Mississippi",MS,USA,"Eliminated 4th (in Schwangau-Horn, Germany)",3
US,20,US-S20-08,Stacy Bowers,30,F,Cousins,"Gulfport, Mississippi",MS,USA,"Eliminated 4th (in Schwangau-Horn, Germany)",2
US,20,US-S20-09,"Joey ""Fitness"" Lasalla",29,M,Trainer & Club Promoter,"Whitestone, New York",NY,USA,"Eliminated 5th (in Baku, Azerbaijan)",3
US,20,US-S20-10,Danny Horal,27,M,Trainer & Club Promoter,"Holbrook, New York",NY,USA,"Eliminated 5th (in Baku, Azerbaijan)",3
US,20,US-S20-11,Nary Ebeid,32,F,Federal Agents,"Los Angeles, California",CA,USA,"Eliminated 6th (in Lake Manyara National Park, Tanzania)",4
US,20,US-S20-12,Jamie Graetz,33,F,Federal Agents,"Los Angeles, California",CA,USA,"Eliminated 6th (in Lake Manyara National Park, Tanzania)",3
US,20,US-S20-13,Bopper Minton,41,M,Best Friends,"Manchester, Kentucky",KY,USA,"Eliminated 7th (in Vypin, India)",3
US,20,US-S20-14,Mark Jackson,45,M,Best Friends,"Manchester, Kentucky",KY,USA,"Eliminated 7th (in Vypin, India)",5
US,20,US-S20-15,Vanessa Macias,31,F,Dating Divorcés,"San Antonio, Texas",TX,USA,"Eliminated 8th (in Osaka, Japan)",5
US,20,US-S20-16,Ralph Kelley,36,M,Dating Divorcés,"San Antonio, Texas",TX,USA,"Eliminated 8th (in Osaka, Japan)",5
US,20,US-S20-17,Brendon Villegas,31,M,PhD Student & Event Hostess,"Westwood, California",CA,USA,Third place,6
US,20,US-S20-18,Rachel Reilly,27,F,PhD Student & Event Hostess,"Westwood, California",CA,USA,Third place,6
US,20,US-S20-19,Art Velez,43,M,Border Patrol Agents,"Temecula, California",CA,USA,Runners-up,6
US,20,US-S20-20,J.J. Carrell,42,M,Border Patrol Agents,"Carlsbad, California",CA,USA,Runners-up,5
US,20,US-S20-21,Rachel Brown,30,F,Army Wife & Combat Pilot,"Madison, Wisconsin",WI,USA,Winners,6
US,20,US-S20-22,"Dave Brown, Jr.",33,M,Army Wife & Combat Pilot,"Madison, Wisconsin",WI,USA,Winners,5
US,21,US-S21-01,Rob Scheer,52,M,Lumberjack & Marketing Exec,"Ketchikan, Alaska",AK,USA,"Eliminated 1st (in Shanghai, China)",1
US,21,US-S21-02,Sheila Castle,44,F,Lumberjack & Marketing Exec,"Pigeon Forge, Tennessee",TN,USA,"Eliminated 1st (in Shanghai, China)",1
US,21,US-S21-03,Amy Purdy,32,F,Dating On and Off,"Las Vegas, Nevada",NV,USA,"Eliminated 2nd (in Surabaya, Indonesia)",2
US,21,US-S21-04,Daniel Gale,36,M,Dating On and Off,"Crested Butte, Colorado",CO,USA,"Eliminated 2nd (in Surabaya, Indonesia)",1
US,21,US-S21-05,Caitlin King,24,F,Best Friends,"St. Louis, Missouri",MO,USA,"Eliminated 3rd (in Bangil, Indonesia)",2
US,21,US-S21-06,Brittany Fletcher,25,F,Best Friends,"Chicago, Illinois",IL,USA,"Eliminated 3rd (in Bangil, Indonesia)",2
US,21,US-S21-07,Gary Wojnar,52,M,Substitute Teachers,"Livonia, Michigan",MI,USA,"Eliminated 4th (in Dhaka, Bangladesh)",3
US,21,US-S21-08,Will Chiola,53,M,Substitute Teachers,"Dearborn Heights, Michigan",MI,USA,"Eliminated 4th (in Dhaka, Bangladesh)",2
US,21,US-S21-09,Rob French,46,M,Married Monster Truckers,"Boston, Georgia",GA,USA,"Eliminated 5th (in Istanbul, Turkey)",4
US,21,US-S21-10,Kelley Carrington-French,50,F,Married Monster Truckers,"Boston, Georgia",GA,USA,"Eliminated 5th (in Istanbul, Turkey)",3
US,21,US-S21-11,James LoMenzo,53,M,Rock Star & Lawyer,"Burbank, California",CA,USA,"Eliminated 6th (in Moscow, Russia)",3
US,21,US-S21-12,"Mark ""Abba"" Abbattista",45,M,Rock Star & Lawyer,"Denver, Colorado",CO,USA,"Eliminated 6th (in Moscow, Russia)",5
US,21,US-S21-13,Abbie Ginsberg,31,F,Dating Divorcés,"Encinitas, California",CA,USA,"Eliminated 7th (in Ransdorp, Netherlands)",4
US,21,US-S21-14,Ryan Danz,35,M,Dating Divorcés,"San Diego, California",CA,USA,"Eliminated 7th (in Ransdorp, Netherlands)",6
US,21,US-S21-15,Natalie Anderson,26,F,Twins,"Edgewater, New Jersey",NJ,USA,"Eliminated 8th (in Chenonceaux, France)",6
US,21,US-S21-16,Nadiya Anderson,26,F,Twins,"Edgewater, New Jersey",NJ,USA,"Eliminated 8th (in Chenonceaux, France)",5
US,21,US-S21-17,Trey Wier,23,M,Dating,"Austin, Texas",TX,USA,Third place,7
US,21,US-S21-18,Lexi Beerman,22,F,Dating,"Dripping Springs, Texas",TX,USA,Third place,7
US,21,US-S21-19,Jaymes Vaughan,30,M,Chippendales,"Las Vegas, Nevada",NV,USA,Runners-up,7
US,21,US-S21-20,James Davis,27,M,Chippendales,"Las Vegas, Nevada",NV,USA,Runners-up,7
US,21,US-S21-21,Josh Kilmer-Purcell,43,M,Goat Farmers,"Sharon Springs, New York",NY,USA,Winners,7
US,21,US-S21-22,Brent Ridge,38,M,Goat Farmers,"Sharon Springs, New York",NY,USA,Winners,7
US,22,US-S22-01,Matt Davis,25,M,Firefighters,"Gaffney, South Carolina",SC,USA,"Eliminated 1st (in Motu Piti A'au, French Polynesia)",1
US,22,US-S22-02,Daniel Moss,24,M,Firefighters,"Gaffney, South Carolina",SC,USA,"Eliminated 1st (in Motu Piti A'au, French Polynesia)",1
US,22,US-S22-03,Idries Abdur-Rahman,36,M,Twin Doctors,"Chicago, Illinois",IL,USA,"Eliminated 2nd (in Motu Tapu, French Polynesia)",1
US,22,US-S22-04,Jamil Abdur-Rahman,36,M,Twin Doctors,"Chicago, Illinois",IL,USA,"Eliminated 2nd (in Motu Tapu, French Polynesia)",2
US,22,US-S22-05,Jessica Hoel,26,F,Dating,"Huntington Beach, California",CA,USA,"Eliminated 3rd (in Pecatu, Indonesia)",2
US,22,US-S22-06,John Erck,27,M,Dating,"Huntington Beach, California",CA,USA,"Eliminated 3rd (in Pecatu, Indonesia)",3
US,22,US-S22-07,Dave O'Leary,58,M,Father & Son,"Salt Lake City, Utah",UT,USA,"Withdrew (in Hanoi, Vietnam)",1
US,22,US-S22-08,Connor O'Leary,21,M,Father & Son,"Salt Lake City, Utah",UT,USA,"Withdrew (in Hanoi, Vietnam)",4
US,22,US-S22-09,Pam Chien,29,F,Best Friends,"Los Angeles, California",CA,USA,"Eliminated 5th (in Maun, Botswana)",4
US,22,US-S22-10,Winnie Sung,29,F,Best Friends,"Los Angeles, California",CA,USA,"Eliminated 5th (in Maun, Botswana)",4
US,22,US-S22-11,Chuck McCall,46,M,Married,"Daphne, Alabama",AL,USA,"Eliminated 6th (in Grindelwald, Switzerland)",5
US,22,US-S22-12,Wynona McCall,49,F,Married,"Daphne, Alabama",AL,USA,"Eliminated 6th (in Grindelwald, Switzerland)",4
US,22,US-S22-13,Joey Graceffa,21,M,YouTube Hosts,"Los Angeles, California",CA,USA,"Eliminated 7th (in Edinburgh, Scotland)",6
US,22,US-S22-14,Meghan Camarena,25,F,YouTube Hosts,"Los Angeles, California",CA,USA,"Eliminated 7th (in Edinburgh, Scotland)",5
US,22,US-S22-15,Caroline Cutbirth,29,F,Country Singers,"Austin, Texas",TX,USA,"Eliminated 8th (in Belfast, Northern Ireland)",6
US,22,US-S22-16,Jennifer Kuhle,30,F,Country Singers,"Nashville, Tennessee",TN,USA,"Eliminated 8th (in Belfast, Northern Ireland)",6
US,22,US-S22-17,Mona Hinman-Egender,33,F,Roller Derby Moms,"Castle Pines, Colorado",CO,USA,Third place,6
US,22,US-S22-18,Beth Bandimere,36,F,Roller Derby Moms,"Arvada, Colorado",CO,USA,Third place,7
US,22,US-S22-19,Max Bichler,30,M,Newlyweds,"Buffalo, New York",NY,USA,Runners-up,7
US,22,US-S22-20,Katie Kaczor-Bichler,24,F,Newlyweds,"Buffalo, New York",NY,USA,Runners-up,6
US,22,US-S22-21,Bates Battaglia,36,M,Hockey Brothers,"Raleigh, North Carolina",NC,USA,Winners,6
US,22,US-S22-22,Anthony Battaglia,33,M,Hockey Brothers,"Raleigh, North Carolina",NC,USA,Winners,6
US,23,US-S23-01,Hoskote Venkatesh,60,M,Father & Daughter,"Laguna Niguel, California",CA,USA,"Eliminated 1st (in Iquique, Chile)",1
US,23,US-S23-02,Naina Venkatesh,27,F,Father & Daughter,"Laguna Niguel, California",CA,USA,"Eliminated 1st (in Iquique, Chile)",1
US,23,US-S23-03,Rowan Joseph,56,M,Theatre Performers,"Charlotte, North Carolina",NC,USA,"Eliminated 2nd (in San José de Maipo, Chile)",2
US,23,US-S23-04,Shane Partlow,47,M,Theatre Performers,"Charlotte, North Carolina",NC,USA,"Eliminated 2nd (in San José de Maipo, Chile)",1
US,23,US-S23-05,Chester Pitts II,33,M,Former NFL Teammates,"Missouri City, Texas",TX,USA,"Eliminated 3rd (in Lisbon, Portugal)",2
US,23,US-S23-06,Ephraim Salaam,36,M,Former NFL Teammates,"Studio City, California",CA,USA,"Eliminated 3rd (in Lisbon, Portugal)",1
US,23,US-S23-07,Brandon Squyres,34,M,Childhood Friends,"Chico, California",CA,USA,"Eliminated 4th (in Sopot, Poland)",2
US,23,US-S23-08,Adam Switzer,34,M,Childhood Friends,"Los Angeles, California",CA,USA,"Eliminated 4th (in Sopot, Poland)",4
US,23,US-S23-09,Tim Wiyninger,26,M,Best Friends,"Cordell, Oklahoma",OK,USA,"Eliminated 5th (in Vienna, Austria)",3
US,23,US-S23-10,Danny Merkey,25,M,Best Friends,"Cordell, Oklahoma",OK,USA,"Eliminated 5th (in Vienna, Austria)",4
US,23,US-S23-11,Nicky Getz,25,F,Baseball Wives,"Kansas City, Missouri",MO,USA,"Eliminated 6th (in Al Ain, United Arab Emirates)",5
US,23,US-S23-12,Kim DeJesus,32,F,Baseball Wives,"Chicago, Illinois",IL,USA,"Eliminated 6th (in Al Ain, United Arab Emirates)",4
US,23,US-S23-13,Ally Mello,22,F,NHL Ice Crew,"Los Angeles, California",CA,USA,"Eliminated 7th (in Lembang, Indonesia)",4
US,23,US-S23-14,Ashley Covert,25,F,NHL Ice Crew,"Los Angeles, California",CA,USA,"Eliminated 7th (in Lembang, Indonesia)",6
US,23,US-S23-15,Leo Temory,26,M,Cousins,"Los Angeles, California",CA,USA,"Eliminated 8th (in Tokyo, Japan)",6
US,23,US-S23-16,Jamal Zadran,26,M,Cousins,"Los Angeles, California",CA,USA,"Eliminated 8th (in Tokyo, Japan)",6
US,23,US-S23-17,Nicole Jasper,39,F,Married ER Doctors,"Atlanta, Georgia",GA,USA,Third place,7
US,23,US-S23-18,Travis Jasper,43,M,Married ER Doctors,"Atlanta, Georgia",GA,USA,Third place,6
US,23,US-S23-19,Tim Sweeney,32,M,Exes,"Morristown, New Jersey",NJ,USA,Runners-up,6
US,23,US-S23-20,Marie Mazzocchi,29,F,Exes,"Morristown, New Jersey",NJ,USA,Runners-up,7
US,23,US-S23-21,Jason Case,33,M,Dating,"Attleboro, Massachusetts",MA,USA,Winners,6
US,23,US-S23-22,Amy Diaz,29,F,Dating,"Providence, Rhode Island",RI,USA,Winners,7
US,24,US-S24-01,Natalie Anderson,27,F,Twins The Amazing Race 21,"Edgewater, New Jersey",NJ,USA,"Eliminated 1st (in Guangzhou, China)",5
US,24,US-S24-02,Nadiya Anderson,27,F,Twins The Amazing Race 21,"Edgewater, New Jersey",NJ,USA,"Eliminated 1st (in Guangzhou, China)",3
US,24,US-S24-03,Mark Jackson,47,M,Team Kentucky The Amazing Race 20 (Mark) The Amazing Race 17 & The Amazing Race 18 (Mallory),"Manchester, Kentucky",KY,USA,"Eliminated 2nd (in Guangzhou, China)",5
US,24,US-S24-04,Mallory Ervin,28,F,Team Kentucky The Amazing Race 20 (Mark) The Amazing Race 17 & The Amazing Race 18 (Mallory),"Nashville, Tennessee",TN,USA,"Eliminated 2nd (in Guangzhou, China)",3
US,24,US-S24-05,Joey Graceffa,22,M,YouTube Hosts The Amazing Race 22,"Los Angeles, California",CA,USA,"Eliminated 3rd (in Kota Kinabalu, Malaysia)",5
US,24,US-S24-06,Meghan Camarena,26,F,YouTube Hosts The Amazing Race 22,"Los Angeles, California",CA,USA,"Eliminated 3rd (in Kota Kinabalu, Malaysia)",3
US,24,US-S24-07,Margie O'Donnell,56,F,Mother & Son The Amazing Race 14 & The Amazing Race 18,"Colorado Springs, Colorado",CO,USA,"Eliminated 4th (in Colombo, Sri Lanka)",5
US,24,US-S24-08,Luke Adams,28,M,Mother & Son The Amazing Race 14 & The Amazing Race 18,"Philadelphia, Pennsylvania",PA,USA,"Eliminated 4th (in Colombo, Sri Lanka)",3
US,24,US-S24-09,Jessica Hoel,27,F,Engaged The Amazing Race 22,"Eden Prairie, Minnesota",MN,USA,"Eliminated 5th (in Rome, Italy)",5
US,24,US-S24-10,John Erck,28,M,Engaged The Amazing Race 22,"Mora, Minnesota",MN,USA,"Eliminated 5th (in Rome, Italy)",3
US,24,US-S24-11,"Herbert ""Flight Time"" Lang",37,M,Harlem Globetrotters The Amazing Race 15 & The Amazing Race 18,"Brinkley, Arkansas",AR,USA,"Eliminated 6th (in Orvieto, Italy)",5
US,24,US-S24-12,"Nathaniel ""Big Easy"" Lofton",32,M,Harlem Globetrotters The Amazing Race 15 & The Amazing Race 18,"New Orleans, Louisiana",LA,USA,"Eliminated 6th (in Orvieto, Italy)",3
US,24,US-S24-13,Jet McCoy,34,M,Cowboys The Amazing Race 16 & The Amazing Race 18,"Ada, Oklahoma",OK,USA,"Eliminated 7th (in Seville, Spain)",5
US,24,US-S24-14,Cord McCoy,33,M,Cowboys The Amazing Race 16 & The Amazing Race 18,"Tupelo, Oklahoma",OK,USA,"Eliminated 7th (in Seville, Spain)",5
US,24,US-S24-15,Leo Temory,27,M,Cousins The Amazing Race 23,"Torrance, California",CA,USA,"Eliminated 8th (in Peckforton, England)",5
US,24,US-S24-16,Jamal Zadran,26,M,Cousins The Amazing Race 23,"Irvine, California",CA,USA,"Eliminated 8th (in Peckforton, England)",6
US,24,US-S24-17,Brendon Villegas,33,M,Newlyweds The Amazing Race 20,"Los Angeles, California",CA,USA,Third place,7
US,24,US-S24-18,Rachel Reilly,29,F,Newlyweds The Amazing Race 20,"Los Angeles, California",CA,USA,Third place,6
US,24,US-S24-19,Caroline Cutbirth,30,F,Country Singers The Amazing Race 22,"Waco, Texas",TX,USA,Runners-up,7
US,24,US-S24-20,Jennifer Wayne,31,F,Country Singers The Amazing Race 22,"Nashville, Tennessee",TN,USA,Runners-up,6
US,24,US-S24-21,Dave O'Leary,59,M,Father & Son The Amazing Race 22,"Salt Lake City, Utah",UT,USA,Winners,5
US,24,US-S24-22,Connor O'Leary,22,M,Father & Son The Amazing Race 22,"Salt Lake City, Utah",UT,USA,Winners,8
US,25,US-S25-01,Lisa Thomson,28,F,Realtor Sisters (Miami Realtors),"Miami, Florida",FL,USA,"Eliminated 1st (in Charlotte Amalie, U.S. Virgin Islands)",1
US,25,US-S25-02,Michelle Thomson,22,F,Realtor Sisters (Miami Realtors),"Miami, Florida",FL,USA,"Eliminated 1st (in Charlotte Amalie, U.S. Virgin Islands)",0
US,25,US-S25-03,Dennis Hour,30,M,Newly Dating (The Dating Couple),"Tustin, California",CA,USA,"Eliminated 2nd (in Woodstock, England)",1
US,25,US-S25-04,Isabelle Du,28,F,Newly Dating (The Dating Couple),"Tustin, California",CA,USA,"Eliminated 2nd (in Woodstock, England)",0
US,25,US-S25-05,Michael Ward,40,M,Firefighters (The Firefighters),"Boston, Massachusetts",MA,USA,"Eliminated 3rd (on St Ninian's Isle, Scotland)",0
US,25,US-S25-06,Scott Strazzullo,39,M,Firefighters (The Firefighters),"Boston, Massachusetts",MA,USA,"Eliminated 3rd (on St Ninian's Isle, Scotland)",1
US,25,US-S25-07,Keith Tollefson,29,M,Engaged (Team Nashville),"Nashville, Tennessee",TN,USA,"Eliminated 4th (in Marrakesh, Morocco)",2
US,25,US-S25-08,Whitney Duncan,29,F,Engaged (Team Nashville),"Nashville, Tennessee",TN,USA,"Eliminated 4th (in Marrakesh, Morocco)",1
US,25,US-S25-09,Shelley Porter,42,F,Mother & Daughter (Mom/Daughter),"Detroit, Michigan",MI,USA,"Eliminated 5th (in Hajar, Morocco)",2
US,25,US-S25-10,Nici Porter,24,F,Mother & Daughter (Mom/Daughter),"Detroit, Michigan",MI,USA,"Eliminated 5th (in Hajar, Morocco)",2
US,25,US-S25-11,Tim Tsao,23,M,College Sweethearts (College Sweethearts),"Pasadena, California",CA,USA,"Eliminated 6th (in Gżira, Malta)",3
US,25,US-S25-12,Te Jay McGrath,24,M,College Sweethearts (College Sweethearts),"Pasadena, California",CA,USA,"Eliminated 6th (in Gżira, Malta)",3
US,25,US-S25-13,Kym Perfetto,34,F,Urban Bike Racers (The Cyclists),"Brooklyn, New York",NY,USA,Eliminated 7th (in Singapore),4
US,25,US-S25-14,Alli Forsythe,26,F,Urban Bike Racers (The Cyclists),"Brooklyn, New York",NY,USA,Eliminated 7th (in Singapore),3
US,25,US-S25-15,Brooke Adams,29,F,Dating Pro Wrestlers (The Wrestlers),"Houston, Texas",TX,USA,"Eliminated 8th (in Los Angeles, California)",4
US,25,US-S25-16,Robbie Strauss,30,M,Dating Pro Wrestlers (The Wrestlers),"Woodbridge, New Jersey",NJ,USA,"Eliminated 8th (in Los Angeles, California)",4
US,25,US-S25-17,Adam Dirks,26,M,Married Surfers (Soul Surfers),"Princeville, Hawaii",HI,USA,Third place,5
US,25,US-S25-18,Bethany Hamilton,24,F,Married Surfers (Soul Surfers),"Princeville, Hawaii",HI,USA,Third place,4
US,25,US-S25-19,Misti Raman,36,F,Married Dentists (The Dentists),"Columbia, South Carolina",SC,USA,Runners-up,5
US,25,US-S25-20,Jim Raman,37,M,Married Dentists (The Dentists),"Columbia, South Carolina",SC,USA,Runners-up,5
US,25,US-S25-21,Amy DeJong,24,F,Food Scientists (Sweet Scientists),"Madison, Wisconsin",WI,USA,Winners,5
US,25,US-S25-22,Maya Warren,29,F,Food Scientists (Sweet Scientists),"Madison, Wisconsin",WI,USA,Winners,5
US,26,US-S26-01,Jeff Magee,57,M,Dating for 4 Years (Flight Crew),"McCall, Idaho",ID,USA,"Eliminated 1st (in Tokyo, Japan)",0
US,26,US-S26-02,Lyda Grawn,49,F,Dating for 4 Years (Flight Crew),"Scottsdale, Arizona",AZ,USA,"Eliminated 1st (in Tokyo, Japan)",0
US,26,US-S26-03,Libby Simpson,25,F,Dating for 10 Years (Team Tuskegee),"Tuskegee, Alabama",AL,USA,"Eliminated 2nd (in Nagano, Japan)",1
US,26,US-S26-04,C.J. Harris,26,M,Dating for 10 Years (Team Tuskegee),"Tuskegee, Alabama",AL,USA,"Eliminated 2nd (in Nagano, Japan)",0
US,26,US-S26-05,Harley Rodriguez,41,M,Dating for 7 Years (Team New Kid ),"New York City, New York",NY,USA,"Eliminated 3rd (in Bangkok, Thailand)",1
US,26,US-S26-06,Jonathan Knight,46,M,Dating for 7 Years (Team New Kid ),"New York City, New York",NY,USA,"Eliminated 3rd (in Bangkok, Thailand)",1
US,26,US-S26-07,Bergen Olsen,23,M,Blind Dating (The Blonde Date),"Sunnyvale, California",CA,USA,"Eliminated 4th (in Schliersee, Germany)",2
US,26,US-S26-08,Kurt Belcher,24,M,Blind Dating (The Blonde Date),"Butler, Kentucky",KY,USA,"Eliminated 4th (in Schliersee, Germany)",0
US,26,US-S26-09,Jeff Weldon,26,M,Blind Dating (Team JJ),"Tampa, Florida",FL,USA,"Eliminated 5th (in Saint-Jean-Cap-Ferrat, France)",2
US,26,US-S26-10,Jackie Ibarra,27,F,Blind Dating (Team JJ),"Las Vegas, Nevada",NV,USA,"Eliminated 5th (in Saint-Jean-Cap-Ferrat, France)",2
US,26,US-S26-11,Aly Dudek,24,F,Dating for 7 Months ( Sochi Love),"Milwaukee, Wisconsin",WI,USA,"Eliminated 6th (in Erongo Region, Namibia)",3
US,26,US-S26-12,Steve Langton,31,M,Dating for 7 Months ( Sochi Love),"Boston, Massachusetts",MA,USA,"Eliminated 6th (in Erongo Region, Namibia)",3
US,26,US-S26-13,Matt Cucolo,30,M,Dating for 3 Years (Legs 1–3) Engaged (Legs 3–10) (The Hairstylists),"Scarsdale, New York",NY,USA,"Eliminated 7th (in Otuzco, Peru)",5
US,26,US-S26-14,Ashley Gordon,28,F,Dating for 3 Years (Legs 1–3) Engaged (Legs 3–10) (The Hairstylists),"Scarsdale, New York",NY,USA,"Eliminated 7th (in Otuzco, Peru)",3
US,26,US-S26-15,Mike Dombrowski,26,M,Dating for 8 Months (Truck Stop Love),"Traverse City, Michigan",MI,USA,"Eliminated 8th (in Burleson, Texas)",6
US,26,US-S26-16,Rochelle Nevedal,29,F,Dating for 8 Months (Truck Stop Love),"Kalkaska, Michigan",MI,USA,"Eliminated 8th (in Burleson, Texas)",4
US,26,US-S26-17,Hayley Keel,28,F,Blind Dating (Rx for Love),"Saint Petersburg, Florida",FL,USA,Third place,5
US,26,US-S26-18,Blair Townsend,31,M,Blind Dating (Rx for Love),"Amelia Island, Florida",FL,USA,Third place,6
US,26,US-S26-19,Jelani Roy,32,M,Blind Dating (The Legal Team),"New York City, New York",NY,USA,Runners-up,6
US,26,US-S26-20,Jenny Wu,32,F,Blind Dating (The Legal Team),"Los Angeles, California",CA,USA,Runners-up,5
US,26,US-S26-21,Laura Pierson,29,F,Blind Dating (Team SoCal ),"Los Angeles, California",CA,USA,Winners,5
US,26,US-S26-22,Tyler Adams,26,M,Blind Dating (Team SoCal ),"Santa Monica, California",CA,USA,Winners,6
US,27,US-S27-01,Kelly Berning,37,F,Co-Workers (Team TMZ ),"Los Angeles, California",CA,USA,"Eliminated 1st (in Rio de Janeiro, Brazil)",0
US,27,US-S27-02,Shevonne Sullivan,31,F,Co-Workers (Team TMZ ),"Los Angeles, California",CA,USA,"Eliminated 1st (in Rio de Janeiro, Brazil)",0
US,27,US-S27-03,Alex Manard,22,M,Cousins (The Cousins),"Champaign, Illinois",IL,USA,"Eliminated 2nd (in Buenos Aires, Argentina)",1
US,27,US-S27-04,Adam Dingeman,24,M,Cousins (The Cousins),"Des Moines, Iowa",IA,USA,"Eliminated 2nd (in Buenos Aires, Argentina)",0
US,27,US-S27-05,Ernest Phillips,29,M,Brothers (The Dancers),"Boston, Massachusetts",MA,USA,"Eliminated 3rd (in San Antonio de Areco, Argentina)",1
US,27,US-S27-06,Jin Lao Greer,26,M,Brothers (The Dancers),"Boston, Massachusetts",MA,USA,"Eliminated 3rd (in San Antonio de Areco, Argentina)",1
US,27,US-S27-07,Jazmine Lewis,23,F,Best Friends & Athletes (The Track Stars),"Los Angeles, California",CA,USA,"Eliminated 4th (in Victoria Falls, Zimbabwe)",2
US,27,US-S27-08,Danielle Littleton,22,F,Best Friends & Athletes (The Track Stars),"Los Angeles, California",CA,USA,"Eliminated 4th (in Victoria Falls, Zimbabwe)",2
US,27,US-S27-09,Cindy Chac,36,F,Newlyweds (Chac Attack),"San Diego, California",CA,USA,"Eliminated 5th (in The Hague, Netherlands)",3
US,27,US-S27-10,Rick Chac,38,M,Newlyweds (Chac Attack),"San Diego, California",CA,USA,"Eliminated 5th (in The Hague, Netherlands)",4
US,27,US-S27-11,Tanner Kloven,26,M,Best Friends (Team Texas),"Dallas, Texas",TX,USA,"Eliminated 6th (in Agra, India)",4
US,27,US-S27-12,Josh Ahern,28,M,Best Friends (Team Texas),"Dallas, Texas",TX,USA,"Eliminated 6th (in Agra, India)",5
US,27,US-S27-13,Denise Williams,51,F,Mother & Son (Team Alabama),"Prattville, Alabama",AL,USA,"Eliminated 7th (in Agra, India)",4
US,27,US-S27-14,James Earl Corley,26,M,Mother & Son (Team Alabama),"Prattville, Alabama",AL,USA,"Eliminated 7th (in Agra, India)",6
US,27,US-S27-15,Tiffany Torres,28,F,Former NFL Cheerleaders (The Cheerleaders),"Hoboken, New Jersey",NJ,USA,Eliminated 8th (in Macau),5
US,27,US-S27-16,Krista DeBono,28,F,Former NFL Cheerleaders (The Cheerleaders),"Staten Island, New York",NY,USA,Eliminated 8th (in Macau),6
US,27,US-S27-17,Logan Fazio,36,F,Dating Paparazzi (The Paparazzi),"Miami Beach, Florida",FL,USA,Third place,6
US,27,US-S27-18,Chris Gordon,46,M,Dating Paparazzi (The Paparazzi),"Miami Beach, Florida",FL,USA,Third place,6
US,27,US-S27-19,Justin Scheman,39,M,Engaged (The Green Team),"Philadelphia, Pennsylvania",PA,USA,Runners-up,6
US,27,US-S27-20,Diana Bishop,30,F,Engaged (The Green Team),"Philadelphia, Pennsylvania",PA,USA,Runners-up,6
US,27,US-S27-21,Kelsey Gerckens,25,F,Dating News Anchors (The Reporters),"Santa Barbara, California",CA,USA,Winners,6
US,27,US-S27-22,Joey Buttitta,26,M,Dating News Anchors (The Reporters),"Santa Barbara, California",CA,USA,Winners,6
US,28,US-S28-01,Marty Cobb,51,F,Mother & Daughter,"McKinney, Texas",TX,USA,"Eliminated 1st (in Cartagena, Colombia)",1
US,28,US-S28-02,Hagan Parkman,22,F,Mother & Daughter,"McKinney, Texas",TX,USA,"Eliminated 1st (in Cartagena, Colombia)",1
US,28,US-S28-03,Darius Benson,22,M,Brothers,"Tuscaloosa, Alabama",AL,USA,"Eliminated 2nd (in Cartagena, Colombia)",2
US,28,US-S28-04,Cameron Benson,19,M,Brothers,"Memphis, Tennessee",TN,USA,"Eliminated 2nd (in Cartagena, Colombia)",1
US,28,US-S28-05,Brittany Oldehoff,26,F,Instagram Models,"Fort Lauderdale, Florida",FL,USA,"Eliminated 3rd (in Chamonix, France)",3
US,28,US-S28-06,Jessica Versteeg,28,F,Instagram Models,"San Francisco, California",CA,USA,"Eliminated 3rd (in Chamonix, France)",1
US,28,US-S28-07,Erin White Robinson,31,F,Best Friends,"Los Angeles, California",CA,USA,"Eliminated 4th (in Chamonix, France)",3
US,28,US-S28-08,Joslyn Davis,33,F,Best Friends,"Los Angeles, California",CA,USA,"Eliminated 4th (in Chamonix, France)",2
US,28,US-S28-09,Scott Fowler,58,M,Father & Daughter,"Kingsport, Tennessee",TN,USA,"Eliminated 5th (in Tbilisi, Georgia)",4
US,28,US-S28-10,Blair Fowler,22,M,Father & Daughter,"San Diego, California",CA,USA,"Eliminated 5th (in Tbilisi, Georgia)",3
US,28,US-S28-11,Zach King,25,M,Newlyweds,"Los Angeles, California",CA,USA,"Eliminated 6th (in Denpasar, Indonesia)",6
US,28,US-S28-12,Rachel King,25,F,Newlyweds,"Los Angeles, California",CA,USA,"Eliminated 6th (in Denpasar, Indonesia)",4
US,28,US-S28-13,Brodie Smith,28,M,Pro Ultimate Players,"Dallas, Texas",TX,USA,"Eliminated 7th (in Denpasar, Indonesia)",6
US,28,US-S28-14,Kurt Gibson,30,M,Pro Ultimate Players,"Dallas, Texas",TX,USA,"Eliminated 7th (in Denpasar, Indonesia)",5
US,28,US-S28-15,Burnie Burns,42,M,Dating Gamers,"Austin, Texas",TX,USA,"Eliminated 8th (in Shenzhen, China)",6
US,28,US-S28-16,Ashley Jenkins,33,F,Dating Gamers,"Austin, Texas",TX,USA,"Eliminated 8th (in Shenzhen, China)",6
US,28,US-S28-17,Tyler Oakley,26,M,Best Friends,"Jackson, Michigan",MI,USA,Third place,7
US,28,US-S28-18,Korey Kuhl,30,M,Best Friends,"Jackson, Michigan",MI,USA,Third place,7
US,28,US-S28-19,Sheri LaBrant,45,F,Mother & Son,"Enterprise, Alabama",AL,USA,Runners-up,7
US,28,US-S28-20,Cole LaBrant,19,M,Mother & Son,"Enterprise, Alabama",AL,USA,Runners-up,7
US,28,US-S28-21,Dana Borriello,29,F,Engaged Choreographers,"Los Angeles, California",CA,USA,Winners,7
US,28,US-S28-22,Matt Steffanina,30,M,Engaged Choreographers,"Los Angeles, California",CA,USA,Winners,7
US,29,US-S29-01,Kevin Ng,31,M,Strangers (Paired at Starting Line),"San Diego, California",CA,USA,"Eliminated 1st (in Panama City, Panama)",0
US,29,US-S29-02,Jenn Lee,25,F,Strangers (Paired at Starting Line),"Palos Verdes, California",CA,USA,"Eliminated 1st (in Panama City, Panama)",0
US,29,US-S29-03,Jessie Shields,28,F,Strangers (Paired at Starting Line),"Howland, Ohio",OH,USA,"Eliminated 2nd (in São Paulo, Brazil)",0
US,29,US-S29-04,Francesca Piccoli,33,F,Strangers (Paired at Starting Line),"Banning, California",CA,USA,"Eliminated 2nd (in São Paulo, Brazil)",1
US,29,US-S29-05,Seth Tyler,37,M,Strangers (Paired at Starting Line),"Seattle, Washington",WA,USA,"Eliminated 3rd (in Zanzibar City, Tanzania)",1
US,29,US-S29-06,Olive Beauregard,24,F,Strangers (Paired at Starting Line),"Providence, Rhode Island",RI,USA,"Eliminated 3rd (in Zanzibar City, Tanzania)",1
US,29,US-S29-07,Shamir Arzeno,28,M,Strangers (Paired at Starting Line),"Bronx, New York",NY,USA,"Eliminated 4th (in Dar es Salaam, Tanzania)",2
US,29,US-S29-08,Sara Fowler,27,F,Strangers (Paired at Starting Line),"Baltimore, Maryland",MD,USA,"Eliminated 4th (in Dar es Salaam, Tanzania)",1
US,29,US-S29-09,Vanck Zhu,28,M,Strangers (Paired at Starting Line),"Saint Paul, Minnesota",MN,USA,"Eliminated 5th (in Tremezzo, Italy)",3
US,29,US-S29-10,Ashton Theiss,25,F,Strangers (Paired at Starting Line),"Fort Worth, Texas",TX,USA,"Eliminated 5th (in Tremezzo, Italy)",2
US,29,US-S29-11,Liz Espey,24,F,Strangers (Paired at Starting Line),"Maryville, Missouri",MO,USA,"Eliminated 6th (in Athens, Greece)",4
US,29,US-S29-12,Michael Rado,37,M,Strangers (Paired at Starting Line),"Pittsburgh, Pennsylvania",PA,USA,"Eliminated 6th (in Athens, Greece)",3
US,29,US-S29-13,Becca Droz,26,F,Strangers (Paired at Starting Line),"Pittsburgh, Pennsylvania",PA,USA,"Eliminated 7th (in Hoa Lư, Vietnam)",4
US,29,US-S29-14,Floyd Pierce,21,M,Strangers (Paired at Starting Line),"Highlands Ranch, Colorado",CO,USA,"Eliminated 7th (in Hoa Lư, Vietnam)",4
US,29,US-S29-15,Matt Ladley,25,M,Strangers (Paired at Starting Line),"Steamboat Springs, Colorado",CO,USA,"Eliminated 8th (in Seoul, South Korea)",6
US,29,US-S29-16,Redmond Ramos,28,M,Strangers (Paired at Starting Line),"Fremont, California",CA,USA,"Eliminated 8th (in Seoul, South Korea)",5
US,29,US-S29-17,London Kaye,27,F,Strangers (Paired at Starting Line),"New York City, New York",NY,USA,Third place,6
US,29,US-S29-18,Logan Bauer,27,M,Strangers (Paired at Starting Line),"Navarre, Florida",FL,USA,Third place,5
US,29,US-S29-19,Tara Carr,38,F,Strangers (Paired at Starting Line),"Alexandria, Virginia",VA,USA,Runners-up,5
US,29,US-S29-20,Joey Covino,46,M,Strangers (Paired at Starting Line),"Boston, Massachusetts",MA,USA,Runners-up,6
US,29,US-S29-21,Brooke Camhi,36,F,Strangers (Paired at Starting Line),"Lynbrook, New York",NY,USA,Winners,5
US,29,US-S29-22,Scott Flanary,34,M,Strangers (Paired at Starting Line),"Charlotte, North Carolina",NC,USA,Winners,6
US,30,US-S30-01,Dessie Mitcheson,27,F,Models (The Ring Girls),"Apollo, Pennsylvania",PA,USA,"Eliminated 1st (in Reykjavík, Iceland)",1
US,30,US-S30-02,Kayla Fitzgerald,26,F,Models (The Ring Girls),"Clermont, Florida",FL,USA,"Eliminated 1st (in Reykjavík, Iceland)",0
US,30,US-S30-03,April Gould,39,F,Goat Yoga Moms (Team Goat Yoga),"Gilbert, Arizona",AZ,USA,"Eliminated 2nd (in Antwerp, Belgium)",0
US,30,US-S30-04,Sarah Williams,39,F,Goat Yoga Moms (Team Goat Yoga),"Mesa, Arizona",AZ,USA,"Eliminated 2nd (in Antwerp, Belgium)",2
US,30,US-S30-05,Cedric Ceballos,48,M,Former NBA Players (Team Slam Dunk),"Maui, Hawaii",HI,USA,"Eliminated 3rd (in Saint-Tropez, France)",2
US,30,US-S30-06,Shawn Marion,39,M,Former NBA Players (Team Slam Dunk),"Chicago, Illinois",IL,USA,"Eliminated 3rd (in Saint-Tropez, France)",2
US,30,US-S30-07,Joey Chestnut,33,M,Competitive Eaters (Team Chomp),"San Jose, California",CA,USA,"Eliminated 4th (in Les Baux-de-Provence, France)",2
US,30,US-S30-08,Tim Janus,41,M,Competitive Eaters (Team Chomp),"New York City, New York",NY,USA,"Eliminated 4th (in Les Baux-de-Provence, France)",3
US,30,US-S30-09,Trevor Wadleigh,31,M,Dating Violinists (Team Well-Strung ),"New York City, New York",NY,USA,"Eliminated 5th (in Prague, Czech Republic)",3
US,30,US-S30-10,Chris Marchant,33,M,Dating Violinists (Team Well-Strung ),"New York City, New York",NY,USA,"Eliminated 5th (in Prague, Czech Republic)",3
US,30,US-S30-11,Eric Guiffreda,33,M,Twins (The Firefighters),"Ponchatoula, Louisiana",LA,USA,"Eliminated 6th (in Harare, Zimbabwe)",3
US,30,US-S30-12,Daniel Guiffreda,33,M,Twins (The Firefighters),"Ponchatoula, Louisiana",LA,USA,"Eliminated 6th (in Harare, Zimbabwe)",3
US,30,US-S30-13,Lucas Bocanegra,35,M,Dating→Engaged Lifeguards (Team Ocean Rescue),"Miami Springs, Florida",FL,USA,"Eliminated 7th (in Muharraq, Bahrain)",3
US,30,US-S30-14,Brittany Austin,31,F,Dating→Engaged Lifeguards (Team Ocean Rescue),"Miami Springs, Florida",FL,USA,"Eliminated 7th (in Muharraq, Bahrain)",3
US,30,US-S30-15,Alex Rossi,26,M,IndyCar Drivers (Team IndyCar),"Nevada City, California",CA,USA,Eliminated 8th (in Hong Kong),4
US,30,US-S30-16,Conor Daly,25,M,IndyCar Drivers (Team IndyCar),"Noblesville, Indiana",IN,USA,Eliminated 8th (in Hong Kong),4
US,30,US-S30-17,Kristi Leskinen,36,F,Professional Skiers (Team Extreme),"Scottsdale, Arizona",AZ,USA,Third place,5
US,30,US-S30-18,Jen Hudak,30,F,Professional Skiers (Team Extreme),"Park City, Utah",UT,USA,Third place,4
US,30,US-S30-19,Henry Zhang,22,M,Dating Debaters (Team Yale ),"Los Angeles, California",CA,USA,Runners-up,4
US,30,US-S30-20,Evan Lynyak,22,F,Dating Debaters (Team Yale ),"Los Angeles, California",CA,USA,Runners-up,5
US,30,US-S30-21,Cody Nickson,33,M,Dating Reality Stars (Team Big Brother ),"Plano, Texas",TX,USA,Winners,6
US,30,US-S30-22,Jessica Graf,28,F,Dating Reality Stars (Team Big Brother ),"Los Angeles, California",CA,USA,Winners,3
US,31,US-S31-01,Art Velez,49,M,Best Friends (The Amazing Race),"Temecula, California",CA,USA,"Eliminated 1st (in Tokyo, Japan)",1
US,31,US-S31-02,J.J. Carrell,49,M,Best Friends (The Amazing Race),"San Marcos, California",CA,USA,"Eliminated 1st (in Tokyo, Japan)",1
US,31,US-S31-03,Rupert Boneham,54,M,Married (Survivor),"Indianapolis, Indiana",IN,USA,"Eliminated 2nd (in Ban Xiengkeo, Laos)",2
US,31,US-S31-04,Laura Boneham,49,F,Married (Survivor),"Indianapolis, Indiana",IN,USA,"Eliminated 2nd (in Ban Xiengkeo, Laos)",1
US,31,US-S31-05,Corinne Kaplan,39,F,Friends (Survivor),"Denver, Colorado",CO,USA,"Eliminated 3rd (in Ho Chi Minh City, Vietnam)",2
US,31,US-S31-06,Eliza Orlins,35,F,Friends (Survivor),"New York City, New York",NY,USA,"Eliminated 3rd (in Ho Chi Minh City, Vietnam)",3
US,31,US-S31-07,Janelle Pierzina,38,F,Friends (Big Brother),"Lakeville, Minnesota",MN,USA,"Eliminated 4th (in Kampala, Uganda)",5
US,31,US-S31-08,Britney Haynes,30,F,Friends (Big Brother),"Tulsa, Oklahoma",OK,USA,"Eliminated 4th (in Kampala, Uganda)",2
US,31,US-S31-09,Rachel Reilly,33,F,Sisters (Big Brother),"Van Nuys, California",CA,USA,"Eliminated 5th (in Brienz, Switzerland)",4
US,31,US-S31-10,Elissa Slater,32,F,Sisters (Big Brother),"Las Vegas, Nevada",NV,USA,"Eliminated 5th (in Brienz, Switzerland)",5
US,31,US-S31-11,Chris Hammons,40,M,Friends (Survivor),"Moore, Oklahoma",OK,USA,"Eliminated 6th (in Split, Croatia)",5
US,31,US-S31-12,Bret LaBelle,44,M,Friends (Survivor),"Dedham, Massachusetts",MA,USA,"Eliminated 6th (in Split, Croatia)",5
US,31,US-S31-13,Becca Droz,28,F,Friends (The Amazing Race),"Boulder, Colorado",CO,USA,"Eliminated 7th (in Giethoorn, Netherlands)",5
US,31,US-S31-14,Floyd Pierce,23,M,Friends (The Amazing Race),"Highlands Ranch, Colorado",CO,USA,"Eliminated 7th (in Giethoorn, Netherlands)",5
US,31,US-S31-15,Nicole Franzel,25,F,Dating (Big Brother),"Ubly, Michigan",MI,USA,"Eliminated 8th (in London, England)",5
US,31,US-S31-16,Victor Arroyo,27,M,Dating (Big Brother),"Slidell, Louisiana",LA,USA,"Eliminated 8th (in London, England)",6
US,31,US-S31-17,Leo Temory,31,M,Cousins (The Amazing Race),"Pasadena, California",CA,USA,Third place,7
US,31,US-S31-18,Jamal Zadran,31,M,Cousins (The Amazing Race),"Houston, Texas",TX,USA,Third place,5
US,31,US-S31-19,Tyler Oakley,29,M,Best Friends (The Amazing Race),"Jackson, Michigan",MI,USA,Runners-up,6
US,31,US-S31-20,Korey Kuhl,33,M,Best Friends (The Amazing Race),"Jackson, Michigan",MI,USA,Runners-up,6
US,31,US-S31-21,Colin Guinn,38,M,Life Partners (The Amazing Race),"Austin, Texas",TX,USA,Winners,6
US,31,US-S31-22,Christie Woods,40,F,Life Partners (The Amazing Race),"Austin, Texas",TX,USA,Winners,6
US,32,US-S32-01,Nathan Worthington,39,M,Best Friends,"Dayton, Tennessee",TN,USA,"Eliminated 1st (in Buccoo, Trinidad and Tobago)",0
US,32,US-S32-02,Cody Buell,33,M,Best Friends,"Paint Lick, Kentucky",KY,USA,"Eliminated 1st (in Buccoo, Trinidad and Tobago)",1
US,32,US-S32-03,Kellie Wells-Brinkley,37,F,Former Olympic Hurdlers,"Richmond, Virginia",VA,USA,"Eliminated 2nd (in Bogotá, Colombia)",1
US,32,US-S32-04,LaVonne Idlette,34,F,Former Olympic Hurdlers,"Hampton, Virginia",VA,USA,"Eliminated 2nd (in Bogotá, Colombia)",1
US,32,US-S32-05,Jerry Eaves,61,M,Father & Son,"Louisville, Kentucky",KY,USA,"Eliminated 3rd (in Rio Negro, Brazil)",0
US,32,US-S32-06,Frank Eaves,25,M,Father & Son,"Louisville, Kentucky",KY,USA,"Eliminated 3rd (in Rio Negro, Brazil)",2
US,32,US-S32-07,Michelle Newland,34,F,Sisters,"Lafayette, Louisiana",LA,USA,"Eliminated 4th (in Paris, France)",3
US,32,US-S32-08,Victoria Newland,33,F,Sisters,"Lafayette, Louisiana",LA,USA,"Eliminated 4th (in Paris, France)",2
US,32,US-S32-09,Leo Brown,31,M,Dating,"Somerville, Massachusetts",MA,USA,"Eliminated 5th (in Almaty, Kazakhstan)",4
US,32,US-S32-10,Alana Folsom,29,F,Dating,"Somerville, Massachusetts",MA,USA,"Eliminated 5th (in Almaty, Kazakhstan)",2
US,32,US-S32-11,Kaylynn Williams,30,F,Sisters,"Bluffton, South Carolina",SC,USA,"Eliminated 6th (in Hyderabad, India)",4
US,32,US-S32-12,Haley Williams,31,F,Sisters,"Bluffton, South Carolina",SC,USA,"Eliminated 6th (in Hyderabad, India)",4
US,32,US-S32-13,Eswar Dhinakaran,24,M,Siblings,"Fremont, California",CA,USA,"Eliminated 7th (in Siem Reap, Cambodia)",5
US,32,US-S32-14,Aparna Dhinakaran,26,F,Siblings,"Berkeley, California",CA,USA,"Eliminated 7th (in Siem Reap, Cambodia)",4
US,32,US-S32-15,DeAngelo Williams,36,M,Former NFL Stars,"Charlotte, North Carolina",NC,USA,"Eliminated 8th (in Manila, Philippines)",5
US,32,US-S32-16,Gary Barnidge,34,M,Former NFL Stars,"Middleburg, Florida",FL,USA,"Eliminated 8th (in Manila, Philippines)",4
US,32,US-S32-17,Riley McKibbin,31,M,Pro Volleyball Brothers,"Honolulu, Hawaii",HI,USA,Third place,6
US,32,US-S32-18,Maddison McKibbin,29,M,Pro Volleyball Brothers,"Honolulu, Hawaii",HI,USA,Third place,5
US,32,US-S32-19,Hung Nguyen,39,F,Married Parents,"Houston, Texas",TX,USA,Runners-up,5
US,32,US-S32-20,Chee Lee,38,M,Married Parents,"Houston, Texas",TX,USA,Runners-up,6
US,32,US-S32-21,Will Jardell,30,M,Boyfriends,"Nederland, Texas",TX,USA,Winners,6
US,32,US-S32-22,James Wallington,31,M,Boyfriends,"Grand Rapids, Michigan",MI,USA,Winners,5
US,33,US-S33-01,Michael Norwood,36,M,Singing Police Officers,"Buffalo, New York",NY,USA,"Eliminated 1st (in London, England)",0
US,33,US-S33-02,Moe Badger,42,M,Singing Police Officers,"Buffalo, New York",NY,USA,"Eliminated 1st (in London, England)",1
US,33,US-S33-03,Arun Kumar,56,M,Father & Daughter,"Detroit, Michigan",MI,USA,"Eliminated 2nd (in Glasgow, Scotland)",6
US,33,US-S33-04,Natalia Kumar,28,F,Father & Daughter,"Detroit, Michigan",MI,USA,"Eliminated 2nd (in Glasgow, Scotland)",5
US,33,US-S33-05,Taylor Green-Jones,38,M,Married,"Fort Worth, Texas",TX,USA,Unable to return to competition,1
US,33,US-S33-06,Isaiah Green-Jones,31,M,Married,"Portland, Oregon",OR,USA,Unable to return to competition,1
US,33,US-S33-07,Caro Viehweg,23,F,Dating,"Los Angeles, California",CA,USA,Unable to return to competition,1
US,33,US-S33-08,Ray Gantt,25,M,Dating,"Lakewood, New Jersey",NJ,USA,Unable to return to competition,1
US,33,US-S33-09,Connie Greiner,37,F,Married,"Newport News, Virginia",VA,USA,Unable to return to competition,1
US,33,US-S33-10,Sam Greiner,39,M,Married,"Charlotte, North Carolina",NC,USA,Unable to return to competition,1
US,33,US-S33-11,Anthony Sadler,29,M,Childhood Friends,"Sacramento, California",CA,USA,Unable to return to competition,1
US,33,US-S33-12,Spencer Stone,29,M,Childhood Friends,"Sacramento, California",CA,USA,Unable to return to competition,1
US,33,US-S33-13,Michael Norwood,36,M,Singing Police Officers,"Buffalo, New York",NY,USA,"Eliminated 3rd (in Altstätten, Switzerland)",0
US,33,US-S33-14,Moe Badger,42,M,Singing Police Officers,"Buffalo, New York",NY,USA,"Eliminated 3rd (in Altstätten, Switzerland)",1
US,33,US-S33-15,Akbar Cook Sr.,45,M,Married Educators,"Newark, New Jersey",NJ,USA,"Eliminated 4th (in Giuncaggio, France)",2
US,33,US-S33-16,Sheri Cook,44,F,Married Educators,"Havana, Florida",FL,USA,"Eliminated 4th (in Giuncaggio, France)",3
US,33,US-S33-17,Lulu Gonzalez,37,F,Twins & Radio Hosts,"North Bergen, New Jersey",NJ,USA,"Eliminated 5th (in Nea Kallikrateia, Greece)",4
US,33,US-S33-18,Lala Gonzalez,37,F,Twins & Radio Hosts,"North Bergen, New Jersey",NJ,USA,"Eliminated 5th (in Nea Kallikrateia, Greece)",4
US,33,US-S33-19,Arun Kumar,56,M,Father & Daughter,"Detroit, Michigan",MI,USA,"Eliminated 6th (in Cabo Espichel, Portugal)",6
US,33,US-S33-20,Natalia Kumar,28,F,Father & Daughter,"Detroit, Michigan",MI,USA,"Eliminated 6th (in Cabo Espichel, Portugal)",5
US,33,US-S33-21,Ryan Ferguson,37,M,Best Friends,"Manhattan, New York",NY,USA,Third place,6
US,33,US-S33-22,Dusty Harris,38,M,Best Friends,"Columbia, Missouri",MO,USA,Third place,5
US,33,US-S33-23,Raquel Moore,31,F,Flight Attendants,"Chicago, Illinois",IL,USA,Runners-up,7
US,33,US-S33-24,Cayla Platt,30,F,Flight Attendants,"Gulf Breeze, Florida",FL,USA,Runners-up,4
US,33,US-S33-25,Kim Holderness,45,F,Married,"Sarasota, Florida",FL,USA,Winners,5
US,33,US-S33-26,Penn Holderness,47,M,Married,"Durham, North Carolina",NC,USA,Winners,6
US,34,US-S34-01,Aastha Lal,33,F,Engaged,"Marina del Rey, California",CA,USA,"Eliminated 1st (in Munich, Germany)",0
US,34,US-S34-02,Nina Duong,34,F,Engaged,"Marina del Rey, California",CA,USA,"Eliminated 1st (in Munich, Germany)",1
US,34,US-S34-03,Tim Mann,40,M,Golf Buddies,"Brentwood, Tennessee",TN,USA,"Eliminated 2nd (in Innsbruck, Austria)",1
US,34,US-S34-04,Rex Ryan,59,M,Golf Buddies,"Brentwood, Tennessee",TN,USA,"Eliminated 2nd (in Innsbruck, Austria)",1
US,34,US-S34-05,Rich Kuo,32,M,Motivational Speakers,"Huntington Beach, California",CA,USA,"Eliminated 3rd (in Florence, Italy)",2
US,34,US-S34-06,Dom Jones,35,F,Motivational Speakers,"Huntington Beach, California",CA,USA,"Eliminated 3rd (in Florence, Italy)",2
US,34,US-S34-07,Linton Atkinson,50,M,Father & Daughter,"Brooklyn, New York",NY,USA,"Eliminated 4th (in Petra, Jordan)",4
US,34,US-S34-08,Sharik Atkinson,23,F,Father & Daughter,"Brooklyn, New York",NY,USA,"Eliminated 4th (in Petra, Jordan)",1
US,34,US-S34-09,Abby Garrett,24,F,Childhood Sweethearts,"Birmingham, Alabama",AL,USA,"Medically removed (in Amman, Jordan)",3
US,34,US-S34-10,Will Freeman,25,M,Childhood Sweethearts,"Birmingham, Alabama",AL,USA,"Medically removed (in Amman, Jordan)",2
US,34,US-S34-11,Glenda Roberts,41,F,Newlyweds,"Norcross, Georgia",GA,USA,"Eliminated 6th (in Domme, France)",3
US,34,US-S34-12,"Latrice ""Lumumba"" Roberts",41,M,Newlyweds,"Norcross, Georgia",GA,USA,"Eliminated 6th (in Domme, France)",4
US,34,US-S34-13,Quinton Peron,29,M,Former Rams Cheerleaders,"Pasadena, California",CA,USA,"Eliminated 7th (in Toulouse, France)",5
US,34,US-S34-14,"Madison ""Mattie"" Lynch",27,F,Former Rams Cheerleaders,"Vista, California",CA,USA,"Eliminated 7th (in Toulouse, France)",3
US,34,US-S34-15,Marcus Craig,38,M,Military Brothers,"Richmond Hill, Georgia",GA,USA,"Eliminated 8th (in Ronda, Spain)",5
US,34,US-S34-16,Michael Craig,30,M,Military Brothers,"Alamogordo, New Mexico",NM,USA,"Eliminated 8th (in Ronda, Spain)",5
US,34,US-S34-17,Aubrey Ares,29,F,Ballroom Dancers,"Los Angeles, California",CA,USA,"Eliminated 9th (in Hrunamannahreppur, Iceland)",5
US,34,US-S34-18,David Hernandez,29,M,Ballroom Dancers,"Los Angeles, California",CA,USA,"Eliminated 9th (in Hrunamannahreppur, Iceland)",6
US,34,US-S34-19,Luis Colon,34,M,Married,"Miami, Florida",FL,USA,Third place,6
US,34,US-S34-20,Michelle Burgos,34,F,Married,"Miami, Florida",FL,USA,Third place,6
US,34,US-S34-21,Emily Bushnell,36,F,Long-Lost Twins,"Ardmore, Pennsylvania",PA,USA,Runners-up,6
US,34,US-S34-22,Molly Sinert,36,F,Long-Lost Twins,"Palm Beach Gardens, Florida",FL,USA,Runners-up,6
US,34,US-S34-23,Derek Xiao,25,M,Reality Romance,"Los Angeles, California",CA,USA,Winners,6
US,34,US-S34-24,Claire Rehfuss,26,F,Reality Romance,"Los Angeles, California",CA,USA,Winners,6
US,35,US-S35-01,Alexandra Lichtor,34,F,Siblings & Roommates,"Chicago, Illinois",IL,USA,"Eliminated 1st (in Mueang Nonthaburi, Thailand)",0
US,35,US-S35-02,Sheridan Lichtor,29,M,Siblings & Roommates,"Chicago, Illinois",IL,USA,"Eliminated 1st (in Mueang Nonthaburi, Thailand)",1
US,35,US-S35-03,Elizabeth Rivera,52,F,Mother & Daughter,"Tampa, Florida",FL,USA,"Eliminated 2nd (in Sam Phran, Thailand)",1
US,35,US-S35-04,Iliana Rivera,27,F,Mother & Daughter,"Tampa, Florida",FL,USA,"Eliminated 2nd (in Sam Phran, Thailand)",1
US,35,US-S35-05,Jocelyn Chao,49,F,Married Entrepreneurs,"Albuquerque, New Mexico",NM,USA,"Eliminated 3rd (in Cần Thơ, Vietnam)",1
US,35,US-S35-06,Victor Limary,49,M,Married Entrepreneurs,"Albuquerque, New Mexico",NM,USA,"Eliminated 3rd (in Cần Thơ, Vietnam)",2
US,35,US-S35-07,Joe Moskowitz,35,M,Engaged,"New York City, New York",NY,USA,"Eliminated 4th (in Jaipur, India)",2
US,35,US-S35-08,Ian Todd,40,M,Engaged,"New York City, New York",NY,USA,"Eliminated 4th (in Jaipur, India)",2
US,35,US-S35-09,Liam Hykel,23,M,Brothers,"Cheyenne, Wyoming",WY,USA,"Eliminated 5th (in Jaipur, India)",3
US,35,US-S35-10,Yeremi Hykel,24,M,Brothers,"San Marcos, Texas",TX,USA,"Eliminated 5th (in Jaipur, India)",2
US,35,US-S35-11,Andrea Simpson,44,F,College Friends,"Philadelphia, Pennsylvania",PA,USA,"Eliminated 6th (in Cologne, Germany)",4
US,35,US-S35-12,Malaina Hatcher,45,F,College Friends,"Philadelphia, Pennsylvania",PA,USA,"Eliminated 6th (in Cologne, Germany)",2
US,35,US-S35-13,Morgan Franklin,31,F,Sisters,"Brooklyn, New York",NY,USA,"Eliminated 7th (in Ljubljana, Slovenia)",3
US,35,US-S35-14,Lena Franklin,29,F,Sisters,"Los Angeles, California",CA,USA,"Eliminated 7th (in Ljubljana, Slovenia)",5
US,35,US-S35-15,Robbin Tomich,41,F,Childhood Friends,"Kirkland, Washington",WA,USA,"Eliminated 8th (in Socerb, Slovenia)",4
US,35,US-S35-16,Chelsea Day,41,F,Childhood Friends,"Shoreline, Washington",WA,USA,"Eliminated 8th (in Socerb, Slovenia)",5
US,35,US-S35-17,Todd Martin,38,M,Married High School Sweethearts,"Chino, California",CA,USA,"Eliminated 9th (in Stockholm, Sweden)",5
US,35,US-S35-18,Ashlie Martin,38,F,Married High School Sweethearts,"Chino, California",CA,USA,"Eliminated 9th (in Stockholm, Sweden)",5
US,35,US-S35-19,Steve Cargile,54,M,Father & Daughter,"Petty, Texas",TX,USA,"Eliminated 10th (in Dublin, Ireland)",6
US,35,US-S35-20,Anna Leigh Wilson,28,F,Father & Daughter,"Royse City, Texas",TX,USA,"Eliminated 10th (in Dublin, Ireland)",6
US,35,US-S35-21,Rob McArthur,48,M,Father & Son,"Riverside, California",CA,USA,Third place,6
US,35,US-S35-22,Corey McArthur,25,M,Father & Son,"New York City, New York",NY,USA,Third place,6
US,35,US-S35-23,Joel Strasser,42,M,Best Friends,"Kuna, Idaho",ID,USA,Runners-up,6
US,35,US-S35-24,Garrett Smith,43,M,Best Friends,"Meridian, Idaho",ID,USA,Runners-up,6
US,35,US-S35-25,Greg Franklin,25,M,Brothers & Computer Scientists,"New York City, New York",NY,USA,Winners,6
US,35,US-S35-26,John Franklin,27,M,Brothers & Computer Scientists,"Mountain View, California",CA,USA,Winners,6
US,36,US-S36-01,Maya Mody,19,F,Siblings,"Monmouth Junction, New Jersey",NJ,USA,"Eliminated 1st (in Puerto Vallarta, Mexico)",0
US,36,US-S36-02,Rohan Mody,22,M,Siblings,"Monmouth Junction, New Jersey",NJ,USA,"Eliminated 1st (in Puerto Vallarta, Mexico)",1
US,36,US-S36-03,Chris Foster,60,M,Father & Daughter,"Waltham, Massachusetts",MA,USA,"Eliminated 2nd (in Puerto Vallarta, Mexico)",0
US,36,US-S36-04,Mary Cardona-Foster,27,F,Father & Daughter,"Waltham, Massachusetts",MA,USA,"Eliminated 2nd (in Puerto Vallarta, Mexico)",2
US,36,US-S36-05,Anthony Smith,26,M,Twins,"Clearwater, Florida",FL,USA,"Eliminated 3rd (in El Peñol, Colombia)",2
US,36,US-S36-06,Bailey Smith,26,M,Twins,"Clearwater, Florida",FL,USA,"Eliminated 3rd (in El Peñol, Colombia)",1
US,36,US-S36-07,Michelle Clark,39,F,Married Aerobics Instructors,"East Point, Georgia",GA,USA,"Eliminated 4th (in Medellín, Colombia)",3
US,36,US-S36-08,Sean Clark,46,M,Married Aerobics Instructors,"East Point, Georgia",GA,USA,"Eliminated 4th (in Medellín, Colombia)",1
US,36,US-S36-09,Kishori Turner,26,F,Cousins,"Gaithersburg, Maryland",MD,USA,"Eliminated 5th (in Santiago, Chile)",2
US,36,US-S36-10,Karishma Cordero,22,F,Cousins,"Austin, Texas",TX,USA,"Eliminated 5th (in Santiago, Chile)",3
US,36,US-S36-11,Derek Williams,57,M,Grandparents,"Alta Loma, California",CA,USA,"Eliminated 6th (in Córdoba, Argentina)",4
US,36,US-S36-12,Shelisa Williams,55,F,Grandparents,"Alta Loma, California",CA,USA,"Eliminated 6th (in Córdoba, Argentina)",3
US,36,US-S36-13,Sunny Pulver,41,F,Firefighter Moms,"Edgerton, Wisconsin",WI,USA,"Eliminated 7th (in Montevideo, Uruguay)",5
US,36,US-S36-14,Bizzy Smith,37,F,Firefighter Moms,"New Berlin, Wisconsin",WI,USA,"Eliminated 7th (in Montevideo, Uruguay)",3
US,36,US-S36-15,Angie Butler,55,F,Mother & Son,"Walla Walla, Washington",WA,USA,"Eliminated 8th (in Christ Church, Barbados)",4
US,36,US-S36-16,Danny Butler,27,M,Mother & Son,"San Diego, California",CA,USA,"Eliminated 8th (in Christ Church, Barbados)",5
US,36,US-S36-17,Yvonne Chavez,40,F,Girlfriends,"San Diego, California",CA,USA,"Eliminated 9th (in Puerto Plata, Dominican Republic)",6
US,36,US-S36-18,Melissa Main,38,F,Girlfriends,"San Diego, California",CA,USA,"Eliminated 9th (in Puerto Plata, Dominican Republic)",5
US,36,US-S36-19,Amber Craven,30,F,Dating Nurses,"Englewood, Colorado",CO,USA,"Eliminated 10th (in La Boca, Dominican Republic)",5
US,36,US-S36-20,Vinny Cagungun,37,M,Dating Nurses,"Englewood, Colorado",CO,USA,"Eliminated 10th (in La Boca, Dominican Republic)",7
US,36,US-S36-21,Rod Gardner,46,M,Married,"Lawrenceville, Georgia",GA,USA,Third place,7
US,36,US-S36-22,Leticia Gardner,38,F,Married,"Lawrenceville, Georgia",GA,USA,Third place,7
US,36,US-S36-23,Juan Villa,29,M,Military Pilots,"Spokane, Washington",WA,USA,Runners-up,7
US,36,US-S36-24,Shane Bilek,29,M,Military Pilots,"Marine City, Michigan",MI,USA,Runners-up,7
US,36,US-S36-25,Ricky Rotandi,34,M,Boyfriends,"New York City, New York",NY,USA,Winners,7
US,36,US-S36-26,Cesar Aldrete,34,M,Boyfriends,"New York City, New York",NY,USA,Winners,7
US,37,US-S37-01,Jackye Clayton,51,F,Sisters,"Waco, Texas",TX,USA,Eliminated 1st & 2nd (in Hong Kong),0
US,37,US-S37-02,Lauren McKinney,61,F,Sisters,"Waco, Texas",TX,USA,Eliminated 1st & 2nd (in Hong Kong),0
US,37,US-S37-03,Mark Crawford,63,M,Retired Firefighters,"Watertown, Tennessee",TN,USA,Eliminated 1st & 2nd (in Hong Kong),0
US,37,US-S37-04,Larry Graham,59,M,Retired Firefighters,"Bartlett, Tennessee",TN,USA,Eliminated 1st & 2nd (in Hong Kong),0
US,37,US-S37-05,Ernest Cato,59,M,Father & Daughter,"Chicago, Illinois",IL,USA,"Eliminated 3rd (in Minoh, Japan)",0
US,37,US-S37-06,Bridget Cato,28,F,Father & Daughter,"Somerville, Massachusetts",MA,USA,"Eliminated 3rd (in Minoh, Japan)",0
US,37,US-S37-07,Courtney Ramsey,33,F,Dating Nurses,"Leland, North Carolina",NC,USA,"Eliminated 4th (in Kyoto, Japan)",0
US,37,US-S37-08,Jasmin Carey,34,F,Dating Nurses,"Leland, North Carolina",NC,USA,"Eliminated 4th (in Kyoto, Japan)",0
US,37,US-S37-09,Bernie Gutierrez,31,F,Friends,"Dallas, Texas",TX,USA,"Eliminated 5th (in Kubu, Indonesia)",0
US,37,US-S37-10,Carrigain Scadden,33,F,Friends,"Denver, Colorado",CO,USA,"Eliminated 5th (in Kubu, Indonesia)",0
US,37,US-S37-11,Scott Thompson,47,M,Married Parents of Eight,"Salt Lake City, Utah",UT,USA,"Eliminated 6th (in Nusa Dua, Indonesia)",0
US,37,US-S37-12,Lori Thompson,49,F,Married Parents of Eight,"Salt Lake City, Utah",UT,USA,"Eliminated 6th (in Nusa Dua, Indonesia)",0
US,37,US-S37-13,"Jeff ""Pops"" Bailey",65,M,Father & Son Lumberjacks,"St. Louis, Missouri",MO,USA,"Eliminated 7th (in Dubai, United Arab Emirates)",0
US,37,US-S37-14,Jeff Bailey,36,M,Father & Son Lumberjacks,"St. Louis, Missouri",MO,USA,"Eliminated 7th (in Dubai, United Arab Emirates)",0
US,37,US-S37-15,Nick Fiorito,32,M,Brothers,"Brooklyn, New York",NY,USA,"Eliminated 8th (in Sarantsi, Bulgaria)",0
US,37,US-S37-16,Mike Fiorito,28,M,Brothers,"Brooklyn, New York",NY,USA,"Eliminated 8th (in Sarantsi, Bulgaria)",0
US,37,US-S37-17,Melinda Papadeas,66,F,Mother & Daughter,"Chandler, Arizona",AZ,USA,"Eliminated 9th (in Sofia, Bulgaria)",0
US,37,US-S37-18,Erika Papadeas,32,F,Mother & Daughter,"Englewood, Colorado",CO,USA,"Eliminated 9th (in Sofia, Bulgaria)",0
US,37,US-S37-19,Brett Hamby,36,M,Married Vegas Performers,"Las Vegas, Nevada",NV,USA,"Eliminated 10th (in Scherwiller, France)",0
US,37,US-S37-20,Mark Romain,37,M,Married Vegas Performers,"Las Vegas, Nevada",NV,USA,"Eliminated 10th (in Scherwiller, France)",0
US,37,US-S37-21,Alyssa Borden,31,F,Married Nurses,"Philadelphia, Pennsylvania",PA,USA,"Eliminated 11th (in Vila Nova de Gaia, Portugal)",0
US,37,US-S37-22,Josiah Borden,32,M,Married Nurses,"Philadelphia, Pennsylvania",PA,USA,"Eliminated 11th (in Vila Nova de Gaia, Portugal)",0
US,37,US-S37-23,Jonathan Towns,42,M,Married Parents,"Pomona, California",CA,USA,Third place,0
US,37,US-S37-24,Ana Towns,35,F,Married Parents,"Pomona, California",CA,USA,Third place,0
US,37,US-S37-25,Han Nguyen,26,F,Siblings,"Los Gatos, California",CA,USA,Runners-up,0
US,37,US-S37-26,Holden Nguyen,22,M,Siblings,"Los Gatos, California",CA,USA,Runners-up,0
US,37,US-S37-27,Carson McCalley,28,M,Best Friends & Gamers,"Brooklyn, New York",NY,USA,Winners,0
US,37,US-S37-28,Jack Dodge,27,M,Best Friends & Gamers,"Brooklyn, New York",NY,USA,Winners,0
US,38,US-S38-01,Jack Palumbo,40,M,Jersey Brothers,"Marlton, New Jersey",NJ,USA,"Eliminated 1st (in Amsterdam, Netherlands)",0
US,38,US-S38-02,Enzo Palumbo Big Brother 12 & Big Brother 22,47,M,Jersey Brothers,"Bayonne, New Jersey",NJ,USA,"Eliminated 1st (in Amsterdam, Netherlands)",0
US,38,US-S38-03,Angela Murray Big Brother 26,51,F,Mother & Daughter,"Syracuse, Utah",UT,USA,"Eliminated 2nd (in Prague, Czech Republic)",0
US,38,US-S38-04,Lexi Murray,23,F,Mother & Daughter,"Las Vegas, Nevada",NV,USA,"Eliminated 2nd (in Prague, Czech Republic)",0
US,38,US-S38-05,Megan Belmonte,24,F,Newlyweds,"Providence, Rhode Island",RI,USA,"Eliminated 3rd (in Nové Dvory, Czech Republic)",0
US,38,US-S38-06,Matt Turner Big Brother 24,25,M,Newlyweds,"Providence, Rhode Island",RI,USA,"Eliminated 3rd (in Nové Dvory, Czech Republic)",0
US,38,US-S38-07,Kat Dunn Big Brother 21,35,F,Dating,"Dallas, Texas",TX,USA,"Eliminated 4th (in Budapest, Hungary)",0
US,38,US-S38-08,Alex Romo,32,M,Dating,"Dallas, Texas",TX,USA,"Eliminated 4th (in Budapest, Hungary)",0
US,38,US-S38-09,Hannah Chaddha Big Brother 23,25,F,Sisters,"Washington, D.C.",DC,USA,"Eliminated 5th (in Dubrovnik, Croatia)",0
US,38,US-S38-10,Simone Chaddha,22,F,Sisters,"Los Angeles, California",CA,USA,"Eliminated 5th (in Dubrovnik, Croatia)",0
US,38,US-S38-11,Kristine Bernabe,38,F,Sisters,"Los Angeles, California",CA,USA,"Eliminated 6th (in Prapratno, Croatia)",0
US,38,US-S38-12,Rubina Bernabe Big Brother 26,36,F,Sisters,"Los Angeles, California",CA,USA,"Eliminated 6th (in Prapratno, Croatia)",0
US,38,US-S38-13,Natalie Negrotti Big Brother 18,34,F,Sisters,"New York City, New York",NY,USA,"Eliminated 7th (in Bucharest, Romania)",0
US,38,US-S38-14,Stephanie Negrotti,36,F,Sisters,"Kauaʻi, Hawaii",HI,USA,"Eliminated 7th (in Bucharest, Romania)",0
US,38,US-S38-15,Tucker Des Lauriers Big Brother 26,31,M,Brothers,"Brooklyn, New York",NY,USA,"Eliminated 8th (in Athens, Greece)",0
US,38,US-S38-16,Eric Des Lauriers,32,M,Brothers,"Boston, Massachusetts",MA,USA,"Eliminated 8th (in Athens, Greece)",0
US,38,US-S38-17,Jack Baham,58,M,Father & Daughter,"Rancho Cucamonga, California",CA,USA,"Eliminated 9th (in Corbetta, Italy)",0
US,38,US-S38-18,Chelsie Baham Big Brother 26,28,F,Father & Daughter,"Rancho Cucamonga, California",CA,USA,"Eliminated 9th (in Corbetta, Italy)",0
US,38,US-S38-19,Izzy Gleicher Big Brother 25,34,F,Engaged,"New York City, New York",NY,USA,"Eliminated 10th (in Paris, France)",0
US,38,US-S38-20,Paige Seber,32,F,Engaged,"New York City, New York",NY,USA,"Eliminated 10th (in Paris, France)",0
US,38,US-S38-21,Joseph Abdin Big Brother 24,28,M,Brothers,"Palm Beach, Florida",FL,USA,Third place,0
US,38,US-S38-22,Adam Abdin,24,M,Brothers,"Miami, Florida",FL,USA,Third place,0
US,38,US-S38-23,Kyland Young Big Brother 23,34,M,Dating,"Los Angeles, California",CA,USA,Runners-up,0
US,38,US-S38-24,Taylor Hale Big Brother 24 & Big Brother Reindeer Games,30,F,Dating,"Los Angeles, California",CA,USA,Runners-up,0
US,38,US-S38-25,Jas Bains,28,M,Brothers & Entrepreneurs,"Omak, Washington",WA,USA,Winners,0
US,38,US-S38-26,Jag Bains Big Brother 25,27,M,Brothers & Entrepreneurs,"Omak, Washington",WA,USA,Winners,0
