version,season,leg_number,team_name,placement,raw_cell,is_non_elimination,fast_forward,uturn,yield,speed_bump,roadblock_performer
AUS,1,1,Tyler & Nathan,6,6th,False,False,False,False,False,
AUS,1,2,Tyler & Nathan,1,1st,False,False,False,False,False,
AUS,1,3,Tyler & Nathan,3,3rd,False,False,False,False,False,
AUS,1,4,Tyler & Nathan,2,2nd ⊃,False,False,False,False,False,
AUS,1,5,Tyler & Nathan,1,1st,False,False,False,False,False,
AUS,1,6,Tyler & Nathan,1,1st,False,False,False,False,False,
AUS,1,7,Tyler & Nathan,2,2nd,False,False,False,False,False,
AUS,1,8,Tyler & Nathan,2,2nd,False,False,False,False,False,
AUS,1,9,Tyler & Nathan,3,3rd,False,False,False,False,False,
AUS,1,10,Tyler & Nathan,3,3rd,False,False,False,False,False,
AUS,1,11,Tyler & Nathan,2,2nd,False,False,False,False,False,
AUS,1,12,Tyler & Nathan,1,1st,False,False,False,False,False,
AUS,1,1,Sam & Renae,1,1st,False,False,False,False,False,
AUS,1,2,Sam & Renae,5,5th,False,False,False,False,False,
AUS,1,3,Sam & Renae,8,8th ε,False,False,False,False,False,
AUS,1,4,Sam & Renae,5,5th,False,False,False,False,False,
AUS,1,5,Sam & Renae,6,6th,False,False,False,False,False,
AUS,1,6,Sam & Renae,6,6th,False,False,False,False,False,
AUS,1,7,Sam & Renae,4,4th,False,False,False,False,False,
AUS,1,8,Sam & Renae,3,3rd,False,False,False,False,False,
AUS,1,9,Sam & Renae,4,4th,False,False,False,False,False,
AUS,1,10,Sam & Renae,4,4th ‡,False,False,False,False,False,
AUS,1,11,Sam & Renae,1,1st,False,False,False,False,False,
AUS,1,12,Sam & Renae,2,2nd,False,False,False,False,False,
AUS,1,1,Jeff & Luke,4,4th,False,False,False,False,False,
AUS,1,2,Jeff & Luke,4,4th,False,False,False,False,False,
AUS,1,3,Jeff & Luke,6,6th,False,False,False,False,False,
AUS,1,4,Jeff & Luke,4,4th,False,False,False,False,False,
AUS,1,5,Jeff & Luke,3,3rd,False,False,False,False,False,
AUS,1,6,Jeff & Luke,3,3rd,False,False,False,False,False,
AUS,1,7,Jeff & Luke,3,3rd,False,False,False,False,False,
AUS,1,8,Jeff & Luke,1,1st,False,False,False,False,False,
AUS,1,9,Jeff & Luke,2,2nd,False,False,False,False,False,
AUS,1,10,Jeff & Luke,2,2nd,False,False,False,False,False,
AUS,1,11,Jeff & Luke,3,3rd,False,False,False,False,False,
AUS,1,12,Jeff & Luke,3,3rd,False,False,False,False,False,
AUS,1,1,Matt & Tom,5,5th,False,False,False,False,False,
AUS,1,2,Matt & Tom,2,2nd,False,False,False,False,False,
AUS,1,3,Matt & Tom,5,5th,False,False,False,False,False,
AUS,1,4,Matt & Tom,1,1st,False,False,False,False,False,
AUS,1,5,Matt & Tom,2,2nd,False,False,False,False,False,
AUS,1,6,Matt & Tom,4,4th,False,False,False,False,False,
AUS,1,7,Matt & Tom,6,6th,False,False,False,False,False,
AUS,1,8,Matt & Tom,5,5th,False,False,False,False,False,
AUS,1,9,Matt & Tom,1,1st,False,False,False,False,False,
AUS,1,10,Matt & Tom,1,1st,False,False,False,False,False,
AUS,1,11,Matt & Tom,4,4th †,False,False,False,False,False,
AUS,1,1,Dave & Kelly,2,2nd,False,False,False,False,False,
AUS,1,2,Dave & Kelly,6,6th,False,False,False,False,False,
AUS,1,3,Dave & Kelly,4,4th,False,False,False,False,False,
AUS,1,4,Dave & Kelly,6,6th,False,False,False,False,False,
AUS,1,5,Dave & Kelly,4,4th,False,False,False,False,False,
AUS,1,6,Dave & Kelly,5,5th,False,False,False,False,False,
AUS,1,7,Dave & Kelly,5,5th,False,False,False,False,False,
AUS,1,8,Dave & Kelly,4,4th,False,False,False,False,False,
AUS,1,9,Dave & Kelly,5,5th †,False,False,False,False,False,
AUS,1,1,Chris & Anastasia,7,7th,False,False,False,False,False,
AUS,1,2,Chris & Anastasia,3,3rd,False,False,False,False,False,
AUS,1,3,Chris & Anastasia,7,7th,False,False,False,False,False,
AUS,1,4,Chris & Anastasia,3,3rd,False,False,False,False,False,
AUS,1,5,Chris & Anastasia,7,7th,False,False,False,False,False,
AUS,1,6,Chris & Anastasia,2,2nd,False,False,False,False,False,
AUS,1,7,Chris & Anastasia,1,1st,False,False,False,False,False,
AUS,1,8,Chris & Anastasia,6,6th †,False,False,False,False,False,
AUS,1,1,Alana & Mel,8,8th,False,False,False,False,False,
AUS,1,2,Alana & Mel,10,10th,False,False,False,False,False,
AUS,1,3,Alana & Mel,2,2nd,False,False,False,False,False,
AUS,1,4,Alana & Mel,7,7th,False,False,False,False,False,
AUS,1,5,Alana & Mel,5,5th,False,False,False,False,False,
AUS,1,6,Alana & Mel,7,7th †,False,False,False,False,False,
AUS,1,1,Mo & Mos,11,11th ‡,False,False,False,False,False,
AUS,1,2,Mo & Mos,7,7th,False,False,False,False,False,
AUS,1,3,Mo & Mos,9,9th,False,False,False,False,False,
AUS,1,4,Mo & Mos,8,8th,False,False,False,False,False,
AUS,1,5,Mo & Mos,8,8th †,False,False,False,False,False,
AUS,1,1,Richard & Joey,10,10th,False,False,False,False,False,
AUS,1,2,Richard & Joey,9,9th,False,False,False,False,False,
AUS,1,3,Richard & Joey,1,1st ƒ,False,True,False,False,False,
AUS,1,4,Richard & Joey,9,9th † ⊂,False,False,False,False,False,
AUS,1,1,Anne-Marie & Tracy,9,9th,False,False,False,False,False,
AUS,1,2,Anne-Marie & Tracy,8,8th,False,False,False,False,False,
AUS,1,3,Anne-Marie & Tracy,10,10th †,False,False,False,False,False,
AUS,1,1,Ryot & Liberty,3,3rd,False,False,False,False,False,
AUS,1,2,Ryot & Liberty,11,11th †,False,False,False,False,False,
AUS,2,1,Shane & Andrew,8,8th,False,False,False,False,False,
AUS,2,2,Shane & Andrew,7,7th,False,False,False,False,False,
AUS,2,3,Shane & Andrew,6,6th,False,False,False,False,False,
AUS,2,4,Shane & Andrew,5,5th,False,False,False,False,False,
AUS,2,5,Shane & Andrew,5,5th ⊃,False,False,False,False,False,
AUS,2,6,Shane & Andrew,6,6th,False,False,False,False,False,
AUS,2,7,Shane & Andrew,3,3rd,False,False,False,False,False,
AUS,2,8,Shane & Andrew,2,2nd,False,False,False,False,False,
AUS,2,9,Shane & Andrew,2,2nd,False,False,False,False,False,
AUS,2,10,Shane & Andrew,1,1st,False,False,False,False,False,
AUS,2,11,Shane & Andrew,3,3rd,False,False,False,False,False,
AUS,2,12,Shane & Andrew,1,1st,False,False,False,False,False,
AUS,2,1,Paul & Steve,10,10th,False,False,False,False,False,
AUS,2,2,Paul & Steve,6,6th,False,False,False,False,False,
AUS,2,3,Paul & Steve,5,5th,False,False,False,False,False,
AUS,2,4,Paul & Steve,6,6th ⊂,False,False,False,False,False,
AUS,2,5,Paul & Steve,1,1st ⊂,False,False,False,False,False,
AUS,2,6,Paul & Steve,1,1st >,False,False,False,False,False,
AUS,2,7,Paul & Steve,1,1st,False,False,False,False,False,
AUS,2,8,Paul & Steve,1,1st,False,False,False,False,False,
AUS,2,9,Paul & Steve,1,1st ƒ,False,True,False,False,False,
AUS,2,10,Paul & Steve,4,4th,False,False,False,False,False,
AUS,2,11,Paul & Steve,2,2nd,False,False,False,False,False,
AUS,2,12,Paul & Steve,2,2nd,False,False,False,False,False,
AUS,2,1,Michelle & Jo,7,7th,False,False,False,False,False,
AUS,2,2,Michelle & Jo,2,2nd,False,False,False,False,False,
AUS,2,3,Michelle & Jo,3,3rd,False,False,False,False,False,
AUS,2,4,Michelle & Jo,4,4th,False,False,False,False,False,
AUS,2,5,Michelle & Jo,2,2nd,False,False,False,False,False,
AUS,2,6,Michelle & Jo,2,2nd <,False,False,False,False,False,
AUS,2,7,Michelle & Jo,2,2nd,False,False,False,False,False,
AUS,2,8,Michelle & Jo,3,3rd,False,False,False,False,False,
AUS,2,9,Michelle & Jo,3,3rd,False,False,False,False,False,
AUS,2,10,Michelle & Jo,3,3rd,False,False,False,False,False,
AUS,2,11,Michelle & Jo,1,1st,False,False,False,False,False,
AUS,2,12,Michelle & Jo,3,3rd,False,False,False,False,False,
AUS,2,1,Joseph & Grace,6,6th,False,False,False,False,False,
AUS,2,2,Joseph & Grace,8,8th,False,False,False,False,False,
AUS,2,3,Joseph & Grace,7,7th,False,False,False,False,False,
AUS,2,4,Joseph & Grace,3,3rd,False,False,False,False,False,
AUS,2,5,Joseph & Grace,4,4th,False,False,False,False,False,
AUS,2,6,Joseph & Grace,3,3rd,False,False,False,False,False,
AUS,2,7,Joseph & Grace,7,7th,False,False,False,False,False,
AUS,2,8,Joseph & Grace,6,6th,False,False,False,False,False,
AUS,2,9,Joseph & Grace,4,4th,False,False,False,False,False,
AUS,2,10,Joseph & Grace,2,2nd,False,False,False,False,False,
AUS,2,11,Joseph & Grace,4,4th †,False,False,False,False,False,
AUS,2,1,Lucy & Emilia,11,11th,False,False,False,False,False,
AUS,2,2,Lucy & Emilia,10,10th,False,False,False,False,False,
AUS,2,3,Lucy & Emilia,9,9th,False,False,False,False,False,
AUS,2,4,Lucy & Emilia,8,8th,False,False,False,False,False,
AUS,2,5,Lucy & Emilia,6,6th,False,False,False,False,False,
AUS,2,6,Lucy & Emilia,5,5th,False,False,False,False,False,
AUS,2,7,Lucy & Emilia,5,5th,False,False,False,False,False,
AUS,2,8,Lucy & Emilia,5,5th,False,False,False,False,False,
AUS,2,9,Lucy & Emilia,5,5th,False,False,False,False,False,
AUS,2,10,Lucy & Emilia,5,5th †,False,False,False,False,False,
AUS,2,1,James & Sarah,3,3rd,False,False,False,False,False,
AUS,2,2,James & Sarah,9,9th,False,False,False,False,False,
AUS,2,3,James & Sarah,8,8th,False,False,False,False,False,
AUS,2,4,James & Sarah,1,1st,False,False,False,False,False,
AUS,2,5,James & Sarah,7,7th,False,False,False,False,False,
AUS,2,6,James & Sarah,7,7th,False,False,False,False,False,
AUS,2,7,James & Sarah,4,4th,False,False,False,False,False,
AUS,2,8,James & Sarah,4,4th,False,False,False,False,False,
AUS,2,9,James & Sarah,6,6th †,False,False,False,False,False,
AUS,2,1,Sticky & Sam,5,5th,False,False,False,False,False,
AUS,2,2,Sticky & Sam,1,1st,False,False,False,False,False,
AUS,2,3,Sticky & Sam,1,1st,False,False,False,False,False,
AUS,2,4,Sticky & Sam,2,2nd,False,False,False,False,False,
AUS,2,5,Sticky & Sam,3,3rd,False,False,False,False,False,
AUS,2,6,Sticky & Sam,4,4th,False,False,False,False,False,
AUS,2,7,Sticky & Sam,6,6th ε,False,False,False,False,False,
AUS,2,8,Sticky & Sam,7,7th † ⊂,False,False,False,False,False,
AUS,2,1,Ross & Tarryn,1,1st §,False,False,False,False,False,
AUS,2,2,Ross & Tarryn,4,4th,False,False,False,False,False,
AUS,2,3,Ross & Tarryn,2,2nd,False,False,False,False,False,
AUS,2,4,Ross & Tarryn,7,7th,False,False,False,False,False,
AUS,2,5,Ross & Tarryn,8,8th ‡,False,False,False,False,False,
AUS,2,6,Ross & Tarryn,8,8th †,False,False,False,False,False,
AUS,2,1,Kym & Donna,2,2nd,False,False,False,False,False,
AUS,2,2,Kym & Donna,5,5th,False,False,False,False,False,
AUS,2,3,Kym & Donna,4,4th,False,False,False,False,False,
AUS,2,4,Kym & Donna,9,9th †,False,False,False,False,False,
AUS,2,1,Sue & Teresa,4,4th,False,False,False,False,False,
AUS,2,2,Sue & Teresa,3,3rd,False,False,False,False,False,
AUS,2,3,Sue & Teresa,10,10th †,False,False,False,False,False,
AUS,2,1,Adam & Dane,9,9th,False,False,False,False,False,
AUS,2,2,Adam & Dane,11,11th †,False,False,False,False,False,
AUS,3,1,Daniel & Ryan,4,4th,False,False,False,False,False,
AUS,3,2,Daniel & Ryan,3,3rd,False,False,False,False,False,
AUS,3,3,Daniel & Ryan,3,3rd,False,False,False,False,False,
AUS,3,4,Daniel & Ryan,6,6th,False,False,False,False,False,
AUS,3,5,Daniel & Ryan,3,3rd,False,False,False,False,False,
AUS,3,6,Daniel & Ryan,1,1st,False,False,False,False,False,
AUS,3,7,Daniel & Ryan,1,1st §,False,False,False,False,False,
AUS,3,8,Daniel & Ryan,3,3rd ƒ,False,True,False,False,False,
AUS,3,9,Daniel & Ryan,3,3rd,False,False,False,False,False,
AUS,3,10,Daniel & Ryan,1,1st,False,False,False,False,False,
AUS,3,1,Sally & Tyson,9,9th,False,False,False,False,False,
AUS,3,2,Sally & Tyson,4,4th,False,False,False,False,False,
AUS,3,3,Sally & Tyson,4,4th ⊂,False,False,False,False,False,
AUS,3,4,Sally & Tyson,5,5th,False,False,False,False,False,
AUS,3,5,Sally & Tyson,4,4th,False,False,False,False,False,
AUS,3,6,Sally & Tyson,3,3rd,False,False,False,False,False,
AUS,3,7,Sally & Tyson,4,4th,False,False,False,False,False,
AUS,3,8,Sally & Tyson,1,1st,False,False,False,False,False,
AUS,3,9,Sally & Tyson,2,2nd,False,False,False,False,False,
AUS,3,10,Sally & Tyson,2,2nd,False,False,False,False,False,
AUS,3,1,Ashleigh & Jarrod,6,6th,False,False,False,False,False,
AUS,3,2,Ashleigh & Jarrod,7,7th,False,False,False,False,False,
AUS,3,3,Ashleigh & Jarrod,5,5th,False,False,False,False,False,
AUS,3,4,Ashleigh & Jarrod,3,3rd,False,False,False,False,False,
AUS,3,5,Ashleigh & Jarrod,2,2nd,False,False,False,False,False,
AUS,3,6,Ashleigh & Jarrod,2,2nd,False,False,False,False,False,
AUS,3,7,Ashleigh & Jarrod,5,5th ‡,False,False,False,False,False,
AUS,3,8,Ashleigh & Jarrod,2,2nd,False,False,False,False,False,
AUS,3,9,Ashleigh & Jarrod,1,1st,False,False,False,False,False,
AUS,3,10,Ashleigh & Jarrod,3,3rd,False,False,False,False,False,
AUS,3,1,Carla & Hereni,2,2nd,False,False,False,False,False,
AUS,3,2,Carla & Hereni,8,8th,False,False,False,False,False,
AUS,3,3,Carla & Hereni,6,6th,False,False,False,False,False,
AUS,3,4,Carla & Hereni,1,1st ε,False,False,False,False,False,
AUS,3,5,Carla & Hereni,5,5th,False,False,False,False,False,
AUS,3,6,Carla & Hereni,5,5th,False,False,False,False,False,
AUS,3,7,Carla & Hereni,2,2nd,False,False,False,False,False,
AUS,3,8,Carla & Hereni,4,4th,False,False,False,False,False,
AUS,3,9,Carla & Hereni,4,4th †,False,False,False,False,False,
AUS,3,1,Cat & Jesse,8,8th,False,False,False,False,False,
AUS,3,2,Cat & Jesse,5,5th,False,False,False,False,False,
AUS,3,3,Cat & Jesse,7,7th,False,False,False,False,False,
AUS,3,4,Cat & Jesse,4,4th,False,False,False,False,False,
AUS,3,5,Cat & Jesse,6,6th,False,False,False,False,False,
AUS,3,6,Cat & Jesse,4,4th,False,False,False,False,False,
AUS,3,7,Cat & Jesse,3,3rd,False,False,False,False,False,
AUS,3,8,Cat & Jesse,5,5th †,False,False,False,False,False,
AUS,3,1,John & Murray,1,1st,False,False,False,False,False,
AUS,3,2,John & Murray,2,2nd ε,False,False,False,False,False,
AUS,3,3,John & Murray,1,1st ⊃,False,False,False,False,False,
AUS,3,4,John & Murray,2,2nd,False,False,False,False,False,
AUS,3,5,John & Murray,1,1st,False,False,False,False,False,
AUS,3,6,John & Murray,6,6th †,False,False,False,False,False,
AUS,3,1,Emily & Jono,3,3rd,False,False,False,False,False,
AUS,3,2,Emily & Jono,1,1st,False,False,False,False,False,
AUS,3,3,Emily & Jono,2,2nd,False,False,False,False,False,
AUS,3,4,Emily & Jono,7,7th †,False,False,False,False,False,
AUS,3,1,Aston & Christie,7,7th,False,False,False,False,False,
AUS,3,2,Aston & Christie,6,6th,False,False,False,False,False,
AUS,3,3,Aston & Christie,8,8th †,False,False,False,False,False,
AUS,3,1,Elizabeth & Todd,5,5th,False,False,False,False,False,
AUS,3,2,Elizabeth & Todd,9,9th †,False,False,False,False,False,
AUS,3,1,Inga & Tiharna,10,10th †,False,False,False,False,False,
AUS,4,1,Tim & Rod,4,4th,False,False,False,False,False,
AUS,4,2,Tim & Rod,4,4th,False,False,False,False,False,
AUS,4,3,Tim & Rod,3,3rd,False,False,False,False,False,
AUS,4,4,Tim & Rod,5,5th,False,False,False,False,False,
AUS,4,5,Tim & Rod,5,5th,False,False,False,False,False,
AUS,4,6,Tim & Rod,2,2nd,False,False,False,False,False,
AUS,4,7,Tim & Rod,2,2nd,False,False,False,False,False,
AUS,4,8,Tim & Rod,2,2nd,False,False,False,False,False,
AUS,4,9,Tim & Rod,3,3rd ⊂,False,False,False,False,False,
AUS,4,10,Tim & Rod,4,4th,False,False,False,False,False,
AUS,4,11,Tim & Rod,1,1st,False,False,False,False,False,
AUS,4,12,Tim & Rod,1,1st,False,False,False,False,False,
AUS,4,1,Jasmin & Jerome,6,6th,False,False,False,False,False,
AUS,4,2,Jasmin & Jerome,5,5th,False,False,False,False,False,
AUS,4,3,Jasmin & Jerome,4,4th ⊃,False,False,False,False,False,
AUS,4,4,Jasmin & Jerome,4,4th ƒ,False,True,False,False,False,
AUS,4,5,Jasmin & Jerome,1,1st,False,False,False,False,False,
AUS,4,6,Jasmin & Jerome,3,3rd,False,False,False,False,False,
AUS,4,7,Jasmin & Jerome,5,5th,False,False,False,False,False,
AUS,4,8,Jasmin & Jerome,3,3rd,False,False,False,False,False,
AUS,4,9,Jasmin & Jerome,2,2nd,False,False,False,False,False,
AUS,4,10,Jasmin & Jerome,2,2nd,False,False,False,False,False,
AUS,4,11,Jasmin & Jerome,3,3rd,False,False,False,False,False,
AUS,4,12,Jasmin & Jerome,2,2nd,False,False,False,False,False,
AUS,4,1,Viv & Joey,2,2nd,False,False,False,False,False,
AUS,4,2,Viv & Joey,2,2nd,False,False,False,False,False,
AUS,4,3,Viv & Joey,2,2nd,False,False,False,False,False,
AUS,4,4,Viv & Joey,7,7th,False,False,False,False,False,
AUS,4,5,Viv & Joey,7,7th,False,False,False,False,False,
AUS,4,6,Viv & Joey,5,5th,False,False,False,False,False,
AUS,4,7,Viv & Joey,3,3rd,False,False,False,False,False,
AUS,4,8,Viv & Joey,5,5th,False,False,False,False,False,
AUS,4,9,Viv & Joey,5,5th ‡,False,False,False,False,False,
AUS,4,10,Viv & Joey,3,3rd,False,False,False,False,False,
AUS,4,11,Viv & Joey,2,2nd,False,False,False,False,False,
AUS,4,12,Viv & Joey,3,3rd,False,False,False,False,False,
AUS,4,1,Tom & Tyler,1,1st,False,False,False,False,False,
AUS,4,2,Tom & Tyler,1,1st,False,False,False,False,False,
AUS,4,3,Tom & Tyler,1,1st,False,False,False,False,False,
AUS,4,4,Tom & Tyler,1,1st,False,False,False,False,False,
AUS,4,5,Tom & Tyler,2,2nd,False,False,False,False,False,
AUS,4,6,Tom & Tyler,4,4th,False,False,False,False,False,
AUS,4,7,Tom & Tyler,1,1st,False,False,False,False,False,
AUS,4,8,Tom & Tyler,1,1st ƒ,False,True,False,False,False,
AUS,4,9,Tom & Tyler,1,1st,False,False,False,False,False,
AUS,4,10,Tom & Tyler,1,1st,False,False,False,False,False,
AUS,4,11,Tom & Tyler,4,4th † ⊂,False,False,False,False,False,
AUS,4,1,Femi & Nick,5,5th,False,False,False,False,False,
AUS,4,2,Femi & Nick,9,9th,False,False,False,False,False,
AUS,4,3,Femi & Nick,7,7th,False,False,False,False,False,
AUS,4,4,Femi & Nick,8,8th,False,False,False,False,False,
AUS,4,5,Femi & Nick,3,3rd,False,False,False,False,False,
AUS,4,6,Femi & Nick,6,6th,False,False,False,False,False,
AUS,4,7,Femi & Nick,4,4th,False,False,False,False,False,
AUS,4,8,Femi & Nick,4,4th,False,False,False,False,False,
AUS,4,9,Femi & Nick,4,4th,False,False,False,False,False,
AUS,4,10,Femi & Nick,5,5th †,False,False,False,False,False,
AUS,4,1,Sid & Ash,9,9th,False,False,False,False,False,
AUS,4,2,Sid & Ash,7,7th,False,False,False,False,False,
AUS,4,3,Sid & Ash,6,6th ⊂,False,False,False,False,False,
AUS,4,4,Sid & Ash,3,3rd,False,False,False,False,False,
AUS,4,5,Sid & Ash,4,4th,False,False,False,False,False,
AUS,4,6,Sid & Ash,1,1st,False,False,False,False,False,
AUS,4,7,Sid & Ash,6,6th ‡,False,False,False,False,False,
AUS,4,8,Sid & Ash,6,6th †,False,False,False,False,False,
AUS,4,1,Hayley & Mikayla,3,3rd,False,False,False,False,False,
AUS,4,2,Hayley & Mikayla,3,3rd,False,False,False,False,False,
AUS,4,3,Hayley & Mikayla,5,5th,False,False,False,False,False,
AUS,4,4,Hayley & Mikayla,2,2nd,False,False,False,False,False,
AUS,4,5,Hayley & Mikayla,6,6th,False,False,False,False,False,
AUS,4,6,Hayley & Mikayla,7,7th †,False,False,False,False,False,
AUS,4,1,Chris & Adrienne,7,7th,False,False,False,False,False,
AUS,4,2,Chris & Adrienne,6,6th,False,False,False,False,False,
AUS,4,3,Chris & Adrienne,8,8th,False,False,False,False,False,
AUS,4,4,Chris & Adrienne,6,6th,False,False,False,False,False,
AUS,4,5,Chris & Adrienne,8,8th †,False,False,False,False,False,
AUS,4,1,Rowah & Amani,8,8th,False,False,False,False,False,
AUS,4,2,Rowah & Amani,8,8th,False,False,False,False,False,
AUS,4,3,Rowah & Amani,9,9th ‡,False,False,False,False,False,
AUS,4,4,Rowah & Amani,9,9th †,False,False,False,False,False,
AUS,4,1,Judy & Therese,10,10th,False,False,False,False,False,
AUS,4,2,Judy & Therese,10,10th †,False,False,False,False,False,
AUS,4,1,Alana & Niko,11,11th †,False,False,False,False,False,
AUS,5,1,Brendon & Jackson,12,12th,False,False,False,False,False,
AUS,5,2,Brendon & Jackson,3,3rd,False,False,False,False,False,
AUS,5,3,Brendon & Jackson,2,2nd,False,False,False,False,False,
AUS,5,4,Brendon & Jackson,1,1st,False,False,False,False,False,
AUS,5,5,Brendon & Jackson,3,3rd,False,False,False,False,False,
AUS,5,6,Brendon & Jackson,6,6th,False,False,False,False,False,
AUS,5,7,Brendon & Jackson,5,5th,False,False,False,False,False,
AUS,5,8,Brendon & Jackson,6,6th,False,False,False,False,False,
AUS,5,9,Brendon & Jackson,5,5th,False,False,False,False,False,
AUS,5,10,Brendon & Jackson,4,4th,False,False,False,False,False,
AUS,5,11,Brendon & Jackson,9,9th ‡,False,False,False,False,False,
AUS,5,12,Brendon & Jackson,4,4th §,False,False,False,False,False,
AUS,5,1,Ashleigh & Amanda,8,8th,False,False,False,False,False,
AUS,5,2,Ashleigh & Amanda,4,4th,False,False,False,False,False,
AUS,5,3,Ashleigh & Amanda,3,3rd,False,False,False,False,False,
AUS,5,4,Ashleigh & Amanda,3,3rd,False,False,False,False,False,
AUS,5,5,Ashleigh & Amanda,1,1st,False,False,False,False,False,
AUS,5,6,Ashleigh & Amanda,1,FCP,False,False,False,False,False,
AUS,5,7,Ashleigh & Amanda,6,6th,False,False,False,False,False,
AUS,5,8,Ashleigh & Amanda,3,3rd,False,False,False,False,False,
AUS,5,9,Ashleigh & Amanda,1,1st,False,False,False,False,False,
AUS,5,10,Ashleigh & Amanda,2,2nd,False,False,False,False,False,
AUS,5,11,Ashleigh & Amanda,3,3rd,False,False,False,False,False,
AUS,5,12,Ashleigh & Amanda,1,1st,False,False,False,False,False,
AUS,5,1,Jaskirat & Anurag,1,1st,False,False,False,False,False,
AUS,5,2,Jaskirat & Anurag,1,1st,False,False,False,False,False,
AUS,5,3,Jaskirat & Anurag,1,FCP,False,False,False,False,False,
AUS,5,4,Jaskirat & Anurag,8,8th,False,False,False,False,False,
AUS,5,5,Jaskirat & Anurag,2,2nd,False,False,False,False,False,
AUS,5,6,Jaskirat & Anurag,3,3rd,False,False,False,False,False,
AUS,5,7,Jaskirat & Anurag,1,1st,False,False,False,False,False,
AUS,5,8,Jaskirat & Anurag,8,8th,False,False,False,False,False,
AUS,5,9,Jaskirat & Anurag,7,7th $,False,False,False,False,False,
AUS,5,10,Jaskirat & Anurag,3,3rd,False,False,False,False,False,
AUS,5,11,Jaskirat & Anurag,5,5th,False,False,False,False,False,
AUS,5,12,Jaskirat & Anurag,5,5th,False,False,False,False,False,
AUS,5,1,Chris & Aleisha,3,3rd,False,False,False,False,False,
AUS,5,2,Chris & Aleisha,8,8th,False,False,False,False,False,
AUS,5,3,Chris & Aleisha,8,8th,False,False,False,False,False,
AUS,5,4,Chris & Aleisha,7,7th,False,False,False,False,False,
AUS,5,5,Chris & Aleisha,4,4th,False,False,False,False,False,
AUS,5,6,Chris & Aleisha,5,5th,False,False,False,False,False,
AUS,5,7,Chris & Aleisha,4,4th,False,False,False,False,False,
AUS,5,8,Chris & Aleisha,2,2nd,False,False,False,False,False,
AUS,5,9,Chris & Aleisha,2,2nd,False,False,False,False,False,
AUS,5,10,Chris & Aleisha,1,1st,False,False,False,False,False,
AUS,5,11,Chris & Aleisha,8,8th,False,False,False,False,False,
AUS,5,12,Chris & Aleisha,6,6th $,False,False,False,False,False,
AUS,5,1,Skye-Blue & Jake,6,6th,False,False,False,False,False,
AUS,5,2,Skye-Blue & Jake,10,10th,False,False,False,False,False,
AUS,5,3,Skye-Blue & Jake,4,4th,False,False,False,False,False,
AUS,5,4,Skye-Blue & Jake,5,5th,False,False,False,False,False,
AUS,5,5,Skye-Blue & Jake,5,5th,False,False,False,False,False,
AUS,5,6,Skye-Blue & Jake,1,1st,False,False,False,False,False,
AUS,5,7,Skye-Blue & Jake,7,7th,False,False,False,False,False,
AUS,5,8,Skye-Blue & Jake,7,7th,False,False,False,False,False,
AUS,5,9,Skye-Blue & Jake,4,4th,False,False,False,False,False,
AUS,5,10,Skye-Blue & Jake,8,8th,False,False,False,False,False,
AUS,5,11,Skye-Blue & Jake,6,6th,False,False,False,False,False,
AUS,5,12,Skye-Blue & Jake,7,7th,False,False,False,False,False,
AUS,5,7,MJ & Chelsea,3,3rd,False,False,False,False,False,
AUS,5,8,MJ & Chelsea,1,1st,False,False,False,False,False,
AUS,5,9,MJ & Chelsea,1,FCP,False,False,False,False,False,
AUS,5,10,MJ & Chelsea,5,5th,False,False,False,False,False,
AUS,5,11,MJ & Chelsea,1,1st,False,False,False,False,False,
AUS,5,12,MJ & Chelsea,1,FCP,False,False,False,False,False,
AUS,5,1,Holly & Dolor,9,9th,False,False,False,False,False,
AUS,5,2,Holly & Dolor,11,11th,False,False,False,False,False,
AUS,5,3,Holly & Dolor,5,5th §,False,False,False,False,False,
AUS,5,4,Holly & Dolor,9,9th ⊂,False,False,False,False,False,
AUS,5,5,Holly & Dolor,6,6th,False,False,False,False,False,
AUS,5,6,Holly & Dolor,8,8th,False,False,False,False,False,
AUS,5,7,Holly & Dolor,8,8th,False,False,False,False,False,
AUS,5,8,Holly & Dolor,4,4th,False,False,False,False,False,
AUS,5,9,Holly & Dolor,8,8th,False,False,False,False,False,
AUS,5,10,Holly & Dolor,9,9th,False,False,False,False,False,
AUS,5,11,Holly & Dolor,4,4th,False,False,False,False,False,
AUS,5,12,Holly & Dolor,2,2nd,False,False,False,False,False,
AUS,5,10,Stan & Wayne,6,6th,False,False,False,False,False,
AUS,5,11,Stan & Wayne,7,7th,False,False,False,False,False,
AUS,5,12,Stan & Wayne,3,3rd,False,False,False,False,False,
AUS,5,1,Jordan & Violeta,4,4th,False,False,False,False,False,
AUS,5,2,Jordan & Violeta,5,5th,False,False,False,False,False,
AUS,5,3,Jordan & Violeta,10,10th,False,False,False,False,False,
AUS,5,4,Jordan & Violeta,11,11th,False,False,False,False,False,
AUS,5,5,Jordan & Violeta,10,10th ‡,False,False,False,False,False,
AUS,5,6,Jordan & Violeta,7,7th $,False,False,False,False,False,
AUS,5,7,Jordan & Violeta,9,9th,False,False,False,False,False,
AUS,5,8,Jordan & Violeta,5,5th,False,False,False,False,False,
AUS,5,9,Jordan & Violeta,3,3rd,False,False,False,False,False,
AUS,5,10,Jordan & Violeta,7,7th,False,False,False,False,False,
AUS,5,11,Jordan & Violeta,2,2nd,False,False,False,False,False,
AUS,5,12,Jordan & Violeta,8,8th †,False,False,False,False,False,
AUS,5,1,Dwes & Katherine,14,14th †,False,False,False,False,False,
AUS,5,3,Dwes & Katherine,9,9th,False,False,False,False,False,
AUS,5,4,Dwes & Katherine,10,10th,False,False,False,False,False,
AUS,5,5,Dwes & Katherine,7,7th,False,False,False,False,False,
AUS,5,6,Dwes & Katherine,4,4th,False,False,False,False,False,
AUS,5,7,Dwes & Katherine,2,2nd,False,False,False,False,False,
AUS,5,8,Dwes & Katherine,9,9th ‡,False,False,False,False,False,
AUS,5,9,Dwes & Katherine,6,6th §,False,False,False,False,False,
AUS,5,10,Dwes & Katherine,10,10th †,False,False,False,False,False,
AUS,5,1,Sefa & Jessica,7,7th,False,False,False,False,False,
AUS,5,2,Sefa & Jessica,9,9th,False,False,False,False,False,
AUS,5,3,Sefa & Jessica,7,7th,False,False,False,False,False,
AUS,5,4,Sefa & Jessica,4,4th,False,False,False,False,False,
AUS,5,5,Sefa & Jessica,8,8th,False,False,False,False,False,
AUS,5,6,Sefa & Jessica,2,2nd,False,False,False,False,False,
AUS,5,7,Sefa & Jessica,10,10th †,False,False,False,False,False,
AUS,5,1,Jobelle & Rani,13,13th,False,False,False,False,False,
AUS,5,2,Jobelle & Rani,7,7th,False,False,False,False,False,
AUS,5,3,Jobelle & Rani,6,6th,False,False,False,False,False,
AUS,5,4,Jobelle & Rani,6,6th,False,False,False,False,False,
AUS,5,5,Jobelle & Rani,9,9th,False,False,False,False,False,
AUS,5,6,Jobelle & Rani,9,9th † §,False,False,False,False,False,
AUS,5,1,Shane & Deb,5,5th,False,False,False,False,False,
AUS,5,2,Shane & Deb,2,2nd,False,False,False,False,False,
AUS,5,3,Shane & Deb,1,1st,False,False,False,False,False,
AUS,5,4,Shane & Deb,2,2nd ⊃,False,False,False,False,False,
AUS,5,5,Shane & Deb,11,†,False,False,False,False,False,
AUS,5,1,Malaan & Tina,11,11th,False,False,False,False,False,
AUS,5,2,Malaan & Tina,6,6th,False,False,False,False,False,
AUS,5,3,Malaan & Tina,11,11th,False,False,False,False,False,
AUS,5,4,Malaan & Tina,12,12th †,False,False,False,False,False,
AUS,5,1,Jude & Shannon,10,10th,False,False,False,False,False,
AUS,5,2,Jude & Shannon,12,12th ‡,False,False,False,False,False,
AUS,5,3,Jude & Shannon,12,12th † $,False,False,False,False,False,
AUS,5,1,Alex & Jack,2,2nd,False,False,False,False,False,
AUS,5,2,Alex & Jack,13,†,False,False,False,False,False,
AUS,6,2,Heath & Toni,5,5th,False,False,False,False,False,
AUS,6,3,Heath & Toni,14,14th,False,False,False,False,False,
AUS,6,4,Heath & Toni,11,11th,False,False,False,False,False,
AUS,6,5,Heath & Toni,1,1st,False,False,False,False,False,
AUS,6,6,Heath & Toni,4,4th,False,False,False,False,False,
AUS,6,7,Heath & Toni,10,10th,False,False,False,False,False,
AUS,6,8,Heath & Toni,2,2nd,False,False,False,False,False,
AUS,6,9,Heath & Toni,5,5th,False,False,False,False,False,
AUS,6,2,Angel & Frankie,1,1st,False,False,False,False,False,
AUS,6,3,Angel & Frankie,9,9th,False,False,False,False,False,
AUS,6,4,Angel & Frankie,1,1st,False,False,False,False,False,
AUS,6,5,Angel & Frankie,9,9th,False,False,False,False,False,
AUS,6,6,Angel & Frankie,3,3rd,False,False,False,False,False,
AUS,6,7,Angel & Frankie,1,1st,False,False,False,False,False,
AUS,6,8,Angel & Frankie,1,1st,False,False,False,False,False,
AUS,6,9,Angel & Frankie,1,1st,False,False,False,False,False,
AUS,6,1,Kelly & Georgia,1,1st,False,False,False,False,False,
AUS,6,3,Kelly & Georgia,5,5th,False,False,False,False,False,
AUS,6,4,Kelly & Georgia,10,10th,False,False,False,False,False,
AUS,6,5,Kelly & Georgia,5,5th,False,False,False,False,False,
AUS,6,6,Kelly & Georgia,6,6th,False,False,False,False,False,
AUS,6,7,Kelly & Georgia,11,11th,False,False,False,False,False,
AUS,6,8,Kelly & Georgia,8,8th,False,False,False,False,False,
AUS,6,9,Kelly & Georgia,8,8th,False,False,False,False,False,
AUS,6,1,Tiffany & Cynthia,4,4th,False,False,False,False,False,
AUS,6,3,Tiffany & Cynthia,15,15th,False,False,False,False,False,
AUS,6,4,Tiffany & Cynthia,6,6th,False,False,False,False,False,
AUS,6,5,Tiffany & Cynthia,15,15th ‡,False,False,False,False,False,
AUS,6,6,Tiffany & Cynthia,9,9th,False,False,False,False,False,
AUS,6,7,Tiffany & Cynthia,3,3rd,False,False,False,False,False,
AUS,6,8,Tiffany & Cynthia,10,10th,False,False,False,False,False,
AUS,6,9,Tiffany & Cynthia,7,7th,False,False,False,False,False,
AUS,6,1,Pako & Mori,2,2nd,False,False,False,False,False,
AUS,6,3,Pako & Mori,2,2nd,False,False,False,False,False,
AUS,6,4,Pako & Mori,4,4th,False,False,False,False,False,
AUS,6,5,Pako & Mori,2,2nd,False,False,False,False,False,
AUS,6,6,Pako & Mori,1,1st,False,False,False,False,False,
AUS,6,7,Pako & Mori,2,2nd,False,False,False,False,False,
AUS,6,8,Pako & Mori,4,4th,False,False,False,False,False,
AUS,6,9,Pako & Mori,10,10th,False,False,False,False,False,
AUS,6,2,Lauren & Steph,3,3rd,False,False,False,False,False,
AUS,6,3,Lauren & Steph,8,8th,False,False,False,False,False,
AUS,6,4,Lauren & Steph,2,2nd,False,False,False,False,False,
AUS,6,5,Lauren & Steph,11,11th,False,False,False,False,False,
AUS,6,6,Lauren & Steph,2,2nd,False,False,False,False,False,
AUS,6,7,Lauren & Steph,8,8th,False,False,False,False,False,
AUS,6,8,Lauren & Steph,7,7th,False,False,False,False,False,
AUS,6,9,Lauren & Steph,3,3rd,False,False,False,False,False,
AUS,6,1,Chelsea & Jamus,9,9th,False,False,False,False,False,
AUS,6,3,Chelsea & Jamus,6,6th,False,False,False,False,False,
AUS,6,4,Chelsea & Jamus,8,8th,False,False,False,False,False,
AUS,6,5,Chelsea & Jamus,6,6th,False,False,False,False,False,
AUS,6,6,Chelsea & Jamus,5,5th,False,False,False,False,False,
AUS,6,7,Chelsea & Jamus,6,6th,False,False,False,False,False,
AUS,6,8,Chelsea & Jamus,11,11th,False,False,False,False,False,
AUS,6,9,Chelsea & Jamus,6,6th,False,False,False,False,False,
AUS,6,1,Jodie & Claire,6,6th,False,False,False,False,False,
AUS,6,3,Jodie & Claire,17,17th,False,False,False,False,False,
AUS,6,4,Jodie & Claire,9,9th,False,False,False,False,False,
AUS,6,5,Jodie & Claire,8,8th,False,False,False,False,False,
AUS,6,6,Jodie & Claire,11,11th,False,False,False,False,False,
AUS,6,7,Jodie & Claire,12,12th,False,False,False,False,False,
AUS,6,8,Jodie & Claire,9,9th,False,False,False,False,False,
AUS,6,9,Jodie & Claire,4,4th,False,False,False,False,False,
AUS,6,1,Fliss & Tottie,8,8th,False,False,False,False,False,
AUS,6,3,Fliss & Tottie,7,7th,False,False,False,False,False,
AUS,6,4,Fliss & Tottie,12,12th,False,False,False,False,False,
AUS,6,5,Fliss & Tottie,4,4th,False,False,False,False,False,
AUS,6,6,Fliss & Tottie,10,10th,False,False,False,False,False,
AUS,6,7,Fliss & Tottie,9,9th,False,False,False,False,False,
AUS,6,8,Fliss & Tottie,6,6th,False,False,False,False,False,
AUS,6,9,Fliss & Tottie,9,9th,False,False,False,False,False,
AUS,6,1,Flick & Gabby,3,3rd,False,False,False,False,False,
AUS,6,3,Flick & Gabby,1,1st,False,False,False,False,False,
AUS,6,4,Flick & Gabby,3,3rd,False,False,False,False,False,
AUS,6,5,Flick & Gabby,3,3rd,False,False,False,False,False,
AUS,6,6,Flick & Gabby,7,7th,False,False,False,False,False,
AUS,6,7,Flick & Gabby,5,5th,False,False,False,False,False,
AUS,6,8,Flick & Gabby,3,3rd,False,False,False,False,False,
AUS,6,9,Flick & Gabby,2,2nd,False,False,False,False,False,
AUS,6,2,Stuart & Glennon,8,8th,False,False,False,False,False,
AUS,6,3,Stuart & Glennon,10,10th,False,False,False,False,False,
AUS,6,4,Stuart & Glennon,7,7th,False,False,False,False,False,
AUS,6,5,Stuart & Glennon,13,13th,False,False,False,False,False,
AUS,6,6,Stuart & Glennon,14,14th,False,False,False,False,False,
AUS,6,7,Stuart & Glennon,15,Removed from competition,False,False,False,False,False,
AUS,6,8,Stuart & Glennon,14,Removed from competition,False,False,False,False,False,
AUS,6,9,Stuart & Glennon,13,Removed from competition,False,False,False,False,False,
AUS,6,2,Kathy & Chace,2,2nd,False,False,False,False,False,
AUS,6,3,Kathy & Chace,3,3rd,False,False,False,False,False,
AUS,6,4,Kathy & Chace,17,Removed from competition,False,False,False,False,False,
AUS,6,5,Kathy & Chace,16,Removed from competition,False,False,False,False,False,
AUS,6,6,Kathy & Chace,16,Removed from competition,False,False,False,False,False,
AUS,6,7,Kathy & Chace,15,Removed from competition,False,False,False,False,False,
AUS,6,8,Kathy & Chace,14,Removed from competition,False,False,False,False,False,
AUS,6,9,Kathy & Chace,13,Removed from competition,False,False,False,False,False,
AUS,6,2,Morgan & Lilli,9,9th,False,False,False,False,False,
AUS,6,3,Morgan & Lilli,11,11th,False,False,False,False,False,
AUS,6,4,Morgan & Lilli,13,13th,False,False,False,False,False,
AUS,6,5,Morgan & Lilli,12,12th,False,False,False,False,False,
AUS,6,6,Morgan & Lilli,8,8th,False,False,False,False,False,
AUS,6,7,Morgan & Lilli,4,4th,False,False,False,False,False,
AUS,6,8,Morgan & Lilli,5,5th,False,False,False,False,False,
AUS,6,9,Morgan & Lilli,11,11th †,False,False,False,False,False,
AUS,6,1,Tammy & Vincent,5,5th,False,False,False,False,False,
AUS,6,3,Tammy & Vincent,4,4th,False,False,False,False,False,
AUS,6,4,Tammy & Vincent,15,15th,False,False,False,False,False,
AUS,6,5,Tammy & Vincent,7,7th,False,False,False,False,False,
AUS,6,6,Tammy & Vincent,13,13th,False,False,False,False,False,
AUS,6,7,Tammy & Vincent,7,7th,False,False,False,False,False,
AUS,6,8,Tammy & Vincent,12,12th †,False,False,False,False,False,
AUS,6,2,Crystal & Reem,4,4th,False,False,False,False,False,
AUS,6,3,Crystal & Reem,16,16th,False,False,False,False,False,
AUS,6,4,Crystal & Reem,5,5th,False,False,False,False,False,
AUS,6,5,Crystal & Reem,14,14th,False,False,False,False,False,
AUS,6,6,Crystal & Reem,12,12th,False,False,False,False,False,
AUS,6,7,Crystal & Reem,13,13th †,False,False,False,False,False,
AUS,6,2,Sam & Stu,7,7th,False,False,False,False,False,
AUS,6,3,Sam & Stu,12,12th,False,False,False,False,False,
AUS,6,4,Sam & Stu,14,14th,False,False,False,False,False,
AUS,6,5,Sam & Stu,10,10th,False,False,False,False,False,
AUS,6,6,Sam & Stu,15,15th †,False,False,False,False,False,
AUS,6,2,Sam & Alex,6,6th,False,False,False,False,False,
AUS,6,3,Sam & Alex,13,13th,False,False,False,False,False,
AUS,6,4,Sam & Alex,16,16th †,False,False,False,False,False,
AUS,6,1,Jake & Holly,7,7th,False,False,False,False,False,
AUS,6,3,Jake & Holly,18,18th †,False,False,False,False,False,
AUS,6,2,Bren & Anja,10,10th †,False,False,False,False,False,
AUS,6,1,Paul & Rachel,10,10th †,False,False,False,False,False,
AUS,7,1,Darren & Tristan,1,1st,False,False,False,False,False,
AUS,7,2,Darren & Tristan,5,5th,False,False,False,False,False,
AUS,7,3,Darren & Tristan,1,1st ƒ,False,True,False,False,False,
AUS,7,4,Darren & Tristan,1,1st,False,False,False,False,False,
AUS,7,5,Darren & Tristan,5,5th,False,False,False,False,False,
AUS,7,6,Darren & Tristan,4,4th,False,False,False,False,False,
AUS,7,7,Darren & Tristan,1,1st,False,False,False,False,False,
AUS,7,8,Darren & Tristan,4,4th,False,False,False,False,False,
AUS,7,9,Darren & Tristan,3,3rd,False,False,False,False,False,
AUS,7,10,Darren & Tristan,1,1st,False,False,False,False,False,
AUS,7,11,Darren & Tristan,2,2nd,False,False,False,False,False,
AUS,7,12,Darren & Tristan,1,1st,False,False,False,False,False,
AUS,7,1,Emma & Hayley,3,3rd,False,False,False,False,False,
AUS,7,2,Emma & Hayley,1,1st,False,False,False,False,False,
AUS,7,3,Emma & Hayley,4,4th,False,False,False,False,False,
AUS,7,4,Emma & Hayley,4,4th,False,False,False,False,False,
AUS,7,5,Emma & Hayley,7,7th,False,False,False,False,False,
AUS,7,6,Emma & Hayley,5,5th,False,False,False,False,False,
AUS,7,7,Emma & Hayley,4,4th,False,False,False,False,False,
AUS,7,8,Emma & Hayley,1,1st,False,False,False,False,False,
AUS,7,9,Emma & Hayley,1,1st,False,False,False,False,False,
AUS,7,10,Emma & Hayley,3,3rd,False,False,False,False,False,
AUS,7,11,Emma & Hayley,3,3rd,False,False,False,False,False,
AUS,7,12,Emma & Hayley,1,1st,False,False,False,False,False,
AUS,7,1,Alli & Angie,4,4th,False,False,False,False,False,
AUS,7,2,Alli & Angie,2,2nd,False,False,False,False,False,
AUS,7,3,Alli & Angie,6,6th,False,False,False,False,False,
AUS,7,4,Alli & Angie,6,6th,False,False,False,False,False,
AUS,7,5,Alli & Angie,1,1st,False,False,False,False,False,
AUS,7,6,Alli & Angie,2,2nd,False,False,False,False,False,
AUS,7,7,Alli & Angie,2,2nd,False,False,False,False,False,
AUS,7,8,Alli & Angie,2,2nd,False,False,False,False,False,
AUS,7,9,Alli & Angie,4,4th,False,False,False,False,False,
AUS,7,10,Alli & Angie,4,4th ‡,False,False,False,False,False,
AUS,7,11,Alli & Angie,1,1st,False,False,False,False,False,
AUS,7,12,Alli & Angie,1,1st,False,False,False,False,False,
AUS,7,1,Harry & Teddy,2,2nd,False,False,False,False,False,
AUS,7,2,Harry & Teddy,3,3rd,False,False,False,False,False,
AUS,7,3,Harry & Teddy,3,3rd,False,False,False,False,False,
AUS,7,4,Harry & Teddy,7,7th,False,False,False,False,False,
AUS,7,5,Harry & Teddy,6,6th,False,False,False,False,False,
AUS,7,6,Harry & Teddy,6,6th,False,False,False,False,False,
AUS,7,7,Harry & Teddy,5,5th,False,False,False,False,False,
AUS,7,8,Harry & Teddy,5,5th ‡,False,False,False,False,False,
AUS,7,9,Harry & Teddy,2,2nd,False,False,False,False,False,
AUS,7,10,Harry & Teddy,2,2nd,False,False,False,False,False,
AUS,7,11,Harry & Teddy,4,4th †,False,False,False,False,False,
AUS,7,1,Jana & Cor,6,6th,False,False,False,False,False,
AUS,7,2,Jana & Cor,4,4th,False,False,False,False,False,
AUS,7,3,Jana & Cor,8,8th,False,False,False,False,False,
AUS,7,4,Jana & Cor,2,2nd,False,False,False,False,False,
AUS,7,5,Jana & Cor,3,3rd,False,False,False,False,False,
AUS,7,6,Jana & Cor,1,1st,False,False,False,False,False,
AUS,7,7,Jana & Cor,3,3rd,False,False,False,False,False,
AUS,7,8,Jana & Cor,3,3rd,False,False,False,False,False,
AUS,7,9,Jana & Cor,5,5th †,False,False,False,False,False,
AUS,7,1,Bec & Kate,10,10th,False,False,False,False,False,
AUS,7,2,Bec & Kate,8,8th,False,False,False,False,False,
AUS,7,3,Bec & Kate,5,5th,False,False,False,False,False,
AUS,7,4,Bec & Kate,3,3rd,False,False,False,False,False,
AUS,7,5,Bec & Kate,2,2nd,False,False,False,False,False,
AUS,7,6,Bec & Kate,3,3rd,False,False,False,False,False,
AUS,7,7,Bec & Kate,6,6th †,False,False,False,False,False,
AUS,7,1,George & Pam,5,5th,False,False,False,False,False,
AUS,7,2,George & Pam,7,7th,False,False,False,False,False,
AUS,7,3,George & Pam,9,9th ‡,False,False,False,False,False,
AUS,7,4,George & Pam,8,8th,False,False,False,False,False,
AUS,7,5,George & Pam,4,4th,False,False,False,False,False,
AUS,7,6,George & Pam,7,7th †,False,False,False,False,False,
AUS,7,1,Ben & Jackie,7,7th,False,False,False,False,False,
AUS,7,2,Ben & Jackie,6,6th,False,False,False,False,False,
AUS,7,3,Ben & Jackie,2,2nd,False,False,False,False,False,
AUS,7,4,Ben & Jackie,5,5th,False,False,False,False,False,
AUS,7,5,Ben & Jackie,8,8th †,False,False,False,False,False,
AUS,7,1,Peter & Frankie,9,9th,False,False,False,False,False,
AUS,7,2,Peter & Frankie,9,9th,False,False,False,False,False,
AUS,7,3,Peter & Frankie,7,7th,False,False,False,False,False,
AUS,7,4,Peter & Frankie,9,9th †,False,False,False,False,False,
AUS,7,1,Grant & Chezzi,8,8th,False,False,False,False,False,
AUS,7,2,Grant & Chezzi,10,10th †,False,False,False,False,False,
AUS,7,1,Dane & Bow,11,11th †,False,False,False,False,False,
AUS,8,1,Bam Bam & Logan,9,9th,False,False,False,False,False,
AUS,8,2,Bam Bam & Logan,1,1st,False,False,False,False,False,
AUS,8,3,Bam Bam & Logan,2,2nd,False,False,False,False,False,
AUS,8,4,Bam Bam & Logan,1,1st,False,False,False,False,False,
AUS,8,5,Bam Bam & Logan,2,2nd,False,False,False,False,False,
AUS,8,6,Bam Bam & Logan,4,4th,False,False,False,False,False,
AUS,8,7,Bam Bam & Logan,1,1st,False,False,False,False,False,
AUS,8,8,Bam Bam & Logan,3,3rd,False,False,False,False,False,
AUS,8,9,Bam Bam & Logan,3,3rd,False,False,False,False,False,
AUS,8,10,Bam Bam & Logan,2,2nd,False,False,False,False,False,
AUS,8,11,Bam Bam & Logan,2,2nd,False,False,False,False,False,
AUS,8,12,Bam Bam & Logan,1,1st,False,False,False,False,False,
AUS,8,1,Billy & Oscar,6,6th,False,False,False,False,False,
AUS,8,2,Billy & Oscar,2,2nd,False,False,False,False,False,
AUS,8,3,Billy & Oscar,8,8th,False,False,False,False,False,
AUS,8,4,Billy & Oscar,7,7th,False,False,False,False,False,
AUS,8,5,Billy & Oscar,6,6th,False,False,False,False,False,
AUS,8,6,Billy & Oscar,3,3rd,False,False,False,False,False,
AUS,8,7,Billy & Oscar,4,4th,False,False,False,False,False,
AUS,8,8,Billy & Oscar,4,4th,False,False,False,False,False,
AUS,8,9,Billy & Oscar,4,4th,False,False,False,False,False,
AUS,8,10,Billy & Oscar,4,4th ‡,False,False,False,False,False,
AUS,8,11,Billy & Oscar,3,3rd,False,False,False,False,False,
AUS,8,12,Billy & Oscar,2,2nd,False,False,False,False,False,
AUS,8,1,Brooke & Adam,4,4th,False,False,False,False,False,
AUS,8,2,Brooke & Adam,3,3rd,False,False,False,False,False,
AUS,8,3,Brooke & Adam,6,6th,False,False,False,False,False,
AUS,8,4,Brooke & Adam,4,4th,False,False,False,False,False,
AUS,8,5,Brooke & Adam,1,1st,False,False,False,False,False,
AUS,8,6,Brooke & Adam,1,1st,False,False,False,False,False,
AUS,8,7,Brooke & Adam,2,2nd,False,False,False,False,False,
AUS,8,8,Brooke & Adam,2,2nd,False,False,False,False,False,
AUS,8,9,Brooke & Adam,1,1st,False,False,False,False,False,
AUS,8,10,Brooke & Adam,3,3rd,False,False,False,False,False,
AUS,8,11,Brooke & Adam,1,1st,False,False,False,False,False,
AUS,8,12,Brooke & Adam,3,3rd,False,False,False,False,False,
AUS,8,1,Pete & Bridget,8,8th,False,False,False,False,False,
AUS,8,2,Pete & Bridget,7,7th,False,False,False,False,False,
AUS,8,3,Pete & Bridget,5,5th,False,False,False,False,False,
AUS,8,4,Pete & Bridget,6,6th,False,False,False,False,False,
AUS,8,5,Pete & Bridget,7,7th,False,False,False,False,False,
AUS,8,6,Pete & Bridget,6,6th,False,False,False,False,False,
AUS,8,7,Pete & Bridget,3,3rd,False,False,False,False,False,
AUS,8,8,Pete & Bridget,1,1st,False,False,False,False,False,
AUS,8,9,Pete & Bridget,2,2nd,False,False,False,False,False,
AUS,8,10,Pete & Bridget,1,1st,False,False,False,False,False,
AUS,8,11,Pete & Bridget,4,4th †,False,False,False,False,False,
AUS,8,1,Thorpie & Christian,2,2nd,False,False,False,False,False,
AUS,8,2,Thorpie & Christian,4,4th,False,False,False,False,False,
AUS,8,3,Thorpie & Christian,7,7th,False,False,False,False,False,
AUS,8,4,Thorpie & Christian,5,5th,False,False,False,False,False,
AUS,8,5,Thorpie & Christian,5,5th,False,False,False,False,False,
AUS,8,6,Thorpie & Christian,5,5th,False,False,False,False,False,
AUS,8,7,Thorpie & Christian,5,5th,False,False,False,False,False,
AUS,8,8,Thorpie & Christian,5,5th ‡,False,False,False,False,False,
AUS,8,9,Thorpie & Christian,5,5th †,False,False,False,False,False,
AUS,8,1,Chloe & Emily,1,1st,False,False,False,False,False,
AUS,8,2,Chloe & Emily,5,5th,False,False,False,False,False,
AUS,8,3,Chloe & Emily,1,1st,False,False,False,False,False,
AUS,8,4,Chloe & Emily,3,3rd,False,False,False,False,False,
AUS,8,5,Chloe & Emily,4,4th,False,False,False,False,False,
AUS,8,6,Chloe & Emily,2,2nd,False,False,False,False,False,
AUS,8,7,Chloe & Emily,6,6th †,False,False,False,False,False,
AUS,8,1,Havana & Steph,5,5th,False,False,False,False,False,
AUS,8,2,Havana & Steph,6,6th,False,False,False,False,False,
AUS,8,3,Havana & Steph,3,3rd,False,False,False,False,False,
AUS,8,4,Havana & Steph,2,2nd,False,False,False,False,False,
AUS,8,5,Havana & Steph,3,3rd,False,False,False,False,False,
AUS,8,6,Havana & Steph,7,7th †,False,False,False,False,False,
AUS,8,1,Jett & Lily,3,3rd,False,False,False,False,False,
AUS,8,2,Jett & Lily,8,8th,False,False,False,False,False,
AUS,8,3,Jett & Lily,4,4th,False,False,False,False,False,
AUS,8,4,Jett & Lily,8,8th †,False,False,False,False,False,
AUS,8,1,Cyrell & Eden,10,10th,False,False,False,False,False,
AUS,8,2,Cyrell & Eden,9,9th,False,False,False,False,False,
AUS,8,3,Cyrell & Eden,9,9th †,False,False,False,False,False,
AUS,8,1,Nat & Mel,7,7th,False,False,False,False,False,
AUS,8,2,Nat & Mel,10,10th †,False,False,False,False,False,
AUS,8,1,Luke & Julie,11,11th †,False,False,False,False,False,
CAN,1,1,Tim Sr. & Tim Jr.,6,6th,False,False,False,False,False,
CAN,1,2,Tim Sr. & Tim Jr.,6,6th,False,False,False,False,False,
CAN,1,3,Tim Sr. & Tim Jr.,7,7th ‡,False,False,False,False,False,
CAN,1,4,Tim Sr. & Tim Jr.,5,5th,False,False,False,False,False,
CAN,1,5,Tim Sr. & Tim Jr.,2,2nd ⊃,False,False,False,False,False,
CAN,1,6,Tim Sr. & Tim Jr.,5,5th ‡,False,False,False,False,False,
CAN,1,7,Tim Sr. & Tim Jr.,2,2nd,False,False,False,False,False,
CAN,1,8,Tim Sr. & Tim Jr.,2,2nd,False,False,False,False,False,
CAN,1,9,Tim Sr. & Tim Jr.,3,3rd,False,False,False,False,False,
CAN,1,10,Tim Sr. & Tim Jr.,1,1st,False,False,False,False,False,
CAN,1,1,Jody & Cory,7,7th,False,False,False,False,False,
CAN,1,2,Jody & Cory,3,3rd,False,False,False,False,False,
CAN,1,3,Jody & Cory,5,5th,False,False,False,False,False,
CAN,1,4,Jody & Cory,6,6th,False,False,False,False,False,
CAN,1,5,Jody & Cory,4,4th,False,False,False,False,False,
CAN,1,6,Jody & Cory,2,2nd,False,False,False,False,False,
CAN,1,7,Jody & Cory,1,1st,False,False,False,False,False,
CAN,1,8,Jody & Cory,1,1st,False,False,False,False,False,
CAN,1,9,Jody & Cory,1,1st,False,False,False,False,False,
CAN,1,10,Jody & Cory,2,2nd,False,False,False,False,False,
CAN,1,1,Vanessa & Celina,5,5th,False,False,False,False,False,
CAN,1,2,Vanessa & Celina,5,5th,False,False,False,False,False,
CAN,1,3,Vanessa & Celina,4,4th,False,False,False,False,False,
CAN,1,4,Vanessa & Celina,4,4th ε,False,False,False,False,False,
CAN,1,5,Vanessa & Celina,3,3rd,False,False,False,False,False,
CAN,1,6,Vanessa & Celina,4,4th,False,False,False,False,False,
CAN,1,7,Vanessa & Celina,4,4th,False,False,False,False,False,
CAN,1,8,Vanessa & Celina,4,4th,False,False,False,False,False,
CAN,1,9,Vanessa & Celina,2,2nd,False,False,False,False,False,
CAN,1,10,Vanessa & Celina,3,3rd,False,False,False,False,False,
CAN,1,1,Jet & Dave,4,4th,False,False,False,False,False,
CAN,1,2,Jet & Dave,7,7th,False,False,False,False,False,
CAN,1,3,Jet & Dave,3,3rd,False,False,False,False,False,
CAN,1,4,Jet & Dave,1,1st,False,False,False,False,False,
CAN,1,5,Jet & Dave,1,1st,False,False,False,False,False,
CAN,1,6,Jet & Dave,1,1st,False,False,False,False,False,
CAN,1,7,Jet & Dave,3,3rd,False,False,False,False,False,
CAN,1,8,Jet & Dave,3,3rd,False,False,False,False,False,
CAN,1,9,Jet & Dave,4,4th †,False,False,False,False,False,
CAN,1,1,Holly & Brett,2,2nd,False,False,False,False,False,
CAN,1,2,Holly & Brett,1,1st,False,False,False,False,False,
CAN,1,3,Holly & Brett,6,6th,False,False,False,False,False,
CAN,1,4,Holly & Brett,2,2nd,False,False,False,False,False,
CAN,1,5,Holly & Brett,5,5th ⊂,False,False,False,False,False,
CAN,1,6,Holly & Brett,2,2nd,False,False,False,False,False,
CAN,1,7,Holly & Brett,5,5th †,False,False,False,False,False,
CAN,1,1,Hal & Joanne,3,3rd,False,False,False,False,False,
CAN,1,2,Hal & Joanne,2,2nd,False,False,False,False,False,
CAN,1,3,Hal & Joanne,1,1st,False,False,False,False,False,
CAN,1,4,Hal & Joanne,3,3rd,False,False,False,False,False,
CAN,1,5,Hal & Joanne,6,6th † ⊂ ⊃,False,False,False,False,False,
CAN,1,1,Kristen & Darren,1,1st,False,False,False,False,False,
CAN,1,2,Kristen & Darren,4,4th,False,False,False,False,False,
CAN,1,3,Kristen & Darren,2,2nd,False,False,False,False,False,
CAN,1,4,Kristen & Darren,7,7th †,False,False,False,False,False,
CAN,1,1,Jamie & Pierre,8,8th,False,False,False,False,False,
CAN,1,2,Jamie & Pierre,8,8th †,False,False,False,False,False,
CAN,1,1,Treena & Tennille,9,9th †,False,False,False,False,False,
CAN,2,1,Mickey & Pete,7,7th,False,False,False,False,False,
CAN,2,2,Mickey & Pete,3,3rd,False,False,False,False,False,
CAN,2,3,Mickey & Pete,5,5th,False,False,False,False,False,
CAN,2,4,Mickey & Pete,6,6th,False,False,False,False,False,
CAN,2,5,Mickey & Pete,6,6th,False,False,False,False,False,
CAN,2,6,Mickey & Pete,3,3rd,False,False,False,False,False,
CAN,2,7,Mickey & Pete,3,3rd,False,False,False,False,False,
CAN,2,8,Mickey & Pete,3,3rd,False,False,False,False,False,
CAN,2,9,Mickey & Pete,2,2nd,False,False,False,False,False,
CAN,2,10,Mickey & Pete,3,3rd,False,False,False,False,False,
CAN,2,11,Mickey & Pete,2,2nd,False,False,False,False,False,
CAN,2,12,Mickey & Pete,1,1st,False,False,False,False,False,
CAN,2,1,Natalie & Meaghan,1,1st,False,False,False,False,False,
CAN,2,2,Natalie & Meaghan,1,1st,False,False,False,False,False,
CAN,2,3,Natalie & Meaghan,1,1st ε,False,False,False,False,False,
CAN,2,4,Natalie & Meaghan,1,1st,False,False,False,False,False,
CAN,2,5,Natalie & Meaghan,3,3rd,False,False,False,False,False,
CAN,2,6,Natalie & Meaghan,5,5th,False,False,False,False,False,
CAN,2,7,Natalie & Meaghan,1,1st,False,False,False,False,False,
CAN,2,8,Natalie & Meaghan,1,1st,False,False,False,False,False,
CAN,2,9,Natalie & Meaghan,3,3rd,False,False,False,False,False,
CAN,2,10,Natalie & Meaghan,2,2nd,False,False,False,False,False,
CAN,2,11,Natalie & Meaghan,1,1st,False,False,False,False,False,
CAN,2,12,Natalie & Meaghan,2,2nd,False,False,False,False,False,
CAN,2,1,Ryan & Rob,9,9th,False,False,False,False,False,
CAN,2,2,Ryan & Rob,7,7th,False,False,False,False,False,
CAN,2,3,Ryan & Rob,4,4th,False,False,False,False,False,
CAN,2,4,Ryan & Rob,2,2nd,False,False,False,False,False,
CAN,2,5,Ryan & Rob,2,2nd,False,False,False,False,False,
CAN,2,6,Ryan & Rob,6,6th,False,False,False,False,False,
CAN,2,7,Ryan & Rob,6,6th ‡,False,False,False,False,False,
CAN,2,8,Ryan & Rob,5,5th ⊂,False,False,False,False,False,
CAN,2,9,Ryan & Rob,5,5th ‡,False,False,False,False,False,
CAN,2,10,Ryan & Rob,4,4th,False,False,False,False,False,
CAN,2,11,Ryan & Rob,3,3rd,False,False,False,False,False,
CAN,2,12,Ryan & Rob,3,3rd,False,False,False,False,False,
CAN,2,1,Sukhi & Jinder,6,6th,False,False,False,False,False,
CAN,2,2,Sukhi & Jinder,6,6th,False,False,False,False,False,
CAN,2,3,Sukhi & Jinder,8,8th,False,False,False,False,False,
CAN,2,4,Sukhi & Jinder,8,8th ‡,False,False,False,False,False,
CAN,2,5,Sukhi & Jinder,4,4th,False,False,False,False,False,
CAN,2,6,Sukhi & Jinder,4,4th,False,False,False,False,False,
CAN,2,7,Sukhi & Jinder,4,4th,False,False,False,False,False,
CAN,2,8,Sukhi & Jinder,2,2nd ⊃,False,False,False,False,False,
CAN,2,9,Sukhi & Jinder,1,1st ƒ,False,True,False,False,False,
CAN,2,10,Sukhi & Jinder,1,1st,False,False,False,False,False,
CAN,2,11,Sukhi & Jinder,4,4th †,False,False,False,False,False,
CAN,2,1,Alain & Audrey,2,2nd,False,False,False,False,False,
CAN,2,2,Alain & Audrey,2,2nd,False,False,False,False,False,
CAN,2,3,Alain & Audrey,6,6th,False,False,False,False,False,
CAN,2,4,Alain & Audrey,7,7th,False,False,False,False,False,
CAN,2,5,Alain & Audrey,1,1st,False,False,False,False,False,
CAN,2,6,Alain & Audrey,2,2nd ƒ,False,True,False,False,False,
CAN,2,7,Alain & Audrey,5,5th,False,False,False,False,False,
CAN,2,8,Alain & Audrey,4,4th ⊂,False,False,False,False,False,
CAN,2,9,Alain & Audrey,4,4th,False,False,False,False,False,
CAN,2,10,Alain & Audrey,5,5th †,False,False,False,False,False,
CAN,2,1,Pierre & Michel,8,8th,False,False,False,False,False,
CAN,2,2,Pierre & Michel,5,5th,False,False,False,False,False,
CAN,2,3,Pierre & Michel,3,3rd,False,False,False,False,False,
CAN,2,4,Pierre & Michel,5,5th,False,False,False,False,False,
CAN,2,5,Pierre & Michel,5,5th,False,False,False,False,False,
CAN,2,6,Pierre & Michel,1,1st ε,False,False,False,False,False,
CAN,2,7,Pierre & Michel,2,2nd,False,False,False,False,False,
CAN,2,8,Pierre & Michel,6,6th † ⊃,False,False,False,False,False,
CAN,2,1,Rex & Bob,3,3rd,False,False,False,False,False,
CAN,2,2,Rex & Bob,9,9th,False,False,False,False,False,
CAN,2,3,Rex & Bob,7,7th,False,False,False,False,False,
CAN,2,4,Rex & Bob,3,3rd,False,False,False,False,False,
CAN,2,5,Rex & Bob,7,7th,False,False,False,False,False,
CAN,2,6,Rex & Bob,7,7th †,False,False,False,False,False,
CAN,2,1,Cormac & Nicole,4,4th,False,False,False,False,False,
CAN,2,2,Cormac & Nicole,4,4th,False,False,False,False,False,
CAN,2,3,Cormac & Nicole,2,2nd,False,False,False,False,False,
CAN,2,4,Cormac & Nicole,4,4th,False,False,False,False,False,
CAN,2,5,Cormac & Nicole,8,8th †,False,False,False,False,False,
CAN,2,1,Laura & Jackie,5,5th,False,False,False,False,False,
CAN,2,2,Laura & Jackie,8,8th,False,False,False,False,False,
CAN,2,3,Laura & Jackie,9,9th †,False,False,False,False,False,
CAN,2,1,Jen & Shawn,10,10th,False,False,False,False,False,
CAN,2,2,Jen & Shawn,10,†,False,False,False,False,False,
CAN,2,1,Shahla & Nabeela,11,11th †,False,False,False,False,False,
CAN,3,1,Gino & Jesse,1,1st,False,False,False,False,False,
CAN,3,2,Gino & Jesse,10,10th,False,False,False,False,False,
CAN,3,3,Gino & Jesse,2,2nd,False,False,False,False,False,
CAN,3,4,Gino & Jesse,7,7th,False,False,False,False,False,
CAN,3,5,Gino & Jesse,1,1st ⊃,False,False,False,False,False,
CAN,3,6,Gino & Jesse,1,1st ƒ,False,True,False,False,False,
CAN,3,7,Gino & Jesse,2,2nd,False,False,False,False,False,
CAN,3,8,Gino & Jesse,5,5th,False,False,False,False,False,
CAN,3,9,Gino & Jesse,2,2nd,False,False,False,False,False,
CAN,3,10,Gino & Jesse,1,1st ⊃,False,False,False,False,False,
CAN,3,11,Gino & Jesse,3,3rd,False,False,False,False,False,
CAN,3,12,Gino & Jesse,1,1st,False,False,False,False,False,
CAN,3,1,Nick & Matt,6,6th,False,False,False,False,False,
CAN,3,2,Nick & Matt,3,3rd,False,False,False,False,False,
CAN,3,3,Nick & Matt,3,3rd,False,False,False,False,False,
CAN,3,4,Nick & Matt,3,3rd,False,False,False,False,False,
CAN,3,5,Nick & Matt,3,3rd,False,False,False,False,False,
CAN,3,6,Nick & Matt,2,2nd,False,False,False,False,False,
CAN,3,7,Nick & Matt,5,5th,False,False,False,False,False,
CAN,3,8,Nick & Matt,2,2nd,False,False,False,False,False,
CAN,3,9,Nick & Matt,1,1st,False,False,False,False,False,
CAN,3,10,Nick & Matt,3,3rd ⊂ ⊃,False,False,False,False,False,
CAN,3,11,Nick & Matt,2,2nd,False,False,False,False,False,
CAN,3,12,Nick & Matt,2,2nd,False,False,False,False,False,
CAN,3,1,Brent & Sean,3,3rd,False,False,False,False,False,
CAN,3,2,Brent & Sean,8,8th,False,False,False,False,False,
CAN,3,3,Brent & Sean,6,6th,False,False,False,False,False,
CAN,3,4,Brent & Sean,4,4th,False,False,False,False,False,
CAN,3,5,Brent & Sean,5,5th ⊂ ⊃,False,False,False,False,False,
CAN,3,6,Brent & Sean,4,4th,False,False,False,False,False,
CAN,3,7,Brent & Sean,1,1st ε,False,False,False,False,False,
CAN,3,8,Brent & Sean,3,3rd,False,False,False,False,False,
CAN,3,9,Brent & Sean,5,5th ‡,False,False,False,False,False,
CAN,3,10,Brent & Sean,2,2nd,False,False,False,False,False,
CAN,3,11,Brent & Sean,1,1st,False,False,False,False,False,
CAN,3,12,Brent & Sean,3,3rd,False,False,False,False,False,
CAN,3,1,Simi & Ope,5,5th,False,False,False,False,False,
CAN,3,2,Simi & Ope,9,9th,False,False,False,False,False,
CAN,3,3,Simi & Ope,5,5th,False,False,False,False,False,
CAN,3,4,Simi & Ope,5,5th,False,False,False,False,False,
CAN,3,5,Simi & Ope,8,8th,False,False,False,False,False,
CAN,3,6,Simi & Ope,5,5th,False,False,False,False,False,
CAN,3,7,Simi & Ope,6,6th,False,False,False,False,False,
CAN,3,8,Simi & Ope,4,4th,False,False,False,False,False,
CAN,3,9,Simi & Ope,3,3rd,False,False,False,False,False,
CAN,3,10,Simi & Ope,4,4th,False,False,False,False,False,
CAN,3,11,Simi & Ope,4,4th †,False,False,False,False,False,
CAN,3,1,Dujean & Leilani,8,8th,False,False,False,False,False,
CAN,3,2,Dujean & Leilani,5,5th,False,False,False,False,False,
CAN,3,3,Dujean & Leilani,4,4th,False,False,False,False,False,
CAN,3,4,Dujean & Leilani,1,1st,False,False,False,False,False,
CAN,3,5,Dujean & Leilani,4,4th,False,False,False,False,False,
CAN,3,6,Dujean & Leilani,7,7th,False,False,False,False,False,
CAN,3,7,Dujean & Leilani,3,3rd,False,False,False,False,False,
CAN,3,8,Dujean & Leilani,1,1st,False,False,False,False,False,
CAN,3,9,Dujean & Leilani,4,4th,False,False,False,False,False,
CAN,3,10,Dujean & Leilani,5,5th † ⊂,False,False,False,False,False,
CAN,3,1,Brian & Cynthia,9,9th,False,False,False,False,False,
CAN,3,2,Brian & Cynthia,2,2nd,False,False,False,False,False,
CAN,3,3,Brian & Cynthia,9,9th,False,False,False,False,False,
CAN,3,4,Brian & Cynthia,2,2nd,False,False,False,False,False,
CAN,3,5,Brian & Cynthia,2,2nd,False,False,False,False,False,
CAN,3,6,Brian & Cynthia,3,3rd,False,False,False,False,False,
CAN,3,7,Brian & Cynthia,4,4th,False,False,False,False,False,
CAN,3,8,Brian & Cynthia,6,6th †,False,False,False,False,False,
CAN,3,1,Neil & Kristin,10,10th,False,False,False,False,False,
CAN,3,2,Neil & Kristin,6,6th,False,False,False,False,False,
CAN,3,3,Neil & Kristin,1,1st,False,False,False,False,False,
CAN,3,4,Neil & Kristin,6,6th,False,False,False,False,False,
CAN,3,5,Neil & Kristin,7,7th,False,False,False,False,False,
CAN,3,6,Neil & Kristin,6,6th,False,False,False,False,False,
CAN,3,7,Neil & Kristin,7,7th †,False,False,False,False,False,
CAN,3,1,Nic & Sabrina,2,2nd,False,False,False,False,False,
CAN,3,2,Nic & Sabrina,4,4th,False,False,False,False,False,
CAN,3,3,Nic & Sabrina,8,8th,False,False,False,False,False,
CAN,3,4,Nic & Sabrina,8,8th,False,False,False,False,False,
CAN,3,5,Nic & Sabrina,6,6th ⊂,False,False,False,False,False,
CAN,3,6,Nic & Sabrina,8,8th †,False,False,False,False,False,
CAN,3,1,Hamilton & Michaelia,4,4th,False,False,False,False,False,
CAN,3,2,Hamilton & Michaelia,1,1st ε,False,False,False,False,False,
CAN,3,3,Hamilton & Michaelia,7,7th,False,False,False,False,False,
CAN,3,4,Hamilton & Michaelia,9,9th †,False,False,False,False,False,
CAN,3,1,Dana & Amanda,7,7th,False,False,False,False,False,
CAN,3,2,Dana & Amanda,7,7th,False,False,False,False,False,
CAN,3,3,Dana & Amanda,10,10th †,False,False,False,False,False,
CAN,3,1,Susan & Sharnjit,11,11th,False,False,False,False,False,
CAN,3,2,Susan & Sharnjit,11,11th †,False,False,False,False,False,
CAN,3,1,Max & Elias,12,12th †,False,False,False,False,False,
CAN,4,1,Steph & Kristen,2,2nd,False,False,False,False,False,
CAN,4,2,Steph & Kristen,6,6th,False,False,False,False,False,
CAN,4,3,Steph & Kristen,2,2nd,False,False,False,False,False,
CAN,4,4,Steph & Kristen,2,2nd,False,False,False,False,False,
CAN,4,5,Steph & Kristen,1,1st,False,False,False,False,False,
CAN,4,6,Steph & Kristen,1,1st,False,False,False,False,False,
CAN,4,7,Steph & Kristen,1,1st ⊃,False,False,False,False,False,
CAN,4,8,Steph & Kristen,3,3rd,False,False,False,False,False,
CAN,4,9,Steph & Kristen,2,2nd ⊃,False,False,False,False,False,
CAN,4,10,Steph & Kristen,1,1st,False,False,False,False,False,
CAN,4,11,Steph & Kristen,1,1st,False,False,False,False,False,
CAN,4,1,Jillian & Emmett,1,1st,False,False,False,False,False,
CAN,4,2,Jillian & Emmett,1,1st,False,False,False,False,False,
CAN,4,3,Jillian & Emmett,4,4th,False,False,False,False,False,
CAN,4,4,Jillian & Emmett,7,7th,False,False,False,False,False,
CAN,4,5,Jillian & Emmett,2,2nd,False,False,False,False,False,
CAN,4,6,Jillian & Emmett,2,2nd,False,False,False,False,False,
CAN,4,7,Jillian & Emmett,4,4th ⊂ ⊃,False,False,False,False,False,
CAN,4,8,Jillian & Emmett,1,1st,False,False,False,False,False,
CAN,4,9,Jillian & Emmett,1,1st ⊃,False,False,False,False,False,
CAN,4,10,Jillian & Emmett,3,3rd,False,False,False,False,False,
CAN,4,11,Jillian & Emmett,2,2nd,False,False,False,False,False,
CAN,4,1,Joel & Ashley,4,4th,False,False,False,False,False,
CAN,4,2,Joel & Ashley,4,4th,False,False,False,False,False,
CAN,4,3,Joel & Ashley,1,1st,False,False,False,False,False,
CAN,4,4,Joel & Ashley,5,5th,False,False,False,False,False,
CAN,4,5,Joel & Ashley,4,4th,False,False,False,False,False,
CAN,4,6,Joel & Ashley,6,6th,False,False,False,False,False,
CAN,4,7,Joel & Ashley,3,3rd ⊂,False,False,False,False,False,
CAN,4,8,Joel & Ashley,2,2nd,False,False,False,False,False,
CAN,4,9,Joel & Ashley,4,4th ⊂,False,False,False,False,False,
CAN,4,10,Joel & Ashley,2,2nd,False,False,False,False,False,
CAN,4,11,Joel & Ashley,3,3rd,False,False,False,False,False,
CAN,4,1,Frankie & Amy,6,6th,False,False,False,False,False,
CAN,4,2,Frankie & Amy,3,3rd,False,False,False,False,False,
CAN,4,3,Frankie & Amy,5,5th,False,False,False,False,False,
CAN,4,4,Frankie & Amy,4,4th,False,False,False,False,False,
CAN,4,5,Frankie & Amy,3,3rd,False,False,False,False,False,
CAN,4,6,Frankie & Amy,5,5th ɛ,False,False,False,False,False,
CAN,4,7,Frankie & Amy,5,5th,False,False,False,False,False,
CAN,4,8,Frankie & Amy,4,4th,False,False,False,False,False,
CAN,4,9,Frankie & Amy,3,3rd,False,False,False,False,False,
CAN,4,10,Frankie & Amy,4,4th †,False,False,False,False,False,
CAN,4,1,Rita & Yvette,7,7th,False,False,False,False,False,
CAN,4,2,Rita & Yvette,8,8th,False,False,False,False,False,
CAN,4,3,Rita & Yvette,6,6th,False,False,False,False,False,
CAN,4,4,Rita & Yvette,3,3rd,False,False,False,False,False,
CAN,4,5,Rita & Yvette,5,5th,False,False,False,False,False,
CAN,4,6,Rita & Yvette,4,4th,False,False,False,False,False,
CAN,4,7,Rita & Yvette,2,2nd,False,False,False,False,False,
CAN,4,8,Rita & Yvette,5,5th ‡,False,False,False,False,False,
CAN,4,9,Rita & Yvette,5,5th † ⊂,False,False,False,False,False,
CAN,4,1,Julie & Lowell,5,5th,False,False,False,False,False,
CAN,4,2,Julie & Lowell,7,7th,False,False,False,False,False,
CAN,4,3,Julie & Lowell,7,7th,False,False,False,False,False,
CAN,4,4,Julie & Lowell,6,6th,False,False,False,False,False,
CAN,4,5,Julie & Lowell,6,6th,False,False,False,False,False,
CAN,4,6,Julie & Lowell,3,3rd,False,False,False,False,False,
CAN,4,7,Julie & Lowell,6,6th †,False,False,False,False,False,
CAN,4,1,Kelly & Kate,9,9th,False,False,False,False,False,
CAN,4,2,Kelly & Kate,9,9th ‡,False,False,False,False,False,
CAN,4,3,Kelly & Kate,3,3rd,False,False,False,False,False,
CAN,4,4,Kelly & Kate,1,1st,False,False,False,False,False,
CAN,4,5,Kelly & Kate,7,7th †,False,False,False,False,False,
CAN,4,1,Anne & Tanya,8,8th,False,False,False,False,False,
CAN,4,2,Anne & Tanya,5,5th,False,False,False,False,False,
CAN,4,3,Anne & Tanya,8,8th,False,False,False,False,False,
CAN,4,4,Anne & Tanya,8,8th †,False,False,False,False,False,
CAN,4,1,Stéphane & Antoine,3,3rd,False,False,False,False,False,
CAN,4,2,Stéphane & Antoine,2,2nd,False,False,False,False,False,
CAN,4,3,Stéphane & Antoine,9,9th †,False,False,False,False,False,
CAN,4,1,Anthony & Brandon,10,10th †,False,False,False,False,False,
CAN,5,1,Sam & Paul,4,4th,False,False,False,False,False,
CAN,5,2,Sam & Paul,3,3rd,False,False,False,False,False,
CAN,5,3,Sam & Paul,4,4th,False,False,False,False,False,
CAN,5,4,Sam & Paul,1,1st,False,False,False,False,False,
CAN,5,5,Sam & Paul,3,3rd,False,False,False,False,False,
CAN,5,6,Sam & Paul,2,2nd ⊃,False,False,False,False,False,
CAN,5,7,Sam & Paul,1,1st,False,False,False,False,False,
CAN,5,8,Sam & Paul,1,1st,False,False,False,False,False,
CAN,5,9,Sam & Paul,1,1st ⊂,False,False,False,False,False,
CAN,5,10,Sam & Paul,1,1st,False,False,False,False,False,
CAN,5,11,Sam & Paul,1,1st,False,False,False,False,False,
CAN,5,1,Kenneth & Ryan,1,1st,False,False,False,False,False,
CAN,5,2,Kenneth & Ryan,5,5th,False,False,False,False,False,
CAN,5,3,Kenneth & Ryan,6,6th ε,False,False,False,False,False,
CAN,5,4,Kenneth & Ryan,4,4th,False,False,False,False,False,
CAN,5,5,Kenneth & Ryan,4,4th,False,False,False,False,False,
CAN,5,6,Kenneth & Ryan,5,5th ⊂,False,False,False,False,False,
CAN,5,7,Kenneth & Ryan,2,2nd,False,False,False,False,False,
CAN,5,8,Kenneth & Ryan,2,2nd,False,False,False,False,False,
CAN,5,9,Kenneth & Ryan,2,2nd ⊃,False,False,False,False,False,
CAN,5,10,Kenneth & Ryan,3,3rd,False,False,False,False,False,
CAN,5,11,Kenneth & Ryan,2,2nd,False,False,False,False,False,
CAN,5,1,Korey & Ivana,2,2nd,False,False,False,False,False,
CAN,5,2,Korey & Ivana,8,8th,False,False,False,False,False,
CAN,5,3,Korey & Ivana,2,2nd,False,False,False,False,False,
CAN,5,4,Korey & Ivana,6,6th,False,False,False,False,False,
CAN,5,5,Korey & Ivana,6,6th,False,False,False,False,False,
CAN,5,6,Korey & Ivana,3,3rd ⊃,False,False,False,False,False,
CAN,5,7,Korey & Ivana,5,5th,False,False,False,False,False,
CAN,5,8,Korey & Ivana,4,4th,False,False,False,False,False,
CAN,5,9,Korey & Ivana,4,4th ⊃,False,False,False,False,False,
CAN,5,10,Korey & Ivana,2,2nd,False,False,False,False,False,
CAN,5,11,Korey & Ivana,3,3rd,False,False,False,False,False,
CAN,5,1,Karen & Bert,6,6th,False,False,False,False,False,
CAN,5,2,Karen & Bert,4,4th,False,False,False,False,False,
CAN,5,3,Karen & Bert,5,5th ɛ,False,False,False,False,False,
CAN,5,4,Karen & Bert,5,5th,False,False,False,False,False,
CAN,5,5,Karen & Bert,5,5th,False,False,False,False,False,
CAN,5,6,Karen & Bert,4,4th,False,False,False,False,False,
CAN,5,7,Karen & Bert,4,4th,False,False,False,False,False,
CAN,5,8,Karen & Bert,5,5th ‡,False,False,False,False,False,
CAN,5,9,Karen & Bert,3,3rd,False,False,False,False,False,
CAN,5,10,Karen & Bert,4,4th †,False,False,False,False,False,
CAN,5,1,Adam & Andrea,3,3rd,False,False,False,False,False,
CAN,5,2,Adam & Andrea,7,7th,False,False,False,False,False,
CAN,5,3,Adam & Andrea,3,3rd,False,False,False,False,False,
CAN,5,4,Adam & Andrea,3,3rd,False,False,False,False,False,
CAN,5,5,Adam & Andrea,1,1st ƒ,False,True,False,False,False,
CAN,5,6,Adam & Andrea,1,1st,False,False,False,False,False,
CAN,5,7,Adam & Andrea,3,3rd,False,False,False,False,False,
CAN,5,8,Adam & Andrea,3,3rd,False,False,False,False,False,
CAN,5,9,Adam & Andrea,5,5th † ⊂,False,False,False,False,False,
CAN,5,1,Andrea & Ebonie,7,7th,False,False,False,False,False,
CAN,5,2,Andrea & Ebonie,2,2nd,False,False,False,False,False,
CAN,5,3,Andrea & Ebonie,7,7th,False,False,False,False,False,
CAN,5,4,Andrea & Ebonie,7,7th,False,False,False,False,False,
CAN,5,5,Andrea & Ebonie,2,2nd,False,False,False,False,False,
CAN,5,6,Andrea & Ebonie,6,6th ‡ ⊂,False,False,False,False,False,
CAN,5,7,Andrea & Ebonie,6,6th †,False,False,False,False,False,
CAN,5,1,Zed & Shabbir,5,5th,False,False,False,False,False,
CAN,5,2,Zed & Shabbir,6,6th,False,False,False,False,False,
CAN,5,3,Zed & Shabbir,1,1st,False,False,False,False,False,
CAN,5,4,Zed & Shabbir,2,2nd,False,False,False,False,False,
CAN,5,5,Zed & Shabbir,7,7th †,False,False,False,False,False,
CAN,5,1,Megan & Courtney,9,9th,False,False,False,False,False,
CAN,5,2,Megan & Courtney,1,1st,False,False,False,False,False,
CAN,5,3,Megan & Courtney,8,8th †,False,False,False,False,False,
CAN,5,1,Dan & Riya,8,8th,False,False,False,False,False,
CAN,5,2,Dan & Riya,9,9th †,False,False,False,False,False,
CAN,5,1,Aaron & Deb,10,10th †,False,False,False,False,False,
CAN,6,1,Courtney & Adam,8,8th,False,False,False,False,False,
CAN,6,2,Courtney & Adam,7,7th,False,False,False,False,False,
CAN,6,3,Courtney & Adam,6,6th,False,False,False,False,False,
CAN,6,4,Courtney & Adam,7,7th,False,False,False,False,False,
CAN,6,5,Courtney & Adam,2,2nd,False,False,False,False,False,
CAN,6,6,Courtney & Adam,6,6th ⊃,False,False,False,False,False,
CAN,6,7,Courtney & Adam,5,5th,False,False,False,False,False,
CAN,6,8,Courtney & Adam,2,2nd,False,False,False,False,False,
CAN,6,9,Courtney & Adam,4,4th,False,False,False,False,False,
CAN,6,10,Courtney & Adam,3,3rd,False,False,False,False,False,
CAN,6,11,Courtney & Adam,1,1st,False,False,False,False,False,
CAN,6,1,Taylor & Courtney,5,5th,False,False,False,False,False,
CAN,6,2,Taylor & Courtney,3,3rd,False,False,False,False,False,
CAN,6,3,Taylor & Courtney,1,1st,False,False,False,False,False,
CAN,6,4,Taylor & Courtney,5,5th,False,False,False,False,False,
CAN,6,5,Taylor & Courtney,1,1st,False,False,False,False,False,
CAN,6,6,Taylor & Courtney,1,1st,False,False,False,False,False,
CAN,6,7,Taylor & Courtney,1,1st,False,False,False,False,False,
CAN,6,8,Taylor & Courtney,3,3rd,False,False,False,False,False,
CAN,6,9,Taylor & Courtney,3,3rd,False,False,False,False,False,
CAN,6,10,Taylor & Courtney,1,1st,False,False,False,False,False,
CAN,6,11,Taylor & Courtney,2,2nd,False,False,False,False,False,
CAN,6,1,Dylan & Kwame,4,4th,False,False,False,False,False,
CAN,6,2,Dylan & Kwame,5,5th,False,False,False,False,False,
CAN,6,3,Dylan & Kwame,5,5th,False,False,False,False,False,
CAN,6,4,Dylan & Kwame,3,3rd,False,False,False,False,False,
CAN,6,5,Dylan & Kwame,4,4th,False,False,False,False,False,
CAN,6,6,Dylan & Kwame,5,5th,False,False,False,False,False,
CAN,6,7,Dylan & Kwame,4,4th,False,False,False,False,False,
CAN,6,8,Dylan & Kwame,5,5th,False,False,False,False,False,
CAN,6,9,Dylan & Kwame,1,1st,False,False,False,False,False,
CAN,6,10,Dylan & Kwame,2,2nd,False,False,False,False,False,
CAN,6,11,Dylan & Kwame,3,3rd,False,False,False,False,False,
CAN,6,1,Martina & Phil,7,7th,False,False,False,False,False,
CAN,6,2,Martina & Phil,6,6th,False,False,False,False,False,
CAN,6,3,Martina & Phil,4,4th,False,False,False,False,False,
CAN,6,4,Martina & Phil,6,6th ⊂,False,False,False,False,False,
CAN,6,5,Martina & Phil,3,3rd,False,False,False,False,False,
CAN,6,6,Martina & Phil,3,3rd,False,False,False,False,False,
CAN,6,7,Martina & Phil,2,2nd,False,False,False,False,False,
CAN,6,8,Martina & Phil,4,4th,False,False,False,False,False,
CAN,6,9,Martina & Phil,2,2nd,False,False,False,False,False,
CAN,6,10,Martina & Phil,4,4th †,False,False,False,False,False,
CAN,6,1,Nancy & Mellisa,2,2nd,False,False,False,False,False,
CAN,6,2,Nancy & Mellisa,2,2nd,False,False,False,False,False,
CAN,6,3,Nancy & Mellisa,8,8th ε,False,False,False,False,False,
CAN,6,4,Nancy & Mellisa,2,2nd ⊃,False,False,False,False,False,
CAN,6,5,Nancy & Mellisa,5,5th,False,False,False,False,False,
CAN,6,6,Nancy & Mellisa,2,2nd,False,False,False,False,False,
CAN,6,7,Nancy & Mellisa,6,6th ‡,False,False,False,False,False,
CAN,6,8,Nancy & Mellisa,1,1st,False,False,False,False,False,
CAN,6,9,Nancy & Mellisa,5,5th †,False,False,False,False,False,
CAN,6,1,Leanne & Mar,1,1st,False,False,False,False,False,
CAN,6,2,Leanne & Mar,4,4th,False,False,False,False,False,
CAN,6,3,Leanne & Mar,3,3rd ε,False,False,False,False,False,
CAN,6,4,Leanne & Mar,1,1st,False,False,False,False,False,
CAN,6,5,Leanne & Mar,6,6th,False,False,False,False,False,
CAN,6,6,Leanne & Mar,4,4th,False,False,False,False,False,
CAN,6,7,Leanne & Mar,3,3rd,False,False,False,False,False,
CAN,6,8,Leanne & Mar,6,6th †,False,False,False,False,False,
CAN,6,1,Zainab & Monica,6,6th,False,False,False,False,False,
CAN,6,2,Zainab & Monica,9,9th ‡,False,False,False,False,False,
CAN,6,3,Zainab & Monica,7,7th,False,False,False,False,False,
CAN,6,4,Zainab & Monica,4,4th ⊃,False,False,False,False,False,
CAN,6,5,Zainab & Monica,7,7th,False,False,False,False,False,
CAN,6,6,Zainab & Monica,7,7th † ⊂,False,False,False,False,False,
CAN,6,1,Todd & Anna,3,3rd,False,False,False,False,False,
CAN,6,2,Todd & Anna,1,1st,False,False,False,False,False,
CAN,6,3,Todd & Anna,2,2nd ε,False,False,False,False,False,
CAN,6,4,Todd & Anna,8,8th † ⊂,False,False,False,False,False,
CAN,6,1,Joseph & Akash,9,9th,False,False,False,False,False,
CAN,6,2,Joseph & Akash,8,8th,False,False,False,False,False,
CAN,6,3,Joseph & Akash,9,9th †,False,False,False,False,False,
CAN,6,1,Chewy & Happy,10,10th †,False,False,False,False,False,
CAN,7,1,Anthony & James,6,6th,False,False,False,False,False,
CAN,7,2,Anthony & James,6,6th,False,False,False,False,False,
CAN,7,3,Anthony & James,3,3rd,False,False,False,False,False,
CAN,7,4,Anthony & James,6,6th ɛ,False,False,False,False,False,
CAN,7,5,Anthony & James,2,2nd,False,False,False,False,False,
CAN,7,6,Anthony & James,1,1st,False,False,False,False,False,
CAN,7,7,Anthony & James,2,2nd,False,False,False,False,False,
CAN,7,8,Anthony & James,5,5th,False,False,False,False,False,
CAN,7,9,Anthony & James,3,3rd,False,False,False,False,False,
CAN,7,10,Anthony & James,1,1st,False,False,False,False,False,
CAN,7,11,Anthony & James,1,1st,False,False,False,False,False,
CAN,7,1,Sarah & Sam,2,2nd,False,False,False,False,False,
CAN,7,2,Sarah & Sam,4,4th,False,False,False,False,False,
CAN,7,3,Sarah & Sam,5,5th ⇒,False,False,False,False,False,
CAN,7,4,Sarah & Sam,4,4th,False,False,False,False,False,
CAN,7,5,Sarah & Sam,1,1st,False,False,False,False,False,
CAN,7,6,Sarah & Sam,2,2nd,False,False,False,False,False,
CAN,7,7,Sarah & Sam,4,4th,False,False,False,False,False,
CAN,7,8,Sarah & Sam,4,4th,False,False,False,False,False,
CAN,7,9,Sarah & Sam,2,2nd,False,False,False,False,False,
CAN,7,10,Sarah & Sam,2,2nd,False,False,False,False,False,
CAN,7,11,Sarah & Sam,2,2nd,False,False,False,False,False,
CAN,7,1,Lauren & Joanne,4,4th,False,False,False,False,False,
CAN,7,2,Lauren & Joanne,8,8th,False,False,False,False,False,
CAN,7,3,Lauren & Joanne,4,4th ⇒,False,False,False,False,False,
CAN,7,4,Lauren & Joanne,5,5th,False,False,False,False,False,
CAN,7,5,Lauren & Joanne,6,6th,False,False,False,False,False,
CAN,7,6,Lauren & Joanne,4,4th,False,False,False,False,False,
CAN,7,7,Lauren & Joanne,5,5th,False,False,False,False,False,
CAN,7,8,Lauren & Joanne,2,2nd,False,False,False,False,False,
CAN,7,9,Lauren & Joanne,4,4th,False,False,False,False,False,
CAN,7,10,Lauren & Joanne,3,3rd,False,False,False,False,False,
CAN,7,11,Lauren & Joanne,3,3rd,False,False,False,False,False,
CAN,7,1,Dave & Irina,1,1st,False,False,False,False,False,
CAN,7,2,Dave & Irina,2,2nd,False,False,False,False,False,
CAN,7,3,Dave & Irina,1,1st,False,False,False,False,False,
CAN,7,4,Dave & Irina,3,3rd ε,False,False,False,False,False,
CAN,7,5,Dave & Irina,5,5th,False,False,False,False,False,
CAN,7,6,Dave & Irina,3,3rd,False,False,False,False,False,
CAN,7,7,Dave & Irina,1,1st,False,False,False,False,False,
CAN,7,8,Dave & Irina,3,3rd,False,False,False,False,False,
CAN,7,9,Dave & Irina,1,1st,False,False,False,False,False,
CAN,7,10,Dave & Irina,4,4th †,False,False,False,False,False,
CAN,7,1,Aarthy & Thinesh,7,7th,False,False,False,False,False,
CAN,7,2,Aarthy & Thinesh,1,1st,False,False,False,False,False,
CAN,7,3,Aarthy & Thinesh,2,2nd,False,False,False,False,False,
CAN,7,4,Aarthy & Thinesh,1,1st,False,False,False,False,False,
CAN,7,5,Aarthy & Thinesh,2,2nd,False,False,False,False,False,
CAN,7,6,Aarthy & Thinesh,5,5th,False,False,False,False,False,
CAN,7,7,Aarthy & Thinesh,3,3rd,False,False,False,False,False,
CAN,7,8,Aarthy & Thinesh,1,1st,False,False,False,False,False,
CAN,7,9,Aarthy & Thinesh,5,5th †,False,False,False,False,False,
CAN,7,1,Trish & Amy,5,5th,False,False,False,False,False,
CAN,7,2,Trish & Amy,7,7th,False,False,False,False,False,
CAN,7,3,Trish & Amy,7,7th ⇐,False,False,False,False,False,
CAN,7,4,Trish & Amy,7,7th ‡,False,False,False,False,False,
CAN,7,5,Trish & Amy,4,4th,False,False,False,False,False,
CAN,7,6,Trish & Amy,6,6th ‡,False,False,False,False,False,
CAN,7,7,Trish & Amy,6,6th †,False,False,False,False,False,
CAN,7,1,Meaghan & Marie,3,3rd,False,False,False,False,False,
CAN,7,2,Meaghan & Marie,5,5th,False,False,False,False,False,
CAN,7,3,Meaghan & Marie,6,6th,False,False,False,False,False,
CAN,7,4,Meaghan & Marie,2,2nd,False,False,False,False,False,
CAN,7,5,Meaghan & Marie,7,7th †,False,False,False,False,False,
CAN,7,1,Gilles & Sean,9,9th,False,False,False,False,False,
CAN,7,2,Gilles & Sean,3,3rd,False,False,False,False,False,
CAN,7,3,Gilles & Sean,8,8th † ⇐,False,False,False,False,False,
CAN,7,1,Nicki & Aisha,8,8th,False,False,False,False,False,
CAN,7,2,Nicki & Aisha,9,9th †,False,False,False,False,False,
CAN,7,1,Jet & Dave,10,10th †,False,False,False,False,False,
CAN,8,1,Catherine & Craig,5,5th,False,False,False,False,False,
CAN,8,2,Catherine & Craig,5,5th,False,False,False,False,False,
CAN,8,3,Catherine & Craig,1,1st,False,False,False,False,False,
CAN,8,4,Catherine & Craig,10,Removed from competition,False,False,False,False,False,
CAN,8,5,Catherine & Craig,10,Removed from competition,False,False,False,False,False,
CAN,8,6,Catherine & Craig,7,7th,False,False,False,False,False,
CAN,8,7,Catherine & Craig,3,3rd,False,False,False,False,False,
CAN,8,8,Catherine & Craig,4,4th,False,False,False,False,False,
CAN,8,9,Catherine & Craig,1,1st,False,False,False,False,False,
CAN,8,10,Catherine & Craig,2,2nd,False,False,False,False,False,
CAN,8,11,Catherine & Craig,1,1st,False,False,False,False,False,
CAN,8,1,Jesse & Marika,8,8th,False,False,False,False,False,
CAN,8,2,Jesse & Marika,2,2nd,False,False,False,False,False,
CAN,8,3,Jesse & Marika,4,4th,False,False,False,False,False,
CAN,8,4,Jesse & Marika,2,2nd,False,False,False,False,False,
CAN,8,5,Jesse & Marika,1,1st,False,False,False,False,False,
CAN,8,6,Jesse & Marika,6,6th ɛ,False,False,False,False,False,
CAN,8,7,Jesse & Marika,1,1st,False,False,False,False,False,
CAN,8,8,Jesse & Marika,1,1st,False,False,False,False,False,
CAN,8,9,Jesse & Marika,4,4th,False,False,False,False,False,
CAN,8,10,Jesse & Marika,3,3rd,False,False,False,False,False,
CAN,8,11,Jesse & Marika,2,2nd,False,False,False,False,False,
CAN,8,1,Franca & Nella,4,4th,False,False,False,False,False,
CAN,8,2,Franca & Nella,1,1st,False,False,False,False,False,
CAN,8,3,Franca & Nella,7,7th,False,False,False,False,False,
CAN,8,4,Franca & Nella,3,3rd,False,False,False,False,False,
CAN,8,5,Franca & Nella,2,2nd,False,False,False,False,False,
CAN,8,6,Franca & Nella,1,1st,False,False,False,False,False,
CAN,8,7,Franca & Nella,2,2nd ∈ ɛ,False,False,False,False,False,
CAN,8,8,Franca & Nella,3,3rd,False,False,False,False,False,
CAN,8,9,Franca & Nella,2,2nd,False,False,False,False,False,
CAN,8,10,Franca & Nella,4,4th,False,False,False,False,False,
CAN,8,11,Franca & Nella,3,3rd,False,False,False,False,False,
CAN,8,1,Brendan & Connor,1,1st,False,False,False,False,False,
CAN,8,2,Brendan & Connor,4,4th,False,False,False,False,False,
CAN,8,3,Brendan & Connor,2,2nd,False,False,False,False,False,
CAN,8,4,Brendan & Connor,1,1st,False,False,False,False,False,
CAN,8,5,Brendan & Connor,3,3rd,False,False,False,False,False,
CAN,8,6,Brendan & Connor,2,2nd,False,False,False,False,False,
CAN,8,7,Brendan & Connor,4,4th ε,False,False,False,False,False,
CAN,8,8,Brendan & Connor,6,6th ‡,False,False,False,False,False,
CAN,8,9,Brendan & Connor,5,5th,False,False,False,False,False,
CAN,8,10,Brendan & Connor,1,1st,False,False,False,False,False,
CAN,8,11,Brendan & Connor,4,4th,False,False,False,False,False,
CAN,8,1,Beverley & Veronica,2,2nd,False,False,False,False,False,
CAN,8,2,Beverley & Veronica,3,3rd,False,False,False,False,False,
CAN,8,3,Beverley & Veronica,3,3rd,False,False,False,False,False,
CAN,8,4,Beverley & Veronica,6,6th,False,False,False,False,False,
CAN,8,5,Beverley & Veronica,4,4th,False,False,False,False,False,
CAN,8,6,Beverley & Veronica,4,4th,False,False,False,False,False,
CAN,8,7,Beverley & Veronica,5,5th ∋,False,False,False,False,False,
CAN,8,8,Beverley & Veronica,2,2nd,False,False,False,False,False,
CAN,8,9,Beverley & Veronica,3,3rd,False,False,False,False,False,
CAN,8,10,Beverley & Veronica,5,5th †,False,False,False,False,False,
CAN,8,1,Court & Ali,6,6th,False,False,False,False,False,
CAN,8,2,Court & Ali,9,9th,False,False,False,False,False,
CAN,8,3,Court & Ali,5,5th,False,False,False,False,False,
CAN,8,4,Court & Ali,10,Removed from competition,False,False,False,False,False,
CAN,8,5,Court & Ali,10,Removed from competition,False,False,False,False,False,
CAN,8,6,Court & Ali,8,8th,False,False,False,False,False,
CAN,8,7,Court & Ali,6,6th,False,False,False,False,False,
CAN,8,8,Court & Ali,5,5th,False,False,False,False,False,
CAN,8,9,Court & Ali,6,6th †,False,False,False,False,False,
CAN,8,1,Cedric & Tychon,9,9th,False,False,False,False,False,
CAN,8,2,Cedric & Tychon,6,6th,False,False,False,False,False,
CAN,8,3,Cedric & Tychon,6,6th,False,False,False,False,False,
CAN,8,4,Cedric & Tychon,4,4th,False,False,False,False,False,
CAN,8,5,Cedric & Tychon,6,6th,False,False,False,False,False,
CAN,8,6,Cedric & Tychon,3,3rd,False,False,False,False,False,
CAN,8,7,Cedric & Tychon,7,7th †,False,False,False,False,False,
CAN,8,1,Cassie & Jahmeek,3,3rd,False,False,False,False,False,
CAN,8,2,Cassie & Jahmeek,8,8th,False,False,False,False,False,
CAN,8,3,Cassie & Jahmeek,9,9th †,False,False,False,False,False,
CAN,8,4,Cassie & Jahmeek,7,7th ‡,False,False,False,False,False,
CAN,8,5,Cassie & Jahmeek,5,5th,False,False,False,False,False,
CAN,8,6,Cassie & Jahmeek,5,5th,False,False,False,False,False,
CAN,8,7,Cassie & Jahmeek,8,8th †,False,False,False,False,False,
CAN,8,1,Dennis & Durrell,7,7th,False,False,False,False,False,
CAN,8,2,Dennis & Durrell,7,7th,False,False,False,False,False,
CAN,8,3,Dennis & Durrell,8,8th,False,False,False,False,False,
CAN,8,4,Dennis & Durrell,10,Removed from competition,False,False,False,False,False,
CAN,8,5,Dennis & Durrell,10,Removed from competition,False,False,False,False,False,
CAN,8,6,Dennis & Durrell,9,9th †,False,False,False,False,False,
CAN,8,1,Jully & Kathy,10,10th †,False,False,False,False,False,
CAN,8,4,Jully & Kathy,5,5th,False,False,False,False,False,
CAN,8,5,Jully & Kathy,7,7th †,False,False,False,False,False,
CAN,9,1,Ty & Kat,1,1st,False,False,False,False,False,
CAN,9,2,Ty & Kat,1,1st,False,False,False,False,False,
CAN,9,3,Ty & Kat,2,2nd,False,False,False,False,False,
CAN,9,4,Ty & Kat,4,4th,False,False,False,False,False,
CAN,9,5,Ty & Kat,2,2nd ∋,False,False,False,False,False,
CAN,9,6,Ty & Kat,1,1st ε α,False,False,False,False,False,
CAN,9,7,Ty & Kat,1,1st,False,False,False,False,False,
CAN,9,8,Ty & Kat,2,2nd,False,False,False,False,False,
CAN,9,9,Ty & Kat,3,3rd,False,False,False,False,False,
CAN,9,10,Ty & Kat,1,1st,False,False,False,False,False,
CAN,9,1,Tyler & Kayleen,5,5th,False,False,False,False,False,
CAN,9,2,Tyler & Kayleen,2,2nd,False,False,False,False,False,
CAN,9,3,Tyler & Kayleen,4,4th,False,False,False,False,False,
CAN,9,4,Tyler & Kayleen,3,3rd,False,False,False,False,False,
CAN,9,5,Tyler & Kayleen,1,1st α,False,False,False,False,False,
CAN,9,6,Tyler & Kayleen,3,3rd ε,False,False,False,False,False,
CAN,9,7,Tyler & Kayleen,2,2nd,False,False,False,False,False,
CAN,9,8,Tyler & Kayleen,1,1st,False,False,False,False,False,
CAN,9,9,Tyler & Kayleen,1,1st,False,False,False,False,False,
CAN,9,10,Tyler & Kayleen,2,2nd,False,False,False,False,False,
CAN,9,1,Ben & Anwar,8,8th,False,False,False,False,False,
CAN,9,2,Ben & Anwar,5,5th,False,False,False,False,False,
CAN,9,3,Ben & Anwar,7,7th,False,False,False,False,False,
CAN,9,4,Ben & Anwar,6,6th,False,False,False,False,False,
CAN,9,5,Ben & Anwar,5,5th ∈,False,False,False,False,False,
CAN,9,6,Ben & Anwar,2,2nd ε α,False,False,False,False,False,
CAN,9,7,Ben & Anwar,3,3rd,False,False,False,False,False,
CAN,9,8,Ben & Anwar,3,3rd,False,False,False,False,False,
CAN,9,9,Ben & Anwar,2,2nd,False,False,False,False,False,
CAN,9,10,Ben & Anwar,3,3rd,False,False,False,False,False,
CAN,9,1,Deven & Amanda,6,6th,False,False,False,False,False,
CAN,9,2,Deven & Amanda,8,8th,False,False,False,False,False,
CAN,9,3,Deven & Amanda,6,6th,False,False,False,False,False,
CAN,9,4,Deven & Amanda,7,7th,False,False,False,False,False,
CAN,9,5,Deven & Amanda,4,4th,False,False,False,False,False,
CAN,9,6,Deven & Amanda,4,4th α,False,False,False,False,False,
CAN,9,7,Deven & Amanda,4,4th,False,False,False,False,False,
CAN,9,8,Deven & Amanda,4,4th,False,False,False,False,False,
CAN,9,9,Deven & Amanda,4,4th †,False,False,False,False,False,
CAN,9,1,Jermaine & Justin,4,4th,False,False,False,False,False,
CAN,9,2,Jermaine & Justin,6,6th,False,False,False,False,False,
CAN,9,3,Jermaine & Justin,8,8th ‡ α,False,False,False,False,False,
CAN,9,4,Jermaine & Justin,5,5th,False,False,False,False,False,
CAN,9,5,Jermaine & Justin,6,6th,False,False,False,False,False,
CAN,9,6,Jermaine & Justin,6,6th,False,False,False,False,False,
CAN,9,7,Jermaine & Justin,4,4th,False,False,False,False,False,
CAN,9,8,Jermaine & Justin,5,5th †,False,False,False,False,False,
CAN,9,1,Derek & Jaspal,3,3rd,False,False,False,False,False,
CAN,9,2,Derek & Jaspal,3,3rd,False,False,False,False,False,
CAN,9,3,Derek & Jaspal,3,3rd,False,False,False,False,False,
CAN,9,4,Derek & Jaspal,1,1st,False,False,False,False,False,
CAN,9,5,Derek & Jaspal,3,3rd ∈,False,False,False,False,False,
CAN,9,6,Derek & Jaspal,5,5th α,False,False,False,False,False,
CAN,9,7,Derek & Jaspal,6,6th †,False,False,False,False,False,
CAN,9,1,Gracie & Lily,2,2nd,False,False,False,False,False,
CAN,9,2,Gracie & Lily,4,4th,False,False,False,False,False,
CAN,9,3,Gracie & Lily,1,1st,False,False,False,False,False,
CAN,9,4,Gracie & Lily,2,2nd,False,False,False,False,False,
CAN,9,5,Gracie & Lily,7,7th † ∋ α,False,False,False,False,False,
CAN,9,1,Shayla & Joel,7,7th,False,False,False,False,False,
CAN,9,2,Shayla & Joel,7,7th,False,False,False,False,False,
CAN,9,3,Shayla & Joel,5,5th,False,False,False,False,False,
CAN,9,4,Shayla & Joel,8,8th †,False,False,False,False,False,
CAN,9,1,Allie & Eddie,9,9th,False,False,False,False,False,
CAN,9,2,Allie & Eddie,9,9th †,False,False,False,False,False,
CAN,9,1,Gail & Gisele,10,10th †,False,False,False,False,False,
CAN,10,1,Taylor & Katie,8,8th,False,False,False,False,False,
CAN,10,2,Taylor & Katie,3,3rd,False,False,False,False,False,
CAN,10,3,Taylor & Katie,3,3rd,False,False,False,False,False,
CAN,10,4,Taylor & Katie,4,4th,False,False,False,False,False,
CAN,10,5,Taylor & Katie,3,3rd,False,False,False,False,False,
CAN,10,6,Taylor & Katie,1,1st ∈,False,False,False,False,False,
CAN,10,7,Taylor & Katie,6,6th,False,False,False,False,False,
CAN,10,8,Taylor & Katie,1,1st ∈,False,False,False,False,False,
CAN,10,9,Taylor & Katie,2,2nd,False,False,False,False,False,
CAN,10,10,Taylor & Katie,1,1st,False,False,False,False,False,
CAN,10,1,Colin & Matt,5,5th,False,False,False,False,False,
CAN,10,2,Colin & Matt,4,4th α,False,False,False,False,False,
CAN,10,3,Colin & Matt,1,1st,False,False,False,False,False,
CAN,10,4,Colin & Matt,7,7th,False,False,False,False,False,
CAN,10,5,Colin & Matt,7,7th α,False,False,False,False,False,
CAN,10,6,Colin & Matt,6,6th,False,False,False,False,False,
CAN,10,7,Colin & Matt,4,4th,False,False,False,False,False,
CAN,10,8,Colin & Matt,4,4th,False,False,False,False,False,
CAN,10,9,Colin & Matt,3,3rd,False,False,False,False,False,
CAN,10,10,Colin & Matt,2,2nd,False,False,False,False,False,
CAN,10,1,Michael & Tyson,9,9th,False,False,False,False,False,
CAN,10,2,Michael & Tyson,1,1st,False,False,False,False,False,
CAN,10,3,Michael & Tyson,6,6th,False,False,False,False,False,
CAN,10,4,Michael & Tyson,1,1st,False,False,False,False,False,
CAN,10,5,Michael & Tyson,4,4th ε,False,False,False,False,False,
CAN,10,6,Michael & Tyson,4,4th,False,False,False,False,False,
CAN,10,7,Michael & Tyson,5,5th,False,False,False,False,False,
CAN,10,8,Michael & Tyson,5,5th ∋,False,False,False,False,False,
CAN,10,9,Michael & Tyson,4,4th,False,False,False,False,False,
CAN,10,10,Michael & Tyson,3,3rd,False,False,False,False,False,
CAN,10,1,Lauren & Nicole,2,2nd,False,False,False,False,False,
CAN,10,2,Lauren & Nicole,2,2nd,False,False,False,False,False,
CAN,10,3,Lauren & Nicole,2,2nd α,False,False,False,False,False,
CAN,10,4,Lauren & Nicole,2,2nd α,False,False,False,False,False,
CAN,10,5,Lauren & Nicole,2,2nd,False,False,False,False,False,
CAN,10,6,Lauren & Nicole,3,3rd ∋ ε,False,False,False,False,False,
CAN,10,7,Lauren & Nicole,1,1st,False,False,False,False,False,
CAN,10,8,Lauren & Nicole,3,3rd,False,False,False,False,False,
CAN,10,9,Lauren & Nicole,1,1st,False,False,False,False,False,
CAN,10,10,Lauren & Nicole,4,4th,False,False,False,False,False,
CAN,10,1,Kevin & Gurleen,1,1st,False,False,False,False,False,
CAN,10,2,Kevin & Gurleen,5,5th,False,False,False,False,False,
CAN,10,3,Kevin & Gurleen,8,8th,False,False,False,False,False,
CAN,10,4,Kevin & Gurleen,5,5th ⊂,False,False,False,False,False,
CAN,10,5,Kevin & Gurleen,5,5th,False,False,False,False,False,
CAN,10,6,Kevin & Gurleen,5,5th ∋ ∈,False,False,False,False,False,
CAN,10,7,Kevin & Gurleen,2,2nd,False,False,False,False,False,
CAN,10,8,Kevin & Gurleen,2,2nd ∋ ∈,False,False,False,False,False,
CAN,10,9,Kevin & Gurleen,5,5th †,False,False,False,False,False,
CAN,10,1,Michael & Amari,3,3rd,False,False,False,False,False,
CAN,10,2,Michael & Amari,5,5th,False,False,False,False,False,
CAN,10,3,Michael & Amari,4,4th,False,False,False,False,False,
CAN,10,4,Michael & Amari,6,6th,False,False,False,False,False,
CAN,10,5,Michael & Amari,6,6th,False,False,False,False,False,
CAN,10,6,Michael & Amari,2,2nd ε,False,False,False,False,False,
CAN,10,7,Michael & Amari,3,3rd,False,False,False,False,False,
CAN,10,8,Michael & Amari,6,6th †,False,False,False,False,False,
CAN,10,1,Julia & Olivia,4,4th,False,False,False,False,False,
CAN,10,2,Julia & Olivia,8,8th,False,False,False,False,False,
CAN,10,3,Julia & Olivia,7,7th,False,False,False,False,False,
CAN,10,4,Julia & Olivia,8,8th ⊂,False,False,False,False,False,
CAN,10,5,Julia & Olivia,1,1st,False,False,False,False,False,
CAN,10,6,Julia & Olivia,7,7th †,False,False,False,False,False,
CAN,10,1,Brad & Sam,6,6th,False,False,False,False,False,
CAN,10,2,Brad & Sam,7,7th,False,False,False,False,False,
CAN,10,3,Brad & Sam,5,5th,False,False,False,False,False,
CAN,10,4,Brad & Sam,3,3rd,False,False,False,False,False,
CAN,10,5,Brad & Sam,8,8th †,False,False,False,False,False,
CAN,10,1,Connor & John,7,7th α,False,False,False,False,False,
CAN,10,2,Connor & John,9,9th,False,False,False,False,False,
CAN,10,3,Connor & John,9,9th,False,False,False,False,False,
CAN,10,4,Connor & John,9,9th †,False,False,False,False,False,
CAN,10,1,Dorothy & Olus,10,10th,False,False,False,False,False,
CAN,10,2,Dorothy & Olus,10,10th †,False,False,False,False,False,
CAN,10,1,Eva & Trystenne,11,11th †,False,False,False,False,False,
US,1,1,Rob & Brennan,1,1st ƒ,False,True,False,False,False,
US,1,2,Rob & Brennan,3,3rd,False,False,False,False,False,Rob
US,1,3,Rob & Brennan,3,3rd,False,False,False,False,False,Brennan
US,1,4,Rob & Brennan,6,6th,False,False,False,False,False,Brennan
US,1,5,Rob & Brennan,4,4th,False,False,False,False,False,Rob
US,1,6,Rob & Brennan,3,3rd,False,False,False,False,False,Brennan
US,1,7,Rob & Brennan,3,3rd,False,False,False,False,False,Rob
US,1,8,Rob & Brennan,3,3rd,False,False,False,False,False,Brennan
US,1,9,Rob & Brennan,1,1st,False,False,False,False,False,Rob
US,1,10,Rob & Brennan,1,1st,False,False,False,False,False,Brennan
US,1,11,Rob & Brennan,2,2nd,False,False,False,False,False,Brennan
US,1,12,Rob & Brennan,1,1st,False,False,False,False,False,Rob
US,1,13,Rob & Brennan,1,1st,False,False,False,False,False,Brennan
US,1,1,Frank & Margarita,3,3rd,False,False,False,False,False,Frank
US,1,2,Frank & Margarita,4,4th,False,False,False,False,False,Frank
US,1,3,Frank & Margarita,2,2nd,False,False,False,False,False,Frank
US,1,4,Frank & Margarita,5,5th,False,False,False,False,False,Frank
US,1,5,Frank & Margarita,5,5th,False,False,False,False,False,Margarita
US,1,6,Frank & Margarita,1,1st,False,False,False,False,False,Frank
US,1,7,Frank & Margarita,1,1st ƒ,False,True,False,False,False,
US,1,8,Frank & Margarita,2,2nd,False,False,False,False,False,Margarita
US,1,9,Frank & Margarita,2,2nd,False,False,False,False,False,Frank
US,1,10,Frank & Margarita,2,2nd,False,False,False,False,False,Frank
US,1,11,Frank & Margarita,1,1st,False,False,False,False,False,Margarita
US,1,12,Frank & Margarita,2,2nd,False,False,False,False,False,Frank
US,1,13,Frank & Margarita,2,2nd,False,False,False,False,False,Frank
US,1,1,Joe & Bill,2,2nd,False,False,False,False,False,Joe
US,1,2,Joe & Bill,2,2nd,False,False,False,False,False,Bill
US,1,3,Joe & Bill,4,4th,False,False,False,False,False,Joe
US,1,4,Joe & Bill,1,1st,False,False,False,False,False,Bill
US,1,5,Joe & Bill,2,2nd,False,False,False,False,False,Joe
US,1,6,Joe & Bill,2,2nd,False,False,False,False,False,Joe
US,1,7,Joe & Bill,2,2nd,False,False,False,False,False,Joe
US,1,8,Joe & Bill,4,4th,False,False,False,False,False,Bill
US,1,9,Joe & Bill,4,4th ƒ,False,True,False,False,False,
US,1,10,Joe & Bill,4,4th ‡,False,False,False,False,False,Joe
US,1,11,Joe & Bill,3,3rd,False,False,False,False,False,Joe
US,1,12,Joe & Bill,3,3rd ‡,False,False,False,False,False,Bill
US,1,13,Joe & Bill,3,3rd,False,False,False,False,False,
US,1,1,Kevin & Drew,9,9th,False,False,False,False,False,Drew
US,1,2,Kevin & Drew,5,5th,False,False,False,False,False,Kevin
US,1,3,Kevin & Drew,1,1st ƒ,False,True,False,False,False,
US,1,4,Kevin & Drew,2,2nd,False,False,False,False,False,Drew
US,1,5,Kevin & Drew,1,1st,False,False,False,False,False,Kevin
US,1,6,Kevin & Drew,4,4th,False,False,False,False,False,Drew
US,1,7,Kevin & Drew,4,4th,False,False,False,False,False,Kevin
US,1,8,Kevin & Drew,1,1st,False,False,False,False,False,Kevin
US,1,9,Kevin & Drew,3,3rd,False,False,False,False,False,Drew
US,1,10,Kevin & Drew,3,3rd,False,False,False,False,False,Kevin
US,1,11,Kevin & Drew,4,4th †,False,False,False,False,False,Drew
US,1,1,Nancy & Emily,10,10th,False,False,False,False,False,Emily
US,1,2,Nancy & Emily,7,7th,False,False,False,False,False,Emily
US,1,3,Nancy & Emily,8,8th,False,False,False,False,False,Emily
US,1,4,Nancy & Emily,3,3rd,False,False,False,False,False,Emily
US,1,5,Nancy & Emily,3,3rd,False,False,False,False,False,Emily
US,1,6,Nancy & Emily,5,5th,False,False,False,False,False,Nancy
US,1,7,Nancy & Emily,5,5th,False,False,False,False,False,Nancy
US,1,8,Nancy & Emily,5,5th ‡,False,False,False,False,False,Emily
US,1,9,Nancy & Emily,5,5th †,False,False,False,False,False,Emily
US,1,1,Lenny & Karyn,4,4th,False,False,False,False,False,Karyn
US,1,2,Lenny & Karyn,9,9th,False,False,False,False,False,Lenny
US,1,3,Lenny & Karyn,7,7th,False,False,False,False,False,Karyn
US,1,4,Lenny & Karyn,7,7th,False,False,False,False,False,Lenny
US,1,5,Lenny & Karyn,6,6th,False,False,False,False,False,Karyn
US,1,6,Lenny & Karyn,6,6th ‡,False,False,False,False,False,Karyn
US,1,7,Lenny & Karyn,6,6th †,False,False,False,False,False,Karyn
US,1,1,Paul & Amie,7,7th,False,False,False,False,False,Paul
US,1,2,Paul & Amie,6,6th,False,False,False,False,False,Paul
US,1,3,Paul & Amie,6,6th,False,False,False,False,False,Paul
US,1,4,Paul & Amie,4,4th,False,False,False,False,False,Amie
US,1,5,Paul & Amie,7,7th †,False,False,False,False,False,
US,1,1,Dave & Margaretta,8,8th,False,False,False,False,False,Margaretta
US,1,2,Dave & Margaretta,8,8th,False,False,False,False,False,Dave
US,1,3,Dave & Margaretta,5,5th,False,False,False,False,False,Dave
US,1,4,Dave & Margaretta,8,8th †,False,False,False,False,False,Dave
US,1,1,Pat & Brenda,5,5th,False,False,False,False,False,Pat
US,1,2,Pat & Brenda,1,1st ƒ,False,True,False,False,False,
US,1,3,Pat & Brenda,9,9th †,False,False,False,False,False,Pat
US,1,1,Kim & Leslie,6,6th,False,False,False,False,False,Kim
US,1,2,Kim & Leslie,10,10th †,False,False,False,False,False,Kim
US,1,1,Matt & Ana,11,11th †,False,False,False,False,False,Matt
US,2,1,Chris & Alex,6,6th,False,False,False,False,False,
US,2,2,Chris & Alex,2,2nd,False,False,False,False,False,Alex
US,2,3,Chris & Alex,7,7th,False,False,False,False,False,Chris
US,2,4,Chris & Alex,7,7th,False,False,False,False,False,Alex
US,2,5,Chris & Alex,1,1st,False,False,False,False,False,Chris
US,2,6,Chris & Alex,6,6th ‡,False,False,False,False,False,Alex
US,2,7,Chris & Alex,2,2nd,False,False,False,False,False,Chris
US,2,8,Chris & Alex,2,2nd,False,False,False,False,False,Chris
US,2,9,Chris & Alex,1,1st ƒ,False,True,False,False,False,Chris
US,2,10,Chris & Alex,3,3rd,False,False,False,False,False,Alex
US,2,11,Chris & Alex,3,3rd,False,False,False,False,False,Chris
US,2,12,Chris & Alex,3,3rd ‡,False,False,False,False,False,
US,2,13,Chris & Alex,1,1st,False,False,False,False,False,
US,2,1,Tara & Wil,1,1st,False,False,False,False,False,
US,2,2,Tara & Wil,3,3rd,False,False,False,False,False,Tara
US,2,3,Tara & Wil,2,2nd,False,False,False,False,False,Wil
US,2,4,Tara & Wil,2,2nd,False,False,False,False,False,Tara
US,2,5,Tara & Wil,3,3rd,False,False,False,False,False,Wil
US,2,6,Tara & Wil,5,5th,False,False,False,False,False,Wil
US,2,7,Tara & Wil,3,3rd,False,False,False,False,False,Tara
US,2,8,Tara & Wil,4,4th,False,False,False,False,False,Tara
US,2,9,Tara & Wil,3,3rd,False,False,False,False,False,Wil
US,2,10,Tara & Wil,2,2nd,False,False,False,False,False,
US,2,11,Tara & Wil,1,1st ƒ,False,True,False,False,False,Wil
US,2,12,Tara & Wil,1,1st,False,False,False,False,False,
US,2,13,Tara & Wil,2,2nd,False,False,False,False,False,
US,2,1,Blake & Paige,4,4th,False,False,False,False,False,
US,2,2,Blake & Paige,9,9th,False,False,False,False,False,Paige
US,2,3,Blake & Paige,5,5th,False,False,False,False,False,Blake
US,2,4,Blake & Paige,4,4th,False,False,False,False,False,Blake
US,2,5,Blake & Paige,4,4th,False,False,False,False,False,Blake
US,2,6,Blake & Paige,3,3rd,False,False,False,False,False,Blake
US,2,7,Blake & Paige,5,5th,False,False,False,False,False,Blake
US,2,8,Blake & Paige,5,5th ‡,False,False,False,False,False,Paige
US,2,9,Blake & Paige,2,2nd,False,False,False,False,False,
US,2,10,Blake & Paige,1,1st ƒ,False,True,False,False,False,Paige
US,2,11,Blake & Paige,2,2nd,False,False,False,False,False,Blake
US,2,12,Blake & Paige,1,1st,False,False,False,False,False,
US,2,13,Blake & Paige,3,3rd,False,False,False,False,False,
US,2,1,Oswald & Danny,8,8th,False,False,False,False,False,
US,2,2,Oswald & Danny,7,7th,False,False,False,False,False,Danny
US,2,3,Oswald & Danny,1,1st,False,False,False,False,False,Oswald
US,2,4,Oswald & Danny,1,1st ƒ,False,True,False,False,False,
US,2,5,Oswald & Danny,6,6th,False,False,False,False,False,Oswald
US,2,6,Oswald & Danny,4,4th,False,False,False,False,False,Oswald
US,2,7,Oswald & Danny,4,4th,False,False,False,False,False,Danny
US,2,8,Oswald & Danny,1,1st,False,False,False,False,False,Oswald
US,2,9,Oswald & Danny,4,4th,False,False,False,False,False,Oswald
US,2,10,Oswald & Danny,4,4th ‡,False,False,False,False,False,Danny
US,2,11,Oswald & Danny,4,4th †,False,False,False,False,False,
US,2,1,Gary & Dave,9,9th,False,False,False,False,False,
US,2,2,Gary & Dave,5,5th,False,False,False,False,False,Dave
US,2,3,Gary & Dave,3,3rd,False,False,False,False,False,Gary
US,2,4,Gary & Dave,3,3rd,False,False,False,False,False,Dave
US,2,5,Gary & Dave,5,5th,False,False,False,False,False,Dave
US,2,6,Gary & Dave,2,2nd,False,False,False,False,False,Dave
US,2,7,Gary & Dave,1,1st ƒ,False,True,False,False,False,
US,2,8,Gary & Dave,3,3rd,False,False,False,False,False,Gary
US,2,9,Gary & Dave,5,5th †,False,False,False,False,False,
US,2,1,Mary & Peach,7,7th,False,False,False,False,False,
US,2,2,Mary & Peach,4,4th,False,False,False,False,False,Mary
US,2,3,Mary & Peach,4,4th,False,False,False,False,False,Mary
US,2,4,Mary & Peach,5,5th,False,False,False,False,False,Peach
US,2,5,Mary & Peach,2,2nd,False,False,False,False,False,Peach
US,2,6,Mary & Peach,1,1st,False,False,False,False,False,Mary
US,2,7,Mary & Peach,6,6th †,False,False,False,False,False,
US,2,1,Cyndi & Russell,2,2nd,False,False,False,False,False,
US,2,2,Cyndi & Russell,6,6th,False,False,False,False,False,Russell
US,2,3,Cyndi & Russell,8,8th,False,False,False,False,False,Russell
US,2,4,Cyndi & Russell,6,6th,False,False,False,False,False,Russell
US,2,5,Cyndi & Russell,7,7th †,False,False,False,False,False,Cyndi
US,2,1,Shola & Doyin,3,3rd,False,False,False,False,False,
US,2,2,Shola & Doyin,1,1st ƒ,False,True,False,False,False,
US,2,3,Shola & Doyin,5,5th,False,False,False,False,False,Doyin
US,2,4,Shola & Doyin,8,8th †,False,False,False,False,False,
US,2,1,Peggy & Claire,10,10th,False,False,False,False,False,
US,2,2,Peggy & Claire,8,8th,False,False,False,False,False,Claire
US,2,3,Peggy & Claire,9,9th †,False,False,False,False,False,
US,2,1,Hope & Norm,4,4th,False,False,False,False,False,
US,2,2,Hope & Norm,10,10th †,False,False,False,False,False,Norm
US,2,1,Deidre & Hillary,11,11th †,False,False,False,False,False,
US,3,1,Flo & Zach,2,2nd,False,False,False,False,False,
US,3,2,Flo & Zach,5,5th,False,False,False,False,False,Zach
US,3,3,Flo & Zach,3,3rd,False,False,False,False,False,Zach
US,3,4,Flo & Zach,2,2nd,False,False,False,False,False,Zach
US,3,5,Flo & Zach,4,4th,False,False,False,False,False,Zach
US,3,6,Flo & Zach,2,2nd,False,False,False,False,False,Flo
US,3,7,Flo & Zach,1,1st ƒ,False,True,False,False,False,
US,3,8,Flo & Zach,2,2nd,False,False,False,False,False,Zach
US,3,9,Flo & Zach,5,5th ‡,False,False,False,False,False,Zach
US,3,10,Flo & Zach,3,3rd,False,False,False,False,False,Zach
US,3,11,Flo & Zach,2,2nd,False,False,False,False,False,Zach
US,3,12,Flo & Zach,3,3rd ‡,False,False,False,False,False,
US,3,13,Flo & Zach,1,1st,False,False,False,False,False,
US,3,1,Teri & Ian,8,8th,False,False,False,False,False,
US,3,2,Teri & Ian,10,10th,False,False,False,False,False,Ian
US,3,3,Teri & Ian,9,9th,False,False,False,False,False,Teri
US,3,4,Teri & Ian,5,5th,False,False,False,False,False,Ian
US,3,5,Teri & Ian,6,6th,False,False,False,False,False,Ian
US,3,6,Teri & Ian,1,1st ƒ,False,True,False,False,False,
US,3,7,Teri & Ian,4,4th,False,False,False,False,False,Teri
US,3,8,Teri & Ian,3,3rd,False,False,False,False,False,Ian
US,3,9,Teri & Ian,4,4th,False,False,False,False,False,Ian
US,3,10,Teri & Ian,4,4th,False,False,False,False,False,Ian
US,3,11,Teri & Ian,1,1st,False,False,False,False,False,Ian
US,3,12,Teri & Ian,1,1st,False,False,False,False,False,
US,3,13,Teri & Ian,2,2nd,False,False,False,False,False,
US,3,1,Ken & Gerard,1,1st ƒ,False,True,False,False,False,
US,3,2,Ken & Gerard,6,6th,False,False,False,False,False,Ken
US,3,3,Ken & Gerard,2,2nd,False,False,False,False,False,Ken
US,3,4,Ken & Gerard,1,1st,False,False,False,False,False,Ken
US,3,5,Ken & Gerard,1,1st,False,False,False,False,False,Gerard
US,3,6,Ken & Gerard,3,3rd,False,False,False,False,False,Gerard
US,3,7,Ken & Gerard,5,5th,False,False,False,False,False,Gerard
US,3,8,Ken & Gerard,4,4th,False,False,False,False,False,Ken
US,3,9,Ken & Gerard,2,2nd,False,False,False,False,False,Ken
US,3,10,Ken & Gerard,2,2nd,False,False,False,False,False,Gerard
US,3,11,Ken & Gerard,3,3rd,False,False,False,False,False,Gerard
US,3,12,Ken & Gerard,2,2nd,False,False,False,False,False,
US,3,13,Ken & Gerard,3,3rd,False,False,False,False,False,
US,3,1,Derek & Drew,11,11th,False,False,False,False,False,
US,3,2,Derek & Drew,1,1st ƒ,False,True,False,False,False,
US,3,3,Derek & Drew,1,1st,False,False,False,False,False,Derek
US,3,4,Derek & Drew,3,3rd,False,False,False,False,False,Drew
US,3,5,Derek & Drew,3,3rd,False,False,False,False,False,Derek
US,3,6,Derek & Drew,4,4th,False,False,False,False,False,Derek
US,3,7,Derek & Drew,2,2nd,False,False,False,False,False,Drew
US,3,8,Derek & Drew,1,1st,False,False,False,False,False,Derek
US,3,9,Derek & Drew,3,3rd,False,False,False,False,False,Derek
US,3,10,Derek & Drew,1,1st,False,False,False,False,False,Drew
US,3,11,Derek & Drew,4,4th †,False,False,False,False,False,
US,3,1,John Vito & Jill,5,5th,False,False,False,False,False,
US,3,2,John Vito & Jill,7,7th,False,False,False,False,False,John Vito
US,3,3,John Vito & Jill,7,7th,False,False,False,False,False,Jill
US,3,4,John Vito & Jill,6,6th,False,False,False,False,False,John Vito
US,3,5,John Vito & Jill,4,4th,False,False,False,False,False,John Vito
US,3,6,John Vito & Jill,5,5th,False,False,False,False,False,Jill
US,3,7,John Vito & Jill,3,3rd,False,False,False,False,False,Jill
US,3,8,John Vito & Jill,5,5th ‡,False,False,False,False,False,John Vito
US,3,9,John Vito & Jill,1,1st ƒ,False,True,False,False,False,John Vito
US,3,10,John Vito & Jill,5,5th †,False,False,False,False,False,
US,3,1,Andre & Damon,9,9th,False,False,False,False,False,
US,3,2,Andre & Damon,8,8th,False,False,False,False,False,Damon
US,3,3,Andre & Damon,8,8th,False,False,False,False,False,Andre
US,3,4,Andre & Damon,4,4th,False,False,False,False,False,Damon
US,3,5,Andre & Damon,2,2nd,False,False,False,False,False,Damon
US,3,6,Andre & Damon,6,6th,False,False,False,False,False,Andre
US,3,7,Andre & Damon,6,6th †,False,False,False,False,False,
US,3,1,Aaron & Arianne,3,3rd,False,False,False,False,False,
US,3,2,Aaron & Arianne,2,2nd,False,False,False,False,False,Arianne
US,3,3,Aaron & Arianne,4,4th,False,False,False,False,False,Aaron
US,3,4,Aaron & Arianne,8,8th,False,False,False,False,False,Arianne
US,3,5,Aaron & Arianne,7,7th,False,False,False,False,False,Aaron
US,3,6,Aaron & Arianne,7,7th †,False,False,False,False,False,Aaron
US,3,1,Michael & Kathy,4,4th,False,False,False,False,False,
US,3,2,Michael & Kathy,4,4th,False,False,False,False,False,Michael
US,3,3,Michael & Kathy,6,6th,False,False,False,False,False,Michael
US,3,4,Michael & Kathy,7,7th,False,False,False,False,False,Michael
US,3,5,Michael & Kathy,8,8th †,False,False,False,False,False,
US,3,1,Heather & Eve,6,6th,False,False,False,False,False,
US,3,2,Heather & Eve,3,3rd,False,False,False,False,False,Heather
US,3,3,Heather & Eve,5,5th,False,False,False,False,False,Heather
US,3,4,Heather & Eve,9,9th †,False,False,False,False,False,Heather
US,3,1,Dennis & Andrew,7,7th,False,False,False,False,False,
US,3,2,Dennis & Andrew,9,9th,False,False,False,False,False,Andrew
US,3,3,Dennis & Andrew,10,10th † ƒ,False,True,False,False,False,
US,3,1,Tramel & Talicia,10,10th,False,False,False,False,False,
US,3,2,Tramel & Talicia,11,11th †,False,False,False,False,False,Tramel
US,3,1,Gina & Sylvia,12,12th †,False,False,False,False,False,
US,4,1,Reichen & Chip,9,9th,False,False,False,False,False,
US,4,2,Reichen & Chip,2,2nd,False,False,False,False,False,Chip
US,4,3,Reichen & Chip,3,3rd,False,False,False,False,False,Reichen
US,4,4,Reichen & Chip,5,5th,False,False,False,False,False,Chip
US,4,5,Reichen & Chip,4,4th,False,False,False,False,False,Reichen
US,4,6,Reichen & Chip,2,2nd,False,False,False,False,False,Chip
US,4,7,Reichen & Chip,5,5th,False,False,False,False,False,Reichen
US,4,8,Reichen & Chip,2,2nd,False,False,False,False,False,Chip
US,4,9,Reichen & Chip,1,1st ƒ,False,True,False,False,False,
US,4,10,Reichen & Chip,2,2nd,False,False,False,False,False,Chip
US,4,11,Reichen & Chip,3,3rd,False,False,False,False,False,Reichen
US,4,12,Reichen & Chip,2,2nd,False,False,False,False,False,Chip
US,4,13,Reichen & Chip,1,1st,False,False,False,False,False,Chip
US,4,1,Kelly & Jon,6,6th,False,False,False,False,False,
US,4,2,Kelly & Jon,3,3rd,False,False,False,False,False,Jon
US,4,3,Kelly & Jon,8,8th,False,False,False,False,False,Jon
US,4,4,Kelly & Jon,7,7th,False,False,False,False,False,Kelly
US,4,5,Kelly & Jon,3,3rd,False,False,False,False,False,Jon
US,4,6,Kelly & Jon,3,3rd,False,False,False,False,False,Jon
US,4,7,Kelly & Jon,3,3rd,False,False,False,False,False,Jon
US,4,8,Kelly & Jon,5,5th ‡,False,False,False,False,False,Kelly
US,4,9,Kelly & Jon,4,4th,False,False,False,False,False,Jon
US,4,10,Kelly & Jon,1,1st,False,False,False,False,False,Jon
US,4,11,Kelly & Jon,2,2nd,False,False,False,False,False,Jon
US,4,12,Kelly & Jon,3,3rd ‡,False,False,False,False,False,Jon
US,4,13,Kelly & Jon,2,2nd,False,False,False,False,False,Jon
US,4,1,David & Jeff,10,10th,False,False,False,False,False,
US,4,2,David & Jeff,5,5th,False,False,False,False,False,Jeff
US,4,3,David & Jeff,7,7th,False,False,False,False,False,David
US,4,4,David & Jeff,6,6th,False,False,False,False,False,Jeff
US,4,5,David & Jeff,6,6th,False,False,False,False,False,David
US,4,6,David & Jeff,1,1st,False,False,False,False,False,Jeff
US,4,7,David & Jeff,1,1st,False,False,False,False,False,David
US,4,8,David & Jeff,4,4th,False,False,False,False,False,Jeff
US,4,9,David & Jeff,3,3rd,False,False,False,False,False,David
US,4,10,David & Jeff,4,4th ‡,False,False,False,False,False,Jeff
US,4,11,David & Jeff,1,1st ƒ,False,True,False,False,False,
US,4,12,David & Jeff,1,1st,False,False,False,False,False,David
US,4,13,David & Jeff,3,3rd,False,False,False,False,False,Jeff
US,4,1,Jon & Al,7,7th,False,False,False,False,False,
US,4,2,Jon & Al,6,6th,False,False,False,False,False,Al
US,4,3,Jon & Al,6,6th,False,False,False,False,False,Jon
US,4,4,Jon & Al,2,2nd,False,False,False,False,False,Al
US,4,5,Jon & Al,2,2nd,False,False,False,False,False,Al
US,4,6,Jon & Al,6,6th,False,False,False,False,False,Jon
US,4,7,Jon & Al,2,2nd,False,False,False,False,False,Al
US,4,8,Jon & Al,1,1st,False,False,False,False,False,Jon
US,4,9,Jon & Al,2,2nd,False,False,False,False,False,Jon
US,4,10,Jon & Al,3,3rd,False,False,False,False,False,Al
US,4,11,Jon & Al,4,4th †,False,False,False,False,False,Al
US,4,1,Millie & Chuck,1,1st,False,False,False,False,False,
US,4,2,Millie & Chuck,8,8th,False,False,False,False,False,Millie
US,4,3,Millie & Chuck,5,5th,False,False,False,False,False,Millie
US,4,4,Millie & Chuck,2,2nd,False,False,False,False,False,Chuck
US,4,5,Millie & Chuck,1,1st ƒ,False,True,False,False,False,
US,4,6,Millie & Chuck,4,4th,False,False,False,False,False,Chuck
US,4,7,Millie & Chuck,4,4th,False,False,False,False,False,Chuck
US,4,8,Millie & Chuck,3,3rd,False,False,False,False,False,Chuck
US,4,9,Millie & Chuck,5,5th †,False,False,False,False,False,Chuck
US,4,1,Tian & Jaree,11,11th,False,False,False,False,False,
US,4,2,Tian & Jaree,4,4th,False,False,False,False,False,Tian
US,4,3,Tian & Jaree,4,4th,False,False,False,False,False,Tian
US,4,4,Tian & Jaree,1,1st ƒ,False,True,False,False,False,Tian
US,4,5,Tian & Jaree,7,7th,False,False,False,False,False,Tian
US,4,6,Tian & Jaree,5,5th,False,False,False,False,False,Tian
US,4,7,Tian & Jaree,6,6th †,False,False,False,False,False,Tian
US,4,1,Monica & Sheree,4,4th ƒ,False,True,False,False,False,
US,4,2,Monica & Sheree,10,10th,False,False,False,False,False,Monica
US,4,3,Monica & Sheree,2,2nd,False,False,False,False,False,Sheree
US,4,4,Monica & Sheree,4,4th,False,False,False,False,False,Monica
US,4,5,Monica & Sheree,5,5th,False,False,False,False,False,Sheree
US,4,6,Monica & Sheree,7,7th †,False,False,False,False,False,Monica
US,4,1,Steve & Dave,5,5th,False,False,False,False,False,
US,4,2,Steve & Dave,1,1st ƒ,False,True,False,False,False,
US,4,3,Steve & Dave,9,9th,False,False,False,False,False,Steve
US,4,4,Steve & Dave,8,8th,False,False,False,False,False,Dave
US,4,5,Steve & Dave,8,8th †,False,False,False,False,False,Steve
US,4,1,Steve & Josh,1,1st,False,False,False,False,False,
US,4,2,Steve & Josh,9,9th,False,False,False,False,False,Josh
US,4,3,Steve & Josh,1,1st ƒ,False,True,False,False,False,
US,4,4,Steve & Josh,9,9th †,False,False,False,False,False,Josh
US,4,1,Russell & Cindy,8,8th,False,False,False,False,False,
US,4,2,Russell & Cindy,7,7th,False,False,False,False,False,Russell
US,4,3,Russell & Cindy,10,10th †,False,False,False,False,False,Russell
US,4,1,Amanda & Chris,1,1st,False,False,False,False,False,
US,4,2,Amanda & Chris,11,11th †,False,False,False,False,False,Chris
US,4,1,Debra & Steve,12,12th †,False,False,False,False,False,
US,5,1,Chip & Kim,8,8th,False,False,False,False,False,
US,5,2,Chip & Kim,8,8th,False,False,False,False,False,Chip
US,5,3,Chip & Kim,7,7th,False,False,False,False,False,Chip
US,5,4,Chip & Kim,1,1st,False,False,False,False,False,Chip
US,5,5,Chip & Kim,4,4th,False,False,False,False,False,Chip
US,5,6,Chip & Kim,2,2nd,False,False,False,False,False,Kim
US,5,7,Chip & Kim,1,1st,False,False,False,False,False,Chip
US,5,8,Chip & Kim,3,3rd,False,False,False,False,False,Chip
US,5,9,Chip & Kim,2,2nd,False,False,False,False,False,Chip
US,5,10,Chip & Kim,4,4th,False,False,False,False,False,Chip
US,5,11,Chip & Kim,1,1st >,False,False,False,False,False,Chip
US,5,12,Chip & Kim,2,2nd,False,False,False,False,False,Chip
US,5,13,Chip & Kim,1,1st,False,False,False,False,False,
US,5,1,Colin & Christie,7,7th,False,False,False,False,False,
US,5,2,Colin & Christie,6,6th,False,False,False,False,False,Colin
US,5,3,Colin & Christie,1,1st,False,False,False,False,False,Colin
US,5,4,Colin & Christie,2,2nd,False,False,False,False,False,Christie
US,5,5,Colin & Christie,1,1st ƒ,False,True,False,False,False,
US,5,6,Colin & Christie,1,1st,False,False,False,False,False,Colin
US,5,7,Colin & Christie,2,2nd,False,False,False,False,False,Colin
US,5,8,Colin & Christie,1,1st,False,False,False,False,False,Colin
US,5,9,Colin & Christie,1,1st,False,False,False,False,False,Colin
US,5,10,Colin & Christie,1,1st,False,False,False,False,False,Colin
US,5,11,Colin & Christie,4,4th ‡ <,False,False,False,False,False,Colin
US,5,12,Colin & Christie,3,3rd,False,False,False,False,False,Colin
US,5,13,Colin & Christie,2,2nd,False,False,False,False,False,
US,5,1,Brandon & Nicole,6,6th,False,False,False,False,False,
US,5,2,Brandon & Nicole,1,1st,False,False,False,False,False,Brandon
US,5,3,Brandon & Nicole,3,3rd,False,False,False,False,False,Brandon
US,5,4,Brandon & Nicole,5,5th,False,False,False,False,False,Nicole
US,5,5,Brandon & Nicole,3,3rd,False,False,False,False,False,Brandon
US,5,6,Brandon & Nicole,4,4th,False,False,False,False,False,Brandon
US,5,7,Brandon & Nicole,4,4th,False,False,False,False,False,Brandon
US,5,8,Brandon & Nicole,2,2nd,False,False,False,False,False,Brandon
US,5,9,Brandon & Nicole,5,5th ‡,False,False,False,False,False,Brandon
US,5,10,Brandon & Nicole,3,3rd,False,False,False,False,False,Brandon
US,5,11,Brandon & Nicole,3,3rd,False,False,False,False,False,Brandon
US,5,12,Brandon & Nicole,1,1st,False,False,False,False,False,Brandon
US,5,13,Brandon & Nicole,3,3rd,False,False,False,False,False,
US,5,1,Linda & Karen,3,3rd,False,False,False,False,False,
US,5,2,Linda & Karen,4,4th,False,False,False,False,False,Karen
US,5,3,Linda & Karen,6,6th,False,False,False,False,False,Linda
US,5,4,Linda & Karen,6,6th,False,False,False,False,False,Linda
US,5,5,Linda & Karen,7,7th ‡,False,False,False,False,False,Karen
US,5,6,Linda & Karen,6,6th,False,False,False,False,False,Linda
US,5,7,Linda & Karen,3,3rd,False,False,False,False,False,Karen
US,5,8,Linda & Karen,4,4th,False,False,False,False,False,Linda
US,5,9,Linda & Karen,3,3rd,False,False,False,False,False,Karen
US,5,10,Linda & Karen,2,2nd,False,False,False,False,False,Karen
US,5,11,Linda & Karen,2,2nd,False,False,False,False,False,Linda
US,5,12,Linda & Karen,4,4th †,False,False,False,False,False,Karen
US,5,1,Kami & Karli,9,9th,False,False,False,False,False,
US,5,2,Kami & Karli,9,9th,False,False,False,False,False,Kami
US,5,3,Kami & Karli,5,5th,False,False,False,False,False,Kami
US,5,4,Kami & Karli,7,7th,False,False,False,False,False,Karli
US,5,5,Kami & Karli,6,6th,False,False,False,False,False,Kami
US,5,6,Kami & Karli,3,3rd,False,False,False,False,False,Karli
US,5,7,Kami & Karli,5,5th,False,False,False,False,False,Kami
US,5,8,Kami & Karli,5,5th ‡,False,False,False,False,False,Karli
US,5,9,Kami & Karli,4,4th,False,False,False,False,False,Kami
US,5,10,Kami & Karli,5,5th †,False,False,False,False,False,Karli
US,5,1,Charla & Mirna,5,5th,False,False,False,False,False,
US,5,2,Charla & Mirna,2,2nd,False,False,False,False,False,Mirna
US,5,3,Charla & Mirna,2,2nd,False,False,False,False,False,Charla
US,5,4,Charla & Mirna,4,4th,False,False,False,False,False,Charla
US,5,5,Charla & Mirna,2,2nd,False,False,False,False,False,Charla
US,5,6,Charla & Mirna,5,5th,False,False,False,False,False,Mirna
US,5,7,Charla & Mirna,6,6th †,False,False,False,False,False,Charla
US,5,1,Marshall & Lance,2,2nd,False,False,False,False,False,
US,5,2,Marshall & Lance,7,7th,False,False,False,False,False,Lance
US,5,3,Marshall & Lance,8,8th,False,False,False,False,False,Marshall
US,5,4,Marshall & Lance,3,3rd,False,False,False,False,False,Lance
US,5,5,Marshall & Lance,5,5th,False,False,False,False,False,Lance
US,5,6,Marshall & Lance,7,7th †,False,False,False,False,False,Lance
US,5,1,Bob & Joyce,4,4th,False,False,False,False,False,
US,5,2,Bob & Joyce,5,5th,False,False,False,False,False,Bob
US,5,3,Bob & Joyce,4,4th,False,False,False,False,False,Joyce
US,5,4,Bob & Joyce,8,8th †,False,False,False,False,False,Joyce
US,5,1,Jim & Marsha,10,10th,False,False,False,False,False,
US,5,2,Jim & Marsha,3,3rd,False,False,False,False,False,Marsha
US,5,3,Jim & Marsha,9,9th †,False,False,False,False,False,Jim
US,5,1,Alison & Donny,1,1st,False,False,False,False,False,
US,5,2,Alison & Donny,10,10th †,False,False,False,False,False,Donny
US,5,1,Dennis & Erika,11,11th †,False,False,False,False,False,
US,6,1,Freddy & Kendra,4,4th,False,False,False,False,False,
US,6,2,Freddy & Kendra,7,7th,False,False,False,False,False,Kendra
US,6,3,Freddy & Kendra,6,6th,False,False,False,False,False,Freddy
US,6,4,Freddy & Kendra,5,5th,False,False,False,False,False,Kendra
US,6,5,Freddy & Kendra,1,1st,False,False,False,False,False,Freddy
US,6,6,Freddy & Kendra,1,1st,False,False,False,False,False,Kendra
US,6,6,Freddy & Kendra,6,6th,False,False,False,False,False,Kendra
US,6,7,Freddy & Kendra,2,2nd,False,False,False,False,False,
US,6,8,Freddy & Kendra,4,4th <,False,False,False,False,False,Freddy
US,6,9,Freddy & Kendra,3,3rd,False,False,False,False,False,Kendra
US,6,10,Freddy & Kendra,2,2nd >,False,False,False,False,False,Freddy
US,6,11,Freddy & Kendra,2,2nd,False,False,False,False,False,Freddy
US,6,12,Freddy & Kendra,1,1st,False,False,False,False,False,Kendra
US,6,1,Kris & Jon,2,2nd,False,False,False,False,False,
US,6,2,Kris & Jon,1,1st,False,False,False,False,False,Jon
US,6,3,Kris & Jon,2,2nd,False,False,False,False,False,Jon
US,6,4,Kris & Jon,1,1st,False,False,False,False,False,Kris
US,6,5,Kris & Jon,4,4th,False,False,False,False,False,Jon
US,6,6,Kris & Jon,5,5th,False,False,False,False,False,Kris
US,6,6,Kris & Jon,2,2nd,False,False,False,False,False,Kris
US,6,7,Kris & Jon,4,4th,False,False,False,False,False,
US,6,8,Kris & Jon,3,3rd,False,False,False,False,False,Jon
US,6,9,Kris & Jon,1,1st,False,False,False,False,False,Kris
US,6,10,Kris & Jon,3,3rd,False,False,False,False,False,Kris
US,6,11,Kris & Jon,1,1st,False,False,False,False,False,Jon
US,6,12,Kris & Jon,2,2nd,False,False,False,False,False,Kris
US,6,1,Adam & Rebecca,7,7th,False,False,False,False,False,
US,6,2,Adam & Rebecca,6,6th,False,False,False,False,False,Adam
US,6,3,Adam & Rebecca,5,5th,False,False,False,False,False,Adam
US,6,4,Adam & Rebecca,6,6th,False,False,False,False,False,Adam
US,6,5,Adam & Rebecca,6,6th,False,False,False,False,False,Rebecca
US,6,6,Adam & Rebecca,6,6th,False,False,False,False,False,Rebecca
US,6,6,Adam & Rebecca,5,5th,False,False,False,False,False,Rebecca
US,6,7,Adam & Rebecca,1,1st ƒ,False,True,False,False,False,
US,6,8,Adam & Rebecca,5,5th >,False,False,False,False,False,Rebecca
US,6,9,Adam & Rebecca,4,4th,False,False,False,False,False,
US,6,10,Adam & Rebecca,4,4th ‡ <,False,False,False,False,False,Adam
US,6,11,Adam & Rebecca,3,3rd,False,False,False,False,False,Adam
US,6,12,Adam & Rebecca,3,3rd,False,False,False,False,False,Rebecca
US,6,1,Hayden & Aaron,1,1st,False,False,False,False,False,
US,6,2,Hayden & Aaron,4,4th,False,False,False,False,False,Aaron
US,6,3,Hayden & Aaron,1,1st,False,False,False,False,False,Aaron
US,6,4,Hayden & Aaron,4,4th,False,False,False,False,False,Hayden
US,6,5,Hayden & Aaron,3,3rd,False,False,False,False,False,Hayden
US,6,6,Hayden & Aaron,4,4th,False,False,False,False,False,Hayden
US,6,6,Hayden & Aaron,4,4th,False,False,False,False,False,Hayden
US,6,7,Hayden & Aaron,6,6th ‡,False,False,False,False,False,
US,6,8,Hayden & Aaron,1,1st,False,False,False,False,False,Aaron
US,6,9,Hayden & Aaron,2,2nd,False,False,False,False,False,Aaron
US,6,10,Hayden & Aaron,1,1st,False,False,False,False,False,Hayden
US,6,11,Hayden & Aaron,4,4th †,False,False,False,False,False,Aaron
US,6,1,Lori & Bolo,6,6th,False,False,False,False,False,
US,6,2,Lori & Bolo,5,5th,False,False,False,False,False,Bolo
US,6,3,Lori & Bolo,7,7th,False,False,False,False,False,Bolo
US,6,4,Lori & Bolo,3,3rd,False,False,False,False,False,Lori
US,6,5,Lori & Bolo,7,7th,False,False,False,False,False,Lori
US,6,6,Lori & Bolo,7,7th,False,False,False,False,False,Lori
US,6,6,Lori & Bolo,1,1st ƒ,False,True,False,False,False,Lori
US,6,7,Lori & Bolo,3,3rd,False,False,False,False,False,
US,6,8,Lori & Bolo,2,2nd,False,False,False,False,False,
US,6,9,Lori & Bolo,5,5th †,False,False,False,False,False,Bolo
US,6,1,Jonathan & Victoria,5,5th,False,False,False,False,False,
US,6,2,Jonathan & Victoria,2,2nd,False,False,False,False,False,Jonathan
US,6,3,Jonathan & Victoria,4,4th,False,False,False,False,False,Victoria
US,6,4,Jonathan & Victoria,2,2nd,False,False,False,False,False,Jonathan
US,6,5,Jonathan & Victoria,2,2nd,False,False,False,False,False,Jonathan
US,6,6,Jonathan & Victoria,3,3rd,False,False,False,False,False,Victoria
US,6,6,Jonathan & Victoria,3,3rd,False,False,False,False,False,Victoria
US,6,7,Jonathan & Victoria,5,5th,False,False,False,False,False,
US,6,8,Jonathan & Victoria,6,6th †,False,False,False,False,False,Victoria
US,6,1,Gus & Hera,10,10th,False,False,False,False,False,
US,6,2,Gus & Hera,3,3rd,False,False,False,False,False,Hera
US,6,3,Gus & Hera,3,3rd,False,False,False,False,False,Gus
US,6,4,Gus & Hera,7,7th,False,False,False,False,False,Gus
US,6,5,Gus & Hera,5,5th,False,False,False,False,False,Hera
US,6,6,Gus & Hera,2,2nd,False,False,False,False,False,Hera
US,6,6,Gus & Hera,7,7th †,False,False,False,False,False,Hera
US,6,1,Don & Mary Jean,9,9th,False,False,False,False,False,
US,6,2,Don & Mary Jean,8,8th,False,False,False,False,False,Don
US,6,3,Don & Mary Jean,8,8th,False,False,False,False,False,Don
US,6,4,Don & Mary Jean,8,8th ‡,False,False,False,False,False,Mary Jean
US,6,5,Don & Mary Jean,8,8th †,False,False,False,False,False,Mary Jean
US,6,1,Lena & Kristy,3,3rd,False,False,False,False,False,
US,6,2,Lena & Kristy,9,9th,False,False,False,False,False,Kristy
US,6,3,Lena & Kristy,9,9th †,False,False,False,False,False,Lena
US,6,1,Meredith & Maria,8,8th,False,False,False,False,False,
US,6,2,Meredith & Maria,10,10th †,False,False,False,False,False,Maria
US,6,1,Avi & Joe,11,11th †,False,False,False,False,False,
US,7,1,Uchenna & Joyce,8,8th,False,False,False,False,False,
US,7,2,Uchenna & Joyce,4,4th,False,False,False,False,False,Joyce
US,7,3,Uchenna & Joyce,2,2nd,False,False,False,False,False,Uchenna
US,7,4,Uchenna & Joyce,3,3rd,False,False,False,False,False,Joyce
US,7,5,Uchenna & Joyce,6,6th,False,False,False,False,False,Joyce
US,7,6,Uchenna & Joyce,3,3rd,False,False,False,False,False,Uchenna
US,7,7,Uchenna & Joyce,3,3rd,False,False,False,False,False,
US,7,8,Uchenna & Joyce,3,3rd,False,False,False,False,False,Uchenna
US,7,8,Uchenna & Joyce,1,1st ƒ,False,True,False,False,False,Uchenna
US,7,9,Uchenna & Joyce,1,1st,False,False,False,False,False,
US,7,10,Uchenna & Joyce,3,3rd,False,False,False,False,False,Uchenna
US,7,11,Uchenna & Joyce,3,3rd ‡,False,False,False,False,False,Joyce
US,7,12,Uchenna & Joyce,1,1st,False,False,False,False,False,Uchenna
US,7,1,Rob & Amber,3,3rd,False,False,False,False,False,
US,7,2,Rob & Amber,1,1st,False,False,False,False,False,Amber
US,7,3,Rob & Amber,5,5th,False,False,False,False,False,Rob
US,7,4,Rob & Amber,1,1st,False,False,False,False,False,Rob
US,7,5,Rob & Amber,5,5th,False,False,False,False,False,Rob
US,7,6,Rob & Amber,2,2nd,False,False,False,False,False,Rob
US,7,7,Rob & Amber,1,1st,False,False,False,False,False,
US,7,8,Rob & Amber,1,1st,False,False,False,False,False,Amber
US,7,8,Rob & Amber,3,3rd,False,False,False,False,False,Amber
US,7,9,Rob & Amber,3,3rd,False,False,False,False,False,Amber
US,7,10,Rob & Amber,1,1st >,False,False,False,False,False,Rob
US,7,11,Rob & Amber,2,2nd,False,False,False,False,False,Rob
US,7,12,Rob & Amber,2,2nd,False,False,False,False,False,Amber
US,7,1,Ron & Kelly,10,10th,False,False,False,False,False,
US,7,2,Ron & Kelly,2,2nd,False,False,False,False,False,Ron
US,7,3,Ron & Kelly,4,4th,False,False,False,False,False,Ron
US,7,4,Ron & Kelly,4,4th,False,False,False,False,False,Kelly
US,7,5,Ron & Kelly,2,2nd,False,False,False,False,False,Ron
US,7,6,Ron & Kelly,1,1st,False,False,False,False,False,Ron
US,7,7,Ron & Kelly,2,2nd,False,False,False,False,False,
US,7,8,Ron & Kelly,2,2nd,False,False,False,False,False,Kelly
US,7,8,Ron & Kelly,2,2nd,False,False,False,False,False,Kelly
US,7,9,Ron & Kelly,4,4th ‡,False,False,False,False,False,Kelly
US,7,10,Ron & Kelly,2,2nd <,False,False,False,False,False,Ron
US,7,11,Ron & Kelly,1,1st,False,False,False,False,False,Kelly
US,7,12,Ron & Kelly,3,3rd,False,False,False,False,False,Ron
US,7,1,Meredith & Gretchen,6,6th,False,False,False,False,False,
US,7,2,Meredith & Gretchen,7,7th,False,False,False,False,False,Gretchen
US,7,3,Meredith & Gretchen,7,7th,False,False,False,False,False,Meredith
US,7,4,Meredith & Gretchen,7,7th,False,False,False,False,False,Meredith
US,7,5,Meredith & Gretchen,7,7th ‡,False,False,False,False,False,Meredith
US,7,6,Meredith & Gretchen,5,5th,False,False,False,False,False,Meredith
US,7,7,Meredith & Gretchen,5,5th,False,False,False,False,False,
US,7,8,Meredith & Gretchen,5,5th,False,False,False,False,False,Gretchen
US,7,8,Meredith & Gretchen,4,4th,False,False,False,False,False,Gretchen
US,7,9,Meredith & Gretchen,2,2nd,False,False,False,False,False,Meredith
US,7,10,Meredith & Gretchen,4,4th †,False,False,False,False,False,Gretchen
US,7,1,Lynn & Alex,5,5th,False,False,False,False,False,
US,7,2,Lynn & Alex,5,5th,False,False,False,False,False,Lynn
US,7,3,Lynn & Alex,1,1st,False,False,False,False,False,Alex
US,7,4,Lynn & Alex,5,5th,False,False,False,False,False,Alex
US,7,5,Lynn & Alex,4,4th,False,False,False,False,False,Lynn
US,7,6,Lynn & Alex,4,4th,False,False,False,False,False,Alex
US,7,7,Lynn & Alex,4,4th,False,False,False,False,False,
US,7,8,Lynn & Alex,4,4th,False,False,False,False,False,Alex
US,7,8,Lynn & Alex,5,5th †,False,False,False,False,False,Alex
US,7,1,Brian & Greg,4,4th,False,False,False,False,False,
US,7,2,Brian & Greg,9,9th,False,False,False,False,False,Brian
US,7,3,Brian & Greg,3,3rd,False,False,False,False,False,Greg
US,7,4,Brian & Greg,2,2nd,False,False,False,False,False,Brian
US,7,5,Brian & Greg,3,3rd,False,False,False,False,False,Brian
US,7,6,Brian & Greg,6,6th,False,False,False,False,False,Greg
US,7,7,Brian & Greg,6,6th †,False,False,False,False,False,
US,7,1,Ray & Deana,7,7th,False,False,False,False,False,
US,7,2,Ray & Deana,3,3rd,False,False,False,False,False,Ray
US,7,3,Ray & Deana,6,6th,False,False,False,False,False,Deana
US,7,4,Ray & Deana,6,6th,False,False,False,False,False,Deana
US,7,5,Ray & Deana,1,1st ƒ,False,True,False,False,False,Ray
US,7,6,Ray & Deana,7,7th †,False,False,False,False,False,
US,7,1,Susan & Patrick,2,2nd,False,False,False,False,False,
US,7,2,Susan & Patrick,8,8th,False,False,False,False,False,Susan
US,7,3,Susan & Patrick,8,8th,False,False,False,False,False,Patrick
US,7,4,Susan & Patrick,8,8th †,False,False,False,False,False,Patrick
US,7,1,Debbie & Bianca,1,1st,False,False,False,False,False,
US,7,2,Debbie & Bianca,6,6th,False,False,False,False,False,Debbie
US,7,3,Debbie & Bianca,9,9th †,False,False,False,False,False,Debbie
US,7,1,Megan & Heidi,9,9th,False,False,False,False,False,
US,7,2,Megan & Heidi,10,10th †,False,False,False,False,False,Megan
US,7,1,Ryan & Chuck,11,11th †,False,False,False,False,False,
US,8,1,Linz Family,9,9th,False,False,False,False,False,
US,8,2,Linz Family,2,2nd,False,False,False,False,False,Nick
US,8,3,Linz Family,2,2nd,False,False,False,False,False,Alex
US,8,4,Linz Family,3,3rd,False,False,False,False,False,Tommy
US,8,5,Linz Family,4,4th,False,False,False,False,False,Nick
US,8,6,Linz Family,2,2nd,False,False,False,False,False,Megan
US,8,7,Linz Family,3,3rd,False,False,False,False,False,Megan
US,8,8,Linz Family,2,2nd,False,False,False,False,False,Nick
US,8,9,Linz Family,1,1st >,False,False,False,False,False,Alex
US,8,10,Linz Family,3,3rd,False,False,False,False,False,Nick
US,8,10,Linz Family,2,2nd,False,False,False,False,False,Nick
US,8,11,Linz Family,2,2nd,False,False,False,False,False,Nick
US,8,11,Linz Family,1,1st,False,False,False,False,False,Nick
US,8,1,Bransen Family,7,7th,False,False,False,False,False,
US,8,2,Bransen Family,6,6th,False,False,False,False,False,Wally
US,8,3,Bransen Family,1,1st,False,False,False,False,False,Beth
US,8,4,Bransen Family,1,1st,False,False,False,False,False,Lauren
US,8,5,Bransen Family,3,3rd,False,False,False,False,False,Beth
US,8,6,Bransen Family,3,3rd,False,False,False,False,False,Lauren
US,8,7,Bransen Family,5,5th ‡,False,False,False,False,False,Lauren
US,8,8,Bransen Family,4,4th,False,False,False,False,False,Lindsay
US,8,9,Bransen Family,2,2nd,False,False,False,False,False,Beth
US,8,10,Bransen Family,1,1st,False,False,False,False,False,Wally
US,8,10,Bransen Family,1,1st,False,False,False,False,False,Wally
US,8,11,Bransen Family,1,1st,False,False,False,False,False,Wally
US,8,11,Bransen Family,2,2nd,False,False,False,False,False,Wally
US,8,1,Weaver Family,3,3rd,False,False,False,False,False,
US,8,2,Weaver Family,1,1st,False,False,False,False,False,Rebecca
US,8,3,Weaver Family,5,5th,False,False,False,False,False,Rebecca
US,8,4,Weaver Family,5,5th,False,False,False,False,False,Rolly
US,8,5,Weaver Family,2,2nd,False,False,False,False,False,Rolly
US,8,6,Weaver Family,5,5th <,False,False,False,False,False,Rachel
US,8,7,Weaver Family,2,2nd,False,False,False,False,False,Rolly
US,8,8,Weaver Family,3,3rd,False,False,False,False,False,Rolly
US,8,9,Weaver Family,4,4th ‡ <,False,False,False,False,False,Rebecca
US,8,10,Weaver Family,2,2nd,False,False,False,False,False,Linda
US,8,10,Weaver Family,3,3rd,False,False,False,False,False,Linda
US,8,11,Weaver Family,3,3rd,False,False,False,False,False,Rebecca
US,8,11,Weaver Family,3,3rd,False,False,False,False,False,Rebecca
US,8,1,Godlewski Family,1,1st,False,False,False,False,False,
US,8,2,Godlewski Family,3,3rd,False,False,False,False,False,Sharon
US,8,3,Godlewski Family,4,4th,False,False,False,False,False,Michelle
US,8,4,Godlewski Family,4,4th,False,False,False,False,False,Tricia
US,8,5,Godlewski Family,6,6th ‡,False,False,False,False,False,Sharon
US,8,6,Godlewski Family,4,4th,False,False,False,False,False,Tricia
US,8,7,Godlewski Family,1,1st,False,False,False,False,False,Sharon
US,8,8,Godlewski Family,1,1st,False,False,False,False,False,Christine
US,8,9,Godlewski Family,3,3rd,False,False,False,False,False,Michelle
US,8,10,Godlewski Family,4,4th,False,False,False,False,False,Michelle
US,8,10,Godlewski Family,4,4th †,False,False,False,False,False,Michelle
US,8,1,Paolo Family,6,6th,False,False,False,False,False,
US,8,2,Paolo Family,8,8th,False,False,False,False,False,DJ
US,8,3,Paolo Family,6,6th,False,False,False,False,False,Tony
US,8,4,Paolo Family,2,2nd,False,False,False,False,False,DJ
US,8,5,Paolo Family,1,1st ƒ,False,True,False,False,False,
US,8,6,Paolo Family,1,1st >,False,False,False,False,False,Marion
US,8,7,Paolo Family,4,4th,False,False,False,False,False,Brian
US,8,8,Paolo Family,5,5th †,False,False,False,False,False,
US,8,1,Gaghan Family,2,2nd,False,False,False,False,False,
US,8,2,Gaghan Family,7,7th,False,False,False,False,False,Tammy
US,8,3,Gaghan Family,7,7th,False,False,False,False,False,Bill
US,8,4,Gaghan Family,6,6th,False,False,False,False,False,Carissa
US,8,5,Gaghan Family,5,5th,False,False,False,False,False,Bill
US,8,6,Gaghan Family,6,6th †,False,False,False,False,False,Tammy
US,8,1,Schroeder Family,5,5th,False,False,False,False,False,
US,8,2,Schroeder Family,4,4th,False,False,False,False,False,Mark
US,8,3,Schroeder Family,3,3rd,False,False,False,False,False,Mark
US,8,4,Schroeder Family,7,7th †,False,False,False,False,False,Hunter
US,8,1,Aiello Family,8,8th,False,False,False,False,False,
US,8,2,Aiello Family,5,5th,False,False,False,False,False,David
US,8,3,Aiello Family,8,8th †,False,False,False,False,False,Matt
US,8,1,Rogers Family,4,4th,False,False,False,False,False,
US,8,2,Rogers Family,9,9th †,False,False,False,False,False,Brittney
US,8,1,Black Family,10,10th †,False,False,False,False,False,
US,9,1,BJ & Tyler,2,2nd,False,False,False,False,False,
US,9,2,BJ & Tyler,1,1st,False,False,False,False,False,BJ
US,9,3,BJ & Tyler,4,4th,False,False,False,False,False,Tyler
US,9,3,BJ & Tyler,2,2nd,False,False,False,False,False,Tyler
US,9,4,BJ & Tyler,1,1st,False,False,False,False,False,BJ
US,9,5,BJ & Tyler,2,2nd,False,False,False,False,False,Tyler
US,9,6,BJ & Tyler,5,5th,False,False,False,False,False,BJ
US,9,7,BJ & Tyler,5,5th ‡,False,False,False,False,False,Tyler
US,9,8,BJ & Tyler,3,3rd,False,False,False,False,False,BJ
US,9,9,BJ & Tyler,4,4th ‡ >,False,False,False,False,False,Tyler
US,9,10,BJ & Tyler,1,1st ƒ,False,True,False,False,False,BJ
US,9,11,BJ & Tyler,1,1st,False,False,False,False,False,
US,9,12,BJ & Tyler,1,1st,False,False,False,False,False,BJ
US,9,1,Eric & Jeremy,1,1st,False,False,False,False,False,
US,9,2,Eric & Jeremy,2,2nd,False,False,False,False,False,Jeremy
US,9,3,Eric & Jeremy,1,1st,False,False,False,False,False,Eric
US,9,3,Eric & Jeremy,1,1st,False,False,False,False,False,Eric
US,9,4,Eric & Jeremy,2,2nd,False,False,False,False,False,Jeremy
US,9,5,Eric & Jeremy,1,1st,False,False,False,False,False,Eric
US,9,6,Eric & Jeremy,1,1st ƒ,False,True,False,False,False,Jeremy
US,9,7,Eric & Jeremy,4,4th,False,False,False,False,False,
US,9,8,Eric & Jeremy,1,1st,False,False,False,False,False,Eric
US,9,9,Eric & Jeremy,2,2nd,False,False,False,False,False,Jeremy
US,9,10,Eric & Jeremy,2,2nd,False,False,False,False,False,Eric
US,9,11,Eric & Jeremy,2,2nd,False,False,False,False,False,Eric
US,9,12,Eric & Jeremy,2,2nd,False,False,False,False,False,Eric
US,9,1,Ray & Yolanda,7,7th,False,False,False,False,False,
US,9,2,Ray & Yolanda,5,5th,False,False,False,False,False,Ray
US,9,3,Ray & Yolanda,3,3rd,False,False,False,False,False,Yolanda
US,9,3,Ray & Yolanda,7,7th,False,False,False,False,False,Yolanda
US,9,4,Ray & Yolanda,7,7th,False,False,False,False,False,Ray
US,9,5,Ray & Yolanda,6,6th,False,False,False,False,False,Ray
US,9,6,Ray & Yolanda,3,3rd,False,False,False,False,False,Ray
US,9,7,Ray & Yolanda,3,3rd,False,False,False,False,False,Ray
US,9,8,Ray & Yolanda,4,4th,False,False,False,False,False,Yolanda
US,9,9,Ray & Yolanda,1,1st,False,False,False,False,False,Yolanda
US,9,10,Ray & Yolanda,3,3rd,False,False,False,False,False,Ray
US,9,11,Ray & Yolanda,3,3rd ‡,False,False,False,False,False,Yolanda
US,9,12,Ray & Yolanda,3,3rd,False,False,False,False,False,Yolanda
US,9,1,Joseph & Monica,6,6th,False,False,False,False,False,
US,9,2,Joseph & Monica,3,3rd,False,False,False,False,False,Joseph
US,9,3,Joseph & Monica,8,8th,False,False,False,False,False,Monica
US,9,3,Joseph & Monica,6,6th,False,False,False,False,False,Monica
US,9,4,Joseph & Monica,3,3rd,False,False,False,False,False,Joseph
US,9,5,Joseph & Monica,3,3rd,False,False,False,False,False,Monica
US,9,6,Joseph & Monica,2,2nd,False,False,False,False,False,Joseph
US,9,7,Joseph & Monica,2,2nd,False,False,False,False,False,Monica
US,9,8,Joseph & Monica,2,2nd,False,False,False,False,False,Monica
US,9,9,Joseph & Monica,3,3rd <,False,False,False,False,False,Joseph
US,9,10,Joseph & Monica,4,4th †,False,False,False,False,False,Monica
US,9,1,Fran & Barry,8,8th,False,False,False,False,False,
US,9,2,Fran & Barry,9,9th,False,False,False,False,False,Fran
US,9,3,Fran & Barry,5,5th,False,False,False,False,False,Barry
US,9,3,Fran & Barry,4,4th,False,False,False,False,False,Barry
US,9,4,Fran & Barry,4,4th,False,False,False,False,False,Barry
US,9,5,Fran & Barry,4,4th,False,False,False,False,False,Fran
US,9,6,Fran & Barry,4,4th,False,False,False,False,False,Barry
US,9,7,Fran & Barry,1,1st,False,False,False,False,False,Fran
US,9,8,Fran & Barry,5,5th †,False,False,False,False,False,Barry
US,9,1,Lake & Michelle,5,5th,False,False,False,False,False,
US,9,2,Lake & Michelle,7,7th,False,False,False,False,False,Lake
US,9,3,Lake & Michelle,2,2nd,False,False,False,False,False,Lake
US,9,3,Lake & Michelle,3,3rd,False,False,False,False,False,Lake
US,9,4,Lake & Michelle,5,5th >,False,False,False,False,False,Lake
US,9,5,Lake & Michelle,5,5th,False,False,False,False,False,Lake
US,9,6,Lake & Michelle,6,6th †,False,False,False,False,False,Michelle
US,9,1,Dave & Lori,4,4th,False,False,False,False,False,
US,9,2,Dave & Lori,4,4th,False,False,False,False,False,Dave
US,9,3,Dave & Lori,9,9th,False,False,False,False,False,Lori
US,9,3,Dave & Lori,5,5th,False,False,False,False,False,Lori
US,9,4,Dave & Lori,6,6th,False,False,False,False,False,Dave
US,9,5,Dave & Lori,7,7th †,False,False,False,False,False,Lori
US,9,1,Danielle & Dani,9,9th,False,False,False,False,False,
US,9,2,Danielle & Dani,8,8th,False,False,False,False,False,Danielle
US,9,3,Danielle & Dani,6,6th,False,False,False,False,False,Dani
US,9,3,Danielle & Dani,8,8th,False,False,False,False,False,Dani
US,9,4,Danielle & Dani,8,8th † <,False,False,False,False,False,Dani
US,9,1,Wanda & Desiree,3,3rd,False,False,False,False,False,
US,9,2,Wanda & Desiree,6,6th,False,False,False,False,False,Desiree
US,9,3,Wanda & Desiree,7,7th,False,False,False,False,False,Wanda
US,9,3,Wanda & Desiree,9,9th †,False,False,False,False,False,Wanda
US,9,1,Lisa & Joni,10,10th,False,False,False,False,False,
US,9,2,Lisa & Joni,10,10th †,False,False,False,False,False,Joni
US,9,1,John & Scott,11,11th †,False,False,False,False,False,
US,10,1,Tyler & James,1,1st,False,False,False,False,False,James
US,10,2,Tyler & James,2,2nd,False,False,False,False,False,Tyler
US,10,3,Tyler & James,2,2nd,False,False,False,False,False,James
US,10,4,Tyler & James,3,3rd,False,False,False,False,False,Tyler
US,10,5,Tyler & James,6,6th,False,False,False,False,False,Tyler
US,10,6,Tyler & James,6,6th,False,False,False,False,False,Tyler
US,10,7,Tyler & James,2,2nd,False,False,False,False,False,Tyler
US,10,8,Tyler & James,2,2nd ƒ,False,True,False,False,False,
US,10,9,Tyler & James,1,1st,False,False,False,False,False,James
US,10,9,Tyler & James,1,1st,False,False,False,False,False,James
US,10,10,Tyler & James,1,1st,False,False,False,False,False,James
US,10,11,Tyler & James,3,3rd,False,False,False,False,False,James
US,10,12,Tyler & James,1,1st,False,False,False,False,False,James
US,10,1,Rob & Kimberly,5,5th,False,False,False,False,False,Rob
US,10,2,Rob & Kimberly,6,6th,False,False,False,False,False,Kimberly
US,10,3,Rob & Kimberly,3,3rd,False,False,False,False,False,Rob
US,10,4,Rob & Kimberly,1,1st,False,False,False,False,False,Rob
US,10,5,Rob & Kimberly,3,3rd,False,False,False,False,False,Rob
US,10,6,Rob & Kimberly,3,3rd,False,False,False,False,False,Kimberly
US,10,7,Rob & Kimberly,3,3rd,False,False,False,False,False,Kimberly
US,10,8,Rob & Kimberly,3,3rd ƒ,False,True,False,False,False,
US,10,9,Rob & Kimberly,4,4th,False,False,False,False,False,Rob
US,10,9,Rob & Kimberly,3,3rd,False,False,False,False,False,Rob
US,10,10,Rob & Kimberly,3,3rd,False,False,False,False,False,Kimberly
US,10,11,Rob & Kimberly,1,1st,False,False,False,False,False,Rob
US,10,12,Rob & Kimberly,2,2nd,False,False,False,False,False,Kimberly
US,10,1,Lyn & Karlyn,9,9th,False,False,False,False,False,Karlyn
US,10,2,Lyn & Karlyn,9,9th,False,False,False,False,False,Lyn
US,10,3,Lyn & Karlyn,6,6th,False,False,False,False,False,Karlyn
US,10,4,Lyn & Karlyn,6,6th,False,False,False,False,False,Karlyn
US,10,5,Lyn & Karlyn,5,5th,False,False,False,False,False,Lyn
US,10,6,Lyn & Karlyn,4,4th,False,False,False,False,False,Karlyn
US,10,7,Lyn & Karlyn,5,5th,False,False,False,False,False,Lyn
US,10,8,Lyn & Karlyn,5,5th,False,False,False,False,False,Lyn
US,10,9,Lyn & Karlyn,3,3rd,False,False,False,False,False,Karlyn
US,10,9,Lyn & Karlyn,4,4th,False,False,False,False,False,Karlyn
US,10,10,Lyn & Karlyn,2,2nd <,False,False,False,False,False,Lyn
US,10,11,Lyn & Karlyn,2,2nd,False,False,False,False,False,Karlyn
US,10,12,Lyn & Karlyn,3,3rd,False,False,False,False,False,Lyn
US,10,1,Dustin & Kandice,4,4th,False,False,False,False,False,Kandice
US,10,2,Dustin & Kandice,5,5th,False,False,False,False,False,Dustin
US,10,3,Dustin & Kandice,4,4th,False,False,False,False,False,Kandice
US,10,4,Dustin & Kandice,7,7th,False,False,False,False,False,Dustin
US,10,5,Dustin & Kandice,2,2nd,False,False,False,False,False,Dustin
US,10,6,Dustin & Kandice,2,2nd,False,False,False,False,False,Kandice
US,10,7,Dustin & Kandice,1,1st,False,False,False,False,False,Kandice
US,10,8,Dustin & Kandice,1,1st,False,False,False,False,False,Dustin
US,10,9,Dustin & Kandice,2,2nd,False,False,False,False,False,Kandice
US,10,9,Dustin & Kandice,2,2nd,False,False,False,False,False,Kandice
US,10,10,Dustin & Kandice,4,4th ‡ >,False,False,False,False,False,Dustin
US,10,11,Dustin & Kandice,4,4th †,False,False,False,False,False,Dustin
US,10,1,Erwin & Godwin,7,7th,False,False,False,False,False,Erwin
US,10,2,Erwin & Godwin,8,8th,False,False,False,False,False,Erwin
US,10,3,Erwin & Godwin,1,1st,False,False,False,False,False,Erwin
US,10,4,Erwin & Godwin,4,4th,False,False,False,False,False,Godwin
US,10,5,Erwin & Godwin,4,4th,False,False,False,False,False,Godwin
US,10,6,Erwin & Godwin,5,5th,False,False,False,False,False,Erwin
US,10,7,Erwin & Godwin,4,4th,False,False,False,False,False,Erwin
US,10,8,Erwin & Godwin,4,4th,False,False,False,False,False,Godwin
US,10,9,Erwin & Godwin,5,5th,False,False,False,False,False,Godwin
US,10,9,Erwin & Godwin,5,5th †,False,False,False,False,False,Godwin
US,10,1,David & Mary,10,10th,False,False,False,False,False,Mary
US,10,2,David & Mary,7,7th,False,False,False,False,False,David
US,10,3,David & Mary,7,7th,False,False,False,False,False,David
US,10,4,David & Mary,5,5th,False,False,False,False,False,David
US,10,5,David & Mary,7,7th ‡,False,False,False,False,False,David
US,10,6,David & Mary,1,1st ƒ,False,True,False,False,False,
US,10,7,David & Mary,6,6th ‡,False,False,False,False,False,Mary
US,10,8,David & Mary,6,6th †,False,False,False,False,False,Mary
US,10,1,Peter & Sarah,3,3rd,False,False,False,False,False,Peter
US,10,2,Peter & Sarah,1,1st,False,False,False,False,False,Peter
US,10,3,Peter & Sarah,5,5th,False,False,False,False,False,Peter
US,10,4,Peter & Sarah,2,2nd,False,False,False,False,False,Sarah
US,10,5,Peter & Sarah,1,1st,False,False,False,False,False,Peter
US,10,6,Peter & Sarah,7,7th †,False,False,False,False,False,Sarah
US,10,1,Tom & Terry,8,8th,False,False,False,False,False,Terry
US,10,2,Tom & Terry,4,4th,False,False,False,False,False,Tom
US,10,3,Tom & Terry,8,8th,False,False,False,False,False,Tom
US,10,4,Tom & Terry,8,8th †,False,False,False,False,False,Terry
US,10,1,Duke & Lauren,2,2nd,False,False,False,False,False,Duke
US,10,2,Duke & Lauren,3,3rd,False,False,False,False,False,Lauren
US,10,3,Duke & Lauren,9,9th †,False,False,False,False,False,Duke
US,10,1,Kellie & Jamie,6,6th,False,False,False,False,False,Jamie
US,10,2,Kellie & Jamie,10,10th †,False,False,False,False,False,Kellie
US,10,1,Vipul & Arti,11,11th †,False,False,False,False,False,Vipul
US,10,1,Bilal & Sa'eed,12,12th †,False,False,False,False,False,Bilal
US,11,1,Eric & Danielle,4,4th,False,False,False,False,False,
US,11,2,Eric & Danielle,4,4th,False,False,False,False,False,Eric
US,11,3,Eric & Danielle,3,3rd,False,False,False,False,False,Danielle
US,11,4,Eric & Danielle,2,2nd,False,False,False,False,False,Eric
US,11,5,Eric & Danielle,6,6th,False,False,False,False,False,Eric
US,11,6,Eric & Danielle,5,5th,False,False,False,False,False,Danielle
US,11,7,Eric & Danielle,5,5th,False,False,False,False,False,Danielle
US,11,8,Eric & Danielle,5,5th,False,False,False,False,False,Eric
US,11,9,Eric & Danielle,3,3rd <,False,False,False,False,False,Danielle
US,11,10,Eric & Danielle,4,4th ‡,False,False,False,False,False,Eric
US,11,11,Eric & Danielle,3,3rd <,False,False,False,False,False,Eric
US,11,12,Eric & Danielle,2,2nd,False,False,False,False,False,Danielle
US,11,13,Eric & Danielle,1,1st,False,False,False,False,False,Danielle
US,11,1,Dustin & Kandice,6,6th,False,False,False,False,False,
US,11,2,Dustin & Kandice,6,6th,False,False,False,False,False,Dustin
US,11,3,Dustin & Kandice,4,4th,False,False,False,False,False,Kandice
US,11,4,Dustin & Kandice,5,5th,False,False,False,False,False,Kandice
US,11,5,Dustin & Kandice,2,2nd,False,False,False,False,False,Dustin
US,11,6,Dustin & Kandice,4,4th,False,False,False,False,False,Dustin
US,11,7,Dustin & Kandice,1,1st,False,False,False,False,False,Kandice
US,11,8,Dustin & Kandice,3,3rd,False,False,False,False,False,Dustin
US,11,9,Dustin & Kandice,1,1st >,False,False,False,False,False,Kandice
US,11,10,Dustin & Kandice,2,2nd,False,False,False,False,False,Kandice
US,11,11,Dustin & Kandice,1,1st,False,False,False,False,False,Kandice
US,11,12,Dustin & Kandice,1,1st,False,False,False,False,False,Dustin
US,11,13,Dustin & Kandice,2,2nd,False,False,False,False,False,Dustin
US,11,1,Charla & Mirna,8,8th,False,False,False,False,False,
US,11,2,Charla & Mirna,8,8th,False,False,False,False,False,Charla
US,11,3,Charla & Mirna,8,8th,False,False,False,False,False,Mirna
US,11,4,Charla & Mirna,7,7th,False,False,False,False,False,Mirna
US,11,5,Charla & Mirna,1,1st,False,False,False,False,False,Charla
US,11,6,Charla & Mirna,1,1st,False,False,False,False,False,Mirna
US,11,7,Charla & Mirna,4,4th,False,False,False,False,False,Mirna
US,11,8,Charla & Mirna,4,4th,False,False,False,False,False,Charla
US,11,9,Charla & Mirna,2,2nd,False,False,False,False,False,Mirna
US,11,10,Charla & Mirna,3,3rd,False,False,False,False,False,Charla
US,11,11,Charla & Mirna,2,2nd,False,False,False,False,False,Charla
US,11,12,Charla & Mirna,3,3rd,False,False,False,False,False,Charla
US,11,13,Charla & Mirna,3,3rd,False,False,False,False,False,Mirna
US,11,1,Oswald & Danny,2,2nd,False,False,False,False,False,
US,11,2,Oswald & Danny,2,2nd,False,False,False,False,False,Oswald
US,11,3,Oswald & Danny,5,5th,False,False,False,False,False,Danny
US,11,4,Oswald & Danny,1,1st,False,False,False,False,False,Oswald
US,11,5,Oswald & Danny,4,4th,False,False,False,False,False,Oswald
US,11,6,Oswald & Danny,2,2nd,False,False,False,False,False,Danny
US,11,7,Oswald & Danny,2,2nd,False,False,False,False,False,Danny
US,11,8,Oswald & Danny,1,1st ƒ,False,True,False,False,False,
US,11,9,Oswald & Danny,4,4th,False,False,False,False,False,Danny
US,11,10,Oswald & Danny,1,1st ƒ,False,True,False,False,False,
US,11,11,Oswald & Danny,4,4th ‡ >,False,False,False,False,False,Danny
US,11,12,Oswald & Danny,4,4th †,False,False,False,False,False,Oswald
US,11,1,Uchenna & Joyce,7,7th,False,False,False,False,False,
US,11,2,Uchenna & Joyce,5,5th,False,False,False,False,False,Joyce
US,11,3,Uchenna & Joyce,2,2nd,False,False,False,False,False,Uchenna
US,11,4,Uchenna & Joyce,6,6th,False,False,False,False,False,Joyce
US,11,5,Uchenna & Joyce,7,7th ‡,False,False,False,False,False,Uchenna
US,11,6,Uchenna & Joyce,3,3rd,False,False,False,False,False,Uchenna
US,11,7,Uchenna & Joyce,3,3rd,False,False,False,False,False,Joyce
US,11,8,Uchenna & Joyce,1,1st ƒ,False,True,False,False,False,
US,11,9,Uchenna & Joyce,5,5th †,False,False,False,False,False,Joyce
US,11,1,Joe & Bill,5,5th,False,False,False,False,False,
US,11,2,Joe & Bill,3,3rd,False,False,False,False,False,Bill
US,11,3,Joe & Bill,7,7th,False,False,False,False,False,Joe
US,11,4,Joe & Bill,4,4th,False,False,False,False,False,Bill
US,11,5,Joe & Bill,5,5th,False,False,False,False,False,Joe
US,11,6,Joe & Bill,6,6th,False,False,False,False,False,Bill
US,11,7,Joe & Bill,6,6th ‡,False,False,False,False,False,Joe
US,11,8,Joe & Bill,6,6th †,False,False,False,False,False,Bill
US,11,1,Teri & Ian,3,3rd,False,False,False,False,False,
US,11,2,Teri & Ian,7,7th,False,False,False,False,False,Ian
US,11,3,Teri & Ian,6,6th,False,False,False,False,False,Teri
US,11,4,Teri & Ian,3,3rd,False,False,False,False,False,Teri
US,11,5,Teri & Ian,3,3rd,False,False,False,False,False,Ian
US,11,6,Teri & Ian,7,7th †,False,False,False,False,False,Ian
US,11,1,Rob & Amber,1,1st,False,False,False,False,False,
US,11,2,Rob & Amber,1,1st,False,False,False,False,False,Amber
US,11,3,Rob & Amber,1,1st,False,False,False,False,False,Amber
US,11,4,Rob & Amber,8,8th †,False,False,False,False,False,Rob
US,11,1,David & Mary,9,9th,False,False,False,False,False,
US,11,2,David & Mary,9,9th,False,False,False,False,False,Mary
US,11,3,David & Mary,9,9th †,False,False,False,False,False,David
US,11,1,Kevin & Drew,10,10th,False,False,False,False,False,
US,11,2,Kevin & Drew,10,10th †,False,False,False,False,False,Kevin
US,11,1,John Vito & Jill,11,11th †,False,False,False,False,False,
US,12,1,TK & Rachel,3,3rd,False,False,False,False,False,TK
US,12,2,TK & Rachel,6,6th,False,False,False,False,False,Rachel
US,12,3,TK & Rachel,2,2nd,False,False,False,False,False,TK
US,12,4,TK & Rachel,7,7th,False,False,False,False,False,Rachel
US,12,5,TK & Rachel,1,1st,False,False,False,False,False,TK
US,12,6,TK & Rachel,4,4th,False,False,False,False,False,Rachel
US,12,7,TK & Rachel,4,4th,False,False,False,False,False,TK
US,12,8,TK & Rachel,1,1st,False,False,False,False,False,TK
US,12,9,TK & Rachel,4,4th ‡,False,False,False,False,False,Rachel
US,12,10,TK & Rachel,2,2nd,False,False,False,False,False,Rachel
US,12,11,TK & Rachel,1,1st,False,False,False,False,False,Rachel
US,12,1,Ronald & Christina,7,7th,False,False,False,False,False,Ron
US,12,2,Ronald & Christina,9,9th,False,False,False,False,False,Christina
US,12,3,Ronald & Christina,5,5th,False,False,False,False,False,Christina
US,12,4,Ronald & Christina,3,3rd,False,False,False,False,False,Christina
US,12,5,Ronald & Christina,3,3rd,False,False,False,False,False,Ron
US,12,6,Ronald & Christina,1,1st,False,False,False,False,False,Ron
US,12,7,Ronald & Christina,3,3rd,False,False,False,False,False,Christina
US,12,8,Ronald & Christina,3,3rd,False,False,False,False,False,Ron
US,12,9,Ronald & Christina,1,1st,False,False,False,False,False,Christina
US,12,10,Ronald & Christina,1,1st,False,False,False,False,False,Ron
US,12,11,Ronald & Christina,2,2nd,False,False,False,False,False,Christina
US,12,1,Nicolas & Donald,5,5th,False,False,False,False,False,Nicolas
US,12,2,Nicolas & Donald,8,8th,False,False,False,False,False,Donald
US,12,3,Nicolas & Donald,6,6th,False,False,False,False,False,Donald
US,12,4,Nicolas & Donald,4,4th,False,False,False,False,False,Nicolas
US,12,5,Nicolas & Donald,6,6th,False,False,False,False,False,Nicolas
US,12,6,Nicolas & Donald,5,5th,False,False,False,False,False,Donald
US,12,7,Nicolas & Donald,1,1st ƒ,False,True,False,False,False,
US,12,8,Nicolas & Donald,2,2nd,False,False,False,False,False,Nicolas
US,12,9,Nicolas & Donald,3,3rd,False,False,False,False,False,Nicolas
US,12,10,Nicolas & Donald,3,3rd,False,False,False,False,False,Donald
US,12,11,Nicolas & Donald,3,3rd,False,False,False,False,False,Nicolas
US,12,1,Nathan & Jennifer,10,10th,False,False,False,False,False,Nathan
US,12,2,Nathan & Jennifer,2,2nd,False,False,False,False,False,Jennifer
US,12,3,Nathan & Jennifer,3,3rd,False,False,False,False,False,Nathan
US,12,4,Nathan & Jennifer,2,2nd,False,False,False,False,False,Jennifer
US,12,5,Nathan & Jennifer,5,5th,False,False,False,False,False,Jennifer
US,12,6,Nathan & Jennifer,3,3rd,False,False,False,False,False,Nathan
US,12,7,Nathan & Jennifer,2,2nd,False,False,False,False,False,Nathan
US,12,8,Nathan & Jennifer,4,4th,False,False,False,False,False,Jennifer
US,12,9,Nathan & Jennifer,2,2nd,False,False,False,False,False,Jennifer
US,12,10,Nathan & Jennifer,4,4th †,False,False,False,False,False,Nathan
US,12,1,Kynt & Vyxsin,2,2nd,False,False,False,False,False,
US,12,2,Kynt & Vyxsin,4,4th,False,False,False,False,False,
US,12,3,Kynt & Vyxsin,4,4th,False,False,False,False,False,
US,12,4,Kynt & Vyxsin,5,5th,False,False,False,False,False,
US,12,5,Kynt & Vyxsin,2,2nd,False,False,False,False,False,
US,12,6,Kynt & Vyxsin,2,2nd,False,False,False,False,False,
US,12,7,Kynt & Vyxsin,5,5th ‡,False,False,False,False,False,
US,12,8,Kynt & Vyxsin,5,5th †,False,False,False,False,False,
US,12,1,Azaria & Hendekea,1,1st,False,False,False,False,False,Azaria
US,12,2,Azaria & Hendekea,5,5th,False,False,False,False,False,Hendekea
US,12,3,Azaria & Hendekea,1,1st,False,False,False,False,False,Azaria
US,12,4,Azaria & Hendekea,1,1st,False,False,False,False,False,Azaria
US,12,5,Azaria & Hendekea,4,4th,False,False,False,False,False,Hendekea
US,12,6,Azaria & Hendekea,6,6th †,False,False,False,False,False,Azaria
US,12,1,Shana & Jennifer,6,6th,False,False,False,False,False,Jennifer
US,12,2,Shana & Jennifer,3,3rd,False,False,False,False,False,Shana
US,12,3,Shana & Jennifer,7,7th,False,False,False,False,False,Jennifer
US,12,4,Shana & Jennifer,6,6th ⊃,False,False,False,False,False,Shana
US,12,5,Shana & Jennifer,7,7th †,False,False,False,False,False,Shana
US,12,1,Lorena & Jason,4,4th,False,False,False,False,False,Jason
US,12,2,Lorena & Jason,1,1st,False,False,False,False,False,Jason
US,12,3,Lorena & Jason,8,8th,False,False,False,False,False,Lorena
US,12,4,Lorena & Jason,8,8th † ⊂,False,False,False,False,False,Jason
US,12,1,Marianna & Julia,9,9th,False,False,False,False,False,Marianna
US,12,2,Marianna & Julia,7,7th,False,False,False,False,False,Marianna
US,12,3,Marianna & Julia,9,9th †,False,False,False,False,False,Julia
US,12,1,Kate & Pat,8,8th,False,False,False,False,False,Kate
US,12,2,Kate & Pat,10,10th †,False,False,False,False,False,Kate
US,12,1,Ari & Staella,11,11th †,False,False,False,False,False,Staella
US,13,1,Nick & Starr,1,1st,False,False,False,False,False,
US,13,2,Nick & Starr,6,6th,False,False,False,False,False,Nick
US,13,3,Nick & Starr,6,6th,False,False,False,False,False,Nick
US,13,4,Nick & Starr,5,5th,False,False,False,False,False,Starr
US,13,5,Nick & Starr,1,1st,False,False,False,False,False,Nick
US,13,6,Nick & Starr,1,1st,False,False,False,False,False,Starr
US,13,7,Nick & Starr,1,1st,False,False,False,False,False,Starr
US,13,8,Nick & Starr,1,1st ƒ,False,True,False,False,False,
US,13,9,Nick & Starr,3,3rd,False,False,False,False,False,Nick
US,13,10,Nick & Starr,1,1st,False,False,False,False,False,Nick
US,13,11,Nick & Starr,1,1st,False,False,False,False,False,
US,13,1,Ken & Tina,2,2nd,False,False,False,False,False,
US,13,2,Ken & Tina,1,1st,False,False,False,False,False,Tina
US,13,3,Ken & Tina,1,1st,False,False,False,False,False,Ken
US,13,4,Ken & Tina,1,1st ƒ,False,True,False,False,False,
US,13,5,Ken & Tina,3,3rd,False,False,False,False,False,Tina
US,13,6,Ken & Tina,6,6th ‡,False,False,False,False,False,Ken
US,13,7,Ken & Tina,4,4th,False,False,False,False,False,Ken
US,13,8,Ken & Tina,3,3rd,False,False,False,False,False,Tina
US,13,9,Ken & Tina,2,2nd,False,False,False,False,False,Ken
US,13,10,Ken & Tina,3,3rd,False,False,False,False,False,Tina
US,13,11,Ken & Tina,2,2nd,False,False,False,False,False,
US,13,1,Andrew & Dan,7,7th,False,False,False,False,False,
US,13,2,Andrew & Dan,8,8th,False,False,False,False,False,Andrew
US,13,3,Andrew & Dan,7,7th,False,False,False,False,False,Dan
US,13,4,Andrew & Dan,6,6th,False,False,False,False,False,Andrew
US,13,5,Andrew & Dan,6,6th,False,False,False,False,False,Andrew
US,13,6,Andrew & Dan,5,5th,False,False,False,False,False,Andrew
US,13,7,Andrew & Dan,5,5th,False,False,False,False,False,Dan
US,13,8,Andrew & Dan,4,4th,False,False,False,False,False,Andrew
US,13,9,Andrew & Dan,4,4th ‡,False,False,False,False,False,Dan
US,13,10,Andrew & Dan,2,2nd,False,False,False,False,False,Andrew
US,13,11,Andrew & Dan,3,3rd,False,False,False,False,False,
US,13,1,Toni & Dallas,6,6th,False,False,False,False,False,
US,13,2,Toni & Dallas,5,5th,False,False,False,False,False,Toni
US,13,3,Toni & Dallas,2,2nd,False,False,False,False,False,Dallas
US,13,4,Toni & Dallas,4,4th,False,False,False,False,False,Toni
US,13,5,Toni & Dallas,2,2nd,False,False,False,False,False,Dallas
US,13,6,Toni & Dallas,3,3rd,False,False,False,False,False,Toni
US,13,7,Toni & Dallas,2,2nd,False,False,False,False,False,Dallas
US,13,8,Toni & Dallas,2,2nd,False,False,False,False,False,Toni
US,13,9,Toni & Dallas,1,1st,False,False,False,False,False,Dallas
US,13,10,Toni & Dallas,4,4th †,False,False,False,False,False,Dallas
US,13,1,Terence & Sarah,3,3rd,False,False,False,False,False,
US,13,2,Terence & Sarah,3,3rd,False,False,False,False,False,Sarah
US,13,3,Terence & Sarah,3,3rd,False,False,False,False,False,Sarah
US,13,4,Terence & Sarah,2,2nd,False,False,False,False,False,Terence
US,13,5,Terence & Sarah,5,5th,False,False,False,False,False,Terence
US,13,6,Terence & Sarah,4,4th,False,False,False,False,False,Sarah
US,13,7,Terence & Sarah,3,3rd,False,False,False,False,False,Terence
US,13,8,Terence & Sarah,5,5th †,False,False,False,False,False,Sarah
US,13,1,Kelly & Christy,5,5th,False,False,False,False,False,
US,13,2,Kelly & Christy,7,7th,False,False,False,False,False,Christy
US,13,3,Kelly & Christy,8,8th,False,False,False,False,False,Kelly
US,13,4,Kelly & Christy,3,3rd,False,False,False,False,False,Christy
US,13,5,Kelly & Christy,4,4th,False,False,False,False,False,Christy
US,13,6,Kelly & Christy,2,2nd,False,False,False,False,False,Kelly
US,13,7,Kelly & Christy,6,6th †,False,False,False,False,False,Kelly
US,13,1,Aja & Ty,8,8th,False,False,False,False,False,
US,13,2,Aja & Ty,4,4th,False,False,False,False,False,Aja
US,13,3,Aja & Ty,5,5th,False,False,False,False,False,Ty
US,13,4,Aja & Ty,7,7th,False,False,False,False,False,Aja
US,13,5,Aja & Ty,7,7th †,False,False,False,False,False,Ty
US,13,1,Marisa & Brooke,10,10th,False,False,False,False,False,
US,13,2,Marisa & Brooke,9,9th,False,False,False,False,False,Marisa
US,13,3,Marisa & Brooke,4,4th,False,False,False,False,False,Marisa
US,13,4,Marisa & Brooke,8,8th †,False,False,False,False,False,Brooke
US,13,1,Mark & Bill,4,4th,False,False,False,False,False,
US,13,2,Mark & Bill,2,2nd,False,False,False,False,False,Bill
US,13,3,Mark & Bill,9,9th †,False,False,False,False,False,Mark
US,13,1,Anthony & Stephanie,9,9th,False,False,False,False,False,
US,13,2,Anthony & Stephanie,10,10th †,False,False,False,False,False,Anthony
US,13,1,Anita & Arthur,11,11th †,False,False,False,False,False,
US,14,1,Tammy & Victor,2,2nd,False,False,False,False,False,Victor
US,14,2,Tammy & Victor,1,1st,False,False,False,False,False,Tammy
US,14,3,Tammy & Victor,8,8th,False,False,False,False,False,Tammy
US,14,4,Tammy & Victor,3,3rd,False,False,False,False,False,Victor
US,14,5,Tammy & Victor,2,2nd,False,False,False,False,False,Tammy
US,14,6,Tammy & Victor,1,1st,False,False,False,False,False,Victor
US,14,7,Tammy & Victor,1,1st,False,False,False,False,False,
US,14,8,Tammy & Victor,3,3rd,False,False,False,False,False,Victor
US,14,9,Tammy & Victor,2,2nd,False,False,False,False,False,Tammy
US,14,10,Tammy & Victor,3,3rd,False,False,False,False,False,Tammy
US,14,10,Tammy & Victor,1,1st ⊃,False,False,False,False,False,Tammy
US,14,11,Tammy & Victor,1,1st,False,False,False,False,False,
US,14,1,Jaime & Cara,7,7th,False,False,False,False,False,Jaime
US,14,2,Jaime & Cara,6,6th,False,False,False,False,False,Cara
US,14,3,Jaime & Cara,7,7th,False,False,False,False,False,Cara
US,14,4,Jaime & Cara,5,5th,False,False,False,False,False,Jaime
US,14,5,Jaime & Cara,3,3rd,False,False,False,False,False,Cara
US,14,6,Jaime & Cara,5,5th,False,False,False,False,False,Jaime
US,14,7,Jaime & Cara,2,2nd,False,False,False,False,False,
US,14,8,Jaime & Cara,2,2nd,False,False,False,False,False,Jaime
US,14,9,Jaime & Cara,4,4th,False,False,False,False,False,Jaime
US,14,10,Jaime & Cara,1,1st,False,False,False,False,False,Cara
US,14,10,Jaime & Cara,3,3rd,False,False,False,False,False,Cara
US,14,11,Jaime & Cara,2,2nd,False,False,False,False,False,
US,14,1,Margie & Luke,1,1st,False,False,False,False,False,Luke
US,14,2,Margie & Luke,4,4th,False,False,False,False,False,Margie
US,14,3,Margie & Luke,4,4th,False,False,False,False,False,Margie
US,14,4,Margie & Luke,4,4th ⊃,False,False,False,False,False,Luke
US,14,5,Margie & Luke,1,1st,False,False,False,False,False,Luke
US,14,6,Margie & Luke,4,4th,False,False,False,False,False,Margie
US,14,7,Margie & Luke,4,4th,False,False,False,False,False,
US,14,8,Margie & Luke,1,1st,False,False,False,False,False,Margie
US,14,9,Margie & Luke,3,3rd,False,False,False,False,False,Luke
US,14,10,Margie & Luke,2,2nd,False,False,False,False,False,Luke
US,14,10,Margie & Luke,2,2nd,False,False,False,False,False,Luke
US,14,11,Margie & Luke,3,3rd,False,False,False,False,False,
US,14,1,Kisha & Jen,8,8th,False,False,False,False,False,Jen
US,14,2,Kisha & Jen,7,7th,False,False,False,False,False,Jen
US,14,3,Kisha & Jen,3,3rd,False,False,False,False,False,Kisha
US,14,4,Kisha & Jen,2,2nd,False,False,False,False,False,Kisha
US,14,5,Kisha & Jen,6,6th,False,False,False,False,False,Jen
US,14,6,Kisha & Jen,3,3rd,False,False,False,False,False,Kisha
US,14,7,Kisha & Jen,5,5th,False,False,False,False,False,
US,14,8,Kisha & Jen,4,4th,False,False,False,False,False,Kisha
US,14,9,Kisha & Jen,1,1st,False,False,False,False,False,Jen
US,14,10,Kisha & Jen,4,4th,False,False,False,False,False,Kisha
US,14,10,Kisha & Jen,4,4th † ⊂,False,False,False,False,False,Kisha
US,14,1,Mark & Michael,3,3rd,False,False,False,False,False,Michael
US,14,2,Mark & Michael,8,8th,False,False,False,False,False,Mark
US,14,3,Mark & Michael,5,5th,False,False,False,False,False,Mark
US,14,4,Mark & Michael,7,7th,False,False,False,False,False,Michael
US,14,5,Mark & Michael,5,5th,False,False,False,False,False,Mark
US,14,6,Mark & Michael,6,6th,False,False,False,False,False,Mark
US,14,7,Mark & Michael,3,3rd,False,False,False,False,False,
US,14,8,Mark & Michael,5,5th ‡,False,False,False,False,False,Mark
US,14,9,Mark & Michael,5,5th †,False,False,False,False,False,Michael
US,14,1,Mel & Mike,4,4th,False,False,False,False,False,Mike
US,14,2,Mel & Mike,2,2nd,False,False,False,False,False,Mel
US,14,3,Mel & Mike,1,1st,False,False,False,False,False,Mike
US,14,4,Mel & Mike,6,6th,False,False,False,False,False,Mel
US,14,5,Mel & Mike,4,4th,False,False,False,False,False,Mike
US,14,6,Mel & Mike,2,2nd,False,False,False,False,False,Mel
US,14,7,Mel & Mike,6,6th †,False,False,False,False,False,
US,14,1,Christie & Jodi,10,10th,False,False,False,False,False,Jodi
US,14,2,Christie & Jodi,9,9th,False,False,False,False,False,Christie
US,14,3,Christie & Jodi,6,6th,False,False,False,False,False,Jodi
US,14,4,Christie & Jodi,1,1st,False,False,False,False,False,Christie
US,14,5,Christie & Jodi,7,7th ‡,False,False,False,False,False,Christie
US,14,6,Christie & Jodi,7,7th †,False,False,False,False,False,Jodi
US,14,1,Amanda & Kris,5,5th,False,False,False,False,False,Kris
US,14,2,Amanda & Kris,3,3rd,False,False,False,False,False,Kris
US,14,3,Amanda & Kris,2,2nd,False,False,False,False,False,Amanda
US,14,4,Amanda & Kris,8,8th † ⊂,False,False,False,False,False,Kris
US,14,1,Brad & Victoria,6,6th,False,False,False,False,False,Victoria
US,14,2,Brad & Victoria,5,5th,False,False,False,False,False,Victoria
US,14,3,Brad & Victoria,9,9th †,False,False,False,False,False,Victoria
US,14,1,Steve & Linda,9,9th,False,False,False,False,False,Steve
US,14,2,Steve & Linda,10,10th †,False,False,False,False,False,Linda
US,14,1,Preston & Jennifer,11,11th †,False,False,False,False,False,Preston
US,15,1,Meghan & Cheyne,1,1st,False,False,False,False,False,Meghan
US,15,2,Meghan & Cheyne,6,6th,False,False,False,False,False,Cheyne
US,15,3,Meghan & Cheyne,2,2nd,False,False,False,False,False,Meghan
US,15,4,Meghan & Cheyne,5,5th,False,False,False,False,False,
US,15,5,Meghan & Cheyne,1,1st ƒ,False,True,False,False,False,Cheyne
US,15,6,Meghan & Cheyne,1,1st,False,False,False,False,False,Meghan
US,15,7,Meghan & Cheyne,2,2nd,False,False,False,False,False,Meghan
US,15,8,Meghan & Cheyne,2,2nd,False,False,False,False,False,Cheyne
US,15,9,Meghan & Cheyne,1,1st,False,False,False,False,False,Cheyne
US,15,10,Meghan & Cheyne,1,1st,False,False,False,False,False,Meghan
US,15,11,Meghan & Cheyne,1,1st,False,False,False,False,False,Cheyne
US,15,12,Meghan & Cheyne,1,1st,False,False,False,False,False,
US,15,1,Sam & Dan,9,9th,False,False,False,False,False,Sam
US,15,2,Sam & Dan,2,2nd,False,False,False,False,False,Sam
US,15,3,Sam & Dan,5,5th,False,False,False,False,False,Dan
US,15,4,Sam & Dan,1,1st,False,False,False,False,False,Dan
US,15,5,Sam & Dan,5,5th,False,False,False,False,False,Dan
US,15,6,Sam & Dan,3,3rd,False,False,False,False,False,Sam
US,15,7,Sam & Dan,1,1st,False,False,False,False,False,Sam
US,15,8,Sam & Dan,4,4th,False,False,False,False,False,Sam
US,15,9,Sam & Dan,2,2nd,False,False,False,False,False,Dan
US,15,10,Sam & Dan,2,2nd,False,False,False,False,False,Dan
US,15,11,Sam & Dan,2,2nd,False,False,False,False,False,Sam
US,15,12,Sam & Dan,2,2nd,False,False,False,False,False,
US,15,1,Brian & Ericka,6,6th,False,False,False,False,False,Ericka
US,15,2,Brian & Ericka,10,10th,False,False,False,False,False,Brian
US,15,3,Brian & Ericka,4,4th,False,False,False,False,False,Ericka
US,15,4,Brian & Ericka,3,3rd,False,False,False,False,False,Brian
US,15,5,Brian & Ericka,2,2nd,False,False,False,False,False,Brian
US,15,6,Brian & Ericka,4,4th,False,False,False,False,False,Ericka
US,15,7,Brian & Ericka,5,5th,False,False,False,False,False,Brian
US,15,8,Brian & Ericka,3,3rd,False,False,False,False,False,Ericka
US,15,9,Brian & Ericka,4,4th,False,False,False,False,False,Ericka
US,15,10,Brian & Ericka,4,4th ‡,False,False,False,False,False,Brian
US,15,11,Brian & Ericka,3,3rd,False,False,False,False,False,Ericka
US,15,12,Brian & Ericka,3,3rd,False,False,False,False,False,
US,15,1,Flight Time & Big Easy,5,5th,False,False,False,False,False,Flight Time
US,15,2,Flight Time & Big Easy,3,3rd,False,False,False,False,False,Flight Time
US,15,3,Flight Time & Big Easy,1,1st,False,False,False,False,False,Flight Time
US,15,4,Flight Time & Big Easy,2,2nd,False,False,False,False,False,Big Easy
US,15,5,Flight Time & Big Easy,3,3rd,False,False,False,False,False,Big Easy
US,15,6,Flight Time & Big Easy,6,6th,False,False,False,False,False,Flight Time
US,15,7,Flight Time & Big Easy,3,3rd,False,False,False,False,False,Big Easy
US,15,8,Flight Time & Big Easy,1,1st,False,False,False,False,False,Flight Time
US,15,9,Flight Time & Big Easy,3,3rd,False,False,False,False,False,Big Easy
US,15,10,Flight Time & Big Easy,3,3rd,False,False,False,False,False,Big Easy
US,15,11,Flight Time & Big Easy,4,4th †,False,False,False,False,False,
US,15,1,Gary & Matt,7,7th,False,False,False,False,False,Matt
US,15,2,Gary & Matt,1,1st,False,False,False,False,False,Matt
US,15,3,Gary & Matt,3,3rd,False,False,False,False,False,Gary
US,15,4,Gary & Matt,4,4th,False,False,False,False,False,Matt
US,15,5,Gary & Matt,4,4th,False,False,False,False,False,Gary
US,15,6,Gary & Matt,5,5th,False,False,False,False,False,Matt
US,15,7,Gary & Matt,4,4th,False,False,False,False,False,Gary
US,15,8,Gary & Matt,5,5th ‡,False,False,False,False,False,Matt
US,15,9,Gary & Matt,5,5th †,False,False,False,False,False,
US,15,1,Maria & Tiffany,11,11th ‡,False,False,False,False,False,Tiffany
US,15,2,Maria & Tiffany,7,7th,False,False,False,False,False,Tiffany
US,15,3,Maria & Tiffany,6,6th,False,False,False,False,False,Maria
US,15,4,Maria & Tiffany,8,8th,False,False,False,False,False,Tiffany
US,15,5,Maria & Tiffany,6,6th,False,False,False,False,False,Tiffany
US,15,6,Maria & Tiffany,2,2nd,False,False,False,False,False,Tiffany
US,15,7,Maria & Tiffany,6,6th †,False,False,False,False,False,
US,15,1,Mika & Canaan,10,10th,False,False,False,False,False,Mika
US,15,2,Mika & Canaan,8,8th,False,False,False,False,False,Canaan
US,15,3,Mika & Canaan,7,7th,False,False,False,False,False,Canaan
US,15,4,Mika & Canaan,7,7th,False,False,False,False,False,Canaan
US,15,5,Mika & Canaan,7,7th,False,False,False,False,False,Canaan
US,15,6,Mika & Canaan,7,7th †,False,False,False,False,False,
US,15,1,Lance & Keri,3,3rd,False,False,False,False,False,Keri
US,15,2,Lance & Keri,4,4th,False,False,False,False,False,Lance
US,15,3,Lance & Keri,9,9th,False,False,False,False,False,Keri
US,15,4,Lance & Keri,6,6th,False,False,False,False,False,Lance
US,15,5,Lance & Keri,8,8th †,False,False,False,False,False,
US,15,1,Zev & Justin,2,2nd,False,False,False,False,False,Zev
US,15,2,Zev & Justin,5,5th,False,False,False,False,False,Justin
US,15,3,Zev & Justin,8,8th,False,False,False,False,False,Zev
US,15,4,Zev & Justin,9,9th †,False,False,False,False,False,
US,15,1,Marcy & Ron,4,4th,False,False,False,False,False,Marcy
US,15,2,Marcy & Ron,9,9th,False,False,False,False,False,Ron
US,15,3,Marcy & Ron,10,10th †,False,False,False,False,False,
US,15,1,Garrett & Jessica,8,8th,False,False,False,False,False,Jessica
US,15,2,Garrett & Jessica,11,11th †,False,False,False,False,False,
US,15,1,Eric & Lisa,12,12th †,False,False,False,False,False,
US,16,1,Dan & Jordan,8,8th,False,False,False,False,False,Dan
US,16,2,Dan & Jordan,8,8th,False,False,False,False,False,Jordan
US,16,3,Dan & Jordan,6,6th,False,False,False,False,False,Dan
US,16,4,Dan & Jordan,6,6th,False,False,False,False,False,
US,16,5,Dan & Jordan,4,4th,False,False,False,False,False,
US,16,6,Dan & Jordan,5,5th,False,False,False,False,False,Jordan
US,16,7,Dan & Jordan,2,2nd,False,False,False,False,False,Jordan
US,16,8,Dan & Jordan,5,5th,False,False,False,False,False,Jordan
US,16,9,Dan & Jordan,1,1st ƒ,False,True,False,False,False,
US,16,10,Dan & Jordan,3,3rd,False,False,False,False,False,Dan
US,16,11,Dan & Jordan,3,3rd,False,False,False,False,False,Dan
US,16,12,Dan & Jordan,1,1st,False,False,False,False,False,Dan
US,16,1,Jet & Cord,3,3rd,False,False,False,False,False,Cord
US,16,2,Jet & Cord,1,1st,False,False,False,False,False,Cord
US,16,3,Jet & Cord,1,1st,False,False,False,False,False,Jet
US,16,4,Jet & Cord,4,4th,False,False,False,False,False,Jet
US,16,5,Jet & Cord,3,3rd,False,False,False,False,False,
US,16,6,Jet & Cord,4,4th,False,False,False,False,False,Cord
US,16,7,Jet & Cord,6,6th ‡,False,False,False,False,False,Cord
US,16,8,Jet & Cord,1,1st,False,False,False,False,False,Jet
US,16,9,Jet & Cord,3,3rd,False,False,False,False,False,Jet
US,16,10,Jet & Cord,1,1st,False,False,False,False,False,Cord
US,16,11,Jet & Cord,2,2nd,False,False,False,False,False,Jet
US,16,12,Jet & Cord,2,2nd,False,False,False,False,False,Cord
US,16,1,Brent & Caite,7,7th,False,False,False,False,False,Caite
US,16,2,Brent & Caite,4,4th,False,False,False,False,False,Brent
US,16,3,Brent & Caite,7,7th,False,False,False,False,False,Brent
US,16,4,Brent & Caite,7,7th,False,False,False,False,False,Caite
US,16,5,Brent & Caite,6,6th,False,False,False,False,False,
US,16,6,Brent & Caite,6,6th,False,False,False,False,False,Brent
US,16,7,Brent & Caite,3,3rd,False,False,False,False,False,Brent
US,16,8,Brent & Caite,4,4th,False,False,False,False,False,Caite
US,16,9,Brent & Caite,2,2nd ⊃,False,False,False,False,False,Brent
US,16,10,Brent & Caite,2,2nd,False,False,False,False,False,Brent
US,16,11,Brent & Caite,1,1st,False,False,False,False,False,Caite
US,16,12,Brent & Caite,3,3rd,False,False,False,False,False,Brent
US,16,1,Louie & Michael,9,9th,False,False,False,False,False,Louie
US,16,2,Louie & Michael,9,9th,False,False,False,False,False,Michael
US,16,3,Louie & Michael,8,8th,False,False,False,False,False,Louie
US,16,4,Louie & Michael,1,1st,False,False,False,False,False,
US,16,5,Louie & Michael,1,1st ⊃,False,False,False,False,False,
US,16,6,Louie & Michael,1,1st,False,False,False,False,False,Louie
US,16,7,Louie & Michael,4,4th,False,False,False,False,False,Michael
US,16,8,Louie & Michael,3,3rd,False,False,False,False,False,Louie
US,16,9,Louie & Michael,4,4th,False,False,False,False,False,Michael
US,16,10,Louie & Michael,4,4th ‡,False,False,False,False,False,Michael
US,16,11,Louie & Michael,4,4th †,False,False,False,False,False,Louie
US,16,1,Carol & Brandy,6,6th,False,False,False,False,False,Brandy
US,16,2,Carol & Brandy,3,3rd,False,False,False,False,False,Carol
US,16,3,Carol & Brandy,3,3rd,False,False,False,False,False,Carol
US,16,4,Carol & Brandy,5,5th,False,False,False,False,False,Brandy
US,16,5,Carol & Brandy,5,5th,False,False,False,False,False,
US,16,6,Carol & Brandy,2,2nd,False,False,False,False,False,Brandy
US,16,7,Carol & Brandy,5,5th,False,False,False,False,False,Brandy
US,16,8,Carol & Brandy,2,2nd,False,False,False,False,False,Carol
US,16,9,Carol & Brandy,5,5th † ⊂,False,False,False,False,False,Carol
US,16,1,Steve & Allie,4,4th,False,False,False,False,False,Allie
US,16,2,Steve & Allie,7,7th,False,False,False,False,False,Steve
US,16,3,Steve & Allie,2,2nd,False,False,False,False,False,Steve
US,16,4,Steve & Allie,2,2nd,False,False,False,False,False,
US,16,5,Steve & Allie,2,2nd,False,False,False,False,False,
US,16,6,Steve & Allie,3,3rd,False,False,False,False,False,Steve
US,16,7,Steve & Allie,1,1st,False,False,False,False,False,Steve
US,16,8,Steve & Allie,6,6th †,False,False,False,False,False,Allie
US,16,1,Jordan & Jeff,1,1st,False,False,False,False,False,Jordan
US,16,2,Jordan & Jeff,6,6th,False,False,False,False,False,Jeff
US,16,3,Jordan & Jeff,5,5th,False,False,False,False,False,Jeff
US,16,4,Jordan & Jeff,8,8th ‡,False,False,False,False,False,
US,16,5,Jordan & Jeff,7,7th,False,False,False,False,False,
US,16,6,Jordan & Jeff,7,7th †,False,False,False,False,False,Jeff
US,16,1,Joe & Heidi,5,5th,False,False,False,False,False,Joe
US,16,2,Joe & Heidi,2,2nd,False,False,False,False,False,Heidi
US,16,3,Joe & Heidi,4,4th,False,False,False,False,False,Heidi
US,16,4,Joe & Heidi,3,3rd,False,False,False,False,False,Joe
US,16,5,Joe & Heidi,8,8th † ⊂,False,False,False,False,False,
US,16,1,Monique & Shawne,2,2nd,False,False,False,False,False,Shawne
US,16,2,Monique & Shawne,5,5th,False,False,False,False,False,Monique
US,16,3,Monique & Shawne,9,9th †,False,False,False,False,False,Shawne
US,16,1,Jody & Shannon,10,10th,False,False,False,False,False,Shannon
US,16,2,Jody & Shannon,10,10th †,False,False,False,False,False,Jody
US,16,1,Dana & Adrian,11,11th †,False,False,False,False,False,Adrian
US,17,1,Nat & Kat,2,2nd,False,False,False,False,False,Nat
US,17,2,Nat & Kat,7,7th,False,False,False,False,False,Kat
US,17,3,Nat & Kat,8,8th,False,False,False,False,False,Nat
US,17,4,Nat & Kat,1,1st,False,False,False,False,False,Kat
US,17,5,Nat & Kat,1,1st ƒ,False,True,False,False,False,
US,17,6,Nat & Kat,4,4th,False,False,False,False,False,Nat
US,17,7,Nat & Kat,1,1st,False,False,False,False,False,Kat
US,17,8,Nat & Kat,5,5th,False,False,False,False,False,Kat
US,17,9,Nat & Kat,3,3rd ⊃,False,False,False,False,False,Nat
US,17,10,Nat & Kat,1,1st,False,False,False,False,False,Nat
US,17,11,Nat & Kat,3,3rd,False,False,False,False,False,Kat
US,17,12,Nat & Kat,1,1st,False,False,False,False,False,Nat
US,17,1,Brook & Claire,4,4th,False,False,False,False,False,Claire
US,17,2,Brook & Claire,1,1st,False,False,False,False,False,Brook
US,17,3,Brook & Claire,6,6th,False,False,False,False,False,Brook
US,17,4,Brook & Claire,3,3rd,False,False,False,False,False,Claire
US,17,5,Brook & Claire,5,5th,False,False,False,False,False,Claire
US,17,6,Brook & Claire,2,2nd,False,False,False,False,False,Brook
US,17,7,Brook & Claire,2,2nd,False,False,False,False,False,Brook
US,17,8,Brook & Claire,4,4th,False,False,False,False,False,Claire
US,17,9,Brook & Claire,4,4th ⊂,False,False,False,False,False,Brook
US,17,10,Brook & Claire,3,3rd,False,False,False,False,False,Claire
US,17,11,Brook & Claire,2,2nd,False,False,False,False,False,Brook
US,17,12,Brook & Claire,2,2nd,False,False,False,False,False,Brook
US,17,1,Jill & Thomas,1,1st,False,False,False,False,False,Thomas
US,17,2,Jill & Thomas,5,5th,False,False,False,False,False,Jill
US,17,3,Jill & Thomas,7,7th,False,False,False,False,False,Thomas
US,17,4,Jill & Thomas,5,5th ε,False,False,False,False,False,Jill
US,17,5,Jill & Thomas,3,3rd,False,False,False,False,False,Thomas
US,17,6,Jill & Thomas,1,1st,False,False,False,False,False,Jill
US,17,7,Jill & Thomas,5,5th,False,False,False,False,False,Thomas
US,17,8,Jill & Thomas,2,2nd,False,False,False,False,False,Jill
US,17,9,Jill & Thomas,1,1st ⊃,False,False,False,False,False,Jill
US,17,10,Jill & Thomas,2,2nd,False,False,False,False,False,Thomas
US,17,11,Jill & Thomas,1,1st,False,False,False,False,False,Thomas
US,17,12,Jill & Thomas,3,3rd,False,False,False,False,False,Thomas
US,17,1,Nick & Vicki,10,10th,False,False,False,False,False,Nick
US,17,2,Nick & Vicki,8,8th,False,False,False,False,False,Nick
US,17,3,Nick & Vicki,5,5th,False,False,False,False,False,Vicki
US,17,4,Nick & Vicki,6,6th,False,False,False,False,False,Nick
US,17,5,Nick & Vicki,6,6th,False,False,False,False,False,Vicki
US,17,6,Nick & Vicki,7,7th ‡,False,False,False,False,False,Nick
US,17,7,Nick & Vicki,3,3rd,False,False,False,False,False,Nick
US,17,8,Nick & Vicki,3,3rd,False,False,False,False,False,Vicki
US,17,9,Nick & Vicki,2,2nd,False,False,False,False,False,Nick
US,17,10,Nick & Vicki,4,4th ‡,False,False,False,False,False,Vicki
US,17,11,Nick & Vicki,4,4th †,False,False,False,False,False,Vicki
US,17,1,Chad & Stephanie,8,8th,False,False,False,False,False,Chad
US,17,2,Chad & Stephanie,4,4th,False,False,False,False,False,Chad
US,17,3,Chad & Stephanie,3,3rd,False,False,False,False,False,Chad
US,17,4,Chad & Stephanie,7,7th,False,False,False,False,False,Stephanie
US,17,5,Chad & Stephanie,7,7th,False,False,False,False,False,Chad
US,17,6,Chad & Stephanie,5,5th,False,False,False,False,False,Stephanie
US,17,7,Chad & Stephanie,6,6th,False,False,False,False,False,Stephanie
US,17,8,Chad & Stephanie,1,1st,False,False,False,False,False,Chad
US,17,9,Chad & Stephanie,5,5th † ⊂,False,False,False,False,False,Stephanie
US,17,1,Gary & Mallory,6,6th,False,False,False,False,False,Gary
US,17,2,Gary & Mallory,9,9th,False,False,False,False,False,Mallory
US,17,3,Gary & Mallory,2,2nd,False,False,False,False,False,Gary
US,17,4,Gary & Mallory,2,2nd,False,False,False,False,False,Mallory
US,17,5,Gary & Mallory,2,2nd,False,False,False,False,False,Gary
US,17,6,Gary & Mallory,6,6th,False,False,False,False,False,Mallory
US,17,7,Gary & Mallory,4,4th,False,False,False,False,False,Gary
US,17,8,Gary & Mallory,6,6th †,False,False,False,False,False,Mallory
US,17,1,Michael & Kevin,7,7th,False,False,False,False,False,Kevin
US,17,2,Michael & Kevin,3,3rd,False,False,False,False,False,Michael
US,17,3,Michael & Kevin,9,9th ‡,False,False,False,False,False,Kevin
US,17,4,Michael & Kevin,4,4th,False,False,False,False,False,Michael
US,17,5,Michael & Kevin,4,4th,False,False,False,False,False,Kevin
US,17,6,Michael & Kevin,3,3rd,False,False,False,False,False,Kevin
US,17,7,Michael & Kevin,7,7th †,False,False,False,False,False,Michael
US,17,1,Katie & Rachel,5,5th,False,False,False,False,False,Rachel
US,17,2,Katie & Rachel,2,2nd,False,False,False,False,False,Rachel
US,17,3,Katie & Rachel,4,4th,False,False,False,False,False,Katie
US,17,4,Katie & Rachel,8,8th,False,False,False,False,False,Katie
US,17,5,Katie & Rachel,8,8th †,False,False,False,False,False,Katie
US,17,1,Connor & Jonathan,3,3rd,False,False,False,False,False,Connor
US,17,2,Connor & Jonathan,6,6th,False,False,False,False,False,Connor
US,17,3,Connor & Jonathan,1,1st,False,False,False,False,False,Connor
US,17,4,Connor & Jonathan,9,9th †,False,False,False,False,False,Connor
US,17,1,Andie & Jenna,9,9th,False,False,False,False,False,Jenna
US,17,2,Andie & Jenna,10,10th †,False,False,False,False,False,Jenna
US,17,1,Ron & Tony,11,11th †,False,False,False,False,False,Ron
US,18,1,Kisha & Jen,3,3rd,False,False,False,False,False,Kisha
US,18,2,Kisha & Jen,4,4th,False,False,False,False,False,
US,18,3,Kisha & Jen,4,4th,False,False,False,False,False,Jen
US,18,4,Kisha & Jen,5,5th,False,False,False,False,False,Jen
US,18,5,Kisha & Jen,4,4th,False,False,False,False,False,Kisha
US,18,6,Kisha & Jen,6,6th,False,False,False,False,False,Kisha
US,18,7,Kisha & Jen,3,3rd,False,False,False,False,False,Jen
US,18,8,Kisha & Jen,4,4th,False,False,False,False,False,Kisha
US,18,9,Kisha & Jen,2,2nd,False,False,False,False,False,Jen
US,18,10,Kisha & Jen,2,2nd,False,False,False,False,False,Jen
US,18,11,Kisha & Jen,2,2nd,False,False,False,False,False,Jen
US,18,12,Kisha & Jen,1,1st,False,False,False,False,False,
US,18,1,Flight Time & Big Easy,5,5th,False,False,False,False,False,Flight Time
US,18,2,Flight Time & Big Easy,2,2nd,False,False,False,False,False,
US,18,3,Flight Time & Big Easy,5,5th,False,False,False,False,False,Flight Time
US,18,4,Flight Time & Big Easy,6,6th,False,False,False,False,False,Big Easy
US,18,5,Flight Time & Big Easy,6,6th ⊂,False,False,False,False,False,Big Easy
US,18,6,Flight Time & Big Easy,7,7th,False,False,False,False,False,Flight Time
US,18,7,Flight Time & Big Easy,1,1st,False,False,False,False,False,Big Easy
US,18,8,Flight Time & Big Easy,2,2nd,False,False,False,False,False,Big Easy
US,18,9,Flight Time & Big Easy,5,5th ⊃,False,False,False,False,False,Flight Time
US,18,10,Flight Time & Big Easy,1,1st,False,False,False,False,False,Flight Time
US,18,11,Flight Time & Big Easy,3,3rd,False,False,False,False,False,Big Easy
US,18,12,Flight Time & Big Easy,2,2nd,False,False,False,False,False,
US,18,1,Gary & Mallory,1,1st,False,False,False,False,False,Mallory
US,18,2,Gary & Mallory,9,9th,False,False,False,False,False,
US,18,3,Gary & Mallory,2,2nd,False,False,False,False,False,Gary
US,18,4,Gary & Mallory,3,3rd,False,False,False,False,False,Mallory
US,18,5,Gary & Mallory,2,2nd ε,False,False,False,False,False,Gary
US,18,6,Gary & Mallory,1,1st,False,False,False,False,False,Mallory
US,18,7,Gary & Mallory,4,4th,False,False,False,False,False,Gary
US,18,8,Gary & Mallory,6,6th ‡,False,False,False,False,False,Gary
US,18,9,Gary & Mallory,4,4th,False,False,False,False,False,Gary
US,18,10,Gary & Mallory,3,3rd,False,False,False,False,False,Mallory
US,18,11,Gary & Mallory,1,1st,False,False,False,False,False,Mallory
US,18,12,Gary & Mallory,3,3rd,False,False,False,False,False,
US,18,1,Zev & Justin,4,4th,False,False,False,False,False,Justin
US,18,2,Zev & Justin,1,1st,False,False,False,False,False,
US,18,3,Zev & Justin,1,1st,False,False,False,False,False,Justin
US,18,4,Zev & Justin,8,8th,False,False,False,False,False,Zev
US,18,5,Zev & Justin,8,8th,False,False,False,False,False,Justin
US,18,6,Zev & Justin,4,4th,False,False,False,False,False,Zev
US,18,7,Zev & Justin,2,2nd,False,False,False,False,False,Justin
US,18,8,Zev & Justin,1,1st,False,False,False,False,False,Zev
US,18,9,Zev & Justin,1,1st,False,False,False,False,False,Justin
US,18,10,Zev & Justin,4,4th,False,False,False,False,False,Zev
US,18,11,Zev & Justin,4,4th †,False,False,False,False,False,Zev
US,18,1,Kent & Vyxsin,10,10th,False,False,False,False,False,Vyxsin
US,18,2,Kent & Vyxsin,7,7th,False,False,False,False,False,
US,18,3,Kent & Vyxsin,7,7th,False,False,False,False,False,Kent
US,18,4,Kent & Vyxsin,9,9th,False,False,False,False,False,Vyxsin
US,18,5,Kent & Vyxsin,5,5th ⊃,False,False,False,False,False,Kent
US,18,6,Kent & Vyxsin,5,5th,False,False,False,False,False,Kent
US,18,7,Kent & Vyxsin,6,6th,False,False,False,False,False,Kent
US,18,8,Kent & Vyxsin,3,3rd,False,False,False,False,False,Vyxsin
US,18,9,Kent & Vyxsin,3,3rd,False,False,False,False,False,Vyxsin
US,18,10,Kent & Vyxsin,5,5th †,False,False,False,False,False,Vyxsin
US,18,1,Jet & Cord,11,11th,False,False,False,False,False,Jet
US,18,2,Jet & Cord,3,3rd,False,False,False,False,False,
US,18,3,Jet & Cord,6,6th,False,False,False,False,False,Cord
US,18,4,Jet & Cord,2,2nd,False,False,False,False,False,Cord
US,18,5,Jet & Cord,1,1st,False,False,False,False,False,Jet
US,18,6,Jet & Cord,2,2nd,False,False,False,False,False,Jet
US,18,7,Jet & Cord,5,5th,False,False,False,False,False,Cord
US,18,8,Jet & Cord,5,5th,False,False,False,False,False,Cord
US,18,9,Jet & Cord,6,6th † ⊂,False,False,False,False,False,Jet
US,18,1,Ron & Christina,8,8th,False,False,False,False,False,Christina
US,18,2,Ron & Christina,10,10th,False,False,False,False,False,
US,18,3,Ron & Christina,3,3rd,False,False,False,False,False,Ron
US,18,4,Ron & Christina,4,4th,False,False,False,False,False,Christina
US,18,5,Ron & Christina,7,7th,False,False,False,False,False,Christina
US,18,6,Ron & Christina,3,3rd,False,False,False,False,False,Ron
US,18,7,Ron & Christina,7,7th †,False,False,False,False,False,Ron
US,18,1,Margie & Luke,7,7th,False,False,False,False,False,Margie
US,18,2,Margie & Luke,5,5th,False,False,False,False,False,
US,18,3,Margie & Luke,8,8th,False,False,False,False,False,Luke
US,18,4,Margie & Luke,1,1st,False,False,False,False,False,Luke
US,18,5,Margie & Luke,3,3rd,False,False,False,False,False,Margie
US,18,6,Margie & Luke,8,8th †,False,False,False,False,False,Luke
US,18,1,Jaime & Cara,6,6th,False,False,False,False,False,Cara
US,18,2,Jaime & Cara,8,8th,False,False,False,False,False,
US,18,3,Jaime & Cara,9,9th,False,False,False,False,False,Jaime
US,18,4,Jaime & Cara,7,7th,False,False,False,False,False,Cara
US,18,5,Jaime & Cara,9,9th † ⊂ ⊃,False,False,False,False,False,Jaime
US,18,1,Mel & Mike,9,9th,False,False,False,False,False,Mel
US,18,2,Mel & Mike,6,6th,False,False,False,False,False,
US,18,3,Mel & Mike,10,10th †,False,False,False,False,False,Mike
US,18,1,Amanda & Kris,2,2nd,False,False,False,False,False,Amanda
US,18,2,Amanda & Kris,11,11th †,False,False,False,False,False,
US,19,1,Ernie & Cindy,1,1st,False,False,False,False,False,Cindy
US,19,2,Ernie & Cindy,4,4th,False,False,False,False,False,Cindy
US,19,3,Ernie & Cindy,5,5th,False,False,False,False,False,Ernie
US,19,4,Ernie & Cindy,5,5th,False,False,False,False,False,Ernie
US,19,5,Ernie & Cindy,3,3rd,False,False,False,False,False,Ernie
US,19,6,Ernie & Cindy,5,5th,False,False,False,False,False,Ernie
US,19,7,Ernie & Cindy,2,2nd ε,False,False,False,False,False,Cindy
US,19,8,Ernie & Cindy,1,1st ⊃,False,False,False,False,False,Ernie
US,19,9,Ernie & Cindy,2,2nd,False,False,False,False,False,Cindy
US,19,10,Ernie & Cindy,3,3rd,False,False,False,False,False,Ernie
US,19,11,Ernie & Cindy,2,2nd,False,False,False,False,False,Cindy
US,19,12,Ernie & Cindy,1,1st,False,False,False,False,False,Ernie
US,19,1,Jeremy & Sandy,2,2nd,False,False,False,False,False,Sandy
US,19,2,Jeremy & Sandy,6,6th,False,False,False,False,False,Jeremy
US,19,3,Jeremy & Sandy,3,3rd,False,False,False,False,False,Jeremy
US,19,4,Jeremy & Sandy,3,3rd,False,False,False,False,False,Jeremy
US,19,5,Jeremy & Sandy,7,7th,False,False,False,False,False,Jeremy
US,19,6,Jeremy & Sandy,3,3rd,False,False,False,False,False,Jeremy
US,19,7,Jeremy & Sandy,6,6th,False,False,False,False,False,Sandy
US,19,8,Jeremy & Sandy,5,5th,False,False,False,False,False,Sandy
US,19,9,Jeremy & Sandy,3,3rd,False,False,False,False,False,Sandy
US,19,10,Jeremy & Sandy,2,2nd,False,False,False,False,False,Jeremy
US,19,11,Jeremy & Sandy,1,1st,False,False,False,False,False,Sandy
US,19,12,Jeremy & Sandy,2,2nd,False,False,False,False,False,Sandy
US,19,1,Amani & Marcus,5,5th,False,False,False,False,False,Amani
US,19,2,Amani & Marcus,9,9th,False,False,False,False,False,Marcus
US,19,3,Amani & Marcus,6,6th,False,False,False,False,False,Marcus
US,19,4,Amani & Marcus,6,6th,False,False,False,False,False,Amani
US,19,5,Amani & Marcus,1,1st,False,False,False,False,False,Amani
US,19,6,Amani & Marcus,7,7th ‡,False,False,False,False,False,Marcus
US,19,7,Amani & Marcus,4,4th,False,False,False,False,False,Marcus
US,19,8,Amani & Marcus,4,4th,False,False,False,False,False,Amani
US,19,9,Amani & Marcus,1,1st,False,False,False,False,False,Amani
US,19,10,Amani & Marcus,4,4th,False,False,False,False,False,Marcus
US,19,11,Amani & Marcus,3,3rd,False,False,False,False,False,Amani
US,19,12,Amani & Marcus,3,3rd,False,False,False,False,False,Marcus
US,19,1,Andy & Tommy,7,7th,False,False,False,False,False,Andy
US,19,2,Andy & Tommy,1,1st,False,False,False,False,False,Tommy
US,19,3,Andy & Tommy,1,1st,False,False,False,False,False,Tommy
US,19,4,Andy & Tommy,1,1st,False,False,False,False,False,Andy
US,19,5,Andy & Tommy,5,5th,False,False,False,False,False,Tommy
US,19,6,Andy & Tommy,1,1st,False,False,False,False,False,Tommy
US,19,7,Andy & Tommy,1,1st,False,False,False,False,False,Andy
US,19,8,Andy & Tommy,3,3rd,False,False,False,False,False,Andy
US,19,9,Andy & Tommy,4,4th,False,False,False,False,False,Tommy
US,19,10,Andy & Tommy,1,1st,False,False,False,False,False,Tommy
US,19,11,Andy & Tommy,4,4th †,False,False,False,False,False,Andy
US,19,1,Bill & Cathi,11,11th ‡,False,False,False,False,False,Cathi
US,19,2,Bill & Cathi,7,7th,False,False,False,False,False,Bill
US,19,3,Bill & Cathi,7,7th,False,False,False,False,False,Bill
US,19,4,Bill & Cathi,7,7th,False,False,False,False,False,Bill
US,19,5,Bill & Cathi,2,2nd,False,False,False,False,False,Bill
US,19,6,Bill & Cathi,6,6th,False,False,False,False,False,Bill
US,19,7,Bill & Cathi,3,3rd,False,False,False,False,False,Cathi
US,19,8,Bill & Cathi,2,2nd ⊂ ⊃,False,False,False,False,False,Cathi
US,19,9,Bill & Cathi,5,5th,False,False,False,False,False,Cathi
US,19,10,Bill & Cathi,5,5th †,False,False,False,False,False,Bill
US,19,1,Laurence & Zac,6,6th,False,False,False,False,False,Zac
US,19,2,Laurence & Zac,2,2nd,False,False,False,False,False,Zac
US,19,3,Laurence & Zac,2,2nd,False,False,False,False,False,Laurence
US,19,4,Laurence & Zac,4,4th,False,False,False,False,False,Zac
US,19,5,Laurence & Zac,6,6th,False,False,False,False,False,Zac
US,19,6,Laurence & Zac,4,4th,False,False,False,False,False,Laurence
US,19,7,Laurence & Zac,5,5th,False,False,False,False,False,Laurence
US,19,8,Laurence & Zac,6,6th † ⊂,False,False,False,False,False,Zac
US,19,1,Justin & Jennifer,3,3rd,False,False,False,False,False,Jennifer
US,19,2,Justin & Jennifer,8,8th,False,False,False,False,False,Justin
US,19,3,Justin & Jennifer,4,4th,False,False,False,False,False,Justin
US,19,4,Justin & Jennifer,2,2nd,False,False,False,False,False,Jennifer
US,19,5,Justin & Jennifer,4,4th,False,False,False,False,False,Jennifer
US,19,6,Justin & Jennifer,2,2nd,False,False,False,False,False,Justin
US,19,7,Justin & Jennifer,7,7th †,False,False,False,False,False,Jennifer
US,19,1,Liz & Marie,10,10th,False,False,False,False,False,Liz
US,19,2,Liz & Marie,5,5th,False,False,False,False,False,Marie
US,19,3,Liz & Marie,8,8th,False,False,False,False,False,Marie
US,19,4,Liz & Marie,8,8th ‡,False,False,False,False,False,Marie
US,19,5,Liz & Marie,8,8th †,False,False,False,False,False,Liz
US,19,1,Kaylani & Lisa,9,9th,False,False,False,False,False,Lisa
US,19,2,Kaylani & Lisa,3,3rd,False,False,False,False,False,Kaylani
US,19,3,Kaylani & Lisa,9,9th †,False,False,False,False,False,Lisa
US,19,1,Ethan & Jenna,4,4th,False,False,False,False,False,Ethan
US,19,2,Ethan & Jenna,10,10th †,False,False,False,False,False,Ethan
US,19,1,Ron & Bill,8,8th,False,False,False,False,False,Ron
US,19,2,Ron & Bill,11,11th†,False,False,False,False,False,Bill
US,20,1,Rachel & Dave,1,1st,False,False,False,False,False,Dave
US,20,2,Rachel & Dave,1,1st,False,False,False,False,False,Rachel
US,20,3,Rachel & Dave,6,6th ε,False,False,False,False,False,Dave
US,20,4,Rachel & Dave,2,2nd,False,False,False,False,False,Rachel
US,20,5,Rachel & Dave,4,4th,False,False,False,False,False,Rachel
US,20,6,Rachel & Dave,1,1st ƒ,False,True,False,False,False,
US,20,7,Rachel & Dave,1,1st,False,False,False,False,False,
US,20,8,Rachel & Dave,2,2nd,False,False,False,False,False,Dave
US,20,9,Rachel & Dave,1,1st,False,False,False,False,False,Rachel
US,20,10,Rachel & Dave,1,1st,False,False,False,False,False,Dave
US,20,11,Rachel & Dave,1,1st,False,False,False,False,False,Rachel
US,20,12,Rachel & Dave,1,1st,False,False,False,False,False,
US,20,1,Art & J.J.,3,3rd,False,False,False,False,False,Art
US,20,2,Art & J.J.,2,2nd,False,False,False,False,False,JJ
US,20,3,Art & J.J.,1,1st,False,False,False,False,False,Art
US,20,4,Art & J.J.,1,1st ƒ,False,True,False,False,False,
US,20,5,Art & J.J.,1,1st,False,False,False,False,False,JJ
US,20,6,Art & J.J.,2,2nd,False,False,False,False,False,JJ
US,20,7,Art & J.J.,3,3rd,False,False,False,False,False,
US,20,8,Art & J.J.,3,3rd ⊃,False,False,False,False,False,Art
US,20,9,Art & J.J.,3,3rd,False,False,False,False,False,JJ
US,20,10,Art & J.J.,4,4th,False,False,False,False,False,Art
US,20,11,Art & J.J.,2,2nd,False,False,False,False,False,Art
US,20,12,Art & J.J.,2,2nd,False,False,False,False,False,
US,20,1,Brendon & Rachel,2,2nd,False,False,False,False,False,Brendon
US,20,2,Brendon & Rachel,4,4th,False,False,False,False,False,Rachel
US,20,3,Brendon & Rachel,2,2nd,False,False,False,False,False,Rachel
US,20,4,Brendon & Rachel,6,6th,False,False,False,False,False,Rachel
US,20,5,Brendon & Rachel,5,5th,False,False,False,False,False,Brendon
US,20,6,Brendon & Rachel,4,4th,False,False,False,False,False,Brendon
US,20,7,Brendon & Rachel,4,4th,False,False,False,False,False,
US,20,8,Brendon & Rachel,4,4th ⊂ ⊃,False,False,False,False,False,Rachel
US,20,9,Brendon & Rachel,2,2nd,False,False,False,False,False,Rachel
US,20,10,Brendon & Rachel,2,2nd,False,False,False,False,False,Brendon
US,20,11,Brendon & Rachel,3,3rd,False,False,False,False,False,Rachel
US,20,12,Brendon & Rachel,3,3rd,False,False,False,False,False,
US,20,1,Vanessa & Ralph,5,5th,False,False,False,False,False,Ralph
US,20,2,Vanessa & Ralph,7,7th,False,False,False,False,False,Vanessa
US,20,3,Vanessa & Ralph,8,8th,False,False,False,False,False,Ralph
US,20,4,Vanessa & Ralph,4,4th,False,False,False,False,False,Vanessa
US,20,5,Vanessa & Ralph,3,3rd,False,False,False,False,False,Ralph
US,20,6,Vanessa & Ralph,6,6th,False,False,False,False,False,Vanessa
US,20,7,Vanessa & Ralph,5,5th,False,False,False,False,False,
US,20,8,Vanessa & Ralph,5,5th ⊂,False,False,False,False,False,Ralph
US,20,9,Vanessa & Ralph,4,4th,False,False,False,False,False,Vanessa
US,20,10,Vanessa & Ralph,3,3rd,False,False,False,False,False,Ralph
US,20,11,Vanessa & Ralph,4,4th †,False,False,False,False,False,Vanessa
US,20,1,Bopper & Mark,9,9th,False,False,False,False,False,Bopper
US,20,2,Bopper & Mark,3,3rd,False,False,False,False,False,Mark
US,20,3,Bopper & Mark,4,4th,False,False,False,False,False,Mark
US,20,4,Bopper & Mark,8,8th ‡,False,False,False,False,False,Bopper
US,20,5,Bopper & Mark,6,6th,False,False,False,False,False,Mark
US,20,6,Bopper & Mark,3,3rd,False,False,False,False,False,Bopper
US,20,7,Bopper & Mark,2,2nd,False,False,False,False,False,
US,20,8,Bopper & Mark,1,1st,False,False,False,False,False,Mark
US,20,9,Bopper & Mark,5,5th ‡,False,False,False,False,False,Mark
US,20,10,Bopper & Mark,5,5th † ƒ,False,True,False,False,False,
US,20,1,Nary & Jamie,4,4th,False,False,False,False,False,Jamie
US,20,2,Nary & Jamie,6,6th,False,False,False,False,False,Nary
US,20,3,Nary & Jamie,5,5th,False,False,False,False,False,Nary
US,20,4,Nary & Jamie,5,5th,False,False,False,False,False,Jamie
US,20,5,Nary & Jamie,7,7th,False,False,False,False,False,Nary
US,20,6,Nary & Jamie,5,5th,False,False,False,False,False,Jamie
US,20,7,Nary & Jamie,6,6th ‡,False,False,False,False,False,
US,20,8,Nary & Jamie,6,6th †,False,False,False,False,False,Nary
US,20,1,"Joey ""Fitness"" & Danny",10,10th,False,False,False,False,False,Danny
US,20,2,"Joey ""Fitness"" & Danny",8,8th,False,False,False,False,False,Joey
US,20,3,"Joey ""Fitness"" & Danny",3,3rd,False,False,False,False,False,Joey
US,20,4,"Joey ""Fitness"" & Danny",3,3rd,False,False,False,False,False,Danny
US,20,5,"Joey ""Fitness"" & Danny",2,2nd,False,False,False,False,False,Danny
US,20,6,"Joey ""Fitness"" & Danny",7,7th †,False,False,False,False,False,Joey
US,20,1,Kerri & Stacy,7,7th,False,False,False,False,False,Kerri
US,20,2,Kerri & Stacy,5,5th,False,False,False,False,False,Stacy
US,20,3,Kerri & Stacy,7,7th,False,False,False,False,False,Kerri
US,20,4,Kerri & Stacy,7,7th,False,False,False,False,False,Stacy
US,20,5,Kerri & Stacy,8,8th †,False,False,False,False,False,Kerri
US,20,1,Elliot & Andrew,6,6th,False,False,False,False,False,Andrew
US,20,2,Elliot & Andrew,9,9th,False,False,False,False,False,Andrew
US,20,3,Elliot & Andrew,9,9th †,False,False,False,False,False,Elliot
US,20,1,Dave & Cherie,8,8th,False,False,False,False,False,Cherie
US,20,2,Dave & Cherie,10,10th †,False,False,False,False,False,Dave
US,20,1,Misa & Maiya,11,11th †,False,False,False,False,False,Maiya
US,21,1,Josh & Brent,7,7th,False,False,False,False,False,Brent
US,21,2,Josh & Brent,5,5th,False,False,False,False,False,Josh
US,21,3,Josh & Brent,5,5th,False,False,False,False,False,Brent
US,21,4,Josh & Brent,4,4th,False,False,False,False,False,Josh
US,21,5,Josh & Brent,7,7th ‡,False,False,False,False,False,Brent
US,21,6,Josh & Brent,6,6th,False,False,False,False,False,Brent
US,21,7,Josh & Brent,5,5th,False,False,False,False,False,Josh
US,21,8,Josh & Brent,5,5th,False,False,False,False,False,Brent
US,21,9,Josh & Brent,4,4th,False,False,False,False,False,Josh
US,21,10,Josh & Brent,3,3rd,False,False,False,False,False,Josh
US,21,11,Josh & Brent,3,3rd,False,False,False,False,False,Josh
US,21,12,Josh & Brent,1,1st,False,False,False,False,False,
US,21,1,Jaymes & James,10,10th,False,False,False,False,False,Jaymes
US,21,2,Jaymes & James,3,3rd,False,False,False,False,False,Jaymes
US,21,3,Jaymes & James,3,3rd,False,False,False,False,False,Jaymes
US,21,4,Jaymes & James,6,6th,False,False,False,False,False,James
US,21,5,Jaymes & James,6,6th,False,False,False,False,False,Jaymes
US,21,6,Jaymes & James,5,5th,False,False,False,False,False,James
US,21,7,Jaymes & James,2,2nd,False,False,False,False,False,James
US,21,8,Jaymes & James,1,1st,False,False,False,False,False,Jaymes
US,21,9,Jaymes & James,2,2nd ⊃,False,False,False,False,False,James
US,21,10,Jaymes & James,2,2nd,False,False,False,False,False,James
US,21,11,Jaymes & James,1,1st,False,False,False,False,False,James
US,21,12,Jaymes & James,2,2nd,False,False,False,False,False,
US,21,1,Trey & Lexi,9,9th,False,False,False,False,False,Lexi
US,21,2,Trey & Lexi,2,2nd,False,False,False,False,False,Lexi
US,21,3,Trey & Lexi,2,2nd,False,False,False,False,False,Lexi
US,21,4,Trey & Lexi,7,7th,False,False,False,False,False,Trey
US,21,5,Trey & Lexi,5,5th,False,False,False,False,False,Trey
US,21,6,Trey & Lexi,1,1st,False,False,False,False,False,Lexi
US,21,7,Trey & Lexi,1,1st,False,False,False,False,False,Trey
US,21,8,Trey & Lexi,2,2nd,False,False,False,False,False,Lexi
US,21,9,Trey & Lexi,3,3rd,False,False,False,False,False,Trey
US,21,10,Trey & Lexi,1,1st,False,False,False,False,False,Trey
US,21,11,Trey & Lexi,2,2nd,False,False,False,False,False,Lexi
US,21,12,Trey & Lexi,3,3rd,False,False,False,False,False,
US,21,1,Natalie & Nadiya,4,4th,False,False,False,False,False,Nadiya
US,21,2,Natalie & Nadiya,1,1st,False,False,False,False,False,Nadiya
US,21,3,Natalie & Nadiya,6,6th,False,False,False,False,False,Nadiya
US,21,4,Natalie & Nadiya,3,3rd,False,False,False,False,False,Natalie
US,21,5,Natalie & Nadiya,3,3rd,False,False,False,False,False,Nadiya
US,21,6,Natalie & Nadiya,4,4th,False,False,False,False,False,Natalie
US,21,7,Natalie & Nadiya,3,3rd,False,False,False,False,False,Natalie
US,21,8,Natalie & Nadiya,3,3rd ε,False,False,False,False,False,Natalie
US,21,9,Natalie & Nadiya,1,1st ƒ,False,True,False,False,False,
US,21,10,Natalie & Nadiya,4,4th ‡,False,False,False,False,False,Nadiya
US,21,11,Natalie & Nadiya,4,4th †,False,False,False,False,False,Natalie
US,21,1,Abbie & Ryan,1,1st,False,False,False,False,False,Ryan
US,21,2,Abbie & Ryan,4,4th,False,False,False,False,False,Abbie
US,21,3,Abbie & Ryan,1,1st,False,False,False,False,False,Ryan
US,21,4,Abbie & Ryan,2,2nd,False,False,False,False,False,Ryan
US,21,5,Abbie & Ryan,2,2nd,False,False,False,False,False,Abbie
US,21,6,Abbie & Ryan,2,2nd,False,False,False,False,False,Ryan
US,21,7,Abbie & Ryan,4,4th,False,False,False,False,False,Abbie
US,21,8,Abbie & Ryan,4,4th,False,False,False,False,False,Ryan
US,21,9,Abbie & Ryan,5,5th † ⊂,False,False,False,False,False,Ryan
US,21,1,James & Abba,6,6th,False,False,False,False,False,Abba
US,21,2,James & Abba,6,6th,False,False,False,False,False,James
US,21,3,James & Abba,4,4th,False,False,False,False,False,Abba
US,21,4,James & Abba,1,1st ƒ,False,True,False,False,False,
US,21,5,James & Abba,1,1st,False,False,False,False,False,James
US,21,6,James & Abba,3,3rd,False,False,False,False,False,Abba
US,21,7,James & Abba,6,6th ‡,False,False,False,False,False,Abba
US,21,8,James & Abba,6,6th †,False,False,False,False,False,Abba
US,21,1,Rob & Kelley,5,5th,False,False,False,False,False,Rob
US,21,2,Rob & Kelley,8,8th,False,False,False,False,False,Rob
US,21,3,Rob & Kelley,7,7th ⊃,False,False,False,False,False,Rob
US,21,4,Rob & Kelley,5,5th,False,False,False,False,False,Rob
US,21,5,Rob & Kelley,4,4th,False,False,False,False,False,Kelley
US,21,6,Rob & Kelley,7,7th †,False,False,False,False,False,Kelley
US,21,1,Gary & Will,8,8th,False,False,False,False,False,Will
US,21,2,Gary & Will,9,9th,False,False,False,False,False,Will
US,21,3,Gary & Will,8,8th ⊂,False,False,False,False,False,Gary
US,21,4,Gary & Will,8,8th †,False,False,False,False,False,Gary
US,21,1,Caitlin & Brittany,3,3rd,False,False,False,False,False,Brittany
US,21,2,Caitlin & Brittany,7,7th,False,False,False,False,False,Caitlin
US,21,3,Caitlin & Brittany,9,9th †,False,False,False,False,False,Brittany
US,21,1,Amy & Daniel,2,2nd,False,False,False,False,False,Amy
US,21,2,Amy & Daniel,10,10th †,False,False,False,False,False,Amy
US,21,1,Rob & Sheila,11,11th †,False,False,False,False,False,Sheila
US,22,1,Bates & Anthony,2,2nd,False,False,False,False,False,Bates
US,22,2,Bates & Anthony,1,1st,False,False,False,False,False,Anthony
US,22,3,Bates & Anthony,3,3rd,False,False,False,False,False,Anthony
US,22,4,Bates & Anthony,7,7th,False,False,False,False,False,Bates
US,22,5,Bates & Anthony,4,4th,False,False,False,False,False,Anthony
US,22,6,Bates & Anthony,1,1st,False,False,False,False,False,Bates
US,22,7,Bates & Anthony,1,1st ƒ,False,True,False,False,False,
US,22,8,Bates & Anthony,1,1st,False,False,False,False,False,Bates
US,22,9,Bates & Anthony,4,4th,False,False,False,False,False,Anthony
US,22,10,Bates & Anthony,2,2nd ⊃,False,False,False,False,False,Bates
US,22,11,Bates & Anthony,2,2nd,False,False,False,False,False,Bates
US,22,12,Bates & Anthony,1,1st,False,False,False,False,False,
US,22,1,Max & Katie,9,9th,False,False,False,False,False,Katie
US,22,2,Max & Katie,8,8th,False,False,False,False,False,Max
US,22,3,Max & Katie,8,8th,False,False,False,False,False,Katie
US,22,4,Max & Katie,3,3rd,False,False,False,False,False,Max
US,22,5,Max & Katie,2,2nd,False,False,False,False,False,Katie
US,22,6,Max & Katie,7,7th ‡,False,False,False,False,False,Max
US,22,7,Max & Katie,6,6th,False,False,False,False,False,Max
US,22,8,Max & Katie,3,3rd,False,False,False,False,False,Katie
US,22,9,Max & Katie,1,1st,False,False,False,False,False,Katie
US,22,10,Max & Katie,1,1st ⊃,False,False,False,False,False,Max
US,22,11,Max & Katie,1,1st,False,False,False,False,False,Max
US,22,12,Max & Katie,2,2nd,False,False,False,False,False,
US,22,1,Mona & Beth,5,5th,False,False,False,False,False,Beth
US,22,2,Mona & Beth,6,6th,False,False,False,False,False,Beth
US,22,3,Mona & Beth,7,7th,False,False,False,False,False,Mona
US,22,4,Mona & Beth,6,6th,False,False,False,False,False,Mona
US,22,5,Mona & Beth,3,3rd,False,False,False,False,False,Beth
US,22,6,Mona & Beth,6,6th,False,False,False,False,False,Mona
US,22,7,Mona & Beth,2,2nd,False,False,False,False,False,Beth
US,22,8,Mona & Beth,2,2nd,False,False,False,False,False,Beth
US,22,9,Mona & Beth,5,5th ‡,False,False,False,False,False,Beth
US,22,10,Mona & Beth,4,4th ⊂,False,False,False,False,False,Mona
US,22,11,Mona & Beth,3,3rd,False,False,False,False,False,Beth
US,22,12,Mona & Beth,3,3rd,False,False,False,False,False,
US,22,1,Caroline & Jennifer,10,10th,False,False,False,False,False,Jennifer
US,22,2,Caroline & Jennifer,7,7th,False,False,False,False,False,Caroline
US,22,3,Caroline & Jennifer,6,6th,False,False,False,False,False,Jennifer
US,22,4,Caroline & Jennifer,4,4th,False,False,False,False,False,Caroline
US,22,5,Caroline & Jennifer,5,5th,False,False,False,False,False,Jennifer
US,22,6,Caroline & Jennifer,5,5th,False,False,False,False,False,Caroline
US,22,7,Caroline & Jennifer,3,3rd,False,False,False,False,False,Caroline
US,22,8,Caroline & Jennifer,4,4th,False,False,False,False,False,Jennifer
US,22,9,Caroline & Jennifer,3,3rd,False,False,False,False,False,Jennifer
US,22,10,Caroline & Jennifer,3,3rd,False,False,False,False,False,Caroline
US,22,11,Caroline & Jennifer,4,4th †,False,False,False,False,False,Jennifer
US,22,1,Joey & Meghan,6,6th,False,False,False,False,False,Joey
US,22,2,Joey & Meghan,4,4th,False,False,False,False,False,Joey
US,22,3,Joey & Meghan,5,5th,False,False,False,False,False,Meghan
US,22,4,Joey & Meghan,5,5th,False,False,False,False,False,Joey
US,22,5,Joey & Meghan,6,6th ⊂ ⊃,False,False,False,False,False,Meghan
US,22,6,Joey & Meghan,4,4th,False,False,False,False,False,Joey
US,22,7,Joey & Meghan,5,5th,False,False,False,False,False,Joey
US,22,8,Joey & Meghan,5,5th,False,False,False,False,False,Meghan
US,22,9,Joey & Meghan,2,2nd,False,False,False,False,False,Joey
US,22,10,Joey & Meghan,5,5th † ⊂,False,False,False,False,False,Meghan
US,22,1,Chuck & Wynona,7,7th,False,False,False,False,False,Wynona
US,22,2,Chuck & Wynona,5,5th,False,False,False,False,False,Chuck
US,22,3,Chuck & Wynona,9,9th,False,False,False,False,False,Chuck
US,22,4,Chuck & Wynona,8,8th,False,False,False,False,False,Chuck
US,22,5,Chuck & Wynona,7,7th ⊂,False,False,False,False,False,Chuck
US,22,6,Chuck & Wynona,3,3rd,False,False,False,False,False,Wynona
US,22,7,Chuck & Wynona,4,4th,False,False,False,False,False,Wynona
US,22,8,Chuck & Wynona,6,6th †,False,False,False,False,False,Wynona
US,22,1,Pam & Winnie,4,4th,False,False,False,False,False,Pam
US,22,2,Pam & Winnie,9,9th,False,False,False,False,False,Pam
US,22,3,Pam & Winnie,4,4th,False,False,False,False,False,Winnie
US,22,4,Pam & Winnie,2,2nd,False,False,False,False,False,Winnie
US,22,5,Pam & Winnie,1,1st ⊃,False,False,False,False,False,Pam
US,22,6,Pam & Winnie,2,2nd,False,False,False,False,False,Pam
US,22,7,Pam & Winnie,7,7th †,False,False,False,False,False,Winnie
US,22,1,Dave & Connor,3,3rd,False,False,False,False,False,Dave
US,22,2,Dave & Connor,2,2nd,False,False,False,False,False,Connor
US,22,3,Dave & Connor,1,1st ε,False,False,False,False,False,Connor
US,22,4,Dave & Connor,1,1st,False,False,False,False,False,Connor
US,22,5,Dave & Connor,8,†,False,False,False,False,False,
US,22,1,Jessica & John,1,1st,False,False,False,False,False,Jessica
US,22,2,Jessica & John,3,3rd,False,False,False,False,False,Jessica
US,22,3,Jessica & John,2,2nd,False,False,False,False,False,John
US,22,4,Jessica & John,9,9th †,False,False,False,False,False,John
US,22,1,Idries & Jamil,8,8th,False,False,False,False,False,Idries
US,22,2,Idries & Jamil,10,10th †,False,False,False,False,False,Jamil
US,22,1,Matt & Daniel,11,11th †,False,False,False,False,False,Daniel
US,23,1,Jason & Amy,8,8th,False,False,False,False,False,Jason
US,23,2,Jason & Amy,5,5th,False,False,False,False,False,Amy
US,23,3,Jason & Amy,2,2nd,False,False,False,False,False,Jason
US,23,4,Jason & Amy,2,2nd,False,False,False,False,False,Jason
US,23,5,Jason & Amy,2,2nd,False,False,False,False,False,Amy
US,23,6,Jason & Amy,5,5th,False,False,False,False,False,Amy
US,23,7,Jason & Amy,2,2nd,False,False,False,False,False,Jason
US,23,8,Jason & Amy,2,2nd,False,False,False,False,False,Jason
US,23,9,Jason & Amy,3,3rd,False,False,False,False,False,Amy
US,23,10,Jason & Amy,1,1st,False,False,False,False,False,Jason
US,23,11,Jason & Amy,2,2nd,False,False,False,False,False,Amy
US,23,12,Jason & Amy,1,1st,False,False,False,False,False,
US,23,1,Tim & Marie,1,1st,False,False,False,False,False,Tim
US,23,2,Tim & Marie,8,8th,False,False,False,False,False,Marie
US,23,3,Tim & Marie,8,8th,False,False,False,False,False,Tim
US,23,4,Tim & Marie,5,5th,False,False,False,False,False,Tim
US,23,5,Tim & Marie,1,1st ε,False,False,False,False,False,Marie
US,23,6,Tim & Marie,4,4th,False,False,False,False,False,Tim
US,23,7,Tim & Marie,4,4th,False,False,False,False,False,Marie
US,23,8,Tim & Marie,3,3rd ⊃,False,False,False,False,False,Tim
US,23,9,Tim & Marie,2,2nd,False,False,False,False,False,Tim
US,23,10,Tim & Marie,2,2nd,False,False,False,False,False,Marie
US,23,11,Tim & Marie,1,1st,False,False,False,False,False,Marie
US,23,12,Tim & Marie,2,2nd,False,False,False,False,False,
US,23,1,Nicole & Travis,2,2nd,False,False,False,False,False,Travis
US,23,2,Nicole & Travis,4,4th,False,False,False,False,False,Nicole
US,23,3,Nicole & Travis,1,1st,False,False,False,False,False,Travis
US,23,4,Nicole & Travis,3,3rd,False,False,False,False,False,Nicole
US,23,5,Nicole & Travis,3,3rd,False,False,False,False,False,Travis
US,23,6,Nicole & Travis,1,1st,False,False,False,False,False,Travis
US,23,7,Nicole & Travis,3,3rd,False,False,False,False,False,Travis
US,23,8,Nicole & Travis,1,1st ε ⊃,False,False,False,False,False,Nicole
US,23,9,Nicole & Travis,4,4th,False,False,False,False,False,Nicole
US,23,10,Nicole & Travis,3,3rd,False,False,False,False,False,Travis
US,23,11,Nicole & Travis,3,3rd,False,False,False,False,False,Nicole
US,23,12,Nicole & Travis,3,3rd,False,False,False,False,False,
US,23,1,Leo & Jamal,7,7th,False,False,False,False,False,Leo
US,23,2,Leo & Jamal,2,2nd,False,False,False,False,False,Leo
US,23,3,Leo & Jamal,6,6th,False,False,False,False,False,Jamal
US,23,4,Leo & Jamal,4,4th,False,False,False,False,False,Jamal
US,23,5,Leo & Jamal,6,6th ⊂ ⊃,False,False,False,False,False,Leo
US,23,6,Leo & Jamal,3,3rd,False,False,False,False,False,Jamal
US,23,7,Leo & Jamal,1,1st,False,False,False,False,False,Leo
US,23,8,Leo & Jamal,4,4th ⊂,False,False,False,False,False,Jamal
US,23,9,Leo & Jamal,1,1st,False,False,False,False,False,Leo
US,23,10,Leo & Jamal,4,4th ‡,False,False,False,False,False,Jamal
US,23,11,Leo & Jamal,4,4th †,False,False,False,False,False,Leo
US,23,1,Ally & Ashley,6,6th,False,False,False,False,False,Ally
US,23,2,Ally & Ashley,7,7th,False,False,False,False,False,Ashley
US,23,3,Ally & Ashley,7,7th,False,False,False,False,False,Ally
US,23,4,Ally & Ashley,7,7th,False,False,False,False,False,Ashley
US,23,5,Ally & Ashley,7,7th,False,False,False,False,False,Ashley
US,23,6,Ally & Ashley,6,6th,False,False,False,False,False,Ally
US,23,7,Ally & Ashley,5,5th,False,False,False,False,False,Ally
US,23,8,Ally & Ashley,5,5th,False,False,False,False,False,Ashley
US,23,9,Ally & Ashley,5,5th †,False,False,False,False,False,Ashley
US,23,1,Nicky & Kim,5,5th,False,False,False,False,False,Kim
US,23,2,Nicky & Kim,9,9th,False,False,False,False,False,Nicky
US,23,3,Nicky & Kim,3,3rd,False,False,False,False,False,Kim
US,23,4,Nicky & Kim,8,8th,False,False,False,False,False,Nicky
US,23,5,Nicky & Kim,4,4th,False,False,False,False,False,Kim
US,23,6,Nicky & Kim,2,2nd,False,False,False,False,False,Nicky
US,23,7,Nicky & Kim,6,6th ‡,False,False,False,False,False,Kim
US,23,8,Nicky & Kim,6,6th † ⊂,False,False,False,False,False,Nicky
US,23,1,Tim & Danny,9,9th,False,False,False,False,False,Tim
US,23,2,Tim & Danny,6,6th,False,False,False,False,False,Danny
US,23,3,Tim & Danny,4,4th,False,False,False,False,False,Danny
US,23,4,Tim & Danny,6,6th,False,False,False,False,False,Tim
US,23,5,Tim & Danny,5,5th ⊃,False,False,False,False,False,Danny
US,23,6,Tim & Danny,7,7th †,False,False,False,False,False,Tim
US,23,1,Brandon & Adam,10,10th,False,False,False,False,False,Brandon
US,23,2,Brandon & Adam,3,3rd,False,False,False,False,False,Adam
US,23,3,Brandon & Adam,5,5th,False,False,False,False,False,Adam
US,23,4,Brandon & Adam,1,1st,False,False,False,False,False,Brandon
US,23,5,Brandon & Adam,8,8th † ⊂,False,False,False,False,False,Adam
US,23,1,Chester & Ephraim,4,4th,False,False,False,False,False,Chester
US,23,2,Chester & Ephraim,1,1st,False,False,False,False,False,Chester
US,23,3,Chester & Ephraim,9,9th †,False,False,False,False,False,
US,23,1,Rowan & Shane,3,3rd,False,False,False,False,False,Rowan
US,23,2,Rowan & Shane,10,10th †,False,False,False,False,False,Rowan
US,23,1,Hoskote & Naina,11,11th †,False,False,False,False,False,Hoskote
US,24,1,Dave & Connor,4,4th,False,False,False,False,False,Connor
US,24,2,Dave & Connor,4,4th,False,False,False,False,False,Dave
US,24,3,Dave & Connor,1,1st,False,False,False,False,False,Dave
US,24,4,Dave & Connor,2,2nd,False,False,False,False,False,Connor
US,24,5,Dave & Connor,1,1st,False,False,False,False,False,Connor
US,24,6,Dave & Connor,4,4th,False,False,False,False,False,Dave
US,24,7,Dave & Connor,3,3rd,False,False,False,False,False,Dave
US,24,8,Dave & Connor,4,4th ⊂ ⊃,False,False,False,False,False,Connor
US,24,9,Dave & Connor,1,1st,False,False,False,False,False,Connor
US,24,10,Dave & Connor,1,1st,False,False,False,False,False,Connor
US,24,11,Dave & Connor,1,1st,False,False,False,False,False,Connor
US,24,12,Dave & Connor,1,1st,False,False,False,False,False,Dave
US,24,1,Caroline & Jennifer,10,10th,False,False,False,False,False,Jennifer
US,24,2,Caroline & Jennifer,3,3rd ε,False,False,False,False,False,Caroline
US,24,3,Caroline & Jennifer,6,6th,False,False,False,False,False,Jennifer
US,24,4,Caroline & Jennifer,4,4th,False,False,False,False,False,Caroline
US,24,5,Caroline & Jennifer,2,2nd,False,False,False,False,False,Jennifer
US,24,6,Caroline & Jennifer,7,7th ‡,False,False,False,False,False,Caroline
US,24,7,Caroline & Jennifer,2,2nd,False,False,False,False,False,Jennifer
US,24,8,Caroline & Jennifer,5,5th,False,False,False,False,False,Caroline
US,24,9,Caroline & Jennifer,5,5th ‡,False,False,False,False,False,Caroline
US,24,10,Caroline & Jennifer,4,4th,False,False,False,False,False,Jennifer
US,24,11,Caroline & Jennifer,2,2nd,False,False,False,False,False,Caroline
US,24,12,Caroline & Jennifer,2,2nd,False,False,False,False,False,Caroline
US,24,1,Brendon & Rachel,2,2nd,False,False,False,False,False,Brendon
US,24,2,Brendon & Rachel,1,1st,False,False,False,False,False,Brendon
US,24,3,Brendon & Rachel,8,8th,False,False,False,False,False,Rachel
US,24,4,Brendon & Rachel,8,8th ‡,False,False,False,False,False,Rachel
US,24,5,Brendon & Rachel,7,7th,False,False,False,False,False,Brendon
US,24,6,Brendon & Rachel,5,5th,False,False,False,False,False,Rachel
US,24,7,Brendon & Rachel,1,1st,False,False,False,False,False,Brendon
US,24,8,Brendon & Rachel,1,1st ⊃,False,False,False,False,False,Rachel
US,24,9,Brendon & Rachel,4,4th,False,False,False,False,False,Brendon
US,24,10,Brendon & Rachel,2,2nd,False,False,False,False,False,Rachel
US,24,11,Brendon & Rachel,3,3rd,False,False,False,False,False,Brendon
US,24,12,Brendon & Rachel,3,3rd,False,False,False,False,False,Brendon
US,24,1,Leo & Jamal,5,5th,False,False,False,False,False,Leo
US,24,2,Leo & Jamal,7,7th,False,False,False,False,False,Jamal
US,24,3,Leo & Jamal,3,3rd,False,False,False,False,False,Jamal
US,24,4,Leo & Jamal,3,3rd,False,False,False,False,False,Leo
US,24,5,Leo & Jamal,4,4th,False,False,False,False,False,Leo
US,24,6,Leo & Jamal,1,1st,False,False,False,False,False,Jamal
US,24,7,Leo & Jamal,5,5th,False,False,False,False,False,Jamal
US,24,8,Leo & Jamal,3,3rd ⊂,False,False,False,False,False,Leo
US,24,9,Leo & Jamal,3,3rd,False,False,False,False,False,Leo
US,24,10,Leo & Jamal,3,3rd ⊃,False,False,False,False,False,Jamal
US,24,11,Leo & Jamal,4,4th †,False,False,False,False,False,Jamal
US,24,1,Jet & Cord,1,1st,False,False,False,False,False,Cord
US,24,2,Jet & Cord,6,6th,False,False,False,False,False,Jet
US,24,3,Jet & Cord,2,2nd,False,False,False,False,False,Cord
US,24,4,Jet & Cord,1,1st,False,False,False,False,False,Cord
US,24,5,Jet & Cord,3,3rd,False,False,False,False,False,Jet
US,24,6,Jet & Cord,2,2nd,False,False,False,False,False,Cord
US,24,7,Jet & Cord,4,4th,False,False,False,False,False,Jet
US,24,8,Jet & Cord,2,2nd ε,False,False,False,False,False,Jet
US,24,9,Jet & Cord,2,2nd,False,False,False,False,False,Cord
US,24,10,Jet & Cord,5,5th † ⊂,False,False,False,False,False,Jet
US,24,1,Flight Time & Big Easy,7,7th,False,False,False,False,False,Flight Time
US,24,2,Flight Time & Big Easy,5,5th,False,False,False,False,False,Flight Time
US,24,3,Flight Time & Big Easy,5,5th,False,False,False,False,False,Flight Time
US,24,4,Flight Time & Big Easy,6,6th,False,False,False,False,False,Big Easy
US,24,5,Flight Time & Big Easy,6,6th,False,False,False,False,False,Big Easy
US,24,6,Flight Time & Big Easy,6,6th,False,False,False,False,False,Big Easy
US,24,7,Flight Time & Big Easy,6,6th,False,False,False,False,False,Flight Time
US,24,8,Flight Time & Big Easy,6,6th †,False,False,False,False,False,Flight Time
US,24,1,Jessica & John,9,9th,False,False,False,False,False,John
US,24,2,Jessica & John,8,8th,False,False,False,False,False,John
US,24,3,Jessica & John,7,7th,False,False,False,False,False,Jessica
US,24,4,Jessica & John,5,5th,False,False,False,False,False,Jessica
US,24,5,Jessica & John,5,5th,False,False,False,False,False,Jessica
US,24,6,Jessica & John,3,3rd,False,False,False,False,False,John
US,24,7,Jessica & John,7,7th †,False,False,False,False,False,John
US,24,1,Margie & Luke,3,3rd,False,False,False,False,False,Margie
US,24,2,Margie & Luke,2,2nd,False,False,False,False,False,Margie
US,24,3,Margie & Luke,4,4th,False,False,False,False,False,Luke
US,24,4,Margie & Luke,7,7th,False,False,False,False,False,Luke
US,24,5,Margie & Luke,8,8th †,False,False,False,False,False,
US,24,1,Joey & Meghan,8,8th,False,False,False,False,False,Joey
US,24,2,Joey & Meghan,9,9th,False,False,False,False,False,Meghan
US,24,3,Joey & Meghan,9,9th †,False,False,False,False,False,Joey
US,24,1,Mark & Mallory,6,6th,False,False,False,False,False,Mallory
US,24,2,Mark & Mallory,10,10th †,False,False,False,False,False,Mark
US,24,1,Natalie & Nadiya,11,11th †,False,False,False,False,False,Natalie
US,25,1,Amy & Maya,6,6th,False,False,False,False,False,Amy
US,25,2,Amy & Maya,8,8th,False,False,False,False,False,
US,25,3,Amy & Maya,5,5th,False,False,False,False,False,
US,25,4,Amy & Maya,4,4th,False,False,False,False,False,Maya
US,25,5,Amy & Maya,7,7th,False,False,False,False,False,Amy
US,25,6,Amy & Maya,6,6th,False,False,False,False,False,Maya
US,25,7,Amy & Maya,3,3rd,False,False,False,False,False,Maya
US,25,8,Amy & Maya,4,4th,False,False,False,False,False,Amy
US,25,9,Amy & Maya,4,4th,False,False,False,False,False,Maya
US,25,10,Amy & Maya,2,2nd,False,False,False,False,False,
US,25,11,Amy & Maya,4,4th,False,False,False,False,False,Amy
US,25,12,Amy & Maya,1,1st,False,False,False,False,False,Amy
US,25,1,Misti & Jim,1,1st,False,False,False,False,False,Jim
US,25,2,Misti & Jim,2,2nd,False,False,False,False,False,
US,25,3,Misti & Jim,1,1st,False,False,False,False,False,
US,25,4,Misti & Jim,8,8th ‡,False,False,False,False,False,Misti
US,25,5,Misti & Jim,6,6th,False,False,False,False,False,Misti
US,25,6,Misti & Jim,1,1st,False,False,False,False,False,Misti
US,25,7,Misti & Jim,1,1st,False,False,False,False,False,Jim
US,25,8,Misti & Jim,2,2nd,False,False,False,False,False,Misti
US,25,9,Misti & Jim,3,3rd,False,False,False,False,False,Jim
US,25,10,Misti & Jim,1,1st,False,False,False,False,False,
US,25,11,Misti & Jim,3,3rd,False,False,False,False,False,Jim
US,25,12,Misti & Jim,2,2nd,False,False,False,False,False,Misti
US,25,1,Adam & Bethany,5,5th,False,False,False,False,False,Adam
US,25,2,Adam & Bethany,1,1st,False,False,False,False,False,
US,25,3,Adam & Bethany,2,2nd,False,False,False,False,False,
US,25,4,Adam & Bethany,7,7th,False,False,False,False,False,Adam
US,25,5,Adam & Bethany,2,2nd,False,False,False,False,False,Bethany
US,25,6,Adam & Bethany,2,2nd,False,False,False,False,False,Bethany
US,25,7,Adam & Bethany,5,5th,False,False,False,False,False,Adam
US,25,8,Adam & Bethany,1,1st ε,False,False,False,False,False,Bethany
US,25,9,Adam & Bethany,1,1st ƒ,False,True,False,False,False,
US,25,10,Adam & Bethany,3,3rd,False,False,False,False,False,
US,25,11,Adam & Bethany,2,2nd,False,False,False,False,False,Adam
US,25,12,Adam & Bethany,3,3rd,False,False,False,False,False,Bethany
US,25,1,Brooke & Robbie,4,4th,False,False,False,False,False,Robbie
US,25,2,Brooke & Robbie,7,7th,False,False,False,False,False,
US,25,3,Brooke & Robbie,6,6th,False,False,False,False,False,
US,25,4,Brooke & Robbie,2,2nd,False,False,False,False,False,Robbie
US,25,5,Brooke & Robbie,5,5th,False,False,False,False,False,Brooke
US,25,6,Brooke & Robbie,5,5th,False,False,False,False,False,Brooke
US,25,7,Brooke & Robbie,4,4th,False,False,False,False,False,Brooke
US,25,8,Brooke & Robbie,5,5th,False,False,False,False,False,Robbie
US,25,9,Brooke & Robbie,2,2nd,False,False,False,False,False,Brooke
US,25,10,Brooke & Robbie,4,4th ‡,False,False,False,False,False,
US,25,11,Brooke & Robbie,1,1st,False,False,False,False,False,Robbie
US,25,12,Brooke & Robbie,4,4th †,False,False,False,False,False,
US,25,1,Kym & Alli,3,3rd,False,False,False,False,False,Alli
US,25,2,Kym & Alli,3,3rd,False,False,False,False,False,
US,25,3,Kym & Alli,7,7th,False,False,False,False,False,
US,25,4,Kym & Alli,1,1st,False,False,False,False,False,Kym
US,25,5,Kym & Alli,1,1st,False,False,False,False,False,Kym
US,25,6,Kym & Alli,3,3rd,False,False,False,False,False,Alli
US,25,7,Kym & Alli,2,2nd,False,False,False,False,False,Kym
US,25,8,Kym & Alli,3,3rd,False,False,False,False,False,Alli
US,25,9,Kym & Alli,5,5th †,False,False,False,False,False,Kym
US,25,1,Tim & Te Jay,2,2nd,False,False,False,False,False,Tim
US,25,2,Tim & Te Jay,5,5th,False,False,False,False,False,
US,25,3,Tim & Te Jay,8,8th,False,False,False,False,False,
US,25,4,Tim & Te Jay,5,5th,False,False,False,False,False,Te Jay
US,25,5,Tim & Te Jay,3,3rd,False,False,False,False,False,Tim
US,25,6,Tim & Te Jay,4,4th,False,False,False,False,False,Te Jay
US,25,7,Tim & Te Jay,6,6th ‡,False,False,False,False,False,Te Jay
US,25,8,Tim & Te Jay,6,6th †,False,False,False,False,False,Tim
US,25,1,Shelley & Nici,8,8th,False,False,False,False,False,Shelley
US,25,2,Shelley & Nici,9,9th,False,False,False,False,False,
US,25,3,Shelley & Nici,4,4th,False,False,False,False,False,
US,25,4,Shelley & Nici,6,6th,False,False,False,False,False,Nici
US,25,5,Shelley & Nici,4,4th ⊃,False,False,False,False,False,Nici
US,25,6,Shelley & Nici,7,7th †,False,False,False,False,False,Shelley
US,25,1,Keith & Whitney,9,9th,False,False,False,False,False,Keith
US,25,2,Keith & Whitney,4,4th,False,False,False,False,False,
US,25,3,Keith & Whitney,3,3rd,False,False,False,False,False,
US,25,4,Keith & Whitney,3,3rd,False,False,False,False,False,Whitney
US,25,5,Keith & Whitney,8,8th † ⊂,False,False,False,False,False,Keith
US,25,1,Michael & Scott,10,10th,False,False,False,False,False,Scott
US,25,2,Michael & Scott,6,6th,False,False,False,False,False,
US,25,3,Michael & Scott,9,9th †,False,False,False,False,False,
US,25,1,Dennis & Isabelle,7,7th,False,False,False,False,False,Dennis
US,25,2,Dennis & Isabelle,10,10th †,False,False,False,False,False,
US,25,1,Lisa & Michelle,11,11th †,False,False,False,False,False,Lisa
US,26,1,Laura & Tyler,3,3rd,False,False,False,False,False,
US,26,2,Laura & Tyler,2,2nd,False,False,False,False,False,Tyler
US,26,3,Laura & Tyler,4,4th,False,False,False,False,False,
US,26,4,Laura & Tyler,4,4th,False,False,False,False,False,Tyler
US,26,5,Laura & Tyler,6,6th,False,False,False,False,False,Laura
US,26,6,Laura & Tyler,6,6th,False,False,False,False,False,Laura
US,26,7,Laura & Tyler,2,2nd,False,False,False,False,False,Tyler
US,26,8,Laura & Tyler,1,1st ⊃,False,False,False,False,False,Laura
US,26,9,Laura & Tyler,1,1st,False,False,False,False,False,Tyler
US,26,10,Laura & Tyler,4,4th,False,False,False,False,False,Tyler
US,26,11,Laura & Tyler,3,3rd,False,False,False,False,False,Laura
US,26,12,Laura & Tyler,1,1st,False,False,False,False,False,Laura
US,26,1,Jelani & Jenny,1,1st,False,False,False,False,False,
US,26,2,Jelani & Jenny,1,1st,False,False,False,False,False,Jelani
US,26,3,Jelani & Jenny,3,3rd,False,False,False,False,False,
US,26,4,Jelani & Jenny,7,7th,False,False,False,False,False,Jelani
US,26,5,Jelani & Jenny,4,4th,False,False,False,False,False,Jenny
US,26,6,Jelani & Jenny,5,5th,False,False,False,False,False,Jenny
US,26,7,Jelani & Jenny,4,4th,False,False,False,False,False,Jelani
US,26,8,Jelani & Jenny,4,4th ε ⊂,False,False,False,False,False,Jelani
US,26,9,Jelani & Jenny,3,3rd,False,False,False,False,False,Jenny
US,26,10,Jelani & Jenny,2,2nd,False,False,False,False,False,Jenny
US,26,11,Jelani & Jenny,2,2nd,False,False,False,False,False,Jelani
US,26,12,Jelani & Jenny,2,2nd,False,False,False,False,False,Jenny
US,26,1,Hayley & Blair,8,8th,False,False,False,False,False,
US,26,2,Hayley & Blair,9,9th,False,False,False,False,False,Hayley
US,26,3,Hayley & Blair,2,2nd,False,False,False,False,False,
US,26,4,Hayley & Blair,2,2nd,False,False,False,False,False,Blair
US,26,5,Hayley & Blair,5,5th,False,False,False,False,False,Blair
US,26,6,Hayley & Blair,1,1st,False,False,False,False,False,Hayley
US,26,7,Hayley & Blair,3,3rd,False,False,False,False,False,Blair
US,26,8,Hayley & Blair,3,3rd,False,False,False,False,False,Hayley
US,26,9,Hayley & Blair,2,2nd,False,False,False,False,False,Blair
US,26,10,Hayley & Blair,1,1st,False,False,False,False,False,Hayley
US,26,11,Hayley & Blair,1,1st,False,False,False,False,False,Blair
US,26,12,Hayley & Blair,3,3rd,False,False,False,False,False,Hayley
US,26,1,Mike & Rochelle,7,7th ⊃,False,False,False,False,False,
US,26,2,Mike & Rochelle,8,8th,False,False,False,False,False,Mike
US,26,3,Mike & Rochelle,1,1st,False,False,False,False,False,
US,26,4,Mike & Rochelle,6,6th,False,False,False,False,False,Rochelle
US,26,5,Mike & Rochelle,7,7th,False,False,False,False,False,Mike
US,26,6,Mike & Rochelle,3,3rd,False,False,False,False,False,Mike
US,26,7,Mike & Rochelle,5,5th,False,False,False,False,False,Rochelle
US,26,8,Mike & Rochelle,5,5th,False,False,False,False,False,Mike
US,26,9,Mike & Rochelle,4,4th,False,False,False,False,False,Rochelle
US,26,10,Mike & Rochelle,3,3rd,False,False,False,False,False,Mike
US,26,11,Mike & Rochelle,4,4th,False,False,False,False,False,Rochelle
US,26,12,Mike & Rochelle,4,4th †,False,False,False,False,False,Mike
US,26,1,Matt & Ashley,9,9th,False,False,False,False,False,
US,26,2,Matt & Ashley,7,7th,False,False,False,False,False,Ashley
US,26,3,Matt & Ashley,6,6th,False,False,False,False,False,
US,26,4,Matt & Ashley,8,8th,False,False,False,False,False,Matt
US,26,5,Matt & Ashley,2,2nd,False,False,False,False,False,Ashley
US,26,6,Matt & Ashley,4,4th,False,False,False,False,False,Matt
US,26,7,Matt & Ashley,1,1st,False,False,False,False,False,Matt
US,26,8,Matt & Ashley,2,2nd ⊃,False,False,False,False,False,Ashley
US,26,9,Matt & Ashley,5,5th ‡,False,False,False,False,False,Matt
US,26,10,Matt & Ashley,5,5th †,False,False,False,False,False,Matt
US,26,1,Aly & Steve,4,4th,False,False,False,False,False,
US,26,2,Aly & Steve,3,3rd,False,False,False,False,False,Aly
US,26,3,Aly & Steve,5,5th,False,False,False,False,False,
US,26,4,Aly & Steve,3,3rd,False,False,False,False,False,Steve
US,26,5,Aly & Steve,1,1st,False,False,False,False,False,Aly
US,26,6,Aly & Steve,2,2nd,False,False,False,False,False,Steve
US,26,7,Aly & Steve,6,6th ‡,False,False,False,False,False,Aly
US,26,8,Aly & Steve,6,6th † ⊂,False,False,False,False,False,Steve
US,26,1,Jeff & Jackie,2,2nd,False,False,False,False,False,
US,26,2,Jeff & Jackie,6,6th,False,False,False,False,False,Jeff
US,26,3,Jeff & Jackie,8,8th,False,False,False,False,False,
US,26,4,Jeff & Jackie,5,5th,False,False,False,False,False,Jeff
US,26,5,Jeff & Jackie,3,3rd,False,False,False,False,False,Jackie
US,26,6,Jeff & Jackie,7,7th †,False,False,False,False,False,Jackie
US,26,1,Bergen & Kurt,6,6th,False,False,False,False,False,
US,26,2,Bergen & Kurt,5,5th,False,False,False,False,False,Bergen
US,26,3,Bergen & Kurt,7,7th,False,False,False,False,False,
US,26,4,Bergen & Kurt,1,1st,False,False,False,False,False,Bergen
US,26,5,Bergen & Kurt,8,8th †,False,False,False,False,False,
US,26,1,Harley & Jonathan,5,5th,False,False,False,False,False,
US,26,2,Harley & Jonathan,4,4th,False,False,False,False,False,Harley
US,26,3,Harley & Jonathan,9,9th ‡,False,False,False,False,False,
US,26,4,Harley & Jonathan,9,9th †,False,False,False,False,False,Jonathan
US,26,1,Libby & C.J.,10,10th,False,False,False,False,False,
US,26,2,Libby & C.J.,10,10th †,False,False,False,False,False,Libby
US,26,1,Jeff & Lyda,11,11th † ⊂,False,False,False,False,False,
US,27,1,Kelsey & Joey,8,8th,False,False,False,False,False,
US,27,2,Kelsey & Joey,7,7th,False,False,False,False,False,Kelsey
US,27,3,Kelsey & Joey,3,3rd,False,False,False,False,False,Joey
US,27,4,Kelsey & Joey,4,4th,False,False,False,False,False,Kelsey
US,27,5,Kelsey & Joey,4,4th,False,False,False,False,False,Kelsey
US,27,6,Kelsey & Joey,3,3rd,False,False,False,False,False,Kelsey
US,27,7,Kelsey & Joey,2,2nd,False,False,False,False,False,Joey
US,27,8,Kelsey & Joey,2,2nd,False,False,False,False,False,Kelsey
US,27,9,Kelsey & Joey,2,2nd ⊃,False,False,False,False,False,Joey
US,27,10,Kelsey & Joey,2,2nd,False,False,False,False,False,Joey
US,27,11,Kelsey & Joey,2,2nd,False,False,False,False,False,Kelsey
US,27,12,Kelsey & Joey,1,1st,False,False,False,False,False,Joey
US,27,1,Justin & Diana,9,9th,False,False,False,False,False,
US,27,2,Justin & Diana,1,1st,False,False,False,False,False,Diana
US,27,3,Justin & Diana,2,2nd,False,False,False,False,False,Justin
US,27,4,Justin & Diana,1,1st,False,False,False,False,False,Diana
US,27,5,Justin & Diana,2,2nd,False,False,False,False,False,Justin
US,27,6,Justin & Diana,1,1st,False,False,False,False,False,Justin
US,27,7,Justin & Diana,1,1st,False,False,False,False,False,Diana
US,27,8,Justin & Diana,1,1st,False,False,False,False,False,Justin
US,27,9,Justin & Diana,1,1st,False,False,False,False,False,Diana
US,27,10,Justin & Diana,1,1st ⊃,False,False,False,False,False,Justin
US,27,11,Justin & Diana,3,3rd,False,False,False,False,False,Diana
US,27,12,Justin & Diana,2,2nd,False,False,False,False,False,Justin
US,27,1,Logan & Chris,5,5th,False,False,False,False,False,
US,27,2,Logan & Chris,4,4th,False,False,False,False,False,Logan
US,27,3,Logan & Chris,5,5th,False,False,False,False,False,Chris
US,27,4,Logan & Chris,6,6th,False,False,False,False,False,Logan
US,27,5,Logan & Chris,6,6th,False,False,False,False,False,Chris
US,27,6,Logan & Chris,6,6th,False,False,False,False,False,Logan
US,27,7,Logan & Chris,5,5th,False,False,False,False,False,Logan
US,27,8,Logan & Chris,4,4th,False,False,False,False,False,Chris
US,27,9,Logan & Chris,3,3rd,False,False,False,False,False,Chris
US,27,10,Logan & Chris,4,4th ⊂,False,False,False,False,False,Logan
US,27,11,Logan & Chris,1,1st,False,False,False,False,False,Logan
US,27,12,Logan & Chris,3,3rd,False,False,False,False,False,Chris
US,27,1,Tiffany & Krista,10,10th,False,False,False,False,False,
US,27,2,Tiffany & Krista,6,6th,False,False,False,False,False,Krista
US,27,3,Tiffany & Krista,8,8th,False,False,False,False,False,Tiffany
US,27,4,Tiffany & Krista,8,8th,False,False,False,False,False,Krista
US,27,5,Tiffany & Krista,5,5th,False,False,False,False,False,Tiffany
US,27,6,Tiffany & Krista,2,2nd,False,False,False,False,False,Tiffany
US,27,7,Tiffany & Krista,3,3rd,False,False,False,False,False,Krista
US,27,8,Tiffany & Krista,5,5th,False,False,False,False,False,Tiffany
US,27,9,Tiffany & Krista,4,4th,False,False,False,False,False,Krista
US,27,10,Tiffany & Krista,3,3rd,False,False,False,False,False,Tiffany
US,27,11,Tiffany & Krista,4,4th †,False,False,False,False,False,Krista
US,27,1,Denise & James Earl,4,4th,False,False,False,False,False,
US,27,2,Denise & James Earl,3,3rd,False,False,False,False,False,James Earl
US,27,3,Denise & James Earl,6,6th,False,False,False,False,False,James Earl
US,27,4,Denise & James Earl,3,3rd,False,False,False,False,False,Denise
US,27,5,Denise & James Earl,1,1st ε,False,False,False,False,False,James Earl
US,27,6,Denise & James Earl,7,7th,False,False,False,False,False,James Earl
US,27,7,Denise & James Earl,6,6th,False,False,False,False,False,Denise
US,27,8,Denise & James Earl,3,3rd,False,False,False,False,False,James Earl
US,27,9,Denise & James Earl,5,5th,False,False,False,False,False,Denise
US,27,10,Denise & James Earl,5,5th †,False,False,False,False,False,James Earl
US,27,1,Tanner & Josh,1,1st,False,False,False,False,False,
US,27,2,Tanner & Josh,2,2nd,False,False,False,False,False,Tanner
US,27,3,Tanner & Josh,1,1st,False,False,False,False,False,Josh
US,27,4,Tanner & Josh,2,2nd ε,False,False,False,False,False,Josh
US,27,5,Tanner & Josh,3,3rd,False,False,False,False,False,Josh
US,27,6,Tanner & Josh,4,4th,False,False,False,False,False,Josh
US,27,7,Tanner & Josh,4,4th,False,False,False,False,False,Tanner
US,27,8,Tanner & Josh,6,6th ‡,False,False,False,False,False,Josh
US,27,9,Tanner & Josh,6,6th † ⊂,False,False,False,False,False,Tanner
US,27,1,Cindy & Rick,3,3rd,False,False,False,False,False,
US,27,2,Cindy & Rick,5,5th,False,False,False,False,False,Cindy
US,27,3,Cindy & Rick,7,7th,False,False,False,False,False,Rick
US,27,4,Cindy & Rick,5,5th,False,False,False,False,False,Rick
US,27,5,Cindy & Rick,7,7th,False,False,False,False,False,Cindy
US,27,6,Cindy & Rick,5,5th,False,False,False,False,False,Cindy
US,27,7,Cindy & Rick,7,7th †,False,False,False,False,False,Rick
US,27,1,Jazmine & Danielle,2,2nd,False,False,False,False,False,
US,27,2,Jazmine & Danielle,8,8th,False,False,False,False,False,Jazmine
US,27,3,Jazmine & Danielle,4,4th,False,False,False,False,False,Danielle
US,27,4,Jazmine & Danielle,7,7th,False,False,False,False,False,Jazmine
US,27,5,Jazmine & Danielle,8,8th †,False,False,False,False,False,Danielle
US,27,1,Ernest & Jin,7,7th,False,False,False,False,False,
US,27,2,Ernest & Jin,9,9th,False,False,False,False,False,Jin
US,27,3,Ernest & Jin,9,9th †,False,False,False,False,False,Ernest
US,27,1,Alex & Adam,6,6th,False,False,False,False,False,
US,27,2,Alex & Adam,10,10th †,False,False,False,False,False,Alex
US,27,1,Kelly & Shevonne,11,11th †,False,False,False,False,False,
US,28,1,Dana & Matt,1,1st,False,False,False,False,False,Matt
US,28,2,Dana & Matt,4,4th,False,False,False,False,False,Dana
US,28,3,Dana & Matt,4,4th,False,False,False,False,False,Dana
US,28,4,Dana & Matt,3,3rd,False,False,False,False,False,Matt
US,28,5,Dana & Matt,3,3rd,False,False,False,False,False,Matt
US,28,6,Dana & Matt,4,4th,False,False,False,False,False,Matt
US,28,7,Dana & Matt,4,4th,False,False,False,False,False,Dana
US,28,8,Dana & Matt,5,5th,False,False,False,False,False,Dana
US,28,9,Dana & Matt,4,4th,False,False,False,False,False,Dana
US,28,10,Dana & Matt,3,3rd,False,False,False,False,False,Matt
US,28,11,Dana & Matt,2,2nd,False,False,False,False,False,Dana
US,28,12,Dana & Matt,1,1st,False,False,False,False,False,Dana
US,28,1,Sheri & Cole,9,9th,False,False,False,False,False,Sheri
US,28,2,Sheri & Cole,8,8th,False,False,False,False,False,Cole
US,28,3,Sheri & Cole,6,6th,False,False,False,False,False,Cole
US,28,4,Sheri & Cole,7,7th,False,False,False,False,False,Cole
US,28,5,Sheri & Cole,7,7th,False,False,False,False,False,Sheri
US,28,6,Sheri & Cole,7,7th,False,False,False,False,False,Sheri
US,28,7,Sheri & Cole,5,5th,False,False,False,False,False,Sheri
US,28,8,Sheri & Cole,6,6th ‡,False,False,False,False,False,Cole
US,28,9,Sheri & Cole,3,3rd,False,False,False,False,False,Sheri
US,28,10,Sheri & Cole,4,4th,False,False,False,False,False,Cole
US,28,11,Sheri & Cole,3,3rd,False,False,False,False,False,Sheri
US,28,12,Sheri & Cole,2,2nd,False,False,False,False,False,Cole
US,28,1,Tyler & Korey,2,2nd,False,False,False,False,False,Tyler
US,28,2,Tyler & Korey,1,1st,False,False,False,False,False,Korey
US,28,3,Tyler & Korey,2,2nd,False,False,False,False,False,Tyler
US,28,4,Tyler & Korey,2,2nd,False,False,False,False,False,Korey
US,28,5,Tyler & Korey,1,1st,False,False,False,False,False,Korey
US,28,6,Tyler & Korey,6,6th,False,False,False,False,False,Tyler
US,28,7,Tyler & Korey,6,6th,False,False,False,False,False,Korey
US,28,8,Tyler & Korey,3,3rd,False,False,False,False,False,Korey
US,28,9,Tyler & Korey,1,1st,False,False,False,False,False,Korey
US,28,10,Tyler & Korey,1,1st ⊃,False,False,False,False,False,Tyler
US,28,11,Tyler & Korey,1,1st,False,False,False,False,False,Tyler
US,28,12,Tyler & Korey,3,3rd,False,False,False,False,False,Korey
US,28,1,Burnie & Ashley,6,6th,False,False,False,False,False,Burnie
US,28,2,Burnie & Ashley,3,3rd,False,False,False,False,False,Ashley
US,28,3,Burnie & Ashley,3,3rd,False,False,False,False,False,Ashley
US,28,4,Burnie & Ashley,4,4th,False,False,False,False,False,Burnie
US,28,5,Burnie & Ashley,6,6th,False,False,False,False,False,Ashley
US,28,6,Burnie & Ashley,2,2nd,False,False,False,False,False,Burnie
US,28,7,Burnie & Ashley,2,2nd,False,False,False,False,False,Ashley
US,28,8,Burnie & Ashley,2,2nd,False,False,False,False,False,Burnie
US,28,9,Burnie & Ashley,2,2nd,False,False,False,False,False,Ashley
US,28,10,Burnie & Ashley,2,2nd,False,False,False,False,False,Ashley
US,28,11,Burnie & Ashley,4,4th †,False,False,False,False,False,Burnie
US,28,1,Brodie & Kurt,5,5th,False,False,False,False,False,Kurt
US,28,2,Brodie & Kurt,2,2nd,False,False,False,False,False,Brodie
US,28,3,Brodie & Kurt,1,1st,False,False,False,False,False,Kurt
US,28,4,Brodie & Kurt,1,1st,False,False,False,False,False,Kurt
US,28,5,Brodie & Kurt,2,2nd,False,False,False,False,False,Brodie
US,28,6,Brodie & Kurt,1,1st,False,False,False,False,False,Kurt
US,28,7,Brodie & Kurt,3,3rd,False,False,False,False,False,Kurt
US,28,8,Brodie & Kurt,1,1st ε,False,False,False,False,False,Brodie
US,28,9,Brodie & Kurt,5,5th,False,False,False,False,False,Brodie
US,28,10,Brodie & Kurt,5,5th † ⊂,False,False,False,False,False,Brodie
US,28,1,Zach & Rachel,3,3rd,False,False,False,False,False,Zach
US,28,2,Zach & Rachel,6,6th,False,False,False,False,False,Rachel
US,28,3,Zach & Rachel,9,9th,False,False,False,False,False,Zach
US,28,4,Zach & Rachel,5,5th,False,False,False,False,False,Rachel
US,28,5,Zach & Rachel,5,5th,False,False,False,False,False,Rachel
US,28,6,Zach & Rachel,3,3rd,False,False,False,False,False,Zach
US,28,7,Zach & Rachel,1,1st,False,False,False,False,False,Zach
US,28,8,Zach & Rachel,4,4th,False,False,False,False,False,Zach
US,28,9,Zach & Rachel,6,6th †,False,False,False,False,False,Zach
US,28,1,Scott & Blair,11,11th ‡,False,False,False,False,False,Scott
US,28,2,Scott & Blair,9,9th,False,False,False,False,False,Blair
US,28,3,Scott & Blair,8,8th,False,False,False,False,False,Scott
US,28,4,Scott & Blair,8,8th,False,False,False,False,False,Blair
US,28,5,Scott & Blair,4,4th,False,False,False,False,False,Blair
US,28,6,Scott & Blair,5,5th,False,False,False,False,False,Scott
US,28,7,Scott & Blair,7,7th †,False,False,False,False,False,Scott
US,28,1,Erin & Joslyn,10,10th,False,False,False,False,False,Erin
US,28,2,Erin & Joslyn,5,5th,False,False,False,False,False,Joslyn
US,28,3,Erin & Joslyn,7,7th,False,False,False,False,False,Erin
US,28,4,Erin & Joslyn,6,6th,False,False,False,False,False,Joslyn
US,28,5,Erin & Joslyn,8,8th †,False,False,False,False,False,Erin
US,28,1,Brittany & Jessica,7,7th,False,False,False,False,False,Jessica
US,28,2,Brittany & Jessica,7,7th,False,False,False,False,False,Brittany
US,28,3,Brittany & Jessica,5,5th,False,False,False,False,False,Jessica
US,28,4,Brittany & Jessica,9,9th †,False,False,False,False,False,Jessica
US,28,1,Darius & Cameron,4,4th,False,False,False,False,False,Darius
US,28,2,Darius & Cameron,10,10th,False,False,False,False,False,Cameron
US,28,3,Darius & Cameron,10,10th †,False,False,False,False,False,Darius
US,28,1,Marty & Hagan,8,8th,False,False,False,False,False,Marty
US,28,2,Marty & Hagan,11,11th †,False,False,False,False,False,Hagan
US,29,1,Brooke & Scott,4,4th,False,False,False,False,False,
US,29,2,Brooke & Scott,6,6th,False,False,False,False,False,Scott
US,29,3,Brooke & Scott,6,6th,False,False,False,False,False,Brooke
US,29,4,Brooke & Scott,7,7th,False,False,False,False,False,Brooke
US,29,5,Brooke & Scott,6,6th,False,False,False,False,False,Scott
US,29,6,Brooke & Scott,5,5th,False,False,False,False,False,Scott
US,29,7,Brooke & Scott,4,4th,False,False,False,False,False,Brooke
US,29,8,Brooke & Scott,3,3rd ⊃,False,False,False,False,False,Brooke
US,29,9,Brooke & Scott,4,4th,False,False,False,False,False,Scott
US,29,10,Brooke & Scott,2,2nd,False,False,False,False,False,Scott
US,29,11,Brooke & Scott,1,1st,False,False,False,False,False,Scott
US,29,12,Brooke & Scott,1,1st,False,False,False,False,False,
US,29,1,Tara & Joey,6,6th,False,False,False,False,False,
US,29,2,Tara & Joey,7,7th,False,False,False,False,False,Tara
US,29,3,Tara & Joey,2,2nd ⊃,False,False,False,False,False,Joey
US,29,4,Tara & Joey,1,1st,False,False,False,False,False,Joey
US,29,5,Tara & Joey,1,1st,False,False,False,False,False,Joey
US,29,6,Tara & Joey,3,3rd,False,False,False,False,False,Tara
US,29,7,Tara & Joey,3,3rd,False,False,False,False,False,Tara
US,29,8,Tara & Joey,1,1st ⊃,False,False,False,False,False,Tara
US,29,9,Tara & Joey,5,5th ‡,False,False,False,False,False,Joey
US,29,10,Tara & Joey,3,3rd,False,False,False,False,False,Joey
US,29,11,Tara & Joey,3,3rd,False,False,False,False,False,Tara
US,29,12,Tara & Joey,2,2nd,False,False,False,False,False,
US,29,1,London & Logan,8,8th,False,False,False,False,False,
US,29,2,London & Logan,8,8th,False,False,False,False,False,Logan
US,29,3,London & Logan,5,5th,False,False,False,False,False,London
US,29,4,London & Logan,5,5th,False,False,False,False,False,Logan
US,29,5,London & Logan,5,5th,False,False,False,False,False,London
US,29,6,London & Logan,6,6th,False,False,False,False,False,Logan
US,29,7,London & Logan,5,5th,False,False,False,False,False,London
US,29,8,London & Logan,4,4th,False,False,False,False,False,London
US,29,9,London & Logan,3,3rd,False,False,False,False,False,Logan
US,29,10,London & Logan,4,4th,False,False,False,False,False,London
US,29,11,London & Logan,2,2nd,False,False,False,False,False,London
US,29,12,London & Logan,3,3rd,False,False,False,False,False,
US,29,1,Matt & Redmond,3,3rd,False,False,False,False,False,
US,29,2,Matt & Redmond,3,3rd,False,False,False,False,False,Redmond
US,29,3,Matt & Redmond,4,4th ⊂,False,False,False,False,False,Matt
US,29,4,Matt & Redmond,4,4th,False,False,False,False,False,Redmond
US,29,5,Matt & Redmond,2,2nd,False,False,False,False,False,Matt
US,29,6,Matt & Redmond,2,2nd,False,False,False,False,False,Redmond
US,29,7,Matt & Redmond,1,1st,False,False,False,False,False,Redmond
US,29,8,Matt & Redmond,2,2nd,False,False,False,False,False,Matt
US,29,9,Matt & Redmond,2,2nd,False,False,False,False,False,Matt
US,29,10,Matt & Redmond,1,1st,False,False,False,False,False,Matt
US,29,11,Matt & Redmond,4,4th †,False,False,False,False,False,Matt
US,29,1,Becca & Floyd,2,2nd,False,False,False,False,False,
US,29,2,Becca & Floyd,5,5th,False,False,False,False,False,Becca
US,29,3,Becca & Floyd,8,8th,False,False,False,False,False,Floyd
US,29,4,Becca & Floyd,2,2nd,False,False,False,False,False,Becca
US,29,5,Becca & Floyd,3,3rd ƒ,False,True,False,False,False,
US,29,6,Becca & Floyd,1,1st,False,False,False,False,False,Floyd
US,29,7,Becca & Floyd,2,2nd,False,False,False,False,False,Floyd
US,29,8,Becca & Floyd,5,5th ⊂,False,False,False,False,False,Becca
US,29,9,Becca & Floyd,1,1st,False,False,False,False,False,Becca
US,29,10,Becca & Floyd,5,5th †,False,False,False,False,False,Floyd
US,29,1,Liz & Michael,10,10th,False,False,False,False,False,
US,29,2,Liz & Michael,1,1st,False,False,False,False,False,Liz
US,29,3,Liz & Michael,1,1st,False,False,False,False,False,Michael
US,29,4,Liz & Michael,3,3rd,False,False,False,False,False,Michael
US,29,5,Liz & Michael,7,7th,False,False,False,False,False,Liz
US,29,6,Liz & Michael,4,4th ⊃,False,False,False,False,False,Michael
US,29,7,Liz & Michael,6,6th ‡,False,False,False,False,False,Liz
US,29,8,Liz & Michael,6,6th † ⊂,False,False,False,False,False,Liz
US,29,1,Vanck & Ashton,7,7th,False,False,False,False,False,
US,29,2,Vanck & Ashton,2,2nd,False,False,False,False,False,Ashton
US,29,3,Vanck & Ashton,3,3rd ⊃,False,False,False,False,False,Vanck
US,29,4,Vanck & Ashton,6,6th,False,False,False,False,False,Vanck
US,29,5,Vanck & Ashton,4,4th,False,False,False,False,False,Ashton
US,29,6,Vanck & Ashton,7,7th † ⊂,False,False,False,False,False,Vanck
US,29,1,Shamir & Sara,5,5th,False,False,False,False,False,
US,29,2,Shamir & Sara,9,9th,False,False,False,False,False,Shamir
US,29,3,Shamir & Sara,7,7th,False,False,False,False,False,Sara
US,29,4,Shamir & Sara,8,8th †,False,False,False,False,False,Shamir
US,29,1,Seth & Olive,1,1st,False,False,False,False,False,
US,29,2,Seth & Olive,4,4th,False,False,False,False,False,Seth
US,29,3,Seth & Olive,9,9th † ⊂,False,False,False,False,False,Olive
US,29,1,Jessie & Francesca,9,9th,False,False,False,False,False,
US,29,2,Jessie & Francesca,10,10th †,False,False,False,False,False,Francesca
US,29,1,Kevin & Jenn,11,11th †,False,False,False,False,False,
US,30,1,Cody & Jessica,2,2nd,False,False,False,False,False,Cody
US,30,2,Cody & Jessica,1,1st,False,False,False,False,False,Jessica
US,30,3,Cody & Jessica,5,5th,False,False,False,False,False,Jessica
US,30,4,Cody & Jessica,2,2nd,False,False,False,False,False,Cody
US,30,5,Cody & Jessica,6,6th,False,False,False,False,False,Jessica
US,30,6,Cody & Jessica,6,6th ⊃,False,False,False,False,False,
US,30,7,Cody & Jessica,5,5th,False,False,False,False,False,Cody
US,30,8,Cody & Jessica,5,5th ⊂,False,False,False,False,False,Cody
US,30,9,Cody & Jessica,4,4th,False,False,False,False,False,
US,30,10,Cody & Jessica,2,2nd,False,False,False,False,False,
US,30,11,Cody & Jessica,2,2nd,False,False,False,False,False,
US,30,12,Cody & Jessica,1,1st,False,False,False,False,False,
US,30,1,Henry & Evan,3,3rd,False,False,False,False,False,Henry
US,30,2,Henry & Evan,8,8th,False,False,False,False,False,Evan
US,30,3,Henry & Evan,1,1st,False,False,False,False,False,Henry
US,30,4,Henry & Evan,6,6th,False,False,False,False,False,Henry
US,30,5,Henry & Evan,4,4th,False,False,False,False,False,Evan
US,30,6,Henry & Evan,3,3rd,False,False,False,False,False,
US,30,7,Henry & Evan,3,3rd,False,False,False,False,False,Evan
US,30,8,Henry & Evan,4,4th ⊂,False,False,False,False,False,Evan
US,30,9,Henry & Evan,3,3rd,False,False,False,False,False,
US,30,10,Henry & Evan,4,4th ‡,False,False,False,False,False,
US,30,11,Henry & Evan,1,1st,False,False,False,False,False,
US,30,12,Henry & Evan,2,2nd,False,False,False,False,False,
US,30,1,Kristi & Jen,1,1st,False,False,False,False,False,Jen
US,30,2,Kristi & Jen,3,3rd,False,False,False,False,False,Kristi
US,30,3,Kristi & Jen,3,3rd,False,False,False,False,False,Jen
US,30,4,Kristi & Jen,3,3rd,False,False,False,False,False,Kristi
US,30,5,Kristi & Jen,2,2nd,False,False,False,False,False,Jen
US,30,6,Kristi & Jen,1,1st,False,False,False,False,False,
US,30,7,Kristi & Jen,5,5th,False,False,False,False,False,Jen
US,30,8,Kristi & Jen,2,2nd,False,False,False,False,False,Kristi
US,30,9,Kristi & Jen,2,2nd,False,False,False,False,False,
US,30,10,Kristi & Jen,3,3rd,False,False,False,False,False,
US,30,11,Kristi & Jen,3,3rd,False,False,False,False,False,
US,30,12,Kristi & Jen,3,3rd,False,False,False,False,False,
US,30,1,Alex & Conor,5,5th,False,False,False,False,False,Conor
US,30,2,Alex & Conor,5,5th,False,False,False,False,False,Alex
US,30,3,Alex & Conor,2,2nd,False,False,False,False,False,Conor
US,30,4,Alex & Conor,1,1st,False,False,False,False,False,Conor
US,30,5,Alex & Conor,5,5th,False,False,False,False,False,Alex
US,30,6,Alex & Conor,4,4th,False,False,False,False,False,
US,30,7,Alex & Conor,1,1st,False,False,False,False,False,Alex
US,30,8,Alex & Conor,3,3rd ⊃,False,False,False,False,False,Conor
US,30,9,Alex & Conor,1,1st,False,False,False,False,False,
US,30,10,Alex & Conor,1,1st,False,False,False,False,False,
US,30,11,Alex & Conor,4,4th †,False,False,False,False,False,
US,30,1,Lucas & Brittany,7,7th,False,False,False,False,False,Brittany
US,30,2,Lucas & Brittany,6,6th,False,False,False,False,False,Lucas
US,30,3,Lucas & Brittany,8,8th,False,False,False,False,False,Brittany
US,30,4,Lucas & Brittany,8,8th,False,False,False,False,False,Lucas
US,30,5,Lucas & Brittany,1,1st,False,False,False,False,False,Brittany
US,30,6,Lucas & Brittany,5,5th,False,False,False,False,False,
US,30,7,Lucas & Brittany,1,1st,False,False,False,False,False,
US,30,8,Lucas & Brittany,1,1st ⊃,False,False,False,False,False,
US,30,9,Lucas & Brittany,5,5th †,False,False,False,False,False,
US,30,1,Eric & Daniel,8,8th,False,False,False,False,False,Daniel
US,30,2,Eric & Daniel,9,9th,False,False,False,False,False,Eric
US,30,3,Eric & Daniel,7,7th,False,False,False,False,False,Eric
US,30,4,Eric & Daniel,7,7th,False,False,False,False,False,Eric
US,30,5,Eric & Daniel,3,3rd,False,False,False,False,False,Daniel
US,30,6,Eric & Daniel,2,2nd,False,False,False,False,False,
US,30,7,Eric & Daniel,3,3rd,False,False,False,False,False,
US,30,8,Eric & Daniel,6,6th †,False,False,False,False,False,
US,30,1,Trevor & Chris,4,4th,False,False,False,False,False,Trevor
US,30,2,Trevor & Chris,4,4th,False,False,False,False,False,Chris
US,30,3,Trevor & Chris,4,4th,False,False,False,False,False,Chris
US,30,4,Trevor & Chris,5,5th,False,False,False,False,False,Chris
US,30,5,Trevor & Chris,7,7th,False,False,False,False,False,Trevor
US,30,6,Trevor & Chris,7,7th † ⊂,False,False,False,False,False,
US,30,1,Joey & Tim,6,6th,False,False,False,False,False,Tim
US,30,2,Joey & Tim,7,7th,False,False,False,False,False,Joey
US,30,3,Joey & Tim,6,6th,False,False,False,False,False,Tim
US,30,4,Joey & Tim,4,4th,False,False,False,False,False,Tim
US,30,5,Joey & Tim,8,8th †,False,False,False,False,False,
US,30,1,Cedric & Shawn,9,9th,False,False,False,False,False,Shawn
US,30,2,Cedric & Shawn,2,2nd,False,False,False,False,False,Shawn
US,30,3,Cedric & Shawn,9,9th ‡,False,False,False,False,False,Cedric
US,30,4,Cedric & Shawn,9,9th †,False,False,False,False,False,Cedric
US,30,1,April & Sarah,10,10th,False,False,False,False,False,Sarah
US,30,2,April & Sarah,10,10th †,False,False,False,False,False,Sarah
US,30,1,Dessie & Kayla,11,11th †,False,False,False,False,False,Dessie
US,31,1,Colin & Christie,2,2nd,False,False,False,False,False,Colin
US,31,2,Colin & Christie,4,4th,False,False,False,False,False,Christie
US,31,3,Colin & Christie,3,3rd,False,False,False,False,False,Colin
US,31,4,Colin & Christie,1,1st,False,False,False,False,False,Colin
US,31,5,Colin & Christie,3,3rd,False,False,False,False,False,Christie
US,31,6,Colin & Christie,2,2nd,False,False,False,False,False,Colin
US,31,7,Colin & Christie,2,2nd,False,False,False,False,False,Christie
US,31,8,Colin & Christie,3,3rd ⊂,False,False,False,False,False,Colin
US,31,9,Colin & Christie,4,4th,False,False,False,False,False,Christie
US,31,10,Colin & Christie,1,1st,False,False,False,False,False,
US,31,11,Colin & Christie,3,3rd,False,False,False,False,False,Colin
US,31,12,Colin & Christie,1,1st,False,False,False,False,False,
US,31,1,Tyler & Korey,3,3rd,False,False,False,False,False,Korey
US,31,2,Tyler & Korey,7,7th ⊂,False,False,False,False,False,Tyler
US,31,3,Tyler & Korey,4,4th,False,False,False,False,False,Tyler
US,31,4,Tyler & Korey,5,5th,False,False,False,False,False,Korey
US,31,5,Tyler & Korey,4,4th,False,False,False,False,False,Tyler
US,31,6,Tyler & Korey,1,1st,False,False,False,False,False,Korey
US,31,7,Tyler & Korey,1,1st,False,False,False,False,False,Korey
US,31,8,Tyler & Korey,1,1st,False,False,False,False,False,Tyler
US,31,9,Tyler & Korey,1,1st,False,False,False,False,False,Korey
US,31,10,Tyler & Korey,2,2nd,False,False,False,False,False,
US,31,11,Tyler & Korey,2,2nd,False,False,False,False,False,Tyler
US,31,12,Tyler & Korey,2,2nd,False,False,False,False,False,
US,31,1,Leo & Jamal,1,1st,False,False,False,False,False,Leo
US,31,2,Leo & Jamal,1,1st,False,False,False,False,False,Jamal
US,31,3,Leo & Jamal,8,8th,False,False,False,False,False,Leo
US,31,4,Leo & Jamal,6,6th,False,False,False,False,False,Jamal
US,31,5,Leo & Jamal,7,7th,False,False,False,False,False,Leo
US,31,6,Leo & Jamal,6,6th,False,False,False,False,False,Jamal
US,31,7,Leo & Jamal,4,4th,False,False,False,False,False,Leo
US,31,8,Leo & Jamal,6,6th,False,False,False,False,False,Jamal
US,31,9,Leo & Jamal,5,5th,False,False,False,False,False,Leo
US,31,10,Leo & Jamal,3,3rd ⊃,False,False,False,False,False,
US,31,11,Leo & Jamal,1,1st,False,False,False,False,False,Leo
US,31,12,Leo & Jamal,3,3rd,False,False,False,False,False,
US,31,1,Nicole & Victor,6,6th,False,False,False,False,False,Nicole
US,31,2,Nicole & Victor,2,2nd,False,False,False,False,False,Nicole
US,31,3,Nicole & Victor,2,2nd,False,False,False,False,False,Victor
US,31,4,Nicole & Victor,2,2nd,False,False,False,False,False,Victor
US,31,5,Nicole & Victor,5,5th,False,False,False,False,False,Nicole
US,31,6,Nicole & Victor,3,3rd,False,False,False,False,False,Victor
US,31,7,Nicole & Victor,7,7th ‡,False,False,False,False,False,Nicole
US,31,8,Nicole & Victor,5,5th,False,False,False,False,False,Victor
US,31,9,Nicole & Victor,2,2nd,False,False,False,False,False,Nicole
US,31,10,Nicole & Victor,4,4th ⊂ ⊃,False,False,False,False,False,
US,31,11,Nicole & Victor,4,4th †,False,False,False,False,False,Victor
US,31,1,Becca & Floyd,5,5th,False,False,False,False,False,Becca
US,31,2,Becca & Floyd,9,9th ⊂ ⊃,False,False,False,False,False,Becca
US,31,3,Becca & Floyd,1,1st,False,False,False,False,False,Floyd
US,31,4,Becca & Floyd,4,4th,False,False,False,False,False,Becca
US,31,5,Becca & Floyd,1,1st,False,False,False,False,False,Floyd
US,31,6,Becca & Floyd,5,5th,False,False,False,False,False,Floyd
US,31,7,Becca & Floyd,3,3rd,False,False,False,False,False,Becca
US,31,8,Becca & Floyd,4,4th,False,False,False,False,False,Becca
US,31,9,Becca & Floyd,3,3rd,False,False,False,False,False,Floyd
US,31,10,Becca & Floyd,5,5th † ⊂,False,False,False,False,False,
US,31,1,Chris & Bret,7,7th,False,False,False,False,False,Bret
US,31,2,Chris & Bret,8,8th,False,False,False,False,False,Chris
US,31,3,Chris & Bret,9,9th ‡,False,False,False,False,False,Bret
US,31,4,Chris & Bret,3,3rd,False,False,False,False,False,Chris
US,31,5,Chris & Bret,2,2nd,False,False,False,False,False,Bret
US,31,6,Chris & Bret,4,4th,False,False,False,False,False,Chris
US,31,7,Chris & Bret,6,6th,False,False,False,False,False,Chris
US,31,8,Chris & Bret,2,2nd,False,False,False,False,False,Bret
US,31,9,Chris & Bret,6,6th †,False,False,False,False,False,Bret
US,31,1,Rachel & Elissa,4,4th,False,False,False,False,False,Rachel
US,31,2,Rachel & Elissa,3,3rd ⊃,False,False,False,False,False,Elissa
US,31,3,Rachel & Elissa,7,7th,False,False,False,False,False,Rachel
US,31,4,Rachel & Elissa,8,8th,False,False,False,False,False,Elissa
US,31,5,Rachel & Elissa,8,8th ‡,False,False,False,False,False,Rachel
US,31,6,Rachel & Elissa,7,7th,False,False,False,False,False,Elissa
US,31,7,Rachel & Elissa,5,5th,False,False,False,False,False,Elissa
US,31,8,Rachel & Elissa,7,7th † ⊂,False,False,False,False,False,Rachel
US,31,1,Janelle & Britney,8,8th,False,False,False,False,False,Britney
US,31,2,Janelle & Britney,5,5th,False,False,False,False,False,Britney
US,31,3,Janelle & Britney,6,6th,False,False,False,False,False,Janelle
US,31,4,Janelle & Britney,7,7th,False,False,False,False,False,Janelle
US,31,5,Janelle & Britney,6,6th,False,False,False,False,False,Janelle
US,31,6,Janelle & Britney,8,8th †,False,False,False,False,False,Janelle
US,31,1,Corinne & Eliza,9,9th,False,False,False,False,False,Corinne
US,31,2,Corinne & Eliza,6,6th,False,False,False,False,False,Corinne
US,31,3,Corinne & Eliza,5,5th,False,False,False,False,False,Eliza
US,31,4,Corinne & Eliza,9,9th †,False,False,False,False,False,Eliza
US,31,1,Rupert & Laura,10,10th,False,False,False,False,False,Rupert
US,31,2,Rupert & Laura,10,10th †,False,False,False,False,False,Rupert
US,31,1,Art & J.J.,11,11th †,False,False,False,False,False,Art
US,32,1,Will & James,4,4th,False,False,False,False,False,Will
US,32,2,Will & James,6,6th,False,False,False,False,False,Will
US,32,3,Will & James,1,1st ⊃,False,False,False,False,False,
US,32,4,Will & James,1,1st,False,False,False,False,False,James
US,32,5,Will & James,4,4th,False,False,False,False,False,Will
US,32,6,Will & James,4,4th,False,False,False,False,False,Will
US,32,7,Will & James,1,1st,False,False,False,False,False,
US,32,8,Will & James,3,3rd >,False,False,False,False,False,James
US,32,8,Will & James,2,2nd,False,False,False,False,False,James
US,32,9,Will & James,2,2nd,False,False,False,False,False,James
US,32,10,Will & James,2,2nd,False,False,False,False,False,Will
US,32,11,Will & James,1,1st,False,False,False,False,False,
US,32,1,Hung & Chee,1,1st,False,False,False,False,False,Chee
US,32,2,Hung & Chee,1,1st,False,False,False,False,False,Hung
US,32,3,Hung & Chee,2,2nd,False,False,False,False,False,
US,32,4,Hung & Chee,6,6th,False,False,False,False,False,Chee
US,32,5,Hung & Chee,2,2nd,False,False,False,False,False,Chee
US,32,6,Hung & Chee,3,3rd,False,False,False,False,False,Hung
US,32,7,Hung & Chee,3,3rd,False,False,False,False,False,
US,32,8,Hung & Chee,4,4th,False,False,False,False,False,Chee
US,32,8,Hung & Chee,4,4th,False,False,False,False,False,Chee
US,32,9,Hung & Chee,3,3rd,False,False,False,False,False,Hung
US,32,10,Hung & Chee,3,3rd,False,False,False,False,False,Chee
US,32,11,Hung & Chee,2,2nd,False,False,False,False,False,
US,32,1,Riley & Maddison,3,3rd,False,False,False,False,False,Maddison
US,32,2,Riley & Maddison,3,3rd,False,False,False,False,False,Riley
US,32,3,Riley & Maddison,4,4th,False,False,False,False,False,
US,32,4,Riley & Maddison,4,4th,False,False,False,False,False,Maddison
US,32,5,Riley & Maddison,1,1st,False,False,False,False,False,Maddison
US,32,6,Riley & Maddison,2,2nd,False,False,False,False,False,Maddison
US,32,7,Riley & Maddison,2,2nd,False,False,False,False,False,
US,32,8,Riley & Maddison,1,1st,False,False,False,False,False,Riley
US,32,8,Riley & Maddison,1,1st >,False,False,False,False,False,Riley
US,32,9,Riley & Maddison,1,1st,False,False,False,False,False,Riley
US,32,10,Riley & Maddison,1,1st,False,False,False,False,False,Riley
US,32,11,Riley & Maddison,3,3rd,False,False,False,False,False,
US,32,1,DeAngelo & Gary,10,10th,False,False,False,False,False,Gary
US,32,2,DeAngelo & Gary,2,2nd,False,False,False,False,False,DeAngelo
US,32,3,DeAngelo & Gary,5,5th,False,False,False,False,False,
US,32,4,DeAngelo & Gary,7,7th,False,False,False,False,False,DeAngelo
US,32,5,DeAngelo & Gary,5,5th,False,False,False,False,False,DeAngelo
US,32,6,DeAngelo & Gary,1,1st,False,False,False,False,False,DeAngelo
US,32,7,DeAngelo & Gary,4,4th,False,False,False,False,False,
US,32,8,DeAngelo & Gary,2,2nd,False,False,False,False,False,Gary
US,32,8,DeAngelo & Gary,3,3rd,False,False,False,False,False,Gary
US,32,9,DeAngelo & Gary,4,4th ⊃,False,False,False,False,False,Gary
US,32,10,DeAngelo & Gary,4,4th †,False,False,False,False,False,DeAngelo
US,32,1,Eswar & Aparna,7,7th,False,False,False,False,False,Eswar
US,32,2,Eswar & Aparna,4,4th,False,False,False,False,False,Aparna
US,32,3,Eswar & Aparna,6,6th,False,False,False,False,False,
US,32,4,Eswar & Aparna,5,5th,False,False,False,False,False,Eswar
US,32,5,Eswar & Aparna,6,6th,False,False,False,False,False,Eswar
US,32,6,Eswar & Aparna,5,5th,False,False,False,False,False,Aparna
US,32,7,Eswar & Aparna,6,6th,False,False,False,False,False,
US,32,8,Eswar & Aparna,5,5th,False,False,False,False,False,Eswar
US,32,8,Eswar & Aparna,5,5th,False,False,False,False,False,Eswar
US,32,9,Eswar & Aparna,5,5th † ⊂,False,False,False,False,False,Aparna
US,32,1,Kaylynn & Haley,8,8th,False,False,False,False,False,Kaylynn
US,32,2,Kaylynn & Haley,8,8th,False,False,False,False,False,Haley
US,32,3,Kaylynn & Haley,3,3rd ⊃,False,False,False,False,False,
US,32,4,Kaylynn & Haley,8,8th ‡,False,False,False,False,False,Kaylynn
US,32,5,Kaylynn & Haley,7,7th,False,False,False,False,False,Kaylynn
US,32,6,Kaylynn & Haley,7,7th ‡,False,False,False,False,False,Haley
US,32,7,Kaylynn & Haley,5,5th >,False,False,False,False,False,
US,32,8,Kaylynn & Haley,6,6th <,False,False,False,False,False,Kaylynn
US,32,8,Kaylynn & Haley,6,6th † <,False,False,False,False,False,Kaylynn
US,32,1,Leo & Alana,6,6th,False,False,False,False,False,Leo
US,32,2,Leo & Alana,7,7th,False,False,False,False,False,Alana
US,32,3,Leo & Alana,8,8th ⊂,False,False,False,False,False,
US,32,4,Leo & Alana,3,3rd,False,False,False,False,False,Leo
US,32,5,Leo & Alana,3,3rd,False,False,False,False,False,Leo
US,32,6,Leo & Alana,6,6th,False,False,False,False,False,Leo
US,32,7,Leo & Alana,7,7th † <,False,False,False,False,False,
US,32,1,Michelle & Victoria,2,2nd,False,False,False,False,False,Michelle
US,32,2,Michelle & Victoria,5,5th,False,False,False,False,False,Victoria
US,32,3,Michelle & Victoria,7,7th,False,False,False,False,False,
US,32,4,Michelle & Victoria,2,2nd,False,False,False,False,False,Michelle
US,32,5,Michelle & Victoria,8,8th †,False,False,False,False,False,Michelle
US,32,1,Jerry & Frank,5,5th,False,False,False,False,False,Frank
US,32,2,Jerry & Frank,9,9th,False,False,False,False,False,Frank
US,32,3,Jerry & Frank,9,9th † ⊂,False,False,False,False,False,
US,32,1,Kellie & LaVonne,9,9th,False,False,False,False,False,Kellie
US,32,2,Kellie & LaVonne,10,10th †,False,False,False,False,False,LaVonne
US,32,1,Nathan & Cody,11,11th †,False,False,False,False,False,Cody
US,33,1,Kim & Penn,4,4th,False,False,False,False,False,
US,33,2,Kim & Penn,5,5th,False,False,False,False,False,Penn
US,33,3,Kim & Penn,1,1st,False,False,False,False,False,Kim
US,33,4,Kim & Penn,2,2nd,False,False,False,False,False,Penn
US,33,5,Kim & Penn,3,3rd,False,False,False,False,False,Kim
US,33,6,Kim & Penn,1,1st,False,False,False,False,False,Penn
US,33,7,Kim & Penn,1,1st,False,False,False,False,False,Penn
US,33,8,Kim & Penn,1,1st,False,False,False,False,False,Penn
US,33,9,Kim & Penn,2,2nd,False,False,False,False,False,Kim
US,33,10,Kim & Penn,2,2nd,False,False,False,False,False,Penn
US,33,11,Kim & Penn,1,1st,False,False,False,False,False,
US,33,1,Raquel & Cayla,3,3rd,False,False,False,False,False,
US,33,2,Raquel & Cayla,4,4th,False,False,False,False,False,Raquel
US,33,3,Raquel & Cayla,6,6th,False,False,False,False,False,Raquel
US,33,4,Raquel & Cayla,3,3rd,False,False,False,False,False,Raquel
US,33,5,Raquel & Cayla,4,4th,False,False,False,False,False,Cayla
US,33,6,Raquel & Cayla,2,2nd,False,False,False,False,False,Raquel
US,33,7,Raquel & Cayla,2,2nd,False,False,False,False,False,Cayla
US,33,8,Raquel & Cayla,2,2nd,False,False,False,False,False,Cayla
US,33,9,Raquel & Cayla,1,1st,False,False,False,False,False,Raquel
US,33,10,Raquel & Cayla,1,1st,False,False,False,False,False,Cayla
US,33,11,Raquel & Cayla,2,2nd,False,False,False,False,False,
US,33,1,Ryan & Dusty,2,2nd,False,False,False,False,False,
US,33,2,Ryan & Dusty,1,1st,False,False,False,False,False,Ryan
US,33,3,Ryan & Dusty,2,2nd,False,False,False,False,False,Dusty
US,33,4,Ryan & Dusty,1,1st,False,False,False,False,False,Ryan
US,33,5,Ryan & Dusty,1,1st,False,False,False,False,False,Dusty
US,33,6,Ryan & Dusty,3,3rd,False,False,False,False,False,Ryan
US,33,7,Ryan & Dusty,3,3rd,False,False,False,False,False,Ryan
US,33,8,Ryan & Dusty,3,3rd,False,False,False,False,False,Ryan
US,33,9,Ryan & Dusty,4,4th ‡,False,False,False,False,False,Dusty
US,33,10,Ryan & Dusty,3,3rd,False,False,False,False,False,Dusty
US,33,11,Ryan & Dusty,3,3rd,False,False,False,False,False,
US,33,1,Arun & Natalia,9,9th,False,False,False,False,False,
US,33,2,Arun & Natalia,3,3rd,False,False,False,False,False,Arun
US,33,3,Arun & Natalia,10,10th †,False,False,False,False,False,Natalia
US,33,4,Arun & Natalia,6,6th,False,False,False,False,False,Arun
US,33,5,Arun & Natalia,6,6th ‡,False,False,False,False,False,Natalia
US,33,6,Arun & Natalia,4,4th,False,False,False,False,False,Arun
US,33,7,Arun & Natalia,5,5th ‡,False,False,False,False,False,Natalia
US,33,8,Arun & Natalia,4,4th,False,False,False,False,False,Natalia
US,33,9,Arun & Natalia,3,3rd,False,False,False,False,False,Arun
US,33,10,Arun & Natalia,4,4th †,False,False,False,False,False,Natalia
US,33,1,Lulu & Lala,10,10th,False,False,False,False,False,
US,33,2,Lulu & Lala,10,10th,False,False,False,False,False,Lulu
US,33,3,Lulu & Lala,7,7th,False,False,False,False,False,Lala
US,33,4,Lulu & Lala,4,4th,False,False,False,False,False,Lulu
US,33,5,Lulu & Lala,2,2nd,False,False,False,False,False,Lala
US,33,6,Lulu & Lala,5,5th,False,False,False,False,False,Lulu
US,33,7,Lulu & Lala,4,4th,False,False,False,False,False,Lala
US,33,8,Lulu & Lala,5,5th †,False,False,False,False,False,Lulu
US,33,1,Akbar & Sheri,6,6th,False,False,False,False,False,
US,33,2,Akbar & Sheri,8,8th,False,False,False,False,False,Sheri
US,33,3,Akbar & Sheri,9,9th,False,False,False,False,False,Akbar
US,33,4,Akbar & Sheri,5,5th,False,False,False,False,False,Sheri
US,33,5,Akbar & Sheri,5,5th,False,False,False,False,False,Sheri
US,33,6,Akbar & Sheri,6,6th †,False,False,False,False,False,Akbar
US,33,1,Michael & Moe,11,11th †,False,False,False,False,False,
US,33,4,Michael & Moe,7,7th †,False,False,False,False,False,Moe
US,33,1,Anthony & Spencer,1,1st,False,False,False,False,False,
US,33,2,Anthony & Spencer,7,7th,False,False,False,False,False,Anthony
US,33,3,Anthony & Spencer,3,3rd,False,False,False,False,False,Spencer
US,33,1,Connie & Sam,7,7th,False,False,False,False,False,
US,33,2,Connie & Sam,2,2nd,False,False,False,False,False,Connie
US,33,3,Connie & Sam,4,4th,False,False,False,False,False,Sam
US,33,1,Caro & Ray,5,5th,False,False,False,False,False,
US,33,2,Caro & Ray,6,6th,False,False,False,False,False,Ray
US,33,3,Caro & Ray,5,5th,False,False,False,False,False,Caro
US,33,1,Taylor & Isaiah,8,8th,False,False,False,False,False,
US,33,2,Taylor & Isaiah,9,9th,False,False,False,False,False,Taylor
US,33,3,Taylor & Isaiah,8,8th,False,False,False,False,False,Isaiah
US,34,1,Derek & Claire,1,1st,False,False,False,False,False,Derek
US,34,2,Derek & Claire,4,4th,False,False,False,False,False,Claire
US,34,3,Derek & Claire,6,6th,False,False,False,False,False,Claire
US,34,3,Derek & Claire,7,7th,False,False,False,False,False,Claire
US,34,4,Derek & Claire,2,2nd,False,False,False,False,False,Derek
US,34,5,Derek & Claire,4,4th,False,False,False,False,False,Derek
US,34,6,Derek & Claire,3,3rd,False,False,False,False,False,Claire
US,34,7,Derek & Claire,1,1st,False,False,False,False,False,Derek
US,34,8,Derek & Claire,1,1st,False,False,False,False,False,Claire
US,34,8,Derek & Claire,3,3rd,False,False,False,False,False,Claire
US,34,9,Derek & Claire,1,1st,False,False,False,False,False,Claire
US,34,10,Derek & Claire,1,1st,False,False,False,False,False,Claire
US,34,1,Emily & Molly,5,5th,False,False,False,False,False,Molly
US,34,2,Emily & Molly,7,7th,False,False,False,False,False,Emily
US,34,3,Emily & Molly,2,2nd,False,False,False,False,False,Emily
US,34,3,Emily & Molly,1,1st,False,False,False,False,False,Emily
US,34,4,Emily & Molly,5,5th,False,False,False,False,False,Molly
US,34,5,Emily & Molly,6,6th,False,False,False,False,False,Molly
US,34,6,Emily & Molly,2,2nd,False,False,False,False,False,Molly
US,34,7,Emily & Molly,3,3rd,False,False,False,False,False,Emily
US,34,8,Emily & Molly,4,4th,False,False,False,False,False,Molly
US,34,8,Emily & Molly,4,4th,False,False,False,False,False,Molly
US,34,9,Emily & Molly,3,3rd,False,False,False,False,False,Emily
US,34,10,Emily & Molly,2,2nd,False,False,False,False,False,Emily
US,34,1,Luis & Michelle,10,10th,False,False,False,False,False,Luis
US,34,2,Luis & Michelle,5,5th,False,False,False,False,False,Michelle
US,34,3,Luis & Michelle,4,4th,False,False,False,False,False,Luis
US,34,3,Luis & Michelle,4,4th,False,False,False,False,False,Luis
US,34,4,Luis & Michelle,1,1st,False,False,False,False,False,Michelle
US,34,5,Luis & Michelle,1,1st,False,False,False,False,False,Luis
US,34,6,Luis & Michelle,4,4th,False,False,False,False,False,Luis
US,34,7,Luis & Michelle,2,2nd,False,False,False,False,False,Michelle
US,34,8,Luis & Michelle,3,3rd,False,False,False,False,False,Luis
US,34,8,Luis & Michelle,1,1st,False,False,False,False,False,Luis
US,34,9,Luis & Michelle,2,2nd,False,False,False,False,False,Michelle
US,34,10,Luis & Michelle,3,3rd,False,False,False,False,False,Michelle
US,34,1,Aubrey & David,11,11th,False,False,False,False,False,David
US,34,2,Aubrey & David,8,8th,False,False,False,False,False,Aubrey
US,34,3,Aubrey & David,3,3rd,False,False,False,False,False,David
US,34,3,Aubrey & David,6,6th,False,False,False,False,False,David
US,34,4,Aubrey & David,8,8th,False,False,False,False,False,Aubrey
US,34,5,Aubrey & David,2,2nd,False,False,False,False,False,David
US,34,6,Aubrey & David,6,6th,False,False,False,False,False,David
US,34,7,Aubrey & David,5,5th,False,False,False,False,False,David
US,34,8,Aubrey & David,2,2nd,False,False,False,False,False,Aubrey
US,34,8,Aubrey & David,2,2nd,False,False,False,False,False,Aubrey
US,34,9,Aubrey & David,4,4th †,False,False,False,False,False,Aubrey
US,34,1,Marcus & Michael,6,6th,False,False,False,False,False,Marcus
US,34,2,Marcus & Michael,1,1st,False,False,False,False,False,Michael
US,34,3,Marcus & Michael,1,1st,False,False,False,False,False,Michael
US,34,3,Marcus & Michael,2,2nd,False,False,False,False,False,Michael
US,34,4,Marcus & Michael,3,3rd,False,False,False,False,False,Marcus
US,34,5,Marcus & Michael,5,5th,False,False,False,False,False,Marcus
US,34,6,Marcus & Michael,1,1st,False,False,False,False,False,Michael
US,34,7,Marcus & Michael,4,4th,False,False,False,False,False,Michael
US,34,8,Marcus & Michael,5,5th,False,False,False,False,False,Marcus
US,34,8,Marcus & Michael,5,5th †,False,False,False,False,False,Marcus
US,34,1,Quinton & Mattie,3,3rd,False,False,False,False,False,Quinton
US,34,2,Quinton & Mattie,10,10th,False,False,False,False,False,Mattie
US,34,3,Quinton & Mattie,8,8th,False,False,False,False,False,Quinton
US,34,3,Quinton & Mattie,5,5th,False,False,False,False,False,Quinton
US,34,4,Quinton & Mattie,6,6th,False,False,False,False,False,Mattie
US,34,5,Quinton & Mattie,3,3rd,False,False,False,False,False,Quinton
US,34,6,Quinton & Mattie,5,5th,False,False,False,False,False,Quinton
US,34,7,Quinton & Mattie,6,6th †,False,False,False,False,False,Mattie
US,34,1,Glenda & Lumumba,2,2nd,False,False,False,False,False,Glenda
US,34,2,Glenda & Lumumba,2,2nd,False,False,False,False,False,Glenda
US,34,3,Glenda & Lumumba,10,10th,False,False,False,False,False,Lumumba
US,34,3,Glenda & Lumumba,8,8th,False,False,False,False,False,Lumumba
US,34,4,Glenda & Lumumba,7,7th,False,False,False,False,False,Lumumba
US,34,5,Glenda & Lumumba,7,7th,False,False,False,False,False,Lumumba
US,34,6,Glenda & Lumumba,7,7th †,False,False,False,False,False,Glenda
US,34,1,Abby & Will,8,8th,False,False,False,False,False,Will
US,34,2,Abby & Will,6,6th,False,False,False,False,False,Abby
US,34,3,Abby & Will,7,7th,False,False,False,False,False,Will
US,34,3,Abby & Will,3,3rd,False,False,False,False,False,Will
US,34,4,Abby & Will,4,4th,False,False,False,False,False,Abby
US,34,5,Abby & Will,8,†,False,False,False,False,False,Abby
US,34,1,Linton & Sharik,4,4th,False,False,False,False,False,Linton
US,34,2,Linton & Sharik,3,3rd,False,False,False,False,False,Linton
US,34,3,Linton & Sharik,5,5th,False,False,False,False,False,Linton
US,34,3,Linton & Sharik,9,9th,False,False,False,False,False,Linton
US,34,4,Linton & Sharik,9,9th †,False,False,False,False,False,Sharik
US,34,1,Rich & Dom,9,9th,False,False,False,False,False,Rich
US,34,2,Rich & Dom,9,9th,False,False,False,False,False,Dom
US,34,3,Rich & Dom,9,9th,False,False,False,False,False,Rich
US,34,3,Rich & Dom,10,10th †,False,False,False,False,False,Rich
US,34,1,Tim & Rex,7,7th,False,False,False,False,False,Tim
US,34,2,Tim & Rex,11,11th †,False,False,False,False,False,Rex
US,34,1,Aastha & Nina,12,12th †,False,False,False,False,False,Nina
US,35,1,Greg & John,3,3rd,False,False,False,False,False,Greg
US,35,2,Greg & John,3,3rd,False,False,False,False,False,Greg
US,35,3,Greg & John,8,8th,False,False,False,False,False,
US,35,4,Greg & John,8,8th,False,False,False,False,False,John
US,35,5,Greg & John,2,2nd,False,False,False,False,False,John
US,35,6,Greg & John,1,1st,False,False,False,False,False,Greg
US,35,7,Greg & John,1,1st,False,False,False,False,False,Greg
US,35,8,Greg & John,1,1st,False,False,False,False,False,John
US,35,9,Greg & John,1,1st,False,False,False,False,False,John
US,35,10,Greg & John,2,2nd,False,False,False,False,False,Greg
US,35,11,Greg & John,2,2nd,False,False,False,False,False,Greg
US,35,12,Greg & John,1,1st,False,False,False,False,False,
US,35,1,Joel & Garrett,7,7th,False,False,False,False,False,Joel
US,35,2,Joel & Garrett,9,9th,False,False,False,False,False,Garrett
US,35,3,Joel & Garrett,2,2nd,False,False,False,False,False,
US,35,4,Joel & Garrett,9,9th,False,False,False,False,False,Joel
US,35,5,Joel & Garrett,3,3rd,False,False,False,False,False,Garrett
US,35,6,Joel & Garrett,3,3rd,False,False,False,False,False,Joel
US,35,7,Joel & Garrett,7,7th,False,False,False,False,False,Joel
US,35,8,Joel & Garrett,4,4th,False,False,False,False,False,Garrett
US,35,9,Joel & Garrett,2,2nd,False,False,False,False,False,Joel
US,35,10,Joel & Garrett,1,1st,False,False,False,False,False,Garrett
US,35,11,Joel & Garrett,3,3rd,False,False,False,False,False,Garrett
US,35,12,Joel & Garrett,2,2nd,False,False,False,False,False,
US,35,1,Rob & Corey,2,2nd,False,False,False,False,False,Rob
US,35,2,Rob & Corey,2,2nd,False,False,False,False,False,Rob
US,35,3,Rob & Corey,3,3rd,False,False,False,False,False,
US,35,4,Rob & Corey,5,5th,False,False,False,False,False,Corey
US,35,5,Rob & Corey,6,6th,False,False,False,False,False,Corey
US,35,6,Rob & Corey,2,2nd,False,False,False,False,False,Rob
US,35,7,Rob & Corey,4,4th,False,False,False,False,False,Rob
US,35,8,Rob & Corey,3,3rd,False,False,False,False,False,Rob
US,35,9,Rob & Corey,4,4th,False,False,False,False,False,Corey
US,35,10,Rob & Corey,3,3rd ε,False,False,False,False,False,Rob
US,35,11,Rob & Corey,1,1st,False,False,False,False,False,Corey
US,35,12,Rob & Corey,3,3rd,False,False,False,False,False,
US,35,1,Steve & Anna Leigh,6,6th,False,False,False,False,False,Anna Leigh
US,35,2,Steve & Anna Leigh,6,6th,False,False,False,False,False,Steve
US,35,3,Steve & Anna Leigh,1,1st,False,False,False,False,False,
US,35,4,Steve & Anna Leigh,2,2nd,False,False,False,False,False,Anna Leigh
US,35,5,Steve & Anna Leigh,1,1st,False,False,False,False,False,Anna Leigh
US,35,6,Steve & Anna Leigh,7,7th ⊂,False,False,False,False,False,Steve
US,35,7,Steve & Anna Leigh,5,5th,False,False,False,False,False,Steve
US,35,8,Steve & Anna Leigh,6,6th,False,False,False,False,False,Steve
US,35,9,Steve & Anna Leigh,3,3rd,False,False,False,False,False,Anna Leigh
US,35,10,Steve & Anna Leigh,4,4th,False,False,False,False,False,Anna Leigh
US,35,11,Steve & Anna Leigh,4,4th †,False,False,False,False,False,Steve
US,35,1,Todd & Ashlie,5,5th,False,False,False,False,False,Todd
US,35,2,Todd & Ashlie,5,5th,False,False,False,False,False,Ashlie
US,35,3,Todd & Ashlie,4,4th,False,False,False,False,False,
US,35,4,Todd & Ashlie,3,3rd,False,False,False,False,False,Todd
US,35,5,Todd & Ashlie,5,5th,False,False,False,False,False,Ashlie
US,35,6,Todd & Ashlie,5,5th,False,False,False,False,False,Todd
US,35,7,Todd & Ashlie,3,3rd,False,False,False,False,False,Ashlie
US,35,8,Todd & Ashlie,2,2nd,False,False,False,False,False,Ashlie
US,35,9,Todd & Ashlie,5,5th,False,False,False,False,False,Todd
US,35,10,Todd & Ashlie,5,5th †,False,False,False,False,False,Ashlie
US,35,1,Robbin & Chelsea,11,11th,False,False,False,False,False,Chelsea
US,35,2,Robbin & Chelsea,11,11th,False,False,False,False,False,Robbin
US,35,3,Robbin & Chelsea,5,5th,False,False,False,False,False,
US,35,4,Robbin & Chelsea,1,1st,False,False,False,False,False,Chelsea
US,35,5,Robbin & Chelsea,7,7th,False,False,False,False,False,Chelsea
US,35,6,Robbin & Chelsea,8,8th,False,False,False,False,False,Robbin
US,35,7,Robbin & Chelsea,2,2nd,False,False,False,False,False,Robbin
US,35,8,Robbin & Chelsea,5,5th,False,False,False,False,False,Robbin
US,35,9,Robbin & Chelsea,6,6th †,False,False,False,False,False,Chelsea
US,35,1,Morgan & Lena,4,4th,False,False,False,False,False,Morgan
US,35,2,Morgan & Lena,4,4th,False,False,False,False,False,Lena
US,35,3,Morgan & Lena,6,6th ε,False,False,False,False,False,
US,35,4,Morgan & Lena,10,10th,False,False,False,False,False,Lena
US,35,5,Morgan & Lena,9,9th,False,False,False,False,False,Morgan
US,35,6,Morgan & Lena,4,4th,False,False,False,False,False,Lena
US,35,7,Morgan & Lena,6,6th,False,False,False,False,False,Lena
US,35,8,Morgan & Lena,7,7th †,False,False,False,False,False,Lena
US,35,1,Andrea & Malaina,10,10th,False,False,False,False,False,Andrea
US,35,2,Andrea & Malaina,10,10th,False,False,False,False,False,Malaina
US,35,3,Andrea & Malaina,9,9th,False,False,False,False,False,
US,35,4,Andrea & Malaina,7,7th,False,False,False,False,False,Andrea
US,35,5,Andrea & Malaina,4,4th,False,False,False,False,False,Andrea
US,35,6,Andrea & Malaina,6,6th,False,False,False,False,False,Malaina
US,35,7,Andrea & Malaina,8,8th †,False,False,False,False,False,Andrea
US,35,1,Liam & Yeremi,8,8th,False,False,False,False,False,Liam
US,35,2,Liam & Yeremi,8,8th,False,False,False,False,False,Yeremi
US,35,3,Liam & Yeremi,11,11th,False,False,False,False,False,
US,35,4,Liam & Yeremi,6,6th,False,False,False,False,False,Liam
US,35,5,Liam & Yeremi,8,8th,False,False,False,False,False,Yeremi
US,35,6,Liam & Yeremi,9,9th †,False,False,False,False,False,Liam
US,35,1,Joe & Ian,9,9th,False,False,False,False,False,Joe
US,35,2,Joe & Ian,7,7th,False,False,False,False,False,Ian
US,35,3,Joe & Ian,7,7th,False,False,False,False,False,
US,35,4,Joe & Ian,4,4th,False,False,False,False,False,Joe
US,35,5,Joe & Ian,10,10th †,False,False,False,False,False,Ian
US,35,1,Jocelyn & Victor,1,1st,False,False,False,False,False,Victor
US,35,2,Jocelyn & Victor,1,1st,False,False,False,False,False,Jocelyn
US,35,3,Jocelyn & Victor,10,10th,False,False,False,False,False,
US,35,4,Jocelyn & Victor,11,11th †,False,False,False,False,False,Victor
US,35,1,Elizabeth & Iliana,12,12th,False,False,False,False,False,Iliana
US,35,2,Elizabeth & Iliana,12,12th †,False,False,False,False,False,Elizabeth
US,35,1,Alexandra & Sheridan,13,13th †,False,False,False,False,False,Sheridan
US,36,1,Ricky & Cesar,2,2nd,False,False,False,False,False,Cesar
US,36,2,Ricky & Cesar,2,2nd,False,False,False,False,False,Ricky
US,36,3,Ricky & Cesar,1,1st,False,False,False,False,False,Cesar
US,36,4,Ricky & Cesar,1,1st,False,False,False,False,False,Ricky
US,36,5,Ricky & Cesar,1,1st,False,False,False,False,False,Cesar
US,36,6,Ricky & Cesar,2,2nd,False,False,False,False,False,Cesar
US,36,6,Ricky & Cesar,2,2nd,False,False,False,False,False,Cesar
US,36,7,Ricky & Cesar,1,1st,False,False,False,False,False,Cesar
US,36,8,Ricky & Cesar,1,1st,False,False,False,False,False,Ricky
US,36,9,Ricky & Cesar,1,1st,False,False,False,False,False,Ricky
US,36,10,Ricky & Cesar,3,3rd,False,False,False,False,False,Cesar
US,36,11,Ricky & Cesar,1,1st,False,False,False,False,False,
US,36,1,Juan & Shane,4,4th,False,False,False,False,False,Shane
US,36,2,Juan & Shane,4,4th,False,False,False,False,False,Juan
US,36,3,Juan & Shane,4,4th,False,False,False,False,False,Shane
US,36,4,Juan & Shane,5,5th,False,False,False,False,False,Shane
US,36,5,Juan & Shane,2,2nd,False,False,False,False,False,Juan
US,36,6,Juan & Shane,1,1st,False,False,False,False,False,Shane
US,36,6,Juan & Shane,1,1st,False,False,False,False,False,Shane
US,36,7,Juan & Shane,6,6th,False,False,False,False,False,Shane
US,36,8,Juan & Shane,2,2nd,False,False,False,False,False,Juan
US,36,9,Juan & Shane,3,3rd,False,False,False,False,False,Shane
US,36,10,Juan & Shane,2,2nd,False,False,False,False,False,Juan
US,36,11,Juan & Shane,2,2nd,False,False,False,False,False,
US,36,1,Rod & Leticia,1,1st,False,False,False,False,False,Rod
US,36,2,Rod & Leticia,1,1st,False,False,False,False,False,Leticia
US,36,3,Rod & Leticia,5,5th,False,False,False,False,False,Leticia
US,36,4,Rod & Leticia,4,4th,False,False,False,False,False,Rod
US,36,5,Rod & Leticia,5,5th,False,False,False,False,False,Rod
US,36,6,Rod & Leticia,5,5th,False,False,False,False,False,Rod
US,36,6,Rod & Leticia,3,3rd,False,False,False,False,False,Rod
US,36,7,Rod & Leticia,3,3rd,False,False,False,False,False,Rod
US,36,8,Rod & Leticia,5,5th,False,False,False,False,False,Leticia
US,36,9,Rod & Leticia,2,2nd,False,False,False,False,False,Rod
US,36,10,Rod & Leticia,1,1st,False,False,False,False,False,Leticia
US,36,11,Rod & Leticia,3,3rd,False,False,False,False,False,
US,36,1,Amber & Vinny,12,12th,False,False,False,False,False,Vinny
US,36,2,Amber & Vinny,7,7th,False,False,False,False,False,Amber
US,36,3,Amber & Vinny,2,2nd,False,False,False,False,False,Vinny
US,36,4,Amber & Vinny,2,2nd,False,False,False,False,False,Amber
US,36,5,Amber & Vinny,3,3rd,False,False,False,False,False,Vinny
US,36,6,Amber & Vinny,3,3rd,False,False,False,False,False,Amber
US,36,6,Amber & Vinny,4,4th,False,False,False,False,False,Amber
US,36,7,Amber & Vinny,4,4th,False,False,False,False,False,Vinny
US,36,8,Amber & Vinny,3,3rd,False,False,False,False,False,Vinny
US,36,9,Amber & Vinny,4,4th,False,False,False,False,False,Vinny
US,36,10,Amber & Vinny,4,4th †,False,False,False,False,False,Vinny
US,36,1,Yvonne & Melissa,6,6th,False,False,False,False,False,Yvonne
US,36,2,Yvonne & Melissa,5,5th,False,False,False,False,False,Melissa
US,36,3,Yvonne & Melissa,6,6th,False,False,False,False,False,Melissa
US,36,4,Yvonne & Melissa,7,7th,False,False,False,False,False,Yvonne
US,36,5,Yvonne & Melissa,6,6th,False,False,False,False,False,Melissa
US,36,6,Yvonne & Melissa,6,6th,False,False,False,False,False,Yvonne
US,36,6,Yvonne & Melissa,6,6th,False,False,False,False,False,Yvonne
US,36,7,Yvonne & Melissa,5,5th,False,False,False,False,False,Yvonne
US,36,8,Yvonne & Melissa,4,4th,False,False,False,False,False,Yvonne
US,36,9,Yvonne & Melissa,5,5th †,False,False,False,False,False,Yvonne
US,36,1,Angie & Danny,7,7th,False,False,False,False,False,Danny
US,36,2,Angie & Danny,6,6th,False,False,False,False,False,Danny
US,36,3,Angie & Danny,9,9th,False,False,False,False,False,Angie
US,36,4,Angie & Danny,3,3rd,False,False,False,False,False,Danny
US,36,5,Angie & Danny,4,4th,False,False,False,False,False,Danny
US,36,6,Angie & Danny,4,4th,False,False,False,False,False,Angie
US,36,6,Angie & Danny,5,5th,False,False,False,False,False,Angie
US,36,7,Angie & Danny,2,2nd,False,False,False,False,False,Danny
US,36,8,Angie & Danny,6,6th †,False,False,False,False,False,Angie
US,36,1,Sunny & Bizzy,9,9th,False,False,False,False,False,Sunny
US,36,2,Sunny & Bizzy,9,9th,False,False,False,False,False,Bizzy
US,36,3,Sunny & Bizzy,7,7th,False,False,False,False,False,Sunny
US,36,4,Sunny & Bizzy,8,8th,False,False,False,False,False,Sunny
US,36,5,Sunny & Bizzy,7,7th,False,False,False,False,False,Bizzy
US,36,6,Sunny & Bizzy,7,7th,False,False,False,False,False,Bizzy
US,36,6,Sunny & Bizzy,7,7th,False,False,False,False,False,Bizzy
US,36,7,Sunny & Bizzy,7,7th †,False,False,False,False,False,Sunny
US,36,1,Derek & Shelisa,3,3rd,False,False,False,False,False,Derek
US,36,2,Derek & Shelisa,3,3rd,False,False,False,False,False,Shelisa
US,36,3,Derek & Shelisa,3,3rd,False,False,False,False,False,Shelisa
US,36,4,Derek & Shelisa,6,6th,False,False,False,False,False,Shelisa
US,36,5,Derek & Shelisa,8,8th,False,False,False,False,False,Derek
US,36,6,Derek & Shelisa,8,8th,False,False,False,False,False,Derek
US,36,6,Derek & Shelisa,8,8th †,False,False,False,False,False,Derek
US,36,1,Kishori & Karishma,10,10th,False,False,False,False,False,Karishma
US,36,2,Kishori & Karishma,10,10th,False,False,False,False,False,Kishori
US,36,3,Kishori & Karishma,8,8th,False,False,False,False,False,Kishori
US,36,4,Kishori & Karishma,9,9th,False,False,False,False,False,Karishma
US,36,5,Kishori & Karishma,9,9th †,False,False,False,False,False,Karishma
US,36,1,Michelle & Sean,5,5th,False,False,False,False,False,Sean
US,36,2,Michelle & Sean,11,11th,False,False,False,False,False,Michelle
US,36,3,Michelle & Sean,10,10th,False,False,False,False,False,Michelle
US,36,4,Michelle & Sean,10,10th †,False,False,False,False,False,Michelle
US,36,1,Anthony & Bailey,8,8th,False,False,False,False,False,Anthony
US,36,2,Anthony & Bailey,8,8th,False,False,False,False,False,Bailey
US,36,3,Anthony & Bailey,11,11th †,False,False,False,False,False,Anthony
US,36,1,Chris & Mary,11,11th,False,False,False,False,False,Mary
US,36,2,Chris & Mary,12,12th †,False,False,False,False,False,Mary
US,36,1,Maya & Rohan,13,13th †,False,False,False,False,False,Rohan
US,37,1,Carson & Jack,1,1st,False,False,False,False,False,
US,37,2,Carson & Jack,4,4th,False,False,False,False,False,
US,37,3,Carson & Jack,2,2nd,False,False,False,False,False,
US,37,4,Carson & Jack,2,2nd,False,False,False,False,False,
US,37,5,Carson & Jack,2,2nd,False,False,False,False,False,
US,37,6,Carson & Jack,1,1st ƒ,False,True,False,False,False,
US,37,7,Carson & Jack,6,6th,False,False,False,False,False,
US,37,8,Carson & Jack,4,4th,False,False,False,False,False,
US,37,9,Carson & Jack,4,4th,False,False,False,False,False,
US,37,10,Carson & Jack,1,1st,False,False,False,False,False,
US,37,11,Carson & Jack,1,1st,False,False,False,False,False,
US,37,12,Carson & Jack,1,1st,False,False,False,False,False,
US,37,1,Han & Holden,5,5th,False,False,False,False,False,
US,37,2,Han & Holden,11,11th,False,False,False,False,False,
US,37,3,Han & Holden,9,9th,False,False,False,False,False,
US,37,4,Han & Holden,6,6th,False,False,False,False,False,
US,37,5,Han & Holden,5,5th,False,False,False,False,False,
US,37,6,Han & Holden,2,2nd,False,False,False,False,False,
US,37,7,Han & Holden,4,4th ⊂,False,False,False,False,False,
US,37,8,Han & Holden,5,5th,False,False,False,False,False,
US,37,9,Han & Holden,5,5th ‡,False,False,False,False,False,
US,37,10,Han & Holden,4,4th,False,False,False,False,False,
US,37,11,Han & Holden,2,2nd,False,False,False,False,False,
US,37,12,Han & Holden,2,2nd,False,False,False,False,False,
US,37,1,Jonathan & Ana,2,2nd,False,False,False,False,False,
US,37,2,Jonathan & Ana,1,1st,False,False,False,False,False,
US,37,3,Jonathan & Ana,3,3rd,False,False,False,False,False,
US,37,4,Jonathan & Ana,1,1st ε,False,False,False,False,False,
US,37,5,Jonathan & Ana,8,8th ⊂,False,False,False,False,False,
US,37,6,Jonathan & Ana,5,5th,False,False,False,False,False,
US,37,7,Jonathan & Ana,3,3rd,False,False,False,False,False,
US,37,8,Jonathan & Ana,3,3rd,False,False,False,False,False,
US,37,9,Jonathan & Ana,1,1st,False,False,False,False,False,
US,37,10,Jonathan & Ana,3,3rd,False,False,False,False,False,
US,37,11,Jonathan & Ana,3,3rd,False,False,False,False,False,
US,37,12,Jonathan & Ana,3,3rd,False,False,False,False,False,
US,37,1,Alyssa & Josiah,1,1st,False,False,False,False,False,
US,37,2,Alyssa & Josiah,3,3rd,False,False,False,False,False,
US,37,3,Alyssa & Josiah,7,7th,False,False,False,False,False,
US,37,4,Alyssa & Josiah,5,5th,False,False,False,False,False,
US,37,5,Alyssa & Josiah,3,3rd,False,False,False,False,False,
US,37,6,Alyssa & Josiah,3,3rd,False,False,False,False,False,
US,37,7,Alyssa & Josiah,1,1st,False,False,False,False,False,
US,37,8,Alyssa & Josiah,2,2nd,False,False,False,False,False,
US,37,9,Alyssa & Josiah,3,3rd,False,False,False,False,False,
US,37,10,Alyssa & Josiah,2,2nd ε,False,False,False,False,False,
US,37,11,Alyssa & Josiah,4,4th †,False,False,False,False,False,
US,37,1,Brett & Mark,2,2nd,False,False,False,False,False,
US,37,2,Brett & Mark,9,9th,False,False,False,False,False,
US,37,3,Brett & Mark,5,5th,False,False,False,False,False,
US,37,4,Brett & Mark,7,7th,False,False,False,False,False,
US,37,5,Brett & Mark,1,1st,False,False,False,False,False,
US,37,6,Brett & Mark,4,4th,False,False,False,False,False,
US,37,7,Brett & Mark,2,2nd,False,False,False,False,False,
US,37,8,Brett & Mark,1,1st,False,False,False,False,False,
US,37,9,Brett & Mark,2,2nd,False,False,False,False,False,
US,37,10,Brett & Mark,5,5th †,False,False,False,False,False,
US,37,1,Melinda & Erika,6,6th,False,False,False,False,False,
US,37,2,Melinda & Erika,5,5th,False,False,False,False,False,
US,37,3,Melinda & Erika,4,4th,False,False,False,False,False,
US,37,4,Melinda & Erika,4,4th,False,False,False,False,False,
US,37,5,Melinda & Erika,6,6th,False,False,False,False,False,
US,37,6,Melinda & Erika,6,6th,False,False,False,False,False,
US,37,7,Melinda & Erika,5,5th ⊃,False,False,False,False,False,
US,37,8,Melinda & Erika,6,6th †,False,False,False,False,False,
US,37,1,Nick & Mike,5,5th,False,False,False,False,False,
US,37,2,Nick & Mike,10,10th,False,False,False,False,False,
US,37,3,Nick & Mike,8,8th,False,False,False,False,False,
US,37,4,Nick & Mike,8,8th,False,False,False,False,False,
US,37,5,Nick & Mike,7,7th,False,False,False,False,False,
US,37,6,Nick & Mike,7,7th,False,False,False,False,False,
US,37,7,Nick & Mike,7,7th † ⊂ ⊃,False,False,False,False,False,
US,37,1,Pops & Jeff,4,4th,False,False,False,False,False,
US,37,2,Pops & Jeff,7,7th,False,False,False,False,False,
US,37,3,Pops & Jeff,6,6th,False,False,False,False,False,
US,37,4,Pops & Jeff,9,9th,False,False,False,False,False,
US,37,5,Pops & Jeff,4,4th,False,False,False,False,False,
US,37,6,Pops & Jeff,8,8th †,False,False,False,False,False,
US,37,1,Scott & Lori,3,3rd,False,False,False,False,False,
US,37,2,Scott & Lori,2,2nd,False,False,False,False,False,
US,37,3,Scott & Lori,1,1st,False,False,False,False,False,
US,37,4,Scott & Lori,3,3rd,False,False,False,False,False,
US,37,5,Scott & Lori,9,9th † ⊂,False,False,False,False,False,
US,37,1,Bernie & Carrigain,4,4th,False,False,False,False,False,
US,37,2,Bernie & Carrigain,8,8th,False,False,False,False,False,
US,37,3,Bernie & Carrigain,10,10th,False,False,False,False,False,
US,37,4,Bernie & Carrigain,10,10th †,False,False,False,False,False,
US,37,1,Courtney & Jasmin,6,6th,False,False,False,False,False,
US,37,2,Courtney & Jasmin,6,6th,False,False,False,False,False,
US,37,3,Courtney & Jasmin,11,11th †,False,False,False,False,False,
US,37,1,Ernest & Bridget,3,3rd,False,False,False,False,False,
US,37,2,Ernest & Bridget,12,12th †,False,False,False,False,False,
US,37,1,Mark & Larry,7,7th †,False,False,False,False,False,
US,37,1,Jackye & Lauren,7,7th †,False,False,False,False,False,
US,38,1,Jas & Jag,1,1st,False,False,False,False,False,
US,38,2,Jas & Jag,1,1st,False,False,False,False,False,
US,38,3,Jas & Jag,2,2nd,False,False,False,False,False,
US,38,4,Jas & Jag,5,5th,False,False,False,False,False,
US,38,5,Jas & Jag,3,3rd ⊃,False,False,False,False,False,
US,38,6,Jas & Jag,2,2nd,False,False,False,False,False,
US,38,7,Jas & Jag,2,2nd,False,False,False,False,False,
US,38,8,Jas & Jag,1,1st ε,False,False,False,False,False,
US,38,9,Jas & Jag,1,1st ⊂,False,False,False,False,False,
US,38,10,Jas & Jag,1,1st,False,False,False,False,False,
US,38,11,Jas & Jag,1,1st,False,False,False,False,False,
US,38,12,Jas & Jag,1,1st,False,False,False,False,False,
US,38,1,Kyland & Taylor,9,9th,False,False,False,False,False,
US,38,2,Kyland & Taylor,9,9th,False,False,False,False,False,
US,38,3,Kyland & Taylor,9,9th,False,False,False,False,False,
US,38,4,Kyland & Taylor,4,4th,False,False,False,False,False,
US,38,5,Kyland & Taylor,2,2nd,False,False,False,False,False,
US,38,6,Kyland & Taylor,3,3rd,False,False,False,False,False,
US,38,7,Kyland & Taylor,4,4th,False,False,False,False,False,
US,38,8,Kyland & Taylor,3,3rd ε,False,False,False,False,False,
US,38,9,Kyland & Taylor,5,5th ⊂,False,False,False,False,False,
US,38,10,Kyland & Taylor,4,4th,False,False,False,False,False,
US,38,11,Kyland & Taylor,2,2nd,False,False,False,False,False,
US,38,12,Kyland & Taylor,2,2nd,False,False,False,False,False,
US,38,1,Joseph & Adam,8,8th,False,False,False,False,False,
US,38,2,Joseph & Adam,2,2nd,False,False,False,False,False,
US,38,3,Joseph & Adam,4,4th,False,False,False,False,False,
US,38,4,Joseph & Adam,7,7th,False,False,False,False,False,
US,38,5,Joseph & Adam,4,4th ⊃,False,False,False,False,False,
US,38,6,Joseph & Adam,5,5th,False,False,False,False,False,
US,38,7,Joseph & Adam,3,3rd,False,False,False,False,False,
US,38,8,Joseph & Adam,6,6th ‡,False,False,False,False,False,
US,38,9,Joseph & Adam,3,3rd,False,False,False,False,False,
US,38,10,Joseph & Adam,3,3rd,False,False,False,False,False,
US,38,11,Joseph & Adam,3,3rd,False,False,False,False,False,
US,38,12,Joseph & Adam,3,3rd,False,False,False,False,False,
US,38,1,Izzy & Paige,3,3rd,False,False,False,False,False,
US,38,2,Izzy & Paige,6,6th,False,False,False,False,False,
US,38,3,Izzy & Paige,6,6th,False,False,False,False,False,
US,38,4,Izzy & Paige,3,3rd,False,False,False,False,False,
US,38,5,Izzy & Paige,7,7th ⊂,False,False,False,False,False,
US,38,6,Izzy & Paige,7,7th,False,False,False,False,False,
US,38,7,Izzy & Paige,6,6th,False,False,False,False,False,
US,38,8,Izzy & Paige,4,4th,False,False,False,False,False,
US,38,9,Izzy & Paige,4,4th,False,False,False,False,False,
US,38,10,Izzy & Paige,2,2nd,False,False,False,False,False,
US,38,11,Izzy & Paige,4,4th †,False,False,False,False,False,
US,38,1,Jack & Chelsie,6,6th,False,False,False,False,False,
US,38,2,Jack & Chelsie,7,7th,False,False,False,False,False,
US,38,3,Jack & Chelsie,8,8th,False,False,False,False,False,
US,38,4,Jack & Chelsie,9,9th,False,False,False,False,False,
US,38,5,Jack & Chelsie,6,6th,False,False,False,False,False,
US,38,6,Jack & Chelsie,6,6th,False,False,False,False,False,
US,38,7,Jack & Chelsie,5,5th,False,False,False,False,False,
US,38,8,Jack & Chelsie,5,5th,False,False,False,False,False,
US,38,9,Jack & Chelsie,2,2nd,False,False,False,False,False,
US,38,10,Jack & Chelsie,5,5th †,False,False,False,False,False,
US,38,1,Tucker & Eric,2,2nd,False,False,False,False,False,
US,38,2,Tucker & Eric,4,4th,False,False,False,False,False,
US,38,3,Tucker & Eric,3,3rd,False,False,False,False,False,
US,38,4,Tucker & Eric,1,1st ƒ,False,True,False,False,False,
US,38,5,Tucker & Eric,1,1st,False,False,False,False,False,
US,38,6,Tucker & Eric,1,1st,False,False,False,False,False,
US,38,7,Tucker & Eric,1,1st,False,False,False,False,False,
US,38,8,Tucker & Eric,2,2nd,False,False,False,False,False,
US,38,9,Tucker & Eric,6,6th † ⊂,False,False,False,False,False,
US,38,1,Natalie & Stephanie,5,5th,False,False,False,False,False,
US,38,2,Natalie & Stephanie,3,3rd,False,False,False,False,False,
US,38,3,Natalie & Stephanie,1,1st,False,False,False,False,False,
US,38,4,Natalie & Stephanie,2,2nd,False,False,False,False,False,
US,38,5,Natalie & Stephanie,5,5th,False,False,False,False,False,
US,38,6,Natalie & Stephanie,4,4th,False,False,False,False,False,
US,38,7,Natalie & Stephanie,7,7th †,False,False,False,False,False,
US,38,1,Kristine & Rubina,4,4th,False,False,False,False,False,
US,38,2,Kristine & Rubina,8,8th,False,False,False,False,False,
US,38,3,Kristine & Rubina,7,7th,False,False,False,False,False,
US,38,4,Kristine & Rubina,8,8th,False,False,False,False,False,
US,38,5,Kristine & Rubina,8,8th ⊂,False,False,False,False,False,
US,38,6,Kristine & Rubina,8,8th †,False,False,False,False,False,
US,38,1,Hannah & Simone,7,7th,False,False,False,False,False,
US,38,2,Hannah & Simone,5,5th,False,False,False,False,False,
US,38,3,Hannah & Simone,5,5th,False,False,False,False,False,
US,38,4,Hannah & Simone,6,6th,False,False,False,False,False,
US,38,5,Hannah & Simone,9,9th †,False,False,False,False,False,
US,38,1,Kat & Alex,11,11th,False,False,False,False,False,
US,38,2,Kat & Alex,10,10th,False,False,False,False,False,
US,38,3,Kat & Alex,10,10th,False,False,False,False,False,
US,38,4,Kat & Alex,10,10th †,False,False,False,False,False,
US,38,1,Megan & Matt,12,12th,False,False,False,False,False,
US,38,2,Megan & Matt,11,11th,False,False,False,False,False,
US,38,3,Megan & Matt,11,11th †,False,False,False,False,False,
US,38,1,Angela & Lexi,10,10th,False,False,False,False,False,
US,38,2,Angela & Lexi,12,12th †,False,False,False,False,False,
US,38,1,Jack & Enzo,13,13th †,False,False,False,False,False,
