{
  "type": "FeatureCollection",
  "name": "the_amazing_race_routes",
  "crs": {
    "type": "name",
    "properties": {
      "name": "urn:ogc:def:crs:OGC:1.3:CRS84"
    }
  },
  "features": [
    {
      "type": "Feature",
      "geometry": {
        "type": "Point",
        "coordinates": [
          116.0363,
          -8.3503
        ]
      },
      "properties": {
        "feature_type": "waypoint",
        "version": "AUS",
        "season": 1,
        "leg_number": 1,
        "city": "Gili Trawangan",
        "country": "IDN",
        "continent": "Asia",
        "route_header": "Australia → Indonesia",
        "itinerary_stops": 10,
        "tasks_count": 2
      }
    },
    {
      "type": "Feature",
      "geometry": {
        "type": "Point",
        "coordinates": [
          107.5863,
          16.4639
        ]
      },
      "properties": {
        "feature_type": "waypoint",
        "version": "AUS",
        "season": 1,
        "leg_number": 2,
        "city": "Huế",
        "country": "VNM",
        "continent": "Asia",
        "route_header": "Indonesia → Vietnam",
        "itinerary_stops": 10,
        "tasks_count": 3
      }
    },
    {
      "type": "Feature",
      "geometry": {
        "type": "Point",
        "coordinates": [
          113.54,
          22.19
        ]
      },
      "properties": {
        "feature_type": "waypoint",
        "version": "AUS",
        "season": 1,
        "leg_number": 3,
        "city": "Macau",
        "country": "MAC",
        "continent": "Asia",
        "route_header": "Vietnam → Hong Kong → Macau",
        "itinerary_stops": 8,
        "tasks_count": 4
      }
    },
    {
      "type": "Feature",
      "geometry": {
        "type": "Point",
        "coordinates": [
          25.6941,
          -33.5548
        ]
      },
      "properties": {
        "feature_type": "waypoint",
        "version": "AUS",
        "season": 1,
        "leg_number": 4,
        "city": "Addo",
        "country": "ZAF",
        "continent": "Africa",
        "route_header": "Macau → South Africa",
        "itinerary_stops": 8,
        "tasks_count": 3
      }
    },
    {
      "type": "Feature",
      "geometry": {
        "type": "Point",
        "coordinates": [
          18.4172,
          -33.9288
        ]
      },
      "properties": {
        "feature_type": "waypoint",
        "version": "AUS",
        "season": 1,
        "leg_number": 5,
        "city": "Cape Town",
        "country": "ZAF",
        "continent": "Africa",
        "route_header": "South Africa",
        "itinerary_stops": 10,
        "tasks_count": 3
      }
    },
    {
      "type": "Feature",
      "geometry": {
        "type": "Point",
        "coordinates": [
          14.4214,
          50.0875
        ]
      },
      "properties": {
        "feature_type": "waypoint",
        "version": "AUS",
        "season": 1,
        "leg_number": 6,
        "city": "Prague",
        "country": "CZE",
        "continent": "Europe",
        "route_header": "South Africa → Netherlands → Czech Republic",
        "itinerary_stops": 9,
        "tasks_count": 2
      }
    },
    {
      "type": "Feature",
      "geometry": {
        "type": "Point",
        "coordinates": [
          15.2681,
          49.9487
        ]
      },
      "properties": {
        "feature_type": "waypoint",
        "version": "AUS",
        "season": 1,
        "leg_number": 7,
        "city": "Kutná Hora",
        "country": "CZE",
        "continent": "Europe",
        "route_header": "Czech Republic",
        "itinerary_stops": 7,
        "tasks_count": 3
      }
    },
    {
      "type": "Feature",
      "geometry": {
        "type": "Point",
        "coordinates": [
          20.2998,
          49.4075
        ]
      },
      "properties": {
        "feature_type": "waypoint",
        "version": "AUS",
        "season": 1,
        "leg_number": 8,
        "city": "Niedzica",
        "country": "POL",
        "continent": "Europe",
        "route_header": "Czech Republic → Poland",
        "itinerary_stops": 6,
        "tasks_count": 4
      }
    },
    {
      "type": "Feature",
      "geometry": {
        "type": "Point",
        "coordinates": [
          114.2252,
          22.2193
        ]
      },
      "properties": {
        "feature_type": "waypoint",
        "version": "AUS",
        "season": 1,
        "leg_number": 9,
        "city": "Southern District",
        "country": "ISR",
        "continent": "Asia",
        "route_header": "Poland → Israel",
        "itinerary_stops": 8,
        "tasks_count": 5
      }
    },
    {
      "type": "Feature",
      "geometry": {
        "type": "Point",
        "coordinates": [
          35.2258,
          31.7788
        ]
      },
      "properties": {
        "feature_type": "waypoint",
        "version": "AUS",
        "season": 1,
        "leg_number": 10,
        "city": "Jerusalem",
        "country": "ISR",
        "continent": "Asia",
        "route_header": "Israel",
        "itinerary_stops": 8,
        "tasks_count": 4
      }
    },
    {
      "type": "Feature",
      "geometry": {
        "type": "Point",
        "coordinates": [
          79.8428,
          6.9344
        ]
      },
      "properties": {
        "feature_type": "waypoint",
        "version": "AUS",
        "season": 1,
        "leg_number": 11,
        "city": "Colombo",
        "country": "LKA",
        "continent": "Asia",
        "route_header": "Israel → Sri Lanka",
        "itinerary_stops": 9,
        "tasks_count": 3
      }
    },
    {
      "type": "Feature",
      "geometry": {
        "type": "Point",
        "coordinates": [
          115.8606,
          -31.9559
        ]
      },
      "properties": {
        "feature_type": "waypoint",
        "version": "AUS",
        "season": 1,
        "leg_number": 12,
        "city": "Perth",
        "country": "AUS",
        "continent": "Oceania",
        "route_header": "Sri Lanka → Singapore → Australia",
        "itinerary_stops": 13,
        "tasks_count": 3
      }
    },
    {
      "type": "Feature",
      "geometry": {
        "type": "LineString",
        "coordinates": [
          [
            116.0363,
            -8.3503
          ],
          [
            107.5863,
            16.4639
          ],
          [
            113.54,
            22.19
          ],
          [
            25.6941,
            -33.5548
          ],
          [
            18.4172,
            -33.9288
          ],
          [
            14.4214,
            50.0875
          ],
          [
            15.2681,
            49.9487
          ],
          [
            20.2998,
            49.4075
          ],
          [
            114.2252,
            22.2193
          ],
          [
            35.2258,
            31.7788
          ],
          [
            79.8428,
            6.9344
          ],
          [
            115.8606,
            -31.9559
          ]
        ]
      },
      "properties": {
        "feature_type": "route",
        "version": "AUS",
        "season": 1,
        "n_legs": 12,
        "destinations": [
          "Gili Trawangan",
          "Huế",
          "Macau",
          "Addo",
          "Cape Town",
          "Prague",
          "Kutná Hora",
          "Niedzica",
          "Southern District",
          "Jerusalem",
          "Colombo",
          "Perth"
        ],
        "countries": [
          "IDN",
          "VNM",
          "MAC",
          "ZAF",
          "CZE",
          "POL",
          "ISR",
          "LKA",
          "AUS"
        ],
        "continents": [
          "Asia",
          "Africa",
          "Europe",
          "Oceania"
        ],
        "route_summary": "Gili Trawangan (IDN) → Huế (VNM) → Macau (MAC) → Addo (ZAF) → Cape Town (ZAF) → Prague (CZE) → Kutná Hora (CZE) → Niedzica (POL) → Southern District (ISR) → Jerusalem (ISR) → Colombo (LKA) → Perth (AUS)",
        "distance_miles": 31000.0,
        "distance_km": 50000.0,
        "winners": "Tyler Atkins & Nathan Jolliffe"
      }
    },
    {
      "type": "Feature",
      "geometry": {
        "type": "Point",
        "coordinates": [
          123.7917,
          13.2925
        ]
      },
      "properties": {
        "feature_type": "waypoint",
        "version": "AUS",
        "season": 2,
        "leg_number": 1,
        "city": "Bacacay",
        "country": "PHL",
        "continent": "Asia",
        "route_header": "Australia → Philippines",
        "itinerary_stops": 8,
        "tasks_count": 2
      }
    },
    {
      "type": "Feature",
      "geometry": {
        "type": "Point",
        "coordinates": [
          77.23,
          28.61
        ]
      },
      "properties": {
        "feature_type": "waypoint",
        "version": "AUS",
        "season": 2,
        "leg_number": 2,
        "city": "Delhi",
        "country": "IND",
        "continent": "Asia",
        "route_header": "Philippines → India",
        "itinerary_stops": 9,
        "tasks_count": 3
      }
    },
    {
      "type": "Feature",
      "geometry": {
        "type": "Point",
        "coordinates": [
          75.82,
          26.915
        ]
      },
      "properties": {
        "feature_type": "waypoint",
        "version": "AUS",
        "season": 2,
        "leg_number": 3,
        "city": "Jaipur",
        "country": "IND",
        "continent": "Asia",
        "route_header": "India",
        "itinerary_stops": 6,
        "tasks_count": 4
      }
    },
    {
      "type": "Feature",
      "geometry": {
        "type": "Point",
        "coordinates": [
          55.1886,
          25.0743
        ]
      },
      "properties": {
        "feature_type": "waypoint",
        "version": "AUS",
        "season": 2,
        "leg_number": 4,
        "city": "Dubai",
        "country": "ARE",
        "continent": "Asia",
        "route_header": "India → United Arab Emirates",
        "itinerary_stops": 8,
        "tasks_count": 4
      }
    },
    {
      "type": "Feature",
      "geometry": {
        "type": "Point",
        "coordinates": [
          28.9759,
          41.0064
        ]
      },
      "properties": {
        "feature_type": "waypoint",
        "version": "AUS",
        "season": 2,
        "leg_number": 5,
        "city": "Istanbul",
        "country": "TUR",
        "continent": "Europe",
        "route_header": "United Arab Emirates → Turkey",
        "itinerary_stops": 9,
        "tasks_count": 3
      }
    },
    {
      "type": "Feature",
      "geometry": {
        "type": "Point",
        "coordinates": [
          28.9759,
          41.0064
        ]
      },
      "properties": {
        "feature_type": "waypoint",
        "version": "AUS",
        "season": 2,
        "leg_number": 6,
        "city": "Istanbul",
        "country": "TUR",
        "continent": "Europe",
        "route_header": "Turkey",
        "itinerary_stops": 7,
        "tasks_count": 4
      }
    },
    {
      "type": "Feature",
      "geometry": {
        "type": "Point",
        "coordinates": [
          -82.3589,
          23.1367
        ]
      },
      "properties": {
        "feature_type": "waypoint",
        "version": "AUS",
        "season": 2,
        "leg_number": 7,
        "city": "Havana",
        "country": "CUB",
        "continent": "North America",
        "route_header": "Turkey → France → Cuba",
        "itinerary_stops": 10,
        "tasks_count": 3
      }
    },
    {
      "type": "Feature",
      "geometry": {
        "type": "Point",
        "coordinates": [
          151.2093,
          -33.8688
        ]
      },
      "properties": {
        "feature_type": "waypoint",
        "version": "AUS",
        "season": 2,
        "leg_number": 8,
        "city": "Sydney",
        "country": "CUB",
        "continent": "North America",
        "route_header": "Cuba",
        "itinerary_stops": 4,
        "tasks_count": 4
      }
    },
    {
      "type": "Feature",
      "geometry": {
        "type": "Point",
        "coordinates": [
          -123.114,
          49.2609
        ]
      },
      "properties": {
        "feature_type": "waypoint",
        "version": "AUS",
        "season": 2,
        "leg_number": 9,
        "city": "Vancouver",
        "country": "CAN",
        "continent": "North America",
        "route_header": "Cuba → Canada",
        "itinerary_stops": 8,
        "tasks_count": 4
      }
    },
    {
      "type": "Feature",
      "geometry": {
        "type": "Point",
        "coordinates": [
          -115.5736,
          51.1778
        ]
      },
      "properties": {
        "feature_type": "waypoint",
        "version": "AUS",
        "season": 2,
        "leg_number": 10,
        "city": "Banff",
        "country": "CAN",
        "continent": "North America",
        "route_header": "Canada",
        "itinerary_stops": 8,
        "tasks_count": 6
      }
    },
    {
      "type": "Feature",
      "geometry": {
        "type": "Point",
        "coordinates": [
          116.3913,
          39.9057
        ]
      },
      "properties": {
        "feature_type": "waypoint",
        "version": "AUS",
        "season": 2,
        "leg_number": 11,
        "city": "Beijing",
        "country": "CHN",
        "continent": "Asia",
        "route_header": "Canada → China",
        "itinerary_stops": 9,
        "tasks_count": 4
      }
    },
    {
      "type": "Feature",
      "geometry": {
        "type": "Point",
        "coordinates": [
          153.15,
          -25.24
        ]
      },
      "properties": {
        "feature_type": "waypoint",
        "version": "AUS",
        "season": 2,
        "leg_number": 12,
        "city": "Fraser Island",
        "country": "AUS",
        "continent": "Oceania",
        "route_header": "China → Australia",
        "itinerary_stops": 11,
        "tasks_count": 4
      }
    },
    {
      "type": "Feature",
      "geometry": {
        "type": "LineString",
        "coordinates": [
          [
            123.7917,
            13.2925
          ],
          [
            77.23,
            28.61
          ],
          [
            75.82,
            26.915
          ],
          [
            55.1886,
            25.0743
          ],
          [
            28.9759,
            41.0064
          ],
          [
            28.9759,
            41.0064
          ],
          [
            -82.3589,
            23.1367
          ],
          [
            151.2093,
            -33.8688
          ],
          [
            -123.114,
            49.2609
          ],
          [
            -115.5736,
            51.1778
          ],
          [
            116.3913,
            39.9057
          ],
          [
            153.15,
            -25.24
          ]
        ]
      },
      "properties": {
        "feature_type": "route",
        "version": "AUS",
        "season": 2,
        "n_legs": 12,
        "destinations": [
          "Bacacay",
          "Delhi",
          "Jaipur",
          "Dubai",
          "Istanbul",
          "Istanbul",
          "Havana",
          "Sydney",
          "Vancouver",
          "Banff",
          "Beijing",
          "Fraser Island"
        ],
        "countries": [
          "PHL",
          "IND",
          "ARE",
          "TUR",
          "CUB",
          "CAN",
          "CHN",
          "AUS"
        ],
        "continents": [
          "Asia",
          "Europe",
          "North America",
          "Oceania"
        ],
        "route_summary": "Bacacay (PHL) → Delhi (IND) → Jaipur (IND) → Dubai (ARE) → Istanbul (TUR) → Istanbul (TUR) → Havana (CUB) → Sydney (CUB) → Vancouver (CAN) → Banff (CAN) → Beijing (CHN) → Fraser Island (AUS)",
        "distance_miles": 40000.0,
        "distance_km": 65000.0,
        "winners": "Shane Haw & Andrew Thoday"
      }
    },
    {
      "type": "Feature",
      "geometry": {
        "type": "Point",
        "coordinates": [
          170.8967,
          -43.6407
        ]
      },
      "properties": {
        "feature_type": "waypoint",
        "version": "AUS",
        "season": 3,
        "leg_number": 1,
        "city": "Mesopotamia",
        "country": "NZL",
        "continent": "Oceania",
        "route_header": "Australia → New Zealand",
        "itinerary_stops": 7,
        "tasks_count": 1
      }
    },
    {
      "type": "Feature",
      "geometry": {
        "type": "Point",
        "coordinates": [
          103.859,
          13.3618
        ]
      },
      "properties": {
        "feature_type": "waypoint",
        "version": "AUS",
        "season": 3,
        "leg_number": 2,
        "city": "Siem Reap",
        "country": "KHM",
        "continent": "Asia",
        "route_header": "New Zealand → Cambodia",
        "itinerary_stops": 9,
        "tasks_count": 4
      }
    },
    {
      "type": "Feature",
      "geometry": {
        "type": "Point",
        "coordinates": [
          98.765,
          7.6789
        ]
      },
      "properties": {
        "feature_type": "waypoint",
        "version": "AUS",
        "season": 3,
        "leg_number": 3,
        "city": "Hat Noppharat Thara–Mu Ko Phi Phi National Park",
        "country": "THA",
        "continent": "Asia",
        "route_header": "Cambodia → Thailand",
        "itinerary_stops": 11,
        "tasks_count": 3
      }
    },
    {
      "type": "Feature",
      "geometry": {
        "type": "Point",
        "coordinates": [
          17.0,
          -22.8
        ]
      },
      "properties": {
        "feature_type": "waypoint",
        "version": "AUS",
        "season": 3,
        "leg_number": 4,
        "city": "Khomas Region",
        "country": "NAM",
        "continent": "Africa",
        "route_header": "Thailand → Namibia",
        "itinerary_stops": 7,
        "tasks_count": 4
      }
    },
    {
      "type": "Feature",
      "geometry": {
        "type": "Point",
        "coordinates": [
          30.1587,
          59.9607
        ]
      },
      "properties": {
        "feature_type": "waypoint",
        "version": "AUS",
        "season": 3,
        "leg_number": 5,
        "city": "Saint Petersburg",
        "country": "RUS",
        "continent": "Europe",
        "route_header": "Namibia → Russia",
        "itinerary_stops": 8,
        "tasks_count": 2
      }
    },
    {
      "type": "Feature",
      "geometry": {
        "type": "Point",
        "coordinates": [
          40.9269,
          57.7681
        ]
      },
      "properties": {
        "feature_type": "waypoint",
        "version": "AUS",
        "season": 3,
        "leg_number": 6,
        "city": "Kostroma",
        "country": "RUS",
        "continent": "Europe",
        "route_header": "Russia",
        "itinerary_stops": 7,
        "tasks_count": 2
      }
    },
    {
      "type": "Feature",
      "geometry": {
        "type": "Point",
        "coordinates": [
          -9.3522,
          38.8355
        ]
      },
      "properties": {
        "feature_type": "waypoint",
        "version": "AUS",
        "season": 3,
        "leg_number": 7,
        "city": "Sintra",
        "country": "PRT",
        "continent": "Europe",
        "route_header": "Russia → Portugal",
        "itinerary_stops": 10,
        "tasks_count": 3
      }
    },
    {
      "type": "Feature",
      "geometry": {
        "type": "Point",
        "coordinates": [
          18.1083,
          42.6403
        ]
      },
      "properties": {
        "feature_type": "waypoint",
        "version": "AUS",
        "season": 3,
        "leg_number": 8,
        "city": "Dubrovnik",
        "country": "HRV",
        "continent": "Europe",
        "route_header": "Portugal → Croatia",
        "itinerary_stops": 10,
        "tasks_count": 6
      }
    },
    {
      "type": "Feature",
      "geometry": {
        "type": "Point",
        "coordinates": [
          -58.5797,
          -34.4251
        ]
      },
      "properties": {
        "feature_type": "waypoint",
        "version": "AUS",
        "season": 3,
        "leg_number": 9,
        "city": "Tigre",
        "country": "ARG",
        "continent": "South America",
        "route_header": "Croatia → Argentina",
        "itinerary_stops": 6,
        "tasks_count": 4
      }
    },
    {
      "type": "Feature",
      "geometry": {
        "type": "Point",
        "coordinates": [
          103.852,
          1.2903
        ]
      },
      "properties": {
        "feature_type": "waypoint",
        "version": "AUS",
        "season": 3,
        "leg_number": 10,
        "city": "Singapore",
        "country": "AUS",
        "continent": "Oceania",
        "route_header": "Argentina → United States → Australia",
        "itinerary_stops": 12,
        "tasks_count": 1
      }
    },
    {
      "type": "Feature",
      "geometry": {
        "type": "LineString",
        "coordinates": [
          [
            170.8967,
            -43.6407
          ],
          [
            103.859,
            13.3618
          ],
          [
            98.765,
            7.6789
          ],
          [
            17.0,
            -22.8
          ],
          [
            30.1587,
            59.9607
          ],
          [
            40.9269,
            57.7681
          ],
          [
            -9.3522,
            38.8355
          ],
          [
            18.1083,
            42.6403
          ],
          [
            -58.5797,
            -34.4251
          ],
          [
            103.852,
            1.2903
          ]
        ]
      },
      "properties": {
        "feature_type": "route",
        "version": "AUS",
        "season": 3,
        "n_legs": 10,
        "destinations": [
          "Mesopotamia",
          "Siem Reap",
          "Hat Noppharat Thara–Mu Ko Phi Phi National Park",
          "Khomas Region",
          "Saint Petersburg",
          "Kostroma",
          "Sintra",
          "Dubrovnik",
          "Tigre",
          "Singapore"
        ],
        "countries": [
          "NZL",
          "KHM",
          "THA",
          "NAM",
          "RUS",
          "PRT",
          "HRV",
          "ARG",
          "AUS"
        ],
        "continents": [
          "Oceania",
          "Asia",
          "Africa",
          "Europe",
          "South America"
        ],
        "route_summary": "Mesopotamia (NZL) → Siem Reap (KHM) → Hat Noppharat Thara–Mu Ko Phi Phi National Park (THA) → Khomas Region (NAM) → Saint Petersburg (RUS) → Kostroma (RUS) → Sintra (PRT) → Dubrovnik (HRV) → Tigre (ARG) → Singapore (AUS)",
        "distance_miles": 56000.0,
        "distance_km": 90000.0,
        "winners": "Daniel Little & Ryan Thomas"
      }
    },
    {
      "type": "Feature",
      "geometry": {
        "type": "Point",
        "coordinates": [
          126.9783,
          37.5667
        ]
      },
      "properties": {
        "feature_type": "waypoint",
        "version": "AUS",
        "season": 4,
        "leg_number": 1,
        "city": "Seoul",
        "country": "KOR",
        "continent": "Asia",
        "route_header": "South Korea",
        "itinerary_stops": 6,
        "tasks_count": 4
      }
    },
    {
      "type": "Feature",
      "geometry": {
        "type": "Point",
        "coordinates": [
          127.2175,
          38.2092
        ]
      },
      "properties": {
        "feature_type": "waypoint",
        "version": "AUS",
        "season": 4,
        "leg_number": 2,
        "city": "Cheorwon",
        "country": "KOR",
        "continent": "Asia",
        "route_header": "South Korea",
        "itinerary_stops": 5,
        "tasks_count": 2
      }
    },
    {
      "type": "Feature",
      "geometry": {
        "type": "Point",
        "coordinates": [
          105.9565,
          20.2498
        ]
      },
      "properties": {
        "feature_type": "waypoint",
        "version": "AUS",
        "season": 4,
        "leg_number": 3,
        "city": "Hoa Lư",
        "country": "VNM",
        "continent": "Asia",
        "route_header": "South Korea → Vietnam",
        "itinerary_stops": 10,
        "tasks_count": 4
      }
    },
    {
      "type": "Feature",
      "geometry": {
        "type": "Point",
        "coordinates": [
          105.8653,
          20.3347
        ]
      },
      "properties": {
        "feature_type": "waypoint",
        "version": "AUS",
        "season": 4,
        "leg_number": 4,
        "city": "Gia Viễn",
        "country": "VNM",
        "continent": "Asia",
        "route_header": "Vietnam",
        "itinerary_stops": 5,
        "tasks_count": 4
      }
    },
    {
      "type": "Feature",
      "geometry": {
        "type": "Point",
        "coordinates": [
          95.5,
          45.5
        ]
      },
      "properties": {
        "feature_type": "waypoint",
        "version": "AUS",
        "season": 4,
        "leg_number": 5,
        "city": "Govi-Altai",
        "country": "MNG",
        "continent": "Asia",
        "route_header": "Vietnam → Mongolia",
        "itinerary_stops": 7,
        "tasks_count": 2
      }
    },
    {
      "type": "Feature",
      "geometry": {
        "type": "Point",
        "coordinates": [
          106.9153,
          47.9219
        ]
      },
      "properties": {
        "feature_type": "waypoint",
        "version": "AUS",
        "season": 4,
        "leg_number": 6,
        "city": "Ulaanbaatar",
        "country": "MNG",
        "continent": "Asia",
        "route_header": "Mongolia",
        "itinerary_stops": 4,
        "tasks_count": 3
      }
    },
    {
      "type": "Feature",
      "geometry": {
        "type": "Point",
        "coordinates": [
          25.8333,
          -17.8667
        ]
      },
      "properties": {
        "feature_type": "waypoint",
        "version": "AUS",
        "season": 4,
        "leg_number": 7,
        "city": "Mosi-oa-Tunya National Park",
        "country": "ZMB",
        "continent": "Africa",
        "route_header": "Mongolia → Zimbabwe → Zambia",
        "itinerary_stops": 8,
        "tasks_count": 3
      }
    },
    {
      "type": "Feature",
      "geometry": {
        "type": "Point",
        "coordinates": [
          25.8567,
          -17.9244
        ]
      },
      "properties": {
        "feature_type": "waypoint",
        "version": "AUS",
        "season": 4,
        "leg_number": 8,
        "city": "Victoria Falls",
        "country": "ZWE",
        "continent": "Africa",
        "route_header": "Zimbabwe",
        "itinerary_stops": 5,
        "tasks_count": 5
      }
    },
    {
      "type": "Feature",
      "geometry": {
        "type": "Point",
        "coordinates": [
          34.0,
          -13.3667
        ]
      },
      "properties": {
        "feature_type": "waypoint",
        "version": "AUS",
        "season": 4,
        "leg_number": 9,
        "city": "Mphere",
        "country": "MWI",
        "continent": "Africa",
        "route_header": "Zambia → Malawi",
        "itinerary_stops": 8,
        "tasks_count": 2
      }
    },
    {
      "type": "Feature",
      "geometry": {
        "type": "Point",
        "coordinates": [
          33.7681,
          -13.9864
        ]
      },
      "properties": {
        "feature_type": "waypoint",
        "version": "AUS",
        "season": 4,
        "leg_number": 10,
        "city": "Lilongwe",
        "country": "MWI",
        "continent": "Africa",
        "route_header": "Malawi",
        "itinerary_stops": 6,
        "tasks_count": 3
      }
    },
    {
      "type": "Feature",
      "geometry": {
        "type": "Point",
        "coordinates": [
          100.4942,
          13.7525
        ]
      },
      "properties": {
        "feature_type": "waypoint",
        "version": "AUS",
        "season": 4,
        "leg_number": 11,
        "city": "Bangkok",
        "country": "THA",
        "continent": "Asia",
        "route_header": "Malawi → Thailand",
        "itinerary_stops": 8,
        "tasks_count": 3
      }
    },
    {
      "type": "Feature",
      "geometry": {
        "type": "Point",
        "coordinates": [
          132.4167,
          -14.3167
        ]
      },
      "properties": {
        "feature_type": "waypoint",
        "version": "AUS",
        "season": 4,
        "leg_number": 12,
        "city": "Nitmiluk National Park",
        "country": "AUS",
        "continent": "Oceania",
        "route_header": "Thailand → Australia",
        "itinerary_stops": 6,
        "tasks_count": 2
      }
    },
    {
      "type": "Feature",
      "geometry": {
        "type": "LineString",
        "coordinates": [
          [
            126.9783,
            37.5667
          ],
          [
            127.2175,
            38.2092
          ],
          [
            105.9565,
            20.2498
          ],
          [
            105.8653,
            20.3347
          ],
          [
            95.5,
            45.5
          ],
          [
            106.9153,
            47.9219
          ],
          [
            25.8333,
            -17.8667
          ],
          [
            25.8567,
            -17.9244
          ],
          [
            34.0,
            -13.3667
          ],
          [
            33.7681,
            -13.9864
          ],
          [
            100.4942,
            13.7525
          ],
          [
            132.4167,
            -14.3167
          ]
        ]
      },
      "properties": {
        "feature_type": "route",
        "version": "AUS",
        "season": 4,
        "n_legs": 12,
        "destinations": [
          "Seoul",
          "Cheorwon",
          "Hoa Lư",
          "Gia Viễn",
          "Govi-Altai",
          "Ulaanbaatar",
          "Mosi-oa-Tunya National Park",
          "Victoria Falls",
          "Mphere",
          "Lilongwe",
          "Bangkok",
          "Nitmiluk National Park"
        ],
        "countries": [
          "KOR",
          "VNM",
          "MNG",
          "ZMB",
          "ZWE",
          "MWI",
          "THA",
          "AUS"
        ],
        "continents": [
          "Asia",
          "Africa",
          "Oceania"
        ],
        "route_summary": "Seoul (KOR) → Cheorwon (KOR) → Hoa Lư (VNM) → Gia Viễn (VNM) → Govi-Altai (MNG) → Ulaanbaatar (MNG) → Mosi-oa-Tunya National Park (ZMB) → Victoria Falls (ZWE) → Mphere (MWI) → Lilongwe (MWI) → Bangkok (THA) → Nitmiluk National Park (AUS)",
        "distance_miles": 28000.0,
        "distance_km": 45000.0,
        "winners": "Tim & Rod Sattler-Jones"
      }
    },
    {
      "type": "Feature",
      "geometry": {
        "type": "Point",
        "coordinates": [
          145.3736,
          -16.4604
        ]
      },
      "properties": {
        "feature_type": "waypoint",
        "version": "AUS",
        "season": 5,
        "leg_number": 1,
        "city": "Mossman",
        "country": "AUS",
        "continent": "Oceania",
        "route_header": "Queensland",
        "itinerary_stops": 6,
        "tasks_count": 2
      }
    },
    {
      "type": "Feature",
      "geometry": {
        "type": "Point",
        "coordinates": [
          153.3344,
          -27.9983
        ]
      },
      "properties": {
        "feature_type": "waypoint",
        "version": "AUS",
        "season": 5,
        "leg_number": 2,
        "city": "Gold Coast",
        "country": "AUS",
        "continent": "Oceania",
        "route_header": "Queensland",
        "itinerary_stops": 8,
        "tasks_count": 3
      }
    },
    {
      "type": "Feature",
      "geometry": {
        "type": "Point",
        "coordinates": [
          144.2781,
          -23.4314
        ]
      },
      "properties": {
        "feature_type": "waypoint",
        "version": "AUS",
        "season": 5,
        "leg_number": 3,
        "city": "Longreach",
        "country": "AUS",
        "continent": "Oceania",
        "route_header": "Queensland",
        "itinerary_stops": 7,
        "tasks_count": 2
      }
    },
    {
      "type": "Feature",
      "geometry": {
        "type": "Point",
        "coordinates": [
          146.5483,
          -18.7063
        ]
      },
      "properties": {
        "feature_type": "waypoint",
        "version": "AUS",
        "season": 5,
        "leg_number": 4,
        "city": "Palm Island",
        "country": "AUS",
        "continent": "Oceania",
        "route_header": "Queensland",
        "itinerary_stops": 10,
        "tasks_count": 3
      }
    },
    {
      "type": "Feature",
      "geometry": {
        "type": "Point",
        "coordinates": [
          146.838,
          -19.18
        ]
      },
      "properties": {
        "feature_type": "waypoint",
        "version": "AUS",
        "season": 5,
        "leg_number": 5,
        "city": "Picnic Bay",
        "country": "AUS",
        "continent": "Oceania",
        "route_header": "Queensland",
        "itinerary_stops": 10,
        "tasks_count": 4
      }
    },
    {
      "type": "Feature",
      "geometry": {
        "type": "Point",
        "coordinates": [
          145.9733,
          -16.76
        ]
      },
      "properties": {
        "feature_type": "waypoint",
        "version": "AUS",
        "season": 5,
        "leg_number": 6,
        "city": "Green Island",
        "country": "AUS",
        "continent": "Oceania",
        "route_header": "Queensland",
        "itinerary_stops": 8,
        "tasks_count": 3
      }
    },
    {
      "type": "Feature",
      "geometry": {
        "type": "Point",
        "coordinates": [
          130.8411,
          -12.4381
        ]
      },
      "properties": {
        "feature_type": "waypoint",
        "version": "AUS",
        "season": 5,
        "leg_number": 7,
        "city": "Darwin",
        "country": "AUS",
        "continent": "Oceania",
        "route_header": "Queensland → Northern Territory",
        "itinerary_stops": 6,
        "tasks_count": 3
      }
    },
    {
      "type": "Feature",
      "geometry": {
        "type": "Point",
        "coordinates": [
          131.3,
          -12.58
        ]
      },
      "properties": {
        "feature_type": "waypoint",
        "version": "AUS",
        "season": 5,
        "leg_number": 8,
        "city": "Middle Point",
        "country": "AUS",
        "continent": "Oceania",
        "route_header": "Northern Territory",
        "itinerary_stops": 7,
        "tasks_count": 2
      }
    },
    {
      "type": "Feature",
      "geometry": {
        "type": "Point",
        "coordinates": [
          133.87,
          -23.7
        ]
      },
      "properties": {
        "feature_type": "waypoint",
        "version": "AUS",
        "season": 5,
        "leg_number": 9,
        "city": "Alice Springs",
        "country": "AUS",
        "continent": "Oceania",
        "route_header": "Northern Territory",
        "itinerary_stops": 11,
        "tasks_count": 4
      }
    },
    {
      "type": "Feature",
      "geometry": {
        "type": "Point",
        "coordinates": [
          134.7556,
          -29.0111
        ]
      },
      "properties": {
        "feature_type": "waypoint",
        "version": "AUS",
        "season": 5,
        "leg_number": 10,
        "city": "Coober Pedy",
        "country": "AUS",
        "continent": "Oceania",
        "route_header": "Northern Territory → South Australia",
        "itinerary_stops": 6,
        "tasks_count": 4
      }
    },
    {
      "type": "Feature",
      "geometry": {
        "type": "Point",
        "coordinates": [
          138.6,
          -34.9275
        ]
      },
      "properties": {
        "feature_type": "waypoint",
        "version": "AUS",
        "season": 5,
        "leg_number": 11,
        "city": "Adelaide",
        "country": "AUS",
        "continent": "Oceania",
        "route_header": "South Australia",
        "itinerary_stops": 6,
        "tasks_count": 2
      }
    },
    {
      "type": "Feature",
      "geometry": {
        "type": "Point",
        "coordinates": [
          135.8716,
          -34.8657
        ]
      },
      "properties": {
        "feature_type": "waypoint",
        "version": "AUS",
        "season": 5,
        "leg_number": 12,
        "city": "Lincoln National Park",
        "country": "AUS",
        "continent": "Oceania",
        "route_header": "South Australia",
        "itinerary_stops": 8,
        "tasks_count": 1
      }
    },
    {
      "type": "Feature",
      "geometry": {
        "type": "Point",
        "coordinates": [
          146.1572,
          -18.6508
        ]
      },
      "properties": {
        "feature_type": "waypoint",
        "version": "AUS",
        "season": 5,
        "leg_number": 13,
        "city": "Ingham",
        "country": "AUS",
        "continent": "Oceania",
        "route_header": "South Australia → Queensland",
        "itinerary_stops": 8,
        "tasks_count": 5
      }
    },
    {
      "type": "Feature",
      "geometry": {
        "type": "Point",
        "coordinates": [
          152.8513,
          -26.758
        ]
      },
      "properties": {
        "feature_type": "waypoint",
        "version": "AUS",
        "season": 5,
        "leg_number": 14,
        "city": "Maleny",
        "country": "AUS",
        "continent": "Oceania",
        "route_header": "Queensland",
        "itinerary_stops": 6,
        "tasks_count": 3
      }
    },
    {
      "type": "Feature",
      "geometry": {
        "type": "Point",
        "coordinates": [
          153.0281,
          -27.4678
        ]
      },
      "properties": {
        "feature_type": "waypoint",
        "version": "AUS",
        "season": 5,
        "leg_number": 15,
        "city": "Brisbane",
        "country": "AUS",
        "continent": "Oceania",
        "route_header": "Queensland",
        "itinerary_stops": 7,
        "tasks_count": 1
      }
    },
    {
      "type": "Feature",
      "geometry": {
        "type": "Point",
        "coordinates": [
          147.325,
          -42.8806
        ]
      },
      "properties": {
        "feature_type": "waypoint",
        "version": "AUS",
        "season": 5,
        "leg_number": 16,
        "city": "Hobart",
        "country": "AUS",
        "continent": "Oceania",
        "route_header": "Queensland → Tasmania",
        "itinerary_stops": 7,
        "tasks_count": 4
      }
    },
    {
      "type": "Feature",
      "geometry": {
        "type": "Point",
        "coordinates": [
          167.95,
          -29.0333
        ]
      },
      "properties": {
        "feature_type": "waypoint",
        "version": "AUS",
        "season": 5,
        "leg_number": 17,
        "city": "New Norfolk",
        "country": "AUS",
        "continent": "Oceania",
        "route_header": "Tasmania",
        "itinerary_stops": 6,
        "tasks_count": 2
      }
    },
    {
      "type": "Feature",
      "geometry": {
        "type": "Point",
        "coordinates": [
          147.145,
          -41.4419
        ]
      },
      "properties": {
        "feature_type": "waypoint",
        "version": "AUS",
        "season": 5,
        "leg_number": 18,
        "city": "West Launceston",
        "country": "AUS",
        "continent": "Oceania",
        "route_header": "Tasmania",
        "itinerary_stops": 6,
        "tasks_count": 4
      }
    },
    {
      "type": "Feature",
      "geometry": {
        "type": "Point",
        "coordinates": [
          151.2844,
          -32.7983
        ]
      },
      "properties": {
        "feature_type": "waypoint",
        "version": "AUS",
        "season": 5,
        "leg_number": 19,
        "city": "Pokolbin",
        "country": "AUS",
        "continent": "Oceania",
        "route_header": "Tasmania → New South Wales",
        "itinerary_stops": 9,
        "tasks_count": 2
      }
    },
    {
      "type": "Feature",
      "geometry": {
        "type": "Point",
        "coordinates": [
          150.3333,
          -33.7167
        ]
      },
      "properties": {
        "feature_type": "waypoint",
        "version": "AUS",
        "season": 5,
        "leg_number": 20,
        "city": "Leura",
        "country": "AUS",
        "continent": "Oceania",
        "route_header": "New South Wales",
        "itinerary_stops": 7,
        "tasks_count": 5
      }
    },
    {
      "type": "Feature",
      "geometry": {
        "type": "Point",
        "coordinates": [
          148.9111,
          -31.4389
        ]
      },
      "properties": {
        "feature_type": "waypoint",
        "version": "AUS",
        "season": 5,
        "leg_number": 21,
        "city": "Tooraweenah",
        "country": "AUS",
        "continent": "Oceania",
        "route_header": "New South Wales",
        "itinerary_stops": 6,
        "tasks_count": 4
      }
    },
    {
      "type": "Feature",
      "geometry": {
        "type": "Point",
        "coordinates": [
          141.2333,
          -31.8667
        ]
      },
      "properties": {
        "feature_type": "waypoint",
        "version": "AUS",
        "season": 5,
        "leg_number": 22,
        "city": "Silverton",
        "country": "AUS",
        "continent": "Oceania",
        "route_header": "New South Wales",
        "itinerary_stops": 9,
        "tasks_count": 2
      }
    },
    {
      "type": "Feature",
      "geometry": {
        "type": "Point",
        "coordinates": [
          151.2093,
          -33.8688
        ]
      },
      "properties": {
        "feature_type": "waypoint",
        "version": "AUS",
        "season": 5,
        "leg_number": 23,
        "city": "Sydney",
        "country": "AUS",
        "continent": "Oceania",
        "route_header": "New South Wales",
        "itinerary_stops": 9,
        "tasks_count": 3
      }
    },
    {
      "type": "Feature",
      "geometry": {
        "type": "Point",
        "coordinates": [
          148.3486,
          -36.0722
        ]
      },
      "properties": {
        "feature_type": "waypoint",
        "version": "AUS",
        "season": 5,
        "leg_number": 24,
        "city": "Kosciuszko National Park",
        "country": "AUS",
        "continent": "Oceania",
        "route_header": "New South Wales → Australian Capital Territory → New South Wales",
        "itinerary_stops": 10,
        "tasks_count": 3
      }
    },
    {
      "type": "Feature",
      "geometry": {
        "type": "LineString",
        "coordinates": [
          [
            145.3736,
            -16.4604
          ],
          [
            153.3344,
            -27.9983
          ],
          [
            144.2781,
            -23.4314
          ],
          [
            146.5483,
            -18.7063
          ],
          [
            146.838,
            -19.18
          ],
          [
            145.9733,
            -16.76
          ],
          [
            130.8411,
            -12.4381
          ],
          [
            131.3,
            -12.58
          ],
          [
            133.87,
            -23.7
          ],
          [
            134.7556,
            -29.0111
          ],
          [
            138.6,
            -34.9275
          ],
          [
            135.8716,
            -34.8657
          ],
          [
            146.1572,
            -18.6508
          ],
          [
            152.8513,
            -26.758
          ],
          [
            153.0281,
            -27.4678
          ],
          [
            147.325,
            -42.8806
          ],
          [
            167.95,
            -29.0333
          ],
          [
            147.145,
            -41.4419
          ],
          [
            151.2844,
            -32.7983
          ],
          [
            150.3333,
            -33.7167
          ],
          [
            148.9111,
            -31.4389
          ],
          [
            141.2333,
            -31.8667
          ],
          [
            151.2093,
            -33.8688
          ],
          [
            148.3486,
            -36.0722
          ]
        ]
      },
      "properties": {
        "feature_type": "route",
        "version": "AUS",
        "season": 5,
        "n_legs": 24,
        "destinations": [
          "Mossman",
          "Gold Coast",
          "Longreach",
          "Palm Island",
          "Picnic Bay",
          "Green Island",
          "Darwin",
          "Middle Point",
          "Alice Springs",
          "Coober Pedy",
          "Adelaide",
          "Lincoln National Park",
          "Ingham",
          "Maleny",
          "Brisbane",
          "Hobart",
          "New Norfolk",
          "West Launceston",
          "Pokolbin",
          "Leura",
          "Tooraweenah",
          "Silverton",
          "Sydney",
          "Kosciuszko National Park"
        ],
        "countries": [
          "AUS"
        ],
        "continents": [
          "Oceania"
        ],
        "route_summary": "Mossman (AUS) → Gold Coast (AUS) → Longreach (AUS) → Palm Island (AUS) → Picnic Bay (AUS) → Green Island (AUS) → Darwin (AUS) → Middle Point (AUS) → Alice Springs (AUS) → Coober Pedy (AUS) → Adelaide (AUS) → Lincoln National Park (AUS) → Ingham (AUS) → Maleny (AUS) → Brisbane (AUS) → Hobart (AUS) → New Norfolk (AUS) → West Launceston (AUS) → Pokolbin (AUS) → Leura (AUS) → Tooraweenah (AUS) → Silverton (AUS) → Sydney (AUS) → Kosciuszko National Park (AUS)",
        "distance_miles": 11000.0,
        "distance_km": 17000.0,
        "winners": "Brendon Crawley & Jackson Dening"
      }
    },
    {
      "type": "Feature",
      "geometry": {
        "type": "Point",
        "coordinates": [
          -7.1289,
          31.0472
        ]
      },
      "properties": {
        "feature_type": "waypoint",
        "version": "AUS",
        "season": 6,
        "leg_number": 1,
        "city": "Ksar Aït Benhaddou",
        "country": "MAR",
        "continent": "Africa",
        "route_header": "Australia → Morocco",
        "itinerary_stops": 6,
        "tasks_count": 3
      }
    },
    {
      "type": "Feature",
      "geometry": {
        "type": "Point",
        "coordinates": [
          -8.0089,
          31.63
        ]
      },
      "properties": {
        "feature_type": "waypoint",
        "version": "AUS",
        "season": 6,
        "leg_number": 2,
        "city": "Marrakesh",
        "country": "MAR",
        "continent": "Africa",
        "route_header": "Australia → Morocco",
        "itinerary_stops": 8,
        "tasks_count": 2
      }
    },
    {
      "type": "Feature",
      "geometry": {
        "type": "Point",
        "coordinates": [
          -5.2697,
          35.1714
        ]
      },
      "properties": {
        "feature_type": "waypoint",
        "version": "AUS",
        "season": 6,
        "leg_number": 3,
        "city": "Chefchaouen",
        "country": "MAR",
        "continent": "Africa",
        "route_header": "Morocco",
        "itinerary_stops": 7,
        "tasks_count": 2
      }
    },
    {
      "type": "Feature",
      "geometry": {
        "type": "Point",
        "coordinates": [
          23.7281,
          37.9842
        ]
      },
      "properties": {
        "feature_type": "waypoint",
        "version": "AUS",
        "season": 6,
        "leg_number": 4,
        "city": "Athens",
        "country": "GRC",
        "continent": "Europe",
        "route_header": "Morocco → Greece",
        "itinerary_stops": 7,
        "tasks_count": 1
      }
    },
    {
      "type": "Feature",
      "geometry": {
        "type": "Point",
        "coordinates": [
          25.3667,
          36.4667
        ]
      },
      "properties": {
        "feature_type": "waypoint",
        "version": "AUS",
        "season": 6,
        "leg_number": 5,
        "city": "Oia",
        "country": "GRC",
        "continent": "Europe",
        "route_header": "Greece",
        "itinerary_stops": 7,
        "tasks_count": 3
      }
    },
    {
      "type": "Feature",
      "geometry": {
        "type": "Point",
        "coordinates": [
          22.5833,
          38.4833
        ]
      },
      "properties": {
        "feature_type": "waypoint",
        "version": "AUS",
        "season": 6,
        "leg_number": 6,
        "city": "Arachova",
        "country": "GRC",
        "continent": "Europe",
        "route_header": "Greece",
        "itinerary_stops": 6,
        "tasks_count": 0
      }
    },
    {
      "type": "Feature",
      "geometry": {
        "type": "Point",
        "coordinates": [
          27.1322,
          38.4244
        ]
      },
      "properties": {
        "feature_type": "waypoint",
        "version": "AUS",
        "season": 6,
        "leg_number": 7,
        "city": "İzmir",
        "country": "TUR",
        "continent": "Europe",
        "route_header": "Greece → Turkey",
        "itinerary_stops": 7,
        "tasks_count": 1
      }
    },
    {
      "type": "Feature",
      "geometry": {
        "type": "Point",
        "coordinates": [
          28.6494,
          38.5458
        ]
      },
      "properties": {
        "feature_type": "waypoint",
        "version": "AUS",
        "season": 6,
        "leg_number": 8,
        "city": "Kula",
        "country": "TUR",
        "continent": "Europe",
        "route_header": "Turkey",
        "itinerary_stops": 5,
        "tasks_count": 3
      }
    },
    {
      "type": "Feature",
      "geometry": {
        "type": "Point",
        "coordinates": [
          26.3742,
          38.2814
        ]
      },
      "properties": {
        "feature_type": "waypoint",
        "version": "AUS",
        "season": 6,
        "leg_number": 9,
        "city": "Alaçatı",
        "country": "TUR",
        "continent": "Europe",
        "route_header": "Turkey",
        "itinerary_stops": 4,
        "tasks_count": 2
      }
    },
    {
      "type": "Feature",
      "geometry": {
        "type": "Point",
        "coordinates": [
          -74.0722,
          4.7111
        ]
      },
      "properties": {
        "feature_type": "waypoint",
        "version": "AUS",
        "season": 6,
        "leg_number": 10,
        "city": "Bogotá",
        "country": "COL",
        "continent": "South America",
        "route_header": "Turkey → Colombia",
        "itinerary_stops": 8,
        "tasks_count": 3
      }
    },
    {
      "type": "Feature",
      "geometry": {
        "type": "Point",
        "coordinates": [
          -75.6026,
          6.2697
        ]
      },
      "properties": {
        "feature_type": "waypoint",
        "version": "AUS",
        "season": 6,
        "leg_number": 11,
        "city": "Medellín",
        "country": "COL",
        "continent": "South America",
        "route_header": "Colombia",
        "itinerary_stops": 6,
        "tasks_count": 2
      }
    },
    {
      "type": "Feature",
      "geometry": {
        "type": "Point",
        "coordinates": [
          -75.5,
          10.4
        ]
      },
      "properties": {
        "feature_type": "waypoint",
        "version": "AUS",
        "season": 6,
        "leg_number": 12,
        "city": "Cartagena",
        "country": "COL",
        "continent": "South America",
        "route_header": "Colombia",
        "itinerary_stops": 6,
        "tasks_count": 0
      }
    },
    {
      "type": "Feature",
      "geometry": {
        "type": "Point",
        "coordinates": [
          -88.1886,
          17.4986
        ]
      },
      "properties": {
        "feature_type": "waypoint",
        "version": "AUS",
        "season": 6,
        "leg_number": 13,
        "city": "Belize City",
        "country": "BLZ",
        "continent": "North America",
        "route_header": "Colombia → Belize",
        "itinerary_stops": 8,
        "tasks_count": 3
      }
    },
    {
      "type": "Feature",
      "geometry": {
        "type": "Point",
        "coordinates": [
          -89.0,
          17.0
        ]
      },
      "properties": {
        "feature_type": "waypoint",
        "version": "AUS",
        "season": 6,
        "leg_number": 14,
        "city": "Cayo District",
        "country": "BLZ",
        "continent": "North America",
        "route_header": "Belize",
        "itinerary_stops": 6,
        "tasks_count": 3
      }
    },
    {
      "type": "Feature",
      "geometry": {
        "type": "Point",
        "coordinates": [
          -88.025,
          17.7425
        ]
      },
      "properties": {
        "feature_type": "waypoint",
        "version": "AUS",
        "season": 6,
        "leg_number": 15,
        "city": "Caye Caulker",
        "country": "BLZ",
        "continent": "North America",
        "route_header": "Belize",
        "itinerary_stops": 8,
        "tasks_count": 5
      }
    },
    {
      "type": "Feature",
      "geometry": {
        "type": "Point",
        "coordinates": [
          -89.62,
          20.6867
        ]
      },
      "properties": {
        "feature_type": "waypoint",
        "version": "AUS",
        "season": 6,
        "leg_number": 16,
        "city": "Sotuta de Peón",
        "country": "MEX",
        "continent": "North America",
        "route_header": "Belize → Mexico",
        "itinerary_stops": 6,
        "tasks_count": 1
      }
    },
    {
      "type": "Feature",
      "geometry": {
        "type": "Point",
        "coordinates": [
          -89.6236,
          20.9672
        ]
      },
      "properties": {
        "feature_type": "waypoint",
        "version": "AUS",
        "season": 6,
        "leg_number": 17,
        "city": "Mérida",
        "country": "MEX",
        "continent": "North America",
        "route_header": "Mexico",
        "itinerary_stops": 5,
        "tasks_count": 3
      }
    },
    {
      "type": "Feature",
      "geometry": {
        "type": "Point",
        "coordinates": [
          -88.1364,
          20.8911
        ]
      },
      "properties": {
        "feature_type": "waypoint",
        "version": "AUS",
        "season": 6,
        "leg_number": 18,
        "city": "Ekʼ Balam",
        "country": "MEX",
        "continent": "North America",
        "route_header": "Mexico",
        "itinerary_stops": 4,
        "tasks_count": 1
      }
    },
    {
      "type": "Feature",
      "geometry": {
        "type": "Point",
        "coordinates": [
          115.8606,
          -31.9559
        ]
      },
      "properties": {
        "feature_type": "waypoint",
        "version": "AUS",
        "season": 6,
        "leg_number": 19,
        "city": "Perth",
        "country": "AUS",
        "continent": "Oceania",
        "route_header": "Mexico → Australia",
        "itinerary_stops": 7,
        "tasks_count": 1
      }
    },
    {
      "type": "Feature",
      "geometry": {
        "type": "Point",
        "coordinates": [
          115.7475,
          -32.0542
        ]
      },
      "properties": {
        "feature_type": "waypoint",
        "version": "AUS",
        "season": 6,
        "leg_number": 20,
        "city": "Fremantle",
        "country": "AUS",
        "continent": "Oceania",
        "route_header": "Australia",
        "itinerary_stops": 9,
        "tasks_count": 1
      }
    },
    {
      "type": "Feature",
      "geometry": {
        "type": "Point",
        "coordinates": [
          122.2361,
          -17.9619
        ]
      },
      "properties": {
        "feature_type": "waypoint",
        "version": "AUS",
        "season": 6,
        "leg_number": 21,
        "city": "Broome",
        "country": "AUS",
        "continent": "Oceania",
        "route_header": "Australia",
        "itinerary_stops": 9,
        "tasks_count": 3
      }
    },
    {
      "type": "Feature",
      "geometry": {
        "type": "LineString",
        "coordinates": [
          [
            -7.1289,
            31.0472
          ],
          [
            -8.0089,
            31.63
          ],
          [
            -5.2697,
            35.1714
          ],
          [
            23.7281,
            37.9842
          ],
          [
            25.3667,
            36.4667
          ],
          [
            22.5833,
            38.4833
          ],
          [
            27.1322,
            38.4244
          ],
          [
            28.6494,
            38.5458
          ],
          [
            26.3742,
            38.2814
          ],
          [
            -74.0722,
            4.7111
          ],
          [
            -75.6026,
            6.2697
          ],
          [
            -75.5,
            10.4
          ],
          [
            -88.1886,
            17.4986
          ],
          [
            -89.0,
            17.0
          ],
          [
            -88.025,
            17.7425
          ],
          [
            -89.62,
            20.6867
          ],
          [
            -89.6236,
            20.9672
          ],
          [
            -88.1364,
            20.8911
          ],
          [
            115.8606,
            -31.9559
          ],
          [
            115.7475,
            -32.0542
          ],
          [
            122.2361,
            -17.9619
          ]
        ]
      },
      "properties": {
        "feature_type": "route",
        "version": "AUS",
        "season": 6,
        "n_legs": 21,
        "destinations": [
          "Ksar Aït Benhaddou",
          "Marrakesh",
          "Chefchaouen",
          "Athens",
          "Oia",
          "Arachova",
          "İzmir",
          "Kula",
          "Alaçatı",
          "Bogotá",
          "Medellín",
          "Cartagena",
          "Belize City",
          "Cayo District",
          "Caye Caulker",
          "Sotuta de Peón",
          "Mérida",
          "Ekʼ Balam",
          "Perth",
          "Fremantle",
          "Broome"
        ],
        "countries": [
          "MAR",
          "GRC",
          "TUR",
          "COL",
          "BLZ",
          "MEX",
          "AUS"
        ],
        "continents": [
          "Africa",
          "Europe",
          "South America",
          "North America",
          "Oceania"
        ],
        "route_summary": "Ksar Aït Benhaddou (MAR) → Marrakesh (MAR) → Chefchaouen (MAR) → Athens (GRC) → Oia (GRC) → Arachova (GRC) → İzmir (TUR) → Kula (TUR) → Alaçatı (TUR) → Bogotá (COL) → Medellín (COL) → Cartagena (COL) → Belize City (BLZ) → Cayo District (BLZ) → Caye Caulker (BLZ) → Sotuta de Peón (MEX) → Mérida (MEX) → Ekʼ Balam (MEX) → Perth (AUS) → Fremantle (AUS) → Broome (AUS)",
        "distance_miles": 34000.0,
        "distance_km": 55000.0,
        "winners": "Heath Curry & Toni Hilland"
      }
    },
    {
      "type": "Feature",
      "geometry": {
        "type": "Point",
        "coordinates": [
          77.23,
          28.61
        ]
      },
      "properties": {
        "feature_type": "waypoint",
        "version": "AUS",
        "season": 7,
        "leg_number": 1,
        "city": "Delhi",
        "country": "IND",
        "continent": "Asia",
        "route_header": "India",
        "itinerary_stops": 6,
        "tasks_count": 2
      }
    },
    {
      "type": "Feature",
      "geometry": {
        "type": "Point",
        "coordinates": [
          78.02,
          27.18
        ]
      },
      "properties": {
        "feature_type": "waypoint",
        "version": "AUS",
        "season": 7,
        "leg_number": 2,
        "city": "Agra",
        "country": "IND",
        "continent": "Asia",
        "route_header": "India",
        "itinerary_stops": 5,
        "tasks_count": 2
      }
    },
    {
      "type": "Feature",
      "geometry": {
        "type": "Point",
        "coordinates": [
          76.384,
          9.4893
        ]
      },
      "properties": {
        "feature_type": "waypoint",
        "version": "AUS",
        "season": 7,
        "leg_number": 3,
        "city": "Kainakary South",
        "country": "IND",
        "continent": "Asia",
        "route_header": "India",
        "itinerary_stops": 10,
        "tasks_count": 4
      }
    },
    {
      "type": "Feature",
      "geometry": {
        "type": "Point",
        "coordinates": [
          99.8,
          6.35
        ]
      },
      "properties": {
        "feature_type": "waypoint",
        "version": "AUS",
        "season": 7,
        "leg_number": 4,
        "city": "Langkawi",
        "country": "MYS",
        "continent": "Asia",
        "route_header": "India → Malaysia",
        "itinerary_stops": 6,
        "tasks_count": 4
      }
    },
    {
      "type": "Feature",
      "geometry": {
        "type": "Point",
        "coordinates": [
          100.3292,
          5.4144
        ]
      },
      "properties": {
        "feature_type": "waypoint",
        "version": "AUS",
        "season": 7,
        "leg_number": 5,
        "city": "George Town",
        "country": "MYS",
        "continent": "Asia",
        "route_header": "Malaysia",
        "itinerary_stops": 6,
        "tasks_count": 2
      }
    },
    {
      "type": "Feature",
      "geometry": {
        "type": "Point",
        "coordinates": [
          100.3292,
          5.4144
        ]
      },
      "properties": {
        "feature_type": "waypoint",
        "version": "AUS",
        "season": 7,
        "leg_number": 6,
        "city": "George Town",
        "country": "MYS",
        "continent": "Asia",
        "route_header": "Malaysia",
        "itinerary_stops": 6,
        "tasks_count": 3
      }
    },
    {
      "type": "Feature",
      "geometry": {
        "type": "Point",
        "coordinates": [
          103.859,
          13.3618
        ]
      },
      "properties": {
        "feature_type": "waypoint",
        "version": "AUS",
        "season": 7,
        "leg_number": 7,
        "city": "Siem Reap",
        "country": "KHM",
        "continent": "Asia",
        "route_header": "Malaysia → Cambodia",
        "itinerary_stops": 7,
        "tasks_count": 4
      }
    },
    {
      "type": "Feature",
      "geometry": {
        "type": "Point",
        "coordinates": [
          103.859,
          13.3618
        ]
      },
      "properties": {
        "feature_type": "waypoint",
        "version": "AUS",
        "season": 7,
        "leg_number": 8,
        "city": "Siem Reap",
        "country": "KHM",
        "continent": "Asia",
        "route_header": "Cambodia",
        "itinerary_stops": 6,
        "tasks_count": 2
      }
    },
    {
      "type": "Feature",
      "geometry": {
        "type": "Point",
        "coordinates": [
          103.859,
          13.3618
        ]
      },
      "properties": {
        "feature_type": "waypoint",
        "version": "AUS",
        "season": 7,
        "leg_number": 9,
        "city": "Siem Reap",
        "country": "KHM",
        "continent": "Asia",
        "route_header": "Cambodia",
        "itinerary_stops": 8,
        "tasks_count": 4
      }
    },
    {
      "type": "Feature",
      "geometry": {
        "type": "Point",
        "coordinates": [
          116.0266,
          6.0187
        ]
      },
      "properties": {
        "feature_type": "waypoint",
        "version": "AUS",
        "season": 7,
        "leg_number": 10,
        "city": "Tunku Abdul Rahman National Park",
        "country": "MYS",
        "continent": "Asia",
        "route_header": "Cambodia → Malaysia",
        "itinerary_stops": 6,
        "tasks_count": 3
      }
    },
    {
      "type": "Feature",
      "geometry": {
        "type": "Point",
        "coordinates": [
          -76.4526,
          18.1758
        ]
      },
      "properties": {
        "feature_type": "waypoint",
        "version": "AUS",
        "season": 7,
        "leg_number": 11,
        "city": "Port Antonio",
        "country": "MYS",
        "continent": "Asia",
        "route_header": "Malaysia",
        "itinerary_stops": 5,
        "tasks_count": 2
      }
    },
    {
      "type": "Feature",
      "geometry": {
        "type": "Point",
        "coordinates": [
          101.6953,
          3.1478
        ]
      },
      "properties": {
        "feature_type": "waypoint",
        "version": "AUS",
        "season": 7,
        "leg_number": 12,
        "city": "Kuala Lumpur",
        "country": "MYS",
        "continent": "Asia",
        "route_header": "Malaysia",
        "itinerary_stops": 8,
        "tasks_count": 0
      }
    },
    {
      "type": "Feature",
      "geometry": {
        "type": "LineString",
        "coordinates": [
          [
            77.23,
            28.61
          ],
          [
            78.02,
            27.18
          ],
          [
            76.384,
            9.4893
          ],
          [
            99.8,
            6.35
          ],
          [
            100.3292,
            5.4144
          ],
          [
            100.3292,
            5.4144
          ],
          [
            103.859,
            13.3618
          ],
          [
            103.859,
            13.3618
          ],
          [
            103.859,
            13.3618
          ],
          [
            116.0266,
            6.0187
          ],
          [
            -76.4526,
            18.1758
          ],
          [
            101.6953,
            3.1478
          ]
        ]
      },
      "properties": {
        "feature_type": "route",
        "version": "AUS",
        "season": 7,
        "n_legs": 12,
        "destinations": [
          "Delhi",
          "Agra",
          "Kainakary South",
          "Langkawi",
          "George Town",
          "George Town",
          "Siem Reap",
          "Siem Reap",
          "Siem Reap",
          "Tunku Abdul Rahman National Park",
          "Port Antonio",
          "Kuala Lumpur"
        ],
        "countries": [
          "IND",
          "MYS",
          "KHM"
        ],
        "continents": [
          "Asia"
        ],
        "route_summary": "Delhi (IND) → Agra (IND) → Kainakary South (IND) → Langkawi (MYS) → George Town (MYS) → George Town (MYS) → Siem Reap (KHM) → Siem Reap (KHM) → Siem Reap (KHM) → Tunku Abdul Rahman National Park (MYS) → Port Antonio (MYS) → Kuala Lumpur (MYS)",
        "distance_miles": 6200.0,
        "distance_km": 10000.0,
        "winners": "Alli Simpson & Angie SimpsonDarren McMullen & Tristan DouganEmma Watkins & Hayley Watkins"
      }
    },
    {
      "type": "Feature",
      "geometry": {
        "type": "Point",
        "coordinates": [
          -58.3888,
          -34.6096
        ]
      },
      "properties": {
        "feature_type": "waypoint",
        "version": "AUS",
        "season": 8,
        "leg_number": 1,
        "city": "Buenos Aires",
        "country": "ARG",
        "continent": "South America",
        "route_header": "Argentina",
        "itinerary_stops": 7,
        "tasks_count": 2
      }
    },
    {
      "type": "Feature",
      "geometry": {
        "type": "Point",
        "coordinates": [
          -65.3833,
          -24.6
        ]
      },
      "properties": {
        "feature_type": "waypoint",
        "version": "AUS",
        "season": 8,
        "leg_number": 2,
        "city": "La Caldera",
        "country": "ARG",
        "continent": "South America",
        "route_header": "Argentina",
        "itinerary_stops": 7,
        "tasks_count": 4
      }
    },
    {
      "type": "Feature",
      "geometry": {
        "type": "Point",
        "coordinates": [
          -65.3667,
          -23.5667
        ]
      },
      "properties": {
        "feature_type": "waypoint",
        "version": "AUS",
        "season": 8,
        "leg_number": 3,
        "city": "Tilcara",
        "country": "ARG",
        "continent": "South America",
        "route_header": "Argentina",
        "itinerary_stops": 6,
        "tasks_count": 3
      }
    },
    {
      "type": "Feature",
      "geometry": {
        "type": "Point",
        "coordinates": [
          28.0456,
          -26.2044
        ]
      },
      "properties": {
        "feature_type": "waypoint",
        "version": "AUS",
        "season": 8,
        "leg_number": 4,
        "city": "Johannesburg",
        "country": "ZAF",
        "continent": "Africa",
        "route_header": "Argentina → South Africa",
        "itinerary_stops": 7,
        "tasks_count": 3
      }
    },
    {
      "type": "Feature",
      "geometry": {
        "type": "Point",
        "coordinates": [
          27.8585,
          -26.2678
        ]
      },
      "properties": {
        "feature_type": "waypoint",
        "version": "AUS",
        "season": 8,
        "leg_number": 5,
        "city": "Soweto",
        "country": "ZAF",
        "continent": "Africa",
        "route_header": "South Africa",
        "itinerary_stops": 6,
        "tasks_count": 4
      }
    },
    {
      "type": "Feature",
      "geometry": {
        "type": "Point",
        "coordinates": [
          27.7667,
          -26.1
        ]
      },
      "properties": {
        "feature_type": "waypoint",
        "version": "AUS",
        "season": 8,
        "leg_number": 6,
        "city": "Krugersdorp",
        "country": "ZAF",
        "continent": "Africa",
        "route_header": "South Africa",
        "itinerary_stops": 4,
        "tasks_count": 5
      }
    },
    {
      "type": "Feature",
      "geometry": {
        "type": "Point",
        "coordinates": [
          15.3894,
          -22.0278
        ]
      },
      "properties": {
        "feature_type": "waypoint",
        "version": "AUS",
        "season": 8,
        "leg_number": 7,
        "city": "Erongo Region",
        "country": "NAM",
        "continent": "Africa",
        "route_header": "South Africa → Namibia",
        "itinerary_stops": 7,
        "tasks_count": 4
      }
    },
    {
      "type": "Feature",
      "geometry": {
        "type": "Point",
        "coordinates": [
          14.5333,
          -22.6833
        ]
      },
      "properties": {
        "feature_type": "waypoint",
        "version": "AUS",
        "season": 8,
        "leg_number": 8,
        "city": "Swakopmund",
        "country": "NAM",
        "continent": "Africa",
        "route_header": "Namibia",
        "itinerary_stops": 6,
        "tasks_count": 2
      }
    },
    {
      "type": "Feature",
      "geometry": {
        "type": "Point",
        "coordinates": [
          15.5874,
          -21.997
        ]
      },
      "properties": {
        "feature_type": "waypoint",
        "version": "AUS",
        "season": 8,
        "leg_number": 9,
        "city": "Usakos",
        "country": "NAM",
        "continent": "Africa",
        "route_header": "Namibia",
        "itinerary_stops": 5,
        "tasks_count": 3
      }
    },
    {
      "type": "Feature",
      "geometry": {
        "type": "Point",
        "coordinates": [
          100.6067,
          13.9125
        ]
      },
      "properties": {
        "feature_type": "waypoint",
        "version": "AUS",
        "season": 8,
        "leg_number": 10,
        "city": "Thai Mueang",
        "country": "THA",
        "continent": "Asia",
        "route_header": "Namibia → Thailand",
        "itinerary_stops": 7,
        "tasks_count": 2
      }
    },
    {
      "type": "Feature",
      "geometry": {
        "type": "Point",
        "coordinates": [
          98.3529,
          7.9366
        ]
      },
      "properties": {
        "feature_type": "waypoint",
        "version": "AUS",
        "season": 8,
        "leg_number": 11,
        "city": "Phuket",
        "country": "THA",
        "continent": "Asia",
        "route_header": "Thailand",
        "itinerary_stops": 6,
        "tasks_count": 4
      }
    },
    {
      "type": "Feature",
      "geometry": {
        "type": "Point",
        "coordinates": [
          100.4942,
          13.7525
        ]
      },
      "properties": {
        "feature_type": "waypoint",
        "version": "AUS",
        "season": 8,
        "leg_number": 12,
        "city": "Bangkok",
        "country": "THA",
        "continent": "Asia",
        "route_header": "Thailand",
        "itinerary_stops": 8,
        "tasks_count": 0
      }
    },
    {
      "type": "Feature",
      "geometry": {
        "type": "LineString",
        "coordinates": [
          [
            -58.3888,
            -34.6096
          ],
          [
            -65.3833,
            -24.6
          ],
          [
            -65.3667,
            -23.5667
          ],
          [
            28.0456,
            -26.2044
          ],
          [
            27.8585,
            -26.2678
          ],
          [
            27.7667,
            -26.1
          ],
          [
            15.3894,
            -22.0278
          ],
          [
            14.5333,
            -22.6833
          ],
          [
            15.5874,
            -21.997
          ],
          [
            100.6067,
            13.9125
          ],
          [
            98.3529,
            7.9366
          ],
          [
            100.4942,
            13.7525
          ]
        ]
      },
      "properties": {
        "feature_type": "route",
        "version": "AUS",
        "season": 8,
        "n_legs": 12,
        "destinations": [
          "Buenos Aires",
          "La Caldera",
          "Tilcara",
          "Johannesburg",
          "Soweto",
          "Krugersdorp",
          "Erongo Region",
          "Swakopmund",
          "Usakos",
          "Thai Mueang",
          "Phuket",
          "Bangkok"
        ],
        "countries": [
          "ARG",
          "ZAF",
          "NAM",
          "THA"
        ],
        "continents": [
          "South America",
          "Africa",
          "Asia"
        ],
        "route_summary": "Buenos Aires (ARG) → La Caldera (ARG) → Tilcara (ARG) → Johannesburg (ZAF) → Soweto (ZAF) → Krugersdorp (ZAF) → Erongo Region (NAM) → Swakopmund (NAM) → Usakos (NAM) → Thai Mueang (THA) → Phuket (THA) → Bangkok (THA)",
        "distance_miles": 16000.0,
        "distance_km": 25000.0,
        "winners": "Tai \"Bam Bam\" & Logan Tuivasa"
      }
    },
    {
      "type": "Feature",
      "geometry": {
        "type": "Point",
        "coordinates": [
          -119.6389,
          49.8371
        ]
      },
      "properties": {
        "feature_type": "waypoint",
        "version": "CAN",
        "season": 1,
        "leg_number": 1,
        "city": "Westbank",
        "country": "CAN",
        "continent": "North America",
        "route_header": "Ontario → British Columbia",
        "itinerary_stops": 10,
        "tasks_count": 3
      }
    },
    {
      "type": "Feature",
      "geometry": {
        "type": "Point",
        "coordinates": [
          -123.114,
          49.2609
        ]
      },
      "properties": {
        "feature_type": "waypoint",
        "version": "CAN",
        "season": 1,
        "leg_number": 2,
        "city": "Vancouver",
        "country": "CAN",
        "continent": "North America",
        "route_header": "British Columbia",
        "itinerary_stops": 9,
        "tasks_count": 4
      }
    },
    {
      "type": "Feature",
      "geometry": {
        "type": "Point",
        "coordinates": [
          -112.5709,
          51.6953
        ]
      },
      "properties": {
        "feature_type": "waypoint",
        "version": "CAN",
        "season": 1,
        "leg_number": 3,
        "city": "Starland County",
        "country": "CAN",
        "continent": "North America",
        "route_header": "British Columbia → Alberta",
        "itinerary_stops": 10,
        "tasks_count": 4
      }
    },
    {
      "type": "Feature",
      "geometry": {
        "type": "Point",
        "coordinates": [
          -134.7087,
          60.1668
        ]
      },
      "properties": {
        "feature_type": "waypoint",
        "version": "CAN",
        "season": 1,
        "leg_number": 4,
        "city": "Carcross",
        "country": "CAN",
        "continent": "North America",
        "route_header": "Alberta → Northwest Territories → Yukon",
        "itinerary_stops": 9,
        "tasks_count": 5
      }
    },
    {
      "type": "Feature",
      "geometry": {
        "type": "Point",
        "coordinates": [
          -104.6159,
          50.448
        ]
      },
      "properties": {
        "feature_type": "waypoint",
        "version": "CAN",
        "season": 1,
        "leg_number": 5,
        "city": "Regina",
        "country": "CAN",
        "continent": "North America",
        "route_header": "Yukon → Saskatchewan",
        "itinerary_stops": 10,
        "tasks_count": 4
      }
    },
    {
      "type": "Feature",
      "geometry": {
        "type": "Point",
        "coordinates": [
          -71.2084,
          46.8137
        ]
      },
      "properties": {
        "feature_type": "waypoint",
        "version": "CAN",
        "season": 1,
        "leg_number": 6,
        "city": "Quebec City",
        "country": "CAN",
        "continent": "North America",
        "route_header": "Saskatchewan → Quebec",
        "itinerary_stops": 11,
        "tasks_count": 3
      }
    },
    {
      "type": "Feature",
      "geometry": {
        "type": "Point",
        "coordinates": [
          -68.5214,
          63.7493
        ]
      },
      "properties": {
        "feature_type": "waypoint",
        "version": "CAN",
        "season": 1,
        "leg_number": 7,
        "city": "Iqaluit",
        "country": "CAN",
        "continent": "North America",
        "route_header": "Quebec → Nunavut",
        "itinerary_stops": 8,
        "tasks_count": 5
      }
    },
    {
      "type": "Feature",
      "geometry": {
        "type": "Point",
        "coordinates": [
          10.4079,
          53.2487
        ]
      },
      "properties": {
        "feature_type": "waypoint",
        "version": "CAN",
        "season": 1,
        "leg_number": 8,
        "city": "Lunenburg",
        "country": "CAN",
        "continent": "North America",
        "route_header": "Nunavut → Nova Scotia",
        "itinerary_stops": 9,
        "tasks_count": 4
      }
    },
    {
      "type": "Feature",
      "geometry": {
        "type": "Point",
        "coordinates": [
          -52.7067,
          47.5647
        ]
      },
      "properties": {
        "feature_type": "waypoint",
        "version": "CAN",
        "season": 1,
        "leg_number": 9,
        "city": "St. John's",
        "country": "CAN",
        "continent": "North America",
        "route_header": "Nova Scotia → Newfoundland and Labrador",
        "itinerary_stops": 11,
        "tasks_count": 4
      }
    },
    {
      "type": "Feature",
      "geometry": {
        "type": "Point",
        "coordinates": [
          -79.3839,
          43.6535
        ]
      },
      "properties": {
        "feature_type": "waypoint",
        "version": "CAN",
        "season": 1,
        "leg_number": 10,
        "city": "Toronto",
        "country": "CAN",
        "continent": "North America",
        "route_header": "Newfoundland and Labrador → Ontario",
        "itinerary_stops": 8,
        "tasks_count": 3
      }
    },
    {
      "type": "Feature",
      "geometry": {
        "type": "LineString",
        "coordinates": [
          [
            -119.6389,
            49.8371
          ],
          [
            -123.114,
            49.2609
          ],
          [
            -112.5709,
            51.6953
          ],
          [
            -134.7087,
            60.1668
          ],
          [
            -104.6159,
            50.448
          ],
          [
            -71.2084,
            46.8137
          ],
          [
            -68.5214,
            63.7493
          ],
          [
            10.4079,
            53.2487
          ],
          [
            -52.7067,
            47.5647
          ],
          [
            -79.3839,
            43.6535
          ]
        ]
      },
      "properties": {
        "feature_type": "route",
        "version": "CAN",
        "season": 1,
        "n_legs": 10,
        "destinations": [
          "Westbank",
          "Vancouver",
          "Starland County",
          "Carcross",
          "Regina",
          "Quebec City",
          "Iqaluit",
          "Lunenburg",
          "St. John's",
          "Toronto"
        ],
        "countries": [
          "CAN"
        ],
        "continents": [
          "North America"
        ],
        "route_summary": "Westbank (CAN) → Vancouver (CAN) → Starland County (CAN) → Carcross (CAN) → Regina (CAN) → Quebec City (CAN) → Iqaluit (CAN) → Lunenburg (CAN) → St. John's (CAN) → Toronto (CAN)",
        "distance_miles": 14000.0,
        "distance_km": 23000.0,
        "winners": "Tim Hague, Sr. & Tim Hague, Jr."
      }
    },
    {
      "type": "Feature",
      "geometry": {
        "type": "Point",
        "coordinates": [
          -123.494,
          48.4234
        ]
      },
      "properties": {
        "feature_type": "waypoint",
        "version": "CAN",
        "season": 2,
        "leg_number": 1,
        "city": "Colwood",
        "country": "CAN",
        "continent": "North America",
        "route_header": "Alberta → British Columbia",
        "itinerary_stops": 10,
        "tasks_count": 5
      }
    },
    {
      "type": "Feature",
      "geometry": {
        "type": "Point",
        "coordinates": [
          -125.9048,
          49.1528
        ]
      },
      "properties": {
        "feature_type": "waypoint",
        "version": "CAN",
        "season": 2,
        "leg_number": 2,
        "city": "Tofino",
        "country": "CAN",
        "continent": "North America",
        "route_header": "British Columbia",
        "itinerary_stops": 9,
        "tasks_count": 3
      }
    },
    {
      "type": "Feature",
      "geometry": {
        "type": "Point",
        "coordinates": [
          114.2,
          22.3
        ]
      },
      "properties": {
        "feature_type": "waypoint",
        "version": "CAN",
        "season": 2,
        "leg_number": 3,
        "city": "Hong Kong",
        "country": "HKG",
        "continent": "Asia",
        "route_header": "British Columbia → Hong Kong",
        "itinerary_stops": 12,
        "tasks_count": 4
      }
    },
    {
      "type": "Feature",
      "geometry": {
        "type": "Point",
        "coordinates": [
          113.54,
          22.19
        ]
      },
      "properties": {
        "feature_type": "waypoint",
        "version": "CAN",
        "season": 2,
        "leg_number": 4,
        "city": "Macau",
        "country": "MAC",
        "continent": "Asia",
        "route_header": "Hong Kong → Macau",
        "itinerary_stops": 11,
        "tasks_count": 4
      }
    },
    {
      "type": "Feature",
      "geometry": {
        "type": "Point",
        "coordinates": [
          -135.0549,
          60.7216
        ]
      },
      "properties": {
        "feature_type": "waypoint",
        "version": "CAN",
        "season": 2,
        "leg_number": 5,
        "city": "Whitehorse",
        "country": "CAN",
        "continent": "North America",
        "route_header": "Macau → Hong Kong → Yukon",
        "itinerary_stops": 9,
        "tasks_count": 5
      }
    },
    {
      "type": "Feature",
      "geometry": {
        "type": "Point",
        "coordinates": [
          -97.1385,
          49.8955
        ]
      },
      "properties": {
        "feature_type": "waypoint",
        "version": "CAN",
        "season": 2,
        "leg_number": 6,
        "city": "Winnipeg",
        "country": "CAN",
        "continent": "North America",
        "route_header": "Yukon → Manitoba",
        "itinerary_stops": 9,
        "tasks_count": 5
      }
    },
    {
      "type": "Feature",
      "geometry": {
        "type": "Point",
        "coordinates": [
          -0.4567,
          49.3299
        ]
      },
      "properties": {
        "feature_type": "waypoint",
        "version": "CAN",
        "season": 2,
        "leg_number": 7,
        "city": "Courseulles-sur-Mer",
        "country": "FRA",
        "continent": "Europe",
        "route_header": "Manitoba → France",
        "itinerary_stops": 11,
        "tasks_count": 4
      }
    },
    {
      "type": "Feature",
      "geometry": {
        "type": "Point",
        "coordinates": [
          151.2093,
          -33.8688
        ]
      },
      "properties": {
        "feature_type": "waypoint",
        "version": "CAN",
        "season": 2,
        "leg_number": 8,
        "city": "Sydney",
        "country": "FRA",
        "continent": "Europe",
        "route_header": "France",
        "itinerary_stops": 10,
        "tasks_count": 5
      }
    },
    {
      "type": "Feature",
      "geometry": {
        "type": "Point",
        "coordinates": [
          -73.5698,
          45.5032
        ]
      },
      "properties": {
        "feature_type": "waypoint",
        "version": "CAN",
        "season": 2,
        "leg_number": 9,
        "city": "Montreal",
        "country": "CAN",
        "continent": "North America",
        "route_header": "France → Quebec",
        "itinerary_stops": 11,
        "tasks_count": 5
      }
    },
    {
      "type": "Feature",
      "geometry": {
        "type": "Point",
        "coordinates": [
          -63.3131,
          46.4583
        ]
      },
      "properties": {
        "feature_type": "waypoint",
        "version": "CAN",
        "season": 2,
        "leg_number": 10,
        "city": "North Rustico",
        "country": "CAN",
        "continent": "North America",
        "route_header": "Quebec → Prince Edward Island",
        "itinerary_stops": 10,
        "tasks_count": 5
      }
    },
    {
      "type": "Feature",
      "geometry": {
        "type": "Point",
        "coordinates": [
          -67.007,
          45.73
        ]
      },
      "properties": {
        "feature_type": "waypoint",
        "version": "CAN",
        "season": 2,
        "leg_number": 11,
        "city": "Harvey",
        "country": "CAN",
        "continent": "North America",
        "route_header": "Prince Edward Island → New Brunswick",
        "itinerary_stops": 8,
        "tasks_count": 4
      }
    },
    {
      "type": "Feature",
      "geometry": {
        "type": "Point",
        "coordinates": [
          -75.6901,
          45.4209
        ]
      },
      "properties": {
        "feature_type": "waypoint",
        "version": "CAN",
        "season": 2,
        "leg_number": 12,
        "city": "Ottawa",
        "country": "CAN",
        "continent": "North America",
        "route_header": "New Brunswick → Ontario",
        "itinerary_stops": 12,
        "tasks_count": 2
      }
    },
    {
      "type": "Feature",
      "geometry": {
        "type": "LineString",
        "coordinates": [
          [
            -123.494,
            48.4234
          ],
          [
            -125.9048,
            49.1528
          ],
          [
            114.2,
            22.3
          ],
          [
            113.54,
            22.19
          ],
          [
            -135.0549,
            60.7216
          ],
          [
            -97.1385,
            49.8955
          ],
          [
            -0.4567,
            49.3299
          ],
          [
            151.2093,
            -33.8688
          ],
          [
            -73.5698,
            45.5032
          ],
          [
            -63.3131,
            46.4583
          ],
          [
            -67.007,
            45.73
          ],
          [
            -75.6901,
            45.4209
          ]
        ]
      },
      "properties": {
        "feature_type": "route",
        "version": "CAN",
        "season": 2,
        "n_legs": 12,
        "destinations": [
          "Colwood",
          "Tofino",
          "Hong Kong",
          "Macau",
          "Whitehorse",
          "Winnipeg",
          "Courseulles-sur-Mer",
          "Sydney",
          "Montreal",
          "North Rustico",
          "Harvey",
          "Ottawa"
        ],
        "countries": [
          "CAN",
          "HKG",
          "MAC",
          "FRA"
        ],
        "continents": [
          "North America",
          "Asia",
          "Europe"
        ],
        "route_summary": "Colwood (CAN) → Tofino (CAN) → Hong Kong (HKG) → Macau (MAC) → Whitehorse (CAN) → Winnipeg (CAN) → Courseulles-sur-Mer (FRA) → Sydney (FRA) → Montreal (CAN) → North Rustico (CAN) → Harvey (CAN) → Ottawa (CAN)",
        "distance_miles": 25000.0,
        "distance_km": 40000.0,
        "winners": "Mickey Henry & Peter Schmalz"
      }
    },
    {
      "type": "Feature",
      "geometry": {
        "type": "Point",
        "coordinates": [
          -79.3839,
          43.6535
        ]
      },
      "properties": {
        "feature_type": "waypoint",
        "version": "CAN",
        "season": 3,
        "leg_number": 1,
        "city": "Toronto",
        "country": "CAN",
        "continent": "North America",
        "route_header": "Quebec → Ontario",
        "itinerary_stops": 9,
        "tasks_count": 3
      }
    },
    {
      "type": "Feature",
      "geometry": {
        "type": "Point",
        "coordinates": [
          -70.65,
          -33.4375
        ]
      },
      "properties": {
        "feature_type": "waypoint",
        "version": "CAN",
        "season": 3,
        "leg_number": 2,
        "city": "Santiago",
        "country": "CHL",
        "continent": "South America",
        "route_header": "Ontario → Chile",
        "itinerary_stops": 9,
        "tasks_count": 4
      }
    },
    {
      "type": "Feature",
      "geometry": {
        "type": "Point",
        "coordinates": [
          -58.3888,
          -34.6096
        ]
      },
      "properties": {
        "feature_type": "waypoint",
        "version": "CAN",
        "season": 3,
        "leg_number": 3,
        "city": "Buenos Aires",
        "country": "ARG",
        "continent": "South America",
        "route_header": "Chile → Argentina",
        "itinerary_stops": 8,
        "tasks_count": 3
      }
    },
    {
      "type": "Feature",
      "geometry": {
        "type": "Point",
        "coordinates": [
          -63.5859,
          44.6486
        ]
      },
      "properties": {
        "feature_type": "waypoint",
        "version": "CAN",
        "season": 3,
        "leg_number": 4,
        "city": "Halifax",
        "country": "CAN",
        "continent": "North America",
        "route_header": "Argentina → Nova Scotia",
        "itinerary_stops": 9,
        "tasks_count": 3
      }
    },
    {
      "type": "Feature",
      "geometry": {
        "type": "Point",
        "coordinates": [
          -61.5216,
          47.6003
        ]
      },
      "properties": {
        "feature_type": "waypoint",
        "version": "CAN",
        "season": 3,
        "leg_number": 5,
        "city": "Grosse-Île",
        "country": "CAN",
        "continent": "North America",
        "route_header": "Nova Scotia → Quebec",
        "itinerary_stops": 8,
        "tasks_count": 4
      }
    },
    {
      "type": "Feature",
      "geometry": {
        "type": "Point",
        "coordinates": [
          -80.9912,
          46.4927
        ]
      },
      "properties": {
        "feature_type": "waypoint",
        "version": "CAN",
        "season": 3,
        "leg_number": 6,
        "city": "Sudbury",
        "country": "CAN",
        "continent": "North America",
        "route_header": "Quebec → Ontario",
        "itinerary_stops": 9,
        "tasks_count": 5
      }
    },
    {
      "type": "Feature",
      "geometry": {
        "type": "Point",
        "coordinates": [
          -106.669,
          52.241
        ]
      },
      "properties": {
        "feature_type": "waypoint",
        "version": "CAN",
        "season": 3,
        "leg_number": 7,
        "city": "RM of Corman Park No. 344",
        "country": "CAN",
        "continent": "North America",
        "route_header": "Ontario → Saskatchewan",
        "itinerary_stops": 7,
        "tasks_count": 4
      }
    },
    {
      "type": "Feature",
      "geometry": {
        "type": "Point",
        "coordinates": [
          88.37,
          22.5675
        ]
      },
      "properties": {
        "feature_type": "waypoint",
        "version": "CAN",
        "season": 3,
        "leg_number": 8,
        "city": "Kolkata",
        "country": "IND",
        "continent": "Asia",
        "route_header": "Saskatchewan → India",
        "itinerary_stops": 9,
        "tasks_count": 4
      }
    },
    {
      "type": "Feature",
      "geometry": {
        "type": "Point",
        "coordinates": [
          77.23,
          28.61
        ]
      },
      "properties": {
        "feature_type": "waypoint",
        "version": "CAN",
        "season": 3,
        "leg_number": 9,
        "city": "Delhi",
        "country": "IND",
        "continent": "Asia",
        "route_header": "India",
        "itinerary_stops": 9,
        "tasks_count": 4
      }
    },
    {
      "type": "Feature",
      "geometry": {
        "type": "Point",
        "coordinates": [
          103.852,
          1.2903
        ]
      },
      "properties": {
        "feature_type": "waypoint",
        "version": "CAN",
        "season": 3,
        "leg_number": 10,
        "city": "Singapore",
        "country": "CAN",
        "continent": "North America",
        "route_header": "India → British Columbia",
        "itinerary_stops": 7,
        "tasks_count": 4
      }
    },
    {
      "type": "Feature",
      "geometry": {
        "type": "Point",
        "coordinates": [
          -113.4912,
          53.5462
        ]
      },
      "properties": {
        "feature_type": "waypoint",
        "version": "CAN",
        "season": 3,
        "leg_number": 11,
        "city": "Edmonton",
        "country": "CAN",
        "continent": "North America",
        "route_header": "British Columbia → Alberta",
        "itinerary_stops": 9,
        "tasks_count": 2
      }
    },
    {
      "type": "Feature",
      "geometry": {
        "type": "Point",
        "coordinates": [
          -122.9543,
          50.1172
        ]
      },
      "properties": {
        "feature_type": "waypoint",
        "version": "CAN",
        "season": 3,
        "leg_number": 12,
        "city": "Whistler",
        "country": "CAN",
        "continent": "North America",
        "route_header": "Alberta → British Columbia",
        "itinerary_stops": 11,
        "tasks_count": 3
      }
    },
    {
      "type": "Feature",
      "geometry": {
        "type": "LineString",
        "coordinates": [
          [
            -79.3839,
            43.6535
          ],
          [
            -70.65,
            -33.4375
          ],
          [
            -58.3888,
            -34.6096
          ],
          [
            -63.5859,
            44.6486
          ],
          [
            -61.5216,
            47.6003
          ],
          [
            -80.9912,
            46.4927
          ],
          [
            -106.669,
            52.241
          ],
          [
            88.37,
            22.5675
          ],
          [
            77.23,
            28.61
          ],
          [
            103.852,
            1.2903
          ],
          [
            -113.4912,
            53.5462
          ],
          [
            -122.9543,
            50.1172
          ]
        ]
      },
      "properties": {
        "feature_type": "route",
        "version": "CAN",
        "season": 3,
        "n_legs": 12,
        "destinations": [
          "Toronto",
          "Santiago",
          "Buenos Aires",
          "Halifax",
          "Grosse-Île",
          "Sudbury",
          "RM of Corman Park No. 344",
          "Kolkata",
          "Delhi",
          "Singapore",
          "Edmonton",
          "Whistler"
        ],
        "countries": [
          "CAN",
          "CHL",
          "ARG",
          "IND"
        ],
        "continents": [
          "North America",
          "South America",
          "Asia"
        ],
        "route_summary": "Toronto (CAN) → Santiago (CHL) → Buenos Aires (ARG) → Halifax (CAN) → Grosse-Île (CAN) → Sudbury (CAN) → RM of Corman Park No. 344 (CAN) → Kolkata (IND) → Delhi (IND) → Singapore (CAN) → Edmonton (CAN) → Whistler (CAN)",
        "distance_miles": 30100.0,
        "distance_km": 48500.0,
        "winners": "Gino & Jesse Montani"
      }
    },
    {
      "type": "Feature",
      "geometry": {
        "type": "Point",
        "coordinates": [
          -117.8048,
          52.8041
        ]
      },
      "properties": {
        "feature_type": "waypoint",
        "version": "CAN",
        "season": 4,
        "leg_number": 1,
        "city": "Jasper National Park",
        "country": "CAN",
        "continent": "North America",
        "route_header": "Northwest Territories → Alberta",
        "itinerary_stops": 9,
        "tasks_count": 3
      }
    },
    {
      "type": "Feature",
      "geometry": {
        "type": "Point",
        "coordinates": [
          -114.0575,
          51.0456
        ]
      },
      "properties": {
        "feature_type": "waypoint",
        "version": "CAN",
        "season": 4,
        "leg_number": 2,
        "city": "Calgary",
        "country": "CAN",
        "continent": "North America",
        "route_header": "Alberta",
        "itinerary_stops": 8,
        "tasks_count": 3
      }
    },
    {
      "type": "Feature",
      "geometry": {
        "type": "Point",
        "coordinates": [
          106.0336,
          10.3348
        ]
      },
      "properties": {
        "feature_type": "waypoint",
        "version": "CAN",
        "season": 4,
        "leg_number": 3,
        "city": "Cái Bè",
        "country": "VNM",
        "continent": "Asia",
        "route_header": "Alberta → Vietnam",
        "itinerary_stops": 9,
        "tasks_count": 5
      }
    },
    {
      "type": "Feature",
      "geometry": {
        "type": "Point",
        "coordinates": [
          106.7019,
          10.7756
        ]
      },
      "properties": {
        "feature_type": "waypoint",
        "version": "CAN",
        "season": 4,
        "leg_number": 4,
        "city": "Ho Chi Minh City",
        "country": "VNM",
        "continent": "Asia",
        "route_header": "Vietnam",
        "itinerary_stops": 9,
        "tasks_count": 4
      }
    },
    {
      "type": "Feature",
      "geometry": {
        "type": "Point",
        "coordinates": [
          -130.2921,
          54.2246
        ]
      },
      "properties": {
        "feature_type": "waypoint",
        "version": "CAN",
        "season": 4,
        "leg_number": 5,
        "city": "Port Edward",
        "country": "CAN",
        "continent": "North America",
        "route_header": "Vietnam → British Columbia",
        "itinerary_stops": 9,
        "tasks_count": 3
      }
    },
    {
      "type": "Feature",
      "geometry": {
        "type": "Point",
        "coordinates": [
          -79.8729,
          43.2561
        ]
      },
      "properties": {
        "feature_type": "waypoint",
        "version": "CAN",
        "season": 4,
        "leg_number": 6,
        "city": "Hamilton",
        "country": "CAN",
        "continent": "North America",
        "route_header": "British Columbia → Ontario",
        "itinerary_stops": 7,
        "tasks_count": 4
      }
    },
    {
      "type": "Feature",
      "geometry": {
        "type": "Point",
        "coordinates": [
          -76.4811,
          44.2306
        ]
      },
      "properties": {
        "feature_type": "waypoint",
        "version": "CAN",
        "season": 4,
        "leg_number": 7,
        "city": "Kingston",
        "country": "CAN",
        "continent": "North America",
        "route_header": "Ontario",
        "itinerary_stops": 8,
        "tasks_count": 3
      }
    },
    {
      "type": "Feature",
      "geometry": {
        "type": "Point",
        "coordinates": [
          -82.3589,
          23.1367
        ]
      },
      "properties": {
        "feature_type": "waypoint",
        "version": "CAN",
        "season": 4,
        "leg_number": 8,
        "city": "Havana",
        "country": "CUB",
        "continent": "North America",
        "route_header": "Ontario → Cuba",
        "itinerary_stops": 11,
        "tasks_count": 3
      }
    },
    {
      "type": "Feature",
      "geometry": {
        "type": "Point",
        "coordinates": [
          -59.985,
          45.8925
        ]
      },
      "properties": {
        "feature_type": "waypoint",
        "version": "CAN",
        "season": 4,
        "leg_number": 9,
        "city": "Louisbourg",
        "country": "CAN",
        "continent": "North America",
        "route_header": "Cuba → Nova Scotia",
        "itinerary_stops": 8,
        "tasks_count": 2
      }
    },
    {
      "type": "Feature",
      "geometry": {
        "type": "Point",
        "coordinates": [
          -67.0521,
          45.074
        ]
      },
      "properties": {
        "feature_type": "waypoint",
        "version": "CAN",
        "season": 4,
        "leg_number": 10,
        "city": "Saint Andrews",
        "country": "CAN",
        "continent": "North America",
        "route_header": "Nova Scotia → New Brunswick",
        "itinerary_stops": 7,
        "tasks_count": 3
      }
    },
    {
      "type": "Feature",
      "geometry": {
        "type": "Point",
        "coordinates": [
          -73.5698,
          45.5032
        ]
      },
      "properties": {
        "feature_type": "waypoint",
        "version": "CAN",
        "season": 4,
        "leg_number": 11,
        "city": "Montreal",
        "country": "CAN",
        "continent": "North America",
        "route_header": "New Brunswick → Quebec",
        "itinerary_stops": 9,
        "tasks_count": 3
      }
    },
    {
      "type": "Feature",
      "geometry": {
        "type": "LineString",
        "coordinates": [
          [
            -117.8048,
            52.8041
          ],
          [
            -114.0575,
            51.0456
          ],
          [
            106.0336,
            10.3348
          ],
          [
            106.7019,
            10.7756
          ],
          [
            -130.2921,
            54.2246
          ],
          [
            -79.8729,
            43.2561
          ],
          [
            -76.4811,
            44.2306
          ],
          [
            -82.3589,
            23.1367
          ],
          [
            -59.985,
            45.8925
          ],
          [
            -67.0521,
            45.074
          ],
          [
            -73.5698,
            45.5032
          ]
        ]
      },
      "properties": {
        "feature_type": "route",
        "version": "CAN",
        "season": 4,
        "n_legs": 11,
        "destinations": [
          "Jasper National Park",
          "Calgary",
          "Cái Bè",
          "Ho Chi Minh City",
          "Port Edward",
          "Hamilton",
          "Kingston",
          "Havana",
          "Louisbourg",
          "Saint Andrews",
          "Montreal"
        ],
        "countries": [
          "CAN",
          "VNM",
          "CUB"
        ],
        "continents": [
          "North America",
          "Asia"
        ],
        "route_summary": "Jasper National Park (CAN) → Calgary (CAN) → Cái Bè (VNM) → Ho Chi Minh City (VNM) → Port Edward (CAN) → Hamilton (CAN) → Kingston (CAN) → Havana (CUB) → Louisbourg (CAN) → Saint Andrews (CAN) → Montreal (CAN)",
        "distance_miles": 16000.0,
        "distance_km": 25000.0,
        "winners": "Stephanie LeClair & Kristen McKenzie"
      }
    },
    {
      "type": "Feature",
      "geometry": {
        "type": "Point",
        "coordinates": [
          -123.114,
          49.2609
        ]
      },
      "properties": {
        "feature_type": "waypoint",
        "version": "CAN",
        "season": 5,
        "leg_number": 1,
        "city": "Vancouver",
        "country": "CAN",
        "continent": "North America",
        "route_header": "Newfoundland and Labrador → British Columbia",
        "itinerary_stops": 8,
        "tasks_count": 3
      }
    },
    {
      "type": "Feature",
      "geometry": {
        "type": "Point",
        "coordinates": [
          -111.3803,
          56.7264
        ]
      },
      "properties": {
        "feature_type": "waypoint",
        "version": "CAN",
        "season": 5,
        "leg_number": 2,
        "city": "Fort McMurray",
        "country": "CAN",
        "continent": "North America",
        "route_header": "British Columbia → Alberta",
        "itinerary_stops": 6,
        "tasks_count": 2
      }
    },
    {
      "type": "Feature",
      "geometry": {
        "type": "Point",
        "coordinates": [
          -117.1667,
          49.7833
        ]
      },
      "properties": {
        "feature_type": "waypoint",
        "version": "CAN",
        "season": 5,
        "leg_number": 3,
        "city": "Kokanee Creek Provincial Park",
        "country": "CAN",
        "continent": "North America",
        "route_header": "Alberta → British Columbia",
        "itinerary_stops": 8,
        "tasks_count": 4
      }
    },
    {
      "type": "Feature",
      "geometry": {
        "type": "Point",
        "coordinates": [
          116.3913,
          39.9057
        ]
      },
      "properties": {
        "feature_type": "waypoint",
        "version": "CAN",
        "season": 5,
        "leg_number": 4,
        "city": "Beijing",
        "country": "CHN",
        "continent": "Asia",
        "route_header": "British Columbia → China",
        "itinerary_stops": 9,
        "tasks_count": 3
      }
    },
    {
      "type": "Feature",
      "geometry": {
        "type": "Point",
        "coordinates": [
          100.4942,
          13.7525
        ]
      },
      "properties": {
        "feature_type": "waypoint",
        "version": "CAN",
        "season": 5,
        "leg_number": 5,
        "city": "Bangkok",
        "country": "THA",
        "continent": "Asia",
        "route_header": "China → Thailand",
        "itinerary_stops": 8,
        "tasks_count": 4
      }
    },
    {
      "type": "Feature",
      "geometry": {
        "type": "Point",
        "coordinates": [
          -75.65,
          45.4833
        ]
      },
      "properties": {
        "feature_type": "waypoint",
        "version": "CAN",
        "season": 5,
        "leg_number": 6,
        "city": "Gatineau",
        "country": "CAN",
        "continent": "North America",
        "route_header": "Thailand → Ontario → Quebec",
        "itinerary_stops": 10,
        "tasks_count": 2
      }
    },
    {
      "type": "Feature",
      "geometry": {
        "type": "Point",
        "coordinates": [
          -57.95,
          48.95
        ]
      },
      "properties": {
        "feature_type": "waypoint",
        "version": "CAN",
        "season": 5,
        "leg_number": 7,
        "city": "Corner Brook",
        "country": "CAN",
        "continent": "North America",
        "route_header": "Ontario → Newfoundland and Labrador",
        "itinerary_stops": 7,
        "tasks_count": 4
      }
    },
    {
      "type": "Feature",
      "geometry": {
        "type": "Point",
        "coordinates": [
          -79.5347,
          8.9711
        ]
      },
      "properties": {
        "feature_type": "waypoint",
        "version": "CAN",
        "season": 5,
        "leg_number": 8,
        "city": "Panama City",
        "country": "PAN",
        "continent": "North America",
        "route_header": "Newfoundland and Labrador → Panama",
        "itinerary_stops": 8,
        "tasks_count": 3
      }
    },
    {
      "type": "Feature",
      "geometry": {
        "type": "Point",
        "coordinates": [
          -105.55,
          50.3333
        ]
      },
      "properties": {
        "feature_type": "waypoint",
        "version": "CAN",
        "season": 5,
        "leg_number": 9,
        "city": "Bushell Park",
        "country": "CAN",
        "continent": "North America",
        "route_header": "Panama → Saskatchewan",
        "itinerary_stops": 8,
        "tasks_count": 3
      }
    },
    {
      "type": "Feature",
      "geometry": {
        "type": "Point",
        "coordinates": [
          -84.3469,
          46.5589
        ]
      },
      "properties": {
        "feature_type": "waypoint",
        "version": "CAN",
        "season": 5,
        "leg_number": 10,
        "city": "Sault Ste. Marie",
        "country": "CAN",
        "continent": "North America",
        "route_header": "Saskatchewan → Ontario",
        "itinerary_stops": 7,
        "tasks_count": 2
      }
    },
    {
      "type": "Feature",
      "geometry": {
        "type": "Point",
        "coordinates": [
          -70.9667,
          46.9667
        ]
      },
      "properties": {
        "feature_type": "waypoint",
        "version": "CAN",
        "season": 5,
        "leg_number": 11,
        "city": "Sainte-Famille-de-l'Île-d'Orléans",
        "country": "CAN",
        "continent": "North America",
        "route_header": "Ontario → Quebec",
        "itinerary_stops": 11,
        "tasks_count": 2
      }
    },
    {
      "type": "Feature",
      "geometry": {
        "type": "LineString",
        "coordinates": [
          [
            -123.114,
            49.2609
          ],
          [
            -111.3803,
            56.7264
          ],
          [
            -117.1667,
            49.7833
          ],
          [
            116.3913,
            39.9057
          ],
          [
            100.4942,
            13.7525
          ],
          [
            -75.65,
            45.4833
          ],
          [
            -57.95,
            48.95
          ],
          [
            -79.5347,
            8.9711
          ],
          [
            -105.55,
            50.3333
          ],
          [
            -84.3469,
            46.5589
          ],
          [
            -70.9667,
            46.9667
          ]
        ]
      },
      "properties": {
        "feature_type": "route",
        "version": "CAN",
        "season": 5,
        "n_legs": 11,
        "destinations": [
          "Vancouver",
          "Fort McMurray",
          "Kokanee Creek Provincial Park",
          "Beijing",
          "Bangkok",
          "Gatineau",
          "Corner Brook",
          "Panama City",
          "Bushell Park",
          "Sault Ste. Marie",
          "Sainte-Famille-de-l'Île-d'Orléans"
        ],
        "countries": [
          "CAN",
          "CHN",
          "THA",
          "PAN"
        ],
        "continents": [
          "North America",
          "Asia"
        ],
        "route_summary": "Vancouver (CAN) → Fort McMurray (CAN) → Kokanee Creek Provincial Park (CAN) → Beijing (CHN) → Bangkok (THA) → Gatineau (CAN) → Corner Brook (CAN) → Panama City (PAN) → Bushell Park (CAN) → Sault Ste. Marie (CAN) → Sainte-Famille-de-l'Île-d'Orléans (CAN)",
        "distance_miles": 31000.0,
        "distance_km": 50000.0,
        "winners": "Sam Lambert & Paul Mitskopoulos"
      }
    },
    {
      "type": "Feature",
      "geometry": {
        "type": "Point",
        "coordinates": [
          -123.2042,
          49.625
        ]
      },
      "properties": {
        "feature_type": "waypoint",
        "version": "CAN",
        "season": 6,
        "leg_number": 1,
        "city": "Britannia Beach",
        "country": "CAN",
        "continent": "North America",
        "route_header": "British Columbia",
        "itinerary_stops": 6,
        "tasks_count": 4
      }
    },
    {
      "type": "Feature",
      "geometry": {
        "type": "Point",
        "coordinates": [
          -139.4319,
          64.06
        ]
      },
      "properties": {
        "feature_type": "waypoint",
        "version": "CAN",
        "season": 6,
        "leg_number": 2,
        "city": "Dawson City",
        "country": "CAN",
        "continent": "North America",
        "route_header": "British Columbia → Yukon",
        "itinerary_stops": 7,
        "tasks_count": 2
      }
    },
    {
      "type": "Feature",
      "geometry": {
        "type": "Point",
        "coordinates": [
          -123.6231,
          48.6536
        ]
      },
      "properties": {
        "feature_type": "waypoint",
        "version": "CAN",
        "season": 6,
        "leg_number": 3,
        "city": "Shawnigan Lake",
        "country": "CAN",
        "continent": "North America",
        "route_header": "Yukon → British Columbia",
        "itinerary_stops": 9,
        "tasks_count": 4
      }
    },
    {
      "type": "Feature",
      "geometry": {
        "type": "Point",
        "coordinates": [
          106.83,
          -6.18
        ]
      },
      "properties": {
        "feature_type": "waypoint",
        "version": "CAN",
        "season": 6,
        "leg_number": 4,
        "city": "Jakarta",
        "country": "IDN",
        "continent": "Asia",
        "route_header": "British Columbia → Indonesia",
        "itinerary_stops": 8,
        "tasks_count": 3
      }
    },
    {
      "type": "Feature",
      "geometry": {
        "type": "Point",
        "coordinates": [
          -80.9819,
          43.3708
        ]
      },
      "properties": {
        "feature_type": "waypoint",
        "version": "CAN",
        "season": 6,
        "leg_number": 5,
        "city": "Stratford",
        "country": "CAN",
        "continent": "North America",
        "route_header": "Indonesia → Ontario",
        "itinerary_stops": 6,
        "tasks_count": 2
      }
    },
    {
      "type": "Feature",
      "geometry": {
        "type": "Point",
        "coordinates": [
          -79.3839,
          43.6535
        ]
      },
      "properties": {
        "feature_type": "waypoint",
        "version": "CAN",
        "season": 6,
        "leg_number": 6,
        "city": "Toronto",
        "country": "CAN",
        "continent": "North America",
        "route_header": "Ontario",
        "itinerary_stops": 6,
        "tasks_count": 2
      }
    },
    {
      "type": "Feature",
      "geometry": {
        "type": "Point",
        "coordinates": [
          -97.1385,
          49.8955
        ]
      },
      "properties": {
        "feature_type": "waypoint",
        "version": "CAN",
        "season": 6,
        "leg_number": 7,
        "city": "Winnipeg",
        "country": "CAN",
        "continent": "North America",
        "route_header": "Ontario → Manitoba",
        "itinerary_stops": 7,
        "tasks_count": 2
      }
    },
    {
      "type": "Feature",
      "geometry": {
        "type": "Point",
        "coordinates": [
          -63.3833,
          46.4833
        ]
      },
      "properties": {
        "feature_type": "waypoint",
        "version": "CAN",
        "season": 6,
        "leg_number": 8,
        "city": "Cavendish",
        "country": "CAN",
        "continent": "North America",
        "route_header": "Manitoba → Prince Edward Island",
        "itinerary_stops": 8,
        "tasks_count": 3
      }
    },
    {
      "type": "Feature",
      "geometry": {
        "type": "Point",
        "coordinates": [
          -99.1333,
          19.4333
        ]
      },
      "properties": {
        "feature_type": "waypoint",
        "version": "CAN",
        "season": 6,
        "leg_number": 9,
        "city": "Mexico City",
        "country": "MEX",
        "continent": "North America",
        "route_header": "Prince Edward Island → Mexico",
        "itinerary_stops": 7,
        "tasks_count": 2
      }
    },
    {
      "type": "Feature",
      "geometry": {
        "type": "Point",
        "coordinates": [
          -66.6667,
          45.9453
        ]
      },
      "properties": {
        "feature_type": "waypoint",
        "version": "CAN",
        "season": 6,
        "leg_number": 10,
        "city": "Fredericton",
        "country": "CAN",
        "continent": "North America",
        "route_header": "Mexico → New Brunswick",
        "itinerary_stops": 7,
        "tasks_count": 2
      }
    },
    {
      "type": "Feature",
      "geometry": {
        "type": "Point",
        "coordinates": [
          -115.5736,
          51.1778
        ]
      },
      "properties": {
        "feature_type": "waypoint",
        "version": "CAN",
        "season": 6,
        "leg_number": 11,
        "city": "Banff",
        "country": "CAN",
        "continent": "North America",
        "route_header": "New Brunswick → Alberta",
        "itinerary_stops": 10,
        "tasks_count": 2
      }
    },
    {
      "type": "Feature",
      "geometry": {
        "type": "LineString",
        "coordinates": [
          [
            -123.2042,
            49.625
          ],
          [
            -139.4319,
            64.06
          ],
          [
            -123.6231,
            48.6536
          ],
          [
            106.83,
            -6.18
          ],
          [
            -80.9819,
            43.3708
          ],
          [
            -79.3839,
            43.6535
          ],
          [
            -97.1385,
            49.8955
          ],
          [
            -63.3833,
            46.4833
          ],
          [
            -99.1333,
            19.4333
          ],
          [
            -66.6667,
            45.9453
          ],
          [
            -115.5736,
            51.1778
          ]
        ]
      },
      "properties": {
        "feature_type": "route",
        "version": "CAN",
        "season": 6,
        "n_legs": 11,
        "destinations": [
          "Britannia Beach",
          "Dawson City",
          "Shawnigan Lake",
          "Jakarta",
          "Stratford",
          "Toronto",
          "Winnipeg",
          "Cavendish",
          "Mexico City",
          "Fredericton",
          "Banff"
        ],
        "countries": [
          "CAN",
          "IDN",
          "MEX"
        ],
        "continents": [
          "North America",
          "Asia"
        ],
        "route_summary": "Britannia Beach (CAN) → Dawson City (CAN) → Shawnigan Lake (CAN) → Jakarta (IDN) → Stratford (CAN) → Toronto (CAN) → Winnipeg (CAN) → Cavendish (CAN) → Mexico City (MEX) → Fredericton (CAN) → Banff (CAN)",
        "distance_miles": 31000.0,
        "distance_km": 50000.0,
        "winners": "Courtney Berglind & Adam Kovacs"
      }
    },
    {
      "type": "Feature",
      "geometry": {
        "type": "Point",
        "coordinates": [
          -120.3394,
          50.6758
        ]
      },
      "properties": {
        "feature_type": "waypoint",
        "version": "CAN",
        "season": 7,
        "leg_number": 1,
        "city": "Kamloops",
        "country": "CAN",
        "continent": "North America",
        "route_header": "Ontario → British Columbia",
        "itinerary_stops": 8,
        "tasks_count": 4
      }
    },
    {
      "type": "Feature",
      "geometry": {
        "type": "Point",
        "coordinates": [
          -118.1956,
          50.9981
        ]
      },
      "properties": {
        "feature_type": "waypoint",
        "version": "CAN",
        "season": 7,
        "leg_number": 2,
        "city": "Revelstoke",
        "country": "CAN",
        "continent": "North America",
        "route_header": "British Columbia",
        "itinerary_stops": 6,
        "tasks_count": 3
      }
    },
    {
      "type": "Feature",
      "geometry": {
        "type": "Point",
        "coordinates": [
          -113.9008,
          53.545
        ]
      },
      "properties": {
        "feature_type": "waypoint",
        "version": "CAN",
        "season": 7,
        "leg_number": 3,
        "city": "Spruce Grove",
        "country": "CAN",
        "continent": "North America",
        "route_header": "British Columbia → Alberta",
        "itinerary_stops": 8,
        "tasks_count": 3
      }
    },
    {
      "type": "Feature",
      "geometry": {
        "type": "Point",
        "coordinates": [
          -114.37,
          62.4536
        ]
      },
      "properties": {
        "feature_type": "waypoint",
        "version": "CAN",
        "season": 7,
        "leg_number": 4,
        "city": "Yellowknife",
        "country": "CAN",
        "continent": "North America",
        "route_header": "Alberta → Northwest Territories",
        "itinerary_stops": 9,
        "tasks_count": 4
      }
    },
    {
      "type": "Feature",
      "geometry": {
        "type": "Point",
        "coordinates": [
          -124.4,
          49.3
        ]
      },
      "properties": {
        "feature_type": "waypoint",
        "version": "CAN",
        "season": 7,
        "leg_number": 5,
        "city": "Coombs",
        "country": "CAN",
        "continent": "North America",
        "route_header": "Northwest Territories → British Columbia",
        "itinerary_stops": 8,
        "tasks_count": 3
      }
    },
    {
      "type": "Feature",
      "geometry": {
        "type": "Point",
        "coordinates": [
          -106.6861,
          52.1397
        ]
      },
      "properties": {
        "feature_type": "waypoint",
        "version": "CAN",
        "season": 7,
        "leg_number": 6,
        "city": "Saskatoon",
        "country": "CAN",
        "continent": "North America",
        "route_header": "British Columbia → Saskatchewan",
        "itinerary_stops": 10,
        "tasks_count": 2
      }
    },
    {
      "type": "Feature",
      "geometry": {
        "type": "Point",
        "coordinates": [
          -80.5167,
          43.4667
        ]
      },
      "properties": {
        "feature_type": "waypoint",
        "version": "CAN",
        "season": 7,
        "leg_number": 7,
        "city": "Waterloo",
        "country": "CAN",
        "continent": "North America",
        "route_header": "Saskatchewan → Ontario",
        "itinerary_stops": 9,
        "tasks_count": 2
      }
    },
    {
      "type": "Feature",
      "geometry": {
        "type": "Point",
        "coordinates": [
          -70.3676,
          47.4571
        ]
      },
      "properties": {
        "feature_type": "waypoint",
        "version": "CAN",
        "season": 7,
        "leg_number": 8,
        "city": "Saint-Joseph-de-la-Rive",
        "country": "CAN",
        "continent": "North America",
        "route_header": "Ontario → Quebec",
        "itinerary_stops": 6,
        "tasks_count": 3
      }
    },
    {
      "type": "Feature",
      "geometry": {
        "type": "Point",
        "coordinates": [
          -89.52,
          48.39
        ]
      },
      "properties": {
        "feature_type": "waypoint",
        "version": "CAN",
        "season": 7,
        "leg_number": 9,
        "city": "Oliver Paipoonge",
        "country": "CAN",
        "continent": "North America",
        "route_header": "Quebec → Ontario",
        "itinerary_stops": 7,
        "tasks_count": 2
      }
    },
    {
      "type": "Feature",
      "geometry": {
        "type": "Point",
        "coordinates": [
          -64.35,
          45.0667
        ]
      },
      "properties": {
        "feature_type": "waypoint",
        "version": "CAN",
        "season": 7,
        "leg_number": 10,
        "city": "Gaspereau",
        "country": "CAN",
        "continent": "North America",
        "route_header": "Ontario → Nova Scotia",
        "itinerary_stops": 8,
        "tasks_count": 4
      }
    },
    {
      "type": "Feature",
      "geometry": {
        "type": "Point",
        "coordinates": [
          -76.4526,
          18.1758
        ]
      },
      "properties": {
        "feature_type": "waypoint",
        "version": "CAN",
        "season": 7,
        "leg_number": 11,
        "city": "Port Antonio",
        "country": "CAN",
        "continent": "North America",
        "route_header": "Nova Scotia → Ontario",
        "itinerary_stops": 12,
        "tasks_count": 4
      }
    },
    {
      "type": "Feature",
      "geometry": {
        "type": "LineString",
        "coordinates": [
          [
            -120.3394,
            50.6758
          ],
          [
            -118.1956,
            50.9981
          ],
          [
            -113.9008,
            53.545
          ],
          [
            -114.37,
            62.4536
          ],
          [
            -124.4,
            49.3
          ],
          [
            -106.6861,
            52.1397
          ],
          [
            -80.5167,
            43.4667
          ],
          [
            -70.3676,
            47.4571
          ],
          [
            -89.52,
            48.39
          ],
          [
            -64.35,
            45.0667
          ],
          [
            -76.4526,
            18.1758
          ]
        ]
      },
      "properties": {
        "feature_type": "route",
        "version": "CAN",
        "season": 7,
        "n_legs": 11,
        "destinations": [
          "Kamloops",
          "Revelstoke",
          "Spruce Grove",
          "Yellowknife",
          "Coombs",
          "Saskatoon",
          "Waterloo",
          "Saint-Joseph-de-la-Rive",
          "Oliver Paipoonge",
          "Gaspereau",
          "Port Antonio"
        ],
        "countries": [
          "CAN"
        ],
        "continents": [
          "North America"
        ],
        "route_summary": "Kamloops (CAN) → Revelstoke (CAN) → Spruce Grove (CAN) → Yellowknife (CAN) → Coombs (CAN) → Saskatoon (CAN) → Waterloo (CAN) → Saint-Joseph-de-la-Rive (CAN) → Oliver Paipoonge (CAN) → Gaspereau (CAN) → Port Antonio (CAN)",
        "distance_miles": 11000.0,
        "distance_km": 17000.0,
        "winners": "Anthony Johnson & James Makokis"
      }
    },
    {
      "type": "Feature",
      "geometry": {
        "type": "Point",
        "coordinates": [
          -73.5698,
          45.5032
        ]
      },
      "properties": {
        "feature_type": "waypoint",
        "version": "CAN",
        "season": 8,
        "leg_number": 1,
        "city": "Montreal",
        "country": "CAN",
        "continent": "North America",
        "route_header": "Quebec",
        "itinerary_stops": 6,
        "tasks_count": 2
      }
    },
    {
      "type": "Feature",
      "geometry": {
        "type": "Point",
        "coordinates": [
          -113.9142,
          49.0517
        ]
      },
      "properties": {
        "feature_type": "waypoint",
        "version": "CAN",
        "season": 8,
        "leg_number": 2,
        "city": "Waterton Park",
        "country": "CAN",
        "continent": "North America",
        "route_header": "Quebec → Alberta",
        "itinerary_stops": 8,
        "tasks_count": 2
      }
    },
    {
      "type": "Feature",
      "geometry": {
        "type": "Point",
        "coordinates": [
          -115.0628,
          49.5042
        ]
      },
      "properties": {
        "feature_type": "waypoint",
        "version": "CAN",
        "season": 8,
        "leg_number": 3,
        "city": "Fernie",
        "country": "CAN",
        "continent": "North America",
        "route_header": "Alberta → British Columbia",
        "itinerary_stops": 6,
        "tasks_count": 2
      }
    },
    {
      "type": "Feature",
      "geometry": {
        "type": "Point",
        "coordinates": [
          -115.3478,
          51.0883
        ]
      },
      "properties": {
        "feature_type": "waypoint",
        "version": "CAN",
        "season": 8,
        "leg_number": 4,
        "city": "Canmore",
        "country": "CAN",
        "continent": "North America",
        "route_header": "British Columbia → Alberta",
        "itinerary_stops": 9,
        "tasks_count": 3
      }
    },
    {
      "type": "Feature",
      "geometry": {
        "type": "Point",
        "coordinates": [
          -119.272,
          50.267
        ]
      },
      "properties": {
        "feature_type": "waypoint",
        "version": "CAN",
        "season": 8,
        "leg_number": 5,
        "city": "Vernon",
        "country": "CAN",
        "continent": "North America",
        "route_header": "Alberta → British Columbia",
        "itinerary_stops": 8,
        "tasks_count": 4
      }
    },
    {
      "type": "Feature",
      "geometry": {
        "type": "Point",
        "coordinates": [
          -0.1275,
          51.5072
        ]
      },
      "properties": {
        "feature_type": "waypoint",
        "version": "CAN",
        "season": 8,
        "leg_number": 6,
        "city": "London",
        "country": "CAN",
        "continent": "North America",
        "route_header": "British Columbia → Ontario",
        "itinerary_stops": 12,
        "tasks_count": 2
      }
    },
    {
      "type": "Feature",
      "geometry": {
        "type": "Point",
        "coordinates": [
          -77.2667,
          43.9
        ]
      },
      "properties": {
        "feature_type": "waypoint",
        "version": "CAN",
        "season": 8,
        "leg_number": 7,
        "city": "Sandbanks Provincial Park",
        "country": "CAN",
        "continent": "North America",
        "route_header": "Ontario",
        "itinerary_stops": 9,
        "tasks_count": 2
      }
    },
    {
      "type": "Feature",
      "geometry": {
        "type": "Point",
        "coordinates": [
          -74.9333,
          45.65
        ]
      },
      "properties": {
        "feature_type": "waypoint",
        "version": "CAN",
        "season": 8,
        "leg_number": 8,
        "city": "Montebello",
        "country": "CAN",
        "continent": "North America",
        "route_header": "Ontario & Quebec",
        "itinerary_stops": 10,
        "tasks_count": 2
      }
    },
    {
      "type": "Feature",
      "geometry": {
        "type": "Point",
        "coordinates": [
          -65.2586,
          47.7861
        ]
      },
      "properties": {
        "feature_type": "waypoint",
        "version": "CAN",
        "season": 8,
        "leg_number": 9,
        "city": "Pokeshaw",
        "country": "CAN",
        "continent": "North America",
        "route_header": "Ontario → New Brunswick",
        "itinerary_stops": 8,
        "tasks_count": 4
      }
    },
    {
      "type": "Feature",
      "geometry": {
        "type": "Point",
        "coordinates": [
          -81.0333,
          44.65
        ]
      },
      "properties": {
        "feature_type": "waypoint",
        "version": "CAN",
        "season": 8,
        "leg_number": 10,
        "city": "Georgian Bluffs",
        "country": "CAN",
        "continent": "North America",
        "route_header": "New Brunswick → Ontario",
        "itinerary_stops": 9,
        "tasks_count": 2
      }
    },
    {
      "type": "Feature",
      "geometry": {
        "type": "Point",
        "coordinates": [
          -123.114,
          49.2609
        ]
      },
      "properties": {
        "feature_type": "waypoint",
        "version": "CAN",
        "season": 8,
        "leg_number": 11,
        "city": "Vancouver",
        "country": "CAN",
        "continent": "North America",
        "route_header": "Ontario → British Columbia",
        "itinerary_stops": 12,
        "tasks_count": 2
      }
    },
    {
      "type": "Feature",
      "geometry": {
        "type": "LineString",
        "coordinates": [
          [
            -73.5698,
            45.5032
          ],
          [
            -113.9142,
            49.0517
          ],
          [
            -115.0628,
            49.5042
          ],
          [
            -115.3478,
            51.0883
          ],
          [
            -119.272,
            50.267
          ],
          [
            -0.1275,
            51.5072
          ],
          [
            -77.2667,
            43.9
          ],
          [
            -74.9333,
            45.65
          ],
          [
            -65.2586,
            47.7861
          ],
          [
            -81.0333,
            44.65
          ],
          [
            -123.114,
            49.2609
          ]
        ]
      },
      "properties": {
        "feature_type": "route",
        "version": "CAN",
        "season": 8,
        "n_legs": 11,
        "destinations": [
          "Montreal",
          "Waterton Park",
          "Fernie",
          "Canmore",
          "Vernon",
          "London",
          "Sandbanks Provincial Park",
          "Montebello",
          "Pokeshaw",
          "Georgian Bluffs",
          "Vancouver"
        ],
        "countries": [
          "CAN"
        ],
        "continents": [
          "North America"
        ],
        "route_summary": "Montreal (CAN) → Waterton Park (CAN) → Fernie (CAN) → Canmore (CAN) → Vernon (CAN) → London (CAN) → Sandbanks Provincial Park (CAN) → Montebello (CAN) → Pokeshaw (CAN) → Georgian Bluffs (CAN) → Vancouver (CAN)",
        "distance_miles": 12000.0,
        "distance_km": 20000.0,
        "winners": "Catherine Wreford & Craig Ramsay"
      }
    },
    {
      "type": "Feature",
      "geometry": {
        "type": "Point",
        "coordinates": [
          -114.0575,
          51.0456
        ]
      },
      "properties": {
        "feature_type": "waypoint",
        "version": "CAN",
        "season": 9,
        "leg_number": 1,
        "city": "Calgary",
        "country": "CAN",
        "continent": "North America",
        "route_header": "Manitoba → Alberta",
        "itinerary_stops": 7,
        "tasks_count": 4
      }
    },
    {
      "type": "Feature",
      "geometry": {
        "type": "Point",
        "coordinates": [
          -127.1761,
          54.7792
        ]
      },
      "properties": {
        "feature_type": "waypoint",
        "version": "CAN",
        "season": 9,
        "leg_number": 2,
        "city": "Smithers",
        "country": "CAN",
        "continent": "North America",
        "route_header": "Alberta → British Columbia",
        "itinerary_stops": 7,
        "tasks_count": 3
      }
    },
    {
      "type": "Feature",
      "geometry": {
        "type": "Point",
        "coordinates": [
          -122.8,
          50.3167
        ]
      },
      "properties": {
        "feature_type": "waypoint",
        "version": "CAN",
        "season": 9,
        "leg_number": 3,
        "city": "Pemberton",
        "country": "CAN",
        "continent": "North America",
        "route_header": "British Columbia",
        "itinerary_stops": 8,
        "tasks_count": 3
      }
    },
    {
      "type": "Feature",
      "geometry": {
        "type": "Point",
        "coordinates": [
          -123.7378,
          48.3761
        ]
      },
      "properties": {
        "feature_type": "waypoint",
        "version": "CAN",
        "season": 9,
        "leg_number": 4,
        "city": "Sooke",
        "country": "CAN",
        "continent": "North America",
        "route_header": "British Columbia",
        "itinerary_stops": 8,
        "tasks_count": 1
      }
    },
    {
      "type": "Feature",
      "geometry": {
        "type": "Point",
        "coordinates": [
          -124.7692,
          48.6361
        ]
      },
      "properties": {
        "feature_type": "waypoint",
        "version": "CAN",
        "season": 9,
        "leg_number": 5,
        "city": "Pacific Rim National Park Reserve",
        "country": "CAN",
        "continent": "North America",
        "route_header": "British Columbia",
        "itinerary_stops": 9,
        "tasks_count": 3
      }
    },
    {
      "type": "Feature",
      "geometry": {
        "type": "Point",
        "coordinates": [
          -79.0717,
          43.2553
        ]
      },
      "properties": {
        "feature_type": "waypoint",
        "version": "CAN",
        "season": 9,
        "leg_number": 6,
        "city": "Niagara-on-the-Lake",
        "country": "CAN",
        "continent": "North America",
        "route_header": "British Columbia → Ontario",
        "itinerary_stops": 8,
        "tasks_count": 3
      }
    },
    {
      "type": "Feature",
      "geometry": {
        "type": "Point",
        "coordinates": [
          -82.5178,
          41.9642
        ]
      },
      "properties": {
        "feature_type": "waypoint",
        "version": "CAN",
        "season": 9,
        "leg_number": 7,
        "city": "Point Pelee National Park",
        "country": "CAN",
        "continent": "North America",
        "route_header": "Ontario",
        "itinerary_stops": 7,
        "tasks_count": 1
      }
    },
    {
      "type": "Feature",
      "geometry": {
        "type": "Point",
        "coordinates": [
          -71.0667,
          48.4167
        ]
      },
      "properties": {
        "feature_type": "waypoint",
        "version": "CAN",
        "season": 9,
        "leg_number": 8,
        "city": "Saguenay",
        "country": "CAN",
        "continent": "North America",
        "route_header": "Ontario → Quebec",
        "itinerary_stops": 9,
        "tasks_count": 3
      }
    },
    {
      "type": "Feature",
      "geometry": {
        "type": "Point",
        "coordinates": [
          -79.3839,
          43.6535
        ]
      },
      "properties": {
        "feature_type": "waypoint",
        "version": "CAN",
        "season": 9,
        "leg_number": 9,
        "city": "Toronto",
        "country": "CAN",
        "continent": "North America",
        "route_header": "Quebec → Ontario",
        "itinerary_stops": 11,
        "tasks_count": 1
      }
    },
    {
      "type": "Feature",
      "geometry": {
        "type": "Point",
        "coordinates": [
          -63.5859,
          44.6486
        ]
      },
      "properties": {
        "feature_type": "waypoint",
        "version": "CAN",
        "season": 9,
        "leg_number": 10,
        "city": "Halifax",
        "country": "CAN",
        "continent": "North America",
        "route_header": "Ontario → Nova Scotia",
        "itinerary_stops": 13,
        "tasks_count": 4
      }
    },
    {
      "type": "Feature",
      "geometry": {
        "type": "LineString",
        "coordinates": [
          [
            -114.0575,
            51.0456
          ],
          [
            -127.1761,
            54.7792
          ],
          [
            -122.8,
            50.3167
          ],
          [
            -123.7378,
            48.3761
          ],
          [
            -124.7692,
            48.6361
          ],
          [
            -79.0717,
            43.2553
          ],
          [
            -82.5178,
            41.9642
          ],
          [
            -71.0667,
            48.4167
          ],
          [
            -79.3839,
            43.6535
          ],
          [
            -63.5859,
            44.6486
          ]
        ]
      },
      "properties": {
        "feature_type": "route",
        "version": "CAN",
        "season": 9,
        "n_legs": 10,
        "destinations": [
          "Calgary",
          "Smithers",
          "Pemberton",
          "Sooke",
          "Pacific Rim National Park Reserve",
          "Niagara-on-the-Lake",
          "Point Pelee National Park",
          "Saguenay",
          "Toronto",
          "Halifax"
        ],
        "countries": [
          "CAN"
        ],
        "continents": [
          "North America"
        ],
        "route_summary": "Calgary (CAN) → Smithers (CAN) → Pemberton (CAN) → Sooke (CAN) → Pacific Rim National Park Reserve (CAN) → Niagara-on-the-Lake (CAN) → Point Pelee National Park (CAN) → Saguenay (CAN) → Toronto (CAN) → Halifax (CAN)",
        "distance_miles": 7500.0,
        "distance_km": 12000.0,
        "winners": "Ty Smith & Kat Kastner"
      }
    },
    {
      "type": "Feature",
      "geometry": {
        "type": "Point",
        "coordinates": [
          -79.1067,
          43.06
        ]
      },
      "properties": {
        "feature_type": "waypoint",
        "version": "CAN",
        "season": 10,
        "leg_number": 1,
        "city": "Niagara Falls",
        "country": "CAN",
        "continent": "North America",
        "route_header": "Ontario",
        "itinerary_stops": 7,
        "tasks_count": 3
      }
    },
    {
      "type": "Feature",
      "geometry": {
        "type": "Point",
        "coordinates": [
          -123.6167,
          49.4167
        ]
      },
      "properties": {
        "feature_type": "waypoint",
        "version": "CAN",
        "season": 10,
        "leg_number": 2,
        "city": "Roberts Creek",
        "country": "CAN",
        "continent": "North America",
        "route_header": "Ontario → British Columbia",
        "itinerary_stops": 9,
        "tasks_count": 4
      }
    },
    {
      "type": "Feature",
      "geometry": {
        "type": "Point",
        "coordinates": [
          -123.1333,
          49.1667
        ]
      },
      "properties": {
        "feature_type": "waypoint",
        "version": "CAN",
        "season": 10,
        "leg_number": 3,
        "city": "Richmond",
        "country": "CAN",
        "continent": "North America",
        "route_header": "British Columbia",
        "itinerary_stops": 5,
        "tasks_count": 0
      }
    },
    {
      "type": "Feature",
      "geometry": {
        "type": "Point",
        "coordinates": [
          -119.55,
          49.1833
        ]
      },
      "properties": {
        "feature_type": "waypoint",
        "version": "CAN",
        "season": 10,
        "leg_number": 4,
        "city": "Oliver",
        "country": "CAN",
        "continent": "North America",
        "route_header": "British Columbia",
        "itinerary_stops": 7,
        "tasks_count": 4
      }
    },
    {
      "type": "Feature",
      "geometry": {
        "type": "Point",
        "coordinates": [
          -101.0961,
          50.8347
        ]
      },
      "properties": {
        "feature_type": "waypoint",
        "version": "CAN",
        "season": 10,
        "leg_number": 5,
        "city": "Rural Municipality of Riding Mountain West",
        "country": "CAN",
        "continent": "North America",
        "route_header": "British Columbia → Saskatchewan → Manitoba",
        "itinerary_stops": 9,
        "tasks_count": 4
      }
    },
    {
      "type": "Feature",
      "geometry": {
        "type": "Point",
        "coordinates": [
          -80.2289,
          43.5358
        ]
      },
      "properties": {
        "feature_type": "waypoint",
        "version": "CAN",
        "season": 10,
        "leg_number": 6,
        "city": "Guelph",
        "country": "CAN",
        "continent": "North America",
        "route_header": "Saskatchewan → Ontario",
        "itinerary_stops": 9,
        "tasks_count": 4
      }
    },
    {
      "type": "Feature",
      "geometry": {
        "type": "Point",
        "coordinates": [
          -72.75,
          46.5667
        ]
      },
      "properties": {
        "feature_type": "waypoint",
        "version": "CAN",
        "season": 10,
        "leg_number": 7,
        "city": "Shawinigan",
        "country": "CAN",
        "continent": "North America",
        "route_header": "Ontario → Quebec",
        "itinerary_stops": 8,
        "tasks_count": 2
      }
    },
    {
      "type": "Feature",
      "geometry": {
        "type": "Point",
        "coordinates": [
          -74.9667,
          45.0833
        ]
      },
      "properties": {
        "feature_type": "waypoint",
        "version": "CAN",
        "season": 10,
        "leg_number": 8,
        "city": "South Stormont",
        "country": "CAN",
        "continent": "North America",
        "route_header": "Quebec → Ontario",
        "itinerary_stops": 7,
        "tasks_count": 2
      }
    },
    {
      "type": "Feature",
      "geometry": {
        "type": "Point",
        "coordinates": [
          -65.5089,
          47.0225
        ]
      },
      "properties": {
        "feature_type": "waypoint",
        "version": "CAN",
        "season": 10,
        "leg_number": 9,
        "city": "Miramichi",
        "country": "CAN",
        "continent": "North America",
        "route_header": "Ontario → Quebec → New Brunswick",
        "itinerary_stops": 8,
        "tasks_count": 3
      }
    },
    {
      "type": "Feature",
      "geometry": {
        "type": "Point",
        "coordinates": [
          -113.4912,
          53.5462
        ]
      },
      "properties": {
        "feature_type": "waypoint",
        "version": "CAN",
        "season": 10,
        "leg_number": 10,
        "city": "Edmonton",
        "country": "CAN",
        "continent": "North America",
        "route_header": "New Brunswick → Alberta",
        "itinerary_stops": 14,
        "tasks_count": 4
      }
    },
    {
      "type": "Feature",
      "geometry": {
        "type": "LineString",
        "coordinates": [
          [
            -79.1067,
            43.06
          ],
          [
            -123.6167,
            49.4167
          ],
          [
            -123.1333,
            49.1667
          ],
          [
            -119.55,
            49.1833
          ],
          [
            -101.0961,
            50.8347
          ],
          [
            -80.2289,
            43.5358
          ],
          [
            -72.75,
            46.5667
          ],
          [
            -74.9667,
            45.0833
          ],
          [
            -65.5089,
            47.0225
          ],
          [
            -113.4912,
            53.5462
          ]
        ]
      },
      "properties": {
        "feature_type": "route",
        "version": "CAN",
        "season": 10,
        "n_legs": 10,
        "destinations": [
          "Niagara Falls",
          "Roberts Creek",
          "Richmond",
          "Oliver",
          "Rural Municipality of Riding Mountain West",
          "Guelph",
          "Shawinigan",
          "South Stormont",
          "Miramichi",
          "Edmonton"
        ],
        "countries": [
          "CAN"
        ],
        "continents": [
          "North America"
        ],
        "route_summary": "Niagara Falls (CAN) → Roberts Creek (CAN) → Richmond (CAN) → Oliver (CAN) → Rural Municipality of Riding Mountain West (CAN) → Guelph (CAN) → Shawinigan (CAN) → South Stormont (CAN) → Miramichi (CAN) → Edmonton (CAN)",
        "distance_miles": 9900.0,
        "distance_km": 16000.0,
        "winners": "Taylor McPherson & Katie Mulkay"
      }
    },
    {
      "type": "Feature",
      "geometry": {
        "type": "Point",
        "coordinates": [
          25.7861,
          -17.8074
        ]
      },
      "properties": {
        "feature_type": "waypoint",
        "version": "US",
        "season": 1,
        "leg_number": 1,
        "city": "Livingstone District",
        "country": "ZMB",
        "continent": "Africa",
        "route_header": "United States → South Africa → Zambia",
        "itinerary_stops": 7,
        "tasks_count": 5
      }
    },
    {
      "type": "Feature",
      "geometry": {
        "type": "Point",
        "coordinates": [
          2.3522,
          48.8567
        ]
      },
      "properties": {
        "feature_type": "waypoint",
        "version": "US",
        "season": 1,
        "leg_number": 2,
        "city": "Paris",
        "country": "FRA",
        "continent": "Europe",
        "route_header": "Zambia → South Africa → France",
        "itinerary_stops": 9,
        "tasks_count": 4
      }
    },
    {
      "type": "Feature",
      "geometry": {
        "type": "Point",
        "coordinates": [
          4.7953,
          43.7439
        ]
      },
      "properties": {
        "feature_type": "waypoint",
        "version": "US",
        "season": 1,
        "leg_number": 3,
        "city": "Les Baux-de-Provence",
        "country": "FRA",
        "continent": "Europe",
        "route_header": "France",
        "itinerary_stops": 8,
        "tasks_count": 5
      }
    },
    {
      "type": "Feature",
      "geometry": {
        "type": "Point",
        "coordinates": [
          10.6834,
          35.3219
        ]
      },
      "properties": {
        "feature_type": "waypoint",
        "version": "US",
        "season": 1,
        "leg_number": 4,
        "city": "El Djem",
        "country": "TUN",
        "continent": "Africa",
        "route_header": "France → Tunisia",
        "itinerary_stops": 5,
        "tasks_count": 3
      }
    },
    {
      "type": "Feature",
      "geometry": {
        "type": "Point",
        "coordinates": [
          9.0814,
          33.0727
        ]
      },
      "properties": {
        "feature_type": "waypoint",
        "version": "US",
        "season": 1,
        "leg_number": 5,
        "city": "Jebil National Park",
        "country": "TUN",
        "continent": "Africa",
        "route_header": "Tunisia",
        "itinerary_stops": 5,
        "tasks_count": 4
      }
    },
    {
      "type": "Feature",
      "geometry": {
        "type": "Point",
        "coordinates": [
          11.1333,
          44.6637
        ]
      },
      "properties": {
        "feature_type": "waypoint",
        "version": "US",
        "season": 1,
        "leg_number": 6,
        "city": "Sant'Agata Bolognese",
        "country": "ITA",
        "continent": "Europe",
        "route_header": "Tunisia → Italy",
        "itinerary_stops": 9,
        "tasks_count": 3
      }
    },
    {
      "type": "Feature",
      "geometry": {
        "type": "Point",
        "coordinates": [
          78.02,
          27.18
        ]
      },
      "properties": {
        "feature_type": "waypoint",
        "version": "US",
        "season": 1,
        "leg_number": 7,
        "city": "Agra",
        "country": "IND",
        "continent": "Asia",
        "route_header": "Italy → India",
        "itinerary_stops": 8,
        "tasks_count": 4
      }
    },
    {
      "type": "Feature",
      "geometry": {
        "type": "Point",
        "coordinates": [
          73.3171,
          28.0159
        ]
      },
      "properties": {
        "feature_type": "waypoint",
        "version": "US",
        "season": 1,
        "leg_number": 8,
        "city": "Bikaner",
        "country": "IND",
        "continent": "Asia",
        "route_header": "India",
        "itinerary_stops": 8,
        "tasks_count": 3
      }
    },
    {
      "type": "Feature",
      "geometry": {
        "type": "Point",
        "coordinates": [
          99.1097,
          8.1112
        ]
      },
      "properties": {
        "feature_type": "waypoint",
        "version": "US",
        "season": 1,
        "leg_number": 9,
        "city": "Krabi",
        "country": "THA",
        "continent": "Asia",
        "route_header": "India → Thailand",
        "itinerary_stops": 8,
        "tasks_count": 5
      }
    },
    {
      "type": "Feature",
      "geometry": {
        "type": "Point",
        "coordinates": [
          98.7655,
          7.7212
        ]
      },
      "properties": {
        "feature_type": "waypoint",
        "version": "US",
        "season": 1,
        "leg_number": 10,
        "city": "Ao Nang",
        "country": "THA",
        "continent": "Asia",
        "route_header": "Thailand",
        "itinerary_stops": 9,
        "tasks_count": 4
      }
    },
    {
      "type": "Feature",
      "geometry": {
        "type": "Point",
        "coordinates": [
          116.3913,
          39.9057
        ]
      },
      "properties": {
        "feature_type": "waypoint",
        "version": "US",
        "season": 1,
        "leg_number": 11,
        "city": "Beijing",
        "country": "CHN",
        "continent": "Asia",
        "route_header": "Thailand → China",
        "itinerary_stops": 7,
        "tasks_count": 3
      }
    },
    {
      "type": "Feature",
      "geometry": {
        "type": "Point",
        "coordinates": [
          -150.3508,
          62.3081
        ]
      },
      "properties": {
        "feature_type": "waypoint",
        "version": "US",
        "season": 1,
        "leg_number": 12,
        "city": "Trapper Creek",
        "country": "USA",
        "continent": "North America",
        "route_header": "China → United States",
        "itinerary_stops": 8,
        "tasks_count": 3
      }
    },
    {
      "type": "Feature",
      "geometry": {
        "type": "Point",
        "coordinates": [
          -74.006,
          40.7127
        ]
      },
      "properties": {
        "feature_type": "waypoint",
        "version": "US",
        "season": 1,
        "leg_number": 13,
        "city": "New York City",
        "country": "USA",
        "continent": "North America",
        "route_header": "United States",
        "itinerary_stops": 8,
        "tasks_count": 4
      }
    },
    {
      "type": "Feature",
      "geometry": {
        "type": "LineString",
        "coordinates": [
          [
            25.7861,
            -17.8074
          ],
          [
            2.3522,
            48.8567
          ],
          [
            4.7953,
            43.7439
          ],
          [
            10.6834,
            35.3219
          ],
          [
            9.0814,
            33.0727
          ],
          [
            11.1333,
            44.6637
          ],
          [
            78.02,
            27.18
          ],
          [
            73.3171,
            28.0159
          ],
          [
            99.1097,
            8.1112
          ],
          [
            98.7655,
            7.7212
          ],
          [
            116.3913,
            39.9057
          ],
          [
            -150.3508,
            62.3081
          ],
          [
            -74.006,
            40.7127
          ]
        ]
      },
      "properties": {
        "feature_type": "route",
        "version": "US",
        "season": 1,
        "n_legs": 13,
        "destinations": [
          "Livingstone District",
          "Paris",
          "Les Baux-de-Provence",
          "El Djem",
          "Jebil National Park",
          "Sant'Agata Bolognese",
          "Agra",
          "Bikaner",
          "Krabi",
          "Ao Nang",
          "Beijing",
          "Trapper Creek",
          "New York City"
        ],
        "countries": [
          "ZMB",
          "FRA",
          "TUN",
          "ITA",
          "IND",
          "THA",
          "CHN",
          "USA"
        ],
        "continents": [
          "Africa",
          "Europe",
          "Asia",
          "North America"
        ],
        "route_summary": "Livingstone District (ZMB) → Paris (FRA) → Les Baux-de-Provence (FRA) → El Djem (TUN) → Jebil National Park (TUN) → Sant'Agata Bolognese (ITA) → Agra (IND) → Bikaner (IND) → Krabi (THA) → Ao Nang (THA) → Beijing (CHN) → Trapper Creek (USA) → New York City (USA)",
        "distance_miles": 35000.0,
        "distance_km": 56000.0,
        "winners": "Rob Frisbee and Brennan Swain"
      }
    },
    {
      "type": "Feature",
      "geometry": {
        "type": "Point",
        "coordinates": [
          -43.2056,
          -22.9111
        ]
      },
      "properties": {
        "feature_type": "waypoint",
        "version": "US",
        "season": 2,
        "leg_number": 1,
        "city": "Rio de Janeiro",
        "country": "BRA",
        "continent": "South America",
        "route_header": "United States → Brazil",
        "itinerary_stops": 10,
        "tasks_count": 2
      }
    },
    {
      "type": "Feature",
      "geometry": {
        "type": "Point",
        "coordinates": [
          -53.7771,
          -25.3751
        ]
      },
      "properties": {
        "feature_type": "waypoint",
        "version": "US",
        "season": 2,
        "leg_number": 2,
        "city": "Iguaçu National Park",
        "country": "BRA",
        "continent": "South America",
        "route_header": "Brazil",
        "itinerary_stops": 8,
        "tasks_count": 6
      }
    },
    {
      "type": "Feature",
      "geometry": {
        "type": "Point",
        "coordinates": [
          18.8614,
          -33.9367
        ]
      },
      "properties": {
        "feature_type": "waypoint",
        "version": "US",
        "season": 2,
        "leg_number": 3,
        "city": "Stellenbosch",
        "country": "ZAF",
        "continent": "Africa",
        "route_header": "Brazil → South Africa",
        "itinerary_stops": 9,
        "tasks_count": 3
      }
    },
    {
      "type": "Feature",
      "geometry": {
        "type": "Point",
        "coordinates": [
          17.0,
          -22.8
        ]
      },
      "properties": {
        "feature_type": "waypoint",
        "version": "US",
        "season": 2,
        "leg_number": 4,
        "city": "Khomas Region",
        "country": "NAM",
        "continent": "Africa",
        "route_header": "South Africa → Namibia",
        "itinerary_stops": 8,
        "tasks_count": 7
      }
    },
    {
      "type": "Feature",
      "geometry": {
        "type": "Point",
        "coordinates": [
          99.9553,
          13.425
        ]
      },
      "properties": {
        "feature_type": "waypoint",
        "version": "US",
        "season": 2,
        "leg_number": 5,
        "city": "Amphawa",
        "country": "THA",
        "continent": "Asia",
        "route_header": "Namibia → Thailand",
        "itinerary_stops": 7,
        "tasks_count": 3
      }
    },
    {
      "type": "Feature",
      "geometry": {
        "type": "Point",
        "coordinates": [
          98.9462,
          19.5358
        ]
      },
      "properties": {
        "feature_type": "waypoint",
        "version": "US",
        "season": 2,
        "leg_number": 6,
        "city": "Chiang Dao District",
        "country": "THA",
        "continent": "Asia",
        "route_header": "Thailand",
        "itinerary_stops": 8,
        "tasks_count": 3
      }
    },
    {
      "type": "Feature",
      "geometry": {
        "type": "Point",
        "coordinates": [
          114.2,
          22.3
        ]
      },
      "properties": {
        "feature_type": "waypoint",
        "version": "US",
        "season": 2,
        "leg_number": 7,
        "city": "Hong Kong",
        "country": "HKG",
        "continent": "Asia",
        "route_header": "Thailand → Hong Kong",
        "itinerary_stops": 9,
        "tasks_count": 6
      }
    },
    {
      "type": "Feature",
      "geometry": {
        "type": "Point",
        "coordinates": [
          151.2093,
          -33.8688
        ]
      },
      "properties": {
        "feature_type": "waypoint",
        "version": "US",
        "season": 2,
        "leg_number": 8,
        "city": "Sydney",
        "country": "AUS",
        "continent": "Oceania",
        "route_header": "Hong Kong → Australia",
        "itinerary_stops": 9,
        "tasks_count": 4
      }
    },
    {
      "type": "Feature",
      "geometry": {
        "type": "Point",
        "coordinates": [
          134.45,
          -28.9667
        ]
      },
      "properties": {
        "feature_type": "waypoint",
        "version": "US",
        "season": 2,
        "leg_number": 9,
        "city": "Breakaways National Park",
        "country": "AUS",
        "continent": "Oceania",
        "route_header": "Australia",
        "itinerary_stops": 10,
        "tasks_count": 4
      }
    },
    {
      "type": "Feature",
      "geometry": {
        "type": "Point",
        "coordinates": [
          171.4024,
          -43.7056
        ]
      },
      "properties": {
        "feature_type": "waypoint",
        "version": "US",
        "season": 2,
        "leg_number": 10,
        "city": "Mount Somers",
        "country": "NZL",
        "continent": "Oceania",
        "route_header": "Australia → New Zealand",
        "itinerary_stops": 9,
        "tasks_count": 4
      }
    },
    {
      "type": "Feature",
      "geometry": {
        "type": "Point",
        "coordinates": [
          174.7632,
          -36.8521
        ]
      },
      "properties": {
        "feature_type": "waypoint",
        "version": "US",
        "season": 2,
        "leg_number": 11,
        "city": "Auckland",
        "country": "NZL",
        "continent": "Oceania",
        "route_header": "New Zealand",
        "itinerary_stops": 7,
        "tasks_count": 5
      }
    },
    {
      "type": "Feature",
      "geometry": {
        "type": "Point",
        "coordinates": [
          -156.1098,
          20.6404
        ]
      },
      "properties": {
        "feature_type": "waypoint",
        "version": "US",
        "season": 2,
        "leg_number": 12,
        "city": "Mokulau",
        "country": "USA",
        "continent": "North America",
        "route_header": "New Zealand → United States",
        "itinerary_stops": 8,
        "tasks_count": 3
      }
    },
    {
      "type": "Feature",
      "geometry": {
        "type": "Point",
        "coordinates": [
          -122.4853,
          37.8592
        ]
      },
      "properties": {
        "feature_type": "waypoint",
        "version": "US",
        "season": 2,
        "leg_number": 13,
        "city": "Sausalito",
        "country": "USA",
        "continent": "North America",
        "route_header": "United States",
        "itinerary_stops": 12,
        "tasks_count": 2
      }
    },
    {
      "type": "Feature",
      "geometry": {
        "type": "LineString",
        "coordinates": [
          [
            -43.2056,
            -22.9111
          ],
          [
            -53.7771,
            -25.3751
          ],
          [
            18.8614,
            -33.9367
          ],
          [
            17.0,
            -22.8
          ],
          [
            99.9553,
            13.425
          ],
          [
            98.9462,
            19.5358
          ],
          [
            114.2,
            22.3
          ],
          [
            151.2093,
            -33.8688
          ],
          [
            134.45,
            -28.9667
          ],
          [
            171.4024,
            -43.7056
          ],
          [
            174.7632,
            -36.8521
          ],
          [
            -156.1098,
            20.6404
          ],
          [
            -122.4853,
            37.8592
          ]
        ]
      },
      "properties": {
        "feature_type": "route",
        "version": "US",
        "season": 2,
        "n_legs": 13,
        "destinations": [
          "Rio de Janeiro",
          "Iguaçu National Park",
          "Stellenbosch",
          "Khomas Region",
          "Amphawa",
          "Chiang Dao District",
          "Hong Kong",
          "Sydney",
          "Breakaways National Park",
          "Mount Somers",
          "Auckland",
          "Mokulau",
          "Sausalito"
        ],
        "countries": [
          "BRA",
          "ZAF",
          "NAM",
          "THA",
          "HKG",
          "AUS",
          "NZL",
          "USA"
        ],
        "continents": [
          "South America",
          "Africa",
          "Asia",
          "Oceania",
          "North America"
        ],
        "route_summary": "Rio de Janeiro (BRA) → Iguaçu National Park (BRA) → Stellenbosch (ZAF) → Khomas Region (NAM) → Amphawa (THA) → Chiang Dao District (THA) → Hong Kong (HKG) → Sydney (AUS) → Breakaways National Park (AUS) → Mount Somers (NZL) → Auckland (NZL) → Mokulau (USA) → Sausalito (USA)",
        "distance_miles": 52000.0,
        "distance_km": 84000.0,
        "winners": "Chris Luca and Alex Boylan"
      }
    },
    {
      "type": "Feature",
      "geometry": {
        "type": "Point",
        "coordinates": [
          -99.3105,
          18.5783
        ]
      },
      "properties": {
        "feature_type": "waypoint",
        "version": "US",
        "season": 3,
        "leg_number": 1,
        "city": "Puente de Ixtla",
        "country": "MEX",
        "continent": "North America",
        "route_header": "United States → Mexico",
        "itinerary_stops": 8,
        "tasks_count": 3
      }
    },
    {
      "type": "Feature",
      "geometry": {
        "type": "Point",
        "coordinates": [
          -87.6529,
          20.4296
        ]
      },
      "properties": {
        "feature_type": "waypoint",
        "version": "US",
        "season": 3,
        "leg_number": 2,
        "city": "Tulum",
        "country": "MEX",
        "continent": "North America",
        "route_header": "Mexico",
        "itinerary_stops": 10,
        "tasks_count": 5
      }
    },
    {
      "type": "Feature",
      "geometry": {
        "type": "Point",
        "coordinates": [
          -2.2088,
          56.964
        ]
      },
      "properties": {
        "feature_type": "waypoint",
        "version": "US",
        "season": 3,
        "leg_number": 3,
        "city": "Stonehaven",
        "country": "GBR",
        "continent": "Europe",
        "route_header": "Mexico → England → Scotland",
        "itinerary_stops": 8,
        "tasks_count": 5
      }
    },
    {
      "type": "Feature",
      "geometry": {
        "type": "Point",
        "coordinates": [
          -9.15,
          38.7253
        ]
      },
      "properties": {
        "feature_type": "waypoint",
        "version": "US",
        "season": 3,
        "leg_number": 4,
        "city": "Lisbon",
        "country": "PRT",
        "continent": "Europe",
        "route_header": "Scotland → Portugal",
        "itinerary_stops": 7,
        "tasks_count": 4
      }
    },
    {
      "type": "Feature",
      "geometry": {
        "type": "Point",
        "coordinates": [
          -5.0162,
          34.0347
        ]
      },
      "properties": {
        "feature_type": "waypoint",
        "version": "US",
        "season": 3,
        "leg_number": 5,
        "city": "Fez",
        "country": "MAR",
        "continent": "Africa",
        "route_header": "Portugal → Spain → Morocco",
        "itinerary_stops": 6,
        "tasks_count": 4
      }
    },
    {
      "type": "Feature",
      "geometry": {
        "type": "Point",
        "coordinates": [
          -8.0089,
          31.63
        ]
      },
      "properties": {
        "feature_type": "waypoint",
        "version": "US",
        "season": 3,
        "leg_number": 6,
        "city": "Marrakesh",
        "country": "MAR",
        "continent": "Africa",
        "route_header": "Morocco",
        "itinerary_stops": 7,
        "tasks_count": 4
      }
    },
    {
      "type": "Feature",
      "geometry": {
        "type": "Point",
        "coordinates": [
          10.7589,
          47.5797
        ]
      },
      "properties": {
        "feature_type": "waypoint",
        "version": "US",
        "season": 3,
        "leg_number": 7,
        "city": "Schwangau",
        "country": "DEU",
        "continent": "Europe",
        "route_header": "Morocco → Germany & Austria",
        "itinerary_stops": 9,
        "tasks_count": 6
      }
    },
    {
      "type": "Feature",
      "geometry": {
        "type": "Point",
        "coordinates": [
          8.0367,
          46.6243
        ]
      },
      "properties": {
        "feature_type": "waypoint",
        "version": "US",
        "season": 3,
        "leg_number": 8,
        "city": "Grindelwald",
        "country": "CHE",
        "continent": "Europe",
        "route_header": "Germany → Switzerland",
        "itinerary_stops": 11,
        "tasks_count": 3
      }
    },
    {
      "type": "Feature",
      "geometry": {
        "type": "Point",
        "coordinates": [
          6.9125,
          46.435
        ]
      },
      "properties": {
        "feature_type": "waypoint",
        "version": "US",
        "season": 3,
        "leg_number": 9,
        "city": "Montreux",
        "country": "CHE",
        "continent": "Europe",
        "route_header": "Switzerland",
        "itinerary_stops": 10,
        "tasks_count": 6
      }
    },
    {
      "type": "Feature",
      "geometry": {
        "type": "Point",
        "coordinates": [
          103.852,
          1.2903
        ]
      },
      "properties": {
        "feature_type": "waypoint",
        "version": "US",
        "season": 3,
        "leg_number": 10,
        "city": "Singapore",
        "country": "SGP",
        "continent": "Asia",
        "route_header": "Switzerland → Malaysia → Singapore",
        "itinerary_stops": 10,
        "tasks_count": 1
      }
    },
    {
      "type": "Feature",
      "geometry": {
        "type": "Point",
        "coordinates": [
          106.7019,
          10.7756
        ]
      },
      "properties": {
        "feature_type": "waypoint",
        "version": "US",
        "season": 3,
        "leg_number": 11,
        "city": "Ho Chi Minh City",
        "country": "VNM",
        "continent": "Asia",
        "route_header": "Singapore → Vietnam",
        "itinerary_stops": 7,
        "tasks_count": 3
      }
    },
    {
      "type": "Feature",
      "geometry": {
        "type": "Point",
        "coordinates": [
          108.224,
          16.0685
        ]
      },
      "properties": {
        "feature_type": "waypoint",
        "version": "US",
        "season": 3,
        "leg_number": 12,
        "city": "Da Nang",
        "country": "VNM",
        "continent": "Asia",
        "route_header": "Vietnam",
        "itinerary_stops": 8,
        "tasks_count": 4
      }
    },
    {
      "type": "Feature",
      "geometry": {
        "type": "Point",
        "coordinates": [
          -122.3301,
          47.6038
        ]
      },
      "properties": {
        "feature_type": "waypoint",
        "version": "US",
        "season": 3,
        "leg_number": 13,
        "city": "Seattle",
        "country": "USA",
        "continent": "North America",
        "route_header": "Vietnam → United States",
        "itinerary_stops": 13,
        "tasks_count": 3
      }
    },
    {
      "type": "Feature",
      "geometry": {
        "type": "LineString",
        "coordinates": [
          [
            -99.3105,
            18.5783
          ],
          [
            -87.6529,
            20.4296
          ],
          [
            -2.2088,
            56.964
          ],
          [
            -9.15,
            38.7253
          ],
          [
            -5.0162,
            34.0347
          ],
          [
            -8.0089,
            31.63
          ],
          [
            10.7589,
            47.5797
          ],
          [
            8.0367,
            46.6243
          ],
          [
            6.9125,
            46.435
          ],
          [
            103.852,
            1.2903
          ],
          [
            106.7019,
            10.7756
          ],
          [
            108.224,
            16.0685
          ],
          [
            -122.3301,
            47.6038
          ]
        ]
      },
      "properties": {
        "feature_type": "route",
        "version": "US",
        "season": 3,
        "n_legs": 13,
        "destinations": [
          "Puente de Ixtla",
          "Tulum",
          "Stonehaven",
          "Lisbon",
          "Fez",
          "Marrakesh",
          "Schwangau",
          "Grindelwald",
          "Montreux",
          "Singapore",
          "Ho Chi Minh City",
          "Da Nang",
          "Seattle"
        ],
        "countries": [
          "MEX",
          "GBR",
          "PRT",
          "MAR",
          "DEU",
          "CHE",
          "SGP",
          "VNM",
          "USA"
        ],
        "continents": [
          "North America",
          "Europe",
          "Africa",
          "Asia"
        ],
        "route_summary": "Puente de Ixtla (MEX) → Tulum (MEX) → Stonehaven (GBR) → Lisbon (PRT) → Fez (MAR) → Marrakesh (MAR) → Schwangau (DEU) → Grindelwald (CHE) → Montreux (CHE) → Singapore (SGP) → Ho Chi Minh City (VNM) → Da Nang (VNM) → Seattle (USA)",
        "distance_miles": 41000.0,
        "distance_km": 66000.0,
        "winners": "Flo Pesenti and Zach Behr"
      }
    },
    {
      "type": "Feature",
      "geometry": {
        "type": "Point",
        "coordinates": [
          12.1323,
          46.5685
        ]
      },
      "properties": {
        "feature_type": "waypoint",
        "version": "US",
        "season": 4,
        "leg_number": 1,
        "city": "Cortina d'Ampezzo",
        "country": "ITA",
        "continent": "Europe",
        "route_header": "United States → Italy",
        "itinerary_stops": 7,
        "tasks_count": 3
      }
    },
    {
      "type": "Feature",
      "geometry": {
        "type": "Point",
        "coordinates": [
          12.3358,
          45.4375
        ]
      },
      "properties": {
        "feature_type": "waypoint",
        "version": "US",
        "season": 4,
        "leg_number": 2,
        "city": "Venice",
        "country": "ITA",
        "continent": "Europe",
        "route_header": "Italy",
        "itinerary_stops": 7,
        "tasks_count": 5
      }
    },
    {
      "type": "Feature",
      "geometry": {
        "type": "Point",
        "coordinates": [
          13.8003,
          47.9186
        ]
      },
      "properties": {
        "feature_type": "waypoint",
        "version": "US",
        "season": 4,
        "leg_number": 3,
        "city": "Gmunden",
        "country": "AUT",
        "continent": "Europe",
        "route_header": "Italy → Austria",
        "itinerary_stops": 9,
        "tasks_count": 6
      }
    },
    {
      "type": "Feature",
      "geometry": {
        "type": "Point",
        "coordinates": [
          4.8325,
          43.79
        ]
      },
      "properties": {
        "feature_type": "waypoint",
        "version": "US",
        "season": 4,
        "leg_number": 4,
        "city": "Saint-Rémy-de-Provence",
        "country": "FRA",
        "continent": "Europe",
        "route_header": "Austria → France",
        "itinerary_stops": 9,
        "tasks_count": 6
      }
    },
    {
      "type": "Feature",
      "geometry": {
        "type": "Point",
        "coordinates": [
          5.0667,
          52.3333
        ]
      },
      "properties": {
        "feature_type": "waypoint",
        "version": "US",
        "season": 4,
        "leg_number": 5,
        "city": "Muiden",
        "country": "NLD",
        "continent": "Europe",
        "route_header": "France → Netherlands",
        "itinerary_stops": 8,
        "tasks_count": 3
      }
    },
    {
      "type": "Feature",
      "geometry": {
        "type": "Point",
        "coordinates": [
          72.8775,
          19.0761
        ]
      },
      "properties": {
        "feature_type": "waypoint",
        "version": "US",
        "season": 4,
        "leg_number": 6,
        "city": "Mumbai",
        "country": "IND",
        "continent": "Asia",
        "route_header": "Netherlands → India",
        "itinerary_stops": 7,
        "tasks_count": 3
      }
    },
    {
      "type": "Feature",
      "geometry": {
        "type": "Point",
        "coordinates": [
          76.321,
          9.4939
        ]
      },
      "properties": {
        "feature_type": "waypoint",
        "version": "US",
        "season": 4,
        "leg_number": 7,
        "city": "Alleppey",
        "country": "IND",
        "continent": "Asia",
        "route_header": "India",
        "itinerary_stops": 6,
        "tasks_count": 4
      }
    },
    {
      "type": "Feature",
      "geometry": {
        "type": "Point",
        "coordinates": [
          116.0266,
          6.0187
        ]
      },
      "properties": {
        "feature_type": "waypoint",
        "version": "US",
        "season": 4,
        "leg_number": 8,
        "city": "Tunku Abdul Rahman National Park",
        "country": "MYS",
        "continent": "Asia",
        "route_header": "India → Malaysia",
        "itinerary_stops": 6,
        "tasks_count": 3
      }
    },
    {
      "type": "Feature",
      "geometry": {
        "type": "Point",
        "coordinates": [
          117.9493,
          5.8656
        ]
      },
      "properties": {
        "feature_type": "waypoint",
        "version": "US",
        "season": 4,
        "leg_number": 9,
        "city": "Sepilok",
        "country": "MYS",
        "continent": "Asia",
        "route_header": "Malaysia",
        "itinerary_stops": 6,
        "tasks_count": 5
      }
    },
    {
      "type": "Feature",
      "geometry": {
        "type": "Point",
        "coordinates": [
          126.9783,
          37.5667
        ]
      },
      "properties": {
        "feature_type": "waypoint",
        "version": "US",
        "season": 4,
        "leg_number": 10,
        "city": "Seoul",
        "country": "KOR",
        "continent": "Asia",
        "route_header": "Malaysia → South Korea",
        "itinerary_stops": 9,
        "tasks_count": 4
      }
    },
    {
      "type": "Feature",
      "geometry": {
        "type": "Point",
        "coordinates": [
          153.1132,
          -26.6853
        ]
      },
      "properties": {
        "feature_type": "waypoint",
        "version": "US",
        "season": 4,
        "leg_number": 11,
        "city": "Mooloolaba",
        "country": "AUS",
        "continent": "Oceania",
        "route_header": "South Korea → Australia",
        "itinerary_stops": 7,
        "tasks_count": 6
      }
    },
    {
      "type": "Feature",
      "geometry": {
        "type": "Point",
        "coordinates": [
          145.6722,
          -16.7258
        ]
      },
      "properties": {
        "feature_type": "waypoint",
        "version": "US",
        "season": 4,
        "leg_number": 12,
        "city": "Ellis Beach",
        "country": "AUS",
        "continent": "Oceania",
        "route_header": "Australia",
        "itinerary_stops": 8,
        "tasks_count": 3
      }
    },
    {
      "type": "Feature",
      "geometry": {
        "type": "Point",
        "coordinates": [
          -112.0739,
          33.4483
        ]
      },
      "properties": {
        "feature_type": "waypoint",
        "version": "US",
        "season": 4,
        "leg_number": 13,
        "city": "Phoenix",
        "country": "USA",
        "continent": "North America",
        "route_header": "Australia → United States",
        "itinerary_stops": 12,
        "tasks_count": 3
      }
    },
    {
      "type": "Feature",
      "geometry": {
        "type": "LineString",
        "coordinates": [
          [
            12.1323,
            46.5685
          ],
          [
            12.3358,
            45.4375
          ],
          [
            13.8003,
            47.9186
          ],
          [
            4.8325,
            43.79
          ],
          [
            5.0667,
            52.3333
          ],
          [
            72.8775,
            19.0761
          ],
          [
            76.321,
            9.4939
          ],
          [
            116.0266,
            6.0187
          ],
          [
            117.9493,
            5.8656
          ],
          [
            126.9783,
            37.5667
          ],
          [
            153.1132,
            -26.6853
          ],
          [
            145.6722,
            -16.7258
          ],
          [
            -112.0739,
            33.4483
          ]
        ]
      },
      "properties": {
        "feature_type": "route",
        "version": "US",
        "season": 4,
        "n_legs": 13,
        "destinations": [
          "Cortina d'Ampezzo",
          "Venice",
          "Gmunden",
          "Saint-Rémy-de-Provence",
          "Muiden",
          "Mumbai",
          "Alleppey",
          "Tunku Abdul Rahman National Park",
          "Sepilok",
          "Seoul",
          "Mooloolaba",
          "Ellis Beach",
          "Phoenix"
        ],
        "countries": [
          "ITA",
          "AUT",
          "FRA",
          "NLD",
          "IND",
          "MYS",
          "KOR",
          "AUS",
          "USA"
        ],
        "continents": [
          "Europe",
          "Asia",
          "Oceania",
          "North America"
        ],
        "route_summary": "Cortina d'Ampezzo (ITA) → Venice (ITA) → Gmunden (AUT) → Saint-Rémy-de-Provence (FRA) → Muiden (NLD) → Mumbai (IND) → Alleppey (IND) → Tunku Abdul Rahman National Park (MYS) → Sepilok (MYS) → Seoul (KOR) → Mooloolaba (AUS) → Ellis Beach (AUS) → Phoenix (USA)",
        "distance_miles": 44000.0,
        "distance_km": 71000.0,
        "winners": "Reichen Lehmkuhl and Chip Arndt"
      }
    },
    {
      "type": "Feature",
      "geometry": {
        "type": "Point",
        "coordinates": [
          -55.0401,
          -34.8901
        ]
      },
      "properties": {
        "feature_type": "waypoint",
        "version": "US",
        "season": 5,
        "leg_number": 1,
        "city": "Punta Ballena",
        "country": "URY",
        "continent": "South America",
        "route_header": "United States → Uruguay",
        "itinerary_stops": 10,
        "tasks_count": 2
      }
    },
    {
      "type": "Feature",
      "geometry": {
        "type": "Point",
        "coordinates": [
          -59.4734,
          -34.2437
        ]
      },
      "properties": {
        "feature_type": "waypoint",
        "version": "US",
        "season": 5,
        "leg_number": 2,
        "city": "San Antonio de Areco",
        "country": "ARG",
        "continent": "South America",
        "route_header": "Uruguay → Argentina",
        "itinerary_stops": 7,
        "tasks_count": 4
      }
    },
    {
      "type": "Feature",
      "geometry": {
        "type": "Point",
        "coordinates": [
          -63.0,
          -40.8
        ]
      },
      "properties": {
        "feature_type": "waypoint",
        "version": "US",
        "season": 5,
        "leg_number": 3,
        "city": "Río Negro",
        "country": "ARG",
        "continent": "South America",
        "route_header": "Argentina",
        "itinerary_stops": 6,
        "tasks_count": 4
      }
    },
    {
      "type": "Feature",
      "geometry": {
        "type": "Point",
        "coordinates": [
          30.3407,
          59.6878
        ]
      },
      "properties": {
        "feature_type": "waypoint",
        "version": "US",
        "season": 5,
        "leg_number": 4,
        "city": "Pushkin",
        "country": "RUS",
        "continent": "Europe",
        "route_header": "Argentina → Russia",
        "itinerary_stops": 8,
        "tasks_count": 4
      }
    },
    {
      "type": "Feature",
      "geometry": {
        "type": "Point",
        "coordinates": [
          31.2118,
          29.987
        ]
      },
      "properties": {
        "feature_type": "waypoint",
        "version": "US",
        "season": 5,
        "leg_number": 5,
        "city": "Giza",
        "country": "EGY",
        "continent": "Africa",
        "route_header": "Russia → Egypt",
        "itinerary_stops": 10,
        "tasks_count": 6
      }
    },
    {
      "type": "Feature",
      "geometry": {
        "type": "Point",
        "coordinates": [
          32.6444,
          25.6967
        ]
      },
      "properties": {
        "feature_type": "waypoint",
        "version": "US",
        "season": 5,
        "leg_number": 6,
        "city": "Luxor",
        "country": "EGY",
        "continent": "Africa",
        "route_header": "Egypt",
        "itinerary_stops": 8,
        "tasks_count": 4
      }
    },
    {
      "type": "Feature",
      "geometry": {
        "type": "Point",
        "coordinates": [
          35.7812,
          -3.583
        ]
      },
      "properties": {
        "feature_type": "waypoint",
        "version": "US",
        "season": 5,
        "leg_number": 7,
        "city": "Lake Manyara National Park",
        "country": "TZA",
        "continent": "Africa",
        "route_header": "Egypt → Kenya → Tanzania",
        "itinerary_stops": 7,
        "tasks_count": 4
      }
    },
    {
      "type": "Feature",
      "geometry": {
        "type": "Point",
        "coordinates": [
          55.6255,
          24.8995
        ]
      },
      "properties": {
        "feature_type": "waypoint",
        "version": "US",
        "season": 5,
        "leg_number": 8,
        "city": "Margham",
        "country": "ARE",
        "continent": "Asia",
        "route_header": "Tanzania → United Arab Emirates",
        "itinerary_stops": 7,
        "tasks_count": 2
      }
    },
    {
      "type": "Feature",
      "geometry": {
        "type": "Point",
        "coordinates": [
          88.37,
          22.5675
        ]
      },
      "properties": {
        "feature_type": "waypoint",
        "version": "US",
        "season": 5,
        "leg_number": 9,
        "city": "Kolkata",
        "country": "IND",
        "continent": "Asia",
        "route_header": "United Arab Emirates → India",
        "itinerary_stops": 10,
        "tasks_count": 6
      }
    },
    {
      "type": "Feature",
      "geometry": {
        "type": "Point",
        "coordinates": [
          176.4116,
          -37.8223
        ]
      },
      "properties": {
        "feature_type": "waypoint",
        "version": "US",
        "season": 5,
        "leg_number": 10,
        "city": "Paengaroa",
        "country": "NZL",
        "continent": "Oceania",
        "route_header": "India → New Zealand",
        "itinerary_stops": 5,
        "tasks_count": 3
      }
    },
    {
      "type": "Feature",
      "geometry": {
        "type": "Point",
        "coordinates": [
          120.9947,
          14.5437
        ]
      },
      "properties": {
        "feature_type": "waypoint",
        "version": "US",
        "season": 5,
        "leg_number": 11,
        "city": "Pasay",
        "country": "PHL",
        "continent": "Asia",
        "route_header": "New Zealand → Philippines",
        "itinerary_stops": 9,
        "tasks_count": 4
      }
    },
    {
      "type": "Feature",
      "geometry": {
        "type": "Point",
        "coordinates": [
          119.3905,
          11.18
        ]
      },
      "properties": {
        "feature_type": "waypoint",
        "version": "US",
        "season": 5,
        "leg_number": 12,
        "city": "El Nido",
        "country": "PHL",
        "continent": "Asia",
        "route_header": "Philippines",
        "itinerary_stops": 9,
        "tasks_count": 2
      }
    },
    {
      "type": "Feature",
      "geometry": {
        "type": "Point",
        "coordinates": [
          -96.8089,
          32.7792
        ]
      },
      "properties": {
        "feature_type": "waypoint",
        "version": "US",
        "season": 5,
        "leg_number": 13,
        "city": "Dallas",
        "country": "USA",
        "continent": "North America",
        "route_header": "Philippines → Canada → United States",
        "itinerary_stops": 10,
        "tasks_count": 3
      }
    },
    {
      "type": "Feature",
      "geometry": {
        "type": "LineString",
        "coordinates": [
          [
            -55.0401,
            -34.8901
          ],
          [
            -59.4734,
            -34.2437
          ],
          [
            -63.0,
            -40.8
          ],
          [
            30.3407,
            59.6878
          ],
          [
            31.2118,
            29.987
          ],
          [
            32.6444,
            25.6967
          ],
          [
            35.7812,
            -3.583
          ],
          [
            55.6255,
            24.8995
          ],
          [
            88.37,
            22.5675
          ],
          [
            176.4116,
            -37.8223
          ],
          [
            120.9947,
            14.5437
          ],
          [
            119.3905,
            11.18
          ],
          [
            -96.8089,
            32.7792
          ]
        ]
      },
      "properties": {
        "feature_type": "route",
        "version": "US",
        "season": 5,
        "n_legs": 13,
        "destinations": [
          "Punta Ballena",
          "San Antonio de Areco",
          "Río Negro",
          "Pushkin",
          "Giza",
          "Luxor",
          "Lake Manyara National Park",
          "Margham",
          "Kolkata",
          "Paengaroa",
          "Pasay",
          "El Nido",
          "Dallas"
        ],
        "countries": [
          "URY",
          "ARG",
          "RUS",
          "EGY",
          "TZA",
          "ARE",
          "IND",
          "NZL",
          "PHL",
          "USA"
        ],
        "continents": [
          "South America",
          "Europe",
          "Africa",
          "Asia",
          "Oceania",
          "North America"
        ],
        "route_summary": "Punta Ballena (URY) → San Antonio de Areco (ARG) → Río Negro (ARG) → Pushkin (RUS) → Giza (EGY) → Luxor (EGY) → Lake Manyara National Park (TZA) → Margham (ARE) → Kolkata (IND) → Paengaroa (NZL) → Pasay (PHL) → El Nido (PHL) → Dallas (USA)",
        "distance_miles": 72000.0,
        "distance_km": 116000.0,
        "winners": "Chip & Kim McAllister"
      }
    },
    {
      "type": "Feature",
      "geometry": {
        "type": "Point",
        "coordinates": [
          -22.4317,
          63.8442
        ]
      },
      "properties": {
        "feature_type": "waypoint",
        "version": "US",
        "season": 6,
        "leg_number": 1,
        "city": "Grindavík",
        "country": "ISL",
        "continent": "Europe",
        "route_header": "United States → Iceland",
        "itinerary_stops": 8,
        "tasks_count": 2
      }
    },
    {
      "type": "Feature",
      "geometry": {
        "type": "Point",
        "coordinates": [
          6.4079,
          60.6837
        ]
      },
      "properties": {
        "feature_type": "waypoint",
        "version": "US",
        "season": 6,
        "leg_number": 2,
        "city": "Voss",
        "country": "NOR",
        "continent": "Europe",
        "route_header": "Iceland → Norway",
        "itinerary_stops": 7,
        "tasks_count": 4
      }
    },
    {
      "type": "Feature",
      "geometry": {
        "type": "Point",
        "coordinates": [
          18.0686,
          59.3294
        ]
      },
      "properties": {
        "feature_type": "waypoint",
        "version": "US",
        "season": 6,
        "leg_number": 3,
        "city": "Stockholm",
        "country": "SWE",
        "continent": "Europe",
        "route_header": "Norway → Sweden",
        "itinerary_stops": 9,
        "tasks_count": 5
      }
    },
    {
      "type": "Feature",
      "geometry": {
        "type": "Point",
        "coordinates": [
          -17.3984,
          14.6672
        ]
      },
      "properties": {
        "feature_type": "waypoint",
        "version": "US",
        "season": 6,
        "leg_number": 4,
        "city": "Gorée Island",
        "country": "SEN",
        "continent": "Africa",
        "route_header": "Sweden → Senegal",
        "itinerary_stops": 9,
        "tasks_count": 4
      }
    },
    {
      "type": "Feature",
      "geometry": {
        "type": "Point",
        "coordinates": [
          13.405,
          52.52
        ]
      },
      "properties": {
        "feature_type": "waypoint",
        "version": "US",
        "season": 6,
        "leg_number": 5,
        "city": "Berlin",
        "country": "DEU",
        "continent": "Europe",
        "route_header": "Senegal → Germany",
        "itinerary_stops": 9,
        "tasks_count": 3
      }
    },
    {
      "type": "Feature",
      "geometry": {
        "type": "Point",
        "coordinates": [
          19.0514,
          47.4925
        ]
      },
      "properties": {
        "feature_type": "waypoint",
        "version": "US",
        "season": 6,
        "leg_number": 6,
        "city": "Budapest",
        "country": "HUN",
        "continent": "Europe",
        "route_header": "Germany → Hungary",
        "itinerary_stops": 14,
        "tasks_count": 10
      }
    },
    {
      "type": "Feature",
      "geometry": {
        "type": "Point",
        "coordinates": [
          8.9381,
          42.6345
        ]
      },
      "properties": {
        "feature_type": "waypoint",
        "version": "US",
        "season": 6,
        "leg_number": 7,
        "city": "L'Île-Rousse",
        "country": "FRA",
        "continent": "Europe",
        "route_header": "Hungary → France",
        "itinerary_stops": 9,
        "tasks_count": 5
      }
    },
    {
      "type": "Feature",
      "geometry": {
        "type": "Point",
        "coordinates": [
          39.0457,
          12.0361
        ]
      },
      "properties": {
        "feature_type": "waypoint",
        "version": "US",
        "season": 6,
        "leg_number": 8,
        "city": "Lalibela",
        "country": "ETH",
        "continent": "Africa",
        "route_header": "France → Ethiopia",
        "itinerary_stops": 8,
        "tasks_count": 3
      }
    },
    {
      "type": "Feature",
      "geometry": {
        "type": "Point",
        "coordinates": [
          80.7599,
          7.9567
        ]
      },
      "properties": {
        "feature_type": "waypoint",
        "version": "US",
        "season": 6,
        "leg_number": 9,
        "city": "Sigiriya",
        "country": "LKA",
        "continent": "Asia",
        "route_header": "Ethiopia → Sri Lanka",
        "itinerary_stops": 12,
        "tasks_count": 3
      }
    },
    {
      "type": "Feature",
      "geometry": {
        "type": "Point",
        "coordinates": [
          121.4737,
          31.2304
        ]
      },
      "properties": {
        "feature_type": "waypoint",
        "version": "US",
        "season": 6,
        "leg_number": 10,
        "city": "Shanghai",
        "country": "CHN",
        "continent": "Asia",
        "route_header": "Sri Lanka → China",
        "itinerary_stops": 9,
        "tasks_count": 3
      }
    },
    {
      "type": "Feature",
      "geometry": {
        "type": "Point",
        "coordinates": [
          108.9422,
          34.2611
        ]
      },
      "properties": {
        "feature_type": "waypoint",
        "version": "US",
        "season": 6,
        "leg_number": 11,
        "city": "Xi'an",
        "country": "CHN",
        "continent": "Asia",
        "route_header": "China",
        "itinerary_stops": 7,
        "tasks_count": 3
      }
    },
    {
      "type": "Feature",
      "geometry": {
        "type": "Point",
        "coordinates": [
          -87.6278,
          41.8819
        ]
      },
      "properties": {
        "feature_type": "waypoint",
        "version": "US",
        "season": 6,
        "leg_number": 12,
        "city": "Chicago",
        "country": "USA",
        "continent": "North America",
        "route_header": "China → United States",
        "itinerary_stops": 11,
        "tasks_count": 4
      }
    },
    {
      "type": "Feature",
      "geometry": {
        "type": "LineString",
        "coordinates": [
          [
            -22.4317,
            63.8442
          ],
          [
            6.4079,
            60.6837
          ],
          [
            18.0686,
            59.3294
          ],
          [
            -17.3984,
            14.6672
          ],
          [
            13.405,
            52.52
          ],
          [
            19.0514,
            47.4925
          ],
          [
            8.9381,
            42.6345
          ],
          [
            39.0457,
            12.0361
          ],
          [
            80.7599,
            7.9567
          ],
          [
            121.4737,
            31.2304
          ],
          [
            108.9422,
            34.2611
          ],
          [
            -87.6278,
            41.8819
          ]
        ]
      },
      "properties": {
        "feature_type": "route",
        "version": "US",
        "season": 6,
        "n_legs": 12,
        "destinations": [
          "Grindavík",
          "Voss",
          "Stockholm",
          "Gorée Island",
          "Berlin",
          "Budapest",
          "L'Île-Rousse",
          "Lalibela",
          "Sigiriya",
          "Shanghai",
          "Xi'an",
          "Chicago"
        ],
        "countries": [
          "ISL",
          "NOR",
          "SWE",
          "SEN",
          "DEU",
          "HUN",
          "FRA",
          "ETH",
          "LKA",
          "CHN",
          "USA"
        ],
        "continents": [
          "Europe",
          "Africa",
          "Asia",
          "North America"
        ],
        "route_summary": "Grindavík (ISL) → Voss (NOR) → Stockholm (SWE) → Gorée Island (SEN) → Berlin (DEU) → Budapest (HUN) → L'Île-Rousse (FRA) → Lalibela (ETH) → Sigiriya (LKA) → Shanghai (CHN) → Xi'an (CHN) → Chicago (USA)",
        "distance_miles": 40000.0,
        "distance_km": 64000.0,
        "winners": "Freddy Holliday & Kendra Bentley"
      }
    },
    {
      "type": "Feature",
      "geometry": {
        "type": "Point",
        "coordinates": [
          -71.9786,
          -13.5169
        ]
      },
      "properties": {
        "feature_type": "waypoint",
        "version": "US",
        "season": 7,
        "leg_number": 1,
        "city": "Cusco",
        "country": "PER",
        "continent": "South America",
        "route_header": "United States → Peru",
        "itinerary_stops": 11,
        "tasks_count": 2
      }
    },
    {
      "type": "Feature",
      "geometry": {
        "type": "Point",
        "coordinates": [
          -70.65,
          -33.4375
        ]
      },
      "properties": {
        "feature_type": "waypoint",
        "version": "US",
        "season": 7,
        "leg_number": 2,
        "city": "Santiago",
        "country": "CHL",
        "continent": "South America",
        "route_header": "Peru → Chile",
        "itinerary_stops": 7,
        "tasks_count": 4
      }
    },
    {
      "type": "Feature",
      "geometry": {
        "type": "Point",
        "coordinates": [
          -68.8317,
          -32.8486
        ]
      },
      "properties": {
        "feature_type": "waypoint",
        "version": "US",
        "season": 7,
        "leg_number": 3,
        "city": "Las Heras Department",
        "country": "ARG",
        "continent": "South America",
        "route_header": "Chile → Argentina",
        "itinerary_stops": 5,
        "tasks_count": 4
      }
    },
    {
      "type": "Feature",
      "geometry": {
        "type": "Point",
        "coordinates": [
          -58.648,
          -34.9623
        ]
      },
      "properties": {
        "feature_type": "waypoint",
        "version": "US",
        "season": 7,
        "leg_number": 4,
        "city": "Vicente Casares",
        "country": "ARG",
        "continent": "South America",
        "route_header": "Argentina",
        "itinerary_stops": 7,
        "tasks_count": 4
      }
    },
    {
      "type": "Feature",
      "geometry": {
        "type": "Point",
        "coordinates": [
          27.8585,
          -26.2678
        ]
      },
      "properties": {
        "feature_type": "waypoint",
        "version": "US",
        "season": 7,
        "leg_number": 5,
        "city": "Soweto",
        "country": "ZAF",
        "continent": "Africa",
        "route_header": "Argentina → South Africa",
        "itinerary_stops": 8,
        "tasks_count": 5
      }
    },
    {
      "type": "Feature",
      "geometry": {
        "type": "Point",
        "coordinates": [
          24.8106,
          -20.5108
        ]
      },
      "properties": {
        "feature_type": "waypoint",
        "version": "US",
        "season": 7,
        "leg_number": 6,
        "city": "Makgadikgadi Pans National Park",
        "country": "BWA",
        "continent": "Africa",
        "route_header": "South Africa → Botswana",
        "itinerary_stops": 7,
        "tasks_count": 4
      }
    },
    {
      "type": "Feature",
      "geometry": {
        "type": "Point",
        "coordinates": [
          23.7022,
          -19.1699
        ]
      },
      "properties": {
        "feature_type": "waypoint",
        "version": "US",
        "season": 7,
        "leg_number": 7,
        "city": "Khwai",
        "country": "BWA",
        "continent": "Africa",
        "route_header": "Botswana",
        "itinerary_stops": 4,
        "tasks_count": 3
      }
    },
    {
      "type": "Feature",
      "geometry": {
        "type": "Point",
        "coordinates": [
          73.0351,
          26.2968
        ]
      },
      "properties": {
        "feature_type": "waypoint",
        "version": "US",
        "season": 7,
        "leg_number": 8,
        "city": "Jodhpur",
        "country": "IND",
        "continent": "Asia",
        "route_header": "Botswana → India",
        "itinerary_stops": 15,
        "tasks_count": 8
      }
    },
    {
      "type": "Feature",
      "geometry": {
        "type": "Point",
        "coordinates": [
          28.9759,
          41.0064
        ]
      },
      "properties": {
        "feature_type": "waypoint",
        "version": "US",
        "season": 7,
        "leg_number": 9,
        "city": "Istanbul",
        "country": "TUR",
        "continent": "Europe",
        "route_header": "India → Turkey",
        "itinerary_stops": 8,
        "tasks_count": 3
      }
    },
    {
      "type": "Feature",
      "geometry": {
        "type": "Point",
        "coordinates": [
          -0.1275,
          51.5072
        ]
      },
      "properties": {
        "feature_type": "waypoint",
        "version": "US",
        "season": 7,
        "leg_number": 10,
        "city": "London",
        "country": "GBR",
        "continent": "Europe",
        "route_header": "Turkey → England",
        "itinerary_stops": 10,
        "tasks_count": 3
      }
    },
    {
      "type": "Feature",
      "geometry": {
        "type": "Point",
        "coordinates": [
          -76.4526,
          18.1758
        ]
      },
      "properties": {
        "feature_type": "waypoint",
        "version": "US",
        "season": 7,
        "leg_number": 11,
        "city": "Port Antonio",
        "country": "JAM",
        "continent": "North America",
        "route_header": "England → Jamaica",
        "itinerary_stops": 7,
        "tasks_count": 3
      }
    },
    {
      "type": "Feature",
      "geometry": {
        "type": "Point",
        "coordinates": [
          -80.1434,
          26.1223
        ]
      },
      "properties": {
        "feature_type": "waypoint",
        "version": "US",
        "season": 7,
        "leg_number": 12,
        "city": "Fort Lauderdale",
        "country": "USA",
        "continent": "North America",
        "route_header": "Jamaica → Puerto Rico → United States",
        "itinerary_stops": 12,
        "tasks_count": 4
      }
    },
    {
      "type": "Feature",
      "geometry": {
        "type": "LineString",
        "coordinates": [
          [
            -71.9786,
            -13.5169
          ],
          [
            -70.65,
            -33.4375
          ],
          [
            -68.8317,
            -32.8486
          ],
          [
            -58.648,
            -34.9623
          ],
          [
            27.8585,
            -26.2678
          ],
          [
            24.8106,
            -20.5108
          ],
          [
            23.7022,
            -19.1699
          ],
          [
            73.0351,
            26.2968
          ],
          [
            28.9759,
            41.0064
          ],
          [
            -0.1275,
            51.5072
          ],
          [
            -76.4526,
            18.1758
          ],
          [
            -80.1434,
            26.1223
          ]
        ]
      },
      "properties": {
        "feature_type": "route",
        "version": "US",
        "season": 7,
        "n_legs": 12,
        "destinations": [
          "Cusco",
          "Santiago",
          "Las Heras Department",
          "Vicente Casares",
          "Soweto",
          "Makgadikgadi Pans National Park",
          "Khwai",
          "Jodhpur",
          "Istanbul",
          "London",
          "Port Antonio",
          "Fort Lauderdale"
        ],
        "countries": [
          "PER",
          "CHL",
          "ARG",
          "ZAF",
          "BWA",
          "IND",
          "TUR",
          "GBR",
          "JAM",
          "USA"
        ],
        "continents": [
          "South America",
          "Africa",
          "Asia",
          "Europe",
          "North America"
        ],
        "route_summary": "Cusco (PER) → Santiago (CHL) → Las Heras Department (ARG) → Vicente Casares (ARG) → Soweto (ZAF) → Makgadikgadi Pans National Park (BWA) → Khwai (BWA) → Jodhpur (IND) → Istanbul (TUR) → London (GBR) → Port Antonio (JAM) → Fort Lauderdale (USA)",
        "distance_miles": 40000.0,
        "distance_km": 64000.0,
        "winners": "Uchenna & Joyce Agu"
      }
    },
    {
      "type": "Feature",
      "geometry": {
        "type": "Point",
        "coordinates": [
          -76.3057,
          40.038
        ]
      },
      "properties": {
        "feature_type": "waypoint",
        "version": "US",
        "season": 8,
        "leg_number": 1,
        "city": "Lancaster",
        "country": "USA",
        "continent": "North America",
        "route_header": "New York → Pennsylvania & New Jersey",
        "itinerary_stops": 7,
        "tasks_count": 2
      }
    },
    {
      "type": "Feature",
      "geometry": {
        "type": "Point",
        "coordinates": [
          -77.7355,
          38.969
        ]
      },
      "properties": {
        "feature_type": "waypoint",
        "version": "US",
        "season": 8,
        "leg_number": 2,
        "city": "Middleburg",
        "country": "USA",
        "continent": "North America",
        "route_header": "Pennsylvania → Washington, D.C. → Virginia",
        "itinerary_stops": 6,
        "tasks_count": 4
      }
    },
    {
      "type": "Feature",
      "geometry": {
        "type": "Point",
        "coordinates": [
          -86.5608,
          34.6933
        ]
      },
      "properties": {
        "feature_type": "waypoint",
        "version": "US",
        "season": 8,
        "leg_number": 3,
        "city": "Huntsville",
        "country": "USA",
        "continent": "North America",
        "route_header": "Virginia → South Carolina → Alabama",
        "itinerary_stops": 8,
        "tasks_count": 4
      }
    },
    {
      "type": "Feature",
      "geometry": {
        "type": "Point",
        "coordinates": [
          -90.0783,
          29.9761
        ]
      },
      "properties": {
        "feature_type": "waypoint",
        "version": "US",
        "season": 8,
        "leg_number": 4,
        "city": "New Orleans",
        "country": "USA",
        "continent": "North America",
        "route_header": "Alabama → Mississippi → Louisiana",
        "itinerary_stops": 8,
        "tasks_count": 2
      }
    },
    {
      "type": "Feature",
      "geometry": {
        "type": "Point",
        "coordinates": [
          -79.5347,
          8.9711
        ]
      },
      "properties": {
        "feature_type": "waypoint",
        "version": "US",
        "season": 8,
        "leg_number": 5,
        "city": "Panama City",
        "country": "PAN",
        "continent": "North America",
        "route_header": "Louisiana → Panama",
        "itinerary_stops": 8,
        "tasks_count": 5
      }
    },
    {
      "type": "Feature",
      "geometry": {
        "type": "Point",
        "coordinates": [
          -84.0649,
          9.4128
        ]
      },
      "properties": {
        "feature_type": "waypoint",
        "version": "US",
        "season": 8,
        "leg_number": 6,
        "city": "Quepos",
        "country": "CRI",
        "continent": "North America",
        "route_header": "Panama → Costa Rica",
        "itinerary_stops": 8,
        "tasks_count": 4
      }
    },
    {
      "type": "Feature",
      "geometry": {
        "type": "Point",
        "coordinates": [
          -111.6746,
          33.6367
        ]
      },
      "properties": {
        "feature_type": "waypoint",
        "version": "US",
        "season": 8,
        "leg_number": 7,
        "city": "Fort McDowell",
        "country": "USA",
        "continent": "North America",
        "route_header": "Costa Rica → Arizona",
        "itinerary_stops": 8,
        "tasks_count": 3
      }
    },
    {
      "type": "Feature",
      "geometry": {
        "type": "Point",
        "coordinates": [
          -111.4558,
          36.9147
        ]
      },
      "properties": {
        "feature_type": "waypoint",
        "version": "US",
        "season": 8,
        "leg_number": 8,
        "city": "Page",
        "country": "USA",
        "continent": "North America",
        "route_header": "Arizona",
        "itinerary_stops": 6,
        "tasks_count": 4
      }
    },
    {
      "type": "Feature",
      "geometry": {
        "type": "Point",
        "coordinates": [
          -111.8911,
          40.7608
        ]
      },
      "properties": {
        "feature_type": "waypoint",
        "version": "US",
        "season": 8,
        "leg_number": 9,
        "city": "Salt Lake City",
        "country": "USA",
        "continent": "North America",
        "route_header": "Arizona → Utah",
        "itinerary_stops": 8,
        "tasks_count": 3
      }
    },
    {
      "type": "Feature",
      "geometry": {
        "type": "Point",
        "coordinates": [
          -109.4443,
          45.5191
        ]
      },
      "properties": {
        "feature_type": "waypoint",
        "version": "US",
        "season": 8,
        "leg_number": 10,
        "city": "Absarokee",
        "country": "USA",
        "continent": "North America",
        "route_header": "Utah → Wyoming → Montana",
        "itinerary_stops": 13,
        "tasks_count": 7
      }
    },
    {
      "type": "Feature",
      "geometry": {
        "type": "Point",
        "coordinates": [
          -79.0353,
          43.1728
        ]
      },
      "properties": {
        "feature_type": "waypoint",
        "version": "US",
        "season": 8,
        "leg_number": 11,
        "city": "Lewiston",
        "country": "USA",
        "continent": "North America",
        "route_header": "Montana → Canada → New York",
        "itinerary_stops": 16,
        "tasks_count": 8
      }
    },
    {
      "type": "Feature",
      "geometry": {
        "type": "LineString",
        "coordinates": [
          [
            -76.3057,
            40.038
          ],
          [
            -77.7355,
            38.969
          ],
          [
            -86.5608,
            34.6933
          ],
          [
            -90.0783,
            29.9761
          ],
          [
            -79.5347,
            8.9711
          ],
          [
            -84.0649,
            9.4128
          ],
          [
            -111.6746,
            33.6367
          ],
          [
            -111.4558,
            36.9147
          ],
          [
            -111.8911,
            40.7608
          ],
          [
            -109.4443,
            45.5191
          ],
          [
            -79.0353,
            43.1728
          ]
        ]
      },
      "properties": {
        "feature_type": "route",
        "version": "US",
        "season": 8,
        "n_legs": 11,
        "destinations": [
          "Lancaster",
          "Middleburg",
          "Huntsville",
          "New Orleans",
          "Panama City",
          "Quepos",
          "Fort McDowell",
          "Page",
          "Salt Lake City",
          "Absarokee",
          "Lewiston"
        ],
        "countries": [
          "USA",
          "PAN",
          "CRI"
        ],
        "continents": [
          "North America"
        ],
        "route_summary": "Lancaster (USA) → Middleburg (USA) → Huntsville (USA) → New Orleans (USA) → Panama City (PAN) → Quepos (CRI) → Fort McDowell (USA) → Page (USA) → Salt Lake City (USA) → Absarokee (USA) → Lewiston (USA)",
        "distance_miles": 11000.0,
        "distance_km": 18000.0,
        "winners": "Nick, Alex, Megan, and Tommy Linz"
      }
    },
    {
      "type": "Feature",
      "geometry": {
        "type": "Point",
        "coordinates": [
          -46.6334,
          -23.5507
        ]
      },
      "properties": {
        "feature_type": "waypoint",
        "version": "US",
        "season": 9,
        "leg_number": 1,
        "city": "São Paulo",
        "country": "BRA",
        "continent": "South America",
        "route_header": "United States → Brazil",
        "itinerary_stops": 8,
        "tasks_count": 3
      }
    },
    {
      "type": "Feature",
      "geometry": {
        "type": "Point",
        "coordinates": [
          -48.1267,
          -22.2841
        ]
      },
      "properties": {
        "feature_type": "waypoint",
        "version": "US",
        "season": 9,
        "leg_number": 2,
        "city": "Brotas",
        "country": "BRA",
        "continent": "South America",
        "route_header": "Brazil",
        "itinerary_stops": 5,
        "tasks_count": 4
      }
    },
    {
      "type": "Feature",
      "geometry": {
        "type": "Point",
        "coordinates": [
          11.575,
          48.1375
        ]
      },
      "properties": {
        "feature_type": "waypoint",
        "version": "US",
        "season": 9,
        "leg_number": 3,
        "city": "Munich",
        "country": "DEU",
        "continent": "Europe",
        "route_header": "Brazil → Russia → Germany",
        "itinerary_stops": 15,
        "tasks_count": 8
      }
    },
    {
      "type": "Feature",
      "geometry": {
        "type": "Point",
        "coordinates": [
          12.8686,
          37.9041
        ]
      },
      "properties": {
        "feature_type": "waypoint",
        "version": "US",
        "season": 9,
        "leg_number": 4,
        "city": "Calatafimi-Segesta",
        "country": "ITA",
        "continent": "Europe",
        "route_header": "Germany → Italy",
        "itinerary_stops": 8,
        "tasks_count": 4
      }
    },
    {
      "type": "Feature",
      "geometry": {
        "type": "Point",
        "coordinates": [
          15.2875,
          37.0692
        ]
      },
      "properties": {
        "feature_type": "waypoint",
        "version": "US",
        "season": 9,
        "leg_number": 5,
        "city": "Syracuse",
        "country": "ITA",
        "continent": "Europe",
        "route_header": "Italy",
        "itinerary_stops": 5,
        "tasks_count": 3
      }
    },
    {
      "type": "Feature",
      "geometry": {
        "type": "Point",
        "coordinates": [
          21.7826,
          38.3019
        ]
      },
      "properties": {
        "feature_type": "waypoint",
        "version": "US",
        "season": 9,
        "leg_number": 6,
        "city": "Rio",
        "country": "GRC",
        "continent": "Europe",
        "route_header": "Italy → Greece",
        "itinerary_stops": 11,
        "tasks_count": 5
      }
    },
    {
      "type": "Feature",
      "geometry": {
        "type": "Point",
        "coordinates": [
          57.25,
          22.92
        ]
      },
      "properties": {
        "feature_type": "waypoint",
        "version": "US",
        "season": 9,
        "leg_number": 7,
        "city": "Jabrin",
        "country": "OMN",
        "continent": "Asia",
        "route_header": "Greece → Oman",
        "itinerary_stops": 8,
        "tasks_count": 3
      }
    },
    {
      "type": "Feature",
      "geometry": {
        "type": "Point",
        "coordinates": [
          115.7475,
          -32.0542
        ]
      },
      "properties": {
        "feature_type": "waypoint",
        "version": "US",
        "season": 9,
        "leg_number": 8,
        "city": "Fremantle",
        "country": "AUS",
        "continent": "Oceania",
        "route_header": "Oman → Australia",
        "itinerary_stops": 9,
        "tasks_count": 3
      }
    },
    {
      "type": "Feature",
      "geometry": {
        "type": "Point",
        "coordinates": [
          131.1658,
          -12.958
        ]
      },
      "properties": {
        "feature_type": "waypoint",
        "version": "US",
        "season": 9,
        "leg_number": 9,
        "city": "Lake Bennett",
        "country": "AUS",
        "continent": "Oceania",
        "route_header": "Australia",
        "itinerary_stops": 10,
        "tasks_count": 4
      }
    },
    {
      "type": "Feature",
      "geometry": {
        "type": "Point",
        "coordinates": [
          100.4942,
          13.7525
        ]
      },
      "properties": {
        "feature_type": "waypoint",
        "version": "US",
        "season": 9,
        "leg_number": 10,
        "city": "Bangkok",
        "country": "THA",
        "continent": "Asia",
        "route_header": "Australia → Thailand",
        "itinerary_stops": 9,
        "tasks_count": 5
      }
    },
    {
      "type": "Feature",
      "geometry": {
        "type": "Point",
        "coordinates": [
          138.8768,
          35.4187
        ]
      },
      "properties": {
        "feature_type": "waypoint",
        "version": "US",
        "season": 9,
        "leg_number": 11,
        "city": "Yamanakako",
        "country": "JPN",
        "continent": "Asia",
        "route_header": "Thailand → Japan",
        "itinerary_stops": 11,
        "tasks_count": 4
      }
    },
    {
      "type": "Feature",
      "geometry": {
        "type": "Point",
        "coordinates": [
          -105.1911,
          39.6536
        ]
      },
      "properties": {
        "feature_type": "waypoint",
        "version": "US",
        "season": 9,
        "leg_number": 12,
        "city": "Morrison",
        "country": "USA",
        "continent": "North America",
        "route_header": "Japan → United States",
        "itinerary_stops": 9,
        "tasks_count": 3
      }
    },
    {
      "type": "Feature",
      "geometry": {
        "type": "LineString",
        "coordinates": [
          [
            -46.6334,
            -23.5507
          ],
          [
            -48.1267,
            -22.2841
          ],
          [
            11.575,
            48.1375
          ],
          [
            12.8686,
            37.9041
          ],
          [
            15.2875,
            37.0692
          ],
          [
            21.7826,
            38.3019
          ],
          [
            57.25,
            22.92
          ],
          [
            115.7475,
            -32.0542
          ],
          [
            131.1658,
            -12.958
          ],
          [
            100.4942,
            13.7525
          ],
          [
            138.8768,
            35.4187
          ],
          [
            -105.1911,
            39.6536
          ]
        ]
      },
      "properties": {
        "feature_type": "route",
        "version": "US",
        "season": 9,
        "n_legs": 12,
        "destinations": [
          "São Paulo",
          "Brotas",
          "Munich",
          "Calatafimi-Segesta",
          "Syracuse",
          "Rio",
          "Jabrin",
          "Fremantle",
          "Lake Bennett",
          "Bangkok",
          "Yamanakako",
          "Morrison"
        ],
        "countries": [
          "BRA",
          "DEU",
          "ITA",
          "GRC",
          "OMN",
          "AUS",
          "THA",
          "JPN",
          "USA"
        ],
        "continents": [
          "South America",
          "Europe",
          "Asia",
          "Oceania",
          "North America"
        ],
        "route_summary": "São Paulo (BRA) → Brotas (BRA) → Munich (DEU) → Calatafimi-Segesta (ITA) → Syracuse (ITA) → Rio (GRC) → Jabrin (OMN) → Fremantle (AUS) → Lake Bennett (AUS) → Bangkok (THA) → Yamanakako (JPN) → Morrison (USA)",
        "distance_miles": 59000.0,
        "distance_km": 95000.0,
        "winners": "BJ Averell and Tyler MacNiven"
      }
    },
    {
      "type": "Feature",
      "geometry": {
        "type": "Point",
        "coordinates": [
          116.3913,
          39.9057
        ]
      },
      "properties": {
        "feature_type": "waypoint",
        "version": "US",
        "season": 10,
        "leg_number": 1,
        "city": "Beijing",
        "country": "CHN",
        "continent": "Asia",
        "route_header": "United States → China",
        "itinerary_stops": 7,
        "tasks_count": 4
      }
    },
    {
      "type": "Feature",
      "geometry": {
        "type": "Point",
        "coordinates": [
          106.9153,
          47.9219
        ]
      },
      "properties": {
        "feature_type": "waypoint",
        "version": "US",
        "season": 10,
        "leg_number": 2,
        "city": "Ulaanbaatar",
        "country": "MNG",
        "continent": "Asia",
        "route_header": "China → Mongolia",
        "itinerary_stops": 6,
        "tasks_count": 3
      }
    },
    {
      "type": "Feature",
      "geometry": {
        "type": "Point",
        "coordinates": [
          105.7755,
          20.8141
        ]
      },
      "properties": {
        "feature_type": "waypoint",
        "version": "US",
        "season": 10,
        "leg_number": 3,
        "city": "Phố Vác",
        "country": "VNM",
        "continent": "Asia",
        "route_header": "Mongolia → Vietnam",
        "itinerary_stops": 9,
        "tasks_count": 5
      }
    },
    {
      "type": "Feature",
      "geometry": {
        "type": "Point",
        "coordinates": [
          107.0683,
          20.9084
        ]
      },
      "properties": {
        "feature_type": "waypoint",
        "version": "US",
        "season": 10,
        "leg_number": 4,
        "city": "Hạ Long Bay",
        "country": "VNM",
        "continent": "Asia",
        "route_header": "Vietnam",
        "itinerary_stops": 7,
        "tasks_count": 4
      }
    },
    {
      "type": "Feature",
      "geometry": {
        "type": "Point",
        "coordinates": [
          80.275,
          13.0825
        ]
      },
      "properties": {
        "feature_type": "waypoint",
        "version": "US",
        "season": 10,
        "leg_number": 5,
        "city": "Chennai",
        "country": "IND",
        "continent": "Asia",
        "route_header": "Vietnam → India",
        "itinerary_stops": 10,
        "tasks_count": 4
      }
    },
    {
      "type": "Feature",
      "geometry": {
        "type": "Point",
        "coordinates": [
          47.9783,
          29.3697
        ]
      },
      "properties": {
        "feature_type": "waypoint",
        "version": "US",
        "season": 10,
        "leg_number": 6,
        "city": "Kuwait City",
        "country": "KWT",
        "continent": "Asia",
        "route_header": "India → Kuwait",
        "itinerary_stops": 7,
        "tasks_count": 6
      }
    },
    {
      "type": "Feature",
      "geometry": {
        "type": "Point",
        "coordinates": [
          57.4009,
          -20.5028
        ]
      },
      "properties": {
        "feature_type": "waypoint",
        "version": "US",
        "season": 10,
        "leg_number": 7,
        "city": "Bel Ombre",
        "country": "MUS",
        "continent": "Africa",
        "route_header": "Kuwait → Mauritius",
        "itinerary_stops": 7,
        "tasks_count": 2
      }
    },
    {
      "type": "Feature",
      "geometry": {
        "type": "Point",
        "coordinates": [
          47.525,
          -18.91
        ]
      },
      "properties": {
        "feature_type": "waypoint",
        "version": "US",
        "season": 10,
        "leg_number": 8,
        "city": "Antananarivo",
        "country": "MDG",
        "continent": "Africa",
        "route_header": "Mauritius → Madagascar",
        "itinerary_stops": 6,
        "tasks_count": 4
      }
    },
    {
      "type": "Feature",
      "geometry": {
        "type": "Point",
        "coordinates": [
          30.5241,
          50.45
        ]
      },
      "properties": {
        "feature_type": "waypoint",
        "version": "US",
        "season": 10,
        "leg_number": 9,
        "city": "Kyiv",
        "country": "UKR",
        "continent": "Europe",
        "route_header": "Madagascar → Finland → Ukraine",
        "itinerary_stops": 14,
        "tasks_count": 8
      }
    },
    {
      "type": "Feature",
      "geometry": {
        "type": "Point",
        "coordinates": [
          -7.9151,
          31.0596
        ]
      },
      "properties": {
        "feature_type": "waypoint",
        "version": "US",
        "season": 10,
        "leg_number": 10,
        "city": "Atlas Mountains",
        "country": "MAR",
        "continent": "Africa",
        "route_header": "Ukraine → Morocco",
        "itinerary_stops": 9,
        "tasks_count": 4
      }
    },
    {
      "type": "Feature",
      "geometry": {
        "type": "Point",
        "coordinates": [
          2.1833,
          41.3833
        ]
      },
      "properties": {
        "feature_type": "waypoint",
        "version": "US",
        "season": 10,
        "leg_number": 11,
        "city": "Barcelona",
        "country": "ESP",
        "continent": "Europe",
        "route_header": "Morocco → Spain",
        "itinerary_stops": 7,
        "tasks_count": 4
      }
    },
    {
      "type": "Feature",
      "geometry": {
        "type": "Point",
        "coordinates": [
          -73.9482,
          41.3815
        ]
      },
      "properties": {
        "feature_type": "waypoint",
        "version": "US",
        "season": 10,
        "leg_number": 12,
        "city": "Garrison",
        "country": "USA",
        "continent": "North America",
        "route_header": "Spain → France → United States",
        "itinerary_stops": 14,
        "tasks_count": 4
      }
    },
    {
      "type": "Feature",
      "geometry": {
        "type": "LineString",
        "coordinates": [
          [
            116.3913,
            39.9057
          ],
          [
            106.9153,
            47.9219
          ],
          [
            105.7755,
            20.8141
          ],
          [
            107.0683,
            20.9084
          ],
          [
            80.275,
            13.0825
          ],
          [
            47.9783,
            29.3697
          ],
          [
            57.4009,
            -20.5028
          ],
          [
            47.525,
            -18.91
          ],
          [
            30.5241,
            50.45
          ],
          [
            -7.9151,
            31.0596
          ],
          [
            2.1833,
            41.3833
          ],
          [
            -73.9482,
            41.3815
          ]
        ]
      },
      "properties": {
        "feature_type": "route",
        "version": "US",
        "season": 10,
        "n_legs": 12,
        "destinations": [
          "Beijing",
          "Ulaanbaatar",
          "Phố Vác",
          "Hạ Long Bay",
          "Chennai",
          "Kuwait City",
          "Bel Ombre",
          "Antananarivo",
          "Kyiv",
          "Atlas Mountains",
          "Barcelona",
          "Garrison"
        ],
        "countries": [
          "CHN",
          "MNG",
          "VNM",
          "IND",
          "KWT",
          "MUS",
          "MDG",
          "UKR",
          "MAR",
          "ESP",
          "USA"
        ],
        "continents": [
          "Asia",
          "Africa",
          "Europe",
          "North America"
        ],
        "route_summary": "Beijing (CHN) → Ulaanbaatar (MNG) → Phố Vác (VNM) → Hạ Long Bay (VNM) → Chennai (IND) → Kuwait City (KWT) → Bel Ombre (MUS) → Antananarivo (MDG) → Kyiv (UKR) → Atlas Mountains (MAR) → Barcelona (ESP) → Garrison (USA)",
        "distance_miles": 40000.0,
        "distance_km": 64000.0,
        "winners": "Tyler Denk and James Branaman"
      }
    },
    {
      "type": "Feature",
      "geometry": {
        "type": "Point",
        "coordinates": [
          -78.4462,
          -0.6537
        ]
      },
      "properties": {
        "feature_type": "waypoint",
        "version": "US",
        "season": 11,
        "leg_number": 1,
        "city": "Cotopaxi National Park",
        "country": "ECU",
        "continent": "South America",
        "route_header": "United States → Ecuador",
        "itinerary_stops": 6,
        "tasks_count": 2
      }
    },
    {
      "type": "Feature",
      "geometry": {
        "type": "Point",
        "coordinates": [
          -67.9027,
          -23.3545
        ]
      },
      "properties": {
        "feature_type": "waypoint",
        "version": "US",
        "season": 11,
        "leg_number": 2,
        "city": "San Pedro de Atacama",
        "country": "CHL",
        "continent": "South America",
        "route_header": "Ecuador → Chile",
        "itinerary_stops": 6,
        "tasks_count": 4
      }
    },
    {
      "type": "Feature",
      "geometry": {
        "type": "Point",
        "coordinates": [
          -72.169,
          -41.0598
        ]
      },
      "properties": {
        "feature_type": "waypoint",
        "version": "US",
        "season": 11,
        "leg_number": 3,
        "city": "Vicente Pérez Rosales National Park",
        "country": "CHL",
        "continent": "South America",
        "route_header": "Chile",
        "itinerary_stops": 6,
        "tasks_count": 4
      }
    },
    {
      "type": "Feature",
      "geometry": {
        "type": "Point",
        "coordinates": [
          -68.4818,
          -54.8633
        ]
      },
      "properties": {
        "feature_type": "waypoint",
        "version": "US",
        "season": 11,
        "leg_number": 4,
        "city": "Isla Redonda",
        "country": "ARG",
        "continent": "South America",
        "route_header": "Chile → Argentina",
        "itinerary_stops": 8,
        "tasks_count": 3
      }
    },
    {
      "type": "Feature",
      "geometry": {
        "type": "Point",
        "coordinates": [
          32.5675,
          -25.9662
        ]
      },
      "properties": {
        "feature_type": "waypoint",
        "version": "US",
        "season": 11,
        "leg_number": 5,
        "city": "Maputo",
        "country": "MOZ",
        "continent": "Africa",
        "route_header": "Argentina → Mozambique",
        "itinerary_stops": 8,
        "tasks_count": 4
      }
    },
    {
      "type": "Feature",
      "geometry": {
        "type": "Point",
        "coordinates": [
          39.2074,
          -6.1665
        ]
      },
      "properties": {
        "feature_type": "waypoint",
        "version": "US",
        "season": 11,
        "leg_number": 6,
        "city": "Zanzibar City",
        "country": "TZA",
        "continent": "Africa",
        "route_header": "Mozambique → Tanzania",
        "itinerary_stops": 7,
        "tasks_count": 3
      }
    },
    {
      "type": "Feature",
      "geometry": {
        "type": "Point",
        "coordinates": [
          21.0111,
          52.23
        ]
      },
      "properties": {
        "feature_type": "waypoint",
        "version": "US",
        "season": 11,
        "leg_number": 7,
        "city": "Warsaw",
        "country": "POL",
        "continent": "Europe",
        "route_header": "Tanzania → Poland",
        "itinerary_stops": 7,
        "tasks_count": 2
      }
    },
    {
      "type": "Feature",
      "geometry": {
        "type": "Point",
        "coordinates": [
          19.733,
          50.2672
        ]
      },
      "properties": {
        "feature_type": "waypoint",
        "version": "US",
        "season": 11,
        "leg_number": 8,
        "city": "Sułoszowa",
        "country": "POL",
        "continent": "Europe",
        "route_header": "Poland",
        "itinerary_stops": 6,
        "tasks_count": 5
      }
    },
    {
      "type": "Feature",
      "geometry": {
        "type": "Point",
        "coordinates": [
          101.6953,
          3.1478
        ]
      },
      "properties": {
        "feature_type": "waypoint",
        "version": "US",
        "season": 11,
        "leg_number": 9,
        "city": "Kuala Lumpur",
        "country": "MYS",
        "continent": "Asia",
        "route_header": "Poland → Malaysia",
        "itinerary_stops": 8,
        "tasks_count": 4
      }
    },
    {
      "type": "Feature",
      "geometry": {
        "type": "Point",
        "coordinates": [
          114.2,
          22.3
        ]
      },
      "properties": {
        "feature_type": "waypoint",
        "version": "US",
        "season": 11,
        "leg_number": 10,
        "city": "Hong Kong",
        "country": "HKG",
        "continent": "Asia",
        "route_header": "Malaysia → Hong Kong",
        "itinerary_stops": 9,
        "tasks_count": 5
      }
    },
    {
      "type": "Feature",
      "geometry": {
        "type": "Point",
        "coordinates": [
          113.54,
          22.19
        ]
      },
      "properties": {
        "feature_type": "waypoint",
        "version": "US",
        "season": 11,
        "leg_number": 11,
        "city": "Macau",
        "country": "MAC",
        "continent": "Asia",
        "route_header": "Hong Kong → Macau",
        "itinerary_stops": 9,
        "tasks_count": 4
      }
    },
    {
      "type": "Feature",
      "geometry": {
        "type": "Point",
        "coordinates": [
          144.6679,
          13.3101
        ]
      },
      "properties": {
        "feature_type": "waypoint",
        "version": "US",
        "season": 11,
        "leg_number": 12,
        "city": "Humåtak",
        "country": "GUM",
        "continent": "Oceania",
        "route_header": "Macau → Hong Kong → Guam",
        "itinerary_stops": 6,
        "tasks_count": 3
      }
    },
    {
      "type": "Feature",
      "geometry": {
        "type": "Point",
        "coordinates": [
          -122.4164,
          37.7775
        ]
      },
      "properties": {
        "feature_type": "waypoint",
        "version": "US",
        "season": 11,
        "leg_number": 13,
        "city": "San Francisco",
        "country": "USA",
        "continent": "North America",
        "route_header": "Guam → United States",
        "itinerary_stops": 11,
        "tasks_count": 3
      }
    },
    {
      "type": "Feature",
      "geometry": {
        "type": "LineString",
        "coordinates": [
          [
            -78.4462,
            -0.6537
          ],
          [
            -67.9027,
            -23.3545
          ],
          [
            -72.169,
            -41.0598
          ],
          [
            -68.4818,
            -54.8633
          ],
          [
            32.5675,
            -25.9662
          ],
          [
            39.2074,
            -6.1665
          ],
          [
            21.0111,
            52.23
          ],
          [
            19.733,
            50.2672
          ],
          [
            101.6953,
            3.1478
          ],
          [
            114.2,
            22.3
          ],
          [
            113.54,
            22.19
          ],
          [
            144.6679,
            13.3101
          ],
          [
            -122.4164,
            37.7775
          ]
        ]
      },
      "properties": {
        "feature_type": "route",
        "version": "US",
        "season": 11,
        "n_legs": 13,
        "destinations": [
          "Cotopaxi National Park",
          "San Pedro de Atacama",
          "Vicente Pérez Rosales National Park",
          "Isla Redonda",
          "Maputo",
          "Zanzibar City",
          "Warsaw",
          "Sułoszowa",
          "Kuala Lumpur",
          "Hong Kong",
          "Macau",
          "Humåtak",
          "San Francisco"
        ],
        "countries": [
          "ECU",
          "CHL",
          "ARG",
          "MOZ",
          "TZA",
          "POL",
          "MYS",
          "HKG",
          "MAC",
          "GUM",
          "USA"
        ],
        "continents": [
          "South America",
          "Africa",
          "Europe",
          "Asia",
          "Oceania",
          "North America"
        ],
        "route_summary": "Cotopaxi National Park (ECU) → San Pedro de Atacama (CHL) → Vicente Pérez Rosales National Park (CHL) → Isla Redonda (ARG) → Maputo (MOZ) → Zanzibar City (TZA) → Warsaw (POL) → Sułoszowa (POL) → Kuala Lumpur (MYS) → Hong Kong (HKG) → Macau (MAC) → Humåtak (GUM) → San Francisco (USA)",
        "distance_miles": 45000.0,
        "distance_km": 72000.0,
        "winners": "Eric Sanchez and Danielle Turner"
      }
    },
    {
      "type": "Feature",
      "geometry": {
        "type": "Point",
        "coordinates": [
          -10.0211,
          53.4885
        ]
      },
      "properties": {
        "feature_type": "waypoint",
        "version": "US",
        "season": 12,
        "leg_number": 1,
        "city": "Clifden",
        "country": "IRL",
        "continent": "Europe",
        "route_header": "United States → Ireland",
        "itinerary_stops": 7,
        "tasks_count": 2
      }
    },
    {
      "type": "Feature",
      "geometry": {
        "type": "Point",
        "coordinates": [
          4.9905,
          52.3779
        ]
      },
      "properties": {
        "feature_type": "waypoint",
        "version": "US",
        "season": 12,
        "leg_number": 2,
        "city": "Durgerdam",
        "country": "NLD",
        "continent": "Europe",
        "route_header": "Ireland → Netherlands",
        "itinerary_stops": 7,
        "tasks_count": 4
      }
    },
    {
      "type": "Feature",
      "geometry": {
        "type": "Point",
        "coordinates": [
          -1.9,
          12.3025
        ]
      },
      "properties": {
        "feature_type": "waypoint",
        "version": "US",
        "season": 12,
        "leg_number": 3,
        "city": "Bingo",
        "country": "BFA",
        "continent": "Africa",
        "route_header": "Netherlands → Burkina Faso",
        "itinerary_stops": 5,
        "tasks_count": 4
      }
    },
    {
      "type": "Feature",
      "geometry": {
        "type": "Point",
        "coordinates": [
          -1.5271,
          12.3682
        ]
      },
      "properties": {
        "feature_type": "waypoint",
        "version": "US",
        "season": 12,
        "leg_number": 4,
        "city": "Ouagadougou",
        "country": "BFA",
        "continent": "Africa",
        "route_header": "Burkina Faso",
        "itinerary_stops": 6,
        "tasks_count": 3
      }
    },
    {
      "type": "Feature",
      "geometry": {
        "type": "Point",
        "coordinates": [
          24.219,
          54.867
        ]
      },
      "properties": {
        "feature_type": "waypoint",
        "version": "US",
        "season": 12,
        "leg_number": 5,
        "city": "Rumšiškės",
        "country": "LTU",
        "continent": "Europe",
        "route_header": "Burkina Faso → Lithuania",
        "itinerary_stops": 8,
        "tasks_count": 4
      }
    },
    {
      "type": "Feature",
      "geometry": {
        "type": "Point",
        "coordinates": [
          18.1083,
          42.6403
        ]
      },
      "properties": {
        "feature_type": "waypoint",
        "version": "US",
        "season": 12,
        "leg_number": 6,
        "city": "Dubrovnik",
        "country": "HRV",
        "continent": "Europe",
        "route_header": "Lithuania → Croatia",
        "itinerary_stops": 6,
        "tasks_count": 4
      }
    },
    {
      "type": "Feature",
      "geometry": {
        "type": "Point",
        "coordinates": [
          11.2542,
          43.7714
        ]
      },
      "properties": {
        "feature_type": "waypoint",
        "version": "US",
        "season": 12,
        "leg_number": 7,
        "city": "Florence",
        "country": "ITA",
        "continent": "Europe",
        "route_header": "Croatia → Italy",
        "itinerary_stops": 9,
        "tasks_count": 5
      }
    },
    {
      "type": "Feature",
      "geometry": {
        "type": "Point",
        "coordinates": [
          72.8775,
          19.0761
        ]
      },
      "properties": {
        "feature_type": "waypoint",
        "version": "US",
        "season": 12,
        "leg_number": 8,
        "city": "Mumbai",
        "country": "IND",
        "continent": "Asia",
        "route_header": "Italy → India",
        "itinerary_stops": 9,
        "tasks_count": 4
      }
    },
    {
      "type": "Feature",
      "geometry": {
        "type": "Point",
        "coordinates": [
          135.5022,
          34.6939
        ]
      },
      "properties": {
        "feature_type": "waypoint",
        "version": "US",
        "season": 12,
        "leg_number": 9,
        "city": "Osaka",
        "country": "JPN",
        "continent": "Asia",
        "route_header": "India → Japan",
        "itinerary_stops": 8,
        "tasks_count": 4
      }
    },
    {
      "type": "Feature",
      "geometry": {
        "type": "Point",
        "coordinates": [
          121.5637,
          25.0375
        ]
      },
      "properties": {
        "feature_type": "waypoint",
        "version": "US",
        "season": 12,
        "leg_number": 10,
        "city": "Taipei",
        "country": "TWN",
        "continent": "Asia",
        "route_header": "Japan → Taiwan",
        "itinerary_stops": 12,
        "tasks_count": 5
      }
    },
    {
      "type": "Feature",
      "geometry": {
        "type": "Point",
        "coordinates": [
          -149.1337,
          60.9632
        ]
      },
      "properties": {
        "feature_type": "waypoint",
        "version": "US",
        "season": 12,
        "leg_number": 11,
        "city": "Girdwood",
        "country": "USA",
        "continent": "North America",
        "route_header": "Taiwan → United States",
        "itinerary_stops": 11,
        "tasks_count": 4
      }
    },
    {
      "type": "Feature",
      "geometry": {
        "type": "LineString",
        "coordinates": [
          [
            -10.0211,
            53.4885
          ],
          [
            4.9905,
            52.3779
          ],
          [
            -1.9,
            12.3025
          ],
          [
            -1.5271,
            12.3682
          ],
          [
            24.219,
            54.867
          ],
          [
            18.1083,
            42.6403
          ],
          [
            11.2542,
            43.7714
          ],
          [
            72.8775,
            19.0761
          ],
          [
            135.5022,
            34.6939
          ],
          [
            121.5637,
            25.0375
          ],
          [
            -149.1337,
            60.9632
          ]
        ]
      },
      "properties": {
        "feature_type": "route",
        "version": "US",
        "season": 12,
        "n_legs": 11,
        "destinations": [
          "Clifden",
          "Durgerdam",
          "Bingo",
          "Ouagadougou",
          "Rumšiškės",
          "Dubrovnik",
          "Florence",
          "Mumbai",
          "Osaka",
          "Taipei",
          "Girdwood"
        ],
        "countries": [
          "IRL",
          "NLD",
          "BFA",
          "LTU",
          "HRV",
          "ITA",
          "IND",
          "JPN",
          "TWN",
          "USA"
        ],
        "continents": [
          "Europe",
          "Africa",
          "Asia",
          "North America"
        ],
        "route_summary": "Clifden (IRL) → Durgerdam (NLD) → Bingo (BFA) → Ouagadougou (BFA) → Rumšiškės (LTU) → Dubrovnik (HRV) → Florence (ITA) → Mumbai (IND) → Osaka (JPN) → Taipei (TWN) → Girdwood (USA)",
        "distance_miles": 30000.0,
        "distance_km": 48000.0,
        "winners": "TK Erwin and Rachel Rosales"
      }
    },
    {
      "type": "Feature",
      "geometry": {
        "type": "Point",
        "coordinates": [
          -38.4813,
          -12.9822
        ]
      },
      "properties": {
        "feature_type": "waypoint",
        "version": "US",
        "season": 13,
        "leg_number": 1,
        "city": "Salvador",
        "country": "BRA",
        "continent": "South America",
        "route_header": "United States → Brazil",
        "itinerary_stops": 8,
        "tasks_count": 2
      }
    },
    {
      "type": "Feature",
      "geometry": {
        "type": "Point",
        "coordinates": [
          -38.5275,
          -3.7275
        ]
      },
      "properties": {
        "feature_type": "waypoint",
        "version": "US",
        "season": 13,
        "leg_number": 2,
        "city": "Fortaleza",
        "country": "BRA",
        "continent": "South America",
        "route_header": "Brazil",
        "itinerary_stops": 7,
        "tasks_count": 3
      }
    },
    {
      "type": "Feature",
      "geometry": {
        "type": "Point",
        "coordinates": [
          -68.1333,
          -16.4958
        ]
      },
      "properties": {
        "feature_type": "waypoint",
        "version": "US",
        "season": 13,
        "leg_number": 3,
        "city": "La Paz",
        "country": "BOL",
        "continent": "South America",
        "route_header": "Brazil → Bolivia",
        "itinerary_stops": 8,
        "tasks_count": 3
      }
    },
    {
      "type": "Feature",
      "geometry": {
        "type": "Point",
        "coordinates": [
          174.903,
          -37.195
        ]
      },
      "properties": {
        "feature_type": "waypoint",
        "version": "US",
        "season": 13,
        "leg_number": 4,
        "city": "Pukekohe",
        "country": "NZL",
        "continent": "Oceania",
        "route_header": "Bolivia → New Zealand",
        "itinerary_stops": 9,
        "tasks_count": 6
      }
    },
    {
      "type": "Feature",
      "geometry": {
        "type": "Point",
        "coordinates": [
          103.859,
          13.3618
        ]
      },
      "properties": {
        "feature_type": "waypoint",
        "version": "US",
        "season": 13,
        "leg_number": 5,
        "city": "Siem Reap",
        "country": "KHM",
        "continent": "Asia",
        "route_header": "New Zealand → Cambodia",
        "itinerary_stops": 6,
        "tasks_count": 3
      }
    },
    {
      "type": "Feature",
      "geometry": {
        "type": "Point",
        "coordinates": [
          77.23,
          28.61
        ]
      },
      "properties": {
        "feature_type": "waypoint",
        "version": "US",
        "season": 13,
        "leg_number": 6,
        "city": "Delhi",
        "country": "IND",
        "continent": "Asia",
        "route_header": "Cambodia → India",
        "itinerary_stops": 7,
        "tasks_count": 4
      }
    },
    {
      "type": "Feature",
      "geometry": {
        "type": "Point",
        "coordinates": [
          77.23,
          28.61
        ]
      },
      "properties": {
        "feature_type": "waypoint",
        "version": "US",
        "season": 13,
        "leg_number": 7,
        "city": "Delhi",
        "country": "IND",
        "continent": "Asia",
        "route_header": "India",
        "itinerary_stops": 6,
        "tasks_count": 5
      }
    },
    {
      "type": "Feature",
      "geometry": {
        "type": "Point",
        "coordinates": [
          76.9457,
          43.2364
        ]
      },
      "properties": {
        "feature_type": "waypoint",
        "version": "US",
        "season": 13,
        "leg_number": 8,
        "city": "Almaty",
        "country": "KAZ",
        "continent": "Asia",
        "route_header": "India → Kazakhstan",
        "itinerary_stops": 7,
        "tasks_count": 5
      }
    },
    {
      "type": "Feature",
      "geometry": {
        "type": "Point",
        "coordinates": [
          37.6178,
          55.7558
        ]
      },
      "properties": {
        "feature_type": "waypoint",
        "version": "US",
        "season": 13,
        "leg_number": 9,
        "city": "Moscow",
        "country": "RUS",
        "continent": "Europe",
        "route_header": "Kazakhstan → Russia",
        "itinerary_stops": 7,
        "tasks_count": 3
      }
    },
    {
      "type": "Feature",
      "geometry": {
        "type": "Point",
        "coordinates": [
          37.6178,
          55.7558
        ]
      },
      "properties": {
        "feature_type": "waypoint",
        "version": "US",
        "season": 13,
        "leg_number": 10,
        "city": "Moscow",
        "country": "RUS",
        "continent": "Europe",
        "route_header": "Russia",
        "itinerary_stops": 6,
        "tasks_count": 5
      }
    },
    {
      "type": "Feature",
      "geometry": {
        "type": "Point",
        "coordinates": [
          -122.6742,
          45.5202
        ]
      },
      "properties": {
        "feature_type": "waypoint",
        "version": "US",
        "season": 13,
        "leg_number": 11,
        "city": "Portland",
        "country": "USA",
        "continent": "North America",
        "route_header": "Russia → United States",
        "itinerary_stops": 11,
        "tasks_count": 2
      }
    },
    {
      "type": "Feature",
      "geometry": {
        "type": "LineString",
        "coordinates": [
          [
            -38.4813,
            -12.9822
          ],
          [
            -38.5275,
            -3.7275
          ],
          [
            -68.1333,
            -16.4958
          ],
          [
            174.903,
            -37.195
          ],
          [
            103.859,
            13.3618
          ],
          [
            77.23,
            28.61
          ],
          [
            77.23,
            28.61
          ],
          [
            76.9457,
            43.2364
          ],
          [
            37.6178,
            55.7558
          ],
          [
            37.6178,
            55.7558
          ],
          [
            -122.6742,
            45.5202
          ]
        ]
      },
      "properties": {
        "feature_type": "route",
        "version": "US",
        "season": 13,
        "n_legs": 11,
        "destinations": [
          "Salvador",
          "Fortaleza",
          "La Paz",
          "Pukekohe",
          "Siem Reap",
          "Delhi",
          "Delhi",
          "Almaty",
          "Moscow",
          "Moscow",
          "Portland"
        ],
        "countries": [
          "BRA",
          "BOL",
          "NZL",
          "KHM",
          "IND",
          "KAZ",
          "RUS",
          "USA"
        ],
        "continents": [
          "South America",
          "Oceania",
          "Asia",
          "Europe",
          "North America"
        ],
        "route_summary": "Salvador (BRA) → Fortaleza (BRA) → La Paz (BOL) → Pukekohe (NZL) → Siem Reap (KHM) → Delhi (IND) → Delhi (IND) → Almaty (KAZ) → Moscow (RUS) → Moscow (RUS) → Portland (USA)",
        "distance_miles": 40000.0,
        "distance_km": 64000.0,
        "winners": "Nick and Starr Spangler"
      }
    },
    {
      "type": "Feature",
      "geometry": {
        "type": "Point",
        "coordinates": [
          7.9022,
          46.545
        ]
      },
      "properties": {
        "feature_type": "waypoint",
        "version": "US",
        "season": 14,
        "leg_number": 1,
        "city": "Stechelberg",
        "country": "CHE",
        "continent": "Europe",
        "route_header": "United States → Switzerland",
        "itinerary_stops": 9,
        "tasks_count": 2
      }
    },
    {
      "type": "Feature",
      "geometry": {
        "type": "Point",
        "coordinates": [
          13.045,
          47.8
        ]
      },
      "properties": {
        "feature_type": "waypoint",
        "version": "US",
        "season": 14,
        "leg_number": 2,
        "city": "Salzburg",
        "country": "AUT",
        "continent": "Europe",
        "route_header": "Switzerland → Germany → Austria",
        "itinerary_stops": 6,
        "tasks_count": 4
      }
    },
    {
      "type": "Feature",
      "geometry": {
        "type": "Point",
        "coordinates": [
          25.3716,
          45.5163
        ]
      },
      "properties": {
        "feature_type": "waypoint",
        "version": "US",
        "season": 14,
        "leg_number": 3,
        "city": "Bran",
        "country": "ROU",
        "continent": "Europe",
        "route_header": "Austria → Germany → Romania",
        "itinerary_stops": 7,
        "tasks_count": 4
      }
    },
    {
      "type": "Feature",
      "geometry": {
        "type": "Point",
        "coordinates": [
          92.8719,
          56.0089
        ]
      },
      "properties": {
        "feature_type": "waypoint",
        "version": "US",
        "season": 14,
        "leg_number": 4,
        "city": "Krasnoyarsk",
        "country": "RUS",
        "continent": "Europe",
        "route_header": "Romania → Russia",
        "itinerary_stops": 7,
        "tasks_count": 3
      }
    },
    {
      "type": "Feature",
      "geometry": {
        "type": "Point",
        "coordinates": [
          82.95,
          55.05
        ]
      },
      "properties": {
        "feature_type": "waypoint",
        "version": "US",
        "season": 14,
        "leg_number": 5,
        "city": "Novosibirsk",
        "country": "RUS",
        "continent": "Europe",
        "route_header": "Russia",
        "itinerary_stops": 7,
        "tasks_count": 3
      }
    },
    {
      "type": "Feature",
      "geometry": {
        "type": "Point",
        "coordinates": [
          75.8559,
          26.9888
        ]
      },
      "properties": {
        "feature_type": "waypoint",
        "version": "US",
        "season": 14,
        "leg_number": 6,
        "city": "Amber",
        "country": "IND",
        "continent": "Asia",
        "route_header": "Russia → India",
        "itinerary_stops": 8,
        "tasks_count": 5
      }
    },
    {
      "type": "Feature",
      "geometry": {
        "type": "Point",
        "coordinates": [
          98.3529,
          7.9366
        ]
      },
      "properties": {
        "feature_type": "waypoint",
        "version": "US",
        "season": 14,
        "leg_number": 7,
        "city": "Phuket",
        "country": "THA",
        "continent": "Asia",
        "route_header": "India → Thailand",
        "itinerary_stops": 6,
        "tasks_count": 3
      }
    },
    {
      "type": "Feature",
      "geometry": {
        "type": "Point",
        "coordinates": [
          100.4942,
          13.7525
        ]
      },
      "properties": {
        "feature_type": "waypoint",
        "version": "US",
        "season": 14,
        "leg_number": 8,
        "city": "Bangkok",
        "country": "THA",
        "continent": "Asia",
        "route_header": "Thailand",
        "itinerary_stops": 7,
        "tasks_count": 4
      }
    },
    {
      "type": "Feature",
      "geometry": {
        "type": "Point",
        "coordinates": [
          110.2911,
          25.278
        ]
      },
      "properties": {
        "feature_type": "waypoint",
        "version": "US",
        "season": 14,
        "leg_number": 9,
        "city": "Guilin",
        "country": "CHN",
        "continent": "Asia",
        "route_header": "Thailand → China",
        "itinerary_stops": 7,
        "tasks_count": 5
      }
    },
    {
      "type": "Feature",
      "geometry": {
        "type": "Point",
        "coordinates": [
          116.3913,
          39.9057
        ]
      },
      "properties": {
        "feature_type": "waypoint",
        "version": "US",
        "season": 14,
        "leg_number": 10,
        "city": "Beijing",
        "country": "CHN",
        "continent": "Asia",
        "route_header": "China",
        "itinerary_stops": 14,
        "tasks_count": 7
      }
    },
    {
      "type": "Feature",
      "geometry": {
        "type": "Point",
        "coordinates": [
          -156.5035,
          20.855
        ]
      },
      "properties": {
        "feature_type": "waypoint",
        "version": "US",
        "season": 14,
        "leg_number": 11,
        "city": "Waikapu",
        "country": "USA",
        "continent": "North America",
        "route_header": "China → United States",
        "itinerary_stops": 7,
        "tasks_count": 1
      }
    },
    {
      "type": "Feature",
      "geometry": {
        "type": "LineString",
        "coordinates": [
          [
            7.9022,
            46.545
          ],
          [
            13.045,
            47.8
          ],
          [
            25.3716,
            45.5163
          ],
          [
            92.8719,
            56.0089
          ],
          [
            82.95,
            55.05
          ],
          [
            75.8559,
            26.9888
          ],
          [
            98.3529,
            7.9366
          ],
          [
            100.4942,
            13.7525
          ],
          [
            110.2911,
            25.278
          ],
          [
            116.3913,
            39.9057
          ],
          [
            -156.5035,
            20.855
          ]
        ]
      },
      "properties": {
        "feature_type": "route",
        "version": "US",
        "season": 14,
        "n_legs": 11,
        "destinations": [
          "Stechelberg",
          "Salzburg",
          "Bran",
          "Krasnoyarsk",
          "Novosibirsk",
          "Amber",
          "Phuket",
          "Bangkok",
          "Guilin",
          "Beijing",
          "Waikapu"
        ],
        "countries": [
          "CHE",
          "AUT",
          "ROU",
          "RUS",
          "IND",
          "THA",
          "CHN",
          "USA"
        ],
        "continents": [
          "Europe",
          "Asia",
          "North America"
        ],
        "route_summary": "Stechelberg (CHE) → Salzburg (AUT) → Bran (ROU) → Krasnoyarsk (RUS) → Novosibirsk (RUS) → Amber (IND) → Phuket (THA) → Bangkok (THA) → Guilin (CHN) → Beijing (CHN) → Waikapu (USA)",
        "distance_miles": 40000.0,
        "distance_km": 64000.0,
        "winners": "Tammy & Victor Jih"
      }
    },
    {
      "type": "Feature",
      "geometry": {
        "type": "Point",
        "coordinates": [
          139.6922,
          35.6897
        ]
      },
      "properties": {
        "feature_type": "waypoint",
        "version": "US",
        "season": 15,
        "leg_number": 1,
        "city": "Tokyo",
        "country": "JPN",
        "continent": "Asia",
        "route_header": "United States → Japan",
        "itinerary_stops": 5,
        "tasks_count": 3
      }
    },
    {
      "type": "Feature",
      "geometry": {
        "type": "Point",
        "coordinates": [
          106.0336,
          10.3348
        ]
      },
      "properties": {
        "feature_type": "waypoint",
        "version": "US",
        "season": 15,
        "leg_number": 2,
        "city": "Cái Bè",
        "country": "VNM",
        "continent": "Asia",
        "route_header": "Japan → Vietnam",
        "itinerary_stops": 7,
        "tasks_count": 2
      }
    },
    {
      "type": "Feature",
      "geometry": {
        "type": "Point",
        "coordinates": [
          106.7019,
          10.7756
        ]
      },
      "properties": {
        "feature_type": "waypoint",
        "version": "US",
        "season": 15,
        "leg_number": 3,
        "city": "Ho Chi Minh City",
        "country": "VNM",
        "continent": "Asia",
        "route_header": "Vietnam",
        "itinerary_stops": 6,
        "tasks_count": 3
      }
    },
    {
      "type": "Feature",
      "geometry": {
        "type": "Point",
        "coordinates": [
          104.9211,
          11.5694
        ]
      },
      "properties": {
        "feature_type": "waypoint",
        "version": "US",
        "season": 15,
        "leg_number": 4,
        "city": "Phnom Penh",
        "country": "KHM",
        "continent": "Asia",
        "route_header": "Vietnam → Cambodia",
        "itinerary_stops": 7,
        "tasks_count": 3
      }
    },
    {
      "type": "Feature",
      "geometry": {
        "type": "Point",
        "coordinates": [
          55.1886,
          25.0743
        ]
      },
      "properties": {
        "feature_type": "waypoint",
        "version": "US",
        "season": 15,
        "leg_number": 5,
        "city": "Dubai",
        "country": "ARE",
        "continent": "Asia",
        "route_header": "Cambodia → United Arab Emirates",
        "itinerary_stops": 9,
        "tasks_count": 6
      }
    },
    {
      "type": "Feature",
      "geometry": {
        "type": "Point",
        "coordinates": [
          55.1338,
          25.1183
        ]
      },
      "properties": {
        "feature_type": "waypoint",
        "version": "US",
        "season": 15,
        "leg_number": 6,
        "city": "Palm Jumeirah",
        "country": "ARE",
        "continent": "Asia",
        "route_header": "United Arab Emirates",
        "itinerary_stops": 7,
        "tasks_count": 5
      }
    },
    {
      "type": "Feature",
      "geometry": {
        "type": "Point",
        "coordinates": [
          6.3011,
          53.337
        ]
      },
      "properties": {
        "feature_type": "waypoint",
        "version": "US",
        "season": 15,
        "leg_number": 7,
        "city": "Zoutkamp",
        "country": "NLD",
        "continent": "Europe",
        "route_header": "United Arab Emirates → Netherlands",
        "itinerary_stops": 6,
        "tasks_count": 5
      }
    },
    {
      "type": "Feature",
      "geometry": {
        "type": "Point",
        "coordinates": [
          17.9329,
          59.4438
        ]
      },
      "properties": {
        "feature_type": "waypoint",
        "version": "US",
        "season": 15,
        "leg_number": 8,
        "city": "Häggvik",
        "country": "SWE",
        "continent": "Europe",
        "route_header": "Netherlands → Sweden",
        "itinerary_stops": 7,
        "tasks_count": 3
      }
    },
    {
      "type": "Feature",
      "geometry": {
        "type": "Point",
        "coordinates": [
          24.9018,
          58.945
        ]
      },
      "properties": {
        "feature_type": "waypoint",
        "version": "US",
        "season": 15,
        "leg_number": 9,
        "city": "Keava",
        "country": "EST",
        "continent": "Europe",
        "route_header": "Sweden → Estonia",
        "itinerary_stops": 7,
        "tasks_count": 4
      }
    },
    {
      "type": "Feature",
      "geometry": {
        "type": "Point",
        "coordinates": [
          14.4214,
          50.0875
        ]
      },
      "properties": {
        "feature_type": "waypoint",
        "version": "US",
        "season": 15,
        "leg_number": 10,
        "city": "Prague",
        "country": "CZE",
        "continent": "Europe",
        "route_header": "Estonia → Czech Republic",
        "itinerary_stops": 7,
        "tasks_count": 2
      }
    },
    {
      "type": "Feature",
      "geometry": {
        "type": "Point",
        "coordinates": [
          14.4214,
          50.0875
        ]
      },
      "properties": {
        "feature_type": "waypoint",
        "version": "US",
        "season": 15,
        "leg_number": 11,
        "city": "Prague",
        "country": "CZE",
        "continent": "Europe",
        "route_header": "Czech Republic",
        "itinerary_stops": 8,
        "tasks_count": 6
      }
    },
    {
      "type": "Feature",
      "geometry": {
        "type": "Point",
        "coordinates": [
          -115.1406,
          36.1692
        ]
      },
      "properties": {
        "feature_type": "waypoint",
        "version": "US",
        "season": 15,
        "leg_number": 12,
        "city": "Las Vegas",
        "country": "USA",
        "continent": "North America",
        "route_header": "Czech Republic → United States",
        "itinerary_stops": 9,
        "tasks_count": 2
      }
    },
    {
      "type": "Feature",
      "geometry": {
        "type": "LineString",
        "coordinates": [
          [
            139.6922,
            35.6897
          ],
          [
            106.0336,
            10.3348
          ],
          [
            106.7019,
            10.7756
          ],
          [
            104.9211,
            11.5694
          ],
          [
            55.1886,
            25.0743
          ],
          [
            55.1338,
            25.1183
          ],
          [
            6.3011,
            53.337
          ],
          [
            17.9329,
            59.4438
          ],
          [
            24.9018,
            58.945
          ],
          [
            14.4214,
            50.0875
          ],
          [
            14.4214,
            50.0875
          ],
          [
            -115.1406,
            36.1692
          ]
        ]
      },
      "properties": {
        "feature_type": "route",
        "version": "US",
        "season": 15,
        "n_legs": 12,
        "destinations": [
          "Tokyo",
          "Cái Bè",
          "Ho Chi Minh City",
          "Phnom Penh",
          "Dubai",
          "Palm Jumeirah",
          "Zoutkamp",
          "Häggvik",
          "Keava",
          "Prague",
          "Prague",
          "Las Vegas"
        ],
        "countries": [
          "JPN",
          "VNM",
          "KHM",
          "ARE",
          "NLD",
          "SWE",
          "EST",
          "CZE",
          "USA"
        ],
        "continents": [
          "Asia",
          "Europe",
          "North America"
        ],
        "route_summary": "Tokyo (JPN) → Cái Bè (VNM) → Ho Chi Minh City (VNM) → Phnom Penh (KHM) → Dubai (ARE) → Palm Jumeirah (ARE) → Zoutkamp (NLD) → Häggvik (SWE) → Keava (EST) → Prague (CZE) → Prague (CZE) → Las Vegas (USA)",
        "distance_miles": 25000.0,
        "distance_km": 40000.0,
        "winners": "Meghan Rickey & Cheyne Whitney"
      }
    },
    {
      "type": "Feature",
      "geometry": {
        "type": "Point",
        "coordinates": [
          -71.6197,
          -33.0461
        ]
      },
      "properties": {
        "feature_type": "waypoint",
        "version": "US",
        "season": 16,
        "leg_number": 1,
        "city": "Valparaíso",
        "country": "CHL",
        "continent": "South America",
        "route_header": "United States → Chile",
        "itinerary_stops": 8,
        "tasks_count": 3
      }
    },
    {
      "type": "Feature",
      "geometry": {
        "type": "Point",
        "coordinates": [
          -72.9829,
          -41.3178
        ]
      },
      "properties": {
        "feature_type": "waypoint",
        "version": "US",
        "season": 16,
        "leg_number": 2,
        "city": "Puerto Varas",
        "country": "CHL",
        "continent": "South America",
        "route_header": "Chile",
        "itinerary_stops": 6,
        "tasks_count": 3
      }
    },
    {
      "type": "Feature",
      "geometry": {
        "type": "Point",
        "coordinates": [
          -71.6117,
          -40.7424
        ]
      },
      "properties": {
        "feature_type": "waypoint",
        "version": "US",
        "season": 16,
        "leg_number": 3,
        "city": "Neuquén Province",
        "country": "ARG",
        "continent": "South America",
        "route_header": "Chile → Argentina",
        "itinerary_stops": 6,
        "tasks_count": 4
      }
    },
    {
      "type": "Feature",
      "geometry": {
        "type": "Point",
        "coordinates": [
          10.0,
          53.55
        ]
      },
      "properties": {
        "feature_type": "waypoint",
        "version": "US",
        "season": 16,
        "leg_number": 4,
        "city": "Hamburg",
        "country": "DEU",
        "continent": "Europe",
        "route_header": "Argentina → Germany",
        "itinerary_stops": 11,
        "tasks_count": 4
      }
    },
    {
      "type": "Feature",
      "geometry": {
        "type": "Point",
        "coordinates": [
          4.7489,
          49.187
        ]
      },
      "properties": {
        "feature_type": "waypoint",
        "version": "US",
        "season": 16,
        "leg_number": 5,
        "city": "Massiges",
        "country": "FRA",
        "continent": "Europe",
        "route_header": "Germany → France",
        "itinerary_stops": 4,
        "tasks_count": 4
      }
    },
    {
      "type": "Feature",
      "geometry": {
        "type": "Point",
        "coordinates": [
          3.9529,
          49.0426
        ]
      },
      "properties": {
        "feature_type": "waypoint",
        "version": "US",
        "season": 16,
        "leg_number": 6,
        "city": "Épernay",
        "country": "FRA",
        "continent": "Europe",
        "route_header": "France",
        "itinerary_stops": 5,
        "tasks_count": 4
      }
    },
    {
      "type": "Feature",
      "geometry": {
        "type": "Point",
        "coordinates": [
          55.7475,
          -4.3162
        ]
      },
      "properties": {
        "feature_type": "waypoint",
        "version": "US",
        "season": 16,
        "leg_number": 7,
        "city": "Anse Volbert",
        "country": "SYC",
        "continent": "Africa",
        "route_header": "France → Seychelles",
        "itinerary_stops": 8,
        "tasks_count": 4
      }
    },
    {
      "type": "Feature",
      "geometry": {
        "type": "Point",
        "coordinates": [
          100.3292,
          5.4144
        ]
      },
      "properties": {
        "feature_type": "waypoint",
        "version": "US",
        "season": 16,
        "leg_number": 8,
        "city": "George Town",
        "country": "MYS",
        "continent": "Asia",
        "route_header": "Seychelles → Malaysia",
        "itinerary_stops": 8,
        "tasks_count": 4
      }
    },
    {
      "type": "Feature",
      "geometry": {
        "type": "Point",
        "coordinates": [
          103.852,
          1.2903
        ]
      },
      "properties": {
        "feature_type": "waypoint",
        "version": "US",
        "season": 16,
        "leg_number": 9,
        "city": "Singapore",
        "country": "SGP",
        "continent": "Asia",
        "route_header": "Malaysia → Singapore",
        "itinerary_stops": 11,
        "tasks_count": 5
      }
    },
    {
      "type": "Feature",
      "geometry": {
        "type": "Point",
        "coordinates": [
          121.4737,
          31.2304
        ]
      },
      "properties": {
        "feature_type": "waypoint",
        "version": "US",
        "season": 16,
        "leg_number": 10,
        "city": "Shanghai",
        "country": "CHN",
        "continent": "Asia",
        "route_header": "Singapore → China",
        "itinerary_stops": 7,
        "tasks_count": 4
      }
    },
    {
      "type": "Feature",
      "geometry": {
        "type": "Point",
        "coordinates": [
          121.4737,
          31.2304
        ]
      },
      "properties": {
        "feature_type": "waypoint",
        "version": "US",
        "season": 16,
        "leg_number": 11,
        "city": "Shanghai",
        "country": "CHN",
        "continent": "Asia",
        "route_header": "China",
        "itinerary_stops": 6,
        "tasks_count": 5
      }
    },
    {
      "type": "Feature",
      "geometry": {
        "type": "Point",
        "coordinates": [
          -122.4164,
          37.7775
        ]
      },
      "properties": {
        "feature_type": "waypoint",
        "version": "US",
        "season": 16,
        "leg_number": 12,
        "city": "San Francisco",
        "country": "USA",
        "continent": "North America",
        "route_header": "China → United States",
        "itinerary_stops": 9,
        "tasks_count": 2
      }
    },
    {
      "type": "Feature",
      "geometry": {
        "type": "LineString",
        "coordinates": [
          [
            -71.6197,
            -33.0461
          ],
          [
            -72.9829,
            -41.3178
          ],
          [
            -71.6117,
            -40.7424
          ],
          [
            10.0,
            53.55
          ],
          [
            4.7489,
            49.187
          ],
          [
            3.9529,
            49.0426
          ],
          [
            55.7475,
            -4.3162
          ],
          [
            100.3292,
            5.4144
          ],
          [
            103.852,
            1.2903
          ],
          [
            121.4737,
            31.2304
          ],
          [
            121.4737,
            31.2304
          ],
          [
            -122.4164,
            37.7775
          ]
        ]
      },
      "properties": {
        "feature_type": "route",
        "version": "US",
        "season": 16,
        "n_legs": 12,
        "destinations": [
          "Valparaíso",
          "Puerto Varas",
          "Neuquén Province",
          "Hamburg",
          "Massiges",
          "Épernay",
          "Anse Volbert",
          "George Town",
          "Singapore",
          "Shanghai",
          "Shanghai",
          "San Francisco"
        ],
        "countries": [
          "CHL",
          "ARG",
          "DEU",
          "FRA",
          "SYC",
          "MYS",
          "SGP",
          "CHN",
          "USA"
        ],
        "continents": [
          "South America",
          "Europe",
          "Africa",
          "Asia",
          "North America"
        ],
        "route_summary": "Valparaíso (CHL) → Puerto Varas (CHL) → Neuquén Province (ARG) → Hamburg (DEU) → Massiges (FRA) → Épernay (FRA) → Anse Volbert (SYC) → George Town (MYS) → Singapore (SGP) → Shanghai (CHN) → Shanghai (CHN) → San Francisco (USA)",
        "distance_miles": 40000.0,
        "distance_km": 64000.0,
        "winners": "Dan & Jordan Pious"
      }
    },
    {
      "type": "Feature",
      "geometry": {
        "type": "Point",
        "coordinates": [
          -2.4235,
          52.0339
        ]
      },
      "properties": {
        "feature_type": "waypoint",
        "version": "US",
        "season": 17,
        "leg_number": 1,
        "city": "Ledbury",
        "country": "GBR",
        "continent": "Europe",
        "route_header": "United States → England",
        "itinerary_stops": 4,
        "tasks_count": 3
      }
    },
    {
      "type": "Feature",
      "geometry": {
        "type": "Point",
        "coordinates": [
          -0.2,
          5.55
        ]
      },
      "properties": {
        "feature_type": "waypoint",
        "version": "US",
        "season": 17,
        "leg_number": 2,
        "city": "Accra",
        "country": "GHA",
        "continent": "Africa",
        "route_header": "England → Ghana",
        "itinerary_stops": 7,
        "tasks_count": 4
      }
    },
    {
      "type": "Feature",
      "geometry": {
        "type": "Point",
        "coordinates": [
          0.0232,
          5.9007
        ]
      },
      "properties": {
        "feature_type": "waypoint",
        "version": "US",
        "season": 17,
        "leg_number": 3,
        "city": "Doryumu",
        "country": "GHA",
        "continent": "Africa",
        "route_header": "Ghana",
        "itinerary_stops": 6,
        "tasks_count": 4
      }
    },
    {
      "type": "Feature",
      "geometry": {
        "type": "Point",
        "coordinates": [
          18.1205,
          68.4149
        ]
      },
      "properties": {
        "feature_type": "waypoint",
        "version": "US",
        "season": 17,
        "leg_number": 4,
        "city": "Riksgränsen",
        "country": "SWE",
        "continent": "Europe",
        "route_header": "Ghana → Sweden",
        "itinerary_stops": 7,
        "tasks_count": 5
      }
    },
    {
      "type": "Feature",
      "geometry": {
        "type": "Point",
        "coordinates": [
          17.3789,
          68.4217
        ]
      },
      "properties": {
        "feature_type": "waypoint",
        "version": "US",
        "season": 17,
        "leg_number": 5,
        "city": "Ankenesstranda",
        "country": "NOR",
        "continent": "Europe",
        "route_header": "Sweden → Norway",
        "itinerary_stops": 6,
        "tasks_count": 6
      }
    },
    {
      "type": "Feature",
      "geometry": {
        "type": "Point",
        "coordinates": [
          30.1587,
          59.9607
        ]
      },
      "properties": {
        "feature_type": "waypoint",
        "version": "US",
        "season": 17,
        "leg_number": 6,
        "city": "Saint Petersburg",
        "country": "RUS",
        "continent": "Europe",
        "route_header": "Norway → Sweden → Russia",
        "itinerary_stops": 9,
        "tasks_count": 2
      }
    },
    {
      "type": "Feature",
      "geometry": {
        "type": "Point",
        "coordinates": [
          30.1587,
          59.9607
        ]
      },
      "properties": {
        "feature_type": "waypoint",
        "version": "US",
        "season": 17,
        "leg_number": 7,
        "city": "Saint Petersburg",
        "country": "RUS",
        "continent": "Europe",
        "route_header": "Russia",
        "itinerary_stops": 7,
        "tasks_count": 4
      }
    },
    {
      "type": "Feature",
      "geometry": {
        "type": "Point",
        "coordinates": [
          58.4083,
          23.5889
        ]
      },
      "properties": {
        "feature_type": "waypoint",
        "version": "US",
        "season": 17,
        "leg_number": 8,
        "city": "Muscat",
        "country": "OMN",
        "continent": "Asia",
        "route_header": "Russia → Oman",
        "itinerary_stops": 7,
        "tasks_count": 4
      }
    },
    {
      "type": "Feature",
      "geometry": {
        "type": "Point",
        "coordinates": [
          90.3889,
          23.7644
        ]
      },
      "properties": {
        "feature_type": "waypoint",
        "version": "US",
        "season": 17,
        "leg_number": 9,
        "city": "Dhaka",
        "country": "BGD",
        "continent": "Asia",
        "route_header": "Oman → Bangladesh",
        "itinerary_stops": 7,
        "tasks_count": 3
      }
    },
    {
      "type": "Feature",
      "geometry": {
        "type": "Point",
        "coordinates": [
          114.2,
          22.3
        ]
      },
      "properties": {
        "feature_type": "waypoint",
        "version": "US",
        "season": 17,
        "leg_number": 10,
        "city": "Hong Kong",
        "country": "HKG",
        "continent": "Asia",
        "route_header": "Bangladesh → Hong Kong",
        "itinerary_stops": 11,
        "tasks_count": 4
      }
    },
    {
      "type": "Feature",
      "geometry": {
        "type": "Point",
        "coordinates": [
          126.9783,
          37.5667
        ]
      },
      "properties": {
        "feature_type": "waypoint",
        "version": "US",
        "season": 17,
        "leg_number": 11,
        "city": "Seoul",
        "country": "KOR",
        "continent": "Asia",
        "route_header": "Hong Kong → South Korea",
        "itinerary_stops": 10,
        "tasks_count": 6
      }
    },
    {
      "type": "Feature",
      "geometry": {
        "type": "Point",
        "coordinates": [
          -118.3994,
          34.0731
        ]
      },
      "properties": {
        "feature_type": "waypoint",
        "version": "US",
        "season": 17,
        "leg_number": 12,
        "city": "Beverly Hills",
        "country": "USA",
        "continent": "North America",
        "route_header": "South Korea → United States",
        "itinerary_stops": 7,
        "tasks_count": 2
      }
    },
    {
      "type": "Feature",
      "geometry": {
        "type": "LineString",
        "coordinates": [
          [
            -2.4235,
            52.0339
          ],
          [
            -0.2,
            5.55
          ],
          [
            0.0232,
            5.9007
          ],
          [
            18.1205,
            68.4149
          ],
          [
            17.3789,
            68.4217
          ],
          [
            30.1587,
            59.9607
          ],
          [
            30.1587,
            59.9607
          ],
          [
            58.4083,
            23.5889
          ],
          [
            90.3889,
            23.7644
          ],
          [
            114.2,
            22.3
          ],
          [
            126.9783,
            37.5667
          ],
          [
            -118.3994,
            34.0731
          ]
        ]
      },
      "properties": {
        "feature_type": "route",
        "version": "US",
        "season": 17,
        "n_legs": 12,
        "destinations": [
          "Ledbury",
          "Accra",
          "Doryumu",
          "Riksgränsen",
          "Ankenesstranda",
          "Saint Petersburg",
          "Saint Petersburg",
          "Muscat",
          "Dhaka",
          "Hong Kong",
          "Seoul",
          "Beverly Hills"
        ],
        "countries": [
          "GBR",
          "GHA",
          "SWE",
          "NOR",
          "RUS",
          "OMN",
          "BGD",
          "HKG",
          "KOR",
          "USA"
        ],
        "continents": [
          "Europe",
          "Africa",
          "Asia",
          "North America"
        ],
        "route_summary": "Ledbury (GBR) → Accra (GHA) → Doryumu (GHA) → Riksgränsen (SWE) → Ankenesstranda (NOR) → Saint Petersburg (RUS) → Saint Petersburg (RUS) → Muscat (OMN) → Dhaka (BGD) → Hong Kong (HKG) → Seoul (KOR) → Beverly Hills (USA)",
        "distance_miles": 32000.0,
        "distance_km": 51000.0,
        "winners": "Natalie \"Nat\" Strand & Katherine \"Kat\" Chang"
      }
    },
    {
      "type": "Feature",
      "geometry": {
        "type": "Point",
        "coordinates": [
          151.2093,
          -33.8688
        ]
      },
      "properties": {
        "feature_type": "waypoint",
        "version": "US",
        "season": 18,
        "leg_number": 1,
        "city": "Sydney",
        "country": "AUS",
        "continent": "Oceania",
        "route_header": "United States → Australia",
        "itinerary_stops": 7,
        "tasks_count": 3
      }
    },
    {
      "type": "Feature",
      "geometry": {
        "type": "Point",
        "coordinates": [
          141.4667,
          -31.95
        ]
      },
      "properties": {
        "feature_type": "waypoint",
        "version": "US",
        "season": 18,
        "leg_number": 2,
        "city": "Broken Hill",
        "country": "AUS",
        "continent": "Oceania",
        "route_header": "Australia",
        "itinerary_stops": 6,
        "tasks_count": 3
      }
    },
    {
      "type": "Feature",
      "geometry": {
        "type": "Point",
        "coordinates": [
          139.672,
          35.2815
        ]
      },
      "properties": {
        "feature_type": "waypoint",
        "version": "US",
        "season": 18,
        "leg_number": 3,
        "city": "Yokosuka",
        "country": "JPN",
        "continent": "Asia",
        "route_header": "Australia → Japan",
        "itinerary_stops": 7,
        "tasks_count": 5
      }
    },
    {
      "type": "Feature",
      "geometry": {
        "type": "Point",
        "coordinates": [
          100.225,
          26.8596
        ]
      },
      "properties": {
        "feature_type": "waypoint",
        "version": "US",
        "season": 18,
        "leg_number": 4,
        "city": "Lijiang",
        "country": "CHN",
        "continent": "Asia",
        "route_header": "Japan → China",
        "itinerary_stops": 8,
        "tasks_count": 4
      }
    },
    {
      "type": "Feature",
      "geometry": {
        "type": "Point",
        "coordinates": [
          102.7094,
          25.0464
        ]
      },
      "properties": {
        "feature_type": "waypoint",
        "version": "US",
        "season": 18,
        "leg_number": 5,
        "city": "Kunming",
        "country": "CHN",
        "continent": "Asia",
        "route_header": "China",
        "itinerary_stops": 7,
        "tasks_count": 4
      }
    },
    {
      "type": "Feature",
      "geometry": {
        "type": "Point",
        "coordinates": [
          88.37,
          22.5675
        ]
      },
      "properties": {
        "feature_type": "waypoint",
        "version": "US",
        "season": 18,
        "leg_number": 6,
        "city": "Kolkata",
        "country": "IND",
        "continent": "Asia",
        "route_header": "China → India",
        "itinerary_stops": 7,
        "tasks_count": 5
      }
    },
    {
      "type": "Feature",
      "geometry": {
        "type": "Point",
        "coordinates": [
          79.1269,
          29.3948
        ]
      },
      "properties": {
        "feature_type": "waypoint",
        "version": "US",
        "season": 18,
        "leg_number": 7,
        "city": "Ramnagar",
        "country": "IND",
        "continent": "Asia",
        "route_header": "India",
        "itinerary_stops": 6,
        "tasks_count": 4
      }
    },
    {
      "type": "Feature",
      "geometry": {
        "type": "Point",
        "coordinates": [
          13.045,
          47.8
        ]
      },
      "properties": {
        "feature_type": "waypoint",
        "version": "US",
        "season": 18,
        "leg_number": 8,
        "city": "Salzburg",
        "country": "AUT",
        "continent": "Europe",
        "route_header": "India → Austria",
        "itinerary_stops": 8,
        "tasks_count": 3
      }
    },
    {
      "type": "Feature",
      "geometry": {
        "type": "Point",
        "coordinates": [
          7.7493,
          46.0212
        ]
      },
      "properties": {
        "feature_type": "waypoint",
        "version": "US",
        "season": 18,
        "leg_number": 9,
        "city": "Zermatt",
        "country": "CHE",
        "continent": "Europe",
        "route_header": "Austria → Liechtenstein → Switzerland",
        "itinerary_stops": 9,
        "tasks_count": 5
      }
    },
    {
      "type": "Feature",
      "geometry": {
        "type": "Point",
        "coordinates": [
          7.7493,
          46.0212
        ]
      },
      "properties": {
        "feature_type": "waypoint",
        "version": "US",
        "season": 18,
        "leg_number": 10,
        "city": "Zermatt",
        "country": "CHE",
        "continent": "Europe",
        "route_header": "Switzerland",
        "itinerary_stops": 7,
        "tasks_count": 3
      }
    },
    {
      "type": "Feature",
      "geometry": {
        "type": "Point",
        "coordinates": [
          -43.1036,
          -22.8833
        ]
      },
      "properties": {
        "feature_type": "waypoint",
        "version": "US",
        "season": 18,
        "leg_number": 11,
        "city": "Niterói",
        "country": "BRA",
        "continent": "South America",
        "route_header": "Switzerland → Brazil",
        "itinerary_stops": 9,
        "tasks_count": 4
      }
    },
    {
      "type": "Feature",
      "geometry": {
        "type": "Point",
        "coordinates": [
          -81.0904,
          24.7137
        ]
      },
      "properties": {
        "feature_type": "waypoint",
        "version": "US",
        "season": 18,
        "leg_number": 12,
        "city": "Marathon",
        "country": "USA",
        "continent": "North America",
        "route_header": "Brazil → United States",
        "itinerary_stops": 9,
        "tasks_count": 4
      }
    },
    {
      "type": "Feature",
      "geometry": {
        "type": "LineString",
        "coordinates": [
          [
            151.2093,
            -33.8688
          ],
          [
            141.4667,
            -31.95
          ],
          [
            139.672,
            35.2815
          ],
          [
            100.225,
            26.8596
          ],
          [
            102.7094,
            25.0464
          ],
          [
            88.37,
            22.5675
          ],
          [
            79.1269,
            29.3948
          ],
          [
            13.045,
            47.8
          ],
          [
            7.7493,
            46.0212
          ],
          [
            7.7493,
            46.0212
          ],
          [
            -43.1036,
            -22.8833
          ],
          [
            -81.0904,
            24.7137
          ]
        ]
      },
      "properties": {
        "feature_type": "route",
        "version": "US",
        "season": 18,
        "n_legs": 12,
        "destinations": [
          "Sydney",
          "Broken Hill",
          "Yokosuka",
          "Lijiang",
          "Kunming",
          "Kolkata",
          "Ramnagar",
          "Salzburg",
          "Zermatt",
          "Zermatt",
          "Niterói",
          "Marathon"
        ],
        "countries": [
          "AUS",
          "JPN",
          "CHN",
          "IND",
          "AUT",
          "CHE",
          "BRA",
          "USA"
        ],
        "continents": [
          "Oceania",
          "Asia",
          "Europe",
          "South America",
          "North America"
        ],
        "route_summary": "Sydney (AUS) → Broken Hill (AUS) → Yokosuka (JPN) → Lijiang (CHN) → Kunming (CHN) → Kolkata (IND) → Ramnagar (IND) → Salzburg (AUT) → Zermatt (CHE) → Zermatt (CHE) → Niterói (BRA) → Marathon (USA)",
        "distance_miles": 40000.0,
        "distance_km": 64000.0,
        "winners": "Kisha and Jen Hoffman"
      }
    },
    {
      "type": "Feature",
      "geometry": {
        "type": "Point",
        "coordinates": [
          121.5637,
          25.0375
        ]
      },
      "properties": {
        "feature_type": "waypoint",
        "version": "US",
        "season": 19,
        "leg_number": 1,
        "city": "Taipei",
        "country": "TWN",
        "continent": "Asia",
        "route_header": "United States → Taiwan",
        "itinerary_stops": 8,
        "tasks_count": 2
      }
    },
    {
      "type": "Feature",
      "geometry": {
        "type": "Point",
        "coordinates": [
          110.3673,
          -7.7953
        ]
      },
      "properties": {
        "feature_type": "waypoint",
        "version": "US",
        "season": 19,
        "leg_number": 2,
        "city": "Yogyakarta",
        "country": "IDN",
        "continent": "Asia",
        "route_header": "Taiwan → Indonesia",
        "itinerary_stops": 9,
        "tasks_count": 4
      }
    },
    {
      "type": "Feature",
      "geometry": {
        "type": "Point",
        "coordinates": [
          110.2145,
          -7.5136
        ]
      },
      "properties": {
        "feature_type": "waypoint",
        "version": "US",
        "season": 19,
        "leg_number": 3,
        "city": "Magelang",
        "country": "IDN",
        "continent": "Asia",
        "route_header": "Indonesia",
        "itinerary_stops": 4,
        "tasks_count": 3
      }
    },
    {
      "type": "Feature",
      "geometry": {
        "type": "Point",
        "coordinates": [
          98.5061,
          8.2388
        ]
      },
      "properties": {
        "feature_type": "waypoint",
        "version": "US",
        "season": 19,
        "leg_number": 4,
        "city": "Ao Phang Nga National Park",
        "country": "THA",
        "continent": "Asia",
        "route_header": "Indonesia → Thailand",
        "itinerary_stops": 8,
        "tasks_count": 4
      }
    },
    {
      "type": "Feature",
      "geometry": {
        "type": "Point",
        "coordinates": [
          100.4942,
          13.7525
        ]
      },
      "properties": {
        "feature_type": "waypoint",
        "version": "US",
        "season": 19,
        "leg_number": 5,
        "city": "Bangkok",
        "country": "THA",
        "continent": "Asia",
        "route_header": "Thailand",
        "itinerary_stops": 7,
        "tasks_count": 5
      }
    },
    {
      "type": "Feature",
      "geometry": {
        "type": "Point",
        "coordinates": [
          33.7681,
          -13.9864
        ]
      },
      "properties": {
        "feature_type": "waypoint",
        "version": "US",
        "season": 19,
        "leg_number": 6,
        "city": "Lilongwe",
        "country": "MWI",
        "continent": "Africa",
        "route_header": "Thailand → Malawi",
        "itinerary_stops": 8,
        "tasks_count": 4
      }
    },
    {
      "type": "Feature",
      "geometry": {
        "type": "Point",
        "coordinates": [
          34.6107,
          -13.766
        ]
      },
      "properties": {
        "feature_type": "waypoint",
        "version": "US",
        "season": 19,
        "leg_number": 7,
        "city": "Senga Bay",
        "country": "MWI",
        "continent": "Africa",
        "route_header": "Malawi",
        "itinerary_stops": 5,
        "tasks_count": 4
      }
    },
    {
      "type": "Feature",
      "geometry": {
        "type": "Point",
        "coordinates": [
          12.5683,
          55.6761
        ]
      },
      "properties": {
        "feature_type": "waypoint",
        "version": "US",
        "season": 19,
        "leg_number": 8,
        "city": "Copenhagen",
        "country": "DNK",
        "continent": "Europe",
        "route_header": "Malawi → Denmark",
        "itinerary_stops": 7,
        "tasks_count": 4
      }
    },
    {
      "type": "Feature",
      "geometry": {
        "type": "Point",
        "coordinates": [
          4.3525,
          50.8467
        ]
      },
      "properties": {
        "feature_type": "waypoint",
        "version": "US",
        "season": 19,
        "leg_number": 9,
        "city": "Brussels",
        "country": "BEL",
        "continent": "Europe",
        "route_header": "Denmark → Germany → Belgium",
        "itinerary_stops": 7,
        "tasks_count": 3
      }
    },
    {
      "type": "Feature",
      "geometry": {
        "type": "Point",
        "coordinates": [
          4.3525,
          50.8467
        ]
      },
      "properties": {
        "feature_type": "waypoint",
        "version": "US",
        "season": 19,
        "leg_number": 10,
        "city": "Brussels",
        "country": "BEL",
        "continent": "Europe",
        "route_header": "Belgium",
        "itinerary_stops": 6,
        "tasks_count": 4
      }
    },
    {
      "type": "Feature",
      "geometry": {
        "type": "Point",
        "coordinates": [
          -79.5347,
          8.9711
        ]
      },
      "properties": {
        "feature_type": "waypoint",
        "version": "US",
        "season": 19,
        "leg_number": 11,
        "city": "Panama City",
        "country": "PAN",
        "continent": "North America",
        "route_header": "Belgium → Netherlands → Panama",
        "itinerary_stops": 10,
        "tasks_count": 4
      }
    },
    {
      "type": "Feature",
      "geometry": {
        "type": "Point",
        "coordinates": [
          -84.39,
          33.7489
        ]
      },
      "properties": {
        "feature_type": "waypoint",
        "version": "US",
        "season": 19,
        "leg_number": 12,
        "city": "Atlanta",
        "country": "USA",
        "continent": "North America",
        "route_header": "Panama → United States",
        "itinerary_stops": 7,
        "tasks_count": 2
      }
    },
    {
      "type": "Feature",
      "geometry": {
        "type": "LineString",
        "coordinates": [
          [
            121.5637,
            25.0375
          ],
          [
            110.3673,
            -7.7953
          ],
          [
            110.2145,
            -7.5136
          ],
          [
            98.5061,
            8.2388
          ],
          [
            100.4942,
            13.7525
          ],
          [
            33.7681,
            -13.9864
          ],
          [
            34.6107,
            -13.766
          ],
          [
            12.5683,
            55.6761
          ],
          [
            4.3525,
            50.8467
          ],
          [
            4.3525,
            50.8467
          ],
          [
            -79.5347,
            8.9711
          ],
          [
            -84.39,
            33.7489
          ]
        ]
      },
      "properties": {
        "feature_type": "route",
        "version": "US",
        "season": 19,
        "n_legs": 12,
        "destinations": [
          "Taipei",
          "Yogyakarta",
          "Magelang",
          "Ao Phang Nga National Park",
          "Bangkok",
          "Lilongwe",
          "Senga Bay",
          "Copenhagen",
          "Brussels",
          "Brussels",
          "Panama City",
          "Atlanta"
        ],
        "countries": [
          "TWN",
          "IDN",
          "THA",
          "MWI",
          "DNK",
          "BEL",
          "PAN",
          "USA"
        ],
        "continents": [
          "Asia",
          "Africa",
          "Europe",
          "North America"
        ],
        "route_summary": "Taipei (TWN) → Yogyakarta (IDN) → Magelang (IDN) → Ao Phang Nga National Park (THA) → Bangkok (THA) → Lilongwe (MWI) → Senga Bay (MWI) → Copenhagen (DNK) → Brussels (BEL) → Brussels (BEL) → Panama City (PAN) → Atlanta (USA)",
        "distance_miles": 35000.0,
        "distance_km": 56000.0,
        "winners": "Ernie Halvorsen & Cindy Chiang"
      }
    },
    {
      "type": "Feature",
      "geometry": {
        "type": "Point",
        "coordinates": [
          -65.976,
          -26.0729
        ]
      },
      "properties": {
        "feature_type": "waypoint",
        "version": "US",
        "season": 20,
        "leg_number": 1,
        "city": "Cafayate",
        "country": "ARG",
        "continent": "South America",
        "route_header": "United States → Argentina",
        "itinerary_stops": 5,
        "tasks_count": 2
      }
    },
    {
      "type": "Feature",
      "geometry": {
        "type": "Point",
        "coordinates": [
          -58.3888,
          -34.6096
        ]
      },
      "properties": {
        "feature_type": "waypoint",
        "version": "US",
        "season": 20,
        "leg_number": 2,
        "city": "Buenos Aires",
        "country": "ARG",
        "continent": "South America",
        "route_header": "Argentina",
        "itinerary_stops": 5,
        "tasks_count": 4
      }
    },
    {
      "type": "Feature",
      "geometry": {
        "type": "Point",
        "coordinates": [
          -57.6344,
          -25.28
        ]
      },
      "properties": {
        "feature_type": "waypoint",
        "version": "US",
        "season": 20,
        "leg_number": 3,
        "city": "Asunción",
        "country": "PRY",
        "continent": "South America",
        "route_header": "Argentina → Paraguay",
        "itinerary_stops": 6,
        "tasks_count": 5
      }
    },
    {
      "type": "Feature",
      "geometry": {
        "type": "Point",
        "coordinates": [
          7.6869,
          45.0703
        ]
      },
      "properties": {
        "feature_type": "waypoint",
        "version": "US",
        "season": 20,
        "leg_number": 4,
        "city": "Turin",
        "country": "ITA",
        "continent": "Europe",
        "route_header": "Paraguay → Italy",
        "itinerary_stops": 8,
        "tasks_count": 5
      }
    },
    {
      "type": "Feature",
      "geometry": {
        "type": "Point",
        "coordinates": [
          10.7306,
          47.5757
        ]
      },
      "properties": {
        "feature_type": "waypoint",
        "version": "US",
        "season": 20,
        "leg_number": 5,
        "city": "Schwangau-Horn",
        "country": "DEU",
        "continent": "Europe",
        "route_header": "Italy → Austria → Germany",
        "itinerary_stops": 7,
        "tasks_count": 4
      }
    },
    {
      "type": "Feature",
      "geometry": {
        "type": "Point",
        "coordinates": [
          49.8325,
          40.3756
        ]
      },
      "properties": {
        "feature_type": "waypoint",
        "version": "US",
        "season": 20,
        "leg_number": 6,
        "city": "Baku",
        "country": "AZE",
        "continent": "Asia",
        "route_header": "Germany → Azerbaijan",
        "itinerary_stops": 8,
        "tasks_count": 6
      }
    },
    {
      "type": "Feature",
      "geometry": {
        "type": "Point",
        "coordinates": [
          35.5788,
          -3.1766
        ]
      },
      "properties": {
        "feature_type": "waypoint",
        "version": "US",
        "season": 20,
        "leg_number": 7,
        "city": "Ngorongoro Crater",
        "country": "TZA",
        "continent": "Africa",
        "route_header": "Azerbaijan → Tanzania",
        "itinerary_stops": 7,
        "tasks_count": 2
      }
    },
    {
      "type": "Feature",
      "geometry": {
        "type": "Point",
        "coordinates": [
          35.7812,
          -3.583
        ]
      },
      "properties": {
        "feature_type": "waypoint",
        "version": "US",
        "season": 20,
        "leg_number": 8,
        "city": "Lake Manyara National Park",
        "country": "TZA",
        "continent": "Africa",
        "route_header": "Tanzania",
        "itinerary_stops": 7,
        "tasks_count": 4
      }
    },
    {
      "type": "Feature",
      "geometry": {
        "type": "Point",
        "coordinates": [
          76.2673,
          9.9312
        ]
      },
      "properties": {
        "feature_type": "waypoint",
        "version": "US",
        "season": 20,
        "leg_number": 9,
        "city": "Kochi",
        "country": "IND",
        "continent": "Asia",
        "route_header": "Tanzania → India",
        "itinerary_stops": 7,
        "tasks_count": 4
      }
    },
    {
      "type": "Feature",
      "geometry": {
        "type": "Point",
        "coordinates": [
          76.206,
          10.0781
        ]
      },
      "properties": {
        "feature_type": "waypoint",
        "version": "US",
        "season": 20,
        "leg_number": 10,
        "city": "Vypin",
        "country": "IND",
        "continent": "Asia",
        "route_header": "India",
        "itinerary_stops": 6,
        "tasks_count": 7
      }
    },
    {
      "type": "Feature",
      "geometry": {
        "type": "Point",
        "coordinates": [
          135.5022,
          34.6939
        ]
      },
      "properties": {
        "feature_type": "waypoint",
        "version": "US",
        "season": 20,
        "leg_number": 11,
        "city": "Osaka",
        "country": "JPN",
        "continent": "Asia",
        "route_header": "India → Japan",
        "itinerary_stops": 9,
        "tasks_count": 4
      }
    },
    {
      "type": "Feature",
      "geometry": {
        "type": "Point",
        "coordinates": [
          -157.8385,
          21.5211
        ]
      },
      "properties": {
        "feature_type": "waypoint",
        "version": "US",
        "season": 20,
        "leg_number": 12,
        "city": "Kualoa Valley",
        "country": "USA",
        "continent": "North America",
        "route_header": "Japan → United States",
        "itinerary_stops": 8,
        "tasks_count": 5
      }
    },
    {
      "type": "Feature",
      "geometry": {
        "type": "LineString",
        "coordinates": [
          [
            -65.976,
            -26.0729
          ],
          [
            -58.3888,
            -34.6096
          ],
          [
            -57.6344,
            -25.28
          ],
          [
            7.6869,
            45.0703
          ],
          [
            10.7306,
            47.5757
          ],
          [
            49.8325,
            40.3756
          ],
          [
            35.5788,
            -3.1766
          ],
          [
            35.7812,
            -3.583
          ],
          [
            76.2673,
            9.9312
          ],
          [
            76.206,
            10.0781
          ],
          [
            135.5022,
            34.6939
          ],
          [
            -157.8385,
            21.5211
          ]
        ]
      },
      "properties": {
        "feature_type": "route",
        "version": "US",
        "season": 20,
        "n_legs": 12,
        "destinations": [
          "Cafayate",
          "Buenos Aires",
          "Asunción",
          "Turin",
          "Schwangau-Horn",
          "Baku",
          "Ngorongoro Crater",
          "Lake Manyara National Park",
          "Kochi",
          "Vypin",
          "Osaka",
          "Kualoa Valley"
        ],
        "countries": [
          "ARG",
          "PRY",
          "ITA",
          "DEU",
          "AZE",
          "TZA",
          "IND",
          "JPN",
          "USA"
        ],
        "continents": [
          "South America",
          "Europe",
          "Asia",
          "Africa",
          "North America"
        ],
        "route_summary": "Cafayate (ARG) → Buenos Aires (ARG) → Asunción (PRY) → Turin (ITA) → Schwangau-Horn (DEU) → Baku (AZE) → Ngorongoro Crater (TZA) → Lake Manyara National Park (TZA) → Kochi (IND) → Vypin (IND) → Osaka (JPN) → Kualoa Valley (USA)",
        "distance_miles": 36000.0,
        "distance_km": 58000.0,
        "winners": "Rachel Brown & Dave Brown Jr."
      }
    },
    {
      "type": "Feature",
      "geometry": {
        "type": "Point",
        "coordinates": [
          121.4737,
          31.2304
        ]
      },
      "properties": {
        "feature_type": "waypoint",
        "version": "US",
        "season": 21,
        "leg_number": 1,
        "city": "Shanghai",
        "country": "CHN",
        "continent": "Asia",
        "route_header": "United States → China",
        "itinerary_stops": 6,
        "tasks_count": 4
      }
    },
    {
      "type": "Feature",
      "geometry": {
        "type": "Point",
        "coordinates": [
          112.7378,
          -7.2458
        ]
      },
      "properties": {
        "feature_type": "waypoint",
        "version": "US",
        "season": 21,
        "leg_number": 2,
        "city": "Surabaya",
        "country": "IDN",
        "continent": "Asia",
        "route_header": "China → Indonesia",
        "itinerary_stops": 8,
        "tasks_count": 4
      }
    },
    {
      "type": "Feature",
      "geometry": {
        "type": "Point",
        "coordinates": [
          112.7782,
          -7.599
        ]
      },
      "properties": {
        "feature_type": "waypoint",
        "version": "US",
        "season": 21,
        "leg_number": 3,
        "city": "Bangil",
        "country": "IDN",
        "continent": "Asia",
        "route_header": "Indonesia",
        "itinerary_stops": 6,
        "tasks_count": 4
      }
    },
    {
      "type": "Feature",
      "geometry": {
        "type": "Point",
        "coordinates": [
          90.3889,
          23.7644
        ]
      },
      "properties": {
        "feature_type": "waypoint",
        "version": "US",
        "season": 21,
        "leg_number": 4,
        "city": "Dhaka",
        "country": "BGD",
        "continent": "Asia",
        "route_header": "Indonesia → Bangladesh",
        "itinerary_stops": 6,
        "tasks_count": 5
      }
    },
    {
      "type": "Feature",
      "geometry": {
        "type": "Point",
        "coordinates": [
          90.3766,
          23.7537
        ]
      },
      "properties": {
        "feature_type": "waypoint",
        "version": "US",
        "season": 21,
        "leg_number": 5,
        "city": "Sonargaon",
        "country": "BGD",
        "continent": "Asia",
        "route_header": "Bangladesh",
        "itinerary_stops": 7,
        "tasks_count": 2
      }
    },
    {
      "type": "Feature",
      "geometry": {
        "type": "Point",
        "coordinates": [
          28.9759,
          41.0064
        ]
      },
      "properties": {
        "feature_type": "waypoint",
        "version": "US",
        "season": 21,
        "leg_number": 6,
        "city": "Istanbul",
        "country": "TUR",
        "continent": "Europe",
        "route_header": "Bangladesh → Turkey",
        "itinerary_stops": 8,
        "tasks_count": 4
      }
    },
    {
      "type": "Feature",
      "geometry": {
        "type": "Point",
        "coordinates": [
          37.6178,
          55.7558
        ]
      },
      "properties": {
        "feature_type": "waypoint",
        "version": "US",
        "season": 21,
        "leg_number": 7,
        "city": "Moscow",
        "country": "RUS",
        "continent": "Europe",
        "route_header": "Turkey → Russia",
        "itinerary_stops": 8,
        "tasks_count": 4
      }
    },
    {
      "type": "Feature",
      "geometry": {
        "type": "Point",
        "coordinates": [
          37.6178,
          55.7558
        ]
      },
      "properties": {
        "feature_type": "waypoint",
        "version": "US",
        "season": 21,
        "leg_number": 8,
        "city": "Moscow",
        "country": "RUS",
        "continent": "Europe",
        "route_header": "Russia",
        "itinerary_stops": 4,
        "tasks_count": 5
      }
    },
    {
      "type": "Feature",
      "geometry": {
        "type": "Point",
        "coordinates": [
          4.9946,
          52.3937
        ]
      },
      "properties": {
        "feature_type": "waypoint",
        "version": "US",
        "season": 21,
        "leg_number": 9,
        "city": "Ransdorp",
        "country": "NLD",
        "continent": "Europe",
        "route_header": "Russia → Netherlands",
        "itinerary_stops": 9,
        "tasks_count": 6
      }
    },
    {
      "type": "Feature",
      "geometry": {
        "type": "Point",
        "coordinates": [
          2.65,
          39.5667
        ]
      },
      "properties": {
        "feature_type": "waypoint",
        "version": "US",
        "season": 21,
        "leg_number": 10,
        "city": "Palma",
        "country": "ESP",
        "continent": "Europe",
        "route_header": "Netherlands → Spain",
        "itinerary_stops": 9,
        "tasks_count": 4
      }
    },
    {
      "type": "Feature",
      "geometry": {
        "type": "Point",
        "coordinates": [
          1.0692,
          47.3331
        ]
      },
      "properties": {
        "feature_type": "waypoint",
        "version": "US",
        "season": 21,
        "leg_number": 11,
        "city": "Chenonceaux",
        "country": "FRA",
        "continent": "Europe",
        "route_header": "Spain → France",
        "itinerary_stops": 8,
        "tasks_count": 5
      }
    },
    {
      "type": "Feature",
      "geometry": {
        "type": "Point",
        "coordinates": [
          -74.006,
          40.7127
        ]
      },
      "properties": {
        "feature_type": "waypoint",
        "version": "US",
        "season": 21,
        "leg_number": 12,
        "city": "New York City",
        "country": "USA",
        "continent": "North America",
        "route_header": "France → United States",
        "itinerary_stops": 8,
        "tasks_count": 3
      }
    },
    {
      "type": "Feature",
      "geometry": {
        "type": "LineString",
        "coordinates": [
          [
            121.4737,
            31.2304
          ],
          [
            112.7378,
            -7.2458
          ],
          [
            112.7782,
            -7.599
          ],
          [
            90.3889,
            23.7644
          ],
          [
            90.3766,
            23.7537
          ],
          [
            28.9759,
            41.0064
          ],
          [
            37.6178,
            55.7558
          ],
          [
            37.6178,
            55.7558
          ],
          [
            4.9946,
            52.3937
          ],
          [
            2.65,
            39.5667
          ],
          [
            1.0692,
            47.3331
          ],
          [
            -74.006,
            40.7127
          ]
        ]
      },
      "properties": {
        "feature_type": "route",
        "version": "US",
        "season": 21,
        "n_legs": 12,
        "destinations": [
          "Shanghai",
          "Surabaya",
          "Bangil",
          "Dhaka",
          "Sonargaon",
          "Istanbul",
          "Moscow",
          "Moscow",
          "Ransdorp",
          "Palma",
          "Chenonceaux",
          "New York City"
        ],
        "countries": [
          "CHN",
          "IDN",
          "BGD",
          "TUR",
          "RUS",
          "NLD",
          "ESP",
          "FRA",
          "USA"
        ],
        "continents": [
          "Asia",
          "Europe",
          "North America"
        ],
        "route_summary": "Shanghai (CHN) → Surabaya (IDN) → Bangil (IDN) → Dhaka (BGD) → Sonargaon (BGD) → Istanbul (TUR) → Moscow (RUS) → Moscow (RUS) → Ransdorp (NLD) → Palma (ESP) → Chenonceaux (FRA) → New York City (USA)",
        "distance_miles": 25000.0,
        "distance_km": 40000.0,
        "winners": "Josh Kilmer-Purcell & Brent Ridge"
      }
    },
    {
      "type": "Feature",
      "geometry": {
        "type": "Point",
        "coordinates": [
          -151.7029,
          -16.521
        ]
      },
      "properties": {
        "feature_type": "waypoint",
        "version": "US",
        "season": 22,
        "leg_number": 1,
        "city": "Motu Piti A'au",
        "country": "PYF",
        "continent": "Oceania",
        "route_header": "United States → French Polynesia",
        "itinerary_stops": 4,
        "tasks_count": 5
      }
    },
    {
      "type": "Feature",
      "geometry": {
        "type": "Point",
        "coordinates": [
          -151.7367,
          -16.5043
        ]
      },
      "properties": {
        "feature_type": "waypoint",
        "version": "US",
        "season": 22,
        "leg_number": 2,
        "city": "Bora Bora",
        "country": "PYF",
        "continent": "Oceania",
        "route_header": "French Polynesia",
        "itinerary_stops": 4,
        "tasks_count": 3
      }
    },
    {
      "type": "Feature",
      "geometry": {
        "type": "Point",
        "coordinates": [
          171.712,
          -43.515
        ]
      },
      "properties": {
        "feature_type": "waypoint",
        "version": "US",
        "season": 22,
        "leg_number": 3,
        "city": "Windwhistle",
        "country": "NZL",
        "continent": "Oceania",
        "route_header": "French Polynesia → New Zealand",
        "itinerary_stops": 6,
        "tasks_count": 3
      }
    },
    {
      "type": "Feature",
      "geometry": {
        "type": "Point",
        "coordinates": [
          115.1136,
          -8.8208
        ]
      },
      "properties": {
        "feature_type": "waypoint",
        "version": "US",
        "season": 22,
        "leg_number": 4,
        "city": "Pecatu",
        "country": "IDN",
        "continent": "Asia",
        "route_header": "New Zealand → Indonesia",
        "itinerary_stops": 6,
        "tasks_count": 3
      }
    },
    {
      "type": "Feature",
      "geometry": {
        "type": "Point",
        "coordinates": [
          105.85,
          21.0
        ]
      },
      "properties": {
        "feature_type": "waypoint",
        "version": "US",
        "season": 22,
        "leg_number": 5,
        "city": "Hanoi",
        "country": "VNM",
        "continent": "Asia",
        "route_header": "Indonesia → Vietnam",
        "itinerary_stops": 8,
        "tasks_count": 4
      }
    },
    {
      "type": "Feature",
      "geometry": {
        "type": "Point",
        "coordinates": [
          24.8106,
          -20.5108
        ]
      },
      "properties": {
        "feature_type": "waypoint",
        "version": "US",
        "season": 22,
        "leg_number": 6,
        "city": "Makgadikgadi Pans National Park",
        "country": "BWA",
        "continent": "Africa",
        "route_header": "Vietnam → Botswana",
        "itinerary_stops": 9,
        "tasks_count": 4
      }
    },
    {
      "type": "Feature",
      "geometry": {
        "type": "Point",
        "coordinates": [
          23.4224,
          -19.9861
        ]
      },
      "properties": {
        "feature_type": "waypoint",
        "version": "US",
        "season": 22,
        "leg_number": 7,
        "city": "Maun",
        "country": "BWA",
        "continent": "Africa",
        "route_header": "Botswana",
        "itinerary_stops": 3,
        "tasks_count": 6
      }
    },
    {
      "type": "Feature",
      "geometry": {
        "type": "Point",
        "coordinates": [
          8.0367,
          46.6243
        ]
      },
      "properties": {
        "feature_type": "waypoint",
        "version": "US",
        "season": 22,
        "leg_number": 8,
        "city": "Grindelwald",
        "country": "CHE",
        "continent": "Europe",
        "route_header": "Botswana → Switzerland",
        "itinerary_stops": 13,
        "tasks_count": 2
      }
    },
    {
      "type": "Feature",
      "geometry": {
        "type": "Point",
        "coordinates": [
          13.405,
          52.52
        ]
      },
      "properties": {
        "feature_type": "waypoint",
        "version": "US",
        "season": 22,
        "leg_number": 9,
        "city": "Berlin",
        "country": "DEU",
        "continent": "Europe",
        "route_header": "Switzerland → Germany",
        "itinerary_stops": 10,
        "tasks_count": 3
      }
    },
    {
      "type": "Feature",
      "geometry": {
        "type": "Point",
        "coordinates": [
          -3.1892,
          55.9533
        ]
      },
      "properties": {
        "feature_type": "waypoint",
        "version": "US",
        "season": 22,
        "leg_number": 10,
        "city": "Edinburgh",
        "country": "GBR",
        "continent": "Europe",
        "route_header": "Germany → Scotland",
        "itinerary_stops": 8,
        "tasks_count": 5
      }
    },
    {
      "type": "Feature",
      "geometry": {
        "type": "Point",
        "coordinates": [
          -5.93,
          54.5967
        ]
      },
      "properties": {
        "feature_type": "waypoint",
        "version": "US",
        "season": 22,
        "leg_number": 11,
        "city": "Belfast",
        "country": "GBR",
        "continent": "Europe",
        "route_header": "Scotland → Northern Ireland",
        "itinerary_stops": 8,
        "tasks_count": 4
      }
    },
    {
      "type": "Feature",
      "geometry": {
        "type": "Point",
        "coordinates": [
          -77.0861,
          38.708
        ]
      },
      "properties": {
        "feature_type": "waypoint",
        "version": "US",
        "season": 22,
        "leg_number": 12,
        "city": "Mount Vernon",
        "country": "USA",
        "continent": "North America",
        "route_header": "Northern Ireland → England → United States",
        "itinerary_stops": 13,
        "tasks_count": 2
      }
    },
    {
      "type": "Feature",
      "geometry": {
        "type": "LineString",
        "coordinates": [
          [
            -151.7029,
            -16.521
          ],
          [
            -151.7367,
            -16.5043
          ],
          [
            171.712,
            -43.515
          ],
          [
            115.1136,
            -8.8208
          ],
          [
            105.85,
            21.0
          ],
          [
            24.8106,
            -20.5108
          ],
          [
            23.4224,
            -19.9861
          ],
          [
            8.0367,
            46.6243
          ],
          [
            13.405,
            52.52
          ],
          [
            -3.1892,
            55.9533
          ],
          [
            -5.93,
            54.5967
          ],
          [
            -77.0861,
            38.708
          ]
        ]
      },
      "properties": {
        "feature_type": "route",
        "version": "US",
        "season": 22,
        "n_legs": 12,
        "destinations": [
          "Motu Piti A'au",
          "Bora Bora",
          "Windwhistle",
          "Pecatu",
          "Hanoi",
          "Makgadikgadi Pans National Park",
          "Maun",
          "Grindelwald",
          "Berlin",
          "Edinburgh",
          "Belfast",
          "Mount Vernon"
        ],
        "countries": [
          "PYF",
          "NZL",
          "IDN",
          "VNM",
          "BWA",
          "CHE",
          "DEU",
          "GBR",
          "USA"
        ],
        "continents": [
          "Oceania",
          "Asia",
          "Africa",
          "Europe",
          "North America"
        ],
        "route_summary": "Motu Piti A'au (PYF) → Bora Bora (PYF) → Windwhistle (NZL) → Pecatu (IDN) → Hanoi (VNM) → Makgadikgadi Pans National Park (BWA) → Maun (BWA) → Grindelwald (CHE) → Berlin (DEU) → Edinburgh (GBR) → Belfast (GBR) → Mount Vernon (USA)",
        "distance_miles": 30000.0,
        "distance_km": 48000.0,
        "winners": "Jonathan \"Bates\" & Anthony Battaglia"
      }
    },
    {
      "type": "Feature",
      "geometry": {
        "type": "Point",
        "coordinates": [
          -70.1525,
          -20.2141
        ]
      },
      "properties": {
        "feature_type": "waypoint",
        "version": "US",
        "season": 23,
        "leg_number": 1,
        "city": "Iquique",
        "country": "CHL",
        "continent": "South America",
        "route_header": "United States → Chile",
        "itinerary_stops": 5,
        "tasks_count": 4
      }
    },
    {
      "type": "Feature",
      "geometry": {
        "type": "Point",
        "coordinates": [
          -70.3528,
          -33.6404
        ]
      },
      "properties": {
        "feature_type": "waypoint",
        "version": "US",
        "season": 23,
        "leg_number": 2,
        "city": "San José de Maipo",
        "country": "CHL",
        "continent": "South America",
        "route_header": "Chile",
        "itinerary_stops": 8,
        "tasks_count": 3
      }
    },
    {
      "type": "Feature",
      "geometry": {
        "type": "Point",
        "coordinates": [
          -9.3522,
          38.8355
        ]
      },
      "properties": {
        "feature_type": "waypoint",
        "version": "US",
        "season": 23,
        "leg_number": 3,
        "city": "Sintra",
        "country": "PRT",
        "continent": "Europe",
        "route_header": "Chile → Portugal",
        "itinerary_stops": 7,
        "tasks_count": 3
      }
    },
    {
      "type": "Feature",
      "geometry": {
        "type": "Point",
        "coordinates": [
          13.7841,
          68.1607
        ]
      },
      "properties": {
        "feature_type": "waypoint",
        "version": "US",
        "season": 23,
        "leg_number": 4,
        "city": "Vestvågøy",
        "country": "NOR",
        "continent": "Europe",
        "route_header": "Portugal → Norway",
        "itinerary_stops": 8,
        "tasks_count": 4
      }
    },
    {
      "type": "Feature",
      "geometry": {
        "type": "Point",
        "coordinates": [
          18.5613,
          54.443
        ]
      },
      "properties": {
        "feature_type": "waypoint",
        "version": "US",
        "season": 23,
        "leg_number": 5,
        "city": "Sopot",
        "country": "POL",
        "continent": "Europe",
        "route_header": "Norway → Poland",
        "itinerary_stops": 8,
        "tasks_count": 3
      }
    },
    {
      "type": "Feature",
      "geometry": {
        "type": "Point",
        "coordinates": [
          16.3725,
          48.2083
        ]
      },
      "properties": {
        "feature_type": "waypoint",
        "version": "US",
        "season": 23,
        "leg_number": 6,
        "city": "Vienna",
        "country": "AUT",
        "continent": "Europe",
        "route_header": "Poland → Austria",
        "itinerary_stops": 8,
        "tasks_count": 5
      }
    },
    {
      "type": "Feature",
      "geometry": {
        "type": "Point",
        "coordinates": [
          54.6091,
          24.4864
        ]
      },
      "properties": {
        "feature_type": "waypoint",
        "version": "US",
        "season": 23,
        "leg_number": 7,
        "city": "Yas Island",
        "country": "ARE",
        "continent": "Asia",
        "route_header": "Austria → United Arab Emirates",
        "itinerary_stops": 9,
        "tasks_count": 4
      }
    },
    {
      "type": "Feature",
      "geometry": {
        "type": "Point",
        "coordinates": [
          55.7452,
          24.2249
        ]
      },
      "properties": {
        "feature_type": "waypoint",
        "version": "US",
        "season": 23,
        "leg_number": 8,
        "city": "Al Ain",
        "country": "ARE",
        "continent": "Asia",
        "route_header": "United Arab Emirates",
        "itinerary_stops": 8,
        "tasks_count": 4
      }
    },
    {
      "type": "Feature",
      "geometry": {
        "type": "Point",
        "coordinates": [
          107.855,
          -7.1177
        ]
      },
      "properties": {
        "feature_type": "waypoint",
        "version": "US",
        "season": 23,
        "leg_number": 9,
        "city": "Lembang",
        "country": "IDN",
        "continent": "Asia",
        "route_header": "United Arab Emirates → Indonesia",
        "itinerary_stops": 7,
        "tasks_count": 3
      }
    },
    {
      "type": "Feature",
      "geometry": {
        "type": "Point",
        "coordinates": [
          106.951,
          -6.6958
        ]
      },
      "properties": {
        "feature_type": "waypoint",
        "version": "US",
        "season": 23,
        "leg_number": 10,
        "city": "Cisarua",
        "country": "IDN",
        "continent": "Asia",
        "route_header": "Indonesia",
        "itinerary_stops": 6,
        "tasks_count": 3
      }
    },
    {
      "type": "Feature",
      "geometry": {
        "type": "Point",
        "coordinates": [
          139.6922,
          35.6897
        ]
      },
      "properties": {
        "feature_type": "waypoint",
        "version": "US",
        "season": 23,
        "leg_number": 11,
        "city": "Tokyo",
        "country": "JPN",
        "continent": "Asia",
        "route_header": "Indonesia → Japan",
        "itinerary_stops": 7,
        "tasks_count": 5
      }
    },
    {
      "type": "Feature",
      "geometry": {
        "type": "Point",
        "coordinates": [
          -134.4161,
          58.3
        ]
      },
      "properties": {
        "feature_type": "waypoint",
        "version": "US",
        "season": 23,
        "leg_number": 12,
        "city": "Juneau",
        "country": "USA",
        "continent": "North America",
        "route_header": "Japan → United States",
        "itinerary_stops": 9,
        "tasks_count": 2
      }
    },
    {
      "type": "Feature",
      "geometry": {
        "type": "LineString",
        "coordinates": [
          [
            -70.1525,
            -20.2141
          ],
          [
            -70.3528,
            -33.6404
          ],
          [
            -9.3522,
            38.8355
          ],
          [
            13.7841,
            68.1607
          ],
          [
            18.5613,
            54.443
          ],
          [
            16.3725,
            48.2083
          ],
          [
            54.6091,
            24.4864
          ],
          [
            55.7452,
            24.2249
          ],
          [
            107.855,
            -7.1177
          ],
          [
            106.951,
            -6.6958
          ],
          [
            139.6922,
            35.6897
          ],
          [
            -134.4161,
            58.3
          ]
        ]
      },
      "properties": {
        "feature_type": "route",
        "version": "US",
        "season": 23,
        "n_legs": 12,
        "destinations": [
          "Iquique",
          "San José de Maipo",
          "Sintra",
          "Vestvågøy",
          "Sopot",
          "Vienna",
          "Yas Island",
          "Al Ain",
          "Lembang",
          "Cisarua",
          "Tokyo",
          "Juneau"
        ],
        "countries": [
          "CHL",
          "PRT",
          "NOR",
          "POL",
          "AUT",
          "ARE",
          "IDN",
          "JPN",
          "USA"
        ],
        "continents": [
          "South America",
          "Europe",
          "Asia",
          "North America"
        ],
        "route_summary": "Iquique (CHL) → San José de Maipo (CHL) → Sintra (PRT) → Vestvågøy (NOR) → Sopot (POL) → Vienna (AUT) → Yas Island (ARE) → Al Ain (ARE) → Lembang (IDN) → Cisarua (IDN) → Tokyo (JPN) → Juneau (USA)",
        "distance_miles": 35000.0,
        "distance_km": 56000.0,
        "winners": "Jason Case & Amy Diaz"
      }
    },
    {
      "type": "Feature",
      "geometry": {
        "type": "Point",
        "coordinates": [
          113.26,
          23.13
        ]
      },
      "properties": {
        "feature_type": "waypoint",
        "version": "US",
        "season": 24,
        "leg_number": 1,
        "city": "Guangzhou",
        "country": "CHN",
        "continent": "Asia",
        "route_header": "United States → China",
        "itinerary_stops": 6,
        "tasks_count": 1
      }
    },
    {
      "type": "Feature",
      "geometry": {
        "type": "Point",
        "coordinates": [
          113.26,
          23.13
        ]
      },
      "properties": {
        "feature_type": "waypoint",
        "version": "US",
        "season": 24,
        "leg_number": 2,
        "city": "Guangzhou",
        "country": "CHN",
        "continent": "Asia",
        "route_header": "China",
        "itinerary_stops": 6,
        "tasks_count": 4
      }
    },
    {
      "type": "Feature",
      "geometry": {
        "type": "Point",
        "coordinates": [
          116.0729,
          5.978
        ]
      },
      "properties": {
        "feature_type": "waypoint",
        "version": "US",
        "season": 24,
        "leg_number": 3,
        "city": "Kota Kinabalu",
        "country": "MYS",
        "continent": "Asia",
        "route_header": "China → Malaysia",
        "itinerary_stops": 6,
        "tasks_count": 3
      }
    },
    {
      "type": "Feature",
      "geometry": {
        "type": "Point",
        "coordinates": [
          101.7,
          3.3
        ]
      },
      "properties": {
        "feature_type": "waypoint",
        "version": "US",
        "season": 24,
        "leg_number": 4,
        "city": "Gombak",
        "country": "MYS",
        "continent": "Asia",
        "route_header": "Malaysia",
        "itinerary_stops": 7,
        "tasks_count": 3
      }
    },
    {
      "type": "Feature",
      "geometry": {
        "type": "Point",
        "coordinates": [
          79.8428,
          6.9344
        ]
      },
      "properties": {
        "feature_type": "waypoint",
        "version": "US",
        "season": 24,
        "leg_number": 5,
        "city": "Colombo",
        "country": "LKA",
        "continent": "Asia",
        "route_header": "Malaysia → Sri Lanka",
        "itinerary_stops": 8,
        "tasks_count": 4
      }
    },
    {
      "type": "Feature",
      "geometry": {
        "type": "Point",
        "coordinates": [
          79.8627,
          6.8317
        ]
      },
      "properties": {
        "feature_type": "waypoint",
        "version": "US",
        "season": 24,
        "leg_number": 6,
        "city": "Mount Lavinia",
        "country": "LKA",
        "continent": "Asia",
        "route_header": "Sri Lanka",
        "itinerary_stops": 9,
        "tasks_count": 4
      }
    },
    {
      "type": "Feature",
      "geometry": {
        "type": "Point",
        "coordinates": [
          12.4828,
          41.8933
        ]
      },
      "properties": {
        "feature_type": "waypoint",
        "version": "US",
        "season": 24,
        "leg_number": 7,
        "city": "Rome",
        "country": "ITA",
        "continent": "Europe",
        "route_header": "Sri Lanka → Italy",
        "itinerary_stops": 8,
        "tasks_count": 5
      }
    },
    {
      "type": "Feature",
      "geometry": {
        "type": "Point",
        "coordinates": [
          12.1088,
          42.7186
        ]
      },
      "properties": {
        "feature_type": "waypoint",
        "version": "US",
        "season": 24,
        "leg_number": 8,
        "city": "Orvieto",
        "country": "ITA",
        "continent": "Europe",
        "route_header": "Italy",
        "itinerary_stops": 6,
        "tasks_count": 4
      }
    },
    {
      "type": "Feature",
      "geometry": {
        "type": "Point",
        "coordinates": [
          8.3955,
          46.9081
        ]
      },
      "properties": {
        "feature_type": "waypoint",
        "version": "US",
        "season": 24,
        "leg_number": 9,
        "city": "Wolfenschiessen",
        "country": "CHE",
        "continent": "Europe",
        "route_header": "Italy → Switzerland",
        "itinerary_stops": 10,
        "tasks_count": 2
      }
    },
    {
      "type": "Feature",
      "geometry": {
        "type": "Point",
        "coordinates": [
          -5.995,
          37.3886
        ]
      },
      "properties": {
        "feature_type": "waypoint",
        "version": "US",
        "season": 24,
        "leg_number": 10,
        "city": "Seville",
        "country": "ESP",
        "continent": "Europe",
        "route_header": "Switzerland → Spain",
        "itinerary_stops": 10,
        "tasks_count": 5
      }
    },
    {
      "type": "Feature",
      "geometry": {
        "type": "Point",
        "coordinates": [
          -2.6926,
          53.1044
        ]
      },
      "properties": {
        "feature_type": "waypoint",
        "version": "US",
        "season": 24,
        "leg_number": 11,
        "city": "Peckforton",
        "country": "GBR",
        "continent": "Europe",
        "route_header": "Spain → England & Wales",
        "itinerary_stops": 7,
        "tasks_count": 4
      }
    },
    {
      "type": "Feature",
      "geometry": {
        "type": "Point",
        "coordinates": [
          -115.1406,
          36.1692
        ]
      },
      "properties": {
        "feature_type": "waypoint",
        "version": "US",
        "season": 24,
        "leg_number": 12,
        "city": "Las Vegas",
        "country": "USA",
        "continent": "North America",
        "route_header": "England → United States",
        "itinerary_stops": 10,
        "tasks_count": 3
      }
    },
    {
      "type": "Feature",
      "geometry": {
        "type": "LineString",
        "coordinates": [
          [
            113.26,
            23.13
          ],
          [
            113.26,
            23.13
          ],
          [
            116.0729,
            5.978
          ],
          [
            101.7,
            3.3
          ],
          [
            79.8428,
            6.9344
          ],
          [
            79.8627,
            6.8317
          ],
          [
            12.4828,
            41.8933
          ],
          [
            12.1088,
            42.7186
          ],
          [
            8.3955,
            46.9081
          ],
          [
            -5.995,
            37.3886
          ],
          [
            -2.6926,
            53.1044
          ],
          [
            -115.1406,
            36.1692
          ]
        ]
      },
      "properties": {
        "feature_type": "route",
        "version": "US",
        "season": 24,
        "n_legs": 12,
        "destinations": [
          "Guangzhou",
          "Guangzhou",
          "Kota Kinabalu",
          "Gombak",
          "Colombo",
          "Mount Lavinia",
          "Rome",
          "Orvieto",
          "Wolfenschiessen",
          "Seville",
          "Peckforton",
          "Las Vegas"
        ],
        "countries": [
          "CHN",
          "MYS",
          "LKA",
          "ITA",
          "CHE",
          "ESP",
          "GBR",
          "USA"
        ],
        "continents": [
          "Asia",
          "Europe",
          "North America"
        ],
        "route_summary": "Guangzhou (CHN) → Guangzhou (CHN) → Kota Kinabalu (MYS) → Gombak (MYS) → Colombo (LKA) → Mount Lavinia (LKA) → Rome (ITA) → Orvieto (ITA) → Wolfenschiessen (CHE) → Seville (ESP) → Peckforton (GBR) → Las Vegas (USA)",
        "distance_miles": 23000.0,
        "distance_km": 37000.0,
        "winners": "Dave & Connor O'Leary"
      }
    },
    {
      "type": "Feature",
      "geometry": {
        "type": "Point",
        "coordinates": [
          -64.9622,
          18.3369
        ]
      },
      "properties": {
        "feature_type": "waypoint",
        "version": "US",
        "season": 25,
        "leg_number": 1,
        "city": "Charlotte Amalie",
        "country": "VIR",
        "continent": "North America",
        "route_header": "United States → U.S. Virgin Islands",
        "itinerary_stops": 10,
        "tasks_count": 3
      }
    },
    {
      "type": "Feature",
      "geometry": {
        "type": "Point",
        "coordinates": [
          -1.3553,
          51.8742
        ]
      },
      "properties": {
        "feature_type": "waypoint",
        "version": "US",
        "season": 25,
        "leg_number": 2,
        "city": "Woodstock",
        "country": "GBR",
        "continent": "Europe",
        "route_header": "U.S. Virgin Islands → England",
        "itinerary_stops": 9,
        "tasks_count": 2
      }
    },
    {
      "type": "Feature",
      "geometry": {
        "type": "Point",
        "coordinates": [
          -1.3458,
          59.9739
        ]
      },
      "properties": {
        "feature_type": "waypoint",
        "version": "US",
        "season": 25,
        "leg_number": 3,
        "city": "St Ninian's Isle",
        "country": "GBR",
        "continent": "Europe",
        "route_header": "England → Scotland",
        "itinerary_stops": 9,
        "tasks_count": 2
      }
    },
    {
      "type": "Feature",
      "geometry": {
        "type": "Point",
        "coordinates": [
          12.5683,
          55.6761
        ]
      },
      "properties": {
        "feature_type": "waypoint",
        "version": "US",
        "season": 25,
        "leg_number": 4,
        "city": "Copenhagen",
        "country": "SWE",
        "continent": "Europe",
        "route_header": "Scotland → Denmark & Sweden",
        "itinerary_stops": 8,
        "tasks_count": 3
      }
    },
    {
      "type": "Feature",
      "geometry": {
        "type": "Point",
        "coordinates": [
          -8.0089,
          31.63
        ]
      },
      "properties": {
        "feature_type": "waypoint",
        "version": "US",
        "season": 25,
        "leg_number": 5,
        "city": "Marrakesh",
        "country": "MAR",
        "continent": "Africa",
        "route_header": "Denmark → Morocco",
        "itinerary_stops": 9,
        "tasks_count": 5
      }
    },
    {
      "type": "Feature",
      "geometry": {
        "type": "Point",
        "coordinates": [
          -8.5197,
          33.2286
        ]
      },
      "properties": {
        "feature_type": "waypoint",
        "version": "US",
        "season": 25,
        "leg_number": 6,
        "city": "Hajar",
        "country": "MAR",
        "continent": "Africa",
        "route_header": "Morocco",
        "itinerary_stops": 7,
        "tasks_count": 4
      }
    },
    {
      "type": "Feature",
      "geometry": {
        "type": "Point",
        "coordinates": [
          13.3517,
          38.1111
        ]
      },
      "properties": {
        "feature_type": "waypoint",
        "version": "US",
        "season": 25,
        "leg_number": 7,
        "city": "Palermo",
        "country": "ITA",
        "continent": "Europe",
        "route_header": "Morocco → Italy",
        "itinerary_stops": 8,
        "tasks_count": 3
      }
    },
    {
      "type": "Feature",
      "geometry": {
        "type": "Point",
        "coordinates": [
          14.4961,
          35.9078
        ]
      },
      "properties": {
        "feature_type": "waypoint",
        "version": "US",
        "season": 25,
        "leg_number": 8,
        "city": "Gżira",
        "country": "MLT",
        "continent": "Europe",
        "route_header": "Italy → Malta",
        "itinerary_stops": 9,
        "tasks_count": 5
      }
    },
    {
      "type": "Feature",
      "geometry": {
        "type": "Point",
        "coordinates": [
          103.852,
          1.2903
        ]
      },
      "properties": {
        "feature_type": "waypoint",
        "version": "US",
        "season": 25,
        "leg_number": 9,
        "city": "Singapore",
        "country": "SGP",
        "continent": "Asia",
        "route_header": "Malta → Singapore",
        "itinerary_stops": 10,
        "tasks_count": 7
      }
    },
    {
      "type": "Feature",
      "geometry": {
        "type": "Point",
        "coordinates": [
          120.7643,
          14.3192
        ]
      },
      "properties": {
        "feature_type": "waypoint",
        "version": "US",
        "season": 25,
        "leg_number": 10,
        "city": "Naic",
        "country": "PHL",
        "continent": "Asia",
        "route_header": "Singapore → Philippines",
        "itinerary_stops": 6,
        "tasks_count": 2
      }
    },
    {
      "type": "Feature",
      "geometry": {
        "type": "Point",
        "coordinates": [
          120.9772,
          14.5958
        ]
      },
      "properties": {
        "feature_type": "waypoint",
        "version": "US",
        "season": 25,
        "leg_number": 11,
        "city": "Manila",
        "country": "PHL",
        "continent": "Asia",
        "route_header": "Philippines",
        "itinerary_stops": 6,
        "tasks_count": 4
      }
    },
    {
      "type": "Feature",
      "geometry": {
        "type": "Point",
        "coordinates": [
          -118.3642,
          33.7583
        ]
      },
      "properties": {
        "feature_type": "waypoint",
        "version": "US",
        "season": 25,
        "leg_number": 12,
        "city": "Rancho Palos Verdes",
        "country": "USA",
        "continent": "North America",
        "route_header": "Philippines → United States",
        "itinerary_stops": 8,
        "tasks_count": 3
      }
    },
    {
      "type": "Feature",
      "geometry": {
        "type": "LineString",
        "coordinates": [
          [
            -64.9622,
            18.3369
          ],
          [
            -1.3553,
            51.8742
          ],
          [
            -1.3458,
            59.9739
          ],
          [
            12.5683,
            55.6761
          ],
          [
            -8.0089,
            31.63
          ],
          [
            -8.5197,
            33.2286
          ],
          [
            13.3517,
            38.1111
          ],
          [
            14.4961,
            35.9078
          ],
          [
            103.852,
            1.2903
          ],
          [
            120.7643,
            14.3192
          ],
          [
            120.9772,
            14.5958
          ],
          [
            -118.3642,
            33.7583
          ]
        ]
      },
      "properties": {
        "feature_type": "route",
        "version": "US",
        "season": 25,
        "n_legs": 12,
        "destinations": [
          "Charlotte Amalie",
          "Woodstock",
          "St Ninian's Isle",
          "Copenhagen",
          "Marrakesh",
          "Hajar",
          "Palermo",
          "Gżira",
          "Singapore",
          "Naic",
          "Manila",
          "Rancho Palos Verdes"
        ],
        "countries": [
          "VIR",
          "GBR",
          "SWE",
          "MAR",
          "ITA",
          "MLT",
          "SGP",
          "PHL",
          "USA"
        ],
        "continents": [
          "North America",
          "Europe",
          "Africa",
          "Asia"
        ],
        "route_summary": "Charlotte Amalie (VIR) → Woodstock (GBR) → St Ninian's Isle (GBR) → Copenhagen (SWE) → Marrakesh (MAR) → Hajar (MAR) → Palermo (ITA) → Gżira (MLT) → Singapore (SGP) → Naic (PHL) → Manila (PHL) → Rancho Palos Verdes (USA)",
        "distance_miles": 26000.0,
        "distance_km": 42000.0,
        "winners": "Amy DeJong & Maya Warren"
      }
    },
    {
      "type": "Feature",
      "geometry": {
        "type": "Point",
        "coordinates": [
          139.6922,
          35.6897
        ]
      },
      "properties": {
        "feature_type": "waypoint",
        "version": "US",
        "season": 26,
        "leg_number": 1,
        "city": "Tokyo",
        "country": "JPN",
        "continent": "Asia",
        "route_header": "United States → Japan",
        "itinerary_stops": 6,
        "tasks_count": 2
      }
    },
    {
      "type": "Feature",
      "geometry": {
        "type": "Point",
        "coordinates": [
          138.0319,
          36.1144
        ]
      },
      "properties": {
        "feature_type": "waypoint",
        "version": "US",
        "season": 26,
        "leg_number": 2,
        "city": "Nagano",
        "country": "JPN",
        "continent": "Asia",
        "route_header": "Japan",
        "itinerary_stops": 7,
        "tasks_count": 4
      }
    },
    {
      "type": "Feature",
      "geometry": {
        "type": "Point",
        "coordinates": [
          98.3373,
          7.8666
        ]
      },
      "properties": {
        "feature_type": "waypoint",
        "version": "US",
        "season": 26,
        "leg_number": 3,
        "city": "Mueang Phuket",
        "country": "THA",
        "continent": "Asia",
        "route_header": "Japan → Thailand",
        "itinerary_stops": 11,
        "tasks_count": 2
      }
    },
    {
      "type": "Feature",
      "geometry": {
        "type": "Point",
        "coordinates": [
          100.4942,
          13.7525
        ]
      },
      "properties": {
        "feature_type": "waypoint",
        "version": "US",
        "season": 26,
        "leg_number": 4,
        "city": "Bangkok",
        "country": "THA",
        "continent": "Asia",
        "route_header": "Thailand",
        "itinerary_stops": 7,
        "tasks_count": 4
      }
    },
    {
      "type": "Feature",
      "geometry": {
        "type": "Point",
        "coordinates": [
          11.862,
          47.7346
        ]
      },
      "properties": {
        "feature_type": "waypoint",
        "version": "US",
        "season": 26,
        "leg_number": 5,
        "city": "Schliersee",
        "country": "DEU",
        "continent": "Europe",
        "route_header": "Thailand → Germany",
        "itinerary_stops": 10,
        "tasks_count": 4
      }
    },
    {
      "type": "Feature",
      "geometry": {
        "type": "Point",
        "coordinates": [
          7.3327,
          43.69
        ]
      },
      "properties": {
        "feature_type": "waypoint",
        "version": "US",
        "season": 26,
        "leg_number": 6,
        "city": "Saint-Jean-Cap-Ferrat",
        "country": "FRA",
        "continent": "Europe",
        "route_header": "Germany → France & Monaco",
        "itinerary_stops": 9,
        "tasks_count": 3
      }
    },
    {
      "type": "Feature",
      "geometry": {
        "type": "Point",
        "coordinates": [
          15.5874,
          -21.997
        ]
      },
      "properties": {
        "feature_type": "waypoint",
        "version": "US",
        "season": 26,
        "leg_number": 7,
        "city": "Usakos",
        "country": "NAM",
        "continent": "Africa",
        "route_header": "France → Namibia",
        "itinerary_stops": 8,
        "tasks_count": 4
      }
    },
    {
      "type": "Feature",
      "geometry": {
        "type": "Point",
        "coordinates": [
          15.3894,
          -22.0278
        ]
      },
      "properties": {
        "feature_type": "waypoint",
        "version": "US",
        "season": 26,
        "leg_number": 8,
        "city": "Erongo Region",
        "country": "NAM",
        "continent": "Africa",
        "route_header": "Namibia",
        "itinerary_stops": 5,
        "tasks_count": 5
      }
    },
    {
      "type": "Feature",
      "geometry": {
        "type": "Point",
        "coordinates": [
          4.8936,
          52.3728
        ]
      },
      "properties": {
        "feature_type": "waypoint",
        "version": "US",
        "season": 26,
        "leg_number": 9,
        "city": "Amsterdam",
        "country": "NLD",
        "continent": "Europe",
        "route_header": "Namibia → Netherlands",
        "itinerary_stops": 7,
        "tasks_count": 4
      }
    },
    {
      "type": "Feature",
      "geometry": {
        "type": "Point",
        "coordinates": [
          -78.5257,
          -7.8415
        ]
      },
      "properties": {
        "feature_type": "waypoint",
        "version": "US",
        "season": 26,
        "leg_number": 10,
        "city": "Otuzco",
        "country": "PER",
        "continent": "South America",
        "route_header": "Netherlands → Peru",
        "itinerary_stops": 9,
        "tasks_count": 5
      }
    },
    {
      "type": "Feature",
      "geometry": {
        "type": "Point",
        "coordinates": [
          -79.1205,
          -8.08
        ]
      },
      "properties": {
        "feature_type": "waypoint",
        "version": "US",
        "season": 26,
        "leg_number": 11,
        "city": "Huanchaco",
        "country": "PER",
        "continent": "South America",
        "route_header": "Peru",
        "itinerary_stops": 6,
        "tasks_count": 4
      }
    },
    {
      "type": "Feature",
      "geometry": {
        "type": "Point",
        "coordinates": [
          -96.8089,
          32.7792
        ]
      },
      "properties": {
        "feature_type": "waypoint",
        "version": "US",
        "season": 26,
        "leg_number": 12,
        "city": "Dallas",
        "country": "USA",
        "continent": "North America",
        "route_header": "Peru → United States",
        "itinerary_stops": 8,
        "tasks_count": 3
      }
    },
    {
      "type": "Feature",
      "geometry": {
        "type": "LineString",
        "coordinates": [
          [
            139.6922,
            35.6897
          ],
          [
            138.0319,
            36.1144
          ],
          [
            98.3373,
            7.8666
          ],
          [
            100.4942,
            13.7525
          ],
          [
            11.862,
            47.7346
          ],
          [
            7.3327,
            43.69
          ],
          [
            15.5874,
            -21.997
          ],
          [
            15.3894,
            -22.0278
          ],
          [
            4.8936,
            52.3728
          ],
          [
            -78.5257,
            -7.8415
          ],
          [
            -79.1205,
            -8.08
          ],
          [
            -96.8089,
            32.7792
          ]
        ]
      },
      "properties": {
        "feature_type": "route",
        "version": "US",
        "season": 26,
        "n_legs": 12,
        "destinations": [
          "Tokyo",
          "Nagano",
          "Mueang Phuket",
          "Bangkok",
          "Schliersee",
          "Saint-Jean-Cap-Ferrat",
          "Usakos",
          "Erongo Region",
          "Amsterdam",
          "Otuzco",
          "Huanchaco",
          "Dallas"
        ],
        "countries": [
          "JPN",
          "THA",
          "DEU",
          "FRA",
          "NAM",
          "NLD",
          "PER",
          "USA"
        ],
        "continents": [
          "Asia",
          "Europe",
          "Africa",
          "South America",
          "North America"
        ],
        "route_summary": "Tokyo (JPN) → Nagano (JPN) → Mueang Phuket (THA) → Bangkok (THA) → Schliersee (DEU) → Saint-Jean-Cap-Ferrat (FRA) → Usakos (NAM) → Erongo Region (NAM) → Amsterdam (NLD) → Otuzco (PER) → Huanchaco (PER) → Dallas (USA)",
        "distance_miles": 35000.0,
        "distance_km": 56000.0,
        "winners": "Laura Pierson & Tyler Adams"
      }
    },
    {
      "type": "Feature",
      "geometry": {
        "type": "Point",
        "coordinates": [
          -43.2056,
          -22.9111
        ]
      },
      "properties": {
        "feature_type": "waypoint",
        "version": "US",
        "season": 27,
        "leg_number": 1,
        "city": "Rio de Janeiro",
        "country": "BRA",
        "continent": "South America",
        "route_header": "United States → Brazil",
        "itinerary_stops": 7,
        "tasks_count": 5
      }
    },
    {
      "type": "Feature",
      "geometry": {
        "type": "Point",
        "coordinates": [
          -58.3888,
          -34.6096
        ]
      },
      "properties": {
        "feature_type": "waypoint",
        "version": "US",
        "season": 27,
        "leg_number": 2,
        "city": "Buenos Aires",
        "country": "ARG",
        "continent": "South America",
        "route_header": "Brazil → Argentina",
        "itinerary_stops": 6,
        "tasks_count": 4
      }
    },
    {
      "type": "Feature",
      "geometry": {
        "type": "Point",
        "coordinates": [
          -59.4734,
          -34.2437
        ]
      },
      "properties": {
        "feature_type": "waypoint",
        "version": "US",
        "season": 27,
        "leg_number": 3,
        "city": "San Antonio de Areco",
        "country": "ARG",
        "continent": "South America",
        "route_header": "Argentina",
        "itinerary_stops": 6,
        "tasks_count": 4
      }
    },
    {
      "type": "Feature",
      "geometry": {
        "type": "Point",
        "coordinates": [
          25.8567,
          -17.9244
        ]
      },
      "properties": {
        "feature_type": "waypoint",
        "version": "US",
        "season": 27,
        "leg_number": 4,
        "city": "Victoria Falls",
        "country": "ZWE",
        "continent": "Africa",
        "route_header": "Argentina → Zambia → Zimbabwe",
        "itinerary_stops": 9,
        "tasks_count": 5
      }
    },
    {
      "type": "Feature",
      "geometry": {
        "type": "Point",
        "coordinates": [
          25.8567,
          -17.9244
        ]
      },
      "properties": {
        "feature_type": "waypoint",
        "version": "US",
        "season": 27,
        "leg_number": 5,
        "city": "Victoria Falls",
        "country": "ZWE",
        "continent": "Africa",
        "route_header": "Zimbabwe",
        "itinerary_stops": 5,
        "tasks_count": 3
      }
    },
    {
      "type": "Feature",
      "geometry": {
        "type": "Point",
        "coordinates": [
          2.3522,
          48.8567
        ]
      },
      "properties": {
        "feature_type": "waypoint",
        "version": "US",
        "season": 27,
        "leg_number": 6,
        "city": "Paris",
        "country": "FRA",
        "continent": "Europe",
        "route_header": "Zimbabwe → Zambia → France",
        "itinerary_stops": 10,
        "tasks_count": 6
      }
    },
    {
      "type": "Feature",
      "geometry": {
        "type": "Point",
        "coordinates": [
          4.31,
          52.08
        ]
      },
      "properties": {
        "feature_type": "waypoint",
        "version": "US",
        "season": 27,
        "leg_number": 7,
        "city": "The Hague",
        "country": "NLD",
        "continent": "Europe",
        "route_header": "France → Netherlands",
        "itinerary_stops": 7,
        "tasks_count": 4
      }
    },
    {
      "type": "Feature",
      "geometry": {
        "type": "Point",
        "coordinates": [
          19.9972,
          50.0469
        ]
      },
      "properties": {
        "feature_type": "waypoint",
        "version": "US",
        "season": 27,
        "leg_number": 8,
        "city": "Kraków",
        "country": "POL",
        "continent": "Europe",
        "route_header": "Netherlands → Poland",
        "itinerary_stops": 9,
        "tasks_count": 3
      }
    },
    {
      "type": "Feature",
      "geometry": {
        "type": "Point",
        "coordinates": [
          78.02,
          27.18
        ]
      },
      "properties": {
        "feature_type": "waypoint",
        "version": "US",
        "season": 27,
        "leg_number": 9,
        "city": "Agra",
        "country": "IND",
        "continent": "Asia",
        "route_header": "Poland → India",
        "itinerary_stops": 9,
        "tasks_count": 5
      }
    },
    {
      "type": "Feature",
      "geometry": {
        "type": "Point",
        "coordinates": [
          78.02,
          27.18
        ]
      },
      "properties": {
        "feature_type": "waypoint",
        "version": "US",
        "season": 27,
        "leg_number": 10,
        "city": "Agra",
        "country": "IND",
        "continent": "Asia",
        "route_header": "India",
        "itinerary_stops": 6,
        "tasks_count": 4
      }
    },
    {
      "type": "Feature",
      "geometry": {
        "type": "Point",
        "coordinates": [
          113.54,
          22.19
        ]
      },
      "properties": {
        "feature_type": "waypoint",
        "version": "US",
        "season": 27,
        "leg_number": 11,
        "city": "Macau",
        "country": "MAC",
        "continent": "Asia",
        "route_header": "India → Hong Kong → Macau",
        "itinerary_stops": 7,
        "tasks_count": 4
      }
    },
    {
      "type": "Feature",
      "geometry": {
        "type": "Point",
        "coordinates": [
          -72.3898,
          40.8843
        ]
      },
      "properties": {
        "feature_type": "waypoint",
        "version": "US",
        "season": 27,
        "leg_number": 12,
        "city": "Southampton",
        "country": "USA",
        "continent": "North America",
        "route_header": "Hong Kong → United States",
        "itinerary_stops": 9,
        "tasks_count": 2
      }
    },
    {
      "type": "Feature",
      "geometry": {
        "type": "LineString",
        "coordinates": [
          [
            -43.2056,
            -22.9111
          ],
          [
            -58.3888,
            -34.6096
          ],
          [
            -59.4734,
            -34.2437
          ],
          [
            25.8567,
            -17.9244
          ],
          [
            25.8567,
            -17.9244
          ],
          [
            2.3522,
            48.8567
          ],
          [
            4.31,
            52.08
          ],
          [
            19.9972,
            50.0469
          ],
          [
            78.02,
            27.18
          ],
          [
            78.02,
            27.18
          ],
          [
            113.54,
            22.19
          ],
          [
            -72.3898,
            40.8843
          ]
        ]
      },
      "properties": {
        "feature_type": "route",
        "version": "US",
        "season": 27,
        "n_legs": 12,
        "destinations": [
          "Rio de Janeiro",
          "Buenos Aires",
          "San Antonio de Areco",
          "Victoria Falls",
          "Victoria Falls",
          "Paris",
          "The Hague",
          "Kraków",
          "Agra",
          "Agra",
          "Macau",
          "Southampton"
        ],
        "countries": [
          "BRA",
          "ARG",
          "ZWE",
          "FRA",
          "NLD",
          "POL",
          "IND",
          "MAC",
          "USA"
        ],
        "continents": [
          "South America",
          "Africa",
          "Europe",
          "Asia",
          "North America"
        ],
        "route_summary": "Rio de Janeiro (BRA) → Buenos Aires (ARG) → San Antonio de Areco (ARG) → Victoria Falls (ZWE) → Victoria Falls (ZWE) → Paris (FRA) → The Hague (NLD) → Kraków (POL) → Agra (IND) → Agra (IND) → Macau (MAC) → Southampton (USA)",
        "distance_miles": 34000.0,
        "distance_km": 55000.0,
        "winners": "Kelsey Gerckens & Joey Buttitta"
      }
    },
    {
      "type": "Feature",
      "geometry": {
        "type": "Point",
        "coordinates": [
          -99.1333,
          19.4333
        ]
      },
      "properties": {
        "feature_type": "waypoint",
        "version": "US",
        "season": 28,
        "leg_number": 1,
        "city": "Mexico City",
        "country": "MEX",
        "continent": "North America",
        "route_header": "United States → Mexico",
        "itinerary_stops": 7,
        "tasks_count": 3
      }
    },
    {
      "type": "Feature",
      "geometry": {
        "type": "Point",
        "coordinates": [
          -75.5,
          10.4
        ]
      },
      "properties": {
        "feature_type": "waypoint",
        "version": "US",
        "season": 28,
        "leg_number": 2,
        "city": "Cartagena",
        "country": "COL",
        "continent": "South America",
        "route_header": "Mexico → Colombia",
        "itinerary_stops": 6,
        "tasks_count": 5
      }
    },
    {
      "type": "Feature",
      "geometry": {
        "type": "Point",
        "coordinates": [
          -75.5,
          10.4
        ]
      },
      "properties": {
        "feature_type": "waypoint",
        "version": "US",
        "season": 28,
        "leg_number": 3,
        "city": "Cartagena",
        "country": "COL",
        "continent": "South America",
        "route_header": "Colombia",
        "itinerary_stops": 6,
        "tasks_count": 3
      }
    },
    {
      "type": "Feature",
      "geometry": {
        "type": "Point",
        "coordinates": [
          6.8697,
          45.9231
        ]
      },
      "properties": {
        "feature_type": "waypoint",
        "version": "US",
        "season": 28,
        "leg_number": 4,
        "city": "Chamonix",
        "country": "FRA",
        "continent": "Europe",
        "route_header": "Colombia → Switzerland → France",
        "itinerary_stops": 9,
        "tasks_count": 4
      }
    },
    {
      "type": "Feature",
      "geometry": {
        "type": "Point",
        "coordinates": [
          6.8697,
          45.9231
        ]
      },
      "properties": {
        "feature_type": "waypoint",
        "version": "US",
        "season": 28,
        "leg_number": 5,
        "city": "Chamonix",
        "country": "FRA",
        "continent": "Europe",
        "route_header": "France",
        "itinerary_stops": 6,
        "tasks_count": 3
      }
    },
    {
      "type": "Feature",
      "geometry": {
        "type": "Point",
        "coordinates": [
          44.7341,
          40.1175
        ]
      },
      "properties": {
        "feature_type": "waypoint",
        "version": "US",
        "season": 28,
        "leg_number": 6,
        "city": "Garni",
        "country": "ARM",
        "continent": "Asia",
        "route_header": "France → Armenia",
        "itinerary_stops": 7,
        "tasks_count": 3
      }
    },
    {
      "type": "Feature",
      "geometry": {
        "type": "Point",
        "coordinates": [
          44.7925,
          41.7225
        ]
      },
      "properties": {
        "feature_type": "waypoint",
        "version": "US",
        "season": 28,
        "leg_number": 7,
        "city": "Tbilisi",
        "country": "GEO",
        "continent": "Europe",
        "route_header": "Armenia → Georgia",
        "itinerary_stops": 7,
        "tasks_count": 3
      }
    },
    {
      "type": "Feature",
      "geometry": {
        "type": "Point",
        "coordinates": [
          55.1886,
          25.0743
        ]
      },
      "properties": {
        "feature_type": "waypoint",
        "version": "US",
        "season": 28,
        "leg_number": 8,
        "city": "Dubai",
        "country": "ARE",
        "continent": "Asia",
        "route_header": "Georgia → United Arab Emirates",
        "itinerary_stops": 8,
        "tasks_count": 4
      }
    },
    {
      "type": "Feature",
      "geometry": {
        "type": "Point",
        "coordinates": [
          115.2176,
          -8.6653
        ]
      },
      "properties": {
        "feature_type": "waypoint",
        "version": "US",
        "season": 28,
        "leg_number": 9,
        "city": "Denpasar",
        "country": "IDN",
        "continent": "Asia",
        "route_header": "United Arab Emirates → Indonesia",
        "itinerary_stops": 7,
        "tasks_count": 5
      }
    },
    {
      "type": "Feature",
      "geometry": {
        "type": "Point",
        "coordinates": [
          115.2176,
          -8.6653
        ]
      },
      "properties": {
        "feature_type": "waypoint",
        "version": "US",
        "season": 28,
        "leg_number": 10,
        "city": "Denpasar",
        "country": "IDN",
        "continent": "Asia",
        "route_header": "Indonesia",
        "itinerary_stops": 9,
        "tasks_count": 4
      }
    },
    {
      "type": "Feature",
      "geometry": {
        "type": "Point",
        "coordinates": [
          114.0544,
          22.5467
        ]
      },
      "properties": {
        "feature_type": "waypoint",
        "version": "US",
        "season": 28,
        "leg_number": 11,
        "city": "Shenzhen",
        "country": "CHN",
        "continent": "Asia",
        "route_header": "Indonesia → China",
        "itinerary_stops": 10,
        "tasks_count": 4
      }
    },
    {
      "type": "Feature",
      "geometry": {
        "type": "Point",
        "coordinates": [
          -120.0883,
          34.6119
        ]
      },
      "properties": {
        "feature_type": "waypoint",
        "version": "US",
        "season": 28,
        "leg_number": 12,
        "city": "Santa Ynez",
        "country": "USA",
        "continent": "North America",
        "route_header": "China → United States",
        "itinerary_stops": 8,
        "tasks_count": 3
      }
    },
    {
      "type": "Feature",
      "geometry": {
        "type": "LineString",
        "coordinates": [
          [
            -99.1333,
            19.4333
          ],
          [
            -75.5,
            10.4
          ],
          [
            -75.5,
            10.4
          ],
          [
            6.8697,
            45.9231
          ],
          [
            6.8697,
            45.9231
          ],
          [
            44.7341,
            40.1175
          ],
          [
            44.7925,
            41.7225
          ],
          [
            55.1886,
            25.0743
          ],
          [
            115.2176,
            -8.6653
          ],
          [
            115.2176,
            -8.6653
          ],
          [
            114.0544,
            22.5467
          ],
          [
            -120.0883,
            34.6119
          ]
        ]
      },
      "properties": {
        "feature_type": "route",
        "version": "US",
        "season": 28,
        "n_legs": 12,
        "destinations": [
          "Mexico City",
          "Cartagena",
          "Cartagena",
          "Chamonix",
          "Chamonix",
          "Garni",
          "Tbilisi",
          "Dubai",
          "Denpasar",
          "Denpasar",
          "Shenzhen",
          "Santa Ynez"
        ],
        "countries": [
          "MEX",
          "COL",
          "FRA",
          "ARM",
          "GEO",
          "ARE",
          "IDN",
          "CHN",
          "USA"
        ],
        "continents": [
          "North America",
          "South America",
          "Europe",
          "Asia"
        ],
        "route_summary": "Mexico City (MEX) → Cartagena (COL) → Cartagena (COL) → Chamonix (FRA) → Chamonix (FRA) → Garni (ARM) → Tbilisi (GEO) → Dubai (ARE) → Denpasar (IDN) → Denpasar (IDN) → Shenzhen (CHN) → Santa Ynez (USA)",
        "distance_miles": 27000.0,
        "distance_km": 43000.0,
        "winners": "Dana Borriello & Matt Steffanina"
      }
    },
    {
      "type": "Feature",
      "geometry": {
        "type": "Point",
        "coordinates": [
          -79.5347,
          8.9711
        ]
      },
      "properties": {
        "feature_type": "waypoint",
        "version": "US",
        "season": 29,
        "leg_number": 1,
        "city": "Panama City",
        "country": "PAN",
        "continent": "North America",
        "route_header": "United States → Panama",
        "itinerary_stops": 7,
        "tasks_count": 2
      }
    },
    {
      "type": "Feature",
      "geometry": {
        "type": "Point",
        "coordinates": [
          -46.6334,
          -23.5507
        ]
      },
      "properties": {
        "feature_type": "waypoint",
        "version": "US",
        "season": 29,
        "leg_number": 2,
        "city": "São Paulo",
        "country": "BRA",
        "continent": "South America",
        "route_header": "Panama → Brazil",
        "itinerary_stops": 9,
        "tasks_count": 3
      }
    },
    {
      "type": "Feature",
      "geometry": {
        "type": "Point",
        "coordinates": [
          39.2074,
          -6.1665
        ]
      },
      "properties": {
        "feature_type": "waypoint",
        "version": "US",
        "season": 29,
        "leg_number": 3,
        "city": "Zanzibar City",
        "country": "TZA",
        "continent": "Africa",
        "route_header": "Brazil → Tanzania",
        "itinerary_stops": 7,
        "tasks_count": 3
      }
    },
    {
      "type": "Feature",
      "geometry": {
        "type": "Point",
        "coordinates": [
          39.2803,
          -6.8161
        ]
      },
      "properties": {
        "feature_type": "waypoint",
        "version": "US",
        "season": 29,
        "leg_number": 4,
        "city": "Dar es Salaam",
        "country": "TZA",
        "continent": "Africa",
        "route_header": "Tanzania",
        "itinerary_stops": 6,
        "tasks_count": 4
      }
    },
    {
      "type": "Feature",
      "geometry": {
        "type": "Point",
        "coordinates": [
          6.5551,
          62.4802
        ]
      },
      "properties": {
        "feature_type": "waypoint",
        "version": "US",
        "season": 29,
        "leg_number": 5,
        "city": "Ålesund",
        "country": "NOR",
        "continent": "Europe",
        "route_header": "Tanzania → Norway",
        "itinerary_stops": 7,
        "tasks_count": 5
      }
    },
    {
      "type": "Feature",
      "geometry": {
        "type": "Point",
        "coordinates": [
          9.2185,
          45.9835
        ]
      },
      "properties": {
        "feature_type": "waypoint",
        "version": "US",
        "season": 29,
        "leg_number": 6,
        "city": "Tremezzo",
        "country": "ITA",
        "continent": "Europe",
        "route_header": "Norway → Italy",
        "itinerary_stops": 8,
        "tasks_count": 4
      }
    },
    {
      "type": "Feature",
      "geometry": {
        "type": "Point",
        "coordinates": [
          12.3358,
          45.4375
        ]
      },
      "properties": {
        "feature_type": "waypoint",
        "version": "US",
        "season": 29,
        "leg_number": 7,
        "city": "Venice",
        "country": "ITA",
        "continent": "Europe",
        "route_header": "Italy",
        "itinerary_stops": 7,
        "tasks_count": 3
      }
    },
    {
      "type": "Feature",
      "geometry": {
        "type": "Point",
        "coordinates": [
          23.7281,
          37.9842
        ]
      },
      "properties": {
        "feature_type": "waypoint",
        "version": "US",
        "season": 29,
        "leg_number": 8,
        "city": "Athens",
        "country": "GRC",
        "continent": "Europe",
        "route_header": "Italy → Greece",
        "itinerary_stops": 8,
        "tasks_count": 4
      }
    },
    {
      "type": "Feature",
      "geometry": {
        "type": "Point",
        "coordinates": [
          105.85,
          21.0
        ]
      },
      "properties": {
        "feature_type": "waypoint",
        "version": "US",
        "season": 29,
        "leg_number": 9,
        "city": "Hanoi",
        "country": "VNM",
        "continent": "Asia",
        "route_header": "Greece → Vietnam",
        "itinerary_stops": 8,
        "tasks_count": 4
      }
    },
    {
      "type": "Feature",
      "geometry": {
        "type": "Point",
        "coordinates": [
          105.9565,
          20.2498
        ]
      },
      "properties": {
        "feature_type": "waypoint",
        "version": "US",
        "season": 29,
        "leg_number": 10,
        "city": "Hoa Lư",
        "country": "VNM",
        "continent": "Asia",
        "route_header": "Vietnam",
        "itinerary_stops": 8,
        "tasks_count": 3
      }
    },
    {
      "type": "Feature",
      "geometry": {
        "type": "Point",
        "coordinates": [
          126.9783,
          37.5667
        ]
      },
      "properties": {
        "feature_type": "waypoint",
        "version": "US",
        "season": 29,
        "leg_number": 11,
        "city": "Seoul",
        "country": "KOR",
        "continent": "Asia",
        "route_header": "Vietnam → South Korea",
        "itinerary_stops": 7,
        "tasks_count": 4
      }
    },
    {
      "type": "Feature",
      "geometry": {
        "type": "Point",
        "coordinates": [
          -87.6278,
          41.8819
        ]
      },
      "properties": {
        "feature_type": "waypoint",
        "version": "US",
        "season": 29,
        "leg_number": 12,
        "city": "Chicago",
        "country": "USA",
        "continent": "North America",
        "route_header": "South Korea → United States",
        "itinerary_stops": 12,
        "tasks_count": 0
      }
    },
    {
      "type": "Feature",
      "geometry": {
        "type": "LineString",
        "coordinates": [
          [
            -79.5347,
            8.9711
          ],
          [
            -46.6334,
            -23.5507
          ],
          [
            39.2074,
            -6.1665
          ],
          [
            39.2803,
            -6.8161
          ],
          [
            6.5551,
            62.4802
          ],
          [
            9.2185,
            45.9835
          ],
          [
            12.3358,
            45.4375
          ],
          [
            23.7281,
            37.9842
          ],
          [
            105.85,
            21.0
          ],
          [
            105.9565,
            20.2498
          ],
          [
            126.9783,
            37.5667
          ],
          [
            -87.6278,
            41.8819
          ]
        ]
      },
      "properties": {
        "feature_type": "route",
        "version": "US",
        "season": 29,
        "n_legs": 12,
        "destinations": [
          "Panama City",
          "São Paulo",
          "Zanzibar City",
          "Dar es Salaam",
          "Ålesund",
          "Tremezzo",
          "Venice",
          "Athens",
          "Hanoi",
          "Hoa Lư",
          "Seoul",
          "Chicago"
        ],
        "countries": [
          "PAN",
          "BRA",
          "TZA",
          "NOR",
          "ITA",
          "GRC",
          "VNM",
          "KOR",
          "USA"
        ],
        "continents": [
          "North America",
          "South America",
          "Africa",
          "Europe",
          "Asia"
        ],
        "route_summary": "Panama City (PAN) → São Paulo (BRA) → Zanzibar City (TZA) → Dar es Salaam (TZA) → Ålesund (NOR) → Tremezzo (ITA) → Venice (ITA) → Athens (GRC) → Hanoi (VNM) → Hoa Lư (VNM) → Seoul (KOR) → Chicago (USA)",
        "distance_miles": 36000.0,
        "distance_km": 58000.0,
        "winners": "Brooke Camhi & Scott Flanary"
      }
    },
    {
      "type": "Feature",
      "geometry": {
        "type": "Point",
        "coordinates": [
          -21.9425,
          64.1458
        ]
      },
      "properties": {
        "feature_type": "waypoint",
        "version": "US",
        "season": 30,
        "leg_number": 1,
        "city": "Reykjavík",
        "country": "ISL",
        "continent": "Europe",
        "route_header": "United States → Iceland",
        "itinerary_stops": 6,
        "tasks_count": 1
      }
    },
    {
      "type": "Feature",
      "geometry": {
        "type": "Point",
        "coordinates": [
          4.3997,
          51.2211
        ]
      },
      "properties": {
        "feature_type": "waypoint",
        "version": "US",
        "season": 30,
        "leg_number": 2,
        "city": "Antwerp",
        "country": "BEL",
        "continent": "Europe",
        "route_header": "Iceland → Netherlands → Belgium",
        "itinerary_stops": 8,
        "tasks_count": 3
      }
    },
    {
      "type": "Feature",
      "geometry": {
        "type": "Point",
        "coordinates": [
          -5.8295,
          35.7626
        ]
      },
      "properties": {
        "feature_type": "waypoint",
        "version": "US",
        "season": 30,
        "leg_number": 3,
        "city": "Tangier",
        "country": "MAR",
        "continent": "Africa",
        "route_header": "Belgium → Netherlands → Morocco",
        "itinerary_stops": 9,
        "tasks_count": 3
      }
    },
    {
      "type": "Feature",
      "geometry": {
        "type": "Point",
        "coordinates": [
          6.6405,
          43.2727
        ]
      },
      "properties": {
        "feature_type": "waypoint",
        "version": "US",
        "season": 30,
        "leg_number": 4,
        "city": "Saint-Tropez",
        "country": "FRA",
        "continent": "Europe",
        "route_header": "Morocco → France",
        "itinerary_stops": 5,
        "tasks_count": 3
      }
    },
    {
      "type": "Feature",
      "geometry": {
        "type": "Point",
        "coordinates": [
          4.7953,
          43.7439
        ]
      },
      "properties": {
        "feature_type": "waypoint",
        "version": "US",
        "season": 30,
        "leg_number": 5,
        "city": "Les Baux-de-Provence",
        "country": "FRA",
        "continent": "Europe",
        "route_header": "France",
        "itinerary_stops": 5,
        "tasks_count": 4
      }
    },
    {
      "type": "Feature",
      "geometry": {
        "type": "Point",
        "coordinates": [
          14.4214,
          50.0875
        ]
      },
      "properties": {
        "feature_type": "waypoint",
        "version": "US",
        "season": 30,
        "leg_number": 6,
        "city": "Prague",
        "country": "CZE",
        "continent": "Europe",
        "route_header": "France → Czech Republic",
        "itinerary_stops": 8,
        "tasks_count": 3
      }
    },
    {
      "type": "Feature",
      "geometry": {
        "type": "Point",
        "coordinates": [
          31.7678,
          -17.7927
        ]
      },
      "properties": {
        "feature_type": "waypoint",
        "version": "US",
        "season": 30,
        "leg_number": 7,
        "city": "Mashonaland East Province",
        "country": "ZWE",
        "continent": "Africa",
        "route_header": "Czech Republic → Zimbabwe",
        "itinerary_stops": 8,
        "tasks_count": 2
      }
    },
    {
      "type": "Feature",
      "geometry": {
        "type": "Point",
        "coordinates": [
          31.0522,
          -17.8292
        ]
      },
      "properties": {
        "feature_type": "waypoint",
        "version": "US",
        "season": 30,
        "leg_number": 8,
        "city": "Harare",
        "country": "ZWE",
        "continent": "Africa",
        "route_header": "Zimbabwe",
        "itinerary_stops": 4,
        "tasks_count": 2
      }
    },
    {
      "type": "Feature",
      "geometry": {
        "type": "Point",
        "coordinates": [
          50.5144,
          26.0311
        ]
      },
      "properties": {
        "feature_type": "waypoint",
        "version": "US",
        "season": 30,
        "leg_number": 9,
        "city": "Sakhir",
        "country": "BHR",
        "continent": "Asia",
        "route_header": "Zimbabwe → Bahrain",
        "itinerary_stops": 9,
        "tasks_count": 0
      }
    },
    {
      "type": "Feature",
      "geometry": {
        "type": "Point",
        "coordinates": [
          98.9986,
          18.7953
        ]
      },
      "properties": {
        "feature_type": "waypoint",
        "version": "US",
        "season": 30,
        "leg_number": 10,
        "city": "Chiang Mai",
        "country": "THA",
        "continent": "Asia",
        "route_header": "Bahrain → Thailand",
        "itinerary_stops": 7,
        "tasks_count": 3
      }
    },
    {
      "type": "Feature",
      "geometry": {
        "type": "Point",
        "coordinates": [
          114.2,
          22.3
        ]
      },
      "properties": {
        "feature_type": "waypoint",
        "version": "US",
        "season": 30,
        "leg_number": 11,
        "city": "Hong Kong",
        "country": "HKG",
        "continent": "Asia",
        "route_header": "Thailand → Hong Kong",
        "itinerary_stops": 8,
        "tasks_count": 4
      }
    },
    {
      "type": "Feature",
      "geometry": {
        "type": "Point",
        "coordinates": [
          -121.8991,
          37.609
        ]
      },
      "properties": {
        "feature_type": "waypoint",
        "version": "US",
        "season": 30,
        "leg_number": 12,
        "city": "Alameda",
        "country": "USA",
        "continent": "North America",
        "route_header": "Hong Kong → United States",
        "itinerary_stops": 9,
        "tasks_count": 3
      }
    },
    {
      "type": "Feature",
      "geometry": {
        "type": "LineString",
        "coordinates": [
          [
            -21.9425,
            64.1458
          ],
          [
            4.3997,
            51.2211
          ],
          [
            -5.8295,
            35.7626
          ],
          [
            6.6405,
            43.2727
          ],
          [
            4.7953,
            43.7439
          ],
          [
            14.4214,
            50.0875
          ],
          [
            31.7678,
            -17.7927
          ],
          [
            31.0522,
            -17.8292
          ],
          [
            50.5144,
            26.0311
          ],
          [
            98.9986,
            18.7953
          ],
          [
            114.2,
            22.3
          ],
          [
            -121.8991,
            37.609
          ]
        ]
      },
      "properties": {
        "feature_type": "route",
        "version": "US",
        "season": 30,
        "n_legs": 12,
        "destinations": [
          "Reykjavík",
          "Antwerp",
          "Tangier",
          "Saint-Tropez",
          "Les Baux-de-Provence",
          "Prague",
          "Mashonaland East Province",
          "Harare",
          "Sakhir",
          "Chiang Mai",
          "Hong Kong",
          "Alameda"
        ],
        "countries": [
          "ISL",
          "BEL",
          "MAR",
          "FRA",
          "CZE",
          "ZWE",
          "BHR",
          "THA",
          "HKG",
          "USA"
        ],
        "continents": [
          "Europe",
          "Africa",
          "Asia",
          "North America"
        ],
        "route_summary": "Reykjavík (ISL) → Antwerp (BEL) → Tangier (MAR) → Saint-Tropez (FRA) → Les Baux-de-Provence (FRA) → Prague (CZE) → Mashonaland East Province (ZWE) → Harare (ZWE) → Sakhir (BHR) → Chiang Mai (THA) → Hong Kong (HKG) → Alameda (USA)",
        "distance_miles": 29000.0,
        "distance_km": 47000.0,
        "winners": "Cody Nickson & Jessica Graf"
      }
    },
    {
      "type": "Feature",
      "geometry": {
        "type": "Point",
        "coordinates": [
          139.6922,
          35.6897
        ]
      },
      "properties": {
        "feature_type": "waypoint",
        "version": "US",
        "season": 31,
        "leg_number": 1,
        "city": "Tokyo",
        "country": "JPN",
        "continent": "Asia",
        "route_header": "United States → Japan",
        "itinerary_stops": 9,
        "tasks_count": 3
      }
    },
    {
      "type": "Feature",
      "geometry": {
        "type": "Point",
        "coordinates": [
          102.1347,
          19.89
        ]
      },
      "properties": {
        "feature_type": "waypoint",
        "version": "US",
        "season": 31,
        "leg_number": 2,
        "city": "Luang Prabang",
        "country": "LAO",
        "continent": "Asia",
        "route_header": "Japan → Laos",
        "itinerary_stops": 9,
        "tasks_count": 4
      }
    },
    {
      "type": "Feature",
      "geometry": {
        "type": "Point",
        "coordinates": [
          106.7019,
          10.7756
        ]
      },
      "properties": {
        "feature_type": "waypoint",
        "version": "US",
        "season": 31,
        "leg_number": 3,
        "city": "Ho Chi Minh City",
        "country": "VNM",
        "continent": "Asia",
        "route_header": "Laos → Vietnam",
        "itinerary_stops": 7,
        "tasks_count": 2
      }
    },
    {
      "type": "Feature",
      "geometry": {
        "type": "Point",
        "coordinates": [
          106.7019,
          10.7756
        ]
      },
      "properties": {
        "feature_type": "waypoint",
        "version": "US",
        "season": 31,
        "leg_number": 4,
        "city": "Ho Chi Minh City",
        "country": "VNM",
        "continent": "Asia",
        "route_header": "Vietnam",
        "itinerary_stops": 5,
        "tasks_count": 5
      }
    },
    {
      "type": "Feature",
      "geometry": {
        "type": "Point",
        "coordinates": [
          55.1886,
          25.0743
        ]
      },
      "properties": {
        "feature_type": "waypoint",
        "version": "US",
        "season": 31,
        "leg_number": 5,
        "city": "Dubai",
        "country": "ARE",
        "continent": "Asia",
        "route_header": "Vietnam → United Arab Emirates",
        "itinerary_stops": 9,
        "tasks_count": 4
      }
    },
    {
      "type": "Feature",
      "geometry": {
        "type": "Point",
        "coordinates": [
          32.5811,
          0.3136
        ]
      },
      "properties": {
        "feature_type": "waypoint",
        "version": "US",
        "season": 31,
        "leg_number": 6,
        "city": "Kampala",
        "country": "UGA",
        "continent": "Africa",
        "route_header": "United Arab Emirates → Uganda",
        "itinerary_stops": 7,
        "tasks_count": 4
      }
    },
    {
      "type": "Feature",
      "geometry": {
        "type": "Point",
        "coordinates": [
          8.1871,
          46.7286
        ]
      },
      "properties": {
        "feature_type": "waypoint",
        "version": "US",
        "season": 31,
        "leg_number": 7,
        "city": "Meiringen",
        "country": "CHE",
        "continent": "Europe",
        "route_header": "Uganda → Switzerland",
        "itinerary_stops": 9,
        "tasks_count": 4
      }
    },
    {
      "type": "Feature",
      "geometry": {
        "type": "Point",
        "coordinates": [
          8.0303,
          46.756
        ]
      },
      "properties": {
        "feature_type": "waypoint",
        "version": "US",
        "season": 31,
        "leg_number": 8,
        "city": "Brienz",
        "country": "CHE",
        "continent": "Europe",
        "route_header": "Switzerland",
        "itinerary_stops": 5,
        "tasks_count": 6
      }
    },
    {
      "type": "Feature",
      "geometry": {
        "type": "Point",
        "coordinates": [
          16.44,
          43.5116
        ]
      },
      "properties": {
        "feature_type": "waypoint",
        "version": "US",
        "season": 31,
        "leg_number": 9,
        "city": "Split",
        "country": "HRV",
        "continent": "Europe",
        "route_header": "Switzerland → Croatia",
        "itinerary_stops": 8,
        "tasks_count": 4
      }
    },
    {
      "type": "Feature",
      "geometry": {
        "type": "Point",
        "coordinates": [
          6.0774,
          52.7411
        ]
      },
      "properties": {
        "feature_type": "waypoint",
        "version": "US",
        "season": 31,
        "leg_number": 10,
        "city": "Giethoorn",
        "country": "NLD",
        "continent": "Europe",
        "route_header": "Croatia → Netherlands",
        "itinerary_stops": 9,
        "tasks_count": 2
      }
    },
    {
      "type": "Feature",
      "geometry": {
        "type": "Point",
        "coordinates": [
          -0.1275,
          51.5072
        ]
      },
      "properties": {
        "feature_type": "waypoint",
        "version": "US",
        "season": 31,
        "leg_number": 11,
        "city": "London",
        "country": "GBR",
        "continent": "Europe",
        "route_header": "Netherlands → England",
        "itinerary_stops": 8,
        "tasks_count": 4
      }
    },
    {
      "type": "Feature",
      "geometry": {
        "type": "Point",
        "coordinates": [
          -83.0458,
          42.3317
        ]
      },
      "properties": {
        "feature_type": "waypoint",
        "version": "US",
        "season": 31,
        "leg_number": 12,
        "city": "Detroit",
        "country": "USA",
        "continent": "North America",
        "route_header": "England → United States",
        "itinerary_stops": 10,
        "tasks_count": 2
      }
    },
    {
      "type": "Feature",
      "geometry": {
        "type": "LineString",
        "coordinates": [
          [
            139.6922,
            35.6897
          ],
          [
            102.1347,
            19.89
          ],
          [
            106.7019,
            10.7756
          ],
          [
            106.7019,
            10.7756
          ],
          [
            55.1886,
            25.0743
          ],
          [
            32.5811,
            0.3136
          ],
          [
            8.1871,
            46.7286
          ],
          [
            8.0303,
            46.756
          ],
          [
            16.44,
            43.5116
          ],
          [
            6.0774,
            52.7411
          ],
          [
            -0.1275,
            51.5072
          ],
          [
            -83.0458,
            42.3317
          ]
        ]
      },
      "properties": {
        "feature_type": "route",
        "version": "US",
        "season": 31,
        "n_legs": 12,
        "destinations": [
          "Tokyo",
          "Luang Prabang",
          "Ho Chi Minh City",
          "Ho Chi Minh City",
          "Dubai",
          "Kampala",
          "Meiringen",
          "Brienz",
          "Split",
          "Giethoorn",
          "London",
          "Detroit"
        ],
        "countries": [
          "JPN",
          "LAO",
          "VNM",
          "ARE",
          "UGA",
          "CHE",
          "HRV",
          "NLD",
          "GBR",
          "USA"
        ],
        "continents": [
          "Asia",
          "Africa",
          "Europe",
          "North America"
        ],
        "route_summary": "Tokyo (JPN) → Luang Prabang (LAO) → Ho Chi Minh City (VNM) → Ho Chi Minh City (VNM) → Dubai (ARE) → Kampala (UGA) → Meiringen (CHE) → Brienz (CHE) → Split (HRV) → Giethoorn (NLD) → London (GBR) → Detroit (USA)",
        "distance_miles": 25000.0,
        "distance_km": 40000.0,
        "winners": "Colin Guinn & Christie Woods"
      }
    },
    {
      "type": "Feature",
      "geometry": {
        "type": "Point",
        "coordinates": [
          -60.803,
          11.1829
        ]
      },
      "properties": {
        "feature_type": "waypoint",
        "version": "US",
        "season": 32,
        "leg_number": 1,
        "city": "Buccoo",
        "country": "TTO",
        "continent": "North America",
        "route_header": "United States → Trinidad and Tobago",
        "itinerary_stops": 9,
        "tasks_count": 2
      }
    },
    {
      "type": "Feature",
      "geometry": {
        "type": "Point",
        "coordinates": [
          -74.0722,
          4.7111
        ]
      },
      "properties": {
        "feature_type": "waypoint",
        "version": "US",
        "season": 32,
        "leg_number": 2,
        "city": "Bogotá",
        "country": "COL",
        "continent": "South America",
        "route_header": "Trinidad and Tobago → Colombia",
        "itinerary_stops": 7,
        "tasks_count": 2
      }
    },
    {
      "type": "Feature",
      "geometry": {
        "type": "Point",
        "coordinates": [
          -65.506,
          -0.2932
        ]
      },
      "properties": {
        "feature_type": "waypoint",
        "version": "US",
        "season": 32,
        "leg_number": 3,
        "city": "Rio Negro",
        "country": "BRA",
        "continent": "South America",
        "route_header": "Colombia → Brazil",
        "itinerary_stops": 6,
        "tasks_count": 2
      }
    },
    {
      "type": "Feature",
      "geometry": {
        "type": "Point",
        "coordinates": [
          -57.6344,
          -25.28
        ]
      },
      "properties": {
        "feature_type": "waypoint",
        "version": "US",
        "season": 32,
        "leg_number": 4,
        "city": "Asunción",
        "country": "PRY",
        "continent": "South America",
        "route_header": "Brazil → Paraguay",
        "itinerary_stops": 8,
        "tasks_count": 5
      }
    },
    {
      "type": "Feature",
      "geometry": {
        "type": "Point",
        "coordinates": [
          2.3522,
          48.8567
        ]
      },
      "properties": {
        "feature_type": "waypoint",
        "version": "US",
        "season": 32,
        "leg_number": 5,
        "city": "Paris",
        "country": "FRA",
        "continent": "Europe",
        "route_header": "Paraguay → France",
        "itinerary_stops": 7,
        "tasks_count": 4
      }
    },
    {
      "type": "Feature",
      "geometry": {
        "type": "Point",
        "coordinates": [
          13.405,
          52.52
        ]
      },
      "properties": {
        "feature_type": "waypoint",
        "version": "US",
        "season": 32,
        "leg_number": 6,
        "city": "Berlin",
        "country": "DEU",
        "continent": "Europe",
        "route_header": "France → Germany",
        "itinerary_stops": 8,
        "tasks_count": 3
      }
    },
    {
      "type": "Feature",
      "geometry": {
        "type": "Point",
        "coordinates": [
          76.9457,
          43.2364
        ]
      },
      "properties": {
        "feature_type": "waypoint",
        "version": "US",
        "season": 32,
        "leg_number": 7,
        "city": "Almaty",
        "country": "KAZ",
        "continent": "Asia",
        "route_header": "Germany → Kazakhstan",
        "itinerary_stops": 7,
        "tasks_count": 3
      }
    },
    {
      "type": "Feature",
      "geometry": {
        "type": "Point",
        "coordinates": [
          78.4747,
          17.3617
        ]
      },
      "properties": {
        "feature_type": "waypoint",
        "version": "US",
        "season": 32,
        "leg_number": 8,
        "city": "Hyderabad",
        "country": "IND",
        "continent": "Asia",
        "route_header": "Kazakhstan → India",
        "itinerary_stops": 8,
        "tasks_count": 7
      }
    },
    {
      "type": "Feature",
      "geometry": {
        "type": "Point",
        "coordinates": [
          103.859,
          13.3618
        ]
      },
      "properties": {
        "feature_type": "waypoint",
        "version": "US",
        "season": 32,
        "leg_number": 9,
        "city": "Siem Reap",
        "country": "KHM",
        "continent": "Asia",
        "route_header": "India → Cambodia",
        "itinerary_stops": 8,
        "tasks_count": 3
      }
    },
    {
      "type": "Feature",
      "geometry": {
        "type": "Point",
        "coordinates": [
          120.9772,
          14.5958
        ]
      },
      "properties": {
        "feature_type": "waypoint",
        "version": "US",
        "season": 32,
        "leg_number": 10,
        "city": "Manila",
        "country": "PHL",
        "continent": "Asia",
        "route_header": "Cambodia → Philippines",
        "itinerary_stops": 10,
        "tasks_count": 1
      }
    },
    {
      "type": "Feature",
      "geometry": {
        "type": "Point",
        "coordinates": [
          -90.0783,
          29.9761
        ]
      },
      "properties": {
        "feature_type": "waypoint",
        "version": "US",
        "season": 32,
        "leg_number": 11,
        "city": "New Orleans",
        "country": "USA",
        "continent": "North America",
        "route_header": "Philippines → United States",
        "itinerary_stops": 10,
        "tasks_count": 4
      }
    },
    {
      "type": "Feature",
      "geometry": {
        "type": "LineString",
        "coordinates": [
          [
            -60.803,
            11.1829
          ],
          [
            -74.0722,
            4.7111
          ],
          [
            -65.506,
            -0.2932
          ],
          [
            -57.6344,
            -25.28
          ],
          [
            2.3522,
            48.8567
          ],
          [
            13.405,
            52.52
          ],
          [
            76.9457,
            43.2364
          ],
          [
            78.4747,
            17.3617
          ],
          [
            103.859,
            13.3618
          ],
          [
            120.9772,
            14.5958
          ],
          [
            -90.0783,
            29.9761
          ]
        ]
      },
      "properties": {
        "feature_type": "route",
        "version": "US",
        "season": 32,
        "n_legs": 11,
        "destinations": [
          "Buccoo",
          "Bogotá",
          "Rio Negro",
          "Asunción",
          "Paris",
          "Berlin",
          "Almaty",
          "Hyderabad",
          "Siem Reap",
          "Manila",
          "New Orleans"
        ],
        "countries": [
          "TTO",
          "COL",
          "BRA",
          "PRY",
          "FRA",
          "DEU",
          "KAZ",
          "IND",
          "KHM",
          "PHL",
          "USA"
        ],
        "continents": [
          "North America",
          "South America",
          "Europe",
          "Asia"
        ],
        "route_summary": "Buccoo (TTO) → Bogotá (COL) → Rio Negro (BRA) → Asunción (PRY) → Paris (FRA) → Berlin (DEU) → Almaty (KAZ) → Hyderabad (IND) → Siem Reap (KHM) → Manila (PHL) → New Orleans (USA)",
        "distance_miles": 33000.0,
        "distance_km": 53000.0,
        "winners": "Will Jardell & James Wallington"
      }
    },
    {
      "type": "Feature",
      "geometry": {
        "type": "Point",
        "coordinates": [
          -0.1275,
          51.5072
        ]
      },
      "properties": {
        "feature_type": "waypoint",
        "version": "US",
        "season": 33,
        "leg_number": 1,
        "city": "London",
        "country": "GBR",
        "continent": "Europe",
        "route_header": "United States → England",
        "itinerary_stops": 7,
        "tasks_count": 2
      }
    },
    {
      "type": "Feature",
      "geometry": {
        "type": "Point",
        "coordinates": [
          -0.1275,
          51.5072
        ]
      },
      "properties": {
        "feature_type": "waypoint",
        "version": "US",
        "season": 33,
        "leg_number": 2,
        "city": "London",
        "country": "GBR",
        "continent": "Europe",
        "route_header": "England",
        "itinerary_stops": 4,
        "tasks_count": 4
      }
    },
    {
      "type": "Feature",
      "geometry": {
        "type": "Point",
        "coordinates": [
          -4.25,
          55.8611
        ]
      },
      "properties": {
        "feature_type": "waypoint",
        "version": "US",
        "season": 33,
        "leg_number": 3,
        "city": "Glasgow",
        "country": "GBR",
        "continent": "Europe",
        "route_header": "England → Scotland",
        "itinerary_stops": 6,
        "tasks_count": 4
      }
    },
    {
      "type": "Feature",
      "geometry": {
        "type": "Point",
        "coordinates": [
          9.5414,
          47.3782
        ]
      },
      "properties": {
        "feature_type": "waypoint",
        "version": "US",
        "season": 33,
        "leg_number": 4,
        "city": "Altstätten",
        "country": "CHE",
        "continent": "Europe",
        "route_header": "Switzerland",
        "itinerary_stops": 6,
        "tasks_count": 4
      }
    },
    {
      "type": "Feature",
      "geometry": {
        "type": "Point",
        "coordinates": [
          8.9512,
          46.0038
        ]
      },
      "properties": {
        "feature_type": "waypoint",
        "version": "US",
        "season": 33,
        "leg_number": 5,
        "city": "Lugano",
        "country": "CHE",
        "continent": "Europe",
        "route_header": "Switzerland",
        "itinerary_stops": 6,
        "tasks_count": 4
      }
    },
    {
      "type": "Feature",
      "geometry": {
        "type": "Point",
        "coordinates": [
          9.3671,
          42.2166
        ]
      },
      "properties": {
        "feature_type": "waypoint",
        "version": "US",
        "season": 33,
        "leg_number": 6,
        "city": "Giuncaggio",
        "country": "FRA",
        "continent": "Europe",
        "route_header": "Switzerland → France",
        "itinerary_stops": 6,
        "tasks_count": 5
      }
    },
    {
      "type": "Feature",
      "geometry": {
        "type": "Point",
        "coordinates": [
          9.1591,
          41.3872
        ]
      },
      "properties": {
        "feature_type": "waypoint",
        "version": "US",
        "season": 33,
        "leg_number": 7,
        "city": "Bonifacio",
        "country": "FRA",
        "continent": "Europe",
        "route_header": "France",
        "itinerary_stops": 7,
        "tasks_count": 4
      }
    },
    {
      "type": "Feature",
      "geometry": {
        "type": "Point",
        "coordinates": [
          23.0632,
          40.3107
        ]
      },
      "properties": {
        "feature_type": "waypoint",
        "version": "US",
        "season": 33,
        "leg_number": 8,
        "city": "Nea Kallikrateia",
        "country": "GRC",
        "continent": "Europe",
        "route_header": "France → Greece",
        "itinerary_stops": 7,
        "tasks_count": 3
      }
    },
    {
      "type": "Feature",
      "geometry": {
        "type": "Point",
        "coordinates": [
          22.9356,
          40.6403
        ]
      },
      "properties": {
        "feature_type": "waypoint",
        "version": "US",
        "season": 33,
        "leg_number": 9,
        "city": "Thessaloniki",
        "country": "GRC",
        "continent": "Europe",
        "route_header": "Greece",
        "itinerary_stops": 6,
        "tasks_count": 4
      }
    },
    {
      "type": "Feature",
      "geometry": {
        "type": "Point",
        "coordinates": [
          -9.2222,
          38.414
        ]
      },
      "properties": {
        "feature_type": "waypoint",
        "version": "US",
        "season": 33,
        "leg_number": 10,
        "city": "Cabo Espichel",
        "country": "PRT",
        "continent": "Europe",
        "route_header": "Greece → Portugal",
        "itinerary_stops": 7,
        "tasks_count": 3
      }
    },
    {
      "type": "Feature",
      "geometry": {
        "type": "Point",
        "coordinates": [
          -118.2817,
          33.8317
        ]
      },
      "properties": {
        "feature_type": "waypoint",
        "version": "US",
        "season": 33,
        "leg_number": 11,
        "city": "Carson",
        "country": "USA",
        "continent": "North America",
        "route_header": "Portugal → United States",
        "itinerary_stops": 7,
        "tasks_count": 0
      }
    },
    {
      "type": "Feature",
      "geometry": {
        "type": "LineString",
        "coordinates": [
          [
            -0.1275,
            51.5072
          ],
          [
            -0.1275,
            51.5072
          ],
          [
            -4.25,
            55.8611
          ],
          [
            9.5414,
            47.3782
          ],
          [
            8.9512,
            46.0038
          ],
          [
            9.3671,
            42.2166
          ],
          [
            9.1591,
            41.3872
          ],
          [
            23.0632,
            40.3107
          ],
          [
            22.9356,
            40.6403
          ],
          [
            -9.2222,
            38.414
          ],
          [
            -118.2817,
            33.8317
          ]
        ]
      },
      "properties": {
        "feature_type": "route",
        "version": "US",
        "season": 33,
        "n_legs": 11,
        "destinations": [
          "London",
          "London",
          "Glasgow",
          "Altstätten",
          "Lugano",
          "Giuncaggio",
          "Bonifacio",
          "Nea Kallikrateia",
          "Thessaloniki",
          "Cabo Espichel",
          "Carson"
        ],
        "countries": [
          "GBR",
          "CHE",
          "FRA",
          "GRC",
          "PRT",
          "USA"
        ],
        "continents": [
          "Europe",
          "North America"
        ],
        "route_summary": "London (GBR) → London (GBR) → Glasgow (GBR) → Altstätten (CHE) → Lugano (CHE) → Giuncaggio (FRA) → Bonifacio (FRA) → Nea Kallikrateia (GRC) → Thessaloniki (GRC) → Cabo Espichel (PRT) → Carson (USA)",
        "distance_miles": 22000.0,
        "distance_km": 35000.0,
        "winners": "Kim & Penn Holderness"
      }
    },
    {
      "type": "Feature",
      "geometry": {
        "type": "Point",
        "coordinates": [
          11.575,
          48.1375
        ]
      },
      "properties": {
        "feature_type": "waypoint",
        "version": "US",
        "season": 34,
        "leg_number": 1,
        "city": "Munich",
        "country": "DEU",
        "continent": "Europe",
        "route_header": "Germany",
        "itinerary_stops": 3,
        "tasks_count": 1
      }
    },
    {
      "type": "Feature",
      "geometry": {
        "type": "Point",
        "coordinates": [
          11.3933,
          47.2683
        ]
      },
      "properties": {
        "feature_type": "waypoint",
        "version": "US",
        "season": 34,
        "leg_number": 2,
        "city": "Innsbruck",
        "country": "AUT",
        "continent": "Europe",
        "route_header": "Germany → Austria",
        "itinerary_stops": 5,
        "tasks_count": 4
      }
    },
    {
      "type": "Feature",
      "geometry": {
        "type": "Point",
        "coordinates": [
          11.2542,
          43.7714
        ]
      },
      "properties": {
        "feature_type": "waypoint",
        "version": "US",
        "season": 34,
        "leg_number": 3,
        "city": "Florence",
        "country": "ITA",
        "continent": "Europe",
        "route_header": "Austria → Germany → Italy",
        "itinerary_stops": 9,
        "tasks_count": 7
      }
    },
    {
      "type": "Feature",
      "geometry": {
        "type": "Point",
        "coordinates": [
          35.4746,
          30.3258
        ]
      },
      "properties": {
        "feature_type": "waypoint",
        "version": "US",
        "season": 34,
        "leg_number": 4,
        "city": "Petra",
        "country": "JOR",
        "continent": "Asia",
        "route_header": "Italy → Jordan",
        "itinerary_stops": 6,
        "tasks_count": 4
      }
    },
    {
      "type": "Feature",
      "geometry": {
        "type": "Point",
        "coordinates": [
          35.9328,
          31.9497
        ]
      },
      "properties": {
        "feature_type": "waypoint",
        "version": "US",
        "season": 34,
        "leg_number": 5,
        "city": "Amman",
        "country": "JOR",
        "continent": "Asia",
        "route_header": "Jordan",
        "itinerary_stops": 6,
        "tasks_count": 3
      }
    },
    {
      "type": "Feature",
      "geometry": {
        "type": "Point",
        "coordinates": [
          1.214,
          44.8023
        ]
      },
      "properties": {
        "feature_type": "waypoint",
        "version": "US",
        "season": 34,
        "leg_number": 6,
        "city": "Domme",
        "country": "FRA",
        "continent": "Europe",
        "route_header": "Jordan → France",
        "itinerary_stops": 5,
        "tasks_count": 4
      }
    },
    {
      "type": "Feature",
      "geometry": {
        "type": "Point",
        "coordinates": [
          1.444,
          43.6045
        ]
      },
      "properties": {
        "feature_type": "waypoint",
        "version": "US",
        "season": 34,
        "leg_number": 7,
        "city": "Toulouse",
        "country": "FRA",
        "continent": "Europe",
        "route_header": "France",
        "itinerary_stops": 5,
        "tasks_count": 4
      }
    },
    {
      "type": "Feature",
      "geometry": {
        "type": "Point",
        "coordinates": [
          -5.1666,
          36.7421
        ]
      },
      "properties": {
        "feature_type": "waypoint",
        "version": "US",
        "season": 34,
        "leg_number": 8,
        "city": "Ronda",
        "country": "ESP",
        "continent": "Europe",
        "route_header": "France → Spain",
        "itinerary_stops": 11,
        "tasks_count": 7
      }
    },
    {
      "type": "Feature",
      "geometry": {
        "type": "Point",
        "coordinates": [
          -19.7124,
          64.4329
        ]
      },
      "properties": {
        "feature_type": "waypoint",
        "version": "US",
        "season": 34,
        "leg_number": 9,
        "city": "Hrunamannahreppur",
        "country": "ISL",
        "continent": "Europe",
        "route_header": "Spain → Iceland",
        "itinerary_stops": 5,
        "tasks_count": 2
      }
    },
    {
      "type": "Feature",
      "geometry": {
        "type": "Point",
        "coordinates": [
          -86.7744,
          36.1622
        ]
      },
      "properties": {
        "feature_type": "waypoint",
        "version": "US",
        "season": 34,
        "leg_number": 10,
        "city": "Nashville",
        "country": "USA",
        "continent": "North America",
        "route_header": "Iceland → United States",
        "itinerary_stops": 8,
        "tasks_count": 2
      }
    },
    {
      "type": "Feature",
      "geometry": {
        "type": "LineString",
        "coordinates": [
          [
            11.575,
            48.1375
          ],
          [
            11.3933,
            47.2683
          ],
          [
            11.2542,
            43.7714
          ],
          [
            35.4746,
            30.3258
          ],
          [
            35.9328,
            31.9497
          ],
          [
            1.214,
            44.8023
          ],
          [
            1.444,
            43.6045
          ],
          [
            -5.1666,
            36.7421
          ],
          [
            -19.7124,
            64.4329
          ],
          [
            -86.7744,
            36.1622
          ]
        ]
      },
      "properties": {
        "feature_type": "route",
        "version": "US",
        "season": 34,
        "n_legs": 10,
        "destinations": [
          "Munich",
          "Innsbruck",
          "Florence",
          "Petra",
          "Amman",
          "Domme",
          "Toulouse",
          "Ronda",
          "Hrunamannahreppur",
          "Nashville"
        ],
        "countries": [
          "DEU",
          "AUT",
          "ITA",
          "JOR",
          "FRA",
          "ESP",
          "ISL",
          "USA"
        ],
        "continents": [
          "Europe",
          "Asia",
          "North America"
        ],
        "route_summary": "Munich (DEU) → Innsbruck (AUT) → Florence (ITA) → Petra (JOR) → Amman (JOR) → Domme (FRA) → Toulouse (FRA) → Ronda (ESP) → Hrunamannahreppur (ISL) → Nashville (USA)",
        "distance_miles": 11000.0,
        "distance_km": 18000.0,
        "winners": "Derek Xiao and Claire Rehfuss"
      }
    },
    {
      "type": "Feature",
      "geometry": {
        "type": "Point",
        "coordinates": [
          100.4941,
          13.8538
        ]
      },
      "properties": {
        "feature_type": "waypoint",
        "version": "US",
        "season": 35,
        "leg_number": 1,
        "city": "Mueang Nonthaburi",
        "country": "THA",
        "continent": "Asia",
        "route_header": "United States → Thailand",
        "itinerary_stops": 7,
        "tasks_count": 4
      }
    },
    {
      "type": "Feature",
      "geometry": {
        "type": "Point",
        "coordinates": [
          100.2139,
          13.7258
        ]
      },
      "properties": {
        "feature_type": "waypoint",
        "version": "US",
        "season": 35,
        "leg_number": 2,
        "city": "Sam Phran",
        "country": "THA",
        "continent": "Asia",
        "route_header": "Thailand",
        "itinerary_stops": 5,
        "tasks_count": 4
      }
    },
    {
      "type": "Feature",
      "geometry": {
        "type": "Point",
        "coordinates": [
          105.7873,
          10.0362
        ]
      },
      "properties": {
        "feature_type": "waypoint",
        "version": "US",
        "season": 35,
        "leg_number": 3,
        "city": "Cần Thơ",
        "country": "VNM",
        "continent": "Asia",
        "route_header": "Thailand → Vietnam",
        "itinerary_stops": 8,
        "tasks_count": 2
      }
    },
    {
      "type": "Feature",
      "geometry": {
        "type": "Point",
        "coordinates": [
          105.7873,
          10.0362
        ]
      },
      "properties": {
        "feature_type": "waypoint",
        "version": "US",
        "season": 35,
        "leg_number": 4,
        "city": "Cần Thơ",
        "country": "VNM",
        "continent": "Asia",
        "route_header": "Vietnam",
        "itinerary_stops": 4,
        "tasks_count": 3
      }
    },
    {
      "type": "Feature",
      "geometry": {
        "type": "Point",
        "coordinates": [
          75.82,
          26.915
        ]
      },
      "properties": {
        "feature_type": "waypoint",
        "version": "US",
        "season": 35,
        "leg_number": 5,
        "city": "Jaipur",
        "country": "IND",
        "continent": "Asia",
        "route_header": "Vietnam → India",
        "itinerary_stops": 6,
        "tasks_count": 4
      }
    },
    {
      "type": "Feature",
      "geometry": {
        "type": "Point",
        "coordinates": [
          75.82,
          26.915
        ]
      },
      "properties": {
        "feature_type": "waypoint",
        "version": "US",
        "season": 35,
        "leg_number": 6,
        "city": "Jaipur",
        "country": "IND",
        "continent": "Asia",
        "route_header": "India",
        "itinerary_stops": 10,
        "tasks_count": 3
      }
    },
    {
      "type": "Feature",
      "geometry": {
        "type": "Point",
        "coordinates": [
          6.9528,
          50.9364
        ]
      },
      "properties": {
        "feature_type": "waypoint",
        "version": "US",
        "season": 35,
        "leg_number": 7,
        "city": "Cologne",
        "country": "DEU",
        "continent": "Europe",
        "route_header": "India → Germany",
        "itinerary_stops": 9,
        "tasks_count": 5
      }
    },
    {
      "type": "Feature",
      "geometry": {
        "type": "Point",
        "coordinates": [
          14.5061,
          46.0514
        ]
      },
      "properties": {
        "feature_type": "waypoint",
        "version": "US",
        "season": 35,
        "leg_number": 8,
        "city": "Ljubljana",
        "country": "SVN",
        "continent": "Europe",
        "route_header": "Germany → Austria → Slovenia",
        "itinerary_stops": 10,
        "tasks_count": 4
      }
    },
    {
      "type": "Feature",
      "geometry": {
        "type": "Point",
        "coordinates": [
          13.8592,
          45.5895
        ]
      },
      "properties": {
        "feature_type": "waypoint",
        "version": "US",
        "season": 35,
        "leg_number": 9,
        "city": "Socerb",
        "country": "SVN",
        "continent": "Europe",
        "route_header": "Slovenia",
        "itinerary_stops": 6,
        "tasks_count": 4
      }
    },
    {
      "type": "Feature",
      "geometry": {
        "type": "Point",
        "coordinates": [
          18.0686,
          59.3294
        ]
      },
      "properties": {
        "feature_type": "waypoint",
        "version": "US",
        "season": 35,
        "leg_number": 10,
        "city": "Stockholm",
        "country": "SWE",
        "continent": "Europe",
        "route_header": "Slovenia → Austria → Sweden",
        "itinerary_stops": 11,
        "tasks_count": 4
      }
    },
    {
      "type": "Feature",
      "geometry": {
        "type": "Point",
        "coordinates": [
          -6.2603,
          53.35
        ]
      },
      "properties": {
        "feature_type": "waypoint",
        "version": "US",
        "season": 35,
        "leg_number": 11,
        "city": "Dublin",
        "country": "IRL",
        "continent": "Europe",
        "route_header": "Sweden → Ireland",
        "itinerary_stops": 7,
        "tasks_count": 5
      }
    },
    {
      "type": "Feature",
      "geometry": {
        "type": "Point",
        "coordinates": [
          -122.1239,
          47.6694
        ]
      },
      "properties": {
        "feature_type": "waypoint",
        "version": "US",
        "season": 35,
        "leg_number": 12,
        "city": "Redmond",
        "country": "USA",
        "continent": "North America",
        "route_header": "Ireland → United States",
        "itinerary_stops": 7,
        "tasks_count": 1
      }
    },
    {
      "type": "Feature",
      "geometry": {
        "type": "LineString",
        "coordinates": [
          [
            100.4941,
            13.8538
          ],
          [
            100.2139,
            13.7258
          ],
          [
            105.7873,
            10.0362
          ],
          [
            105.7873,
            10.0362
          ],
          [
            75.82,
            26.915
          ],
          [
            75.82,
            26.915
          ],
          [
            6.9528,
            50.9364
          ],
          [
            14.5061,
            46.0514
          ],
          [
            13.8592,
            45.5895
          ],
          [
            18.0686,
            59.3294
          ],
          [
            -6.2603,
            53.35
          ],
          [
            -122.1239,
            47.6694
          ]
        ]
      },
      "properties": {
        "feature_type": "route",
        "version": "US",
        "season": 35,
        "n_legs": 12,
        "destinations": [
          "Mueang Nonthaburi",
          "Sam Phran",
          "Cần Thơ",
          "Cần Thơ",
          "Jaipur",
          "Jaipur",
          "Cologne",
          "Ljubljana",
          "Socerb",
          "Stockholm",
          "Dublin",
          "Redmond"
        ],
        "countries": [
          "THA",
          "VNM",
          "IND",
          "DEU",
          "SVN",
          "SWE",
          "IRL",
          "USA"
        ],
        "continents": [
          "Asia",
          "Europe",
          "North America"
        ],
        "route_summary": "Mueang Nonthaburi (THA) → Sam Phran (THA) → Cần Thơ (VNM) → Cần Thơ (VNM) → Jaipur (IND) → Jaipur (IND) → Cologne (DEU) → Ljubljana (SVN) → Socerb (SVN) → Stockholm (SWE) → Dublin (IRL) → Redmond (USA)",
        "distance_miles": 23800.0,
        "distance_km": 38300.0,
        "winners": "Greg & John Franklin"
      }
    },
    {
      "type": "Feature",
      "geometry": {
        "type": "Point",
        "coordinates": [
          -105.2222,
          20.6458
        ]
      },
      "properties": {
        "feature_type": "waypoint",
        "version": "US",
        "season": 36,
        "leg_number": 1,
        "city": "Puerto Vallarta",
        "country": "MEX",
        "continent": "North America",
        "route_header": "Mexico",
        "itinerary_stops": 5,
        "tasks_count": 3
      }
    },
    {
      "type": "Feature",
      "geometry": {
        "type": "Point",
        "coordinates": [
          -105.2222,
          20.6458
        ]
      },
      "properties": {
        "feature_type": "waypoint",
        "version": "US",
        "season": 36,
        "leg_number": 2,
        "city": "Puerto Vallarta",
        "country": "MEX",
        "continent": "North America",
        "route_header": "Mexico",
        "itinerary_stops": 4,
        "tasks_count": 4
      }
    },
    {
      "type": "Feature",
      "geometry": {
        "type": "Point",
        "coordinates": [
          -75.2432,
          6.2188
        ]
      },
      "properties": {
        "feature_type": "waypoint",
        "version": "US",
        "season": 36,
        "leg_number": 3,
        "city": "El Peñol",
        "country": "COL",
        "continent": "South America",
        "route_header": "Mexico → Colombia",
        "itinerary_stops": 6,
        "tasks_count": 3
      }
    },
    {
      "type": "Feature",
      "geometry": {
        "type": "Point",
        "coordinates": [
          -75.6026,
          6.2697
        ]
      },
      "properties": {
        "feature_type": "waypoint",
        "version": "US",
        "season": 36,
        "leg_number": 4,
        "city": "Medellín",
        "country": "COL",
        "continent": "South America",
        "route_header": "Colombia",
        "itinerary_stops": 5,
        "tasks_count": 3
      }
    },
    {
      "type": "Feature",
      "geometry": {
        "type": "Point",
        "coordinates": [
          -70.65,
          -33.4375
        ]
      },
      "properties": {
        "feature_type": "waypoint",
        "version": "US",
        "season": 36,
        "leg_number": 5,
        "city": "Santiago",
        "country": "CHL",
        "continent": "South America",
        "route_header": "Colombia → Chile",
        "itinerary_stops": 6,
        "tasks_count": 3
      }
    },
    {
      "type": "Feature",
      "geometry": {
        "type": "Point",
        "coordinates": [
          -64.1833,
          -31.4167
        ]
      },
      "properties": {
        "feature_type": "waypoint",
        "version": "US",
        "season": 36,
        "leg_number": 6,
        "city": "Córdoba",
        "country": "ARG",
        "continent": "South America",
        "route_header": "Chile → Argentina",
        "itinerary_stops": 10,
        "tasks_count": 9
      }
    },
    {
      "type": "Feature",
      "geometry": {
        "type": "Point",
        "coordinates": [
          -56.1842,
          -34.9056
        ]
      },
      "properties": {
        "feature_type": "waypoint",
        "version": "US",
        "season": 36,
        "leg_number": 7,
        "city": "Montevideo",
        "country": "URY",
        "continent": "South America",
        "route_header": "Argentina → Uruguay",
        "itinerary_stops": 6,
        "tasks_count": 4
      }
    },
    {
      "type": "Feature",
      "geometry": {
        "type": "Point",
        "coordinates": [
          -59.5374,
          13.0826
        ]
      },
      "properties": {
        "feature_type": "waypoint",
        "version": "US",
        "season": 36,
        "leg_number": 8,
        "city": "Christ Church",
        "country": "BRB",
        "continent": "North America",
        "route_header": "Uruguay → Barbados",
        "itinerary_stops": 6,
        "tasks_count": 5
      }
    },
    {
      "type": "Feature",
      "geometry": {
        "type": "Point",
        "coordinates": [
          -70.6933,
          19.7977
        ]
      },
      "properties": {
        "feature_type": "waypoint",
        "version": "US",
        "season": 36,
        "leg_number": 9,
        "city": "Puerto Plata",
        "country": "DOM",
        "continent": "North America",
        "route_header": "Barbados → Dominican Republic",
        "itinerary_stops": 7,
        "tasks_count": 4
      }
    },
    {
      "type": "Feature",
      "geometry": {
        "type": "Point",
        "coordinates": [
          -70.3643,
          19.7002
        ]
      },
      "properties": {
        "feature_type": "waypoint",
        "version": "US",
        "season": 36,
        "leg_number": 10,
        "city": "La Boca",
        "country": "DOM",
        "continent": "North America",
        "route_header": "Dominican Republic",
        "itinerary_stops": 5,
        "tasks_count": 4
      }
    },
    {
      "type": "Feature",
      "geometry": {
        "type": "Point",
        "coordinates": [
          -75.1636,
          39.9528
        ]
      },
      "properties": {
        "feature_type": "waypoint",
        "version": "US",
        "season": 36,
        "leg_number": 11,
        "city": "Philadelphia",
        "country": "USA",
        "continent": "North America",
        "route_header": "Dominican Republic → United States",
        "itinerary_stops": 10,
        "tasks_count": 4
      }
    },
    {
      "type": "Feature",
      "geometry": {
        "type": "LineString",
        "coordinates": [
          [
            -105.2222,
            20.6458
          ],
          [
            -105.2222,
            20.6458
          ],
          [
            -75.2432,
            6.2188
          ],
          [
            -75.6026,
            6.2697
          ],
          [
            -70.65,
            -33.4375
          ],
          [
            -64.1833,
            -31.4167
          ],
          [
            -56.1842,
            -34.9056
          ],
          [
            -59.5374,
            13.0826
          ],
          [
            -70.6933,
            19.7977
          ],
          [
            -70.3643,
            19.7002
          ],
          [
            -75.1636,
            39.9528
          ]
        ]
      },
      "properties": {
        "feature_type": "route",
        "version": "US",
        "season": 36,
        "n_legs": 11,
        "destinations": [
          "Puerto Vallarta",
          "Puerto Vallarta",
          "El Peñol",
          "Medellín",
          "Santiago",
          "Córdoba",
          "Montevideo",
          "Christ Church",
          "Puerto Plata",
          "La Boca",
          "Philadelphia"
        ],
        "countries": [
          "MEX",
          "COL",
          "CHL",
          "ARG",
          "URY",
          "BRB",
          "DOM",
          "USA"
        ],
        "continents": [
          "North America",
          "South America"
        ],
        "route_summary": "Puerto Vallarta (MEX) → Puerto Vallarta (MEX) → El Peñol (COL) → Medellín (COL) → Santiago (CHL) → Córdoba (ARG) → Montevideo (URY) → Christ Church (BRB) → Puerto Plata (DOM) → La Boca (DOM) → Philadelphia (USA)",
        "distance_miles": 11711.0,
        "distance_km": 18847.0,
        "winners": "Ricky Rotandi & Cesar Aldrete"
      }
    },
    {
      "type": "Feature",
      "geometry": {
        "type": "Point",
        "coordinates": [
          114.2,
          22.3
        ]
      },
      "properties": {
        "feature_type": "waypoint",
        "version": "US",
        "season": 37,
        "leg_number": 1,
        "city": "Hong Kong",
        "country": "HKG",
        "continent": "Asia",
        "route_header": "United States → Hong Kong",
        "itinerary_stops": 10,
        "tasks_count": 2
      }
    },
    {
      "type": "Feature",
      "geometry": {
        "type": "Point",
        "coordinates": [
          135.4705,
          34.827
        ]
      },
      "properties": {
        "feature_type": "waypoint",
        "version": "US",
        "season": 37,
        "leg_number": 2,
        "city": "Minoh",
        "country": "JPN",
        "continent": "Asia",
        "route_header": "Hong Kong → Japan",
        "itinerary_stops": 8,
        "tasks_count": 4
      }
    },
    {
      "type": "Feature",
      "geometry": {
        "type": "Point",
        "coordinates": [
          135.7681,
          35.0116
        ]
      },
      "properties": {
        "feature_type": "waypoint",
        "version": "US",
        "season": 37,
        "leg_number": 3,
        "city": "Kyoto",
        "country": "JPN",
        "continent": "Asia",
        "route_header": "Japan",
        "itinerary_stops": 7,
        "tasks_count": 4
      }
    },
    {
      "type": "Feature",
      "geometry": {
        "type": "Point",
        "coordinates": [
          109.3281,
          -0.4641
        ]
      },
      "properties": {
        "feature_type": "waypoint",
        "version": "US",
        "season": 37,
        "leg_number": 4,
        "city": "Kubu",
        "country": "IDN",
        "continent": "Asia",
        "route_header": "Japan → Indonesia",
        "itinerary_stops": 8,
        "tasks_count": 4
      }
    },
    {
      "type": "Feature",
      "geometry": {
        "type": "Point",
        "coordinates": [
          115.2239,
          -8.8017
        ]
      },
      "properties": {
        "feature_type": "waypoint",
        "version": "US",
        "season": 37,
        "leg_number": 5,
        "city": "Nusa Dua",
        "country": "IDN",
        "continent": "Asia",
        "route_header": "Indonesia",
        "itinerary_stops": 5,
        "tasks_count": 3
      }
    },
    {
      "type": "Feature",
      "geometry": {
        "type": "Point",
        "coordinates": [
          55.1886,
          25.0743
        ]
      },
      "properties": {
        "feature_type": "waypoint",
        "version": "US",
        "season": 37,
        "leg_number": 6,
        "city": "Dubai",
        "country": "ARE",
        "continent": "Asia",
        "route_header": "Indonesia → United Arab Emirates",
        "itinerary_stops": 9,
        "tasks_count": 5
      }
    },
    {
      "type": "Feature",
      "geometry": {
        "type": "Point",
        "coordinates": [
          23.6021,
          42.6691
        ]
      },
      "properties": {
        "feature_type": "waypoint",
        "version": "US",
        "season": 37,
        "leg_number": 7,
        "city": "Elin Pelin",
        "country": "BGR",
        "continent": "Europe",
        "route_header": "United Arab Emirates → Bulgaria",
        "itinerary_stops": 8,
        "tasks_count": 4
      }
    },
    {
      "type": "Feature",
      "geometry": {
        "type": "Point",
        "coordinates": [
          23.33,
          42.7
        ]
      },
      "properties": {
        "feature_type": "waypoint",
        "version": "US",
        "season": 37,
        "leg_number": 8,
        "city": "Sofia",
        "country": "BGR",
        "continent": "Europe",
        "route_header": "Bulgaria",
        "itinerary_stops": 7,
        "tasks_count": 1
      }
    },
    {
      "type": "Feature",
      "geometry": {
        "type": "Point",
        "coordinates": [
          14.2486,
          40.8358
        ]
      },
      "properties": {
        "feature_type": "waypoint",
        "version": "US",
        "season": 37,
        "leg_number": 9,
        "city": "Naples",
        "country": "ITA",
        "continent": "Europe",
        "route_header": "Bulgaria → Italy",
        "itinerary_stops": 10,
        "tasks_count": 3
      }
    },
    {
      "type": "Feature",
      "geometry": {
        "type": "Point",
        "coordinates": [
          7.4195,
          48.2862
        ]
      },
      "properties": {
        "feature_type": "waypoint",
        "version": "US",
        "season": 37,
        "leg_number": 10,
        "city": "Scherwiller",
        "country": "FRA",
        "continent": "Europe",
        "route_header": "Italy → Germany → France",
        "itinerary_stops": 10,
        "tasks_count": 4
      }
    },
    {
      "type": "Feature",
      "geometry": {
        "type": "Point",
        "coordinates": [
          -8.6057,
          41.1292
        ]
      },
      "properties": {
        "feature_type": "waypoint",
        "version": "US",
        "season": 37,
        "leg_number": 11,
        "city": "Vila Nova de Gaia",
        "country": "PRT",
        "continent": "Europe",
        "route_header": "France → Germany → Portugal",
        "itinerary_stops": 8,
        "tasks_count": 2
      }
    },
    {
      "type": "Feature",
      "geometry": {
        "type": "Point",
        "coordinates": [
          -80.1936,
          25.7742
        ]
      },
      "properties": {
        "feature_type": "waypoint",
        "version": "US",
        "season": 37,
        "leg_number": 12,
        "city": "Miami",
        "country": "USA",
        "continent": "North America",
        "route_header": "Portugal → United States",
        "itinerary_stops": 7,
        "tasks_count": 1
      }
    },
    {
      "type": "Feature",
      "geometry": {
        "type": "LineString",
        "coordinates": [
          [
            114.2,
            22.3
          ],
          [
            135.4705,
            34.827
          ],
          [
            135.7681,
            35.0116
          ],
          [
            109.3281,
            -0.4641
          ],
          [
            115.2239,
            -8.8017
          ],
          [
            55.1886,
            25.0743
          ],
          [
            23.6021,
            42.6691
          ],
          [
            23.33,
            42.7
          ],
          [
            14.2486,
            40.8358
          ],
          [
            7.4195,
            48.2862
          ],
          [
            -8.6057,
            41.1292
          ],
          [
            -80.1936,
            25.7742
          ]
        ]
      },
      "properties": {
        "feature_type": "route",
        "version": "US",
        "season": 37,
        "n_legs": 12,
        "destinations": [
          "Hong Kong",
          "Minoh",
          "Kyoto",
          "Kubu",
          "Nusa Dua",
          "Dubai",
          "Elin Pelin",
          "Sofia",
          "Naples",
          "Scherwiller",
          "Vila Nova de Gaia",
          "Miami"
        ],
        "countries": [
          "HKG",
          "JPN",
          "IDN",
          "ARE",
          "BGR",
          "ITA",
          "FRA",
          "PRT",
          "USA"
        ],
        "continents": [
          "Asia",
          "Europe",
          "North America"
        ],
        "route_summary": "Hong Kong (HKG) → Minoh (JPN) → Kyoto (JPN) → Kubu (IDN) → Nusa Dua (IDN) → Dubai (ARE) → Elin Pelin (BGR) → Sofia (BGR) → Naples (ITA) → Scherwiller (FRA) → Vila Nova de Gaia (PRT) → Miami (USA)",
        "distance_miles": 29000.0,
        "distance_km": 47000.0,
        "winners": "Carson McCalley & Jack Dodge"
      }
    },
    {
      "type": "Feature",
      "geometry": {
        "type": "Point",
        "coordinates": [
          4.8936,
          52.3728
        ]
      },
      "properties": {
        "feature_type": "waypoint",
        "version": "US",
        "season": 38,
        "leg_number": 1,
        "city": "Amsterdam",
        "country": "NLD",
        "continent": "Europe",
        "route_header": "Netherlands",
        "itinerary_stops": 8,
        "tasks_count": 1
      }
    },
    {
      "type": "Feature",
      "geometry": {
        "type": "Point",
        "coordinates": [
          14.4214,
          50.0875
        ]
      },
      "properties": {
        "feature_type": "waypoint",
        "version": "US",
        "season": 38,
        "leg_number": 2,
        "city": "Prague",
        "country": "CZE",
        "continent": "Europe",
        "route_header": "Netherlands → Czech Republic",
        "itinerary_stops": 7,
        "tasks_count": 5
      }
    },
    {
      "type": "Feature",
      "geometry": {
        "type": "Point",
        "coordinates": [
          15.3505,
          49.9909
        ]
      },
      "properties": {
        "feature_type": "waypoint",
        "version": "US",
        "season": 38,
        "leg_number": 3,
        "city": "Svatý Mikuláš",
        "country": "CZE",
        "continent": "Europe",
        "route_header": "Czech Republic",
        "itinerary_stops": 5,
        "tasks_count": 5
      }
    },
    {
      "type": "Feature",
      "geometry": {
        "type": "Point",
        "coordinates": [
          19.0514,
          47.4925
        ]
      },
      "properties": {
        "feature_type": "waypoint",
        "version": "US",
        "season": 38,
        "leg_number": 4,
        "city": "Budapest",
        "country": "HUN",
        "continent": "Europe",
        "route_header": "Czech Republic → Hungary",
        "itinerary_stops": 8,
        "tasks_count": 6
      }
    },
    {
      "type": "Feature",
      "geometry": {
        "type": "Point",
        "coordinates": [
          18.1083,
          42.6403
        ]
      },
      "properties": {
        "feature_type": "waypoint",
        "version": "US",
        "season": 38,
        "leg_number": 5,
        "city": "Dubrovnik",
        "country": "HRV",
        "continent": "Europe",
        "route_header": "Hungary → Croatia",
        "itinerary_stops": 8,
        "tasks_count": 3
      }
    },
    {
      "type": "Feature",
      "geometry": {
        "type": "Point",
        "coordinates": [
          17.6768,
          42.8172
        ]
      },
      "properties": {
        "feature_type": "waypoint",
        "version": "US",
        "season": 38,
        "leg_number": 6,
        "city": "Prapratno",
        "country": "HRV",
        "continent": "Europe",
        "route_header": "Croatia",
        "itinerary_stops": 5,
        "tasks_count": 3
      }
    },
    {
      "type": "Feature",
      "geometry": {
        "type": "Point",
        "coordinates": [
          26.1039,
          44.4325
        ]
      },
      "properties": {
        "feature_type": "waypoint",
        "version": "US",
        "season": 38,
        "leg_number": 7,
        "city": "Bucharest",
        "country": "ROU",
        "continent": "Europe",
        "route_header": "Croatia → Romania",
        "itinerary_stops": 10,
        "tasks_count": 4
      }
    },
    {
      "type": "Feature",
      "geometry": {
        "type": "Point",
        "coordinates": [
          26.0,
          44.5333
        ]
      },
      "properties": {
        "feature_type": "waypoint",
        "version": "US",
        "season": 38,
        "leg_number": 8,
        "city": "Mogoșoaia",
        "country": "ROU",
        "continent": "Europe",
        "route_header": "Romania",
        "itinerary_stops": 7,
        "tasks_count": 4
      }
    },
    {
      "type": "Feature",
      "geometry": {
        "type": "Point",
        "coordinates": [
          23.7281,
          37.9842
        ]
      },
      "properties": {
        "feature_type": "waypoint",
        "version": "US",
        "season": 38,
        "leg_number": 9,
        "city": "Athens",
        "country": "GRC",
        "continent": "Europe",
        "route_header": "Romania → Greece",
        "itinerary_stops": 8,
        "tasks_count": 3
      }
    },
    {
      "type": "Feature",
      "geometry": {
        "type": "Point",
        "coordinates": [
          8.9201,
          45.4659
        ]
      },
      "properties": {
        "feature_type": "waypoint",
        "version": "US",
        "season": 38,
        "leg_number": 10,
        "city": "Corbetta",
        "country": "ITA",
        "continent": "Europe",
        "route_header": "Greece → Italy",
        "itinerary_stops": 7,
        "tasks_count": 5
      }
    },
    {
      "type": "Feature",
      "geometry": {
        "type": "Point",
        "coordinates": [
          2.3522,
          48.8567
        ]
      },
      "properties": {
        "feature_type": "waypoint",
        "version": "US",
        "season": 38,
        "leg_number": 11,
        "city": "Paris",
        "country": "FRA",
        "continent": "Europe",
        "route_header": "Italy → France",
        "itinerary_stops": 7,
        "tasks_count": 2
      }
    },
    {
      "type": "Feature",
      "geometry": {
        "type": "Point",
        "coordinates": [
          -74.006,
          40.7127
        ]
      },
      "properties": {
        "feature_type": "waypoint",
        "version": "US",
        "season": 38,
        "leg_number": 12,
        "city": "New York City",
        "country": "USA",
        "continent": "North America",
        "route_header": "France → United States",
        "itinerary_stops": 11,
        "tasks_count": 0
      }
    },
    {
      "type": "Feature",
      "geometry": {
        "type": "LineString",
        "coordinates": [
          [
            4.8936,
            52.3728
          ],
          [
            14.4214,
            50.0875
          ],
          [
            15.3505,
            49.9909
          ],
          [
            19.0514,
            47.4925
          ],
          [
            18.1083,
            42.6403
          ],
          [
            17.6768,
            42.8172
          ],
          [
            26.1039,
            44.4325
          ],
          [
            26.0,
            44.5333
          ],
          [
            23.7281,
            37.9842
          ],
          [
            8.9201,
            45.4659
          ],
          [
            2.3522,
            48.8567
          ],
          [
            -74.006,
            40.7127
          ]
        ]
      },
      "properties": {
        "feature_type": "route",
        "version": "US",
        "season": 38,
        "n_legs": 12,
        "destinations": [
          "Amsterdam",
          "Prague",
          "Svatý Mikuláš",
          "Budapest",
          "Dubrovnik",
          "Prapratno",
          "Bucharest",
          "Mogoșoaia",
          "Athens",
          "Corbetta",
          "Paris",
          "New York City"
        ],
        "countries": [
          "NLD",
          "CZE",
          "HUN",
          "HRV",
          "ROU",
          "GRC",
          "ITA",
          "FRA",
          "USA"
        ],
        "continents": [
          "Europe",
          "North America"
        ],
        "route_summary": "Amsterdam (NLD) → Prague (CZE) → Svatý Mikuláš (CZE) → Budapest (HUN) → Dubrovnik (HRV) → Prapratno (HRV) → Bucharest (ROU) → Mogoșoaia (ROU) → Athens (GRC) → Corbetta (ITA) → Paris (FRA) → New York City (USA)",
        "distance_miles": 7500.0,
        "distance_km": 12100.0,
        "winners": "Jas and Jag Bains"
      }
    }
  ]
}