version,season,leg_number,task_type,description
US,1,1,Fast Forward,"For the series' very first Fast Forward, one team had to hike down a canyon to the Boiling Pot on the Zambezi River. Rob and Brennan won the Fast Forward."
US,1,1,Fast Forward,Teams who did not attempt the Fast Forward had to travel to Abseil Zambia at Batoka Gorge and find their next clue.
US,1,1,Detour,"The series' very first Detour was a choice between Air or Land. In Air, teams had to ride a zipline across Batoka Gorge and then free-fall down on a gorge swing to their next clue. In Land, teams would have hiked down the rim of the gorge to their next clue. All teams chose Air."
US,1,1,Roadblock,"Near Songwe Village, there was a Roadblock that required one team member to cook an ostrich egg, which both team members had to eat, before they could check in at the Pit Stop. This task was unaired, but it was shown as a bonus feature on the DVD."
US,1,1,Detour,The gorge swing Detour at Batoka Gorge was revisited in season 27 as a Switchback in Zimbabwe.
US,1,2,Fast Forward,"For this leg's Fast Forward, one team had to whitewater raft down the Zambezi River. Pat and Brenda won the Fast Forward."
US,1,2,Detour,"This leg's Detour was a choice between Near or Far. In Near, teams had to go to Mosi-oa-Tunya National Park 20 kilometres (12 mi) away and photograph three hard-to-find animals from a list of five. In Far, teams would have had to go to Chobe National Park in Botswana 110 kilometres (68 mi) away and photograph a single elephant. All teams chose Near."
US,1,2,Detour,"After the Detour, teams had to travel to Mukuni Village, where they took part in a traditional welcome ceremony for honored guests. Teams then gave the village chief the photographs they took during the Detour in exchange for their next clue: a miniature model of the Eiffel Tower. Teams returned by charter flight to Johannesburg, South Africa, where they had to book flights to Paris, France. Once there, teams had to find their next clue beneath the Eiffel Tower."
US,1,2,Roadblock,"In this leg's Roadblock, one team member had to go by stairs to the second level of the Eiffel Tower and use a telescope to search the city's skyline for a monument with a Route Marker on top: the Arc de Triomphe, which was the Pit Stop for this leg."
US,1,3,Fast Forward,This leg's Fast Forward required one team to find the Mariage Frères tea shop in the Rive Gauche and ask for a specific tea. Kevin and Drew won the Fast Forward.
US,1,3,Detour,"This leg's Detour was a choice between Tough Climb or Easy Walk. In Tough Climb, teams had to travel to Notre-Dame de Paris and climb the cathedral's north tower to ring Quasimodo's bell and receive their next clue. In Easy Walk, teams had to locate the statue of a cat sitting next to Foucault's pendulum to find their next clue. However, there were two Foucault pendulums in Paris, but only the one at the Panthéon had a statue of a cat, while the one at the Museum of Arts and Crafts (French: Musée des Arts et Métiers) did not."
US,1,3,Detour,"After the Detour, teams had to find a man in a blue suit across from the Hôtel de Ville, who had their next clue."
US,1,3,Roadblock,"In this leg's Roadblock, one team member had to walk through the Paris sewers to the Place du Châtelet, where they found their next clue."
US,1,3,Roadblock,"After the Roadblock, teams had to travel by train and taxi to Les Baux-de-Provence, and then by foot to the Pit Stop at the Château des Baux."
US,1,4,Detour,"This leg's Detour was a choice between Full Body Brew or Full Body Massage. In Full Body Brew, teams had to find the Café Mnouchi inside the Medina of Tunis and order two coffees to receive their next clue. In Full Body Massage, teams had to search for a massage parlor marked on a provided map and receive a 20-minute massage before they could receive their next clue."
US,1,4,Detour,"After the Detour, teams received a lighter marked with a picture of the Amphitheatre of El Jem with the words ""Go Here"" on the back."
US,1,4,Roadblock,"In this leg's Roadblock, one team member had to light a torch, navigate the amphitheatre, and find the pit of death. They then had to retrieve a sword above a pit, find their way out of the maze of tunnels, and bring it to the Pit Stop."
US,1,5,Detour,"This leg's Detour was a choice between Listening or Puzzling. In Listening, teams had to find the Star Wars movie set Ksar Hadada and use a supplied walkie-talkie to locate the radio's counterpart hidden somewhere in the labyrinth of caves along with their next clue. In Puzzling, teams would have had to find Ksar Ouled Soltane and solve a simple dice game to receive their next clue. All teams chose Listening."
US,1,5,Detour,"After the Detour, teams had to use a map, a compass, and a series of painted stones to find an arrow located approximately one mile (1.6 km) north of Guermessa that directed them along a path across the Sahara to their next clue at Ksar Ghilane."
US,1,5,Roadblock,"In this leg's Roadblock, one team member had to ride a camel and use a set of compass directions to reach the flag visible in the distance in the middle of the desert. The non-participating member had to trek alongside on foot. Once they reached the route marker, teams found a new set of compass directions to the Pit Stop: the Ksar Ghilane oasis."
US,1,5,Roadblock,"Paul and Amie missed the Roadblock entirely and became lost in the Sahara Desert. Hours after all of the other teams checked in, Paul happened to see the oasis in the distance and drove there, unaware that it was the Pit Stop. Production crew had also been driving through the desert looking for Paul and Amie's vehicle."
US,1,6,Detour,"This leg's Detour was a choice between Foot or Hoof. In Foot, teams had to find a statue of a foot at the Palazzo dei Conservatori using a provided picture to find their next clue. In Hoof, teams were given a partial picture of a more obscure statue depicting the hoof of the equestrian statue of Vittorio Emanuele II. If teams completed this task, they found a line of taxis waiting for them."
US,1,6,Detour,"After the Detour, teams had to travel by train to Castelfranco Emilia and then by taxi to the Pagani Auto Factory, where they found their next clue."
US,1,6,Roadblock,"In this leg's Roadblock, one team member had to drive a Smart car to the town square of Sant'Agata Bolognese using a map written entirely in Italian. Their partner was driven to the square in a Pagani Zonda traveling at 180 miles per hour (290 km/h). Once team members were reunited, they could check in at the Pit Stop."
US,1,7,Detour,"This leg's Detour was a choice between Glide or Ride. In Glide, teams traveled to the town of Ferrara, where one team member rode in a glider with a professional glider pilot while their partner rode in the towing plane. Once completed, the team received a free taxi ride to the Ferrara railway station, where they found their next clue. In Ride, teams had to travel to a bicycle shop in Ferrara and then ride eight kilometres (5 mi) to the railway station following a street map to retrieve their next clue."
US,1,7,Fast Forward,This leg's Fast Forward required one team to find Castello Estense in Ferrara and row a boat around the castle's moat to find the Fast Forward award hidden in the wall. Frank and Margarita won the Fast Forward.
US,1,7,Detour,"After the Detour, teams were instructed to fly to Delhi, India, by catching a train to either Rome or Milan, from which they could fly to Delhi. Once there, teams found their next clue outside the Red Fort."
US,1,7,Roadblock,"In this leg's Roadblock, one team member had to hire a cycle rickshaw and find a specific shopkeeper in the Chandni Chowk market, who showed them a replica of the Taj Mahal along with their next clue, which directed them to the Pit Stop: the Taj Khema Hotel in Agra."
US,1,8,Detour,"This leg's Detour was a choice between Elephant or Rowboat. In Elephant, teams had to ride an elephant up to the Amber Fort and then find a holy man who had their next clue. In Rowboat, teams had to reach the Jal Mahal water palace using a rowboat and then find a holy man who had their next clue."
US,1,8,Detour,"After the Detour, teams were instructed to travel by train to Bikaner and then travel to Karni Mata Temple, where they found their next clue."
US,1,8,Roadblock,"In this leg's Roadblock, one team member had to search the temple, filled with rodents which the locals consider holy, for a canister that contained their next clue. This directed them to the Pit Stop: the Laxmi Niwas Palace in Bikaner."
US,1,9,Fast Forward,This season's final Fast Forward required teams to travel to the Temple of the Reclining Buddha and play a traditional Buddhist game using the 108 urns alongside the giant reclining Buddha. They had to choose a bowl of coins and drop exactly one coin in every urn. The first team to find the bowl with exactly 108 coins would win the Fast Forward. Joe and Bill defeated Nancy and Emily and won the Fast Forward.
US,1,9,Fast Forward,"Teams who did not attempt the Fast Forward had to travel to the Temple of Dawn, where they found their next clue."
US,1,9,Detour,"This leg's Detour was a choice between Public or Private. Both tasks required teams to find transportation to Kanchanaburi. In Public, teams had to ride a public bus which left every 20 minutes, paying with their own money. In Private, teams had to find a specified private vehicle, using only a license plate number and a crude map of the nearby area, which would provide them a free ride to Kanchanaburi."
US,1,9,Roadblock,"In this leg's Roadblock, one team member had to dress like a Buddhist monk, walk through a pit of tigers, and retrieve their next clue, which directed them to the Pit Stop: the Tiger Cave Temple in Krabi."
US,1,9,Detour,"Nancy and Emily became frustrated after spending hours searching fruitlessly for the private vehicle, and took a taxi to Kanchanaburi instead of completing the Detour, for which they incurred a 24-hour penalty and were thus eliminated from the race."
US,1,10,Detour,"This leg's Detour was a choice between Hike or Climb. In Hike, teams would have had to travel on a winding path up Thaiwand Wall to their next clue. In Climb, teams had to rock climb straight up Thaiwand Wall to their next clue. All teams chose Climb."
US,1,10,Detour,"After the Detour, teams had to rappel down to the boat that brought them back to Railay Beach, where they then proceeded to Sea, Land & Trek rafting company, where they found their next clue."
US,1,10,Roadblock,"In this leg's Roadblock, one team member had to paddle a kayak with their partner down the river in search of a route marker flag. Once spotted, they had to climb into a nearby cave, Tham Hua Kalok, where they found their next clue along with snorkeling gear."
US,1,10,Roadblock,"After the Roadblock, teams had to paddle back to Sea, Land & Trek. Teams then had to hire a boat at Ao Nang Beach and find a route marker bobbing in the water near Chicken Island, where they had to dive in the water and retrieve their next clue, which directed them to the Pit Stop: Pai Plong Beach."
US,1,11,Detour,"This leg's Detour was a choice between Volley or Rally. In Volley, teams had to score five points in a game of ping-pong against a local champion to receive their next clue. In Rally, teams had to travel by three forms of local transportation – bus, motorcycle taxi, and pedicab – to Quan Xin Yuan Restaurant, where they found their next clue."
US,1,11,Detour,"After the Detour, teams had to retrieve a shopping list, written almost entirely in Mandarin Chinese, at the Hongqiao Market and use it to purchase five beetle larvae, one squid, and two chicken feet. Teams then traveled to the Donghuamen Night Market, where they found their next clue."
US,1,11,Roadblock,"In this leg's Roadblock, one team member had to give the items they'd just bought to a chef at the market for him to prepare and then eat all three dishes to receive their next clue, which directed them to the Pit Stop: the South Gate of Tiantan Park."
US,1,12,Detour,"This leg's Detour at the Great Wall of China was a choice between Flat or Steep. In Flat, teams would have had to walk along a long, flat path to a faraway pavilion. In Steep, teams had to hike up a much shorter, but extremely steep, path to a closer pavilion, where they found their next clue. All teams chose Steep."
US,1,12,Roadblock,"In this leg's Roadblock, one team member had to climb an ice wall and retrieve their next clue from the top of the glacier."
US,1,12,Roadblock,"After the Roadblock, teams had to drive to highway mile marker 131 near Denali State Park, where they rode snowmobiles to the Pit Stop at a wilderness cabin."
US,1,13,Detour,"This season's final Detour was a choice between Dog Power or Horsepower. In Dog Power, teams had to ride dog sleds 11 miles (18 km) to their next clue. In Horsepower, teams would have ridden snowmobiles 30 miles (48 km) to their next clue. Both teams chose Dog Power."
US,1,13,Detour,"After the Detour, teams had to drive to Fish Lake, where they found their next clue."
US,1,13,Roadblock,"In this season's final Roadblock, one team member had to strip down, plunge into the lake, and retrieve their next clue."
US,1,13,Roadblock,"After the Roadblock, teams were instructed to fly to New York City. Once there, teams had to travel by taxi to Vincent Daniels Square in Queens and find their final clue. Teams were instructed to take the 7 train to the Willets Point–Shea Stadium Station and then follow the flags to the finish line: the Unisphere in Flushing Meadows Park."
US,2,1,Detour,"This season's first Detour was a choice between Mountain and Beach. In Mountain, teams had to rappel down the face of Sugarloaf Mountain to receive their next clue. In Beach, teams had to take the gondola back down and go to Ipanema Beach to find Heloísa Pinheiro, the woman who inspired the song ""The Girl from Ipanema"", who gave them their next clue."
US,2,1,Detour,"After the Detour, teams had to check in at the Pit Stop aboard the Tocorimé, a yacht in Guanabara Bay."
US,2,2,Fast Forward,"This leg's Fast Forward required teams to travel to Copacabana Beach and play volleyball against a local team. While racers were allowed to use their hands, the local team could only use their feet. Shola and Doyin won the Fast Forward."
US,2,2,Fast Forward,Teams who did not attempt the Fast Forward had to travel to Pedra Bonita to find their next clue.
US,2,2,Detour,"This leg's Detour was a choice between Freak Out and Seek Out. In Freak Out, teams had to hang glide in tandem with an instructor from the mountain to the beach below. Once both teammates landed on the beach, they were given their next clue. In Seek Out, teams had to travel down to the same beach and use a metal detector to find their next clue buried somewhere in the sand."
US,2,2,Detour,"After the Detour, teams had to travel by bus to Foz do Iguaçu and then drive to the Macuco Safari Dock, where they found their next clue."
US,2,2,Roadblock,"In this season's first Roadblock, one team member had to use a map to direct a speedboat driver to Iguaçu Falls. There, they had to spot the route marker at the top of a rock formation, retrieve their next clue, and head back to the dock."
US,2,2,Roadblock,"After the Roadblock, teams had to check in at the Pit Stop in a nearby jungle camp."
US,2,3,Detour,"This leg's Detour was a choice between Dance and Deliver. In Dance, teams had to perform a gumboot dance with a local troupe until they made R25 (roughly $1.40) in tips, which they could exchange for their next clue. In Deliver, teams had to carry fish from a boat and transfer them to a set of scales until they had 125 kg (276 lb) to receive their next clue."
US,2,3,Detour,"After the Detour, teams had to travel by train to Langa Township and find their next clue at the Paradise Hair Salon."
US,2,3,Roadblock,"In this leg's Roadblock, one team member had to search through Langa Township and buy a box of Epsom salts and a ""Smiley"" (a roasted sheep's head). They then had to deliver the Smiley as an offering to Ndaba Sangoma, who made a potion out of the salts that the racer had to drink to receive the next clue, which directed them to the Pit Stop: Lanzerac Manor in Stellenbosch."
US,2,4,Fast Forward,"This leg's Fast Forward required one team to look ""where the railway tracks used to run"". Teams had to search the grounds of the Swakopmund Hotel for the Fast Forward award in the center of the pool. Oswald and Danny won the Fast Forward."
US,2,4,Fast Forward,"Teams that did not attempt the Fast Forward had to travel to the Matterhorn Sand Dune, where they found their next clue."
US,2,4,Detour,"This leg's Detour was a choice between Slide and Stride. In Slide, teams had to slide down the side of the Matterhorn to their next clue at the bottom. In Stride, teams would have had to walk down the opposite side of the dune along a marked path to their next clue. All teams chose Slide, except for Shola and Doyin, who did not arrive until after access to the dunes had closed for the day."
US,2,4,Detour,"After the Detour, teams had to find the General Dealer convenience store in Spitzkoppe and ask for the ""postcard of the day"", which was their next clue."
US,2,4,Roadblock,"In this leg's Roadblock, one team member had to buy five wooden animal carvings – lion, leopard, rhinoceros, elephant, and African buffalo – using their own money and then bring the carvings to a bushman, who exchanged them for a large carved wooden giraffe with their next clue attached."
US,2,4,Roadblock,"After the Roadblock, teams had to take the giraffe carving to the Pit Stop at the Amani Lodge."
US,2,4,Detour,"Shola and Doyin got their vehicle stuck in the sand and it took some time to extricate it. This caused them to arrive at the Detour after the hours of operation had closed for the day. As all of the other teams had completed the Detour and were able to check in at the Pit Stop, Shola and Doyin went directly to the Pit Stop without performing the Detour and were eliminated."
US,2,5,Detour,"This leg's Detour was a choice between Confusion Now and Confusion Later. In Confusion Now, teams had to search for a specific water taxi dock and find the correct taxi that could take them to a bird market. Once there, they had to buy and release a cage full of sparrows. In Confusion Later, teams had to travel by taxi to Chinatown, where they had to purchase a ""car"" to burn at the Lee Ti Biew shrine. Teams had to figure out that the car they needed was one of the small paper cars sold at multiple booths near the shrine."
US,2,5,Detour,"After the Detour, teams then had to travel by bus to Ratchaburi and then travel to Wat Khao Chong Phran, where they found their next clue."
US,2,5,Roadblock,"In this leg's Roadblock, one team member had to don a protective mask, gloves, and boots, and venture into a nearby cave filled with millions of bats to retrieve their next clue, which directed them to the Pit Stop: Ban Plai Pong Pang in Amphawa."
US,2,6,Detour,"This leg's Detour was a choice between Boat and Beast. In Boat, teams had to travel 1.5 miles (2.4 km) down the river using a bamboo raft with long wooden poles. In Beast, teams would have had to ride the same 1.5 miles (2.4 km) on an elephant down the path next to the river. All teams chose Boat and found their next clue on a marked car at the Mae Taeng River Camp."
US,2,6,Detour,"After the Detour, teams had to drive to Mae Ping Village to find their next clue."
US,2,6,Roadblock,"In this leg's Roadblock, one team member had to wash a series of chalk decorations off of an elephant to receive their next clue, which directed them to the Pit Stop: Karen Village in the Chiang Dao District."
US,2,7,Fast Forward,"This leg's Fast Forward required one team to travel to Wong Tai Sin Temple in Kowloon, where a fortune teller gave one team member a face reading and the other a palm reading before giving them the Fast Forward award. Gary and Dave won the Fast Forward."
US,2,7,Fast Forward,"Teams who did not attempt the Fast Forward had to use binoculars to search for a ""green and white star that will take to Tsim Sha Tsui"", which they had to figure out was the Star Ferry terminal at Wan Chai Pier. Teams then had to travel by ferry to their next clue."
US,2,7,Detour,"This leg's Detour was a choice between Wishing Tree and Herbal Tea. In Wishing Tree, teams had to take a taxi to Lam Tsuen and find a wishing tree. Once there, both team members had to write a wish on a scroll and throw it into the tree to receive the next clue. In Herbal Tea, teams had to walk to a nearby herbalist shop on Reclamation Street and ask for a bitter herbal tea, which both team members had to each drink to receive the next clue."
US,2,7,Detour,"After the Detour, teams had to travel to the Hongkong International Terminals, where they found their next clue."
US,2,7,Roadblock,"In this leg's Roadblock, one team member had to use a crane to lift one shipping container off of a truck, lower it to the ground, and then return the crane to its original position. Their partner could then retrieve the next clue from the side of the shipping container."
US,2,7,Roadblock,"After the Roadblock, teams had to check in at the Pit Stop: the Duk Ling, a Chinese junk floating in Victoria Harbour."
US,2,8,Detour,"This leg's Detour was a choice between Dragon and Lion. In Dragon, teams had to row a twelve-seat dragon boat through a marked course to retrieve their next clue. In Lion, teams had to carry a ceremonial lion through a course of narrow markets and steep stairs to retrieve their clue."
US,2,8,Detour,"After the Detour, teams were instructed to fly to Sydney, Australia, and find their next clue at the Sydney Opera House."
US,2,8,Roadblock,"In this leg's Roadblock, one team member had to follow a series of clues written in Australian slang. Team members had to continue this task until they specifically received a clue instructing them to reunite with their partner, at which point they had to check in at the Pit Stop: the rooftop of the Museum of Contemporary Art."
US,2,8,Fast Forward,"In this leg's unclaimed Fast Forward, one team would have traveled to the Po Lin Monastery and climbed up 268 steps to the Tian Tan Buddha to claim the Fast Forward award."
US,2,9,Fast Forward,"This leg's Fast Forward required one team to go to Harry's Cafe, where each team member had to eat a meat pie. Chris and Alex won the Fast Forward."
US,2,9,Detour,"This leg's Detour was a choice between Cool Down and Heat Up. In Cool Down, teams had to find Opal Quest at Tom's Working Opal Mine, descend into the tunnels, and use traditional mining tools to search for an opal they could exchange for their next clue. In Heat Up, teams had to play three holes of golf using only a map and one ball on the driest golf course in the world to receive their next clue."
US,2,9,Detour,"After the Detour, teams had to travel to Lookout 2 of Breakaways National Park and follow a series of flags into a valley to find their next clue."
US,2,9,Roadblock,"In this leg's Roadblock, one team member had to throw a boomerang from within a circle so that the boomerang left, returned, and landed within the circle to receive their next clue, which directed them to the Pit Stop: a nearby Aboriginal camp."
US,2,10,Fast Forward,"This leg's Fast Forward required one team to travel to the Shotover River. There, they had to ride a jetboat and spot a Route Marker. Blake and Paige won the Fast Forward."
US,2,10,Detour,"This leg's Detour was a choice between Quick Jump and Long Hike. In Quick Jump, teams had to take a tandem bungee jump down to the clue at the bottom of the canyon. In Long Hike, teams would have had to hike down a long trail to the bottom of the canyon to reach the clue box. All teams chose Quick Jump."
US,2,10,Detour,"After the Detour, teams had to drive to Inverary Sheep Station, where they found their next clue."
US,2,10,Roadblock,"In this leg's Roadblock, one team member had to enter a pen full of sheep and move the three black sheep from among the white sheep to a second pen at the end of the corral. When they were finished, teams could then run to the nearby Pit Stop."
US,2,11,Fast Forward,"This season's final Fast Forward required one team to perform a ""scree run"" down Mount Tarawera: a run down the loose rock walls directly into the mouth of the dormant volcano. Tara and Wil won the Fast Forward."
US,2,11,Fast Forward,Teams who did not attempt the Fast Forward had to travel to Waitomo Caves to find their next clue.
US,2,11,Detour,"This leg's Detour was a choice between Drop and Climb. In Drop, teams had to descend into a cavern known as ""The Lost World"" and then walk a short distance to their next clue. In Climb, teams would have had to climb down a ladder into the same cavern, and then walk a much longer distance to their next clue. All teams chose Drop."
US,2,11,Detour,"After the Detour, teams had to drive to 4 Track Adventures, which had their next clue."
US,2,11,Roadblock,"In this leg's Roadblock, one team member had to ride an all-terrain vehicle through an off-road course over difficult terrain and then collect their next clue at the end of the course that directed them to the Pit Stop: the Warbirds Hangar at the Ardmore Airport in Auckland."
US,2,12,Detour,"This season's final Detour was a choice between Bike and Walk. In Bike, teams would have had to search a large pineapple field on bicycles to find the only red plastic pineapple that held their clue inside. In Walk, teams searched the same field on foot to find one of four yellow plastic pineapples which also held their clue inside. All teams chose Walk."
US,2,12,Detour,"After the Detour, teams headed to McGregor Point, where they had to navigate arrows to the water's edge and choose a motorboat to take them to Molokini, where they found their next clue."
US,2,12,Roadblock,"In this leg's Roadblock, one team member had to snorkel near the sunken island and find one of three yellow cases chained underwater to retrieve the clue sealed inside, which directed them to the Pit Stop: the Huialoha Church in Mokulau."
US,2,13,Roadblock,"In this season's final Roadblock, one team member had to use any of the tools they'd picked up to retrieve their clue which was frozen inside a large globe of ice."
US,2,13,Roadblock,"After the Roadblock, teams were instructed to fly to Oakland, California. Once there, teams had to find the Atkinson-Esher House in San Francisco to find their next clue, which instructed them to travel on foot to Municipal Pier. There, they found their final clue, which directed them to travel to East Fort Baker and then run to the finish line."
US,3,1,Fast Forward,"This season's first Fast Forward required one team to travel to Plaza Santo Domingo and search for the one street typist out of dozens who had a ""special message"": the Fast Forward award. Ken and Gerard won the Fast Forward."
US,3,1,Detour,"This season's first Detour was a choice between Wings and Wheels. In Wings, teams had to board a plane, climb to an altitude of over 10,000 feet (3,000 m), and then each team member had to skydive in tandem with an instructor to receive their next clue. In Wheels, teams had to choose a donkey-drawn cart and use a supplied map to direct a driver, who didn't speak English, along a seven-mile (11 km) course to receive the next clue."
US,3,1,Detour,"After the Detour, teams had to drive themselves to the Pit Stop: the Hacienda San Gabriel de las Palmas in Puente de Ixtla."
US,3,2,Fast Forward,This leg's Fast Forward required one team to travel to the National Museum of Anthropology in Mexico City and join a group of performers called the Voladores by climbing a 100-foot (30 m) pole and swinging around the pole while suspended on ropes. Derek and Drew won the Fast Forward.
US,3,2,Detour,"This leg's Detour was a choice between Man Power and Horse Power. In Man Power, teams had to use a kayak to search a small section of the lagoon for their next clue, which was hanging from a tree. In Horse Power, teams had to use a WaveRunner to search a large section of the lagoon for their next clue, which was attached to a buoy."
US,3,2,Detour,"After the Detour, teams had to land at the marina and then drive to Playa del Carmen, where they boarded a ferry to the island of Cozumel. From there, teams had to find Chankanaab Park to find their next clue."
US,3,2,Roadblock,"In this season's first Roadblock, one team member had to jump into the lagoon and swim with a pod of dolphins to find their next clue."
US,3,2,Roadblock,"After the Roadblock, teams had to return to Playa del Carmen via ferry and then drive to the Pit Stop: the Diamante K Bungalows in Tulum."
US,3,3,Fast Forward,This leg's Fast Forward required one team to travel to the Duxford Imperial War Museum and maneuver a tank through a battlefield obstacle course within 90 seconds. Dennis & Andrew won the Fast Forward and were driven to Dunnottar Castle in a limousine.
US,3,3,Detour,"This leg's Detour was a choice between Punt and Bike. In Punt, teams rowed a punt with only a long pole and a small paddle to navigate down the River Cam. In Bike, teams rode a tandem bicycle along a marked course through Cambridge. After either Detour task, the team retrieved their next clue from under the Magdalene Bridge."
US,3,3,Detour,"After the Detour, teams had to take one of three charter buses leaving the next day to Aberdeen, Scotland, and then find their next clue at Dunnottar Castle."
US,3,3,Roadblock,"In this leg's Roadblock, one team member had to complete three Highland games: the caber toss, the hammer throw, and the stone put. Once done, teams could go directly to the nearby Pit Stop at Dunnottar Castle."
US,3,3,Fast Forward,"Dennis and Andrew had difficulty booking a flight from Mexico City to London and arrived long after the other teams. Even though they won the Fast Forward, they still arrived at Dunnottar Castle last and were eliminated."
US,3,4,Detour,"This leg's Detour was a choice between Old School and New School. In Old School, teams had to load a barrel of port wine onto a traditional Portuguese boat, row across the Douro River, and then deliver the wine to a restaurant. In New School, teams loaded nine crates of wine bottles onto a truck and drove them to three different restaurants. For both options, teams had to get signatures from each restaurant to prove that they had made the deliveries correctly and receive their next clue."
US,3,4,Detour,"After the Detour, teams were instructed to travel by train to Lisbon and then find their next clue at the Estádio do Restelo."
US,3,4,Roadblock,"In this leg's Roadblock, one team member had to block one penalty kick from a teenage soccer player to receive their next clue."
US,3,4,Roadblock,"After the Roadblock, teams had to travel on foot to the Pit Stop: the Torre de Belém."
US,3,5,Detour,"This leg's Detour was a choice between Ropes and Slopes. In Ropes, teams had to take a shuttle bus to the Ursa cliffs and rappel down to the shore below. In Slopes, teams hiked down a long trail to the same shore below. Once teams reached the shore, they could retrieve their next clue."
US,3,5,Detour,"After the Detour, teams were instructed to drive to the port in Algeciras, Spain, travel by ferry to Tangier, Morocco, and search the port for next clue. Teams then had to find the Viajes Flandria travel agency and sign up for charter buses to the Old City of Fez, where they had to search for their next clue."
US,3,5,Roadblock,"In this leg's Roadblock, one team member had to find the Dar Dbagh Chouara Tannery and search through 25 vats of dye for their next clue."
US,3,5,Roadblock,"After the Roadblock, teams drove themselves to the Pit Stop: the Borj Nord."
US,3,6,Fast Forward,This leg's Fast Forward required one team to look through piles of carpets in a carpet shop to find the one with the Fast Forward design sewn into it. Teri and Ian won the Fast Forward.
US,3,6,Detour,"This leg's Detour was a choice between Now You See It and Now You Don't. In Now You See It, teams would have ridden on horseback to a route marker visible from their starting point and dug up a clue in a marked square of sand. In Now You Don't, teams chose a sand bike and rode to a route marker that wasn't visible from their starting point, where they found a clue etched on a stone. They had to make a rubbing of the clue onto a piece of paper. All teams chose Now You Don't."
US,3,6,Detour,"After the Detour, teams had to translate their clue from Arabic to find their next clue at the Café Glacier."
US,3,6,Roadblock,"In this leg's Roadblock, one team member had to team up with a food vendor, help assemble their stall, and then sell five bowls of escargots to receive their next clue, which directed them to the Pit Stop: the Riad Catalina."
US,3,7,Fast Forward,This leg's Fast Forward required one team to find a surfer on the Eisbach River in Munich. Flo and Zach won the Fast Forward.
US,3,7,Detour,"This leg's Detour was a choice between Sled and Skate. In Sled, teams had to ride a bobsled with a team of professional bobsledders down the Olympic Bobsled Track to receive their next clue. In Skate, teams would have had to run a skating relay with a pair of professional ice skaters at the Olympic Ice Stadium to receive their next clue. All teams chose Sled."
US,3,7,Detour,"After the Detour, teams had to ride the Nordkette Cable Car to the Seegrube Station to find their next clue."
US,3,7,Roadblock,"In this leg's Roadblock, one team member had to put on safety gear and descend 230 feet (70 m) to the ground on a rescue cable to receive their next clue."
US,3,7,Roadblock,"After the Roadblock, teams had to drive themselves to the Pit Stop: Schloss Bullachberg, located beneath Neuschwanstein Castle, in Schwangau, Germany."
US,3,7,Detour,"Andre and Damon fell so far behind, due in part to their delay in the previous leg and also due to falling asleep on the train from Munich to Innsbruck and missing their stop, that all of the other teams had already checked into the Pit Stop before Andre and Damon arrived at the Detour. Instead of performing the Detour, they were instructed to go directly to the Pit Stop for elimination."
US,3,8,Detour,"This leg's Detour was a choice between Count the Money and Run the Numbers. In Count the Money, teams had to count a large amount of Swiss currency inside a fishbowl sitting right next to the safe. In Run the Numbers, teams had to search the streets of Zürich for three different numbers: the number on the Züri-Familie sculpture at the intersection of Sihlstrasse and Bahnhofstrasse, the sum of the numbers on the north face of a clock on St. Peter's Church, and the number of trees in Lindenhof marked with ribbons. The resulting numbers from both tasks formed the combination to the safe that contained the next clue. All teams chose to perform Run the Numbers, although Ken and Gerard did begin Count the Money until they gave up in frustration."
US,3,8,Detour,"After the Detour, teams had to travel by train to Grindelwald and then find a route marker in a field east of the railway station, where they found their next clue."
US,3,8,Roadblock,"In this leg's Roadblock, one team member had to use a crossbow to shoot an apple off a mannequin's head to receive their next clue, which directed them to the Pit Stop: the Chalet Arnika."
US,3,9,Fast Forward,This season's final Fast Forward required one team to find a cheese-making cabin near Saxeten and eat enough pieces of Swiss cheese from a massive cheese wheel so as to completely reveal the Fast Forward award hidden underneath. John Vito and Jill won the Fast Forward.
US,3,9,Fast Forward,"Teams who were unable to attempt the Fast Forward had to drive to Kandersteg, where they loaded their car onto a car train and rode through the Alps to Goppenstein. Teams then had to drive to the Niouc Bridge, where they found their next clue."
US,3,9,Detour,"This leg's Detour was a choice between Extreme Swiss and Very Swiss. In Extreme Swiss, each team member had to walk onto a narrow bridge and bungee jump into the gorge below to receive their next clue. In Very Swiss, teams had to drive to a nearby farm and then find a key inside the bell around a goat's neck to unlock their next clue."
US,3,9,Detour,"After the Detour, teams had the option to make one phone call to their family or friends back home, but they had to complete the call before they could continue to their next destination: the Château de Chillon in Veytaux."
US,3,9,Roadblock,"In this leg's Roadblock, one team member had to properly assemble a Swiss army bicycle from a pile of parts using an identical pre-assembled bike as a reference to receive their next clue."
US,3,9,Roadblock,"After the Roadblock, teams had to ride both bicycles to the Basset Marina in Montreux. There, teams had to use a paddle boat to reach the Pit Stop aboard the steamship Savoie, which was floating on Lake Geneva."
US,3,10,Detour,"This leg's Detour was a choice between Dry and Wet. In Dry, teams drove to an apartment block in Choa Chu Kang. From there, they had to locate Unit #10-137, where they met Singaporean TV star Gurmit Singh, in his alter ego Phua Chu Kang, who handed them their next clue. In Wet, teams had to drive to the Singapore Zoo and find the ""Mermaids of the Sea"": the zoo's manatees. Once at the manatee enclosure, they had to swim through the pool to receive their next clue."
US,3,11,Detour,"This leg's Detour was a choice between Easy Buy and Hard Sell. In Easy Buy, teams had to a traditional boat called a sampan into the floating market of Cái Bè and find the only vendor selling water coconuts, from whom they received their next clue. In Hard Sell, teams had to carry shoulder baskets with fruit into the land market so as to sell enough fruit to make 40,000₫ (roughly $2.50) that they could exchange for their next clue."
US,3,11,Detour,"After the Detour, teams had to travel to 2A Ton Duc Thang Street to find their next clue."
US,3,11,Roadblock,"In this leg's Roadblock, one team member had to transport their teammate on a cyclo along a marked course through the streets of Ho Chi Minh City and onto a ferry across the Saigon River to the Pit Stop: the Café Thu Thiem."
US,3,12,Detour,"This leg's Detour was a choice between Basket Boats and Basket Bikes. In Basket Boats, each team member had to cross a stretch of the Cu Đê River in a round basket boat using only a single paddle to reach the clue box on a nearby island. In Basket Bikes, each team member took a bicycle laden with dozens of shrimp baskets and had to ride one mile (1.6 km) to receive their next clue."
US,3,12,Detour,"After the Detour, teams had to go to the Bach Dang dock in Hội An and board a sampan that took them to a route marker on the Thu Bồn River."
US,3,12,Roadblock,"In this leg's Roadblock, one team member had to climb onto a fishing platform, use a wooden winch to raise a fishing net out of the water, and retrieve the clue dangling underneath, which directed them to the Pit Stop: China Beach in Da Nang."
US,3,12,Detour,The Detour task involving the bicycle and shrimp baskets was revisited in season 29 as a Switchback.
US,3,13,Detour,"This season's final Detour was a choice between Quick Drop and Slow Walk. In Quick Drop, teams took a quick drop from the top of a waterfall on a zipline. They then had to swim to shore and follow the flags to a clue behind the waterfall. In Slow Walk, teams would have walked down a much longer marked trail to the same clue box behind the waterfall. All teams chose Quick Drop."
US,3,13,Detour,"After the Detour, teams were instructed to fly to Seattle, Washington, and find their next clue at Kerry Park. Teams then had to travel on foot to the International Fountain at the Seattle Center, where they found their next clue directing them to Lincoln Park."
US,3,13,Roadblock,"In this season's final Roadblock, one team member had to choose a totem pole and spin the animal faces so that they were aligned in the order that teams encountered them on the race: donkey (Mexico), dolphin (Mexico), horse (Morocco), goat (Switzerland), and manatee (Singapore). Once the animals were in the correct order, the bottom of the totem pole opened to reveal the final clue, which directed teams to the finish line: Gas Works Park."
US,4,1,Fast Forward,"This season's first Fast Forward required one team to travel to Passo Giau, put on snowshoes, and trek to the top of a snowy hill. Monica and Sheree won the Fast Forward."
US,4,1,Detour,"This season's first Detour was a choice between Search or Rescue. In Search, teams would have used a locator beacon to find a beeper hidden in the snow with a set of keys for a snowmobile that they could have driven to their next clue. In Rescue, teams crossed a traditional alpine rescue bridge of four steel cables. They then had to use a zipline to travel across the ravine to their next clue. All teams chose Rescue."
US,4,1,Detour,"After the Detour, teams had to ride the chairlift back down the mountain and then travel to the Pit Stop: the Hotel Lajadira."
US,4,2,Detour,"This leg's Detour was a choice between Waterway or Pathway. In Waterway, teams had to travel by gondola, using only a map to guide their gondolier, to the Campo Querini Stampalia, where they found their next clue. In Pathway, teams had to travel by foot through the city's streets and bridges to the same plaza, but without a map, although they could ask for directions."
US,4,2,Fast Forward,This leg's Fast Forward required one team to go to Campo San Vio and join a troupe of actors performing street theater known as commedia dell'arte until the Fast Forward award appeared in the skit. Steve and Dave won the Fast Forward.
US,4,2,Detour,"After the Detour, teams had to travel to the Palazzo da Mosto and wait for a masquerade ball to begin before receiving their next clue."
US,4,2,Roadblock,"In this season's first Roadblock, one team member had to choose a picture of a Venetian mask, enter the Palazzo da Mosto, and search the rooms filled with masked revelers to find the one wearing the same mask shown in their photo, who gave them their next clue. If they chose incorrectly, the reveler took the photo and walked away, and the racer had to go back outside to wait to receive another photo, since only four contestants could enter the palace at a time."
US,4,2,Roadblock,"After the Roadblock, teams had to check in at the Pit Stop: the Citta di Padova, moored at the Venetian Lagoon."
US,4,3,Fast Forward,"This leg's Fast Forward required one team to enter the ballroom at Schönbrunn Palace, where each team member had to carry a tray full of champagne glasses across the room and through the crowd without spilling any of the drinks. Steve and Josh won the Fast Forward."
US,4,3,Detour,"This leg's Detour was a choice between Mozart or Beethoven. In Mozart, teams had to carry a string bass six miles (9.7 km) to the well-known house where Wolfgang Amadeus Mozart wrote The Marriage of Figaro to receive their next clue. In Beethoven, teams had to carry a portfolio of sheet music 11 miles (18 km) to a lesser-known house where Ludwig van Beethoven wrote The Heiligenstadt Testaments to receive their next clue."
US,4,3,Detour,"After the Detour, teams had to travel to the Donauturm, where they found their next clue."
US,4,3,Roadblock,"In this leg's Roadblock, one team member had to perform a 460-foot (140 m) bungee jump off the Donauturm to receive their next clue."
US,4,3,Roadblock,"After the Roadblock, teams had to travel by train to Gmunden and then on foot to the Pit Stop: Schloss Ort."
US,4,3,Fast Forward,"The bungee jump at the Donauturm was later featured as a Switchback and Fast Forward in season 23, but due to high winds, the Fast Forward was unavailable, and no teams chose to wait for weather conditions to improve."
US,4,4,Roadblock,"In this leg's Roadblock, one team member had to change the tires on a race car and then drive a high-speed lap around the Circuit Bugatti with a professional driver. Once the lap was completed, they received their next clue at the winners' podium."
US,4,4,Roadblock,"After the Roadblock, teams had to drive themselves to the Phare de Sainte Marie lighthouse in Marseille, where they found their next clue."
US,4,4,Fast Forward,This leg's Fast Forward required one team to find the Musée de Tapisseries in Aix-en-Provence and then arrange a 20-piece puzzle to form a picture of the Château des Alpilles. Tian and Jaree won the Fast Forward.
US,4,4,Fast Forward,Teams who did not attempt the Fast Forward had to drive to the Gorges du Blavet and find their next clue.
US,4,4,Detour,"This leg's Detour was a choice between Ropes or Slopes. In Ropes, teams had to rappel down a cliff and then hike a short way to the clue. In Slopes, teams would have had to walk down a much longer trail to the same clue. All teams chose Ropes."
US,4,4,Detour,"After the Detour, teams had to check in at the Pit Stop: the Château des Alpilles in Saint-Rémy-de-Provence."
US,4,5,Fast Forward,"This leg's Fast Forward required one team to travel to the Molen van Sloten. There, each team member was strapped onto the sails of the windmill and had to endure ten rotations once the windmill was set in motion. Millie and Chuck won the Fast Forward."
US,4,5,Detour,"This leg's Detour was a choice between 500 Kilograms or 15 Feet. In 500 Kilograms, teams drove to Alkmaar's outdoor market, donned wooden clogs, and used a wooden stretcher to carry cheese from a stockpile to a scale. Once they transported exactly 500 kilograms (1,100 lb) of cheese, teams received their next clue. In 15 Feet, teams drove to a ranch outside Amsterdam that processed cow manure into fertilizer, and had to search through a pile of manure 15 feet (4.6 m) high for their next clue."
US,4,5,Roadblock,"In this leg's Roadblock, one team member had to get on a marked boat, catch 25 eels with their hands, and transfer them to a container to receive their next clue, which directed them to the Pit Stop: the Muiden Castle in Muiden."
US,4,6,Detour,"This leg's Detour was a choice between Suds or Duds. In Suds, teams had to find an outdoor laundromat in Dhobi Ghat and hand wash a bundle of clothing to reveal their next clue imprinted on one piece of the clothing. In Duds, teams had to locate a clothing shop, search through hundreds of saris, find one imprinted with their next clue."
US,4,6,Detour,"After the Detour, teams had to travel to the Sassoon Docks where they found their next clue."
US,4,6,Roadblock,"In this leg's Roadblock, one team member had to carry twenty fish out of a large catch of mixed fish to the market manager to receive their next clue, which directed them to the Pit Stop: the Gateway of India."
US,4,7,Roadblock,"In this leg's Roadblock, one team member had to take part in bull racing by hanging onto a team of bulls running across a mud course to receive their next clue."
US,4,7,Roadblock,"After the Roadblock, teams had to travel to Beach Road to find their next clue."
US,4,7,Detour,"This leg's Detour was a choice between Baskets or Trunks. In Baskets, teams had to load ten live chickens into baskets on a bicycle-powered wagon and then pedal to a farm, where they could exchange the chickens for their next clue. In Trunks, teams had to load two bales of coir onto an elephant and then ride the elephant to a coir shop, trading their cargo for their next clue."
US,4,7,Detour,"After the Detour, teams had to check in at the Pit Stop: Punnamada Lake in Alleppey."
US,4,8,Detour,"This leg's Detour was a choice between Net or Trap. In Net, teams had to take their boat to a fishing platform and use a net to catch fifteen fish out of a pen to receive their next clue. In Trap, teams had to take their boat to a group of lobster boats and pull up one weighted lobster trap to retrieve the clue from inside."
US,4,8,Detour,"After the Detour, teams had to travel by boat to Manukan Island to find their next clue."
US,4,8,Roadblock,"In this leg's Roadblock, one team member had to hit three targets using three different Malaysian weapons: a bow and arrow, a blowpipe, and a spear. After successfully hitting all three targets, teams could run to the nearby Pit Stop."
US,4,9,Fast Forward,"This leg's Fast Forward required one team to drive to the Sepilok Orangutan Sanctuary. There, the team had to hike to a feeding station in the jungle and feed two pieces of fruit to an orangutan. Reichen and Chip won the Fast Forward."
US,4,9,Detour,"This leg's Detour was a choice between Chop or Haul. In Chop, teams had to chop down palm nut bunches with a clue attached. However, only one out of every four envelopes contained a clue. In Haul, teams used a wheelbarrow to carry 25 palm nut bunches to a truck. When the truck was fully loaded, it was driven forward and revealed the teams' next clue underneath."
US,4,9,Detour,"After the Detour, teams had to drive to Gomantong Caves to find their next clue."
US,4,9,Roadblock,"In this leg's Roadblock, one team member had to climb a rattan ladder to a point 50 feet (15 m) above the Gomantong Caves floor, grab a basket, and retrieve their next clue from inside."
US,4,9,Roadblock,"After the Roadblock, teams had to check in at the Pit Stop: the Sepilok Nature Resort."
US,4,10,Roadblock,"In this leg's Roadblock, one team member had to plunge into the icy Hantan River and swim under the ice to an exit hole. Once their body temperature had returned to a safe level, a doctor cleared them to leave and gave them their next clue."
US,4,10,Roadblock,"After the Roadblock, teams were instructed to travel back to Seoul and search Station 228 of the Seoul Metropolitan Subway for their next clue."
US,4,10,Detour,"This leg's Detour was a choice between Strong Hands or Strong Stomach. In Strong Hands, teams used a map to find a Taekwondo dojang, where both team members had to break three sets of wooden boards to receive their next clue. In Strong Stomach, teams used a map to find the Haetae Restaurant, where both team members had to eat san-nakji – raw octopus – to receive their next clue."
US,4,10,Detour,"After the Detour, teams had to check in at the Pit Stop: Gyeongbokgung Palace."
US,4,11,Fast Forward,"This season's final Fast Forward required one team to drive to a beach on the Sunshine Coast and pass a lifeguard test by paddling surfboards into a heavy surf, pulling a swimmer out of the water, and returning her safely to the beach. David and Jeff won the Fast Forward."
US,4,11,Fast Forward,"Teams who did not attempt the Fast Forward had to travel to the Holiday Inn hotel and find the concierge, who led them to the penthouse, where they found their next clue."
US,4,11,Detour,"This leg's Detour was a choice between Face First or Foot First. In Face First, teams had to complete a face-first rappel from the penthouse to the ground to receive their next clue. In Foot First, teams would have had to locate a nearby Sheraton hotel, race downstairs from the penthouse, across the street, and then up thirty stories to the roof where they would have received their next clue. All teams chose Face First."
US,4,11,Detour,"After the Detour, teams drove to UnderWater World in Mooloolaba, where they found their next clue."
US,4,11,Roadblock,"In this leg's Roadblock, one team member had to don scuba gear, walk through an aquarium filled with sharks and rays, and then retrieve their clue from a treasure chest on the aquarium floor."
US,4,11,Roadblock,"After the Roadblock, teams had to travel on foot to the Pit Stop: the Mooloolaba Yacht Club."
US,4,12,Detour,"This leg's Detour was a choice between Saddle or Paddle. In Saddle, teams had to search a stretch of beach on horseback to find one of four route markers, and then search a 25-yard (23 m) radius for a cluster of clue envelopes. However, only one cluster contained the correct clue, while the other three instructed them to try again. In Paddle, teams would have had to inflate a kayak using a hand pump, push the kayak into the ocean, and paddle to an orange buoy to retrieve their next clue. All teams chose Saddle."
US,4,12,Detour,"After the Detour, teams had to drive to Off Road Rush to find their next clue."
US,4,12,Roadblock,"In this leg's Roadblock, one team member had to drive a race buggy at high speeds through a seven-mile (11 km) course to receive their next clue, which directed them to the Pit Stop: Ellis Beach."
US,4,13,Detour,"This season's final Detour was a choice between Wing It or Wander It. In Wing It, teams had to skydive in tandem with an instructor to retrieve their next clue at the landing zone. In Wander It, teams would have driven to a mangrove forest, found a boat, and then navigated out of the forest to the skydive landing zone to retrieve their next clue. All teams chose Wing It."
US,4,13,Roadblock,"In this season's final Roadblock, one team member had to swim out to a floating tiki head and then dive down to retrieve a large stone from the ocean floor. They then had to carry it back to the beach and smash it open using an assortment of tools to find the clue inside."
US,4,13,Roadblock,"After the Roadblock, teams had to travel to Hawaii Volcanoes National Park, where they followed a path over a bed of volcanic rock to their next clue, which instructed them to fly to Phoenix, Arizona. Once there, teams had to find their next clue at the anchor of the USS Arizona at the Arizona Memorial. Teams were then instructed to travel to Sun Devil Stadium, where they had to solve a riddle to locate a specific seat where they found their final clue, which directed them to the finish line at Papago Park."
US,5,1,Detour,"This season's first Detour was a choice between Zips and Chips. In Zips, teams had to go to the roof of the Conrad Hotel, pull themselves across a zipline above the ground, and then take a second zipline 18 stories down to the hotel pool in order to retrieve their next clue. In Chips, teams had to play roulette in the hotel casino with 20 chips and received their next clue only if they won a game. If teams lost all of their chips, they had to do Zips."
US,5,1,Detour,"After the Detour, teams had to check in at the Pit Stop: Casapueblo in Punta Ballena."
US,5,2,Detour,"This leg's Detour was a choice between Perro and Tango. In Perro, teams had to walk eight dogs on a one-mile (1.6 km) course while using a provided map to navigate past a series of three checkpoints to the Floralis Genérica in order to receive their next clue. In Tango, teams had to travel to the Teatro Lola Membrives. Teams were given a photo of a tango dancer and had find the dancer who matched their photo in order to receive their next clue. If the teams gave the photo to the wrong dancer, they had to get a new picture and try again."
US,5,2,Detour,"After the Detour, teams had to travel by taxi or bus to La Estancia La Invernada in San Antonio de Areco to find their next clue."
US,5,2,Roadblock,"In this season's first Roadblock, one team member had to enter a corral and remove a bandana from the neck of one of the calves in order to receive their next clue."
US,5,2,Roadblock,"After the Roadblock, teams had to travel by horse-drawn carriage to the Pit Stop at La Porteña."
US,5,3,Roadblock,"In this leg's Roadblock, one team member had to bite through 11,000 chocolates until they found one of 20 with a white center in order to receive their next clue."
US,5,3,Roadblock,"After the Roadblock, teams had to drive to Villa Catedral and then take a gondola up Cerro Catedral in order to find their next clue."
US,5,3,Detour,"This leg's Detour was a choice between Smooth Sailing and Rough Riding. In Smooth Sailing, both team members had to paraglide in tandem with an instructor down to the base of the mountain in order to receive their next clue. In Rough Riding, teams would have had to ride a mountain bike down the mountain in order to receive their next clue. All teams chose Smooth Sailing."
US,5,3,Detour,"After the Detour, teams had to check in at the Pit Stop: Bahia Lopez in Río Negro."
US,5,4,Detour,"This leg's Detour was a choice between Block 5 Shots and Drink 1 Shot. In Block 5 Shots, teams had to travel to the SKA hockey rink, don ice hockey gear, and block five shots by professional hockey players in front of the goal in order to receive their next clue. In Drink 1 Shot, teams had to travel to Anichkov Palace, where they had to balance a shot glass of vodka on the blade of a saber and drink the vodka without dropping the glass in order to receive their next clue."
US,5,4,Detour,"After the Detour, teams had to find their next clue at the Bronze Horseman (Russian: Медный всадник) statue at Senate Square. Teams then had to travel to Old Tower Restaurant in Pushkin, where they found their next clue."
US,5,4,Roadblock,"In this leg's Roadblock, one team member had to eat one kilogram (2.2 lb) of caviar in order to receive their next clue."
US,5,4,Roadblock,"After the Roadblock, teams rode in a horse-drawn carriage to the Pit Stop at Catherine's Palace."
US,5,5,Fast Forward,"In this season's first Fast Forward, one team had to go to the Pharaonic Village and find a marked sarcophagus that they had to carry through the village, across the Nile River on a ferry, and to a temple on Qorsaya Island. Colin and Christie won the Fast Forward."
US,5,5,Fast Forward,Teams who did not attempt the Fast Forward had to travel to the Osiris Shaft in order to find their next clue.
US,5,5,Roadblock,"In this leg's Roadblock, one team member had to descend into the depths of the Osiris Shaft. There, they retrieved a satchel of puzzle pieces, which they had to carry back up to the surface and present to an Egyptologist in order to receive their next clue."
US,5,5,Roadblock,"After the Roadblock, teams had to assemble the puzzle pieces on top of the marked area of a map in order to figure out their next destination: the base of the Pyramid of Khafre."
US,5,5,Detour,"This leg's Detour was a choice between Rock & Roll and Hump & Ride. In Rock & Roll, teams had to use round logs to move a sled carrying two rocks weighing approximately 600 pounds (270 kg) across an area the length of a football field in order to receive their next clue. In Hump & Ride, teams had to pick a pair of horses to lead camels laden with carpets one mile (1.6 km) to a merchant in order to receive their next clue."
US,5,5,Detour,"After the Detour, teams had to check in at the Pit Stop: the Great Sphinx of Giza."
US,5,6,Detour,"This leg's Detour was a choice between Herd It and Haul It. In both tasks, teams had to travel on a traditional carriage known as a kalesh. In Herd It, teams had to travel to Banana Island and load ten goats onto a sailboat and deliver them to a shepherd on the other side of the Nile River in order to receive their next clue. In Haul It, teams traveled to Pigeon Farm, where they had to use an ancient device to lift water from the Nile to fill an urn. Teams then had to transport the urn by donkey to a farmhouse and fill a cistern in order to receive their next clue."
US,5,6,Detour,"After the Detour, teams had to travel to Habu Temple in order to find their next clue."
US,5,6,Roadblock,"In this leg's Roadblock, one team member had to use archeological tools to dig in the sand until they unearthed a scarab to receive their next clue, which directed them to the Pit Stop: Crocodile Island, along the Nile River."
US,5,6,Roadblock,"Phil came out to the Roadblock site after being informed that Marshall and Lance wanted to quit The Amazing Race, noting that it was the first time that any team had quit the race, and the first time that Phil had to come meet a team on the race course and not at the Pit Stop. After Marshall and Lance confirmed that they wanted to quit on account of Marshall's injured knees, Phil informed them that the other teams had already checked into the Pit Stop, and they would have been eliminated anyway."
US,5,7,Detour,"This leg's Detour was a choice between Buzzing and Busy. In Buzzing, teams would have had to travel by bicycle to a local honey farm, where they would have had to put on beekeeper suits and harvest two kilograms (4.4 lb) of honey from African hives in order to receive their next clue. In Busy, teams had to find Katongo Furniture, where they had to load two chairs onto a bicycle-driven cart. When they delivered the chairs to a specific address, they received a receipt, which they had to return to the shopkeeper in order to receive their clue. All teams chose Busy."
US,5,7,Detour,"After the Detour, teams had to travel to the Kavishe Hotel to find their next clue."
US,5,7,Roadblock,"In this leg's Roadblock, one team member had to cook and eat one ostrich egg in order to receive their next clue."
US,5,7,Roadblock,"After the Roadblock, teams had to travel to Lake Manyara National Park and ride a zipline across a gorge before they could check in at the nearby Pit Stop."
US,5,8,Detour,"This leg's Detour was a choice between Off Plane and Off Road. In Off Plane, teams had to travel to the Al Quwain Aero Club and tandem skydive with an instructor to a landing site in the Margham Dunes. When teams successfully landed, they received their next clue. Each plane could only carry one team and planes departed 45 minutes apart. In Off Road, teams had to travel directly to the Margham Dunes, where they had to drive a truck over a six-mile (9.7 km) course through the desert ending at the skydiving landing site. If teams got stuck in the sand, they had to radio for help and wait to be extricated."
US,5,8,Detour,"After the Detour, teams had to ride a camel and use a GPS navigation device to guide them to the Pit Stop."
US,5,9,Roadblock,"In this season's only other Fast Forward, one team would have had to travel to the Kripamayee Kali Temple, where both team members would have had to have their heads completely shaved in order to win the Fast Forward award. Brandon and Nicole traveled to the temple, but when they discovered what the task entailed, they changed their minds and returned to the Roadblock."
US,5,9,Fast Forward,Teams who did not attempt the Fast Forward had to travel to the Globe Brick Factory in order to find their next clue.
US,5,9,Roadblock,"In this leg's Roadblock, one team member had to use a mold to make 20 mud bricks to the satisfaction of the factory worker in order to receive their next clue."
US,5,9,Roadblock,"After the Roadblock, teams had to travel by train to the Sealdah railway station in Kolkata, where they found their next clue."
US,5,9,Detour,"This leg's Detour was a choice between Heavy but Short and Light but Long. In Heavy but Short, teams had to travel to Lansdowne Road and push a taxi 1⁄2 mile (0.80 km) to a local garage, where they received their next clue. In Light but Long, teams would have had to travel to a flower market, find a particular stall in order to receive a garland, and release it into the Ganges in order to receive their next clue. All teams chose Heavy but Short."
US,5,9,Detour,"After the Detour, teams had to check in at the Pit Stop: the Victoria Memorial."
US,5,10,Detour,"This leg's Detour was a choice between Clean and Dirty. In Clean, teams had to drive to Okere Falls and perform an adventure sport called river sledging on the Kaituna River. With the help of two guides, teams had to complete a one-mile (1.6 km) course with only a small board (a sledge) for protection. At the end of the course, the instructor gave them their next clue. In Dirty, teams had to travel to Hell's Gate and search within a bubbling mud pit for their next clue."
US,5,10,Detour,"After the Detour, teams had to drive to Matapara Farms in Paengaroa to find their next clue."
US,5,10,Roadblock,"In this leg's Roadblock, one team member had to inflate a Zorb, ride it down a hillside, and then walk it a short distance to cross the finish line at the bottom of the hill. Teams could then run to the Pit Stop."
US,5,11,Roadblock,"In this leg's Roadblock, one team member had to travel by boat to Auckland Harbour Bridge and climb a ladder to the girders beneath the roadway. From there, they had to walk along the girders to retrieve the clue on the other side, at which point they were then lowered to a waiting boat below."
US,5,11,Detour,"This leg's Detour was a choice between Plow and Fowl. In Plow, teams had to use an ox-drawn plow to till a muddy field until the plow caught on a buried rope attached to a hidden clue. In Fowl, teams would have had to herd 1,000 ducks from one pen to another in order to receive their next clue. All teams chose Plow."
US,5,11,Detour,"After the Detour, teams had to check in at the Pit Stop: the Coconut Palace in Pasay."
US,5,11,Detour,"At the Detour, Colin had a meltdown trying to direct the ox through the field, leading him to angrily scream, ""My ox is broken!"" This scene became one of the most memorable and iconic scenes in the history of The Amazing Race."
US,5,12,Roadblock,"In this season's final Roadblock, one team member had to climb the 150-foot (46 m) Lagen Wall using an ascender, retrieve their next clue, and then rappel back down."
US,5,12,Roadblock,"After the Roadblock, teams had to paddle a kayak to the Pit Stop on Lagen Island."
US,5,13,Detour,"This season's final Detour was a choice between Slide and Ride. In Slide, teams had to ride a luge through the Olympic luge course within 34 seconds in order to receive their next clue. In Ride, teams would have had to ride mountain bikes through a snow-covered Olympic slalom ski course within three minutes to receive their next clue. While Brandon and Nicole initially attempted Ride, they eventually switched to Slide."
US,5,13,Detour,"After the Detour, teams were instructed to fly to Dallas, Texas. Once there, teams had to go to the Fort Worth Stockyards. There, teams had to enter the giant maze and find a wooden box with their names on it, which contained a picture of the Canada Olympic Park. Using a provided key, they then had to take the picture, find their way out of the maze, and place it on the board. They then retrieved another key that unlocked the glass box on the board, which contained their final clue, which directed them to the finish line: Trammell Crow Park."
US,5,13,Roadblock,"In this season's final Roadblock, one team member had to build a First Nations teepee outside the Banff Springs Hotel. This task was unaired."
US,6,1,Detour,"This season's first Detour was a choice between Ice Climb or Ice Search. In Ice Climb, teams had to travel to the Hótel Skaftafell and climb the face of an ice wall to reach their next clue at the top. In Ice Search, teams had to travel to a nearby glacial lagoon and use a boat to search the lagoon with thousands of icebergs for an orange buoy with their next clue."
US,6,1,Detour,"After the Detour, teams had to check in at the Pit Stop: the Blue Lagoon in Grindavík."
US,6,2,Roadblock,"In this season's first Roadblock, one team member had to climb to the top of the ski jump and then ride a zipline to the bottom to receive their next clue."
US,6,2,Roadblock,"After the Roadblock, teams had to travel to the Viking village at Brandbu, where the ten teams were split into two groups and each group had to row a Viking ship across a fjord to their next clue. Teams were instructed to travel by train to Voss and then drive to a specific bridge, where they found their next clue."
US,6,2,Detour,"This leg's Detour was a choice between Endurance or Accuracy. In Endurance, teams had to roller ski down a 1.75-mile (2.82 km) course to receive their next clue. In Accuracy, teams had to complete three Viking games – kubbs, axe throwing, and archery – to receive their next clue."
US,6,2,Detour,"After the Detour, teams had to check in at the Pit Stop: the Nesheimstunet in Voss."
US,6,3,Detour,"This leg's Detour was a choice between Count It or Build It. In Count It, teams had to count the number of cooking pots, frying pans, and stuffed animals in three large bins and give the correct number to the supervisor to receive their next clue. In Build It, teams had to properly assemble a desk using all of the provided parts to receive their next clue."
US,6,3,Detour,"After the Detour, teams had to travel by train to Häggvik and then ride a tandem bicycle two miles (3.2 km) to Bögs Gård Farm to find their next clue."
US,6,3,Roadblock,"In this leg's Roadblock, one team member had to unroll and search through 270 hay bales until they found their next clue inside one of 20 bales."
US,6,3,Roadblock,"After the Roadblock, teams had to ride their tandem bicycle back to the train station, travel by train back to Stockholm, and then check in at the Pit Stop aboard the af Chapman, moored at Skeppsholmen."
US,6,3,Roadblock,"Lena spent over eight hours unrolling hay bales, but was never able to find a clue during the Roadblock. Two hours after all of the other teams had checked in at the Pit Stop, Phil came out to the farm to inform Lena and Kristy of their elimination."
US,6,4,Detour,"This leg's Detour was a choice between Stack 'Em Up or Pull 'Em Up. In Stack 'Em Up, teams had to carry baskets of fish to a drying table and properly stack enough fish to cover the table and receive their next clue. In Pull 'Em Up, teams had to use traditional fishing gear to catch four fish and then bring the fish to the shore, where they received their next clue."
US,6,4,Detour,"After the Detour, teams had to travel to the Lac Rose, where they found their next clue."
US,6,4,Roadblock,"In this leg's Roadblock, one team member had to use the tools provided to harvest enough salt from the bed of the lake and fill a 25-US-gallon (95 L) basket to receive their next clue."
US,6,4,Roadblock,"After the Roadblock, teams had to travel by ferry to Gorée Island and find the Pit Stop."
US,6,5,Detour,"This leg's Detour was a choice between Beer or Brats. In Beer, teams traveled to the Brauhaus Spandau, where each team member had to search the tables at the bar for five coasters bearing their teams' names and pictures. They then had to trade two full beer steins to the patron in exchange for each coaster. Once both team members collected five coasters, they received their next clue. In Brats, teams traveled to the Zitadelle, where they had to use a hand-operated sausage maker to create one rope of five bratwursts to receive their next clue."
US,6,5,Detour,"After the Detour, teams had to travel to Teufelsberg to find their next clue."
US,6,5,Roadblock,"In this leg's Roadblock, one team member had to climb to the top of Teufelsberg and complete a soap box derby course in 37 seconds or less to receive their next clue."
US,6,6,Roadblock,"In this leg's first Roadblock, one team member was strapped into a ""hot rocket bungee"" and launched 200 feet (61 m) into the air. After returning to the ground, they received their next clue."
US,6,6,Roadblock,"After the first Roadblock, teams had to fly to Budapest, Hungary. Once there, teams had to drive a Trabant 601 to Eger Castle, where they found their next clue."
US,6,6,Detour,"This leg's first Detour was a choice between Catapult Crash or Cannonball Run. In Catapult Crash, teams would have used a catapult to hurl a watermelon onto a wooden target and retrieve the clue hidden within. In Cannonball Run, teams had to push a cannon up a hill to the castle courtyard, and then carry 55 cannonballs and stack them into a pyramid before receiving their next clue. All teams chose Cannonball Run."
US,6,6,Detour,"After the first Detour, teams traveled by train back to Budapest and then traveled by taxi to the Net Klub Internet Kafé. Teams received their next clue via e-mail, which informed them that they were still racing."
US,6,6,Fast Forward,"For this season's first Fast Forward, one team had to travel to Buda Castle, descend through a labyrinth, and drink a goblet of pig's blood. Lori and Bolo won the Fast Forward."
US,6,6,Fast Forward,"Teams who did not attempt the Fast Forward had to travel by taxi to the Alfréd Hajós National Swimming Stadium, where they found their next clue."
US,6,6,Detour,"This leg's second Detour was a choice between Swim or Paddle. In Swim, teams had to play a game of water polo and score one goal against a Hungarian water polo player before receiving their next clue. In Paddle, teams had to inflate a raft with a hand pump, paddle across the Danube River to a flag on the other side, and retrieve their next clue."
US,6,6,Detour,"After the second Detour, teams had to travel to the Gundel Restaurant and find their next clue."
US,6,6,Roadblock,"In this leg's second Roadblock, one team member had to eat a 24-ounce (680 g) bowl of a traditional Hungarian spicy soup to receive their next clue."
US,6,6,Roadblock,"After the second Roadblock, teams had to travel to Point Zero, and then either take the funicular or walk to the Pit Stop: Fisherman's Bastion."
US,6,7,Fast Forward,"For this season's last Fast Forward, one team had to locate a harbor in Ajaccio, don old-style diving suits, and walk across the ocean floor to a lobster trap to retrieve the Fast Forward award. Adam and Rebecca won the Fast Forward."
US,6,7,Fast Forward,Teams who did not attempt the Fast Forward had to drive to Camp Raffalli in Calvi to find their next clue.
US,6,7,Detour,"This leg's Detour was a choice between Climb Up or Fly Behind. In Climb Up, teams had to use a mechanical ascender to climb a rock wall. Once at the top, teams had to find a French legionnaire officer, who gave them a medal, and then rappel back down to receive their next clue. In Fly Behind, teams had to choose a Zodiac boat and, with one member directing the pilot and the other trailing behind on a raft, search among 25 buoys for one with a clue attached."
US,6,7,Detour,"After the Detour, teams were instructed to travel to the Domaine 'Alzipratu Winery in Zilia, where they found their next clue."
US,6,7,Roadblock,"In this leg's Roadblock, one team member had to stomp on 55 pounds (25 kg) of grapes until they squeezed enough juice to fill five wine bottles, and then drink a glass of the squeezed juice, to receive their next clue, which directed them to the Pit Stop: La Pietra in L'Île-Rousse."
US,6,8,Detour,"This leg's Detour was a choice between Raise the Roof or Mud the Hut. In Raise the Roof, teams assisted a group of locals by carrying a roof 2⁄3 mile (1,100 m) and then placing it on top of a house. Once the roof was on, one team member had to place a jug on the roof to receive their next clue. In Mud the Hut, teams had to use a plaster made of dirt, water, and straw to cover an entire wall of a traditional Ethiopian house to receive their next clue."
US,6,8,Detour,"After the Detour, teams had to take two donkeys and deliver them to a farmer three miles (4.8 km) away to receive their next clue."
US,6,8,Roadblock,"In this leg's Roadblock, one team member had to enter the Church of Saint George, where they received a pendant from the head priest. They then had to search among hundreds of worshipers outside of the church for the one wearing the same pendant. They could trade the pendant for their next clue, which directed them to the nearby Pit Stop."
US,6,9,Detour,"This leg's Detour was a choice between Tree Trunks or Elephant Trunks. In Tree Trunks, teams traveled by tuk-tuk to a coconut plantation. There, each person had to climb to the top of a 50-foot (15 m) tree and retrieve a jug filled with tree sap, which they had to pour into a container to receive their next clue. In Elephant Trunks, teams traveled by tuk-tuk to an elephant polo field, where each team member had to ride an elephant down the length of the field, hitting a polo ball around a large pole and scoring a goal to receive their next clue."
US,6,9,Detour,"After the Detour, teams had to travel by bus to Kandy and then find the Kandyan Art Association, where they had to purchase an offering, which they could exchange at the nearby Temple of the Tooth for their next clue. Teams were instructed to travel by bus to Dambulla and then travel to Lion Rock in Sigiriya."
US,6,9,Roadblock,"In this leg's Roadblock, one team member had to ascend more than 1,000 steps to the top of Lion Rock. Once at the top, they had to use a pair of binoculars to look through the jungle for a flag near the pool at the Hotel Sigiriya. Once they located the hotel, teams had to proceed there and swim the length of the pool before checking in at the Pit Stop."
US,6,10,Roadblock,"In this leg's Roadblock, one team member had to wash a window on the exterior of the HuaXia Bank Tower until they revealed a hidden message. Once they could read the message, they had to lower themselves to the ground and repeat the message to the supervisor, who then handed them their next clue."
US,6,10,Detour,"This leg's Detour was a choice between Bricks or Ice. In Bricks, teams had to use a traditional device to transport 300 clay bricks off a barge while balancing on a narrow wooden plank. From there, they had to stack the bricks on a wooden pallet to receive their clue. In Ice, teams would have had to load two blocks of ice onto the back of flatbed tricycles and deliver them to a fish market four blocks away. Once there, they would have had to break them into smaller pieces and place them into a tub to receive their next clue. All teams chose Bricks."
US,6,10,Detour,"After the Detour, teams had to check in at the Pit Stop: the Peace Hotel South."
US,6,11,Detour,"This leg's Detour was a choice between Spray or Scroll. In Spray, teams traveled to a car factory and spray painted the shell of a Chinese-made car to receive their next clue. In Scroll, teams would have had to travel to Xi'an Tang Du Factory and search through ten bolts of fabric with a light table to find the two Chinese characters stamped within. All teams chose Spray."
US,6,11,Detour,"After the Detour, teams were instructed to travel to the Mausoleum of the First Qin Emperor, where they had to find the viewing platform of the Terracotta Army to locate their next clue. Teams were directed to the base of Mount Hua, where they had to travel by shuttle bus and gondola to the North Peak."
US,6,11,Roadblock,"In this leg's Roadblock, one team member had to search among 3,000 padlocks for the one that they could unlock using a provided key to receive their next clue, which directed them to the Pit Stop: the South Gate of the Xi'an City Wall."
US,6,12,Detour,"This season's final Detour was a choice between Outfits or Outriggers. In Outfits, teams had to drive to a tropical clothing distributor and search through racks filled with Aloha shirts for the match to one displayed on a mannequin to receive their next clue. In Outriggers, teams had to drive to a canoe club and, with the help of a provided assistant, paddle an outrigger canoe down a two-mile (3.2 km) course to receive their next clue."
US,6,12,Detour,"After the Detour, teams had to drive to Kamaka Air to find their next clue."
US,6,12,Roadblock,"In this season's final Roadblock, one team member had to tandem skydive with an instructor and land on a sandbar in Kaneohe Bay, where they retrieved their next clue."
US,6,12,Roadblock,"After the Roadblock, teams were instructed to fly to Chicago, Illinois. Once there, teams had to travel by train to the Chicago Water Tower to find their next clue. They were directed to Gino's East pizzeria, where each team member had to eat two slices of deep-dish pizza to receive their final clue, which directed them to the finish line: Ping Tom Memorial Park."
US,7,1,Detour,"This season's first Detour was a choice between Rope a Llama or Rope a Basket. In Rope a Llama, teams had to rope two llamas and lead them to a nearby pen. In Rope a Basket, each team member had to carry a 35-pound (16 kg) basket of alfalfa two-thirds of a mile (1.1 km) to a store."
US,7,1,Detour,"After the Detour, teams went to the Huambutio Police Station and boarded delivery trucks, which departed every 20 minutes and could transport no more than three teams per truck. When the trucks arrived in Písac, teams had to search the local market to find their next clue, which directed them to the Pit Stop: the Convento de la Merced in Cusco."
US,7,2,Roadblock,"In this season's first Roadblock, one team member had to work as a shoeshiner and polish five pairs of shoes on the street for a fee of one Peruvian sol per pair. After earning five sols, racers had to find their partner at the shoeshine union headquarters in order to receive their next clue."
US,7,2,Roadblock,"Based on the order that team members finished the Roadblock, teams were given plane tickets for one of two flights to Santiago, Chile, each of which carried five teams and departed forty-five minutes apart. Once in Santiago, teams had to travel to San Cristóbal Hill and ride the funicular to the statue of Virgin Mary in order to find their next clue."
US,7,2,Detour,"This leg's Detour was a choice between Shop or Schlep. In Shop, teams had to travel to the Mercado Central and find the Donde Augusto restaurant, where the chef gave them a shopping list. Teams then had to buy the proper quantities of five ingredients on the list. In Schlep, teams had to travel to the Libreria Chilena, load 180 books onto a hand truck, deliver the books eight blocks to the Library of Congress of Chile, and then place the books on a designated shelf."
US,7,2,Detour,"After the Detour, teams had to check in at the Pit Stop: the Neptune Fountain at Cerro Santa Lucía."
US,7,3,Detour,"This leg's Detour was a choice between Paddle or Pedal. In Paddle, teams had to raft seven miles (11 km) down the Mendoza River. In Pedal, teams had to pedal mountain bikes seven miles (11 km) down a railroad track."
US,7,3,Detour,"After the Detour, teams had to drive to Camping Suizo in El Challao in order to find their next clue."
US,7,3,Roadblock,"In this leg's Roadblock, one team member had to eat a four-pound (1.8 kg) traditional Argentine feast consisting of cow ribs, pork sausage, blood sausage, cow intestines, udder, kidney, and part of a cow's salivary gland in order to receive their next clue directing them to the Pit Stop: the Estancia San Isidro."
US,7,3,Roadblock,"Rob and Amber, Ray and Deana, and Meredith and Gretchen incurred four-hour penalties each because Rob, Deana, and Meredith chose to quit the Roadblock."
US,7,4,Roadblock,"In this leg's Roadblock, one team member had to complete a traditional gaucho challenge by riding a horse through a barrel racing course and then use a stick to spear a ring within 40 seconds in order to receive their next clue."
US,7,4,Roadblock,"After the Roadblock, teams had to drive to the Mendoza Airport and take one of two flights departing five hours apart to Buenos Aires. Once there, teams had to travel to the English Clock Tower in the Plaza de la Fuerza Aérea and find a man in a raincoat with their next clue. Teams were then instructed to travel by train to Tigre and search the docks for their next clue."
US,7,4,Detour,"This leg's Detour was a choice between Shipwreck or Island. In Shipwreck, teams had to find an abandoned ship within a seven-square-mile (18 km2) area, using only a 30-year-old picture as a reference. In Island, teams had to use a map to travel four miles (6.4 km) up the San Antonio River and find an island."
US,7,4,Detour,"After the Detour, teams had to check in at the Pit Stop: La Martina Polo Ranch in Vicente Casares."
US,7,5,Fast Forward,"This season's first Fast Forward required one team to go to the Orlando Power Station in Soweto. There, they had to walk across one of the cooling towers on a suspension bridge 30 stories above the ground. Ray and Deana won the Fast Forward."
US,7,5,Detour,"This leg's Detour was a choice between Tunnels or Tribes. In Tunnels, teams drove to Wild Cave Adventures in Krugersdorp, where they had to rappel 45 feet (14 m) into a dark cave and search for their next clue. In Tribes, teams drove to the Lesedi Cultural Village in Broederstroom, where they found five objects and had to deliver the correct item to each of the village's five tribes. For each correct item delivered, a chief gave them a necklace. Once teams had all five necklaces, they could exchange them for their next clue."
US,7,5,Detour,"After the Detour, teams had to drive to the Baragwanath Market in Soweto in order to find their next clue."
US,7,5,Roadblock,"In this leg's Roadblock, one team member had to search the market and purchase five items from vendors in order to receive their next clue."
US,7,5,Roadblock,"After the Roadblock, teams had to deliver their purchased items to the Orlando Children's Home in order to receive their next clue, which directed them to the Pit Stop: the Soweto Overlook on Ngakane Street."
US,7,6,Roadblock,"In this leg's Roadblock, one team member had to complete a traditional bushman hunting exercise by throwing a spear 20 feet (6.1 m) into a swinging bag to receive their next clue."
US,7,6,Roadblock,"After the Roadblock, teams had to drive themselves along a marked road to a cattle post at Xau Xarra, where they found their next clue."
US,7,6,Detour,"This leg's Detour was a choice between Food or Water. In Food, teams had to use two sticks and a wooden container called a kika to pound enough corn into powder so as to fill a basket. In Water, teams had to fill 12 ostrich egg shells with water from an underground spring using reed straws and then bury them."
US,7,6,Detour,"After the Detour, teams had to drive themselves along a marked road to the Makgadikgadi Pans on the edge of the Kalahari Desert in order to find the Pit Stop."
US,7,7,Detour,"This leg's Detour was a choice between Carry It or Milk It. In Carry It, each team member had to carry three items on their heads (a bucket of water, a basket of corn, and a bundle of wood) to a cooking area 70 yards (64 m) away without using their hands. In Milk It, teams had to select up to four goats from a pen and milk them until they filled a 10-US-fluid-ounce (300 ml) cup."
US,7,7,Detour,"After the Detour, teams had to drive to a marked crossing at the Khwai River in order to find their next clue."
US,7,7,Roadblock,"In this leg's Roadblock, one team member had to drive their vehicle across a crocodile-inhabited crossing of the Khwai River. They then had to choose a marked path by removing a flagged post and use their vehicle to remove two trees felled by elephants before retrieving their next clue at the end of the path. Teams could then drive to the Pit Stop: the Khwai River Lodge."
US,7,8,Roadblock,"In this leg's first Roadblock, one team member had to search among 600 metal boxes in the emporium for one of ten which contained their next clue."
US,7,8,Roadblock,"After the first Roadblock, teams had to travel by cycle rickshaw to Indane Bhushan Gas Service to find their next clue."
US,7,8,Detour,"This leg's first Detour was a choice between Solid or Liquid. In Solid, teams traveled to Mehrotra Coal Depot, where they had to break up 175 pounds (79 kg) of coal, load it onto flatbed tricycles, and then deliver it to K.K. Jaiswal Charcoal Merchants. In Liquid, teams traveled to the Sharma Tea Corner, where they chose a tea cart and pushed it to a three-story office building, where they had to find five people from a list of ten and exchange cups of tea for their business cards. When they received five business cards, teams had to return the carts to the tea shop and exchange the cards with the owner for their next clue."
US,7,8,Detour,"After the first Detour, teams had to travel to the rooftop of the Charbagh Multistory Flats. There, teams met Phil, who told them that the leg was not over before handing them their next clue."
US,7,8,Fast Forward,This season's second Fast Forward required one team to have their heads completely shaved at the Kailashoham Gaure Shwar Mahadev Mandir on Kaylana Lake. Uchenna and Joyce won the Fast Forward.
US,7,8,Detour,"This leg's second Detour was a choice between Trunk or Dunk. In Trunk, teams had to travel to Panna Niwas and then push a 600-pound (270 kg) teak elephant 1⁄2 mile (0.80 km) through the streets to the Shri Kunj Bihari Temple, where they received their next clue. In Dunk, teams would have had to travel to a dyeing house and dye 25 sheets of fabric until they found the one imprinted with their next clue. All teams chose Trunk."
US,7,8,Detour,"After the Detour, teams had to travel to Deora Krishi Farm in order to find their next clue."
US,7,8,Roadblock,"In this leg's second Roadblock, one team member had to complete two laps in a camel-driven cart in order to receive their next clue directing them to the Pit Stop: Jaswant Thada."
US,7,9,Detour,"This leg's Detour was a choice between Columns or Kilos. In Columns, teams traveled to the Binbirdirek Cistern and had to use a map with coordinates to find four columns, each of which had a number for the combination needed to open a padlocked box which contained their next clue. In Kilos, teams had to travel to the Yeni Mosque and find a man with a box of scales. Using one of the scales, teams had to weigh enough people on the street until they reached a total of 2,500 kilograms (5,500 lb). When they were finished, teams had to return their scale and show their weights in order to receive their next clue."
US,7,9,Detour,"After the Detour, teams had to travel to Rumeli Hisarı in order to find their next clue."
US,7,9,Roadblock,"In this leg's Roadblock, one team member had to climb a 25-foot (7.6 m) ladder up the side of Halil Paşa Kulesi. There, they had to climb to the top of a tower to retrieve a key and then rappel down the side of Sarlica Paşa Kulesi. At the bottom, they had to use the key to open a book which contained their next clue. They were instructed to have the guard open the gate in order to allow their partner to enter the castle and then search the grounds for the Pit Stop."
US,7,10,Detour,"This leg's Detour was a choice between Brains or Brawn. In Brains, teams took the London Underground and solved a series of three riddles: (1) exchange a luggage tag from the baggage storage in Waterloo station for their first item (a magnifying glass); (2) find the three naked men of Hammersmith – a statue in the Hammersmith tube station – for their second item (a pipe and tobacco); and (3) find the Baker Street tube station for their third item (a deerstalker hat). At 221B Baker Street, home of the Sherlock Holmes Museum, teams exchanged the items with Sherlock Holmes for their next clue. In Brawn, teams had to travel to Battersea Park and transport five 160-pound (73 kg) boats from a lake to the storage area 500 yards (460 m) away."
US,7,10,Detour,"After the Detour, teams had to travel to the Millennium Dome in order to find their next clue."
US,7,10,Roadblock,"In this leg's Roadblock, one team member had to drive a double-decker bus through a marked course and then park the bus in the designated parking area in order to receive their next clue, which directed them to the Pit Stop: Potters Fields Park."
US,7,11,Roadblock,"In this leg's Roadblock, one team member had to do the limbo in order to determine at what time the next morning they could start the next task. For every level they achieved, they earned an additional 15 minutes. After eight attempts at the limbo, teams received their next clue instructing them to spend the night and then depart Frenchman's Cove the next morning."
US,7,11,Detour,"This leg's Detour was a choice between Raft It or Build It. In Raft It, teams would have traveled eight miles (13 km) down the Rio Grande on a bamboo raft with only a pole to steer. In Build It, teams had to build a bamboo raft using the provided tools and then paddle across the Rio Grande to find their next clue at the top of a hill. All teams chose Build It."
US,7,11,Detour,"After the Detour, teams had to check in at the Pit Stop: Round Hill in Hopewell."
US,7,12,Detour,"This season's final Detour was a choice between Pony Up or Tee It Up. In Pony Up, teams would have had to ride a horse into the ocean and then hang onto its tail as it went around buoys and returned to shore. In Tee It Up, teams had to go to the driving range, where one team member had to hit a golf ball onto the 16-foot (4.9 m) green 140 yards (130 m) away. All teams chose Tee It Up."
US,7,12,Detour,"After the Detour, teams were instructed to fly to San Juan, Puerto Rico. Once there, teams had to drive to the Castillo San Felipe del Morro in order to find their next clue. From there, teams drove to an abandoned sugar refinery in Aguadilla, where they found their next clue."
US,7,12,Roadblock,"In this season's final Roadblock, one team member had to jump 30 feet (9.1 m) off of a pier, swim 90 yards (82 m) to a buoy that held their next clue, and then board a boat that returned them back to shore."
US,7,12,Roadblock,"After the Roadblock, teams were instructed to fly to Miami, Florida. Once there, teams had to travel by taxi to their next clue beneath the Rickenbacker Causeway. Teams then had to travel to Little Havana and find ""The King of the Havanas"", which they had to figure was a cigar shop known as El Rey de los Habanos, in order to receive their final clue directing them to the finish line: the Bonnet House in Fort Lauderdale."
US,8,1,Detour,"This season's first Detour was a choice between Build It or Buggy It. In Build It, teams had to use a set of provided materials to construct a functioning scale model of a watermill and then use two buckets of water to power the mill and receive their next clue. In Buggy It, two members from each team had to pull a traditional Amish buggy along a 1.5-mile (2.4 km) course while the other two rode inside to receive their next clue."
US,8,1,Detour,"After the Detour, teams had to check in at the Pit Stop: the Rohrer Family Farm in Lancaster, Pennsylvania."
US,8,2,Roadblock,"In this season's first Roadblock, one team member had to search for one of ten spies among 50 people carrying an identical briefcase around the Tidal Basin. To identify the spy, they had to whisper a code phrase (""The sky is blue""), but only a spy would respond with the counterphrase (""The sea is green""). After swapping briefcases, racers found their next clue inside, which directed teams to drive to the Welbourne Manor in Middleburg, Virginia."
US,8,2,Detour,"This leg's Detour at an American Civil War reenactment was a choice between Heat of the Battle or Heat of the Night. In Heat of the Battle, teams had to transport five ""wounded soldiers"" to a surgical tent using stretchers. In Heat of the Night, teams had to roll a barrel of oil to a workstation, fill 20 oil lamps, bring them to the quartermaster, and light them all."
US,8,2,Detour,"After the Detour, teams were given a Civil War regimental flag and had to bring to the nearby Pit Stop."
US,8,2,Roadblock,The briefcase swap Roadblock was later revisited on season 22 as a Switchback.
US,8,3,Detour,"This leg's Detour was a choice between Forrest Gump or Muddy Waters. In Forrest Gump, teams had to drive 7 miles (11 km) to the Wando Shrimp Company in Mount Pleasant, board a shrimp boat, and de-head 200 pounds (91 kg) of shrimp by hand to receive their next clue. In Muddy Waters, teams had to drive 37 miles (60 km) to Ridgeville, find the Ridgeville Mud Run, and drive an SUV one lap through a 400-foot (120 m) gully filled with mud to receive their next clue. If teams got stuck, they had to wait to be towed out before beginning the course again."
US,8,3,Detour,"After the Detour, teams had find the Charleston Visitor Center and sign-up for one of two charter buses to a mystery destination (Huntsville, Alabama). At the city's bus station, teams found their next clue and were instructed to drive to the Edward O. Buckbee Hangar at the U.S. Space & Rocket Center, which had their next clue."
US,8,3,Roadblock,"In this leg's Roadblock, two team members had to ride in a centrifuge and endure a gravitational pull of 3.2g to receive their next clue."
US,8,3,Roadblock,"After the Roadblock, teams had to walk almost one mile (1.6 km) to the nearby Rocket Park and log into a computer to receive a video clue from Phil, who instructed them to travel on foot to the Pit Stop: the Space Shuttle Pathfinder."
US,8,4,Detour,"This leg's Detour was a choice between Work or Play. In Work, teams had to don flannel clothing and then cut four slices 12 inches (30 cm) in diameter off a log using a two-man saw to receive their next clue. In Play, teams had to don traditional New Orleans clothing and travel by canoe to a riverboat, where they had to win three rounds of blackjack against a professional dealer to receive their next clue."
US,8,4,Detour,"After the Detour, teams had to drive to New Orleans and check in at the Pit Stop: Preservation Hall in the French Quarter."
US,8,5,Fast Forward,"For this season's only Fast Forward, one team had to find a crane at the Pacific side of the Panama Canal in Balboa. There, the family had to split into pairs and each perform a tandem bungee jump. The Paolo Family won the Fast Forward."
US,8,5,Detour,"This leg's Detour was a choice between Rhythm or Coos. In Rhythm, teams had to travel to Casco Viejo and collect four musical instruments from four locations: a saxophone, a trumpet, a conga drum, and a trombone. They then had to deliver them to Take Five Jazz and Wine, where they received their next clue. In Coos, teams traveled to El Parque Metropolitan, where they had to use binoculars to search the rainforest canopy for wooden replicas of five local bird species shown on a provided bird identification chart and circle the correct species on the chart to receive their next clue."
US,8,5,Detour,"After the Detour, teams had to travel to the Estadio Juan Demóstenes Arosemena and find their next clue."
US,8,5,Roadblock,"In this leg's Roadblock, one team member had to play baseball against a local little-league champion. If they got a base hit or home run, the umpire gave them their next clue, but if a player failed after three pitches, they had to go to the end of the line before trying again."
US,8,5,Roadblock,"After the Roadblock, teams had to check in at the Pit Stop: the Miraflores Locks of the Panama Canal."
US,8,6,Roadblock,"In this leg's Roadblock, one team member had to search through an 800-pound (360 kg) pile of coffee beans for the one red bean, which they could exchange for their next clue."
US,8,6,Roadblock,"After the Roadblock, teams had to drive to the Roca Loca Surf Shop in Jacó and find a man named Javier, who had their next clue."
US,8,6,Detour,"This leg's Detour was a choice between Relic or Ripe. In Relic, teams traveled to Rainmaker Park, where they had to search for four Mayan relics and deliver them to an archaeologist in exchange for their next clue. In Ripe, teams traveled to the Frutas Selectas del Tropico banana plantation, where they had to gather fifteen bushels of bananas and load them onto hanging tracks. Teams then had to use a local pulley-system to haul the bananas to the distribution center to receive their next clue."
US,8,6,Detour,"After the Detour, teams had to check in at the Pit Stop: the Malecon in Quepos."
US,8,7,Detour,"This leg's Detour was a choice between Brush or Barrel. In Brush, teams had to travel to Taller Eloy Alfaro in Sarchí. Once there, they had to choose two partially painted cartwheels and paint the missing sections to receive their clue. In Barrel, teams traveled to a sugarcane factory, where they had to load a tractor with one tonne (0.98 long tons; 1.1 short tons) of harvested sugarcane and then transport it six miles (9.7 km) to a rum factory. Once the sugarcane was delivered, they had to search a warehouse to find a marked barrel-rack hidden among dozens of rum barrels with their next clue."
US,8,7,Detour,"After the Detour, teams were instructed to fly to Phoenix, Arizona. Once there, teams had to drive to the Bondurant SuperKart School in Chandler and find their next clue."
US,8,7,Roadblock,"In this leg's Roadblock, one team member had to drive a racing go-kart for 50 laps around the race track to receive their next clue directing them to the Pit Stop: Fort McDowell Adventures in Fort McDowell."
US,8,8,Roadblock,"In this leg's Roadblock, one team member had to fly in a fighter plane and, following the pilot's direction, perform a 360-degree loop to receive their next clue."
US,8,8,Roadblock,"After the Roadblock, teams had to drive to the Grand Canyon and find their next clue at Lipan Point. Teams then had to drive to the Glen Canyon Dam and choose a guide, who took them to their next clue atop the dam."
US,8,8,Detour,"This leg's Detour was a choice between Bearing or Bailing. For both Detours options, teams traveled by motorized raft to Horseshoe Bend along the Colorado River. In Bearing, teams had to choose one of five color-coded cards with unique compass bearings. They then followed the bearing to the next card and repeated the process until they obtained four cards that they could exchange them for the next clue. In Bailing, teams had to use the provided tools to bail water out of a submerged boat until it was light enough to carry ashore, after which, teams received their next clue."
US,8,8,Detour,"After the Detour, teams were directed to Antelope Point, where they headed down a path to Lake Powell and raced on motorboats to the Pit Stop: a marked houseboat."
US,8,9,Detour,"This leg's Detour was a choice between Ride Down or Drop Down. In Ride Down, teams had to ride bicycles along a six-mile (9.7 km) course down the mountain and then to Bull Canyon in order to retrieve their next clue. In Drop Down, teams had to complete a two-stage rappel, totaling 270 feet (82 m), to reach Bull Canyon and their next clue."
US,8,9,Detour,"After the Detour, teams drove to Green River State Park in Green River for an overnight rest. Teams' departure times were determined by the order of their arrival. The next day, teams had to drive to Heber City and find Bart the Bear, who had the next clue in his mouth. Teams were then directed to the Utah Olympic Park in Park City."
US,8,9,Roadblock,"In this leg's Roadblock, one team member had to put on skis and descend a 60-foot (18 m) ski-jump training ramp into an Olympic pool to receive their next clue directing them to the Pit Stop: the rooftop of the Salt Lake City Public Library in Salt Lake City."
US,8,10,Detour,"This leg's first Detour was a choice between Spike It or Steam It. In Spike It, teams used historic materials and tools to complete a 20-foot (6.1 m) section of railway track before receiving their next clue. In Steam It, teams used buckets to fill the tender of a steam locomotive with nearly 400 pounds (180 kg) of coal to receive their next clue."
US,8,10,Detour,"After the first Detour, teams had to drive to the Tree of Utah sculpture at the Bonneville Salt Flats and search for their next clue. Teams then drove to Bear Lake Rendezvous Beach in Garden City, where they had to spend the night. Teams' departure times were determined by the order of their arrival. The next morning, teams had to drive to the Dunham Ranch in Big Piney, Wyoming, where they found their next clue."
US,8,10,Roadblock,"In this leg's first Roadblock, two team members had to mount horses and herd six cattle 1⁄4 mile (0.40 km) from a holding pen into a corral to receive their next clue."
US,8,10,Roadblock,"After the first Roadblock, the teams' clue stated ""I'm old, I'm faithful"". Teams had to figure out that their next location was Old Faithful at Yellowstone National Park. Teams had to wait for the geyser to erupt before receiving their next clue, which instructed teams to drive to the Pinto Ranch in Moran. There, teams met Phil, who told them that the leg was not over before handing them their next clue."
US,8,10,Detour,"This leg's second Detour was a choice between Pioneer Spirit or Native Tradition. In Pioneer Spirit, teams had to attach four wheels to a covered wagon, hook up a team of horses, and drive along a one-quarter-mile (0.40 km) course to receive their next clue. In Native Tradition, teams had to use traditional materials and tools to build a teepee to receive their next clue."
US,8,10,Detour,"After the second Detour, teams were given the clue ""Do you know the hotel named after Buffalo Bill's daughter?"" Teams had to figure out that they needed to go to the Irma Hotel in Cody, where they had to don period clothing and take a picture with a Buffalo Bill impersonator. Once the photo was developed, teams received their next clue, which directed them to drive to Red Lodge, Montana. At the Red Lodge Mountain Golf Course, teams had to find the ""Tenth Tee"" to retrieve their next clue."
US,8,10,Roadblock,"In this leg's second Roadblock, two team members had to choose a colored flag and attach it to a golf cart. They then had to search the golf course for balls the same color as their flag, which they could exchange for their next clue directing them to the Pit Stop: Larry Arnold's Green Meadow Ranch in Absarokee, Montana."
US,8,11,Detour,"This leg's first Detour was a choice between Slide It or Roll It. In Slide It, teams traveled to Glenfinnan Rink at McGill University and participated in the sport of curling. Each team member had to slid a granite stone 120 feet (37 m) down the ice into target to receive their next clue. In Roll It, teams traveled to Morgan Arboretum and had to use lumberjack tools to roll four wooden logs along the 100-foot (30 m) course to receive their next clue."
US,8,11,Detour,"After the first Detour, teams had to find the American Pavilion of Expo 67, which they had to figure out was the Montreal Biosphere. Once there, teams had to climb to the 5th floor to find their next clue, which directed them to Trapezium."
US,8,11,Roadblock,"In this leg's first Roadblock, one team member had to successfully complete a flying trapeze maneuver known as a ""catch"" to receive their clue."
US,8,11,Roadblock,"After the first Roadblock, teams had to travel to the Parc Olympique, drive a golf cart to the Stade Olympique, and then find the one door wide enough to drive through. Once inside the stadium, teams had to search among the 56,000 stadium seats for tickets on one of three charter flights departing the next morning to a mystery destination (Toronto). After teams found their departure times, they spent the night in the stadium."
US,8,11,Detour,"This season's final Detour was a choice between Ship or Shoe. In Ship, teams had to sail across Toronto Harbour from Queens Quay to the schooner Kajama, where one team member had to climb 100 feet (30 m) to the top of the mast and retrieve a nautical flag that they could exchange for their next clue. In Shoe, teams traveled to Bata Shoe Museum, where they had to choose a pair of shoes and search among 100 women for the one woman who fit the shoes to receive their next clue."
US,8,11,Detour,"After the second Detour, teams had to Whirlpool Jet Boat Tours on the Canadian side of Niagara Gorge and ride a jet boat up the Niagara Gorge to a buoy with their next clue. Teams then had to travel by boat to Joseph Davis State Park in Lewiston, New York, to find their next clue."
US,8,11,Roadblock,"In this season's final Roadblock, one team member had to assemble a giant 71-piece jigsaw puzzle map of North America and Central America. Once the puzzle was complete, teams could proceed to the nearby finish line."
US,8,11,Roadblock,"After the season ended, CBS hosted the ""Final Amazing Challenge"" on the official website where the Bransen and Weaver families competed for a GMC Yukon XL. Using the completed map from the final Roadblock, teams ran out to clue boxes to retrieve cutouts, each representing tasks they performed on the race, and placed them on the associated part of the map. This challenge was won by the Bransen Family."
US,9,1,Detour,"This season's first Detour was a choice between Motor Head or Rotor Head. In Motor Head, teams had to travel to a motorcycle shop and assemble a motorcycle using the parts provided along with a finished model for reference. When the motorcycle was properly assembled and the mechanic could start the bike, teams received their next clue. In Rotor Head, teams had to travel to Campo de Marte Airport, where they had to use a flight directory to locate one of three buildings from a helicopter; each location varied in distance with only a limited number of tickets provided for each. Once teams found their destination, the pilot landed the helicopter on the rooftop of that building so that teams could search a designated area for their next clue."
US,9,1,Detour,"After the Detour, teams had to find a sanctuary on Rua Federico Abranches and light a candle as part of a traditional ceremony known as Candomblé in order to receive their next clue, which directed them to the Pit Stop at the Estádio Municipal Paulo Machado de Carvalho."
US,9,1,Detour,"After the Detour, the clue instructed teams to travel to the district of Santa Cecília and find the Vavá store to purchase the white candle they were later shown lighting in the sanctuary; this portion of the task was unaired."
US,9,2,Roadblock,"In this season's first Roadblock, one team member had to climb one of three stairwells on the building's fire escape. Once at the top, they had to put on a harness and rappel 400 feet (120 m) down the building in order to receive their next clue."
US,9,2,Roadblock,"After the Roadblock, teams traveled to the Terminal Rodoviário Barra Funda and had to find tickets for one of three charter buses leaving the next day to Brotas. Once there, teams had to search the bus terminal for a marked car with their next clue."
US,9,2,Detour,"This leg's Detour was a choice between Press It or Climb It. In Press It, teams had to drive to Camping Bela Vista to process raw sugar cane and distill its juice. Teams then had to make 500 milliliters of ethanol to fuel their cars as an alternative fuel source. After completing the task, teams received their next clue. In Climb It, teams had to drive to Usina Jacaré and hike to a nearby waterfall. Once there, they climbed 90 feet (27 m) to the top of the waterfall using mechanical ascenders in order to receive their next clue."
US,9,2,Detour,"After the Detour, teams had to check in at the Pit Stop: the Fazenda Primavera da Serra coffee plantation."
US,9,3,Roadblock,"In this leg's first Roadblock, one team member had to put on a swimsuit, dive off a 10-metre (33 ft) diving platform into the pool below, and then swim to retrieve their next clue."
US,9,3,Roadblock,"After the first Roadblock, teams had to travel to the Novodevichiy Monastery and locate the Smolensky Cathedral to find their next clue."
US,9,3,Detour,"This leg's first Detour was a choice between Scrub or Scour. In Scrub, teams had to travel to a trolleybus depot and thoroughly wash a Russian public trolleybus inside and out to the satisfaction of the attendant in order to receive their next clue. In Scour, teams had to travel to the Dubrovka Theatre to search among 1,500 Russian nesting dolls to find one of ten with a microscopic clue hidden inside."
US,9,3,Detour,"After the first Detour, teams had to travel to Red Square and then search behind Saint Basil's Cathedral for Phil, who told them that the leg was not over before handing them their next clue."
US,9,3,Roadblock,"In this leg's second Roadblock, one team member had to search among 150 hats and feet scattered across a large field for one of eleven hidden Travelocity Roaming Gnomes, which had their next clue printed on its base."
US,9,3,Roadblock,"After the second Roadblock, teams had to drive to Grünwald and find their next clue at the gate of Bavaria Film Studios."
US,9,3,Detour,"This leg's second Detour was a choice between Break It or Slap It. In Break It, teams broke stunt bottles over each other's heads until they found Prost (the German word for cheers) written on the back of the label in order to receive their next clue. However, they could only smash one bottle per cuckoo from a traditional German cuckoo clock. In Slap It, teams had to correctly perform a traditional Schuhplattler dance in order to receive their next clue."
US,9,3,Detour,"After the second Detour, teams had to drive to Munich and check in at the Pit Stop: the Siegestor."
US,9,4,Detour,"This leg's Detour was a choice between Foundry or Laundry. In Foundry, teams had to walk to a nearby foundry to pick up a 110-pound (50 kg) iron-cast bell. Teams then had to load the bell onto an Ape, drive to Via Don Leonardo Zangara, and deliver the bell to a priest at Chiesa Maria SS. Del Soccorso in order to receive their next clue. In Laundry, teams had to search through over 2,400 pieces of laundry for one of sixteen pieces of clothing bearing a red and yellow tag, which they could exchange for their next clue."
US,9,4,Detour,"After the Detour, teams had to drive to Calatafimi-Segesta and find their next clue at the amphitheater."
US,9,4,Roadblock,"In this leg's Roadblock, one team member had to correctly piece together a classical Greek statue in order to receive their next clue."
US,9,4,Roadblock,"After the Roadblock, teams had to travel on foot to the nearby Tempio di Segesta to check in at the Pit Stop."
US,9,5,Detour,"This leg's Detour was a choice between Big Fish or Little Fish. In Big Fish, teams had to travel on foot to a street vendor in Via Alessi, pick up a 30-pound swordfish, and then carry it another 1⁄3 mile (0.54 km) to Il Mercato Storico la Pescheria. At the market, teams had to find the fish vendor and exchange their swordfish for their next clue. In Little Fish, teams had to travel on foot to the same fish market and sell 4 kilograms (8.8 lb) of a small fish known as triglia in order to receive their next clue."
US,9,5,Detour,"After the Detour, teams had to drive to the Ponte Umbertino in Syracuse to find their next clue."
US,9,5,Roadblock,"In this leg's Roadblock, one team member had to participate in kayak polo. They had to join a professional team and participate in an ongoing match. When racers scored one goal, they could receive their next clue directing them to the Pit Stop: the Fonte Aretusa in Syracuse."
US,9,6,Fast Forward,This season's first Fast Forward required one team to travel on foot to Stamatopoulos Taverna in Athens and smash plates. Teams had to find a route marker flag baked into only one out of hundreds of plates. Eric and Jeremy won the Fast Forward.
US,9,6,Fast Forward,Teams who chose to not attempt the Fast Forward had to travel by train from Athens and disembark at the Isthmos railway station in Corinth in order to find their next clue.
US,9,6,Roadblock,"In this leg's Roadblock, one team member had to bungee jump 240 feet (73 m) into the Corinth Canal in order to receive their next clue."
US,9,6,Detour,"For this Ancient Greek-inspired Detour, teams drove to the Ancient Stadium in Nemea and had to choose between either Herculean Effort or It's All Greek To Me. In Herculean Effort, teams had to complete three events from the Ancient Olympic Games. One team member had to throw the discus, the other team member had to do the javelin throw, and both team members had to participate in Greco-Roman wrestling and push an opponent out of a 20-foot (6.1 m) circle in order to receive their next clue. In It's All Greek To Me, teams entered an archaeological site and searched for nine pieces of pottery containing Greek letters. Teams then had to translate the letters from Greek to English and unscramble them to spell out a location on a Greek map – Dimitsana (Δημητσανα) – in order to receive their next clue."
US,9,6,Detour,"After the Detour, teams had to check in at the Pit Stop: the Fortress of Rio, overlooking the Rio–Antirrio Bridge, in Rio."
US,9,7,Detour,"This leg's Detour was a choice between Camel or Watchtower. In Camel, teams had to travel by ferry across a creek, where they had to lift a camel into a truck using a winch. They then had to use a map to drive one mile (1.6 km) to a Bedouin camp and deliver the camel in order to receive their next clue. In Watchtower, teams had to cross the river and search three watchtowers for an Arabian message box scroll, although not every watchtower had a scroll. After they found it, they had to travel one mile (1.6 km) to Al-Sayegh Gold and Silversmith and exchange their scroll for their next clue."
US,9,7,Detour,"After the Detour, teams had to drive to the shuwa area in Al Hawiyah in order to find their next clue."
US,9,7,Roadblock,"In this leg's Roadblock, one team member had to dig into 117 sand dunes until they found one of six Omani underground ovens with a shuwa, a woven pouch with a meal of lamb wrapped in a dried palm leaf bag and steamed in the oven, in order to receive their next clue, which directed them to the Pit Stop: Jabreen Castle in Jabrin."
US,9,8,Detour,"This leg's Detour was a choice between Sand or Sea. In Sand, teams had to drag 40 branches 126 yards (115 m) to a sand dune, an activity known as ""brushing the beach"", which helps to prevent beach erosion, in order to receive their next clue. In Sea, teams had to dive into the waves and search among 50 underwater crayfish traps on the ocean floor for those with live Western rock lobsters. Each team member had to retrieve one lobster and deliver it to a fisherman in order to receive their next clue."
US,9,8,Detour,"After the Detour, teams had to pedal back to the bike shop, travel by ferry back to the mainland, and then travel to Fremantle Prison to find their next clue."
US,9,8,Roadblock,"In this leg's Roadblock, one team member had to search Division No. 4 of Fremantle Prison for one of several cells that contained a flashlight. They then had to search for an entrance to a darkened cavern, descend underground, and use the flashlight to search for a set of either wet or dry tunnels for their next clue directing them to the Pit Stop: the South Breakwater at the Fremantle Sailing Club."
US,9,9,Roadblock,"In this leg's Roadblock, one team member had choose an airplane, climb to an altitude of 12,000 feet (3,700 m), and then perform a tandem skydive with an instructor. Once on the ground, they received their next clue."
US,9,9,Roadblock,"After the Roadblock, teams had to drive to the Litchfield National Park and search for their next clue among the magnetic termite mounds."
US,9,9,Detour,"This leg's Detour was a choice between Wet or Dry. In Wet, teams had to drive six miles (9.7 km) to a swimming hole called Buley Rockhole, and then hike and swim one mile (1.6 km) down a river infested with spiders and poisonous plants o retrieve their next clue. In Dry, teams had to drive six miles (9.7 km) on-road, and then another six miles (9.7 km) off-road, to a rock formation known as The Lost City. Once there, teams had to select a didgeridoo and follow the sound of music in order to locate a nearby Aboriginal musician with a matching didgeridoo, who taught each team member to play a note so they could receive their next clue."
US,9,9,Detour,"After the Detour, teams had to check in at the Pit Stop: the Lake Bennett Wilderness Resort."
US,9,10,Roadblock,"In this leg's Roadblock, one team member had to recreate a properly arranged ceremonial feast of fruit and give it to the monkeys at Prang Sam Yot in order to receive their next clue."
US,9,10,Fast Forward,This season's second Fast Forward required teams to travel to a restaurant and eat a bowl of fried crickets and grasshoppers. BJ and Tyler won the Fast Forward.
US,9,10,Roadblock,"After the Roadblock, teams were instructed to travel by ferry to Ko Kret Island and find their next clue at the Buddha Garden."
US,9,10,Detour,"This leg's Detour was a choice between Move It or Altar It. In Move It, teams had to go to the Jom Jam Pottery Factory and then transport a total of 72 clay pots on wooden boards balanced on their shoulders through the streets of a market to a boat in order to receive their next clue. In Altar It, teams had to go to the Wat Chimphli temple, where they had to properly assemble a shrine and then apply gold leaf to a statue of Buddha in order to receive their next clue."
US,9,10,Detour,"After the Detour, teams had to check in at the Pit Stop: the Marble Temple in Bangkok."
US,9,11,Detour,"This leg's Detour was a choice between Maiden or Messenger. In Maiden, teams had to travel to Hama-rikyū Gardens and carry a traditional Japanese palanquin with a young Japanese woman 1⁄3 mile (540 m) to a tea ceremony pavilion in order to receive their next clue. In Messenger, teams had to travel 200 yards (180 m) to a parking lot and pick up a pair of folding bicycles as well as messenger bags, which each contained a parcel. Teams then had to assemble the bikes and ride through the streets of Tokyo to deliver the packages to Shinjuku Park Tower and Shinjuku Chuo Koen in Shinjuku. When they were done, teams returned to the bike parking lot to receive their next clue."
US,9,11,Detour,"After the Detour, teams had to travel to the Capsule Land Hotel, where they received one of three departure times fifteen minutes apart the next day based on the order they arrived. The next morning, teams were directed to drive to Fujikyu Highland in Fujiyoshida in order to find their next clue."
US,9,11,Roadblock,"In this leg's Roadblock, one team member had to ride on three extreme rides in the following order: The Pizza, Dodonpa, and Fujiyama. While riding, they had to spot a man holding a message somewhere along one of the rides. After the third ride, they had to relay the message to the park manager in order to receive their next clue. If they could not, they had to go on all three rides again."
US,9,11,Roadblock,"After the Roadblock, teams had to drive to Lake Yamanaka and pedal a swan boat to the Pit Stop: The Big Swan."
US,9,12,Detour,"This season's final Detour was a choice between Drill It or Deliver It. In Drill It, teams had to use an ice auger to drill 10 holes in the ice, push an ice fishing shack to the holes, and properly position the shack over at least two of the holes in order to receive their next clue. In Deliver It, teams would have had to load a bush plane with medical supplies, fly with a pilot over 75 miles (121 km) to Girdwood, deliver the supplies, receive their next clue, and then fly back. Due to poor weather conditions, this option was subject to an indefinite delay, so all teams performed Drill It."
US,9,12,Detour,"After the Detour, teams drove to Kincaid Park, where they had to search the park's chalet for snowshoes and then hike to their next clue. Teams were then instructed to fly to Denver, Colorado. Once there, teams traveled to Clear Creek History Park in Golden and searched the grounds for their next clue, which instructed teams to ""go back to where you started"", leaving them to figure out that their next destination was the starting line: Red Rocks Amphitheatre."
US,9,12,Roadblock,"In this season's final Roadblock, one team member had to search a field of 285 flags, find the nine flags representing each of the countries that they visited, and place them in chronological order. Teams had a reference board with the correct flags along with three decoy flags. Unlike normal Roadblocks, the non-participating team member could provide guidance, but could not physically assist. Once teams got the order of the flags correct, they could run to the nearby finish line."
US,10,1,Roadblock,"In this season's first Roadblock, one team member had to eat all of the eyeballs from a fish head soup in order to receive their next clue."
US,10,1,Roadblock,"After the Roadblock, teams had to travel to the Meridian Gate in the Forbidden City, where they had to find a kiosk and pick one of three departure times the next morning. The last team to arrive at the Meridian Gate – Bilal and Sa'eed – were eliminated. The next morning, teams had to direct the driver of a World War II-era sidecar motorbike to 14 Houhai North Bank Road and find the pedicab manager in order to receive their next clue."
US,10,1,Detour,"This season's first Detour was a choice between Labor or Leisure. In Labor, teams had to travel one mile (1.6 km) by pedicab to Run De Li Market, where they had to use traditional Chinese bricks to pave a 45-square-foot (4 m2) section of sidewalk in a specific pattern in order to receive their next clue. In Leisure, teams had to travel two miles (3.2 km) by pedicab to Beihai Park and participate in a Chinese relaxation exercise known as Taiji Bailong, in which they had to successfully balance a ball on a paddle in order to receive their next clue."
US,10,1,Detour,"After the Detour, teams had to travel to the Juyongguan section of the Great Wall of China and use a rope to scale the wall in order to reach the Pit Stop."
US,10,2,Detour,"This leg's Detour was a choice between Take It Down or Fill It Up. In Take It Down, teams chose a nomadic shelter called a yurt, took the canvas and roof down, packaged it for transport, and loaded it onto a camel to receive their next clue. In Fill It Up, teams had to take a cart, pulled by a hynik (an indigenous ox), 500 yards (460 m) to a river, fill four water containers, and bring them back to fill a barrel in order to receive their next clue."
US,10,2,Detour,"After the Detour, teams had to drive to the Hotel Mongolia in Ulaanbaatar in order to find their next clue."
US,10,2,Roadblock,"In this leg's Roadblock, one team member had to string a traditional Mongolian bow and shoot a flaming arrow at a target 160 feet (49 m) away. After hitting the target, teams could run uphill to the nearby Pit Stop."
US,10,3,Roadblock,"In this leg's Roadblock, one team member had to choose a bicycle with a basket of flowers and sell enough to make at least 80,000₫ (roughly $5) in order to receive their next clue."
US,10,3,Roadblock,"After the Roadblock, teams were instructed to travel by bus to Phố Vác and then travel to Dinh Vác Temple in order to find their next clue."
US,10,3,Detour,"This leg's Detour was a choice between Fuel or Fowl. In Fuel, teams had to travel to the home of Nguyĕn Văn Thuý and make 30 acceptable round coal bricks by putting wet coal into a traditional press in order to receive their next clue. In Fowl, teams had to travel to Nhà Thò, where they had to use traditional local materials to properly build an intricate Vietnamese birdcage in order to receive their next clue."
US,10,3,Detour,"After the Detour, teams had to check in at the Pit Stop: Canh Dong Dia."
US,10,3,Roadblock,Teams were given no money at the start of this leg and were instructed that they could not beg or sell anything during the leg to earn money. Teams could only keep the money that they earned during the Roadblock.
US,10,4,Roadblock,"In this leg's Roadblock, one team member had to use a mechanical ascender to climb 90 feet (27 m) up the sheer face of the cliff at Hòn Yên Ngựa, retrieve their clue, and then rappel back down."
US,10,4,Roadblock,"After the Roadblock, teams were instructed to travel by motorboat to Sửng Sốt Cave and search the caves for their next clue."
US,10,4,Detour,"This leg's Detour was a choice between Over or Under. For both Detour options, teams were taken to the water by a junk and then given a sampan to row to their task. In Over, teams had to row to a provisions ship, load supplies onto the sampan, and then row to a floating village and deliver goods to the specific addresses on their invoice. When finished, teams rowed back to present the completed invoice to the captain, who gave them their next clue. In Under, teams had to take a marked buoy and row the sampan to a pearl farm, where they chose a line of buoys and hauled 30 baskets out of the sea and onto their boats. They had to deliver the baskets to a pearl farmer in order to receive their next clue."
US,10,4,Detour,"After the Detour, teams had to take a junk to the Pit Stop: Soi Sim Island in Hạ Long Bay."
US,10,5,Detour,"This leg's Detour was a choice between Wild Things or Wild Rice. In Wild Things, teams had to travel nine miles (14 km) to the Madras Crocodile Bank and help the workers wrangle and transport a marsh crocodile to a new pit in order to receive the next clue. In Wild Rice, teams had to travel 200 yards (180 m) to the Sri Sthala Sayana Perumal Temple and choose an outline of a traditional floral design shown on the temple floor. Using a picture for reference, they had to use colored powder made from rice to color in the outline so that it matched the picture in order to receive their next clue."
US,10,5,Detour,"After the Detour, teams had to travel by bus back to Chennai and then travel to the Karthik Driving School."
US,10,5,Roadblock,"In this leg's Roadblock, one team member had to attend a driver's education class and then pass a driving test while driving on the left-hand side of the congested streets in order to receive their next clue and an Indian driver's license."
US,10,5,Roadblock,"After the Roadblock, the team member who completed it had to drive their partner in their instructor's car to the Pit Stop at the Chettinad House."
US,10,6,Roadblock,"In this leg's Roadblock, one team member had to climb a ladder to the top of one of the towers 610 feet (190 m) above the ground in order to retrieve a satchel filled with puzzle pieces. They then had to return to the ground and assemble the puzzle that, when completed, identified their next destination, Al-Gharabally Street, in Arabic (الغربللي سوق شارع)."
US,10,6,Fast Forward,"This season's first Fast Forward required one team to wear protective gear and use a flame retardant shield to approach a simulated oil fire with temperatures over 1,000 °F (538 °C) and retrieve the Fast Forward award from a clue box. David and Mary won the Fast Forward."
US,10,6,Roadblock,"After the Roadblock, teams had to drive to the Souk Al-Gharabally, where they had to find a marked stall in the marketplace in order to receive their next clue."
US,10,6,Detour,"This leg's Detour was a choice between Manual or Automatic. In Manual, teams drove to Souk Sulaibiya and had to fill ten 110-pound (50 kg) bags of camel feed, transport them 100 yards (91 m) to a pallet, and properly stack them in order to receive their next clue. In Automatic, teams had to drive to the Kuwait Camel Racing Club, where they used a walkie-talkie to operate a voice activated robotic jockey attached to a camel. When the camel ran a 140-yard (130 m) course, they could receive their next clue."
US,10,6,Detour,"After the Detour, teams had to check in at the Pit Stop: the Al-Sadiq Water Towers."
US,10,6,Detour,Peter and Sarah fell so far behind that all of the other teams had already checked in at the Pit Stop before they arrived at the Detour. Peter and Sarah were instructed to go directly to the Pit Stop for elimination.
US,10,7,Detour,"This leg's Detour was a choice between Salt or Sea. In Salt, teams had to search through three piles of salt for a salt shaker containing their next clue. In Sea, teams had to choose a boat pilot and then travel 2.5 miles (4 km) by motorboat to Île aux Benitiers. There, they had to search the island using a treasure map in order to find the boat's sail that they had to carry back to the boat and attach before sailing back to the starting point, where they received their next clue."
US,10,7,Detour,"After the Detour, teams had to check in at the Pit Stop: the Château Bel Ombre in Bel Ombre."
US,10,8,Fast Forward,"This season's second Fast Forward required one pair of newly-joined teams to go to the Analakely Market, where each team member had to eat one full serving of cow lips. Tyler and James and Rob and Kimberly won the Fast Forward."
US,10,8,Detour,"This leg's Detour was a choice between Long Sleep or Short Letter. In Long Sleep, the newly-joined teams had to travel 2.2 miles (3.5 km) to an open market, where they had to wrap eight mattresses with a cover and deliver them on foot approximately one mile (1.6 km) through the streets of Antananarivo to a specific address in order to receive their next clue. In Short Letter, the newly-joined teams would have had to travel 3.5 miles (5.6 km) to a paper-working station where they had to work together to successfully make 28 pieces of handcrafted paper in order to receive their next clue. All teams chose Long Sleep."
US,10,8,Detour,"After the Detour, the Intersection ended. Teams had to travel to Tohotohobato Ambondrona Analakely in order to find their next clue."
US,10,8,Roadblock,"In this leg's Roadblock, one team member had to go up a steep staircase and find four different rubber stamp vendors with stamps matching those on their clue. Once they collected all four stamps, they could then proceed to the Pit Stop at the Cathedral Andohalo, where their teammate was waiting."
US,10,9,Detour,"This leg's first Detour was a choice between Swamp This or Swamp That. In Swamp This, teams had to trudge through a bog on cross country skis and complete a one-mile (1.6 km) course. In Swamp That, teams had to complete an obstacle course through a bog, requiring them to crawl, climb, and carry each other. At the end of both tasks, teams retrieved their next clue."
US,10,9,Detour,"After the first Detour, teams were directed to travel by train to Turku and then drive to the Tytyri Limestone Mine in Lohja, where they had to ride a tram into the mine before retrieving their next clue."
US,10,9,Roadblock,"In this leg's first Roadblock, one team member had to ride a bike down a steep hill one mile (1.6 km) into the mine to a dig site, where they had to retrieve a piece of limestone before returning to the starting point. They then used provided tools to break the limestone open in order to retrieve their next clue inside."
US,10,9,Roadblock,"After the first Roadblock, teams were instructed to drive to the Helsinki Olympic Stadium to find their next clue. Teams then had to go to the top of the 236-foot (72 m) tower and perform a face-first rappel known as an Angel Dive down the tower before receiving their next clue, which informed them that they had to keep racing."
US,10,9,Roadblock,"In this leg's second Roadblock, one team member had to drive a Soviet-built T-64 tank through a 1.5-mile (2,400 m) oval-shaped training course used for simulated military exercises in order to receive their next clue."
US,10,9,Roadblock,"After the second Roadblock, teams were instructed to return to Kyiv and knock on the door of a particular apartment in order to receive their next clue."
US,10,9,Detour,"This leg's second Detour was a choice between Make the Music or Find the Music. In Make the Music, teams had to travel three miles (4.8 km) to Dance & Groove, a hip hop dance club, where they had to write and perform a rap song incorporating the names of all of the nations they'd visited so far in order to receive their next clue. In Find the Music, teams had to travel 2.5 miles (4.0 km) to the National Music Academy of Ukraine. There, they had to search through thousands of pieces of sheet music for Pyotr Ilyich Tchaikovsky's Concert Fantasia for Piano and Orchestra. When teams had the correct music, they had to search the 120 practice rooms to find one of six pianists who could perform the piece for them before handing them their next clue."
US,10,9,Detour,"After the second Detour, teams had to check in at the Pit Stop: The Motherland Monument."
US,10,10,Roadblock,"In this leg's Roadblock, one team member had to dress like a gladiator and ride in a chariot. While racing, racers had to pull down two colored flags matching the plume on their horse in order to receive their next clue."
US,10,10,Roadblock,"After the Roadblock, teams had to drive to Café La Pirgola in Idelssan in order to find their next clue."
US,10,10,Detour,"This leg's Detour was a choice between Throw It or Grind It. In Throw It, teams had to drive four miles (6.4 km) to a pottery shop in Guedara, where they had to throw two clay pots on a potter's wheel to the specification of the artisan in order to receive their next clue. In Grind It, teams had to drive four miles (6.4 km) to North Africa Horse, where they had to use a crushing mill to grind 77 pounds (35 kg) of olives and pack them into pressing sleeves before receiving their next clue."
US,10,10,Detour,"After the Detour, teams had to drive 25 miles (40 km) towards Marrakesh until they reached a marked boulder directing them towards a Berber camp that served as the Pit Stop."
US,10,11,Roadblock,"In this leg's Roadblock, one team member had to obtain one pound (0.45 kg) of camel meat from a stall and bring it to Cafe 11. There, they had to ground, season, and skewer the meat, give the skewers to a chef to cook, and then to eat the dish in order to receive their next clue."
US,10,11,Roadblock,"After the Roadblock, teams were instructed to fly to Barcelona, Spain. Once there, teams had to travel to Parc del Laberint d'Horta and search the maze for their next clue."
US,10,11,Detour,"This leg's Detour was a choice between Lug It or Lob It. In Lug It, teams had to travel to the Maremagnum Bridge and don giant costumes known as gigantes y cabezudos. They then had to walk over a mile wearing their costumes and find a female giant at Plaça de Sant Felip Neri in order to receive their next clue. In Lob It, teams had to travel to Colònia Güell and take part in a tomato festival. While locals threw tomatoes at them, teams had to search a giant pile of tomatoes for one with a clue inside."
US,10,11,Detour,"After the Detour, teams had to check in at the Pit Stop: Palau Nacional de Montjuïc."
US,10,12,Roadblock,"In this season's final Roadblock, one team member had to perform a 13,000-foot (4,000 m) tandem skydive with an instructor over Normandy. Their team member remained in the plane and was treated to a surprise nosedive. The skydiver landed on Omaha Beach, received their next clue, and was taken to the Bayeux train station, where they were reunited with their partner."
US,10,12,Roadblock,"After the Roadblock, teams had to travel by train back to Paris and then find their next clue at the Pont de la Concorde."
US,10,12,Detour,"This season's final Detour was a choice between Art or Fashion. In Art, teams would have had to go to an art studio on the Rue de Varenne, choose a painting, and then carry it through the streets to a painter at the Pont de la Tournelle, who would have given them their next clue. In Fashion, teams had to travel by foot to Anatomy Fashion Studio, where they had to make a jacket using the tools and materials provided and then put it on a mannequin for display. Once the designer approved their work, she gave them their next clue. All teams chose Fashion."
US,10,12,Detour,"After the Detour, teams were instructed to fly to New York City. Once there, teams had to find the Daily News Building and search for their next clue by a giant globe. Teams received a photograph of the Alamo with instructions to travel there on foot. There, teams had to find a woman in a yellow cap, who gave them their final clue directing them to the finish line at Saint Basil Academy in Garrison, New York."
US,11,1,Detour,"This season's first Detour was a choice between Wrangle It or Recover It. In Wrangle It, teams had to help local cowboys lasso, tie down, and groom one wild horse. Team members had to clip its hooves and trim its mane and tail. In Recover It, one team member would have had to put on a historical military uniform and then search a field for three items missing from the uniform (an epaulette, a button, and a sword) in order to receive their next clue. All teams chose Wrangle It."
US,11,1,Detour,"After the Detour, teams had to check in at the Pit Stop: Mirador Cotopaxi."
US,11,2,Roadblock,"In this season's first Roadblock, one team member had to enter the Codelco headquarters and search the boardroom for letters of the alphabet. They had to figure out that the letters, when unscrambled, spelled one of the ten destinations inscribed on the plaques hanging on the wall. When they believed they had the solution – Chuquicamata – they had to show their answer to the security guard. If they were correct, he handed them their next clue."
US,11,2,Roadblock,"After the Roadblock, teams were instructed to fly to Calama and then travel to the Chuquicamata copper mine."
US,11,2,Detour,"This leg's Detour was a choice between By Hand or By Machine. In By Hand, teams had to choose a two-ton tire and finish securing it to a dump truck in order to receive their next clue. In By Machine, each team member had to take turns driving a front loader to transfer enough gravel to cover a yellow line, at which point they received their next clue."
US,11,2,Detour,"After the Detour, teams had to drive to the Pit Stop: the Valley of the Dead in San Pedro de Atacama."
US,11,3,Roadblock,"In this leg's Roadblock, one team member had to choose an 1,800-US-gallon (6,800 L; 1,500 imp gal) fish-breeding tank, jump in, and catch and transfer all 80 flounder to a holding tank at the other end of the farm. Once finished, their clue was revealed at the bottom of the tank."
US,11,3,Roadblock,"After the Roadblock, teams had to drive to La Maquina and find their next clue along the Petrohué River."
US,11,3,Detour,"This leg's Detour was a choice between Vertical Limit or River Wild. In Vertical Limit, teams would have had to complete a 40-foot (12 m) rock climb, where each team member would have had to grab half of their clue at the top. In River Wild, teams had to backtrack two miles (3.2 km) to the banks of the Petrohué River, where they had to complete a two-point-five-mile (4 km) whitewater-rafting course through levels 3 and 4 rapids. After the course, teams received their next clue. All teams chose River Wild."
US,11,3,Detour,"After the Detour, teams had to check in at the Pit Stop: Playa Petrohué."
US,11,4,Detour,"This leg's Detour was a choice between Navigate It or Sign It. In Navigate It, teams had to use a map of Punta Arenas to find the Plaza Muñoz Gamero, where a sailor gave them a compass. Using the compass, teams had to walk directly south to the Nautilus, a deep-sea salvage business, to receive their next clue. In Sign It, teams had to choose a pole and building supplies and carry them up a flight of stairs to Ferdinand Magellan's map. Using the map as a reference, teams had to determine that Magellan's circumnavigation of the world began and ended in Seville, Spain. They then had to build a traditional local signpost listing in order the fourteen ports-of-call of his voyage. Once completed correctly, they received their next clue."
US,11,4,Detour,"After the Detour, teams had to travel to the airport and sign up for one of two charter flights departing the next morning to Ushuaia, Argentina, one of the southernmost cities in the world. Once there, teams had to travel to Playa Larga, where they found their next clue. Teams then had to travel to Bahia Lapataia in the Tierra del Fuego National Park, where they took a number for a boat to Isla Redonda."
US,11,4,Roadblock,"In this leg's Roadblock, one team member had to search through 1,600 pieces of mail to find one of two letters addressed to their team, which were written by teams from their previous season. They then had to read the letter aloud to their partner, at which point they received their next clue directing them to the Pit Stop: the mast of the ARA General Belgrano on Isla Redonda."
US,11,5,Roadblock,"In this leg's Roadblock, one team member had to guide a rat to find an Amazing Race flag above a deactivated landmine. Once their rat gave the signal that it had found something, a mine technician searched the area, and if they dug up the flag, the team received their next clue."
US,11,5,Roadblock,"After the Roadblock, teams had to travel to the Praça dos Trabalhadores to find their next clue."
US,11,5,Detour,"This leg's Detour was a choice between Pamper or Porter. In Pamper, teams had to travel one-half mile (0.80 km) to the Maputo Central Market, choose a nail-polish kit, and convince people to pay them to paint their nails until they earned at least 30MT (roughly $1) in order to receive their next clue. In Porter, teams had to travel two miles (3.2 km) to Mercado Janet, where they used their bare hands to fill ten 45-pound (20 kg) bags with coal and then sew them shut. Teams then had to carry one of the bags to a specified address, where the owner handed them their next clue."
US,11,5,Detour,"After the Detour, teams had to check in at the Pit Stop: the Fortaleza de Maputo."
US,11,6,Detour,"This leg's Detour was a choice between Solve It or Schlep It. In Solve It, teams had to travel one-third mile (0.54 km) to the Beyt al Chai hotel in Stone Town, where they had to assemble a 62-piece puzzle of an image from the tinga tinga style of local artwork in order to receive their next clue. In Schlep It, teams had to travel one mile (1.6 km) to the Kijangwani Lumber Yard. Once there, teams had to choose a handcart, load two 50-pound (23 kg) logs, and then deliver them more than one mile (1.6 km) to a dhow shipyard in order to receive their next clue."
US,11,6,Detour,"After the Detour, teams had to travel to the Maasai Village in Kikungwi to find their next clue."
US,11,6,Roadblock,"In this leg's Roadblock, one team member had to throw a traditional Maasai wooden weapon called a rungu 65 feet (20 m) at a clay target hard enough in order to shatter it and reveal their next clue, which directed them to the Pit Stop: the Old Fort of Zanzibar in Zanzibar City."
US,11,7,Detour,"This leg's Detour was a choice between Perfect Pitch or Perfect Angle. In Perfect Pitch, which honored Frédéric Chopin, teams had to travel three-quarters mile (1.2 km) to the Prymas Palace, where they had to use provided tools to tune the one key of a grand piano that they determined was out of tune. Once a concert pianist played a piece of Chopin's music and determined that their piano was in tune, they received their next clue. In Perfect Angle, which honored Marie Curie, teams traveled approximately one-half mile (0.80 km) to the Escada Boutique, selected a mannequin, and carried it another 400 yards (370 m) to the Panoramik Laboratory. There, teams used an x-ray machine to locate a clue embedded inside the mannequin, which had to be positioned at a very specific angle in order for the image to show the name of their next destination."
US,11,7,Detour,"After the Detour, teams either received a piece of sheet music or an x-ray film, from which they had to determine that their next location was the statue of Jan III Sobieski at Łazienki Park, where they found their next clue."
US,11,8,Fast Forward,"In this season's first Fast Forward, one pair of newly-joined teams had to climb the stairs of the fire guard tower of St. Mary's Basilica and the Town Hall Tower. They had to count the total number of stairs and present the sum to a guard atop the fire guard tower. Oswald and Danny and Uchenna and Joyce won the Fast Forward."
US,11,8,Detour,"This leg's Detour was a choice between Eat It Up or Roll It Out. In Eat It Up, the newly-joined teams had to travel one point five miles (2.4 km) to an old market, where they had to make a three-inch (7.6 cm) length of Polish kiełbasa sausage. The teams were then served eight feet (2.4 m) of cooked kiełbasa, and each person had to eat two feet (0.61 m) of sausage in order to receive their next clue. In Roll It Out, the teams had to travel one point five miles (2.4 km) to the J. Mazurek bakery in the Old Jewish Quarter and properly roll out twenty bagels. When finished, they had to carry a delivery of fresh bagels one-quarter mile (0.40 km) to Klezmer Hois, where they received their next clue. Once teams completed the Detour, they were no longer joined together."
US,11,8,Detour,"After the Detour, teams had to drive themselves to Pieskowa Skała in Sułoszowa."
US,11,8,Roadblock,"In this leg's Roadblock, one team member had to don a full suit of medieval armor and then lead a horse a one-half mile (0.80 km) through the forest to the castle gates. Once at the castle, they had to deliver the horse to the stable boy, enter the courtyard, and search for the nearby Pit Stop."
US,11,8,Fast Forward,"Two teams arrived in first place due to collaboration on the Fast Forward during the Intersection. There was only one prize offered, however; Oswald and Danny conceded the prize to Uchenna and Joyce."
US,11,9,Detour,"This leg's Detour was a choice between Artistic Expression or Cookie Confection. In Artistic Expression, teams had to travel on foot to Dewan Lama, where they had to use a traditional technique known as batik to duplicate one of three patterns onto a 45-square-foot (4 m2) piece of cloth. Then they had to dye the cloth to the satisfaction of the artisan in order to receive their next clue. In Cookie Confection, teams had to travel on foot to Chow Kit Bomba and search through 600 boxes of traditional Malaysian festive cookies by biting into each cookie until they found one with a black licorice center in order to receive their next clue."
US,11,9,Detour,"After the Detour, teams had to travel to the neighborhood of Taman Sri Hartamas and search for their next clue by a newspaper vendor with a delivery truck."
US,11,9,Roadblock,"In this leg's Roadblock, one team member had to participate in a local practice called karung guni by pedaling a bicycle with an attached side cart and asking residents to give them used newspapers to recycle. Once racers collected enough newspaper to make a stack approximately six feet (1.8 m) high, they received their next clue directing them to the Pit Stop: Carcosa Seri Negara."
US,11,9,Roadblock,"Uchenna and Joyce missed a connecting flight in Frankfurt, Germany, and did not arrive in Kuala Lumpur until roughly eight hours after all of the other teams. Although they were not shown performing any tasks, Joyce confirmed in an interview that they performed all of the leg's tasks, including the cookie Detour and the newspaper recycling Roadblock."
US,11,10,Fast Forward,"In this season's second Fast Forward, one team had to travel five miles (8.0 km) to a film set located at the former Kai Tak Airport, where a high-speed stunt was being filmed for an action movie. They had to get in a car with a stunt driver and endure a stunt course, which involved sharp turns and the car flipping over. Oswald and Danny won the Fast Forward."
US,11,10,Detour,"This leg's Detour was a choice between Kung Fu Fighting or Lost in Translation. In Kung Fu Fighting, teams had to travel five miles (8.0 km) to the former Cheung Sha Wan Police Quarters. There, they had to climb an eleven-story bamboo scaffold, while avoiding a mock battle between kung fu stuntmen, in order to reach the top and retrieve their next clue. In Lost in Translation, teams had to travel four miles (6.4 km) to Kowloon City and search among hundreds of similar-looking Chinese characters store signs on Nga Tsin Wai Road for the specific one – 滿玉時裝晚裝 – shown on their clue. When they found the matching store, the owner gave them their next clue."
US,11,10,Detour,"After the Detour, teams had to travel to the former Kennedy Town police headquarters to find their next clue."
US,11,10,Roadblock,"In this leg's Roadblock, one team member had to kick down doors in the old building of the former police headquarters and search for their next clue."
US,11,10,Roadblock,"After the Roadblock, teams had to travel to Victoria Park. There, teams had to find a model boat and a Travelocity Roaming Gnome. They then had to balance the gnome on the boat and pull the boat from one end of a pond to the other in order to retrieve the gnome and their next clue from inside the boat. If the gnome fell into the water, they had to start over. Teams then had to check in at the Pit Stop: the Happy Valley Racecourse at the Hong Kong Jockey Club."
US,11,11,Roadblock,"In this leg's Roadblock, one team member had to walk around the outer rim of the Macau Tower observation deck and then perform what was, at the time, the world's tallest SkyJump by falling 660 feet (200 m) to the ground in a controlled descent in order to receive their next clue."
US,11,11,Roadblock,"After the Roadblock, teams had to travel to the Lou Lim Ioc Garden, which had their next clue."
US,11,11,Detour,"This leg's Detour was a choice between Noodle or Dragon. In Noodle, teams had to travel to the factory of Fábrica de Sopa de Fita Weng Kei, choose a noodle making station, and use traditional methods to flatten and cut dough into two bundles of Chinese noodles in order to receive their next clue. In Dragon, teams had to travel to a warehouse on Travessa da Saudade, obtain a dragon head and drum, and carry them three-quarters mile (1.2 km) to the harbor at Nam Van Lake. There, they had to attach the dragon head to a matching dragon boat and deliver the drum to the boat's master in exchange for their next clue."
US,11,11,Detour,"After the Detour, teams had to travel to Rua de Silva Mendes and find their next clue, which directed them to drive a Mini Moke to the Pit Stop: Trilho da Taipa Pequena 2000 Park."
US,11,12,Detour,"This leg's Detour was a choice between Care Package or Engine Care. In Care Package, teams traveled to a warehouse and filled 500-pound (230 kg) packages with various humanitarian aid items for a neighboring island. Teams then boarded a C-17 Globemaster and participated in an airdrop training exercise. When they landed, the load master gave teams their next clue. In Engine Care, teams had to clean an engine pod on a B-52 bomber and scour the associated flap section on the wing to the satisfaction of an Air Force maintenance officer in order to receive their next clue."
US,11,12,Detour,"After the Detour, teams had to drive to the U.S. Naval Base on the Orote Peninsula, where a naval escort drove them to a specified location with their next clue."
US,11,12,Roadblock,"In this leg's Roadblock, one team member had to perform a search and rescue mission. Using a handheld GPS receiver, they had to navigate through the jungle to find one of four training officers, who provided coordinates directing them to the landing zone. Then they used a radio and smoke grenade to signal a rescue helicopter to pick them up. The helicopter brought them back to their partner, where they received their next clue directing them to the Pit Stop: Fort Soledad in Humåtak."
US,11,13,Detour,"This season's final Detour was a choice between Under or Over. In Under, teams had to swim into an underwater cave and retrieve a clue anchored to the cave's floor. In Over, teams had to use a paddle board and paddle together to reach a buoy that had their next clue."
US,11,13,Detour,"After the Detour, teams had to drive to Shipwreck Beach and then trek one mile (1.6 km) along the shore to find a clue, which instructed them to use a kayak to paddle to a buoy holding their next clue near a World War II shipwreck."
US,11,13,Roadblock,"On Lānaʻi, there was an unaired Roadblock where one team member had to perform a 30-foot (9.1 m) cliff jump."
US,12,1,Roadblock,"In this season's first Roadblock, one team member had to pedal a high-wire bicycle across a ravine, suspended almost 200 feet (60 m) above the North Atlantic, in order to reach their next clue. Their partner, sitting eight feet (2.4 m) below, was taken along for the ride."
US,12,1,Roadblock,"After the Roadblock, teams had to choose a donkey, fill each of its baskets with 15 pieces of peat, and then walk the donkey back to the entrance of the farm to receive their next clue, which directed them to the Pit Stop: the Connemara Heritage and History Centre in Clifden."
US,12,2,Detour,"This season's first Detour was a choice between Hoist It or Hunt It. In Hoist It, teams had to use a traditional rope-and-pulley system to hoist five pieces of furniture up to an apartment in order to receive their next clue. In Hunt It, teams had to travel on foot several blocks to the Fietsflat bicycle parking lot and search through thousands of bicycles for two tagged with the specific color designated in their clue. After finding their bicycles, teams had to ride them five miles (8.0 km) to an attendant, who gave them their next clue."
US,12,2,Detour,"After the Detour, teams had to travel by bus to a marked field in Ransdorp, where they found their next clue."
US,12,2,Roadblock,"In this leg's Roadblock, one team member had to play a sport called fierljeppen, which involved completing a 12-foot (3.7 m) vault across an irrigation ditch and landing on both feet in the marshy grass. Once racers completed the vault correctly, they could pick up their clue and vault back to their partner."
US,12,2,Roadblock,"After the Roadblock, teams had to ride cargo bikes known as a bakfiets to the Pit Stop: the Yacht Club in Durgerdam."
US,12,3,Roadblock,"In this leg's Roadblock, one team member had to milk a camel and collect the milk in a dried gourd. Once they had enough milk, they had to drink the milk in order to receive their next clue."
US,12,3,Roadblock,"After the Roadblock, teams had to lead four camels along a marked path to a group of nomads, where they found their next clue."
US,12,3,Detour,"This leg's Detour was a choice between Teach It or Learn It. In Teach It, teams had to teach a schoolchild, who did not speak English, ten English words. When a local teacher was satisfied that the child could recite the words, teams received their next clue. In Learn It, teams had to learn ten words in the local Moré language from a schoolchild and then recite the words in a test to a local teacher in order to receive their next clue."
US,12,3,Detour,"After the Detour, teams had to follow a marked path to the outskirts of Bingo and find the Pit Stop."
US,12,4,Detour,"This leg's Detour was a choice between Shake Your Pans or Shake Your Booty. In Shake Your Pans, teams had to use traditional methods to pan for one troy ounce (31 g) of gold that they could trade for their next clue. In Shake Your Booty, teams had to learn a traditional local dance and perform it with Winiama masked dancers for a crowd of locals. Teams only had one attempt, and if the three judges felt that a team lacked creativity or had a bad performance, they incurred a ten-minute penalty. After successfully performing the dance or waiting out the penalty, teams received their next clue."
US,12,4,Detour,"After the Detour, teams had to travel along a marked path to the Pelegtanga Market in order to find their next clue. Teams then had to travel to the Tampouy Goat Market in Ouagadougou to find their next clue."
US,12,4,Roadblock,"In this leg's Roadblock, one team member had to load a large amount of cumbersome goods, including a small goat, onto a bicycle and then deliver the goods to a nearby market in order to receive their next clue, which directed them to the Pit Stop: the Hôtel de Ville."
US,12,5,Roadblock,"In this leg's Roadblock, one team member had to choose a local Lithuanian woman working in the Narutis courtyard, who gave them a basket and told them whom to take it to the Vilnius University Courtyard. After traveling on foot through the confusing streets of the Vilnius Old Town and delivering their basket, they were then handed a book and one of four final destinations: Gabi Kavine, Saint Germain Restaurant, Hair Salon Sidabrynas, or the Shakespeare Hotel. When the delivery was made to the correct location, they received their next clue."
US,12,5,Roadblock,"After the Roadblock, teams had to drive to the Lithuanian Open Air Museum in Rumšiškės, where they had to search through the village for a Travelocity Roaming Gnome hidden among 100 common Lithuanian gnomes. When teams found a correct gnome, they had to follow a marked path to their next clue box at a chapel. Teams had to carry their gnome with them for the remainder of this leg."
US,12,5,Detour,"This leg's Detour at a traditional Midsummer's Festival was a choice between Count Down or Step Up. In Count Down, teams had to correctly count a marked section of picket fence and give their count to a villager in order to receive their next clue. In Step Up, both team members had to walk on stilts along a marked course to the finish line without falling in order to receive their next clue."
US,12,5,Detour,"After the Detour, teams had to check in at the Pit Stop: the Aukštaitija Windmill."
US,12,6,Roadblock,"In this leg's Roadblock, one team member had to find one of eight stones out of 150 that could fit into the rock wall at the fort being rebuilt from the Croatian War of Independence in order to receive their next clue."
US,12,6,Roadblock,"After the Roadblock, teams had to go to the Fort of St. Lawrence's roof and ride a zip-line down to Fort Bokar in order to receive their next clue."
US,12,6,Detour,"This leg's Detour was a choice between Short & Long or Long & Short. In Short & Long, teams had to rappel down the walls of Fort Bokar and follow a marked path to a wall, where they had to finish assembling a rope ladder that they could use to scale the wall. They then had to travel on foot a long distance through the confusing old-quarter streets to Trg Oružja in order to find their next clue. In Long & Short, teams had to tandem zip-line from the fort, swim to a floating platform, and then row a fishing boat around the city walls to a flagged harbor. They then had to travel on foot a short distance to Trg Oružja in order to find their next clue."
US,12,6,Detour,"After the Detour, teams had to check in at the Pit Stop: the stone cross at Fort Imperial."
US,12,7,Roadblock,"In this leg's Roadblock, one team member had to fly over Tuscany in an ultralight and scan a six-mile (10 km) radius of the countryside for the name of their next destination: Vinci. If team members thought they spotted the word, they had to signal their pilot to land. Once on the ground, they had to tell the instructor the word, and if they were correct, he handed them their next clue. There was a thirty-minute time limit per flight, after which the ultralight had to land for refueling."
US,12,7,Fast Forward,"In this season's only Fast Forward, one team had to drive to Fabio Studio and have a permanent tattoo inked onto their arms: the letters ƒƒ. Nicolas and Donald won the Fast Forward."
US,12,7,Roadblock,"After the Roadblock, teams had to drive to Vinci and find their next clue outside the birthplace of Leonardo da Vinci."
US,12,7,Detour,"This leg's Detour was a choice between Invention or Tradition. In Invention, teams traveled to a nearby courtyard and chose a replica of a crane designed by Leonardo da Vinci. They had to first assemble the crane and then use it to lift a large stone one foot (30 cm) off the ground. They then had to place a mirror underneath in order to read the clue printed on the bottom of the stone. In Tradition, teams traveled to the Piazza Guido Masi, where they had to learn and correctly perform a traditional local flag throwing routine in order to receive a flag displaying the name of their next destination."
US,12,7,Detour,"After the Detour, teams had to check in at the Pit Stop: the Boboli Gardens in Florence."
US,12,8,Speed Bump,"For their Speed Bump, Kynt and Vyxsin had to find the yoga master at Dariya Mahal and successfully perform a series of yoga poses before they could continue racing."
US,12,8,Detour,"This leg's Detour was a choice between Paste 'Em or Thread 'Em. In Paste 'Em, teams had to travel to a marked underpass beneath the Dadar West Bridge and use provided supplies to properly paste a six-panel Bollywood movie poster onto the wall in order to receive their next clue. In Thread 'Em, teams had to travel to the Dadar Flower Market, find a marked flower stall, and create a traditional wedding garland by threading 108 flowers in a particular pattern. When the judge approved the garland, teams had to deliver it to a nearby bridegroom, who gave them their next clue."
US,12,8,Detour,"After the Detour, teams had to travel to Kabutar Khana, where they found their next clue. Teams then had to travel to the Bharatgas Colaba Gas Service in order to find their next clue."
US,12,8,Roadblock,"In this leg's Roadblock, one team member had to load a bicycle cart with six tanks of propane gas, pedal to two addresses listed on their order slips, deliver three tanks to each address, and collect receipts as proof of delivery. Once their deliveries were complete, they had to hand their two order slips and receipts to the foreman in order to receive their next clue, which directed them to the Pit Stop: Bandra Fort."
US,12,9,Roadblock,"In this leg's Roadblock, one team member had to drive a Japanese couple five miles (8 km) in a taxicab through a maze of confusing one-way streets to a specified address written in Japanese: the Osaka Central Post Office. They could stop and ask for directions, but could not invite a local to lead them or join them in the car, nor could the couple help them. Once racers arrived at the post office, the couple handed them their next clue; however, they had to return to their teammate before they could read the clue."
US,12,9,Roadblock,"After the Roadblock, teams had to travel by taxi to Kita-Mido Temple to find their next clue."
US,12,9,Detour,"This leg's Detour was a choice between Sense of Touch or Sense of Smell. In Sense of Touch, teams traveled on foot to the Shimojima Building and had to use miniature robots, controlled by cell phones, to play a game of soccer against two robotic defenders. Once each team member scored a goal, the referee gave them their next clue. In Sense of Smell, teams traveled on foot to the Saera Flower Shop, which only sold artificial flowers. Once there, they had to use only their noses to find one real flower, hidden amongst thousands of artificial flowers, in order to receive their next clue."
US,12,9,Detour,"After the Detour, teams had to check in at the Pit Stop: Tempozan Park."
US,12,10,Roadblock,"In this leg's Roadblock, one team member had to ride in a car driven by a professional stunt driver, who maneuvered the vehicle onto a giant teeter-totter and then rocked back and forth precariously 25 feet (7.5 m) above the ground. Afterwards, they switched to an amphibious car, donned a pair of goggles, and had to hold their breath while they were driven underwater for seventeen seconds before receiving their next clue."
US,12,10,Speed Bump,"For their Speed Bump, TK and Rachel had to find Heping Elementary School, don protective gear, run through a barrage of fireworks, and then get doused with water before they could continue racing."
US,12,10,Roadblock,"After the Roadblock, teams had to travel by train back to Taipei and find the GK Teahouse. There, each team member had to drink a cup of tea and find their next clue written in Chinese on the bottom of the teacup, which directed them to search the Gong Guan Night Market for a clown, who had their next clue."
US,12,10,Detour,"This leg's Detour was a choice between Fire or Earth. In Fire, teams would have traveled to Zhongzheng Park to participate in a mystical Chinese ritual by writing messages of luck on Kongming lanterns. Once a team had sent twenty lanterns into the air, they would have received their next clue. In Earth, teams traveled to Youth Park, where they had to walk barefoot down a 220-foot (67 m) path made of jagged stones, turn around, and then walk back to the start in order to receive their next clue. All teams chose Earth."
US,12,10,Detour,"After the Detour, teams had to check in at the Pit Stop: Chiang Kai-shek Memorial Hall."
US,12,11,Detour,"This season's final Detour was a choice between Cut the Cod or Grab the Crab. In Cut the Cod, teams had to cut through several 50-pound (23 kg) lingcod and search for a miniature clue hidden inside one of the fish. In Grab the Crab, teams had to jump into the hold of a boat swarming with over 500 live crabs. They then had to search through the crabs for one marked with Amazing Race colors in order to receive their next clue."
US,12,11,Detour,"After the Detour, teams traveled to the Twentymile River, where they took a high-speed boat to the Twenty-Mile Glacier. Once there, both team members had to climb a wall of ice in order to reach their next clue. Teams were instructed to travel via helicopter to Merrill Field and then by taxi to Goose Lake Park in order to find their next clue."
US,12,11,Roadblock,"In this season's final Roadblock, one team member entered a field full of objects that they had encountered along the racecourse. They had to match 10 of 15 recognizable items to their respective legs, but the combination of items had to meet the following requirements. Only one combination of items satisfied the conditions and opened the clue box, allowing racers to retrieve their next clue. Three items had to be animals or animal byproducts. One had to be a U-Turn. Two had to be items either at or brought to a Pit Stop. Two had to be items of transportation with wheels, one of which was used at a Detour. One had to be an item of transportation resembling the shape of a stick."
US,12,11,Roadblock,"After the Roadblock, teams were told to travel to ""Cook's Eye View of the Sleeping Lady"", which referred to the Captain Cook Statue at Resolution Park. There, teams found their next clue. Teams then had to search on foot for the Salmon Hooker Statue at the Alaska Center for the Performing Arts, where they found their final clue directing them to the finish line at Girdwood Airport."
US,13,1,Detour,"This season's first Detour was a choice between Hard Way Up or Soft Way Down. In Hard Way Up, teams climbed the Escadaria do Passo on their hands and knees. At the top, teams were asked how many stairs they'd climbed. If they gave the correct answer, they received their next clue; if they were wrong, they had to go down the staircase and try again. In Soft Way Down, teams had to go to the top of the Elevador Lacerda, an outdoor elevator, and climb down a 240-foot (73 m) cargo net to receive their next clue."
US,13,1,Detour,"After the Detour, teams had to travel by ferry to the Pit Stop: the Forte de São Marcelo."
US,13,2,Detour,"This leg's Detour was a choice between Beach It or Docket. In Beach It, teams had to travel to Pecém Beach and move a traditional Brazilian sailboat known as a jangada to an inlet to receive their next clue. In Docket, teams had to travel to the nearby Port of Pecem and search a computer database for the specific ID number of the shipping container that held their next clue."
US,13,2,Detour,"After the Detour, teams had to travel to the Parque de Vaquejada to find their next clue."
US,13,2,Roadblock,"In this season's first Roadblock, one team member had to locate the name of their next Pit Stop – Cidade da Criança – hidden among several advertisements painted along a 600-foot (180 m) wall to receive their next clue."
US,13,3,Detour,"This leg's Detour was a choice between Musical March or Bumpy Ride. In Musical March, teams had to travel on foot to three plazas several blocks apart and gather the members of a marching band. After leading the band to Plaza Abaroa, teams received their next clue. In Bumpy Ride, teams had to travel on foot to Mercado de las Brujas, where they had to ride a traditional wooden bicycle down the steep cobblestone streets to Plaza Abaroa to receive their next clue."
US,13,3,Detour,"After the Detour, teams had to travel to El Multifuncional in El Alto to find their next clue."
US,13,3,Roadblock,"In this leg's Roadblock, one team member had to learn six wrestling moves from luchadoras called the Fighting Cholitas and successfully perform the moves in the ring to receive their next clue, which directed them to the Pit Stop: Mirador el Monticulo."
US,13,4,Fast Forward,This season's first Fast Forward required one team to climb the mast of the Sky Tower in Auckland to retrieve a Travelocity Roaming Gnome from the top. Ken and Tina won the Fast Forward and received a helicopter ride to the Pit Stop.
US,13,4,Fast Forward,Teams who did not attempt the Fast Forward had to drive to the top of Mount Eden to find their next clue.
US,13,4,Roadblock,"In this leg's Roadblock, one team member had to search among Māori warriors who were performing a haka dance for the one whose tā moko face tattoo matched a selected pattern to receive their next clue. If racers chose the wrong warrior, the warrior took the image away and they had to start over with a new pattern."
US,13,4,Roadblock,"After the Roadblock, teams had to drive to the CityLife Hotel and find their next clue on the roof, which instructed them to use binoculars to spot one of eight Travelocity Roaming Gnomes hidden around downtown Auckland. They then had to retrieve one gnome and find their next clue on the bottom of its base, which directed teams to Kiwi 360 in Te Puke. Teams had to keep the gnome with them for the rest of the leg."
US,13,4,Detour,"This leg's Detour was a choice between Matter of Time or Matter of Skill. In Matter of Time, teams had to drive to a kiwi orchard. There, teams had to use their feet to crush a vat of kiwis and produce 12 US quarts (11,000 ml) of juice. Both team members then had to drink a glass of juice to receive their next clue. In Matter of Skill, teams had to drive to Blokart Heaven. There, teams had to assemble two Blokarts, and each team member had to complete three laps around a track to receive their next clue."
US,13,4,Detour,"After the Detour, teams had to check in at the Pit Stop: Summerhill Recreational Farm in Tauranga."
US,13,5,Detour,"This leg's Detour was a choice between Village Life or Village Work. In Village Life, teams had to retrieve a set of toy teeth from a dentist, a doll from a tailor, and a basketball from a floating basketball court. Each team member had to score a basket before returning all the items they had collected to the Siem Reap Harbor, where they received their next clue. In Village Work, teams had to go to Tonlé Sap, retrieve two full baskets of fish from the water, and then return them to Siem Reap Harbor in order to receive their next clue."
US,13,5,Detour,"After the Detour, teams had to travel to Angkor Wat to find their next clue."
US,13,5,Roadblock,"In this leg's Roadblock, one team member had to search Angkor Wat for an echo chamber within a room called ""Prassat Kok Troung"". Once there, they had to stand in a specific spot and thump their chest so as to make an echo sound in the room. They could then pick up a stone frieze, which displayed their next clue on the reverse directing them to the Pit Stop: the Bayon Temple."
US,13,6,Roadblock,"In this leg's Roadblock, one team member had cover all of the glass and wheels of an auto rickshaw with newspaper and then spray-paint the black portions with green paint, indicating that the rickshaw had switched to using natural gas as fuel, in order to receive their next clue."
US,13,6,Roadblock,"After the Roadblock, teams had to travel to the Ambassador Hotel and search the garden for a doorman, who had their next clue."
US,13,6,Detour,"This leg's Detour was a choice between Launder Money or Launder Clothes. In Launder Money, teams had to make a traditional Indian wedding necklace by stapling enough 10 Indian rupee banknotes to the necklace so that they added up to ₹780. They then had to find the newlywed couple in the crowded banquet hall and present them with the necklace in order to receive their next clue. In Launder Clothes, teams had to use a traditional charcoal iron to press twenty pieces of clothing in order to receive their next clue."
US,13,6,Detour,"After the Detour, teams had to check in at the Pit Stop: the Baháʼí House."
US,13,7,Roadblock,"In this leg's Roadblock, one team member had to climb one of three ladders to find a suspended envelope imprinted with The Amazing Race, among several others that said Try Again, amid celebrators of Holi, the Festival of Colours, who were bombarding them with colored dyes and water."
US,13,7,Roadblock,"After the Roadblock, teams had to travel to the Charity Birds Hospital at Jain Mandir, where they had to search the birdcages for their next clue."
US,13,7,Speed Bump,"For their Speed Bump, Ken & Tina had to serve holy water to hundreds of Sikhs at the Gurudwara Sis Ganj Sahib before they could continue racing."
US,13,7,Detour,"This leg's Detour was a choice between Bleary Eyed or Teary Eyed. In Bleary Eyed, teams had to follow a series of power lines on Nai Sarak Street, keeping track of the numbered tags. They then had to report these numbers to a power company official and if they were correct, they could plug in a musical Ganesh statue in order to receive their next clue. In Teary Eyed, teams had to search a spice market for Ram Bhandar, where teams were given two 40-pound (18 kg) bags of chili peppers that they had to transport one-quarter mile (0.40 km) to Shwan Kumar and Sons and then grind into chili powder in order to receive their next clue."
US,13,7,Detour,"After the Detour, teams had to check in at the Pit Stop: the Tomb of Isa Khan."
US,13,8,Roadblock,"In this leg's Roadblock, one team member had to search among 30,000 chickens for one of seven golden eggs, which they could trade for their next clue."
US,13,8,Fast Forward,"In this season's second Fast Forward, teams had to join a traditional Kazakh feast at the Alasha Restaurant, where each team member had to eat a serving of sheep fat known as kurdyuk. Nick & Starr won the Fast Forward."
US,13,8,Roadblock,"After the Roadblock, teams had to search for a giant crane truck and travel to Kok Tobe Arch. There, at the foothills of the Tien Shan Mountains, teams followed a marked path to a Mongol warrior, who used a trained golden eagle to deliver them their next clue."
US,13,8,Detour,"This leg's Detour was a choice between Play Like Mad or Act Like Fools. In Play Like Mad, teams would have traveled to the Kazakh Museum of Folk Musical Instruments, where they would have learned to play a traditional folk tune on the dombra and the shang-kobuz. They then would have had to go to a nearby park and perform for locals so as to earn enough tips in order to receive their next clue. In Act Like Fools, teams traveled to the Almaty State Puppet Theater, where they had to put on a two-person cow costume and travel across town to a milk stand to drink a glass of milk. At the bottom of the glass was the name of their next destination – the Zelyoniy Bazaar – where they had to find the meat section in order to receive their next clue. All teams (except for Nick & Starr, who won the Fast Forward) chose Act Like Fools."
US,13,8,Detour,"After the Detour, teams had to travel on foot to the Pit Stop at the Old Square, bringing the cow costume with them."
US,13,9,Detour,"This leg's Detour was a choice between Boots or Borscht. For both Detour options, teams had to dress in a Russian military uniform. In Boots, teams had to learn a Russian parade march and then perform one full lap with a drill team to the drill master's standard in order to receive their next clue. In Borscht, teams had to travel to a nearby tent and serve 75 soldiers a bowl of borscht in order to receive their next clue."
US,13,9,Detour,"After the Detour, teams had to travel to the Zhukovsky Bakery in order to receive their next clue."
US,13,9,Roadblock,"In this leg's Roadblock, one team member had to unload fifty 55-pound (25 kg) bags of flour from a truck and properly deliver them to the bakery in order to receive their next clue directing them to the Pit Stop: Neskuchny Sad Park."
US,13,10,Roadblock,"In this season's final Roadblock, one team member had to count the number of statues of Vladimir Lenin and Joseph Stalin in the park, and then proceed to an antique bookshop on Arbat Street, where they had to give the numbers to the manager. If they were incorrect, they had to wait 10 minutes before they could make another guess. If they were correct, they received a copy of The Master and Margarita by Mikhail Bulgakov, and found a clue about their next destination – Bulgakov's old flat – on the page of the correct answer. They reunited with their teammate at the Bulgakov House, where they received their next clue."
US,13,10,Speed Bump,"For their Speed Bump, Andrew & Dan had to perform a traditional Russian dance to the satisfaction of a choreographer before they could continue racing."
US,13,10,Detour,"This leg's Detour was a choice between Ride the Rails or Ride the Lines. In Ride the Rails, teams had to take the Moscow Metro from Sokolniki to Ulitsa 1905 Goda, where they picked up a samsa from a snack stand. The wrapper directed teams to Kitay-Gorod, where they had to give the samosa to a babushka near the statue of Saints Cyril and Methodius in Slavyanskaya Square. In return, she gave them a postcard directing teams to the VDNKh Park station, where they found their next clue. In Ride the Lines, teams had to travel by trolleybus from Sokolniki Station to Krasnoselskaya Station and find a key maker, who gave them a key. The key tag directed teams to the Rizhskaya Station, where they found a postcard with their next clue inside a locker."
US,13,10,Detour,"After the Detour, teams had to travel by foot to the Pit Stop: the Central Pavilion of VDNKh Park."
US,13,10,Roadblock,"Toni and Dallas were initially denied their clue at the Detour, because they had taken the metro instead of a taxi, as had been required in the clue, and were required to go back to the end of the Roadblock and return to the Detour by taxi. After all of the other teams had checked in at the Pit Stop, Phil came out to Rizhskaya Station to inform Toni and Dallas of their elimination."
US,13,11,Detour,"This season's final Detour was a choice between High & Dry or Low & Wet. In High & Dry, each team member had to climb 30 feet (9.1 m) up a tree, where they had to balance themselves on a log and then jump off to each grab half of their next clue. In Low & Wet, teams would have had to walk 850 feet (260 m) across floating logs to a river island with their next clue. All teams chose High & Dry."
US,13,11,Roadblock,"After the Detour, teams had to travel to the Bridge of the Gods in Cascade Locks, Oregon, where they had to ride a zip-line from the bridge along the Columbia River to nearby Thunder Island. There, teams undertook a memory challenge. Given an answer board with spaces numbered for the first ten legs, they removed covers one at a time, revealing the symbol of either a Roadblock, Detour, Route Info, or Pit Stop. Teams then had to search through 150 identical clue boxes to find a picture depicting the task or location from that leg. When they retrieved a picture and placed it on the board in the corresponding position, a green light would indicate whether it was correct and if so, they could move on to the next one; otherwise they had to try again. Once all ten spaces were correct, teams could retrieve their next clue directing them to the Portland Building. The correct answers were:"
US,14,1,Roadblock,"In this season's first Roadblock, one team member had to bungee jump off the Verzasca Dam in order to receive their next clue."
US,14,1,Roadblock,"After the Roadblock, teams had to travel by train to Interlaken and then travel to the Kleine Rugen Wiese. There, teams had to transport four 50-pound (23 kg) wheels of cheese from a shed to the bottom of a hill using traditional cheese carriers and then properly stack the wheels in order to receive their next clue. Teams then had to travel to the Hotel Stechelberg and listen for a group of yodelers, who led them to the nearby Pit Stop."
US,14,2,Roadblock,"In this leg's Roadblock, one team member had to tandem paraglide with an instructor off a mountain 6,000 feet (1,800 m) to a landing area below, where their partner waited with their next clue. In the event of unfavorable winds, they had to choose between waiting an indeterminate amount of time for better conditions or taking a 60-minute hike down the mountain."
US,14,2,Roadblock,"After the Roadblock, teams had to drive to Schönau am Königssee and find the bobsled track."
US,14,2,Detour,"This season's first Detour was a choice between Balancing Dolly or Austrian Folly. In Balancing Dolly, both team members had to navigate Segways over a two-mile (3.2 km) road obstacle course in order to receive their next clue. In Austrian Folly, teams had to enter a party tent and throw Bavarian pies at their partner's face. They had to take turns smacking each other in the face until they found a pie with cherry filling in order to receive their next clue."
US,14,2,Detour,"After the Detour, teams had to find the Holzsäger, a woodcutting workshop, and wait for the mechanical Tyrolean woodcutters to cut a piece of wood, which was stamped with the location of the Pit Stop: Schloss Hellbrunn in Salzburg, Austria."
US,14,3,Roadblock,"In this leg's Roadblock, one team member had to complete a series of moves in three gymnastics disciplines – the balance beam, the parallel bars, and floor exercises – in order to receive their next clue."
US,14,3,Roadblock,"After the Roadblock, teams had to travel by train to Brașov and then find their next clue at the Biserica Neagră."
US,14,3,Detour,"This leg's Detour was a choice between Gypsy Moves or Vampire Remains. In Gypsy Moves, teams traveled to a gypsy encampment and helped a family move from one camp to another by loading their belongings onto a traditional horse-drawn cart and unloading them at their new camp in order to receive their next clue. In Vampire Remains, teams had to drag a chained coffin to a field of stakes in the shadow of Bran Castle. There, they had to undo the coffin's chains and found several antique frames which they then had to impale by smashing the stakes until they found one containing an Amazing Race flag, which they could trade for their next clue."
US,14,3,Detour,"After the Detour, teams had to check in at the Pit Stop: the Vila Panoramic, overlooking Bran Castle."
US,14,4,Detour,"This leg's Detour was a choice between Stack or Construct. In Stack, teams had to properly stack wood in front of an existing stack in order to receive their next clue. If their stack collapsed into the existing one, they had to rebuild both. In Construct, teams had to travel to a workshop and assemble a window frame, which they had to install in a local house in order to receive their next clue."
US,14,4,Detour,"After the Detour, teams had to travel to the Museum of The Last Bow in order to find their next clue, which directed them to the Bobrovy Log Park in Krasnoyarsk."
US,14,4,Roadblock,"In this leg's Roadblock, one team member had to complete a three-mile (4.8 km) lap on a bobsled roller coaster with a speed of up to 55 miles per hour (89 km/h) in under four minutes while looking for seven letters scattered around the track. They then had to arrange the letters to spell the name of a famous Russian playwright – CHEKHOV – in order to receive their next clue directing them to the Pit Stop: the Krasnoyarsk Theater of Musical Comedy."
US,14,5,Detour,"This leg's Detour was a choice between Russian Bride or Russian Snowplow. In Russian Bride, teams drove to a Soviet-era apartment on Komsomolskaya Street, fetched a bride, and then brought her to her groom at the Voznesensky Cathedral. Once the team had a picture taken with the couple, they received their next clue. In Russian Snowplow, teams drove to Stadium Spartak, where each team member took turns driving a snowplow through a marked course while being directed by their partner. When both team members completed the course, they received their next clue."
US,14,5,Detour,"After the Detour, teams had to drive to the State Public Scientific & Technological Library in order to find their next clue."
US,14,5,Roadblock,"In this leg's Roadblock, one team member had to choose two Russian marathon runners, who helped them warm up for ten minutes before they had to strip down to their underwear and run a 1.4-mile (2.3 km) course to the Pit Stop at the Novosibirsk Opera and Ballet Theatre, where their partner waited to join them."
US,14,6,Roadblock,"In this leg's Roadblock, one team member had to choose a group of camels and use traditional tools to load and carry a required amount of hay to the camels, as well as fill a trough with water, in order to receive their next clue."
US,14,6,Roadblock,"After the Roadblock, teams had to travel to the Ramniwas Ramgopal Puppet Store, where they found their next clue."
US,14,6,Speed Bump,"For their Speed Bump, Christie & Jodi had to travel to Kala Hanuman Temple, where they had to decorate an elephant's face with various paints to the satisfaction of the mahout before they could continue racing."
US,14,6,Detour,"This leg's Detour was a choice between Movers or Shakers. In Movers, teams traveled to the Sanganeri Gate and had to choose two rickshaws loaded with barrels of hay. They then had to transport the hay 1.5 miles (2.4 km) along the city wall of Jaipur to the Zorawar Singh Gate, where they had to search through the hay for an elephant charm, which they could then trade for their next clue. In Shakers, teams traveled to the Badi Chopar junction, where they had to don traditional costumes, join a local dance troupe, and earn ₹100 (roughly $2) worth of tips. They had to give the money that they'd earned to the band leader in exchange for their next clue."
US,14,6,Detour,"After the Detour, teams had to check in at the Pit Stop: Jaigarh Fort."
US,14,7,Detour,"This leg's Detour was a choice between 100 Barrels or 2 Miles. In 100 Barrels, teams had to travel to Pae Yod and prepare a fishing boat by filling 47 barrels with water and loading the other 53 barrels on the upper deck in order to receive their next clue. In 2 Miles, one team member had to pull a rickshaw carrying their partner two miles (3.2 km) from Wat Phutta Mongkhon Nimit to King Rama IX Park in order to find their next clue."
US,14,7,Detour,"After the Detour, teams had to check in at the Pit Stop: Wat Thep Nimit Temple."
US,14,7,Fast Forward,Mel & Mike confirmed in a post-show interview that there was an unaired and unused Fast Forward on this leg that involved purchasing items for an orphanage.
US,14,8,Roadblock,"In this leg's Roadblock, one team member had to properly attach a propeller to a traditional Thai long-tail boat in order to receive their next clue."
US,14,8,Roadblock,"After the Roadblock, teams had to navigate the waterways of Bangkok in their boat using a provided map in order to find the Peninsula Pier, where they found their next clue."
US,14,8,Detour,"This leg's Detour was a choice between Broken Teeth or Broken Record. In Broken Teeth, teams traveled to the ""Street of Happy Smiles"", where they had to search through 50 sets of dentures and match five patients with the correct set of dentures in order to receive their next clue. In Broken Record, teams had to travel to Wat Samphanthawong and choose a group of kathoeys and a party taxi. Teams then had to sing karaoke with the other travelers while the taxi driver drove them five miles (8 km) through the traffic of Bangkok's Chinatown until they returned to the temple, at which point, they could receive their next clue."
US,14,8,Detour,"After the Detour, teams had to check in at the Pit Stop: Phaya Thai Palace."
US,14,9,Speed Bump,"For their Speed Bump, Mark & Michael had to wash and dry the hair of two women outside of the hair salon before they could continue racing."
US,14,9,Roadblock,"In this leg's Roadblock, one team member had to direct a cormorant to retrieve fish that they had thrown in the Li River. Once the cormorant retrieved ten fish, teams received their next clue."
US,14,9,Roadblock,"After the Roadblock, teams had to travel to the Ancient South Gate in order to find their next clue."
US,14,9,Detour,"This leg's Detour was a choice between Choreography or Calligraphy. In Choreography, teams had to perform a traditional dance routine in order to receive their next clue. In Calligraphy, teams had to copy Chinese characters written by a calligrapher at four stations. Once one of the calligraphers was satisfied with the teams' calligraphy, he stamped their paper and they could proceed to the next station, which was named in the characters that they had just copied. Once teams acquired all four stamps, they were given their next clue."
US,14,9,Detour,"After the Detour, teams had to walk to the Pit Stop: the Sun and Moon Pagodas on Banyan Lake."
US,14,10,Roadblock,"In this leg's first Roadblock, one team member had to drink a cup of Chinese medicinal tea, endure a traditional therapeutic foot massage for ten minutes, and drink a second cup of tea in order to receive their next clue. In the event they could not bear the painful part of the massage, they could signal the masseuse to stop; however, the consequence of doing so would result in having to restart the massage from the beginning."
US,14,10,Roadblock,"After the first Roadblock, teams had to travel to the Guangcai Natatorium at the Beijing Muxiyuan Sports Technology School, where they found their next clue."
US,14,10,Detour,"This leg's first Detour was a choice between Sync or Swim. In Sync, teams would have had to perform a synchronized dive from three-metre (9.8 ft) springboards and score a five from both judges by hitting the water in unison in order to receive their next clue. In Swim, teams had to don swimsuits and then swim eight lengths of the pool (400 meters) with each team member alternating after two lengths in order to receive their next clue. While some teams attempted Sync, all teams completed Swim."
US,14,10,Detour,"After the first Detour, teams had to travel to the North Gate of the Drum Tower. There, teams met Phil, who told them that the leg was not over before handing them their next clue."
US,14,10,Detour,"This leg's second Detour at the Huguang Guild Hall was a choice between Beijing Opera or Chinese Waiter. In Beijing Opera, teams traveled to the Huguang Huiguan Opera House. There, they had to apply make-up to each other to match two models: a princess and a gentleman. After their makeup was approved, teams had to go to the stage and bow to the master in order to receive their next clue. After completing this task, teams were required to stay in costume for the duration of the leg. In Chinese Waiter, teams had to travel to the Huguang Huiguan Restaurant. There, they had to choose a table of customers and record five orders spoken in Mandarin. Teams then had to pronounce the orders correctly to a chef to have the orders prepared and then serve the plates to the customers in order to receive their next clue. If they pronounced any of the orders incorrectly, they had to go back and retake the orders."
US,14,10,Detour,"After the second Detour, teams found their next clue at the Wenchang Pavilion, which directed them to the Donghuamen Night Market for their next clue."
US,14,10,Roadblock,"In this leg's second Roadblock, one team member had to eat a plate of fried Chinese street food that included grasshoppers, beetle larvae, a scorpion, and a starfish in order to receive their next clue, which directed them to the Pit Stop: the Beijing National Stadium."
US,14,11,Roadblock,"In this season's final Roadblock, one team member had to search through a pile of more than three hundred surfboards for eleven that displayed an image depicting a task, location, or person related to the ten previous legs (one from each of the first nine legs, and one from each half of the tenth leg). They then had to arrange the surfboards along a fence in chronological order based on their appearance during the season. When all eleven surfboards were displayed in the correct order, teams received their final clue directing them to the finish line at the King Kamehameha Golf Club in Waikapu."
US,15,1,Roadblock,"In this season's first Roadblock, one team member had to participate in a Japanese-style game show called Sushi Roulette. Once all of the teams arrived at the Roadblock, the host spun a wheel with eleven plates of sushi, two of which were ""wasabi bombs"": temaki-style sushi filled with hot wasabi. If the racer received a wasabi bomb, they had two minutes to eat it in order to receive their next clue. If they failed to finish it within the allotted time, they had to play again until they received a new wasabi bomb and could complete the task. Racers who received plain sushi had to eat the sushi, but continue to play until they received a wasabi bomb."
US,15,1,Roadblock,"After the Roadblock, teams received a colored flag and had to lead a group of twenty Japanese tourists wearing the same colored visors as their flag via the scramble crossing in Shibuya to the Pit Stop at the Konnō Hachimangū Shrine. Teams could not check in unless all twenty members of their group were present at the mat. If even one member of their group were not present, teams had to go back to find them before being allowed to check in."
US,15,1,Roadblock,"At the Tokyo Tower Studios, teams spent the night in a green room before proceeding to the Roadblock. This aspect was unaired."
US,15,2,Speed Bump,"For their Speed Bump, Maria & Tiffany had to prepare a serving of the Vietnamese soup phở by collecting the ingredients at a soup stand, combining them, and then serving the completed soup to the dock master before they could continue racing."
US,15,2,Roadblock,"In this leg's Roadblock, one team member had to herd 150 ducks out of their pen, lead them across a bridge and back, and then herd them back into their pen in ten minutes using two flags to guide them. With only six available fields, if the team member failed to complete the task within ten minutes, they had to relinquish their spot to another team before they could start over. Once racers completed the task, they received their next clue, which directed them to the Pit Stop: the Bassac III riverboat, floating on the Mekong River."
US,15,3,Detour,"This season's first Detour was a choice between Child's Play or Word Play. In Child's Play, teams had to find a kiosk in Tao Đàn Park and deliver a concrete animal statue to a playground, along with five balloons that they collected en route, in order to receive their next clue. In Word Play, teams had to go up to the observation deck of the Hotel A Dong and search the traffic circle of Ngã sáu Cộng Hoà (a six-way intersection) in front of the hotel for six Vietnamese letters hidden atop vehicles passing through the circle. Once a security guard verified their letters, teams had to get assistance from locals to unscramble the letters to spell the Vietnamese word Độc Lập (Independence) in order to receive their next clue."
US,15,3,Detour,"After the Detour, teams had to travel to Điện Cơ 008 in order to find their next clue."
US,15,3,Roadblock,"In this leg's Roadblock, one team member had to disassemble two VCRs and organize the parts into separate piles in order to receive their next clue directing them to the Pit Stop: the Reunification Palace."
US,15,4,Detour,"This leg's Detour was a choice between Cover or Wrap. In Cover, teams traveled to a motorcycle helmet shop located at the Russian Market, chose four helmets, and had to sell them to a family of four for US$10. They then had to exchange the money with the store owner for their next clue. In Wrap, teams had to travel to the Russian Market and find a specific stall, where the shopkeeper handed them a silk scarf. They then had to search the market for a woman wearing an identical scarf and bring the woman back to the stall in order to receive their next clue."
US,15,4,Detour,"After the Detour, teams had to travel to Wat Toul Tom Pong, where they found their next clue."
US,15,4,Roadblock,"In this leg's Roadblock, one team member had to put on a monkey mask and tail and perform three classical Khmer monkey dance maneuvers as demonstrated by a monkey dancer in order to receive their next clue directing them to the Pit Stop: Wat Phnom."
US,15,5,Fast Forward,"This season's only Fast Forward required teams to travel to the Dubai Autodrome, where one team member had to drive a Formula Three open wheel race car and complete a single lap around the track in 45 seconds or less. Meghan & Cheyne won the Fast Forward and were then driven to the Pit Stop in a Maserati."
US,15,5,Fast Forward,"Teams who didn't choose the Fast Forward had to travel to a parking area in The Dubai Mall, search for a marked car, and then drive themselves to the Dubai Desert Conservation Reserve, where they were driven in a 4x4 vehicle to their next clue."
US,15,5,Roadblock,"In this leg's Roadblock, one team member had to pick a traditional water bag and search the desert reserve for a series of urns buried in the sand. Some of the urns contained water, while others were empty. When they filled their bag with water, they had to give it to a Bedouin in order to receive their next clue."
US,15,5,Roadblock,"After the Roadblock, teams had to drive to the Mall of the Emirates and find their next clue at Ski Dubai."
US,15,5,Detour,"This leg's Detour was a choice between Build a Snowman or Find a Snowman. In Build a Snowman, teams had to carry snow outside, where the temperature was approximately 120 °F (49 °C), and then build a complete snowman before the snow melted in order to receive their next clue. In Find a Snowman, teams had to ride a ski lift to the top of the artificial mountain, sled down to the bottom, and dig through a mound of snow for a buried toy snowman. When teams found one, they had to give it to a person in a polar bear suit in exchange for their next clue."
US,15,5,Detour,"After the Detour, teams had to check in at the Pit Stop: Souk Madinat Jumeirah."
US,15,6,Roadblock,"In this leg's Roadblock, one team member had to row an inflatable dinghy out to a yacht anchored offshore and meet a sheikh, who gave them a watch. After rowing back to the dock, they had to figure out that the time displayed on the watch was the combination to the lock on the briefcase, which they had to open in order to retrieve their next clue."
US,15,6,Roadblock,"After the Roadblock, teams had to travel to the Old Textile Souk Quarter and then travel by abra across the Dubai Creek to the neighborhood of Deira, where they found their next clue."
US,15,6,Detour,"This leg's Detour was a choice between Gold or Glass. In Gold, teams had to find Deepu Jewellers in Deira's Gold Souk, where they used a precision scale to weigh out US$500,000 worth of gold to the nearest troy ounce in order to receive their next clue. The price of gold per ounce was displayed on a television monitor but could change by the minute. In Glass, teams traveled to the Spice Souk in Deira, where they had to open a crate and properly assemble twelve hookahs using all of the parts from the crate and three displayed hookahs as guides in order to receive their next clue."
US,15,6,Detour,"After the Detour, teams traveled to Aquaventure at Atlantis, The Palm, on Palm Jumeirah. There, both team members had to slide down the resort's Leap of Faith water slide, which dropped them six stories down a nearly 90° incline and through a tunnel beneath the aquarium's shark lagoon, before receiving their next clue. If multiple teams were at the top of the slide at the same time, the leading team had two minutes to go down the slide before relinquishing their spot. Teams could then check in at the nearby Pit Stop: Dolphin Bay Beach."
US,15,6,Roadblock,"The water slide task was later referenced in season 28 during the Roadblock at Aquaventure, where teams rode a different water slide."
US,15,7,Roadblock,"In this leg's Roadblock, one team member had to climb to the top of the Martinitoren and count all of the bells in the carillon. When they provided the correct number to the carillonneur, they received their next clue; otherwise, they had to climb back up to the carillon to count again."
US,15,7,Roadblock,"After the Roadblock, teams had to travel to the De Onderneming Windmill in Vierhuizen in order to find their next clue."
US,15,7,Detour,"This leg's Detour required teams to don traditional Dutch costumes and ride bicycles to their Detour: Farmer's Game or Farmer's Dance. In Farmer's Game, teams had to strip down to their Dutch underwear and swim across a creek. On the other side, they had to retrieve a special set of golf clubs and play three holes of Farmersgolf. Team members took turns with each stroke and had to finish within par of eight strokes on each hole in order to receive their next clue. In Farmer's Dance, teams had to find a country festival, where one team member had to hit the bell on a high striker. Team members alternated until one team member successfully hit the bell. They then had to enter a dance hall and learn a traditional Dutch folk dance to perform in front of a crowd. If the dance was to the instructor's satisfaction, each team member was given a serving of soused herring, which they had to eat in order to receive their next clue."
US,15,7,Detour,"After the Detour, teams had to ride their bicycles to the Pit Stop at Zoutkamp Harbor."
US,15,7,Detour,"Maria & Tiffany were unable to complete either of the Detour options and elected to quit the task, knowing that this would essentially mean quitting the race. After all of the other teams had checked in at the Pit Stop, Phil came out to the Detour to inform Maria & Tiffany that they were eliminated."
US,15,8,Detour,"This leg's Detour was a choice between Nobel Dynamite or Viking Alphabet. In Nobel Dynamite, teams drove to a rock quarry and had to fill sandbags in order to create a protective bunker before setting off an explosion with dynamite, which unearthed a metal box containing their next clue. In Viking Alphabet, teams would have decoded a message in Elder Futhark on a runestone, using smaller stones with both runes and letters, that told them to ""Locate Trygve the Strong Viking"" in order to receive their next clue. All teams chose Nobel Dynamite."
US,15,8,Detour,"After the Detour, teams had to drive to the Bögs Gård Farm in Häggvik, where they found their next clue."
US,15,8,Roadblock,"This leg's Roadblock was a Switchback from season 6, where one team member had to search through 186 hay bales to find one of seven Amazing Race flags. When racers found a flag, they could proceed with their partner to the nearby Pit Stop."
US,15,9,Roadblock,"In this leg's Roadblock, one team member had to enter the cellar of the Mustpeade Maja and participate in a ceremony of the Brotherhood of Blackheads Guild. Team members had to pick up a candelabra with a room number attached to it from a table. When they found the room, they were given what appeared to be a blank scroll. Team members had to figure out that their next clue was written in invisible ink and could be revealed by holding the scroll over the light of the candle. The clue read Pikk Hermann Tower Gardens, which was their next destination."
US,15,9,Speed Bump,"For their Speed Bump, Gary & Matt had to find a Saunabuss parked nearby. They then had to strip naked and spend five minutes in the sauna with some locals before they could continue racing."
US,15,9,Detour,"This leg's Detour was a choice between Serve or Sling. In Serve, teams had to strip to their underwear and participate in a game of volleyball in the bog, where they had to score a total of five points against a local team in order to receive their next clue. In Sling, teams had to put on bog shoes and walk out onto a bog, where they used slingshots to fire vegetables at a target, which, when hit, collapsed a table full of cabbages along with their next clue."
US,15,9,Detour,"After the Detour, teams had to check in at the Pit Stop: the Keava Raba Overlook Tower."
US,15,10,Detour,"This leg's Detour was a choice between Fast & Furious or Slow & Steady. In Fast & Furious, teams had to row a kayak down a man-made whitewater rafting course used by professional kayakers and grab a ribbon suspended over the course which had their next clue written on it. If their boat capsized before reaching the clue, they had to start over. In Slow & Steady, both team members had to pull themselves along an aerial rope course suspended above the rafting course and grab one of two ribbons that, when combined, had their next clue written on them. Sam & Dan attempted Fast & Furious, but were unsuccessful after two attempts. All teams thus completed Slow & Steady. The text on the ribbon was written in Czech – Stavovské Divadlo – and teams to figure out that their next clue was at the Estates Theatre."
US,15,10,Roadblock,"In this leg's Roadblock, one team member had to search the Estates Theatre for a miniature mandolin and bring it on-stage to an actor dressed as the titular character from the Mozart opera Don Giovanni in order to receive their next clue directing them to the Pit Stop: Prague Castle."
US,15,11,Speed Bump,"For their Speed Bump, Brian & Ericka had to travel to the M1 Lounge, where each of them had to prepare and drink a traditional shot of absinthe before they could continue racing."
US,15,11,Roadblock,"In this leg's Roadblock, one team member had to enter a kafkaesque room and search among several hundred ringing telephones for the five that had a person on the other end of the line. A voice from each phone gave racers one letter of the word FRANZ: a reference to Franz Kafka. Without writing anything down, racers had to remember each letter before entering the supervisor's office, where they had to fill out a lengthy form and correctly unscramble the five letters to receive them their next clue. If they were wrong, racers had to fill out a new form and try again."
US,15,11,Roadblock,"After the Roadblock, teams had to travel to the Kryocentrum, where they had to strip down to their underwear and spend two minutes in a cryotherapy chamber, which reached temperatures of −160 °C (−256 °F), to receive their next clue. Teams were then directed to the Charles Bridge, where they found their next clue."
US,15,11,Detour,"This season's final Detour was a choice between Legend or Lager. In Legend, teams had to build a golem by placing wet clay around a hay frame and then transport it to the Old New Synagogue. If the golem met the satisfaction of the rabbis, teams received their next clue. In Lager, teams had to carry a total of thirty glasses of beer from the U Fleků brewery through the busy town square and deliver them to the Restaurace Kozička to receive their next clue."
US,15,11,Detour,"After the Detour, teams had to check in at the Pit Stop: Střelecký Island."
US,15,11,Roadblock,"Big Easy chose to quit the Roadblock and he & Flight Time were issued a four-hour penalty. By the time their penalty was over, all of the other teams had already checked in at the Pit Stop. After arriving at the Kryocentrum, Flight Time & Big Easy were instructed to go directly to the Pit Stop for elimination."
US,15,12,Roadblock,"In this season's final Roadblock, one team member had to rappel face-first down the exterior of the Mandalay Bay hotel tower in order to receive their next clue."
US,15,12,Roadblock,"After the Roadblock, teams were directed to find the desert's mirage leading them to The Mirage, where they found their next clue at the Love theater. There, one team member was harnessed in a bungee cord and launched by their teammate in an attempt to retrieve a bouquet of flowers dangling in the air. Once racers caught the bouquet, they had to exchange it with a flower child for their next clue."
US,16,1,Roadblock,"In this season's first Roadblock, one team member had to cross a tightrope the length of a football field (360 ft or 110 m) suspended 120 feet (37 m) above the ground to the end of the valley, where they found their next clue."
US,16,1,Roadblock,"After the Roadblock, teams had to take a funicular down the mountain to find their next clue. Teams then had to travel to Paseo Templeman, pick up painting supplies, and find a group of house painters next to a house matching the color of their paint. Once at the house, they had to finish painting a portion of the house in order to receive their next clue directing them to the Pit Stop: Palacio Baburizza."
US,16,1,Roadblock,"Dana & Adrian were unable to complete the Roadblock. After all the other teams checked in at the Pit Stop, Phil came out to the Roadblock to inform them of their elimination."
US,16,2,Detour,"This season's first Detour was a choice between Llama Adoration or Condor Consternation. In Llama Adoration, teams traveled by boat to a farm where they had to properly dress a llama in order to receive their next clue. In Condor Consternation, teams traveled by boat to a beach where they used hang glider-like condor costumes to ""fly"" to their next clue in the water."
US,16,2,Detour,"After the Detour, teams had to drive to the Onces y Cabañas Bellavista in Puerto Varas, where they found their next clue."
US,16,2,Roadblock,"In this leg's Roadblock, teams had to collect the ingredients to make Kuchen – including a plate of butter, a bowl of sugar, a bag of flour, a baker's dozen of eggs from a hen house, and a cup of milk from a cow – and then deliver them to the baker in order to receive a serving of Kuchen and their next clue directing them to the Pit Stop: the Iglesia del Sagrado Corazón de Jesús in Puerto Varas."
US,16,3,Roadblock,"In this leg's Roadblock, one team member used a lasso to rope a target 18 feet (5.5 m) away and pull it toward them in order to receive their next clue."
US,16,3,Roadblock,"After the Roadblock, teams had to drive to Puente Ñirihuau and find their next clue."
US,16,3,Detour,"This leg's Detour was a choice between Horse Sense or Horse Power. In Horse Sense, teams were given a set of directions and, using only a stationary compass, had to find a bag of loot buried in a field. They then delivered the bag to a bandit, and if the markings on their bag matched the coordinates given to them, he gave the team a coin imprinted with the name of the Pit Stop. In Horse Power, teams went to a polo field and, using a wooden practice horse, had to score a goal within nine strokes in order to receive a trophy imprinted with the name of the Pit Stop."
US,16,3,Detour,"After the Detour, teams had to check in at the Pit Stop: Estancia Fortin Chacabuco in Neuquén Province."
US,16,4,Roadblock,"In this leg's Roadblock, one member from each of the newly-joined teams had to take the S-Bahn to the Port of Hamburg and complete a 150-foot (46 m) tandem bungee jump in order to receive their next clue, which they couldn't open until they reunited with their partners. After this task, teams were no longer joined."
US,16,4,Roadblock,"After the Roadblock, teams had to travel to the Kaiser Wilhelm I Statue at the Altonaer Rathaus and find their next clue."
US,16,4,Detour,"This leg's Detour was a choice between Soccer or Sauerkraut. In Soccer, teams traveled to the Adolf-Jäger-Kampfbahn Stadium and had to kick soccer balls from the penalty mark through five targets located in the goal in order to receive their next clue. In Sauerkraut, teams traveled to Alt-Hamburger Bürgerhaus restaurant and had to eat a plate of sauerkraut while a band played a song called the ""Sauerkraut Polka"". Teams had to finish the plate before the end of the song in order to receive their next clue. If the song ended before teams finished, they had to start over with a new plate of sauerkraut."
US,16,4,Detour,"After the Detour, teams had to travel to the Haifischbar, where each team had to drink a boot of beer in order to receive their next clue. Teams were directed to the Beatles-Platz and then had to search through Hamburg's red-light district for the Pit Stop: the Indra Musikclub."
US,16,5,Speed Bump,"For their Speed Bump, Jordan & Jeff had to reinforce a trench wall with branches before they could continue racing."
US,16,5,Detour,"This leg's Detour was a choice between In the Trenches or Under Fire. For both tasks, teams dressed as World War I-era American soldiers. In In the Trenches, teams traveled through trenches to a telegraph, where they deciphered a message in Morse code – ""We will prevail; Vive la France"" – and presented their deciphered message to the French sergeant in exchange for the next clue. In Under Fire, teams crawled 100 feet (30 m) under barbed wire to receive a message – ""The war is over; Vive la liberté"" – from a man in a foxhole. They then crawled back to present the message to the sergeant. After completing either task, teams had to send their message to ""headquarters"" via carrier pigeon in order to receive their next clue."
US,16,5,Detour,"After the Detour, teams had to travel south down a road until they reached their next clue. Teams then had to continue to the Church of Massiges, where they changed out of their doughboy gear and into inaugural Tour de France bicycling gear, and then rode on antique bicycles along a four-mile (6.4 km) course to the Pit Stop: the town hall of Wargemoulin-Hurlus."
US,16,5,Detour,"Joe & Heidi failed to complete the second Detour option that they had to do as a result of being U-Turned. After all of the other teams had already checked in at the Pit Stop, Phil came out to the Detour location to inform them of their elimination."
US,16,6,Roadblock,"In this leg's Roadblock, one team member had to rappel 100 feet (30 m) into the chalk cellars of Leclerc Briant's winery and search for a bottle of champagne marked with a small yellow and red striped flag amongst the riddling racks. Once they found the bottle, they returned to the surface and used a traditional sabrage technique to open the bottle, the force of which propelled out their next clue."
US,16,6,Roadblock,"After the Roadblock, teams had to drive to the Château de la Marquetterie in Pierry, where they found their next clue."
US,16,6,Detour,"This leg's Detour was a choice between Tower or Terra. In Tower, teams had to stack champagne saucers into a 15-level pyramid with only one glass on the top level, and then pour the entire contents of a magnum of champagne onto the top of the pyramid without breaking any of the glasses in order to receive their next clue. In Terra, teams had to search the one-square-kilometre (250-acre) vineyards for a cluster of wine grapes marked with an Amazing Race flag, which they could exchange for their next clue."
US,16,6,Detour,"After the Detour, teams had to check in at the Pit Stop: La Maison Gallice in Épernay."
US,16,7,Detour,"This leg's Detour was a choice between Turtle Toddle or Ox Trot. In Turtle Toddle, teams used a banana to lure a 500-pound (230 kg), 100-year-old giant tortoise across a marked path on a lawn. Once the turtle crossed the finish line, both team members had to deliver a bunch of bananas to a fruit merchant 1.5 miles (2.4 km) away in order to receive their next clue. In Ox Trot, teams pulled a cart to a clearing where they had to load a pile of coconuts. After an ox was hitched to their cart, teams had to deliver the coconuts to the same fruit merchant in order to receive their clue. If teams lost any of their coconuts, they had to retrieve them in order to complete the task."
US,16,7,Detour,"After the Detour, teams had to swim to a marked boat and travel to a buoy near St. Pierre Island, where the captain gave them their next clue."
US,16,7,Roadblock,"In this leg's Roadblock, one team member had to dive into the ocean and retrieve one of seven bottles tied to a platform in the water."
US,16,7,Roadblock,"After the Roadblock, teams were taken to near the shoreline of Praslin and had to swim to land. Once on shore, teams had to empty the contents of their bottle to reveal a puzzle map that, when assembled, led them to the Pit Stop at the Paradise Sun Hotel."
US,16,8,Detour,"This leg's Detour was a choice between Buddhist Tradition or Chinese Custom. In Buddhist Tradition, teams had to travel to the Tien Kong Than Temple and carry 12 large joss sticks to the top of the temple. After arranging them in the proper order, teams lit them and then received their next clue. In Chinese Custom, teams had to travel to the Esplanade, where they participated in the Chinese New Year tradition of balancing large flags on their foreheads and running across the esplanade. After both team members made it across the esplanade without letting their flags fall, they received their next clue."
US,16,8,Detour,"After the Detour, teams had to travel to Kuil Sri Singamuga Kaliamman in Teluk Bahang, where they found their next clue."
US,16,8,Speed Bump,"For their Speed Bump, Jet & Cord had to travel to the Tropical Spice Garden, where they found a woman crushing spices for tea. Then, by smell, they had to choose the correct prepared tea and serve it to a guru sitting on a swing. Once the guru finished drinking the tea, they could continue racing."
US,16,8,Roadblock,"In this leg's Roadblock, one team member had to break open several coconuts until they found one that had colored flesh. They then had to build a traditional Hindu offering called a float and give it to the waiting Gurukkal, who sent it out to sea and then gave racers their next clue directing them to the Pit Stop: the Pinang Peranakan Mansion in George Town."
US,16,9,Fast Forward,"In this season's only Fast Forward, one team traveled to the Singapore Flyer, where they had to climb out of an observation pod at the top of the 541-foot (165 m) Ferris wheel and cross a ladder to the next pod. Dan & Jordan won the Fast Forward."
US,16,9,Detour,"This leg's Detour was a choice between Pounding The Drums or Pounding The Pavement. In Pounding The Drums, teams traveled to Speakers' Corner, where they had to learn a complex drum routine for a lion dance performance and correctly perform the routine with a dance troupe in order to receive their next clue. In Pounding The Pavement, teams traveled to an open area on Rochor Road, where they had to deliver supplies to a marked ice cream cart and sell 25 Singaporean-style ice cream sandwiches in order to receive their next clue."
US,16,9,Detour,"After the Detour, teams were instructed to find their next clue at the intersection of their ""last Pit Stop city"" (Penang) and Orchard Road, sending them to Istana Park at the intersection of Penang Road and Orchard Road. Teams then had to travel to ASL Marine Shipyard in order to find their next clue."
US,16,9,Roadblock,"In this leg's Roadblock, one team member had to inspect an anchor chain by counting the number of links, while dealing with noise created by the workers at the port and announcements from a loudspeaker, and write the correct number down on a clipboard in order to receive their next clue."
US,16,9,Roadblock,"After the Roadblock, teams had to travel to MegaZip Adventure Park, where they found their next clue instructing them to ride the MegaZip, a 1,476-foot (450 m) long zipline, in order to receive their next clue directing them to the Pit Stop: the Marina Barrage."
US,16,10,Roadblock,"In this leg's first Roadblock, one team member had to make one kilogram (2.2 lb) of lamian noodles in order to receive their next clue from He Pingping, the world's shortest man."
US,16,10,Roadblock,"After the first Roadblock, teams had to travel to the Deke Erh Art Center in Tianzifang, where they entered a fashion studio and chose a sketch of an outfit. They then had to choose the correct pieces of clothing as shown in the sketch and give them to a fashion model to wear. If they chose the right clothing and accessories, the fashion designer gave them their next clue, which sent teams to Hongkou Football Stadium."
US,16,10,Roadblock,"In this leg's second Roadblock, the team member who did not perform the previous Roadblock had to assemble a 96-piece puzzle and give the puzzle pieces to a group of fans in the bleachers. If assembled correctly, the puzzle pieces, when flipped over, revealed the seat number where teams could find their next clue."
US,16,10,Roadblock,"After the second Roadblock, teams had to travel by Shanghai Metro to the Pit Stop: the Shanghai Science and Technology Museum."
US,16,11,Speed Bump,"For their Speed Bump, Louie & Michael had to participate in a good luck ritual by each tossing one coin into the top opening of the large incense burner on the Longhua Temple grounds before they could continue racing."
US,16,11,Roadblock,"In this leg's Roadblock, one team member had to enter Arhat Hall at the Longhua Temple and count all of the golden statues in the room in order to receive their next clue. If their guess was incorrect, they had to wait ten minutes before making another guess."
US,16,11,Roadblock,"After the Roadblock, teams traveled by motorcycle to the Yuyuan Garden, where they found their next clue."
US,16,11,Detour,"This season's final Detour was a choice between Pork Chops or Pork Dumplings. In Pork Chops, teams entered an art stone store and looked through several hundred special stone stamps called chops for the two that had a pig on the bottom and one with each of their names in order to receive their next clue. In Pork Dumplings, teams would have had to travel to Nanxiang Steamed Bun Restaurant and deliver ten orders of xiaolongbao across the market in order to receive their next clue. All teams chose Pork Chops."
US,16,11,Detour,"After the Detour, teams had to check in at the Pit Stop: the Riverside Promenade."
US,16,12,Roadblock,"In this season's final Roadblock, one team member had to use an ascender to reach the top archways of Coit Tower in order to get their next clue before being lowered back to the ground."
US,16,12,Roadblock,"After the Roadblock, teams had to travel to Industrial Light & Magic and find their next clue by the Yoda Fountain. Then, one team member had to put on a motion capture suit and enter a sound stage while their partner directed them to walk an avatar through a virtual course based on Star Wars: The Clone Wars. After getting through two levels of the course, the directing partner had to copy down their next clue from a computer screen which directed them to the Tonga Room."
US,17,1,Roadblock,"In this season's first Roadblock, one team member had to travel on horseback to a tournament area. There, they had to use a giant slingshot to launch a watermelon and knock over a suit of armor standing 50 feet (15 m) away in order to receive their next clue, which directed them to search the nearby castle grounds for the Pit Stop."
US,17,1,Roadblock,"While performing the Roadblock, Claire's slingshot became twisted and launched the watermelon back at her, where it smacked her in the face. CBS released a clip of this scene before the season premiere and it became a viral phenomenon. Claire was stunned, but not otherwise seriously injured."
US,17,1,Roadblock,"Ron & Tony were unable to perform the coracle task. Already in last place, production informed them to swim across the moat without applying a penalty. Ron then performed the Roadblock, which was unaired."
US,17,2,Roadblock,"In this leg's Roadblock, one team member had to sell enough sunglasses to make GH₵15 (roughly $10) in order to receive their next clue."
US,17,2,Roadblock,"After the Roadblock, teams had to travel to Peace Motor Spare Parts in Teshie and find their next clue."
US,17,2,Detour,"This season's first Detour was a choice between Tune In or Check Out. In Tune In, teams had to travel to Adom Electronics, pick up a television antenna, bring it to a specified house, and set it up to the customer's preference. Once the television picked up a proper signal, the homeowner gave teams their next clue. In Check Out, teams had to bring a fantasy coffin from Emmanuel's Woodshop to a showroom across town in order to receive their next clue."
US,17,2,Detour,"After the Detour, teams had to check in at the Pit Stop: Kaneshie Market."
US,17,3,Roadblock,"In this leg's Roadblock, one team member had to perform a boxing workout. After wrapping their hands properly, they had to punch a punching bag and then jump rope for 60 seconds on each exercise without stopping in order to receive their next clue from their boxing trainer."
US,17,3,Roadblock,"After the Roadblock, teams had to travel to the supply depot in Dodowa, where they had to load up two wheelbarrows with building supplies and then deliver them to the Asebi D/A Primary School. Once there, teams had to join a geography class studying a map of Africa. While the children located other nations in Africa, teams had to correctly locate Ghana on the map in order to receive their next clue."
US,17,3,Detour,"This leg's Detour was a choice between Bicycle Parts or Language Arts. In Bicycle Parts, both team members had to use a stick to roll a bicycle wheel's rim down the length of a soccer field and back without touching the rim with their hands or letting it fall over in order to receive their next clue. In Language Arts, teams chose a proverb with eight highlighted phrases that corresponded to a series of eight Adinkra symbols. Using a nearby decoder key, teams had to locate the eight symbols in a massive word search-like puzzle and circle the correct set of Adinkra symbols in order to receive their next clue."
US,17,3,Detour,"After the Detour, teams had to check in at the Pit Stop: the home of Awusa Ntso in Doryumu. After checking in, teams helped renovate the school that they visited during this leg."
US,17,4,Speed Bump,"For their Speed Bump, Michael & Kevin had to sit on chairs made of ice in the Icehotel for ten minutes before they could continue racing."
US,17,4,Roadblock,"In this leg's Roadblock, one team member had to choose a sled dog team and hitch them to a summer training sled. They then had to take the dogs on a course to a hunter's camp, collect five different flags along the way, trade the flags for fur pelts, and then bring the pelts back to the lodge in order to receive their next clue."
US,17,4,Roadblock,"After the Roadblock, teams had to drive to the Vassijaure Railway Station in Riksgränsen, where they found their next clue."
US,17,4,Detour,"This leg's Detour was a choice between Sleds or Beds. In Sleds, teams had to use TechSleds to race down a mountain course in less than 1 minute and 58 seconds in order to receive their next clue. In Beds, teams had to properly build a traditional Sami dwelling known as a goahti and furnish the inside with furs and a fire pit in order to receive their next clue. Jill & Thomas used their Express Pass to bypass this Detour."
US,17,4,Detour,"After the Detour, teams had to check in at the Pit Stop: the Swedish–Norwegian Border in Riksgränsen."
US,17,5,Fast Forward,"In this season's only Fast Forward, one team had to drive themselves to the Stornaustet immersive restaurant in Vidrek and eat an entire serving of smalahove: a boiled sheep's head. Nat & Kat won the Fast Forward."
US,17,5,Fast Forward,"Teams who chose to not attempt the Fast Forward had to drive to the Skjomen Bridge, where they found their next clue."
US,17,5,Roadblock,"In this leg's Roadblock, one team member had to rappel off the Skjomen Bridge and then signal for one of two waiting boats to give them their next clue. After retrieving the clue from the boat, the team member had to use a mechanical ascender to return to the bridge deck."
US,17,5,Roadblock,"After the Roadblock, teams had to drive to Hårvika in Sandtorg and find their next clue."
US,17,5,Detour,"This leg's Detour was a choice between Bike or Boat. In Bike, teams had to ride a bicycle along a course to a sign, where combinations of numbers and colors were shown. Teams then had to memorize the combination of the color that matched the color on their bicycle lock, return to the starting point, and then use the combination to unlock their next clue. In Boat, teams had to navigate a fishing trawler to a specific location using a map. They then had to deliver two cod and a chainsaw to a summer lodge in exchange for their next clue."
US,17,5,Detour,"After the Detour, teams had to check in at the Pit Stop: the Ankenes Marina in Ankenesstranda."
US,17,6,Detour,"This leg's Detour was a choice between Classical Music or Classic Cinema. In Classical Music, teams had to travel to Beloselsky-Belozersky Palace and listen to three different compositions – Mussorgsky's Pictures at an Exhibition, Rimsky-Korsakov's Scheherazade, and Tchaikovsky's Troika – playing on three numbered gramophones. They then entered a music hall full of pianists playing several different compositions and had to take a copy of the sheet music from the pianist playing one of the three compositions. Once the correct compositions were placed in the correct order, they received their next clue. In Classic Cinema, teams had to travel to Lenfilm and search through several hundred filmstrips until they found one matching the film playing in the theater: Sergei Eisenstein's October: Ten Days That Shook the World. When they showed the correct filmstrip to the projectionist, they received their next clue. Depending on which Detour task they completed, teams were given either a record or a film canister with a photo of the location of their next clue: Palace Square."
US,17,6,Roadblock,"In this leg's Roadblock, one team member had to dress up like a babushka, pick up a sack of fifty potatoes, and fill a wheelbarrow with cow manure. A babushka then showed them how to properly plant the potatoes. Once the potatoes were planted, they received their next clue, which directed them to the Pit Stop: the Alexander Garden, adjacent to Saint Isaac's Cathedral."
US,17,7,Detour,"This leg's Detour was a choice between Circus Band or Circus Clown. In Circus Band, team members had to learn and correctly play a Russian folk song – Ivan Larionov's ""Kalinka"" – on the accordion in order to receive their next clue. In Circus Clown, teams had to learn plate spinning and get ten plates to spin simultaneously for ten seconds without falling in order to receive their clue."
US,17,7,Detour,"After the Detour, teams began a ""Russian mystery"" task. The first clue was to find the canal bridge guarded by four creatures with golden wings: Bank Bridge. The next clue told teams to travel on foot to the tower at 1 Vladimirsky Prospekt. At the top of the tower, only one team member was allowed to look around for a clue to the next location: a figurine of the Church on Spilled Blood. After locating the figurine, teams then had to walk to the church to get their next clue: ""What am I? Peter the Great is buried inside me. The writer Dostoevsky was imprisoned within me. Find me and then search for the Gorodki Courts."" Teams had to figure out that their destination was the Peter and Paul Fortress, where they found their next clue."
US,17,7,Roadblock,"In this leg's Roadblock, one team member had to clear three gorodki pin formations by tossing a wooden bat in order to receive their next clue. After two attempts at a formation, the pins were reset."
US,17,7,Roadblock,"After the Roadblock, teams had to check in at the Pit Stop: the Naryshkin Bastion at the Peter and Paul Fortress."
US,17,8,Roadblock,"In this leg's Roadblock, one team member had to rappel 500 feet (150 m) down the side of the mountain to a field of hundreds of oil lamps, a handful of which held Aladdin's magic ring. Once they found a lamp with a ring, they could exchange it for their next clue."
US,17,8,Roadblock,"After the Roadblock, teams had to drive to the Stack of Books in Nizwa in order to find their next clue."
US,17,8,Detour,"This leg's Detour was a choice between Water Table or Wedding Table. In Water Table, teams have to pump enough water from a well in order to fill a water truck and then direct the truck's driver to deliver the water to a specified house in the neighborhood of Aswat Al Eid in order to receive their next clue. In Wedding Table, teams would have driven to an Arab market and purchased ingredients needed to prepare a traditional Omani dish: maqbous. Once the dish was complete, teams had to serve the dish to a bride and groom in order to receive their next clue. All teams chose Water Table."
US,17,8,Detour,"After the Detour, teams had to drive to the Muttrah Souq in Muscat, where they had to find a frankincense vendor and then search the marketplace for ""Ali Baba"" in order to trade the frankincense for their next clue, which directed them to the Pit Stop: the Al Alam Palace."
US,17,9,Detour,"This leg's Detour was a choice between Balanced Meal or Balanced Bricks. In Balanced Meal, teams had to pick up thirty filled tiffin carriers and take them by boat to a cargo ship in the harbor. After lifting the carriers onto the ship, teams had to bring ten empty carriers back to shore, where they could exchange them for the next clue. In Balanced Bricks, teams had to unload bricks from a supply barge and carry them in baskets on top of their heads to a nearby shop. Once they delivered 100 intact bricks, they received their next clue."
US,17,9,Detour,"After the Detour, teams were instructed to go on foot to Sadarghat. Teams then had to travel by cycle rickshaw to the Nazira Bazaar in order to find their next clue."
US,17,9,Roadblock,"In this leg's Roadblock, one team member had to properly assemble a cycle rickshaw using the parts provided in order to receive their next clue, which directed them to the Pit Stop: Lalbagh Fort."
US,17,10,Roadblock,"In this leg's Roadblock, one team member had to use chopsticks to search among several plates of food on a buffet for one of five pieces of fake food normally used for display in order to receive their next clue. Team members had to eat any real food that they picked up before they could continue searching."
US,17,10,Roadblock,"After the Roadblock, teams had to travel to the Avenue of Stars and locate the Statue of Bruce Lee in order to find their next clue."
US,17,10,Detour,"This leg's Detour was a choice between Ding Ding or Sampan. In Ding Ding, teams would have had to ride the Hong Kong Tramways, colloquially known as the ""Ding Ding"", between Arsenal Street and the Causeway Bay Terminus, while searching through thousands of signs for three signs (reading Pit Stop, Statue, and Square) which, when combined, would reveal the location of the Pit Stop. In Sampan, teams went to the Jumbo Kingdom's dock and took a pair of budgerigars in a birdcage on a sampan. They then had to search along the Aberdeen Typhoon Shelters for a boat with the registration number matching the number on their birdcage. When they found it, teams could then trade the birdcage for the location of the Pit Stop. Jill & Thomas attempted Ding Ding before switching to Sampan."
US,17,10,Detour,"After the Detour, teams had to check in at the Pit Stop: Statue Square, overlooking The Cenotaph."
US,17,11,Roadblock,"In this leg's Roadblock, one team member had to pick a headband and then search among two hundred soldiers practicing taekwondo for the one soldier wearing a matching headband. Once they found the right soldier, the soldier broke open a wooden board that contained their next clue. If they chose the wrong soldier, the soldier took their headband and team members had to retrieve another headband to try again."
US,17,11,Speed Bump,"For their Speed Bump, Nick & Vicki had to clean a M109 howitzer. This task was not described by Phil on air because Nick & Vicki had fallen so further behind the other teams on the previous leg."
US,17,11,Roadblock,"After the Roadblock, teams had to travel by subway to the Seoul World Cup Stadium, where they found their next clue."
US,17,11,Detour,"This season's final Detour was a choice between Full Throttle or Full Bottle. In Full Throttle, teams had to travel to the Mokdong Ice Rink, where they had to put on short track speed skating suits and complete a two-person skating relay of 24 laps around the rink in order to receive their next clue. In Full Bottle, teams would have had to travel to Namdaemun Market, where they would have had to deliver six large glass jars of ginseng roots to a holistic wellness store without breaking any of them. When they were done, both team members would have had to finish a bottle of tonic in order to receive their next clue. All teams chose Full Throttle."
US,17,11,Detour,"After the Detour, teams had to travel to the Yeouido Hangang Park, where they had to search the park for an airplane statue in order to find their next clue, which directed them to the Pit Stop: the Temple of Heaven."
US,17,11,Speed Bump,"By the time Nick & Vicki made it to the Seung-il Bridge in Cheorwon, all of the other teams had already checked in at the Pit Stop. Although they were only shown performing the Speed Bump and then immediately checking in at the Pit Stop, Nick & Vicki revealed in interviews that they did complete some of the other tasks, but they were at night and would have been ""pointless to show."""
US,17,12,Roadblock,"In this season's final Roadblock, one team member had to decorate three sections of a float for the Tournament of Roses Parade. When racers completed each section correctly, they received their next clue from 2009 Rose Queen Courtney Lee."
US,17,12,Roadblock,"The clue after the Roadblock was presented to teams as three riddles to solve: 1) I am Sancho Panza's master (Don Quixote), 2) I am the place to hear The Symphony in the Glen (Griffith Park), and 3) Monroe's Year of the Itch (The Seven Year Itch). Teams had to combine the answers to figure out their next clue was located at Quixote Studios Stage 7, located near Griffith Park. There, teams were put in front of a large game show-like board that flashed videos of 48 people wearing different kinds of hats, 11 of which were the greeters that welcomed them to the Pit Stops. Teams had to use a control panel to pick the greeters and place them in the order in which they appeared during the season in order to receive their final clue from game show host Bob Eubanks, which directed them to the finish line: Greystone Mansion in Beverly Hills."
US,18,1,Detour,"At the San Gorgonio Pass Wind Farm, teams had to search through a field containing hundreds of paper airplanes inscribed with various airline names for one matching the clue ""Queensland and Northern Territory Aerial Services"": Qantas. Once teams presented a Qantas airplane to Phil, he gave them their first clue and tickets for one of two flights to Sydney, Australia. In addition, the last team to complete the task – Amanda and Kris – received a penalty: they would have to complete a U-Turn at the season's first Detour."
US,18,1,Roadblock,"In this season's first Roadblock, one team member had to scuba dive into the Oceanworld shark and ray tank and search the floor of the aquarium for a compass. The compass included a guide to decode a message hidden in series of nautical flags outside. Racers had to correctly decode the message, go to the Manly 16 ft Skiff Sailing Club, find the Commodore, and give him the message – ""I am between the devil and the deep blue sea"" – to receive their next clue."
US,18,1,Roadblock,"After the Roadblock, teams had to join a sailing crew and sail a 16ft Skiff along a water course to a series of buoys that held their next clue, which directed them to the Pit Stop: Shelly Beach."
US,18,2,Detour,"This season's first Detour was a choice between Spirit World or Natural World. In Spirit World, teams had to make a traditional Australian Aboriginal stone mosaic based on a model, and then perform a dance on top of the mosaic before receiving their clue. In Natural World, teams had to make traditional Australian Aboriginal paintings by spraying a mix of water and pigment to create four silhouette images on a piece of slate, after which they received their next clue."
US,18,2,Detour,"After the Detour, teams were instructed to return to Broken Hill and find the ""home of the Magpies"", which they had to figure out was a reference to the Broken Hill Football League's Central Magpies Australian football stadium: Central Football Club. At the football club, teams dressed up as kangaroos and were given a periodic table with the symbols Hg and Bi highlighted. They had to figure out that these were the symbols for mercury and bismuth, respectively, and that they were also the names of two streets in town that met at an intersection where their next clue was located. Teams then had to check in at the Pit Stop: Junction Mine."
US,18,2,Detour,"Amanda and Kris had a required U-Turn because they were the last to find the Qantas paper airplane at the beginning of leg 1, so they had to complete both sides of the Detour."
US,18,3,Roadblock,"In this leg's Roadblock, one team member had to dress as a traditional samurai archer and learn a yabusame ritual through observation, consisting of a meditative ritual before a traditional pose with the yumi bow. Once they performed the first two aspects of the ritual to the dojo master's satisfaction, they had to mount a rotating wooden horse and hit a wooden target with an arrow to receive their next clue."
US,18,3,Roadblock,"After the Roadblock, teams had to drive to the Daiyūzan Station and search the grounds for the Kintarō statue to find their next clue."
US,18,3,Detour,"This leg's Detour was a choice between Prayer of Purity or Frog of Luck. In Prayer of Purity, teams had to don keikogis and travel to the nearby woods, where they took part in a Shinto cleansing ritual. First, they had to perform a prayer that consisted of a chant, lighting incense, and then shouting while thrusting a bamboo stick out in front of them. Afterward, they had to stand under the Yuhi Falls and endure being drenched in 45 °F (7 °C) water for one minute before receiving their next clue. In Frog of Luck, teams had to put on fundoshi before walking to a mud pit, where they had to search for a toy frog in the mud while having mud thrown at them by locals. Once teams found a frog, they had to present it to the nearby master for their next clue."
US,18,3,Detour,"After the Detour, teams had to check in at the Pit Stop: the Commodore Perry Monument in Yokosuka."
US,18,3,Detour,Mel & Mike were treated for hypothermia while trying to complete the Detour. They were unable to complete the task and instead went directly to the Pit Stop for elimination.
US,18,4,Roadblock,"In this leg's Roadblock, one team member had to search through tens of thousands of wooden charms for a set of twelve that corresponded to the symbols of the Chinese zodiac. Once they collected the twelve charms, they had to place them on a mobile in the correct order according to Chinese myth to receive their next clue."
US,18,4,Roadblock,"After the Roadblock, teams traveled by charter bus to the Old Town of Lijiang. Once there, teams had to put a wish into a prayer wheel at Selling Grass Place through the slot that corresponded to their sign of the Chinese zodiac and call out the name of their sign to receive their next clue."
US,18,4,Detour,"This leg's Detour was a choice between Hammer or Horn. In Hammer, teams traveled to a candy shop, where they used wooden mallets to pulverize molten peanut brittle to the right consistency. They then had to cut it into pieces and box them before the candy maker gave them their next clue. In Horn, teams traveled to Nanmen Square where they had to pick up a large traditional horn and lead a group of Nakhi dancers to Wencheng Palace on the other side of town to receive their next clue."
US,18,4,Detour,"After the Detour, teams had to check in at the Pit Stop: the Eternal Tower on Lion Hill."
US,18,5,Detour,"This leg's Detour was a choice between Honor the Past or Embrace the Future. In Honor the Past, teams had to don traditional Tibetan outfits at the Makye Ame Shangri-la Tibetan Palatial Restaurant and watch a theater troupe. Without taking any notes, teams then had to go offstage and arrange a series of fifteen dolls dressed like the actors in the order of their procession on stage to receive their clue. In Embrace the Future, teams had to don safety gear and carry three heavy boxes up to the roof of the China Great Wall Asset Management Company building. Teams then had to assemble a solar water heating system to receive their next clue."
US,18,5,Detour,"After the Detour, teams were only given a photo of their next location and had to figure out that it was the Yunnan Province Cultural Center – referred to in the show as the ""Chinese Minority Heritage Center"" – to find their next clue, which directed them to the Stone Forest."
US,18,5,Roadblock,"In this leg's Roadblock, one team member had to properly assemble a life-size 20-foot-long (6.1 m) model of a Dilophosaurus to receive their next clue. If, at any point, the paleontologist believed that the model was structurally unsafe, the racer had to fix their mistake before they could continue. Gary and Mallory used their Express Pass to bypass this Roadblock."
US,18,5,Roadblock,"After the Roadblock, teams had to check in at the Pit Stop: Green Lake Park."
US,18,6,Roadblock,"At the start of this leg, teams had to travel to the Jin Fu Yi Zhan Tea Shop. There, they took part in a Chinese tea tasting ceremony and were given a taste of a tea that, unbeknownst to them at the time, would be featured in the upcoming Roadblock. Teams were given a brick of pu'er tea leaves that would also be needed at the Roadblock along with their next clue, which instructed them to fly to Kolkata, India. Once there, teams had to travel to the Kolkata Town Hall, where they found their next clue."
US,18,6,Roadblock,"In this leg's Roadblock, one team member had to take part in an Indian tea tasting ceremony. First, they had to bring a papaya, a mango, and the brick of tea that teams had received earlier to the tea auctioneer. They then had to search among several hundred teacups for one that held the same papaya-and-mango-infused tea that they had tasted in China to receive their next clue."
US,18,6,Roadblock,"After the Roadblock, teams were given a bottle of Snapple and had to figure out that their next clue was printed on the inside of the cap. The clue directed them to go to Jorasanko Thakur Bari in Jorasanko and search for the Tiwari Tea Stall, where they traded their Snapple bottle for their next clue."
US,18,6,Detour,"This leg's Detour was a choice between Hindu Art or Bengali Literature. In Hindu Art, teams had to travel to the Rakhal Paul and Sons Statue Shop and paint, dress, and adorn a statue of the Hindu god Ganesha to receive their next clue. In Bengali Literature, teams had to travel to the Dey's Publishing House and pick up eight bundles of children's books. They then had to direct a rickshaw school bus across town to the Victoria Institution High School and College and deliver the books to the headmistress' office to receive their next clue."
US,18,6,Detour,"After the Detour, teams had to check in at the Pit Stop: the Fountain of Joy in Maidan."
US,18,7,Roadblock,"In this leg's Roadblock, one team member had to search the streets of Varanasi for six different sadhus depicted in a series of photographs that they had been given. Each one gave them one of six pieces of a phrase described as ""the meaning of life"": ""Once you're over the hill you pick up speed"". Once they had all six fragments of the phrase, they had to provide the phrase to a seventh sadhu, who then gave them their next clue."
US,18,7,Roadblock,"After the Roadblock, teams had to travel to the Swaminath Akhara at Tulsi Ghat, where they had to find their next clue by a strongman."
US,18,7,Detour,"This leg's Detour was a choice between Feed the Fire or Feed the Buffalo. In Feed the Fire, teams traveled down the Ganges to Sakka Ghat, where they had to make fifty traditional fuel patties from water buffalo manure and then slap them against a wall to allow them to dry. When the supervisor was satisfied with their work, teams had to light a stove with dried fuel patties and boil milk for local children before receiving their clue. In Feed the Buffalo, teams had to cross the Ganges, collect two bales of hay, and then return to Ksameshwar Ghat, where they had to deliver the hay to a specific address to receive their next clue."
US,18,7,Detour,"After the Detour, teams had to check in at the Pit Stop: Ramnagar Fort in Ramnagar."
US,18,8,Detour,"This leg's Detour was a choice between Long Hard Walk or Quick and Easy Meal. In Long Hard Walk, teams had to travel to the Sigmund Freud Museum and deliver a psychoanalysis couch to the former office of Sigmund Freud at the University of Vienna to receive their next clue. In Quick and Easy Meal, teams had to travel to the Wiener Riesenrad Ferris wheel, where they picked up two large servings of traditional Austrian cuisine: Wienerschnitzel, Sauerkraut, and Sachertorte. They then boarded one of the dining cars, where they had to finish both servings within one 12-minute revolution of the Ferris wheel before they could receive their next clue."
US,18,8,Detour,"After the Detour, teams had to drive to the Sternbräu Restaurant in Salzburg, where they found their next clue."
US,18,8,Roadblock,"In this leg's Roadblock, one team member had to don a traditional chimney sweep uniform, go onto a roof, and use a weight with wire mesh on a rope to clean one of the chimneys. Once they'd cleaned the chimney three times, they had to go to the basement and open the chimney door that held their next clue, which directed them to the Pit Stop: Villa Trapp in Aigen."
US,18,9,Roadblock,"For their Speed Bump, Gary and Mallory had to prepare the right mixture of gasoline and oil to power their VéloSoleX motorized bicycle for the Roadblock before they could continue racing."
US,18,9,Roadblock,"In this leg's Roadblock, one team member had to use an odometer to measure the entire length of Liechtenstein by riding from Schaanwald to Balzers on a VéloSoleX. At the Swiss border, they met six-time Winter Olympian Marco Büchel, where they gave him their distance written on the back of a postcard. If they were correct, Büchel directed them to Gutenberg Castle, where they could meet up with their teammate and read the next clue. If they were incorrect, they had to travel back to Schaanwald and start over."
US,18,9,Roadblock,"After the Roadblock, teams traveled by bus to Sargans, Switzerland, and then by train to Zermatt. Teams then found their next clue at the train station."
US,18,9,Detour,"This leg's Detour was a choice between Cheese or Wheeze. In Cheese, teams traveled to the Restaurant Walliserkanne Zermatt, where they had to finish an entire pot of cheese fondue in order to receive an empty fondue pot with the name of the next location printed on the inside. In Wheeze, teams had to dress as bellhops and then pick up pieces of luggage from the Zermatt railway station. They then had to deliver the suitcases using a luggage cart to different hotels throughout Zermatt where they received receipt tags for each piece of luggage. Once teams had a total of twenty tags from at least five different hotels, they could exchange them for their next clue."
US,18,9,Detour,"After the Detour, teams had to travel by foot to the Inderbinen-Fountain, where they found their next clue directing them to the Pit Stop: the Bergrestaurant-Moos."
US,18,10,Detour,"This leg's Detour was a choice between two mountain rescue tasks: Search or Rescue. In Search, teams used a set of avalanche beacons to search the Matterhorn Glacier for a dummy buried in the snow. They then had to excavate the dummy before they could receive their next clue. In Rescue, teams had to use a special hoisting device to rescue a mountaineer trapped in a crevasse. One team member had to lower their teammate into the crevasse so they could attach a carabiner to the mountaineer. The teammate at the top had to raise their partner back to the surface and they then had to work together to bring up the rescued mountaineer, who gave them their next clue."
US,18,10,Detour,"After the Detour, teams had to take a helicopter to the Riffelalp ski resort and travel by train back down the mountain to Zermatt to find their next clue."
US,18,10,Roadblock,"In this leg's Roadblock, one team member had to make a Travelocity Roaming Gnome out of Swiss chocolate. First, they had to decorate a chocolate mold with colored chocolate. Once it was filled with chocolate, they had to bury it in the snow outside for 30 minutes for the chocolate to harden. Once the chocolatier approved their gnome, teams received a real gnome and their next clue, which directed them to the Pit Stop: the Swiss cabin at Chalet Gädi."
US,18,11,Roadblock,"In this leg's Roadblock, one team member had to participate in a Rio Carnival parade. After donning costumes, they had to learn the samba and then lead a parade of dancers. If the Carnival Princess approved their dance, teams received their next clue; if not, they were sent back to relearn the dance and try again."
US,18,11,Roadblock,"After the Roadblock, teams had to find the Centro de Orientação Profissional Salon, where they had to undergo a Brazilian body waxing session for fifteen minutes before receiving their next clue."
US,18,11,Detour,"This season's final Detour was a choice between On the Rocks or On the Beach. In On the Rocks, teams traveled to the Espaço OX bar, where they had to make 100 satisfactory caipirinhas to receive their next clue. In On the Beach, teams had to pick up an umbrella loaded with bikinis and a mobile changing station and then sell the bikinis to people on Copacabana Beach. If teams had earned R$100 (roughly $60), they would have received their next clue. Although Zev and Justin tried selling the bikinis, they quickly grew frustrated by their lack of sales and switched to the caipirinhas."
US,18,11,Detour,"After the Detour, teams had to check in at the Pit Stop: the Praia de Boa Viagem, beneath the Niterói Contemporary Art Museum in Niterói."
US,18,12,Roadblock,"In this leg's first Roadblock, one team member had to operate a heavy load forklift and move a boat into drydock without dropping it to receive their next clue."
US,18,12,Roadblock,"After the first Roadblock, teams were directed to Jules' Undersea Lodge in Key Largo, where they found their next clue."
US,18,12,Roadblock,"In this season's final Roadblock, the team member who did not perform the previous Roadblock had to use a submersible to search the lagoon for one of several floating treasure chests that contained their next clue, while surrounded by mermaids, who were swimming around them and playing music."
US,18,12,Roadblock,"After the second Roadblock, teams were given a riddle instructing them to go to the sea camp near a mile marker on Big Pine Key by ""subtract 4 from 33"": Mile Marker 29. There, teams were instructed to walk across a shallow portion of the Gulf of Mexico to Horseshoe Island, where they found their next clue underneath the island's tallest tree. Teams were then instructed to walk back to Big Pine Key, where they took a speedboat to the Galway Bay Mobile Home Park in Marathon."
US,19,1,Roadblock,"In this season's first Roadblock, one team member had to find a nearby payphone, call a given phone number, and listen to one of Confucius's proverbs: ""In all things, success depends on previous preparation, and without such previous preparation, there is sure to be failure."" Without writing down any of the message, they had to repeat the proverb verbatim to a monk in order to receive their next clue. If they were incorrect, they had to call the number again before trying again."
US,19,1,Roadblock,"After the Roadblock, teams had to travel to Dajia Riverside Park, where they had to join a dragon boat team. One team member kept pace by beating a drum while the other team member joined the paddling crew on the Keelung River. Once they made it through the course, they received their next clue directing them to the Pit Stop: the Martyrs' Shrine."
US,19,2,Roadblock,"For their Speed Bump, Bill & Cathi had to untangle a rope until they had enough length to reach a carabiner across a field before they could continue with the Roadblock."
US,19,2,Roadblock,"In this leg's Roadblock, one team member had to descend 160 feet (49 m) into Goa Jomblang and search for a traditional Javanese mask and a dagger known as a kris. Once they located them, team members had to climb a bamboo ladder and deliver them to the chieftain in exchange for their next clue."
US,19,2,Detour,"This season's first Detour was a choice between Shake Your Money Maker or Be a Ticket Taker. In Shake Your Money Maker, teams had to dress in costumes, with one team member dancing in the streets while the other played a gamelan, and had to earn Rp 30,000 (roughly $3.40) in order to receive their next clue. In Be a Ticket Taker, teams had to go to the Mal Malioboro, work as motorbike parking attendants, and earn Rp 15,000 (roughly $1.70) before exchanging their ticket book for their next clue."
US,19,2,Detour,"After completing either Detour task, teams traveled to the Aisyiyah Orphanage, home to orphans of the 2010 eruptions of Mount Merapi, where they had to donate all of the money in their possession. Teams received a coat of arms from the children and had to figure out that it belonged to the Sultan and that the Pit Stop was at his palace: Kraton Ngayogyakarta Hadiningrat. Eight of the teams arrived at the Pit Stop without having donated all of their money as they'd been instructed, and had to go back before they could check in."
US,19,3,Detour,"This leg's Detour was a choice between Rice Field or Grass Fed. In Rice Field, teams carried lunch to rice paddy workers and, while the workers ate their lunch, planted 300 rice seedlings in order to receive their next clue. In Grass Fed, teams had to fill two bags with freshly cut grass and then pick up two sheep from a shed. After delivering the grass and sheep to a farm, they had to retrieve six buckets of water from a well, using only two buckets at a time, in order to fill a trough for the sheep and receive their next clue."
US,19,3,Detour,"After the Detour, teams traveled to Borobudur. They had to use the international entrance, where they were given batik sarongs to put on. They then walked up to the top of the temple, where they received their next clue."
US,19,3,Roadblock,"In this leg's Roadblock, one team member had to walk around the top tier of Borobudur in a clockwise direction, counting the statues of the Five Dhyani Buddhas, while also paying attention to the mudra depicted on the statues. Each racer had to provide the correct numbers of Buddhas by mudra, including a demonstration of each, in order to receive their next clue, which directed them to the nearby Pit Stop."
US,19,4,Detour,"This leg's Detour was a choice between Coral Reconstruction or Beach Preparation, both tasks designed to help Thailand recover following the 2004 tsunami. In each task, teams rode on speedboats to Khai Nai Island. In Coral Reconstruction, teams built a coral nursery out of pipes. Once complete, they used a kayak to take the nursery and several coral fragments out to a buoy where they had to set the nursery on the ocean floor and then properly set the coral fragments into the nursery in order to receive their next clue. In Beach Preparation, teams had to properly set up a series of twenty beach chairs and ten umbrellas marked with a specific symbol given in their clue in order to receive their next clue."
US,19,4,Detour,"After the Detour, teams were given a compass and a medallion and were instructed to travel north for thirteen minutes until they reached the island shown on the medallion: Soap Island."
US,19,4,Roadblock,"In this leg's Roadblock, teams traveled to Koh Yao Noi, where one team member had to climb the island's sheer rock wall until they reached a bird's nest that held their next clue."
US,19,4,Roadblock,"After the Roadblock, teams were given a map of Phang Nga province and a compass and were instructed to lead their boat captain to the Pit Stop at Koh Panyi."
US,19,5,Roadblock,"For their Speed Bump, Liz & Marie had to clean up elephant dung and wash an elephant before they could ride it to the Roadblock."
US,19,5,Roadblock,"In this leg's first Roadblock, one team member searched for a man playing a traditional Thai flute and then had to search the water around him for a bundle that contained a ceramic carp with their clue inside."
US,19,5,Roadblock,"After the first Roadblock, teams had to travel to a nearby store, take apart a traditional spirit house, and then deliver it to Wat Chanathikaram, where they found their next clue."
US,19,5,Roadblock,"In this leg's second Roadblock, the team member who did not perform the previous Roadblock had to correctly rebuild the spirit house in order to receive a bag of fish food and their next clue."
US,19,5,Roadblock,"After the second Roadblock, teams had to travel by bus to Bangkok and then travel to the Bangkok Noi Canal, where they had to feed the fish at the canal in order to receive their next clue. Teams were then directed to the Pit Stop: the M.R. Kukrit Heritage House."
US,19,6,Roadblock,"In this leg's Roadblock, one team member had to transport ten 200-pound (91 kg) bales of tobacco leaves through a warehouse, using only a handcart that could carry one bag at a time, to a drop-off zone in another part of the warehouse in order to receive their next clue."
US,19,6,Roadblock,"After the Roadblock, teams had to travel to the Memorial Tower, where they found their next clue."
US,19,6,Detour,"This leg's Detour was a choice between All Sewn Up or Not Grown Up. In All Sewn Up, teams went to the White Horse De-Sign Tailor Shop in the old market and chose a customer. They then used manual sewing machines to finish the customer's suit in order to receive their next clue. In Not Grown Up, teams traveled to Lilongwe LEA School, where they had to use provided materials to build two toy trucks. Once they were properly constructed, the headmistress gave the trucks to students, who tested them before the team received their next clue."
US,19,6,Detour,"After the Detour, teams had to find their next clue at the R-K Furniture Shop, from which they had to transport two handcrafted wooden beds to Kumbali Village and then carry the beds to the Pit Stop. They were allowed to ask the shop owner to call a truck for them. Teams used the beds to spend the night at the village."
US,19,7,Speed Bump,"For their Speed Bump, Amani & Marcus had to solve a sliding puzzle that depicted the flag of Malawi before they could continue racing."
US,19,7,Roadblock,"In this leg's Roadblock, one team member had to use a bicycle taxi known as a kabaza to take a customer carrying fish to one of three different destinations written on a board tied to the fish. After they dropped off their customer at their required address, they headed back to the bus station to trade their earnings of MK100 (roughly $0.66) for their next clue."
US,19,7,Detour,"This leg's Detour on Lake Malawi was a choice between Dugout or Lugout. In Dugout, teams had to participate in the annual Lake Malawi Dugout Canoe Race and use a traditional canoe to paddle out to drummers on the lake before paddling back to shore in order to receive their clue. In Lugout, teams had to wade to a ferryboat on the lake and unload passengers and cargo by carrying them ashore. Once they unloaded all of the cargo and passengers, they received their clue. Ernie & Cindy used their Express Pass to bypass this Detour."
US,19,7,Detour,"After the Detour, teams had to travel to the Jamaica Shop in Chigumukile Village, where they found their next clue directing them to the Pit Stop: Sunbird Livingstonia Beach at Senga Bay."
US,19,8,Roadblock,"In this leg's Roadblock, one team member had to don Renaissance period clothing and perform a complex three-part Renaissance dance to the satisfaction of a countess in order to receive their next clue."
US,19,8,Roadblock,"After the Roadblock, teams had to drive to the Frilandsmuseet, where they found their next clue."
US,19,8,Detour,"This leg's Detour was a choice between All Hopped Up or All Churned Out. In All Hopped Up, teams had to lay out a proper rabbit show jumping course. They then had to pick a rabbit and each team member had to run it through the course without knocking over any of the obstacles in order to receive their next clue. In All Churned Out, teams had to use a traditional butter churn to churn fresh cream into butter and then cleanly stamp out six sticks of butter using a special mold in order to receive their next clue."
US,19,8,Detour,"After the Detour, teams had to travel to the Karlstrup Windmill in Kongens Lyngby in order to find their next clue, which directed them to the Pit Stop: the Havet, a sailing ship docked at Larsens Plads in Copenhagen."
US,19,9,Roadblock,"In this leg's Roadblock, one team member had to memorize a poem on the base of the statue of and then use a map on a provided bicycle's wheel to navigate to the Teatermuseet i Hofteatret, where they had to recite the poem verbatim and with dramatic flair in order to receive their next clue. If they failed, they had to go back to the statue before returning to the theater to try again."
US,19,9,Roadblock,"After the Roadblock, teams had to drive to Legoland Billund and find the Pirate Carousel, where they received a box of Lego bricks. While on the ride and when it was in motion, teams had to assemble the puzzle, which revealed their next destination: the Hamburg Hauptbahnhof in Hamburg, Germany. Teams had to drive to the train station in order to find their next clue, which instructed them to travel by train to Brussels, Belgium. Once there, teams had to travel to the European Parliament Building, where they found their next clue."
US,19,9,Detour,"The bodybuilding task was one option from a Detour and was titled Bodybuilding Posedown, but was not presented as such in the episode."
US,19,10,Roadblock,"In this leg's Roadblock, one team member had to test drive a Ford Mustang. They first had to accelerate to 100 mph (160 km/h) and then brake at a designated spot. They then had to navigate a slalom course within sixteen seconds without hitting a cone and stop inside a marked spot. Lastly, they finished by performing two victory doughnuts before receiving their next clue."
US,19,10,Roadblock,"After the Roadblock, teams had to drive to the Hoofdbrug in Ghent and find their next clue."
US,19,10,Detour,"This leg's Detour was a choice between Water or Waffle. In Water, teams had to use provided materials to build a raft and search the Leie River for the two halves of their next clue. In Waffle, teams had to build a waffle stand and then bake and decorate eighteen Belgian waffles to the chef's satisfaction before receiving their next clue."
US,19,10,Detour,"After the Detour, teams had to drive to the Muur van Geraardsbergen, where they released a flock of homing pigeons and were then given an address where the pigeons were flying. Once there, teams could retrieve their next clue from one of the pigeons – a picture of the Atomium – which teams had to identify in order to find the Pit Stop."
US,19,11,Roadblock,"In this leg's Roadblock, one team member had to cross a 65-foot (20 m) tightrope between the 35-story towers, pick up their clue from the other tower, and then cross back to the first tower."
US,19,11,Roadblock,"After the Roadblock, teams were given a riddle – ""Success in Suez led him to Panama. His failure inspired others to succeed. Find him beneath a rooster and you'll find your next clue."" – directing them to the statue of Ferdinand de Lesseps in the Plaza de Francia."
US,19,11,Detour,"This season's final Detour was a choice between Filet or Sole. In Filet, teams traveled to Panama's largest fish market, where they had to deliver fish to different stalls throughout the market. Each stall only accepted a certain kind of fish up to a certain weight. Once they were done with their deliveries, they received their next clue. In Sole, teams traveled to the Salsipuedes Market, where they had to find a sandal stall and use one piece of leather each to make the sole and strapping for a pair of sandals in order to receive their next clue."
US,19,11,Detour,"After the Detour, teams had to travel to Cathedral Square, where they had to search through a group of tamborito dancers wearing pollera dresses for the location of the Pit Stop – Panamá Viejo – which was etched on the dancers' necklaces and written on one dancer's dress."
US,19,12,Roadblock,"In this season's final Roadblock, one team member had to type out their next clue using a vintage Remington 3 typewriter, duplicating an example message perfectly and with no mistakes. Additionally, as the typewriters did not have a key for the number 1, they had to figure out that they could use the lower-case letter l as a substitute."
US,19,12,Roadblock,"After the Roadblock, teams had to figure out that the three numbers on the clue were an homage to Hank Aaron: 44 (his uniform number), 715 (the number of home runs he hit to break the Major League Baseball home run record) and 74 (the year in which he broke the record). Teams had to figure out that they had to go to Turner Field, where one team member had to loop a rope through a series of carabiners, each representing a specific country on a large unlabeled vertical map, and map out the racecourse while their teammate gave help from the ground below. Once they had the correct course, teams received their final clue, which directed them to the finish line: Swan House."
US,20,1,Roadblock,"In this season's first Roadblock, one team member had to use a map to navigate to a skydiving drop zone. Meanwhile, their partner had to board an airplane and perform a tandem skydive with an instructor. Once the team members were reunited, they received their next clue."
US,20,1,Roadblock,"After the Roadblock, teams had to drive to Patios de Cafayate in order to find their next clue, which instructed them to make 120 empanadas: sixty with meat and sixty with cheese. Once they made the proper quantity of empanadas with the correct crimping patterns, teams could search the grounds for the nearby Pit Stop."
US,20,2,Detour,"This season's first Detour was a choice between Boil My Water or Light My Fire. In Boil My Water, teams had to travel to one of three nearby small villages and use the provided equipment to build a solar kitchen. Once the oven was built, they had to put on a kettle of water and place the kitchen in direct sunlight. Once the kettle came to a boil, they could receive their next clue. In Light My Fire, teams had to travel to a nearby river, where they had to gather clay and forty pieces of firewood, load them onto a donkey, and then deliver their goods one mile (1.6 km) to a local pottery workshop, where they received their next clue."
US,20,2,Detour,"After the Detour, teams had to travel by bus to Buenos Aires and then find their next clue at the Mercado de Hacienda de Liniers. The second bus suffered a 90-minute delay, putting it one hour behind the third bus."
US,20,2,Roadblock,"In this leg's Roadblock, one team member had to attend a cattle auction and listen to the auctioneer give the total weight of the cattle in the pen. They then had to calculate the average weight of a head of cattle in the pen without using a calculator and give the correct number to a gaucho in order to receive their next clue. If the auctioneer moved onto another pen before they could give the correct answer to the gaucho, they had to start over with the next pen."
US,20,2,Roadblock,"After the Roadblock, teams had to check in at the Pit Stop: El Gomero at Plaza Intendente Alvear."
US,20,3,Detour,"This leg's Detour was a choice between Stacked Up or Strung Out. In Stacked Up, teams had to travel to the Mercado Central de Abasto and stack watermelons into a pyramid in order to receive their next clue. In Strung Out, teams traveled to an auditorium at the Universidad Nacional de Asunción, where they had to properly string a harp so that it was ready to be tuned in order to receive their next clue. Rachel & Dave used their Express Pass to bypass this Detour."
US,20,3,Detour,"After the Detour, teams had to find their next clue at the Plaza de la Democracia."
US,20,3,Roadblock,"In this leg's Roadblock, one team member had to perform a traditional Paraguayan bottle dance, which required them to perform a choreographic routine with a glass bottle on their head in order to receive their next clue. If their bottle fell, they had to start over with a new bottle. For this task, each team member was given only fifty bottles and if they broke all of the bottles before completing the Roadblock, they would incur a two-hour penalty at the Pit Stop."
US,20,3,Roadblock,"After the Roadblock, teams had to travel on foot to the Pit Stop: the Escalinata de Antequera."
US,20,3,Roadblock,The watermelon Detour and the bottle dance Roadblock tasks were both later revisited on season 32 as part of a Double Switchback Detour.
US,20,4,Fast Forward,This season's first Fast Forward required one team member to pilot a remote-controlled helicopter and land it on a replica of the Lingotto building's helipad placed on a helmet worn by their teammate. Art & J.J. won the Fast Forward.
US,20,4,Roadblock,"In this leg's Roadblock, one team member had to rappel 120 feet (37 m) into the spiral ramps of the Lingotto building and stop to retrieve a clue on the way down. If they could not complete the task within two minutes, they had to start over."
US,20,4,Roadblock,"After the Roadblock, teams had to drive to the Museo Nazionale dell'Automobile and park in a designated spot using their car's active park assist feature. There, teams had to find the 1916 Tin Lizzie with a 2 euro cent coin clue inside the vehicle. Teams then had to figure out that the building depicted on the coin, the Mole Antonelliana, was the location of their next clue."
US,20,4,Detour,"This leg's Detour was a choice between Clean That Statue or Name That Salami. In Clean That Statue, teams had to drive to L'Arte Marmi and use the provided equipment to properly clean a marble statue in order to receive their next clue. In Name That Salami, teams had to drive to the Gastronomia Salumeria, where they had to taste and memorize the names of fourteen different kinds of salami. They then had to travel by foot to the Piazza Vittorio Veneto, find the salami vendor, and correctly identify all fourteen types of salamis that they had tasted in order to receive their next clue."
US,20,4,Detour,"After the Detour, teams had to check in at the Pit Stop: Piazza Castello."
US,20,5,Speed Bump,"For their Speed Bump, Bopper & Mark had to don traditional Bavarian clothing and learn how to yodel a specific tune by listening to a master yodeler before they could continue racing."
US,20,5,Detour,"This leg's Detour was a choice between Fairy Tale or Champion Male. In Fairy Tale, teams followed a trail of gingerbread, picking up pieces along the way, to a witch's house. Once there, they had to use the pieces they picked up to make the roof for a gingerbread house in order to receive their next clue. In Champion Male, teams had to travel to the Wetz-Stoa Stub'n restaurant in Unterammergau, choose a beard enthusiast, and style his beard to match the picture of a champion from the World Beard and Moustache Championships using provided hair care products in order to receive their next clue."
US,20,5,Detour,"After the Detour, teams were told to ""find the inspiration for Sleeping Beauty's castle"", which they had to figure out was Neuschwanstein Castle in Schwangau. Teams had to locate Ludwig II of Bavaria's bedroom, where they found their next clue directing them to Bundesleistungszentrum."
US,20,5,Roadblock,"In this leg's Roadblock, one team member had to use their gnome to participate in a game of ice stock sport, known in German as Eisstockschießen. They had to push the gnome onto a white bullseye on the ice in order to receive their next clue directing them to the Pit Stop: the Landhannes Farm in Schwangau-Horn."
US,20,6,Fast Forward,"This season's second Fast Forward required teams to travel to Saman Ot Bazary, where they had to unload 150 bales of hay and stack them ten bales long, three wide, and five high. Rachel & Dave won the Fast Forward."
US,20,6,Fast Forward,Teams who chose to not attempt the fast Forward had to travel to Occupational Training International in order to find their next clue.
US,20,6,Roadblock,"In this leg's Roadblock, one team member had to participate in a helicopter crash training exercise by donning safety gear and boarding a helicopter simulator that then submerged and inverted in a pool of water. Racers then had to evacuate the simulator through a window and swim to an inflatable boat in order to retrieve their next clue."
US,20,6,Roadblock,"After the Roadblock, teams had to travel to the Toghrul Karabakh Carpet Shop in Old Baku, where they found their next clue."
US,20,6,Detour,"This leg's Detour was a choice between Apples or Oil. In Apples, teams traveled to the Yaşil Bazaar Fruit Market, where they had to unload and search through a Soviet-era car filled with a ton of apples for one apple marked with an Amazing Race flag that they could trade for their next clue. In Oil, teams traveled to Naftalan health spa, where they had to clean crude oil off a client, first by using a shoehorn and then by scrubbing him clean, in order to receive their next clue."
US,20,6,Detour,"After the Detour, teams had to check in at the Pit Stop: the Boulevard Esplanade Estakada."
US,20,7,Detour,"This leg's Detour required teams to use bicycles to travel to the Soneto Village. Once there, the Maasai villagers dressed them in traditional clothing before they could select either Marksmanship or Courtship. In Marksmanship, each team member had to use a traditional Maasai weapon called a rungu to hit a clay target attached to a spinning bicycle wheel in order to receive their next clue. In Courtship, teams had to learn how to perform a traditional Maasai jumping ritual called adumu. Teams had to jump up and down for one minute in order to receive their next clue."
US,20,7,Detour,"After the Detour, teams had to instruct their driver to drive to the Simba Campsite along the crater's rim, where they had to set up a campsite using all of the materials provided. Once their campsite was completed, they could then proceed to the nearby Pit Stop."
US,20,8,Detour,"This leg's Detour was a choice between Water Supply or Air Supply. In Water Supply, teams had to choose a cart with nine empty water jugs, wait in line at a well to fill the jugs, and then return them to the house where they had picked them up in order to receive their next clue. In Air Supply, teams had to repair a flat tire on a bicycle. Someone had to take the bike for a test ride in order for teams to receive their next clue."
US,20,8,Detour,"After the Detour, teams had to travel on foot to the Jack Stelzer Pub in order to find their next clue, which directed them to The Gem Gallery & Arts."
US,20,8,Speed Bump,"For their Speed Bump, Nary & Jamie had to properly set up a display stand using a painting as a guide before they could continue racing."
US,20,8,Roadblock,"In this leg's Roadblock, one team member had don protective beekeeper's gear and harvest 500 grams (1.1 lb) of honey from an African bee hive in order to receive their next clue, which instructed teams to travel on foot to the Pit Stop at Lake Manyara."
US,20,9,Roadblock,"In this leg's Roadblock, one team member had to participate in a Bollywood movie dance routine. After learning the dance moves, they had to perform the dance with thirty extras to the satisfaction of the lead choreographer in order to receive their next clue."
US,20,9,Roadblock,"After the Roadblock, teams had to travel by auto rickshaw to the Indian Coffee House and find the head waiter, who had their next clue."
US,20,9,Detour,"This leg's Detour was a choice between Cricket or Clutch It. In Cricket, teams traveled to the Dr. Ambedkar Stadium, where each team member had to hit one ball bowled by a professional cricket player past a boundary in order to receive their next clue. In Clutch It, teams traveled to the A2Z Driving School, where they had to learn how to properly drive an auto rickshaw and transport passengers around a slalom training course. Once both team members made it through the course without hitting any of the obstacles, they received their next clue."
US,20,9,Detour,"After the Detour, teams had to check in at the Pit Stop: Bolgatty Palace."
US,20,10,Speed Bump,"For their Speed Bump, Bopper & Mark had to paint a tiger face on a Puli Kali dancer's belly before they could continue racing."
US,20,10,Fast Forward,"This season's final Fast Forward was a Switchback from season 7, where one team had to travel to the Mutharamman Devasthanam Hindu temple in Cherthala and both team members had to have their heads shaved. Bopper & Mark won the Fast Forward."
US,20,10,Fast Forward,Teams who chose to not attempt the fast Forward had to travel to Pattanacaud Coir Mats and Matting in order to find their next clue.
US,20,10,Roadblock,"In this leg's Roadblock, one team member had to spin 40 feet (12 m) of rope made from coconut husks and spool four other rope bundles onto a spindle in order to receive their next clue."
US,20,10,Roadblock,"After the Roadblock, teams traveled to Fort Kochi, where they had to look for a ""barber under an ancient tree"" for their next clue."
US,20,10,Detour,"This leg's Detour was a choice between Pachyderm or Pack a Box. In Pachyderm, teams had to properly decorate an Asian elephant with a headdress and golden ornaments, and then transport fifteen loads of elephant manure to a nearby truck before receiving their next clue. In Pack a Box, teams traveled to a ginger processing center. There, teams had to collect ten empty boxes, fill them with sifted ginger, stencil a label on each box, and then deliver them to a shipping depot in order to receive their next clue."
US,20,10,Detour,"After the Detour, teams had to travel by boat to the Pit Stop: the Cheena Vala Fishing Nets in Vypin."
US,20,11,Roadblock,"In this leg's Roadblock, one team member had to participate in a Japanese game show called Bring That Chicken Home. They had to run on a treadmill, grab three rubber chickens hanging from the ceiling, and jump onto a platform at the end of the treadmill in order to receive their next clue."
US,20,11,Roadblock,"After the Roadblock, teams had to travel to the Floating Garden Observatory in the Umeda Sky Building, where they found two Windows 7 touchscreens that displayed the Detour tasks."
US,20,11,Detour,"This season's final Detour was a choice between Bingo Shout-Out or Photo Cut-Out. In Bingo Shout-Out, teams traveled to a conveyor belt sushi restaurant and participated in a game of bingo using pieces of sushi. The chef called out pieces of sushi and teams had to find the matching sushi with a letter attached and put it on their bingo card. Once they got five pieces in a row, they had to call out ""Sushi"" for verification. When the chef verified the bingo, the team then had to eat the sushi before they could receive their next clue. In Photo Cut-Out, teams had to convince locals in groups of three to pose behind three sumo wrestler cutouts to be photographed. Once teams got ten photos, they could trade them for their next clue."
US,20,11,Detour,"After the Detour, teams had to check in at the Pit Stop: Osaka Castle."
US,20,12,Roadblock,"In this leg's first Roadblock, one team member had to make a traditional Japanese treat brought to Hawaii known as shave ice. Using a katana, they had to shave enough ice in order to fill a bucket and receive their next clue from Hawaii Five-0 actor Taylor Wily."
US,20,12,Roadblock,"After the first Roadblock, teams had to travel on foot to a baseball park and then travel by helicopter to Oahu's North Shore. After finding their next clue, teams joined a surf rescue team. One teammate had to drive a WaveRunner into the surf to a distressed swimmer whom their partner had to rescue from the water. Once teams returned to shore, they received their next clue directing them to Coral Kingdom Gate in Hakipuʻu Valley."
US,20,12,Roadblock,"In this season's final Roadblock, the team member who did not perform the previous Roadblock had to complete two traditional Hawaiian games – heʻe hōlua (land sledding down a hill without falling over) and ʻulu maika (bowling a lava rock through a goal on a field) – before receiving their final clue."
US,20,12,Roadblock,"After the second Roadblock, teams had to drive an ATV to a dock and then paddle surf to the finish line: Secret Island."
US,20,12,Roadblock,"Rachel & Dave initially arrived at the finish line first, but they had not completed the second Roadblock, having found the finish line by accident. They were required to go back and complete the second Roadblock before being allowed to cross the finish line. Ultimately, they were still able to finish first and win The Amazing Race."
US,21,1,Roadblock,"In this season's first Roadblock, one team member had to score one point in a game of table tennis against a 10-year-old Chinese national champion in order to receive their next clue. For each attempt after the racers' first match, the champion played with ordinary household objects, such as a clipboard, frying pan, or tambourine instead of a paddle."
US,21,1,Roadblock,"After the Roadblock, teams had to travel to Cui Ping Jiu Jia Restaurant in order to find their next clue."
US,21,1,Roadblock,"In this leg's second Roadblock, the team member who did not perform the previous Roadblock had to eat two servings of a Chinese dessert known as hasma, consisting of the fatty connective tissue around a frog's fallopian tubes served in two hollowed-out papaya halves, using only a provided pair of chopsticks and without lifting the papaya off the table, in order to receive their next clue."
US,21,1,Roadblock,"After the second Roadblock, teams had to travel to The Bund and search the promenade for a woman and boy with traditional Suanpan abaci, who gave them their next clue directing them to the Pit Stop: the Bund Signal Tower."
US,21,2,Roadblock,"In this leg's Roadblock, one team member had to select four children and operate a pedal-powered ride known as an odong-odong while making eight pieces of balloon art for the children in order to receive their next clue."
US,21,2,Roadblock,"After the Roadblock, teams had to travel by taxi to the Wijaya Motor Shop in order to find their next clue."
US,21,2,Detour,"This season's first Detour was a choice between Ice By The Pound or Fish By The Barrel. In Ice By The Pound, teams had to load ten 65-pound (29 kg) blocks of ice from an industrial machine onto a waiting truck, ride the truck to a local market, and then transport the ice by cart to an unloading zone in order to receive their next clue. In Fish By The Barrel, teams had to carry two barrels of fish to a vacant fishmonger's stall inside the Pabean Fish Market. They then had to set up the stall using a display stall as an example, including breaking a block of ice into chips to keep the fish cold, in order to receive their next clue."
US,21,2,Detour,"After the Detour, teams had to check in at the Pit Stop: the main entrance of the fish market."
US,21,3,Roadblock,"In this leg's Roadblock, one team member had to serve a Padang-style meal by carrying 20 dishes of food, all at once, to a table of waiting diners without dropping any in order to receive their next clue."
US,21,3,Roadblock,"After the Roadblock, teams were instructed to travel by train to Bangil. While on the train, teams had to wait for their next clue, which was carried by a food vendor."
US,21,3,Detour,"This leg's Detour was a choice between Lion's Head or Egg Head. For both tasks, teams had to travel by becak to Alun-Alun Kota Bangil. In Lion's Head, teams had to walk along a procession route while performing a reog dance, which involved following dance instructions while wearing a 40-pound (18 kg) lion's head mask over their heads and shoulders, in order to receive their next clue. In Egg Head, teams had to purchase four eggs from a local market and then participate in a debus: a show of strength where local magicians lit a coconut half on fire atop each team member's head and used the fire to fry the eggs. Teams then had to eat the cooked eggs with a serving of hot sauce in order to receive their next clue."
US,21,3,Detour,"After the Detour, teams had to travel to Perliman POS. I in order to find their next clue directing them to the Pit Stop: the greenhouse of State Senior High School 1 of Bangil."
US,21,4,Roadblock,"In this leg's Roadblock, one team member had to repair one of the Dhaka public transit buses. First, they had to use putty to fill in a damaged section and then sand it for painting. Once approved by a supervisor, they had to carry three pairs of seats to the refurbishing area in order to receive their next clue."
US,21,4,Fast Forward,"For this season's first Fast Forward, one team had to fill a bag with dead rats, collecting them from three different locations. James & Abba won the Fast Forward."
US,21,4,Roadblock,"After the Roadblock, teams had to travel to the Kawran Bazar Shootkir Market, where they had to search through hundreds of dried fish to find one marked with Amazing Race colors in order to receive their next clue."
US,21,4,Detour,"This leg's Detour was a choice between Pound the Metal or Pound the Cotton. In Pound the Metal, teams had to hand-pump the bellows of a charcoal fire to heat an iron rod and then use sledgehammers to hammer the rod into a sharp spiked tool called a chheny in order to receive their next clue. In Pound the Cotton, teams had to make a cotton mattress via a traditional Bengali method. Teams had to use bamboo rods to beat clumps of cotton into a fine consistency. They then had to stuff the mattress and sew it together in order to receive their next clue."
US,21,4,Detour,"After the Detour, teams had to travel by boat to Swarighat and then go on foot to the Pit Stop at Shyambazar Chan Mia Ghat in Old Dhaka."
US,21,5,Roadblock,"In this leg's Roadblock, one team member had to construct a balance scale from provided bamboo, lashing ropes, and other equipment. Once the scale was approved, racers had to weigh out the proper amount of wood to balance four large stones in order to receive their next clue."
US,21,5,Detour,"This leg's Detour was a choice between two forms of Bengali labor: Straw Dogs or Bamboo Jungle. In Straw Dogs, teams had to push a load of unprocessed jute straw to a sorting facility, prepare twenty coils by heckling (throwing them against a nailed board to straighten and separate the fibers), deliver a bundle of completed straw to the mill, and then proceed to the looms at the end of the production line in order to receive their next clue: a jute mat with a painting on it. In Bamboo Jungle, teams had to collect forty bamboo poles of different length and diameter from a storage area at the Tarabo Bazar and then use a platformed cargo bike to transport the bamboo to the Shabnam Oil Mill in order to receive their next clue: a small length of bamboo with a painting on it. The painting on both clues depicted the Pit Stop: the Lok Shilpa Jadughar in Sonargaon."
US,21,6,Speed Bump,"For their Speed Bump, Josh & Brent had to each eat one cone of Maraş ice cream from a nearby stall, which included a teasing performance common with the dessert by the vendor, before they could continue racing."
US,21,6,Detour,"This leg's Detour was a choice between Simit or Scrub It. In Simit, teams had to deliver three orders of traditional Turkish bagels known as simits to three different vendors, stacked carefully on a delivery board that one team member had to balance on their head, and also receive proof of delivery from each vendor in order to receive their next clue. In Scrub It, teams had to pick up bathing items from a stall at the Mısır Çarşısı and then travel to a bathhouse, where they received a traditional Turkish bath, after which they received their next clue."
US,21,6,Detour,"After the Detour, teams had to travel to the Kapalıçarşı (the Grand Bazaar), where they found their next clue."
US,21,6,Roadblock,"In this leg's Roadblock, one team member had to serve 40 glasses of Turkish sherbet to passersby in the bazaar in order to receive their next clue directing them to the Pit Stop: the MV Savarona, the presidential yacht of Turkey, docked at the Kuruçeşme Cemil Topuzlu Parkı."
US,21,7,Detour,"This leg's Detour was a choice between Synchronized or Alphabetized. In Synchronized, teams had to correctly perform a synchronized swimming routine with six other swimmers from the Russian national team in order to receive their next clue. In Alphabetized, teams went to the Russian State Library and were given a list of books. They had to use the paper card catalog system, written in Cyrillic, to find the locations of four of the books on the list. A librarian then allowed them to search the aisles for the books, which they had to give to the head librarian in exchange for their next clue. For both Detour tasks, there was a time limit depending on the operating hours of each facility. If teams could not complete either task before the facilities closed, they would incur a four-hour penalty."
US,21,7,Detour,"After the Detour, teams had to travel to the Luzhkov Bridge in order to find their next clue."
US,21,7,Roadblock,"In this leg's Roadblock, one team member had to select one of the marked Trees of Love – trees covered in love locks – and unlock ten locks with a provided set of keys in order to free a ribbon from the tree that held their next clue: a 100 ruble banknote."
US,21,7,Roadblock,"James & Abba were not allowed to check in at the Pit Stop since Abba's passport was among the items stolen by their taxicab driver during the Roadblock. However, as this was a non-elimination leg, they were allowed to continue racing until the time came that they would need their passports to travel."
US,21,8,Roadblock,"In this leg's Roadblock, one team member was shown a brief slideshow showing a sample time in Moscow and a map of Russia's different time zones with their UTC offsets and Moscow's location highlighted. They were then shown multiple instances of the same time zone map without the UTC offsets, but with several other Russian cities highlighted. Afterwards, they had to fill in the corresponding local time for any of the five cities within an allotted time period. If they completed the quiz correctly and on time, they received their next clue. If they were incorrect or ran out of time, they had to watch the presentation again before being able to retake the quiz. Natalie & Nadiya used their Express Pass to bypass this Roadblock."
US,21,8,Speed Bump,"For their Speed Bump, James & Abba had to help a Russian Orthodox priest get to his church via limousine. However, this task was not described by Phil on air because James & Abba had fallen so far behind the other teams by that point."
US,21,8,Detour,"This leg's Detour was a choice between Movers or Shakers. In Movers, teams had to dress as Russian soldiers and then correctly perform the steps of the Trepak dance in order to receive their next clue. In Shakers, teams attended a party where several impersonators of Russian historical figures were in attendance. They had to identify seven specific historical figures and correctly fill out a form in order to receive their next clue."
US,21,8,Detour,"After the Detour, teams had to check in at the Pit Stop: the Tantsev Veranda in Sokolniki Park."
US,21,8,Roadblock,"Since they spent most of the leg trying to either retrieve Abba's passport or acquire a new one, James & Abba were only shown retrieving the Speed Bump clue and traveling to the task before arriving at the Pit Stop for elimination. Abba revealed in interviews that he completed the Roadblock, but that they did not perform the Detour as they were too far behind the other teams and instead went directly to the Pit Stop for elimination."
US,21,9,Fast Forward,"For this season's second Fast Forward, teams had to travel to the Van Gogh Café and board a marked amphibious bus called The Floating Dutchman. Once the bus entered the water, teams learned that each team member had to eat five soused herring before the bus returned to land. Natalie & Nadiya won the Fast Forward."
US,21,9,Fast Forward,"Teams who chose to not attempt the Fast Forward had to travel to the Herenmarkt and board a boat that took them to a pofertjesboot, a floating poffertjes stand, near the Magere Brug, where they received their next clue and a serving of poffertjes."
US,21,9,Detour,"This leg's Detour was a choice between Back in Time or Organ to Grind. In Back in Time, teams had to re-create Rembrandt's painting The Night Watch using costumed actors and props, including themselves, in order to receive their next clue. In Organ to Grind, teams had to operate one of three Dutch street organs with one team member running the organ while the other asked for tips until they earned €30 in order to receive their next clue."
US,21,9,Detour,"After the Detour, teams had to travel to the Museum Geelvinck in order to find their next clue, which directed them had to travel by bus to Ransdorp. After 6:00 p.m., teams that were still racing were allowed to travel by taxi instead of by bus."
US,21,9,Roadblock,"The Roadblock was a Switchback from season 12, where one team member participated in the sport of fierljeppen. They had to vault across an irrigation ditch without hitting the water, retrieve their clue in the form of wooden clogs on the other side, and then vault back across."
US,21,9,Roadblock,"After the Roadblock, teams had to check in at the Pit Stop: the house of Rembrandt's mistress."
US,21,10,Roadblock,"In this leg's Roadblock, which paid tribute to Mallorcan tennis player Rafael Nadal, one team member had to return 20 tennis balls fired by an automatic server within the bounds of a clay court in order to receive their next clue. If the machine ran out of tennis balls, team members had to start over."
US,21,10,Roadblock,"After the Roadblock, teams had to drive to the Coves de Campanet, where they had to follow the music of two guitarists in the caves in order to receive their next clue."
US,21,10,Detour,"This leg's Detour was a choice between Spin It or Bull It. In Spin It, teams had to don safety gear and replace two blades on a 400-year-old Mallorcan windmill to the satisfaction of a mechanic before receiving their next clue. In Bull It, teams wore a special two-person bull outfit, with the person in front unable to see where they were going. The team member in back had to verbally guide their partner in the front to circle eight matadors and then strike a target within two minutes in order to receive their next clue."
US,21,10,Detour,"After the Detour, teams had to check in at the Pit Stop: Bellver Castle in Palma."
US,21,11,Speed Bump,"For their Speed Bump, Natalie & Nadiya had to properly lace and tie up a lady's corset at the Château de Villandry before they could continue racing."
US,21,11,Detour,"This season's final Detour was a choice between Plow or Chow. In Plow, teams had to use a plow attached to a workhorse to till four straight furrows in a field in order to receive their next clue. In Chow, teams had to prepare a meal for a large pack of hunting dogs. They had to cut the meat into appropriate sizes, weigh out 20 kilograms (44 lb) of dog food, and then lay it out appropriately before the judge released the hounds and gave them their next clue."
US,21,11,Detour,"After the Detour, teams had to drive to La Cave des Roches in Bourré, where they found their next clue."
US,21,11,Roadblock,"In this leg's Roadblock, one team member had to memorize three types of mushrooms in a store display. Then, using one of the baskets they picked up at the train station, they had to enter a dimly-lit underground mushroom farm, find the same three types of mushrooms, and collect ten of each variety in order to receive their next clue."
US,21,11,Roadblock,"After the Roadblock, teams were directed to go to the Pit Stop at the ""Castle of the Ladies"", and had to figure out that this was the Château de Chenonceau."
US,21,12,Roadblock,"In this leg's first Roadblock, one team member was put into a straitjacket and bungee harness and hoisted upside down 15 stories above the Brooklyn Navy Yard. They then had to escape the bonds of the straitjacket, after which they were dropped in a surprise bungee drop. After being lowered to the ground, racers were given their next clue."
US,21,12,Roadblock,"After the first Roadblock, teams were instructed to find their next clue at the first pizzeria in New York: Lombardi's Pizza in Manhattan. There, teams had to deliver ten pizzas with various toppings to three different addresses in Little Italy without taking any notes. Once teams delivered all three orders, they were given a blue badge emblazoned with a logo, which they had to figure out was the logo for the United Nations and that their next clue was at the UN Headquarters."
US,21,12,Roadblock,"In this season's final Roadblock, the team member who did not perform the previous Roadblock had to attach the words for ""hello"" and ""goodbye"", as said to them by the Pit Stop greeters in their native languages, for the eight foreign countries visited during the race and raise them up the flagpole flying that country's flag. Once all of the flag sets were correct, racers could then hoist the flag of the United Nations, which also lowered their final clue and directed them to the finish line at Gotham Hall."
US,22,1,Roadblock,"In this season's first Roadblock, one team member had to sign up for one of six helicopter flights. They then had to perform a tandem skydive from over 10,000 feet (3,000 m) above the island while their partner traveled via water taxi to the landing zone on Anau. Once the team members reunited, they were given their next clue."
US,22,1,Roadblock,"After the first Roadblock, teams had to travel by water taxi to Eden Beach, where they found their next clue."
US,22,1,Roadblock,"In this leg's second Roadblock, the team member who did not perform the previous Roadblock had to search among 400 sandcastles for one with a clue buried beneath it. If a sandcastle didn't have a clue, they had to rebuild it before they could search under another."
US,22,1,Roadblock,"After the second Roadblock, teams had to assemble a va'a outrigger canoe and then paddle to the Pit Stop: Motu Café."
US,22,1,Roadblock,"Katie, Jennifer, and Daniel chose to quit the second Roadblock. Max & Katie and Caroline & Jennifer were issued four-hour penalties that were applied at the start of the next leg, while Matt & Daniel were the last team to arrive at the Pit Stop and were therefore eliminated."
US,22,2,Detour,"This season's first Detour was a choice between Pick a Pearl or Take a Trunk. In Pick a Pearl, teams traveled offshore, where they had to dive down and untie lines of pearl oysters. They then had to open them until they found two red pearls and then swim to an oyster farmer where they could trade them for their next clue. In Take a Trunk, teams dove underwater, wearing special diving helmets, to a series of treasure trunks. They then had to unpack its contents and set up an underwater picnic table in order to receive their next clue."
US,22,2,Detour,"After the Detour, teams had to choose a personal water craft and use a map to guide them to Motu Tapu, where they found their next clue."
US,22,2,Roadblock,"In this leg's Roadblock, one team member participated in a traditional Polynesian test of strength by walking on a pair of stilts while kicking a coconut across a 35-yard (32 m) stretch of beach. If they fell, they had to return to the start to resume, but the position of the coconut was not reset. Once they successfully kicked the coconut over the finish line, teams could run to the nearby Pit Stop."
US,22,3,Detour,"This leg's Detour was a choice between Rev It Up or Reel It In. For both Detour tasks, teams had to use provided ATVs to reach their respective Detour. In Rev It Up, both team members had to drive a modified vintage car through a set of cones in under a combined 83-second time limit in order to receive their next clue. In Reel It In, each team member had to use a rod and reel to catch one fish at least 12 inches (30 cm) long in order to receive their next clue. Dave & Connor used their Express Pass to bypass the Detour on this leg."
US,22,3,Detour,"After the Detour, teams had to drive to Mount Hutt Station in order to find their next clue."
US,22,3,Roadblock,"In this leg's Roadblock, one team member had to run a muddy obstacle course known as a ""Shemozzle"". They first had to don gum boots, stubbies shorts, and a burlap sack. Then, along with a shepherd and farm dog, they had to run through the course, climb over hay bales, and then finally ride an inner tube down a slide into a manure pond, all while collecting chicken eggs along the way, which they had to put in a basket at the end of the course. Once racers had twelve unbroken eggs, they received their next clue, which directed them to the Pit Stop: Terrace Downs in Windwhistle."
US,22,4,Detour,"This leg's Detour was a choice between Sandy Bottom or Fruity Top. In Sandy Bottom, teams had to dredge volcanic sand from the bottom of the Ayung River and transport it uphill to a larger container. Once teams filled their container, they received their next clue. In Fruity Top, teams had to dress in sarongs and prepare a Balinese religious offering known as a gebogan from a variety of fruits. They then had to carry it in a procession to the Pura Desa Puseh Temple and place it on an altar in order to receive their next clue."
US,22,4,Detour,"After the Detour, teams had to travel to Uluwatu Surf Beach on the Bukit Peninsula in order to find their next clue."
US,22,4,Roadblock,"In this leg's Roadblock, one team member had to go to Ketut's Surf Shop and search among several surfboards for one with an image from a previous leg: the Polynesian priest from Bora Bora. After taking a surfboard, racers had to search for their partner at the Pit Stop. Teams could only be checked in if they had the correct surfboard."
US,22,5,Roadblock,"In this leg's Roadblock, one team member had to watch a performance of a Vietnamese patriotic song. After the performance, the performers revealed the phrase ""Vinh quang thay thế hệ thanh niên chúng ta"" (""Glory to our young generation"") to the racers, who then had five minutes to search a nearby gallery for one of several political posters with the correct phrase in order to receive their next clue. If team members were unable to identify the correct poster within the allotted time, they had to watch the performance again."
US,22,5,Roadblock,"After the Roadblock, teams had to travel to Công Viên Thống Nhất, where they had to correctly complete a traditional Vietnamese bamboo dance known as múa sạp in order to receive their next clue."
US,22,5,Detour,"This leg's Detour was a choice between Make Your Move or Make Your Meal. In Make Your Move, teams had to set up a human chessboard at the Temple of Literature. Using a local cờ tướng board as a reference, teams had to find four human chess pieces and then set them up with four staffs in position on the human chessboard in order to receive their next clue. In Make Your Meal, teams had to pick up four baskets (which included two live chickens) at the Ngọc Sơn Temple, and then navigate the street market to find the rest of the ingredients on a shopping list. Teams then had to find a cooking station to cook two phở soups in order to receive their next clue."
US,22,5,Detour,"After the Detour, teams had to travel to the downed B-52 at Hữu Tiệp Lake in order to find their next clue, which directed them to the Pit Stop: the National Museum of Vietnamese History."
US,22,6,Roadblock,"Before the Roadblock, teams chose a group of Kalahari Bushmen, who accompanied them for the rest of this leg. In this leg's Roadblock, one team member had to follow the Bushmen to a hole, where they were taught how to dig up a scorpion and place it in a jar before they could retrieve their next clue."
US,22,6,Roadblock,"After the Roadblock, teams had to drive their group of Bushmen to their next clue."
US,22,6,Detour,"This leg's Detour was a choice between Fire or Fowl. In Fire, teams traveled with their Bushmen to a nearby village, where they had to learn how to properly make fire using two sticks, zebra manure, and grass. Once they had a flame, they had to use it to light the elder Bushman's pipe in order to receive their next clue. In Fowl, teams had to learn how to set up a trap in order to catch a guineafowl. After setting up the trap properly, teams had to mimic a guineafowl and get captured in the trap before receiving their next clue."
US,22,6,Detour,"After the Detour, teams had to check in at the Pit Stop: the Meno A Kwena Safari Camp."
US,22,7,Fast Forward,"In this season's only Fast Forward, one team had to water ski for over a mile on the Okavango Delta. Bates & Anthony won the Fast Forward."
US,22,7,Speed Bump,"For their Speed Bump, Max & Katie had to complete a traditional beaded skirt and then wear it while performing a ceremonial dance before they could continue racing."
US,22,7,Roadblock,"In this leg's Roadblock, one team member had to transport two goats down river to a delivery point using a makoro, a traditional dugout canoe. They had to punt the makoro while their partner looked after the goats. Once the goats were delivered and the teams returned to the starting point, they received their next clue."
US,22,7,Roadblock,"After the Roadblock, teams had to take a safari taxi along the Thamalakane River to the Royal Tree Lodge Game Preserve, where they found their next clue."
US,22,7,Detour,"This leg's Detour was a choice between Brains or Brawn. In Brains, teams had to go on a horseback safari and spot ten wooden animal cutouts. They then traveled to a nearby campsite and had to arrange a set of tiles featuring the silhouettes of the animals in the order that they had appeared. Once they had the tiles in the correct order, they received their next clue; if not, they had to go back to the safari before being allowed another attempt. In Brawn, teams had to fill a traditional sand sledge with firewood and then coax a team of donkeys to pull the sledge to a campsite, where they had to unload the wood in order to receive their next clue."
US,22,7,Detour,"After the Detour, teams had to search the game preserve for the Pit Stop."
US,22,8,Roadblock,"In this leg's Roadblock, one team member had to traverse the north face of the Eiger and pick up a Travelocity Roaming Gnome before traversing back to the railway station's observation deck."
US,22,8,Roadblock,"After the Roadblock, teams had to return by train to Grindelwald and then travel on foot to the Lütschine Brüggli Bridge. There, teams had to follow the sound of a Swiss alphorn to their next clue. Teams then had to participate in a Switchback from season 14, where they had to use traditional sleds to transport a total of four 50-pound (23 kg) wheels of cheese downhill to a barn in order to receive their next clue, which directed them to the Pit Stop: the Bodmi Snowboard and Ski School."
US,22,9,Detour,"This leg's Detour was a choice between Train Trials or Font Follies. In Train Trials, teams drove to the Deutsches Technikmuseum, where they had to build a model train track using all of the provided pieces such that the track fit on a platform. Once the train was able to make one full lap without derailing or hitting any of the scenery, teams received their next clue. In Font Follies, teams had to travel to Wasserturm Park. There, they picked up two large neon alphabet letters and had to transport them intact on foot to the Buchstabenmuseum in order to receive their next clue."
US,22,9,Detour,"After the Detour, teams had to drive to Salon Zur Wilden Renate, where they found their next clue."
US,22,9,Roadblock,"In this leg's Roadblock, one team member first had to answer a question – Who said ""Ich bin ein Berliner""? (John F. Kennedy) – and then enter a labyrinth beneath the nightclub, where they had to search for a white room that held their next clue, which directed them to the Pit Stop: Joachimsthaler Platz on Kurfürstendamm."
US,22,10,Roadblock,"In this leg's Roadblock, one team member had to dress in a Royal Scots regiment uniform and learn to continuously play a drone on a set of bagpipes while marching with the Royal Scots pipers in Gosford House's Marble Room for two minutes in order to receive their next clue."
US,22,10,Roadblock,"After the Roadblock, teams had to drive to Craigmillar Castle and search the castle's fireplaces for their next clue."
US,22,10,Speed Bump,"For their Speed Bump, Mona & Beth had to play a game of skittles, a traditional British form of ten-pin bowling, and score a strike before they could continue racing."
US,22,10,Detour,"This leg's Detour was a choice between Tasty Puddin' or Whiskey Rollin'. In Tasty Puddin', teams had to prepare haggis by filling ox intestines with oatmeal in the presence of a Robert Burns impersonator, who recited Burns' poem ""Address to a Haggis"". Once each team member prepared four portions of haggis and had a taste, they were given their next clue. In Whiskey Rollin', teams had to roll eight barrels of Scotch whisky up a slope and deliver them to a party in order to receive their next clue."
US,22,10,Detour,"After the Detour, teams had to travel on foot to Duddingston Kirk in order to find their next clue, which directed them to the Pit Stop: Niddry Street South in Edinburgh's Old Town."
US,22,11,Roadblock,"In this leg's Roadblock, one team member had to participate in bog snorkeling. After donning full snorkeling gear, they had to cannonball into a muddy pool, and then swim one lap in the bog within four minutes in order to receive their next clue."
US,22,11,Roadblock,"After the Roadblock, teams had to find ""The Thing With a Ring"", which they had to figure out was the Beacon of Hope sculpture in Thanksgiving Square and where they found their next clue."
US,22,11,Detour,"This season's final Detour was a choice between Tray It or Spray It. In Tray It, teams had to go to the drydock where the Titanic was built and serve the ship's last five-course dinner to a group of first-class passengers. Using the provided menu and a seating chart, teams had to choose the proper dishes for each course from a table full of plates and serve them to the passengers in the dining room. When the waiter was satisfied that each passenger received the correct dish for each course, the team was allowed to move on to the next course. Once all five courses were served correctly, teams received their next clue from a Captain Edward Smith impersonator. In Spray It, teams had to go to a skate park in a warehouse, where they had to finish half of a graffiti painting using a photograph as reference in order to receive their next clue."
US,22,11,Detour,"After the Detour, teams had to check in at the Pit Stop: Ulster Hall."
US,22,12,Roadblock,"This season's final Roadblock was a Switchback from season 8. One team member had to take the briefcase and find one of fifty ""spies"" around the Tidal Basin who responded to their given code phrase with another supplied code phrase – Max: ""Where can I get a good half-smoke with chili?"" (""I've heard there's a great place on U Street.""); Bates: ""I did not dress warm enough for this weather."" (""Perhaps you would like to borrow my gloves.""); Beth: ""The cherry blossoms are beautiful here in April."" (""I'll have to bring my mother next spring.""). They then swapped briefcases with the spy, who told them that the combination to open their new briefcase was their final placement in New Zealand (Leg 3), Indonesia (Leg 4), and Vietnam (Leg 5). After they unlocked their briefcase, they could retrieve their next clue inside."
US,22,12,Roadblock,"After the Roadblock, teams were instructed to travel to ""The Home of the Nats"": Nationals Park. There, one team member had to ride a zip-line across the stadium and toss a baseball while their partner, dressed as a baseball, attempted to catch it. Once they successfully caught the ball, they could see that it had ""Hains Point"" written on it, which was their next destination. There, one team member had to enter a giant ball pit filled with globes and find ten globes marked with the countries that they visited on the race (excluding England). They had to pass the globes to their partner, who placed the globes in chronological order. Once they had all of their globes in the correct order, a giant globe opened and revealed the teams' final clue. Teams were instructed to travel to ""The Home of the First President"", which they had to figure out was the home of George Washington: Mount Vernon."
US,23,1,Roadblock,"In this season's first Roadblock, one team member had to direct their taxi to follow their partner, who paraglided from Alto Hospicio down to either Playa Brava or Huayquique Beach. Once team members reunited on the beach, they received their next clue."
US,23,1,Roadblock,"After the first Roadblock, teams had to travel to Muelle Prat and find their next clue."
US,23,1,Roadblock,"In this leg's second Roadblock, the team member who paraglided in the previous Roadblock had to collect five fish from one of three boats, reaching them by rowboat, and then deliver them to a fishmonger in order to receive a postcard, which depicted their first Pit Stop. The three fishing boats each had a limited number of fish, so if a boat ran out of fish, racers had to find one of the other boats in order to get their remaining fish."
US,23,1,Roadblock,"After the second Roadblock, teams had to travel on foot to the Pit Stop: the Teatro Municipal de Iquique."
US,23,2,Detour,"This season's first Detour was a choice between Brining or Mining. Both options required teams to bike to the salt mine in the Tarapacá salt flats. In Brining, teams had to carry bags of salt and dump them into a pool in order to reach neutral buoyancy. Once they were able to float on the surface, they could receive their next clue. In Mining, the teams had to use pickaxes and sledgehammers to open halite boulders until they found one that contained their next clue."
US,23,2,Detour,"After the Detour, teams were instructed to travel by bus to Santiago. Once there, they had to travel to the Plaza de Armas, where they found their next clue."
US,23,2,Roadblock,"In this leg's Roadblock, one team member had to work as a Chilean shoeshiner. After shining a customer's shoes, the racer had to properly put all of their supplies into their cart and transport it back to the storage depot in order to receive their next clue, which directed them to the Pit Stop: Cascada de las Animas in San José de Maipo."
US,23,3,Detour,"This leg's Detour was a choice between Tiles or Miles. In Tiles, teams had to correctly assemble a life-size tile puzzle in order to receive their next clue. In Miles, teams had to first retrieve a giant-sized compass from the Jerónimos Monastery and then use it to map out the distance traveled by Ferdinand Magellan on his circumnavigation of the globe on the large compass rose at the Padrão dos Descobrimentos. Once teams were within 500 nautical miles of the correct answer, they could receive their next clue."
US,23,3,Detour,"After the Detour, teams had to travel to the Parque Florestal de Monsanto, where they found their next clue."
US,23,3,Roadblock,"In this leg's Roadblock, one team member had to put on a suit of armor and then use a ballista to fire an arrow into a shield 150 feet (46 m) away. Once successful, a knight retrieved their shield which had their next clue on the back, which directed them to the Pit Stop: the Castelo dos Mouros in Sintra."
US,23,4,Detour,"This leg's Detour was a choice between Hang Your Heads or Hammer of the Cods. In Hang Your Heads, teams had to string together six bundles of fish heads. They then had to transport them by wheelbarrow to a drying rack and place them on a rod in order to receive their next clue. In Hammer of the Cods, teams had to collect 15 pairs of cod from a 30-foot (9.1 m) high drying rack and transport them to a manufacturing area, where they had to smash the cod into one kilogram (2.2 lb) of fish jerky in order to receive their next clue."
US,23,4,Detour,"After the Detour, teams had to travel in a rigid-hulled inflatable boat to the Henningsvær fishing village, where they found their next clue."
US,23,4,Roadblock,"In this leg's Roadblock, one team member had to put on a wetsuit, jump off the Henningsvær Bridge, and swing on the end of an 80-foot (24 m) rope. They then had to fall into the water and swim to a buoy that held their next clue. Once they swam back to their partner, who was waiting in a boat, they could return to shore."
US,23,4,Roadblock,"After the Roadblock, teams had to properly hitch a granite boulder on a sled to a provided truck in a rock quarry. They then had to pull the sled far enough forward so as to reveal their next clue and a satchel of Viking coins underneath. Teams then had to check in at the Pit Stop: the Viking Longhouse in Vestvågøy."
US,23,5,Detour,"This leg's Detour was a choice between Pose or Polka. In Pose, teams had to dress up as Neptune, pose like his statute at the Neptune Fountain, and solicit donations until they collected 75 zł (roughly US$19) in order to receive their next clue. In Polka, teams had to don traditional Polish costumes and then perform a polka dance routine to the satisfaction of their dance instructor in order to receive their next clue. After completing either Detour task, teams had to wear their costumes for the remainder of the leg. Tim & Marie used their Express Pass to bypass this Detour."
US,23,5,Detour,"After the Detour, teams had to search the Motława Riverfront for the foreman at the Medieval Harbor Crane with their next clue, which directed them to Przymorze."
US,23,5,Roadblock,"In this leg's Roadblock, one team member had to search among twelve addresses in the 1⁄2-mile (800 m) long, 6,000 person falowiec in Przymorze and taste a traditional Polish pastry called a pączek in each apartment. Once they found the apartment serving rose hip pączki (identified by a red center), they received their next clue, which directed them to the Pit Stop: Sopot Pier."
US,23,6,Fast Forward,"This season's only Fast Forward was a Switchback from season 4, where both team members would have had to perform a 500-foot (150 m) bungee jump from the top of the Donauturm. However, the Fast Forward was unavailable due to high winds and no teams chose to wait for more favorable weather."
US,23,6,Detour,"This leg's Detour was a choice between Light Brigade or Masquerade. In Light Brigade, teams would have traveled to the Ephesos Museum, dressed as court servants, and assembled an elaborate crystal chandelier in order to receive their next clue. In Masquerade, teams had to put on elaborately colored masks and join a Viennese ball, where they had to search among the waltzing couples for the pair wearing identical masks to their own in order to receive their next clue. All teams chose Masquerade."
US,23,6,Detour,"After the Detour, teams had to travel to Palais Augarten in order to find their next clue."
US,23,6,Roadblock,"In this leg's Roadblock, one team member had to learn how to sing Franz Schubert's ""Die Forelle"" and then perform it with the Vienna Boys' Choir with correct German pronunciation and musicality in order to receive their next clue."
US,23,6,Roadblock,"After the Roadblock, teams had to travel to Schönbrunn Palace and search the palace's garden hedge maze for their next clue, which directed them to the Pit Stop: the gloriette on the palace grounds."
US,23,7,Detour,"This leg's Detour was a choice between Sort It Out or Sew It Up. In Sort It Out, teams had to search through several types of dates and prepare an elaborate tray that matched an example in order to receive their next clue. In Sew It Up, teams had to put together a traditional fishing net to the satisfaction of the fishing boat captain in order to receive their next clue."
US,23,7,Detour,"After the Detour, teams had to travel to the Al Bandar Marina, where they had to board a marked yacht that departed every 15 minutes to Yas Island."
US,23,7,Roadblock,"In this leg's Roadblock, one team member dropped 200 feet (61 m) from the top of the Yas Viceroy Hotel Abu Dhabi before rappelling down to the ground. They then got into a Le Mans Prototype race car and rode along on a lap of the Yas Marina Circuit. While in the car, racers had to look among the signs on the track with drivers' names and times logged in the inaugural Abu Dhabi Grand Prix for the circuit record set by Sebastian Vettel. Once they told the pit crew chief the correct time and driver, he gave them their next clue. If they were incorrect, they had to make another lap around the track until they got the correct answer."
US,23,7,Roadblock,"After the Roadblock, teams had to check in at the Pit Stop: the champions' podium of the Yas Marina Circuit."
US,23,8,Detour,"This leg's Detour was a choice between Wedding Guests or Beauty Contest. In Wedding Guests, teams had to prepare machbūs, a traditional Emirati dish for wedding guests, and serve the finished dish to a wedding party in exchange for their next clue. In Beauty Contest, teams had to dress a camel for a camel show to the specifications of a judges panel before receiving their next clue. Nicole & Travis used their Express Pass to bypass this Detour."
US,23,8,Detour,"After the Detour, teams had to travel on foot to the Al Jahili Tower, where they found their next clue sending them to Wadi Adventure."
US,23,8,Speed Bump,"For their Speed Bump, Nicky & Kim had to swim across a wave pool with a six-foot (1.8 m) high wave crashing down upon them every 90 seconds, and climb up the ladder on the other side of the pool, before they could continue racing."
US,23,8,Roadblock,"In this leg's Roadblock, one team member had to ride down the largest man-made river rapids in the world and collect red, green, and black flags in order to receive their next clue, which directed them to the Pit Stop: the Mercure Grand Hotel."
US,23,9,Detour,"This leg's Detour was a choice between For the Elephants or For the Birds. In For the Elephants, teams visited the Simpang Dago Market, where they had to pick up watermelons, bananas, sweet potatoes, and sugar cane, and take everything to the Bandung Zoo. Once there, they had to feed the elephants in order to receive their next clue. In For The Birds, teams picked up two matching rosy-faced lovebirds at the Sukahaji Bird Market and took them to a bird song grand prix at the Sumber Sari Arena. Once their birds were scored, the judge awarded them their next clue."
US,23,9,Detour,"After the Detour, teams had to travel to Saung Angklung Udjo in order to find their next clue."
US,23,9,Roadblock,"In this leg's Roadblock, one team member had to properly assemble an angklung: a traditional Indonesian musical instrument made of bamboo. Once racers could play a complete octave, they received their next clue, which directed them to the Pit Stop: the Bosscha Observatory in Lembang."
US,23,10,Roadblock,"In this leg's Roadblock, one team member picked up sixty eggs from a food stand and then took a moped taxi into the Kawah Domas crater of Tangkuban Perahu, where they used one of the volcanic hot springs to boil the eggs. After returning to the stand with the eggs, an egg-spert sliced open each egg to see if they were sufficiently boiled. Once they had a dozen hard-boiled eggs, teams received their next clue."
US,23,10,Detour,"This leg's Detour was a choice between Paint Your Partner or Turn Over a New Leaf. In Paint Your Partner, teams traveled to the Gracia Spa Graha Ciater, where they had to make each other up in traditional Javanese bridal makeup to the satisfaction of a beautician in order to receive their next clue. In Turn Over a New Leaf, teams traveled to a tea plantation in Ciater and dressed as traditional tea harvesters. They then had to search the plantation for a pair of clipping shears hidden in the plants, which they could trade for their next clue."
US,23,10,Detour,"After the Detour, teams had to travel to Cisarua and climb down 587 steps in order to reach the Pit Stop: Curug Cimahi."
US,23,11,Detour,"This season's final Detour was a choice between Knock It Down or Call It Up. In Knock It Down, teams had to pick up four large pins outside Tokyo Media City studios and then participate in a human bowling game show, with team members alternating slides down an incline on an inner tube into a set of pins. Once teams scored a strike, they received their next clue. In Call It Up, one racer had to put on a swimsuit, jump into an art installation using one of Tokyo's telephone booths filled with water and goldfish, dial a provided telephone number, and then listen to the provided message: ""Welcome to Tokyo. Wasabi taberu."" They then had to repeat the message to their partner, who had to correctly relay the message to a judge in order to receive their next clue."
US,23,11,Detour,"After the Detour, teams had to travel to Shinjuku Central Park in order to find their next clue."
US,23,11,Speed Bump,"For their Speed Bump, Leo & Jamal had to join a group of zookeepers in a training drill and help capture an escaped ""rhinoceros"" before they could continue racing."
US,23,11,Roadblock,"In this leg's Roadblock, one team member had to assemble a ""robot"" using a set of cardboard pipes with only a miniature model as a guide in order to receive their next clue."
US,23,11,Roadblock,"After the Roadblock, teams had to search the Shibuya Scramble Crossing for a roaming ""vending machine"" that held their next clue, which directed them to the Pit Stop: the Konnō Hachimangū Shrine."
US,23,12,Roadblock,"In this season's final Roadblock, one team member had to ride in a bush plane and drop a bag of flour onto a target on the ground in order to receive their next clue."
US,23,12,Roadblock,"After the Roadblock, teams took a helicopter to Norris Glacier, where they chose a mountain guide to help them reach the face of the glacier, crossing a crevasse and going through an ice tunnel along the way. They then had to use a pickaxe to dig out their next clue, which was frozen inside a glacier among numerous false clues. Teams then paddled kayaks to an island where they found their next clue, which instructed them to return to Juneau and travel to the Blueberry Hills Trailhead."
US,24,1,Roadblock,"In this season's first Roadblock, one racer had to perform five aerial somersaults while suspended 300 feet (91 m) in the air attached by wires to the stadium's towers in order to receive their next clue, which directed them to the Pit Stop: the Guangzhou Opera House."
US,24,2,Roadblock,"In this leg's Roadblock, one team member had to correctly assemble a child's motorized car in order to receive their next clue. Caroline & Jennifer used their Express Pass to bypass this Roadblock."
US,24,2,Roadblock,"After the Roadblock, teams had to deliver the toy car they had assembled to the Guangzhou Children's Activities Center in order to receive their next clue."
US,24,2,Detour,"This season's first Detour was a choice between Featherball or China Cup. In Featherball, teams had to play jianzi (a game similar to hackeysack) with two local players. Once the teams successfully volleyed the shuttlecock a combined ten times, they could receive their next clue. In China Cup, each team member had to receive a traditional massage involving cupping therapy in order to receive their next clue."
US,24,2,Detour,"After the Detour, teams had to check in at the Pit Stop: the Shamian Island Promenade."
US,24,3,Roadblock,"In this leg's Roadblock, one team member had to take their Travelocity Roaming Gnome, travel through the treetops on a safety line, and then rappel down the waterfall, collecting their next clue along the way."
US,24,3,Roadblock,"After the Roadblock, teams had to travel to Kampung Tompinahaton in order to find their next clue."
US,24,3,Detour,"This leg's Detour was a choice between River Delivery or Run Through the Jungle. Teams had to first build a bamboo raft, which they used to travel down the river to their Detour choice. In River Delivery, teams had to pick up goods from a depot, carry them down river to the town of Kampung Tombung, and then deliver the goods to the village elder. In Run Through the Jungle, teams joined a Murut hunting guide who led them through the jungle to several fake bird targets. Using a blowgun, the teams had to each successfully knock over one target. After completing either Detour task, teams were directed to return to their rafts and continue down the river before receiving their next clue, which directed them to the Pit Stop: Tanjung Aru Water Village."
US,24,4,Roadblock,"In this leg's Roadblock, one team member participated in a traditional Lansaran dance, in which they bounced on a bamboo springboard with a group of locals. At the climax of the dance, the racer used the springboard to launch themselves high enough to grab a flag positioned above them, which they could exchange for their next clue. If more than one team was present, team members were only allowed three jumps before another team took their turn."
US,24,4,Detour,"This leg's Detour was a choice between Mix Master or Master Mix. In Mix Master, teams had to learn to scratch on a DJ table and then perform in front of a DJ and the crowd, receiving their next clue if each team member was able to replicate a series of seven record scratches to the DJ's approval. If teams did not perform the scratching properly, they had to allow other teams in line to perform before they could try again. In Master Mix, teams had to stack seven cocktail glasses into a two-tier pyramid and then use a stack of mixing glasses to pour differently colored cocktails into each glass simultaneously such that none of the cocktails mixed in order to receive their next clue."
US,24,4,Detour,"After the Detour, teams had to check in at the Pit Stop: the Lord Murugan Statue at the entrance to the Batu Caves in Gombak."
US,24,5,Detour,"This leg's Detour was a choice between Fishing Pole or Spin Control. In Fishing Pole, teams had to climb up traditional fishing stilts from which they could fish. Once each team member caught a fish, they could exchange it for their next clue. In Spin Control, teams had to learn a traditional Kandyan dance and then perform it while balancing a spinning raban on a stick in order to receive their next clue."
US,24,5,Detour,"After the Detour, teams had to travel to the Trendy Connections Garment Factory in order to find their next clue."
US,24,5,Speed Bump,"For their Speed Bump, Brendon & Rachel had to properly use silk screening to apply the final color to fifteen tee-shirts bearing the flag of Sri Lanka before they could continue racing."
US,24,5,Roadblock,"In this leg's Roadblock, one team member had to properly sew a shirt in a garment factory. Once the floor manager approved the work, he directed the team to a heat transfer machine, which printed the name of their next Pit Stop onto the shirt: the Colombo Rowing Club."
US,24,6,Roadblock,"In this leg's Roadblock, one team member had to choose a color badge in a gas station office and then search along a line of parked tuk-tuks for four that had the same color marked on their windshields. They then had to lead each tuk-tuk back to the gas station and fill their tanks with gasoline in order to receive their next clue."
US,24,6,Roadblock,"After the Roadblock, teams had to travel by train to Rambukkana and then travel by tuk-tuk to the Millennium Elephant Foundation in order to find their next clue."
US,24,6,Detour,"This leg's Detour was a choice between Trunk or Sheets. In Trunk, teams worked with an elephant to load a truck with timber. After the teams and the elephant carried three logs to the truck, the teams gave their elephant palm leaves and the mahout gave them their next clue. In Sheets, teams made paper using elephant dung. After collecting the dung in a wheelbarrow, teams took it to the paper mill, where it was mixed to make pulp. After teams made five sheets of paper, they received their next clue."
US,24,6,Detour,"After the Detour, teams had to travel to the Ambepussa Rest House, find the ""wise man"", and listen to his flute performance before receiving their next clue, which directed them to the Pit Stop: the beach at the Mount Lavinia Hotel."
US,24,7,Speed Bump,"For their Speed Bump, Caroline & Jennifer had to go to the Pantheon, pick up an antique typewriter, and drop it off at the Monumento Nazionale a Vittorio Emanuele II before they could continue racing."
US,24,7,Detour,"This leg's Detour was a choice between Gladiator or Charioteer. For both Detour options, teams had to don ancient Roman costumes. In Gladiator, teams learned a series of sword maneuvers to ""battle"" a seasoned gladiator in order to receive their next clue. If teams strayed from the battle sequence they were taught, they had to start over. In Charioteer, teams raced a radio-controlled chariot around a track with one team member controlling the speed and the other controlling the direction. Once teams completed five laps within one minute and thirty seconds, they received their next clue."
US,24,7,Detour,"After the Detour, teams were told to visit the ""piazza of John Keats' unhappy Roman Holiday"", which they had to figure out referred to the Piazza di Spagna at the base of the Spanish Steps."
US,24,7,Roadblock,"In this leg's Roadblock, one team member had to get a postcard from a vendor and count the total number of the Spanish Steps. They then had to add that total to the Roman numerals on the Obelisco Sallustiano in front of the Trinità dei Monti, which indicated its year of construction. They had to write down their sum in Roman numerals on the postcard and show it to a pair of Gregory Peck and Audrey Hepburn impersonators at the top of the steps. If they had the correct answer, they received their next clue. Otherwise, they had to go back down to the vendor to get a new postcard and try again."
US,24,7,Roadblock,"After the Roadblock, teams were told to head to ""where the leg of the race ends and the Via Flaminia begins"": the Piazza del Popolo."
US,24,8,Detour,"This leg's Detour was a choice between Donkey Run or Donkey Build. In Donkey Run, teams had to choose a pair of donkeys and then participate in the Palio della Tonna, a traditional donkey race. If they could make three laps before the band stopped playing, they received their next clue. In Donkey Build, teams had to build a wooden donkey-shaped trolley using all of the pieces provided, load it with wood, and then deliver the wood to ""Geppetto"" in order to receive their next clue. Jet & Cord used their Express Pass to bypass this Detour."
US,24,8,Detour,"After the Detour, teams had to travel on foot to the Hostaria del Ponte in order to find their next clue, which directed them to La Badia di Orvieto."
US,24,8,Roadblock,"In this leg's Roadblock, one team member had to copy a page out of an illuminated manuscript, just as monks did before the invention of the printing press. Once they properly copied the page's calligraphy and gold leaf, they received their next clue."
US,24,8,Roadblock,"After the Roadblock, teams had to ride the funicular to the Pit Stop at the Piazza del Duomo in Orvieto."
US,24,9,Roadblock,"In this leg's Roadblock, one team member had to pick a Bernese Mountain Dog with a cart containing two empty milk jugs and guide their dog to one of two gondola stations. After unloading the milk jugs and riding the gondola to the top station, they had to carry the jugs to a dairy farm and trade them for full ones. They then had to carry the full jugs back to the gondola and down to their dog, before bringing the dog and full milk jugs to the milk truck, where they received their next clue."
US,24,9,Roadblock,"After the Roadblock, teams had to travel by gondola to the top of Mount Titlis and check in at the Pit Stop."
US,24,10,Roadblock,"In this leg's Roadblock, one team member had to apply shaving cream to a balloon and then use a straight razor to remove all of the shaving cream within 60 seconds in order to receive their next clue. If they popped the balloon or ran out of time, they had to start over."
US,24,10,Roadblock,"After the Roadblock, teams had to travel to the Patio de las Doncellas in Real Alcázar, where they found their next clue."
US,24,10,Speed Bump,"For their Speed Bump, Caroline & Jennifer had to deliver six jamónes ibéricos through the streets and alleys of Seville to Las Teresas Café Bar before they could continue racing."
US,24,10,Detour,"This leg's Detour was a choice between Spanish Steps or Running with the Ballz. In Spanish Steps, teams had to learn a traditional flamenco routine and correctly perform it on stage in order to receive their next clue. In Running with the Ballz, teams wore Bumperz designed to look like bulls and ran through the streets of Seville, trying to avoid other ""bulls"" while looking for fragments of a motto printed on several posters along the route. Once teams reached the end of the course and could recite the full motto – ""A matador never thinks about his own death"" – they could receive their next clue."
US,24,10,Detour,"After the Detour, teams had to travel to the General Archive of the Indies in order to find their next clue, which directed them to check in at the Pit Stop: the Plaza de España."
US,24,11,Roadblock,"In this leg's Roadblock, one team member had to ride on one of the aqueduct's canal boats and work with a Welsh language instructor to learn one verse of the Welsh poem ""Y Sipsi!"". After the 15-minute boat ride to the other side of the aqueduct, they had to recite the poem from memory in order to receive their next clue."
US,24,11,Roadblock,"After the Roadblock, teams had to drive to Bolesworth Estate and find their next clue."
US,24,11,Detour,"This season's final Detour was a choice between Shoot It or Boot It. In Shoot It, teams participated in clay pigeon shooting and had to hit a total of 16 clay pigeons in order to receive their next clue. In Boot It, teams participated in boot throwing. After searching through a pile of Wellington boots to find a pair of either size 9s or size 11s, teams had to fill them with water and throw them along a course until they reached the finish line. At the end of the course, they received their next clue."
US,24,11,Detour,"After the Detour, teams had to check in at the Pit Stop: Peckforton Castle."
US,24,12,Roadblock,"In this leg's first Roadblock, one team member was shackled to the inside of a crate and handed keys after the crate was closed. After unlocking the shackles, racer had to retrieve lock picks while the crate was lifted off of the ground and lit on fire. Once the racer said that they were done, their partner set off a series of switches that dropped the box into a burning pile of wood and set off a fiery explosion. Copperfield then informed the partner that they had to get the fire department's assistance, and the racer in the crate appeared unharmed wearing a firefighter uniform. Copperfield then gave them their next clue."
US,24,12,Roadblock,"After the Roadblock, teams were directed to the Neon Boneyard. Their next clue instructed teams to remove a light bulb from a sign and take it with them to The Mirage, where they were hoisted on a window-washing scaffold to one of the hotel's signs atop the tower. They had to replace all of the light bulbs in the sign's letter I. Once finished, they had to tell the employees how many bulbs they used in order to receive their next clue, which directed them to Maverick Helicopters."
US,24,12,Roadblock,"In this season's final Roadblock, the team member who did not perform the previous Roadblock had to board a helicopter and search the Las Vegas Strip for a sign at the Aria Resort and Casino that told them the name of their drop zone and location of the finish line: the Las Vegas Motor Speedway. After informing their pilot, they performed a tandem skydive 10,000 feet (3,000 m) onto the racetrack's infield, where they joined their partner and crossed the finish line."
US,25,1,Roadblock,"In this season's first Roadblock, one team member had to start from one of four landmarks on the beach and use a traditional liquid compass and a unique set of directions to search the beach for a treasure chest buried in the sand that held their next clue."
US,25,1,Roadblock,"After the Roadblock, teams had to return by boat to Saint Thomas and then check in at the Pit Stop: Fort Christian in Charlotte Amalie."
US,25,1,Roadblock,"Keith, Scott, and Lisa chose to quit the Roadblock. Keith & Whitney and Michael & Scott were issued four-hour penalties that were applied at the start of the next leg, while Lisa & Michelle were the last team to arrive and were therefore eliminated."
US,25,2,Detour,"This season's first Detour was a choice between About Face or Pancake Race. In About Face, teams traveled to Somerset House, where they dressed as members of the Queen's Guard and had to perform the Changing of the Guard ceremony to the satisfaction of the parade commander before receiving their next clue. In Pancake Race, teams traveled to the Victoria Tower Gardens to participate in a Parliamentary Pancake Race. Racers had to dress as a chef, cook a pancake, and then complete one lap around the course while constantly flipping their pancakes within 75 seconds before receiving their next clue. If racers dropped a pancake, ran out of time, or did not flip the pancakes enough, they had to start over."
US,25,2,Detour,"After the Detour, teams had to travel by train to Oxford and find their next clue at the boathouse beneath the Magdalen Bridge. There, teams had to punt themselves along the River Cherwell around Magdalen College Island before receiving their next clue. Teams then traveled to Christ Church College, where each racer received a bowler hat and an umbrella that they had to bring to the Pit Stop. Their previous clue had informed them to tip their bowlers, which revealed ""Churchill's Birthplace"" printed on the inside, which they had to figure out was Blenheim Palace."
US,25,3,Detour,"This leg's Detour was a choice between Pony Up or Light My Fire. In Pony Up, teams drove to the Peats of Scalloway, where they had to cut fifty blocks of peat from a peat bank. They then had to load up a Shetland pony with two loads of peat and deliver them uphill to a farmer, who gave them their next clue. In Light My Fire, teams had to build a viking torch for Up Helly Aa. Once finished, teams drove to Hay's Dock, where they presented the torch to the guizer jarl, who lit their torch and gave them their next clue."
US,25,3,Detour,"After the Detour, teams had to drive to Berry Farm and find their next clue, which instructed them to shepherd a flock of sheep through a series of gates and into a pen. Once finished, the shepherd gave teams a Celtic brooch and instructed them to travel to where it was originally found. Teams had to figure out that the brooch was part of an 8th-century treasure horde from St Ninian's Isle, which was the Pit Stop."
US,25,4,Detour,"This leg's Detour was a choice between Parking Space or Wedding Cake. In Parking Space, teams drove to Sankt Jørgens Allé, where they had to set up one of two types of parklets in a parking spot within 30 minutes so that it matched a photograph before receiving their next clue. If the time expired before they were finished, teams had to move to a new parking space and start over. In Wedding Cake, teams drove to the Det Franske Conditori bakery, where they had to put together a traditional wedding cake known as a kransekage. They then had to transport the cake across town using a cargo bike to the Allegade 10 restaurant, receive a signature from the maître d', and return the receipt to the head baker in exchange for their next clue."
US,25,4,Detour,"After the Detour, teams had to drive to Ida Davidsen, which had their next clue."
US,25,4,Roadblock,"In this leg's Roadblock, one team member had to take a smørrebrød (sandwich) order from two restaurant patrons, remembering the menu number of the two sandwiches that they had each ordered, and then use a menu to memorize the contents of the four sandwiches. They had to relay the order and if they were correct, they had to deliver the sandwiches to the customers, who gave them their next clue directing them to the Pit Stop: the VM Houses."
US,25,5,Roadblock,"In this leg's Roadblock, one team member had to collect three unfinished goat skins and remove the remaining hairs from the skins. They then had to load three bundles of finished hides onto a bike and deliver them to a nearby cobbler. After getting a receipt, they had to return to the tannery and trade it for their next clue."
US,25,5,Speed Bump,"For their Speed Bump, Misti & Jim had to travel to Le Cadeau Berbère, pick up ten Moroccan rugs, and then hang the rugs on a wall outside the Riad Monceau hotel so as to prepare them for sale before they could continue racing."
US,25,5,Roadblock,"After the Roadblock, teams had to travel to the Ben Youssef Madrasa, where they found their next clue."
US,25,5,Detour,"This leg's Detour was a choice between Twirl Time or Tea Time. In Twirl Time, teams had to pick up their Gnawa music costumes and instruments and receive instruction on how to play them. While one team member played a drum to keep a rhythm, the other had to play the krakebs while using their head to continuously twirl a tassel on their hat for one minute before receiving their next clue. In Tea Time, teams had collect a Moroccan mint tea set before traveling to the Palais Gharnata, where they donned costumes and observed how to properly serve the tea. While one team member held the serving tray with one hand, the other had to ceremonially pour the tea into two cups at once before receiving their next clue."
US,25,5,Detour,"After the Detour, teams had to travel on foot to the Café Glacier and find their next clue, which directed them to the Pit Stop: the Al Matjar Carpet Shop."
US,25,6,Detour,"This leg's Detour was a choice between Camp or Cream. In Camp, teams had to set up a traditional Berber tent to the satisfaction of the judge before receiving their next clue. In Cream, teams had to milk a goat so as to fill a pail. They then had to use a goat skin to churn the goat milk until they made at least three ounces (85 g) of butter before receiving their next clue."
US,25,6,Detour,"After the Detour, teams had to drive to Terres d'Amanar in Tahannaout, which had their next clue."
US,25,6,Roadblock,"In this leg's Roadblock, one team member had to cross a series of rope-and-plank bridges and ziplines across a canyon in the Atlas Mountains. Once on the other side of the canyon, they had to put together a wooden puzzle. Once the puzzle was correct, they received their next clue and then joined their partner back on the other side of the canyon."
US,25,6,Roadblock,"After the Roadblock, teams received a photo depicting the Casbah d'If, which was the Pit Stop."
US,25,7,Roadblock,"In this leg's Roadblock, one team member had to drive a go-kart along the old route of the Targa Florio around Mount Pellegrino within 4:07 minutes before receiving their next clue from Nino Vaccarella. If unsuccessful, they had to follow a pace car back to the starting line and try again. Once racers got their next clue, they were driven back down the mountain to reunite with their partner at Antico Stabilimento Balneare."
US,25,7,Detour,"This leg's Detour was a choice between Painters or Posers. In Painters, teams had to travel to the Tonnara Florio and restore a fresco while lying on their backs on a high scaffolding to the satisfaction of the restoration artist before receiving their next clue. In Posers, teams had to travel to the Teatro Politeama Garibaldi and watch a series of opera performers. They then had to go backstage, identify the costumes worn by the performers, and write down the characters' names and their operas in the order the performers appeared on stage in a playbook before receiving their next clue."
US,25,7,Detour,"After the Detour, teams had to check in at the Pit Stop: Villa Niscemi."
US,25,8,Roadblock,"In this leg's Roadblock, one team member had to rappel twenty stories down into the water of the Blue Grotto, swim into the cave, and retrieve their next clue. They then rejoined their partner in a waiting boat and were taken ashore."
US,25,8,Roadblock,"After the Roadblock, teams had to travel to the Church of St. Scholastica in Birgu, where they found their next clue."
US,25,8,Speed Bump,"For their Speed Bump, Tim & Te Jay had to travel to the oratory of Saint Lawrence's Church and paint the Maltese cross onto two shields before they could continue racing."
US,25,8,Detour,"This season's first Blind Detour, where teams only learned about the task they chose once they arrived at its location, was a choice between Flag or Shine. In Flag, teams traveled to the Birgu Harbour and had to participate in a traditional Maltese game of ġostra, which involved both team members running up a greased log over the harbor and grabbing a flag before receiving their next clue. In Shine, teams traveled to the Gate of Provence, where both team members had to don a helmet and chest plate and polish each other's armor to the satisfaction of the knights before receiving their next clue. Adam & Bethany used their Express Pass to bypass this Detour."
US,25,8,Detour,"After the Detour, teams had to check in at the Pit Stop: Fort Manoel on Manoel Island."
US,25,9,Fast Forward,"For this season's only Fast Forward, teams had to surf on an artificially-generated wave at Sentosa's Wave House for two minutes without falling. Adam & Bethany won the Fast Forward."
US,25,9,Fast Forward,"Teams who chose to not attempt the Fast Forward had to travel to the observation deck of the Marina Bay Sands, which had their next clue."
US,25,9,Roadblock,"In this leg's Roadblock, one team member had to walk across a tightrope suspended 600 feet (180 m) above the ground from one tower of the Marina Bay Sands to a second, pick up their next clue, and then return to their partner at the original tower."
US,25,9,Roadblock,"After the Roadblock, teams had to travel to Centre Square at Raffles Place, where they had to find a man wearing a red-and-yellow ""Onward Singapore"" placard on his back with their next clue."
US,25,9,Detour,"This leg's Detour was a choice between China Cups or Chili Crabs. In China Cups, teams traveled to the Hong San See temple, where they had to undergo a deep tissue massage, skin exfoliation, and cupping therapy before receiving their next clue. In Chili Crabs, teams traveled to the Red House seafood restaurant, where they had to prepare chilli crab by cracking open crab claws smothered in hot chili sauce and collecting two pounds (0.91 kg) of crab meat before receiving their next clue."
US,25,9,Detour,"After the Detour, teams found their next clue at Fort Canning Park. There, they were instructed to find their next clue at one of the five official Merlion monuments throughout the city – two at Merlion Park, and one each at Sentosa, Tourism Court, and Mount Faber – the latter of which was the correct site. Teams then had to check in at the Pit Stop: The Fullerton Pavilion, overlooking Marina Bay."
US,25,9,Fast Forward,"Amy & Maya chose to use the U-Turn on Adam & Bethany. However, Adam & Bethany had won the Fast Forward and were therefore unaffected."
US,25,10,Detour,"This leg's Detour was a choice between Catch or Coach. In Catch, teams had to wade into Manila Bay to a pump boat offshore. They then had to fill a bucket with fish and transport it back to shore until they filled three large buckets with 300 pounds (140 kg) of fish before receiving their next clue. In Coach, teams had to properly assemble and attach a side car onto a motorcycle using the provided tools, making sure to match the motorcycle to their provided side car, before receiving their next clue."
US,25,10,Detour,"After the Detour, teams had to travel to the rice fields in Naic, where they took part in a Switchback from season 5. Teams had to use a plow attached to a water buffalo to dredge up their next clue hidden within the mud of a rice paddy. Teams then had to search on foot for the nearby Pit Stop."
US,25,11,Speed Bump,"For their Speed Bump, Brooke & Robbie had to unload the items from a man's broken padyak and load them onto a second padyak before they could continue racing."
US,25,11,Detour,"This season's final Detour was also a Blind Detour and was a choice between This or That. In This, teams traveled on foot to the intersection of Bocobo and Malvar Streets, where they had to play street basketball against a neighborhood team and score 21 points before receiving their next clue. In That, teams traveled on foot to the intersection of Pedro Gil Street and Pilar Hidalgo Lim, where they had to race padyaks around a marked course for four laps with each teammate pedaling the bicycle for two laps each. If teams finished four laps of the course within 17:55 minutes, they would receive their next clue."
US,25,11,Detour,"After the Detour, teams had to travel to the intersection of Santo Cristo Street and San Nicolas Street within the Divisoria Market and find their next clue."
US,25,11,Roadblock,"In this leg's Roadblock, one team member had to deliver specified quantities of two coconut-based products – bunot (a coconut shell used to clean floors) and walis tingting (a broom made of palm fronds) – to three different addresses within the Divisoria Market, collect a receipt from each delivery, and then return all three receipts before receiving their next clue, which directed them to the Pit Stop: the Baluarte de San Diego in Intramuros."
US,25,12,Roadblock,"In this leg's first Roadblock, one team member had to learn how to jump out of a third story window from a stunt coordinator. When ready, they had to pick up a satchel, jump through a window made of breakaway glass, and land safely on a pile of boxes below. Once completed, they could retrieve their next clue inside their satchel. Brooke & Robbie were the last team to arrive at this midpoint and were eliminated before being allowed to complete the Roadblock."
US,25,12,Roadblock,"After the first Roadblock, teams had to travel to the United States Coast Guard Base at Terminal Island and participate in a search-and-rescue exercise with the Coast Guard. After a response boat took them out into the ocean, teams had to swim to a crash test dummy, set off a safety smoke bomb, and swim with the dummy back to the boat before receiving their next clue, which directed them to ConGlobal Industries."
US,25,12,Roadblock,"In this season's final Roadblock, the team member who did not perform the previous Roadblock had to search amongst 15,000 shipping containers for nine with the names of the cities they visited during the race and remember a color-coded digit on each container. Without using notes, they then had to write the numbers down on a requisition form in the order that they visited the cities before receiving their final clue, which directed teams to the finish line: Point Vicente Lighthouse in Rancho Palos Verdes."
US,26,1,Detour,"This season's first Detour was a choice between Syncing Steps or Samurai Sake. In Syncing Steps, teams had to travel to Shinjuku Central Park and learn a series of synchronized robotic dance moves with members of World Order in order to receive their next clue. In Samurai Sake, teams had to travel to Nakanosakaue Chicken Tavern, where they were shown ten bottles of sake. One team member had to take an order from a pair of samurai, while the other team member had to find the correct bottle from a large display. When the correct sake bottle was presented, teams made a toast with the samurai before receiving their next clue."
US,26,1,Detour,"After the Detour, teams had to travel to Wakaba Higashi Park in order to find their next clue, which instructed them to search in the vicinity of the Akihabara UDX building for a parking space in order to find the Pit Stop."
US,26,2,Roadblock,"In this season's first Roadblock, one team member had to solve a traditional puzzle box called a yosegi, which contained the password they needed in order to receive their next clue."
US,26,2,Roadblock,"After the Roadblock, teams had to travel to Nishi-guchi Zenkō-ji in order to receive their next clue."
US,26,2,Detour,"This leg's Detour was a Blind Detour, where teams only learned about the task that they chose once they arrived at its location. It was a choice between Share or Chair. In Share, teams traveled to the Takesan Donabe Restaurant and had to feed each other a bowl of noodles using only a pair of chopsticks while sitting in front of a large fan in order to receive their next clue. In Chair, teams traveled to the M-Wave Olympic Arena. One team member had to sit on a chair mounted on a sled while their partner pushed the chair around a speed skating track for one lap, after which they switched places for a second lap. Teams had to finish both laps within a combined time of 3:55 minutes in order to receive their next clue."
US,26,2,Detour,"After the Detour, teams had to check in at the Pit Stop: the Patio Daimon."
US,26,3,Detour,"This leg's Detour was a choice between Ski or Tree. In Ski, teams traveled to Phuket Wake Park, where each member had to ride one lap of the wave pool on a wakeboard in order to receive their next clue. In Tree, teams traveled to Flying Hanuman, where they dressed as waiters and had to deliver a full meal intact to customers via zipline in order to receive their next clue."
US,26,3,Detour,"After the Detour, teams had to travel to the My Way Cabaret in order to find their next clue. There, they had to don showgirl costumes and then perform a dance before an audience to the satisfaction of the manager in order to receive their next clue, which directed them to the Pit Stop: the Baba Nest Rooftop Bar at Sri Panwa Phuket."
US,26,4,Speed Bump,"For their Speed Bump, Harley & Jonathan had to assemble a traditional Thai grasshopper out of river reeds before they could continue racing."
US,26,4,Detour,"This leg's Detour was a choice between Wheel or Water. In Wheel, teams had to travel by tuk tuk to the Snooker Club, where they had to play snooker until they sank a red ball. They then had to take a glass milk bottle to the Caturday Café and feed the cats in order to receive their next clue. In Water, teams had to travel by water taxi to Wat Intharam Pier and then search for Wat Klang Food Market, where both team members had to eat a thousand-year-old egg. They then received a metal placard sending them to the Wat Paknam Bhasicharoen, where they participated in a traditional Thai prayer before receiving their next clue."
US,26,4,Detour,"After the Detour, teams had to travel to Pathumwan Siang Gong in order to find their next clue."
US,26,4,Roadblock,"In this leg's Roadblock, one team member had to use power tools to remove the transmission from a faulty engine block. Inside the transmission was a screwdriver with the next clue tucked inside the handle. The clue was a piece of fabric with the inscription ""Metal Castle"", which directed teams to the Pit Stop at Loha Prasat within Wat Ratchanatdaram."
US,26,5,Detour,"This leg's Detour was a choice between Stein or Stack. In Stein, teams traveled to the Wolfsee Halle restaurant, where they had to carry twenty-two steins full of beer and carefully deliver them all at once while walking through a crowd in order to receive their next clue. In Stack, teams traveled to the grounds of Hasenöhrl-Hof and had to vertically stack fifteen empty beer crates in order to receive their next clue."
US,26,5,Detour,"After the Detour, teams had to drive to the Markus Wasmeier Museum in order to find their next clue."
US,26,5,Roadblock,"In this leg's Roadblock, one team member had to learn a Bavarian love song and then serenade their partner with correct German pronunciation and musicality while perched on a ladder in order to receive their next clue. If they sang unsatisfactorily, a bucket of water was dumped on them and they had to start over."
US,26,5,Roadblock,"After the Roadblock, teams had to check in at the Pit Stop: Lake Spitzingsee."
US,26,6,Roadblock,"In this leg's Roadblock, one team member had to travel by foot and purchase a bouquet of roses at St Martin Gardens and a box of chocolates at the Chocolaterie de Monaco. They then delivered them to their partner waiting on a yacht at Port Hercules, at which point they could receive their next clue."
US,26,6,Roadblock,"After the Roadblock, teams had to travel to the Casino de Monte Carlo and spin a roulette wheel to determine which Detour they had to do."
US,26,6,Detour,"After the Detour, teams had to check in at the Pit Stop: Plage de Passable in Saint-Jean-Cap-Ferrat."
US,26,7,Roadblock,"In this leg's Roadblock, one team member had to work with bushmen to build a traditional hut in order to receive their next clue."
US,26,7,Roadblock,"After the Roadblock, teams had to deliver their salt lick to the head ranger at the ranger headquarters in order to receive their next clue."
US,26,7,Detour,"This leg's Detour was a choice between Track or Pack. In Track, teams had to choose a truck and use a telemetric device to track down an elephant in order to receive their next clue. In Pack, teams worked as butchers and had to cut slices of wildebeest meat until they filled a bucket. Teams then boarded a truck and fed the meat to a pack of African wild dogs in order to receive their next clue."
US,26,7,Detour,"After the Detour, teams drove themselves to the Pit Stop at the Spitzkoppe."
US,26,8,Speed Bump,"For their Speed Bump, Aly & Steve had to properly assemble six toy airplanes from repurposed soda cans before they could continue racing."
US,26,8,Roadblock,"In this leg's Roadblock, one team member had to watch a yellow supply case drop 1,000 feet (300 m) from an airplane and retrieve it on foot. After locating the case, they had to walk to a hilltop, pick up a Travelocity Roaming Gnome, and then reunite with their partner at the starting point in order to open the case, which contained their next clue."
US,26,8,Roadblock,"After the Roadblock, teams had to drive to Snake Bend Pan in order to find their next clue."
US,26,8,Detour,"This leg's Detour was a choice between Work or Play. In Work, teams had to attach five tires to their vehicles and drive 5 miles (8.0 km) over a bumpy dirt road to smooth the road to a foreman's satisfaction in order to receive their next clue. In Play, teams had to sand ski across a series of sand dunes and then slide on a sand board to the bottom of a dune in order to receive their next clue. Jelani & Jenny used their Express Pass to bypass this Detour; however, they still had to do one side of the Detour because they had been U-Turned."
US,26,8,Detour,"After the Detour, teams had to drive to the Goanikontes Oasis in the Moon Valley Landscape. There, each team member had to pick one of four animals (a camel, donkey, oryx, or zebra) and lead it to the Pit Stop."
US,26,9,Roadblock,"In this leg's Roadblock, one team member had to don a traditional Dutch costume and search among hundreds of klompen (traditional wooden shoes) for the one that exactly matched a display in order to receive their next clue."
US,26,9,Roadblock,"After the Roadblock, teams had to ride bicycles along the Amstel River to the Munttoren in Amsterdam, where they found their next clue."
US,26,9,Detour,"This leg's Detour was a choice between Soak or Shuffle. In Soak, teams had to pilot an electric-powered hot tub through the city's canals while solving a rebus along the route. Once teams wrote down the right answer – Ice Skating Rink – they received their next clue. In Shuffle, teams had to play a traditional shuffleboard game called sjoelen and score 51 points in order to receive their next clue."
US,26,9,Detour,"After the Detour, teams had to ride their bicycles to the Pit Stop: the ice rink at Museumplein."
US,26,10,Speed Bump,"For their Speed Bump, Matt & Ashley had to use an old-fashioned typewriter to properly type out a llama loan application before they could continue racing."
US,26,10,Roadblock,"In this leg's Roadblock, one team member had to harvest a row of sugarcane using a machete in order to receive their next clue and a bundle of sugarcane."
US,26,10,Roadblock,"After the Roadblock, teams had to travel to the Parque Ramón Castillo in Otuzco, where they gave their sugarcane from the Roadblock to a fitness expert. They then used a chalkboard to record the activity data (steps and calories) from their fitness watch and calculate the steps needed to work off the calories from the sugarcane juice. Lastly, they had to drink a glass of sugarcane juice in order to receive their next clue."
US,26,10,Detour,"This leg's Detour was a choice between Mamas or Papas. In Mamas, teams had to walk through the busy streets of Otuzco's marketplace and purchase the ingredients needed to prepare chicha, a Peruvian moonshine, and then deliver them to an elderly lady known as La Señora de La Chicha. She traded the ingredients for a glass of chicha, which teams had to drink before receiving their next clue. In Papas, teams traveled to a potato field and had to pack potatoes into bags. They then had to deliver the potatoes to a market and correctly arrange each type of potato in separate bins of a marked stall in order to receive their next clue. If the potatoes were incorrectly sorted, they were dumped onto the ground and teams had to start over."
US,26,10,Detour,"After the Detour, teams had to walk to the Pit Stop: the Plaza de Armas, across from the Statue of the Virgen de La Puerta."
US,26,11,Detour,"This season's final Detour was a choice between Shake Your Hips or Make Some Bricks. In Shake Your Hips, teams had to perform the marinera dance in traditional costume to the satisfaction of a judge in order to receive their next clue. In Make Some Bricks, teams traveled to the Chan Chan ruins, where they had to make twelve wet bricks from mud and sand. Once all twelve bricks were completed to the foreman's satisfaction, they used a wheelbarrow to transport twelve dry bricks to a worksite in order to receive their next clue."
US,26,11,Detour,"After the Detour, teams had to travel to Huanchaco and find their next clue at the intersection of Avenida Ribera and Manco Capac."
US,26,11,Roadblock,"In this leg's Roadblock, both team members had to carry a caballito de totora to the beach on foot. Once there, the chosen team member had to paddle out to a buoy in order to retrieve their next clue."
US,26,11,Roadblock,"After the Roadblock, teams had to travel on foot to the Pit Stop: the Church of the Virgen del Socorro."
US,26,12,Roadblock,"In this leg's first Roadblock, one team member had to don a Dallas Cowboys uniform and then get harnessed and pulled to the top of the stadium, where they collected a football playbook. After returning to the ground, they had to catch a touchdown pass and score a field goal in order to receive their next clue."
US,26,12,Roadblock,"After the first Roadblock, teams had to travel to the P2 Ranch in Burleson. There, teams donned cowboy hats, shirts, and boots and worked with cowboys to herd six Texas Longhorn steers into a pen in order to receive their next clue. Mike & Rochelle were eliminated when they arrived at the ranch last and they did not complete this task. Teams then had to travel to Reunion Tower in order to find their next clue."
US,26,12,Roadblock,"In this season's final Roadblock, the team member who did not perform the previous Roadblock had to rappel from the top of Reunion Tower and spot a row of yellow and red flags, which were near the Trinity River and where teams found their next clue."
US,27,1,Fast Forward,"In this season's only Fast Forward, one team would have had to ride a hang glider from Pedra Bonita and soar above the city. Due to windy weather conditions, no teams won the Fast Forward, since they did not want to wait until weather conditions might have improved."
US,27,1,Fast Forward,"Teams who chose to not attempt the Fast Forward had to travel by helicopter to Urca Hill, flying past Christ the Redeemer en route. After landing, the heliport manager asked the teams the name of the monument they passed during the flight, and if teams answered correctly, they received their next clue."
US,27,1,Detour,"This season's first Detour on Copacabana Beach was a choice between Sand or Sidewalk. In Sand, teams had to play footvolley against local professional players, who could not use their hands while the racers could, and score six points before the pros scored 18, in order to receive their next clue. In Sidewalk, teams had to solve a giant geometric slide puzzle derived from the Portuguese pavement style of the Copacabana pavement in order to receive their next clue."
US,27,1,Detour,"After the Detour, teams had to check in at the Pit Stop: Arpoador Lookout."
US,27,1,Detour,"Kelly & Shevonne completed the Detour, but never made it to the Pit Stop. After all of the other teams had already checked in, Phil came to Copacabana Beach to inform them of their elimination."
US,27,2,Detour,"This leg's Detour was a choice between Cartoneros or Fletero. In Cartoneros, teams traveled to the Palermo Neighborhood, where they had to select a cart, collect cardboard from recycling bins, and transport it to a truck to be weighed. Once they'd collected at least 100 kilograms (220 lb), teams received their next clue. In Fletero, teams traveled to Gabriel del Campo Antiques near Plaza Dorrego, picked up the pieces of a statue, and brought them to a truck. One team member sat in the front and give the driver directions, while the other held the pieces in the back until they reached the gazebo at Plaza Intendente Sebeer. At the park, teams had to properly reassemble the statute in order to receive their next clue."
US,27,2,Detour,"After the Detour, teams had to travel to Bartolomé Mitre 4272 in order to find their next clue."
US,27,2,Roadblock,"In this season's first Roadblock, one team member had to properly perform a tango routine, including a portion where they were harnessed and danced on the wall, in order to receive their next clue."
US,27,2,Roadblock,"After the Roadblock, teams were instructed to find the Pit Stop at ""The Cathedral of Polo"", which they had to figure out was the Campo Argentino de Polo."
US,27,3,Roadblock,"In this leg's Roadblock, one team member had to properly hang two racks of lamb and one rack of beef ribs onto a set of metal grills to cook the meat asado-style, with the bones oriented in the correct direction and properly skewered on all sides, in order to receive their next clue."
US,27,3,Roadblock,"After the Roadblock, teams had to deliver a roasted lamb to a festival at Plaza Principal in order to receive their next clue."
US,27,3,Detour,"This leg's Detour was a choice between Horse or Carriage. In Horse, teams had to pick a polo mallet from the plaza and walk to Boliche de Bessonart, where they changed into polo gear. They then had to walk to the riverside and pick out a fake horse that needed to be properly tacked and pushed back to the plaza. In Carriage, teams had to pick a buggy whip from the plaza and travel by foot to La Cinacina Estancia. There, they had to don gaucho clothing, clean a carriage, and then push it to a team of waiting horses. Once the horses were harnessed to the buggy, they had to ride back to the plaza. At the end of both Detour tasks, teams had to present either the fake horse or the buggy whip to the judges in order to receive their next clue."
US,27,3,Detour,"After the Detour, teams were instructed to travel by foot to the Pit Stop: the Parque Criollo y Museo Gauchesco Ricardo Güiraldes."
US,27,4,Roadblock,"In this leg's Roadblock, one team member had to fly above Victoria Falls in a microlight plane and spot a route marker below on the Knife's Edge Bridge. After landing, they could reunite with their partner and travel to the bridge, where they found their next clue. Tanner & Josh used their Express Pass to bypass this Roadblock, and then bequeathed the Express Pass to Denise & James Earl."
US,27,4,Roadblock,"After the Roadblock, teams had to travel to the Shoestrings Backpackers Lodge in Victoria Falls, Zimbabwe, where they had to pick one of three departure times for the next morning and spend the night."
US,27,4,Detour,"This leg's Detour was a choice between Co-Op or Croquet. In Co-Op, teams traveled to The Big Five Co-Op and had to stain and polish a carved wooden giraffe. Once the carving was properly painted and dried, teams received their next clue. In Croquet, teams traveled to the Victoria Falls Hotel and had to play croquet, scoring five points against professional players, in order to receive their next clue."
US,27,4,Detour,"After the Detour, teams had to check in at the Pit Stop: the Rose of Charity Orphanage."
US,27,4,Detour,"The Detour options on the teams' clues were listed as Co-Op and Croquet; however, the graphics on the show listed the Detour options as Wood and Croquet."
US,27,5,Roadblock,"This leg's Roadblock was a Switchback to the very first Detour from season 1. One team member had to strap on a harness and free-fall 200 feet (61 m) into the Batoka Gorge and swing above the Zambezi River. Once racers returned to the top, they received their next clue."
US,27,5,Detour,"This leg's Detour was a choice between Crocs or Canoes. In Crocs, teams had to travel to Crocodile Cage Diving at the Elephants Walk Shopping and Artist Village. Teams had to don wetsuits and were submerged in a metal cage, where they had to use poles to feed meat to three Nile crocodiles before receiving their next clue. In Canoes, teams had to travel to the A'Zambezi River Lodge, where they had to get an inflatable canoe and paddle together across the river. Once on the island, one team member had to hoist their partner up a tree in order to retrieve their next clue from a nest. Teams then had to paddle back across the river. Denise & James Earl used their Express Pass to bypass this Detour."
US,27,5,Detour,"After the Detour, teams had to travel to The Lion Encounter at the Masuwe Private Game Reserve. Accompanied by safari instructors and two lions, they walked through the bush to find their next clue hidden in a skull. Both team members then received a large cloth that was tied around their heads and a basket of fruit that they had to carry on their heads while walking to the nearby Pit Stop: Masuwe Lodge."
US,27,6,Roadblock,"In this leg's first Roadblock, one team member had to bungee jump 364 feet (111 m) from the Victoria Falls Bridge. After returning to the top of the bridge, they had to record their heart rate on their fitness watch before receiving their next clue."
US,27,6,Roadblock,"After the first Roadblock, teams were instructed to fly to Paris, France. Once there, teams had to travel by train to La Ferté-Alais and then travel to the Aérodrome Musée Volant Salis in Cerny, where they found their next clue."
US,27,6,Roadblock,"In this leg's second Roadblock, the team member who did not perform the previous Roadblock had to fly in a vintage Boeing-Stearman biplane over the French countryside, spot three words on the ground – LIBERTÉ, ÉGALITÉ, FRATERNITÉ – and then recite them to a biplane pilot after landing in order to receive their next clue. The team member that flew on the biplane then had to record their heart rate on their fitness watch."
US,27,6,Roadblock,"After the second Roadblock, teams had to return to Paris and then search the Square Louise-Michel beneath the Sacré-Cœur Basilica for Le Fantôme Blanc, who handed them their next clue."
US,27,6,Detour,"This leg's Detour was a choice between Drops Mic or Bust a Crab. In Drops Mic, teams had to travel to the Port de la Tournelle and perform the French rap song ""79 à 99"" by Passi with correct pronunciation, rhythm, and vibes in order to receive their next clue. In Bust a Crab, teams had to travel to La Coupole Restaurant and prepare a signature dish – the Royal Platter – by properly shucking and cracking crabs to the chef's standards in order to receive their next clue."
US,27,6,Detour,"After the Detour, teams received a postcard depicting the Pont Alexandre III. There, they found their next clue, which instructed teams to go ""across from the iconic monument where the first team will triumph"", referring to Place Charles de Gaulle across from the Arc de Triomphe, where teams checked in at the Pit Stop."
US,27,7,Roadblock,"In this leg's Roadblock, one team member had to find an exact duplicate of Vincent van Gogh's Sunflowers, placed amongst numerous similar versions with minor differences, located around the nearby windmills in order to receive their next clue."
US,27,7,Roadblock,"After the Roadblock, teams had to record their highest heart rate from the previous leg and their heart rate from this leg's Roadblock and subtract the difference. The solution determined the number of tulips they had to deliver to the Spakenburgermeisje (the girl from Spakenburg) in order to receive their next clue, which instructed them to take a water taxi to the Nolet Distillery."
US,27,7,Detour,"This leg's Detour was a choice between Ship or Skip. For both Detour options, teams had to travel by tram back in Rotterdam. In Ship, teams traveled to the Millennium Tower and used a training simulator that simulated navigating Rotterdam Harbor in stormy weather. The simulation was a two-part mission: teams had to first deliver a pilot to a ship and then go to the aid of a distressed ship. They had to successfully complete the mission within five minutes in order to receive their next clue. In Skip, teams traveled to Leuvehoofd Park and had to complete a 45-second Double Dutch clapping routine on a jump rope in order to receive their next clue."
US,27,7,Detour,"After the Detour, teams had to travel by train to The Hague and then by tram to the Pit Stop at the Peace Palace."
US,27,8,Detour,"This leg's Detour was a choice between Mine or Music. In Mine, teams traveled to the Wieliczka Salt Mine and descended 1,000 feet (300 m) into the mine. They then had to carry a large timber support beam to a loading area, fill a mine cart with salt, and push the cart back through the tunnel to a miner, who gave teams their next clue. In Music, teams traveled to Kraków's Main Square, where they had to choose a professional pianist, learn a musical piece, and then roll a piano through the streets to a performance area. Teams had to perform a duet with a violinist and earn 100zł (roughly $25) from passersby in order to receive their next clue."
US,27,8,Detour,"After the Detour, teams had to travel to the Oskar Schindler Factory, where they were given a tour of the factory before receiving their next clue. Teams then found their next clue in the Kazimierz."
US,27,8,Roadblock,"In this leg's Roadblock, one team member had to identify seven traditional Jewish dishes on a dinner order from a vast spread and deliver the correct quantity of dishes to the Klezmer-Hois restaurant. If racers brought the correct dishes, they would receive their next clue, which directed them to the Pit Stop inside the restaurant."
US,27,9,Roadblock,"In this leg's Roadblock, one team member had to use a bicycle to transport a bundle of Indian saris to the bank of the Yamuna River, where they were shown how to tie them in a traditional manner for washing by a dhobi. Once all of the saris were correctly tied, racers had to wash them in a basin, transport them across the beach, and lay them out to dry in order to receive their next clue."
US,27,9,Roadblock,"For their Speed Bump, Tanner & Josh both had to perform the Roadblock, one after the other."
US,27,9,Roadblock,"After the Roadblock, teams had to travel to the Hanuman Temple in Johri Bazar, where they received a traditional Indian blessing before receiving their next clue."
US,27,9,Detour,"This leg's Detour was a choice between Cans or Candy. In Cans, teams had to load and secure 120 metal cooking-oil cans onto a flatbed bicycle and pedal to the New Taj Oil Company, where they had to unload the cans in order to receive their next clue. In Candy, teams had to cut small pieces from winter melons, which are used to make an Indian candy called petha. Once the pieces weighed in at one maund (90 lbs.), they had to deliver prepackaged petha to the Panchhi Petha Candy Store in order to receive their next clue."
US,27,9,Detour,"After the Detour, teams had to travel to the Bijli Ghar Chauraha Roundabout in order to find their next clue, which directed teams to travel to the Moonlight Garden – known locally as Mehtab Bagh – across the river from the Taj Mahal in order to find the Pit Stop."
US,27,10,Roadblock,"In this leg's Roadblock, one team member had to use a pump to inflate enough balloons to fill a net attached to the back of a bicycle. Once the net was full, they had to ride across the Yamuna Bridge, deliver the balloons to a wedding planner, receive their next clue, and then bicycle back to reunite with their partner."
US,27,10,Roadblock,"After the Roadblock, teams had to travel to the Goyal Book Store in order to find their next clue."
US,27,10,Detour,"This leg's Detour was a choice between Bring the Groom or Bring the Fun. In Bring the Groom, teams had to hand-crank a portable generator until it produced enough power to light up a cumbersome candelabrum. Teams then had to join a baraat procession through the streets, with one team member carrying the candelabrum while the other carried the generator, escorting a groom to his wedding party at the Shree Ramchandra Farm House in order to receive their next clue. In Bring the Fun, teams had to push a mobile amusement swing through the crowded streets, deliver it to the outside playground at the same wedding party, and give eight children a ride in the swing in order to receive their next clue."
US,27,10,Detour,"After the Detour, teams had to check in at the nearby Pit Stop."
US,27,11,Detour,"This season's final Detour was a choice between Sam's or Cells. In Sam's, teams traveled to Sam's Tailor, where they picked up measurements for a suit jacket. Teams then headed to Sam's Workshop to properly cut out six template pieces of a matching design. They then had to deliver a finished suit back to Sam's Tailor in order to receive their next clue. In Cells, teams traveled to a marked store on the crowded Apliu Street and searched through boxes of used cell phones to find one that turned on. After dialing a number displayed on the phone, a message instructed them to travel to Kong Wah Telecom (HK) Limited on Kweilin Street in order to find their next clue."
US,27,11,Detour,"After the Detour, teams had to travel by ferry to Macau, and then travel to the City of Dreams Casino, where they had to search for a performer named Iago, who gave them their next clue."
US,27,11,Roadblock,"In this leg's Roadblock, one team member had to participate in a performance of The House of Dancing Water. After diving from the central platform into the surrounding pool, they had to search underwater for a golden fish. Once they found the fish, they had to swim across the pool and deliver it to a fisherman on a raft in exchange for their next clue. If they could not complete the task before the music stopped, they had to wait twenty minutes for the next performance in order to try again."
US,27,11,Roadblock,"After the Roadblock, teams had to check in at the Pit Stop: the Centro Náutico da Praia Grande, overlooking Nam Van Lake."
US,27,12,Roadblock,"In this season's final Roadblock, one team member had to don a New York City Fire Department uniform and take part in a training exercise. They first had to carry a fire hose to a fire engine, and then climb a ladder to the open window of a burning building, where they had to search inside for a dummy. Once they exited the building with the dummy, they had to place it onto a waiting stretcher. Afterwards, racers had to arrange firefighters' helmets, each labeled with the capital cities of the countries they'd visited, in chronological order, in order to receive their next clue."
US,27,12,Roadblock,"After the Roadblock, teams were instructed to travel to the location of the final race of the Triple Crown: Belmont Park. There, teams traveled by helicopter to Southampton in the Hamptons. After landing at Southampton Heliport, teams found their next clue, which directed them to Shinnecock East County Park. Teams had to drive a Sea-Doo to a lobster boat, where they had to pull seven lobster traps from the water, empty them, and replace them with new traps. Once this was completed, teams received a box containing the flags of all of the countries they'd visited (along with one decoy flag), which they had to arrange in chronological order in order to receive their next clue and head back to shore."
US,28,1,Detour,"This season's first Detour was a choice between Mariachi Madness or Great Bulls of Fire. In Mariachi Madness, teams had to search among 350 Mariachi performers at Plaza Garibaldi for one who was faking their performance of ""Cielito Lindo"" and then take the performer to a judge in order to receive their next clue. In Great Bulls of Fire, teams had to properly assemble the frame for a torito, a papier-mâché bull, as part of a fireworks display and then light it up in order to receive their next clue."
US,28,1,Detour,"After the Detour, teams were instructed to go to the Cuevas de Teotihuacan at the Parque Temático Tlalocan and pick one of three departure times for the next morning."
US,28,1,Roadblock,"In this season's first Roadblock, one team member had to search through the caves for an archeological site and dig up thirteen pieces of a Teotihuacano mask. The site contained pieces for two masks, so team members had to figure out which pieces they needed to find so they could properly assemble one mask and receive their next clue, which directed them to the Pit Stop: the Museo Soumaya in Mexico City."
US,28,2,Roadblock,"In this leg's Roadblock, one team member had to climb into the mud bath atop El Totumo Volcano and find one of several satchels which contained an emerald. They had to wash the emerald before giving it to a judge, who directed them to swim to their next clue in a nearby lagoon."
US,28,2,Roadblock,"After the Roadblock, teams had to go to Manzanillo del Mar and look for a juice stand named Terraza Melló Farándula Jugos Naturales. Once there, they had to find locals playing dominoes, who gave them their next clue."
US,28,2,Speed Bump,"For their Speed Bump, Scott & Blair had to help local fishermen haul a large dragnet out of the water and then collect all of the fish captured before they could continue racing."
US,28,2,Detour,"This leg's Detour was a choice between Pop-Up or Parrilla. In Pop-Up, teams had to properly assemble a shelter using the provided materials and following a pre-assembled example. Once it was built to the judge's approval, they had to guide a car into the shelter, after which they could receive their next clue. In Parrilla, teams had to properly cook three fish dishes on a parrilla grill. Once their dishes were approved, they had to serve them to nearby locals in order to receive their next clue."
US,28,2,Detour,"After the Detour, teams had to check in at the Pit Stop: Plaza Bolívar in Cartagena."
US,28,3,Detour,"This leg's Detour was a choice between Tickets or Tejo. In Tickets, teams had to work as bus conductors on a Cartagena transit bus and attract enough passengers so as to earn at least COL$20,000 (roughly $6.00), which they could trade for their next clue. In Tejo, teams had to play tejo, by hitting three gunpowder-loaded targets with a stone disc, in order to receive their next clue."
US,28,3,Detour,"After the Detour, teams had to travel to Calle San Juan de Dios and find a local mochila vendor outside the Museo Naval del Caribe, who had their next clue."
US,28,3,Roadblock,"In this leg's Roadblock, one team member had to pick a mochila, a traditional Colombian knapsack, and search for other vendors between Plaza Santa Teresa and Plaza Santo Domingo to find two bags tagged with the same designer out of hundreds on display, which they could trade for their next clue, which directed them to the Pit Stop: Baluarte de Santiago."
US,28,4,Detour,"This leg's Detour was a choice between Work Bench or Bench Work. In Work Bench, teams had to correctly assemble a Victorinox Swiss Army knife in order to receive their next clue. In Bench Work, teams had to travel to the Promenade de la Treille, where they had to determine how many people could sit on the world's longest wooden bench. Teammates had to measure it by sitting next to each other, alternating down the entire length of the bench. If their answer was within a correct range, teams received their next clue; but if they were incorrect, they had to measure again."
US,28,4,Detour,"After the Detour, teams found their next clue at the Broken Chair statue."
US,28,4,Roadblock,"In this leg's Roadblock, one team member had to identify ten flags from a group of 193, representing ten of the founding members of the United Nations. Teams had to find the ten flags in a book which contained all of the flags, and then present the correct flags to a judge in order to receive their next clue."
US,28,4,Roadblock,"After the Roadblock, teams had to travel by train to Chamonix, France, and search for the Pit Stop at the Place du Triangle de l'Amitié."
US,28,5,Detour,"This leg's Detour was a choice between Dynamite or Campsite. In Dynamite, teams had to collect two dynamite sticks commonly used for avalanche prevention. They then had to traverse down a mountain via ferrata and deliver their dynamite to the mountaineer, who gave them their next clue. In Campsite, teams had to pitch a tent so as to match an example and build a protective snow wall beside the tent in order to receive their next clue."
US,28,5,Detour,"After the Detour, teams had to travel to the Planpraz Gondola Station in order to find their next clue."
US,28,5,Roadblock,"In this leg's Roadblock, one team member had to travel via gondola to Planpraz. They then had to perform a tandem paragliding ride 7,000 feet (2,100 m) from the side of the Aiguilles Rouges. Once in the air, they had to spot a yeti waving a French flag. After landing, racers were asked which country's flag they saw, and if they answered correctly, they received their next clue, which directed them to the Pit Stop: the statue of Michel-Gabriel Paccard."
US,28,6,Detour,"This leg's Detour was a choice between Thread or Bread. In Thread, teams traveled to the Megerian Carpet Factory, where they had to complete a row of 200 stitches on an Armenian carpet while following a pattern in order to receive their next clue. In Bread, teams traveled to the Parvana Restaurant, where they had to roll out dough and bake fifteen traditional pieces of bread called lavash using a tonir, an Armenian underground oven, in order to receive their next clue."
US,28,6,Detour,"After the Detour, teams had to travel to Republic Square and choose a bus that took them to Hatsavan, overlooking Mount Ararat, where they found their next clue."
US,28,6,Roadblock,"In this leg's Roadblock, one team member had to choose a Lada VAZ-2101 taxi from the roadside along with a driver. They then had to direct the taxi onto a ramp and properly perform an oil change in order to receive their next clue, which directed them to the Pit Stop: the Temple of Garni."
US,28,7,Detour,"This leg's Detour was a choice between Clean or String. In Clean, teams had to travel to Iago's Wine and wash out a traditional kvevri clay pot buried in the ground to the satisfaction of the winery owner to receive their next clue. In String, teams had to travel to Arsekidzis 15 and thread five strings of twenty hazelnuts to make traditional churchkhela (a sausage-shaped candy). Teams then had to dip them into a pot to glaze them and hang them up to dry before receiving their next clue."
US,28,7,Detour,"After the Detour, teams had to travel to the Rustaveli National Theater in Tbilisi to find their next clue."
US,28,7,Roadblock,"In this leg's Roadblock, one team member had to join the Georgian National Ballet and perform a fast-paced routine on stage to the satisfaction of the choreographer to receive their next clue, which directed them to the Pit Stop: Rike Park, overlooking the Bridge of Peace."
US,28,8,Detour,"This leg's Detour was a choice between Races or Oasis. In Races, teams traveled to the Dubai Camel Race Track. There, they used bicycles to compete against racing camels, who could reach speeds up to 40 mph (64 km/h), on a 1.2-mile (1.9 km) course. If teams finished ahead of the camels, they could receive their next clue. In Oasis, teams had to lead four camels across a marked path through the desert to a Bedouin camp, where they were offered traditional regag bread and camel milk along with their next clue."
US,28,8,Detour,"After the Detour, teams had to drive to Atlantis, The Palm, and search Aquaventure for their next clue. This was the same water park that teams visited in season 15."
US,28,8,Roadblock,"In this leg's Roadblock, one team member had to put on a diving helmet and walk through an aquarium containing sharks, rays, and other sea creatures in order to retrieve a canister containing a puzzle. Once they were out of the aquarium, they had to solve the puzzle in order to receive their next clue. Brodie & Kurt used their Express Pass to bypass this Roadblock."
US,28,8,Roadblock,"After the Roadblock, teams had to slide down the Poseidon's Revenge water slide in order to receive their next clue. Teams then had to drive back to Dubai and travel by abra to the Pit Stop: the Deira Old Souq Station."
US,28,9,Roadblock,"In this leg's first Roadblock, one team member had to collect seawater in two baskets on a bamboo pole and shake out the water onto a bed of volcanic sand so that it could evaporate. After filling the plot of sand, they then had to scrape enough crystallized salt from the brine troughs to fill a basket. Finally, they had to properly fill four plastic bags with salt in order to receive their next clue."
US,28,9,Roadblock,"For their Speed Bump, Sheri & Cole had to go to the Bat Temple and prepare and sell ten bowls of a traditional Indonesian meatball dish known as bakso for Rp10,000 each. Each team member then had to finish a bowl of bakso before they could continue racing and perform the leg's first Roadblock."
US,28,9,Roadblock,"After the first Roadblock, teams had to travel to Mertasari Beach in order to find their next clue."
US,28,9,Roadblock,"In this leg's second Roadblock, the team member who did not perform the previous Roadblock had to properly assemble a 30-foot (9.1 m) traditional kite and fly it along the beach with a team of kite enthusiasts in order to receive their next clue."
US,28,9,Roadblock,"After the second Roadblock, teams had to travel to Semawang Beach and then paddle an outrigger canoe to a traditional pinisi sailing ship, which was the Pit Stop."
US,28,10,Detour,"This leg's Detour was a choice between Haul or Harvest. In Haul, teams had to carry a total of fifty coconuts and four live chickens across a congested suspension bridge and load the coconuts into a delivery truck and the chickens into baskets in order to receive their next clue. In Harvest, teams had to propel a canoe through a marked course, where they had to collect enough seaweed to completely cover a tarp on the beach, in order to receive their next clue."
US,28,10,Detour,"After the Detour, teams had to travel to the Warung Sunrise in order to find their next clue, which directed them to the Pande Curly Paddleboard Shop."
US,28,10,Roadblock,"In this leg's Roadblock, one team member had to ride a jet ski to the Blue Lagoon, where they climbed a ladder to the top of a four-story high cliff. They then participated in a Pilates session with Bondi Rescue lifeguard Anthony ""Harries"" Carroll before jumping 40 feet (12 m) into the sea in order to get their next clue."
US,28,10,Roadblock,"After the Roadblock, teams took a boat back to Bali and then traveled by taxi to the Pit Stop: the Bajra Sandhi Monument in Denpasar."
US,28,11,Roadblock,"In this leg's Roadblock, one team member had to search the grounds of the Window of the World, a park containing replicas of world landmarks, for six specific landmarks that were the answers to riddles given in the clue. At each monument, they had to retrieve a photo sticker and paste it on their provided passport. Once they had all six stickers, they had to show the passport to a park official in order to receive their next clue."
US,28,11,Roadblock,"After the Roadblock, teams had to travel by subway to Lychee Park and search for the Moon Bridge in order to find their next clue."
US,28,11,Detour,"This season's final Detour was a choice between Commuter Cycle or Master of Arts. In Commuter Cycle, teams had to ride self-balancing unicycles down a busy street while holding a briefcase and a coffee cup in order to receive the combination to the briefcase, which contained their next clue. In Master of Arts, teams had to search for a plaza filled with painters at the Dafen Oil Painting Village for one who held a marked paintbrush. The painter led them to a shop where they found disassembled pieces of art. After bringing the pieces of art to another shop, they then had to properly install the artwork on a wall in order to receive their next clue."
US,28,11,Detour,"After the Detour, teams received a photo of a building, which they had to figure out was the Shenzhen Civic Center. From there, they had to search the grounds for the Pit Stop: the terrace of the Shenzhen Library."
US,28,12,Roadblock,"In this leg's first Roadblock, one team member had to jump from the roof of the Angelus Plaza and grab their next clue, which was hanging in mid-air 170 feet (52 m) above the ground. If they failed, racers had to rappel back down and try again, but with each failed attempt, the clue was moved closer to them."
US,28,12,Roadblock,"After the first Roadblock, teams traveled by helicopter to Santa Barbara. Once there, teams had to travel to Santa Barbara Harbor and use a marked dinghy in order to find the Theresa Ann, where a fisherman on board gave them their next clue sending them to Gibraltar Rock. Once there, teams were instructed to take part in synchronized mountaineering. One team member traversed horizontally across a suspended line to grab one half of the clue, which caused their partner to simultaneously descend down the face of the cliff to pick up the other half. Once they were reunited, team members had to join the two halves together in order to read their next clue, which directed them to Grassini Family Vineyards in Santa Ynez."
US,28,12,Roadblock,"In this season's final Roadblock, the team member who did not perform the previous Roadblock had to arrange wine barrel lids, which featured hashtags that had been printed on teams' clues in previous legs, and then spell the name of each corresponding city in chronological order. Once the hashtags and the cities were correct, teams could receive their final clue, which instructed them to search the grounds of Grassini Family Vineyards for the finish line."
US,29,1,Detour,"This season's first Detour was a choice between Shoot or Scoot. Both options required teams to paddle a cayuco canoe. In Shoot, teams had to row to a marshy area and use a bow and arrow to shoot down two wooden silver fish hanging on a cluster of bamboo poles to receive their next clue. In Scoot, teams had to beat a pair of professional canoers in a 400-meter (0.25 mi) regatta to receive their next clue. Teams received a 50-meter head start for their second attempt and a 100-meter head start for their third attempt."
US,29,1,Detour,"After the Detour, teams had to check in at the Pit Stop: Cinta Costera III in Panama City."
US,29,2,Detour,"This leg's Detour was a choice between Keep The Beat or Work Your Feet. In Keep The Beat, teams traveled to Rua General Osório and performed a musical routine with a samba group. One team member had to perform on the surdo drum, and the other had to perform with the chocalho jingle stick to the satisfaction of the band leader to receive their next clue. In Work Your Feet, teams traveled to a stretch of Rua Palmorino Mônaco beneath an overpass where they had to assemble makeshift workout equipment using rudimentary supplies to the satisfaction of a professional boxer to receive their next clue."
US,29,2,Detour,"After the Detour, teams had to find a woman with a red and yellow scarf riding a bicycle in the pedestrian zone of Paulista Avenue, who had their next clue."
US,29,2,Roadblock,"In this season's first Roadblock, one team member had to rappel down the façade of the Instituto Cervantes São Paulo and completely wash a marked window before receiving their next clue, which directed them to the Pit Stop: Trianon Park."
US,29,3,Detour,"This leg's Detour was a choice between Build It or Weave It. In Build It, teams had to build a wooden desk in an outdoor workshop. Once the desk was built to the carpenter's standards, they had to deliver it to a nearby school, where they then learned Swahili greetings from the teacher. After teams could correctly recite four phrases, they received their next clue. In Weave It, teams had to observe a climber harvest coconut leaves from a tall palm tree. They then had to use the leaves to weave a basket as demonstrated to receive their next clue."
US,29,3,Detour,"After the Detour, teams had to travel to Darajani Market, which had their next clue."
US,29,3,Roadblock,"In this leg's Roadblock, one team member received a list of local food items, with some of the items written in Swahili. They had to purchase all of the items and give the ingredients to the chef outside of the market in exchange for their next clue, which directed them to the Pit Stop: the Emerson on Hurumzi Rooftop Tea House in Stone Town."
US,29,4,Detour,"This leg's Detour was a choice between Lock or Knock. In Lock, teams had to go to the Al-Tamimi Curio Shop and look through wooden chests, each one carved with a secret compartment into the main drawer, for a key with an attached piece of paper showing a symbol. Once teams found the key, they had to find a cabinet with the same symbol, unlock it, and retrieve their next clue. In Knock, teams had to travel through the streets of Stone Town to locate three royal doors, which were distinguished by the carving of a lion, serpent, and falcon, knock on each of them, and receive a wooden carving. After collecting all three carvings, teams then had to deliver them to a shop on Gizenga Street in exchange for their next clue."
US,29,4,Detour,"After the Detour, teams had to travel by ferry back to Dar es Salaam and then travel to DASICO Umasida Dispensary, which had their next clue."
US,29,4,Roadblock,"In this leg's Roadblock, one team member had to correctly make a ladle strainer out of sheet metal to receive their next clue, which directed them to the Pit Stop: Coco Beach."
US,29,4,Roadblock,Shamir and Sara fell behind and arrived at the Roadblock after all of the other teams had already checked in at the Pit Stop. Phil went to the Roadblock to inform them of their elimination.
US,29,5,Fast Forward,"In this season's only Fast Forward, one team had to board a helicopter from an adjacent field at the lighthouse and fly to Geirangerfjord, where they had to perform a tandem skydive from a height of 10,000 feet (3,000 m). Becca and Floyd won the Fast Forward."
US,29,5,Fast Forward,Teams who did not attempt the Fast Forward had to drive to the Slinningsbålet and find their next clue.
US,29,5,Roadblock,"In this leg's Roadblock, one team member had to climb the side of a 13-story tower made out of 31,000 wooden pallets, and then nail down one pallet at the top of the stack to help create the world's tallest bonfire and receive their next clue."
US,29,5,Detour,"This leg's Detour was a choice between Trolls or Troll. In Trolls, teams had to go to the Kulturhus in downtown Ålesund, where an actress gave them a scroll containing a poem and a map of the town highlighting six images of sculptures. Using the map, they had to locate each building with the corresponding sculpture, and at each location, they had to recite the poem at the doorway, at which point a troll gave them a large fake firework. Once they returned to the Kulturhus with all six fireworks, they received a scroll with the name of the next Pit Stop. In Troll, teams had to travel to Kayak More Tomorrow and paddle a kayak along Brosundet Canal to search among fishing lures for one imprinted with the name of the next Pit Stop."
US,29,5,Detour,"After the Detour, teams had to check in at the Pit Stop: Mount Aksla."
US,29,6,Roadblock,"In this leg's Roadblock, one team member had to ride the restaurant tram ATMosfera Tram Ristorante and find three marked words along the ride (Cernobbio, Concordia, and Lago) while consuming a plate of gnocchi and eggplant parmigiana. At the end of the ride, racers had to recite the three correct words to the tram conductor to receive their next clue; otherwise, they had to perform the task again."
US,29,6,Roadblock,"After the Roadblock, teams had to travel to the steamboat Concordia in Cernobbio and claim a departure time for the following morning. Overnight, the steamboat took teams across Lake Como to Varenna. The next morning, teams opened their next clue at the Varenna Ferry Terminal, which told them that their next clue was at Greenway dei Patriarchi."
US,29,6,Detour,"This leg's Detour was a choice between Make a Mold or Grab a Hold. In Make a Mold, teams had to travel to Castello di Vezio and assemble a ghost figure by using one teammate as a wire mesh mold for a plaster mold casting to receive their next clue. In Grab a Hold, teams had to travel to L'Angolo Benedetto Castelli, where one team member had to climb 90 feet (27 m) up the face of a rock to retrieve their next clue while their partner belayed the line from the bottom."
US,29,6,Detour,"After the Detour, teams had to travel by Riva Aquarama to Tremezzo and search the shoreline for the Pit Stop: Teresio Olivelli Park, overlooking Lake Como."
US,29,7,Detour,"This leg's Detour was a choice between Sing It or Bring It. In Sing It, teams had to dress as gondoliers, learn a traditional Italian serenade called ""La Biondina in Gondoleta"", and then perform the song aboard a gondola along the Grand Canal to the satisfaction of the mandolin player to receive their next clue. In Bring It, teams had to work as porters by stacking a dolly with suitcases and then navigating through the stairs and narrow alleys to deliver them to the hotel listed on the luggage tags in exchange for their next clue."
US,29,7,Detour,"After the Detour, teams had to travel to Ca' Zenobio, which had their next clue."
US,29,7,Roadblock,"In this leg's Roadblock, one team member had to choose an actor from a commedia dell'arte performance and paint an exact copy of their mask to receive their next clue, which directed them to the Pit Stop: Campo San Vio."
US,29,8,Detour,"This leg's Detour was a choice between For the Bride or For the Groom. In For the Bride, teams had to transport two containers of sheep milk on a donkey through the streets of Arachova, find local cheese makers, exchange each container for a piece of cheese, and deliver both cheeses to a bride. In For the Groom, teams had to compete in a footrace with locals up the Egarsios Steps leading to the Church of Saint George, find a shepherd who gave them a sheep and a goat, and deliver them to a groom. After completing either Detour task, teams received a plate, which they had to break before finding their next clue baked inside."
US,29,8,Detour,"After the Detour, teams drove to the Panathenaic Stadium in Athens, where they had to run one complete victory lap around the track before receiving their next clue directing them to the Zappeion."
US,29,8,Speed Bump,"For their Speed Bump, Liz and Michael had to prepare a skewered dish called kokoretsi by wrapping sections of meat with intestines in a nearby food truck before they could continue racing."
US,29,8,Roadblock,"In this leg's Roadblock, one team member had to learn the changing of the guard routine of the Greek Presidential Guards that takes place outside the Tomb of the Unknown Soldier. Racers had to perform it inside the Zappeion Hall in sync with an Evzone to the satisfaction of a command instructor to receive their next clue, which directed them to the Pit Stop: Areopagus, beneath the Acropolis of Athens."
US,29,9,Roadblock,"This leg's Roadblock was a Switchback from season 9, where the team member who had yet to perform their fourth Roadblock had to bungee jump 240 feet (73 m) off a bridge into the Corinth Canal to receive their next clue."
US,29,9,Roadblock,"After the Roadblock, teams were instructed to fly to Hanoi, Vietnam. Once there, teams had to search among a group of dancers waving fans at Tượng Đài Lý Thái Tổ. When they found a fan with a yellow marker, the dancer gave them their next clue, which directed teams to the Quán Sứ Temple."
US,29,9,Detour,"This season's final Detour was a choice between Bamboo Climb or Window Design. In Bamboo Climb, teams had to transport a 15-foot ladder made of bamboo through the streets to an apartment building and get it up a narrow stairwell. On the roof, they had to use the ladder to retrieve a birdcage and then return both the cage and the ladder to the starting point to receive their next clue. In Window Design, teams had to carry three mannequins through the streets to a clothing shop, where they had to dress and arrange them in the window to match a provided photo before receiving their next clue."
US,29,9,Detour,"After the Detour, teams had to check in at the Pit Stop: Thống Nhất Park."
US,29,10,Speed Bump,"For their Speed Bump, Tara and Joey had to collect 72 duck eggs from around a pond before they could continue racing."
US,29,10,Roadblock,"This leg's Roadblock was a Switchback from season 3, where one team member had to load a bicycle with a number of large and small shrimp traps and deliver them to a fisherman one mile (1.6 km) down the road in exchange for their next clue."
US,29,10,Roadblock,"After the Roadblock, teams found their next clue at Bến Thành. There, teams had to collect and deliver an offering of specified prayer items up the Ngô Đồng River to a ceremonial dragon boat. One team member had to row the oars using the traditional method of only using their feet. Once they delivered their offering, they returned to the pier, accompanied by their respective dragon boat, and received their next clue, which instructed them to climb the Lying Dragon Mountain (Vietnamese: Núi Ngọa Long) trail to the Pit Stop at the top of Hang Múa Peak."
US,29,11,Roadblock,"In this leg's first Roadblock, one team member had to take part in sport stacking by quickly arranging cups into three specified formations within seven seconds to receive their next clue."
US,29,11,Roadblock,"After the first Roadblock, teams had to travel to Mugyewon Arts & Cultural Center and prepare kimchi by watching a silent demonstration. Once approved, they had to transfer it to a jar and then bury the closed jar in soil to allow for fermentation. After tasting some kimchi, teams received their next clue directing them to OGN e-Stadium."
US,29,11,Roadblock,"In this season's final Roadblock, the team member who did not perform the previous Roadblock had to play the video game Street Fighter V against one of a number of professional video game players, who included Seon-woo ""Infiltration"" Lee, and defeat the professional gamer in one round of the game to receive their next clue. After every 10 rounds, the professional gamer received a disadvantage: after 10 rounds, he had to play with only one hand; after 20 rounds, blindfolded; and after 30 rounds, blindfolded and with only one hand."
US,29,11,Roadblock,"After the second Roadblock, teams had to check in at the Pit Stop: the Gavit Some Roof Garden on Sebitseom."
US,30,1,Roadblock,"In this season's first Roadblock, one team member had to ride in an off-road buggy driven by a professional driver in the foothills of Mount Esja. Without taking notes, the team member had to memorize eleven Icelandic letters placed along the riverbed and that each letter had a number denoting its order in the solution. They then had to arrange tiles with those letters in the correct order to spell out their next destination – Ingólfstorg – in order to receive their next clue."
US,30,2,Roadblock,"In this leg's Roadblock, teams had to travel to Antwerp's waterfront and find the ""SkyClimb"", a crane with four suspended rope ladders. One team member had to climb to the top of a free hanging ladder while a crane raised the racers upwards in order to retrieve their next clue before the ride ended."
US,30,2,Detour,"This season's first Detour was a choice between Old Print or Diamond Glint. In Old Print, teams traveled to the Plantin-Moretus Museum, where they had to arrange type pieces following the example of a provided clue, keeping in mind that the type pieces needed to be arranged as a mirror image of their clue. They then had to carry their template to be printed using a printing press and were given the message as their next clue if it printed correctly. In Diamond Glint, teams traveled to the ADC Building in the Antwerp diamond district, where they had to calculate the value of three diamonds based on their carat, color, and clarity and then add the value to the price of an unfinished necklace in order to receive their next clue."
US,30,2,Detour,"After the Detour, teams were given a clue, written in Dutch, that required them to ""go to a large public place where find the city hall and Silvius Brabo"", directing them to the Grote Markt."
US,30,3,Roadblock,"In this leg's Roadblock, one team member had go to the roof of the American Legation Museum and send their gnome over the city to another rooftop via zipline. Racers had to navigate the narrow streets and find the roof where their gnome landed, where they were instructed to travel to the Kasbah Museum and perform the same task again. After finding their gnome for a second time, racers were instructed to find a payphone at a Tele Boutique and use the coins in the gnome's pouch to listen to the phone for the Arabic phrase for ""Good Morning"": Sabah al-khair (صباح الخير). After repeating this phrase to the shopkeeper, he handed the racers their next clue, which they could only open after reuniting with their partner."
US,30,3,Detour,"This leg's Detour was a choice between Drop it Off or Shake it Off. In Drop it Off, teams had to travel to a food truck and deliver crates of food by dragging them along the ground to three locations, where they received a receipt stamped with one of the three words in the name of the Pit Stop that they could exchange for their next clue. In Shake it Off, teams had to travel to the Manounia Palace Restaurant, don traditional belly dancing attire, and then dance in the restaurant while searching for the same three words that they had to repeat to the waiter in order to receive their next clue."
US,30,3,Detour,"After the Detour, teams had to check in at the Pit Stop: the Moulay Hafid Palace."
US,30,4,Speed Bump,"For their Speed Bump, Cedric & Shawn had to stack a set of fifteen Optimist dinghies in numerical order before they could continue racing."
US,30,4,Roadblock,"In this leg's Roadblock, one member had to attach a sail to an Optimist dinghy and then sail across the bay with the boat's rudder removed to a set of two buoys, each of which contained one half of their next clue. Once they had the two halves, they could return to the shore to reunite with their partner and open their next clue."
US,30,4,Detour,"This leg's Detour was a choice between Bread or Tread. In Bread, teams traveled to La Tarte Tropézienne, where had to form 50 baguettes from 30 pounds (14 kg) of dough to the satisfaction of the baker. In Tread, teams traveled to Sandales Tropéziennes, where each team member had to correctly make a sandal. After either task, teams had to deliver a baked baguette or a finished pair of sandals to a person in a restaurant in order to receive their next clue."
US,30,5,Roadblock,"In this leg's Roadblock, one team member had to correctly build a trebuchet from supplied parts and following a provided example in order to receive their next clue."
US,30,5,Roadblock,"After the Roadblock, teams drove to the Café de la Fontaine, where they had to find a patron drinking red wine with their next clue."
US,30,5,Detour,"This leg's Detour was a choice between Full of Bull or Colorful. In Full of Bull, teams had to check satchels on 100 artificial bulls scattered around the stands of the Arles Amphitheatre to find a total of three ribbons, one in each of the colors of the French flag (blue, white, and red), and exchange them for their next clue. In Colorful, teams traveled to the Pont Van Gogh. There, they found a replica of one of Vincent van Gogh's paintings of the Langlois Bridge at Arles, which was actually an elaborate sliding puzzle that required teams to slide elements of the painting in a specific sequence in order to unlock the easel and retrieve their clue inside."
US,30,5,Detour,"After the Detour, teams had to check in at the Pit Stop: the Hotel Benvengudo in Les Baux-de-Provence."
US,30,6,Detour,"This leg's Detour was a Blind Detour, where teams only learned about the task once they reached its location, and was a choice between This or That. In This, teams traveled to the Staropramen Brewery, where they had to properly re-stack a pallet of empty beer kegs, searching for the one keg that was full. They then had to tap the keg and properly pour a mug of beer to the satisfaction of the brewmaster. Once approved, they had to deliver the keg to the Fidelio, a floating vessel docked alongside the Náplavka Riverbank on the Vltava River. In That, teams traveled to the astronomy hall at Charles University, where they had to listen to two lecturers in English, one debating that the Earth is round and the other that the Earth is flat. Without taking any notes, they then had to pass an oral exam by answering eight questions correctly in order to receive their next clue."
US,30,6,Detour,"After the Detour, teams traveled to the Andělská Lázeň Beer Spa and received their next clue from patrons bathing in beer. Teams then had to find their next clue outside Stará Čistírna Odpadních Vod."
US,30,6,Roadblock,"The leg's Roadblock was a Switchback from season 15, where one team member had to enter a kafkaesque room filled with hundreds of ringing telephones and search for the eight that had a person on the other end of the line. The voice on each phone said one word of a Franz Kafka quote: ""The meaning of life is that it stops"". Without taking notes, racers had to memorize the eight words and then arrange them in the correct order on a lengthy form in order to receive their next clue."
US,30,7,Detour,"This leg's Detour was a choice between Rhino Track or Bush Whack. In Rhino Track, teams had to ride horses with a guide along a marked path through the reserve, spotting and collecting eight pieces of evidence along the way left behind by ""poachers"" in designated locations. Once they collected all eight pieces, they returned to the starting point and had to correctly place the items on a map matching their respective locations in order to receive their next clue. In Bush Whack, teams had to drive an off-road vehicle along a marked course to pick up supplies, including a full canteen of water, at a designated point. The course then continued through two mud bogs, which they had to wade through in order to determine the best place to cross, and then drive the vehicle through the bogs without getting stuck. Once through, teams arrived at a ranger station, where they had to dig up an empty canteen and bury the full one they picked up earlier in its place. After returning to the starting point, teams received their next clue."
US,30,7,Detour,"After the Detour, teams had to check in at the Pit Stop: the savanna plains overlook. Teams had to wait for their original partners to arrive and reunite with them before they could check in. Additionally, Phil informed the newly-reunited teams that the next leg had begun, and they were given their next clue."
US,30,8,Detour,"This leg's Detour was a choice between Handle with Care or Just Get it There. In Handle with Care, teams traveled to Eastgate Mall, where they went to the mail room and received seven large packages to carry and deliver to various businesses around the mall. After delivering each, they were given outgoing mail that they had to return to the mail room. Once all of the deliveries were complete, teams received their next clue. In Just Get it There, teams had to locate Magaba Tyres and pick up one small tire and one large truck tire. Teams then had to roll them through the market onto the back of a waiting truck parked nearby in order to receive their next clue."
US,30,8,Detour,"After the Detour, teams had to travel to the Harare Gardens in order to find their next clue. There, teams had to choose a vocal coach, who taught them the pronunciation of the Shona lyrics to the Four Brothers song ""Pasi Pano Pane Zviedzo"". They then had to perform the song on stage accompanied by a band with correct pronunciation and rhythm while dancing to the beat in order to receive their next clue, which directed them to the Pit Stop: the First Street Pedestrian Mall."
US,30,10,Detour,"This leg's Detour was a choice between Size It or Seize It. In Size It, teams had to travel to Patara Elephant Farm, where they had to calculate the height and weight of an adult elephant. If the veterinarian deemed their measurements to be correct, teams could ride their elephant along a trail and feed it before receiving their next clue. In Seize It, teams had to catch twenty bullfrogs in a flooded rice paddy in order to receive their next clue."
US,30,10,Detour,"After the Detour, teams had to travel to the Original Khum Khantoke Restaurant in order to find their next clue."
US,30,10,Roadblock,"In this leg's Roadblock, one team member had to consume three cooked scorpions and a bullfrog while scorpions were crawling on their partner in order to receive their next clue, which directed them to the Pit Stop: Wat Chedi Luang."
US,30,11,Speed Bump,"For their Speed Bump, Henry & Evan had to light and place flameless candles into forty paper lanterns before they could continue racing."
US,30,11,Detour,"This season's final Detour was a choice between Hairy Crab or Grub Grab. In Hairy Crab, teams had to properly wrap and pack fifty live hairy crabs in a basket, while subjected to simulated typhoon conditions, in order to receive their next clue. In Grub Grab, one team member had to take eight restaurant orders in Cantonese, and then relay them to their partner in the kitchen, who had to find the corresponding dishes, which were labeled phonetically. Once every patron was served correctly, teams received their next clue."
US,30,11,Roadblock,"In this leg's Roadblock, one team member had to wear protective equipment and smash a pile of old electronics in order to find the two that each contained half of a clue. Once they found both halves, they then splattered paint over the pile to create a work of ""rage art"". Meanwhile, the non-participating team member was handcuffed to a briefcase."
US,30,11,Roadblock,"After the Roadblock, teams had to search the streets of Lan Kwai Fong for three signs depicting items seen in previous legs and recall the leg numbers where those things were seen: the Washington Square Arch from leg 1, a fez hat from leg 3, and a bull from leg 5. These numbers formed the combination needed to open the briefcase. Inside the briefcase was the key to the handcuffs and the location of the Pit Stop: the intersection of Johnston Road and Wan Chai Road."
US,30,12,Roadblock,"In this season's final Roadblock, one team member had to use jumars to pull themselves up 200 feet (61 m) to the top of the San Francisco–Oakland Bay Bridge center anchorage. They then had to enter the structure and put on a harness before free falling into the anchorage in order to receive their next clue."
US,30,12,Roadblock,"The clue received from the Roadblock was a rebus, and once solved, teams had to travel to the Golden Gate Fortune Cookie Company. There, they had to properly make 102 fortune cookies, after which they received a giant fortune cookie which contained their next clue."
US,30,12,Roadblock,"On the USS Hornet, teams had to choose a fuselage of a large model airplane on the flight deck, and then search the aircraft carrier for twelve parts of matching color (two propellers, four wings, four horizontal stabilizers, and two vertical stabilizers) to complete the model. Each part had different pictures depicting objects that teams had encountered during the race. After finding all twelve parts, the team member who did not perform the Roadblock had to assemble the airplane with the correct combination of six parts (one propeller, two wings, two horizontal stabilizers, and one vertical stabilizer) that fit correctly on the fuselage and represented all twelve legs without duplication. Once approved, the team member had to push the airplane to their partner and the team could proceed to the finish line at the opposite end of the flight deck."
US,31,1,Roadblock,"In this season's first Roadblock, one team member had to pick one of several getas and bite the sandal until they found one of twelve made of chocolate. Both team members then had to eat the chocolate geta in order to receive their next clue."
US,31,1,Roadblock,"After the first Roadblock, teams had to travel by taxi to Onarimon Station and then travel on foot to the nearby Shiba Koen in order to find their next clue."
US,31,1,Roadblock,"In this leg's second Roadblock, the team member who did not perform the previous Roadblock had to don a blue unitard and climb to the summit of a 20-foot (6.1 m) slippery slope that resembled Mount Fuji in order to retrieve their next clue, which directed them to the Pit Stop: Atago Jinja."
US,31,2,Detour,"This season's first Detour was a choice between ABC or BBQ. In ABC, teams had to find the École Maternelle Louang Prabang, learn the Lao alphabet from a teacher, and pass an oral exam in order to receive their next clue. In BBQ, teams had to find BBQ Alley and purchase three ducks and eight tilapia. They then had to prepare eleven Lao barbecue skewers exactly like the skewers prepared during an ongoing demonstration in order to receive their next clue."
US,31,2,Detour,"After the Detour, teams had to travel by tuk-tuk to the Elephant Village, which had their next clue."
US,31,2,Roadblock,"In this leg's Roadblock, one team member had to learn a series of Lao commands and then direct an elephant across the Nam Khan River. Once across, they had to search for two men playing Hmong music on qeejs with their next clue before directing their elephant back to the start and reuniting with their partner."
US,31,2,Roadblock,"After the Roadblock, teams had to travel by tuk-tuk to Wat Xieng Thong, where they boarded a long-tail boat and traveled to the Pit Stop: Prince Phetsarath's Palace in Ban Xiengkeo."
US,31,3,Detour,"This leg's Detour was a choice between Reel It In or Light It Up. In Reel It In, teams had to travel to Thanh Đa Restaurant and catch eight prawns from the pool inside the restaurant using fishing poles in order to receive their next clue. In Light It Up, teams had to travel to The CREATV Company film studio and learn a dance. When ready, they donned a glowsuit covered with electroluminescent wire and had to dance in sync alongside local dancers and Asia's Got Talent contestants 218 Dance Crew in order to receive their next clue."
US,31,3,Roadblock,"In this leg's Roadblock, one team member had to learn the Vietnamese lyrics of Trúc Nhân's song ""Thật Bất Ngờ"" and then perform it karaoke-style in front of an audience. Once racers sang the lyrics correctly, they received their next clue, which directed them to the Pit Stop: Hồ Thị Kỷ Flower Market."
US,31,4,Speed Bump,"For their Speed Bump, Chris & Bret had to fill a cooler with snowballs in simulated snowstorm conditions and then deliver the cooler to College Transportation Central before they could continue racing."
US,31,4,Roadblock,"In this leg's Roadblock, one team member had to pass a Vietnamese driving test by driving a scooter through a figure-eight and over a series of speed bumps in order to receive their next clue."
US,31,4,Roadblock,"After the Roadblock, teams had to travel to Bình Quới Village and find their next clue."
US,31,4,Detour,"This leg's Detour was a choice between Irritation or Irrigation. In Irritation, teams had to paddle a basket boat 200 yards (180 m) while avoiding fishermen on boats and moving their boat over bridges in order to pick up a basket of five fish. They then had to paddle back to the start and exchange the fish and the basket for their next clue. In Irrigation, teams had to assemble a bamboo water wheel and then use the water wheel to fill a jar with water in order to receive their next clue."
US,31,4,Detour,"After the Detour, teams had to travel by bus and then on foot to the Pit Stop: Tầm Vu Park, adjacent to the Thanh Đa Canal."
US,31,5,Detour,"This leg's Detour was a choice between Fall or Find. In Fall, teams had to travel to the Burj Khalifa and choose a jumpmaster, who took them up the building. There, teams had to don a virtual reality headset and use the controls to find a signal interceptor, climb to the top of a simulated spire, intercept a satellite, and parachute to the base of the building. After the jump, both team members had to correctly answer a series of test questions in order to receive their next clue. If they answered any questions incorrectly, they had to attempt the task again. In Find, teams had to travel to Dubai Garden Glow and don Tyrannosaurus rex costumes. They then had to search Dinosaur Park for five glowing colored dinosaur eggs and place them in a nest in order to receive their next clue."
US,31,5,Detour,"After the Detour, teams found their next clue at the Soho Garden."
US,31,5,Roadblock,"In this leg's Roadblock, one team member had to enter a silent rave and find a party-goer dancing to the same music as the DJ (a dance remix of The Amazing Race theme), using only their sight, in order to receive their next clue."
US,31,5,Roadblock,"After the Roadblock, teams had to go to the top of Amwaj Tower 4 and ride the world's longest urban zipline to the Pit Stop: the Dubai Marina."
US,31,6,Speed Bump,"For their Speed Bump, Rachel & Elissa had to hand-wash clothes and then hang them to dry before they could continue racing."
US,31,6,Roadblock,"In this leg's Roadblock, one team member had to find a vendor, who gave them a shopping list. They then had to purchase the ingredients on the list and properly prepare a rolex in order to receive their next clue."
US,31,6,Roadblock,"After the Roadblock, teams had to travel to Ggaba Landing Site along Lake Victoria and find the village boat builders in order to receive their next clue."
US,31,6,Detour,"This leg's Detour was a choice between Salty Roll or Move the Pole. In Salty Roll, teams had to bring a wheelbarrow of Nile perch to a workstation. They then had to properly salt and roll the fish skin and had to wash, gut, and salt the meat in order to receive their next clue. In Move the Pole, teams had to load firewood from a canoe onto a bicycle and deliver the wood to a market. There, teams had to stack the wood to match a sample pile in order to receive their next clue."
US,31,7,Roadblock,"In this leg's Roadblock, one team member was harnessed to a canyon swing, and then performed a 400-foot (120 m) free-fall into the Gletscherschlucht. After the swing, they had to search the gorge for their next clue."
US,31,7,Roadblock,"After the Roadblock, teams had to travel by helicopter to the Grimsel Pass, where they found their next clue."
US,31,7,Detour,"This leg's Detour was a choice between Water Power or Water Down. In Water Power, teams had to ride the Gelmerbahn. During the ride, teams had to study eight signs that identified reservoirs and the amount of water that each held. When their ride ended, teams had to match the eight reservoirs to their water capacities on a technical map in order to receive their next clue. If their map was incorrect, they had to ride the Gelmerbahn again. In Water Down, teams had to go canyoneering in the Grimsel Canyon. They had to rappel 150 feet (46 m) down a canyon, jump from a ledge into a glacial river, and then jump to grab their next clue hanging from a rope. After retrieving their clue, team members had to ride a zipline and then drop down into a river before hiking out of the canyon."
US,31,7,Detour,"After the Detour, teams had to drive to the Pit Stop: Michaelskirche in Meiringen."
US,31,8,Speed Bump,"For their Speed Bump, Nicole & Victor had to fold the 26 Swiss canton flags in the Ballenberg Community Hall and place them in a basket before they could continue racing."
US,31,8,Detour,"This leg's Detour was a choice between Haymaking or Cow Dressing. In Haymaking, one team member had to use a scythe to cut a lane of grass while their partner raked it. They then had to properly stack the grass so that it could dry into hay in order to receive their next clue. In Cow Dressing, teams had to use provided materials to re-create a floral headdress and place it on a cow's head. They then had to lead the cow to a festival in order to receive their next clue."
US,31,8,Detour,"After the Detour, teams drove to Oberschwanden, which had their next clue."
US,31,8,Roadblock,"In this leg's Roadblock, one team member had to use a crossbow to shoot an apple off a scarecrow's head in order to receive their next clue. If team members struck the scarecrow, they had to reassemble it before taking another shot."
US,31,8,Roadblock,"After the Roadblock, teams had to drive to Lake Brienz. There, they had to pilot a motorboat across the lake to a marked pier. After disembarking, they could travel either by foot or by funicular to the Pit Stop: the Grand Hotel Giessbach."
US,31,8,Detour,"The Detour options on the teams' clues were listed as Haymaking and Cow Dressing; however, the graphics on the show listed the Detour options as Make Hay and Cow Festival."
US,31,9,Detour,"This leg's Detour was a choice between Poetry in Motion or Washed in from the Ocean. In Poetry in Motion, teams had to memorize a poem while riding a large flying tube being towed by a speedboat. After returning to shore, teams had to correctly recite the poem in order to receive their next clue. In Washed in from the Ocean, teams had to go snorkeling and use a metal detector to search the Adriatic Sea for a goblet and five coins, which they could exchange for their next clue after returning to shore. Though some teams did initially try Washed in from the Ocean, they all switched to Poetry in Motion."
US,31,9,Detour,"After the Detour, teams found their next clue at Diocletian's Palace."
US,31,9,Roadblock,"In this leg's Roadblock, one team member had to enter a Roman Senator's room and watch a troop of eighteen soldiers march in formation. After the soldiers covered themselves with shields, team members had to correctly identify the five soldiers wearing red ribbons around their helmets in order to receive their next clue."
US,31,9,Roadblock,"After the Roadblock, teams had to board a dinghy and row themselves to the Pit Stop: Matejuška Pier."
US,31,10,Detour,"This leg's Detour was a choice between High or Dry. In High, teams had to ride their tandem bicycles to a farm and load a ""Kamper cow"" onto a trailer behind a tractor. They then had to follow the tractor on their bicycles to the Nieuwe Toren and hoist the cow to the top of the tower within 40 seconds. If they could raise the cow within the time limit, one team member had to climb to the top of the bell tower and receive their next clue. In Dry, teams had to bike to a farm, where both team members had to pole vault across an irrigation ditch ""the Dutch way"". They then had to bring two cheese orbs and a dozen eggs back across the ditch and transport them to the Kampen Market intact in order to receive their next clue."
US,31,10,Detour,"After the Detour, teams had to travel by bicycle to the IJsselkade, where they found their next clue. Teams then had to return their bicycles to the railway station and drive themselves to Giethoorn. There, team had to board a boat and navigate the canals of Giethoorn in order to find two marked boats and create a ""boat train"". Teams then had to navigate their boats to the Pit Stop at the island on Bovenwijde Lake."
US,31,11,Roadblock,"In this leg's Roadblock, one team member had to decipher a World War II code by listening to a speech by Neville Chamberlain. Team members then had to type the decoded message on an Underwood portable typewriter and deliver it to a brigadier outside the castle's barracks. If they gave him the correct message – ""The Dunkirk evacuation has begun. We will never surrender."" – they received their next clue."
US,31,11,Roadblock,"After the Roadblock, teams had to return by helicopter to London. Once there, teams had to find their next clue at Masthouse Terrace Pier, which instructed them to travel by speedboat to Savoy Pier. After disembarking, teams had to go to Piccadilly Circus and find the golden queen, who gave them their next clue."
US,31,11,Detour,"This season's final Detour was a choice between Know or Row. In Know, teams had to ride a taxicab and memorize the fifteen streets and seven landmarks that their driver identified during the route. When teams returned to the cabmen's shelter, they had to correctly recite their route in order to receive their next clue. In Row, teams had to row a double scull through a 200-metre (660 ft) course on The Serpentine in under one minute in order to receive their next clue."
US,31,11,Detour,"After the Detour, teams traveled to Camden Market and found the Pit Stop, where Phil Keoghan surprised them with another clue. Teams had to search nearby shops for the marked items in a display and use those items to recreate the display before they could check in at the Pit Stop."
US,31,12,Roadblock,"In this season's final Roadblock, one team member had to rappel face-first 500 feet (150 m) down the Guardian Building. On the way down, they had to look for a series of numbers that they needed to unlock a bank vault in the basement of the building in order to retrieve their next clue."
US,31,12,Roadblock,"After the Roadblock, teams had to travel to the Fowling Warehouse and play a game of fowling, which required each team member to throw a football and knock down bowling pins in order to receive their next clue."
US,32,1,Roadblock,"In this season's first Roadblock, one team member had to learn to play a section of ""Day-O"" on a steelpan and then perform alongside the Redemption Sound Setters in order to receive their next clue."
US,32,1,Roadblock,"After the Roadblock, teams had to travel to Buccoo Integrated Facility and take part in goat racing, with both team members having to run across a finish line with a goat in order to check in at the Pit Stop."
US,32,2,Roadblock,"In this leg's Roadblock, one team member had to dress as a clown, take a ride in a wheel of death, and then walk across a tightrope and back without falling or dropping any of the items they were carrying on a tray in order to receive their next clue."
US,32,2,Roadblock,"After the Roadblock, teams had to travel to Carrera 26 #10-03 and decorate a volqueta (a dump truck) so that it matched an example, as well as hook up the truck's horn, in order to receive their next clue, which directed them to the Pit Stop: Parque Nacional Enrique Olaya Herrera."
US,32,3,Detour,"This season's first Detour was a choice between Shelter From Trees or Well Done, Please. In Shelter From Trees, teams had to carry a bundle of babassu palm leaves to the tribal chief's new house and use them to cover a section of the roof in order to receive their next clue. In Well Done, Please, teams had to use the items that they had purchased at the market to prepare a three-course meal in order to receive their next clue."
US,32,3,Detour,"After the Detour, teams had to travel on foot to the maloca on a nearby beach, where they found their next clue, which directed them to the Pit Stop: the Barco Corrêa Filho floating on the Rio Negro."
US,32,4,Roadblock,"In this leg's Roadblock, one team member had to assemble a cello out of recycled items for the Recycled Orchestra of Cateura in order to receive their next clue."
US,32,4,Roadblock,"After the Roadblock, teams had to travel to Mercado 4 and use a mortar and pestle to prepare enough tereré to fill a thermos in order to receive their next clue."
US,32,4,Detour,"This leg's Detour was a Double Switchback, with both tasks originally from season 20, and was a choice between Stack Your Melons or Use Your Melon. In Stack Your Melons, teams had to travel to Plaza O'Leary and stack watermelons into a pyramid in order to receive their next clue. In Use Your Melon, teams had to travel to the Estación Central del Ferrocarril and perform a traditional Paraguayan bottle dance. Both team members had to successfully perform a choreographic routine with a glass bottle on their heads without breaking their bottles in order to receive their next clue."
US,32,4,Detour,"After the Detour, teams had to check in at the Pit Stop: Plaza Italia."
US,32,4,Roadblock,"After arriving in Asunción, teams had to first find the Asunción sign near Palacio de los López, where they found the clue that directed them to the Roadblock in Cateura. This task was unaired."
US,32,5,Speed Bump,"For their Speed Bump, Kaylynn & Haley had to clean the riding gear for two of the château's horses before they could continue racing."
US,32,5,Roadblock,"In this leg's first Roadblock, one team member had to compare the dozens of paintings in the Musée Condé with the dozens of Renaissance-styled party guests in another room of the château in order to identify one of the nine guests dressed as a character from one of the paintings. Once a match was identified, they had to bring the guest to the museum curator and tell her the name of the artist whose painting the guest matched in order to receive their next clue."
US,32,5,Roadblock,"After the first Roadblock, teams had to travel on foot to Le Vertugadin. There, both team members had to prepare enough crème Chantilly to fill two pies and then deliver the pies through a tent where, unbeknownst to the teams, chefs pelted them with pies before receiving their next clue, which directed them to the Musée des Arts Forains in Paris."
US,32,5,Roadblock,"In this leg's second Roadblock, the team member who did not perform the previous Roadblock had to win three 19th-century carnival games at the Musée des Arts Forains before retrieving their next clue from the shooting gallery, which directed teams to the Pit Stop: the Pont des Arts."
US,32,6,Roadblock,"In this leg's Roadblock, one team member had to rappel face-first nearly 180 feet (55 m) down the Andel's Hotel and memorize flashing letters which they had to unscramble once on the ground to spell a word – Sauerkraut – in order to receive their next clue."
US,32,6,Detour,"This leg's Detour was a choice between Belt It Out or Belch It Out. In Belt It Out, teams had to dress as chickens and correctly sing the German lyrics to ""Ich wollt' ich wär' ein Huhn"" (""I Wish I Were a Chicken"") with the Berlin Comedian Harmonists in order to receive their next clue. In Belch It Out, teams had to lead a beer yoga class, which involved naming and completing four couples' yoga poses while drinking beer, in order to receive their next clue."
US,32,6,Detour,"After the Detour, teams had to check in at the Pit Stop: Neukölln."
US,32,7,Speed Bump,"For their Speed Bump, Kaylynn & Haley had to apply prosthetic beards to each other before they could continue racing."
US,32,7,Detour,"This leg's Detour was a choice between Great Khan's Spy or Knock Out Guy. In Great Khan's Spy, teams had to watch an elaborate action sequence and correctly answer a series of questions from the actor portraying Genghis Khan in order to receive their next clue. If they answered any of the questions incorrectly, they had to watch the action sequence again before making another attempt. In Knock Out Guy, teams had to perform a choreographed fight scene before breaking a vase in order to retrieve their next clue."
US,32,7,Detour,"After the Detour, teams traveled to a nomad village in Karasay District and found their next clue, which instructed them to lead a camel laden with possessions to an empty yurt. There, teams had to set up the interior so that it matched an example, which included procuring a boiled sheep's head from the nomads, in order to receive their next clue. Teams were then directed to the Zelenyi Bazaar in Almaty and had to search the meat market for their next clue, which directed them to the Pit Stop: First President's Park."
US,32,8,Detour,"This leg's first Detour was a choice between Food App or Number Trap. In Food App, teams had to pick up three Swiggy food orders from a restaurant and deliver them to the correct addresses as instructed to them by a phone operator in order to receive their next clue. In Number Trap, teams had to capture all of the highlighted ones and zeros on a motion detecting screen and then use the numbers to crack a binary code that led them to their next clue."
US,32,8,Detour,"After the first Detour, teams found their next clue at the Qutb Shahi Tombs."
US,32,8,Roadblock,"In this leg's first Roadblock, one team member had to use an augmented reality feature on a tablet computer to find three virtual men wearing turbans and standing in front of the tomb's columns. They then had to find the matching men atop the tomb and place them above the correct columns in order to receive three scrolls that they could exchange for their next clue."
US,32,8,Roadblock,"After the first Roadblock, teams found their next clue at the Charminar."
US,32,8,Detour,"This leg's second Detour was a Blind Detour, where teams only learned about the task that they chose once they arrived at its location, and was a choice between This or That. In This, teams had to push a cart of bangles to a store and then find a set of seven bangles that matched the ones worn by a bride in order to receive their next clue. In That, teams had to make a dental impression of a patient's teeth and then polish a set of dentures before fitting them into another patient's mouth in order to receive their next clue."
US,32,8,Detour,"After the second Detour, teams had to travel to the Taj Falaknuma Palace, where they had to don sherwani outfits and then travel by horse and carriage with a pair of socialites to their next clue."
US,32,8,Roadblock,"In this leg's second Roadblock, one team member had to prepare ten place settings on a section of India's longest table to the exact standards for a royal dinner in order to receive their next clue, which directed them to the nearby Pit Stop."
US,32,9,Detour,"This season's final Detour was a choice between Fish or Farm. In Fish, teams had to pull a 3,280-foot (1,000 m) fishing net and collect at least 15 kilograms (33 lb) of fish in order to receive their next clue. In Farm, teams had to mix a combination of compost and soil, plant a garden of local produce on a floating platform so as to match an example floating garden, and then plant seeds from their gnome's satchel in order to receive their next clue."
US,32,9,Detour,"After the Detour, teams had to travel by long-tail boat to a floating restaurant in order to find their next clue, which instructed teams to return to Siem Reap and travel to Khmer Floor Handicraft in order to find their next clue."
US,32,9,Roadblock,"In this leg's Roadblock, one team member had to make an encaustic cement tile. They then had to use a key from the gnome's satchel to unlock a chest of sliding puzzle pieces that they had to solve in order to receive their next clue, which directed them to the Pit Stop: the east gate of Angkor Thom."
US,32,10,Roadblock,"At the start of this leg, teams were instructed to fly to Manila, Philippines. Once there, teams boarded a jeepney that transported them to Lapu-Lapu Circle, where they were greeted by Phil Keoghan. He informed them that this leg would be a City Sprint, meaning teams would have to complete a series of challenges before returning to Lapu-Lapu Circle, which would serve as the leg's Pit Stop, and there would be no Detours or Roadblocks. Phil then informed teams to find their next clue in a marked jeepney near Rizal Park."
US,32,11,Roadblock,"In this leg's first Roadblock, teams had to join a Dixieland band and play vest frottoirs until they reached Cafe Beignet, where one team member had to search through king cakes until they found a small king cake baby inside one of the cakes. Both team members then had to eat six beignets between the two of them before receiving their next clue."
US,32,11,Roadblock,"After the first Roadblock, teams had to travel to the New Orleans Morial Convention Center, which had their next clue."
US,32,11,Roadblock,"In this season's final Roadblock, the team member who did not perform the previous Roadblock had to climb beneath the Crescent City Connection, jump from a seated position from a beam 180 feet (55 m) above the Mississippi River, and grab their next clue."
US,32,11,Roadblock,"After the second Roadblock, teams had to rappel back to the ground, roll a 10-foot (3.0 m) tall ball to Mardi Gras World, and find their next clue. Then, teams had to search the warehouse for a crate with 32 panels that they had to attach to their ball so as to create a giant globe and place it upright on a float before receiving their final clue, which instructed teams to find the finish line where ""the Saints go marching in"", referring to the NFL team's home stadium: the Mercedes-Benz Superdome."
US,33,1,Detour,"This season's first Detour was a choice between Artist Den or Digiben. In Artist Den, teams had to properly paste a 36-piece Banksy-style poster to a wall in order to receive their next clue. In Digiben, teams had to find a bobby in Parliament Square by Big Ben, then find a promoter by Little Ben, who sent them to DJ Digiben in Piccadilly Circus tube station, who had their next clue."
US,33,1,Detour,"After the Detour, teams had to find ""The Queen and Boris Johnson having a nosh"" (a pair of impersonators) at The Chipping Forecast in order to receive their next clue, which directed them to the Pit Stop beneath the blue whale skeleton at the Natural History Museum."
US,33,2,Roadblock,"In this season's first Roadblock, one team member had to ride a train along the Mail Rail to a loading dock and sort through a bin filled with packages and envelopes in order to find their next clue."
US,33,2,Roadblock,"After the Roadblock, teams had to travel to Leicester Square, where they found their next clue."
US,33,2,Detour,"This leg's Detour was a choice between Bullseye, Mate or Decorate. In Bullseye, Mate, both team members had to score a bullseye on a dartboard in the same round in order to receive their next clue. In Decorate, teams were presented with twelve cakes decorated like the flags of various countries. Teams had to determine which two flags belonged to countries that were part of the European Union (France and Germany) and then replicate the two cakes in order to receive their next clue."
US,33,2,Detour,"After the Detour, teams had to climb to the top of the ArcelorMittal Orbit in order to receive their next clue. This task was unaired."
US,33,3,Roadblock,"In this leg's Roadblock, one team member had to assemble a set of bagpipes and then play a drone alongside the Johnstone Pipe Band for the length of the Scottish national anthem in order to receive their next clue."
US,33,3,Roadblock,"After the Roadblock, teams had to find their next clue at the Saracen Fountain in Alexandra Park."
US,33,3,Detour,"This leg's Detour was a choice between Kilt or Rebuilt. In Kilt, teams had to learn and perform the song ""Donald Where's Your Troosers?"" in Highland dress in order to receive their next clue. In Rebuilt, teams had to remove the top two metal hoops from two whisky barrels, hammer a new head into each barrel's croze, and then replace the hoops in order to receive their next clue."
US,33,3,Detour,"After the Detour, teams had to check in at the Pit Stop: the University of Glasgow."
US,33,4,Roadblock,"In this leg's Roadblock, one team member had to navigate a via ferrata to their next clue."
US,33,4,Roadblock,"After the Roadblock, teams had to drive to Gasthaus Sonne in Urnäsch in order to find their next clue."
US,33,4,Detour,"This leg's Detour was a choice between Punch It or Toss It. In Punch It, teams had to attach ornaments to a Swiss belt in a specific order in order to receive their next clue. In Toss It, teams had to learn and correctly perform a Swiss flag throwing routine known as Fahnenschwingen in order to receive their next clue."
US,33,4,Detour,Michael & Moe and Arun & Natalia had to complete a Speed Bump after the Detour that involved one team member running inside a ball resembling a cabbage while being directed by their partner to knock down haystacks before they could continue racing. This task was unaired.
US,33,5,Roadblock,"This leg's Roadblock was a Switchback from season 14, where one team member had to perform a 722-foot (220 m) bungee jump off of the Verzasca Dam along with their Travelocity Roaming Gnome in order to receive a satchel with a miniature clue."
US,33,5,Roadblock,"After the Roadblock, teams had to find their next clue at the Piazza Carlo Battaglini in Lugano."
US,33,5,Detour,"This leg's Detour was a choice between Bartender Race or Sausage Encase. In Bartender Race, teams had to deliver twelve bottles of wine and twelve bags of chestnuts from street vendors to a cocktail party atop the Salita degli Angioli stairway in order to receive their next clue. In Sausage Encase, teams had to squeeze out nine feet (2.7 m) of luganighetta sausage, and then divide it into four coiled portions in order to receive their next clue."
US,33,5,Detour,"After the Detour, teams had to retrieve a photograph from their gnome's satchel and figure out that it depicted the Pit Stop: Parco Ciani."
US,33,6,Detour,"During the Pit Stop, teams were flown to Corsica and began the next leg at the Ponte Novu. Teams departed in groups 15 minutes apart based on the order of their arrival at the previous Pit Stop. Teams had to drive to Belvédère de Corte and find their next clue and a canister of goat milk, which they needed for the Detour."
US,33,6,Detour,"This leg's Detour was a choice between Say Cheese or Mule, Please. In Say Cheese, teams had to make three baskets of cheese and then deliver them to a storage cave in order to receive their next clue. In Mule, Please, teams had to properly strap a harness to a mule and then deliver two milk canisters to the fromagerie without spilling any of the milk in order to receive their next clue."
US,33,6,Detour,"After the Detour, teams had to drive to Verghellu Canyon Altipiani in order to find their next clue."
US,33,6,Roadblock,"In this leg's Roadblock, one team member had to go canyoning through a 1.5-mile (2.4 km) river course in order to find their next clue."
US,33,6,Roadblock,"After the Roadblock, teams had to inflate a kayak and then paddle up the Tavignano River to the Pit Stop at the Cardiccia Dam."
US,33,7,Detour,"This leg's Detour was a choice between Row, Row, Row Your Boat or Gently Down the Stream. In Row, Row, Row Your Boat, teams had to paddle a transparent kayak into the Mediterranean Sea and retrieve ten matching metal fish in order to receive their next clue. In Gently Down the Stream, teams had to take a 15-minute cruise on a glass-bottom boat, look for ten metal fish, and then find a chart with the same sequence of fish at the dive shop in order to receive their next clue."
US,33,7,Detour,"After the Detour, teams had to drive to Port de Plaisance in Bonifacio in order to find their next clue."
US,33,7,Roadblock,"In this leg's Roadblock, one team member had to repair the holes in a fishing net in order to receive their next clue."
US,33,7,Roadblock,"After the Roadblock, teams had to search U Rastello for a Napoleon impersonator, who directed them to the Pit Stop at the Bonifacio Cliffs."
US,33,8,Roadblock,"In this leg's first Roadblock, one team member had to properly make 60 dolmades in order to receive their next clue."
US,33,8,Roadblock,"After the first Roadblock, teams had to drive to Mamo's Kantina Stand, order the dish of the day (souvlaki), spell its name, and then eat it before finding their next clue on the wrapper, which directed them to Saint George Church."
US,33,8,Roadblock,"In this leg's second Roadblock, the team member who did not perform the previous Roadblock had to listen to a 15-minute sermon from a Greek Orthodox priest, who listed facts about ten Eastern Orthodox saints. They were then asked five questions about what they'd heard and had to answer correctly in order to receive their next clue, which directed them to the Pit Stop: the Nea Kallikrateia Pier."
US,33,9,Roadblock,"In this leg's Roadblock, one team member had to turn over stones until they found one of four gold coins that they could exchange with an Oracle of Delphi impersonator for their next clue."
US,33,9,Roadblock,"After the Roadblock, teams had to listen to words of wisdom from a Socrates impersonator at the Trigonion Tower before receiving their next clue."
US,33,9,Detour,"This season's final Detour was a choice between Bring 'Em or Break 'Em. In Bring 'Em, teams would have delivered 300 plates uphill to the Cafe Jasmine in order to receive a miniature clue from the restaurant owner. In Break 'Em, team members had to alternate breaking plates while a band played until they found a miniature clue. All teams chose Break 'Em."
US,33,9,Detour,"After the Detour, teams had to check in at the Pit Stop: the White Tower of Thessaloniki, where they were greeted with words of wisdom from a Diogenes the Cynic impersonator."
US,33,10,Roadblock,"In this leg's first Roadblock, one team member had to search among several rowboats named after famous Portuguese individuals until they found one of four named after a Portuguese explorer (Bartolomeu Dias, Fernão de Magalhães, Pedro Álvares Cabral, or Vasco da Gama). They then had to row it across the marina to a fisherman in order to receive their next clue."
US,33,10,Roadblock,"After the first Roadblock, teams had to select a sardine can at the Mercearia Confiança de Troino, travel on foot to Rua Vasco da Gama, and then paint its design on a specified door in order to receive their next clue, which directed them to Santuário de Cabo Espichel."
US,33,10,Roadblock,"In this season's final Roadblock, the team member who did not perform the previous Roadblock had to count the church's columns while standing within a stone boundary and give the correct number to a monk, who then directed them to the Pit Stop: the Farol de Cabo Espichel."
US,34,1,Roadblock,"Teams began at the Nymphenburg Palace in Munich, Germany, and encountered the series' first Scramble, where they had to complete each of the following Oktoberfest-inspired tasks in any order so as to get three parts of a clue which, when assembled, directed them to the Pit Stop. For the task at Luitpoldpark entitled Roll, teams had to roll a beer keg through an obstacle course within 55 seconds to receive a puzzle piece. If teams were unsuccessful, they had to wait out a two-minute penalty before making another attempt. For the task at the Seehaus Biergarten entitled Saw, teams had to use a two-man saw to saw completely through a log to the beat of Bavarian music to receive a puzzle piece. For the season's first Roadblock at the Augustiner-Keller Biergarten entitled Smash, one team member had to use provided tools to free a puzzle piece from an ice block."
US,34,2,Roadblock,"In this leg's Roadblock, one team member had to correctly sing three Alpine yodels to receive their next clue. Before beginning this task, both team members had to don traditional Austrian costumes, which they had to wear for the rest of the leg."
US,34,2,Roadblock,"After the Roadblock, teams drove to the Marktplatz in Innsbruck and found their next clue."
US,34,2,Detour,"This season's first Detour was a choice between Bells Ringin' or Partners Swingin'. In Bells Ringin', teams had to use Tyrolean bells to play an Austrian folk song called ""Tiroler Glockenklang"" to receive their next clue. In Partners Swingin', teams had to correctly perform an Austrian wedding dance to receive their next clue."
US,34,2,Detour,"After the Detour, teams had to check in at the Pit Stop: Hofburg Imperial Palace."
US,34,3,Detour,"This leg's first Detour was a choice between Head of the Class or The Big Cheese. In Head of the Class, teams had to listen to an anatomy lecture from a sixteenth century instructor and then take an exam where they had to identify bones, muscles, and organs within 90 seconds to receive their next clue. In The Big Cheese, teams had to use a cart to transport an 88-pound (40 kg) wheel of Parmesan to the Ristorante Diana, where a professional cheese cutter sliced it in half. Teams then had to deliver a cheese half to Ristorante Diana and Osteria del Cappello, collect a receipt at each restaurant, and then exchange the receipts at the formaggeria for their next clue."
US,34,3,Detour,"After the first Detour, teams had to drive to the Ducati Factory, where they found their next clue."
US,34,3,Roadblock,"In this leg's first Roadblock, one team member had to attach wheels, brakes, and body panels to a Ducati Panigale V4 to receive their next clue."
US,34,3,Roadblock,"After the first Roadblock, teams had to drive to Florence and find their next clue at the Villa Bardini."
US,34,3,Roadblock,"In this leg's second Roadblock, one team member had to use the provided tools to remove plaster surrounding a sculpture to receive their next clue."
US,34,3,Detour,"This leg's second Detour was a choice between Eye for Fashion or Window of Opportunity. In Eye for Fashion, teams had to find three fashion shoots taking place around the city, study the outfits, and then match outfit sketches with the pictures of the locations of the shoots to receive their next clue. In Window of Opportunity, teams had to find three wine windows, pick up Tuscan soup, cured meats, and biscotti, and then deliver them to an outdoor trattoria to receive their next clue."
US,34,3,Detour,"After the second Detour, teams had to check in at the Pit Stop: Piazza Ognissanti."
US,34,4,Roadblock,"In this leg's Roadblock, one team member had to use a metal detector to search a movie set for a piece of ""spaceship debris"" that identified the location of their next clue: Petra."
US,34,4,Roadblock,"After the Roadblock, teams were driven to Petra and found their next clue outside Al-Khazneh."
US,34,4,Detour,"This leg's Detour was a choice between Camel Caravan or Palace Puzzle. In Camel Caravan, teams had to carry four bags of hay and water from a cistern to camels at a market to receive their next clue. In Palace Puzzle, teams had to complete a slide puzzle of the Palace Tomb to receive their next clue."
US,34,4,Detour,"After the Detour, teams had to check in at the Pit Stop: the Great Temple."
US,34,5,Detour,"This leg's Detour was a choice between Step By Step or Letter By Letter. In Step By Step, teams had to perform a Jordanian dance at the Roman Theater to receive their next clue. In Letter By Letter, teams had to memorize and recite the 28 letters of the Arabic alphabet at the Odeon Theater to receive their next clue."
US,34,5,Roadblock,"In this leg's Roadblock, one team member had to assemble a cart called an earaba to receive their next clue."
US,34,5,Roadblock,"After the Roadblock, teams had to bring their earaba to the Pit Stop: the Nymphaeum."
US,34,6,Roadblock,"In this leg's Roadblock, one team member had to study the Commarque family tree, rappel 131 feet (40 m) down an exterior wall of the Château de Commarque, and then match five names to their family crests to receive their next clue."
US,34,6,Roadblock,"After the Roadblock, teams had to drive to La Ferme de Turnac in Domme, where they found their next clue."
US,34,6,Detour,"This leg's Detour was a choice between Walnut Cracker or Medieval Gamer. In Walnut Cracker, teams had to crack and press walnuts until they produced enough walnut oil to fill a container, after which they received their next clue. In Medieval Gamer, teams had to complete three medieval games to receive their next clue."
US,34,6,Detour,"After the Detour, teams had to check in at the Pit Stop: the Panorama in Domme."
US,34,7,Roadblock,"In this leg's Roadblock, one team member had to perform a rugby training drill and then complete a drop kick to receive their next clue."
US,34,7,Roadblock,"After the Roadblock, teams had to drive to the Couvent des Jacobins and find a musician playing a French horn, who had their next clue."
US,34,7,Detour,"This leg's Detour was a choice between Say Six or Lay Bricks. In Say Six, teams had to find three poets, who each displayed and recited two verses of the poem ""Demain dès l'aube"" by Victor Hugo. Teams then had to recite the six verses to a judge to receive their next clue. In Lay Bricks, teams had to arrange bricks so as to recreate a sidewalk pattern and receive their next clue."
US,34,7,Detour,"After the Detour, teams had to check in at the Pit Stop: the Pays d'Oc on the Canal de Brienne."
US,34,8,Roadblock,"In this leg's first Roadblock, one team member had to arrange six glass panels so as to recreate Pablo Picasso's Three Musicians and receive their next clue."
US,34,8,Roadblock,"After the first Roadblock, teams had to travel by bicycle from the Málaga Cathedral to El Cubo, where they found their next clue."
US,34,8,Detour,"This leg's first Detour was a choice between Fish Fry or Sailboat Supply. For both tasks, teams had to travel by bicycle to Playa El Palo. In Fish Fry, teams had to skewer and roast 18 sardines to create a local dish called espetos and receive their next clue. In Sailboat Supply, teams had to inflate a standup paddleboard and then deliver life vests and a cooler filled with ice to a yacht anchored offshore to receive their next clue."
US,34,8,Detour,"After the first Detour, teams received a postcard depicting a particular view of their next location, which they had to figure out was the Puente Nuevo in Ronda."
US,34,8,Detour,"This season's final Detour was a choice between Bend over Backwards or Dress for Success. In Bend over Backwards, teams had to assemble a Moorish brick arch to receive their next clue. In Dress for Success, teams had to accessorize a flamenco dancer so that she matched an onstage performer to receive their next clue."
US,34,8,Detour,"After the second Detour, teams had to find a woodcarver with their next clue on the Paseo de Kazunori Yamauchi."
US,34,8,Roadblock,"In this leg's second Roadblock, one team member had to walk across a tightrope suspended 300 feet (91 m) above the El Tajo gorge and strung beneath the Puente Nuevo, select the clue marked with the flag of Andalusia, and then return across the tightrope to their partner."
US,34,9,Roadblock,"In this leg's Roadblock, one team member had to rappel 100 feet (30 m) into a cave, retrieve their next clue, and then navigate down a river through a canyoneering course to reunite with their partner."
US,34,9,Roadblock,"After the Roadblock, teams had to drive to the Silfra Fissure, don snorkeling gear, memorize fourteen Icelandic volcanoes and their years of eruption while swimming in the fissure, and then match the names of the volcanoes with the correct year of eruption. When teams were correct, a volcanologist revealed the location of the Pit Stop: the Gullfoss waterfall."
US,34,10,Roadblock,"In this season's final Roadblock, one team member had to climb to the top of the bridge, retrieve a Gibson Garage guitar pick, and then rappel back down to their partner."
US,34,10,Roadblock,"After the Roadblock, teams had to drive to Gibson Garage and receive their next clue from season 22 and season 24 contestants Caroline Cutbirth and Jennifer Wayne, which instructed them to deliver one Gibson guitar to each of three different honky-tonks on Broadway in exchange for tickets to the Nashville Municipal Auditorium. There, teams learned that they had to press keys on a floor piano, which revealed images, until they found the eleven notes that displayed images they had seen during the previous nine legs. Teams then had to play them in chronological order within 11 seconds to receive their final clue directing them to the finish line: the ""Mother Church of Country Music"", which they had to figure out is the Ryman Auditorium. The correct answers were:"
US,35,1,Roadblock,"In this season's first Roadblock, one team member had to walk across a tightrope strung between the Millennium Biltmore Hotel and unscramble a word puzzle – CITY OF ANGELS – to receive their next clue from season 34 winners Derek Xiao and Claire Rehfuss."
US,35,1,Roadblock,"After the Roadblock, teams had to drive to the airport and obtain tickets for one of two flights to Bangkok, Thailand. Six teams were booked on the first flight, which departed 90 minutes earlier than the second flight with the remaining seven teams. Once there, teams had to travel to Wat Paknam, which had their next clue."
US,35,1,Detour,"This season's first Detour was a choice between Sword Play or Spa Day. In Sword Play, both team members had to learn a 30-second daab routine to receive their next clue. In Spa Day, both team members had to endure a painful 30-minute Thai massage to receive their next clue. If either team member asked to stop the massage, the team had to go to the end of the line and restart the massage from the beginning."
US,35,1,Detour,"After the Detour, teams had to check in at the Pit Stop: Wat Chaloem Phra Kiat Worawihan in Mueang Nonthaburi."
US,35,2,Roadblock,"In this leg's Roadblock, one team member had to harvest 20 lotus flower bulbs from a muddy pond. Racers then had to make two bundles arranged in a specific pattern and wrapped with leaves and bamboo ties to receive their next clue."
US,35,2,Roadblock,"After the Roadblock, teams had to travel to Wat Rai Khing, place a coin in a marked elephant, and walk under the elephant three times to receive their next clue."
US,35,2,Detour,"This leg's Detour was a choice between Stock Up or Scoop Up. In Stock Up, teams had to purchase eight food items of specified quantities at Don Wai Market using only a phonetically-spelled shopping list to receive their next clue. In Scoop Up, teams had to load a boat with pomelos from canals and then unload them at a dock until they filled five baskets to receive their next clue."
US,35,2,Detour,"After the Detour, teams had to check in at the Pit Stop: Suan Sampran."
US,35,3,Detour,"This leg's Detour was a choice between Paper or Plastic. In Paper, teams had to make twelve sheets of edible rice paper to receive their next clue. In Plastic, teams had to apply vinyl onto a motorcycle part to receive their next clue."
US,35,3,Detour,"After the Detour, teams had to check in at the Pit Stop: Trúc Lâm Phương Nam Zen Monastery."
US,35,4,Detour,"This leg's Detour was a choice between Stand or Deliver. In Stand, teams had to carry seafood through a market to a stall and set up the stall so that it matched a vendor's to receive their next clue. In Deliver, teams had to carry four 66-pound (30 kg) mattresses to a hotel to receive their next clue."
US,35,4,Detour,"After the Detour, teams had to travel to the Ong Pagoda and write a wish on a card before receiving their next clue, which directed them to travel by taxi to the Hùng King Temple."
US,35,4,Roadblock,"In this leg's Roadblock, one team member had search among thousands of tiles that adorn the temple grounds and find the one tile that matched the photograph in their clue before they could check in at the nearby Pit Stop."
US,35,5,Roadblock,"In this leg's Roadblock, one team member had to perform a Bhavai dance, which involved balancing a stack of three pots on their head without dropping them, to receive their next clue."
US,35,5,Roadblock,"After the Roadblock, teams had to travel on foot to Panna Meena ka Kund and find their next clue. Teams then had to travel to their next destinations by auto rickshaw."
US,35,5,Detour,"This leg's Detour was a choice between All Dolled Up or The Big Picture. In All Dolled Up, teams had to assemble two Kathputli marionettes to receive their next clue. In The Big Picture, teams had to recreate a Rajput painting by adding themselves in costumes and the correct cutouts to an incomplete mural to receive their next clue."
US,35,5,Detour,"After the Detour, teams had to check in at the Pit Stop: Gatore Ki Chhatriyan in Jaipur."
US,35,6,Detour,"This leg's Detour was a choice between Bundles or Bricks. In Bundles, teams had to bundle four types of Navrang flowers, load their auto rickshaw with the flowers, deliver the flowers to two temples, and return to the flower market to exchange their receipts for their next clue. In Bricks, teams had to load a cycling rickshaw with 50 bricks, one sack of sand, and two sacks of gravel, deliver the supplies to a construction site, and give their receipt to a supplier to receive their next clue."
US,35,6,Detour,"After the Detour, teams had to travel to Garg Textile Wholesale Fabric Shop to receive a bolt of fabric and their next clue directing them to Jaipur Mahal."
US,35,6,Roadblock,"In this leg's Roadblock, one team member had to use four printing blocks to properly print nine Indian peacocks on their fabric bolt to receive their next clue directing them to the Pit Stop: Badi Chaupar."
US,35,7,Roadblock,"In this leg's first Roadblock, one team member had to use a formula to give the equivalent of five groschen using witten to a robber baron. Once done, racers gained entry to the castle, received their next clue, and rappelled back down to their partner."
US,35,7,Roadblock,"After the first Roadblock, teams had to drive to Cologne and find their next clue at Gürzenich Köln. There, teams had to take part in a Cologne Carnival with one team member pedaling a hussar bicycle and the other throwing roses to the crowd before receiving their next clue. Then, teams had to travel on foot to the Hohenzollernbrücke, which had their next clue."
US,35,7,Roadblock,"In this leg's second Roadblock, the team member who did not perform the previous Roadblock had to search among thousands of love locks on the bridge for a combination lock marked with an Amazing Race flag and unlock it using the numbers of the oldest cologne produced in Cologne to receive their next clue."
US,35,7,Detour,"This leg's Detour was a choice between Just for Kicks or Matter of Taste. In Just for Kicks, teams had to kick four soccer balls onto a large dartboard and score exactly 66 points to receive their next clue. In Matter of Taste, teams had to sample nine mustards, memorize their German names, and then identify nine unmarked samples to receive their next clue."
US,35,7,Detour,"After the Detour, teams had to check in at the Pit Stop: the Schokoladenmuseum."
US,35,8,Roadblock,"In this leg's Roadblock, one team member had to fly over Lake Bled in a glider, spot four boats with large numbers, and then arrange the numbers to form the year of Slovenian independence after returning to the airport before they could open up a clipboard with their next clue."
US,35,8,Roadblock,"After the Roadblock, teams had to drive to the Planica Nordic Centre and find their next clue. There, teams had to don cross-country skis, ski to the top of the indoor ski track, and retrieve their next clue."
US,35,8,Detour,"This leg's Detour was a choice between Field Work or House Work. In Field Work, teams had to place hay onto a hayrack to receive their next clue. In House Work, teams had to assemble an apiary to receive their next clue."
US,35,8,Detour,"After the Detour, teams had to drive to Nebotičnik in Ljubljana, climb the staircase to the top of the building, and find their next clue, which directed them to travel on foot to the Pit Stop: the Dragon Bridge."
US,35,9,Roadblock,"In this leg's Roadblock, one team member had to don a backpack called a krosnja and travel on foot to Dežnik, where they had to attach wooden kitchen utensils known as suha roba to their krosnja. They then had to deliver their items to a judge at Levstikov Trg to receive their next clue."
US,35,9,Roadblock,"After the Roadblock, teams had to drive to Pivka Jama, descend into the cave, and find their next clue. Teams then had to assemble a dragon to receive their next clue, which directed them to the Fonda Fish Farm."
US,35,9,Detour,"This leg's Detour was a choice between Scrape Off or Swap Out. In Scrape Off, teams had to use chains to scrape the barnacles from the underside of a floating fish farming container to receive their next clue. In Swap Out, teams had to paddle a kayak to two marked buoys, pull out nets filled with mussels, replace the buoys, and deliver the mussels to shore to receive their next clue."
US,35,9,Detour,"After the Detour, teams had to check in at the Pit Stop: Grad Socerb in Socerb."
US,35,10,Roadblock,"In this leg's Roadblock, one team member had to construct a flower ring, attach it to a Midsummer maypole, then raise the maypole and join the circle dance around it to receive their next clue. Rob & Corey used their Express Pass to bypass this Roadblock."
US,35,10,Roadblock,"After the Roadblock, teams had to travel by boat to Nybrokajen and then search the Royal Dramatic Theatre for a violinist with their next clue. They then had to travel by subway to the Solna centrum metro station, which had their next clue."
US,35,10,Detour,"This season's final Detour was a choice between Sort or Serve. In Sort, teams had to sort a pile of trash into the correct receptacles to receive their next clue. In Serve, one team member had to memorize four three-course Nobel Banquet dinners and relay them to their partner, who had to find the correct dishes from a vast spread. Once all four Nobel laureates were served, teams received their next clue."
US,35,10,Detour,"After the Detour, teams had to travel by taxi to the Pampas Marina and search for their next clue by the M/Y Alba II. Teams then had to travel by subway to the Pit Stop: Strömparterren."
US,35,11,Roadblock,"In this leg's first Roadblock, one team member had to perform thirty seconds of an Irish stepdance routine from Riverdance to receive their next clue."
US,35,11,Roadblock,"After the first Roadblock, teams had to drive to Croke Park and find their next clue."
US,35,11,Roadblock,"In this season's final Roadblock, one team member, regardless of who performed the first Roadblock, had to perform a hurling drill, which involved completing and catching a pass and then scoring a point to receive their next clue."
US,35,11,Roadblock,"After the second Roadblock, teams had to drive to Toner's Pub. There, both team members had to memorize and recite a passage from James Joyce's Ulysses to receive their next clue, which directed them to travel on foot to the Pit Stop: St Patrick's Cathedral."
US,35,11,Roadblock,"When teams arrived at Croke Park, they had to rappel down from the stadium's jumbotron and onto the field before receiving their second Roadblock clue. This task went unaired in the episode."
US,35,12,Roadblock,"The three clue pieces formed a model seaplane that directed teams to drive to the Kenmore Air Harbor for their next clue. There, teams had to arrange kayaks with the Roadblock prompts and Detour choices from the previous eleven legs in chronological order on storage racks and place kayak paddles displaying each country on the associated rack before receiving their final clue, which directed them to the finish line: the Clise Mansion in Redmond, Washington. The correct answers were:"
US,36,1,Detour,"This season's first Detour was a choice between Pick 'Em Up or Pin 'Em Down. In Pick 'Em Up, teams had to transport a pair of rocking horses down a steep hill to the sculpture In Search of Reason in order to receive their next clue. In Pin 'Em Down, teams had to watch a Mexican-style professional wrestling match and then pair up the masks of five fighting duos in order to receive their next clue."
US,36,1,Detour,"After the Detour, teams had to drive to the Lienzo Charro Miguel ""Prieto"" Ibarria, which had their next clue."
US,36,1,Roadblock,"In this season's first Roadblock, one team member had to complete a charro challenge by jumping through seven spinning lassos in order to receive their next clue, which directed them to the Pit Stop: the Plaza de Los Arcos del Malecón."
US,36,2,Detour,"This leg's Detour was a choice between Balloon Collection or Color Correction. In Balloon Collection, teams had to obtain six balloon bunches and exchange them for their next clue. In Color Correction, teams had to search among numerous strings of papel picado for one with an incorrect color pattern in order to receive their next clue."
US,36,2,Detour,"After the Detour, teams found their next clue at Lázaro Cárdenas Park."
US,36,2,Roadblock,"In this leg's Roadblock, one team member had to paint a Day of the Dead calavera design onto their partner's face in order to receive their next clue."
US,36,2,Roadblock,"After the Roadblock, teams had to don monarch butterfly wings and travel on foot to ""the bridge that connects Elizabeth Taylor and Richard Burton's houses"" in order to find the Pit Stop: the Casa Kimberly."
US,36,3,Detour,"This leg's Detour was a choice between Bandeja Paisa or Yipao. Teams first had to travel by water taxi into town. In Bandeja Paisa, teams had to prepare three plates of bandeja paisa in order to receive their next clue. In Yipao, teams had to load a Willys Jeep with furniture, much like during a Yipao parade, in order to receive their next clue."
US,36,3,Detour,"After the Detour, teams had to travel to El Cordero de Guatapé and then travel by tuk-tuk to Casa Loma, where they found their next clue."
US,36,3,Roadblock,"In this leg's Roadblock, one team member had to harvest and process one kilogram of ripe Arabica beans in order to receive their next clue, which directed teams to the nearby Pit Stop."
US,36,4,Detour,"This leg's Detour was a choice between Dance Vibe or Wall Scribe. In Dance Vibe, teams had to perform a 30-second breakdance routine in order to receive their next clue. In Wall Scribe, teams had to solve a rebus puzzle in order to receive their next clue from local artist Chota 13."
US,36,4,Detour,"After the Detour, teams found their next clue at Botero Plaza."
US,36,4,Roadblock,"In this leg's Roadblock, one team member had to memorize and post the names of 12 of the plaza's total of 23 sculptures by Colombian artist, Fernando Botero, on a designated map in order to receive their next clue, which directed teams to travel on foot to the Pit Stop: Parques del Río Medellín."
US,36,5,Roadblock,"In this leg's Roadblock, one team member had to build a skateboard so that it matched an example in order to receive their next clue."
US,36,5,Detour,"This leg's Detour was a choice between Perform for Pesos or Climb for Clues. In Perform for Pesos, one team member had to perform as a chinchinero, a one-man band street performer, while their partner played maracas and collected CLP$2,500 (US$2,60) from passersby in order to receive their next clue. In Climb for Clues, both team members had to climb a six-story former cement factory, retrieve a ribbon, and exchange them for their next clue."
US,36,5,Detour,"After the Detour, teams had to drive to the Pit Stop: Estación Mapocho."
US,36,6,Detour,"This leg's first Detour was a choice between Bicicleta or Boleadora. In Bicicleta, teams had to pedal a stationary bicycle with a grinder and grind plastic bottles until they filled a container in order to receive their next clue. In Boleadora, both team members had to throw boleadoras until they could wrap a moving target within ten tosses between the two in order to receive their next clue."
US,36,6,Detour,"After the first Detour, teams had to drive to Circuito Lobo Race and find their next clue."
US,36,6,Roadblock,"In this leg's first Roadblock, one team member had to ride in a rally car, memorize the circuit, and assemble a puzzle of the circuit within three minutes in order to receive their next clue."
US,36,6,Roadblock,"After the first Roadblock, teams had to drive to Estadio Francisco Cabasés and find their next clue."
US,36,6,Roadblock,"In this leg's second Roadblock, one team member had to play bubble soccer and score a goal within 90 seconds in order to receive their next clue."
US,36,6,Roadblock,"After the second Roadblock, teams had to drive to Mirador del Coniferal and search the steps of Escaleras Parque Sarmiento for their next clue."
US,36,6,Detour,"This leg's second Detour was a choice between Who Did It or What's Your Beef?. In Who Did It, teams had to dust for fingerprints and match the print with its file in order to receive their next clue. In What's Your Beef?, teams had to match 14 cuts of meat with their names in one of three available stations in order to receive their next clue."
US,36,6,Detour,"After the second Detour, teams had to check in at the Pit Stop: Plaza San Martín, overlooking the Cathedral of Córdoba"
US,36,6,Detour,Derek & Shelisa fell so far behind the other teams that they didn't get to the second Detour before all of the other teams had already checked in at the Pit Stop. They were instead instructed to go directly to the Pit Stop for elimination.
US,36,7,Roadblock,"In this leg's Roadblock, one team member had to weld two pieces of metal into a right angle that could withstand two impacts from a hammer in order to receive their next clue."
US,36,7,Roadblock,"After the Roadblock, teams found their next clue at Plaza de la Fuente near Mercado del Puerto inside the old city of Ciudad Vieja."
US,36,7,Detour,"This leg's Detour was a choice between Candombe or Murga. In Candombe, teams had to perform a candombe drum routine in order to receive their next clue. In Murga, teams had to sing a murga song in Uruguayan Spanish in order to receive their next clue."
US,36,7,Detour,"After the Detour, teams had to drive to the Pit Stop: Playa Malvín."
US,36,8,Roadblock,"In this leg's Roadblock, one team member had to play road tennis and score eleven points against a local player in order to receive their next clue."
US,36,8,Roadblock,"After the Roadblock, teams had to drive to Rihanna's childhood home and find their next clue, which directed teams to drive to Long Bay Beach in Christ Church."
US,36,8,Detour,"This leg's Detour was a choice between Seaweed Clearing or Fish Pot Building. In Seaweed Clearing, teams had to clear the beach of enough invasive sargassum seaweed so as to fill a barrel in order to receive their next clue. In Fish Pot Building, teams had to construct a fish pot using tamarind sticks and wire mesh in order to receive their next clue."
US,36,8,Detour,"After the Detour, teams received a postcard that depicted the Pit Stop: Hastings Rocks."
US,36,8,Detour,"After Angie made an illegal turn in a roundabout on the way to the Detour, she and Danny became separated from their camera operator and audio technician. They were portrayed as being unable to begin the task until their crew arrived. However, Angie revealed in a post-race interview that their crew never showed up at the Detour and could not be located. After all other teams had arrived, they were permitted to continue racing with a substitute camera crew without any compensation."
US,36,9,Roadblock,"In this leg's first Roadblock, one team member had to navigate through a series of waterfalls, memorize ten Taíno petroglyph symbols, and arrange them in chronological order in order to receive their next clue."
US,36,9,Roadblock,"After the first Roadblock, teams were driven to their next clue at Don Manuel's Finca de Cacao in Altamira. There, teams had to harvest cacao pods, remove the cocoa seeds, and cover a tarp with the seeds in order to receive their next clue, which directed teams to Estadio Bartolo Colón."
US,36,9,Roadblock,"In this leg's second Roadblock, one team member, regardless of who performed the first Roadblock, had to complete three baseball drills – catching and tossing a ground ball to first base, catching a flyball in center field, and playing vitilla by hitting a bottle cap with a broomstick 25 feet (7,6 m) – in order to receive their next clue from former MLB pitcher Bartolo Colón."
US,36,9,Roadblock,"After the second Roadblock, teams had to travel by taxi to Paseo de Doña Blanca in Puerto Plata and find their next clue, which directed them to the Pit Stop: the Anfiteatro de Puerto Plata."
US,36,10,Detour,"This season's final Detour was a choice between Dive Trip or Rum Sip. In Dive Trip, teams had to assemble four dive rigs and load them onto a boat in order to receive their next clue. In Rum Sip, teams had to memorize six rum drink orders and make the drinks in order to receive their next clue."
US,36,10,Detour,"After the Detour, teams had to travel by taxi to Cabarete Beach and find their next clue."
US,36,10,Roadblock,"In this leg's Roadblock, one team member had to windsurf for one minute in order to receive their next clue."
US,36,10,Roadblock,"After the Roadblock, teams had to travel by taxi to Olympus Beach and find their next clue, which instructed them to travel by dune buggy and kayak to the Pit Stop: Wilson's Bar in La Boca."
US,36,11,Roadblock,"In this leg's first Roadblock, one team member had to don a globe mascot costume, navigate an obstacle course, and hit a target with a T-shirt cannon in order to receive their next clue from Swoop, Phillie Phanatic, or Gritty."
US,36,11,Roadblock,"After the first Roadblock, teams had to find their next clue in between Pat's and Geno's. Teams then had to drive to Headhouse Square, which had their next clue. There, teams had to memorize and recite the Preamble of the United States Declaration of Independence in order to receive their next clue, which directed them to the Betsy Ross House."
US,36,11,Roadblock,"In this season's final Roadblock, the team member who had yet to perform their seventh Roadblock had to assemble a Betsy Ross flag that displayed the names of the Thirteen Colonies in the order that they became states in order to receive their next clue."
US,36,11,Roadblock,"After the second Roadblock, teams had to travel on foot to the Arch Street Friends Meeting House. There, teams had to assemble a three-dimensional Liberty Bell puzzle in order to receive their final clue, which directed them to the finish line: Glen Foerd Estate."
US,37,1,Roadblock,"In this season's first Roadblock, one team member had to climb a Cheung Chau Bun Festival bamboo tower at the Pak Tai Temple Playground and retrieve their next clue from the top."
US,37,1,Roadblock,"After the Roadblock, teams had to take the ferry back to Central Piers and then find their next clue at Lok Kwan Street Park."
US,37,2,Roadblock,"In this leg's Roadblock, one member from each of the newly-joined teams had to memorize and perform a taiko drum routine alongside a drum group to receive their next clue. After this task, teams were no longer joined."
US,37,2,Roadblock,"After the Roadblock, teams had to travel on foot to the Dōtonbori Bridge, which had their next clue."
US,37,2,Detour,"This season's first Detour was a choice between Mochi or Mawashi. In Mochi, teams had to pound steamed rice with a large mallet and then make twelve mochi balls to receive their next clue. In Mawashi, both team members had to properly wrap a mawashi on each other and then push a sumo wrestler out of a sumo ring to receive their next clue."
US,37,2,Detour,"After the Detour, teams had to check in at the Pit Stop: Katsuō-ji Tahōtō in Minoh."
US,37,3,Roadblock,"In this leg's Roadblock, one team member had to play kemari (a game similar to hacky sack) and complete five passes of a ball among three other players to receive their next clue. One team had the option of winning an Express Pass if both team members could complete the Roadblock. Jonathan & Ana won the Express Pass."
US,37,3,Roadblock,"After the Roadblock, teams had to travel by taxi to Yasaka Kōshin-dō and find their next clue."
US,37,3,Detour,"This leg's Detour was a choice between Fold It or Fling It. In Fold It, teams had to fold a human-sized origami crane to receive their next clue. In Fling It, teams had to dress as ninjas and then both team member had to throw three shuriken stars, throw three bō shuriken spikes, and blow three fukibari darts using a fukiya into a target to receive their next clue."
US,37,3,Detour,"After the Detour, teams had to check in at the Pit Stop: Konkaikōmyō-ji. There, Keoghan informed teams of a new element in the next leg: the Driver's Seat."
US,37,4,Roadblock,"In this leg's Roadblock, one team member had to thresh a designated amount of rice to receive their next clue. Jonathan & Ana used their Express Pass to bypass this task. Teams encountered a Driver's Seat at the Roadblock, where the first team to arrive at the board determined how much rice racers had to thresh. Jonathan & Ana took control of the Driver's Seat and publicly assigned 15 pounds to themselves and Melinda & Erika; 20 pounds to Brett & Mark, Carson & Jack, and Han & Holden; and 25 pounds to Alyssa & Josiah, Bernie & Carrigain, Nick & Mike, Pops & Jeff, and Scott & Lori."
US,37,4,Roadblock,"After the Roadblock, teams found their next clue at Penglipuran Village."
US,37,4,Detour,"This leg's Detour was a choice between Penjor or Pajegan. In Penjor, teams had to add decorations to a penjor bamboo pole and then carry it to a stand to receive their next clue. In Pajegan, teams had to memorize two pajegans, purchase identical fruits used in the offerings, and recreate them. Teams then had to balance the pajegans on their heads and bring them to a temple to receive their next clue."
US,37,4,Detour,"After the Detour, teams had to travel on foot to the Pit Stop: Pura Dalem Pelapuan in Penglipuran."
US,37,5,Detour,"This leg's Detour was a choice between Coconuts or Coral. In Coconuts, teams had to load a bicycle with coconuts and deliver them down the beach to the Warung Van Ronden Cafe. After delivering 60 coconuts, teams had to stack them onto a rack to receive their next clue. In Coral, teams had to attach five species of coral to a reef star, snorkel with the star out into the ocean, and deposit it for coral reef restoration to receive their next clue."
US,37,5,Detour,"After the Detour, teams had to find their next clue at Nusa Dua Beach."
US,37,5,Roadblock,"In this leg's Roadblock, one team member had to choose a surfboard, paddle out into the surf, and find a surfer with identical board decal to receive their next clue, which directed teams to travel on foot to the Pit Stop: the Taksu Art Stage at Nusa Dua Beach."
US,37,6,Roadblock,"In this leg's first Roadblock, one team member had to perform a tandem skydive over Dubai before reuniting with their partner and receiving their next clue."
US,37,6,Fast Forward,"For this season's Fast Forward, one team had to find an orange Audi e-tron, travel to Deep Dive Dubai, don scuba diving gear, and search the world's deepest diving pool for the award. Carson & Jack won the Fast Forward."
US,37,6,Roadblock,"After the first Roadblock, teams found their next clue at Atlantis The Royal. There, teams had to add garnishes to an afternoon tea platter to receive their next clue, which sent them to Burj Al Arab Public Beach."
US,37,6,Roadblock,"In this leg's second Roadblock, one team member had to surf on an eFoil past three buoys to receive their next clue; teams could have the same person do both Roadblocks."
US,37,6,Roadblock,"After the second Roadblock, teams had to travel by taxi to the Mall of the Emirates metro station and then by Dubai Metro to the Pit Stop: the Museum of the Future."
US,37,7,Detour,"This leg's Detour was a choice between Haystack or Woodstack. In Haystack, teams had to search three haystacks for a red and white Martenitsa yarn bracelet, which they could exchange for their next clue. In Woodstack, teams had to transport 200 kilograms (440 lb) of firewood using a wheelbarrow and a backpack to a home to receive their next clue."
US,37,7,Detour,"After the Detour, teams had to travel on foot to the Church of Saints Cyril and Methodius, which had their next clue with a Double U-Turn. Teams then had to drive to Snezha's Farm in Belopoptsi and find their next clue."
US,37,7,Roadblock,"In this leg's Roadblock, one team member had to milk a sheep until they obtained a half-liter of milk and then eat a bowl of Bulgarian yogurt to receive their next clue, which directed them to the Pit Stop: the village square of Elin Pelin."
US,37,7,Detour,"Nick & Mike were unable to find the Martenitsa during the Haystack Detour task after being U-Turned by Melinda & Erika. After all of the other teams had already checked in at the Pit Stop, Phil came to the Detour to inform them of their elimination."
US,37,8,Roadblock,"In this leg's Roadblock, one team member had to perform a Bulgarian folk dance called horo with a troupe of dancers to receive their next clue, which directed teams to travel by foot to the Pit Stop: the Saint Alexander Nevsky Cathedral."
US,37,9,Detour,"This leg's Detour was a choice between Mandolin or Mozzarella. In Mandolin, teams had to assemble a Neapolitan mandolin to receive their next clue. In Mozzarella, teams had to braid six pieces of mozzarella into treccia plaits within a specified weight to receive their next clue."
US,37,9,Detour,"After the Detour, teams had to travel by foot to their next clue at Vico 2 Montesanto. Teams had to purchase groceries from a list written in Italian and deliver them using a bucket and rope to a resident on a balcony in exchange for their next clue. Teams then had to search Piazzetta Olivella for a marked car, which took them to their next clue at Ristorante da Ettore."
US,37,9,Roadblock,"In this leg's Roadblock, one team member had to make a Margherita pizza from scratch to receive their next clue, which directed them to deliver the pizza on foot to the Pit Stop: Castel Nuovo."
US,37,10,Roadblock,"In a combined Roadblock and Head-to-Head, one racer from two opposing teams had to compete against each other in a water joust. The first racer to push their opponent off a boat and into the River Ill using a lance received their next clue, while the losing racer had to wait for another team. The last remaining team had to wait out a ten-minute penalty. Brett & Mark lost the Head-to-Head."
US,37,10,Roadblock,"After the Roadblock, teams had to travel on foot to La Cloche à Fromage cheese shop. There, teams had to memorize nine types of cheese and then correctly identify the cheeses outside of the restaurant to receive their next clue, which sent them to the roof of the Cathédrale Notre-Dame de Strasbourg. Alyssa & Josiah used their Express Pass to bypass this task."
US,37,10,Detour,"This season's final Detour was a choice between Out to Dry or For the Birds. In Out to Dry, teams had to wash a tub of dirty laundry in a river to receive their next clue. In For the Birds, teams had to construct a stork nest to receive their next clue."
US,37,10,Detour,"After the Detour, teams had to drive to the Pit Stop: the table d'orientation."
US,37,11,Roadblock,"In this leg's Roadblock, the team member who had yet to perform their sixth Roadblock had to don medieval armor and hit three moving archery targets with a bow and arrow within seven tries to receive their next clue."
US,37,11,Roadblock,"After the Roadblock, teams had to drive to the Campanhã railway station, travel by train to São Bento railway station, and search the station for a man selling tiles that listed their next destination: the ODE Porto Wine House. After find a clue there, teams had to solve an azulejo tile puzzle of the Pit Stop and mount it on a wall; the puzzle showed their final destination, the banks of the Douro River beneath the Luís I Bridge."
US,37,12,Roadblock,"Teams encountered a Scramble and had to complete, in any order, three water-related tasks, to receive three pieces of a clue revealing their next destination. For the task entitled Sail, teams had to learn how to sail an Optimist dinghy by watching a silent demonstration from students and then sail around six buoys surrounding a small island. For this season's final Roadblock entitled Soar, one team member had to stay aloft on a Flyboard for 60 consecutive seconds. For the task entitled Save, one team member had to pilot a watercraft to a mannequin floating in the ocean, while their partner, floating on a raft behind the craft, had to retrieve the mannequin. After returning to the beach, both team members had to carry the mannequin to a member of a rescue team."
US,38,1,Roadblock,"In this season's first Roadblock, one team member had to search an expansive greenhouse for nine types of flowers and arrange them in a display box before receiving their next clue, which directed them to the Pit Stop: the Museumplein."
US,38,2,Roadblock,"In this leg's Roadblock, one team member had to walk across a narrow plank 255 feet (77 meters) above the ground on the Žižkov Television Tower and retrieve their next clue."
US,38,2,Roadblock,"After the Roadblock, teams had to travel by metro and on foot to their next clue by the statue of Charles IV, near Charles Bridge."
US,38,2,Detour,"This season's first Detour was a choice between Remember the Chair or Handle with Care. In Remember the Chair, teams had to memorize eleven village crests, search U Fleků for dining chairs with the same crests, memorize the villages associated with the crests, and reiterate the villages to a historian before receiving their next clue. In Handle with Care, teams had to deliver 48 Bohemian glass goblets to three vendors before receiving their next clue."
US,38,2,Detour,"After the Detour, teams had to travel on foot to the Josef Mánes statue near Rudolfinum and find their next clue. Teams then had to travel on foot to the Pit Stop: Žofín Palace."
US,38,2,Detour,"Tucker and Eric arrived fourth, but had inadvertently skipped the Detour and had to backtrack to complete it; this did not affect their placement."
US,38,3,Roadblock,"In this leg's first Roadblock, one team member had to fill bottles with beer using a beer tap before receiving their next clue. Teams encountered a Driver's Seat at the Roadblock, where the first team to arrive at the board determined how many crates of bottles racers had to fill. Natalie and Stephanie took control of the Driver's Seat and publicly assigned one crate to Izzy and Paige, and Hannah and Simone; two crates to themselves, Kristine and Rubina, Kyland and Taylor, Kat and Alex, and Megan and Matt; and three crates to Jas and Jag, Joseph and Adam, Tucker and Eric, and Jack and Chelsie."
US,38,3,Roadblock,"After the first Roadblock, teams had to drive to Nové Dvory and find their next clue at Kostel sv. Anny. There, one team member had to pull a plow called a ruchadlo through a field while their partner guided the plow until they unearthed their next clue, which directed them to drive to the Zimní Stadion Kutná Hora."
US,38,3,Roadblock,"In this leg's second Roadblock, one team member had to don ice hockey equipment and score a goal through one of five holes in a cutout to receive their next clue."
US,38,3,Roadblock,"After the second Roadblock, teams received a coin that depicted the Kačina Château in Svatý Mikuláš, the Pit Stop for this leg."
US,38,3,Roadblock,"Megan and Matt got lost on their way to Kostel sv. Anny after the first Roadblock, causing them to fall behind the other teams. They arrived at the plowing task after all the other teams had checked in at the Pit Stop, so Phil came out to inform them of their elimination."
US,38,4,Fast Forward,"For this season's only Fast Forward, one team had to solve a Rubik's Cube, given step-by-step directions for doing so. To succeed, each team member had to solve their own cube within 7.5 seconds on the same attempt. Tucker and Eric won the Fast Forward."
US,38,4,Fast Forward,Teams who did not attempt the Fast Forward had to travel by taxi to Ludovika Huszár Lovarda.
US,38,4,Roadblock,"In this leg's Roadblock, one team member had complete a csikós competition event by steering a horse-drawn coach through a figure 8 course within 45 seconds to receive their next clue."
US,38,4,Roadblock,"After the Roadblock, teams had to travel to The House of Houdini, where they had to unchain and unlock a box containing their next clue."
US,38,4,Detour,"This leg's Detour was a choice between Juggling Act or Balancing Act. In Juggling Act, teams had to juggle five rings for ten seconds to receive their next clue. In Balancing Act, teams had to perform a Hungarian folk dance, which involved balancing a bottle on one racer's head, to receive their next clue."
US,38,4,Detour,"After the Detour, teams had to check in at the Pit Stop: the Várkert Bazár beneath Buda Castle."
US,38,5,Detour,"This leg's Detour was a choice between Fisherman Haul or Skin 'Em All. In Fisherman Haul, teams had to procure fishing nets from the west harbour and a bucket of chum from Bota Šare and then deliver them on foot to the old port before receiving their next clue. In Skin 'Em All, teams had to make their way to the old port and fillet two monkfish before receiving their next clue."
US,38,5,Detour,"After the Detour, teams had to find their next clue outside of the city walls at Buža Bar. Teams then had to travel on foot to the Ploće Gate."
US,38,5,Roadblock,"In this leg's Roadblock, one team member had to assemble a cart called a karići and then roll down a street within 36 seconds before receiving their next clue, which directed them to the Pit Stop: Fort Bokar."
US,38,6,Detour,"This leg's Detour was a choice between Bag It Up or Pull It Up. In Bag It Up, teams had to load a wheelbarrow with salt, fill ten bags with 20 to 21 pounds of salt, and then deliver them to a shipping area to receive their next clue. In Pull It Up, teams had to row a boat into Mali Ston Bay, pull up three buoys with oysters, and then deliver the oysters to a restaurant in exchange for their next clue."
US,38,6,Detour,"After the Detour, teams found their next clue at Park Komarda."
US,38,6,Roadblock,"In this leg's Roadblock, one team member had to study a raised-relief map of Ston, find three checky shields that each displayed three facts about Croatia, and then answer three questions to receive their next clue, which directed them to the Pit Stop: Prapratno Cove."
US,38,7,Roadblock,"In this leg's Roadblock, one team member had to perform the highest tandem skydive in Amazing Race history from a height of 13,000 feet (4,000 m) before receiving their next clue after landing at the Comana Airfield."
US,38,7,Roadblock,"After the Roadblock, teams had to travel on foot to a nearby sheep farm. There, teams had to corral five sheep marked with blue paint into a pen to receive their next clue. Teams then had to drive to Debarcader Lebăda, where they had to assemble a pontoon boat and paddle out to their next clue in the Neajlov river delta."
US,38,7,Detour,"This leg's Detour was a choice between Brick Builder or Mask Maker. In Brick Builder, teams had to mold ten bricks called chirpici out of clay, straw, manure, and water to receive their next clue. In Mask Maker, teams had to sew together two masks, normally used to ward off evil spirits for the New Year, to receive their next clue."
US,38,7,Detour,"After the Detour, teams had to check in at the Pit Stop: Carol Park."
US,38,8,Roadblock,"In this leg's Roadblock, one team member had to hunt among numerous intricately-decorated Easter egg hidden in a grassy field for one that matched a giant egg and then roll the giant egg into a nest before receiving their next clue. Jag and Jas used their Express Pass to bypass this task."
US,38,8,Roadblock,"After the Roadblock, teams received a postcard depicting the Palace of the Parliament, where they found their next clue."
US,38,8,Detour,"This leg's Detour was a choice between Find the Beat or Hit the Note. In Find the Beat, teams had to perform a Transylvanian folk dance to receive their next clue. In Hit the Note, teams had to assemble two nai pan flutes and then play a tune to receive their next clue. Kyland and Taylor used their Express Pass to bypass this task."
US,38,8,Detour,"After the Detour, teams traveled to the Green Hours Jazz & Theatre Café, where both team members had to roll ten mici sausages and then each eat a grilled sausage before receiving their next clue directing them to the Pit Stop: Mogoșoaia Palace."
US,38,9,Detour,"This season's final Detour was a choice between Music in the Air or Olives Everywhere. In Music in the Air, teams had to bring a crank-operated piano called a laterna to Monastiraki Square and earn ten euros from passersby to receive their next clue. In Olives Everywhere, teams had to sample ten varieties of olives and then correctly identify them to receive their next clue."
US,38,9,Detour,"After the Detour, teams had to roll a boulder up the Hill of Muses to Sisyphus, who had their next clue sending them to the Dora Stratou Theatre."
US,38,9,Roadblock,"In this leg's Roadblock, one team member had to memorize and recite the 24 lowercase letters of the Greek alphabet before receiving their next clue, which directed them to the Pit Stop: Kotzia Square."
US,38,10,Roadblock,"In this leg's first Roadblock, one team member had to replicate a floral dress by pinning flowers on a mannequin to receive their next clue."
US,38,10,Roadblock,"After the first Roadblock, teams had to drive to the Visconti-Sforza Castle in Vigevano."
US,38,10,Roadblock,"In this leg's second Roadblock, one team member had to complete two Palio games. First, they had to build a replica of the Torre del Bramante. Then, they had to ride a wooden horse and spear four rings with a jousting lance to receive their next clue."
US,38,10,Roadblock,"After the second Roadblock, teams had to drive to Mulino di Mora Bassa. There, teams had to assemble a self-supporting bridge designed by Leonardo da Vinci to receive their next clue, which directed them to the Pit Stop: the Villa Borri Manzoli."
US,38,10,Roadblock,"Adam became dizzy during the first Roadblock, which required medics to intervene and treat his conditions, as Joseph expressed his concern. As a precaution, the mannequin was moved out of sunlight into shade."
US,38,11,Roadblock,"In this season's final Roadblock, one team member had to type ""The New Colossus"" in braille using a Perkins Brailler braille typewriter to receive their next clue."
US,38,11,Roadblock,"After the Roadblock, teams encountered a Scramble, where they had to travel to three replicas of the Statue of Liberty in Paris and retrieve a clue piece at each statue that, when assembled, formed a replica of the Pit Stop: the Place du Trocadéro, overlooking the Eiffel Tower."
