id,sid,number,abbrev,order,w,teams,allmales,coeds,allfemales,male,w1,winner,class,last_place,class1,w2,allmale_avg,coed_avg,allfemale_avg,am_dominance,ce_dominance,af_dominance,male_dominance,w3,vid,am_opps,am_wins,am_losses,ce_opps,ce_wins,ce_losses,af_opps,af_wins,af_losses,male_opps,male_wins,male_losses
1,1,1,USA1-1,1,,11,3,5,3,0.5,,Rob & Brennan,All-Male,Matt & Ana,Co-Ed,,4.0,6.6,7.0,0.75,0.4,0.375,0.6875,,1,24,18.0,6.0,30,12.0,18.0,24,9.0,15.0,48,33.0,15.0
2,1,2,USA1-2,2,,10,3,4,3,0.5,,Pat & Brenda,All-Female,Kim & Leslie,All-Female,,3.333333333,6.75,6.0,0.8095238095,0.2916666667,0.4285714286,0.6904761905,,1,21,17.0,4.0,24,7.0,17.0,21,9.0,12.0,42,29.0,13.0
3,1,3,USA1-3,3,,9,3,4,2,0.5555555556,,Kevin & Drew,All-Male,Pat & Brenda,All-Female,,2.666666667,5.0,8.5,0.8888888889,0.5,0.0,0.9375,,1,18,16.0,2.0,20,10.0,10.0,14,0.0,14.0,32,30.0,2.0
4,1,4,USA1-4,4,,8,3,4,1,0.625,,Joe & Bill,All-Male,Dave & Margaretta,Co-Ed,,3.0,6.0,3.0,0.8,0.125,0.7142857143,0.6363636364,,1,15,12.0,3.0,16,2.0,14.0,7,5.0,2.0,22,14.0,8.0
5,1,5,USA1-5,5,,7,3,3,1,0.6428571429,,Kevin & Drew,All-Male,Paul & Amie,Co-Ed,,2.333333333,6.0,3.0,0.9166666667,0.0,0.6666666667,0.7222222222,,1,12,11.0,1.0,12,0.0,12.0,6,4.0,2.0,18,13.0,5.0
6,1,6,USA1-6,6,,6,3,2,1,0.6666666667,,Frank & Margarita,Co-Ed,Lenny & Karyn,Co-Ed,,3.0,3.5,5.0,0.6666666667,0.5,0.2,0.7142857143,,1,9,6.0,3.0,8,4.0,4.0,5,1.0,4.0,14,10.0,4.0
7,1,7,USA1-7,7,,6,3,2,1,0.6666666667,,Frank & Margarita,Co-Ed,Lenny & Karyn,Co-Ed,,3.0,3.5,5.0,0.6666666667,0.5,0.2,0.7142857143,,1,9,6.0,3.0,8,4.0,4.0,5,1.0,4.0,14,10.0,4.0
8,1,8,USA1-8,8,,5,3,1,1,0.7,,Kevin & Drew,All-Male,Nancy & Emily,All-Female,,2.666666667,2.0,5.0,0.6666666667,0.75,0.0,0.8,,1,6,4.0,2.0,4,3.0,1.0,4,0.0,4.0,10,8.0,2.0
9,1,9,USA1-9,9,,5,3,1,1,0.7,,Rob & Brennan,All-Male,Nancy & Emily,All-Female,,2.666666667,2.0,5.0,0.6666666667,0.75,0.0,0.8,,1,6,4.0,2.0,4,3.0,1.0,4,0.0,4.0,10,8.0,2.0
10,1,10,USA1-10,10,,4,3,1,0,0.875,,Rob & Brennan,All-Male,Joe & Bill,All-Male,,2.666666667,2.0,,0.3333333333,0.6666666667,,0.3333333333,,1,3,1.0,2.0,3,2.0,1.0,0,0.0,0.0,3,1.0,2.0
11,1,11,USA1-11,11,,4,3,1,0,0.875,,Frank & Margarita,Co-Ed,Kevin & Drew,All-Male,,3.0,1.0,,0.0,1.0,,0.0,,1,3,0.0,3.0,3,3.0,0.0,0,0.0,0.0,3,0.0,3.0
12,1,12,USA1-12,12,,3,2,1,0,0.8333333333,,Rob & Brennan,All-Male,Joe & Bill,All-Male,,2.0,2.0,,0.5,0.5,,0.5,,1,2,1.0,1.0,2,1.0,1.0,0,0.0,0.0,2,1.0,1.0
13,1,13,USA1-13,13,,3,2,1,0,0.8333333333,,Rob & Brennan,All-Male,Joe & Bill,All-Male,,2.0,2.0,,0.5,0.5,,0.5,,1,2,1.0,1.0,2,1.0,1.0,0,0.0,0.0,2,1.0,1.0
14,2,1,USA2-1,1,,11,4,4,3,0.5454545455,,Tara & Wil,Co-Ed,Diedre & Hillary,All-Female,,6.5,2.75,9.333333333,0.4285714286,0.9285714286,0.08333333333,0.6538461538,,1,28,12.0,16.0,28,26.0,2.0,24,2.0,22.0,52,34.0,18.0
15,2,2,USA2-2,2,,10,4,4,2,0.6,,Shola & Doyin,All-Male,Hope & Norm,Co-Ed,,3.75,7.0,6.0,0.7916666667,0.25,0.4375,0.7,,1,24,19.0,5.0,24,6.0,18.0,16,7.0,9.0,40,28.0,12.0
16,2,3,USA2-3,3,,9,4,3,2,0.6111111111,,Oswald & Danny,All-Male,Peggy & Claire,All-Female,,4.0,5.0,6.5,0.675,0.4722222222,0.2857142857,0.6911764706,,1,20,13.5,6.5,18,8.5,9.5,14,4.0,10.0,34,23.5,10.5
17,2,4,USA2-4,4,,8,4,3,1,0.6875,,Oswald & Danny,All-Male,Shola & Doyin,All-Male,,4.75,4.0,5.0,0.4375,0.6,0.4285714286,0.4782608696,,1,16,7.0,9.0,15,9.0,6.0,7,3.0,4.0,23,11.0,12.0
18,2,5,USA2-5,5,,7,3,3,1,0.6428571429,,Chris & Alex,All-Male,Cyndi & Russell,Co-Ed,,4.0,4.666666667,2.0,0.5,0.3333333333,0.8333333333,0.3888888889,,1,12,6.0,6.0,12,4.0,8.0,6,5.0,1.0,18,7.0,11.0
19,2,6,USA2-6,6,,6,3,2,1,0.6666666667,,Mary & Peach,All-Female,Chris & Alex,All-Male,,4.0,4.0,1.0,0.3333333333,0.375,1.0,0.2142857143,,1,9,3.0,6.0,8,3.0,5.0,5,5.0,0.0,14,3.0,11.0
20,2,7,USA2-7,7,,6,3,2,1,0.6666666667,,Gary & Dave,All-Male,Mary & Peach,All-Female,,2.333333333,4.0,6.0,0.8888888889,0.375,0.0,0.9285714286,,1,9,8.0,1.0,8,3.0,5.0,5,0.0,5.0,14,13.0,1.0
21,2,8,USA2-8,8,,5,3,2,0,0.8,,Oswald & Danny,All-Male,Blake & Paige,Co-Ed,,2.0,4.5,,1.0,0.0,,1.0,,1,6,6.0,0.0,6,0.0,6.0,0,0.0,0.0,6,6.0,0.0
22,2,9,USA2-9,9,,5,3,2,0,0.8,,Chris & Alex,All-Male,Gary & Dave,All-Male,,3.333333333,2.5,,0.3333333333,0.6666666667,,0.3333333333,,1,6,2.0,4.0,6,4.0,2.0,0,0.0,0.0,6,2.0,4.0
23,2,10,USA2-10,10,,4,2,2,0,0.75,,Blake & Paige,Co-Ed,Oswald & Danny,All-Male,,3.5,1.5,,0.0,1.0,,0.0,,1,4,0.0,4.0,4,4.0,0.0,0,0.0,0.0,4,0.0,4.0
24,2,11,USA2-11,11,,4,2,2,0,0.75,,Tara & Wil,Co-Ed,Oswald & Danny,All-Male,,3.5,1.5,,0.0,1.0,,0.0,,1,4,0.0,4.0,4,4.0,0.0,0,0.0,0.0,4,0.0,4.0
25,2,12,USA2-12,12,,3,1,2,0,0.6666666667,,"Tara & Wil, Blake & Paige","Co-Ed, Co-Ed",Chris & Alex,All-Male,,3.0,1.0,,0.0,1.0,,0.0,,1,2,0.0,2.0,2,2.0,0.0,0,0.0,0.0,2,0.0,2.0
26,2,13,USA2-13,13,,3,1,2,0,0.6666666667,,Chris & Alex,All-Male,Blake & Paige,Co-Ed,,1.0,2.5,,1.0,0.0,,1.0,,1,2,2.0,0.0,2,0.0,2.0,0,0.0,0.0,2,2.0,0.0
27,3,1,USA3-1,1,,12,4,6,2,0.5833333333,,Ken & Gerard,All-Male,Gina & Sylvia,All-Female,,7.0,5.333333333,9.0,0.4375,0.6944444444,0.25,0.5576923077,,1,32,14.0,18.0,36,25.0,11.0,20,5.0,15.0,52,29.0,23.0
28,3,2,USA3-2,2,,11,4,6,1,0.6363636364,,Derek & Drew,All-Male,Tramel & Talicia,Co-Ed,,6.0,6.5,3.0,0.5,0.4,0.8,0.4210526316,,1,28,14.0,14.0,30,12.0,18.0,10,8.0,2.0,38,16.0,22.0
29,3,3,USA3-3,3,,10,4,5,1,0.65,,Derek & Drew,All-Male,Dennis & Andrew,All-Male,,5.25,5.8,5.0,0.5416666667,0.44,0.5555555556,0.5151515152,,1,24,13.0,11.0,25,11.0,14.0,9,5.0,4.0,33,17.0,16.0
30,3,4,USA3-4,4,,9,3,5,1,0.6111111111,,Ken & Gerard,All-Male,Heather & Eve,All-Female,,2.666666667,5.6,9.0,0.8888888889,0.35,0.0,0.9230769231,,1,18,16.0,2.0,20,7.0,13.0,8,0.0,8.0,26,24.0,2.0
31,3,5,USA3-5,5,,8,3,5,0,0.6875,,Ken & Gerard,All-Male,Michael & Kathy,Co-Ed,,2.0,5.8,,1.0,0.0,,1.0,,1,15,15.0,0.0,15,0.0,15.0,0,0.0,0.0,15,15.0,0.0
32,3,6,USA3-6,6,,7,3,4,0,0.7142857143,,Teri & Ian,Co-Ed,Aaron & Arianne,Co-Ed,,4.333333333,3.75,,0.4166666667,0.5833333333,,0.4166666667,,1,12,5.0,7.0,12,7.0,5.0,0,0.0,0.0,12,5.0,7.0
33,3,7,USA3-7,7,,6,3,3,0,0.75,,Flo & Zach,Co-Ed,Andre & Damon,All-Male,,4.333333333,2.666666667,,0.2222222222,0.7777777778,,0.2222222222,,1,9,2.0,7.0,9,7.0,2.0,0,0.0,0.0,9,2.0,7.0
34,3,8,USA3-8,8,,5,2,3,0,0.7,,Derek & Drew,All-Male,John Vito & Jill,Co-Ed,,2.5,3.333333333,,0.6666666667,0.3333333333,,0.6666666667,,1,6,4.0,2.0,6,2.0,4.0,0,0.0,0.0,6,4.0,2.0
35,3,9,USA3-9,9,,5,2,3,0,0.7,,John Vito & Jill,Co-Ed,Flo & Zach,Co-Ed,,2.5,3.333333333,,0.6666666667,0.3333333333,,0.6666666667,,1,6,4.0,2.0,6,2.0,4.0,0,0.0,0.0,6,4.0,2.0
36,3,10,USA3-10,10,,5,2,3,0,0.7,,Derek & Drew,All-Male,John Vito & Jill,Co-Ed,,1.5,4.0,,1.0,0.0,,1.0,,1,6,6.0,0.0,6,0.0,6.0,0,0.0,0.0,6,6.0,0.0
37,3,11,USA3-11,11,,4,2,2,0,0.75,,Teri & Ian,Co-Ed,Derek & Drew,All-Male,,3.5,1.5,,0.0,1.0,,0.0,,1,4,0.0,4.0,4,4.0,0.0,0,0.0,0.0,4,0.0,4.0
38,3,12,USA3-12,12,,3,1,2,0,0.6666666667,,Teri & Ian,Co-Ed,Flo & Zach,Co-Ed,,2.0,2.0,,0.5,0.5,,0.5,,1,2,1.0,1.0,2,1.0,1.0,0,0.0,0.0,2,1.0,1.0
39,3,13,USA3-13,13,,3,1,2,0,0.6666666667,,Flo & Zach,Co-Ed,Ken & Gerard,All-Male,,3.0,1.5,,0.0,1.0,,0.0,,1,2,0.0,2.0,2,2.0,0.0,0,0.0,0.0,2,0.0,2.0
40,4,1,USA4-1,1,,12,5,5,2,0.625,,"Millie & Chuck, Steve & Josh, Amanda & Chris","Co-Ed, All-Male, Co-Ed",Debra & Steve,Co-Ed,,6.4,5.6,7.5,0.4857142857,0.5714285714,0.4,0.5272727273,,1,35,17.0,18.0,35,20.0,15.0,20,8.0,12.0,55,29.0,26.0
41,4,2,USA4-2,2,,11,5,4,2,0.6363636364,,Steve & Dave,All-Male,Amanda & Chris,Co-Ed,,4.6,7.25,7.0,0.7333333333,0.3214285714,0.3888888889,0.6875,,1,30,22.0,8.0,28,9.0,19.0,18,7.0,11.0,48,33.0,15.0
42,4,3,USA4-3,3,,10,5,3,2,0.65,,Steve & Josh,All-Male,Russell & Cindy,Co-Ed,,5.2,7.666666667,3.0,0.56,0.1904761905,0.8125,0.4146341463,,1,25,14.0,11.0,21,4.0,17.0,16,13.0,3.0,41,17.0,24.0
43,4,4,USA4-4,4,,9,5,2,2,0.6666666667,,Tian & Jaree,All-Female,Steve & Josh,All-Male,,6.0,4.5,2.5,0.225,0.5357142857,0.8571428571,0.1911764706,,1,20,4.5,15.5,14,7.5,6.5,14,12.0,2.0,34,6.5,27.5
44,4,5,USA4-5,5,,8,4,2,2,0.625,,Millie & Chuck,Co-Ed,Steve & Dave,All-Male,,5.0,2.0,6.0,0.375,0.9166666667,0.25,0.5357142857,,1,16,6.0,10.0,12,11.0,1.0,12,3.0,9.0,28,15.0,13.0
45,4,6,USA4-6,6,,7,3,2,2,0.5714285714,,David & Jeff,All-Male,Monica & Sheree,All-Female,,3.0,3.5,6.0,0.75,0.6,0.1,0.8181818182,,1,12,9.0,3.0,10,6.0,4.0,10,1.0,9.0,22,18.0,4.0
46,4,7,USA4-7,7,,6,3,2,1,0.6666666667,,David & Jeff,All-Male,Tian & Jaree,All-Female,,2.666666667,3.5,6.0,0.7777777778,0.5,0.0,0.8571428571,,1,9,7.0,2.0,8,4.0,4.0,5,0.0,5.0,14,12.0,2.0
47,4,8,USA4-8,8,,5,3,2,0,0.8,,Jon & Al,All-Male,Kelly & Jon,Co-Ed,,2.333333333,4.0,,0.8333333333,0.1666666667,,0.8333333333,,1,6,5.0,1.0,6,1.0,5.0,0,0.0,0.0,6,5.0,1.0
48,4,9,USA4-9,9,,5,3,2,0,0.8,,Reichen & Chip,All-Male,Millie & Chuck,Co-Ed,,2.0,4.5,,1.0,0.0,,1.0,,1,6,6.0,0.0,6,0.0,6.0,0,0.0,0.0,6,6.0,0.0
49,4,10,USA4-10,10,,4,3,1,0,0.875,,Kelly & Jon,Co-Ed,David & Jeff,All-Male,,3.0,1.0,,0.0,1.0,,0.0,,1,3,0.0,3.0,3,3.0,0.0,0,0.0,0.0,3,0.0,3.0
50,4,11,USA4-11,11,,4,3,1,0,0.875,,David & Jeff,All-Male,Jon & Al,All-Male,,2.666666667,2.0,,0.3333333333,0.6666666667,,0.3333333333,,1,3,1.0,2.0,3,2.0,1.0,0,0.0,0.0,3,1.0,2.0
51,4,12,USA4-12,12,,3,2,1,0,0.8333333333,,David & Jeff,All-Male,Kelly & Jon,Co-Ed,,1.5,3.0,,1.0,0.0,,1.0,,1,2,2.0,0.0,2,0.0,2.0,0,0.0,0.0,2,2.0,0.0
52,4,13,USA4-13,13,,3,2,1,0,0.8333333333,,Reichen & Chip,All-Male,David & Jeff,All-Male,,2.0,2.0,,0.5,0.5,,0.5,,1,2,1.0,1.0,2,1.0,1.0,0,0.0,0.0,2,1.0,1.0
53,5,1,USA5-1,1,,11,1,7,3,0.4090909091,,Alison & Donny,Co-Ed,Dennis & Erika,Co-Ed,,2.0,6.714285714,5.666666667,0.9,0.3214285714,0.5416666667,0.5882352941,,1,10,9.0,1.0,28,9.0,19.0,24,13.0,11.0,34,20.0,14.0
54,5,2,USA5-2,2,,10,1,6,3,0.4,,Brandon & Nicole,Co-Ed,Alison & Donny,Co-Ed,,7.0,5.5,5.0,0.3333333333,0.5,0.5714285714,0.4,,1,9,3.0,6.0,24,12.0,12.0,21,12.0,9.0,30,12.0,18.0
55,5,3,USA5-3,3,,9,1,5,3,0.3888888889,,Colin & Christie,Co-Ed,Jim & Marsha,Co-Ed,,8.0,4.8,4.333333333,0.125,0.55,0.6111111111,0.3076923077,,1,8,1.0,7.0,20,11.0,9.0,18,11.0,7.0,26,8.0,18.0
56,5,4,USA5-4,4,,8,1,4,3,0.375,,Chip & Kim,Co-Ed,Bob & Joyce,Co-Ed,,3.0,4.0,5.666666667,0.7142857143,0.625,0.2666666667,0.7272727273,,1,7,5.0,2.0,16,10.0,6.0,15,4.0,11.0,22,16.0,6.0
57,5,5,USA5-5,5,,7,1,3,3,0.3571428571,,Colin & Christie,Co-Ed,Linda & Karen,All-Female,,5.0,2.666666667,5.0,0.3333333333,0.8333333333,0.25,0.6111111111,,1,6,2.0,4.0,12,10.0,2.0,12,3.0,9.0,18,11.0,7.0
58,5,6,USA5-6,6,,7,1,3,3,0.3571428571,,Colin & Christie,Co-Ed,Marshall & Lance,All-Male,,7.0,2.333333333,4.666666667,0.0,0.9166666667,0.3333333333,0.4444444444,,1,6,0.0,6.0,12,11.0,1.0,12,4.0,8.0,18,8.0,10.0
59,5,7,USA5-7,7,,6,0,3,3,0.25,,Chip & Kim,Co-Ed,Charla & Mirna,All-Female,,,2.333333333,4.666666667,,0.8888888889,0.1111111111,0.8888888889,,1,0,0.0,0.0,9,8.0,1.0,9,1.0,8.0,9,8.0,1.0
60,5,8,USA5-8,8,,5,0,3,2,0.3,,Colin & Christie,Co-Ed,Kami & Karli,All-Female,,,2.0,4.5,,1.0,0.0,1.0,,1,0,0.0,0.0,6,6.0,0.0,6,0.0,6.0,6,6.0,0.0
61,5,9,USA5-9,9,,5,0,3,2,0.3,,Colin & Christie,Co-Ed,Brandon & Nicole,Co-Ed,,,2.666666667,3.5,,0.6666666667,0.3333333333,0.6666666667,,1,0,0.0,0.0,6,4.0,2.0,6,2.0,4.0,6,4.0,2.0
62,5,10,USA5-10,10,,5,0,3,2,0.3,,Colin & Christie,Co-Ed,Kami & Karli,All-Female,,,2.666666667,3.5,,0.6666666667,0.3333333333,0.6666666667,,1,0,0.0,0.0,6,4.0,2.0,6,2.0,4.0,6,4.0,2.0
63,5,11,USA5-11,11,,4,0,3,1,0.375,,Chip & Kim,Co-Ed,Colin & Christie,Co-Ed,,,2.666666667,2.0,,0.3333333333,0.6666666667,0.3333333333,,1,0,0.0,0.0,3,1.0,2.0,3,2.0,1.0,3,1.0,2.0
64,5,12,USA5-12,12,,4,0,3,1,0.375,,Brandon & Nicole,Co-Ed,Linda & Karen,All-Female,,,2.0,4.0,,1.0,0.0,1.0,,1,0,0.0,0.0,3,3.0,0.0,3,0.0,3.0,3,3.0,0.0
65,5,13,USA5-13,13,,3,0,3,0,0.5,,Chip & Kim,Co-Ed,Brandon & Nicole,Co-Ed,,,2.0,,,,,,,1,0,0.0,0.0,0,0.0,0.0,0,0.0,0.0,0,0.0,0.0
66,6,1,USA6-1,1,,11,1,8,2,0.4545454545,,Hayden & Aaron,Co-Ed,Avi & Joe,All-Male,,11.0,5.5,5.5,0.0,0.6666666667,0.5555555556,0.2857142857,,1,10,0.0,10.0,24,16.0,8.0,18,10.0,8.0,28,8.0,20.0
67,6,2,USA6-2,2,,10,0,8,2,0.4,,Kris & Jon,Co-Ed,Meredith & Maria,All-Female,,,4.5,9.5,,1.0,0.0,1.0,,1,0,0.0,0.0,16,16.0,0.0,16,0.0,16.0,16,16.0,0.0
68,6,3,USA6-3,3,,9,0,8,1,0.4444444444,,Hayden & Aaron,Co-Ed,Lena & Kristy,All-Female,,,4.5,9.0,,1.0,0.0,1.0,,1,0,0.0,0.0,8,8.0,0.0,8,0.0,8.0,8,8.0,0.0
69,6,4,USA6-4,4,,8,0,8,0,0.5,,Kris & Jon,Co-Ed,Don & Mary Jean,Co-Ed,,,4.5,,,,,,,1,0,0.0,0.0,0,0.0,0.0,0,0.0,0.0,0,0.0,0.0
70,6,5,USA6-5,5,,8,0,8,0,0.5,,Freddy & Kendra,Co-Ed,Don & Mary Jean,Co-Ed,,,4.5,,,,,,,1,0,0.0,0.0,0,0.0,0.0,0,0.0,0.0,0,0.0,0.0
71,6,6A,USA6-6A,6,,7,0,7,0,0.5,,Freddy & Kendra,Co-Ed,Lori & Bolo,Co-Ed,,,4.0,,,,,,,1,0,0.0,0.0,0,0.0,0.0,0,0.0,0.0,0,0.0,0.0
72,6,6B,USA6-6B,7,,7,0,7,0,0.5,,Lori & Bolo,Co-Ed,Gus & Hera,Co-Ed,,,4.0,,,,,,,1,0,0.0,0.0,0,0.0,0.0,0,0.0,0.0,0,0.0,0.0
73,6,7,USA6-7,8,,6,0,6,0,0.5,,Adam & Rebecca,Co-Ed,Hayden & Aaron,Co-Ed,,,3.5,,,,,,,1,0,0.0,0.0,0,0.0,0.0,0,0.0,0.0,0,0.0,0.0
74,6,8,USA6-8,9,,6,0,6,0,0.5,,Hayden & Aaron,Co-Ed,Jonathan & Victoria,Co-Ed,,,3.5,,,,,,,1,0,0.0,0.0,0,0.0,0.0,0,0.0,0.0,0,0.0,0.0
75,6,9,USA6-9,10,,5,0,5,0,0.5,,Kris & Jon,Co-Ed,Lori & Bolo,Co-Ed,,,3.0,,,,,,,1,0,0.0,0.0,0,0.0,0.0,0,0.0,0.0,0,0.0,0.0
76,6,10,USA6-10,11,,4,0,4,0,0.5,,Hayden & Aaron,Co-Ed,Adam & Rebecca,Co-Ed,,,2.5,,,,,,,1,0,0.0,0.0,0,0.0,0.0,0,0.0,0.0,0,0.0,0.0
77,6,11,USA6-11,12,,4,0,4,0,0.5,,Kris & Jon,Co-Ed,Hayden & Aaron,Co-Ed,,,2.5,,,,,,,1,0,0.0,0.0,0,0.0,0.0,0,0.0,0.0,0,0.0,0.0
78,6,12,USA6-12,13,,3,0,3,0,0.5,,Freddy & Kendra,Co-Ed,Adam & Rebecca,Co-Ed,,,2.0,,,,,,,1,0,0.0,0.0,0,0.0,0.0,0,0.0,0.0,0,0.0,0.0
79,7,1,USA7-1,1,,11,3,6,2,0.5454545455,,Debbie & Bianca,All-Female,Ryan & Chuck,All-Male,,6.666666667,6.0,5.0,0.4166666667,0.5,0.6111111111,0.4047619048,,1,24,10.0,14.0,30,15.0,15.0,18,11.0,7.0,42,17.0,25.0
80,7,2,USA7-2,2,,10,2,6,2,0.5,,Rob & Amber,Co-Ed,Megan & Heidi,All-Female,,7.0,4.166666667,8.0,0.3125,0.8333333333,0.1875,0.5625,,1,16,5.0,11.0,24,20.0,4.0,16,3.0,13.0,32,18.0,14.0
81,7,3,USA7-3,3,,9,2,6,1,0.5555555556,,Lynn & Alex,All-Male,Debbie & Bianca,All-Female,,2.0,5.333333333,9.0,0.9285714286,0.3888888889,0.0,0.9545454545,,1,14,13.0,1.0,18,7.0,11.0,8,0.0,8.0,22,21.0,1.0
82,7,4,USA7-4,4,,8,2,6,0,0.625,,Rob & Amber,Co-Ed,Susan & Patrick,Co-Ed,,3.5,4.833333333,,0.6666666667,0.3333333333,,0.6666666667,,1,12,8.0,4.0,12,4.0,8.0,0,0.0,0.0,12,8.0,4.0
83,7,5,USA7-5,5,,7,2,5,0,0.6428571429,,Ray & Deana,Co-Ed,Meredith & Gretchen,Co-Ed,,3.5,4.2,,0.6,0.4,,0.6,,1,10,6.0,4.0,10,4.0,6.0,0,0.0,0.0,10,6.0,4.0
84,7,6,USA7-6,6,,7,2,5,0,0.6428571429,,Ron & Kelly,Co-Ed,Ray & Deana,Co-Ed,,5.0,3.6,,0.3,0.7,,0.3,,1,10,3.0,7.0,10,7.0,3.0,0,0.0,0.0,10,3.0,7.0
85,7,7,USA7-7,7,,6,2,4,0,0.6666666667,,Rob & Amber,Co-Ed,Brian & Greg,All-Male,,5.0,2.75,,0.125,0.875,,0.125,,1,8,1.0,7.0,8,7.0,1.0,0,0.0,0.0,8,1.0,7.0
86,7,8A,USA7-8A,8,,5,1,4,0,0.6,,Rob & Amber,Co-Ed,Meredith & Gretchen,Co-Ed,,4.0,2.75,,0.25,0.75,,0.25,,1,4,1.0,3.0,4,3.0,1.0,0,0.0,0.0,4,1.0,3.0
87,7,8B,USA7-8B,9,,5,1,4,0,0.6,,Uchenna & Joyce,Co-Ed,Lynn & Alex,All-Male,,5.0,2.5,,0.0,1.0,,0.0,,1,4,0.0,4.0,4,4.0,0.0,0,0.0,0.0,4,0.0,4.0
88,7,9,USA7-9,10,,4,0,4,0,0.5,,Uchenna & Joyce,Co-Ed,Ron & Kelly,Co-Ed,,,2.5,,,,,,,1,0,0.0,0.0,0,0.0,0.0,0,0.0,0.0,0,0.0,0.0
89,7,10,USA7-10,11,,4,0,4,0,0.5,,Rob & Amber,Co-Ed,Meredith & Gretchen,Co-Ed,,,2.5,,,,,,,1,0,0.0,0.0,0,0.0,0.0,0,0.0,0.0,0,0.0,0.0
90,7,11,USA7-11,12,,3,0,3,0,0.5,,Ron & Kelly,Co-Ed,Uchenna & Joyce,Co-Ed,,,2.0,,,,,,,1,0,0.0,0.0,0,0.0,0.0,0,0.0,0.0,0,0.0,0.0
91,7,12,USA7-12,13,,3,0,3,0,0.5,,Uchenna & Joyce,Co-Ed,Ron & Kelly,Co-Ed,,,2.0,,,,,,,1,0,0.0,0.0,0,0.0,0.0,0,0.0,0.0,0,0.0,0.0
92,8,1,USA8-1,1,,10,1,8,1,0.5,,Godlewski Family,All-Female,Black Family,Co-Ed,,8.0,5.75,1.0,0.2222222222,0.375,1.0,0.1111111111,,1,9,2.0,7.0,16,6.0,10.0,9,9.0,0.0,18,2.0,16.0
93,8,2,USA8-2,2,,9,1,7,1,0.5,,Weaver Family,Co-Ed,Rogers Family,Co-Ed,,5.0,5.285714286,3.0,0.5,0.3571428571,0.75,0.375,,1,8,4.0,4.0,14,5.0,9.0,8,6.0,2.0,16,6.0,10.0
94,8,3,USA8-3,3,,8,1,6,1,0.5,,Bransen Family,Co-Ed,Aiello Family,All-Male,,8.0,4.0,4.0,0.0,0.75,0.5714285714,0.2142857143,,1,7,0.0,7.0,12,9.0,3.0,7,4.0,3.0,14,3.0,11.0
95,8,4,USA8-4,4,,7,0,6,1,0.4285714286,,Bransen Family,Co-Ed,Schroeder Family,Co-Ed,,,4.0,4.0,,0.5,0.5,0.5,,1,0,0.0,0.0,6,3.0,3.0,6,3.0,3.0,6,3.0,3.0
96,8,5,USA8-5,5,,6,0,5,1,0.4166666667,,Paolo Family,Co-Ed,Godlewski Family,All-Female,,,3.0,6.0,,1.0,0.0,1.0,,1,0,0.0,0.0,5,5.0,0.0,5,0.0,5.0,5,5.0,0.0
97,8,6,USA8-6,6,,6,0,5,1,0.4166666667,,Paolo Family,Co-Ed,Gaghan Family,Co-Ed,,,3.4,4.0,,0.6,0.4,0.6,,1,0,0.0,0.0,5,3.0,2.0,5,2.0,3.0,5,3.0,2.0
98,8,7,USA8-7,7,,5,0,4,1,0.4,,Godlewski Family,All-Female,Bransen Family,Co-Ed,,,3.5,1.0,,0.0,1.0,0.0,,1,0,0.0,0.0,4,0.0,4.0,4,4.0,0.0,4,0.0,4.0
99,8,8,USA8-8,8,,5,0,4,1,0.4,,Godlewski Family,All-Female,Paolo Family,Co-Ed,,,3.5,1.0,,0.0,1.0,0.0,,1,0,0.0,0.0,4,0.0,4.0,4,4.0,0.0,4,0.0,4.0
100,8,9,USA8-9,9,,4,0,3,1,0.375,,Linz Family,Co-Ed,Weaver Family,Co-Ed,,,2.333333333,3.0,,0.6666666667,0.3333333333,0.6666666667,,1,0,0.0,0.0,3,2.0,1.0,3,1.0,2.0,3,2.0,1.0
101,8,10A,USA8-10A,10,,4,0,3,1,0.375,,Bransen Family,Co-Ed,Godlewski Family,All-Female,,,2.0,4.0,,1.0,0.0,1.0,,1,0,0.0,0.0,3,3.0,0.0,3,0.0,3.0,3,3.0,0.0
102,8,10B,USA8-10B,11,,4,0,3,1,0.375,,Bransen Family,Co-Ed,Godlewski Family,All-Female,,,2.0,4.0,,1.0,0.0,1.0,,1,0,0.0,0.0,3,3.0,0.0,3,0.0,3.0,3,3.0,0.0
103,8,11A,USA8-11A,12,,3,0,3,0,0.5,,Bransen Family,Co-Ed,Weaver Family,Co-Ed,,,2.0,,,,,,,1,0,0.0,0.0,0,0.0,0.0,0,0.0,0.0,0,0.0,0.0
104,8,11B,USA8-11B,13,,3,0,3,0,0.5,,Linz Family,Co-Ed,Weaver Family,Co-Ed,,,2.0,,,,,,,1,0,0.0,0.0,0,0.0,0.0,0,0.0,0.0,0,0.0,0.0
105,9,1,USA9-1,1,,11,3,5,3,0.5,,Eric & Jeremy,All-Male,John & Scott,All-Male,,4.666666667,6.0,7.333333333,0.6666666667,0.5,0.3333333333,0.6666666667,,1,24,16.0,8.0,30,15.0,15.0,24,8.0,16.0,48,32.0,16.0
106,9,2,USA9-2,2,,10,2,5,3,0.45,,BJ & Tyler,All-Male,Lisa & Joni,All-Female,,1.5,5.6,8.0,1.0,0.48,0.1428571429,0.9189189189,,1,16,16.0,0.0,25,12.0,13.0,21,3.0,18.0,37,34.0,3.0
107,9,3A,USA9-3A,3,,9,2,5,2,0.5,,Eric & Jeremy,All-Male,Dave & Lori,Co-Ed,,2.5,5.4,6.5,0.8571428571,0.4,0.2857142857,0.7857142857,,1,14,12.0,2.0,20,8.0,12.0,14,4.0,10.0,28,22.0,6.0
108,9,3B,USA9-3B,4,,9,2,5,2,0.5,,Eric & Jeremy,All-Male,Wanda & Desiree,All-Female,,1.5,5.0,8.5,1.0,0.5,0.0,1.0,,1,14,14.0,0.0,20,10.0,10.0,14,0.0,14.0,28,28.0,0.0
109,9,4,USA9-4,5,,8,2,5,1,0.5625,,BJ & Tyler,All-Male,Danielle & Dani,All-Female,,1.5,5.0,8.0,1.0,0.3333333333,0.0,1.0,,1,12,12.0,0.0,15,5.0,10.0,7,0.0,7.0,19,19.0,0.0
110,9,5,USA9-5,6,,7,2,5,0,0.6428571429,,Eric & Jeremy,All-Male,Dave & Lori,Co-Ed,,1.5,5.0,,1.0,0.0,,1.0,,1,10,10.0,0.0,10,0.0,10.0,0,0.0,0.0,10,10.0,0.0
111,9,6,USA9-6,7,,6,2,4,0,0.6666666667,,Eric & Jeremy,All-Male,Lake & Michelle,Co-Ed,,3.0,3.75,,0.625,0.375,,0.625,,1,8,5.0,3.0,8,3.0,5.0,0,0.0,0.0,8,5.0,3.0
112,9,7,USA9-7,8,,5,2,3,0,0.7,,Fran & Barry,Co-Ed,BJ & Tyler,All-Male,,4.5,2.0,,0.0,1.0,,0.0,,1,6,0.0,6.0,6,6.0,0.0,0,0.0,0.0,6,0.0,6.0
113,9,8,USA9-8,9,,5,2,3,0,0.7,,Eric & Jeremy,All-Male,Fran & Barry,Co-Ed,,2.0,3.666666667,,0.8333333333,0.1666666667,,0.8333333333,,1,6,5.0,1.0,6,1.0,5.0,0,0.0,0.0,6,5.0,1.0
114,9,9,USA9-9,10,,4,2,2,0,0.75,,Ray & Yolanda,Co-Ed,BJ & Tyler,All-Male,,3.0,2.0,,0.25,0.75,,0.25,,1,4,1.0,3.0,4,3.0,1.0,0,0.0,0.0,4,1.0,3.0
115,9,10,USA9-10,11,,4,2,2,0,0.75,,BJ & Tyler,All-Male,Joseph & Monica,Co-Ed,,1.5,3.5,,1.0,0.0,,1.0,,1,4,4.0,0.0,4,0.0,4.0,0,0.0,0.0,4,4.0,0.0
116,9,11,USA9-11,12,,3,2,1,0,0.8333333333,,BJ & Tyler,All-Male,Ray & Yolanda,Co-Ed,,1.5,3.0,,1.0,0.0,,1.0,,1,2,2.0,0.0,2,0.0,2.0,0,0.0,0.0,2,2.0,0.0
117,9,12,USA9-12,13,,3,2,1,0,0.8333333333,,BJ & Tyler,All-Male,Ray & Yolanda,Co-Ed,,1.5,3.0,,1.0,0.0,,1.0,,1,2,2.0,0.0,2,0.0,2.0,0,0.0,0.0,2,2.0,0.0
118,10,1,USA10-1,1,,12,4,5,3,0.5416666667,,Tyler & James,All-Male,Bilal & Sa'eed,All-Male,,7.0,6.2,6.333333333,0.4375,0.5428571429,0.5185185185,0.4576271186,,1,32,14.0,18.0,35,19.0,16.0,27,14.0,13.0,59,27.0,32.0
119,10,2,USA10-2,2,,10,3,4,3,0.5,,Peter & Sarah,Co-Ed,Kellie & Jamie,All-Female,,4.666666667,4.25,8.0,0.619047619,0.7083333333,0.1428571429,0.7380952381,,1,21,13.0,8.0,24,17.0,7.0,21,3.0,18.0,42,31.0,11.0
120,10,3,USA10-3,3,,9,3,4,2,0.5555555556,,Erwin & Godwin,All-Male,Duke & Lauren,Co-Ed,,3.666666667,6.0,5.0,0.7222222222,0.3,0.5,0.625,,1,18,13.0,5.0,20,6.0,14.0,14,7.0,7.0,32,20.0,12.0
121,10,4,USA10-4,4,,8,3,3,2,0.5625,,Rob & Kimberly,Co-Ed,Tom & Terry,All-Male,,5.0,2.666666667,6.5,0.4,0.8666666667,0.1666666667,0.5925925926,,1,15,6.0,9.0,15,13.0,2.0,12,2.0,10.0,27,16.0,11.0
122,10,5,USA10-5,5,,7,2,3,2,0.5,,Peter & Sarah,Co-Ed,David & Mary,Co-Ed,,5.0,3.666666667,3.5,0.3,0.5833333333,0.6,0.35,,1,10,3.0,7.0,12,7.0,5.0,10,6.0,4.0,20,7.0,13.0
123,10,6,USA10-6,6,,7,2,3,2,0.5,,David & Mary,Co-Ed,Peter & Sarah,Co-Ed,,5.5,3.666666667,3.0,0.2,0.5833333333,0.7,0.25,,1,10,2.0,8.0,12,7.0,5.0,10,7.0,3.0,20,5.0,15.0
124,10,7,USA10-7,7,,6,2,2,2,0.5,,Dustin & Kandice,All-Female,David & Mary,Co-Ed,,3.0,4.5,3.0,0.625,0.25,0.625,0.5,,1,8,5.0,3.0,8,2.0,6.0,8,5.0,3.0,16,8.0,8.0
125,10,8,USA10-8,8,,6,2,2,2,0.5,,Dustin & Kandice,All-Female,David & Mary,Co-Ed,,3.0,4.5,3.0,0.625,0.25,0.625,0.5,,1,8,5.0,3.0,8,2.0,6.0,8,5.0,3.0,16,8.0,8.0
126,10,9A,USA10-9A,9,,5,2,1,2,0.5,,Tyler & James,All-Male,Erwin & Godwin,All-Male,,3.0,4.0,2.5,0.5,0.25,0.6666666667,0.4166666667,,1,6,3.0,3.0,4,1.0,3.0,6,4.0,2.0,12,5.0,7.0
127,10,9B,USA10-9B,10,,5,2,1,2,0.5,,Tyler & James,All-Male,Erwin & Godwin,All-Male,,3.0,3.0,3.0,0.5,0.5,0.5,0.5,,1,6,3.0,3.0,4,2.0,2.0,6,3.0,3.0,12,6.0,6.0
128,10,10,USA10-10,11,,4,1,1,2,0.375,,Tyler & James,All-Male,Dustin & Kandice,All-Female,,1.0,3.0,3.0,1.0,0.3333333333,0.25,0.8571428571,,1,3,3.0,0.0,3,1.0,2.0,4,1.0,3.0,7,6.0,1.0
129,10,11,USA10-11,12,,4,1,1,2,0.375,,Rob & Kimberly,Co-Ed,Dustin & Kandice,All-Female,,3.0,1.0,3.0,0.3333333333,1.0,0.25,0.5714285714,,1,3,1.0,2.0,3,3.0,0.0,4,1.0,3.0,7,4.0,3.0
130,10,12,USA10-12,13,,3,1,1,1,0.5,,Tyler & James,All-Male,Lyn & Karlyn,All-Female,,1.0,2.0,3.0,1.0,0.5,0.0,1.0,,1,2,2.0,0.0,2,1.0,1.0,2,0.0,2.0,4,4.0,0.0
131,11,1,ASI1-1,1,,10,3,4,3,0.5,,Mardy & Marsio,All-Male,Sandy & Francesca,Co-Ed,,6.0,6.0,4.333333333,0.4285714286,0.4166666667,0.6666666667,0.380952381,,2,21,9.0,12.0,24,10.0,14.0,21,14.0,7.0,42,16.0,26.0
132,11,2,ASI1-2,2,,10,3,4,3,0.5,,Sahil & Prashant,All-Male,Ernie & Jeena,Co-Ed,,2.0,8.5,5.0,1.0,0.0,0.5714285714,0.7142857143,,2,21,21.0,0.0,24,0.0,24.0,21,12.0,9.0,42,30.0,12.0
133,11,3,ASI1-3,3,,9,3,3,3,0.5,,Howard & Sahran,All-Male,Aubrey & Jacqueline,All-Female,,3.666666667,5.666666667,5.666666667,0.7222222222,0.3888888889,0.3888888889,0.6666666667,,2,18,13.0,5.0,18,7.0,11.0,18,7.0,11.0,36,24.0,12.0
134,11,4,ASI1-4,4,,8,3,3,2,0.5625,,Andrew & Syeon,Co-Ed,Howard & Sahran,All-Male,,5.666666667,3.666666667,4.0,0.2666666667,0.6666666667,0.5833333333,0.3333333333,,2,15,4.0,11.0,15,10.0,5.0,12,7.0,5.0,27,9.0,18.0
135,11,5,ASI1-5,5,,8,3,3,2,0.5625,,Andy & Laura,Co-Ed,Sahil & Prashant,All-Male,,6.0,2.666666667,5.0,0.2,0.8666666667,0.4166666667,0.3703703704,,2,15,3.0,12.0,15,13.0,2.0,12,5.0,7.0,27,10.0,17.0
136,11,6,ASI1-6,6,,7,2,3,2,0.5,,Sandy & Francesca,Co-Ed,Melody & Sharon,All-Female,,4.5,3.333333333,4.5,0.4,0.6666666667,0.4,0.5,,2,10,4.0,6.0,12,8.0,4.0,10,4.0,6.0,20,10.0,10.0
137,11,7,ASI1-7,7,,6,2,3,1,0.5833333333,,Andy & Laura,Co-Ed,Zabrina & Joe Jer,All-Female,,4.0,2.333333333,6.0,0.375,0.8888888889,0.0,0.6153846154,,2,8,3.0,5.0,9,8.0,1.0,5,0.0,5.0,13,8.0,5.0
138,11,8,ASI1-8,8,,6,2,3,1,0.5833333333,,Mardy & Marsio,All-Male,Howard & Sahran,All-Male,,3.5,3.0,5.0,0.5,0.6666666667,0.2,0.6153846154,,2,8,4.0,4.0,9,6.0,3.0,5,1.0,4.0,13,8.0,5.0
139,11,9A,ASI1-9A,9,,5,1,3,1,0.5,,Andy & Laura,Co-Ed,Sandy & Francesca,Co-Ed,,3.0,2.666666667,4.0,0.5,0.6666666667,0.25,0.625,,2,4,2.0,2.0,6,4.0,2.0,4,1.0,3.0,8,5.0,3.0
140,11,9B,ASI1-9B,10,,5,1,3,1,0.5,,Sandy & Francesca,Co-Ed,Andy & Laura,Co-Ed,,2.0,3.0,4.0,0.75,0.5,0.25,0.75,,2,4,3.0,1.0,6,3.0,3.0,4,1.0,3.0,8,6.0,2.0
141,11,10,ASI1-10,11,,4,1,2,1,0.5,,Sandy & Francesca,Co-Ed,Mardy & Marsio,All-Male,,4.0,1.5,3.0,0.0,1.0,0.3333333333,0.3333333333,,2,3,0.0,3.0,4,4.0,0.0,3,1.0,2.0,6,2.0,4.0
142,11,11,ASI1-11,12,,4,1,2,1,0.5,,Andrew & Syeon,Co-Ed,Mardy & Marsio,All-Male,,4.0,2.0,2.0,0.0,0.75,0.6666666667,0.1666666667,,2,3,0.0,3.0,4,3.0,1.0,3,2.0,1.0,6,1.0,5.0
143,11,12,ASI1-12,13,,3,0,2,1,0.3333333333,,Zabrina & Joe Jer,All-Female,Andrew & Syeon,Co-Ed,,,2.5,1.0,,0.0,1.0,0.0,,2,0,0.0,0.0,2,0.0,2.0,2,2.0,0.0,2,0.0,2.0
144,12,1,USA11-1,1,,11,3,6,2,0.5454545455,,Rob & Amber,Co-Ed,John Vito & Jill,Co-Ed,,5.666666667,5.833333333,7.0,0.5416666667,0.5333333333,0.3888888889,0.5714285714,,1,24,13.0,11.0,30,16.0,14.0,18,7.0,11.0,42,24.0,18.0
145,12,2,USA11-2,2,,10,3,5,2,0.55,,Rob & Amber,Co-Ed,Kevin & Drew,All-Male,,5.0,5.2,7.0,0.5714285714,0.56,0.3125,0.6216216216,,1,21,12.0,9.0,25,14.0,11.0,16,5.0,11.0,37,23.0,14.0
146,12,3,USA11-3,3,,9,2,5,2,0.5,,Rob & Amber,Co-Ed,David & Mary,Co-Ed,,6.0,4.2,6.0,0.3571428571,0.7,0.3571428571,0.5,,1,14,5.0,9.0,20,14.0,6.0,14,5.0,9.0,28,14.0,14.0
147,12,4,USA11-4,4,,8,2,4,2,0.5,,Oswald & Danny,All-Male,Rob & Amber,Co-Ed,,2.5,4.75,6.0,0.8333333333,0.4375,0.25,0.7916666667,,1,12,10.0,2.0,16,7.0,9.0,12,3.0,9.0,24,19.0,5.0
148,12,5,USA11-5,5,,7,2,3,2,0.5,,Charla & Mirna,All-Female,Uchenna & Joyce,Co-Ed,,4.5,5.333333333,1.5,0.4,0.1666666667,1.0,0.2,,1,10,4.0,6.0,12,2.0,10.0,10,10.0,0.0,20,4.0,16.0
149,12,6,USA11-6,6,,7,2,3,2,0.5,,Charla & Mirna,All-Female,Teri & Ian,Co-Ed,,4.0,5.0,2.5,0.5,0.25,0.8,0.35,,1,10,5.0,5.0,12,3.0,9.0,10,8.0,2.0,20,7.0,13.0
150,12,7,USA11-7,7,,6,2,2,2,0.5,,Dustin & Kandice,All-Female,Joe & Bill,All-Male,,4.0,4.0,2.5,0.375,0.375,0.75,0.3125,,1,8,3.0,5.0,8,3.0,5.0,8,6.0,2.0,16,5.0,11.0
151,12,8,USA11-8,8,,6,2,2,2,0.5,,"Oswald & Danny, Uchenna & Joyce","All-Male, Co-Ed",Joe & Bill,All-Male,,3.5,3.0,3.5,0.4375,0.5625,0.5,0.46875,,1,8,3.5,4.5,8,4.5,3.5,8,4.0,4.0,16,7.5,8.5
152,12,9,USA11-9,9,,5,1,2,2,0.4,,Dustin & Kandice,All-Female,Uchenna & Joyce,Co-Ed,,4.0,4.0,1.5,0.25,0.1666666667,1.0,0.1,,1,4,1.0,3.0,6,1.0,5.0,6,6.0,0.0,10,1.0,9.0
153,12,10,USA11-10,10,,4,1,1,2,0.375,,Oswald & Danny,All-Male,Eric & Danielle,Co-Ed,,1.0,4.0,2.5,1.0,0.0,0.5,0.7142857143,,1,3,3.0,0.0,3,0.0,3.0,4,2.0,2.0,7,5.0,2.0
154,12,11,USA11-11,11,,4,1,1,2,0.375,,Dustin & Kandice,All-Female,Oswald & Danny,All-Male,,4.0,3.0,1.5,0.0,0.3333333333,1.0,0.0,,1,3,0.0,3.0,3,1.0,2.0,4,4.0,0.0,7,0.0,7.0
155,12,12,USA11-12,12,,4,1,1,2,0.375,,Dustin & Kandice,All-Female,Oswald & Danny,All-Male,,4.0,2.0,2.0,0.0,0.6666666667,0.75,0.1428571429,,1,3,0.0,3.0,3,2.0,1.0,4,3.0,1.0,7,1.0,6.0
156,12,13,USA11-13,13,,3,0,1,2,0.1666666667,,Eric & Danielle,Co-Ed,Charla & Mirna,All-Female,,,1.0,2.5,,1.0,0.0,1.0,,1,0,0.0,0.0,2,2.0,0.0,2,0.0,2.0,2,2.0,0.0
157,13,1,BRA1-1,1,,11,4,2,5,0.4545454545,,Perri & Maristela,Co-Ed,Sandro & Daniel,All-Male,,7.5,3.0,6.0,0.2857142857,0.8333333333,0.5,0.3965517241,,3,28,8.0,20.0,18,15.0,3.0,30,15.0,15.0,58,23.0,35.0
158,13,2,BRA1-2,2,,10,3,2,5,0.4,,Jonatas & Rafael,All-Male,Narciso & Marcelo,All-Male,,6.666666667,5.0,5.0,0.3333333333,0.5625,0.6,0.3695652174,,3,21,7.0,14.0,16,9.0,7.0,25,15.0,10.0,46,17.0,29.0
159,13,3,BRA1-3,3,,9,2,2,5,0.3333333333,,Carlos & Eduardo,All-Male,Jonatas & Rafael,All-Male,,5.0,4.5,5.2,0.5,0.5714285714,0.45,0.5294117647,,3,14,7.0,7.0,14,8.0,6.0,20,9.0,11.0,34,18.0,16.0
160,13,4,BRA1-4,4,,9,2,2,5,0.3333333333,,Jonatas & Rafael,All-Male,Carlos & Eduardo,All-Male,,5.0,5.5,4.8,0.5,0.4285714286,0.55,0.4705882353,,3,14,7.0,7.0,14,6.0,8.0,20,11.0,9.0,34,16.0,18.0
161,13,5,BRA1-5,5,,8,1,2,5,0.25,,Andréa & Luciana,All-Female,Mari Lice & Tâmisa,All-Female,,2.0,4.0,5.2,0.8571428571,0.5833333333,0.2666666667,0.7727272727,,3,7,6.0,1.0,12,7.0,5.0,15,4.0,11.0,22,17.0,5.0
162,13,6,BRA1-6,6,,7,1,2,4,0.2857142857,,Perri & Maristela,Co-Ed,Andréa & Luciana,All-Female,,2.0,3.0,5.0,0.8333333333,0.7,0.1666666667,0.8333333333,,3,6,5.0,1.0,10,7.0,3.0,12,2.0,10.0,18,15.0,3.0
163,13,7,BRA1-7,7,,7,1,2,4,0.2857142857,,Perri & Maristela,Co-Ed,Milene & Jaqueline,All-Female,,4.0,2.0,5.0,0.5,0.9,0.1666666667,0.7222222222,,3,6,3.0,3.0,10,9.0,1.0,12,2.0,10.0,18,13.0,5.0
164,13,8,BRA1-8,8,,6,1,2,3,0.3333333333,,Débora & Daniela,All-Female,Andréa & Luciana,All-Female,,2.0,4.5,3.333333333,0.8,0.25,0.5555555556,0.5714285714,,3,5,4.0,1.0,8,2.0,6.0,9,5.0,4.0,14,8.0,6.0
165,13,9,BRA1-9,9,,5,1,2,2,0.4,,Perri & Maristela,Co-Ed,Débora & Daniela,All-Female,,3.0,1.5,4.5,0.5,1.0,0.0,0.8,,3,4,2.0,2.0,6,6.0,0.0,6,0.0,6.0,10,8.0,2.0
166,13,10,BRA1-10,10,,5,1,2,2,0.4,,Jorge & Silvia,Co-Ed,Débora & Daniela,All-Female,,4.0,1.5,4.0,0.25,1.0,0.1666666667,0.6,,3,4,1.0,3.0,6,6.0,0.0,6,1.0,5.0,10,6.0,4.0
167,13,11,BRA1-11,11,,4,1,2,1,0.5,,Patrícia & Sane,All-Female,Jorge & Silvia,Co-Ed,,3.0,3.0,1.0,0.3333333333,0.25,1.0,0.1666666667,,3,3,1.0,2.0,4,1.0,3.0,3,3.0,0.0,6,1.0,5.0
168,13,12,BRA1-12,12,,4,1,2,1,0.5,,Perri & Maristela,Co-Ed,Jorge & Silvia,Co-Ed,,3.0,2.5,2.0,0.3333333333,0.5,0.6666666667,0.3333333333,,3,3,1.0,2.0,4,2.0,2.0,3,2.0,1.0,6,2.0,4.0
169,13,13,BRA1-13,13,,3,1,1,1,0.5,,Patrícia & Sane,All-Female,Perri & Maristela,Co-Ed,,2.0,3.0,1.0,0.5,0.0,1.0,0.25,,3,2,1.0,1.0,2,0.0,2.0,2,2.0,0.0,4,1.0,3.0
170,14,1,USA12-1,1,,11,1,8,2,0.4545454545,,Azaria & Hendekea,Co-Ed,Ari & Staella,Co-Ed,,5.0,5.75,7.5,0.6,0.5833333333,0.3333333333,0.6428571429,,1,10,6.0,4.0,24,14.0,10.0,18,6.0,12.0,28,18.0,10.0
171,14,2,USA12-2,2,,10,1,7,2,0.45,,Lorena & Jason,Co-Ed,Kate & Pat,Co-Ed,,8.0,5.285714286,5.0,0.2222222222,0.5714285714,0.5625,0.36,,1,9,2.0,7.0,21,12.0,9.0,16,9.0,7.0,25,9.0,16.0
172,14,3,USA12-3,3,,9,1,6,2,0.4444444444,,Azaria & Hendekea,Co-Ed,Marianna & Julia,All-Female,,6.0,3.833333333,8.0,0.375,0.8888888889,0.07142857143,0.7272727273,,1,8,3.0,5.0,18,16.0,2.0,14,1.0,13.0,22,16.0,6.0
173,14,4,USA12-4,4,,8,1,6,1,0.5,,Azaria & Hendekea,Co-Ed,Lorena & Jason,Co-Ed,,4.0,4.333333333,6.0,0.5714285714,0.5833333333,0.2857142857,0.6428571429,,1,7,4.0,3.0,12,7.0,5.0,7,2.0,5.0,14,9.0,5.0
174,14,5,USA12-5,5,,7,1,5,1,0.5,,TK & Rachel,Co-Ed,Shana & Jennifer,All-Female,,6.0,3.0,7.0,0.1666666667,1.0,0.0,0.5833333333,,1,6,1.0,5.0,10,10.0,0.0,6,0.0,6.0,12,7.0,5.0
175,14,6,USA12-6,6,,6,1,5,0,0.5833333333,,Ronald & Christina,Co-Ed,Azaria & Hendekea,Co-Ed,,5.0,3.2,,0.2,0.8,,0.2,,1,5,1.0,4.0,5,4.0,1.0,0,0.0,0.0,5,1.0,4.0
176,14,7,USA12-7,7,,5,1,4,0,0.6,,Nicolas & Donald,All-Male,Kynt & Vyxsin,Co-Ed,,1.0,3.5,,1.0,0.0,,1.0,,1,4,4.0,0.0,4,0.0,4.0,0,0.0,0.0,4,4.0,0.0
177,14,8,USA12-8,8,,5,1,4,0,0.6,,TK & Rachel,Co-Ed,Kynt & Vyxsin,Co-Ed,,2.0,3.25,,0.75,0.25,,0.75,,1,4,3.0,1.0,4,1.0,3.0,0,0.0,0.0,4,3.0,1.0
178,14,9,USA12-9,9,,4,1,3,0,0.625,,Ronald & Christina,Co-Ed,TK & Rachel,Co-Ed,,3.0,2.333333333,,0.3333333333,0.6666666667,,0.3333333333,,1,3,1.0,2.0,3,2.0,1.0,0,0.0,0.0,3,1.0,2.0
179,14,10,USA12-10,10,,4,1,3,0,0.625,,Ronald & Christina,Co-Ed,Nathan & Jennifer,Co-Ed,,3.0,2.333333333,,0.3333333333,0.6666666667,,0.3333333333,,1,3,1.0,2.0,3,2.0,1.0,0,0.0,0.0,3,1.0,2.0
180,14,11,USA12-11,11,,3,1,2,0,0.6666666667,,TK & Rachel,Co-Ed,Nicolas & Donald,All-Male,,3.0,1.5,,0.0,1.0,,0.0,,1,2,0.0,2.0,2,2.0,0.0,0,0.0,0.0,2,0.0,2.0
181,15,1,ASI2-1,1,,10,3,3,4,0.45,,Pamela & Vanessa,All-Female,Edwin & Monica,Co-Ed,,4.333333333,9.0,3.75,0.6666666667,0.0,0.7916666667,0.4222222222,,2,21,14.0,7.0,21,0.0,21.0,24,19.0,5.0,45,19.0,26.0
182,15,2,ASI2-2,2,,10,3,3,4,0.45,,Marc & Rovilson,All-Male,Edwin & Monica,Co-Ed,,4.0,9.0,4.0,0.7142857143,0.0,0.75,0.4666666667,,2,21,15.0,6.0,21,0.0,21.0,24,18.0,6.0,45,21.0,24.0
183,15,3,ASI2-3,3,,9,3,2,4,0.4444444444,,Marc & Rovilson,All-Male,Kinaryosih & Brett,All-Male,,4.0,5.5,5.5,0.6666666667,0.4285714286,0.4,0.6315789474,,2,18,12.0,6.0,14,6.0,8.0,20,8.0,12.0,38,24.0,14.0
184,15,4,ASI2-4,4,,8,2,2,4,0.375,,Marc & Rovilson,All-Male,Sophie & Aurelia,All-Female,,1.5,6.0,5.25,1.0,0.25,0.3125,0.8214285714,,2,12,12.0,0.0,12,3.0,9.0,16,5.0,11.0,28,23.0,5.0
185,15,5A,ASI2-5A,5,,7,2,2,3,0.4285714286,,Diane & Ann,All-Female,Pamela & Vanessa,All-Female,,2.5,5.5,4.0,0.8,0.2,0.5,0.6363636364,,2,10,8.0,2.0,10,2.0,8.0,12,6.0,6.0,22,14.0,8.0
186,15,5B,ASI2-5B,6,,7,2,2,3,0.4285714286,,Marc & Rovilson,All-Male,Daichi & Sawaka,Co-Ed,,1.5,5.0,5.0,1.0,0.3,0.25,0.8636363636,,2,10,10.0,0.0,10,3.0,7.0,12,3.0,9.0,22,19.0,3.0
187,15,6,ASI2-6,7,,6,2,1,3,0.4166666667,,Marc & Rovilson,All-Male,Terri & Henry,Co-Ed,,1.5,6.0,4.0,1.0,0.0,0.3333333333,0.8235294118,,2,8,8.0,0.0,5,0.0,5.0,9,3.0,6.0,17,14.0,3.0
188,15,7,ASI2-7,8,,6,2,1,3,0.4166666667,,Marc & Rovilson,All-Male,Terri & Henry,Co-Ed,,1.5,6.0,4.0,1.0,0.0,0.3333333333,0.8235294118,,2,8,8.0,0.0,5,0.0,5.0,9,3.0,6.0,17,14.0,3.0
189,15,8,ASI2-8,9,,6,2,1,3,0.4166666667,,Marc & Rovilson,All-Male,Terri & Henry,Co-Ed,,1.5,6.0,4.0,1.0,0.0,0.3333333333,0.8235294118,,2,8,8.0,0.0,5,0.0,5.0,9,3.0,6.0,17,14.0,3.0
190,15,9,ASI2-9,10,,5,2,0,3,0.4,,Adrian & Collin,All-Male,Natasha & Paula,All-Female,,1.5,,4.0,1.0,,0.0,1.0,,2,6,6.0,0.0,0,0.0,0.0,6,0.0,6.0,12,12.0,0.0
191,15,10,ASI2-10,11,,5,2,0,3,0.4,,Adrian & Collin,All-Male,Natasha & Paula,All-Female,,1.5,,4.0,1.0,,0.0,1.0,,2,6,6.0,0.0,0,0.0,0.0,6,0.0,6.0,12,12.0,0.0
192,15,11,ASI2-11,12,,4,2,0,2,0.5,,Marc & Rovilson,All-Male,Diane & Ann,All-Female,,1.5,,3.5,1.0,,0.0,1.0,,2,4,4.0,0.0,0,0.0,0.0,4,0.0,4.0,8,8.0,0.0
193,15,12,ASI2-12,13,,3,2,0,1,0.6666666667,,Adrian & Collin,All-Male,Marc & Rovilson,All-Male,,2.0,,2.0,0.5,,0.5,0.5,,2,2,1.0,1.0,0,0.0,0.0,2,1.0,1.0,4,2.0,2.0
194,16,1,ASI3-1,1,,10,3,4,3,0.5,,Mai & Oliver,Co-Ed,Neena & Amit,Co-Ed,,7.333333333,4.0,5.666666667,0.2380952381,0.75,0.4761904762,0.380952381,,2,21,5.0,16.0,24,18.0,6.0,21,10.0,11.0,42,16.0,26.0
195,16,2,ASI3-2,2,,9,3,3,3,0.5,,Henry & Bernie,Co-Ed,Isaac & William,All-Male,,5.333333333,4.666666667,5.0,0.4444444444,0.5555555556,0.5,0.4722222222,,2,18,8.0,10.0,18,10.0,8.0,18,9.0,9.0,36,17.0,19.0
196,16,3,ASI3-3,3,,8,2,3,3,0.4375,,Henry & Bernie,Co-Ed,Pailin & Natalie,All-Female,,4.5,4.0,5.0,0.5,0.6,0.4,0.5555555556,,2,12,6.0,6.0,15,9.0,6.0,15,6.0,9.0,27,15.0,12.0
197,16,4,ASI3-4,4,,7,2,3,2,0.5,,Ida & Tania,All-Female,Niroo & Kapil,All-Male,,4.5,4.333333333,3.0,0.4,0.4166666667,0.7,0.35,,2,10,4.0,6.0,12,5.0,7.0,10,7.0,3.0,20,7.0,13.0
198,16,5,ASI3-5,5,,6,1,3,2,0.4166666667,,Vince & Sam,All-Male,Mai & Oliver,Co-Ed,,1.0,4.0,4.0,1.0,0.3333333333,0.375,0.7692307692,,2,5,5.0,0.0,9,3.0,6.0,8,3.0,5.0,13,10.0,3.0
199,16,6,ASI3-6,6,,5,1,2,2,0.4,,Vince & Sam,All-Male,Ida & Tania,All-Female,,1.0,2.5,4.5,1.0,0.6666666667,0.0,1.0,,2,4,4.0,0.0,6,4.0,2.0,6,0.0,6.0,10,10.0,0.0
200,16,7,ASI3-7,7,,5,1,2,2,0.4,,Geoff & Tisha,Co-Ed,Ida & Tania,All-Female,,2.0,2.5,4.0,0.75,0.6666666667,0.1666666667,0.8,,2,4,3.0,1.0,6,4.0,2.0,6,1.0,5.0,10,8.0,2.0
201,16,8,ASI3-8,8,,5,1,2,2,0.4,,Geoff & Tisha,Co-Ed,Henry & Bernie,Co-Ed,,4.0,3.0,2.5,0.25,0.5,0.6666666667,0.3,,2,4,1.0,3.0,6,3.0,3.0,6,4.0,2.0,10,3.0,7.0
202,16,9,ASI3-9,9,,4,1,1,2,0.375,,Vince & Sam,All-Male,A.D. & Fuzzie,All-Female,,1.0,3.0,3.0,1.0,0.3333333333,0.25,0.8571428571,,2,3,3.0,0.0,3,1.0,2.0,4,1.0,3.0,7,6.0,1.0
203,16,10,ASI3-10,10,,4,1,1,2,0.375,,Ida & Tania,All-Female,A.D. & Fuzzie,All-Female,,3.0,2.0,2.5,0.3333333333,0.6666666667,0.5,0.4285714286,,2,3,1.0,2.0,3,2.0,1.0,4,2.0,2.0,7,3.0,4.0
204,16,11,ASI3-11,11,,3,1,1,1,0.5,,Vince & Sam,All-Male,Ida & Tania,All-Female,,1.0,2.0,3.0,1.0,0.5,0.0,1.0,,2,2,2.0,0.0,2,1.0,1.0,2,0.0,2.0,4,4.0,0.0
205,17,1,USA13-1,1,,11,2,7,2,0.5,,Nick & Starr,Co-Ed,Anita & Arthur,Co-Ed,,5.5,5.714285714,7.5,0.5555555556,0.5714285714,0.3333333333,0.6111111111,,1,18,10.0,8.0,28,16.0,12.0,18,6.0,12.0,36,22.0,14.0
206,17,2,USA13-2,2,,10,2,6,2,0.5,,Ken & Tina,Co-Ed,Anthony & Stephanie,Co-Ed,,5.0,4.833333333,8.0,0.5625,0.6666666667,0.1875,0.6875,,1,16,9.0,7.0,24,16.0,8.0,16,3.0,13.0,32,22.0,10.0
207,17,3,USA13-3,3,,9,2,5,2,0.5,,Ken & Tina,Co-Ed,Mark & Bill,All-Male,,8.0,3.4,6.0,0.07142857143,0.9,0.3571428571,0.3571428571,,1,14,1.0,13.0,20,18.0,2.0,14,5.0,9.0,28,10.0,18.0
208,17,4,USA13-4,4,,8,1,5,2,0.4375,,Ken & Tina,Co-Ed,Marisa & Brooke,All-Female,,6.0,3.8,5.5,0.2857142857,0.7333333333,0.3333333333,0.5263157895,,1,7,2.0,5.0,15,11.0,4.0,12,4.0,8.0,19,10.0,9.0
209,17,5,USA13-5,5,,7,1,5,1,0.5,,Nick & Starr,Co-Ed,Aja & Ty,Co-Ed,,6.0,3.6,4.0,0.1666666667,0.7,0.5,0.3333333333,,1,6,1.0,5.0,10,7.0,3.0,6,3.0,3.0,12,4.0,8.0
210,17,6,USA13-6,6,,6,1,4,1,0.5,,Nick & Starr,Co-Ed,Ken & Tina,Co-Ed,,5.0,3.5,2.0,0.2,0.5,0.8,0.2,,1,5,1.0,4.0,8,4.0,4.0,5,4.0,1.0,10,2.0,8.0
211,17,7,USA13-7,7,,6,1,4,1,0.5,,Nick & Starr,Co-Ed,Kelly & Christy,All-Female,,5.0,2.5,6.0,0.2,1.0,0.0,0.6,,1,5,1.0,4.0,8,8.0,0.0,5,0.0,5.0,10,6.0,4.0
212,17,8,USA13-8,8,,5,1,4,0,0.6,,Nick & Starr,Co-Ed,Terence & Sarah,Co-Ed,,4.0,2.75,,0.25,0.75,,0.25,,1,4,1.0,3.0,4,3.0,1.0,0,0.0,0.0,4,1.0,3.0
213,17,9,USA13-9,9,,4,1,3,0,0.625,,Toni & Dallas,Co-Ed,Andrew & Dan,All-Male,,4.0,2.0,,0.0,1.0,,0.0,,1,3,0.0,3.0,3,3.0,0.0,0,0.0,0.0,3,0.0,3.0
214,17,10,USA13-10,10,,4,1,3,0,0.625,,Nick & Starr,Co-Ed,Toni & Dallas,Co-Ed,,2.0,2.666666667,,0.6666666667,0.3333333333,,0.6666666667,,1,3,2.0,1.0,3,1.0,2.0,0,0.0,0.0,3,2.0,1.0
215,17,11,USA13-11,11,,3,1,2,0,0.6666666667,,Nick & Starr,Co-Ed,Andrew & Dan,All-Male,,3.0,1.5,,0.0,1.0,,0.0,,1,2,0.0,2.0,2,2.0,0.0,0,0.0,0.0,2,0.0,2.0
216,18,1,ISR1-1,1,,10,2,4,4,0.4,,Maya & Amichay,Co-Ed,Maor & Asher,All-Male,,8.5,4.25,5.25,0.125,0.7083333333,0.5416666667,0.325,,4,16,2.0,14.0,24,17.0,7.0,24,13.0,11.0,40,13.0,27.0
217,18,2,ISR1-2,2,,10,2,4,4,0.4,,Maya & Amichay,Co-Ed,Liran & Elena,All-Female,,4.5,3.25,8.25,0.625,0.875,0.04166666667,0.825,,4,16,10.0,6.0,24,21.0,3.0,24,1.0,23.0,40,33.0,7.0
218,18,3,ISR1-3,3,,9,2,4,3,0.4444444444,,Hannah & Margalit,All-Female,Maor & Asher,All-Male,,5.5,5.0,4.666666667,0.4285714286,0.5,0.5555555556,0.4375,,4,14,6.0,8.0,20,10.0,10.0,18,10.0,8.0,32,14.0,18.0
219,18,4,ISR1-4,4,,8,1,4,3,0.375,,Maya & Amichay,Co-Ed,Alen & Inbal,Co-Ed,,5.0,3.75,5.333333333,0.4285714286,0.6875,0.3333333333,0.5909090909,,4,7,3.0,4.0,16,11.0,5.0,15,5.0,10.0,22,13.0,9.0
220,18,5,ISR1-5,5,,7,1,3,3,0.3571428571,,Maya & Amichay,Co-Ed,Hannah & Margalit,All-Female,,4.0,3.0,5.0,0.5,0.75,0.25,0.6666666667,,4,6,3.0,3.0,12,9.0,3.0,12,3.0,9.0,18,12.0,6.0
221,18,6,ISR1-6,6,,6,1,3,2,0.4166666667,,Shay & Guy,All-Male,Eliana & Yael,All-Female,,1.0,3.333333333,5.0,1.0,0.5555555556,0.125,0.9230769231,,4,5,5.0,0.0,9,5.0,4.0,8,1.0,7.0,13,12.0,1.0
222,18,7,ISR1-7,7,,5,1,3,1,0.5,,Shay & Guy,All-Male,Hadas & Inbal,All-Female,,1.0,3.0,5.0,1.0,0.5,0.0,1.0,,4,4,4.0,0.0,6,3.0,3.0,4,0.0,4.0,8,8.0,0.0
223,18,8,ISR1-8,8,,5,1,3,1,0.5,,Michal & Ran,Co-Ed,Hadas & Inbal,All-Female,,2.0,2.666666667,5.0,0.75,0.6666666667,0.0,0.875,,4,4,3.0,1.0,6,4.0,2.0,4,0.0,4.0,8,7.0,1.0
224,18,9,ISR1-9,9,,4,1,3,0,0.625,,Tom & Gil,Co-Ed,Michal & Ran,Co-Ed,,2.0,2.666666667,,0.6666666667,0.3333333333,,0.6666666667,,4,3,2.0,1.0,3,1.0,2.0,0,0.0,0.0,3,2.0,1.0
225,18,10,ISR1-10,10,,3,1,2,0,0.6666666667,,Shay & Guy,All-Male,Tom & Gil,Co-Ed,,1.0,2.5,,1.0,0.0,,1.0,,4,2,2.0,0.0,2,0.0,2.0,0,0.0,0.0,2,2.0,0.0
226,19,1,USA14-1,1,,11,2,6,3,0.4545454545,,Margie & Luke,Co-Ed,Preston & Jennifer,Co-Ed,,3.5,5.666666667,8.333333333,0.7777777778,0.5666666667,0.2083333333,0.7857142857,,1,18,14.0,4.0,30,17.0,13.0,24,5.0,19.0,42,33.0,9.0
227,19,2,USA14-2,2,,10,2,5,3,0.45,,Tammy & Victor,Co-Ed,Steve & Linda,Co-Ed,,5.0,4.6,7.333333333,0.5625,0.68,0.2380952381,0.6756756757,,1,16,9.0,7.0,25,17.0,8.0,21,5.0,16.0,37,25.0,12.0
228,19,3,USA14-3,3,,9,2,4,3,0.4444444444,,Mel & Mike,All-Male,Brad & Victoria,Co-Ed,,3.0,5.75,5.333333333,0.7857142857,0.35,0.4444444444,0.65625,,1,14,11.0,3.0,20,7.0,13.0,18,8.0,10.0,32,21.0,11.0
229,19,4,USA14-4,4,,8,2,3,3,0.4375,,Christie & Jodi,All-Female,Amanda & Kris,Co-Ed,,6.5,5.0,2.666666667,0.1666666667,0.4,0.8666666667,0.1481481481,,1,12,2.0,10.0,15,6.0,9.0,15,13.0,2.0,27,4.0,23.0
230,19,5,USA14-5,5,,7,2,2,3,0.4285714286,,Margie & Luke,Co-Ed,Christie & Jodi,All-Female,,4.5,1.5,5.333333333,0.4,1.0,0.1666666667,0.6363636364,,1,10,4.0,6.0,10,10.0,0.0,12,2.0,10.0,22,14.0,8.0
231,19,6,USA14-6,6,,7,2,2,3,0.4285714286,,Tammy & Victor,Co-Ed,Christie & Jodi,All-Female,,4.0,2.5,5.0,0.5,0.8,0.25,0.6363636364,,1,10,5.0,5.0,10,8.0,2.0,12,3.0,9.0,22,14.0,8.0
232,19,7,USA14-7,7,,6,2,2,2,0.5,,Tammy & Victor,Co-Ed,Mel & Mike,All-Male,,4.5,2.5,3.5,0.25,0.75,0.5,0.375,,1,8,2.0,6.0,8,6.0,2.0,8,4.0,4.0,16,6.0,10.0
233,19,8,USA14-8,8,,5,1,2,2,0.4,,Margie & Luke,Co-Ed,Mark & Michael,All-Male,,5.0,2.0,3.0,0.0,0.8333333333,0.5,0.3,,1,4,0.0,4.0,6,5.0,1.0,6,3.0,3.0,10,3.0,7.0
234,19,9,USA14-9,9,,5,1,2,2,0.4,,Kisha & Jen,All-Female,Mark & Michael,All-Male,,5.0,2.5,2.5,0.0,0.6666666667,0.6666666667,0.2,,1,4,0.0,4.0,6,4.0,2.0,6,4.0,2.0,10,2.0,8.0
235,19,10A,USA14-10A,10,,4,0,2,2,0.25,,Jaime & Cara,All-Female,Kisha & Jen,All-Female,,,2.5,2.5,,0.5,0.5,0.5,,1,0,0.0,0.0,4,2.0,2.0,4,2.0,2.0,4,2.0,2.0
236,19,10B,USA14-10B,11,,4,0,2,2,0.25,,Tammy & Victor,Co-Ed,Kisha & Jen,All-Female,,,1.5,3.5,,1.0,0.0,1.0,,1,0,0.0,0.0,4,4.0,0.0,4,0.0,4.0,4,4.0,0.0
237,19,11,USA14-11,12,,3,0,2,1,0.3333333333,,Tammy & Victor,Co-Ed,Margie & Luke,Co-Ed,,,2.0,2.0,,0.5,0.5,0.5,,1,0,0.0,0.0,2,1.0,1.0,2,1.0,1.0,2,1.0,1.0
238,20,1,LAM1-1,1,,11,4,5,2,0.5909090909,,Matías & Tamara,Co-Ed,Nora & Ariel,Co-Ed,,5.75,6.0,6.5,0.5357142857,0.5,0.4444444444,0.5434782609,,5,28,15.0,13.0,30,15.0,15.0,18,8.0,10.0,46,25.0,21.0
239,20,2,LAM1-2,2,,11,4,5,2,0.5909090909,,Matías & Tamara,Co-Ed,Nora & Ariel,Co-Ed,,6.0,6.6,4.5,0.5,0.4,0.6666666667,0.4347826087,,5,28,14.0,14.0,30,12.0,18.0,18,12.0,6.0,46,20.0,26.0
240,20,3,LAM1-3,3,,10,4,4,2,0.6,,Casilda & Casilda,All-Female,Guillermo & Gabriel,All-Male,,6.25,5.25,4.5,0.375,0.5416666667,0.625,0.375,,5,24,9.0,15.0,24,13.0,11.0,16,10.0,6.0,40,15.0,25.0
241,20,4,LAM1-4,4,,9,3,4,2,0.5555555556,,Daniel & David,All-Male,Ricardo & Adriana,Co-Ed,,4.333333333,6.0,4.0,0.6111111111,0.3,0.6428571429,0.5,,5,18,11.0,7.0,20,6.0,14.0,14,9.0,5.0,32,16.0,16.0
242,20,5,LAM1-5,5,,8,3,3,2,0.5625,,Rodrigo & Anna,Co-Ed,Mario & Melissa,Co-Ed,,4.666666667,3.666666667,5.5,0.4666666667,0.6666666667,0.3333333333,0.5555555556,,5,15,7.0,8.0,15,10.0,5.0,12,4.0,8.0,27,15.0,12.0
243,20,6,LAM1-6,6,,7,3,2,2,0.5714285714,,Ferna & Fran,All-Female,Casilda & Casilda,All-Female,,4.333333333,3.5,4.0,0.4166666667,0.6,0.5,0.4545454545,,5,12,5.0,7.0,10,6.0,4.0,10,5.0,5.0,22,10.0,12.0
244,20,7,LAM1-7,7,,7,3,2,2,0.5714285714,,Matías & Tamara,Co-Ed,Diego & Miguel,All-Male,,5.333333333,2.0,4.0,0.1666666667,0.9,0.5,0.3181818182,,5,12,2.0,10.0,10,9.0,1.0,10,5.0,5.0,22,7.0,15.0
245,20,8,LAM1-8,8,,6,2,2,2,0.5,,Ferna & Fran,All-Female,Casilda & Casilda,All-Female,,4.0,3.0,3.5,0.375,0.625,0.5,0.4375,,5,8,3.0,5.0,8,5.0,3.0,8,4.0,4.0,16,7.0,9.0
246,20,9,LAM1-9,9,,5,2,2,1,0.6,,Daniel & Carlos,All-Male,Rodrigo & Anna,Co-Ed,,2.0,4.5,2.0,0.8333333333,0.0,0.75,0.6,,5,6,5.0,1.0,6,0.0,6.0,4,3.0,1.0,10,6.0,4.0
247,20,10,LAM1-10,10,,4,2,1,1,0.625,,Ferna & Fran,All-Female,Matías & Tamara,Co-Ed,,2.0,4.0,1.0,0.5,0.0,1.0,0.2857142857,,5,4,2.0,2.0,3,0.0,3.0,3,3.0,0.0,7,2.0,5.0
248,20,11,LAM1-11,11,,4,2,1,1,0.625,,Ferna & Fran,All-Female,Daniel & Carlos,All-Male,,3.0,3.0,1.0,0.25,0.3333333333,1.0,0.1428571429,,5,4,1.0,3.0,3,1.0,2.0,3,3.0,0.0,7,1.0,6.0
249,20,12A,LAM1-12A,12,,3,1,1,1,0.5,,Daniel & David,All-Male,Matías & Tamara,Co-Ed,,1.0,3.0,2.0,1.0,0.0,0.5,0.75,,5,2,2.0,0.0,2,0.0,2.0,2,1.0,1.0,4,3.0,1.0
250,20,12B,LAM1-12B,13,,3,1,1,1,0.5,,Matías & Tamara,Co-Ed,Ferna & Fran,All-Female,,2.0,1.0,3.0,0.5,1.0,0.0,0.75,,5,2,1.0,1.0,2,2.0,0.0,2,0.0,2.0,4,3.0,1.0
251,21,1,USA15-1,1,,12,4,7,1,0.625,,Meghan & Cheyne,Co-Ed,Eric & Lisa,Co-Ed,,5.75,6.285714286,11.0,0.59375,0.5428571429,0.09090909091,0.6744186047,,1,32,19.0,13.0,35,19.0,16.0,11,1.0,10.0,43,29.0,14.0
252,21,2,USA15-2,2,,11,4,6,1,0.6363636364,,Gary & Matt,All-Male,Garrett & Jessica,Co-Ed,,2.75,8.0,7.0,0.9642857143,0.1,0.4,0.8684210526,,1,28,27.0,1.0,30,3.0,27.0,10,4.0,6.0,38,33.0,5.0
253,21,3,USA15-3,3,,10,4,5,1,0.65,,Flight Time & Big Easy,All-Male,Marcy & Ron,Co-Ed,,4.25,6.4,6.0,0.7083333333,0.32,0.4444444444,0.6666666667,,1,24,17.0,7.0,25,8.0,17.0,9,4.0,5.0,33,22.0,11.0
254,21,4,USA15-4,4,,9,4,4,1,0.6666666667,,Sam & Dan,All-Male,Zev & Justin,All-Male,,4.0,5.25,8.0,0.7,0.45,0.125,0.75,,1,20,14.0,6.0,20,9.0,11.0,8,1.0,7.0,28,21.0,7.0
255,21,5,USA15-5,5,,8,3,4,1,0.625,,Meghan & Cheyne,Co-Ed,Lance & Keri,Co-Ed,,4.0,4.5,6.0,0.6,0.5,0.2857142857,0.6363636364,,1,15,9.0,6.0,16,8.0,8.0,7,2.0,5.0,22,14.0,8.0
256,21,6,USA15-6,6,,7,3,3,1,0.6428571429,,Meghan & Cheyne,Co-Ed,Mika & Canaan,Co-Ed,,4.666666667,4.0,2.0,0.3333333333,0.5,0.8333333333,0.2777777778,,1,12,4.0,8.0,12,6.0,6.0,6,5.0,1.0,18,5.0,13.0
257,21,7,USA15-7,7,,6,3,2,1,0.6666666667,,Sam & Dan,All-Male,Maria & Tiffany,All-Female,,2.666666667,3.5,6.0,0.7777777778,0.5,0.0,0.8571428571,,1,9,7.0,2.0,8,4.0,4.0,5,0.0,5.0,14,12.0,2.0
258,21,8,USA15-8,8,,5,3,2,0,0.8,,Flight Time & Big Easy,All-Male,Gary & Matt,All-Male,,3.333333333,2.5,,0.3333333333,0.6666666667,,0.3333333333,,1,6,2.0,4.0,6,4.0,2.0,0,0.0,0.0,6,2.0,4.0
259,21,9,USA15-9,9,,5,3,2,0,0.8,,Meghan & Cheyne,Co-Ed,Gary & Matt,All-Male,,3.333333333,2.5,,0.3333333333,0.6666666667,,0.3333333333,,1,6,2.0,4.0,6,4.0,2.0,0,0.0,0.0,6,2.0,4.0
260,21,10,USA15-10,10,,4,2,2,0,0.75,,Meghan & Cheyne,Co-Ed,Brian & Ericka,Co-Ed,,2.5,2.5,,0.5,0.5,,0.5,,1,4,2.0,2.0,4,2.0,2.0,0,0.0,0.0,4,2.0,2.0
261,21,11,USA15-11,11,,4,2,2,0,0.75,,Meghan & Cheyne,Co-Ed,Flight Time & Big Easy,All-Male,,3.0,2.0,,0.25,0.75,,0.25,,1,4,1.0,3.0,4,3.0,1.0,0,0.0,0.0,4,1.0,3.0
262,21,12,USA15-12,12,,3,1,2,0,0.6666666667,,Meghan & Cheyne,Co-Ed,Brian & Ericka,Co-Ed,,2.0,2.0,,0.5,0.5,,0.5,,1,2,1.0,1.0,2,1.0,1.0,0,0.0,0.0,2,1.0,1.0
263,22,1,USA16-1,1,,11,3,5,3,0.5,,Jordan & Jeff,Co-Ed,Dana & Adrian,Co-Ed,,6.666666667,5.6,6.0,0.4166666667,0.5666666667,0.5,0.4583333333,,1,24,10.0,14.0,30,17.0,13.0,24,12.0,12.0,48,22.0,26.0
264,22,2,USA16-2,2,,10,3,4,3,0.5,,Jet & Cord,All-Male,Jody & Shannon,All-Female,,6.0,4.75,6.0,0.4285714286,0.625,0.4285714286,0.5,,1,21,9.0,12.0,24,15.0,9.0,21,9.0,12.0,42,21.0,21.0
265,22,3,USA16-3,3,,9,3,4,2,0.5555555556,,Jet & Cord,All-Male,Monique & Shawne,All-Female,,5.0,4.5,6.0,0.5,0.6,0.3571428571,0.5625,,1,18,9.0,9.0,20,12.0,8.0,14,5.0,9.0,32,18.0,14.0
266,22,4,USA16-4,4,,8,3,4,1,0.625,,Louie & Michael,All-Male,Jordan & Jeff,Co-Ed,,3.666666667,5.0,5.0,0.6666666667,0.375,0.4285714286,0.6363636364,,1,15,10.0,5.0,16,6.0,10.0,7,3.0,4.0,22,14.0,8.0
267,22,5,USA16-5,5,,8,3,4,1,0.625,,Louie & Michael,All-Male,Joe & Heidi,Co-Ed,,2.666666667,5.75,5.0,0.8666666667,0.1875,0.4285714286,0.7727272727,,1,15,13.0,2.0,16,3.0,13.0,7,3.0,4.0,22,17.0,5.0
268,22,6,USA16-6,6,,7,3,3,1,0.6428571429,,Louie & Michael,All-Male,Jordan & Jeff,Co-Ed,,3.333333333,5.333333333,2.0,0.6666666667,0.1666666667,0.8333333333,0.5,,1,12,8.0,4.0,12,2.0,10.0,6,5.0,1.0,18,9.0,9.0
269,22,7,USA16-7,7,,6,3,2,1,0.6666666667,,Steve & Allie,Co-Ed,Jet & Cord,All-Male,,4.0,2.0,5.0,0.3333333333,0.875,0.2,0.5,,1,9,3.0,6.0,8,7.0,1.0,5,1.0,4.0,14,7.0,7.0
270,22,8,USA16-8,8,,6,3,2,1,0.6666666667,,Jet & Cord,All-Male,Steve & Allie,Co-Ed,,3.0,5.0,2.0,0.6666666667,0.125,0.8,0.5,,1,9,6.0,3.0,8,1.0,7.0,5,4.0,1.0,14,7.0,7.0
271,22,9,USA16-9,9,,5,3,1,1,0.7,,Dan & Jordan,All-Male,Carol & Brandy,All-Female,,2.666666667,2.0,5.0,0.6666666667,0.75,0.0,0.8,,1,6,4.0,2.0,4,3.0,1.0,4,0.0,4.0,10,8.0,2.0
272,22,10,USA16-10,10,,4,3,1,0,0.875,,Jet & Cord,All-Male,Louie & Michael,All-Male,,2.666666667,2.0,,0.3333333333,0.6666666667,,0.3333333333,,1,3,1.0,2.0,3,2.0,1.0,0,0.0,0.0,3,1.0,2.0
273,22,11,USA16-11,11,,4,3,1,0,0.875,,Brent & Caite,Co-Ed,Louie & Michael,All-Male,,3.0,1.0,,0.0,1.0,,0.0,,1,3,0.0,3.0,3,3.0,0.0,0,0.0,0.0,3,0.0,3.0
274,22,12,USA16-12,12,,3,2,1,0,0.8333333333,,Dan & Jordan,All-Male,Brent & Caite,Co-Ed,,1.5,3.0,,1.0,0.0,,1.0,,1,2,2.0,0.0,2,0.0,2.0,0,0.0,0.0,2,2.0,0.0
275,23,1,CHR1-1,1,,10,4,3,3,0.55,,Charlie & Rachel,Co-Ed,Paul & Francis,All-Male,,7.5,3.0,5.333333333,0.1666666667,0.8571428571,0.5238095238,0.3111111111,,6,24,4.0,20.0,21,18.0,3.0,21,11.0,10.0,45,14.0,31.0
276,23,2,CHR1-2,2,,10,4,3,3,0.55,,Rick & Josh,All-Male,Paul & Francis,All-Male,,6.25,4.0,6.0,0.375,0.7142857143,0.4285714286,0.4666666667,,6,24,9.0,15.0,21,15.0,6.0,21,9.0,12.0,45,21.0,24.0
277,23,3,CHR1-3,3,,9,3,3,3,0.5,,Rick & Josh,All-Male,Hector & Miguel,All-Male,,5.0,4.0,6.0,0.5,0.6666666667,0.3333333333,0.5833333333,,6,18,9.0,9.0,18,12.0,6.0,18,6.0,12.0,36,21.0,15.0
278,23,4,CHR1-4,4,,8,2,3,3,0.4375,,Charlie & Rachel,Co-Ed,Janis & Aleksandra,Co-Ed,,3.5,3.666666667,6.0,0.6666666667,0.6666666667,0.2,0.7407407407,,6,12,8.0,4.0,15,10.0,5.0,15,3.0,12.0,27,20.0,7.0
279,23,5,CHR1-5,5,,7,2,2,3,0.4285714286,,Rick & Josh,All-Male,Bonnie & Mel,All-Female,,3.5,3.0,5.0,0.6,0.7,0.25,0.6818181818,,6,10,6.0,4.0,10,7.0,3.0,12,3.0,9.0,22,15.0,7.0
280,23,6,CHR1-6,6,,6,2,2,2,0.5,,Charlie & Rachel,Co-Ed,Sean & Amy,Co-Ed,,4.0,3.5,3.0,0.375,0.5,0.625,0.375,,6,8,3.0,5.0,8,4.0,4.0,8,5.0,3.0,16,6.0,10.0
281,23,7,CHR1-7,7,,5,2,1,2,0.5,,Rick & Josh,All-Male,Karen & Lisa,All-Female,,2.5,2.0,4.0,0.6666666667,0.75,0.1666666667,0.75,,6,6,4.0,2.0,4,3.0,1.0,6,1.0,5.0,12,9.0,3.0
282,23,8,CHR1-8,8,,5,2,1,2,0.5,,Charlie & Rachel,Co-Ed,Deepak & Naresh,All-Male,,4.0,1.0,3.0,0.1666666667,1.0,0.5,0.3333333333,,6,6,1.0,5.0,4,4.0,0.0,6,3.0,3.0,12,4.0,8.0
283,23,9,CHR1-9,9,,5,2,1,2,0.5,,Sarah & Molly,All-Female,Charlie & Rachel,Co-Ed,,3.0,5.0,2.0,0.5,0.0,0.8333333333,0.3333333333,,6,6,3.0,3.0,4,0.0,4.0,6,5.0,1.0,12,4.0,8.0
284,23,10,CHR1-10,10,,5,2,1,2,0.5,,Rick & Josh,All-Male,Sarah & Molly,All-Female,,2.0,4.0,3.5,0.8333333333,0.25,0.3333333333,0.75,,6,6,5.0,1.0,4,1.0,3.0,6,2.0,4.0,12,9.0,3.0
285,23,11,CHR1-11,11,,4,2,1,1,0.625,,Charlie & Rachel,Co-Ed,Karen & Lisa,All-Female,,2.5,1.0,4.0,0.5,1.0,0.0,0.7142857143,,6,4,2.0,2.0,3,3.0,0.0,3,0.0,3.0,7,5.0,2.0
286,23,12,CHR1-12,12,,3,2,1,0,0.8333333333,,Charlie & Rachel,Co-Ed,Deepak & Naresh,All-Male,,2.5,1.0,,0.0,1.0,,0.0,,6,2,0.0,2.0,2,2.0,0.0,0,0.0,0.0,2,0.0,2.0
287,24,1,ASI4-1,1,,10,3,3,4,0.45,,Ethan & Khairie,All-Male,Yani & Nadine,All-Female,,3.333333333,6.666666667,6.25,0.8095238095,0.3333333333,0.375,0.7111111111,,2,21,17.0,4.0,21,7.0,14.0,24,9.0,15.0,45,32.0,13.0
288,24,2,ASI4-2,2,,10,3,3,4,0.45,,Ivan & Hilda,Co-Ed,Yani & Nadine,All-Female,,3.666666667,5.333333333,7.0,0.7619047619,0.5238095238,0.25,0.7555555556,,2,21,16.0,5.0,21,11.0,10.0,24,6.0,18.0,45,34.0,11.0
289,24,3,ASI4-3,3,,9,3,3,3,0.5,,Dimple & Sunaina,All-Female,Alan & Wendy,Co-Ed,,6.333333333,4.666666667,4.0,0.2777777778,0.5555555556,0.6666666667,0.3055555556,,2,18,5.0,13.0,18,10.0,8.0,18,12.0,6.0,36,11.0,25.0
290,24,4,ASI4-4,4,,9,3,3,3,0.5,,Richard & Richard,All-Male,Alan & Wendy,Co-Ed,,4.0,6.666666667,4.333333333,0.6666666667,0.2222222222,0.6111111111,0.5277777778,,2,18,12.0,6.0,18,4.0,14.0,18,11.0,7.0,36,19.0,17.0
291,24,5,ASI4-5,5,,8,3,2,3,0.5,,Ethan & Khairie,All-Male,Sahil & Manas,All-Male,,3.666666667,6.5,4.0,0.6666666667,0.1666666667,0.6,0.5333333333,,2,15,10.0,5.0,12,2.0,10.0,15,9.0,6.0,30,16.0,14.0
292,24,6,ASI4-6,6,,7,2,2,3,0.4285714286,,Richard & Richard,All-Male,Ivan & Hilda,Co-Ed,,3.0,4.5,4.333333333,0.7,0.4,0.4166666667,0.6363636364,,2,10,7.0,3.0,10,4.0,6.0,12,5.0,7.0,22,14.0,8.0
293,24,7,ASI4-7,7,,6,2,1,3,0.4166666667,,Jess & Lani,All-Female,Hussein & Natasha,Co-Ed,,3.0,6.0,3.0,0.625,0.0,0.6666666667,0.4705882353,,2,8,5.0,3.0,5,0.0,5.0,9,6.0,3.0,17,8.0,9.0
294,24,8,ASI4-8,8,,6,2,1,3,0.4166666667,,Jess & Lani,All-Female,Dimple & Sunaina,All-Female,,2.5,5.0,3.666666667,0.75,0.2,0.4444444444,0.6470588235,,2,8,6.0,2.0,5,1.0,4.0,9,4.0,5.0,17,11.0,6.0
295,24,9,ASI4-9,9,,5,2,1,2,0.5,,Jess & Lani,All-Female,Ethan & Khairie,All-Male,,4.5,2.0,2.0,0.0,0.75,0.8333333333,0.08333333333,,2,6,0.0,6.0,4,3.0,1.0,6,5.0,1.0,12,1.0,11.0
296,24,10,ASI4-10,10,,4,1,1,2,0.375,,Hussein & Natasha,Co-Ed,Jess & Lani,All-Female,,2.0,1.0,3.5,0.6666666667,1.0,0.0,0.8571428571,,2,3,2.0,1.0,3,3.0,0.0,4,0.0,4.0,7,6.0,1.0
297,24,11,ASI4-11,11,,3,1,1,1,0.5,,Richard & Richard,All-Male,Hussein & Natasha,Co-Ed,,1.0,3.0,2.0,1.0,0.0,0.5,0.75,,2,2,2.0,0.0,2,0.0,2.0,2,1.0,1.0,4,3.0,1.0
298,25,1,USA17-1,1,,11,3,4,4,0.4545454545,,Jill & Thomas,Co-Ed,Ron & Tony,All-Male,,7.0,6.25,5.0,0.375,0.4642857143,0.6428571429,0.3653846154,,1,24,9.0,15.0,28,13.0,15.0,28,18.0,10.0,52,19.0,33.0
299,25,2,USA17-2,2,,10,2,4,4,0.4,,Brook & Claire,All-Female,Andie & Jenna,All-Female,,4.5,6.5,5.0,0.625,0.3333333333,0.5833333333,0.5,,1,16,10.0,6.0,24,8.0,16.0,24,14.0,10.0,40,20.0,20.0
300,25,3,USA17-3,3,,9,2,4,3,0.4444444444,,Connor & Jonathan,All-Male,Michael & Kevin,All-Male,,5.0,4.25,6.0,0.5,0.65,0.3333333333,0.59375,,1,14,7.0,7.0,20,13.0,7.0,18,6.0,12.0,32,19.0,13.0
301,25,4,USA17-4,4,,9,2,4,3,0.4444444444,,Nat & Kat,All-Female,Connor & Jonathan,All-Male,,6.5,5.0,4.0,0.2857142857,0.5,0.6666666667,0.3125,,1,14,4.0,10.0,20,10.0,10.0,18,12.0,6.0,32,10.0,22.0
302,25,5,USA17-5,5,,8,1,4,3,0.375,,Nat & Kat,All-Female,Katie & Rachel,All-Female,,4.0,4.5,4.666666667,0.5714285714,0.5,0.4666666667,0.5454545455,,1,7,4.0,3.0,16,8.0,8.0,15,7.0,8.0,22,12.0,10.0
303,25,6,USA17-6,6,,7,1,4,2,0.4285714286,,Jill & Thomas,Co-Ed,Nick & Vicki,Co-Ed,,3.0,4.75,3.0,0.6666666667,0.25,0.7,0.4375,,1,6,4.0,2.0,12,3.0,9.0,10,7.0,3.0,16,7.0,9.0
304,25,7,USA17-7,7,,7,1,4,2,0.4285714286,,Nat & Kat,All-Female,Michael & Kevin,All-Male,,7.0,4.5,1.5,0.0,0.3333333333,1.0,0.0,,1,6,0.0,6.0,12,4.0,8.0,10,10.0,0.0,16,0.0,16.0
305,25,8,USA17-8,8,,6,0,4,2,0.3333333333,,Chad & Stephanie,Co-Ed,Gary & Mallory,Co-Ed,,,3.0,4.5,,0.75,0.25,0.75,,1,0,0.0,0.0,8,6.0,2.0,8,2.0,6.0,8,6.0,2.0
306,25,9,USA17-9,9,,5,0,3,2,0.3,,Jill & Thomas,Co-Ed,Chad & Stephanie,Co-Ed,,,2.666666667,3.5,,0.6666666667,0.3333333333,0.6666666667,,1,0,0.0,0.0,6,4.0,2.0,6,2.0,4.0,6,4.0,2.0
307,25,10,USA17-10,10,,4,0,2,2,0.25,,Nat & Kat,All-Female,Nick & Vicki,Co-Ed,,,3.0,2.0,,0.25,0.75,0.25,,1,0,0.0,0.0,4,1.0,3.0,4,3.0,1.0,4,1.0,3.0
308,25,11,USA17-11,11,,4,0,2,2,0.25,,Jill & Thomas,Co-Ed,Nick & Vicki,Co-Ed,,,2.5,2.5,,0.5,0.5,0.5,,1,0,0.0,0.0,4,2.0,2.0,4,2.0,2.0,4,2.0,2.0
309,25,12,USA17-12,12,,3,0,1,2,0.1666666667,,Nat & Kat,All-Female,Jill & Thomas,Co-Ed,,,3.0,1.5,,0.0,1.0,0.0,,1,0,0.0,0.0,2,0.0,2.0,2,2.0,0.0,2,0.0,2.0
310,26,1,LAM2-1,1,,11,4,5,2,0.5909090909,,Jelkin & Javier,Co-Ed,Mauricio & Mariana,Co-Ed,,4.25,6.2,9.0,0.75,0.4666666667,0.1666666667,0.7826086957,,5,28,21.0,7.0,30,14.0,16.0,18,3.0,15.0,46,36.0,10.0
311,26,2,LAM2-2,2,,11,4,5,2,0.5909090909,,Mauricio & Carlos,All-Male,Susy & Stefany,All-Female,,3.75,7.0,8.0,0.8214285714,0.3333333333,0.2777777778,0.7826086957,,5,28,23.0,5.0,30,10.0,20.0,18,5.0,13.0,46,36.0,10.0
312,26,3,LAM2-3,3,,10,4,5,1,0.65,,Toño & Lili,Co-Ed,Mauricio & Mariana,Co-Ed,,3.75,6.6,7.0,0.7916666667,0.28,0.3333333333,0.7575757576,,5,24,19.0,5.0,25,7.0,18.0,9,3.0,6.0,33,25.0,8.0
313,26,4,LAM2-4,4,,9,4,4,1,0.6666666667,,Edison & Edison,All-Male,Roger & Omar,All-Male,,4.25,5.25,7.0,0.65,0.45,0.25,0.6785714286,,5,20,13.0,7.0,20,9.0,11.0,8,2.0,6.0,28,19.0,9.0
314,26,5,LAM2-5,5,,8,3,4,1,0.625,,Mauricio & Carlos,All-Male,Jelkin & Javier,Co-Ed,,2.666666667,5.25,7.0,0.8666666667,0.3125,0.1428571429,0.8636363636,,5,15,13.0,2.0,16,5.0,11.0,7,1.0,6.0,22,19.0,3.0
315,26,6,LAM2-6,6,,8,3,4,1,0.625,,Edison & Edison,All-Male,Jelkin & Javier,Co-Ed,,3.333333333,4.75,7.0,0.7333333333,0.4375,0.1428571429,0.7727272727,,5,15,11.0,4.0,16,7.0,9.0,7,1.0,6.0,22,17.0,5.0
316,26,7,LAM2-7,7,,7,3,3,1,0.6428571429,,Edison & Edison,All-Male,Aleandra & Marlene,All-Female,,3.666666667,3.333333333,7.0,0.5833333333,0.6666666667,0.0,0.7222222222,,5,12,7.0,5.0,12,8.0,4.0,6,0.0,6.0,18,13.0,5.0
317,26,8,LAM2-8,8,,7,3,3,1,0.6428571429,,Toño & Lili,Co-Ed,Edison & Edison,All-Male,,4.0,3.666666667,5.0,0.5,0.5833333333,0.3333333333,0.5555555556,,5,12,6.0,6.0,12,7.0,5.0,6,2.0,4.0,18,10.0,8.0
318,26,9,LAM2-9,9,,6,2,3,1,0.5833333333,,Toño & Lili,Co-Ed,Marietta & José,Co-Ed,,3.5,3.666666667,3.0,0.5,0.4444444444,0.6,0.4615384615,,5,8,4.0,4.0,9,4.0,5.0,5,3.0,2.0,13,6.0,7.0
319,26,10,LAM2-10,10,,5,2,2,1,0.6,,Toño & Lili,Co-Ed,Esteban & Marisol,Co-Ed,,3.0,3.0,3.0,0.5,0.5,0.5,0.5,,5,6,3.0,3.0,6,3.0,3.0,4,2.0,2.0,10,5.0,5.0
320,26,11,LAM2-11,11,,4,2,1,1,0.625,,Mauricio & Carlos,All-Male,Guilherme & Vinícius,All-Male,,2.5,2.0,3.0,0.5,0.6666666667,0.3333333333,0.5714285714,,5,4,2.0,2.0,3,2.0,1.0,3,1.0,2.0,7,4.0,3.0
321,26,12A,LAM2-12A,12,,3,1,1,1,0.5,,Toño & Lili,Co-Ed,Aleandra & Marlene,All-Female,,2.0,1.0,3.0,0.5,1.0,0.0,0.75,,5,2,1.0,1.0,2,2.0,0.0,2,0.0,2.0,4,3.0,1.0
322,26,12B,LAM2-12B,13,,3,1,1,1,0.5,,Mauricio & Carlos,All-Male,Aleandra & Marlene,All-Female,,1.0,2.0,3.0,1.0,0.5,0.0,1.0,,5,2,2.0,0.0,2,1.0,1.0,2,0.0,2.0,4,4.0,0.0
323,27,1,USA18-1,1,,11,4,5,2,0.5909090909,,Gary & Mallory,Co-Ed,Jet & Cord,All-Male,,7.25,5.6,4.5,0.3214285714,0.5666666667,0.6666666667,0.3260869565,,1,28,9.0,19.0,30,17.0,13.0,18,12.0,6.0,46,15.0,31.0
324,27,2,USA18-2,2,,11,4,5,2,0.5909090909,,Zev & Justin,All-Male,Amanda & Kris,Co-Ed,,3.0,8.4,6.0,0.9285714286,0.1,0.5,0.7608695652,,1,28,26.0,2.0,30,3.0,27.0,18,9.0,9.0,46,35.0,11.0
325,27,3,USA18-3,3,,10,4,4,2,0.6,,Zev & Justin,All-Male,Mel & Mike,All-Male,,5.5,5.0,6.5,0.5,0.5833333333,0.375,0.55,,1,24,12.0,12.0,24,14.0,10.0,16,6.0,10.0,40,22.0,18.0
326,27,4,USA18-4,4,,9,3,4,2,0.5555555556,,Margie & Luke,Co-Ed,Kent & Vyxsin,Co-Ed,,5.333333333,4.25,6.0,0.4444444444,0.65,0.3571428571,0.53125,,1,18,8.0,10.0,20,13.0,7.0,14,5.0,9.0,32,17.0,15.0
327,27,5,USA18-5,5,,9,3,4,2,0.5555555556,,Jet & Cord,All-Male,Jaime & Cara,All-Female,,5.0,4.25,6.5,0.5,0.65,0.2857142857,0.59375,,1,18,9.0,9.0,20,13.0,7.0,14,4.0,10.0,32,19.0,13.0
328,27,6,USA18-6,6,,8,3,4,1,0.625,,Gary & Mallory,Co-Ed,Margie & Luke,Co-Ed,,4.333333333,4.25,6.0,0.5333333333,0.5625,0.2857142857,0.5909090909,,1,15,8.0,7.0,16,9.0,7.0,7,2.0,5.0,22,13.0,9.0
329,27,7,USA18-7,7,,7,3,3,1,0.6428571429,,Flight Time & Big Easy,All-Male,Ron & Christina,Co-Ed,,2.666666667,5.666666667,3.0,0.8333333333,0.08333333333,0.6666666667,0.6666666667,,1,12,10.0,2.0,12,1.0,11.0,6,4.0,2.0,18,12.0,6.0
330,27,8,USA18-8,8,,6,3,2,1,0.6666666667,,Zev & Justin,All-Male,Gary & Mallory,Co-Ed,,2.666666667,4.5,4.0,0.7777777778,0.25,0.4,0.7142857143,,1,9,7.0,2.0,8,2.0,6.0,5,2.0,3.0,14,10.0,4.0
331,27,9,USA18-9,9,,6,3,2,1,0.6666666667,,Zev & Justin,All-Male,Jet & Cord,All-Male,,4.0,3.5,2.0,0.3333333333,0.5,0.8,0.2857142857,,1,9,3.0,6.0,8,4.0,4.0,5,4.0,1.0,14,4.0,10.0
332,27,10,USA18-10,10,,5,2,2,1,0.6,,Flight Time & Big Easy,All-Male,Kent & Vyxsin,Co-Ed,,2.5,4.0,2.0,0.6666666667,0.1666666667,0.75,0.5,,1,6,4.0,2.0,6,1.0,5.0,4,3.0,1.0,10,5.0,5.0
333,27,11,USA18-11,11,,4,2,1,1,0.625,,Gary & Mallory,Co-Ed,Zev & Justin,All-Male,,3.5,1.0,2.0,0.0,1.0,0.6666666667,0.1428571429,,1,4,0.0,4.0,3,3.0,0.0,3,2.0,1.0,7,1.0,6.0
334,27,12,USA18-12,12,,3,1,1,1,0.5,,Kisha & Jen,All-Female,Gary & Mallory,Co-Ed,,2.0,3.0,1.0,0.5,0.0,1.0,0.25,,1,2,1.0,1.0,2,0.0,2.0,2,2.0,0.0,4,1.0,3.0
335,28,1,AUS1-1,1,,11,4,4,3,0.5454545455,,Sam & Renae,All-Female,Mo & Mos,All-Male,,6.5,5.5,6.0,0.4285714286,0.5714285714,0.5,0.4615384615,,7,28,12.0,16.0,28,16.0,12.0,24,12.0,12.0,52,24.0,28.0
336,28,2,AUS1-2,2,,11,4,4,3,0.5454545455,,Tyler & Nathan,All-Male,Ryot & Liberty,Co-Ed,,3.5,7.25,7.666666667,0.8571428571,0.3214285714,0.2916666667,0.7884615385,,7,28,24.0,4.0,28,9.0,19.0,24,7.0,17.0,52,41.0,11.0
337,28,3,AUS1-3,3,,10,4,3,3,0.55,,Richard & Joey,Co-Ed,Anne-Marie & Tracy,All-Female,,5.75,4.0,6.666666667,0.4583333333,0.7142857143,0.3333333333,0.5555555556,,7,24,11.0,13.0,21,15.0,6.0,21,7.0,14.0,45,25.0,20.0
338,28,4,AUS1-4,4,,9,4,3,2,0.6111111111,,Matt & Tom,All-Male,Richard & Joey,Co-Ed,,3.75,6.0,6.0,0.75,0.3333333333,0.3571428571,0.7058823529,,7,20,15.0,5.0,18,6.0,12.0,14,5.0,9.0,34,24.0,10.0
339,28,5,AUS1-5,5,,8,4,2,2,0.625,,Tyler & Nathan,All-Male,Mo & Mos,All-Male,,3.5,5.5,5.5,0.75,0.3333333333,0.3333333333,0.7142857143,,7,16,12.0,4.0,12,4.0,8.0,12,4.0,8.0,28,20.0,8.0
340,28,6,AUS1-6,6,,7,3,2,2,0.5714285714,,Tyler & Nathan,All-Male,Alana & Mel,All-Female,,2.666666667,3.5,6.5,0.8333333333,0.6,0.0,0.9090909091,,7,12,10.0,2.0,10,6.0,4.0,10,0.0,10.0,22,20.0,2.0
341,28,7A,AUS1-7A,7,,6,3,2,1,0.6666666667,,Chris & Anastasia,Co-Ed,Matt & Tom,All-Male,,3.666666667,3.0,4.0,0.4444444444,0.625,0.4,0.5,,7,9,4.0,5.0,8,5.0,3.0,5,2.0,3.0,14,7.0,7.0
342,28,7B,AUS1-7B,8,,6,3,2,1,0.6666666667,,Jeff & Luke,All-Male,Chris & Anastasia,Co-Ed,,2.666666667,5.0,3.0,0.7777777778,0.125,0.6,0.6428571429,,7,9,7.0,2.0,8,1.0,7.0,5,3.0,2.0,14,9.0,5.0
343,28,8,AUS1-8,9,,5,3,1,1,0.7,,Matt & Tom,All-Male,Dave & Kelly,Co-Ed,,2.0,5.0,4.0,1.0,0.0,0.25,0.9,,7,6,6.0,0.0,4,0.0,4.0,4,1.0,3.0,10,9.0,1.0
344,28,9,AUS1-9,10,,4,3,0,1,0.75,,Matt & Tom,All-Male,Sam & Renae,All-Female,,2.0,,4.0,1.0,,0.0,1.0,,7,3,3.0,0.0,0,0.0,0.0,3,0.0,3.0,6,6.0,0.0
345,28,10,AUS1-10,11,,4,3,0,1,0.75,,Sam & Renae,All-Female,Matt & Tom,All-Male,,3.0,,1.0,0.0,,1.0,0.0,,7,3,0.0,3.0,0,0.0,0.0,3,3.0,0.0,6,0.0,6.0
346,28,11,AUS1-11,12,,3,2,0,1,0.6666666667,,Tyler & Nathan,All-Male,Jeff & Luke,All-Male,,2.0,,2.0,0.5,,0.5,0.5,,7,2,1.0,1.0,0,0.0,0.0,2,1.0,1.0,4,2.0,2.0
347,29,1,CHR2-1,1,,11,3,6,2,0.5454545455,,Mary & Cecilia,All-Female,Paul & Nash,All-Male,,6.0,6.666666667,4.0,0.5,0.3666666667,0.7222222222,0.4047619048,,6,24,12.0,12.0,30,11.0,19.0,18,13.0,5.0,42,17.0,25.0
348,29,2,CHR2-2,2,,10,2,6,2,0.5,,Mary & Cecilia,All-Female,A Lai & Jackie,Co-Ed,,4.5,7.166666667,1.5,0.625,0.08333333333,1.0,0.3125,,6,16,10.0,6.0,24,2.0,22.0,16,16.0,0.0,32,10.0,22.0
349,29,3,CHR2-3,3,,9,2,5,2,0.5,,Sun Bin & Hao Fei'er,Co-Ed,Xiao Long & Lv Meng,All-Male,,6.5,4.2,5.5,0.2857142857,0.7,0.4285714286,0.4285714286,,6,14,4.0,10.0,20,14.0,6.0,14,6.0,8.0,28,12.0,16.0
350,29,4,CHR2-4,4,,8,1,5,2,0.4375,,Sun Bin & Hao Fei'er,Co-Ed,Summer & Eachen,Co-Ed,,5.0,4.4,4.5,0.4285714286,0.5333333333,0.5,0.4736842105,,6,7,3.0,4.0,15,8.0,7.0,12,6.0,6.0,19,9.0,10.0
351,29,5,CHR2-5,5,,7,1,4,2,0.4285714286,,Sun Bin & Hao Fei'er,Co-Ed,Rhett & Howie,All-Male,,7.0,3.0,4.5,0.0,0.8333333333,0.4,0.375,,6,6,0.0,6.0,12,10.0,2.0,10,4.0,6.0,16,6.0,10.0
352,29,6,CHR2-6,6,,7,1,4,2,0.4285714286,,Lily & Jan,Co-Ed,Rhett & Howie,All-Male,,7.0,3.5,3.5,0.0,0.6666666667,0.6,0.25,,6,6,0.0,6.0,12,8.0,4.0,10,6.0,4.0,16,4.0,12.0
353,29,7,CHR2-7,7,,6,0,4,2,0.3333333333,,Mary & Cecilia,All-Female,Elena & Tameka,All-Female,,,3.5,3.5,,0.5,0.5,0.5,,6,0,0.0,0.0,8,4.0,4.0,8,4.0,4.0,8,4.0,4.0
354,29,8,CHR2-8,8,,6,0,4,2,0.3333333333,,Lily & Jan,Co-Ed,Elena & Tameka,All-Female,,,2.75,5.0,,0.875,0.125,0.875,,6,0,0.0,0.0,8,7.0,1.0,8,1.0,7.0,8,7.0,1.0
355,29,9A,CHR2-9A,9,,5,0,4,1,0.4,,Matt & Kylie,Co-Ed,Mary & Cecilia,All-Female,,,2.5,5.0,,1.0,0.0,1.0,,6,0,0.0,0.0,4,4.0,0.0,4,0.0,4.0,4,4.0,0.0
356,29,9B,CHR2-9B,10,,5,0,4,1,0.4,,Lily & Jan,Co-Ed,Mary & Cecilia,All-Female,,,2.5,5.0,,1.0,0.0,1.0,,6,0,0.0,0.0,4,4.0,0.0,4,0.0,4.0,4,4.0,0.0
357,29,10,CHR2-10,11,,4,0,4,0,0.5,,Sun Bin & Hao Fei'er,Co-Ed,Matt & Kylie,Co-Ed,,,2.5,,,,,,,6,0,0.0,0.0,0,0.0,0.0,0,0.0,0.0,0,0.0,0.0
358,29,11,CHR2-11,12,,3,0,3,0,0.5,,Lily & Jan,Co-Ed,Sun Bin & Hao Fei'er,Co-Ed,,,2.0,,,,,,,6,0,0.0,0.0,0,0.0,0.0,0,0.0,0.0,0,0.0,0.0
359,30,1,USA19-1,1,,11,3,6,2,0.5454545455,,Ernie & Cindy,Co-Ed,Bill & Cathi,Co-Ed,,7.0,4.333333333,9.5,0.375,0.8333333333,0.1111111111,0.5952380952,,1,24,9.0,15.0,30,25.0,5.0,18,2.0,16.0,42,25.0,17.0
360,30,2,USA19-2,2,,11,3,6,2,0.5454545455,,Andy & Tommy,All-Male,Ron & Bill,All-Male,,4.666666667,7.333333333,4.0,0.6666666667,0.2333333333,0.7222222222,0.5,,1,24,16.0,8.0,30,7.0,23.0,18,13.0,5.0,42,21.0,21.0
361,30,3,USA19-3,3,,9,2,5,2,0.5,,Andy & Tommy,All-Male,Kaylani & Lisa,All-Female,,1.5,5.0,8.5,1.0,0.5,0.0,1.0,,1,14,14.0,0.0,20,10.0,10.0,14,0.0,14.0,28,28.0,0.0
362,30,4,USA19-4,4,,8,2,5,1,0.5625,,Andy & Tommy,All-Male,Liz & Marie,All-Female,,2.5,4.6,8.0,0.8333333333,0.4666666667,0.0,0.8947368421,,1,12,10.0,2.0,15,7.0,8.0,7,0.0,7.0,19,17.0,2.0
363,30,5,USA19-5,5,,8,2,5,1,0.5625,,Amani & Marcus,Co-Ed,Liz & Marie,All-Female,,5.5,3.4,8.0,0.3333333333,0.8666666667,0.0,0.5789473684,,1,12,4.0,8.0,15,13.0,2.0,7,0.0,7.0,19,11.0,8.0
364,30,6,USA19-6,6,,7,2,5,0,0.6428571429,,Andy & Tommy,All-Male,Amani & Marcus,Co-Ed,,2.5,4.6,,0.8,0.2,,0.8,,1,10,8.0,2.0,10,2.0,8.0,0,0.0,0.0,10,8.0,2.0
365,30,7,USA19-7,7,,7,2,5,0,0.6428571429,,Andy & Tommy,All-Male,Justin & Jennifer,Co-Ed,,3.0,4.4,,0.7,0.3,,0.7,,1,10,7.0,3.0,10,3.0,7.0,0,0.0,0.0,10,7.0,3.0
366,30,8,USA19-8,8,,6,2,4,0,0.6666666667,,Ernie & Cindy,Co-Ed,Laurence & Zac,All-Male,,4.5,3.0,,0.25,0.75,,0.25,,1,8,2.0,6.0,8,6.0,2.0,0,0.0,0.0,8,2.0,6.0
367,30,9,USA19-9,9,,5,1,4,0,0.6,,Amani & Marcus,Co-Ed,Bill & Cathi,Co-Ed,,4.0,2.75,,0.25,0.75,,0.25,,1,4,1.0,3.0,4,3.0,1.0,0,0.0,0.0,4,1.0,3.0
368,30,10,USA19-10,10,,5,1,4,0,0.6,,Andy & Tommy,All-Male,Bill & Cathi,Co-Ed,,1.0,3.5,,1.0,0.0,,1.0,,1,4,4.0,0.0,4,0.0,4.0,0,0.0,0.0,4,4.0,0.0
369,30,11,USA19-11,11,,4,1,3,0,0.625,,Jeremy & Sandy,Co-Ed,Andy & Tommy,All-Male,,4.0,2.0,,0.0,1.0,,0.0,,1,3,0.0,3.0,3,3.0,0.0,0,0.0,0.0,3,0.0,3.0
370,30,12,USA19-12,12,,3,0,3,0,0.5,,Ernie & Cindy,Co-Ed,Amani & Marcus,Co-Ed,,,2.0,,,,,,,1,0,0.0,0.0,0,0.0,0.0,0,0.0,0.0,0,0.0,0.0
371,31,1,LAM3-1,1,,11,3,6,2,0.5454545455,,Felipe & Alejandro,All-Male,Vero & Gaba,All-Female,,3.333333333,6.166666667,9.5,0.8333333333,0.4666666667,0.1111111111,0.8571428571,,5,24,20.0,4.0,30,14.0,16.0,18,2.0,16.0,42,36.0,6.0
372,31,2,LAM3-2,2,,11,3,6,2,0.5454545455,,Juan del Mar & Toya,Co-Ed,Ale & Eze,Co-Ed,,5.0,5.5,9.0,0.625,0.6,0.1666666667,0.7142857143,,5,24,15.0,9.0,30,18.0,12.0,18,3.0,15.0,42,30.0,12.0
373,31,3,LAM3-3,3,,10,3,5,2,0.55,,Felipe & Alejandro,All-Male,Vero & Gaba,All-Female,,4.0,4.8,9.5,0.7142857143,0.64,0.0,0.8378378378,,5,21,15.0,6.0,25,16.0,9.0,16,0.0,16.0,37,31.0,6.0
374,31,4,LAM3-4,4,,9,3,5,1,0.6111111111,,Felipe & Alejandro,All-Male,Mónica & Rosy,All-Female,,3.333333333,5.2,9.0,0.7777777778,0.45,0.0,0.8461538462,,5,18,14.0,4.0,20,9.0,11.0,8,0.0,8.0,26,22.0,4.0
375,31,5,LAM3-5,5,,8,3,5,0,0.6875,,Felipe & Alejandro,All-Male,Pablo & Rosario,Co-Ed,,3.0,5.4,,0.8,0.2,,0.8,,5,15,12.0,3.0,15,3.0,12.0,0,0.0,0.0,15,12.0,3.0
376,31,6,LAM3-6,6,,8,3,5,0,0.6875,,Felipe & Alejandro,All-Male,Pablo & Rosario,Co-Ed,,2.666666667,5.6,,0.8666666667,0.1333333333,,0.8666666667,,5,15,13.0,2.0,15,2.0,13.0,0,0.0,0.0,15,13.0,2.0
377,31,7,LAM3-7,7,,7,3,4,0,0.7142857143,,Rick & Kathy,Co-Ed,Nico & Andre,Co-Ed,,3.333333333,4.5,,0.6666666667,0.3333333333,,0.6666666667,,5,12,8.0,4.0,12,4.0,8.0,0,0.0,0.0,12,8.0,4.0
378,31,8,LAM3-8,8,,6,3,3,0,0.75,,Nicolás & Cristóbal,All-Male,José & Marisol,Co-Ed,,2.333333333,4.666666667,,0.8888888889,0.1111111111,,0.8888888889,,5,9,8.0,1.0,9,1.0,8.0,0,0.0,0.0,9,8.0,1.0
379,31,9,LAM3-9,9,,5,3,2,0,0.8,,Nicolás & Cristóbal,All-Male,Juan del Mar & Toya,Co-Ed,,2.333333333,4.0,,0.8333333333,0.1666666667,,0.8333333333,,5,6,5.0,1.0,6,1.0,5.0,0,0.0,0.0,6,5.0,1.0
380,31,10,LAM3-10,10,,5,3,2,0,0.8,,Nicolás & Cristóbal,All-Male,Juan del Mar & Toya,Co-Ed,,2.0,4.5,,1.0,0.0,,1.0,,5,6,6.0,0.0,6,0.0,6.0,0,0.0,0.0,6,6.0,0.0
381,31,11,LAM3-11,11,,4,3,1,0,0.875,,Nicolás & Cristóbal,All-Male,Rick & Kathy,Co-Ed,,2.0,4.0,,1.0,0.0,,1.0,,5,3,3.0,0.0,3,0.0,3.0,0,0.0,0.0,3,3.0,0.0
382,31,12A,LAM3-12A,12,,3,3,0,0,1.0,,Demi & Maxi,All-Male,Felipe & Alejandro,All-Male,,2.0,,,,,,,,5,0,0.0,0.0,0,0.0,0.0,0,0.0,0.0,0,0.0,0.0
383,31,12B,LAM3-12B,13,,3,3,0,0,1.0,,Nicolás & Cristóbal,All-Male,Demi & Maxi,All-Male,,2.0,,,,,,,,5,0,0.0,0.0,0,0.0,0.0,0,0.0,0.0,0,0.0,0.0
384,32,1,ISR2-1,1,,11,2,6,3,0.4545454545,,Akiva & Anaelle,Co-Ed,Gadi & Alona,Co-Ed,,2.5,6.166666667,8.0,0.8888888889,0.4666666667,0.25,0.8095238095,,4,18,16.0,2.0,30,14.0,16.0,24,6.0,18.0,42,34.0,8.0
385,32,2,ISR2-2,2,,9,2,5,2,0.5,,Alon & Oren,All-Male,Nitzan & Fifi,Co-Ed,,1.5,6.0,6.0,1.0,0.25,0.3571428571,0.8214285714,,4,14,14.0,0.0,20,5.0,15.0,14,5.0,9.0,28,23.0,5.0
386,32,3,ISR2-3,3,,8,2,4,2,0.5,,Pundak & Moti,All-Male,Firass & Shira,Co-Ed,,1.5,5.0,6.5,1.0,0.375,0.1666666667,0.9166666667,,4,12,12.0,0.0,16,6.0,10.0,12,2.0,10.0,24,22.0,2.0
387,32,4,ISR2-4,4,,7,2,3,2,0.5,,Alon & Hen,Co-Ed,Tom & Adele,Co-Ed,,2.5,4.333333333,5.0,0.8,0.4166666667,0.3,0.75,,4,10,8.0,2.0,12,5.0,7.0,10,3.0,7.0,20,15.0,5.0
388,32,5,ISR2-5,5,,7,2,3,2,0.5,,Bar & Inna,All-Female,Alon & Hen,Co-Ed,,3.0,6.0,2.0,0.7,0.0,0.9,0.4,,4,10,7.0,3.0,12,0.0,12.0,10,9.0,1.0,20,8.0,12.0
389,32,6,ISR2-6,6,,6,2,2,2,0.5,,Akiva & Anaelle,Co-Ed,Osnat & Carmit,All-Female,,3.5,2.5,4.5,0.5,0.75,0.25,0.625,,4,8,4.0,4.0,8,6.0,2.0,8,2.0,6.0,16,10.0,6.0
390,32,7,ISR2-7,7,,6,2,2,2,0.5,,Alon & Oren,All-Male,Pundak & Moti,All-Male,,3.5,2.5,4.5,0.5,0.75,0.25,0.625,,4,8,4.0,4.0,8,6.0,2.0,8,2.0,6.0,16,10.0,6.0
391,32,8,ISR2-8,8,,5,1,2,2,0.4,,Alon & Oren,All-Male,Bar & Inna,All-Female,,1.0,3.0,4.0,1.0,0.5,0.1666666667,0.9,,4,4,4.0,0.0,6,3.0,3.0,6,1.0,5.0,10,9.0,1.0
392,32,9,ISR2-9,9,,5,1,2,2,0.4,,Tom & Adele,Co-Ed,Bar & Inna,All-Female,,3.0,1.5,4.5,0.5,1.0,0.0,0.8,,4,4,2.0,2.0,6,6.0,0.0,6,0.0,6.0,10,8.0,2.0
393,32,10,ISR2-10,10,,5,1,2,2,0.4,,Bar & Inna,All-Female,Osnat & Carmit,All-Female,,2.0,3.5,3.0,0.75,0.3333333333,0.5,0.6,,4,4,3.0,1.0,6,2.0,4.0,6,3.0,3.0,10,6.0,4.0
394,32,11,ISR2-11,11,,4,1,2,1,0.5,,Akiva & Anaelle,Co-Ed,Tom & Adele,Co-Ed,,2.0,2.5,3.0,0.6666666667,0.5,0.3333333333,0.6666666667,,4,3,2.0,1.0,4,2.0,2.0,3,1.0,2.0,6,4.0,2.0
395,32,12,ISR2-12,12,,4,1,2,1,0.5,,Bar & Inna,All-Female,Tom & Adele,Co-Ed,,3.0,3.0,1.0,0.3333333333,0.25,1.0,0.1666666667,,4,3,1.0,2.0,4,1.0,3.0,3,3.0,0.0,6,1.0,5.0
396,32,13,ISR2-13,13,,3,1,1,1,0.5,,Bar & Inna,All-Female,Akiva & Anaelle,Co-Ed,,2.0,3.0,1.0,0.5,0.0,1.0,0.25,,4,2,1.0,1.0,2,0.0,2.0,2,2.0,0.0,4,1.0,3.0
397,33,1,USA20-1,1,,11,4,4,3,0.5454545455,,Rachel & Dave,Co-Ed,Misa & Maiya,All-Female,,7.0,4.0,7.333333333,0.3571428571,0.7857142857,0.3333333333,0.5,,1,28,10.0,18.0,28,22.0,6.0,24,8.0,16.0,52,26.0,26.0
398,33,2,USA20-2,2,,10,4,4,2,0.6,,Rachel & Dave,Co-Ed,Dave & Cherie,Co-Ed,,5.5,5.5,5.5,0.5,0.5,0.5,0.5,,1,24,12.0,12.0,24,12.0,12.0,16,8.0,8.0,40,20.0,20.0
399,33,3,USA20-3,3,,9,4,3,2,0.6111111111,,Art & JJ,All-Male,Elliot & Andrew,All-Male,,4.25,5.333333333,6.0,0.65,0.4444444444,0.3571428571,0.6470588235,,1,20,13.0,7.0,18,8.0,10.0,14,5.0,9.0,34,22.0,12.0
400,33,4,USA20-4,4,,8,3,3,2,0.5625,,Art & JJ,All-Male,Bopper & Mark,All-Male,,4.0,4.0,6.0,0.6,0.6,0.25,0.6666666667,,1,15,9.0,6.0,15,9.0,6.0,12,3.0,9.0,27,18.0,9.0
401,33,5,USA20-5,5,,8,3,3,2,0.5625,,Art & JJ,All-Male,Kerri & Stacy,All-Female,,3.0,4.0,7.5,0.8,0.6,0.0,0.8888888889,,1,15,12.0,3.0,15,9.0,6.0,12,0.0,12.0,27,24.0,3.0
402,33,6,USA20-6,6,,7,3,3,1,0.6428571429,,Rachel & Dave,Co-Ed,"Joey ""Fitness"" & Danny",All-Male,,4.0,3.666666667,5.0,0.5,0.5833333333,0.3333333333,0.5555555556,,1,12,6.0,6.0,12,7.0,5.0,6,2.0,4.0,18,10.0,8.0
403,33,7,USA20-7,7,,6,2,3,1,0.5833333333,,Rachel & Dave,Co-Ed,Nary & Jamie,All-Female,,2.5,3.333333333,6.0,0.75,0.5555555556,0.0,0.8461538462,,1,8,6.0,2.0,9,5.0,4.0,5,0.0,5.0,13,11.0,2.0
404,33,8,USA20-8,8,,6,2,3,1,0.5833333333,,Bopper & Mark,All-Male,Nary & Jamie,All-Female,,2.0,3.666666667,6.0,0.875,0.4444444444,0.0,0.9230769231,,1,8,7.0,1.0,9,4.0,5.0,5,0.0,5.0,13,12.0,1.0
405,33,9,USA20-9,9,,5,2,3,0,0.7,,Rachel & Dave,Co-Ed,Bopper & Mark,All-Male,,4.0,2.333333333,,0.1666666667,0.8333333333,,0.1666666667,,1,6,1.0,5.0,6,5.0,1.0,0,0.0,0.0,6,1.0,5.0
406,33,10,USA20-10,10,,5,2,3,0,0.7,,Rachel & Dave,Co-Ed,Bopper & Mark,All-Male,,4.5,2.0,,0.0,1.0,,0.0,,1,6,0.0,6.0,6,6.0,0.0,0,0.0,0.0,6,0.0,6.0
407,33,11,USA20-11,11,,4,1,3,0,0.625,,Rachel & Dave,Co-Ed,Vanessa & Ralph,Co-Ed,,2.0,2.666666667,,0.6666666667,0.3333333333,,0.6666666667,,1,3,2.0,1.0,3,1.0,2.0,0,0.0,0.0,3,2.0,1.0
408,33,12,USA20-12,12,,3,1,2,0,0.6666666667,,Rachel & Dave,Co-Ed,Brendon & Rachel,Co-Ed,,2.0,2.0,,0.5,0.5,,0.5,,1,2,1.0,1.0,2,1.0,1.0,0,0.0,0.0,2,1.0,1.0
409,34,1,NOR1-1,1,,11,5,3,3,0.5909090909,,Karim & Khabat,All-Male,Kenneth & Hakan,All-Male,,5.8,6.0,6.333333333,0.5333333333,0.5,0.4583333333,0.537037037,,8,30,16.0,14.0,24,12.0,12.0,24,11.0,13.0,54,29.0,25.0
410,34,2,NOR1-2,2,,10,4,3,3,0.55,,Morten & Truls,All-Male,Pål Christian & Ivar,All-Male,,6.0,6.0,4.333333333,0.4166666667,0.4285714286,0.6666666667,0.3777777778,,8,24,10.0,14.0,21,9.0,12.0,21,14.0,7.0,45,17.0,28.0
411,34,3,NOR1-3,3,,9,3,3,3,0.5,,Cathrine & Michelle,All-Female,Martha & Elise,All-Female,,3.0,6.0,6.0,0.8333333333,0.3333333333,0.3333333333,0.75,,8,18,15.0,3.0,18,6.0,12.0,18,6.0,12.0,36,27.0,9.0
412,34,4,NOR1-4,4,,8,3,3,2,0.5625,,Karim & Khabat,All-Male,Bjarne & Vilde,Co-Ed,,3.333333333,6.333333333,3.5,0.7333333333,0.1333333333,0.6666666667,0.5555555556,,8,15,11.0,4.0,15,2.0,13.0,12,8.0,4.0,27,15.0,12.0
413,34,5,NOR1-5,5,,8,3,3,2,0.5625,,Morten & Truls,All-Male,Bjarne & Vilde,Co-Ed,,2.0,5.666666667,6.5,1.0,0.2666666667,0.1666666667,0.9259259259,,8,15,15.0,0.0,15,4.0,11.0,12,2.0,10.0,27,25.0,2.0
414,34,6,NOR1-6,6,,7,3,2,2,0.5714285714,,Karim & Khabat,All-Male,Julie & Vichy,All-Female,,3.0,3.5,6.0,0.75,0.6,0.1,0.8181818182,,8,12,9.0,3.0,10,6.0,4.0,10,1.0,9.0,22,18.0,4.0
415,34,7,NOR1-7,7,,6,3,2,1,0.6666666667,,Karim & Khabat,All-Male,Tor Einar & Cathrine,Co-Ed,,2.0,5.5,4.0,1.0,0.0,0.4,0.8571428571,,8,9,9.0,0.0,8,0.0,8.0,5,2.0,3.0,14,12.0,2.0
416,34,8,NOR1-8,8,,6,3,2,1,0.6666666667,,Morten & Truls,All-Male,Tor Einar & Cathrine,Co-Ed,,2.666666667,4.0,5.0,0.7777777778,0.375,0.2,0.7857142857,,8,9,7.0,2.0,8,3.0,5.0,5,1.0,4.0,14,11.0,3.0
417,34,9,NOR1-9,9,,5,3,1,1,0.7,,Morten & Truls,All-Male,Kari & Bjørn,Co-Ed,,2.0,5.0,4.0,1.0,0.0,0.25,0.9,,8,6,6.0,0.0,4,0.0,4.0,4,1.0,3.0,10,9.0,1.0
418,34,10,NOR1-10,10,,5,3,1,1,0.7,,Karim & Khabat,All-Male,Kari & Bjørn,Co-Ed,,2.666666667,5.0,2.0,0.6666666667,0.0,0.75,0.5,,8,6,4.0,2.0,4,0.0,4.0,4,3.0,1.0,10,5.0,5.0
419,34,11,NOR1-11,11,,5,3,1,1,0.7,,Morten & Truls,All-Male,Kari & Bjørn,Co-Ed,,2.666666667,5.0,2.0,0.6666666667,0.0,0.75,0.5,,8,6,4.0,2.0,4,0.0,4.0,4,3.0,1.0,10,5.0,5.0
420,34,12,NOR1-12,12,,4,3,0,1,0.75,,Karim & Khabat,All-Male,Frank & Ivar,All-Male,,2.333333333,,3.0,0.6666666667,,0.3333333333,0.6666666667,,8,3,2.0,1.0,0,0.0,0.0,3,1.0,2.0,6,4.0,2.0
421,34,13,NOR1-13,13,,3,2,0,1,0.6666666667,,Morten & Truls,All-Male,Cathrine & Michelle,All-Female,,1.5,,3.0,1.0,,0.0,1.0,,8,2,2.0,0.0,0,0.0,0.0,2,0.0,2.0,4,4.0,0.0
422,35,1,VIE1-1,1,,10,5,3,2,0.65,,Thanh Thủy & Minh Thoa,All-Female,Gia Bình & Bảo Châu,All-Female,,5.2,6.0,5.5,0.56,0.4285714286,0.5,0.5365853659,,9,25,14.0,11.0,21,9.0,12.0,16,8.0,8.0,41,22.0,19.0
423,35,2,VIE1-2,2,,10,5,3,2,0.65,,Tuấn Anh & Xuân Sơn,All-Male,Richie & Mimi,Co-Ed,,4.0,7.0,7.0,0.8,0.2857142857,0.3125,0.756097561,,9,25,20.0,5.0,21,6.0,15.0,16,5.0,11.0,41,31.0,10.0
424,35,3,VIE1-3,3,,10,5,3,2,0.65,,Baggio & Thành Phúc,All-Male,Thanh Thủy & Minh Thoa,All-Female,,4.4,5.333333333,8.5,0.72,0.5238095238,0.125,0.7804878049,,9,25,18.0,7.0,21,11.0,10.0,16,2.0,14.0,41,32.0,9.0
425,35,4,VIE1-4,4,,9,5,3,1,0.7222222222,,Minh Châu & Trần Châu,All-Male,Richie & Mimi,Co-Ed,,3.6,6.333333333,8.0,0.85,0.2777777778,0.125,0.8571428571,,9,20,17.0,3.0,18,5.0,13.0,8,1.0,7.0,28,24.0,4.0
426,35,5,VIE1-5,5,,8,5,2,1,0.75,,Baggio & Thành Phúc,All-Male,Thanh Tuấn & Mỹ Trâm,Co-Ed,,3.8,5.5,6.0,0.7333333333,0.3333333333,0.2857142857,0.7272727273,,9,15,11.0,4.0,12,4.0,8.0,7,2.0,5.0,22,16.0,6.0
427,35,6,VIE1-6,6,,7,5,1,1,0.7857142857,,Thành Chung & Thanh Bằng,All-Male,Tuấn Anh & Xuân Sơn,All-Male,,4.4,4.0,2.0,0.3,0.5,0.8333333333,0.25,,9,10,3.0,7.0,6,3.0,3.0,6,5.0,1.0,16,4.0,12.0
428,35,7,VIE1-7,7,,7,5,1,1,0.7857142857,,Tuấn Anh & Xuân Sơn,All-Male,Gia Bình & Bảo Châu,All-Female,,3.0,6.0,7.0,1.0,0.1666666667,0.0,1.0,,9,10,10.0,0.0,6,1.0,5.0,6,0.0,6.0,16,16.0,0.0
429,35,8,VIE1-8,8,,6,5,1,0,0.9166666667,,Minh Hoàng & Phương Thảo,Co-Ed,Minh Châu & Trần Châu,All-Male,,4.0,1.0,,0.0,1.0,,0.0,,9,5,0.0,5.0,5,5.0,0.0,0,0.0,0.0,5,0.0,5.0
430,35,9,VIE1-9,9,,5,4,1,0,0.9,,Baggio & Thành Phúc,All-Male,Minh Hoàng & Phương Thảo,Co-Ed,,2.5,5.0,,1.0,0.0,,1.0,,9,4,4.0,0.0,4,0.0,4.0,0,0.0,0.0,4,4.0,0.0
431,35,10,VIE1-10,10,,5,4,1,0,0.9,,Chí Bình & Hồng Long,All-Male,Tuấn Anh & Xuân Sơn,All-Male,,2.75,4.0,,0.75,0.25,,0.75,,9,4,3.0,1.0,4,1.0,3.0,0,0.0,0.0,4,3.0,1.0
432,35,11A,VIE1-11A,11,,4,3,1,0,0.875,,Minh Hoàng & Phương Thảo,Co-Ed,Thành Chung & Thanh Bằng,All-Male,,3.0,1.0,,0.0,1.0,,0.0,,9,3,0.0,3.0,3,3.0,0.0,0,0.0,0.0,3,0.0,3.0
433,35,11B,VIE1-11B,12,,4,3,1,0,0.875,,Baggio & Thành Phúc,All-Male,Chí Bình & Hồng Long,All-Male,,2.333333333,3.0,,0.6666666667,0.3333333333,,0.6666666667,,9,3,2.0,1.0,3,1.0,2.0,0,0.0,0.0,3,2.0,1.0
434,35,12,VIE1-12,13,,3,2,1,0,0.8333333333,,Baggio & Thành Phúc,All-Male,Thành Chung & Thanh Bằng,All-Male,,2.0,2.0,,0.5,0.5,,0.5,,9,2,1.0,1.0,2,1.0,1.0,0,0.0,0.0,2,1.0,1.0
435,36,1,AUS2-1,1,,11,4,3,4,0.5,,Ross & Tarryn,Co-Ed,Lucy & Emilia,All-Female,,8.0,3.333333333,6.0,0.2142857143,0.8333333333,0.5,0.3571428571,,7,28,6.0,22.0,24,20.0,4.0,28,14.0,14.0,56,20.0,36.0
436,36,2,AUS2-2,2,,11,4,3,4,0.5,,Sticky & Sam,All-Male,Adam & Dane,All-Male,,6.25,7.0,5.0,0.4642857143,0.375,0.6428571429,0.4107142857,,7,28,13.0,15.0,24,9.0,15.0,28,18.0,10.0,56,23.0,33.0
437,36,3,AUS2-3,3,,10,3,3,4,0.45,,Sticky & Sam,All-Male,Sue & Teresa,All-Female,,4.0,5.666666667,6.5,0.7142857143,0.4761904762,0.3333333333,0.6888888889,,7,21,15.0,6.0,21,10.0,11.0,24,8.0,16.0,45,31.0,14.0
438,36,4,AUS2-4,4,,9,3,3,3,0.5,,James & Sarah,Co-Ed,Kym & Donna,All-Female,,4.333333333,3.666666667,7.0,0.6111111111,0.7222222222,0.1666666667,0.7222222222,,7,18,11.0,7.0,18,13.0,5.0,18,3.0,15.0,36,26.0,10.0
439,36,5,AUS2-5,5,,8,3,3,2,0.5625,,Paul & Steve,All-Male,Ross & Tarryn,Co-Ed,,3.0,6.333333333,4.0,0.8,0.1333333333,0.5833333333,0.6296296296,,7,15,12.0,3.0,15,2.0,13.0,12,7.0,5.0,27,17.0,10.0
440,36,6,AUS2-6,6,,8,3,3,2,0.5625,,Paul & Steve,All-Male,Ross & Tarryn,Co-Ed,,3.666666667,6.0,3.5,0.6666666667,0.2,0.6666666667,0.5185185185,,7,15,10.0,5.0,15,3.0,12.0,12,8.0,4.0,27,14.0,13.0
441,36,7,AUS2-7,7,,7,3,2,2,0.5714285714,,Paul & Steve,All-Male,Joseph & Grace,Co-Ed,,3.333333333,5.5,3.5,0.6666666667,0.2,0.6,0.5454545455,,7,12,8.0,4.0,10,2.0,8.0,10,6.0,4.0,22,12.0,10.0
442,36,8,AUS2-8,8,,7,3,2,2,0.5714285714,,Paul & Steve,All-Male,Sticky & Sam,All-Male,,3.333333333,5.0,4.0,0.6666666667,0.3,0.5,0.5909090909,,7,12,8.0,4.0,10,3.0,7.0,10,5.0,5.0,22,13.0,9.0
443,36,9,AUS2-9,9,,6,2,2,2,0.5,,Paul & Steve,All-Male,James & Sarah,Co-Ed,,1.5,5.0,4.0,1.0,0.125,0.375,0.8125,,7,8,8.0,0.0,8,1.0,7.0,8,3.0,5.0,16,13.0,3.0
444,36,10,AUS2-10,10,,5,2,1,2,0.5,,Shane & Andrew,All-Male,Lucy & Emilia,All-Female,,2.5,2.0,4.0,0.6666666667,0.75,0.1666666667,0.75,,7,6,4.0,2.0,4,3.0,1.0,6,1.0,5.0,12,9.0,3.0
445,36,11,AUS2-11,11,,4,2,1,1,0.625,,Michelle & Jo,All-Female,Joseph & Grace,Co-Ed,,2.5,4.0,1.0,0.5,0.0,1.0,0.2857142857,,7,4,2.0,2.0,3,0.0,3.0,3,3.0,0.0,7,2.0,5.0
446,36,12,AUS2-12,12,,3,2,0,1,0.6666666667,,Shane & Andrew,All-Male,Michelle & Jo,All-Female,,1.5,,3.0,1.0,,0.0,1.0,,7,2,2.0,0.0,0,0.0,0.0,2,0.0,2.0,4,4.0,0.0
447,37,1,CHR3-1,1,,11,4,6,1,0.6363636364,,Liu Weiwei & Lei Sheng,All-Male,Jia Jia & Rob,Co-Ed,,4.25,7.166666667,6.0,0.75,0.2666666667,0.5,0.6842105263,,6,28,21.0,7.0,30,8.0,22.0,10,5.0,5.0,38,26.0,12.0
448,37,2,CHR3-2,2,,10,4,5,1,0.65,,Liu Weiwei & Lei Sheng,All-Male,Nick & Brandon,All-Male,,4.5,5.6,9.0,0.6666666667,0.48,0.1111111111,0.7272727273,,6,24,16.0,8.0,25,12.0,13.0,9,1.0,8.0,33,24.0,9.0
449,37,3,CHR3-3,3,,9,3,5,1,0.6111111111,,Janelle & Karin,All-Female,Yu Ping & Yu Chenjing,Co-Ed,,4.0,6.4,1.0,0.6666666667,0.15,1.0,0.4615384615,,6,18,12.0,6.0,20,3.0,17.0,8,8.0,0.0,26,12.0,14.0
450,37,4,CHR3-4,4,,8,3,4,1,0.625,,Ryan & Charlie,All-Male,Henry & Jennifer,Co-Ed,,3.333333333,5.0,6.0,0.7333333333,0.375,0.2857142857,0.7272727273,,6,15,11.0,4.0,16,6.0,10.0,7,2.0,5.0,22,16.0,6.0
451,37,5,CHR3-5,5,,8,3,4,1,0.625,,Khai Shing & Khai Sheng,Co-Ed,Zhang Yelin & Li Yang,Co-Ed,,4.0,5.0,4.0,0.6,0.375,0.5714285714,0.5454545455,,6,15,9.0,6.0,16,6.0,10.0,7,4.0,3.0,22,12.0,10.0
452,37,6,CHR3-6,6,,8,3,4,1,0.625,,Ryan & Charlie,All-Male,Xiao Bing & Xiao Bang,All-Male,,4.333333333,4.25,6.0,0.5333333333,0.5625,0.2857142857,0.5909090909,,6,15,8.0,7.0,16,9.0,7.0,7,2.0,5.0,22,13.0,9.0
453,37,7,CHR3-7,7,,7,2,4,1,0.5714285714,,Liu Weiwei & Lei Sheng,All-Male,Henry & Jennifer,Co-Ed,,2.5,5.25,2.0,0.8,0.08333333333,0.8333333333,0.5625,,6,10,8.0,2.0,12,1.0,11.0,6,5.0,1.0,16,9.0,7.0
454,37,8,CHR3-8,8,,6,2,3,1,0.5833333333,,Zhang Yelin & Li Yang,Co-Ed,Khai Shing & Khai Sheng,Co-Ed,,3.5,3.0,5.0,0.5,0.6666666667,0.2,0.6153846154,,6,8,4.0,4.0,9,6.0,3.0,5,1.0,4.0,13,8.0,5.0
455,37,9,CHR3-9,9,,5,2,2,1,0.6,,Liu Weiwei & Lei Sheng,All-Male,Janelle & Karin,All-Female,,2.5,2.5,5.0,0.6666666667,0.6666666667,0.0,0.8,,6,6,4.0,2.0,6,4.0,2.0,4,0.0,4.0,10,8.0,2.0
456,37,10,CHR3-10,10,,5,2,2,1,0.6,,Liu Weiwei & Lei Sheng,All-Male,Janelle & Karin,All-Female,,2.0,3.0,5.0,0.8333333333,0.5,0.0,0.9,,6,6,5.0,1.0,6,3.0,3.0,4,0.0,4.0,10,9.0,1.0
457,37,11,CHR3-11,11,,4,2,2,0,0.75,,Ryan & Charlie,All-Male,Zhang Yelin & Li Yang,Co-Ed,,2.0,3.0,,0.75,0.25,,0.75,,6,4,3.0,1.0,4,1.0,3.0,0,0.0,0.0,4,3.0,1.0
458,37,12,CHR3-12,12,,3,2,1,0,0.8333333333,,Liu Weiwei & Lei Sheng,All-Male,Ryan & Charlie,All-Male,,2.0,2.0,,0.5,0.5,,0.5,,6,2,1.0,1.0,2,1.0,1.0,0,0.0,0.0,2,1.0,1.0
459,38,1,USA21-1,1,,11,4,5,2,0.5909090909,,Abbie & Ryan,Co-Ed,Rob & Sheila,Co-Ed,,7.75,5.6,3.5,0.25,0.5666666667,0.7777777778,0.2391304348,,1,28,7.0,21.0,30,17.0,13.0,18,14.0,4.0,46,11.0,35.0
460,38,2,USA21-2,2,,10,4,4,2,0.6,,Natalie & Nadiya,All-Female,Amy & Daniel,Co-Ed,,5.75,6.0,4.0,0.4583333333,0.4166666667,0.6875,0.4,,1,24,11.0,13.0,24,10.0,14.0,16,11.0,5.0,40,16.0,24.0
461,38,3,USA21-3,3,,9,4,3,2,0.6111111111,,Abbie & Ryan,Co-Ed,Caitlin & Brittany,All-Female,,5.0,3.333333333,7.5,0.5,0.7777777778,0.1428571429,0.6470588235,,1,20,10.0,10.0,18,14.0,4.0,14,2.0,12.0,34,22.0,12.0
462,38,4,USA21-4,4,,8,4,3,1,0.6875,,James & Abba,All-Male,Gary & Will,All-Male,,4.75,4.666666667,3.0,0.4375,0.4666666667,0.7142857143,0.3913043478,,1,16,7.0,9.0,15,7.0,8.0,7,5.0,2.0,23,9.0,14.0
463,38,5,USA21-5,5,,7,3,3,1,0.6428571429,,James & Abba,All-Male,Josh & Brent,All-Male,,4.666666667,3.666666667,3.0,0.3333333333,0.5833333333,0.6666666667,0.3333333333,,1,12,4.0,8.0,12,7.0,5.0,6,4.0,2.0,18,6.0,12.0
464,38,6,USA21-6,6,,7,3,3,1,0.6428571429,,Trey & Lexi,Co-Ed,Rob & Kelley,Co-Ed,,4.666666667,3.333333333,4.0,0.3333333333,0.6666666667,0.5,0.3888888889,,1,12,4.0,8.0,12,8.0,4.0,6,3.0,3.0,18,7.0,11.0
465,38,7,USA21-7,7,,6,3,2,1,0.6666666667,,Trey & Lexi,Co-Ed,James & Abba,All-Male,,4.333333333,2.5,3.0,0.2222222222,0.75,0.6,0.2857142857,,1,9,2.0,7.0,8,6.0,2.0,5,3.0,2.0,14,4.0,10.0
466,38,8,USA21-8,8,,6,3,2,1,0.6666666667,,Jaymes & James,All-Male,James & Abba,All-Male,,4.0,3.0,3.0,0.3333333333,0.625,0.6,0.3571428571,,1,9,3.0,6.0,8,5.0,3.0,5,3.0,2.0,14,5.0,9.0
467,38,9,USA21-9,9,,5,2,2,1,0.6,,Natalie & Nadiya,All-Female,Abbie & Ryan,Co-Ed,,3.0,4.0,1.0,0.5,0.1666666667,1.0,0.3,,1,6,3.0,3.0,6,1.0,5.0,4,4.0,0.0,10,3.0,7.0
468,38,10,USA21-10,10,,4,2,1,1,0.625,,Trey & Lexi,Co-Ed,Natalie & Nadiya,All-Female,,2.5,1.0,4.0,0.5,1.0,0.0,0.7142857143,,1,4,2.0,2.0,3,3.0,0.0,3,0.0,3.0,7,5.0,2.0
469,38,11,USA21-11,11,,4,2,1,1,0.625,,Jaymes & James,All-Male,Natalie & Nadiya,All-Female,,2.0,2.0,4.0,0.75,0.6666666667,0.0,0.8571428571,,1,4,3.0,1.0,3,2.0,1.0,3,0.0,3.0,7,6.0,1.0
470,38,12,USA21-12,12,,3,2,1,0,0.8333333333,,Josh & Brent,All-Male,Trey & Lexi,Co-Ed,,1.5,3.0,,1.0,0.0,,1.0,,1,2,2.0,0.0,2,0.0,2.0,0,0.0,0.0,2,2.0,0.0
471,39,1,LAM4-1,1,,11,5,4,2,0.6363636364,,Ana Paula & Renata,All-Female,Billy & Gean,All-Male,,6.8,6.0,4.0,0.3666666667,0.5,0.7222222222,0.3333333333,,5,30,11.0,19.0,28,14.0,14.0,18,13.0,5.0,48,16.0,32.0
472,39,2,LAM4-2,2,,11,5,4,2,0.6363636364,,Ana Paula & Renata,All-Female,Ci & Lu,All-Female,,5.2,7.0,6.0,0.6333333333,0.3571428571,0.5,0.5833333333,,5,30,19.0,11.0,28,10.0,18.0,18,9.0,9.0,48,28.0,20.0
473,39,3,LAM4-3,3,,9,4,4,1,0.6666666667,,Ana Paula & Renata,All-Female,Daniel & César,All-Male,,5.75,5.25,1.0,0.35,0.45,1.0,0.25,,5,20,7.0,13.0,20,9.0,11.0,8,8.0,0.0,28,7.0,21.0
474,39,4,LAM4-4,4,,9,4,4,1,0.6666666667,,Edu & Rick,All-Male,Ciça & Zezão,Co-Ed,,4.0,6.25,4.0,0.7,0.25,0.625,0.6071428571,,5,20,14.0,6.0,20,5.0,15.0,8,5.0,3.0,28,17.0,11.0
475,39,5,LAM4-5,5,,8,4,3,1,0.6875,,Fernanda & Cainã,Co-Ed,Gabriela & Harã,Co-Ed,,4.5,4.666666667,4.0,0.5,0.4666666667,0.5714285714,0.4782608696,,5,16,8.0,8.0,15,7.0,8.0,7,4.0,3.0,23,11.0,12.0
476,39,6,LAM4-6,6,,7,4,2,1,0.7142857143,,Ana Paula & Renata,All-Female,Fuzetti & Nando,All-Male,,4.5,4.5,1.0,0.3333333333,0.4,1.0,0.2222222222,,5,12,4.0,8.0,10,4.0,6.0,6,6.0,0.0,18,4.0,14.0
477,39,7,LAM4-7,7,,7,4,2,1,0.7142857143,,Ana Paula & Renata,All-Female,Fuzetti & Nando,All-Male,,4.75,4.0,1.0,0.25,0.5,1.0,0.1666666667,,5,12,3.0,9.0,10,5.0,5.0,6,6.0,0.0,18,3.0,15.0
478,39,8,LAM4-8,8,,6,3,2,1,0.6666666667,,Ana Paula & Renata,All-Female,Fernanda & Cainã,Co-Ed,,3.666666667,4.5,1.0,0.4444444444,0.25,1.0,0.2857142857,,5,9,4.0,5.0,8,2.0,6.0,5,5.0,0.0,14,4.0,10.0
479,39,9,LAM4-9,9,,5,3,1,1,0.7,,Edu & Rick,All-Male,Ana Paula & Renata,All-Female,,2.0,4.0,5.0,1.0,0.25,0.0,1.0,,5,6,6.0,0.0,4,1.0,3.0,4,0.0,4.0,10,10.0,0.0
480,39,10,LAM4-10,10,,5,3,1,1,0.7,,Edu & Rick,All-Male,Ana Paula & Renata,All-Female,,2.0,4.0,5.0,1.0,0.25,0.0,1.0,,5,6,6.0,0.0,4,1.0,3.0,4,0.0,4.0,10,10.0,0.0
481,39,11,LAM4-11,11,,4,3,1,0,0.875,,Daniel & César,All-Male,Renan & Fran,Co-Ed,,2.0,4.0,,1.0,0.0,,1.0,,5,3,3.0,0.0,3,0.0,3.0,0,0.0,0.0,3,3.0,0.0
482,39,12A,LAM4-12A,12,,3,3,0,0,1.0,,Fer & Ferds,All-Male,Daniel & César,All-Male,,2.0,,,,,,,,5,0,0.0,0.0,0,0.0,0.0,0,0.0,0.0,0,0.0,0.0
483,39,12B,LAM4-12B,13,,3,3,0,0,1.0,,Daniel & César,All-Male,Edu & Rick,All-Male,,2.0,,,,,,,,5,0,0.0,0.0,0,0.0,0.0,0,0.0,0.0,0,0.0,0.0
484,40,1,FRA1-1,1,,9,4,3,2,0.6111111111,,Heïdi & Michel,Co-Ed,Antoine & Héléna,Co-Ed,,6.0,4.0,4.5,0.3,0.6666666667,0.5714285714,0.3529411765,,10,20,6.0,14.0,18,12.0,6.0,14,8.0,6.0,34,12.0,22.0
485,40,2,FRA1-2,2,,8,4,2,2,0.625,,Oucéni & Lassana,All-Male,Fabien & Aurélien,All-Male,,4.0,5.5,4.5,0.625,0.3333333333,0.5,0.5714285714,,10,16,10.0,6.0,12,4.0,8.0,12,6.0,6.0,28,16.0,12.0
486,40,3,FRA1-3,3,,7,3,2,2,0.5714285714,,Oucéni & Lassana,All-Male,Anthony & Sonja,Co-Ed,,3.0,5.0,4.5,0.75,0.3,0.4,0.6818181818,,10,12,9.0,3.0,10,3.0,7.0,10,4.0,6.0,22,15.0,7.0
487,40,4,FRA1-4,4,,7,3,2,2,0.5714285714,,Heïdi & Michel,Co-Ed,Mathilde & Séverine,All-Female,,5.0,1.5,5.0,0.25,1.0,0.3,0.4545454545,,10,12,3.0,9.0,10,10.0,0.0,10,3.0,7.0,22,10.0,12.0
488,40,5,FRA1-5,5,,6,3,2,1,0.6666666667,,Anthony & Sonja,Co-Ed,Oucéni & Lassana,All-Male,,4.0,2.0,5.0,0.3333333333,0.875,0.2,0.5,,10,9,3.0,6.0,8,7.0,1.0,5,1.0,4.0,14,7.0,7.0
489,40,6,FRA1-6,6,,5,2,2,1,0.6,,Francis & Benjamin,All-Male,Hadj & Yacim,All-Male,,3.0,3.0,3.0,0.5,0.5,0.5,0.5,,10,6,3.0,3.0,6,3.0,3.0,4,2.0,2.0,10,5.0,5.0
490,40,7,FRA1-7,7,,5,2,2,1,0.6,,Hadj & Yacim,All-Male,Francis & Benjamin,All-Male,,3.0,2.5,4.0,0.5,0.6666666667,0.25,0.6,,10,6,3.0,3.0,6,4.0,2.0,4,1.0,3.0,10,6.0,4.0
491,40,8,FRA1-8,8,,4,1,2,1,0.5,,Stéphanie & Alice,All-Female,Anthony & Sonja,Co-Ed,,3.0,3.0,1.0,0.3333333333,0.25,1.0,0.1666666667,,10,3,1.0,2.0,4,1.0,3.0,3,3.0,0.0,6,1.0,5.0
492,40,9,FRA1-9,9,,4,1,2,1,0.5,,Hadj & Yacim,All-Male,Heïdi & Michel,Co-Ed,,1.0,3.0,3.0,1.0,0.25,0.3333333333,0.8333333333,,10,3,3.0,0.0,4,1.0,3.0,3,1.0,2.0,6,5.0,1.0
493,40,10,FRA1-10,10,,3,1,1,1,0.5,,Anthony & Sonja,Co-Ed,Stéphanie & Alice,All-Female,,2.0,1.0,3.0,0.5,1.0,0.0,0.75,,10,2,1.0,1.0,2,2.0,0.0,2,0.0,2.0,4,3.0,1.0
494,41,1,PHI1-1,1,,11,3,3,5,0.4090909091,,Marc & Kat,Co-Ed,Crystel & Mykey,Co-Ed,,5.666666667,6.666666667,5.8,0.5416666667,0.4166666667,0.5333333333,0.5,,11,24,13.0,11.0,24,10.0,14.0,30,16.0,14.0,54,27.0,27.0
495,41,2,PHI1-2,2,,10,3,2,5,0.4,,Marc & Kat,Co-Ed,Anton & Armand,All-Male,,7.666666667,2.5,5.4,0.1904761905,0.875,0.52,0.347826087,,11,21,4.0,17.0,16,14.0,2.0,25,13.0,12.0,46,16.0,30.0
496,41,3,PHI1-3,3,,9,2,2,5,0.3333333333,,Marc & Kat,Co-Ed,Pamela & Vanessa,All-Female,,5.5,4.0,5.2,0.4285714286,0.6428571429,0.45,0.5,,11,14,6.0,8.0,14,9.0,5.0,20,9.0,11.0,34,17.0,17.0
497,41,4,PHI1-4,4,,9,2,2,5,0.3333333333,,Marc & Kat,Co-Ed,Pamela & Vanessa,All-Female,,5.0,4.5,5.2,0.5,0.5714285714,0.45,0.5294117647,,11,14,7.0,7.0,14,8.0,6.0,20,9.0,11.0,34,18.0,16.0
498,41,5,PHI1-5,5,,8,2,2,4,0.375,,Boom & Cheng,All-Male,Dani & Mish,All-Female,,1.5,3.5,6.5,1.0,0.6666666667,0.0,1.0,,11,12,12.0,0.0,12,8.0,4.0,16,0.0,16.0,28,28.0,0.0
499,41,6,PHI1-6,6,,8,2,2,4,0.375,,Boom & Cheng,All-Male,Dani & Mish,All-Female,,1.5,5.0,5.75,1.0,0.4166666667,0.1875,0.8928571429,,11,12,12.0,0.0,12,5.0,7.0,16,3.0,13.0,28,25.0,3.0
500,41,7,PHI1-7,7,,7,2,2,3,0.4285714286,,Fausto & Dayal,All-Male,Ed & Angel,Co-Ed,,2.0,4.5,5.0,0.9,0.4,0.25,0.8181818182,,11,10,9.0,1.0,10,4.0,6.0,12,3.0,9.0,22,18.0,4.0
501,41,8,PHI1-8,8,,7,2,2,3,0.4285714286,,Marc & Kat,Co-Ed,Ed & Angel,Co-Ed,,2.5,4.0,5.0,0.8,0.5,0.25,0.7727272727,,11,10,8.0,2.0,10,5.0,5.0,12,3.0,9.0,22,17.0,5.0
502,41,9,PHI1-9,9,,6,2,1,3,0.4166666667,,Fausto & Dayal,All-Male,Boom & Cheng,All-Male,,3.5,2.0,4.0,0.5,0.8,0.3333333333,0.5882352941,,11,8,4.0,4.0,5,4.0,1.0,9,3.0,6.0,17,10.0,7.0
503,41,10,PHI1-10,10,,5,1,1,3,0.3,,Fausto & Dayal,All-Male,Saida & Jervi,All-Female,,1.0,3.0,3.666666667,1.0,0.5,0.1666666667,0.9,,11,4,4.0,0.0,4,2.0,2.0,6,1.0,5.0,10,9.0,1.0
504,41,11,PHI1-11,11,,4,1,1,2,0.375,,Marc & Kat,Co-Ed,Sheena & Gee,All-Female,,3.0,1.0,3.0,0.3333333333,1.0,0.25,0.5714285714,,11,3,1.0,2.0,3,3.0,0.0,4,1.0,3.0,7,4.0,3.0
505,41,12,PHI1-12,12,,4,1,1,2,0.375,,Marc & Kat,Co-Ed,Sheena & Gee,All-Female,,2.0,1.0,3.5,0.6666666667,1.0,0.0,0.8571428571,,11,3,2.0,1.0,3,3.0,0.0,4,0.0,4.0,7,6.0,1.0
506,41,13,PHI1-13,13,,3,1,1,1,0.5,,LJ & CJ,All-Female,Marc & Kat,Co-Ed,,2.0,3.0,1.0,0.5,0.0,1.0,0.25,,11,2,1.0,1.0,2,0.0,2.0,2,2.0,0.0,4,1.0,3.0
507,42,1,USA22-1,1,,11,4,4,3,0.5454545455,,Jessica & John,Co-Ed,Matt & Daniel,All-Male,,6.0,5.75,6.333333333,0.5,0.5357142857,0.4583333333,0.5192307692,,1,28,14.0,14.0,28,15.0,13.0,24,11.0,13.0,52,27.0,25.0
508,42,2,USA22-2,2,,10,3,4,3,0.5,,Bates & Anthony,All-Male,Idries & Jamil,All-Male,,4.333333333,5.0,7.333333333,0.6666666667,0.5833333333,0.2380952381,0.7142857143,,1,21,14.0,7.0,24,14.0,10.0,21,5.0,16.0,42,30.0,12.0
509,42,3,USA22-3,3,,9,2,4,3,0.4444444444,,Dave & Connor,All-Male,Chuck & Wynona,Co-Ed,,2.0,6.0,5.666666667,0.9285714286,0.3,0.3888888889,0.75,,1,14,13.0,1.0,20,6.0,14.0,18,7.0,11.0,32,24.0,8.0
510,42,4,USA22-4,4,,9,2,4,3,0.4444444444,,Dave & Connor,All-Male,Jessica & John,Co-Ed,,4.0,6.25,4.0,0.6428571429,0.25,0.6666666667,0.46875,,1,14,9.0,5.0,20,5.0,15.0,18,12.0,6.0,32,15.0,17.0
511,42,5,USA22-5,5,,8,2,3,3,0.4375,,Pam & Winnie,All-Female,Dave & Connor,All-Male,,6.0,5.0,3.0,0.25,0.4,0.8,0.2222222222,,1,12,3.0,9.0,15,6.0,9.0,15,12.0,3.0,27,6.0,21.0
512,42,6,USA22-6,6,,7,1,3,3,0.3571428571,,Bates & Anthony,All-Male,Max & Katie,Co-Ed,,1.0,4.666666667,4.333333333,1.0,0.3333333333,0.4166666667,0.7222222222,,1,6,6.0,0.0,12,4.0,8.0,12,5.0,7.0,18,13.0,5.0
513,42,7,USA22-7,7,,7,1,3,3,0.3571428571,,Bates & Anthony,All-Male,Pam & Winnie,All-Female,,1.0,5.0,4.0,1.0,0.25,0.5,0.6666666667,,1,6,6.0,0.0,12,3.0,9.0,12,6.0,6.0,18,12.0,6.0
514,42,8,USA22-8,8,,6,1,3,2,0.4166666667,,Bates & Anthony,All-Male,Chuck & Wynona,Co-Ed,,1.0,4.666666667,3.0,1.0,0.1111111111,0.625,0.6153846154,,1,5,5.0,0.0,9,1.0,8.0,8,5.0,3.0,13,8.0,5.0
515,42,9,USA22-9,9,,5,1,2,2,0.4,,Max & Katie,Co-Ed,Mona & Beth,All-Female,,4.0,1.5,4.0,0.25,1.0,0.1666666667,0.6,,1,4,1.0,3.0,6,6.0,0.0,6,1.0,5.0,10,6.0,4.0
516,42,10,USA22-10,10,,5,1,2,2,0.4,,Max & Katie,Co-Ed,Joey & Meghan,Co-Ed,,2.0,3.0,3.5,0.75,0.5,0.3333333333,0.7,,1,4,3.0,1.0,6,3.0,3.0,6,2.0,4.0,10,7.0,3.0
517,42,11,USA22-11,11,,4,1,1,2,0.375,,Max & Katie,Co-Ed,Caroline & Jennifer,All-Female,,2.0,1.0,3.5,0.6666666667,1.0,0.0,0.8571428571,,1,3,2.0,1.0,3,3.0,0.0,4,0.0,4.0,7,6.0,1.0
518,42,12,USA22-12,12,,3,1,1,1,0.5,,Bates & Anthony,All-Male,Mona & Beth,All-Female,,1.0,2.0,3.0,1.0,0.5,0.0,1.0,,1,2,2.0,0.0,2,1.0,1.0,2,0.0,2.0,4,4.0,0.0
519,43,1,NOR2-1,1,,10,4,3,3,0.55,,Lill & Stian,Co-Ed,Allan & Ørjan,All-Male,,6.0,4.0,6.333333333,0.4166666667,0.7142857143,0.380952381,0.5111111111,,8,24,10.0,14.0,21,15.0,6.0,21,8.0,13.0,45,23.0,22.0
520,43,2,NOR2-2,2,,9,3,3,3,0.5,,Eva & Wenche,All-Female,Milorad & Dario,All-Male,,6.666666667,4.333333333,4.0,0.2222222222,0.6111111111,0.6666666667,0.2777777778,,8,18,4.0,14.0,18,11.0,7.0,18,12.0,6.0,36,10.0,26.0
521,43,3,NOR2-3,3,,8,2,3,3,0.4375,,Julie & Robert,Co-Ed,Priscila & Lindsy,All-Female,,3.5,3.333333333,6.333333333,0.6666666667,0.7333333333,0.1333333333,0.7777777778,,8,12,8.0,4.0,15,11.0,4.0,15,2.0,13.0,27,21.0,6.0
522,43,4,NOR2-4,4,,7,2,3,2,0.5,,Omar & Bilal,All-Male,Vinh & Terje,All-Male,,4.0,3.666666667,4.5,0.5,0.5833333333,0.4,0.55,,8,10,5.0,5.0,12,7.0,5.0,10,4.0,6.0,20,11.0,9.0
523,43,5,NOR2-5,5,,7,2,3,2,0.5,,Julie & Robert,Co-Ed,Lill & Stian,Co-Ed,,3.5,4.0,4.5,0.6,0.5,0.4,0.6,,8,10,6.0,4.0,12,6.0,6.0,10,4.0,6.0,20,12.0,8.0
524,43,6,NOR2-6,6,,7,2,3,2,0.5,,Omar & Bilal,All-Male,Vinh & Terje,All-Male,,4.0,4.0,4.0,0.5,0.5,0.5,0.5,,8,10,5.0,5.0,12,6.0,6.0,10,5.0,5.0,20,10.0,10.0
525,43,7,NOR2-7,7,,6,1,3,2,0.4166666667,,Omar & Bilal,All-Male,Eva & Wenche,All-Female,,1.0,3.0,5.5,1.0,0.6666666667,0.0,1.0,,8,5,5.0,0.0,9,6.0,3.0,8,0.0,8.0,13,13.0,0.0
526,43,8,NOR2-8,8,,5,1,3,1,0.5,,Omar & Bilal,All-Male,Lill & Stian,Co-Ed,,1.0,3.666666667,3.0,1.0,0.1666666667,0.5,0.75,,8,4,4.0,0.0,6,1.0,5.0,4,2.0,2.0,8,6.0,2.0
527,43,9,NOR2-9,9,,5,1,3,1,0.5,,Solfrid & Sveinung,Co-Ed,Lill & Stian,Co-Ed,,2.0,3.0,4.0,0.75,0.5,0.25,0.75,,8,4,3.0,1.0,6,3.0,3.0,4,1.0,3.0,8,6.0,2.0
528,43,10,NOR2-10,10,,4,1,2,1,0.5,,Omar & Bilal,All-Male,Cecilie & Camilla,All-Female,,1.0,2.5,4.0,1.0,0.5,0.0,1.0,,8,3,3.0,0.0,4,2.0,2.0,3,0.0,3.0,6,6.0,0.0
529,43,11,NOR2-11,11,,4,1,2,1,0.5,,Solfrid & Sveinung,Co-Ed,Julie & Robert,Co-Ed,,2.0,2.5,3.0,0.6666666667,0.5,0.3333333333,0.6666666667,,8,3,2.0,1.0,4,2.0,2.0,3,1.0,2.0,6,4.0,2.0
530,43,12,NOR2-12,12,,3,1,1,1,0.5,,Omar & Bilal,All-Male,Cecilie & Camilla,All-Female,,1.0,2.0,3.0,1.0,0.5,0.0,1.0,,8,2,2.0,0.0,2,1.0,1.0,2,0.0,2.0,4,4.0,0.0
531,44,1,UKR1-1,1,,10,3,4,3,0.5,,Ihor & Vasyl,All-Male,Volodymyr & Iryna,Co-Ed,,5.333333333,7.0,3.666666667,0.5238095238,0.25,0.7619047619,0.380952381,,12,21,11.0,10.0,24,6.0,18.0,21,16.0,5.0,42,16.0,26.0
532,44,2,UKR1-2,2,,9,3,3,3,0.5,,Andriy & Iryna,Co-Ed,Oleksandr & Volodymyr,All-Male,,5.333333333,3.666666667,6.0,0.4444444444,0.7222222222,0.3333333333,0.5555555556,,12,18,8.0,10.0,18,13.0,5.0,18,6.0,12.0,36,20.0,16.0
533,44,3,UKR1-3,3,,9,3,3,3,0.5,,Valeria & Bohdana,All-Female,Alla & Oleksandra,All-Female,,4.0,6.0,5.0,0.6666666667,0.3333333333,0.5,0.5833333333,,12,18,12.0,6.0,18,6.0,12.0,18,9.0,9.0,36,21.0,15.0
534,44,4,UKR1-4,4,,8,3,3,2,0.5625,,Kostyantin & Yakiv,All-Male,Anna & Roman,Co-Ed,,3.666666667,5.666666667,4.0,0.6666666667,0.2666666667,0.5833333333,0.5555555556,,12,15,10.0,5.0,15,4.0,11.0,12,7.0,5.0,27,15.0,12.0
535,44,5,UKR1-5,5,,7,3,2,2,0.5714285714,,Oleksandr & Volodymyr,All-Male,Oleksiy & Olena,Co-Ed,,3.0,5.0,4.5,0.75,0.3,0.4,0.6818181818,,12,12,9.0,3.0,10,3.0,7.0,10,4.0,6.0,22,15.0,7.0
536,44,6,UKR1-6,6,,7,3,2,2,0.5714285714,,Kostyantin & Yakiv,All-Male,Andriy & Iryna,Co-Ed,,3.333333333,4.5,4.5,0.6666666667,0.4,0.4,0.6363636364,,12,12,8.0,4.0,10,4.0,6.0,10,4.0,6.0,22,14.0,8.0
537,44,7,UKR1-7,7,,6,3,1,2,0.5833333333,,Ihor & Vasyl,All-Male,Natalia & Tatiana,All-Female,,3.333333333,3.0,4.0,0.5555555556,0.6,0.375,0.5882352941,,12,9,5.0,4.0,5,3.0,2.0,8,3.0,5.0,17,10.0,7.0
538,44,8,UKR1-8,8,,5,3,1,1,0.7,,Valeria & Bohdana,All-Female,Oleksandr & Volodymyr,All-Male,,3.333333333,4.0,1.0,0.3333333333,0.25,1.0,0.2,,12,6,2.0,4.0,4,1.0,3.0,4,4.0,0.0,10,2.0,8.0
539,44,9,UKR1-9,9,,5,3,1,1,0.7,,Valeria & Bohdana,All-Female,Ihor & Vasyl,All-Male,,4.0,2.0,1.0,0.0,0.75,1.0,0.0,,12,6,0.0,6.0,4,3.0,1.0,4,4.0,0.0,10,0.0,10.0
540,44,10,UKR1-10,10,,4,2,1,1,0.625,,Valeria & Bohdana,All-Female,Oleksandr & Volodymyr,All-Male,,3.0,3.0,1.0,0.25,0.3333333333,1.0,0.1428571429,,12,4,1.0,3.0,3,1.0,2.0,3,3.0,0.0,7,1.0,6.0
541,44,11,UKR1-11,11,,3,1,1,1,0.5,,Valeria & Bohdana,All-Female,Oleksiy & Olena,Co-Ed,,2.0,3.0,1.0,0.5,0.0,1.0,0.25,,12,2,1.0,1.0,2,0.0,2.0,2,2.0,0.0,4,1.0,3.0
542,44,12,UKR1-12,12,,3,1,1,1,0.5,,Valeria & Bohdana,All-Female,Kostyantin & Yakiv,All-Male,,3.0,2.0,1.0,0.0,0.5,1.0,0.0,,12,2,0.0,2.0,2,1.0,1.0,2,2.0,0.0,4,0.0,4.0
543,45,1,ISR3-1,1,,11,2,5,4,0.4090909091,,Mor & Lior,Co-Ed,Herut & Yoftut,All-Female,,5.0,4.6,8.25,0.6111111111,0.7333333333,0.1785714286,0.7391304348,,4,18,11.0,7.0,30,22.0,8.0,28,5.0,23.0,46,34.0,12.0
544,45,2,ISR3-2,2,,10,2,5,3,0.45,,Ronit & Liran,Co-Ed,Andrea & Ronnie,Co-Ed,,6.5,5.2,5.333333333,0.375,0.56,0.5238095238,0.4324324324,,4,16,6.0,10.0,25,14.0,11.0,21,11.0,10.0,37,16.0,21.0
545,45,3,ISR3-3,3,,10,2,5,3,0.45,,Debbie & Dana,All-Female,Andrea & Ronnie,Co-Ed,,4.5,7.2,3.333333333,0.625,0.16,0.8095238095,0.3783783784,,4,16,10.0,6.0,25,4.0,21.0,21,17.0,4.0,37,14.0,23.0
546,45,4,ISR3-4,4,,9,2,4,3,0.4444444444,,Romi & Coral,All-Female,Ronit & Liran,Co-Ed,,4.0,6.5,3.666666667,0.6428571429,0.2,0.7222222222,0.4375,,4,14,9.0,5.0,20,4.0,16.0,18,13.0,5.0,32,14.0,18.0
547,45,5,ISR3-5,5,,8,2,3,3,0.4375,,David & Eliran,All-Male,Eliran & Itzik,All-Male,,4.5,4.333333333,4.666666667,0.5,0.5333333333,0.4666666667,0.5185185185,,4,12,6.0,6.0,15,8.0,7.0,15,7.0,8.0,27,14.0,13.0
548,45,6,ISR3-6,6,,8,2,3,3,0.4375,,Eliran & Itzik,All-Male,Shimi & Yasmin,Co-Ed,,1.5,6.333333333,4.666666667,1.0,0.1333333333,0.4666666667,0.7407407407,,4,12,12.0,0.0,15,2.0,13.0,15,7.0,8.0,27,20.0,7.0
549,45,7,ISR3-7,7,,7,2,2,3,0.4285714286,,Talia & Koby,Co-Ed,Romi & Coral,All-Female,,4.0,2.5,5.0,0.5,0.8,0.25,0.6363636364,,4,10,5.0,5.0,10,8.0,2.0,12,3.0,9.0,22,14.0,8.0
550,45,8,ISR3-8,8,,7,2,2,3,0.4285714286,,Talia & Koby,Co-Ed,Mor & Lior,Co-Ed,,4.0,4.0,4.0,0.5,0.5,0.5,0.5,,4,10,5.0,5.0,10,5.0,5.0,12,6.0,6.0,22,11.0,11.0
551,45,9,ISR3-9,9,,6,2,1,3,0.4166666667,,Ma'ayan & Bat-El,All-Female,Debbie & Dana,All-Female,,4.0,2.0,3.666666667,0.375,0.8,0.4444444444,0.4705882353,,4,8,3.0,5.0,5,4.0,1.0,9,4.0,5.0,17,8.0,9.0
552,45,10,ISR3-10,10,,6,2,1,3,0.4166666667,,Ma'ayan & Bat-El,All-Female,Eliran & Itzik,All-Male,,4.0,5.0,2.666666667,0.375,0.2,0.7777777778,0.2941176471,,4,8,3.0,5.0,5,1.0,4.0,9,7.0,2.0,17,5.0,12.0
553,45,11,ISR3-11,11,,5,1,1,3,0.3,,Romi & Coral,All-Female,Debbie & Dana,All-Female,,3.0,2.0,3.333333333,0.5,0.75,0.3333333333,0.6,,4,4,2.0,2.0,4,3.0,1.0,6,2.0,4.0,10,6.0,4.0
554,45,12,ISR3-12,12,,4,1,1,2,0.375,,Talia & Koby,Co-Ed,David & Eliran,All-Male,,4.0,1.0,2.5,0.0,1.0,0.5,0.2857142857,,4,3,0.0,3.0,3,3.0,0.0,4,2.0,2.0,7,2.0,5.0
555,45,13,ISR3-13,13,,3,0,1,2,0.1666666667,,Talia & Koby,Co-Ed,Ma'ayan & Bat-El,All-Female,,,1.0,2.5,,1.0,0.0,1.0,,4,0,0.0,0.0,2,2.0,0.0,2,0.0,2.0,2,2.0,0.0
556,46,1,CAN1-1,1,,9,4,3,2,0.6111111111,,Kristen & Darren,Co-Ed,Treena & Tennille,All-Female,,6.25,2.0,7.0,0.25,1.0,0.2142857143,0.4705882353,,13,20,5.0,15.0,18,18.0,0.0,14,3.0,11.0,34,16.0,18.0
557,46,2,CAN1-2,2,,8,4,3,1,0.6875,,Brett & Holly,Co-Ed,Jamie & Pierre,All-Male,,6.0,2.333333333,5.0,0.125,0.9333333333,0.4285714286,0.2608695652,,13,16,2.0,14.0,15,14.0,1.0,7,3.0,4.0,23,6.0,17.0
558,46,3,CAN1-3,3,,7,3,3,1,0.6428571429,,Hal & Joanne,Co-Ed,Tim Sr. & Tim Jr.,All-Male,,5.0,3.0,4.0,0.25,0.75,0.5,0.3333333333,,13,12,3.0,9.0,12,9.0,3.0,6,3.0,3.0,18,6.0,12.0
559,46,4,CAN1-4,4,,7,3,3,1,0.6428571429,,Jet & Dave,All-Male,Kristen & Darren,Co-Ed,,4.0,4.0,4.0,0.5,0.5,0.5,0.5,,13,12,6.0,6.0,12,6.0,6.0,6,3.0,3.0,18,9.0,9.0
560,46,5,CAN1-5,5,,6,3,2,1,0.6666666667,,Jet & Dave,All-Male,Hal & Joanne,Co-Ed,,2.333333333,5.5,3.0,0.8888888889,0.0,0.6,0.7142857143,,13,9,8.0,1.0,8,0.0,8.0,5,3.0,2.0,14,10.0,4.0
561,46,6,CAN1-6,6,,5,3,1,1,0.7,,Jet & Dave,All-Male,Tim Sr. & Tim Jr.,All-Male,,2.666666667,2.0,4.0,0.5833333333,0.625,0.25,0.65,,13,6,3.5,2.5,4,2.5,1.5,4,1.0,3.0,10,6.5,3.5
562,46,7,CAN1-7,7,,5,3,1,1,0.7,,Jody & Cory,All-Male,Brett & Holly,Co-Ed,,2.0,5.0,4.0,1.0,0.0,0.25,0.9,,13,6,6.0,0.0,4,0.0,4.0,4,1.0,3.0,10,9.0,1.0
563,46,8,CAN1-8,8,,4,3,0,1,0.75,,Jody & Cory,All-Male,Vanessa & Celina,All-Female,,2.0,,4.0,1.0,,0.0,1.0,,13,3,3.0,0.0,0,0.0,0.0,3,0.0,3.0,6,6.0,0.0
564,46,9,CAN1-9,9,,4,3,0,1,0.75,,Jody & Cory,All-Male,Jet & Dave,All-Male,,2.666666667,,2.0,0.3333333333,,0.6666666667,0.3333333333,,13,3,1.0,2.0,0,0.0,0.0,3,2.0,1.0,6,2.0,4.0
565,46,10,CAN1-10,10,,3,2,0,1,0.6666666667,,Tim Sr. & Tim Jr.,All-Male,Vanessa & Celina,All-Female,,1.5,,3.0,1.0,,0.0,1.0,,13,2,2.0,0.0,0,0.0,0.0,2,0.0,2.0,4,4.0,0.0
566,47,1,VIE2-1,1,,9,2,6,1,0.5555555556,,Linh Chi & Nhan Phúc Vinh,Co-Ed,S.T & Lâm Hùng Phong,All-Male,,6.0,4.5,6.0,0.3571428571,0.6666666667,0.375,0.4545454545,,9,14,5.0,9.0,18,12.0,6.0,8,3.0,5.0,22,10.0,12.0
567,47,2,VIE2-2,2,,9,2,6,1,0.5555555556,,Hari & Tiến Đạt,Co-Ed,S.T & Lâm Hùng Phong,All-Male,,6.5,4.833333333,3.0,0.2857142857,0.5555555556,0.75,0.2727272727,,9,14,4.0,10.0,18,10.0,8.0,8,6.0,2.0,22,6.0,16.0
568,47,3,VIE2-3,3,,8,1,6,1,0.5,,Diệp Lâm Anh & Thu Hiền,All-Female,Kim Lee & Pharreal Phương,Co-Ed,,7.0,4.666666667,1.0,0.1428571429,0.4166666667,1.0,0.07142857143,,9,7,1.0,6.0,12,5.0,7.0,7,7.0,0.0,14,1.0,13.0
569,47,4,VIE2-4,4,,7,1,5,1,0.5,,Linh Chi & Nhan Phúc Vinh,Co-Ed,Pha Lê & Hà Việt Dũng,Co-Ed,,5.0,3.4,6.0,0.3333333333,0.8,0.1666666667,0.5833333333,,9,6,2.0,4.0,10,8.0,2.0,6,1.0,5.0,12,7.0,5.0
570,47,5,VIE2-5,5,,7,1,5,1,0.5,,Đức Hưng & Thùy Dung,Co-Ed,Pha Lê & Hà Việt Dũng,Co-Ed,,6.0,4.0,2.0,0.1666666667,0.5,0.8333333333,0.1666666667,,9,6,1.0,5.0,10,5.0,5.0,6,5.0,1.0,12,2.0,10.0
571,47,6,VIE2-6,6,,6,1,4,1,0.5,,Linh Chi & Nhan Phúc Vinh,Co-Ed,Anh Tuấn & Thanh Hóa,Co-Ed,,4.0,3.5,3.0,0.4,0.5,0.6,0.4,,9,5,2.0,3.0,8,4.0,4.0,5,3.0,2.0,10,4.0,6.0
572,47,7,VIE2-7,7,,5,1,3,1,0.5,,Hari & Tiến Đạt,Co-Ed,Đoàn Mạnh & Linh Sơn,All-Male,,5.0,2.666666667,2.0,0.0,0.6666666667,0.75,0.125,,9,4,0.0,4.0,6,4.0,2.0,4,3.0,1.0,8,1.0,7.0
573,47,8,VIE2-8,8,,5,1,3,1,0.5,,Diệp Lâm Anh & Thu Hiền,All-Female,Đoàn Mạnh & Linh Sơn,All-Male,,5.0,3.0,1.0,0.0,0.5,1.0,0.0,,9,4,0.0,4.0,6,3.0,3.0,4,4.0,0.0,8,0.0,8.0
574,47,9,VIE2-9,9,,4,0,3,1,0.375,,Diệp Lâm Anh & Thu Hiền,All-Female,Linh Chi & Nhan Phúc Vinh,Co-Ed,,,3.0,1.0,,0.0,1.0,0.0,,9,0,0.0,0.0,3,0.0,3.0,3,3.0,0.0,3,0.0,3.0
575,47,10,VIE2-10,10,,4,0,3,1,0.375,,Linh Chi & Nhan Phúc Vinh,Co-Ed,Hari & Tiến Đạt,Co-Ed,,,2.666666667,2.0,,0.3333333333,0.6666666667,0.3333333333,,9,0,0.0,0.0,3,1.0,2.0,3,2.0,1.0,3,1.0,2.0
576,47,11,VIE2-11,11,,4,0,3,1,0.375,,Linh Chi & Nhan Phúc Vinh,Co-Ed,Hari & Tiến Đạt,Co-Ed,,,2.666666667,2.0,,0.3333333333,0.6666666667,0.3333333333,,9,0,0.0,0.0,3,1.0,2.0,3,2.0,1.0,3,1.0,2.0
577,47,12,VIE2-12,12,,3,0,2,1,0.3333333333,,Diệp Lâm Anh & Thu Hiền,All-Female,Đức Hưng & Thùy Dung,Co-Ed,,,2.5,1.0,,0.0,1.0,0.0,,9,0,0.0,0.0,2,0.0,2.0,2,2.0,0.0,2,0.0,2.0
578,48,1,LAM5-1,1,,11,4,4,3,0.5454545455,,Evelyn & Jorge,Co-Ed,Ari & Ra,Co-Ed,,6.0,4.75,7.666666667,0.5,0.6785714286,0.2916666667,0.5961538462,,5,28,14.0,14.0,28,19.0,9.0,24,7.0,17.0,52,31.0,21.0
579,48,2,LAM5-2,2,,10,4,3,3,0.55,,Darío & Esther,Co-Ed,Filippo & Eddy,All-Male,,7.25,4.666666667,4.0,0.2083333333,0.619047619,0.7142857143,0.2444444444,,5,24,5.0,19.0,21,13.0,8.0,21,15.0,6.0,45,11.0,34.0
580,48,3,LAM5-3,3,,9,3,3,3,0.5,,Débora & Renata,All-Female,Ezequiel & Tobías,All-Male,,6.666666667,3.666666667,4.666666667,0.2222222222,0.7222222222,0.5555555556,0.3333333333,,5,18,4.0,14.0,18,13.0,5.0,18,10.0,8.0,36,12.0,24.0
581,48,4,LAM5-4,4,,9,3,3,3,0.5,,Evelyn & Jorge,Co-Ed,Débora & Renata,All-Female,,5.333333333,2.333333333,7.333333333,0.4444444444,0.9444444444,0.1111111111,0.6666666667,,5,18,8.0,10.0,18,17.0,1.0,18,2.0,16.0,36,24.0,12.0
582,48,5,LAM5-5,5,,9,3,3,3,0.5,,Manfred & Pierre,All-Male,Débora & Renata,All-Female,,3.666666667,4.333333333,7.0,0.7222222222,0.6111111111,0.1666666667,0.7777777778,,5,18,13.0,5.0,18,11.0,7.0,18,3.0,15.0,36,28.0,8.0
583,48,6,LAM5-6,6,,7,2,3,2,0.5,,Manfred & Pierre,All-Male,Astrid & Aleja,All-Female,,2.0,4.333333333,5.5,0.9,0.4166666667,0.2,0.85,,5,10,9.0,1.0,12,5.0,7.0,10,2.0,8.0,20,17.0,3.0
584,48,7,LAM5-7,7,,6,2,3,1,0.5833333333,,Darío & Esther,Co-Ed,Evelyn & Jorge,Co-Ed,,3.5,3.666666667,3.0,0.5,0.4444444444,0.6,0.4615384615,,5,8,4.0,4.0,9,4.0,5.0,5,3.0,2.0,13,6.0,7.0
585,48,8,LAM5-8,8,,6,2,3,1,0.5833333333,,Darío & Esther,Co-Ed,Evelyn & Jorge,Co-Ed,,3.0,3.333333333,5.0,0.625,0.5555555556,0.2,0.6923076923,,5,8,5.0,3.0,9,5.0,4.0,5,1.0,4.0,13,9.0,4.0
586,48,9,LAM5-9,9,,5,2,2,1,0.6,,Ezequiel & Tobías,All-Male,Jessica & Michelle,All-Female,,1.5,3.5,5.0,1.0,0.3333333333,0.0,1.0,,5,6,6.0,0.0,6,2.0,4.0,4,0.0,4.0,10,10.0,0.0
587,48,10,LAM5-10,10,,4,2,2,0,0.75,,Ezequiel & Tobías,All-Male,Darío & Esther,Co-Ed,,2.0,3.0,,0.75,0.25,,0.75,,5,4,3.0,1.0,4,1.0,3.0,0,0.0,0.0,4,3.0,1.0
588,48,11,LAM5-11,11,,4,2,2,0,0.75,,Karina & Braian,Co-Ed,Manfred & Pierre,All-Male,,3.0,2.0,,0.25,0.75,,0.25,,5,4,1.0,3.0,4,3.0,1.0,0,0.0,0.0,4,1.0,3.0
589,48,12A,LAM5-12A,12,,3,1,2,0,0.6666666667,,Ezequiel & Tobías,All-Male,Darío & Esther,Co-Ed,,1.0,2.5,,1.0,0.0,,1.0,,5,2,2.0,0.0,2,0.0,2.0,0,0.0,0.0,2,2.0,0.0
590,48,12B,LAM5-12B,13,,3,1,2,0,0.6666666667,,Ezequiel & Tobías,All-Male,Karina & Braian,Co-Ed,,1.0,2.5,,1.0,0.0,,1.0,,5,2,2.0,0.0,2,0.0,2.0,0,0.0,0.0,2,2.0,0.0
591,49,1,USA23-1,1,,11,5,4,2,0.6363636364,,Tim & Marie,Co-Ed,Hoskote & Naina,Co-Ed,,6.6,5.5,5.5,0.4,0.5714285714,0.5555555556,0.4166666667,,1,30,12.0,18.0,28,16.0,12.0,18,10.0,8.0,48,20.0,28.0
592,49,2,USA23-2,2,,10,5,3,2,0.65,,Chester & Ephraim,All-Male,Rowan & Shane,All-Male,,4.4,5.666666667,8.0,0.72,0.4761904762,0.1875,0.756097561,,1,25,18.0,7.0,21,10.0,11.0,16,3.0,13.0,41,31.0,10.0
593,49,3,USA23-3,3,,9,4,3,2,0.6111111111,,Nicole & Travis,Co-Ed,Chester & Ephraim,All-Male,,6.0,3.666666667,5.0,0.3,0.7222222222,0.5,0.3823529412,,1,20,6.0,14.0,18,13.0,5.0,14,7.0,7.0,34,13.0,21.0
594,49,4,USA23-4,4,,8,3,3,2,0.5625,,Brandon & Adam,All-Male,Nicky & Kim,All-Female,,3.666666667,3.333333333,7.5,0.6666666667,0.7333333333,0.0,0.8148148148,,1,15,10.0,5.0,15,11.0,4.0,12,0.0,12.0,27,22.0,5.0
595,49,5,USA23-5,5,,8,3,3,2,0.5625,,Tim & Marie,Co-Ed,Brandon & Adam,All-Male,,6.333333333,2.0,5.5,0.1333333333,1.0,0.3333333333,0.3703703704,,1,15,2.0,13.0,15,15.0,0.0,12,4.0,8.0,27,10.0,17.0
596,49,6,USA23-6,6,,7,2,3,2,0.5,,Nicole & Travis,Co-Ed,Tim & Danny,All-Male,,5.0,3.333333333,4.0,0.3,0.6666666667,0.5,0.4,,1,10,3.0,7.0,12,8.0,4.0,10,5.0,5.0,20,8.0,12.0
597,49,7,USA23-7,7,,6,1,3,2,0.4166666667,,Leo & Jamal,All-Male,Nicky & Kim,All-Female,,1.0,3.0,5.5,1.0,0.6666666667,0.0,1.0,,1,5,5.0,0.0,9,6.0,3.0,8,0.0,8.0,13,13.0,0.0
598,49,8,USA23-8,8,,6,1,3,2,0.4166666667,,Nicole & Travis,Co-Ed,Nicky & Kim,All-Female,,4.0,2.0,5.5,0.4,1.0,0.0,0.7692307692,,1,5,2.0,3.0,9,9.0,0.0,8,0.0,8.0,13,10.0,3.0
599,49,9,USA23-9,9,,5,1,3,1,0.5,,Leo & Jamal,All-Male,Ally & Ashley,All-Female,,1.0,3.0,5.0,1.0,0.5,0.0,1.0,,1,4,4.0,0.0,6,3.0,3.0,4,0.0,4.0,8,8.0,0.0
600,49,10,USA23-10,10,,4,1,3,0,0.625,,Jason & Amy,Co-Ed,Leo & Jamal,All-Male,,4.0,2.0,,0.0,1.0,,0.0,,1,3,0.0,3.0,3,3.0,0.0,0,0.0,0.0,3,0.0,3.0
601,49,11,USA23-11,11,,4,1,3,0,0.625,,Tim & Marie,Co-Ed,Leo & Jamal,All-Male,,4.0,2.0,,0.0,1.0,,0.0,,1,3,0.0,3.0,3,3.0,0.0,0,0.0,0.0,3,0.0,3.0
602,49,12,USA23-12,12,,3,0,3,0,0.5,,Jason & Amy,Co-Ed,Nicole & Travis,Co-Ed,,,2.0,,,,,,,1,0,0.0,0.0,0,0.0,0.0,0,0.0,0.0,0,0.0,0.0
603,50,1,USA24-1,1,,11,4,5,2,0.5909090909,,Jet & Cord,All-Male,Natalie & Nadiya,All-Female,,4.25,5.6,10.5,0.75,0.5666666667,0.0,0.847826087,,1,28,21.0,7.0,30,17.0,13.0,18,0.0,18.0,46,39.0,7.0
604,50,2,USA24-2,2,,10,4,5,1,0.65,,Brendon & Rachel,Co-Ed,Mark & Mallory,Co-Ed,,5.5,6.0,3.0,0.5,0.4,0.7777777778,0.4242424242,,1,24,12.0,12.0,25,10.0,15.0,9,7.0,2.0,33,14.0,19.0
605,50,3,USA24-3,3,,9,4,4,1,0.6666666667,,Dave & Connor,All-Male,Joey & Meghan,Co-Ed,,2.75,7.0,6.0,0.95,0.1,0.375,0.8571428571,,1,20,19.0,1.0,20,2.0,18.0,8,3.0,5.0,28,24.0,4.0
606,50,4,USA24-4,4,,8,4,3,1,0.6875,,Jet & Cord,All-Male,Brendon & Rachel,Co-Ed,,3.0,6.666666667,4.0,0.875,0.06666666667,0.5714285714,0.7391304348,,1,16,14.0,2.0,15,1.0,14.0,7,4.0,3.0,23,17.0,6.0
607,50,5,USA24-5,5,,8,4,3,1,0.6875,,Dave & Connor,All-Male,Margie & Luke,Co-Ed,,3.5,6.666666667,2.0,0.75,0.06666666667,0.8571428571,0.5652173913,,1,16,12.0,4.0,15,1.0,14.0,7,6.0,1.0,23,13.0,10.0
608,50,6,USA24-6,6,,7,4,2,1,0.7142857143,,Leo & Jamal,All-Male,Caroline & Jennifer,All-Female,,3.25,4.0,7.0,0.75,0.5,0.0,0.8333333333,,1,12,9.0,3.0,10,5.0,5.0,6,0.0,6.0,18,15.0,3.0
609,50,7,USA24-7,7,,7,4,2,1,0.7142857143,,Brendon & Rachel,Co-Ed,Jessica & John,Co-Ed,,4.5,4.0,2.0,0.3333333333,0.5,0.8333333333,0.2777777778,,1,12,4.0,8.0,10,5.0,5.0,6,5.0,1.0,18,5.0,13.0
610,50,8,USA24-8,8,,6,4,1,1,0.75,,Brendon & Rachel,Co-Ed,Flight Time & Big Easy,All-Male,,3.75,1.0,5.0,0.375,1.0,0.2,0.5384615385,,1,8,3.0,5.0,5,5.0,0.0,5,1.0,4.0,13,7.0,6.0
611,50,9,USA24-9,9,,5,3,1,1,0.7,,Dave & Connor,All-Male,Caroline & Jennifer,All-Female,,2.0,4.0,5.0,1.0,0.25,0.0,1.0,,1,6,6.0,0.0,4,1.0,3.0,4,0.0,4.0,10,10.0,0.0
612,50,10,USA24-10,10,,5,3,1,1,0.7,,Dave & Connor,All-Male,Jet & Cord,All-Male,,3.0,2.0,4.0,0.5,0.75,0.25,0.6,,1,6,3.0,3.0,4,3.0,1.0,4,1.0,3.0,10,6.0,4.0
613,50,11,USA24-11,11,,4,2,1,1,0.625,,Dave & Connor,All-Male,Leo & Jamal,All-Male,,2.5,3.0,2.0,0.5,0.3333333333,0.6666666667,0.4285714286,,1,4,2.0,2.0,3,1.0,2.0,3,2.0,1.0,7,3.0,4.0
614,50,12,USA24-12,12,,3,1,1,1,0.5,,Dave & Connor,All-Male,Brendon & Rachel,Co-Ed,,1.0,3.0,2.0,1.0,0.0,0.5,0.75,,1,2,2.0,0.0,2,0.0,2.0,2,1.0,1.0,4,3.0,1.0
615,51,1,VIE3-1,1,,9,1,7,1,0.5,,Sơn Ngọc Minh & Mint,Co-Ed,Kim Thanh & Khải Anh,Co-Ed,,7.0,4.571428571,6.0,0.25,0.7142857143,0.375,0.4375,,9,8,2.0,6.0,14,10.0,4.0,8,3.0,5.0,16,7.0,9.0
616,51,2,VIE3-2,2,,9,1,7,1,0.5,,Long Điền & Kim Dung,Co-Ed,Minh Long & Sơn Việt,All-Male,,9.0,4.285714286,6.0,0.0,0.8571428571,0.375,0.3125,,9,8,0.0,8.0,14,12.0,2.0,8,3.0,5.0,16,5.0,11.0
617,51,3,VIE3-3,3,,8,0,7,1,0.4375,,Hương Giang & Criss,Co-Ed,Miko Lan Trinh & Hoàng Nam,Co-Ed,,,4.142857143,7.0,,0.8571428571,0.1428571429,0.8571428571,,9,0,0.0,0.0,7,6.0,1.0,7,1.0,6.0,7,6.0,1.0
618,51,4,VIE3-4,4,,7,0,6,1,0.4285714286,,Hương Giang & Criss,Co-Ed,Kiwi Ngô Mai Trang & Đỗ Hoàng Dương,Co-Ed,,,3.666666667,6.0,,0.8333333333,0.1666666667,0.8333333333,,9,0,0.0,0.0,6,5.0,1.0,6,1.0,5.0,6,5.0,1.0
619,51,5,VIE3-5,5,,7,0,6,1,0.4285714286,,Kiwi Ngô Mai Trang & Đỗ Hoàng Dương,Co-Ed,Kim Thanh & Khải Anh,Co-Ed,,,3.666666667,6.0,,0.8333333333,0.1666666667,0.8333333333,,9,0,0.0,0.0,6,5.0,1.0,6,1.0,5.0,6,5.0,1.0
620,51,6,VIE3-6,6,,6,0,5,1,0.4166666667,,Kiwi Ngô Mai Trang & Đỗ Hoàng Dương,Co-Ed,Trang Khiếu & An Đinh,All-Female,,,3.0,6.0,,1.0,0.0,1.0,,9,0,0.0,0.0,5,5.0,0.0,5,0.0,5.0,5,5.0,0.0
621,51,7,VIE3-7,7,,6,0,5,1,0.4166666667,,Kiwi Ngô Mai Trang & Đỗ Hoàng Dương,Co-Ed,Long Điền & Kim Dung,Co-Ed,,,3.6,3.0,,0.4,0.6,0.4,,9,0,0.0,0.0,5,2.0,3.0,5,3.0,2.0,5,2.0,3.0
622,51,8,VIE3-8,8,,5,0,4,1,0.4,,Kiwi Ngô Mai Trang & Đỗ Hoàng Dương,Co-Ed,Sơn Ngọc Minh & Mint,Co-Ed,,,2.75,4.0,,0.75,0.25,0.75,,9,0,0.0,0.0,4,3.0,1.0,4,1.0,3.0,4,3.0,1.0
623,51,9,VIE3-9,9,,4,0,3,1,0.375,,Kiwi Ngô Mai Trang & Đỗ Hoàng Dương,Co-Ed,Trang Khiếu & An Đinh,All-Female,,,2.0,4.0,,1.0,0.0,1.0,,9,0,0.0,0.0,3,3.0,0.0,3,0.0,3.0,3,3.0,0.0
624,51,10,VIE3-10,10,,4,0,3,1,0.375,,Hương Giang & Criss,Co-Ed,Kiwi Ngô Mai Trang & Đỗ Hoàng Dương,Co-Ed,,,2.666666667,2.0,,0.3333333333,0.6666666667,0.3333333333,,9,0,0.0,0.0,3,1.0,2.0,3,2.0,1.0,3,1.0,2.0
625,51,11,VIE3-11,11,,3,0,2,1,0.3333333333,,Hương Giang & Criss,Co-Ed,Trang Khiếu & An Đinh,All-Female,,,1.5,3.0,,1.0,0.0,1.0,,9,0,0.0,0.0,2,2.0,0.0,2,0.0,2.0,2,2.0,0.0
626,52,1,CAN2-1,1,,11,4,4,3,0.5454545455,,Natalie & Meaghan,All-Female,Shahla & Nabeela,All-Female,,6.75,5.5,5.666666667,0.3928571429,0.5714285714,0.5416666667,0.4230769231,,13,28,11.0,17.0,28,16.0,12.0,24,13.0,11.0,52,22.0,30.0
627,52,2,CAN2-2,2,,10,4,4,2,0.6,,Natalie & Meaghan,All-Female,Jen & Shawn,Co-Ed,,6.0,5.5,4.5,0.4166666667,0.5,0.625,0.4,,13,24,10.0,14.0,24,12.0,12.0,16,10.0,6.0,40,16.0,24.0
628,52,3,CAN2-3,3,,9,4,3,2,0.6111111111,,Natalie & Meaghan,All-Female,Laura & Jackie,All-Female,,4.75,5.333333333,5.0,0.55,0.4444444444,0.5,0.5294117647,,13,20,11.0,9.0,18,8.0,10.0,14,7.0,7.0,34,18.0,16.0
629,52,4,CAN2-4,4,,8,4,3,1,0.6875,,Natalie & Meaghan,All-Female,Sukhi & Jinder,Co-Ed,,4.0,6.333333333,1.0,0.625,0.1333333333,1.0,0.4347826087,,13,16,10.0,6.0,15,2.0,13.0,7,7.0,0.0,23,10.0,13.0
630,52,5,CAN2-5,5,,8,4,3,1,0.6875,,Alain & Audrey,Co-Ed,Cormac & Nicole,Co-Ed,,5.0,4.333333333,3.0,0.375,0.5333333333,0.7142857143,0.347826087,,13,16,6.0,10.0,15,8.0,7.0,7,5.0,2.0,23,8.0,15.0
631,52,6,CAN2-6,6,,7,4,2,1,0.7142857143,,Pierre & Michel,All-Male,Rex & Bob,All-Male,,4.25,3.0,5.0,0.4166666667,0.7,0.3333333333,0.5,,13,12,5.0,7.0,10,7.0,3.0,6,2.0,4.0,18,9.0,9.0
632,52,7,CAN2-7,7,,6,3,2,1,0.6666666667,,Natalie & Meaghan,All-Female,Ryan & Rob,All-Male,,3.666666667,4.5,1.0,0.4444444444,0.25,1.0,0.2857142857,,13,9,4.0,5.0,8,2.0,6.0,5,5.0,0.0,14,4.0,10.0
633,52,8,CAN2-8,8,,6,3,2,1,0.6666666667,,Natalie & Meaghan,All-Female,Pierre & Michel,All-Male,,4.666666667,3.0,1.0,0.1111111111,0.625,1.0,0.07142857143,,13,9,1.0,8.0,8,5.0,3.0,5,5.0,0.0,14,1.0,13.0
634,52,9,CAN2-9,9,,5,2,2,1,0.6,,Sukhi & Jinder,Co-Ed,Ryan & Rob,All-Male,,3.5,2.5,3.0,0.3333333333,0.6666666667,0.5,0.4,,13,6,2.0,4.0,6,4.0,2.0,4,2.0,2.0,10,4.0,6.0
635,52,10,CAN2-10,10,,5,2,2,1,0.6,,Sukhi & Jinder,Co-Ed,Alain & Audrey,Co-Ed,,3.5,3.0,2.0,0.3333333333,0.5,0.75,0.3,,13,6,2.0,4.0,6,3.0,3.0,4,3.0,1.0,10,3.0,7.0
636,52,11,CAN2-11,11,,4,2,1,1,0.625,,Natalie & Meaghan,All-Female,Sukhi & Jinder,Co-Ed,,2.5,4.0,1.0,0.5,0.0,1.0,0.2857142857,,13,4,2.0,2.0,3,0.0,3.0,3,3.0,0.0,7,2.0,5.0
637,52,12,CAN2-12,12,,3,2,0,1,0.6666666667,,Mickey & Pete,All-Male,Ryan & Rob,All-Male,,2.0,,2.0,0.5,,0.5,0.5,,13,2,1.0,1.0,0,0.0,0.0,2,1.0,1.0,4,2.0,2.0
638,53,1,AUS3-1,1,,10,2,5,3,0.45,,John & Murray,All-Male,Inga & Tiharna,All-Female,,2.5,6.2,6.333333333,0.875,0.36,0.380952381,0.7297297297,,7,16,14.0,2.0,25,9.0,16.0,21,8.0,13.0,37,27.0,10.0
639,53,2,AUS3-2,2,,9,2,5,2,0.5,,Emily & Jono,Co-Ed,Elizabeth & Todd,Co-Ed,,2.5,5.2,7.0,0.8571428571,0.45,0.2142857143,0.8214285714,,7,14,12.0,2.0,20,9.0,11.0,14,3.0,11.0,28,23.0,5.0
640,53,3,AUS3-3,3,,8,2,4,2,0.5,,John & Murray,All-Male,Aston & Christie,All-Female,,2.0,4.5,7.0,0.9166666667,0.5,0.08333333333,0.9166666667,,7,12,11.0,1.0,16,8.0,8.0,12,1.0,11.0,24,22.0,2.0
641,53,4,AUS3-4,4,,7,2,4,1,0.5714285714,,Carla & Hereni,All-Female,Emily & Jono,Co-Ed,,4.0,4.75,1.0,0.5,0.25,1.0,0.3125,,7,10,5.0,5.0,12,3.0,9.0,6,6.0,0.0,16,5.0,11.0
642,53,5,AUS3-5,5,,6,2,3,1,0.5833333333,,John & Murray,All-Male,Cat & Jesse,Co-Ed,,2.0,4.0,5.0,0.875,0.3333333333,0.2,0.8461538462,,7,8,7.0,1.0,9,3.0,6.0,5,1.0,4.0,13,11.0,2.0
643,53,6,AUS3-6,6,,6,2,3,1,0.5833333333,,Daniel & Ryan,All-Male,John & Murray,All-Male,,3.5,3.0,5.0,0.5,0.6666666667,0.2,0.6153846154,,7,8,4.0,4.0,9,6.0,3.0,5,1.0,4.0,13,8.0,5.0
644,53,7,AUS3-7,7,,5,1,3,1,0.5,,Daniel & Ryan,All-Male,Ashleigh & Jarrod,Co-Ed,,1.0,4.0,2.0,1.0,0.0,0.75,0.625,,7,4,4.0,0.0,6,0.0,6.0,4,3.0,1.0,8,5.0,3.0
645,53,8,AUS3-8,8,,5,1,3,1,0.5,,Sally & Tyson,Co-Ed,Cat & Jesse,Co-Ed,,3.0,2.666666667,4.0,0.5,0.6666666667,0.25,0.625,,7,4,2.0,2.0,6,4.0,2.0,4,1.0,3.0,8,5.0,3.0
646,53,9,AUS3-9,9,,4,1,2,1,0.5,,Ashleigh & Jarrod,Co-Ed,Carla & Hereni,All-Female,,3.0,1.5,4.0,0.3333333333,1.0,0.0,0.6666666667,,7,3,1.0,2.0,4,4.0,0.0,3,0.0,3.0,6,4.0,2.0
647,53,10,AUS3-10,10,,3,1,2,0,0.6666666667,,Daniel & Ryan,All-Male,Ashleigh & Jarrod,Co-Ed,,1.0,2.5,,1.0,0.0,,1.0,,7,2,2.0,0.0,2,0.0,2.0,0,0.0,0.0,2,2.0,0.0
648,54,1,USA25-1,1,,11,2,5,4,0.4090909091,,Misti & Jim,Co-Ed,Lisa & Michelle,All-Female,,6.0,5.2,7.0,0.5,0.6333333333,0.3571428571,0.5869565217,,1,18,9.0,9.0,30,19.0,11.0,28,10.0,18.0,46,27.0,19.0
649,54,2,USA25-2,2,,10,2,5,3,0.45,,Adam & Bethany,Co-Ed,Dennis & Isabelle,Co-Ed,,5.5,4.8,6.666666667,0.5,0.64,0.3333333333,0.5945945946,,1,16,8.0,8.0,25,16.0,9.0,21,7.0,14.0,37,22.0,15.0
650,54,3,USA25-3,3,,9,2,4,3,0.4444444444,,Misti & Jim,Co-Ed,Michael & Scott,All-Male,,8.5,3.0,5.333333333,0.0,0.9,0.4444444444,0.3125,,1,14,0.0,14.0,20,18.0,2.0,18,8.0,10.0,32,10.0,22.0
651,54,4,USA25-4,4,,8,1,4,3,0.375,,Kym & Alli,All-Female,Misti & Jim,Co-Ed,,5.0,5.0,3.666666667,0.4285714286,0.375,0.6666666667,0.3636363636,,1,7,3.0,4.0,16,6.0,10.0,15,10.0,5.0,22,8.0,14.0
652,54,5,USA25-5,5,,8,1,4,3,0.375,,Kym & Alli,All-Female,Keith & Whitney,Co-Ed,,3.0,5.25,4.0,0.7142857143,0.3125,0.6,0.5,,1,7,5.0,2.0,16,5.0,11.0,15,9.0,6.0,22,11.0,11.0
653,54,6,USA25-6,6,,7,1,3,3,0.3571428571,,Misti & Jim,Co-Ed,Shelley & Nici,All-Female,,4.0,2.666666667,5.333333333,0.5,0.8333333333,0.1666666667,0.7222222222,,1,6,3.0,3.0,12,10.0,2.0,12,2.0,10.0,18,13.0,5.0
654,54,7,USA25-7,7,,6,1,3,2,0.4166666667,,Misti & Jim,Co-Ed,Tim & Te Jay,All-Male,,6.0,3.333333333,2.5,0.0,0.5555555556,0.75,0.1538461538,,1,5,0.0,5.0,9,5.0,4.0,8,6.0,2.0,13,2.0,11.0
655,54,8,USA25-8,8,,6,1,3,2,0.4166666667,,Adam & Bethany,Co-Ed,Tim & Te Jay,All-Male,,6.0,2.666666667,3.5,0.0,0.7777777778,0.5,0.3076923077,,1,5,0.0,5.0,9,7.0,2.0,8,4.0,4.0,13,4.0,9.0
656,54,9,USA25-9,9,,5,0,3,2,0.3,,Adam & Bethany,Co-Ed,Kym & Alli,All-Female,,,2.0,4.5,,1.0,0.0,1.0,,1,0,0.0,0.0,6,6.0,0.0,6,0.0,6.0,6,6.0,0.0
657,54,10,USA25-10,10,,4,0,3,1,0.375,,Misti & Jim,Co-Ed,Brooke & Robbie,Co-Ed,,,2.666666667,2.0,,0.3333333333,0.6666666667,0.3333333333,,1,0,0.0,0.0,3,1.0,2.0,3,2.0,1.0,3,1.0,2.0
658,54,11,USA25-11,11,,4,0,3,1,0.375,,Brooke & Robbie,Co-Ed,Amy & Maya,All-Female,,,2.0,4.0,,1.0,0.0,1.0,,1,0,0.0,0.0,3,3.0,0.0,3,0.0,3.0,3,3.0,0.0
659,54,12,USA25-12,12,,4,0,3,1,0.375,,Amy & Maya,All-Female,Brooke & Robbie,Co-Ed,,,3.0,1.0,,0.0,1.0,0.0,,1,0,0.0,0.0,3,0.0,3.0,3,3.0,0.0,3,0.0,3.0
660,55,1,LAM6-1,1,,11,3,7,1,0.5909090909,,Stefanía & Felipe,Co-Ed,Ana & Vantroy,Co-Ed,,4.0,6.857142857,6.0,0.75,0.2857142857,0.5,0.6764705882,,5,24,18.0,6.0,28,8.0,20.0,10,5.0,5.0,34,23.0,11.0
661,55,2,LAM6-2,2,,10,3,6,1,0.6,,Sonia & Gabriel,Co-Ed,Carlos & Orlando,All-Male,,8.333333333,4.666666667,2.0,0.09523809524,0.7083333333,0.8888888889,0.1,,5,21,2.0,19.0,24,17.0,7.0,9,8.0,1.0,30,3.0,27.0
662,55,3,LAM6-3,3,,9,2,6,1,0.5555555556,,Javier & Nicolas,All-Male,Audi & David,Co-Ed,,2.0,5.833333333,6.0,0.9285714286,0.2222222222,0.375,0.8181818182,,5,14,13.0,1.0,18,4.0,14.0,8,3.0,5.0,22,18.0,4.0
663,55,4,LAM6-4,4,,8,2,5,1,0.5625,,Juan & Cecilia,Co-Ed,Clara & Delfina,All-Female,,4.0,4.0,8.0,0.5833333333,0.6666666667,0.0,0.7368421053,,5,12,7.0,5.0,15,10.0,5.0,7,0.0,7.0,19,14.0,5.0
664,55,5,LAM6-5,5,,7,2,5,0,0.6428571429,,Stefanía & Felipe,Co-Ed,Sonia & Gabriel,Co-Ed,,4.5,3.8,,0.4,0.6,,0.4,,5,10,4.0,6.0,10,6.0,4.0,0,0.0,0.0,10,4.0,6.0
665,55,6,LAM6-6,6,,7,2,5,0,0.6428571429,,Stefanía & Felipe,Co-Ed,Sonia & Gabriel,Co-Ed,,4.0,4.0,,0.5,0.5,,0.5,,5,10,5.0,5.0,10,5.0,5.0,0,0.0,0.0,10,5.0,5.0
666,55,7,LAM6-7,7,,6,2,4,0,0.6666666667,,Javier & Nicolas,All-Male,Juan & Cecilia,Co-Ed,,2.0,4.25,,0.875,0.125,,0.875,,5,8,7.0,1.0,8,1.0,7.0,0,0.0,0.0,8,7.0,1.0
667,55,8,LAM6-8,8,,6,2,4,0,0.6666666667,,Christian & Dina,Co-Ed,Stefanía & Felipe,Co-Ed,,2.5,4.0,,0.75,0.25,,0.75,,5,8,6.0,2.0,8,2.0,6.0,0,0.0,0.0,8,6.0,2.0
668,55,9,LAM6-9,9,,5,2,3,0,0.7,,Javier & Nicolas,All-Male,Martín & Jenny,Co-Ed,,2.0,3.666666667,,0.8333333333,0.1666666667,,0.8333333333,,5,6,5.0,1.0,6,1.0,5.0,0,0.0,0.0,6,5.0,1.0
669,55,10,LAM6-10,10,,5,2,3,0,0.7,,Giovanni & Juan Carlos,All-Male,Martín & Jenny,Co-Ed,,2.0,3.666666667,,0.8333333333,0.1666666667,,0.8333333333,,5,6,5.0,1.0,6,1.0,5.0,0,0.0,0.0,6,5.0,1.0
670,55,11,LAM6-11,11,,4,2,2,0,0.75,,Giovanni & Juan Carlos,All-Male,Christian & Dina,Co-Ed,,1.5,3.5,,1.0,0.0,,1.0,,5,4,4.0,0.0,4,0.0,4.0,0,0.0,0.0,4,4.0,0.0
671,55,12,LAM6-12,12,,3,2,1,0,0.8333333333,,Javier & Nicolas,All-Male,Juan & Cecilia,Co-Ed,,1.5,3.0,,1.0,0.0,,1.0,,5,2,2.0,0.0,2,0.0,2.0,0,0.0,0.0,2,2.0,0.0
672,55,13,LAM6-13,13,,3,2,1,0,0.8333333333,,Giovanni & Juan Carlos,All-Male,Juan & Cecilia,Co-Ed,,1.5,3.0,,1.0,0.0,,1.0,,5,2,2.0,0.0,2,0.0,2.0,0,0.0,0.0,2,2.0,0.0
673,56,1,PHI2-1,1,,11,4,3,4,0.5,,Vince & Ed,All-Male,Zarah & Osang,All-Female,,5.25,4.0,8.25,0.6071428571,0.75,0.1785714286,0.7142857143,,11,28,17.0,11.0,24,18.0,6.0,28,5.0,23.0,56,40.0,16.0
674,56,2,PHI2-2,2,,10,4,3,3,0.55,,Matt & Phoebe,Co-Ed,Chen & Luz,All-Female,,6.0,2.333333333,8.0,0.4166666667,0.9523809524,0.1428571429,0.6222222222,,11,24,10.0,14.0,21,20.0,1.0,21,3.0,18.0,45,28.0,17.0
675,56,3,PHI2-3,3,,9,4,3,2,0.6111111111,,Matt & Phoebe,Co-Ed,Daniel & Charlie,All-Male,,6.25,2.0,7.0,0.25,1.0,0.2142857143,0.4705882353,,11,20,5.0,15.0,18,18.0,0.0,14,3.0,11.0,34,16.0,18.0
676,56,4,PHI2-4,4,,8,3,3,2,0.5625,,Matt & Phoebe,Co-Ed,Tina & Avy,All-Female,,5.0,2.333333333,7.0,0.4,0.9333333333,0.08333333333,0.6296296296,,11,15,6.0,9.0,15,14.0,1.0,12,1.0,11.0,27,17.0,10.0
677,56,5,PHI2-5,5,,7,3,3,1,0.6428571429,,AJ & Jody,All-Male,RR & Jeck,All-Female,,3.666666667,3.333333333,7.0,0.5833333333,0.6666666667,0.0,0.7222222222,,11,12,7.0,5.0,12,8.0,4.0,6,0.0,6.0,18,13.0,5.0
678,56,6,PHI2-6,6,,7,3,3,1,0.6428571429,,AJ & Jody,All-Male,RR & Jeck,All-Female,,3.0,4.0,7.0,0.75,0.5,0.0,0.8333333333,,11,12,9.0,3.0,12,6.0,6.0,6,0.0,6.0,18,15.0,3.0
679,56,7,PHI2-7,7,,6,3,3,0,0.75,,Roch & Eji,Co-Ed,AJ & Jody,All-Male,,5.0,2.0,,0.0,1.0,,0.0,,11,9,0.0,9.0,9,9.0,0.0,0,0.0,0.0,9,0.0,9.0
680,56,8,PHI2-8,8,,6,3,3,0,0.75,,Matt & Phoebe,Co-Ed,Vince & Ed,All-Male,,5.0,2.0,,0.0,1.0,,0.0,,11,9,0.0,9.0,9,9.0,0.0,0,0.0,0.0,9,0.0,9.0
681,56,9,PHI2-9,9,,4,1,3,0,0.625,,Kelvin & JP,All-Male,Jet & Yna,Co-Ed,,1.0,3.0,,1.0,0.0,,1.0,,11,3,3.0,0.0,3,0.0,3.0,0,0.0,0.0,3,3.0,0.0
682,56,10,PHI2-10,10,,3,1,2,0,0.6666666667,,Matt & Phoebe,Co-Ed,Roch & Eji,Co-Ed,,2.0,2.0,,0.5,0.5,,0.5,,11,2,1.0,1.0,2,1.0,1.0,0,0.0,0.0,2,1.0,1.0
683,57,1,CHN1-1,1,,8,2,5,1,0.5625,,Jin Dachuan & Liu Chang,All-Male,Bai Jugang & Guan Xiaotong,Co-Ed,,2.5,4.8,7.0,0.8333333333,0.4,0.1428571429,0.8421052632,,14,12,10.0,2.0,15,6.0,9.0,7,1.0,6.0,19,16.0,3.0
684,57,2,CHN1-2,2,,8,2,5,1,0.5625,,Chen Xiaochun & Zheng Yijian,All-Male,Bai Jugang & Guan Xiaotong,Co-Ed,,2.5,4.8,7.0,0.8333333333,0.4,0.1428571429,0.8421052632,,14,12,10.0,2.0,15,6.0,9.0,7,1.0,6.0,19,16.0,3.0
685,57,3,CHN1-3,3,,7,2,4,1,0.5714285714,,Li Xiaopeng & Li Anqi,Co-Ed,Ying Cai'er & Liu Yun,All-Female,,4.0,3.25,7.0,0.5,0.75,0.0,0.6875,,14,10,5.0,5.0,12,9.0,3.0,6,0.0,6.0,16,11.0,5.0
686,57,4,CHN1-4,4,,6,2,4,0,0.6666666667,,Zhong Hanliang & Jackie,Co-Ed,Chen Xiaochun & Zheng Yijian,All-Male,,5.0,2.75,,0.125,0.875,,0.125,,14,8,1.0,7.0,8,7.0,1.0,0,0.0,0.0,8,1.0,7.0
687,57,5,CHN1-5,5,,6,2,4,0,0.6666666667,,Li Xiaopeng & Li Anqi,Co-Ed,Zhang Tielin & Yueliang,Co-Ed,,3.5,3.5,,0.5,0.5,,0.5,,14,8,4.0,4.0,8,4.0,4.0,0,0.0,0.0,8,4.0,4.0
688,57,6,CHN1-6,6,,6,2,4,0,0.6666666667,,Zhong Hanliang & Jackie,Co-Ed,Zhang Tielin & Yueliang,Co-Ed,,4.0,3.25,,0.375,0.625,,0.375,,14,8,3.0,5.0,8,5.0,3.0,0,0.0,0.0,8,3.0,5.0
689,57,7,CHN1-7,7,,5,2,3,0,0.7,,Li Xiaopeng & Li Anqi,Co-Ed,Chen Yiru & Zhou Weitong,Co-Ed,,3.5,2.666666667,,0.3333333333,0.6666666667,,0.3333333333,,14,6,2.0,4.0,6,4.0,2.0,0,0.0,0.0,6,2.0,4.0
690,57,8,CHN1-8,8,,5,2,3,0,0.7,,Zhong Hanliang & Jackie,Co-Ed,Chen Yiru & Zhou Weitong,Co-Ed,,3.5,2.666666667,,0.3333333333,0.6666666667,,0.3333333333,,14,6,2.0,4.0,6,4.0,2.0,0,0.0,0.0,6,2.0,4.0
691,57,9,CHN1-9,9,,5,2,3,0,0.7,,Zhong Hanliang & Jackie,Co-Ed,Chen Xiaochun & Zheng Yijian,All-Male,,4.5,2.0,,0.0,1.0,,0.0,,14,6,0.0,6.0,6,6.0,0.0,0,0.0,0.0,6,0.0,6.0
692,57,10,CHN1-10,10,,4,1,3,0,0.625,,Li Xiaopeng & Li Anqi,Co-Ed,Jin Dachuan & Liu Chang,All-Male,,4.0,2.0,,0.0,1.0,,0.0,,14,3,0.0,3.0,3,3.0,0.0,0,0.0,0.0,3,0.0,3.0
693,57,11,CHN1-11,11,,3,0,3,0,0.5,,Zhong Hanliang & Jackie,Co-Ed,Bai Jugang & Guan Xiaotong,Co-Ed,,,2.0,,,,,,,14,0,0.0,0.0,0,0.0,0.0,0,0.0,0.0,0,0.0,0.0
694,58,1A,ISR4-1A,1,,7,2,2,3,0.4285714286,,Vova & Alla,Co-Ed,Pnina & Hen,All-Female,,5.5,1.5,4.666666667,0.2,1.0,0.3333333333,0.4545454545,,4,10,2.0,8.0,10,10.0,0.0,12,4.0,8.0,22,10.0,12.0
695,58,1B,ISR4-1B,2,,7,2,3,2,0.5,,Yafa & Boaz,Co-Ed,Huti & Tzuki,All-Female,,4.5,2.666666667,5.5,0.4,0.8333333333,0.2,0.6,,4,10,4.0,6.0,12,10.0,2.0,10,2.0,8.0,20,12.0,8.0
696,58,2,ISR4-2,3,,12,4,5,3,0.5416666667,,Daniel & Meiri,All-Male,Irit & Sinai,All-Female,,6.25,6.2,7.333333333,0.53125,0.5428571429,0.4074074074,0.5593220339,,4,32,17.0,15.0,35,19.0,16.0,27,11.0,16.0,59,33.0,26.0
697,58,3,ISR4-3,4,,11,4,5,2,0.5909090909,,Alexa & Raz,Co-Ed,Tiltil & Mizrahi,All-Male,,6.25,5.0,8.0,0.4642857143,0.6666666667,0.2777777778,0.5652173913,,4,28,13.0,15.0,30,20.0,10.0,18,5.0,13.0,46,26.0,20.0
698,58,4,ISR4-4,5,,10,3,5,2,0.55,,Daniel & Meiri,All-Male,Yafa & Boaz,Co-Ed,,3.333333333,6.4,6.5,0.8095238095,0.32,0.375,0.7297297297,,4,21,17.0,4.0,25,8.0,17.0,16,6.0,10.0,37,27.0,10.0
699,58,5,ISR4-5,6,,9,3,4,2,0.5555555556,,Daniel & Meiri,All-Male,Yochi & Linor,All-Female,,3.666666667,5.25,6.5,0.7222222222,0.45,0.2857142857,0.71875,,4,18,13.0,5.0,20,9.0,11.0,14,4.0,10.0,32,23.0,9.0
700,58,6,ISR4-6,7,,9,3,4,2,0.5555555556,,Gal & Liel,Co-Ed,Roni & Yael,All-Female,,3.0,5.0,8.0,0.8333333333,0.5,0.07142857143,0.875,,4,18,15.0,3.0,20,10.0,10.0,14,1.0,13.0,32,28.0,4.0
701,58,7,ISR4-7,8,,8,3,4,1,0.625,,Tom & Uriel,All-Male,Shay & Adi,All-Male,,4.0,4.5,6.0,0.6,0.5,0.2857142857,0.6363636364,,4,15,9.0,6.0,16,8.0,8.0,7,2.0,5.0,22,14.0,8.0
702,58,8,ISR4-8,9,,8,3,4,1,0.625,,Daniel & Meiri,All-Male,Shay & Adi,All-Male,,5.0,4.0,5.0,0.4,0.625,0.4285714286,0.4545454545,,4,15,6.0,9.0,16,10.0,6.0,7,3.0,4.0,22,10.0,12.0
703,58,9,ISR4-9,10,,7,2,4,1,0.5714285714,,Yochi & Linor,All-Female,Alexa & Raz,Co-Ed,,3.0,5.25,1.0,0.7,0.08333333333,1.0,0.4375,,4,10,7.0,3.0,12,1.0,11.0,6,6.0,0.0,16,7.0,9.0
704,58,10,ISR4-10,11,,6,2,3,1,0.5833333333,,Tom & Uriel,All-Male,Daniel & Meiri,All-Male,,3.5,4.0,2.0,0.5,0.3333333333,0.8,0.3846153846,,4,8,4.0,4.0,9,3.0,6.0,5,4.0,1.0,13,5.0,8.0
705,58,11,ISR4-11,12,,5,1,3,1,0.5,,Tom & Uriel,All-Male,Gal & Liel,Co-Ed,,1.0,3.666666667,3.0,1.0,0.1666666667,0.5,0.75,,4,4,4.0,0.0,6,1.0,5.0,4,2.0,2.0,8,6.0,2.0
706,58,12,ISR4-12,13,,4,1,2,1,0.5,,Tom & Uriel,All-Male,Vova & Alla,Co-Ed,,1.0,3.0,3.0,1.0,0.25,0.3333333333,0.8333333333,,4,3,3.0,0.0,4,1.0,3.0,3,1.0,2.0,6,5.0,1.0
707,58,13,ISR4-13,14,,3,1,1,1,0.5,,Shay & Shani,Co-Ed,Yochi & Linor,All-Female,,2.0,1.0,3.0,0.5,1.0,0.0,0.75,,4,2,1.0,1.0,2,2.0,0.0,2,0.0,2.0,4,3.0,1.0
708,59,1,USA26-1,1,,11,2,9,0,0.5909090909,,Jelani & Jenny,Co-Ed,Jeff & Lyda,Co-Ed,,5.5,6.111111111,,0.5555555556,0.4444444444,,0.5555555556,,1,18,10.0,8.0,18,8.0,10.0,0,0.0,0.0,18,10.0,8.0
709,59,2,USA26-2,2,,10,2,8,0,0.6,,Jelani & Jenny,Co-Ed,Libby & CJ,Co-Ed,,4.5,5.75,,0.625,0.375,,0.625,,1,16,10.0,6.0,16,6.0,10.0,0,0.0,0.0,16,10.0,6.0
710,59,3,USA26-3,3,,9,2,7,0,0.6111111111,,Mike & Rochelle,Co-Ed,Harley & Jonathan,All-Male,,8.0,4.142857143,,0.07142857143,0.9285714286,,0.07142857143,,1,14,1.0,13.0,14,13.0,1.0,0,0.0,0.0,14,1.0,13.0
711,59,4,USA26-4,4,,9,2,7,0,0.6111111111,,Bergen & Kurt,All-Male,Harley & Jonathan,All-Male,,5.0,5.0,,0.5,0.5,,0.5,,1,14,7.0,7.0,14,7.0,7.0,0,0.0,0.0,14,7.0,7.0
712,59,5,USA26-5,5,,8,1,7,0,0.5625,,Aly & Steve,Co-Ed,Bergen & Kurt,All-Male,,8.0,4.0,,0.0,1.0,,0.0,,1,7,0.0,7.0,7,7.0,0.0,0,0.0,0.0,7,0.0,7.0
713,59,6,USA26-6,6,,7,0,7,0,0.5,,Hayley & Blair,Co-Ed,Jeff & Jackie,Co-Ed,,,4.0,,,,,,,1,0,0.0,0.0,0,0.0,0.0,0,0.0,0.0,0,0.0,0.0
714,59,7,USA26-7,7,,6,0,6,0,0.5,,Matt & Ashley,Co-Ed,Aly & Steve,Co-Ed,,,3.5,,,,,,,1,0,0.0,0.0,0,0.0,0.0,0,0.0,0.0,0,0.0,0.0
715,59,8,USA26-8,8,,6,0,6,0,0.5,,Laura & Tyler,Co-Ed,Aly & Steve,Co-Ed,,,3.5,,,,,,,1,0,0.0,0.0,0,0.0,0.0,0,0.0,0.0,0,0.0,0.0
716,59,9,USA26-9,9,,5,0,5,0,0.5,,Laura & Tyler,Co-Ed,Matt & Ashley,Co-Ed,,,3.0,,,,,,,1,0,0.0,0.0,0,0.0,0.0,0,0.0,0.0,0,0.0,0.0
717,59,10,USA26-10,10,,5,0,5,0,0.5,,Hayley & Blair,Co-Ed,Matt & Ashley,Co-Ed,,,3.0,,,,,,,1,0,0.0,0.0,0,0.0,0.0,0,0.0,0.0,0,0.0,0.0
718,59,11,USA26-11,11,,4,0,4,0,0.5,,Hayley & Blair,Co-Ed,Mike & Rochelle,Co-Ed,,,2.5,,,,,,,1,0,0.0,0.0,0,0.0,0.0,0,0.0,0.0,0,0.0,0.0
719,59,12,USA26-12,12,,4,0,4,0,0.5,,Laura & Tyler,Co-Ed,Mike & Rochelle,Co-Ed,,,2.5,,,,,,,1,0,0.0,0.0,0,0.0,0.0,0,0.0,0.0,0,0.0,0.0
720,60,1,CAN3-1,1,,12,4,6,2,0.5833333333,,Gino & Jesse,All-Male,Max & Elias,All-Male,,5.5,6.333333333,9.0,0.625,0.5277777778,0.25,0.6730769231,,13,32,20.0,12.0,36,19.0,17.0,20,5.0,15.0,52,35.0,17.0
721,60,2,CAN3-2,2,,11,3,6,2,0.5454545455,,Hamilton & Michaelia,Co-Ed,Susan & Sharnjit,All-Female,,7.0,4.5,9.0,0.375,0.8,0.1666666667,0.5714285714,,13,24,9.0,15.0,30,24.0,6.0,18,3.0,15.0,42,24.0,18.0
722,60,3,CAN3-3,3,,10,3,6,1,0.6,,Neil & Kristin,Co-Ed,Dana & Amanda,All-Female,,3.666666667,5.666666667,10.0,0.7619047619,0.4583333333,0.0,0.8333333333,,13,21,16.0,5.0,24,11.0,13.0,9,0.0,9.0,30,25.0,5.0
723,60,4,CAN3-4,4,,9,3,6,0,0.6666666667,,Dujean & Leilani,Co-Ed,Hamilton & Michaelia,Co-Ed,,4.666666667,5.166666667,,0.5555555556,0.4444444444,,0.5555555556,,13,18,10.0,8.0,18,8.0,10.0,0,0.0,0.0,18,10.0,8.0
724,60,5,CAN3-5,5,,8,3,5,0,0.6875,,Gino & Jesse,All-Male,Simi & Ope,Co-Ed,,3.0,5.4,,0.8,0.2,,0.8,,13,15,12.0,3.0,15,3.0,12.0,0,0.0,0.0,15,12.0,3.0
725,60,6,CAN3-6,6,,8,3,5,0,0.6875,,Gino & Jesse,All-Male,Nic & Sabrina,Co-Ed,,2.333333333,5.8,,0.9333333333,0.06666666667,,0.9333333333,,13,15,14.0,1.0,15,1.0,14.0,0,0.0,0.0,15,14.0,1.0
726,60,7,CAN3-7,7,,7,3,4,0,0.7142857143,,Brent & Sean,All-Male,Neil & Kristin,Co-Ed,,2.666666667,5.0,,0.8333333333,0.1666666667,,0.8333333333,,13,12,10.0,2.0,12,2.0,10.0,0,0.0,0.0,12,10.0,2.0
727,60,8,CAN3-8,8,,6,3,3,0,0.75,,Dujean & Leilani,Co-Ed,Brian & Cynthia,Co-Ed,,3.333333333,3.666666667,,0.5555555556,0.4444444444,,0.5555555556,,13,9,5.0,4.0,9,4.0,5.0,0,0.0,0.0,9,5.0,4.0
728,60,9,CAN3-9,9,,5,3,2,0,0.8,,Nick & Matt,All-Male,Brent & Sean,All-Male,,2.666666667,3.5,,0.6666666667,0.3333333333,,0.6666666667,,13,6,4.0,2.0,6,2.0,4.0,0,0.0,0.0,6,4.0,2.0
729,60,10,CAN3-10,10,,5,3,2,0,0.8,,Gino & Jesse,All-Male,Dujean & Leilani,Co-Ed,,2.0,4.5,,1.0,0.0,,1.0,,13,6,6.0,0.0,6,0.0,6.0,0,0.0,0.0,6,6.0,0.0
730,60,11,CAN3-11,11,,4,3,1,0,0.875,,Brent & Sean,All-Male,Simi & Ope,Co-Ed,,2.0,4.0,,1.0,0.0,,1.0,,13,3,3.0,0.0,3,0.0,3.0,0,0.0,0.0,3,3.0,0.0
731,60,12,CAN3-12,12,,3,3,0,0,1.0,,Gino & Jesse,All-Male,Brent & Sean,All-Male,,2.0,,,,,,,,13,0,0.0,0.0,0,0.0,0.0,0,0.0,0.0,0,0.0,0.0
732,61,1,CHN2-1,1,,6,1,4,1,0.5,,Yang Qianhua & Ding Zigao,Co-Ed,Deng Ziqi & Zhang Yunjing,All-Female,,5.0,2.5,6.0,0.2,1.0,0.0,0.6,,14,5,1.0,4.0,8,8.0,0.0,5,0.0,5.0,10,6.0,4.0
733,61,2,CHN2-2,2,,6,1,4,1,0.5,,Zeng Zhiwei & Zeng Baoyi,Co-Ed,Feng Zhe & Zhu Zhu,Co-Ed,,5.0,3.25,3.0,0.2,0.625,0.6,0.3,,14,5,1.0,4.0,8,5.0,3.0,5,3.0,2.0,10,3.0,7.0
734,61,3,CHN2-3,3,,5,1,3,1,0.5,,Yang Qianhua & Ding Zigao,Co-Ed,Deng Ziqi & Zhang Yunjing,All-Female,,4.0,2.0,5.0,0.25,1.0,0.0,0.625,,14,4,1.0,3.0,6,6.0,0.0,4,0.0,4.0,8,5.0,3.0
735,61,4,CHN2-4,4,,5,1,3,1,0.5,,Deng Ziqi & Zhang Yunjing,All-Female,Zeng Zhiwei & Zeng Baoyi,Co-Ed,,4.0,3.333333333,1.0,0.25,0.3333333333,1.0,0.125,,14,4,1.0,3.0,6,2.0,4.0,4,4.0,0.0,8,1.0,7.0
736,61,5,CHN2-5,5,,4,1,2,1,0.5,,Han Geng & Wu Xin,Co-Ed,Deng Ziqi & Zhang Yunjing,All-Female,,3.0,1.5,4.0,0.3333333333,1.0,0.0,0.6666666667,,14,3,1.0,2.0,4,4.0,0.0,3,0.0,3.0,6,4.0,2.0
737,61,6,CHN2-6,6,,4,1,2,1,0.5,,Han Geng & Wu Xin,Co-Ed,Deng Ziqi & Zhang Yunjing,All-Female,,2.0,2.0,4.0,0.6666666667,0.75,0.0,0.8333333333,,14,3,2.0,1.0,4,3.0,1.0,3,0.0,3.0,6,5.0,1.0
738,61,7,CHN2-7,7,,4,1,3,0,0.625,,Yuan Zihui & Yuan Heyu,Co-Ed,Yang Qianhua & Ding Zigao,Co-Ed,,3.0,2.333333333,,0.3333333333,0.6666666667,,0.3333333333,,14,3,1.0,2.0,3,2.0,1.0,0,0.0,0.0,3,1.0,2.0
739,61,8,CHN2-8,8,,4,1,3,0,0.625,,"Han Geng & Wu Xin, Yang Qianhua & Ding Zigao","Co-Ed, Co-Ed",Yuan Zihui & Yuan Heyu,Co-Ed,,3.0,2.0,,0.3333333333,0.6666666667,,0.3333333333,,14,3,1.0,2.0,3,2.0,1.0,0,0.0,0.0,3,1.0,2.0
740,61,9,CHN2-9,9,,4,2,2,0,0.75,,Xiao Yang & Wang Taili,All-Male,Han Geng & Wu Xin,Co-Ed,,1.5,3.5,,1.0,0.0,,1.0,,14,4,4.0,0.0,4,0.0,4.0,0,0.0,0.0,4,4.0,0.0
741,61,10,CHN2-10,10,,3,1,2,0,0.6666666667,,Han Geng & Wu Xin,Co-Ed,Xiao Yang & Wang Taili,All-Male,,3.0,1.5,,0.0,1.0,,0.0,,14,2,0.0,2.0,2,2.0,0.0,0,0.0,0.0,2,0.0,2.0
742,62,1,VIE4-1,1,,8,2,3,3,0.4375,,Nhật Anh & Ngọc Anh,Co-Ed,Băng Di & Trang Pháp,All-Female,,3.5,2.666666667,7.0,0.6666666667,0.8666666667,0.0,0.8518518519,,9,12,8.0,4.0,15,13.0,2.0,15,0.0,15.0,27,23.0,4.0
743,62,2,VIE4-2,2,,8,2,3,3,0.4375,,Tim & Anh Đức,All-Male,Băng Di & Trang Pháp,All-Female,,3.0,5.0,5.0,0.75,0.4,0.4,0.6666666667,,9,12,9.0,3.0,15,6.0,9.0,15,6.0,9.0,27,18.0,9.0
744,62,3,VIE4-3,3,,8,2,3,3,0.4375,,Nhật Anh & Ngọc Anh,Co-Ed,Tim & Anh Đức,All-Male,,6.0,3.333333333,4.666666667,0.25,0.7333333333,0.4666666667,0.4074074074,,9,12,3.0,9.0,15,11.0,4.0,15,7.0,8.0,27,11.0,16.0
745,62,4,VIE4-4,4,,8,2,3,3,0.4375,,Nhật Anh & Ngọc Anh,Co-Ed,Tim & Anh Đức,All-Male,,5.0,4.0,4.666666667,0.4166666667,0.6,0.4666666667,0.4814814815,,9,12,5.0,7.0,15,9.0,6.0,15,7.0,8.0,27,13.0,14.0
746,62,5,VIE4-5,5,,7,1,3,3,0.3571428571,,Nam Thành & Hải Băng,Co-Ed,Song Ngư & Trúc Như,All-Female,,4.0,2.666666667,5.333333333,0.5,0.8333333333,0.1666666667,0.7222222222,,9,6,3.0,3.0,12,10.0,2.0,12,2.0,10.0,18,13.0,5.0
747,62,6,VIE4-6,6,,7,1,3,3,0.3571428571,,Nhật Anh & Ngọc Anh,Co-Ed,Song Ngư & Trúc Như,All-Female,,6.0,2.666666667,4.666666667,0.1666666667,0.8333333333,0.3333333333,0.5,,9,6,1.0,5.0,12,10.0,2.0,12,4.0,8.0,18,9.0,9.0
748,62,7,VIE4-7,7,,6,1,3,2,0.4166666667,,Nam Thành & Hải Băng,Co-Ed,Nhật Anh & Ngọc Anh,Co-Ed,,5.0,3.666666667,2.5,0.2,0.4444444444,0.75,0.2307692308,,9,5,1.0,4.0,9,4.0,5.0,8,6.0,2.0,13,3.0,10.0
749,62,8,VIE4-8,8,,6,1,3,2,0.4166666667,,Nhật Anh & Ngọc Anh,Co-Ed,Phương Ly & Joo Young,All-Female,,2.0,2.666666667,5.5,0.8,0.7777777778,0.0,0.9230769231,,9,5,4.0,1.0,9,7.0,2.0,8,0.0,8.0,13,12.0,1.0
750,62,9,VIE4-9,9,,5,1,3,1,0.5,,Nhật Anh & Ngọc Anh,Co-Ed,Nam Thành & Hải Băng,Co-Ed,,2.0,3.0,4.0,0.75,0.5,0.25,0.75,,9,4,3.0,1.0,6,3.0,3.0,4,1.0,3.0,8,6.0,2.0
751,62,10,VIE4-10,10,,4,1,2,1,0.5,,Chí Thành & Lincoln,All-Male,Đăng Hoàng & Thùy Anh,Co-Ed,,1.0,3.0,3.0,1.0,0.25,0.3333333333,0.8333333333,,9,3,3.0,0.0,4,1.0,3.0,3,1.0,2.0,6,5.0,1.0
752,62,11,VIE4-11,11,,3,1,1,1,0.5,,Nhật Anh & Ngọc Anh,Co-Ed,Băng Di & Trang Pháp,All-Female,,2.0,1.0,3.0,0.5,1.0,0.0,0.75,,9,2,1.0,1.0,2,2.0,0.0,2,0.0,2.0,4,3.0,1.0
753,63,1,USA27-1,1,,11,3,5,3,0.5,,Tanner & Josh,All-Male,Kelly & Shevonne,All-Female,,4.666666667,5.8,7.666666667,0.6666666667,0.5333333333,0.2916666667,0.6875,,1,24,16.0,8.0,30,16.0,14.0,24,7.0,17.0,48,33.0,15.0
754,63,2,USA27-2,2,,10,3,5,2,0.55,,Justin & Diana,Co-Ed,Alex & Adam,All-Male,,7.0,4.0,7.0,0.2857142857,0.8,0.3125,0.4594594595,,1,21,6.0,15.0,25,20.0,5.0,16,5.0,11.0,37,17.0,20.0
755,63,3,USA27-3,3,,9,2,5,2,0.5,,Tanner & Josh,All-Male,Ernest & Jin,All-Male,,5.0,4.6,6.0,0.5,0.6,0.3571428571,0.5714285714,,1,14,7.0,7.0,20,12.0,8.0,14,5.0,9.0,28,16.0,12.0
756,63,4,USA27-4,4,,8,1,5,2,0.4375,,Justin & Diana,Co-Ed,Tiffany & Krista,All-Female,,2.0,3.8,7.5,0.8571428571,0.7333333333,0.0,0.9473684211,,1,7,6.0,1.0,15,11.0,4.0,12,0.0,12.0,19,18.0,1.0
757,63,5,USA27-5,5,,8,1,5,2,0.4375,,Denise & James Earl,Co-Ed,Jazmine & Danielle,All-Female,,3.0,4.0,6.5,0.7142857143,0.6666666667,0.1666666667,0.7894736842,,1,7,5.0,2.0,15,10.0,5.0,12,2.0,10.0,19,15.0,4.0
758,63,6,USA27-6,6,,7,1,5,1,0.5,,Justin & Diana,Co-Ed,Denise & James Earl,Co-Ed,,4.0,4.4,2.0,0.5,0.3,0.8333333333,0.3333333333,,1,6,3.0,3.0,10,3.0,7.0,6,5.0,1.0,12,4.0,8.0
759,63,7,USA27-7,7,,7,1,5,1,0.5,,Justin & Diana,Co-Ed,Cindy & Rick,Co-Ed,,4.0,4.2,3.0,0.5,0.4,0.6666666667,0.4166666667,,1,6,3.0,3.0,10,4.0,6.0,6,4.0,2.0,12,5.0,7.0
760,63,8,USA27-8,8,,6,1,4,1,0.5,,Justin & Diana,Co-Ed,Tanner & Josh,All-Male,,6.0,2.5,5.0,0.0,1.0,0.2,0.4,,1,5,0.0,5.0,8,8.0,0.0,5,1.0,4.0,10,4.0,6.0
761,63,9,USA27-9,9,,6,1,4,1,0.5,,Justin & Diana,Co-Ed,Tanner & Josh,All-Male,,6.0,2.75,4.0,0.0,0.875,0.4,0.3,,1,5,0.0,5.0,8,7.0,1.0,5,2.0,3.0,10,3.0,7.0
762,63,10,USA27-10,10,,5,0,4,1,0.4,,Justin & Diana,Co-Ed,Denise & James Earl,Co-Ed,,,3.0,3.0,,0.5,0.5,0.5,,1,0,0.0,0.0,4,2.0,2.0,4,2.0,2.0,4,2.0,2.0
763,63,11,USA27-11,11,,4,0,3,1,0.375,,Logan & Chris,Co-Ed,Tiffany & Krista,All-Female,,,2.0,4.0,,1.0,0.0,1.0,,1,0,0.0,0.0,3,3.0,0.0,3,0.0,3.0,3,3.0,0.0
764,63,12,USA27-12,12,,3,0,3,0,0.5,,Kelsey & Joey,Co-Ed,Logan & Chris,Co-Ed,,,2.0,,,,,,,1,0,0.0,0.0,0,0.0,0.0,0,0.0,0.0,0,0.0,0.0
765,64,1,USA28-1,1,,11,4,4,3,0.5454545455,,Dana & Matt,Co-Ed,Scott & Blair,All-Male,,5.5,4.75,8.333333333,0.5714285714,0.6785714286,0.2083333333,0.6730769231,,1,28,16.0,12.0,28,19.0,9.0,24,5.0,19.0,52,35.0,17.0
766,64,2,USA28-2,2,,11,4,4,3,0.5454545455,,Tyler & Korey,All-Male,Marty & Hagan,All-Female,,5.5,5.25,7.666666667,0.5714285714,0.6071428571,0.2916666667,0.6346153846,,1,28,16.0,12.0,28,17.0,11.0,24,7.0,17.0,52,33.0,19.0
767,64,3,USA28-3,3,,10,4,4,2,0.6,,Brodie & Kurt,All-Male,Darius & Cameron,All-Male,,5.25,5.5,6.0,0.5416666667,0.5,0.4375,0.55,,1,24,13.0,11.0,24,12.0,12.0,16,7.0,9.0,40,22.0,18.0
768,64,4,USA28-4,4,,9,3,4,2,0.5555555556,,Brodie & Kurt,All-Male,Brittany & Jessica,All-Female,,3.666666667,4.75,7.5,0.7222222222,0.55,0.1428571429,0.78125,,1,18,13.0,5.0,20,11.0,9.0,14,2.0,12.0,32,25.0,7.0
769,64,5,USA28-5,5,,8,3,4,1,0.625,,Tyler & Korey,All-Male,Erin & Joslyn,All-Female,,2.333333333,5.25,8.0,0.9333333333,0.3125,0.0,0.9545454545,,1,15,14.0,1.0,16,5.0,11.0,7,0.0,7.0,22,21.0,1.0
770,64,6,USA28-6,6,,7,3,4,0,0.7142857143,,Brodie & Kurt,All-Male,Sheri & Cole,Co-Ed,,4.0,4.0,,0.5,0.5,,0.5,,1,12,6.0,6.0,12,6.0,6.0,0,0.0,0.0,12,6.0,6.0
771,64,7,USA28-7,7,,7,3,4,0,0.7142857143,,Zach & Rachel,Co-Ed,Scott & Blair,All-Male,,5.333333333,3.0,,0.1666666667,0.8333333333,,0.1666666667,,1,12,2.0,10.0,12,10.0,2.0,0,0.0,0.0,12,2.0,10.0
772,64,8,USA28-8,8,,6,2,4,0,0.6666666667,,Brodie & Kurt,All-Male,Sheri & Cole,Co-Ed,,2.0,4.25,,0.875,0.125,,0.875,,1,8,7.0,1.0,8,1.0,7.0,0,0.0,0.0,8,7.0,1.0
773,64,9,USA28-9,9,,6,2,4,0,0.6666666667,,Tyler & Korey,All-Male,Zach & Rachel,Co-Ed,,3.0,3.75,,0.625,0.375,,0.625,,1,8,5.0,3.0,8,3.0,5.0,0,0.0,0.0,8,5.0,3.0
774,64,10,USA28-10,10,,5,2,3,0,0.7,,Tyler & Korey,All-Male,Brodie & Kurt,All-Male,,3.0,3.0,,0.5,0.5,,0.5,,1,6,3.0,3.0,6,3.0,3.0,0,0.0,0.0,6,3.0,3.0
775,64,11,USA28-11,11,,4,1,3,0,0.625,,Tyler & Korey,All-Male,Burnie & Ashley,Co-Ed,,1.0,3.0,,1.0,0.0,,1.0,,1,3,3.0,0.0,3,0.0,3.0,0,0.0,0.0,3,3.0,0.0
776,64,12,USA28-12,12,,3,1,2,0,0.6666666667,,Dana & Matt,Co-Ed,Tyler & Korey,All-Male,,3.0,1.5,,0.0,1.0,,0.0,,1,2,0.0,2.0,2,2.0,0.0,0,0.0,0.0,2,0.0,2.0
777,65,1,VIE5-1,1,,10,1,8,1,0.5,,Tiến Đạt & Thúc Lĩnh Lincoln,All-Male,Song Ngư & Trúc Như,All-Female,,1.0,5.5,10.0,1.0,0.5,0.0,1.0,,9,9,9.0,0.0,16,8.0,8.0,9,0.0,9.0,18,18.0,0.0
778,65,2,VIE5-2,2,,10,1,8,1,0.5,,Tiến Đạt & Thúc Lĩnh Lincoln,All-Male,Đăng Hoàng & Thùy Anh,Co-Ed,,1.0,5.625,9.0,1.0,0.4375,0.1111111111,0.9444444444,,9,9,9.0,0.0,16,7.0,9.0,9,1.0,8.0,18,17.0,1.0
779,65,3,VIE5-3,3,,9,1,7,1,0.5,,Tiến Đạt & Thúc Lĩnh Lincoln,All-Male,Richie & Mimi,Co-Ed,,1.0,5.142857143,8.0,1.0,0.4285714286,0.125,0.9375,,9,8,8.0,0.0,14,6.0,8.0,8,1.0,7.0,16,15.0,1.0
780,65,4,VIE5-4,4,,9,1,7,1,0.5,,Pha Lê & Hà Việt Dũng,Co-Ed,Sơn Ngọc Minh & Mâu Thanh Thủy,Co-Ed,,2.0,5.0,8.0,0.875,0.5,0.125,0.875,,9,8,7.0,1.0,14,7.0,7.0,8,1.0,7.0,16,14.0,2.0
781,65,5,VIE5-5,5,,8,1,6,1,0.5,,Hương Giang & Criss Lai,Co-Ed,Richie & Mimi,Co-Ed,,3.0,5.166666667,2.0,0.7142857143,0.1666666667,0.8571428571,0.4285714286,,9,7,5.0,2.0,12,2.0,10.0,7,6.0,1.0,14,6.0,8.0
782,65,6,VIE5-6,6,,7,1,5,1,0.5,,Nhan Phúc Vinh & Thuỳ Dung,Co-Ed,Trần Hiền & Minh Long,Co-Ed,,2.0,4.0,6.0,0.8333333333,0.5,0.1666666667,0.8333333333,,9,6,5.0,1.0,10,5.0,5.0,6,1.0,5.0,12,10.0,2.0
783,65,7,VIE5-7,7,,6,1,4,1,0.5,,Anh Tuấn & Thanh Hoa,Co-Ed,Song Ngư & Trúc Như,All-Female,,2.0,3.25,6.0,0.8,0.625,0.0,0.9,,9,5,4.0,1.0,8,5.0,3.0,5,0.0,5.0,10,9.0,1.0
784,65,8,VIE5-8,8,,5,1,4,0,0.6,,Hương Giang & Criss Lai,Co-Ed,Anh Tuấn & Thanh Hoa,Co-Ed,,2.0,3.25,,0.75,0.25,,0.75,,9,4,3.0,1.0,4,1.0,3.0,0,0.0,0.0,4,3.0,1.0
785,65,9,VIE5-9,9,,4,1,3,0,0.625,,Hương Giang & Criss Lai,Co-Ed,Pha Lê & Hà Việt Dũng,Co-Ed,,2.0,2.666666667,,0.6666666667,0.3333333333,,0.6666666667,,9,3,2.0,1.0,3,1.0,2.0,0,0.0,0.0,3,2.0,1.0
786,65,10,VIE5-10,10,,4,1,3,0,0.625,,Tiến Đạt & Thúc Lĩnh Lincoln,All-Male,Pha Lê & Hà Việt Dũng,Co-Ed,,1.0,3.0,,1.0,0.0,,1.0,,9,3,3.0,0.0,3,0.0,3.0,0,0.0,0.0,3,3.0,0.0
787,65,11,VIE5-11,11,,3,1,2,0,0.6666666667,,Tiến Đạt & Thúc Lĩnh Lincoln,All-Male,Nhan Phúc Vinh & Thuỳ Dung,Co-Ed,,1.0,2.5,,1.0,0.0,,1.0,,9,2,2.0,0.0,2,0.0,2.0,0,0.0,0.0,2,2.0,0.0
788,66,1A,ISR5-1A,1,,7,3,3,1,0.6428571429,,Amit & Raz,All-Male,Avi & Avi,All-Male,,4.666666667,3.666666667,3.0,0.3333333333,0.5833333333,0.6666666667,0.3333333333,,4,12,4.0,8.0,12,7.0,5.0,6,4.0,2.0,18,6.0,12.0
789,66,1B,ISR5-1B,2,,7,2,3,2,0.5,,Gali & Daniel,Co-Ed,Yossi & Lee,Co-Ed,,2.5,4.333333333,5.0,0.8,0.4166666667,0.3,0.75,,4,10,8.0,2.0,12,5.0,7.0,10,3.0,7.0,20,15.0,5.0
790,66,2,ISR5-2,3,,12,4,5,3,0.5416666667,,Lee & Tal,All-Female,Shira & Bar,All-Female,,6.75,6.6,6.0,0.46875,0.4857142857,0.5555555556,0.4576271186,,4,32,15.0,17.0,35,17.0,18.0,27,15.0,12.0,59,27.0,32.0
791,66,3,ISR5-3,4,,11,4,5,2,0.5909090909,,Monada & Adriano,Co-Ed,Dor & Sapir,Co-Ed,,5.75,5.2,8.5,0.5357142857,0.6333333333,0.2222222222,0.6304347826,,4,28,15.0,13.0,30,19.0,11.0,18,4.0,14.0,46,29.0,17.0
792,66,4,ISR5-4,5,,10,4,4,2,0.6,,Monada & Adriano,Co-Ed,Gali & Daniel,Co-Ed,,5.75,4.5,7.0,0.4583333333,0.6666666667,0.3125,0.55,,4,24,11.0,13.0,24,16.0,8.0,16,5.0,11.0,40,22.0,18.0
793,66,5,ISR5-5,6,,9,4,3,2,0.6111111111,,Josie & Alex,All-Male,Tzion & Aviv,All-Male,,4.75,4.666666667,6.0,0.55,0.5555555556,0.3571428571,0.5882352941,,4,20,11.0,9.0,18,10.0,8.0,14,5.0,9.0,34,20.0,14.0
794,66,6,ISR5-6,7,,9,4,3,2,0.6111111111,,Josie & Alex,All-Male,Naomi & Hen,All-Female,,3.25,5.0,8.5,0.85,0.5,0.0,0.9117647059,,4,20,17.0,3.0,18,9.0,9.0,14,0.0,14.0,34,31.0,3.0
795,66,7,ISR5-7,8,,8,4,3,1,0.6875,,Amit & Raz,All-Male,Monada & Adriano,Co-Ed,,3.0,6.333333333,5.0,0.875,0.1333333333,0.4285714286,0.7826086957,,4,16,14.0,2.0,15,2.0,13.0,7,3.0,4.0,23,18.0,5.0
796,66,8,ISR5-8,9,,7,4,2,1,0.7142857143,,Amit & Raz,All-Male,Shon & Kim,Co-Ed,,3.5,4.5,5.0,0.6666666667,0.4,0.3333333333,0.6666666667,,4,12,8.0,4.0,10,4.0,6.0,6,2.0,4.0,18,12.0,6.0
797,66,9,ISR5-9,10,,6,4,1,1,0.75,,Tzion & Aviv,All-Male,Josie & Alex,All-Male,,3.5,4.0,3.0,0.5,0.4,0.6,0.4615384615,,4,8,4.0,4.0,5,2.0,3.0,5,3.0,2.0,13,6.0,7.0
798,66,10,ISR5-10,11,,6,4,1,1,0.75,,Yael & Yosiel,Co-Ed,Ben & Ori,All-Male,,4.0,1.0,4.0,0.25,1.0,0.4,0.3846153846,,4,8,2.0,6.0,5,5.0,0.0,5,2.0,3.0,13,5.0,8.0
799,66,11,ISR5-11,12,,5,3,1,1,0.7,,Amit & Raz,All-Male,Yael & Yosiel,Co-Ed,,2.333333333,5.0,3.0,0.8333333333,0.0,0.5,0.7,,4,6,5.0,1.0,4,0.0,4.0,4,2.0,2.0,10,7.0,3.0
800,66,12,ISR5-12,13,,4,3,0,1,0.75,,Lee & Tal,All-Female,Tzion & Aviv,All-Male,,3.0,,1.0,0.0,,1.0,0.0,,4,3,0.0,3.0,0,0.0,0.0,3,3.0,0.0,6,0.0,6.0
801,66,13,ISR5-13,14,,3,2,0,1,0.6666666667,,Amit & Raz,All-Male,Josie & Alex,All-Male,,2.0,,2.0,0.5,,0.5,0.5,,4,2,1.0,1.0,0,0.0,0.0,2,1.0,1.0,4,2.0,2.0
802,67,1,CAN4-1,1,,10,2,3,5,0.35,,Jillian & Emmett,Co-Ed,Anthony & Brandon,All-Male,,6.5,3.333333333,6.4,0.375,0.8095238095,0.32,0.5609756098,,13,16,6.0,10.0,21,17.0,4.0,25,8.0,17.0,41,23.0,18.0
803,67,2,CAN4-2,2,,9,1,3,5,0.2777777778,,Jillian & Emmett,Co-Ed,Kelly & Kate,All-Female,,2.0,4.0,6.2,0.875,0.6666666667,0.2,0.8214285714,,13,8,7.0,1.0,18,12.0,6.0,20,4.0,16.0,28,23.0,5.0
804,67,3,CAN4-3,3,,9,1,3,5,0.2777777778,,Joel & Ashley,Co-Ed,Stéphane & Antoine,All-Male,,9.0,4.0,4.8,0.0,0.6666666667,0.55,0.3214285714,,13,8,0.0,8.0,18,12.0,6.0,20,11.0,9.0,28,9.0,19.0
805,67,4,CAN4-4,4,,8,0,3,5,0.1875,,Kelly & Kate,All-Female,Anne & Tanya,All-Female,,,6.0,3.6,,0.2,0.8,0.2,,13,0,0.0,0.0,15,3.0,12.0,15,12.0,3.0,15,3.0,12.0
806,67,5,CAN4-5,5,,7,0,3,4,0.2142857143,,Steph & Kristen,All-Female,Kelly & Kate,All-Female,,,4.0,4.0,,0.5,0.5,0.5,,13,0,0.0,0.0,12,6.0,6.0,12,6.0,6.0,12,6.0,6.0
807,67,6,CAN4-6,6,,6,0,3,3,0.25,,Steph & Kristen,All-Female,Joel & Ashley,Co-Ed,,,3.666666667,3.333333333,,0.4444444444,0.5555555556,0.4444444444,,13,0,0.0,0.0,9,4.0,5.0,9,5.0,4.0,9,4.0,5.0
808,67,7,CAN4-7,7,,6,0,3,3,0.25,,Steph & Kristen,All-Female,Julie & Lowell,Co-Ed,,,4.333333333,2.666666667,,0.2222222222,0.7777777778,0.2222222222,,13,0,0.0,0.0,9,2.0,7.0,9,7.0,2.0,9,2.0,7.0
809,67,8,CAN4-8,8,,5,0,2,3,0.2,,Jillian & Emmett,Co-Ed,Rita & Yvette,All-Female,,,1.5,4.0,,1.0,0.0,1.0,,13,0,0.0,0.0,6,6.0,0.0,6,0.0,6.0,6,6.0,0.0
810,67,9,CAN4-9,9,,5,0,2,3,0.2,,Jillian & Emmett,Co-Ed,Rita & Yvette,All-Female,,,2.5,3.333333333,,0.6666666667,0.3333333333,0.6666666667,,13,0,0.0,0.0,6,4.0,2.0,6,2.0,4.0,6,4.0,2.0
811,67,10,CAN4-10,10,,4,0,2,2,0.25,,Steph & Kristen,All-Female,Frankie & Amy,All-Female,,,2.5,2.5,,0.5,0.5,0.5,,13,0,0.0,0.0,4,2.0,2.0,4,2.0,2.0,4,2.0,2.0
812,67,11,CAN4-11,11,,3,0,2,1,0.3333333333,,Steph & Kristen,All-Female,Joel & Ashley,Co-Ed,,,2.5,1.0,,0.0,1.0,0.0,,13,0,0.0,0.0,2,0.0,2.0,2,2.0,0.0,2,0.0,2.0
813,68,1,CHN3-1,1,,8,3,3,2,0.5625,,Jin Dachuan & Liu Chang,All-Male,Zhang Meixi & Zang Yafei,All-Female,,4.0,4.666666667,5.0,0.6,0.4666666667,0.4166666667,0.5925925926,,14,15,9.0,6.0,15,7.0,8.0,12,5.0,7.0,27,16.0,11.0
814,68,2,CHN3-2,2,,8,3,3,2,0.5625,,Zhang Zhehan & Zhang Sifan,All-Male,Zhang Meixi & Zang Yafei,All-Female,,2.333333333,4.666666667,7.5,0.9333333333,0.4666666667,0.0,0.962962963,,14,15,14.0,1.0,15,7.0,8.0,12,0.0,12.0,27,26.0,1.0
815,68,3,CHN3-3,3,,7,3,3,1,0.6428571429,,Huang Tingting & Sun Rui,All-Female,Jin Xing & Heinz,Co-Ed,,3.333333333,5.666666667,1.0,0.6666666667,0.08333333333,1.0,0.4444444444,,14,12,8.0,4.0,12,1.0,11.0,6,6.0,0.0,18,8.0,10.0
816,68,4,CHN3-4,4,,7,3,3,1,0.6428571429,,Wu Jianhao & Yao Fengfeng,Co-Ed,Jin Xing & Heinz,Co-Ed,,3.666666667,3.666666667,6.0,0.5833333333,0.5833333333,0.1666666667,0.6666666667,,14,12,7.0,5.0,12,7.0,5.0,6,1.0,5.0,18,12.0,6.0
817,68,5,CHN3-5,5,,7,3,3,1,0.6428571429,,Wu Jianhao & Yao Fengfeng,Co-Ed,Huang Tingting & Sun Rui,All-Female,,4.333333333,2.666666667,7.0,0.4166666667,0.8333333333,0.0,0.6111111111,,14,12,5.0,7.0,12,10.0,2.0,6,0.0,6.0,18,11.0,7.0
818,68,6,CHN3-6,6,,6,3,3,0,0.75,,Liu Xiang & Xu Qifeng,All-Male,Jin Xing & Heinz,Co-Ed,,2.666666667,4.333333333,,0.7777777778,0.2222222222,,0.7777777778,,14,9,7.0,2.0,9,2.0,7.0,0,0.0,0.0,9,7.0,2.0
819,68,7,CHN3-7,7,,5,3,2,0,0.8,,Jin Dachuan & Liu Chang,All-Male,Zhang Zhehan & Zhang Sifan,All-Male,,3.0,3.0,,0.5,0.5,,0.5,,14,6,3.0,3.0,6,3.0,3.0,0,0.0,0.0,6,3.0,3.0
820,68,8,CHN3-8,8,,4,2,2,0,0.75,,Guo Jingjing & Huo Qigang,Co-Ed,Jin Dachuan & Liu Chang,All-Male,,3.5,1.5,,0.0,1.0,,0.0,,14,4,0.0,4.0,4,4.0,0.0,0,0.0,0.0,4,0.0,4.0
821,68,9,CHN3-9,9,,4,2,2,0,0.75,,Liu Xiang & Xu Qifeng,All-Male,Wu Jianhao & Yao Fengfeng,Co-Ed,,2.0,3.0,,0.75,0.25,,0.75,,14,4,3.0,1.0,4,1.0,3.0,0,0.0,0.0,4,3.0,1.0
822,68,10,CHN3-10,10,,3,2,1,0,0.8333333333,,Guo Jingjing & Huo Qigang,Co-Ed,Liu Xiang & Xu Qifeng,All-Male,,2.5,1.0,,0.0,1.0,,0.0,,14,2,0.0,2.0,2,2.0,0.0,0,0.0,0.0,2,0.0,2.0
823,69,1,ASI5-1,1,,11,3,4,4,0.4545454545,,Alphaeus & Brandon,All-Male,Lisa & Nicole,All-Female,,3.0,7.0,7.25,0.875,0.3571428571,0.3214285714,0.7692307692,,2,24,21.0,3.0,28,10.0,18.0,28,9.0,19.0,52,40.0,12.0
824,69,2,ASI5-2,2,,9,3,3,3,0.5,,Yvonne & Chloe,All-Female,Alphaeus & Brandon,All-Male,,8.0,3.666666667,3.333333333,0.0,0.7222222222,0.7777777778,0.1111111111,,2,18,0.0,18.0,18,13.0,5.0,18,14.0,4.0,36,4.0,32.0
825,69,3,ASI5-3,3,,8,2,3,3,0.4375,,Treasuri & Louisa,All-Female,Rach & Vicky,Co-Ed,,4.5,6.0,3.0,0.5,0.2,0.8,0.3333333333,,2,12,6.0,6.0,15,3.0,12.0,15,12.0,3.0,27,9.0,18.0
826,69,4,ASI5-4,4,,8,2,3,3,0.4375,,Treasuri & Louisa,All-Female,Rach & Vicky,Co-Ed,,6.5,4.666666667,3.0,0.1666666667,0.4666666667,0.8,0.1851851852,,2,12,2.0,10.0,15,7.0,8.0,15,12.0,3.0,27,5.0,22.0
827,69,5,ASI5-5,5,,7,2,2,3,0.4285714286,,Treasuri & Louisa,All-Female,Will & Alex,All-Male,,6.0,4.5,2.333333333,0.1,0.4,0.9166666667,0.09090909091,,2,10,1.0,9.0,10,4.0,6.0,12,11.0,1.0,22,2.0,20.0
828,69,6,ASI5-6,6,,6,1,2,3,0.3333333333,,JK & Mike,All-Male,Anita & Tom,Co-Ed,,1.0,5.0,3.333333333,1.0,0.125,0.5555555556,0.6428571429,,2,5,5.0,0.0,8,1.0,7.0,9,5.0,4.0,14,9.0,5.0
829,69,7,ASI5-7,7,,5,1,1,3,0.3,,JK & Mike,All-Male,Eric & Rona,Co-Ed,,1.0,5.0,3.0,1.0,0.0,0.5,0.7,,2,4,4.0,0.0,4,0.0,4.0,6,3.0,3.0,10,7.0,3.0
830,69,8,ASI5-8,8,,5,1,1,3,0.3,,Treasuri & Louisa,All-Female,JK & Mike,All-Male,,5.0,2.0,2.666666667,0.0,0.75,0.6666666667,0.2,,2,4,0.0,4.0,4,3.0,1.0,6,4.0,2.0,10,2.0,8.0
831,69,9,ASI5-9,9,,4,0,1,3,0.125,,Eric & Rona,Co-Ed,Treasuri & Louisa,All-Female,,,1.0,3.0,,1.0,0.0,1.0,,2,0,0.0,0.0,3,3.0,0.0,3,0.0,3.0,3,3.0,0.0
832,69,10,ASI5-10,10,,3,0,1,2,0.1666666667,,Parul & Maggie,All-Female,Eric & Rona,Co-Ed,,,3.0,1.5,,0.0,1.0,0.0,,2,0,0.0,0.0,2,0.0,2.0,2,2.0,0.0,2,0.0,2.0
833,70,1,USA29-1,1,,11,1,9,1,0.5,,Seth & Olive,Co-Ed,Kevin & Jenn,Co-Ed,,3.0,6.0,9.0,0.8,0.5,0.2,0.8,,1,10,8.0,2.0,18,9.0,9.0,10,2.0,8.0,20,16.0,4.0
834,70,2,USA29-2,2,,10,1,8,1,0.5,,Liz & Michael,Co-Ed,Jessie & Francesca,All-Female,,3.0,5.25,10.0,0.7777777778,0.625,0.0,0.8888888889,,1,9,7.0,2.0,16,10.0,6.0,9,0.0,9.0,18,16.0,2.0
835,70,3,USA29-3,3,,9,1,8,0,0.5555555556,,Liz & Michael,Co-Ed,Seth & Olive,Co-Ed,,4.0,5.125,,0.625,0.375,,0.625,,1,8,5.0,3.0,8,3.0,5.0,0,0.0,0.0,8,5.0,3.0
836,70,4,USA29-4,4,,8,1,7,0,0.5625,,Tara & Joey,Co-Ed,Shamir & Sara,Co-Ed,,4.0,4.571428571,,0.5714285714,0.4285714286,,0.5714285714,,1,7,4.0,3.0,7,3.0,4.0,0,0.0,0.0,7,4.0,3.0
837,70,5,USA29-5,5,,7,1,6,0,0.5714285714,,Tara & Joey,Co-Ed,Liz & Michael,Co-Ed,,2.0,4.333333333,,0.8333333333,0.1666666667,,0.8333333333,,1,6,5.0,1.0,6,1.0,5.0,0,0.0,0.0,6,5.0,1.0
838,70,6,USA29-6,6,,7,1,6,0,0.5714285714,,Becca & Floyd,Co-Ed,Vanck & Ashton,Co-Ed,,2.0,4.333333333,,0.8333333333,0.1666666667,,0.8333333333,,1,6,5.0,1.0,6,1.0,5.0,0,0.0,0.0,6,5.0,1.0
839,70,7,USA29-7,7,,6,1,5,0,0.5833333333,,Matt & Redmond,All-Male,Liz & Michael,Co-Ed,,1.0,4.0,,1.0,0.0,,1.0,,1,5,5.0,0.0,5,0.0,5.0,0,0.0,0.0,5,5.0,0.0
840,70,8,USA29-8,8,,6,1,5,0,0.5833333333,,Tara & Joey,Co-Ed,Liz & Michael,Co-Ed,,2.0,3.8,,0.8,0.2,,0.8,,1,5,4.0,1.0,5,1.0,4.0,0,0.0,0.0,5,4.0,1.0
841,70,9,USA29-9,9,,5,1,4,0,0.6,,Becca & Floyd,Co-Ed,Tara & Joey,Co-Ed,,2.0,3.25,,0.75,0.25,,0.75,,1,4,3.0,1.0,4,1.0,3.0,0,0.0,0.0,4,3.0,1.0
842,70,10,USA29-10,10,,5,1,4,0,0.6,,Matt & Redmond,All-Male,Becca & Floyd,Co-Ed,,1.0,3.5,,1.0,0.0,,1.0,,1,4,4.0,0.0,4,0.0,4.0,0,0.0,0.0,4,4.0,0.0
843,70,11,USA29-11,11,,4,1,3,0,0.625,,Brooke & Scott,Co-Ed,Matt & Redmond,All-Male,,4.0,2.0,,0.0,1.0,,0.0,,1,3,0.0,3.0,3,3.0,0.0,0,0.0,0.0,3,0.0,3.0
844,70,12,USA29-12,12,,3,0,3,0,0.5,,Brooke & Scott,Co-Ed,London & Logan,Co-Ed,,,2.0,,,,,,,1,0,0.0,0.0,0,0.0,0.0,0,0.0,0.0,0,0.0,0.0
845,71,1,CAN5-1,1,,10,3,5,2,0.55,,Kenneth & Ryan,All-Male,Aaron & Deb,Co-Ed,,3.333333333,5.8,8.0,0.8095238095,0.44,0.1875,0.8108108108,,13,21,17.0,4.0,25,11.0,14.0,16,3.0,13.0,37,30.0,7.0
846,71,2,CAN5-2,2,,9,3,4,2,0.5555555556,,Megan & Courtney,All-Female,Dan & Riya,Co-Ed,,4.666666667,7.0,1.5,0.5555555556,0.1,1.0,0.3125,,13,18,10.0,8.0,20,2.0,18.0,14,14.0,0.0,32,10.0,22.0
847,71,3,CAN5-3,3,,8,3,3,2,0.5625,,Zed & Shabbir,All-Male,Megan & Courtney,All-Female,,3.666666667,3.333333333,7.5,0.6666666667,0.7333333333,0.0,0.8148148148,,13,15,10.0,5.0,15,11.0,4.0,12,0.0,12.0,27,22.0,5.0
848,71,4,CAN5-4,4,,7,3,3,1,0.6428571429,,Sam & Paul,All-Male,Andrea & Ebonie,All-Female,,2.333333333,4.666666667,7.0,0.9166666667,0.3333333333,0.0,0.9444444444,,13,12,11.0,1.0,12,4.0,8.0,6,0.0,6.0,18,17.0,1.0
849,71,5,CAN5-5,5,,7,3,3,1,0.6428571429,,Adam & Andrea,Co-Ed,Zed & Shabbir,All-Male,,4.666666667,4.0,2.0,0.3333333333,0.5,0.8333333333,0.2777777778,,13,12,4.0,8.0,12,6.0,6.0,6,5.0,1.0,18,5.0,13.0
850,71,6,CAN5-6,6,,6,2,3,1,0.5833333333,,Adam & Andrea,Co-Ed,Andrea & Ebonie,All-Female,,3.5,2.666666667,6.0,0.5,0.7777777778,0.0,0.6923076923,,13,8,4.0,4.0,9,7.0,2.0,5,0.0,5.0,13,9.0,4.0
851,71,7,CAN5-7,7,,6,2,3,1,0.5833333333,,Sam & Paul,All-Male,Andrea & Ebonie,All-Female,,1.5,4.0,6.0,1.0,0.3333333333,0.0,1.0,,13,8,8.0,0.0,9,3.0,6.0,5,0.0,5.0,13,13.0,0.0
852,71,8,CAN5-8,8,,5,2,3,0,0.7,,Sam & Paul,All-Male,Karen & Bert,Co-Ed,,1.5,4.0,,1.0,0.0,,1.0,,13,6,6.0,0.0,6,0.0,6.0,0,0.0,0.0,6,6.0,0.0
853,71,9,CAN5-9,9,,5,2,3,0,0.7,,Sam & Paul,All-Male,Adam & Andrea,Co-Ed,,1.5,4.0,,1.0,0.0,,1.0,,13,6,6.0,0.0,6,0.0,6.0,0,0.0,0.0,6,6.0,0.0
854,71,10,CAN5-10,10,,4,2,2,0,0.75,,Sam & Paul,All-Male,Karen & Bert,Co-Ed,,2.0,3.0,,0.75,0.25,,0.75,,13,4,3.0,1.0,4,1.0,3.0,0,0.0,0.0,4,3.0,1.0
855,71,11,CAN5-11,11,,3,2,1,0,0.8333333333,,Sam & Paul,All-Male,Korey & Ivana,Co-Ed,,1.5,3.0,,1.0,0.0,,1.0,,13,2,2.0,0.0,2,0.0,2.0,0,0.0,0.0,2,2.0,0.0
856,72,1,CHN4-1,1,,7,1,4,2,0.4285714286,,Fan Bingbing & Xie Yilin,All-Female,Deng Bin & Wang Xinyu,All-Male,,7.0,3.75,3.0,0.0,0.5833333333,0.7,0.1875,,14,6,0.0,6.0,12,7.0,5.0,10,7.0,3.0,16,3.0,13.0
857,72,2,CHN4-2,2,,8,2,4,2,0.5,,Zheng Yuanchang & Wang Likun,Co-Ed,Zhang Jike & Zhang Chuanming,All-Male,,7.5,3.5,3.5,0.0,0.75,0.6666666667,0.1666666667,,14,12,0.0,12.0,16,12.0,4.0,12,8.0,4.0,24,4.0,20.0
858,72,3,CHN4-3,3,,8,2,4,2,0.5,,Jia Jingwen & Xiu Jiekai,Co-Ed,Deng Bin & Wang Xinyu,All-Male,,7.0,3.5,4.0,0.08333333333,0.75,0.5833333333,0.25,,14,12,1.0,11.0,16,12.0,4.0,12,7.0,5.0,24,6.0,18.0
859,72,4,CHN4-4,4,,7,1,4,2,0.4285714286,,Jia Jingwen & Xiu Jiekai,Co-Ed,Fan Bingbing & Xie Yilin,All-Female,,6.0,3.0,5.0,0.1666666667,0.8333333333,0.3,0.5,,14,6,1.0,5.0,12,10.0,2.0,10,3.0,7.0,16,8.0,8.0
860,72,5,CHN4-5,5,,6,1,4,1,0.5,,Jia Jingwen & Xiu Jiekai,Co-Ed,Lu Ting & Xuyang Yuzhuo,All-Female,,4.0,2.75,6.0,0.4,0.875,0.0,0.7,,14,5,2.0,3.0,8,7.0,1.0,5,0.0,5.0,10,7.0,3.0
861,72,6,CHN4-6,6,,5,1,4,0,0.6,,Zheng Yuanchang & Wang Likun,Co-Ed,Zhang Jike & Zhang Chuanming,All-Male,,5.0,2.5,,0.0,1.0,,0.0,,14,4,0.0,4.0,4,4.0,0.0,0,0.0,0.0,4,0.0,4.0
862,72,7,CHN4-7,7,,5,1,4,0,0.6,,Jia Jingwen & Xiu Jiekai,Co-Ed,Zhang Jike & Zhang Chuanming,All-Male,,5.0,2.5,,0.0,1.0,,0.0,,14,4,0.0,4.0,4,4.0,0.0,0,0.0,0.0,4,0.0,4.0
863,72,8,CHN4-8,8,,4,0,4,0,0.5,,Qiang Zi & Zhang Xingyue,Co-Ed,Zheng Yuanchang & Wang Likun,Co-Ed,,,2.5,,,,,,,14,0,0.0,0.0,0,0.0,0.0,0,0.0,0.0,0,0.0,0.0
864,72,9,CHN4-9,9,,4,0,4,0,0.5,,Jia Jingwen & Xiu Jiekai,Co-Ed,Qiang Zi & Zhang Xingyue,Co-Ed,,,2.5,,,,,,,14,0,0.0,0.0,0,0.0,0.0,0,0.0,0.0,0,0.0,0.0
865,72,10,CHN4-10,10,,3,0,3,0,0.5,,Jia Jingwen & Xiu Jiekai,Co-Ed,Wu Minxia & Zhang Xiaocheng,Co-Ed,,,2.0,,,,,,,14,0,0.0,0.0,0,0.0,0.0,0,0.0,0.0,0,0.0,0.0
866,73,1,ISR6-1,1,,12,3,5,4,0.4583333333,,Regev & Helen,Co-Ed,Noa & Ma'ayan,All-Female,,8.0,5.0,7.25,0.3333333333,0.7142857143,0.40625,0.4745762712,,4,27,9.0,18.0,35,25.0,10.0,32,13.0,19.0,59,28.0,31.0
867,73,2,ISR6-2,2,,11,3,5,3,0.5,,Daniel & Eliyahu,All-Male,Asaf & Jessica,Co-Ed,,4.666666667,6.4,6.666666667,0.6666666667,0.4333333333,0.4166666667,0.625,,4,24,16.0,8.0,30,13.0,17.0,24,10.0,14.0,48,30.0,18.0
868,73,3,ISR6-3,3,,10,3,4,3,0.5,,Daniel & Eliyahu,All-Male,Nimrod & Yonatan,All-Male,,5.0,5.0,6.666666667,0.5714285714,0.5833333333,0.3333333333,0.619047619,,4,21,12.0,9.0,24,14.0,10.0,21,7.0,14.0,42,26.0,16.0
869,73,4,ISR6-4,4,,9,2,4,3,0.4444444444,,Tohar & Evelyn,Co-Ed,Avivit & Honey,All-Female,,5.0,3.25,7.333333333,0.5,0.85,0.1111111111,0.71875,,4,14,7.0,7.0,20,17.0,3.0,18,2.0,16.0,32,23.0,9.0
870,73,5,ISR6-5,5,,8,2,4,2,0.5,,Tohar & Evelyn,Co-Ed,Yossi & Udi,All-Male,,7.5,3.5,3.5,0.0,0.75,0.6666666667,0.1666666667,,4,12,0.0,12.0,16,12.0,4.0,12,8.0,4.0,24,4.0,20.0
871,73,6,ISR6-6,6,,7,1,4,2,0.4285714286,,Regev & Helen,Co-Ed,Mor & Mor,All-Female,,4.0,3.75,4.5,0.5,0.5833333333,0.4,0.5625,,4,6,3.0,3.0,12,7.0,5.0,10,4.0,6.0,16,9.0,7.0
872,73,7,ISR6-7,7,,6,1,4,1,0.5,,Meitar & Adi,Co-Ed,Omer & Neta,Co-Ed,,2.0,3.5,5.0,0.8,0.5,0.2,0.8,,4,5,4.0,1.0,8,4.0,4.0,5,1.0,4.0,10,8.0,2.0
873,73,8,ISR6-8,8,,6,1,4,1,0.5,,Omer & Neta,Co-Ed,Meitar & Adi,Co-Ed,,2.0,3.75,4.0,0.8,0.375,0.4,0.7,,4,5,4.0,1.0,8,3.0,5.0,5,2.0,3.0,10,7.0,3.0
874,73,9,ISR6-9,9,,5,1,3,1,0.5,,Omer & Neta,Co-Ed,Regev & Helen,Co-Ed,,2.0,3.333333333,3.0,0.75,0.3333333333,0.5,0.625,,4,4,3.0,1.0,6,2.0,4.0,4,2.0,2.0,8,5.0,3.0
875,73,10A,ISR6-10A,10,,6,2,3,1,0.5833333333,,Regev & Helen,Co-Ed,Avivit & Honey,All-Female,,4.5,2.0,6.0,0.25,1.0,0.0,0.5384615385,,4,8,2.0,6.0,9,9.0,0.0,5,0.0,5.0,13,7.0,6.0
876,73,10B,ISR6-10B,11,,5,2,3,0,0.7,,Regev & Helen,Co-Ed,"Yossi & Udi, Nimrod & Yonatan","All-Male, All-Male",,4.0,2.0,,0.0,1.0,,0.0,,4,6,0.0,6.0,6,6.0,0.0,0,0.0,0.0,6,0.0,6.0
877,73,11,ISR6-11,12,,5,1,3,1,0.5,,Daniel & Eliyahu,All-Male,Yarden & Anne,All-Female,,1.0,3.0,5.0,1.0,0.5,0.0,1.0,,4,4,4.0,0.0,6,3.0,3.0,4,0.0,4.0,8,8.0,0.0
878,73,12,ISR6-12,13,,4,1,3,0,0.625,,Daniel & Eliyahu,All-Male,Omer & Neta,Co-Ed,,1.0,3.0,,1.0,0.0,,1.0,,4,3,3.0,0.0,3,0.0,3.0,0,0.0,0.0,3,3.0,0.0
879,73,13,ISR6-13,14,,3,1,2,0,0.6666666667,,Tohar & Evelyn,Co-Ed,Regev & Helen,Co-Ed,,2.0,2.0,,0.5,0.5,,0.5,,4,2,1.0,1.0,2,1.0,1.0,0,0.0,0.0,2,1.0,1.0
880,74,1,USA30-1,1,,11,5,3,3,0.5909090909,,Kristi & Jen,All-Female,Dessie & Kayla,All-Female,,6.4,4.0,7.333333333,0.4333333333,0.75,0.3333333333,0.537037037,,1,30,13.0,17.0,24,18.0,6.0,24,8.0,16.0,54,29.0,25.0
881,74,2,USA30-2,2,,10,5,3,2,0.65,,Cody & Jessica,Co-Ed,April & Sarah,All-Female,,5.4,5.0,6.5,0.52,0.5714285714,0.375,0.5609756098,,1,25,13.0,12.0,21,12.0,9.0,16,6.0,10.0,41,23.0,18.0
882,74,3,USA30-3,3,,9,5,3,1,0.7222222222,,Henry & Evan,Co-Ed,Cedric & Shawn,All-Male,,5.6,4.666666667,3.0,0.35,0.5555555556,0.75,0.3214285714,,1,20,7.0,13.0,18,10.0,8.0,8,6.0,2.0,28,9.0,19.0
883,74,4,USA30-4,4,,9,5,3,1,0.7222222222,,Alex & Conor,All-Male,Cedric & Shawn,All-Male,,5.2,5.333333333,3.0,0.45,0.4444444444,0.75,0.3928571429,,1,20,9.0,11.0,18,8.0,10.0,8,6.0,2.0,28,11.0,17.0
884,74,5,USA30-5,5,,8,4,3,1,0.6875,,Lucas & Brittany,Co-Ed,Joey & Tim,All-Male,,5.75,3.666666667,2.0,0.1875,0.6666666667,0.8571428571,0.1739130435,,1,16,3.0,13.0,15,10.0,5.0,7,6.0,1.0,23,4.0,19.0
885,74,6,USA30-6,6,,7,3,3,1,0.6428571429,,Kristi & Jen,All-Female,Trevor & Chris,All-Male,,4.333333333,4.666666667,1.0,0.4166666667,0.3333333333,1.0,0.2777777778,,1,12,5.0,7.0,12,4.0,8.0,6,6.0,0.0,18,5.0,13.0
886,74,7,USA30-7,7,,6,2,3,1,0.5833333333,,"Alex & Conor, Lucas & Brittany","All-Male, Co-Ed","Cody & Jessica, Kristi & Jen","Co-Ed, All-Female",,2.0,3.0,5.0,0.75,0.5,0.1,0.8076923077,,1,8,6.0,2.0,9,4.5,4.5,5,0.5,4.5,13,10.5,2.5
887,74,8,USA30-8,8,,6,2,3,1,0.5833333333,,Lucas & Brittany,Co-Ed,Eric & Daniel,All-Male,,4.5,3.333333333,2.0,0.25,0.5555555556,0.8,0.2307692308,,1,8,2.0,6.0,9,5.0,4.0,5,4.0,1.0,13,3.0,10.0
888,74,9,USA30-9,9,,5,1,3,1,0.5,,Alex & Conor,All-Male,Lucas & Brittany,Co-Ed,,1.0,4.0,2.0,1.0,0.0,0.75,0.625,,1,4,4.0,0.0,6,0.0,6.0,4,3.0,1.0,8,5.0,3.0
889,74,10,USA30-10,10,,4,1,2,1,0.5,,Alex & Conor,All-Male,Henry & Evan,Co-Ed,,1.0,3.0,3.0,1.0,0.25,0.3333333333,0.8333333333,,1,3,3.0,0.0,4,1.0,3.0,3,1.0,2.0,6,5.0,1.0
890,74,11,USA30-11,11,,4,1,2,1,0.5,,Henry & Evan,Co-Ed,Alex & Conor,All-Male,,4.0,1.5,3.0,0.0,1.0,0.3333333333,0.3333333333,,1,3,0.0,3.0,4,4.0,0.0,3,1.0,2.0,6,2.0,4.0
891,74,12,USA30-12,12,,3,0,2,1,0.3333333333,,Cody & Jessica,Co-Ed,Kristi & Jen,All-Female,,,1.5,3.0,,1.0,0.0,1.0,,1,0,0.0,0.0,2,2.0,0.0,2,0.0,2.0,2,2.0,0.0
892,75,1,CAN6-1,1,,10,3,4,3,0.5,,Leanne & Mar,All-Female,Chewy & Happy,All-Male,,7.666666667,5.75,3.0,0.1904761905,0.4583333333,0.8571428571,0.1666666667,,13,21,4.0,17.0,24,11.0,13.0,21,18.0,3.0,42,7.0,35.0
893,75,2,CAN6-2,2,,9,2,4,3,0.4444444444,,Todd & Anna,Co-Ed,Zainab & Monica,All-Female,,6.5,4.25,5.0,0.2857142857,0.65,0.5,0.40625,,13,14,4.0,10.0,20,13.0,7.0,18,9.0,9.0,32,13.0,19.0
894,75,3,CAN6-3,3,,9,2,4,3,0.4444444444,,Taylor & Courtney,Co-Ed,Joseph & Akash,All-Male,,7.0,3.25,6.0,0.2142857143,0.85,0.3333333333,0.46875,,13,14,3.0,11.0,20,17.0,3.0,18,6.0,12.0,32,15.0,17.0
895,75,4,CAN6-4,4,,8,1,4,3,0.375,,Leanne & Mar,All-Female,Todd & Anna,Co-Ed,,3.0,6.5,2.333333333,0.7142857143,0.0,0.9333333333,0.2727272727,,13,7,5.0,2.0,16,0.0,16.0,15,14.0,1.0,22,6.0,16.0
896,75,5,CAN6-5,5,,7,1,3,3,0.3571428571,,Taylor & Courtney,Co-Ed,Zainab & Monica,All-Female,,4.0,2.0,6.0,0.5,1.0,0.0,0.8333333333,,13,6,3.0,3.0,12,12.0,0.0,12,0.0,12.0,18,15.0,3.0
897,75,6,CAN6-6,6,,7,1,3,3,0.3571428571,,Taylor & Courtney,Co-Ed,Zainab & Monica,All-Female,,5.0,3.333333333,4.333333333,0.3333333333,0.6666666667,0.4166666667,0.5,,13,6,2.0,4.0,12,8.0,4.0,12,5.0,7.0,18,9.0,9.0
898,75,7,CAN6-7,7,,6,1,3,2,0.4166666667,,Taylor & Courtney,Co-Ed,Nancy & Mellisa,All-Female,,4.0,2.666666667,4.5,0.4,0.7777777778,0.25,0.6153846154,,13,5,2.0,3.0,9,7.0,2.0,8,2.0,6.0,13,8.0,5.0
899,75,8,CAN6-8,8,,6,1,3,2,0.4166666667,,Nancy & Mellisa,All-Female,Leanne & Mar,All-Female,,5.0,3.0,3.5,0.2,0.6666666667,0.5,0.3846153846,,13,5,1.0,4.0,9,6.0,3.0,8,4.0,4.0,13,5.0,8.0
900,75,9,CAN6-9,9,,5,1,3,1,0.5,,Dylan & Kwame,All-Male,Nancy & Mellisa,All-Female,,1.0,3.0,5.0,1.0,0.5,0.0,1.0,,13,4,4.0,0.0,6,3.0,3.0,4,0.0,4.0,8,8.0,0.0
901,75,10,CAN6-10,10,,4,1,3,0,0.625,,Taylor & Courtney,Co-Ed,Martina & Phil,Co-Ed,,2.0,2.666666667,,0.6666666667,0.3333333333,,0.6666666667,,13,3,2.0,1.0,3,1.0,2.0,0,0.0,0.0,3,2.0,1.0
902,75,11,CAN6-11,11,,3,1,2,0,0.6666666667,,Courtney & Adam,Co-Ed,Dylan & Kwame,All-Male,,3.0,1.5,,0.0,1.0,,0.0,,13,2,0.0,2.0,2,2.0,0.0,0,0.0,0.0,2,0.0,2.0
903,76,1,USA31-1,1,,11,4,4,3,0.5454545455,,Leo & Jamal,All-Male,Art & JJ,All-Male,,5.5,5.75,7.0,0.5714285714,0.5357142857,0.375,0.5961538462,,1,28,16.0,12.0,28,15.0,13.0,24,9.0,15.0,52,31.0,21.0
904,76,2,USA31-2,2,,10,3,4,3,0.5,,Leo & Jamal,All-Male,Rupert & Laura,Co-Ed,,5.333333333,6.25,4.666666667,0.5238095238,0.375,0.619047619,0.4523809524,,1,21,11.0,10.0,24,9.0,15.0,21,13.0,8.0,42,19.0,23.0
905,76,3,USA31-3,3,,9,3,3,3,0.5,,Becca & Floyd,Co-Ed,Chris & Bret,All-Male,,7.0,2.0,6.0,0.1666666667,1.0,0.3333333333,0.4166666667,,1,18,3.0,15.0,18,18.0,0.0,18,6.0,12.0,36,15.0,21.0
906,76,4,USA31-4,4,,9,3,3,3,0.5,,Colin & Christie,Co-Ed,Corinne & Eliza,All-Female,,4.666666667,2.333333333,8.0,0.5555555556,0.9444444444,0.0,0.7777777778,,1,18,10.0,8.0,18,17.0,1.0,18,0.0,18.0,36,28.0,8.0
907,76,5,USA31-5,5,,8,3,3,2,0.5625,,Becca & Floyd,Co-Ed,Rachel & Elissa,All-Female,,4.333333333,3.0,7.0,0.5333333333,0.8,0.08333333333,0.7037037037,,1,15,8.0,7.0,15,12.0,3.0,12,1.0,11.0,27,19.0,8.0
908,76,6,USA31-6,6,,8,3,3,2,0.5625,,Tyler & Korey,All-Male,Janelle & Britney,All-Female,,3.666666667,3.333333333,7.5,0.6666666667,0.7333333333,0.0,0.8148148148,,1,15,10.0,5.0,15,11.0,4.0,12,0.0,12.0,27,22.0,5.0
909,76,7,USA31-7,7,,7,3,3,1,0.6428571429,,Tyler & Korey,All-Male,Nicole & Victor,Co-Ed,,3.666666667,4.0,5.0,0.5833333333,0.5,0.3333333333,0.6111111111,,1,12,7.0,5.0,12,6.0,6.0,6,2.0,4.0,18,11.0,7.0
910,76,8,USA31-8,8,,7,3,3,1,0.6428571429,,Tyler & Korey,All-Male,Rachel & Elissa,All-Female,,3.0,4.0,7.0,0.75,0.5,0.0,0.8333333333,,1,12,9.0,3.0,12,6.0,6.0,6,0.0,6.0,18,15.0,3.0
911,76,9,USA31-9,9,,6,3,3,0,0.75,,Tyler & Korey,All-Male,Chris & Bret,All-Male,,4.0,3.0,,0.3333333333,0.6666666667,,0.3333333333,,1,9,3.0,6.0,9,6.0,3.0,0,0.0,0.0,9,3.0,6.0
912,76,10,USA31-10,10,,5,2,3,0,0.7,,Colin & Christie,Co-Ed,Becca & Floyd,Co-Ed,,2.5,3.333333333,,0.6666666667,0.3333333333,,0.6666666667,,1,6,4.0,2.0,6,2.0,4.0,0,0.0,0.0,6,4.0,2.0
913,76,11,USA31-11,11,,4,2,2,0,0.75,,Leo & Jamal,All-Male,Nicole & Victor,Co-Ed,,1.5,3.5,,1.0,0.0,,1.0,,1,4,4.0,0.0,4,0.0,4.0,0,0.0,0.0,4,4.0,0.0
914,76,12,USA31-12,12,,3,2,1,0,0.8333333333,,Colin & Christie,Co-Ed,Leo & Jamal,All-Male,,2.5,1.0,,0.0,1.0,,0.0,,1,2,0.0,2.0,2,2.0,0.0,0,0.0,0.0,2,0.0,2.0
915,77,1,CAN7-1,1,,10,3,3,4,0.45,,Dave & Irina,Co-Ed,Jet & Dave,All-Male,,8.333333333,3.333333333,5.0,0.09523809524,0.8095238095,0.5833333333,0.2666666667,,13,21,2.0,19.0,21,17.0,4.0,24,14.0,10.0,45,12.0,33.0
916,77,2,CAN7-2,2,,9,2,3,4,0.3888888889,,Aarthy & Thinesh,Co-Ed,Nicki & Aisha,All-Female,,4.5,2.333333333,7.25,0.5714285714,0.9444444444,0.05,0.7941176471,,13,14,8.0,6.0,18,17.0,1.0,20,1.0,19.0,34,27.0,7.0
917,77,3,CAN7-3,3,,8,2,3,3,0.4375,,Dave & Irina,Co-Ed,Gilles & Sean,All-Male,,5.5,2.666666667,5.666666667,0.3333333333,0.8666666667,0.2666666667,0.5555555556,,13,12,4.0,8.0,15,13.0,2.0,15,4.0,11.0,27,15.0,12.0
918,77,4,CAN7-4,4,,7,1,3,3,0.3571428571,,Aarthy & Thinesh,Co-Ed,Trish & Amy,All-Female,,6.0,2.666666667,4.666666667,0.1666666667,0.8333333333,0.3333333333,0.5,,13,6,1.0,5.0,12,10.0,2.0,12,4.0,8.0,18,9.0,9.0
919,77,5,CAN7-5,5,,7,1,3,3,0.3571428571,,Sarah & Sam,Co-Ed,Meaghan & Marie,All-Female,,2.0,2.666666667,5.666666667,0.75,0.7916666667,0.08333333333,0.8611111111,,13,6,4.5,1.5,12,9.5,2.5,12,1.0,11.0,18,15.5,2.5
920,77,6,CAN7-6,6,,6,1,3,2,0.4166666667,,Anthony & James,All-Male,Trish & Amy,All-Female,,1.0,3.333333333,5.0,1.0,0.5555555556,0.125,0.9230769231,,13,5,5.0,0.0,9,5.0,4.0,8,1.0,7.0,13,12.0,1.0
921,77,7,CAN7-7,7,,6,1,3,2,0.4166666667,,Dave & Irina,Co-Ed,Trish & Amy,All-Female,,2.0,2.666666667,5.5,0.8,0.7777777778,0.0,0.9230769231,,13,5,4.0,1.0,9,7.0,2.0,8,0.0,8.0,13,12.0,1.0
922,77,8,CAN7-8,8,,5,1,3,1,0.5,,Aarthy & Thinesh,Co-Ed,Anthony & James,All-Male,,5.0,2.666666667,2.0,0.0,0.6666666667,0.75,0.125,,13,4,0.0,4.0,6,4.0,2.0,4,3.0,1.0,8,1.0,7.0
923,77,9,CAN7-9,9,,5,1,3,1,0.5,,Dave & Irina,Co-Ed,Aarthy & Thinesh,Co-Ed,,3.0,2.666666667,4.0,0.5,0.6666666667,0.25,0.625,,13,4,2.0,2.0,6,4.0,2.0,4,1.0,3.0,8,5.0,3.0
924,77,10,CAN7-10,10,,4,1,2,1,0.5,,Anthony & James,All-Male,Dave & Irina,Co-Ed,,1.0,3.0,3.0,1.0,0.25,0.3333333333,0.8333333333,,13,3,3.0,0.0,4,1.0,3.0,3,1.0,2.0,6,5.0,1.0
925,77,11,CAN7-11,11,,3,1,1,1,0.5,,Anthony & James,All-Male,Lauren & Joanne,All-Female,,1.0,2.0,3.0,1.0,0.5,0.0,1.0,,13,2,2.0,0.0,2,1.0,1.0,2,0.0,2.0,4,4.0,0.0
926,78,1,VIE6-1,1,,10,4,4,2,0.6,,S.T Sơn Thạch & Bình An,All-Male,"Hoàng Hạnh & Lương Gia Huy, Chu Minh Vũ & Vũ Xuân Tiến","Co-Ed, All-Male",,4.5,6.0,6.0,0.6458333333,0.3958333333,0.4375,0.6125,,9,24,15.5,8.5,24,9.5,14.5,16,7.0,9.0,40,24.5,15.5
927,78,2,VIE6-2,2,,10,4,4,2,0.6,,S.T Sơn Thạch & Bình An,All-Male,Chu Minh Vũ & Vũ Xuân Tiến,All-Male,,5.5,5.0,6.5,0.5,0.5833333333,0.375,0.55,,9,24,12.0,12.0,24,14.0,10.0,16,6.0,10.0,40,22.0,18.0
928,78,3,VIE6-3,3,,9,3,4,2,0.5555555556,,S.T Sơn Thạch & Bình An,All-Male,Emma & Tôn Kinh Lâm,Co-Ed,,4.666666667,5.0,5.5,0.5555555556,0.5,0.4285714286,0.5625,,9,18,10.0,8.0,20,10.0,10.0,14,6.0,8.0,32,18.0,14.0
929,78,4,VIE6-4,4,,8,3,3,2,0.5625,,S.T Sơn Thạch & Bình An,All-Male,"Johnny & Huy Trần, Anh Quân & Quốc Thiên","All-Male, All-Male",,5.0,4.0,4.0,0.3333333333,0.6,0.5833333333,0.3703703704,,9,15,5.0,10.0,15,9.0,6.0,12,7.0,5.0,27,10.0,17.0
930,78,5,VIE6-5,5,,8,3,3,2,0.5625,,Trần Quốc Anh & MLee,Co-Ed,Anh Quân & Quốc Thiên,All-Male,,5.666666667,3.333333333,4.5,0.2666666667,0.7333333333,0.5,0.3703703704,,9,15,4.0,11.0,15,11.0,4.0,12,6.0,6.0,27,10.0,17.0
931,78,6,VIE6-6,6,,7,2,3,2,0.5,,Đỗ Mỹ Linh & Lê Xuân Tiền,Co-Ed,Hoàng Hạnh & Lương Gia Huy,Co-Ed,,4.0,4.0,3.5,0.45,0.5,0.55,0.45,,9,10,4.5,5.5,12,6.0,6.0,10,5.5,4.5,20,9.0,11.0
932,78,7,VIE6-7,7,,6,2,2,2,0.5,,Đỗ Mỹ Linh & Lê Xuân Tiền,Co-Ed,Johnny & Huy Trần,All-Male,,4.0,3.0,3.5,0.375,0.625,0.5,0.4375,,9,8,3.0,5.0,8,5.0,3.0,8,4.0,4.0,16,7.0,9.0
933,78,8,VIE6-8,8,,5,1,2,2,0.4,,Lệ Hằng & H'Hen Niê,All-Female,Trần Quốc Anh & MLee,Co-Ed,,3.0,3.5,2.5,0.5,0.3333333333,0.6666666667,0.4,,9,4,2.0,2.0,6,2.0,4.0,6,4.0,2.0,10,4.0,6.0
934,78,9,VIE6-9,9,,4,1,1,2,0.375,,S.T Sơn Thạch & Bình An,All-Male,Minh Triệu & Kỳ Duyên,All-Female,,1.0,3.0,3.0,1.0,0.3333333333,0.25,0.8571428571,,9,3,3.0,0.0,3,1.0,2.0,4,1.0,3.0,7,6.0,1.0
935,78,10,VIE6-10,10,,4,1,1,2,0.375,,Lệ Hằng & H'Hen Niê,All-Female,Minh Triệu & Kỳ Duyên,All-Female,,2.0,3.0,2.5,0.6666666667,0.3333333333,0.5,0.5714285714,,9,3,2.0,1.0,3,1.0,2.0,4,2.0,2.0,7,4.0,3.0
936,79,1,ISR7-1,1,,12,3,3,6,0.375,,Eyal & Sid,All-Male,Nisim & Orel,Co-Ed,,4.666666667,7.333333333,7.0,0.7037037037,0.4074074074,0.4166666667,0.6349206349,,4,27,19.0,8.0,27,11.0,16.0,36,15.0,21.0,63,40.0,23.0
937,79,2,ISR7-2,2,,12,3,3,6,0.375,,Haviv & Itzak,All-Male,Noy & Hadar,All-Female,,4.666666667,4.666666667,8.333333333,0.7037037037,0.7037037037,0.1944444444,0.7619047619,,4,27,19.0,8.0,27,19.0,8.0,36,7.0,29.0,63,48.0,15.0
938,79,3,ISR7-3,3,,11,3,3,5,0.4090909091,,Eyal & Sid,All-Male,Kamle & Bahira,All-Female,,2.333333333,5.0,8.8,0.9583333333,0.625,0.03333333333,0.962962963,,4,24,23.0,1.0,24,15.0,9.0,30,1.0,29.0,54,52.0,2.0
939,79,4,ISR7-4,4,,10,3,3,4,0.45,,Haviv & Itzak,All-Male,Yehudit & Zohar,All-Female,,4.0,5.0,7.0,0.7142857143,0.5714285714,0.25,0.7333333333,,4,21,15.0,6.0,21,12.0,9.0,24,6.0,18.0,45,33.0,12.0
940,79,5,ISR7-5,5,,9,3,3,3,0.5,,Haviv & Itzak,All-Male,Ben & Ran,All-Male,,4.0,6.0,5.0,0.6666666667,0.3333333333,0.5,0.5833333333,,4,18,12.0,6.0,18,6.0,12.0,18,9.0,9.0,36,21.0,15.0
941,79,6,ISR7-6,6,,8,2,3,3,0.4375,,Eden & Aviad,Co-Ed,Fey & Tia,All-Female,,4.5,3.333333333,5.666666667,0.5,0.7333333333,0.2666666667,0.6296296296,,4,12,6.0,6.0,15,11.0,4.0,15,4.0,11.0,27,17.0,10.0
942,79,7,ISR7-7,7,,8,2,3,3,0.4375,,Fey & Tia,All-Female,Michal & Omer,All-Female,,6.0,4.0,4.0,0.25,0.6,0.6,0.3333333333,,4,12,3.0,9.0,15,9.0,6.0,15,9.0,6.0,27,9.0,18.0
943,79,8,ISR7-8,8,,7,2,3,2,0.5,,Fey & Tia,All-Female,Eden & Aviad,Co-Ed,,2.5,5.666666667,3.0,0.8,0.08333333333,0.7,0.55,,4,10,8.0,2.0,12,1.0,11.0,10,7.0,3.0,20,11.0,9.0
944,79,9,ISR7-9,9,,6,2,2,2,0.5,,Haviv & Itzak,All-Male,Tali & Gili,All-Female,,1.5,4.0,5.0,1.0,0.375,0.125,0.9375,,4,8,8.0,0.0,8,3.0,5.0,8,1.0,7.0,16,15.0,1.0
945,79,10,ISR7-10,10,,5,2,2,1,0.6,,Fey & Tia,All-Female,Nisim & Orel,Co-Ed,,3.5,3.5,1.0,0.3333333333,0.3333333333,1.0,0.2,,4,6,2.0,4.0,6,2.0,4.0,4,4.0,0.0,10,2.0,8.0
946,79,11,ISR7-11,11,,4,2,1,1,0.625,,Karin & Ariel,Co-Ed,Eyal & Sid,All-Male,,3.5,1.0,2.0,0.0,1.0,0.6666666667,0.1428571429,,4,4,0.0,4.0,3,3.0,0.0,3,2.0,1.0,7,1.0,6.0
947,79,12,ISR7-12,12,,3,1,1,1,0.5,,Fey & Tia,All-Female,Haviv & Itzak,All-Male,,3.0,2.0,1.0,0.0,0.5,1.0,0.0,,4,2,0.0,2.0,2,1.0,1.0,2,2.0,0.0,4,0.0,4.0
948,80,1,AUS4-1,1,,11,3,5,3,0.5,,Tom & Tyler,All-Male,Alana & Niko,Co-Ed,,3.333333333,7.0,7.0,0.8333333333,0.3333333333,0.375,0.7291666667,,7,24,20.0,4.0,30,10.0,20.0,24,9.0,15.0,48,35.0,13.0
949,80,2,AUS4-2,2,,10,3,4,3,0.5,,Tom & Tyler,All-Male,Judy & Therese,All-Female,,4.666666667,5.0,7.0,0.619047619,0.5833333333,0.2857142857,0.6666666667,,7,21,13.0,8.0,24,14.0,10.0,21,6.0,15.0,42,28.0,14.0
950,80,3,AUS4-3,3,,9,3,4,2,0.5555555556,,Tom & Tyler,All-Male,Rowah & Amani,All-Female,,3.666666667,5.0,7.0,0.7222222222,0.5,0.2142857143,0.75,,7,18,13.0,5.0,20,10.0,10.0,14,3.0,11.0,32,24.0,8.0
951,80,4,AUS4-4,4,,9,3,4,2,0.5555555556,,Tom & Tyler,All-Male,Rowah & Amani,All-Female,,4.666666667,5.0,5.5,0.5555555556,0.5,0.4285714286,0.5625,,7,18,10.0,8.0,20,10.0,10.0,14,6.0,8.0,32,18.0,14.0
952,80,5,AUS4-5,5,,8,3,4,1,0.625,,Jasmin & Jerome,Co-Ed,Chris & Adrienne,Co-Ed,,3.333333333,5.0,6.0,0.7333333333,0.375,0.2857142857,0.7272727273,,7,15,11.0,4.0,16,6.0,10.0,7,2.0,5.0,22,16.0,6.0
953,80,6,AUS4-6,6,,7,3,3,1,0.6428571429,,Sid & Ash,Co-Ed,Hayley & Mikayla,All-Female,,4.0,3.0,7.0,0.5,0.75,0.0,0.6666666667,,7,12,6.0,6.0,12,9.0,3.0,6,0.0,6.0,18,12.0,6.0
954,80,7,AUS4-7,7,,6,3,3,0,0.75,,Tom & Tyler,All-Male,Sid & Ash,Co-Ed,,2.333333333,4.666666667,,0.8888888889,0.1111111111,,0.8888888889,,7,9,8.0,1.0,9,1.0,8.0,0,0.0,0.0,9,8.0,1.0
955,80,8,AUS4-8,8,,6,3,3,0,0.75,,Tom & Tyler,All-Male,Sid & Ash,Co-Ed,,2.333333333,4.666666667,,0.8888888889,0.1111111111,,0.8888888889,,7,9,8.0,1.0,9,1.0,8.0,0,0.0,0.0,9,8.0,1.0
956,80,9,AUS4-9,9,,5,3,2,0,0.8,,Tom & Tyler,All-Male,Viv & Joey,Co-Ed,,2.666666667,3.5,,0.6666666667,0.3333333333,,0.6666666667,,7,6,4.0,2.0,6,2.0,4.0,0,0.0,0.0,6,4.0,2.0
957,80,10,AUS4-10,10,,5,3,2,0,0.8,,Tom & Tyler,All-Male,Femi & Nick,All-Male,,3.333333333,2.5,,0.3333333333,0.6666666667,,0.3333333333,,7,6,2.0,4.0,6,4.0,2.0,0,0.0,0.0,6,2.0,4.0
958,80,11,AUS4-11,11,,4,2,2,0,0.75,,Tim & Rod,All-Male,Tom & Tyler,All-Male,,2.5,2.5,,0.5,0.5,,0.5,,7,4,2.0,2.0,4,2.0,2.0,0,0.0,0.0,4,2.0,2.0
959,80,12,AUS4-12,12,,3,1,2,0,0.6666666667,,Tim & Rod,All-Male,Viv & Joey,Co-Ed,,1.0,2.5,,1.0,0.0,,1.0,,7,2,2.0,0.0,2,0.0,2.0,0,0.0,0.0,2,2.0,0.0
960,81,1,ISR8-1,1,,12,2,7,3,0.4583333333,,Eviatar & Liane,Co-Ed,Ruthie & Michal,All-Female,,6.5,5.714285714,8.333333333,0.5,0.6571428571,0.2962962963,0.6170212766,,4,20,10.0,10.0,35,23.0,12.0,27,8.0,19.0,47,29.0,18.0
961,81,2,ISR8-2,2,,11,2,7,2,0.5,,Ash & Alice,Co-Ed,Shiri & Noga,All-Female,,6.0,4.714285714,10.5,0.5,0.8214285714,0.0,0.75,,4,18,9.0,9.0,28,23.0,5.0,18,0.0,18.0,36,27.0,9.0
962,81,3,ISR8-3,3,,10,2,7,1,0.55,,Yael & Yosiel,Co-Ed,Vova & Alla,Co-Ed,,4.0,5.428571429,9.0,0.6875,0.5238095238,0.1111111111,0.76,,4,16,11.0,5.0,21,11.0,10.0,9,1.0,8.0,25,19.0,6.0
963,81,4,ISR8-4,4,,9,2,6,1,0.5555555556,,Asaf & Netah,All-Male,Yarden & Anne,All-Female,,3.0,5.0,9.0,0.7857142857,0.5,0.0,0.8636363636,,4,14,11.0,3.0,18,9.0,9.0,8,0.0,8.0,22,19.0,3.0
964,81,5,ISR8-5,5,,8,2,6,0,0.625,,Asaf & Netah,All-Male,Shay & Shani,Co-Ed,,3.0,5.0,,0.75,0.25,,0.75,,4,12,9.0,3.0,12,3.0,9.0,0,0.0,0.0,12,9.0,3.0
965,81,6,ISR8-6,6,,8,2,6,0,0.625,,Yael & Yosiel,Co-Ed,Tali & Gili,Co-Ed,,4.5,4.5,,0.5,0.5,,0.5,,4,12,6.0,6.0,12,6.0,6.0,0,0.0,0.0,12,6.0,6.0
966,81,7,ISR8-7,7,,7,2,5,0,0.6428571429,,Shay & Shani,Co-Ed,Eviatar & Liane,Co-Ed,,4.5,3.8,,0.4,0.6,,0.4,,4,10,4.0,6.0,10,6.0,4.0,0,0.0,0.0,10,4.0,6.0
967,81,8,ISR8-8,8,,6,2,4,0,0.6666666667,,Asaf & Netah,All-Male,Ash & Alice,Co-Ed,,2.5,4.0,,0.75,0.25,,0.75,,4,8,6.0,2.0,8,2.0,6.0,0,0.0,0.0,8,6.0,2.0
968,81,9,ISR8-9,9,,5,2,3,0,0.7,,Asaf & Netah,All-Male,Ben & Ori,All-Male,,3.0,3.0,,0.5,0.5,,0.5,,4,6,3.0,3.0,6,3.0,3.0,0,0.0,0.0,6,3.0,3.0
969,81,10,ISR8-10,10,,5,2,3,0,0.7,,Yael & Yosiel,Co-Ed,Shay & Shani,Co-Ed,,3.5,2.666666667,,0.3333333333,0.6666666667,,0.3333333333,,4,6,2.0,4.0,6,4.0,2.0,0,0.0,0.0,6,2.0,4.0
970,81,11,ISR8-11,11,,4,2,2,0,0.75,,Yael & Yosiel,Co-Ed,Ben & Ori,All-Male,,3.0,2.0,,0.25,0.75,,0.25,,4,4,1.0,3.0,4,3.0,1.0,0,0.0,0.0,4,1.0,3.0
971,81,12,ISR8-12,12,,3,1,2,0,0.6666666667,,Yael & Yosiel,Co-Ed,Omer & Neta,Co-Ed,,2.0,2.0,,0.5,0.5,,0.5,,4,2,1.0,1.0,2,1.0,1.0,0,0.0,0.0,2,1.0,1.0
972,82,1,USA32-1,1,,11,5,3,3,0.5909090909,,Hung & Chee,Co-Ed,Nathan & Cody,All-Male,,6.6,4.666666667,6.333333333,0.4,0.6666666667,0.4583333333,0.462962963,,1,30,12.0,18.0,24,16.0,8.0,24,11.0,13.0,54,25.0,29.0
973,82,2,USA32-2,2,,10,4,3,3,0.55,,Hung & Chee,Co-Ed,Kellie & LaVonne,All-Female,,5.0,4.0,7.666666667,0.5833333333,0.7142857143,0.1904761905,0.6888888889,,1,24,14.0,10.0,21,15.0,6.0,21,4.0,17.0,45,31.0,14.0
974,82,3,USA32-3,3,,9,4,3,2,0.6111111111,,Will & James,All-Male,Jerry & Frank,All-Male,,4.75,5.333333333,5.0,0.55,0.4444444444,0.5,0.5294117647,,1,20,11.0,9.0,18,8.0,10.0,14,7.0,7.0,34,18.0,16.0
975,82,4,USA32-4,4,,8,3,3,2,0.5625,,Will & James,All-Male,Kaylynn & Haley,All-Female,,4.0,4.666666667,5.0,0.6,0.4666666667,0.4166666667,0.5925925926,,1,15,9.0,6.0,15,7.0,8.0,12,5.0,7.0,27,16.0,11.0
976,82,5,USA32-5,5,,8,3,3,2,0.5625,,Riley & Maddison,All-Male,Michelle & Victoria,All-Female,,3.333333333,3.666666667,7.5,0.7333333333,0.6666666667,0.0,0.8518518519,,1,15,11.0,4.0,15,10.0,5.0,12,0.0,12.0,27,23.0,4.0
977,82,6,USA32-6,6,,7,3,3,1,0.6428571429,,DeAngelo & Gary,All-Male,Kaylynn & Haley,All-Female,,2.333333333,4.666666667,7.0,0.9166666667,0.3333333333,0.0,0.9444444444,,1,12,11.0,1.0,12,4.0,8.0,6,0.0,6.0,18,17.0,1.0
978,82,7,USA32-7,7,,7,3,3,1,0.6428571429,,Will & James,All-Male,Leo & Alana,Co-Ed,,2.333333333,5.333333333,5.0,0.9166666667,0.1666666667,0.3333333333,0.8333333333,,1,12,11.0,1.0,12,2.0,10.0,6,2.0,4.0,18,15.0,3.0
979,82,8A,USA32-8A,8,,6,3,2,1,0.6666666667,,Riley & Maddison,All-Male,Kaylynn & Haley,All-Female,,2.0,4.5,6.0,1.0,0.25,0.0,1.0,,1,9,9.0,0.0,8,2.0,6.0,5,0.0,5.0,14,14.0,0.0
980,82,8B,USA32-8B,9,,6,3,2,1,0.6666666667,,Riley & Maddison,All-Male,Kaylynn & Haley,All-Female,,2.0,4.5,6.0,1.0,0.25,0.0,1.0,,1,9,9.0,0.0,8,2.0,6.0,5,0.0,5.0,14,14.0,0.0
981,82,9,USA32-9,10,,5,3,2,0,0.8,,Riley & Maddison,All-Male,Eswar & Aparna,Co-Ed,,2.333333333,4.0,,0.8333333333,0.1666666667,,0.8333333333,,1,6,5.0,1.0,6,1.0,5.0,0,0.0,0.0,6,5.0,1.0
982,82,10,USA32-10,11,,4,3,1,0,0.875,,Riley & Maddison,All-Male,DeAngelo & Gary,All-Male,,2.333333333,3.0,,0.6666666667,0.3333333333,,0.6666666667,,1,3,2.0,1.0,3,1.0,2.0,0,0.0,0.0,3,2.0,1.0
983,82,11,USA32-11,12,,3,2,1,0,0.8333333333,,Will & James,All-Male,Riley & Maddison,All-Male,,2.0,2.0,,0.5,0.5,,0.5,,1,2,1.0,1.0,2,1.0,1.0,0,0.0,0.0,2,1.0,1.0
984,83,1,AUS5-1,1,,14,3,8,3,0.5,,Jaskirat & Anurag,All-Male,Dwes & Katherine,Co-Ed,,5.0,7.625,9.666666667,0.7272727273,0.4791666667,0.303030303,0.7121212121,,7,33,24.0,9.0,48,23.0,25.0,33,10.0,23.0,66,47.0,19.0
985,83,2,AUS5-2,2,,13,3,7,3,0.5,,Jaskirat & Anurag,All-Male,Alex & Jack,All-Male,,5.666666667,7.428571429,7.333333333,0.6333333333,0.4285714286,0.4666666667,0.5833333333,,7,30,19.0,11.0,42,18.0,24.0,30,14.0,16.0,60,35.0,25.0
986,83,3,AUS5-3,3,,12,1,8,3,0.4166666667,,Shane & Deb,Co-Ed,Jude & Shannon,All-Female,,2.0,6.25,8.666666667,0.9090909091,0.5625,0.2592592593,0.7894736842,,7,11,10.0,1.0,32,18.0,14.0,27,7.0,20.0,38,30.0,8.0
987,83,4,AUS5-4,4,,12,2,8,2,0.5,,Brendon & Jackson,All-Male,Malaan & Tina,All-Female,,4.5,6.75,7.5,0.7,0.4375,0.4,0.65,,7,20,14.0,6.0,32,14.0,18.0,20,8.0,12.0,40,26.0,14.0
988,83,5,AUS5-5,5,,11,2,8,1,0.5454545455,,Ashleigh & Amanda,All-Female,Shane & Deb,Co-Ed,,2.5,7.5,1.0,0.8888888889,0.0,1.0,0.5714285714,,7,18,16.0,2.0,24,0.0,24.0,10,10.0,0.0,28,16.0,12.0
989,83,6,AUS5-6,6,,9,2,7,0,0.6111111111,,Skye-Blue & Jake,Co-Ed,Jobelle & Rani,Co-Ed,,4.5,5.142857143,,0.5714285714,0.4285714286,,0.5714285714,,7,14,8.0,6.0,14,6.0,8.0,0,0.0,0.0,14,8.0,6.0
990,83,7,AUS5-7,7,,10,2,6,2,0.5,,Jaskirat & Anurag,All-Male,Sefa & Jessica,Co-Ed,,3.0,6.666666667,4.5,0.8125,0.2083333333,0.625,0.59375,,7,16,13.0,3.0,24,5.0,19.0,16,10.0,6.0,32,19.0,13.0
991,83,8,AUS5-8,8,,9,2,5,2,0.5,,MJ & Chelsea,All-Female,Dwes & Katherine,Co-Ed,,7.0,5.4,2.0,0.2142857143,0.4,0.9285714286,0.1428571429,,7,14,3.0,11.0,20,8.0,12.0,14,13.0,1.0,28,4.0,24.0
992,83,9,AUS5-9,9,,8,2,5,1,0.5625,,Ashleigh & Amanda,All-Female,Holly & Dolor,Co-Ed,,6.0,4.6,1.0,0.25,0.4666666667,1.0,0.1578947368,,7,12,3.0,9.0,15,7.0,8.0,7,7.0,0.0,19,3.0,16.0
993,83,10,AUS5-10,10,,10,3,5,2,0.55,,Chris & Aleisha,Co-Ed,Dwes & Katherine,Co-Ed,,4.333333333,7.0,3.5,0.6666666667,0.2,0.75,0.4864864865,,7,21,14.0,7.0,25,5.0,20.0,16,12.0,4.0,37,18.0,19.0
994,83,11,AUS5-11,11,,9,3,4,2,0.5555555556,,MJ & Chelsea,All-Female,Brendon & Jackson,All-Male,,7.0,5.0,2.0,0.1666666667,0.5,0.9285714286,0.125,,7,18,3.0,15.0,20,10.0,10.0,14,13.0,1.0,32,4.0,28.0
995,83,12,AUS5-12,12,,8,3,4,1,0.625,,Ashleigh & Amanda,All-Female,Jordan & Violeta,Co-Ed,,4.0,5.75,1.0,0.6,0.1875,1.0,0.4090909091,,7,15,9.0,6.0,16,3.0,13.0,7,7.0,0.0,22,9.0,13.0
996,83,13,AUS5-13,13,,8,3,3,2,0.5625,,Ashleigh & Amanda,All-Female,Stan & Wayne,All-Male,,4.333333333,5.0,4.0,0.5333333333,0.4,0.5833333333,0.4814814815,,7,15,8.0,7.0,15,6.0,9.0,12,7.0,5.0,27,13.0,14.0
997,83,14,AUS5-14,14,,8,3,3,2,0.5625,,Brendon & Jackson,All-Male,Stan & Wayne,All-Male,,3.666666667,5.333333333,4.5,0.6666666667,0.3333333333,0.5,0.5925925926,,7,15,10.0,5.0,15,5.0,10.0,12,6.0,6.0,27,16.0,11.0
998,83,15,AUS5-15,15,,7,2,3,2,0.5,,MJ & Chelsea,All-Female,Stan & Wayne,All-Male,,5.0,4.0,3.0,0.3,0.5,0.7,0.3,,7,10,3.0,7.0,12,6.0,6.0,10,7.0,3.0,20,6.0,14.0
999,83,16,AUS5-16,16,,7,2,3,2,0.5,,Skye-Blue & Jake,Co-Ed,Holly & Dolor,Co-Ed,,5.0,3.666666667,3.5,0.3,0.5833333333,0.6,0.35,,7,10,3.0,7.0,12,7.0,5.0,10,6.0,4.0,20,7.0,13.0
1000,83,17,AUS5-17,17,,6,2,2,2,0.5,,Ashleigh & Amanda,All-Female,Brendon & Jackson,All-Male,,5.0,3.5,2.0,0.125,0.5,0.875,0.125,,7,8,1.0,7.0,8,4.0,4.0,8,7.0,1.0,16,2.0,14.0
1001,83,18,AUS5-18,18,,5,2,2,1,0.6,,Jaskirat & Anurag,All-Male,MJ & Chelsea,All-Female,,1.5,3.5,5.0,1.0,0.3333333333,0.0,1.0,,7,6,6.0,0.0,6,2.0,4.0,4,0.0,4.0,10,10.0,0.0
1002,83,19,AUS5-19,19,,5,2,2,1,0.6,,Ashleigh & Amanda,All-Female,Jaskirat & Anurag,All-Male,,4.5,2.5,1.0,0.0,0.6666666667,1.0,0.0,,7,6,0.0,6.0,6,4.0,2.0,4,4.0,0.0,10,0.0,10.0
1003,83,20,AUS5-20,20,,5,2,2,1,0.6,,Ashleigh & Amanda,All-Female,Skye-Blue & Jake,Co-Ed,,3.5,3.5,1.0,0.3333333333,0.3333333333,1.0,0.2,,7,6,2.0,4.0,6,2.0,4.0,4,4.0,0.0,10,2.0,8.0
1004,83,21,AUS5-21,21,,4,2,1,1,0.625,,Brendon & Jackson,All-Male,Chris & Aleisha,Co-Ed,,1.5,4.0,3.0,1.0,0.0,0.3333333333,0.8571428571,,7,4,4.0,0.0,3,0.0,3.0,3,1.0,2.0,7,6.0,1.0
1005,83,22,AUS5-22,22,,4,2,1,1,0.625,,Ashleigh & Amanda,All-Female,Chris & Aleisha,Co-Ed,,2.5,4.0,1.0,0.5,0.0,1.0,0.2857142857,,7,4,2.0,2.0,3,0.0,3.0,3,3.0,0.0,7,2.0,5.0
1006,83,23,AUS5-23,23,,3,2,0,1,0.6666666667,,Brendon & Jackson,All-Male,Ashleigh & Amanda,All-Female,,1.5,,3.0,1.0,,0.0,1.0,,7,2,2.0,0.0,0,0.0,0.0,2,0.0,2.0,4,4.0,0.0
1007,83,24,AUS5-24,24,,3,2,0,1,0.6666666667,,Brendon & Jackson,All-Male,Jaskirat & Anurag,All-Male,,2.0,,2.0,0.5,,0.5,0.5,,7,2,1.0,1.0,0,0.0,0.0,2,1.0,1.0,4,2.0,2.0
1008,84,1,USA33-1,1,,11,4,5,2,0.5909090909,,Anthony & Spencer,All-Male,Michael & Moe,All-Male,,5.5,6.2,6.5,0.5714285714,0.4666666667,0.4444444444,0.5652173913,,1,28,16.0,12.0,30,14.0,16.0,18,8.0,10.0,46,26.0,20.0
1009,84,2,USA33-2,2,,10,3,5,2,0.55,,Ryan & Dusty,All-Male,Lulu & Lala,All-Female,,5.666666667,4.8,7.0,0.4761904762,0.64,0.3125,0.5675675676,,1,21,10.0,11.0,25,16.0,9.0,16,5.0,11.0,37,21.0,16.0
1010,84,3,USA33-3,3,,10,3,5,2,0.55,,Kim & Penn,Co-Ed,Arun & Natalia,Co-Ed,,4.333333333,5.8,6.5,0.6666666667,0.44,0.375,0.6486486486,,1,21,14.0,7.0,25,11.0,14.0,16,6.0,10.0,37,24.0,13.0
1011,84,4,USA33-4,4,,7,2,3,2,0.5,,Ryan & Dusty,All-Male,Michael & Moe,All-Male,,4.0,4.333333333,3.5,0.5,0.4166666667,0.6,0.45,,1,10,5.0,5.0,12,5.0,7.0,10,6.0,4.0,20,9.0,11.0
1012,84,5,USA33-5,5,,6,1,3,2,0.4166666667,,Ryan & Dusty,All-Male,Arun & Natalia,Co-Ed,,1.0,4.666666667,3.0,1.0,0.1111111111,0.625,0.6153846154,,1,5,5.0,0.0,9,1.0,8.0,8,5.0,3.0,13,8.0,5.0
1013,84,6,USA33-6,6,,6,1,3,2,0.4166666667,,Kim & Penn,Co-Ed,Akbar & Sheri,Co-Ed,,3.0,3.666666667,3.5,0.6,0.4444444444,0.5,0.5384615385,,1,5,3.0,2.0,9,4.0,5.0,8,4.0,4.0,13,7.0,6.0
1014,84,7,USA33-7,7,,5,1,2,2,0.4,,Kim & Penn,Co-Ed,Arun & Natalia,Co-Ed,,3.0,3.0,3.0,0.5,0.5,0.5,0.5,,1,4,2.0,2.0,6,3.0,3.0,6,3.0,3.0,10,5.0,5.0
1015,84,8,USA33-8,8,,5,1,2,2,0.4,,Kim & Penn,Co-Ed,Lulu & Lala,All-Female,,3.0,2.5,3.5,0.5,0.6666666667,0.3333333333,0.6,,1,4,2.0,2.0,6,4.0,2.0,6,2.0,4.0,10,6.0,4.0
1016,84,9,USA33-9,9,,4,1,2,1,0.5,,Raquel & Cayla,All-Female,Ryan & Dusty,All-Male,,4.0,2.5,1.0,0.0,0.5,1.0,0.0,,1,3,0.0,3.0,4,2.0,2.0,3,3.0,0.0,6,0.0,6.0
1017,84,10,USA33-10,10,,4,1,2,1,0.5,,Raquel & Cayla,All-Female,Arun & Natalia,Co-Ed,,3.0,3.0,1.0,0.3333333333,0.25,1.0,0.1666666667,,1,3,1.0,2.0,4,1.0,3.0,3,3.0,0.0,6,1.0,5.0
1018,84,11,USA33-11,11,,3,1,1,1,0.5,,Kim & Penn,Co-Ed,Ryan & Dusty,All-Male,,3.0,1.0,2.0,0.0,1.0,0.5,0.25,,1,2,0.0,2.0,2,2.0,0.0,2,1.0,1.0,4,1.0,3.0
1019,85,1,CAN8-1,1,,10,3,4,3,0.5,,Brendan & Connor,All-Male,Jully & Kathy,All-Female,,5.666666667,5.5,5.333333333,0.4761904762,0.5,0.5238095238,0.4761904762,,13,21,10.0,11.0,24,12.0,12.0,21,11.0,10.0,42,20.0,22.0
1020,85,2,CAN8-2,2,,9,3,4,2,0.5555555556,,Franca & Nella,All-Female,Court & Ali,Co-Ed,,5.666666667,6.0,2.0,0.3888888889,0.3,0.9285714286,0.25,,13,18,7.0,11.0,20,6.0,14.0,14,13.0,1.0,32,8.0,24.0
1021,85,3,CAN8-3,3,,9,3,4,2,0.5555555556,,Catherine & Craig,Co-Ed,Cassie & Jahmeek,Co-Ed,,5.333333333,4.75,5.0,0.4444444444,0.55,0.5,0.46875,,13,18,8.0,10.0,20,11.0,9.0,14,7.0,7.0,32,15.0,17.0
1022,85,4,CAN8-4,4,,7,2,2,3,0.4285714286,,Brendan & Connor,All-Male,Cassie & Jahmeek,Co-Ed,,2.5,4.5,4.666666667,0.8,0.4,0.3333333333,0.7272727273,,13,10,8.0,2.0,10,4.0,6.0,12,4.0,8.0,22,16.0,6.0
1023,85,5,CAN8-5,5,,7,2,2,3,0.4285714286,,Jesse & Marika,Co-Ed,Jully & Kathy,All-Female,,4.5,3.0,4.333333333,0.4,0.7,0.4166666667,0.5,,13,10,4.0,6.0,10,7.0,3.0,12,5.0,7.0,22,11.0,11.0
1024,85,6,CAN8-6,6,,9,3,4,2,0.5555555556,,Franca & Nella,All-Female,Dennis & Durrell,All-Male,,4.666666667,6.5,2.5,0.5555555556,0.2,0.8571428571,0.375,,13,18,10.0,8.0,20,4.0,16.0,14,12.0,2.0,32,12.0,20.0
1025,85,7,CAN8-7,7,,8,2,4,2,0.5,,Jesse & Marika,Co-Ed,Cassie & Jahmeek,Co-Ed,,5.5,4.5,3.5,0.3333333333,0.5,0.6666666667,0.3333333333,,13,12,4.0,8.0,16,8.0,8.0,12,8.0,4.0,24,8.0,16.0
1026,85,8,CAN8-8,8,,6,1,3,2,0.4166666667,,Jesse & Marika,Co-Ed,Brendan & Connor,All-Male,,6.0,3.333333333,2.5,0.0,0.5555555556,0.75,0.1538461538,,13,5,0.0,5.0,9,5.0,4.0,8,6.0,2.0,13,2.0,11.0
1027,85,9,CAN8-9,9,,6,1,3,2,0.4166666667,,Catherine & Craig,Co-Ed,Court & Ali,Co-Ed,,5.0,3.666666667,2.5,0.2,0.4444444444,0.75,0.2307692308,,13,5,1.0,4.0,9,4.0,5.0,8,6.0,2.0,13,3.0,10.0
1028,85,10,CAN8-10,10,,5,1,2,2,0.4,,Brendan & Connor,All-Male,Beverley & Veronica,All-Female,,1.0,2.5,4.5,1.0,0.6666666667,0.0,1.0,,13,4,4.0,0.0,6,4.0,2.0,6,0.0,6.0,10,10.0,0.0
1029,85,11,CAN8-11,11,,4,1,2,1,0.5,,Catherine & Craig,Co-Ed,Brendan & Connor,All-Male,,4.0,1.5,3.0,0.0,1.0,0.3333333333,0.3333333333,,13,3,0.0,3.0,4,4.0,0.0,3,1.0,2.0,6,2.0,4.0
1030,86,1A,AUS6-1A,1,,10,1,5,4,0.35,,Kelly & Georgia,Co-Ed,Paul & Rachel,Co-Ed,,2.0,6.4,5.25,0.8888888889,0.32,0.5416666667,0.5757575758,,7,9,8.0,1.0,25,8.0,17.0,24,13.0,11.0,33,19.0,14.0
1031,86,1B,AUS6-1B,2,,10,3,3,4,0.45,,Angel & Frankie,Co-Ed,Bren & Anja,All-Female,,7.0,2.666666667,6.5,0.2857142857,0.9047619048,0.3333333333,0.4888888889,,7,21,6.0,15.0,21,19.0,2.0,24,8.0,16.0,45,22.0,23.0
1032,86,2,AUS6-2,3,,18,4,7,7,0.4166666667,,Flick & Gabby,All-Female,Jake & Holly,Co-Ed,,9.25,8.428571429,10.71428571,0.5178571429,0.5974025974,0.3896103896,0.5714285714,,7,56,29.0,27.0,77,46.0,31.0,77,30.0,47.0,133,76.0,57.0
1033,86,3,AUS6-3,4,,16,4,5,7,0.40625,,Angel & Frankie,Co-Ed,Sam & Alex,All-Male,,10.25,9.0,7.142857143,0.3541666667,0.4545454545,0.6507936508,0.3513513514,,7,48,17.0,31.0,55,25.0,30.0,63,41.0,22.0,111,39.0,72.0
1034,86,4,AUS6-4,5,,15,3,5,7,0.3666666667,,Heath & Toni,Co-Ed,Tiffany & Cynthia,All-Female,,8.333333333,5.6,9.571428571,0.4722222222,0.74,0.3035714286,0.6086956522,,7,36,17.0,19.0,50,37.0,13.0,56,17.0,39.0,92,56.0,36.0
1035,86,5,AUS6-5,6,,15,3,5,7,0.3666666667,,Pako & Mori,All-Male,Sam & Stu,All-Male,,10.0,6.2,8.428571429,0.3333333333,0.68,0.4464285714,0.4673913043,,7,36,12.0,24.0,50,34.0,16.0,56,25.0,31.0,92,43.0,49.0
1036,86,6,AUS6-6,7,,13,1,5,7,0.2692307692,,Angel & Frankie,Co-Ed,Crystal & Reem,All-Female,,2.0,7.0,7.714285714,0.9166666667,0.5,0.380952381,0.6851851852,,7,12,11.0,1.0,40,20.0,20.0,42,16.0,26.0,54,37.0,17.0
1037,86,7,AUS6-7,8,,12,1,5,6,0.2916666667,,Angel & Frankie,Co-Ed,Tammy & Vincent,Co-Ed,,4.0,6.8,6.666666667,0.7272727273,0.4571428571,0.4722222222,0.5744680851,,7,11,8.0,3.0,35,16.0,19.0,36,17.0,19.0,47,27.0,20.0
1038,86,8,AUS6-8,9,,11,1,4,6,0.2727272727,,Angel & Frankie,Co-Ed,Morgan & Lilli,All-Female,,10.0,5.0,6.0,0.1,0.6428571429,0.5,0.4,,7,10,1.0,9.0,28,18.0,10.0,30,15.0,15.0,40,16.0,24.0
1039,86,9,AUS6-9,10,,7,2,4,1,0.5714285714,,Angel & Frankie,Co-Ed,Kathy & Chace,Co-Ed,,5.0,4.0,2.0,0.3,0.5,0.8333333333,0.25,,7,10,3.0,7.0,12,6.0,6.0,6,5.0,1.0,16,4.0,12.0
1040,86,10,AUS6-10,11,,6,2,3,1,0.5833333333,,Pako & Mori,All-Male,Heath & Toni,Co-Ed,,2.0,4.333333333,4.0,0.875,0.2222222222,0.4,0.7692307692,,7,8,7.0,1.0,9,2.0,7.0,5,2.0,3.0,13,10.0,3.0
1041,86,11,AUS6-11,12,,6,2,3,1,0.5833333333,,Pako & Mori,All-Male,Stuart & Glennon,All-Male,,3.5,3.333333333,4.0,0.5,0.5555555556,0.4,0.5384615385,,7,8,4.0,4.0,9,5.0,4.0,5,2.0,3.0,13,7.0,6.0
1042,86,12,AUS6-12,13,,5,1,3,1,0.5,,Chelsea & Jamus,Co-Ed,Flick & Gabby,All-Female,,3.0,2.333333333,5.0,0.5,0.8333333333,0.0,0.75,,7,4,2.0,2.0,6,5.0,1.0,4,0.0,4.0,8,6.0,2.0
1043,86,13,AUS6-13,14,,8,1,4,3,0.375,,Heath & Toni,Co-Ed,Fliss & Tottie,All-Female,,2.0,3.25,7.0,0.8571428571,0.8125,0.0,0.9545454545,,7,7,6.0,1.0,16,13.0,3.0,15,0.0,15.0,22,21.0,1.0
1044,86,14,AUS6-14,15,,8,1,4,3,0.375,,Heath & Toni,Co-Ed,Jodie & Claire,All-Female,,5.0,3.5,5.666666667,0.4285714286,0.75,0.2666666667,0.6363636364,,7,7,3.0,4.0,16,12.0,4.0,15,4.0,11.0,22,14.0,8.0
1045,86,15,AUS6-15,16,,7,1,4,2,0.4285714286,,Pako & Mori,All-Male,Chelsea & Jamus,Co-Ed,,1.0,4.25,5.0,1.0,0.4166666667,0.3,0.8125,,7,6,6.0,0.0,12,5.0,7.0,10,3.0,7.0,16,13.0,3.0
1046,86,16,AUS6-16,17,,7,1,4,2,0.4285714286,,Kelly & Georgia,Co-Ed,Chelsea & Jamus,Co-Ed,,4.0,3.25,5.5,0.5,0.75,0.2,0.6875,,7,6,3.0,3.0,12,9.0,3.0,10,2.0,8.0,16,11.0,5.0
1047,86,17,AUS6-17,18,,6,1,3,2,0.4166666667,,Heath & Toni,Co-Ed,Lauren & Steph,All-Female,,2.0,3.333333333,4.5,0.8,0.5555555556,0.25,0.7692307692,,7,5,4.0,1.0,9,5.0,4.0,8,2.0,6.0,13,10.0,3.0
1048,86,18,AUS6-18,19,,5,1,3,1,0.5,,Heath & Toni,Co-Ed,Pako & Mori,All-Male,,5.0,2.666666667,2.0,0.0,0.6666666667,0.75,0.125,,7,4,0.0,4.0,6,4.0,2.0,4,3.0,1.0,8,1.0,7.0
1049,86,19,AUS6-19,20,,4,0,3,1,0.375,,Kelly & Georgia,Co-Ed,Tiffany & Cynthia,All-Female,,,2.0,4.0,,1.0,0.0,1.0,,7,0,0.0,0.0,3,3.0,0.0,3,0.0,3.0,3,3.0,0.0
1050,86,20,AUS6-20,21,,3,0,3,0,0.5,,Heath & Toni,Co-Ed,Kelly & Georgia,Co-Ed,,,2.0,,,,,,,7,0,0.0,0.0,0,0.0,0.0,0,0.0,0.0,0,0.0,0.0
1051,87,1,USA34-1,1,,12,2,8,2,0.5,,Derek & Claire,Co-Ed,Aastha & Nina,All-Female,,6.5,6.0,8.5,0.5,0.625,0.3,0.6,,1,20,10.0,10.0,32,20.0,12.0,20,6.0,14.0,40,24.0,16.0
1052,87,2,USA34-2,2,,11,2,8,1,0.5454545455,,Marcus & Michael,All-Male,Tim & Rex,All-Male,,6.0,5.875,7.0,0.5,0.5416666667,0.4,0.5357142857,,1,18,9.0,9.0,24,13.0,11.0,10,4.0,6.0,28,15.0,13.0
1053,87,3A,USA34-3A,3,,10,1,8,1,0.5,,Marcus & Michael,All-Male,Glenda & Lumumba,Co-Ed,,1.0,6.5,2.0,1.0,0.0,0.8888888889,0.5555555556,,1,9,9.0,0.0,16,0.0,16.0,9,8.0,1.0,18,10.0,8.0
1054,87,3B,USA34-3B,4,,10,1,8,1,0.5,,Emily & Molly,All-Female,Rich & Dom,Co-Ed,,2.0,6.5,1.0,0.8888888889,0.0,1.0,0.4444444444,,1,9,8.0,1.0,16,0.0,16.0,9,9.0,0.0,18,8.0,10.0
1055,87,4,USA34-4,5,,9,1,7,1,0.5,,Luis & Michelle,Co-Ed,Linton & Sharik,Co-Ed,,3.0,5.285714286,5.0,0.75,0.3571428571,0.5,0.625,,1,8,6.0,2.0,14,5.0,9.0,8,4.0,4.0,16,10.0,6.0
1056,87,5,USA34-5,6,,7,1,5,1,0.5,,Luis & Michelle,Co-Ed,Glenda & Lumumba,Co-Ed,,5.0,3.4,6.0,0.3333333333,0.8,0.1666666667,0.5833333333,,1,6,2.0,4.0,10,8.0,2.0,6,1.0,5.0,12,7.0,5.0
1057,87,6,USA34-6,7,,7,1,5,1,0.5,,Marcus & Michael,All-Male,Glenda & Lumumba,Co-Ed,,1.0,5.0,2.0,1.0,0.0,0.8333333333,0.5833333333,,1,6,6.0,0.0,10,0.0,10.0,6,5.0,1.0,12,7.0,5.0
1058,87,7,USA34-7,8,,6,1,4,1,0.5,,Derek & Claire,Co-Ed,Quinton & Mattie,Co-Ed,,4.0,3.5,3.0,0.4,0.5,0.6,0.4,,1,5,2.0,3.0,8,4.0,4.0,5,3.0,2.0,10,4.0,6.0
1059,87,8A,USA34-8A,9,,5,1,3,1,0.5,,Derek & Claire,Co-Ed,Marcus & Michael,All-Male,,5.0,2.0,4.0,0.0,1.0,0.25,0.375,,1,4,0.0,4.0,6,6.0,0.0,4,1.0,3.0,8,3.0,5.0
1060,87,8B,USA34-8B,10,,5,1,3,1,0.5,,Luis & Michelle,Co-Ed,Marcus & Michael,All-Male,,5.0,2.0,4.0,0.0,1.0,0.25,0.375,,1,4,0.0,4.0,6,6.0,0.0,4,1.0,3.0,8,3.0,5.0
1061,87,9,USA34-9,11,,4,0,3,1,0.375,,Derek & Claire,Co-Ed,Aubrey & David,Co-Ed,,,2.333333333,3.0,,0.6666666667,0.3333333333,0.6666666667,,1,0,0.0,0.0,3,2.0,1.0,3,1.0,2.0,3,2.0,1.0
1062,87,10,USA34-10,12,,3,0,2,1,0.3333333333,,Derek & Claire,Co-Ed,Luis & Michelle,Co-Ed,,,2.0,2.0,,0.5,0.5,0.5,,1,0,0.0,0.0,2,1.0,1.0,2,1.0,1.0,2,1.0,1.0
1063,88,1,CAN9-1,1,,10,3,5,2,0.55,,Ty & Kat,Co-Ed,Gail & Gisele,All-Female,,5.0,5.6,6.0,0.5714285714,0.48,0.4375,0.5675675676,,13,21,12.0,9.0,25,12.0,13.0,16,7.0,9.0,37,21.0,16.0
1064,88,2,CAN9-2,2,,9,3,5,1,0.6111111111,,Ty & Kat,Co-Ed,Allie & Eddie,Co-Ed,,4.666666667,5.4,4.0,0.5555555556,0.4,0.625,0.5,,13,18,10.0,8.0,20,8.0,12.0,8,5.0,3.0,26,13.0,13.0
1065,88,3,CAN9-3,3,,8,3,4,1,0.625,,Gracie & Lily,All-Female,Jermaine & Justin,All-Male,,6.0,4.25,1.0,0.2,0.5625,1.0,0.1363636364,,13,15,3.0,12.0,16,9.0,7.0,7,7.0,0.0,22,3.0,19.0
1066,88,4,CAN9-4,4,,8,3,4,1,0.625,,Derek & Jaspal,All-Male,Shayla & Joel,Co-Ed,,4.0,5.5,2.0,0.6,0.25,0.8571428571,0.4545454545,,13,15,9.0,6.0,16,4.0,12.0,7,6.0,1.0,22,10.0,12.0
1067,88,5,CAN9-5,5,,7,3,3,1,0.6428571429,,Tyler & Kayleen,Co-Ed,Gracie & Lily,All-Female,,4.666666667,2.333333333,7.0,0.3333333333,0.9166666667,0.0,0.5555555556,,13,12,4.0,8.0,12,11.0,1.0,6,0.0,6.0,18,10.0,8.0
1068,88,6,CAN9-6,6,,6,3,3,0,0.75,,Ty & Kat,Co-Ed,Jermaine & Justin,All-Male,,4.333333333,2.666666667,,0.2222222222,0.7777777778,,0.2222222222,,13,9,2.0,7.0,9,7.0,2.0,0,0.0,0.0,9,2.0,7.0
1069,88,7,CAN9-7,7,,6,3,3,0,0.75,,Ty & Kat,Co-Ed,Derek & Jaspal,All-Male,,4.333333333,2.333333333,,0.1666666667,0.8333333333,,0.1666666667,,13,9,1.5,7.5,9,7.5,1.5,0,0.0,0.0,9,1.5,7.5
1070,88,8,CAN9-8,8,,5,2,3,0,0.7,,Tyler & Kayleen,Co-Ed,Jermaine & Justin,All-Male,,4.0,2.333333333,,0.1666666667,0.8333333333,,0.1666666667,,13,6,1.0,5.0,6,5.0,1.0,0,0.0,0.0,6,1.0,5.0
1071,88,9,CAN9-9,9,,4,1,3,0,0.625,,Tyler & Kayleen,Co-Ed,Deven & Amanda,Co-Ed,,2.0,2.666666667,,0.6666666667,0.3333333333,,0.6666666667,,13,3,2.0,1.0,3,1.0,2.0,0,0.0,0.0,3,2.0,1.0
1072,88,10,CAN9-10,10,,3,1,2,0,0.6666666667,,Ty & Kat,Co-Ed,Ben & Anwar,All-Male,,3.0,1.5,,0.0,1.0,,0.0,,13,2,0.0,2.0,2,2.0,0.0,0,0.0,0.0,2,0.0,2.0
1073,89,1,USA35-1,1,,13,5,4,4,0.5384615385,,Jocelyn & Victor,Co-Ed,Alexandra & Sheridan,Co-Ed,,5.8,6.25,9.25,0.65,0.5833333333,0.25,0.6973684211,,1,40,26.0,14.0,36,21.0,15.0,36,9.0,27.0,76,53.0,23.0
1074,89,2,USA35-2,2,,12,5,3,4,0.5416666667,,Jocelyn & Victor,Co-Ed,Elizabeth & Iliana,All-Female,,5.8,4.0,9.25,0.6,0.7777777778,0.15625,0.7164179104,,1,35,21.0,14.0,27,21.0,6.0,32,5.0,27.0,67,48.0,19.0
1075,89,3,USA35-3,3,,11,5,3,3,0.5909090909,,Steve & Anna Leigh,Co-Ed,Liam & Yeremi,All-Male,,6.2,5.0,6.666666667,0.4666666667,0.625,0.4166666667,0.5185185185,,1,30,14.0,16.0,24,15.0,9.0,24,10.0,14.0,54,28.0,26.0
1076,89,4,USA35-4,4,,11,5,3,3,0.5909090909,,Robbin & Chelsea,All-Female,Jocelyn & Victor,Co-Ed,,6.4,5.333333333,6.0,0.4333333333,0.5833333333,0.5,0.462962963,,1,30,13.0,17.0,24,14.0,10.0,24,12.0,12.0,54,25.0,29.0
1077,89,5,USA35-5,5,,10,5,2,3,0.6,,Steve & Anna Leigh,Co-Ed,Joe & Ian,All-Male,,5.8,3.0,6.666666667,0.44,0.8125,0.3333333333,0.5434782609,,1,25,11.0,14.0,16,13.0,3.0,21,7.0,14.0,46,25.0,21.0
1078,89,6,USA35-6,6,,9,4,2,3,0.5555555556,,Greg & John,All-Male,Liam & Yeremi,All-Male,,3.75,6.0,6.0,0.75,0.3571428571,0.3333333333,0.7105263158,,1,20,15.0,5.0,14,5.0,9.0,18,6.0,12.0,38,27.0,11.0
1079,89,7,USA35-7,7,,8,3,2,3,0.5,,Greg & John,All-Male,Andrea & Malaina,All-Female,,4.0,4.0,5.333333333,0.6,0.5833333333,0.3333333333,0.6333333333,,1,15,9.0,6.0,12,7.0,5.0,15,5.0,10.0,30,19.0,11.0
1080,89,8,USA35-8,8,,7,3,2,2,0.5714285714,,Greg & John,All-Male,Morgan & Lena,All-Female,,2.666666667,4.0,6.0,0.8333333333,0.5,0.1,0.8636363636,,1,12,10.0,2.0,10,5.0,5.0,10,1.0,9.0,22,19.0,3.0
1081,89,9,USA35-9,9,,6,3,2,1,0.6666666667,,Greg & John,All-Male,Robbin & Chelsea,All-Female,,2.333333333,4.0,6.0,0.8888888889,0.375,0.0,0.9285714286,,1,9,8.0,1.0,8,3.0,5.0,5,0.0,5.0,14,13.0,1.0
1082,89,10,USA35-10,10,,5,3,2,0,0.8,,Joel & Garrett,All-Male,Todd & Ashlie,Co-Ed,,2.0,4.5,,1.0,0.0,,1.0,,1,6,6.0,0.0,6,0.0,6.0,0,0.0,0.0,6,6.0,0.0
1083,89,11,USA35-11,11,,4,3,1,0,0.875,,Rob & Corey,All-Male,Steve & Anna Leigh,Co-Ed,,2.0,4.0,,1.0,0.0,,1.0,,1,3,3.0,0.0,3,0.0,3.0,0,0.0,0.0,3,3.0,0.0
1084,89,12,USA35-12,12,,3,3,0,0,1.0,,Greg & John,All-Male,Rob & Corey,All-Male,,2.0,,,,,,,,1,0,0.0,0.0,0,0.0,0.0,0,0.0,0.0,0,0.0,0.0
1085,90,1,FIN1-1,1,,12,5,4,3,0.5833333333,,Bakari & Samuel,All-Male,Anna & Atte,Co-Ed,,5.2,9.25,5.0,0.6857142857,0.15625,0.6666666667,0.5322580645,,15,35,24.0,11.0,32,5.0,27.0,27,18.0,9.0,62,33.0,29.0
1086,90,2,FIN1-2,2,,11,5,3,3,0.5909090909,,Bakari & Samuel,All-Male,Aino-Kaisa & Silvia,All-Female,,5.0,7.666666667,6.0,0.6666666667,0.2916666667,0.5,0.5925925926,,15,30,20.0,10.0,24,7.0,17.0,24,12.0,12.0,54,32.0,22.0
1087,90,3,FIN1-3,3,,10,5,3,2,0.65,,Bakari & Samuel,All-Male,Lotta & Noora,All-Female,,4.0,7.0,7.0,0.8,0.2857142857,0.3125,0.756097561,,15,25,20.0,5.0,21,6.0,15.0,16,5.0,11.0,41,31.0,10.0
1088,90,4,FIN1-4,4,,8,5,2,1,0.75,,Bakari & Samuel,All-Male,Ilmari & Aapo,All-Male,,4.0,6.0,4.0,0.6666666667,0.25,0.5714285714,0.5909090909,,15,15,10.0,5.0,12,3.0,9.0,7,4.0,3.0,22,13.0,9.0
1089,90,5,FIN1-5,5,,8,5,2,1,0.75,,Marcus & Timo,All-Male,Jukka & Mirva,Co-Ed,,3.6,7.5,3.0,0.8,0.0,0.7142857143,0.6363636364,,15,15,12.0,3.0,12,0.0,12.0,7,5.0,2.0,22,14.0,8.0
1090,90,6,FIN1-6,6,,7,5,1,1,0.7857142857,,Janne & Robin,All-Male,Ilmari & Aapo,All-Male,,4.0,5.0,3.0,0.5,0.3333333333,0.6666666667,0.4375,,15,10,5.0,5.0,6,2.0,4.0,6,4.0,2.0,16,7.0,9.0
1091,90,7,FIN1-7,7,,6,4,1,1,0.75,,Janne & Robin,All-Male,Peter & Anna,Co-Ed,,3.25,6.0,2.0,0.625,0.0,0.8,0.4615384615,,15,8,5.0,3.0,5,0.0,5.0,5,4.0,1.0,13,6.0,7.0
1092,90,8,FIN1-8,8,,6,4,1,1,0.75,,Janne & Robin,All-Male,Peter & Anna,Co-Ed,,3.0,6.0,3.0,0.75,0.0,0.6,0.6153846154,,15,8,6.0,2.0,5,0.0,5.0,5,3.0,2.0,13,8.0,5.0
1093,90,9,FIN1-9,9,,5,4,0,1,0.8,,Janne & Robin,All-Male,Marcus & Timo,All-Male,,3.0,,3.0,0.5,,0.5,0.5,,15,4,2.0,2.0,0,0.0,0.0,4,2.0,2.0,8,4.0,4.0
1094,90,10,FIN1-10,10,,4,3,0,1,0.75,,Bakari & Samuel,All-Male,Kaisa & Mari,All-Female,,2.0,,4.0,1.0,,0.0,1.0,,15,3,3.0,0.0,0,0.0,0.0,3,0.0,3.0,6,6.0,0.0
1095,90,11,FIN1-11,11,,4,3,0,1,0.75,,Janne & Robin,All-Male,Bakari & Samuel,All-Male,,2.666666667,,2.0,0.3333333333,,0.6666666667,0.3333333333,,15,3,1.0,2.0,0,0.0,0.0,3,2.0,1.0,6,2.0,4.0
1096,90,12,FIN1-12,12,,3,2,0,1,0.6666666667,,Kaisa & Mari,All-Female,Janne & Robin,All-Male,,2.5,,1.0,0.0,,1.0,0.0,,15,2,0.0,2.0,0,0.0,0.0,2,2.0,0.0,4,0.0,4.0
1097,91,1,AUS7-1,1,,11,3,5,3,0.5,,Darren & Tristan,All-Male,Dane & Bow,All-Male,,4.666666667,7.0,5.666666667,0.6666666667,0.3333333333,0.5416666667,0.5625,,7,24,16.0,8.0,30,10.0,20.0,24,13.0,11.0,48,27.0,21.0
1098,91,2,AUS7-2,2,,10,2,5,3,0.45,,Emma & Hayley,All-Female,Grant & Chezzi,Co-Ed,,4.0,7.2,3.666666667,0.6875,0.16,0.7619047619,0.4324324324,,7,16,11.0,5.0,25,4.0,21.0,21,16.0,5.0,37,16.0,21.0
1099,91,3,AUS7-3,3,,9,2,4,3,0.4444444444,,Darren & Tristan,All-Male,George & Pam,Co-Ed,,2.0,6.5,5.0,0.9285714286,0.2,0.5,0.6875,,7,14,13.0,1.0,20,4.0,16.0,18,9.0,9.0,32,22.0,10.0
1100,91,4,AUS7-4,4,,9,2,4,3,0.4444444444,,Darren & Tristan,All-Male,Peter & Frankie,Co-Ed,,4.0,6.0,4.333333333,0.6428571429,0.3,0.6111111111,0.5,,7,14,9.0,5.0,20,6.0,14.0,18,11.0,7.0,32,16.0,16.0
1101,91,5,AUS7-5,5,,8,2,3,3,0.4375,,Alli & Angie,All-Female,Ben & Jackie,Co-Ed,,5.5,5.0,3.333333333,0.3333333333,0.4,0.7333333333,0.2962962963,,7,12,4.0,8.0,15,6.0,9.0,15,11.0,4.0,27,8.0,19.0
1102,91,6,AUS7-6,6,,7,2,2,3,0.4285714286,,Jana & Cor,Co-Ed,George & Pam,Co-Ed,,5.0,4.0,3.333333333,0.3,0.5,0.6666666667,0.3181818182,,7,10,3.0,7.0,10,5.0,5.0,12,8.0,4.0,22,7.0,15.0
1103,91,7,AUS7-7,7,,6,2,1,3,0.4166666667,,Darren & Tristan,All-Male,Bec & Kate,All-Female,,3.0,3.0,4.0,0.625,0.6,0.3333333333,0.6470588235,,7,8,5.0,3.0,5,3.0,2.0,9,3.0,6.0,17,11.0,6.0
1104,91,8,AUS7-8,8,,5,2,1,2,0.5,,Emma & Hayley,All-Female,Harry & Teddy,All-Male,,4.5,3.0,1.5,0.0,0.5,1.0,0.0,,7,6,0.0,6.0,4,2.0,2.0,6,6.0,0.0,12,0.0,12.0
1105,91,9,AUS7-9,9,,5,2,1,2,0.5,,Emma & Hayley,All-Female,Jana & Cor,Co-Ed,,2.5,5.0,2.5,0.6666666667,0.0,0.6666666667,0.5,,7,6,4.0,2.0,4,0.0,4.0,6,4.0,2.0,12,6.0,6.0
1106,91,10,AUS7-10,10,,4,2,0,2,0.5,,Darren & Tristan,All-Male,Alli & Angie,All-Female,,1.5,,3.5,1.0,,0.0,1.0,,7,4,4.0,0.0,0,0.0,0.0,4,0.0,4.0,8,8.0,0.0
1107,91,11,AUS7-11,11,,4,2,0,2,0.5,,Alli & Angie,All-Female,Harry & Teddy,All-Male,,3.0,,2.0,0.25,,0.75,0.25,,7,4,1.0,3.0,0,0.0,0.0,4,3.0,1.0,8,2.0,6.0
1108,91,12,AUS7-12,12,,3,1,0,2,0.3333333333,,"Darren & Tristan, Emma & Hayley, Alli & Angie","All-Male, All-Female, All-Female","Darren & Tristan, Emma & Hayley, Alli & Angie","All-Male, All-Female, All-Female",,1.0,,1.0,0.5,,0.5,0.5,,7,2,1.0,1.0,0,0.0,0.0,2,1.0,1.0,4,2.0,2.0
1109,92,1,USA36-1,1,,13,3,7,3,0.5,,Rod & Leticia,Co-Ed,Maya & Rohan,Co-Ed,,4.666666667,7.428571429,8.333333333,0.7333333333,0.4285714286,0.3666666667,0.6833333333,,1,30,22.0,8.0,42,18.0,24.0,30,11.0,19.0,60,41.0,19.0
1110,92,2,USA36-2,2,,12,3,6,3,0.5,,Rod & Leticia,Co-Ed,Chris & Mary,Co-Ed,,4.666666667,6.666666667,8.0,0.7037037037,0.4722222222,0.3333333333,0.6851851852,,1,27,19.0,8.0,36,17.0,19.0,27,9.0,18.0,54,37.0,17.0
1111,92,3,USA36-3,3,,11,3,5,3,0.5,,Ricky & Cesar,All-Male,Anthony & Bailey,All-Male,,5.333333333,5.8,7.0,0.5833333333,0.5333333333,0.375,0.6041666667,,1,24,14.0,10.0,30,16.0,14.0,24,9.0,15.0,48,29.0,19.0
1112,92,4,USA36-4,4,,10,2,5,3,0.45,,Ricky & Cesar,All-Male,Michelle & Sean,Co-Ed,,3.0,5.0,8.0,0.8125,0.6,0.1428571429,0.8378378378,,1,16,13.0,3.0,25,15.0,10.0,21,3.0,18.0,37,31.0,6.0
1113,92,5,USA36-5,5,,9,2,4,3,0.4444444444,,Ricky & Cesar,All-Male,Kishori & Karishma,All-Female,,1.5,5.0,7.333333333,1.0,0.5,0.1111111111,0.9375,,1,14,14.0,0.0,20,10.0,10.0,18,2.0,16.0,32,30.0,2.0
1114,92,6A,USA36-6A,6,,8,2,4,2,0.5,,Juan & Shane,All-Male,Derek & Shelisa,Co-Ed,,1.5,5.0,6.5,1.0,0.375,0.1666666667,0.9166666667,,1,12,12.0,0.0,16,6.0,10.0,12,2.0,10.0,24,22.0,2.0
1115,92,6B,USA36-6B,7,,8,2,4,2,0.5,,Juan & Shane,All-Male,Derek & Shelisa,Co-Ed,,1.5,5.0,6.5,1.0,0.375,0.1666666667,0.9166666667,,1,12,12.0,0.0,16,6.0,10.0,12,2.0,10.0,24,22.0,2.0
1116,92,7,USA36-7,8,,7,2,3,2,0.5,,Ricky & Cesar,All-Male,Sunny & Bizzy,All-Female,,3.5,3.0,6.0,0.6,0.75,0.1,0.75,,1,10,6.0,4.0,12,9.0,3.0,10,1.0,9.0,20,15.0,5.0
1117,92,8,USA36-8,9,,6,2,3,1,0.5833333333,,Ricky & Cesar,All-Male,Angie & Danny,Co-Ed,,1.5,4.666666667,4.0,1.0,0.1111111111,0.4,0.8461538462,,1,8,8.0,0.0,9,1.0,8.0,5,2.0,3.0,13,11.0,2.0
1118,92,9,USA36-9,10,,5,2,2,1,0.6,,Ricky & Cesar,All-Male,Yvonne & Melissa,All-Female,,2.0,3.0,5.0,0.8333333333,0.5,0.0,0.9,,1,6,5.0,1.0,6,3.0,3.0,4,0.0,4.0,10,9.0,1.0
1119,92,10,USA36-10,11,,4,2,2,0,0.75,,Rod & Leticia,Co-Ed,Amber & Vinny,Co-Ed,,2.5,2.5,,0.5,0.5,,0.5,,1,4,2.0,2.0,4,2.0,2.0,0,0.0,0.0,4,2.0,2.0
1120,92,11,USA36-11,12,,3,2,1,0,0.8333333333,,Ricky & Cesar,All-Male,Rod & Leticia,Co-Ed,,1.5,3.0,,1.0,0.0,,1.0,,1,2,2.0,0.0,2,0.0,2.0,0,0.0,0.0,2,2.0,0.0
1121,93,1,ISR9-1,1,,13,4,5,4,0.5,,Sahar & Yeftah,All-Male,Michal & Elrom,Co-Ed,,5.25,7.6,8.0,0.6944444444,0.425,0.3888888889,0.6527777778,,4,36,25.0,11.0,40,17.0,23.0,36,14.0,22.0,72,47.0,25.0
1122,93,2,ISR9-2,2,,12,4,4,4,0.5,,Lee & Anne,All-Female,Shahar & Ronit,Co-Ed,,5.75,8.5,5.25,0.59375,0.25,0.65625,0.46875,,4,32,19.0,13.0,32,8.0,24.0,32,21.0,11.0,64,30.0,34.0
1123,93,3,ISR9-3,3,,11,4,3,4,0.5,,Sahar & Yeftah,All-Male,Raheli & Miri,All-Female,,5.5,4.666666667,7.5,0.5714285714,0.6666666667,0.2857142857,0.6428571429,,4,28,16.0,12.0,24,16.0,8.0,28,8.0,20.0,56,36.0,20.0
1124,93,4,ISR9-4,4,,10,4,3,3,0.55,,Idan & Guy,All-Male,Amit & Rotem,All-Female,,4.75,4.666666667,7.333333333,0.625,0.619047619,0.2380952381,0.6888888889,,4,24,15.0,9.0,21,13.0,8.0,21,5.0,16.0,45,31.0,14.0
1125,93,5,ISR9-5,5,,9,4,3,2,0.6111111111,,Hassi & Yerin,All-Female,Idan & Guy,All-Male,,7.0,3.0,4.0,0.1,0.8333333333,0.6428571429,0.2058823529,,4,20,2.0,18.0,18,15.0,3.0,14,9.0,5.0,34,7.0,27.0
1126,93,6,ISR9-6,6,,8,3,3,2,0.5625,,Udi & Matan,All-Male,Hassi & Yerin,All-Female,,3.0,5.0,6.0,0.8,0.4,0.25,0.7777777778,,4,15,12.0,3.0,15,6.0,9.0,12,3.0,9.0,27,21.0,6.0
1127,93,7,ISR9-7,7,,7,3,3,1,0.6428571429,,Lee & Anne,All-Female,Udi & Matan,All-Male,,5.666666667,3.333333333,1.0,0.08333333333,0.6666666667,1.0,0.05555555556,,4,12,1.0,11.0,12,8.0,4.0,6,6.0,0.0,18,1.0,17.0
1128,93,8,ISR9-8,8,,6,2,3,1,0.5833333333,,Udi & Matan,All-Male,Lior & Sapir,Co-Ed,,3.0,4.333333333,2.0,0.625,0.2222222222,0.8,0.4615384615,,4,8,5.0,3.0,9,2.0,7.0,5,4.0,1.0,13,6.0,7.0
1129,93,9,ISR9-9,9,,6,2,3,1,0.5833333333,,Lee & Anne,All-Female,Udi & Matan,All-Male,,5.5,3.0,1.0,0.0,0.6666666667,1.0,0.0,,4,8,0.0,8.0,9,6.0,3.0,5,5.0,0.0,13,0.0,13.0
1130,93,10,ISR9-10,10,,5,1,3,1,0.5,,Inbar & Avishay,Co-Ed,Sahar & Yeftah,All-Male,,5.0,2.333333333,3.0,0.0,0.8333333333,0.5,0.25,,4,4,0.0,4.0,6,5.0,1.0,4,2.0,2.0,8,2.0,6.0
1131,93,11,ISR9-11,11,,4,0,3,1,0.375,,Lee & Anne,All-Female,Itzik & Esti,Co-Ed,,,3.0,1.0,,0.0,1.0,0.0,,4,0,0.0,0.0,3,0.0,3.0,3,3.0,0.0,3,0.0,3.0
1132,93,12,ISR9-12,12,,3,0,2,1,0.3333333333,,Lee & Anne,All-Female,Lior & Sapir,Co-Ed,,,2.5,1.0,,0.0,1.0,0.0,,4,0,0.0,0.0,2,0.0,2.0,2,2.0,0.0,2,0.0,2.0
1133,94,1,CAN10-1,1,,11,4,3,4,0.5,,Kevin & Gurleen,Co-Ed,Eva & Trystenne,All-Female,,6.0,5.666666667,6.25,0.5,0.5416666667,0.4642857143,0.5178571429,,13,28,14.0,14.0,24,13.0,11.0,28,13.0,15.0,56,29.0,27.0
1134,94,2,CAN10-2,2,,10,4,3,3,0.55,,Michael & Tyson,All-Male,Dorothy & Olus,Co-Ed,,4.75,7.333333333,4.333333333,0.6041666667,0.2142857143,0.6666666667,0.4777777778,,13,24,14.5,9.5,21,4.5,16.5,21,14.0,7.0,45,21.5,23.5
1135,94,3,CAN10-3,3,,9,4,2,3,0.5555555556,,Michael & Tyson,All-Male,Connor & John,All-Male,,5.75,4.0,4.666666667,0.35,0.6428571429,0.5555555556,0.3947368421,,13,20,7.0,13.0,14,9.0,5.0,18,10.0,8.0,38,15.0,23.0
1136,94,4,CAN10-4,4,,8,3,2,3,0.5,,Julia & Olivia,All-Female,Brad & Sam,Co-Ed,,5.666666667,6.5,2.0,0.2666666667,0.1666666667,1.0,0.1333333333,,13,15,4.0,11.0,12,2.0,10.0,15,15.0,0.0,30,4.0,26.0
1137,94,5,CAN10-5,5,,7,3,1,3,0.5,,Taylor & Katie,All-Female,Julia & Olivia,All-Female,,4.0,5.0,3.666666667,0.5,0.3333333333,0.5833333333,0.4583333333,,13,12,6.0,6.0,6,2.0,4.0,12,7.0,5.0,24,11.0,13.0
1138,94,6,CAN10-6,6,,6,3,1,2,0.5833333333,,Lauren & Nicole,All-Female,Taylor & Katie,All-Female,,4.0,2.0,3.5,0.3333333333,0.8,0.5,0.4117647059,,13,9,3.0,6.0,5,4.0,1.0,8,4.0,4.0,17,7.0,10.0
1139,94,7,CAN10-7,7,,6,3,1,2,0.5833333333,,Taylor & Katie,All-Female,Michael & Amari,All-Male,,5.0,2.0,2.0,0.0,0.8,0.875,0.05882352941,,13,9,0.0,9.0,5,4.0,1.0,8,7.0,1.0,17,1.0,16.0
1140,94,8,CAN10-8,8,,5,2,1,2,0.5,,Lauren & Nicole,All-Female,Kevin & Gurleen,Co-Ed,,3.5,5.0,1.5,0.3333333333,0.0,1.0,0.1666666667,,13,6,2.0,4.0,4,0.0,4.0,6,6.0,0.0,12,2.0,10.0
1141,94,9,CAN10-9,9,,4,2,0,2,0.5,,Taylor & Katie,All-Female,Lauren & Nicole,All-Female,,2.5,,2.5,0.5,,0.5,0.5,,13,4,2.0,2.0,0,0.0,0.0,4,2.0,2.0,8,4.0,4.0
1142,95,1,AUS8-1,1,,11,3,5,3,0.5,,Chloe & Emily,All-Female,Luke & Julie,Co-Ed,,5.666666667,7.2,4.333333333,0.5416666667,0.3,0.7083333333,0.4166666667,,7,24,13.0,11.0,30,9.0,21.0,24,17.0,7.0,48,20.0,28.0
1143,95,2,AUS8-2,2,,10,3,4,3,0.5,,Bam Bam & Logan,All-Male,Nat & Mel,All-Female,,2.333333333,6.75,7.0,0.9523809524,0.2916666667,0.2857142857,0.8333333333,,7,21,20.0,1.0,24,7.0,17.0,21,6.0,15.0,42,35.0,7.0
1144,95,3,AUS8-3,3,,9,3,4,2,0.5555555556,,Chloe & Emily,All-Female,Cyrell & Eden,Co-Ed,,5.666666667,6.0,2.0,0.3888888889,0.3,0.9285714286,0.25,,7,18,7.0,11.0,20,6.0,14.0,14,13.0,1.0,32,8.0,24.0
1145,95,4,AUS8-4,4,,8,3,3,2,0.5625,,Bam Bam & Logan,All-Male,Jett & Lily,Co-Ed,,4.333333333,6.0,2.5,0.5333333333,0.2,0.8333333333,0.3703703704,,7,15,8.0,7.0,15,3.0,12.0,12,10.0,2.0,27,10.0,17.0
1146,95,5,AUS8-5,5,,7,3,2,2,0.5714285714,,Brooke & Adam,Co-Ed,Pete & Bridget,Co-Ed,,4.333333333,4.0,3.5,0.4166666667,0.5,0.6,0.4090909091,,7,12,5.0,7.0,10,5.0,5.0,10,6.0,4.0,22,9.0,13.0
1147,95,6,AUS8-6,6,,7,3,2,2,0.5714285714,,Brooke & Adam,Co-Ed,Havana & Steph,All-Female,,4.0,3.5,4.5,0.5,0.6,0.4,0.5454545455,,7,12,6.0,6.0,10,6.0,4.0,10,4.0,6.0,22,12.0,10.0
1148,95,7,AUS8-7,7,,6,3,2,1,0.6666666667,,Bam Bam & Logan,All-Male,Chloe & Emily,All-Female,,3.333333333,2.5,6.0,0.5555555556,0.75,0.0,0.7142857143,,7,9,5.0,4.0,8,6.0,2.0,5,0.0,5.0,14,10.0,4.0
1149,95,8,AUS8-8,8,,5,3,2,0,0.8,,Pete & Bridget,Co-Ed,Thorpie & Christian,All-Male,,4.0,1.5,,0.0,1.0,,0.0,,7,6,0.0,6.0,6,6.0,0.0,0,0.0,0.0,6,0.0,6.0
1150,95,9,AUS8-9,9,,5,3,2,0,0.8,,Brooke & Adam,Co-Ed,Thorpie & Christian,All-Male,,4.0,1.5,,0.0,1.0,,0.0,,7,6,0.0,6.0,6,6.0,0.0,0,0.0,0.0,6,0.0,6.0
1151,95,10,AUS8-10,10,,4,2,2,0,0.75,,Pete & Bridget,Co-Ed,Billy & Oscar,All-Male,,3.0,2.0,,0.25,0.75,,0.25,,7,4,1.0,3.0,4,3.0,1.0,0,0.0,0.0,4,1.0,3.0
1152,95,11,AUS8-11,11,,4,2,2,0,0.75,,Brooke & Adam,Co-Ed,Pete & Bridget,Co-Ed,,2.5,2.5,,0.5,0.5,,0.5,,7,4,2.0,2.0,4,2.0,2.0,0,0.0,0.0,4,2.0,2.0
1153,95,12,AUS8-12,12,,3,2,1,0,0.8333333333,,Bam Bam & Logan,All-Male,Brooke & Adam,Co-Ed,,1.5,3.0,,1.0,0.0,,1.0,,7,2,2.0,0.0,2,0.0,2.0,0,0.0,0.0,2,2.0,0.0
1154,96,1,FIN2-1,1,,11,3,6,2,0.5454545455,,Mimosa & Pati,Co-Ed,Aku & Wille,All-Male,,7.333333333,6.0,4.0,0.3333333333,0.5,0.7222222222,0.3095238095,,15,24,8.0,16.0,30,15.0,15.0,18,13.0,5.0,42,13.0,29.0
1155,96,2,FIN2-2,2,,10,2,6,2,0.5,,Metti & Hanna,All-Female,Tuure & Saana,Co-Ed,,3.5,6.666666667,4.0,0.75,0.2083333333,0.6875,0.53125,,15,16,12.0,4.0,24,5.0,19.0,16,11.0,5.0,32,17.0,15.0
1156,96,3,FIN2-3,3,,9,2,5,2,0.5,,Metti & Hanna,All-Female,Jani & Maria,Co-Ed,,3.5,5.8,4.5,0.7142857143,0.3,0.5714285714,0.5714285714,,15,14,10.0,4.0,20,6.0,14.0,14,8.0,6.0,28,16.0,12.0
1157,96,4,FIN2-4,4,,8,2,4,2,0.5,,Elias & Matias,All-Male,Paulus & Adeliina,Co-Ed,,2.5,5.75,4.0,0.8333333333,0.1875,0.5833333333,0.625,,15,12,10.0,2.0,16,3.0,13.0,12,7.0,5.0,24,15.0,9.0
1158,96,5,FIN2-5,5,,7,2,3,2,0.5,,Metti & Hanna,All-Female,Tinni & Antti,Co-Ed,,3.5,5.333333333,2.5,0.6,0.1666666667,0.8,0.4,,15,10,6.0,4.0,12,2.0,10.0,10,8.0,2.0,20,8.0,12.0
1159,96,6,FIN2-6,6,,6,2,2,2,0.5,,Metti & Hanna,All-Female,Leea & Kaarina,All-Female,,4.0,3.0,3.5,0.375,0.625,0.5,0.4375,,15,8,3.0,5.0,8,5.0,3.0,8,4.0,4.0,16,7.0,9.0
1160,96,7,FIN2-7,7,,6,2,2,2,0.5,,Elias & Matias,All-Male,Gracias & Jeremie,All-Male,,3.5,3.0,4.0,0.5,0.625,0.375,0.5625,,15,8,4.0,4.0,8,5.0,3.0,8,3.0,5.0,16,9.0,7.0
1161,96,8,FIN2-8,8,,5,1,2,2,0.4,,Mimosa & Pati,Co-Ed,Leea & Kaarina,All-Female,,2.0,2.5,4.0,0.75,0.6666666667,0.1666666667,0.8,,15,4,3.0,1.0,6,4.0,2.0,6,1.0,5.0,10,8.0,2.0
1162,96,9,FIN2-9,9,,5,1,2,2,0.4,,Mimosa & Pati,Co-Ed,Leea & Kaarina,All-Female,,2.0,2.5,4.0,0.75,0.6666666667,0.1666666667,0.8,,15,4,3.0,1.0,6,4.0,2.0,6,1.0,5.0,10,8.0,2.0
1163,96,10,FIN2-10,10,,4,1,2,1,0.5,,Mimosa & Pati,Co-Ed,Paulus & Adeliina,Co-Ed,,3.0,2.5,2.0,0.3333333333,0.5,0.6666666667,0.3333333333,,15,3,1.0,2.0,4,2.0,2.0,3,2.0,1.0,6,2.0,4.0
1164,96,11,FIN2-11,11,,4,1,2,1,0.5,,Elias & Matias,All-Male,Paulus & Adeliina,Co-Ed,,1.0,3.5,2.0,1.0,0.0,0.6666666667,0.6666666667,,15,3,3.0,0.0,4,0.0,4.0,3,2.0,1.0,6,4.0,2.0
1165,96,12,FIN2-12,12,,3,1,1,1,0.5,,Metti & Hanna,All-Female,Elias & Matias,All-Male,,3.0,2.0,1.0,0.0,0.5,1.0,0.0,,15,2,0.0,2.0,2,1.0,1.0,2,2.0,0.0,4,0.0,4.0
1166,97,1A,USA37-1A,1,,7,4,1,2,0.6428571429,,Carson & Jack,All-Male,Mark & Larry,All-Male,,3.75,3.0,5.0,0.5833333333,0.6666666667,0.3,0.6363636364,,1,12,7.0,5.0,6,4.0,2.0,10,3.0,7.0,22,14.0,8.0
1167,97,1B,USA37-1B,2,,7,1,4,2,0.4285714286,,Alyssa & Josiah,Co-Ed,Jackye & Lauren,All-Female,,4.0,2.75,6.5,0.5,0.9166666667,0.0,0.8125,,1,6,3.0,3.0,12,11.0,1.0,10,0.0,10.0,16,13.0,3.0
1168,97,2,USA37-2,3,,12,4,5,3,0.5416666667,,Jonathan & Ana,Co-Ed,Ernest & Bridget,Co-Ed,,7.5,5.8,6.333333333,0.375,0.6,0.5185185185,0.4237288136,,1,32,12.0,20.0,35,21.0,14.0,27,14.0,13.0,59,25.0,34.0
1169,97,3,USA37-3,4,,11,4,4,3,0.5454545455,,Scott & Lori,Co-Ed,Courtney & Jasmin,All-Female,,5.25,5.0,8.333333333,0.6071428571,0.6428571429,0.2083333333,0.6923076923,,1,28,17.0,11.0,28,18.0,10.0,24,5.0,19.0,52,36.0,16.0
1170,97,4,USA37-4,5,,10,4,4,2,0.6,,Jonathan & Ana,Co-Ed,Bernie & Carrigain,All-Female,,6.5,3.75,7.0,0.3333333333,0.7916666667,0.3125,0.475,,1,24,8.0,16.0,24,19.0,5.0,16,5.0,11.0,40,19.0,21.0
1171,97,5,USA37-5,6,,9,4,4,1,0.6666666667,,Brett & Mark,All-Male,Scott & Lori,Co-Ed,,3.5,6.25,6.0,0.8,0.25,0.375,0.75,,1,20,16.0,4.0,20,5.0,15.0,8,3.0,5.0,28,21.0,7.0
1172,97,6,USA37-6,7,,8,4,3,1,0.6875,,Carson & Jack,All-Male,Pops & Jeff,All-Male,,5.0,3.333333333,6.0,0.375,0.7333333333,0.2857142857,0.4782608696,,1,16,6.0,10.0,15,11.0,4.0,7,2.0,5.0,23,11.0,12.0
1173,97,7,USA37-7,8,,7,3,3,1,0.6428571429,,Alyssa & Josiah,Co-Ed,Nick & Mike,All-Male,,5.0,2.666666667,5.0,0.25,0.8333333333,0.3333333333,0.3888888889,,1,12,3.0,9.0,12,10.0,2.0,6,2.0,4.0,18,7.0,11.0
1174,97,8,USA37-8,9,,6,2,3,1,0.5833333333,,Brett & Mark,All-Male,Melinda & Erika,All-Female,,2.5,3.333333333,6.0,0.75,0.5555555556,0.0,0.8461538462,,1,8,6.0,2.0,9,5.0,4.0,5,0.0,5.0,13,11.0,2.0
1175,97,9,USA37-9,10,,5,2,3,0,0.7,,Jonathan & Ana,Co-Ed,Han & Holden,Co-Ed,,3.0,3.0,,0.5,0.5,,0.5,,1,6,3.0,3.0,6,3.0,3.0,0,0.0,0.0,6,3.0,3.0
1176,97,10,USA37-10,11,,5,2,3,0,0.7,,Carson & Jack,All-Male,Brett & Mark,All-Male,,3.0,3.0,,0.5,0.5,,0.5,,1,6,3.0,3.0,6,3.0,3.0,0,0.0,0.0,6,3.0,3.0
1177,97,11,USA37-11,12,,4,1,3,0,0.625,,Carson & Jack,All-Male,Alyssa & Josiah,Co-Ed,,1.0,3.0,,1.0,0.0,,1.0,,1,3,3.0,0.0,3,0.0,3.0,0,0.0,0.0,3,3.0,0.0
1178,97,12,USA37-12,13,,3,1,2,0,0.6666666667,,Carson & Jack,All-Male,Jonathan & Ana,Co-Ed,,1.0,2.5,,1.0,0.0,,1.0,,1,2,2.0,0.0,2,0.0,2.0,0,0.0,0.0,2,2.0,0.0
1179,98,1,CAN11-1,1,,11,3,5,3,0.5,,Jesse & Jonathon,All-Male,Michele & Aditi,All-Female,,3.333333333,6.6,7.666666667,0.8333333333,0.4,0.2916666667,0.7708333333,,13,24,20.0,4.0,30,12.0,18.0,24,7.0,17.0,48,37.0,11.0
1180,98,2,CAN11-2,2,,10,3,5,2,0.55,,Jesse & Jonathon,All-Male,Brendan & Sam,Co-Ed,,4.666666667,5.6,6.5,0.619047619,0.48,0.375,0.6216216216,,13,21,13.0,8.0,25,12.0,13.0,16,6.0,10.0,37,23.0,14.0
1181,98,3,CAN11-3,3,,9,3,4,2,0.5555555556,,Jesse & Jonathon,All-Male,Osas & Esosa,All-Male,,5.333333333,5.5,3.5,0.4444444444,0.4,0.7142857143,0.375,,13,18,8.0,10.0,20,8.0,12.0,14,10.0,4.0,32,12.0,20.0
1182,98,4,CAN11-4,4,,8,2,4,2,0.5,,EB & Blake,All-Male,Lacey & Celia,All-Female,,1.5,4.75,7.0,1.0,0.4375,0.08333333333,0.9583333333,,13,12,12.0,0.0,16,7.0,9.0,12,1.0,11.0,24,23.0,1.0
1183,98,5,CAN11-5,5,,8,2,4,2,0.5,,Jesse & Jonathon,All-Male,Louis & Marie,Co-Ed,,3.0,5.25,4.5,0.75,0.3125,0.5,0.625,,13,12,9.0,3.0,16,5.0,11.0,12,6.0,6.0,24,15.0,9.0
1184,98,6,CAN11-6,6,,7,2,3,2,0.5,,EB & Blake,All-Male,Rebecca & Rebecca,All-Female,,1.5,5.0,5.0,1.0,0.25,0.3,0.85,,13,10,10.0,0.0,12,3.0,9.0,10,3.0,7.0,20,17.0,3.0
1185,98,7,CAN11-7,7,,6,2,3,1,0.5833333333,,Grace & Joe,Co-Ed,Nipîy & Magoo,Co-Ed,,3.5,3.666666667,3.0,0.5,0.4444444444,0.6,0.4615384615,,13,8,4.0,4.0,9,4.0,5.0,5,3.0,2.0,13,6.0,7.0
1186,98,8,CAN11-8,8,,6,2,3,1,0.5833333333,,Grace & Joe,Co-Ed,Lacey & Celia,All-Female,,4.0,2.333333333,6.0,0.375,0.8888888889,0.0,0.6153846154,,13,8,3.0,5.0,9,8.0,1.0,5,0.0,5.0,13,8.0,5.0
1187,98,9,CAN11-9,9,,5,2,3,0,0.7,,Nipîy & Magoo,Co-Ed,Ika & Demetres,Co-Ed,,3.5,2.666666667,,0.3333333333,0.6666666667,,0.3333333333,,13,6,2.0,4.0,6,4.0,2.0,0,0.0,0.0,6,2.0,4.0
1188,98,10,CAN11-10,10,,4,2,2,0,0.75,,Jesse & Jonathon,All-Male,Nipîy & Magoo,Co-Ed,,2.0,3.0,,0.75,0.25,,0.75,,13,4,3.0,1.0,4,1.0,3.0,0,0.0,0.0,4,3.0,1.0
1189,99,1,AUS9-1,1,,13,4,6,3,0.5384615385,,Ant & Dan,All-Male,Ed & Tiff,Co-Ed,,5.0,7.0,9.666666667,0.7222222222,0.5,0.2333333333,0.7424242424,,7,36,26.0,10.0,42,21.0,21.0,30,7.0,23.0,66,49.0,17.0
1190,99,2,AUS9-2,2,,12,4,5,3,0.5416666667,,'Dom Tomato' & Marx,All-Male,Ant & Dan,All-Male,,6.5,6.6,6.333333333,0.5,0.4857142857,0.5185185185,0.4915254237,,7,32,16.0,16.0,35,17.0,18.0,27,14.0,13.0,59,29.0,30.0
1191,99,3,AUS9-3,3,,11,3,5,3,0.5,,Steve & Bernie,All-Male,Bronte & Benfield,Co-Ed,,4.666666667,7.4,5.0,0.6666666667,0.2666666667,0.625,0.5208333333,,7,24,16.0,8.0,30,8.0,22.0,24,15.0,9.0,48,25.0,23.0
1192,99,4,AUS9-4,4,,10,3,4,3,0.5,,'Dom Tomato' & Marx,All-Male,Steph & Ben,Co-Ed,,5.333333333,5.25,6.0,0.5238095238,0.5416666667,0.4285714286,0.5476190476,,7,21,11.0,10.0,24,13.0,11.0,21,9.0,12.0,42,23.0,19.0
1193,99,5,AUS9-5,5,,9,3,3,3,0.5,,Gretel & Epiphany,All-Female,Brendan & Leni,Co-Ed,,6.0,5.0,4.0,0.3333333333,0.5,0.6666666667,0.3333333333,,7,18,6.0,12.0,18,9.0,9.0,18,12.0,6.0,36,12.0,24.0
1194,99,6,AUS9-6,6,,9,3,3,3,0.5,,Steve & Bernie,All-Male,'Dom Tomato' & Marx,All-Male,,4.0,5.666666667,5.333333333,0.6666666667,0.3888888889,0.4444444444,0.6111111111,,7,18,12.0,6.0,18,7.0,11.0,18,8.0,10.0,36,22.0,14.0
1195,99,7,AUS9-7,7,,8,2,3,3,0.4375,,Aesha & Scott,Co-Ed,Lindy & Stella,All-Female,,4.5,3.0,6.0,0.5,0.8,0.2,0.6666666667,,7,12,6.0,6.0,15,12.0,3.0,15,3.0,12.0,27,18.0,9.0
1196,99,8,AUS9-8,8,,6,2,2,2,0.5,,Rob & Georgie,Co-Ed,Aesha & Scott,Co-Ed,,3.5,3.5,3.5,0.5,0.5,0.5,0.5,,7,8,4.0,4.0,8,4.0,4.0,8,4.0,4.0,16,8.0,8.0
1197,99,9,AUS9-9,9,,6,2,2,2,0.5,,Aesha & Scott,Co-Ed,Melissa & Leah,All-Female,,3.5,2.0,5.0,0.5,0.875,0.125,0.6875,,7,8,4.0,4.0,8,7.0,1.0,8,1.0,7.0,16,11.0,5.0
1198,99,10,AUS9-10,10,,5,2,2,1,0.6,,Rob & Georgie,Co-Ed,Gretel & Epiphany,All-Female,,3.0,2.0,5.0,0.5,0.8333333333,0.0,0.7,,7,6,3.0,3.0,6,5.0,1.0,4,0.0,4.0,10,7.0,3.0
1199,99,11,AUS9-11,11,,5,2,2,1,0.6,,Rob & Georgie,Co-Ed,Steve & Bernie,All-Male,,4.0,1.5,4.0,0.1666666667,1.0,0.25,0.4,,7,6,1.0,5.0,6,6.0,0.0,4,1.0,3.0,10,4.0,6.0
1200,99,12,AUS9-12,12,,5,2,2,1,0.6,,Steve & Bernie,All-Male,Gretel & Epiphany,All-Female,,1.5,3.5,5.0,1.0,0.3333333333,0.0,1.0,,7,6,6.0,0.0,6,2.0,4.0,4,0.0,4.0,10,10.0,0.0
1201,99,13,AUS9-13,13,,4,2,2,0,0.75,,Rob & Georgie,Co-Ed,Luke & 'Sassy' Scott,All-Male,,3.0,2.0,,0.25,0.75,,0.25,,7,4,1.0,3.0,4,3.0,1.0,0,0.0,0.0,4,1.0,3.0
1202,99,14,AUS9-14,14,,4,2,2,0,0.75,,Rob & Georgie,Co-Ed,Luke & 'Sassy' Scott,All-Male,,3.0,2.0,,0.25,0.75,,0.25,,7,4,1.0,3.0,4,3.0,1.0,0,0.0,0.0,4,1.0,3.0
1203,99,15,AUS9-15,15,,3,1,2,0,0.6666666667,,Steve & Bernie,All-Male,Aesha & Scott,Co-Ed,,1.0,2.5,,1.0,0.0,,1.0,,7,2,2.0,0.0,2,0.0,2.0,0,0.0,0.0,2,2.0,0.0
1204,100,1,USA38-1,1,,13,4,4,5,0.4615384615,,Jas & Jag,All-Male,Jack & Enzo,All-Male,,6.0,9.5,5.8,0.6111111111,0.2222222222,0.65,0.4736842105,,1,36,22.0,14.0,36,8.0,28.0,40,26.0,14.0,76,36.0,40.0
1205,100,2,USA38-2,2,,12,3,4,5,0.4166666667,,Jas & Jag,All-Male,Angela & Lexi,All-Female,,2.333333333,9.25,6.8,0.962962963,0.15625,0.4571428571,0.7258064516,,1,27,26.0,1.0,32,5.0,27.0,35,16.0,19.0,62,45.0,17.0
1206,100,3,USA38-3,3,,11,3,4,4,0.4545454545,,Natalie & Stephanie,All-Female,Megan & Matt,Co-Ed,,3.0,9.5,4.75,0.875,0.0,0.6785714286,0.5769230769,,1,24,21.0,3.0,28,0.0,28.0,28,19.0,9.0,52,30.0,22.0
1207,100,4,USA38-4,4,,10,3,3,4,0.45,,Tucker & Eric,All-Male,Kat & Alex,Co-Ed,,4.333333333,7.666666667,4.75,0.6666666667,0.1904761905,0.625,0.5111111111,,1,21,14.0,7.0,21,4.0,17.0,24,15.0,9.0,45,23.0,22.0
1208,100,5,USA38-5,5,,9,3,2,4,0.4444444444,,Tucker & Eric,All-Male,Hannah & Simone,All-Female,,2.666666667,4.0,7.25,0.8888888889,0.6428571429,0.05,0.9210526316,,1,18,16.0,2.0,14,9.0,5.0,20,1.0,19.0,38,35.0,3.0
1209,100,6,USA38-6,6,,8,3,2,3,0.5,,Tucker & Eric,All-Male,Kristine & Rubina,All-Female,,2.666666667,4.5,6.333333333,0.8666666667,0.5,0.1333333333,0.8666666667,,1,15,13.0,2.0,12,6.0,6.0,15,2.0,13.0,30,26.0,4.0
1210,100,7,USA38-7,7,,7,3,2,2,0.5714285714,,Tucker & Eric,All-Male,Natalie & Stephanie,All-Female,,2.0,4.5,6.5,1.0,0.4,0.0,1.0,,1,12,12.0,0.0,10,4.0,6.0,10,0.0,10.0,22,22.0,0.0
1211,100,8,USA38-8,8,,6,3,2,1,0.6666666667,,Jas & Jag,All-Male,Joseph & Adam,All-Male,,3.0,4.0,4.0,0.6666666667,0.375,0.4,0.6428571429,,1,9,6.0,3.0,8,3.0,5.0,5,2.0,3.0,14,9.0,5.0
1212,100,9,USA38-9,9,,6,3,2,1,0.6666666667,,Jas & Jag,All-Male,Tucker & Eric,All-Male,,3.333333333,3.5,4.0,0.5555555556,0.5,0.4,0.5714285714,,1,9,5.0,4.0,8,4.0,4.0,5,2.0,3.0,14,8.0,6.0
1213,100,10,USA38-10,10,,5,2,2,1,0.6,,Jas & Jag,All-Male,Jack & Chelsie,Co-Ed,,2.0,4.5,2.0,0.8333333333,0.0,0.75,0.6,,1,6,5.0,1.0,6,0.0,6.0,4,3.0,1.0,10,6.0,4.0
1214,100,11,USA38-11,11,,4,2,1,1,0.625,,Jas & Jag,All-Male,Izzy & Paige,All-Female,,2.0,2.0,4.0,0.75,0.6666666667,0.0,0.8571428571,,1,4,3.0,1.0,3,2.0,1.0,3,0.0,3.0,7,6.0,1.0
1215,100,12,USA38-12,12,,3,2,1,0,0.8333333333,,Jas & Jag,All-Male,Joseph & Adam,All-Male,,2.0,2.0,,0.5,0.5,,0.5,,1,2,1.0,1.0,2,1.0,1.0,0,0.0,0.0,2,1.0,1.0
1216,101,1,FIN3-1,1,,11,3,3,5,0.4090909091,,Nina & Elsa,All-Female,Karri & Tuukka,All-Male,,7.333333333,7.0,4.6,0.3333333333,0.375,0.7333333333,0.2962962963,,15,24,8.0,16.0,24,9.0,15.0,30,22.0,8.0,54,16.0,38.0
1217,101,2,FIN3-2,2,,11,3,3,5,0.4090909091,,Maria & Vilma,All-Female,Karri & Tuukka,All-Male,,7.666666667,7.666666667,4.0,0.2916666667,0.2916666667,0.8333333333,0.2222222222,,15,24,7.0,17.0,24,7.0,17.0,30,25.0,5.0,54,12.0,42.0
1218,101,3,FIN3-3,3,,10,2,3,5,0.35,,Nina & Elsa,All-Female,Arttu & Jaakko,All-Male,,9.0,6.0,3.8,0.0625,0.4285714286,0.84,0.1219512195,,15,16,1.0,15.0,21,9.0,12.0,25,21.0,4.0,41,5.0,36.0
1219,101,4,FIN3-4,4,,9,1,3,5,0.2777777778,,Nina & Elsa,All-Female,Paula & Kati,All-Female,,6.0,6.666666667,3.8,0.375,0.2222222222,0.8,0.25,,15,8,3.0,5.0,18,4.0,14.0,20,16.0,4.0,28,7.0,21.0
1220,101,5,FIN3-5,5,,8,1,3,4,0.3125,,Tomas & Esko,All-Male,Nina & Elsa,All-Female,,1.0,5.0,5.0,1.0,0.4,0.375,0.7391304348,,15,7,7.0,0.0,15,6.0,9.0,16,6.0,10.0,23,17.0,6.0
1221,101,6,FIN3-6,6,,7,1,3,3,0.3571428571,,Sara & Artturi,Co-Ed,Tuomas & Sini,Co-Ed,,4.0,4.666666667,3.333333333,0.5,0.3333333333,0.6666666667,0.3888888889,,15,6,3.0,3.0,12,4.0,8.0,12,8.0,4.0,18,7.0,11.0
1222,101,7,FIN3-7,7,,7,1,3,3,0.3571428571,,Sara & Artturi,Co-Ed,Mari & Joel,Co-Ed,,6.0,4.333333333,3.0,0.1666666667,0.4166666667,0.75,0.2222222222,,15,6,1.0,5.0,12,5.0,7.0,12,9.0,3.0,18,4.0,14.0
1223,101,8,FIN3-8,8,,6,1,2,3,0.3333333333,,Maria & Vilma,All-Female,Tuomas & Sini,Co-Ed,,5.0,4.5,2.333333333,0.2,0.25,0.8888888889,0.1428571429,,15,5,1.0,4.0,8,2.0,6.0,9,8.0,1.0,14,2.0,12.0
1224,101,9,FIN3-9,9,,5,1,1,3,0.3,,Sara & Artturi,Co-Ed,Maria & Vilma,All-Female,,3.0,1.0,3.666666667,0.5,1.0,0.1666666667,0.7,,15,4,2.0,2.0,4,4.0,0.0,6,1.0,5.0,10,7.0,3.0
1225,101,10,FIN3-10,10,,5,1,1,3,0.3,,Sara & Artturi,Co-Ed,Armi & Sari,All-Female,,4.0,1.0,3.333333333,0.25,1.0,0.3333333333,0.5,,15,4,1.0,3.0,4,4.0,0.0,6,2.0,4.0,10,5.0,5.0
1226,101,11,FIN3-11,11,,4,1,1,2,0.375,,Maria & Vilma,All-Female,Sara & Artturi,Co-Ed,,2.0,4.0,2.0,0.6666666667,0.0,0.75,0.4285714286,,15,3,2.0,1.0,3,0.0,3.0,4,3.0,1.0,7,3.0,4.0
1227,101,12,FIN3-12,12,,3,1,0,2,0.3333333333,,Maria & Vilma,All-Female,Tomas & Esko,All-Male,,3.0,,1.5,0.0,,1.0,0.0,,15,2,0.0,2.0,0,0.0,0.0,2,2.0,0.0,4,0.0,4.0
1228,102,1A,ISR10-1A,1,,7,1,5,1,0.5,,Ron & Meitav,Co-Ed,Reuven & Gali,Co-Ed,,5.0,3.8,4.0,0.3333333333,0.6,0.5,0.4166666667,,4,6,2.0,4.0,10,6.0,4.0,6,3.0,3.0,12,5.0,7.0
1229,102,1B,ISR10-1B,2,,7,2,4,1,0.5714285714,,Itai & Omri,All-Male,Yotam & Nofar,Co-Ed,,2.0,5.5,2.0,0.9,0.0,0.8333333333,0.625,,4,10,9.0,1.0,12,0.0,12.0,6,5.0,1.0,16,10.0,6.0
1230,102,2,ISR10-2,3,,12,3,7,2,0.5416666667,,Itai & Omri,All-Male,Emuna & Neria,Co-Ed,,6.333333333,5.714285714,9.5,0.5185185185,0.6571428571,0.2,0.6382978723,,4,27,14.0,13.0,35,23.0,12.0,20,4.0,16.0,47,30.0,17.0
1231,102,3,ISR10-3,4,,11,3,6,2,0.5454545455,,Itai & Omri,All-Male,Ron & Meitav,Co-Ed,,5.0,5.666666667,8.5,0.625,0.5666666667,0.2222222222,0.6904761905,,4,24,15.0,9.0,30,17.0,13.0,18,4.0,14.0,42,29.0,13.0
1232,102,4,ISR10-4,5,,10,3,5,2,0.55,,Shlomi & Asaf,All-Male,Michal & Nuni,All-Female,,2.666666667,6.2,8.0,0.9047619048,0.36,0.1875,0.8648648649,,4,21,19.0,2.0,25,9.0,16.0,16,3.0,13.0,37,32.0,5.0
1233,102,5,ISR10-5,6,,9,3,5,1,0.6111111111,,Shlomi & Asaf,All-Male,Hen & Yossi,Co-Ed,,4.0,5.6,5.0,0.6666666667,0.35,0.5,0.6153846154,,4,18,12.0,6.0,20,7.0,13.0,8,4.0,4.0,26,16.0,10.0
1234,102,6,ISR10-6,7,,7,3,3,1,0.6428571429,,Shlomi & Asaf,All-Male,Itai & Omri,All-Male,,4.666666667,3.666666667,3.0,0.3333333333,0.5833333333,0.6666666667,0.3333333333,,4,12,4.0,8.0,12,7.0,5.0,6,4.0,2.0,18,6.0,12.0
1235,102,7,ISR10-7,8,,6,2,3,1,0.5833333333,,Tom & Almog,All-Male,Ezi & Dani,Co-Ed,,2.5,4.333333333,3.0,0.75,0.2222222222,0.6,0.6153846154,,4,8,6.0,2.0,9,2.0,7.0,5,3.0,2.0,13,8.0,5.0
1236,102,8,ISR10-8,9,,6,2,3,1,0.5833333333,,Tom & Almog,All-Male,Sapir & Sapir,All-Female,,2.0,3.666666667,6.0,0.875,0.4444444444,0.0,0.9230769231,,4,8,7.0,1.0,9,4.0,5.0,5,0.0,5.0,13,12.0,1.0
1237,102,9,ISR10-9,10,,5,2,3,0,0.7,,Tom & Almog,All-Male,Mai & Itai,Co-Ed,,2.0,3.666666667,,0.8333333333,0.1666666667,,0.8333333333,,4,6,5.0,1.0,6,1.0,5.0,0,0.0,0.0,6,5.0,1.0
1238,102,10,ISR10-10,11,,4,2,2,0,0.75,,Ezi & Dani,Co-Ed,Shlomi & Asaf,All-Male,,3.0,2.0,,0.25,0.75,,0.25,,4,4,1.0,3.0,4,3.0,1.0,0,0.0,0.0,4,1.0,3.0
1239,102,11,ISR10-11,12,,3,1,2,0,0.6666666667,,Tom & Almog,All-Male,Ezi & Dani,Co-Ed,,1.0,2.5,,1.0,0.0,,1.0,,4,2,2.0,0.0,2,0.0,2.0,0,0.0,0.0,2,2.0,0.0
1240,103,1,CAN12-1,1,,10,3,3,4,0.45,,Tina & Liz,All-Female,Maestro & Duane,All-Male,,7.333333333,4.0,5.25,0.2380952381,0.7142857143,0.5416666667,0.3555555556,,13,21,5.0,16.0,21,15.0,6.0,24,13.0,11.0,45,16.0,29.0
1241,103,2,CAN12-2,2,,10,3,3,4,0.45,,Eamon & Bec,Co-Ed,Maestro & Duane,All-Male,,6.0,3.333333333,6.5,0.4047619048,0.8095238095,0.3125,0.5555555556,,13,21,8.5,12.5,21,17.0,4.0,24,7.5,16.5,45,25.0,20.0
1242,103,3,CAN12-3,3,,9,2,3,4,0.3888888889,,Sacha & Sébastien,All-Male,Dana & Cordelia,All-Female,,3.5,4.333333333,6.25,0.7142857143,0.6111111111,0.25,0.7352941176,,13,14,10.0,4.0,18,11.0,7.0,20,5.0,15.0,34,25.0,9.0
1243,103,4,CAN12-4,4,,8,2,3,3,0.4375,,Eamon & Bec,Co-Ed,Keshia & Nova,All-Female,,6.5,2.333333333,5.333333333,0.1666666667,0.9333333333,0.3333333333,0.4444444444,,13,12,2.0,10.0,15,14.0,1.0,15,5.0,10.0,27,12.0,15.0
1244,103,5,CAN12-5,5,,8,2,3,3,0.4375,,Sacha & Sébastien,All-Male,Keshia & Nova,All-Female,,3.0,3.666666667,6.333333333,0.75,0.6666666667,0.1333333333,0.8148148148,,13,12,9.0,3.0,15,10.0,5.0,15,2.0,13.0,27,22.0,5.0
1245,103,6,CAN12-6,6,,7,2,3,2,0.5,,Tina & Liz,All-Female,Filipe & Clara,Co-Ed,,3.5,5.0,3.0,0.6,0.25,0.7,0.45,,13,10,6.0,4.0,12,3.0,9.0,10,7.0,3.0,20,9.0,11.0
1246,103,7,CAN12-7,7,,7,2,3,2,0.5,,Ameen & Surria,Co-Ed,Chayla & Chyana,All-Female,,5.5,2.333333333,5.0,0.2,0.9166666667,0.3,0.45,,13,10,2.0,8.0,12,11.0,1.0,10,3.0,7.0,20,9.0,11.0
1247,103,8,CAN12-8,8,,6,2,3,1,0.5833333333,,Tina & Liz,All-Female,Filipe & Clara,Co-Ed,,3.0,4.666666667,1.0,0.625,0.1111111111,1.0,0.3846153846,,13,8,5.0,3.0,9,1.0,8.0,5,5.0,0.0,13,5.0,8.0
1248,103,9,CAN12-9,9,,4,2,1,1,0.625,,Tina & Liz,All-Female,Sacha & Sébastien,All-Male,,3.5,2.0,1.0,0.0,0.6666666667,1.0,0.0,,13,4,0.0,4.0,3,2.0,1.0,3,3.0,0.0,7,0.0,7.0
1249,103,10,CAN12-10,10,,3,1,1,1,0.5,,Tina & Liz,All-Female,Michele & Matteo,All-Male,,3.0,2.0,1.0,0.0,0.5,1.0,0.0,,13,2,0.0,2.0,2,1.0,1.0,2,2.0,0.0,4,0.0,4.0
