id,names,relationshiptag,w,contestants,males,females,class,seasons,unnamed_9,w1,avg_finish,st_dev,legs,first_places,legs,last_places,legs1,career_ra,st_dev1,career_nra,career_dom,st_dev2,rating,w2,lsid,llid,opps,wins,losses,beaten,lopps,lwins,llosses,l_beaten
1,Rob & Brennan,Lawyers/Best Friends,,2,2,0,All-Male,1,USA1,,1.0,,13,5,0.3846153846,0,0.0,2.461538462,1.506396618,2.397058824,0.7446275946,0.2424530983,1245.258787,,1,79,10,10.0,0.0,1.0,68,49.0,19.0,0.7205882353
2,Frank & Margarita,Separated Parents,,2,1,1,Co-Ed,1,USA1,,2.0,,13,3,0.2307692308,0,0.0,2.461538462,1.391365314,2.536764706,0.7130952381,0.2243018479,1125.232129,,1,80,10,9.0,1.0,0.9,68,49.0,19.0,0.7205882353
3,Joe & Bill,Life Partners,,2,2,0,All-Male,2,"USA1, USA11",,4.5,2.121320344,21,1,0.04761904762,5,0.2380952381,3.714285714,1.647508942,4.102822581,0.4466553288,0.3538814171,-305.2283487,,12,984,20,13.0,7.0,0.65,124,67.0,57.0,0.5403225806
4,Kevin & Drew,Lifelong Friends,,2,2,0,All-Male,2,"USA1, USA11",,7.0,4.242640687,13,3,0.2307692308,2,0.1538461538,4.384615385,3.279696671,5.240963855,0.4881562882,0.3737859974,-176.0565327,,12,941,20,8.0,12.0,0.4,83,39.0,44.0,0.4698795181
5,Nancy & Emily,Mother/Daughter,,2,0,2,All-Female,1,USA1,,5.0,,9,0,0.0,2,0.2222222222,5.666666667,2.291287847,6.068965517,0.2599206349,0.2653667295,-680.6749504,,1,67,10,6.0,4.0,0.6,58,16.0,42.0,0.275862069
6,Lenny & Karyn,Dating,,2,1,1,Co-Ed,1,USA1,,6.0,,7,0,0.0,2,0.2857142857,6.428571429,1.511857892,6.7,0.1958049887,0.2396714644,-897.0412169,,1,57,10,5.0,5.0,0.5,50,12.0,38.0,0.24
7,Paul & Amie,Engaged,,2,1,1,Co-Ed,1,USA1,,7.0,,5,0,0.0,1,0.2,6.0,1.224744871,6.0,0.3581746032,0.2140334347,-335.3898286,,1,45,10,4.0,6.0,0.4,40,15.0,25.0,0.375
8,Dave & Margaretta,Grandparents,,2,1,1,Co-Ed,1,USA1,,8.0,,4,0,0.0,1,0.25,7.25,1.5,7.25,0.2555555556,0.2066786138,-516.5370348,,1,38,10,3.0,7.0,0.3,34,9.0,25.0,0.2647058824
9,Pat & Brenda,Working Moms,,2,0,2,All-Female,1,USA1,,9.0,,3,1,0.3333333333,1,0.3333333333,5.0,4.0,5.0,0.5333333333,0.5033222957,40.80498972,,1,30,10,2.0,8.0,0.2,27,15.0,12.0,0.5555555556
10,Kim & Leslie,Teachers/Roommates,,2,0,2,All-Female,1,USA1,,10.0,,2,0,0.0,1,0.5,8.0,2.828427125,8.0,0.25,0.3535533906,-327.7885396,,1,21,10,1.0,9.0,0.1,19,5.0,14.0,0.2631578947
11,Matt & Ana,Married,,2,1,1,Co-Ed,1,USA1,,11.0,,1,0,0.0,1,1.0,11.0,,11.0,0.0,,-345.9431619,,1,11,10,0.0,10.0,0.0,10,0.0,10.0,0.0
12,Chris & Alex,Lifelong Friends,,2,2,0,All-Male,1,USA2,,1.0,,13,3,0.2307692308,2,0.1538461538,3.384615385,2.292686253,3.279411765,0.5383394383,0.3851657956,348.4421913,,2,160,10,10.0,0.0,1.0,68,37.0,31.0,0.5441176471
13,Tara & Wil,Separated Couple,,2,1,1,Co-Ed,1,USA2,,2.0,,13,3,0.2307692308,0,0.0,2.461538462,1.198289379,2.577205882,0.6648656899,0.2537293548,721.4076737,,2,161,10,9.0,1.0,0.9,68,48.5,19.5,0.7132352941
14,Blake & Paige,Brother/Sister,,2,1,1,Co-Ed,1,USA2,,3.0,,13,2,0.1538461538,2,0.1538461538,3.692307692,2.136376035,4.220588235,0.4797466422,0.3136064487,134.4248636,,2,162,10,8.0,2.0,0.8,68,31.5,36.5,0.4632352941
15,Oswald & Danny,Best Friends,,2,2,0,All-Male,2,"USA2, USA11",,4.0,0.0,23,6,0.2608695652,4,0.1739130435,3.304347826,2.009857132,3.614661654,0.5400966184,0.3819362498,664.3200201,,12,1001,20,14.0,6.0,0.7,133,79.5,53.5,0.5977443609
16,Gary & Dave,Former Roommates,,2,2,0,All-Male,1,USA2,,5.0,,9,1,0.1111111111,1,0.1111111111,4.0,2.34520788,4.25862069,0.5392416226,0.317297853,240.249895,,2,148,10,6.0,4.0,0.6,58,31.0,27.0,0.5344827586
17,Mary & Peach,Sisters,,2,0,2,All-Female,1,USA2,,6.0,,7,1,0.1428571429,1,0.1428571429,4.142857143,2.115700942,4.3,0.5647959184,0.3266563823,256.6558881,,2,138,10,5.0,5.0,0.5,50,28.0,22.0,0.56
18,Cyndi & Russell,Pastors/Married Parents,,2,1,1,Co-Ed,1,USA2,,7.0,,5,0,0.0,1,0.2,5.8,2.28035085,5.8,0.351031746,0.3495254224,-396.2499202,,2,126,10,4.0,6.0,0.4,40,16.0,24.0,0.4
19,Shola & Doyin,Twins,,2,2,0,All-Male,1,USA2,,8.0,,4,1,0.25,1,0.25,4.25,2.986078811,4.375,0.559375,0.439622826,91.9494675,,2,119,10,3.0,7.0,0.3,34,20.5,13.5,0.6029411765
20,Peggy & Claire,Grandmothers,,2,0,2,All-Female,1,USA2,,9.0,,3,0,0.0,1,0.3333333333,9.0,1.0,9.0,0.1074074074,0.1112961422,-679.8980458,,2,111,10,2.0,8.0,0.2,27,3.0,24.0,0.1111111111
21,Hope & Norm,Married Parents,,2,1,1,Co-Ed,1,USA2,,10.0,,2,0,0.0,1,0.5,7.0,4.242640687,7.25,0.325,0.4596194078,-237.2171527,,2,102,10,1.0,9.0,0.1,19,6.5,12.5,0.3421052632
22,Diedre & Hillary,Mother/Daughter,,2,0,2,All-Female,1,USA2,,11.0,,1,0,0.0,1,1.0,11.0,,11.0,0.0,,-345.9431619,,2,92,10,0.0,10.0,0.0,10,0.0,10.0,0.0
23,Flo & Zach,Friends,,2,1,1,Co-Ed,1,USA3,,1.0,,13,2,0.1538461538,2,0.1538461538,2.692307692,1.315587029,2.5,0.6470668221,0.3310787045,760.6052581,,3,248,11,11.0,0.0,1.0,75,52.5,22.5,0.7
24,Teri & Ian,Married Parents,,2,1,1,Co-Ed,2,"USA3, USA11",,4.5,3.535533906,19,3,0.1578947368,1,0.05263157895,4.578947368,2.71448357,4.746556474,0.4815656566,0.3083459659,219.5700968,,12,972,21,14.0,7.0,0.6666666667,121,53.0,68.0,0.4380165289
25,Ken & Gerard,Brothers,,2,2,0,All-Male,1,USA3,,3.0,,13,3,0.2307692308,1,0.07692307692,2.692307692,1.548365557,2.733333333,0.602991453,0.3349621883,570.8076085,,3,250,11,9.0,2.0,0.8181818182,75,53.0,22.0,0.7066666667
26,Derek & Drew,Twin Brothers/Models,,2,2,0,All-Male,1,USA3,,4.0,,11,4,0.3636363636,1,0.09090909091,3.090909091,2.879393876,3.061459667,0.6686540732,0.3609553406,834.5264989,,3,244,11,8.0,3.0,0.7272727273,71,48.0,23.0,0.676056338
27,John Vito & Jill,Formerly Dating,,2,1,1,Co-Ed,2,"USA3, USA11",,8.0,4.242640687,11,1,0.09090909091,3,0.2727272727,5.363636364,2.540579748,6.181623932,0.3798209366,0.308367073,-428.1877932,,12,931,21,7.0,14.0,0.3333333333,78,29.5,48.5,0.3782051282
28,Andre & Damon,Cop/Fireman,,2,2,0,All-Male,1,USA3,,6.0,,7,0,0.0,1,0.1428571429,6.142857143,2.478478796,5.675324675,0.3491084313,0.2926097114,-368.4061715,,3,225,11,6.0,5.0,0.5454545455,56,20.0,36.0,0.3571428571
29,Aaron & Arianne,Lifelong Friends,,2,1,1,Co-Ed,1,USA3,,7.0,,6,0,0.0,1,0.1666666667,5.166666667,2.483277404,4.787878788,0.4421176046,0.3967596848,-222.8621226,,3,219,11,5.0,6.0,0.4545454545,51,26.0,25.0,0.5098039216
30,Michael & Kathy,Long-Distance Dating,,2,1,1,Co-Ed,1,USA3,,8.0,,5,0,0.0,1,0.2,5.8,1.788854382,5.363636364,0.4243434343,0.3076604186,-228.3064069,,3,212,11,4.0,7.0,0.3636363636,45,21.0,24.0,0.4666666667
31,Heather & Eve,Law School Roommates,,2,0,2,All-Female,1,USA3,,9.0,,4,0,0.0,1,0.25,5.75,2.5,5.318181818,0.4752525253,0.3379855941,-70.85536529,,3,204,11,3.0,8.0,0.2727272727,38,19.0,19.0,0.5
32,Dennis & Andrew,Father/Son,,2,2,0,All-Male,1,USA3,,10.0,,3,0,0.0,1,0.3333333333,8.666666667,1.527525232,7.96969697,0.2181818182,0.2278175288,-523.1761317,,3,195,11,2.0,9.0,0.1818181818,30,7.0,23.0,0.2333333333
33,Tramel & Talicia,Brother/Sister,,2,1,1,Co-Ed,1,USA3,,11.0,,2,0,0.0,1,0.5,10.5,0.7071067812,9.636363636,0.09090909091,0.1285648693,-539.9575049,,3,185,11,1.0,10.0,0.09090909091,21,2.0,19.0,0.09523809524
34,Gina & Sylvia,Soccer Moms,,2,0,2,All-Female,1,USA3,,12.0,,1,0,0.0,1,1.0,12.0,,11.0,0.0,,-358.4962501,,3,174,11,0.0,11.0,0.0,11,0.0,11.0,0.0
35,Reichen & Chip,Married,,2,2,0,All-Male,1,USA4,,1.0,,13,2,0.1538461538,0,0.0,3.153846154,2.192645048,2.891891892,0.6388666889,0.2680781368,703.143683,,4,335,11,11.0,0.0,1.0,74,46.0,28.0,0.6216216216
36,Kelly & Jon,Engaged,,2,1,1,Co-Ed,1,USA4,,2.0,,13,1,0.07692307692,2,0.1538461538,3.846153846,2.075498087,3.727272727,0.4780996781,0.3094976332,100.7117093,,4,336,11,10.0,1.0,0.9090909091,74,37.0,37.0,0.5
37,David & Jeff,Best Friends,,2,2,0,All-Male,1,USA4,,3.0,,13,4,0.3076923077,2,0.1538461538,4.0,2.768874621,4.114250614,0.501989677,0.3832981161,235.1434196,,4,337,11,9.0,2.0,0.8181818182,74,35.0,39.0,0.472972973
38,Jon & Al,Best Friends/Clowns,,2,2,0,All-Male,1,USA4,,4.0,,11,1,0.09090909091,1,0.09090909091,3.727272727,2.148995537,3.772727273,0.5562393415,0.314158749,335.5382431,,4,331,11,8.0,3.0,0.7272727273,70,39.5,30.5,0.5642857143
39,Millie & Chuck,Dating 12 Years/Virgins,,2,1,1,Co-Ed,1,USA4,,5.0,,9,2,0.2222222222,1,0.1111111111,3.666666667,2.236067977,3.716619318,0.5530162738,0.3148018254,214.6631301,,4,323,11,7.0,4.0,0.6363636364,64,38.5,25.5,0.6015625
40,Tian & Jaree,Friends/Models,,2,0,2,All-Female,1,USA4,,6.0,,7,1,0.1428571429,1,0.1428571429,5.428571429,3.10145895,5.025974026,0.419109462,0.3752019443,-217.7426278,,4,313,11,6.0,5.0,0.5454545455,56,25.0,31.0,0.4464285714
41,Monica & Sheree,NFL Wives/Moms,,2,0,2,All-Female,1,USA4,,7.0,,6,0,0.0,1,0.1666666667,5.333333333,2.804757862,4.939393939,0.4616221741,0.3534904118,-112.5789285,,4,307,11,5.0,6.0,0.4545454545,51,25.0,26.0,0.4901960784
42,Steve & Dave,Air Traffic Controllers,,2,2,0,All-Male,1,USA4,,8.0,,5,1,0.2,1,0.2,6.2,3.271085447,5.727272727,0.3744949495,0.4276964521,-387.4938716,,4,300,11,4.0,7.0,0.3636363636,45,19.0,26.0,0.4222222222
43,Steve & Josh,Father/Son,,2,2,0,All-Male,1,USA4,,9.0,,4,2,0.5,1,0.25,5.0,4.618802154,4.863636364,0.5272727273,0.5014579295,31.20622782,,4,292,11,3.0,8.0,0.2727272727,38,21.0,17.0,0.5526315789
44,Russell & Cindy,Friends/Dating,,2,1,1,Co-Ed,1,USA4,,10.0,,3,0,0.0,1,0.3333333333,8.333333333,1.527525232,7.666666667,0.2545454545,0.2211913647,-457.3470525,,4,283,11,2.0,9.0,0.1818181818,30,8.0,22.0,0.2666666667
45,Amanda & Chris,Dating,,2,1,1,Co-Ed,1,USA4,,11.0,,2,1,0.5,1,0.5,6.0,7.071067812,6.0,0.4545454545,0.6428243465,-86.74768246,,4,273,11,1.0,10.0,0.09090909091,21,10.0,11.0,0.4761904762
46,Debra & Steve,Married Parents,,2,1,1,Co-Ed,1,USA4,,12.0,,1,0,0.0,1,1.0,12.0,,11.0,0.0,,-358.4962501,,4,262,11,0.0,11.0,0.0,11,0.0,11.0,0.0
47,Chip & Kim,Married Parents,,2,1,1,Co-Ed,1,USA5,,1.0,,13,4,0.3076923077,0,0.0,3.384615385,2.662657242,3.183098592,0.6363247863,0.3164848031,778.8803153,,5,419,10,10.0,0.0,1.0,71,40.0,31.0,0.5633802817
48,Colin & Christie,The Amazing Race,,2,1,1,Co-Ed,2,"USA5, USA31",,1.5,0.7071067812,25,9,0.36,1,0.04,2.44,1.609347694,2.294520548,0.7382539683,0.2842904336,1734.999875,,76,6079,20,19.0,1.0,0.95,146,110.0,36.0,0.7534246575
49,Brandon & Nicole,Dating/Models,,2,1,1,Co-Ed,1,USA5,,3.0,,13,2,0.1538461538,2,0.1538461538,3.307692308,1.493575988,3.535211268,0.5252747253,0.3145569694,227.1336223,,5,421,10,8.0,2.0,0.8,71,41.0,30.0,0.5774647887
50,Linda & Karen,Bowling Moms,,2,0,2,All-Female,1,USA5,,4.0,,12,0,0.0,2,0.1666666667,4.166666667,1.696699113,4.579710145,0.4217261905,0.2827926582,-170.0867761,,5,418,10,7.0,3.0,0.7,69,31.0,38.0,0.4492753623
51,Kami & Karli,Twins,,2,0,2,All-Female,1,USA5,,5.0,,10,0,0.0,2,0.2,5.8,1.988857852,6.333333333,0.2237301587,0.2100064087,-900.7626238,,5,410,10,6.0,4.0,0.6,63,15.0,48.0,0.2380952381
52,Charla & Mirna,Cousins,,2,0,2,All-Female,2,"USA5, USA11",,4.5,2.121320344,20,2,0.1,2,0.1,4.0,2.339590607,4.319672131,0.4887698413,0.3239962651,246.0362757,,12,1004,20,13.0,7.0,0.65,122,62.0,60.0,0.5081967213
53,Marshall & Lance,Brothers,,2,2,0,All-Male,1,USA5,,7.0,,6,0,0.0,1,0.1666666667,5.333333333,2.422120283,5.52173913,0.4009920635,0.3444658166,-308.6309631,,5,389,10,4.0,6.0,0.4,46,20.0,26.0,0.4347826087
54,Bob & Joyce,Internet Dating Couple,,2,1,1,Co-Ed,1,USA5,,8.0,,4,0,0.0,1,0.25,5.25,1.892969449,5.25,0.4701388889,0.3189277222,-89.22121532,,5,375,10,3.0,7.0,0.3,34,17.0,17.0,0.5
55,Jim & Marsha,Military Dad & Daughter,,2,1,1,Co-Ed,1,USA5,,9.0,,3,0,0.0,1,0.3333333333,7.333333333,3.785938897,7.333333333,0.2925925926,0.4231471351,-358.141457,,5,367,10,2.0,8.0,0.2,27,8.0,19.0,0.2962962963
56,Alison & Donny,Dating,,2,1,1,Co-Ed,1,USA5,,10.0,,2,1,0.5,1,0.5,5.5,6.363961031,5.5,0.5,0.7071067812,-25.73895571,,5,358,10,1.0,9.0,0.1,19,10.0,9.0,0.5263157895
57,Dennis & Erika,Once Engaged,,2,1,1,Co-Ed,1,USA5,,11.0,,1,0,0.0,1,1.0,11.0,,11.0,0.0,,-345.9431619,,5,348,10,0.0,10.0,0.0,10,0.0,10.0,0.0
58,Freddy & Kendra,Engaged Models,,2,1,1,Co-Ed,1,USA6,,1.0,,13,3,0.2307692308,0,0.0,3.384615385,2.103111248,3.066666667,0.6182234432,0.2774096418,703.2585624,,6,507,10,10.0,0.0,1.0,75,44.0,31.0,0.5866666667
59,Kris & Jon,Dating Long Distance,,2,1,1,Co-Ed,1,USA6,,2.0,,13,4,0.3076923077,0,0.0,2.384615385,1.32529629,2.32,0.718956044,0.2691268239,1000.133907,,6,508,10,9.0,1.0,0.9,75,57.0,18.0,0.76
60,Adam & Rebecca,Formerly Dating,,2,1,1,Co-Ed,1,USA6,,3.0,,13,1,0.07692307692,2,0.1538461538,4.692307692,1.652503928,4.84,0.323015873,0.2527986461,-465.4688594,,6,509,10,8.0,2.0,0.8,75,27.0,48.0,0.36
61,Hayden & Aaron,Dating Actors,,2,1,1,Co-Ed,1,USA6,,4.0,,12,4,0.3333333333,2,0.1666666667,2.916666667,1.676486224,3.047945205,0.6418650794,0.3567262481,658.0527878,,6,506,10,7.0,3.0,0.7,73,50.0,23.0,0.6849315068
62,Lori & Bolo,Married Pro Wrestlers,,2,1,1,Co-Ed,1,USA6,,5.0,,10,1,0.1,2,0.2,4.6,2.221110833,4.76119403,0.4562698413,0.3447918115,33.3123032,,6,498,10,6.0,4.0,0.6,67,31.0,36.0,0.4626865672
63,Jonathan & Victoria,Married Entrepreneurs,,2,1,1,Co-Ed,1,USA6,,6.0,,9,0,0.0,1,0.1111111111,3.555555556,1.509230856,3.738095238,0.5957231041,0.3051743253,332.6883951,,6,493,10,5.0,5.0,0.5,63,40.0,23.0,0.6349206349
64,Gus & Hera,Father/Daughter,,2,1,1,Co-Ed,1,USA6,,7.0,,7,0,0.0,1,0.1428571429,5.285714286,2.870208222,5.528301887,0.4332199546,0.3564191458,-133.5671611,,6,481,10,4.0,6.0,0.4,53,23.0,30.0,0.4339622642
65,Don & Mary Jean,Grandparents,,2,1,1,Co-Ed,1,USA6,,8.0,,5,0,0.0,2,0.4,8.2,0.4472135955,8.463414634,0.1094444444,0.1062041477,-963.7721983,,6,467,10,3.0,7.0,0.3,41,5.0,36.0,0.1219512195
66,Lena & Kristy,Sisters,,2,0,2,All-Female,1,USA6,,9.0,,3,0,0.0,1,0.3333333333,7.0,3.464101615,7.0,0.3037037037,0.4333808141,-370.1209188,,6,451,10,2.0,8.0,0.2,27,9.0,18.0,0.3333333333
67,Meredith & Maria,Best Friends,,2,0,2,All-Female,1,USA6,,10.0,,2,0,0.0,1,0.5,9.0,1.414213562,9.0,0.15,0.2121320344,-448.5736564,,6,442,10,1.0,9.0,0.1,19,3.0,16.0,0.1578947368
68,Avi & Joe,High School Buddies,,2,2,0,All-Male,1,USA6,,11.0,,1,0,0.0,1,1.0,11.0,,11.0,0.0,,-345.9431619,,6,432,10,0.0,10.0,0.0,10,0.0,10.0,0.0
69,Uchenna & Joyce,Married,,2,1,1,Co-Ed,2,"USA7, USA11",,3.0,2.828427125,22,4,0.1818181818,3,0.1363636364,3.636363636,2.105445424,3.720930233,0.5502525253,0.3289838915,427.6824666,,12,989,20,16.0,4.0,0.8,129,70.5,58.5,0.5465116279
70,Rob & Amber,Newlyweds,,2,1,1,Co-Ed,2,"USA7, USA11",,5.0,4.242640687,17,8,0.4705882353,1,0.05882352941,2.411764706,1.970368732,2.631067961,0.7235294118,0.3218360318,1239.644531,,12,958,20,12.0,8.0,0.6,103,79.0,24.0,0.7669902913
71,Ron & Kelly,Former POW/Pageant Queen,,2,1,1,Co-Ed,1,USA7,,3.0,,13,2,0.1538461538,2,0.1538461538,3.0,2.34520788,3.260869565,0.6142551893,0.3554510363,682.1224627,,7,591,10,8.0,2.0,0.8,69,43.0,26.0,0.6231884058
72,Meredith & Gretchen,Married/Retired,,2,1,1,Co-Ed,1,USA7,,4.0,,11,0,0.0,3,0.2727272727,5.363636364,1.629277587,5.8,0.2432900433,0.2123639172,-784.9616914,,7,585,10,7.0,3.0,0.7,65,17.0,48.0,0.2615384615
73,Lynn & Alex,Boyfriends,,2,2,0,All-Male,1,USA7,,5.0,,9,1,0.1111111111,1,0.1111111111,4.111111111,1.269295518,4.322033898,0.4704585538,0.2699153078,-76.67463029,,7,577,10,6.0,4.0,0.6,59,31.0,28.0,0.5254237288
74,Brian & Greg,Brothers,,2,2,0,All-Male,1,USA7,,6.0,,7,0,0.0,1,0.1428571429,4.714285714,2.429971585,4.823529412,0.4645124717,0.3562206537,-95.3850366,,7,567,10,5.0,5.0,0.5,51,25.0,26.0,0.4901960784
75,Ray & Deana,Dating On and Off,,2,1,1,Co-Ed,1,USA7,,7.0,,6,1,0.1666666667,1,0.1666666667,5.0,2.449489743,5.173913043,0.4730820106,0.35898646,-49.23265142,,7,561,10,4.0,6.0,0.4,46,22.0,24.0,0.4782608696
76,Susan & Patrick,Mother/Son,,2,1,1,Co-Ed,1,USA7,,8.0,,4,0,0.0,1,0.25,6.5,3.0,6.5,0.3118055556,0.402540639,-438.360553,,7,547,10,3.0,7.0,0.3,34,12.0,22.0,0.3529411765
77,Debbie & Bianca,Lifelong Friends,,2,0,2,All-Female,1,USA7,,9.0,,3,1,0.3333333333,1,0.3333333333,5.333333333,4.041451884,5.333333333,0.4814814815,0.5010277503,-68.93711278,,7,539,10,2.0,8.0,0.2,27,14.0,13.0,0.5185185185
78,Megan & Heidi,Roommates,,2,0,2,All-Female,1,USA7,,10.0,,2,0,0.0,1,0.5,9.5,0.7071067812,9.5,0.1,0.1414213562,-508.9985321,,7,530,10,1.0,9.0,0.1,19,2.0,17.0,0.1052631579
79,Ryan & Chuck,Best Friends,,2,2,0,All-Male,1,USA7,,11.0,,1,0,0.0,1,1.0,11.0,,11.0,0.0,,-345.9431619,,7,520,10,0.0,10.0,0.0,10,0.0,10.0,0.0
80,Linz Family,Siblings,,4,3,1,Co-Ed,1,USA8,,1.0,,13,2,0.1538461538,0,0.0,2.769230769,2.047512562,2.885245902,0.6507631258,0.2692211236,777.9447889,,8,663,9,9.0,0.0,1.0,61,38.0,23.0,0.6229508197
81,Bransen Family,Dad and Daughters,,4,1,3,Co-Ed,1,USA8,,2.0,,13,5,0.3846153846,1,0.07692307692,2.846153846,2.075498087,3.18579235,0.6403846154,0.3412573116,752.3958815,,8,664,9,8.0,1.0,0.8888888889,61,37.0,24.0,0.606557377
82,Weaver Family,Widow and Kids,,4,1,3,Co-Ed,1,USA8,,3.0,,13,1,0.07692307692,3,0.2307692308,3.153846154,1.28102523,3.805100182,0.4453601954,0.3377973086,-64.83936874,,8,665,9,7.0,2.0,0.7777777778,61,33.0,28.0,0.5409836066
83,Godlewski Family,Sisters,,4,0,4,All-Female,1,USA8,,4.0,,11,3,0.2727272727,3,0.2727272727,3.181818182,1.60113596,3.807017544,0.504978355,0.4006378907,89.56370084,,8,659,9,6.0,3.0,0.6666666667,57,33.0,24.0,0.5789473684
84,Paolo Family,"Dad, Mom and Kids",,4,3,1,Co-Ed,1,USA8,,5.0,,8,2,0.25,1,0.125,4.125,2.587745848,4.761574074,0.4923115079,0.398706479,77.10943558,,8,647,9,5.0,4.0,0.5555555556,48,23.0,25.0,0.4791666667
85,Gaghan Family,"Dad, Mom and Kids",,4,2,2,Co-Ed,1,USA8,,6.0,,6,0,0.0,1,0.1666666667,5.5,1.870828693,6.25,0.2747354497,0.312388218,-601.0288816,,8,637,9,4.0,5.0,0.4444444444,40,13.0,27.0,0.325
86,Schroeder Family,"Dad, Step-Mom and Kids",,4,2,2,Co-Ed,1,USA8,,7.0,,4,0,0.0,1,0.25,4.75,1.707825128,5.166666667,0.4737103175,0.3224206349,-52.77835332,,8,625,9,3.0,6.0,0.3333333333,30,15.0,15.0,0.5
87,Aiello Family,Father and Sons-in-law,,4,4,0,All-Male,1,USA8,,8.0,,3,0,0.0,1,0.3333333333,7.0,1.732050808,7.666666667,0.2407407407,0.2505138752,-430.8306178,,8,618,9,2.0,7.0,0.2222222222,24,6.0,18.0,0.25
88,Rogers Family,"Dad, Mom and Kids",,4,2,2,Co-Ed,1,USA8,,9.0,,2,0,0.0,1,0.5,6.5,3.535533906,7.111111111,0.3333333333,0.4714045208,-215.3437759,,8,610,9,1.0,8.0,0.1111111111,17,6.0,11.0,0.3529411765
89,Black Family,"Dad, Mom and Kids",,4,3,1,Co-Ed,1,USA8,,10.0,,1,0,0.0,1,1.0,10.0,,11.0,0.0,,-332.1928095,,8,601,9,0.0,9.0,0.0,9,0.0,9.0,0.0
90,BJ & Tyler,Best Friends,,2,2,0,All-Male,1,USA9,,1.0,,13,5,0.3846153846,2,0.1538461538,2.461538462,1.560736184,2.338028169,0.6871794872,0.3885754995,941.5002175,,9,747,10,10.0,0.0,1.0,71,52.0,19.0,0.7323943662
91,Eric & Jeremy,Friends,,2,2,0,All-Male,1,USA9,,2.0,,13,6,0.4615384615,0,0.0,1.692307692,0.8548504143,1.697183099,0.7945665446,0.2531202456,1337.271871,,9,748,10,9.0,1.0,0.9,71,62.0,9.0,0.8732394366
92,Ray & Yolanda,Dating,,2,1,1,Co-Ed,1,USA9,,3.0,,13,1,0.07692307692,2,0.1538461538,4.230769231,1.964427234,4.549295775,0.3806471306,0.294652328,-156.4011956,,9,749,10,8.0,2.0,0.8,71,29.0,42.0,0.4084507042
93,Joseph & Monica,Dating,,2,1,1,Co-Ed,1,USA9,,4.0,,11,0,0.0,1,0.09090909091,3.818181818,1.990888335,4.007462687,0.5265512266,0.281448001,331.8352539,,9,743,10,7.0,3.0,0.7,67,36.0,31.0,0.5373134328
94,Fran & Barry,Married 40 Years,,2,1,1,Co-Ed,1,USA9,,5.0,,9,1,0.1111111111,1,0.1111111111,4.888888889,2.368778401,5.016393443,0.4452821869,0.2947488883,12.00474348,,9,735,10,6.0,4.0,0.6,61,26.0,35.0,0.4262295082
95,Lake & Michelle,Married Parents,,2,1,1,Co-Ed,1,USA9,,6.0,,7,0,0.0,1,0.1428571429,4.714285714,1.704336206,4.679245283,0.4743197279,0.2941559285,-42.86336993,,9,725,10,5.0,5.0,0.5,53,27.0,26.0,0.5094339623
96,Dave & Lori,Dating,,2,1,1,Co-Ed,1,USA9,,7.0,,6,0,0.0,2,0.3333333333,5.833333333,1.940790217,5.833333333,0.3587301587,0.3143097634,-406.6775523,,9,719,10,4.0,6.0,0.4,48,19.0,29.0,0.3958333333
97,Danielle & Dani,Childhood Friends,,2,0,2,All-Female,1,USA9,,8.0,,5,0,0.0,1,0.2,7.8,1.095445115,7.880952381,0.1844444444,0.1374172029,-782.7964149,,9,712,10,3.0,7.0,0.3,42,8.0,34.0,0.1904761905
98,Wanda & Desiree,Mother/Daughter,,2,0,2,All-Female,1,USA9,,9.0,,4,0,0.0,1,0.25,6.25,2.5,6.4,0.3736111111,0.3374857107,-318.47236,,9,704,10,2.0,8.0,0.2,35,14.0,21.0,0.4
99,Lisa & Joni,Sisters,,2,0,2,All-Female,1,USA9,,10.0,,2,0,0.0,1,0.5,10.0,0.0,10.0,0.05,0.07071067812,-569.4580309,,9,686,10,1.0,9.0,0.1,19,1.0,18.0,0.05263157895
100,John & Scott,Lifelong Friends,,2,2,0,All-Male,1,USA9,,11.0,,1,0,0.0,1,1.0,11.0,,11.0,0.0,,-345.9431619,,9,676,10,0.0,10.0,0.0,10,0.0,10.0,0.0
101,Tyler & James,Models,,2,2,0,All-Male,1,USA10,,1.0,,13,5,0.3846153846,0,0.0,2.384615385,1.757766648,2.232876712,0.7496031746,0.3172610982,1118.418409,,10,833,11,11.0,0.0,1.0,73,55.0,18.0,0.7534246575
102,Rob & Kimberly,Dating,,2,1,1,Co-Ed,1,USA10,,2.0,,13,2,0.1538461538,0,0.0,3.076923077,1.382120259,3.01743462,0.6113442113,0.221518784,583.9356784,,10,834,11,10.0,1.0,0.9090909091,73,46.0,27.0,0.6301369863
103,Lyn & Karlyn,Single Moms/Friends,,2,0,2,All-Female,1,USA10,,3.0,,13,0,0.0,1,0.07692307692,4.846153846,2.267382994,5.04732254,0.3354784105,0.2017400486,-370.4061732,,10,835,11,9.0,2.0,0.8181818182,73,23.0,50.0,0.3150684932
104,Dustin & Kandice,Beauty Queens,,2,0,2,All-Female,2,"USA10, USA11",,3.0,1.414213562,25,6,0.24,2,0.08,3.04,1.813835715,3.137826962,0.6526147186,0.2982978514,1331.59731,,12,1003,21,17.0,4.0,0.8095238095,142,91.0,51.0,0.6408450704
105,Erwin & Godwin,Brothers,,2,2,0,All-Male,1,USA10,,5.0,,10,1,0.1,2,0.2,4.7,1.888562063,4.881118881,0.3881529582,0.2900208461,-385.0060043,,10,824,11,7.0,4.0,0.6363636364,65,28.0,37.0,0.4307692308
106,David & Mary,Coalminer and Wife,,2,1,1,Co-Ed,2,"USA10, USA11",,7.5,2.121320344,11,1,0.09090909091,4,0.3636363636,6.909090909,2.508168473,7.264172336,0.2277121868,0.2953484164,-1068.223501,,12,950,21,8.0,13.0,0.380952381,84,19.0,65.0,0.2261904762
107,Peter & Sarah,Recently Dating,,2,1,1,Co-Ed,1,USA10,,7.0,,6,2,0.3333333333,1,0.1666666667,3.166666667,2.401388487,3.137330754,0.6958874459,0.3869261793,530.5424571,,10,802,11,5.0,6.0,0.4545454545,47,34.0,13.0,0.7234042553
108,Tom & Terry,Boyfriends,,2,2,0,All-Male,1,USA10,,8.0,,4,0,0.0,1,0.25,7.0,2.0,6.61038961,0.2888257576,0.2936094778,-460.1844603,,10,788,11,4.0,7.0,0.3636363636,35,11.0,24.0,0.3142857143
109,Duke & Lauren,Father/Daughter,,2,1,1,Co-Ed,1,USA10,,9.0,,3,0,0.0,1,0.3333333333,4.666666667,3.785938897,4.392857143,0.5622895623,0.4913633569,90.17757691,,10,780,11,3.0,8.0,0.2727272727,28,17.0,11.0,0.6071428571
110,Kellie & Jamie,Cheerleaders,,2,0,2,All-Female,1,USA10,,10.0,,2,0,0.0,1,0.5,8.0,2.828427125,7.363636364,0.2727272727,0.3856946079,-295.4508496,,10,771,11,2.0,9.0,0.1818181818,20,6.0,14.0,0.3
111,Vipul & Arti,Married,,2,1,1,Co-Ed,1,USA10,,11.0,,1,0,0.0,0,0.0,11.0,,9.67768595,0.09090909091,,-293.3151137,,10,760,11,1.0,10.0,0.09090909091,11,1.0,10.0,0.09090909091
112,Bilal & Sa'eed,Best Friends,,2,2,0,All-Male,1,USA10,,12.0,,1,0,0.0,1,1.0,12.0,,11.0,0.0,,-358.4962501,,10,761,11,0.0,11.0,0.0,11,0.0,11.0,0.0
113,Zabrina & Joe Jer,Co-Workers,,2,0,2,All-Female,1,ASI1,,1.0,,13,1,0.07692307692,1,0.07692307692,3.692307692,1.548365557,3.430555556,0.4982905983,0.2997782078,44.39641978,,11,918,9,9.0,0.0,1.0,72,37.0,35.0,0.5138888889
114,Sandy & Francesca,Dating,,2,1,1,Co-Ed,1,ASI1,,2.0,,13,3,0.2307692308,2,0.1538461538,3.769230769,2.891189091,3.777777778,0.5355616606,0.3679014295,318.459484,,11,919,9,8.0,1.0,0.8888888889,72,36.0,36.0,0.5
115,Andrew & Syeon,Dating,,2,1,1,Co-Ed,1,ASI1,,3.0,,13,2,0.1538461538,1,0.07692307692,3.384615385,2.328750077,3.63117284,0.5802503053,0.3205148255,448.1828368,,11,920,9,7.0,2.0,0.7777777778,72,41.0,31.0,0.5694444444
116,Mardy & Marsio,Brothers,,2,2,0,All-Male,1,ASI1,,4.0,,12,2,0.1666666667,2,0.1666666667,3.5,1.732050808,3.857142857,0.5059193122,0.3529047666,-8.289914407,,11,917,9,6.0,3.0,0.6666666667,70,40.0,30.0,0.5714285714
117,Andy & Laura,Engaged,,2,1,1,Co-Ed,1,ASI1,,5.0,,10,3,0.3,1,0.1,4.4,2.796823595,4.836805556,0.5026190476,0.4009224216,148.054823,,11,909,9,5.0,4.0,0.5555555556,64,30.0,34.0,0.46875
118,Howard & Sahran,Best Friends,,2,2,0,All-Male,1,ASI1,,6.0,,8,1,0.125,2,0.25,4.75,2.49284691,5.166666667,0.4380952381,0.3618490628,-217.8009088,,11,899,9,4.0,5.0,0.4444444444,56,26.0,30.0,0.4642857143
119,Melody & Sharon,Best Friends,,2,0,2,All-Female,1,ASI1,,7.0,,6,0,0.0,1,0.1666666667,5.0,2.097617696,5.347826087,0.4583333333,0.335665969,-171.4816411,,11,887,9,3.0,6.0,0.3333333333,46,22.0,24.0,0.4782608696
120,Sahil & Prashant,Models,,2,2,0,All-Male,1,ASI1,,8.0,,5,1,0.2,1,0.2,5.4,3.209361307,5.888888889,0.4329365079,0.4029497639,-191.8080393,,11,880,9,2.0,7.0,0.2222222222,40,18.0,22.0,0.45
121,Aubrey & Jacqueline,Actress/Model,,2,0,2,All-Female,1,ASI1,,9.0,,3,0,0.0,1,0.3333333333,6.333333333,2.516611478,6.811965812,0.3703703704,0.3394500515,-263.1046379,,11,864,9,1.0,8.0,0.1111111111,26,10.0,16.0,0.3846153846
122,Ernie & Jeena,Married,,2,1,1,Co-Ed,1,ASI1,,10.0,,2,0,0.0,1,0.5,6.0,5.656854249,6.555555556,0.4444444444,0.6285393611,-106.6084221,,11,855,9,0.0,9.0,0.0,18,8.0,10.0,0.4444444444
123,Eric & Danielle,Dating,,2,1,1,Co-Ed,1,USA11,,1.0,,13,1,0.07692307692,1,0.07692307692,3.615384615,1.445594545,3.394366197,0.4902930403,0.3070081862,295.7470028,,12,1002,10,10.0,0.0,1.0,71,37.0,34.0,0.5211267606
124,Patrícia & Sane,Friends,,2,0,2,All-Female,1,BRA1,,1.0,,13,2,0.1538461538,0,0.0,3.076923077,1.320450584,2.8,0.6484432234,0.2296515611,804.6109218,,13,1090,10,10.0,0.0,1.0,75,48.0,27.0,0.64
125,Jonatas & Rafael,Friends,,2,2,0,All-Male,1,BRA1,,2.0,,13,2,0.1538461538,1,0.07692307692,2.923076923,2.059997511,2.833333333,0.6005494505,0.3195420148,548.2091358,,13,1091,10,9.0,1.0,0.9,75,50.0,25.0,0.6666666667
126,Perri & Maristela,Married,,2,1,1,Co-Ed,1,BRA1,,3.0,,13,5,0.3846153846,1,0.07692307692,2.307692308,1.250640861,2.36,0.7352869353,0.2936732019,1137.637744,,13,1092,10,8.0,2.0,0.8,75,58.0,17.0,0.7733333333
127,Jorge & Silvia,Married,,2,1,1,Co-Ed,1,BRA1,,4.0,,12,1,0.08333333333,2,0.1666666667,4.416666667,1.781640375,4.650684932,0.4218253968,0.300015174,-70.26496322,,13,1089,10,7.0,3.0,0.7,73,32.0,41.0,0.4383561644
128,Débora & Daniela,Sisters,,2,0,2,All-Female,1,BRA1,,5.0,,10,1,0.1,2,0.2,4.7,2.263232693,4.865671642,0.4331746032,0.3515192763,-82.54196192,,13,1081,10,6.0,4.0,0.6,67,30.0,37.0,0.447761194
129,Andréa & Luciana,Sisters,,2,0,2,All-Female,1,BRA1,,6.0,,8,1,0.125,2,0.25,6.125,2.356601669,6.211864407,0.2923611111,0.3195108627,-620.9823265,,13,1071,10,5.0,5.0,0.5,59,18.0,41.0,0.3050847458
130,Milene & Jaqueline,Friends,,2,0,2,All-Female,1,BRA1,,7.0,,7,0,0.0,1,0.1428571429,5.857142857,2.193062655,6.037037037,0.327324263,0.3343639921,-591.7557507,,13,1065,10,4.0,6.0,0.4,54,20.0,34.0,0.3703703704
131,Mari Lice & Tâmisa,Mother/Daughter,,2,0,2,All-Female,1,BRA1,,8.0,,5,0,0.0,1,0.2,5.0,2.449489743,5.047619048,0.5138888889,0.3373599389,48.45171989,,13,1051,10,3.0,7.0,0.3,42,22.0,20.0,0.5238095238
132,Carlos & Eduardo,Father/Son,,2,2,0,All-Male,1,BRA1,,9.0,,4,1,0.25,1,0.25,6.5,3.785938897,6.657142857,0.3777777778,0.4477653707,-257.9633265,,13,1043,10,2.0,8.0,0.2,35,13.0,22.0,0.3714285714
133,Narciso & Marcelo,Life Partners,,2,2,0,All-Male,1,BRA1,,10.0,,2,0,0.0,1,0.5,10.0,0.0,10.0,0.05,0.07071067812,-569.4580309,,13,1025,10,1.0,9.0,0.1,19,1.0,18.0,0.05263157895
134,Sandro & Daniel,Cousins,,2,2,0,All-Male,1,BRA1,,11.0,,1,0,0.0,1,1.0,11.0,,11.0,0.0,,-345.9431619,,13,1015,10,0.0,10.0,0.0,10,0.0,10.0,0.0
135,TK & Rachel,Newly Dating,,2,1,1,Co-Ed,1,USA12,,1.0,,11,3,0.2727272727,1,0.09090909091,3.181818182,2.040499048,2.967213115,0.5980880231,0.3681991791,487.3374017,,14,1162,10,10.0,0.0,1.0,61,37.0,24.0,0.606557377
136,Ron & Christina,Father/Daughter,,2,1,1,Co-Ed,2,"USA12, USA18",,4.5,3.535533906,18,3,0.1666666667,1,0.05555555556,4.444444444,2.853732792,4.516806723,0.5366181658,0.3079341558,151.0680989,,27,2182,20,13.0,7.0,0.65,119,57.0,62.0,0.4789915966
137,Nicolas & Donald,Grandson/Grandfather,,2,2,0,All-Male,1,USA12,,3.0,,11,1,0.09090909091,1,0.09090909091,4.181818182,2.040499048,4.442622951,0.4138167388,0.2907492221,-125.2358361,,14,1164,10,8.0,2.0,0.8,61,26.0,35.0,0.4262295082
138,Nathan & Jennifer,Dating,,2,1,1,Co-Ed,1,USA12,,4.0,,10,0,0.0,1,0.1,3.7,2.45175674,3.974576271,0.5196031746,0.3228343743,171.5557225,,14,1161,10,7.0,3.0,0.7,59,32.0,27.0,0.5423728814
139,Kent & Vyxsin,Dating Goths,,2,1,1,Co-Ed,2,"USA12, USA18",,5.0,0.0,18,0,0.0,4,0.2222222222,4.944444444,2.2614993,4.976,0.4101190476,0.306612643,-303.5775223,,27,2199,20,12.0,8.0,0.6,125,54.0,71.0,0.432
140,Azaria & Hendekea,Brother/Sister,,2,1,1,Co-Ed,1,USA12,,6.0,,6,3,0.5,1,0.1666666667,3.0,2.28035085,3.0,0.6759259259,0.4043233437,491.2964367,,14,1143,10,5.0,5.0,0.5,45,33.0,12.0,0.7333333333
141,Shana & Jennifer,Friends,,2,0,2,All-Female,1,USA12,,7.0,,5,0,0.0,1,0.2,5.8,1.643167673,5.8,0.3626984127,0.292113091,-339.5909822,,14,1137,10,4.0,6.0,0.4,40,16.0,24.0,0.4
142,Lorena & Jason,Dating,,2,1,1,Co-Ed,1,USA12,,8.0,,4,1,0.25,1,0.25,5.25,3.403429643,5.25,0.45625,0.4736274028,-125.996894,,14,1130,10,3.0,7.0,0.3,34,17.0,17.0,0.5
143,Marianna & Julia,Sisters,,2,0,2,All-Female,1,USA12,,9.0,,3,0,0.0,1,0.3333333333,8.333333333,1.154700538,8.333333333,0.1777777778,0.1677740986,-558.7042941,,14,1122,10,2.0,8.0,0.2,27,5.0,22.0,0.1851851852
144,Kate & Pat,Married Ministers,,2,1,1,Co-Ed,1,USA12,,10.0,,2,0,0.0,1,0.5,9.0,1.414213562,9.0,0.15,0.2121320344,-448.5736564,,14,1113,10,1.0,9.0,0.1,19,3.0,16.0,0.1578947368
145,Ari & Staella,Best Friends,,2,1,1,Co-Ed,1,USA12,,11.0,,1,0,0.0,1,1.0,11.0,,11.0,0.0,,-345.9431619,,14,1103,10,0.0,10.0,0.0,10,0.0,10.0,0.0
146,Adrian & Collin,Gym Buddies,,2,2,0,All-Male,1,ASI2,,1.0,,13,3,0.2307692308,0,0.0,2.461538462,1.71344607,2.301369863,0.7836691087,0.1914028829,1504.282665,,15,1248,9,9.0,0.0,1.0,73,54.0,19.0,0.7397260274
147,Pamela & Vanessa,Sisters,,2,0,2,All-Female,1,ASI2,,2.0,,13,1,0.07692307692,1,0.07692307692,4.0,1.825741858,3.96803653,0.4412087912,0.2464820213,52.23845186,,15,1249,9,8.0,1.0,0.8888888889,73,34.0,39.0,0.4657534247
148,Marc & Rovilson,Best Friends,,2,2,0,All-Male,1,ASI2,,3.0,,13,8,0.6153846154,1,0.07692307692,1.461538462,0.6602252918,1.502283105,0.8632478632,0.2771895481,1680.671831,,15,1250,9,7.0,2.0,0.7777777778,73,67.0,6.0,0.9178082192
149,Diane & Ann,Dancing Mums,,2,0,2,All-Female,1,ASI2,,4.0,,12,1,0.08333333333,1,0.08333333333,3.583333333,1.240112409,3.910798122,0.4953042328,0.3115605204,76.16938915,,15,1247,9,6.0,3.0,0.6666666667,71,40.0,31.0,0.5633802817
150,Natasha & Paula,Childhood Friends,,2,0,2,All-Female,1,ASI2,,5.0,,11,0,0.0,2,0.1818181818,4.272727273,1.103712743,4.823529412,0.4096320346,0.2763715021,-304.8820595,,15,1243,9,5.0,4.0,0.5555555556,68,32.0,36.0,0.4705882353
151,Terri & Henry,Married 13 Years,,2,1,1,Co-Ed,1,ASI2,,6.0,,9,0,0.0,3,0.3333333333,6.333333333,1.870828693,7.222222222,0.188712522,0.2363286905,-969.0824869,,15,1233,9,4.0,5.0,0.4444444444,60,12.0,48.0,0.2
152,Daichi & Sawaka,Brother & Sister,,2,1,1,Co-Ed,1,ASI2,,7.0,,6,0,0.0,1,0.1666666667,6.5,1.378404875,7.111111111,0.2635582011,0.1532301932,-609.989812,,15,1215,9,3.0,6.0,0.3333333333,45,12.0,33.0,0.2666666667
153,Sophie & Aurelia,Ex-Housemates,,2,0,2,All-Female,1,ASI2,,8.0,,4,0,0.0,1,0.25,7.0,1.414213562,7.464646465,0.2534722222,0.2438479148,-551.0364241,,15,1201,9,2.0,7.0,0.2222222222,33,9.0,24.0,0.2727272727
154,Kinaryosih & Brett,Dating 2 Years,,2,2,0,All-Male,1,ASI2,,9.0,,3,0,0.0,1,0.3333333333,6.333333333,2.516611478,6.811965812,0.3703703704,0.3394500515,-256.069682,,15,1193,9,1.0,8.0,0.1111111111,26,10.0,16.0,0.3846153846
155,Edwin & Monica,Dating 10 Years,,2,1,1,Co-Ed,1,ASI2,,10.0,,2,0,0.0,2,1.0,10.0,0.0,11.0,0.0,0.0,-622.3018728,,15,1184,9,0.0,9.0,0.0,18,0.0,18.0,0.0
156,Vince & Sam,Best Buddies,,2,2,0,All-Male,1,ASI3,,1.0,,11,4,0.3636363636,0,0.0,2.454545455,1.809068067,2.454545455,0.737012987,0.2939032104,950.8956516,,16,1314,9,9.0,0.0,1.0,55,39.0,16.0,0.7090909091
157,Geoff & Tisha,Dating,,2,1,1,Co-Ed,1,ASI3,,2.0,,11,2,0.1818181818,0,0.0,3.090909091,1.700267359,3.323232323,0.5803751804,0.2760328621,483.0743721,,16,1315,9,8.0,1.0,0.8888888889,55,32.0,23.0,0.5818181818
158,Ida & Tania,Actress & Heiress,,2,0,2,All-Female,1,ASI3,,3.0,,11,2,0.1818181818,3,0.2727272727,3.545454545,1.752919642,4.111111111,0.4555916306,0.3755947855,64.44895248,,16,1316,9,7.0,2.0,0.7777777778,55,27.0,28.0,0.4909090909
159,A.D. & Fuzzie,Friends 15 Years,,2,0,2,All-Female,1,ASI3,,4.0,,10,0,0.0,2,0.2,3.9,1.728840331,4.647798742,0.4101984127,0.2990767389,-162.7817392,,16,1313,9,6.0,3.0,0.6666666667,53,24.0,29.0,0.4528301887
160,Henry & Bernie,Brother & Sister,,2,1,1,Co-Ed,1,ASI3,,5.0,,8,2,0.25,1,0.125,2.75,1.488047618,3.151300236,0.6347222222,0.3579624634,425.5102531,,16,1305,9,5.0,4.0,0.5555555556,47,33.0,14.0,0.7021276596
161,Mai & Oliver,Friends,,2,1,1,Co-Ed,1,ASI3,,6.0,,5,1,0.2,1,0.2,4.8,2.774887385,5.222222222,0.4154761905,0.4118858377,-185.7936895,,16,1290,9,4.0,5.0,0.4444444444,35,16.0,19.0,0.4571428571
162,Niroo & Kapil,Father & Son,,2,2,0,All-Male,1,ASI3,,7.0,,4,0,0.0,1,0.25,6.75,2.061552813,7.388888889,0.2197420635,0.277027402,-558.193784,,16,1284,9,3.0,6.0,0.3333333333,30,7.0,23.0,0.2333333333
163,Pailin & Natalie,Beauty Queens,,2,0,2,All-Female,1,ASI3,,8.0,,3,0,0.0,1,0.3333333333,6.333333333,2.081665999,6.925925926,0.3055555556,0.336787657,-340.1466072,,16,1277,9,2.0,7.0,0.2222222222,24,8.0,16.0,0.3333333333
164,Isaac & William,Brothers,,2,2,0,All-Male,1,ASI3,,9.0,,2,0,0.0,1,0.5,7.5,2.121320344,8.222222222,0.2222222222,0.3142696805,-344.8206,,16,1269,9,1.0,8.0,0.1111111111,17,4.0,13.0,0.2352941176
165,Neena & Amit,Cousins,,2,1,1,Co-Ed,1,ASI3,,10.0,,1,0,0.0,1,1.0,10.0,,11.0,0.0,,-332.1928095,,16,1260,9,0.0,9.0,0.0,9,0.0,9.0,0.0
166,Nick & Starr,Siblings,,2,1,1,Co-Ed,1,USA13,,1.0,,11,7,0.6363636364,0,0.0,2.454545455,2.161649202,2.290322581,0.7801226551,0.3063389491,1202.273642,,17,1387,10,10.0,0.0,1.0,62,46.0,16.0,0.7419354839
167,Ken & Tina,Separated,,2,1,1,Co-Ed,1,USA13,,2.0,,11,3,0.2727272727,1,0.09090909091,2.545454545,1.507556723,2.508064516,0.6333333333,0.3252349578,554.2109817,,17,1388,10,9.0,1.0,0.9,62,45.0,17.0,0.7258064516
168,Andrew & Dan,Frat Boys,,2,2,0,All-Male,1,USA13,,3.0,,11,0,0.0,2,0.1818181818,5.181818182,1.834021909,5.451612903,0.2401154401,0.1827643075,-715.5973342,,17,1389,10,8.0,2.0,0.8,62,16.0,46.0,0.2580645161
169,Toni & Dallas,Mother/Son,,2,1,1,Co-Ed,1,USA13,,4.0,,10,1,0.1,1,0.1,3.1,1.595131482,3.275,0.648531746,0.2792465609,674.535136,,17,1386,10,7.0,3.0,0.7,60,39.0,21.0,0.65
170,Terence & Sarah,Newly Dating,,2,1,1,Co-Ed,1,USA13,,5.0,,8,0,0.0,1,0.125,3.5,1.069044968,3.592592593,0.564781746,0.2979491556,243.3988794,,17,1378,10,6.0,4.0,0.6,54,34.0,20.0,0.6296296296
171,Kelly & Christy,Divorcees,,2,0,2,All-Female,1,USA13,,6.0,,7,0,0.0,1,0.1428571429,5.0,2.160246899,5.2,0.4389455782,0.2995072754,-108.2603384,,17,1373,10,5.0,5.0,0.5,50,22.0,28.0,0.44
172,Aja & Ty,Dating Long Distance,,2,1,1,Co-Ed,1,USA13,,7.0,,5,0,0.0,1,0.2,6.2,1.643167673,6.2,0.3219047619,0.2677401861,-433.6384386,,17,1361,10,4.0,6.0,0.4,40,14.0,26.0,0.35
173,Marisa & Brooke,Southern Belles,,2,0,2,All-Female,1,USA13,,8.0,,4,0,0.0,1,0.25,7.75,2.62995564,7.75,0.2090277778,0.281780193,-593.4526745,,17,1354,10,3.0,7.0,0.3,34,7.0,27.0,0.2058823529
174,Mark & Bill,Best Friends,,2,2,0,All-Male,1,USA13,,9.0,,3,0,0.0,1,0.3333333333,5.0,3.605551275,5.0,0.5296296296,0.4682952183,31.47184062,,17,1346,10,2.0,8.0,0.2,27,15.0,12.0,0.5555555556
175,Anthony & Stephanie,Dating,,2,1,1,Co-Ed,1,USA13,,10.0,,2,0,0.0,1,0.5,9.5,0.7071067812,9.5,0.1,0.1414213562,-508.9985321,,17,1337,10,1.0,9.0,0.1,19,2.0,17.0,0.1052631579
176,Anita & Arthur,Married Beekeepers,,2,1,1,Co-Ed,1,USA13,,11.0,,1,0,0.0,1,1.0,11.0,,11.0,0.0,,-345.9431619,,17,1327,10,0.0,10.0,0.0,10,0.0,10.0,0.0
177,Shay & Guy,Business Partners,,2,2,0,All-Male,1,ISR1,,1.0,,10,3,0.3,0,0.0,2.7,2.002775851,2.49122807,0.7442460317,0.2513200536,1070.474432,,18,1454,9,9.0,0.0,1.0,57,40.0,17.0,0.701754386
178,Maya & Amichay,Dating,,2,1,1,Co-Ed,1,ISR1,,2.0,,10,4,0.4,0,0.0,2.2,1.135292424,2.169590643,0.6933333333,0.2960855732,804.1025334,,18,1455,9,8.0,1.0,0.8888888889,57,45.0,12.0,0.7894736842
179,Tom & Gil,Stepdaughter/Stepfather,,2,1,1,Co-Ed,1,ISR1,,3.0,,10,1,0.1,1,0.1,3.5,1.509230856,3.680311891,0.538531746,0.3096333665,374.2111398,,18,1456,9,7.0,2.0,0.7777777778,57,32.0,25.0,0.5614035088
180,Michal & Ran,Married with 3 Children,,2,1,1,Co-Ed,1,ISR1,,4.0,,9,1,0.1111111111,1,0.1111111111,3.111111111,1.364225462,3.303030303,0.6051146384,0.3323291543,505.0762535,,18,1453,9,6.0,3.0,0.6666666667,55,36.0,19.0,0.6545454545
181,Hadas & Inbal,Friends,,2,0,2,All-Female,1,ISR1,,5.0,,8,0,0.0,2,0.25,4.875,1.807721534,5.305555556,0.3649801587,0.2940581955,-315.1659266,,18,1449,9,5.0,4.0,0.5555555556,52,21.0,31.0,0.4038461538
182,Eliana & Yael,Importer & Fashion Designer,,2,0,2,All-Female,1,ISR1,,6.0,,6,0,0.0,1,0.1666666667,5.166666667,1.602081979,5.419191919,0.3878968254,0.289219433,-308.7325842,,18,1439,9,4.0,5.0,0.4444444444,44,19.0,25.0,0.4318181818
183,Hannah & Margalit,Kibbutz Members,,2,0,2,All-Female,1,ISR1,,7.0,,5,1,0.2,1,0.2,6.6,3.286335345,6.982905983,0.273015873,0.4100034106,-514.0082946,,18,1433,9,3.0,6.0,0.3333333333,39,11.0,28.0,0.2820512821
184,Alen & Inbal,Exes,,2,1,1,Co-Ed,1,ISR1,,8.0,,4,0,0.0,1,0.25,7.25,1.5,7.734006734,0.2256944444,0.2379760228,-587.1577063,,18,1426,9,2.0,7.0,0.2222222222,33,8.0,25.0,0.2424242424
185,Maor & Asher,Childhood Friends,,2,2,0,All-Male,1,ISR1,,9.0,,3,0,0.0,2,0.6666666667,8.666666667,1.527525232,9.354700855,0.1111111111,0.1924500897,-664.3927566,,18,1418,9,1.0,8.0,0.1111111111,26,3.0,23.0,0.1153846154
186,Liran & Elena,Beauty Queens,,2,0,2,All-Female,1,ISR1,,10.0,,2,0,0.0,1,0.5,8.0,2.828427125,8.777777778,0.2222222222,0.3142696805,-364.4070903,,18,1409,9,0.0,9.0,0.0,18,4.0,14.0,0.2222222222
187,Tammy & Victor,Siblings/Lawyers,,2,1,1,Co-Ed,1,USA14,,1.0,,12,5,0.4166666667,0,0.0,2.333333333,1.969463856,2.194029851,0.7629960317,0.2966371067,1159.444929,,19,1533,10,10.0,0.0,1.0,67,51.0,16.0,0.7611940299
188,Jaime & Cara,Former NFL Cheerleaders,,2,0,2,All-Female,2,"USA14, USA18",,5.5,4.949747468,17,1,0.05882352941,1,0.05882352941,5.058823529,2.585309175,5.466517857,0.4304388422,0.2562344547,-447.0097444,,27,2167,20,11.0,9.0,0.55,112,43.0,69.0,0.3839285714
189,Margie & Luke,Mother/Son,,2,1,1,Co-Ed,3,"USA14, USA18, USA24",,6.333333333,2.886751346,23,4,0.1739130435,3,0.1304347826,3.869565217,2.321918247,4.1625,0.5663216011,0.3238240752,279.2818991,,50,4043,30,14.0,16.0,0.4666666667,160,94.0,66.0,0.5875
190,Kisha & Jen,Sisters,,2,0,2,All-Female,2,"USA14, USA18",,2.5,2.121320344,23,2,0.08695652174,2,0.08695652174,3.782608696,1.807975305,3.591549296,0.5384575569,0.2979153146,896.5849955,,27,2204,20,17.0,3.0,0.85,142,78.0,64.0,0.5492957746
191,Mark & Michael,Brothers/Stuntmen,,2,2,0,All-Male,1,USA14,,5.0,,9,0,0.0,2,0.2222222222,5.222222222,1.6414763,5.508474576,0.3072310406,0.2759441877,-613.9744937,,19,1524,10,6.0,4.0,0.6,59,21.0,38.0,0.3559322034
192,Mel & Mike,Father/Son,,2,2,0,All-Male,2,"USA14, USA18",,8.0,2.828427125,10,1,0.1,2,0.2,5.0,2.98142397,5.25,0.4907936508,0.3632288042,-195.0461226,,27,2149,20,6.0,14.0,0.3,80,40.0,40.0,0.5
193,Christie & Jodi,Flight Attendants,,2,0,2,All-Female,1,USA14,,7.0,,6,1,0.1666666667,2,0.3333333333,6.666666667,3.141125064,6.913043478,0.2643518519,0.385662876,-603.0294022,,19,1508,10,4.0,6.0,0.4,46,12.0,34.0,0.2608695652
194,Amanda & Kris,Engaged,,2,1,1,Co-Ed,2,"USA14, USA18",,9.5,2.121320344,6,0,0.0,2,0.3333333333,5.166666667,3.656045222,5.282407407,0.525462963,0.4204510242,60.28292867,,27,2139,20,3.0,17.0,0.15,54,29.0,25.0,0.537037037
195,Brad & Victoria,Married,,2,1,1,Co-Ed,1,USA14,,9.0,,3,0,0.0,1,0.3333333333,6.666666667,2.081665999,6.666666667,0.3518518519,0.3059761415,-269.087385,,19,1486,10,2.0,8.0,0.2,27,10.0,17.0,0.3703703704
196,Steve & Linda,Married,,2,1,1,Co-Ed,1,USA14,,10.0,,2,0,0.0,1,0.5,9.5,0.7071067812,9.5,0.1,0.1414213562,-508.9985321,,19,1477,10,1.0,9.0,0.1,19,2.0,17.0,0.1052631579
197,Preston & Jennifer,Dating,,2,1,1,Co-Ed,1,USA14,,11.0,,1,0,0.0,1,1.0,11.0,,11.0,0.0,,-345.9431619,,19,1467,10,0.0,10.0,0.0,10,0.0,10.0,0.0
198,Matías & Tamara,Married,,2,1,1,Co-Ed,1,LAM1,,1.0,,13,4,0.3076923077,2,0.1538461538,2.230769231,1.091928428,2.066666667,0.667002442,0.3835034268,866.4116806,,20,1621,10,10.0,0.0,1.0,75,59.0,16.0,0.7866666667
199,Daniel & David,Godfather/Godson,,2,2,0,All-Male,1,LAM1,,2.0,,13,2,0.1538461538,0,0.0,3.230769231,2.420531834,3.163333333,0.6096459096,0.2792368795,738.2152112,,20,1622,10,9.0,1.0,0.9,75,45.5,29.5,0.6066666667
200,Ferna & Fran,Friends,,2,0,2,All-Female,1,LAM1,,3.0,,13,4,0.3076923077,1,0.07692307692,3.384615385,2.873396989,3.48,0.6257020757,0.3594510272,922.056487,,20,1623,10,8.0,2.0,0.8,75,44.0,31.0,0.5866666667
201,Daniel & Carlos,Friends,,2,2,0,All-Male,1,LAM1,,4.0,,11,1,0.09090909091,1,0.09090909091,3.727272727,1.793929156,3.792253521,0.536038961,0.3054679744,333.2737947,,20,1617,10,7.0,3.0,0.7,71,40.5,30.5,0.5704225352
202,Rodrigo & Anna,Dating Biologists,,2,1,1,Co-Ed,1,LAM1,,5.0,,9,1,0.1111111111,1,0.1111111111,4.555555556,2.00693243,4.446153846,0.4898148148,0.2784436464,119.4303087,,20,1609,10,6.0,4.0,0.6,65,33.0,32.0,0.5076923077
203,Casilda & Casilda,Mother/Daughter,,2,0,2,All-Female,1,LAM1,,6.0,,8,1,0.125,2,0.25,4.75,2.121320344,4.68852459,0.437797619,0.3833268633,-236.0770148,,20,1604,10,5.0,5.0,0.5,61,31.0,30.0,0.5081967213
204,Diego & Miguel,Boyfriends,,2,2,0,All-Male,1,LAM1,,7.0,,7,0,0.0,1,0.1428571429,6.285714286,1.253566341,6.285714286,0.308106576,0.2277713088,-575.2561548,,20,1598,10,4.0,6.0,0.4,56,19.0,37.0,0.3392857143
205,Mario & Melissa,Dating,,2,1,1,Co-Ed,1,LAM1,,8.0,,5,0,0.0,1,0.2,7.2,1.923538406,6.988636364,0.2722222222,0.26660879,-585.9196791,,20,1584,10,3.0,7.0,0.3,44,13.0,31.0,0.2954545455
206,Ricardo & Adriana,Father/Daughter,,2,1,1,Co-Ed,1,LAM1,,9.0,,4,0,0.0,1,0.25,7.0,2.449489743,6.837837838,0.3361111111,0.3031216192,-393.2959468,,20,1576,10,2.0,8.0,0.2,37,13.0,24.0,0.3513513514
207,Guillermo & Gabriel,Twins,,2,2,0,All-Male,1,LAM1,,10.0,,3,0,0.0,1,0.3333333333,8.666666667,1.527525232,8.534482759,0.2,0.2,-542.1037886,,20,1567,10,1.0,9.0,0.1,29,6.0,23.0,0.2068965517
208,Nora & Ariel,Siblings,,2,1,1,Co-Ed,1,LAM1,,11.0,,2,0,0.0,2,1.0,11.0,0.0,11.0,0.0,0.0,-646.7348981,,20,1557,10,0.0,10.0,0.0,20,0.0,20.0,0.0
209,Meghan & Cheyne,Dating,,2,1,1,Co-Ed,1,USA15,,1.0,,12,7,0.5833333333,0,0.0,2.0,1.705605731,1.833333333,0.8699074074,0.1934746136,1705.48216,,21,1705,11,11.0,0.0,1.0,72,60.0,12.0,0.8333333333
210,Sam & Dan,Brothers,,2,2,0,All-Male,1,USA15,,2.0,,12,2,0.1666666667,0,0.0,3.166666667,2.289634085,2.96969697,0.6380711881,0.2521563099,844.8972814,,21,1706,11,10.0,1.0,0.9090909091,72,46.0,26.0,0.6388888889
211,Brian & Ericka,Married,,2,1,1,Co-Ed,1,USA15,,3.0,,12,0,0.0,2,0.1666666667,4.25,2.094364733,4.200757576,0.3918831169,0.2891840507,-112.0314538,,21,1707,11,9.0,2.0,0.8181818182,72,33.0,39.0,0.4583333333
212,Flight Time & Big Easy,Harlem Globetrotters,,2,2,0,All-Male,3,"USA15, USA18, USA24",,4.0,2.0,31,4,0.1290322581,2,0.06451612903,4.064516129,1.948255354,3.989771833,0.5086358982,0.3059698216,-212.0103794,,50,4063,31,22.0,9.0,0.7096774194,205,110.0,95.0,0.5365853659
213,Gary & Matt,Father/Son,,2,2,0,All-Male,1,USA15,,5.0,,9,1,0.1111111111,2,0.2222222222,4.222222222,1.6414763,4.089488636,0.4624539041,0.3307272374,-52.66984051,,21,1696,11,7.0,4.0,0.6363636364,64,35.0,29.0,0.546875
214,Maria & Tiffany,Professional Poker Players,,2,0,2,All-Female,1,USA15,,6.0,,7,0,0.0,1,0.1428571429,6.571428571,2.699206233,6.064935065,0.3113430221,0.282534978,-460.2853093,,21,1686,11,6.0,5.0,0.5454545455,56,17.0,39.0,0.3035714286
215,Mika & Canaan,Newly Dating,,2,1,1,Co-Ed,1,USA15,,7.0,,6,0,0.0,1,0.1666666667,7.666666667,1.211060142,7.060606061,0.2013347763,0.1215425626,-814.3573063,,21,1680,11,5.0,6.0,0.4545454545,51,11.0,40.0,0.2156862745
216,Lance & Keri,Engaged,,2,1,1,Co-Ed,1,USA15,,8.0,,5,0,0.0,1,0.2,6.0,2.549509757,5.545454545,0.4008585859,0.3567051084,-297.9106981,,21,1673,11,4.0,7.0,0.3636363636,45,20.0,25.0,0.4444444444
217,Zev & Justin,Best Friends,,2,2,0,All-Male,2,"USA15, USA18",,6.5,3.535533906,15,4,0.2666666667,2,0.1333333333,4.133333333,2.899917897,4.168984408,0.5557383357,0.3971215707,591.338848,,27,2203,21,10.0,11.0,0.4761904762,113,66.0,47.0,0.5840707965
218,Marcy & Ron,Dating,,2,1,1,Co-Ed,1,USA15,,10.0,,3,0,0.0,1,0.3333333333,7.666666667,3.214550254,7.060606061,0.3090909091,0.3757086967,-376.0879851,,21,1656,11,2.0,9.0,0.1818181818,30,10.0,20.0,0.3333333333
219,Garrett & Jessica,Dating On & Off,,2,1,1,Co-Ed,1,USA15,,11.0,,2,0,0.0,1,0.5,9.5,2.121320344,8.727272727,0.1818181818,0.2571297386,-426.6207987,,21,1646,11,1.0,10.0,0.09090909091,21,4.0,17.0,0.1904761905
220,Eric & Lisa,Married Yoga Teachers,,2,1,1,Co-Ed,1,USA15,,12.0,,1,0,0.0,1,1.0,12.0,,11.0,0.0,,-358.4962501,,21,1635,11,0.0,11.0,0.0,11,0.0,11.0,0.0
221,Dan & Jordan,Brothers,,2,2,0,All-Male,1,USA16,,1.0,,12,2,0.1666666667,0,0.0,4.333333333,2.424621183,3.898550725,0.4795304233,0.2926541851,104.1930666,,22,1786,10,10.0,0.0,1.0,69,29.0,40.0,0.4202898551
222,Jet & Cord,Cowboys,,2,2,0,All-Male,3,"USA16, USA18, USA24",,4.333333333,2.081665999,31,7,0.2258064516,4,0.1290322581,3.225806452,2.231735908,3.266009852,0.6348182284,0.331040013,1077.106933,,50,4073,30,20.0,10.0,0.6666666667,203,134.0,69.0,0.6600985222
223,Brent & Caite,Dating Models,,2,1,1,Co-Ed,1,USA16,,3.0,,12,1,0.08333333333,1,0.08333333333,4.333333333,2.188122206,4.47826087,0.444047619,0.2950451471,-20.89976693,,22,1788,10,8.0,2.0,0.8,69,29.0,40.0,0.4202898551
224,Louie & Michael,Detectives,,2,2,0,All-Male,1,USA16,,4.0,,11,3,0.2727272727,2,0.1818181818,4.363636364,3.042128441,4.589552239,0.426010101,0.4067112011,-162.6848023,,22,1785,10,7.0,3.0,0.7,67,30.0,37.0,0.447761194
225,Carol & Brandy,Girlfriends,,2,0,2,All-Female,1,USA16,,5.0,,9,0,0.0,1,0.1111111111,4.0,1.5,4.098360656,0.5242504409,0.2927633284,116.7877467,,22,1777,10,6.0,4.0,0.6,61,34.0,27.0,0.5573770492
226,Steve & Allie,Father/Daughter,,2,1,1,Co-Ed,1,USA16,,6.0,,8,1,0.125,1,0.125,3.375,2.133909892,3.5,0.6611607143,0.33455736,557.2184101,,22,1772,10,5.0,5.0,0.5,57,38.0,19.0,0.6666666667
227,Jordan & Jeff,Newly Dating,,2,1,1,Co-Ed,1,USA16,,7.0,,6,1,0.1666666667,2,0.3333333333,5.666666667,2.503331114,5.765957447,0.3478835979,0.3851755551,-497.3258681,,22,1760,10,4.0,6.0,0.4,47,19.0,28.0,0.4042553191
228,Joe & Heidi,Married,,2,1,1,Co-Ed,1,USA16,,8.0,,5,0,0.0,1,0.2,4.4,2.302172887,4.524390244,0.5656349206,0.3358713374,133.5559183,,22,1753,10,3.0,7.0,0.3,41,24.0,17.0,0.5853658537
229,Monique & Shawne,Moms/Attorneys,,2,0,2,All-Female,1,USA16,,9.0,,3,0,0.0,1,0.3333333333,5.333333333,3.511884584,5.333333333,0.4851851852,0.4541079076,-56.16547529,,22,1737,10,2.0,8.0,0.2,27,14.0,13.0,0.5185185185
230,Jody & Shannon,Grandmother/Granddaughter,,2,0,2,All-Female,1,USA16,,10.0,,2,0,0.0,1,0.5,10.0,0.0,10.0,0.05,0.07071067812,-569.4580309,,22,1728,10,1.0,9.0,0.1,19,1.0,18.0,0.05263157895
231,Dana & Adrian,High School Sweethearts,,2,1,1,Co-Ed,1,USA16,,11.0,,1,0,0.0,1,1.0,11.0,,11.0,0.0,,-345.9431619,,22,1718,10,0.0,10.0,0.0,10,0.0,10.0,0.0
232,Charlie & Rachel,Flirtatious Friends,,2,1,1,Co-Ed,1,CHR1,,1.0,,12,6,0.5,1,0.08333333333,2.166666667,1.466804401,2.076923077,0.7627314815,0.3390429736,1069.735103,,23,1863,9,9.0,0.0,1.0,65,51.0,14.0,0.7846153846
233,Rick & Josh,Best Mates,,2,2,0,All-Male,1,CHR1,,2.0,,12,5,0.4166666667,0,0.0,2.166666667,1.267304465,2.196581197,0.7312830688,0.2878532366,1005.573061,,23,1864,9,8.0,1.0,0.8888888889,65,51.0,14.0,0.7846153846
234,Deepak & Naresh,Cricket Fanatics,,2,2,0,All-Male,1,CHR1,,3.0,,12,0,0.0,2,0.1666666667,4.416666667,1.831955405,4.854700855,0.3476190476,0.2439583537,-308.7383481,,23,1865,9,7.0,2.0,0.7777777778,65,24.0,41.0,0.3692307692
235,Karen & Lisa,Momshells,,2,0,2,All-Female,1,CHR1,,4.0,,11,0,0.0,2,0.1818181818,4.818181818,1.834021909,5.444444444,0.3240620491,0.2341486587,-415.2719585,,23,1862,9,6.0,3.0,0.6666666667,63,21.0,42.0,0.3333333333
236,Sarah & Molly,Ultra-Marathoners,,2,0,2,All-Female,1,CHR1,,5.0,,10,1,0.1,1,0.1,3.4,1.505545305,3.888888889,0.5960714286,0.2798967085,467.5928618,,23,1858,9,5.0,4.0,0.5555555556,60,36.0,24.0,0.6
237,Sean & Amy,Newly Dating,,2,1,1,Co-Ed,1,CHR1,,6.0,,6,0,0.0,1,0.1666666667,2.833333333,1.602081979,2.944444444,0.703042328,0.348216641,581.1560324,,23,1838,9,4.0,5.0,0.4444444444,44,33.0,11.0,0.75
238,Bonnie & Mel,Expat Wives,,2,0,2,All-Female,1,CHR1,,7.0,,5,0,0.0,1,0.2,6.6,0.5477225575,6.982905983,0.2591269841,0.1829898693,-575.1726737,,23,1832,9,3.0,6.0,0.3333333333,39,11.0,28.0,0.2820512821
239,Janis & Aleksandra,Reality TV Veterans,,2,1,1,Co-Ed,1,CHR1,,8.0,,4,0,0.0,1,0.25,7.0,0.8164965809,7.464646465,0.2569444444,0.1889093126,-525.1509984,,23,1825,9,2.0,7.0,0.2222222222,33,9.0,24.0,0.2727272727
240,Hector & Miguel,Amigos,,2,2,0,All-Male,1,CHR1,,9.0,,3,0,0.0,1,0.3333333333,8.666666667,0.5773502692,9.354700855,0.1111111111,0.1111111111,-677.4212067,,23,1817,9,1.0,8.0,0.1111111111,26,3.0,23.0,0.1153846154
241,Paul & Francis,Maasai Warriors,,2,2,0,All-Male,1,CHR1,,10.0,,2,0,0.0,2,1.0,10.0,0.0,11.0,0.0,0.0,-622.3018728,,23,1808,9,0.0,9.0,0.0,18,0.0,18.0,0.0
242,Richard & Richard,Friends,,2,2,0,All-Male,1,ASI4,,1.0,,11,3,0.2727272727,0,0.0,2.272727273,1.489356176,2.060606061,0.7751443001,0.2516296264,1112.299129,,24,1940,9,9.0,0.0,1.0,66,52.0,14.0,0.7878787879
243,Claire & Michelle,Rebel Pals,,2,0,2,All-Female,1,ASI4,,2.0,,11,0,0.0,0,0.0,3.818181818,1.662418829,3.609427609,0.5182178932,0.1734607698,219.4991291,,24,1941,9,8.0,1.0,0.8888888889,66,35.0,31.0,0.5303030303
244,Hussein & Natasha,Father & Daughter,,2,1,1,Co-Ed,1,ASI4,,3.0,,11,1,0.09090909091,2,0.1818181818,4.636363636,2.873072476,4.703703704,0.4112193362,0.3869824542,-69.81549689,,24,1942,9,7.0,2.0,0.7777777778,66,26.0,40.0,0.3939393939
245,Jess & Lani,Party Girls,,2,0,2,All-Female,1,ASI4,,4.0,,10,3,0.3,1,0.1,4.3,2.750757471,4.4375,0.5248015873,0.3698944055,380.3981153,,24,1939,9,6.0,3.0,0.6666666667,64,31.0,33.0,0.484375
246,Ethan & Khairie,Friends,,2,2,0,All-Male,1,ASI4,,5.0,,9,2,0.2222222222,1,0.1111111111,3.555555556,1.666666667,3.723132969,0.5709876543,0.319767684,268.9512583,,24,1935,9,5.0,4.0,0.5555555556,61,38.0,23.0,0.6229508197
247,Dimple & Sunaina,Best Friends,,2,0,2,All-Female,1,ASI4,,6.0,,8,1,0.125,1,0.125,3.875,1.807721534,4.138401559,0.5321924603,0.3671289356,57.02244598,,24,1930,9,4.0,5.0,0.4444444444,57,34.0,23.0,0.5964912281
248,Ivan & Hilda,Married,,2,1,1,Co-Ed,1,ASI4,,7.0,,6,1,0.1666666667,1,0.1666666667,4.833333333,2.316606714,5.078014184,0.4758597884,0.3531666146,-108.4975737,,24,1918,9,3.0,6.0,0.3333333333,47,24.0,23.0,0.5106382979
249,Sahil & Manas,Cousins,,2,2,0,All-Male,1,ASI4,,8.0,,5,0,0.0,1,0.2,7.0,1.732050808,7.504065041,0.25,0.2618709394,-654.2341776,,24,1911,9,2.0,7.0,0.2222222222,41,11.0,30.0,0.2682926829
250,Alan & Wendy,Dating,,2,1,1,Co-Ed,1,ASI4,,9.0,,4,0,0.0,2,0.5,7.25,2.061552813,7.944444444,0.25,0.2922172933,-583.3209565,,24,1903,9,1.0,8.0,0.1111111111,34,9.0,25.0,0.2647058824
251,Yani & Nadine,Best Friends,,2,0,2,All-Female,1,ASI4,,10.0,,2,0,0.0,2,1.0,10.0,0.0,11.0,0.0,0.0,-622.3018728,,24,1885,9,0.0,9.0,0.0,18,0.0,18.0,0.0
252,Nat & Kat,Doctors,,2,0,2,All-Female,1,USA17,,1.0,,12,5,0.4166666667,0,0.0,3.083333333,2.466441431,2.76056338,0.6576388889,0.3564956106,741.174498,,25,2023,10,10.0,0.0,1.0,71,46.0,25.0,0.6478873239
253,Brook & Claire,Home Shopping Hosts,,2,0,2,All-Female,1,USA17,,2.0,,12,1,0.08333333333,0,0.0,3.166666667,1.466804401,3.014084507,0.5891865079,0.2389473164,441.3378135,,25,2024,10,9.0,1.0,0.9,71,45.0,26.0,0.6338028169
254,Jill & Thomas,Dating,,2,1,1,Co-Ed,1,USA17,,3.0,,12,4,0.3333333333,1,0.08333333333,3.0,2.044949433,3.028169014,0.6516534392,0.3345383733,749.5187906,,25,2025,10,8.0,2.0,0.8,71,47.0,24.0,0.661971831
255,Nick & Vicki,Dating,,2,1,1,Co-Ed,1,USA17,,4.0,,11,0,0.0,3,0.2727272727,5.272727273,2.412090757,5.427536232,0.3181457431,0.2802143752,-480.1033173,,25,2022,10,7.0,3.0,0.7,69,22.0,47.0,0.3188405797
256,Chad & Stephanie,Engaged,,2,1,1,Co-Ed,1,USA17,,5.0,,9,1,0.1111111111,1,0.1111111111,5.111111111,2.204792759,5.111111111,0.4010582011,0.3299834032,-284.3004579,,25,2014,10,6.0,4.0,0.6,63,26.0,37.0,0.4126984127
257,Gary & Mallory,Father/Daughter,,2,1,1,Co-Ed,2,"USA17, USA18",,4.5,2.121320344,20,3,0.15,3,0.15,3.8,2.462348045,3.779411765,0.5499404762,0.3681836816,640.1735973,,27,2206,20,13.0,7.0,0.65,136,80.0,56.0,0.5882352941
258,Michael & Kevin,Father/Son,,2,2,0,All-Male,1,USA17,,7.0,,7,0,0.0,2,0.2857142857,5.285714286,2.360387377,5.444444444,0.4344104308,0.3176873126,-180.1815317,,25,2003,10,4.0,6.0,0.4,54,24.0,30.0,0.4444444444
259,Katie & Rachel,Beach Volleyball Partners,,2,0,2,All-Female,1,USA17,,8.0,,5,0,0.0,1,0.2,5.4,2.607680962,5.452380952,0.4477777778,0.3721050811,-198.2460626,,25,1989,10,3.0,7.0,0.3,42,20.0,22.0,0.4761904762
260,Connor & Jonathan,Ivy League A Cappella Singers,,2,2,0,All-Male,1,USA17,,9.0,,4,1,0.25,1,0.25,4.75,3.5,4.857142857,0.5611111111,0.4389943614,97.75021997,,25,1981,10,2.0,8.0,0.2,35,20.0,15.0,0.5714285714
261,Andie & Jenna,Birth Mom/Daughter,,2,0,2,All-Female,1,USA17,,10.0,,2,0,0.0,1,0.5,9.5,0.7071067812,9.5,0.1,0.1414213562,-508.9985321,,25,1963,10,1.0,9.0,0.1,19,2.0,17.0,0.1052631579
262,Ron & Tony,Best Friends,,2,2,0,All-Male,1,USA17,,11.0,,1,0,0.0,1,1.0,11.0,,11.0,0.0,,-345.9431619,,25,1953,10,0.0,10.0,0.0,10,0.0,10.0,0.0
263,Mauricio & Carlos,Brothers,,2,2,0,All-Male,1,LAM2,,1.0,,13,4,0.3076923077,0,0.0,2.230769231,1.091928428,2.012658228,0.7877594628,0.1863450436,1318.263002,,26,2115,10,10.0,0.0,1.0,79,63.0,16.0,0.7974683544
264,Toño & Lili,Married,,2,1,1,Co-Ed,1,LAM2,,2.0,,13,5,0.3846153846,0,0.0,2.076923077,1.382120259,1.974683544,0.8228937729,0.1888060171,1526.505268,,26,2116,10,9.0,1.0,0.9,79,65.0,14.0,0.8227848101
265,Aleandra & Marlene,Friends,,2,0,2,All-Female,1,LAM2,,3.0,,13,0,0.0,3,0.2307692308,5.230769231,2.006400016,5.17721519,0.271978022,0.2111502392,-642.9528157,,26,2117,10,8.0,2.0,0.8,79,24.0,55.0,0.3037974684
266,Guilherme & Vinícius,Childhood Friends,,2,2,0,All-Male,1,LAM2,,4.0,,11,0,0.0,1,0.09090909091,4.909090909,1.578261414,4.726666667,0.3943001443,0.239985832,-280.282367,,26,2111,10,7.0,3.0,0.7,75,32.0,43.0,0.4266666667
267,Esteban & Marisol,Married,,2,1,1,Co-Ed,1,LAM2,,5.0,,10,0,0.0,1,0.1,5.0,2.160246899,4.888888889,0.4413888889,0.2532689923,-71.65060796,,26,2107,10,6.0,4.0,0.6,72,32.0,40.0,0.4444444444
268,Marietta & José,Dating,,2,1,1,Co-Ed,1,LAM2,,6.0,,9,0,0.0,1,0.1111111111,6.444444444,1.810463415,6.404411765,0.2611552028,0.2086705929,-821.3069556,,26,2102,10,5.0,5.0,0.5,68,19.0,49.0,0.2794117647
269,Edison & Edison,Father/Son,,2,2,0,All-Male,1,LAM2,,7.0,,8,3,0.375,1,0.125,3.0,2.20389266,3.031746032,0.7325396825,0.3430408091,810.2920481,,26,2096,10,4.0,6.0,0.4,63,47.0,16.0,0.746031746
270,Jelkin & Javier,Engaged,,2,1,1,Co-Ed,1,LAM2,,8.0,,6,1,0.1666666667,2,0.3333333333,6.166666667,2.714160398,6.166666667,0.349537037,0.3760188491,-518.8375586,,26,2082,10,3.0,7.0,0.3,51,20.0,31.0,0.3921568627
271,Roger & Omar,Friends,,2,2,0,All-Male,1,LAM2,,9.0,,4,0,0.0,1,0.25,4.75,2.986078811,4.648648649,0.5666666667,0.3915780041,97.0516508,,26,2066,10,2.0,8.0,0.2,37,22.0,15.0,0.5945945946
272,Mauricio & Mariana,Siblings,,2,1,1,Co-Ed,1,LAM2,,10.0,,3,0,0.0,2,0.6666666667,10.33333333,0.5773502692,10.17241379,0.03333333333,0.05773502692,-830.5660851,,26,2057,10,1.0,9.0,0.1,29,1.0,28.0,0.03448275862
273,Susy & Stefany,Mother/Daughter,,2,0,2,All-Female,1,LAM2,,11.0,,2,0,0.0,1,0.5,10.5,0.7071067812,10.5,0.05,0.07071067812,-586.515579,,26,2047,10,0.0,10.0,0.0,20,1.0,19.0,0.05
274,Tyler & Nathan,Surfers,,2,2,0,All-Male,1,AUS1,,1.0,,12,4,0.3333333333,0,0.0,2.25,1.422226168,2.041666667,0.7710648148,0.2279608107,1234.069773,,28,2288,10,10.0,0.0,1.0,72,57.0,15.0,0.7916666667
275,Sam & Renae,Models,,2,0,2,All-Female,1,AUS1,,2.0,,12,2,0.1666666667,1,0.08333333333,4.083333333,2.108783938,3.826388889,0.4603835979,0.3101108981,87.40152503,,28,2289,10,9.0,1.0,0.9,72,35.0,37.0,0.4861111111
276,Jeff & Luke,Father & Son,,2,2,0,All-Male,1,AUS1,,3.0,,12,1,0.08333333333,1,0.08333333333,3.166666667,1.267304465,3.166666667,0.6000330688,0.2487027693,628.1128264,,28,2290,10,8.0,2.0,0.8,72,46.0,26.0,0.6388888889
277,Matt & Tom,Farmers,,2,2,0,All-Male,1,AUS1,,4.0,,11,3,0.2727272727,2,0.1818181818,3.272727273,1.902151891,3.321428571,0.6011544012,0.3909070348,526.4165275,,28,2287,10,7.0,3.0,0.7,70,45.0,25.0,0.6428571429
278,Dave & Kelly,Married Bikers,,2,1,1,Co-Ed,1,AUS1,,5.0,,9,0,0.0,1,0.1111111111,4.555555556,1.236033081,4.5,0.4384920635,0.2627340766,-168.191588,,28,2279,10,6.0,4.0,0.6,64,32.0,32.0,0.5
279,Chris & Anastasia,Dating,,2,1,1,Co-Ed,1,AUS1,,6.0,,8,1,0.125,1,0.125,4.5,2.507132682,4.5,0.5324404762,0.3626333909,209.1027724,,28,2274,10,5.0,5.0,0.5,60,32.0,28.0,0.5333333333
280,Alana & Mel,Reunited Sisters,,2,0,2,All-Female,1,AUS1,,7.0,,6,0,0.0,1,0.1666666667,6.5,2.738612788,6.28,0.3279100529,0.3134156695,-447.7688855,,28,2262,10,4.0,6.0,0.4,50,17.0,33.0,0.34
281,Mo & Mos,Friends,,2,2,0,All-Male,1,AUS1,,8.0,,5,0,0.0,2,0.4,8.6,1.516575089,8.340909091,0.1272222222,0.1635872931,-937.8130364,,28,2255,10,3.0,7.0,0.3,44,6.0,38.0,0.1363636364
282,Richard & Joey,Married Entrepreneurs,,2,1,1,Co-Ed,1,AUS1,,9.0,,4,1,0.25,1,0.25,7.25,4.193248542,7.081081081,0.325,0.4573474245,-357.0244066,,28,2247,10,2.0,8.0,0.2,37,12.0,25.0,0.3243243243
283,Anne-Marie & Tracy,Workmates,,2,0,2,All-Female,1,AUS1,,10.0,,3,0,0.0,1,0.3333333333,9.0,1.0,8.862068966,0.1666666667,0.1527525232,-608.7559641,,28,2238,10,1.0,9.0,0.1,29,5.0,24.0,0.1724137931
284,Ryot & Liberty,Brother & Sister,,2,1,1,Co-Ed,1,AUS1,,11.0,,2,0,0.0,1,0.5,7.0,5.656854249,7.0,0.4,0.5656854249,-165.5495433,,28,2228,10,0.0,10.0,0.0,20,8.0,12.0,0.4
285,Lily & Jan,Dating Couple,,2,1,1,Co-Ed,1,CHR2,,1.0,,12,4,0.3333333333,0,0.0,2.75,1.95982374,2.52173913,0.7308201058,0.2785610136,1067.189574,,29,2369,10,10.0,0.0,1.0,69,48.0,21.0,0.6956521739
286,Simon & Katherine,Dating Long Distance,,2,1,1,Co-Ed,1,CHR2,,2.0,,12,0,0.0,0,0.0,4.75,1.764549904,4.586956522,0.3555224868,0.1405785144,-358.8735003,,29,2370,10,9.0,1.0,0.9,69,24.0,45.0,0.347826087
287,Sun Bin & Hao Fei'er,Recording Artists,,2,1,1,Co-Ed,1,CHR2,,3.0,,12,4,0.3333333333,1,0.08333333333,2.916666667,2.712205856,3.0,0.674537037,0.3604652992,857.8425372,,29,2371,10,8.0,2.0,0.8,69,46.0,23.0,0.6666666667
288,Matt & Kylie,International Students in China,,2,1,1,Co-Ed,1,CHR2,,4.0,,11,1,0.09090909091,1,0.09090909091,4.363636364,2.419616799,4.589552239,0.4511904762,0.3029152572,-38.52449643,,29,2368,10,7.0,3.0,0.7,67,30.0,37.0,0.447761194
289,Mary & Cecilia,Cousins/Students in Canada,,2,0,2,All-Female,1,CHR2,,5.0,,10,3,0.3,2,0.2,4.2,2.529822128,4.5,0.433452381,0.4209778663,-255.6398103,,29,2364,10,6.0,4.0,0.6,64,32.0,32.0,0.5
290,Elena & Tameka,Fitness Fanatics,,2,0,2,All-Female,1,CHR2,,6.0,,8,0,0.0,2,0.25,4.0,2.0,4.214285714,0.5286706349,0.3586213884,53.93688685,,29,2354,10,5.0,5.0,0.5,56,32.0,24.0,0.5714285714
291,Rhett & Howie,30 Year China Veterans,,2,2,0,All-Male,1,CHR2,,7.0,,6,0,0.0,2,0.3333333333,5.666666667,1.211060142,5.869565217,0.3496693122,0.2822118234,-448.1907215,,29,2342,10,4.0,6.0,0.4,46,18.0,28.0,0.3913043478
292,Summer & Eachen,Newly Dating/Childhood Friends,,2,1,1,Co-Ed,1,CHR2,,8.0,,4,0,0.0,1,0.25,5.25,1.892969449,5.25,0.4666666667,0.3231786572,-95.57975768,,29,2328,10,3.0,7.0,0.3,34,17.0,17.0,0.5
293,Xiao Long & Lv Meng,Wushu Coaches,,2,2,0,All-Male,1,CHR2,,9.0,,3,0,0.0,1,0.3333333333,4.666666667,3.785938897,4.666666667,0.5592592593,0.4881728763,72.78098236,,29,2320,10,2.0,8.0,0.2,27,16.0,11.0,0.5925925926
294,A Lai & Jackie,Mother/Son,,2,1,1,Co-Ed,1,CHR2,,10.0,,2,0,0.0,1,0.5,9.5,0.7071067812,9.5,0.1,0.1414213562,-508.9985321,,29,2311,10,1.0,9.0,0.1,19,2.0,17.0,0.1052631579
295,Paul & Nash,Expat Teachers,,2,2,0,All-Male,1,CHR2,,11.0,,1,0,0.0,1,1.0,11.0,,11.0,0.0,,-345.9431619,,29,2301,10,0.0,10.0,0.0,10,0.0,10.0,0.0
296,Ernie & Cindy,Engaged,,2,1,1,Co-Ed,1,USA19,,1.0,,12,3,0.25,0,0.0,2.833333333,1.585922922,2.527777778,0.7021825397,0.2295556424,923.2375486,,30,2453,10,10.0,0.0,1.0,72,50.0,22.0,0.6944444444
297,Jeremy & Sandy,Dating,,2,1,1,Co-Ed,1,USA19,,2.0,,12,1,0.08333333333,0,0.0,3.583333333,1.928651594,3.368055556,0.5658730159,0.2836911294,389.9559846,,30,2454,10,9.0,1.0,0.9,72,41.0,31.0,0.5694444444
298,Amani & Marcus,Married,,2,1,1,Co-Ed,1,USA19,,3.0,,12,2,0.1666666667,2,0.1666666667,4.416666667,2.353269808,4.416666667,0.4120039683,0.3259812496,-131.4503746,,30,2455,10,8.0,2.0,0.8,72,31.0,41.0,0.4305555556
299,Andy & Tommy,Pro Snowboarders,,2,2,0,All-Male,1,USA19,,4.0,,11,6,0.5454545455,1,0.09090909091,2.636363636,2.110579412,2.671428571,0.6980519481,0.3749842297,830.3015209,,30,2452,10,7.0,3.0,0.7,70,52.0,18.0,0.7428571429
300,Bill & Cathi,Grandparents,,2,1,1,Co-Ed,1,USA19,,5.0,,10,0,0.0,3,0.3,5.5,2.758824226,5.701492537,0.3283333333,0.3352936499,-439.2986636,,30,2448,10,6.0,4.0,0.6,67,22.0,45.0,0.328358209
301,Laurence & Zac,Father/Son Adventurers,,2,2,0,All-Male,1,USA19,,6.0,,8,0,0.0,1,0.125,4.375,1.685018016,4.43220339,0.4956845238,0.2998271405,-44.71133755,,30,2438,10,5.0,5.0,0.5,59,32.0,27.0,0.5423728814
302,Justin & Jennifer,Siblings,,2,1,1,Co-Ed,1,USA19,,7.0,,7,0,0.0,1,0.1428571429,4.285714286,2.360387377,4.407407407,0.5695578231,0.3176793816,218.5511007,,30,2432,10,4.0,6.0,0.4,54,31.0,23.0,0.5740740741
303,Liz & Marie,Twins,,2,0,2,All-Female,1,USA19,,8.0,,5,0,0.0,2,0.4,7.8,1.788854382,7.880952381,0.165,0.2497498749,-839.2407536,,30,2418,10,3.0,7.0,0.3,42,8.0,34.0,0.1904761905
304,Kaylani & Lisa,Former Vegas Showgirls,,2,0,2,All-Female,1,USA19,,9.0,,3,0,0.0,1,0.3333333333,7.0,3.464101615,6.785714286,0.3333333333,0.4163331999,-284.6473341,,30,2402,10,2.0,8.0,0.2,28,10.0,18.0,0.3571428571
305,Ethan & Jenna,Dating,,2,1,1,Co-Ed,1,USA19,,10.0,,2,0,0.0,0,0.0,7.0,4.242640687,6.7,0.4,0.4242640687,-156.50916,,30,2392,10,1.0,9.0,0.1,20,8.0,12.0,0.4
306,Ron & Bill,Domestic Partners,,2,2,0,All-Male,1,USA19,,11.0,,2,0,0.0,1,0.5,9.5,2.121320344,9.5,0.15,0.2121320344,-466.1885314,,30,2393,10,0.0,10.0,0.0,20,3.0,17.0,0.15
307,Nicolás & Cristóbal,Twins,,2,2,0,All-Male,1,LAM3,,1.0,,13,5,0.3846153846,0,0.0,2.153846154,1.068188018,1.974025974,0.8248473748,0.167690038,1638.416317,,31,2543,10,10.0,0.0,1.0,77,62.0,15.0,0.8051948052
308,Felipe & Alejandro,Friends/Doctors,,2,2,0,All-Male,1,LAM3,,2.0,,13,5,0.3846153846,1,0.07692307692,2.230769231,1.3634421,2.142857143,0.6769230769,0.3468468056,931.0190489,,31,2544,10,9.0,1.0,0.9,77,61.0,16.0,0.7922077922
309,Demi & Maxi,Cousins,,2,2,0,All-Male,1,LAM3,,3.0,,13,1,0.07692307692,1,0.07692307692,4.230769231,2.554533426,4.272727273,0.4933760684,0.2877800187,426.2186997,,31,2545,10,8.0,2.0,0.8,77,35.0,42.0,0.4545454545
310,Rick & Kathy,Married,,2,1,1,Co-Ed,1,LAM3,,4.0,,11,1,0.09090909091,1,0.09090909091,5.181818182,2.442055766,5.095890411,0.3747835498,0.2682261047,-147.6960393,,31,2539,10,7.0,3.0,0.7,73,27.0,46.0,0.3698630137
311,Juan del Mar & Toya,Dating,,2,1,1,Co-Ed,1,LAM3,,5.0,,10,1,0.1,2,0.2,3.3,1.766981104,3.3,0.564484127,0.4145265966,243.7876694,,31,2535,10,6.0,4.0,0.6,70,47.0,23.0,0.6714285714
312,José & Marisol,Dating,,2,1,1,Co-Ed,1,LAM3,,6.0,,8,0,0.0,1,0.125,5.125,1.356202682,4.991935484,0.422172619,0.2803181888,-231.5048665,,31,2525,10,5.0,5.0,0.5,62,29.0,33.0,0.4677419355
313,Nico & Andre,Siblings,,2,1,1,Co-Ed,1,LAM3,,7.0,,7,0,0.0,1,0.1428571429,5.0,1.290994449,4.929824561,0.4732426304,0.2579066789,-83.58113065,,31,2519,10,4.0,6.0,0.4,57,29.0,28.0,0.5087719298
314,Pablo & Rosario,Friends,,2,1,1,Co-Ed,1,LAM3,,8.0,,6,0,0.0,2,0.3333333333,6.833333333,0.9831920803,6.833333333,0.2824074074,0.2372792455,-640.4512846,,31,2512,10,3.0,7.0,0.3,51,16.0,35.0,0.3137254902
315,Mónica & Rosy,Sisters-in-Law,,2,0,2,All-Female,1,LAM3,,9.0,,4,0,0.0,1,0.25,8.5,0.5773502692,8.297297297,0.1777777778,0.1482407118,-718.8445318,,31,2496,10,2.0,8.0,0.2,37,7.0,30.0,0.1891891892
316,Vero & Gaba,Friends,,2,0,2,All-Female,1,LAM3,,10.0,,3,0,0.0,2,0.6666666667,10.33333333,0.5773502692,10.17241379,0.03333333333,0.05773502692,-830.8483031,,31,2487,10,1.0,9.0,0.1,29,1.0,28.0,0.03448275862
317,Ale & Eze,Dating,,2,1,1,Co-Ed,1,LAM3,,11.0,,2,0,0.0,1,0.5,10.5,0.7071067812,10.5,0.05,0.07071067812,-586.515579,,31,2477,10,0.0,10.0,0.0,20,1.0,19.0,0.05
318,Bar & Inna,Painter & Saleswoman,,2,0,2,All-Female,1,ISR2,,1.0,,13,4,0.3076923077,2,0.1538461538,4.0,2.581988897,3.910447761,0.4777472527,0.3957055781,273.5540179,,32,2623,10,10.0,0.0,1.0,67,28.0,39.0,0.4179104478
319,Alon & Oren,Brothers,,2,2,0,All-Male,1,ISR2,,2.0,,13,3,0.2307692308,0,0.0,2.0,0.7071067812,2.067164179,0.7595238095,0.2086154552,1090.255305,,32,2624,10,9.0,1.0,0.9,67,54.0,13.0,0.8059701493
320,Akiva & Anaelle,Married Orthodox Jews,,2,1,1,Co-Ed,1,ISR2,,3.0,,13,3,0.2307692308,1,0.07692307692,2.692307692,1.493575988,2.970149254,0.6421245421,0.3002304239,734.9483729,,32,2625,10,8.0,2.0,0.8,67,45.0,22.0,0.671641791
321,Tom & Adele,Footballer & Girlfriend,,2,1,1,Co-Ed,1,ISR2,,4.0,,12,1,0.08333333333,3,0.25,4.166666667,1.527525232,4.8,0.3704365079,0.3208331158,-348.8059015,,32,2622,10,7.0,3.0,0.7,65,27.0,38.0,0.4153846154
322,Osnat & Carmit,From Kiryat Ekron,,2,0,2,All-Female,1,ISR2,,5.0,,10,0,0.0,2,0.2,4.7,1.33749351,5.389830508,0.338452381,0.2499949924,-496.9240867,,32,2614,10,6.0,4.0,0.6,59,22.0,37.0,0.3728813559
323,Pundak & Moti,DJ & Security Company CEO,,2,2,0,All-Male,1,ISR2,,6.0,,7,1,0.1428571429,1,0.1428571429,3.285714286,1.799470822,3.553191489,0.5916666667,0.378502165,231.3060642,,32,2599,10,5.0,5.0,0.5,47,31.0,16.0,0.6595744681
324,Alon & Hen,Newlyweds,,2,1,1,Co-Ed,1,ISR2,,7.0,,5,1,0.2,1,0.2,4.4,2.302172887,4.675675676,0.5292857143,0.3729741196,98.61557755,,32,2587,10,4.0,6.0,0.4,37,20.0,17.0,0.5405405405
325,Firass & Shira,Muslim & Jewish Girlfriend,,2,1,1,Co-Ed,1,ISR2,,8.0,,3,0,0.0,1,0.3333333333,7.333333333,0.5773502692,7.46,0.2166666667,0.2020725942,-469.6649714,,32,2573,10,3.0,7.0,0.3,25,6.0,19.0,0.24
326,Nitzan & Fifi,Bakers,,2,1,1,Co-Ed,1,ISR2,,9.0,,2,0,0.0,1,0.5,9.0,0.0,9.0,0.1,0.1414213562,-490.5866864,,32,2565,10,2.0,8.0,0.2,18,2.0,16.0,0.1111111111
327,Tal & Mor,Mother/Daughter,,2,0,2,All-Female,1,ISR2,,10.0,,1,0,0.0,0,0.0,10.0,,9.55,0.1,,-276.7545295,,32,2555,10,1.0,9.0,0.1,10,1.0,9.0,0.1
328,Gadi & Alona,Friends,,2,1,1,Co-Ed,1,ISR2,,11.0,,1,0,0.0,1,1.0,11.0,,11.0,0.0,,-345.9431619,,32,2556,10,0.0,10.0,0.0,10,0.0,10.0,0.0
329,Rachel & Dave,Army Wife & Combat Pilot,,2,1,1,Co-Ed,1,USA20,,1.0,,12,8,0.6666666667,0,0.0,1.833333333,1.585922922,1.714285714,0.8836309524,0.2071902002,1733.169867,,33,2705,10,10.0,0.0,1.0,70,60.0,10.0,0.8571428571
330,Art & JJ,The Amazing Race,,2,2,0,All-Male,2,"USA20, USA31",,6.5,6.363961031,13,3,0.2307692308,1,0.07692307692,2.923076923,2.596842264,3.421875,0.6645299145,0.3042356886,558.8204296,,76,6005,20,9.0,11.0,0.45,80,55.0,25.0,0.6875
331,Brendon & Rachel,Newlyweds,,2,1,1,Co-Ed,2,"USA20, USA24",,3.0,0.0,24,3,0.125,3,0.125,3.583333333,2.062431378,3.638297872,0.5051587302,0.3400955006,463.1397629,,50,4080,20,16.0,4.0,0.8,141,79.0,62.0,0.5602836879
332,Vanessa & Ralph,Dating Divorcees,,2,1,1,Co-Ed,1,USA20,,4.0,,11,0,0.0,1,0.09090909091,4.909090909,1.578261414,5.110294118,0.3327922078,0.2292359905,-429.6487019,,33,2704,10,7.0,3.0,0.7,68,25.0,43.0,0.3676470588
333,Bopper & Mark,Best Friends,,2,2,0,All-Male,1,USA20,,5.0,,10,1,0.1,3,0.3,4.6,2.547329757,4.876923077,0.435515873,0.3807740089,-56.20812316,,33,2700,10,6.0,4.0,0.6,65,29.0,36.0,0.4461538462
334,Nary & Jamie,Federal Agents,,2,0,2,All-Female,1,USA20,,6.0,,8,0,0.0,2,0.25,5.5,0.9258200998,5.736842105,0.3186507937,0.2508320387,-585.3305302,,33,2690,10,5.0,5.0,0.5,57,21.0,36.0,0.3684210526
335,"Joey ""Fitness"" & Danny",Trainer & Club Promoter,,2,2,0,All-Male,1,USA20,,7.0,,6,0,0.0,1,0.1666666667,5.5,3.271085447,5.595744681,0.4406084656,0.3746907406,-67.35019632,,33,2678,10,4.0,6.0,0.4,47,20.0,27.0,0.4255319149
336,Kerri & Stacy,Cousins,,2,0,2,All-Female,1,USA20,,8.0,,5,0,0.0,1,0.2,6.8,1.095445115,7.012195122,0.2696825397,0.2167410768,-582.3186338,,33,2671,10,3.0,7.0,0.3,41,12.0,29.0,0.2926829268
337,Elliot & Andrew,Twins,,2,2,0,All-Male,1,USA20,,9.0,,3,0,0.0,1,0.3333333333,8.0,1.732050808,8.0,0.2037037037,0.2625453126,-529.3841775,,33,2655,10,2.0,8.0,0.2,27,6.0,21.0,0.2222222222
338,Dave & Cherie,Married Clowns,,2,1,1,Co-Ed,1,USA20,,10.0,,2,0,0.0,1,0.5,9.0,1.414213562,9.0,0.15,0.2121320344,-448.5736564,,33,2646,10,1.0,9.0,0.1,19,3.0,16.0,0.1578947368
339,Misa & Maiya,Sisters,,2,0,2,All-Female,1,USA20,,11.0,,1,0,0.0,1,1.0,11.0,,11.0,0.0,,-345.9431619,,33,2636,10,0.0,10.0,0.0,10,0.0,10.0,0.0
340,Morten & Truls,Brothers,,2,2,0,All-Male,1,NOR1,,1.0,,13,6,0.4615384615,0,0.0,2.153846154,1.573009528,2.013513514,0.7934981685,0.2857343807,1392.805157,,34,2792,10,10.0,0.0,1.0,74,59.0,15.0,0.7972972973
341,Karim & Khabat,Mates,,2,2,0,All-Male,1,NOR1,,2.0,,13,6,0.4615384615,0,0.0,2.461538462,2.22168797,2.412162162,0.7456349206,0.2915527258,1244.999657,,34,2793,10,9.0,1.0,0.9,74,55.0,19.0,0.7432432432
342,Cathrine & Michelle,Best Friends,,2,0,2,All-Female,1,NOR1,,3.0,,13,1,0.07692307692,1,0.07692307692,3.692307692,1.887883091,3.837837838,0.4740537241,0.3121174714,157.086322,,34,2794,10,8.0,2.0,0.8,74,39.0,35.0,0.527027027
343,Frank & Ivar,Twins,,2,2,0,All-Male,1,NOR1,,4.0,,12,0,0.0,1,0.08333333333,3.916666667,1.831955405,4.159722222,0.4922619048,0.2712160727,169.5728943,,34,2791,10,7.0,3.0,0.7,72,37.0,35.0,0.5138888889
344,Kari & Bjørn,Married,,2,1,1,Co-Ed,1,NOR1,,5.0,,11,0,0.0,3,0.2727272727,5.0,1.673320053,5.463768116,0.3284271284,0.2739155116,-493.2778049,,34,2787,10,6.0,4.0,0.6,69,25.0,44.0,0.3623188406
345,Tor Einar & Cathrine,Father/Daughter,,2,1,1,Co-Ed,1,NOR1,,6.0,,8,0,0.0,2,0.25,5.625,1.302470181,5.868421053,0.3258928571,0.234750098,-496.3898489,,34,2772,10,5.0,5.0,0.5,57,20.0,37.0,0.350877193
346,Julie & Vichy,Dating,,2,0,2,All-Female,1,NOR1,,7.0,,6,0,0.0,1,0.1666666667,5.0,2.366431913,5.085106383,0.4433201058,0.3631887222,-198.864051,,34,2760,10,4.0,6.0,0.4,47,23.0,24.0,0.4893617021
347,Bjarne & Vilde,Friends,,2,1,1,Co-Ed,1,NOR1,,8.0,,5,0,0.0,2,0.4,6.2,2.049390153,6.390243902,0.3238888889,0.3367624543,-483.2820948,,34,2753,10,3.0,7.0,0.3,41,15.0,26.0,0.3658536585
348,Martha & Elise,Sisters,,2,0,2,All-Female,1,NOR1,,9.0,,3,0,0.0,1,0.3333333333,9.0,1.0,9.0,0.1074074074,0.1112961422,-679.2986217,,34,2737,10,2.0,8.0,0.2,27,3.0,24.0,0.1111111111
349,Pål Christian & Ivar,Third Cousins,,2,2,0,All-Male,1,NOR1,,10.0,,2,0,0.0,1,0.5,7.5,3.535533906,7.5,0.3,0.4242640687,-267.408447,,34,2728,10,1.0,9.0,0.1,19,6.0,13.0,0.3157894737
350,Kenneth & Hakan,Co-Workers,,2,2,0,All-Male,1,NOR1,,11.0,,1,0,0.0,1,1.0,11.0,,11.0,0.0,,-345.9431619,,34,2718,10,0.0,10.0,0.0,10,0.0,10.0,0.0
351,Baggio & Thành Phúc,Friends,,2,2,0,All-Male,1,VIE1,,1.0,,13,5,0.3846153846,0,0.0,2.769230769,1.87766904,2.533333333,0.6935897436,0.3104146152,865.5857611,,35,2880,9,9.0,0.0,1.0,75,52.0,23.0,0.6933333333
352,Minh Hoàng & Phương Thảo,Dating,,2,1,1,Co-Ed,1,VIE1,,2.0,,13,2,0.1538461538,1,0.07692307692,4.307692308,2.250356097,4.185185185,0.4491758242,0.3010227966,1.250520765,,35,2881,9,8.0,1.0,0.8888888889,75,32.0,43.0,0.4266666667
353,Thành Chung & Thanh Bằng,Brothers,,2,2,0,All-Male,1,VIE1,,3.0,,13,1,0.07692307692,2,0.1538461538,3.846153846,2.303842943,4.014814815,0.4851648352,0.3351837316,133.2569481,,35,2882,9,7.0,2.0,0.7777777778,75,38.0,37.0,0.5066666667
354,Chí Bình & Hồng Long,Best Friends,,2,2,0,All-Male,1,VIE1,,4.0,,12,1,0.08333333333,1,0.08333333333,3.0,1.206045378,3.191780822,0.6266865079,0.2887845659,519.9630228,,35,2879,9,6.0,3.0,0.6666666667,73,49.0,24.0,0.6712328767
355,Tuấn Anh & Xuân Sơn,Cousins,,2,2,0,All-Male,1,VIE1,,5.0,,10,2,0.2,2,0.2,4.7,2.790858092,4.988391376,0.4320634921,0.3937581992,-206.6263294,,35,2871,9,5.0,4.0,0.5555555556,67,30.0,37.0,0.447761194
356,Minh Châu & Trần Châu,Best Friends,,2,2,0,All-Male,1,VIE1,,6.0,,8,1,0.125,1,0.125,4.25,1.669045921,4.427495292,0.5297619048,0.2897097182,91.4653955,,35,2861,9,4.0,5.0,0.4444444444,59,33.0,26.0,0.5593220339
357,Gia Bình & Bảo Châu,Co-Workers,,2,0,2,All-Female,1,VIE1,,7.0,,7,0,0.0,2,0.2857142857,7.0,2.581988897,7.481481481,0.2412131519,0.2909388237,-720.6908179,,35,2855,9,3.0,6.0,0.3333333333,54,12.0,42.0,0.2222222222
358,Thanh Tuấn & Mỹ Trâm,Married,,2,1,1,Co-Ed,1,VIE1,,8.0,,5,0,0.0,1,0.2,4.0,2.34520788,4.174603175,0.6138888889,0.3557833472,221.1067586,,35,2841,9,2.0,7.0,0.2222222222,42,27.0,15.0,0.6428571429
359,Richie & Mimi,Actor/Office Worker,,2,1,1,Co-Ed,2,"VIE1, VIE5",,8.5,0.7071067812,9,0,0.0,4,0.4444444444,7.444444444,2.351122663,7.995614035,0.225308642,0.2941181514,-1080.652765,,65,5203,18,3.0,15.0,0.1666666667,76,18.0,58.0,0.2368421053
360,Thanh Thủy & Minh Thoa,Best Friends,,2,0,2,All-Female,1,VIE1,,10.0,,3,1,0.3333333333,1,0.3333333333,5.333333333,4.509249753,5.814814815,0.5185185185,0.5010277503,-46.12264383,,35,2824,9,0.0,9.0,0.0,27,14.0,13.0,0.5185185185
361,Shane & Andrew,Cops,,2,2,0,All-Male,1,AUS2,,1.0,,12,2,0.1666666667,0,0.0,4.083333333,2.391588796,3.402597403,0.5826719577,0.2660754615,579.7259514,,36,2969,10,10.0,0.0,1.0,77,40.0,37.0,0.5194805195
362,Paul & Steve,Workmates,,2,2,0,All-Male,1,AUS2,,2.0,,12,5,0.4166666667,0,0.0,3.333333333,2.902454552,3.0,0.6622685185,0.3307039781,882.7035288,,36,2970,10,9.0,1.0,0.9,77,49.0,28.0,0.6363636364
363,Michelle & Jo,Cheerleader Twins,,2,0,2,All-Female,1,AUS2,,3.0,,12,1,0.08333333333,1,0.08333333333,2.916666667,1.505042031,2.792207792,0.6680886243,0.2743141855,787.0141332,,36,2971,10,8.0,2.0,0.8,77,54.0,23.0,0.7012987013
364,Joseph & Grace,Brother & Sister,,2,1,1,Co-Ed,1,AUS2,,4.0,,11,0,0.0,2,0.1818181818,4.909090909,1.972538743,4.726666667,0.4077922078,0.2777380512,-284.9441504,,36,2968,10,7.0,3.0,0.7,75,32.0,43.0,0.4266666667
365,Lucy & Emilia,Sisters,,2,0,2,All-Female,1,AUS2,,5.0,,10,0,0.0,2,0.2,6.9,2.378141198,6.736111111,0.1917063492,0.1483186436,-1032.999576,,36,2964,10,6.0,4.0,0.6,72,13.0,59.0,0.1805555556
366,James & Sarah,Dating,,2,1,1,Co-Ed,1,AUS2,,6.0,,9,1,0.1111111111,1,0.1111111111,5.444444444,2.603416559,5.411764706,0.3897707231,0.3359516508,-424.9816835,,36,2959,10,5.0,5.0,0.5,68,28.0,40.0,0.4117647059
367,Sticky & Sam,Flatmates,,2,2,0,All-Male,1,AUS2,,7.0,,8,2,0.25,1,0.125,3.625,2.263846285,3.666666667,0.615922619,0.3694111319,247.8220133,,36,2953,10,4.0,6.0,0.4,63,42.0,21.0,0.6666666667
368,Ross & Tarryn,Father & Daughter,,2,1,1,Co-Ed,1,AUS2,,8.0,,6,1,0.1666666667,2,0.3333333333,5.0,3.098386677,5.0,0.4731481481,0.4470812982,-221.163641,,36,2939,10,3.0,7.0,0.3,51,27.0,24.0,0.5294117647
369,Kym & Donna,Engaged,,2,0,2,All-Female,1,AUS2,,9.0,,4,0,0.0,1,0.25,5.0,2.943920289,4.891891892,0.5416666667,0.3833333333,32.14069661,,36,2923,10,2.0,8.0,0.2,37,21.0,16.0,0.5675675676
370,Sue & Teresa,Hairdressers,,2,0,2,All-Female,1,AUS2,,10.0,,3,0,0.0,1,0.3333333333,5.666666667,3.785938897,5.586206897,0.5,0.4358898944,-38.9804917,,36,2914,10,1.0,9.0,0.1,29,15.0,14.0,0.5172413793
371,Adam & Dane,Cousins,,2,2,0,All-Male,1,AUS2,,11.0,,2,0,0.0,1,0.5,10.0,1.414213562,10.0,0.1,0.1414213562,-526.3367805,,36,2904,10,0.0,10.0,0.0,20,2.0,18.0,0.1
372,Liu Weiwei & Lei Sheng,Trainers,,2,2,0,All-Male,1,CHR3,,1.0,,12,6,0.5,0,0.0,2.5,1.678744119,2.25,0.7456349206,0.2812087636,1087.019379,,37,3053,10,10.0,0.0,1.0,72,54.0,18.0,0.75
373,Christine & Steven,Models,,2,1,1,Co-Ed,1,CHR3,,2.0,,12,0,0.0,0,0.0,4.0,2.0,3.75,0.5003306878,0.2616270464,208.7318074,,37,3054,10,9.0,1.0,0.9,72,36.0,36.0,0.5
374,Ryan & Charlie,Harvard Graduates,,2,2,0,All-Male,1,CHR3,,3.0,,12,3,0.25,1,0.08333333333,2.916666667,1.443375673,2.916666667,0.6343915344,0.3102644658,666.9464195,,37,3055,10,8.0,2.0,0.8,72,49.0,23.0,0.6805555556
375,Zhang Yelin & Li Yang,Dating Couple,,2,1,1,Co-Ed,1,CHR3,,4.0,,11,1,0.09090909091,2,0.1818181818,4.545454545,2.423371056,4.621428571,0.4516233766,0.3160629192,22.3920809,,37,3052,10,7.0,3.0,0.7,70,31.0,39.0,0.4428571429
376,Janelle & Karin,Socialites,,2,0,2,All-Female,1,CHR3,,5.0,,10,1,0.1,2,0.2,4.9,2.233582076,5.074626866,0.3787301587,0.3419260333,-379.2765673,,37,3048,10,6.0,4.0,0.6,67,28.0,39.0,0.4179104478
377,Khai Shing & Khai Sheng,Twins,,2,1,1,Co-Ed,1,CHR3,,6.0,,8,1,0.125,1,0.125,3.625,2.326094213,3.669491525,0.6375496032,0.3349268772,520.9250591,,37,3038,10,5.0,5.0,0.5,59,38.0,21.0,0.6440677966
378,Henry & Jennifer,Newlyweds,,2,1,1,Co-Ed,1,CHR3,,7.0,,7,0,0.0,2,0.2857142857,7.428571429,1.511857892,7.666666667,0.1613945578,0.1625219578,-996.2122818,,37,3032,10,4.0,6.0,0.4,54,9.0,45.0,0.1666666667
379,Xiao Bing & Xiao Bang,Cousins/BBQ Performers,,2,2,0,All-Male,1,CHR3,,8.0,,6,0,0.0,1,0.1666666667,4.666666667,2.338090389,4.895833333,0.5046957672,0.3575976308,-83.69096106,,37,3025,10,3.0,7.0,0.3,48,26.0,22.0,0.5416666667
380,Yu Ping & Yu Chenjing,Farmer/Daughter,,2,1,1,Co-Ed,1,CHR3,,9.0,,3,0,0.0,1,0.3333333333,6.333333333,3.785938897,6.333333333,0.3740740741,0.4688221824,-252.318117,,37,3001,10,2.0,8.0,0.2,27,11.0,16.0,0.4074074074
381,Nick & Brandon,Neighbors,,2,2,0,All-Male,1,CHR3,,10.0,,2,0,0.0,1,0.5,9.0,1.414213562,9.0,0.15,0.2121320344,-448.5736564,,37,2992,10,1.0,9.0,0.1,19,3.0,16.0,0.1578947368
382,Jia Jia & Rob,Friends/Animal Lovers,,2,1,1,Co-Ed,1,CHR3,,11.0,,1,0,0.0,1,1.0,11.0,,11.0,0.0,,-345.9431619,,37,2982,10,0.0,10.0,0.0,10,0.0,10.0,0.0
383,Josh & Brent,Goat Farmers,,2,2,0,All-Male,1,USA21,,1.0,,12,1,0.08333333333,1,0.08333333333,4.583333333,1.729862492,4.161764706,0.3758597884,0.2597946079,-310.7100169,,38,3133,10,10.0,0.0,1.0,68,25.0,43.0,0.3676470588
384,Jaymes & James,Chippendales,,2,2,0,All-Male,1,USA21,,2.0,,12,2,0.1666666667,0,0.0,3.583333333,2.678477632,3.507352941,0.5941798942,0.3101769727,623.1299848,,38,3134,10,9.0,1.0,0.9,68,37.0,31.0,0.5441176471
385,Trey & Lexi,Dating,,2,1,1,Co-Ed,1,USA21,,3.0,,12,3,0.25,1,0.08333333333,3.166666667,2.552479484,3.294117647,0.617228836,0.3680482854,649.9431448,,38,3135,10,8.0,2.0,0.8,68,42.0,26.0,0.6176470588
386,Natalie & Nadiya,Twins,,2,0,2,All-Female,2,"USA21, USA24",,7.5,4.949747468,12,2,0.1666666667,3,0.25,3.916666667,2.609713789,4.799342105,0.5129960317,0.3564081398,-59.35941907,,50,4008,20,7.0,13.0,0.35,76,41.0,35.0,0.5394736842
387,Abbie & Ryan,Dating Divorcees,,2,1,1,Co-Ed,1,USA21,,5.0,,9,2,0.2222222222,1,0.1111111111,2.777777778,1.481365736,2.866666667,0.6656084656,0.3355435042,539.3531225,,38,3124,10,6.0,4.0,0.6,60,44.0,16.0,0.7333333333
388,James & Abba,Rock Star/Lawyer,,2,2,0,All-Male,1,USA21,,6.0,,8,2,0.25,2,0.25,4.125,2.232071427,4.348214286,0.5295138889,0.3853608032,111.7188078,,38,3119,10,5.0,5.0,0.5,56,31.0,25.0,0.5535714286
389,Rob & Kelley,Married Monster Truckers,,2,1,1,Co-Ed,1,USA21,,7.0,,6,0,0.0,1,0.1666666667,6.0,1.549193338,6.217391304,0.3334656085,0.2183393291,-443.3921105,,38,3107,10,4.0,6.0,0.4,46,16.0,30.0,0.347826087
390,Gary & Will,Substitute Teachers,,2,2,0,All-Male,1,USA21,,8.0,,4,0,0.0,1,0.25,8.25,0.5,8.25,0.1340277778,0.1239850773,-786.5709914,,38,3093,10,3.0,7.0,0.3,34,5.0,29.0,0.1470588235
391,Caitlin & Brittany,Best Friends,,2,0,2,All-Female,1,USA21,,9.0,,3,0,0.0,1,0.3333333333,6.333333333,3.055050463,6.333333333,0.3777777778,0.4018475849,-245.4657842,,38,3085,10,2.0,8.0,0.2,27,11.0,16.0,0.4074074074
392,Amy & Daniel,Dating On and Off,,2,1,1,Co-Ed,1,USA21,,10.0,,2,0,0.0,1,0.5,6.0,5.656854249,6.0,0.45,0.6363961031,-86.19845455,,38,3076,10,1.0,9.0,0.1,19,9.0,10.0,0.4736842105
393,Rob & Sheila,Lumberjack/Marketing Exec,,2,1,1,Co-Ed,1,USA21,,11.0,,1,0,0.0,1,1.0,11.0,,11.0,0.0,,-345.9431619,,38,3066,10,0.0,10.0,0.0,10,0.0,10.0,0.0
394,Daniel & César,Friends,,2,2,0,All-Male,1,LAM4,,1.0,,13,2,0.1538461538,2,0.1538461538,4.461538462,2.536907061,4.0,0.454029304,0.3448497879,213.5648804,,39,3221,10,10.0,0.0,1.0,75,30.0,45.0,0.4
395,Fer & Ferds,Boyfriends,,2,2,0,All-Male,1,LAM4,,2.0,,13,1,0.07692307692,0,0.0,2.769230769,1.012739367,2.686666667,0.686996337,0.1555918387,963.9594297,,39,3222,10,9.0,1.0,0.9,75,52.0,23.0,0.6933333333
396,Edu & Rick,Brothers,,2,2,0,All-Male,1,LAM4,,3.0,,13,3,0.2307692308,1,0.07692307692,2.846153846,1.573009528,2.92,0.6281135531,0.3146610983,731.3700074,,39,3223,10,8.0,2.0,0.8,75,51.0,24.0,0.68
397,Renan & Fran,Friends,,2,1,1,Co-Ed,1,LAM4,,4.0,,11,0,0.0,1,0.09090909091,4.363636364,1.80403588,4.387323944,0.4374458874,0.2625680797,-59.04144699,,39,3217,10,7.0,3.0,0.7,71,34.0,37.0,0.4788732394
398,Ana Paula & Renata,Friends,,2,0,2,All-Female,1,LAM4,,5.0,,10,6,0.6,2,0.2,2.4,1.837873167,2.441176471,0.7196428571,0.4134270316,842.9676714,,39,3213,10,6.0,4.0,0.6,68,54.0,14.0,0.7941176471
399,Fernanda & Cainã,Dating,,2,1,1,Co-Ed,1,LAM4,,6.0,,8,1,0.125,1,0.125,4.0,1.8516402,4.0,0.55,0.3535814493,165.7749294,,39,3203,10,5.0,5.0,0.5,60,36.0,24.0,0.6
400,Fuzetti & Nando,Father/Son,,2,2,0,All-Male,1,LAM4,,7.0,,7,0,0.0,2,0.2857142857,6.142857143,2.035400978,6.236363636,0.2989795918,0.3181159613,-617.0265618,,39,3197,10,4.0,6.0,0.4,55,19.0,36.0,0.3454545455
401,Gabriela & Harã,Engaged,,2,1,1,Co-Ed,1,LAM4,,8.0,,5,0,0.0,1,0.2,8.6,0.894427191,8.511627907,0.11,0.07202430145,-965.9960917,,39,3183,10,3.0,7.0,0.3,43,5.0,38.0,0.1162790698
402,Ciça & Zezão,Mother/Son,,2,1,1,Co-Ed,1,LAM4,,9.0,,4,0,0.0,1,0.25,6.75,2.872281323,6.75,0.3625,0.330088372,-291.9658276,,39,3175,10,2.0,8.0,0.2,36,13.0,23.0,0.3611111111
403,Billy & Gean,Brothers,,2,2,0,All-Male,1,LAM4,,10.0,,2,0,0.0,1,0.5,10.5,0.7071067812,10.025,0.05,0.07071067812,-577.5462657,,39,3156,10,1.0,9.0,0.1,20,1.0,19.0,0.05
404,Ci & Lu,Twins/Triathletes,,2,0,2,All-Female,1,LAM4,,11.0,,2,0,0.0,1,0.5,9.0,2.828427125,9.0,0.2,0.2828427125,-406.0607246,,39,3157,10,0.0,10.0,0.0,20,4.0,16.0,0.2
405,Anthony & Sonja,Cyber-Friends,,2,1,1,Co-Ed,1,FRA1,,1.0,,10,2,0.2,2,0.2,2.9,1.91195072,2.979166667,0.6053571429,0.3706023107,437.4479312,,40,3279,8,8.0,0.0,1.0,48,29.0,19.0,0.6041666667
406,Hadj & Yacim,Childhood Friends,,2,2,0,All-Male,1,FRA1,,2.0,,10,2,0.2,1,0.1,3.4,1.837873167,3.8125,0.5030952381,0.3525025709,143.8279331,,40,3280,8,7.0,1.0,0.875,48,24.0,24.0,0.5
407,Stéphanie & Alice,Surfers,,2,0,2,All-Female,1,FRA1,,3.0,,10,1,0.1,1,0.1,3.3,1.251665557,3.994791667,0.4807142857,0.3040261663,16.29445429,,40,3281,8,6.0,2.0,0.75,48,25.0,23.0,0.5208333333
408,Heïdi & Michel,Bikers,,2,1,1,Co-Ed,1,FRA1,,4.0,,9,2,0.2222222222,1,0.1111111111,2.888888889,1.615893286,3.54076087,0.5798941799,0.34077599,293.6063216,,40,3278,8,5.0,3.0,0.625,46,29.0,17.0,0.6304347826
409,Francis & Benjamin,Father and Son,,2,2,0,All-Male,1,FRA1,,5.0,,7,1,0.1428571429,1,0.1428571429,3.714285714,2.138089935,4.5625,0.5411564626,0.3616245633,174.4784388,,40,3270,8,4.0,4.0,0.5,40,21.0,19.0,0.525
410,Oucéni & Lassana,Twins,,2,2,0,All-Male,1,FRA1,,6.0,,5,2,0.4,1,0.2,4.0,3.082207001,4.80859375,0.525,0.471036092,69.52424937,,40,3260,8,3.0,5.0,0.375,32,17.0,15.0,0.53125
411,Mathilde & Séverine,Parisians,,2,0,2,All-Female,1,FRA1,,7.0,,4,0,0.0,1,0.25,5.75,1.5,7.157407407,0.275297619,0.2701784337,-453.0001772,,40,3254,8,2.0,6.0,0.25,27,8.0,19.0,0.2962962963
412,Fabien & Aurélien,Police Officers,,2,2,0,All-Male,1,FRA1,,8.0,,2,0,0.0,1,0.5,7.0,1.414213562,8.5,0.1875,0.2651650429,-365.1866509,,40,3240,8,1.0,7.0,0.125,15,3.0,12.0,0.2
413,Antoine & Héléna,Belgian Couple,,2,1,1,Co-Ed,1,FRA1,,9.0,,1,0,0.0,1,1.0,9.0,,11.0,0.0,,-316.9925001,,40,3232,8,0.0,8.0,0.0,8,0.0,8.0,0.0
414,LJ & CJ,Celebrity Best Friends,,2,0,2,All-Female,1,PHI1,,1.0,,13,1,0.07692307692,0,0.0,3.615384615,1.850155919,3.179487179,0.5784493284,0.2453076681,549.8815055,,41,3370,10,10.0,0.0,1.0,78,44.0,34.0,0.5641025641
415,Fausto & Dayal,Brothers-in-Law,,2,2,0,All-Male,1,PHI1,,2.0,,13,3,0.2307692308,0,0.0,3.769230769,3.031881873,3.538461538,0.5906288156,0.3356516422,811.1791892,,41,3371,10,9.0,1.0,0.9,78,42.0,36.0,0.5384615385
416,Marc & Kat,Gym Buddies,,2,1,1,Co-Ed,1,PHI1,,3.0,,13,7,0.5384615385,1,0.07692307692,1.846153846,1.068188018,1.846153846,0.8014652015,0.2987020588,1383.188667,,41,3372,10,8.0,2.0,0.8,78,67.0,11.0,0.858974359
417,Sheena & Gee,Reunited Friends,,2,0,2,All-Female,1,PHI1,,4.0,,12,0,0.0,2,0.1666666667,5.0,1.044465936,5.105263158,0.3125330688,0.2138923664,-598.0233735,,41,3369,10,7.0,3.0,0.7,76,28.0,48.0,0.3684210526
418,Saida & Jervi,Amigas,,2,0,2,All-Female,1,PHI1,,5.0,,10,0,0.0,1,0.1,4.3,1.251665557,4.3,0.4758730159,0.2768314568,-73.32720043,,41,3361,10,6.0,4.0,0.6,70,37.0,33.0,0.5285714286
419,Boom & Cheng,Buddies,,2,2,0,All-Male,1,PHI1,,6.0,,9,2,0.2222222222,1,0.1111111111,2.888888889,1.691481928,2.931818182,0.7172839506,0.3066073368,825.2755418,,41,3356,10,5.0,5.0,0.5,66,49.0,17.0,0.7424242424
420,Ed & Angel,Father & Daughter,,2,1,1,Co-Ed,1,PHI1,,7.0,,8,0,0.0,2,0.25,6.375,1.846811925,6.639344262,0.2748511905,0.2774465905,-742.230368,,41,3350,10,4.0,6.0,0.4,61,18.0,43.0,0.2950819672
421,Dani & Mish,Bombshells,,2,0,2,All-Female,1,PHI1,,8.0,,6,0,0.0,2,0.3333333333,6.166666667,1.940790217,6.37755102,0.3347222222,0.3064318243,-517.5435793,,41,3336,10,3.0,7.0,0.3,49,18.0,31.0,0.3673469388
422,Pamela & Vanessa,Alabang Housewives,,2,0,2,All-Female,1,PHI1,,9.0,,4,0,0.0,2,0.5,9.25,0.5,9.485714286,0.05277777778,0.06111111111,-964.6686809,,41,3320,10,2.0,8.0,0.2,35,2.0,33.0,0.05714285714
423,Anton & Armand,Football Brothers,,2,2,0,All-Male,1,PHI1,,10.0,,2,0,0.0,1,0.5,8.0,2.828427125,8.0,0.25,0.3535533906,-327.7885396,,41,3302,10,1.0,9.0,0.1,19,5.0,14.0,0.2631578947
424,Crystel & Mykey,Dating Couple,,2,1,1,Co-Ed,1,PHI1,,11.0,,1,0,0.0,1,1.0,11.0,,11.0,0.0,,-345.9431619,,41,3292,10,0.0,10.0,0.0,10,0.0,10.0,0.0
425,Bates & Anthony,Hockey Brothers,,2,2,0,All-Male,1,USA22,,1.0,,12,5,0.4166666667,0,0.0,2.416666667,1.831955405,2.180555556,0.7615079365,0.2815933574,995.7087945,,42,3454,10,10.0,0.0,1.0,72,55.0,17.0,0.7638888889
426,Max & Katie,Newlyweds,,2,1,1,Co-Ed,1,USA22,,2.0,,12,3,0.25,1,0.08333333333,4.25,3.107907803,3.979166667,0.5350859788,0.3818823372,339.6398144,,42,3455,10,9.0,1.0,0.9,72,33.0,39.0,0.4583333333
427,Mona & Beth,Roller Derby Moms,,2,0,2,All-Female,1,USA22,,3.0,,12,0,0.0,2,0.1666666667,4.333333333,1.723280874,4.333333333,0.397255291,0.2880896458,-340.9327489,,42,3456,10,8.0,2.0,0.8,72,32.0,40.0,0.4444444444
428,Caroline & Jennifer,Friends/Country Singers,,2,0,2,All-Female,2,"USA22, USA24",,3.0,1.414213562,23,0,0.0,3,0.1304347826,4.608695652,2.271145695,4.531914894,0.4084023464,0.2631573868,43.79440531,,50,4079,20,16.0,4.0,0.8,141,58.0,83.0,0.4113475177
429,Joey & Meghan,Best Friends/YouTube Hosts,,2,1,1,Co-Ed,2,"USA22, USA24",,7.0,2.828427125,13,0,0.0,2,0.1538461538,5.615384615,2.022311447,6.106382979,0.3574481074,0.2382286968,-786.1856649,,50,4027,20,8.0,12.0,0.4,94,34.0,60.0,0.3617021277
430,Chuck & Wynona,Married,,2,1,1,Co-Ed,1,USA22,,6.0,,8,0,0.0,2,0.25,6.125,2.031009601,6.211864407,0.2987599206,0.2632379862,-660.4270551,,42,3439,10,5.0,5.0,0.5,59,18.0,41.0,0.3050847458
431,Pam & Winnie,Best Friends,,2,0,2,All-Female,1,USA22,,7.0,,7,1,0.1428571429,1,0.1428571429,4.142857143,2.911389784,4.259259259,0.5920634921,0.3871403434,284.5703932,,42,3433,10,4.0,6.0,0.4,54,32.0,22.0,0.5925925926
432,Dave & Connor,Father/Son,,2,2,0,All-Male,2,"USA22, USA24",,4.5,4.949747468,17,8,0.4705882353,1,0.05882352941,2.470588235,1.907801322,2.493362832,0.7929038282,0.2812767821,1746.950282,,50,4078,20,13.0,7.0,0.65,113,88.0,25.0,0.7787610619
433,Jessica & John,Engaged,,2,1,1,Co-Ed,2,"USA22, USA24",,8.0,1.414213562,11,1,0.09090909091,2,0.1818181818,5.363636364,2.83805311,5.636363636,0.4408008658,0.3459592367,-202.7498379,,50,4057,20,6.0,14.0,0.3,88,40.0,48.0,0.4545454545
434,Idries & Jamil,Twin Doctors,,2,2,0,All-Male,1,USA22,,10.0,,2,0,0.0,1,0.5,9.0,1.414213562,9.0,0.15,0.2121320344,-448.5736564,,42,3393,10,1.0,9.0,0.1,19,3.0,16.0,0.1578947368
435,Matt & Daniel,Firefighters,,2,2,0,All-Male,1,USA22,,11.0,,1,0,0.0,1,1.0,11.0,,11.0,0.0,,-345.9431619,,42,3383,10,0.0,10.0,0.0,10,0.0,10.0,0.0
436,Omar & Bilal,Brothers,,2,2,0,All-Male,1,NOR2,,1.0,,12,6,0.5,0,0.0,2.0,1.705605731,1.952380952,0.8445767196,0.2223435129,1556.586186,,43,3529,9,9.0,0.0,1.0,63,51.0,12.0,0.8095238095
437,Solfrid & Sveinung,Cohabitants,,2,1,1,Co-Ed,1,NOR2,,2.0,,12,2,0.1666666667,0,0.0,2.833333333,1.403458931,2.940035273,0.6632275132,0.2131669618,913.2029014,,43,3530,9,8.0,1.0,0.8888888889,63,41.0,22.0,0.6507936508
438,Cecilie & Camilla,Friends,,2,0,2,All-Female,1,NOR2,,3.0,,12,0,0.0,2,0.1666666667,3.916666667,1.311372171,4.395061728,0.3906746032,0.2538113073,-146.4636145,,43,3531,9,7.0,2.0,0.7777777778,63,28.0,35.0,0.4444444444
439,Julie & Robert,Colleagues,,2,1,1,Co-Ed,1,NOR2,,4.0,,11,2,0.1818181818,1,0.09090909091,2.727272727,1.272077756,3.076502732,0.6315656566,0.3069972874,591.6566398,,43,3528,9,6.0,3.0,0.6666666667,61,42.0,19.0,0.6885245902
440,Lill & Stian,Married,,2,1,1,Co-Ed,1,NOR2,,5.0,,9,1,0.1111111111,3,0.3333333333,5.222222222,1.986062548,5.98989899,0.2567460317,0.3167964288,-736.5981678,,43,3520,9,5.0,4.0,0.5555555556,55,17.0,38.0,0.3090909091
441,Eva & Wenche,Friends,,2,0,2,All-Female,1,NOR2,,6.0,,7,1,0.1428571429,1,0.1428571429,5.0,2.0,5.63356974,0.3537414966,0.3548680387,-454.5170445,,43,3510,9,4.0,5.0,0.4444444444,47,19.0,28.0,0.4042553191
442,Vinh & Terje,Mates,,2,2,0,All-Male,1,NOR2,,7.0,,6,0,0.0,2,0.3333333333,5.0,1.897366596,5.761904762,0.3792989418,0.3499505433,-356.5845162,,43,3504,9,3.0,6.0,0.3333333333,42,18.0,24.0,0.4285714286
443,Priscila & Lindsy,Best Friends,,2,0,2,All-Female,1,NOR2,,8.0,,3,0,0.0,1,0.3333333333,7.333333333,1.154700538,8.037037037,0.1990740741,0.1885686283,-495.936871,,43,3483,9,2.0,7.0,0.2222222222,24,5.0,19.0,0.2083333333
444,Milorad & Dario,Father/Son,,2,2,0,All-Male,1,NOR2,,9.0,,2,0,0.0,1,0.5,9.0,0.0,9.888888889,0.05555555556,0.07856742013,-539.1527042,,43,3475,9,1.0,8.0,0.1111111111,17,1.0,16.0,0.05882352941
445,Allan & Ørjan,Teammates,,2,2,0,All-Male,1,NOR2,,10.0,,1,0,0.0,1,1.0,10.0,,11.0,0.0,,-332.1928095,,43,3466,9,0.0,9.0,0.0,9,0.0,9.0,0.0
446,Valeria & Bohdana,Beauty Queens,,2,0,2,All-Female,1,UKR1,,1.0,,12,6,0.5,0,0.0,2.083333333,1.378954369,2.015625,0.8356812169,0.2145080922,1399.723451,,44,3605,9,9.0,0.0,1.0,64,51.0,13.0,0.796875
447,Oleksiy & Olena,Common-Law Married,,2,1,1,Co-Ed,1,UKR1,,2.0,,12,0,0.0,2,0.1666666667,4.25,2.527125568,4.385416667,0.3945767196,0.3081182861,-109.359562,,44,3606,9,8.0,1.0,0.8888888889,64,25.0,39.0,0.390625
448,Kostyantin & Yakiv,Father/Son,,2,2,0,All-Male,1,UKR1,,3.0,,12,2,0.1666666667,1,0.08333333333,3.083333333,1.975225342,3.387152778,0.5831018519,0.2971536746,497.247386,,44,3607,9,7.0,2.0,0.7777777778,64,39.0,25.0,0.609375
449,Oleksandr & Volodymyr,Physicians,,2,2,0,All-Male,1,UKR1,,4.0,,10,1,0.1,3,0.3,5.2,2.097617696,5.666666667,0.2777380952,0.2935596437,-669.2427007,,44,3601,9,6.0,3.0,0.6666666667,60,18.0,42.0,0.3
450,Ihor & Vasyl,Friends/Athletes,,2,2,0,All-Male,1,UKR1,,5.0,,9,2,0.2222222222,1,0.1111111111,3.111111111,1.763834207,3.407407407,0.6097883598,0.360378585,341.27657,,44,3597,9,5.0,4.0,0.5555555556,57,38.0,19.0,0.6666666667
451,Natalia & Tatiana,Friends,,2,0,2,All-Female,1,UKR1,,6.0,,7,0,0.0,1,0.1428571429,5.428571429,0.7867957925,5.920634921,0.3449546485,0.1900224305,-460.5745092,,44,3587,9,4.0,5.0,0.4444444444,49,18.0,31.0,0.3673469388
452,Andriy & Iryna,Dating,,2,1,1,Co-Ed,1,UKR1,,7.0,,6,1,0.1666666667,1,0.1666666667,4.333333333,2.422120283,4.787878788,0.5191798942,0.3791326965,2.277745786,,44,3581,9,3.0,6.0,0.3333333333,44,24.0,20.0,0.5454545455
453,Anna & Roman,Married Actors,,2,1,1,Co-Ed,1,UKR1,,8.0,,4,0,0.0,1,0.25,5.75,2.62995564,6.277777778,0.3854166667,0.3778824406,-294.0231283,,44,3567,9,2.0,7.0,0.2222222222,32,13.0,19.0,0.40625
454,Alla & Oleksandra,Mother/Daughter,,2,0,2,All-Female,1,UKR1,,9.0,,3,0,0.0,1,0.3333333333,6.666666667,3.214550254,7.422222222,0.3009259259,0.4176685486,-375.1324435,,44,3559,9,1.0,8.0,0.1111111111,25,8.0,17.0,0.32
455,Volodymyr & Iryna,Father/Daughter,,2,1,1,Co-Ed,1,UKR1,,10.0,,1,0,0.0,1,1.0,10.0,,11.0,0.0,,-332.1928095,,44,3541,9,0.0,9.0,0.0,9,0.0,9.0,0.0
456,Talia & Koby,Newlyweds,,2,1,1,Co-Ed,1,ISR3,,1.0,,13,4,0.3076923077,0,0.0,3.692307692,2.594372608,3.160493827,0.6372710623,0.3212751308,851.8511359,,45,3699,10,10.0,0.0,1.0,81,46.0,35.0,0.5679012346
457,Romi & Coral,Sisters,,2,0,2,All-Female,1,ISR3,,2.0,,13,2,0.1538461538,1,0.07692307692,3.153846154,1.519109051,2.901234568,0.6158730159,0.275379671,571.2546029,,45,3700,10,9.0,1.0,0.9,81,53.0,28.0,0.6543209877
458,Ma'ayan & Bat-El,Cousins,,2,0,2,All-Female,1,ISR3,,3.0,,13,2,0.1538461538,1,0.07692307692,4.307692308,2.529315302,4.185185185,0.481959707,0.3111474094,267.1635739,,45,3701,10,8.0,2.0,0.8,81,38.0,43.0,0.4691358025
459,David & Eliran,Dock Workers,,2,2,0,All-Male,1,ISR3,,4.0,,12,1,0.08333333333,1,0.08333333333,3.166666667,1.642245322,3.139240506,0.6468915344,0.2737304523,700.1473057,,45,3698,10,7.0,3.0,0.7,79,53.0,26.0,0.6708860759
460,Debbie & Dana,Mother/Daughter,,2,0,2,All-Female,1,ISR3,,5.0,,11,1,0.09090909091,2,0.1818181818,5.090909091,2.256304299,5.144736842,0.3739177489,0.3059298929,-448.6399669,,45,3694,10,6.0,4.0,0.6,76,31.0,45.0,0.4078947368
461,Eliran & Itzik,Childhood Friends,,2,2,0,All-Male,1,ISR3,,6.0,,10,1,0.1,2,0.2,5.3,2.263232693,5.479166667,0.3644444444,0.3506920456,-508.7865549,,45,3689,10,5.0,5.0,0.5,72,29.0,43.0,0.4027777778
462,Mor & Lior,Married,,2,1,1,Co-Ed,1,ISR3,,7.0,,8,1,0.125,1,0.125,3.875,2.474873734,3.967741935,0.5885416667,0.3755626283,170.420697,,45,3677,10,4.0,6.0,0.4,62,39.0,23.0,0.6290322581
463,Shimi & Yasmin,Dating,,2,1,1,Co-Ed,1,ISR3,,8.0,,6,0,0.0,1,0.1666666667,7.666666667,0.8164965809,7.8,0.1895502646,0.1271134428,-897.9519261,,45,3663,10,3.0,7.0,0.3,50,10.0,40.0,0.2
464,Ronit & Liran,Best Friends,,2,1,1,Co-Ed,1,ISR3,,9.0,,4,1,0.25,1,0.25,3.75,3.593976442,3.75,0.6694444444,0.4554539182,307.9906272,,45,3647,10,2.0,8.0,0.2,36,25.0,11.0,0.6944444444
465,Andrea & Ronnie,Grandparents,,2,1,1,Co-Ed,1,ISR3,,10.0,,3,0,0.0,2,0.6666666667,9.0,1.732050808,9.142857143,0.1333333333,0.2309401077,-667.506333,,45,3638,10,1.0,9.0,0.1,28,4.0,24.0,0.1428571429
466,Herut & Yoftut,Friends,,2,0,2,All-Female,1,ISR3,,11.0,,1,0,0.0,1,1.0,11.0,,11.0,0.0,,-345.9431619,,45,3618,10,0.0,10.0,0.0,10,0.0,10.0,0.0
467,Tim Sr. & Tim Jr.,Father/Son,,2,2,0,All-Male,1,CAN1,,1.0,,10,1,0.1,2,0.2,3.9,2.131770261,4.020833333,0.4544047619,0.3377355052,-56.65177662,,46,3757,8,8.0,0.0,1.0,48,19.0,29.0,0.3958333333
468,Jody & Cory,Brothers,,2,2,0,All-Male,1,CAN1,,2.0,,10,3,0.3,0,0.0,3.2,2.201009869,3.63671875,0.5989285714,0.3206007614,423.4599274,,46,3758,8,7.0,1.0,0.875,48,25.5,22.5,0.53125
469,Vanessa & Celina,Sisters,,2,0,2,All-Female,1,CAN1,,3.0,,10,0,0.0,2,0.2,3.8,0.9189365835,4.645833333,0.3695238095,0.2351452165,-376.5247943,,46,3759,8,6.0,2.0,0.75,48,20.0,28.0,0.4166666667
470,Jet & Dave,Best Friends,,2,2,0,All-Male,2,"CAN1, CAN7",,7.0,4.242640687,10,3,0.3,2,0.2,3.7,2.869378562,5.187165775,0.5267857143,0.4002161681,-80.73257594,,77,6091,17,5.0,12.0,0.2941176471,55,28.0,27.0,0.5090909091
471,Brett & Holly,Married Doctors,,2,1,1,Co-Ed,1,CAN1,,5.0,,7,1,0.1428571429,1,0.1428571429,3.285714286,1.97604704,4.09375,0.5285714286,0.400574158,43.35167904,,46,3748,8,4.0,4.0,0.5,40,23.5,16.5,0.5875
472,Hal & Joanne,Married Fitness Icons,,2,1,1,Co-Ed,1,CAN1,,6.0,,5,1,0.2,1,0.2,3.0,1.870828693,3.5390625,0.6547619048,0.3866757564,335.9369951,,46,3738,8,3.0,5.0,0.375,32,22.0,10.0,0.6875
473,Kristen & Darren,Dating,,2,1,1,Co-Ed,1,CAN1,,7.0,,4,1,0.25,1,0.25,3.5,2.645751311,4.240740741,0.6011904762,0.4378946228,168.3775382,,46,3732,8,2.0,6.0,0.25,27,17.0,10.0,0.6296296296
474,Jamie & Pierre,Best Friends,,2,2,0,All-Male,1,CAN1,,8.0,,2,0,0.0,1,0.5,8.0,0.0,9.75,0.0625,0.08838834765,-505.0154927,,46,3718,8,1.0,7.0,0.125,15,1.0,14.0,0.06666666667
475,Treena & Tennille,Twin Sisters,,2,0,2,All-Female,1,CAN1,,9.0,,1,0,0.0,1,1.0,9.0,,11.0,0.0,,-316.9925001,,46,3710,8,0.0,8.0,0.0,8,0.0,8.0,0.0
476,Diệp Lâm Anh & Thu Hiền,Singer/Model,,2,0,2,All-Female,1,VIE2,,1.0,,12,4,0.3333333333,0,0.0,2.5,1.78376517,2.525423729,0.7340277778,0.2647768818,1124.057389,,47,3828,8,8.0,0.0,1.0,59,41.0,18.0,0.6949152542
477,Linh Chi & Nhan Phúc Vinh,Actress/Office Worker,,2,1,1,Co-Ed,1,VIE2,,2.0,,12,5,0.4166666667,1,0.08333333333,2.166666667,1.267304465,2.334745763,0.7068452381,0.3460499951,939.9476581,,47,3829,8,7.0,1.0,0.875,59,45.0,14.0,0.7627118644
478,Đức Hưng & Thùy Dung,Office Worker/Tennis Player,,2,1,1,Co-Ed,1,VIE2,,3.0,,12,1,0.08333333333,1,0.08333333333,3.916666667,1.781640375,4.707627119,0.3787698413,0.2553699874,-163.7398428,,47,3830,8,6.0,2.0,0.75,59,24.0,35.0,0.406779661
479,Hari & Tiến Đạt,Student/Rapper,,2,1,1,Co-Ed,1,VIE2,,4.0,,11,2,0.1818181818,2,0.1818181818,2.545454545,1.12815215,3.050438596,0.6414502165,0.3406787685,601.4085047,,47,3827,8,5.0,3.0,0.625,57,40.0,17.0,0.701754386
480,Đoàn Mạnh & Linh Sơn,Real Estate Broker/Actor,,2,2,0,All-Male,1,VIE2,,5.0,,8,0,0.0,2,0.25,4.875,1.246423455,5.84375,0.3022321429,0.2781746386,-583.0369446,,47,3815,8,4.0,4.0,0.5,48,17.0,31.0,0.3541666667
481,Anh Tuấn & Thanh Hoa,Stylist/Model,,2,1,1,Co-Ed,2,"VIE2, VIE5",,5.5,0.7071067812,14,1,0.07142857143,2,0.1428571429,4.642857143,1.78054196,5.0625,0.45861678,0.2830327301,25.76126531,,65,5221,17,8.0,9.0,0.4705882353,96,45.0,51.0,0.46875
482,Pha Lê & Hà Việt Dũng,Singer/Actor,,2,1,1,Co-Ed,2,"VIE2, VIE5",,5.5,2.121320344,15,1,0.06666666667,4,0.2666666667,5.0,1.963961012,5.730139478,0.3217989418,0.3180032371,-609.0277683,,65,5229,17,8.0,9.0,0.4705882353,97,37.0,60.0,0.381443299
483,Kim Lee & Pharreal Phương,DJs,,2,1,1,Co-Ed,1,VIE2,,8.0,,3,0,0.0,1,0.3333333333,5.0,3.0,5.891304348,0.4583333333,0.438985573,-107.190312,,47,3785,8,1.0,7.0,0.125,23,11.0,12.0,0.4782608696
484,S.T & Lâm Hùng Phong,Singer/Stuntman,,2,2,0,All-Male,1,VIE2,,9.0,,2,0,0.0,2,1.0,9.0,0.0,11.0,0.0,0.0,-595.1562942,,47,3777,8,0.0,8.0,0.0,16,0.0,16.0,0.0
485,Ezequiel & Tobías,Friends,,2,2,0,All-Male,1,LAM5,,1.0,,13,4,0.3076923077,1,0.07692307692,3.538461538,2.817072494,3.260273973,0.6322649573,0.3605543045,821.0962621,,48,3914,10,10.0,0.0,1.0,73,40.0,33.0,0.5479452055
486,Darío & Esther,Couple,,2,1,1,Co-Ed,1,LAM5,,2.0,,13,3,0.2307692308,2,0.1538461538,3.076923077,1.552500052,3.034246575,0.5397435897,0.3551726537,317.7952476,,48,3915,10,9.0,1.0,0.9,73,46.0,27.0,0.6301369863
487,Karina & Braian,Dating,,2,1,1,Co-Ed,1,LAM5,,3.0,,13,1,0.07692307692,1,0.07692307692,3.461538462,1.853617392,3.630136986,0.533974359,0.2891851087,333.0130146,,48,3916,10,8.0,2.0,0.8,73,41.0,32.0,0.5616438356
488,Manfred & Pierre,Friends,,2,2,0,All-Male,1,LAM5,,4.0,,11,2,0.1818181818,1,0.09090909091,3.454545455,2.659459959,3.543478261,0.6005050505,0.3466012629,596.4341932,,48,3910,10,7.0,3.0,0.7,69,42.0,27.0,0.6086956522
489,Jessica & Michelle,Friends,,2,0,2,All-Female,1,LAM5,,5.0,,9,0,0.0,1,0.1111111111,5.0,1.224744871,5.0,0.3990740741,0.2133742004,-272.9112518,,48,3902,10,6.0,4.0,0.6,63,27.0,36.0,0.4285714286
490,Evelyn & Jorge,Dating,,2,1,1,Co-Ed,1,LAM5,,6.0,,8,2,0.25,2,0.25,3.625,2.199837656,3.669491525,0.5815972222,0.4033888017,250.5459031,,48,3897,10,5.0,5.0,0.5,59,38.0,21.0,0.6440677966
491,Astrid & Aleja,Sisters,,2,0,2,All-Female,1,LAM5,,7.0,,6,0,0.0,1,0.1666666667,7.0,1.673320053,6.87755102,0.2550925926,0.1968926563,-674.2760277,,48,3885,10,4.0,6.0,0.4,49,13.0,36.0,0.2653061224
492,Juanjo & Beto,Married,,2,2,0,All-Male,1,LAM5,,8.0,,5,0,0.0,0,0.0,6.0,2.828427125,5.941860465,0.3927777778,0.3727018055,-341.8018147,,48,3877,10,3.0,7.0,0.3,43,18.0,25.0,0.4186046512
493,Débora & Renata,Cousins,,2,0,2,All-Female,1,LAM5,,9.0,,5,1,0.2,2,0.4,5.8,3.633180425,6.023255814,0.4355555556,0.4517729136,-235.3787081,,48,3878,10,2.0,8.0,0.2,43,19.0,24.0,0.4418604651
494,Filippo & Eddy,Brothers-in-Law,,2,2,0,All-Male,1,LAM5,,10.0,,2,0,0.0,1,0.5,9.0,1.414213562,9.0,0.15,0.2121320344,-448.5736564,,48,3851,10,1.0,9.0,0.1,19,3.0,16.0,0.1578947368
495,Ari & Ra,Siblings,,2,1,1,Co-Ed,1,LAM5,,11.0,,1,0,0.0,1,1.0,11.0,,11.0,0.0,,-345.9431619,,48,3841,10,0.0,10.0,0.0,10,0.0,10.0,0.0
496,Jason & Amy,Dating,,2,1,1,Co-Ed,1,USA23,,1.0,,12,2,0.1666666667,0,0.0,2.916666667,2.065224326,2.666666667,0.7120701058,0.2402052643,1005.726945,,49,3995,10,10.0,0.0,1.0,69,46.0,23.0,0.6666666667
497,Tim & Marie,Exes,,2,1,1,Co-Ed,1,USA23,,2.0,,12,3,0.25,0,0.0,3.416666667,2.503028469,3.311594203,0.5993716931,0.2961370247,616.7764901,,49,3996,10,9.0,1.0,0.9,69,40.0,29.0,0.5797101449
498,Nicole & Travis,Married ER Doctors,,2,1,1,Co-Ed,1,USA23,,3.0,,12,3,0.25,1,0.08333333333,2.583333333,1.083624669,2.652173913,0.6259920635,0.3326453295,570.7943845,,49,3997,10,8.0,2.0,0.8,69,50.0,19.0,0.7246376812
499,Leo & Jamal,The Amazing Race,,2,2,0,All-Male,3,"USA23, USA24, USA31",,3.666666667,0.5773502692,34,6,0.1764705882,4,0.1176470588,3.941176471,1.999108536,4.001579779,0.4936858077,0.3249339639,375.4715623,,76,6081,30,22.0,8.0,0.7333333333,211,111.0,100.0,0.5260663507
500,Ally & Ashley,NHL Ice Crew,,2,0,2,All-Female,1,USA23,,5.0,,9,0,0.0,1,0.1111111111,6.111111111,0.9279607271,6.278688525,0.2150793651,0.1395855544,-960.1649306,,49,3986,10,6.0,4.0,0.6,61,15.0,46.0,0.2459016393
501,Nicky & Kim,Baseball Wives,,2,0,2,All-Female,1,USA23,,6.0,,8,0,0.0,3,0.375,5.375,2.386719207,5.605263158,0.358234127,0.3643325047,-457.0002369,,49,3981,10,5.0,5.0,0.5,57,22.0,35.0,0.3859649123
502,Tim & Danny,Oil Field Workers,,2,2,0,All-Male,1,USA23,,7.0,,6,0,0.0,1,0.1666666667,6.166666667,1.722401424,6.276595745,0.3306216931,0.2179897992,-473.4147304,,49,3969,10,4.0,6.0,0.4,47,16.0,31.0,0.3404255319
503,Brandon & Adam,Childhood Friends,,2,2,0,All-Male,1,USA23,,8.0,,5,1,0.2,1,0.2,5.4,3.646916506,5.56097561,0.4755555556,0.4284194322,-54.93601751,,49,3962,10,3.0,7.0,0.3,41,19.0,22.0,0.4634146341
504,Chester & Ephraim,Former NFL Teammates,,2,2,0,All-Male,1,USA23,,9.0,,3,1,0.3333333333,1,0.3333333333,4.666666667,4.041451884,4.666666667,0.5666666667,0.5131601439,91.20136152,,49,3946,10,2.0,8.0,0.2,27,16.0,11.0,0.5925925926
505,Rowan & Shane,Theater Performers,,2,2,0,All-Male,1,USA23,,10.0,,2,0,0.0,1,0.5,6.5,4.949747468,6.5,0.4,0.5656854249,-146.6233302,,49,3937,10,1.0,9.0,0.1,19,8.0,11.0,0.4210526316
506,Hoskote & Naina,Father/Daughter,,2,1,1,Co-Ed,1,USA23,,11.0,,1,0,0.0,1,1.0,11.0,,11.0,0.0,,-345.9431619,,49,3927,10,0.0,10.0,0.0,10,0.0,10.0,0.0
507,Mark & Mallory,Team Kentucky,,2,1,1,Co-Ed,1,USA24,,10.0,,2,0,0.0,1,0.5,8.0,2.828427125,8.0,0.25,0.3535533906,-272.0456665,,50,4018,10,1.0,9.0,0.1,19,5.0,14.0,0.2631578947
508,Hương Giang & Criss Lai,Singer/Athlete,,2,1,1,Co-Ed,2,"VIE3, VIE5",,1.5,0.7071067812,22,7,0.3181818182,0,0.0,2.909090909,2.113653819,2.837627613,0.6825757576,0.2892247003,852.8920001,,65,5231,17,16.0,1.0,0.9411764706,121,79.0,42.0,0.652892562
509,Trang Trần & Hiếu Nguyễn,Model/Actor,,2,1,1,Co-Ed,1,VIE3,,2.0,,11,0,0.0,0,0.0,3.181818182,0.9816498172,3.368421053,0.5693722944,0.1229319758,343.9073649,,51,4147,8,7.0,1.0,0.875,57,33.0,24.0,0.5789473684
510,Trang Khiếu & An Đinh,Model/Designer,,2,0,2,All-Female,1,VIE3,,3.0,,11,0,0.0,3,0.2727272727,4.818181818,1.662418829,5.605263158,0.2493506494,0.232427398,-728.8470178,,51,4148,8,6.0,2.0,0.75,57,15.0,42.0,0.2631578947
511,Kiwi Ngô Mai Trang & Đỗ Hoàng Dương,Married,,2,1,1,Co-Ed,1,VIE3,,4.0,,10,5,0.5,2,0.2,3.4,2.75680975,4.0,0.6053571429,0.445312096,555.3938714,,51,4145,8,5.0,3.0,0.625,55,31.0,24.0,0.5636363636
512,Sơn Ngọc Minh & Mint,Singer/Sports Coach,,2,1,1,Co-Ed,1,VIE3,,5.0,,8,1,0.125,1,0.125,4.0,1.511857892,4.673469388,0.4413690476,0.3415245681,-266.0296306,,51,4137,8,4.0,4.0,0.5,49,25.0,24.0,0.5102040816
513,Long Điền & Kim Dung,Actors,,2,1,1,Co-Ed,1,VIE3,,6.0,,7,1,0.1428571429,1,0.1428571429,3.142857143,1.67616342,3.708333333,0.6200680272,0.3440561518,275.272857,,51,4132,8,3.0,5.0,0.375,45,30.0,15.0,0.6666666667
514,Kim Thanh & Khải Anh,Siblings in Spirit,,2,1,1,Co-Ed,1,VIE3,,7.0,,5,0,0.0,2,0.4,6.6,2.302172887,8.0,0.2154761905,0.2781870568,-641.7320482,,51,4120,8,2.0,6.0,0.25,35,7.0,28.0,0.2
515,Miko Lan Trinh & Hoàng Nam,Singer/MC,,2,1,1,Co-Ed,1,VIE3,,8.0,,3,0,0.0,1,0.3333333333,4.666666667,3.055050463,5.483695652,0.5,0.4506939094,-22.01485614,,51,4106,8,1.0,7.0,0.125,23,12.0,11.0,0.5217391304
516,Minh Long & Sơn Việt,Friends,,2,2,0,All-Male,1,VIE3,,9.0,,2,0,0.0,1,0.5,8.0,1.414213562,9.75,0.125,0.1767766953,-456.0168036,,51,4098,8,0.0,8.0,0.0,16,2.0,14.0,0.125
517,Mickey & Pete,Best Friends,,2,2,0,All-Male,1,CAN2,,1.0,,12,1,0.08333333333,0,0.0,3.666666667,1.874873733,3.285714286,0.5860449735,0.2085028743,528.1802327,,52,4228,10,10.0,0.0,1.0,70,38.0,32.0,0.5428571429
518,Natalie & Meaghan,Teammates,,2,0,2,All-Female,1,CAN2,,2.0,,12,7,0.5833333333,0,0.0,1.833333333,1.267304465,1.785714286,0.816468254,0.2494303102,1285.781901,,52,4229,10,9.0,1.0,0.9,70,60.0,10.0,0.8571428571
519,Ryan & Rob,Co-Workers,,2,2,0,All-Male,1,CAN2,,3.0,,12,0,0.0,3,0.25,4.666666667,2.10338832,4.771428571,0.3185515873,0.3067144645,-558.4790517,,52,4230,10,8.0,2.0,0.8,70,26.0,44.0,0.3714285714
520,Sukhi & Jinder,Siblings,,2,1,1,Co-Ed,1,CAN2,,4.0,,11,2,0.1818181818,2,0.1818181818,4.363636364,2.460598597,4.536764706,0.4855339105,0.3530596997,210.3066891,,52,4227,10,7.0,3.0,0.7,68,31.0,37.0,0.4558823529
521,Alain & Audrey,Engaged,,2,1,1,Co-Ed,1,CAN2,,5.0,,10,1,0.1,1,0.1,3.8,1.988857852,4.015384615,0.4990079365,0.3693856548,-4.49175106,,52,4223,10,6.0,4.0,0.6,65,37.0,28.0,0.5692307692
522,Pierre & Michel,Twin Brothers,,2,2,0,All-Male,1,CAN2,,6.0,,8,1,0.125,1,0.125,4.375,2.263846285,4.552631579,0.5328373016,0.3155865728,199.1276953,,52,4213,10,5.0,5.0,0.5,57,30.0,27.0,0.5263157895
523,Rex & Bob,Engaged,,2,2,0,All-Male,1,CAN2,,7.0,,6,0,0.0,1,0.1666666667,6.0,2.449489743,6.106382979,0.3363756614,0.3366203828,-466.0555942,,52,4201,10,4.0,6.0,0.4,47,17.0,30.0,0.3617021277
524,Cormac & Nicole,Son/Mother,,2,1,1,Co-Ed,1,CAN2,,8.0,,5,0,0.0,1,0.2,4.4,2.19089023,4.524390244,0.5626190476,0.3331287638,130.8128645,,52,4194,10,3.0,7.0,0.3,41,24.0,17.0,0.5853658537
525,Laura & Jackie,Married,,2,0,2,All-Female,1,CAN2,,9.0,,3,0,0.0,1,0.3333333333,7.333333333,2.081665999,7.333333333,0.2740740741,0.3033421515,-409.7817928,,52,4178,10,2.0,8.0,0.2,27,8.0,19.0,0.2962962963
526,Jen & Shawn,Married,,2,1,1,Co-Ed,1,CAN2,,10.0,,2,0,0.0,1,0.5,10.0,0.0,10.0,0.05,0.07071067812,-569.4580309,,52,4169,10,1.0,9.0,0.1,19,1.0,18.0,0.05263157895
527,Shahla & Nabeela,Best Friends,,2,0,2,All-Female,1,CAN2,,11.0,,1,0,0.0,1,1.0,11.0,,11.0,0.0,,-345.9431619,,52,4159,10,0.0,10.0,0.0,10,0.0,10.0,0.0
528,Daniel & Ryan,Intensive Care Nurses,,2,2,0,All-Male,1,AUS3,,1.0,,10,3,0.3,0,0.0,2.8,1.549193338,2.698113208,0.6730952381,0.2858642684,624.7190816,,53,4291,9,9.0,0.0,1.0,53,35.0,18.0,0.6603773585
529,Sally & Tyson,Engaged Bodybuilders,,2,1,1,Co-Ed,1,AUS3,,2.0,,10,1,0.1,0,0.0,3.7,2.213594362,3.830188679,0.5307539683,0.2328707554,241.9404945,,53,4292,9,8.0,1.0,0.8888888889,53,26.0,27.0,0.4905660377
530,Ashleigh & Jarrod,Newlyweds,,2,1,1,Co-Ed,1,AUS3,,3.0,,10,1,0.1,2,0.2,3.6,2.011080417,3.997903564,0.513968254,0.347852957,171.5792925,,53,4293,9,7.0,2.0,0.7777777778,53,27.0,26.0,0.5094339623
531,Carla & Hereni,Fitness Mums,,2,0,2,All-Female,1,AUS3,,4.0,,9,1,0.1111111111,1,0.1111111111,4.111111111,2.204792759,4.660130719,0.4110670194,0.3659911645,-281.9331368,,53,4290,9,6.0,3.0,0.6666666667,51,23.0,28.0,0.4509803922
532,Cat & Jesse,Foster Parents,,2,1,1,Co-Ed,1,AUS3,,5.0,,8,0,0.0,2,0.25,5.375,1.505940617,6.266203704,0.2518849206,0.2016796517,-736.7915395,,53,4286,9,5.0,4.0,0.5555555556,48,13.0,35.0,0.2708333333
533,John & Murray,Best Mates,,2,2,0,All-Male,1,AUS3,,6.0,,6,3,0.5,1,0.1666666667,2.166666667,1.940790217,2.361111111,0.7847222222,0.391237945,721.3244828,,53,4276,9,4.0,5.0,0.4444444444,40,33.0,7.0,0.825
534,Emily & Jono,Siblings,,2,1,1,Co-Ed,1,AUS3,,7.0,,4,1,0.25,1,0.25,3.25,2.62995564,3.5,0.6587301587,0.4486760008,314.1692567,,53,4264,9,3.0,6.0,0.3333333333,30,21.0,9.0,0.7
535,Aston & Christie,Feisty Friends,,2,0,2,All-Female,1,AUS3,,8.0,,3,0,0.0,1,0.3333333333,7.0,1.0,7.666666667,0.2361111111,0.2055367859,-442.7329343,,53,4257,9,2.0,7.0,0.2222222222,24,6.0,18.0,0.25
536,Elizabeth & Todd,Mother/Son,,2,1,1,Co-Ed,1,AUS3,,9.0,,2,0,0.0,1,0.5,7.0,2.828427125,7.666666667,0.2777777778,0.3928371007,-280.082188,,53,4249,9,1.0,8.0,0.1111111111,17,5.0,12.0,0.2941176471
537,Inga & Tiharna,Pageant Models,,2,0,2,All-Female,1,AUS3,,10.0,,1,0,0.0,1,1.0,10.0,,11.0,0.0,,-332.1928095,,53,4240,9,0.0,9.0,0.0,9,0.0,9.0,0.0
538,Amy & Maya,#SweetScientists,,2,0,2,All-Female,1,USA25,,1.0,,12,1,0.08333333333,1,0.08333333333,4.5,2.022599587,4.0,0.4183201058,0.2781665921,-72.01092201,,54,4372,10,10.0,0.0,1.0,70,28.0,42.0,0.4
539,Misti & Jim,#TheDentists,,2,1,1,Co-Ed,1,USA25,,2.0,,12,5,0.4166666667,1,0.08333333333,2.583333333,2.234373344,2.492857143,0.7062169312,0.3480338826,905.4075473,,54,4373,10,9.0,1.0,0.9,70,51.0,19.0,0.7285714286
540,Adam & Bethany,#SoulSurfers,,2,1,1,Co-Ed,1,USA25,,3.0,,12,3,0.25,0,0.0,2.833333333,1.898963034,2.885714286,0.6534722222,0.3243912914,730.8099296,,54,4374,10,8.0,2.0,0.8,70,48.0,22.0,0.6857142857
541,Brooke & Robbie,#TheWrestlers,,2,1,1,Co-Ed,1,USA25,,4.0,,12,1,0.08333333333,2,0.1666666667,4.083333333,1.729862492,4.435714286,0.4481150794,0.3196630437,-41.18124825,,54,4375,10,7.0,3.0,0.7,70,33.0,37.0,0.4714285714
542,Kym & Alli,#TheCyclists,,2,0,2,All-Female,1,USA25,,5.0,,9,2,0.2222222222,1,0.1111111111,3.111111111,1.900292375,3.180327869,0.6549382716,0.3338011121,593.550486,,54,4363,10,6.0,4.0,0.6,61,42.0,19.0,0.6885245902
543,Tim & Te Jay,#CollegeSweethearts,,2,2,0,All-Male,1,USA25,,6.0,,8,0,0.0,2,0.25,4.875,1.885091889,5.078947368,0.4029265873,0.3336691793,-311.7367723,,54,4358,10,5.0,5.0,0.5,57,26.0,31.0,0.4561403509
544,Shelley & Nici,#MomDaughter,,2,0,2,All-Female,1,USA25,,7.0,,6,0,0.0,1,0.1666666667,6.333333333,2.065591118,6.446808511,0.315542328,0.2464679207,-457.5647103,,54,4346,10,4.0,6.0,0.4,47,15.0,32.0,0.3191489362
545,Keith & Whitney,#TeamNashville,,2,1,1,Co-Ed,1,USA25,,8.0,,5,0,0.0,1,0.2,5.4,2.880972058,5.56097561,0.4661904762,0.3429579878,-65.22462823,,54,4339,10,3.0,7.0,0.3,41,19.0,22.0,0.4634146341
546,Michael & Scott,#TheFirefighters,,2,2,0,All-Male,1,USA25,,9.0,,3,0,0.0,1,0.3333333333,8.333333333,2.081665999,8.333333333,0.1814814815,0.2331568998,-547.932897,,54,4323,10,2.0,8.0,0.2,27,5.0,22.0,0.1851851852
547,Dennis & Isabelle,#TheDatingCouple,,2,1,1,Co-Ed,1,USA25,,10.0,,2,0,0.0,1,0.5,8.5,2.121320344,8.5,0.2,0.2828427125,-388.173623,,54,4314,10,1.0,9.0,0.1,19,4.0,15.0,0.2105263158
548,Lisa & Michelle,#MiamiRealtors,,2,0,2,All-Female,1,USA25,,11.0,,1,0,0.0,1,1.0,11.0,,11.0,0.0,,-345.9431619,,54,4304,10,0.0,10.0,0.0,10,0.0,10.0,0.0
549,Giovanni & Juan Carlos,Brothers-in-Law,,2,2,0,All-Male,1,LAM6,,1.0,,13,3,0.2307692308,0,0.0,3.076923077,1.754116039,2.901408451,0.6510989011,0.250823691,803.8633456,,55,4457,10,10.0,0.0,1.0,71,44.0,27.0,0.6197183099
550,Javier & Nicolas,Partners,,2,2,0,All-Male,1,LAM6,,2.0,,13,4,0.3076923077,0,0.0,2.692307692,2.015961945,2.704225352,0.7064713065,0.2635689165,962.4060962,,55,4458,10,9.0,1.0,0.9,71,49.0,22.0,0.6901408451
551,Juan & Cecilia,Father/Daughter,,2,1,1,Co-Ed,1,LAM6,,3.0,,13,1,0.07692307692,3,0.2307692308,4.230769231,2.350668208,4.549295775,0.3617521368,0.3424527126,-341.0991877,,55,4459,10,8.0,2.0,0.8,71,29.0,42.0,0.4084507042
552,Christian & Dina,Friends,,2,1,1,Co-Ed,1,LAM6,,4.0,,11,1,0.09090909091,1,0.09090909091,4.090909091,2.586679163,4.298507463,0.5118326118,0.3257842167,228.5722046,,55,4453,10,7.0,3.0,0.7,67,33.0,34.0,0.4925373134
553,Martín & Jenny,Dating,,2,1,1,Co-Ed,1,LAM6,,5.0,,10,0,0.0,2,0.2,5.0,1.054092553,5.375,0.321031746,0.2432681016,-621.65512,,55,4449,10,6.0,4.0,0.6,64,24.0,40.0,0.375
554,Stefanía & Felipe,Married,,2,1,1,Co-Ed,1,LAM6,,6.0,,8,3,0.375,1,0.125,2.75,1.982062418,2.875,0.6998511905,0.3903166867,602.9247081,,55,4439,10,5.0,5.0,0.5,56,42.0,14.0,0.75
555,Sonia & Gabriel,Friends,,2,1,1,Co-Ed,1,LAM6,,7.0,,6,1,0.1666666667,2,0.3333333333,5.666666667,2.658320272,5.869565217,0.3446428571,0.3970795813,-458.2955321,,55,4427,10,4.0,6.0,0.4,46,18.0,28.0,0.3913043478
556,Clara & Delfina,Sisters,,2,0,2,All-Female,1,LAM6,,8.0,,4,0,0.0,1,0.25,5.5,2.516611478,5.5,0.4409722222,0.3664798556,-142.4401112,,55,4413,10,3.0,7.0,0.3,34,16.0,18.0,0.4705882353
557,Audi & David,Friends,,2,1,1,Co-Ed,1,LAM6,,9.0,,3,0,0.0,1,0.3333333333,7.0,3.464101615,7.0,0.3259259259,0.4038905446,-300.1596187,,55,4405,10,2.0,8.0,0.2,27,9.0,18.0,0.3333333333
558,Carlos & Orlando,Boyfriends,,2,2,0,All-Male,1,LAM6,,10.0,,2,0,0.0,1,0.5,8.5,2.121320344,8.5,0.2,0.2828427125,-388.173623,,55,4396,10,1.0,9.0,0.1,19,4.0,15.0,0.2105263158
559,Ana & Vantroy,Student/Teacher,,2,1,1,Co-Ed,1,LAM6,,11.0,,1,0,0.0,1,1.0,11.0,,11.0,0.0,,-345.9431619,,55,4386,10,0.0,10.0,0.0,10,0.0,10.0,0.0
560,Matt & Phoebe,#DatingCouple,,2,1,1,Co-Ed,1,PHI2,,1.0,,10,5,0.5,0,0.0,2.1,1.449137675,1.901639344,0.81,0.2414206922,1249.143225,,56,4528,10,10.0,0.0,1.0,61,50.0,11.0,0.8196721311
561,Kelvin & JP,#TeamMrPogi,,2,2,0,All-Male,1,PHI2,,2.0,,10,1,0.1,0,0.0,4.6,2.319003617,4.245901639,0.4526190476,0.2764057955,104.5976631,,56,4529,10,9.0,1.0,0.9,61,25.0,36.0,0.4098360656
562,Roch & Eji,#Chefs,,2,1,1,Co-Ed,1,PHI2,,3.0,,10,1,0.1,1,0.1,3.4,1.712697677,3.360655738,0.5613095238,0.3023211883,450.9250699,,56,4530,10,8.0,2.0,0.8,61,37.0,24.0,0.606557377
563,Jet & Yna,#Magkapatid,,2,1,1,Co-Ed,1,PHI2,,4.0,,9,0,0.0,1,0.1111111111,2.666666667,0.7071067812,2.652542373,0.6810405644,0.2765546895,739.8723477,,56,4527,10,7.0,3.0,0.7,59,44.0,15.0,0.7457627119
564,AJ & Jody,#MagAma,,2,2,0,All-Male,1,PHI2,,5.0,,8,2,0.25,1,0.125,3.75,1.908627031,3.75,0.5868551587,0.3493420833,366.0868471,,56,4522,10,6.0,4.0,0.6,56,34.0,22.0,0.6071428571
565,Vince & Ed,#Nerds,,2,2,0,All-Male,1,PHI2,,6.0,,8,1,0.125,1,0.125,4.375,1.685018016,4.616071429,0.4466269841,0.3296284088,-181.3140114,,56,4523,10,5.0,5.0,0.5,56,29.0,27.0,0.5178571429
566,RR & Jeck,#SexyBesties,,2,0,2,All-Female,1,PHI2,,7.0,,6,0,0.0,2,0.3333333333,7.333333333,1.505545305,7.608695652,0.1638227513,0.1553145235,-879.0498409,,56,4511,10,4.0,6.0,0.4,46,8.0,38.0,0.1739130435
567,Tina & Avy,#Blondies,,2,0,2,All-Female,1,PHI2,,8.0,,4,0,0.0,1,0.25,7.5,1.0,7.5,0.2173611111,0.195083276,-605.0108963,,56,4497,10,3.0,7.0,0.3,34,8.0,26.0,0.2352941176
568,Daniel & Charlie,#TeamJuanD,,2,2,0,All-Male,1,PHI2,,9.0,,3,0,0.0,1,0.3333333333,9.0,0.0,9.0,0.1037037037,0.1002055501,-692.2838783,,56,4489,10,2.0,8.0,0.2,27,3.0,24.0,0.1111111111
569,Chen & Luz,#PinayWorldChamps,,2,0,2,All-Female,1,PHI2,,10.0,,2,0,0.0,1,0.5,7.0,4.242640687,7.0,0.35,0.4949747468,-207.0233637,,56,4480,10,1.0,9.0,0.1,19,7.0,12.0,0.3684210526
570,Zarah & Osang,#TravelBuddies,,2,0,2,All-Female,1,PHI2,,11.0,,1,0,0.0,1,1.0,11.0,,11.0,0.0,,-345.9431619,,56,4470,10,0.0,10.0,0.0,10,0.0,10.0,0.0
571,Zhong Hanliang & Jackie,Siblings,,2,1,1,Co-Ed,1,CHN1,,1.0,,11,5,0.4545454545,0,0.0,2.181818182,1.53741223,2.25,0.7945887446,0.2266388811,1266.357561,,57,4591,7,7.0,0.0,1.0,52,39.0,13.0,0.75
572,Li Xiaopeng & Li Anqi,Married,,2,1,1,Co-Ed,1,CHN1,,2.0,,11,4,0.3636363636,0,0.0,1.727272727,0.6466697907,1.879120879,0.824025974,0.1851164203,1247.455949,,57,4592,7,6.0,1.0,0.8571428571,52,44.0,8.0,0.8461538462
573,Bai Jugang & Guan Xiaotong,Classmates,,2,1,1,Co-Ed,1,CHN1,,3.0,,5,0,0.0,3,0.6,4.8,2.949576241,6.310559006,0.2166666667,0.3312434486,-438.839206,,57,4593,7,5.0,2.0,0.7142857143,23,4.0,19.0,0.1739130435
574,Jin Dachuan & Liu Chang,Buddies/Models,,2,2,0,All-Male,2,"CHN1, CHN3",,3.0,1.414213562,20,3,0.15,2,0.1,3.0,1.376494403,3.597402597,0.5364285714,0.3303375042,412.0306729,,68,5466,14,10.0,4.0,0.7142857143,99,59.0,40.0,0.595959596
575,Chen Xiaochun & Zheng Yijian,Bros,,2,2,0,All-Male,1,CHN1,,5.0,,9,1,0.1111111111,2,0.2222222222,3.777777778,1.56347192,5.179331307,0.4171957672,0.3476715913,-235.2395323,,57,4586,7,3.0,4.0,0.4285714286,47,22.0,25.0,0.4680851064
576,Chen Yiru & Zhou Weitong,Friends,,2,1,1,Co-Ed,1,CHN1,,6.0,,8,0,0.0,2,0.25,4.375,0.9161253813,6.382059801,0.3202380952,0.2805860635,-513.6727139,,57,4581,7,2.0,5.0,0.2857142857,43,16.0,27.0,0.3720930233
577,Zhang Tielin & Yueliang,Father & Daughter,,2,1,1,Co-Ed,1,CHN1,,7.0,,6,0,0.0,2,0.3333333333,5.166666667,1.329160136,7.632653061,0.2785714286,0.2480536479,-539.7502085,,57,4571,7,1.0,6.0,0.1428571429,35,10.0,25.0,0.2857142857
578,Ying Cai'er & Liu Yun,Besties,,2,0,2,All-Female,1,CHN1,,8.0,,3,0,0.0,1,0.3333333333,7.0,0.0,10.0,0.09523809524,0.08247860988,-630.0861292,,57,4553,7,0.0,7.0,0.0,20,2.0,18.0,0.1
579,Shay & Shani,Friends,,2,1,1,Co-Ed,2,"ISR4, ISR8",,3.0,2.828427125,23,2,0.08695652174,2,0.08695652174,4.043478261,1.845837107,3.600849257,0.5471892841,0.2753906372,458.671421,,81,6481,24,20.0,4.0,0.8333333333,157,87.0,70.0,0.5541401274
580,Tom & Uriel,Gay Best Friends,,2,2,0,All-Male,1,ISR4,,2.0,,13,4,0.3076923077,0,0.0,2.846153846,1.908147175,2.502683363,0.7310689311,0.2571650784,1132.350314,,58,4698,13,12.0,1.0,0.9230769231,86,62.0,24.0,0.7209302326
581,Yochi & Linor,Ex-Religious Friends,,2,0,2,All-Female,1,ISR4,,3.0,,13,1,0.07692307692,2,0.1538461538,4.461538462,2.183856856,4.018783542,0.4523421023,0.2896133803,33.5675983,,58,4699,13,11.0,2.0,0.8461538462,86,41.0,45.0,0.476744186
582,Vova & Alla,Exes,,2,1,1,Co-Ed,2,"ISR4, ISR8",,7.0,4.242640687,15,1,0.06666666667,2,0.1333333333,6.666666667,2.84521319,6.592105263,0.2751418951,0.2805337355,-1120.432759,,81,6433,24,12.0,12.0,0.5,114,29.0,85.0,0.2543859649
583,Gal & Liel,Engaged from Ashdod,,2,1,1,Co-Ed,1,ISR4,,5.0,,11,1,0.09090909091,1,0.09090909091,4.0,1.949358869,3.663817664,0.5771054703,0.2713870533,391.4277595,,58,4692,13,9.0,4.0,0.6923076923,81,48.0,33.0,0.5925925926
584,Daniel & Meiri,Business Partners,,2,2,0,All-Male,1,ISR4,,6.0,,10,4,0.4,1,0.1,2.5,1.779513042,2.348651349,0.7555952381,0.3353510596,1100.065168,,58,4687,13,8.0,5.0,0.6153846154,77,62.0,15.0,0.8051948052
585,Alexa & Raz,Spouses,,2,1,1,Co-Ed,1,ISR4,,7.0,,9,1,0.1111111111,1,0.1111111111,3.222222222,1.986062548,3.02991453,0.6788319705,0.3316988132,727.4331951,,58,4681,13,7.0,6.0,0.5384615385,72,52.0,20.0,0.7222222222
586,Shay & Adi,Identical Twins,,2,2,0,All-Male,1,ISR4,,8.0,,8,0,0.0,2,0.25,6.75,2.659215781,6.361305361,0.2890467172,0.3106904863,-636.198999,,58,4674,13,6.0,7.0,0.4615384615,66,20.0,46.0,0.303030303
587,Roni & Yael,Sisters,,2,0,2,All-Female,1,ISR4,,9.0,,6,0,0.0,1,0.1666666667,6.833333333,2.562550813,6.436390533,0.3321127946,0.2591273537,-489.8841754,,58,4658,13,5.0,8.0,0.3846153846,52,17.0,35.0,0.3269230769
588,Yafa & Boaz,Mother/Son,,2,1,1,Co-Ed,1,ISR4,,10.0,,4,1,0.25,1,0.25,6.0,3.915780041,5.700854701,0.4840909091,0.4311158563,-160.9956044,,58,4640,13,4.0,9.0,0.3076923077,36,16.0,20.0,0.4444444444
589,Tiltil & Mizrahi,Childhood Friends,,2,2,0,All-Male,1,ISR4,,11.0,,3,0,0.0,1,0.3333333333,9.333333333,2.886751346,9.190883191,0.08585858586,0.0834480386,-726.8484108,,58,4630,13,3.0,10.0,0.2307692308,27,2.0,25.0,0.07407407407
590,Irit & Sinai,Mother/Daughter,,2,0,2,All-Female,1,ISR4,,12.0,,2,0,0.0,1,0.5,7.5,6.363961031,8.058823529,0.3333333333,0.4714045208,-271.2396484,,58,4619,13,2.0,11.0,0.1538461538,17,4.0,13.0,0.2352941176
591,Huti & Tzuki,Cousins from Petah Tikva,,2,0,2,All-Female,1,ISR4,,13.0,,1,0,0.0,1,1.0,7.0,,10.80769231,0.0,,-280.7354922,,58,4607,13,0.5,12.5,0.03846153846,6,0.0,6.0,0.0
592,Pnina & Hen,Mother/Daughter,,2,0,2,All-Female,1,ISR4,,13.0,,1,0,0.0,1,1.0,7.0,,10.80769231,0.0,,-280.7354922,,58,4600,13,0.5,12.5,0.03846153846,6,0.0,6.0,0.0
593,Laura & Tyler,#TeamSoCal,,2,1,1,Co-Ed,1,USA26,,1.0,,12,3,0.25,0,0.0,3.083333333,1.781640375,2.736111111,0.6478835979,0.3158476505,702.4679346,,59,4780,10,10.0,0.0,1.0,72,47.0,25.0,0.6527777778
594,Jelani & Jenny,#TheLegalTeam,,2,1,1,Co-Ed,1,USA26,,2.0,,12,2,0.1666666667,0,0.0,3.166666667,1.749458791,2.986111111,0.6073412698,0.2445161448,501.4451982,,59,4781,10,9.0,1.0,0.9,72,46.0,26.0,0.6388888889
595,Hayley & Blair,#RxForLove,,2,1,1,Co-Ed,1,USA26,,3.0,,12,3,0.25,0,0.0,3.333333333,2.674231694,3.333333333,0.6560846561,0.3082966912,830.8761135,,59,4782,10,8.0,2.0,0.8,72,44.0,28.0,0.6111111111
596,Mike & Rochelle,#TruckStopLove,,2,1,1,Co-Ed,1,USA26,,4.0,,12,1,0.08333333333,2,0.1666666667,4.75,2.00567377,5.0625,0.329728836,0.2864686339,-541.9041365,,59,4783,10,7.0,3.0,0.7,72,27.0,45.0,0.375
597,Matt & Ashley,#TheHairstylists,,2,1,1,Co-Ed,1,USA26,,5.0,,10,1,0.1,2,0.2,4.9,2.685351208,5.136363636,0.419047619,0.3614855028,-143.0686447,,59,4775,10,6.0,4.0,0.6,66,27.0,39.0,0.4090909091
598,Aly & Steve,#SochiLove,,2,1,1,Co-Ed,1,USA26,,6.0,,8,1,0.125,2,0.25,3.75,1.832250763,3.844827586,0.5701388889,0.3782319574,222.0621171,,59,4765,10,5.0,5.0,0.5,58,36.0,22.0,0.6206896552
599,Jeff & Jackie,#TeamJJ,,2,1,1,Co-Ed,1,USA26,,7.0,,6,0,0.0,1,0.1666666667,5.166666667,2.316606714,5.166666667,0.4472883598,0.3414553221,-145.1153584,,59,4753,10,4.0,6.0,0.4,48,23.0,25.0,0.4791666667
600,Bergen & Kurt,#TeamBlondeDate,,2,2,0,All-Male,1,USA26,,8.0,,5,1,0.2,1,0.2,5.4,2.701851217,5.452380952,0.4611111111,0.3735052514,-74.5042123,,59,4746,10,3.0,7.0,0.3,42,20.0,22.0,0.4761904762
601,Harley & Jonathan,#TeamNewKid,,2,2,0,All-Male,1,USA26,,9.0,,4,0,0.0,2,0.5,6.75,2.62995564,6.914285714,0.3166666667,0.3666666667,-436.8578187,,59,4738,10,2.0,8.0,0.2,35,12.0,23.0,0.3428571429
602,Libby & CJ,#TeamTuskegee,,2,1,1,Co-Ed,1,USA26,,10.0,,2,0,0.0,1,0.5,10.0,0.0,10.0,0.05,0.07071067812,-569.4580309,,59,4720,10,1.0,9.0,0.1,19,1.0,18.0,0.05263157895
603,Jeff & Lyda,#FlightCrew,,2,1,1,Co-Ed,1,USA26,,11.0,,1,0,0.0,1,1.0,11.0,,11.0,0.0,,-345.9431619,,59,4710,10,0.0,10.0,0.0,10,0.0,10.0,0.0
604,Gino & Jesse,Brothers,,2,2,0,All-Male,1,CAN3,,1.0,,12,5,0.4166666667,0,0.0,3.0,2.891995222,2.578947368,0.6962962963,0.3634101897,977.7451878,,60,4869,11,11.0,0.0,1.0,76,52.0,24.0,0.6842105263
605,Nick & Matt,Wrestling Teammates,,2,2,0,All-Male,1,CAN3,,2.0,,12,1,0.08333333333,0,0.0,2.916666667,1.378954369,2.650717703,0.6870550746,0.1860782684,918.5034731,,60,4870,11,10.0,1.0,0.9090909091,76,53.0,23.0,0.6973684211
606,Brent & Sean,Brothers,,2,2,0,All-Male,1,CAN3,,3.0,,12,2,0.1666666667,2,0.1666666667,3.75,2.050498831,3.565789474,0.5448021886,0.3328347034,439.3954922,,60,4871,11,9.0,2.0,0.8181818182,76,43.0,33.0,0.5657894737
607,Simi & Ope,Father/Daughter,,2,1,1,Co-Ed,1,CAN3,,4.0,,11,0,0.0,2,0.1818181818,5.272727273,1.793929156,5.041769042,0.3306506625,0.2202097713,-486.6053472,,60,4868,11,8.0,3.0,0.7272727273,74,27.0,47.0,0.3648648649
608,Dujean & Leilani,Exes,,2,1,1,Co-Ed,1,CAN3,,5.0,,10,2,0.2,1,0.1,4.2,2.250925735,4.072983355,0.5261255411,0.3370588836,200.2776252,,60,4864,11,7.0,4.0,0.6363636364,71,39.0,32.0,0.5492957746
609,Brian & Cynthia,Married,,2,1,1,Co-Ed,1,CAN3,,6.0,,8,0,0.0,1,0.125,4.625,3.020761493,4.347763348,0.5287833694,0.3626005258,180.0483875,,60,4854,11,6.0,5.0,0.5454545455,63,34.0,29.0,0.5396825397
610,Neil & Kristin,Father/Daughter,,2,1,1,Co-Ed,1,CAN3,,7.0,,7,1,0.1428571429,1,0.1428571429,6.142857143,2.672612419,5.796238245,0.3550556586,0.3274324415,-437.2856659,,60,4848,11,5.0,6.0,0.4545454545,58,22.0,36.0,0.3793103448
611,Nic & Sabrina,Dating,,2,1,1,Co-Ed,1,CAN3,,8.0,,6,0,0.0,1,0.1666666667,6.0,2.529822128,5.72027972,0.3736712362,0.3536397867,-427.2245598,,60,4841,11,4.0,7.0,0.3636363636,52,22.0,30.0,0.4230769231
612,Hamilton & Michaelia,Engaged,,2,1,1,Co-Ed,1,CAN3,,9.0,,4,1,0.25,1,0.25,5.25,3.5,4.863636364,0.5151515152,0.4391326287,-8.220478337,,60,4825,11,3.0,8.0,0.2727272727,38,21.0,17.0,0.5526315789
613,Dana & Amanda,Co-Workers,,2,0,2,All-Female,1,CAN3,,10.0,,3,0,0.0,1,0.3333333333,8.0,1.732050808,7.363636364,0.2848484848,0.2481890331,-401.4651796,,60,4816,11,2.0,9.0,0.1818181818,30,9.0,21.0,0.3
614,Susan & Sharnjit,Co-Workers,,2,0,2,All-Female,1,CAN3,,11.0,,2,0,0.0,1,0.5,11.0,0.0,10.09090909,0.04545454545,0.06428243465,-596.6726848,,60,4806,11,1.0,10.0,0.09090909091,21,1.0,20.0,0.04761904762
615,Max & Elias,Dating,,2,2,0,All-Male,1,CAN3,,12.0,,1,0,0.0,1,1.0,12.0,,11.0,0.0,,-358.4962501,,60,4795,11,0.0,11.0,0.0,11,0.0,11.0,0.0
616,Han Geng & Wu Xin,Friends,,2,1,1,Co-Ed,1,CHN2,,1.0,,10,4,0.4,1,0.1,2.0,1.154700538,2.5,0.72,0.3126746426,639.3228477,,61,4914,7,7.0,0.0,1.0,35,24.5,10.5,0.7
617,Yang Qianhua & Ding Zigao,Married,,2,1,1,Co-Ed,1,CHN2,,2.0,,10,3,0.3,1,0.1,2.2,1.032795559,3.040816327,0.5966666667,0.323350515,264.4958775,,61,4915,7,6.0,1.0,0.8571428571,35,22.5,12.5,0.6428571429
618,Xiao Yang & Wang Taili,Partners,,2,2,0,All-Male,1,CHN2,,3.0,,10,1,0.1,1,0.1,3.3,1.251665557,5.224489796,0.3566666667,0.2810034928,-270.3772815,,61,4916,7,5.0,2.0,0.7142857143,35,12.0,23.0,0.3428571429
619,Jin Zhongguo & Li Guangzhu,Partners,,2,2,0,All-Male,1,CHN2,,4.0,,1,0,0.0,0,0.0,2.0,,3.380952381,0.6666666667,,82.84202842,,61,4913,7,4.0,3.0,0.5714285714,3,2.0,1.0,0.6666666667
620,Yuan Zihui & Yuan Heyu,Siblings,,2,1,1,Co-Ed,1,CHN2,,5.0,,2,1,0.5,1,0.5,2.5,2.121320344,4.928571429,0.5,0.7071067812,13.53468247,,61,4909,7,3.0,4.0,0.4285714286,6,3.0,3.0,0.5
621,Deng Ziqi & Zhang Yunjing,Friends,,2,0,2,All-Female,1,CHN2,,6.0,,6,1,0.1666666667,4,0.6666666667,3.833333333,1.722401424,7.071428571,0.2666666667,0.4320493799,-465.563434,,61,4901,7,2.0,5.0,0.2857142857,24,7.0,17.0,0.2916666667
622,Zeng Zhiwei & Zeng Baoyi,Father/Daughter,,2,1,1,Co-Ed,1,CHN2,,7.0,,4,1,0.25,1,0.25,3.25,1.707825128,5.642857143,0.475,0.411298756,-51.92107666,,61,4893,7,1.0,6.0,0.1428571429,18,9.0,9.0,0.5
623,Feng Zhe & Zhu Zhu,Dating,,2,1,1,Co-Ed,1,CHN2,,8.0,,2,0,0.0,1,0.5,4.5,2.121320344,8.0,0.3,0.4242640687,-212.3336439,,61,4883,7,0.0,7.0,0.0,10,3.0,7.0,0.3
624,Nhật Anh & Ngọc Anh,Diving Coaches,,2,1,1,Co-Ed,1,VIE4,,1.0,,11,7,0.6363636364,1,0.09090909091,2.0,1.788854382,1.93220339,0.8051948052,0.3403709764,1096.429941,,62,4984,7,7.0,0.0,1.0,59,48.0,11.0,0.813559322
625,Chí Thành & Lincoln,Hotel Manager/Student,,2,2,0,All-Male,1,VIE4,,2.0,,11,1,0.09090909091,0,0.0,3.272727273,1.61807967,3.421307506,0.5898268398,0.2642966341,413.158833,,62,4985,7,6.0,1.0,0.8571428571,59,34.0,25.0,0.5762711864
626,Băng Di & Trang Pháp,Actor/Singer,,2,0,2,All-Female,1,VIE4,,3.0,,11,0,0.0,3,0.2727272727,4.727272727,2.101947149,5.467312349,0.3019480519,0.2737221769,-529.5054376,,62,4986,7,5.0,2.0,0.7142857143,59,18.0,41.0,0.3050847458
627,Đăng Hoàng & Thùy Anh,Teacher/Actor,,2,1,1,Co-Ed,2,"VIE4, VIE5",,7.0,4.242640687,12,0,0.0,2,0.1666666667,4.916666667,2.429303429,6.483333333,0.3869047619,0.2831350028,-564.4022438,,65,5177,16,4.0,12.0,0.25,75,28.0,47.0,0.3733333333
628,Nam Thành & Hải Băng,Model/Singer,,2,1,1,Co-Ed,1,VIE4,,5.0,,9,2,0.2222222222,1,0.1111111111,3.555555556,2.068278941,4.346560847,0.5576719577,0.3716150665,153.6783912,,62,4979,7,3.0,4.0,0.4285714286,54,31.0,23.0,0.5740740741
629,Phương Ly & Joo Young,Office Workers,,2,0,2,All-Female,1,VIE4,,6.0,,8,0,0.0,1,0.125,4.5,1.603567451,5.8,0.4291666667,0.2783685813,-210.1401921,,62,4974,7,2.0,5.0,0.2857142857,50,22.0,28.0,0.44
630,Song Ngư & Trúc Như,Actresses,,2,0,2,All-Female,2,"VIE4, VIE5",,6.5,0.7071067812,13,0,0.0,4,0.3076923077,6.230769231,2.385855757,7.236413043,0.2603785104,0.3039161358,-1137.160223,,65,5216,16,5.0,11.0,0.3125,92,24.0,68.0,0.2608695652
631,Tim & Anh Đức,Singer/Comedian,,2,2,0,All-Male,1,VIE4,,8.0,,4,1,0.25,2,0.5,5.25,3.403429643,7.071428571,0.3928571429,0.4862042347,-301.5892556,,62,4948,7,0.0,7.0,0.0,28,11.0,17.0,0.3928571429
632,Kelsey & Joey,#TheReporters,,2,1,1,Co-Ed,1,USA27,,1.0,,12,1,0.08333333333,0,0.0,3.333333333,2.14617348,2.944444444,0.6702380952,0.2026812135,959.7133986,,63,5068,10,10.0,0.0,1.0,72,44.0,28.0,0.6111111111
633,Justin & Diana,#TheGreenTeam,,2,1,1,Co-Ed,1,USA27,,2.0,,12,7,0.5833333333,0,0.0,2.083333333,2.274696117,1.993055556,0.8137896825,0.2945545512,1451.968493,,63,5069,10,9.0,1.0,0.9,72,59.0,13.0,0.8194444444
634,Logan & Chris,#ThePaparazzi,,2,1,1,Co-Ed,1,USA27,,3.0,,12,1,0.08333333333,1,0.08333333333,4.333333333,1.497472618,4.333333333,0.4240079365,0.2665786387,-61.12383925,,63,5070,10,8.0,2.0,0.8,72,32.0,40.0,0.4444444444
635,Tiffany & Krista,#TheCheerleaders,,2,0,2,All-Female,1,USA27,,4.0,,11,0,0.0,2,0.1818181818,5.272727273,2.493628244,5.364285714,0.3361832612,0.2743186443,-369.197797,,63,5067,10,7.0,3.0,0.7,70,23.0,47.0,0.3285714286
636,Denise & James Earl,#TeamAlabama,,2,1,1,Co-Ed,1,USA27,,5.0,,10,1,0.1,2,0.2,4.3,1.82878223,4.447761194,0.4533730159,0.3524634285,-170.8504514,,63,5063,10,6.0,4.0,0.6,67,34.0,33.0,0.5074626866
637,Tanner & Josh,#TeamTexas,,2,2,0,All-Male,1,USA27,,6.0,,9,2,0.2222222222,2,0.2222222222,3.222222222,1.922093766,3.380952381,0.60670194,0.3908702182,252.6943109,,63,5058,10,5.0,5.0,0.5,63,43.0,20.0,0.6825396825
638,Cindy & Rick,#ChacAttack,,2,1,1,Co-Ed,1,USA27,,7.0,,7,0,0.0,1,0.1428571429,5.571428571,1.511857892,5.830188679,0.35861678,0.2664872588,-461.5565078,,63,5046,10,4.0,6.0,0.4,53,21.0,32.0,0.3962264151
639,Jazmine & Danielle,#TheTrackStars,,2,0,2,All-Female,1,USA27,,8.0,,5,0,0.0,1,0.2,5.8,2.683281573,5.975609756,0.378015873,0.3728055385,-343.9496098,,63,5032,10,3.0,7.0,0.3,41,17.0,24.0,0.4146341463
640,Ernest & Jin,#TheDancers,,2,2,0,All-Male,1,USA27,,9.0,,3,0,0.0,1,0.3333333333,8.333333333,1.154700538,8.333333333,0.1703703704,0.2064794054,-583.9662954,,63,5016,10,2.0,8.0,0.2,27,5.0,22.0,0.1851851852
641,Alex & Adam,#TheCousins,,2,2,0,All-Male,1,USA27,,10.0,,2,0,0.0,1,0.5,8.0,2.828427125,8.0,0.25,0.3535533906,-327.7885396,,63,5007,10,1.0,9.0,0.1,19,5.0,14.0,0.2631578947
642,Kelly & Shevonne,#TeamTMZ,,2,0,2,All-Female,1,USA27,,11.0,,1,0,0.0,1,1.0,11.0,,11.0,0.0,,-345.9431619,,63,4997,10,0.0,10.0,0.0,10,0.0,10.0,0.0
643,Dana & Matt,@DanaAlexaNY @MattSteffanina,,2,1,1,Co-Ed,1,USA28,,1.0,,12,2,0.1666666667,0,0.0,3.166666667,1.267304465,2.733333333,0.6331349206,0.2318453712,616.3046151,,64,5155,10,10.0,0.0,1.0,75,49.0,26.0,0.6533333333
644,Sheri & Cole,@SheriLaBrant @TheSuperCole,,2,1,1,Co-Ed,1,USA28,,2.0,,12,0,0.0,2,0.1666666667,5.583333333,2.193309386,5.033333333,0.2794973545,0.1828402173,-607.385449,,64,5156,10,9.0,1.0,0.9,75,20.0,55.0,0.2666666667
645,Tyler & Korey,The Amazing Race,,2,2,0,All-Male,2,"USA28, USA31",,2.5,0.7071067812,24,9,0.375,1,0.04166666667,2.583333333,1.839580923,2.456666667,0.7226521164,0.3108955667,1770.649536,,76,6080,20,17.0,3.0,0.85,150,112.0,38.0,0.7466666667
646,Burnie & Ashley,@Burnie @AshleyJ,,2,1,1,Co-Ed,1,USA28,,4.0,,11,0,0.0,1,0.09090909091,3.272727273,1.555050423,3.226027397,0.6368326118,0.271564225,716.1686268,,64,5154,10,7.0,3.0,0.7,73,48.0,25.0,0.6575342466
647,Brodie & Kurt,@BrodieSmith21 @KurtEGibson,,2,2,0,All-Male,1,USA28,,5.0,,10,4,0.4,1,0.1,2.6,1.776388346,2.6,0.7223809524,0.3606777445,855.9363936,,64,5150,10,6.0,4.0,0.6,70,54.0,16.0,0.7714285714
648,Zach & Rachel,@FinalCutKing @RachelHolm3,,2,1,1,Co-Ed,1,USA28,,6.0,,9,1,0.1111111111,1,0.1111111111,4.666666667,2.291287847,4.75,0.4895943563,0.3128777496,63.29815019,,64,5145,10,5.0,5.0,0.5,66,33.0,33.0,0.5
649,Scott & Blair,@ScottFowlerMD @BlairFowler,,2,2,0,All-Male,1,USA28,,7.0,,7,0,0.0,2,0.2857142857,7.428571429,2.370453041,7.428571429,0.2074263039,0.2006114564,-816.2883401,,64,5133,10,4.0,6.0,0.4,56,11.0,45.0,0.1964285714
650,Erin & Joslyn,@HeyErinRobinson @JoslynDavis,,2,0,2,All-Female,1,USA28,,8.0,,5,0,0.0,1,0.2,7.2,1.923538406,6.988636364,0.2816666667,0.2372001031,-539.635574,,64,5119,10,3.0,7.0,0.3,44,13.0,31.0,0.2954545455
651,Brittany & Jessica,@BrittOldehoff @JessVersteeg,,2,0,2,All-Female,1,USA28,,9.0,,4,0,0.0,1,0.25,7.0,1.632993162,6.837837838,0.3388888889,0.2375284258,-366.3289082,,64,5111,10,2.0,8.0,0.2,37,13.0,24.0,0.3513513514
652,Darius & Cameron,@MrLegenDarius @CameronTheB,,2,2,0,All-Male,1,USA28,,10.0,,3,0,0.0,1,0.3333333333,8.0,3.464101615,7.879310345,0.2666666667,0.3785938897,-463.1091491,,64,5102,10,1.0,9.0,0.1,29,8.0,21.0,0.275862069
653,Marty & Hagan,@FlyGirlMom @HaganElizabeth,,2,0,2,All-Female,1,USA28,,11.0,,2,0,0.0,1,0.5,9.5,2.121320344,9.5,0.15,0.2121320344,-466.1885314,,64,5092,10,0.0,10.0,0.0,20,3.0,17.0,0.15
654,Tiến Đạt & Thúc Lĩnh Lincoln,Singer/Hotel Manager,,2,2,0,All-Male,1,VIE5,,1.0,,11,5,0.4545454545,0,0.0,1.636363636,0.6741998625,1.546875,0.8762987013,0.1305083973,1421.817022,,65,5230,9,9.0,0.0,1.0,64,57.0,7.0,0.890625
655,Nhan Phúc Vinh & Thuỳ Dung,Actor/Editor,,2,1,1,Co-Ed,1,VIE5,,3.0,,11,1,0.09090909091,1,0.09090909091,3.454545455,1.368476259,3.578125,0.5164862915,0.2672949046,180.360586,,65,5232,9,7.0,2.0,0.7777777778,64,37.0,27.0,0.578125
656,Trần Hiền & Minh Long,Model/Tattoo Artist,,2,1,1,Co-Ed,1,VIE5,,7.0,,6,0,0.0,1,0.1666666667,5.666666667,2.338090389,5.964539007,0.3826058201,0.3322649561,-415.6273039,,65,5210,9,3.0,6.0,0.3333333333,47,19.0,28.0,0.4042553191
657,Sơn Ngọc Minh & Mâu Thanh Thủy,Singer/Model,,2,1,1,Co-Ed,1,VIE5,,9.0,,4,0,0.0,1,0.25,6.5,2.645751311,7.111111111,0.34375,0.3277650264,-431.40536,,65,5195,9,1.0,8.0,0.1111111111,34,12.0,22.0,0.3529411765
658,Amit & Raz,Father/Son,,2,2,0,All-Male,1,ISR5,,1.0,,13,5,0.3846153846,0,0.0,3.0,2.483277404,2.547619048,0.751048951,0.2518379292,1264.764902,,66,5334,13,13.0,0.0,1.0,84,58.0,26.0,0.6904761905
659,Lee & Tal,Best Friends,,2,0,2,All-Female,1,ISR5,,2.0,,13,2,0.1538461538,0,0.0,4.230769231,2.350668208,3.692307692,0.5103174603,0.2573756112,266.3644119,,66,5335,13,12.0,1.0,0.9230769231,84,42.0,42.0,0.5
660,Josie & Alex,Best Friends,,2,2,0,All-Male,1,ISR5,,3.0,,13,2,0.1538461538,2,0.1538461538,3.538461538,1.761409692,3.266483516,0.5272449772,0.3469704465,326.2557866,,66,5336,13,11.0,2.0,0.8461538462,84,51.0,33.0,0.6071428571
661,Tzion & Aviv,Football Players,,2,2,0,All-Male,1,ISR5,,4.0,,12,1,0.08333333333,2,0.1666666667,3.833333333,2.167249339,3.551594747,0.5524080087,0.3485310386,286.235944,,66,5333,13,10.0,3.0,0.7692307692,82,48.0,34.0,0.5853658537
662,Yael & Yosiel,Cousins,,2,1,1,Co-Ed,2,"ISR5, ISR8",,3.0,2.828427125,23,6,0.2608695652,1,0.04347826087,3.47826087,2.520273528,3.14516129,0.6507967878,0.3301090354,1418.407669,,81,6486,24,20.0,4.0,0.8333333333,155,98.0,57.0,0.6322580645
663,Ben & Ori,Brothers,,2,2,0,All-Male,2,"ISR5, ISR8",,5.0,1.414213562,21,0,0.0,3,0.1428571429,5.714285714,2.326861774,5.429530201,0.3256493506,0.2404708419,-576.2550053,,81,6485,24,16.0,8.0,0.6666666667,149,50.0,99.0,0.3355704698
664,Shon & Kim,Friends,,2,1,1,Co-Ed,1,ISR5,,7.0,,8,0,0.0,1,0.125,4.75,1.488047618,4.372781065,0.4953237734,0.2707315999,20.12265828,,66,5312,13,7.0,6.0,0.5384615385,65,35.0,30.0,0.5384615385
665,Monada & Adriano,Spouses,,2,1,1,Co-Ed,1,ISR5,,8.0,,7,2,0.2857142857,1,0.1428571429,3.142857143,2.410295378,2.955671447,0.7012987013,0.3555997755,649.452044,,66,5305,13,6.0,7.0,0.4615384615,59,44.0,15.0,0.7457627119
666,Naomi & Hen,Sisters-in-Law,,2,0,2,All-Female,1,ISR5,,9.0,,6,0,0.0,1,0.1666666667,6.833333333,2.639444386,6.436390533,0.3287457912,0.2912443011,-565.179849,,66,5297,13,5.0,8.0,0.3846153846,52,17.0,35.0,0.3269230769
667,Gali & Daniel,Spouses,,2,1,1,Co-Ed,1,ISR5,,10.0,,4,1,0.25,1,0.25,5.25,4.031128874,4.995726496,0.5636363636,0.4381277472,46.64832474,,66,5279,13,4.0,9.0,0.3076923077,36,19.0,17.0,0.5277777778
668,Dor & Sapir,Online Dating Couple,,2,1,1,Co-Ed,1,ISR5,,11.0,,3,0,0.0,1,0.3333333333,9.0,3.464101615,8.863247863,0.1414141414,0.1723103243,-653.3186422,,66,5269,13,3.0,10.0,0.2307692308,27,3.0,24.0,0.1111111111
669,Shira & Bar,Friends,,2,0,2,All-Female,1,ISR5,,12.0,,2,0,0.0,1,0.5,9.0,4.242640687,9.687782805,0.08333333333,0.1178511302,-514.1094813,,66,5258,13,2.0,11.0,0.1538461538,17,1.0,16.0,0.05882352941
670,Yossi & Lee,Friends,,2,1,1,Co-Ed,1,ISR5,,13.0,,1,0,0.0,1,1.0,7.0,,10.80769231,0.0,,-280.7354922,,66,5246,13,0.5,12.5,0.03846153846,6,0.0,6.0,0.0
671,Avi & Avi,Childhood Friends,,2,2,0,All-Male,1,ISR5,,13.0,,1,0,0.0,1,1.0,7.0,,10.80769231,0.0,,-280.7354922,,66,5239,13,0.5,12.5,0.03846153846,6,0.0,6.0,0.0
672,Steph & Kristen,Dating,,2,0,2,All-Female,1,CAN4,,1.0,,11,5,0.4545454545,0,0.0,2.0,1.483239697,1.901639344,0.8405483405,0.2172166415,1394.062614,,67,5406,9,9.0,0.0,1.0,61,50.0,11.0,0.8196721311
673,Jillian & Emmett,Exes,,2,1,1,Co-Ed,1,CAN4,,2.0,,11,4,0.3636363636,0,0.0,2.545454545,1.863525496,2.548269581,0.694047619,0.3111053915,831.2054511,,67,5407,9,8.0,1.0,0.8888888889,61,44.0,17.0,0.7213114754
674,Joel & Ashley,Father/Daughter,,2,1,1,Co-Ed,1,CAN4,,3.0,,11,1,0.09090909091,2,0.1818181818,3.454545455,1.439696938,3.704918033,0.4988095238,0.3100430626,152.7510416,,67,5408,9,7.0,2.0,0.7777777778,61,34.0,27.0,0.5573770492
675,Frankie & Amy,Mother/Daughter,,2,0,2,All-Female,1,CAN4,,4.0,,10,0,0.0,1,0.1,4.2,1.032795559,4.615819209,0.4082539683,0.2372979597,-235.7387439,,67,5405,9,6.0,3.0,0.6666666667,59,27.0,32.0,0.4576271186
676,Rita & Yvette,Twins,,2,0,2,All-Female,1,CAN4,,5.0,,9,0,0.0,2,0.2222222222,5.0,1.870828693,5.642857143,0.3423280423,0.2815093042,-421.3771444,,67,5401,9,5.0,4.0,0.5555555556,56,20.0,36.0,0.3571428571
677,Julie & Lowell,Married,,2,1,1,Co-Ed,1,CAN4,,6.0,,7,0,0.0,1,0.1428571429,5.714285714,1.380131119,6.347222222,0.3011337868,0.2114558674,-566.7852098,,67,5391,9,4.0,5.0,0.4444444444,48,15.0,33.0,0.3125
678,Kelly & Kate,Best Friends/Business Partners,,2,0,2,All-Female,1,CAN4,,7.0,,5,1,0.2,2,0.4,5.8,3.633180425,6.263157895,0.3722222222,0.4696005658,-240.3078466,,67,5379,9,3.0,6.0,0.3333333333,38,14.0,24.0,0.3684210526
679,Anne & Tanya,Best Friends,,2,0,2,All-Female,1,CAN4,,8.0,,4,0,0.0,1,0.25,7.25,1.5,7.944444444,0.2118055556,0.2125726092,-624.2311016,,67,5372,9,2.0,7.0,0.2222222222,32,7.0,25.0,0.21875
680,Stéphane & Antoine,Father/Son,,2,2,0,All-Male,1,CAN4,,9.0,,3,0,0.0,1,0.3333333333,4.666666667,3.785938897,5.155555556,0.5509259259,0.4795858338,42.61374911,,67,5364,9,1.0,8.0,0.1111111111,25,14.0,11.0,0.56
681,Anthony & Brandon,Best Friends,,2,2,0,All-Male,1,CAN4,,10.0,,1,0,0.0,1,1.0,10.0,,11.0,0.0,,-332.1928095,,67,5346,9,0.0,9.0,0.0,9,0.0,9.0,0.0
682,Guo Jingjing & Huo Qigang,Married,,2,1,1,Co-Ed,1,CHN3,,1.0,,10,2,0.2,0,0.0,3.3,1.766981104,3.346938776,0.5921428571,0.2713683448,448.4137126,,68,5465,7,7.0,0.0,1.0,49,26.0,23.0,0.5306122449
683,Liu Xiang & Xu Qifeng,Best Friends,,3,3,0,All-Male,1,CHN3,,3.0,,10,2,0.2,1,0.1,3.6,1.95505044,4.411078717,0.4714285714,0.3446309202,73.58419279,,68,5467,7,5.0,2.0,0.7142857143,49,23.0,26.0,0.4693877551
684,Wu Jianhao & Yao Fengfeng,Siblings,,2,1,1,Co-Ed,1,CHN3,,4.0,,9,2,0.2222222222,1,0.1111111111,3.111111111,1.763834207,3.887537994,0.5695767196,0.3480016196,297.2388281,,68,5464,7,4.0,3.0,0.5714285714,47,28.0,19.0,0.5957446809
685,Zhang Zhehan & Zhang Sifan,Best Friends/Actors,,2,2,0,All-Male,1,CHN3,,5.0,,7,1,0.1428571429,1,0.1428571429,3.714285714,1.603567451,4.641114983,0.5054421769,0.3292542775,9.480246983,,68,5456,7,3.0,4.0,0.4285714286,41,22.0,19.0,0.5365853659
686,Jin Xing & Heinz,Married,,2,1,1,Co-Ed,1,CHN3,,6.0,,6,0,0.0,3,0.5,5.333333333,1.632993162,7.023166023,0.2738095238,0.3143398222,-599.2822454,,68,5451,7,2.0,5.0,0.2857142857,37,11.0,26.0,0.2972972973
687,Huang Tingting & Sun Rui,SNH48 Groupmates,,2,0,2,All-Female,1,CHN3,,7.0,,5,1,0.2,1,0.2,4.6,2.880972058,6.223214286,0.4333333333,0.4593448949,-228.7538056,,68,5445,7,1.0,6.0,0.1428571429,32,14.0,18.0,0.4375
688,Zhang Meixi & Zang Yafei,Broadcasters,,2,0,2,All-Female,1,CHN3,,8.0,,2,0,0.0,2,1.0,8.0,0.0,11.0,0.0,0.0,-568.937322,,68,5424,7,0.0,7.0,0.0,14,0.0,14.0,0.0
689,Parul & Maggie,Beauty Queens,,2,0,2,All-Female,1,ASI5,,1.0,,10,1,0.1,0,0.0,3.8,1.813529401,3.5,0.543452381,0.2129272416,301.8993391,,69,5531,10,10.0,0.0,1.0,56,28.0,28.0,0.5
690,Yvonne & Chloe,Beauty Queens,,2,0,2,All-Female,1,ASI5,,2.0,,10,1,0.1,0,0.0,3.3,2.311805451,3.258928571,0.580952381,0.2747476453,386.8848719,,69,5532,10,9.0,1.0,0.9,56,33.0,23.0,0.5892857143
691,Eric & Rona,Married Couple,,2,1,1,Co-Ed,1,ASI5,,3.0,,10,1,0.1,2,0.2,3.6,1.429840706,3.785714286,0.4998809524,0.3260748115,159.4475137,,69,5533,10,8.0,2.0,0.8,56,30.0,26.0,0.5357142857
692,Treasuri & Louisa,Childhood Friends,,2,0,2,All-Female,1,ASI5,,4.0,,9,4,0.4444444444,1,0.1111111111,2.333333333,1.5,2.444444444,0.7055555556,0.3844187532,733.9557321,,69,5530,10,7.0,3.0,0.7,54,42.0,12.0,0.7777777778
693,JK & Mike,Radio DJs,,2,2,0,All-Male,1,ASI5,,5.0,,8,2,0.25,1,0.125,4.625,2.722262714,4.980392157,0.4430059524,0.4204620327,-65.47490951,,69,5526,10,6.0,4.0,0.6,51,22.0,29.0,0.431372549
694,Anita & Tom,Dating,,2,1,1,Co-Ed,1,ASI5,,6.0,,6,0,0.0,1,0.1666666667,4.666666667,2.422120283,4.837209302,0.4617063492,0.3648536008,-93.24386427,,69,5516,10,5.0,5.0,0.5,43,21.0,22.0,0.488372093
695,Will & Alex,Brothers,,2,2,0,All-Male,1,ASI5,,7.0,,5,0,0.0,1,0.2,5.4,2.073644135,5.631578947,0.3985714286,0.3333656447,-254.796704,,69,5510,10,4.0,6.0,0.4,38,16.0,22.0,0.4210526316
696,Rach & Vicky,Travel Hosts,,2,1,1,Co-Ed,1,ASI5,,8.0,,4,0,0.0,2,0.5,6.75,1.5,7.109375,0.25,0.2886751346,-540.9532385,,69,5503,10,3.0,7.0,0.3,32,9.0,23.0,0.28125
697,Alphaeus & Brandon,Old School Mates,,2,2,0,All-Male,1,ASI5,,9.0,,2,1,0.5,1,0.5,5.0,5.656854249,5.0,0.5,0.7071067812,-5.021049161,,69,5487,10,2.0,8.0,0.2,18,10.0,8.0,0.5555555556
698,Rei & Keiji,Siblings,,2,1,1,Co-Ed,1,ASI5,,10.0,,1,0,0.0,0,0.0,10.0,,9.55,0.1,,-276.7545295,,69,5477,10,1.0,9.0,0.1,10,1.0,9.0,0.1
699,Lisa & Nicole,Life Partners,,2,0,2,All-Female,1,ASI5,,11.0,,1,0,0.0,1,1.0,11.0,,11.0,0.0,,-345.9431619,,69,5478,10,0.0,10.0,0.0,10,0.0,10.0,0.0
700,Brooke & Scott,#TeamBrookeandScott,,2,1,1,Co-Ed,1,USA29,,1.0,,12,2,0.1666666667,0,0.0,4.083333333,2.020725942,3.68115942,0.5135251323,0.2966412248,269.0764405,,70,5612,10,10.0,0.0,1.0,69,32.0,37.0,0.4637681159
701,Tara & Joey,#TeamMomandDad,,2,1,1,Co-Ed,1,USA29,,2.0,,12,3,0.25,1,0.08333333333,3.083333333,1.975225342,2.992753623,0.6090277778,0.3149767174,500.3626277,,70,5613,10,9.0,1.0,0.9,69,44.0,25.0,0.6376811594
702,London & Logan,#TeamLoLo,,2,1,1,Co-Ed,1,USA29,,3.0,,12,0,0.0,1,0.08333333333,4.833333333,1.850470866,5.0,0.3306216931,0.1801920872,-446.5346092,,70,5614,10,8.0,2.0,0.8,69,23.0,46.0,0.3333333333
703,Matt & Redmond,#TheBoys,,2,2,0,All-Male,1,USA29,,4.0,,11,2,0.1818181818,1,0.09090909091,2.545454545,1.12815215,2.649253731,0.7264430014,0.2735998894,958.3000165,,70,5611,10,7.0,3.0,0.7,67,50.0,17.0,0.7462686567
704,Becca & Floyd,The Amazing Race,,2,1,1,Co-Ed,2,"USA29, USA31",,5.0,0.0,20,4,0.2,2,0.1,3.7,2.250146194,3.820895522,0.5817857143,0.3422065814,706.4039365,,76,6074,20,12.0,8.0,0.6,134,80.0,54.0,0.5970149254
705,Liz & Michael,#TeamLizandMike,,2,1,1,Co-Ed,1,USA29,,6.0,,8,2,0.25,3,0.375,4.75,3.105295017,5.017857143,0.4142857143,0.446757022,-290.4984872,,70,5597,10,5.0,5.0,0.5,56,26.0,30.0,0.4642857143
706,Vanck & Ashton,#TeamVanckandAshton,,2,1,1,Co-Ed,1,USA29,,7.0,,6,0,0.0,1,0.1666666667,4.833333333,2.136976057,5.0,0.4707671958,0.3207882773,-89.68022734,,70,5585,10,4.0,6.0,0.4,46,23.0,23.0,0.5
707,Shamir & Sara,#TheSandSExpress,,2,1,1,Co-Ed,1,USA29,,8.0,,4,0,0.0,1,0.25,7.25,1.707825128,7.25,0.2402777778,0.2607118697,-568.0503792,,70,5571,10,3.0,7.0,0.3,34,9.0,25.0,0.2647058824
708,Seth & Olive,#TeamAmerica,,2,1,1,Co-Ed,1,USA29,,9.0,,3,1,0.3333333333,1,0.3333333333,4.666666667,4.041451884,4.666666667,0.5555555556,0.5091750772,60.81564341,,70,5563,10,2.0,8.0,0.2,27,16.0,11.0,0.5925925926
709,Jessie & Francesca,#SwoleSisters,,2,0,2,All-Female,1,USA29,,10.0,,2,0,0.0,1,0.5,9.5,0.7071067812,9.5,0.1,0.1414213562,-508.9985321,,70,5554,10,1.0,9.0,0.1,19,2.0,17.0,0.1052631579
710,Kevin & Jenn,#LongHairDontCare,,2,1,1,Co-Ed,1,USA29,,11.0,,1,0,0.0,1,1.0,11.0,,11.0,0.0,,-345.9431619,,70,5544,10,0.0,10.0,0.0,10,0.0,10.0,0.0
711,Sam & Paul,Dating Couple,,2,2,0,All-Male,1,CAN5,,1.0,,11,6,0.5454545455,0,0.0,2.0,1.264911064,1.93220339,0.8595238095,0.1706829021,1441.801146,,71,5682,9,9.0,0.0,1.0,59,48.0,11.0,0.813559322
712,Kenneth & Ryan,Best Friends,,2,2,0,All-Male,1,CAN5,,2.0,,11,1,0.09090909091,0,0.0,3.272727273,1.61807967,3.354048964,0.5562770563,0.2436920121,335.9460949,,71,5683,9,8.0,1.0,0.8888888889,59,34.0,25.0,0.5762711864
713,Korey & Ivana,Best Friends,,2,1,1,Co-Ed,1,CAN5,,3.0,,11,0,0.0,1,0.09090909091,4.090909091,1.972538743,4.52165725,0.3791847042,0.3136639755,-319.3280398,,71,5684,9,7.0,2.0,0.7777777778,59,25.0,34.0,0.4237288136
714,Karen & Bert,Married Couple,,2,1,1,Co-Ed,1,CAN5,,4.0,,10,0,0.0,2,0.2,4.5,0.8498365856,5.093567251,0.346468254,0.2010110682,-454.5971386,,71,5681,9,6.0,3.0,0.6666666667,57,22.0,35.0,0.3859649123
715,Adam & Andrea,Brother/Sister,,2,1,1,Co-Ed,1,CAN5,,5.0,,9,2,0.2222222222,1,0.1111111111,3.222222222,1.855921454,3.674897119,0.6120811287,0.327928541,408.0031205,,71,5677,9,5.0,4.0,0.5555555556,54,34.0,20.0,0.6296296296
716,Andrea & Ebonie,Business Partners,,2,0,2,All-Female,1,CAN5,,6.0,,7,0,0.0,3,0.4285714286,5.285714286,2.288688541,6.072463768,0.3120748299,0.3894127678,-533.2410215,,71,5667,9,4.0,5.0,0.4444444444,46,16.0,30.0,0.347826087
717,Zed & Shabbir,Father/Son,,2,2,0,All-Male,1,CAN5,,7.0,,5,1,0.2,1,0.2,4.2,2.588435821,4.703703704,0.5527777778,0.39239491,132.4144541,,71,5655,9,3.0,6.0,0.3333333333,36,20.0,16.0,0.5555555556
718,Megan & Courtney,Cousins,,2,0,2,All-Female,1,CAN5,,8.0,,3,1,0.3333333333,1,0.3333333333,6.0,4.358898944,6.555555556,0.3703703704,0.5480980958,-204.4615513,,71,5641,9,2.0,7.0,0.2222222222,24,9.0,15.0,0.375
719,Dan & Riya,YouTube Creators,,2,1,1,Co-Ed,1,CAN5,,9.0,,2,0,0.0,1,0.5,8.5,0.7071067812,9.333333333,0.1111111111,0.1571348403,-474.3442551,,71,5633,9,1.0,8.0,0.1111111111,17,2.0,15.0,0.1176470588
720,Aaron & Deb,Mother/Son,,2,1,1,Co-Ed,1,CAN5,,10.0,,1,0,0.0,1,1.0,10.0,,11.0,0.0,,-332.1928095,,71,5624,9,0.0,9.0,0.0,9,0.0,9.0,0.0
721,Jia Jingwen & Xiu Jiekai,Married,,2,1,1,Co-Ed,1,CHN4,,1.0,,10,6,0.6,0,0.0,2.4,2.065591118,2.489361702,0.7285714286,0.359375736,940.4949191,,72,5739,7,7.0,0.0,1.0,47,33.0,14.0,0.7021276596
722,Zheng Yuanchang & Wang Likun,Partners,,2,1,1,Co-Ed,1,CHN4,,2.0,,10,2,0.2,1,0.1,2.7,1.494434118,3.066869301,0.5973809524,0.3364114305,408.2920659,,72,5740,7,6.0,1.0,0.8571428571,47,30.0,17.0,0.6382978723
723,Wu Minxia & Zhang Xiaocheng,Married,,2,1,1,Co-Ed,1,CHN4,,3.0,,10,0,0.0,1,0.1,2.9,0.994428926,3.598784195,0.5516666667,0.2546866081,267.8874549,,72,5741,7,5.0,2.0,0.7142857143,47,28.0,19.0,0.5957446809
724,Qiang Zi & Zhang Xingyue,Colleagues,,2,1,1,Co-Ed,1,CHN4,,4.0,,9,1,0.1111111111,1,0.1111111111,3.555555556,1.740051085,4.650793651,0.4777777778,0.3474294166,-1.201023662,,72,5738,7,4.0,3.0,0.5714285714,45,22.0,23.0,0.4888888889
725,Zhang Jike & Zhang Chuanming,Father/Son,,2,2,0,All-Male,1,CHN4,,5.0,,6,0,0.0,3,0.5,5.666666667,1.366260102,7.666666667,0.1420634921,0.1722313654,-831.0085657,,72,5730,7,3.0,4.0,0.4285714286,33,5.0,28.0,0.1515151515
726,Lu Ting & Xuyang Yuzhuo,SNH48 Groupmates,,3,0,3,All-Female,1,CHN4,,6.0,,5,0,0.0,1,0.2,4.6,1.140175425,5.976958525,0.4,0.257759402,-216.2957413,,72,5720,7,2.0,5.0,0.2857142857,31,13.0,18.0,0.4193548387
727,Fan Bingbing & Xie Yilin,Friends,,2,0,2,All-Female,1,CHN4,,7.0,,4,1,0.25,1,0.25,3.5,2.516611478,4.571428571,0.6071428571,0.4265826873,139.86621,,72,5714,7,1.0,6.0,0.1428571429,26,16.0,10.0,0.6153846154
728,Deng Bin & Wang Xinyu,VARSITY-V Groupmates,,2,2,0,All-Male,1,CHN4,,8.0,,3,0,0.0,2,0.6666666667,7.333333333,0.5773502692,10.5,0.04761904762,0.08247860988,-708.0353191,,72,5707,7,0.0,7.0,0.0,20,1.0,19.0,0.05
729,Tohar & Evelyn,Married +2,,2,1,1,Co-Ed,1,ISR6,,1.0,,12,3,0.25,0,0.0,3.833333333,2.691175253,3.297297297,0.5441077441,0.3545826239,371.0466949,,73,5836,11,11.0,0.0,1.0,74,40.0,34.0,0.5405405405
730,Daniel & Eliyahu,Models,,2,2,0,All-Male,1,ISR6,,2.0,,12,4,0.3333333333,0,0.0,3.166666667,3.040135563,2.916461916,0.6840638528,0.3228393027,985.6326281,,73,5837,11,10.0,1.0,0.9090909091,74,48.0,26.0,0.6486486486
731,Regev & Helen,Married +2,,2,1,1,Co-Ed,1,ISR6,,3.0,,14,4,0.2857142857,2,0.1428571429,3.0,1.961161351,2.993428258,0.5975907029,0.3746506556,524.0529666,,73,5838,11,9.0,2.0,0.8181818182,83,55.0,28.0,0.6626506024
732,Omer & Neta,Siblings,,2,1,1,Co-Ed,2,"ISR6, ISR8",,3.5,0.7071067812,23,2,0.08695652174,3,0.1304347826,4.130434783,2.473575767,3.985257985,0.5018021833,0.3246585123,339.957027,,81,6488,22,17.0,5.0,0.7727272727,148,76.0,72.0,0.5135135135
733,Yarden & Anne,Friends,,2,0,2,All-Female,2,"ISR6, ISR8",,7.0,2.828427125,14,0,0.0,2,0.1428571429,5.857142857,2.507132682,5.910790144,0.3578849722,0.2618719023,-859.7922203,,81,6442,22,10.0,12.0,0.4545454545,107,39.0,68.0,0.3644859813
734,Meitar & Adi,Childhood Friends,,2,1,1,Co-Ed,1,ISR6,,6.0,,10,1,0.1,1,0.1,3.3,1.888562063,3.38961039,0.6374963925,0.3163758498,502.7558336,,73,5823,11,6.0,5.0,0.5454545455,70,47.0,23.0,0.6714285714
735,Mor & Mor,New Mothers,,2,0,2,All-Female,1,ISR6,,7.0,,6,0,0.0,1,0.1666666667,5.833333333,2.136976057,5.393939394,0.4101551227,0.3192451415,-227.1607116,,73,5798,11,5.0,6.0,0.4545454545,51,22.0,29.0,0.431372549
736,Yossi & Udi,Firefighter/Volunteer Policeman,,2,2,0,All-Male,1,ISR6,,8.0,,7,0,0.0,2,0.2857142857,6.285714286,2.429971585,6.681818182,0.29004329,0.2287830409,-624.1727422,,73,5824,11,4.0,7.0,0.3636363636,54,16.5,37.5,0.3055555556
737,Avivit & Honey,Holon Municipality Officers,,2,0,2,All-Female,1,ISR6,,9.0,,5,0,0.0,2,0.4,7.2,1.303840481,7.226215645,0.2353535354,0.2392894969,-695.956532,,73,5819,11,3.0,8.0,0.2727272727,43,12.0,31.0,0.2790697674
738,Nimrod & Yonatan,Pianists,,2,2,0,All-Male,1,ISR6,,10.0,,5,0,0.0,2,0.4,5.4,2.701851217,6.244755245,0.3522727273,0.3464474368,-373.9163318,,73,5825,11,2.0,9.0,0.1818181818,39,16.5,22.5,0.4230769231
739,Asaf & Jessica,Exes,,2,1,1,Co-Ed,1,ISR6,,11.0,,4,0,0.0,1,0.25,6.25,4.425306016,7.681818182,0.4056818182,0.3359410736,-237.1546495,,73,5826,11,1.0,10.0,0.09090909091,30,9.0,21.0,0.3
740,Noa & Ma'ayan,Cousins,,2,0,2,All-Female,1,ISR6,,12.0,,1,0,0.0,1,1.0,12.0,,11.0,0.0,,-358.4962501,,73,5753,11,0.0,11.0,0.0,11,0.0,11.0,0.0
741,Cody & Jessica,#TeamBigBrother,,2,1,1,Co-Ed,1,USA30,,1.0,,12,2,0.1666666667,1,0.08333333333,3.416666667,1.928651594,3.107142857,0.5508928571,0.3430649341,312.9708684,,74,5918,10,10.0,0.0,1.0,70,40.5,29.5,0.5785714286
742,Henry & Evan,#TeamYale,,2,1,1,Co-Ed,1,USA30,,2.0,,12,2,0.1666666667,1,0.08333333333,3.5,1.977142106,3.396428571,0.5446097884,0.2941528536,369.3748302,,74,5919,10,9.0,1.0,0.9,70,39.5,30.5,0.5642857143
743,Kristi & Jen,#TeamExtreme,,2,0,2,All-Female,1,USA30,,3.0,,12,2,0.1666666667,2,0.1666666667,2.583333333,1.083624669,2.671428571,0.6209656085,0.3400768534,574.6227952,,74,5920,10,8.0,2.0,0.8,70,50.5,19.5,0.7214285714
744,Alex & Conor,#TeamIndyCar,,2,2,0,All-Male,1,USA30,,4.0,,11,4,0.3636363636,1,0.09090909091,2.909090909,1.758098146,3.055147059,0.6781024531,0.31303165,825.540922,,74,5917,10,7.0,3.0,0.7,68,46.5,21.5,0.6838235294
745,Lucas & Brittany,#TeamOceanRescue,,2,1,1,Co-Ed,1,USA30,,5.0,,9,3,0.3333333333,1,0.1111111111,4.666666667,2.958039892,4.782258065,0.4808641975,0.391921323,146.3726869,,74,5909,10,6.0,4.0,0.6,62,28.5,33.5,0.4596774194
746,Eric & Daniel,#TheFirefighters,,2,2,0,All-Male,1,USA30,,6.0,,8,0,0.0,1,0.125,5.625,2.615202806,5.849137931,0.3698412698,0.2897618939,-272.4710547,,74,5904,10,5.0,5.0,0.5,58,20.5,37.5,0.3534482759
747,Trevor & Chris,#TeamWellStrung,,2,2,0,All-Male,1,USA30,,7.0,,6,0,0.0,1,0.1666666667,5.166666667,1.471960144,5.166666667,0.4390873016,0.2962065689,-208.8881113,,74,5892,10,4.0,6.0,0.4,48,23.0,25.0,0.4791666667
748,Joey & Tim,#TeamChomp,,2,2,0,All-Male,1,USA30,,8.0,,5,0,0.0,1,0.2,6.2,1.483239697,6.261904762,0.3666666667,0.2345948043,-322.701122,,74,5885,10,3.0,7.0,0.3,42,16.0,26.0,0.380952381
749,Cedric & Shawn,#TeamSlamDunk,,2,2,0,All-Male,1,USA30,,9.0,,4,0,0.0,2,0.5,7.25,3.5,7.428571429,0.2722222222,0.4217833977,-509.4206218,,74,5877,10,2.0,8.0,0.2,35,10.0,25.0,0.2857142857
750,April & Sarah,#TeamGoatYoga,,2,0,2,All-Female,1,USA30,,10.0,,2,0,0.0,1,0.5,10.0,0.0,10.0,0.05,0.07071067812,-569.4580309,,74,5859,10,1.0,9.0,0.1,19,1.0,18.0,0.05263157895
751,Dessie & Kayla,#TheRingGirls,,2,0,2,All-Female,1,USA30,,11.0,,1,0,0.0,1,1.0,11.0,,11.0,0.0,,-345.9431619,,74,5849,10,0.0,10.0,0.0,10,0.0,10.0,0.0
752,Courtney & Adam,First Responders,,2,1,1,Co-Ed,1,CAN6,,1.0,,11,1,0.09090909091,0,0.0,4.636363636,2.377928816,4.174603175,0.4157647908,0.3077799927,-124.3198701,,75,5992,9,9.0,0.0,1.0,63,23.0,40.0,0.3650793651
753,Taylor & Courtney,Mounties,,2,1,1,Co-Ed,1,CAN6,,2.0,,11,5,0.4545454545,0,0.0,2.363636364,1.566698904,2.322751323,0.7576479076,0.2450472553,1044.910016,,75,5993,9,8.0,1.0,0.8888888889,63,48.0,15.0,0.7619047619
754,Dylan & Kwame,Coaches,,2,2,0,All-Male,1,CAN6,,3.0,,11,1,0.09090909091,1,0.09090909091,3.727272727,1.348399725,3.91005291,0.4982683983,0.2700405003,121.6169764,,75,5994,9,7.0,2.0,0.7777777778,63,33.0,30.0,0.5238095238
755,Martina & Phil,Volunteers,,2,1,1,Co-Ed,1,CAN6,,4.0,,10,0,0.0,1,0.1,4.1,1.728840331,4.387978142,0.4902380952,0.2521130154,109.2989116,,75,5991,9,6.0,3.0,0.6666666667,61,30.0,31.0,0.4918032787
756,Nancy & Mellisa,Elite Athletes,,2,0,2,All-Female,1,CAN6,,5.0,,9,1,0.1111111111,2,0.2222222222,3.666666667,2.397915762,3.988505747,0.5458553792,0.4227883683,176.2799826,,75,5987,9,5.0,4.0,0.5555555556,58,34.0,24.0,0.5862068966
757,Leanne & Mar,Mentors,,2,0,2,All-Female,1,CAN6,,6.0,,8,2,0.25,1,0.125,3.5,1.927248223,3.880658436,0.5802083333,0.3581239006,199.0795244,,75,5982,9,4.0,5.0,0.4444444444,54,34.0,20.0,0.6296296296
758,Zainab & Monica,Navy Sailors,,2,0,2,All-Female,1,CAN6,,7.0,,6,0,0.0,3,0.5,6.666666667,1.632993162,7.439393939,0.210978836,0.2527801658,-783.0248485,,75,5970,9,3.0,6.0,0.3333333333,44,10.0,34.0,0.2272727273
759,Todd & Anna,Advocates,,2,1,1,Co-Ed,1,CAN6,,8.0,,4,1,0.25,1,0.25,3.5,3.109126351,3.777777778,0.6631944444,0.4513888889,305.2845049,,75,5956,9,2.0,7.0,0.2222222222,32,22.0,10.0,0.6875
760,Joseph & Akash,Volunteers,,2,2,0,All-Male,1,CAN6,,9.0,,3,0,0.0,1,0.3333333333,8.666666667,0.5773502692,9.688888889,0.0787037037,0.06851226198,-716.932388,,75,5948,9,1.0,8.0,0.1111111111,25,2.0,23.0,0.08
761,Chewy & Happy,Reitred Air Force Pilots,,2,2,0,All-Male,1,CAN6,,10.0,,1,0,0.0,1,1.0,10.0,,11.0,0.0,,-332.1928095,,75,5930,9,0.0,9.0,0.0,9,0.0,9.0,0.0
762,Nicole & Victor,Big Brother,,2,1,1,Co-Ed,1,USA31,,4.0,,11,0,0.0,2,0.1818181818,3.818181818,1.778661397,3.760273973,0.515007215,0.3407793087,413.0765324,,76,6078,10,7.0,3.0,0.7,73,42.0,31.0,0.5753424658
763,Chris & Bret,Survivor,,2,2,0,All-Male,1,USA31,,6.0,,9,0,0.0,2,0.2222222222,5.222222222,2.587362449,5.318181818,0.4223104056,0.3446401601,127.2149677,,76,6069,10,5.0,5.0,0.5,66,28.0,38.0,0.4242424242
764,Rachel & Elissa,Big Brother,,2,0,2,All-Female,1,USA31,,7.0,,8,0,0.0,2,0.25,6.125,1.885091889,6.37704918,0.2911210317,0.2991824348,-516.8757383,,76,6063,10,4.0,6.0,0.4,61,20.0,41.0,0.3278688525
765,Janelle & Britney,Big Brother,,2,0,2,All-Female,1,USA31,,8.0,,6,0,0.0,1,0.1666666667,6.666666667,1.211060142,6.897959184,0.2943783069,0.1808027118,-408.057713,,76,6049,10,3.0,7.0,0.3,49,15.0,34.0,0.306122449
766,Corinne & Eliza,Survivor,,2,0,2,All-Female,1,USA31,,9.0,,4,0,0.0,1,0.25,7.25,2.061552813,7.428571429,0.2861111111,0.231006921,-327.7284252,,76,6033,10,2.0,8.0,0.2,35,10.0,25.0,0.2857142857
767,Rupert & Laura,Survivor,,2,1,1,Co-Ed,1,USA31,,10.0,,2,0,0.0,1,0.5,10.0,0.0,10.0,0.05,0.07071067812,-493.6896464,,76,6015,10,1.0,9.0,0.1,19,1.0,18.0,0.05263157895
768,Anthony & James,Married Couple,,2,2,0,All-Male,1,CAN7,,1.0,,11,3,0.2727272727,1,0.09090909091,3.272727273,2.101947149,3.161016949,0.6136724387,0.3443987865,601.506565,,77,6149,9,9.0,0.0,1.0,59,33.5,25.5,0.5677966102
769,Sarah & Sam,Teammates,,2,1,1,Co-Ed,1,CAN7,,2.0,,11,1,0.09090909091,0,0.0,2.909090909,1.300349603,2.97740113,0.619011544,0.2278021428,553.7689586,,77,6150,9,8.0,1.0,0.8888888889,59,38.0,21.0,0.6440677966
770,Lauren & Joanne,Sisters,,2,0,2,All-Female,1,CAN7,,3.0,,11,0,0.0,1,0.09090909091,4.363636364,1.629277587,4.832391714,0.3451298701,0.2348061236,-379.4526434,,77,6151,9,7.0,2.0,0.7777777778,59,22.0,37.0,0.3728813559
771,Dave & Irina,Married Couple,,2,1,1,Co-Ed,1,CAN7,,4.0,,10,4,0.4,1,0.1,2.4,1.429840706,2.637426901,0.6975,0.3441766432,757.3554713,,77,6148,9,6.0,3.0,0.6666666667,57,43.0,14.0,0.7543859649
772,Aarthy & Thinesh,Dating Couple,,2,1,1,Co-Ed,1,CAN7,,5.0,,9,3,0.3333333333,1,0.1111111111,3.0,2.179449472,3.474279835,0.6378306878,0.3786246676,514.8254153,,77,6144,9,5.0,4.0,0.5555555556,54,35.5,18.5,0.6574074074
773,Trish & Amy,Friends,,2,0,2,All-Female,1,CAN7,,6.0,,7,0,0.0,3,0.4285714286,6.0,1.154700538,6.917874396,0.2069160998,0.2386944463,-819.3536511,,77,6134,9,4.0,5.0,0.4444444444,46,11.0,35.0,0.2391304348
774,Meaghan & Marie,Twin Sisters,,2,0,2,All-Female,1,CAN7,,7.0,,5,0,0.0,1,0.2,4.6,2.073644135,5.166666667,0.4793650794,0.3471530543,-52.46288881,,77,6122,9,3.0,6.0,0.3333333333,36,18.0,18.0,0.5
775,Gilles & Sean,Grandfather/Grandson,,2,2,0,All-Male,1,CAN7,,8.0,,3,0,0.0,1,0.3333333333,6.666666667,3.214550254,7.296296296,0.287037037,0.4047683888,-340.673993,,77,6108,9,2.0,7.0,0.2222222222,24,7.0,17.0,0.2916666667
776,Nicki & Aisha,Best Friends,,2,0,2,All-Female,1,CAN7,,9.0,,2,0,0.0,1,0.5,8.5,0.7071067812,9.333333333,0.1111111111,0.1571348403,-470.722234,,77,6100,9,1.0,8.0,0.1111111111,17,2.0,15.0,0.1176470588
777,Lệ Hằng & H'Hen Niê,Beauty Queens,,2,0,2,All-Female,1,VIE6,,1.0,,10,2,0.2,0,0.0,3.2,1.988857852,2.844262295,0.6774603175,0.2383679215,892.0595675,,78,6219,9,9.0,0.0,1.0,61,38.5,22.5,0.631147541
778,S.T Sơn Thạch & Bình An,Singer/Actor,,2,2,0,All-Male,1,VIE6,,2.0,,10,5,0.5,0,0.0,1.7,0.8232726023,1.683060109,0.8430952381,0.1822857101,1327.991001,,78,6220,9,8.0,1.0,0.8888888889,61,53.5,7.5,0.8770491803
779,Đỗ Mỹ Linh & Lê Xuân Tiền,Beauty Queen/Model,,2,1,1,Co-Ed,1,VIE6,,3.0,,10,2,0.2,0,0.0,3.0,1.490711985,3.003642987,0.6531746032,0.2441270071,756.0257505,,78,6221,9,7.0,2.0,0.7777777778,61,41.0,20.0,0.6721311475
780,Minh Triệu & Kỳ Duyên,Supermodel/Beauty Queen,,2,0,2,All-Female,1,VIE6,,4.0,,10,0,0.0,2,0.2,5.1,1.852925615,5.480874317,0.2909920635,0.2373113234,-535.7142457,,78,6222,9,6.0,3.0,0.6666666667,61,20.0,41.0,0.3278688525
781,Trần Quốc Anh & MLee,Actor/Singer,,2,1,1,Co-Ed,1,VIE6,,5.0,,8,1,0.125,1,0.125,2.875,1.552647509,2.96969697,0.6512400794,0.3737181259,496.8599985,,78,6214,9,5.0,4.0,0.5555555556,55,40.0,15.0,0.7272727273
782,Johnny & Huy Trần,Master Trainer/Businessman,,2,2,0,All-Male,1,VIE6,,6.0,,7,0,0.0,2,0.2857142857,5.714285714,1.380131119,6.108932462,0.3049886621,0.267530455,-596.7305649,,78,6209,9,4.0,5.0,0.4444444444,51,17.5,33.5,0.3431372549
783,Hoàng Hạnh & Lương Gia Huy,Beauty Queen/Actor,,2,1,1,Co-Ed,1,VIE6,,7.0,,6,0,0.0,2,0.3333333333,7.0,1.673320053,7.612318841,0.2093253968,0.1780227461,-741.733084,,78,6203,9,3.0,6.0,0.3333333333,46,9.5,36.5,0.2065217391
784,Anh Quân & Quốc Thiên,Model/Singer,,2,2,0,All-Male,1,VIE6,,8.0,,5,0,0.0,2,0.4,6.4,1.816590212,7.111111111,0.2837301587,0.3046717273,-582.4216604,,78,6196,9,2.0,7.0,0.2222222222,40,12.5,27.5,0.3125
785,Emma & Tôn Kinh Lâm,Singer/Actor,,2,1,1,Co-Ed,1,VIE6,,9.0,,3,0,0.0,1,0.3333333333,7.333333333,1.527525232,7.901709402,0.2592592593,0.2312962222,-426.3031943,,78,6180,9,1.0,8.0,0.1111111111,26,7.0,19.0,0.2692307692
786,Chu Minh Vũ & Vũ Xuân Tiến,Journalist/BTV Sports Editor,,2,2,0,All-Male,1,VIE6,,10.0,,2,0,0.0,2,1.0,9.5,0.7071067812,10.72222222,0.02777777778,0.03928371007,-590.0335678,,78,6171,9,0.0,9.0,0.0,18,0.5,17.5,0.02777777778
787,Fey & Tia,Models,,2,0,2,All-Female,1,ISR7,,1.0,,12,4,0.3333333333,1,0.08333333333,3.666666667,2.640018365,2.927710843,0.6545454545,0.3300641085,917.4039991,,79,6315,11,11.0,0.0,1.0,83,51.0,32.0,0.6144578313
788,Karin & Ariel,Newlyweds,,2,1,1,Co-Ed,1,ISR7,,2.0,,12,1,0.08333333333,0,0.0,3.916666667,1.729862492,3.300109529,0.5951749639,0.1928682646,649.3001502,,79,6316,11,10.0,1.0,0.9090909091,83,48.0,35.0,0.578313253
789,Haviv & Itzak,Twins,,2,2,0,All-Male,1,ISR7,,3.0,,12,4,0.3333333333,1,0.08333333333,2.416666667,1.311372171,2.210295728,0.7010822511,0.3253882505,960.2973841,,79,6317,11,9.0,2.0,0.8181818182,83,66.0,17.0,0.7951807229
790,Eyal & Sid,Unit 8200 Members,,2,2,0,All-Male,1,ISR7,,4.0,,11,2,0.1818181818,1,0.09090909091,3.363636364,2.110579412,3.042648709,0.5953725567,0.3792224107,430.1907351,,79,6314,11,8.0,3.0,0.7272727273,81,55.0,26.0,0.6790123457
791,Nisim & Orel,Siblings,,2,1,1,Co-Ed,1,ISR7,,5.0,,10,0,0.0,2,0.2,6.4,2.270584849,5.72027972,0.2929184704,0.2022018641,-613.2916061,,79,6310,11,7.0,4.0,0.6363636364,78,24.0,54.0,0.3076923077
792,Tali & Gili,Best Friends,,2,0,2,All-Female,1,ISR7,,6.0,,9,0,0.0,1,0.1111111111,5.555555556,2.603416559,5.029484029,0.4342873176,0.293213117,-108.4548172,,79,6305,11,6.0,5.0,0.5454545455,74,33.0,41.0,0.4459459459
793,Eden & Aviad,Married +1,,2,1,1,Co-Ed,1,ISR7,,7.0,,8,1,0.125,1,0.125,3.75,2.052872552,3.463768116,0.6530077561,0.3276432711,543.5203767,,79,6299,11,5.0,6.0,0.4545454545,69,47.0,22.0,0.6811594203
794,Michal & Omer,Instagram Stars,,2,0,2,All-Female,1,ISR7,,8.0,,7,0,0.0,1,0.1428571429,7.714285714,2.288688541,7.103896104,0.2601216244,0.2297448586,-703.8228873,,79,6292,11,4.0,7.0,0.3636363636,63,16.0,47.0,0.253968254
795,Ben & Ran,Co-Workers,,2,2,0,All-Male,1,ISR7,,9.0,,5,0,0.0,1,0.2,7.8,2.167948339,6.99257885,0.2935353535,0.2536375503,-542.3751484,,79,6276,11,3.0,8.0,0.2727272727,49,15.0,34.0,0.306122449
796,Yehudit & Zohar,Mother/Daughter,,2,0,2,All-Female,1,ISR7,,10.0,,4,0,0.0,1,0.25,7.5,3.785938897,6.764966741,0.3431818182,0.4072602136,-439.0960793,,79,6267,11,2.0,9.0,0.1818181818,41,15.0,26.0,0.3658536585
797,Kamle & Bahira,Childhood Friends,,2,0,2,All-Female,1,ISR7,,11.0,,3,0,0.0,1,0.3333333333,11.0,0.0,9.948863636,0.06060606061,0.05248638811,-819.780507,,79,6257,11,1.0,10.0,0.09090909091,32,2.0,30.0,0.0625
798,Noy & Hadar,Identical Twins,,2,0,2,All-Female,1,ISR7,,12.0,,2,0,0.0,1,0.5,8.5,4.949747468,7.818181818,0.3181818182,0.4499770426,-273.8915998,,79,6246,11,0.0,11.0,0.0,22,7.0,15.0,0.3181818182
799,Tim & Rod,Newlyweds,,2,2,0,All-Male,1,AUS4,,1.0,,12,2,0.1666666667,0,0.0,3.0,1.414213562,2.690140845,0.6857142857,0.2286548369,930.7220354,,80,6398,10,10.0,0.0,1.0,71,47.0,24.0,0.661971831
800,Jasmin & Jerome,Deadly Duo,,2,1,1,Co-Ed,1,AUS4,,2.0,,12,1,0.08333333333,0,0.0,3.333333333,1.497472618,3.169014085,0.5921296296,0.2051690105,603.5530401,,80,6399,10,9.0,1.0,0.9,71,43.0,28.0,0.6056338028
801,Viv & Joey,Mighty Siblings,,2,1,1,Co-Ed,1,AUS4,,3.0,,12,0,0.0,2,0.1666666667,3.833333333,1.898963034,3.873239437,0.4463955026,0.338846283,-52.2111647,,80,6400,10,8.0,2.0,0.8,71,37.0,34.0,0.5211267606
802,Tom & Tyler,Footy Mates,,2,2,0,All-Male,1,AUS4,,4.0,,11,8,0.7272727273,1,0.09090909091,1.636363636,1.206045378,1.65942029,0.8506493506,0.3201634555,1456.202681,,80,6397,10,7.0,3.0,0.7,69,62.0,7.0,0.8985507246
803,Femi & Nick,Nurses,,2,2,0,All-Male,1,AUS4,,5.0,,10,0,0.0,1,0.1,5.5,1.957890021,5.772727273,0.3017063492,0.2262460133,-549.2121723,,80,6393,10,6.0,4.0,0.6,66,21.0,45.0,0.3181818182
804,Sid & Ash,Influencers,,2,1,1,Co-Ed,1,AUS4,,6.0,,8,1,0.125,2,0.25,5.25,2.49284691,5.396551724,0.4037202381,0.3539262389,-185.5537868,,80,6383,10,5.0,5.0,0.5,58,24.0,34.0,0.4137931034
805,Hayley & Mikayla,Sisters,,2,0,2,All-Female,1,AUS4,,7.0,,6,0,0.0,1,0.1666666667,4.333333333,1.966384161,4.333333333,0.5397486772,0.3447387756,93.18135922,,80,6371,10,4.0,6.0,0.4,48,28.0,20.0,0.5833333333
806,Chris & Adrienne,Farmer & Firie,,2,1,1,Co-Ed,1,AUS4,,8.0,,5,0,0.0,1,0.2,7.0,1.0,7.071428571,0.2688888889,0.1951119495,-574.4210667,,80,6364,10,3.0,7.0,0.3,42,12.0,30.0,0.2857142857
807,Rowah & Amani,Mum & Daughter,,2,0,2,All-Female,1,AUS4,,9.0,,4,0,0.0,2,0.5,8.5,0.5773502692,8.714285714,0.1305555556,0.1540602736,-806.8597326,,80,6356,10,2.0,8.0,0.2,35,5.0,30.0,0.1428571429
808,Judy & Therese,Nuns,,2,0,2,All-Female,1,AUS4,,10.0,,2,0,0.0,1,0.5,10.0,0.0,10.0,0.05,0.07071067812,-569.4580309,,80,6338,10,1.0,9.0,0.1,19,1.0,18.0,0.05263157895
809,Alana & Niko,Gen Z Siblings,,2,1,1,Co-Ed,1,AUS4,,11.0,,1,0,0.0,1,1.0,11.0,,11.0,0.0,,-345.9431619,,80,6328,10,0.0,10.0,0.0,10,0.0,10.0,0.0
810,Asaf & Netah,Childhood Friends,,2,2,0,All-Male,1,ISR8,,2.0,,12,4,0.3333333333,0,0.0,2.583333333,1.621353718,2.363636364,0.7234728235,0.2646769647,1051.017049,,81,6487,11,10.0,1.0,0.9090909091,76,57.0,19.0,0.75
811,Ash & Alice,Spouses,,2,1,1,Co-Ed,1,ISR8,,6.0,,8,1,0.125,1,0.125,5.0,2.390457219,4.694083694,0.4346590909,0.3730163434,-261.6148594,,81,6471,11,6.0,5.0,0.5454545455,63,31.0,32.0,0.4920634921
812,Eviatar & Liane,Married,,2,1,1,Co-Ed,1,ISR8,,7.0,,7,1,0.1428571429,1,0.1428571429,5.142857143,2.115700942,4.863636364,0.447675737,0.3271594111,-209.5727025,,81,6465,11,5.0,6.0,0.4545454545,58,29.0,29.0,0.5
813,Tali & Gili,Siblings,,2,1,1,Co-Ed,1,ISR8,,8.0,,6,0,0.0,1,0.1666666667,6.833333333,2.041241452,6.506993007,0.3208573834,0.2606708422,-508.2731748,,81,6458,11,4.0,7.0,0.3636363636,52,17.0,35.0,0.3269230769
814,Shiri & Noga,Identical Twins,,2,0,2,All-Female,1,ISR8,,11.0,,2,0,0.0,1,0.5,8.5,3.535533906,7.818181818,0.2727272727,0.3856946079,-333.5286032,,81,6423,11,1.0,10.0,0.09090909091,21,6.0,15.0,0.2857142857
815,Ruthie & Michal,Cousins,,2,0,2,All-Female,1,ISR8,,12.0,,1,0,0.0,1,1.0,12.0,,11.0,0.0,,-369.1860743,,81,6412,11,0.0,11.0,0.0,11,0.0,11.0,0.0
816,Will & James,Boyfriends,,2,2,0,All-Male,1,USA32,,1.0,,12,4,0.3333333333,0,0.0,2.583333333,1.621353718,2.319444444,0.7527116402,0.2071688291,1230.05619,,82,6570,10,10.0,0.0,1.0,72,53.0,19.0,0.7361111111
817,Hung & Chee,Married Parents,,2,1,1,Co-Ed,1,USA32,,2.0,,12,2,0.1666666667,0,0.0,2.833333333,1.403458931,2.680555556,0.6237103175,0.2582769495,614.3968306,,82,6571,10,9.0,1.0,0.9,72,50.0,22.0,0.6944444444
818,Riley & Maddison,Pro Volleyball Players,,2,2,0,All-Male,1,USA32,,3.0,,12,5,0.4166666667,1,0.08333333333,2.166666667,1.193416283,2.166666667,0.786739418,0.2897453162,1417.857517,,82,6572,10,8.0,2.0,0.8,72,58.0,14.0,0.8055555556
819,DeAngelo & Gary,Former NFL Stars,,2,2,0,All-Male,1,USA32,,4.0,,11,1,0.09090909091,1,0.09090909091,4.272727273,2.533413077,4.342857143,0.4736652237,0.331475324,123.1603724,,82,6569,10,7.0,3.0,0.7,70,34.0,36.0,0.4857142857
820,Eswar & Aparna,Siblings,,2,1,1,Co-Ed,1,USA32,,5.0,,10,0,0.0,1,0.1,5.4,0.8432740427,5.597014925,0.3055952381,0.1811628979,-653.0362371,,82,6565,10,6.0,4.0,0.6,67,23.0,44.0,0.3432835821
821,Kaylynn & Haley,Sisters,,2,0,2,All-Female,1,USA32,,6.0,,9,0,0.0,4,0.4444444444,6.444444444,1.666666667,6.833333333,0.1942680776,0.2484303767,-1021.988116,,82,6560,10,5.0,5.0,0.5,63,14.0,49.0,0.2222222222
822,Leo & Alana,Dating,,2,1,1,Co-Ed,1,USA32,,7.0,,7,0,0.0,1,0.1428571429,5.714285714,1.97604704,5.981132075,0.3647959184,0.2867605324,-384.9476632,,82,6548,10,4.0,6.0,0.4,53,20.0,33.0,0.3773584906
823,Michelle & Victoria,Sisters,,2,0,2,All-Female,1,USA32,,8.0,,5,0,0.0,1,0.2,4.8,2.774887385,4.93902439,0.5125396825,0.3880564463,4.844583705,,82,6534,10,3.0,7.0,0.3,41,22.0,19.0,0.5365853659
824,Jerry & Frank,Father/Son,,2,2,0,All-Male,1,USA32,,9.0,,3,0,0.0,1,0.3333333333,7.666666667,2.309401077,7.666666667,0.237037037,0.3192068359,-475.4017832,,82,6518,10,2.0,8.0,0.2,27,7.0,20.0,0.2592592593
825,Kellie & LaVonne,Former Olympic Hurdlers,,2,0,2,All-Female,1,USA32,,10.0,,2,0,0.0,1,0.5,9.5,0.7071067812,9.5,0.1,0.1414213562,-508.9985321,,82,6509,10,1.0,9.0,0.1,19,2.0,17.0,0.1052631579
826,Nathan & Cody,Best Friends,,2,2,0,All-Male,1,USA32,,11.0,,1,0,0.0,1,1.0,11.0,,11.0,0.0,,-345.9431619,,82,6499,10,0.0,10.0,0.0,10,0.0,10.0,0.0
827,Brendon & Jackson,Cowboys,,2,2,0,All-Male,1,AUS5,,1.0,,23,5,0.2173913043,2,0.08695652174,3.869565217,2.784769418,3.0625,0.6025638613,0.3343992039,1025.150614,,83,6760,15,15.0,0.0,1.0,160,94.0,66.0,0.5875
828,Ashleigh & Amanda,Gold Coast Girls,,2,0,2,All-Female,1,AUS5,,2.0,,22,8,0.3636363636,1,0.04545454545,2.772727273,1.900672016,2.350649351,0.7225236884,0.2956560014,1440.990891,,83,6761,15,14.0,1.0,0.9333333333,154,115.0,39.0,0.7467532468
829,Jaskirat & Anurag,Super Sikhs,,2,2,0,All-Male,1,AUS5,,3.0,,23,4,0.1739130435,2,0.08695652174,3.47826087,2.086091718,3.083870968,0.5598233892,0.3260314434,497.4705929,,83,6762,15,13.0,2.0,0.8666666667,155,98.0,57.0,0.6322580645
830,Chris & Aleisha,Geek & Princess,,2,1,1,Co-Ed,1,AUS5,,4.0,,22,1,0.04545454545,2,0.09090909091,4.363636364,2.19404941,3.740740741,0.5050888505,0.3061588042,209.3407241,,83,6756,15,12.0,3.0,0.8,162,88.0,74.0,0.5432098765
831,Skye-Blue & Jake,Siblings,,2,1,1,Co-Ed,1,AUS5,,5.0,,20,2,0.1,1,0.05,4.9,2.314712668,4.166666667,0.4916693029,0.274504823,229.9004495,,83,6748,15,11.0,4.0,0.7333333333,156,78.0,78.0,0.5
832,MJ & Chelsea,Footy Mates,,2,0,2,All-Female,1,AUS5,,6.0,,10,3,0.3,1,0.1,3.4,2.221110833,3.31884058,0.6195238095,0.36998018,599.1771959,,83,6738,15,10.0,5.0,0.6666666667,69,45.0,24.0,0.652173913
833,Holly & Dolor,Power Couple,,2,1,1,Co-Ed,1,AUS5,,7.0,,16,0,0.0,2,0.125,6.5625,2.448639078,5.482014388,0.3587584291,0.252233654,-443.9644896,,83,6727,15,9.0,6.0,0.6,139,50.0,89.0,0.3597122302
834,Stan & Wayne,Bodybuilders,,2,2,0,All-Male,1,AUS5,,8.0,,6,0,0.0,3,0.5,6.5,1.870828693,6.5,0.2347883598,0.2964731025,-665.3545197,,83,6720,15,8.0,7.0,0.5333333333,44,11.0,33.0,0.25
835,Jordan & Violeta,Dancing Exes,,2,1,1,Co-Ed,1,AUS5,,9.0,,12,0,0.0,1,0.08333333333,6.75,2.958039892,5.681415929,0.3826962389,0.3077471912,-397.5267032,,83,6697,15,7.0,8.0,0.4666666667,113,44.0,69.0,0.389380531
836,Dwes & Katherine,Kimberley Cousins,,2,1,1,Co-Ed,1,AUS5,,10.0,,9,0,0.0,3,0.3333333333,7.888888889,3.586239132,6.76744186,0.2949054032,0.3055929389,-726.6006025,,83,6680,15,6.0,9.0,0.4,86,24.0,62.0,0.2790697674
837,Sefa & Jessica,Besties,,2,1,1,Co-Ed,1,AUS5,,11.0,,7,0,0.0,1,0.1428571429,6.714285714,2.811540842,5.504504505,0.4612304362,0.2895627515,-149.6501655,,83,6653,15,5.0,10.0,0.3333333333,74,34.0,40.0,0.4594594595
838,Jobelle & Rani,Daughter & Dad,,2,1,1,Co-Ed,1,AUS5,,12.0,,6,0,0.0,1,0.1666666667,8.333333333,2.658320272,6.866666667,0.3113053613,0.2487940169,-590.5585208,,83,6643,15,4.0,11.0,0.2666666667,65,21.0,44.0,0.3230769231
839,Shane & Deb,Parents,,2,1,1,Co-Ed,1,AUS5,,13.0,,5,1,0.2,1,0.2,4.2,4.086563348,3.526315789,0.7036130536,0.4094683607,491.6473661,,83,6634,15,3.0,12.0,0.2,57,41.0,16.0,0.7192982456
840,Malaan & Tina,Childhood Friends,,2,0,2,All-Female,1,AUS5,,14.0,,4,0,0.0,1,0.25,10.0,2.708012802,8.14893617,0.2262529138,0.2562779445,-693.4383324,,83,6623,15,2.0,13.0,0.1333333333,47,11.0,36.0,0.2340425532
841,Jude & Shannon,Mums,,2,0,2,All-Female,1,AUS5,,15.0,,3,0,0.0,1,0.3333333333,11.33333333,1.154700538,9.324074074,0.1303418803,0.1591414204,-738.3802033,,83,6611,15,1.0,14.0,0.06666666667,36,5.0,31.0,0.1388888889
842,Alex & Jack,Twin Models,,2,2,0,All-Male,1,AUS5,,16.0,,2,0,0.0,1,0.5,7.5,7.778174593,6.2,0.4615384615,0.6527139519,-88.20429592,,83,6599,15,0.0,15.0,0.0,25,12.0,13.0,0.48
843,Kim & Penn,Internet Personalities,,2,1,1,Co-Ed,1,USA33,,1.0,,11,5,0.4545454545,0,0.0,2.090909091,1.375103302,2.0,0.8202020202,0.1849136056,1300.998399,,84,6831,10,10.0,0.0,1.0,60,48.0,12.0,0.8
844,Raquel & Cayla,Flight Attendants,,2,0,2,All-Female,1,USA33,,2.0,,11,2,0.1818181818,0,0.0,2.727272727,1.489356176,2.741666667,0.7070707071,0.2004946185,920.0989372,,84,6832,10,9.0,1.0,0.9,60,41.0,19.0,0.6833333333
845,Ryan & Dusty,Best Friends,,2,2,0,All-Male,1,USA33,,3.0,,11,3,0.2727272727,2,0.1818181818,2.363636364,1.026910636,2.5,0.6111111111,0.3825192644,467.6015003,,84,6833,10,8.0,2.0,0.8,60,45.0,15.0,0.75
846,Arun & Natalia,Father/Daughter,,2,1,1,Co-Ed,1,USA33,,4.0,,10,0,0.0,4,0.4,5.4,2.412928143,5.931034483,0.2127777778,0.2480106031,-886.6764169,,84,6830,10,7.0,3.0,0.7,58,14.0,44.0,0.2413793103
847,Lulu & Lala,Twins/Radio Hosts,,2,0,2,All-Female,1,USA33,,5.0,,8,0,0.0,2,0.25,5.875,2.90012315,6.25,0.2729166667,0.2719619342,-659.5504381,,84,6822,10,6.0,4.0,0.6,52,13.0,39.0,0.25
848,Akbar & Sheri,Married Educators,,2,1,1,Co-Ed,1,USA33,,6.0,,6,0,0.0,1,0.1666666667,6.5,1.643167673,6.625,0.2277777778,0.1740937735,-760.166784,,84,6812,10,5.0,5.0,0.5,44,11.0,33.0,0.25
849,Michael & Moe,Singing Police Officers,,2,2,0,All-Male,1,USA33,,7.0,,2,0,0.0,2,1.0,9.0,2.828427125,9.0,0.0,0.0,-592.1214113,,84,6800,10,4.0,6.0,0.4,16,0.0,16.0,0.0
850,Anthony & Spencer,Childhood Friends,,2,2,0,All-Male,1,USA33,,8.0,,3,1,0.3333333333,0,0.0,3.666666667,3.055050463,3.642857143,0.7037037037,0.3394500515,359.9833633,,84,6790,10,1.5,8.5,0.15,28,20.0,8.0,0.7142857143
851,Connie & Sam,Married,,2,1,1,Co-Ed,1,USA33,,8.0,,3,0,0.0,0,0.0,4.333333333,2.516611478,4.303571429,0.6518518519,0.2447809132,291.9909158,,84,6791,10,1.5,8.5,0.15,28,18.0,10.0,0.6428571429
852,Caro & Ray,Dating,,2,1,1,Co-Ed,1,USA33,,8.0,,3,0,0.0,0,0.0,5.333333333,0.5773502692,5.294642857,0.5333333333,0.08012336168,65.68874439,,84,6792,10,1.5,8.5,0.15,28,15.0,13.0,0.5357142857
853,Taylor & Isaiah,YouTube Sensations,,2,2,0,All-Male,1,USA33,,8.0,,3,0,0.0,0,0.0,8.333333333,0.5773502692,8.267857143,0.2111111111,0.09493337495,-507.8468094,,84,6793,10,1.5,8.5,0.15,28,6.0,22.0,0.2142857143
854,Catherine & Craig,Best Friends,,2,1,1,Co-Ed,1,CAN8,,1.0,,9,3,0.3333333333,0,0.0,3.222222222,2.166666667,2.754385965,0.6855379189,0.2793264025,864.4536087,,85,6910,9,9.0,0.0,1.0,57,37.0,20.0,0.649122807
855,Jesse & Marika,Siblings,,2,1,1,Co-Ed,1,CAN8,,2.0,,11,3,0.2727272727,0,0.0,3.090909091,2.256304299,2.851851852,0.6815656566,0.2802315861,874.3745733,,85,6911,9,8.0,1.0,0.8888888889,69,46.0,23.0,0.6666666667
856,Franca & Nella,Sisters,,2,0,2,All-Female,1,CAN8,,3.0,,11,2,0.1818181818,0,0.0,2.909090909,1.700267359,2.859903382,0.6597402597,0.2768228691,760.9686276,,85,6912,9,7.0,2.0,0.7777777778,69,48.0,21.0,0.6956521739
857,Brendan & Connor,Brothers,,2,2,0,All-Male,1,CAN8,,4.0,,11,3,0.2727272727,2,0.1818181818,3.0,1.732050808,3.125603865,0.6193722944,0.3889739872,489.0594098,,85,6913,9,6.0,3.0,0.6666666667,69,47.0,22.0,0.6811594203
858,Beverley & Veronica,Friends,,2,0,2,All-Female,1,CAN8,,5.0,,10,0,0.0,1,0.1,3.7,1.33749351,3.954545455,0.5509126984,0.2852195434,255.1734159,,85,6909,9,5.0,4.0,0.5555555556,66,39.0,27.0,0.5909090909
859,Court & Ali,Dating Couple,,2,1,1,Co-Ed,1,CAN8,,6.0,,7,0,0.0,2,0.2857142857,6.428571429,1.511857892,6.911111111,0.2221655329,0.1997022155,-759.9722326,,85,6904,9,4.0,5.0,0.4444444444,50,12.0,38.0,0.24
860,Cedric & Tychon,Father/Son,,2,2,0,All-Male,1,CAN8,,7.0,,7,0,0.0,0,0.0,5.857142857,1.951800146,6.448717949,0.3458049887,0.2299325947,-394.0511597,,85,6891,9,3.0,6.0,0.3333333333,52,18.0,34.0,0.3461538462
861,Cassie & Jahmeek,Engaged,,2,1,1,Co-Ed,1,CAN8,,8.0,,7,0,0.0,3,0.4285714286,6.428571429,2.149196971,7.495726496,0.248015873,0.3030652487,-766.3245491,,85,6892,9,2.0,7.0,0.2222222222,52,14.0,38.0,0.2692307692
862,Dennis & Durrell,Uncle/Nephew,,2,2,0,All-Male,1,CAN8,,9.0,,4,0,0.0,1,0.25,7.75,0.9574271078,8.727272727,0.1770833333,0.1458333333,-708.6321427,,85,6884,9,1.0,8.0,0.1111111111,33,6.0,27.0,0.1818181818
863,Jully & Kathy,Friends,,2,0,2,All-Female,1,CAN8,,10.0,,3,0,0.0,2,0.6666666667,7.333333333,2.516611478,10.04761905,0.1111111111,0.1924500897,-615.0495511,,85,6875,9,0.0,9.0,0.0,21,2.0,19.0,0.09523809524
864,Heath & Toni,Enduring Love,,2,1,1,Co-Ed,1,AUS6,,1.0,,20,6,0.3,1,0.05,3.95,3.748332963,2.820987654,0.6776160767,0.3221432985,1737.018848,,86,7103,19,19.0,0.0,1.0,162,103.0,59.0,0.6358024691
865,Angel & Frankie,Church Friends,,2,1,1,Co-Ed,1,AUS6,,2.0,,20,6,0.3,0,0.0,3.15,2.412140347,2.397011046,0.6807563025,0.2704996705,1150.36206,,86,7104,19,18.0,1.0,0.9473684211,162,119.0,43.0,0.7345679012
866,Kelly & Georgia,Newlywed Teachers,,2,1,1,Co-Ed,1,AUS6,,3.0,,16,3,0.1875,1,0.0625,5.0,3.055050463,3.490733877,0.5330213904,0.3127782471,560.9676257,,86,7105,19,17.0,2.0,0.8947368421,142,78.0,64.0,0.5492957746
867,Tiffany & Cynthia,Auntie & Niece,,2,0,2,All-Female,1,AUS6,,4.0,,15,0,0.0,2,0.1333333333,6.4,4.205438656,4.34962406,0.4342033783,0.2902981503,146.5350976,,86,7102,19,16.0,3.0,0.8421052632,140,59.0,81.0,0.4214285714
868,Pako & Mori,Hubbies,,2,2,0,All-Male,1,AUS6,,5.0,,18,4,0.2222222222,1,0.05555555556,3.055555556,2.208865086,2.426416359,0.7160161371,0.3103630032,1261.026333,,86,7098,19,15.0,4.0,0.7894736842,157,120.0,37.0,0.7643312102
869,Lauren & Steph,Cop Couple,,2,0,2,All-Female,1,AUS6,,6.0,,12,0,0.0,1,0.08333333333,5.666666667,2.774341309,3.807017544,0.485641782,0.3184182703,8.181420832,,86,7093,19,14.0,5.0,0.7368421053,126,70.0,56.0,0.5555555556
870,Chelsea & Jamus,Engaged Parents,,2,1,1,Co-Ed,1,AUS6,,7.0,,16,1,0.0625,2,0.125,5.8125,2.372586493,4.422830725,0.443202243,0.3001916794,-40.6994151,,86,7087,19,13.0,6.0,0.6842105263,148,71.0,77.0,0.4797297297
871,Jodie & Claire,Dragon Boat Mums,,2,0,2,All-Female,1,AUS6,,8.0,,10,0,0.0,1,0.1,9.1,3.604010112,5.777676951,0.2954566675,0.2283242947,-734.8979344,,86,7073,19,12.0,7.0,0.6315789474,116,35.0,81.0,0.3017241379
872,Fliss & Tottie,Country Kids,,2,0,2,All-Female,1,AUS6,,9.0,,9,0,0.0,1,0.1111111111,8.111111111,2.315407332,5.171897634,0.3730658593,0.2449758817,-446.8544868,,86,7065,19,11.0,8.0,0.5789473684,109,45.0,64.0,0.4128440367
873,Flick & Gabby,Barista Sisters,,2,0,2,All-Female,1,AUS6,,10.0,,12,1,0.08333333333,1,0.08333333333,3.5,1.623688282,2.811906816,0.6742664743,0.2860325648,905.0239909,,86,7057,19,10.0,9.0,0.5263157895,122,92.0,30.0,0.7540983607
874,Stuart & Glennon,Baru Mates,,2,2,0,All-Male,1,AUS6,,11.0,,8,0,0.0,1,0.125,8.375,3.739270364,6.297213622,0.2842203548,0.2384097027,-629.969107,,86,7052,19,9.0,10.0,0.4736842105,85,26.0,59.0,0.3058823529
875,Kathy & Chace,Lawyer Cousins,,2,1,1,Co-Ed,1,AUS6,,12.0,,3,0,0.0,1,0.3333333333,4.0,2.645751311,3.220394737,0.5904139434,0.5113239169,272.2190641,,86,7040,19,8.0,11.0,0.4210526316,32,23.0,9.0,0.71875
876,Morgan & Lilli,Blonde Buddies,,2,0,2,All-Female,1,AUS6,,13.0,,8,0,0.0,1,0.125,9.125,3.270539492,6.198658411,0.352940646,0.26423369,-373.7712928,,86,7033,19,7.0,12.0,0.3684210526,102,37.0,65.0,0.362745098
877,Tammy & Vincent,Scientific Siblings,,2,1,1,Co-Ed,1,AUS6,,14.0,,7,0,0.0,1,0.1428571429,9.0,4.281744193,6.125858124,0.3800053355,0.3102143083,-502.787562,,86,7022,19,6.0,13.0,0.3157894737,92,36.0,56.0,0.3913043478
878,Crystal & Reem,Middle Eastern Mates,,2,0,2,All-Female,1,AUS6,,15.0,,6,0,0.0,1,0.1666666667,10.66666667,4.966554809,7.218323587,0.3005602241,0.3178253517,-767.0422583,,86,7010,19,5.0,14.0,0.2631578947,81,23.0,58.0,0.2839506173
879,Sam & Stu,The Mullets,,2,2,0,All-Male,1,AUS6,,16.0,,5,0,0.0,1,0.2,11.6,3.209361307,7.872616323,0.2353501401,0.1612908407,-812.6831945,,86,6997,19,4.0,15.0,0.2105263158,69,16.0,53.0,0.231884058
880,Sam & Alex,Flamboyant Friends,,2,2,0,All-Male,1,AUS6,,17.0,,3,0,0.0,1,0.3333333333,11.66666667,5.131601439,8.188703466,0.2461873638,0.2260656986,-562.9947139,,86,6967,19,3.0,16.0,0.1578947368,41,9.0,32.0,0.2195121951
881,Jake & Holly,Model Couple,,2,1,1,Co-Ed,1,AUS6,,18.0,,2,0,0.0,1,0.5,12.5,7.778174593,9.380566802,0.1666666667,0.2357022604,-505.2488563,,86,6951,19,2.0,17.0,0.1052631579,26,3.0,23.0,0.1153846154
882,Bren & Anja,Vegan Warriors,,2,0,2,All-Female,1,AUS6,,19.0,,1,0,0.0,1,1.0,10.0,,10.86842105,0.0,,-332.1928095,,86,6933,19,0.5,18.5,0.02631578947,9,0.0,9.0,0.0
883,Paul & Rachel,Dad & Daughter Brokers,,2,1,1,Co-Ed,1,AUS6,,19.0,,1,0,0.0,1,1.0,10.0,,10.86842105,0.0,,-332.1928095,,86,6923,19,0.5,18.5,0.02631578947,9,0.0,9.0,0.0
884,Derek & Claire,Reality Romance,,2,1,1,Co-Ed,1,USA34,,1.0,,12,5,0.4166666667,0,0.0,2.833333333,2.081665999,2.428571429,0.7516203704,0.2575255055,1215.76291,,87,7192,11,11.0,0.0,1.0,77,55.0,22.0,0.7142857143
885,Emily & Molly,Long Lost Twins,,2,0,2,All-Female,1,USA34,,2.0,,12,1,0.08333333333,0,0.0,3.666666667,1.825741858,3.266824085,0.5298821549,0.2703725193,309.0794311,,87,7193,11,10.0,1.0,0.9090909091,77,45.0,32.0,0.5844155844
886,Luis & Michelle,Married,,2,1,1,Co-Ed,1,USA34,,3.0,,12,3,0.25,1,0.08333333333,3.333333333,2.498484389,3.148760331,0.6318181818,0.3127677916,819.3499693,,87,7194,11,9.0,2.0,0.8181818182,77,49.0,28.0,0.6363636364
887,Aubrey & David,Ballroom Dancers,,2,1,1,Co-Ed,1,USA34,,4.0,,11,0,0.0,1,0.09090909091,5.181818182,2.96034396,4.903030303,0.403466483,0.3182677472,-116.1201826,,87,7191,11,8.0,3.0,0.7272727273,75,29.0,46.0,0.3866666667
888,Marcus & Michael,Military Brothers,,2,2,0,All-Male,1,USA34,,5.0,,10,3,0.3,2,0.2,3.3,1.946506843,3.178030303,0.5917676768,0.3971237418,363.6900793,,87,7187,11,7.0,4.0,0.6363636364,72,49.0,23.0,0.6805555556
889,Quinton & Mattie,Former Rams Cheerleaders,,2,1,1,Co-Ed,1,USA34,,6.0,,8,0,0.0,1,0.125,5.75,2.375469878,5.318181818,0.3838699495,0.2815207756,-328.2780392,,87,7177,11,6.0,5.0,0.5454545455,64,26.0,38.0,0.40625
890,Glenda & Lumumba,Newlyweds,,2,1,1,Co-Ed,1,USA34,,7.0,,7,0,0.0,3,0.4285714286,6.142857143,3.023715784,5.714946071,0.3259018759,0.4092360297,-624.7608763,,87,7171,11,5.0,6.0,0.4545454545,59,23.0,36.0,0.3898305085
891,Abby & Will,Childhood Sweethearts,,2,1,1,Co-Ed,1,USA34,,8.0,,5,0,0.0,0,0.0,5.6,2.073644135,5.003868472,0.5199494949,0.1851812633,137.940016,,87,7156,11,4.0,7.0,0.3636363636,47,24.0,23.0,0.5106382979
892,Linton & Sharik,Father/Daughter,,2,1,1,Co-Ed,1,USA34,,9.0,,5,0,0.0,1,0.2,6.0,2.828427125,5.593810445,0.4387878788,0.3630562151,-242.6926502,,87,7157,11,3.0,8.0,0.2727272727,47,22.0,25.0,0.4680851064
893,Rich & Dom,Motivational Speakers,,2,1,1,Co-Ed,1,USA34,,10.0,,4,0,0.0,1,0.25,9.25,0.5,8.692307692,0.145959596,0.1176279866,-805.4920053,,87,7148,11,2.0,9.0,0.1818181818,39,6.0,33.0,0.1538461538
894,Tim & Rex,Golf Buddies,,2,2,0,All-Male,1,USA34,,11.0,,2,0,0.0,1,0.5,9.0,2.828427125,8.272727273,0.2272727273,0.3214121733,-369.9824021,,87,7128,11,1.0,10.0,0.09090909091,21,5.0,16.0,0.2380952381
895,Aastha & Nina,Engaged,,2,0,2,All-Female,1,USA34,,12.0,,1,0,0.0,1,1.0,12.0,,11.0,0.0,,-358.4962501,,87,7117,11,0.0,11.0,0.0,11,0.0,11.0,0.0
896,Ty & Kat,Dating Couple,,2,1,1,Co-Ed,1,CAN9,,1.0,,10,5,0.5,0,0.0,1.8,1.032795559,1.714285714,0.8345238095,0.2272981788,1230.0024,,88,7258,9,9.0,0.0,1.0,56,48.0,8.0,0.8571428571
897,Tyler & Kayleen,Dating Couple,,2,1,1,Co-Ed,1,CAN9,,2.0,,10,3,0.3,0,0.0,2.4,1.349897115,2.388888889,0.7616269841,0.200068055,1065.176719,,88,7259,9,8.0,1.0,0.8888888889,56,42.0,14.0,0.75
898,Ben & Anwar,Friends,,2,2,0,All-Male,1,CAN9,,3.0,,10,0,0.0,1,0.1,4.4,2.118699811,4.71031746,0.4050793651,0.25079566,-100.8994868,,88,7260,9,7.0,2.0,0.7777777778,56,22.0,34.0,0.3928571429
899,Deven & Amanda,Couple,,2,1,1,Co-Ed,1,CAN9,,4.0,,9,0,0.0,1,0.1111111111,5.222222222,1.56347192,5.75308642,0.2720017637,0.1627237097,-650.9812796,,88,7257,9,6.0,3.0,0.6666666667,54,15.5,38.5,0.287037037
900,Jermaine & Justin,Best Friends,,2,2,0,All-Male,1,CAN9,,5.0,,8,0,0.0,3,0.375,5.5,1.309307341,6.168845316,0.2421130952,0.2442395442,-790.4911601,,88,7253,9,5.0,4.0,0.5555555556,51,14.5,36.5,0.2843137255
901,Derek & Jaspal,Friends,,2,2,0,All-Male,1,CAN9,,6.0,,7,1,0.1428571429,1,0.1428571429,3.428571429,1.618347187,3.813238771,0.5869614512,0.3536525086,223.0094813,,88,7248,9,4.0,5.0,0.4444444444,47,30.0,17.0,0.6382978723
902,Gracie & Lily,Best Friends,,2,0,2,All-Female,1,CAN9,,7.0,,5,1,0.2,1,0.2,3.2,2.387467277,3.477477477,0.6742063492,0.4008339207,405.7212956,,88,7236,9,3.0,6.0,0.3333333333,37,26.0,11.0,0.7027027027
903,Shayla & Joel,Siblings,,2,1,1,Co-Ed,1,CAN9,,8.0,,4,0,0.0,1,0.25,6.75,1.258305739,7.594982079,0.2529761905,0.1837541552,-510.192456,,88,7229,9,2.0,7.0,0.2222222222,31,8.0,23.0,0.2580645161
904,Allie & Eddie,Married Couple,,2,1,1,Co-Ed,1,CAN9,,9.0,,2,0,0.0,1,0.5,9.0,0.0,9.888888889,0.05555555556,0.07856742013,-539.1527042,,88,7213,9,1.0,8.0,0.1111111111,17,1.0,16.0,0.05882352941
905,Gail & Gisele,Co-Workers/Friends,,2,0,2,All-Female,1,CAN9,,10.0,,1,0,0.0,1,1.0,10.0,,11.0,0.0,,-332.1928095,,88,7204,9,0.0,9.0,0.0,9,0.0,9.0,0.0
906,Greg & John,Brothers/Computer Scientists,,2,2,0,All-Male,1,USA35,,1.0,,12,5,0.4166666667,0,0.0,2.75,2.562846429,2.206896552,0.7964225589,0.2575173648,1511.464552,,89,7357,12,12.0,0.0,1.0,87,66.0,21.0,0.7586206897
907,Joel & Garrett,Best Friends,,2,2,0,All-Male,1,USA35,,2.0,,12,1,0.08333333333,0,0.0,4.333333333,2.87096225,3.490421456,0.5563912939,0.2857975202,563.566442,,89,7358,12,11.0,1.0,0.9166666667,87,47.0,40.0,0.5402298851
908,Rob & Corey,Father/Son,,2,2,0,All-Male,1,USA35,,3.0,,12,1,0.08333333333,1,0.08333333333,3.166666667,1.403458931,2.743295019,0.6402747715,0.284674229,769.5021483,,89,7359,12,10.0,2.0,0.8333333333,87,61.0,26.0,0.7011494253
909,Steve & Anna Leigh,Father/Daughter,,2,1,1,Co-Ed,1,USA35,,4.0,,11,2,0.1818181818,1,0.09090909091,4.090909091,2.119176512,3.5,0.5203659976,0.3414178085,188.4395677,,89,7356,12,9.0,3.0,0.75,85,51.0,34.0,0.6
910,Todd & Ashlie,Married High School Sweethearts,,2,1,1,Co-Ed,1,USA35,,5.0,,10,0,0.0,1,0.1,4.2,1.135292424,3.601626016,0.5606204906,0.2666125525,330.3376689,,89,7352,12,8.0,4.0,0.6666666667,82,50.0,32.0,0.6097560976
911,Robbin & Chelsea,Childhood Friends,,2,0,2,All-Female,1,USA35,,6.0,,9,1,0.1111111111,1,0.1111111111,6.222222222,3.492054473,5.268162393,0.3895983646,0.3539952982,-245.4688724,,89,7347,12,7.0,5.0,0.5833333333,78,31.0,47.0,0.3974358974
912,Morgan & Lena,Sisters,,2,0,2,All-Female,1,USA35,,7.0,,8,0,0.0,1,0.125,6.25,2.314550249,5.315068493,0.3873872655,0.3013014163,-423.0560462,,89,7341,12,6.0,6.0,0.5,73,31.0,42.0,0.4246575342
913,Andrea & Malaina,College Friends,,2,0,2,All-Female,1,USA35,,8.0,,7,0,0.0,1,0.1428571429,7.714285714,2.214669706,6.553482587,0.2962121212,0.2107272923,-583.0589296,,89,7334,12,5.0,7.0,0.4166666667,67,20.0,47.0,0.2985074627
914,Liam & Yeremi,Brothers,,2,2,0,All-Male,1,USA35,,9.0,,6,0,0.0,2,0.3333333333,8.333333333,1.632993162,7.111111111,0.2504208754,0.2139913751,-752.434996,,89,7326,12,4.0,8.0,0.3333333333,60,16.0,44.0,0.2666666667
915,Joe & Ian,Engaged,,2,2,0,All-Male,1,USA35,,10.0,,5,0,0.0,1,0.2,7.4,2.302172887,6.384615385,0.3775757576,0.252440794,-321.3451019,,89,7317,12,3.0,9.0,0.25,52,20.0,32.0,0.3846153846
916,Jocelyn & Victor,Married Entrepreneurs,,2,1,1,Co-Ed,1,USA35,,11.0,,4,2,0.5,1,0.25,5.75,5.5,5.050387597,0.525,0.55,-46.55762536,,89,7307,12,2.0,10.0,0.1666666667,43,24.0,19.0,0.5581395349
917,Elizabeth & Iliana,Mother/Daughter,,2,0,2,All-Female,1,USA35,,12.0,,2,0,0.0,1,0.5,12.0,0.0,10.16666667,0.04166666667,0.0589255651,-621.344835,,89,7285,12,1.0,11.0,0.08333333333,23,1.0,22.0,0.04347826087
918,Alexandra & Sheridan,Siblings/Roommates,,2,1,1,Co-Ed,1,USA35,,13.0,,1,0,0.0,1,1.0,13.0,,11.0,0.0,,-370.0439718,,89,7273,12,0.0,12.0,0.0,12,0.0,12.0,0.0
919,Kaisa & Mari,Biathlonists,,2,0,2,All-Female,1,FIN1,,1.0,,12,1,0.08333333333,1,0.08333333333,2.833333333,0.9374368666,2.527777778,0.6586580087,0.2510930734,907.2212266,,90,7441,11,11.0,0.0,1.0,72,50.0,22.0,0.6944444444
920,Tuukka & Sami,Father/Son,,2,2,0,All-Male,1,FIN1,,2.0,,12,0,0.0,0,0.0,3.083333333,1.443375673,2.893939394,0.6006914382,0.2400481161,708.7754469,,90,7442,11,10.0,1.0,0.9090909091,72,47.0,25.0,0.6527777778
921,Janne & Robin,Co-Workers,,2,2,0,All-Male,1,FIN1,,3.0,,12,5,0.4166666667,1,0.08333333333,3.166666667,2.757908738,3.133838384,0.6843674844,0.3460522451,1164.426562,,90,7443,11,9.0,2.0,0.8181818182,72,46.0,26.0,0.6388888889
922,Bakari & Samuel,Buddies,,2,2,0,All-Male,1,FIN1,,4.0,,11,5,0.4545454545,1,0.09090909091,2.454545455,1.507556723,2.454545455,0.6733766234,0.3714023467,793.4602532,,90,7440,11,8.0,3.0,0.7272727273,70,54.0,16.0,0.7714285714
923,Marcus & Timo,Rally Champions,,2,2,0,All-Male,1,FIN1,,5.0,,9,1,0.1111111111,1,0.1111111111,3.888888889,1.615893286,3.769886364,0.5107904441,0.3672310301,115.0611732,,90,7432,11,7.0,4.0,0.6363636364,64,38.0,26.0,0.59375
924,Peter & Anna,Education Emissaries,,2,1,1,Co-Ed,1,FIN1,,6.0,,8,0,0.0,2,0.25,5.75,0.7071067812,5.606060606,0.3132215007,0.2349752911,-544.2212912,,90,7427,11,6.0,5.0,0.5454545455,60,22.0,38.0,0.3666666667
925,Ilmari & Aapo,Couple,,2,2,0,All-Male,1,FIN1,,7.0,,6,0,0.0,2,0.3333333333,8.0,1.897366596,7.490909091,0.1554353054,0.1619587797,-902.6411156,,90,7415,11,5.0,6.0,0.4545454545,50,8.0,42.0,0.16
926,Jukka & Mirva,Couple,,2,1,1,Co-Ed,1,FIN1,,8.0,,5,0,0.0,1,0.2,7.6,0.5477225575,7.136363636,0.227965368,0.1532233944,-678.4799276,,90,7408,11,4.0,7.0,0.3636363636,44,11.0,33.0,0.25
927,Katariina & Benjamin,Mother/Son,,2,1,1,Co-Ed,1,FIN1,,9.0,,3,0,0.0,0,0.0,9.666666667,1.154700538,8.484848485,0.134006734,0.05803760654,-650.5936724,,90,7391,11,3.0,8.0,0.2727272727,30,4.0,26.0,0.1333333333
928,Lotta & Noora,Sisters,,2,0,2,All-Female,1,FIN1,,10.0,,3,0,0.0,1,0.3333333333,6.666666667,2.886751346,6.151515152,0.4121212121,0.3573702542,-184.5300035,,90,7392,11,2.0,9.0,0.1818181818,30,13.0,17.0,0.4333333333
929,Aino-Kaisa & Silvia,Friends,,2,0,2,All-Female,1,FIN1,,11.0,,2,0,0.0,1,0.5,9.0,2.828427125,8.272727273,0.2272727273,0.3214121733,-369.9824021,,90,7382,11,1.0,10.0,0.09090909091,21,5.0,16.0,0.2380952381
930,Anna & Atte,Mother/Son,,2,1,1,Co-Ed,1,FIN1,,12.0,,1,0,0.0,1,1.0,12.0,,11.0,0.0,,-358.4962501,,90,7371,11,0.0,11.0,0.0,11,0.0,11.0,0.0
931,Darren & Tristan,Uncle/Nephew,,2,2,0,All-Male,1,AUS7,,1.0,,12,6,0.5,1,0.08333333333,2.416666667,1.676486224,2.434782609,0.7000661376,0.2809316846,927.0094661,,91,7522,10,9.0,1.0,0.9,69,51.0,18.0,0.7391304348
932,Emma & Hayley,Sisters,,2,0,2,All-Female,1,AUS7,,1.0,,12,4,0.3333333333,1,0.08333333333,3.083333333,1.880924982,3.072463768,0.5910714286,0.3003946332,533.6724418,,91,7523,10,9.0,1.0,0.9,69,43.0,26.0,0.6231884058
933,Alli & Angie,Daughter/Mum,,2,0,2,All-Female,1,AUS7,,1.0,,12,3,0.25,2,0.1666666667,2.916666667,1.831955405,2.913043478,0.6226851852,0.3188011382,683.6128259,,91,7524,10,9.0,1.0,0.9,69,45.0,24.0,0.652173913
934,Harry & Teddy,Best Mates,,2,2,0,All-Male,1,AUS7,,4.0,,11,0,0.0,2,0.1818181818,4.090909091,1.814086296,4.298507463,0.4315295815,0.3388063709,-129.9012506,,91,7521,10,7.0,3.0,0.7,67,33.0,34.0,0.4925373134
935,Jana & Cor,Mum/Son,,2,1,1,Co-Ed,1,AUS7,,5.0,,9,1,0.1111111111,1,0.1111111111,3.888888889,2.147349788,3.983606557,0.5534391534,0.3238912736,331.3682071,,91,7513,10,6.0,4.0,0.6,61,35.0,26.0,0.5737704918
936,Bec & Kate,Sisters,,2,0,2,All-Female,1,AUS7,,6.0,,7,0,0.0,1,0.1428571429,5.285714286,2.927700219,5.245283019,0.4422902494,0.3370648763,-24.75403344,,91,7503,10,5.0,5.0,0.5,53,23.0,30.0,0.4339622642
937,George & Pam,Siblings,,2,1,1,Co-Ed,1,AUS7,,7.0,,6,0,0.0,2,0.3333333333,6.666666667,1.861898673,6.666666667,0.2716269841,0.2722423231,-614.9071537,,91,7497,10,4.0,6.0,0.4,48,14.0,34.0,0.2916666667
938,Ben & Jackie,Husband/Wife,,2,1,1,Co-Ed,1,AUS7,,8.0,,5,0,0.0,1,0.2,5.6,2.302172887,5.654761905,0.4438888889,0.3114358424,-137.9943204,,91,7490,10,3.0,7.0,0.3,42,19.0,23.0,0.4523809524
939,Peter & Frankie,Dad/Daughter,,2,1,1,Co-Ed,1,AUS7,,9.0,,4,0,0.0,1,0.25,8.5,1.0,8.714285714,0.1402777778,0.1097485904,-773.5893645,,91,7482,10,2.0,8.0,0.2,35,5.0,30.0,0.1428571429
940,Grant & Chezzi,Husband/Wife,,2,1,1,Co-Ed,1,AUS7,,10.0,,2,0,0.0,1,0.5,9.0,1.414213562,9.0,0.15,0.2121320344,-448.5736564,,91,7464,10,1.0,9.0,0.1,19,3.0,16.0,0.1578947368
941,Dane & Bow,Son/Dad,,2,2,0,All-Male,1,AUS7,,11.0,,1,0,0.0,1,1.0,11.0,,11.0,0.0,,-345.9431619,,91,7454,10,0.0,10.0,0.0,10,0.0,10.0,0.0
942,Ricky & Cesar,Boyfriends,,2,2,0,All-Male,1,USA36,,1.0,,12,7,0.5833333333,0,0.0,1.5,0.6741998625,1.357142857,0.9061147186,0.1894240854,1951.045109,,92,7618,12,12.0,0.0,1.0,84,78.0,6.0,0.9285714286
943,Juan & Shane,Military Pilots,,2,2,0,All-Male,1,USA36,,2.0,,12,2,0.1666666667,0,0.0,3.0,1.59544807,2.547619048,0.686763468,0.2351375005,1093.486267,,92,7619,12,11.0,1.0,0.9166666667,84,60.0,24.0,0.7142857143
944,Rod & Leticia,Married,,2,1,1,Co-Ed,1,USA36,,3.0,,12,3,0.25,1,0.08333333333,3.166666667,1.642245322,2.805555556,0.6271825397,0.3126094256,827.8679843,,92,7620,12,10.0,2.0,0.8333333333,84,58.0,26.0,0.6904761905
945,Amber & Vinny,Dating Nurses,,2,1,1,Co-Ed,1,USA36,,4.0,,11,0,0.0,1,0.09090909091,4.363636364,2.873072476,3.820121951,0.519316542,0.3031217224,384.4942095,,92,7617,12,9.0,3.0,0.75,82,45.0,37.0,0.5487804878
946,Yvonne & Melissa,Girlfriends,,2,0,2,All-Female,1,USA36,,5.0,,10,0,0.0,1,0.1,5.6,0.8432740427,4.88185654,0.3732792208,0.1788777413,-310.7232768,,92,7613,12,8.0,4.0,0.6666666667,79,33.0,46.0,0.417721519
947,Angie & Danny,Mother/Son,,2,1,1,Co-Ed,1,USA36,,6.0,,9,0,0.0,1,0.1111111111,5.111111111,2.147349788,4.494444444,0.4979517396,0.263659118,183.8486088,,92,7608,12,7.0,5.0,0.5833333333,75,38.0,37.0,0.5066666667
948,Sunny & Bizzy,Firefighter Moms,,2,0,2,All-Female,1,USA36,,7.0,,8,0,0.0,1,0.125,7.625,0.9161253813,6.678571429,0.2204996392,0.1249168819,-883.3621355,,92,7602,12,6.0,6.0,0.5,70,17.0,53.0,0.2428571429
949,Derek & Shelisa,Grandparents,,2,1,1,Co-Ed,1,USA36,,8.0,,7,0,0.0,2,0.2857142857,5.571428571,2.507132682,4.958333333,0.4315656566,0.3901451407,-297.809736,,92,7595,12,5.0,7.0,0.4166666667,64,32.0,32.0,0.5
950,Kishori & Karishma,Cousins,,2,0,2,All-Female,1,USA36,,9.0,,5,0,0.0,1,0.2,9.2,0.8366600265,7.833333333,0.1685858586,0.1181075481,-860.8663586,,92,7579,12,4.0,8.0,0.3333333333,50,9.0,41.0,0.18
951,Michelle & Sean,Married Aerobics Instructors,,2,1,1,Co-Ed,1,USA36,,10.0,,4,0,0.0,1,0.25,9.0,2.708012802,7.666666667,0.2143939394,0.3048769491,-687.1616837,,92,7570,12,3.0,9.0,0.25,42,10.0,32.0,0.2380952381
952,Anthony & Bailey,Twins,,2,2,0,All-Male,1,USA36,,11.0,,3,0,0.0,1,0.3333333333,9.0,1.732050808,7.666666667,0.2601010101,0.2268092918,-462.8831142,,92,7560,12,2.0,10.0,0.1666666667,33,9.0,24.0,0.2727272727
953,Chris & Mary,Father/Daughter,,2,1,1,Co-Ed,1,USA36,,12.0,,2,0,0.0,1,0.5,11.5,0.7071067812,9.75,0.08333333333,0.1178511302,-567.8919012,,92,7549,12,1.0,11.0,0.08333333333,23,2.0,21.0,0.08695652174
954,Maya & Rohan,Siblings,,2,1,1,Co-Ed,1,USA36,,13.0,,1,0,0.0,1,1.0,13.0,,11.0,0.0,,-370.0439718,,92,7537,12,0.0,12.0,0.0,12,0.0,12.0,0.0
955,Lee & Anne,Sisters,,2,0,2,All-Female,1,ISR9,,1.0,,12,5,0.4166666667,0,0.0,2.833333333,2.208797836,2.341463415,0.7666005291,0.2561697642,1251.117605,,93,7712,12,12.0,0.0,1.0,82,60.0,22.0,0.7317073171
956,Inbar & Avishay,Uncle/Niece,,2,1,1,Co-Ed,1,ISR9,,2.0,,12,1,0.08333333333,0,0.0,4.583333333,2.574643253,3.840447154,0.5075487013,0.2265196953,321.8179304,,93,7713,12,11.0,1.0,0.9166666667,82,39.0,43.0,0.4756097561
957,Lior & Sapir,Married +2,,2,1,1,Co-Ed,1,ISR9,,3.0,,12,0,0.0,2,0.1666666667,4.083333333,2.609713789,3.632113821,0.5163810726,0.3369632075,298.8735297,,93,7714,12,10.0,2.0,0.8333333333,82,45.0,37.0,0.5487804878
958,Itzik & Esti,Married +3,,2,1,1,Co-Ed,1,ISR9,,4.0,,11,0,0.0,1,0.09090909091,3.818181818,1.53741223,3.421875,0.5453692772,0.2857118512,248.7726616,,93,7711,12,9.0,3.0,0.75,80,49.0,31.0,0.6125
959,Sahar & Yeftah,Military Friends,,2,2,0,All-Male,1,ISR9,,5.0,,10,2,0.2,1,0.1,4.2,1.813529401,3.770562771,0.4915692641,0.3299596206,-72.82199943,,93,7707,12,8.0,4.0,0.6666666667,77,45.0,32.0,0.5844155844
960,Udi & Matan,Childhood Friends,,2,2,0,All-Male,1,ISR9,,6.0,,9,2,0.2222222222,2,0.2222222222,5.666666667,3.391164992,5.075342466,0.4215207632,0.4193368257,-180.2511956,,93,7702,12,7.0,5.0,0.5833333333,73,31.0,42.0,0.4246575342
961,Modi & Miki,Business Partners,,2,2,0,All-Male,1,ISR9,,7.0,,7,0,0.0,0,0.0,5.0,1.632993162,4.333333333,0.5281591424,0.2408561402,108.4838843,,93,7690,12,6.0,6.0,0.5,63,35.0,28.0,0.5555555556
962,Hassi & Yerin,Mother/Daughter,,2,0,2,All-Female,1,ISR9,,8.0,,6,1,0.1666666667,1,0.1666666667,7.666666667,3.559026084,6.555555556,0.3053872054,0.3734078081,-497.8855641,,93,7683,12,5.0,7.0,0.4166666667,57,17.0,40.0,0.298245614
963,Idan & Guy,Father/Son,,2,2,0,All-Male,1,ISR9,,9.0,,5,1,0.2,1,0.2,6.6,4.827007354,5.666666667,0.4384848485,0.4775054748,-124.822437,,93,7675,12,4.0,8.0,0.3333333333,50,22.0,28.0,0.44
964,Amit & Rotem,Friends,,2,0,2,All-Female,1,ISR9,,10.0,,4,0,0.0,1,0.25,5.75,3.095695937,4.958333333,0.5170454545,0.3708447471,-9.919754474,,93,7666,12,3.0,9.0,0.25,42,23.0,19.0,0.5476190476
965,Raheli & Miri,Sisters,,2,0,2,All-Female,1,ISR9,,11.0,,3,0,0.0,1,0.3333333333,10.33333333,0.5773502692,8.777777778,0.1439393939,0.1292327433,-672.3415413,,93,7656,12,2.0,10.0,0.1666666667,33,5.0,28.0,0.1515151515
966,Shahar & Ronit,Mother/Son,,2,1,1,Co-Ed,1,ISR9,,12.0,,2,0,0.0,1,0.5,9.0,4.242640687,7.666666667,0.2916666667,0.4124789557,-300.9791475,,93,7645,12,1.0,11.0,0.08333333333,23,7.0,16.0,0.3043478261
967,Michal & Elrom,Network Stars,,2,1,1,Co-Ed,1,ISR9,,13.0,,1,0,0.0,1,1.0,13.0,,11.0,0.0,,-370.0439718,,93,7633,12,0.0,12.0,0.0,12,0.0,12.0,0.0
968,Taylor & Katie,Friends,,2,0,2,All-Female,1,CAN10,,1.0,,9,3,0.3333333333,1,0.1111111111,3.222222222,2.43812314,2.754385965,0.6852292769,0.3413969273,818.6916373,,94,7777,10,10.0,0.0,1.0,57,37.0,20.0,0.649122807
969,Colin & Matt,Friends,,2,2,0,All-Male,1,CAN10,,2.0,,9,0,0.0,0,0.0,4.666666667,1.732050808,4.184210526,0.4214285714,0.2034565256,-108.2978278,,94,7778,10,9.0,1.0,0.9,57,24.0,33.0,0.4210526316
970,Michael & Tyson,Friends,,2,2,0,All-Male,1,CAN10,,3.0,,9,2,0.2222222222,0,0.0,4.0,2.397915762,3.842105263,0.4727513228,0.3276235273,3.817308935,,94,7779,10,8.0,2.0,0.8,57,30.0,27.0,0.5263157895
971,Lauren & Nicole,Twin Sisters,,2,0,2,All-Female,1,CAN10,,4.0,,9,2,0.2222222222,1,0.1111111111,2.222222222,0.9718253158,2.254385965,0.7541887125,0.3133849972,945.581863,,94,7780,10,7.0,3.0,0.7,57,46.0,11.0,0.8070175439
972,Kevin & Gurleen,Dating Couple,,2,1,1,Co-Ed,1,CAN10,,5.0,,8,1,0.125,1,0.125,3.75,1.752549164,3.916666667,0.5452380952,0.3154380031,224.3210385,,94,7776,10,6.0,4.0,0.6,54,31.5,22.5,0.5833333333
973,Michael & Amari,Father/Son,,2,2,0,All-Male,1,CAN10,,6.0,,7,0,0.0,1,0.1428571429,4.428571429,1.718249386,4.675,0.4848639456,0.2946893216,6.620356149,,94,7771,10,5.0,5.0,0.5,50,25.5,24.5,0.51
974,Julia & Olivia,Married Couple,,2,0,2,All-Female,1,CAN10,,7.0,,5,1,0.2,1,0.2,5.6,3.049590136,5.6,0.4094444444,0.4233154706,-185.2828076,,94,7759,10,4.0,6.0,0.4,40,17.0,23.0,0.425
975,Brad & Sam,Father/Daughter,,2,1,1,Co-Ed,1,CAN10,,8.0,,4,0,0.0,1,0.25,6.0,2.160246899,6.0,0.3958333333,0.3145764348,-209.4736296,,94,7752,10,3.0,7.0,0.3,34,14.0,20.0,0.4117647059
976,Connor & John,Friends,,2,2,0,All-Male,1,CAN10,,9.0,,3,0,0.0,1,0.3333333333,8.333333333,1.154700538,8.333333333,0.1703703704,0.2064794054,-580.5767462,,94,7744,10,2.0,8.0,0.2,27,5.0,22.0,0.1851851852
977,Dorothy & Olus,Married Couple,,2,1,1,Co-Ed,1,CAN10,,10.0,,2,0,0.0,1,0.5,10.0,0.0,10.0,0.05,0.07071067812,-569.4580309,,94,7735,10,1.0,9.0,0.1,19,1.0,18.0,0.05263157895
978,Eva & Trystenne,Friends,,2,0,2,All-Female,1,CAN10,,11.0,,1,0,0.0,1,1.0,11.0,,11.0,0.0,,-345.9431619,,94,7725,10,0.0,10.0,0.0,10,0.0,10.0,0.0
979,Bam Bam & Logan,Brothers,,2,2,0,All-Male,1,AUS8,,1.0,,12,4,0.3333333333,0,0.0,2.583333333,2.234373344,2.417910448,0.7284722222,0.2647291911,1000.121972,,95,7857,10,10.0,0.0,1.0,67,48.0,19.0,0.7164179104
980,Billy & Oscar,Father & Son,,2,2,0,All-Male,1,AUS8,,2.0,,12,0,0.0,1,0.08333333333,4.416666667,1.928651594,4.365671642,0.3519510582,0.2537098172,-388.085656,,95,7858,10,9.0,1.0,0.9,67,26.0,41.0,0.3880597015
981,Brooke & Adam,Married Country Singers,,2,1,1,Co-Ed,1,AUS8,,3.0,,12,4,0.3333333333,1,0.08333333333,2.583333333,1.56427929,2.701492537,0.6922949735,0.3197210475,907.5549472,,95,7859,10,8.0,2.0,0.8,67,48.0,19.0,0.7164179104
982,Pete & Bridget,Married,,2,1,1,Co-Ed,1,AUS8,,4.0,,11,2,0.1818181818,2,0.1818181818,4.545454545,2.50454133,4.9,0.4487012987,0.3561404403,32.47695216,,95,7856,10,7.0,3.0,0.7,65,26.0,39.0,0.4
983,Thorpie & Christian,Best Mates,,2,2,0,All-Male,1,AUS8,,5.0,,9,0,0.0,2,0.2222222222,4.777777778,1.301708279,5.033898305,0.3457671958,0.2930114232,-531.4946812,,95,7848,10,6.0,4.0,0.6,59,25.0,34.0,0.4237288136
984,Chloe & Emily,Matildas Teammates,,2,0,2,All-Female,1,AUS8,,6.0,,7,2,0.2857142857,1,0.1428571429,3.142857143,1.951800146,3.205882353,0.6575963719,0.3502997724,480.9392871,,95,7838,10,5.0,5.0,0.5,51,36.0,15.0,0.7058823529
985,Havana & Steph,Best Friends,,2,0,2,All-Female,1,AUS8,,7.0,,6,0,0.0,1,0.1666666667,4.333333333,1.966384161,4.47826087,0.553042328,0.3046421791,174.0125256,,95,7832,10,4.0,6.0,0.4,46,26.0,20.0,0.5652173913
986,Jett & Lily,Couple,,2,1,1,Co-Ed,1,AUS8,,8.0,,4,0,0.0,1,0.25,5.75,2.62995564,5.75,0.4118055556,0.3659109426,-198.659014,,95,7818,10,3.0,7.0,0.3,34,15.0,19.0,0.4411764706
987,Cyrell & Eden,Reality Couple,,2,1,1,Co-Ed,1,AUS8,,9.0,,3,0,0.0,1,0.3333333333,9.333333333,0.5773502692,9.333333333,0.07037037037,0.0611952283,-742.7495483,,95,7810,10,2.0,8.0,0.2,27,2.0,25.0,0.07407407407
988,Nat & Mel,Sisters,,2,0,2,All-Female,1,AUS8,,10.0,,2,0,0.0,1,0.5,8.5,2.121320344,8.5,0.2,0.2828427125,-388.173623,,95,7801,10,1.0,9.0,0.1,19,4.0,15.0,0.2105263158
989,Luke & Julie,Son & Mother,,2,1,1,Co-Ed,1,AUS8,,11.0,,1,0,0.0,1,1.0,11.0,,11.0,0.0,,-345.9431619,,95,7791,10,0.0,10.0,0.0,10,0.0,10.0,0.0
990,Metti & Hanna,Childhood Friends,,2,0,2,All-Female,1,FIN2,,1.0,,12,5,0.4166666667,0,0.0,1.916666667,0.9003366374,1.833333333,0.7956349206,0.2072929081,1370.024129,,96,7935,10,10.0,0.0,1.0,66,55.0,11.0,0.8333333333
991,Mimosa & Pati,Daughter/Father,,2,1,1,Co-Ed,1,FIN2,,2.0,,12,4,0.3333333333,0,0.0,1.833333333,0.7177405626,1.833333333,0.8100859788,0.2134407247,1453.825468,,96,7936,10,9.0,1.0,0.9,66,56.0,10.0,0.8484848485
992,Elias & Matias,Brothers,,2,2,0,All-Male,1,FIN2,,3.0,,12,3,0.25,1,0.08333333333,2.333333333,0.9847319278,2.454545455,0.7069444444,0.2923656847,1110.608911,,96,7937,10,8.0,2.0,0.8,66,50.0,16.0,0.7575757576
993,Paulus & Adeliina,Siblings,,2,1,1,Co-Ed,1,FIN2,,4.0,,11,0,0.0,3,0.2727272727,5.090909091,1.445997611,5.5703125,0.2542929293,0.1925437406,-653.5489551,,96,7934,10,7.0,3.0,0.7,64,19.0,45.0,0.296875
994,Leea & Kaarina,Culture Sisters,,2,0,2,All-Female,1,FIN2,,5.0,,9,0,0.0,3,0.3333333333,5.666666667,1.224744871,6.068965517,0.2318783069,0.2140390261,-781.1082093,,96,7926,10,6.0,4.0,0.6,58,16.0,42.0,0.275862069
995,Gracias & Jeremie,Soul Brothers,,2,2,0,All-Male,1,FIN2,,6.0,,7,0,0.0,1,0.1428571429,5.0,1.632993162,5.2,0.4010770975,0.2699274989,-234.4104734,,96,7916,10,5.0,5.0,0.5,50,22.0,28.0,0.44
996,Tinni & Antti,Friends,,2,1,1,Co-Ed,1,FIN2,,7.0,,5,0,0.0,1,0.2,5.6,1.140175425,5.6,0.386031746,0.2617541655,-276.2121558,,96,7904,10,4.0,6.0,0.4,40,17.0,23.0,0.425
997,Mikko & Meikka,Kindsfolk,,2,1,1,Co-Ed,1,FIN2,,8.0,,4,0,0.0,0,0.0,8.0,1.154700538,8.0,0.1759920635,0.06153865081,-664.0047605,,96,7897,10,3.0,7.0,0.3,34,6.0,28.0,0.1764705882
998,Jani & Maria,Married Couple,,2,1,1,Co-Ed,1,FIN2,,9.0,,3,0,0.0,1,0.3333333333,7.333333333,2.081665999,7.333333333,0.2740740741,0.3033421515,-409.7727611,,96,7889,10,2.0,8.0,0.2,27,8.0,19.0,0.2962962963
999,Tuure & Saana,Siblings,,2,1,1,Co-Ed,1,FIN2,,10.0,,2,0,0.0,1,0.5,10.0,0.0,10.0,0.05,0.07071067812,-569.4580309,,96,7880,10,1.0,9.0,0.1,19,1.0,18.0,0.05263157895
1000,Aku & Wille,Pals,,2,2,0,All-Male,1,FIN2,,11.0,,1,0,0.0,1,1.0,11.0,,11.0,0.0,,-345.9431619,,96,7870,10,0.0,10.0,0.0,10,0.0,10.0,0.0
1001,Carson & Jack,Best Friends/Gamers,,2,2,0,All-Male,1,USA37,,1.0,,12,5,0.4166666667,0,0.0,2.416666667,1.676486224,2.133333333,0.7673190236,0.3132832072,1199.528089,,97,8029,13,13.0,0.0,1.0,75,58.0,17.0,0.7733333333
1002,Han & Holden,Siblings,,2,1,1,Co-Ed,1,USA37,,2.0,,12,0,0.0,1,0.08333333333,5.0,2.730301349,4.446153846,0.378541366,0.2466174753,-148.5338888,,97,8030,13,12.0,1.0,0.9230769231,75,27.0,48.0,0.36
1003,Jonathan & Ana,Married,,2,1,1,Co-Ed,1,USA37,,3.0,,12,3,0.25,1,0.08333333333,3.0,1.954016842,2.846153846,0.6072420635,0.3403719069,572.1781002,,97,8031,13,11.0,2.0,0.8461538462,75,51.0,24.0,0.68
1004,Alyssa & Josiah,Married Nurses,,2,1,1,Co-Ed,1,USA37,,4.0,,11,2,0.1818181818,1,0.09090909091,3.090909091,1.758098146,2.938883035,0.6625475535,0.2888954271,771.7891782,,97,8028,13,10.0,3.0,0.7692307692,73,50.0,23.0,0.6849315068
1005,Brett & Mark,Married Vegas Performers,,2,2,0,All-Male,1,USA37,,5.0,,10,2,0.2,1,0.1,3.8,2.699794231,3.615384615,0.6194155844,0.3311015479,619.8477773,,97,8024,13,9.0,4.0,0.6923076923,70,42.0,28.0,0.6
1006,Melinda & Erika,Mother/Daughter,,2,0,2,All-Female,1,USA37,,6.0,,8,0,0.0,1,0.125,5.25,0.8864052604,4.796526055,0.3954680736,0.2533742817,-259.8853012,,97,8014,13,8.0,5.0,0.6153846154,62,28.0,34.0,0.4516129032
1007,Nick & Mike,Brothers,,2,2,0,All-Male,1,USA37,,7.0,,7,0,0.0,1,0.1428571429,7.428571429,1.511857892,6.769230769,0.2043186972,0.1112331872,-890.2530335,,97,8008,13,7.0,6.0,0.5384615385,57,12.0,45.0,0.2105263158
1008,Pops & Jeff,Father/Son Lumberjacks,,2,2,0,All-Male,1,USA37,,8.0,,6,0,0.0,1,0.1666666667,6.333333333,2.065591118,5.826546003,0.3651094276,0.2488987282,-384.4541202,,97,8001,13,6.0,7.0,0.4615384615,51,19.0,32.0,0.3725490196
1009,Scott & Lori,Married Parents of Eight,,2,1,1,Co-Ed,1,USA37,,9.0,,5,1,0.2,1,0.2,3.6,3.130495168,3.386363636,0.6707070707,0.3957869135,415.4252158,,97,7993,13,5.0,8.0,0.3846153846,44,31.0,13.0,0.7045454545
1010,Bernie & Carrigain,Friends,,2,0,2,All-Female,1,USA37,,10.0,,4,0,0.0,1,0.25,8.0,2.828427125,7.581196581,0.2409090909,0.2309997436,-619.8180031,,97,7984,13,4.0,9.0,0.3076923077,36,8.0,28.0,0.2222222222
1011,Courtney & Jasmin,Dating Nurses,,2,0,2,All-Female,1,USA37,,11.0,,3,0,0.0,1,0.3333333333,7.666666667,2.886751346,7.552706553,0.2373737374,0.2795170526,-443.113381,,97,7974,13,3.0,10.0,0.2307692308,27,7.0,20.0,0.2592592593
1012,Ernest & Bridget,Father/Daughter,,2,1,1,Co-Ed,1,USA37,,12.0,,2,0,0.0,1,0.5,7.5,6.363961031,8.058823529,0.3333333333,0.4714045208,-271.2396484,,97,7963,13,2.0,11.0,0.1538461538,17,4.0,13.0,0.2352941176
1013,Mark & Larry,Retired Firefighters,,2,2,0,All-Male,1,USA37,,13.0,,1,0,0.0,1,1.0,7.0,,10.61538462,0.0,,-280.7354922,,97,7944,13,1.0,12.0,0.07692307692,6,0.0,6.0,0.0
1014,Jackye & Lauren,Sisters,,2,0,2,All-Female,1,USA37,,14.0,,1,0,0.0,1,1.0,7.0,,11.0,0.0,,-280.7354922,,97,7951,13,0.0,13.0,0.0,6,0.0,6.0,0.0
1015,Jesse & Jonathon,Best Friends,,2,2,0,All-Male,1,CAN11,,1.0,,10,5,0.5,0,0.0,2.0,1.333333333,1.78125,0.799047619,0.2777623578,1118.599138,,98,8102,10,10.0,0.0,1.0,64,54.0,10.0,0.84375
1016,Grace & Joe,Siblings,,2,1,1,Co-Ed,1,CAN11,,2.0,,10,2,0.2,0,0.0,4.0,2.98142397,3.578125,0.5834126984,0.3342329445,564.067359,,98,8103,10,9.0,1.0,0.9,64,34.0,30.0,0.53125
1017,EB & Blake,Siblings,,2,2,0,All-Male,1,CAN11,,3.0,,10,2,0.2,0,0.0,3.3,1.766981104,3.15625,0.5953571429,0.3140864618,405.9482916,,98,8104,10,8.0,2.0,0.8,64,41.0,23.0,0.640625
1018,Nipîy & Magoo,Married Couple,,2,1,1,Co-Ed,1,CAN11,,4.0,,10,1,0.1,2,0.2,4.7,2.110818693,4.7578125,0.3981746032,0.3412571365,-197.7415898,,98,8105,10,7.0,3.0,0.7,64,27.0,37.0,0.421875
1019,Ika & Demetres,Married Couple,,2,1,1,Co-Ed,1,CAN11,,5.0,,9,0,0.0,1,0.1111111111,3.777777778,1.394433378,3.868852459,0.5524250441,0.2788028453,240.4022544,,98,8101,10,6.0,4.0,0.6,61,36.0,25.0,0.5901639344
1020,Lacey & Celia,Siblings,,2,0,2,All-Female,1,CAN11,,6.0,,8,0,0.0,2,0.25,5.5,2.20389266,5.736842105,0.3629960317,0.297790559,-361.5258127,,98,8096,10,5.0,5.0,0.5,57,21.0,36.0,0.3684210526
1021,Rebecca & Rebecca,Friends,,2,0,2,All-Female,1,CAN11,,7.0,,6,0,0.0,1,0.1666666667,5.0,2.0,5.085106383,0.4668650794,0.3163177604,-66.25764738,,98,8084,10,4.0,6.0,0.4,47,23.0,24.0,0.4893617021
1022,Louis & Marie,Son/Mother,,2,1,1,Co-Ed,1,CAN11,,8.0,,5,0,0.0,1,0.2,6.8,2.167948339,7.012195122,0.2903968254,0.2593964179,-505.319573,,98,8077,10,3.0,7.0,0.3,41,12.0,29.0,0.2926829268
1023,Osas & Esosa,Siblings,,2,2,0,All-Male,1,CAN11,,9.0,,3,0,0.0,1,0.3333333333,8.333333333,1.154700538,8.333333333,0.1703703704,0.2064794054,-584.820811,,98,8061,10,2.0,8.0,0.2,27,5.0,22.0,0.1851851852
1024,Brendan & Sam,Dating Couple,,2,1,1,Co-Ed,1,CAN11,,10.0,,2,0,0.0,1,0.5,7.5,3.535533906,7.5,0.3,0.4242640687,-267.408447,,98,8052,10,1.0,9.0,0.1,19,6.0,13.0,0.3157894737
1025,Michele & Aditi,Cousins,,2,0,2,All-Female,1,CAN11,,11.0,,1,0,0.0,1,1.0,11.0,,11.0,0.0,,-345.9431619,,98,8042,10,0.0,10.0,0.0,10,0.0,10.0,0.0
1026,Steve & Bernie,Actor Brothers,,2,2,0,All-Male,1,AUS9,,1.0,,15,4,0.2666666667,1,0.06666666667,3.4,2.323790008,2.894736842,0.620974026,0.3306080722,738.3165966,,99,8213,12,12.0,0.0,1.0,95,59.0,36.0,0.6210526316
1027,Rob & Georgie,Entertainer Couple,,2,1,1,Co-Ed,1,AUS9,,2.0,,15,5,0.3333333333,0,0.0,2.866666667,1.684664726,2.596491228,0.7245695046,0.2571041679,1154.079971,,99,8214,12,11.0,1.0,0.9166666667,95,67.0,28.0,0.7052631579
1028,Aesha & Scott,Reality Star & Partner,,2,1,1,Co-Ed,1,AUS9,,3.0,,15,2,0.1333333333,2,0.1333333333,4.0,2.104417123,3.763157895,0.4941919192,0.2958665773,192.1409861,,99,8215,12,10.0,2.0,0.8333333333,95,50.0,45.0,0.5263157895
1029,Luke & 'Sassy' Scott,TikTok Brothers,,2,2,0,All-Male,1,AUS9,,4.0,,14,0,0.0,2,0.1428571429,5.428571429,3.179605339,5.166666667,0.3517341785,0.2875599953,-328.9901413,,99,8212,12,9.0,3.0,0.75,93,31.0,62.0,0.3333333333
1030,Gretel & Epiphany,Screen Icon & Daughter,,2,0,2,All-Female,1,AUS9,,5.0,,12,1,0.08333333333,2,0.1666666667,3.916666667,1.880924982,3.681992337,0.5329244829,0.3314033642,106.4831817,,99,8204,12,8.0,4.0,0.6666666667,87,52.0,35.0,0.5977011494
1031,Melissa & Leah,Foodie Besties,,2,0,2,All-Female,1,AUS9,,6.0,,9,0,0.0,1,0.1111111111,5.888888889,1.615893286,5.155555556,0.3767877185,0.2376906963,-441.510387,,99,8189,12,7.0,5.0,0.5833333333,75,31.0,44.0,0.4133333333
1032,Brendan & Leni,Footy Dad & Daughter,,2,1,1,Co-Ed,1,AUS9,,7.0,,7,0,0.0,1,0.1428571429,5.428571429,3.10145895,4.576923077,0.5181560503,0.3451731683,104.0815637,,99,8176,12,6.0,6.0,0.5,65,34.0,31.0,0.5230769231
1033,Lindy & Stella,Princess & Daughter,,2,0,2,All-Female,1,AUS9,,8.0,,7,0,0.0,1,0.1428571429,8.285714286,2.058663459,7.211538462,0.2118686869,0.179317291,-921.5800373,,99,8177,12,5.0,7.0,0.4166666667,65,14.0,51.0,0.2153846154
1034,'Dom Tomato' & Marx,YouTube Parkour Mates,,2,2,0,All-Male,1,AUS9,,9.0,,6,2,0.3333333333,1,0.1666666667,3.166666667,2.994439291,2.867816092,0.7444444444,0.3788383805,638.8533179,,99,8169,12,4.0,8.0,0.3333333333,58,45.0,13.0,0.775862069
1035,Steph & Ben,Comedian Sister & Brother,,2,1,1,Co-Ed,1,AUS9,,10.0,,4,0,0.0,1,0.25,10.0,0.8164965809,8.5,0.1352272727,0.1119803579,-848.5478902,,99,8151,12,3.0,9.0,0.25,42,6.0,36.0,0.1428571429
1036,Bronte & Benfield,Olympian & Fiancé,,2,1,1,Co-Ed,1,AUS9,,11.0,,3,0,0.0,1,0.3333333333,6.0,4.582575695,5.166666667,0.5252525253,0.4707547555,10.69048041,,99,8141,12,2.0,10.0,0.1666666667,33,18.0,15.0,0.5454545455
1037,Ant & Dan,Brothers,,2,2,0,All-Male,1,AUS9,,12.0,,2,1,0.5,1,0.5,6.5,7.778174593,5.583333333,0.5,0.7071067812,-33.9736698,,99,8130,12,1.0,11.0,0.08333333333,23,12.0,11.0,0.5217391304
1038,Ed & Tiff,Married,,2,1,1,Co-Ed,1,AUS9,,13.0,,1,0,0.0,1,1.0,13.0,,11.0,0.0,,-370.0439718,,99,8118,12,0.0,12.0,0.0,12,0.0,12.0,0.0
1039,Jas & Jag,Brothers/Entrepreneurs,,2,2,0,All-Male,1,USA38,,1.0,,12,7,0.5833333333,0,0.0,1.75,1.215431087,1.548780488,0.9080026455,0.1403419999,1852.614032,,100,8307,12,12.0,0.0,1.0,82,73.0,9.0,0.8902439024
1040,Kyland & Taylor,Dating,,2,1,1,Co-Ed,1,USA38,,2.0,,12,0,0.0,0,0.0,4.666666667,2.774341309,3.906504065,0.4815566378,0.22762563,221.4091772,,100,8308,12,11.0,1.0,0.9166666667,82,38.0,44.0,0.4634146341
1041,Joseph & Adam,Brothers,,2,2,0,All-Male,1,USA38,,3.0,,12,0,0.0,2,0.1666666667,4.25,1.864744682,3.774390244,0.4593885281,0.2711203508,70.54360493,,100,8309,12,10.0,2.0,0.8333333333,82,43.0,39.0,0.5243902439
1042,Izzy & Paige,Engaged,,2,0,2,All-Female,1,USA38,,4.0,,11,0,0.0,1,0.09090909091,4.727272727,1.737291518,4.203125,0.4332808606,0.2783943198,-101.8562609,,100,8306,12,9.0,3.0,0.75,80,39.0,41.0,0.4875
1043,Jack & Chelsie,Father/Daughter,,2,1,1,Co-Ed,1,USA38,,5.0,,10,0,0.0,1,0.1,5.9,1.91195072,5.242424242,0.3443037518,0.2302542209,-394.1030733,,100,8302,12,8.0,4.0,0.6666666667,77,28.0,49.0,0.3636363636
1044,Tucker & Eric,Brothers,,2,2,0,All-Male,1,USA38,,6.0,,9,4,0.4444444444,1,0.1111111111,2.333333333,1.732050808,2.164383562,0.8048821549,0.319899564,1210.300547,,100,8297,12,7.0,5.0,0.5833333333,73,61.0,12.0,0.8356164384
1045,Natalie & Stephanie,Sisters,,2,0,2,All-Female,1,USA38,,7.0,,7,1,0.1428571429,1,0.1428571429,3.857142857,2.035400978,3.380952381,0.6350237065,0.3310926977,462.243188,,100,8285,12,6.0,6.0,0.5,63,43.0,20.0,0.6825396825
1046,Kristine & Rubina,Sisters,,2,0,2,All-Female,1,USA38,,8.0,,6,0,0.0,1,0.1666666667,7.166666667,1.602081979,6.138888889,0.3101430976,0.2617658018,-569.4835704,,100,8278,12,5.0,7.0,0.4166666667,57,20.0,37.0,0.350877193
1047,Hannah & Simone,Sisters,,2,0,2,All-Female,1,USA38,,9.0,,5,0,0.0,1,0.2,6.4,1.673320053,5.5,0.4361616162,0.2555898887,-166.4465704,,100,8270,12,4.0,8.0,0.3333333333,50,23.0,27.0,0.46
1048,Kat & Alex,Dating,,2,1,1,Co-Ed,1,USA38,,10.0,,4,0,0.0,1,0.25,10.25,0.5,8.708333333,0.1121212121,0.08276666839,-880.0889761,,100,8261,12,3.0,9.0,0.25,42,5.0,37.0,0.119047619
1049,Megan & Matt,Newlyweds,,2,1,1,Co-Ed,1,USA38,,11.0,,3,0,0.0,1,0.3333333333,11.33333333,0.5773502692,9.611111111,0.05808080808,0.05044187969,-820.615936,,100,8251,12,2.0,10.0,0.1666666667,33,2.0,31.0,0.06060606061
1050,Angela & Lexi,Mother/Daughter,,2,0,2,All-Female,1,USA38,,12.0,,2,0,0.0,1,0.5,11.0,1.414213562,9.333333333,0.125,0.1767766953,-514.4721898,,100,8240,12,1.0,11.0,0.08333333333,23,3.0,20.0,0.1304347826
1051,Jack & Enzo,Jersey Brothers,,2,2,0,All-Male,1,USA38,,13.0,,1,0,0.0,1,1.0,13.0,,11.0,0.0,,-370.0439718,,100,8228,12,0.0,12.0,0.0,12,0.0,12.0,0.0
1052,Maria & Vilma,Senior/Junior in Politics,,2,0,2,All-Female,1,FIN3,,1.0,,12,4,0.3333333333,1,0.08333333333,2.666666667,1.435481125,2.351351351,0.7163690476,0.2942283586,968.567316,,101,8393,10,10.0,0.0,1.0,74,54.0,20.0,0.7297297297
1053,Millu & Karo,Co-Workers,,2,0,2,All-Female,1,FIN3,,2.0,,12,0,0.0,0,0.0,3.5,1.0,3.22972973,0.5435846561,0.2005725041,313.5129872,,101,8394,10,9.0,1.0,0.9,74,44.0,30.0,0.5945945946
1054,Tomas & Esko,Father/Son-in-Law,,2,2,0,All-Male,1,FIN3,,3.0,,12,1,0.08333333333,1,0.08333333333,4.166666667,1.94624736,4.081081081,0.4400462963,0.2924879211,-65.77249119,,101,8395,10,8.0,2.0,0.8,74,36.0,38.0,0.4864864865
1055,Sara & Artturi,Siblings,,2,1,1,Co-Ed,1,FIN3,,4.0,,11,4,0.3636363636,1,0.09090909091,2.636363636,1.629277587,2.625,0.7405483405,0.3085914845,1097.893026,,101,8392,10,7.0,3.0,0.7,72,54.0,18.0,0.75
1056,Armi & Sari,Close Friends,,2,0,2,All-Female,1,FIN3,,5.0,,10,0,0.0,1,0.1,4.0,2.666666667,4.043478261,0.5861507937,0.3109362952,518.2001784,,101,8388,10,6.0,4.0,0.6,69,39.0,30.0,0.5652173913
1057,Tuomas & Sini,Twins,,2,1,1,Co-Ed,1,FIN3,,6.0,,8,0,0.0,2,0.25,7.375,1.846811925,7.270491803,0.159672619,0.139138735,-1052.789328,,101,8378,10,5.0,5.0,0.5,61,10.0,51.0,0.1639344262
1058,Mari & Joel,Mother/Son,,2,1,1,Co-Ed,1,FIN3,,7.0,,7,0,0.0,1,0.1428571429,7.285714286,1.253566341,7.285714286,0.1958049887,0.1552709808,-948.6838701,,101,8372,10,4.0,6.0,0.4,56,12.0,44.0,0.2142857143
1059,Nina & Elsa,Mother/Daughter,,2,0,2,All-Female,1,FIN3,,8.0,,5,3,0.6,1,0.2,2.6,3.049590136,2.545454545,0.78,0.438178046,678.8746684,,101,8358,10,3.0,7.0,0.3,44,36.0,8.0,0.8181818182
1060,Paula & Kati,Best Friends,,2,0,2,All-Female,1,FIN3,,9.0,,4,0,0.0,1,0.25,7.0,1.414213562,6.837837838,0.3361111111,0.2277777778,-373.3646364,,101,8350,10,2.0,8.0,0.2,37,13.0,24.0,0.3513513514
1061,Arttu & Jaakko,Childhood Friends,,2,2,0,All-Male,1,FIN3,,10.0,,3,0,0.0,1,0.3333333333,8.333333333,1.527525232,8.206896552,0.2333333333,0.2081665999,-489.7029528,,101,8341,10,1.0,9.0,0.1,29,7.0,22.0,0.2413793103
1062,Karri & Tuukka,Rap Brothers,,2,2,0,All-Male,1,FIN3,,11.0,,2,0,0.0,2,1.0,11.0,0.0,11.0,0.0,0.0,-646.7348981,,101,8331,10,0.0,10.0,0.0,20,0.0,20.0,0.0
1063,Tom & Almog,Footballers,,2,2,0,All-Male,1,ISR10,,1.0,,11,4,0.3636363636,0,0.0,3.818181818,3.027149875,3.246376812,0.6327364555,0.3575833774,727.850822,,102,8480,13,13.0,0.0,1.0,69,38.0,31.0,0.5507246377
1064,Adi & Or,Married +2,,2,1,1,Co-Ed,1,ISR10,,2.0,,11,0,0.0,0,0.0,4.272727273,1.848832555,3.809364548,0.4504820937,0.2250365425,4.397936069,,102,8481,13,12.0,1.0,0.9230769231,69,33.0,36.0,0.4782608696
1065,Ezi & Dani,Father/Daughter,,2,1,1,Co-Ed,1,ISR10,,3.0,,11,1,0.09090909091,2,0.1818181818,4.363636364,2.110579412,4.093645485,0.4548209366,0.3125216747,11.08490485,,102,8482,13,11.0,2.0,0.8461538462,69,32.0,37.0,0.4637681159
1066,Shlomi & Asaf,Actors,,2,2,0,All-Male,1,ISR10,,4.0,,10,3,0.3,1,0.1,3.6,2.951459149,3.388059701,0.5857575758,0.3577071322,432.2225329,,102,8479,13,10.0,3.0,0.7692307692,67,41.0,26.0,0.6119402985
1067,Mai & Itai,Childhood Friends,,2,1,1,Co-Ed,1,ISR10,,5.0,,9,0,0.0,1,0.1111111111,3.333333333,1.224744871,3.145432692,0.6200056117,0.3059238373,443.5651541,,102,8475,13,9.0,4.0,0.6923076923,64,43.0,21.0,0.671875
1068,Sapir & Sapir,Best Friends,,2,0,2,All-Female,1,ISR10,,6.0,,8,0,0.0,1,0.125,5.375,2.065879266,5.038461538,0.422979798,0.2087583011,-173.9655696,,102,8470,13,8.0,5.0,0.6153846154,60,25.0,35.0,0.4166666667
1069,Itai & Omri,Brothers,,2,2,0,All-Male,1,ISR10,,7.0,,6,3,0.5,1,0.1666666667,3.166666667,2.562550813,2.9,0.6967592593,0.3965920279,483.3737052,,102,8458,13,7.0,6.0,0.5384615385,50,37.0,13.0,0.74
1070,Tom & Samantha,Married +1,,2,1,1,Co-Ed,1,ISR10,,8.0,,5,0,0.0,0,0.0,4.8,3.420526275,4.321678322,0.5575252525,0.4023880512,51.08280127,,102,8450,13,6.0,7.0,0.4615384615,44,25.0,19.0,0.5681818182
1071,Hen & Yossi,Exes,,2,1,1,Co-Ed,1,ISR10,,9.0,,5,0,0.0,1,0.2,7.0,1.414213562,6.506993007,0.2868686869,0.2308749323,-523.699254,,102,8451,13,5.0,8.0,0.3846153846,44,14.0,30.0,0.3181818182
1072,Michal & Nuni,Friends,,2,0,2,All-Female,1,ISR10,,10.0,,4,0,0.0,1,0.25,8.0,4.0,7.581196581,0.2787878788,0.3770992664,-599.2754148,,102,8442,13,4.0,9.0,0.3076923077,36,8.0,28.0,0.2222222222
1073,Ron & Meitav,Engaged,,2,1,1,Co-Ed,1,ISR10,,11.0,,3,1,0.3333333333,1,0.3333333333,4.666666667,5.507570547,4.603988604,0.6363636364,0.5529784118,137.9555916,,102,8432,13,3.0,10.0,0.2307692308,27,16.0,11.0,0.5925925926
1074,Emuna & Neria,Siblings,,2,1,1,Co-Ed,1,ISR10,,12.0,,2,0,0.0,1,0.5,8.5,4.949747468,9.14479638,0.1666666667,0.2357022604,-433.122225,,102,8421,13,2.0,11.0,0.1538461538,17,2.0,15.0,0.1176470588
1075,Yotam & Nofar,Lawyers,,2,1,1,Co-Ed,1,ISR10,,13.0,,1,0,0.0,1,1.0,7.0,,10.80769231,0.0,,-280.7354922,,102,8409,13,0.5,12.5,0.03846153846,6,0.0,6.0,0.0
1076,Reuven & Gali,Father/Daughter,,2,1,1,Co-Ed,1,ISR10,,13.0,,1,0,0.0,1,1.0,7.0,,10.80769231,0.0,,-280.7354922,,102,8402,13,0.5,12.5,0.03846153846,6,0.0,6.0,0.0
1077,Tina & Liz,Twin Sisters,,2,0,2,All-Female,1,CAN12,,1.0,,10,5,0.5,0,0.0,2.0,1.154700538,1.846774194,0.8535714286,0.1674255211,1394.406188,,103,8552,9,9.0,0.0,1.0,62,51.5,10.5,0.8306451613
1078,Eamon & Bec,Married Couple,,2,1,1,Co-Ed,1,CAN12,,2.0,,10,2,0.2,0,0.0,2.5,1.433720878,2.344086022,0.7133730159,0.2513128688,867.3751228,,103,8553,9,8.0,1.0,0.8888888889,62,47.0,15.0,0.7580645161
1079,Michele & Matteo,Siblings,,2,2,0,All-Male,1,CAN12,,3.0,,10,0,0.0,1,0.1,5.1,1.791957341,5.041218638,0.3179761905,0.189697118,-409.1139039,,103,8554,9,7.0,2.0,0.7777777778,62,21.0,41.0,0.3387096774
1080,Sacha & Sébastien,Siblings,,2,2,0,All-Male,1,CAN12,,4.0,,9,2,0.2222222222,1,0.1111111111,3.222222222,1.787300882,3.277777778,0.6021164021,0.3461818882,447.8968543,,103,8551,9,6.0,3.0,0.6666666667,60,39.5,20.5,0.6583333333
1081,Ameen & Surria,Mother/Son,,2,1,1,Co-Ed,1,CAN12,,5.0,,8,1,0.125,0,0.0,4.375,2.386719207,4.421052632,0.5393849206,0.3174756055,290.5173275,,103,8546,9,5.0,4.0,0.5555555556,57,30.0,27.0,0.5263157895
1082,Filipe & Clara,Married Couple,,2,1,1,Co-Ed,1,CAN12,,6.0,,8,0,0.0,2,0.25,4.125,1.726888201,4.411306043,0.513640873,0.3434700693,24.2602111,,103,8547,9,4.0,5.0,0.4444444444,57,32.0,25.0,0.5614035088
1083,Chayla & Chyana,Siblings,,2,0,2,All-Female,1,CAN12,,7.0,,7,0,0.0,1,0.1428571429,6.857142857,1.463850109,7.570512821,0.210600907,0.1548145878,-819.7125503,,103,8541,9,3.0,6.0,0.3333333333,52,11.0,41.0,0.2115384615
1084,Keshia & Nova,Friends,,2,0,2,All-Female,1,CAN12,,8.0,,5,0,0.0,2,0.4,7.2,1.643167673,7.888888889,0.2111111111,0.2434322478,-730.9531937,,103,8527,9,2.0,7.0,0.2222222222,40,9.0,31.0,0.225
1085,Dana & Cordelia,Mother/Daughter,,2,0,2,All-Female,1,CAN12,,9.0,,3,0,0.0,1,0.3333333333,7.333333333,2.081665999,7.901709402,0.2592592593,0.2796234976,-442.3741829,,103,8511,9,1.0,8.0,0.1111111111,26,7.0,19.0,0.2692307692
1086,Maestro & Duane,Friends,,2,2,0,All-Male,1,CAN12,,10.0,,2,0,0.0,2,1.0,10.0,0.0,11.0,0.0,0.0,-622.3018728,,103,8502,9,0.0,9.0,0.0,18,0.0,18.0,0.0
