id,names,tid,sid,season,relationshiptag,w,contestants,males,females,class,avg_age,st_dev,w1,order,finish,legs,legs,first_places,legs1,total,last_places,legs2,racing_average,st_dev1,normalized_ra,dominance,st_dev2,rating,w2,leg_placements,unnamed_31,unnamed_32,unnamed_33,unnamed_34,unnamed_35,unnamed_36,unnamed_37,unnamed_38,unnamed_39,unnamed_40,unnamed_41,unnamed_42,unnamed_43,unnamed_44,unnamed_45,unnamed_46,unnamed_47,unnamed_48,unnamed_49,unnamed_50,unnamed_51,unnamed_52,unnamed_53,w3,full_name,vid,opps,wins,losses,beaten,lopps,lwins,llosses,l_beaten
1,Rob & Brennan,1,1,USA1,Lawyers/Best Friends,,2,2,0,All-Male,28.0,1.414213562,,13,1,13,1.0,5,0.3846153846,0.3846153846,0,0.0,2.461538462,1.506396618,2.397058824,0.7446275946,0.2424530983,1245.258787,,1.0,3.0,3.0,6.0,4.0,3.0,3.0,3.0,1.0,1.0,2.0,1.0,1.0,,,,,,,,,,,,,Rob & Brennan (USA1),1,10,10.0,0.0,1.0,68,49.0,19.0,0.7205882353
2,Frank & Margarita,2,1,USA1,Separated Parents,,2,1,1,Co-Ed,29.0,1.414213562,,13,2,13,1.0,3,0.2307692308,0.2307692308,0,0.0,2.461538462,1.391365314,2.536764706,0.7130952381,0.2243018479,1125.232129,,3.0,4.0,2.0,5.0,5.0,1.0,1.0,2.0,2.0,2.0,1.0,2.0,2.0,,,,,,,,,,,,,Frank & Margarita (USA1),1,10,9.0,1.0,0.9,68,49.0,19.0,0.7205882353
3,Joe & Bill,3,1,USA1,Life Partners,,2,2,0,All-Male,48.5,2.121320344,,13,3,13,1.0,1,0.07692307692,0.07692307692,3,0.2307692308,2.769230769,1.012739367,3.029411765,0.5138888889,0.3838663766,249.7250284,,2.0,2.0,4.0,1.0,2.0,2.0,2.0,4.0,4.0,4.0,3.0,3.0,3.0,,,,,,,,,,,,,Joe & Bill (USA1),1,10,8.0,2.0,0.8,68,45.0,23.0,0.6617647059
4,Kevin & Drew,4,1,USA1,Fraternity Brothers,,2,2,0,All-Male,34.5,0.7071067812,,11,4,11,0.8461538462,3,0.2727272727,0.2307692308,1,0.09090909091,3.363636364,2.335496832,3.640625,0.5678210678,0.3489725703,442.3537987,,9.0,5.0,1.0,2.0,1.0,4.0,4.0,1.0,3.0,3.0,4.0,,,,,,,,,,,,,,,Kevin & Drew (USA1),1,10,7.0,3.0,0.7,64,38.0,26.0,0.59375
5,Nancy & Emily,5,1,USA1,Mother/Daughter,,2,0,2,All-Female,33.5,17.67766953,,9,5,9,0.6923076923,0,0.0,0.0,2,0.2222222222,5.666666667,2.291287847,6.068965517,0.2599206349,0.2653667295,-680.6749504,,10.0,7.0,8.0,3.0,3.0,5.0,5.0,5.0,5.0,,,,,,,,,,,,,,,,,Nancy & Emily (USA1),1,10,6.0,4.0,0.6,58,16.0,42.0,0.275862069
6,Lenny & Karyn,6,1,USA1,Dating,,2,1,1,Co-Ed,31.0,2.828427125,,7,6,7,0.5384615385,0,0.0,0.0,2,0.2857142857,6.428571429,1.511857892,6.7,0.1958049887,0.2396714644,-897.0412169,,4.0,9.0,7.0,7.0,6.0,6.0,6.0,,,,,,,,,,,,,,,,,,,Lenny & Karyn (USA1),1,10,5.0,5.0,0.5,50,12.0,38.0,0.24
7,Paul & Amie,7,1,USA1,Engaged,,2,1,1,Co-Ed,29.5,3.535533906,,5,7,5,0.3846153846,0,0.0,0.0,1,0.2,6.0,1.224744871,6.0,0.3581746032,0.2140334347,-335.3898286,,7.0,6.0,6.0,4.0,7.0,,,,,,,,,,,,,,,,,,,,,Paul & Amie (USA1),1,10,4.0,6.0,0.4,40,15.0,25.0,0.375
8,Dave & Margaretta,8,1,USA1,Grandparents,,2,1,1,Co-Ed,61.5,3.535533906,,4,8,4,0.3076923077,0,0.0,0.0,1,0.25,7.25,1.5,7.25,0.2555555556,0.2066786138,-516.5370348,,8.0,8.0,5.0,8.0,,,,,,,,,,,,,,,,,,,,,,Dave & Margaretta (USA1),1,10,3.0,7.0,0.3,34,9.0,25.0,0.2647058824
9,Pat & Brenda,9,1,USA1,Working Moms,,2,0,2,All-Female,41.5,0.7071067812,,3,9,3,0.2307692308,1,0.3333333333,0.07692307692,1,0.3333333333,5.0,4.0,5.0,0.5333333333,0.5033222957,40.80498972,,5.0,1.0,9.0,,,,,,,,,,,,,,,,,,,,,,,Pat & Brenda (USA1),1,10,2.0,8.0,0.2,27,15.0,12.0,0.5555555556
10,Kim & Leslie,10,1,USA1,Teachers/Roommates,,2,0,2,All-Female,27.5,0.7071067812,,2,10,2,0.1538461538,0,0.0,0.0,1,0.5,8.0,2.828427125,8.0,0.25,0.3535533906,-327.7885396,,6.0,10.0,,,,,,,,,,,,,,,,,,,,,,,,Kim & Leslie (USA1),1,10,1.0,9.0,0.1,19,5.0,14.0,0.2631578947
11,Matt & Ana,11,1,USA1,Married,,2,1,1,Co-Ed,28.0,0.0,,1,11,1,0.07692307692,0,0.0,0.0,1,1.0,11.0,,11.0,0.0,,-345.9431619,,11.0,,,,,,,,,,,,,,,,,,,,,,,,,Matt & Ana (USA1),1,10,0.0,10.0,0.0,10,0.0,10.0,0.0
12,Chris & Alex,12,2,USA2,Lifelong Friends,,2,2,0,All-Male,24.5,0.7071067812,,13,1,13,1.0,3,0.2307692308,0.2307692308,2,0.1538461538,3.384615385,2.292686253,3.279411765,0.5383394383,0.3851657956,348.4421913,,6.0,2.0,7.0,7.0,1.0,6.0,2.0,2.0,1.0,3.0,3.0,3.0,1.0,,,,,,,,,,,,,Chris & Alex (USA2),1,10,10.0,0.0,1.0,68,37.0,31.0,0.5441176471
13,Tara & Wil,13,2,USA2,Separated Couple,,2,1,1,Co-Ed,33.5,3.535533906,,13,2,13,1.0,3,0.2307692308,0.2307692308,0,0.0,2.461538462,1.198289379,2.577205882,0.6648656899,0.2537293548,721.4076737,,1.0,3.0,2.0,2.0,3.0,5.0,3.0,4.0,3.0,2.0,1.0,1.0,2.0,,,,,,,,,,,,,Tara & Wil (USA2),1,10,9.0,1.0,0.9,68,48.5,19.5,0.7132352941
14,Blake & Paige,14,2,USA2,Brother/Sister,,2,1,1,Co-Ed,23.0,2.828427125,,13,3,13,1.0,2,0.1538461538,0.1538461538,2,0.1538461538,3.692307692,2.136376035,4.220588235,0.4797466422,0.3136064487,134.4248636,,4.0,9.0,5.0,4.0,4.0,3.0,5.0,5.0,2.0,1.0,2.0,1.0,3.0,,,,,,,,,,,,,Blake & Paige (USA2),1,10,8.0,2.0,0.8,68,31.5,36.5,0.4632352941
15,Oswald & Danny,15,2,USA2,Best Friends,,2,2,0,All-Male,33.5,3.535533906,,11,4,11,0.8461538462,3,0.2727272727,0.2307692308,2,0.1818181818,4.0,2.366431913,4.3515625,0.4409090909,0.3837941894,-133.8216988,,8.0,7.0,1.0,1.0,6.0,4.0,4.0,1.0,4.0,4.0,4.0,,,,,,,,,,,,,,,Oswald & Danny (USA2),1,10,7.0,3.0,0.7,64,31.0,33.0,0.484375
16,Gary & Dave,16,2,USA2,Former Roommates,,2,2,0,All-Male,30.5,3.535533906,,9,5,9,0.6923076923,1,0.1111111111,0.07692307692,1,0.1111111111,4.0,2.34520788,4.25862069,0.5392416226,0.317297853,240.249895,,9.0,5.0,3.0,3.0,5.0,2.0,1.0,3.0,5.0,,,,,,,,,,,,,,,,,Gary & Dave (USA2),1,10,6.0,4.0,0.6,58,31.0,27.0,0.5344827586
17,Mary & Peach,17,2,USA2,Sisters,,2,0,2,All-Female,35.5,3.535533906,,7,6,7,0.5384615385,1,0.1428571429,0.07692307692,1,0.1428571429,4.142857143,2.115700942,4.3,0.5647959184,0.3266563823,256.6558881,,7.0,4.0,4.0,5.0,2.0,1.0,6.0,,,,,,,,,,,,,,,,,,,Mary & Peach (USA2),1,10,5.0,5.0,0.5,50,28.0,22.0,0.56
18,Cyndi & Russell,18,2,USA2,Pastors/Married Parents,,2,1,1,Co-Ed,45.5,0.7071067812,,5,7,5,0.3846153846,0,0.0,0.0,1,0.2,5.8,2.28035085,5.8,0.351031746,0.3495254224,-396.2499202,,2.0,6.0,8.0,6.0,7.0,,,,,,,,,,,,,,,,,,,,,Cyndi & Russell (USA2),1,10,4.0,6.0,0.4,40,16.0,24.0,0.4
19,Shola & Doyin,19,2,USA2,Twins,,2,2,0,All-Male,27.0,0.0,,4,8,4,0.3076923077,1,0.25,0.07692307692,1,0.25,4.25,2.986078811,4.375,0.559375,0.439622826,91.9494675,,3.0,1.0,5.0,8.0,,,,,,,,,,,,,,,,,,,,,,Shola & Doyin (USA2),1,10,3.0,7.0,0.3,34,20.5,13.5,0.6029411765
20,Peggy & Claire,20,2,USA2,Grandmothers,,2,0,2,All-Female,64.0,1.414213562,,3,9,3,0.2307692308,0,0.0,0.0,1,0.3333333333,9.0,1.0,9.0,0.1074074074,0.1112961422,-679.8980458,,10.0,8.0,9.0,,,,,,,,,,,,,,,,,,,,,,,Peggy & Claire (USA2),1,10,2.0,8.0,0.2,27,3.0,24.0,0.1111111111
21,Hope & Norm,21,2,USA2,Married Parents,,2,1,1,Co-Ed,38.5,0.7071067812,,2,10,2,0.1538461538,0,0.0,0.0,1,0.5,7.0,4.242640687,7.25,0.325,0.4596194078,-237.2171527,,4.0,10.0,,,,,,,,,,,,,,,,,,,,,,,,Hope & Norm (USA2),1,10,1.0,9.0,0.1,19,6.5,12.5,0.3421052632
22,Diedre & Hillary,22,2,USA2,Mother/Daughter,,2,0,2,All-Female,37.0,19.79898987,,1,11,1,0.07692307692,0,0.0,0.0,1,1.0,11.0,,11.0,0.0,,-345.9431619,,11.0,,,,,,,,,,,,,,,,,,,,,,,,,Diedre & Hillary (USA2),1,10,0.0,10.0,0.0,10,0.0,10.0,0.0
23,Flo & Zach,23,3,USA3,Friends,,2,1,1,Co-Ed,23.0,0.0,,13,1,13,1.0,2,0.1538461538,0.1538461538,2,0.1538461538,2.692307692,1.315587029,2.5,0.6470668221,0.3310787045,760.6052581,,2.0,5.0,3.0,2.0,4.0,2.0,1.0,2.0,5.0,3.0,2.0,3.0,1.0,,,,,,,,,,,,,Flo & Zach (USA3),1,11,11.0,0.0,1.0,75,52.5,22.5,0.7
24,Teri & Ian,24,3,USA3,Married Parents,,2,1,1,Co-Ed,49.5,0.7071067812,,13,2,13,1.0,3,0.2307692308,0.2307692308,0,0.0,4.461538462,3.044541143,4.272727273,0.4815739816,0.3235653258,273.3610518,,8.0,10.0,9.0,5.0,6.0,1.0,4.0,3.0,4.0,4.0,1.0,1.0,2.0,,,,,,,,,,,,,Teri & Ian (USA3),1,11,10.0,1.0,0.9090909091,75,30.0,45.0,0.4
25,Ken & Gerard,25,3,USA3,Brothers,,2,2,0,All-Male,37.5,3.535533906,,13,3,13,1.0,3,0.2307692308,0.2307692308,1,0.07692307692,2.692307692,1.548365557,2.733333333,0.602991453,0.3349621883,570.8076085,,1.0,6.0,2.0,1.0,1.0,3.0,5.0,4.0,2.0,2.0,3.0,2.0,3.0,,,,,,,,,,,,,Ken & Gerard (USA3),1,11,9.0,2.0,0.8181818182,75,53.0,22.0,0.7066666667
26,Derek & Drew,26,3,USA3,Twin Brothers/Models,,2,2,0,All-Male,32.0,0.0,,11,4,11,0.8461538462,4,0.3636363636,0.3076923077,1,0.09090909091,3.090909091,2.879393876,3.061459667,0.6686540732,0.3609553406,834.5264989,,11.0,1.0,1.0,3.0,3.0,4.0,2.0,1.0,3.0,1.0,4.0,,,,,,,,,,,,,,,Derek & Drew (USA3),1,11,8.0,3.0,0.7272727273,71,48.0,23.0,0.676056338
27,John Vito & Jill,27,3,USA3,Dating,,2,1,1,Co-Ed,26.0,2.828427125,,10,5,10,0.7692307692,1,0.1,0.07692307692,2,0.2,4.8,1.813529401,4.860294118,0.4178030303,0.2966876732,-127.2404644,,5.0,7.0,7.0,6.0,4.0,5.0,3.0,5.0,1.0,5.0,,,,,,,,,,,,,,,,John Vito & Jill (USA3),1,11,7.0,4.0,0.6363636364,68,29.5,38.5,0.4338235294
28,Andre & Damon,28,3,USA3,Cop/Fireman,,2,2,0,All-Male,32.5,0.7071067812,,7,6,7,0.5384615385,0,0.0,0.0,1,0.1428571429,6.142857143,2.478478796,5.675324675,0.3491084313,0.2926097114,-368.4061715,,9.0,8.0,8.0,4.0,2.0,6.0,6.0,,,,,,,,,,,,,,,,,,,Andre & Damon (USA3),1,11,6.0,5.0,0.5454545455,56,20.0,36.0,0.3571428571
29,Aaron & Arianne,29,3,USA3,Lifelong Friends,,2,1,1,Co-Ed,27.0,0.0,,6,7,6,0.4615384615,0,0.0,0.0,1,0.1666666667,5.166666667,2.483277404,4.787878788,0.4421176046,0.3967596848,-222.8621226,,3.0,2.0,4.0,8.0,7.0,7.0,,,,,,,,,,,,,,,,,,,,Aaron & Arianne (USA3),1,11,5.0,6.0,0.4545454545,51,26.0,25.0,0.5098039216
30,Michael & Kathy,30,3,USA3,Long-Distance Dating,,2,1,1,Co-Ed,29.5,2.121320344,,5,8,5,0.3846153846,0,0.0,0.0,1,0.2,5.8,1.788854382,5.363636364,0.4243434343,0.3076604186,-228.3064069,,4.0,4.0,6.0,7.0,8.0,,,,,,,,,,,,,,,,,,,,,Michael & Kathy (USA3),1,11,4.0,7.0,0.3636363636,45,21.0,24.0,0.4666666667
31,Heather & Eve,31,3,USA3,Law School Roommates,,2,0,2,All-Female,24.5,0.7071067812,,4,9,4,0.3076923077,0,0.0,0.0,1,0.25,5.75,2.5,5.318181818,0.4752525253,0.3379855941,-70.85536529,,6.0,3.0,5.0,9.0,,,,,,,,,,,,,,,,,,,,,,Heather & Eve (USA3),1,11,3.0,8.0,0.2727272727,38,19.0,19.0,0.5
32,Dennis & Andrew,32,3,USA3,Father/Son,,2,2,0,All-Male,34.5,19.09188309,,3,10,3,0.2307692308,0,0.0,0.0,1,0.3333333333,8.666666667,1.527525232,7.96969697,0.2181818182,0.2278175288,-523.1761317,,7.0,9.0,10.0,,,,,,,,,,,,,,,,,,,,,,,Dennis & Andrew (USA3),1,11,2.0,9.0,0.1818181818,30,7.0,23.0,0.2333333333
33,Tramel & Talicia,33,3,USA3,Brother/Sister,,2,1,1,Co-Ed,25.5,4.949747468,,2,11,2,0.1538461538,0,0.0,0.0,1,0.5,10.5,0.7071067812,9.636363636,0.09090909091,0.1285648693,-539.9575049,,10.0,11.0,,,,,,,,,,,,,,,,,,,,,,,,Tramel & Talicia (USA3),1,11,1.0,10.0,0.09090909091,21,2.0,19.0,0.09523809524
34,Gina & Sylvia,34,3,USA3,Soccer Moms,,2,0,2,All-Female,34.5,0.7071067812,,1,12,1,0.07692307692,0,0.0,0.0,1,1.0,12.0,,11.0,0.0,,-358.4962501,,12.0,,,,,,,,,,,,,,,,,,,,,,,,,Gina & Sylvia (USA3),1,11,0.0,11.0,0.0,11,0.0,11.0,0.0
35,Reichen & Chip,35,4,USA4,Married,,2,2,0,All-Male,32.0,5.656854249,,13,1,13,1.0,2,0.1538461538,0.1538461538,0,0.0,3.153846154,2.192645048,2.891891892,0.6388666889,0.2680781368,703.143683,,9.0,2.0,3.0,5.0,4.0,2.0,5.0,2.0,1.0,2.0,3.0,2.0,1.0,,,,,,,,,,,,,Reichen & Chip (USA4),1,11,11.0,0.0,1.0,74,46.0,28.0,0.6216216216
36,Kelly & Jon,36,4,USA4,Engaged,,2,1,1,Co-Ed,29.0,1.414213562,,13,2,13,1.0,1,0.07692307692,0.07692307692,2,0.1538461538,3.846153846,2.075498087,3.727272727,0.4780996781,0.3094976332,100.7117093,,6.0,3.0,8.0,7.0,3.0,3.0,3.0,5.0,4.0,1.0,2.0,3.0,2.0,,,,,,,,,,,,,Kelly & Jon (USA4),1,11,10.0,1.0,0.9090909091,74,37.0,37.0,0.5
37,David & Jeff,37,4,USA4,Best Friends,,2,2,0,All-Male,34.5,3.535533906,,13,3,13,1.0,4,0.3076923077,0.3076923077,2,0.1538461538,4.0,2.768874621,4.114250614,0.501989677,0.3832981161,235.1434196,,10.0,5.0,7.0,6.0,6.0,1.0,1.0,4.0,3.0,4.0,1.0,1.0,3.0,,,,,,,,,,,,,David & Jeff (USA4),1,11,9.0,2.0,0.8181818182,74,35.0,39.0,0.472972973
38,Jon & Al,38,4,USA4,Best Friends/Clowns,,2,2,0,All-Male,37.0,4.242640687,,11,4,11,0.8461538462,1,0.09090909091,0.07692307692,1,0.09090909091,3.727272727,2.148995537,3.772727273,0.5562393415,0.314158749,335.5382431,,7.0,6.0,6.0,2.0,2.0,6.0,2.0,1.0,2.0,3.0,4.0,,,,,,,,,,,,,,,Jon & Al (USA4),1,11,8.0,3.0,0.7272727273,70,39.5,30.5,0.5642857143
39,Millie & Chuck,39,4,USA4,Dating 12 Years/Virgins,,2,1,1,Co-Ed,28.5,0.7071067812,,9,5,9,0.6923076923,2,0.2222222222,0.1538461538,1,0.1111111111,3.666666667,2.236067977,3.716619318,0.5530162738,0.3148018254,214.6631301,,1.0,8.0,5.0,2.0,1.0,4.0,4.0,3.0,5.0,,,,,,,,,,,,,,,,,Millie & Chuck (USA4),1,11,7.0,4.0,0.6363636364,64,38.5,25.5,0.6015625
40,Tian & Jaree,40,4,USA4,Friends/Models,,2,0,2,All-Female,31.5,2.121320344,,7,6,7,0.5384615385,1,0.1428571429,0.07692307692,1,0.1428571429,5.428571429,3.10145895,5.025974026,0.419109462,0.3752019443,-217.7426278,,11.0,4.0,4.0,1.0,7.0,5.0,6.0,,,,,,,,,,,,,,,,,,,Tian & Jaree (USA4),1,11,6.0,5.0,0.5454545455,56,25.0,31.0,0.4464285714
41,Monica & Sheree,41,4,USA4,NFL Wives/Moms,,2,0,2,All-Female,30.0,1.414213562,,6,7,6,0.4615384615,0,0.0,0.0,1,0.1666666667,5.333333333,2.804757862,4.939393939,0.4616221741,0.3534904118,-112.5789285,,4.0,10.0,2.0,4.0,5.0,7.0,,,,,,,,,,,,,,,,,,,,Monica & Sheree (USA4),1,11,5.0,6.0,0.4545454545,51,25.0,26.0,0.4901960784
42,Steve & Dave,42,4,USA4,Air Traffic Controllers,,2,2,0,All-Male,44.5,2.121320344,,5,8,5,0.3846153846,1,0.2,0.07692307692,1,0.2,6.2,3.271085447,5.727272727,0.3744949495,0.4276964521,-387.4938716,,5.0,1.0,9.0,8.0,8.0,,,,,,,,,,,,,,,,,,,,,Steve & Dave (USA4),1,11,4.0,7.0,0.3636363636,45,19.0,26.0,0.4222222222
43,Steve & Josh,43,4,USA4,Father/Son,,2,2,0,All-Male,34.0,18.38477631,,4,9,4,0.3076923077,2,0.5,0.1538461538,1,0.25,5.0,4.618802154,4.863636364,0.5272727273,0.5014579295,31.20622782,,1.0,9.0,1.0,9.0,,,,,,,,,,,,,,,,,,,,,,Steve & Josh (USA4),1,11,3.0,8.0,0.2727272727,38,21.0,17.0,0.5526315789
44,Russell & Cindy,44,4,USA4,Friends/Dating,,2,1,1,Co-Ed,35.5,4.949747468,,3,10,3,0.2307692308,0,0.0,0.0,1,0.3333333333,8.333333333,1.527525232,7.666666667,0.2545454545,0.2211913647,-457.3470525,,8.0,7.0,10.0,,,,,,,,,,,,,,,,,,,,,,,Russell & Cindy (USA4),1,11,2.0,9.0,0.1818181818,30,8.0,22.0,0.2666666667
45,Amanda & Chris,45,4,USA4,Dating,,2,1,1,Co-Ed,26.5,2.121320344,,2,11,2,0.1538461538,1,0.5,0.07692307692,1,0.5,6.0,7.071067812,6.0,0.4545454545,0.6428243465,-86.74768246,,1.0,11.0,,,,,,,,,,,,,,,,,,,,,,,,Amanda & Chris (USA4),1,11,1.0,10.0,0.09090909091,21,10.0,11.0,0.4761904762
46,Debra & Steve,46,4,USA4,Married Parents,,2,1,1,Co-Ed,44.5,6.363961031,,1,12,1,0.07692307692,0,0.0,0.0,1,1.0,12.0,,11.0,0.0,,-358.4962501,,12.0,,,,,,,,,,,,,,,,,,,,,,,,,Debra & Steve (USA4),1,11,0.0,11.0,0.0,11,0.0,11.0,0.0
47,Chip & Kim,47,5,USA5,Married Parents,,2,1,1,Co-Ed,45.0,1.414213562,,13,1,13,1.0,4,0.3076923077,0.3076923077,0,0.0,3.384615385,2.662657242,3.183098592,0.6363247863,0.3164848031,778.8803153,,8.0,8.0,7.0,1.0,4.0,2.0,1.0,3.0,2.0,4.0,1.0,2.0,1.0,,,,,,,,,,,,,Chip & Kim (USA5),1,10,10.0,0.0,1.0,71,40.0,31.0,0.5633802817
48,Colin & Christie,48,5,USA5,Dating,,2,1,1,Co-Ed,25.0,1.414213562,,13,2,13,1.0,6,0.4615384615,0.4615384615,1,0.07692307692,2.461538462,2.025478734,2.471830986,0.7180708181,0.3403676635,976.1430405,,7.0,6.0,1.0,2.0,1.0,1.0,2.0,1.0,1.0,1.0,4.0,3.0,2.0,,,,,,,,,,,,,Colin & Christie (USA5),1,10,9.0,1.0,0.9,71,52.0,19.0,0.7323943662
49,Brandon & Nicole,49,5,USA5,Dating/Models,,2,1,1,Co-Ed,23.0,2.828427125,,13,3,13,1.0,2,0.1538461538,0.1538461538,2,0.1538461538,3.307692308,1.493575988,3.535211268,0.5252747253,0.3145569694,227.1336223,,6.0,1.0,3.0,5.0,3.0,4.0,4.0,2.0,5.0,3.0,3.0,1.0,3.0,,,,,,,,,,,,,Brandon & Nicole (USA5),1,10,8.0,2.0,0.8,71,41.0,30.0,0.5774647887
50,Linda & Karen,50,5,USA5,Bowling Moms,,2,0,2,All-Female,43.0,2.828427125,,12,4,12,0.9230769231,0,0.0,0.0,2,0.1666666667,4.166666667,1.696699113,4.579710145,0.4217261905,0.2827926582,-170.0867761,,3.0,4.0,6.0,6.0,7.0,6.0,3.0,4.0,3.0,2.0,2.0,4.0,,,,,,,,,,,,,,Linda & Karen (USA5),1,10,7.0,3.0,0.7,69,31.0,38.0,0.4492753623
51,Kami & Karli,51,5,USA5,Twins,,2,0,2,All-Female,26.0,0.0,,10,5,10,0.7692307692,0,0.0,0.0,2,0.2,5.8,1.988857852,6.333333333,0.2237301587,0.2100064087,-900.7626238,,9.0,9.0,5.0,7.0,6.0,3.0,5.0,5.0,4.0,5.0,,,,,,,,,,,,,,,,Kami & Karli (USA5),1,10,6.0,4.0,0.6,63,15.0,48.0,0.2380952381
52,Charla & Mirna,52,5,USA5,Cousins,,2,0,2,All-Female,27.0,0.0,,7,6,7,0.5384615385,0,0.0,0.0,1,0.1428571429,3.714285714,1.704336206,3.794117647,0.5859977324,0.3276383239,216.3681747,,5.0,2.0,2.0,4.0,2.0,5.0,6.0,,,,,,,,,,,,,,,,,,,Charla & Mirna (USA5),1,10,5.0,5.0,0.5,51,32.0,19.0,0.6274509804
53,Marshall & Lance,53,5,USA5,Brothers,,2,2,0,All-Male,28.5,3.535533906,,6,7,6,0.4615384615,0,0.0,0.0,1,0.1666666667,5.333333333,2.422120283,5.52173913,0.4009920635,0.3444658166,-308.6309631,,2.0,7.0,8.0,3.0,5.0,7.0,,,,,,,,,,,,,,,,,,,,Marshall & Lance (USA5),1,10,4.0,6.0,0.4,46,20.0,26.0,0.4347826087
54,Bob & Joyce,54,5,USA5,Internet Dating Couple,,2,1,1,Co-Ed,57.5,4.949747468,,4,8,4,0.3076923077,0,0.0,0.0,1,0.25,5.25,1.892969449,5.25,0.4701388889,0.3189277222,-89.22121532,,4.0,5.0,4.0,8.0,,,,,,,,,,,,,,,,,,,,,,Bob & Joyce (USA5),1,10,3.0,7.0,0.3,34,17.0,17.0,0.5
55,Jim & Marsha,55,5,USA5,Military Dad & Daughter,,2,1,1,Co-Ed,39.5,19.09188309,,3,9,3,0.2307692308,0,0.0,0.0,1,0.3333333333,7.333333333,3.785938897,7.333333333,0.2925925926,0.4231471351,-358.141457,,10.0,3.0,9.0,,,,,,,,,,,,,,,,,,,,,,,Jim & Marsha (USA5),1,10,2.0,8.0,0.2,27,8.0,19.0,0.2962962963
56,Alison & Donny,56,5,USA5,Dating,,2,1,1,Co-Ed,22.0,1.414213562,,2,10,2,0.1538461538,1,0.5,0.07692307692,1,0.5,5.5,6.363961031,5.5,0.5,0.7071067812,-25.73895571,,1.0,10.0,,,,,,,,,,,,,,,,,,,,,,,,Alison & Donny (USA5),1,10,1.0,9.0,0.1,19,10.0,9.0,0.5263157895
57,Dennis & Erika,57,5,USA5,Once Engaged,,2,1,1,Co-Ed,26.0,1.414213562,,1,11,1,0.07692307692,0,0.0,0.0,1,1.0,11.0,,11.0,0.0,,-345.9431619,,11.0,,,,,,,,,,,,,,,,,,,,,,,,,Dennis & Erika (USA5),1,10,0.0,10.0,0.0,10,0.0,10.0,0.0
58,Freddy & Kendra,58,6,USA6,Engaged Models,,2,1,1,Co-Ed,29.5,6.363961031,,13,1,13,1.0,3,0.2307692308,0.2307692308,0,0.0,3.384615385,2.103111248,3.066666667,0.6182234432,0.2774096418,703.2585624,,4.0,7.0,6.0,5.0,1.0,1.0,6.0,2.0,4.0,3.0,2.0,2.0,1.0,,,,,,,,,,,,,Freddy & Kendra (USA6),1,10,10.0,0.0,1.0,75,44.0,31.0,0.5866666667
59,Kris & Jon,59,6,USA6,Dating Long Distance,,2,1,1,Co-Ed,29.5,0.7071067812,,13,2,13,1.0,4,0.3076923077,0.3076923077,0,0.0,2.384615385,1.32529629,2.32,0.718956044,0.2691268239,1000.133907,,2.0,1.0,2.0,1.0,4.0,5.0,2.0,4.0,3.0,1.0,3.0,1.0,2.0,,,,,,,,,,,,,Kris & Jon (USA6),1,10,9.0,1.0,0.9,75,57.0,18.0,0.76
60,Adam & Rebecca,60,6,USA6,Formerly Dating,,2,1,1,Co-Ed,28.0,1.414213562,,13,3,13,1.0,1,0.07692307692,0.07692307692,2,0.1538461538,4.692307692,1.652503928,4.84,0.323015873,0.2527986461,-465.4688594,,7.0,6.0,5.0,6.0,6.0,6.0,5.0,1.0,5.0,4.0,4.0,3.0,3.0,,,,,,,,,,,,,Adam & Rebecca (USA6),1,10,8.0,2.0,0.8,75,27.0,48.0,0.36
61,Hayden & Aaron,61,6,USA6,Dating Actors,,2,1,1,Co-Ed,31.0,0.0,,12,4,12,0.9230769231,4,0.3333333333,0.3076923077,2,0.1666666667,2.916666667,1.676486224,3.047945205,0.6418650794,0.3567262481,658.0527878,,1.0,4.0,1.0,4.0,3.0,4.0,4.0,6.0,1.0,2.0,1.0,4.0,,,,,,,,,,,,,,Hayden & Aaron (USA6),1,10,7.0,3.0,0.7,73,50.0,23.0,0.6849315068
62,Lori & Bolo,62,6,USA6,Married Pro Wrestlers,,2,1,1,Co-Ed,35.5,3.535533906,,10,5,10,0.7692307692,1,0.1,0.07692307692,2,0.2,4.6,2.221110833,4.76119403,0.4562698413,0.3447918115,33.3123032,,6.0,5.0,7.0,3.0,7.0,7.0,1.0,3.0,2.0,5.0,,,,,,,,,,,,,,,,Lori & Bolo (USA6),1,10,6.0,4.0,0.6,67,31.0,36.0,0.4626865672
63,Jonathan & Victoria,63,6,USA6,Married Entrepreneurs,,2,1,1,Co-Ed,37.0,7.071067812,,9,6,9,0.6923076923,0,0.0,0.0,1,0.1111111111,3.555555556,1.509230856,3.738095238,0.5957231041,0.3051743253,332.6883951,,5.0,2.0,4.0,2.0,2.0,3.0,3.0,5.0,6.0,,,,,,,,,,,,,,,,,Jonathan & Victoria (USA6),1,10,5.0,5.0,0.5,63,40.0,23.0,0.6349206349
64,Gus & Hera,64,6,USA6,Father/Daughter,,2,1,1,Co-Ed,37.0,18.38477631,,7,7,7,0.5384615385,0,0.0,0.0,1,0.1428571429,5.285714286,2.870208222,5.528301887,0.4332199546,0.3564191458,-133.5671611,,10.0,3.0,3.0,7.0,5.0,2.0,7.0,,,,,,,,,,,,,,,,,,,Gus & Hera (USA6),1,10,4.0,6.0,0.4,53,23.0,30.0,0.4339622642
65,Don & Mary Jean,65,6,USA6,Grandparents,,2,1,1,Co-Ed,67.5,2.121320344,,5,8,5,0.3846153846,0,0.0,0.0,2,0.4,8.2,0.4472135955,8.463414634,0.1094444444,0.1062041477,-963.7721983,,9.0,8.0,8.0,8.0,8.0,,,,,,,,,,,,,,,,,,,,,Don & Mary Jean (USA6),1,10,3.0,7.0,0.3,41,5.0,36.0,0.1219512195
66,Lena & Kristy,66,6,USA6,Sisters,,2,0,2,All-Female,24.5,2.121320344,,3,9,3,0.2307692308,0,0.0,0.0,1,0.3333333333,7.0,3.464101615,7.0,0.3037037037,0.4333808141,-370.1209188,,3.0,9.0,9.0,,,,,,,,,,,,,,,,,,,,,,,Lena & Kristy (USA6),1,10,2.0,8.0,0.2,27,9.0,18.0,0.3333333333
67,Meredith & Maria,67,6,USA6,Best Friends,,2,0,2,All-Female,26.0,0.0,,2,10,2,0.1538461538,0,0.0,0.0,1,0.5,9.0,1.414213562,9.0,0.15,0.2121320344,-448.5736564,,8.0,10.0,,,,,,,,,,,,,,,,,,,,,,,,Meredith & Maria (USA6),1,10,1.0,9.0,0.1,19,3.0,16.0,0.1578947368
68,Avi & Joe,68,6,USA6,High School Buddies,,2,2,0,All-Male,32.0,0.0,,1,11,1,0.07692307692,0,0.0,0.0,1,1.0,11.0,,11.0,0.0,,-345.9431619,,11.0,,,,,,,,,,,,,,,,,,,,,,,,,Avi & Joe (USA6),1,10,0.0,10.0,0.0,10,0.0,10.0,0.0
69,Uchenna & Joyce,69,7,USA7,Married,,2,1,1,Co-Ed,42.0,2.828427125,,13,1,13,1.0,3,0.2307692308,0.2307692308,1,0.07692307692,3.153846154,1.993579438,3.028985507,0.6017399267,0.3286873701,667.3273062,,8.0,4.0,2.0,3.0,6.0,3.0,3.0,3.0,1.0,1.0,3.0,3.0,1.0,,,,,,,,,,,,,Uchenna & Joyce (USA7),1,10,10.0,0.0,1.0,69,41.0,28.0,0.5942028986
70,Rob & Amber,70,7,USA7,Engaged,,2,1,1,Co-Ed,27.5,2.121320344,,13,2,13,1.0,5,0.3846153846,0.3846153846,0,0.0,2.307692308,1.436698495,2.355072464,0.7153846154,0.2744068973,1019.043601,,3.0,1.0,5.0,1.0,5.0,2.0,1.0,1.0,3.0,3.0,1.0,2.0,2.0,,,,,,,,,,,,,Rob & Amber (USA7),1,10,9.0,1.0,0.9,69,52.0,17.0,0.7536231884
71,Ron & Kelly,71,7,USA7,Former POW/Pageant Queen,,2,1,1,Co-Ed,27.0,1.414213562,,13,3,13,1.0,2,0.1538461538,0.1538461538,2,0.1538461538,3.0,2.34520788,3.260869565,0.6142551893,0.3554510363,682.1224627,,10.0,2.0,4.0,4.0,2.0,1.0,2.0,2.0,2.0,4.0,2.0,1.0,3.0,,,,,,,,,,,,,Ron & Kelly (USA7),1,10,8.0,2.0,0.8,69,43.0,26.0,0.6231884058
72,Meredith & Gretchen,72,7,USA7,Married/Retired,,2,1,1,Co-Ed,67.5,2.121320344,,11,4,11,0.8461538462,0,0.0,0.0,3,0.2727272727,5.363636364,1.629277587,5.8,0.2432900433,0.2123639172,-784.9616914,,6.0,7.0,7.0,7.0,7.0,5.0,5.0,5.0,4.0,2.0,4.0,,,,,,,,,,,,,,,Meredith & Gretchen (USA7),1,10,7.0,3.0,0.7,65,17.0,48.0,0.2615384615
73,Lynn & Alex,73,7,USA7,Boyfriends,,2,2,0,All-Male,26.0,5.656854249,,9,5,9,0.6923076923,1,0.1111111111,0.07692307692,1,0.1111111111,4.111111111,1.269295518,4.322033898,0.4704585538,0.2699153078,-76.67463029,,5.0,5.0,1.0,5.0,4.0,4.0,4.0,4.0,5.0,,,,,,,,,,,,,,,,,Lynn & Alex (USA7),1,10,6.0,4.0,0.6,59,31.0,28.0,0.5254237288
74,Brian & Greg,74,7,USA7,Brothers,,2,2,0,All-Male,25.5,2.121320344,,7,6,7,0.5384615385,0,0.0,0.0,1,0.1428571429,4.714285714,2.429971585,4.823529412,0.4645124717,0.3562206537,-95.3850366,,4.0,9.0,3.0,2.0,3.0,6.0,6.0,,,,,,,,,,,,,,,,,,,Brian & Greg (USA7),1,10,5.0,5.0,0.5,51,25.0,26.0,0.4901960784
75,Ray & Deana,75,7,USA7,Dating On and Off,,2,1,1,Co-Ed,35.5,12.02081528,,6,7,6,0.4615384615,1,0.1666666667,0.07692307692,1,0.1666666667,5.0,2.449489743,5.173913043,0.4730820106,0.35898646,-49.23265142,,7.0,3.0,6.0,6.0,1.0,7.0,,,,,,,,,,,,,,,,,,,,Ray & Deana (USA7),1,10,4.0,6.0,0.4,46,22.0,24.0,0.4782608696
76,Susan & Patrick,76,7,USA7,Mother/Son,,2,1,1,Co-Ed,40.0,19.79898987,,4,8,4,0.3076923077,0,0.0,0.0,1,0.25,6.5,3.0,6.5,0.3118055556,0.402540639,-438.360553,,2.0,8.0,8.0,8.0,,,,,,,,,,,,,,,,,,,,,,Susan & Patrick (USA7),1,10,3.0,7.0,0.3,34,12.0,22.0,0.3529411765
77,Debbie & Bianca,77,7,USA7,Lifelong Friends,,2,0,2,All-Female,25.5,0.7071067812,,3,9,3,0.2307692308,1,0.3333333333,0.07692307692,1,0.3333333333,5.333333333,4.041451884,5.333333333,0.4814814815,0.5010277503,-68.93711278,,1.0,6.0,9.0,,,,,,,,,,,,,,,,,,,,,,,Debbie & Bianca (USA7),1,10,2.0,8.0,0.2,27,14.0,13.0,0.5185185185
78,Megan & Heidi,78,7,USA7,Roommates,,2,0,2,All-Female,28.5,3.535533906,,2,10,2,0.1538461538,0,0.0,0.0,1,0.5,9.5,0.7071067812,9.5,0.1,0.1414213562,-508.9985321,,9.0,10.0,,,,,,,,,,,,,,,,,,,,,,,,Megan & Heidi (USA7),1,10,1.0,9.0,0.1,19,2.0,17.0,0.1052631579
79,Ryan & Chuck,79,7,USA7,Best Friends,,2,2,0,All-Male,31.5,0.7071067812,,1,11,1,0.07692307692,0,0.0,0.0,1,1.0,11.0,,11.0,0.0,,-345.9431619,,11.0,,,,,,,,,,,,,,,,,,,,,,,,,Ryan & Chuck (USA7),1,10,0.0,10.0,0.0,10,0.0,10.0,0.0
80,Linz Family,80,8,USA8,Siblings,,4,3,1,Co-Ed,21.5,2.081665999,,13,1,13,1.0,2,0.1538461538,0.1538461538,0,0.0,2.769230769,2.047512562,2.885245902,0.6507631258,0.2692211236,777.9447889,,9.0,2.0,2.0,3.0,4.0,2.0,3.0,2.0,1.0,3.0,2.0,2.0,1.0,,,,,,,,,,,,,Linz Family (USA8),1,9,9.0,0.0,1.0,61,38.0,23.0,0.6229508197
81,Bransen Family,81,8,USA8,Dad and Daughters,,4,1,3,Co-Ed,29.5,14.47987109,,13,2,13,1.0,5,0.3846153846,0.3846153846,1,0.07692307692,2.846153846,2.075498087,3.18579235,0.6403846154,0.3412573116,752.3958815,,7.0,6.0,1.0,1.0,3.0,3.0,5.0,4.0,2.0,1.0,1.0,1.0,2.0,,,,,,,,,,,,,Bransen Family (USA8),1,9,8.0,1.0,0.8888888889,61,37.0,24.0,0.606557377
82,Weaver Family,82,8,USA8,Widow and Kids,,4,1,3,Co-Ed,23.75,14.97497913,,13,3,13,1.0,1,0.07692307692,0.07692307692,3,0.2307692308,3.153846154,1.28102523,3.805100182,0.4453601954,0.3377973086,-64.83936874,,3.0,1.0,5.0,5.0,2.0,5.0,2.0,3.0,4.0,2.0,3.0,3.0,3.0,,,,,,,,,,,,,Weaver Family (USA8),1,9,7.0,2.0,0.7777777778,61,33.0,28.0,0.5409836066
83,Godlewski Family,83,8,USA8,Sisters,,4,0,4,All-Female,36.0,6.976149845,,11,4,11,0.8461538462,3,0.2727272727,0.2307692308,3,0.2727272727,3.181818182,1.60113596,3.807017544,0.504978355,0.4006378907,89.56370084,,1.0,3.0,4.0,4.0,6.0,4.0,1.0,1.0,3.0,4.0,4.0,,,,,,,,,,,,,,,Godlewski Family (USA8),1,9,6.0,3.0,0.6666666667,57,33.0,24.0,0.5789473684
84,Paolo Family,84,8,USA8,"Dad, Mom and Kids",,4,3,1,Co-Ed,36.0,18.76166304,,8,5,8,0.6153846154,2,0.25,0.1538461538,1,0.125,4.125,2.587745848,4.761574074,0.4923115079,0.398706479,77.10943558,,6.0,8.0,6.0,2.0,1.0,1.0,4.0,5.0,,,,,,,,,,,,,,,,,,Paolo Family (USA8),1,9,5.0,4.0,0.5555555556,48,23.0,25.0,0.4791666667
85,Gaghan Family,85,8,USA8,"Dad, Mom and Kids",,4,2,2,Co-Ed,25.75,17.67059705,,6,6,6,0.4615384615,0,0.0,0.0,1,0.1666666667,5.5,1.870828693,6.25,0.2747354497,0.312388218,-601.0288816,,2.0,7.0,7.0,6.0,5.0,6.0,,,,,,,,,,,,,,,,,,,,Gaghan Family (USA8),1,9,4.0,5.0,0.4444444444,40,13.0,27.0,0.325
86,Schroeder Family,86,8,USA8,"Dad, Step-Mom and Kids",,4,2,2,Co-Ed,27.75,13.59840677,,4,7,4,0.3076923077,0,0.0,0.0,1,0.25,4.75,1.707825128,5.166666667,0.4737103175,0.3224206349,-52.77835332,,5.0,4.0,3.0,7.0,,,,,,,,,,,,,,,,,,,,,,Schroeder Family (USA8),1,9,3.0,6.0,0.3333333333,30,15.0,15.0,0.5
87,Aiello Family,87,8,USA8,Father and Sons-in-law,,4,4,0,All-Male,36.25,14.03269991,,3,8,3,0.2307692308,0,0.0,0.0,1,0.3333333333,7.0,1.732050808,7.666666667,0.2407407407,0.2505138752,-430.8306178,,8.0,5.0,8.0,,,,,,,,,,,,,,,,,,,,,,,Aiello Family (USA8),1,9,2.0,7.0,0.2222222222,24,6.0,18.0,0.25
88,Rogers Family,88,8,USA8,"Dad, Mom and Kids",,4,2,2,Co-Ed,32.25,13.72042273,,2,9,2,0.1538461538,0,0.0,0.0,1,0.5,6.5,3.535533906,7.111111111,0.3333333333,0.4714045208,-215.3437759,,4.0,9.0,,,,,,,,,,,,,,,,,,,,,,,,Rogers Family (USA8),1,9,1.0,8.0,0.1111111111,17,6.0,11.0,0.3529411765
89,Black Family,89,8,USA8,"Dad, Mom and Kids",,4,3,1,Co-Ed,25.25,18.24600413,,1,10,1,0.07692307692,0,0.0,0.0,1,1.0,10.0,,11.0,0.0,,-332.1928095,,10.0,,,,,,,,,,,,,,,,,,,,,,,,,Black Family (USA8),1,9,0.0,9.0,0.0,9,0.0,9.0,0.0
90,BJ & Tyler,90,9,USA9,Best Friends,,2,2,0,All-Male,25.5,0.7071067812,,13,1,13,1.0,5,0.3846153846,0.3846153846,2,0.1538461538,2.461538462,1.560736184,2.338028169,0.6871794872,0.3885754995,941.5002175,,2.0,1.0,4.0,2.0,1.0,2.0,5.0,5.0,3.0,4.0,1.0,1.0,1.0,,,,,,,,,,,,,BJ & Tyler (USA9),1,10,10.0,0.0,1.0,71,52.0,19.0,0.7323943662
91,Eric & Jeremy,91,9,USA9,Friends,,2,2,0,All-Male,26.5,0.7071067812,,13,2,13,1.0,6,0.4615384615,0.4615384615,0,0.0,1.692307692,0.8548504143,1.697183099,0.7945665446,0.2531202456,1337.271871,,1.0,2.0,1.0,1.0,2.0,1.0,1.0,4.0,1.0,2.0,2.0,2.0,2.0,,,,,,,,,,,,,Eric & Jeremy (USA9),1,10,9.0,1.0,0.9,71,62.0,9.0,0.8732394366
92,Ray & Yolanda,92,9,USA9,Dating,,2,1,1,Co-Ed,27.0,0.0,,13,3,13,1.0,1,0.07692307692,0.07692307692,2,0.1538461538,4.230769231,1.964427234,4.549295775,0.3806471306,0.294652328,-156.4011956,,7.0,5.0,3.0,7.0,7.0,6.0,3.0,3.0,4.0,1.0,3.0,3.0,3.0,,,,,,,,,,,,,Ray & Yolanda (USA9),1,10,8.0,2.0,0.8,71,29.0,42.0,0.4084507042
93,Joseph & Monica,93,9,USA9,Dating,,2,1,1,Co-Ed,23.0,0.0,,11,4,11,0.8461538462,0,0.0,0.0,1,0.09090909091,3.818181818,1.990888335,4.007462687,0.5265512266,0.281448001,331.8352539,,6.0,3.0,8.0,6.0,3.0,3.0,2.0,2.0,2.0,3.0,4.0,,,,,,,,,,,,,,,Joseph & Monica (USA9),1,10,7.0,3.0,0.7,67,36.0,31.0,0.5373134328
94,Fran & Barry,94,9,USA9,Married 40 Years,,2,1,1,Co-Ed,62.0,1.414213562,,9,5,9,0.6923076923,1,0.1111111111,0.07692307692,1,0.1111111111,4.888888889,2.368778401,5.016393443,0.4452821869,0.2947488883,12.00474348,,8.0,9.0,5.0,4.0,4.0,4.0,4.0,1.0,5.0,,,,,,,,,,,,,,,,,Fran & Barry (USA9),1,10,6.0,4.0,0.6,61,26.0,35.0,0.4262295082
95,Lake & Michelle,95,9,USA9,Married Parents,,2,1,1,Co-Ed,36.5,0.7071067812,,7,6,7,0.5384615385,0,0.0,0.0,1,0.1428571429,4.714285714,1.704336206,4.679245283,0.4743197279,0.2941559285,-42.86336993,,5.0,7.0,2.0,3.0,5.0,5.0,6.0,,,,,,,,,,,,,,,,,,,Lake & Michelle (USA9),1,10,5.0,5.0,0.5,53,27.0,26.0,0.5094339623
96,Dave & Lori,96,9,USA9,Dating,,2,1,1,Co-Ed,27.5,3.535533906,,6,7,6,0.4615384615,0,0.0,0.0,2,0.3333333333,5.833333333,1.940790217,5.833333333,0.3587301587,0.3143097634,-406.6775523,,4.0,4.0,9.0,5.0,6.0,7.0,,,,,,,,,,,,,,,,,,,,Dave & Lori (USA9),1,10,4.0,6.0,0.4,48,19.0,29.0,0.3958333333
97,Danielle & Dani,97,9,USA9,Childhood Friends,,2,0,2,All-Female,22.0,0.0,,5,8,5,0.3846153846,0,0.0,0.0,1,0.2,7.8,1.095445115,7.880952381,0.1844444444,0.1374172029,-782.7964149,,9.0,8.0,6.0,8.0,8.0,,,,,,,,,,,,,,,,,,,,,Danielle & Dani (USA9),1,10,3.0,7.0,0.3,42,8.0,34.0,0.1904761905
98,Wanda & Desiree,98,9,USA9,Mother/Daughter,,2,0,2,All-Female,34.0,14.14213562,,4,9,4,0.3076923077,0,0.0,0.0,1,0.25,6.25,2.5,6.4,0.3736111111,0.3374857107,-318.47236,,3.0,6.0,7.0,9.0,,,,,,,,,,,,,,,,,,,,,,Wanda & Desiree (USA9),1,10,2.0,8.0,0.2,35,14.0,21.0,0.4
99,Lisa & Joni,99,9,USA9,Sisters,,2,0,2,All-Female,46.0,2.828427125,,2,10,2,0.1538461538,0,0.0,0.0,1,0.5,10.0,0.0,10.0,0.05,0.07071067812,-569.4580309,,10.0,10.0,,,,,,,,,,,,,,,,,,,,,,,,Lisa & Joni (USA9),1,10,1.0,9.0,0.1,19,1.0,18.0,0.05263157895
100,John & Scott,100,9,USA9,Lifelong Friends,,2,2,0,All-Male,39.5,2.121320344,,1,11,1,0.07692307692,0,0.0,0.0,1,1.0,11.0,,11.0,0.0,,-345.9431619,,11.0,,,,,,,,,,,,,,,,,,,,,,,,,John & Scott (USA9),1,10,0.0,10.0,0.0,10,0.0,10.0,0.0
101,Tyler & James,101,10,USA10,Models,,2,2,0,All-Male,28.0,1.414213562,,13,1,13,1.0,5,0.3846153846,0.3846153846,0,0.0,2.384615385,1.757766648,2.232876712,0.7496031746,0.3172610982,1118.418409,,1.0,2.0,2.0,3.0,6.0,6.0,2.0,2.0,1.0,1.0,1.0,3.0,1.0,,,,,,,,,,,,,Tyler & James (USA10),1,11,11.0,0.0,1.0,73,55.0,18.0,0.7534246575
102,Rob & Kimberly,102,10,USA10,Dating,,2,1,1,Co-Ed,29.5,2.121320344,,13,2,13,1.0,2,0.1538461538,0.1538461538,0,0.0,3.076923077,1.382120259,3.01743462,0.6113442113,0.221518784,583.9356784,,5.0,6.0,3.0,1.0,3.0,3.0,3.0,3.0,4.0,3.0,3.0,1.0,2.0,,,,,,,,,,,,,Rob & Kimberly (USA10),1,11,10.0,1.0,0.9090909091,73,46.0,27.0,0.6301369863
103,Lyn & Karlyn,103,10,USA10,Single Moms/Friends,,2,0,2,All-Female,32.0,0.0,,13,3,13,1.0,0,0.0,0.0,1,0.07692307692,4.846153846,2.267382994,5.04732254,0.3354784105,0.2017400486,-370.4061732,,9.0,9.0,6.0,6.0,5.0,4.0,5.0,5.0,3.0,4.0,2.0,2.0,3.0,,,,,,,,,,,,,Lyn & Karlyn (USA10),1,11,9.0,2.0,0.8181818182,73,23.0,50.0,0.3150684932
104,Dustin & Kandice,104,10,USA10,Beauty Queens,,2,0,2,All-Female,24.0,0.0,,12,4,12,0.9230769231,2,0.1666666667,0.1538461538,2,0.1666666667,3.166666667,1.800673275,3.330345711,0.6014460077,0.3594999109,499.9296607,,4.0,5.0,4.0,7.0,2.0,2.0,1.0,1.0,2.0,2.0,4.0,4.0,,,,,,,,,,,,,,Dustin & Kandice (USA10),1,11,8.0,3.0,0.7272727273,71,45.0,26.0,0.6338028169
105,Erwin & Godwin,105,10,USA10,Brothers,,2,2,0,All-Male,30.5,2.121320344,,10,5,10,0.7692307692,1,0.1,0.07692307692,2,0.2,4.7,1.888562063,4.881118881,0.3881529582,0.2900208461,-385.0060043,,7.0,8.0,1.0,4.0,4.0,5.0,4.0,4.0,5.0,5.0,,,,,,,,,,,,,,,,Erwin & Godwin (USA10),1,11,7.0,4.0,0.6363636364,65,28.0,37.0,0.4307692308
106,David & Mary,106,10,USA10,Coalminer and Wife,,2,1,1,Co-Ed,31.5,0.7071067812,,8,6,8,0.6153846154,1,0.125,0.07692307692,3,0.375,6.125,2.531938839,6.231259968,0.274215368,0.3356847772,-660.1449309,,10.0,7.0,7.0,5.0,7.0,1.0,6.0,6.0,,,,,,,,,,,,,,,,,,David & Mary (USA10),1,11,6.0,5.0,0.5454545455,57,16.0,41.0,0.2807017544
107,Peter & Sarah,107,10,USA10,Recently Dating,,2,1,1,Co-Ed,33.0,2.828427125,,6,7,6,0.4615384615,2,0.3333333333,0.1538461538,1,0.1666666667,3.166666667,2.401388487,3.137330754,0.6958874459,0.3869261793,530.5424571,,3.0,1.0,5.0,2.0,1.0,7.0,,,,,,,,,,,,,,,,,,,,Peter & Sarah (USA10),1,11,5.0,6.0,0.4545454545,47,34.0,13.0,0.7234042553
108,Tom & Terry,108,10,USA10,Boyfriends,,2,2,0,All-Male,42.0,4.242640687,,4,8,4,0.3076923077,0,0.0,0.0,1,0.25,7.0,2.0,6.61038961,0.2888257576,0.2936094778,-460.1844603,,8.0,4.0,8.0,8.0,,,,,,,,,,,,,,,,,,,,,,Tom & Terry (USA10),1,11,4.0,7.0,0.3636363636,35,11.0,24.0,0.3142857143
109,Duke & Lauren,109,10,USA10,Father/Daughter,,2,1,1,Co-Ed,39.0,18.38477631,,3,9,3,0.2307692308,0,0.0,0.0,1,0.3333333333,4.666666667,3.785938897,4.392857143,0.5622895623,0.4913633569,90.17757691,,2.0,3.0,9.0,,,,,,,,,,,,,,,,,,,,,,,Duke & Lauren (USA10),1,11,3.0,8.0,0.2727272727,28,17.0,11.0,0.6071428571
110,Kellie & Jamie,110,10,USA10,Cheerleaders,,2,0,2,All-Female,22.0,0.0,,2,10,2,0.1538461538,0,0.0,0.0,1,0.5,8.0,2.828427125,7.363636364,0.2727272727,0.3856946079,-295.4508496,,6.0,10.0,,,,,,,,,,,,,,,,,,,,,,,,Kellie & Jamie (USA10),1,11,2.0,9.0,0.1818181818,20,6.0,14.0,0.3
111,Vipul & Arti,111,10,USA10,Married,,2,1,1,Co-Ed,27.5,2.121320344,,1,11,1,0.07692307692,0,0.0,0.0,0,0.0,11.0,,9.67768595,0.09090909091,,-293.3151137,,11.0,,,,,,,,,,,,,,,,,,,,,,,,,Vipul & Arti (USA10),1,11,1.0,10.0,0.09090909091,11,1.0,10.0,0.09090909091
112,Bilal & Sa'eed,112,10,USA10,Best Friends,,2,2,0,All-Male,38.0,1.414213562,,1,12,1,0.07692307692,0,0.0,0.0,1,1.0,12.0,,11.0,0.0,,-358.4962501,,12.0,,,,,,,,,,,,,,,,,,,,,,,,,Bilal & Sa'eed (USA10),1,11,0.0,11.0,0.0,11,0.0,11.0,0.0
113,Zabrina & Joe Jer,113,11,ASI1,Co-Workers,,2,0,2,All-Female,27.5,2.121320344,,13,1,13,1.0,1,0.07692307692,0.07692307692,1,0.07692307692,3.692307692,1.548365557,3.430555556,0.4982905983,0.2997782078,44.39641978,,3.0,4.0,5.0,6.0,3.0,2.0,6.0,5.0,4.0,4.0,3.0,2.0,1.0,,,,,,,,,,,,,Zabrina & Joe Jer (ASI1),2,9,9.0,0.0,1.0,72,37.0,35.0,0.5138888889
114,Sandy & Francesca,114,11,ASI1,Dating,,2,1,1,Co-Ed,28.0,1.414213562,,13,2,13,1.0,3,0.2307692308,0.2307692308,2,0.1538461538,3.769230769,2.891189091,3.777777778,0.5355616606,0.3679014295,318.459484,,10.0,9.0,2.0,3.0,5.0,1.0,4.0,3.0,5.0,1.0,1.0,3.0,2.0,,,,,,,,,,,,,Sandy & Francesca (ASI1),2,9,8.0,1.0,0.8888888889,72,36.0,36.0,0.5
115,Andrew & Syeon,115,11,ASI1,Dating,,2,1,1,Co-Ed,27.0,1.414213562,,13,3,13,1.0,2,0.1538461538,0.1538461538,1,0.07692307692,3.384615385,2.328750077,3.63117284,0.5802503053,0.3205148255,448.1828368,,5.0,8.0,8.0,1.0,2.0,3.0,2.0,4.0,2.0,3.0,2.0,1.0,3.0,,,,,,,,,,,,,Andrew & Syeon (ASI1),2,9,7.0,2.0,0.7777777778,72,41.0,31.0,0.5694444444
116,Mardy & Marsio,116,11,ASI1,Brothers,,2,2,0,All-Male,35.0,1.414213562,,12,4,12,0.9230769231,2,0.1666666667,0.1538461538,2,0.1666666667,3.5,1.732050808,3.857142857,0.5059193122,0.3529047666,-8.289914407,,1.0,2.0,6.0,4.0,6.0,4.0,5.0,1.0,3.0,2.0,4.0,4.0,,,,,,,,,,,,,,Mardy & Marsio (ASI1),2,9,6.0,3.0,0.6666666667,70,40.0,30.0,0.5714285714
117,Andy & Laura,117,11,ASI1,Engaged,,2,1,1,Co-Ed,32.5,6.363961031,,10,5,10,0.7692307692,3,0.3,0.2307692308,1,0.1,4.4,2.796823595,4.836805556,0.5026190476,0.4009224216,148.054823,,7.0,7.0,7.0,7.0,1.0,6.0,1.0,2.0,1.0,5.0,,,,,,,,,,,,,,,,Andy & Laura (ASI1),2,9,5.0,4.0,0.5555555556,64,30.0,34.0,0.46875
118,Howard & Sahran,118,11,ASI1,Best Friends,,2,2,0,All-Male,35.0,5.656854249,,8,6,8,0.6153846154,1,0.125,0.07692307692,2,0.25,4.75,2.49284691,5.166666667,0.4380952381,0.3618490628,-217.8009088,,8.0,3.0,1.0,8.0,4.0,5.0,3.0,6.0,,,,,,,,,,,,,,,,,,Howard & Sahran (ASI1),2,9,4.0,5.0,0.4444444444,56,26.0,30.0,0.4642857143
119,Melody & Sharon,119,11,ASI1,Best Friends,,2,0,2,All-Female,29.5,2.121320344,,6,7,6,0.4615384615,0,0.0,0.0,1,0.1666666667,5.0,2.097617696,5.347826087,0.4583333333,0.335665969,-171.4816411,,6.0,5.0,3.0,2.0,7.0,7.0,,,,,,,,,,,,,,,,,,,,Melody & Sharon (ASI1),2,9,3.0,6.0,0.3333333333,46,22.0,24.0,0.4782608696
120,Sahil & Prashant,120,11,ASI1,Models,,2,2,0,All-Male,26.0,0.0,,5,8,5,0.3846153846,1,0.2,0.07692307692,1,0.2,5.4,3.209361307,5.888888889,0.4329365079,0.4029497639,-191.8080393,,9.0,1.0,4.0,5.0,8.0,,,,,,,,,,,,,,,,,,,,,Sahil & Prashant (ASI1),2,9,2.0,7.0,0.2222222222,40,18.0,22.0,0.45
121,Aubrey & Jacqueline,121,11,ASI1,Actress/Model,,2,0,2,All-Female,24.5,2.121320344,,3,9,3,0.2307692308,0,0.0,0.0,1,0.3333333333,6.333333333,2.516611478,6.811965812,0.3703703704,0.3394500515,-263.1046379,,4.0,6.0,9.0,,,,,,,,,,,,,,,,,,,,,,,Aubrey & Jacqueline (ASI1),2,9,1.0,8.0,0.1111111111,26,10.0,16.0,0.3846153846
122,Ernie & Jeena,122,11,ASI1,Married,,2,1,1,Co-Ed,38.5,4.949747468,,2,10,2,0.1538461538,0,0.0,0.0,1,0.5,6.0,5.656854249,6.555555556,0.4444444444,0.6285393611,-106.6084221,,2.0,10.0,,,,,,,,,,,,,,,,,,,,,,,,Ernie & Jeena (ASI1),2,9,0.0,9.0,0.0,18,8.0,10.0,0.4444444444
123,Eric & Danielle,123,12,USA11,Dating,,2,1,1,Co-Ed,25.5,3.535533906,,13,1,13,1.0,1,0.07692307692,0.07692307692,1,0.07692307692,3.615384615,1.445594545,3.394366197,0.4902930403,0.3070081862,295.7470028,,4.0,4.0,3.0,2.0,6.0,5.0,5.0,5.0,3.0,4.0,3.0,2.0,1.0,,,,,,,,,,,,,Eric & Danielle (USA11),1,10,10.0,0.0,1.0,71,37.0,34.0,0.5211267606
124,Dustin & Kandice,104,12,USA11,Beauty Queens,,2,0,2,All-Female,25.0,0.0,,13,2,13,1.0,4,0.3076923077,0.3076923077,0,0.0,2.923076923,1.891275516,2.936619718,0.6998473748,0.2333623251,1331.59731,,6.0,6.0,4.0,5.0,2.0,4.0,1.0,3.0,1.0,2.0,1.0,1.0,2.0,,,,,,,,,,,,,Dustin & Kandice (USA11),1,10,9.0,1.0,0.9,71,46.0,25.0,0.6478873239
125,Charla & Mirna,52,12,USA11,Cousins,,2,0,2,All-Female,30.0,0.0,,13,3,13,1.0,2,0.1538461538,0.1538461538,1,0.07692307692,4.153846154,2.672269755,4.464788732,0.4364163614,0.3225694265,246.0362757,,8.0,8.0,8.0,7.0,1.0,1.0,4.0,4.0,2.0,3.0,2.0,3.0,3.0,,,,,,,,,,,,,Charla & Mirna (USA11),1,10,8.0,2.0,0.8,71,30.0,41.0,0.4225352113
126,Oswald & Danny,15,12,USA11,Best Friends,,2,2,0,All-Male,38.5,3.535533906,,12,4,12,0.9230769231,3,0.25,0.2307692308,2,0.1666666667,2.666666667,1.435481125,2.93115942,0.6310185185,0.3728094142,664.3200201,,2.0,2.0,5.0,1.0,4.0,2.0,2.0,1.0,4.0,1.0,4.0,4.0,,,,,,,,,,,,,,Oswald & Danny (USA11),1,10,7.0,3.0,0.7,69,48.5,20.5,0.7028985507
127,Uchenna & Joyce,69,12,USA11,Married,,2,1,1,Co-Ed,44.0,2.828427125,,9,5,9,0.6923076923,1,0.1111111111,0.07692307692,2,0.2222222222,4.333333333,2.179449472,4.558333333,0.4758818342,0.3339484226,427.6824666,,7.0,5.0,2.0,6.0,7.0,3.0,3.0,1.0,5.0,,,,,,,,,,,,,,,,,Uchenna & Joyce (USA11),1,10,6.0,4.0,0.6,60,29.5,30.5,0.4916666667
128,Joe & Bill,3,12,USA11,Life Partners,,2,2,0,All-Male,54.5,2.121320344,,8,6,8,0.6153846154,0,0.0,0.0,2,0.25,5.25,1.281739889,5.553571429,0.3374007937,0.2883805542,-305.2283487,,5.0,3.0,7.0,4.0,5.0,6.0,6.0,6.0,,,,,,,,,,,,,,,,,,Joe & Bill (USA11),1,10,5.0,5.0,0.5,56,22.0,34.0,0.3928571429
129,Teri & Ian,24,12,USA11,Married Parents,,2,1,1,Co-Ed,53.5,0.7071067812,,6,7,6,0.4615384615,0,0.0,0.0,1,0.1666666667,4.833333333,2.041241452,5.0,0.481547619,0.3016806194,219.5700968,,3.0,7.0,6.0,3.0,3.0,7.0,,,,,,,,,,,,,,,,,,,,Teri & Ian (USA11),1,10,4.0,6.0,0.4,46,23.0,23.0,0.5
130,Rob & Amber,70,12,USA11,Newlyweds,,2,1,1,Co-Ed,29.0,1.414213562,,4,8,4,0.3076923077,3,0.75,0.2307692308,1,0.25,2.75,3.5,2.75,0.75,0.5,1239.644531,,1.0,1.0,1.0,8.0,,,,,,,,,,,,,,,,,,,,,,Rob & Amber (USA11),1,10,3.0,7.0,0.3,34,27.0,7.0,0.7941176471
131,David & Mary,106,12,USA11,Coalminer and Wife,,2,1,1,Co-Ed,32.5,0.7071067812,,3,9,3,0.2307692308,0,0.0,0.0,1,0.3333333333,9.0,0.0,9.0,0.1037037037,0.1002055501,-1068.223501,,9.0,9.0,9.0,,,,,,,,,,,,,,,,,,,,,,,David & Mary (USA11),1,10,2.0,8.0,0.2,27,3.0,24.0,0.1111111111
132,Kevin & Drew,4,12,USA11,Lifelong Friends,,2,2,0,All-Male,40.5,0.7071067812,,2,10,2,0.1538461538,0,0.0,0.0,1,0.5,10.0,0.0,10.0,0.05,0.07071067812,-176.0565327,,10.0,10.0,,,,,,,,,,,,,,,,,,,,,,,,Kevin & Drew (USA11),1,10,1.0,9.0,0.1,19,1.0,18.0,0.05263157895
133,John Vito & Jill,27,12,USA11,Formerly Dating,,2,1,1,Co-Ed,30.5,2.121320344,,1,11,1,0.07692307692,0,0.0,0.0,1,1.0,11.0,,11.0,0.0,,-428.1877932,,11.0,,,,,,,,,,,,,,,,,,,,,,,,,John Vito & Jill (USA11),1,10,0.0,10.0,0.0,10,0.0,10.0,0.0
134,Patrícia & Sane,124,13,BRA1,Friends,,2,0,2,All-Female,31.0,,,13,1,13,1.0,2,0.1538461538,0.1538461538,0,0.0,3.076923077,1.320450584,2.8,0.6484432234,0.2296515611,804.6109218,,3.0,4.0,2.0,5.0,4.0,3.0,5.0,3.0,4.0,3.0,1.0,2.0,1.0,,,,,,,,,,,,,Patrícia & Sane (BRA1),3,10,10.0,0.0,1.0,75,48.0,27.0,0.64
135,Jonatas & Rafael,125,13,BRA1,Friends,,2,2,0,All-Male,23.0,,,13,2,13,1.0,2,0.1538461538,0.1538461538,1,0.07692307692,2.923076923,2.059997511,2.833333333,0.6005494505,0.3195420148,548.2091358,,2.0,1.0,9.0,1.0,2.0,2.0,4.0,2.0,3.0,4.0,3.0,3.0,2.0,,,,,,,,,,,,,Jonatas & Rafael (BRA1),3,10,9.0,1.0,0.9,75,50.0,25.0,0.6666666667
136,Perri & Maristela,126,13,BRA1,Married,,2,1,1,Co-Ed,39.5,,,13,3,13,1.0,5,0.3846153846,0.3846153846,1,0.07692307692,2.307692308,1.250640861,2.36,0.7352869353,0.2936732019,1137.637744,,1.0,3.0,4.0,4.0,3.0,1.0,1.0,4.0,1.0,2.0,2.0,1.0,3.0,,,,,,,,,,,,,Perri & Maristela (BRA1),3,10,8.0,2.0,0.8,75,58.0,17.0,0.7733333333
137,Jorge & Silvia,127,13,BRA1,Married,,2,1,1,Co-Ed,47.5,,,12,4,12,0.9230769231,1,0.08333333333,0.07692307692,2,0.1666666667,4.416666667,1.781640375,4.650684932,0.4218253968,0.300015174,-70.26496322,,5.0,7.0,5.0,7.0,5.0,5.0,3.0,5.0,2.0,1.0,4.0,4.0,,,,,,,,,,,,,,Jorge & Silvia (BRA1),3,10,7.0,3.0,0.7,73,32.0,41.0,0.4383561644
138,Débora & Daniela,128,13,BRA1,Sisters,,2,0,2,All-Female,29.0,,,10,5,10,0.7692307692,1,0.1,0.07692307692,2,0.2,4.7,2.263232693,4.865671642,0.4331746032,0.3515192763,-82.54196192,,8.0,5.0,7.0,3.0,7.0,4.0,2.0,1.0,5.0,5.0,,,,,,,,,,,,,,,,Débora & Daniela (BRA1),3,10,6.0,4.0,0.6,67,30.0,37.0,0.447761194
139,Andréa & Luciana,129,13,BRA1,Sisters,,2,0,2,All-Female,32.0,,,8,6,8,0.6153846154,1,0.125,0.07692307692,2,0.25,6.125,2.356601669,6.211864407,0.2923611111,0.3195108627,-620.9823265,,9.0,8.0,6.0,6.0,1.0,7.0,6.0,6.0,,,,,,,,,,,,,,,,,,Andréa & Luciana (BRA1),3,10,5.0,5.0,0.5,59,18.0,41.0,0.3050847458
140,Milene & Jaqueline,130,13,BRA1,Friends,,2,0,2,All-Female,30.5,,,7,7,7,0.5384615385,0,0.0,0.0,1,0.1428571429,5.857142857,2.193062655,6.037037037,0.327324263,0.3343639921,-591.7557507,,4.0,2.0,8.0,8.0,6.0,6.0,7.0,,,,,,,,,,,,,,,,,,,Milene & Jaqueline (BRA1),3,10,4.0,6.0,0.4,54,20.0,34.0,0.3703703704
141,Mari Lice & Tâmisa,131,13,BRA1,Mother/Daughter,,2,0,2,All-Female,31.5,12.02081528,,5,8,5,0.3846153846,0,0.0,0.0,1,0.2,5.0,2.449489743,5.047619048,0.5138888889,0.3373599389,48.45171989,,6.0,6.0,3.0,2.0,8.0,,,,,,,,,,,,,,,,,,,,,Mari Lice & Tâmisa (BRA1),3,10,3.0,7.0,0.3,42,22.0,20.0,0.5238095238
142,Carlos & Eduardo,132,13,BRA1,Father/Son,,2,2,0,All-Male,35.0,15.55634919,,4,9,4,0.3076923077,1,0.25,0.07692307692,1,0.25,6.5,3.785938897,6.657142857,0.3777777778,0.4477653707,-257.9633265,,7.0,9.0,1.0,9.0,,,,,,,,,,,,,,,,,,,,,,Carlos & Eduardo (BRA1),3,10,2.0,8.0,0.2,35,13.0,22.0,0.3714285714
143,Narciso & Marcelo,133,13,BRA1,Life Partners,,2,2,0,All-Male,36.0,7.071067812,,2,10,2,0.1538461538,0,0.0,0.0,1,0.5,10.0,0.0,10.0,0.05,0.07071067812,-569.4580309,,10.0,10.0,,,,,,,,,,,,,,,,,,,,,,,,Narciso & Marcelo (BRA1),3,10,1.0,9.0,0.1,19,1.0,18.0,0.05263157895
144,Sandro & Daniel,134,13,BRA1,Cousins,,2,2,0,All-Male,25.5,3.535533906,,1,11,1,0.07692307692,0,0.0,0.0,1,1.0,11.0,,11.0,0.0,,-345.9431619,,11.0,,,,,,,,,,,,,,,,,,,,,,,,,Sandro & Daniel (BRA1),3,10,0.0,10.0,0.0,10,0.0,10.0,0.0
145,TK & Rachel,135,14,USA12,Newly Dating,,2,1,1,Co-Ed,22.5,0.7071067812,,11,1,11,1.0,3,0.2727272727,0.2727272727,1,0.09090909091,3.181818182,2.040499048,2.967213115,0.5980880231,0.3681991791,487.3374017,,3.0,6.0,2.0,7.0,1.0,4.0,4.0,1.0,4.0,2.0,1.0,,,,,,,,,,,,,,,TK & Rachel (USA12),1,10,10.0,0.0,1.0,61,37.0,24.0,0.606557377
146,Ronald & Christina,136,14,USA12,Father/Daughter,,2,1,1,Co-Ed,42.0,22.627417,,11,2,11,1.0,3,0.2727272727,0.2727272727,0,0.0,3.454545455,2.583162262,3.43442623,0.6265512266,0.2843876528,665.7646424,,7.0,9.0,5.0,3.0,3.0,1.0,3.0,3.0,1.0,1.0,2.0,,,,,,,,,,,,,,,Ronald & Christina (USA12),1,10,9.0,1.0,0.9,61,34.0,27.0,0.5573770492
147,Nicolas & Donald,137,14,USA12,Grandson/Grandfather,,2,2,0,All-Male,45.5,31.81980515,,11,3,11,1.0,1,0.09090909091,0.09090909091,1,0.09090909091,4.181818182,2.040499048,4.442622951,0.4138167388,0.2907492221,-125.2358361,,5.0,8.0,6.0,4.0,6.0,5.0,1.0,2.0,3.0,3.0,3.0,,,,,,,,,,,,,,,Nicolas & Donald (USA12),1,10,8.0,2.0,0.8,61,26.0,35.0,0.4262295082
148,Nathan & Jennifer,138,14,USA12,Dating,,2,1,1,Co-Ed,23.5,0.7071067812,,10,4,10,0.9090909091,0,0.0,0.0,1,0.1,3.7,2.45175674,3.974576271,0.5196031746,0.3228343743,171.5557225,,10.0,2.0,3.0,2.0,5.0,3.0,2.0,4.0,2.0,4.0,,,,,,,,,,,,,,,,Nathan & Jennifer (USA12),1,10,7.0,3.0,0.7,59,32.0,27.0,0.5423728814
149,Kynt & Vyxsin,139,14,USA12,Dating Goths,,2,1,1,Co-Ed,21.5,0.7071067812,,8,5,8,0.7272727273,0,0.0,0.0,2,0.25,3.625,1.407885953,3.773584906,0.5316964286,0.3588829139,128.0906213,,2.0,4.0,4.0,5.0,2.0,2.0,5.0,5.0,,,,,,,,,,,,,,,,,,Kynt & Vyxsin (USA12),1,10,6.0,4.0,0.6,53,32.0,21.0,0.6037735849
150,Azaria & Hendekea,140,14,USA12,Brother/Sister,,2,1,1,Co-Ed,25.0,2.828427125,,6,6,6,0.5454545455,3,0.5,0.2727272727,1,0.1666666667,3.0,2.28035085,3.0,0.6759259259,0.4043233437,491.2964367,,1.0,5.0,1.0,1.0,4.0,6.0,,,,,,,,,,,,,,,,,,,,Azaria & Hendekea (USA12),1,10,5.0,5.0,0.5,45,33.0,12.0,0.7333333333
151,Shana & Jennifer,141,14,USA12,Friends,,2,0,2,All-Female,32.0,0.0,,5,7,5,0.4545454545,0,0.0,0.0,1,0.2,5.8,1.643167673,5.8,0.3626984127,0.292113091,-339.5909822,,6.0,3.0,7.0,6.0,7.0,,,,,,,,,,,,,,,,,,,,,Shana & Jennifer (USA12),1,10,4.0,6.0,0.4,40,16.0,24.0,0.4
152,Lorena & Jason,142,14,USA12,Dating,,2,1,1,Co-Ed,30.0,4.242640687,,4,8,4,0.3636363636,1,0.25,0.09090909091,1,0.25,5.25,3.403429643,5.25,0.45625,0.4736274028,-125.996894,,4.0,1.0,8.0,8.0,,,,,,,,,,,,,,,,,,,,,,Lorena & Jason (USA12),1,10,3.0,7.0,0.3,34,17.0,17.0,0.5
153,Marianna & Julia,143,14,USA12,Sisters,,2,0,2,All-Female,25.5,0.7071067812,,3,9,3,0.2727272727,0,0.0,0.0,1,0.3333333333,8.333333333,1.154700538,8.333333333,0.1777777778,0.1677740986,-558.7042941,,9.0,7.0,9.0,,,,,,,,,,,,,,,,,,,,,,,Marianna & Julia (USA12),1,10,2.0,8.0,0.2,27,5.0,22.0,0.1851851852
154,Kate & Pat,144,14,USA12,Married Ministers,,2,1,1,Co-Ed,57.0,11.3137085,,2,10,2,0.1818181818,0,0.0,0.0,1,0.5,9.0,1.414213562,9.0,0.15,0.2121320344,-448.5736564,,8.0,10.0,,,,,,,,,,,,,,,,,,,,,,,,Kate & Pat (USA12),1,10,1.0,9.0,0.1,19,3.0,16.0,0.1578947368
155,Ari & Staella,145,14,USA12,Best Friends,,2,1,1,Co-Ed,22.0,1.414213562,,1,11,1,0.09090909091,0,0.0,0.0,1,1.0,11.0,,11.0,0.0,,-345.9431619,,11.0,,,,,,,,,,,,,,,,,,,,,,,,,Ari & Staella (USA12),1,10,0.0,10.0,0.0,10,0.0,10.0,0.0
156,Adrian & Collin,146,15,ASI2,Gym Buddies,,2,2,0,All-Male,31.0,5.656854249,,13,1,13,1.0,3,0.2307692308,0.2307692308,0,0.0,2.461538462,1.71344607,2.301369863,0.7836691087,0.1914028829,1504.282665,,7.0,5.0,2.0,2.0,3.0,2.0,2.0,2.0,2.0,1.0,1.0,2.0,1.0,,,,,,,,,,,,,Adrian & Collin (ASI2),2,9,9.0,0.0,1.0,73,54.0,19.0,0.7397260274
157,Pamela & Vanessa,147,15,ASI2,Sisters,,2,0,2,All-Female,26.5,3.535533906,,13,2,13,1.0,1,0.07692307692,0.07692307692,1,0.07692307692,4.0,1.825741858,3.96803653,0.4412087912,0.2464820213,52.23845186,,1.0,4.0,7.0,6.0,7.0,4.0,3.0,5.0,4.0,3.0,3.0,3.0,2.0,,,,,,,,,,,,,Pamela & Vanessa (ASI2),2,9,8.0,1.0,0.8888888889,73,34.0,39.0,0.4657534247
158,Marc & Rovilson,148,15,ASI2,Best Friends,,2,2,0,All-Male,30.5,0.7071067812,,13,3,13,1.0,8,0.6153846154,0.6153846154,1,0.07692307692,1.461538462,0.6602252918,1.502283105,0.8632478632,0.2771895481,1680.671831,,2.0,1.0,1.0,1.0,2.0,1.0,1.0,1.0,1.0,2.0,2.0,1.0,3.0,,,,,,,,,,,,,Marc & Rovilson (ASI2),2,9,7.0,2.0,0.7777777778,73,67.0,6.0,0.9178082192
159,Diane & Ann,149,15,ASI2,Dancing Mums,,2,0,2,All-Female,36.5,4.949747468,,12,4,12,0.9230769231,1,0.08333333333,0.07692307692,1,0.08333333333,3.583333333,1.240112409,3.910798122,0.4953042328,0.3115605204,76.16938915,,3.0,3.0,3.0,4.0,1.0,6.0,5.0,3.0,3.0,4.0,4.0,4.0,,,,,,,,,,,,,,Diane & Ann (ASI2),2,9,6.0,3.0,0.6666666667,71,40.0,31.0,0.5633802817
160,Natasha & Paula,150,15,ASI2,Childhood Friends,,2,0,2,All-Female,24.0,0.0,,11,5,11,0.8461538462,0,0.0,0.0,2,0.1818181818,4.272727273,1.103712743,4.823529412,0.4096320346,0.2763715021,-304.8820595,,6.0,2.0,4.0,3.0,4.0,5.0,4.0,4.0,5.0,5.0,5.0,,,,,,,,,,,,,,,Natasha & Paula (ASI2),2,9,5.0,4.0,0.5555555556,68,32.0,36.0,0.4705882353
161,Terri & Henry,151,15,ASI2,Married 13 Years,,2,1,1,Co-Ed,46.0,2.828427125,,9,6,9,0.6923076923,0,0.0,0.0,3,0.3333333333,6.333333333,1.870828693,7.222222222,0.188712522,0.2363286905,-969.0824869,,9.0,9.0,5.0,7.0,6.0,3.0,6.0,6.0,6.0,,,,,,,,,,,,,,,,,Terri & Henry (ASI2),2,9,4.0,5.0,0.4444444444,60,12.0,48.0,0.2
162,Daichi & Sawaka,152,15,ASI2,Brother & Sister,,2,1,1,Co-Ed,27.0,1.414213562,,6,7,6,0.4615384615,0,0.0,0.0,1,0.1666666667,6.5,1.378404875,7.111111111,0.2635582011,0.1532301932,-609.989812,,8.0,8.0,6.0,5.0,5.0,7.0,,,,,,,,,,,,,,,,,,,,Daichi & Sawaka (ASI2),2,9,3.0,6.0,0.3333333333,45,12.0,33.0,0.2666666667
163,Sophie & Aurelia,153,15,ASI2,Ex-Housemates,,2,0,2,All-Female,27.0,0.0,,4,8,4,0.3076923077,0,0.0,0.0,1,0.25,7.0,1.414213562,7.464646465,0.2534722222,0.2438479148,-551.0364241,,5.0,7.0,8.0,8.0,,,,,,,,,,,,,,,,,,,,,,Sophie & Aurelia (ASI2),2,9,2.0,7.0,0.2222222222,33,9.0,24.0,0.2727272727
164,Kinaryosih & Brett,154,15,ASI2,Dating 2 Years,,2,2,0,All-Male,27.0,1.414213562,,3,9,3,0.2307692308,0,0.0,0.0,1,0.3333333333,6.333333333,2.516611478,6.811965812,0.3703703704,0.3394500515,-256.069682,,4.0,6.0,9.0,,,,,,,,,,,,,,,,,,,,,,,Kinaryosih & Brett (ASI2),2,9,1.0,8.0,0.1111111111,26,10.0,16.0,0.3846153846
165,Edwin & Monica,155,15,ASI2,Dating 10 Years,,2,1,1,Co-Ed,27.0,1.414213562,,2,10,2,0.1538461538,0,0.0,0.0,2,1.0,10.0,0.0,11.0,0.0,0.0,-622.3018728,,10.0,10.0,,,,,,,,,,,,,,,,,,,,,,,,Edwin & Monica (ASI2),2,9,0.0,9.0,0.0,18,0.0,18.0,0.0
166,Vince & Sam,156,16,ASI3,Best Buddies,,2,2,0,All-Male,32.0,0.0,,11,1,11,1.0,4,0.3636363636,0.3636363636,0,0.0,2.454545455,1.809068067,2.454545455,0.737012987,0.2939032104,950.8956516,,7.0,3.0,2.0,2.0,1.0,1.0,2.0,4.0,1.0,3.0,1.0,,,,,,,,,,,,,,,Vince & Sam (ASI3),2,9,9.0,0.0,1.0,55,39.0,16.0,0.7090909091
167,Geoff & Tisha,157,16,ASI3,Dating,,2,1,1,Co-Ed,29.0,4.242640687,,11,2,11,1.0,2,0.1818181818,0.1818181818,0,0.0,3.090909091,1.700267359,3.323232323,0.5803751804,0.2760328621,483.0743721,,2.0,5.0,5.0,6.0,4.0,3.0,1.0,1.0,3.0,2.0,2.0,,,,,,,,,,,,,,,Geoff & Tisha (ASI3),2,9,8.0,1.0,0.8888888889,55,32.0,23.0,0.5818181818
168,Ida & Tania,158,16,ASI3,Actress & Heiress,,2,0,2,All-Female,40.0,5.656854249,,11,3,11,1.0,2,0.1818181818,0.1818181818,3,0.2727272727,3.545454545,1.752919642,4.111111111,0.4555916306,0.3755947855,64.44895248,,5.0,6.0,3.0,1.0,5.0,5.0,5.0,3.0,2.0,1.0,3.0,,,,,,,,,,,,,,,Ida & Tania (ASI3),2,9,7.0,2.0,0.7777777778,55,27.0,28.0,0.4909090909
169,A.D. & Fuzzie,159,16,ASI3,Friends 15 Years,,2,0,2,All-Female,34.0,0.0,,10,4,10,0.9090909091,0,0.0,0.0,2,0.2,3.9,1.728840331,4.647798742,0.4101984127,0.2990767389,-162.7817392,,8.0,2.0,4.0,5.0,3.0,4.0,3.0,2.0,4.0,4.0,,,,,,,,,,,,,,,,A.D. & Fuzzie (ASI3),2,9,6.0,3.0,0.6666666667,53,24.0,29.0,0.4528301887
170,Henry & Bernie,160,16,ASI3,Brother & Sister,,2,1,1,Co-Ed,41.0,2.828427125,,8,5,8,0.7272727273,2,0.25,0.1818181818,1,0.125,2.75,1.488047618,3.151300236,0.6347222222,0.3579624634,425.5102531,,3.0,1.0,1.0,4.0,2.0,2.0,4.0,5.0,,,,,,,,,,,,,,,,,,Henry & Bernie (ASI3),2,9,5.0,4.0,0.5555555556,47,33.0,14.0,0.7021276596
171,Mai & Oliver,161,16,ASI3,Friends,,2,1,1,Co-Ed,24.5,0.7071067812,,5,6,5,0.4545454545,1,0.2,0.09090909091,1,0.2,4.8,2.774887385,5.222222222,0.4154761905,0.4118858377,-185.7936895,,1.0,8.0,6.0,3.0,6.0,,,,,,,,,,,,,,,,,,,,,Mai & Oliver (ASI3),2,9,4.0,5.0,0.4444444444,35,16.0,19.0,0.4571428571
172,Niroo & Kapil,162,16,ASI3,Father & Son,,2,2,0,All-Male,39.0,19.79898987,,4,7,4,0.3636363636,0,0.0,0.0,1,0.25,6.75,2.061552813,7.388888889,0.2197420635,0.277027402,-558.193784,,9.0,4.0,7.0,7.0,,,,,,,,,,,,,,,,,,,,,,Niroo & Kapil (ASI3),2,9,3.0,6.0,0.3333333333,30,7.0,23.0,0.2333333333
173,Pailin & Natalie,163,16,ASI3,Beauty Queens,,2,0,2,All-Female,25.5,0.7071067812,,3,8,3,0.2727272727,0,0.0,0.0,1,0.3333333333,6.333333333,2.081665999,6.925925926,0.3055555556,0.336787657,-340.1466072,,4.0,7.0,8.0,,,,,,,,,,,,,,,,,,,,,,,Pailin & Natalie (ASI3),2,9,2.0,7.0,0.2222222222,24,8.0,16.0,0.3333333333
174,Isaac & William,164,16,ASI3,Brothers,,2,2,0,All-Male,27.5,2.121320344,,2,9,2,0.1818181818,0,0.0,0.0,1,0.5,7.5,2.121320344,8.222222222,0.2222222222,0.3142696805,-344.8206,,6.0,9.0,,,,,,,,,,,,,,,,,,,,,,,,Isaac & William (ASI3),2,9,1.0,8.0,0.1111111111,17,4.0,13.0,0.2352941176
175,Neena & Amit,165,16,ASI3,Cousins,,2,1,1,Co-Ed,25.5,2.121320344,,1,10,1,0.09090909091,0,0.0,0.0,1,1.0,10.0,,11.0,0.0,,-332.1928095,,10.0,,,,,,,,,,,,,,,,,,,,,,,,,Neena & Amit (ASI3),2,9,0.0,9.0,0.0,9,0.0,9.0,0.0
176,Nick & Starr,166,17,USA13,Siblings,,2,1,1,Co-Ed,21.5,0.7071067812,,11,1,11,1.0,7,0.6363636364,0.6363636364,0,0.0,2.454545455,2.161649202,2.290322581,0.7801226551,0.3063389491,1202.273642,,1.0,6.0,6.0,5.0,1.0,1.0,1.0,1.0,3.0,1.0,1.0,,,,,,,,,,,,,,,Nick & Starr (USA13),1,10,10.0,0.0,1.0,62,46.0,16.0,0.7419354839
177,Ken & Tina,167,17,USA13,Separated,,2,1,1,Co-Ed,49.5,2.121320344,,11,2,11,1.0,3,0.2727272727,0.2727272727,1,0.09090909091,2.545454545,1.507556723,2.508064516,0.6333333333,0.3252349578,554.2109817,,2.0,1.0,1.0,1.0,3.0,6.0,4.0,3.0,2.0,3.0,2.0,,,,,,,,,,,,,,,Ken & Tina (USA13),1,10,9.0,1.0,0.9,62,45.0,17.0,0.7258064516
178,Andrew & Dan,168,17,USA13,Frat Boys,,2,2,0,All-Male,22.5,0.7071067812,,11,3,11,1.0,0,0.0,0.0,2,0.1818181818,5.181818182,1.834021909,5.451612903,0.2401154401,0.1827643075,-715.5973342,,7.0,8.0,7.0,6.0,6.0,5.0,5.0,4.0,4.0,2.0,3.0,,,,,,,,,,,,,,,Andrew & Dan (USA13),1,10,8.0,2.0,0.8,62,16.0,46.0,0.2580645161
179,Toni & Dallas,169,17,USA13,Mother/Son,,2,1,1,Co-Ed,36.5,20.50609665,,10,4,10,0.9090909091,1,0.1,0.09090909091,1,0.1,3.1,1.595131482,3.275,0.648531746,0.2792465609,674.535136,,6.0,5.0,2.0,4.0,2.0,3.0,2.0,2.0,1.0,4.0,,,,,,,,,,,,,,,,Toni & Dallas (USA13),1,10,7.0,3.0,0.7,60,39.0,21.0,0.65
180,Terence & Sarah,170,17,USA13,Newly Dating,,2,1,1,Co-Ed,33.0,2.828427125,,8,5,8,0.7272727273,0,0.0,0.0,1,0.125,3.5,1.069044968,3.592592593,0.564781746,0.2979491556,243.3988794,,3.0,3.0,3.0,2.0,5.0,4.0,3.0,5.0,,,,,,,,,,,,,,,,,,Terence & Sarah (USA13),1,10,6.0,4.0,0.6,54,34.0,20.0,0.6296296296
181,Kelly & Christy,171,17,USA13,Divorcees,,2,0,2,All-Female,26.0,0.0,,7,6,7,0.6363636364,0,0.0,0.0,1,0.1428571429,5.0,2.160246899,5.2,0.4389455782,0.2995072754,-108.2603384,,5.0,7.0,8.0,3.0,4.0,2.0,6.0,,,,,,,,,,,,,,,,,,,Kelly & Christy (USA13),1,10,5.0,5.0,0.5,50,22.0,28.0,0.44
182,Aja & Ty,172,17,USA13,Dating Long Distance,,2,1,1,Co-Ed,25.0,0.0,,5,7,5,0.4545454545,0,0.0,0.0,1,0.2,6.2,1.643167673,6.2,0.3219047619,0.2677401861,-433.6384386,,8.0,4.0,5.0,7.0,7.0,,,,,,,,,,,,,,,,,,,,,Aja & Ty (USA13),1,10,4.0,6.0,0.4,40,14.0,26.0,0.35
183,Marisa & Brooke,173,17,USA13,Southern Belles,,2,0,2,All-Female,23.0,1.414213562,,4,8,4,0.3636363636,0,0.0,0.0,1,0.25,7.75,2.62995564,7.75,0.2090277778,0.281780193,-593.4526745,,10.0,9.0,4.0,8.0,,,,,,,,,,,,,,,,,,,,,,Marisa & Brooke (USA13),1,10,3.0,7.0,0.3,34,7.0,27.0,0.2058823529
184,Mark & Bill,174,17,USA13,Best Friends,,2,2,0,All-Male,41.5,0.7071067812,,3,9,3,0.2727272727,0,0.0,0.0,1,0.3333333333,5.0,3.605551275,5.0,0.5296296296,0.4682952183,31.47184062,,4.0,2.0,9.0,,,,,,,,,,,,,,,,,,,,,,,Mark & Bill (USA13),1,10,2.0,8.0,0.2,27,15.0,12.0,0.5555555556
185,Anthony & Stephanie,175,17,USA13,Dating,,2,1,1,Co-Ed,32.0,0.0,,2,10,2,0.1818181818,0,0.0,0.0,1,0.5,9.5,0.7071067812,9.5,0.1,0.1414213562,-508.9985321,,9.0,10.0,,,,,,,,,,,,,,,,,,,,,,,,Anthony & Stephanie (USA13),1,10,1.0,9.0,0.1,19,2.0,17.0,0.1052631579
186,Anita & Arthur,176,17,USA13,Married Beekeepers,,2,1,1,Co-Ed,62.0,1.414213562,,1,11,1,0.09090909091,0,0.0,0.0,1,1.0,11.0,,11.0,0.0,,-345.9431619,,11.0,,,,,,,,,,,,,,,,,,,,,,,,,Anita & Arthur (USA13),1,10,0.0,10.0,0.0,10,0.0,10.0,0.0
187,Shay & Guy,177,18,ISR1,Business Partners,,2,2,0,All-Male,31.0,1.414213562,,10,1,10,1.0,3,0.3,0.3,0,0.0,2.7,2.002775851,2.49122807,0.7442460317,0.2513200536,1070.474432,,7.0,2.0,2.0,5.0,4.0,1.0,1.0,2.0,2.0,1.0,,,,,,,,,,,,,,,,Shay & Guy (ISR1),4,9,9.0,0.0,1.0,57,40.0,17.0,0.701754386
188,Maya & Amichay,178,18,ISR1,Dating,,2,1,1,Co-Ed,31.5,2.121320344,,10,2,10,1.0,4,0.4,0.4,0,0.0,2.2,1.135292424,2.169590643,0.6933333333,0.2960855732,804.1025334,,1.0,1.0,3.0,1.0,1.0,3.0,4.0,3.0,3.0,2.0,,,,,,,,,,,,,,,,Maya & Amichay (ISR1),4,9,8.0,1.0,0.8888888889,57,45.0,12.0,0.7894736842
189,Tom & Gil,179,18,ISR1,Stepdaughter/Stepfather,,2,1,1,Co-Ed,40.5,19.09188309,,10,3,10,1.0,1,0.1,0.1,1,0.1,3.5,1.509230856,3.680311891,0.538531746,0.3096333665,374.2111398,,5.0,4.0,4.0,4.0,6.0,2.0,2.0,4.0,1.0,3.0,,,,,,,,,,,,,,,,Tom & Gil (ISR1),4,9,7.0,2.0,0.7777777778,57,32.0,25.0,0.5614035088
190,Michal & Ran,180,18,ISR1,Married with 3 Children,,2,1,1,Co-Ed,37.0,2.828427125,,9,4,9,0.9,1,0.1111111111,0.1,1,0.1111111111,3.111111111,1.364225462,3.303030303,0.6051146384,0.3323291543,505.0762535,,3.0,3.0,5.0,2.0,2.0,5.0,3.0,1.0,4.0,,,,,,,,,,,,,,,,,Michal & Ran (ISR1),4,9,6.0,3.0,0.6666666667,55,36.0,19.0,0.6545454545
191,Hadas & Inbal,181,18,ISR1,Friends,,2,0,2,All-Female,24.0,0.0,,8,5,8,0.8,0,0.0,0.0,2,0.25,4.875,1.807721534,5.305555556,0.3649801587,0.2940581955,-315.1659266,,4.0,8.0,7.0,3.0,3.0,4.0,5.0,5.0,,,,,,,,,,,,,,,,,,Hadas & Inbal (ISR1),4,9,5.0,4.0,0.5555555556,52,21.0,31.0,0.4038461538
192,Eliana & Yael,182,18,ISR1,Importer & Fashion Designer,,2,0,2,All-Female,32.5,0.7071067812,,6,6,6,0.6,0,0.0,0.0,1,0.1666666667,5.166666667,1.602081979,5.419191919,0.3878968254,0.289219433,-308.7325842,,2.0,6.0,6.0,6.0,5.0,6.0,,,,,,,,,,,,,,,,,,,,Eliana & Yael (ISR1),4,9,4.0,5.0,0.4444444444,44,19.0,25.0,0.4318181818
193,Hannah & Margalit,183,18,ISR1,Kibbutz Members,,2,0,2,All-Female,58.5,4.949747468,,5,7,5,0.5,1,0.2,0.1,1,0.2,6.6,3.286335345,6.982905983,0.273015873,0.4100034106,-514.0082946,,9.0,9.0,1.0,7.0,7.0,,,,,,,,,,,,,,,,,,,,,Hannah & Margalit (ISR1),4,9,3.0,6.0,0.3333333333,39,11.0,28.0,0.2820512821
194,Alen & Inbal,184,18,ISR1,Exes,,2,1,1,Co-Ed,29.0,4.242640687,,4,8,4,0.4,0,0.0,0.0,1,0.25,7.25,1.5,7.734006734,0.2256944444,0.2379760228,-587.1577063,,8.0,5.0,8.0,8.0,,,,,,,,,,,,,,,,,,,,,,Alen & Inbal (ISR1),4,9,2.0,7.0,0.2222222222,33,8.0,25.0,0.2424242424
195,Maor & Asher,185,18,ISR1,Childhood Friends,,2,2,0,All-Male,24.0,0.0,,3,9,3,0.3,0,0.0,0.0,2,0.6666666667,8.666666667,1.527525232,9.354700855,0.1111111111,0.1924500897,-664.3927566,,10.0,7.0,9.0,,,,,,,,,,,,,,,,,,,,,,,Maor & Asher (ISR1),4,9,1.0,8.0,0.1111111111,26,3.0,23.0,0.1153846154
196,Liran & Elena,186,18,ISR1,Beauty Queens,,2,0,2,All-Female,22.0,2.828427125,,2,10,2,0.2,0,0.0,0.0,1,0.5,8.0,2.828427125,8.777777778,0.2222222222,0.3142696805,-364.4070903,,6.0,10.0,,,,,,,,,,,,,,,,,,,,,,,,Liran & Elena (ISR1),4,9,0.0,9.0,0.0,18,4.0,14.0,0.2222222222
197,Tammy & Victor,187,19,USA14,Siblings/Lawyers,,2,1,1,Co-Ed,30.5,6.363961031,,12,1,12,1.0,5,0.4166666667,0.4166666667,0,0.0,2.333333333,1.969463856,2.194029851,0.7629960317,0.2966371067,1159.444929,,2.0,1.0,8.0,3.0,2.0,1.0,1.0,3.0,2.0,3.0,1.0,1.0,,,,,,,,,,,,,,Tammy & Victor (USA14),1,10,10.0,0.0,1.0,67,51.0,16.0,0.7611940299
198,Jaime & Cara,188,19,USA14,Former NFL Cheerleaders,,2,0,2,All-Female,27.5,2.121320344,,12,2,12,1.0,1,0.08333333333,0.08333333333,0,0.0,3.916666667,2.065224326,3.873134328,0.5130291005,0.2387438156,289.8496342,,7.0,6.0,7.0,5.0,3.0,5.0,2.0,2.0,4.0,1.0,3.0,2.0,,,,,,,,,,,,,,Jaime & Cara (USA14),1,10,9.0,1.0,0.9,67,32.0,35.0,0.4776119403
199,Margie & Luke,189,19,USA14,Mother/Son,,2,1,1,Co-Ed,36.0,19.79898987,,12,3,12,1.0,3,0.25,0.25,1,0.08333333333,2.75,1.288057029,2.880597015,0.6330357143,0.2863053613,629.6994303,,1.0,4.0,4.0,4.0,1.0,4.0,4.0,1.0,3.0,2.0,2.0,3.0,,,,,,,,,,,,,,Margie & Luke (USA14),1,10,8.0,2.0,0.8,67,46.0,21.0,0.6865671642
200,Kisha & Jen,190,19,USA14,Sisters,,2,0,2,All-Female,26.0,2.828427125,,11,4,11,0.9166666667,1,0.09090909091,0.08333333333,2,0.1818181818,4.272727273,2.101947149,4.6,0.4112554113,0.3482220649,-168.5154398,,8.0,7.0,3.0,2.0,6.0,3.0,5.0,4.0,1.0,4.0,4.0,,,,,,,,,,,,,,,Kisha & Jen (USA14),1,10,7.0,3.0,0.7,65,29.0,36.0,0.4461538462
201,Mark & Michael,191,19,USA14,Brothers/Stuntmen,,2,2,0,All-Male,49.5,2.121320344,,9,5,9,0.75,0,0.0,0.0,2,0.2222222222,5.222222222,1.6414763,5.508474576,0.3072310406,0.2759441877,-613.9744937,,3.0,8.0,5.0,7.0,5.0,6.0,3.0,5.0,5.0,,,,,,,,,,,,,,,,,Mark & Michael (USA14),1,10,6.0,4.0,0.6,59,21.0,38.0,0.3559322034
202,Mel & Mike,192,19,USA14,Father/Son,,2,2,0,All-Male,53.0,21.21320344,,7,6,7,0.5833333333,1,0.1428571429,0.08333333333,1,0.1428571429,3.571428571,1.988059595,3.647058824,0.6011337868,0.3597841359,300.3613744,,4.0,2.0,1.0,6.0,4.0,2.0,6.0,,,,,,,,,,,,,,,,,,,Mel & Mike (USA14),1,10,5.0,5.0,0.5,51,33.0,18.0,0.6470588235
203,Christie & Jodi,193,19,USA14,Flight Attendants,,2,0,2,All-Female,38.5,2.121320344,,6,7,6,0.5,1,0.1666666667,0.08333333333,2,0.3333333333,6.666666667,3.141125064,6.913043478,0.2643518519,0.385662876,-603.0294022,,10.0,9.0,6.0,1.0,7.0,7.0,,,,,,,,,,,,,,,,,,,,Christie & Jodi (USA14),1,10,4.0,6.0,0.4,46,12.0,34.0,0.2608695652
204,Amanda & Kris,194,19,USA14,Dating,,2,1,1,Co-Ed,23.5,0.7071067812,,4,8,4,0.3333333333,0,0.0,0.0,1,0.25,4.5,2.645751311,4.5,0.5631944444,0.3923482053,130.1930468,,5.0,3.0,2.0,8.0,,,,,,,,,,,,,,,,,,,,,,Amanda & Kris (USA14),1,10,3.0,7.0,0.3,34,20.0,14.0,0.5882352941
205,Brad & Victoria,195,19,USA14,Married,,2,1,1,Co-Ed,49.5,3.535533906,,3,9,3,0.25,0,0.0,0.0,1,0.3333333333,6.666666667,2.081665999,6.666666667,0.3518518519,0.3059761415,-269.087385,,6.0,5.0,9.0,,,,,,,,,,,,,,,,,,,,,,,Brad & Victoria (USA14),1,10,2.0,8.0,0.2,27,10.0,17.0,0.3703703704
206,Steve & Linda,196,19,USA14,Married,,2,1,1,Co-Ed,47.5,6.363961031,,2,10,2,0.1666666667,0,0.0,0.0,1,0.5,9.5,0.7071067812,9.5,0.1,0.1414213562,-508.9985321,,9.0,10.0,,,,,,,,,,,,,,,,,,,,,,,,Steve & Linda (USA14),1,10,1.0,9.0,0.1,19,2.0,17.0,0.1052631579
207,Preston & Jennifer,197,19,USA14,Dating,,2,1,1,Co-Ed,27.0,1.414213562,,1,11,1,0.08333333333,0,0.0,0.0,1,1.0,11.0,,11.0,0.0,,-345.9431619,,11.0,,,,,,,,,,,,,,,,,,,,,,,,,Preston & Jennifer (USA14),1,10,0.0,10.0,0.0,10,0.0,10.0,0.0
208,Matías & Tamara,198,20,LAM1,Married,,2,1,1,Co-Ed,32.0,4.242640687,,13,1,13,1.0,4,0.3076923077,0.3076923077,2,0.1538461538,2.230769231,1.091928428,2.066666667,0.667002442,0.3835034268,866.4116806,,1.0,1.0,2.0,2.0,2.0,3.0,1.0,2.0,4.0,4.0,3.0,3.0,1.0,,,,,,,,,,,,,Matías & Tamara (LAM1),5,10,10.0,0.0,1.0,75,59.0,16.0,0.7866666667
209,Daniel & David,199,20,LAM1,Godfather/Godson,,2,2,0,All-Male,39.0,22.627417,,13,2,13,1.0,2,0.1538461538,0.1538461538,0,0.0,3.230769231,2.420531834,3.163333333,0.6096459096,0.2792368795,738.2152112,,2.0,10.0,3.0,1.0,3.0,6.0,4.0,3.0,3.0,2.0,2.0,1.0,2.0,,,,,,,,,,,,,Daniel & David (LAM1),5,10,9.0,1.0,0.9,75,45.5,29.5,0.6066666667
210,Ferna & Fran,200,20,LAM1,Friends,,2,0,2,All-Female,28.0,0.0,,13,3,13,1.0,4,0.3076923077,0.3076923077,1,0.07692307692,3.384615385,2.873396989,3.48,0.6257020757,0.3594510272,922.056487,,10.0,3.0,8.0,5.0,5.0,1.0,2.0,1.0,2.0,1.0,1.0,2.0,3.0,,,,,,,,,,,,,Ferna & Fran (LAM1),5,10,8.0,2.0,0.8,75,44.0,31.0,0.5866666667
211,Daniel & Carlos,201,20,LAM1,Friends,,2,2,0,All-Male,28.0,1.414213562,,11,4,11,0.8461538462,1,0.09090909091,0.07692307692,1,0.09090909091,3.727272727,1.793929156,3.792253521,0.536038961,0.3054679744,333.2737947,,5.0,2.0,7.0,4.0,4.0,2.0,5.0,5.0,1.0,2.0,4.0,,,,,,,,,,,,,,,Daniel & Carlos (LAM1),5,10,7.0,3.0,0.7,71,40.5,30.5,0.5704225352
212,Rodrigo & Anna,202,20,LAM1,Dating Biologists,,2,1,1,Co-Ed,28.5,0.7071067812,,9,5,9,0.6923076923,1,0.1111111111,0.07692307692,1,0.1111111111,4.555555556,2.00693243,4.446153846,0.4898148148,0.2784436464,119.4303087,,6.0,8.0,4.0,6.0,1.0,4.0,3.0,4.0,5.0,,,,,,,,,,,,,,,,,Rodrigo & Anna (LAM1),5,10,6.0,4.0,0.6,65,33.0,32.0,0.5076923077
213,Casilda & Casilda,203,20,LAM1,Mother/Daughter,,2,0,2,All-Female,42.5,17.67766953,,8,6,8,0.6153846154,1,0.125,0.07692307692,2,0.25,4.75,2.121320344,4.68852459,0.437797619,0.3833268633,-236.0770148,,3.0,6.0,1.0,3.0,6.0,7.0,6.0,6.0,,,,,,,,,,,,,,,,,,Casilda & Casilda (LAM1),5,10,5.0,5.0,0.5,61,31.0,30.0,0.5081967213
214,Diego & Miguel,204,20,LAM1,Boyfriends,,2,2,0,All-Male,27.0,1.414213562,,7,7,7,0.5384615385,0,0.0,0.0,1,0.1428571429,6.285714286,1.253566341,6.285714286,0.308106576,0.2277713088,-575.2561548,,7.0,5.0,5.0,8.0,7.0,5.0,7.0,,,,,,,,,,,,,,,,,,,Diego & Miguel (LAM1),5,10,4.0,6.0,0.4,56,19.0,37.0,0.3392857143
215,Mario & Melissa,205,20,LAM1,Dating,,2,1,1,Co-Ed,31.0,9.899494937,,5,8,5,0.3846153846,0,0.0,0.0,1,0.2,7.2,1.923538406,6.988636364,0.2722222222,0.26660879,-585.9196791,,8.0,4.0,9.0,7.0,8.0,,,,,,,,,,,,,,,,,,,,,Mario & Melissa (LAM1),5,10,3.0,7.0,0.3,44,13.0,31.0,0.2954545455
216,Ricardo & Adriana,206,20,LAM1,Father/Daughter,,2,1,1,Co-Ed,43.0,24.04163056,,4,9,4,0.3076923077,0,0.0,0.0,1,0.25,7.0,2.449489743,6.837837838,0.3361111111,0.3031216192,-393.2959468,,4.0,9.0,6.0,9.0,,,,,,,,,,,,,,,,,,,,,,Ricardo & Adriana (LAM1),5,10,2.0,8.0,0.2,37,13.0,24.0,0.3513513514
217,Guillermo & Gabriel,207,20,LAM1,Twins,,2,2,0,All-Male,33.0,0.0,,3,10,3,0.2307692308,0,0.0,0.0,1,0.3333333333,8.666666667,1.527525232,8.534482759,0.2,0.2,-542.1037886,,9.0,7.0,10.0,,,,,,,,,,,,,,,,,,,,,,,Guillermo & Gabriel (LAM1),5,10,1.0,9.0,0.1,29,6.0,23.0,0.2068965517
218,Nora & Ariel,208,20,LAM1,Siblings,,2,1,1,Co-Ed,29.5,4.949747468,,2,11,2,0.1538461538,0,0.0,0.0,2,1.0,11.0,0.0,11.0,0.0,0.0,-646.7348981,,11.0,11.0,,,,,,,,,,,,,,,,,,,,,,,,Nora & Ariel (LAM1),5,10,0.0,10.0,0.0,20,0.0,20.0,0.0
219,Meghan & Cheyne,209,21,USA15,Dating,,2,1,1,Co-Ed,23.0,0.0,,12,1,12,1.0,7,0.5833333333,0.5833333333,0,0.0,2.0,1.705605731,1.833333333,0.8699074074,0.1934746136,1705.48216,,1.0,6.0,2.0,5.0,1.0,1.0,2.0,2.0,1.0,1.0,1.0,1.0,,,,,,,,,,,,,,Meghan & Cheyne (USA15),1,11,11.0,0.0,1.0,72,60.0,12.0,0.8333333333
220,Sam & Dan,210,21,USA15,Brothers,,2,2,0,All-Male,22.0,1.414213562,,12,2,12,1.0,2,0.1666666667,0.1666666667,0,0.0,3.166666667,2.289634085,2.96969697,0.6380711881,0.2521563099,844.8972814,,9.0,2.0,5.0,1.0,5.0,3.0,1.0,4.0,2.0,2.0,2.0,2.0,,,,,,,,,,,,,,Sam & Dan (USA15),1,11,10.0,1.0,0.9090909091,72,46.0,26.0,0.6388888889
221,Brian & Ericka,211,21,USA15,Married,,2,1,1,Co-Ed,27.0,0.0,,12,3,12,1.0,0,0.0,0.0,2,0.1666666667,4.25,2.094364733,4.200757576,0.3918831169,0.2891840507,-112.0314538,,6.0,10.0,4.0,3.0,2.0,4.0,5.0,3.0,4.0,4.0,3.0,3.0,,,,,,,,,,,,,,Brian & Ericka (USA15),1,11,9.0,2.0,0.8181818182,72,33.0,39.0,0.4583333333
222,Flight Time & Big Easy,212,21,USA15,Harlem Globetrotters,,2,2,0,All-Male,30.0,2.828427125,,11,4,11,0.9166666667,2,0.1818181818,0.1666666667,1,0.09090909091,3.090909091,1.513574937,3.090909091,0.6023317591,0.3284566363,550.744429,,5.0,3.0,1.0,2.0,3.0,6.0,3.0,1.0,3.0,3.0,4.0,,,,,,,,,,,,,,,Flight Time & Big Easy (USA15),1,11,8.0,3.0,0.7272727273,70,47.0,23.0,0.6714285714
223,Gary & Matt,213,21,USA15,Father/Son,,2,2,0,All-Male,34.5,17.67766953,,9,5,9,0.75,1,0.1111111111,0.08333333333,2,0.2222222222,4.222222222,1.6414763,4.089488636,0.4624539041,0.3307272374,-52.66984051,,7.0,1.0,3.0,4.0,4.0,5.0,4.0,5.0,5.0,,,,,,,,,,,,,,,,,Gary & Matt (USA15),1,11,7.0,4.0,0.6363636364,64,35.0,29.0,0.546875
224,Maria & Tiffany,214,21,USA15,Professional Poker Players,,2,0,2,All-Female,25.5,0.7071067812,,7,6,7,0.5833333333,0,0.0,0.0,1,0.1428571429,6.571428571,2.699206233,6.064935065,0.3113430221,0.282534978,-460.2853093,,11.0,7.0,6.0,8.0,6.0,2.0,6.0,,,,,,,,,,,,,,,,,,,Maria & Tiffany (USA15),1,11,6.0,5.0,0.5454545455,56,17.0,39.0,0.3035714286
225,Mika & Canaan,215,21,USA15,Newly Dating,,2,1,1,Co-Ed,24.0,2.828427125,,6,7,6,0.5,0,0.0,0.0,1,0.1666666667,7.666666667,1.211060142,7.060606061,0.2013347763,0.1215425626,-814.3573063,,10.0,8.0,7.0,7.0,7.0,7.0,,,,,,,,,,,,,,,,,,,,Mika & Canaan (USA15),1,11,5.0,6.0,0.4545454545,51,11.0,40.0,0.2156862745
226,Lance & Keri,216,21,USA15,Engaged,,2,1,1,Co-Ed,37.0,5.656854249,,5,8,5,0.4166666667,0,0.0,0.0,1,0.2,6.0,2.549509757,5.545454545,0.4008585859,0.3567051084,-297.9106981,,3.0,4.0,9.0,6.0,8.0,,,,,,,,,,,,,,,,,,,,,Lance & Keri (USA15),1,11,4.0,7.0,0.3636363636,45,20.0,25.0,0.4444444444
227,Zev & Justin,217,21,USA15,Friends,,2,2,0,All-Male,28.0,2.828427125,,4,9,4,0.3333333333,0,0.0,0.0,1,0.25,6.0,3.16227766,5.545454545,0.4328282828,0.4026858608,-202.6642282,,2.0,5.0,8.0,9.0,,,,,,,,,,,,,,,,,,,,,,Zev & Justin (USA15),1,11,3.0,8.0,0.2727272727,38,18.0,20.0,0.4736842105
228,Marcy & Ron,218,21,USA15,Dating,,2,1,1,Co-Ed,59.5,0.7071067812,,3,10,3,0.25,0,0.0,0.0,1,0.3333333333,7.666666667,3.214550254,7.060606061,0.3090909091,0.3757086967,-376.0879851,,4.0,9.0,10.0,,,,,,,,,,,,,,,,,,,,,,,Marcy & Ron (USA15),1,11,2.0,9.0,0.1818181818,30,10.0,20.0,0.3333333333
229,Garrett & Jessica,219,21,USA15,Dating On & Off,,2,1,1,Co-Ed,27.5,0.7071067812,,2,11,2,0.1666666667,0,0.0,0.0,1,0.5,9.5,2.121320344,8.727272727,0.1818181818,0.2571297386,-426.6207987,,8.0,11.0,,,,,,,,,,,,,,,,,,,,,,,,Garrett & Jessica (USA15),1,11,1.0,10.0,0.09090909091,21,4.0,17.0,0.1904761905
230,Eric & Lisa,220,21,USA15,Married Yoga Teachers,,2,1,1,Co-Ed,42.0,1.414213562,,1,12,1,0.08333333333,0,0.0,0.0,1,1.0,12.0,,11.0,0.0,,-358.4962501,,12.0,,,,,,,,,,,,,,,,,,,,,,,,,Eric & Lisa (USA15),1,11,0.0,11.0,0.0,11,0.0,11.0,0.0
231,Dan & Jordan,221,22,USA16,Brothers,,2,2,0,All-Male,23.0,1.414213562,,12,1,12,1.0,2,0.1666666667,0.1666666667,0,0.0,4.333333333,2.424621183,3.898550725,0.4795304233,0.2926541851,104.1930666,,8.0,8.0,6.0,6.0,4.0,5.0,2.0,5.0,1.0,3.0,3.0,1.0,,,,,,,,,,,,,,Dan & Jordan (USA16),1,10,10.0,0.0,1.0,69,29.0,40.0,0.4202898551
232,Jet & Cord,222,22,USA16,Brothers/Cowboys,,2,2,0,All-Male,29.5,0.7071067812,,12,2,12,1.0,4,0.3333333333,0.3333333333,1,0.08333333333,2.583333333,1.56427929,2.514492754,0.6876984127,0.3009122277,740.7219637,,3.0,1.0,1.0,4.0,3.0,4.0,6.0,1.0,3.0,1.0,2.0,2.0,,,,,,,,,,,,,,Jet & Cord (USA16),1,10,9.0,1.0,0.9,69,50.0,19.0,0.7246376812
233,Brent & Caite,223,22,USA16,Dating Models,,2,1,1,Co-Ed,24.0,5.656854249,,12,3,12,1.0,1,0.08333333333,0.08333333333,1,0.08333333333,4.333333333,2.188122206,4.47826087,0.444047619,0.2950451471,-20.89976693,,7.0,4.0,7.0,7.0,6.0,6.0,3.0,4.0,2.0,2.0,1.0,3.0,,,,,,,,,,,,,,Brent & Caite (USA16),1,10,8.0,2.0,0.8,69,29.0,40.0,0.4202898551
234,Louie & Michael,224,22,USA16,Detectives,,2,2,0,All-Male,46.0,1.414213562,,11,4,11,0.9166666667,3,0.2727272727,0.25,2,0.1818181818,4.363636364,3.042128441,4.589552239,0.426010101,0.4067112011,-162.6848023,,9.0,9.0,8.0,1.0,1.0,1.0,4.0,3.0,4.0,4.0,4.0,,,,,,,,,,,,,,,Louie & Michael (USA16),1,10,7.0,3.0,0.7,67,30.0,37.0,0.447761194
235,Carol & Brandy,225,22,USA16,Girlfriends,,2,0,2,All-Female,43.5,4.949747468,,9,5,9,0.75,0,0.0,0.0,1,0.1111111111,4.0,1.5,4.098360656,0.5242504409,0.2927633284,116.7877467,,6.0,3.0,3.0,5.0,5.0,2.0,5.0,2.0,5.0,,,,,,,,,,,,,,,,,Carol & Brandy (USA16),1,10,6.0,4.0,0.6,61,34.0,27.0,0.5573770492
236,Steve & Allie,226,22,USA16,Father/Daughter,,2,1,1,Co-Ed,40.0,24.04163056,,8,6,8,0.6666666667,1,0.125,0.08333333333,1,0.125,3.375,2.133909892,3.5,0.6611607143,0.33455736,557.2184101,,4.0,7.0,2.0,2.0,2.0,3.0,1.0,6.0,,,,,,,,,,,,,,,,,,Steve & Allie (USA16),1,10,5.0,5.0,0.5,57,38.0,19.0,0.6666666667
237,Jordan & Jeff,227,22,USA16,Newly Dating,,2,1,1,Co-Ed,26.5,6.363961031,,6,7,6,0.5,1,0.1666666667,0.08333333333,2,0.3333333333,5.666666667,2.503331114,5.765957447,0.3478835979,0.3851755551,-497.3258681,,1.0,6.0,5.0,8.0,7.0,7.0,,,,,,,,,,,,,,,,,,,,Jordan & Jeff (USA16),1,10,4.0,6.0,0.4,47,19.0,28.0,0.4042553191
238,Joe & Heidi,228,22,USA16,Married,,2,1,1,Co-Ed,39.5,3.535533906,,5,8,5,0.4166666667,0,0.0,0.0,1,0.2,4.4,2.302172887,4.524390244,0.5656349206,0.3358713374,133.5559183,,5.0,2.0,4.0,3.0,8.0,,,,,,,,,,,,,,,,,,,,,Joe & Heidi (USA16),1,10,3.0,7.0,0.3,41,24.0,17.0,0.5853658537
239,Monique & Shawne,229,22,USA16,Moms/Attorneys,,2,0,2,All-Female,39.0,0.0,,3,9,3,0.25,0,0.0,0.0,1,0.3333333333,5.333333333,3.511884584,5.333333333,0.4851851852,0.4541079076,-56.16547529,,2.0,5.0,9.0,,,,,,,,,,,,,,,,,,,,,,,Monique & Shawne (USA16),1,10,2.0,8.0,0.2,27,14.0,13.0,0.5185185185
240,Jody & Shannon,230,22,USA16,Grandmother/Granddaughter,,2,0,2,All-Female,46.5,34.64823228,,2,10,2,0.1666666667,0,0.0,0.0,1,0.5,10.0,0.0,10.0,0.05,0.07071067812,-569.4580309,,10.0,10.0,,,,,,,,,,,,,,,,,,,,,,,,Jody & Shannon (USA16),1,10,1.0,9.0,0.1,19,1.0,18.0,0.05263157895
241,Dana & Adrian,231,22,USA16,High School Sweethearts,,2,1,1,Co-Ed,39.5,0.7071067812,,1,11,1,0.08333333333,0,0.0,0.0,1,1.0,11.0,,11.0,0.0,,-345.9431619,,11.0,,,,,,,,,,,,,,,,,,,,,,,,,Dana & Adrian (USA16),1,10,0.0,10.0,0.0,10,0.0,10.0,0.0
242,Charlie & Rachel,232,23,CHR1,Flirtatious Friends,,2,1,1,Co-Ed,25.5,0.7071067812,,12,1,12,1.0,6,0.5,0.5,1,0.08333333333,2.166666667,1.466804401,2.076923077,0.7627314815,0.3390429736,1069.735103,,1.0,3.0,2.0,1.0,4.0,1.0,2.0,1.0,5.0,4.0,1.0,1.0,,,,,,,,,,,,,,Charlie & Rachel (CHR1),6,9,9.0,0.0,1.0,65,51.0,14.0,0.7846153846
243,Rick & Josh,233,23,CHR1,Best Mates,,2,2,0,All-Male,27.0,2.828427125,,12,2,12,1.0,5,0.4166666667,0.4166666667,0,0.0,2.166666667,1.267304465,2.196581197,0.7312830688,0.2878532366,1005.573061,,3.0,1.0,1.0,3.0,1.0,5.0,1.0,3.0,2.0,1.0,3.0,2.0,,,,,,,,,,,,,,Rick & Josh (CHR1),6,9,8.0,1.0,0.8888888889,65,51.0,14.0,0.7846153846
244,Deepak & Naresh,234,23,CHR1,Cricket Fanatics,,2,2,0,All-Male,29.5,0.7071067812,,12,3,12,1.0,0,0.0,0.0,2,0.1666666667,4.416666667,1.831955405,4.854700855,0.3476190476,0.2439583537,-308.7383481,,9.0,5.0,5.0,4.0,6.0,3.0,4.0,5.0,4.0,3.0,2.0,3.0,,,,,,,,,,,,,,Deepak & Naresh (CHR1),6,9,7.0,2.0,0.7777777778,65,24.0,41.0,0.3692307692
245,Karen & Lisa,235,23,CHR1,Momshells,,2,0,2,All-Female,41.5,4.949747468,,11,4,11,0.9166666667,0,0.0,0.0,2,0.1818181818,4.818181818,1.834021909,5.444444444,0.3240620491,0.2341486587,-415.2719585,,5.0,8.0,8.0,5.0,5.0,4.0,5.0,4.0,3.0,2.0,4.0,,,,,,,,,,,,,,,Karen & Lisa (CHR1),6,9,6.0,3.0,0.6666666667,63,21.0,42.0,0.3333333333
246,Sarah & Molly,236,23,CHR1,Ultra-Marathoners,,2,0,2,All-Female,29.0,7.071067812,,10,5,10,0.8333333333,1,0.1,0.08333333333,1,0.1,3.4,1.505545305,3.888888889,0.5960714286,0.2798967085,467.5928618,,4.0,4.0,4.0,6.0,3.0,2.0,3.0,2.0,1.0,5.0,,,,,,,,,,,,,,,,Sarah & Molly (CHR1),6,9,5.0,4.0,0.5555555556,60,36.0,24.0,0.6
247,Sean & Amy,237,23,CHR1,Newly Dating,,2,1,1,Co-Ed,29.5,,,6,6,6,0.5,0,0.0,0.0,1,0.1666666667,2.833333333,1.602081979,2.944444444,0.703042328,0.348216641,581.1560324,,2.0,2.0,3.0,2.0,2.0,6.0,,,,,,,,,,,,,,,,,,,,Sean & Amy (CHR1),6,9,4.0,5.0,0.4444444444,44,33.0,11.0,0.75
248,Bonnie & Mel,238,23,CHR1,Expat Wives,,2,0,2,All-Female,54.0,0.0,,5,7,5,0.4166666667,0,0.0,0.0,1,0.2,6.6,0.5477225575,6.982905983,0.2591269841,0.1829898693,-575.1726737,,7.0,6.0,6.0,7.0,7.0,,,,,,,,,,,,,,,,,,,,,Bonnie & Mel (CHR1),6,9,3.0,6.0,0.3333333333,39,11.0,28.0,0.2820512821
249,Janis & Aleksandra,239,23,CHR1,Reality TV Veterans,,2,1,1,Co-Ed,32.0,11.3137085,,4,8,4,0.3333333333,0,0.0,0.0,1,0.25,7.0,0.8164965809,7.464646465,0.2569444444,0.1889093126,-525.1509984,,6.0,7.0,7.0,8.0,,,,,,,,,,,,,,,,,,,,,,Janis & Aleksandra (CHR1),6,9,2.0,7.0,0.2222222222,33,9.0,24.0,0.2727272727
250,Hector & Miguel,240,23,CHR1,Amigos,,2,2,0,All-Male,29.0,2.828427125,,3,9,3,0.25,0,0.0,0.0,1,0.3333333333,8.666666667,0.5773502692,9.354700855,0.1111111111,0.1111111111,-677.4212067,,8.0,9.0,9.0,,,,,,,,,,,,,,,,,,,,,,,Hector & Miguel (CHR1),6,9,1.0,8.0,0.1111111111,26,3.0,23.0,0.1153846154
251,Paul & Francis,241,23,CHR1,Maasai Warriors,,2,2,0,All-Male,29.0,2.828427125,,2,10,2,0.1666666667,0,0.0,0.0,2,1.0,10.0,0.0,11.0,0.0,0.0,-622.3018728,,10.0,10.0,,,,,,,,,,,,,,,,,,,,,,,,Paul & Francis (CHR1),6,9,0.0,9.0,0.0,18,0.0,18.0,0.0
252,Richard & Richard,242,24,ASI4,Friends,,2,2,0,All-Male,32.5,2.121320344,,11,1,11,1.0,3,0.2727272727,0.2727272727,0,0.0,2.272727273,1.489356176,2.060606061,0.7751443001,0.2516296264,1112.299129,,2.0,2.0,6.0,1.0,2.0,1.0,2.0,2.0,4.0,2.0,1.0,,,,,,,,,,,,,,,Richard & Richard (ASI4),2,9,9.0,0.0,1.0,66,52.0,14.0,0.7878787879
253,Claire & Michelle,243,24,ASI4,Rebel Pals,,2,0,2,All-Female,21.5,0.7071067812,,11,2,11,1.0,0,0.0,0.0,0,0.0,3.818181818,1.662418829,3.609427609,0.5182178932,0.1734607698,219.4991291,,3.0,7.0,4.0,7.0,3.0,3.0,3.0,4.0,3.0,3.0,2.0,,,,,,,,,,,,,,,Claire & Michelle (ASI4),2,9,8.0,1.0,0.8888888889,66,35.0,31.0,0.5303030303
254,Hussein & Natasha,244,24,ASI4,Father & Daughter,,2,1,1,Co-Ed,38.5,20.50609665,,11,3,11,1.0,1,0.09090909091,0.09090909091,2,0.1818181818,4.636363636,2.873072476,4.703703704,0.4112193362,0.3869824542,-69.81549689,,9.0,9.0,2.0,5.0,7.0,2.0,6.0,5.0,2.0,1.0,3.0,,,,,,,,,,,,,,,Hussein & Natasha (ASI4),2,9,7.0,2.0,0.7777777778,66,26.0,40.0,0.3939393939
255,Jess & Lani,245,24,ASI4,Party Girls,,2,0,2,All-Female,27.0,0.0,,10,4,10,0.9090909091,3,0.3,0.2727272727,1,0.1,4.3,2.750757471,4.4375,0.5248015873,0.3698944055,380.3981153,,8.0,8.0,7.0,4.0,5.0,4.0,1.0,1.0,1.0,4.0,,,,,,,,,,,,,,,,Jess & Lani (ASI4),2,9,6.0,3.0,0.6666666667,64,31.0,33.0,0.484375
256,Ethan & Khairie,246,24,ASI4,Friends,,2,2,0,All-Male,25.5,0.7071067812,,9,5,9,0.8181818182,2,0.2222222222,0.1818181818,1,0.1111111111,3.555555556,1.666666667,3.723132969,0.5709876543,0.319767684,268.9512583,,1.0,5.0,5.0,3.0,1.0,5.0,4.0,3.0,5.0,,,,,,,,,,,,,,,,,Ethan & Khairie (ASI4),2,9,5.0,4.0,0.5555555556,61,38.0,23.0,0.6229508197
257,Dimple & Sunaina,247,24,ASI4,Best Friends,,2,0,2,All-Female,31.5,0.7071067812,,8,6,8,0.7272727273,1,0.125,0.09090909091,1,0.125,3.875,1.807721534,4.138401559,0.5321924603,0.3671289356,57.02244598,,4.0,3.0,1.0,2.0,4.0,6.0,5.0,6.0,,,,,,,,,,,,,,,,,,Dimple & Sunaina (ASI4),2,9,4.0,5.0,0.4444444444,57,34.0,23.0,0.5964912281
258,Ivan & Hilda,248,24,ASI4,Married,,2,1,1,Co-Ed,35.5,3.535533906,,6,7,6,0.5454545455,1,0.1666666667,0.09090909091,1,0.1666666667,4.833333333,2.316606714,5.078014184,0.4758597884,0.3531666146,-108.4975737,,6.0,1.0,3.0,6.0,6.0,7.0,,,,,,,,,,,,,,,,,,,,Ivan & Hilda (ASI4),2,9,3.0,6.0,0.3333333333,47,24.0,23.0,0.5106382979
259,Sahil & Manas,249,24,ASI4,Cousins,,2,2,0,All-Male,24.0,1.414213562,,5,8,5,0.4545454545,0,0.0,0.0,1,0.2,7.0,1.732050808,7.504065041,0.25,0.2618709394,-654.2341776,,7.0,4.0,8.0,8.0,8.0,,,,,,,,,,,,,,,,,,,,,Sahil & Manas (ASI4),2,9,2.0,7.0,0.2222222222,41,11.0,30.0,0.2682926829
260,Alan & Wendy,250,24,ASI4,Dating,,2,1,1,Co-Ed,28.0,5.656854249,,4,9,4,0.3636363636,0,0.0,0.0,2,0.5,7.25,2.061552813,7.944444444,0.25,0.2922172933,-583.3209565,,5.0,6.0,9.0,9.0,,,,,,,,,,,,,,,,,,,,,,Alan & Wendy (ASI4),2,9,1.0,8.0,0.1111111111,34,9.0,25.0,0.2647058824
261,Yani & Nadine,251,24,ASI4,Best Friends,,2,0,2,All-Female,27.0,1.414213562,,2,10,2,0.1818181818,0,0.0,0.0,2,1.0,10.0,0.0,11.0,0.0,0.0,-622.3018728,,10.0,10.0,,,,,,,,,,,,,,,,,,,,,,,,Yani & Nadine (ASI4),2,9,0.0,9.0,0.0,18,0.0,18.0,0.0
262,Nat & Kat,252,25,USA17,Doctors,,2,0,2,All-Female,33.0,2.828427125,,12,1,12,1.0,5,0.4166666667,0.4166666667,0,0.0,3.083333333,2.466441431,2.76056338,0.6576388889,0.3564956106,741.174498,,2.0,7.0,8.0,1.0,1.0,4.0,1.0,5.0,3.0,1.0,3.0,1.0,,,,,,,,,,,,,,Nat & Kat (USA17),1,10,10.0,0.0,1.0,71,46.0,25.0,0.6478873239
263,Brook & Claire,253,25,USA17,Home Shopping Hosts,,2,0,2,All-Female,28.5,2.121320344,,12,2,12,1.0,1,0.08333333333,0.08333333333,0,0.0,3.166666667,1.466804401,3.014084507,0.5891865079,0.2389473164,441.3378135,,4.0,1.0,6.0,3.0,5.0,2.0,2.0,4.0,4.0,3.0,2.0,2.0,,,,,,,,,,,,,,Brook & Claire (USA17),1,10,9.0,1.0,0.9,71,45.0,26.0,0.6338028169
264,Jill & Thomas,254,25,USA17,Dating,,2,1,1,Co-Ed,28.5,2.121320344,,12,3,12,1.0,4,0.3333333333,0.3333333333,1,0.08333333333,3.0,2.044949433,3.028169014,0.6516534392,0.3345383733,749.5187906,,1.0,5.0,7.0,5.0,3.0,1.0,5.0,2.0,1.0,2.0,1.0,3.0,,,,,,,,,,,,,,Jill & Thomas (USA17),1,10,8.0,2.0,0.8,71,47.0,24.0,0.661971831
265,Nick & Vicki,255,25,USA17,Dating,,2,1,1,Co-Ed,26.0,0.0,,11,4,11,0.9166666667,0,0.0,0.0,3,0.2727272727,5.272727273,2.412090757,5.427536232,0.3181457431,0.2802143752,-480.1033173,,10.0,8.0,5.0,6.0,6.0,7.0,3.0,3.0,2.0,4.0,4.0,,,,,,,,,,,,,,,Nick & Vicki (USA17),1,10,7.0,3.0,0.7,69,22.0,47.0,0.3188405797
266,Chad & Stephanie,256,25,USA17,Engaged,,2,1,1,Co-Ed,24.5,2.121320344,,9,5,9,0.75,1,0.1111111111,0.08333333333,1,0.1111111111,5.111111111,2.204792759,5.111111111,0.4010582011,0.3299834032,-284.3004579,,8.0,4.0,3.0,7.0,7.0,5.0,6.0,1.0,5.0,,,,,,,,,,,,,,,,,Chad & Stephanie (USA17),1,10,6.0,4.0,0.6,63,26.0,37.0,0.4126984127
267,Gary & Mallory,257,25,USA17,Father/Daughter,,2,1,1,Co-Ed,38.5,20.50609665,,8,6,8,0.6666666667,0,0.0,0.0,1,0.125,4.625,2.55999442,4.686440678,0.4856150794,0.3624305435,-32.00825861,,6.0,9.0,2.0,2.0,2.0,6.0,4.0,6.0,,,,,,,,,,,,,,,,,,Gary & Mallory (USA17),1,10,5.0,5.0,0.5,59,30.0,29.0,0.5084745763
268,Michael & Kevin,258,25,USA17,Father/Son,,2,2,0,All-Male,39.0,26.87005769,,7,7,7,0.5833333333,0,0.0,0.0,2,0.2857142857,5.285714286,2.360387377,5.444444444,0.4344104308,0.3176873126,-180.1815317,,7.0,3.0,9.0,4.0,4.0,3.0,7.0,,,,,,,,,,,,,,,,,,,Michael & Kevin (USA17),1,10,4.0,6.0,0.4,54,24.0,30.0,0.4444444444
269,Katie & Rachel,259,25,USA17,Beach Volleyball Partners,,2,0,2,All-Female,23.5,0.7071067812,,5,8,5,0.4166666667,0,0.0,0.0,1,0.2,5.4,2.607680962,5.452380952,0.4477777778,0.3721050811,-198.2460626,,5.0,2.0,4.0,8.0,8.0,,,,,,,,,,,,,,,,,,,,,Katie & Rachel (USA17),1,10,3.0,7.0,0.3,42,20.0,22.0,0.4761904762
270,Connor & Jonathan,260,25,USA17,Ivy League A Cappella Singers,,2,2,0,All-Male,22.0,0.0,,4,9,4,0.3333333333,1,0.25,0.08333333333,1,0.25,4.75,3.5,4.857142857,0.5611111111,0.4389943614,97.75021997,,3.0,6.0,1.0,9.0,,,,,,,,,,,,,,,,,,,,,,Connor & Jonathan (USA17),1,10,2.0,8.0,0.2,35,20.0,15.0,0.5714285714
271,Andie & Jenna,261,25,USA17,Birth Mom/Daughter,,2,0,2,All-Female,32.0,15.55634919,,2,10,2,0.1666666667,0,0.0,0.0,1,0.5,9.5,0.7071067812,9.5,0.1,0.1414213562,-508.9985321,,9.0,10.0,,,,,,,,,,,,,,,,,,,,,,,,Andie & Jenna (USA17),1,10,1.0,9.0,0.1,19,2.0,17.0,0.1052631579
272,Ron & Tony,262,25,USA17,Best Friends,,2,2,0,All-Male,43.5,2.121320344,,1,11,1,0.08333333333,0,0.0,0.0,1,1.0,11.0,,11.0,0.0,,-345.9431619,,11.0,,,,,,,,,,,,,,,,,,,,,,,,,Ron & Tony (USA17),1,10,0.0,10.0,0.0,10,0.0,10.0,0.0
273,Mauricio & Carlos,263,26,LAM2,Brothers,,2,2,0,All-Male,37.5,2.121320344,,13,1,13,1.0,4,0.3076923077,0.3076923077,0,0.0,2.230769231,1.091928428,2.012658228,0.7877594628,0.1863450436,1318.263002,,3.0,1.0,3.0,2.0,1.0,4.0,4.0,3.0,2.0,2.0,1.0,2.0,1.0,,,,,,,,,,,,,Mauricio & Carlos (LAM2),5,10,10.0,0.0,1.0,79,63.0,16.0,0.7974683544
274,Toño & Lili,264,26,LAM2,Married,,2,1,1,Co-Ed,37.0,1.414213562,,13,2,13,1.0,5,0.3846153846,0.3846153846,0,0.0,2.076923077,1.382120259,1.974683544,0.8228937729,0.1888060171,1526.505268,,6.0,2.0,1.0,3.0,2.0,2.0,3.0,1.0,1.0,1.0,2.0,1.0,2.0,,,,,,,,,,,,,Toño & Lili (LAM2),5,10,9.0,1.0,0.9,79,65.0,14.0,0.8227848101
275,Aleandra & Marlene,265,26,LAM2,Friends,,2,0,2,All-Female,40.0,1.414213562,,13,3,13,1.0,0,0.0,0.0,3,0.2307692308,5.230769231,2.006400016,5.17721519,0.271978022,0.2111502392,-642.9528157,,8.0,5.0,7.0,7.0,7.0,7.0,7.0,5.0,3.0,3.0,3.0,3.0,3.0,,,,,,,,,,,,,Aleandra & Marlene (LAM2),5,10,8.0,2.0,0.8,79,24.0,55.0,0.3037974684
276,Guilherme & Vinícius,266,26,LAM2,Childhood Friends,,2,2,0,All-Male,27.5,3.535533906,,11,4,11,0.8461538462,0,0.0,0.0,1,0.09090909091,4.909090909,1.578261414,4.726666667,0.3943001443,0.239985832,-280.282367,,7.0,7.0,6.0,5.0,3.0,5.0,6.0,2.0,5.0,4.0,4.0,,,,,,,,,,,,,,,Guilherme & Vinícius (LAM2),5,10,7.0,3.0,0.7,75,32.0,43.0,0.4266666667
277,Esteban & Marisol,267,26,LAM2,Married,,2,1,1,Co-Ed,34.0,1.414213562,,10,5,10,0.7692307692,0,0.0,0.0,1,0.1,5.0,2.160246899,4.888888889,0.4413888889,0.2532689923,-71.65060796,,9.0,8.0,5.0,4.0,6.0,3.0,2.0,4.0,4.0,5.0,,,,,,,,,,,,,,,,Esteban & Marisol (LAM2),5,10,6.0,4.0,0.6,72,32.0,40.0,0.4444444444
278,Marietta & José,268,26,LAM2,Dating,,2,1,1,Co-Ed,25.0,2.828427125,,9,6,9,0.6923076923,0,0.0,0.0,1,0.1111111111,6.444444444,1.810463415,6.404411765,0.2611552028,0.2086705929,-821.3069556,,4.0,9.0,9.0,8.0,5.0,6.0,5.0,6.0,6.0,,,,,,,,,,,,,,,,,Marietta & José (LAM2),5,10,5.0,5.0,0.5,68,19.0,49.0,0.2794117647
279,Edison & Edison,269,26,LAM2,Father/Son,,2,2,0,All-Male,41.0,21.21320344,,8,7,8,0.6153846154,3,0.375,0.2307692308,1,0.125,3.0,2.20389266,3.031746032,0.7325396825,0.3430408091,810.2920481,,5.0,3.0,2.0,1.0,4.0,1.0,1.0,7.0,,,,,,,,,,,,,,,,,,Edison & Edison (LAM2),5,10,4.0,6.0,0.4,63,47.0,16.0,0.746031746
280,Jelkin & Javier,270,26,LAM2,Engaged,,2,1,1,Co-Ed,32.5,4.949747468,,6,8,6,0.4615384615,1,0.1666666667,0.07692307692,2,0.3333333333,6.166666667,2.714160398,6.166666667,0.349537037,0.3760188491,-518.8375586,,1.0,6.0,8.0,6.0,8.0,8.0,,,,,,,,,,,,,,,,,,,,Jelkin & Javier (LAM2),5,10,3.0,7.0,0.3,51,20.0,31.0,0.3921568627
281,Roger & Omar,271,26,LAM2,Friends,,2,2,0,All-Male,27.5,2.121320344,,4,9,4,0.3076923077,0,0.0,0.0,1,0.25,4.75,2.986078811,4.648648649,0.5666666667,0.3915780041,97.0516508,,2.0,4.0,4.0,9.0,,,,,,,,,,,,,,,,,,,,,,Roger & Omar (LAM2),5,10,2.0,8.0,0.2,37,22.0,15.0,0.5945945946
282,Mauricio & Mariana,272,26,LAM2,Siblings,,2,1,1,Co-Ed,40.5,2.121320344,,3,10,3,0.2307692308,0,0.0,0.0,2,0.6666666667,10.33333333,0.5773502692,10.17241379,0.03333333333,0.05773502692,-830.5660851,,11.0,10.0,10.0,,,,,,,,,,,,,,,,,,,,,,,Mauricio & Mariana (LAM2),5,10,1.0,9.0,0.1,29,1.0,28.0,0.03448275862
283,Susy & Stefany,273,26,LAM2,Mother/Daughter,,2,0,2,All-Female,33.5,14.8492424,,2,11,2,0.1538461538,0,0.0,0.0,1,0.5,10.5,0.7071067812,10.5,0.05,0.07071067812,-586.515579,,10.0,11.0,,,,,,,,,,,,,,,,,,,,,,,,Susy & Stefany (LAM2),5,10,0.0,10.0,0.0,20,1.0,19.0,0.05
284,Kisha & Jen,190,27,USA18,Sisters,,2,0,2,All-Female,28.0,2.828427125,,12,1,12,1.0,1,0.08333333333,0.08333333333,0,0.0,3.333333333,1.435481125,2.818181818,0.6550595238,0.1904194484,896.5849955,,3.0,4.0,4.0,5.0,4.0,6.0,3.0,4.0,2.0,2.0,2.0,1.0,,,,,,,,,,,,,,Kisha & Jen (USA18),1,10,10.0,0.0,1.0,77,49.0,28.0,0.6363636364
285,Flight Time & Big Easy,212,27,USA18,Harlem Globetrotters,,2,2,0,All-Male,31.5,3.535533906,,12,2,12,1.0,2,0.1666666667,0.1666666667,0,0.0,3.75,2.137330536,3.357142857,0.5651455026,0.2998087238,729.7313546,,5.0,2.0,5.0,6.0,6.0,7.0,1.0,2.0,5.0,1.0,3.0,2.0,,,,,,,,,,,,,,Flight Time & Big Easy (USA18),1,10,9.0,1.0,0.9,77,44.0,33.0,0.5714285714
286,Gary & Mallory,257,27,USA18,Father/Daughter,,2,1,1,Co-Ed,39.0,19.79898987,,12,3,12,1.0,3,0.25,0.25,2,0.1666666667,3.25,2.340357393,3.103896104,0.5928240741,0.3814998943,640.1735973,,1.0,9.0,2.0,3.0,2.0,1.0,4.0,6.0,4.0,3.0,1.0,3.0,,,,,,,,,,,,,,Gary & Mallory (USA18),1,10,8.0,2.0,0.8,77,50.0,27.0,0.6493506494
287,Zev & Justin,217,27,USA18,Best Friends,,2,2,0,All-Male,29.5,2.121320344,,11,4,11,0.9166666667,4,0.3636363636,0.3333333333,1,0.09090909091,3.454545455,2.621588693,3.34,0.6004329004,0.4048467253,591.338848,,4.0,1.0,1.0,8.0,8.0,4.0,2.0,1.0,1.0,4.0,4.0,,,,,,,,,,,,,,,Zev & Justin (USA18),1,10,7.0,3.0,0.7,75,48.0,27.0,0.64
288,Kent & Vyxsin,139,27,USA18,Dating Goths,,2,1,1,Co-Ed,24.5,0.7071067812,,10,5,10,0.8333333333,0,0.0,0.0,2,0.2,6.0,2.309401077,5.861111111,0.3128571429,0.2318444018,-303.5775223,,10.0,7.0,7.0,9.0,5.0,5.0,6.0,3.0,3.0,5.0,,,,,,,,,,,,,,,,Kent & Vyxsin (USA18),1,10,6.0,4.0,0.6,72,22.0,50.0,0.3055555556
289,Jet & Cord,222,27,USA18,Cowboys,,2,2,0,All-Male,30.5,0.7071067812,,9,6,9,0.75,1,0.1111111111,0.08333333333,2,0.2222222222,4.555555556,3.04594448,4.529411765,0.5011022928,0.3919549213,469.4531046,,11.0,3.0,6.0,2.0,1.0,2.0,5.0,5.0,6.0,,,,,,,,,,,,,,,,,Jet & Cord (USA18),1,10,5.0,5.0,0.5,68,36.0,32.0,0.5294117647
290,Ron & Christina,136,27,USA18,Father/Daughter,,2,1,1,Co-Ed,45.0,22.627417,,7,7,7,0.5833333333,0,0.0,0.0,1,0.1428571429,6.0,2.708012802,5.827586207,0.3952947846,0.3094246236,151.0680989,,8.0,10.0,3.0,4.0,7.0,3.0,7.0,,,,,,,,,,,,,,,,,,,Ron & Christina (USA18),1,10,4.0,6.0,0.4,58,23.0,35.0,0.3965517241
291,Margie & Luke,189,27,USA18,Mother/Son,,2,1,1,Co-Ed,39.0,19.79898987,,6,8,6,0.5,1,0.1666666667,0.08333333333,1,0.1666666667,5.333333333,2.875181154,5.25,0.4953703704,0.3631891774,439.2376773,,7.0,5.0,8.0,1.0,3.0,8.0,,,,,,,,,,,,,,,,,,,,Margie & Luke (USA18),1,10,3.0,7.0,0.3,52,26.0,26.0,0.5
292,Jaime & Cara,188,27,USA18,Former NFL Cheerleaders,,2,0,2,All-Female,30.0,2.828427125,,5,9,5,0.4166666667,0,0.0,0.0,1,0.2,7.8,1.303840481,7.8,0.2322222222,0.1905320685,-447.0097444,,6.0,8.0,9.0,7.0,9.0,,,,,,,,,,,,,,,,,,,,,Jaime & Cara (USA18),1,10,2.0,8.0,0.2,45,11.0,34.0,0.2444444444
293,Mel & Mike,192,27,USA18,Father/Son,,2,2,0,All-Male,55.0,21.21320344,,3,10,3,0.25,0,0.0,0.0,1,0.3333333333,8.333333333,2.081665999,8.206896552,0.2333333333,0.2516611478,-195.0461226,,9.0,6.0,10.0,,,,,,,,,,,,,,,,,,,,,,,Mel & Mike (USA18),1,10,1.0,9.0,0.1,29,7.0,22.0,0.2413793103
294,Amanda & Kris,194,27,USA18,Engaged,,2,1,1,Co-Ed,26.0,1.414213562,,2,11,2,0.1666666667,0,0.0,0.0,1,0.5,6.5,6.363961031,6.5,0.45,0.6363961031,60.28292867,,2.0,11.0,,,,,,,,,,,,,,,,,,,,,,,,Amanda & Kris (USA18),1,10,0.0,10.0,0.0,20,9.0,11.0,0.45
295,Tyler & Nathan,274,28,AUS1,Surfers,,2,2,0,All-Male,25.0,0.0,,12,1,12,1.0,4,0.3333333333,0.3333333333,0,0.0,2.25,1.422226168,2.041666667,0.7710648148,0.2279608107,1234.069773,,6.0,1.0,3.0,2.0,1.0,1.0,2.0,2.0,3.0,3.0,2.0,1.0,,,,,,,,,,,,,,Tyler & Nathan (AUS1),7,10,10.0,0.0,1.0,72,57.0,15.0,0.7916666667
296,Sam & Renae,275,28,AUS1,Models,,2,0,2,All-Female,22.5,0.7071067812,,12,2,12,1.0,2,0.1666666667,0.1666666667,1,0.08333333333,4.083333333,2.108783938,3.826388889,0.4603835979,0.3101108981,87.40152503,,1.0,5.0,8.0,5.0,6.0,6.0,4.0,3.0,4.0,4.0,1.0,2.0,,,,,,,,,,,,,,Sam & Renae (AUS1),7,10,9.0,1.0,0.9,72,35.0,37.0,0.4861111111
297,Jeff & Luke,276,28,AUS1,Father & Son,,2,2,0,All-Male,46.0,19.79898987,,12,3,12,1.0,1,0.08333333333,0.08333333333,1,0.08333333333,3.166666667,1.267304465,3.166666667,0.6000330688,0.2487027693,628.1128264,,4.0,4.0,6.0,4.0,3.0,3.0,3.0,1.0,2.0,2.0,3.0,3.0,,,,,,,,,,,,,,Jeff & Luke (AUS1),7,10,8.0,2.0,0.8,72,46.0,26.0,0.6388888889
298,Matt & Tom,277,28,AUS1,Farmers,,2,2,0,All-Male,26.0,0.0,,11,4,11,0.9166666667,3,0.2727272727,0.25,2,0.1818181818,3.272727273,1.902151891,3.321428571,0.6011544012,0.3909070348,526.4165275,,5.0,2.0,5.0,1.0,2.0,4.0,6.0,5.0,1.0,1.0,4.0,,,,,,,,,,,,,,,Matt & Tom (AUS1),7,10,7.0,3.0,0.7,70,45.0,25.0,0.6428571429
299,Dave & Kelly,278,28,AUS1,Married Bikers,,2,1,1,Co-Ed,44.5,10.60660172,,9,5,9,0.75,0,0.0,0.0,1,0.1111111111,4.555555556,1.236033081,4.5,0.4384920635,0.2627340766,-168.191588,,2.0,6.0,4.0,6.0,4.0,5.0,5.0,4.0,5.0,,,,,,,,,,,,,,,,,Dave & Kelly (AUS1),7,10,6.0,4.0,0.6,64,32.0,32.0,0.5
300,Chris & Anastasia,279,28,AUS1,Dating,,2,1,1,Co-Ed,22.0,1.414213562,,8,6,8,0.6666666667,1,0.125,0.08333333333,1,0.125,4.5,2.507132682,4.5,0.5324404762,0.3626333909,209.1027724,,7.0,3.0,7.0,3.0,7.0,2.0,1.0,6.0,,,,,,,,,,,,,,,,,,Chris & Anastasia (AUS1),7,10,5.0,5.0,0.5,60,32.0,28.0,0.5333333333
301,Alana & Mel,280,28,AUS1,Reunited Sisters,,2,0,2,All-Female,26.5,2.121320344,,6,7,6,0.5,0,0.0,0.0,1,0.1666666667,6.5,2.738612788,6.28,0.3279100529,0.3134156695,-447.7688855,,8.0,10.0,2.0,7.0,5.0,7.0,,,,,,,,,,,,,,,,,,,,Alana & Mel (AUS1),7,10,4.0,6.0,0.4,50,17.0,33.0,0.34
302,Mo & Mos,281,28,AUS1,Friends,,2,2,0,All-Male,25.5,0.7071067812,,5,8,5,0.4166666667,0,0.0,0.0,2,0.4,8.6,1.516575089,8.340909091,0.1272222222,0.1635872931,-937.8130364,,11.0,7.0,9.0,8.0,8.0,,,,,,,,,,,,,,,,,,,,,Mo & Mos (AUS1),7,10,3.0,7.0,0.3,44,6.0,38.0,0.1363636364
303,Richard & Joey,282,28,AUS1,Married Entrepreneurs,,2,1,1,Co-Ed,29.5,0.7071067812,,4,9,4,0.3333333333,1,0.25,0.08333333333,1,0.25,7.25,4.193248542,7.081081081,0.325,0.4573474245,-357.0244066,,10.0,9.0,1.0,9.0,,,,,,,,,,,,,,,,,,,,,,Richard & Joey (AUS1),7,10,2.0,8.0,0.2,37,12.0,25.0,0.3243243243
304,Anne-Marie & Tracy,283,28,AUS1,Workmates,,2,0,2,All-Female,49.5,4.949747468,,3,10,3,0.25,0,0.0,0.0,1,0.3333333333,9.0,1.0,8.862068966,0.1666666667,0.1527525232,-608.7559641,,9.0,8.0,10.0,,,,,,,,,,,,,,,,,,,,,,,Anne-Marie & Tracy (AUS1),7,10,1.0,9.0,0.1,29,5.0,24.0,0.1724137931
305,Ryot & Liberty,284,28,AUS1,Brother & Sister,,2,1,1,Co-Ed,25.0,2.828427125,,2,11,2,0.1666666667,0,0.0,0.0,1,0.5,7.0,5.656854249,7.0,0.4,0.5656854249,-165.5495433,,3.0,11.0,,,,,,,,,,,,,,,,,,,,,,,,Ryot & Liberty (AUS1),7,10,0.0,10.0,0.0,20,8.0,12.0,0.4
306,Lily & Jan,285,29,CHR2,Dating Couple,,2,1,1,Co-Ed,27.5,2.121320344,,12,1,12,1.0,4,0.3333333333,0.3333333333,0,0.0,2.75,1.95982374,2.52173913,0.7308201058,0.2785610136,1067.189574,,3.0,5.0,7.0,3.0,2.0,1.0,5.0,1.0,2.0,1.0,2.0,1.0,,,,,,,,,,,,,,Lily & Jan (CHR2),6,10,10.0,0.0,1.0,69,48.0,21.0,0.6956521739
307,Simon & Katherine,286,29,CHR2,Dating Long Distance,,2,1,1,Co-Ed,28.5,6.363961031,,12,2,12,1.0,0,0.0,0.0,0,0.0,4.75,1.764549904,4.586956522,0.3555224868,0.1405785144,-358.8735003,,6.0,8.0,6.0,6.0,5.0,6.0,3.0,5.0,4.0,3.0,3.0,2.0,,,,,,,,,,,,,,Simon & Katherine (CHR2),6,10,9.0,1.0,0.9,69,24.0,45.0,0.347826087
308,Sun Bin & Hao Fei'er,287,29,CHR2,Recording Artists,,2,1,1,Co-Ed,25.5,0.7071067812,,12,3,12,1.0,4,0.3333333333,0.3333333333,1,0.08333333333,2.916666667,2.712205856,3.0,0.674537037,0.3604652992,857.8425372,,8.0,9.0,1.0,1.0,1.0,2.0,2.0,2.0,3.0,2.0,1.0,3.0,,,,,,,,,,,,,,Sun Bin & Hao Fei'er (CHR2),6,10,8.0,2.0,0.8,69,46.0,23.0,0.6666666667
309,Matt & Kylie,288,29,CHR2,International Students in China,,2,1,1,Co-Ed,27.0,1.414213562,,11,4,11,0.9166666667,1,0.09090909091,0.08333333333,1,0.09090909091,4.363636364,2.419616799,4.589552239,0.4511904762,0.3029152572,-38.52449643,,10.0,7.0,2.0,4.0,4.0,5.0,4.0,3.0,1.0,4.0,4.0,,,,,,,,,,,,,,,Matt & Kylie (CHR2),6,10,7.0,3.0,0.7,67,30.0,37.0,0.447761194
310,Mary & Cecilia,289,29,CHR2,Cousins/Students in Canada,,2,0,2,All-Female,21.0,1.414213562,,10,5,10,0.8333333333,3,0.3,0.25,2,0.2,4.2,2.529822128,4.5,0.433452381,0.4209778663,-255.6398103,,1.0,1.0,8.0,7.0,6.0,4.0,1.0,4.0,5.0,5.0,,,,,,,,,,,,,,,,Mary & Cecilia (CHR2),6,10,6.0,4.0,0.6,64,32.0,32.0,0.5
311,Elena & Tameka,290,29,CHR2,Fitness Fanatics,,2,0,2,All-Female,28.0,0.0,,8,6,8,0.6666666667,0,0.0,0.0,2,0.25,4.0,2.0,4.214285714,0.5286706349,0.3586213884,53.93688685,,7.0,2.0,3.0,2.0,3.0,3.0,6.0,6.0,,,,,,,,,,,,,,,,,,Elena & Tameka (CHR2),6,10,5.0,5.0,0.5,56,32.0,24.0,0.5714285714
312,Rhett & Howie,291,29,CHR2,30 Year China Veterans,,2,2,0,All-Male,50.5,2.121320344,,6,7,6,0.5,0,0.0,0.0,2,0.3333333333,5.666666667,1.211060142,5.869565217,0.3496693122,0.2822118234,-448.1907215,,5.0,6.0,4.0,5.0,7.0,7.0,,,,,,,,,,,,,,,,,,,,Rhett & Howie (CHR2),6,10,4.0,6.0,0.4,46,18.0,28.0,0.3913043478
313,Summer & Eachen,292,29,CHR2,Newly Dating/Childhood Friends,,2,1,1,Co-Ed,24.5,0.7071067812,,4,8,4,0.3333333333,0,0.0,0.0,1,0.25,5.25,1.892969449,5.25,0.4666666667,0.3231786572,-95.57975768,,4.0,4.0,5.0,8.0,,,,,,,,,,,,,,,,,,,,,,Summer & Eachen (CHR2),6,10,3.0,7.0,0.3,34,17.0,17.0,0.5
314,Xiao Long & Lv Meng,293,29,CHR2,Wushu Coaches,,2,2,0,All-Male,36.0,0.0,,3,9,3,0.25,0,0.0,0.0,1,0.3333333333,4.666666667,3.785938897,4.666666667,0.5592592593,0.4881728763,72.78098236,,2.0,3.0,9.0,,,,,,,,,,,,,,,,,,,,,,,Xiao Long & Lv Meng (CHR2),6,10,2.0,8.0,0.2,27,16.0,11.0,0.5925925926
315,A Lai & Jackie,294,29,CHR2,Mother/Son,,2,1,1,Co-Ed,35.0,16.97056275,,2,10,2,0.1666666667,0,0.0,0.0,1,0.5,9.5,0.7071067812,9.5,0.1,0.1414213562,-508.9985321,,9.0,10.0,,,,,,,,,,,,,,,,,,,,,,,,A Lai & Jackie (CHR2),6,10,1.0,9.0,0.1,19,2.0,17.0,0.1052631579
316,Paul & Nash,295,29,CHR2,Expat Teachers,,2,2,0,All-Male,32.5,6.363961031,,1,11,1,0.08333333333,0,0.0,0.0,1,1.0,11.0,,11.0,0.0,,-345.9431619,,11.0,,,,,,,,,,,,,,,,,,,,,,,,,Paul & Nash (CHR2),6,10,0.0,10.0,0.0,10,0.0,10.0,0.0
317,Ernie & Cindy,296,30,USA19,Engaged,,2,1,1,Co-Ed,29.5,0.7071067812,,12,1,12,1.0,3,0.25,0.25,0,0.0,2.833333333,1.585922922,2.527777778,0.7021825397,0.2295556424,923.2375486,,1.0,4.0,5.0,5.0,3.0,5.0,2.0,1.0,2.0,3.0,2.0,1.0,,,,,,,,,,,,,,Ernie & Cindy (USA19),1,10,10.0,0.0,1.0,72,50.0,22.0,0.6944444444
318,Jeremy & Sandy,297,30,USA19,Dating,,2,1,1,Co-Ed,34.0,1.414213562,,12,2,12,1.0,1,0.08333333333,0.08333333333,0,0.0,3.583333333,1.928651594,3.368055556,0.5658730159,0.2836911294,389.9559846,,2.0,6.0,3.0,3.0,7.0,3.0,6.0,5.0,3.0,2.0,1.0,2.0,,,,,,,,,,,,,,Jeremy & Sandy (USA19),1,10,9.0,1.0,0.9,72,41.0,31.0,0.5694444444
319,Amani & Marcus,298,30,USA19,Married,,2,1,1,Co-Ed,37.5,2.121320344,,12,3,12,1.0,2,0.1666666667,0.1666666667,2,0.1666666667,4.416666667,2.353269808,4.416666667,0.4120039683,0.3259812496,-131.4503746,,5.0,9.0,6.0,6.0,1.0,7.0,4.0,4.0,1.0,4.0,3.0,3.0,,,,,,,,,,,,,,Amani & Marcus (USA19),1,10,8.0,2.0,0.8,72,31.0,41.0,0.4305555556
320,Andy & Tommy,299,30,USA19,Pro Snowboarders,,2,2,0,All-Male,31.0,1.414213562,,11,4,11,0.9166666667,6,0.5454545455,0.5,1,0.09090909091,2.636363636,2.110579412,2.671428571,0.6980519481,0.3749842297,830.3015209,,7.0,1.0,1.0,1.0,5.0,1.0,1.0,3.0,4.0,1.0,4.0,,,,,,,,,,,,,,,Andy & Tommy (USA19),1,10,7.0,3.0,0.7,70,52.0,18.0,0.7428571429
321,Bill & Cathi,300,30,USA19,Grandparents,,2,1,1,Co-Ed,62.5,0.7071067812,,10,5,10,0.8333333333,0,0.0,0.0,3,0.3,5.5,2.758824226,5.701492537,0.3283333333,0.3352936499,-439.2986636,,11.0,7.0,7.0,7.0,2.0,6.0,3.0,2.0,5.0,5.0,,,,,,,,,,,,,,,,Bill & Cathi (USA19),1,10,6.0,4.0,0.6,67,22.0,45.0,0.328358209
322,Laurence & Zac,301,30,USA19,Father/Son Adventurers,,2,2,0,All-Male,33.5,20.50609665,,8,6,8,0.6666666667,0,0.0,0.0,1,0.125,4.375,1.685018016,4.43220339,0.4956845238,0.2998271405,-44.71133755,,6.0,2.0,2.0,4.0,6.0,4.0,5.0,6.0,,,,,,,,,,,,,,,,,,Laurence & Zac (USA19),1,10,5.0,5.0,0.5,59,32.0,27.0,0.5423728814
323,Justin & Jennifer,302,30,USA19,Siblings,,2,1,1,Co-Ed,28.5,3.535533906,,7,7,7,0.5833333333,0,0.0,0.0,1,0.1428571429,4.285714286,2.360387377,4.407407407,0.5695578231,0.3176793816,218.5511007,,3.0,8.0,4.0,2.0,4.0,2.0,7.0,,,,,,,,,,,,,,,,,,,Justin & Jennifer (USA19),1,10,4.0,6.0,0.4,54,31.0,23.0,0.5740740741
324,Liz & Marie,303,30,USA19,Twins,,2,0,2,All-Female,24.0,0.0,,5,8,5,0.4166666667,0,0.0,0.0,2,0.4,7.8,1.788854382,7.880952381,0.165,0.2497498749,-839.2407536,,10.0,5.0,8.0,8.0,8.0,,,,,,,,,,,,,,,,,,,,,Liz & Marie (USA19),1,10,3.0,7.0,0.3,42,8.0,34.0,0.1904761905
325,Kaylani & Lisa,304,30,USA19,Former Vegas Showgirls,,2,0,2,All-Female,32.5,0.7071067812,,3,9,3,0.25,0,0.0,0.0,1,0.3333333333,7.0,3.464101615,6.785714286,0.3333333333,0.4163331999,-284.6473341,,9.0,3.0,9.0,,,,,,,,,,,,,,,,,,,,,,,Kaylani & Lisa (USA19),1,10,2.0,8.0,0.2,28,10.0,18.0,0.3571428571
326,Ethan & Jenna,305,30,USA19,Dating,,2,1,1,Co-Ed,33.5,4.949747468,,2,10,2,0.1666666667,0,0.0,0.0,0,0.0,7.0,4.242640687,6.7,0.4,0.4242640687,-156.50916,,4.0,10.0,,,,,,,,,,,,,,,,,,,,,,,,Ethan & Jenna (USA19),1,10,1.0,9.0,0.1,20,8.0,12.0,0.4
327,Ron & Bill,306,30,USA19,Domestic Partners,,2,2,0,All-Male,46.5,3.535533906,,2,11,2,0.1666666667,0,0.0,0.0,1,0.5,9.5,2.121320344,9.5,0.15,0.2121320344,-466.1885314,,8.0,11.0,,,,,,,,,,,,,,,,,,,,,,,,Ron & Bill (USA19),1,10,0.0,10.0,0.0,20,3.0,17.0,0.15
328,Nicolás & Cristóbal,307,31,LAM3,Twins,,2,2,0,All-Male,26.0,0.0,,13,1,13,1.0,5,0.3846153846,0.3846153846,0,0.0,2.153846154,1.068188018,1.974025974,0.8248473748,0.167690038,1638.416317,,2.0,4.0,3.0,3.0,3.0,3.0,3.0,1.0,1.0,1.0,1.0,2.0,1.0,,,,,,,,,,,,,Nicolás & Cristóbal (LAM3),5,10,10.0,0.0,1.0,77,62.0,15.0,0.8051948052
329,Felipe & Alejandro,308,31,LAM3,Friends/Doctors,,2,2,0,All-Male,33.5,0.7071067812,,13,2,13,1.0,5,0.3846153846,0.3846153846,1,0.07692307692,2.230769231,1.3634421,2.142857143,0.6769230769,0.3468468056,931.0190489,,1.0,2.0,1.0,1.0,1.0,1.0,5.0,4.0,4.0,2.0,2.0,3.0,2.0,,,,,,,,,,,,,Felipe & Alejandro (LAM3),5,10,9.0,1.0,0.9,77,61.0,16.0,0.7922077922
330,Demi & Maxi,309,31,LAM3,Cousins,,2,2,0,All-Male,25.5,0.7071067812,,13,3,13,1.0,1,0.07692307692,0.07692307692,1,0.07692307692,4.230769231,2.554533426,4.272727273,0.4933760684,0.2877800187,426.2186997,,7.0,9.0,8.0,6.0,5.0,4.0,2.0,2.0,2.0,3.0,3.0,1.0,3.0,,,,,,,,,,,,,Demi & Maxi (LAM3),5,10,8.0,2.0,0.8,77,35.0,42.0,0.4545454545
331,Rick & Kathy,310,31,LAM3,Married,,2,1,1,Co-Ed,38.0,2.828427125,,11,4,11,0.8461538462,1,0.09090909091,0.07692307692,1,0.09090909091,5.181818182,2.442055766,5.095890411,0.3747835498,0.2682261047,-147.6960393,,9.0,7.0,7.0,8.0,6.0,5.0,1.0,3.0,3.0,4.0,4.0,,,,,,,,,,,,,,,Rick & Kathy (LAM3),5,10,7.0,3.0,0.7,73,27.0,46.0,0.3698630137
332,Juan del Mar & Toya,311,31,LAM3,Dating,,2,1,1,Co-Ed,34.5,7.778174593,,10,5,10,0.7692307692,1,0.1,0.07692307692,2,0.2,3.3,1.766981104,3.3,0.564484127,0.4145265966,243.7876694,,3.0,1.0,2.0,2.0,2.0,2.0,6.0,5.0,5.0,5.0,,,,,,,,,,,,,,,,Juan del Mar & Toya (LAM3),5,10,6.0,4.0,0.6,70,47.0,23.0,0.6714285714
333,José & Marisol,312,31,LAM3,Dating,,2,1,1,Co-Ed,30.5,0.7071067812,,8,6,8,0.6153846154,0,0.0,0.0,1,0.125,5.125,1.356202682,4.991935484,0.422172619,0.2803181888,-231.5048665,,4.0,5.0,4.0,4.0,7.0,7.0,4.0,6.0,,,,,,,,,,,,,,,,,,José & Marisol (LAM3),5,10,5.0,5.0,0.5,62,29.0,33.0,0.4677419355
334,Nico & Andre,313,31,LAM3,Siblings,,2,1,1,Co-Ed,23.5,3.535533906,,7,7,7,0.5384615385,0,0.0,0.0,1,0.1428571429,5.0,1.290994449,4.929824561,0.4732426304,0.2579066789,-83.58113065,,5.0,3.0,5.0,5.0,4.0,6.0,7.0,,,,,,,,,,,,,,,,,,,Nico & Andre (LAM3),5,10,4.0,6.0,0.4,57,29.0,28.0,0.5087719298
335,Pablo & Rosario,314,31,LAM3,Friends,,2,1,1,Co-Ed,36.5,4.949747468,,6,8,6,0.4615384615,0,0.0,0.0,2,0.3333333333,6.833333333,0.9831920803,6.833333333,0.2824074074,0.2372792455,-640.4512846,,6.0,6.0,6.0,7.0,8.0,8.0,,,,,,,,,,,,,,,,,,,,Pablo & Rosario (LAM3),5,10,3.0,7.0,0.3,51,16.0,35.0,0.3137254902
336,Mónica & Rosy,315,31,LAM3,Sisters-in-Law,,2,0,2,All-Female,46.0,1.414213562,,4,9,4,0.3076923077,0,0.0,0.0,1,0.25,8.5,0.5773502692,8.297297297,0.1777777778,0.1482407118,-718.8445318,,8.0,8.0,9.0,9.0,,,,,,,,,,,,,,,,,,,,,,Mónica & Rosy (LAM3),5,10,2.0,8.0,0.2,37,7.0,30.0,0.1891891892
337,Vero & Gaba,316,31,LAM3,Friends,,2,0,2,All-Female,24.0,0.0,,3,10,3,0.2307692308,0,0.0,0.0,2,0.6666666667,10.33333333,0.5773502692,10.17241379,0.03333333333,0.05773502692,-830.8483031,,11.0,10.0,10.0,,,,,,,,,,,,,,,,,,,,,,,Vero & Gaba (LAM3),5,10,1.0,9.0,0.1,29,1.0,28.0,0.03448275862
338,Ale & Eze,317,31,LAM3,Dating,,2,1,1,Co-Ed,48.5,0.7071067812,,2,11,2,0.1538461538,0,0.0,0.0,1,0.5,10.5,0.7071067812,10.5,0.05,0.07071067812,-586.515579,,10.0,11.0,,,,,,,,,,,,,,,,,,,,,,,,Ale & Eze (LAM3),5,10,0.0,10.0,0.0,20,1.0,19.0,0.05
339,Bar & Inna,318,32,ISR2,Painter & Saleswoman,,2,0,2,All-Female,22.5,0.7071067812,,13,1,13,1.0,4,0.3076923077,0.3076923077,2,0.1538461538,4.0,2.581988897,3.910447761,0.4777472527,0.3957055781,273.5540179,,8.0,8.0,6.0,6.0,1.0,3.0,4.0,5.0,5.0,1.0,3.0,1.0,1.0,,,,,,,,,,,,,Bar & Inna (ISR2),4,10,10.0,0.0,1.0,67,28.0,39.0,0.4179104478
340,Alon & Oren,319,32,ISR2,Brothers,,2,2,0,All-Male,42.5,6.363961031,,13,2,13,1.0,3,0.2307692308,0.2307692308,0,0.0,2.0,0.7071067812,2.067164179,0.7595238095,0.2086154552,1090.255305,,3.0,1.0,2.0,2.0,2.0,2.0,1.0,1.0,3.0,2.0,2.0,3.0,2.0,,,,,,,,,,,,,Alon & Oren (ISR2),4,10,9.0,1.0,0.9,67,54.0,13.0,0.8059701493
341,Akiva & Anaelle,320,32,ISR2,Married Orthodox Jews,,2,1,1,Co-Ed,27.0,1.414213562,,13,3,13,1.0,3,0.2307692308,0.2307692308,1,0.07692307692,2.692307692,1.493575988,2.970149254,0.6421245421,0.3002304239,734.9483729,,1.0,5.0,3.0,5.0,5.0,1.0,2.0,2.0,2.0,3.0,1.0,2.0,3.0,,,,,,,,,,,,,Akiva & Anaelle (ISR2),4,10,8.0,2.0,0.8,67,45.0,22.0,0.671641791
342,Tom & Adele,321,32,ISR2,Footballer & Girlfriend,,2,1,1,Co-Ed,20.5,3.535533906,,12,4,12,0.9230769231,1,0.08333333333,0.07692307692,3,0.25,4.166666667,1.527525232,4.8,0.3704365079,0.3208331158,-348.8059015,,5.0,3.0,5.0,7.0,6.0,4.0,3.0,4.0,1.0,4.0,4.0,4.0,,,,,,,,,,,,,,Tom & Adele (ISR2),4,10,7.0,3.0,0.7,65,27.0,38.0,0.4153846154
343,Osnat & Carmit,322,32,ISR2,From Kiryat Ekron,,2,0,2,All-Female,47.5,3.535533906,,10,5,10,0.7692307692,0,0.0,0.0,2,0.2,4.7,1.33749351,5.389830508,0.338452381,0.2499949924,-496.9240867,,6.0,4.0,7.0,4.0,3.0,6.0,5.0,3.0,4.0,5.0,,,,,,,,,,,,,,,,Osnat & Carmit (ISR2),4,10,6.0,4.0,0.6,59,22.0,37.0,0.3728813559
344,Pundak & Moti,323,32,ISR2,DJ & Security Company CEO,,2,2,0,All-Male,29.0,1.414213562,,7,6,7,0.5384615385,1,0.1428571429,0.07692307692,1,0.1428571429,3.285714286,1.799470822,3.553191489,0.5916666667,0.378502165,231.3060642,,2.0,2.0,1.0,3.0,4.0,5.0,6.0,,,,,,,,,,,,,,,,,,,Pundak & Moti (ISR2),4,10,5.0,5.0,0.5,47,31.0,16.0,0.6595744681
345,Alon & Hen,324,32,ISR2,Newlyweds,,2,1,1,Co-Ed,30.0,2.828427125,,5,7,5,0.3846153846,1,0.2,0.07692307692,1,0.2,4.4,2.302172887,4.675675676,0.5292857143,0.3729741196,98.61557755,,4.0,6.0,4.0,1.0,7.0,,,,,,,,,,,,,,,,,,,,,Alon & Hen (ISR2),4,10,4.0,6.0,0.4,37,20.0,17.0,0.5405405405
346,Firass & Shira,325,32,ISR2,Muslim & Jewish Girlfriend,,2,1,1,Co-Ed,34.5,2.121320344,,3,8,3,0.2307692308,0,0.0,0.0,1,0.3333333333,7.333333333,0.5773502692,7.46,0.2166666667,0.2020725942,-469.6649714,,7.0,7.0,8.0,,,,,,,,,,,,,,,,,,,,,,,Firass & Shira (ISR2),4,10,3.0,7.0,0.3,25,6.0,19.0,0.24
347,Nitzan & Fifi,326,32,ISR2,Bakers,,2,1,1,Co-Ed,24.5,4.949747468,,2,9,2,0.1538461538,0,0.0,0.0,1,0.5,9.0,0.0,9.0,0.1,0.1414213562,-490.5866864,,9.0,9.0,,,,,,,,,,,,,,,,,,,,,,,,Nitzan & Fifi (ISR2),4,10,2.0,8.0,0.2,18,2.0,16.0,0.1111111111
348,Tal & Mor,327,32,ISR2,Mother/Daughter,,2,0,2,All-Female,41.5,17.67766953,,1,10,1,0.07692307692,0,0.0,0.0,0,0.0,10.0,,9.55,0.1,,-276.7545295,,10.0,,,,,,,,,,,,,,,,,,,,,,,,,Tal & Mor (ISR2),4,10,1.0,9.0,0.1,10,1.0,9.0,0.1
349,Gadi & Alona,328,32,ISR2,Friends,,2,1,1,Co-Ed,40.0,5.656854249,,1,11,1,0.07692307692,0,0.0,0.0,1,1.0,11.0,,11.0,0.0,,-345.9431619,,11.0,,,,,,,,,,,,,,,,,,,,,,,,,Gadi & Alona (ISR2),4,10,0.0,10.0,0.0,10,0.0,10.0,0.0
350,Rachel & Dave,329,33,USA20,Army Wife & Combat Pilot,,2,1,1,Co-Ed,31.5,2.121320344,,12,1,12,1.0,8,0.6666666667,0.6666666667,0,0.0,1.833333333,1.585922922,1.714285714,0.8836309524,0.2071902002,1733.169867,,1.0,1.0,6.0,2.0,4.0,1.0,1.0,2.0,1.0,1.0,1.0,1.0,,,,,,,,,,,,,,Rachel & Dave (USA20),1,10,10.0,0.0,1.0,70,60.0,10.0,0.8571428571
351,Art & JJ,330,33,USA20,Border Patrol Agents,,2,2,0,All-Male,42.5,0.7071067812,,12,2,12,1.0,3,0.25,0.25,0,0.0,2.25,0.9653072992,2.178571429,0.7199074074,0.2397559825,984.633791,,3.0,2.0,1.0,1.0,1.0,2.0,3.0,3.0,3.0,4.0,2.0,2.0,,,,,,,,,,,,,,Art & JJ (USA20),1,10,9.0,1.0,0.9,70,55.0,15.0,0.7857142857
352,Brendon & Rachel,331,33,USA20,PhD Student & Event Hostess,,2,1,1,Co-Ed,29.0,2.828427125,,12,3,12,1.0,0,0.0,0.0,1,0.08333333333,3.416666667,1.311372171,3.485714286,0.5241071429,0.2688742713,326.9535236,,2.0,4.0,2.0,6.0,5.0,4.0,4.0,4.0,2.0,2.0,3.0,3.0,,,,,,,,,,,,,,Brendon & Rachel (USA20),1,10,8.0,2.0,0.8,70,41.0,29.0,0.5857142857
353,Vanessa & Ralph,332,33,USA20,Dating Divorcees,,2,1,1,Co-Ed,33.5,3.535533906,,11,4,11,0.9166666667,0,0.0,0.0,1,0.09090909091,4.909090909,1.578261414,5.110294118,0.3327922078,0.2292359905,-429.6487019,,5.0,7.0,8.0,4.0,3.0,6.0,5.0,5.0,4.0,3.0,4.0,,,,,,,,,,,,,,,Vanessa & Ralph (USA20),1,10,7.0,3.0,0.7,68,25.0,43.0,0.3676470588
354,Bopper & Mark,333,33,USA20,Best Friends,,2,2,0,All-Male,43.0,2.828427125,,10,5,10,0.8333333333,1,0.1,0.08333333333,3,0.3,4.6,2.547329757,4.876923077,0.435515873,0.3807740089,-56.20812316,,9.0,3.0,4.0,8.0,6.0,3.0,2.0,1.0,5.0,5.0,,,,,,,,,,,,,,,,Bopper & Mark (USA20),1,10,6.0,4.0,0.6,65,29.0,36.0,0.4461538462
355,Nary & Jamie,334,33,USA20,Federal Agents,,2,0,2,All-Female,32.5,0.7071067812,,8,6,8,0.6666666667,0,0.0,0.0,2,0.25,5.5,0.9258200998,5.736842105,0.3186507937,0.2508320387,-585.3305302,,4.0,6.0,5.0,5.0,7.0,5.0,6.0,6.0,,,,,,,,,,,,,,,,,,Nary & Jamie (USA20),1,10,5.0,5.0,0.5,57,21.0,36.0,0.3684210526
356,"Joey ""Fitness"" & Danny",335,33,USA20,Trainer & Club Promoter,,2,2,0,All-Male,28.0,1.414213562,,6,7,6,0.5,0,0.0,0.0,1,0.1666666667,5.5,3.271085447,5.595744681,0.4406084656,0.3746907406,-67.35019632,,10.0,8.0,3.0,3.0,2.0,7.0,,,,,,,,,,,,,,,,,,,,"Joey ""Fitness"" & Danny (USA20)",1,10,4.0,6.0,0.4,47,20.0,27.0,0.4255319149
357,Kerri & Stacy,336,33,USA20,Cousins,,2,0,2,All-Female,30.0,0.0,,5,8,5,0.4166666667,0,0.0,0.0,1,0.2,6.8,1.095445115,7.012195122,0.2696825397,0.2167410768,-582.3186338,,7.0,5.0,7.0,7.0,8.0,,,,,,,,,,,,,,,,,,,,,Kerri & Stacy (USA20),1,10,3.0,7.0,0.3,41,12.0,29.0,0.2926829268
358,Elliot & Andrew,337,33,USA20,Twins,,2,2,0,All-Male,28.0,0.0,,3,9,3,0.25,0,0.0,0.0,1,0.3333333333,8.0,1.732050808,8.0,0.2037037037,0.2625453126,-529.3841775,,6.0,9.0,9.0,,,,,,,,,,,,,,,,,,,,,,,Elliot & Andrew (USA20),1,10,2.0,8.0,0.2,27,6.0,21.0,0.2222222222
359,Dave & Cherie,338,33,USA20,Married Clowns,,2,1,1,Co-Ed,44.0,0.0,,2,10,2,0.1666666667,0,0.0,0.0,1,0.5,9.0,1.414213562,9.0,0.15,0.2121320344,-448.5736564,,8.0,10.0,,,,,,,,,,,,,,,,,,,,,,,,Dave & Cherie (USA20),1,10,1.0,9.0,0.1,19,3.0,16.0,0.1578947368
360,Misa & Maiya,339,33,USA20,Sisters,,2,0,2,All-Female,26.0,1.414213562,,1,11,1,0.08333333333,0,0.0,0.0,1,1.0,11.0,,11.0,0.0,,-345.9431619,,11.0,,,,,,,,,,,,,,,,,,,,,,,,,Misa & Maiya (USA20),1,10,0.0,10.0,0.0,10,0.0,10.0,0.0
361,Morten & Truls,340,34,NOR1,Brothers,,2,2,0,All-Male,32.0,2.828427125,,13,1,13,1.0,6,0.4615384615,0.4615384615,0,0.0,2.153846154,1.573009528,2.013513514,0.7934981685,0.2857343807,1392.805157,,4.0,1.0,2.0,2.0,1.0,6.0,2.0,1.0,1.0,4.0,1.0,2.0,1.0,,,,,,,,,,,,,Morten & Truls (NOR1),8,10,10.0,0.0,1.0,74,59.0,15.0,0.7972972973
362,Karim & Khabat,341,34,NOR1,Mates,,2,2,0,All-Male,26.5,0.7071067812,,13,2,13,1.0,6,0.4615384615,0.4615384615,0,0.0,2.461538462,2.22168797,2.412162162,0.7456349206,0.2915527258,1244.999657,,1.0,9.0,4.0,1.0,2.0,1.0,1.0,3.0,3.0,1.0,3.0,1.0,2.0,,,,,,,,,,,,,Karim & Khabat (NOR1),8,10,9.0,1.0,0.9,74,55.0,19.0,0.7432432432
363,Cathrine & Michelle,342,34,NOR1,Best Friends,,2,0,2,All-Female,29.0,0.0,,13,3,13,1.0,1,0.07692307692,0.07692307692,1,0.07692307692,3.692307692,1.887883091,3.837837838,0.4740537241,0.3121174714,157.086322,,7.0,2.0,1.0,3.0,7.0,5.0,4.0,5.0,4.0,2.0,2.0,3.0,3.0,,,,,,,,,,,,,Cathrine & Michelle (NOR1),8,10,8.0,2.0,0.8,74,39.0,35.0,0.527027027
364,Frank & Ivar,343,34,NOR1,Twins,,2,2,0,All-Male,26.0,0.0,,12,4,12,0.9230769231,0,0.0,0.0,1,0.08333333333,3.916666667,1.831955405,4.159722222,0.4922619048,0.2712160727,169.5728943,,8.0,4.0,3.0,7.0,3.0,2.0,3.0,4.0,2.0,3.0,4.0,4.0,,,,,,,,,,,,,,Frank & Ivar (NOR1),8,10,7.0,3.0,0.7,72,37.0,35.0,0.5138888889
365,Kari & Bjørn,344,34,NOR1,Married,,2,1,1,Co-Ed,54.0,14.14213562,,11,5,11,0.8461538462,0,0.0,0.0,3,0.2727272727,5.0,1.673320053,5.463768116,0.3284271284,0.2739155116,-493.2778049,,9.0,5.0,5.0,6.0,4.0,4.0,5.0,2.0,5.0,5.0,5.0,,,,,,,,,,,,,,,Kari & Bjørn (NOR1),8,10,6.0,4.0,0.6,69,25.0,44.0,0.3623188406
366,Tor Einar & Cathrine,345,34,NOR1,Father/Daughter,,2,1,1,Co-Ed,32.0,14.14213562,,8,6,8,0.6153846154,0,0.0,0.0,2,0.25,5.625,1.302470181,5.868421053,0.3258928571,0.234750098,-496.3898489,,6.0,7.0,7.0,5.0,5.0,3.0,6.0,6.0,,,,,,,,,,,,,,,,,,Tor Einar & Cathrine (NOR1),8,10,5.0,5.0,0.5,57,20.0,37.0,0.350877193
367,Julie & Vichy,346,34,NOR1,Dating,,2,0,2,All-Female,29.0,1.414213562,,6,7,6,0.4615384615,0,0.0,0.0,1,0.1666666667,5.0,2.366431913,5.085106383,0.4433201058,0.3631887222,-198.864051,,2.0,3.0,8.0,4.0,6.0,7.0,,,,,,,,,,,,,,,,,,,,Julie & Vichy (NOR1),8,10,4.0,6.0,0.4,47,23.0,24.0,0.4893617021
368,Bjarne & Vilde,347,34,NOR1,Friends,,2,1,1,Co-Ed,25.5,7.778174593,,5,8,5,0.3846153846,0,0.0,0.0,2,0.4,6.2,2.049390153,6.390243902,0.3238888889,0.3367624543,-483.2820948,,3.0,6.0,6.0,8.0,8.0,,,,,,,,,,,,,,,,,,,,,Bjarne & Vilde (NOR1),8,10,3.0,7.0,0.3,41,15.0,26.0,0.3658536585
369,Martha & Elise,348,34,NOR1,Sisters,,2,0,2,All-Female,23.5,2.121320344,,3,9,3,0.2307692308,0,0.0,0.0,1,0.3333333333,9.0,1.0,9.0,0.1074074074,0.1112961422,-679.2986217,,10.0,8.0,9.0,,,,,,,,,,,,,,,,,,,,,,,Martha & Elise (NOR1),8,10,2.0,8.0,0.2,27,3.0,24.0,0.1111111111
370,Pål Christian & Ivar,349,34,NOR1,Third Cousins,,2,2,0,All-Male,35.5,4.949747468,,2,10,2,0.1538461538,0,0.0,0.0,1,0.5,7.5,3.535533906,7.5,0.3,0.4242640687,-267.408447,,5.0,10.0,,,,,,,,,,,,,,,,,,,,,,,,Pål Christian & Ivar (NOR1),8,10,1.0,9.0,0.1,19,6.0,13.0,0.3157894737
371,Kenneth & Hakan,350,34,NOR1,Co-Workers,,2,2,0,All-Male,32.0,0.0,,1,11,1,0.07692307692,0,0.0,0.0,1,1.0,11.0,,11.0,0.0,,-345.9431619,,11.0,,,,,,,,,,,,,,,,,,,,,,,,,Kenneth & Hakan (NOR1),8,10,0.0,10.0,0.0,10,0.0,10.0,0.0
372,Baggio & Thành Phúc,351,35,VIE1,Friends,,2,2,0,All-Male,22.0,0.0,,13,1,13,1.0,5,0.3846153846,0.3846153846,0,0.0,2.769230769,1.87766904,2.533333333,0.6935897436,0.3104146152,865.5857611,,6.0,2.0,1.0,3.0,1.0,6.0,5.0,3.0,1.0,3.0,3.0,1.0,1.0,,,,,,,,,,,,,Baggio & Thành Phúc (VIE1),9,9,9.0,0.0,1.0,75,52.0,23.0,0.6933333333
373,Minh Hoàng & Phương Thảo,352,35,VIE1,Dating,,2,1,1,Co-Ed,28.5,0.7071067812,,13,2,13,1.0,2,0.1538461538,0.1538461538,1,0.07692307692,4.307692308,2.250356097,4.185185185,0.4491758242,0.3010227966,1.250520765,,7.0,8.0,6.0,6.0,3.0,4.0,6.0,1.0,5.0,4.0,1.0,3.0,2.0,,,,,,,,,,,,,Minh Hoàng & Phương Thảo (VIE1),9,9,8.0,1.0,0.8888888889,75,32.0,43.0,0.4266666667
374,Thành Chung & Thanh Bằng,353,35,VIE1,Brothers,,2,2,0,All-Male,28.0,1.414213562,,13,3,13,1.0,1,0.07692307692,0.07692307692,2,0.1538461538,3.846153846,2.303842943,4.014814815,0.4851648352,0.3351837316,133.2569481,,9.0,7.0,5.0,5.0,2.0,1.0,2.0,5.0,3.0,2.0,4.0,2.0,3.0,,,,,,,,,,,,,Thành Chung & Thanh Bằng (VIE1),9,9,7.0,2.0,0.7777777778,75,38.0,37.0,0.5066666667
375,Chí Bình & Hồng Long,354,35,VIE1,Best Friends,,2,2,0,All-Male,30.0,1.414213562,,12,4,12,0.9230769231,1,0.08333333333,0.07692307692,1,0.08333333333,3.0,1.206045378,3.191780822,0.6266865079,0.2887845659,519.9630228,,2.0,4.0,3.0,2.0,5.0,3.0,4.0,2.0,4.0,1.0,2.0,4.0,,,,,,,,,,,,,,Chí Bình & Hồng Long (VIE1),9,9,6.0,3.0,0.6666666667,73,49.0,24.0,0.6712328767
376,Tuấn Anh & Xuân Sơn,355,35,VIE1,Cousins,,2,2,0,All-Male,26.5,3.535533906,,10,5,10,0.7692307692,2,0.2,0.1538461538,2,0.2,4.7,2.790858092,4.988391376,0.4320634921,0.3937581992,-206.6263294,,4.0,1.0,9.0,7.0,7.0,7.0,1.0,4.0,2.0,5.0,,,,,,,,,,,,,,,,Tuấn Anh & Xuân Sơn (VIE1),9,9,5.0,4.0,0.5555555556,67,30.0,37.0,0.447761194
377,Minh Châu & Trần Châu,356,35,VIE1,Best Friends,,2,2,0,All-Male,29.0,0.0,,8,6,8,0.6153846154,1,0.125,0.07692307692,1,0.125,4.25,1.669045921,4.427495292,0.5297619048,0.2897097182,91.4653955,,5.0,6.0,4.0,1.0,4.0,5.0,3.0,6.0,,,,,,,,,,,,,,,,,,Minh Châu & Trần Châu (VIE1),9,9,4.0,5.0,0.4444444444,59,33.0,26.0,0.5593220339
378,Gia Bình & Bảo Châu,357,35,VIE1,Co-Workers,,2,0,2,All-Female,33.5,0.7071067812,,7,7,7,0.5384615385,0,0.0,0.0,2,0.2857142857,7.0,2.581988897,7.481481481,0.2412131519,0.2909388237,-720.6908179,,10.0,9.0,7.0,8.0,6.0,2.0,7.0,,,,,,,,,,,,,,,,,,,Gia Bình & Bảo Châu (VIE1),9,9,3.0,6.0,0.3333333333,54,12.0,42.0,0.2222222222
379,Thanh Tuấn & Mỹ Trâm,358,35,VIE1,Married,,2,1,1,Co-Ed,29.5,3.535533906,,5,8,5,0.3846153846,0,0.0,0.0,1,0.2,4.0,2.34520788,4.174603175,0.6138888889,0.3557833472,221.1067586,,3.0,3.0,2.0,4.0,8.0,,,,,,,,,,,,,,,,,,,,,Thanh Tuấn & Mỹ Trâm (VIE1),9,9,2.0,7.0,0.2222222222,42,27.0,15.0,0.6428571429
380,Richie & Mimi,359,35,VIE1,Dating,,2,1,1,Co-Ed,31.0,11.3137085,,4,9,4,0.3076923077,0,0.0,0.0,2,0.5,8.75,0.9574271078,9.365079365,0.1111111111,0.1283000598,-859.1886157,,8.0,10.0,8.0,9.0,,,,,,,,,,,,,,,,,,,,,,Richie & Mimi (VIE1),9,9,1.0,8.0,0.1111111111,35,4.0,31.0,0.1142857143
381,Thanh Thủy & Minh Thoa,360,35,VIE1,Best Friends,,2,0,2,All-Female,25.0,0.0,,3,10,3,0.2307692308,1,0.3333333333,0.07692307692,1,0.3333333333,5.333333333,4.509249753,5.814814815,0.5185185185,0.5010277503,-46.12264383,,1.0,5.0,10.0,,,,,,,,,,,,,,,,,,,,,,,Thanh Thủy & Minh Thoa (VIE1),9,9,0.0,9.0,0.0,27,14.0,13.0,0.5185185185
382,Shane & Andrew,361,36,AUS2,Cops,,2,2,0,All-Male,39.0,5.656854249,,12,1,12,1.0,2,0.1666666667,0.1666666667,0,0.0,4.083333333,2.391588796,3.402597403,0.5826719577,0.2660754615,579.7259514,,8.0,7.0,6.0,5.0,5.0,6.0,3.0,2.0,2.0,1.0,3.0,1.0,,,,,,,,,,,,,,Shane & Andrew (AUS2),7,10,10.0,0.0,1.0,77,40.0,37.0,0.5194805195
383,Paul & Steve,362,36,AUS2,Workmates,,2,2,0,All-Male,28.0,1.414213562,,12,2,12,1.0,5,0.4166666667,0.4166666667,0,0.0,3.333333333,2.902454552,3.0,0.6622685185,0.3307039781,882.7035288,,10.0,6.0,5.0,6.0,1.0,1.0,1.0,1.0,1.0,4.0,2.0,2.0,,,,,,,,,,,,,,Paul & Steve (AUS2),7,10,9.0,1.0,0.9,77,49.0,28.0,0.6363636364
384,Michelle & Jo,363,36,AUS2,Cheerleader Twins,,2,0,2,All-Female,26.0,0.0,,12,3,12,1.0,1,0.08333333333,0.08333333333,1,0.08333333333,2.916666667,1.505042031,2.792207792,0.6680886243,0.2743141855,787.0141332,,7.0,2.0,3.0,4.0,2.0,2.0,2.0,3.0,3.0,3.0,1.0,3.0,,,,,,,,,,,,,,Michelle & Jo (AUS2),7,10,8.0,2.0,0.8,77,54.0,23.0,0.7012987013
385,Joseph & Grace,364,36,AUS2,Brother & Sister,,2,1,1,Co-Ed,21.5,0.7071067812,,11,4,11,0.9166666667,0,0.0,0.0,2,0.1818181818,4.909090909,1.972538743,4.726666667,0.4077922078,0.2777380512,-284.9441504,,6.0,8.0,7.0,3.0,4.0,3.0,7.0,6.0,4.0,2.0,4.0,,,,,,,,,,,,,,,Joseph & Grace (AUS2),7,10,7.0,3.0,0.7,75,32.0,43.0,0.4266666667
386,Lucy & Emilia,365,36,AUS2,Sisters,,2,0,2,All-Female,33.0,4.242640687,,10,5,10,0.8333333333,0,0.0,0.0,2,0.2,6.9,2.378141198,6.736111111,0.1917063492,0.1483186436,-1032.999576,,11.0,10.0,9.0,8.0,6.0,5.0,5.0,5.0,5.0,5.0,,,,,,,,,,,,,,,,Lucy & Emilia (AUS2),7,10,6.0,4.0,0.6,72,13.0,59.0,0.1805555556
387,James & Sarah,366,36,AUS2,Dating,,2,1,1,Co-Ed,27.5,6.363961031,,9,6,9,0.75,1,0.1111111111,0.08333333333,1,0.1111111111,5.444444444,2.603416559,5.411764706,0.3897707231,0.3359516508,-424.9816835,,3.0,9.0,8.0,1.0,7.0,7.0,4.0,4.0,6.0,,,,,,,,,,,,,,,,,James & Sarah (AUS2),7,10,5.0,5.0,0.5,68,28.0,40.0,0.4117647059
388,Sticky & Sam,367,36,AUS2,Flatmates,,2,2,0,All-Male,24.0,0.0,,8,7,8,0.6666666667,2,0.25,0.1666666667,1,0.125,3.625,2.263846285,3.666666667,0.615922619,0.3694111319,247.8220133,,5.0,1.0,1.0,2.0,3.0,4.0,6.0,7.0,,,,,,,,,,,,,,,,,,Sticky & Sam (AUS2),7,10,4.0,6.0,0.4,63,42.0,21.0,0.6666666667
389,Ross & Tarryn,368,36,AUS2,Father & Daughter,,2,1,1,Co-Ed,41.0,19.79898987,,6,8,6,0.5,1,0.1666666667,0.08333333333,2,0.3333333333,5.0,3.098386677,5.0,0.4731481481,0.4470812982,-221.163641,,1.0,4.0,2.0,7.0,8.0,8.0,,,,,,,,,,,,,,,,,,,,Ross & Tarryn (AUS2),7,10,3.0,7.0,0.3,51,27.0,24.0,0.5294117647
390,Kym & Donna,369,36,AUS2,Engaged,,2,0,2,All-Female,44.0,2.828427125,,4,9,4,0.3333333333,0,0.0,0.0,1,0.25,5.0,2.943920289,4.891891892,0.5416666667,0.3833333333,32.14069661,,2.0,5.0,4.0,9.0,,,,,,,,,,,,,,,,,,,,,,Kym & Donna (AUS2),7,10,2.0,8.0,0.2,37,21.0,16.0,0.5675675676
391,Sue & Teresa,370,36,AUS2,Hairdressers,,2,0,2,All-Female,42.0,2.828427125,,3,10,3,0.25,0,0.0,0.0,1,0.3333333333,5.666666667,3.785938897,5.586206897,0.5,0.4358898944,-38.9804917,,4.0,3.0,10.0,,,,,,,,,,,,,,,,,,,,,,,Sue & Teresa (AUS2),7,10,1.0,9.0,0.1,29,15.0,14.0,0.5172413793
392,Adam & Dane,371,36,AUS2,Cousins,,2,2,0,All-Male,29.5,0.7071067812,,2,11,2,0.1666666667,0,0.0,0.0,1,0.5,10.0,1.414213562,10.0,0.1,0.1414213562,-526.3367805,,9.0,11.0,,,,,,,,,,,,,,,,,,,,,,,,Adam & Dane (AUS2),7,10,0.0,10.0,0.0,20,2.0,18.0,0.1
393,Liu Weiwei & Lei Sheng,372,37,CHR3,Trainers,,2,2,0,All-Male,35.0,7.071067812,,12,1,12,1.0,6,0.5,0.5,0,0.0,2.5,1.678744119,2.25,0.7456349206,0.2812087636,1087.019379,,1.0,1.0,5.0,5.0,3.0,4.0,1.0,4.0,1.0,1.0,3.0,1.0,,,,,,,,,,,,,,Liu Weiwei & Lei Sheng (CHR3),6,10,10.0,0.0,1.0,72,54.0,18.0,0.75
394,Christine & Steven,373,37,CHR3,Models,,2,1,1,Co-Ed,23.5,0.7071067812,,12,2,12,1.0,0,0.0,0.0,0,0.0,4.0,2.0,3.75,0.5003306878,0.2616270464,208.7318074,,4.0,3.0,7.0,7.0,6.0,3.0,6.0,2.0,2.0,4.0,2.0,2.0,,,,,,,,,,,,,,Christine & Steven (CHR3),6,10,9.0,1.0,0.9,72,36.0,36.0,0.5
395,Ryan & Charlie,374,37,CHR3,Harvard Graduates,,2,2,0,All-Male,25.0,1.414213562,,12,3,12,1.0,3,0.25,0.25,1,0.08333333333,2.916666667,1.443375673,2.916666667,0.6343915344,0.3102644658,666.9464195,,5.0,5.0,3.0,1.0,2.0,1.0,4.0,3.0,4.0,3.0,1.0,3.0,,,,,,,,,,,,,,Ryan & Charlie (CHR3),6,10,8.0,2.0,0.8,72,49.0,23.0,0.6805555556
396,Zhang Yelin & Li Yang,375,37,CHR3,Dating Couple,,2,1,1,Co-Ed,27.0,0.0,,11,4,11,0.9166666667,1,0.09090909091,0.08333333333,2,0.1818181818,4.545454545,2.423371056,4.621428571,0.4516233766,0.3160629192,22.3920809,,9.0,4.0,6.0,3.0,8.0,5.0,5.0,1.0,3.0,2.0,4.0,,,,,,,,,,,,,,,Zhang Yelin & Li Yang (CHR3),6,10,7.0,3.0,0.7,70,31.0,39.0,0.4428571429
397,Janelle & Karin,376,37,CHR3,Socialites,,2,0,2,All-Female,22.0,1.414213562,,10,5,10,0.8333333333,1,0.1,0.08333333333,2,0.2,4.9,2.233582076,5.074626866,0.3787301587,0.3419260333,-379.2765673,,6.0,9.0,1.0,6.0,4.0,6.0,2.0,5.0,5.0,5.0,,,,,,,,,,,,,,,,Janelle & Karin (CHR3),6,10,6.0,4.0,0.6,67,28.0,39.0,0.4179104478
398,Khai Shing & Khai Sheng,377,37,CHR3,Twins,,2,1,1,Co-Ed,25.0,0.0,,8,6,8,0.6666666667,1,0.125,0.08333333333,1,0.125,3.625,2.326094213,3.669491525,0.6375496032,0.3349268772,520.9250591,,7.0,6.0,2.0,2.0,1.0,2.0,3.0,6.0,,,,,,,,,,,,,,,,,,Khai Shing & Khai Sheng (CHR3),6,10,5.0,5.0,0.5,59,38.0,21.0,0.6440677966
399,Henry & Jennifer,378,37,CHR3,Newlyweds,,2,1,1,Co-Ed,32.5,0.7071067812,,7,7,7,0.5833333333,0,0.0,0.0,2,0.2857142857,7.428571429,1.511857892,7.666666667,0.1613945578,0.1625219578,-996.2122818,,10.0,7.0,8.0,8.0,5.0,7.0,7.0,,,,,,,,,,,,,,,,,,,Henry & Jennifer (CHR3),6,10,4.0,6.0,0.4,54,9.0,45.0,0.1666666667
400,Xiao Bing & Xiao Bang,379,37,CHR3,Cousins/BBQ Performers,,2,2,0,All-Male,26.0,5.656854249,,6,8,6,0.5,0,0.0,0.0,1,0.1666666667,4.666666667,2.338090389,4.895833333,0.5046957672,0.3575976308,-83.69096106,,3.0,2.0,4.0,4.0,7.0,8.0,,,,,,,,,,,,,,,,,,,,Xiao Bing & Xiao Bang (CHR3),6,10,3.0,7.0,0.3,48,26.0,22.0,0.5416666667
401,Yu Ping & Yu Chenjing,380,37,CHR3,Farmer/Daughter,,2,1,1,Co-Ed,34.0,16.97056275,,3,9,3,0.25,0,0.0,0.0,1,0.3333333333,6.333333333,3.785938897,6.333333333,0.3740740741,0.4688221824,-252.318117,,2.0,8.0,9.0,,,,,,,,,,,,,,,,,,,,,,,Yu Ping & Yu Chenjing (CHR3),6,10,2.0,8.0,0.2,27,11.0,16.0,0.4074074074
402,Nick & Brandon,381,37,CHR3,Neighbors,,2,2,0,All-Male,28.5,2.121320344,,2,10,2,0.1666666667,0,0.0,0.0,1,0.5,9.0,1.414213562,9.0,0.15,0.2121320344,-448.5736564,,8.0,10.0,,,,,,,,,,,,,,,,,,,,,,,,Nick & Brandon (CHR3),6,10,1.0,9.0,0.1,19,3.0,16.0,0.1578947368
403,Jia Jia & Rob,382,37,CHR3,Friends/Animal Lovers,,2,1,1,Co-Ed,36.0,8.485281374,,1,11,1,0.08333333333,0,0.0,0.0,1,1.0,11.0,,11.0,0.0,,-345.9431619,,11.0,,,,,,,,,,,,,,,,,,,,,,,,,Jia Jia & Rob (CHR3),6,10,0.0,10.0,0.0,10,0.0,10.0,0.0
404,Josh & Brent,383,38,USA21,Goat Farmers,,2,2,0,All-Male,40.5,3.535533906,,12,1,12,1.0,1,0.08333333333,0.08333333333,1,0.08333333333,4.583333333,1.729862492,4.161764706,0.3758597884,0.2597946079,-310.7100169,,7.0,5.0,5.0,4.0,7.0,6.0,5.0,5.0,4.0,3.0,3.0,1.0,,,,,,,,,,,,,,Josh & Brent (USA21),1,10,10.0,0.0,1.0,68,25.0,43.0,0.3676470588
405,Jaymes & James,384,38,USA21,Chippendales,,2,2,0,All-Male,28.5,2.121320344,,12,2,12,1.0,2,0.1666666667,0.1666666667,0,0.0,3.583333333,2.678477632,3.507352941,0.5941798942,0.3101769727,623.1299848,,10.0,3.0,3.0,6.0,6.0,5.0,2.0,1.0,2.0,2.0,1.0,2.0,,,,,,,,,,,,,,Jaymes & James (USA21),1,10,9.0,1.0,0.9,68,37.0,31.0,0.5441176471
406,Trey & Lexi,385,38,USA21,Dating,,2,1,1,Co-Ed,22.5,0.7071067812,,12,3,12,1.0,3,0.25,0.25,1,0.08333333333,3.166666667,2.552479484,3.294117647,0.617228836,0.3680482854,649.9431448,,9.0,2.0,2.0,7.0,5.0,1.0,1.0,2.0,3.0,1.0,2.0,3.0,,,,,,,,,,,,,,Trey & Lexi (USA21),1,10,8.0,2.0,0.8,68,42.0,26.0,0.6176470588
407,Natalie & Nadiya,386,38,USA21,Twins,,2,0,2,All-Female,26.0,0.0,,11,4,11,0.9166666667,2,0.1818181818,0.1666666667,2,0.1818181818,3.272727273,1.420627262,3.462121212,0.5596320346,0.3331974445,294.1354596,,4.0,1.0,6.0,3.0,3.0,4.0,3.0,3.0,1.0,4.0,4.0,,,,,,,,,,,,,,,Natalie & Nadiya (USA21),1,10,7.0,3.0,0.7,66,41.0,25.0,0.6212121212
408,Abbie & Ryan,387,38,USA21,Dating Divorcees,,2,1,1,Co-Ed,33.0,2.828427125,,9,5,9,0.75,2,0.2222222222,0.1666666667,1,0.1111111111,2.777777778,1.481365736,2.866666667,0.6656084656,0.3355435042,539.3531225,,1.0,4.0,1.0,2.0,2.0,2.0,4.0,4.0,5.0,,,,,,,,,,,,,,,,,Abbie & Ryan (USA21),1,10,6.0,4.0,0.6,60,44.0,16.0,0.7333333333
409,James & Abba,388,38,USA21,Rock Star/Lawyer,,2,2,0,All-Male,49.0,5.656854249,,8,6,8,0.6666666667,2,0.25,0.1666666667,2,0.25,4.125,2.232071427,4.348214286,0.5295138889,0.3853608032,111.7188078,,6.0,6.0,4.0,1.0,1.0,3.0,6.0,6.0,,,,,,,,,,,,,,,,,,James & Abba (USA21),1,10,5.0,5.0,0.5,56,31.0,25.0,0.5535714286
410,Rob & Kelley,389,38,USA21,Married Monster Truckers,,2,1,1,Co-Ed,48.0,2.828427125,,6,7,6,0.5,0,0.0,0.0,1,0.1666666667,6.0,1.549193338,6.217391304,0.3334656085,0.2183393291,-443.3921105,,5.0,8.0,7.0,5.0,4.0,7.0,,,,,,,,,,,,,,,,,,,,Rob & Kelley (USA21),1,10,4.0,6.0,0.4,46,16.0,30.0,0.347826087
411,Gary & Will,390,38,USA21,Substitute Teachers,,2,2,0,All-Male,52.5,0.7071067812,,4,8,4,0.3333333333,0,0.0,0.0,1,0.25,8.25,0.5,8.25,0.1340277778,0.1239850773,-786.5709914,,8.0,9.0,8.0,8.0,,,,,,,,,,,,,,,,,,,,,,Gary & Will (USA21),1,10,3.0,7.0,0.3,34,5.0,29.0,0.1470588235
412,Caitlin & Brittany,391,38,USA21,Best Friends,,2,0,2,All-Female,24.5,0.7071067812,,3,9,3,0.25,0,0.0,0.0,1,0.3333333333,6.333333333,3.055050463,6.333333333,0.3777777778,0.4018475849,-245.4657842,,3.0,7.0,9.0,,,,,,,,,,,,,,,,,,,,,,,Caitlin & Brittany (USA21),1,10,2.0,8.0,0.2,27,11.0,16.0,0.4074074074
413,Amy & Daniel,392,38,USA21,Dating On and Off,,2,1,1,Co-Ed,34.0,2.828427125,,2,10,2,0.1666666667,0,0.0,0.0,1,0.5,6.0,5.656854249,6.0,0.45,0.6363961031,-86.19845455,,2.0,10.0,,,,,,,,,,,,,,,,,,,,,,,,Amy & Daniel (USA21),1,10,1.0,9.0,0.1,19,9.0,10.0,0.4736842105
414,Rob & Sheila,393,38,USA21,Lumberjack/Marketing Exec,,2,1,1,Co-Ed,48.0,5.656854249,,1,11,1,0.08333333333,0,0.0,0.0,1,1.0,11.0,,11.0,0.0,,-345.9431619,,11.0,,,,,,,,,,,,,,,,,,,,,,,,,Rob & Sheila (USA21),1,10,0.0,10.0,0.0,10,0.0,10.0,0.0
415,Daniel & César,394,39,LAM4,Friends,,2,2,0,All-Male,25.0,0.0,,13,1,13,1.0,2,0.1538461538,0.1538461538,2,0.1538461538,4.461538462,2.536907061,4.0,0.454029304,0.3448497879,213.5648804,,5.0,7.0,9.0,7.0,6.0,6.0,4.0,5.0,2.0,2.0,1.0,3.0,1.0,,,,,,,,,,,,,Daniel & César (LAM4),5,10,10.0,0.0,1.0,75,30.0,45.0,0.4
416,Fer & Ferds,395,39,LAM4,Boyfriends,,2,2,0,All-Male,32.0,0.0,,13,2,13,1.0,1,0.07692307692,0.07692307692,0,0.0,2.769230769,1.012739367,2.686666667,0.686996337,0.1555918387,963.9594297,,4.0,3.0,5.0,3.0,3.0,2.0,3.0,2.0,3.0,3.0,2.0,1.0,2.0,,,,,,,,,,,,,Fer & Ferds (LAM4),5,10,9.0,1.0,0.9,75,52.0,23.0,0.6933333333
417,Edu & Rick,396,39,LAM4,Brothers,,2,2,0,All-Male,27.0,2.828427125,,13,3,13,1.0,3,0.2307692308,0.2307692308,1,0.07692307692,2.846153846,1.573009528,2.92,0.6281135531,0.3146610983,731.3700074,,6.0,4.0,2.0,1.0,2.0,3.0,5.0,4.0,1.0,1.0,3.0,2.0,3.0,,,,,,,,,,,,,Edu & Rick (LAM4),5,10,8.0,2.0,0.8,75,51.0,24.0,0.68
418,Renan & Fran,397,39,LAM4,Friends,,2,1,1,Co-Ed,26.5,0.7071067812,,11,4,11,0.8461538462,0,0.0,0.0,1,0.09090909091,4.363636364,1.80403588,4.387323944,0.4374458874,0.2625680797,-59.04144699,,2.0,8.0,6.0,6.0,5.0,4.0,2.0,3.0,4.0,4.0,4.0,,,,,,,,,,,,,,,Renan & Fran (LAM4),5,10,7.0,3.0,0.7,71,34.0,37.0,0.4788732394
419,Ana Paula & Renata,398,39,LAM4,Friends,,2,0,2,All-Female,34.0,1.414213562,,10,5,10,0.7692307692,6,0.6,0.4615384615,2,0.2,2.4,1.837873167,2.441176471,0.7196428571,0.4134270316,842.9676714,,1.0,1.0,1.0,4.0,4.0,1.0,1.0,1.0,5.0,5.0,,,,,,,,,,,,,,,,Ana Paula & Renata (LAM4),5,10,6.0,4.0,0.6,68,54.0,14.0,0.7941176471
420,Fernanda & Cainã,399,39,LAM4,Dating,,2,1,1,Co-Ed,22.0,0.0,,8,6,8,0.6153846154,1,0.125,0.07692307692,1,0.125,4.0,1.8516402,4.0,0.55,0.3535814493,165.7749294,,3.0,5.0,4.0,2.0,1.0,5.0,6.0,6.0,,,,,,,,,,,,,,,,,,Fernanda & Cainã (LAM4),5,10,5.0,5.0,0.5,60,36.0,24.0,0.6
421,Fuzetti & Nando,400,39,LAM4,Father/Son,,2,2,0,All-Male,42.0,16.97056275,,7,7,7,0.5384615385,0,0.0,0.0,2,0.2857142857,6.142857143,2.035400978,6.236363636,0.2989795918,0.3181159613,-617.0265618,,8.0,2.0,7.0,5.0,7.0,7.0,7.0,,,,,,,,,,,,,,,,,,,Fuzetti & Nando (LAM4),5,10,4.0,6.0,0.4,55,19.0,36.0,0.3454545455
422,Gabriela & Harã,401,39,LAM4,Engaged,,2,1,1,Co-Ed,29.0,0.0,,5,8,5,0.3846153846,0,0.0,0.0,1,0.2,8.6,0.894427191,8.511627907,0.11,0.07202430145,-965.9960917,,10.0,9.0,8.0,8.0,8.0,,,,,,,,,,,,,,,,,,,,,Gabriela & Harã (LAM4),5,10,3.0,7.0,0.3,43,5.0,38.0,0.1162790698
423,Ciça & Zezão,402,39,LAM4,Mother/Son,,2,1,1,Co-Ed,41.5,21.92031022,,4,9,4,0.3076923077,0,0.0,0.0,1,0.25,6.75,2.872281323,6.75,0.3625,0.330088372,-291.9658276,,9.0,6.0,3.0,9.0,,,,,,,,,,,,,,,,,,,,,,Ciça & Zezão (LAM4),5,10,2.0,8.0,0.2,36,13.0,23.0,0.3611111111
424,Billy & Gean,403,39,LAM4,Brothers,,2,2,0,All-Male,48.5,0.7071067812,,2,10,2,0.1538461538,0,0.0,0.0,1,0.5,10.5,0.7071067812,10.025,0.05,0.07071067812,-577.5462657,,11.0,10.0,,,,,,,,,,,,,,,,,,,,,,,,Billy & Gean (LAM4),5,10,1.0,9.0,0.1,20,1.0,19.0,0.05
425,Ci & Lu,404,39,LAM4,Twins/Triathletes,,2,0,2,All-Female,25.0,0.0,,2,11,2,0.1538461538,0,0.0,0.0,1,0.5,9.0,2.828427125,9.0,0.2,0.2828427125,-406.0607246,,7.0,11.0,,,,,,,,,,,,,,,,,,,,,,,,Ci & Lu (LAM4),5,10,0.0,10.0,0.0,20,4.0,16.0,0.2
426,Anthony & Sonja,405,40,FRA1,Cyber-Friends,,2,1,1,Co-Ed,31.0,2.828427125,,10,1,10,1.0,2,0.2,0.2,2,0.2,2.9,1.91195072,2.979166667,0.6053571429,0.3706023107,437.4479312,,2.0,5.0,7.0,2.0,1.0,2.0,3.0,4.0,2.0,1.0,,,,,,,,,,,,,,,,Anthony & Sonja (FRA1),10,8,8.0,0.0,1.0,48,29.0,19.0,0.6041666667
427,Hadj & Yacim,406,40,FRA1,Childhood Friends,,2,2,0,All-Male,24.5,0.7071067812,,10,2,10,1.0,2,0.2,0.2,1,0.1,3.4,1.837873167,3.8125,0.5030952381,0.3525025709,143.8279331,,3.0,3.0,6.0,6.0,4.0,5.0,1.0,3.0,1.0,2.0,,,,,,,,,,,,,,,,Hadj & Yacim (FRA1),10,8,7.0,1.0,0.875,48,24.0,24.0,0.5
428,Stéphanie & Alice,407,40,FRA1,Surfers,,2,0,2,All-Female,30.0,1.414213562,,10,3,10,1.0,1,0.1,0.1,1,0.1,3.3,1.251665557,3.994791667,0.4807142857,0.3040261663,16.29445429,,5.0,2.0,4.0,3.0,5.0,3.0,4.0,1.0,3.0,3.0,,,,,,,,,,,,,,,,Stéphanie & Alice (FRA1),10,8,6.0,2.0,0.75,48,25.0,23.0,0.5208333333
429,Heïdi & Michel,408,40,FRA1,Bikers,,2,1,1,Co-Ed,43.0,15.55634919,,9,4,9,0.9,2,0.2222222222,0.2,1,0.1111111111,2.888888889,1.615893286,3.54076087,0.5798941799,0.34077599,293.6063216,,1.0,6.0,3.0,1.0,3.0,4.0,2.0,2.0,4.0,,,,,,,,,,,,,,,,,Heïdi & Michel (FRA1),10,8,5.0,3.0,0.625,46,29.0,17.0,0.6304347826
430,Francis & Benjamin,409,40,FRA1,Father and Son,,2,2,0,All-Male,40.5,19.09188309,,7,5,7,0.7,1,0.1428571429,0.1,1,0.1428571429,3.714285714,2.138089935,4.5625,0.5411564626,0.3616245633,174.4784388,,7.0,4.0,2.0,5.0,2.0,1.0,5.0,,,,,,,,,,,,,,,,,,,Francis & Benjamin (FRA1),10,8,4.0,4.0,0.5,40,21.0,19.0,0.525
431,Oucéni & Lassana,410,40,FRA1,Twins,,2,2,0,All-Male,28.0,0.0,,5,6,5,0.5,2,0.4,0.2,1,0.2,4.0,3.082207001,4.80859375,0.525,0.471036092,69.52424937,,8.0,1.0,1.0,4.0,6.0,,,,,,,,,,,,,,,,,,,,,Oucéni & Lassana (FRA1),10,8,3.0,5.0,0.375,32,17.0,15.0,0.53125
432,Mathilde & Séverine,411,40,FRA1,Parisians,,2,0,2,All-Female,21.5,0.7071067812,,4,7,4,0.4,0,0.0,0.0,1,0.25,5.75,1.5,7.157407407,0.275297619,0.2701784337,-453.0001772,,4.0,7.0,5.0,7.0,,,,,,,,,,,,,,,,,,,,,,Mathilde & Séverine (FRA1),10,8,2.0,6.0,0.25,27,8.0,19.0,0.2962962963
433,Fabien & Aurélien,412,40,FRA1,Police Officers,,2,2,0,All-Male,30.0,0.0,,2,8,2,0.2,0,0.0,0.0,1,0.5,7.0,1.414213562,8.5,0.1875,0.2651650429,-365.1866509,,6.0,8.0,,,,,,,,,,,,,,,,,,,,,,,,Fabien & Aurélien (FRA1),10,8,1.0,7.0,0.125,15,3.0,12.0,0.2
434,Antoine & Héléna,413,40,FRA1,Belgian Couple,,2,1,1,Co-Ed,22.0,1.414213562,,1,9,1,0.1,0,0.0,0.0,1,1.0,9.0,,11.0,0.0,,-316.9925001,,9.0,,,,,,,,,,,,,,,,,,,,,,,,,Antoine & Héléna (FRA1),10,8,0.0,8.0,0.0,8,0.0,8.0,0.0
435,LJ & CJ,414,41,PHI1,Celebrity Best Friends,,2,0,2,All-Female,30.0,1.414213562,,13,1,13,1.0,1,0.07692307692,0.07692307692,0,0.0,3.615384615,1.850155919,3.179487179,0.5784493284,0.2453076681,549.8815055,,7.0,2.0,2.0,4.0,6.0,5.0,5.0,5.0,3.0,2.0,2.0,3.0,1.0,,,,,,,,,,,,,LJ & CJ (PHI1),11,10,10.0,0.0,1.0,78,44.0,34.0,0.5641025641
436,Fausto & Dayal,415,41,PHI1,Brothers-in-Law,,2,2,0,All-Male,29.0,5.656854249,,13,2,13,1.0,3,0.2307692308,0.2307692308,0,0.0,3.769230769,3.031881873,3.538461538,0.5906288156,0.3356516422,811.1791892,,9.0,8.0,8.0,7.0,2.0,2.0,1.0,3.0,1.0,1.0,3.0,2.0,2.0,,,,,,,,,,,,,Fausto & Dayal (PHI1),11,10,9.0,1.0,0.9,78,42.0,36.0,0.5384615385
437,Marc & Kat,416,41,PHI1,Gym Buddies,,2,1,1,Co-Ed,34.5,10.60660172,,13,3,13,1.0,7,0.5384615385,0.5384615385,1,0.07692307692,1.846153846,1.068188018,1.846153846,0.8014652015,0.2987020588,1383.188667,,1.0,1.0,1.0,1.0,4.0,3.0,2.0,1.0,2.0,3.0,1.0,1.0,3.0,,,,,,,,,,,,,Marc & Kat (PHI1),11,10,8.0,2.0,0.8,78,67.0,11.0,0.858974359
438,Sheena & Gee,417,41,PHI1,Reunited Friends,,2,0,2,All-Female,25.5,2.121320344,,12,4,12,0.9230769231,0,0.0,0.0,2,0.1666666667,5.0,1.044465936,5.105263158,0.3125330688,0.2138923664,-598.0233735,,5.0,6.0,5.0,6.0,7.0,4.0,4.0,6.0,5.0,4.0,4.0,4.0,,,,,,,,,,,,,,Sheena & Gee (PHI1),11,10,7.0,3.0,0.7,76,28.0,48.0,0.3684210526
439,Saida & Jervi,418,41,PHI1,Amigas,,2,0,2,All-Female,23.0,1.414213562,,10,5,10,0.7692307692,0,0.0,0.0,1,0.1,4.3,1.251665557,4.3,0.4758730159,0.2768314568,-73.32720043,,4.0,3.0,4.0,2.0,5.0,6.0,6.0,4.0,4.0,5.0,,,,,,,,,,,,,,,,Saida & Jervi (PHI1),11,10,6.0,4.0,0.6,70,37.0,33.0,0.5285714286
440,Boom & Cheng,419,41,PHI1,Buddies,,2,2,0,All-Male,33.5,9.192388155,,9,6,9,0.6923076923,2,0.2222222222,0.1538461538,1,0.1111111111,2.888888889,1.691481928,2.931818182,0.7172839506,0.3066073368,825.2755418,,2.0,5.0,3.0,3.0,1.0,1.0,3.0,2.0,6.0,,,,,,,,,,,,,,,,,Boom & Cheng (PHI1),11,10,5.0,5.0,0.5,66,49.0,17.0,0.7424242424
441,Ed & Angel,420,41,PHI1,Father & Daughter,,2,1,1,Co-Ed,34.5,17.67766953,,8,7,8,0.6153846154,0,0.0,0.0,2,0.25,6.375,1.846811925,6.639344262,0.2748511905,0.2774465905,-742.230368,,8.0,4.0,7.0,8.0,3.0,7.0,7.0,7.0,,,,,,,,,,,,,,,,,,Ed & Angel (PHI1),11,10,4.0,6.0,0.4,61,18.0,43.0,0.2950819672
442,Dani & Mish,421,41,PHI1,Bombshells,,2,0,2,All-Female,22.5,0.7071067812,,6,8,6,0.4615384615,0,0.0,0.0,2,0.3333333333,6.166666667,1.940790217,6.37755102,0.3347222222,0.3064318243,-517.5435793,,3.0,7.0,6.0,5.0,8.0,8.0,,,,,,,,,,,,,,,,,,,,Dani & Mish (PHI1),11,10,3.0,7.0,0.3,49,18.0,31.0,0.3673469388
443,Pamela & Vanessa,422,41,PHI1,Alabang Housewives,,2,0,2,All-Female,38.0,4.242640687,,4,9,4,0.3076923077,0,0.0,0.0,2,0.5,9.25,0.5,9.485714286,0.05277777778,0.06111111111,-964.6686809,,10.0,9.0,9.0,9.0,,,,,,,,,,,,,,,,,,,,,,Pamela & Vanessa (PHI1),11,10,2.0,8.0,0.2,35,2.0,33.0,0.05714285714
444,Anton & Armand,423,41,PHI1,Football Brothers,,2,2,0,All-Male,31.5,2.121320344,,2,10,2,0.1538461538,0,0.0,0.0,1,0.5,8.0,2.828427125,8.0,0.25,0.3535533906,-327.7885396,,6.0,10.0,,,,,,,,,,,,,,,,,,,,,,,,Anton & Armand (PHI1),11,10,1.0,9.0,0.1,19,5.0,14.0,0.2631578947
445,Crystel & Mykey,424,41,PHI1,Dating Couple,,2,1,1,Co-Ed,29.0,5.656854249,,1,11,1,0.07692307692,0,0.0,0.0,1,1.0,11.0,,11.0,0.0,,-345.9431619,,11.0,,,,,,,,,,,,,,,,,,,,,,,,,Crystel & Mykey (PHI1),11,10,0.0,10.0,0.0,10,0.0,10.0,0.0
446,Bates & Anthony,425,42,USA22,Hockey Brothers,,2,2,0,All-Male,34.5,2.121320344,,12,1,12,1.0,5,0.4166666667,0.4166666667,0,0.0,2.416666667,1.831955405,2.180555556,0.7615079365,0.2815933574,995.7087945,,2.0,1.0,3.0,7.0,4.0,1.0,1.0,1.0,4.0,2.0,2.0,1.0,,,,,,,,,,,,,,Bates & Anthony (USA22),1,10,10.0,0.0,1.0,72,55.0,17.0,0.7638888889
447,Max & Katie,426,42,USA22,Newlyweds,,2,1,1,Co-Ed,27.0,4.242640687,,12,2,12,1.0,3,0.25,0.25,1,0.08333333333,4.25,3.107907803,3.979166667,0.5350859788,0.3818823372,339.6398144,,9.0,8.0,8.0,3.0,2.0,7.0,6.0,3.0,1.0,1.0,1.0,2.0,,,,,,,,,,,,,,Max & Katie (USA22),1,10,9.0,1.0,0.9,72,33.0,39.0,0.4583333333
448,Mona & Beth,427,42,USA22,Roller Derby Moms,,2,0,2,All-Female,34.5,2.121320344,,12,3,12,1.0,0,0.0,0.0,2,0.1666666667,4.333333333,1.723280874,4.333333333,0.397255291,0.2880896458,-340.9327489,,5.0,6.0,7.0,6.0,3.0,6.0,2.0,2.0,5.0,4.0,3.0,3.0,,,,,,,,,,,,,,Mona & Beth (USA22),1,10,8.0,2.0,0.8,72,32.0,40.0,0.4444444444
449,Caroline & Jennifer,428,42,USA22,Country Singers,,2,0,2,All-Female,29.5,0.7071067812,,11,4,11,0.9166666667,0,0.0,0.0,1,0.09090909091,4.909090909,2.119176512,4.992857143,0.3874458874,0.2000831486,-342.9608934,,10.0,7.0,6.0,4.0,5.0,5.0,3.0,4.0,3.0,3.0,4.0,,,,,,,,,,,,,,,Caroline & Jennifer (USA22),1,10,7.0,3.0,0.7,70,27.0,43.0,0.3857142857
450,Joey & Meghan,429,42,USA22,YouTube Hosts,,2,1,1,Co-Ed,23.0,2.828427125,,10,5,10,0.8333333333,0,0.0,0.0,1,0.1,4.7,1.159501809,4.865671642,0.4235714286,0.2225011005,-332.0993989,,6.0,4.0,5.0,5.0,6.0,4.0,5.0,5.0,2.0,5.0,,,,,,,,,,,,,,,,Joey & Meghan (USA22),1,10,6.0,4.0,0.6,67,30.0,37.0,0.447761194
451,Chuck & Wynona,430,42,USA22,Married,,2,1,1,Co-Ed,47.5,2.121320344,,8,6,8,0.6666666667,0,0.0,0.0,2,0.25,6.125,2.031009601,6.211864407,0.2987599206,0.2632379862,-660.4270551,,7.0,5.0,9.0,8.0,7.0,3.0,4.0,6.0,,,,,,,,,,,,,,,,,,Chuck & Wynona (USA22),1,10,5.0,5.0,0.5,59,18.0,41.0,0.3050847458
452,Pam & Winnie,431,42,USA22,Best Friends,,2,0,2,All-Female,29.0,0.0,,7,7,7,0.5833333333,1,0.1428571429,0.08333333333,1,0.1428571429,4.142857143,2.911389784,4.259259259,0.5920634921,0.3871403434,284.5703932,,4.0,9.0,4.0,2.0,1.0,2.0,7.0,,,,,,,,,,,,,,,,,,,Pam & Winnie (USA22),1,10,4.0,6.0,0.4,54,32.0,22.0,0.5925925926
453,Dave & Connor,432,42,USA22,Father/Son,,2,2,0,All-Male,39.5,26.1629509,,5,8,5,0.4166666667,2,0.4,0.1666666667,1,0.2,3.0,2.915475947,3.023809524,0.7377777778,0.4208750438,558.5791153,,3.0,2.0,1.0,1.0,8.0,,,,,,,,,,,,,,,,,,,,,Dave & Connor (USA22),1,10,3.0,7.0,0.3,42,32.0,10.0,0.7619047619
454,Jessica & John,433,42,USA22,Dating,,2,1,1,Co-Ed,26.5,0.7071067812,,4,9,4,0.3333333333,1,0.25,0.08333333333,1,0.25,3.75,3.593976442,3.828571429,0.6631944444,0.4513888889,292.4387972,,1.0,3.0,2.0,9.0,,,,,,,,,,,,,,,,,,,,,,Jessica & John (USA22),1,10,2.0,8.0,0.2,35,24.0,11.0,0.6857142857
455,Idries & Jamil,434,42,USA22,Twin Doctors,,2,2,0,All-Male,36.0,0.0,,2,10,2,0.1666666667,0,0.0,0.0,1,0.5,9.0,1.414213562,9.0,0.15,0.2121320344,-448.5736564,,8.0,10.0,,,,,,,,,,,,,,,,,,,,,,,,Idries & Jamil (USA22),1,10,1.0,9.0,0.1,19,3.0,16.0,0.1578947368
456,Matt & Daniel,435,42,USA22,Firefighters,,2,2,0,All-Male,24.5,0.7071067812,,1,11,1,0.08333333333,0,0.0,0.0,1,1.0,11.0,,11.0,0.0,,-345.9431619,,11.0,,,,,,,,,,,,,,,,,,,,,,,,,Matt & Daniel (USA22),1,10,0.0,10.0,0.0,10,0.0,10.0,0.0
457,Omar & Bilal,436,43,NOR2,Brothers,,2,2,0,All-Male,27.0,1.414213562,,12,1,12,1.0,6,0.5,0.5,0,0.0,2.0,1.705605731,1.952380952,0.8445767196,0.2223435129,1556.586186,,3.0,7.0,2.0,1.0,2.0,1.0,1.0,1.0,2.0,1.0,2.0,1.0,,,,,,,,,,,,,,Omar & Bilal (NOR2),8,9,9.0,0.0,1.0,63,51.0,12.0,0.8095238095
458,Solfrid & Sveinung,437,43,NOR2,Cohabitants,,2,1,1,Co-Ed,33.0,5.656854249,,12,2,12,1.0,2,0.1666666667,0.1666666667,0,0.0,2.833333333,1.403458931,2.940035273,0.6632275132,0.2131669618,913.2029014,,6.0,3.0,3.0,3.0,4.0,4.0,2.0,2.0,1.0,3.0,1.0,2.0,,,,,,,,,,,,,,Solfrid & Sveinung (NOR2),8,9,8.0,1.0,0.8888888889,63,41.0,22.0,0.6507936508
459,Cecilie & Camilla,438,43,NOR2,Friends,,2,0,2,All-Female,42.0,1.414213562,,12,3,12,1.0,0,0.0,0.0,2,0.1666666667,3.916666667,1.311372171,4.395061728,0.3906746032,0.2538113073,-146.4636145,,7.0,5.0,4.0,4.0,3.0,2.0,5.0,3.0,4.0,4.0,3.0,3.0,,,,,,,,,,,,,,Cecilie & Camilla (NOR2),8,9,7.0,2.0,0.7777777778,63,28.0,35.0,0.4444444444
460,Julie & Robert,439,43,NOR2,Colleagues,,2,1,1,Co-Ed,22.0,1.414213562,,11,4,11,0.9166666667,2,0.1818181818,0.1666666667,1,0.09090909091,2.727272727,1.272077756,3.076502732,0.6315656566,0.3069972874,591.6566398,,5.0,2.0,1.0,2.0,1.0,3.0,3.0,4.0,3.0,2.0,4.0,,,,,,,,,,,,,,,Julie & Robert (NOR2),8,9,6.0,3.0,0.6666666667,61,42.0,19.0,0.6885245902
461,Lill & Stian,440,43,NOR2,Married,,2,1,1,Co-Ed,33.0,0.0,,9,5,9,0.75,1,0.1111111111,0.08333333333,3,0.3333333333,5.222222222,1.986062548,5.98989899,0.2567460317,0.3167964288,-736.5981678,,1.0,8.0,6.0,6.0,7.0,5.0,4.0,5.0,5.0,,,,,,,,,,,,,,,,,Lill & Stian (NOR2),8,9,5.0,4.0,0.5555555556,55,17.0,38.0,0.3090909091
462,Eva & Wenche,441,43,NOR2,Friends,,2,0,2,All-Female,49.5,0.7071067812,,7,6,7,0.5833333333,1,0.1428571429,0.08333333333,1,0.1428571429,5.0,2.0,5.63356974,0.3537414966,0.3548680387,-454.5170445,,4.0,1.0,7.0,5.0,6.0,6.0,6.0,,,,,,,,,,,,,,,,,,,Eva & Wenche (NOR2),8,9,4.0,5.0,0.4444444444,47,19.0,28.0,0.4042553191
463,Vinh & Terje,442,43,NOR2,Mates,,2,2,0,All-Male,28.5,0.7071067812,,6,7,6,0.5,0,0.0,0.0,2,0.3333333333,5.0,1.897366596,5.761904762,0.3792989418,0.3499505433,-356.5845162,,2.0,4.0,5.0,7.0,5.0,7.0,,,,,,,,,,,,,,,,,,,,Vinh & Terje (NOR2),8,9,3.0,6.0,0.3333333333,42,18.0,24.0,0.4285714286
464,Priscila & Lindsy,443,43,NOR2,Best Friends,,2,0,2,All-Female,22.0,1.414213562,,3,8,3,0.25,0,0.0,0.0,1,0.3333333333,7.333333333,1.154700538,8.037037037,0.1990740741,0.1885686283,-495.936871,,8.0,6.0,8.0,,,,,,,,,,,,,,,,,,,,,,,Priscila & Lindsy (NOR2),8,9,2.0,7.0,0.2222222222,24,5.0,19.0,0.2083333333
465,Milorad & Dario,444,43,NOR2,Father/Son,,2,2,0,All-Male,40.5,26.1629509,,2,9,2,0.1666666667,0,0.0,0.0,1,0.5,9.0,0.0,9.888888889,0.05555555556,0.07856742013,-539.1527042,,9.0,9.0,,,,,,,,,,,,,,,,,,,,,,,,Milorad & Dario (NOR2),8,9,1.0,8.0,0.1111111111,17,1.0,16.0,0.05882352941
466,Allan & Ørjan,445,43,NOR2,Teammates,,2,2,0,All-Male,34.0,11.3137085,,1,10,1,0.08333333333,0,0.0,0.0,1,1.0,10.0,,11.0,0.0,,-332.1928095,,10.0,,,,,,,,,,,,,,,,,,,,,,,,,Allan & Ørjan (NOR2),8,9,0.0,9.0,0.0,9,0.0,9.0,0.0
467,Valeria & Bohdana,446,44,UKR1,Beauty Queens,,2,0,2,All-Female,,,,12,1,12,1.0,6,0.5,0.5,0,0.0,2.083333333,1.378954369,2.015625,0.8356812169,0.2145080922,1399.723451,,2.0,4.0,1.0,3.0,5.0,3.0,2.0,1.0,1.0,1.0,1.0,1.0,,,,,,,,,,,,,,Valeria & Bohdana (UKR1),12,9,9.0,0.0,1.0,64,51.0,13.0,0.796875
468,Oleksiy & Olena,447,44,UKR1,Common-Law Married,,2,1,1,Co-Ed,,,,12,2,12,1.0,0,0.0,0.0,2,0.1666666667,4.25,2.527125568,4.385416667,0.3945767196,0.3081182861,-109.359562,,9.0,7.0,7.0,2.0,7.0,2.0,3.0,4.0,2.0,3.0,3.0,2.0,,,,,,,,,,,,,,Oleksiy & Olena (UKR1),12,9,8.0,1.0,0.8888888889,64,25.0,39.0,0.390625
469,Kostyantin & Yakiv,448,44,UKR1,Father/Son,,2,2,0,All-Male,,,,12,3,12,1.0,2,0.1666666667,0.1666666667,1,0.08333333333,3.083333333,1.975225342,3.387152778,0.5831018519,0.2971536746,497.247386,,8.0,5.0,4.0,1.0,2.0,1.0,4.0,2.0,3.0,2.0,2.0,3.0,,,,,,,,,,,,,,Kostyantin & Yakiv (UKR1),12,9,7.0,2.0,0.7777777778,64,39.0,25.0,0.609375
470,Oleksandr & Volodymyr,449,44,UKR1,Physicians,,2,2,0,All-Male,,,,10,4,10,0.8333333333,1,0.1,0.08333333333,3,0.3,5.2,2.097617696,5.666666667,0.2777380952,0.2935596437,-669.2427007,,7.0,9.0,6.0,6.0,1.0,5.0,5.0,5.0,4.0,4.0,,,,,,,,,,,,,,,,Oleksandr & Volodymyr (UKR1),12,9,6.0,3.0,0.6666666667,60,18.0,42.0,0.3
471,Ihor & Vasyl,450,44,UKR1,Friends/Athletes,,2,2,0,All-Male,,,,9,5,9,0.75,2,0.2222222222,0.1666666667,1,0.1111111111,3.111111111,1.763834207,3.407407407,0.6097883598,0.360378585,341.27657,,1.0,2.0,2.0,4.0,6.0,4.0,1.0,3.0,5.0,,,,,,,,,,,,,,,,,Ihor & Vasyl (UKR1),12,9,5.0,4.0,0.5555555556,57,38.0,19.0,0.6666666667
472,Natalia & Tatiana,451,44,UKR1,Friends,,2,0,2,All-Female,,,,7,6,7,0.5833333333,0,0.0,0.0,1,0.1428571429,5.428571429,0.7867957925,5.920634921,0.3449546485,0.1900224305,-460.5745092,,6.0,6.0,5.0,5.0,4.0,6.0,6.0,,,,,,,,,,,,,,,,,,,Natalia & Tatiana (UKR1),12,9,4.0,5.0,0.4444444444,49,18.0,31.0,0.3673469388
473,Andriy & Iryna,452,44,UKR1,Dating,,2,1,1,Co-Ed,,,,6,7,6,0.5,1,0.1666666667,0.08333333333,1,0.1666666667,4.333333333,2.422120283,4.787878788,0.5191798942,0.3791326965,2.277745786,,5.0,1.0,3.0,7.0,3.0,7.0,,,,,,,,,,,,,,,,,,,,Andriy & Iryna (UKR1),12,9,3.0,6.0,0.3333333333,44,24.0,20.0,0.5454545455
474,Anna & Roman,453,44,UKR1,Married Actors,,2,1,1,Co-Ed,,,,4,8,4,0.3333333333,0,0.0,0.0,1,0.25,5.75,2.62995564,6.277777778,0.3854166667,0.3778824406,-294.0231283,,4.0,3.0,8.0,8.0,,,,,,,,,,,,,,,,,,,,,,Anna & Roman (UKR1),12,9,2.0,7.0,0.2222222222,32,13.0,19.0,0.40625
475,Alla & Oleksandra,454,44,UKR1,Mother/Daughter,,2,0,2,All-Female,,,,3,9,3,0.25,0,0.0,0.0,1,0.3333333333,6.666666667,3.214550254,7.422222222,0.3009259259,0.4176685486,-375.1324435,,3.0,8.0,9.0,,,,,,,,,,,,,,,,,,,,,,,Alla & Oleksandra (UKR1),12,9,1.0,8.0,0.1111111111,25,8.0,17.0,0.32
476,Volodymyr & Iryna,455,44,UKR1,Father/Daughter,,2,1,1,Co-Ed,56.0,22.627417,,1,10,1,0.08333333333,0,0.0,0.0,1,1.0,10.0,,11.0,0.0,,-332.1928095,,10.0,,,,,,,,,,,,,,,,,,,,,,,,,Volodymyr & Iryna (UKR1),12,9,0.0,9.0,0.0,9,0.0,9.0,0.0
477,Talia & Koby,456,45,ISR3,Newlyweds,,2,1,1,Co-Ed,32.0,2.828427125,,13,1,13,1.0,4,0.3076923077,0.3076923077,0,0.0,3.692307692,2.594372608,3.160493827,0.6372710623,0.3212751308,851.8511359,,5.0,6.0,8.0,8.0,4.0,4.0,1.0,1.0,2.0,5.0,2.0,1.0,1.0,,,,,,,,,,,,,Talia & Koby (ISR3),4,10,10.0,0.0,1.0,81,46.0,35.0,0.5679012346
478,Romi & Coral,457,45,ISR3,Sisters,,2,0,2,All-Female,19.0,1.414213562,,13,2,13,1.0,2,0.1538461538,0.1538461538,1,0.07692307692,3.153846154,1.519109051,2.901234568,0.6158730159,0.275379671,571.2546029,,3.0,3.0,4.0,1.0,3.0,3.0,7.0,4.0,4.0,3.0,1.0,3.0,2.0,,,,,,,,,,,,,Romi & Coral (ISR3),4,10,9.0,1.0,0.9,81,53.0,28.0,0.6543209877
479,Ma'ayan & Bat-El,458,45,ISR3,Cousins,,2,0,2,All-Female,20.0,0.0,,13,3,13,1.0,2,0.1538461538,0.1538461538,1,0.07692307692,4.307692308,2.529315302,4.185185185,0.481959707,0.3111474094,267.1635739,,9.0,9.0,5.0,4.0,5.0,5.0,5.0,3.0,1.0,1.0,4.0,2.0,3.0,,,,,,,,,,,,,Ma'ayan & Bat-El (ISR3),4,10,8.0,2.0,0.8,81,38.0,43.0,0.4691358025
480,David & Eliran,459,45,ISR3,Dock Workers,,2,2,0,All-Male,28.0,0.0,,12,4,12,0.9230769231,1,0.08333333333,0.07692307692,1,0.08333333333,3.166666667,1.642245322,3.139240506,0.6468915344,0.2737304523,700.1473057,,4.0,5.0,7.0,3.0,1.0,2.0,2.0,2.0,3.0,2.0,3.0,4.0,,,,,,,,,,,,,,David & Eliran (ISR3),4,10,7.0,3.0,0.7,79,53.0,26.0,0.6708860759
481,Debbie & Dana,460,45,ISR3,Mother/Daughter,,2,0,2,All-Female,35.0,15.55634919,,11,5,11,0.8461538462,1,0.09090909091,0.07692307692,2,0.1818181818,5.090909091,2.256304299,5.144736842,0.3739177489,0.3059298929,-448.6399669,,10.0,4.0,1.0,6.0,6.0,6.0,3.0,5.0,6.0,4.0,5.0,,,,,,,,,,,,,,,Debbie & Dana (ISR3),4,10,6.0,4.0,0.6,76,31.0,45.0,0.4078947368
482,Eliran & Itzik,461,45,ISR3,Childhood Friends,,2,2,0,All-Male,27.0,1.414213562,,10,6,10,0.7692307692,1,0.1,0.07692307692,2,0.2,5.3,2.263232693,5.479166667,0.3644444444,0.3506920456,-508.7865549,,6.0,8.0,2.0,5.0,8.0,1.0,6.0,6.0,5.0,6.0,,,,,,,,,,,,,,,,Eliran & Itzik (ISR3),4,10,5.0,5.0,0.5,72,29.0,43.0,0.4027777778
483,Mor & Lior,462,45,ISR3,Married,,2,1,1,Co-Ed,30.5,3.535533906,,8,7,8,0.6153846154,1,0.125,0.07692307692,1,0.125,3.875,2.474873734,3.967741935,0.5885416667,0.3755626283,170.420697,,1.0,2.0,6.0,2.0,2.0,7.0,4.0,7.0,,,,,,,,,,,,,,,,,,Mor & Lior (ISR3),4,10,4.0,6.0,0.4,62,39.0,23.0,0.6290322581
484,Shimi & Yasmin,463,45,ISR3,Dating,,2,1,1,Co-Ed,22.5,4.949747468,,6,8,6,0.4615384615,0,0.0,0.0,1,0.1666666667,7.666666667,0.8164965809,7.8,0.1895502646,0.1271134428,-897.9519261,,8.0,7.0,9.0,7.0,7.0,8.0,,,,,,,,,,,,,,,,,,,,Shimi & Yasmin (ISR3),4,10,3.0,7.0,0.3,50,10.0,40.0,0.2
485,Ronit & Liran,464,45,ISR3,Best Friends,,2,1,1,Co-Ed,30.0,4.242640687,,4,9,4,0.3076923077,1,0.25,0.07692307692,1,0.25,3.75,3.593976442,3.75,0.6694444444,0.4554539182,307.9906272,,2.0,1.0,3.0,9.0,,,,,,,,,,,,,,,,,,,,,,Ronit & Liran (ISR3),4,10,2.0,8.0,0.2,36,25.0,11.0,0.6944444444
486,Andrea & Ronnie,465,45,ISR3,Grandparents,,2,1,1,Co-Ed,58.5,2.121320344,,3,10,3,0.2307692308,0,0.0,0.0,2,0.6666666667,9.0,1.732050808,9.142857143,0.1333333333,0.2309401077,-667.506333,,7.0,10.0,10.0,,,,,,,,,,,,,,,,,,,,,,,Andrea & Ronnie (ISR3),4,10,1.0,9.0,0.1,28,4.0,24.0,0.1428571429
487,Herut & Yoftut,466,45,ISR3,Friends,,2,0,2,All-Female,31.0,1.414213562,,1,11,1,0.07692307692,0,0.0,0.0,1,1.0,11.0,,11.0,0.0,,-345.9431619,,11.0,,,,,,,,,,,,,,,,,,,,,,,,,Herut & Yoftut (ISR3),4,10,0.0,10.0,0.0,10,0.0,10.0,0.0
488,Tim Sr. & Tim Jr.,467,46,CAN1,Father/Son,,2,2,0,All-Male,35.5,17.67766953,,10,1,10,1.0,1,0.1,0.1,2,0.2,3.9,2.131770261,4.020833333,0.4544047619,0.3377355052,-56.65177662,,6.0,6.0,7.0,5.0,2.0,5.0,2.0,2.0,3.0,1.0,,,,,,,,,,,,,,,,Tim Sr. & Tim Jr. (CAN1),13,8,8.0,0.0,1.0,48,19.0,29.0,0.3958333333
489,Jody & Cory,468,46,CAN1,Brothers,,2,2,0,All-Male,34.0,2.828427125,,10,2,10,1.0,3,0.3,0.3,0,0.0,3.2,2.201009869,3.63671875,0.5989285714,0.3206007614,423.4599274,,7.0,3.0,5.0,6.0,4.0,2.0,1.0,1.0,1.0,2.0,,,,,,,,,,,,,,,,Jody & Cory (CAN1),13,8,7.0,1.0,0.875,48,25.5,22.5,0.53125
490,Vanessa & Celina,469,46,CAN1,Sisters,,2,0,2,All-Female,25.5,6.363961031,,10,3,10,1.0,0,0.0,0.0,2,0.2,3.8,0.9189365835,4.645833333,0.3695238095,0.2351452165,-376.5247943,,5.0,5.0,4.0,4.0,3.0,4.0,4.0,4.0,2.0,3.0,,,,,,,,,,,,,,,,Vanessa & Celina (CAN1),13,8,6.0,2.0,0.75,48,20.0,28.0,0.4166666667
491,Jet & Dave,470,46,CAN1,Best Friends,,2,2,0,All-Male,30.0,2.828427125,,9,4,9,0.9,3,0.3333333333,0.3,1,0.1111111111,3.0,1.936491673,3.690217391,0.5853174603,0.376367499,284.058424,,4.0,7.0,3.0,1.0,1.0,1.0,3.0,3.0,4.0,,,,,,,,,,,,,,,,,Jet & Dave (CAN1),13,8,5.0,3.0,0.625,46,28.0,18.0,0.6086956522
492,Brett & Holly,471,46,CAN1,Married Doctors,,2,1,1,Co-Ed,33.0,0.0,,7,5,7,0.7,1,0.1428571429,0.1,1,0.1428571429,3.285714286,1.97604704,4.09375,0.5285714286,0.400574158,43.35167904,,2.0,1.0,6.0,2.0,5.0,2.0,5.0,,,,,,,,,,,,,,,,,,,Brett & Holly (CAN1),13,8,4.0,4.0,0.5,40,23.5,16.5,0.5875
493,Hal & Joanne,472,46,CAN1,Married Fitness Icons,,2,1,1,Co-Ed,55.5,2.121320344,,5,6,5,0.5,1,0.2,0.1,1,0.2,3.0,1.870828693,3.5390625,0.6547619048,0.3866757564,335.9369951,,3.0,2.0,1.0,3.0,6.0,,,,,,,,,,,,,,,,,,,,,Hal & Joanne (CAN1),13,8,3.0,5.0,0.375,32,22.0,10.0,0.6875
494,Kristen & Darren,473,46,CAN1,Dating,,2,1,1,Co-Ed,29.0,4.242640687,,4,7,4,0.4,1,0.25,0.1,1,0.25,3.5,2.645751311,4.240740741,0.6011904762,0.4378946228,168.3775382,,1.0,4.0,2.0,7.0,,,,,,,,,,,,,,,,,,,,,,Kristen & Darren (CAN1),13,8,2.0,6.0,0.25,27,17.0,10.0,0.6296296296
495,Jamie & Pierre,474,46,CAN1,Best Friends,,2,2,0,All-Male,42.5,6.363961031,,2,8,2,0.2,0,0.0,0.0,1,0.5,8.0,0.0,9.75,0.0625,0.08838834765,-505.0154927,,8.0,8.0,,,,,,,,,,,,,,,,,,,,,,,,Jamie & Pierre (CAN1),13,8,1.0,7.0,0.125,15,1.0,14.0,0.06666666667
496,Treena & Tennille,475,46,CAN1,Twin Sisters,,2,0,2,All-Female,36.0,0.0,,1,9,1,0.1,0,0.0,0.0,1,1.0,9.0,,11.0,0.0,,-316.9925001,,9.0,,,,,,,,,,,,,,,,,,,,,,,,,Treena & Tennille (CAN1),13,8,0.0,8.0,0.0,8,0.0,8.0,0.0
497,Diệp Lâm Anh & Thu Hiền,476,47,VIE2,Singer/Model,,2,0,2,All-Female,24.0,0.0,,12,1,12,1.0,4,0.3333333333,0.3333333333,0,0.0,2.5,1.78376517,2.525423729,0.7340277778,0.2647768818,1124.057389,,6.0,3.0,1.0,6.0,2.0,3.0,2.0,1.0,1.0,2.0,2.0,1.0,,,,,,,,,,,,,,Diệp Lâm Anh & Thu Hiền (VIE2),9,8,8.0,0.0,1.0,59,41.0,18.0,0.6949152542
498,Linh Chi & Nhan Phúc Vinh,477,47,VIE2,Actress/Office Worker,,2,1,1,Co-Ed,29.0,2.828427125,,12,2,12,1.0,5,0.4166666667,0.4166666667,1,0.08333333333,2.166666667,1.267304465,2.334745763,0.7068452381,0.3460499951,939.9476581,,1.0,2.0,2.0,1.0,4.0,1.0,4.0,3.0,4.0,1.0,1.0,2.0,,,,,,,,,,,,,,Linh Chi & Nhan Phúc Vinh (VIE2),9,8,7.0,1.0,0.875,59,45.0,14.0,0.7627118644
499,Đức Hưng & Thùy Dung,478,47,VIE2,Office Worker/Tennis Player,,2,1,1,Co-Ed,27.5,2.121320344,,12,3,12,1.0,1,0.08333333333,0.08333333333,1,0.08333333333,3.916666667,1.781640375,4.707627119,0.3787698413,0.2553699874,-163.7398428,,7.0,7.0,5.0,3.0,1.0,5.0,3.0,4.0,3.0,3.0,3.0,3.0,,,,,,,,,,,,,,Đức Hưng & Thùy Dung (VIE2),9,8,6.0,2.0,0.75,59,24.0,35.0,0.406779661
500,Hari & Tiến Đạt,479,47,VIE2,Student/Rapper,,2,1,1,Co-Ed,30.0,2.828427125,,11,4,11,0.9166666667,2,0.1818181818,0.1666666667,2,0.1818181818,2.545454545,1.12815215,3.050438596,0.6414502165,0.3406787685,601.4085047,,4.0,1.0,3.0,2.0,3.0,2.0,1.0,2.0,2.0,4.0,4.0,,,,,,,,,,,,,,,Hari & Tiến Đạt (VIE2),9,8,5.0,3.0,0.625,57,40.0,17.0,0.701754386
501,Đoàn Mạnh & Linh Sơn,480,47,VIE2,Real Estate Broker/Actor,,2,2,0,All-Male,26.0,0.0,,8,5,8,0.6666666667,0,0.0,0.0,2,0.25,4.875,1.246423455,5.84375,0.3022321429,0.2781746386,-583.0369446,,3.0,4.0,7.0,5.0,6.0,4.0,5.0,5.0,,,,,,,,,,,,,,,,,,Đoàn Mạnh & Linh Sơn (VIE2),9,8,4.0,4.0,0.5,48,17.0,31.0,0.3541666667
502,Anh Tuấn & Thanh Hóa,481,47,VIE2,Models,,2,1,1,Co-Ed,26.0,4.242640687,,6,6,6,0.5,0,0.0,0.0,1,0.1666666667,5.333333333,1.505545305,6.28125,0.3382936508,0.2309160706,-409.4067278,,5.0,8.0,4.0,4.0,5.0,6.0,,,,,,,,,,,,,,,,,,,,Anh Tuấn & Thanh Hóa (VIE2),9,8,3.0,5.0,0.375,40,14.0,26.0,0.35
503,Pha Lê & Hà Việt Dũng,482,47,VIE2,Singer/Actor,,2,1,1,Co-Ed,26.0,0.0,,5,7,5,0.4166666667,0,0.0,0.0,2,0.4,6.8,0.8366600265,8.25,0.1571428571,0.1691251499,-806.8834302,,8.0,6.0,6.0,7.0,7.0,,,,,,,,,,,,,,,,,,,,,Pha Lê & Hà Việt Dũng (VIE2),9,8,2.0,6.0,0.25,35,6.0,29.0,0.1714285714
504,Kim Lee & Pharreal Phương,483,47,VIE2,DJs,,2,1,1,Co-Ed,24.5,0.7071067812,,3,8,3,0.25,0,0.0,0.0,1,0.3333333333,5.0,3.0,5.891304348,0.4583333333,0.438985573,-107.190312,,2.0,5.0,8.0,,,,,,,,,,,,,,,,,,,,,,,Kim Lee & Pharreal Phương (VIE2),9,8,1.0,7.0,0.125,23,11.0,12.0,0.4782608696
505,S.T & Lâm Hùng Phong,484,47,VIE2,Singer/Stuntman,,2,2,0,All-Male,22.0,0.0,,2,9,2,0.1666666667,0,0.0,0.0,2,1.0,9.0,0.0,11.0,0.0,0.0,-595.1562942,,9.0,9.0,,,,,,,,,,,,,,,,,,,,,,,,S.T & Lâm Hùng Phong (VIE2),9,8,0.0,8.0,0.0,16,0.0,16.0,0.0
506,Ezequiel & Tobías,485,48,LAM5,Friends,,2,2,0,All-Male,34.5,0.7071067812,,13,1,13,1.0,4,0.3076923077,0.3076923077,1,0.07692307692,3.538461538,2.817072494,3.260273973,0.6322649573,0.3605543045,821.0962621,,3.0,9.0,9.0,5.0,2.0,3.0,5.0,4.0,1.0,1.0,2.0,1.0,1.0,,,,,,,,,,,,,Ezequiel & Tobías (LAM5),5,10,10.0,0.0,1.0,73,40.0,33.0,0.5479452055
507,Darío & Esther,486,48,LAM5,Couple,,2,1,1,Co-Ed,39.5,2.121320344,,13,2,13,1.0,3,0.2307692308,0.2307692308,2,0.1538461538,3.076923077,1.552500052,3.034246575,0.5397435897,0.3551726537,317.7952476,,5.0,1.0,5.0,2.0,4.0,5.0,1.0,1.0,4.0,4.0,3.0,3.0,2.0,,,,,,,,,,,,,Darío & Esther (LAM5),5,10,9.0,1.0,0.9,73,46.0,27.0,0.6301369863
508,Karina & Braian,487,48,LAM5,Dating,,2,1,1,Co-Ed,25.0,1.414213562,,13,3,13,1.0,1,0.07692307692,0.07692307692,1,0.07692307692,3.461538462,1.853617392,3.630136986,0.533974359,0.2891851087,333.0130146,,2.0,7.0,2.0,4.0,6.0,6.0,4.0,3.0,3.0,2.0,1.0,2.0,3.0,,,,,,,,,,,,,Karina & Braian (LAM5),5,10,8.0,2.0,0.8,73,41.0,32.0,0.5616438356
509,Manfred & Pierre,488,48,LAM5,Friends,,2,2,0,All-Male,26.0,1.414213562,,11,4,11,0.8461538462,2,0.1818181818,0.1538461538,1,0.09090909091,3.454545455,2.659459959,3.543478261,0.6005050505,0.3466012629,596.4341932,,9.0,8.0,3.0,3.0,1.0,1.0,2.0,2.0,2.0,3.0,4.0,,,,,,,,,,,,,,,Manfred & Pierre (LAM5),5,10,7.0,3.0,0.7,69,42.0,27.0,0.6086956522
510,Jessica & Michelle,489,48,LAM5,Friends,,2,0,2,All-Female,28.5,2.121320344,,9,5,9,0.6923076923,0,0.0,0.0,1,0.1111111111,5.0,1.224744871,5.0,0.3990740741,0.2133742004,-272.9112518,,6.0,4.0,7.0,6.0,5.0,4.0,3.0,5.0,5.0,,,,,,,,,,,,,,,,,Jessica & Michelle (LAM5),5,10,6.0,4.0,0.6,63,27.0,36.0,0.4285714286
511,Evelyn & Jorge,490,48,LAM5,Dating,,2,1,1,Co-Ed,34.5,6.363961031,,8,6,8,0.6153846154,2,0.25,0.1538461538,2,0.25,3.625,2.199837656,3.669491525,0.5815972222,0.4033888017,250.5459031,,1.0,6.0,4.0,1.0,3.0,2.0,6.0,6.0,,,,,,,,,,,,,,,,,,Evelyn & Jorge (LAM5),5,10,5.0,5.0,0.5,59,38.0,21.0,0.6440677966
512,Astrid & Aleja,491,48,LAM5,Sisters,,2,0,2,All-Female,31.0,4.242640687,,6,7,6,0.4615384615,0,0.0,0.0,1,0.1666666667,7.0,1.673320053,6.87755102,0.2550925926,0.1968926563,-674.2760277,,10.0,5.0,6.0,7.0,7.0,7.0,,,,,,,,,,,,,,,,,,,,Astrid & Aleja (LAM5),5,10,4.0,6.0,0.4,49,13.0,36.0,0.2653061224
513,Juanjo & Beto,492,48,LAM5,Married,,2,2,0,All-Male,37.0,1.414213562,,5,8,5,0.3846153846,0,0.0,0.0,0,0.0,6.0,2.828427125,5.941860465,0.3927777778,0.3727018055,-341.8018147,,4.0,2.0,8.0,8.0,8.0,,,,,,,,,,,,,,,,,,,,,Juanjo & Beto (LAM5),5,10,3.0,7.0,0.3,43,18.0,25.0,0.4186046512
514,Débora & Renata,493,48,LAM5,Cousins,,2,0,2,All-Female,28.0,2.828427125,,5,9,5,0.3846153846,1,0.2,0.07692307692,2,0.4,5.8,3.633180425,6.023255814,0.4355555556,0.4517729136,-235.3787081,,7.0,3.0,1.0,9.0,9.0,,,,,,,,,,,,,,,,,,,,,Débora & Renata (LAM5),5,10,2.0,8.0,0.2,43,19.0,24.0,0.4418604651
515,Filippo & Eddy,494,48,LAM5,Brothers-in-Law,,2,2,0,All-Male,44.5,3.535533906,,2,10,2,0.1538461538,0,0.0,0.0,1,0.5,9.0,1.414213562,9.0,0.15,0.2121320344,-448.5736564,,8.0,10.0,,,,,,,,,,,,,,,,,,,,,,,,Filippo & Eddy (LAM5),5,10,1.0,9.0,0.1,19,3.0,16.0,0.1578947368
516,Ari & Ra,495,48,LAM5,Siblings,,2,1,1,Co-Ed,29.0,4.242640687,,1,11,1,0.07692307692,0,0.0,0.0,1,1.0,11.0,,11.0,0.0,,-345.9431619,,11.0,,,,,,,,,,,,,,,,,,,,,,,,,Ari & Ra (LAM5),5,10,0.0,10.0,0.0,10,0.0,10.0,0.0
517,Jason & Amy,496,49,USA23,Dating,,2,1,1,Co-Ed,31.0,2.828427125,,12,1,12,1.0,2,0.1666666667,0.1666666667,0,0.0,2.916666667,2.065224326,2.666666667,0.7120701058,0.2402052643,1005.726945,,8.0,5.0,2.0,2.0,2.0,5.0,2.0,2.0,3.0,1.0,2.0,1.0,,,,,,,,,,,,,,Jason & Amy (USA23),1,10,10.0,0.0,1.0,69,46.0,23.0,0.6666666667
518,Tim & Marie,497,49,USA23,Exes,,2,1,1,Co-Ed,30.5,2.121320344,,12,2,12,1.0,3,0.25,0.25,0,0.0,3.416666667,2.503028469,3.311594203,0.5993716931,0.2961370247,616.7764901,,1.0,8.0,8.0,5.0,1.0,4.0,4.0,3.0,2.0,2.0,1.0,2.0,,,,,,,,,,,,,,Tim & Marie (USA23),1,10,9.0,1.0,0.9,69,40.0,29.0,0.5797101449
519,Nicole & Travis,498,49,USA23,Married ER Doctors,,2,1,1,Co-Ed,41.0,2.828427125,,12,3,12,1.0,3,0.25,0.25,1,0.08333333333,2.583333333,1.083624669,2.652173913,0.6259920635,0.3326453295,570.7943845,,2.0,4.0,1.0,3.0,3.0,1.0,3.0,1.0,4.0,3.0,3.0,3.0,,,,,,,,,,,,,,Nicole & Travis (USA23),1,10,8.0,2.0,0.8,69,50.0,19.0,0.7246376812
520,Leo & Jamal,499,49,USA23,Cousins,,2,2,0,All-Male,26.0,0.0,,11,4,11,0.9166666667,2,0.1818181818,0.1666666667,2,0.1818181818,3.818181818,1.990888335,4.007462687,0.507972583,0.3556625607,153.5832261,,7.0,2.0,6.0,4.0,6.0,3.0,1.0,4.0,1.0,4.0,4.0,,,,,,,,,,,,,,,Leo & Jamal (USA23),1,10,7.0,3.0,0.7,67,36.0,31.0,0.5373134328
521,Ally & Ashley,500,49,USA23,NHL Ice Crew,,2,0,2,All-Female,23.5,2.121320344,,9,5,9,0.75,0,0.0,0.0,1,0.1111111111,6.111111111,0.9279607271,6.278688525,0.2150793651,0.1395855544,-960.1649306,,6.0,7.0,7.0,7.0,7.0,6.0,5.0,5.0,5.0,,,,,,,,,,,,,,,,,Ally & Ashley (USA23),1,10,6.0,4.0,0.6,61,15.0,46.0,0.2459016393
522,Nicky & Kim,501,49,USA23,Baseball Wives,,2,0,2,All-Female,29.5,3.535533906,,8,6,8,0.6666666667,0,0.0,0.0,3,0.375,5.375,2.386719207,5.605263158,0.358234127,0.3643325047,-457.0002369,,5.0,9.0,3.0,8.0,4.0,2.0,6.0,6.0,,,,,,,,,,,,,,,,,,Nicky & Kim (USA23),1,10,5.0,5.0,0.5,57,22.0,35.0,0.3859649123
523,Tim & Danny,502,49,USA23,Oil Field Workers,,2,2,0,All-Male,25.5,0.7071067812,,6,7,6,0.5,0,0.0,0.0,1,0.1666666667,6.166666667,1.722401424,6.276595745,0.3306216931,0.2179897992,-473.4147304,,9.0,6.0,4.0,6.0,5.0,7.0,,,,,,,,,,,,,,,,,,,,Tim & Danny (USA23),1,10,4.0,6.0,0.4,47,16.0,31.0,0.3404255319
524,Brandon & Adam,503,49,USA23,Childhood Friends,,2,2,0,All-Male,34.0,0.0,,5,8,5,0.4166666667,1,0.2,0.08333333333,1,0.2,5.4,3.646916506,5.56097561,0.4755555556,0.4284194322,-54.93601751,,10.0,3.0,5.0,1.0,8.0,,,,,,,,,,,,,,,,,,,,,Brandon & Adam (USA23),1,10,3.0,7.0,0.3,41,19.0,22.0,0.4634146341
525,Chester & Ephraim,504,49,USA23,Former NFL Teammates,,2,2,0,All-Male,34.5,2.121320344,,3,9,3,0.25,1,0.3333333333,0.08333333333,1,0.3333333333,4.666666667,4.041451884,4.666666667,0.5666666667,0.5131601439,91.20136152,,4.0,1.0,9.0,,,,,,,,,,,,,,,,,,,,,,,Chester & Ephraim (USA23),1,10,2.0,8.0,0.2,27,16.0,11.0,0.5925925926
526,Rowan & Shane,505,49,USA23,Theater Performers,,2,2,0,All-Male,51.5,6.363961031,,2,10,2,0.1666666667,0,0.0,0.0,1,0.5,6.5,4.949747468,6.5,0.4,0.5656854249,-146.6233302,,3.0,10.0,,,,,,,,,,,,,,,,,,,,,,,,Rowan & Shane (USA23),1,10,1.0,9.0,0.1,19,8.0,11.0,0.4210526316
527,Hoskote & Naina,506,49,USA23,Father/Daughter,,2,1,1,Co-Ed,43.5,23.33452378,,1,11,1,0.08333333333,0,0.0,0.0,1,1.0,11.0,,11.0,0.0,,-345.9431619,,11.0,,,,,,,,,,,,,,,,,,,,,,,,,Hoskote & Naina (USA23),1,10,0.0,10.0,0.0,10,0.0,10.0,0.0
528,Dave & Connor,432,50,USA24,Father/Son,,2,2,0,All-Male,40.5,26.1629509,,12,1,12,1.0,6,0.5,0.5,0,0.0,2.25,1.422226168,2.056338028,0.8158730159,0.2207008321,1746.950282,,4.0,4.0,1.0,2.0,1.0,4.0,3.0,4.0,1.0,1.0,1.0,1.0,,,,,,,,,,,,,,Dave & Connor (USA24),1,10,10.0,0.0,1.0,71,56.0,15.0,0.7887323944
529,Caroline & Jennifer,428,50,USA24,Friends/Country Singers,,2,0,2,All-Female,30.5,0.7071067812,,12,2,12,1.0,0,0.0,0.0,2,0.1666666667,4.333333333,2.46182982,4.098591549,0.4276124339,0.3182263241,43.79440531,,10.0,3.0,6.0,4.0,2.0,7.0,2.0,5.0,5.0,4.0,2.0,2.0,,,,,,,,,,,,,,Caroline & Jennifer (USA24),1,10,9.0,1.0,0.9,71,31.0,40.0,0.4366197183
530,Brendon & Rachel,331,50,USA24,Newlyweds,,2,1,1,Co-Ed,31.0,2.828427125,,12,3,12,1.0,3,0.25,0.25,2,0.1666666667,3.75,2.667140109,3.788732394,0.4862103175,0.4108140159,463.1397629,,2.0,1.0,8.0,8.0,7.0,5.0,1.0,1.0,4.0,2.0,3.0,3.0,,,,,,,,,,,,,,Brendon & Rachel (USA24),1,10,8.0,2.0,0.8,71,38.0,33.0,0.5352112676
531,Leo & Jamal,499,50,USA24,Cousins,,2,2,0,All-Male,26.5,0.7071067812,,11,4,11,0.9166666667,1,0.09090909091,0.08333333333,1,0.09090909091,3.727272727,1.555050423,3.826086957,0.5365800866,0.2596838142,511.1296509,,5.0,7.0,3.0,3.0,4.0,1.0,5.0,3.0,3.0,3.0,4.0,,,,,,,,,,,,,,,Leo & Jamal (USA24),1,10,7.0,3.0,0.7,69,39.0,30.0,0.5652173913
532,Jet & Cord,222,50,USA24,Cowboys,,2,2,0,All-Male,33.5,0.7071067812,,10,5,10,0.8333333333,2,0.2,0.1666666667,1,0.1,2.8,1.686548085,2.909090909,0.6917063492,0.3047271375,1077.106933,,1.0,6.0,2.0,1.0,3.0,2.0,4.0,2.0,2.0,5.0,,,,,,,,,,,,,,,,Jet & Cord (USA24),1,10,6.0,4.0,0.6,66,48.0,18.0,0.7272727273
533,Flight Time & Big Easy,212,50,USA24,Harlem Globetrotters,,2,2,0,All-Male,34.5,3.535533906,,8,6,8,0.6666666667,0,0.0,0.0,1,0.125,5.875,0.6408699445,6.043103448,0.2950396825,0.1855784481,-212.0103794,,7.0,5.0,5.0,6.0,6.0,6.0,6.0,6.0,,,,,,,,,,,,,,,,,,Flight Time & Big Easy (USA24),1,10,5.0,5.0,0.5,58,19.0,39.0,0.3275862069
534,Jessica & John,433,50,USA24,Engaged,,2,1,1,Co-Ed,27.5,0.7071067812,,7,7,7,0.5833333333,0,0.0,0.0,1,0.1428571429,6.285714286,2.058663459,6.58490566,0.3137188209,0.2139850498,-202.7498379,,9.0,8.0,7.0,5.0,5.0,3.0,7.0,,,,,,,,,,,,,,,,,,,Jessica & John (USA24),1,10,4.0,6.0,0.4,53,16.0,37.0,0.3018867925
535,Margie & Luke,189,50,USA24,Mother/Son,,2,1,1,Co-Ed,42.0,19.79898987,,5,8,5,0.4166666667,0,0.0,0.0,1,0.2,4.8,2.588435821,4.93902439,0.4913492063,0.3981320155,279.2818991,,3.0,2.0,4.0,7.0,8.0,,,,,,,,,,,,,,,,,,,,,Margie & Luke (USA24),1,10,3.0,7.0,0.3,41,22.0,19.0,0.5365853659
536,Joey & Meghan,429,50,USA24,Best Friends/YouTube Hosts,,2,1,1,Co-Ed,24.0,2.828427125,,3,9,3,0.25,0,0.0,0.0,1,0.3333333333,8.666666667,0.5773502692,8.666666667,0.137037037,0.1516710758,-786.1856649,,8.0,9.0,9.0,,,,,,,,,,,,,,,,,,,,,,,Joey & Meghan (USA24),1,10,2.0,8.0,0.2,27,4.0,23.0,0.1481481481
537,Mark & Mallory,507,50,USA24,Team Kentucky,,2,1,1,Co-Ed,37.5,13.43502884,,2,10,2,0.1666666667,0,0.0,0.0,1,0.5,8.0,2.828427125,8.0,0.25,0.3535533906,-272.0456665,,6.0,10.0,,,,,,,,,,,,,,,,,,,,,,,,Mark & Mallory (USA24),1,10,1.0,9.0,0.1,19,5.0,14.0,0.2631578947
538,Natalie & Nadiya,386,50,USA24,Twins,,2,0,2,All-Female,27.0,0.0,,1,11,1,0.08333333333,0,0.0,0.0,1,1.0,11.0,,11.0,0.0,,-59.35941907,,11.0,,,,,,,,,,,,,,,,,,,,,,,,,Natalie & Nadiya (USA24),1,10,0.0,10.0,0.0,10,0.0,10.0,0.0
539,Hương Giang & Criss,508,51,VIE3,Singer/Athlete,,2,1,1,Co-Ed,27.5,6.363961031,,11,1,11,1.0,4,0.3636363636,0.3636363636,0,0.0,2.363636364,1.80403588,2.315789474,0.7492424242,0.2865613795,940.066263,,2.0,7.0,1.0,1.0,2.0,2.0,4.0,2.0,3.0,1.0,1.0,,,,,,,,,,,,,,,Hương Giang & Criss (VIE3),9,8,8.0,0.0,1.0,57,42.0,15.0,0.7368421053
540,Trang Trần & Hiếu Nguyễn,509,51,VIE3,Model/Actor,,2,1,1,Co-Ed,26.5,3.535533906,,11,2,11,1.0,0,0.0,0.0,0,0.0,3.181818182,0.9816498172,3.368421053,0.5693722944,0.1229319758,343.9073649,,5.0,4.0,4.0,4.0,3.0,3.0,2.0,3.0,2.0,3.0,2.0,,,,,,,,,,,,,,,Trang Trần & Hiếu Nguyễn (VIE3),9,8,7.0,1.0,0.875,57,33.0,24.0,0.5789473684
541,Trang Khiếu & An Đinh,510,51,VIE3,Model/Designer,,2,0,2,All-Female,24.0,1.414213562,,11,3,11,1.0,0,0.0,0.0,3,0.2727272727,4.818181818,1.662418829,5.605263158,0.2493506494,0.232427398,-728.8470178,,6.0,6.0,7.0,6.0,6.0,6.0,3.0,4.0,4.0,2.0,3.0,,,,,,,,,,,,,,,Trang Khiếu & An Đinh (VIE3),9,8,6.0,2.0,0.75,57,15.0,42.0,0.2631578947
542,Kiwi Ngô Mai Trang & Đỗ Hoàng Dương,511,51,VIE3,Married,,2,1,1,Co-Ed,35.5,4.949747468,,10,4,10,0.9090909091,5,0.5,0.4545454545,2,0.2,3.4,2.75680975,4.0,0.6053571429,0.445312096,555.3938714,,8.0,5.0,5.0,7.0,1.0,1.0,1.0,1.0,1.0,4.0,,,,,,,,,,,,,,,,Kiwi Ngô Mai Trang & Đỗ Hoàng Dương (VIE3),9,8,5.0,3.0,0.625,55,31.0,24.0,0.5636363636
543,Sơn Ngọc Minh & Mint,512,51,VIE3,Singer/Sports Coach,,2,1,1,Co-Ed,28.0,5.656854249,,8,5,8,0.7272727273,1,0.125,0.09090909091,1,0.125,4.0,1.511857892,4.673469388,0.4413690476,0.3415245681,-266.0296306,,1.0,3.0,3.0,5.0,5.0,5.0,5.0,5.0,,,,,,,,,,,,,,,,,,Sơn Ngọc Minh & Mint (VIE3),9,8,4.0,4.0,0.5,49,25.0,24.0,0.5102040816
544,Long Điền & Kim Dung,513,51,VIE3,Actors,,2,1,1,Co-Ed,28.0,2.828427125,,7,6,7,0.6363636364,1,0.1428571429,0.09090909091,1,0.1428571429,3.142857143,1.67616342,3.708333333,0.6200680272,0.3440561518,275.272857,,3.0,1.0,2.0,2.0,4.0,4.0,6.0,,,,,,,,,,,,,,,,,,,Long Điền & Kim Dung (VIE3),9,8,3.0,5.0,0.375,45,30.0,15.0,0.6666666667
545,Kim Thanh & Khải Anh,514,51,VIE3,Siblings in Spirit,,2,1,1,Co-Ed,25.0,1.414213562,,5,7,5,0.4545454545,0,0.0,0.0,2,0.4,6.6,2.302172887,8.0,0.2154761905,0.2781870568,-641.7320482,,9.0,8.0,6.0,3.0,7.0,,,,,,,,,,,,,,,,,,,,,Kim Thanh & Khải Anh (VIE3),9,8,2.0,6.0,0.25,35,7.0,28.0,0.2
546,Miko Lan Trinh & Hoàng Nam,515,51,VIE3,Singer/MC,,2,1,1,Co-Ed,28.0,1.414213562,,3,8,3,0.2727272727,0,0.0,0.0,1,0.3333333333,4.666666667,3.055050463,5.483695652,0.5,0.4506939094,-22.01485614,,4.0,2.0,8.0,,,,,,,,,,,,,,,,,,,,,,,Miko Lan Trinh & Hoàng Nam (VIE3),9,8,1.0,7.0,0.125,23,12.0,11.0,0.5217391304
547,Minh Long & Sơn Việt,516,51,VIE3,Friends,,2,2,0,All-Male,27.5,2.121320344,,2,9,2,0.1818181818,0,0.0,0.0,1,0.5,8.0,1.414213562,9.75,0.125,0.1767766953,-456.0168036,,7.0,9.0,,,,,,,,,,,,,,,,,,,,,,,,Minh Long & Sơn Việt (VIE3),9,8,0.0,8.0,0.0,16,2.0,14.0,0.125
548,Mickey & Pete,517,52,CAN2,Best Friends,,2,2,0,All-Male,24.0,0.0,,12,1,12,1.0,1,0.08333333333,0.08333333333,0,0.0,3.666666667,1.874873733,3.285714286,0.5860449735,0.2085028743,528.1802327,,7.0,3.0,5.0,6.0,6.0,3.0,3.0,3.0,2.0,3.0,2.0,1.0,,,,,,,,,,,,,,Mickey & Pete (CAN2),13,10,10.0,0.0,1.0,70,38.0,32.0,0.5428571429
549,Natalie & Meaghan,518,52,CAN2,Teammates,,2,0,2,All-Female,26.0,4.242640687,,12,2,12,1.0,7,0.5833333333,0.5833333333,0,0.0,1.833333333,1.267304465,1.785714286,0.816468254,0.2494303102,1285.781901,,1.0,1.0,1.0,1.0,3.0,5.0,1.0,1.0,3.0,2.0,1.0,2.0,,,,,,,,,,,,,,Natalie & Meaghan (CAN2),13,10,9.0,1.0,0.9,70,60.0,10.0,0.8571428571
550,Ryan & Rob,519,52,CAN2,Co-Workers,,2,2,0,All-Male,30.0,8.485281374,,12,3,12,1.0,0,0.0,0.0,3,0.25,4.666666667,2.10338832,4.771428571,0.3185515873,0.3067144645,-558.4790517,,9.0,7.0,4.0,2.0,2.0,6.0,6.0,5.0,5.0,4.0,3.0,3.0,,,,,,,,,,,,,,Ryan & Rob (CAN2),13,10,8.0,2.0,0.8,70,26.0,44.0,0.3714285714
551,Sukhi & Jinder,520,52,CAN2,Siblings,,2,1,1,Co-Ed,29.0,4.242640687,,11,4,11,0.9166666667,2,0.1818181818,0.1666666667,2,0.1818181818,4.363636364,2.460598597,4.536764706,0.4855339105,0.3530596997,210.3066891,,6.0,6.0,8.0,8.0,4.0,4.0,4.0,2.0,1.0,1.0,4.0,,,,,,,,,,,,,,,Sukhi & Jinder (CAN2),13,10,7.0,3.0,0.7,68,31.0,37.0,0.4558823529
552,Alain & Audrey,521,52,CAN2,Engaged,,2,1,1,Co-Ed,31.5,0.7071067812,,10,5,10,0.8333333333,1,0.1,0.08333333333,1,0.1,3.8,1.988857852,4.015384615,0.4990079365,0.3693856548,-4.49175106,,2.0,2.0,6.0,7.0,1.0,2.0,5.0,4.0,4.0,5.0,,,,,,,,,,,,,,,,Alain & Audrey (CAN2),13,10,6.0,4.0,0.6,65,37.0,28.0,0.5692307692
553,Pierre & Michel,522,52,CAN2,Twin Brothers,,2,2,0,All-Male,42.0,0.0,,8,6,8,0.6666666667,1,0.125,0.08333333333,1,0.125,4.375,2.263846285,4.552631579,0.5328373016,0.3155865728,199.1276953,,8.0,5.0,3.0,5.0,5.0,1.0,2.0,6.0,,,,,,,,,,,,,,,,,,Pierre & Michel (CAN2),13,10,5.0,5.0,0.5,57,30.0,27.0,0.5263157895
554,Rex & Bob,523,52,CAN2,Engaged,,2,2,0,All-Male,49.0,2.828427125,,6,7,6,0.5,0,0.0,0.0,1,0.1666666667,6.0,2.449489743,6.106382979,0.3363756614,0.3366203828,-466.0555942,,3.0,9.0,7.0,3.0,7.0,7.0,,,,,,,,,,,,,,,,,,,,Rex & Bob (CAN2),13,10,4.0,6.0,0.4,47,17.0,30.0,0.3617021277
555,Cormac & Nicole,524,52,CAN2,Son/Mother,,2,1,1,Co-Ed,29.0,14.14213562,,5,8,5,0.4166666667,0,0.0,0.0,1,0.2,4.4,2.19089023,4.524390244,0.5626190476,0.3331287638,130.8128645,,4.0,4.0,2.0,4.0,8.0,,,,,,,,,,,,,,,,,,,,,Cormac & Nicole (CAN2),13,10,3.0,7.0,0.3,41,24.0,17.0,0.5853658537
556,Laura & Jackie,525,52,CAN2,Married,,2,0,2,All-Female,29.5,2.121320344,,3,9,3,0.25,0,0.0,0.0,1,0.3333333333,7.333333333,2.081665999,7.333333333,0.2740740741,0.3033421515,-409.7817928,,5.0,8.0,9.0,,,,,,,,,,,,,,,,,,,,,,,Laura & Jackie (CAN2),13,10,2.0,8.0,0.2,27,8.0,19.0,0.2962962963
557,Jen & Shawn,526,52,CAN2,Married,,2,1,1,Co-Ed,40.5,0.7071067812,,2,10,2,0.1666666667,0,0.0,0.0,1,0.5,10.0,0.0,10.0,0.05,0.07071067812,-569.4580309,,10.0,10.0,,,,,,,,,,,,,,,,,,,,,,,,Jen & Shawn (CAN2),13,10,1.0,9.0,0.1,19,1.0,18.0,0.05263157895
558,Shahla & Nabeela,527,52,CAN2,Best Friends,,2,0,2,All-Female,29.0,0.0,,1,11,1,0.08333333333,0,0.0,0.0,1,1.0,11.0,,11.0,0.0,,-345.9431619,,11.0,,,,,,,,,,,,,,,,,,,,,,,,,Shahla & Nabeela (CAN2),13,10,0.0,10.0,0.0,10,0.0,10.0,0.0
559,Daniel & Ryan,528,53,AUS3,Intensive Care Nurses,,2,2,0,All-Male,30.0,2.828427125,,10,1,10,1.0,3,0.3,0.3,0,0.0,2.8,1.549193338,2.698113208,0.6730952381,0.2858642684,624.7190816,,4.0,3.0,3.0,6.0,3.0,1.0,1.0,3.0,3.0,1.0,,,,,,,,,,,,,,,,Daniel & Ryan (AUS3),7,9,9.0,0.0,1.0,53,35.0,18.0,0.6603773585
560,Sally & Tyson,529,53,AUS3,Engaged Bodybuilders,,2,1,1,Co-Ed,35.5,3.535533906,,10,2,10,1.0,1,0.1,0.1,0,0.0,3.7,2.213594362,3.830188679,0.5307539683,0.2328707554,241.9404945,,9.0,4.0,4.0,5.0,4.0,3.0,3.0,1.0,2.0,2.0,,,,,,,,,,,,,,,,Sally & Tyson (AUS3),7,9,8.0,1.0,0.8888888889,53,26.0,27.0,0.4905660377
561,Ashleigh & Jarrod,530,53,AUS3,Newlyweds,,2,1,1,Co-Ed,27.5,0.7071067812,,10,3,10,1.0,1,0.1,0.1,2,0.2,3.6,2.011080417,3.997903564,0.513968254,0.347852957,171.5792925,,6.0,7.0,5.0,3.0,2.0,2.0,5.0,2.0,1.0,3.0,,,,,,,,,,,,,,,,Ashleigh & Jarrod (AUS3),7,9,7.0,2.0,0.7777777778,53,27.0,26.0,0.5094339623
562,Carla & Hereni,531,53,AUS3,Fitness Mums,,2,0,2,All-Female,39.5,3.535533906,,9,4,9,0.9,1,0.1111111111,0.1,1,0.1111111111,4.111111111,2.204792759,4.660130719,0.4110670194,0.3659911645,-281.9331368,,2.0,8.0,6.0,1.0,5.0,5.0,2.0,4.0,4.0,,,,,,,,,,,,,,,,,Carla & Hereni (AUS3),7,9,6.0,3.0,0.6666666667,51,23.0,28.0,0.4509803922
563,Cat & Jesse,532,53,AUS3,Foster Parents,,2,1,1,Co-Ed,37.0,1.414213562,,8,5,8,0.8,0,0.0,0.0,2,0.25,5.375,1.505940617,6.266203704,0.2518849206,0.2016796517,-736.7915395,,8.0,5.0,7.0,4.0,6.0,4.0,4.0,5.0,,,,,,,,,,,,,,,,,,Cat & Jesse (AUS3),7,9,5.0,4.0,0.5555555556,48,13.0,35.0,0.2708333333
564,John & Murray,533,53,AUS3,Best Mates,,2,2,0,All-Male,35.0,0.0,,6,6,6,0.6,3,0.5,0.3,1,0.1666666667,2.166666667,1.940790217,2.361111111,0.7847222222,0.391237945,721.3244828,,1.0,2.0,1.0,2.0,1.0,6.0,,,,,,,,,,,,,,,,,,,,John & Murray (AUS3),7,9,4.0,5.0,0.4444444444,40,33.0,7.0,0.825
565,Emily & Jono,534,53,AUS3,Siblings,,2,1,1,Co-Ed,25.0,1.414213562,,4,7,4,0.4,1,0.25,0.1,1,0.25,3.25,2.62995564,3.5,0.6587301587,0.4486760008,314.1692567,,3.0,1.0,2.0,7.0,,,,,,,,,,,,,,,,,,,,,,Emily & Jono (AUS3),7,9,3.0,6.0,0.3333333333,30,21.0,9.0,0.7
566,Aston & Christie,535,53,AUS3,Feisty Friends,,2,0,2,All-Female,33.5,2.121320344,,3,8,3,0.3,0,0.0,0.0,1,0.3333333333,7.0,1.0,7.666666667,0.2361111111,0.2055367859,-442.7329343,,7.0,6.0,8.0,,,,,,,,,,,,,,,,,,,,,,,Aston & Christie (AUS3),7,9,2.0,7.0,0.2222222222,24,6.0,18.0,0.25
567,Elizabeth & Todd,536,53,AUS3,Mother/Son,,2,1,1,Co-Ed,37.5,17.67766953,,2,9,2,0.2,0,0.0,0.0,1,0.5,7.0,2.828427125,7.666666667,0.2777777778,0.3928371007,-280.082188,,5.0,9.0,,,,,,,,,,,,,,,,,,,,,,,,Elizabeth & Todd (AUS3),7,9,1.0,8.0,0.1111111111,17,5.0,12.0,0.2941176471
568,Inga & Tiharna,537,53,AUS3,Pageant Models,,2,0,2,All-Female,26.5,0.7071067812,,1,10,1,0.1,0,0.0,0.0,1,1.0,10.0,,11.0,0.0,,-332.1928095,,10.0,,,,,,,,,,,,,,,,,,,,,,,,,Inga & Tiharna (AUS3),7,9,0.0,9.0,0.0,9,0.0,9.0,0.0
569,Amy & Maya,538,54,USA25,#SweetScientists,,2,0,2,All-Female,26.5,3.535533906,,12,1,12,1.0,1,0.08333333333,0.08333333333,1,0.08333333333,4.5,2.022599587,4.0,0.4183201058,0.2781665921,-72.01092201,,6.0,8.0,5.0,4.0,7.0,6.0,3.0,4.0,4.0,2.0,4.0,1.0,,,,,,,,,,,,,,Amy & Maya (USA25),1,10,10.0,0.0,1.0,70,28.0,42.0,0.4
570,Misti & Jim,539,54,USA25,#TheDentists,,2,1,1,Co-Ed,36.5,0.7071067812,,12,2,12,1.0,5,0.4166666667,0.4166666667,1,0.08333333333,2.583333333,2.234373344,2.492857143,0.7062169312,0.3480338826,905.4075473,,1.0,2.0,1.0,8.0,6.0,1.0,1.0,2.0,3.0,1.0,3.0,2.0,,,,,,,,,,,,,,Misti & Jim (USA25),1,10,9.0,1.0,0.9,70,51.0,19.0,0.7285714286
571,Adam & Bethany,540,54,USA25,#SoulSurfers,,2,1,1,Co-Ed,25.0,1.414213562,,12,3,12,1.0,3,0.25,0.25,0,0.0,2.833333333,1.898963034,2.885714286,0.6534722222,0.3243912914,730.8099296,,5.0,1.0,2.0,7.0,2.0,2.0,5.0,1.0,1.0,3.0,2.0,3.0,,,,,,,,,,,,,,Adam & Bethany (USA25),1,10,8.0,2.0,0.8,70,48.0,22.0,0.6857142857
572,Brooke & Robbie,541,54,USA25,#TheWrestlers,,2,1,1,Co-Ed,29.5,0.7071067812,,12,4,12,1.0,1,0.08333333333,0.08333333333,2,0.1666666667,4.083333333,1.729862492,4.435714286,0.4481150794,0.3196630437,-41.18124825,,4.0,7.0,6.0,2.0,5.0,5.0,4.0,5.0,2.0,4.0,1.0,4.0,,,,,,,,,,,,,,Brooke & Robbie (USA25),1,10,7.0,3.0,0.7,70,33.0,37.0,0.4714285714
573,Kym & Alli,542,54,USA25,#TheCyclists,,2,0,2,All-Female,28.0,2.828427125,,9,5,9,0.75,2,0.2222222222,0.1666666667,1,0.1111111111,3.111111111,1.900292375,3.180327869,0.6549382716,0.3338011121,593.550486,,3.0,3.0,7.0,1.0,1.0,3.0,2.0,3.0,5.0,,,,,,,,,,,,,,,,,Kym & Alli (USA25),1,10,6.0,4.0,0.6,61,42.0,19.0,0.6885245902
574,Tim & Te Jay,543,54,USA25,#CollegeSweethearts,,2,2,0,All-Male,23.5,0.7071067812,,8,6,8,0.6666666667,0,0.0,0.0,2,0.25,4.875,1.885091889,5.078947368,0.4029265873,0.3336691793,-311.7367723,,2.0,5.0,8.0,5.0,3.0,4.0,6.0,6.0,,,,,,,,,,,,,,,,,,Tim & Te Jay (USA25),1,10,5.0,5.0,0.5,57,26.0,31.0,0.4561403509
575,Shelley & Nici,544,54,USA25,#MomDaughter,,2,0,2,All-Female,33.0,12.72792206,,6,7,6,0.5,0,0.0,0.0,1,0.1666666667,6.333333333,2.065591118,6.446808511,0.315542328,0.2464679207,-457.5647103,,8.0,9.0,4.0,6.0,4.0,7.0,,,,,,,,,,,,,,,,,,,,Shelley & Nici (USA25),1,10,4.0,6.0,0.4,47,15.0,32.0,0.3191489362
576,Keith & Whitney,545,54,USA25,#TeamNashville,,2,1,1,Co-Ed,29.0,0.0,,5,8,5,0.4166666667,0,0.0,0.0,1,0.2,5.4,2.880972058,5.56097561,0.4661904762,0.3429579878,-65.22462823,,9.0,4.0,3.0,3.0,8.0,,,,,,,,,,,,,,,,,,,,,Keith & Whitney (USA25),1,10,3.0,7.0,0.3,41,19.0,22.0,0.4634146341
577,Michael & Scott,546,54,USA25,#TheFirefighters,,2,2,0,All-Male,39.5,0.7071067812,,3,9,3,0.25,0,0.0,0.0,1,0.3333333333,8.333333333,2.081665999,8.333333333,0.1814814815,0.2331568998,-547.932897,,10.0,6.0,9.0,,,,,,,,,,,,,,,,,,,,,,,Michael & Scott (USA25),1,10,2.0,8.0,0.2,27,5.0,22.0,0.1851851852
578,Dennis & Isabelle,547,54,USA25,#TheDatingCouple,,2,1,1,Co-Ed,29.0,1.414213562,,2,10,2,0.1666666667,0,0.0,0.0,1,0.5,8.5,2.121320344,8.5,0.2,0.2828427125,-388.173623,,7.0,10.0,,,,,,,,,,,,,,,,,,,,,,,,Dennis & Isabelle (USA25),1,10,1.0,9.0,0.1,19,4.0,15.0,0.2105263158
579,Lisa & Michelle,548,54,USA25,#MiamiRealtors,,2,0,2,All-Female,25.0,4.242640687,,1,11,1,0.08333333333,0,0.0,0.0,1,1.0,11.0,,11.0,0.0,,-345.9431619,,11.0,,,,,,,,,,,,,,,,,,,,,,,,,Lisa & Michelle (USA25),1,10,0.0,10.0,0.0,10,0.0,10.0,0.0
580,Giovanni & Juan Carlos,549,55,LAM6,Brothers-in-Law,,2,2,0,All-Male,44.5,0.7071067812,,13,1,13,1.0,3,0.2307692308,0.2307692308,0,0.0,3.076923077,1.754116039,2.901408451,0.6510989011,0.250823691,803.8633456,,3.0,7.0,3.0,3.0,5.0,5.0,3.0,3.0,3.0,1.0,1.0,2.0,1.0,,,,,,,,,,,,,Giovanni & Juan Carlos (LAM6),5,10,10.0,0.0,1.0,71,44.0,27.0,0.6197183099
581,Javier & Nicolas,550,55,LAM6,Partners,,2,2,0,All-Male,30.0,0.0,,13,2,13,1.0,4,0.3076923077,0.3076923077,0,0.0,2.692307692,2.015961945,2.704225352,0.7064713065,0.2635689165,962.4060962,,2.0,8.0,1.0,5.0,4.0,3.0,1.0,2.0,1.0,3.0,2.0,1.0,2.0,,,,,,,,,,,,,Javier & Nicolas (LAM6),5,10,9.0,1.0,0.9,71,49.0,22.0,0.6901408451
582,Juan & Cecilia,551,55,LAM6,Father/Daughter,,2,1,1,Co-Ed,37.5,19.09188309,,13,3,13,1.0,1,0.07692307692,0.07692307692,3,0.2307692308,4.230769231,2.350668208,4.549295775,0.3617521368,0.3424527126,-341.0991877,,5.0,9.0,8.0,1.0,2.0,4.0,6.0,5.0,4.0,2.0,3.0,3.0,3.0,,,,,,,,,,,,,Juan & Cecilia (LAM6),5,10,8.0,2.0,0.8,71,29.0,42.0,0.4084507042
583,Christian & Dina,552,55,LAM6,Friends,,2,1,1,Co-Ed,24.5,2.121320344,,11,4,11,0.8461538462,1,0.09090909091,0.07692307692,1,0.09090909091,4.090909091,2.586679163,4.298507463,0.5118326118,0.3257842167,228.5722046,,10.0,6.0,5.0,6.0,3.0,2.0,2.0,1.0,2.0,4.0,4.0,,,,,,,,,,,,,,,Christian & Dina (LAM6),5,10,7.0,3.0,0.7,67,33.0,34.0,0.4925373134
584,Martín & Jenny,553,55,LAM6,Dating,,2,1,1,Co-Ed,27.5,2.121320344,,10,5,10,0.7692307692,0,0.0,0.0,2,0.2,5.0,1.054092553,5.375,0.321031746,0.2432681016,-621.65512,,4.0,5.0,7.0,4.0,6.0,6.0,4.0,4.0,5.0,5.0,,,,,,,,,,,,,,,,Martín & Jenny (LAM6),5,10,6.0,4.0,0.6,64,24.0,40.0,0.375
585,Stefanía & Felipe,554,55,LAM6,Married,,2,1,1,Co-Ed,32.0,8.485281374,,8,6,8,0.6153846154,3,0.375,0.2307692308,1,0.125,2.75,1.982062418,2.875,0.6998511905,0.3903166867,602.9247081,,1.0,4.0,2.0,2.0,1.0,1.0,5.0,6.0,,,,,,,,,,,,,,,,,,Stefanía & Felipe (LAM6),5,10,5.0,5.0,0.5,56,42.0,14.0,0.75
586,Sonia & Gabriel,555,55,LAM6,Friends,,2,1,1,Co-Ed,25.5,0.7071067812,,6,7,6,0.4615384615,1,0.1666666667,0.07692307692,2,0.3333333333,5.666666667,2.658320272,5.869565217,0.3446428571,0.3970795813,-458.2955321,,8.0,1.0,4.0,7.0,7.0,7.0,,,,,,,,,,,,,,,,,,,,Sonia & Gabriel (LAM6),5,10,4.0,6.0,0.4,46,18.0,28.0,0.3913043478
587,Clara & Delfina,556,55,LAM6,Sisters,,2,0,2,All-Female,26.5,2.121320344,,4,8,4,0.3076923077,0,0.0,0.0,1,0.25,5.5,2.516611478,5.5,0.4409722222,0.3664798556,-142.4401112,,6.0,2.0,6.0,8.0,,,,,,,,,,,,,,,,,,,,,,Clara & Delfina (LAM6),5,10,3.0,7.0,0.3,34,16.0,18.0,0.4705882353
588,Audi & David,557,55,LAM6,Friends,,2,1,1,Co-Ed,24.0,1.414213562,,3,9,3,0.2307692308,0,0.0,0.0,1,0.3333333333,7.0,3.464101615,7.0,0.3259259259,0.4038905446,-300.1596187,,9.0,3.0,9.0,,,,,,,,,,,,,,,,,,,,,,,Audi & David (LAM6),5,10,2.0,8.0,0.2,27,9.0,18.0,0.3333333333
589,Carlos & Orlando,558,55,LAM6,Boyfriends,,2,2,0,All-Male,24.5,4.949747468,,2,10,2,0.1538461538,0,0.0,0.0,1,0.5,8.5,2.121320344,8.5,0.2,0.2828427125,-388.173623,,7.0,10.0,,,,,,,,,,,,,,,,,,,,,,,,Carlos & Orlando (LAM6),5,10,1.0,9.0,0.1,19,4.0,15.0,0.2105263158
590,Ana & Vantroy,559,55,LAM6,Student/Teacher,,2,1,1,Co-Ed,27.0,0.0,,1,11,1,0.07692307692,0,0.0,0.0,1,1.0,11.0,,11.0,0.0,,-345.9431619,,11.0,,,,,,,,,,,,,,,,,,,,,,,,,Ana & Vantroy (LAM6),5,10,0.0,10.0,0.0,10,0.0,10.0,0.0
591,Matt & Phoebe,560,56,PHI2,#DatingCouple,,2,1,1,Co-Ed,21.5,0.7071067812,,10,1,10,1.0,5,0.5,0.5,0,0.0,2.1,1.449137675,1.901639344,0.81,0.2414206922,1249.143225,,3.0,1.0,1.0,1.0,5.0,4.0,2.0,1.0,2.0,1.0,,,,,,,,,,,,,,,,Matt & Phoebe (PHI2),11,10,10.0,0.0,1.0,61,50.0,11.0,0.8196721311
592,Kelvin & JP,561,56,PHI2,#TeamMrPogi,,2,2,0,All-Male,24.0,1.414213562,,10,2,10,1.0,1,0.1,0.1,0,0.0,4.6,2.319003617,4.245901639,0.4526190476,0.2764057955,104.5976631,,6.0,7.0,7.0,7.0,6.0,2.0,4.0,4.0,1.0,2.0,,,,,,,,,,,,,,,,Kelvin & JP (PHI2),11,10,9.0,1.0,0.9,61,25.0,36.0,0.4098360656
593,Roch & Eji,562,56,PHI2,#Chefs,,2,1,1,Co-Ed,31.5,3.535533906,,10,3,10,1.0,1,0.1,0.1,1,0.1,3.4,1.712697677,3.360655738,0.5613095238,0.3023211883,450.9250699,,7.0,4.0,2.0,4.0,2.0,5.0,1.0,3.0,3.0,3.0,,,,,,,,,,,,,,,,Roch & Eji (PHI2),11,10,8.0,2.0,0.8,61,37.0,24.0,0.606557377
594,Jet & Yna,563,56,PHI2,#Magkapatid,,2,1,1,Co-Ed,28.5,0.7071067812,,9,4,9,0.9,0,0.0,0.0,1,0.1111111111,2.666666667,0.7071067812,2.652542373,0.6810405644,0.2765546895,739.8723477,,2.0,2.0,3.0,2.0,3.0,3.0,3.0,2.0,4.0,,,,,,,,,,,,,,,,,Jet & Yna (PHI2),11,10,7.0,3.0,0.7,59,44.0,15.0,0.7457627119
595,AJ & Jody,564,56,PHI2,#MagAma,,2,2,0,All-Male,36.5,21.92031022,,8,5,8,0.8,2,0.25,0.2,1,0.125,3.75,1.908627031,3.75,0.5868551587,0.3493420833,366.0868471,,5.0,5.0,4.0,3.0,1.0,1.0,6.0,5.0,,,,,,,,,,,,,,,,,,AJ & Jody (PHI2),11,10,6.0,4.0,0.6,56,34.0,22.0,0.6071428571
596,Vince & Ed,565,56,PHI2,#Nerds,,2,2,0,All-Male,22.5,2.121320344,,8,6,8,0.8,1,0.125,0.1,1,0.125,4.375,1.685018016,4.616071429,0.4466269841,0.3296284088,-181.3140114,,1.0,3.0,5.0,5.0,4.0,6.0,5.0,6.0,,,,,,,,,,,,,,,,,,Vince & Ed (PHI2),11,10,5.0,5.0,0.5,56,29.0,27.0,0.5178571429
597,RR & Jeck,566,56,PHI2,#SexyBesties,,2,0,2,All-Female,29.0,1.414213562,,6,7,6,0.6,0,0.0,0.0,2,0.3333333333,7.333333333,1.505545305,7.608695652,0.1638227513,0.1553145235,-879.0498409,,10.0,8.0,6.0,6.0,7.0,7.0,,,,,,,,,,,,,,,,,,,,RR & Jeck (PHI2),11,10,4.0,6.0,0.4,46,8.0,38.0,0.1739130435
598,Tina & Avy,567,56,PHI2,#Blondies,,2,0,2,All-Female,24.0,2.828427125,,4,8,4,0.4,0,0.0,0.0,1,0.25,7.5,1.0,7.5,0.2173611111,0.195083276,-605.0108963,,8.0,6.0,8.0,8.0,,,,,,,,,,,,,,,,,,,,,,Tina & Avy (PHI2),11,10,3.0,7.0,0.3,34,8.0,26.0,0.2352941176
599,Daniel & Charlie,568,56,PHI2,#TeamJuanD,,2,2,0,All-Male,25.0,0.0,,3,9,3,0.3,0,0.0,0.0,1,0.3333333333,9.0,0.0,9.0,0.1037037037,0.1002055501,-692.2838783,,9.0,9.0,9.0,,,,,,,,,,,,,,,,,,,,,,,Daniel & Charlie (PHI2),11,10,2.0,8.0,0.2,27,3.0,24.0,0.1111111111
600,Chen & Luz,569,56,PHI2,#PinayWorldChamps,,2,0,2,All-Female,32.0,5.656854249,,2,10,2,0.2,0,0.0,0.0,1,0.5,7.0,4.242640687,7.0,0.35,0.4949747468,-207.0233637,,4.0,10.0,,,,,,,,,,,,,,,,,,,,,,,,Chen & Luz (PHI2),11,10,1.0,9.0,0.1,19,7.0,12.0,0.3684210526
601,Zarah & Osang,570,56,PHI2,#TravelBuddies,,2,0,2,All-Female,24.5,0.7071067812,,1,11,1,0.1,0,0.0,0.0,1,1.0,11.0,,11.0,0.0,,-345.9431619,,11.0,,,,,,,,,,,,,,,,,,,,,,,,,Zarah & Osang (PHI2),11,10,0.0,10.0,0.0,10,0.0,10.0,0.0
602,Zhong Hanliang & Jackie,571,57,CHN1,Siblings,,2,1,1,Co-Ed,39.0,1.414213562,,11,1,11,1.0,5,0.4545454545,0.4545454545,0,0.0,2.181818182,1.53741223,2.25,0.7945887446,0.2266388811,1266.357561,,5.0,5.0,3.0,1.0,2.0,1.0,2.0,1.0,1.0,2.0,1.0,,,,,,,,,,,,,,,Zhong Hanliang & Jackie (CHN1),14,7,7.0,0.0,1.0,52,39.0,13.0,0.75
603,Li Xiaopeng & Li Anqi,572,57,CHN1,Married,,2,1,1,Co-Ed,30.0,4.242640687,,11,2,11,1.0,4,0.3636363636,0.3636363636,0,0.0,1.727272727,0.6466697907,1.879120879,0.824025974,0.1851164203,1247.455949,,2.0,2.0,1.0,2.0,1.0,2.0,1.0,2.0,3.0,1.0,2.0,,,,,,,,,,,,,,,Li Xiaopeng & Li Anqi (CHN1),14,7,6.0,1.0,0.8571428571,52,44.0,8.0,0.8461538462
604,Bai Jugang & Guan Xiaotong,573,57,CHN1,Classmates,,2,1,1,Co-Ed,19.0,2.828427125,,11,3,5,0.4545454545,0,0.0,0.0,3,0.6,4.8,2.949576241,6.310559006,0.2166666667,0.3312434486,-438.839206,,8.0,8.0,,,,,,,2.0,3.0,3.0,,,,,,,,,,,,,,,Bai Jugang & Guan Xiaotong (CHN1),14,7,5.0,2.0,0.7142857143,23,4.0,19.0,0.1739130435
605,Jin Dachuan & Liu Chang,574,57,CHN1,Buddies,,2,2,0,All-Male,24.5,4.949747468,,10,4,10,0.9090909091,1,0.1,0.09090909091,1,0.1,3.6,1.264911064,4.714285714,0.4338095238,0.28429276,-156.2257197,,1.0,4.0,6.0,4.0,3.0,3.0,3.0,4.0,4.0,4.0,,,,,,,,,,,,,,,,Jin Dachuan & Liu Chang (CHN1),14,7,4.0,3.0,0.5714285714,50,24.0,26.0,0.48
606,Chen Xiaochun & Zheng Yijian,575,57,CHN1,Bros,,2,2,0,All-Male,47.0,0.0,,9,5,9,0.8181818182,1,0.1111111111,0.09090909091,2,0.2222222222,3.777777778,1.56347192,5.179331307,0.4171957672,0.3476715913,-235.2395323,,4.0,1.0,2.0,6.0,4.0,5.0,4.0,3.0,5.0,,,,,,,,,,,,,,,,,Chen Xiaochun & Zheng Yijian (CHN1),14,7,3.0,4.0,0.4285714286,47,22.0,25.0,0.4680851064
607,Chen Yiru & Zhou Weitong,576,57,CHN1,Friends,,2,1,1,Co-Ed,33.0,1.414213562,,8,6,8,0.7272727273,0,0.0,0.0,2,0.25,4.375,0.9161253813,6.382059801,0.3202380952,0.2805860635,-513.6727139,,3.0,3.0,5.0,5.0,5.0,4.0,5.0,5.0,,,,,,,,,,,,,,,,,,Chen Yiru & Zhou Weitong (CHN1),14,7,2.0,5.0,0.2857142857,43,16.0,27.0,0.3720930233
608,Zhang Tielin & Yueliang,577,57,CHN1,Father & Daughter,,2,1,1,Co-Ed,40.0,24.04163056,,6,7,6,0.5454545455,0,0.0,0.0,2,0.3333333333,5.166666667,1.329160136,7.632653061,0.2785714286,0.2480536479,-539.7502085,,6.0,6.0,4.0,3.0,6.0,6.0,,,,,,,,,,,,,,,,,,,,Zhang Tielin & Yueliang (CHN1),14,7,1.0,6.0,0.1428571429,35,10.0,25.0,0.2857142857
609,Ying Cai'er & Liu Yun,578,57,CHN1,Besties,,2,0,2,All-Female,31.5,0.7071067812,,3,8,3,0.2727272727,0,0.0,0.0,1,0.3333333333,7.0,0.0,10.0,0.09523809524,0.08247860988,-630.0861292,,7.0,7.0,7.0,,,,,,,,,,,,,,,,,,,,,,,Ying Cai'er & Liu Yun (CHN1),14,7,0.0,7.0,0.0,20,2.0,18.0,0.1
610,Shay & Shani,579,58,ISR4,Wife and Husband's Best Friend,,2,1,1,Co-Ed,27.5,0.7071067812,,14,1,13,0.9285714286,1,0.07692307692,0.07142857143,0,0.0,4.307692308,1.750457816,3.5,0.5230907981,0.2242054265,188.6083611,,2.0,,7.0,5.0,6.0,5.0,6.0,4.0,4.0,5.0,5.0,4.0,2.0,1.0,,,,,,,,,,,,Shay & Shani (ISR4),4,13,13.0,0.0,1.0,86,43.0,43.0,0.5
611,Tom & Uriel,580,58,ISR4,Gay Best Friends,,2,2,0,All-Male,23.0,4.242640687,,14,2,13,0.9285714286,4,0.3076923077,0.2857142857,0,0.0,2.846153846,1.908147175,2.502683363,0.7310689311,0.2571650784,1132.350314,,,3.0,3.0,2.0,7.0,3.0,3.0,1.0,6.0,4.0,1.0,1.0,1.0,2.0,,,,,,,,,,,,Tom & Uriel (ISR4),4,13,12.0,1.0,0.9230769231,86,62.0,24.0,0.7209302326
612,Yochi & Linor,581,58,ISR4,Ex-Religious Friends,,2,0,2,All-Female,24.0,0.0,,14,3,13,0.9285714286,1,0.07692307692,0.07142857143,2,0.1538461538,4.461538462,2.183856856,4.018783542,0.4523421023,0.2896133803,33.5675983,,4.0,,4.0,6.0,5.0,9.0,7.0,6.0,5.0,1.0,2.0,3.0,3.0,3.0,,,,,,,,,,,,Yochi & Linor (ISR4),4,13,11.0,2.0,0.8461538462,86,41.0,45.0,0.476744186
613,Vova & Alla,582,58,ISR4,Exes,,2,1,1,Co-Ed,26.0,1.414213562,,13,4,12,0.8571428571,1,0.08333333333,0.07142857143,1,0.08333333333,6.0,2.662876094,5.395604396,0.303018278,0.2965297819,-726.8145733,,1.0,,9.0,7.0,9.0,8.0,8.0,7.0,7.0,6.0,4.0,2.0,4.0,,,,,,,,,,,,,Vova & Alla (ISR4),4,13,10.0,3.0,0.7692307692,84,24.0,60.0,0.2857142857
614,Gal & Liel,583,58,ISR4,Engaged from Ashdod,,2,1,1,Co-Ed,26.0,0.0,,12,5,11,0.7857142857,1,0.09090909091,0.07142857143,1,0.09090909091,4.0,1.949358869,3.663817664,0.5771054703,0.2713870533,391.4277595,,,2.0,8.0,4.0,4.0,6.0,1.0,5.0,3.0,3.0,3.0,5.0,,,,,,,,,,,,,,Gal & Liel (ISR4),4,13,9.0,4.0,0.6923076923,81,48.0,33.0,0.5925925926
615,Daniel & Meiri,584,58,ISR4,Business Partners,,2,2,0,All-Male,24.5,0.7071067812,,11,6,10,0.7142857143,4,0.4,0.2857142857,1,0.1,2.5,1.779513042,2.348651349,0.7555952381,0.3353510596,1100.065168,,5.0,,1.0,3.0,1.0,1.0,2.0,3.0,1.0,2.0,6.0,,,,,,,,,,,,,,,Daniel & Meiri (ISR4),4,13,8.0,5.0,0.6153846154,77,62.0,15.0,0.8051948052
616,Alexa & Raz,585,58,ISR4,Spouses,,2,1,1,Co-Ed,25.0,5.656854249,,10,7,9,0.6428571429,1,0.1111111111,0.07142857143,1,0.1111111111,3.222222222,1.986062548,3.02991453,0.6788319705,0.3316988132,727.4331951,,,5.0,2.0,1.0,3.0,2.0,5.0,2.0,2.0,7.0,,,,,,,,,,,,,,,,Alexa & Raz (ISR4),4,13,7.0,6.0,0.5384615385,72,52.0,20.0,0.7222222222
617,Shay & Adi,586,58,ISR4,Identical Twins,,2,2,0,All-Male,27.0,0.0,,9,8,8,0.5714285714,0,0.0,0.0,2,0.25,6.75,2.659215781,6.361305361,0.2890467172,0.3106904863,-636.198999,,,6.0,10.0,9.0,2.0,7.0,4.0,8.0,8.0,,,,,,,,,,,,,,,,,Shay & Adi (ISR4),4,13,6.0,7.0,0.4615384615,66,20.0,46.0,0.303030303
618,Roni & Yael,587,58,ISR4,Sisters,,2,0,2,All-Female,30.0,2.828427125,,7,9,6,0.4285714286,0,0.0,0.0,1,0.1666666667,6.833333333,2.562550813,6.436390533,0.3321127946,0.2591273537,-489.8841754,,,4.0,6.0,10.0,8.0,4.0,9.0,,,,,,,,,,,,,,,,,,,Roni & Yael (ISR4),4,13,5.0,8.0,0.3846153846,52,17.0,35.0,0.3269230769
619,Yafa & Boaz,588,58,ISR4,Mother/Son,,2,1,1,Co-Ed,42.0,21.21320344,,5,10,4,0.2857142857,1,0.25,0.07142857143,1,0.25,6.0,3.915780041,5.700854701,0.4840909091,0.4311158563,-160.9956044,,,1.0,5.0,8.0,10.0,,,,,,,,,,,,,,,,,,,,,Yafa & Boaz (ISR4),4,13,4.0,9.0,0.3076923077,36,16.0,20.0,0.4444444444
620,Tiltil & Mizrahi,589,58,ISR4,Childhood Friends,,2,2,0,All-Male,37.5,0.7071067812,,4,11,3,0.2142857143,0,0.0,0.0,1,0.3333333333,9.333333333,2.886751346,9.190883191,0.08585858586,0.0834480386,-726.8484108,,6.0,,11.0,11.0,,,,,,,,,,,,,,,,,,,,,,Tiltil & Mizrahi (ISR4),4,13,3.0,10.0,0.2307692308,27,2.0,25.0,0.07407407407
621,Irit & Sinai,590,58,ISR4,Mother/Daughter,,2,0,2,All-Female,42.5,16.26345597,,3,12,2,0.1428571429,0,0.0,0.0,1,0.5,7.5,6.363961031,8.058823529,0.3333333333,0.4714045208,-271.2396484,,3.0,,12.0,,,,,,,,,,,,,,,,,,,,,,,Irit & Sinai (ISR4),4,13,2.0,11.0,0.1538461538,17,4.0,13.0,0.2352941176
622,Huti & Tzuki,591,58,ISR4,Cousins from Petah Tikva,,2,0,2,All-Female,29.0,0.0,,2,13,1,0.07142857143,0,0.0,0.0,1,1.0,7.0,,10.80769231,0.0,,-280.7354922,,,7.0,,,,,,,,,,,,,,,,,,,,,,,,Huti & Tzuki (ISR4),4,13,0.5,12.5,0.03846153846,6,0.0,6.0,0.0
623,Pnina & Hen,592,58,ISR4,Mother/Daughter,,2,0,2,All-Female,40.0,26.87005769,,1,13,1,0.07142857143,0,0.0,0.0,1,1.0,7.0,,10.80769231,0.0,,-280.7354922,,7.0,,,,,,,,,,,,,,,,,,,,,,,,,Pnina & Hen (ISR4),4,13,0.5,12.5,0.03846153846,6,0.0,6.0,0.0
624,Laura & Tyler,593,59,USA26,#TeamSoCal,,2,1,1,Co-Ed,27.5,2.121320344,,12,1,12,1.0,3,0.25,0.25,0,0.0,3.083333333,1.781640375,2.736111111,0.6478835979,0.3158476505,702.4679346,,3.0,2.0,4.0,4.0,6.0,6.0,2.0,1.0,1.0,4.0,3.0,1.0,,,,,,,,,,,,,,Laura & Tyler (USA26),1,10,10.0,0.0,1.0,72,47.0,25.0,0.6527777778
625,Jelani & Jenny,594,59,USA26,#TheLegalTeam,,2,1,1,Co-Ed,32.0,0.0,,12,2,12,1.0,2,0.1666666667,0.1666666667,0,0.0,3.166666667,1.749458791,2.986111111,0.6073412698,0.2445161448,501.4451982,,1.0,1.0,3.0,7.0,4.0,5.0,4.0,4.0,3.0,2.0,2.0,2.0,,,,,,,,,,,,,,Jelani & Jenny (USA26),1,10,9.0,1.0,0.9,72,46.0,26.0,0.6388888889
626,Hayley & Blair,595,59,USA26,#RxForLove,,2,1,1,Co-Ed,29.5,2.121320344,,12,3,12,1.0,3,0.25,0.25,0,0.0,3.333333333,2.674231694,3.333333333,0.6560846561,0.3082966912,830.8761135,,8.0,9.0,2.0,2.0,5.0,1.0,3.0,3.0,2.0,1.0,1.0,3.0,,,,,,,,,,,,,,Hayley & Blair (USA26),1,10,8.0,2.0,0.8,72,44.0,28.0,0.6111111111
627,Mike & Rochelle,596,59,USA26,#TruckStopLove,,2,1,1,Co-Ed,27.5,2.121320344,,12,4,12,1.0,1,0.08333333333,0.08333333333,2,0.1666666667,4.75,2.00567377,5.0625,0.329728836,0.2864686339,-541.9041365,,7.0,8.0,1.0,6.0,7.0,3.0,5.0,5.0,4.0,3.0,4.0,4.0,,,,,,,,,,,,,,Mike & Rochelle (USA26),1,10,7.0,3.0,0.7,72,27.0,45.0,0.375
628,Matt & Ashley,597,59,USA26,#TheHairstylists,,2,1,1,Co-Ed,29.0,1.414213562,,10,5,10,0.8333333333,1,0.1,0.08333333333,2,0.2,4.9,2.685351208,5.136363636,0.419047619,0.3614855028,-143.0686447,,9.0,7.0,6.0,8.0,2.0,4.0,1.0,2.0,5.0,5.0,,,,,,,,,,,,,,,,Matt & Ashley (USA26),1,10,6.0,4.0,0.6,66,27.0,39.0,0.4090909091
629,Aly & Steve,598,59,USA26,#SochiLove,,2,1,1,Co-Ed,27.5,4.949747468,,8,6,8,0.6666666667,1,0.125,0.08333333333,2,0.25,3.75,1.832250763,3.844827586,0.5701388889,0.3782319574,222.0621171,,4.0,3.0,5.0,3.0,1.0,2.0,6.0,6.0,,,,,,,,,,,,,,,,,,Aly & Steve (USA26),1,10,5.0,5.0,0.5,58,36.0,22.0,0.6206896552
630,Jeff & Jackie,599,59,USA26,#TeamJJ,,2,1,1,Co-Ed,26.5,0.7071067812,,6,7,6,0.5,0,0.0,0.0,1,0.1666666667,5.166666667,2.316606714,5.166666667,0.4472883598,0.3414553221,-145.1153584,,2.0,6.0,8.0,5.0,3.0,7.0,,,,,,,,,,,,,,,,,,,,Jeff & Jackie (USA26),1,10,4.0,6.0,0.4,48,23.0,25.0,0.4791666667
631,Bergen & Kurt,600,59,USA26,#TeamBlondeDate,,2,2,0,All-Male,23.5,0.7071067812,,5,8,5,0.4166666667,1,0.2,0.08333333333,1,0.2,5.4,2.701851217,5.452380952,0.4611111111,0.3735052514,-74.5042123,,6.0,5.0,7.0,1.0,8.0,,,,,,,,,,,,,,,,,,,,,Bergen & Kurt (USA26),1,10,3.0,7.0,0.3,42,20.0,22.0,0.4761904762
632,Harley & Jonathan,601,59,USA26,#TeamNewKid,,2,2,0,All-Male,43.5,3.535533906,,4,9,4,0.3333333333,0,0.0,0.0,2,0.5,6.75,2.62995564,6.914285714,0.3166666667,0.3666666667,-436.8578187,,5.0,4.0,9.0,9.0,,,,,,,,,,,,,,,,,,,,,,Harley & Jonathan (USA26),1,10,2.0,8.0,0.2,35,12.0,23.0,0.3428571429
633,Libby & CJ,602,59,USA26,#TeamTuskegee,,2,1,1,Co-Ed,25.5,0.7071067812,,2,10,2,0.1666666667,0,0.0,0.0,1,0.5,10.0,0.0,10.0,0.05,0.07071067812,-569.4580309,,10.0,10.0,,,,,,,,,,,,,,,,,,,,,,,,Libby & CJ (USA26),1,10,1.0,9.0,0.1,19,1.0,18.0,0.05263157895
634,Jeff & Lyda,603,59,USA26,#FlightCrew,,2,1,1,Co-Ed,53.0,5.656854249,,1,11,1,0.08333333333,0,0.0,0.0,1,1.0,11.0,,11.0,0.0,,-345.9431619,,11.0,,,,,,,,,,,,,,,,,,,,,,,,,Jeff & Lyda (USA26),1,10,0.0,10.0,0.0,10,0.0,10.0,0.0
635,Gino & Jesse,604,60,CAN3,Brothers,,2,2,0,All-Male,26.5,2.121320344,,12,1,12,1.0,5,0.4166666667,0.4166666667,0,0.0,3.0,2.891995222,2.578947368,0.6962962963,0.3634101897,977.7451878,,1.0,10.0,2.0,7.0,1.0,1.0,2.0,5.0,2.0,1.0,3.0,1.0,,,,,,,,,,,,,,Gino & Jesse (CAN3),13,11,11.0,0.0,1.0,76,52.0,24.0,0.6842105263
636,Nick & Matt,605,60,CAN3,Wrestling Teammates,,2,2,0,All-Male,34.0,1.414213562,,12,2,12,1.0,1,0.08333333333,0.08333333333,0,0.0,2.916666667,1.378954369,2.650717703,0.6870550746,0.1860782684,918.5034731,,6.0,3.0,3.0,3.0,3.0,2.0,5.0,2.0,1.0,3.0,2.0,2.0,,,,,,,,,,,,,,Nick & Matt (CAN3),13,11,10.0,1.0,0.9090909091,76,53.0,23.0,0.6973684211
637,Brent & Sean,606,60,CAN3,Brothers,,2,2,0,All-Male,26.5,2.121320344,,12,3,12,1.0,2,0.1666666667,0.1666666667,2,0.1666666667,3.75,2.050498831,3.565789474,0.5448021886,0.3328347034,439.3954922,,3.0,8.0,6.0,4.0,5.0,4.0,1.0,3.0,5.0,2.0,1.0,3.0,,,,,,,,,,,,,,Brent & Sean (CAN3),13,11,9.0,2.0,0.8181818182,76,43.0,33.0,0.5657894737
638,Simi & Ope,607,60,CAN3,Father/Daughter,,2,1,1,Co-Ed,33.5,17.67766953,,11,4,11,0.9166666667,0,0.0,0.0,2,0.1818181818,5.272727273,1.793929156,5.041769042,0.3306506625,0.2202097713,-486.6053472,,5.0,9.0,5.0,5.0,8.0,5.0,6.0,4.0,3.0,4.0,4.0,,,,,,,,,,,,,,,Simi & Ope (CAN3),13,11,8.0,3.0,0.7272727273,74,27.0,47.0,0.3648648649
639,Dujean & Leilani,608,60,CAN3,Exes,,2,1,1,Co-Ed,24.5,0.7071067812,,10,5,10,0.8333333333,2,0.2,0.1666666667,1,0.1,4.2,2.250925735,4.072983355,0.5261255411,0.3370588836,200.2776252,,8.0,5.0,4.0,1.0,4.0,7.0,3.0,1.0,4.0,5.0,,,,,,,,,,,,,,,,Dujean & Leilani (CAN3),13,11,7.0,4.0,0.6363636364,71,39.0,32.0,0.5492957746
640,Brian & Cynthia,609,60,CAN3,Married,,2,1,1,Co-Ed,43.5,3.535533906,,8,6,8,0.6666666667,0,0.0,0.0,1,0.125,4.625,3.020761493,4.347763348,0.5287833694,0.3626005258,180.0483875,,9.0,2.0,9.0,2.0,2.0,3.0,4.0,6.0,,,,,,,,,,,,,,,,,,Brian & Cynthia (CAN3),13,11,6.0,5.0,0.5454545455,63,34.0,29.0,0.5396825397
641,Neil & Kristin,610,60,CAN3,Father/Daughter,,2,1,1,Co-Ed,46.5,21.92031022,,7,7,7,0.5833333333,1,0.1428571429,0.08333333333,1,0.1428571429,6.142857143,2.672612419,5.796238245,0.3550556586,0.3274324415,-437.2856659,,10.0,6.0,1.0,6.0,7.0,6.0,7.0,,,,,,,,,,,,,,,,,,,Neil & Kristin (CAN3),13,11,5.0,6.0,0.4545454545,58,22.0,36.0,0.3793103448
642,Nic & Sabrina,611,60,CAN3,Dating,,2,1,1,Co-Ed,27.0,7.071067812,,6,8,6,0.5,0,0.0,0.0,1,0.1666666667,6.0,2.529822128,5.72027972,0.3736712362,0.3536397867,-427.2245598,,2.0,4.0,8.0,8.0,6.0,8.0,,,,,,,,,,,,,,,,,,,,Nic & Sabrina (CAN3),13,11,4.0,7.0,0.3636363636,52,22.0,30.0,0.4230769231
643,Hamilton & Michaelia,612,60,CAN3,Engaged,,2,1,1,Co-Ed,19.0,0.0,,4,9,4,0.3333333333,1,0.25,0.08333333333,1,0.25,5.25,3.5,4.863636364,0.5151515152,0.4391326287,-8.220478337,,4.0,1.0,7.0,9.0,,,,,,,,,,,,,,,,,,,,,,Hamilton & Michaelia (CAN3),13,11,3.0,8.0,0.2727272727,38,21.0,17.0,0.5526315789
644,Dana & Amanda,613,60,CAN3,Co-Workers,,2,0,2,All-Female,23.0,0.0,,3,10,3,0.25,0,0.0,0.0,1,0.3333333333,8.0,1.732050808,7.363636364,0.2848484848,0.2481890331,-401.4651796,,7.0,7.0,10.0,,,,,,,,,,,,,,,,,,,,,,,Dana & Amanda (CAN3),13,11,2.0,9.0,0.1818181818,30,9.0,21.0,0.3
645,Susan & Sharnjit,614,60,CAN3,Co-Workers,,2,0,2,All-Female,38.5,0.7071067812,,2,11,2,0.1666666667,0,0.0,0.0,1,0.5,11.0,0.0,10.09090909,0.04545454545,0.06428243465,-596.6726848,,11.0,11.0,,,,,,,,,,,,,,,,,,,,,,,,Susan & Sharnjit (CAN3),13,11,1.0,10.0,0.09090909091,21,1.0,20.0,0.04761904762
646,Max & Elias,615,60,CAN3,Dating,,2,2,0,All-Male,27.5,2.121320344,,1,12,1,0.08333333333,0,0.0,0.0,1,1.0,12.0,,11.0,0.0,,-358.4962501,,12.0,,,,,,,,,,,,,,,,,,,,,,,,,Max & Elias (CAN3),13,11,0.0,11.0,0.0,11,0.0,11.0,0.0
647,Han Geng & Wu Xin,616,61,CHN2,Friends,,2,1,1,Co-Ed,31.5,0.7071067812,,10,1,10,1.0,4,0.4,0.4,1,0.1,2.0,1.154700538,2.5,0.72,0.3126746426,639.3228477,,2.0,4.0,2.0,2.0,1.0,1.0,2.0,1.0,4.0,1.0,,,,,,,,,,,,,,,,Han Geng & Wu Xin (CHN2),14,7,7.0,0.0,1.0,35,24.5,10.5,0.7
648,Yang Qianhua & Ding Zigao,617,61,CHN2,Married,,2,1,1,Co-Ed,38.0,4.242640687,,10,2,10,1.0,3,0.3,0.3,1,0.1,2.2,1.032795559,3.040816327,0.5966666667,0.323350515,264.4958775,,1.0,2.0,1.0,3.0,2.0,3.0,4.0,1.0,3.0,2.0,,,,,,,,,,,,,,,,Yang Qianhua & Ding Zigao (CHN2),14,7,6.0,1.0,0.8571428571,35,22.5,12.5,0.6428571429
649,Xiao Yang & Wang Taili,618,61,CHN2,Partners,,2,2,0,All-Male,40.5,7.778174593,,10,3,10,1.0,1,0.1,0.1,1,0.1,3.3,1.251665557,5.224489796,0.3566666667,0.2810034928,-270.3772815,,5.0,5.0,4.0,4.0,3.0,2.0,3.0,3.0,1.0,3.0,,,,,,,,,,,,,,,,Xiao Yang & Wang Taili (CHN2),14,7,5.0,2.0,0.7142857143,35,12.0,23.0,0.3428571429
650,Jin Zhongguo & Li Guangzhu,619,61,CHN2,Partners,,2,2,0,All-Male,34.5,6.363961031,,9,4,1,0.1,0,0.0,0.0,0,0.0,2.0,,3.380952381,0.6666666667,,82.84202842,,,,,,,,,,2.0,,,,,,,,,,,,,,,,,Jin Zhongguo & Li Guangzhu (CHN2),14,7,4.0,3.0,0.5714285714,3,2.0,1.0,0.6666666667
651,Yuan Zihui & Yuan Heyu,620,61,CHN2,Siblings,,2,1,1,Co-Ed,33.5,4.949747468,,8,5,2,0.2,1,0.5,0.1,1,0.5,2.5,2.121320344,4.928571429,0.5,0.7071067812,13.53468247,,,,,,,,1.0,4.0,,,,,,,,,,,,,,,,,,Yuan Zihui & Yuan Heyu (CHN2),14,7,3.0,4.0,0.4285714286,6,3.0,3.0,0.5
652,Deng Ziqi & Zhang Yunjing,621,61,CHN2,Friends,,2,0,2,All-Female,27.0,5.656854249,,6,6,6,0.6,1,0.1666666667,0.1,4,0.6666666667,3.833333333,1.722401424,7.071428571,0.2666666667,0.4320493799,-465.563434,,6.0,3.0,5.0,1.0,4.0,4.0,,,,,,,,,,,,,,,,,,,,Deng Ziqi & Zhang Yunjing (CHN2),14,7,2.0,5.0,0.2857142857,24,7.0,17.0,0.2916666667
653,Zeng Zhiwei & Zeng Baoyi,622,61,CHN2,Father/Daughter,,2,1,1,Co-Ed,52.0,14.14213562,,4,7,4,0.4,1,0.25,0.1,1,0.25,3.25,1.707825128,5.642857143,0.475,0.411298756,-51.92107666,,4.0,1.0,3.0,5.0,,,,,,,,,,,,,,,,,,,,,,Zeng Zhiwei & Zeng Baoyi (CHN2),14,7,1.0,6.0,0.1428571429,18,9.0,9.0,0.5
654,Feng Zhe & Zhu Zhu,623,61,CHN2,Dating,,2,1,1,Co-Ed,28.5,2.121320344,,2,8,2,0.2,0,0.0,0.0,1,0.5,4.5,2.121320344,8.0,0.3,0.4242640687,-212.3336439,,3.0,6.0,,,,,,,,,,,,,,,,,,,,,,,,Feng Zhe & Zhu Zhu (CHN2),14,7,0.0,7.0,0.0,10,3.0,7.0,0.3
655,Nhật Anh & Ngọc Anh,624,62,VIE4,Diving Coaches,,2,1,1,Co-Ed,29.5,6.363961031,,11,1,11,1.0,7,0.6363636364,0.6363636364,1,0.09090909091,2.0,1.788854382,1.93220339,0.8051948052,0.3403709764,1096.429941,,1.0,2.0,1.0,1.0,5.0,1.0,6.0,1.0,1.0,2.0,1.0,,,,,,,,,,,,,,,Nhật Anh & Ngọc Anh (VIE4),9,7,7.0,0.0,1.0,59,48.0,11.0,0.813559322
656,Chí Thành & Lincoln,625,62,VIE4,Hotel Manager/Student,,2,2,0,All-Male,27.0,2.828427125,,11,2,11,1.0,1,0.09090909091,0.09090909091,0,0.0,3.272727273,1.61807967,3.421307506,0.5898268398,0.2642966341,413.158833,,3.0,5.0,4.0,2.0,4.0,6.0,5.0,2.0,2.0,1.0,2.0,,,,,,,,,,,,,,,Chí Thành & Lincoln (VIE4),9,7,6.0,1.0,0.8571428571,59,34.0,25.0,0.5762711864
657,Băng Di & Trang Pháp,626,62,VIE4,Actor/Singer,,2,0,2,All-Female,25.5,0.7071067812,,11,3,11,1.0,0,0.0,0.0,3,0.2727272727,4.727272727,2.101947149,5.467312349,0.3019480519,0.2737221769,-529.5054376,,8.0,8.0,5.0,7.0,3.0,4.0,2.0,5.0,4.0,3.0,3.0,,,,,,,,,,,,,,,Băng Di & Trang Pháp (VIE4),9,7,5.0,2.0,0.7142857143,59,18.0,41.0,0.3050847458
658,Đăng Hoàng & Thùy Anh,627,62,VIE4,Actors,,2,1,1,Co-Ed,22.0,2.828427125,,10,4,10,0.9090909091,0,0.0,0.0,1,0.1,4.2,1.813529401,5.010025063,0.430952381,0.2808425038,-121.6794655,,5.0,7.0,7.0,5.0,2.0,2.0,4.0,3.0,3.0,4.0,,,,,,,,,,,,,,,,Đăng Hoàng & Thùy Anh (VIE4),9,7,4.0,3.0,0.5714285714,57,25.0,32.0,0.4385964912
659,Nam Thành & Hải Băng,628,62,VIE4,Model/Singer,,2,1,1,Co-Ed,25.5,2.121320344,,9,5,9,0.8181818182,2,0.2222222222,0.1818181818,1,0.1111111111,3.555555556,2.068278941,4.346560847,0.5576719577,0.3716150665,153.6783912,,2.0,6.0,2.0,6.0,1.0,5.0,1.0,4.0,5.0,,,,,,,,,,,,,,,,,Nam Thành & Hải Băng (VIE4),9,7,3.0,4.0,0.4285714286,54,31.0,23.0,0.5740740741
660,Phương Ly & Joo Young,629,62,VIE4,Office Workers,,2,0,2,All-Female,26.0,1.414213562,,8,6,8,0.7272727273,0,0.0,0.0,1,0.125,4.5,1.603567451,5.8,0.4291666667,0.2783685813,-210.1401921,,7.0,4.0,3.0,4.0,6.0,3.0,3.0,6.0,,,,,,,,,,,,,,,,,,Phương Ly & Joo Young (VIE4),9,7,2.0,5.0,0.2857142857,50,22.0,28.0,0.44
661,Song Ngư & Trúc Như,630,62,VIE4,Actresses,,2,0,2,All-Female,23.0,1.414213562,,6,7,6,0.5454545455,0,0.0,0.0,2,0.3333333333,5.333333333,1.861898673,7.035714286,0.3333333333,0.3215608194,-500.3528141,,6.0,3.0,6.0,3.0,7.0,7.0,,,,,,,,,,,,,,,,,,,,Song Ngư & Trúc Như (VIE4),9,7,1.0,6.0,0.1428571429,40,14.0,26.0,0.35
662,Tim & Anh Đức,631,62,VIE4,Singer/Comedian,,2,2,0,All-Male,29.0,1.414213562,,4,8,4,0.3636363636,1,0.25,0.09090909091,2,0.5,5.25,3.403429643,7.071428571,0.3928571429,0.4862042347,-301.5892556,,4.0,1.0,8.0,8.0,,,,,,,,,,,,,,,,,,,,,,Tim & Anh Đức (VIE4),9,7,0.0,7.0,0.0,28,11.0,17.0,0.3928571429
663,Kelsey & Joey,632,63,USA27,#TheReporters,,2,1,1,Co-Ed,25.5,0.7071067812,,12,1,12,1.0,1,0.08333333333,0.08333333333,0,0.0,3.333333333,2.14617348,2.944444444,0.6702380952,0.2026812135,959.7133986,,8.0,7.0,3.0,4.0,4.0,3.0,2.0,2.0,2.0,2.0,2.0,1.0,,,,,,,,,,,,,,Kelsey & Joey (USA27),1,10,10.0,0.0,1.0,72,44.0,28.0,0.6111111111
664,Justin & Diana,633,63,USA27,#TheGreenTeam,,2,1,1,Co-Ed,34.5,6.363961031,,12,2,12,1.0,7,0.5833333333,0.5833333333,0,0.0,2.083333333,2.274696117,1.993055556,0.8137896825,0.2945545512,1451.968493,,9.0,1.0,2.0,1.0,2.0,1.0,1.0,1.0,1.0,1.0,3.0,2.0,,,,,,,,,,,,,,Justin & Diana (USA27),1,10,9.0,1.0,0.9,72,59.0,13.0,0.8194444444
665,Logan & Chris,634,63,USA27,#ThePaparazzi,,2,1,1,Co-Ed,41.0,7.071067812,,12,3,12,1.0,1,0.08333333333,0.08333333333,1,0.08333333333,4.333333333,1.497472618,4.333333333,0.4240079365,0.2665786387,-61.12383925,,5.0,4.0,5.0,6.0,6.0,6.0,5.0,4.0,3.0,4.0,1.0,3.0,,,,,,,,,,,,,,Logan & Chris (USA27),1,10,8.0,2.0,0.8,72,32.0,40.0,0.4444444444
666,Tiffany & Krista,635,63,USA27,#TheCheerleaders,,2,0,2,All-Female,28.0,0.0,,11,4,11,0.9166666667,0,0.0,0.0,2,0.1818181818,5.272727273,2.493628244,5.364285714,0.3361832612,0.2743186443,-369.197797,,10.0,6.0,8.0,8.0,5.0,2.0,3.0,5.0,4.0,3.0,4.0,,,,,,,,,,,,,,,Tiffany & Krista (USA27),1,10,7.0,3.0,0.7,70,23.0,47.0,0.3285714286
667,Denise & James Earl,636,63,USA27,#TeamAlabama,,2,1,1,Co-Ed,38.5,17.67766953,,10,5,10,0.8333333333,1,0.1,0.08333333333,2,0.2,4.3,1.82878223,4.447761194,0.4533730159,0.3524634285,-170.8504514,,4.0,3.0,6.0,3.0,1.0,7.0,6.0,3.0,5.0,5.0,,,,,,,,,,,,,,,,Denise & James Earl (USA27),1,10,6.0,4.0,0.6,67,34.0,33.0,0.5074626866
668,Tanner & Josh,637,63,USA27,#TeamTexas,,2,2,0,All-Male,27.0,1.414213562,,9,6,9,0.75,2,0.2222222222,0.1666666667,2,0.2222222222,3.222222222,1.922093766,3.380952381,0.60670194,0.3908702182,252.6943109,,1.0,2.0,1.0,2.0,3.0,4.0,4.0,6.0,6.0,,,,,,,,,,,,,,,,,Tanner & Josh (USA27),1,10,5.0,5.0,0.5,63,43.0,20.0,0.6825396825
669,Cindy & Rick,638,63,USA27,#ChacAttack,,2,1,1,Co-Ed,37.0,1.414213562,,7,7,7,0.5833333333,0,0.0,0.0,1,0.1428571429,5.571428571,1.511857892,5.830188679,0.35861678,0.2664872588,-461.5565078,,3.0,5.0,7.0,5.0,7.0,5.0,7.0,,,,,,,,,,,,,,,,,,,Cindy & Rick (USA27),1,10,4.0,6.0,0.4,53,21.0,32.0,0.3962264151
670,Jazmine & Danielle,639,63,USA27,#TheTrackStars,,2,0,2,All-Female,22.5,0.7071067812,,5,8,5,0.4166666667,0,0.0,0.0,1,0.2,5.8,2.683281573,5.975609756,0.378015873,0.3728055385,-343.9496098,,2.0,8.0,4.0,7.0,8.0,,,,,,,,,,,,,,,,,,,,,Jazmine & Danielle (USA27),1,10,3.0,7.0,0.3,41,17.0,24.0,0.4146341463
671,Ernest & Jin,640,63,USA27,#TheDancers,,2,2,0,All-Male,27.5,2.121320344,,3,9,3,0.25,0,0.0,0.0,1,0.3333333333,8.333333333,1.154700538,8.333333333,0.1703703704,0.2064794054,-583.9662954,,7.0,9.0,9.0,,,,,,,,,,,,,,,,,,,,,,,Ernest & Jin (USA27),1,10,2.0,8.0,0.2,27,5.0,22.0,0.1851851852
672,Alex & Adam,641,63,USA27,#TheCousins,,2,2,0,All-Male,23.0,1.414213562,,2,10,2,0.1666666667,0,0.0,0.0,1,0.5,8.0,2.828427125,8.0,0.25,0.3535533906,-327.7885396,,6.0,10.0,,,,,,,,,,,,,,,,,,,,,,,,Alex & Adam (USA27),1,10,1.0,9.0,0.1,19,5.0,14.0,0.2631578947
673,Kelly & Shevonne,642,63,USA27,#TeamTMZ,,2,0,2,All-Female,34.0,4.242640687,,1,11,1,0.08333333333,0,0.0,0.0,1,1.0,11.0,,11.0,0.0,,-345.9431619,,11.0,,,,,,,,,,,,,,,,,,,,,,,,,Kelly & Shevonne (USA27),1,10,0.0,10.0,0.0,10,0.0,10.0,0.0
674,Dana & Matt,643,64,USA28,@DanaAlexaNY @MattSteffanina,,2,1,1,Co-Ed,29.5,0.7071067812,,12,1,12,1.0,2,0.1666666667,0.1666666667,0,0.0,3.166666667,1.267304465,2.733333333,0.6331349206,0.2318453712,616.3046151,,1.0,4.0,4.0,3.0,3.0,4.0,4.0,5.0,4.0,3.0,2.0,1.0,,,,,,,,,,,,,,Dana & Matt (USA28),1,10,10.0,0.0,1.0,75,49.0,26.0,0.6533333333
675,Sheri & Cole,644,64,USA28,@SheriLaBrant @TheSuperCole,,2,1,1,Co-Ed,32.0,18.38477631,,12,2,12,1.0,0,0.0,0.0,2,0.1666666667,5.583333333,2.193309386,5.033333333,0.2794973545,0.1828402173,-607.385449,,9.0,8.0,6.0,7.0,7.0,7.0,5.0,6.0,3.0,4.0,3.0,2.0,,,,,,,,,,,,,,Sheri & Cole (USA28),1,10,9.0,1.0,0.9,75,20.0,55.0,0.2666666667
676,Tyler & Korey,645,64,USA28,@TylerOakley @KoreyKuhl,,2,2,0,All-Male,28.0,2.828427125,,12,3,12,1.0,5,0.4166666667,0.4166666667,1,0.08333333333,2.416666667,1.831955405,2.36,0.7164351852,0.3839923671,1007.228166,,2.0,1.0,2.0,2.0,1.0,6.0,6.0,3.0,1.0,1.0,1.0,3.0,,,,,,,,,,,,,,Tyler & Korey (USA28),1,10,8.0,2.0,0.8,75,58.0,17.0,0.7733333333
677,Burnie & Ashley,646,64,USA28,@Burnie @AshleyJ,,2,1,1,Co-Ed,37.5,6.363961031,,11,4,11,0.9166666667,0,0.0,0.0,1,0.09090909091,3.272727273,1.555050423,3.226027397,0.6368326118,0.271564225,716.1686268,,6.0,3.0,3.0,4.0,6.0,2.0,2.0,2.0,2.0,2.0,4.0,,,,,,,,,,,,,,,Burnie & Ashley (USA28),1,10,7.0,3.0,0.7,73,48.0,25.0,0.6575342466
678,Brodie & Kurt,647,64,USA28,@BrodieSmith21 @KurtEGibson,,2,2,0,All-Male,29.0,1.414213562,,10,5,10,0.8333333333,4,0.4,0.3333333333,1,0.1,2.6,1.776388346,2.6,0.7223809524,0.3606777445,855.9363936,,5.0,2.0,1.0,1.0,2.0,1.0,3.0,1.0,5.0,5.0,,,,,,,,,,,,,,,,Brodie & Kurt (USA28),1,10,6.0,4.0,0.6,70,54.0,16.0,0.7714285714
679,Zach & Rachel,648,64,USA28,@FinalCutKing @RachelHolm3,,2,1,1,Co-Ed,25.0,0.0,,9,6,9,0.75,1,0.1111111111,0.08333333333,1,0.1111111111,4.666666667,2.291287847,4.75,0.4895943563,0.3128777496,63.29815019,,3.0,6.0,9.0,5.0,5.0,3.0,1.0,4.0,6.0,,,,,,,,,,,,,,,,,Zach & Rachel (USA28),1,10,5.0,5.0,0.5,66,33.0,33.0,0.5
680,Scott & Blair,649,64,USA28,@ScottFowlerMD @BlairFowler,,2,2,0,All-Male,40.0,25.45584412,,7,7,7,0.5833333333,0,0.0,0.0,2,0.2857142857,7.428571429,2.370453041,7.428571429,0.2074263039,0.2006114564,-816.2883401,,11.0,9.0,8.0,8.0,4.0,5.0,7.0,,,,,,,,,,,,,,,,,,,Scott & Blair (USA28),1,10,4.0,6.0,0.4,56,11.0,45.0,0.1964285714
681,Erin & Joslyn,650,64,USA28,@HeyErinRobinson @JoslynDavis,,2,0,2,All-Female,32.0,1.414213562,,5,8,5,0.4166666667,0,0.0,0.0,1,0.2,7.2,1.923538406,6.988636364,0.2816666667,0.2372001031,-539.635574,,10.0,5.0,7.0,6.0,8.0,,,,,,,,,,,,,,,,,,,,,Erin & Joslyn (USA28),1,10,3.0,7.0,0.3,44,13.0,31.0,0.2954545455
682,Brittany & Jessica,651,64,USA28,@BrittOldehoff @JessVersteeg,,2,0,2,All-Female,27.0,1.414213562,,4,9,4,0.3333333333,0,0.0,0.0,1,0.25,7.0,1.632993162,6.837837838,0.3388888889,0.2375284258,-366.3289082,,7.0,7.0,5.0,9.0,,,,,,,,,,,,,,,,,,,,,,Brittany & Jessica (USA28),1,10,2.0,8.0,0.2,37,13.0,24.0,0.3513513514
683,Darius & Cameron,652,64,USA28,@MrLegenDarius @CameronTheB,,2,2,0,All-Male,20.5,2.121320344,,3,10,3,0.25,0,0.0,0.0,1,0.3333333333,8.0,3.464101615,7.879310345,0.2666666667,0.3785938897,-463.1091491,,4.0,10.0,10.0,,,,,,,,,,,,,,,,,,,,,,,Darius & Cameron (USA28),1,10,1.0,9.0,0.1,29,8.0,21.0,0.275862069
684,Marty & Hagan,653,64,USA28,@FlyGirlMom @HaganElizabeth,,2,0,2,All-Female,36.5,20.50609665,,2,11,2,0.1666666667,0,0.0,0.0,1,0.5,9.5,2.121320344,9.5,0.15,0.2121320344,-466.1885314,,8.0,11.0,,,,,,,,,,,,,,,,,,,,,,,,Marty & Hagan (USA28),1,10,0.0,10.0,0.0,20,3.0,17.0,0.15
685,Tiến Đạt & Thúc Lĩnh Lincoln,654,65,VIE5,Singer/Hotel Manager,,2,2,0,All-Male,30.5,6.363961031,,11,1,11,1.0,5,0.4545454545,0.4545454545,0,0.0,1.636363636,0.6741998625,1.546875,0.8762987013,0.1305083973,1421.817022,,1.0,1.0,1.0,2.0,3.0,2.0,2.0,2.0,2.0,1.0,1.0,,,,,,,,,,,,,,,Tiến Đạt & Thúc Lĩnh Lincoln (VIE5),9,9,9.0,0.0,1.0,64,57.0,7.0,0.890625
686,Hương Giang & Criss Lai,508,65,VIE5,Singer/Athlete,,2,1,1,Co-Ed,29.5,6.363961031,,11,2,11,1.0,3,0.2727272727,0.2727272727,0,0.0,3.454545455,2.339386089,3.34375,0.6159090909,0.2894334902,852.8920001,,3.0,8.0,5.0,6.0,1.0,5.0,4.0,1.0,1.0,2.0,2.0,,,,,,,,,,,,,,,Hương Giang & Criss Lai (VIE5),9,9,8.0,1.0,0.8888888889,64,37.0,27.0,0.578125
687,Nhan Phúc Vinh & Thuỳ Dung,655,65,VIE5,Actor/Editor,,2,1,1,Co-Ed,29.5,0.7071067812,,11,3,11,1.0,1,0.09090909091,0.09090909091,1,0.09090909091,3.454545455,1.368476259,3.578125,0.5164862915,0.2672949046,180.360586,,5.0,5.0,2.0,5.0,5.0,1.0,3.0,3.0,3.0,3.0,3.0,,,,,,,,,,,,,,,Nhan Phúc Vinh & Thuỳ Dung (VIE5),9,9,7.0,2.0,0.7777777778,64,37.0,27.0,0.578125
688,Pha Lê & Hà Việt Dũng,482,65,VIE5,Singer/Actor,,2,1,1,Co-Ed,29.0,0.0,,10,4,10,0.9090909091,1,0.1,0.09090909091,2,0.2,4.1,1.728840331,4.333333333,0.4041269841,0.3492872682,-609.0277683,,4.0,2.0,7.0,1.0,6.0,4.0,5.0,4.0,4.0,4.0,,,,,,,,,,,,,,,,Pha Lê & Hà Việt Dũng (VIE5),9,9,6.0,3.0,0.6666666667,62,31.0,31.0,0.5
689,Anh Tuấn & Thanh Hoa,481,65,VIE5,Stylist/Model,,2,1,1,Co-Ed,29.0,4.242640687,,8,5,8,0.7272727273,1,0.125,0.09090909091,1,0.125,4.125,1.885091889,4.224206349,0.548859127,0.2982739158,25.76126531,,6.0,7.0,3.0,4.0,4.0,3.0,1.0,5.0,,,,,,,,,,,,,,,,,,Anh Tuấn & Thanh Hoa (VIE5),9,9,5.0,4.0,0.5555555556,56,31.0,25.0,0.5535714286
690,Song Ngư & Trúc Như,630,65,VIE5,Actresses,,2,0,2,All-Female,24.0,1.414213562,,7,6,7,0.6363636364,0,0.0,0.0,2,0.2857142857,7.0,2.645751311,7.282051282,0.197845805,0.2977881228,-1137.160223,,10.0,9.0,8.0,8.0,2.0,6.0,6.0,,,,,,,,,,,,,,,,,,,Song Ngư & Trúc Như (VIE5),9,9,4.0,5.0,0.4444444444,52,10.0,42.0,0.1923076923
691,Trần Hiền & Minh Long,656,65,VIE5,Model/Tattoo Artist,,2,1,1,Co-Ed,27.5,0.7071067812,,6,7,6,0.5454545455,0,0.0,0.0,1,0.1666666667,5.666666667,2.338090389,5.964539007,0.3826058201,0.3322649561,-415.6273039,,9.0,4.0,4.0,3.0,7.0,7.0,,,,,,,,,,,,,,,,,,,,Trần Hiền & Minh Long (VIE5),9,9,3.0,6.0,0.3333333333,47,19.0,28.0,0.4042553191
692,Richie & Mimi,359,65,VIE5,Actor/Office Worker,,2,1,1,Co-Ed,35.0,11.3137085,,5,8,5,0.4545454545,0,0.0,0.0,2,0.4,6.4,2.701851217,6.853658537,0.3166666667,0.3703935178,-1080.652765,,2.0,6.0,9.0,7.0,8.0,,,,,,,,,,,,,,,,,,,,,Richie & Mimi (VIE5),9,9,2.0,7.0,0.2222222222,41,14.0,27.0,0.3414634146
693,Sơn Ngọc Minh & Mâu Thanh Thủy,657,65,VIE5,Singer/Model,,2,1,1,Co-Ed,25.0,1.414213562,,4,9,4,0.3636363636,0,0.0,0.0,1,0.25,6.5,2.645751311,7.111111111,0.34375,0.3277650264,-431.40536,,8.0,3.0,6.0,9.0,,,,,,,,,,,,,,,,,,,,,,Sơn Ngọc Minh & Mâu Thanh Thủy (VIE5),9,9,1.0,8.0,0.1111111111,34,12.0,22.0,0.3529411765
694,Đăng Hoàng & Thùy Anh,627,65,VIE5,Teacher/Actor,,2,1,1,Co-Ed,23.0,2.828427125,,2,10,2,0.1818181818,0,0.0,0.0,1,0.5,8.5,2.121320344,9.333333333,0.1666666667,0.2357022604,-564.4022438,,7.0,10.0,,,,,,,,,,,,,,,,,,,,,,,,Đăng Hoàng & Thùy Anh (VIE5),9,9,0.0,9.0,0.0,18,3.0,15.0,0.1666666667
695,Amit & Raz,658,66,ISR5,Father/Son,,2,2,0,All-Male,47.5,21.92031022,,14,1,13,0.9285714286,5,0.3846153846,0.3571428571,0,0.0,3.0,2.483277404,2.547619048,0.751048951,0.2518379292,1264.764902,,1.0,,8.0,6.0,7.0,2.0,4.0,1.0,1.0,2.0,3.0,1.0,2.0,1.0,,,,,,,,,,,,Amit & Raz (ISR5),4,13,13.0,0.0,1.0,84,58.0,26.0,0.6904761905
696,Lee & Tal,659,66,ISR5,Best Friends,,2,0,2,All-Female,26.5,0.7071067812,,14,2,13,0.9285714286,2,0.1538461538,0.1428571429,0,0.0,4.230769231,2.350668208,3.692307692,0.5103174603,0.2573756112,266.3644119,,,4.0,1.0,7.0,8.0,4.0,8.0,5.0,5.0,3.0,4.0,3.0,1.0,2.0,,,,,,,,,,,,Lee & Tal (ISR5),4,13,12.0,1.0,0.9230769231,84,42.0,42.0,0.5
697,Josie & Alex,660,66,ISR5,Best Friends,,2,2,0,All-Male,27.0,1.414213562,,14,3,13,0.9285714286,2,0.1538461538,0.1428571429,2,0.1538461538,3.538461538,1.761409692,3.266483516,0.5272449772,0.3469704465,326.2557866,,6.0,,6.0,5.0,3.0,1.0,1.0,3.0,3.0,6.0,2.0,4.0,3.0,3.0,,,,,,,,,,,,Josie & Alex (ISR5),4,13,11.0,2.0,0.8461538462,84,51.0,33.0,0.6071428571
698,Tzion & Aviv,661,66,ISR5,Football Players,,2,2,0,All-Male,25.0,0.0,,13,4,12,0.8571428571,1,0.08333333333,0.07142857143,2,0.1666666667,3.833333333,2.167249339,3.551594747,0.5524080087,0.3485310386,286.235944,,,2.0,3.0,4.0,4.0,9.0,2.0,6.0,4.0,1.0,5.0,2.0,4.0,,,,,,,,,,,,,Tzion & Aviv (ISR5),4,13,10.0,3.0,0.7692307692,82,48.0,34.0,0.5853658537
699,Yael & Yosiel,662,66,ISR5,Cousins,,2,1,1,Co-Ed,25.0,2.828427125,,12,5,11,0.7857142857,1,0.09090909091,0.07142857143,1,0.09090909091,4.818181818,2.891995222,4.476144109,0.4837399974,0.3481741574,70.37322834,,2.0,,9.0,9.0,2.0,5.0,7.0,7.0,2.0,4.0,1.0,5.0,,,,,,,,,,,,,,Yael & Yosiel (ISR5),4,13,9.0,4.0,0.6923076923,79,37.0,42.0,0.4683544304
700,Ben & Ori,663,66,ISR5,Brothers,,2,2,0,All-Male,23.5,2.121320344,,11,6,10,0.7142857143,0,0.0,0.0,1,0.1,6.2,2.485513584,5.8,0.3108405483,0.2623030828,-636.1383431,,,3.0,10.0,8.0,9.0,7.0,6.0,2.0,6.0,5.0,6.0,,,,,,,,,,,,,,,Ben & Ori (ISR5),4,13,8.0,5.0,0.6153846154,75,23.0,52.0,0.3066666667
701,Shon & Kim,664,66,ISR5,Friends,,2,1,1,Co-Ed,23.0,1.414213562,,9,7,8,0.5714285714,0,0.0,0.0,1,0.125,4.75,1.488047618,4.372781065,0.4953237734,0.2707315999,20.12265828,,,5.0,4.0,2.0,5.0,6.0,5.0,4.0,7.0,,,,,,,,,,,,,,,,,Shon & Kim (ISR5),4,13,7.0,6.0,0.5384615385,65,35.0,30.0,0.5384615385
702,Monada & Adriano,665,66,ISR5,Spouses,,2,1,1,Co-Ed,28.0,2.828427125,,8,8,7,0.5,2,0.2857142857,0.1428571429,1,0.1428571429,3.142857143,2.410295378,2.955671447,0.7012987013,0.3555997755,649.452044,,4.0,,2.0,1.0,1.0,3.0,3.0,8.0,,,,,,,,,,,,,,,,,,Monada & Adriano (ISR5),4,13,6.0,7.0,0.4615384615,59,44.0,15.0,0.7457627119
703,Naomi & Hen,666,66,ISR5,Sisters-in-Law,,2,0,2,All-Female,27.5,3.535533906,,7,9,6,0.4285714286,0,0.0,0.0,1,0.1666666667,6.833333333,2.639444386,6.436390533,0.3287457912,0.2912443011,-565.179849,,3.0,,5.0,10.0,6.0,8.0,9.0,,,,,,,,,,,,,,,,,,,Naomi & Hen (ISR5),4,13,5.0,8.0,0.3846153846,52,17.0,35.0,0.3269230769
704,Gali & Daniel,667,66,ISR5,Spouses,,2,1,1,Co-Ed,24.0,0.0,,5,10,4,0.2857142857,1,0.25,0.07142857143,1,0.25,5.25,4.031128874,4.995726496,0.5636363636,0.4381277472,46.64832474,,,1.0,7.0,3.0,10.0,,,,,,,,,,,,,,,,,,,,,Gali & Daniel (ISR5),4,13,4.0,9.0,0.3076923077,36,19.0,17.0,0.5277777778
705,Dor & Sapir,668,66,ISR5,Online Dating Couple,,2,1,1,Co-Ed,24.0,0.0,,4,11,3,0.2142857143,0,0.0,0.0,1,0.3333333333,9.0,3.464101615,8.863247863,0.1414141414,0.1723103243,-653.3186422,,5.0,,11.0,11.0,,,,,,,,,,,,,,,,,,,,,,Dor & Sapir (ISR5),4,13,3.0,10.0,0.2307692308,27,3.0,24.0,0.1111111111
706,Shira & Bar,669,66,ISR5,Friends,,2,0,2,All-Female,22.0,0.0,,3,12,2,0.1428571429,0,0.0,0.0,1,0.5,9.0,4.242640687,9.687782805,0.08333333333,0.1178511302,-514.1094813,,,6.0,12.0,,,,,,,,,,,,,,,,,,,,,,,Shira & Bar (ISR5),4,13,2.0,11.0,0.1538461538,17,1.0,16.0,0.05882352941
707,Yossi & Lee,670,66,ISR5,Friends,,2,1,1,Co-Ed,22.0,1.414213562,,2,13,1,0.07142857143,0,0.0,0.0,1,1.0,7.0,,10.80769231,0.0,,-280.7354922,,,7.0,,,,,,,,,,,,,,,,,,,,,,,,Yossi & Lee (ISR5),4,13,0.5,12.5,0.03846153846,6,0.0,6.0,0.0
708,Avi & Avi,671,66,ISR5,Childhood Friends,,2,2,0,All-Male,29.0,0.0,,1,13,1,0.07142857143,0,0.0,0.0,1,1.0,7.0,,10.80769231,0.0,,-280.7354922,,7.0,,,,,,,,,,,,,,,,,,,,,,,,,Avi & Avi (ISR5),4,13,0.5,12.5,0.03846153846,6,0.0,6.0,0.0
709,Steph & Kristen,672,67,CAN4,Dating,,2,0,2,All-Female,26.0,1.414213562,,11,1,11,1.0,5,0.4545454545,0.4545454545,0,0.0,2.0,1.483239697,1.901639344,0.8405483405,0.2172166415,1394.062614,,2.0,6.0,2.0,2.0,1.0,1.0,1.0,3.0,2.0,1.0,1.0,,,,,,,,,,,,,,,Steph & Kristen (CAN4),13,9,9.0,0.0,1.0,61,50.0,11.0,0.8196721311
710,Jillian & Emmett,673,67,CAN4,Exes,,2,1,1,Co-Ed,29.0,1.414213562,,11,2,11,1.0,4,0.3636363636,0.3636363636,0,0.0,2.545454545,1.863525496,2.548269581,0.694047619,0.3111053915,831.2054511,,1.0,1.0,4.0,7.0,2.0,2.0,4.0,1.0,1.0,3.0,2.0,,,,,,,,,,,,,,,Jillian & Emmett (CAN4),13,9,8.0,1.0,0.8888888889,61,44.0,17.0,0.7213114754
711,Joel & Ashley,674,67,CAN4,Father/Daughter,,2,1,1,Co-Ed,34.0,11.3137085,,11,3,11,1.0,1,0.09090909091,0.09090909091,2,0.1818181818,3.454545455,1.439696938,3.704918033,0.4988095238,0.3100430626,152.7510416,,4.0,4.0,1.0,5.0,4.0,6.0,3.0,2.0,4.0,2.0,3.0,,,,,,,,,,,,,,,Joel & Ashley (CAN4),13,9,7.0,2.0,0.7777777778,61,34.0,27.0,0.5573770492
712,Frankie & Amy,675,67,CAN4,Mother/Daughter,,2,0,2,All-Female,33.0,11.3137085,,10,4,10,0.9090909091,0,0.0,0.0,1,0.1,4.2,1.032795559,4.615819209,0.4082539683,0.2372979597,-235.7387439,,6.0,3.0,5.0,4.0,3.0,5.0,5.0,4.0,3.0,4.0,,,,,,,,,,,,,,,,Frankie & Amy (CAN4),13,9,6.0,3.0,0.6666666667,59,27.0,32.0,0.4576271186
713,Rita & Yvette,676,67,CAN4,Twins,,2,0,2,All-Female,23.0,0.0,,9,5,9,0.8181818182,0,0.0,0.0,2,0.2222222222,5.0,1.870828693,5.642857143,0.3423280423,0.2815093042,-421.3771444,,7.0,8.0,6.0,3.0,5.0,4.0,2.0,5.0,5.0,,,,,,,,,,,,,,,,,Rita & Yvette (CAN4),13,9,5.0,4.0,0.5555555556,56,20.0,36.0,0.3571428571
714,Julie & Lowell,677,67,CAN4,Married,,2,1,1,Co-Ed,33.5,0.7071067812,,7,6,7,0.6363636364,0,0.0,0.0,1,0.1428571429,5.714285714,1.380131119,6.347222222,0.3011337868,0.2114558674,-566.7852098,,5.0,7.0,7.0,6.0,6.0,3.0,6.0,,,,,,,,,,,,,,,,,,,Julie & Lowell (CAN4),13,9,4.0,5.0,0.4444444444,48,15.0,33.0,0.3125
715,Kelly & Kate,678,67,CAN4,Best Friends/Business Partners,,2,0,2,All-Female,25.0,0.0,,5,7,5,0.4545454545,1,0.2,0.09090909091,2,0.4,5.8,3.633180425,6.263157895,0.3722222222,0.4696005658,-240.3078466,,9.0,9.0,3.0,1.0,7.0,,,,,,,,,,,,,,,,,,,,,Kelly & Kate (CAN4),13,9,3.0,6.0,0.3333333333,38,14.0,24.0,0.3684210526
716,Anne & Tanya,679,67,CAN4,Best Friends,,2,0,2,All-Female,40.0,0.0,,4,8,4,0.3636363636,0,0.0,0.0,1,0.25,7.25,1.5,7.944444444,0.2118055556,0.2125726092,-624.2311016,,8.0,5.0,8.0,8.0,,,,,,,,,,,,,,,,,,,,,,Anne & Tanya (CAN4),13,9,2.0,7.0,0.2222222222,32,7.0,25.0,0.21875
717,Stéphane & Antoine,680,67,CAN4,Father/Son,,2,2,0,All-Male,38.0,18.38477631,,3,9,3,0.2727272727,0,0.0,0.0,1,0.3333333333,4.666666667,3.785938897,5.155555556,0.5509259259,0.4795858338,42.61374911,,3.0,2.0,9.0,,,,,,,,,,,,,,,,,,,,,,,Stéphane & Antoine (CAN4),13,9,1.0,8.0,0.1111111111,25,14.0,11.0,0.56
718,Anthony & Brandon,681,67,CAN4,Best Friends,,2,2,0,All-Male,21.0,0.0,,1,10,1,0.09090909091,0,0.0,0.0,1,1.0,10.0,,11.0,0.0,,-332.1928095,,10.0,,,,,,,,,,,,,,,,,,,,,,,,,Anthony & Brandon (CAN4),13,9,0.0,9.0,0.0,9,0.0,9.0,0.0
719,Guo Jingjing & Huo Qigang,682,68,CHN3,Married,,2,1,1,Co-Ed,35.5,2.121320344,,10,1,10,1.0,2,0.2,0.2,0,0.0,3.3,1.766981104,3.346938776,0.5921428571,0.2713683448,448.4137126,,6.0,6.0,4.0,3.0,3.0,3.0,4.0,1.0,2.0,1.0,,,,,,,,,,,,,,,,Guo Jingjing & Huo Qigang (CHN3),14,7,7.0,0.0,1.0,49,26.0,23.0,0.5306122449
720,Jin Dachuan & Liu Chang,574,68,CHN3,Buddies/Models,,2,2,0,All-Male,26.5,4.949747468,,10,2,10,1.0,2,0.2,0.2,1,0.1,2.4,1.264911064,2.632653061,0.639047619,0.3551712776,412.0306729,,1.0,2.0,2.0,2.0,2.0,5.0,1.0,4.0,3.0,2.0,,,,,,,,,,,,,,,,Jin Dachuan & Liu Chang (CHN3),14,7,6.0,1.0,0.8571428571,49,35.0,14.0,0.7142857143
721,Liu Xiang & Xu Qifeng,683,68,CHN3,Best Friends,,3,3,0,All-Male,,,,10,3,10,1.0,2,0.2,0.2,1,0.1,3.6,1.95505044,4.411078717,0.4714285714,0.3446309202,73.58419279,,7.0,4.0,3.0,5.0,6.0,1.0,3.0,3.0,1.0,3.0,,,,,,,,,,,,,,,,Liu Xiang & Xu Qifeng (CHN3),14,7,5.0,2.0,0.7142857143,49,23.0,26.0,0.4693877551
722,Wu Jianhao & Yao Fengfeng,684,68,CHN3,Siblings,,2,1,1,Co-Ed,31.5,9.192388155,,9,4,9,0.9,2,0.2222222222,0.2,1,0.1111111111,3.111111111,1.763834207,3.887537994,0.5695767196,0.3480016196,297.2388281,,3.0,5.0,6.0,1.0,1.0,4.0,2.0,2.0,4.0,,,,,,,,,,,,,,,,,Wu Jianhao & Yao Fengfeng (CHN3),14,7,4.0,3.0,0.5714285714,47,28.0,19.0,0.5957446809
723,Zhang Zhehan & Zhang Sifan,685,68,CHN3,Best Friends/Actors,,2,2,0,All-Male,24.0,1.414213562,,7,5,7,0.7,1,0.1428571429,0.1,1,0.1428571429,3.714285714,1.603567451,4.641114983,0.5054421769,0.3292542775,9.480246983,,4.0,1.0,5.0,4.0,5.0,2.0,5.0,,,,,,,,,,,,,,,,,,,Zhang Zhehan & Zhang Sifan (CHN3),14,7,3.0,4.0,0.4285714286,41,22.0,19.0,0.5365853659
724,Jin Xing & Heinz,686,68,CHN3,Married,,2,1,1,Co-Ed,48.0,0.0,,6,6,6,0.6,0,0.0,0.0,3,0.5,5.333333333,1.632993162,7.023166023,0.2738095238,0.3143398222,-599.2822454,,5.0,3.0,7.0,7.0,4.0,6.0,,,,,,,,,,,,,,,,,,,,Jin Xing & Heinz (CHN3),14,7,2.0,5.0,0.2857142857,37,11.0,26.0,0.2972972973
725,Huang Tingting & Sun Rui,687,68,CHN3,SNH48 Groupmates,,2,0,2,All-Female,22.5,2.121320344,,5,7,5,0.5,1,0.2,0.1,1,0.2,4.6,2.880972058,6.223214286,0.4333333333,0.4593448949,-228.7538056,,2.0,7.0,1.0,6.0,7.0,,,,,,,,,,,,,,,,,,,,,Huang Tingting & Sun Rui (CHN3),14,7,1.0,6.0,0.1428571429,32,14.0,18.0,0.4375
726,Zhang Meixi & Zang Yafei,688,68,CHN3,Broadcasters,,2,0,2,All-Female,34.0,2.828427125,,2,8,2,0.2,0,0.0,0.0,2,1.0,8.0,0.0,11.0,0.0,0.0,-568.937322,,8.0,8.0,,,,,,,,,,,,,,,,,,,,,,,,Zhang Meixi & Zang Yafei (CHN3),14,7,0.0,7.0,0.0,14,0.0,14.0,0.0
727,Parul & Maggie,689,69,ASI5,Beauty Queens,,2,0,2,All-Female,27.5,0.7071067812,,10,1,10,1.0,1,0.1,0.1,0,0.0,3.8,1.813529401,3.5,0.543452381,0.2129272416,301.8993391,,7.0,6.0,5.0,3.0,4.0,3.0,4.0,3.0,2.0,1.0,,,,,,,,,,,,,,,,Parul & Maggie (ASI5),2,10,10.0,0.0,1.0,56,28.0,28.0,0.5
728,Yvonne & Chloe,690,69,ASI5,Beauty Queens,,2,0,2,All-Female,27.5,0.7071067812,,10,2,10,1.0,1,0.1,0.1,0,0.0,3.3,2.311805451,3.258928571,0.580952381,0.2747476453,386.8848719,,9.0,1.0,3.0,5.0,2.0,2.0,2.0,4.0,3.0,2.0,,,,,,,,,,,,,,,,Yvonne & Chloe (ASI5),2,10,9.0,1.0,0.9,56,33.0,23.0,0.5892857143
729,Eric & Rona,691,69,ASI5,Married Couple,,2,1,1,Co-Ed,34.0,0.0,,10,3,10,1.0,1,0.1,0.1,2,0.2,3.6,1.429840706,3.785714286,0.4998809524,0.3260748115,159.4475137,,4.0,4.0,6.0,4.0,3.0,4.0,5.0,2.0,1.0,3.0,,,,,,,,,,,,,,,,Eric & Rona (ASI5),2,10,8.0,2.0,0.8,56,30.0,26.0,0.5357142857
730,Treasuri & Louisa,692,69,ASI5,Childhood Friends,,2,0,2,All-Female,29.5,0.7071067812,,9,4,9,0.9,4,0.4444444444,0.4,1,0.1111111111,2.333333333,1.5,2.444444444,0.7055555556,0.3844187532,733.9557321,,2.0,3.0,1.0,1.0,1.0,5.0,3.0,1.0,4.0,,,,,,,,,,,,,,,,,Treasuri & Louisa (ASI5),2,10,7.0,3.0,0.7,54,42.0,12.0,0.7777777778
731,JK & Mike,693,69,ASI5,Radio DJs,,2,2,0,All-Male,29.0,0.0,,8,5,8,0.8,2,0.25,0.2,1,0.125,4.625,2.722262714,4.980392157,0.4430059524,0.4204620327,-65.47490951,,3.0,8.0,7.0,7.0,5.0,1.0,1.0,5.0,,,,,,,,,,,,,,,,,,JK & Mike (ASI5),2,10,6.0,4.0,0.6,51,22.0,29.0,0.431372549
732,Anita & Tom,694,69,ASI5,Dating,,2,1,1,Co-Ed,27.5,4.949747468,,6,6,6,0.6,0,0.0,0.0,1,0.1666666667,4.666666667,2.422120283,4.837209302,0.4617063492,0.3648536008,-93.24386427,,8.0,2.0,4.0,2.0,6.0,6.0,,,,,,,,,,,,,,,,,,,,Anita & Tom (ASI5),2,10,5.0,5.0,0.5,43,21.0,22.0,0.488372093
733,Will & Alex,695,69,ASI5,Brothers,,2,2,0,All-Male,22.0,1.414213562,,5,7,5,0.5,0,0.0,0.0,1,0.2,5.4,2.073644135,5.631578947,0.3985714286,0.3333656447,-254.796704,,5.0,7.0,2.0,6.0,7.0,,,,,,,,,,,,,,,,,,,,,Will & Alex (ASI5),2,10,4.0,6.0,0.4,38,16.0,22.0,0.4210526316
734,Rach & Vicky,696,69,ASI5,Travel Hosts,,2,1,1,Co-Ed,29.5,0.7071067812,,4,8,4,0.4,0,0.0,0.0,2,0.5,6.75,1.5,7.109375,0.25,0.2886751346,-540.9532385,,6.0,5.0,8.0,8.0,,,,,,,,,,,,,,,,,,,,,,Rach & Vicky (ASI5),2,10,3.0,7.0,0.3,32,9.0,23.0,0.28125
735,Alphaeus & Brandon,697,69,ASI5,Old School Mates,,2,2,0,All-Male,23.0,0.0,,2,9,2,0.2,1,0.5,0.1,1,0.5,5.0,5.656854249,5.0,0.5,0.7071067812,-5.021049161,,1.0,9.0,,,,,,,,,,,,,,,,,,,,,,,,Alphaeus & Brandon (ASI5),2,10,2.0,8.0,0.2,18,10.0,8.0,0.5555555556
736,Rei & Keiji,698,69,ASI5,Siblings,,2,1,1,Co-Ed,28.0,2.828427125,,1,10,1,0.1,0,0.0,0.0,0,0.0,10.0,,9.55,0.1,,-276.7545295,,10.0,,,,,,,,,,,,,,,,,,,,,,,,,Rei & Keiji (ASI5),2,10,1.0,9.0,0.1,10,1.0,9.0,0.1
737,Lisa & Nicole,699,69,ASI5,Life Partners,,2,0,2,All-Female,36.0,2.828427125,,1,11,1,0.1,0,0.0,0.0,1,1.0,11.0,,11.0,0.0,,-345.9431619,,11.0,,,,,,,,,,,,,,,,,,,,,,,,,Lisa & Nicole (ASI5),2,10,0.0,10.0,0.0,10,0.0,10.0,0.0
738,Brooke & Scott,700,70,USA29,#TeamBrookeandScott,,2,1,1,Co-Ed,35.0,1.414213562,,12,1,12,1.0,2,0.1666666667,0.1666666667,0,0.0,4.083333333,2.020725942,3.68115942,0.5135251323,0.2966412248,269.0764405,,4.0,6.0,6.0,7.0,6.0,5.0,4.0,3.0,4.0,2.0,1.0,1.0,,,,,,,,,,,,,,Brooke & Scott (USA29),1,10,10.0,0.0,1.0,69,32.0,37.0,0.4637681159
739,Tara & Joey,701,70,USA29,#TeamMomandDad,,2,1,1,Co-Ed,42.0,5.656854249,,12,2,12,1.0,3,0.25,0.25,1,0.08333333333,3.083333333,1.975225342,2.992753623,0.6090277778,0.3149767174,500.3626277,,6.0,7.0,2.0,1.0,1.0,3.0,3.0,1.0,5.0,3.0,3.0,2.0,,,,,,,,,,,,,,Tara & Joey (USA29),1,10,9.0,1.0,0.9,69,44.0,25.0,0.6376811594
740,London & Logan,702,70,USA29,#TeamLoLo,,2,1,1,Co-Ed,27.0,0.0,,12,3,12,1.0,0,0.0,0.0,1,0.08333333333,4.833333333,1.850470866,5.0,0.3306216931,0.1801920872,-446.5346092,,8.0,8.0,5.0,5.0,5.0,6.0,5.0,4.0,3.0,4.0,2.0,3.0,,,,,,,,,,,,,,London & Logan (USA29),1,10,8.0,2.0,0.8,69,23.0,46.0,0.3333333333
741,Matt & Redmond,703,70,USA29,#TheBoys,,2,2,0,All-Male,26.5,2.121320344,,11,4,11,0.9166666667,2,0.1818181818,0.1666666667,1,0.09090909091,2.545454545,1.12815215,2.649253731,0.7264430014,0.2735998894,958.3000165,,3.0,3.0,4.0,4.0,2.0,2.0,1.0,2.0,2.0,1.0,4.0,,,,,,,,,,,,,,,Matt & Redmond (USA29),1,10,7.0,3.0,0.7,67,50.0,17.0,0.7462686567
742,Becca & Floyd,704,70,USA29,#TeamFun,,2,1,1,Co-Ed,23.5,3.535533906,,10,5,10,0.8333333333,2,0.2,0.1666666667,1,0.1,3.4,2.270584849,3.625,0.6104365079,0.3752151968,461.1506688,,2.0,5.0,8.0,2.0,3.0,1.0,2.0,5.0,1.0,5.0,,,,,,,,,,,,,,,,Becca & Floyd (USA29),1,10,6.0,4.0,0.6,64,40.0,24.0,0.625
743,Liz & Michael,705,70,USA29,#TeamLizandMike,,2,1,1,Co-Ed,30.5,9.192388155,,8,6,8,0.6666666667,2,0.25,0.1666666667,3,0.375,4.75,3.105295017,5.017857143,0.4142857143,0.446757022,-290.4984872,,10.0,1.0,1.0,3.0,7.0,4.0,6.0,6.0,,,,,,,,,,,,,,,,,,Liz & Michael (USA29),1,10,5.0,5.0,0.5,56,26.0,30.0,0.4642857143
744,Vanck & Ashton,706,70,USA29,#TeamVanckandAshton,,2,1,1,Co-Ed,26.5,2.121320344,,6,7,6,0.5,0,0.0,0.0,1,0.1666666667,4.833333333,2.136976057,5.0,0.4707671958,0.3207882773,-89.68022734,,7.0,2.0,3.0,6.0,4.0,7.0,,,,,,,,,,,,,,,,,,,,Vanck & Ashton (USA29),1,10,4.0,6.0,0.4,46,23.0,23.0,0.5
745,Shamir & Sara,707,70,USA29,#TheSandSExpress,,2,1,1,Co-Ed,27.5,0.7071067812,,4,8,4,0.3333333333,0,0.0,0.0,1,0.25,7.25,1.707825128,7.25,0.2402777778,0.2607118697,-568.0503792,,5.0,9.0,7.0,8.0,,,,,,,,,,,,,,,,,,,,,,Shamir & Sara (USA29),1,10,3.0,7.0,0.3,34,9.0,25.0,0.2647058824
746,Seth & Olive,708,70,USA29,#TeamAmerica,,2,1,1,Co-Ed,30.5,9.192388155,,3,9,3,0.25,1,0.3333333333,0.08333333333,1,0.3333333333,4.666666667,4.041451884,4.666666667,0.5555555556,0.5091750772,60.81564341,,1.0,4.0,9.0,,,,,,,,,,,,,,,,,,,,,,,Seth & Olive (USA29),1,10,2.0,8.0,0.2,27,16.0,11.0,0.5925925926
747,Jessie & Francesca,709,70,USA29,#SwoleSisters,,2,0,2,All-Female,30.5,3.535533906,,2,10,2,0.1666666667,0,0.0,0.0,1,0.5,9.5,0.7071067812,9.5,0.1,0.1414213562,-508.9985321,,9.0,10.0,,,,,,,,,,,,,,,,,,,,,,,,Jessie & Francesca (USA29),1,10,1.0,9.0,0.1,19,2.0,17.0,0.1052631579
748,Kevin & Jenn,710,70,USA29,#LongHairDontCare,,2,1,1,Co-Ed,28.0,4.242640687,,1,11,1,0.08333333333,0,0.0,0.0,1,1.0,11.0,,11.0,0.0,,-345.9431619,,11.0,,,,,,,,,,,,,,,,,,,,,,,,,Kevin & Jenn (USA29),1,10,0.0,10.0,0.0,10,0.0,10.0,0.0
749,Sam & Paul,711,71,CAN5,Dating Couple,,2,2,0,All-Male,24.5,0.7071067812,,11,1,11,1.0,6,0.5454545455,0.5454545455,0,0.0,2.0,1.264911064,1.93220339,0.8595238095,0.1706829021,1441.801146,,4.0,3.0,4.0,1.0,3.0,2.0,1.0,1.0,1.0,1.0,1.0,,,,,,,,,,,,,,,Sam & Paul (CAN5),13,9,9.0,0.0,1.0,59,48.0,11.0,0.813559322
750,Kenneth & Ryan,712,71,CAN5,Best Friends,,2,2,0,All-Male,25.0,0.0,,11,2,11,1.0,1,0.09090909091,0.09090909091,0,0.0,3.272727273,1.61807967,3.354048964,0.5562770563,0.2436920121,335.9460949,,1.0,5.0,6.0,4.0,4.0,5.0,2.0,2.0,2.0,3.0,2.0,,,,,,,,,,,,,,,Kenneth & Ryan (CAN5),13,9,8.0,1.0,0.8888888889,59,34.0,25.0,0.5762711864
751,Korey & Ivana,713,71,CAN5,Best Friends,,2,1,1,Co-Ed,31.0,0.0,,11,3,11,1.0,0,0.0,0.0,1,0.09090909091,4.090909091,1.972538743,4.52165725,0.3791847042,0.3136639755,-319.3280398,,2.0,8.0,2.0,6.0,6.0,3.0,5.0,4.0,4.0,2.0,3.0,,,,,,,,,,,,,,,Korey & Ivana (CAN5),13,9,7.0,2.0,0.7777777778,59,25.0,34.0,0.4237288136
752,Karen & Bert,714,71,CAN5,Married Couple,,2,1,1,Co-Ed,33.5,3.535533906,,10,4,10,0.9090909091,0,0.0,0.0,2,0.2,4.5,0.8498365856,5.093567251,0.346468254,0.2010110682,-454.5971386,,6.0,4.0,5.0,5.0,5.0,4.0,4.0,5.0,3.0,4.0,,,,,,,,,,,,,,,,Karen & Bert (CAN5),13,9,6.0,3.0,0.6666666667,57,22.0,35.0,0.3859649123
753,Adam & Andrea,715,71,CAN5,Brother/Sister,,2,1,1,Co-Ed,28.5,0.7071067812,,9,5,9,0.8181818182,2,0.2222222222,0.1818181818,1,0.1111111111,3.222222222,1.855921454,3.674897119,0.6120811287,0.327928541,408.0031205,,3.0,7.0,3.0,3.0,1.0,1.0,3.0,3.0,5.0,,,,,,,,,,,,,,,,,Adam & Andrea (CAN5),13,9,5.0,4.0,0.5555555556,54,34.0,20.0,0.6296296296
754,Andrea & Ebonie,716,71,CAN5,Business Partners,,2,0,2,All-Female,29.0,0.0,,7,6,7,0.6363636364,0,0.0,0.0,3,0.4285714286,5.285714286,2.288688541,6.072463768,0.3120748299,0.3894127678,-533.2410215,,7.0,2.0,7.0,7.0,2.0,6.0,6.0,,,,,,,,,,,,,,,,,,,Andrea & Ebonie (CAN5),13,9,4.0,5.0,0.4444444444,46,16.0,30.0,0.347826087
755,Zed & Shabbir,717,71,CAN5,Father/Son,,2,2,0,All-Male,42.0,21.21320344,,5,7,5,0.4545454545,1,0.2,0.09090909091,1,0.2,4.2,2.588435821,4.703703704,0.5527777778,0.39239491,132.4144541,,5.0,6.0,1.0,2.0,7.0,,,,,,,,,,,,,,,,,,,,,Zed & Shabbir (CAN5),13,9,3.0,6.0,0.3333333333,36,20.0,16.0,0.5555555556
756,Megan & Courtney,718,71,CAN5,Cousins,,2,0,2,All-Female,22.0,1.414213562,,3,8,3,0.2727272727,1,0.3333333333,0.09090909091,1,0.3333333333,6.0,4.358898944,6.555555556,0.3703703704,0.5480980958,-204.4615513,,9.0,1.0,8.0,,,,,,,,,,,,,,,,,,,,,,,Megan & Courtney (CAN5),13,9,2.0,7.0,0.2222222222,24,9.0,15.0,0.375
757,Dan & Riya,719,71,CAN5,YouTube Creators,,2,1,1,Co-Ed,23.0,0.0,,2,9,2,0.1818181818,0,0.0,0.0,1,0.5,8.5,0.7071067812,9.333333333,0.1111111111,0.1571348403,-474.3442551,,8.0,9.0,,,,,,,,,,,,,,,,,,,,,,,,Dan & Riya (CAN5),13,9,1.0,8.0,0.1111111111,17,2.0,15.0,0.1176470588
758,Aaron & Deb,720,71,CAN5,Mother/Son,,2,1,1,Co-Ed,42.5,17.67766953,,1,10,1,0.09090909091,0,0.0,0.0,1,1.0,10.0,,11.0,0.0,,-332.1928095,,10.0,,,,,,,,,,,,,,,,,,,,,,,,,Aaron & Deb (CAN5),13,9,0.0,9.0,0.0,9,0.0,9.0,0.0
759,Jia Jingwen & Xiu Jiekai,721,72,CHN4,Married,,2,1,1,Co-Ed,38.5,6.363961031,,10,1,10,1.0,6,0.6,0.6,0,0.0,2.4,2.065591118,2.489361702,0.7285714286,0.359375736,940.4949191,,6.0,6.0,1.0,1.0,1.0,3.0,1.0,3.0,1.0,1.0,,,,,,,,,,,,,,,,Jia Jingwen & Xiu Jiekai (CHN4),14,7,7.0,0.0,1.0,47,33.0,14.0,0.7021276596
760,Zheng Yuanchang & Wang Likun,722,72,CHN4,Partners,,2,1,1,Co-Ed,33.5,2.121320344,,10,2,10,1.0,2,0.2,0.2,1,0.1,2.7,1.494434118,3.066869301,0.5973809524,0.3364114305,408.2920659,,3.0,1.0,2.0,5.0,5.0,1.0,2.0,4.0,2.0,2.0,,,,,,,,,,,,,,,,Zheng Yuanchang & Wang Likun (CHN4),14,7,6.0,1.0,0.8571428571,47,30.0,17.0,0.6382978723
761,Wu Minxia & Zhang Xiaocheng,723,72,CHN4,Married,,2,1,1,Co-Ed,31.0,0.0,,10,3,10,1.0,0,0.0,0.0,1,0.1,2.9,0.994428926,3.598784195,0.5516666667,0.2546866081,267.8874549,,2.0,5.0,4.0,2.0,3.0,2.0,3.0,2.0,3.0,3.0,,,,,,,,,,,,,,,,Wu Minxia & Zhang Xiaocheng (CHN4),14,7,5.0,2.0,0.7142857143,47,28.0,19.0,0.5957446809
762,Qiang Zi & Zhang Xingyue,724,72,CHN4,Colleagues,,2,1,1,Co-Ed,30.0,7.071067812,,9,4,9,0.9,1,0.1111111111,0.1,1,0.1111111111,3.555555556,1.740051085,4.650793651,0.4777777778,0.3474294166,-1.201023662,,4.0,2.0,7.0,4.0,2.0,4.0,4.0,1.0,4.0,,,,,,,,,,,,,,,,,Qiang Zi & Zhang Xingyue (CHN4),14,7,4.0,3.0,0.5714285714,45,22.0,23.0,0.4888888889
763,Zhang Jike & Zhang Chuanming,725,72,CHN4,Father/Son,,2,2,0,All-Male,,,,7,5,6,0.6,0,0.0,0.0,3,0.5,5.666666667,1.366260102,7.666666667,0.1420634921,0.1722313654,-831.0085657,,,8.0,6.0,6.0,4.0,5.0,5.0,,,,,,,,,,,,,,,,,,,Zhang Jike & Zhang Chuanming (CHN4),14,7,3.0,4.0,0.4285714286,33,5.0,28.0,0.1515151515
764,Lu Ting & Xuyang Yuzhuo,726,72,CHN4,SNH48 Groupmates,,3,0,3,All-Female,23.66666667,1.527525232,,5,6,5,0.5,0,0.0,0.0,1,0.2,4.6,1.140175425,5.976958525,0.4,0.257759402,-216.2957413,,5.0,4.0,5.0,3.0,6.0,,,,,,,,,,,,,,,,,,,,,Lu Ting & Xuyang Yuzhuo (CHN4),14,7,2.0,5.0,0.2857142857,31,13.0,18.0,0.4193548387
765,Fan Bingbing & Xie Yilin,727,72,CHN4,Friends,,2,0,2,All-Female,31.5,6.363961031,,4,7,4,0.4,1,0.25,0.1,1,0.25,3.5,2.516611478,4.571428571,0.6071428571,0.4265826873,139.86621,,1.0,3.0,3.0,7.0,,,,,,,,,,,,,,,,,,,,,,Fan Bingbing & Xie Yilin (CHN4),14,7,1.0,6.0,0.1428571429,26,16.0,10.0,0.6153846154
766,Deng Bin & Wang Xinyu,728,72,CHN4,VARSITY-V Groupmates,,2,2,0,All-Male,20.5,0.7071067812,,3,8,3,0.3,0,0.0,0.0,2,0.6666666667,7.333333333,0.5773502692,10.5,0.04761904762,0.08247860988,-708.0353191,,7.0,7.0,8.0,,,,,,,,,,,,,,,,,,,,,,,Deng Bin & Wang Xinyu (CHN4),14,7,0.0,7.0,0.0,20,1.0,19.0,0.05
767,Tohar & Evelyn,729,73,ISR6,Married +2,,2,1,1,Co-Ed,33.0,2.828427125,,14,1,12,0.8571428571,3,0.25,0.2142857143,0,0.0,3.833333333,2.691175253,3.297297297,0.5441077441,0.3545826239,371.0466949,,3.0,8.0,9.0,1.0,1.0,6.0,3.0,5.0,4.0,,,2.0,3.0,1.0,,,,,,,,,,,,Tohar & Evelyn (ISR6),4,11,11.0,0.0,1.0,74,40.0,34.0,0.5405405405
768,Daniel & Eliyahu,730,73,ISR6,Models,,2,2,0,All-Male,24.5,2.121320344,,14,2,12,0.8571428571,4,0.3333333333,0.2857142857,0,0.0,3.166666667,3.040135563,2.916461916,0.6840638528,0.3228393027,985.6326281,,11.0,1.0,1.0,4.0,7.0,4.0,2.0,2.0,2.0,,,1.0,1.0,2.0,,,,,,,,,,,,Daniel & Eliyahu (ISR6),4,11,10.0,1.0,0.9090909091,74,48.0,26.0,0.6486486486
769,Regev & Helen,731,73,ISR6,Married +2,,2,1,1,Co-Ed,33.0,5.656854249,,14,3,14,1.0,4,0.2857142857,0.2857142857,2,0.1428571429,3.0,1.961161351,2.993428258,0.5975907029,0.3746506556,524.0529666,,1.0,7.0,2.0,2.0,6.0,1.0,4.0,3.0,5.0,1.0,1.0,4.0,2.0,3.0,,,,,,,,,,,,Regev & Helen (ISR6),4,11,9.0,2.0,0.8181818182,83,55.0,28.0,0.6626506024
770,Omer & Neta,732,73,ISR6,Siblings,,2,1,1,Co-Ed,21.5,4.949747468,,13,4,11,0.7857142857,2,0.1818181818,0.1428571429,2,0.1818181818,4.181818182,2.561959477,4.093434343,0.5112619704,0.3576488617,262.600274,,10.0,4.0,6.0,3.0,3.0,5.0,6.0,1.0,1.0,,,3.0,4.0,,,,,,,,,,,,,Omer & Neta (ISR6),4,11,8.0,3.0,0.7272727273,72,37.0,35.0,0.5138888889
771,Yarden & Anne,733,73,ISR6,Best Friends,,2,0,2,All-Female,23.0,0.0,,12,5,10,0.7142857143,0,0.0,0.0,1,0.1,4.7,1.82878223,4.656126482,0.4344733045,0.2512225631,-129.23118,,4.0,9.0,5.0,5.0,5.0,2.0,5.0,4.0,3.0,,,5.0,,,,,,,,,,,,,,Yarden & Anne (ISR6),4,11,7.0,4.0,0.6363636364,69,32.0,37.0,0.4637681159
772,Meitar & Adi,734,73,ISR6,Childhood Friends,,2,1,1,Co-Ed,23.0,0.0,,11,6,10,0.7142857143,1,0.1,0.07142857143,1,0.1,3.3,1.888562063,3.38961039,0.6374963925,0.3163758498,502.7558336,,2.0,2.0,3.0,7.0,4.0,3.0,1.0,6.0,,2.0,3.0,,,,,,,,,,,,,,,Meitar & Adi (ISR6),4,11,6.0,5.0,0.5454545455,70,47.0,23.0,0.6714285714
773,Mor & Mor,735,73,ISR6,New Mothers,,2,0,2,All-Female,31.5,0.7071067812,,6,7,6,0.4285714286,0,0.0,0.0,1,0.1666666667,5.833333333,2.136976057,5.393939394,0.4101551227,0.3192451415,-227.1607116,,6.0,5.0,7.0,8.0,2.0,7.0,,,,,,,,,,,,,,,,,,,,Mor & Mor (ISR6),4,11,5.0,6.0,0.4545454545,51,22.0,29.0,0.431372549
774,Yossi & Udi,736,73,ISR6,Firefighter/Volunteer Policeman,,2,2,0,All-Male,40.0,0.0,,11,8,7,0.5,0,0.0,0.0,2,0.2857142857,6.285714286,2.429971585,6.681818182,0.29004329,0.2287830409,-624.1727422,,8.0,10.0,4.0,6.0,8.0,,,,,4.0,4.0,,,,,,,,,,,,,,,Yossi & Udi (ISR6),4,11,4.0,7.0,0.3636363636,54,16.5,37.5,0.3055555556
775,Avivit & Honey,737,73,ISR6,Holon Municipality Officers,,2,0,2,All-Female,30.0,1.414213562,,10,9,5,0.3571428571,0,0.0,0.0,2,0.4,7.2,1.303840481,7.226215645,0.2353535354,0.2392894969,-695.956532,,7.0,6.0,8.0,9.0,,,,,,6.0,,,,,,,,,,,,,,,,Avivit & Honey (ISR6),4,11,3.0,8.0,0.2727272727,43,12.0,31.0,0.2790697674
776,Nimrod & Yonatan,738,73,ISR6,Pianists,,2,2,0,All-Male,23.0,0.0,,11,10,5,0.3571428571,0,0.0,0.0,2,0.4,5.4,2.701851217,6.244755245,0.3522727273,0.3464474368,-373.9163318,,5.0,3.0,10.0,,,,,,,5.0,4.0,,,,,,,,,,,,,,,Nimrod & Yonatan (ISR6),4,11,2.0,9.0,0.1818181818,39,16.5,22.5,0.4230769231
777,Asaf & Jessica,739,73,ISR6,Exes,,2,1,1,Co-Ed,25.5,0.7071067812,,11,11,4,0.2857142857,0,0.0,0.0,1,0.25,6.25,4.425306016,7.681818182,0.4056818182,0.3359410736,-237.1546495,,9.0,11.0,,,,,,,,3.0,2.0,,,,,,,,,,,,,,,Asaf & Jessica (ISR6),4,11,1.0,10.0,0.09090909091,30,9.0,21.0,0.3
778,Noa & Ma'ayan,740,73,ISR6,Cousins,,2,0,2,All-Female,26.5,2.121320344,,1,12,1,0.07142857143,0,0.0,0.0,1,1.0,12.0,,11.0,0.0,,-358.4962501,,12.0,,,,,,,,,,,,,,,,,,,,,,,,,Noa & Ma'ayan (ISR6),4,11,0.0,11.0,0.0,11,0.0,11.0,0.0
779,Cody & Jessica,741,74,USA30,#TeamBigBrother,,2,1,1,Co-Ed,30.5,3.535533906,,12,1,12,1.0,2,0.1666666667,0.1666666667,1,0.08333333333,3.416666667,1.928651594,3.107142857,0.5508928571,0.3430649341,312.9708684,,2.0,1.0,5.0,2.0,6.0,6.0,5.0,5.0,4.0,2.0,2.0,1.0,,,,,,,,,,,,,,Cody & Jessica (USA30),1,10,10.0,0.0,1.0,70,40.5,29.5,0.5785714286
780,Henry & Evan,742,74,USA30,#TeamYale,,2,1,1,Co-Ed,22.0,0.0,,12,2,12,1.0,2,0.1666666667,0.1666666667,1,0.08333333333,3.5,1.977142106,3.396428571,0.5446097884,0.2941528536,369.3748302,,3.0,8.0,1.0,6.0,4.0,3.0,3.0,4.0,3.0,4.0,1.0,2.0,,,,,,,,,,,,,,Henry & Evan (USA30),1,10,9.0,1.0,0.9,70,39.5,30.5,0.5642857143
781,Kristi & Jen,743,74,USA30,#TeamExtreme,,2,0,2,All-Female,33.0,4.242640687,,12,3,12,1.0,2,0.1666666667,0.1666666667,2,0.1666666667,2.583333333,1.083624669,2.671428571,0.6209656085,0.3400768534,574.6227952,,1.0,3.0,3.0,3.0,2.0,1.0,5.0,2.0,2.0,3.0,3.0,3.0,,,,,,,,,,,,,,Kristi & Jen (USA30),1,10,8.0,2.0,0.8,70,50.5,19.5,0.7214285714
782,Alex & Conor,744,74,USA30,#TeamIndyCar,,2,2,0,All-Male,25.5,0.7071067812,,11,4,11,0.9166666667,4,0.3636363636,0.3333333333,1,0.09090909091,2.909090909,1.758098146,3.055147059,0.6781024531,0.31303165,825.540922,,5.0,5.0,2.0,1.0,5.0,4.0,1.0,3.0,1.0,1.0,4.0,,,,,,,,,,,,,,,Alex & Conor (USA30),1,10,7.0,3.0,0.7,68,46.5,21.5,0.6838235294
783,Lucas & Brittany,745,74,USA30,#TeamOceanRescue,,2,1,1,Co-Ed,33.0,2.828427125,,9,5,9,0.75,3,0.3333333333,0.25,1,0.1111111111,4.666666667,2.958039892,4.782258065,0.4808641975,0.391921323,146.3726869,,7.0,6.0,8.0,8.0,1.0,5.0,1.0,1.0,5.0,,,,,,,,,,,,,,,,,Lucas & Brittany (USA30),1,10,6.0,4.0,0.6,62,28.5,33.5,0.4596774194
784,Eric & Daniel,746,74,USA30,#TheFirefighters,,2,2,0,All-Male,33.0,0.0,,8,6,8,0.6666666667,0,0.0,0.0,1,0.125,5.625,2.615202806,5.849137931,0.3698412698,0.2897618939,-272.4710547,,8.0,9.0,7.0,7.0,3.0,2.0,3.0,6.0,,,,,,,,,,,,,,,,,,Eric & Daniel (USA30),1,10,5.0,5.0,0.5,58,20.5,37.5,0.3534482759
785,Trevor & Chris,747,74,USA30,#TeamWellStrung,,2,2,0,All-Male,32.0,1.414213562,,6,7,6,0.5,0,0.0,0.0,1,0.1666666667,5.166666667,1.471960144,5.166666667,0.4390873016,0.2962065689,-208.8881113,,4.0,4.0,4.0,5.0,7.0,7.0,,,,,,,,,,,,,,,,,,,,Trevor & Chris (USA30),1,10,4.0,6.0,0.4,48,23.0,25.0,0.4791666667
786,Joey & Tim,748,74,USA30,#TeamChomp,,2,2,0,All-Male,37.0,5.656854249,,5,8,5,0.4166666667,0,0.0,0.0,1,0.2,6.2,1.483239697,6.261904762,0.3666666667,0.2345948043,-322.701122,,6.0,7.0,6.0,4.0,8.0,,,,,,,,,,,,,,,,,,,,,Joey & Tim (USA30),1,10,3.0,7.0,0.3,42,16.0,26.0,0.380952381
787,Cedric & Shawn,749,74,USA30,#TeamSlamDunk,,2,2,0,All-Male,43.5,6.363961031,,4,9,4,0.3333333333,0,0.0,0.0,2,0.5,7.25,3.5,7.428571429,0.2722222222,0.4217833977,-509.4206218,,9.0,2.0,9.0,9.0,,,,,,,,,,,,,,,,,,,,,,Cedric & Shawn (USA30),1,10,2.0,8.0,0.2,35,10.0,25.0,0.2857142857
788,April & Sarah,750,74,USA30,#TeamGoatYoga,,2,0,2,All-Female,39.0,0.0,,2,10,2,0.1666666667,0,0.0,0.0,1,0.5,10.0,0.0,10.0,0.05,0.07071067812,-569.4580309,,10.0,10.0,,,,,,,,,,,,,,,,,,,,,,,,April & Sarah (USA30),1,10,1.0,9.0,0.1,19,1.0,18.0,0.05263157895
789,Dessie & Kayla,751,74,USA30,#TheRingGirls,,2,0,2,All-Female,26.5,0.7071067812,,1,11,1,0.08333333333,0,0.0,0.0,1,1.0,11.0,,11.0,0.0,,-345.9431619,,11.0,,,,,,,,,,,,,,,,,,,,,,,,,Dessie & Kayla (USA30),1,10,0.0,10.0,0.0,10,0.0,10.0,0.0
790,Courtney & Adam,752,75,CAN6,First Responders,,2,1,1,Co-Ed,28.5,0.7071067812,,11,1,11,1.0,1,0.09090909091,0.09090909091,0,0.0,4.636363636,2.377928816,4.174603175,0.4157647908,0.3077799927,-124.3198701,,8.0,7.0,6.0,7.0,2.0,6.0,5.0,2.0,4.0,3.0,1.0,,,,,,,,,,,,,,,Courtney & Adam (CAN6),13,9,9.0,0.0,1.0,63,23.0,40.0,0.3650793651
791,Taylor & Courtney,753,75,CAN6,Mounties,,2,1,1,Co-Ed,26.0,1.414213562,,11,2,11,1.0,5,0.4545454545,0.4545454545,0,0.0,2.363636364,1.566698904,2.322751323,0.7576479076,0.2450472553,1044.910016,,5.0,3.0,1.0,5.0,1.0,1.0,1.0,3.0,3.0,1.0,2.0,,,,,,,,,,,,,,,Taylor & Courtney (CAN6),13,9,8.0,1.0,0.8888888889,63,48.0,15.0,0.7619047619
792,Dylan & Kwame,754,75,CAN6,Coaches,,2,2,0,All-Male,31.0,4.242640687,,11,3,11,1.0,1,0.09090909091,0.09090909091,1,0.09090909091,3.727272727,1.348399725,3.91005291,0.4982683983,0.2700405003,121.6169764,,4.0,5.0,5.0,3.0,4.0,5.0,4.0,5.0,1.0,2.0,3.0,,,,,,,,,,,,,,,Dylan & Kwame (CAN6),13,9,7.0,2.0,0.7777777778,63,33.0,30.0,0.5238095238
793,Martina & Phil,755,75,CAN6,Volunteers,,2,1,1,Co-Ed,38.5,2.121320344,,10,4,10,0.9090909091,0,0.0,0.0,1,0.1,4.1,1.728840331,4.387978142,0.4902380952,0.2521130154,109.2989116,,7.0,6.0,4.0,6.0,3.0,3.0,2.0,4.0,2.0,4.0,,,,,,,,,,,,,,,,Martina & Phil (CAN6),13,9,6.0,3.0,0.6666666667,61,30.0,31.0,0.4918032787
794,Nancy & Mellisa,756,75,CAN6,Elite Athletes,,2,0,2,All-Female,43.0,8.485281374,,9,5,9,0.8181818182,1,0.1111111111,0.09090909091,2,0.2222222222,3.666666667,2.397915762,3.988505747,0.5458553792,0.4227883683,176.2799826,,2.0,2.0,8.0,2.0,5.0,2.0,6.0,1.0,5.0,,,,,,,,,,,,,,,,,Nancy & Mellisa (CAN6),13,9,5.0,4.0,0.5555555556,58,34.0,24.0,0.5862068966
795,Leanne & Mar,757,75,CAN6,Mentors,,2,0,2,All-Female,25.5,0.7071067812,,8,6,8,0.7272727273,2,0.25,0.1818181818,1,0.125,3.5,1.927248223,3.880658436,0.5802083333,0.3581239006,199.0795244,,1.0,4.0,3.0,1.0,6.0,4.0,3.0,6.0,,,,,,,,,,,,,,,,,,Leanne & Mar (CAN6),13,9,4.0,5.0,0.4444444444,54,34.0,20.0,0.6296296296
796,Zainab & Monica,758,75,CAN6,Navy Sailors,,2,0,2,All-Female,28.0,5.656854249,,6,7,6,0.5454545455,0,0.0,0.0,3,0.5,6.666666667,1.632993162,7.439393939,0.210978836,0.2527801658,-783.0248485,,6.0,9.0,7.0,4.0,7.0,7.0,,,,,,,,,,,,,,,,,,,,Zainab & Monica (CAN6),13,9,3.0,6.0,0.3333333333,44,10.0,34.0,0.2272727273
797,Todd & Anna,759,75,CAN6,Advocates,,2,1,1,Co-Ed,24.0,0.0,,4,8,4,0.3636363636,1,0.25,0.09090909091,1,0.25,3.5,3.109126351,3.777777778,0.6631944444,0.4513888889,305.2845049,,3.0,1.0,2.0,8.0,,,,,,,,,,,,,,,,,,,,,,Todd & Anna (CAN6),13,9,2.0,7.0,0.2222222222,32,22.0,10.0,0.6875
798,Joseph & Akash,760,75,CAN6,Volunteers,,2,2,0,All-Male,22.5,0.7071067812,,3,9,3,0.2727272727,0,0.0,0.0,1,0.3333333333,8.666666667,0.5773502692,9.688888889,0.0787037037,0.06851226198,-716.932388,,9.0,8.0,9.0,,,,,,,,,,,,,,,,,,,,,,,Joseph & Akash (CAN6),13,9,1.0,8.0,0.1111111111,25,2.0,23.0,0.08
799,Chewy & Happy,761,75,CAN6,Reitred Air Force Pilots,,2,2,0,All-Male,47.5,0.7071067812,,1,10,1,0.09090909091,0,0.0,0.0,1,1.0,10.0,,11.0,0.0,,-332.1928095,,10.0,,,,,,,,,,,,,,,,,,,,,,,,,Chewy & Happy (CAN6),13,9,0.0,9.0,0.0,9,0.0,9.0,0.0
800,Colin & Christie,48,76,USA31,The Amazing Race,,2,1,1,Co-Ed,39.0,1.414213562,,12,1,12,1.0,3,0.25,0.25,0,0.0,2.416666667,1.083624669,2.133333333,0.7601190476,0.2212507432,1734.999875,,2.0,4.0,3.0,1.0,3.0,2.0,2.0,3.0,4.0,1.0,3.0,1.0,,,,,,,,,,,,,,Colin & Christie (USA31),1,10,10.0,0.0,1.0,75,58.0,17.0,0.7733333333
801,Tyler & Korey,645,76,USA31,The Amazing Race,,2,2,0,All-Male,31.0,2.828427125,,12,2,12,1.0,4,0.3333333333,0.3333333333,0,0.0,2.75,1.912875038,2.54,0.7288690476,0.2335905713,1770.649536,,3.0,7.0,4.0,5.0,4.0,1.0,1.0,1.0,1.0,2.0,2.0,2.0,,,,,,,,,,,,,,Tyler & Korey (USA31),1,10,9.0,1.0,0.9,75,54.0,21.0,0.72
802,Leo & Jamal,499,76,USA31,The Amazing Race,,2,2,0,All-Male,31.0,0.0,,12,3,12,1.0,3,0.25,0.25,1,0.08333333333,4.25,2.454124543,4.12,0.4412698413,0.3679722964,375.4715623,,1.0,1.0,8.0,6.0,7.0,6.0,4.0,6.0,5.0,3.0,1.0,3.0,,,,,,,,,,,,,,Leo & Jamal (USA31),1,10,8.0,2.0,0.8,75,36.0,39.0,0.48
803,Nicole & Victor,762,76,USA31,Big Brother,,2,1,1,Co-Ed,26.0,1.414213562,,11,4,11,0.9166666667,0,0.0,0.0,2,0.1818181818,3.818181818,1.778661397,3.760273973,0.515007215,0.3407793087,413.0765324,,6.0,2.0,2.0,2.0,5.0,3.0,7.0,5.0,2.0,4.0,4.0,,,,,,,,,,,,,,,Nicole & Victor (USA31),1,10,7.0,3.0,0.7,73,42.0,31.0,0.5753424658
804,Becca & Floyd,704,76,USA31,The Amazing Race,,2,1,1,Co-Ed,25.5,3.535533906,,10,5,10,0.8333333333,2,0.2,0.1666666667,1,0.1,4.0,2.309401077,4.0,0.5531349206,0.3234374727,706.4039365,,5.0,9.0,1.0,4.0,1.0,5.0,3.0,4.0,3.0,5.0,,,,,,,,,,,,,,,,Becca & Floyd (USA31),1,10,6.0,4.0,0.6,70,40.0,30.0,0.5714285714
805,Chris & Bret,763,76,USA31,Survivor,,2,2,0,All-Male,42.0,2.828427125,,9,6,9,0.75,0,0.0,0.0,2,0.2222222222,5.222222222,2.587362449,5.318181818,0.4223104056,0.3446401601,127.2149677,,7.0,8.0,9.0,3.0,2.0,4.0,6.0,2.0,6.0,,,,,,,,,,,,,,,,,Chris & Bret (USA31),1,10,5.0,5.0,0.5,66,28.0,38.0,0.4242424242
806,Rachel & Elissa,764,76,USA31,Big Brother,,2,0,2,All-Female,32.5,0.7071067812,,8,7,8,0.6666666667,0,0.0,0.0,2,0.25,6.125,1.885091889,6.37704918,0.2911210317,0.2991824348,-516.8757383,,4.0,3.0,7.0,8.0,8.0,7.0,5.0,7.0,,,,,,,,,,,,,,,,,,Rachel & Elissa (USA31),1,10,4.0,6.0,0.4,61,20.0,41.0,0.3278688525
807,Janelle & Britney,765,76,USA31,Big Brother,,2,0,2,All-Female,34.0,5.656854249,,6,8,6,0.5,0,0.0,0.0,1,0.1666666667,6.666666667,1.211060142,6.897959184,0.2943783069,0.1808027118,-408.057713,,8.0,5.0,6.0,7.0,6.0,8.0,,,,,,,,,,,,,,,,,,,,Janelle & Britney (USA31),1,10,3.0,7.0,0.3,49,15.0,34.0,0.306122449
808,Corinne & Eliza,766,76,USA31,Survivor,,2,0,2,All-Female,37.0,2.828427125,,4,9,4,0.3333333333,0,0.0,0.0,1,0.25,7.25,2.061552813,7.428571429,0.2861111111,0.231006921,-327.7284252,,9.0,6.0,5.0,9.0,,,,,,,,,,,,,,,,,,,,,,Corinne & Eliza (USA31),1,10,2.0,8.0,0.2,35,10.0,25.0,0.2857142857
809,Rupert & Laura,767,76,USA31,Survivor,,2,1,1,Co-Ed,51.5,3.535533906,,2,10,2,0.1666666667,0,0.0,0.0,1,0.5,10.0,0.0,10.0,0.05,0.07071067812,-493.6896464,,10.0,10.0,,,,,,,,,,,,,,,,,,,,,,,,Rupert & Laura (USA31),1,10,1.0,9.0,0.1,19,1.0,18.0,0.05263157895
810,Art & JJ,330,76,USA31,The Amazing Race,,2,2,0,All-Male,49.0,0.0,,1,11,1,0.08333333333,0,0.0,0.0,1,1.0,11.0,,11.0,0.0,,558.8204296,,11.0,,,,,,,,,,,,,,,,,,,,,,,,,Art & JJ (USA31),1,10,0.0,10.0,0.0,10,0.0,10.0,0.0
811,Anthony & James,768,77,CAN7,Married Couple,,2,2,0,All-Male,35.0,2.828427125,,11,1,11,1.0,3,0.2727272727,0.2727272727,1,0.09090909091,3.272727273,2.101947149,3.161016949,0.6136724387,0.3443987865,601.506565,,6.0,6.0,3.0,6.0,2.0,1.0,2.0,5.0,3.0,1.0,1.0,,,,,,,,,,,,,,,Anthony & James (CAN7),13,9,9.0,0.0,1.0,59,33.5,25.5,0.5677966102
812,Sarah & Sam,769,77,CAN7,Teammates,,2,1,1,Co-Ed,29.5,0.7071067812,,11,2,11,1.0,1,0.09090909091,0.09090909091,0,0.0,2.909090909,1.300349603,2.97740113,0.619011544,0.2278021428,553.7689586,,2.0,4.0,5.0,4.0,1.0,2.0,4.0,4.0,2.0,2.0,2.0,,,,,,,,,,,,,,,Sarah & Sam (CAN7),13,9,8.0,1.0,0.8888888889,59,38.0,21.0,0.6440677966
813,Lauren & Joanne,770,77,CAN7,Sisters,,2,0,2,All-Female,24.0,4.242640687,,11,3,11,1.0,0,0.0,0.0,1,0.09090909091,4.363636364,1.629277587,4.832391714,0.3451298701,0.2348061236,-379.4526434,,4.0,8.0,4.0,5.0,6.0,4.0,5.0,2.0,4.0,3.0,3.0,,,,,,,,,,,,,,,Lauren & Joanne (CAN7),13,9,7.0,2.0,0.7777777778,59,22.0,37.0,0.3728813559
814,Dave & Irina,771,77,CAN7,Married Couple,,2,1,1,Co-Ed,28.0,1.414213562,,10,4,10,0.9090909091,4,0.4,0.3636363636,1,0.1,2.4,1.429840706,2.637426901,0.6975,0.3441766432,757.3554713,,1.0,2.0,1.0,3.0,5.0,3.0,1.0,3.0,1.0,4.0,,,,,,,,,,,,,,,,Dave & Irina (CAN7),13,9,6.0,3.0,0.6666666667,57,43.0,14.0,0.7543859649
815,Aarthy & Thinesh,772,77,CAN7,Dating Couple,,2,1,1,Co-Ed,26.5,2.121320344,,9,5,9,0.8181818182,3,0.3333333333,0.2727272727,1,0.1111111111,3.0,2.179449472,3.474279835,0.6378306878,0.3786246676,514.8254153,,7.0,1.0,2.0,1.0,2.0,5.0,3.0,1.0,5.0,,,,,,,,,,,,,,,,,Aarthy & Thinesh (CAN7),13,9,5.0,4.0,0.5555555556,54,35.5,18.5,0.6574074074
816,Trish & Amy,773,77,CAN7,Friends,,2,0,2,All-Female,45.0,7.071067812,,7,6,7,0.6363636364,0,0.0,0.0,3,0.4285714286,6.0,1.154700538,6.917874396,0.2069160998,0.2386944463,-819.3536511,,5.0,7.0,7.0,7.0,4.0,6.0,6.0,,,,,,,,,,,,,,,,,,,Trish & Amy (CAN7),13,9,4.0,5.0,0.4444444444,46,11.0,35.0,0.2391304348
817,Meaghan & Marie,774,77,CAN7,Twin Sisters,,2,0,2,All-Female,25.0,0.0,,5,7,5,0.4545454545,0,0.0,0.0,1,0.2,4.6,2.073644135,5.166666667,0.4793650794,0.3471530543,-52.46288881,,3.0,5.0,6.0,2.0,7.0,,,,,,,,,,,,,,,,,,,,,Meaghan & Marie (CAN7),13,9,3.0,6.0,0.3333333333,36,18.0,18.0,0.5
818,Gilles & Sean,775,77,CAN7,Grandfather/Grandson,,2,2,0,All-Male,42.5,31.81980515,,3,8,3,0.2727272727,0,0.0,0.0,1,0.3333333333,6.666666667,3.214550254,7.296296296,0.287037037,0.4047683888,-340.673993,,9.0,3.0,8.0,,,,,,,,,,,,,,,,,,,,,,,Gilles & Sean (CAN7),13,9,2.0,7.0,0.2222222222,24,7.0,17.0,0.2916666667
819,Nicki & Aisha,776,77,CAN7,Best Friends,,2,0,2,All-Female,31.0,0.0,,2,9,2,0.1818181818,0,0.0,0.0,1,0.5,8.5,0.7071067812,9.333333333,0.1111111111,0.1571348403,-470.722234,,8.0,9.0,,,,,,,,,,,,,,,,,,,,,,,,Nicki & Aisha (CAN7),13,9,1.0,8.0,0.1111111111,17,2.0,15.0,0.1176470588
820,Jet & Dave,470,77,CAN7,Best Friends,,2,2,0,All-Male,37.5,3.535533906,,1,10,1,0.09090909091,0,0.0,0.0,1,1.0,10.0,,11.0,0.0,,-80.73257594,,10.0,,,,,,,,,,,,,,,,,,,,,,,,,Jet & Dave (CAN7),13,9,0.0,9.0,0.0,9,0.0,9.0,0.0
821,Lệ Hằng & H'Hen Niê,777,78,VIE6,Beauty Queens,,2,0,2,All-Female,26.5,0.7071067812,,10,1,10,1.0,2,0.2,0.2,0,0.0,3.2,1.988857852,2.844262295,0.6774603175,0.2383679215,892.0595675,,4.0,5.0,7.0,5.0,2.0,2.0,3.0,1.0,2.0,1.0,,,,,,,,,,,,,,,,Lệ Hằng & H'Hen Niê (VIE6),9,9,9.0,0.0,1.0,61,38.5,22.5,0.631147541
822,S.T Sơn Thạch & Bình An,778,78,VIE6,Singer/Actor,,2,2,0,All-Male,27.5,2.121320344,,10,2,10,1.0,5,0.5,0.5,0,0.0,1.7,0.8232726023,1.683060109,0.8430952381,0.1822857101,1327.991001,,1.0,1.0,1.0,1.0,3.0,2.0,2.0,3.0,1.0,2.0,,,,,,,,,,,,,,,,S.T Sơn Thạch & Bình An (VIE6),9,9,8.0,1.0,0.8888888889,61,53.5,7.5,0.8770491803
823,Đỗ Mỹ Linh & Lê Xuân Tiền,779,78,VIE6,Beauty Queen/Model,,2,1,1,Co-Ed,23.0,0.0,,10,3,10,1.0,2,0.2,0.2,0,0.0,3.0,1.490711985,3.003642987,0.6531746032,0.2441270071,756.0257505,,6.0,3.0,3.0,4.0,4.0,1.0,1.0,2.0,3.0,3.0,,,,,,,,,,,,,,,,Đỗ Mỹ Linh & Lê Xuân Tiền (VIE6),9,9,7.0,2.0,0.7777777778,61,41.0,20.0,0.6721311475
824,Minh Triệu & Kỳ Duyên,780,78,VIE6,Supermodel/Beauty Queen,,2,0,2,All-Female,27.0,5.656854249,,10,4,10,1.0,0,0.0,0.0,2,0.2,5.1,1.852925615,5.480874317,0.2909920635,0.2373113234,-535.7142457,,8.0,8.0,4.0,3.0,7.0,5.0,4.0,4.0,4.0,4.0,,,,,,,,,,,,,,,,Minh Triệu & Kỳ Duyên (VIE6),9,9,6.0,3.0,0.6666666667,61,20.0,41.0,0.3278688525
825,Trần Quốc Anh & MLee,781,78,VIE6,Actor/Singer,,2,1,1,Co-Ed,24.0,4.242640687,,8,5,8,0.8,1,0.125,0.1,1,0.125,2.875,1.552647509,2.96969697,0.6512400794,0.3737181259,496.8599985,,2.0,2.0,2.0,2.0,1.0,4.0,5.0,5.0,,,,,,,,,,,,,,,,,,Trần Quốc Anh & MLee (VIE6),9,9,5.0,4.0,0.5555555556,55,40.0,15.0,0.7272727273
826,Johnny & Huy Trần,782,78,VIE6,Master Trainer/Businessman,,2,2,0,All-Male,28.0,1.414213562,,7,6,7,0.7,0,0.0,0.0,2,0.2857142857,5.714285714,1.380131119,6.108932462,0.3049886621,0.267530455,-596.7305649,,3.0,7.0,5.0,7.0,6.0,6.0,6.0,,,,,,,,,,,,,,,,,,,Johnny & Huy Trần (VIE6),9,9,4.0,5.0,0.4444444444,51,17.5,33.5,0.3431372549
827,Hoàng Hạnh & Lương Gia Huy,783,78,VIE6,Beauty Queen/Actor,,2,1,1,Co-Ed,,,,6,7,6,0.6,0,0.0,0.0,2,0.3333333333,7.0,1.673320053,7.612318841,0.2093253968,0.1780227461,-741.733084,,9.0,9.0,6.0,6.0,5.0,7.0,,,,,,,,,,,,,,,,,,,,Hoàng Hạnh & Lương Gia Huy (VIE6),9,9,3.0,6.0,0.3333333333,46,9.5,36.5,0.2065217391
828,Anh Quân & Quốc Thiên,784,78,VIE6,Model/Singer,,2,2,0,All-Male,30.5,0.7071067812,,5,8,5,0.5,0,0.0,0.0,2,0.4,6.4,1.816590212,7.111111111,0.2837301587,0.3046717273,-582.4216604,,5.0,4.0,8.0,7.0,8.0,,,,,,,,,,,,,,,,,,,,,Anh Quân & Quốc Thiên (VIE6),9,9,2.0,7.0,0.2222222222,40,12.5,27.5,0.3125
829,Emma & Tôn Kinh Lâm,785,78,VIE6,Singer/Actor,,2,1,1,Co-Ed,24.0,0.0,,3,9,3,0.3,0,0.0,0.0,1,0.3333333333,7.333333333,1.527525232,7.901709402,0.2592592593,0.2312962222,-426.3031943,,7.0,6.0,9.0,,,,,,,,,,,,,,,,,,,,,,,Emma & Tôn Kinh Lâm (VIE6),9,9,1.0,8.0,0.1111111111,26,7.0,19.0,0.2692307692
830,Chu Minh Vũ & Vũ Xuân Tiến,786,78,VIE6,Journalist/BTV Sports Editor,,2,2,0,All-Male,,,,2,10,2,0.2,0,0.0,0.0,2,1.0,9.5,0.7071067812,10.72222222,0.02777777778,0.03928371007,-590.0335678,,9.0,10.0,,,,,,,,,,,,,,,,,,,,,,,,Chu Minh Vũ & Vũ Xuân Tiến (VIE6),9,9,0.0,9.0,0.0,18,0.5,17.5,0.02777777778
831,Fey & Tia,787,79,ISR7,Models,,2,0,2,All-Female,23.0,0.0,,12,1,12,1.0,4,0.3333333333,0.3333333333,1,0.08333333333,3.666666667,2.640018365,2.927710843,0.6545454545,0.3300641085,917.4039991,,6.0,2.0,6.0,7.0,5.0,8.0,1.0,1.0,4.0,1.0,2.0,1.0,,,,,,,,,,,,,,Fey & Tia (ISR7),4,11,11.0,0.0,1.0,83,51.0,32.0,0.6144578313
832,Karin & Ariel,788,79,ISR7,Newlyweds,,2,1,1,Co-Ed,22.5,0.7071067812,,12,2,12,1.0,1,0.08333333333,0.08333333333,0,0.0,3.916666667,1.729862492,3.300109529,0.5951749639,0.1928682646,649.3001502,,7.0,5.0,5.0,4.0,4.0,4.0,4.0,6.0,3.0,2.0,1.0,2.0,,,,,,,,,,,,,,Karin & Ariel (ISR7),4,11,10.0,1.0,0.9090909091,83,48.0,35.0,0.578313253
833,Haviv & Itzak,789,79,ISR7,Twins,,2,2,0,All-Male,30.0,0.0,,12,3,12,1.0,4,0.3333333333,0.3333333333,1,0.08333333333,2.416666667,1.311372171,2.210295728,0.7010822511,0.3253882505,960.2973841,,4.0,1.0,2.0,1.0,1.0,2.0,5.0,3.0,1.0,3.0,3.0,3.0,,,,,,,,,,,,,,Haviv & Itzak (ISR7),4,11,9.0,2.0,0.8181818182,83,66.0,17.0,0.7951807229
834,Eyal & Sid,790,79,ISR7,Unit 8200 Members,,2,2,0,All-Male,23.5,0.7071067812,,11,4,11,0.9166666667,2,0.1818181818,0.1666666667,1,0.09090909091,3.363636364,2.110579412,3.042648709,0.5953725567,0.3792224107,430.1907351,,1.0,4.0,1.0,3.0,2.0,7.0,7.0,2.0,2.0,4.0,4.0,,,,,,,,,,,,,,,Eyal & Sid (ISR7),4,11,8.0,3.0,0.7272727273,81,55.0,26.0,0.6790123457
835,Nisim & Orel,791,79,ISR7,Siblings,,2,1,1,Co-Ed,27.5,2.121320344,,10,5,10,0.8333333333,0,0.0,0.0,2,0.2,6.4,2.270584849,5.72027972,0.2929184704,0.2022018641,-613.2916061,,12.0,6.0,7.0,6.0,8.0,5.0,6.0,4.0,5.0,5.0,,,,,,,,,,,,,,,,Nisim & Orel (ISR7),4,11,7.0,4.0,0.6363636364,78,24.0,54.0,0.3076923077
836,Tali & Gili,792,79,ISR7,Best Friends,,2,0,2,All-Female,56.0,2.828427125,,9,6,9,0.75,0,0.0,0.0,1,0.1111111111,5.555555556,2.603416559,5.029484029,0.4342873176,0.293213117,-108.4548172,,10.0,7.0,8.0,2.0,3.0,6.0,3.0,5.0,6.0,,,,,,,,,,,,,,,,,Tali & Gili (ISR7),4,11,6.0,5.0,0.5454545455,74,33.0,41.0,0.4459459459
837,Eden & Aviad,793,79,ISR7,Married +1,,2,1,1,Co-Ed,30.5,9.192388155,,8,7,8,0.6666666667,1,0.125,0.08333333333,1,0.125,3.75,2.052872552,3.463768116,0.6530077561,0.3276432711,543.5203767,,3.0,3.0,3.0,5.0,6.0,1.0,2.0,7.0,,,,,,,,,,,,,,,,,,Eden & Aviad (ISR7),4,11,5.0,6.0,0.4545454545,69,47.0,22.0,0.6811594203
838,Michal & Omer,794,79,ISR7,Instagram Stars,,2,0,2,All-Female,20.0,1.414213562,,7,8,7,0.5833333333,0,0.0,0.0,1,0.1428571429,7.714285714,2.288688541,7.103896104,0.2601216244,0.2297448586,-703.8228873,,8.0,10.0,9.0,9.0,7.0,3.0,8.0,,,,,,,,,,,,,,,,,,,Michal & Omer (ISR7),4,11,4.0,7.0,0.3636363636,63,16.0,47.0,0.253968254
839,Ben & Ran,795,79,ISR7,Co-Workers,,2,2,0,All-Male,23.5,0.7071067812,,5,9,5,0.4166666667,0,0.0,0.0,1,0.2,7.8,2.167948339,6.99257885,0.2935353535,0.2536375503,-542.3751484,,9.0,9.0,4.0,8.0,9.0,,,,,,,,,,,,,,,,,,,,,Ben & Ran (ISR7),4,11,3.0,8.0,0.2727272727,49,15.0,34.0,0.306122449
840,Yehudit & Zohar,796,79,ISR7,Mother/Daughter,,2,0,2,All-Female,37.5,19.09188309,,4,10,4,0.3333333333,0,0.0,0.0,1,0.25,7.5,3.785938897,6.764966741,0.3431818182,0.4072602136,-439.0960793,,2.0,8.0,10.0,10.0,,,,,,,,,,,,,,,,,,,,,,Yehudit & Zohar (ISR7),4,11,2.0,9.0,0.1818181818,41,15.0,26.0,0.3658536585
841,Kamle & Bahira,797,79,ISR7,Childhood Friends,,2,0,2,All-Female,24.0,0.0,,3,11,3,0.25,0,0.0,0.0,1,0.3333333333,11.0,0.0,9.948863636,0.06060606061,0.05248638811,-819.780507,,11.0,11.0,11.0,,,,,,,,,,,,,,,,,,,,,,,Kamle & Bahira (ISR7),4,11,1.0,10.0,0.09090909091,32,2.0,30.0,0.0625
842,Noy & Hadar,798,79,ISR7,Identical Twins,,2,0,2,All-Female,20.0,0.0,,2,12,2,0.1666666667,0,0.0,0.0,1,0.5,8.5,4.949747468,7.818181818,0.3181818182,0.4499770426,-273.8915998,,5.0,12.0,,,,,,,,,,,,,,,,,,,,,,,,Noy & Hadar (ISR7),4,11,0.0,11.0,0.0,22,7.0,15.0,0.3181818182
843,Tim & Rod,799,80,AUS4,Newlyweds,,2,2,0,All-Male,28.5,0.7071067812,,12,1,12,1.0,2,0.1666666667,0.1666666667,0,0.0,3.0,1.414213562,2.690140845,0.6857142857,0.2286548369,930.7220354,,4.0,4.0,3.0,5.0,5.0,2.0,2.0,2.0,3.0,4.0,1.0,1.0,,,,,,,,,,,,,,Tim & Rod (AUS4),7,10,10.0,0.0,1.0,71,47.0,24.0,0.661971831
844,Jasmin & Jerome,800,80,AUS4,Deadly Duo,,2,1,1,Co-Ed,30.0,0.0,,12,2,12,1.0,1,0.08333333333,0.08333333333,0,0.0,3.333333333,1.497472618,3.169014085,0.5921296296,0.2051690105,603.5530401,,6.0,5.0,4.0,4.0,1.0,3.0,5.0,3.0,2.0,2.0,3.0,2.0,,,,,,,,,,,,,,Jasmin & Jerome (AUS4),7,10,9.0,1.0,0.9,71,43.0,28.0,0.6056338028
845,Viv & Joey,801,80,AUS4,Mighty Siblings,,2,1,1,Co-Ed,26.5,2.121320344,,12,3,12,1.0,0,0.0,0.0,2,0.1666666667,3.833333333,1.898963034,3.873239437,0.4463955026,0.338846283,-52.2111647,,2.0,2.0,2.0,7.0,7.0,5.0,3.0,5.0,5.0,3.0,2.0,3.0,,,,,,,,,,,,,,Viv & Joey (AUS4),7,10,8.0,2.0,0.8,71,37.0,34.0,0.5211267606
846,Tom & Tyler,802,80,AUS4,Footy Mates,,2,2,0,All-Male,23.0,0.0,,11,4,11,0.9166666667,8,0.7272727273,0.6666666667,1,0.09090909091,1.636363636,1.206045378,1.65942029,0.8506493506,0.3201634555,1456.202681,,1.0,1.0,1.0,1.0,2.0,4.0,1.0,1.0,1.0,1.0,4.0,,,,,,,,,,,,,,,Tom & Tyler (AUS4),7,10,7.0,3.0,0.7,69,62.0,7.0,0.8985507246
847,Femi & Nick,803,80,AUS4,Nurses,,2,2,0,All-Male,23.0,0.0,,10,5,10,0.8333333333,0,0.0,0.0,1,0.1,5.5,1.957890021,5.772727273,0.3017063492,0.2262460133,-549.2121723,,5.0,9.0,7.0,8.0,3.0,6.0,4.0,4.0,4.0,5.0,,,,,,,,,,,,,,,,Femi & Nick (AUS4),7,10,6.0,4.0,0.6,66,21.0,45.0,0.3181818182
848,Sid & Ash,804,80,AUS4,Influencers,,2,1,1,Co-Ed,28.0,2.828427125,,8,6,8,0.6666666667,1,0.125,0.08333333333,2,0.25,5.25,2.49284691,5.396551724,0.4037202381,0.3539262389,-185.5537868,,9.0,7.0,6.0,3.0,4.0,1.0,6.0,6.0,,,,,,,,,,,,,,,,,,Sid & Ash (AUS4),7,10,5.0,5.0,0.5,58,24.0,34.0,0.4137931034
849,Hayley & Mikayla,805,80,AUS4,Sisters,,2,0,2,All-Female,26.5,3.535533906,,6,7,6,0.5,0,0.0,0.0,1,0.1666666667,4.333333333,1.966384161,4.333333333,0.5397486772,0.3447387756,93.18135922,,3.0,3.0,5.0,2.0,6.0,7.0,,,,,,,,,,,,,,,,,,,,Hayley & Mikayla (AUS4),7,10,4.0,6.0,0.4,48,28.0,20.0,0.5833333333
850,Chris & Adrienne,806,80,AUS4,Farmer & Firie,,2,1,1,Co-Ed,58.5,0.7071067812,,5,8,5,0.4166666667,0,0.0,0.0,1,0.2,7.0,1.0,7.071428571,0.2688888889,0.1951119495,-574.4210667,,7.0,6.0,8.0,6.0,8.0,,,,,,,,,,,,,,,,,,,,,Chris & Adrienne (AUS4),7,10,3.0,7.0,0.3,42,12.0,30.0,0.2857142857
851,Rowah & Amani,807,80,AUS4,Mum & Daughter,,2,0,2,All-Female,30.0,16.97056275,,4,9,4,0.3333333333,0,0.0,0.0,2,0.5,8.5,0.5773502692,8.714285714,0.1305555556,0.1540602736,-806.8597326,,8.0,8.0,9.0,9.0,,,,,,,,,,,,,,,,,,,,,,Rowah & Amani (AUS4),7,10,2.0,8.0,0.2,35,5.0,30.0,0.1428571429
852,Judy & Therese,808,80,AUS4,Nuns,,2,0,2,All-Female,49.0,5.656854249,,2,10,2,0.1666666667,0,0.0,0.0,1,0.5,10.0,0.0,10.0,0.05,0.07071067812,-569.4580309,,10.0,10.0,,,,,,,,,,,,,,,,,,,,,,,,Judy & Therese (AUS4),7,10,1.0,9.0,0.1,19,1.0,18.0,0.05263157895
853,Alana & Niko,809,80,AUS4,Gen Z Siblings,,2,1,1,Co-Ed,20.0,1.414213562,,1,11,1,0.08333333333,0,0.0,0.0,1,1.0,11.0,,11.0,0.0,,-345.9431619,,11.0,,,,,,,,,,,,,,,,,,,,,,,,,Alana & Niko (AUS4),7,10,0.0,10.0,0.0,10,0.0,10.0,0.0
854,Yael & Yosiel,662,81,ISR8,Cousins,,2,1,1,Co-Ed,27.0,2.828427125,,12,1,12,1.0,5,0.4166666667,0.4166666667,0,0.0,2.25,1.288057029,1.986842105,0.8039321789,0.2329139439,1418.407669,,2.0,4.0,1.0,3.0,4.0,1.0,3.0,2.0,4.0,1.0,1.0,1.0,,,,,,,,,,,,,,Yael & Yosiel (ISR8),4,11,11.0,0.0,1.0,76,61.0,15.0,0.8026315789
855,Asaf & Netah,810,81,ISR8,Childhood Friends,,2,2,0,All-Male,23.0,0.0,,12,2,12,1.0,4,0.3333333333,0.3333333333,0,0.0,2.583333333,1.621353718,2.363636364,0.7234728235,0.2646769647,1051.017049,,3.0,3.0,3.0,1.0,1.0,6.0,5.0,1.0,1.0,3.0,2.0,2.0,,,,,,,,,,,,,,Asaf & Netah (ISR8),4,11,10.0,1.0,0.9090909091,76,57.0,19.0,0.75
856,Omer & Neta,732,81,ISR8,Siblings,,2,1,1,Co-Ed,23.0,4.242640687,,12,3,12,1.0,0,0.0,0.0,1,0.08333333333,4.083333333,2.503028469,3.876794258,0.4931307119,0.3071652668,339.957027,,9.0,8.0,2.0,2.0,6.0,5.0,2.0,5.0,2.0,2.0,3.0,3.0,,,,,,,,,,,,,,Omer & Neta (ISR8),4,11,9.0,2.0,0.8181818182,76,39.0,37.0,0.5131578947
857,Ben & Ori,663,81,ISR8,Brothers,,2,2,0,All-Male,25.5,2.121320344,,11,4,11,0.9166666667,0,0.0,0.0,2,0.1818181818,5.272727273,2.195035721,5.041769042,0.3391118982,0.2308921183,-576.2550053,,10.0,9.0,5.0,5.0,5.0,3.0,4.0,4.0,5.0,4.0,4.0,,,,,,,,,,,,,,,Ben & Ori (ISR8),4,11,8.0,3.0,0.7272727273,74,27.0,47.0,0.3648648649
858,Shay & Shani,579,81,ISR8,Friends,,2,1,1,Co-Ed,31.5,0.7071067812,,10,5,10,0.8333333333,1,0.1,0.08333333333,2,0.2,3.7,2.002775851,3.592829706,0.578517316,0.3412231512,458.671421,,5.0,2.0,4.0,4.0,8.0,2.0,1.0,3.0,3.0,5.0,,,,,,,,,,,,,,,,Shay & Shani (ISR8),4,11,7.0,4.0,0.6363636364,71,44.0,27.0,0.6197183099
859,Ash & Alice,811,81,ISR8,Spouses,,2,1,1,Co-Ed,25.5,2.121320344,,8,6,8,0.6666666667,1,0.125,0.08333333333,1,0.125,5.0,2.390457219,4.694083694,0.4346590909,0.3730163434,-261.6148594,,4.0,1.0,7.0,7.0,2.0,7.0,6.0,6.0,,,,,,,,,,,,,,,,,,Ash & Alice (ISR8),4,11,6.0,5.0,0.5454545455,63,31.0,32.0,0.4920634921
860,Eviatar & Liane,812,81,ISR8,Married,,2,1,1,Co-Ed,31.0,1.414213562,,7,7,7,0.5833333333,1,0.1428571429,0.08333333333,1,0.1428571429,5.142857143,2.115700942,4.863636364,0.447675737,0.3271594111,-209.5727025,,1.0,5.0,6.0,6.0,7.0,4.0,7.0,,,,,,,,,,,,,,,,,,,Eviatar & Liane (ISR8),4,11,5.0,6.0,0.4545454545,58,29.0,29.0,0.5
861,Tali & Gili,813,81,ISR8,Siblings,,2,1,1,Co-Ed,37.0,11.3137085,,6,8,6,0.5,0,0.0,0.0,1,0.1666666667,6.833333333,2.041241452,6.506993007,0.3208573834,0.2606708422,-508.2731748,,8.0,6.0,8.0,8.0,3.0,8.0,,,,,,,,,,,,,,,,,,,,Tali & Gili (ISR8),4,11,4.0,7.0,0.3636363636,52,17.0,35.0,0.3269230769
862,Yarden & Anne,733,81,ISR8,Friends,,2,0,2,All-Female,24.0,0.0,,4,9,4,0.3333333333,0,0.0,0.0,1,0.25,8.75,1.258305739,8.045454545,0.1664141414,0.198479708,-859.7922203,,7.0,10.0,9.0,9.0,,,,,,,,,,,,,,,,,,,,,,Yarden & Anne (ISR8),4,11,3.0,8.0,0.2727272727,38,7.0,31.0,0.1842105263
863,Vova & Alla,582,81,ISR8,Exes,,2,1,1,Co-Ed,30.0,1.414213562,,3,10,3,0.25,0,0.0,0.0,1,0.3333333333,9.333333333,2.081665999,8.575757576,0.1636363636,0.2096829563,-1120.432759,,11.0,7.0,10.0,,,,,,,,,,,,,,,,,,,,,,,Vova & Alla (ISR8),4,11,2.0,9.0,0.1818181818,30,5.0,25.0,0.1666666667
864,Shiri & Noga,814,81,ISR8,Identical Twins,,2,0,2,All-Female,,,,2,11,2,0.1666666667,0,0.0,0.0,1,0.5,8.5,3.535533906,7.818181818,0.2727272727,0.3856946079,-333.5286032,,6.0,11.0,,,,,,,,,,,,,,,,,,,,,,,,Shiri & Noga (ISR8),4,11,1.0,10.0,0.09090909091,21,6.0,15.0,0.2857142857
865,Ruthie & Michal,815,81,ISR8,Cousins,,2,0,2,All-Female,55.0,2.828427125,,1,12,1,0.08333333333,0,0.0,0.0,1,1.0,12.0,,11.0,0.0,,-369.1860743,,12.0,,,,,,,,,,,,,,,,,,,,,,,,,Ruthie & Michal (ISR8),4,11,0.0,11.0,0.0,11,0.0,11.0,0.0
866,Will & James,816,82,USA32,Boyfriends,,2,2,0,All-Male,30.5,0.7071067812,,12,1,12,1.0,4,0.3333333333,0.3333333333,0,0.0,2.583333333,1.621353718,2.319444444,0.7527116402,0.2071688291,1230.05619,,4.0,6.0,1.0,1.0,4.0,4.0,1.0,3.0,2.0,2.0,2.0,1.0,,,,,,,,,,,,,,Will & James (USA32),1,10,10.0,0.0,1.0,72,53.0,19.0,0.7361111111
867,Hung & Chee,817,82,USA32,Married Parents,,2,1,1,Co-Ed,38.5,0.7071067812,,12,2,12,1.0,2,0.1666666667,0.1666666667,0,0.0,2.833333333,1.403458931,2.680555556,0.6237103175,0.2582769495,614.3968306,,1.0,1.0,2.0,6.0,2.0,3.0,3.0,4.0,4.0,3.0,3.0,2.0,,,,,,,,,,,,,,Hung & Chee (USA32),1,10,9.0,1.0,0.9,72,50.0,22.0,0.6944444444
868,Riley & Maddison,818,82,USA32,Pro Volleyball Players,,2,2,0,All-Male,30.0,1.414213562,,12,3,12,1.0,5,0.4166666667,0.4166666667,1,0.08333333333,2.166666667,1.193416283,2.166666667,0.786739418,0.2897453162,1417.857517,,3.0,3.0,4.0,4.0,1.0,2.0,2.0,1.0,1.0,1.0,1.0,3.0,,,,,,,,,,,,,,Riley & Maddison (USA32),1,10,8.0,2.0,0.8,72,58.0,14.0,0.8055555556
869,DeAngelo & Gary,819,82,USA32,Former NFL Stars,,2,2,0,All-Male,35.0,1.414213562,,11,4,11,0.9166666667,1,0.09090909091,0.08333333333,1,0.09090909091,4.272727273,2.533413077,4.342857143,0.4736652237,0.331475324,123.1603724,,10.0,2.0,5.0,7.0,5.0,1.0,4.0,2.0,3.0,4.0,4.0,,,,,,,,,,,,,,,DeAngelo & Gary (USA32),1,10,7.0,3.0,0.7,70,34.0,36.0,0.4857142857
870,Eswar & Aparna,820,82,USA32,Siblings,,2,1,1,Co-Ed,25.0,1.414213562,,10,5,10,0.8333333333,0,0.0,0.0,1,0.1,5.4,0.8432740427,5.597014925,0.3055952381,0.1811628979,-653.0362371,,7.0,4.0,6.0,5.0,6.0,5.0,6.0,5.0,5.0,5.0,,,,,,,,,,,,,,,,Eswar & Aparna (USA32),1,10,6.0,4.0,0.6,67,23.0,44.0,0.3432835821
871,Kaylynn & Haley,821,82,USA32,Sisters,,2,0,2,All-Female,30.5,0.7071067812,,9,6,9,0.75,0,0.0,0.0,4,0.4444444444,6.444444444,1.666666667,6.833333333,0.1942680776,0.2484303767,-1021.988116,,8.0,8.0,3.0,8.0,7.0,7.0,5.0,6.0,6.0,,,,,,,,,,,,,,,,,Kaylynn & Haley (USA32),1,10,5.0,5.0,0.5,63,14.0,49.0,0.2222222222
872,Leo & Alana,822,82,USA32,Dating,,2,1,1,Co-Ed,30.0,1.414213562,,7,7,7,0.5833333333,0,0.0,0.0,1,0.1428571429,5.714285714,1.97604704,5.981132075,0.3647959184,0.2867605324,-384.9476632,,6.0,7.0,8.0,3.0,3.0,6.0,7.0,,,,,,,,,,,,,,,,,,,Leo & Alana (USA32),1,10,4.0,6.0,0.4,53,20.0,33.0,0.3773584906
873,Michelle & Victoria,823,82,USA32,Sisters,,2,0,2,All-Female,33.5,0.7071067812,,5,8,5,0.4166666667,0,0.0,0.0,1,0.2,4.8,2.774887385,4.93902439,0.5125396825,0.3880564463,4.844583705,,2.0,5.0,7.0,2.0,8.0,,,,,,,,,,,,,,,,,,,,,Michelle & Victoria (USA32),1,10,3.0,7.0,0.3,41,22.0,19.0,0.5365853659
874,Jerry & Frank,824,82,USA32,Father/Son,,2,2,0,All-Male,42.5,24.74873734,,3,9,3,0.25,0,0.0,0.0,1,0.3333333333,7.666666667,2.309401077,7.666666667,0.237037037,0.3192068359,-475.4017832,,5.0,9.0,9.0,,,,,,,,,,,,,,,,,,,,,,,Jerry & Frank (USA32),1,10,2.0,8.0,0.2,27,7.0,20.0,0.2592592593
875,Kellie & LaVonne,825,82,USA32,Former Olympic Hurdlers,,2,0,2,All-Female,36.0,2.828427125,,2,10,2,0.1666666667,0,0.0,0.0,1,0.5,9.5,0.7071067812,9.5,0.1,0.1414213562,-508.9985321,,9.0,10.0,,,,,,,,,,,,,,,,,,,,,,,,Kellie & LaVonne (USA32),1,10,1.0,9.0,0.1,19,2.0,17.0,0.1052631579
876,Nathan & Cody,826,82,USA32,Best Friends,,2,2,0,All-Male,36.0,4.242640687,,1,11,1,0.08333333333,0,0.0,0.0,1,1.0,11.0,,11.0,0.0,,-345.9431619,,11.0,,,,,,,,,,,,,,,,,,,,,,,,,Nathan & Cody (USA32),1,10,0.0,10.0,0.0,10,0.0,10.0,0.0
877,Brendon & Jackson,827,83,AUS5,Cowboys,,2,2,0,All-Male,24.0,1.414213562,,24,1,23,0.9583333333,5,0.2173913043,0.2083333333,2,0.08695652174,3.869565217,2.784769418,3.0625,0.6025638613,0.3343992039,1025.150614,,12.0,3.0,2.0,1.0,3.0,6.0,5.0,6.0,5.0,4.0,9.0,4.0,2.0,1.0,,6.0,6.0,2.0,4.0,3.0,1.0,2.0,1.0,1.0,,Brendon & Jackson (AUS5),7,15,15.0,0.0,1.0,160,94.0,66.0,0.5875
878,Ashleigh & Amanda,828,83,AUS5,Gold Coast Girls,,2,0,2,All-Female,30.5,2.121320344,,24,2,22,0.9166666667,8,0.3636363636,0.3333333333,1,0.04545454545,2.772727273,1.900672016,2.350649351,0.7225236884,0.2956560014,1440.990891,,8.0,4.0,3.0,3.0,1.0,,6.0,3.0,1.0,2.0,3.0,1.0,1.0,3.0,5.0,5.0,1.0,,1.0,1.0,3.0,1.0,3.0,2.0,,Ashleigh & Amanda (AUS5),7,15,14.0,1.0,0.9333333333,154,115.0,39.0,0.7467532468
879,Jaskirat & Anurag,829,83,AUS5,Super Sikhs,,2,2,0,All-Male,29.0,0.0,,24,3,23,0.9583333333,4,0.1739130435,0.1666666667,2,0.08695652174,3.47826087,2.086091718,3.083870968,0.5598233892,0.3260314434,497.4705929,,1.0,1.0,,8.0,2.0,3.0,1.0,8.0,7.0,3.0,5.0,5.0,3.0,2.0,3.0,4.0,4.0,1.0,5.0,4.0,2.0,3.0,2.0,3.0,,Jaskirat & Anurag (AUS5),7,15,13.0,2.0,0.8666666667,155,98.0,57.0,0.6322580645
880,Chris & Aleisha,830,83,AUS5,Geek & Princess,,2,1,1,Co-Ed,30.5,0.7071067812,,22,4,22,0.9166666667,1,0.04545454545,0.04166666667,2,0.09090909091,4.363636364,2.19404941,3.740740741,0.5050888505,0.3061588042,209.3407241,,3.0,8.0,8.0,7.0,4.0,5.0,4.0,2.0,2.0,1.0,8.0,6.0,5.0,7.0,2.0,3.0,5.0,4.0,2.0,2.0,4.0,4.0,,,,Chris & Aleisha (AUS5),7,15,12.0,3.0,0.8,162,88.0,74.0,0.5432098765
881,Skye-Blue & Jake,831,83,AUS5,Siblings,,2,1,1,Co-Ed,28.0,1.414213562,,20,5,20,0.8333333333,2,0.1,0.08333333333,1,0.05,4.9,2.314712668,4.166666667,0.4916693029,0.274504823,229.9004495,,6.0,10.0,4.0,5.0,5.0,1.0,7.0,7.0,4.0,8.0,6.0,7.0,4.0,4.0,6.0,1.0,2.0,3.0,3.0,5.0,,,,,,Skye-Blue & Jake (AUS5),7,15,11.0,4.0,0.7333333333,156,78.0,78.0,0.5
882,MJ & Chelsea,832,83,AUS5,Footy Mates,,2,0,2,All-Female,30.0,1.414213562,,18,6,10,0.4166666667,3,0.3,0.125,1,0.1,3.4,2.221110833,3.31884058,0.6195238095,0.36998018,599.1771959,,,,,,,,3.0,1.0,,5.0,1.0,,7.0,6.0,1.0,2.0,3.0,5.0,,,,,,,,MJ & Chelsea (AUS5),7,15,10.0,5.0,0.6666666667,69,45.0,24.0,0.652173913
883,Holly & Dolor,833,83,AUS5,Power Couple,,2,1,1,Co-Ed,25.5,0.7071067812,,16,7,16,0.6666666667,0,0.0,0.0,2,0.125,6.5625,2.448639078,5.482014388,0.3587584291,0.252233654,-443.9644896,,9.0,11.0,5.0,9.0,6.0,8.0,8.0,4.0,8.0,9.0,4.0,2.0,6.0,5.0,4.0,7.0,,,,,,,,,,Holly & Dolor (AUS5),7,15,9.0,6.0,0.6,139,50.0,89.0,0.3597122302
884,Stan & Wayne,834,83,AUS5,Bodybuilders,,2,2,0,All-Male,31.0,7.071067812,,15,8,6,0.25,0,0.0,0.0,3,0.5,6.5,1.870828693,6.5,0.2347883598,0.2964731025,-665.3545197,,,,,,,,,,,6.0,7.0,3.0,8.0,8.0,7.0,,,,,,,,,,,Stan & Wayne (AUS5),7,15,8.0,7.0,0.5333333333,44,11.0,33.0,0.25
885,Jordan & Violeta,835,83,AUS5,Dancing Exes,,2,1,1,Co-Ed,22.5,0.7071067812,,12,9,12,0.5,0,0.0,0.0,1,0.08333333333,6.75,2.958039892,5.681415929,0.3826962389,0.3077471912,-397.5267032,,4.0,5.0,10.0,11.0,10.0,7.0,9.0,5.0,3.0,7.0,2.0,8.0,,,,,,,,,,,,,,Jordan & Violeta (AUS5),7,15,7.0,8.0,0.4666666667,113,44.0,69.0,0.389380531
886,Dwes & Katherine,836,83,AUS5,Kimberley Cousins,,2,1,1,Co-Ed,31.5,0.7071067812,,10,10,9,0.375,0,0.0,0.0,3,0.3333333333,7.888888889,3.586239132,6.76744186,0.2949054032,0.3055929389,-726.6006025,,14.0,,9.0,10.0,7.0,4.0,2.0,9.0,6.0,10.0,,,,,,,,,,,,,,,,Dwes & Katherine (AUS5),7,15,6.0,9.0,0.4,86,24.0,62.0,0.2790697674
887,Sefa & Jessica,837,83,AUS5,Besties,,2,1,1,Co-Ed,30.5,2.121320344,,7,11,7,0.2916666667,0,0.0,0.0,1,0.1428571429,6.714285714,2.811540842,5.504504505,0.4612304362,0.2895627515,-149.6501655,,7.0,9.0,7.0,4.0,8.0,2.0,10.0,,,,,,,,,,,,,,,,,,,Sefa & Jessica (AUS5),7,15,5.0,10.0,0.3333333333,74,34.0,40.0,0.4594594595
888,Jobelle & Rani,838,83,AUS5,Daughter & Dad,,2,1,1,Co-Ed,40.5,16.26345597,,6,12,6,0.25,0,0.0,0.0,1,0.1666666667,8.333333333,2.658320272,6.866666667,0.3113053613,0.2487940169,-590.5585208,,13.0,7.0,6.0,6.0,9.0,9.0,,,,,,,,,,,,,,,,,,,,Jobelle & Rani (AUS5),7,15,4.0,11.0,0.2666666667,65,21.0,44.0,0.3230769231
889,Shane & Deb,839,83,AUS5,Parents,,2,1,1,Co-Ed,44.0,4.242640687,,5,13,5,0.2083333333,1,0.2,0.04166666667,1,0.2,4.2,4.086563348,3.526315789,0.7036130536,0.4094683607,491.6473661,,5.0,2.0,1.0,2.0,11.0,,,,,,,,,,,,,,,,,,,,,Shane & Deb (AUS5),7,15,3.0,12.0,0.2,57,41.0,16.0,0.7192982456
890,Malaan & Tina,840,83,AUS5,Childhood Friends,,2,0,2,All-Female,26.5,0.7071067812,,4,14,4,0.1666666667,0,0.0,0.0,1,0.25,10.0,2.708012802,8.14893617,0.2262529138,0.2562779445,-693.4383324,,11.0,6.0,11.0,12.0,,,,,,,,,,,,,,,,,,,,,,Malaan & Tina (AUS5),7,15,2.0,13.0,0.1333333333,47,11.0,36.0,0.2340425532
891,Jude & Shannon,841,83,AUS5,Mums,,2,0,2,All-Female,47.0,2.828427125,,3,15,3,0.125,0,0.0,0.0,1,0.3333333333,11.33333333,1.154700538,9.324074074,0.1303418803,0.1591414204,-738.3802033,,10.0,12.0,12.0,,,,,,,,,,,,,,,,,,,,,,,Jude & Shannon (AUS5),7,15,1.0,14.0,0.06666666667,36,5.0,31.0,0.1388888889
892,Alex & Jack,842,83,AUS5,Twin Models,,2,2,0,All-Male,28.0,0.0,,2,16,2,0.08333333333,0,0.0,0.0,1,0.5,7.5,7.778174593,6.2,0.4615384615,0.6527139519,-88.20429592,,2.0,13.0,,,,,,,,,,,,,,,,,,,,,,,,Alex & Jack (AUS5),7,15,0.0,15.0,0.0,25,12.0,13.0,0.48
893,Kim & Penn,843,84,USA33,Internet Personalities,,2,1,1,Co-Ed,46.0,1.414213562,,11,1,11,1.0,5,0.4545454545,0.4545454545,0,0.0,2.090909091,1.375103302,2.0,0.8202020202,0.1849136056,1300.998399,,4.0,5.0,1.0,2.0,3.0,1.0,1.0,1.0,2.0,2.0,1.0,,,,,,,,,,,,,,,Kim & Penn (USA33),1,10,10.0,0.0,1.0,60,48.0,12.0,0.8
894,Raquel & Cayla,844,84,USA33,Flight Attendants,,2,0,2,All-Female,30.5,0.7071067812,,11,2,11,1.0,2,0.1818181818,0.1818181818,0,0.0,2.727272727,1.489356176,2.741666667,0.7070707071,0.2004946185,920.0989372,,3.0,4.0,6.0,3.0,4.0,2.0,2.0,2.0,1.0,1.0,2.0,,,,,,,,,,,,,,,Raquel & Cayla (USA33),1,10,9.0,1.0,0.9,60,41.0,19.0,0.6833333333
895,Ryan & Dusty,845,84,USA33,Best Friends,,2,2,0,All-Male,37.5,0.7071067812,,11,3,11,1.0,3,0.2727272727,0.2727272727,2,0.1818181818,2.363636364,1.026910636,2.5,0.6111111111,0.3825192644,467.6015003,,2.0,1.0,2.0,1.0,1.0,3.0,3.0,3.0,4.0,3.0,3.0,,,,,,,,,,,,,,,Ryan & Dusty (USA33),1,10,8.0,2.0,0.8,60,45.0,15.0,0.75
896,Arun & Natalia,846,84,USA33,Father/Daughter,,2,1,1,Co-Ed,42.0,19.79898987,,10,4,10,0.9090909091,0,0.0,0.0,4,0.4,5.4,2.412928143,5.931034483,0.2127777778,0.2480106031,-886.6764169,,9.0,3.0,10.0,6.0,6.0,4.0,5.0,4.0,3.0,4.0,,,,,,,,,,,,,,,,Arun & Natalia (USA33),1,10,7.0,3.0,0.7,58,14.0,44.0,0.2413793103
897,Lulu & Lala,847,84,USA33,Twins/Radio Hosts,,2,0,2,All-Female,37.0,0.0,,8,5,8,0.7272727273,0,0.0,0.0,2,0.25,5.875,2.90012315,6.25,0.2729166667,0.2719619342,-659.5504381,,10.0,10.0,7.0,4.0,2.0,5.0,4.0,5.0,,,,,,,,,,,,,,,,,,Lulu & Lala (USA33),1,10,6.0,4.0,0.6,52,13.0,39.0,0.25
898,Akbar & Sheri,848,84,USA33,Married Educators,,2,1,1,Co-Ed,44.5,0.7071067812,,6,6,6,0.5454545455,0,0.0,0.0,1,0.1666666667,6.5,1.643167673,6.625,0.2277777778,0.1740937735,-760.166784,,6.0,8.0,9.0,5.0,5.0,6.0,,,,,,,,,,,,,,,,,,,,Akbar & Sheri (USA33),1,10,5.0,5.0,0.5,44,11.0,33.0,0.25
899,Michael & Moe,849,84,USA33,Singing Police Officers,,2,2,0,All-Male,39.0,4.242640687,,4,7,2,0.1818181818,0,0.0,0.0,2,1.0,9.0,2.828427125,9.0,0.0,0.0,-592.1214113,,11.0,,,7.0,,,,,,,,,,,,,,,,,,,,,,Michael & Moe (USA33),1,10,4.0,6.0,0.4,16,0.0,16.0,0.0
900,Anthony & Spencer,850,84,USA33,Childhood Friends,,2,2,0,All-Male,29.0,0.0,,3,8,3,0.2727272727,1,0.3333333333,0.09090909091,0,0.0,3.666666667,3.055050463,3.642857143,0.7037037037,0.3394500515,359.9833633,,1.0,7.0,3.0,,,,,,,,,,,,,,,,,,,,,,,Anthony & Spencer (USA33),1,10,1.5,8.5,0.15,28,20.0,8.0,0.7142857143
901,Connie & Sam,851,84,USA33,Married,,2,1,1,Co-Ed,33.5,6.363961031,,3,8,3,0.2727272727,0,0.0,0.0,0,0.0,4.333333333,2.516611478,4.303571429,0.6518518519,0.2447809132,291.9909158,,7.0,2.0,4.0,,,,,,,,,,,,,,,,,,,,,,,Connie & Sam (USA33),1,10,1.5,8.5,0.15,28,18.0,10.0,0.6428571429
902,Caro & Ray,852,84,USA33,Dating,,2,1,1,Co-Ed,24.0,1.414213562,,3,8,3,0.2727272727,0,0.0,0.0,0,0.0,5.333333333,0.5773502692,5.294642857,0.5333333333,0.08012336168,65.68874439,,5.0,6.0,5.0,,,,,,,,,,,,,,,,,,,,,,,Caro & Ray (USA33),1,10,1.5,8.5,0.15,28,15.0,13.0,0.5357142857
903,Taylor & Isaiah,853,84,USA33,YouTube Sensations,,2,2,0,All-Male,34.5,4.949747468,,3,8,3,0.2727272727,0,0.0,0.0,0,0.0,8.333333333,0.5773502692,8.267857143,0.2111111111,0.09493337495,-507.8468094,,8.0,9.0,8.0,,,,,,,,,,,,,,,,,,,,,,,Taylor & Isaiah (USA33),1,10,1.5,8.5,0.15,28,6.0,22.0,0.2142857143
904,Catherine & Craig,854,85,CAN8,Best Friends,,2,1,1,Co-Ed,43.5,2.121320344,,11,1,9,0.8181818182,3,0.3333333333,0.2727272727,0,0.0,3.222222222,2.166666667,2.754385965,0.6855379189,0.2793264025,864.4536087,,5.0,5.0,1.0,,,7.0,3.0,4.0,1.0,2.0,1.0,,,,,,,,,,,,,,,Catherine & Craig (CAN8),13,9,9.0,0.0,1.0,57,37.0,20.0,0.649122807
905,Jesse & Marika,855,85,CAN8,Siblings,,2,1,1,Co-Ed,30.5,2.121320344,,11,2,11,1.0,3,0.2727272727,0.2727272727,0,0.0,3.090909091,2.256304299,2.851851852,0.6815656566,0.2802315861,874.3745733,,8.0,2.0,4.0,2.0,1.0,6.0,1.0,1.0,4.0,3.0,2.0,,,,,,,,,,,,,,,Jesse & Marika (CAN8),13,9,8.0,1.0,0.8888888889,69,46.0,23.0,0.6666666667
906,Franca & Nella,856,85,CAN8,Sisters,,2,0,2,All-Female,31.0,1.414213562,,11,3,11,1.0,2,0.1818181818,0.1818181818,0,0.0,2.909090909,1.700267359,2.859903382,0.6597402597,0.2768228691,760.9686276,,4.0,1.0,7.0,3.0,2.0,1.0,2.0,3.0,2.0,4.0,3.0,,,,,,,,,,,,,,,Franca & Nella (CAN8),13,9,7.0,2.0,0.7777777778,69,48.0,21.0,0.6956521739
907,Brendan & Connor,857,85,CAN8,Brothers,,2,2,0,All-Male,27.5,2.121320344,,11,4,11,1.0,3,0.2727272727,0.2727272727,2,0.1818181818,3.0,1.732050808,3.125603865,0.6193722944,0.3889739872,489.0594098,,1.0,4.0,2.0,1.0,3.0,2.0,4.0,6.0,5.0,1.0,4.0,,,,,,,,,,,,,,,Brendan & Connor (CAN8),13,9,6.0,3.0,0.6666666667,69,47.0,22.0,0.6811594203
908,Beverley & Veronica,858,85,CAN8,Friends,,2,0,2,All-Female,31.0,1.414213562,,10,5,10,0.9090909091,0,0.0,0.0,1,0.1,3.7,1.33749351,3.954545455,0.5509126984,0.2852195434,255.1734159,,2.0,3.0,3.0,6.0,4.0,4.0,5.0,2.0,3.0,5.0,,,,,,,,,,,,,,,,Beverley & Veronica (CAN8),13,9,5.0,4.0,0.5555555556,66,39.0,27.0,0.5909090909
909,Court & Ali,859,85,CAN8,Dating Couple,,2,1,1,Co-Ed,36.0,4.242640687,,9,6,7,0.6363636364,0,0.0,0.0,2,0.2857142857,6.428571429,1.511857892,6.911111111,0.2221655329,0.1997022155,-759.9722326,,6.0,9.0,5.0,,,8.0,6.0,5.0,6.0,,,,,,,,,,,,,,,,,Court & Ali (CAN8),13,9,4.0,5.0,0.4444444444,50,12.0,38.0,0.24
910,Cedric & Tychon,860,85,CAN8,Father/Son,,2,2,0,All-Male,40.0,14.14213562,,7,7,7,0.6363636364,0,0.0,0.0,0,0.0,5.857142857,1.951800146,6.448717949,0.3458049887,0.2299325947,-394.0511597,,9.0,6.0,6.0,4.0,6.0,3.0,7.0,,,,,,,,,,,,,,,,,,,Cedric & Tychon (CAN8),13,9,3.0,6.0,0.3333333333,52,18.0,34.0,0.3461538462
911,Cassie & Jahmeek,861,85,CAN8,Engaged,,2,1,1,Co-Ed,31.5,0.7071067812,,7,8,7,0.6363636364,0,0.0,0.0,3,0.4285714286,6.428571429,2.149196971,7.495726496,0.248015873,0.3030652487,-766.3245491,,3.0,8.0,9.0,7.0,5.0,5.0,8.0,,,,,,,,,,,,,,,,,,,Cassie & Jahmeek (CAN8),13,9,2.0,7.0,0.2222222222,52,14.0,38.0,0.2692307692
912,Dennis & Durrell,862,85,CAN8,Uncle/Nephew,,2,2,0,All-Male,37.5,6.363961031,,6,9,4,0.3636363636,0,0.0,0.0,1,0.25,7.75,0.9574271078,8.727272727,0.1770833333,0.1458333333,-708.6321427,,7.0,7.0,8.0,,,9.0,,,,,,,,,,,,,,,,,,,,Dennis & Durrell (CAN8),13,9,1.0,8.0,0.1111111111,33,6.0,27.0,0.1818181818
913,Jully & Kathy,863,85,CAN8,Friends,,2,0,2,All-Female,42.5,2.121320344,,5,10,3,0.2727272727,0,0.0,0.0,2,0.6666666667,7.333333333,2.516611478,10.04761905,0.1111111111,0.1924500897,-615.0495511,,10.0,,,5.0,7.0,,,,,,,,,,,,,,,,,,,,,Jully & Kathy (CAN8),13,9,0.0,9.0,0.0,21,2.0,19.0,0.09523809524
914,Heath & Toni,864,86,AUS6,Enduring Love,,2,1,1,Co-Ed,35.5,3.535533906,,21,1,20,0.9523809524,6,0.3,0.2857142857,1,0.05,3.95,3.748332963,2.820987654,0.6776160767,0.3221432985,1737.018848,,,5.0,14.0,11.0,1.0,4.0,10.0,2.0,5.0,5.0,6.0,2.0,2.0,1.0,1.0,2.0,2.0,1.0,1.0,3.0,1.0,,,,,Heath & Toni (AUS6),7,19,19.0,0.0,1.0,162,103.0,59.0,0.6358024691
915,Angel & Frankie,865,86,AUS6,Church Friends,,2,1,1,Co-Ed,24.5,0.7071067812,,21,2,20,0.9523809524,6,0.3,0.2857142857,0,0.0,3.15,2.412140347,2.397011046,0.6807563025,0.2704996705,1150.36206,,,1.0,9.0,1.0,9.0,3.0,1.0,1.0,1.0,1.0,2.0,3.0,4.0,3.0,6.0,3.0,3.0,4.0,4.0,2.0,2.0,,,,,Angel & Frankie (AUS6),7,19,18.0,1.0,0.9473684211,162,119.0,43.0,0.7345679012
916,Kelly & Georgia,866,86,AUS6,Newlywed Teachers,,2,1,1,Co-Ed,25.0,0.0,,21,3,16,0.7619047619,3,0.1875,0.1428571429,1,0.0625,5.0,3.055050463,3.490733877,0.5330213904,0.3127782471,560.9676257,,1.0,,5.0,10.0,5.0,6.0,11.0,8.0,8.0,,,,,5.0,3.0,5.0,1.0,5.0,3.0,1.0,3.0,,,,,Kelly & Georgia (AUS6),7,19,17.0,2.0,0.8947368421,142,78.0,64.0,0.5492957746
917,Tiffany & Cynthia,867,86,AUS6,Auntie & Niece,,2,0,2,All-Female,28.5,10.60660172,,20,4,15,0.7142857143,0,0.0,0.0,2,0.1333333333,6.4,4.205438656,4.34962406,0.4342033783,0.2902981503,146.5350976,,4.0,,15.0,6.0,15.0,9.0,3.0,10.0,7.0,,,,,6.0,2.0,4.0,6.0,3.0,2.0,4.0,,,,,,Tiffany & Cynthia (AUS6),7,19,16.0,3.0,0.8421052632,140,59.0,81.0,0.4214285714
918,Pako & Mori,868,86,AUS6,Hubbies,,2,2,0,All-Male,38.5,0.7071067812,,19,5,18,0.8571428571,4,0.2222222222,0.1904761905,1,0.05555555556,3.055555556,2.208865086,2.426416359,0.7160161371,0.3103630032,1261.026333,,2.0,,2.0,4.0,2.0,1.0,2.0,4.0,10.0,4.0,1.0,1.0,3.0,2.0,5.0,1.0,4.0,2.0,5.0,,,,,,,Pako & Mori (AUS6),7,19,15.0,4.0,0.7894736842,157,120.0,37.0,0.7643312102
919,Lauren & Steph,869,86,AUS6,Cop Couple,,2,0,2,All-Female,30.5,4.949747468,,18,6,12,0.5714285714,0,0.0,0.0,1,0.08333333333,5.666666667,2.774341309,3.807017544,0.485641782,0.3184182703,8.181420832,,,3.0,8.0,2.0,11.0,2.0,8.0,7.0,3.0,,,,,,7.0,6.0,5.0,6.0,,,,,,,,Lauren & Steph (AUS6),7,19,14.0,5.0,0.7368421053,126,70.0,56.0,0.5555555556
920,Chelsea & Jamus,870,86,AUS6,Engaged Parents,,2,1,1,Co-Ed,30.5,6.363961031,,17,7,16,0.7619047619,1,0.0625,0.04761904762,2,0.125,5.8125,2.372586493,4.422830725,0.443202243,0.3001916794,-40.6994151,,9.0,,6.0,8.0,6.0,5.0,6.0,11.0,6.0,3.0,5.0,5.0,1.0,4.0,4.0,7.0,7.0,,,,,,,,,Chelsea & Jamus (AUS6),7,19,13.0,6.0,0.6842105263,148,71.0,77.0,0.4797297297
921,Jodie & Claire,871,86,AUS6,Dragon Boat Mums,,2,0,2,All-Female,51.5,4.949747468,,15,8,10,0.4761904762,0,0.0,0.0,1,0.1,9.1,3.604010112,5.777676951,0.2954566675,0.2283242947,-734.8979344,,6.0,,17.0,9.0,8.0,11.0,12.0,9.0,4.0,,,,,7.0,8.0,,,,,,,,,,,Jodie & Claire (AUS6),7,19,12.0,7.0,0.6315789474,116,35.0,81.0,0.3017241379
922,Fliss & Tottie,872,86,AUS6,Country Kids,,2,0,2,All-Female,20.0,0.0,,14,9,9,0.4285714286,0,0.0,0.0,1,0.1111111111,8.111111111,2.315407332,5.171897634,0.3730658593,0.2449758817,-446.8544868,,8.0,,7.0,12.0,4.0,10.0,9.0,6.0,9.0,,,,,8.0,,,,,,,,,,,,Fliss & Tottie (AUS6),7,19,11.0,8.0,0.5789473684,109,45.0,64.0,0.4128440367
923,Flick & Gabby,873,86,AUS6,Barista Sisters,,2,0,2,All-Female,26.0,2.828427125,,13,10,12,0.5714285714,1,0.08333333333,0.04761904762,1,0.08333333333,3.5,1.623688282,2.811906816,0.6742664743,0.2860325648,905.0239909,,3.0,,1.0,3.0,3.0,7.0,5.0,3.0,2.0,2.0,4.0,4.0,5.0,,,,,,,,,,,,,Flick & Gabby (AUS6),7,19,10.0,9.0,0.5263157895,122,92.0,30.0,0.7540983607
924,Stuart & Glennon,874,86,AUS6,Baru Mates,,2,2,0,All-Male,27.0,5.656854249,,12,11,8,0.380952381,0,0.0,0.0,1,0.125,8.375,3.739270364,6.297213622,0.2842203548,0.2384097027,-629.969107,,,8.0,10.0,7.0,13.0,14.0,,,,6.0,3.0,6.0,,,,,,,,,,,,,,Stuart & Glennon (AUS6),7,19,9.0,10.0,0.4736842105,85,26.0,59.0,0.3058823529
925,Kathy & Chace,875,86,AUS6,Lawyer Cousins,,2,1,1,Co-Ed,27.5,0.7071067812,,10,12,3,0.1428571429,0,0.0,0.0,1,0.3333333333,4.0,2.645751311,3.220394737,0.5904139434,0.5113239169,272.2190641,,,2.0,3.0,,,,,,,7.0,,,,,,,,,,,,,,,,Kathy & Chace (AUS6),7,19,8.0,11.0,0.4210526316,32,23.0,9.0,0.71875
926,Morgan & Lilli,876,86,AUS6,Blonde Buddies,,2,0,2,All-Female,23.0,0.0,,9,13,8,0.380952381,0,0.0,0.0,1,0.125,9.125,3.270539492,6.198658411,0.352940646,0.26423369,-373.7712928,,,9.0,11.0,13.0,12.0,8.0,4.0,5.0,11.0,,,,,,,,,,,,,,,,,Morgan & Lilli (AUS6),7,19,7.0,12.0,0.3684210526,102,37.0,65.0,0.362745098
927,Tammy & Vincent,877,86,AUS6,Scientific Siblings,,2,1,1,Co-Ed,34.0,8.485281374,,8,14,7,0.3333333333,0,0.0,0.0,1,0.1428571429,9.0,4.281744193,6.125858124,0.3800053355,0.3102143083,-502.787562,,5.0,,4.0,15.0,7.0,13.0,7.0,12.0,,,,,,,,,,,,,,,,,,Tammy & Vincent (AUS6),7,19,6.0,13.0,0.3157894737,92,36.0,56.0,0.3913043478
928,Crystal & Reem,878,86,AUS6,Middle Eastern Mates,,2,0,2,All-Female,26.5,0.7071067812,,7,15,6,0.2857142857,0,0.0,0.0,1,0.1666666667,10.66666667,4.966554809,7.218323587,0.3005602241,0.3178253517,-767.0422583,,,4.0,16.0,5.0,14.0,12.0,13.0,,,,,,,,,,,,,,,,,,,Crystal & Reem (AUS6),7,19,5.0,14.0,0.2631578947,81,23.0,58.0,0.2839506173
929,Sam & Stu,879,86,AUS6,The Mullets,,2,2,0,All-Male,23.0,0.0,,6,16,5,0.2380952381,0,0.0,0.0,1,0.2,11.6,3.209361307,7.872616323,0.2353501401,0.1612908407,-812.6831945,,,7.0,12.0,14.0,10.0,15.0,,,,,,,,,,,,,,,,,,,,Sam & Stu (AUS6),7,19,4.0,15.0,0.2105263158,69,16.0,53.0,0.231884058
930,Sam & Alex,880,86,AUS6,Flamboyant Friends,,2,2,0,All-Male,27.5,0.7071067812,,4,17,3,0.1428571429,0,0.0,0.0,1,0.3333333333,11.66666667,5.131601439,8.188703466,0.2461873638,0.2260656986,-562.9947139,,,6.0,13.0,16.0,,,,,,,,,,,,,,,,,,,,,,Sam & Alex (AUS6),7,19,3.0,16.0,0.1578947368,41,9.0,32.0,0.2195121951
931,Jake & Holly,881,86,AUS6,Model Couple,,2,1,1,Co-Ed,26.5,3.535533906,,3,18,2,0.09523809524,0,0.0,0.0,1,0.5,12.5,7.778174593,9.380566802,0.1666666667,0.2357022604,-505.2488563,,7.0,,18.0,,,,,,,,,,,,,,,,,,,,,,,Jake & Holly (AUS6),7,19,2.0,17.0,0.1052631579,26,3.0,23.0,0.1153846154
932,Bren & Anja,882,86,AUS6,Vegan Warriors,,2,0,2,All-Female,54.5,2.121320344,,2,19,1,0.04761904762,0,0.0,0.0,1,1.0,10.0,,10.86842105,0.0,,-332.1928095,,,10.0,,,,,,,,,,,,,,,,,,,,,,,,Bren & Anja (AUS6),7,19,0.5,18.5,0.02631578947,9,0.0,9.0,0.0
933,Paul & Rachel,883,86,AUS6,Dad & Daughter Brokers,,2,1,1,Co-Ed,50.0,24.04163056,,1,19,1,0.04761904762,0,0.0,0.0,1,1.0,10.0,,10.86842105,0.0,,-332.1928095,,10.0,,,,,,,,,,,,,,,,,,,,,,,,,Paul & Rachel (AUS6),7,19,0.5,18.5,0.02631578947,9,0.0,9.0,0.0
934,Derek & Claire,884,87,USA34,Reality Romance,,2,1,1,Co-Ed,25.5,0.7071067812,,12,1,12,1.0,5,0.4166666667,0.4166666667,0,0.0,2.833333333,2.081665999,2.428571429,0.7516203704,0.2575255055,1215.76291,,1.0,4.0,6.0,7.0,2.0,4.0,3.0,1.0,1.0,3.0,1.0,1.0,,,,,,,,,,,,,,Derek & Claire (USA34),1,11,11.0,0.0,1.0,77,55.0,22.0,0.7142857143
935,Emily & Molly,885,87,USA34,Long Lost Twins,,2,0,2,All-Female,35.5,0.7071067812,,12,2,12,1.0,1,0.08333333333,0.08333333333,0,0.0,3.666666667,1.825741858,3.266824085,0.5298821549,0.2703725193,309.0794311,,5.0,7.0,2.0,1.0,5.0,6.0,2.0,3.0,4.0,4.0,3.0,2.0,,,,,,,,,,,,,,Emily & Molly (USA34),1,11,10.0,1.0,0.9090909091,77,45.0,32.0,0.5844155844
936,Luis & Michelle,886,87,USA34,Married,,2,1,1,Co-Ed,34.0,0.0,,12,3,12,1.0,3,0.25,0.25,1,0.08333333333,3.333333333,2.498484389,3.148760331,0.6318181818,0.3127677916,819.3499693,,10.0,5.0,4.0,4.0,1.0,1.0,4.0,2.0,3.0,1.0,2.0,3.0,,,,,,,,,,,,,,Luis & Michelle (USA34),1,11,9.0,2.0,0.8181818182,77,49.0,28.0,0.6363636364
937,Aubrey & David,887,87,USA34,Ballroom Dancers,,2,1,1,Co-Ed,29.0,0.0,,11,4,11,0.9166666667,0,0.0,0.0,1,0.09090909091,5.181818182,2.96034396,4.903030303,0.403466483,0.3182677472,-116.1201826,,11.0,8.0,3.0,6.0,8.0,2.0,6.0,5.0,2.0,2.0,4.0,,,,,,,,,,,,,,,Aubrey & David (USA34),1,11,8.0,3.0,0.7272727273,75,29.0,46.0,0.3866666667
938,Marcus & Michael,888,87,USA34,Military Brothers,,2,2,0,All-Male,34.0,5.656854249,,10,5,10,0.8333333333,3,0.3,0.25,2,0.2,3.3,1.946506843,3.178030303,0.5917676768,0.3971237418,363.6900793,,6.0,1.0,1.0,2.0,3.0,5.0,1.0,4.0,5.0,5.0,,,,,,,,,,,,,,,,Marcus & Michael (USA34),1,11,7.0,4.0,0.6363636364,72,49.0,23.0,0.6805555556
939,Quinton & Mattie,889,87,USA34,Former Rams Cheerleaders,,2,1,1,Co-Ed,28.0,1.414213562,,8,6,8,0.6666666667,0,0.0,0.0,1,0.125,5.75,2.375469878,5.318181818,0.3838699495,0.2815207756,-328.2780392,,3.0,10.0,8.0,5.0,6.0,3.0,5.0,6.0,,,,,,,,,,,,,,,,,,Quinton & Mattie (USA34),1,11,6.0,5.0,0.5454545455,64,26.0,38.0,0.40625
940,Glenda & Lumumba,890,87,USA34,Newlyweds,,2,1,1,Co-Ed,41.0,0.0,,7,7,7,0.5833333333,0,0.0,0.0,3,0.4285714286,6.142857143,3.023715784,5.714946071,0.3259018759,0.4092360297,-624.7608763,,2.0,2.0,10.0,8.0,7.0,7.0,7.0,,,,,,,,,,,,,,,,,,,Glenda & Lumumba (USA34),1,11,5.0,6.0,0.4545454545,59,23.0,36.0,0.3898305085
941,Abby & Will,891,87,USA34,Childhood Sweethearts,,2,1,1,Co-Ed,24.5,0.7071067812,,5,8,5,0.4166666667,0,0.0,0.0,0,0.0,5.6,2.073644135,5.003868472,0.5199494949,0.1851812633,137.940016,,8.0,6.0,7.0,3.0,4.0,,,,,,,,,,,,,,,,,,,,,Abby & Will (USA34),1,11,4.0,7.0,0.3636363636,47,24.0,23.0,0.5106382979
942,Linton & Sharik,892,87,USA34,Father/Daughter,,2,1,1,Co-Ed,36.5,19.09188309,,5,9,5,0.4166666667,0,0.0,0.0,1,0.2,6.0,2.828427125,5.593810445,0.4387878788,0.3630562151,-242.6926502,,4.0,3.0,5.0,9.0,9.0,,,,,,,,,,,,,,,,,,,,,Linton & Sharik (USA34),1,11,3.0,8.0,0.2727272727,47,22.0,25.0,0.4680851064
943,Rich & Dom,893,87,USA34,Motivational Speakers,,2,1,1,Co-Ed,33.5,2.121320344,,4,10,4,0.3333333333,0,0.0,0.0,1,0.25,9.25,0.5,8.692307692,0.145959596,0.1176279866,-805.4920053,,9.0,9.0,9.0,10.0,,,,,,,,,,,,,,,,,,,,,,Rich & Dom (USA34),1,11,2.0,9.0,0.1818181818,39,6.0,33.0,0.1538461538
944,Tim & Rex,894,87,USA34,Golf Buddies,,2,2,0,All-Male,49.5,13.43502884,,2,11,2,0.1666666667,0,0.0,0.0,1,0.5,9.0,2.828427125,8.272727273,0.2272727273,0.3214121733,-369.9824021,,7.0,11.0,,,,,,,,,,,,,,,,,,,,,,,,Tim & Rex (USA34),1,11,1.0,10.0,0.09090909091,21,5.0,16.0,0.2380952381
945,Aastha & Nina,895,87,USA34,Engaged,,2,0,2,All-Female,33.5,0.7071067812,,1,12,1,0.08333333333,0,0.0,0.0,1,1.0,12.0,,11.0,0.0,,-358.4962501,,12.0,,,,,,,,,,,,,,,,,,,,,,,,,Aastha & Nina (USA34),1,11,0.0,11.0,0.0,11,0.0,11.0,0.0
946,Ty & Kat,896,88,CAN9,Dating Couple,,2,1,1,Co-Ed,25.0,0.0,,10,1,10,1.0,5,0.5,0.5,0,0.0,1.8,1.032795559,1.714285714,0.8345238095,0.2272981788,1230.0024,,1.0,1.0,2.0,4.0,2.0,1.0,1.0,2.0,3.0,1.0,,,,,,,,,,,,,,,,Ty & Kat (CAN9),13,9,9.0,0.0,1.0,56,48.0,8.0,0.8571428571
947,Tyler & Kayleen,897,88,CAN9,Dating Couple,,2,1,1,Co-Ed,33.0,2.828427125,,10,2,10,1.0,3,0.3,0.3,0,0.0,2.4,1.349897115,2.388888889,0.7616269841,0.200068055,1065.176719,,5.0,2.0,4.0,3.0,1.0,3.0,2.0,1.0,1.0,2.0,,,,,,,,,,,,,,,,Tyler & Kayleen (CAN9),13,9,8.0,1.0,0.8888888889,56,42.0,14.0,0.75
948,Ben & Anwar,898,88,CAN9,Friends,,2,2,0,All-Male,31.5,0.7071067812,,10,3,10,1.0,0,0.0,0.0,1,0.1,4.4,2.118699811,4.71031746,0.4050793651,0.25079566,-100.8994868,,8.0,5.0,7.0,6.0,5.0,2.0,3.0,3.0,2.0,3.0,,,,,,,,,,,,,,,,Ben & Anwar (CAN9),13,9,7.0,2.0,0.7777777778,56,22.0,34.0,0.3928571429
949,Deven & Amanda,899,88,CAN9,Couple,,2,1,1,Co-Ed,37.0,5.656854249,,9,4,9,0.9,0,0.0,0.0,1,0.1111111111,5.222222222,1.56347192,5.75308642,0.2720017637,0.1627237097,-650.9812796,,6.0,8.0,6.0,7.0,4.0,4.0,4.0,4.0,4.0,,,,,,,,,,,,,,,,,Deven & Amanda (CAN9),13,9,6.0,3.0,0.6666666667,54,15.5,38.5,0.287037037
950,Jermaine & Justin,900,88,CAN9,Best Friends,,2,2,0,All-Male,38.5,3.535533906,,8,5,8,0.8,0,0.0,0.0,3,0.375,5.5,1.309307341,6.168845316,0.2421130952,0.2442395442,-790.4911601,,4.0,6.0,8.0,5.0,6.0,6.0,4.0,5.0,,,,,,,,,,,,,,,,,,Jermaine & Justin (CAN9),13,9,5.0,4.0,0.5555555556,51,14.5,36.5,0.2843137255
951,Derek & Jaspal,901,88,CAN9,Friends,,2,2,0,All-Male,28.0,0.0,,7,6,7,0.7,1,0.1428571429,0.1,1,0.1428571429,3.428571429,1.618347187,3.813238771,0.5869614512,0.3536525086,223.0094813,,3.0,3.0,3.0,1.0,3.0,5.0,6.0,,,,,,,,,,,,,,,,,,,Derek & Jaspal (CAN9),13,9,4.0,5.0,0.4444444444,47,30.0,17.0,0.6382978723
952,Gracie & Lily,902,88,CAN9,Best Friends,,2,0,2,All-Female,24.5,0.7071067812,,5,7,5,0.5,1,0.2,0.1,1,0.2,3.2,2.387467277,3.477477477,0.6742063492,0.4008339207,405.7212956,,2.0,4.0,1.0,2.0,7.0,,,,,,,,,,,,,,,,,,,,,Gracie & Lily (CAN9),13,9,3.0,6.0,0.3333333333,37,26.0,11.0,0.7027027027
953,Shayla & Joel,903,88,CAN9,Siblings,,2,1,1,Co-Ed,25.0,5.656854249,,4,8,4,0.4,0,0.0,0.0,1,0.25,6.75,1.258305739,7.594982079,0.2529761905,0.1837541552,-510.192456,,7.0,7.0,5.0,8.0,,,,,,,,,,,,,,,,,,,,,,Shayla & Joel (CAN9),13,9,2.0,7.0,0.2222222222,31,8.0,23.0,0.2580645161
954,Allie & Eddie,904,88,CAN9,Married Couple,,2,1,1,Co-Ed,50.0,2.828427125,,2,9,2,0.2,0,0.0,0.0,1,0.5,9.0,0.0,9.888888889,0.05555555556,0.07856742013,-539.1527042,,9.0,9.0,,,,,,,,,,,,,,,,,,,,,,,,Allie & Eddie (CAN9),13,9,1.0,8.0,0.1111111111,17,1.0,16.0,0.05882352941
955,Gail & Gisele,905,88,CAN9,Co-Workers/Friends,,2,0,2,All-Female,40.0,8.485281374,,1,10,1,0.1,0,0.0,0.0,1,1.0,10.0,,11.0,0.0,,-332.1928095,,10.0,,,,,,,,,,,,,,,,,,,,,,,,,Gail & Gisele (CAN9),13,9,0.0,9.0,0.0,9,0.0,9.0,0.0
956,Greg & John,906,89,USA35,Brothers/Computer Scientists,,2,2,0,All-Male,26.0,1.414213562,,12,1,12,1.0,5,0.4166666667,0.4166666667,0,0.0,2.75,2.562846429,2.206896552,0.7964225589,0.2575173648,1511.464552,,3.0,3.0,8.0,8.0,2.0,1.0,1.0,1.0,1.0,2.0,2.0,1.0,,,,,,,,,,,,,,Greg & John (USA35),1,12,12.0,0.0,1.0,87,66.0,21.0,0.7586206897
957,Joel & Garrett,907,89,USA35,Best Friends,,2,2,0,All-Male,42.5,0.7071067812,,12,2,12,1.0,1,0.08333333333,0.08333333333,0,0.0,4.333333333,2.87096225,3.490421456,0.5563912939,0.2857975202,563.566442,,7.0,9.0,2.0,9.0,3.0,3.0,7.0,4.0,2.0,1.0,3.0,2.0,,,,,,,,,,,,,,Joel & Garrett (USA35),1,12,11.0,1.0,0.9166666667,87,47.0,40.0,0.5402298851
958,Rob & Corey,908,89,USA35,Father/Son,,2,2,0,All-Male,36.5,16.26345597,,12,3,12,1.0,1,0.08333333333,0.08333333333,1,0.08333333333,3.166666667,1.403458931,2.743295019,0.6402747715,0.284674229,769.5021483,,2.0,2.0,3.0,5.0,6.0,2.0,4.0,3.0,4.0,3.0,1.0,3.0,,,,,,,,,,,,,,Rob & Corey (USA35),1,12,10.0,2.0,0.8333333333,87,61.0,26.0,0.7011494253
959,Steve & Anna Leigh,909,89,USA35,Father/Daughter,,2,1,1,Co-Ed,36.5,12.02081528,,11,4,11,0.9166666667,2,0.1818181818,0.1666666667,1,0.09090909091,4.090909091,2.119176512,3.5,0.5203659976,0.3414178085,188.4395677,,6.0,6.0,1.0,2.0,1.0,7.0,5.0,6.0,3.0,4.0,4.0,,,,,,,,,,,,,,,Steve & Anna Leigh (USA35),1,12,9.0,3.0,0.75,85,51.0,34.0,0.6
960,Todd & Ashlie,910,89,USA35,Married High School Sweethearts,,2,1,1,Co-Ed,38.0,0.0,,10,5,10,0.8333333333,0,0.0,0.0,1,0.1,4.2,1.135292424,3.601626016,0.5606204906,0.2666125525,330.3376689,,5.0,5.0,4.0,3.0,5.0,5.0,3.0,2.0,5.0,5.0,,,,,,,,,,,,,,,,Todd & Ashlie (USA35),1,12,8.0,4.0,0.6666666667,82,50.0,32.0,0.6097560976
961,Robbin & Chelsea,911,89,USA35,Childhood Friends,,2,0,2,All-Female,41.0,0.0,,9,6,9,0.75,1,0.1111111111,0.08333333333,1,0.1111111111,6.222222222,3.492054473,5.268162393,0.3895983646,0.3539952982,-245.4688724,,11.0,11.0,5.0,1.0,7.0,8.0,2.0,5.0,6.0,,,,,,,,,,,,,,,,,Robbin & Chelsea (USA35),1,12,7.0,5.0,0.5833333333,78,31.0,47.0,0.3974358974
962,Morgan & Lena,912,89,USA35,Sisters,,2,0,2,All-Female,30.0,1.414213562,,8,7,8,0.6666666667,0,0.0,0.0,1,0.125,6.25,2.314550249,5.315068493,0.3873872655,0.3013014163,-423.0560462,,4.0,4.0,6.0,10.0,9.0,4.0,6.0,7.0,,,,,,,,,,,,,,,,,,Morgan & Lena (USA35),1,12,6.0,6.0,0.5,73,31.0,42.0,0.4246575342
963,Andrea & Malaina,913,89,USA35,College Friends,,2,0,2,All-Female,44.5,0.7071067812,,7,8,7,0.5833333333,0,0.0,0.0,1,0.1428571429,7.714285714,2.214669706,6.553482587,0.2962121212,0.2107272923,-583.0589296,,10.0,10.0,9.0,7.0,4.0,6.0,8.0,,,,,,,,,,,,,,,,,,,Andrea & Malaina (USA35),1,12,5.0,7.0,0.4166666667,67,20.0,47.0,0.2985074627
964,Liam & Yeremi,914,89,USA35,Brothers,,2,2,0,All-Male,23.5,0.7071067812,,6,9,6,0.5,0,0.0,0.0,2,0.3333333333,8.333333333,1.632993162,7.111111111,0.2504208754,0.2139913751,-752.434996,,8.0,8.0,11.0,6.0,8.0,9.0,,,,,,,,,,,,,,,,,,,,Liam & Yeremi (USA35),1,12,4.0,8.0,0.3333333333,60,16.0,44.0,0.2666666667
965,Joe & Ian,915,89,USA35,Engaged,,2,2,0,All-Male,42.5,3.535533906,,5,10,5,0.4166666667,0,0.0,0.0,1,0.2,7.4,2.302172887,6.384615385,0.3775757576,0.252440794,-321.3451019,,9.0,7.0,7.0,4.0,10.0,,,,,,,,,,,,,,,,,,,,,Joe & Ian (USA35),1,12,3.0,9.0,0.25,52,20.0,32.0,0.3846153846
966,Jocelyn & Victor,916,89,USA35,Married Entrepreneurs,,2,1,1,Co-Ed,49.0,0.0,,4,11,4,0.3333333333,2,0.5,0.1666666667,1,0.25,5.75,5.5,5.050387597,0.525,0.55,-46.55762536,,1.0,1.0,10.0,11.0,,,,,,,,,,,,,,,,,,,,,,Jocelyn & Victor (USA35),1,12,2.0,10.0,0.1666666667,43,24.0,19.0,0.5581395349
967,Elizabeth & Iliana,917,89,USA35,Mother/Daughter,,2,0,2,All-Female,39.5,17.67766953,,2,12,2,0.1666666667,0,0.0,0.0,1,0.5,12.0,0.0,10.16666667,0.04166666667,0.0589255651,-621.344835,,12.0,12.0,,,,,,,,,,,,,,,,,,,,,,,,Elizabeth & Iliana (USA35),1,12,1.0,11.0,0.08333333333,23,1.0,22.0,0.04347826087
968,Alexandra & Sheridan,918,89,USA35,Siblings/Roommates,,2,1,1,Co-Ed,31.5,3.535533906,,1,13,1,0.08333333333,0,0.0,0.0,1,1.0,13.0,,11.0,0.0,,-370.0439718,,13.0,,,,,,,,,,,,,,,,,,,,,,,,,Alexandra & Sheridan (USA35),1,12,0.0,12.0,0.0,12,0.0,12.0,0.0
969,Kaisa & Mari,919,90,FIN1,Biathlonists,,2,0,2,All-Female,37.5,3.535533906,,12,1,12,1.0,1,0.08333333333,0.08333333333,1,0.08333333333,2.833333333,0.9374368666,2.527777778,0.6586580087,0.2510930734,907.2212266,,3.0,2.0,4.0,4.0,3.0,3.0,2.0,3.0,3.0,4.0,2.0,1.0,,,,,,,,,,,,,,Kaisa & Mari (FIN1),15,11,11.0,0.0,1.0,72,50.0,22.0,0.6944444444
970,Tuukka & Sami,920,90,FIN1,Father/Son,,2,2,0,All-Male,43.0,21.21320344,,12,2,12,1.0,0,0.0,0.0,0,0.0,3.083333333,1.443375673,2.893939394,0.6006914382,0.2400481161,708.7754469,,2.0,3.0,3.0,6.0,6.0,2.0,3.0,2.0,2.0,3.0,3.0,2.0,,,,,,,,,,,,,,Tuukka & Sami (FIN1),15,11,10.0,1.0,0.9090909091,72,47.0,25.0,0.6527777778
971,Janne & Robin,921,90,FIN1,Co-Workers,,2,2,0,All-Male,38.5,2.121320344,,12,3,12,1.0,5,0.4166666667,0.4166666667,1,0.08333333333,3.166666667,2.757908738,3.133838384,0.6843674844,0.3460522451,1164.426562,,9.0,7.0,6.0,2.0,4.0,1.0,1.0,1.0,1.0,2.0,1.0,3.0,,,,,,,,,,,,,,Janne & Robin (FIN1),15,11,9.0,2.0,0.8181818182,72,46.0,26.0,0.6388888889
972,Bakari & Samuel,922,90,FIN1,Buddies,,2,2,0,All-Male,24.5,0.7071067812,,11,4,11,0.9166666667,5,0.4545454545,0.4166666667,1,0.09090909091,2.454545455,1.507556723,2.454545455,0.6733766234,0.3714023467,793.4602532,,1.0,1.0,1.0,1.0,2.0,4.0,4.0,4.0,4.0,1.0,4.0,,,,,,,,,,,,,,,Bakari & Samuel (FIN1),15,11,8.0,3.0,0.7272727273,70,54.0,16.0,0.7714285714
973,Marcus & Timo,923,90,FIN1,Rally Champions,,2,2,0,All-Male,56.5,2.121320344,,9,5,9,0.75,1,0.1111111111,0.08333333333,1,0.1111111111,3.888888889,1.615893286,3.769886364,0.5107904441,0.3672310301,115.0611732,,4.0,4.0,2.0,3.0,1.0,6.0,5.0,5.0,5.0,,,,,,,,,,,,,,,,,Marcus & Timo (FIN1),15,11,7.0,4.0,0.6363636364,64,38.0,26.0,0.59375
974,Peter & Anna,924,90,FIN1,Education Emissaries,,2,1,1,Co-Ed,36.5,26.1629509,,8,6,8,0.6666666667,0,0.0,0.0,2,0.25,5.75,0.7071067812,5.606060606,0.3132215007,0.2349752911,-544.2212912,,6.0,6.0,5.0,5.0,7.0,5.0,6.0,6.0,,,,,,,,,,,,,,,,,,Peter & Anna (FIN1),15,11,6.0,5.0,0.5454545455,60,22.0,38.0,0.3666666667
975,Ilmari & Aapo,925,90,FIN1,Couple,,2,2,0,All-Male,31.0,1.414213562,,6,7,6,0.5,0,0.0,0.0,2,0.3333333333,8.0,1.897366596,7.490909091,0.1554353054,0.1619587797,-902.6411156,,10.0,10.0,8.0,8.0,5.0,7.0,,,,,,,,,,,,,,,,,,,,Ilmari & Aapo (FIN1),15,11,5.0,6.0,0.4545454545,50,8.0,42.0,0.16
976,Jukka & Mirva,926,90,FIN1,Couple,,2,1,1,Co-Ed,49.0,5.656854249,,5,8,5,0.4166666667,0,0.0,0.0,1,0.2,7.6,0.5477225575,7.136363636,0.227965368,0.1532233944,-678.4799276,,8.0,8.0,7.0,7.0,8.0,,,,,,,,,,,,,,,,,,,,,Jukka & Mirva (FIN1),15,11,4.0,7.0,0.3636363636,44,11.0,33.0,0.25
977,Katariina & Benjamin,927,90,FIN1,Mother/Son,,2,1,1,Co-Ed,42.5,19.09188309,,3,9,3,0.25,0,0.0,0.0,0,0.0,9.666666667,1.154700538,8.484848485,0.134006734,0.05803760654,-650.5936724,,11.0,9.0,9.0,,,,,,,,,,,,,,,,,,,,,,,Katariina & Benjamin (FIN1),15,11,3.0,8.0,0.2727272727,30,4.0,26.0,0.1333333333
978,Lotta & Noora,928,90,FIN1,Sisters,,2,0,2,All-Female,33.0,1.414213562,,3,10,3,0.25,0,0.0,0.0,1,0.3333333333,6.666666667,2.886751346,6.151515152,0.4121212121,0.3573702542,-184.5300035,,5.0,5.0,10.0,,,,,,,,,,,,,,,,,,,,,,,Lotta & Noora (FIN1),15,11,2.0,9.0,0.1818181818,30,13.0,17.0,0.4333333333
979,Aino-Kaisa & Silvia,929,90,FIN1,Friends,,2,0,2,All-Female,45.0,1.414213562,,2,11,2,0.1666666667,0,0.0,0.0,1,0.5,9.0,2.828427125,8.272727273,0.2272727273,0.3214121733,-369.9824021,,7.0,11.0,,,,,,,,,,,,,,,,,,,,,,,,Aino-Kaisa & Silvia (FIN1),15,11,1.0,10.0,0.09090909091,21,5.0,16.0,0.2380952381
980,Anna & Atte,930,90,FIN1,Mother/Son,,2,1,1,Co-Ed,37.0,21.21320344,,1,12,1,0.08333333333,0,0.0,0.0,1,1.0,12.0,,11.0,0.0,,-358.4962501,,12.0,,,,,,,,,,,,,,,,,,,,,,,,,Anna & Atte (FIN1),15,11,0.0,11.0,0.0,11,0.0,11.0,0.0
981,Darren & Tristan,931,91,AUS7,Uncle/Nephew,,2,2,0,All-Male,33.5,10.60660172,,12,1,12,1.0,6,0.5,0.5,1,0.08333333333,2.416666667,1.676486224,2.434782609,0.7000661376,0.2809316846,927.0094661,,1.0,5.0,1.0,1.0,5.0,4.0,1.0,4.0,3.0,1.0,2.0,1.0,,,,,,,,,,,,,,Darren & Tristan (AUS7),7,10,9.0,1.0,0.9,69,51.0,18.0,0.7391304348
982,Emma & Hayley,932,91,AUS7,Sisters,,2,0,2,All-Female,33.5,0.7071067812,,12,1,12,1.0,4,0.3333333333,0.3333333333,1,0.08333333333,3.083333333,1.880924982,3.072463768,0.5910714286,0.3003946332,533.6724418,,3.0,1.0,4.0,4.0,7.0,5.0,4.0,1.0,1.0,3.0,3.0,1.0,,,,,,,,,,,,,,Emma & Hayley (AUS7),7,10,9.0,1.0,0.9,69,43.0,26.0,0.6231884058
983,Alli & Angie,933,91,AUS7,Daughter/Mum,,2,0,2,All-Female,38.5,19.09188309,,12,1,12,1.0,3,0.25,0.25,2,0.1666666667,2.916666667,1.831955405,2.913043478,0.6226851852,0.3188011382,683.6128259,,4.0,2.0,6.0,6.0,1.0,2.0,2.0,2.0,4.0,4.0,1.0,1.0,,,,,,,,,,,,,,Alli & Angie (AUS7),7,10,9.0,1.0,0.9,69,45.0,24.0,0.652173913
984,Harry & Teddy,934,91,AUS7,Best Mates,,2,2,0,All-Male,27.5,2.121320344,,11,4,11,0.9166666667,0,0.0,0.0,2,0.1818181818,4.090909091,1.814086296,4.298507463,0.4315295815,0.3388063709,-129.9012506,,2.0,3.0,3.0,7.0,6.0,6.0,5.0,5.0,2.0,2.0,4.0,,,,,,,,,,,,,,,Harry & Teddy (AUS7),7,10,7.0,3.0,0.7,67,33.0,34.0,0.4925373134
985,Jana & Cor,935,91,AUS7,Mum/Son,,2,1,1,Co-Ed,28.0,16.97056275,,9,5,9,0.75,1,0.1111111111,0.08333333333,1,0.1111111111,3.888888889,2.147349788,3.983606557,0.5534391534,0.3238912736,331.3682071,,6.0,4.0,8.0,2.0,3.0,1.0,3.0,3.0,5.0,,,,,,,,,,,,,,,,,Jana & Cor (AUS7),7,10,6.0,4.0,0.6,61,35.0,26.0,0.5737704918
986,Bec & Kate,936,91,AUS7,Sisters,,2,0,2,All-Female,39.0,1.414213562,,7,6,7,0.5833333333,0,0.0,0.0,1,0.1428571429,5.285714286,2.927700219,5.245283019,0.4422902494,0.3370648763,-24.75403344,,10.0,8.0,5.0,3.0,2.0,3.0,6.0,,,,,,,,,,,,,,,,,,,Bec & Kate (AUS7),7,10,5.0,5.0,0.5,53,23.0,30.0,0.4339622642
987,George & Pam,937,91,AUS7,Siblings,,2,1,1,Co-Ed,28.5,6.363961031,,6,7,6,0.5,0,0.0,0.0,2,0.3333333333,6.666666667,1.861898673,6.666666667,0.2716269841,0.2722423231,-614.9071537,,5.0,7.0,9.0,8.0,4.0,7.0,,,,,,,,,,,,,,,,,,,,George & Pam (AUS7),7,10,4.0,6.0,0.4,48,14.0,34.0,0.2916666667
988,Ben & Jackie,938,91,AUS7,Husband/Wife,,2,1,1,Co-Ed,42.5,0.7071067812,,5,8,5,0.4166666667,0,0.0,0.0,1,0.2,5.6,2.302172887,5.654761905,0.4438888889,0.3114358424,-137.9943204,,7.0,6.0,2.0,5.0,8.0,,,,,,,,,,,,,,,,,,,,,Ben & Jackie (AUS7),7,10,3.0,7.0,0.3,42,19.0,23.0,0.4523809524
989,Peter & Frankie,939,91,AUS7,Dad/Daughter,,2,1,1,Co-Ed,40.0,28.28427125,,4,9,4,0.3333333333,0,0.0,0.0,1,0.25,8.5,1.0,8.714285714,0.1402777778,0.1097485904,-773.5893645,,9.0,9.0,7.0,9.0,,,,,,,,,,,,,,,,,,,,,,Peter & Frankie (AUS7),7,10,2.0,8.0,0.2,35,5.0,30.0,0.1428571429
990,Grant & Chezzi,940,91,AUS7,Husband/Wife,,2,1,1,Co-Ed,44.0,1.414213562,,2,10,2,0.1666666667,0,0.0,0.0,1,0.5,9.0,1.414213562,9.0,0.15,0.2121320344,-448.5736564,,8.0,10.0,,,,,,,,,,,,,,,,,,,,,,,,Grant & Chezzi (AUS7),7,10,1.0,9.0,0.1,19,3.0,16.0,0.1578947368
991,Dane & Bow,941,91,AUS7,Son/Dad,,2,2,0,All-Male,54.5,20.50609665,,1,11,1,0.08333333333,0,0.0,0.0,1,1.0,11.0,,11.0,0.0,,-345.9431619,,11.0,,,,,,,,,,,,,,,,,,,,,,,,,Dane & Bow (AUS7),7,10,0.0,10.0,0.0,10,0.0,10.0,0.0
992,Ricky & Cesar,942,92,USA36,Boyfriends,,2,2,0,All-Male,34.0,0.0,,12,1,12,1.0,7,0.5833333333,0.5833333333,0,0.0,1.5,0.6741998625,1.357142857,0.9061147186,0.1894240854,1951.045109,,2.0,2.0,1.0,1.0,1.0,2.0,2.0,1.0,1.0,1.0,3.0,1.0,,,,,,,,,,,,,,Ricky & Cesar (USA36),1,12,12.0,0.0,1.0,84,78.0,6.0,0.9285714286
993,Juan & Shane,943,92,USA36,Military Pilots,,2,2,0,All-Male,29.0,0.0,,12,2,12,1.0,2,0.1666666667,0.1666666667,0,0.0,3.0,1.59544807,2.547619048,0.686763468,0.2351375005,1093.486267,,4.0,4.0,4.0,5.0,2.0,1.0,1.0,6.0,2.0,3.0,2.0,2.0,,,,,,,,,,,,,,Juan & Shane (USA36),1,12,11.0,1.0,0.9166666667,84,60.0,24.0,0.7142857143
994,Rod & Leticia,944,92,USA36,Married,,2,1,1,Co-Ed,42.0,5.656854249,,12,3,12,1.0,3,0.25,0.25,1,0.08333333333,3.166666667,1.642245322,2.805555556,0.6271825397,0.3126094256,827.8679843,,1.0,1.0,5.0,4.0,5.0,5.0,3.0,3.0,5.0,2.0,1.0,3.0,,,,,,,,,,,,,,Rod & Leticia (USA36),1,12,10.0,2.0,0.8333333333,84,58.0,26.0,0.6904761905
995,Amber & Vinny,945,92,USA36,Dating Nurses,,2,1,1,Co-Ed,33.5,4.949747468,,11,4,11,0.9166666667,0,0.0,0.0,1,0.09090909091,4.363636364,2.873072476,3.820121951,0.519316542,0.3031217224,384.4942095,,12.0,7.0,2.0,2.0,3.0,3.0,4.0,4.0,3.0,4.0,4.0,,,,,,,,,,,,,,,Amber & Vinny (USA36),1,12,9.0,3.0,0.75,82,45.0,37.0,0.5487804878
996,Yvonne & Melissa,946,92,USA36,Girlfriends,,2,0,2,All-Female,39.0,1.414213562,,10,5,10,0.8333333333,0,0.0,0.0,1,0.1,5.6,0.8432740427,4.88185654,0.3732792208,0.1788777413,-310.7232768,,6.0,5.0,6.0,7.0,6.0,6.0,6.0,5.0,4.0,5.0,,,,,,,,,,,,,,,,Yvonne & Melissa (USA36),1,12,8.0,4.0,0.6666666667,79,33.0,46.0,0.417721519
997,Angie & Danny,947,92,USA36,Mother/Son,,2,1,1,Co-Ed,41.0,19.79898987,,9,6,9,0.75,0,0.0,0.0,1,0.1111111111,5.111111111,2.147349788,4.494444444,0.4979517396,0.263659118,183.8486088,,7.0,6.0,9.0,3.0,4.0,4.0,5.0,2.0,6.0,,,,,,,,,,,,,,,,,Angie & Danny (USA36),1,12,7.0,5.0,0.5833333333,75,38.0,37.0,0.5066666667
998,Sunny & Bizzy,948,92,USA36,Firefighter Moms,,2,0,2,All-Female,39.0,2.828427125,,8,7,8,0.6666666667,0,0.0,0.0,1,0.125,7.625,0.9161253813,6.678571429,0.2204996392,0.1249168819,-883.3621355,,9.0,9.0,7.0,8.0,7.0,7.0,7.0,7.0,,,,,,,,,,,,,,,,,,Sunny & Bizzy (USA36),1,12,6.0,6.0,0.5,70,17.0,53.0,0.2428571429
999,Derek & Shelisa,949,92,USA36,Grandparents,,2,1,1,Co-Ed,56.0,1.414213562,,7,8,7,0.5833333333,0,0.0,0.0,2,0.2857142857,5.571428571,2.507132682,4.958333333,0.4315656566,0.3901451407,-297.809736,,3.0,3.0,3.0,6.0,8.0,8.0,8.0,,,,,,,,,,,,,,,,,,,Derek & Shelisa (USA36),1,12,5.0,7.0,0.4166666667,64,32.0,32.0,0.5
1000,Kishori & Karishma,950,92,USA36,Cousins,,2,0,2,All-Female,24.0,2.828427125,,5,9,5,0.4166666667,0,0.0,0.0,1,0.2,9.2,0.8366600265,7.833333333,0.1685858586,0.1181075481,-860.8663586,,10.0,10.0,8.0,9.0,9.0,,,,,,,,,,,,,,,,,,,,,Kishori & Karishma (USA36),1,12,4.0,8.0,0.3333333333,50,9.0,41.0,0.18
1001,Michelle & Sean,951,92,USA36,Married Aerobics Instructors,,2,1,1,Co-Ed,42.5,4.949747468,,4,10,4,0.3333333333,0,0.0,0.0,1,0.25,9.0,2.708012802,7.666666667,0.2143939394,0.3048769491,-687.1616837,,5.0,11.0,10.0,10.0,,,,,,,,,,,,,,,,,,,,,,Michelle & Sean (USA36),1,12,3.0,9.0,0.25,42,10.0,32.0,0.2380952381
1002,Anthony & Bailey,952,92,USA36,Twins,,2,2,0,All-Male,26.0,0.0,,3,11,3,0.25,0,0.0,0.0,1,0.3333333333,9.0,1.732050808,7.666666667,0.2601010101,0.2268092918,-462.8831142,,8.0,8.0,11.0,,,,,,,,,,,,,,,,,,,,,,,Anthony & Bailey (USA36),1,12,2.0,10.0,0.1666666667,33,9.0,24.0,0.2727272727
1003,Chris & Mary,953,92,USA36,Father/Daughter,,2,1,1,Co-Ed,43.5,23.33452378,,2,12,2,0.1666666667,0,0.0,0.0,1,0.5,11.5,0.7071067812,9.75,0.08333333333,0.1178511302,-567.8919012,,11.0,12.0,,,,,,,,,,,,,,,,,,,,,,,,Chris & Mary (USA36),1,12,1.0,11.0,0.08333333333,23,2.0,21.0,0.08695652174
1004,Maya & Rohan,954,92,USA36,Siblings,,2,1,1,Co-Ed,21.5,2.121320344,,1,13,1,0.08333333333,0,0.0,0.0,1,1.0,13.0,,11.0,0.0,,-370.0439718,,13.0,,,,,,,,,,,,,,,,,,,,,,,,,Maya & Rohan (USA36),1,12,0.0,12.0,0.0,12,0.0,12.0,0.0
1005,Lee & Anne,955,93,ISR9,Sisters,,2,0,2,All-Female,23.5,0.7071067812,,12,1,12,1.0,5,0.4166666667,0.4166666667,0,0.0,2.833333333,2.208797836,2.341463415,0.7666005291,0.2561697642,1251.117605,,7.0,1.0,3.0,3.0,7.0,4.0,1.0,2.0,1.0,3.0,1.0,1.0,,,,,,,,,,,,,,Lee & Anne (ISR9),4,12,12.0,0.0,1.0,82,60.0,22.0,0.7317073171
1006,Inbar & Avishay,956,93,ISR9,Uncle/Niece,,2,1,1,Co-Ed,35.0,12.72792206,,12,2,12,1.0,1,0.08333333333,0.08333333333,0,0.0,4.583333333,2.574643253,3.840447154,0.5075487013,0.2265196953,321.8179304,,8.0,9.0,5.0,7.0,4.0,7.0,3.0,3.0,3.0,1.0,3.0,2.0,,,,,,,,,,,,,,Inbar & Avishay (ISR9),4,12,11.0,1.0,0.9166666667,82,39.0,43.0,0.4756097561
1007,Lior & Sapir,957,93,ISR9,Married +2,,2,1,1,Co-Ed,29.0,1.414213562,,12,3,12,1.0,0,0.0,0.0,2,0.1666666667,4.083333333,2.609713789,3.632113821,0.5163810726,0.3369632075,298.8735297,,9.0,8.0,2.0,2.0,2.0,6.0,5.0,6.0,2.0,2.0,2.0,3.0,,,,,,,,,,,,,,Lior & Sapir (ISR9),4,12,10.0,2.0,0.8333333333,82,45.0,37.0,0.5487804878
1008,Itzik & Esti,958,93,ISR9,Married +3,,2,1,1,Co-Ed,32.0,1.414213562,,11,4,11,0.9166666667,0,0.0,0.0,1,0.09090909091,3.818181818,1.53741223,3.421875,0.5453692772,0.2857118512,248.7726616,,2.0,5.0,7.0,5.0,3.0,2.0,2.0,4.0,4.0,4.0,4.0,,,,,,,,,,,,,,,Itzik & Esti (ISR9),4,12,9.0,3.0,0.75,80,49.0,31.0,0.6125
1009,Sahar & Yeftah,959,93,ISR9,Military Friends,,2,2,0,All-Male,30.0,1.414213562,,10,5,10,0.8333333333,2,0.2,0.1666666667,1,0.1,4.2,1.813529401,3.770562771,0.4915692641,0.3299596206,-72.82199943,,1.0,6.0,1.0,4.0,6.0,5.0,4.0,5.0,5.0,5.0,,,,,,,,,,,,,,,,Sahar & Yeftah (ISR9),4,12,8.0,4.0,0.6666666667,77,45.0,32.0,0.5844155844
1010,Udi & Matan,960,93,ISR9,Childhood Friends,,2,2,0,All-Male,28.0,0.0,,9,6,9,0.75,2,0.2222222222,0.1666666667,2,0.2222222222,5.666666667,3.391164992,5.075342466,0.4215207632,0.4193368257,-180.2511956,,3.0,11.0,8.0,6.0,8.0,1.0,7.0,1.0,6.0,,,,,,,,,,,,,,,,,Udi & Matan (ISR9),4,12,7.0,5.0,0.5833333333,73,31.0,42.0,0.4246575342
1011,Modi & Miki,961,93,ISR9,Business Partners,,2,2,0,All-Male,44.5,2.121320344,,7,7,7,0.5833333333,0,0.0,0.0,0,0.0,5.0,1.632993162,4.333333333,0.5281591424,0.2408561402,108.4838843,,5.0,4.0,4.0,8.0,5.0,3.0,6.0,,,,,,,,,,,,,,,,,,,Modi & Miki (ISR9),4,12,6.0,6.0,0.5,63,35.0,28.0,0.5555555556
1012,Hassi & Yerin,962,93,ISR9,Mother/Daughter,,2,0,2,All-Female,38.0,19.79898987,,6,8,6,0.5,1,0.1666666667,0.08333333333,1,0.1666666667,7.666666667,3.559026084,6.555555556,0.3053872054,0.3734078081,-497.8855641,,11.0,7.0,10.0,9.0,1.0,8.0,,,,,,,,,,,,,,,,,,,,Hassi & Yerin (ISR9),4,12,5.0,7.0,0.4166666667,57,17.0,40.0,0.298245614
1013,Idan & Guy,963,93,ISR9,Father/Son,,2,2,0,All-Male,42.0,22.627417,,5,9,5,0.4166666667,1,0.2,0.08333333333,1,0.2,6.6,4.827007354,5.666666667,0.4384848485,0.4775054748,-124.822437,,12.0,2.0,9.0,1.0,9.0,,,,,,,,,,,,,,,,,,,,,Idan & Guy (ISR9),4,12,4.0,8.0,0.3333333333,50,22.0,28.0,0.44
1014,Amit & Rotem,964,93,ISR9,Friends,,2,0,2,All-Female,29.5,0.7071067812,,4,10,4,0.3333333333,0,0.0,0.0,1,0.25,5.75,3.095695937,4.958333333,0.5170454545,0.3708447471,-9.919754474,,4.0,3.0,6.0,10.0,,,,,,,,,,,,,,,,,,,,,,Amit & Rotem (ISR9),4,12,3.0,9.0,0.25,42,23.0,19.0,0.5476190476
1015,Raheli & Miri,965,93,ISR9,Sisters,,2,0,2,All-Female,40.5,2.121320344,,3,11,3,0.25,0,0.0,0.0,1,0.3333333333,10.33333333,0.5773502692,8.777777778,0.1439393939,0.1292327433,-672.3415413,,10.0,10.0,11.0,,,,,,,,,,,,,,,,,,,,,,,Raheli & Miri (ISR9),4,12,2.0,10.0,0.1666666667,33,5.0,28.0,0.1515151515
1016,Shahar & Ronit,966,93,ISR9,Mother/Son,,2,1,1,Co-Ed,41.5,20.50609665,,2,12,2,0.1666666667,0,0.0,0.0,1,0.5,9.0,4.242640687,7.666666667,0.2916666667,0.4124789557,-300.9791475,,6.0,12.0,,,,,,,,,,,,,,,,,,,,,,,,Shahar & Ronit (ISR9),4,12,1.0,11.0,0.08333333333,23,7.0,16.0,0.3043478261
1017,Michal & Elrom,967,93,ISR9,Network Stars,,2,1,1,Co-Ed,27.0,2.828427125,,1,13,1,0.08333333333,0,0.0,0.0,1,1.0,13.0,,11.0,0.0,,-370.0439718,,13.0,,,,,,,,,,,,,,,,,,,,,,,,,Michal & Elrom (ISR9),4,12,0.0,12.0,0.0,12,0.0,12.0,0.0
1018,Taylor & Katie,968,94,CAN10,Friends,,2,0,2,All-Female,24.0,0.0,,9,1,9,1.0,3,0.3333333333,0.3333333333,1,0.1111111111,3.222222222,2.43812314,2.754385965,0.6852292769,0.3413969273,818.6916373,,8.0,3.0,4.0,3.0,1.0,6.0,1.0,2.0,1.0,,,,,,,,,,,,,,,,,Taylor & Katie (CAN10),13,10,10.0,0.0,1.0,57,37.0,20.0,0.649122807
1019,Colin & Matt,969,94,CAN10,Friends,,2,2,0,All-Male,32.0,1.414213562,,9,2,9,1.0,0,0.0,0.0,0,0.0,4.666666667,1.732050808,4.184210526,0.4214285714,0.2034565256,-108.2978278,,5.0,4.0,7.0,7.0,6.0,4.0,4.0,3.0,2.0,,,,,,,,,,,,,,,,,Colin & Matt (CAN10),13,10,9.0,1.0,0.9,57,24.0,33.0,0.4210526316
1020,Michael & Tyson,970,94,CAN10,Friends,,2,2,0,All-Male,34.0,1.414213562,,9,3,9,1.0,2,0.2222222222,0.2222222222,0,0.0,4.0,2.397915762,3.842105263,0.4727513228,0.3276235273,3.817308935,,9.0,1.0,1.0,4.0,4.0,5.0,5.0,4.0,3.0,,,,,,,,,,,,,,,,,Michael & Tyson (CAN10),13,10,8.0,2.0,0.8,57,30.0,27.0,0.5263157895
1021,Lauren & Nicole,971,94,CAN10,Twin Sisters,,2,0,2,All-Female,26.0,0.0,,9,4,9,1.0,2,0.2222222222,0.2222222222,1,0.1111111111,2.222222222,0.9718253158,2.254385965,0.7541887125,0.3133849972,945.581863,,2.0,2.0,2.0,2.0,3.0,1.0,3.0,1.0,4.0,,,,,,,,,,,,,,,,,Lauren & Nicole (CAN10),13,10,7.0,3.0,0.7,57,46.0,11.0,0.8070175439
1022,Kevin & Gurleen,972,94,CAN10,Dating Couple,,2,1,1,Co-Ed,33.0,2.828427125,,8,5,8,0.8888888889,1,0.125,0.1111111111,1,0.125,3.75,1.752549164,3.916666667,0.5452380952,0.3154380031,224.3210385,,1.0,5.0,5.0,5.0,5.0,2.0,2.0,5.0,,,,,,,,,,,,,,,,,,Kevin & Gurleen (CAN10),13,10,6.0,4.0,0.6,54,31.5,22.5,0.5833333333
1023,Michael & Amari,973,94,CAN10,Father/Son,,2,2,0,All-Male,30.5,16.26345597,,7,6,7,0.7777777778,0,0.0,0.0,1,0.1428571429,4.428571429,1.718249386,4.675,0.4848639456,0.2946893216,6.620356149,,3.0,5.0,6.0,6.0,2.0,3.0,6.0,,,,,,,,,,,,,,,,,,,Michael & Amari (CAN10),13,10,5.0,5.0,0.5,50,25.5,24.5,0.51
1024,Julia & Olivia,974,94,CAN10,Married Couple,,2,0,2,All-Female,33.0,0.0,,5,7,5,0.5555555556,1,0.2,0.1111111111,1,0.2,5.6,3.049590136,5.6,0.4094444444,0.4233154706,-185.2828076,,4.0,8.0,8.0,1.0,7.0,,,,,,,,,,,,,,,,,,,,,Julia & Olivia (CAN10),13,10,4.0,6.0,0.4,40,17.0,23.0,0.425
1025,Brad & Sam,975,94,CAN10,Father/Daughter,,2,1,1,Co-Ed,38.0,19.79898987,,4,8,4,0.4444444444,0,0.0,0.0,1,0.25,6.0,2.160246899,6.0,0.3958333333,0.3145764348,-209.4736296,,6.0,7.0,3.0,8.0,,,,,,,,,,,,,,,,,,,,,,Brad & Sam (CAN10),13,10,3.0,7.0,0.3,34,14.0,20.0,0.4117647059
1026,Connor & John,976,94,CAN10,Friends,,2,2,0,All-Male,26.0,0.0,,3,9,3,0.3333333333,0,0.0,0.0,1,0.3333333333,8.333333333,1.154700538,8.333333333,0.1703703704,0.2064794054,-580.5767462,,7.0,9.0,9.0,,,,,,,,,,,,,,,,,,,,,,,Connor & John (CAN10),13,10,2.0,8.0,0.2,27,5.0,22.0,0.1851851852
1027,Dorothy & Olus,977,94,CAN10,Married Couple,,2,1,1,Co-Ed,30.5,2.121320344,,2,10,2,0.2222222222,0,0.0,0.0,1,0.5,10.0,0.0,10.0,0.05,0.07071067812,-569.4580309,,10.0,10.0,,,,,,,,,,,,,,,,,,,,,,,,Dorothy & Olus (CAN10),13,10,1.0,9.0,0.1,19,1.0,18.0,0.05263157895
1028,Eva & Trystenne,978,94,CAN10,Friends,,2,0,2,All-Female,28.5,2.121320344,,1,11,1,0.1111111111,0,0.0,0.0,1,1.0,11.0,,11.0,0.0,,-345.9431619,,11.0,,,,,,,,,,,,,,,,,,,,,,,,,Eva & Trystenne (CAN10),13,10,0.0,10.0,0.0,10,0.0,10.0,0.0
1029,Bam Bam & Logan,979,95,AUS8,Brothers,,2,2,0,All-Male,33.0,2.828427125,,12,1,12,1.0,4,0.3333333333,0.3333333333,0,0.0,2.583333333,2.234373344,2.417910448,0.7284722222,0.2647291911,1000.121972,,9.0,1.0,2.0,1.0,2.0,4.0,1.0,3.0,3.0,2.0,2.0,1.0,,,,,,,,,,,,,,Bam Bam & Logan (AUS8),7,10,10.0,0.0,1.0,67,48.0,19.0,0.7164179104
1030,Billy & Oscar,980,95,AUS8,Father & Son,,2,2,0,All-Male,40.5,23.33452378,,12,2,12,1.0,0,0.0,0.0,1,0.08333333333,4.416666667,1.928651594,4.365671642,0.3519510582,0.2537098172,-388.085656,,6.0,2.0,8.0,7.0,6.0,3.0,4.0,4.0,4.0,4.0,3.0,2.0,,,,,,,,,,,,,,Billy & Oscar (AUS8),7,10,9.0,1.0,0.9,67,26.0,41.0,0.3880597015
1031,Brooke & Adam,981,95,AUS8,Married Country Singers,,2,1,1,Co-Ed,42.5,0.7071067812,,12,3,12,1.0,4,0.3333333333,0.3333333333,1,0.08333333333,2.583333333,1.56427929,2.701492537,0.6922949735,0.3197210475,907.5549472,,4.0,3.0,6.0,4.0,1.0,1.0,2.0,2.0,1.0,3.0,1.0,3.0,,,,,,,,,,,,,,Brooke & Adam (AUS8),7,10,8.0,2.0,0.8,67,48.0,19.0,0.7164179104
1032,Pete & Bridget,982,95,AUS8,Married,,2,1,1,Co-Ed,46.0,2.828427125,,11,4,11,0.9166666667,2,0.1818181818,0.1666666667,2,0.1818181818,4.545454545,2.50454133,4.9,0.4487012987,0.3561404403,32.47695216,,8.0,7.0,5.0,6.0,7.0,6.0,3.0,1.0,2.0,1.0,4.0,,,,,,,,,,,,,,,Pete & Bridget (AUS8),7,10,7.0,3.0,0.7,65,26.0,39.0,0.4
1033,Thorpie & Christian,983,95,AUS8,Best Mates,,2,2,0,All-Male,39.5,2.121320344,,9,5,9,0.75,0,0.0,0.0,2,0.2222222222,4.777777778,1.301708279,5.033898305,0.3457671958,0.2930114232,-531.4946812,,2.0,4.0,7.0,5.0,5.0,5.0,5.0,5.0,5.0,,,,,,,,,,,,,,,,,Thorpie & Christian (AUS8),7,10,6.0,4.0,0.6,59,25.0,34.0,0.4237288136
1034,Chloe & Emily,984,95,AUS8,Matildas Teammates,,2,0,2,All-Female,30.5,2.121320344,,7,6,7,0.5833333333,2,0.2857142857,0.1666666667,1,0.1428571429,3.142857143,1.951800146,3.205882353,0.6575963719,0.3502997724,480.9392871,,1.0,5.0,1.0,3.0,4.0,2.0,6.0,,,,,,,,,,,,,,,,,,,Chloe & Emily (AUS8),7,10,5.0,5.0,0.5,51,36.0,15.0,0.7058823529
1035,Havana & Steph,985,95,AUS8,Best Friends,,2,0,2,All-Female,38.5,0.7071067812,,6,7,6,0.5,0,0.0,0.0,1,0.1666666667,4.333333333,1.966384161,4.47826087,0.553042328,0.3046421791,174.0125256,,5.0,6.0,3.0,2.0,3.0,7.0,,,,,,,,,,,,,,,,,,,,Havana & Steph (AUS8),7,10,4.0,6.0,0.4,46,26.0,20.0,0.5652173913
1036,Jett & Lily,986,95,AUS8,Couple,,2,1,1,Co-Ed,28.0,2.828427125,,4,8,4,0.3333333333,0,0.0,0.0,1,0.25,5.75,2.62995564,5.75,0.4118055556,0.3659109426,-198.659014,,3.0,8.0,4.0,8.0,,,,,,,,,,,,,,,,,,,,,,Jett & Lily (AUS8),7,10,3.0,7.0,0.3,34,15.0,19.0,0.4411764706
1037,Cyrell & Eden,987,95,AUS8,Reality Couple,,2,1,1,Co-Ed,33.0,2.828427125,,3,9,3,0.25,0,0.0,0.0,1,0.3333333333,9.333333333,0.5773502692,9.333333333,0.07037037037,0.0611952283,-742.7495483,,10.0,9.0,9.0,,,,,,,,,,,,,,,,,,,,,,,Cyrell & Eden (AUS8),7,10,2.0,8.0,0.2,27,2.0,25.0,0.07407407407
1038,Nat & Mel,988,95,AUS8,Sisters,,2,0,2,All-Female,49.0,1.414213562,,2,10,2,0.1666666667,0,0.0,0.0,1,0.5,8.5,2.121320344,8.5,0.2,0.2828427125,-388.173623,,7.0,10.0,,,,,,,,,,,,,,,,,,,,,,,,Nat & Mel (AUS8),7,10,1.0,9.0,0.1,19,4.0,15.0,0.2105263158
1039,Luke & Julie,989,95,AUS8,Son & Mother,,2,1,1,Co-Ed,52.0,15.55634919,,1,11,1,0.08333333333,0,0.0,0.0,1,1.0,11.0,,11.0,0.0,,-345.9431619,,11.0,,,,,,,,,,,,,,,,,,,,,,,,,Luke & Julie (AUS8),7,10,0.0,10.0,0.0,10,0.0,10.0,0.0
1040,Metti & Hanna,990,96,FIN2,Childhood Friends,,2,0,2,All-Female,33.0,0.0,,12,1,12,1.0,5,0.4166666667,0.4166666667,0,0.0,1.916666667,0.9003366374,1.833333333,0.7956349206,0.2072929081,1370.024129,,2.0,1.0,1.0,3.0,1.0,1.0,3.0,3.0,3.0,2.0,2.0,1.0,,,,,,,,,,,,,,Metti & Hanna (FIN2),15,10,10.0,0.0,1.0,66,55.0,11.0,0.8333333333
1041,Mimosa & Pati,991,96,FIN2,Daughter/Father,,2,1,1,Co-Ed,42.0,18.38477631,,12,2,12,1.0,4,0.3333333333,0.3333333333,0,0.0,1.833333333,0.7177405626,1.833333333,0.8100859788,0.2134407247,1453.825468,,1.0,2.0,2.0,2.0,3.0,2.0,2.0,1.0,1.0,1.0,3.0,2.0,,,,,,,,,,,,,,Mimosa & Pati (FIN2),15,10,9.0,1.0,0.9,66,56.0,10.0,0.8484848485
1042,Elias & Matias,992,96,FIN2,Brothers,,2,2,0,All-Male,39.5,2.121320344,,12,3,12,1.0,3,0.25,0.25,1,0.08333333333,2.333333333,0.9847319278,2.454545455,0.7069444444,0.2923656847,1110.608911,,3.0,4.0,3.0,1.0,2.0,3.0,1.0,2.0,2.0,3.0,1.0,3.0,,,,,,,,,,,,,,Elias & Matias (FIN2),15,10,8.0,2.0,0.8,66,50.0,16.0,0.7575757576
1043,Paulus & Adeliina,993,96,FIN2,Siblings,,2,1,1,Co-Ed,34.0,2.828427125,,11,4,11,0.9166666667,0,0.0,0.0,3,0.2727272727,5.090909091,1.445997611,5.5703125,0.2542929293,0.1925437406,-653.5489551,,7.0,5.0,6.0,8.0,6.0,4.0,4.0,4.0,4.0,4.0,4.0,,,,,,,,,,,,,,,Paulus & Adeliina (FIN2),15,10,7.0,3.0,0.7,64,19.0,45.0,0.296875
1044,Leea & Kaarina,994,96,FIN2,Culture Sisters,,2,0,2,All-Female,59.5,0.7071067812,,9,5,9,0.75,0,0.0,0.0,3,0.3333333333,5.666666667,1.224744871,6.068965517,0.2318783069,0.2140390261,-781.1082093,,6.0,7.0,8.0,5.0,4.0,6.0,5.0,5.0,5.0,,,,,,,,,,,,,,,,,Leea & Kaarina (FIN2),15,10,6.0,4.0,0.6,58,16.0,42.0,0.275862069
1045,Gracias & Jeremie,995,96,FIN2,Soul Brothers,,2,2,0,All-Male,34.5,3.535533906,,7,6,7,0.5833333333,0,0.0,0.0,1,0.1428571429,5.0,1.632993162,5.2,0.4010770975,0.2699274989,-234.4104734,,8.0,3.0,4.0,4.0,5.0,5.0,6.0,,,,,,,,,,,,,,,,,,,Gracias & Jeremie (FIN2),15,10,5.0,5.0,0.5,50,22.0,28.0,0.44
1046,Tinni & Antti,996,96,FIN2,Friends,,2,1,1,Co-Ed,31.5,3.535533906,,5,7,5,0.4166666667,0,0.0,0.0,1,0.2,5.6,1.140175425,5.6,0.386031746,0.2617541655,-276.2121558,,4.0,6.0,5.0,6.0,7.0,,,,,,,,,,,,,,,,,,,,,Tinni & Antti (FIN2),15,10,4.0,6.0,0.4,40,17.0,23.0,0.425
1047,Mikko & Meikka,997,96,FIN2,Kindsfolk,,2,1,1,Co-Ed,56.0,12.72792206,,4,8,4,0.3333333333,0,0.0,0.0,0,0.0,8.0,1.154700538,8.0,0.1759920635,0.06153865081,-664.0047605,,9.0,9.0,7.0,7.0,,,,,,,,,,,,,,,,,,,,,,Mikko & Meikka (FIN2),15,10,3.0,7.0,0.3,34,6.0,28.0,0.1764705882
1048,Jani & Maria,998,96,FIN2,Married Couple,,2,1,1,Co-Ed,45.0,7.071067812,,3,9,3,0.25,0,0.0,0.0,1,0.3333333333,7.333333333,2.081665999,7.333333333,0.2740740741,0.3033421515,-409.7727611,,5.0,8.0,9.0,,,,,,,,,,,,,,,,,,,,,,,Jani & Maria (FIN2),15,10,2.0,8.0,0.2,27,8.0,19.0,0.2962962963
1049,Tuure & Saana,999,96,FIN2,Siblings,,2,1,1,Co-Ed,22.5,0.7071067812,,2,10,2,0.1666666667,0,0.0,0.0,1,0.5,10.0,0.0,10.0,0.05,0.07071067812,-569.4580309,,10.0,10.0,,,,,,,,,,,,,,,,,,,,,,,,Tuure & Saana (FIN2),15,10,1.0,9.0,0.1,19,1.0,18.0,0.05263157895
1050,Aku & Wille,1000,96,FIN2,Pals,,2,2,0,All-Male,38.0,5.656854249,,1,11,1,0.08333333333,0,0.0,0.0,1,1.0,11.0,,11.0,0.0,,-345.9431619,,11.0,,,,,,,,,,,,,,,,,,,,,,,,,Aku & Wille (FIN2),15,10,0.0,10.0,0.0,10,0.0,10.0,0.0
1051,Carson & Jack,1001,97,USA37,Best Friends/Gamers,,2,2,0,All-Male,27.5,0.7071067812,,13,1,12,0.9230769231,5,0.4166666667,0.3846153846,0,0.0,2.416666667,1.676486224,2.133333333,0.7673190236,0.3132832072,1199.528089,,1.0,,4.0,2.0,2.0,2.0,1.0,6.0,4.0,4.0,1.0,1.0,1.0,,,,,,,,,,,,,Carson & Jack (USA37),1,13,13.0,0.0,1.0,75,58.0,17.0,0.7733333333
1052,Han & Holden,1002,97,USA37,Siblings,,2,1,1,Co-Ed,24.0,2.828427125,,13,2,12,0.9230769231,0,0.0,0.0,1,0.08333333333,5.0,2.730301349,4.446153846,0.378541366,0.2466174753,-148.5338888,,,5.0,11.0,9.0,6.0,5.0,2.0,4.0,5.0,5.0,4.0,2.0,2.0,,,,,,,,,,,,,Han & Holden (USA37),1,13,12.0,1.0,0.9230769231,75,27.0,48.0,0.36
1053,Jonathan & Ana,1003,97,USA37,Married,,2,1,1,Co-Ed,38.5,4.949747468,,13,3,12,0.9230769231,3,0.25,0.2307692308,1,0.08333333333,3.0,1.954016842,2.846153846,0.6072420635,0.3403719069,572.1781002,,,2.0,1.0,3.0,1.0,8.0,5.0,3.0,3.0,1.0,3.0,3.0,3.0,,,,,,,,,,,,,Jonathan & Ana (USA37),1,13,11.0,2.0,0.8461538462,75,51.0,24.0,0.68
1054,Alyssa & Josiah,1004,97,USA37,Married Nurses,,2,1,1,Co-Ed,31.5,0.7071067812,,12,4,11,0.8461538462,2,0.1818181818,0.1538461538,1,0.09090909091,3.090909091,1.758098146,2.938883035,0.6625475535,0.2888954271,771.7891782,,,1.0,3.0,7.0,5.0,3.0,3.0,1.0,2.0,3.0,2.0,4.0,,,,,,,,,,,,,,Alyssa & Josiah (USA37),1,13,10.0,3.0,0.7692307692,73,50.0,23.0,0.6849315068
1055,Brett & Mark,1005,97,USA37,Married Vegas Performers,,2,2,0,All-Male,36.5,0.7071067812,,11,5,10,0.7692307692,2,0.2,0.1538461538,1,0.1,3.8,2.699794231,3.615384615,0.6194155844,0.3311015479,619.8477773,,2.0,,9.0,5.0,7.0,1.0,4.0,2.0,1.0,2.0,5.0,,,,,,,,,,,,,,,Brett & Mark (USA37),1,13,9.0,4.0,0.6923076923,70,42.0,28.0,0.6
1056,Melinda & Erika,1006,97,USA37,Mother/Daughter,,2,0,2,All-Female,49.0,24.04163056,,9,6,8,0.6153846154,0,0.0,0.0,1,0.125,5.25,0.8864052604,4.796526055,0.3954680736,0.2533742817,-259.8853012,,,6.0,5.0,4.0,4.0,6.0,6.0,5.0,6.0,,,,,,,,,,,,,,,,,Melinda & Erika (USA37),1,13,8.0,5.0,0.6153846154,62,28.0,34.0,0.4516129032
1057,Nick & Mike,1007,97,USA37,Brothers,,2,2,0,All-Male,30.0,2.828427125,,8,7,7,0.5384615385,0,0.0,0.0,1,0.1428571429,7.428571429,1.511857892,6.769230769,0.2043186972,0.1112331872,-890.2530335,,5.0,,10.0,8.0,8.0,7.0,7.0,7.0,,,,,,,,,,,,,,,,,,Nick & Mike (USA37),1,13,7.0,6.0,0.5384615385,57,12.0,45.0,0.2105263158
1058,Pops & Jeff,1008,97,USA37,Father/Son Lumberjacks,,2,2,0,All-Male,50.5,20.50609665,,7,8,6,0.4615384615,0,0.0,0.0,1,0.1666666667,6.333333333,2.065591118,5.826546003,0.3651094276,0.2488987282,-384.4541202,,,4.0,7.0,6.0,9.0,4.0,8.0,,,,,,,,,,,,,,,,,,,Pops & Jeff (USA37),1,13,6.0,7.0,0.4615384615,51,19.0,32.0,0.3725490196
1059,Scott & Lori,1009,97,USA37,Married Parents of Eight,,2,1,1,Co-Ed,48.0,1.414213562,,6,9,5,0.3846153846,1,0.2,0.07692307692,1,0.2,3.6,3.130495168,3.386363636,0.6707070707,0.3957869135,415.4252158,,,3.0,2.0,1.0,3.0,9.0,,,,,,,,,,,,,,,,,,,,Scott & Lori (USA37),1,13,5.0,8.0,0.3846153846,44,31.0,13.0,0.7045454545
1060,Bernie & Carrigain,1010,97,USA37,Friends,,2,0,2,All-Female,32.0,1.414213562,,5,10,4,0.3076923077,0,0.0,0.0,1,0.25,8.0,2.828427125,7.581196581,0.2409090909,0.2309997436,-619.8180031,,4.0,,8.0,10.0,10.0,,,,,,,,,,,,,,,,,,,,,Bernie & Carrigain (USA37),1,13,4.0,9.0,0.3076923077,36,8.0,28.0,0.2222222222
1061,Courtney & Jasmin,1011,97,USA37,Dating Nurses,,2,0,2,All-Female,33.5,0.7071067812,,4,11,3,0.2307692308,0,0.0,0.0,1,0.3333333333,7.666666667,2.886751346,7.552706553,0.2373737374,0.2795170526,-443.113381,,6.0,,6.0,11.0,,,,,,,,,,,,,,,,,,,,,,Courtney & Jasmin (USA37),1,13,3.0,10.0,0.2307692308,27,7.0,20.0,0.2592592593
1062,Ernest & Bridget,1012,97,USA37,Father/Daughter,,2,1,1,Co-Ed,43.5,21.92031022,,3,12,2,0.1538461538,0,0.0,0.0,1,0.5,7.5,6.363961031,8.058823529,0.3333333333,0.4714045208,-271.2396484,,3.0,,12.0,,,,,,,,,,,,,,,,,,,,,,,Ernest & Bridget (USA37),1,13,2.0,11.0,0.1538461538,17,4.0,13.0,0.2352941176
1063,Mark & Larry,1013,97,USA37,Retired Firefighters,,2,2,0,All-Male,61.0,2.828427125,,1,13,1,0.07692307692,0,0.0,0.0,1,1.0,7.0,,10.61538462,0.0,,-280.7354922,,7.0,,,,,,,,,,,,,,,,,,,,,,,,,Mark & Larry (USA37),1,13,1.0,12.0,0.07692307692,6,0.0,6.0,0.0
1064,Jackye & Lauren,1014,97,USA37,Sisters,,2,0,2,All-Female,56.0,7.071067812,,2,14,1,0.07692307692,0,0.0,0.0,1,1.0,7.0,,11.0,0.0,,-280.7354922,,,7.0,,,,,,,,,,,,,,,,,,,,,,,,Jackye & Lauren (USA37),1,13,0.0,13.0,0.0,6,0.0,6.0,0.0
1065,Jesse & Jonathon,1015,98,CAN11,Best Friends,,2,2,0,All-Male,34.5,2.121320344,,10,1,10,1.0,5,0.5,0.5,0,0.0,2.0,1.333333333,1.78125,0.799047619,0.2777623578,1118.599138,,1.0,1.0,1.0,2.0,1.0,2.0,5.0,3.0,3.0,1.0,,,,,,,,,,,,,,,,Jesse & Jonathon (CAN11),13,10,10.0,0.0,1.0,64,54.0,10.0,0.84375
1066,Grace & Joe,1016,98,CAN11,Siblings,,2,1,1,Co-Ed,34.0,1.414213562,,10,2,10,1.0,2,0.2,0.2,0,0.0,4.0,2.98142397,3.578125,0.5834126984,0.3342329445,564.067359,,10.0,2.0,5.0,7.0,6.0,4.0,1.0,1.0,2.0,2.0,,,,,,,,,,,,,,,,Grace & Joe (CAN11),13,10,9.0,1.0,0.9,64,34.0,30.0,0.53125
1067,EB & Blake,1017,98,CAN11,Siblings,,2,2,0,All-Male,24.0,2.828427125,,10,3,10,1.0,2,0.2,0.2,0,0.0,3.3,1.766981104,3.15625,0.5953571429,0.3140864618,405.9482916,,2.0,4.0,6.0,1.0,5.0,1.0,2.0,5.0,4.0,3.0,,,,,,,,,,,,,,,,EB & Blake (CAN11),13,10,8.0,2.0,0.8,64,41.0,23.0,0.640625
1068,Nipîy & Magoo,1018,98,CAN11,Married Couple,,2,1,1,Co-Ed,48.0,4.242640687,,10,4,10,1.0,1,0.1,0.1,2,0.2,4.7,2.110818693,4.7578125,0.3981746032,0.3412571365,-197.7415898,,3.0,8.0,7.0,5.0,3.0,6.0,6.0,4.0,1.0,4.0,,,,,,,,,,,,,,,,Nipîy & Magoo (CAN11),13,10,7.0,3.0,0.7,64,27.0,37.0,0.421875
1069,Ika & Demetres,1019,98,CAN11,Married Couple,,2,1,1,Co-Ed,36.5,4.949747468,,9,5,9,0.9,0,0.0,0.0,1,0.1111111111,3.777777778,1.394433378,3.868852459,0.5524250441,0.2788028453,240.4022544,,6.0,3.0,2.0,3.0,4.0,5.0,4.0,2.0,5.0,,,,,,,,,,,,,,,,,Ika & Demetres (CAN11),13,10,6.0,4.0,0.6,61,36.0,25.0,0.5901639344
1070,Lacey & Celia,1020,98,CAN11,Siblings,,2,0,2,All-Female,27.5,2.121320344,,8,6,8,0.8,0,0.0,0.0,2,0.25,5.5,2.20389266,5.736842105,0.3629960317,0.297790559,-361.5258127,,8.0,6.0,3.0,8.0,7.0,3.0,3.0,6.0,,,,,,,,,,,,,,,,,,Lacey & Celia (CAN11),13,10,5.0,5.0,0.5,57,21.0,36.0,0.3684210526
1071,Rebecca & Rebecca,1021,98,CAN11,Friends,,2,0,2,All-Female,34.0,1.414213562,,6,7,6,0.6,0,0.0,0.0,1,0.1666666667,5.0,2.0,5.085106383,0.4668650794,0.3163177604,-66.25764738,,4.0,7.0,4.0,6.0,2.0,7.0,,,,,,,,,,,,,,,,,,,,Rebecca & Rebecca (CAN11),13,10,4.0,6.0,0.4,47,23.0,24.0,0.4893617021
1072,Louis & Marie,1022,98,CAN11,Son/Mother,,2,1,1,Co-Ed,45.0,18.38477631,,5,8,5,0.5,0,0.0,0.0,1,0.2,6.8,2.167948339,7.012195122,0.2903968254,0.2593964179,-505.319573,,9.0,5.0,8.0,4.0,8.0,,,,,,,,,,,,,,,,,,,,,Louis & Marie (CAN11),13,10,3.0,7.0,0.3,41,12.0,29.0,0.2926829268
1073,Osas & Esosa,1023,98,CAN11,Siblings,,2,2,0,All-Male,33.0,2.828427125,,3,9,3,0.3,0,0.0,0.0,1,0.3333333333,8.333333333,1.154700538,8.333333333,0.1703703704,0.2064794054,-584.820811,,7.0,9.0,9.0,,,,,,,,,,,,,,,,,,,,,,,Osas & Esosa (CAN11),13,10,2.0,8.0,0.2,27,5.0,22.0,0.1851851852
1074,Brendan & Sam,1024,98,CAN11,Dating Couple,,2,1,1,Co-Ed,29.0,4.242640687,,2,10,2,0.2,0,0.0,0.0,1,0.5,7.5,3.535533906,7.5,0.3,0.4242640687,-267.408447,,5.0,10.0,,,,,,,,,,,,,,,,,,,,,,,,Brendan & Sam (CAN11),13,10,1.0,9.0,0.1,19,6.0,13.0,0.3157894737
1075,Michele & Aditi,1025,98,CAN11,Cousins,,2,0,2,All-Female,38.5,0.7071067812,,1,11,1,0.1,0,0.0,0.0,1,1.0,11.0,,11.0,0.0,,-345.9431619,,11.0,,,,,,,,,,,,,,,,,,,,,,,,,Michele & Aditi (CAN11),13,10,0.0,10.0,0.0,10,0.0,10.0,0.0
1076,Steve & Bernie,1026,99,AUS9,Actor Brothers,,2,2,0,All-Male,49.0,1.414213562,,15,1,15,1.0,4,0.2666666667,0.2666666667,1,0.06666666667,3.4,2.323790008,2.894736842,0.620974026,0.3306080722,738.3165966,,6.0,3.0,1.0,7.0,8.0,1.0,4.0,3.0,5.0,2.0,5.0,1.0,2.0,2.0,1.0,,,,,,,,,,,Steve & Bernie (AUS9),7,12,12.0,0.0,1.0,95,59.0,36.0,0.6210526316
1077,Rob & Georgie,1027,99,AUS9,Entertainer Couple,,2,1,1,Co-Ed,38.0,5.656854249,,15,2,15,1.0,5,0.3333333333,0.3333333333,0,0.0,2.866666667,1.684664726,2.596491228,0.7245695046,0.2571041679,1154.079971,,4.0,4.0,4.0,5.0,2.0,4.0,6.0,1.0,3.0,1.0,1.0,4.0,1.0,1.0,2.0,,,,,,,,,,,Rob & Georgie (AUS9),7,12,11.0,1.0,0.9166666667,95,67.0,28.0,0.7052631579
1078,Aesha & Scott,1028,99,AUS9,Reality Star & Partner,,2,1,1,Co-Ed,33.5,0.7071067812,,15,3,15,1.0,2,0.1333333333,0.1333333333,2,0.1333333333,4.0,2.104417123,3.763157895,0.4941919192,0.2958665773,192.1409861,,7.0,7.0,6.0,4.0,4.0,7.0,1.0,6.0,1.0,3.0,2.0,3.0,3.0,3.0,3.0,,,,,,,,,,,Aesha & Scott (AUS9),7,12,10.0,2.0,0.8333333333,95,50.0,45.0,0.5263157895
1079,Luke & 'Sassy' Scott,1029,99,AUS9,TikTok Brothers,,2,2,0,All-Male,36.5,3.535533906,,14,4,14,0.9333333333,0,0.0,0.0,2,0.1428571429,5.428571429,3.179605339,5.166666667,0.3517341785,0.2875599953,-328.9901413,,11.0,10.0,10.0,8.0,7.0,2.0,5.0,4.0,2.0,4.0,3.0,2.0,4.0,4.0,,,,,,,,,,,,Luke & 'Sassy' Scott (AUS9),7,12,9.0,3.0,0.75,93,31.0,62.0,0.3333333333
1080,Gretel & Epiphany,1030,99,AUS9,Screen Icon & Daughter,,2,0,2,All-Female,47.5,20.50609665,,12,5,12,0.8,1,0.08333333333,0.06666666667,2,0.1666666667,3.916666667,1.880924982,3.681992337,0.5329244829,0.3314033642,106.4831817,,8.0,5.0,2.0,3.0,1.0,5.0,3.0,2.0,4.0,5.0,4.0,5.0,,,,,,,,,,,,,,Gretel & Epiphany (AUS9),7,12,8.0,4.0,0.6666666667,87,52.0,35.0,0.5977011494
1081,Melissa & Leah,1031,99,AUS9,Foodie Besties,,2,0,2,All-Female,43.5,0.7071067812,,9,6,9,0.6,0,0.0,0.0,1,0.1111111111,5.888888889,1.615893286,5.155555556,0.3767877185,0.2376906963,-441.510387,,9.0,6.0,5.0,6.0,6.0,3.0,7.0,5.0,6.0,,,,,,,,,,,,,,,,,Melissa & Leah (AUS9),7,12,7.0,5.0,0.5833333333,75,31.0,44.0,0.4133333333
1082,Brendan & Leni,1032,99,AUS9,Footy Dad & Daughter,,2,1,1,Co-Ed,31.0,18.38477631,,7,7,7,0.4666666667,0,0.0,0.0,1,0.1428571429,5.428571429,3.10145895,4.576923077,0.5181560503,0.3451731683,104.0815637,,3.0,9.0,7.0,2.0,9.0,6.0,2.0,,,,,,,,,,,,,,,,,,,Brendan & Leni (AUS9),7,12,6.0,6.0,0.5,65,34.0,31.0,0.5230769231
1083,Lindy & Stella,1033,99,AUS9,Princess & Daughter,,2,0,2,All-Female,32.5,19.09188309,,7,8,7,0.4666666667,0,0.0,0.0,1,0.1428571429,8.285714286,2.058663459,7.211538462,0.2118686869,0.179317291,-921.5800373,,12.0,8.0,8.0,9.0,5.0,8.0,8.0,,,,,,,,,,,,,,,,,,,Lindy & Stella (AUS9),7,12,5.0,7.0,0.4166666667,65,14.0,51.0,0.2153846154
1084,'Dom Tomato' & Marx,1034,99,AUS9,YouTube Parkour Mates,,2,2,0,All-Male,32.5,0.7071067812,,6,9,6,0.4,2,0.3333333333,0.1333333333,1,0.1666666667,3.166666667,2.994439291,2.867816092,0.7444444444,0.3788383805,638.8533179,,2.0,1.0,3.0,1.0,3.0,9.0,,,,,,,,,,,,,,,,,,,,'Dom Tomato' & Marx (AUS9),7,12,4.0,8.0,0.3333333333,58,45.0,13.0,0.775862069
1085,Steph & Ben,1035,99,AUS9,Comedian Sister & Brother,,2,1,1,Co-Ed,33.0,1.414213562,,4,10,4,0.2666666667,0,0.0,0.0,1,0.25,10.0,0.8164965809,8.5,0.1352272727,0.1119803579,-848.5478902,,10.0,11.0,9.0,10.0,,,,,,,,,,,,,,,,,,,,,,Steph & Ben (AUS9),7,12,3.0,9.0,0.25,42,6.0,36.0,0.1428571429
1086,Bronte & Benfield,1036,99,AUS9,Olympian & Fiancé,,2,1,1,Co-Ed,32.5,3.535533906,,3,11,3,0.2,0,0.0,0.0,1,0.3333333333,6.0,4.582575695,5.166666667,0.5252525253,0.4707547555,10.69048041,,5.0,2.0,11.0,,,,,,,,,,,,,,,,,,,,,,,Bronte & Benfield (AUS9),7,12,2.0,10.0,0.1666666667,33,18.0,15.0,0.5454545455
1087,Ant & Dan,1037,99,AUS9,Brothers,,2,2,0,All-Male,45.0,1.414213562,,2,12,2,0.1333333333,1,0.5,0.06666666667,1,0.5,6.5,7.778174593,5.583333333,0.5,0.7071067812,-33.9736698,,1.0,12.0,,,,,,,,,,,,,,,,,,,,,,,,Ant & Dan (AUS9),7,12,1.0,11.0,0.08333333333,23,12.0,11.0,0.5217391304
1088,Ed & Tiff,1038,99,AUS9,Married,,2,1,1,Co-Ed,42.5,3.535533906,,1,13,1,0.06666666667,0,0.0,0.0,1,1.0,13.0,,11.0,0.0,,-370.0439718,,13.0,,,,,,,,,,,,,,,,,,,,,,,,,Ed & Tiff (AUS9),7,12,0.0,12.0,0.0,12,0.0,12.0,0.0
1089,Jas & Jag,1039,100,USA38,Brothers/Entrepreneurs,,2,2,0,All-Male,27.5,0.7071067812,,12,1,12,1.0,7,0.5833333333,0.5833333333,0,0.0,1.75,1.215431087,1.548780488,0.9080026455,0.1403419999,1852.614032,,1.0,1.0,2.0,5.0,3.0,2.0,2.0,1.0,1.0,1.0,1.0,1.0,,,,,,,,,,,,,,Jas & Jag (USA38),1,12,12.0,0.0,1.0,82,73.0,9.0,0.8902439024
1090,Kyland & Taylor,1040,100,USA38,Dating,,2,1,1,Co-Ed,32.0,2.828427125,,12,2,12,1.0,0,0.0,0.0,0,0.0,4.666666667,2.774341309,3.906504065,0.4815566378,0.22762563,221.4091772,,9.0,9.0,9.0,4.0,2.0,3.0,4.0,3.0,5.0,4.0,2.0,2.0,,,,,,,,,,,,,,Kyland & Taylor (USA38),1,12,11.0,1.0,0.9166666667,82,38.0,44.0,0.4634146341
1091,Joseph & Adam,1041,100,USA38,Brothers,,2,2,0,All-Male,26.0,2.828427125,,12,3,12,1.0,0,0.0,0.0,2,0.1666666667,4.25,1.864744682,3.774390244,0.4593885281,0.2711203508,70.54360493,,8.0,2.0,4.0,7.0,4.0,5.0,3.0,6.0,3.0,3.0,3.0,3.0,,,,,,,,,,,,,,Joseph & Adam (USA38),1,12,10.0,2.0,0.8333333333,82,43.0,39.0,0.5243902439
1092,Izzy & Paige,1042,100,USA38,Engaged,,2,0,2,All-Female,33.0,1.414213562,,11,4,11,0.9166666667,0,0.0,0.0,1,0.09090909091,4.727272727,1.737291518,4.203125,0.4332808606,0.2783943198,-101.8562609,,3.0,6.0,6.0,3.0,7.0,7.0,6.0,4.0,4.0,2.0,4.0,,,,,,,,,,,,,,,Izzy & Paige (USA38),1,12,9.0,3.0,0.75,80,39.0,41.0,0.4875
1093,Jack & Chelsie,1043,100,USA38,Father/Daughter,,2,1,1,Co-Ed,43.0,21.21320344,,10,5,10,0.8333333333,0,0.0,0.0,1,0.1,5.9,1.91195072,5.242424242,0.3443037518,0.2302542209,-394.1030733,,6.0,7.0,8.0,9.0,6.0,6.0,5.0,5.0,2.0,5.0,,,,,,,,,,,,,,,,Jack & Chelsie (USA38),1,12,8.0,4.0,0.6666666667,77,28.0,49.0,0.3636363636
1094,Tucker & Eric,1044,100,USA38,Brothers,,2,2,0,All-Male,31.5,0.7071067812,,9,6,9,0.75,4,0.4444444444,0.3333333333,1,0.1111111111,2.333333333,1.732050808,2.164383562,0.8048821549,0.319899564,1210.300547,,2.0,4.0,3.0,1.0,1.0,1.0,1.0,2.0,6.0,,,,,,,,,,,,,,,,,Tucker & Eric (USA38),1,12,7.0,5.0,0.5833333333,73,61.0,12.0,0.8356164384
1095,Natalie & Stephanie,1045,100,USA38,Sisters,,2,0,2,All-Female,35.0,1.414213562,,7,7,7,0.5833333333,1,0.1428571429,0.08333333333,1,0.1428571429,3.857142857,2.035400978,3.380952381,0.6350237065,0.3310926977,462.243188,,5.0,3.0,1.0,2.0,5.0,4.0,7.0,,,,,,,,,,,,,,,,,,,Natalie & Stephanie (USA38),1,12,6.0,6.0,0.5,63,43.0,20.0,0.6825396825
1096,Kristine & Rubina,1046,100,USA38,Sisters,,2,0,2,All-Female,37.0,1.414213562,,6,8,6,0.5,0,0.0,0.0,1,0.1666666667,7.166666667,1.602081979,6.138888889,0.3101430976,0.2617658018,-569.4835704,,4.0,8.0,7.0,8.0,8.0,8.0,,,,,,,,,,,,,,,,,,,,Kristine & Rubina (USA38),1,12,5.0,7.0,0.4166666667,57,20.0,37.0,0.350877193
1097,Hannah & Simone,1047,100,USA38,Sisters,,2,0,2,All-Female,23.5,2.121320344,,5,9,5,0.4166666667,0,0.0,0.0,1,0.2,6.4,1.673320053,5.5,0.4361616162,0.2555898887,-166.4465704,,7.0,5.0,5.0,6.0,9.0,,,,,,,,,,,,,,,,,,,,,Hannah & Simone (USA38),1,12,4.0,8.0,0.3333333333,50,23.0,27.0,0.46
1098,Kat & Alex,1048,100,USA38,Dating,,2,1,1,Co-Ed,33.5,2.121320344,,4,10,4,0.3333333333,0,0.0,0.0,1,0.25,10.25,0.5,8.708333333,0.1121212121,0.08276666839,-880.0889761,,11.0,10.0,10.0,10.0,,,,,,,,,,,,,,,,,,,,,,Kat & Alex (USA38),1,12,3.0,9.0,0.25,42,5.0,37.0,0.119047619
1099,Megan & Matt,1049,100,USA38,Newlyweds,,2,1,1,Co-Ed,24.5,0.7071067812,,3,11,3,0.25,0,0.0,0.0,1,0.3333333333,11.33333333,0.5773502692,9.611111111,0.05808080808,0.05044187969,-820.615936,,12.0,11.0,11.0,,,,,,,,,,,,,,,,,,,,,,,Megan & Matt (USA38),1,12,2.0,10.0,0.1666666667,33,2.0,31.0,0.06060606061
1100,Angela & Lexi,1050,100,USA38,Mother/Daughter,,2,0,2,All-Female,37.0,19.79898987,,2,12,2,0.1666666667,0,0.0,0.0,1,0.5,11.0,1.414213562,9.333333333,0.125,0.1767766953,-514.4721898,,10.0,12.0,,,,,,,,,,,,,,,,,,,,,,,,Angela & Lexi (USA38),1,12,1.0,11.0,0.08333333333,23,3.0,20.0,0.1304347826
1101,Jack & Enzo,1051,100,USA38,Jersey Brothers,,2,2,0,All-Male,43.5,4.949747468,,1,13,1,0.08333333333,0,0.0,0.0,1,1.0,13.0,,11.0,0.0,,-370.0439718,,13.0,,,,,,,,,,,,,,,,,,,,,,,,,Jack & Enzo (USA38),1,12,0.0,12.0,0.0,12,0.0,12.0,0.0
1102,Maria & Vilma,1052,101,FIN3,Senior/Junior in Politics,,2,0,2,All-Female,44.0,16.97056275,,12,1,12,1.0,4,0.3333333333,0.3333333333,1,0.08333333333,2.666666667,1.435481125,2.351351351,0.7163690476,0.2942283586,968.567316,,2.0,1.0,4.0,4.0,4.0,3.0,3.0,1.0,5.0,3.0,1.0,1.0,,,,,,,,,,,,,,Maria & Vilma (FIN3),15,10,10.0,0.0,1.0,74,54.0,20.0,0.7297297297
1103,Millu & Karo,1053,101,FIN3,Co-Workers,,2,0,2,All-Female,31.0,1.414213562,,12,2,12,1.0,0,0.0,0.0,0,0.0,3.5,1.0,3.22972973,0.5435846561,0.2005725041,313.5129872,,4.0,3.0,3.0,3.0,5.0,5.0,4.0,4.0,4.0,2.0,3.0,2.0,,,,,,,,,,,,,,Millu & Karo (FIN3),15,10,9.0,1.0,0.9,74,44.0,30.0,0.5945945946
1104,Tomas & Esko,1054,101,FIN3,Father/Son-in-Law,,2,2,0,All-Male,46.5,23.33452378,,12,3,12,1.0,1,0.08333333333,0.08333333333,1,0.08333333333,4.166666667,1.94624736,4.081081081,0.4400462963,0.2924879211,-65.77249119,,3.0,5.0,8.0,6.0,1.0,4.0,6.0,5.0,3.0,4.0,2.0,3.0,,,,,,,,,,,,,,Tomas & Esko (FIN3),15,10,8.0,2.0,0.8,74,36.0,38.0,0.4864864865
1105,Sara & Artturi,1055,101,FIN3,Siblings,,2,1,1,Co-Ed,32.5,2.121320344,,11,4,11,0.9166666667,4,0.3636363636,0.3333333333,1,0.09090909091,2.636363636,1.629277587,2.625,0.7405483405,0.3085914845,1097.893026,,5.0,4.0,2.0,5.0,2.0,1.0,1.0,3.0,1.0,1.0,4.0,,,,,,,,,,,,,,,Sara & Artturi (FIN3),15,10,7.0,3.0,0.7,72,54.0,18.0,0.75
1106,Armi & Sari,1056,101,FIN3,Close Friends,,2,0,2,All-Female,45.0,1.414213562,,10,5,10,0.8333333333,0,0.0,0.0,1,0.1,4.0,2.666666667,4.043478261,0.5861507937,0.3109362952,518.2001784,,9.0,8.0,5.0,2.0,3.0,2.0,2.0,2.0,2.0,5.0,,,,,,,,,,,,,,,,Armi & Sari (FIN3),15,10,6.0,4.0,0.6,69,39.0,30.0,0.5652173913
1107,Tuomas & Sini,1057,101,FIN3,Twins,,2,1,1,Co-Ed,43.0,0.0,,8,6,8,0.6666666667,0,0.0,0.0,2,0.25,7.375,1.846811925,7.270491803,0.159672619,0.139138735,-1052.789328,,10.0,10.0,7.0,8.0,6.0,7.0,5.0,6.0,,,,,,,,,,,,,,,,,,Tuomas & Sini (FIN3),15,10,5.0,5.0,0.5,61,10.0,51.0,0.1639344262
1108,Mari & Joel,1058,101,FIN3,Mother/Son,,2,1,1,Co-Ed,40.0,21.21320344,,7,7,7,0.5833333333,0,0.0,0.0,1,0.1428571429,7.285714286,1.253566341,7.285714286,0.1958049887,0.1552709808,-948.6838701,,6.0,9.0,9.0,7.0,7.0,6.0,7.0,,,,,,,,,,,,,,,,,,,Mari & Joel (FIN3),15,10,4.0,6.0,0.4,56,12.0,44.0,0.2142857143
1109,Nina & Elsa,1059,101,FIN3,Mother/Daughter,,2,0,2,All-Female,39.0,19.79898987,,5,8,5,0.4166666667,3,0.6,0.25,1,0.2,2.6,3.049590136,2.545454545,0.78,0.438178046,678.8746684,,1.0,2.0,1.0,1.0,8.0,,,,,,,,,,,,,,,,,,,,,Nina & Elsa (FIN3),15,10,3.0,7.0,0.3,44,36.0,8.0,0.8181818182
1110,Paula & Kati,1060,101,FIN3,Best Friends,,2,0,2,All-Female,50.0,1.414213562,,4,9,4,0.3333333333,0,0.0,0.0,1,0.25,7.0,1.414213562,6.837837838,0.3361111111,0.2277777778,-373.3646364,,7.0,6.0,6.0,9.0,,,,,,,,,,,,,,,,,,,,,,Paula & Kati (FIN3),15,10,2.0,8.0,0.2,37,13.0,24.0,0.3513513514
1111,Arttu & Jaakko,1061,101,FIN3,Childhood Friends,,2,2,0,All-Male,28.5,0.7071067812,,3,10,3,0.25,0,0.0,0.0,1,0.3333333333,8.333333333,1.527525232,8.206896552,0.2333333333,0.2081665999,-489.7029528,,8.0,7.0,10.0,,,,,,,,,,,,,,,,,,,,,,,Arttu & Jaakko (FIN3),15,10,1.0,9.0,0.1,29,7.0,22.0,0.2413793103
1112,Karri & Tuukka,1062,101,FIN3,Rap Brothers,,2,2,0,All-Male,45.0,2.828427125,,2,11,2,0.1666666667,0,0.0,0.0,2,1.0,11.0,0.0,11.0,0.0,0.0,-646.7348981,,11.0,11.0,,,,,,,,,,,,,,,,,,,,,,,,Karri & Tuukka (FIN3),15,10,0.0,10.0,0.0,20,0.0,20.0,0.0
1113,Tom & Almog,1063,102,ISR10,Footballers,,2,2,0,All-Male,29.0,1.414213562,,12,1,11,0.9166666667,4,0.3636363636,0.3333333333,0,0.0,3.818181818,3.027149875,3.246376812,0.6327364555,0.3575833774,727.850822,,5.0,,7.0,9.0,2.0,7.0,6.0,1.0,1.0,1.0,2.0,1.0,,,,,,,,,,,,,,Tom & Almog (ISR10),4,13,13.0,0.0,1.0,69,38.0,31.0,0.5507246377
1114,Adi & Or,1064,102,ISR10,Married +2,,2,1,1,Co-Ed,38.0,0.0,,12,2,11,0.9166666667,0,0.0,0.0,0,0.0,4.272727273,1.848832555,3.809364548,0.4504820937,0.2250365425,4.397936069,,,6.0,8.0,3.0,4.0,6.0,4.0,5.0,2.0,4.0,3.0,2.0,,,,,,,,,,,,,,Adi & Or (ISR10),4,13,12.0,1.0,0.9230769231,69,33.0,36.0,0.4782608696
1115,Ezi & Dani,1065,102,ISR10,Father/Daughter,,2,1,1,Co-Ed,41.0,21.21320344,,12,3,11,0.9166666667,1,0.09090909091,0.08333333333,2,0.1818181818,4.363636364,2.110579412,4.093645485,0.4548209366,0.3125216747,11.08490485,,,4.0,5.0,8.0,7.0,3.0,5.0,6.0,4.0,2.0,1.0,3.0,,,,,,,,,,,,,,Ezi & Dani (ISR10),4,13,11.0,2.0,0.8461538462,69,32.0,37.0,0.4637681159
1116,Shlomi & Asaf,1066,102,ISR10,Actors,,2,2,0,All-Male,28.0,0.0,,11,4,10,0.8333333333,3,0.3,0.25,1,0.1,3.6,2.951459149,3.388059701,0.5857575758,0.3577071322,432.2225329,,,3.0,11.0,5.0,1.0,1.0,1.0,4.0,3.0,3.0,4.0,,,,,,,,,,,,,,,Shlomi & Asaf (ISR10),4,13,10.0,3.0,0.7692307692,67,41.0,26.0,0.6119402985
1117,Mai & Itai,1067,102,ISR10,Childhood Friends,,2,1,1,Co-Ed,32.0,0.0,,10,5,9,0.75,0,0.0,0.0,1,0.1111111111,3.333333333,1.224744871,3.145432692,0.6200056117,0.3059238373,443.5651541,,3.0,,4.0,4.0,3.0,2.0,2.0,2.0,5.0,5.0,,,,,,,,,,,,,,,,Mai & Itai (ISR10),4,13,9.0,4.0,0.6923076923,64,43.0,21.0,0.671875
1118,Sapir & Sapir,1068,102,ISR10,Best Friends,,2,0,2,All-Female,30.0,0.0,,9,6,8,0.6666666667,0,0.0,0.0,1,0.125,5.375,2.065879266,5.038461538,0.422979798,0.2087583011,-173.9655696,,4.0,,9.0,7.0,6.0,5.0,3.0,3.0,6.0,,,,,,,,,,,,,,,,,Sapir & Sapir (ISR10),4,13,8.0,5.0,0.6153846154,60,25.0,35.0,0.4166666667
1119,Itai & Omri,1069,102,ISR10,Brothers,,2,2,0,All-Male,22.5,2.121320344,,7,7,6,0.5,3,0.5,0.25,1,0.1666666667,3.166666667,2.562550813,2.9,0.6967592593,0.3965920279,483.3737052,,,1.0,1.0,1.0,5.0,4.0,7.0,,,,,,,,,,,,,,,,,,,Itai & Omri (ISR10),4,13,7.0,6.0,0.5384615385,50,37.0,13.0,0.74
1120,Tom & Samantha,1070,102,ISR10,Married +1,,2,1,1,Co-Ed,32.0,0.0,,6,8,5,0.4166666667,0,0.0,0.0,0,0.0,4.8,3.420526275,4.321678322,0.5575252525,0.4023880512,51.08280127,,2.0,,3.0,2.0,9.0,8.0,,,,,,,,,,,,,,,,,,,,Tom & Samantha (ISR10),4,13,6.0,7.0,0.4615384615,44,25.0,19.0,0.5681818182
1121,Hen & Yossi,1071,102,ISR10,Exes,,2,1,1,Co-Ed,37.0,0.0,,6,9,5,0.4166666667,0,0.0,0.0,1,0.2,7.0,1.414213562,6.506993007,0.2868686869,0.2308749323,-523.699254,,6.0,,6.0,6.0,8.0,9.0,,,,,,,,,,,,,,,,,,,,Hen & Yossi (ISR10),4,13,5.0,8.0,0.3846153846,44,14.0,30.0,0.3181818182
1122,Michal & Nuni,1072,102,ISR10,Friends,,2,0,2,All-Female,28.0,1.414213562,,5,10,4,0.3333333333,0,0.0,0.0,1,0.25,8.0,4.0,7.581196581,0.2787878788,0.3770992664,-599.2754148,,,2.0,10.0,10.0,10.0,,,,,,,,,,,,,,,,,,,,,Michal & Nuni (ISR10),4,13,4.0,9.0,0.3076923077,36,8.0,28.0,0.2222222222
1123,Ron & Meitav,1073,102,ISR10,Engaged,,2,1,1,Co-Ed,25.0,1.414213562,,4,11,3,0.25,1,0.3333333333,0.08333333333,1,0.3333333333,4.666666667,5.507570547,4.603988604,0.6363636364,0.5529784118,137.9555916,,1.0,,2.0,11.0,,,,,,,,,,,,,,,,,,,,,,Ron & Meitav (ISR10),4,13,3.0,10.0,0.2307692308,27,16.0,11.0,0.5925925926
1124,Emuna & Neria,1074,102,ISR10,Siblings,,2,1,1,Co-Ed,26.0,1.414213562,,3,12,2,0.1666666667,0,0.0,0.0,1,0.5,8.5,4.949747468,9.14479638,0.1666666667,0.2357022604,-433.122225,,,5.0,12.0,,,,,,,,,,,,,,,,,,,,,,,Emuna & Neria (ISR10),4,13,2.0,11.0,0.1538461538,17,2.0,15.0,0.1176470588
1125,Yotam & Nofar,1075,102,ISR10,Lawyers,,2,1,1,Co-Ed,30.0,0.0,,2,13,1,0.08333333333,0,0.0,0.0,1,1.0,7.0,,10.80769231,0.0,,-280.7354922,,,7.0,,,,,,,,,,,,,,,,,,,,,,,,Yotam & Nofar (ISR10),4,13,0.5,12.5,0.03846153846,6,0.0,6.0,0.0
1126,Reuven & Gali,1076,102,ISR10,Father/Daughter,,2,1,1,Co-Ed,41.5,24.74873734,,1,13,1,0.08333333333,0,0.0,0.0,1,1.0,7.0,,10.80769231,0.0,,-280.7354922,,7.0,,,,,,,,,,,,,,,,,,,,,,,,,Reuven & Gali (ISR10),4,13,0.5,12.5,0.03846153846,6,0.0,6.0,0.0
1127,Tina & Liz,1077,103,CAN12,Twin Sisters,,2,0,2,All-Female,32.0,0.0,,10,1,10,1.0,5,0.5,0.5,0,0.0,2.0,1.154700538,1.846774194,0.8535714286,0.1674255211,1394.406188,,1.0,2.0,3.0,3.0,4.0,1.0,3.0,1.0,1.0,1.0,,,,,,,,,,,,,,,,Tina & Liz (CAN12),13,9,9.0,0.0,1.0,62,51.5,10.5,0.8306451613
1128,Eamon & Bec,1078,103,CAN12,Married Couple,,2,1,1,Co-Ed,35.0,1.414213562,,10,2,10,1.0,2,0.2,0.2,0,0.0,2.5,1.433720878,2.344086022,0.7133730159,0.2513128688,867.3751228,,3.0,1.0,2.0,1.0,3.0,6.0,2.0,3.0,2.0,2.0,,,,,,,,,,,,,,,,Eamon & Bec (CAN12),13,9,8.0,1.0,0.8888888889,62,47.0,15.0,0.7580645161
1129,Michele & Matteo,1079,103,CAN12,Siblings,,2,2,0,All-Male,27.0,1.414213562,,10,3,10,1.0,0,0.0,0.0,1,0.1,5.1,1.791957341,5.041218638,0.3179761905,0.189697118,-409.1139039,,8.0,6.0,6.0,7.0,5.0,3.0,6.0,4.0,3.0,3.0,,,,,,,,,,,,,,,,Michele & Matteo (CAN12),13,9,7.0,2.0,0.7777777778,62,21.0,41.0,0.3387096774
1130,Sacha & Sébastien,1080,103,CAN12,Siblings,,2,2,0,All-Male,26.0,1.414213562,,9,4,9,0.9,2,0.2222222222,0.2,1,0.1111111111,3.222222222,1.787300882,3.277777778,0.6021164021,0.3461818882,447.8968543,,4.0,2.0,1.0,6.0,1.0,4.0,5.0,2.0,4.0,,,,,,,,,,,,,,,,,Sacha & Sébastien (CAN12),13,9,6.0,3.0,0.6666666667,60,39.5,20.5,0.6583333333
1131,Ameen & Surria,1081,103,CAN12,Mother/Son,,2,1,1,Co-Ed,44.0,25.45584412,,8,5,8,0.8,1,0.125,0.1,0,0.0,4.375,2.386719207,4.421052632,0.5393849206,0.3174756055,290.5173275,,7.0,5.0,7.0,2.0,6.0,2.0,1.0,5.0,,,,,,,,,,,,,,,,,,Ameen & Surria (CAN12),13,9,5.0,4.0,0.5555555556,57,30.0,27.0,0.5263157895
1132,Filipe & Clara,1082,103,CAN12,Married Couple,,2,1,1,Co-Ed,35.5,4.949747468,,8,6,8,0.8,0,0.0,0.0,2,0.25,4.125,1.726888201,4.411306043,0.513640873,0.3434700693,24.2602111,,2.0,4.0,4.0,4.0,2.0,7.0,4.0,6.0,,,,,,,,,,,,,,,,,,Filipe & Clara (CAN12),13,9,4.0,5.0,0.4444444444,57,32.0,25.0,0.5614035088
1133,Chayla & Chyana,1083,103,CAN12,Siblings,,2,0,2,All-Female,30.5,2.121320344,,7,7,7,0.7,0,0.0,0.0,1,0.1428571429,6.857142857,1.463850109,7.570512821,0.210600907,0.1548145878,-819.7125503,,9.0,7.0,8.0,5.0,7.0,5.0,7.0,,,,,,,,,,,,,,,,,,,Chayla & Chyana (CAN12),13,9,3.0,6.0,0.3333333333,52,11.0,41.0,0.2115384615
1134,Keshia & Nova,1084,103,CAN12,Friends,,2,0,2,All-Female,34.0,1.414213562,,5,8,5,0.5,0,0.0,0.0,2,0.4,7.2,1.643167673,7.888888889,0.2111111111,0.2434322478,-730.9531937,,6.0,9.0,5.0,8.0,8.0,,,,,,,,,,,,,,,,,,,,,Keshia & Nova (CAN12),13,9,2.0,7.0,0.2222222222,40,9.0,31.0,0.225
1135,Dana & Cordelia,1085,103,CAN12,Mother/Daughter,,2,0,2,All-Female,43.5,17.67766953,,3,9,3,0.3,0,0.0,0.0,1,0.3333333333,7.333333333,2.081665999,7.901709402,0.2592592593,0.2796234976,-442.3741829,,5.0,8.0,9.0,,,,,,,,,,,,,,,,,,,,,,,Dana & Cordelia (CAN12),13,9,1.0,8.0,0.1111111111,26,7.0,19.0,0.2692307692
1136,Maestro & Duane,1086,103,CAN12,Friends,,2,2,0,All-Male,47.5,14.8492424,,2,10,2,0.2,0,0.0,0.0,2,1.0,10.0,0.0,11.0,0.0,0.0,-622.3018728,,10.0,10.0,,,,,,,,,,,,,,,,,,,,,,,,Maestro & Duane (CAN12),13,9,0.0,9.0,0.0,18,0.0,18.0,0.0
