place,team,season,average,average_rounded_to_five_nearest,all_averages_rank,season_averages_rank,final_rank__averages_rank,median,all_median_rank,season_median_rank,final_rank__median_rank,of_ranks,of_legs,racing_average__theoretical_season_average,racing_average__experimental_season_average,leg_wins,leg_win_rate,podium_finishes,podium_finish_rate,standard_deviation,interquartile_range,second_place_finshes,2nd_place_rate,secondtolast_place_finishes_not_final_3,2ndtolast_rate,nonelimination_legs,nonelimination_rate,of_fast_forwards,uturned,used_uturn,yielded,used_yield,mode,minimum,maximum,range,unnamed_37,roadblock_split,unnamed_39,unnamed_40,unnamed_41,unnamed_42,age,unnamed_44,unnamed_45,unnamed_46,unnamed_47,average_roadblocks,roadblock_split_range,unnamed_50,average_age,age_gap,unnamed_53,gender,unnamed_55,di_average,di_average_round_to_five_nearest,di_all_averages_rank,season_di_averages_rank,final_rank__di_averages_rank,di_median,di_all_median_rank,di_season_median_rank,final_rank__di_median_rank,di_racing_average__di_theoretical_season_average,di_racing_average__di_experimental_season_average,di_standard_deviation,di_interquartile_range,equal_or_above_05,05_rate,less_than_05,maximum_di,minimum_di,range_di
5.8711111,Average,Count: 450,5.2511778,5.2511678,223.74222,5.7444444,0.1266667,5.1122222,207.56889,5.4288889,0.4422222,7.7822222,7.6777778,-0.2167189,0.0337102,1.1333333,0.1135316,3.4533333,0.3540753,1.7386552,2.1483333,1.1977778,0.1232882,0.9733333,0.1112587,0.3222222,0.0378818,0.0666667,0.1844,0.1267,0.0889,0.0333,4.1708683,2.9777778,8.0644444,5.0866667,,3.4344978,,,,,32.3426617,,,,,3.46,1.14,,32.32,6.67,,,,0.4327111,0.4327854,224.38667,5.7777778,0.0933333,0.4493818,221.16222,5.7022222,0.1733333,-0.1354709,0.0390233,0.2569796,0.3440288,4.2444444,0.461232,3.5377778,0.7794396,0.0379349,0.7415047
3.2756762,Standard Deviation,Unique: 433,2.4389658,2.439015,128.94869,3.1984757,1.8533933,2.6714885,135.08121,3.3059624,2.0585852,4.0449304,3.9660441,0.5533792,0.4292171,1.5846486,0.1485101,3.3438235,0.2847705,0.8777246,1.3112007,1.4525057,0.1416362,1.1582362,0.1303679,0.5701418,0.0735351,0.2494438,0.4464,0.3521,0.4067,0.1795,2.534124,3.032336,2.016119,2.506711,,2.2688006,,,,,10.4106508,,,,,2.08,1.41,,8.58,8.89,,,,0.2103114,0.2103245,128.19696,3.2123988,2.3823798,0.2548417,128.50964,3.2496488,2.7310885,0.4202682,0.5074872,0.1058225,0.1801601,3.3997095,0.2823287,2.193859,0.3130306,0.1004898,0.3070564
6.0,Median,,4.67,4.66667,223.0,6.0,0.0,4.5,214.0,5.0,0.0,8.0,8.0,-0.0785,0.1411,1.0,0.054,3.0,0.3333,1.774245,2.0,1.0,0.0833,1.0,0.0833,0.0,0.0,0.0,0.0,0.0,0.0,0.0,4.0,1.0,8.0,5.0,,3.0,,,,,29.0,,,,,3.5,1.0,,30.0,3.0,,,,0.46,0.45978,225.5,6.0,0.0,0.45,222.0,6.0,0.0,-0.0804,0.10245,0.28369,0.35,4.0,0.5,3.0,1.0,0.0,0.85714
2.0,Frank & Margarita,TARUS1,2.38,2.38462,24.0,1.0,1.0,2.0,12.0,1.0,1.0,13.0,13.0,0.4228,0.5657,3.0,0.2308,10.0,0.7692,1.21139,1.0,6.0,0.4615,0.0,0.0,0.0,0.0,1.0,0.0,0.0,0.0,0.0,2.0,1.0,5.0,4.0,2.0,9.0,3.0,,,,30.0,28.0,,,,6.0,6.0,,29.0,2.0,,Co-Ed,,0.72,0.72408,26.0,2.0,0.0,0.75,58.0,1.0,1.0,0.4482,0.8099,0.20405,0.30357,12.0,0.9231,1.0,1.0,0.33333,0.66667
6.0,Lenny & Karyn,TARUS1,6.43,6.42857,337.0,7.0,-1.0,6.0,291.0,7.0,-1.0,7.0,7.0,-0.5594,-0.1734,0.0,0.0,0.0,0.0,1.39971,1.0,0.0,0.0,3.0,0.4286,1.0,0.1429,0.0,0.0,0.0,0.0,0.0,6.0,4.0,9.0,5.0,6.0,2.0,5.0,,,,33.0,30.0,,,,3.5,3.0,,31.5,3.0,,Co-Ed,,0.2,0.1958,384.0,10.0,-4.0,0.14286,388.0,10.0,-4.0,-0.6084,-0.5106,0.22189,0.15278,1.0,0.1429,6.0,0.7,0.0,0.7
7.0,Paul & Amie,TARUS1,6.6,6.6,349.0,9.0,-2.0,7.0,338.0,9.0,-2.0,5.0,5.0,-0.6006,-0.2044,0.0,0.0,0.0,0.0,1.0198,1.0,0.0,0.0,0.0,0.0,0.0,0.0,0.0,0.0,0.0,0.0,0.0,7.0,5.0,8.0,3.0,7.0,3.0,1.0,,,,32.0,27.0,,,,2.0,2.0,,29.5,5.0,,Co-Ed,,0.29,0.28738,346.0,7.0,0.0,0.33333,291.0,7.0,0.0,-0.4252,-0.2817,0.14998,0.075,0.0,0.0,5.0,0.42857,0.0,0.42857
8.0,Dave & Margaretta,TARUS1,6.5,6.5,341.0,8.0,0.0,6.5,326.0,8.0,0.0,4.0,4.0,-0.5763,-0.1861,0.0,0.0,0.0,0.0,1.11803,1.5,0.0,0.0,0.0,0.0,0.0,0.0,0.0,0.0,0.0,0.0,0.0,,5.0,8.0,3.0,8.0,3.0,1.0,,,,65.0,60.0,,,,2.0,2.0,,62.5,5.0,,Co-Ed,,0.34,0.33611,310.0,6.0,2.0,0.42222,239.0,6.0,2.0,-0.3278,-0.1599,0.19726,0.15833,1.0,0.25,3.0,0.5,0.0,0.5
11.0,Matt & Ana,TARUS1,11.0,11.0,426.0,11.0,0.0,11.0,425.0,11.0,0.0,1.0,1.0,-1.6677,-1.0073,0.0,0.0,0.0,0.0,0.0,0.0,0.0,0.0,0.0,0.0,0.0,0.0,0.0,0.0,0.0,0.0,0.0,,11.0,11.0,0.0,11.0,0.0,0.0,,,,28.0,28.0,,,,0.0,0.0,,28.0,0.0,,Co-Ed,,0.0,0.0,420.0,11.0,0.0,0.0,416.0,11.0,0.0,-1.0,-1.0,0.0,0.0,0.0,0.0,1.0,0.0,0.0,0.0
2.0,Tara & Wil,TARUS2,2.54,2.53846,33.0,1.0,1.0,3.0,82.0,1.0,1.0,13.0,13.0,0.3784,0.5243,3.0,0.2308,11.0,0.8462,1.15128,1.0,3.0,0.2308,2.0,0.1538,0.0,0.0,1.0,0.0,0.0,0.0,0.0,3.0,1.0,5.0,4.0,13.0,4.0,7.0,,,,31.0,37.0,,,,5.5,3.0,,34.0,6.0,,Co-Ed,,0.67,0.67311,50.0,1.0,1.0,0.66667,94.0,1.0,1.0,0.3225,0.5877,0.25453,0.375,11.0,0.8462,2.0,1.0,0.2,0.8
3.0,Blake & Paige,TARUS2,3.69,3.69231,140.0,3.0,0.0,4.0,160.0,4.0,-1.0,13.0,13.0,0.097,0.309,2.0,0.1538,6.0,0.4615,2.05256,3.0,2.0,0.1538,2.0,0.1538,1.0,0.0769,1.0,0.0,0.0,0.0,0.0,4.0,1.0,9.0,8.0,14.0,8.0,3.0,,,,25.0,21.0,,,,5.5,5.0,,23.0,4.0,,Co-Ed,,0.51,0.50763,181.0,6.0,-3.0,0.57143,157.0,4.0,-1.0,-0.0026,0.1974,0.3265,0.5,9.0,0.6923,4.0,1.0,0.0,1.0
7.0,Cyndi & Russell,TARUS2,5.8,5.8,307.0,8.0,-1.0,6.0,291.0,8.0,-1.0,5.0,5.0,-0.4193,-0.0861,0.0,0.0,1.0,0.2,2.03961,1.0,1.0,0.2,1.0,0.2,0.0,0.0,0.0,0.0,0.0,0.0,0.0,6.0,2.0,8.0,6.0,18.0,1.0,3.0,,,,45.0,46.0,,,,2.0,2.0,,45.5,1.0,,Co-Ed,,0.35,0.35103,301.0,8.0,-1.0,0.28571,323.0,9.0,-2.0,-0.3103,-0.172,0.31263,0.31944,1.0,0.2,4.0,0.9,0.0,0.9
10.0,Hope & Norm,TARUS2,7.0,7.0,360.0,9.0,1.0,7.0,338.0,9.0,1.0,2.0,2.0,-0.713,-0.3109,0.0,0.0,0.0,0.0,3.0,3.0,0.0,0.0,0.0,0.0,0.0,0.0,0.0,0.0,0.0,0.0,0.0,,4.0,10.0,6.0,21.0,0.0,1.0,,,,38.0,39.0,,,,0.5,1.0,,38.5,1.0,,Co-Ed,,0.35,0.35,302.0,9.0,1.0,0.35,284.0,7.0,3.0,-0.3123,-0.1744,0.35,0.35,1.0,0.5,1.0,0.7,0.0,0.7
1.0,Flo & Zach,TARUS3,2.69,2.69231,40.0,1.0,0.0,2.0,12.0,1.0,0.0,13.0,13.0,0.4007,0.5509,2.0,0.1538,10.0,0.7692,1.26398,1.0,5.0,0.3846,0.0,0.0,2.0,0.1538,0.0,0.0,0.0,0.0,0.0,2.0,1.0,5.0,4.0,23.0,1.0,10.0,,,,23.0,23.0,,,,5.5,9.0,,23.0,0.0,,Co-Ed,,0.65,0.65256,65.0,2.0,-1.0,0.75,58.0,1.0,0.0,0.3009,0.6249,0.31611,0.30357,11.0,0.8462,2.0,1.0,0.0,1.0
2.0,Teri & Ian,TARUS3,4.54,4.53846,214.0,4.0,-2.0,4.0,160.0,4.0,-2.0,13.0,13.0,-0.0114,0.2421,3.0,0.2308,5.0,0.3846,3.02846,4.0,1.0,0.0769,4.0,0.3077,0.0,0.0,0.0,0.0,0.0,0.0,0.0,1.0,1.0,10.0,9.0,24.0,2.0,9.0,,,,49.0,50.0,,,,5.5,7.0,,49.5,1.0,,Co-Ed,,0.47,0.47458,213.0,5.0,-3.0,0.4,247.0,7.0,-5.0,-0.0539,0.1817,0.31445,0.25,6.0,0.4615,7.0,1.0,0.1,0.9
5.0,John Vito & Jill,TARUS3,4.8,4.8,236.0,5.0,0.0,5.0,230.0,5.0,0.0,10.0,10.0,-0.0694,0.1987,1.0,0.1,2.0,0.2,1.72047,1.5,0.0,0.0,0.0,0.0,1.0,0.1,0.0,0.0,0.0,0.0,0.0,5.0,1.0,7.0,6.0,27.0,5.0,3.0,,,,28.0,24.0,,,,4.0,2.0,,26.0,4.0,,Co-Ed,,0.42,0.42495,256.0,7.0,-2.0,0.3875,260.0,8.0,-3.0,-0.1528,0.0581,0.28435,0.25952,4.0,0.4,6.0,1.0,0.0,1.0
7.0,Aaron & Arianne,TARUS3,5.17,5.16667,263.0,6.0,1.0,5.5,278.0,6.0,1.0,6.0,6.0,-0.1518,0.1369,0.0,0.0,2.0,0.3333,2.26691,3.75,1.0,0.1667,2.0,0.3333,0.0,0.0,0.0,0.0,0.0,0.0,0.0,7.0,2.0,8.0,6.0,29.0,3.0,2.0,,,,27.0,27.0,,,,2.5,1.0,,27.0,0.0,,Co-Ed,,0.44,0.44212,244.0,6.0,1.0,0.40476,246.0,6.0,1.0,-0.1186,0.1009,0.36219,0.65084,3.0,0.5,3.0,0.9,0.0,0.9
8.0,Michael & Kathy,TARUS3,5.8,5.8,307.0,8.0,0.0,6.0,291.0,8.0,0.0,5.0,5.0,-0.2922,0.0317,0.0,0.0,0.0,0.0,1.6,3.0,0.0,0.0,0.0,0.0,0.0,0.0,0.0,0.0,0.0,0.0,0.0,4.0,4.0,8.0,4.0,30.0,3.0,0.0,,,,28.0,31.0,,,,1.5,3.0,,29.5,3.0,,Co-Ed,,0.42,0.42434,257.0,8.0,0.0,0.44444,227.0,5.0,3.0,-0.1541,0.0566,0.27518,0.45,2.0,0.4,3.0,0.72727,0.0,0.72727
11.0,Tramel & Talicia,TARUS3,10.5,10.5,424.0,11.0,0.0,10.5,423.0,11.0,0.0,2.0,2.0,-1.3392,-0.7529,0.0,0.0,0.0,0.0,0.5,0.5,0.0,0.0,0.0,0.0,0.0,0.0,0.0,0.0,0.0,0.0,0.0,,10.0,11.0,1.0,33.0,1.0,0.0,,,,22.0,29.0,,,,0.5,1.0,,25.5,7.0,,Co-Ed,,0.09,0.09091,411.0,11.0,0.0,0.09091,408.0,11.0,0.0,-0.8188,-0.7736,0.09091,0.09091,0.0,0.0,2.0,0.18182,0.0,0.18182
2.0,Kelly & Jon,TARUS4,3.85,3.84615,155.0,4.0,-2.0,3.0,82.0,2.0,0.0,13.0,13.0,0.1345,0.3076,1.0,0.0769,8.0,0.6154,1.99407,2.0,2.0,0.1538,1.0,0.0769,2.0,0.1538,0.0,0.0,0.0,0.0,0.0,3.0,1.0,8.0,7.0,36.0,2.0,10.0,,,,30.0,28.0,,,,6.0,8.0,,29.0,2.0,,Co-Ed,,0.48,0.4781,209.0,7.0,-5.0,0.54545,173.0,3.0,-1.0,-0.0525,0.0803,0.29736,0.41667,8.0,0.6154,5.0,1.0,0.0,1.0
5.0,Millie & Chuck,TARUS4,3.67,3.66667,139.0,2.0,3.0,4.0,160.0,4.0,1.0,9.0,9.0,0.175,0.3399,2.0,0.2222,4.0,0.4444,2.10819,3.0,1.0,0.1111,0.0,0.0,0.0,0.0,1.0,0.0,0.0,0.0,0.0,1.0,1.0,8.0,7.0,39.0,2.0,5.0,,,,29.0,28.0,,,,3.5,3.0,,28.5,1.0,,Co-Ed,,0.57,0.57006,126.0,2.0,3.0,0.5,183.0,5.0,0.0,0.1298,0.2881,0.31615,0.475,6.0,0.6667,3.0,1.0,0.0,1.0
10.0,Russell & Cindy,TARUS4,8.33,8.33333,388.0,11.0,-1.0,8.0,375.0,10.0,0.0,3.0,3.0,-0.8726,-0.4982,0.0,0.0,0.0,0.0,1.24722,1.5,0.0,0.0,0.0,0.0,0.0,0.0,0.0,0.0,0.0,0.0,0.0,,7.0,10.0,3.0,44.0,2.0,0.0,,,,32.0,39.0,,,,1.0,2.0,,35.5,7.0,,Co-Ed,,0.25,0.25455,365.0,11.0,-1.0,0.36364,278.0,9.0,1.0,-0.4955,-0.4248,0.1806,0.2,0.0,0.0,3.0,0.4,0.0,0.4
11.0,Amanda & Chris,TARUS4,6.0,6.0,311.0,9.0,2.0,6.0,291.0,9.0,2.0,2.0,2.0,-0.3488,-0.0791,1.0,0.5,1.0,0.5,5.0,5.0,0.0,0.0,0.0,0.0,0.0,0.0,0.0,0.0,0.0,0.0,0.0,,1.0,11.0,10.0,45.0,0.0,1.0,,,,25.0,28.0,,,,0.5,1.0,,26.5,3.0,,Co-Ed,,0.5,0.5,185.0,6.0,5.0,0.5,183.0,5.0,6.0,-0.0091,0.1298,0.5,0.5,1.0,0.5,1.0,1.0,0.0,1.0
12.0,Debra & Steve,TARUS4,12.0,12.0,445.0,12.0,0.0,12.0,445.0,11.0,1.0,1.0,1.0,-1.6977,-1.1583,0.0,0.0,0.0,0.0,0.0,0.0,0.0,0.0,0.0,0.0,0.0,0.0,0.0,0.0,0.0,0.0,0.0,,12.0,12.0,0.0,46.0,0.0,0.0,,,,40.0,49.0,,,,0.0,0.0,,44.5,9.0,,Co-Ed,,0.0,0.0,420.0,12.0,0.0,0.0,416.0,12.0,0.0,-1.0,-1.0,0.0,0.0,0.0,0.0,1.0,0.0,0.0,0.0
1.0,Chip & Kim,TARUS5,3.38,3.38462,111.0,3.0,-2.0,2.0,12.0,1.0,0.0,13.0,13.0,0.1888,0.35,4.0,0.3077,8.0,0.6154,2.5582,3.0,3.0,0.2308,1.0,0.0769,0.0,0.0,0.0,0.0,0.0,0.0,1.0,1.0,1.0,8.0,7.0,47.0,11.0,1.0,,,,46.0,44.0,,,,6.0,10.0,,45.0,2.0,,Co-Ed,,0.64,0.63632,80.0,2.0,-1.0,0.66667,94.0,2.0,-1.0,0.2726,0.4659,0.30407,0.7,9.0,0.6923,4.0,1.0,0.22222,0.77778
2.0,Colin & Christie,TARUS5,2.46,2.46154,31.0,1.0,1.0,2.0,12.0,1.0,1.0,13.0,13.0,0.4096,0.5269,6.0,0.4615,10.0,0.7692,1.94602,2.0,3.0,0.2308,1.0,0.0769,1.0,0.0769,1.0,0.0,0.0,1.0,0.0,1.0,1.0,7.0,6.0,48.0,10.0,1.0,,,,24.0,26.0,,,,5.5,9.0,,25.0,2.0,,Co-Ed,,0.72,0.71807,28.0,1.0,1.0,0.85714,18.0,1.0,1.0,0.4361,0.6542,0.32701,0.55556,9.0,0.6923,4.0,1.0,0.0,1.0
3.0,Brandon & Nicole,TARUS5,3.31,3.30769,104.0,2.0,1.0,3.0,82.0,3.0,0.0,13.0,13.0,0.2056,0.3635,2.0,0.1538,8.0,0.6154,1.43498,1.0,1.0,0.0769,1.0,0.0769,1.0,0.0769,0.0,0.0,0.0,0.0,0.0,3.0,1.0,6.0,5.0,49.0,11.0,1.0,,,,25.0,21.0,,,,6.0,10.0,,23.0,4.0,,Co-Ed,,0.53,0.52527,165.0,4.0,-1.0,0.5,183.0,5.0,-2.0,0.0505,0.2101,0.30222,0.35,8.0,0.6154,5.0,1.0,0.0,1.0
8.0,Bob & Joyce,TARUS5,5.25,5.25,271.0,6.0,2.0,4.5,214.0,6.0,2.0,4.0,4.0,-0.26,-0.0096,0.0,0.0,0.0,0.0,1.63936,1.75,0.0,0.0,0.0,0.0,0.0,0.0,0.0,0.0,0.0,0.0,0.0,4.0,4.0,8.0,4.0,54.0,1.0,2.0,,,,61.0,54.0,,,,1.5,1.0,,57.5,7.0,,Co-Ed,,0.47,0.47014,221.0,6.0,2.0,0.59028,145.0,4.0,4.0,-0.0597,0.0831,0.2762,0.22708,3.0,0.75,1.0,0.7,0.0,0.7
9.0,Jim & Marsha,TARUS5,7.33,7.33333,375.0,10.0,-1.0,9.0,391.0,10.0,-1.0,3.0,3.0,-0.7592,-0.4096,0.0,0.0,1.0,0.3333,3.09121,3.5,0.0,0.0,1.0,0.3333,0.0,0.0,0.0,0.0,0.0,0.0,0.0,,3.0,10.0,7.0,55.0,1.0,1.0,,,,53.0,26.0,,,,1.0,0.0,,39.5,27.0,,Co-Ed,,0.29,0.29259,345.0,9.0,0.0,0.1,401.0,10.0,-1.0,-0.4148,-0.326,0.3455,0.38889,1.0,0.3333,2.0,0.77778,0.0,0.77778
10.0,Alison & Donny,TARUS5,5.5,5.5,290.0,8.0,2.0,5.5,278.0,8.0,2.0,2.0,2.0,-0.32,-0.0577,1.0,0.5,1.0,0.5,4.5,4.5,0.0,0.0,0.0,0.0,0.0,0.0,0.0,0.0,0.0,0.0,0.0,,1.0,10.0,9.0,56.0,0.0,1.0,,,,23.0,21.0,,,,0.5,1.0,,22.0,2.0,,Co-Ed,,0.5,0.5,185.0,5.0,5.0,0.5,183.0,5.0,5.0,0.0,0.1519,0.5,0.5,1.0,0.5,1.0,1.0,0.0,1.0
11.0,Dennis & Erika,TARUS5,11.0,11.0,426.0,11.0,0.0,11.0,425.0,11.0,0.0,1.0,1.0,-1.64,-1.1154,0.0,0.0,0.0,0.0,0.0,0.0,0.0,0.0,0.0,0.0,0.0,0.0,0.0,0.0,0.0,0.0,0.0,,11.0,11.0,0.0,57.0,0.0,0.0,,,,25.0,27.0,,,,0.0,0.0,,26.0,2.0,,Co-Ed,,0.0,0.0,420.0,11.0,0.0,0.0,416.0,11.0,0.0,-1.0,-1.0,0.0,0.0,0.0,0.0,1.0,0.0,0.0,0.0
1.0,Freddy & Kendra,TARUS6,3.46,3.46154,121.0,3.0,-2.0,3.0,82.0,2.0,-1.0,13.0,12.0,0.1924,0.3854,3.0,0.2308,7.0,0.5385,2.17027,3.0,3.0,0.2308,1.0,0.0769,0.0,0.0,0.0,0.0,0.0,1.0,1.0,1.0,1.0,8.0,7.0,58.0,6.0,6.0,,,,34.0,25.0,,,,6.0,0.0,,29.5,9.0,,Co-Ed,,0.61,0.60968,101.0,3.0,-2.0,0.66667,94.0,3.0,-2.0,0.2194,0.5367,0.2771,0.4,8.0,0.6154,5.0,1.0,0.16667,0.83333
2.0,Kris & Jon,TARUS6,2.38,2.38462,24.0,1.0,1.0,2.0,12.0,1.0,1.0,13.0,12.0,0.4445,0.5773,4.0,0.3077,10.0,0.7692,1.2733,2.0,4.0,0.3077,1.0,0.0769,0.0,0.0,0.0,0.0,0.0,0.0,0.0,2.0,1.0,5.0,4.0,59.0,6.0,6.0,,,,30.0,29.0,,,,6.0,0.0,,29.5,1.0,,Co-Ed,,0.72,0.71896,27.0,1.0,1.0,0.83333,28.0,1.0,1.0,0.4379,0.8122,0.25857,0.5,10.0,0.7692,3.0,1.0,0.33333,0.66667
3.0,Adam & Rebecca,TARUS6,4.69,4.69231,228.0,6.0,-3.0,5.0,230.0,5.0,-2.0,13.0,12.0,-0.0947,0.167,1.0,0.0769,3.0,0.2308,1.58767,2.0,0.0,0.0,4.0,0.3077,1.0,0.0769,1.0,0.0,0.0,1.0,1.0,6.0,1.0,7.0,6.0,60.0,6.0,5.0,,,,27.0,29.0,,,,5.5,1.0,,28.0,2.0,,Co-Ed,,0.32,0.32302,325.0,7.0,-4.0,0.28571,323.0,7.0,-4.0,-0.354,-0.1858,0.24288,0.2,2.0,0.1538,11.0,1.0,0.0,1.0
4.0,Hayden & Aaron,TARUS6,2.92,2.91667,63.0,2.0,2.0,3.5,150.0,4.0,0.0,12.0,11.0,0.3184,0.4813,4.0,0.3333,6.0,0.5,1.60511,3.0,1.0,0.0833,0.0,0.0,1.0,0.0833,0.0,0.0,0.0,0.0,0.0,4.0,1.0,6.0,5.0,61.0,5.0,6.0,,,,31.0,31.0,,,,5.5,1.0,,31.0,0.0,,Co-Ed,,0.64,0.64187,74.0,2.0,2.0,0.69048,83.0,2.0,2.0,0.2837,0.6179,0.34154,0.5,10.0,0.8333,2.0,1.0,0.0,1.0
5.0,Lori & Bolo,TARUS6,4.6,4.6,218.0,5.0,0.0,5.0,230.0,5.0,0.0,10.0,9.0,-0.0737,0.1829,1.0,0.1,4.0,0.4,2.10713,3.75,1.0,0.1,1.0,0.1,1.0,0.1,0.0,0.0,0.0,0.0,0.0,7.0,1.0,7.0,6.0,62.0,5.0,3.0,,,,33.0,38.0,,,,4.0,2.0,,35.5,5.0,,Co-Ed,,0.46,0.45627,227.0,5.0,0.0,0.52778,178.0,5.0,0.0,-0.0875,0.15,0.3271,0.51607,6.0,0.6,4.0,1.0,0.0,1.0
6.0,Jonathan & Victoria,TARUS6,3.56,3.55556,129.0,4.0,2.0,3.0,82.0,2.0,4.0,9.0,8.0,0.169,0.3677,0.0,0.0,5.0,0.5556,1.42292,3.0,3.0,0.3333,1.0,0.1111,0.0,0.0,0.0,0.0,0.0,0.0,0.0,2.0,2.0,6.0,4.0,63.0,4.0,4.0,,,,42.0,32.0,,,,4.0,0.0,,37.0,10.0,,Co-Ed,,0.6,0.59572,113.0,4.0,2.0,0.66667,94.0,3.0,3.0,0.1914,0.5015,0.28772,0.25714,7.0,0.7778,2.0,0.88889,0.0,0.88889
7.0,Gus & Hera,TARUS6,5.29,5.28571,281.0,7.0,0.0,5.0,230.0,5.0,2.0,7.0,6.0,-0.2348,0.0604,0.0,0.0,3.0,0.4286,2.6573,4.0,1.0,0.1429,2.0,0.2857,0.0,0.0,0.0,0.0,0.0,0.0,0.0,3.0,2.0,10.0,8.0,64.0,3.0,3.0,,,,50.0,24.0,,,,3.0,0.0,,37.0,26.0,,Co-Ed,,0.43,0.43322,251.0,6.0,1.0,0.42857,233.0,6.0,1.0,-0.1336,0.0919,0.32998,0.64246,3.0,0.4286,4.0,0.83333,0.0,0.83333
8.0,Don & Mary Jean,TARUS6,8.0,8.0,386.0,9.0,-1.0,8.0,375.0,8.0,0.0,5.0,5.0,-0.8674,-0.421,0.0,0.0,0.0,0.0,0.63246,0.0,0.0,0.0,1.0,0.2,1.0,0.2,0.0,0.0,0.0,0.0,0.0,8.0,7.0,9.0,2.0,65.0,2.0,2.0,,,,69.0,66.0,,,,2.0,0.0,,67.5,3.0,,Co-Ed,,0.13,0.13167,401.0,10.0,-2.0,0.125,390.0,9.0,-1.0,-0.7367,-0.6681,0.12654,0.2,0.0,0.0,5.0,0.33333,0.0,0.33333
1.0,Uchenna & Joyce,TARUS7,3.15,3.15385,84.0,3.0,-2.0,3.0,82.0,3.0,-2.0,13.0,12.0,0.2425,0.422,3.0,0.2308,10.0,0.7692,1.91537,1.0,1.0,0.0769,2.0,0.1538,1.0,0.0769,1.0,0.0,0.0,0.0,0.0,3.0,1.0,8.0,7.0,69.0,6.0,5.0,,,,40.0,44.0,,,,5.5,1.0,,42.0,4.0,,Co-Ed,,0.6,0.60174,108.0,3.0,-2.0,0.66667,94.0,3.0,-2.0,0.2035,0.4788,0.31579,0.54167,9.0,0.6923,4.0,1.0,0.0,1.0
2.0,Rob & Amber,TARUS7,2.31,2.30769,19.0,1.0,1.0,2.0,12.0,1.0,1.0,13.0,12.0,0.4445,0.5761,5.0,0.3846,11.0,0.8462,1.38034,2.0,3.0,0.2308,1.0,0.0769,0.0,0.0,0.0,0.0,0.0,0.0,1.0,1.0,1.0,5.0,4.0,70.0,6.0,6.0,,,,29.0,26.0,,,,6.0,0.0,,27.5,3.0,,Co-Ed,,0.72,0.71538,29.0,1.0,1.0,0.8,38.0,1.0,1.0,0.4308,0.7581,0.26364,0.5,11.0,0.8462,2.0,1.0,0.33333,0.66667
3.0,Ron & Kelly,TARUS7,3.0,3.0,66.0,2.0,1.0,2.0,12.0,1.0,2.0,13.0,12.0,0.2786,0.4495,2.0,0.1538,9.0,0.6923,2.2532,2.0,6.0,0.4615,1.0,0.0769,1.0,0.0769,0.0,0.0,0.0,1.0,0.0,2.0,1.0,10.0,9.0,71.0,6.0,6.0,,,,28.0,26.0,,,,6.0,0.0,,27.0,2.0,,Co-Ed,,0.61,0.61426,95.0,2.0,1.0,0.75,58.0,2.0,1.0,0.2285,0.5096,0.34151,0.2619,10.0,0.7692,3.0,1.0,0.0,1.0
4.0,Meredith & Gretchen,TARUS7,5.36,5.36364,285.0,8.0,-4.0,5.0,230.0,6.0,-2.0,11.0,10.0,-0.2889,0.0165,0.0,0.0,1.0,0.0909,1.55346,2.5,1.0,0.0909,3.0,0.2727,2.0,0.1818,0.0,0.0,0.0,0.0,0.0,7.0,2.0,7.0,5.0,72.0,6.0,4.0,,,,69.0,66.0,,,,5.0,2.0,,67.5,3.0,,Co-Ed,,0.24,0.24329,370.0,9.0,-5.0,0.25,340.0,8.0,-4.0,-0.5134,-0.4021,0.20248,0.2619,2.0,0.1818,9.0,0.66667,0.0,0.66667
7.0,Ray & Deana,TARUS7,5.0,5.0,251.0,6.0,1.0,6.0,291.0,7.0,0.0,6.0,6.0,-0.2023,0.0826,1.0,0.1667,2.0,0.3333,2.23607,3.0,0.0,0.0,0.0,0.0,0.0,0.0,1.0,0.0,0.0,0.0,0.0,7.0,1.0,7.0,6.0,75.0,2.0,2.0,,,,44.0,27.0,,,,2.0,0.0,,35.5,17.0,,Co-Ed,,0.47,0.47308,218.0,5.0,2.0,0.3875,260.0,7.0,0.0,-0.0538,0.1626,0.32771,0.3753,2.0,0.3333,4.0,1.0,0.0,1.0
8.0,Susan & Patrick,TARUS7,6.5,6.5,341.0,9.0,-1.0,8.0,375.0,9.0,-1.0,4.0,4.0,-0.563,-0.1927,0.0,0.0,1.0,0.25,2.59808,1.5,1.0,0.25,1.0,0.25,0.0,0.0,0.0,0.0,0.0,0.0,0.0,8.0,2.0,8.0,6.0,76.0,1.0,2.0,,,,54.0,26.0,,,,1.5,1.0,,40.0,28.0,,Co-Ed,,0.31,0.31181,334.0,8.0,0.0,0.17361,377.0,9.0,-1.0,-0.3764,-0.2337,0.34861,0.29792,1.0,0.25,3.0,0.9,0.0,0.9
1.0,Linz Family,TARUS8,2.77,2.76923,49.0,1.0,0.0,2.0,12.0,1.0,0.0,13.0,11.0,0.2627,0.4438,2.0,0.1538,11.0,0.8462,1.96719,1.0,6.0,0.4615,2.0,0.1538,0.0,0.0,0.0,0.0,0.0,0.0,1.0,2.0,1.0,9.0,8.0,80.0,5.0,4.0,2.0,4.0,,24.0,22.0,21.0,19.0,,3.75,3.0,,21.5,5.0,,Co-Ed,,0.65,0.65076,69.0,1.0,0.0,0.66667,94.0,1.0,0.0,0.3015,0.6043,0.25866,0.35714,10.0,0.7692,3.0,1.0,0.11111,0.88889
2.0,Bransen Family,TARUS8,2.85,2.84615,57.0,2.0,0.0,2.0,12.0,1.0,1.0,13.0,11.0,0.2414,0.4277,5.0,0.3846,9.0,0.6923,1.99407,3.0,2.0,0.1538,1.0,0.0769,1.0,0.0769,0.0,0.0,0.0,0.0,0.0,1.0,1.0,7.0,6.0,81.0,4.0,5.0,4.0,2.0,,51.0,25.0,22.0,20.0,,3.75,3.0,,29.5,31.0,,Co-Ed,,0.64,0.64038,76.0,2.0,0.0,0.6,135.0,2.0,0.0,0.2808,0.5787,0.32787,0.625,9.0,0.6923,4.0,1.0,0.0,1.0
3.0,Weaver Family,TARUS8,3.15,3.15385,84.0,3.0,0.0,3.0,82.0,3.0,0.0,13.0,11.0,0.1615,0.3675,1.0,0.0769,9.0,0.6923,1.23077,2.0,3.0,0.2308,2.0,0.1538,2.0,0.1538,0.0,0.0,0.0,2.0,0.0,3.0,1.0,5.0,4.0,82.0,2.0,4.0,2.0,7.0,,46.0,19.0,16.0,14.0,,3.75,5.0,,23.75,32.0,,Co-Ed,,0.45,0.44536,239.0,6.0,-3.0,0.42857,233.0,5.0,-2.0,-0.1093,0.0979,0.32455,0.55,6.0,0.4615,7.0,1.0,0.0,1.0
5.0,Paolo Family,TARUS8,4.13,4.125,178.0,5.0,0.0,4.5,214.0,5.0,0.0,8.0,8.0,-0.0994,0.1707,2.0,0.25,3.0,0.375,2.42061,4.25,1.0,0.125,2.0,0.25,0.0,0.0,0.0,0.0,0.0,0.0,1.0,6.0,1.0,8.0,7.0,84.0,1.0,1.0,3.0,2.0,,52.0,52.0,24.0,16.0,,1.75,2.0,,36.0,36.0,,Co-Ed,,0.49,0.49231,195.0,4.0,1.0,0.36508,277.0,6.0,-1.0,-0.0154,0.2137,0.37296,0.65625,3.0,0.375,5.0,1.0,0.0,1.0
6.0,Gaghan Family,TARUS8,5.5,5.5,290.0,7.0,-1.0,6.0,291.0,7.0,-1.0,6.0,6.0,-0.464,-0.1044,0.0,0.0,1.0,0.1667,1.70783,1.5,1.0,0.1667,3.0,0.5,0.0,0.0,0.0,0.0,0.0,0.0,0.0,7.0,2.0,7.0,5.0,85.0,2.0,2.0,1.0,1.0,,40.0,42.0,12.0,9.0,,1.5,1.0,,25.75,33.0,,Co-Ed,,0.27,0.27474,354.0,8.0,-2.0,0.18333,373.0,9.0,-3.0,-0.4505,-0.3227,0.28517,0.08869,1.0,0.1667,5.0,0.88889,0.0,0.88889
7.0,Schroeder Family,TARUS8,4.75,4.75,231.0,6.0,1.0,4.5,214.0,5.0,2.0,4.0,4.0,-0.2644,0.0462,0.0,0.0,1.0,0.25,1.47902,1.75,0.0,0.0,0.0,0.0,0.0,0.0,0.0,0.0,0.0,0.0,0.0,,3.0,7.0,4.0,86.0,2.0,0.0,1.0,1.0,,40.0,39.0,17.0,15.0,,1.0,2.0,,27.75,25.0,,Co-Ed,,0.47,0.47371,215.0,5.0,2.0,0.59028,145.0,3.0,4.0,-0.0526,0.1678,0.27922,0.23065,3.0,0.75,1.0,0.71429,0.0,0.71429
9.0,Rogers Family,TARUS8,6.5,6.5,341.0,8.0,1.0,6.5,326.0,8.0,1.0,2.0,2.0,-0.7302,-0.3052,0.0,0.0,0.0,0.0,2.5,2.5,0.0,0.0,0.0,0.0,0.0,0.0,0.0,0.0,0.0,0.0,0.0,,4.0,9.0,5.0,88.0,0.0,0.0,1.0,0.0,,46.0,42.0,22.0,19.0,,0.25,1.0,,32.25,27.0,,Co-Ed,,0.33,0.33333,313.0,7.0,2.0,0.33333,291.0,7.0,2.0,-0.3333,-0.1782,0.33333,0.33333,1.0,0.5,1.0,0.66667,0.0,0.66667
10.0,Black Family,TARUS8,10.0,10.0,412.0,10.0,0.0,10.0,409.0,10.0,0.0,1.0,1.0,-1.6619,-1.008,0.0,0.0,0.0,0.0,0.0,0.0,0.0,0.0,0.0,0.0,0.0,0.0,0.0,0.0,0.0,0.0,0.0,,10.0,10.0,0.0,89.0,0.0,0.0,0.0,0.0,,40.0,11.0,8.0,42.0,,0.0,0.0,,25.25,34.0,,Co-Ed,,0.0,0.0,420.0,10.0,0.0,0.0,416.0,10.0,0.0,-1.0,-1.0,0.0,0.0,0.0,0.0,1.0,0.0,0.0,0.0
3.0,Ray & Yolanda,TARUS9,4.23,4.23077,186.0,4.0,-1.0,3.0,82.0,3.0,0.0,13.0,12.0,0.0075,0.2579,1.0,0.0769,7.0,0.5385,1.88736,3.0,0.0,0.0,4.0,0.3077,1.0,0.0769,0.0,0.0,0.0,0.0,0.0,3.0,1.0,7.0,6.0,92.0,6.0,6.0,,,,27.0,27.0,,,,6.0,0.0,,27.0,0.0,,Co-Ed,,0.38,0.38065,283.0,6.0,-3.0,0.33333,291.0,8.0,-5.0,-0.2387,-0.0206,0.28309,0.38889,5.0,0.3846,8.0,1.0,0.0,1.0
4.0,Joseph & Monica,TARUS9,3.82,3.81818,151.0,3.0,1.0,3.0,82.0,3.0,1.0,11.0,10.0,0.1037,0.3298,0.0,0.0,7.0,0.6364,1.89824,2.5,3.0,0.2727,2.0,0.1818,0.0,0.0,0.0,0.0,0.0,1.0,0.0,3.0,2.0,8.0,6.0,93.0,5.0,5.0,,,,23.0,23.0,,,,5.0,0.0,,23.0,0.0,,Co-Ed,,0.53,0.52655,163.0,3.0,1.0,0.66667,94.0,3.0,1.0,0.0531,0.3547,0.26835,0.39583,7.0,0.6364,4.0,0.8,0.0,0.8
5.0,Fran & Barry,TARUS9,4.89,4.88889,246.0,6.0,-1.0,4.0,160.0,5.0,0.0,9.0,8.0,-0.1474,0.1421,1.0,0.1111,1.0,0.1111,2.23331,1.0,0.0,0.0,1.0,0.1111,0.0,0.0,0.0,0.0,0.0,0.0,0.0,4.0,1.0,9.0,8.0,94.0,4.0,4.0,,,,61.0,63.0,,,,4.0,0.0,,62.0,2.0,,Co-Ed,,0.45,0.44528,240.0,5.0,0.0,0.5,183.0,4.0,1.0,-0.1094,0.1457,0.27789,0.27143,5.0,0.5556,4.0,1.0,0.0,1.0
6.0,Lake & Michelle,TARUS9,4.71,4.71429,230.0,5.0,1.0,5.0,230.0,6.0,0.0,7.0,6.0,-0.1051,0.1737,0.0,0.0,2.0,0.2857,1.57791,1.5,1.0,0.1429,0.0,0.0,0.0,0.0,0.0,0.0,0.0,0.0,1.0,5.0,2.0,7.0,5.0,95.0,4.0,3.0,,,,37.0,36.0,,,,3.5,1.0,,36.5,1.0,,Co-Ed,,0.47,0.47432,214.0,4.0,2.0,0.42857,233.0,5.0,1.0,-0.0514,0.2204,0.27234,0.34167,3.0,0.4286,4.0,0.875,0.0,0.875
7.0,Dave & Lori,TARUS9,5.83,5.83333,309.0,7.0,0.0,5.5,278.0,7.0,0.0,6.0,5.0,-0.3679,-0.0228,0.0,0.0,0.0,0.0,1.77169,2.5,0.0,0.0,0.0,0.0,1.0,0.1667,0.0,0.0,0.0,0.0,0.0,4.0,4.0,9.0,5.0,96.0,3.0,2.0,,,,30.0,25.0,,,,2.5,1.0,,27.5,5.0,,Co-Ed,,0.36,0.35873,296.0,8.0,-1.0,0.39286,259.0,6.0,1.0,-0.2825,-0.077,0.28692,0.55357,3.0,0.5,3.0,0.7,0.0,0.7
2.0,Rob & Kimberly,TARUS10,3.08,3.07692,73.0,2.0,0.0,3.0,82.0,3.0,-1.0,13.0,12.0,0.2802,0.4735,2.0,0.1538,10.0,0.7692,1.3279,0.0,1.0,0.0769,2.0,0.1538,0.0,0.0,1.0,0.0,0.0,0.0,0.0,3.0,1.0,6.0,5.0,102.0,6.0,6.0,,,,31.0,28.0,,,,6.0,0.0,,29.5,3.0,,Co-Ed,,0.61,0.61134,99.0,3.0,-1.0,0.6,135.0,5.0,-3.0,0.2227,0.5061,0.21283,0.16667,10.0,0.7692,3.0,1.0,0.25,0.75
6.0,David & Mary,TARUS10,6.13,6.125,323.0,8.0,-2.0,6.5,326.0,8.0,-2.0,8.0,8.0,-0.4326,-0.0479,1.0,0.125,1.0,0.125,2.36841,1.25,0.0,0.0,1.0,0.125,2.0,0.25,1.0,0.0,0.0,0.0,0.0,7.0,1.0,10.0,9.0,106.0,4.0,2.0,,,,32.0,31.0,,,,3.0,2.0,,31.5,1.0,,Co-Ed,,0.27,0.27422,355.0,9.0,-3.0,0.21591,359.0,10.0,-4.0,-0.4516,-0.3244,0.314,0.35714,1.0,0.125,7.0,1.0,0.0,1.0
7.0,Peter & Sarah,TARUS10,3.17,3.16667,86.0,3.0,4.0,2.5,59.0,2.0,5.0,6.0,6.0,0.2592,0.4581,2.0,0.3333,4.0,0.6667,2.19216,3.25,1.0,0.1667,0.0,0.0,0.0,0.0,0.0,0.0,0.0,0.0,0.0,1.0,1.0,7.0,6.0,107.0,4.0,2.0,,,,35.0,31.0,,,,3.0,2.0,,33.0,4.0,,Co-Ed,,0.7,0.69589,40.0,2.0,5.0,0.83766,27.0,2.0,5.0,0.3918,0.7144,0.35321,0.38474,5.0,0.8333,1.0,1.0,0.0,1.0
9.0,Duke & Lauren,TARUS10,4.67,4.66667,223.0,5.0,4.0,3.0,82.0,3.0,6.0,3.0,3.0,-0.0914,0.2017,0.0,0.0,2.0,0.6667,3.09121,3.5,1.0,0.3333,0.0,0.0,0.0,0.0,0.0,0.0,0.0,0.0,0.0,,2.0,9.0,7.0,109.0,2.0,1.0,,,,52.0,26.0,,,,1.5,1.0,,39.0,26.0,,Co-Ed,,0.56,0.56229,138.0,5.0,4.0,0.77778,47.0,3.0,6.0,0.1246,0.3853,0.4012,0.45455,2.0,0.6667,1.0,0.90909,0.0,0.90909
11.0,Vipul & Arti,TARUS10,11.0,11.0,426.0,11.0,0.0,11.0,425.0,11.0,0.0,1.0,1.0,-1.5707,-0.8803,0.0,0.0,0.0,0.0,0.0,0.0,0.0,0.0,0.0,0.0,0.0,0.0,0.0,0.0,0.0,0.0,0.0,,11.0,11.0,0.0,111.0,1.0,0.0,,,,29.0,26.0,,,,0.5,1.0,,27.5,3.0,,Co-Ed,,0.09,0.09091,411.0,11.0,0.0,0.09091,408.0,11.0,0.0,-0.8182,-0.776,0.0,0.0,0.0,0.0,1.0,0.09091,0.09091,0.0
1.0,Eric & Danielle,TARUS11,3.62,3.61538,135.0,4.0,-3.0,4.0,160.0,5.0,-4.0,13.0,13.0,0.1312,0.3418,1.0,0.0769,6.0,0.4615,1.38888,2.0,2.0,0.1538,4.0,0.3077,1.0,0.0769,0.0,0.0,0.0,2.0,0.0,4.0,1.0,6.0,5.0,113.0,6.0,6.0,,,,28.0,23.0,,,,6.0,0.0,,25.5,5.0,,Co-Ed,,0.49,0.49029,197.0,4.0,-3.0,0.5,183.0,6.0,-5.0,-0.0241,0.205,0.29496,0.5,7.0,0.5385,6.0,1.0,0.0,1.0
5.0,Uchenna & Joyce,TARUS11,4.33,4.33333,195.0,6.0,-1.0,5.0,230.0,7.0,-2.0,9.0,9.0,-0.0392,0.2127,1.0,0.1111,4.0,0.4444,2.0548,3.0,1.0,0.1111,0.0,0.0,1.0,0.1111,1.0,0.0,0.0,0.0,0.0,7.0,1.0,7.0,6.0,117.0,3.0,3.0,,,,42.0,46.0,,,,3.0,0.0,,44.0,4.0,,Co-Ed,,0.49,0.48699,201.0,5.0,0.0,0.55556,162.0,4.0,1.0,-0.0306,0.1969,0.33097,0.38095,5.0,0.5556,4.0,1.0,0.0,1.0
7.0,Teri & Ian,TARUS11,4.83,4.83333,240.0,7.0,0.0,4.5,214.0,6.0,1.0,6.0,6.0,-0.1592,0.1218,0.0,0.0,3.0,0.5,1.86339,3.75,0.0,0.0,0.0,0.0,0.0,0.0,0.0,0.0,0.0,0.0,0.0,3.0,3.0,7.0,4.0,119.0,2.0,3.0,,,,53.0,54.0,,,,2.5,1.0,,53.5,1.0,,Co-Ed,,0.48,0.48155,208.0,6.0,1.0,0.52083,180.0,5.0,2.0,-0.0415,0.1835,0.2754,0.35863,3.0,0.5,3.0,0.8,0.0,0.8
8.0,Rob & Amber,TARUS11,2.75,2.75,44.0,2.0,6.0,1.0,1.0,1.0,7.0,4.0,4.0,0.34,0.5,3.0,0.75,3.0,0.75,3.03109,1.75,0.0,0.0,0.0,0.0,0.0,0.0,0.0,0.0,0.0,0.0,0.0,1.0,1.0,8.0,7.0,120.0,1.0,2.0,,,,30.0,28.0,,,,1.5,1.0,,29.0,2.0,,Co-Ed,,0.75,0.75,20.0,1.0,7.0,1.0,1.0,1.0,7.0,0.4929,0.8433,0.43301,0.25,3.0,0.75,1.0,1.0,0.0,1.0
9.0,David & Mary,TARUS11,9.0,9.0,396.0,9.0,0.0,9.0,391.0,9.0,0.0,3.0,3.0,-1.16,-0.6364,0.0,0.0,0.0,0.0,0.0,0.0,0.0,0.0,1.0,0.3333,0.0,0.0,0.0,0.0,0.0,0.0,0.0,9.0,9.0,9.0,0.0,121.0,1.0,1.0,,,,33.0,32.0,,,,1.0,0.0,,32.5,1.0,,Co-Ed,,0.1,0.1037,405.0,9.0,0.0,0.11111,396.0,9.0,0.0,-0.7936,-0.7451,0.08182,0.1,0.0,0.0,3.0,0.2,0.0,0.2
11.0,John Vito & Jill,TARUS11,11.0,11.0,426.0,11.0,0.0,11.0,425.0,11.0,0.0,1.0,1.0,-1.64,-1.0,0.0,0.0,0.0,0.0,0.0,0.0,0.0,0.0,0.0,0.0,0.0,0.0,0.0,0.0,0.0,0.0,0.0,,11.0,11.0,0.0,123.0,0.0,0.0,,,,29.0,32.0,,,,0.0,0.0,,30.5,3.0,,Co-Ed,,0.0,0.0,420.0,11.0,0.0,0.0,416.0,11.0,0.0,-1.0,-1.0,0.0,0.0,0.0,0.0,1.0,0.0,0.0,0.0
1.0,TK & Rachel,TARUS12,3.18,3.18182,90.0,2.0,-1.0,3.0,82.0,2.0,-1.0,11.0,11.0,0.2542,0.4218,3.0,0.2727,6.0,0.5455,1.94554,2.5,2.0,0.1818,2.0,0.1818,1.0,0.0909,0.0,0.0,0.0,0.0,0.0,1.0,1.0,7.0,6.0,124.0,5.0,6.0,,,,22.0,23.0,,,,5.5,1.0,,22.5,1.0,,Co-Ed,,0.6,0.59809,111.0,3.0,-2.0,0.66667,94.0,2.0,-1.0,0.1962,0.458,0.35106,0.6125,6.0,0.5455,5.0,1.0,0.0,1.0
2.0,Ron & Christina,TARUS12,3.45,3.45455,117.0,3.0,-1.0,3.0,82.0,2.0,0.0,11.0,11.0,0.1909,0.3727,3.0,0.2727,8.0,0.7273,2.46295,2.5,1.0,0.0909,1.0,0.0909,0.0,0.0,0.0,0.0,0.0,0.0,0.0,3.0,1.0,9.0,8.0,125.0,5.0,6.0,,,,58.0,26.0,,,,5.5,1.0,,42.0,32.0,,Co-Ed,,0.63,0.62655,87.0,2.0,0.0,0.5,183.0,5.0,-3.0,0.2531,0.5274,0.27115,0.35714,9.0,0.8182,2.0,1.0,0.11111,0.88889
4.0,Nathan & Jennifer,TARUS12,3.7,3.7,142.0,5.0,-1.0,3.0,82.0,2.0,2.0,10.0,10.0,0.1322,0.3273,0.0,0.0,6.0,0.6,2.32594,2.0,4.0,0.4,2.0,0.2,0.0,0.0,0.0,0.0,0.0,0.0,0.0,2.0,2.0,10.0,8.0,127.0,5.0,5.0,,,,24.0,23.0,,,,5.0,0.0,,23.5,1.0,,Co-Ed,,0.52,0.5196,170.0,5.0,-1.0,0.63333,120.0,4.0,0.0,0.0392,0.2666,0.30627,0.47917,6.0,0.6,4.0,0.88889,0.0,0.88889
5.0,Kynt & Vyxsin,TARUS12,3.63,3.625,136.0,4.0,1.0,4.0,160.0,5.0,0.0,8.0,8.0,0.1487,0.34,0.0,0.0,3.0,0.375,1.31696,3.0,3.0,0.375,0.0,0.0,1.0,0.125,0.0,0.0,0.0,0.0,0.0,2.0,2.0,5.0,3.0,128.0,4.0,4.0,,,,21.0,22.0,,,,4.0,0.0,,21.5,1.0,,Co-Ed,,0.53,0.5317,159.0,4.0,1.0,0.64583,118.0,3.0,2.0,0.0634,0.2961,0.3357,0.4869,5.0,0.625,3.0,0.9,0.0,0.9
6.0,Azaria & Hendekea,TARUS12,3.0,3.0,66.0,1.0,5.0,2.5,59.0,1.0,5.0,6.0,6.0,0.2964,0.4545,3.0,0.5,3.0,0.5,2.08167,3.75,0.0,0.0,0.0,0.0,0.0,0.0,0.0,0.0,0.0,0.0,0.0,1.0,1.0,6.0,5.0,129.0,4.0,2.0,,,,27.0,23.0,,,,3.0,2.0,,25.0,4.0,,Co-Ed,,0.68,0.67593,48.0,1.0,5.0,0.77778,47.0,1.0,5.0,0.3519,0.6477,0.3691,0.48611,5.0,0.8333,1.0,1.0,0.0,1.0
8.0,Lorena & Jason,TARUS12,5.25,5.25,271.0,7.0,1.0,6.0,291.0,7.0,1.0,4.0,4.0,-0.2313,0.0455,1.0,0.25,1.0,0.25,2.94746,4.75,0.0,0.0,1.0,0.25,0.0,0.0,0.0,1.0,0.0,0.0,0.0,8.0,1.0,8.0,7.0,131.0,1.0,3.0,,,,27.0,33.0,,,,2.0,2.0,,30.0,6.0,,Co-Ed,,0.46,0.45625,228.0,6.0,2.0,0.4125,244.0,6.0,2.0,-0.0875,0.1122,0.41017,0.68125,2.0,0.5,2.0,1.0,0.0,1.0
11.0,Ari & Staella,TARUS12,11.0,11.0,426.0,11.0,0.0,11.0,425.0,10.0,1.0,1.0,1.0,-1.5798,-1.0,0.0,0.0,0.0,0.0,0.0,0.0,0.0,0.0,0.0,0.0,0.0,0.0,0.0,0.0,0.0,0.0,0.0,,11.0,11.0,0.0,134.0,0.0,1.0,,,,23.0,21.0,,,,0.5,1.0,,22.0,2.0,,Co-Ed,,0.0,0.0,420.0,11.0,0.0,0.0,416.0,11.0,0.0,-1.0,-1.0,0.0,0.0,0.0,0.0,1.0,0.0,0.0,0.0
1.0,Nick & Starr,TARUS13,2.45,2.45455,30.0,1.0,0.0,1.0,1.0,1.0,0.0,11.0,11.0,0.4286,0.5594,7.0,0.6364,8.0,0.7273,2.06105,3.0,0.0,0.0,1.0,0.0909,0.0,0.0,1.0,0.0,0.0,0.0,0.0,1.0,1.0,6.0,5.0,135.0,5.0,3.0,,,,22.0,21.0,,,,4.0,2.0,,21.5,1.0,,Co-Ed,,0.78,0.78012,13.0,1.0,0.0,1.0,1.0,1.0,0.0,0.5602,0.9202,0.29208,0.56349,7.0,0.6364,4.0,1.0,0.33333,0.66667
2.0,Ken & Tina,TARUS13,2.64,2.63636,38.0,2.0,0.0,2.0,12.0,2.0,0.0,11.0,11.0,0.3843,0.5252,3.0,0.2727,8.0,0.7273,1.49379,2.0,3.0,0.2727,1.0,0.0909,1.0,0.0909,1.0,0.0,0.0,0.0,0.0,2.0,1.0,6.0,5.0,136.0,4.0,4.0,,,,51.0,48.0,,,,4.0,0.0,,49.5,3.0,,Co-Ed,,0.62,0.61818,92.0,3.0,-1.0,0.5,183.0,5.0,-3.0,0.2364,0.5216,0.31217,0.5,8.0,0.7273,3.0,1.0,0.0,1.0
4.0,Toni & Dallas,TARUS13,3.1,3.1,79.0,3.0,1.0,2.5,59.0,3.0,1.0,10.0,10.0,0.277,0.4424,1.0,0.1,6.0,0.6,1.51327,2.0,4.0,0.4,0.0,0.0,0.0,0.0,0.0,0.0,0.0,0.0,0.0,2.0,1.0,6.0,5.0,138.0,4.0,5.0,,,,51.0,22.0,,,,4.5,1.0,,36.5,29.0,,Co-Ed,,0.65,0.64853,70.0,2.0,2.0,0.675,91.0,4.0,0.0,0.2971,0.5963,0.26492,0.26548,9.0,0.9,1.0,1.0,0.0,1.0
5.0,Terence & Sarah,TARUS13,3.25,3.25,95.0,4.0,1.0,3.0,82.0,4.0,1.0,8.0,8.0,0.242,0.4155,0.0,0.0,6.0,0.75,0.82916,0.25,1.0,0.125,0.0,0.0,0.0,0.0,0.0,0.0,0.0,0.0,0.0,3.0,2.0,5.0,3.0,139.0,3.0,4.0,,,,35.0,31.0,,,,3.5,1.0,,33.0,4.0,,Co-Ed,,0.61,0.60645,104.0,4.0,1.0,0.70833,78.0,2.0,3.0,0.2129,0.4927,0.2656,0.23333,6.0,0.75,2.0,0.85714,0.0,0.85714
7.0,Aja & Ty,TARUS13,6.2,6.2,329.0,8.0,-1.0,7.0,338.0,8.0,-1.0,5.0,5.0,-0.446,-0.1151,0.0,0.0,0.0,0.0,1.46969,2.0,0.0,0.0,1.0,0.2,0.0,0.0,0.0,0.0,0.0,0.0,0.0,7.0,4.0,8.0,4.0,141.0,2.0,2.0,,,,25.0,25.0,,,,2.0,0.0,,25.0,0.0,,Co-Ed,,0.32,0.3219,326.0,7.0,0.0,0.3,308.0,7.0,0.0,-0.3562,-0.2077,0.23947,0.35714,2.0,0.4,3.0,0.66667,0.0,0.66667
10.0,Anthony & Stephanie,TARUS13,9.5,9.5,407.0,10.0,0.0,9.5,405.0,10.0,0.0,2.0,2.0,-1.2157,-0.7086,0.0,0.0,0.0,0.0,0.5,0.5,0.0,0.0,0.0,0.0,0.0,0.0,0.0,0.0,0.0,0.0,0.0,,9.0,10.0,1.0,144.0,1.0,0.0,,,,32.0,32.0,,,,0.5,1.0,,32.0,0.0,,Co-Ed,,0.1,0.1,406.0,10.0,0.0,0.1,401.0,10.0,0.0,-0.8,-0.7539,0.1,0.1,0.0,0.0,2.0,0.2,0.0,0.2
11.0,Anita & Arthur,TARUS13,11.0,11.0,426.0,11.0,0.0,11.0,425.0,11.0,0.0,1.0,1.0,-1.5655,-0.9784,0.0,0.0,0.0,0.0,0.0,0.0,0.0,0.0,0.0,0.0,0.0,0.0,0.0,0.0,0.0,0.0,0.0,,11.0,11.0,0.0,145.0,0.0,0.0,,,,61.0,63.0,,,,0.0,0.0,,62.0,2.0,,Co-Ed,,0.0,0.0,420.0,11.0,0.0,0.0,416.0,11.0,0.0,-1.0,-1.0,0.0,0.0,0.0,0.0,1.0,0.0,0.0,0.0
1.0,Tammy & Victor,TARUS14,2.33,2.33333,21.0,1.0,0.0,2.0,12.0,1.0,0.0,12.0,11.0,0.4505,0.5756,5.0,0.4167,11.0,0.9167,1.88562,2.0,3.0,0.25,2.0,0.1667,0.0,0.0,0.0,0.0,1.0,0.0,0.0,1.0,1.0,8.0,7.0,146.0,5.0,6.0,,,,26.0,35.0,,,,5.5,1.0,,30.5,9.0,,Co-Ed,,0.76,0.763,14.0,1.0,0.0,0.86667,14.0,1.0,0.0,0.526,0.8617,0.28401,0.33929,10.0,0.8333,2.0,1.0,0.125,0.875
3.0,Margie & Luke,TARUS14,2.75,2.75,44.0,2.0,1.0,3.0,82.0,2.0,1.0,12.0,11.0,0.3515,0.4991,3.0,0.25,7.0,0.5833,1.23322,2.25,2.0,0.1667,0.0,0.0,0.0,0.0,0.0,0.0,1.0,0.0,0.0,4.0,1.0,4.0,3.0,148.0,5.0,6.0,,,,50.0,22.0,,,,5.5,1.0,,36.0,28.0,,Co-Ed,,0.63,0.63304,84.0,2.0,1.0,0.64583,118.0,4.0,-1.0,0.2661,0.5446,0.27412,0.25,10.0,0.8333,2.0,1.0,0.0,1.0
8.0,Amanda & Kris,TARUS14,4.5,4.5,210.0,6.0,2.0,4.0,160.0,4.0,4.0,4.0,4.0,-0.0612,0.1803,0.0,0.0,2.0,0.5,2.29129,3.0,1.0,0.25,0.0,0.0,0.0,0.0,0.0,1.0,0.0,0.0,0.0,,2.0,8.0,6.0,153.0,1.0,3.0,,,,23.0,24.0,,,,2.0,2.0,,23.5,1.0,,Co-Ed,,0.56,0.56319,136.0,4.0,4.0,0.68889,88.0,3.0,5.0,0.1264,0.3742,0.33978,0.35208,3.0,0.75,1.0,0.875,0.0,0.875
9.0,Brad & Victoria,TARUS14,6.67,6.66667,351.0,8.0,1.0,6.0,291.0,8.0,1.0,3.0,3.0,-0.5729,-0.2149,0.0,0.0,0.0,0.0,1.69967,2.0,0.0,0.0,0.0,0.0,0.0,0.0,0.0,0.0,0.0,0.0,0.0,,5.0,9.0,4.0,154.0,0.0,3.0,,,,52.0,47.0,,,,1.5,3.0,,49.5,5.0,,Co-Ed,,0.35,0.35185,300.0,7.0,2.0,0.5,183.0,5.0,4.0,-0.2963,-0.1415,0.24983,0.27778,2.0,0.6667,1.0,0.55556,0.0,0.55556
10.0,Steve & Linda,TARUS14,9.5,9.5,407.0,10.0,0.0,9.5,405.0,10.0,0.0,2.0,2.0,-1.2403,-0.7304,0.0,0.0,0.0,0.0,0.5,0.5,0.0,0.0,0.0,0.0,0.0,0.0,0.0,0.0,0.0,0.0,0.0,,9.0,10.0,1.0,155.0,1.0,1.0,,,,43.0,52.0,,,,1.0,0.0,,47.5,9.0,,Co-Ed,,0.1,0.1,406.0,10.0,0.0,0.1,401.0,10.0,0.0,-0.8,-0.756,0.1,0.1,0.0,0.0,2.0,0.2,0.0,0.2
11.0,Preston & Jennifer,TARUS14,11.0,11.0,426.0,11.0,0.0,11.0,425.0,11.0,0.0,1.0,1.0,-1.594,-1.0036,0.0,0.0,0.0,0.0,0.0,0.0,0.0,0.0,0.0,0.0,0.0,0.0,0.0,0.0,0.0,0.0,0.0,,11.0,11.0,0.0,156.0,1.0,0.0,,,,26.0,28.0,,,,0.5,1.0,,27.0,2.0,,Co-Ed,,0.0,0.0,420.0,11.0,0.0,0.0,416.0,11.0,0.0,-1.0,-1.0,0.0,0.0,0.0,0.0,1.0,0.0,0.0,0.0
1.0,Meghan & Cheyne,TARUS15,2.0,2.0,5.0,1.0,0.0,1.0,1.0,1.0,0.0,12.0,12.0,0.5636,0.6672,7.0,0.5833,10.0,0.8333,1.63299,1.0,3.0,0.25,0.0,0.0,0.0,0.0,1.0,0.0,0.0,0.0,0.0,1.0,1.0,6.0,5.0,157.0,5.0,6.0,,,,23.0,23.0,,,,5.5,1.0,,23.0,0.0,,Co-Ed,,0.87,0.86991,2.0,1.0,0.0,1.0,1.0,1.0,0.0,0.7398,1.1739,0.18524,0.2125,12.0,1.0,0.0,1.0,0.5,0.5
3.0,Brian & Ericka,TARUS15,4.25,4.25,188.0,5.0,-2.0,4.0,160.0,4.0,-1.0,12.0,12.0,0.0727,0.2928,0.0,0.0,5.0,0.4167,2.0052,1.25,1.0,0.0833,4.0,0.3333,1.0,0.0833,0.0,0.0,0.0,0.0,0.0,4.0,2.0,10.0,8.0,159.0,6.0,6.0,,,,27.0,27.0,,,,6.0,0.0,,27.0,0.0,,Co-Ed,,0.39,0.39188,277.0,7.0,-4.0,0.41667,241.0,5.0,-2.0,-0.2162,-0.0207,0.27687,0.40076,6.0,0.5,6.0,0.85714,0.0,0.85714
7.0,Mika & Canaan,TARUS15,7.67,7.66667,382.0,9.0,-2.0,7.0,338.0,9.0,-2.0,6.0,6.0,-0.6735,-0.2762,0.0,0.0,0.0,0.0,1.10554,0.75,0.0,0.0,2.0,0.3333,0.0,0.0,0.0,0.0,0.0,0.0,0.0,7.0,7.0,10.0,3.0,163.0,1.0,5.0,,,,22.0,26.0,,,,3.0,4.0,,24.0,4.0,,Co-Ed,,0.2,0.20133,382.0,10.0,-3.0,0.21591,359.0,9.0,-2.0,-0.5973,-0.4969,0.11095,0.1349,0.0,0.0,6.0,0.33333,0.0,0.33333
8.0,Lance & Keri,TARUS15,6.0,6.0,311.0,6.0,2.0,6.0,291.0,6.0,2.0,5.0,5.0,-0.3091,0.0017,0.0,0.0,1.0,0.2,2.28035,4.0,0.0,0.0,1.0,0.2,0.0,0.0,0.0,0.0,0.0,0.0,0.0,,3.0,9.0,6.0,164.0,3.0,2.0,,,,41.0,33.0,,,,2.5,1.0,,37.0,8.0,,Co-Ed,,0.4,0.40086,272.0,6.0,2.0,0.375,269.0,7.0,1.0,-0.1983,0.0017,0.31905,0.58889,2.0,0.4,3.0,0.81818,0.0,0.81818
10.0,Marcy & Ron,TARUS15,7.67,7.66667,382.0,9.0,1.0,9.0,391.0,10.0,0.0,3.0,3.0,-0.6735,-0.2762,0.0,0.0,0.0,0.0,2.62467,3.0,0.0,0.0,0.0,0.0,0.0,0.0,0.0,0.0,0.0,0.0,0.0,,4.0,10.0,6.0,166.0,1.0,2.0,,,,60.0,59.0,,,,1.5,1.0,,59.5,1.0,,Co-Ed,,0.31,0.30909,336.0,9.0,1.0,0.2,363.0,10.0,0.0,-0.3818,-0.2276,0.30676,0.36364,1.0,0.3333,2.0,0.72727,0.0,0.72727
11.0,Garrett & Jessica,TARUS15,9.5,9.5,407.0,11.0,0.0,9.5,405.0,11.0,0.0,2.0,2.0,-1.0727,-0.5807,0.0,0.0,0.0,0.0,1.5,1.5,0.0,0.0,0.0,0.0,0.0,0.0,0.0,0.0,0.0,0.0,0.0,,8.0,11.0,3.0,167.0,1.0,1.0,,,,28.0,27.0,,,,1.0,0.0,,27.5,1.0,,Co-Ed,,0.18,0.18182,387.0,11.0,0.0,0.18182,375.0,11.0,0.0,-0.6364,-0.5456,0.18182,0.18182,0.0,0.0,2.0,0.36364,0.0,0.36364
12.0,Eric & Lisa,TARUS15,12.0,12.0,445.0,12.0,0.0,12.0,445.0,12.0,0.0,1.0,1.0,-1.6182,-0.9967,0.0,0.0,0.0,0.0,0.0,0.0,0.0,0.0,0.0,0.0,0.0,0.0,0.0,0.0,0.0,0.0,0.0,,12.0,12.0,0.0,168.0,0.0,0.0,,,,43.0,41.0,,,,0.0,0.0,,42.0,2.0,,Co-Ed,,0.0,0.0,420.0,12.0,0.0,0.0,416.0,12.0,0.0,-1.0,-1.0,0.0,0.0,0.0,0.0,1.0,0.0,0.0,0.0
3.0,Brent & Caite,TARUS16,4.33,4.33333,195.0,4.0,-1.0,4.0,160.0,3.0,0.0,12.0,12.0,-0.005,0.1981,1.0,0.0833,5.0,0.4167,2.09497,3.5,2.0,0.1667,2.0,0.1667,0.0,0.0,0.0,0.0,1.0,0.0,0.0,7.0,1.0,7.0,6.0,171.0,7.0,5.0,,,,28.0,20.0,,,,6.0,2.0,,24.0,8.0,,Co-Ed,,0.44,0.44405,242.0,7.0,-4.0,0.4,247.0,6.0,-3.0,-0.1119,0.0456,0.28248,0.4375,5.0,0.4167,7.0,1.0,0.0,1.0
6.0,Steve & Allie,TARUS16,3.38,3.375,110.0,2.0,4.0,2.5,59.0,1.0,5.0,8.0,8.0,0.2155,0.3741,1.0,0.125,5.0,0.625,1.99609,2.5,3.0,0.375,0.0,0.0,0.0,0.0,0.0,0.0,0.0,0.0,0.0,2.0,1.0,7.0,6.0,174.0,4.0,3.0,,,,57.0,23.0,,,,3.5,1.0,,40.0,34.0,,Co-Ed,,0.66,0.66116,58.0,2.0,4.0,0.77857,46.0,1.0,5.0,0.3223,0.5569,0.31295,0.27827,6.0,0.75,2.0,1.0,0.0,1.0
7.0,Jordan & Jeff,TARUS16,5.67,5.66667,298.0,9.0,-2.0,6.5,326.0,9.0,-2.0,6.0,6.0,-0.316,-0.05,1.0,0.1667,1.0,0.1667,2.28522,1.75,0.0,0.0,1.0,0.1667,1.0,0.1667,0.0,0.0,0.0,0.0,0.0,7.0,1.0,8.0,7.0,175.0,2.0,3.0,,,,22.0,31.0,,,,2.5,1.0,,26.5,9.0,,Co-Ed,,0.35,0.34788,304.0,9.0,-2.0,0.29365,318.0,8.0,-1.0,-0.3042,-0.1808,0.35162,0.4504,2.0,0.3333,4.0,1.0,0.0,1.0
8.0,Joe & Heidi,TARUS16,4.4,4.4,206.0,7.0,1.0,4.0,160.0,3.0,5.0,5.0,5.0,-0.0212,0.1852,0.0,0.0,2.0,0.4,2.05913,2.0,1.0,0.2,0.0,0.0,0.0,0.0,0.0,1.0,0.0,0.0,0.0,,2.0,8.0,6.0,176.0,2.0,2.0,,,,42.0,37.0,,,,2.0,0.0,,39.5,5.0,,Co-Ed,,0.57,0.56563,133.0,3.0,5.0,0.625,123.0,3.0,5.0,0.1313,0.3319,0.30041,0.11429,4.0,0.8,1.0,0.88889,0.0,0.88889
11.0,Dana & Adrian,TARUS16,11.0,11.0,426.0,11.0,0.0,11.0,425.0,11.0,0.0,1.0,1.0,-1.553,-1.037,0.0,0.0,0.0,0.0,0.0,0.0,0.0,0.0,0.0,0.0,0.0,0.0,0.0,0.0,0.0,0.0,0.0,,11.0,11.0,0.0,179.0,0.0,1.0,,,,40.0,39.0,,,,0.5,1.0,,39.5,1.0,,Co-Ed,,0.0,0.0,420.0,11.0,0.0,0.0,416.0,11.0,0.0,-1.0,-1.0,0.0,0.0,0.0,0.0,1.0,0.0,0.0,0.0
3.0,Jill & Thomas,TARUS17,3.0,3.0,66.0,1.0,2.0,2.5,59.0,1.0,2.0,12.0,12.0,0.3178,0.4516,4.0,0.3333,8.0,0.6667,1.95789,4.0,2.0,0.1667,0.0,0.0,0.0,0.0,0.0,0.0,1.0,0.0,0.0,1.0,1.0,7.0,6.0,182.0,5.0,7.0,,,,27.0,20.0,,,,6.0,2.0,,23.5,7.0,,Co-Ed,,0.65,0.65165,67.0,2.0,1.0,0.69048,83.0,2.0,1.0,0.3033,0.5427,0.3203,0.54167,9.0,0.75,3.0,1.0,0.0,1.0
4.0,Nick & Vicki,TARUS17,5.27,5.27273,279.0,7.0,-3.0,5.0,230.0,6.0,-2.0,11.0,11.0,-0.1984,0.0366,0.0,0.0,3.0,0.2727,2.29984,3.0,1.0,0.0909,1.0,0.0909,2.0,0.1818,0.0,0.0,0.0,0.0,0.0,6.0,2.0,10.0,8.0,183.0,6.0,5.0,,,,26.0,26.0,,,,5.5,1.0,,26.0,0.0,,Co-Ed,,0.32,0.31815,330.0,9.0,-5.0,0.28571,323.0,9.0,-5.0,-0.3637,-0.2468,0.26717,0.5,4.0,0.3636,7.0,0.75,0.0,0.75
5.0,Chad & Stephanie,TARUS17,5.11,5.11111,259.0,6.0,-1.0,5.0,230.0,6.0,-1.0,9.0,9.0,-0.162,0.0658,1.0,0.1111,2.0,0.2222,2.0787,3.0,0.0,0.0,2.0,0.2222,0.0,0.0,0.0,1.0,0.0,0.0,0.0,7.0,1.0,8.0,7.0,184.0,6.0,4.0,,,,26.0,23.0,,,,5.0,2.0,,24.5,3.0,,Co-Ed,,0.4,0.40106,271.0,8.0,-3.0,0.3,308.0,8.0,-3.0,-0.1979,-0.0506,0.31111,0.5,3.0,0.3333,6.0,1.0,0.0,1.0
6.0,Gary & Mallory,TARUS17,4.63,4.625,219.0,4.0,2.0,5.0,230.0,6.0,0.0,8.0,8.0,-0.0528,0.1536,0.0,0.0,3.0,0.375,2.39466,4.0,3.0,0.375,2.0,0.25,0.0,0.0,0.0,0.0,0.0,0.0,0.0,6.0,2.0,9.0,7.0,185.0,4.0,4.0,,,,53.0,24.0,,,,4.0,0.0,,38.5,29.0,,Co-Ed,,0.49,0.48562,203.0,5.0,1.0,0.5,183.0,7.0,-1.0,-0.0288,0.1496,0.33902,0.70883,5.0,0.625,3.0,0.875,0.0,0.875
3.0,Gary & Mallory,TARUS18,3.25,3.25,95.0,1.0,2.0,3.0,82.0,1.0,2.0,12.0,12.0,0.3013,0.3868,3.0,0.25,8.0,0.6667,2.24072,2.25,2.0,0.1667,0.0,0.0,1.0,0.0833,0.0,0.0,0.0,0.0,0.0,1.0,1.0,9.0,8.0,193.0,6.0,6.0,,,,53.0,25.0,,,,6.0,0.0,,39.0,28.0,,Co-Ed,,0.59,0.59282,115.0,3.0,0.0,0.625,123.0,3.0,0.0,0.1856,0.2955,0.36526,0.56667,8.0,0.6667,4.0,1.0,0.0,1.0
5.0,Kent & Vyxsin,TARUS18,6.0,6.0,311.0,7.0,-2.0,5.5,278.0,6.0,-1.0,10.0,10.0,-0.2899,-0.1321,0.0,0.0,2.0,0.2,2.19089,2.0,0.0,0.0,2.0,0.2,1.0,0.1,0.0,0.0,1.0,0.0,0.0,5.0,3.0,10.0,7.0,195.0,4.0,5.0,,,,24.0,25.0,,,,4.5,1.0,,24.5,1.0,,Co-Ed,,0.31,0.31286,333.0,9.0,-4.0,0.36667,274.0,8.0,-3.0,-0.3743,-0.3163,0.21995,0.36548,3.0,0.3,7.0,0.6,0.0,0.6
7.0,Ron & Christina,TARUS18,6.0,6.0,311.0,7.0,0.0,7.0,338.0,9.0,-2.0,7.0,7.0,-0.2899,-0.1321,0.0,0.0,2.0,0.2857,2.50713,4.0,0.0,0.0,1.0,0.1429,0.0,0.0,0.0,0.0,0.0,0.0,0.0,3.0,3.0,10.0,7.0,197.0,3.0,3.0,,,,61.0,29.0,,,,3.0,0.0,,45.0,32.0,,Co-Ed,,0.4,0.39529,275.0,8.0,-1.0,0.3,308.0,9.0,-2.0,-0.2094,-0.1362,0.28647,0.49464,3.0,0.4286,4.0,0.77778,0.0,0.77778
8.0,Margie & Luke,TARUS18,5.33,5.33333,282.0,6.0,2.0,6.0,291.0,7.0,1.0,6.0,6.0,-0.1458,-0.0057,1.0,0.1667,2.0,0.3333,2.62467,4.25,0.0,0.0,0.0,0.0,0.0,0.0,0.0,0.0,0.0,0.0,0.0,8.0,1.0,8.0,7.0,198.0,2.0,3.0,,,,53.0,25.0,,,,2.5,1.0,,39.0,28.0,,Co-Ed,,0.5,0.49537,192.0,6.0,2.0,0.5,183.0,5.0,3.0,-0.0093,0.0825,0.33154,0.44583,3.0,0.5,3.0,1.0,0.0,1.0
11.0,Amanda & Kris,TARUS18,6.5,6.5,341.0,9.0,2.0,6.5,326.0,8.0,3.0,2.0,2.0,-0.3973,-0.2264,0.0,0.0,1.0,0.5,4.5,4.5,1.0,0.5,0.0,0.0,0.0,0.0,0.0,1.0,0.0,0.0,0.0,,2.0,11.0,9.0,201.0,1.0,0.0,,,,27.0,25.0,,,,0.5,1.0,,26.0,2.0,,Co-Ed,,0.45,0.45,233.0,7.0,4.0,0.45,222.0,6.0,5.0,-0.1,-0.0166,0.45,0.45,1.0,0.5,1.0,0.9,0.0,0.9
1.0,Ernie & Cindy,TARUS19,2.83,2.83333,51.0,2.0,-1.0,2.5,59.0,2.0,-1.0,12.0,12.0,0.361,0.472,3.0,0.25,8.0,0.6667,1.51841,2.5,3.0,0.25,0.0,0.0,0.0,0.0,0.0,0.0,1.0,0.0,0.0,1.0,1.0,5.0,4.0,202.0,7.0,6.0,,,,29.0,30.0,,,,6.5,1.0,,29.5,1.0,,Co-Ed,,0.7,0.70218,35.0,1.0,0.0,0.70714,81.0,2.0,-1.0,0.4044,0.6025,0.21978,0.375,10.0,0.8333,2.0,1.0,0.33333,0.66667
2.0,Jeremy & Sandy,TARUS19,3.58,3.58333,132.0,3.0,-1.0,3.0,82.0,3.0,-1.0,12.0,12.0,0.1916,0.3321,1.0,0.0833,8.0,0.6667,1.84654,3.25,3.0,0.25,3.0,0.25,0.0,0.0,0.0,0.0,0.0,0.0,0.0,3.0,1.0,7.0,6.0,203.0,6.0,7.0,,,,35.0,33.0,,,,6.5,1.0,,34.0,2.0,,Co-Ed,,0.57,0.56587,132.0,4.0,-2.0,0.58333,150.0,4.0,-2.0,0.1317,0.2914,0.27161,0.325,9.0,0.75,3.0,1.0,0.14286,0.85714
3.0,Amani & Marcus,TARUS19,4.42,4.41667,209.0,6.0,-3.0,4.0,160.0,4.0,-1.0,12.0,12.0,0.0019,0.1754,2.0,0.1667,4.0,0.3333,2.25308,3.0,0.0,0.0,3.0,0.25,1.0,0.0833,0.0,0.0,0.0,0.0,0.0,4.0,1.0,9.0,8.0,204.0,6.0,7.0,,,,36.0,39.0,,,,6.5,1.0,,37.5,3.0,,Co-Ed,,0.41,0.412,265.0,6.0,-3.0,0.35417,279.0,7.0,-4.0,-0.176,-0.0597,0.3121,0.2875,4.0,0.3333,8.0,1.0,0.0,1.0
5.0,Bill & Cathi,TARUS19,5.5,5.5,290.0,7.0,-2.0,5.5,278.0,7.0,-2.0,10.0,10.0,-0.2419,-0.0261,0.0,0.0,3.0,0.3,2.61725,3.5,2.0,0.2,2.0,0.2,2.0,0.2,0.0,1.0,1.0,0.0,0.0,7.0,2.0,11.0,9.0,206.0,6.0,5.0,,,,63.0,62.0,,,,5.5,1.0,,62.5,1.0,,Co-Ed,,0.33,0.32833,319.0,9.0,-4.0,0.20833,362.0,8.0,-3.0,-0.3433,-0.2507,0.31809,0.56429,3.0,0.3,7.0,0.85714,0.0,0.85714
7.0,Justin & Jennifer,TARUS19,4.29,4.28571,191.0,4.0,3.0,4.0,160.0,4.0,3.0,7.0,7.0,0.0313,0.1996,0.0,0.0,3.0,0.4286,2.18529,3.0,2.0,0.2857,0.0,0.0,0.0,0.0,0.0,0.0,0.0,0.0,0.0,4.0,2.0,8.0,6.0,208.0,4.0,4.0,,,,31.0,26.0,,,,4.0,0.0,,28.5,5.0,,Co-Ed,,0.57,0.56956,128.0,3.0,4.0,0.625,123.0,3.0,4.0,0.1391,0.2998,0.29411,0.38095,5.0,0.7143,2.0,0.85714,0.0,0.85714
10.0,Ethan & Jenna,TARUS19,7.0,7.0,360.0,8.0,2.0,7.0,338.0,8.0,2.0,2.0,2.0,-0.5806,-0.306,0.0,0.0,0.0,0.0,3.0,3.0,0.0,0.0,0.0,0.0,0.0,0.0,0.0,0.0,0.0,0.0,0.0,,4.0,10.0,6.0,211.0,2.0,0.0,,,,37.0,30.0,,,,1.0,2.0,,33.5,7.0,,Co-Ed,,0.4,0.4,273.0,7.0,3.0,0.4,247.0,6.0,4.0,-0.2,-0.0871,0.3,0.3,1.0,0.5,1.0,0.7,0.1,0.6
1.0,Rachel & Dave,TARUS20,1.83,1.83333,3.0,1.0,0.0,1.0,1.0,1.0,0.0,12.0,12.0,0.5761,0.6795,8.0,0.6667,10.0,0.8333,1.51841,1.0,2.0,0.1667,0.0,0.0,0.0,0.0,1.0,0.0,0.0,0.0,0.0,1.0,1.0,6.0,5.0,213.0,6.0,5.0,,,,30.0,33.0,,,,5.5,1.0,,31.5,3.0,,Co-Ed,,0.88,0.88363,1.0,1.0,0.0,1.0,1.0,1.0,0.0,0.7673,1.2718,0.19837,0.15714,11.0,0.9167,1.0,1.0,0.375,0.625
3.0,Brendon & Rachel,TARUS20,3.42,3.41667,115.0,3.0,0.0,3.5,150.0,3.0,0.0,12.0,12.0,0.2078,0.4011,0.0,0.0,6.0,0.5,1.25554,2.0,4.0,0.3333,1.0,0.0833,0.0,0.0,0.0,1.0,1.0,0.0,0.0,2.0,2.0,6.0,4.0,215.0,6.0,6.0,,,,31.0,27.0,,,,6.0,0.0,,29.0,4.0,,Co-Ed,,0.52,0.52411,167.0,3.0,0.0,0.46429,220.0,4.0,0.0,0.0482,0.3475,0.25743,0.36667,6.0,0.5,6.0,0.9,0.0,0.9
4.0,Vanessa & Ralph,TARUS20,4.91,4.90909,249.0,5.0,-1.0,5.0,230.0,5.0,-1.0,11.0,11.0,-0.1373,0.1401,0.0,0.0,2.0,0.1818,1.50481,1.5,0.0,0.0,5.0,0.4545,0.0,0.0,0.0,1.0,0.0,0.0,0.0,5.0,3.0,8.0,5.0,216.0,5.0,5.0,,,,31.0,36.0,,,,5.0,0.0,,33.5,5.0,,Co-Ed,,0.33,0.33279,314.0,6.0,-2.0,0.25,340.0,7.0,-3.0,-0.3344,-0.1444,0.21857,0.35238,4.0,0.3636,7.0,0.71429,0.0,0.71429
10.0,Dave & Cherie,TARUS20,9.0,9.0,396.0,10.0,0.0,9.0,391.0,9.0,1.0,2.0,2.0,-1.0847,-0.5762,0.0,0.0,0.0,0.0,1.0,1.0,0.0,0.0,0.0,0.0,0.0,0.0,0.0,0.0,0.0,0.0,0.0,,8.0,10.0,2.0,222.0,1.0,1.0,,,,44.0,44.0,,,,1.0,0.0,,44.0,0.0,,Co-Ed,,0.15,0.15,393.0,10.0,0.0,0.15,385.0,9.0,1.0,-0.7,-0.6144,0.15,0.15,0.0,0.0,2.0,0.3,0.0,0.3
3.0,Trey & Lexi,TARUS21,3.17,3.16667,86.0,2.0,1.0,2.0,12.0,1.0,2.0,12.0,12.0,0.2563,0.4097,3.0,0.25,9.0,0.75,2.44381,1.75,4.0,0.3333,1.0,0.0833,0.0,0.0,0.0,0.0,0.0,0.0,0.0,2.0,1.0,9.0,8.0,226.0,7.0,7.0,,,,23.0,22.0,,,,7.0,0.0,,22.5,1.0,,Co-Ed,,0.62,0.61723,93.0,2.0,1.0,0.73333,70.0,2.0,1.0,0.2345,0.4641,0.35238,0.61667,8.0,0.6667,4.0,1.0,0.0,1.0
5.0,Abbie & Ryan,TARUS21,2.78,2.77778,50.0,1.0,4.0,2.0,12.0,1.0,4.0,9.0,9.0,0.3478,0.4823,2.0,0.2222,5.0,0.5556,1.39665,2.0,3.0,0.3333,0.0,0.0,0.0,0.0,0.0,1.0,0.0,0.0,0.0,4.0,1.0,5.0,4.0,228.0,4.0,6.0,,,,31.0,35.0,,,,5.0,2.0,,33.0,4.0,,Co-Ed,,0.67,0.66561,54.0,1.0,4.0,0.83333,28.0,1.0,4.0,0.3312,0.5789,0.31635,0.45714,6.0,0.6667,3.0,1.0,0.0,1.0
7.0,Rob & Kelley,TARUS21,6.0,6.0,311.0,7.0,0.0,6.0,291.0,7.0,0.0,6.0,6.0,-0.4076,-0.1173,0.0,0.0,0.0,0.0,1.41421,2.0,0.0,0.0,0.0,0.0,0.0,0.0,0.0,0.0,1.0,0.0,0.0,5.0,4.0,8.0,4.0,230.0,4.0,3.0,,,,46.0,50.0,,,,3.5,1.0,,48.0,4.0,,Co-Ed,,0.33,0.33347,312.0,9.0,-2.0,0.33929,289.0,7.0,0.0,-0.3331,-0.209,0.19932,0.25298,2.0,0.3333,4.0,0.6,0.0,0.6
10.0,Amy & Daniel,TARUS21,6.0,6.0,311.0,7.0,3.0,6.0,291.0,7.0,3.0,2.0,2.0,-0.4076,-0.1173,0.0,0.0,1.0,0.5,4.0,4.0,1.0,0.5,0.0,0.0,0.0,0.0,0.0,0.0,0.0,0.0,0.0,,2.0,10.0,8.0,233.0,2.0,1.0,,,,32.0,36.0,,,,1.5,1.0,,34.0,4.0,,Co-Ed,,0.45,0.45,233.0,6.0,4.0,0.45,222.0,6.0,4.0,-0.1,0.0674,0.45,0.45,1.0,0.5,1.0,0.9,0.0,0.9
11.0,Rob & Sheila,TARUS21,11.0,11.0,426.0,11.0,0.0,11.0,425.0,11.0,0.0,1.0,1.0,-1.5806,-1.0484,0.0,0.0,0.0,0.0,0.0,0.0,0.0,0.0,0.0,0.0,0.0,0.0,0.0,0.0,0.0,0.0,0.0,,11.0,11.0,0.0,234.0,1.0,1.0,,,,44.0,52.0,,,,1.0,0.0,,48.0,8.0,,Co-Ed,,0.0,0.0,420.0,11.0,0.0,0.0,416.0,11.0,0.0,-1.0,-1.0,0.0,0.0,0.0,0.0,1.0,0.0,0.0,0.0
2.0,Max & Katie,TARUS22,4.25,4.25,188.0,5.0,-3.0,3.0,82.0,4.0,-2.0,12.0,12.0,0.0351,0.1889,3.0,0.25,7.0,0.5833,2.9756,5.5,2.0,0.1667,2.0,0.1667,1.0,0.0833,0.0,0.0,1.0,0.0,0.0,1.0,1.0,9.0,8.0,236.0,7.0,6.0,,,,30.0,24.0,,,,6.5,1.0,,27.0,6.0,,Co-Ed,,0.54,0.53509,155.0,5.0,-3.0,0.55,168.0,5.0,-3.0,0.0702,0.1899,0.36562,0.70119,7.0,0.5833,5.0,1.0,0.0,1.0
5.0,Joey & Meghan,TARUS22,4.7,4.7,229.0,7.0,-2.0,5.0,230.0,8.0,-3.0,10.0,10.0,-0.067,0.1031,0.0,0.0,1.0,0.1,1.1,0.75,1.0,0.1,1.0,0.1,0.0,0.0,0.0,2.0,1.0,0.0,0.0,5.0,2.0,6.0,4.0,239.0,6.0,5.0,,,,21.0,25.0,,,,5.5,1.0,,23.0,4.0,,Co-Ed,,0.42,0.42357,259.0,6.0,-1.0,0.5,183.0,6.0,-1.0,-0.1529,-0.0581,0.21108,0.20238,6.0,0.6,4.0,0.75,0.0,0.75
6.0,Chuck & Wynona,TARUS22,6.13,6.125,323.0,9.0,-3.0,6.5,326.0,9.0,-3.0,8.0,8.0,-0.3917,-0.1698,0.0,0.0,1.0,0.125,1.89984,2.5,0.0,0.0,2.0,0.25,1.0,0.125,0.0,1.0,0.0,0.0,0.0,7.0,3.0,9.0,6.0,240.0,5.0,4.0,,,,46.0,49.0,,,,4.5,1.0,,47.5,3.0,,Co-Ed,,0.3,0.29876,341.0,9.0,-3.0,0.27143,335.0,9.0,-3.0,-0.4025,-0.3356,0.24624,0.42014,3.0,0.375,5.0,0.66667,0.0,0.66667
9.0,Jessica & John,TARUS22,3.75,3.75,143.0,3.0,6.0,2.5,59.0,3.0,6.0,4.0,4.0,0.1486,0.2844,1.0,0.25,3.0,0.75,3.11247,2.75,1.0,0.25,0.0,0.0,0.0,0.0,0.0,0.0,0.0,0.0,0.0,,1.0,9.0,8.0,243.0,2.0,3.0,,,,26.0,27.0,,,,2.5,1.0,,26.5,1.0,,Co-Ed,,0.66,0.66319,56.0,3.0,6.0,0.82639,34.0,2.0,7.0,0.3264,0.4747,0.39091,0.32292,3.0,0.75,1.0,1.0,0.0,1.0
1.0,Jason & Amy,TARUS23,2.92,2.91667,63.0,2.0,-1.0,2.0,12.0,1.0,0.0,12.0,12.0,0.3223,0.4459,2.0,0.1667,9.0,0.75,1.9773,1.5,6.0,0.5,0.0,0.0,0.0,0.0,0.0,0.0,0.0,0.0,0.0,2.0,1.0,8.0,7.0,246.0,6.0,7.0,,,,33.0,29.0,,,,6.5,1.0,,31.0,4.0,,Co-Ed,,0.71,0.71207,30.0,1.0,0.0,0.8,38.0,1.0,0.0,0.4241,0.6347,0.22998,0.31994,10.0,0.8333,2.0,1.0,0.3,0.7
2.0,Tim & Marie,TARUS23,3.42,3.41667,115.0,3.0,-1.0,2.5,59.0,2.0,0.0,12.0,12.0,0.2062,0.351,3.0,0.25,7.0,0.5833,2.39647,2.5,3.0,0.25,1.0,0.0833,0.0,0.0,0.0,0.0,1.0,0.0,0.0,1.0,1.0,8.0,7.0,247.0,6.0,7.0,,,,32.0,29.0,,,,6.5,1.0,,30.5,3.0,,Co-Ed,,0.6,0.59937,110.0,3.0,-1.0,0.55,168.0,4.0,-2.0,0.1987,0.376,0.28353,0.39107,8.0,0.6667,4.0,1.0,0.125,0.875
3.0,Nicole & Travis,TARUS23,2.58,2.58333,36.0,1.0,2.0,3.0,82.0,3.0,0.0,12.0,12.0,0.4012,0.5104,3.0,0.25,10.0,0.8333,1.03749,1.25,1.0,0.0833,3.0,0.25,0.0,0.0,0.0,0.0,1.0,0.0,0.0,3.0,1.0,4.0,3.0,248.0,7.0,6.0,,,,39.0,43.0,,,,6.5,1.0,,41.0,4.0,,Co-Ed,,0.63,0.62599,88.0,2.0,1.0,0.69048,83.0,3.0,0.0,0.252,0.4371,0.31848,0.59167,8.0,0.6667,4.0,1.0,0.0,1.0
11.0,Hoskote & Naina,TARUS23,11.0,11.0,426.0,11.0,0.0,11.0,425.0,11.0,0.0,1.0,1.0,-1.553,-1.0873,0.0,0.0,0.0,0.0,0.0,0.0,0.0,0.0,0.0,0.0,0.0,0.0,0.0,0.0,0.0,0.0,0.0,,11.0,11.0,0.0,256.0,1.0,1.0,,,,27.0,60.0,,,,1.0,0.0,,43.5,33.0,,Co-Ed,,0.0,0.0,420.0,11.0,0.0,0.0,416.0,11.0,0.0,-1.0,-1.0,0.0,0.0,0.0,0.0,1.0,0.0,0.0,0.0
3.0,Brendon & Rachel,TARUS24,3.75,3.75,143.0,4.0,-1.0,3.0,82.0,3.0,0.0,12.0,12.0,0.1378,0.3351,3.0,0.25,7.0,0.5833,2.55359,3.75,2.0,0.1667,4.0,0.3333,1.0,0.0833,0.0,0.0,1.0,0.0,0.0,1.0,1.0,8.0,7.0,259.0,7.0,6.0,,,,33.0,29.0,,,,6.5,1.0,,31.0,4.0,,Co-Ed,,0.49,0.48621,202.0,4.0,-1.0,0.33333,291.0,6.0,-3.0,-0.0276,0.2184,0.39332,0.78661,5.0,0.4167,7.0,1.0,0.0,1.0
7.0,Jessica & John,TARUS24,6.14,6.14286,325.0,8.0,-1.0,7.0,338.0,8.0,-1.0,7.0,7.0,-0.4117,-0.0887,0.0,0.0,1.0,0.1429,1.72615,2.5,0.0,0.0,0.0,0.0,0.0,0.0,0.0,0.0,0.0,0.0,0.0,8.0,3.0,8.0,5.0,263.0,3.0,4.0,,,,27.0,28.0,,,,3.5,1.0,,27.5,1.0,,Co-Ed,,0.33,0.328,320.0,7.0,0.0,0.3,308.0,7.0,0.0,-0.344,-0.178,0.19293,0.19246,1.0,0.1429,6.0,0.66667,0.0,0.66667
8.0,Margie & Luke,TARUS24,5.0,5.0,251.0,6.0,2.0,4.0,160.0,5.0,3.0,5.0,5.0,-0.1496,0.1135,0.0,0.0,1.0,0.2,2.19089,3.0,1.0,0.2,1.0,0.2,0.0,0.0,0.0,0.0,0.0,0.0,0.0,4.0,2.0,8.0,6.0,264.0,2.0,2.0,,,,56.0,28.0,,,,2.0,0.0,,42.0,28.0,,Co-Ed,,0.47,0.47135,219.0,5.0,3.0,0.625,123.0,3.0,5.0,-0.0573,0.1812,0.34068,0.55714,3.0,0.6,2.0,0.88889,0.0,0.88889
9.0,Joey & Meghan,TARUS24,9.33,9.33333,405.0,10.0,-1.0,9.0,391.0,10.0,-1.0,3.0,3.0,-1.1451,-0.6543,0.0,0.0,0.0,0.0,0.4714,0.5,0.0,0.0,2.0,0.6667,0.0,0.0,0.0,0.0,0.0,0.0,0.0,9.0,9.0,10.0,1.0,265.0,2.0,1.0,,,,22.0,26.0,,,,1.5,1.0,,24.0,4.0,,Co-Ed,,0.07,0.07037,413.0,10.0,-1.0,0.1,401.0,10.0,-1.0,-0.8593,-0.8237,0.04997,0.05556,0.0,0.0,3.0,0.11111,0.0,0.11111
10.0,Mark & Mallory,TARUS24,8.0,8.0,386.0,9.0,1.0,8.0,375.0,9.0,1.0,2.0,2.0,-0.8393,-0.4184,0.0,0.0,0.0,0.0,2.0,2.0,0.0,0.0,0.0,0.0,0.0,0.0,0.0,0.0,0.0,0.0,0.0,,6.0,10.0,4.0,266.0,1.0,1.0,,,,47.0,28.0,,,,1.0,0.0,,37.5,19.0,,Co-Ed,,0.25,0.25,366.0,9.0,1.0,0.25,340.0,9.0,1.0,-0.5,-0.3735,0.25,0.25,1.0,0.5,1.0,0.5,0.0,0.5
2.0,Misti & Jim,TARUS25,2.58,2.58333,36.0,1.0,1.0,2.0,12.0,1.0,1.0,12.0,12.0,0.4007,0.5385,5.0,0.4167,10.0,0.8333,2.13925,2.0,3.0,0.25,1.0,0.0833,1.0,0.0833,0.0,0.0,0.0,0.0,0.0,1.0,1.0,8.0,7.0,269.0,5.0,5.0,,,,36.0,37.0,,,,5.0,0.0,,36.5,1.0,,Co-Ed,,0.71,0.70622,32.0,1.0,1.0,0.84444,25.0,1.0,1.0,0.4124,0.7468,0.33322,0.54167,9.0,0.75,3.0,1.0,0.0,1.0
3.0,Adam & Bethany,TARUS25,2.83,2.83333,51.0,2.0,1.0,2.0,12.0,1.0,2.0,12.0,12.0,0.3426,0.4937,3.0,0.25,9.0,0.75,1.81812,1.75,4.0,0.3333,3.0,0.25,0.0,0.0,1.0,0.0,0.0,0.0,0.0,2.0,1.0,7.0,6.0,270.0,5.0,4.0,,,,26.0,24.0,,,,4.5,1.0,,25.0,2.0,,Co-Ed,,0.65,0.65347,62.0,3.0,0.0,0.75,58.0,3.0,0.0,0.3069,0.6163,0.31058,0.57292,8.0,0.6667,4.0,1.0,0.14286,0.85714
4.0,Brooke & Robbie,TARUS25,4.08,4.08333,170.0,4.0,0.0,4.0,160.0,4.0,0.0,12.0,12.0,0.0522,0.2701,1.0,0.0833,3.0,0.25,1.65622,1.5,2.0,0.1667,1.0,0.0833,1.0,0.0833,0.0,0.0,0.0,0.0,0.0,4.0,1.0,7.0,6.0,271.0,4.0,4.0,,,,29.0,30.0,,,,4.0,0.0,,29.5,1.0,,Co-Ed,,0.45,0.44812,236.0,5.0,-1.0,0.3875,260.0,7.0,-3.0,-0.1038,0.1084,0.30605,0.4125,4.0,0.3333,8.0,1.0,0.0,1.0
8.0,Keith & Whitney,TARUS25,5.4,5.4,286.0,7.0,1.0,4.0,160.0,4.0,4.0,5.0,5.0,-0.2544,0.034,0.0,0.0,2.0,0.4,2.57682,5.0,0.0,0.0,0.0,0.0,0.0,0.0,0.0,1.0,0.0,0.0,0.0,3.0,3.0,9.0,6.0,275.0,2.0,1.0,,,,29.0,29.0,,,,1.5,1.0,,29.0,0.0,,Co-Ed,,0.47,0.46619,223.0,4.0,4.0,0.66667,94.0,4.0,4.0,-0.0676,0.1531,0.30675,0.51429,3.0,0.6,2.0,0.75,0.0,0.75
10.0,Dennis & Isabelle,TARUS25,8.5,8.5,390.0,10.0,0.0,8.5,387.0,9.0,1.0,2.0,2.0,-0.9745,-0.5206,0.0,0.0,0.0,0.0,1.5,1.5,0.0,0.0,0.0,0.0,0.0,0.0,0.0,0.0,0.0,0.0,0.0,,7.0,10.0,3.0,277.0,1.0,0.0,,,,30.0,28.0,,,,0.5,1.0,,29.0,2.0,,Co-Ed,,0.2,0.2,383.0,10.0,0.0,0.2,363.0,9.0,1.0,-0.6,-0.5053,0.2,0.2,0.0,0.0,2.0,0.4,0.0,0.4
1.0,Laura & Tyler,TARUS26,3.08,3.08333,75.0,1.0,0.0,3.0,82.0,2.0,-1.0,12.0,12.0,0.295,0.447,3.0,0.25,7.0,0.5833,1.70579,2.25,2.0,0.1667,3.0,0.25,0.0,0.0,0.0,0.0,1.0,0.0,0.0,4.0,1.0,6.0,5.0,279.0,5.0,6.0,,,,29.0,26.0,,,,5.5,1.0,,27.5,3.0,,Co-Ed,,0.65,0.64788,71.0,2.0,-1.0,0.7125,77.0,2.0,-1.0,0.2958,0.5819,0.3024,0.59524,8.0,0.6667,4.0,1.0,0.16667,0.83333
2.0,Jelani & Jenny,TARUS26,3.17,3.16667,86.0,2.0,0.0,3.0,82.0,2.0,0.0,12.0,12.0,0.2744,0.4309,2.0,0.1667,7.0,0.5833,1.67498,2.0,3.0,0.25,0.0,0.0,0.0,0.0,0.0,1.0,0.0,0.0,0.0,4.0,1.0,7.0,6.0,280.0,6.0,5.0,,,,32.0,32.0,,,,5.5,1.0,,32.0,0.0,,Co-Ed,,0.61,0.60734,103.0,3.0,-1.0,0.61905,129.0,4.0,-2.0,0.2147,0.4829,0.23411,0.35,8.0,0.6667,4.0,1.0,0.25,0.75
3.0,Hayley & Blair,TARUS26,3.33,3.33333,105.0,3.0,0.0,2.5,59.0,1.0,2.0,12.0,12.0,0.2378,0.4022,3.0,0.25,9.0,0.75,2.56038,1.75,3.0,0.25,1.0,0.0833,0.0,0.0,0.0,0.0,0.0,0.0,0.0,2.0,1.0,9.0,8.0,281.0,5.0,6.0,,,,28.0,31.0,,,,5.5,1.0,,29.5,3.0,,Co-Ed,,0.66,0.65608,60.0,1.0,2.0,0.675,91.0,3.0,0.0,0.3122,0.6019,0.29517,0.50149,8.0,0.6667,4.0,1.0,0.11111,0.88889
4.0,Mike & Rochelle,TARUS26,4.75,4.75,231.0,5.0,-1.0,4.5,214.0,5.0,-1.0,12.0,12.0,-0.0872,0.1472,1.0,0.0833,3.0,0.25,1.92029,2.5,0.0,0.0,4.0,0.3333,1.0,0.0833,0.0,0.0,1.0,0.0,0.0,4.0,1.0,8.0,7.0,282.0,6.0,4.0,,,,26.0,29.0,,,,5.0,2.0,,27.5,3.0,,Co-Ed,,0.33,0.32973,317.0,8.0,-4.0,0.23611,352.0,9.0,-5.0,-0.3405,-0.1949,0.27427,0.23929,3.0,0.25,9.0,1.0,0.0,1.0
5.0,Matt & Ashley,TARUS26,4.9,4.9,247.0,6.0,-1.0,5.0,230.0,6.0,-1.0,10.0,10.0,-0.1215,0.1203,1.0,0.1,3.0,0.3,2.54755,4.25,2.0,0.2,1.0,0.1,1.0,0.1,0.0,0.0,1.0,0.0,0.0,2.0,1.0,9.0,8.0,283.0,5.0,3.0,,,,30.0,28.0,,,,4.0,2.0,,29.0,2.0,,Co-Ed,,0.42,0.41905,261.0,7.0,-2.0,0.35417,279.0,7.0,-2.0,-0.1619,0.0231,0.34294,0.58125,4.0,0.4,6.0,1.0,0.0,1.0
6.0,Aly & Steve,TARUS26,3.75,3.75,143.0,4.0,2.0,3.5,150.0,4.0,2.0,8.0,8.0,0.1417,0.3268,1.0,0.125,4.0,0.5,1.71391,2.5,1.0,0.125,0.0,0.0,1.0,0.125,0.0,1.0,0.0,0.0,0.0,3.0,1.0,6.0,5.0,284.0,3.0,3.0,,,,24.0,31.0,,,,3.0,0.0,,27.5,7.0,,Co-Ed,,0.57,0.57014,125.0,4.0,2.0,0.725,72.0,1.0,5.0,0.1403,0.392,0.3538,0.41667,6.0,0.75,2.0,1.0,0.0,1.0
7.0,Jeff & Jackie,TARUS26,5.17,5.16667,263.0,7.0,0.0,5.5,278.0,7.0,0.0,6.0,6.0,-0.1833,0.0718,0.0,0.0,2.0,0.3333,2.11476,3.25,1.0,0.1667,1.0,0.1667,0.0,0.0,0.0,0.0,0.0,0.0,0.0,,2.0,8.0,6.0,285.0,2.0,2.0,,,,26.0,27.0,,,,2.0,0.0,,26.5,1.0,,Co-Ed,,0.45,0.44729,237.0,6.0,1.0,0.47222,217.0,6.0,1.0,-0.1054,0.0921,0.3117,0.45585,3.0,0.5,3.0,0.9,0.0,0.9
10.0,Libby & CJ,TARUS26,10.0,10.0,412.0,10.0,0.0,10.0,409.0,10.0,0.0,2.0,2.0,-1.2888,-0.7953,0.0,0.0,0.0,0.0,0.0,0.0,0.0,0.0,1.0,0.5,0.0,0.0,0.0,0.0,0.0,0.0,0.0,10.0,10.0,10.0,0.0,288.0,1.0,0.0,,,,25.0,26.0,,,,0.5,1.0,,25.5,1.0,,Co-Ed,,0.05,0.05,414.0,10.0,0.0,0.05,412.0,10.0,0.0,-0.9,-0.8779,0.05,0.05,0.0,0.0,2.0,0.1,0.0,0.1
11.0,Jeff & Lyda,TARUS26,11.0,11.0,426.0,11.0,0.0,11.0,425.0,11.0,0.0,1.0,1.0,-1.5177,-0.9749,0.0,0.0,0.0,0.0,0.0,0.0,0.0,0.0,0.0,0.0,0.0,0.0,0.0,1.0,0.0,0.0,0.0,,11.0,11.0,0.0,289.0,0.0,0.0,,,,49.0,57.0,,,,0.0,0.0,,53.0,8.0,,Co-Ed,,0.0,0.0,420.0,11.0,0.0,0.0,416.0,11.0,0.0,-1.0,-1.0,0.0,0.0,0.0,0.0,1.0,0.0,0.0,0.0
1.0,Kelsey & Joey,TARUS27,3.33,3.33333,105.0,3.0,-2.0,2.5,59.0,2.0,-1.0,12.0,12.0,0.2378,0.4022,1.0,0.0833,8.0,0.6667,2.0548,2.0,5.0,0.4167,0.0,0.0,0.0,0.0,0.0,0.0,1.0,0.0,0.0,2.0,1.0,8.0,7.0,290.0,6.0,6.0,,,,25.0,26.0,,,,6.0,0.0,,25.5,1.0,,Co-Ed,,0.67,0.67024,51.0,2.0,-1.0,0.70833,78.0,3.0,-1.0,0.3405,0.6526,0.19405,0.22857,10.0,0.8333,2.0,1.0,0.3,0.7
2.0,Justin & Diana,TARUS27,2.08,2.08333,9.0,1.0,1.0,1.0,1.0,1.0,1.0,12.0,12.0,0.5239,0.6266,7.0,0.5833,11.0,0.9167,2.17786,1.0,3.0,0.25,1.0,0.0833,0.0,0.0,0.0,0.0,1.0,0.0,0.0,1.0,1.0,9.0,8.0,291.0,6.0,6.0,,,,39.0,30.0,,,,6.0,0.0,,34.5,9.0,,Co-Ed,,0.81,0.81379,7.0,1.0,1.0,1.0,1.0,1.0,1.0,0.6276,1.0065,0.28201,0.23214,10.0,0.8333,2.0,1.0,0.2,0.8
3.0,Logan & Chris,TARUS27,4.33,4.33333,195.0,5.0,-2.0,4.5,214.0,4.0,-1.0,12.0,12.0,0.0089,0.2226,1.0,0.0833,3.0,0.25,1.43372,1.5,0.0,0.0,2.0,0.1667,0.0,0.0,0.0,1.0,0.0,0.0,0.0,5.0,1.0,6.0,5.0,292.0,6.0,6.0,,,,36.0,46.0,,,,6.0,0.0,,41.0,10.0,,Co-Ed,,0.42,0.42401,258.0,5.0,-2.0,0.36667,274.0,6.0,-3.0,-0.152,0.0455,0.25523,0.32321,5.0,0.4167,7.0,1.0,0.0,1.0
5.0,Denise & James Earl,TARUS27,4.3,4.3,192.0,4.0,1.0,4.5,214.0,4.0,1.0,10.0,10.0,0.0158,0.228,1.0,0.1,4.0,0.4,1.73494,2.75,0.0,0.0,2.0,0.2,1.0,0.1,0.0,0.0,0.0,0.0,0.0,3.0,1.0,7.0,6.0,294.0,4.0,6.0,,,,51.0,26.0,,,,5.0,2.0,,38.5,25.0,,Co-Ed,,0.45,0.45337,229.0,4.0,1.0,0.4875,214.0,4.0,1.0,-0.0933,0.1179,0.33438,0.53571,5.0,0.5,5.0,1.0,0.0,1.0
7.0,Cindy & Rick,TARUS27,5.57,5.57143,294.0,7.0,0.0,5.0,230.0,6.0,1.0,7.0,7.0,-0.2749,0.0,0.0,0.0,1.0,0.1429,1.39971,2.0,0.0,0.0,1.0,0.1429,0.0,0.0,0.0,0.0,0.0,0.0,0.0,5.0,3.0,7.0,4.0,296.0,3.0,5.0,,,,36.0,38.0,,,,4.0,2.0,,37.0,2.0,,Co-Ed,,0.36,0.35862,297.0,7.0,0.0,0.33333,291.0,7.0,0.0,-0.2828,-0.1158,0.24672,0.29563,2.0,0.2857,5.0,0.8,0.0,0.8
11.0,Kelly & Shevonne,TARUS27,11.0,11.0,426.0,11.0,0.0,11.0,425.0,11.0,0.0,1.0,1.0,-1.5177,-0.9749,0.0,0.0,0.0,0.0,0.0,0.0,0.0,0.0,0.0,0.0,0.0,0.0,0.0,0.0,0.0,0.0,0.0,,11.0,11.0,0.0,300.0,0.0,0.0,,,,31.0,37.0,,,,0.0,0.0,,34.0,6.0,,Co-Ed,,0.0,0.0,420.0,11.0,0.0,0.0,416.0,11.0,0.0,-1.0,-1.0,0.0,0.0,0.0,0.0,1.0,0.0,0.0,0.0
1.0,Dana & Matt,TARUS28,3.17,3.16667,86.0,3.0,-2.0,3.5,150.0,4.0,-3.0,12.0,12.0,0.3053,0.4268,2.0,0.1667,6.0,0.5,1.21335,1.25,1.0,0.0833,1.0,0.0833,0.0,0.0,0.0,0.0,0.0,0.0,0.0,4.0,1.0,5.0,4.0,301.0,7.0,7.0,,,,29.0,30.0,,,,7.0,0.0,,29.5,1.0,,Co-Ed,,0.63,0.63313,83.0,4.0,-3.0,0.66667,94.0,4.0,-3.0,0.2663,0.4747,0.22198,0.22321,10.0,0.8333,2.0,1.0,0.2,0.8
2.0,Sheri & Cole,TARUS28,5.58,5.58333,295.0,6.0,-4.0,6.0,291.0,6.0,-4.0,12.0,12.0,-0.2228,-0.009,0.0,0.0,3.0,0.25,2.09993,3.25,1.0,0.0833,3.0,0.25,2.0,0.1667,0.0,0.0,1.0,0.0,0.0,7.0,2.0,9.0,7.0,302.0,7.0,7.0,,,,45.0,19.0,,,,7.0,0.0,,32.0,26.0,,Co-Ed,,0.28,0.2795,350.0,8.0,-6.0,0.275,333.0,8.0,-6.0,-0.441,-0.349,0.17506,0.1754,2.0,0.1667,10.0,0.6,0.0,0.6
4.0,Burnie & Ashley,TARUS28,3.27,3.27273,99.0,4.0,0.0,3.0,82.0,3.0,1.0,11.0,11.0,0.2834,0.4087,0.0,0.0,7.0,0.6364,1.48268,2.0,5.0,0.4545,0.0,0.0,0.0,0.0,0.0,0.0,0.0,0.0,0.0,2.0,2.0,6.0,4.0,304.0,6.0,6.0,,,,42.0,33.0,,,,6.0,0.0,,37.5,9.0,,Co-Ed,,0.64,0.63683,79.0,3.0,1.0,0.77778,47.0,3.0,1.0,0.2737,0.4833,0.25893,0.2375,9.0,0.8182,2.0,0.83333,0.0,0.83333
6.0,Zach & Rachel,TARUS28,4.67,4.66667,223.0,5.0,1.0,5.0,230.0,5.0,1.0,9.0,9.0,-0.0234,0.1555,1.0,0.1111,3.0,0.3333,2.16025,3.0,0.0,0.0,1.0,0.1111,0.0,0.0,0.0,0.0,0.0,0.0,0.0,3.0,1.0,9.0,8.0,306.0,6.0,4.0,,,,25.0,25.0,,,,5.0,2.0,,25.0,0.0,,Co-Ed,,0.49,0.48959,200.0,5.0,1.0,0.5,183.0,5.0,1.0,-0.0208,0.1404,0.29498,0.26667,5.0,0.5556,4.0,1.0,0.0,1.0
7.0,Scott & Blair,TARUS28,7.43,7.42857,379.0,9.0,-2.0,8.0,375.0,9.0,-2.0,7.0,7.0,-0.6282,-0.3436,0.0,0.0,0.0,0.0,2.19461,2.5,0.0,0.0,1.0,0.1429,1.0,0.1429,0.0,0.0,0.0,0.0,0.0,8.0,4.0,11.0,7.0,307.0,4.0,3.0,,,,58.0,22.0,,,,3.5,1.0,,40.0,36.0,,Co-Ed,,0.21,0.20743,381.0,10.0,-3.0,0.2,363.0,9.0,-2.0,-0.5851,-0.5168,0.18573,0.21528,1.0,0.1429,6.0,0.57143,0.0,0.57143
1.0,Brooke & Scott,TARUS29,4.08,4.08333,170.0,4.0,-3.0,4.0,160.0,4.0,-3.0,12.0,12.0,0.0449,0.2514,2.0,0.1667,4.0,0.3333,1.9347,3.25,1.0,0.0833,3.0,0.25,0.0,0.0,0.0,0.0,1.0,0.0,0.0,4.0,1.0,7.0,6.0,312.0,5.0,6.0,,,,36.0,34.0,,,,5.5,1.0,,35.0,2.0,,Co-Ed,,0.51,0.51353,178.0,5.0,-4.0,0.42222,239.0,6.0,-5.0,0.0271,0.2358,0.28401,0.4,5.0,0.4167,7.0,1.0,0.14286,0.85714
2.0,Tara & Joey,TARUS29,3.08,3.08333,75.0,2.0,0.0,3.0,82.0,3.0,-1.0,12.0,12.0,0.279,0.4349,3.0,0.25,9.0,0.75,1.89113,1.75,2.0,0.1667,1.0,0.0833,1.0,0.0833,0.0,0.0,2.0,0.0,0.0,3.0,1.0,7.0,6.0,313.0,5.0,6.0,,,,38.0,46.0,,,,5.5,1.0,,42.0,8.0,,Co-Ed,,0.61,0.60903,102.0,3.0,-1.0,0.55,168.0,4.0,-2.0,0.2181,0.4656,0.30157,0.44792,9.0,0.75,3.0,1.0,0.0,1.0
3.0,London & Logan,TARUS29,4.83,4.83333,240.0,7.0,-4.0,5.0,230.0,6.0,-3.0,12.0,12.0,-0.1307,0.1138,0.0,0.0,3.0,0.25,1.77169,1.5,1.0,0.0833,3.0,0.25,0.0,0.0,0.0,0.0,0.0,0.0,0.0,5.0,2.0,8.0,6.0,314.0,6.0,5.0,,,,27.0,27.0,,,,5.5,1.0,,27.0,0.0,,Co-Ed,,0.33,0.33062,316.0,8.0,-5.0,0.31667,305.0,7.0,-4.0,-0.3388,-0.2044,0.17252,0.22976,3.0,0.25,9.0,0.66667,0.0,0.66667
5.0,Becca & Floyd,TARUS29,3.4,3.4,112.0,3.0,2.0,2.5,59.0,2.0,3.0,10.0,10.0,0.204,0.3761,2.0,0.2,6.0,0.6,2.15407,3.0,3.0,0.3,2.0,0.2,0.0,0.0,1.0,1.0,0.0,0.0,0.0,2.0,1.0,8.0,7.0,316.0,4.0,4.0,,,,26.0,21.0,,,,4.0,0.0,,23.5,5.0,,Co-Ed,,0.61,0.61044,100.0,2.0,3.0,0.73333,70.0,2.0,3.0,0.2209,0.469,0.35596,0.6004,7.0,0.7,3.0,1.0,0.0,1.0
6.0,Liz & Michael,TARUS29,4.75,4.75,231.0,6.0,0.0,5.0,230.0,6.0,0.0,8.0,8.0,-0.112,0.1284,2.0,0.25,3.0,0.375,2.90474,3.75,0.0,0.0,1.0,0.125,2.0,0.25,0.0,1.0,1.0,0.0,0.0,1.0,1.0,10.0,9.0,317.0,4.0,3.0,,,,24.0,37.0,,,,3.5,1.0,,30.5,13.0,,Co-Ed,,0.41,0.41429,264.0,7.0,-1.0,0.3,308.0,8.0,-2.0,-0.1714,-0.003,0.4179,0.78571,4.0,0.5,4.0,1.0,0.0,1.0
7.0,Vanck & Ashton,TARUS29,4.83,4.83333,240.0,7.0,0.0,5.0,230.0,6.0,1.0,6.0,6.0,-0.1307,0.1138,0.0,0.0,2.0,0.3333,1.95078,3.5,1.0,0.1667,0.0,0.0,0.0,0.0,0.0,1.0,1.0,0.0,0.0,7.0,2.0,7.0,5.0,318.0,3.0,2.0,,,,28.0,25.0,,,,2.5,1.0,,26.5,3.0,,Co-Ed,,0.47,0.47077,220.0,6.0,1.0,0.45,222.0,5.0,2.0,-0.0585,0.1329,0.29284,0.37321,3.0,0.5,3.0,0.88889,0.0,0.88889
8.0,Shamir & Sara,TARUS29,7.25,7.25,371.0,9.0,-1.0,7.5,370.0,9.0,-1.0,4.0,4.0,-0.6973,-0.3303,0.0,0.0,0.0,0.0,1.47902,1.75,0.0,0.0,1.0,0.25,0.0,0.0,0.0,0.0,0.0,0.0,0.0,,5.0,9.0,4.0,319.0,2.0,1.0,,,,28.0,27.0,,,,1.5,1.0,,27.5,1.0,,Co-Ed,,0.24,0.24028,371.0,9.0,-1.0,0.18056,376.0,9.0,-1.0,-0.5194,-0.4218,0.22578,0.25417,1.0,0.25,3.0,0.6,0.0,0.6
9.0,Seth & Olive,TARUS29,4.67,4.66667,223.0,5.0,4.0,4.0,160.0,4.0,5.0,3.0,3.0,-0.0933,0.1431,1.0,0.3333,1.0,0.3333,3.29983,4.0,0.0,0.0,0.0,0.0,0.0,0.0,0.0,1.0,0.0,0.0,0.0,,1.0,9.0,8.0,320.0,1.0,1.0,,,,37.0,24.0,,,,1.0,0.0,,30.5,13.0,,Co-Ed,,0.56,0.55556,142.0,4.0,5.0,0.66667,94.0,3.0,6.0,0.1111,0.337,0.41574,0.5,2.0,0.6667,1.0,1.0,0.0,1.0
11.0,Kevin & Jenn,TARUS29,11.0,11.0,426.0,11.0,0.0,11.0,425.0,11.0,0.0,1.0,1.0,-1.5751,-1.0183,0.0,0.0,0.0,0.0,0.0,0.0,0.0,0.0,0.0,0.0,0.0,0.0,0.0,0.0,0.0,0.0,0.0,,11.0,11.0,0.0,322.0,0.0,0.0,,,,25.0,31.0,,,,0.0,0.0,,28.0,6.0,,Co-Ed,,0.0,0.0,420.0,11.0,0.0,0.0,416.0,11.0,0.0,-1.0,-1.0,0.0,0.0,0.0,0.0,1.0,0.0,0.0,0.0
1.0,Cody & Jessica,TARUS30,3.27,3.27273,99.0,3.0,-2.0,2.0,12.0,1.0,0.0,11.0,12.0,0.2626,0.4293,2.0,0.1818,6.0,0.5455,1.86308,3.0,4.0,0.3636,3.0,0.2727,1.0,0.0909,0.0,1.0,1.0,0.0,0.0,2.0,1.0,6.0,5.0,323.0,6.0,3.0,,,,33.0,28.0,,,,4.5,3.0,,30.5,5.0,,Co-Ed,,0.59,0.59188,118.0,3.0,-2.0,0.66667,94.0,2.0,-2.0,0.1838,0.489,0.3123,0.61964,7.0,0.6364,4.0,1.0,0.16667,0.83333
2.0,Henry & Evan,TARUS30,3.55,3.54545,128.0,4.0,-2.0,3.0,82.0,1.0,1.0,11.0,12.0,0.1994,0.3805,2.0,0.1818,6.0,0.5455,1.97086,1.5,1.0,0.0909,0.0,0.0,1.0,0.0909,0.0,1.0,0.0,0.0,0.0,3.0,1.0,8.0,7.0,324.0,4.0,5.0,,,,22.0,22.0,,,,4.5,1.0,,22.0,0.0,,Co-Ed,,0.55,0.54867,148.0,4.0,-2.0,0.5,183.0,5.0,-3.0,0.0973,0.3803,0.29382,0.34583,7.0,0.6364,4.0,1.0,0.0,1.0
5.0,Lucas & Brittany,TARUS30,5.13,5.125,260.0,5.0,0.0,5.5,278.0,6.0,-1.0,8.0,9.0,-0.1569,0.1047,2.0,0.25,2.0,0.25,2.61904,3.25,0.0,0.0,2.0,0.25,0.0,0.0,0.0,0.0,1.0,0.0,0.0,8.0,1.0,8.0,7.0,327.0,3.0,3.0,,,,35.0,31.0,,,,3.0,0.0,,33.0,4.0,,Co-Ed,,0.43,0.42847,254.0,6.0,-1.0,0.36667,274.0,7.0,-1.0,-0.1431,0.0779,0.35902,0.45833,2.0,0.25,6.0,1.0,0.0,1.0
1.0,Colin & Christie,TARUS31,2.42,2.41667,29.0,1.0,0.0,2.5,59.0,2.0,-1.0,12.0,12.0,0.4615,0.5806,3.0,0.25,10.0,0.8333,1.03749,1.25,3.0,0.25,1.0,0.0833,0.0,0.0,0.0,1.0,0.0,0.0,0.0,3.0,1.0,4.0,3.0,334.0,6.0,6.0,,,,38.0,40.0,,,,6.0,0.0,,39.0,2.0,,Co-Ed,,0.76,0.76012,17.0,1.0,0.0,0.79167,44.0,1.0,0.0,0.5202,0.9255,0.21183,0.25833,10.0,0.8333,2.0,1.0,0.33333,0.66667
4.0,Nicole & Victor,TARUS31,3.82,3.81818,151.0,3.0,1.0,4.0,160.0,3.0,1.0,11.0,11.0,0.15,0.338,0.0,0.0,5.0,0.4545,1.69589,3.0,4.0,0.3636,1.0,0.0909,1.0,0.0909,0.0,1.0,1.0,0.0,0.0,2.0,2.0,7.0,5.0,337.0,5.0,6.0,,,,25.0,27.0,,,,5.5,1.0,,26.0,2.0,,Co-Ed,,0.52,0.51501,176.0,4.0,0.0,0.5,183.0,4.0,0.0,0.03,0.3046,0.32492,0.54583,6.0,0.5455,5.0,0.88889,0.0,0.88889
5.0,Becca & Floyd,TARUS31,4.0,4.0,161.0,4.0,1.0,4.0,160.0,3.0,2.0,10.0,10.0,0.11,0.3068,2.0,0.2,4.0,0.4,2.19089,2.0,0.0,0.0,1.0,0.1,0.0,0.0,0.0,2.0,1.0,0.0,0.0,5.0,1.0,9.0,8.0,338.0,5.0,5.0,,,,28.0,23.0,,,,5.0,0.0,,25.5,5.0,,Co-Ed,,0.55,0.55313,144.0,3.0,2.0,0.6,135.0,3.0,2.0,0.1063,0.4012,0.30684,0.20982,7.0,0.7,3.0,1.0,0.0,1.0
10.0,Rupert & Laura,TARUS31,10.0,10.0,412.0,10.0,0.0,10.0,409.0,10.0,0.0,2.0,2.0,-1.2251,-0.7331,0.0,0.0,0.0,0.0,0.0,0.0,0.0,0.0,1.0,0.5,0.0,0.0,0.0,0.0,0.0,0.0,0.0,10.0,10.0,10.0,0.0,343.0,2.0,1.0,,,,54.0,49.0,,,,1.5,1.0,,51.5,5.0,,Co-Ed,,0.05,0.05,414.0,10.0,0.0,0.05,412.0,10.0,0.0,-0.9,-0.8733,0.05,0.05,0.0,0.0,2.0,0.1,0.0,0.1
2.0,Hung & Chee,TARUS32,2.83,2.83333,51.0,3.0,-1.0,3.0,82.0,3.0,-1.0,12.0,11.0,0.3523,0.5009,2.0,0.1667,9.0,0.75,1.34371,1.25,3.0,0.25,1.0,0.0833,0.0,0.0,0.0,0.0,0.0,0.0,0.0,3.0,1.0,6.0,5.0,346.0,5.0,6.0,,,,39.0,38.0,,,,5.5,1.0,,38.5,1.0,,Co-Ed,,0.62,0.62371,89.0,3.0,-1.0,0.58333,150.0,3.0,-1.0,0.2474,0.5768,0.24728,0.46161,8.0,0.6667,4.0,1.0,0.28571,0.71429
5.0,Eswar & Aparna,TARUS32,5.4,5.4,286.0,6.0,-1.0,5.0,230.0,5.0,0.0,10.0,9.0,-0.236,0.0476,0.0,0.0,0.0,0.0,0.8,1.0,0.0,0.0,3.0,0.3,0.0,0.0,0.0,1.0,0.0,0.0,0.0,5.0,4.0,7.0,3.0,349.0,5.0,4.0,,,,26.0,24.0,,,,4.5,1.0,,25.0,2.0,,Co-Ed,,0.31,0.3056,337.0,7.0,-2.0,0.30952,307.0,7.0,-2.0,-0.3888,-0.2274,0.17187,0.19375,1.0,0.1,9.0,0.66667,0.0,0.66667
7.0,Leo & Alana,TARUS32,5.71,5.71429,301.0,7.0,0.0,6.0,291.0,7.0,0.0,7.0,7.0,-0.3069,-0.0071,0.0,0.0,2.0,0.2857,1.82946,2.5,0.0,0.0,2.0,0.2857,0.0,0.0,0.0,1.0,0.0,1.0,0.0,6.0,3.0,8.0,5.0,351.0,4.0,2.0,,,,31.0,29.0,,,,3.0,2.0,,30.0,2.0,,Co-Ed,,0.36,0.3648,292.0,6.0,1.0,0.33333,291.0,6.0,1.0,-0.2704,-0.0777,0.26549,0.46131,3.0,0.4286,4.0,0.71429,0.0,0.71429
1.0,Kim & Penn,TARUS33,2.09,2.09091,10.0,1.0,0.0,2.0,12.0,1.0,0.0,11.0,11.0,0.5086,0.587,5.0,0.4545,9.0,0.8182,1.31111,1.5,3.0,0.2727,0.0,0.0,0.0,0.0,0.0,0.0,0.0,0.0,0.0,1.0,1.0,5.0,4.0,356.0,5.0,6.0,,,,45.0,47.0,,,,5.5,1.0,,46.0,2.0,,Co-Ed,,0.82,0.8202,6.0,1.0,0.0,0.83333,28.0,1.0,0.0,0.6404,0.822,0.17631,0.33333,11.0,1.0,0.0,1.0,0.55556,0.44444
4.0,Arun & Natalia,TARUS33,5.4,5.4,286.0,7.0,-3.0,4.5,214.0,6.0,-2.0,10.0,10.0,-0.2695,-0.0672,0.0,0.0,2.0,0.2,2.2891,2.0,0.0,0.0,0.0,0.0,1.0,0.1,0.0,0.0,0.0,0.0,0.0,4.0,3.0,10.0,7.0,359.0,6.0,5.0,,,,56.0,28.0,,,,5.5,1.0,,42.0,28.0,,Co-Ed,,0.21,0.21278,380.0,9.0,-5.0,0.18333,373.0,10.0,-6.0,-0.5744,-0.5273,0.23528,0.3125,1.0,0.1,9.0,0.77778,0.0,0.77778
6.0,Akbar & Sheri,TARUS33,6.5,6.5,341.0,9.0,-3.0,6.0,291.0,9.0,-3.0,6.0,6.0,-0.5281,-0.2846,0.0,0.0,0.0,0.0,1.5,2.25,0.0,0.0,0.0,0.0,0.0,0.0,0.0,0.0,0.0,0.0,0.0,6.0,5.0,9.0,4.0,361.0,2.0,3.0,,,,45.0,44.0,,,,2.5,1.0,,44.5,1.0,,Co-Ed,,0.23,0.22778,373.0,8.0,-2.0,0.21111,361.0,9.0,-3.0,-0.5444,-0.494,0.15893,0.17222,1.0,0.1667,5.0,0.5,0.0,0.5
9.0,Connie & Sam,TARUS33,4.33,4.33333,195.0,5.0,4.0,4.0,160.0,5.0,4.0,3.0,3.0,-0.018,0.1443,0.0,0.0,1.0,0.3333,2.0548,2.5,1.0,0.3333,0.0,0.0,0.0,0.0,0.0,0.0,0.0,0.0,0.0,,2.0,7.0,5.0,364.0,1.0,1.0,,,,37.0,39.0,,,,1.0,0.0,,38.0,2.0,,Co-Ed,,0.65,0.65185,66.0,4.0,5.0,0.66667,94.0,4.0,5.0,0.3037,0.448,0.19986,0.24444,2.0,0.6667,1.0,0.88889,0.4,0.48889
10.0,Caro & Ray,TARUS33,5.33,5.33333,282.0,6.0,4.0,5.0,230.0,7.0,3.0,3.0,3.0,-0.2531,-0.0534,0.0,0.0,0.0,0.0,0.4714,0.5,0.0,0.0,0.0,0.0,0.0,0.0,0.0,0.0,0.0,0.0,0.0,5.0,5.0,6.0,1.0,365.0,1.0,1.0,,,,23.0,25.0,,,,1.0,0.0,,24.0,2.0,,Co-Ed,,0.53,0.53333,157.0,6.0,4.0,0.55556,162.0,6.0,4.0,0.0667,0.1847,0.06542,0.07778,2.0,0.6667,1.0,0.6,0.44444,0.15556
1.0,Derek & Claire,TARUS34,2.83,2.83333,51.0,1.0,0.0,2.5,59.0,1.0,0.0,12.0,10.0,0.4077,0.5315,5.0,0.4167,8.0,0.6667,1.99304,3.0,1.0,0.0833,0.0,0.0,0.0,0.0,0.0,0.0,0.0,0.0,0.0,1.0,1.0,7.0,6.0,367.0,6.0,6.0,,,,24.0,25.0,,,,6.0,0.0,,24.5,1.0,,Co-Ed,,0.76,0.75757,19.0,1.0,0.0,0.7875,45.0,1.0,0.0,0.5151,0.8486,0.24122,0.44643,10.0,0.8333,2.0,1.0,0.33333,0.66667
3.0,Luis & Michelle,TARUS34,3.33,3.33333,105.0,3.0,0.0,3.0,82.0,2.0,1.0,12.0,10.0,0.303,0.4487,3.0,0.25,7.0,0.5833,2.39212,2.25,2.0,0.1667,0.0,0.0,0.0,0.0,0.0,0.0,0.0,0.0,0.0,4.0,1.0,10.0,9.0,369.0,6.0,6.0,,,,34.0,34.0,,,,6.0,0.0,,34.0,0.0,,Co-Ed,,0.63,0.63182,85.0,2.0,1.0,0.66667,94.0,2.0,1.0,0.2636,0.5418,0.29945,0.35,10.0,0.8333,2.0,1.0,0.0,1.0
4.0,Aubrey & David,TARUS34,5.18,5.18182,267.0,5.0,-1.0,5.0,230.0,5.0,-1.0,11.0,9.0,-0.0842,0.1424,0.0,0.0,4.0,0.3636,2.82258,4.5,3.0,0.2727,4.0,0.3636,0.0,0.0,0.0,0.0,0.0,0.0,0.0,2.0,2.0,11.0,9.0,370.0,5.0,6.0,,,,29.0,29.0,,,,5.5,1.0,,29.0,0.0,,Co-Ed,,0.41,0.40563,268.0,7.0,-3.0,0.3,308.0,8.0,-4.0,-0.1887,-0.0102,0.30658,0.60417,4.0,0.3636,7.0,0.85714,0.0,0.85714
6.0,Quinton & Mattie,TARUS34,5.75,5.75,303.0,6.0,0.0,5.5,278.0,7.0,-1.0,8.0,8.0,-0.2035,0.048,0.0,0.0,2.0,0.25,2.22205,2.0,0.0,0.0,1.0,0.125,0.0,0.0,0.0,0.0,0.0,0.0,0.0,3.0,3.0,10.0,7.0,372.0,5.0,3.0,,,,29.0,27.0,,,,4.0,2.0,,28.0,2.0,,Co-Ed,,0.39,0.38982,278.0,8.0,-2.0,0.35417,279.0,7.0,-1.0,-0.2204,-0.0488,0.27011,0.40357,3.0,0.375,5.0,0.81818,0.0,0.81818
7.0,Glenda & Lumumba,TARUS34,6.14,6.14286,325.0,9.0,-2.0,7.0,338.0,9.0,-2.0,7.0,7.0,-0.2851,-0.0166,0.0,0.0,2.0,0.2857,2.79942,3.0,2.0,0.2857,1.0,0.1429,1.0,0.1429,0.0,0.0,0.0,0.0,0.0,7.0,2.0,10.0,8.0,373.0,3.0,4.0,,,,41.0,41.0,,,,3.5,1.0,,41.0,0.0,,Co-Ed,,0.35,0.34631,306.0,9.0,-2.0,0.22222,354.0,10.0,-3.0,-0.3074,-0.1549,0.36434,0.50357,2.0,0.2857,5.0,0.90909,0.0,0.90909
8.0,Abby & Will,TARUS34,6.0,6.0,311.0,7.0,1.0,6.5,326.0,8.0,0.0,6.0,6.0,-0.2558,0.0066,0.0,0.0,1.0,0.1667,1.91485,3.25,0.0,0.0,0.0,0.0,0.0,0.0,0.0,0.0,0.0,0.0,0.0,8.0,3.0,8.0,5.0,374.0,3.0,2.0,,,,24.0,25.0,,,,2.5,1.0,,24.5,1.0,,Co-Ed,,0.43,0.43329,250.0,6.0,2.0,0.43182,232.0,6.0,2.0,-0.1334,0.0573,0.24578,0.25284,3.0,0.5,3.0,0.77778,0.0,0.77778
9.0,Linton & Sharik,TARUS34,6.0,6.0,311.0,7.0,2.0,5.0,230.0,5.0,4.0,5.0,5.0,-0.2558,0.0066,0.0,0.0,1.0,0.2,2.52982,5.0,0.0,0.0,1.0,0.2,0.0,0.0,0.0,0.0,0.0,0.0,0.0,9.0,3.0,9.0,6.0,375.0,4.0,1.0,,,,50.0,23.0,,,,2.5,3.0,,36.5,27.0,,Co-Ed,,0.44,0.43879,247.0,5.0,4.0,0.55556,162.0,4.0,5.0,-0.1224,0.0707,0.32473,0.61616,3.0,0.6,2.0,0.8,0.0,0.8
10.0,Rich & Dom,TARUS34,9.25,9.25,404.0,11.0,-1.0,9.0,391.0,10.0,0.0,4.0,4.0,-0.936,-0.5315,0.0,0.0,0.0,0.0,0.43301,0.25,0.0,0.0,1.0,0.25,0.0,0.0,0.0,0.0,0.0,0.0,0.0,9.0,9.0,10.0,1.0,376.0,2.0,2.0,,,,32.0,35.0,,,,2.0,0.0,,33.5,3.0,,Co-Ed,,0.15,0.14596,395.0,11.0,-1.0,0.15556,382.0,11.0,-1.0,-0.7081,-0.6438,0.10187,0.13485,0.0,0.0,4.0,0.27273,0.0,0.27273
4.0,Steve & Anna Leigh,TARUS35,4.09,4.09091,173.0,3.0,1.0,4.0,160.0,4.0,0.0,11.0,10.0,0.2168,0.3756,2.0,0.1818,4.0,0.3636,2.02056,3.5,1.0,0.0909,2.0,0.1818,0.0,0.0,0.0,1.0,0.0,0.0,0.0,6.0,1.0,7.0,6.0,382.0,6.0,6.0,,,,54.0,28.0,,,,6.0,0.0,,41.0,26.0,,Co-Ed,,0.52,0.52037,169.0,6.0,-2.0,0.54545,173.0,5.0,-1.0,0.0407,0.2664,0.32553,0.5,6.0,0.5455,5.0,1.0,0.0,1.0
5.0,Todd & Ashlie,TARUS35,4.2,4.2,182.0,4.0,1.0,5.0,230.0,5.0,0.0,10.0,9.0,0.1957,0.3588,0.0,0.0,3.0,0.3,1.07703,1.75,1.0,0.1,1.0,0.1,0.0,0.0,0.0,0.0,0.0,0.0,0.0,5.0,2.0,5.0,3.0,383.0,5.0,5.0,,,,38.0,38.0,,,,5.0,0.0,,38.0,0.0,,Co-Ed,,0.56,0.56062,140.0,3.0,2.0,0.65152,117.0,2.0,3.0,0.1212,0.3643,0.25293,0.19683,8.0,0.8,2.0,0.83333,0.0,0.83333
11.0,Jocelyn & Victor,TARUS35,5.75,5.75,303.0,6.0,5.0,5.5,278.0,6.0,5.0,4.0,3.0,-0.1011,0.1221,2.0,0.5,2.0,0.5,4.76314,9.25,0.0,0.0,1.0,0.25,0.0,0.0,0.0,0.0,0.0,0.0,0.0,1.0,1.0,11.0,10.0,389.0,1.0,2.0,,,,49.0,49.0,,,,1.5,1.0,,49.0,0.0,,Co-Ed,,0.53,0.525,166.0,5.0,6.0,0.55,168.0,4.0,7.0,0.05,0.2776,0.47631,0.925,2.0,0.5,2.0,1.0,0.0,1.0
13.0,Alexandra & Sheridan,TARUS35,13.0,13.0,450.0,13.0,0.0,13.0,450.0,13.0,0.0,1.0,1.0,-1.4894,-0.9847,0.0,0.0,0.0,0.0,0.0,0.0,0.0,0.0,0.0,0.0,0.0,0.0,0.0,0.0,0.0,0.0,0.0,,13.0,13.0,0.0,391.0,0.0,1.0,,,,34.0,29.0,,,,0.5,1.0,,31.5,5.0,,Co-Ed,,0.0,0.0,420.0,13.0,0.0,0.0,416.0,13.0,0.0,-1.0,-1.0,0.0,0.0,0.0,0.0,1.0,0.0,0.0,0.0
2.0,Sandy & Francesca,TARAS1,3.77,3.76923,148.0,3.0,-1.0,3.0,82.0,1.0,1.0,13.0,12.0,0.0922,0.1822,3.0,0.2308,8.0,0.6154,2.77776,3.0,2.0,0.1538,2.0,0.1538,2.0,0.1538,0.0,0.0,0.0,0.0,1.0,3.0,1.0,10.0,9.0,393.0,6.0,6.0,,,,29.0,27.0,,,,6.0,0.0,,28.0,2.0,,Co-Ed,,0.54,0.53556,154.0,3.0,-1.0,0.5,183.0,3.0,-1.0,0.0711,0.1201,0.35347,0.54167,7.0,0.5385,6.0,1.0,0.0,1.0
3.0,Andrew & Syeon,TARAS1,3.46,3.46154,121.0,1.0,2.0,3.0,82.0,1.0,2.0,13.0,12.0,0.1669,0.2495,2.0,0.1538,8.0,0.6154,2.24003,2.0,4.0,0.3077,1.0,0.0769,0.0,0.0,0.0,0.0,0.0,0.0,0.0,2.0,1.0,8.0,7.0,394.0,6.0,6.0,,,,26.0,28.0,,,,6.0,0.0,,27.0,2.0,,Co-Ed,,0.57,0.56743,131.0,2.0,1.0,0.55556,162.0,2.0,1.0,0.1349,0.1867,0.30755,0.4,9.0,0.6923,4.0,1.0,0.0,1.0
5.0,Andy & Laura,TARAS1,4.0,4.0,161.0,5.0,0.0,3.5,150.0,3.0,2.0,10.0,9.0,0.0368,0.1323,3.0,0.3,5.0,0.5,2.68328,5.75,2.0,0.2,1.0,0.1,0.0,0.0,0.0,0.0,0.0,1.0,0.0,7.0,1.0,7.0,6.0,396.0,5.0,4.0,,,,28.0,37.0,,,,4.5,1.0,,32.5,9.0,,Co-Ed,,0.57,0.56929,130.0,1.0,4.0,0.56667,161.0,1.0,4.0,0.1386,0.1906,0.37399,0.6875,5.0,0.5,5.0,1.0,0.0,1.0
10.0,Ernie & Jeena,TARAS1,6.0,6.0,311.0,9.0,1.0,6.0,291.0,9.0,1.0,2.0,2.0,-0.4448,-0.3015,0.0,0.0,1.0,0.5,4.0,4.0,1.0,0.5,0.0,0.0,0.0,0.0,0.0,0.0,0.0,0.0,0.0,,2.0,10.0,8.0,401.0,0.0,1.0,,,,42.0,35.0,,,,0.5,1.0,,38.5,7.0,,Co-Ed,,0.44,0.44444,241.0,8.0,2.0,0.44444,227.0,6.0,4.0,-0.1111,-0.0705,0.44444,0.44444,1.0,0.5,1.0,0.88889,0.0,0.88889
6.0,Terri & Henry,TARAS2,6.33,6.33333,331.0,6.0,0.0,6.0,291.0,6.0,0.0,9.0,8.0,-0.5292,-0.2197,0.0,0.0,1.0,0.1111,1.76383,1.0,0.0,0.0,0.0,0.0,2.0,0.2222,0.0,0.0,0.0,0.0,0.0,6.0,3.0,9.0,6.0,407.0,3.0,5.0,,,,44.0,48.0,,,,4.0,2.0,,46.0,4.0,,Co-Ed,,0.19,0.18871,386.0,9.0,-3.0,0.11111,396.0,9.0,-3.0,-0.6226,-0.5361,0.22281,0.16667,2.0,0.2222,7.0,0.66667,0.0,0.66667
7.0,Daichi & Sawaka,TARAS2,6.5,6.5,341.0,8.0,-1.0,6.5,326.0,8.0,-1.0,6.0,5.0,-0.5702,-0.2524,0.0,0.0,0.0,0.0,1.25831,2.5,0.0,0.0,1.0,0.1667,0.0,0.0,0.0,0.0,0.0,0.0,0.0,8.0,5.0,8.0,3.0,408.0,3.0,2.0,,,,26.0,28.0,,,,2.5,1.0,,27.0,2.0,,Co-Ed,,0.26,0.26356,359.0,7.0,0.0,0.27778,331.0,7.0,0.0,-0.4729,-0.3521,0.13988,0.14236,0.0,0.0,6.0,0.42857,0.0,0.42857
9.0,Kinaryosih & Brett,TARAS2,6.33,6.33333,331.0,6.0,3.0,6.0,291.0,6.0,3.0,3.0,3.0,-0.5292,-0.2197,0.0,0.0,0.0,0.0,2.0548,2.5,0.0,0.0,0.0,0.0,0.0,0.0,0.0,0.0,0.0,0.0,0.0,,4.0,9.0,5.0,410.0,1.0,1.0,,,,28.0,26.0,,,,1.0,0.0,,27.0,2.0,,Co-Ed,,0.37,0.37037,291.0,6.0,3.0,0.44444,227.0,5.0,4.0,-0.2593,-0.0895,0.27716,0.33333,1.0,0.3333,2.0,0.66667,0.0,0.66667
10.0,Edwin & Monica,TARAS2,10.0,10.0,412.0,10.0,0.0,10.0,409.0,10.0,0.0,2.0,2.0,-1.4157,-0.9268,0.0,0.0,0.0,0.0,0.0,0.0,0.0,0.0,0.0,0.0,1.0,0.5,0.0,0.0,0.0,0.0,0.0,10.0,10.0,10.0,0.0,411.0,1.0,0.0,,,,26.0,28.0,,,,0.5,1.0,,27.0,2.0,,Co-Ed,,0.0,0.0,420.0,10.0,0.0,0.0,416.0,10.0,0.0,-1.0,-1.0,0.0,0.0,0.0,0.0,2.0,0.0,0.0,0.0
2.0,Geoff & Tisha,TARAS3,3.09,3.09091,77.0,3.0,-1.0,3.0,82.0,3.0,-1.0,11.0,11.0,0.2034,0.3953,2.0,0.1818,7.0,0.6364,1.62114,2.5,3.0,0.2727,2.0,0.1818,0.0,0.0,0.0,0.0,1.0,0.0,1.0,2.0,1.0,6.0,5.0,413.0,5.0,5.0,,,,26.0,32.0,,,,5.0,0.0,,29.0,6.0,,Co-Ed,,0.58,0.58038,122.0,3.0,-1.0,0.5,183.0,3.0,-1.0,0.1608,0.4579,0.26319,0.36349,7.0,0.6364,4.0,1.0,0.16667,0.83333
5.0,Henry & Bernie,TARAS3,2.75,2.75,44.0,2.0,3.0,2.5,59.0,2.0,3.0,8.0,8.0,0.291,0.4618,2.0,0.25,5.0,0.625,1.39194,2.25,2.0,0.25,1.0,0.125,0.0,0.0,0.0,0.0,0.0,1.0,0.0,1.0,1.0,5.0,4.0,416.0,3.0,4.0,,,,43.0,39.0,,,,3.5,1.0,,41.0,4.0,,Co-Ed,,0.63,0.63472,81.0,2.0,3.0,0.76389,55.0,2.0,3.0,0.2694,0.5944,0.33484,0.4125,6.0,0.75,2.0,1.0,0.0,1.0
6.0,Mai & Oliver,TARAS3,4.8,4.8,236.0,6.0,0.0,6.0,291.0,6.0,0.0,5.0,5.0,-0.2375,0.0607,1.0,0.2,2.0,0.4,2.48193,3.0,0.0,0.0,1.0,0.2,0.0,0.0,0.0,0.0,0.0,0.0,0.0,6.0,1.0,8.0,7.0,417.0,1.0,2.0,,,,24.0,25.0,,,,1.5,1.0,,24.5,1.0,,Co-Ed,,0.42,0.41548,263.0,5.0,1.0,0.28571,323.0,6.0,0.0,-0.169,0.0437,0.3684,0.54167,2.0,0.4,3.0,1.0,0.0,1.0
10.0,Neena & Amit,TARAS3,10.0,10.0,412.0,10.0,0.0,10.0,409.0,10.0,0.0,1.0,1.0,-1.5781,-0.9569,0.0,0.0,0.0,0.0,0.0,0.0,0.0,0.0,0.0,0.0,0.0,0.0,0.0,0.0,0.0,0.0,0.0,,10.0,10.0,0.0,421.0,0.0,0.0,,,,24.0,27.0,,,,0.0,0.0,,25.5,3.0,,Co-Ed,,0.0,0.0,420.0,10.0,0.0,0.0,416.0,10.0,0.0,-1.0,-1.0,0.0,0.0,0.0,0.0,1.0,0.0,0.0,0.0
3.0,Hussein & Natasha,TARAS4,4.64,4.63636,221.0,6.0,-3.0,5.0,230.0,6.0,-3.0,11.0,11.0,-0.0602,0.1008,1.0,0.0909,5.0,0.4545,2.73937,4.5,3.0,0.2727,4.0,0.3636,1.0,0.0909,0.0,0.0,0.0,0.0,0.0,2.0,1.0,9.0,8.0,424.0,6.0,5.0,,,,53.0,24.0,,,,5.5,1.0,,38.5,29.0,,Co-Ed,,0.41,0.41122,266.0,7.0,-4.0,0.2,363.0,8.0,-5.0,-0.1776,-0.0455,0.36897,0.68056,5.0,0.4545,6.0,1.0,0.0,1.0
7.0,Hilda & Ivan,TARAS4,4.83,4.83333,240.0,7.0,0.0,6.0,291.0,7.0,0.0,6.0,6.0,-0.1036,0.064,1.0,0.1667,2.0,0.3333,2.11476,2.25,0.0,0.0,0.0,0.0,0.0,0.0,0.0,0.0,0.0,0.0,0.0,6.0,1.0,7.0,6.0,428.0,2.0,4.0,,,,33.0,38.0,,,,3.0,2.0,,35.5,5.0,,Co-Ed,,0.48,0.47586,211.0,6.0,1.0,0.40972,245.0,6.0,1.0,-0.0483,0.1045,0.3224,0.36558,2.0,0.3333,4.0,1.0,0.0,1.0
9.0,Alan & Wendy,TARAS4,7.25,7.25,371.0,9.0,0.0,7.5,370.0,8.0,1.0,4.0,4.0,-0.6565,-0.405,0.0,0.0,0.0,0.0,1.78536,3.25,0.0,0.0,0.0,0.0,1.0,0.25,0.0,0.0,0.0,0.0,0.0,9.0,5.0,9.0,4.0,430.0,2.0,2.0,,,,32.0,24.0,,,,2.0,0.0,,28.0,8.0,,Co-Ed,,0.25,0.25,366.0,8.0,1.0,0.22222,354.0,7.0,2.0,-0.5,-0.4197,0.25307,0.47222,1.0,0.25,3.0,0.55556,0.0,0.55556
3.0,Eric & Rona,TARAS5,3.6,3.6,133.0,3.0,0.0,4.0,160.0,4.0,-1.0,10.0,10.0,0.1453,0.3455,1.0,0.1,4.0,0.4,1.35647,1.0,1.0,0.1,0.0,0.0,1.0,0.1,0.0,0.0,1.0,0.0,0.0,4.0,1.0,6.0,5.0,434.0,5.0,5.0,,,,34.0,34.0,,,,5.0,0.0,,34.0,0.0,,Co-Ed,,0.5,0.49988,189.0,5.0,-2.0,0.59821,142.0,3.0,0.0,-0.0002,0.2265,0.30934,0.37738,6.0,0.6,4.0,1.0,0.0,1.0
6.0,Anita & Tom,TARAS5,4.67,4.66667,223.0,6.0,0.0,5.0,230.0,5.0,1.0,6.0,6.0,-0.1087,0.1509,0.0,0.0,2.0,0.3333,2.21108,3.5,2.0,0.3333,1.0,0.1667,0.0,0.0,0.0,0.0,0.0,0.0,0.0,2.0,2.0,8.0,6.0,437.0,2.0,3.0,,,,24.0,31.0,,,,2.5,1.0,,27.5,7.0,,Co-Ed,,0.46,0.46171,224.0,6.0,0.0,0.43571,231.0,6.0,0.0,-0.0766,0.1329,0.33306,0.58571,3.0,0.5,3.0,0.875,0.0,0.875
8.0,Rach & Vicky,TARAS5,6.75,6.75,354.0,9.0,-1.0,7.0,338.0,9.0,-1.0,4.0,4.0,-0.6025,-0.2273,0.0,0.0,0.0,0.0,1.29904,2.25,0.0,0.0,0.0,0.0,1.0,0.25,0.0,0.0,0.0,0.0,0.0,8.0,5.0,8.0,3.0,439.0,2.0,1.0,,,,30.0,29.0,,,,1.5,1.0,,29.5,1.0,,Co-Ed,,0.25,0.25,366.0,9.0,-1.0,0.25,340.0,8.0,0.0,-0.5,-0.3866,0.25,0.5,2.0,0.5,2.0,0.5,0.0,0.5
10.0,Rei & Keiji,TARAS5,10.0,10.0,412.0,10.0,0.0,10.0,409.0,10.0,0.0,1.0,1.0,-1.3741,-0.8182,0.0,0.0,0.0,0.0,0.0,0.0,0.0,0.0,0.0,0.0,0.0,0.0,0.0,0.0,0.0,0.0,0.0,,10.0,10.0,0.0,441.0,0.0,0.0,,,,30.0,26.0,,,,0.0,0.0,,28.0,4.0,,Co-Ed,,0.1,0.1,406.0,10.0,0.0,0.1,401.0,10.0,0.0,-0.8,-0.7546,0.0,0.0,0.0,0.0,1.0,0.1,0.1,0.0
5.0,Holly & Brett,TARCAN1,3.29,3.28571,101.0,4.0,1.0,2.0,12.0,1.0,4.0,7.0,7.0,0.1041,0.2721,1.0,0.1429,4.0,0.5714,1.82946,3.0,3.0,0.4286,2.0,0.2857,0.0,0.0,0.0,1.0,1.0,0.0,0.0,2.0,1.0,6.0,5.0,447.0,4.0,4.0,,,,33.0,33.0,,,,4.0,0.0,,33.0,0.0,,Co-Ed,,0.55,0.54643,149.0,5.0,0.0,0.75,58.0,1.0,4.0,0.0835,0.2657,0.37801,0.67083,4.0,0.5714,3.0,1.0,0.0,1.0
6.0,Hal & Joanne,TARCAN1,3.0,3.0,66.0,1.0,5.0,3.0,82.0,3.0,3.0,5.0,5.0,0.1831,0.3363,1.0,0.2,4.0,0.8,1.67332,1.0,1.0,0.2,0.0,0.0,0.0,0.0,0.0,1.0,0.0,0.0,0.0,3.0,1.0,6.0,5.0,448.0,3.0,3.0,,,,57.0,54.0,,,,3.0,0.0,,55.5,3.0,,Co-Ed,,0.65,0.65476,61.0,1.0,5.0,0.75,58.0,1.0,5.0,0.2983,0.5166,0.34585,0.19048,4.0,0.8,1.0,1.0,0.0,1.0
7.0,Kristen & Darren,TARCAN1,3.5,3.5,124.0,5.0,2.0,3.0,82.0,3.0,4.0,4.0,4.0,0.0469,0.2257,1.0,0.25,2.0,0.5,2.29129,3.0,1.0,0.25,0.0,0.0,0.0,0.0,0.0,0.0,0.0,0.0,0.0,,1.0,7.0,6.0,449.0,2.0,3.0,,,,32.0,26.0,,,,2.5,1.0,,29.0,6.0,,Co-Ed,,0.6,0.60119,109.0,3.0,4.0,0.70238,82.0,3.0,4.0,0.1921,0.3925,0.37923,0.44643,3.0,0.75,1.0,1.0,0.0,1.0
4.0,Sukhi & Jinder,TARCAN2,4.36,4.36364,201.0,4.0,0.0,4.0,160.0,3.0,1.0,11.0,11.0,-0.0099,0.22,2.0,0.1818,3.0,0.2727,2.34609,3.0,1.0,0.0909,1.0,0.0909,1.0,0.0909,1.0,0.0,1.0,0.0,0.0,4.0,1.0,8.0,7.0,455.0,6.0,6.0,,,,32.0,26.0,,,,6.0,0.0,,29.0,6.0,,Co-Ed,,0.49,0.48553,204.0,6.0,-2.0,0.5,183.0,4.0,0.0,-0.0289,0.1971,0.33663,0.42321,6.0,0.5455,5.0,1.0,0.0,1.0
5.0,Alain & Audrey,TARCAN2,3.8,3.8,149.0,3.0,2.0,4.0,160.0,3.0,2.0,10.0,10.0,0.1198,0.3202,1.0,0.1,4.0,0.4,1.8868,3.0,3.0,0.3,3.0,0.3,0.0,0.0,1.0,1.0,0.0,0.0,0.0,2.0,1.0,7.0,6.0,456.0,6.0,4.0,,,,32.0,31.0,,,,5.0,2.0,,31.5,1.0,,Co-Ed,,0.5,0.49901,190.0,5.0,0.0,0.3875,260.0,6.0,-1.0,-0.002,0.2303,0.35043,0.6625,4.0,0.4,6.0,1.0,0.0,1.0
8.0,Cormac & Nicole,TARCAN2,4.4,4.4,206.0,6.0,2.0,4.0,160.0,3.0,5.0,5.0,5.0,-0.0192,0.2129,0.0,0.0,1.0,0.2,1.95959,0.0,1.0,0.2,0.0,0.0,0.0,0.0,0.0,0.0,0.0,0.0,0.0,4.0,2.0,8.0,6.0,459.0,3.0,3.0,,,,19.0,39.0,,,,3.0,0.0,,29.0,20.0,,Co-Ed,,0.56,0.56262,137.0,3.0,5.0,0.66667,94.0,2.0,6.0,0.1252,0.3872,0.29796,0.12857,4.0,0.8,1.0,0.875,0.0,0.875
10.0,Jen & Shawn,TARCAN2,10.0,10.0,412.0,10.0,0.0,10.0,409.0,10.0,0.0,2.0,2.0,-1.3164,-0.7889,0.0,0.0,0.0,0.0,0.0,0.0,0.0,0.0,1.0,0.5,0.0,0.0,0.0,0.0,0.0,0.0,0.0,10.0,10.0,10.0,0.0,461.0,1.0,1.0,,,,40.0,41.0,,,,1.0,0.0,,40.5,1.0,,Co-Ed,,0.05,0.05,414.0,10.0,0.0,0.05,412.0,10.0,0.0,-0.9,-0.8767,0.05,0.05,0.0,0.0,2.0,0.1,0.0,0.1
4.0,Simi & Ope,TARCAN3,5.27,5.27273,279.0,7.0,-3.0,5.0,230.0,6.0,-2.0,11.0,11.0,-0.1284,0.1231,0.0,0.0,1.0,0.0909,1.71044,1.5,0.0,0.0,2.0,0.1818,1.0,0.0909,0.0,0.0,0.0,0.0,0.0,5.0,3.0,9.0,6.0,466.0,6.0,6.0,,,,21.0,46.0,,,,6.0,0.0,,33.5,25.0,,Co-Ed,,0.33,0.33065,315.0,9.0,-5.0,0.4,247.0,7.0,-3.0,-0.3387,-0.1883,0.20996,0.31667,4.0,0.3636,7.0,0.63636,0.0,0.63636
5.0,Dujean & Leilani,TARCAN3,4.2,4.2,182.0,4.0,1.0,4.0,160.0,5.0,0.0,10.0,10.0,0.1007,0.3012,2.0,0.2,3.0,0.3,2.13542,1.75,0.0,0.0,2.0,0.2,0.0,0.0,0.0,1.0,0.0,0.0,0.0,4.0,1.0,8.0,7.0,467.0,5.0,6.0,,,,25.0,24.0,,,,5.5,1.0,,24.5,1.0,,Co-Ed,,0.53,0.52613,164.0,5.0,0.0,0.58571,147.0,4.0,1.0,0.0523,0.2917,0.31976,0.38826,6.0,0.6,4.0,1.0,0.0,1.0
6.0,Brian & Cynthia,TARCAN3,4.63,4.625,219.0,5.0,1.0,3.5,150.0,3.0,3.0,8.0,8.0,0.0087,0.2296,0.0,0.0,4.0,0.5,2.82566,4.75,3.0,0.375,1.0,0.125,0.0,0.0,0.0,0.0,0.0,0.0,0.0,2.0,2.0,9.0,7.0,468.0,5.0,4.0,,,,46.0,41.0,,,,4.5,1.0,,43.5,5.0,,Co-Ed,,0.53,0.52878,162.0,4.0,2.0,0.60714,134.0,3.0,3.0,0.0576,0.2982,0.33918,0.62928,5.0,0.625,3.0,0.9,0.0,0.9
7.0,Neil & Kristin,TARCAN3,6.14,6.14286,325.0,9.0,-2.0,6.0,291.0,8.0,-1.0,7.0,7.0,-0.3146,-0.0216,1.0,0.1429,1.0,0.1429,2.47436,1.0,0.0,0.0,1.0,0.1429,0.0,0.0,0.0,0.0,0.0,0.0,0.0,6.0,1.0,10.0,9.0,469.0,4.0,4.0,,,,62.0,31.0,,,,4.0,0.0,,46.5,31.0,,Co-Ed,,0.36,0.35506,299.0,8.0,-1.0,0.28571,323.0,9.0,-2.0,-0.2899,-0.1283,0.30314,0.27516,2.0,0.2857,5.0,1.0,0.0,1.0
8.0,Nic & Sabrina,TARCAN3,6.0,6.0,311.0,8.0,0.0,7.0,338.0,9.0,-1.0,6.0,6.0,-0.2847,0.0017,0.0,0.0,1.0,0.1667,2.3094,3.5,1.0,0.1667,1.0,0.1667,0.0,0.0,0.0,1.0,0.0,0.0,0.0,8.0,2.0,8.0,6.0,470.0,4.0,3.0,,,,22.0,32.0,,,,3.5,1.0,,27.0,10.0,,Co-Ed,,0.37,0.37367,289.0,7.0,1.0,0.25397,339.0,10.0,-2.0,-0.2527,-0.0826,0.32283,0.44712,2.0,0.3333,4.0,0.90909,0.0,0.90909
9.0,Hamilton & Michaelia,TARCAN3,5.25,5.25,271.0,6.0,3.0,5.5,278.0,7.0,2.0,4.0,4.0,-0.1241,0.1265,1.0,0.25,1.0,0.25,3.03109,4.25,0.0,0.0,0.0,0.0,0.0,0.0,0.0,0.0,0.0,0.0,0.0,,1.0,9.0,8.0,471.0,2.0,3.0,,,,19.0,19.0,,,,2.5,1.0,,19.0,0.0,,Co-Ed,,0.52,0.51515,175.0,6.0,3.0,0.5303,177.0,6.0,3.0,0.0303,0.2647,0.3803,0.54545,2.0,0.5,2.0,1.0,0.0,1.0
12.0,Max & Elias,TARCAN3,12.0,12.0,445.0,12.0,0.0,12.0,445.0,12.0,0.0,1.0,1.0,-1.5693,-0.9967,0.0,0.0,0.0,0.0,0.0,0.0,0.0,0.0,0.0,0.0,0.0,0.0,0.0,0.0,0.0,0.0,0.0,,12.0,12.0,0.0,474.0,1.0,1.0,,,,28.0,26.0,,,,1.0,0.0,,27.0,2.0,,Co-Ed,,0.0,0.0,420.0,12.0,0.0,0.0,416.0,12.0,0.0,-1.0,-1.0,0.0,0.0,0.0,0.0,1.0,0.0,0.0,0.0
2.0,Jillian & Emmett,TARCAN4,2.55,2.54545,34.0,2.0,0.0,2.0,12.0,1.0,1.0,11.0,11.0,0.3818,0.496,4.0,0.3636,8.0,0.7273,1.7768,2.5,3.0,0.2727,2.0,0.1818,0.0,0.0,0.0,1.0,2.0,0.0,0.0,1.0,1.0,7.0,6.0,476.0,6.0,7.0,,,,30.0,28.0,,,,6.5,1.0,,29.0,2.0,,Co-Ed,,0.69,0.69405,41.0,2.0,0.0,0.8,38.0,2.0,0.0,0.3881,0.6446,0.29663,0.55,8.0,0.7273,3.0,1.0,0.14286,0.85714
3.0,Joel & Ashley,TARCAN4,3.45,3.45455,117.0,3.0,0.0,4.0,160.0,4.0,-1.0,11.0,11.0,0.1636,0.3182,1.0,0.0909,5.0,0.4545,1.3727,1.5,2.0,0.1818,1.0,0.0909,1.0,0.0909,0.0,2.0,0.0,0.0,0.0,4.0,1.0,6.0,5.0,477.0,7.0,6.0,,,,42.0,26.0,,,,6.5,1.0,,34.0,16.0,,Co-Ed,,0.5,0.49881,191.0,4.0,-1.0,0.6,135.0,4.0,-1.0,-0.0024,0.182,0.29561,0.32738,7.0,0.6364,4.0,1.0,0.0,1.0
6.0,Julie & Lowell,TARCAN4,5.71,5.71429,301.0,7.0,-1.0,6.0,291.0,7.0,-1.0,7.0,7.0,-0.3842,-0.1285,0.0,0.0,1.0,0.1429,1.27775,1.0,0.0,0.0,1.0,0.1429,0.0,0.0,0.0,0.0,0.0,0.0,0.0,6.0,3.0,7.0,4.0,480.0,5.0,4.0,,,,33.0,34.0,,,,4.5,1.0,,33.5,1.0,,Co-Ed,,0.3,0.30113,339.0,8.0,-2.0,0.25,340.0,7.0,-1.0,-0.3977,-0.2864,0.19577,0.2123,2.0,0.2857,5.0,0.6,0.0,0.6
3.0,Korey & Ivana,TARCAN5,4.09,4.09091,173.0,4.0,-1.0,4.0,160.0,4.0,-1.0,11.0,11.0,-0.0225,0.1996,0.0,0.0,5.0,0.4545,1.88074,3.0,3.0,0.2727,6.0,0.5455,0.0,0.0,0.0,0.0,2.0,0.0,0.0,2.0,2.0,8.0,6.0,487.0,5.0,6.0,,,,31.0,31.0,,,,5.5,1.0,,31.0,0.0,,Co-Ed,,0.38,0.37918,285.0,5.0,-2.0,0.25,340.0,6.0,-3.0,-0.2416,-0.0751,0.29907,0.46667,4.0,0.3636,7.0,0.88889,0.0,0.88889
4.0,Karen & Bert,TARCAN5,4.5,4.5,210.0,6.0,-2.0,4.5,214.0,5.0,-1.0,10.0,10.0,-0.125,0.1194,0.0,0.0,1.0,0.1,0.80623,1.0,0.0,0.0,0.0,0.0,1.0,0.1,0.0,0.0,0.0,0.0,0.0,4.0,3.0,6.0,3.0,488.0,5.0,4.0,,,,31.0,36.0,,,,4.5,1.0,,33.5,5.0,,Co-Ed,,0.35,0.34647,305.0,7.0,-3.0,0.4,247.0,5.0,-1.0,-0.3071,-0.1549,0.1907,0.10714,2.0,0.2,8.0,0.625,0.0,0.625
5.0,Adam & Andrea,TARCAN5,3.22,3.22222,92.0,2.0,3.0,3.0,82.0,2.0,3.0,9.0,9.0,0.195,0.3699,2.0,0.2222,7.0,0.7778,1.74978,0.0,0.0,0.0,0.0,0.0,0.0,0.0,1.0,1.0,0.0,0.0,0.0,3.0,1.0,7.0,6.0,489.0,4.0,4.0,,,,29.0,28.0,,,,4.0,0.0,,28.5,1.0,,Co-Ed,,0.61,0.61208,98.0,2.0,3.0,0.66667,94.0,2.0,3.0,0.2242,0.4929,0.30917,0.27778,7.0,0.7778,2.0,1.0,0.0,1.0
9.0,Dan & Riya,TARCAN5,8.5,8.5,390.0,9.0,0.0,8.5,387.0,9.0,0.0,2.0,2.0,-1.125,-0.6634,0.0,0.0,0.0,0.0,0.5,0.5,0.0,0.0,0.0,0.0,0.0,0.0,0.0,0.0,0.0,0.0,0.0,,8.0,9.0,1.0,493.0,1.0,1.0,,,,23.0,23.0,,,,1.0,0.0,,23.0,0.0,,Co-Ed,,0.11,0.11111,402.0,9.0,0.0,0.11111,396.0,8.0,1.0,-0.7778,-0.729,0.11111,0.11111,0.0,0.0,2.0,0.22222,0.0,0.22222
10.0,Aaron & Deb,TARCAN5,10.0,10.0,412.0,10.0,0.0,10.0,409.0,10.0,0.0,1.0,1.0,-1.5,-0.9569,0.0,0.0,0.0,0.0,0.0,0.0,0.0,0.0,0.0,0.0,0.0,0.0,0.0,0.0,0.0,0.0,0.0,,10.0,10.0,0.0,494.0,0.0,1.0,,,,30.0,55.0,,,,0.5,1.0,,42.5,25.0,,Co-Ed,,0.0,0.0,420.0,10.0,0.0,0.0,416.0,10.0,0.0,-1.0,-1.0,0.0,0.0,0.0,0.0,1.0,0.0,0.0,0.0
1.0,Courtney & Adam,TARCAN6,4.64,4.63636,221.0,7.0,-6.0,5.0,230.0,7.0,-6.0,11.0,11.0,-0.1076,0.0866,1.0,0.0909,4.0,0.3636,2.26727,4.0,2.0,0.1818,5.0,0.4545,0.0,0.0,0.0,0.0,1.0,0.0,0.0,7.0,1.0,8.0,7.0,495.0,7.0,6.0,,,,28.0,29.0,,,,6.5,1.0,,28.5,1.0,,Co-Ed,,0.42,0.41576,262.0,7.0,-6.0,0.25,340.0,7.0,-6.0,-0.1685,-0.0196,0.29346,0.37639,3.0,0.2727,8.0,1.0,0.14286,0.85714
2.0,Taylor & Courtney,TARCAN6,2.36,2.36364,22.0,1.0,1.0,2.0,12.0,1.0,1.0,11.0,11.0,0.4366,0.5354,5.0,0.4545,9.0,0.8182,1.49379,2.0,1.0,0.0909,0.0,0.0,0.0,0.0,0.0,0.0,0.0,0.0,0.0,1.0,1.0,5.0,4.0,496.0,7.0,6.0,,,,25.0,27.0,,,,6.5,1.0,,26.0,2.0,,Co-Ed,,0.76,0.75765,18.0,1.0,1.0,0.75,58.0,3.0,-1.0,0.5153,0.7865,0.23364,0.47222,10.0,0.9091,1.0,1.0,0.42857,0.57143
4.0,Martina & Phil,TARCAN6,4.1,4.1,176.0,6.0,-2.0,4.0,160.0,5.0,-1.0,10.0,10.0,0.0213,0.1929,0.0,0.0,4.0,0.4,1.64012,2.5,2.0,0.2,0.0,0.0,0.0,0.0,0.0,1.0,0.0,0.0,0.0,4.0,2.0,7.0,5.0,498.0,6.0,5.0,,,,40.0,37.0,,,,5.5,1.0,,38.5,3.0,,Co-Ed,,0.49,0.49024,198.0,6.0,-2.0,0.5125,182.0,5.0,-1.0,-0.0195,0.156,0.23918,0.32292,5.0,0.5,5.0,0.8,0.0,0.8
8.0,Todd & Anna,TARCAN6,3.5,3.5,124.0,2.0,6.0,2.5,59.0,3.0,5.0,4.0,4.0,0.1645,0.311,1.0,0.25,3.0,0.75,2.69258,2.5,1.0,0.25,0.0,0.0,0.0,0.0,0.0,1.0,0.0,0.0,0.0,,1.0,8.0,7.0,502.0,3.0,2.0,,,,24.0,24.0,,,,2.5,1.0,,24.0,0.0,,Co-Ed,,0.66,0.66319,56.0,2.0,6.0,0.82639,34.0,2.0,6.0,0.3264,0.5638,0.39091,0.32292,3.0,0.75,1.0,1.0,0.0,1.0
2.0,Sarah & Sam,TARCAN7,2.91,2.90909,62.0,2.0,0.0,2.0,12.0,1.0,1.0,11.0,11.0,0.2699,0.4371,1.0,0.0909,6.0,0.5455,1.23983,2.0,5.0,0.4545,1.0,0.0909,0.0,0.0,0.0,0.0,0.0,0.0,0.0,2.0,1.0,5.0,4.0,506.0,6.0,5.0,,,,29.0,30.0,,,,5.5,1.0,,29.5,1.0,,Co-Ed,,0.62,0.61901,91.0,4.0,-2.0,0.625,123.0,4.0,-2.0,0.2322,0.542,0.2172,0.31071,8.0,0.7273,3.0,1.0,0.25,0.75
4.0,Dave & Irina,TARCAN7,2.4,2.4,26.0,1.0,3.0,2.5,59.0,3.0,1.0,10.0,10.0,0.3978,0.5358,4.0,0.4,8.0,0.8,1.35647,2.0,1.0,0.1,0.0,0.0,0.0,0.0,0.0,0.0,0.0,0.0,0.0,1.0,1.0,5.0,4.0,508.0,5.0,4.0,,,,27.0,29.0,,,,4.5,1.0,,28.0,2.0,,Co-Ed,,0.7,0.6975,39.0,1.0,3.0,0.77083,54.0,2.0,2.0,0.3884,0.7375,0.32651,0.475,8.0,0.8,2.0,1.0,0.0,1.0
5.0,Aarthy & Thinesh,TARCAN7,3.0,3.0,66.0,3.0,2.0,2.0,12.0,1.0,4.0,9.0,9.0,0.2473,0.4197,3.0,0.3333,6.0,0.6667,2.0548,4.0,2.0,0.2222,1.0,0.1111,0.0,0.0,0.0,0.0,0.0,0.0,0.0,1.0,1.0,7.0,6.0,509.0,4.0,4.0,,,,25.0,28.0,,,,4.0,0.0,,26.5,3.0,,Co-Ed,,0.65,0.64709,72.0,2.0,3.0,0.83333,28.0,1.0,4.0,0.288,0.6119,0.36082,0.66667,6.0,0.6667,3.0,1.0,0.0,1.0
1.0,Catherine & Craig,TARCAN8,3.22,3.22222,92.0,4.0,-3.0,3.0,82.0,2.0,-1.0,9.0,9.0,0.2619,0.3521,3.0,0.3333,5.0,0.5556,2.04275,4.0,1.0,0.1111,1.0,0.1111,0.0,0.0,0.0,0.0,0.0,0.0,0.0,1.0,1.0,7.0,6.0,515.0,5.0,5.0,,,,42.0,45.0,,,,5.0,0.0,,43.5,3.0,,Co-Ed,,0.69,0.68554,43.0,1.0,0.0,0.71429,74.0,1.0,0.0,0.3711,0.5938,0.26335,0.5,7.0,0.7778,2.0,1.0,0.25,0.75
2.0,Jesse & Marika,TARCAN8,3.09,3.09091,77.0,3.0,-1.0,2.0,12.0,1.0,1.0,11.0,11.0,0.2917,0.3783,3.0,0.2727,7.0,0.6364,2.1513,2.5,3.0,0.2727,0.0,0.0,0.0,0.0,0.0,0.0,0.0,0.0,0.0,2.0,1.0,8.0,7.0,516.0,7.0,7.0,,,,32.0,29.0,,,,7.0,0.0,,30.5,3.0,,Co-Ed,,0.68,0.68157,44.0,2.0,0.0,0.66667,94.0,2.0,0.0,0.3631,0.5846,0.26719,0.4875,8.0,0.7273,3.0,1.0,0.22222,0.77778
6.0,Court & Ali,TARCAN8,6.43,6.42857,337.0,7.0,-1.0,6.0,291.0,6.0,0.0,7.0,7.0,-0.4739,-0.2938,0.0,0.0,0.0,0.0,1.39971,1.5,0.0,0.0,2.0,0.2857,2.0,0.2857,0.0,0.0,0.0,0.0,0.0,6.0,5.0,9.0,4.0,520.0,3.0,4.0,,,,39.0,33.0,,,,3.5,1.0,,36.0,6.0,,Co-Ed,,0.22,0.22217,375.0,8.0,-2.0,0.2,363.0,7.0,-1.0,-0.5557,-0.4835,0.18489,0.30258,1.0,0.1429,6.0,0.5,0.0,0.5
8.0,Cassie & Jahmeek,TARCAN8,6.43,6.42857,337.0,7.0,1.0,7.0,338.0,8.0,0.0,7.0,7.0,-0.4739,-0.2938,0.0,0.0,1.0,0.1429,1.98977,3.0,0.0,0.0,1.0,0.1429,1.0,0.1429,0.0,0.0,0.0,0.0,0.0,8.0,3.0,9.0,6.0,522.0,3.0,6.0,,,,31.0,32.0,,,,4.5,3.0,,31.5,1.0,,Co-Ed,,0.25,0.24802,369.0,7.0,1.0,0.125,390.0,9.0,-1.0,-0.504,-0.4234,0.28058,0.41667,2.0,0.2857,5.0,0.77778,0.0,0.77778
1.0,Ty & Kat,TARCAN9,1.8,1.8,2.0,1.0,0.0,1.5,9.0,1.0,0.0,10.0,10.0,0.5632,0.6518,5.0,0.5,9.0,0.9,0.9798,1.0,3.0,0.3,1.0,0.1,0.0,0.0,0.0,0.0,0.0,0.0,0.0,1.0,1.0,4.0,3.0,525.0,5.0,5.0,,,,25.0,25.0,,,,5.0,0.0,,25.0,0.0,,Co-Ed,,0.83,0.83452,3.0,1.0,0.0,0.92857,10.0,1.0,0.0,0.659,1.0311,0.21563,0.22917,9.0,0.9,1.0,1.0,0.33333,0.66667
2.0,Tyler & Kayleen,TARCAN9,2.4,2.4,26.0,2.0,0.0,2.0,12.0,2.0,0.0,10.0,10.0,0.4176,0.5358,3.0,0.3,8.0,0.8,1.28062,1.75,3.0,0.3,0.0,0.0,0.0,0.0,0.0,0.0,0.0,0.0,0.0,2.0,1.0,5.0,4.0,526.0,5.0,5.0,,,,35.0,31.0,,,,5.0,0.0,,33.0,4.0,,Co-Ed,,0.76,0.76163,16.0,2.0,0.0,0.75714,57.0,3.0,-1.0,0.5141,0.8537,0.1898,0.39018,10.0,1.0,0.0,1.0,0.5,0.5
4.0,Deven & Amanda,TARCAN9,5.22,5.22222,269.0,6.0,-2.0,4.0,160.0,5.0,-1.0,9.0,9.0,-0.2666,-0.0097,0.0,0.0,0.0,0.0,1.47406,2.0,0.0,0.0,4.0,0.4444,0.0,0.0,0.0,0.0,0.0,0.0,0.0,4.0,4.0,8.0,4.0,528.0,4.0,4.0,,,,33.0,41.0,,,,4.0,0.0,,37.0,8.0,,Co-Ed,,0.28,0.28311,348.0,6.0,-2.0,0.28571,323.0,7.0,-3.0,-0.4372,-0.3109,0.15858,0.25714,1.0,0.1111,8.0,0.5,0.0,0.5
5.0,Jermaine & Justin,TARCAN9,5.5,5.5,290.0,7.0,-2.0,5.5,278.0,7.0,-2.0,8.0,8.0,-0.3346,-0.0638,0.0,0.0,0.0,0.0,1.22474,1.25,0.0,0.0,2.0,0.25,2.0,0.25,0.0,0.0,0.0,0.0,0.0,6.0,4.0,8.0,4.0,529.0,3.0,4.0,,,,41.0,36.0,,,,3.5,1.0,,38.5,5.0,,Co-Ed,,0.25,0.25461,364.0,7.0,-2.0,0.27083,336.0,8.0,-3.0,-0.4938,-0.3803,0.23396,0.40714,1.0,0.125,7.0,0.66667,0.0,0.66667
5.0,Kelly & Dave,TARAU1,4.56,4.55556,216.0,6.0,-1.0,5.0,230.0,6.0,-1.0,9.0,9.0,-0.0107,0.1648,0.0,0.0,1.0,0.1111,1.16534,1.0,1.0,0.1111,1.0,0.1111,0.0,0.0,0.0,0.0,0.0,0.0,0.0,4.0,2.0,6.0,4.0,539.0,3.0,6.0,,,,37.0,52.0,,,,4.5,3.0,,44.5,15.0,,Co-Ed,,0.44,0.43849,248.0,6.0,-1.0,0.4,247.0,6.0,-1.0,-0.123,0.0118,0.24771,0.2381,4.0,0.4444,5.0,0.9,0.0,0.9
6.0,Anastasia & Chris,TARAU1,4.5,4.5,210.0,5.0,1.0,4.5,214.0,5.0,1.0,8.0,8.0,0.0026,0.1758,1.0,0.125,4.0,0.5,2.34521,4.25,1.0,0.125,1.0,0.125,0.0,0.0,0.0,0.0,0.0,0.0,0.0,7.0,1.0,7.0,6.0,540.0,3.0,5.0,,,,21.0,23.0,,,,4.0,2.0,,22.0,2.0,,Co-Ed,,0.53,0.53244,158.0,4.0,2.0,0.575,156.0,4.0,2.0,0.0649,0.2286,0.33921,0.52262,4.0,0.5,4.0,1.0,0.0,1.0
9.0,Richard & Joey,TARAU1,7.25,7.25,371.0,9.0,0.0,9.0,391.0,11.0,-2.0,4.0,4.0,-0.6069,-0.3278,1.0,0.25,1.0,0.25,3.63146,2.25,0.0,0.0,1.0,0.25,0.0,0.0,1.0,1.0,0.0,0.0,0.0,9.0,1.0,10.0,9.0,543.0,2.0,1.0,,,,29.0,30.0,,,,1.5,1.0,,29.5,1.0,,Co-Ed,,0.33,0.325,323.0,8.0,1.0,0.15,385.0,10.0,-1.0,-0.35,-0.25,0.39607,0.325,1.0,0.25,3.0,1.0,0.0,1.0
11.0,Ryot & Liberty,TARAU1,7.0,7.0,360.0,8.0,3.0,7.0,338.0,7.0,4.0,2.0,2.0,-0.5515,-0.2821,0.0,0.0,1.0,0.5,4.0,4.0,0.0,0.0,0.0,0.0,0.0,0.0,0.0,0.0,0.0,0.0,0.0,,3.0,11.0,8.0,545.0,2.0,0.0,,,,27.0,23.0,,,,1.0,2.0,,25.0,4.0,,Co-Ed,,0.4,0.4,273.0,7.0,4.0,0.4,247.0,6.0,5.0,-0.2,-0.077,0.4,0.4,1.0,0.5,1.0,0.8,0.0,0.8
4.0,Joseph & Grace,TARAU2,4.91,4.90909,249.0,5.0,-1.0,4.0,160.0,4.0,0.0,11.0,11.0,-0.0607,0.0539,0.0,0.0,3.0,0.2727,1.88074,3.0,1.0,0.0909,1.0,0.0909,1.0,0.0909,0.0,0.0,0.0,0.0,0.0,4.0,2.0,8.0,6.0,549.0,4.0,4.0,,,,22.0,21.0,,,,4.0,0.0,,21.5,1.0,,Co-Ed,,0.41,0.40779,267.0,8.0,-4.0,0.4,247.0,8.0,-4.0,-0.1844,-0.1233,0.26481,0.40952,5.0,0.4545,6.0,0.75,0.0,0.75
6.0,James & Sarah,TARAU2,5.44,5.44444,289.0,8.0,-2.0,6.0,291.0,10.0,-4.0,9.0,9.0,-0.1751,-0.0482,1.0,0.1111,2.0,0.2222,2.45452,3.0,0.0,0.0,2.0,0.2222,0.0,0.0,0.0,0.0,0.0,0.0,0.0,7.0,1.0,9.0,8.0,551.0,4.0,3.0,,,,23.0,32.0,,,,3.5,1.0,,27.5,9.0,,Co-Ed,,0.39,0.38977,279.0,9.0,-3.0,0.22222,354.0,9.0,-3.0,-0.2205,-0.162,0.31674,0.35714,4.0,0.4444,5.0,1.0,0.0,1.0
8.0,Ross & Tarryn,TARAU2,5.0,5.0,251.0,6.0,2.0,5.5,278.0,8.0,0.0,6.0,6.0,-0.0801,0.0366,1.0,0.1667,2.0,0.3333,2.82843,5.25,1.0,0.1667,0.0,0.0,1.0,0.1667,0.0,0.0,0.0,0.0,0.0,8.0,1.0,8.0,7.0,553.0,3.0,1.0,,,,55.0,27.0,,,,2.0,2.0,,41.0,28.0,,Co-Ed,,0.47,0.47315,217.0,7.0,1.0,0.475,216.0,6.0,2.0,-0.0537,0.0173,0.40813,0.77917,3.0,0.5,3.0,1.0,0.0,1.0
9.0,Kym & Donna,TARAU2,5.25,5.25,271.0,7.0,2.0,5.0,230.0,7.0,2.0,4.0,4.0,-0.1341,-0.0116,0.0,0.0,1.0,0.25,2.58602,3.25,1.0,0.25,0.0,0.0,0.0,0.0,0.0,0.0,0.0,0.0,0.0,,2.0,9.0,7.0,554.0,1.0,1.0,,,,46.0,42.0,,,,1.0,0.0,,44.0,4.0,,Co-Ed,,0.52,0.51667,172.0,5.0,4.0,0.58333,150.0,5.0,4.0,0.0333,0.1108,0.3304,0.35,3.0,0.75,1.0,0.9,0.0,0.9
2.0,Sally & Tyson,TARAU3,3.8,3.8,149.0,5.0,-3.0,4.0,160.0,5.0,-3.0,10.0,10.0,0.05,0.2245,1.0,0.1,4.0,0.4,2.08806,1.75,2.0,0.2,2.0,0.2,0.0,0.0,0.0,1.0,0.0,0.0,0.0,4.0,1.0,9.0,8.0,558.0,6.0,5.0,,,,33.0,38.0,,,,5.5,1.0,,35.5,5.0,,Co-Ed,,0.51,0.50575,182.0,5.0,-3.0,0.53571,175.0,5.0,-3.0,0.0115,0.1641,0.23658,0.26875,6.0,0.6,4.0,1.0,0.11111,0.88889
3.0,Ashleigh & Jarrod,TARAU3,3.6,3.6,133.0,4.0,-1.0,3.0,82.0,3.0,0.0,10.0,10.0,0.1,0.2653,1.0,0.1,6.0,0.6,1.90788,3.0,3.0,0.3,0.0,0.0,1.0,0.1,0.0,0.0,0.0,0.0,0.0,2.0,1.0,7.0,6.0,559.0,5.0,6.0,,,,27.0,28.0,,,,5.5,1.0,,27.5,1.0,,Co-Ed,,0.51,0.51397,177.0,4.0,-1.0,0.55556,162.0,4.0,-1.0,0.0279,0.1831,0.33,0.49286,5.0,0.5,5.0,1.0,0.0,1.0
5.0,Cat & Jesse,TARAU3,5.25,5.25,271.0,7.0,-2.0,5.0,230.0,7.0,-2.0,8.0,8.0,-0.3125,-0.0714,0.0,0.0,1.0,0.125,1.56125,2.25,0.0,0.0,1.0,0.125,1.0,0.125,0.0,0.0,0.0,0.0,0.0,5.0,3.0,8.0,5.0,561.0,4.0,5.0,,,,38.0,36.0,,,,4.5,1.0,,37.0,2.0,,Co-Ed,,0.28,0.28313,347.0,7.0,-2.0,0.31111,306.0,7.0,-2.0,-0.4337,-0.3483,0.20569,0.39286,3.0,0.375,5.0,0.5,0.0,0.5
7.0,Emily & Jono,TARAU3,3.25,3.25,95.0,3.0,4.0,2.5,59.0,2.0,5.0,4.0,4.0,0.1875,0.3367,1.0,0.25,3.0,0.75,2.27761,2.25,1.0,0.25,0.0,0.0,0.0,0.0,0.0,0.0,0.0,0.0,0.0,,1.0,7.0,6.0,563.0,2.0,2.0,,,,24.0,26.0,,,,2.0,0.0,,25.0,2.0,,Co-Ed,,0.66,0.65873,59.0,3.0,4.0,0.81746,36.0,2.0,5.0,0.3175,0.5163,0.38856,0.30952,3.0,0.75,1.0,1.0,0.0,1.0
9.0,Elizabeth & Todd,TARAU3,7.0,7.0,360.0,8.0,1.0,7.0,338.0,8.0,1.0,2.0,2.0,-0.75,-0.4286,0.0,0.0,0.0,0.0,2.0,2.0,0.0,0.0,0.0,0.0,0.0,0.0,0.0,0.0,0.0,0.0,0.0,,5.0,9.0,4.0,565.0,1.0,1.0,,,,50.0,25.0,,,,1.0,0.0,,37.5,25.0,,Co-Ed,,0.28,0.27778,352.0,8.0,1.0,0.27778,331.0,8.0,1.0,-0.4444,-0.3606,0.27778,0.27778,1.0,0.5,1.0,0.55556,0.0,0.55556
2.0,Jasmin & Jerome,TARAU4,3.33,3.33333,105.0,3.0,-1.0,3.0,82.0,2.0,0.0,12.0,12.0,0.2386,0.4219,1.0,0.0833,7.0,0.5833,1.43372,2.25,3.0,0.25,2.0,0.1667,0.0,0.0,1.0,0.0,1.0,0.0,0.0,3.0,1.0,6.0,5.0,568.0,2.0,6.0,,,,30.0,30.0,,,,4.0,4.0,,30.0,0.0,,Co-Ed,,0.59,0.59213,117.0,3.0,-1.0,0.6125,131.0,4.0,-2.0,0.1843,0.5256,0.19643,0.1875,10.0,0.8333,2.0,1.0,0.2,0.8
3.0,Viv & Joey,TARAU4,3.83,3.83333,153.0,4.0,-1.0,3.0,82.0,2.0,1.0,12.0,12.0,0.1243,0.3351,0.0,0.0,7.0,0.5833,1.81812,3.0,4.0,0.3333,2.0,0.1667,1.0,0.0833,0.0,0.0,0.0,0.0,0.0,2.0,2.0,7.0,5.0,569.0,2.0,6.0,,,,25.0,28.0,,,,4.0,4.0,,26.5,3.0,,Co-Ed,,0.45,0.4464,238.0,5.0,-2.0,0.41667,241.0,5.0,-2.0,-0.1072,0.1501,0.32442,0.53304,6.0,0.5,6.0,0.9,0.0,0.9
6.0,Sid & Ash,TARAU4,5.25,5.25,271.0,6.0,0.0,6.0,291.0,7.0,-1.0,8.0,8.0,-0.2004,0.0885,1.0,0.125,2.0,0.25,2.33184,2.5,0.0,0.0,0.0,0.0,1.0,0.125,0.0,1.0,0.0,0.0,0.0,6.0,1.0,9.0,8.0,572.0,3.0,2.0,,,,26.0,30.0,,,,2.5,1.0,,28.0,4.0,,Co-Ed,,0.4,0.40372,270.0,6.0,0.0,0.35417,279.0,7.0,-1.0,-0.1926,0.0401,0.33107,0.46607,3.0,0.375,5.0,1.0,0.0,1.0
8.0,Chris & Adrienne,TARAU4,7.0,7.0,360.0,8.0,0.0,7.0,338.0,8.0,0.0,5.0,5.0,-0.6006,-0.2153,0.0,0.0,0.0,0.0,0.89443,2.0,0.0,0.0,1.0,0.2,0.0,0.0,0.0,0.0,0.0,0.0,0.0,6.0,6.0,8.0,2.0,574.0,1.0,1.0,,,,58.0,59.0,,,,1.0,0.0,,58.5,1.0,,Co-Ed,,0.27,0.26889,358.0,8.0,0.0,0.375,269.0,6.0,2.0,-0.4622,-0.3072,0.17451,0.275,0.0,0.0,5.0,0.44444,0.0,0.44444
11.0,Alana & Niko,TARAU4,11.0,11.0,426.0,11.0,0.0,11.0,425.0,11.0,0.0,1.0,1.0,-1.5152,-0.9097,0.0,0.0,0.0,0.0,0.0,0.0,0.0,0.0,0.0,0.0,0.0,0.0,0.0,0.0,0.0,0.0,0.0,,11.0,11.0,0.0,577.0,1.0,0.0,,,,21.0,19.0,,,,0.5,1.0,,20.0,2.0,,Co-Ed,,0.0,0.0,420.0,11.0,0.0,0.0,416.0,11.0,0.0,-1.0,-1.0,0.0,0.0,0.0,0.0,1.0,0.0,0.0,0.0
4.0,Chris & Aleisha,TARAU5,4.36,4.36364,201.0,6.0,-2.0,4.0,160.0,6.0,-2.0,22.0,22.0,0.138,0.2922,1.0,0.0455,8.0,0.3636,2.1436,3.5,5.0,0.2273,4.0,0.1818,1.0,0.0455,0.0,1.0,0.0,0.0,0.0,4.0,1.0,8.0,7.0,581.0,10.0,6.0,,,,31.0,30.0,,,,8.0,4.0,,30.5,1.0,,Co-Ed,,0.51,0.50509,183.0,6.0,-2.0,0.47727,215.0,7.0,-3.0,0.0102,0.1436,0.29912,0.49107,11.0,0.5,11.0,1.0,0.0,1.0
5.0,Skye-Blue & Jake,TARAU5,4.9,4.9,247.0,7.0,-2.0,5.0,230.0,7.0,-2.0,20.0,20.0,0.0312,0.2045,2.0,0.1,5.0,0.25,2.2561,2.5,1.0,0.05,2.0,0.1,0.0,0.0,1.0,0.0,0.0,0.0,0.0,4.0,1.0,10.0,9.0,582.0,6.0,7.0,,,,27.0,29.0,,,,6.5,1.0,,28.0,2.0,,Co-Ed,,0.49,0.49167,196.0,7.0,-2.0,0.53571,175.0,5.0,0.0,-0.0167,0.1132,0.26755,0.37063,12.0,0.6,8.0,1.0,0.0,1.0
7.0,Holly & Dolor,TARAU5,6.56,6.5625,348.0,9.0,-2.0,6.5,326.0,8.0,-1.0,16.0,16.0,-0.297,-0.0649,0.0,0.0,1.0,0.0625,2.37088,3.5,1.0,0.0625,3.0,0.1875,1.0,0.0625,0.0,1.0,0.0,0.0,0.0,9.0,2.0,11.0,9.0,584.0,6.0,4.0,,,,25.0,26.0,,,,5.0,2.0,,25.5,1.0,,Co-Ed,,0.36,0.35876,295.0,11.0,-4.0,0.33516,290.0,11.0,-4.0,-0.2825,-0.1877,0.24422,0.375,6.0,0.375,10.0,0.85714,0.0,0.85714
9.0,Jordan & Violeta,TARAU5,6.75,6.75,354.0,11.0,-2.0,7.0,338.0,9.0,0.0,12.0,12.0,-0.3345,-0.0958,0.0,0.0,2.0,0.1667,2.83211,4.5,1.0,0.0833,2.0,0.1667,1.0,0.0833,0.0,0.0,0.0,0.0,0.0,5.0,2.0,11.0,9.0,586.0,4.0,4.0,,,,23.0,22.0,,,,4.0,0.0,,22.5,1.0,,Co-Ed,,0.38,0.3827,281.0,10.0,-1.0,0.29167,320.0,12.0,-3.0,-0.2346,-0.1335,0.29465,0.57024,5.0,0.4167,7.0,0.875,0.0,0.875
10.0,Dwes & Katherine,TARAU5,7.89,7.88889,385.0,13.0,-3.0,9.0,391.0,14.0,-4.0,9.0,9.0,-0.5599,-0.2808,0.0,0.0,1.0,0.1111,3.38114,4.0,1.0,0.1111,0.0,0.0,1.0,0.1111,0.0,0.0,0.0,0.0,0.0,9.0,2.0,14.0,12.0,587.0,4.0,2.0,,,,32.0,31.0,,,,3.0,2.0,,31.5,1.0,,Co-Ed,,0.29,0.29491,343.0,13.0,-3.0,0.27273,334.0,13.0,-3.0,-0.4102,-0.3323,0.28812,0.4,2.0,0.2222,7.0,0.88889,0.0,0.88889
11.0,Sefa & Jessica,TARAU5,6.71,6.71429,353.0,10.0,1.0,7.0,338.0,9.0,2.0,7.0,7.0,-0.3266,-0.0893,0.0,0.0,1.0,0.1429,2.60298,3.0,1.0,0.1429,0.0,0.0,0.0,0.0,0.0,0.0,0.0,0.0,0.0,7.0,2.0,10.0,8.0,588.0,2.0,3.0,,,,29.0,32.0,,,,2.5,1.0,,30.5,3.0,,Co-Ed,,0.46,0.46123,225.0,9.0,2.0,0.45455,221.0,9.0,2.0,-0.0775,0.0443,0.26808,0.3162,3.0,0.4286,4.0,0.875,0.0,0.875
12.0,Jobelle & Rani,TARAU5,8.33,8.33333,388.0,14.0,-2.0,8.0,375.0,13.0,-1.0,6.0,6.0,-0.6469,-0.3523,0.0,0.0,0.0,0.0,2.4267,2.75,0.0,0.0,2.0,0.3333,0.0,0.0,0.0,0.0,0.0,0.0,0.0,6.0,6.0,13.0,7.0,589.0,1.0,3.0,,,,29.0,52.0,,,,2.0,2.0,,40.5,23.0,,Co-Ed,,0.31,0.31131,335.0,12.0,0.0,0.35,284.0,10.0,2.0,-0.3774,-0.2951,0.22712,0.4264,3.0,0.5,3.0,0.54545,0.0,0.54545
13.0,Shane & Deb,TARAU5,4.2,4.2,182.0,5.0,8.0,2.0,12.0,1.0,12.0,5.0,5.0,0.1696,0.3182,1.0,0.2,3.0,0.6,3.65513,3.0,2.0,0.4,0.0,0.0,0.0,0.0,0.0,0.0,1.0,0.0,0.0,2.0,1.0,11.0,10.0,590.0,2.0,1.0,,,,47.0,41.0,,,,1.5,1.0,,44.0,6.0,,Co-Ed,,0.7,0.70361,33.0,2.0,11.0,0.90909,11.0,1.0,12.0,0.4072,0.5931,0.36624,0.22436,4.0,0.8,1.0,1.0,0.0,1.0
1.0,Heath & Toni,TARAU6,3.95,3.95,160.0,4.0,-3.0,2.0,12.0,1.0,0.0,20.0,20.0,0.2605,0.4761,6.0,0.3,12.0,0.6,3.65342,4.0,5.0,0.25,1.0,0.05,1.0,0.05,0.0,0.0,1.0,0.0,0.0,1.0,1.0,14.0,13.0,594.0,9.0,7.0,,,,,,,,,8.0,2.0,,,,,Co-Ed,,0.68,0.67762,47.0,3.0,-2.0,0.79286,43.0,4.0,-3.0,0.3552,0.7242,0.31399,0.66667,14.0,0.7,6.0,1.0,0.0,1.0
2.0,Angel & Frankie,TARAU6,3.0,3.0,66.0,2.0,0.0,3.0,82.0,3.0,-1.0,20.0,20.0,0.4383,0.6021,6.0,0.3,15.0,0.75,2.25832,2.25,3.0,0.15,2.0,0.1,0.0,0.0,0.0,0.0,0.0,0.0,0.0,1.0,1.0,9.0,8.0,595.0,6.0,10.0,,,,,,,,,8.0,4.0,,,,,Co-Ed,,0.7,0.70218,35.0,2.0,0.0,0.69048,83.0,5.0,-3.0,0.4044,0.7867,0.2476,0.47794,16.0,0.8,4.0,1.0,0.25,0.75
3.0,Kelly & Georgia,TARAU6,5.13,5.125,260.0,6.0,-3.0,5.0,230.0,6.0,-3.0,16.0,16.0,0.0396,0.3196,3.0,0.1875,5.0,0.3125,2.9128,3.5,0.0,0.0,1.0,0.0625,0.0,0.0,0.0,0.0,0.0,0.0,0.0,5.0,1.0,11.0,10.0,596.0,7.0,7.0,,,,,,,,,7.0,0.0,,,,,Co-Ed,,0.52,0.51516,174.0,6.0,-3.0,0.42857,233.0,9.0,-6.0,0.0303,0.3108,0.30004,0.40189,7.0,0.4375,9.0,1.0,0.0,1.0
7.0,Chelsea & Jamus,TARAU6,5.94,5.9375,310.0,8.0,-1.0,6.0,291.0,7.0,0.0,16.0,16.0,-0.1121,0.2122,1.0,0.0625,2.0,0.125,2.24913,2.0,0.0,0.0,4.0,0.25,1.0,0.0625,0.0,0.0,0.0,0.0,0.0,6.0,1.0,11.0,10.0,600.0,5.0,6.0,,,,,,,,,5.5,1.0,,,,,Co-Ed,,0.43,0.42535,255.0,8.0,-1.0,0.51667,181.0,6.0,1.0,-0.1493,0.0823,0.29101,0.47103,9.0,0.5625,7.0,1.0,0.0,1.0
12.0,Kathy & Chace,TARAU6,4.0,4.0,161.0,5.0,7.0,3.0,82.0,3.0,9.0,3.0,3.0,0.2511,0.4695,0.0,0.0,2.0,0.6667,2.16025,2.5,1.0,0.3333,0.0,0.0,0.0,0.0,0.0,0.0,0.0,0.0,0.0,,2.0,7.0,5.0,605.0,1.0,1.0,,,,,,,,,1.0,0.0,,,,,Co-Ed,,0.59,0.59041,119.0,5.0,7.0,0.88235,13.0,1.0,11.0,0.1808,0.5023,0.41749,0.44444,2.0,0.6667,1.0,0.88889,0.0,0.88889
14.0,Tammy & Vincent,TARAU6,9.0,9.0,396.0,12.0,2.0,7.0,338.0,10.0,4.0,7.0,7.0,-0.685,-0.1936,0.0,0.0,0.0,0.0,3.96412,6.5,0.0,0.0,1.0,0.1429,0.0,0.0,0.0,0.0,0.0,0.0,0.0,7.0,4.0,15.0,11.0,607.0,2.0,2.0,,,,,,,,,2.0,0.0,,,,,Co-Ed,,0.38,0.38001,284.0,10.0,4.0,0.5,183.0,7.0,7.0,-0.24,-0.0331,0.2872,0.45873,4.0,0.5714,3.0,0.82353,0.0,0.82353
18.0,Jake & Holly,TARAU6,12.5,12.5,449.0,20.0,-2.0,12.5,449.0,18.0,0.0,2.0,2.0,-1.3402,-0.6578,0.0,0.0,0.0,0.0,5.5,5.5,0.0,0.0,0.0,0.0,0.0,0.0,0.0,0.0,0.0,0.0,0.0,,7.0,18.0,11.0,611.0,1.0,1.0,,,,,,,,,1.0,0.0,,,,,Co-Ed,,0.17,0.16667,388.0,18.0,0.0,0.16667,379.0,17.0,1.0,-0.6667,-0.5759,0.16667,0.16667,0.0,0.0,2.0,0.33333,0.0,0.33333
20.0,Paul & Rachel,TARAU6,10.0,10.0,412.0,15.0,5.0,10.0,409.0,14.0,6.0,1.0,1.0,-0.8722,-0.3263,0.0,0.0,0.0,0.0,0.0,0.0,0.0,0.0,0.0,0.0,0.0,0.0,0.0,0.0,0.0,0.0,0.0,,10.0,10.0,0.0,613.0,0.0,1.0,,,,,,,,,0.5,1.0,,,,,Co-Ed,,0.0,0.0,420.0,19.0,1.0,0.0,416.0,19.0,1.0,-1.0,-1.0,0.0,0.0,0.0,0.0,1.0,0.0,0.0,0.0
5.0,Jana & Cor,TARAU7,3.89,3.88889,157.0,4.0,1.0,3.0,82.0,3.0,2.0,9.0,9.0,0.0972,0.3151,1.0,0.1111,5.0,0.5556,2.02454,2.0,1.0,0.1111,1.0,0.1111,0.0,0.0,0.0,0.0,0.0,0.0,0.0,3.0,1.0,8.0,7.0,618.0,2.0,3.0,,,,40.0,16.0,,,,2.5,1.0,,,,,Co-Ed,,0.55,0.55344,143.0,4.0,1.0,0.6,135.0,4.0,1.0,0.0673,0.3614,0.30537,0.21429,7.0,0.7778,2.0,1.0,0.0,1.0
7.0,George & Pam,TARAU7,6.67,6.66667,351.0,8.0,-1.0,7.0,338.0,8.0,-1.0,6.0,6.0,-0.5481,-0.1743,0.0,0.0,0.0,0.0,1.69967,2.25,0.0,0.0,1.0,0.1667,1.0,0.1667,0.0,0.0,0.0,0.0,0.0,7.0,4.0,9.0,5.0,620.0,1.0,2.0,,,,33.0,29.0,,,,1.5,1.0,,,,,Co-Ed,,0.27,0.27163,357.0,8.0,-1.0,0.22917,353.0,8.0,-1.0,-0.4761,-0.3318,0.24852,0.48065,2.0,0.3333,4.0,0.6,0.0,0.6
8.0,Ben & Jackie,TARAU7,5.6,5.6,296.0,7.0,1.0,6.0,291.0,7.0,1.0,5.0,5.0,-0.2997,0.0141,0.0,0.0,1.0,0.2,2.05913,2.0,1.0,0.2,0.0,0.0,0.0,0.0,0.0,0.0,0.0,0.0,0.0,,2.0,8.0,6.0,621.0,2.0,0.0,,,,43.0,42.0,,,,1.0,2.0,,,,,Co-Ed,,0.44,0.44389,243.0,5.0,3.0,0.44444,227.0,6.0,2.0,-0.1439,0.0919,0.27856,0.1,2.0,0.4,3.0,0.875,0.0,0.875
9.0,Peter & Frankie,TARAU7,8.5,8.5,390.0,9.0,0.0,9.0,391.0,9.0,0.0,4.0,4.0,-0.9728,-0.4965,0.0,0.0,0.0,0.0,0.86603,0.5,0.0,0.0,1.0,0.25,0.0,0.0,0.0,0.0,0.0,0.0,0.0,9.0,7.0,9.0,2.0,622.0,1.0,1.0,,,,60.0,20.0,,,,1.0,0.0,,,,,Co-Ed,,0.14,0.14028,397.0,10.0,-1.0,0.15556,382.0,9.0,0.0,-0.7295,-0.6549,0.09505,0.12917,0.0,0.0,4.0,0.25,0.0,0.25
10.0,Grant & Chezzi,TARAU7,9.0,9.0,396.0,10.0,0.0,9.0,391.0,9.0,1.0,2.0,2.0,-1.0888,-0.5845,0.0,0.0,0.0,0.0,1.0,1.0,0.0,0.0,0.0,0.0,0.0,0.0,0.0,0.0,0.0,0.0,0.0,,8.0,10.0,2.0,623.0,0.0,0.0,,,,45.0,43.0,,,,0.0,0.0,,,,,Co-Ed,,0.15,0.15,393.0,9.0,1.0,0.15,385.0,10.0,0.0,-0.7107,-0.631,0.15,0.15,0.0,0.0,2.0,0.3,0.0,0.3
1.0,Charlie & Rachel,TARCR1,2.17,2.16667,12.0,1.0,0.0,1.5,9.0,1.0,0.0,12.0,12.0,0.4712,0.5835,6.0,0.5,9.0,0.75,1.40436,2.25,2.0,0.1667,1.0,0.0833,1.0,0.0833,0.0,0.0,0.0,0.0,0.0,1.0,1.0,5.0,4.0,625.0,6.0,6.0,,,,26.0,25.0,,,,6.0,0.0,,25.5,1.0,,Co-Ed,,0.76,0.76273,15.0,1.0,0.0,0.9375,9.0,1.0,0.0,0.5255,0.864,0.32461,0.3125,10.0,0.8333,2.0,1.0,0.0,1.0
6.0,Sean & Amy,TARCR1,2.83,2.83333,51.0,3.0,3.0,2.0,12.0,2.0,4.0,6.0,6.0,0.3104,0.4568,0.0,0.0,5.0,0.8333,1.46249,0.75,4.0,0.6667,0.0,0.0,0.0,0.0,0.0,0.0,0.0,0.0,0.0,2.0,2.0,6.0,4.0,630.0,3.0,3.0,,,,32.0,27.0,,,,3.0,0.0,,29.5,5.0,,Co-Ed,,0.7,0.70304,34.0,3.0,3.0,0.84524,24.0,2.0,4.0,0.4061,0.7181,0.31788,0.11012,5.0,0.8333,1.0,0.88889,0.0,0.88889
8.0,Janis & Aleksandra,TARCR1,7.0,7.0,360.0,8.0,0.0,7.0,338.0,7.0,1.0,4.0,4.0,-0.7057,-0.3436,0.0,0.0,0.0,0.0,0.70711,0.5,0.0,0.0,0.0,0.0,0.0,0.0,0.0,0.0,0.0,1.0,0.0,7.0,6.0,8.0,2.0,632.0,4.0,0.0,,,,40.0,24.0,,,,2.0,4.0,,32.0,16.0,,Co-Ed,,0.26,0.25694,362.0,8.0,0.0,0.29167,320.0,8.0,0.0,-0.4861,-0.3721,0.1636,0.17361,0.0,0.0,4.0,0.44444,0.0,0.44444
1.0,Lily & Jan,TARCR2,2.75,2.75,44.0,1.0,0.0,2.0,12.0,1.0,0.0,12.0,11.0,0.3562,0.4879,4.0,0.3333,9.0,0.75,1.87639,2.5,3.0,0.25,1.0,0.0833,0.0,0.0,0.0,1.0,0.0,0.0,1.0,1.0,1.0,7.0,6.0,635.0,6.0,6.0,,,,29.0,26.0,,,,6.0,0.0,,27.5,3.0,,Co-Ed,,0.73,0.73082,24.0,1.0,0.0,0.775,52.0,3.0,-2.0,0.4616,0.7289,0.2667,0.36111,10.0,0.8333,2.0,1.0,0.2,0.8
2.0,Simon & Katherine,TARCR2,4.75,4.75,231.0,7.0,-5.0,5.0,230.0,8.0,-6.0,12.0,11.0,-0.112,0.1155,0.0,0.0,4.0,0.3333,1.68943,3.0,1.0,0.0833,4.0,0.3333,0.0,0.0,0.0,0.0,0.0,0.0,0.0,6.0,2.0,8.0,6.0,636.0,6.0,6.0,,,,33.0,24.0,,,,6.0,0.0,,28.5,9.0,,Co-Ed,,0.36,0.35552,298.0,8.0,-6.0,0.33333,291.0,8.0,-6.0,-0.289,-0.159,0.13459,0.25694,4.0,0.3333,8.0,0.6,0.16667,0.43333
3.0,Sun Bin & Hao Fei'er,TARCR2,2.92,2.91667,63.0,2.0,1.0,2.0,12.0,1.0,2.0,12.0,11.0,0.3164,0.4562,4.0,0.3333,10.0,0.8333,2.59674,2.0,4.0,0.3333,1.0,0.0833,0.0,0.0,0.0,0.0,1.0,0.0,1.0,1.0,1.0,9.0,8.0,637.0,6.0,6.0,,,,25.0,26.0,,,,6.0,0.0,,25.5,1.0,,Co-Ed,,0.67,0.67454,49.0,2.0,1.0,0.8,38.0,1.0,2.0,0.3491,0.5958,0.34512,0.55,9.0,0.75,3.0,1.0,0.0,1.0
4.0,Matt & Kylie,TARCR2,4.36,4.36364,201.0,5.0,-1.0,4.0,160.0,5.0,-1.0,11.0,10.0,-0.0207,0.1881,1.0,0.0909,3.0,0.2727,2.30701,1.0,1.0,0.0909,2.0,0.1818,0.0,0.0,0.0,0.0,0.0,0.0,0.0,4.0,1.0,10.0,9.0,638.0,6.0,5.0,,,,28.0,26.0,,,,5.5,1.0,,27.0,2.0,,Co-Ed,,0.45,0.45119,231.0,6.0,-2.0,0.4,247.0,7.0,-3.0,-0.0976,0.0674,0.28882,0.29405,5.0,0.4545,6.0,1.0,0.0,1.0
8.0,Summer & Eachen,TARCR2,5.25,5.25,271.0,8.0,0.0,4.5,214.0,6.0,2.0,4.0,4.0,-0.229,0.0223,0.0,0.0,0.0,0.0,1.63936,1.75,0.0,0.0,0.0,0.0,0.0,0.0,0.0,0.0,0.0,0.0,0.0,4.0,4.0,8.0,4.0,642.0,0.0,3.0,,,,24.0,25.0,,,,1.5,3.0,,24.5,1.0,,Co-Ed,,0.47,0.46667,222.0,5.0,3.0,0.58333,150.0,5.0,3.0,-0.0667,0.104,0.27988,0.3,3.0,0.75,1.0,0.7,0.0,0.7
10.0,A Lai & Jackie,TARCR2,9.5,9.5,407.0,10.0,0.0,9.5,405.0,10.0,0.0,2.0,2.0,-1.224,-0.7691,0.0,0.0,0.0,0.0,0.5,0.5,0.0,0.0,0.0,0.0,0.0,0.0,0.0,0.0,0.0,0.0,0.0,,9.0,10.0,1.0,644.0,0.0,0.0,,,,47.0,23.0,,,,0.0,0.0,,35.0,24.0,,Co-Ed,,0.1,0.1,406.0,10.0,0.0,0.1,401.0,10.0,0.0,-0.8,-0.7634,0.1,0.1,0.0,0.0,2.0,0.2,0.0,0.2
2.0,Christine & Steven,TARCR3,4.0,4.0,161.0,4.0,-2.0,3.5,150.0,4.0,-2.0,12.0,12.0,0.0894,0.278,0.0,0.0,6.0,0.5,1.91485,4.0,4.0,0.3333,3.0,0.25,0.0,0.0,0.0,0.0,0.0,0.0,0.0,2.0,2.0,7.0,5.0,647.0,5.0,7.0,,,,23.0,24.0,,,,6.0,2.0,,23.5,1.0,,Co-Ed,,0.5,0.50033,184.0,5.0,-3.0,0.58333,150.0,5.0,-3.0,0.0007,0.2127,0.25049,0.47321,7.0,0.5833,5.0,0.8,0.14286,0.65714
4.0,Zhang Yelin & Li Yang,TARCR3,4.55,4.54545,215.0,5.0,-1.0,4.0,160.0,5.0,-1.0,11.0,11.0,-0.0358,0.1787,1.0,0.0909,4.0,0.3636,2.31059,2.5,1.0,0.0909,1.0,0.0909,1.0,0.0909,0.0,1.0,0.0,0.0,1.0,4.0,1.0,9.0,8.0,649.0,5.0,5.0,,,,27.0,27.0,,,,5.0,0.0,,27.0,0.0,,Co-Ed,,0.45,0.45162,230.0,6.0,-2.0,0.42857,233.0,6.0,-2.0,-0.0968,0.0946,0.30135,0.42381,5.0,0.4545,6.0,1.0,0.0,1.0
6.0,Khai Shing & Khai Sheng,TARCR3,3.63,3.625,136.0,3.0,3.0,2.5,59.0,2.0,4.0,8.0,8.0,0.1737,0.3448,1.0,0.125,5.0,0.625,2.17586,4.0,3.0,0.375,0.0,0.0,0.0,0.0,0.0,0.0,0.0,0.0,0.0,2.0,1.0,7.0,6.0,651.0,4.0,3.0,,,,25.0,25.0,,,,3.5,1.0,,25.0,0.0,,Co-Ed,,0.64,0.63755,77.0,2.0,4.0,0.7619,56.0,2.0,4.0,0.2751,0.5453,0.3133,0.42827,5.0,0.625,3.0,1.0,0.0,1.0
7.0,Henry & Jennifer,TARCR3,7.43,7.42857,379.0,9.0,-2.0,7.0,338.0,8.0,-1.0,7.0,7.0,-0.6914,-0.3412,0.0,0.0,0.0,0.0,1.39971,1.0,0.0,0.0,2.0,0.2857,2.0,0.2857,0.0,0.0,0.0,1.0,0.0,7.0,5.0,10.0,5.0,652.0,4.0,2.0,,,,33.0,32.0,,,,3.0,2.0,,32.5,1.0,,Co-Ed,,0.16,0.16139,391.0,9.0,-2.0,0.125,390.0,10.0,-3.0,-0.6772,-0.6088,0.15047,0.1881,0.0,0.0,7.0,0.42857,0.0,0.42857
9.0,Yu Ping & Yu Chenjing,TARCR3,6.33,6.33333,331.0,8.0,1.0,8.0,375.0,9.0,0.0,3.0,3.0,-0.441,-0.1426,0.0,0.0,1.0,0.3333,3.09121,3.5,1.0,0.3333,0.0,0.0,0.0,0.0,0.0,0.0,0.0,0.0,0.0,,2.0,9.0,7.0,654.0,1.0,1.0,,,,46.0,22.0,,,,1.0,0.0,,34.0,24.0,,Co-Ed,,0.37,0.37407,288.0,8.0,1.0,0.22222,354.0,8.0,1.0,-0.2519,-0.0933,0.38279,0.45,1.0,0.3333,2.0,0.9,0.0,0.9
3.0,Perri & Maristela,TARBR1,2.31,2.30769,19.0,1.0,2.0,2.0,12.0,1.0,2.0,13.0,13.0,0.4651,0.5897,5.0,0.3846,10.0,0.7692,1.20158,2.0,2.0,0.1538,0.0,0.0,0.0,0.0,0.0,0.0,0.0,0.0,0.0,1.0,1.0,4.0,3.0,659.0,6.0,5.0,,,,,,,,,5.5,1.0,,,,,Co-Ed,,0.74,0.73529,23.0,1.0,2.0,0.75,58.0,1.0,2.0,0.4706,0.8404,0.28215,0.375,11.0,0.8462,2.0,1.0,0.0,1.0
4.0,Jorge & Silvia,TARBR1,4.33,4.33333,195.0,4.0,0.0,4.5,214.0,4.0,0.0,12.0,12.0,-0.0027,0.2309,1.0,0.0833,3.0,0.25,1.69967,1.25,1.0,0.0833,1.0,0.0833,1.0,0.0833,1.0,0.0,0.0,0.0,0.0,5.0,1.0,7.0,6.0,660.0,6.0,4.0,,,,,,,,,5.0,2.0,,,,,Co-Ed,,0.43,0.43016,253.0,6.0,-2.0,0.38095,265.0,6.0,-2.0,-0.1397,0.0767,0.29367,0.4375,5.0,0.4167,7.0,1.0,0.0,1.0
2.0,Maya & Amichay,TARIL1,2.2,2.2,15.0,1.0,1.0,2.5,59.0,2.0,0.0,10.0,10.0,0.4846,0.5777,4.0,0.4,9.0,0.9,1.07703,2.0,1.0,0.1,2.0,0.2,0.0,0.0,0.0,1.0,0.0,0.0,0.0,1.0,1.0,4.0,3.0,669.0,5.0,5.0,,,,30.0,33.0,,,,5.0,0.0,,31.5,3.0,,Co-Ed,,0.69,0.69333,42.0,2.0,0.0,0.675,91.0,3.0,-1.0,0.3867,0.6642,0.28089,0.5,8.0,0.8,2.0,1.0,0.25,0.75
3.0,Tom & Gil,TARIL1,3.5,3.5,124.0,4.0,-1.0,4.0,160.0,4.0,-1.0,10.0,10.0,0.1801,0.3282,1.0,0.1,4.0,0.4,1.43178,1.75,2.0,0.2,2.0,0.2,0.0,0.0,0.0,0.0,0.0,0.0,0.0,4.0,1.0,6.0,5.0,670.0,5.0,5.0,,,,54.0,27.0,,,,5.0,0.0,,40.5,27.0,,Co-Ed,,0.54,0.53853,153.0,4.0,-1.0,0.59821,142.0,4.0,-1.0,0.0771,0.2926,0.29374,0.40278,7.0,0.7,3.0,1.0,0.0,1.0
4.0,Michal & Ran,TARIL1,3.11,3.11111,80.0,3.0,1.0,3.0,82.0,3.0,1.0,9.0,9.0,0.2714,0.4031,1.0,0.1111,6.0,0.6667,1.2862,2.0,2.0,0.2222,1.0,0.1111,0.0,0.0,0.0,0.0,1.0,0.0,0.0,3.0,1.0,5.0,4.0,671.0,4.0,5.0,,,,35.0,39.0,,,,4.5,1.0,,37.0,4.0,,Co-Ed,,0.61,0.60511,107.0,3.0,1.0,0.77778,47.0,2.0,2.0,0.2102,0.4525,0.31332,0.33333,7.0,0.7778,2.0,1.0,0.0,1.0
8.0,Alen & Inbal,TARIL1,7.25,7.25,371.0,8.0,0.0,8.0,375.0,8.0,0.0,4.0,4.0,-0.6984,-0.3916,0.0,0.0,0.0,0.0,1.29904,0.75,0.0,0.0,1.0,0.25,0.0,0.0,0.0,0.0,0.0,1.0,0.0,8.0,5.0,8.0,3.0,675.0,2.0,2.0,,,,32.0,26.0,,,,2.0,0.0,,29.0,6.0,,Co-Ed,,0.23,0.22569,374.0,8.0,0.0,0.17361,377.0,8.0,0.0,-0.5486,-0.4583,0.20609,0.21181,1.0,0.25,3.0,0.55556,0.0,0.55556
3.0,Anaelle & Akiva,TARIL2,2.69,2.69231,40.0,2.0,1.0,2.0,12.0,1.0,2.0,13.0,13.0,0.319,0.5272,3.0,0.2308,10.0,0.7692,1.43498,1.0,4.0,0.3077,0.0,0.0,0.0,0.0,0.0,0.0,0.0,0.0,0.0,2.0,1.0,5.0,4.0,680.0,5.0,5.0,,,,26.0,28.0,,,,5.0,0.0,,27.0,2.0,,Co-Ed,,0.64,0.64212,73.0,2.0,1.0,0.71429,74.0,2.0,1.0,0.2842,0.712,0.28845,0.3,10.0,0.7692,3.0,1.0,0.0,1.0
4.0,Tom & Adele,TARIL2,4.17,4.16667,180.0,5.0,-1.0,4.0,160.0,4.0,0.0,12.0,12.0,-0.0557,0.2671,1.0,0.0833,3.0,0.25,1.46249,1.25,0.0,0.0,3.0,0.25,2.0,0.1667,0.0,1.0,0.0,0.0,0.0,4.0,1.0,7.0,6.0,681.0,6.0,4.0,,,,23.0,18.0,,,,5.0,2.0,,20.5,5.0,,Co-Ed,,0.37,0.37044,290.0,6.0,-2.0,0.325,302.0,7.0,-3.0,-0.2591,-0.0124,0.30717,0.475,4.0,0.3333,8.0,1.0,0.0,1.0
7.0,Alon & Hen,TARIL2,4.4,4.4,206.0,6.0,1.0,4.0,160.0,4.0,3.0,5.0,5.0,-0.1139,0.2267,1.0,0.2,1.0,0.2,2.05913,2.0,0.0,0.0,0.0,0.0,0.0,0.0,0.0,2.0,0.0,0.0,0.0,4.0,1.0,7.0,6.0,684.0,3.0,2.0,,,,32.0,28.0,,,,2.5,1.0,,30.0,4.0,,Co-Ed,,0.53,0.52929,161.0,4.0,3.0,0.57143,157.0,4.0,3.0,0.0586,0.4111,0.3336,0.325,3.0,0.6,2.0,1.0,0.0,1.0
8.0,Firass & Shira,TARIL2,7.33,7.33333,375.0,8.0,0.0,7.0,338.0,8.0,0.0,3.0,3.0,-0.8557,-0.2882,0.0,0.0,0.0,0.0,0.4714,0.5,0.0,0.0,0.0,0.0,0.0,0.0,0.0,0.0,0.0,0.0,0.0,7.0,7.0,8.0,1.0,685.0,2.0,1.0,,,,36.0,33.0,,,,1.5,1.0,,34.5,3.0,,Co-Ed,,0.22,0.21667,377.0,8.0,0.0,0.25,340.0,8.0,0.0,-0.5667,-0.4223,0.16499,0.2,0.0,0.0,3.0,0.4,0.0,0.4
9.0,Nitzan & Fifi,TARIL2,9.0,9.0,396.0,9.0,0.0,9.0,391.0,9.0,0.0,2.0,2.0,-1.2785,-0.5817,0.0,0.0,0.0,0.0,0.0,0.0,0.0,0.0,1.0,0.5,0.0,0.0,0.0,0.0,0.0,0.0,0.0,9.0,9.0,9.0,0.0,686.0,2.0,0.0,,,,28.0,21.0,,,,1.0,2.0,,24.5,7.0,,Co-Ed,,0.1,0.1,406.0,9.0,0.0,0.1,401.0,9.0,0.0,-0.8,-0.7334,0.1,0.1,0.0,0.0,2.0,0.2,0.0,0.2
11.0,Gadi & Alona,TARIL2,11.0,11.0,426.0,11.0,0.0,11.0,425.0,11.0,0.0,1.0,1.0,-1.7848,-0.9332,0.0,0.0,0.0,0.0,0.0,0.0,0.0,0.0,0.0,0.0,0.0,0.0,0.0,0.0,0.0,0.0,0.0,,11.0,11.0,0.0,688.0,0.0,0.0,,,,36.0,44.0,,,,0.0,0.0,,40.0,8.0,,Co-Ed,,0.0,0.0,420.0,11.0,0.0,0.0,416.0,11.0,0.0,-1.0,-1.0,0.0,0.0,0.0,0.0,1.0,0.0,0.0,0.0
1.0,Talia & Koby,TARIL3,3.69,3.69231,140.0,3.0,-2.0,4.0,160.0,5.0,-4.0,13.0,13.0,0.1781,0.3242,4.0,0.3077,6.0,0.4615,2.49259,4.0,2.0,0.1538,2.0,0.1538,0.0,0.0,0.0,1.0,0.0,0.0,0.0,1.0,1.0,8.0,7.0,689.0,4.0,3.0,,,,30.0,34.0,,,,3.5,1.0,,32.0,4.0,,Co-Ed,,0.64,0.63727,78.0,3.0,-2.0,0.6,135.0,5.0,-4.0,0.2745,0.4911,0.30867,0.55556,9.0,0.6923,4.0,1.0,0.125,0.875
7.0,Lior & Mor,TARIL3,3.88,3.875,156.0,5.0,2.0,3.0,82.0,2.0,5.0,8.0,8.0,0.1357,0.2894,1.0,0.125,4.0,0.5,2.31503,4.25,3.0,0.375,1.0,0.125,0.0,0.0,0.0,3.0,0.0,0.0,0.0,2.0,1.0,7.0,6.0,695.0,3.0,1.0,,,,28.0,33.0,,,,2.0,2.0,,30.5,5.0,,Co-Ed,,0.59,0.58854,120.0,5.0,2.0,0.67857,90.0,3.0,4.0,0.1771,0.3771,0.35131,0.50942,5.0,0.625,3.0,1.0,0.0,1.0
8.0,Shimi & Yasmin,TARIL3,7.67,7.66667,382.0,9.0,-1.0,7.5,370.0,9.0,-1.0,6.0,6.0,-0.7085,-0.4048,0.0,0.0,0.0,0.0,0.74536,1.0,0.0,0.0,2.0,0.3333,0.0,0.0,0.0,0.0,0.0,0.0,0.0,7.0,7.0,9.0,2.0,696.0,2.0,2.0,,,,26.0,19.0,,,,2.0,0.0,,22.5,7.0,,Co-Ed,,0.19,0.18955,385.0,9.0,-1.0,0.19643,371.0,9.0,-1.0,-0.6209,-0.5565,0.11604,0.16845,0.0,0.0,6.0,0.33333,0.0,0.33333
9.0,Liran & Ronit,TARIL3,3.75,3.75,143.0,4.0,5.0,2.5,59.0,1.0,8.0,4.0,4.0,0.1647,0.3132,1.0,0.25,3.0,0.75,3.11247,2.75,1.0,0.25,0.0,0.0,0.0,0.0,0.0,0.0,0.0,0.0,0.0,,1.0,9.0,8.0,697.0,1.0,1.0,,,,33.0,27.0,,,,1.0,0.0,,30.0,6.0,,Co-Ed,,0.67,0.66944,52.0,1.0,8.0,0.83889,26.0,1.0,8.0,0.3389,0.5664,0.39443,0.34167,3.0,0.75,1.0,1.0,0.0,1.0
10.0,Andrea & Ronnie,TARIL3,9.0,9.0,396.0,10.0,0.0,10.0,409.0,10.0,0.0,3.0,3.0,-1.0047,-0.6484,0.0,0.0,0.0,0.0,1.41421,1.5,0.0,0.0,0.0,0.0,0.0,0.0,0.0,0.0,0.0,0.0,0.0,10.0,7.0,10.0,3.0,698.0,0.0,1.0,,,,57.0,60.0,,,,0.5,1.0,,58.5,3.0,,Co-Ed,,0.13,0.13333,400.0,10.0,0.0,0.0,416.0,10.0,0.0,-0.7333,-0.688,0.18856,0.2,0.0,0.0,3.0,0.4,0.0,0.4
1.0,Shay & Shani,TARIL4,4.31,4.30769,193.0,5.0,-4.0,5.0,230.0,6.0,-5.0,13.0,13.0,0.0808,0.2234,1.0,0.0769,3.0,0.2308,1.68179,1.0,2.0,0.1538,2.0,0.1538,0.0,0.0,0.0,0.0,0.0,0.0,0.0,5.0,1.0,7.0,6.0,700.0,4.0,3.0,,,,28.0,27.0,,,,3.5,1.0,,27.5,1.0,,Co-Ed,,0.52,0.52309,168.0,5.0,-4.0,0.5,183.0,5.0,-4.0,0.0462,0.3206,0.21541,0.225,7.0,0.5385,6.0,1.0,0.2,0.8
4.0,Vova & Alla,TARIL4,6.0,6.0,311.0,7.0,-3.0,7.0,338.0,8.0,-4.0,12.0,12.0,-0.2797,-0.0811,1.0,0.0833,2.0,0.1667,2.54951,4.0,1.0,0.0833,6.0,0.5,0.0,0.0,0.0,2.0,0.0,3.0,0.0,7.0,1.0,9.0,8.0,703.0,4.0,3.0,,,,27.0,25.0,,,,3.5,1.0,,26.0,2.0,,Co-Ed,,0.3,0.30302,338.0,10.0,-6.0,0.15476,384.0,11.0,-7.0,-0.394,-0.235,0.28391,0.275,2.0,0.1667,10.0,1.0,0.0,1.0
5.0,Gal & Liel,TARIL4,4.0,4.0,161.0,4.0,1.0,4.0,160.0,4.0,1.0,11.0,11.0,0.1469,0.2793,1.0,0.0909,5.0,0.4545,1.85864,2.0,1.0,0.0909,0.0,0.0,0.0,0.0,0.0,1.0,0.0,1.0,0.0,3.0,1.0,8.0,7.0,704.0,4.0,3.0,,,,26.0,26.0,,,,3.5,1.0,,26.0,0.0,,Co-Ed,,0.58,0.57711,124.0,4.0,1.0,0.66667,94.0,4.0,1.0,0.1542,0.4569,0.25876,0.30536,7.0,0.6364,4.0,1.0,0.0,1.0
7.0,Raz & Alexa,TARIL4,3.22,3.22222,92.0,3.0,4.0,2.0,12.0,1.0,6.0,9.0,9.0,0.3132,0.4198,1.0,0.1111,6.0,0.6667,1.87248,3.0,4.0,0.4444,0.0,0.0,0.0,0.0,0.0,0.0,0.0,0.0,0.0,2.0,1.0,7.0,6.0,706.0,4.0,2.0,,,,29.0,21.0,,,,3.0,2.0,,25.0,8.0,,Co-Ed,,0.68,0.67883,46.0,3.0,4.0,0.85714,18.0,1.0,6.0,0.3577,0.7137,0.31273,0.375,7.0,0.7778,2.0,1.0,0.0,1.0
10.0,Yafa & Boaz,TARIL4,6.0,6.0,311.0,7.0,3.0,6.5,326.0,7.0,3.0,4.0,4.0,-0.2797,-0.0811,1.0,0.25,1.0,0.25,3.39116,4.5,0.0,0.0,0.0,0.0,0.0,0.0,0.0,0.0,0.0,0.0,0.0,,1.0,10.0,9.0,709.0,1.0,1.0,,,,57.0,27.0,,,,1.0,0.0,,42.0,30.0,,Co-Ed,,0.48,0.48409,205.0,6.0,4.0,0.46818,218.0,7.0,3.0,-0.0318,0.2221,0.37336,0.50227,2.0,0.5,2.0,1.0,0.0,1.0
5.0,Yael & Yosiel,TARIL5,4.82,4.81818,239.0,7.0,-2.0,5.0,230.0,6.0,-1.0,11.0,11.0,-0.04,0.13,1.0,0.0909,4.0,0.3636,2.75741,5.0,3.0,0.2727,1.0,0.0909,0.0,0.0,0.0,2.0,0.0,3.0,0.0,2.0,1.0,9.0,8.0,718.0,2.0,2.0,,,,27.0,23.0,,,,2.0,0.0,,25.0,4.0,,Co-Ed,,0.48,0.48374,206.0,8.0,-3.0,0.4,247.0,8.0,-3.0,-0.0325,0.2428,0.33197,0.60833,5.0,0.4545,6.0,1.0,0.0,1.0
7.0,Kim & Shon,TARIL5,4.75,4.75,231.0,6.0,1.0,5.0,230.0,6.0,1.0,8.0,8.0,-0.0249,0.1426,0.0,0.0,1.0,0.125,1.39194,1.25,1.0,0.125,0.0,0.0,0.0,0.0,0.0,0.0,0.0,0.0,0.0,5.0,2.0,7.0,5.0,720.0,1.0,2.0,,,,22.0,24.0,,,,1.5,1.0,,23.0,2.0,,Co-Ed,,0.5,0.49532,193.0,7.0,0.0,0.52778,178.0,6.0,1.0,-0.0094,0.2725,0.25325,0.24581,5.0,0.625,3.0,0.9,0.0,0.9
8.0,Adriano & Monada,TARIL5,3.14,3.14286,82.0,2.0,6.0,3.0,82.0,2.0,6.0,7.0,7.0,0.3225,0.4332,2.0,0.2857,5.0,0.7143,2.2315,2.0,1.0,0.1429,0.0,0.0,1.0,0.1429,0.0,0.0,0.0,0.0,0.0,1.0,1.0,8.0,7.0,721.0,2.0,1.0,,,,30.0,26.0,,,,1.5,1.0,,28.0,4.0,,Co-Ed,,0.7,0.7013,37.0,2.0,6.0,0.75,58.0,2.0,6.0,0.4026,0.8017,0.32922,0.32955,6.0,0.8571,1.0,1.0,0.0,1.0
10.0,Gali & Daniel,TARIL5,5.25,5.25,271.0,8.0,2.0,5.0,230.0,6.0,4.0,4.0,4.0,-0.1328,0.0523,1.0,0.25,2.0,0.5,3.49106,5.25,0.0,0.0,0.0,0.0,0.0,0.0,0.0,0.0,0.0,2.0,0.0,,1.0,10.0,9.0,723.0,2.0,0.0,,,,24.0,24.0,,,,1.0,2.0,,24.0,0.0,,Co-Ed,,0.56,0.56364,135.0,3.0,7.0,0.62727,122.0,4.0,6.0,0.1273,0.4481,0.37943,0.50909,2.0,0.5,2.0,1.0,0.0,1.0
11.0,Dor & Sapir,TARIL5,9.0,9.0,396.0,13.0,-2.0,11.0,425.0,14.0,-3.0,3.0,3.0,-0.9419,-0.6245,0.0,0.0,0.0,0.0,2.82843,3.0,0.0,0.0,1.0,0.3333,0.0,0.0,0.0,1.0,0.0,1.0,0.0,11.0,5.0,11.0,6.0,724.0,0.0,1.0,,,,24.0,24.0,,,,0.5,1.0,,24.0,0.0,,Co-Ed,,0.14,0.14141,396.0,11.0,0.0,0.09091,408.0,11.0,0.0,-0.7172,-0.6367,0.14069,0.16667,0.0,0.0,3.0,0.33333,0.0,0.33333
13.0,Yossi & Lee,TARIL5,7.0,7.0,360.0,11.0,2.0,7.0,338.0,10.0,3.0,1.0,1.0,-0.5104,-0.2635,0.0,0.0,0.0,0.0,0.0,0.0,0.0,0.0,0.0,0.0,0.0,0.0,0.0,0.0,0.0,0.0,0.0,,7.0,7.0,0.0,726.0,0.0,0.0,,,,23.0,21.0,,,,0.0,0.0,,22.0,2.0,,Co-Ed,,0.0,0.0,420.0,13.0,0.0,0.0,416.0,13.0,0.0,-1.0,-1.0,0.0,0.0,0.0,0.0,1.0,0.0,0.0,0.0
1.0,Evelin & Tohar,TARIL6,3.83,3.83333,153.0,4.0,-3.0,3.0,82.0,2.0,-1.0,12.0,12.0,0.1682,0.3552,3.0,0.25,7.0,0.5833,2.5766,3.5,1.0,0.0833,5.0,0.4167,0.0,0.0,0.0,0.0,0.0,0.0,0.0,3.0,1.0,9.0,8.0,728.0,3.0,3.0,,,,31.0,35.0,,,,3.0,0.0,,33.0,4.0,,Co-Ed,,0.54,0.54411,150.0,3.0,-2.0,0.46667,219.0,6.0,-5.0,0.0882,0.3166,0.33949,0.62614,6.0,0.5,6.0,1.0,0.11111,0.88889
3.0,Helen & Regev,TARIL6,3.33,3.33333,105.0,2.0,1.0,3.0,82.0,2.0,1.0,12.0,12.0,0.2768,0.4394,2.0,0.1667,7.0,0.5833,1.84089,2.25,3.0,0.25,1.0,0.0833,0.0,0.0,0.0,2.0,0.0,3.0,0.0,2.0,1.0,7.0,6.0,730.0,3.0,3.0,,,,29.0,37.0,,,,3.0,0.0,,33.0,8.0,,Co-Ed,,0.53,0.53052,160.0,4.0,-1.0,0.5,183.0,4.0,-1.0,0.061,0.2837,0.34724,0.60169,6.0,0.5,6.0,1.0,0.0,1.0
4.0,Neta & Omer,TARIL6,4.18,4.18182,181.0,5.0,-1.0,4.0,160.0,5.0,-1.0,11.0,11.0,0.0922,0.2963,2.0,0.1818,5.0,0.4545,2.44273,2.5,0.0,0.0,0.0,0.0,1.0,0.0909,0.0,0.0,0.0,0.0,0.0,3.0,1.0,10.0,9.0,731.0,3.0,3.0,,,,18.5,25.0,,,,3.0,0.0,,21.75,6.5,,Co-Ed,,0.51,0.51126,180.0,5.0,-1.0,0.5,183.0,4.0,0.0,0.0225,0.2371,0.341,0.47457,6.0,0.5455,5.0,1.0,0.0,1.0
6.0,Adi & Meitar,TARIL6,3.5,3.5,124.0,3.0,3.0,3.0,82.0,2.0,4.0,8.0,8.0,0.2399,0.4108,1.0,0.125,5.0,0.625,1.93649,2.5,2.0,0.25,0.0,0.0,0.0,0.0,0.0,0.0,0.0,0.0,0.0,2.0,1.0,7.0,6.0,733.0,3.0,3.0,,,,24.0,23.0,,,,3.0,0.0,,23.5,1.0,,Co-Ed,,0.63,0.63437,82.0,2.0,4.0,0.72222,73.0,2.0,4.0,0.2687,0.535,0.327,0.4112,6.0,0.75,2.0,1.0,0.0,1.0
11.0,Jessica & Assaf,TARIL6,10.0,10.0,412.0,11.0,0.0,10.0,409.0,11.0,0.0,2.0,2.0,-1.1717,-0.6835,0.0,0.0,0.0,0.0,1.0,1.0,0.0,0.0,0.0,0.0,0.0,0.0,0.0,0.0,0.0,0.0,0.0,,9.0,11.0,2.0,738.0,0.0,0.0,,,,25.0,26.0,,,,0.0,0.0,,25.5,1.0,,Co-Ed,,0.14,0.13636,398.0,11.0,0.0,0.13636,389.0,11.0,0.0,-0.7273,-0.6701,0.13636,0.13636,0.0,0.0,2.0,0.27273,0.0,0.27273
2.0,Ariel & Karin,TARIL7,3.92,3.91667,158.0,5.0,-3.0,4.0,160.0,5.0,-3.0,12.0,12.0,0.2143,0.3434,1.0,0.0833,4.0,0.3333,1.65622,2.25,2.0,0.1667,0.0,0.0,0.0,0.0,0.0,0.0,0.0,1.0,0.0,4.0,1.0,7.0,6.0,741.0,4.0,2.0,,,,23.0,22.0,,,,3.0,2.0,,22.5,1.0,,Co-Ed,,0.6,0.59517,114.0,5.0,-3.0,0.6,135.0,5.0,-3.0,0.1903,0.3729,0.18466,0.09037,10.0,0.8333,2.0,1.0,0.16667,0.83333
5.0,Nissim & Orel,TARIL7,6.4,6.4,335.0,7.0,-2.0,6.0,291.0,6.0,-1.0,10.0,10.0,-0.2827,-0.072,0.0,0.0,0.0,0.0,2.15407,1.75,0.0,0.0,2.0,0.2,1.0,0.1,0.0,0.0,0.0,0.0,0.0,6.0,4.0,12.0,8.0,744.0,3.0,3.0,,,,26.0,29.0,,,,3.0,0.0,,27.5,3.0,,Co-Ed,,0.29,0.29292,344.0,10.0,-5.0,0.34286,288.0,6.0,-1.0,-0.4142,-0.3243,0.19183,0.29673,2.0,0.2,8.0,0.54545,0.0,0.54545
7.0,Aviad & Eden,TARIL7,3.75,3.75,143.0,4.0,3.0,3.0,82.0,2.0,5.0,8.0,8.0,0.2484,0.3719,1.0,0.125,5.0,0.625,1.92029,2.5,1.0,0.125,0.0,0.0,0.0,0.0,0.0,0.0,0.0,2.0,0.0,3.0,1.0,7.0,6.0,746.0,3.0,1.0,,,,38.0,24.0,,,,2.0,2.0,,31.0,14.0,,Co-Ed,,0.65,0.65301,64.0,3.0,4.0,0.80909,37.0,1.0,6.0,0.306,0.5064,0.30648,0.31751,6.0,0.75,2.0,1.0,0.0,1.0
1.0,Yael & Yosiel,TARIL8,2.25,2.25,18.0,1.0,0.0,2.0,12.0,1.0,0.0,12.0,12.0,0.5182,0.6318,5.0,0.4167,9.0,0.75,1.23322,2.25,2.0,0.1667,1.0,0.0833,0.0,0.0,0.0,0.0,0.0,3.0,0.0,1.0,1.0,4.0,3.0,752.0,0.0,1.0,,,,29.0,25.0,,,,0.5,1.0,,27.0,4.0,,Co-Ed,,0.8,0.80393,10.0,1.0,0.0,0.85455,23.0,1.0,0.0,0.6079,1.0276,0.223,0.30833,11.0,0.9167,1.0,1.0,0.25,0.75
3.0,Neta & Omer,TARIL8,4.08,4.08333,170.0,4.0,-1.0,3.0,82.0,3.0,0.0,12.0,12.0,0.1264,0.3322,0.0,0.0,7.0,0.5833,2.39647,3.25,5.0,0.4167,2.0,0.1667,0.0,0.0,0.0,0.0,0.0,0.0,0.0,2.0,2.0,9.0,7.0,754.0,0.0,1.0,,,,20.0,26.0,,,,0.5,1.0,,23.0,6.0,,Co-Ed,,0.49,0.49313,194.0,4.0,-1.0,0.38095,265.0,6.0,-3.0,-0.0137,0.2437,0.29409,0.48837,5.0,0.4167,7.0,0.88889,0.0,0.88889
5.0,Shay & Shani,TARIL8,4.0,4.0,161.0,3.0,2.0,3.5,150.0,4.0,1.0,10.0,10.0,0.1436,0.3453,1.0,0.1,5.0,0.5,2.14476,2.75,2.0,0.2,0.0,0.0,1.0,0.1,0.0,0.0,0.0,0.0,0.0,5.0,1.0,8.0,7.0,756.0,1.0,0.0,,,,32.0,31.0,,,,0.5,1.0,,31.5,1.0,,Co-Ed,,0.54,0.54102,151.0,3.0,2.0,0.61818,130.0,3.0,2.0,0.082,0.3645,0.33758,0.49702,7.0,0.7,3.0,1.0,0.0,1.0
6.0,Ash & Alis,TARIL8,4.88,4.875,245.0,6.0,0.0,6.0,291.0,7.0,-1.0,8.0,8.0,-0.0449,0.2013,1.0,0.125,2.0,0.25,2.14695,2.75,1.0,0.125,2.0,0.25,0.0,0.0,0.0,0.0,0.0,1.0,0.0,6.0,1.0,7.0,6.0,757.0,1.0,0.0,,,,27.0,24.0,,,,0.5,1.0,,25.5,3.0,,Co-Ed,,0.45,0.45028,232.0,6.0,0.0,0.35417,279.0,7.0,-1.0,-0.0994,0.1356,0.34306,0.59903,3.0,0.375,5.0,1.0,0.0,1.0
7.0,Lian & Eviatar,TARIL8,4.86,4.85714,244.0,5.0,2.0,5.0,230.0,5.0,2.0,7.0,7.0,-0.0406,0.2046,1.0,0.1429,1.0,0.1429,1.95876,2.5,0.0,0.0,1.0,0.1429,0.0,0.0,0.0,0.0,0.0,0.0,0.0,4.0,1.0,7.0,6.0,758.0,0.0,1.0,,,,32.0,30.0,,,,0.5,1.0,,31.0,2.0,,Co-Ed,,0.48,0.48339,207.0,5.0,2.0,0.57143,157.0,4.0,3.0,-0.0332,0.2191,0.30693,0.31885,4.0,0.5714,3.0,1.0,0.0,1.0
8.0,Gili & Tali,TARIL8,6.83,6.83333,358.0,8.0,0.0,8.0,375.0,8.0,0.0,6.0,6.0,-0.4624,-0.1178,0.0,0.0,1.0,0.1667,1.86339,1.5,0.0,0.0,1.0,0.1667,0.0,0.0,0.0,0.0,0.0,0.0,0.0,8.0,3.0,8.0,5.0,759.0,0.0,0.0,,,,29.0,45.0,,,,0.0,0.0,,37.0,16.0,,Co-Ed,,0.32,0.32086,328.0,8.0,0.0,0.29293,319.0,8.0,0.0,-0.3583,-0.1908,0.23796,0.3166,2.0,0.3333,4.0,0.71429,0.0,0.71429
10.0,Vova & Alla,TARIL8,9.33,9.33333,405.0,11.0,-1.0,10.0,409.0,11.0,-1.0,3.0,3.0,-0.9977,-0.527,0.0,0.0,0.0,0.0,1.69967,2.0,0.0,0.0,1.0,0.3333,0.0,0.0,0.0,1.0,0.0,1.0,0.0,,7.0,11.0,4.0,761.0,0.0,0.0,,,,31.0,29.0,,,,0.0,0.0,,30.0,2.0,,Co-Ed,,0.16,0.16364,390.0,11.0,-1.0,0.09091,408.0,11.0,-1.0,-0.6727,-0.5873,0.17121,0.2,0.0,0.0,3.0,0.4,0.0,0.4
1.0,Tamara & Matías,TARLA1,2.23,2.23077,17.0,1.0,0.0,2.0,12.0,1.0,0.0,13.0,12.0,0.4981,0.6046,4.0,0.3077,11.0,0.8462,1.04909,2.0,4.0,0.3077,2.0,0.1538,2.0,0.1538,1.0,0.0,0.0,0.0,0.0,1.0,1.0,4.0,3.0,764.0,5.0,6.0,,,,29.0,35.0,,,,5.5,1.0,,32.0,6.0,,Co-Ed,,0.67,0.667,53.0,1.0,0.0,0.85714,18.0,1.0,0.0,0.324,0.6267,0.36846,0.66667,9.0,0.6923,4.0,1.0,0.0,1.0
5.0,Anna & Rodrigo,TARLA1,4.56,4.55556,216.0,5.0,0.0,4.0,160.0,4.0,1.0,9.0,9.0,-0.0263,0.1915,1.0,0.1111,2.0,0.2222,1.89215,2.0,0.0,0.0,0.0,0.0,0.0,0.0,0.0,1.0,0.0,0.0,0.0,4.0,1.0,8.0,7.0,768.0,4.0,4.0,,,,29.0,28.0,,,,4.0,0.0,,28.5,1.0,,Co-Ed,,0.49,0.48981,199.0,5.0,0.0,0.5,183.0,5.0,0.0,-0.0277,0.1945,0.26252,0.29167,5.0,0.5556,4.0,1.0,0.0,1.0
8.0,Mario & Melissa,TARLA1,7.2,7.2,370.0,9.0,-1.0,8.0,375.0,8.0,0.0,5.0,5.0,-0.6205,-0.2766,0.0,0.0,0.0,0.0,1.72047,1.0,0.0,0.0,1.0,0.2,0.0,0.0,0.0,0.0,0.0,0.0,0.0,,4.0,9.0,5.0,771.0,3.0,1.0,,,,38.0,24.0,,,,2.0,2.0,,31.0,14.0,,Co-Ed,,0.27,0.27222,356.0,9.0,-1.0,0.25,340.0,9.0,-1.0,-0.4597,-0.3361,0.23846,0.18889,1.0,0.2,4.0,0.7,0.0,0.7
9.0,Ricardo & Adriana,TARLA1,7.0,7.0,360.0,8.0,1.0,7.5,370.0,8.0,1.0,4.0,4.0,-0.5754,-0.2411,0.0,0.0,0.0,0.0,2.12132,3.5,0.0,0.0,0.0,0.0,0.0,0.0,0.0,0.0,0.0,0.0,0.0,9.0,4.0,9.0,5.0,772.0,1.0,2.0,,,,60.0,26.0,,,,1.5,1.0,,43.0,34.0,,Co-Ed,,0.34,0.33611,310.0,7.0,2.0,0.32222,304.0,8.0,1.0,-0.3328,-0.1803,0.26251,0.35833,1.0,0.25,3.0,0.7,0.0,0.7
11.0,Ariel & Nora,TARLA1,11.0,11.0,426.0,11.0,0.0,11.0,425.0,11.0,0.0,2.0,2.0,-1.4757,-0.9504,0.0,0.0,0.0,0.0,0.0,0.0,0.0,0.0,0.0,0.0,1.0,0.5,0.0,0.0,0.0,0.0,0.0,11.0,11.0,11.0,0.0,774.0,1.0,0.0,,,,26.0,33.0,,,,0.5,1.0,,29.5,7.0,,Co-Ed,,0.0,0.0,420.0,11.0,0.0,0.0,416.0,11.0,0.0,-1.0,-1.0,0.0,0.0,0.0,0.0,2.0,0.0,0.0,0.0
2.0,Toño & Lili,TARLA2,2.08,2.07692,8.0,1.0,1.0,2.0,12.0,1.0,1.0,13.0,12.0,0.5422,0.6225,5.0,0.3846,12.0,0.9231,1.3279,1.0,5.0,0.3846,2.0,0.1538,0.0,0.0,0.0,0.0,0.0,0.0,0.0,2.0,1.0,6.0,5.0,776.0,7.0,4.0,,,,,,,,,5.5,3.0,,,,,Co-Ed,,0.82,0.82289,5.0,1.0,1.0,0.85714,18.0,1.0,1.0,0.6458,0.9212,0.1814,0.33333,13.0,1.0,0.0,1.0,0.5,0.5
5.0,Esteban & Marisol,TARLA2,5.0,5.0,251.0,7.0,-2.0,4.5,214.0,5.0,0.0,10.0,10.0,-0.1005,0.0926,0.0,0.0,2.0,0.2,2.04939,1.75,1.0,0.1,0.0,0.0,0.0,0.0,0.0,0.0,0.0,0.0,0.0,4.0,2.0,9.0,7.0,779.0,4.0,3.0,,,,,,,,,3.5,1.0,,,,,Co-Ed,,0.44,0.44139,245.0,5.0,0.0,0.45,222.0,5.0,0.0,-0.1172,0.0305,0.24027,0.31835,5.0,0.5,5.0,0.83333,0.0,0.83333
6.0,Marietta & José,TARLA2,6.44,6.44444,340.0,9.0,-3.0,6.0,291.0,8.0,-2.0,9.0,9.0,-0.4174,-0.1688,0.0,0.0,0.0,0.0,1.70692,3.0,0.0,0.0,1.0,0.1111,0.0,0.0,0.0,0.0,0.0,0.0,0.0,6.0,4.0,9.0,5.0,780.0,4.0,4.0,,,,,,,,,4.0,0.0,,,,,Co-Ed,,0.26,0.26116,360.0,9.0,-3.0,0.2,363.0,9.0,-3.0,-0.4777,-0.3903,0.19674,0.20833,1.0,0.1111,8.0,0.7,0.0,0.7
8.0,Jelkin & Javier,TARLA2,6.17,6.16667,328.0,8.0,0.0,7.0,338.0,9.0,-1.0,6.0,6.0,-0.358,-0.1198,1.0,0.1667,1.0,0.1667,2.47768,2.0,0.0,0.0,1.0,0.1667,1.0,0.1667,0.0,0.0,0.0,0.0,0.0,8.0,1.0,8.0,7.0,782.0,3.0,2.0,,,,,,,,,2.5,1.0,,,,,Co-Ed,,0.35,0.34954,303.0,7.0,1.0,0.29861,316.0,8.0,0.0,-0.3009,-0.1839,0.34326,0.41319,2.0,0.3333,4.0,1.0,0.0,1.0
10.0,Mauricio & Mariana,TARLA2,10.33,10.33333,423.0,10.0,0.0,10.0,409.0,10.0,0.0,3.0,3.0,-1.2736,-0.8748,0.0,0.0,0.0,0.0,0.4714,0.5,0.0,0.0,0.0,0.0,1.0,0.3333,0.0,0.0,0.0,0.0,0.0,10.0,10.0,11.0,1.0,784.0,1.0,1.0,,,,,,,,,1.0,0.0,,,,,Co-Ed,,0.03,0.03333,419.0,11.0,-1.0,0.0,416.0,11.0,-1.0,-0.9333,-0.9222,0.04714,0.05,0.0,0.0,3.0,0.1,0.0,0.1
4.0,Kathy & Rick,TARLA3,5.18,5.18182,267.0,7.0,-3.0,5.0,230.0,6.0,-2.0,11.0,11.0,-0.1511,0.1007,1.0,0.0909,3.0,0.2727,2.32841,3.5,0.0,0.0,2.0,0.1818,0.0,0.0,0.0,0.0,0.0,0.0,0.0,7.0,1.0,9.0,8.0,789.0,6.0,5.0,,,,36.0,40.0,,,,5.5,1.0,,38.0,4.0,,Co-Ed,,0.37,0.37478,287.0,7.0,-3.0,0.33333,291.0,8.0,-4.0,-0.2504,-0.0573,0.25574,0.23929,3.0,0.2727,8.0,1.0,0.0,1.0
5.0,Toya & Juan del Mar,TARLA3,3.3,3.3,102.0,3.0,2.0,2.5,59.0,3.0,2.0,10.0,10.0,0.2667,0.4271,1.0,0.1,6.0,0.6,1.67631,3.0,4.0,0.4,2.0,0.2,1.0,0.1,0.0,0.0,0.0,0.0,0.0,2.0,1.0,6.0,5.0,790.0,4.0,6.0,,,,29.0,40.0,,,,5.0,2.0,,34.5,11.0,,Co-Ed,,0.56,0.56448,134.0,3.0,2.0,0.82857,33.0,1.0,4.0,0.129,0.4198,0.39325,0.69554,6.0,0.6,4.0,1.0,0.0,1.0
6.0,Marisol & José,TARLA3,5.13,5.125,260.0,6.0,0.0,4.5,214.0,5.0,1.0,8.0,8.0,-0.14,0.1094,0.0,0.0,0.0,0.0,1.26861,2.25,0.0,0.0,2.0,0.25,0.0,0.0,0.0,0.0,0.0,0.0,0.0,4.0,4.0,7.0,3.0,791.0,3.0,5.0,,,,30.0,31.0,,,,4.0,2.0,,30.5,1.0,,Co-Ed,,0.42,0.42217,260.0,6.0,0.0,0.55,168.0,5.0,1.0,-0.1557,0.0618,0.26221,0.49256,5.0,0.625,3.0,0.7,0.0,0.7
7.0,Andre & Nico,TARLA3,5.0,5.0,251.0,5.0,2.0,5.0,230.0,6.0,1.0,7.0,7.0,-0.1111,0.1319,0.0,0.0,1.0,0.1429,1.19523,1.0,0.0,0.0,0.0,0.0,0.0,0.0,0.0,0.0,0.0,0.0,0.0,5.0,3.0,7.0,4.0,792.0,2.0,5.0,,,,21.0,26.0,,,,3.5,3.0,,23.5,5.0,,Co-Ed,,0.47,0.47324,216.0,5.0,2.0,0.55556,162.0,4.0,3.0,-0.0535,0.1903,0.23878,0.19286,5.0,0.7143,2.0,0.8,0.0,0.8
8.0,Rosario & Pablo,TARLA3,6.83,6.83333,358.0,8.0,0.0,6.5,326.0,8.0,0.0,6.0,6.0,-0.5178,-0.1858,0.0,0.0,0.0,0.0,0.89753,1.75,0.0,0.0,0.0,0.0,1.0,0.1667,0.0,0.0,0.0,0.0,0.0,6.0,6.0,8.0,2.0,793.0,2.0,4.0,,,,33.0,40.0,,,,3.0,2.0,,36.5,7.0,,Co-Ed,,0.28,0.28241,349.0,8.0,0.0,0.34722,287.0,7.0,1.0,-0.4352,-0.2897,0.21661,0.42361,2.0,0.3333,4.0,0.5,0.0,0.5
11.0,Ale & Eze,TARLA3,10.5,10.5,424.0,11.0,0.0,10.5,423.0,11.0,0.0,2.0,2.0,-1.3333,-0.8229,0.0,0.0,0.0,0.0,0.5,0.5,0.0,0.0,1.0,0.5,0.0,0.0,0.0,0.0,0.0,0.0,0.0,,10.0,11.0,1.0,796.0,0.0,2.0,,,,49.0,48.0,,,,1.0,2.0,,48.5,1.0,,Co-Ed,,0.05,0.05,414.0,10.0,1.0,0.05,412.0,10.0,1.0,-0.9,-0.8742,0.05,0.05,0.0,0.0,2.0,0.1,0.0,0.1
4.0,Renan & Fran,TARLA4,4.36,4.36364,201.0,5.0,-1.0,4.0,160.0,4.0,0.0,11.0,11.0,0.0086,0.2242,0.0,0.0,3.0,0.2727,1.72008,2.0,2.0,0.1818,2.0,0.1818,0.0,0.0,0.0,1.0,1.0,0.0,0.0,4.0,2.0,8.0,6.0,800.0,6.0,5.0,,,,26.0,27.0,,,,5.5,1.0,,26.5,1.0,,Co-Ed,,0.44,0.43745,249.0,6.0,-2.0,0.375,269.0,6.0,-2.0,-0.1251,0.0699,0.25035,0.275,4.0,0.3636,7.0,0.9,0.0,0.9
6.0,Fernanda & Cainã,TARLA4,4.0,4.0,161.0,4.0,2.0,4.5,214.0,5.0,1.0,8.0,8.0,0.0904,0.2883,1.0,0.125,3.0,0.375,1.73205,2.5,1.0,0.125,1.0,0.125,0.0,0.0,0.0,0.0,0.0,0.0,0.0,5.0,1.0,6.0,5.0,802.0,4.0,4.0,,,,22.0,22.0,,,,4.0,0.0,,22.0,0.0,,Co-Ed,,0.55,0.55,146.0,4.0,2.0,0.6125,131.0,4.0,2.0,0.1,0.3451,0.33075,0.52708,5.0,0.625,3.0,1.0,0.0,1.0
8.0,Gabriela & Harã,TARLA4,8.6,8.6,394.0,9.0,-1.0,8.0,375.0,9.0,-1.0,5.0,5.0,-0.9556,-0.5302,0.0,0.0,0.0,0.0,0.8,1.0,0.0,0.0,4.0,0.8,0.0,0.0,0.0,0.0,0.0,0.0,0.0,8.0,8.0,10.0,2.0,804.0,2.0,3.0,,,,29.0,29.0,,,,2.5,1.0,,29.0,0.0,,Co-Ed,,0.11,0.11,404.0,10.0,-2.0,0.125,390.0,10.0,-2.0,-0.78,-0.731,0.06442,0.025,0.0,0.0,5.0,0.2,0.0,0.2
9.0,Ciça & Zezão,TARLA4,6.75,6.75,354.0,8.0,1.0,7.5,370.0,8.0,1.0,4.0,4.0,-0.5349,-0.2011,0.0,0.0,1.0,0.25,2.48747,3.75,0.0,0.0,0.0,0.0,0.0,0.0,0.0,0.0,0.0,0.0,0.0,9.0,3.0,9.0,6.0,805.0,4.0,0.0,,,,57.0,26.0,,,,2.0,4.0,,41.5,31.0,,Co-Ed,,0.36,0.3625,293.0,7.0,2.0,0.35,284.0,7.0,2.0,-0.275,-0.1134,0.28586,0.4125,2.0,0.5,2.0,0.75,0.0,0.75
2.0,Darío & Esther,TARLA5,3.08,3.07692,73.0,1.0,1.0,3.0,82.0,1.0,1.0,13.0,12.0,0.2899,0.444,3.0,0.2308,7.0,0.5385,1.49159,2.0,2.0,0.1538,2.0,0.1538,2.0,0.1538,0.0,0.0,0.0,0.0,0.0,5.0,1.0,5.0,4.0,809.0,9.0,8.0,,,,38.0,41.0,,,,8.5,1.0,,39.5,3.0,,Co-Ed,,0.54,0.53974,152.0,4.0,-2.0,0.5,183.0,4.0,-2.0,0.0795,0.3134,0.34124,0.54167,8.0,0.6154,5.0,1.0,0.0,1.0
3.0,Karina & Braian,TARLA5,3.46,3.46154,121.0,3.0,0.0,3.0,82.0,1.0,2.0,13.0,12.0,0.2023,0.3755,1.0,0.0769,8.0,0.6154,1.7809,2.0,4.0,0.3077,1.0,0.0769,0.0,0.0,0.0,0.0,1.0,0.0,0.0,2.0,1.0,7.0,6.0,810.0,8.0,9.0,,,,24.0,26.0,,,,8.5,1.0,,25.0,2.0,,Co-Ed,,0.53,0.53397,156.0,5.0,-2.0,0.5,183.0,4.0,-1.0,0.0679,0.2993,0.27784,0.29167,8.0,0.6154,5.0,1.0,0.0,1.0
6.0,Evelyn & Jorge,TARLA5,3.63,3.625,136.0,5.0,1.0,3.5,150.0,5.0,1.0,8.0,8.0,0.1631,0.3448,2.0,0.25,4.0,0.5,2.05776,4.25,1.0,0.125,0.0,0.0,1.0,0.125,0.0,0.0,0.0,0.0,0.0,6.0,1.0,6.0,5.0,813.0,4.0,7.0,,,,39.0,30.0,,,,5.5,3.0,,34.5,9.0,,Co-Ed,,0.58,0.5816,121.0,3.0,3.0,0.6875,89.0,2.0,4.0,0.1632,0.4152,0.37734,0.54167,5.0,0.625,3.0,1.0,0.0,1.0
11.0,Ari & Ra,TARLA5,11.0,11.0,426.0,11.0,0.0,11.0,425.0,11.0,0.0,1.0,1.0,-1.5362,-0.9856,0.0,0.0,0.0,0.0,0.0,0.0,0.0,0.0,0.0,0.0,0.0,0.0,0.0,0.0,0.0,0.0,0.0,,11.0,11.0,0.0,818.0,1.0,0.0,,,,26.0,32.0,,,,0.5,1.0,,29.0,6.0,,Co-Ed,,0.0,0.0,420.0,11.0,0.0,0.0,416.0,11.0,0.0,-1.0,-1.0,0.0,0.0,0.0,0.0,1.0,0.0,0.0,0.0
3.0,Juan & Cecilia,TARLA6,4.23,4.23077,186.0,5.0,-2.0,4.0,160.0,4.0,-1.0,13.0,13.0,-0.0094,0.2181,1.0,0.0769,6.0,0.4615,2.25845,2.0,2.0,0.1538,4.0,0.3077,3.0,0.2308,0.0,0.0,1.0,0.0,0.0,3.0,1.0,9.0,8.0,821.0,8.0,8.0,,,,51.0,24.0,,,,8.0,0.0,,37.5,27.0,,Co-Ed,,0.36,0.36175,294.0,6.0,-3.0,0.25,340.0,7.0,-4.0,-0.2765,-0.128,0.32902,0.48889,5.0,0.3846,8.0,1.0,0.0,1.0
4.0,Christian & Dina,TARLA6,4.09,4.09091,173.0,4.0,0.0,4.0,160.0,4.0,0.0,11.0,11.0,0.024,0.244,1.0,0.0909,5.0,0.4545,2.4663,3.5,3.0,0.2727,2.0,0.1818,0.0,0.0,0.0,0.0,1.0,0.0,0.0,2.0,1.0,10.0,9.0,822.0,7.0,7.0,,,,26.0,23.0,,,,7.0,0.0,,24.5,3.0,,Co-Ed,,0.51,0.51183,179.0,4.0,0.0,0.5,183.0,4.0,0.0,0.0237,0.2337,0.31062,0.50714,6.0,0.5455,5.0,1.0,0.0,1.0
5.0,Martín & Jenny,TARLA6,5.0,5.0,251.0,6.0,-1.0,5.0,230.0,6.0,-1.0,10.0,10.0,-0.1932,0.0758,0.0,0.0,0.0,0.0,1.0,1.75,0.0,0.0,3.0,0.3,1.0,0.1,0.0,1.0,1.0,0.0,0.0,4.0,4.0,7.0,3.0,823.0,8.0,5.0,,,,29.0,26.0,,,,6.5,3.0,,27.5,3.0,,Co-Ed,,0.32,0.32103,327.0,9.0,-4.0,0.325,302.0,6.0,-1.0,-0.3579,-0.2262,0.23078,0.35,3.0,0.3,7.0,0.7,0.0,0.7
6.0,Stefanía & Felipe,TARLA6,2.75,2.75,44.0,2.0,4.0,2.0,12.0,1.0,5.0,8.0,8.0,0.3438,0.4917,3.0,0.375,5.0,0.625,1.85405,3.25,2.0,0.25,1.0,0.125,0.0,0.0,0.0,1.0,0.0,0.0,0.0,1.0,1.0,6.0,5.0,824.0,4.0,6.0,,,,26.0,38.0,,,,5.0,2.0,,32.0,12.0,,Co-Ed,,0.7,0.69985,38.0,2.0,4.0,0.86607,15.0,1.0,5.0,0.3997,0.6869,0.36511,0.45,6.0,0.75,2.0,1.0,0.0,1.0
7.0,Sonia & Gabriel,TARLA6,5.67,5.66667,298.0,8.0,-1.0,7.0,338.0,8.0,-1.0,6.0,6.0,-0.3531,-0.0481,1.0,0.1667,1.0,0.1667,2.4267,2.25,0.0,0.0,1.0,0.1667,1.0,0.1667,0.0,1.0,0.0,0.0,0.0,7.0,1.0,8.0,7.0,825.0,4.0,4.0,,,,26.0,25.0,,,,4.0,0.0,,25.5,1.0,,Co-Ed,,0.34,0.34464,307.0,7.0,0.0,0.22143,358.0,8.0,-1.0,-0.3107,-0.1693,0.36248,0.50804,2.0,0.3333,4.0,1.0,0.0,1.0
9.0,Audi & David,TARLA6,7.0,7.0,360.0,9.0,0.0,9.0,391.0,10.0,-1.0,3.0,3.0,-0.6705,-0.2939,0.0,0.0,1.0,0.3333,2.82843,3.0,0.0,0.0,0.0,0.0,0.0,0.0,0.0,0.0,0.0,0.0,0.0,9.0,3.0,9.0,6.0,827.0,1.0,1.0,,,,23.0,25.0,,,,1.0,0.0,,24.0,2.0,,Co-Ed,,0.33,0.32593,321.0,8.0,1.0,0.2,363.0,9.0,0.0,-0.3481,-0.2144,0.32978,0.38889,1.0,0.3333,2.0,0.77778,0.0,0.77778
11.0,Ana & Vantroy,TARLA6,11.0,11.0,426.0,11.0,0.0,11.0,425.0,11.0,0.0,1.0,1.0,-1.625,-1.0333,0.0,0.0,0.0,0.0,0.0,0.0,0.0,0.0,0.0,0.0,0.0,0.0,0.0,0.0,0.0,0.0,0.0,,11.0,11.0,0.0,829.0,0.0,1.0,,,,27.0,28.0,,,,0.5,1.0,,27.5,1.0,,Co-Ed,,0.0,0.0,420.0,11.0,0.0,0.0,416.0,11.0,0.0,-1.0,-1.0,0.0,0.0,0.0,0.0,1.0,0.0,0.0,0.0
5.0,Kari & Bjørn,TARNO1,5.0,5.0,251.0,5.0,0.0,5.0,230.0,5.0,0.0,11.0,11.0,-0.1789,0.1071,0.0,0.0,1.0,0.0909,1.59545,0.5,1.0,0.0909,2.0,0.1818,2.0,0.1818,0.0,0.0,0.0,0.0,0.0,5.0,2.0,9.0,7.0,834.0,5.0,6.0,,,,44.0,64.0,,,,5.5,1.0,,54.0,20.0,,Co-Ed,,0.33,0.32843,318.0,6.0,-1.0,0.28571,323.0,9.0,-4.0,-0.3431,-0.1665,0.26117,0.42778,5.0,0.4545,6.0,0.8,0.0,0.8
6.0,Tor Einar & Cathrine,TARNO1,5.63,5.625,297.0,7.0,-1.0,6.0,291.0,7.0,-1.0,8.0,8.0,-0.3274,-0.0054,0.0,0.0,1.0,0.125,1.21835,1.25,0.0,0.0,0.0,0.0,1.0,0.125,0.0,0.0,0.0,0.0,0.0,6.0,3.0,7.0,4.0,835.0,3.0,5.0,,,,42.0,22.0,,,,4.0,2.0,,32.0,20.0,,Co-Ed,,0.33,0.32589,322.0,7.0,-1.0,0.38095,265.0,6.0,0.0,-0.3482,-0.1729,0.21959,0.25893,2.0,0.25,6.0,0.66667,0.0,0.66667
8.0,Bjarne & Vilde,TARNO1,6.2,6.2,329.0,8.0,0.0,6.0,291.0,7.0,1.0,5.0,5.0,-0.4618,-0.1071,0.0,0.0,1.0,0.2,1.83303,2.0,0.0,0.0,0.0,0.0,1.0,0.2,0.0,0.0,0.0,0.0,0.0,6.0,3.0,8.0,5.0,837.0,3.0,2.0,,,,31.0,20.0,,,,2.5,1.0,,25.5,11.0,,Co-Ed,,0.32,0.32389,324.0,8.0,0.0,0.375,269.0,7.0,1.0,-0.3522,-0.178,0.30121,0.44444,1.0,0.2,4.0,0.8,0.0,0.8
2.0,Sveinung & Solfrid,TARNO2,2.83,2.83333,51.0,3.0,-1.0,3.0,82.0,2.0,0.0,12.0,12.0,0.2854,0.466,2.0,0.1667,9.0,0.75,1.34371,1.25,3.0,0.25,1.0,0.0833,0.0,0.0,0.0,0.0,1.0,0.0,0.0,3.0,1.0,6.0,5.0,842.0,6.0,6.0,,,,37.0,29.0,,,,6.0,0.0,,33.0,8.0,,Co-Ed,,0.66,0.66323,55.0,2.0,0.0,0.69048,83.0,2.0,0.0,0.3265,0.7571,0.20409,0.2625,10.0,0.8333,2.0,1.0,0.33333,0.66667
4.0,Julie & Robert,TARNO2,2.73,2.72727,43.0,2.0,2.0,3.0,82.0,2.0,2.0,11.0,11.0,0.3106,0.4849,2.0,0.1818,8.0,0.7273,1.21288,1.5,3.0,0.2727,1.0,0.0909,0.0,0.0,0.0,0.0,0.0,0.0,0.0,2.0,1.0,5.0,4.0,844.0,5.0,6.0,,,,21.0,23.0,,,,5.5,1.0,,22.0,2.0,,Co-Ed,,0.63,0.63157,86.0,3.0,1.0,0.66667,94.0,3.0,1.0,0.2631,0.6733,0.29271,0.32639,9.0,0.8182,2.0,1.0,0.0,1.0
5.0,Lill & Stian,TARNO2,5.22,5.22222,269.0,7.0,-2.0,5.0,230.0,5.0,0.0,9.0,9.0,-0.3182,0.0151,1.0,0.1111,1.0,0.1111,1.87248,1.0,0.0,0.0,2.0,0.2222,2.0,0.2222,0.0,0.0,0.0,0.0,0.0,5.0,1.0,8.0,7.0,845.0,5.0,3.0,,,,33.0,33.0,,,,4.0,2.0,,33.0,0.0,,Co-Ed,,0.26,0.25675,363.0,7.0,-2.0,0.16667,379.0,7.0,-2.0,-0.4865,-0.3198,0.29868,0.33333,1.0,0.1111,8.0,1.0,0.0,1.0
2.0,Minh Hoàng & Phương Thảo,TARVN1,4.31,4.30769,193.0,6.0,-4.0,4.0,160.0,5.0,-3.0,13.0,12.0,-0.0007,0.1021,2.0,0.1538,5.0,0.3846,2.16207,3.0,1.0,0.0769,3.0,0.2308,1.0,0.0769,0.0,0.0,0.0,0.0,0.0,6.0,1.0,8.0,7.0,852.0,8.0,7.0,,,,29.0,28.0,,,,7.5,1.0,,28.5,1.0,,Co-Ed,,0.45,0.44918,235.0,8.0,-6.0,0.375,269.0,7.0,-5.0,-0.1016,-0.0445,0.28921,0.25,5.0,0.3846,8.0,1.0,0.0,1.0
8.0,Thanh Tuấn & Mỹ Trâm,TARVN1,4.0,4.0,161.0,4.0,4.0,3.0,82.0,1.0,7.0,5.0,5.0,0.0712,0.1667,0.0,0.0,3.0,0.6,2.09762,1.0,1.0,0.2,0.0,0.0,0.0,0.0,0.0,0.0,0.0,0.0,0.0,3.0,2.0,8.0,6.0,858.0,2.0,3.0,,,,32.0,27.0,,,,2.5,1.0,,29.5,5.0,,Co-Ed,,0.61,0.61389,96.0,3.0,5.0,0.77778,47.0,1.0,7.0,0.2278,0.3058,0.31822,0.15278,4.0,0.8,1.0,0.88889,0.0,0.88889
9.0,Richie & Mimi,TARVN1,8.75,8.75,395.0,10.0,-1.0,8.5,387.0,10.0,-1.0,4.0,4.0,-1.0317,-0.8229,0.0,0.0,0.0,0.0,0.82916,1.25,0.0,0.0,0.0,0.0,1.0,0.25,0.0,0.0,0.0,0.0,0.0,8.0,8.0,10.0,2.0,859.0,2.0,2.0,,,,39.0,23.0,,,,2.0,0.0,,31.0,16.0,,Co-Ed,,0.11,0.11111,402.0,10.0,-1.0,0.11111,396.0,10.0,-1.0,-0.7778,-0.7637,0.11111,0.22222,0.0,0.0,4.0,0.22222,0.0,0.22222
2.0,Linh Chi & Phúc Vinh,TARVN2,2.17,2.16667,12.0,1.0,1.0,2.0,12.0,1.0,1.0,12.0,12.0,0.4272,0.5363,5.0,0.4167,9.0,0.75,1.21335,2.25,3.0,0.25,1.0,0.0833,1.0,0.0833,1.0,0.0,0.0,0.0,0.0,1.0,1.0,4.0,3.0,862.0,6.0,7.0,,,,30.0,27.0,,,,6.5,1.0,,28.5,3.0,,Co-Ed,,0.71,0.70685,31.0,2.0,0.0,0.86607,15.0,1.0,1.0,0.4137,0.7115,0.33132,0.5,10.0,0.8333,2.0,1.0,0.0,1.0
3.0,Đức Hưng & Thùy Dung,TARVN2,3.92,3.91667,158.0,4.0,-1.0,3.0,82.0,4.0,-1.0,12.0,12.0,-0.0346,0.1624,1.0,0.0833,7.0,0.5833,1.70579,2.0,0.0,0.0,5.0,0.4167,0.0,0.0,0.0,1.0,0.0,0.0,0.0,3.0,1.0,7.0,6.0,863.0,7.0,7.0,,,,29.0,26.0,,,,7.0,0.0,,27.5,3.0,,Co-Ed,,0.38,0.37877,286.0,5.0,-2.0,0.33333,291.0,6.0,-3.0,-0.2425,-0.0829,0.2445,0.19643,3.0,0.25,9.0,1.0,0.0,1.0
4.0,Hari & Tiến Đạt,TARVN2,2.55,2.54545,34.0,3.0,1.0,2.0,12.0,1.0,3.0,11.0,11.0,0.327,0.4551,2.0,0.1818,8.0,0.7273,1.07565,1.5,4.0,0.3636,0.0,0.0,1.0,0.0909,0.0,0.0,1.0,0.0,0.0,2.0,1.0,4.0,3.0,864.0,5.0,7.0,,,,29.0,32.0,,,,6.0,2.0,,30.5,3.0,,Co-Ed,,0.64,0.64145,75.0,3.0,1.0,0.71429,74.0,3.0,1.0,0.2829,0.5531,0.32482,0.17083,9.0,0.8182,2.0,1.0,0.0,1.0
6.0,Thanh Hoa & Anh Tuấn,TARVN2,5.33,5.33333,282.0,7.0,-1.0,5.0,230.0,5.0,1.0,6.0,6.0,-0.4068,-0.1389,0.0,0.0,0.0,0.0,1.37437,1.5,0.0,0.0,1.0,0.1667,0.0,0.0,0.0,0.0,0.0,0.0,0.0,5.0,4.0,8.0,4.0,866.0,1.0,5.0,,,,29.0,32.0,,,,3.0,4.0,,30.5,3.0,,Co-Ed,,0.34,0.33829,309.0,6.0,0.0,0.41667,241.0,5.0,1.0,-0.3234,-0.1809,0.2108,0.32292,3.0,0.5,3.0,0.57143,0.0,0.57143
7.0,Việt Dũng & Pha Lê,TARVN2,6.8,6.8,357.0,8.0,-1.0,7.0,338.0,8.0,-1.0,5.0,5.0,-0.7948,-0.453,0.0,0.0,0.0,0.0,0.74833,1.0,0.0,0.0,1.0,0.2,1.0,0.2,0.0,0.0,0.0,0.0,0.0,6.0,6.0,8.0,2.0,867.0,3.0,2.0,,,,26.0,26.0,,,,2.5,1.0,,26.0,0.0,,Co-Ed,,0.16,0.15714,392.0,8.0,-1.0,0.125,390.0,8.0,-1.0,-0.6857,-0.6195,0.15127,0.28571,0.0,0.0,5.0,0.375,0.0,0.375
8.0,Kim Lee & Pharreal Phương,TARVN2,5.0,5.0,251.0,6.0,2.0,5.0,230.0,5.0,3.0,3.0,3.0,-0.3197,-0.0684,0.0,0.0,1.0,0.3333,2.44949,3.0,1.0,0.3333,0.0,0.0,0.0,0.0,0.0,0.0,0.0,0.0,0.0,,2.0,8.0,6.0,868.0,1.0,2.0,,,,25.0,25.0,,,,1.5,1.0,,25.0,0.0,,Co-Ed,,0.46,0.45833,226.0,4.0,4.0,0.5,183.0,4.0,4.0,-0.0833,0.1097,0.35843,0.4375,2.0,0.6667,1.0,0.875,0.0,0.875
1.0,Hương Giang & Criss,TARVN3,2.36,2.36364,22.0,1.0,0.0,2.0,12.0,1.0,0.0,11.0,11.0,0.3944,0.4709,4.0,0.3636,9.0,0.8182,1.72008,1.5,4.0,0.3636,1.0,0.0909,0.0,0.0,0.0,0.0,1.0,0.0,0.0,2.0,1.0,7.0,6.0,870.0,5.0,6.0,,,,,,,,,5.5,1.0,,,,,Co-Ed,,0.75,0.74924,21.0,1.0,0.0,0.83333,28.0,1.0,0.0,0.4985,0.6547,0.27323,0.425,8.0,0.7273,3.0,1.0,0.25,0.75
2.0,Trang Trần & Hiếu Nguyễn,TARVN3,3.18,3.18182,90.0,3.0,-1.0,3.0,82.0,3.0,-1.0,11.0,11.0,0.184,0.287,0.0,0.0,7.0,0.6364,0.93597,1.5,3.0,0.2727,1.0,0.0909,0.0,0.0,0.0,0.0,0.0,0.0,0.0,3.0,2.0,5.0,3.0,871.0,5.0,6.0,,,,,,,,,5.5,1.0,,,,,Co-Ed,,0.57,0.56937,129.0,4.0,-2.0,0.57143,157.0,5.0,-3.0,0.1387,0.2574,0.11721,0.14583,10.0,0.9091,1.0,0.8,0.33333,0.46667
4.0,Kiwi Ngô Mai Trang & Đỗ Hoàng Dương,TARVN3,3.4,3.4,112.0,4.0,0.0,2.5,59.0,2.0,2.0,10.0,10.0,0.1275,0.2377,5.0,0.5,5.0,0.5,2.61534,4.0,0.0,0.0,1.0,0.1,1.0,0.1,0.0,0.0,0.0,0.0,0.0,1.0,1.0,8.0,7.0,873.0,4.0,6.0,,,,,,,,,5.0,2.0,,,,,Co-Ed,,0.61,0.60536,105.0,3.0,1.0,0.75,58.0,2.0,2.0,0.2107,0.3369,0.42246,0.79911,6.0,0.6,4.0,1.0,0.0,1.0
5.0,Sơn Ngọc Minh & Mint,TARVN3,4.0,4.0,161.0,5.0,0.0,5.0,230.0,6.0,-1.0,8.0,8.0,-0.0264,0.1031,1.0,0.125,3.0,0.375,1.41421,2.0,0.0,0.0,2.0,0.25,0.0,0.0,0.0,1.0,0.0,0.0,0.0,5.0,1.0,5.0,4.0,874.0,4.0,4.0,,,,,,,,,4.0,0.0,,,,,Co-Ed,,0.44,0.44137,246.0,6.0,-1.0,0.33333,291.0,6.0,-1.0,-0.1173,-0.0252,0.31947,0.52321,3.0,0.375,5.0,1.0,0.0,1.0
6.0,Long Điền & Kim Dung,TARVN3,3.14,3.14286,82.0,2.0,4.0,3.0,82.0,3.0,3.0,7.0,7.0,0.1943,0.296,1.0,0.1429,4.0,0.5714,1.55183,2.0,2.0,0.2857,0.0,0.0,0.0,0.0,0.0,0.0,0.0,0.0,0.0,2.0,1.0,6.0,5.0,875.0,4.0,3.0,,,,,,,,,3.5,1.0,,,,,Co-Ed,,0.62,0.62007,90.0,2.0,4.0,0.75,58.0,2.0,4.0,0.2401,0.3694,0.31853,0.39524,5.0,0.7143,2.0,1.0,0.0,1.0
7.0,Kim Thanh & Khải Anh,TARVN3,6.6,6.6,349.0,8.0,-1.0,7.0,338.0,8.0,-1.0,5.0,5.0,-0.6936,-0.4798,0.0,0.0,1.0,0.2,2.05913,2.0,0.0,0.0,1.0,0.2,1.0,0.2,0.0,0.0,0.0,0.0,0.0,,3.0,9.0,6.0,876.0,2.0,3.0,,,,,,,,,2.5,1.0,,,,,Co-Ed,,0.22,0.21548,379.0,8.0,-1.0,0.125,390.0,8.0,-1.0,-0.569,-0.5241,0.24882,0.28571,1.0,0.2,4.0,0.66667,0.0,0.66667
8.0,Miko Lan Trinh & Hoàng Nam,TARVN3,4.67,4.66667,223.0,6.0,2.0,4.0,160.0,5.0,3.0,3.0,3.0,-0.1983,-0.0471,0.0,0.0,1.0,0.3333,2.49444,3.0,1.0,0.3333,0.0,0.0,0.0,0.0,0.0,0.0,0.0,0.0,0.0,,2.0,8.0,6.0,877.0,1.0,2.0,,,,,,,,,1.5,1.0,,,,,Co-Ed,,0.5,0.5,185.0,5.0,3.0,0.625,123.0,4.0,4.0,0.0,0.1042,0.36799,0.4375,2.0,0.6667,1.0,0.875,0.0,0.875
1.0,Ngọc Anh & Nhật Anh,TARVN4,2.0,2.0,5.0,1.0,0.0,1.0,1.0,1.0,0.0,11.0,11.0,0.4872,0.5134,7.0,0.6364,9.0,0.8182,1.70561,1.0,2.0,0.1818,0.0,0.0,1.0,0.0909,0.0,0.0,0.0,0.0,0.0,1.0,1.0,6.0,5.0,879.0,4.0,5.0,,,,,,,,,4.5,1.0,,,,,Co-Ed,,0.81,0.80519,9.0,1.0,0.0,1.0,1.0,1.0,0.0,0.6104,0.6771,0.32453,0.2381,9.0,0.8182,2.0,1.0,0.0,1.0
4.0,Thùy Anh & Đăng Hoàng,TARVN4,4.2,4.2,182.0,4.0,0.0,4.0,160.0,3.0,1.0,10.0,10.0,-0.0769,-0.0219,0.0,0.0,4.0,0.4,1.72047,2.0,2.0,0.2,2.0,0.2,0.0,0.0,0.0,0.0,0.0,0.0,0.0,5.0,2.0,7.0,5.0,882.0,5.0,4.0,,,,,,,,,4.5,1.0,,,,,Co-Ed,,0.43,0.43095,252.0,4.0,0.0,0.42857,233.0,4.0,0.0,-0.1381,-0.1024,0.26643,0.36786,4.0,0.4,6.0,0.83333,0.0,0.83333
5.0,Nam Thành & Hải Băng,TARVN4,3.56,3.55556,129.0,3.0,2.0,4.0,160.0,3.0,2.0,9.0,9.0,0.0872,0.1338,2.0,0.2222,4.0,0.4444,1.94999,3.0,2.0,0.2222,0.0,0.0,0.0,0.0,0.0,0.0,0.0,0.0,0.0,2.0,1.0,6.0,5.0,883.0,4.0,4.0,,,,,,,,,4.0,0.0,,,,,Co-Ed,,0.56,0.55767,141.0,3.0,2.0,0.4,247.0,5.0,0.0,0.1153,0.1615,0.35036,0.57143,4.0,0.4444,5.0,1.0,0.0,1.0
2.0,Hương Giang & Criss,TARVN5,3.45,3.45455,117.0,2.0,0.0,3.0,82.0,2.0,0.0,11.0,11.0,0.2063,0.3209,3.0,0.2727,6.0,0.5455,2.23052,3.5,2.0,0.1818,0.0,0.0,0.0,0.0,1.0,1.0,1.0,0.0,0.0,1.0,1.0,8.0,7.0,888.0,3.0,4.0,,,,,,,,,3.5,1.0,,,,,Co-Ed,,0.62,0.61591,94.0,2.0,0.0,0.5,183.0,3.0,-1.0,0.2318,0.4097,0.27596,0.50139,7.0,0.6364,4.0,1.0,0.22222,0.77778
3.0,Phúc Vinh & Thùy Dung,TARVN5,3.45,3.45455,117.0,2.0,1.0,3.0,82.0,2.0,1.0,11.0,11.0,0.2063,0.3209,1.0,0.0909,7.0,0.6364,1.30479,2.0,1.0,0.0909,2.0,0.1818,0.0,0.0,0.0,1.0,0.0,0.0,0.0,3.0,1.0,5.0,4.0,889.0,6.0,2.0,,,,,,,,,4.0,4.0,,,,,Co-Ed,,0.52,0.51649,173.0,4.0,-1.0,0.5,183.0,3.0,0.0,0.033,0.1821,0.25486,0.19683,7.0,0.6364,4.0,1.0,0.0,1.0
4.0,Việt Dũng & Pha Lê,TARVN5,4.1,4.1,176.0,4.0,0.0,4.0,160.0,4.0,0.0,10.0,10.0,0.0567,0.1929,1.0,0.1,2.0,0.2,1.64012,0.75,1.0,0.1,2.0,0.2,1.0,0.1,0.0,0.0,0.0,0.0,0.0,4.0,1.0,7.0,6.0,890.0,5.0,1.0,,,,,,,,,3.0,4.0,,,,,Co-Ed,,0.4,0.40413,269.0,5.0,-1.0,0.26786,337.0,7.0,-3.0,-0.1917,-0.075,0.33136,0.4125,4.0,0.4,6.0,1.0,0.0,1.0
5.0,Thanh Hoa & Anh Tuấn,TARVN5,4.13,4.125,178.0,5.0,0.0,4.0,160.0,4.0,1.0,8.0,8.0,0.0498,0.187,1.0,0.125,3.0,0.375,1.76334,2.25,0.0,0.0,0.0,0.0,0.0,0.0,0.0,0.0,1.0,0.0,0.0,3.0,1.0,7.0,6.0,891.0,1.0,4.0,,,,,,,,,2.5,3.0,,,,,Co-Ed,,0.55,0.54886,147.0,3.0,2.0,0.59821,142.0,2.0,3.0,0.0977,0.2562,0.27901,0.27083,5.0,0.625,3.0,1.0,0.0,1.0
7.0,Minh Long & Thu Hiền,TARVN5,5.67,5.66667,298.0,6.0,1.0,5.5,278.0,6.0,1.0,6.0,6.0,-0.3044,-0.1161,0.0,0.0,1.0,0.1667,2.13437,3.0,0.0,0.0,2.0,0.3333,0.0,0.0,0.0,0.0,0.0,0.0,0.0,4.0,3.0,9.0,6.0,893.0,2.0,1.0,,,,,,,,,1.5,1.0,,,,,Co-Ed,,0.38,0.38261,282.0,6.0,1.0,0.38393,264.0,5.0,2.0,-0.2348,-0.1243,0.30332,0.5372,3.0,0.5,3.0,0.75,0.0,0.75
8.0,Richie & Mimi,TARVN5,6.4,6.4,335.0,7.0,1.0,7.0,338.0,7.0,1.0,5.0,5.0,-0.4724,-0.2598,0.0,0.0,1.0,0.2,2.41661,2.0,1.0,0.2,0.0,0.0,1.0,0.2,0.0,0.0,0.0,0.0,0.0,,2.0,9.0,7.0,894.0,1.0,0.0,,,,,,,,,0.5,1.0,,,,,Co-Ed,,0.32,0.31667,331.0,8.0,0.0,0.25,340.0,8.0,0.0,-0.3667,-0.2752,0.33129,0.44444,1.0,0.2,4.0,0.88889,0.0,0.88889
9.0,Mâu Thủy & Ngọc Minh,TARVN5,6.5,6.5,341.0,8.0,1.0,7.0,338.0,7.0,2.0,4.0,4.0,-0.4954,-0.2795,0.0,0.0,1.0,0.25,2.29129,3.0,0.0,0.0,0.0,0.0,0.0,0.0,0.0,0.0,0.0,0.0,0.0,,3.0,9.0,6.0,895.0,1.0,1.0,,,,,,,,,1.0,0.0,,,,,Co-Ed,,0.34,0.34375,308.0,7.0,2.0,0.29861,316.0,6.0,3.0,-0.3125,-0.2132,0.28385,0.30903,1.0,0.25,3.0,0.77778,0.0,0.77778
10.0,Thùy Anh & Đăng Hoàng,TARVN5,8.5,8.5,390.0,10.0,0.0,8.5,387.0,10.0,0.0,2.0,2.0,-0.9555,-0.6732,0.0,0.0,0.0,0.0,1.5,1.5,0.0,0.0,0.0,0.0,0.0,0.0,0.0,0.0,0.0,0.0,0.0,,7.0,10.0,3.0,896.0,1.0,1.0,,,,,,,,,1.0,0.0,,,,,Co-Ed,,0.17,0.16667,388.0,10.0,0.0,0.16667,379.0,9.0,1.0,-0.6667,-0.6185,0.16667,0.16667,0.0,0.0,2.0,0.33333,0.0,0.33333
3.0,Lê Xuân Tiền & Đỗ Mỹ Linh,TARVN6,3.0,3.0,66.0,3.0,0.0,3.0,82.0,4.0,-1.0,10.0,10.0,0.3084,0.4208,2.0,0.2,7.0,0.7,1.41421,1.5,1.0,0.1,1.0,0.1,0.0,0.0,1.0,0.0,0.0,0.0,0.0,3.0,1.0,6.0,5.0,899.0,4.0,3.0,,,,,,,,,3.5,1.0,,,,,Co-Ed,,0.65,0.65317,63.0,3.0,0.0,0.66071,116.0,4.0,-1.0,0.2911,0.5264,0.2316,0.29464,7.0,0.7,3.0,1.0,0.33333,0.66667
5.0,MLee & Quốc Anh,TARVN6,2.88,2.875,58.0,2.0,3.0,2.0,12.0,2.0,3.0,8.0,8.0,0.3361,0.444,1.0,0.125,5.0,0.625,1.45237,2.25,4.0,0.5,1.0,0.125,0.0,0.0,0.0,0.0,1.0,0.0,0.0,2.0,1.0,5.0,4.0,901.0,4.0,3.0,,,,,,,,,3.5,1.0,,,,,Co-Ed,,0.65,0.65124,68.0,4.0,1.0,0.86607,15.0,2.0,3.0,0.2872,0.5219,0.34958,0.46389,6.0,0.75,2.0,1.0,0.0,1.0
7.0,Gia Huy & Hoàng Hạnh,TARVN6,7.0,7.0,360.0,8.0,-1.0,6.5,326.0,7.0,0.0,6.0,6.0,-0.6136,-0.3514,0.0,0.0,0.0,0.0,1.52753,2.5,0.0,0.0,2.0,0.3333,1.0,0.1667,0.0,0.0,0.0,0.0,0.0,9.0,5.0,9.0,4.0,903.0,5.0,0.0,,,,,,,,,2.5,5.0,,,,,Co-Ed,,0.22,0.21858,376.0,9.0,-2.0,0.19841,370.0,8.0,-1.0,-0.568,-0.4892,0.15489,0.24157,0.0,0.0,6.0,0.42857,0.0,0.42857
9.0,Emma Nhất Khanh & Tôn Kinh Lâm,TARVN6,7.33,7.33333,375.0,9.0,0.0,7.0,338.0,8.0,1.0,3.0,3.0,-0.6897,-0.4151,0.0,0.0,0.0,0.0,1.24722,1.5,0.0,0.0,0.0,0.0,0.0,0.0,0.0,0.0,0.0,0.0,0.0,,6.0,9.0,3.0,905.0,1.0,1.0,,,,,,,,,1.0,0.0,,,,,Co-Ed,,0.26,0.25926,361.0,8.0,1.0,0.33333,291.0,5.0,4.0,-0.4875,-0.3941,0.18885,0.22222,0.0,0.0,3.0,0.44444,0.0,0.44444
1.0,Anthony & Sonja,TARFR1,2.9,2.9,60.0,2.0,-1.0,2.0,12.0,1.0,0.0,10.0,10.0,0.214,0.3777,2.0,0.2,7.0,0.7,1.81384,1.75,4.0,0.4,0.0,0.0,2.0,0.2,0.0,1.0,0.0,0.0,0.0,2.0,1.0,7.0,6.0,907.0,7.0,2.0,,,,29.0,33.0,,,,4.5,5.0,,31.0,4.0,,Co-Ed,,0.61,0.60536,105.0,1.0,0.0,0.70833,78.0,1.0,0.0,0.2107,0.4733,0.35158,0.41815,7.0,0.7,3.0,1.0,0.0,1.0
4.0,Heïdi & Michel,TARFR1,2.89,2.88889,59.0,1.0,3.0,3.0,82.0,2.0,2.0,9.0,9.0,0.2167,0.3798,2.0,0.2222,6.0,0.6667,1.52348,2.0,2.0,0.2222,1.0,0.1111,0.0,0.0,0.0,1.0,0.0,0.0,0.0,1.0,1.0,6.0,5.0,910.0,2.0,6.0,,,,32.0,54.0,,,,4.0,4.0,,43.0,22.0,,Co-Ed,,0.58,0.57989,123.0,2.0,2.0,0.66667,94.0,2.0,2.0,0.1598,0.4113,0.32129,0.46429,6.0,0.6667,3.0,1.0,0.0,1.0
9.0,Antoine & Héléna,TARFR1,9.0,9.0,396.0,9.0,0.0,9.0,391.0,9.0,0.0,1.0,1.0,-1.4392,-0.9313,0.0,0.0,0.0,0.0,0.0,0.0,0.0,0.0,0.0,0.0,0.0,0.0,0.0,0.0,0.0,0.0,0.0,,9.0,9.0,0.0,915.0,1.0,0.0,,,,23.0,21.0,,,,0.5,1.0,,22.0,2.0,,Co-Ed,,0.0,0.0,420.0,9.0,0.0,0.0,416.0,9.0,0.0,-1.0,-1.0,0.0,0.0,0.0,0.0,1.0,0.0,0.0,0.0
3.0,Marc & Kat,TARPH1,1.85,1.84615,4.0,1.0,2.0,1.0,1.0,1.0,2.0,13.0,13.0,0.5802,0.6731,7.0,0.5385,12.0,0.9231,1.02628,2.0,2.0,0.1538,0.0,0.0,0.0,0.0,0.0,0.0,0.0,1.0,0.0,1.0,1.0,4.0,3.0,918.0,8.0,6.0,,,,42.0,27.0,,,,7.0,2.0,,34.5,15.0,,Co-Ed,,0.8,0.80147,11.0,1.0,2.0,1.0,1.0,1.0,2.0,0.6029,1.0089,0.28698,0.28571,12.0,0.9231,1.0,1.0,0.0,1.0
7.0,Ed & Angel,TARPH1,6.38,6.375,334.0,8.0,-1.0,7.0,338.0,8.0,-1.0,8.0,8.0,-0.4478,-0.1272,0.0,0.0,1.0,0.125,1.72753,1.0,0.0,0.0,2.0,0.25,1.0,0.125,0.0,0.0,0.0,0.0,0.0,7.0,3.0,8.0,5.0,922.0,5.0,3.0,,,,47.0,22.0,,,,4.0,2.0,,34.5,25.0,,Co-Ed,,0.27,0.27485,353.0,8.0,-1.0,0.19643,371.0,9.0,-2.0,-0.4503,-0.3111,0.25953,0.29792,2.0,0.25,6.0,0.71429,0.0,0.71429
11.0,Crystel & Mykey,TARPH1,11.0,11.0,426.0,11.0,0.0,11.0,425.0,11.0,0.0,1.0,1.0,-1.4963,-0.9435,0.0,0.0,0.0,0.0,0.0,0.0,0.0,0.0,0.0,0.0,0.0,0.0,0.0,0.0,0.0,0.0,0.0,,11.0,11.0,0.0,926.0,1.0,0.0,,,,25.0,33.0,,,,0.5,1.0,,29.0,8.0,,Co-Ed,,0.0,0.0,420.0,11.0,0.0,0.0,416.0,11.0,0.0,-1.0,-1.0,0.0,0.0,0.0,0.0,1.0,0.0,0.0,0.0
1.0,Matt & Phoebe,TARPH2,2.1,2.1,11.0,1.0,0.0,1.5,9.0,1.0,0.0,10.0,10.0,0.5282,0.6316,5.0,0.5,8.0,0.8,1.37477,1.75,2.0,0.2,0.0,0.0,0.0,0.0,0.0,1.0,0.0,3.0,0.0,1.0,1.0,5.0,4.0,927.0,5.0,5.0,,,,22.0,21.0,,,,5.0,0.0,,21.5,1.0,,Co-Ed,,0.81,0.81,8.0,1.0,0.0,0.9,12.0,1.0,0.0,0.62,1.0373,0.22903,0.3,9.0,0.9,1.0,1.0,0.33333,0.66667
3.0,Eji & Roch,TARPH2,3.4,3.4,112.0,3.0,0.0,3.0,82.0,2.0,1.0,10.0,10.0,0.2361,0.4035,1.0,0.1,6.0,0.6,1.62481,1.75,2.0,0.2,1.0,0.1,0.0,0.0,0.0,0.0,0.0,0.0,0.0,3.0,1.0,7.0,6.0,929.0,4.0,6.0,,,,29.0,34.0,,,,5.0,2.0,,31.5,5.0,,Co-Ed,,0.56,0.56131,139.0,4.0,-1.0,0.58571,147.0,4.0,-1.0,0.1226,0.4118,0.28681,0.44167,6.0,0.6,4.0,1.0,0.0,1.0
4.0,Yna & Jet,TARPH2,2.67,2.66667,39.0,2.0,2.0,3.0,82.0,2.0,2.0,9.0,9.0,0.4001,0.5316,0.0,0.0,8.0,0.8889,0.66667,1.0,4.0,0.4444,0.0,0.0,0.0,0.0,0.0,0.0,0.0,0.0,0.0,2.0,2.0,4.0,2.0,930.0,4.0,5.0,,,,29.0,28.0,,,,4.5,1.0,,28.5,1.0,,Co-Ed,,0.68,0.68104,45.0,2.0,2.0,0.75,58.0,2.0,2.0,0.3621,0.713,0.26074,0.19048,8.0,0.8889,1.0,0.9,0.0,0.9
2.0,Alexey & Olena,TARUA1,4.25,4.25,188.0,4.0,-2.0,3.0,82.0,3.0,-1.0,12.0,12.0,-0.0419,0.1483,0.0,0.0,7.0,0.5833,2.41954,5.0,4.0,0.3333,3.0,0.25,2.0,0.1667,0.0,0.0,0.0,0.0,0.0,2.0,2.0,9.0,7.0,939.0,9.0,4.0,,,,,,,,,6.5,5.0,,,,,Co-Ed,,0.39,0.39458,276.0,5.0,-3.0,0.29167,320.0,7.0,-5.0,-0.2108,-0.0719,0.295,0.42222,5.0,0.4167,7.0,0.85714,0.0,0.85714
7.0,Andriy & Irina,TARUA1,4.33,4.33333,195.0,5.0,2.0,4.0,160.0,5.0,2.0,6.0,6.0,-0.0615,0.1323,1.0,0.1667,3.0,0.5,2.21108,3.5,0.0,0.0,1.0,0.1667,0.0,0.0,0.0,0.0,0.0,0.0,0.0,3.0,1.0,7.0,6.0,944.0,4.0,3.0,,,,,,,,,3.5,1.0,,,,,Co-Ed,,0.52,0.51918,171.0,4.0,3.0,0.61111,133.0,2.0,5.0,0.0384,0.2212,0.3461,0.48313,4.0,0.6667,2.0,1.0,0.0,1.0
8.0,Anna & Roman,TARUA1,5.75,5.75,303.0,8.0,0.0,6.0,291.0,7.0,1.0,4.0,4.0,-0.4097,-0.1523,0.0,0.0,1.0,0.25,2.27761,4.25,0.0,0.0,1.0,0.25,0.0,0.0,0.0,0.0,0.0,0.0,0.0,8.0,3.0,8.0,5.0,945.0,1.0,3.0,,,,,,,,,2.0,2.0,,,,,Co-Ed,,0.39,0.38542,280.0,6.0,2.0,0.39583,258.0,6.0,2.0,-0.2292,-0.0934,0.32726,0.59375,2.0,0.5,2.0,0.75,0.0,0.75
10.0,Vladimir & Irina,TARUA1,10.0,10.0,412.0,10.0,0.0,10.0,409.0,10.0,0.0,1.0,1.0,-1.4516,-1.004,0.0,0.0,0.0,0.0,0.0,0.0,0.0,0.0,0.0,0.0,0.0,0.0,0.0,0.0,0.0,0.0,0.0,,10.0,10.0,0.0,947.0,1.0,0.0,,,,72.0,,,,,0.5,1.0,,,,,Co-Ed,,0.0,0.0,420.0,10.0,0.0,0.0,416.0,10.0,0.0,-1.0,-1.0,0.0,0.0,0.0,0.0,1.0,0.0,0.0,0.0
1.0,Zhong Hanliang & Jackie,TARCN1,2.18,2.18182,14.0,2.0,-1.0,2.0,12.0,1.0,0.0,11.0,11.0,0.3869,0.4657,5.0,0.4545,9.0,0.8182,1.46587,1.5,3.0,0.2727,0.0,0.0,0.0,0.0,1.0,0.0,1.0,0.0,0.0,1.0,1.0,5.0,4.0,948.0,7.0,7.0,,,,40.0,,,,,7.0,0.0,,,,,Co-Ed,,0.79,0.79459,12.0,2.0,-1.0,0.8,38.0,2.0,-1.0,0.5892,0.8805,0.21609,0.33333,9.0,0.8182,2.0,1.0,0.42857,0.57143
2.0,Li Xiaopeng & Li Anqi,TARCN1,1.73,1.72727,1.0,1.0,1.0,2.0,12.0,1.0,1.0,11.0,11.0,0.5134,0.576,4.0,0.3636,11.0,1.0,0.61658,1.0,6.0,0.5455,0.0,0.0,0.0,0.0,0.0,0.0,0.0,0.0,1.0,2.0,1.0,3.0,2.0,949.0,7.0,7.0,,,,33.0,27.0,,,,7.0,0.0,,30.0,6.0,,Co-Ed,,0.82,0.82403,4.0,1.0,1.0,0.85714,18.0,1.0,1.0,0.6481,0.9502,0.1765,0.225,11.0,1.0,0.0,1.0,0.5,0.5
3.0,Bai Jugang & Guan Xiaotong,TARCN1,4.8,4.8,236.0,6.0,-3.0,3.0,82.0,3.0,0.0,5.0,5.0,-0.35,-0.1765,0.0,0.0,3.0,0.6,2.63818,5.0,1.0,0.2,1.0,0.2,1.0,0.2,0.0,0.0,0.0,0.0,0.0,8.0,2.0,8.0,6.0,950.0,4.0,3.0,,,,17.0,17.0,,,,3.5,1.0,,17.0,0.0,,Co-Ed,,0.22,0.21667,377.0,7.0,-4.0,0.0,416.0,8.0,-5.0,-0.5667,-0.4872,0.29627,0.33333,1.0,0.2,4.0,0.75,0.0,0.75
6.0,Chen Yiru & Zhou Weitong,TARCN1,4.38,4.375,205.0,5.0,1.0,5.0,230.0,6.0,0.0,8.0,8.0,-0.2319,-0.0735,0.0,0.0,2.0,0.25,0.85696,1.25,0.0,0.0,2.0,0.25,1.0,0.125,0.0,1.0,0.0,0.0,1.0,5.0,3.0,5.0,2.0,953.0,6.0,5.0,,,,,,,,,5.5,1.0,,,,,Co-Ed,,0.32,0.32024,329.0,5.0,1.0,0.26667,338.0,6.0,0.0,-0.3595,-0.2421,0.26246,0.32857,2.0,0.25,6.0,0.71429,0.0,0.71429
7.0,Zhang Tielin & Yueliang,TARCN1,5.17,5.16667,263.0,7.0,0.0,6.0,291.0,7.0,0.0,6.0,6.0,-0.4541,-0.2672,0.0,0.0,1.0,0.1667,1.21335,1.5,0.0,0.0,0.0,0.0,1.0,0.1667,0.0,0.0,0.0,0.0,0.0,6.0,3.0,6.0,3.0,954.0,3.0,6.0,,,,,,,,,4.5,3.0,,,,,Co-Ed,,0.28,0.27857,351.0,6.0,1.0,0.28571,323.0,5.0,2.0,-0.4429,-0.3407,0.22644,0.375,2.0,0.3333,4.0,0.6,0.0,0.6
1.0,Han Geng & Wu Xin,TARCN2,2.0,2.0,5.0,1.0,0.0,2.0,12.0,1.0,0.0,10.0,10.0,0.2913,0.322,4.0,0.4,8.0,0.8,1.09545,1.0,4.0,0.4,1.0,0.1,0.0,0.0,0.0,0.0,1.0,0.0,0.0,2.0,1.0,4.0,3.0,956.0,6.0,1.0,,,,,,,,,3.5,5.0,,,,,Co-Ed,,0.74,0.73667,22.0,1.0,0.0,0.775,52.0,1.0,0.0,0.4518,0.5053,0.30703,0.3125,8.0,0.8,2.0,1.0,0.0,1.0
2.0,Yang Qianhua & Ding Zigao,TARCN2,2.2,2.2,15.0,3.0,-1.0,2.0,12.0,1.0,1.0,10.0,10.0,0.2205,0.2542,3.0,0.3,9.0,0.9,0.9798,1.75,3.0,0.3,1.0,0.1,1.0,0.1,0.0,1.0,0.0,0.0,0.0,1.0,1.0,4.0,3.0,957.0,1.0,6.0,,,,,,,,,3.5,5.0,,,,,Co-Ed,,0.61,0.61333,97.0,3.0,-1.0,0.58333,150.0,3.0,-1.0,0.2087,0.2533,0.32325,0.575,7.0,0.7,3.0,1.0,0.0,1.0
5.0,Yuan Zihui & Yuan Heyu,TARCN2,2.5,2.5,32.0,4.0,1.0,2.5,59.0,4.0,1.0,2.0,2.0,0.1142,0.1525,1.0,0.5,1.0,0.5,1.5,1.5,0.0,0.0,0.0,0.0,0.0,0.0,0.0,0.0,0.0,0.0,0.0,,1.0,4.0,3.0,960.0,0.0,0.0,,,,,,,,,0.0,0.0,,,,,Co-Ed,,0.5,0.5,185.0,4.0,1.0,0.5,183.0,4.0,1.0,-0.0146,0.0217,0.5,0.5,1.0,0.5,1.0,1.0,0.0,1.0
7.0,Zeng Zhiwei & Zeng Baoyi,TARCN2,3.25,3.25,95.0,5.0,2.0,3.5,150.0,6.0,1.0,4.0,4.0,-0.1516,-0.1017,1.0,0.25,2.0,0.5,1.47902,1.75,0.0,0.0,0.0,0.0,0.0,0.0,0.0,0.0,0.0,0.0,0.0,,1.0,5.0,4.0,962.0,2.0,1.0,,,,,,,,,1.5,1.0,,,,,Co-Ed,,0.48,0.475,212.0,5.0,2.0,0.45,222.0,5.0,2.0,-0.0639,-0.0294,0.3562,0.325,2.0,0.5,2.0,1.0,0.0,1.0
8.0,Feng Zhe & Zhu Zhu,TARCN2,4.5,4.5,210.0,8.0,0.0,4.5,214.0,8.0,0.0,2.0,2.0,-0.5945,-0.5254,0.0,0.0,1.0,0.5,1.5,1.5,0.0,0.0,0.0,0.0,0.0,0.0,0.0,1.0,0.0,0.0,0.0,,3.0,6.0,3.0,963.0,1.0,1.0,,,,,,,,,1.0,0.0,,,,,Co-Ed,,0.3,0.3,340.0,7.0,1.0,0.3,308.0,6.0,2.0,-0.4088,-0.387,0.3,0.3,1.0,0.5,1.0,0.6,0.0,0.6
1.0,Guo Jingjing & Huo Qigang,TARCN3,3.3,3.3,102.0,3.0,-2.0,3.0,82.0,2.0,-1.0,10.0,10.0,0.1069,0.2254,2.0,0.2,6.0,0.6,1.67631,1.75,1.0,0.1,1.0,0.1,0.0,0.0,0.0,0.0,0.0,0.0,0.0,3.0,1.0,6.0,5.0,964.0,6.0,5.0,,,,,,,,,5.5,1.0,,,,,Co-Ed,,0.59,0.59214,116.0,2.0,-1.0,0.63333,120.0,3.0,-2.0,0.1843,0.3581,0.25744,0.32738,7.0,0.7,3.0,1.0,0.25,0.75
4.0,Wu Jianhao & Yao Fengfeng,TARCN3,3.11,3.11111,80.0,2.0,2.0,3.0,82.0,2.0,2.0,9.0,9.0,0.1583,0.27,2.0,0.2222,5.0,0.5556,1.66296,2.0,2.0,0.2222,1.0,0.1111,0.0,0.0,1.0,0.0,0.0,0.0,0.0,1.0,1.0,6.0,5.0,967.0,6.0,3.0,,,,,,,,,4.5,3.0,,,,,Co-Ed,,0.57,0.56958,127.0,3.0,1.0,0.66667,94.0,2.0,2.0,0.1392,0.3063,0.3281,0.35,5.0,0.5556,4.0,1.0,0.0,1.0
6.0,Jin Xing & Heinz,TARCN3,5.17,5.16667,263.0,7.0,-1.0,5.0,230.0,5.0,1.0,6.0,6.0,-0.3992,-0.2136,0.0,0.0,1.0,0.1667,1.57233,2.75,0.0,0.0,0.0,0.0,1.0,0.1667,0.0,0.0,0.0,0.0,0.0,4.0,3.0,7.0,4.0,969.0,4.0,3.0,,,,,,,,,3.5,1.0,,,,,Co-Ed,,0.3,0.29762,342.0,7.0,-1.0,0.25,340.0,6.0,0.0,-0.4048,-0.3174,0.30421,0.55357,3.0,0.5,3.0,0.71429,0.0,0.71429
1.0,Jia Jingwen & Xiu Jiekai,TARCN4,2.4,2.4,26.0,1.0,0.0,1.0,1.0,1.0,0.0,10.0,10.0,0.3327,0.4118,6.0,0.6,8.0,0.8,1.95959,2.0,0.0,0.0,2.0,0.2,0.0,0.0,0.0,1.0,1.0,0.0,0.0,1.0,1.0,6.0,5.0,972.0,5.0,6.0,,,,,,,,,5.5,1.0,,,,,Co-Ed,,0.73,0.72857,25.0,1.0,0.0,1.0,1.0,1.0,0.0,0.4571,0.6408,0.34093,0.625,7.0,0.7,3.0,1.0,0.16667,0.83333
2.0,Zheng Yuanchang & Wang Likun,TARCN4,2.7,2.7,42.0,2.0,0.0,2.0,12.0,2.0,0.0,10.0,10.0,0.2493,0.3382,2.0,0.2,7.0,0.7,1.41774,1.75,4.0,0.4,1.0,0.1,1.0,0.1,0.0,0.0,0.0,0.0,0.0,2.0,1.0,5.0,4.0,973.0,6.0,5.0,,,,,,,,,5.5,1.0,,,,,Co-Ed,,0.6,0.59738,112.0,3.0,-1.0,0.66667,94.0,3.0,-1.0,0.1948,0.3454,0.31915,0.45536,7.0,0.7,3.0,1.0,0.0,1.0
3.0,Wu Minxia & Zhang Xiaocheng,TARCN4,2.9,2.9,60.0,3.0,0.0,3.0,82.0,3.0,0.0,10.0,10.0,0.1937,0.2892,0.0,0.0,8.0,0.8,0.9434,1.0,4.0,0.4,1.0,0.1,0.0,0.0,0.0,0.0,0.0,0.0,0.0,2.0,2.0,5.0,3.0,974.0,6.0,5.0,,,,,,,,,5.5,1.0,,,,,Co-Ed,,0.55,0.55167,145.0,4.0,-1.0,0.58571,147.0,4.0,-1.0,0.1033,0.2424,0.24162,0.28274,7.0,0.7,3.0,0.83333,0.0,0.83333
4.0,Qiang Zi & Zhang Xingyue,TARCN4,3.56,3.55556,129.0,5.0,-1.0,4.0,160.0,5.0,-1.0,9.0,9.0,0.0101,0.1275,1.0,0.1111,3.0,0.3333,1.64054,2.0,2.0,0.2222,3.0,0.3333,0.0,0.0,0.0,2.0,0.0,0.0,1.0,4.0,1.0,7.0,6.0,975.0,5.0,4.0,,,,,,,,,4.5,1.0,,,,,Co-Ed,,0.48,0.47778,210.0,5.0,-1.0,0.5,183.0,5.0,-1.0,-0.0444,0.076,0.32756,0.55,5.0,0.5556,4.0,1.0,0.0,1.0
8.0,Deng Bin & Wang Xinyu,TARCN4,7.33,7.33333,375.0,8.0,0.0,7.0,338.0,8.0,0.0,3.0,3.0,-1.0381,-0.7966,0.0,0.0,0.0,0.0,0.4714,0.5,0.0,0.0,1.0,0.3333,1.0,0.3333,0.0,0.0,0.0,0.0,0.0,7.0,7.0,8.0,1.0,979.0,1.0,2.0,,,,,,,,,1.5,1.0,,,,,Co-Ed,,0.05,0.04762,418.0,8.0,0.0,0.0,416.0,8.0,0.0,-0.9048,-0.8928,0.06734,0.07143,0.0,0.0,3.0,0.14286,0.0,0.14286
6.0,Peter & Anna,TARFN1,5.75,5.75,303.0,6.0,0.0,6.0,291.0,7.0,-1.0,8.0,8.0,-0.2644,0.0696,0.0,0.0,0.0,0.0,0.66144,1.0,0.0,0.0,1.0,0.125,1.0,0.125,0.0,0.0,0.0,0.0,0.0,6.0,5.0,7.0,2.0,985.0,2.0,5.0,,,,55.0,18.0,,,,3.5,3.0,,36.5,37.0,,Co-Ed,,0.31,0.31322,332.0,6.0,0.0,0.38095,265.0,7.0,-1.0,-0.3736,-0.1825,0.2198,0.40422,3.0,0.375,5.0,0.55556,0.0,0.55556
8.0,Jukka & Mirva,TARFN1,7.6,7.6,381.0,8.0,0.0,8.0,375.0,8.0,0.0,5.0,5.0,-0.6712,-0.2298,0.0,0.0,0.0,0.0,0.4899,1.0,0.0,0.0,1.0,0.2,0.0,0.0,0.0,0.0,0.0,0.0,0.0,8.0,7.0,8.0,1.0,987.0,3.0,2.0,,,,53.0,45.0,,,,2.5,1.0,,49.0,8.0,,Co-Ed,,0.23,0.22797,372.0,8.0,0.0,0.3,308.0,8.0,0.0,-0.5441,-0.405,0.13705,0.19048,0.0,0.0,5.0,0.36364,0.0,0.36364
9.0,Katariina & Benjamin,TARFN1,9.67,9.66667,411.0,10.0,-1.0,9.0,391.0,10.0,-1.0,3.0,3.0,-1.1264,-0.5647,0.0,0.0,0.0,0.0,0.94281,1.0,0.0,0.0,1.0,0.3333,0.0,0.0,0.0,0.0,0.0,0.0,0.0,9.0,9.0,11.0,2.0,988.0,2.0,1.0,,,,56.0,29.0,,,,1.5,1.0,,42.5,27.0,,Co-Ed,,0.13,0.13401,399.0,10.0,-1.0,0.11111,396.0,10.0,-1.0,-0.732,-0.6503,0.04739,0.05455,0.0,0.0,3.0,0.2,0.09091,0.10909
12.0,Anna & Atte,TARFN1,12.0,12.0,445.0,12.0,0.0,12.0,445.0,12.0,0.0,1.0,1.0,-1.6387,-0.9417,0.0,0.0,0.0,0.0,0.0,0.0,0.0,0.0,0.0,0.0,0.0,0.0,0.0,0.0,0.0,0.0,0.0,,12.0,12.0,0.0,991.0,1.0,0.0,,,,52.0,22.0,,,,0.5,1.0,,37.0,30.0,,Co-Ed,,0.0,0.0,420.0,12.0,0.0,0.0,416.0,12.0,0.0,-1.0,-1.0,0.0,0.0,0.0,0.0,1.0,0.0,0.0,0.0
