place,team,season,rank_1,rank_2,rank_3,rank_4,rank_5,rank_6,rank_7,rank_8,rank_9,rank_10,rank_11,rank_12,rank_13,rank_14,rank_15,rank_16,rank_17,rank_18,rank_19,rank_20,rank_21,rank_22,rank_23,rank_24,average_round_to_five_nearest,unnamed_28,rank_11,rank_21,rank_31,rank_41,rank_51,rank_61,rank_71,rank_81,rank_91,rank_101,rank_111,rank_121,rank_131,rank_141,rank_151,rank_161,rank_171,rank_181,rank_191,rank_201,rank_211,rank_221,rank_231,rank_241,average,unnamed_54,standard_deviation,sum,unnamed_57
1.0,Rob & Brennan,TARUS1,1.0,3.0,3.0,6.0,4.0,3.0,3,3.0,1.0,1,2,1.0,1.0,,,,,,,,,,,,2.46154,1.0,5,2.5,2.0,-1.5,0.0,0.5,0.5,0.0,2.0,1.5,0.5,1.0,1.0,,,,,,,,,,,,1.154,150.0,1.49852,15.0,96.0
2.0,Frank & Margarita,TARUS1,3.0,4.0,2.0,4.0,5.0,1.0,1,2.0,2.0,2,1,2.0,2.0,,,,,,,,,,,,2.38462,2.0,3,1.5,3.0,0.5,-1.0,2.5,2.5,1.0,1.0,0.5,1.5,0.0,0.0,,,,,,,,,,,,1.231,128.0,1.20281,16.0,83.0
3.0,Joe & Bill,TARUS1,2.0,2.0,4.0,1.0,2.0,2.0,2,4.0,4.0,4,3,3.0,3.0,,,,,,,,,,,,2.76923,3.0,4,3.5,1.0,3.5,2.0,1.5,1.5,-1.0,-1.0,-1.5,-0.5,-1.0,-1.0,,,,,,,,,,,,0.846,229.0,1.9053,11.0,166.0
4.0,Kevin & Drew,TARUS1,9.0,5.0,1.0,2.0,1.0,4.0,4,1.0,3.0,3,4,,,,,,,,,,,,,,3.36364,4.0,-3,0.5,4.0,2.5,3.0,-0.5,-0.5,2.0,0.0,-0.5,-1.5,,,,,,,,,,,,,,0.545,304.0,2.00516,6.0,271.0
5.0,Nancy & Emily,TARUS1,10.0,8.0,8.0,3.0,3.0,5.0,5,5.0,5.0,,,,,,,,,,,,,,,,5.77778,5.0,-4,-2.5,-3.0,1.5,1.0,-1.5,-1.5,-2.0,-2.0,,,,,,,,,,,,,,,,-1.556,795.0,1.67406,-14.0,1055.0
6.0,Lenny & Karyn,TARUS1,4.0,9.0,7.0,7.0,6.0,6.0,6,,,,,,,,,,,,,,,,,,6.42857,6.0,2,-3.5,-2.0,-2.5,-2.0,-2.5,-2.5,,,,,,,,,,,,,,,,,,-1.857,837.0,1.6413,-13.0,1039.0
7.0,Paul & Amie,TARUS1,8.0,7.0,6.0,5.0,7.0,,,,,,,,,,,,,,,,,,,,6.6,7.0,-2,-1.5,-1.0,-0.5,-3.0,,,,,,,,,,,,,,,,,,,,-1.6,801.0,0.86023,-8.0,878.0
8.0,Dave & Margaretta,TARUS1,7.0,6.0,5.0,8.0,,,,,,,,,,,,,,,,,,,,,6.5,8.0,-1,-0.5,0.0,-3.5,,,,,,,,,,,,,,,,,,,,,-1.25,747.0,1.34629,-5.0,671.0
9.0,Pat & Brenda,TARUS1,5.0,1.0,9.0,,,,,,,,,,,,,,,,,,,,,,5.0,9.0,1,4.5,-4.0,,,,,,,,,,,,,,,,,,,,,,0.5,306.0,3.48807,1.5,399.0
10.0,Kim & Leslie,TARUS1,6.0,10.0,,,,,,,,,,,,,,,,,,,,,,,8.0,10.0,0,-4.5,,,,,,,,,,,,,,,,,,,,,,,-2.25,875.0,2.25,-4.5,633.0
11.0,Matt & Ana,TARUS1,11.0,,,,,,,,,,,,,,,,,,,,,,,,11.0,11.0,-5,,,,,,,,,,,,,,,,,,,,,,,,-5.0,1042.0,0.0,-5.0,671.0
1.0,Chris & Alex,TARUS2,6.0,2.0,7.0,7.0,1.0,6.0,2,2.0,1.0,3,3,3.0,1.0,,,,,,,,,,,,3.38462,12.0,0,3.5,-2.0,-2.5,3.0,-2.5,1.5,1.0,2.0,-0.5,-0.5,-1.0,1.0,,,,,,,,,,,,0.231,397.0,1.89752,3.0,351.0
2.0,Tara & Wil,TARUS2,1.0,3.0,2.0,3.0,3.0,5.0,3,4.0,3.0,2,1,1.0,2.0,,,,,,,,,,,,2.53846,13.0,5,2.5,3.0,1.5,1.0,-1.5,0.5,-1.0,0.0,0.5,1.5,1.0,0.0,,,,,,,,,,,,1.077,165.0,1.65071,14.0,113.0
3.0,Blake & Paige,TARUS2,4.0,9.0,5.0,4.0,4.0,3.0,5,5.0,2.0,1,2,1.0,3.0,,,,,,,,,,,,3.69231,14.0,2,-3.5,0.0,0.5,0.0,0.5,-1.5,-2.0,1.0,1.5,0.5,1.0,-1.0,,,,,,,,,,,,-0.077,484.0,1.47864,-1.0,491.0
4.0,Oswald & Danny,TARUS2,8.0,7.0,1.0,1.0,6.0,4.0,4,1.0,4.0,4,4,,,,,,,,,,,,,,4.0,15.0,-2,-1.5,4.0,3.5,-2.0,-0.5,-0.5,2.0,-1.0,-1.5,-1.5,,,,,,,,,,,,,,-0.091,490.0,2.09781,-1.0,491.0
5.0,Gary & Dave,TARUS2,9.0,5.0,3.0,2.0,5.0,2.0,1,3.0,5.0,,,,,,,,,,,,,,,,3.88889,16.0,-3,0.5,2.0,2.5,-1.0,1.5,2.5,0.0,-2.0,,,,,,,,,,,,,,,,0.333,365.0,1.88562,3.0,351.0
6.0,Mary & Peach,TARUS2,7.0,4.0,4.0,5.0,2.0,1.0,6,,,,,,,,,,,,,,,,,,4.14286,17.0,-1,1.5,1.0,-0.5,2.0,2.5,-2.5,,,,,,,,,,,,,,,,,,0.429,338.0,1.67819,3.0,351.0
7.0,Cyndi & Russell,TARUS2,2.0,6.0,8.0,6.0,7.0,,,,,,,,,,,,,,,,,,,,5.8,18.0,4,-0.5,-3.0,-1.5,-3.0,,,,,,,,,,,,,,,,,,,,-0.8,662.0,2.5807,-4.0,612.0
8.0,Shola & Doyin,TARUS2,3.0,1.0,5.0,8.0,,,,,,,,,,,,,,,,,,,,,4.25,19.0,3,4.5,0.0,-3.5,,,,,,,,,,,,,,,,,,,,,1.0,187.0,3.06186,4.0,327.0
9.0,Peggy & Claire,TARUS2,10.0,8.0,9.0,,,,,,,,,,,,,,,,,,,,,,9.0,20.0,-4,-2.5,-4.0,,,,,,,,,,,,,,,,,,,,,,-3.5,964.0,0.70711,-10.5,978.0
10.0,Hope & Norm,TARUS2,4.0,10.0,,,,,,,,,,,,,,,,,,,,,,,7.0,21.0,2,-4.5,,,,,,,,,,,,,,,,,,,,,,,-1.25,747.0,3.25,-2.5,540.0
11.0,Deidre & Hillary,TARUS2,11.0,,,,,,,,,,,,,,,,,,,,,,,,11.0,22.0,-5,,,,,,,,,,,,,,,,,,,,,,,,-5.0,1042.0,0.0,-5.0,671.0
1.0,Flo & Zach,TARUS3,2.0,5.0,3.0,2.0,4.0,2.0,1,2.0,5.0,3,2,3.0,1.0,,,,,,,,,,,,2.69231,23.0,4.5,1.0,2.5,3.0,0.5,2.0,2.5,1.0,-2.0,0,0.5,-1.0,1.0,,,,,,,,,,,,1.192,139.0,1.65876,15.5,89.0
2.0,Teri & Ian,TARUS3,9.0,10.0,9.0,5.0,6.0,1.0,4,3.0,4.0,4,1,1.0,2.0,,,,,,,,,,,,4.53846,24.0,-2.5,-4.0,-3.5,0.0,-1.5,3.0,-0.5,0.0,-1.0,-1,1.5,1.0,0.0,,,,,,,,,,,,-0.654,634.0,1.87478,-8.5,896.0
3.0,Ken & Gerard,TARUS3,1.0,6.0,2.0,1.0,1.0,3.0,5,4.0,2.0,2,3,2.0,3.0,,,,,,,,,,,,2.69231,25.0,5.5,0.0,3.5,4.0,3.5,1.0,-1.5,-1.0,1.0,1,-0.5,0.0,-1.0,,,,,,,,,,,,1.192,139.0,2.14421,15.5,89.0
4.0,Derek & Drew,TARUS3,11.0,1.0,1.0,3.0,3.0,4.0,2,1.0,3.0,1,4,,,,,,,,,,,,,,3.09091,26.0,-4.5,5.0,4.5,2.0,1.5,0.0,1.5,2.0,0.0,2,-1.5,,,,,,,,,,,,,,1.136,152.0,2.52344,12.5,136.0
5.0,John Vito & Jill,TARUS3,5.0,7.0,7.0,6.0,4.0,5.0,3,5.0,1.0,5,,,,,,,,,,,,,,,4.8,27.0,1.5,-1.0,-1.5,-1.0,0.5,-1.0,0.5,-2.0,2.0,-2,,,,,,,,,,,,,,,-0.4,559.0,1.35647,-4.0,612.0
6.0,Andre & Damon,TARUS3,7.0,8.0,8.0,4.0,2.0,6.0,6,,,,,,,,,,,,,,,,,,5.85714,28.0,-0.5,-2.0,-2.5,1.0,2.5,-2.0,-2.5,,,,,,,,,,,,,,,,,,-0.857,677.0,1.80702,-6.0,773.0
7.0,Aaron & Arianne,TARUS3,3.0,2.0,4.0,8.0,7.0,7.0,,,,,,,,,,,,,,,,,,,5.16667,29.0,3.5,4.0,1.5,-3.0,-2.5,-3.0,,,,,,,,,,,,,,,,,,,0.083,433.0,3.01961,0.5,426.0
8.0,Michael & Kathy,TARUS3,4.0,4.0,6.0,7.0,8.0,,,,,,,,,,,,,,,,,,,,5.8,30.0,2.5,2.0,-0.5,-2.0,-3.5,,,,,,,,,,,,,,,,,,,,-0.3,539.0,2.29347,-1.5,514.0
9.0,Heather & Eve,TARUS3,6.0,3.0,5.0,9.0,,,,,,,,,,,,,,,,,,,,,5.75,31.0,0.5,3.0,0.5,-4.0,,,,,,,,,,,,,,,,,,,,,0.0,450.0,2.52488,0.0,451.0
10.0,Dennis & Andrew,TARUS3,8.0,9.0,10.0,,,,,,,,,,,,,,,,,,,,,,9.0,32.0,-1.5,-3.0,-4.5,,,,,,,,,,,,,,,,,,,,,,-3.0,928.0,1.22474,-9.0,930.0
11.0,Tramel & Talicia,TARUS3,10.0,11.0,,,,,,,,,,,,,,,,,,,,,,,10.5,33.0,-3.5,-5.0,,,,,,,,,,,,,,,,,,,,,,,-4.25,1003.0,0.75,-8.5,896.0
12.0,Gina & Sylvia,TARUS3,12.0,,,,,,,,,,,,,,,,,,,,,,,,12.0,34.0,-5.5,,,,,,,,,,,,,,,,,,,,,,,,-5.5,1087.0,0.0,-5.5,733.0
1.0,Reichen & Chip,TARUS4,9.0,2.0,3.0,5.0,4.0,2.0,5,2.0,1.0,2,3,2.0,1.0,,,,,,,,,,,,3.15385,35.0,-2.5,4.0,2.5,0.0,0.5,2.0,-1.5,1.0,2.0,0.5,-0.5,0.0,1.0,,,,,,,,,,,,0.692,267.0,1.64712,9.0,213.0
2.0,Kelly & Jon,TARUS4,6.0,3.0,8.0,7.0,3.0,3.0,3,5.0,4.0,1,2,3.0,2.0,,,,,,,,,,,,3.84615,36.0,0.5,3.0,-2.5,-2.0,1.5,1.0,0.5,-2.0,-1.0,1.5,0.5,-1.0,0.0,,,,,,,,,,,,0.0,450.0,1.55662,0.0,451.0
3.0,David & Jeff,TARUS4,10.0,5.0,7.0,6.0,6.0,1.0,1,4.0,3.0,4,1,1.0,3.0,,,,,,,,,,,,4.0,37.0,-3.5,1.0,-1.5,-1.0,-1.5,3.0,2.5,-1.0,0.0,-1.5,1.5,1.0,-1.0,,,,,,,,,,,,-0.154,501.0,1.78007,-2.0,526.0
4.0,Jon & Al,TARUS4,7.0,6.0,6.0,2.0,2.0,6.0,2,1.0,2.0,3,4,,,,,,,,,,,,,,3.72727,38.0,-0.5,0.0,-0.5,3.0,2.5,-2.0,1.5,2.0,1.0,-0.5,-1.5,,,,,,,,,,,,,,0.455,331.0,1.57328,5.0,298.0
5.0,Millie & Chuck,TARUS4,1.0,8.0,5.0,2.0,1.0,4.0,4,3.0,5.0,,,,,,,,,,,,,,,,3.66667,39.0,5.5,-2.0,0.5,3.0,3.5,0.0,-0.5,0.0,-2.0,,,,,,,,,,,,,,,,0.889,219.0,2.42416,8.0,234.0
6.0,Tian & Jaree,TARUS4,11.0,4.0,4.0,1.0,7.0,5.0,6,,,,,,,,,,,,,,,,,,5.42857,40.0,-4.5,2.0,1.5,4.0,-2.5,-1.0,-2.5,,,,,,,,,,,,,,,,,,-0.429,571.0,2.79577,-3.0,558.0
7.0,Monica & Sheree,TARUS4,4.0,10.0,2.0,4.0,5.0,7.0,,,,,,,,,,,,,,,,,,,5.33333,41.0,2.5,-4.0,3.5,1.0,-0.5,-3.0,,,,,,,,,,,,,,,,,,,-0.083,485.0,2.72972,-0.5,476.0
8.0,Steve & Dave,TARUS4,5.0,1.0,9.0,8.0,8.0,,,,,,,,,,,,,,,,,,,,6.2,42.0,1.5,5.0,-3.5,-3.0,-3.5,,,,,,,,,,,,,,,,,,,,-0.7,642.0,3.41467,-3.5,585.0
9.0,Steve & Josh,TARUS4,1.0,9.0,1.0,9.0,,,,,,,,,,,,,,,,,,,,,5.0,43.0,5.5,-3.0,4.5,-4.0,,,,,,,,,,,,,,,,,,,,,0.75,253.0,4.27931,3.0,351.0
10.0,Russell & Cindy,TARUS4,8.0,7.0,10.0,,,,,,,,,,,,,,,,,,,,,,8.33333,44.0,-1.5,-1.0,-4.5,,,,,,,,,,,,,,,,,,,,,,-2.333,892.0,1.5456,-7.0,829.0
11.0,Amanda & Chris,TARUS4,1.0,11.0,,,,,,,,,,,,,,,,,,,,,,,6.0,45.0,5.5,-5.0,,,,,,,,,,,,,,,,,,,,,,,0.25,385.0,5.25,0.5,426.0
12.0,Debra & Steve,TARUS4,12.0,,,,,,,,,,,,,,,,,,,,,,,,12.0,46.0,-5.5,,,,,,,,,,,,,,,,,,,,,,,,-5.5,1087.0,0.0,-5.5,733.0
1.0,Chip & Kim,TARUS5,8.0,8.0,7.0,1.0,4.0,2.0,1,3.0,2.0,4,1,2.0,1.0,,,,,,,,,,,,3.38462,47.0,-2,-2.5,-2.0,3.5,0.0,2.0,2.5,0.0,1.0,-1,1.5,0.5,1.0,,,,,,,,,,,,0.346,363.0,1.76923,4.5,312.0
2.0,Colin & Christie,TARUS5,7.0,6.0,1.0,2.0,1.0,1.0,2,1.0,1.0,1,4,3.0,2.0,,,,,,,,,,,,2.46154,48.0,-1,-0.5,4.0,2.5,3.0,3.0,1.5,2.0,2.0,2,-1.5,-0.5,0.0,,,,,,,,,,,,1.269,125.0,1.69406,16.5,77.0
3.0,Brandon & Nicole,TARUS5,6.0,1.0,3.0,5.0,3.0,4.0,4,2.0,5.0,3,3,1.0,3.0,,,,,,,,,,,,3.30769,49.0,0,4.5,2.0,-0.5,1.0,0.0,-0.5,1.0,-2.0,0,-0.5,1.5,-1.0,,,,,,,,,,,,0.423,339.0,1.56704,5.5,285.0
4.0,Linda & Karen,TARUS5,3.0,4.0,6.0,6.0,7.0,6.0,3,4.0,3.0,2,2,4.0,,,,,,,,,,,,,4.16667,50.0,3,1.5,-1.0,-1.5,-3.0,-2.0,0.5,-1.0,0.0,1,0.5,-1.5,,,,,,,,,,,,,-0.292,535.0,1.61321,-3.5,585.0
5.0,Kami & Karli,TARUS5,9.0,9.0,5.0,7.0,6.0,3.0,5,5.0,4.0,5,,,,,,,,,,,,,,,5.8,51.0,-3,-3.5,0.0,-2.5,-2.0,1.0,-1.5,-2.0,-1.0,-2,,,,,,,,,,,,,,,-1.65,807.0,1.2855,-16.5,1085.0
6.0,Charla & Mirna,TARUS5,5.0,2.0,2.0,4.0,2.0,5.0,6,,,,,,,,,,,,,,,,,,3.71429,52.0,1,3.5,3.0,0.5,2.0,-1.0,-2.5,,,,,,,,,,,,,,,,,,0.929,208.0,1.98977,6.5,260.0
7.0,Marshall & Lance,TARUS5,2.0,7.0,8.0,3.0,5.0,7.0,,,,,,,,,,,,,,,,,,,5.33333,53.0,4,-1.5,-3.0,1.5,-1.0,-3.0,,,,,,,,,,,,,,,,,,,-0.5,581.0,2.51661,-3.0,558.0
8.0,Bob & Joyce,TARUS5,4.0,5.0,4.0,8.0,,,,,,,,,,,,,,,,,,,,,5.25,54.0,2,0.5,1.0,-3.5,,,,,,,,,,,,,,,,,,,,,0.0,450.0,2.09165,0.0,451.0
9.0,Jim & Marsha,TARUS5,10.0,3.0,9.0,,,,,,,,,,,,,,,,,,,,,,7.33333,55.0,-4,2.5,-4.0,,,,,,,,,,,,,,,,,,,,,,-1.833,831.0,3.06413,-5.5,733.0
10.0,Alison & Donny,TARUS5,1.0,10.0,,,,,,,,,,,,,,,,,,,,,,,5.5,56.0,5,-4.5,,,,,,,,,,,,,,,,,,,,,,,0.25,385.0,4.75,0.5,426.0
11.0,Dennis & Erika,TARUS5,11.0,,,,,,,,,,,,,,,,,,,,,,,,11.0,57.0,-5,,,,,,,,,,,,,,,,,,,,,,,,-5.0,1042.0,0.0,-5.0,671.0
1.0,Freddy & Kendra,TARUS6,4.0,8.0,6.0,5.0,1.0,1.0,6,2.0,4.0,3,2,2.0,1.0,,,,,,,,,,,,3.46154,58.0,2,-2.5,-1.0,-0.5,3.5,3.0,-2,1.5,-0.5,0,0.5,0.5,1.0,,,,,,,,,,,,0.423,339.0,1.71919,5.5,285.0
2.0,Kris & Jon,TARUS6,2.0,1.0,2.0,1.0,4.0,5.0,2,4.0,3.0,1,3,1.0,2.0,,,,,,,,,,,,2.38462,59.0,4,4.5,3.0,3.5,0.5,-1.0,2,-0.5,0.5,2,-0.5,1.5,0.0,,,,,,,,,,,,1.5,85.0,1.76505,19.5,43.0
3.0,Adam & Rebecca,TARUS6,7.0,6.0,5.0,6.0,6.0,6.0,5,1.0,5.0,4,4,3.0,3.0,,,,,,,,,,,,4.69231,60.0,-1,-0.5,0.0,-1.5,-1.5,-2.0,-1,2.5,-1.5,-1,-1.5,-0.5,-1.0,,,,,,,,,,,,-0.808,665.0,1.08377,-10.5,978.0
4.0,Hayden & Aaron,TARUS6,1.0,4.0,1.0,4.0,3.0,4.0,4,6.0,1.0,2,1,4.0,,,,,,,,,,,,,2.91667,61.0,5,1.5,4.0,0.5,1.5,0.0,0,-2.5,2.5,1,1.5,-1.5,,,,,,,,,,,,,1.125,154.0,2.01168,13.5,121.0
5.0,Lori & Bolo,TARUS6,6.0,5.0,7.0,3.0,7.0,7.0,1,3.0,2.0,5,,,,,,,,,,,,,,,4.6,62.0,0,0.5,-2.0,1.5,-2.5,-3.0,3,0.5,1.5,-2,,,,,,,,,,,,,,,-0.25,518.0,1.91377,-2.5,540.0
6.0,Jonathan & Victoria,TARUS6,5.0,2.0,4.0,2.0,2.0,3.0,3,5.0,6.0,,,,,,,,,,,,,,,,3.55556,63.0,1,3.5,1.0,2.5,2.5,1.0,1,-1.5,-2.5,,,,,,,,,,,,,,,,0.944,205.0,1.80192,8.5,220.0
7.0,Gus & Hera,TARUS6,10.0,3.0,3.0,7.0,5.0,2.0,7,,,,,,,,,,,,,,,,,,5.28571,64.0,-4,2.5,2.0,-2.5,-0.5,2.0,-3,,,,,,,,,,,,,,,,,,-0.5,581.0,2.50713,-3.5,585.0
8.0,Don & Mary Jean,TARUS6,9.0,7.0,8.0,8.0,8.0,,,,,,,,,,,,,,,,,,,,8.0,65.0,-3,-1.5,-3.0,-3.5,-3.5,,,,,,,,,,,,,,,,,,,,-2.9,926.0,0.73485,-14.5,1062.0
9.0,Lena & Kristy,TARUS6,3.0,9.0,9.0,,,,,,,,,,,,,,,,,,,,,,7.0,66.0,3,-3.5,-4.0,,,,,,,,,,,,,,,,,,,,,,-1.5,784.0,3.18852,-4.5,633.0
10.0,Meredith & Maria,TARUS6,8.0,10.0,,,,,,,,,,,,,,,,,,,,,,,9.0,67.0,-2,-4.5,,,,,,,,,,,,,,,,,,,,,,,-3.25,946.0,1.25,-6.5,797.0
11.0,Avi & Joe,TARUS6,11.0,,,,,,,,,,,,,,,,,,,,,,,,11.0,68.0,-5,,,,,,,,,,,,,,,,,,,,,,,,-5.0,1042.0,0.0,-5.0,671.0
1.0,Uchenna & Joyce,TARUS7,8.0,4.0,2.0,3.0,6.0,3.0,3,3.0,1.0,1,3,3.0,1.0,,,,,,,,,,,,3.15385,69.0,-2,1.5,3.0,1.5,-2.0,1.0,0.5,0.0,2.0,1.5,-0.5,-1.0,1.0,,,,,,,,,,,,0.5,306.0,1.4676,6.5,260.0
2.0,Rob & Amber,TARUS7,3.0,1.0,5.0,1.0,5.0,2.0,1,1.0,3.0,3,1,2.0,2.0,,,,,,,,,,,,2.30769,70.0,3,4.5,0.0,3.5,-1.0,2.0,2.5,2.0,0.0,-0.5,1.5,0.0,0.0,,,,,,,,,,,,1.346,110.0,1.65697,17.5,67.0
3.0,Ron & Kelly,TARUS7,10.0,2.0,4.0,4.0,2.0,1.0,2,2.0,2.0,4,2,1.0,3.0,,,,,,,,,,,,3.0,71.0,-4,3.5,1.0,0.5,2.0,3.0,1.5,1.0,1.0,-1.5,0.5,1.0,-1.0,,,,,,,,,,,,0.654,280.0,1.87478,8.5,220.0
4.0,Meredith & Gretchen,TARUS7,6.0,7.0,7.0,7.0,7.0,5.0,5,5.0,4.0,2,4,,,,,,,,,,,,,,5.36364,72.0,0,-1.5,-2.0,-2.5,-3.0,-1.0,-1.5,-2.0,-1.0,0.5,-1.5,,,,,,,,,,,,,,-1.409,775.0,0.97277,-15.5,1075.0
5.0,Lynn & Alex,TARUS7,5.0,5.0,1.0,5.0,4.0,4.0,4,4.0,5.0,,,,,,,,,,,,,,,,4.11111,73.0,1,0.5,4.0,-0.5,0.0,0.0,-0.5,-1.0,-2.0,,,,,,,,,,,,,,,,0.167,415.0,1.58114,1.5,399.0
6.0,Brian & Greg,TARUS7,4.0,9.0,3.0,2.0,3.0,6.0,6,,,,,,,,,,,,,,,,,,4.71429,74.0,2,-3.5,2.0,2.5,1.0,-2.0,-2.5,,,,,,,,,,,,,,,,,,-0.071,483.0,2.32115,-0.5,476.0
7.0,Ray & Deana,TARUS7,7.0,3.0,6.0,6.0,1.0,7.0,,,,,,,,,,,,,,,,,,,5.0,75.0,-1,2.5,-1.0,-1.5,3.0,-3.0,,,,,,,,,,,,,,,,,,,-0.167,503.0,2.17307,-1.0,491.0
8.0,Susan & Patrick,TARUS7,2.0,8.0,8.0,8.0,,,,,,,,,,,,,,,,,,,,,6.5,76.0,4,-2.5,-3.0,-3.5,,,,,,,,,,,,,,,,,,,,,-1.25,747.0,3.05164,-5.0,671.0
9.0,Debbie & Bianca,TARUS7,1.0,6.0,9.0,,,,,,,,,,,,,,,,,,,,,,5.33333,77.0,5,-0.5,-4.0,,,,,,,,,,,,,,,,,,,,,,0.167,415.0,3.70435,0.5,426.0
10.0,Megan & Heidi,TARUS7,9.0,10.0,,,,,,,,,,,,,,,,,,,,,,,9.5,78.0,-3,-4.5,,,,,,,,,,,,,,,,,,,,,,,-3.75,976.0,0.75,-7.5,848.0
11.0,Ryan & Chuck,TARUS7,11.0,,,,,,,,,,,,,,,,,,,,,,,,11.0,79.0,-5,,,,,,,,,,,,,,,,,,,,,,,,-5.0,1042.0,0.0,-5.0,671.0
1.0,Linz Family,TARUS8,9.0,2.0,2.0,3.0,4.0,2.0,3,2.0,1.0,3,2,2.0,1.0,,,,,,,,,,,,2.76923,80.0,-3.5,3.0,2.5,1.0,-0.5,1.5,0,1.0,1.5,-0.5,0.5,0.0,1.0,,,,,,,,,,,,0.577,297.0,1.55472,7.5,241.0
2.0,Bransen Family,TARUS8,7.0,6.0,1.0,1.0,3.0,3.0,5,4.0,2.0,1,1,1.0,2.0,,,,,,,,,,,,2.84615,81.0,-1.5,-1.0,3.5,3.0,0.5,0.5,-2,-1.0,0.5,1.5,1.5,1.0,0.0,,,,,,,,,,,,0.5,306.0,1.58114,6.5,260.0
3.0,Weaver Family,TARUS8,3.0,1.0,5.0,5.0,2.0,5.0,2,3.0,4.0,2,3,3.0,3.0,,,,,,,,,,,,3.15385,82.0,2.5,4.0,-0.5,-1.0,1.5,-1.5,1,0.0,-1.5,0.5,-0.5,-1.0,-1.0,,,,,,,,,,,,0.192,412.0,1.59974,2.5,365.0
4.0,Godlewski Family,TARUS8,1.0,3.0,4.0,4.0,6.0,4.0,1,1.0,3.0,4,4,,,,,,,,,,,,,,3.18182,83.0,4.5,2.0,0.5,0.0,-2.5,-0.5,2,2.0,-0.5,-1.5,-1.5,,,,,,,,,,,,,,0.409,344.0,1.9519,4.5,312.0
5.0,Paolo Family,TARUS8,6.0,8.0,6.0,2.0,1.0,1.0,4,5.0,,,,,,,,,,,,,,,,,4.125,84.0,-0.5,-3.0,-1.5,2.0,2.5,2.5,-1,-2.0,,,,,,,,,,,,,,,,,-0.125,495.0,2.02716,-1.0,491.0
6.0,Gaghan Family,TARUS8,2.0,7.0,7.0,6.0,5.0,6.0,,,,,,,,,,,,,,,,,,,5.5,85.0,3.5,-2.0,-2.5,-2.0,-1.5,-2.5,,,,,,,,,,,,,,,,,,,-1.167,731.0,2.11476,-7.0,829.0
7.0,Schroeder Family,TARUS8,5.0,4.0,3.0,7.0,,,,,,,,,,,,,,,,,,,,,4.75,86.0,0.5,1.0,1.5,-3.0,,,,,,,,,,,,,,,,,,,,,0.0,450.0,1.76777,0.0,451.0
8.0,Aiello Family,TARUS8,8.0,5.0,8.0,,,,,,,,,,,,,,,,,,,,,,7.0,87.0,-2.5,0.0,-3.5,,,,,,,,,,,,,,,,,,,,,,-2.0,852.0,1.47196,-6.0,773.0
9.0,Rogers Family,TARUS8,4.0,9.0,,,,,,,,,,,,,,,,,,,,,,,6.5,88.0,1.5,-4.0,,,,,,,,,,,,,,,,,,,,,,,-1.25,747.0,2.75,-2.5,540.0
10.0,Black Family,TARUS8,10.0,,,,,,,,,,,,,,,,,,,,,,,,10.0,89.0,-4.5,,,,,,,,,,,,,,,,,,,,,,,,-4.5,1017.0,0.0,-4.5,633.0
1.0,BJ & Tyler,TARUS9,2.0,1.0,4.0,2.0,1.0,2.0,5,5.0,3.0,4,1,1.0,1.0,,,,,,,,,,,,2.46154,90.0,4,4.5,1.0,3.0,3.5,2.0,-1.5,-2.0,0.0,-1.5,1.5,1.0,1.0,,,,,,,,,,,,1.269,125.0,2.0439,16.5,77.0
2.0,Eric & Jeremy,TARUS9,1.0,2.0,1.0,1.0,2.0,1.0,1,4.0,1.0,2,2,2.0,2.0,,,,,,,,,,,,1.69231,91.0,5,3.5,4.0,4.0,2.5,3.0,2.5,-1.0,2.0,0.5,0.5,0.0,0.0,,,,,,,,,,,,2.038,25.0,1.80237,26.5,10.0
3.0,Ray & Yolanda,TARUS9,7.0,5.0,3.0,7.0,7.0,6.0,3,3.0,4.0,1,3,3.0,3.0,,,,,,,,,,,,4.23077,92.0,-1,0.5,2.0,-2.0,-2.5,-2.0,0.5,0.0,-1.0,1.5,-0.5,-1.0,-1.0,,,,,,,,,,,,-0.5,581.0,1.30089,-6.5,797.0
4.0,Joseph & Monica,TARUS9,6.0,3.0,8.0,6.0,3.0,3.0,2,2.0,2.0,3,4,,,,,,,,,,,,,,3.81818,93.0,0,2.5,-3.0,-1.0,1.5,1.0,1.5,1.0,1.0,-0.5,-1.5,,,,,,,,,,,,,,0.227,399.0,1.52798,2.5,365.0
5.0,Fran & Barry,TARUS9,8.0,9.0,5.0,4.0,4.0,4.0,4,1.0,5.0,,,,,,,,,,,,,,,,4.88889,94.0,-2,-3.5,0.0,1.0,0.5,0.0,-0.5,2.0,-2.0,,,,,,,,,,,,,,,,-0.5,581.0,1.61589,-4.5,633.0
6.0,Lake & Michelle,TARUS9,5.0,7.0,2.0,3.0,5.0,5.0,6,,,,,,,,,,,,,,,,,,4.71429,95.0,1,-1.5,3.0,2.0,-0.5,-1.0,-2.5,,,,,,,,,,,,,,,,,,0.071,437.0,1.84059,0.5,426.0
7.0,Dave & Lori,TARUS9,4.0,4.0,9.0,5.0,6.0,7.0,,,,,,,,,,,,,,,,,,,5.83333,96.0,2,1.5,-4.0,0.0,-1.5,-3.0,,,,,,,,,,,,,,,,,,,-0.833,669.0,2.21108,-5.0,671.0
8.0,Danielle & Dani,TARUS9,9.0,8.0,6.0,8.0,8.0,,,,,,,,,,,,,,,,,,,,7.8,97.0,-3,-2.5,-1.0,-3.0,-3.5,,,,,,,,,,,,,,,,,,,,-2.6,906.0,0.86023,-13.0,1039.0
9.0,Wanda & Desiree,TARUS9,3.0,6.0,7.0,9.0,,,,,,,,,,,,,,,,,,,,,6.25,98.0,3,-0.5,-2.0,-4.0,,,,,,,,,,,,,,,,,,,,,-0.875,683.0,2.55869,-3.5,585.0
10.0,Lisa & Joni,TARUS9,10.0,10.0,,,,,,,,,,,,,,,,,,,,,,,10.0,99.0,-4,-4.5,,,,,,,,,,,,,,,,,,,,,,,-4.25,1003.0,0.25,-8.5,896.0
11.0,John & Scott,TARUS9,11.0,,,,,,,,,,,,,,,,,,,,,,,,11.0,100.0,-5,,,,,,,,,,,,,,,,,,,,,,,,-5.0,1042.0,0.0,-5.0,671.0
1.0,Tyler & James,TARUS10,1.0,2.0,2.0,3.0,6.0,6.0,2,2.0,1.0,1,1,3.0,1.0,,,,,,,,,,,,2.38462,101.0,5.5,3.5,3.0,1.5,-2.0,-2.0,1.5,1.5,2.0,2,1.5,-0.5,1.0,,,,,,,,,,,,1.423,100.0,1.98887,18.5,56.0
2.0,Rob & Kimberly,TARUS10,5.0,6.0,3.0,1.0,3.0,3.0,3,3.0,4.0,3,3,1.0,2.0,,,,,,,,,,,,3.07692,102.0,1.5,-0.5,2.0,3.5,1.0,1.0,0.5,0.5,-1.0,0,-0.5,1.5,0.0,,,,,,,,,,,,0.731,260.0,1.17039,9.5,201.0
3.0,Lyn & Karlyn,TARUS10,9.0,9.0,6.0,6.0,5.0,4.0,5,5.0,3.0,4,2,2.0,3.0,,,,,,,,,,,,4.84615,103.0,-2.5,-3.5,-1.0,-1.5,-1.0,0.0,-1.5,-1.5,0.0,-1,0.5,0.5,-1.0,,,,,,,,,,,,-1.038,711.0,1.10003,-13.5,1048.0
4.0,Dustin & Kandice,TARUS10,4.0,5.0,4.0,7.0,2.0,2.0,1,1.0,2.0,2,4,4.0,,,,,,,,,,,,,3.16667,104.0,2.5,0.5,1.0,-2.5,2.0,2.0,2.5,2.5,1.0,1,-1.5,-1.5,,,,,,,,,,,,,0.792,243.0,1.66406,9.5,201.0
5.0,Erwin & Godwin,TARUS10,7.0,8.0,1.0,4.0,4.0,5.0,4,4.0,5.0,5,,,,,,,,,,,,,,,4.7,105.0,-0.5,-2.5,4.0,0.5,0.0,-1.0,-0.5,-0.5,-2.0,-2,,,,,,,,,,,,,,,-0.45,577.0,1.73853,-4.5,633.0
6.0,David & Mary,TARUS10,10.0,7.0,7.0,5.0,7.0,1.0,6,6.0,,,,,,,,,,,,,,,,,6.125,106.0,-3.5,-1.5,-2.0,-0.5,-3.0,3.0,-2.5,-2.5,,,,,,,,,,,,,,,,,-1.563,796.0,1.92739,-12.5,1031.0
7.0,Peter & Sarah,TARUS10,3.0,1.0,5.0,2.0,1.0,7.0,,,,,,,,,,,,,,,,,,,3.16667,107.0,3.5,4.5,0.0,2.5,3.0,-3.0,,,,,,,,,,,,,,,,,,,1.75,48.0,2.529,10.5,175.0
8.0,Tom & Terry,TARUS10,8.0,4.0,8.0,8.0,,,,,,,,,,,,,,,,,,,,,7.0,108.0,-1.5,1.5,-3.0,-3.5,,,,,,,,,,,,,,,,,,,,,-1.625,802.0,1.94856,-6.5,797.0
9.0,Duke & Lauren,TARUS10,2.0,3.0,9.0,,,,,,,,,,,,,,,,,,,,,,4.66667,109.0,4.5,2.5,-4.0,,,,,,,,,,,,,,,,,,,,,,1.0,187.0,3.62859,3.0,351.0
10.0,Kellie & Jamie,TARUS10,6.0,10.0,,,,,,,,,,,,,,,,,,,,,,,8.0,110.0,0.5,-4.5,,,,,,,,,,,,,,,,,,,,,,,-2.0,852.0,2.5,-4.0,612.0
11.0,Vipul & Arti,TARUS10,11.0,,,,,,,,,,,,,,,,,,,,,,,,11.0,111.0,-4.5,,,,,,,,,,,,,,,,,,,,,,,,-4.5,1017.0,0.0,-4.5,633.0
12.0,Bilal & Sa'eed,TARUS10,12.0,,,,,,,,,,,,,,,,,,,,,,,,12.0,112.0,-5.5,,,,,,,,,,,,,,,,,,,,,,,,-5.5,1087.0,0.0,-5.5,733.0
1.0,Eric & Danielle,TARUS11,4.0,4.0,3.0,2.0,6.0,5.0,5,5.0,3.0,4,3,2.0,1.0,,,,,,,,,,,,3.61538,113.0,2,1.5,2.0,2.5,-2.0,-1.0,-1.5,-1.5,0.0,-1.5,-0.5,0.5,1.0,,,,,,,,,,,,0.115,429.0,1.50836,1.5,399.0
2.0,Dustin & Kandice,TARUS11,6.0,6.0,4.0,5.0,2.0,4.0,1,3.0,1.0,2,1,1.0,2.0,,,,,,,,,,,,2.92308,114.0,0,-0.5,1.0,-0.5,2.0,0.0,2.5,0.5,2.0,0.5,1.5,1.5,0.0,,,,,,,,,,,,0.808,240.0,0.97149,10.5,175.0
3.0,Charla & Mirna,TARUS11,8.0,8.0,8.0,7.0,1.0,1.0,4,4.0,2.0,3,2,3.0,3.0,,,,,,,,,,,,4.15385,115.0,-2,-2.5,-3.0,-2.5,3.0,3.0,-0.5,-0.5,1.0,-0.5,0.5,-0.5,-1.0,,,,,,,,,,,,-0.423,568.0,1.84856,-5.5,733.0
4.0,Oswald & Danny,TARUS11,2.0,2.0,5.0,1.0,4.0,2.0,2,1.0,4.0,1,4,4.0,,,,,,,,,,,,,2.66667,116.0,4,3.5,0.0,3.5,0.0,2.0,1.5,2.5,-1.0,1.5,-1.5,-1.5,,,,,,,,,,,,,1.208,133.0,1.89801,14.5,104.0
5.0,Uchenna & Joyce,TARUS11,7.0,5.0,2.0,6.0,7.0,3.0,3,1.0,5.0,,,,,,,,,,,,,,,,4.33333,117.0,-1,0.5,3.0,-1.5,-3.0,1.0,0.5,2.5,-2.0,,,,,,,,,,,,,,,,0.0,450.0,1.91485,0.0,451.0
6.0,Joe & Bill,TARUS11,5.0,3.0,7.0,4.0,5.0,6.0,6,6.0,,,,,,,,,,,,,,,,,5.25,118.0,1,2.5,-2.0,0.5,-1.0,-2.0,-2.5,-2.5,,,,,,,,,,,,,,,,,-0.75,650.0,1.75,-6.0,773.0
7.0,Teri & Ian,TARUS11,3.0,7.0,6.0,3.0,3.0,7.0,,,,,,,,,,,,,,,,,,,4.83333,119.0,3,-1.5,-1.0,1.5,1.0,-3.0,,,,,,,,,,,,,,,,,,,0.0,450.0,2.02073,0.0,451.0
8.0,Rob & Amber,TARUS11,1.0,1.0,1.0,8.0,,,,,,,,,,,,,,,,,,,,,2.75,120.0,5,4.5,4.0,-3.5,,,,,,,,,,,,,,,,,,,,,2.5,6.0,3.4821,10.0,190.0
9.0,David & Mary,TARUS11,9.0,9.0,9.0,,,,,,,,,,,,,,,,,,,,,,9.0,121.0,-3,-3.5,-4.0,,,,,,,,,,,,,,,,,,,,,,-3.5,964.0,0.40825,-10.5,978.0
10.0,Kevin & Drew,TARUS11,10.0,10.0,,,,,,,,,,,,,,,,,,,,,,,10.0,122.0,-4,-4.5,,,,,,,,,,,,,,,,,,,,,,,-4.25,1003.0,0.25,-8.5,896.0
11.0,John Vito & Jill,TARUS11,11.0,,,,,,,,,,,,,,,,,,,,,,,,11.0,123.0,-5,,,,,,,,,,,,,,,,,,,,,,,,-5.0,1042.0,0.0,-5.0,671.0
1.0,TK & Rachel,TARUS12,3.0,6.0,2.0,7.0,1.0,4.0,4,1.0,4.0,2,1,,,,,,,,,,,,,,3.18182,124.0,3,-0.5,3.0,-2.5,3.0,-0.5,-1,2.0,-1.5,0.5,1,,,,,,,,,,,,,,0.591,292.0,1.86862,6.5,260.0
2.0,Ron & Christina,TARUS12,7.0,9.0,5.0,3.0,3.0,1.0,3,3.0,1.0,1,2,,,,,,,,,,,,,,3.45455,125.0,-1,-3.5,0.0,1.5,1.0,2.5,0,0.0,1.5,1.5,0,,,,,,,,,,,,,,0.318,372.0,1.54144,3.5,338.0
3.0,Nicolas & Donald,TARUS12,5.0,8.0,6.0,4.0,6.0,5.0,1,2.0,3.0,3,3,,,,,,,,,,,,,,4.18182,126.0,1,-2.5,-1.0,0.5,-2.0,-1.5,2,1.0,-0.5,-0.5,-1,,,,,,,,,,,,,,-0.409,565.0,1.32833,-4.5,633.0
4.0,Nathan & Jennifer,TARUS12,10.0,2.0,3.0,2.0,5.0,3.0,2,4.0,2.0,4,,,,,,,,,,,,,,,3.7,127.0,-4,3.5,2.0,2.5,-1.0,0.5,1,-1.0,0.5,-1.5,,,,,,,,,,,,,,,0.25,385.0,2.08866,2.5,365.0
5.0,Kynt & Vyxsin,TARUS12,2.0,4.0,4.0,5.0,2.0,2.0,5,5.0,,,,,,,,,,,,,,,,,3.625,128.0,4,1.5,1.0,-0.5,2.0,1.5,-2,-2.0,,,,,,,,,,,,,,,,,0.688,269.0,1.93548,5.5,285.0
6.0,Azaria & Hendekea,TARUS12,1.0,5.0,1.0,1.0,4.0,6.0,,,,,,,,,,,,,,,,,,,3.0,129.0,5,0.5,4.0,3.5,0.0,-2.5,,,,,,,,,,,,,,,,,,,1.75,48.0,2.62599,10.5,175.0
7.0,Shana & Jennifer,TARUS12,6.0,3.0,7.0,6.0,7.0,,,,,,,,,,,,,,,,,,,,5.8,130.0,0,2.5,-2.0,-1.5,-3.0,,,,,,,,,,,,,,,,,,,,-0.8,662.0,1.91311,-4.0,612.0
8.0,Lorena & Jason,TARUS12,4.0,1.0,8.0,8.0,,,,,,,,,,,,,,,,,,,,,5.25,131.0,2,4.5,-3.0,-3.5,,,,,,,,,,,,,,,,,,,,,0.0,450.0,3.37268,0.0,451.0
9.0,Marianna & Julia,TARUS12,9.0,7.0,9.0,,,,,,,,,,,,,,,,,,,,,,8.33333,132.0,-3,-1.5,-4.0,,,,,,,,,,,,,,,,,,,,,,-2.833,918.0,1.0274,-8.5,896.0
10.0,Kate & Pat,TARUS12,8.0,10.0,,,,,,,,,,,,,,,,,,,,,,,9.0,133.0,-2,-4.5,,,,,,,,,,,,,,,,,,,,,,,-3.25,946.0,1.25,-6.5,797.0
11.0,Ari & Staella,TARUS12,11.0,,,,,,,,,,,,,,,,,,,,,,,,11.0,134.0,-5,,,,,,,,,,,,,,,,,,,,,,,,-5.0,1042.0,0.0,-5.0,671.0
1.0,Nick & Starr,TARUS13,1.0,6.0,6.0,5.0,1.0,1.0,1,1.0,3.0,1,1,,,,,,,,,,,,,,2.45455,135.0,5,-0.5,-1.0,-0.5,3.0,2.5,2.5,2.0,-0.5,1.5,1,,,,,,,,,,,,,,1.364,107.0,1.78492,15.0,96.0
2.0,Ken & Tina,TARUS13,2.0,1.0,1.0,1.0,4.0,6.0,4,3.0,2.0,3,2,,,,,,,,,,,,,,2.63636,136.0,4,4.5,4.0,3.5,0.0,-2.5,-0.5,0.0,0.5,-0.5,0,,,,,,,,,,,,,,1.182,143.0,2.25905,13.0,130.0
3.0,Andrew & Dan,TARUS13,7.0,8.0,7.0,6.0,6.0,5.0,5,4.0,4.0,2,3,,,,,,,,,,,,,,5.18182,137.0,-1,-2.5,-2.0,-1.5,-2.0,-1.5,-1.5,-1.0,-1.5,0.5,-1,,,,,,,,,,,,,,-1.364,767.0,0.74134,-15.0,1066.0
4.0,Toni & Dallas,TARUS13,6.0,5.0,2.0,4.0,2.0,3.0,2,2.0,1.0,4,,,,,,,,,,,,,,,3.1,138.0,0,0.5,3.0,0.5,2.0,0.5,1.5,1.0,1.5,-1.5,,,,,,,,,,,,,,,0.9,215.0,1.15758,9.0,213.0
5.0,Terence & Sarah,TARUS13,3.0,3.0,3.0,2.0,3.0,4.0,3,5.0,,,,,,,,,,,,,,,,,3.25,139.0,3,2.5,2.0,2.5,1.0,-0.5,0.5,-2.0,,,,,,,,,,,,,,,,,1.125,154.0,1.61536,9.0,213.0
6.0,Kelly & Christy,TARUS13,5.0,7.0,8.0,3.0,5.0,2.0,6,,,,,,,,,,,,,,,,,,5.14286,140.0,1,-1.5,-3.0,1.5,-1.0,1.5,-2.5,,,,,,,,,,,,,,,,,,-0.571,612.0,1.76126,-4.0,612.0
7.0,Aja & Ty,TARUS13,8.0,4.0,5.0,7.0,7.0,,,,,,,,,,,,,,,,,,,,6.2,141.0,-2,1.5,0.0,-2.5,-3.0,,,,,,,,,,,,,,,,,,,,-1.2,738.0,1.69115,-6.0,773.0
8.0,Marisa & Brooke,TARUS13,10.0,9.0,4.0,8.0,,,,,,,,,,,,,,,,,,,,,7.75,142.0,-4,-3.5,1.0,-3.5,,,,,,,,,,,,,,,,,,,,,-2.5,897.0,2.03101,-10.0,962.0
9.0,Mark & Bill,TARUS13,4.0,2.0,9.0,,,,,,,,,,,,,,,,,,,,,,5.0,143.0,2,3.5,-4.0,,,,,,,,,,,,,,,,,,,,,,0.5,306.0,3.24037,1.5,399.0
10.0,Anthony & Stephanie,TARUS13,9.0,10.0,,,,,,,,,,,,,,,,,,,,,,,9.5,144.0,-3,-4.5,,,,,,,,,,,,,,,,,,,,,,,-3.75,976.0,0.75,-7.5,848.0
11.0,Anita & Arthur,TARUS13,11.0,,,,,,,,,,,,,,,,,,,,,,,,11.0,145.0,-5,,,,,,,,,,,,,,,,,,,,,,,,-5.0,1042.0,0.0,-5.0,671.0
1.0,Tammy & Victor,TARUS14,2.0,1.0,8.0,3.0,2.0,1.0,1,3.0,2.0,3,1,1.0,,,,,,,,,,,,,2.33333,146.0,4,4.5,-3.0,1.5,2.0,3.0,2.5,0.0,1.0,-0.5,1.5,1.0,,,,,,,,,,,,,1.458,96.0,1.95212,17.5,67.0
2.0,Jaime & Cara,TARUS14,7.0,6.0,7.0,5.0,3.0,5.0,2,2.0,4.0,1,3,2.0,,,,,,,,,,,,,3.91667,147.0,-1,-0.5,-2.0,-0.5,1.0,-1.0,1.5,1.0,-1.0,1.5,-0.5,0.0,,,,,,,,,,,,,-0.125,495.0,1.08253,-1.5,514.0
3.0,Margie & Luke,TARUS14,1.0,4.0,4.0,4.0,1.0,4.0,4,1.0,3.0,2,2,3.0,,,,,,,,,,,,,2.75,148.0,5,1.5,1.0,0.5,3.0,0.0,-0.5,2.0,0.0,0.5,0.5,-1.0,,,,,,,,,,,,,1.042,183.0,1.58717,12.5,136.0
4.0,Kisha & Jen,TARUS14,8.0,7.0,3.0,2.0,6.0,3.0,5,4.0,1.0,4,4,,,,,,,,,,,,,,4.27273,149.0,-2,-1.5,2.0,2.5,-2.0,1.0,-1.5,-1.0,2.0,-1.5,-1.5,,,,,,,,,,,,,,-0.318,546.0,1.70924,-3.5,585.0
5.0,Mark & Michael,TARUS14,3.0,8.0,5.0,7.0,5.0,6.0,3,5.0,5.0,,,,,,,,,,,,,,,,5.22222,150.0,3,-2.5,0.0,-2.5,-1.0,-2.0,0.5,-2.0,-2.0,,,,,,,,,,,,,,,,-0.944,695.0,1.72312,-8.5,896.0
6.0,Mel & Mike,TARUS14,4.0,2.0,1.0,6.0,4.0,2.0,6,,,,,,,,,,,,,,,,,,3.57143,151.0,2,3.5,4.0,-1.5,0.0,2.0,-2.5,,,,,,,,,,,,,,,,,,1.071,166.0,2.29017,7.5,241.0
7.0,Christie & Jodi,TARUS14,10.0,9.0,6.0,1.0,7.0,7.0,,,,,,,,,,,,,,,,,,,6.66667,152.0,-4,-3.5,-1.0,3.5,-3.0,-3.0,,,,,,,,,,,,,,,,,,,-1.833,831.0,2.56038,-11.0,997.0
8.0,Amanda & Kris,TARUS14,5.0,3.0,2.0,8.0,,,,,,,,,,,,,,,,,,,,,4.5,153.0,1,2.5,3.0,-3.5,,,,,,,,,,,,,,,,,,,,,0.75,253.0,2.56174,3.0,351.0
9.0,Brad & Victoria,TARUS14,6.0,5.0,9.0,,,,,,,,,,,,,,,,,,,,,,6.66667,154.0,0,0.5,-4.0,,,,,,,,,,,,,,,,,,,,,,-1.167,731.0,2.01384,-3.5,585.0
10.0,Steve & Linda,TARUS14,9.0,10.0,,,,,,,,,,,,,,,,,,,,,,,9.5,155.0,-3,-4.5,,,,,,,,,,,,,,,,,,,,,,,-3.75,976.0,0.75,-7.5,848.0
11.0,Preston & Jennifer,TARUS14,11.0,,,,,,,,,,,,,,,,,,,,,,,,11.0,156.0,-5,,,,,,,,,,,,,,,,,,,,,,,,-5.0,1042.0,0.0,-5.0,671.0
1.0,Meghan & Cheyne,TARUS15,1.0,6.0,2.0,5.0,1.0,1.0,2,2.0,1.0,1,1,1.0,,,,,,,,,,,,,2.0,157.0,5.5,0.0,3.5,0.0,3.5,3.0,1.5,1.0,2.0,1.5,1.5,1.0,,,,,,,,,,,,,2.0,26.0,1.5411,24.0,17.0
2.0,Sam & Dan,TARUS15,9.0,2.0,5.0,1.0,5.0,3.0,1,4.0,2.0,2,2,2.0,,,,,,,,,,,,,3.16667,158.0,-2.5,4.0,0.5,4.0,-0.5,1.0,2.5,-1.0,1.0,0.5,0.5,0.0,,,,,,,,,,,,,0.833,230.0,1.82954,10.0,190.0
3.0,Brian & Ericka,TARUS15,6.0,10.0,4.0,3.0,2.0,4.0,5,3.0,4.0,4,3,3.0,,,,,,,,,,,,,4.25,159.0,0.5,-4.0,1.5,2.0,2.5,0.0,-1.5,0.0,-1.0,-1.5,-0.5,-1.0,,,,,,,,,,,,,-0.25,518.0,1.70171,-3.0,558.0
4.0,Flight Time & Big Easy,TARUS15,5.0,3.0,1.0,2.0,3.0,6.0,3,1.0,3.0,3,4,,,,,,,,,,,,,,3.09091,160.0,1.5,3.0,4.5,3.0,1.5,-2.0,0.5,2.0,0.0,-0.5,-1.5,,,,,,,,,,,,,,1.091,162.0,1.91665,12.0,145.0
5.0,Gary & Matt,TARUS15,7.0,1.0,3.0,4.0,4.0,5.0,4,5.0,5.0,,,,,,,,,,,,,,,,4.22222,161.0,-0.5,5.0,2.5,1.0,0.5,-1.0,-0.5,-2.0,-2.0,,,,,,,,,,,,,,,,0.333,365.0,2.13437,3.0,351.0
6.0,Maria & Tiffany,TARUS15,11.0,7.0,6.0,8.0,6.0,2.0,6,,,,,,,,,,,,,,,,,,6.57143,162.0,-4.5,-1.0,-0.5,-3.0,-1.5,2.0,-2.5,,,,,,,,,,,,,,,,,,-1.571,798.0,1.91663,-11.0,997.0
7.0,Mika & Canaan,TARUS15,10.0,8.0,7.0,7.0,7.0,7.0,,,,,,,,,,,,,,,,,,,7.66667,163.0,-3.5,-2.0,-1.5,-2.0,-2.5,-3.0,,,,,,,,,,,,,,,,,,,-2.417,895.0,0.67185,-14.5,1062.0
8.0,Lance & Keri,TARUS15,3.0,4.0,9.0,6.0,8.0,,,,,,,,,,,,,,,,,,,,6.0,164.0,3.5,2.0,-3.5,-1.0,-3.5,,,,,,,,,,,,,,,,,,,,-0.5,581.0,2.84605,-2.5,540.0
9.0,Zev & Justin,TARUS15,2.0,5.0,8.0,9.0,,,,,,,,,,,,,,,,,,,,,6.0,165.0,4.5,1.0,-2.5,-4.0,,,,,,,,,,,,,,,,,,,,,-0.25,518.0,3.28824,-1.0,491.0
10.0,Marcy & Ron,TARUS15,4.0,9.0,10.0,,,,,,,,,,,,,,,,,,,,,,7.66667,166.0,2.5,-3.0,-4.5,,,,,,,,,,,,,,,,,,,,,,-1.667,808.0,3.00925,-5.0,671.0
11.0,Garrett & Jessica,TARUS15,8.0,11.0,,,,,,,,,,,,,,,,,,,,,,,9.5,167.0,-1.5,-5.0,,,,,,,,,,,,,,,,,,,,,,,-3.25,946.0,1.75,-6.5,797.0
12.0,Eric & Lisa,TARUS15,12.0,,,,,,,,,,,,,,,,,,,,,,,,12.0,168.0,-5.5,,,,,,,,,,,,,,,,,,,,,,,,-5.5,1087.0,0.0,-5.5,733.0
1.0,Dan & Jordan,TARUS16,8.0,8.0,6.0,6.0,4.0,5.0,2,5.0,1.0,3,3,1.0,,,,,,,,,,,,,4.33333,169.0,s,-2.5,-1.0,-1.5,0.5,-1.0,1.5,-1.5,2.0,-0.5,-0.5,1.0,,,,,,,,,,,,,-0.318,546.0,1.33609,-3.5,585.0
2.0,Jet & Cord,TARUS16,3.0,1.0,1.0,4.0,3.0,4.0,6,1.0,3.0,1,2,2.0,,,,,,,,,,,,,2.58333,170.0,3,4.5,4.0,0.5,1.5,0.0,-2.5,2.5,0.0,1.5,0.5,0.0,,,,,,,,,,,,,1.292,119.0,1.887,15.5,89.0
3.0,Brent & Caite,TARUS16,7.0,4.0,7.0,7.0,6.0,6.0,3,4.0,2.0,2,1,3.0,,,,,,,,,,,,,4.33333,171.0,-1,1.5,-2.0,-2.5,-1.5,-2.0,0.5,-0.5,1.0,0.5,1.5,-1.0,,,,,,,,,,,,,-0.458,578.0,1.36104,-5.5,733.0
4.0,Louie & Michael,TARUS16,9.0,9.0,8.0,1.0,1.0,1.0,4,3.0,4.0,4,4,,,,,,,,,,,,,,4.36364,172.0,-3,-3.5,-3.0,3.5,3.5,3.0,-0.5,0.5,-1.0,-1.5,-1.5,,,,,,,,,,,,,,-0.318,546.0,2.49793,-3.5,585.0
5.0,Carol & Brandy,TARUS16,6.0,3.0,3.0,5.0,5.0,2.0,5,2.0,5.0,,,,,,,,,,,,,,,,4.0,173.0,0,2.5,2.0,-0.5,-0.5,2.0,-1.5,1.5,-2.0,,,,,,,,,,,,,,,,0.389,353.0,1.55952,3.5,338.0
6.0,Steve & Allie,TARUS16,4.0,7.0,2.0,2.0,2.0,3.0,1,6.0,,,,,,,,,,,,,,,,,3.375,174.0,2,-1.5,3.0,2.5,2.5,1.0,2.5,-2.5,,,,,,,,,,,,,,,,,1.188,141.0,1.93548,9.5,201.0
7.0,Jordan & Jeff,TARUS16,1.0,6.0,5.0,8.0,7.0,7.0,,,,,,,,,,,,,,,,,,,5.66667,175.0,5,-0.5,0.0,-3.5,-2.5,-3.0,,,,,,,,,,,,,,,,,,,-0.75,650.0,2.86865,-4.5,633.0
8.0,Joe & Heidi,TARUS16,5.0,2.0,4.0,3.0,8.0,,,,,,,,,,,,,,,,,,,,4.4,176.0,1,3.5,1.0,1.5,-3.5,,,,,,,,,,,,,,,,,,,,0.7,265.0,2.29347,3.5,338.0
9.0,Monique & Shawne,TARUS16,2.0,5.0,9.0,,,,,,,,,,,,,,,,,,,,,,5.33333,177.0,4,0.5,-4.0,,,,,,,,,,,,,,,,,,,,,,0.167,415.0,3.27448,0.5,426.0
10.0,Jody & Shannon,TARUS16,10.0,10.0,,,,,,,,,,,,,,,,,,,,,,,10.0,178.0,-4,-4.5,,,,,,,,,,,,,,,,,,,,,,,-4.25,1003.0,0.25,-8.5,896.0
11.0,Dana & Adrian,TARUS16,11.0,,,,,,,,,,,,,,,,,,,,,,,,11.0,179.0,-5,,,,,,,,,,,,,,,,,,,,,,,,-5.0,1042.0,0.0,-5.0,671.0
1.0,Nat & Kat,TARUS17,2.0,7.0,8.0,1.0,1.0,4.0,1,5.0,3.0,1,3,1.0,,,,,,,,,,,,,3.08333,180.0,4,-1.5,-3.0,4.0,3.5,0.0,3,-1.5,0.0,1.5,-0.5,1.0,,,,,,,,,,,,,0.875,221.0,2.25578,10.5,175.0
2.0,Brook & Claire,TARUS17,4.0,1.0,6.0,3.0,5.0,2.0,2,4.0,4.0,3,2,2.0,,,,,,,,,,,,,3.16667,181.0,2,4.5,-1.0,2.0,-0.5,2.0,2,-0.5,-1.0,-0.5,0.5,0.0,,,,,,,,,,,,,0.792,243.0,1.62607,9.5,201.0
3.0,Jill & Thomas,TARUS17,1.0,5.0,7.0,5.0,3.0,1.0,5,2.0,1.0,2,1,3.0,,,,,,,,,,,,,3.0,182.0,5,0.5,-2.0,0.0,1.5,3.0,-1,1.5,2.0,0.5,1.5,-1.0,,,,,,,,,,,,,0.958,194.0,1.83096,11.5,147.0
4.0,Nick & Vicki,TARUS17,10.0,8.0,5.0,6.0,6.0,7.0,3,3.0,2.0,4,4,,,,,,,,,,,,,,5.27273,183.0,-4,-2.5,0.0,-1.0,-1.5,-3.0,1,0.5,1.0,-1.5,-1.5,,,,,,,,,,,,,,-1.136,727.0,1.56802,-12.5,1031.0
5.0,Chad & Stephanie,TARUS17,8.0,4.0,3.0,7.0,7.0,5.0,6,1.0,5.0,,,,,,,,,,,,,,,,5.11111,184.0,-2,1.5,2.0,-2.0,-2.5,-1.0,-2,2.5,-2.0,,,,,,,,,,,,,,,,-0.611,625.0,1.89704,-5.5,733.0
6.0,Gary & Mallory,TARUS17,6.0,9.0,2.0,2.0,2.0,6.0,4,6.0,,,,,,,,,,,,,,,,,4.625,185.0,0,-3.5,3.0,3.0,2.5,-2.0,0,-2.5,,,,,,,,,,,,,,,,,0.063,440.0,2.41658,0.5,426.0
7.0,Michael & Kevin,TARUS17,7.0,3.0,9.0,4.0,4.0,3.0,7,,,,,,,,,,,,,,,,,,5.28571,186.0,-1,2.5,-4.0,1.0,0.5,1.0,-3,,,,,,,,,,,,,,,,,,-0.429,571.0,2.17828,-3.0,558.0
8.0,Katie & Rachel,TARUS17,5.0,2.0,4.0,8.0,8.0,,,,,,,,,,,,,,,,,,,,5.4,187.0,1,3.5,1.0,-3.0,-3.5,,,,,,,,,,,,,,,,,,,,-0.2,513.0,2.65707,-1.0,491.0
9.0,Connor & Jonathan,TARUS17,3.0,6.0,1.0,9.0,,,,,,,,,,,,,,,,,,,,,4.75,188.0,3,-0.5,4.0,-4.0,,,,,,,,,,,,,,,,,,,,,0.625,286.0,3.1499,2.5,365.0
10.0,Andie & Jenna,TARUS17,9.0,10.0,,,,,,,,,,,,,,,,,,,,,,,9.5,189.0,-3,-4.5,,,,,,,,,,,,,,,,,,,,,,,-3.75,976.0,0.75,-7.5,848.0
11.0,Ron & Tony,TARUS17,11.0,,,,,,,,,,,,,,,,,,,,,,,,11.0,190.0,-5,,,,,,,,,,,,,,,,,,,,,,,,-5.0,1042.0,0.0,-5.0,671.0
1.0,Kisha & Jen,TARUS18,3.0,4.0,4.0,5.0,4.0,6.0,3,4.0,2.0,2,2,1.0,,,,,,,,,,,,,3.33333,191.0,3,2.0,1.5,0.0,1.0,-1.5,1,-0.5,1.5,1,0.5,1.0,,,,,,,,,,,,,0.875,221.0,1.12036,10.5,175.0
2.0,Flight Time & Big Easy,TARUS18,5.0,2.0,5.0,6.0,6.0,7.0,1,2.0,5.0,1,3,2.0,,,,,,,,,,,,,3.75,192.0,1,4.0,0.5,-1.0,-1.0,-2.5,3,1.5,-1.5,2,-0.5,0.0,,,,,,,,,,,,,0.458,328.0,1.84231,5.5,285.0
3.0,Gary & Mallory,TARUS18,1.0,9.0,2.0,3.0,2.0,1.0,4,6.0,4.0,3,1,3.0,,,,,,,,,,,,,3.25,193.0,5,-3.0,3.5,2.0,3.0,3.5,0,-2.5,-0.5,0,1.5,-1.0,,,,,,,,,,,,,0.958,194.0,2.41918,11.5,147.0
4.0,Zev & Justin,TARUS18,4.0,1.0,1.0,8.0,8.0,4.0,2,1.0,1.0,4,4,,,,,,,,,,,,,,3.45455,194.0,2,5.0,4.5,-3.0,-3.0,0.5,2,2.5,2.5,-1,-1.5,,,,,,,,,,,,,,0.955,203.0,2.64965,10.5,175.0
5.0,Kent & Vyxsin,TARUS18,10.0,7.0,7.0,9.0,5.0,5.0,6,3.0,3.0,5,,,,,,,,,,,,,,,6.0,195.0,-4,-1.0,-1.5,-4.0,0.0,-0.5,-2,0.5,0.5,-2,,,,,,,,,,,,,,,-1.4,773.0,1.56205,-14.0,1055.0
6.0,Jet & Cord,TARUS18,11.0,3.0,6.0,2.0,1.0,2.0,5,5.0,6.0,,,,,,,,,,,,,,,,4.55556,196.0,-5,3.0,-0.5,3.0,4.0,2.5,-1,-1.5,-2.5,,,,,,,,,,,,,,,,0.222,401.0,2.87819,2.0,379.0
7.0,Ron & Christina,TARUS18,8.0,10.0,3.0,4.0,7.0,3.0,7,,,,,,,,,,,,,,,,,,6.0,197.0,-2,-4.0,2.5,1.0,-2.0,1.5,-3,,,,,,,,,,,,,,,,,,-0.857,677.0,2.31014,-6.0,773.0
8.0,Margie & Luke,TARUS18,7.0,5.0,8.0,1.0,3.0,8.0,,,,,,,,,,,,,,,,,,,5.33333,198.0,-1,1.0,-2.5,4.0,2.0,-3.5,,,,,,,,,,,,,,,,,,,0.0,450.0,2.59808,0.0,451.0
9.0,Jaime & Cara,TARUS18,6.0,8.0,9.0,7.0,9.0,,,,,,,,,,,,,,,,,,,,7.8,199.0,0,-2.0,-3.5,-2.0,-4.0,,,,,,,,,,,,,,,,,,,,-2.3,888.0,1.4,-11.5,1004.0
10.0,Mel & Mike,TARUS18,9.0,6.0,10.0,,,,,,,,,,,,,,,,,,,,,,8.33333,200.0,-3,0.0,-4.5,,,,,,,,,,,,,,,,,,,,,,-2.5,897.0,1.87083,-7.5,848.0
11.0,Amanda & Kris,TARUS18,2.0,11.0,,,,,,,,,,,,,,,,,,,,,,,6.5,201.0,4,-5.0,,,,,,,,,,,,,,,,,,,,,,,-0.5,581.0,4.5,-1.0,491.0
1.0,Ernie & Cindy,TARUS19,1.0,4.0,5.0,5.0,3.0,5.0,2,1.0,2.0,3,2,1.0,,,,,,,,,,,,,2.83333,202.0,5,2.0,0.0,-0.5,1.5,-1.0,2,2.5,1.0,0,0.5,1.0,,,,,,,,,,,,,1.167,146.0,1.5456,14.0,113.0
2.0,Jeremy & Sandy,TARUS19,2.0,6.0,3.0,3.0,7.0,3.0,6,5.0,3.0,2,1,2.0,,,,,,,,,,,,,3.58333,203.0,4,0.0,2.0,1.5,-2.5,1.0,-2,-1.5,0.0,1,1.5,0.0,,,,,,,,,,,,,0.417,342.0,1.75396,5.0,298.0
3.0,Amani & Marcus,TARUS19,5.0,9.0,6.0,6.0,1.0,7.0,4,4.0,1.0,4,3,3.0,,,,,,,,,,,,,4.41667,204.0,1,-3.0,-1.0,-1.5,3.5,-3.0,0,-0.5,2.0,-1,-0.5,-1.0,,,,,,,,,,,,,-0.417,567.0,1.80085,-5.0,671.0
4.0,Andy & Tommy,TARUS19,7.0,1.0,1.0,1.0,5.0,1.0,1,3.0,4.0,1,4,,,,,,,,,,,,,,2.63636,205.0,-1,5.0,4.0,3.5,-0.5,3.0,3,0.5,-1.0,2,-1.5,,,,,,,,,,,,,,1.545,82.0,2.21004,17.0,73.0
5.0,Bill & Cathi,TARUS19,11.0,7.0,7.0,7.0,2.0,6.0,3,2.0,5.0,5,,,,,,,,,,,,,,,5.5,206.0,-5,-1.0,-2.0,-2.5,2.5,-2.0,1,1.5,-2.0,-2,,,,,,,,,,,,,,,-1.15,730.0,2.11009,-11.5,1004.0
6.0,Laurence & Zac,TARUS19,6.0,2.0,2.0,4.0,6.0,4.0,5,6.0,,,,,,,,,,,,,,,,,4.375,207.0,0,4.0,3.0,0.5,-1.5,0.0,-1,-2.5,,,,,,,,,,,,,,,,,0.313,375.0,2.06061,2.5,365.0
7.0,Justin & Jennifer,TARUS19,3.0,8.0,4.0,2.0,4.0,2.0,7,,,,,,,,,,,,,,,,,,4.28571,208.0,3,-2.0,1.0,2.5,0.5,2.0,-3,,,,,,,,,,,,,,,,,,0.571,298.0,2.11168,4.0,327.0
8.0,Liz & Marie,TARUS19,10.0,5.0,8.0,8.0,8.0,,,,,,,,,,,,,,,,,,,,7.8,209.0,-4,1.0,-3.0,-3.5,-3.5,,,,,,,,,,,,,,,,,,,,-2.6,906.0,1.82757,-13.0,1039.0
9.0,Kaylani & Lisa,TARUS19,9.0,3.0,9.0,,,,,,,,,,,,,,,,,,,,,,7.0,210.0,-3,3.0,-4.0,,,,,,,,,,,,,,,,,,,,,,-1.333,763.0,3.09121,-4.0,612.0
10.0,Ethan & Jenna,TARUS19,4.0,10.0,,,,,,,,,,,,,,,,,,,,,,,7.0,211.0,2,-4.0,,,,,,,,,,,,,,,,,,,,,,,-1.0,698.0,3.0,-2.0,526.0
11.0,Ron & Bill,TARUS19,8.0,11.0,,,,,,,,,,,,,,,,,,,,,,,9.5,212.0,-2,-5.0,,,,,,,,,,,,,,,,,,,,,,,-3.5,964.0,1.5,-7.0,829.0
1.0,Rachel & Dave,TARUS20,1.0,1.0,6.0,2.0,4.0,1.0,1,2.0,1.0,1,1,1.0,,,,,,,,,,,,,1.83333,213.0,5,4.5,-1.0,2.5,0.5,3.0,2.5,1.5,2.0,2,1.5,1.0,,,,,,,,,,,,,2.083,19.0,1.56569,25.0,12.0
2.0,Art & JJ,TARUS20,3.0,2.0,1.0,1.0,1.0,2.0,3,3.0,3.0,4,2,2.0,,,,,,,,,,,,,2.25,214.0,3,3.5,4.0,3.5,3.5,2.0,0.5,0.5,0.0,-1,0.5,0.0,,,,,,,,,,,,,1.667,62.0,1.68737,20.0,40.0
3.0,Brendon & Rachel,TARUS20,2.0,4.0,2.0,6.0,5.0,4.0,4,4.0,2.0,2,3,3.0,,,,,,,,,,,,,3.41667,215.0,4,1.5,3.0,-1.5,-0.5,0.0,-0.5,-0.5,1.0,1,-0.5,-1.0,,,,,,,,,,,,,0.5,306.0,1.59426,6.0,271.0
4.0,Vanessa & Ralph,TARUS20,5.0,7.0,8.0,4.0,3.0,6.0,5,5.0,4.0,3,4,,,,,,,,,,,,,,4.90909,216.0,1,-1.5,-3.0,0.5,1.5,-2.0,-1.5,-1.5,-1.0,0,-1.5,,,,,,,,,,,,,,-0.818,668.0,1.31897,-9.0,930.0
5.0,Bopper & Mark,TARUS20,9.0,3.0,4.0,8.0,6.0,3.0,2,1.0,5.0,5,,,,,,,,,,,,,,,4.6,217.0,-3,2.5,1.0,-3.5,-1.5,1.0,1.5,2.5,-2.0,-2,,,,,,,,,,,,,,,-0.35,552.0,2.16852,-3.5,585.0
6.0,Nary & Jamie,TARUS20,4.0,6.0,5.0,5.0,7.0,5.0,6,6.0,,,,,,,,,,,,,,,,,5.5,218.0,2,-0.5,0.0,-0.5,-2.5,-1.0,-2.5,-2.5,,,,,,,,,,,,,,,,,-0.938,693.0,1.46709,-7.5,848.0
7.0,Joey & Danny,TARUS20,10.0,8.0,3.0,3.0,2.0,7.0,,,,,,,,,,,,,,,,,,,5.5,219.0,-4,-2.5,2.0,1.5,2.5,-3.0,,,,,,,,,,,,,,,,,,,-0.583,614.0,2.63655,-3.5,585.0
8.0,Kerri & Stacy,TARUS20,7.0,5.0,7.0,7.0,8.0,,,,,,,,,,,,,,,,,,,,6.8,220.0,-1,0.5,-2.0,-2.5,-3.5,,,,,,,,,,,,,,,,,,,,-1.7,813.0,1.36382,-8.5,896.0
9.0,Elliot & Andrew,TARUS20,6.0,9.0,9.0,,,,,,,,,,,,,,,,,,,,,,8.0,221.0,0,-3.5,-4.0,,,,,,,,,,,,,,,,,,,,,,-2.5,897.0,1.77951,-7.5,848.0
10.0,Dave & Cherie,TARUS20,8.0,10.0,,,,,,,,,,,,,,,,,,,,,,,9.0,222.0,-2,-4.5,,,,,,,,,,,,,,,,,,,,,,,-3.25,946.0,1.25,-6.5,797.0
11.0,Misa & Maiya,TARUS20,11.0,,,,,,,,,,,,,,,,,,,,,,,,11.0,223.0,-5,,,,,,,,,,,,,,,,,,,,,,,,-5.0,1042.0,0.0,-5.0,671.0
1.0,Josh & Brent,TARUS21,7.0,5.0,5.0,4.0,7.0,6.0,5,5.0,4.0,3,3,1.0,,,,,,,,,,,,,4.58333,224.0,-1,0.5,0.0,0.5,-3.0,-2.0,-1.5,-1.5,-1.0,-0.5,-0.5,1.0,,,,,,,,,,,,,-0.75,650.0,1.10868,-9.0,930.0
2.0,Jaymes & James,TARUS21,10.0,3.0,3.0,6.0,6.0,5.0,2,1.0,2.0,2,1,2.0,,,,,,,,,,,,,3.58333,225.0,-4,2.5,2.0,-1.5,-2.0,-1.0,1.5,2.5,1.0,0.5,1.5,0.0,,,,,,,,,,,,,0.25,385.0,1.93111,3.0,351.0
3.0,Trey & Lexi,TARUS21,9.0,2.0,2.0,7.0,5.0,1.0,1,2.0,3.0,1,2,3.0,,,,,,,,,,,,,3.16667,226.0,-3,3.5,3.0,-2.5,-1.0,3.0,2.5,1.5,0.0,1.5,0.5,-1.0,,,,,,,,,,,,,0.667,274.0,2.10489,8.0,234.0
4.0,Natalie & Nadiya,TARUS21,4.0,1.0,6.0,3.0,3.0,4.0,3,3.0,1.0,4,4,,,,,,,,,,,,,,3.27273,227.0,2,4.5,-1.0,1.5,1.0,0.0,0.5,0.5,2.0,-1.5,-1.5,,,,,,,,,,,,,,0.727,262.0,1.6971,8.0,234.0
5.0,Abbie & Ryan,TARUS21,1.0,4.0,1.0,2.0,2.0,2.0,4,4.0,5.0,,,,,,,,,,,,,,,,2.77778,228.0,5,1.5,4.0,2.5,2.0,2.0,-0.5,-0.5,-2.0,,,,,,,,,,,,,,,,1.556,81.0,2.11403,14.0,113.0
6.0,James & Abba,TARUS21,6.0,6.0,4.0,1.0,1.0,3.0,6,6.0,,,,,,,,,,,,,,,,,4.125,229.0,0,-0.5,1.0,3.5,3.0,1.0,-2.5,-2.5,,,,,,,,,,,,,,,,,0.375,355.0,2.08791,3.0,351.0
7.0,Rob & Kelley,TARUS21,5.0,8.0,7.0,5.0,4.0,7.0,,,,,,,,,,,,,,,,,,,6.0,230.0,1,-2.5,-2.0,-0.5,0.0,-3.0,,,,,,,,,,,,,,,,,,,-1.167,731.0,1.43372,-7.0,829.0
8.0,Gary & Will,TARUS21,8.0,9.0,8.0,8.0,,,,,,,,,,,,,,,,,,,,,8.25,231.0,-2,-3.5,-3.0,-3.5,,,,,,,,,,,,,,,,,,,,,-3.0,928.0,0.61237,-12.0,1021.0
9.0,Caitlin & Brittany,TARUS21,3.0,7.0,9.0,,,,,,,,,,,,,,,,,,,,,,6.33333,232.0,3,-1.5,-4.0,,,,,,,,,,,,,,,,,,,,,,-0.833,669.0,2.89636,-2.5,540.0
10.0,Amy & Daniel,TARUS21,2.0,10.0,,,,,,,,,,,,,,,,,,,,,,,6.0,233.0,4,-4.5,,,,,,,,,,,,,,,,,,,,,,,-0.25,518.0,4.25,-0.5,476.0
11.0,Rob & Sheila,TARUS21,11.0,,,,,,,,,,,,,,,,,,,,,,,,11.0,234.0,-5,,,,,,,,,,,,,,,,,,,,,,,,-5.0,1042.0,0.0,-5.0,671.0
1.0,Bates & Anthony,TARUS22,2.0,1.0,3.0,7.0,4.0,1.0,1,1.0,4.0,2,2,1.0,,,,,,,,,,,,,2.41667,235.0,4,4.5,2.0,-2.0,0.5,3.0,3,2.5,-1.0,1,0.5,1.0,,,,,,,,,,,,,1.583,73.0,1.86897,19.0,48.0
2.0,Max & Katie,TARUS22,9.0,8.0,8.0,3.0,2.0,7.0,6,3.0,1.0,1,1,2.0,,,,,,,,,,,,,4.25,236.0,-3,-2.5,-3.0,2.0,2.5,-3.0,-2,0.5,2.0,2,1.5,0.0,,,,,,,,,,,,,-0.25,518.0,2.18422,-3.0,558.0
3.0,Mona & Beth,TARUS22,5.0,6.0,7.0,6.0,3.0,6.0,2,2.0,5.0,4,3,3.0,,,,,,,,,,,,,4.33333,237.0,1,-0.5,-2.0,-1.0,1.5,-2.0,2,1.5,-2.0,-1,-0.5,-1.0,,,,,,,,,,,,,-0.333,550.0,1.40436,-4.0,612.0
4.0,Caroline & Jennifer,TARUS22,10.0,7.0,6.0,4.0,5.0,5.0,3,4.0,3.0,3,4,,,,,,,,,,,,,,4.90909,238.0,-4,-1.5,-1.0,1.0,-0.5,-1.0,1,-0.5,0.0,0,-1.5,,,,,,,,,,,,,,-0.727,648.0,1.32053,-8.0,878.0
5.0,Joey & Meghan,TARUS22,6.0,4.0,5.0,5.0,6.0,4.0,5,5.0,2.0,5,,,,,,,,,,,,,,,4.7,239.0,0,1.5,0.0,0.0,-1.5,0.0,-1,-1.5,1.0,-2,,,,,,,,,,,,,,,-0.35,552.0,1.07355,-3.5,585.0
6.0,Chuck & Wynona,TARUS22,7.0,5.0,9.0,8.0,7.0,3.0,4,6.0,,,,,,,,,,,,,,,,,6.125,240.0,-1,0.5,-4.0,-3.0,-2.5,1.0,0,-2.5,,,,,,,,,,,,,,,,,-1.438,779.0,1.70363,-11.5,1004.0
7.0,Pam & Winnie,TARUS22,4.0,9.0,4.0,2.0,1.0,2.0,7,,,,,,,,,,,,,,,,,,4.14286,241.0,2,-3.5,1.0,3.0,3.5,2.0,-3,,,,,,,,,,,,,,,,,,0.714,263.0,2.61667,5.0,298.0
8.0,Dave & Connor,TARUS22,3.0,2.0,1.0,1.0,8.0,,,,,,,,,,,,,,,,,,,,3.0,242.0,3,3.5,4.0,4.0,-3.5,,,,,,,,,,,,,,,,,,,,2.2,15.0,2.87402,11.0,166.0
9.0,Jessica & John,TARUS22,1.0,3.0,2.0,9.0,,,,,,,,,,,,,,,,,,,,,3.75,243.0,5,2.5,3.0,-4.0,,,,,,,,,,,,,,,,,,,,,1.625,69.0,3.37963,6.5,260.0
10.0,Idries & Jamil,TARUS22,8.0,10.0,,,,,,,,,,,,,,,,,,,,,,,9.0,244.0,-2,-4.5,,,,,,,,,,,,,,,,,,,,,,,-3.25,946.0,1.25,-6.5,797.0
11.0,Matt & Daniel,TARUS22,11.0,,,,,,,,,,,,,,,,,,,,,,,,11.0,245.0,-5,,,,,,,,,,,,,,,,,,,,,,,,-5.0,1042.0,0.0,-5.0,671.0
1.0,Jason & Amy,TARUS23,8.0,5.0,2.0,2.0,2.0,5.0,2,2.0,3.0,1,2,1.0,,,,,,,,,,,,,2.91667,246.0,-2,0.5,3.0,2.5,2.5,-1.0,1.5,1.5,0.0,1.5,0.5,1.0,,,,,,,,,,,,,0.958,194.0,1.40621,11.5,147.0
2.0,Tim & Marie,TARUS23,1.0,8.0,8.0,5.0,1.0,4.0,4,3.0,2.0,2,1,2.0,,,,,,,,,,,,,3.41667,247.0,5,-2.5,-3.0,-0.5,3.5,0.0,-0.5,0.5,1.0,0.5,1.5,0.0,,,,,,,,,,,,,0.458,328.0,2.12582,5.5,285.0
3.0,Nicole & Travis,TARUS23,2.0,4.0,1.0,3.0,3.0,1.0,3,1.0,4.0,3,3,3.0,,,,,,,,,,,,,2.58333,248.0,4,1.5,4.0,1.5,1.5,3.0,0.5,2.5,-1.0,-0.5,-0.5,-1.0,,,,,,,,,,,,,1.292,119.0,1.7495,15.5,89.0
4.0,Leo & Jamal,TARUS23,7.0,2.0,6.0,4.0,6.0,3.0,1,4.0,1.0,4,4,,,,,,,,,,,,,,3.81818,249.0,-1,3.5,-1.0,0.5,-1.5,1.0,2.5,-0.5,2.0,-1.5,-1.5,,,,,,,,,,,,,,0.227,399.0,1.71044,2.5,365.0
5.0,Ally & Ashley,TARUS23,6.0,7.0,7.0,7.0,7.0,6.0,5,5.0,5.0,,,,,,,,,,,,,,,,6.11111,250.0,0,-1.5,-2.0,-2.5,-2.5,-2.0,-1.5,-1.5,-2.0,,,,,,,,,,,,,,,,-1.722,820.0,0.71146,-15.5,1075.0
6.0,Nicky & Kim,TARUS23,5.0,9.0,3.0,8.0,4.0,2.0,6,6.0,,,,,,,,,,,,,,,,,5.375,251.0,1,-3.5,2.0,-3.5,0.5,2.0,-2.5,-2.5,,,,,,,,,,,,,,,,,-0.813,666.0,2.26298,-6.5,797.0
7.0,Tim & Danny,TARUS23,9.0,6.0,4.0,6.0,5.0,7.0,,,,,,,,,,,,,,,,,,,6.16667,252.0,-3,-0.5,1.0,-1.5,-0.5,-3.0,,,,,,,,,,,,,,,,,,,-1.25,747.0,1.43614,-7.5,848.0
8.0,Brandon & Adam,TARUS23,10.0,3.0,5.0,1.0,8.0,,,,,,,,,,,,,,,,,,,,5.4,253.0,-4,2.5,0.0,3.5,-3.5,,,,,,,,,,,,,,,,,,,,-0.3,539.0,3.04302,-1.5,514.0
9.0,Chester & Ephraim,TARUS23,4.0,1.0,9.0,,,,,,,,,,,,,,,,,,,,,,4.66667,254.0,2,4.5,-4.0,,,,,,,,,,,,,,,,,,,,,,0.833,230.0,3.56682,2.5,365.0
10.0,Rowan & Shane,TARUS23,3.0,10.0,,,,,,,,,,,,,,,,,,,,,,,6.5,255.0,3,-4.5,,,,,,,,,,,,,,,,,,,,,,,-0.75,650.0,3.75,-1.5,514.0
11.0,Hoskote & Naina,TARUS23,11.0,,,,,,,,,,,,,,,,,,,,,,,,11.0,256.0,-5,,,,,,,,,,,,,,,,,,,,,,,,-5.0,1042.0,0.0,-5.0,671.0
1.0,Dave & Connor,TARUS24,3.0,4.0,1.0,2.0,1.0,4.0,3,4.0,1.0,1,1,1.0,,,,,,,,,,,,,2.16667,257.0,3,1.5,4.0,2.5,3.5,0.0,1,-0.5,2.0,2,1.5,1.0,,,,,,,,,,,,,1.792,44.0,1.28222,21.5,32.0
2.0,Caroline & Jennifer,TARUS24,9.0,3.0,6.0,4.0,2.0,7.0,2,5.0,5.0,4,2,2.0,,,,,,,,,,,,,4.25,258.0,-3,2.5,-1.0,0.5,2.5,-3.0,2,-1.5,-2.0,-1,0.5,0.0,,,,,,,,,,,,,-0.292,535.0,1.87593,-3.5,585.0
3.0,Brendon & Rachel,TARUS24,2.0,1.0,8.0,8.0,7.0,5.0,1,1.0,4.0,2,3,3.0,,,,,,,,,,,,,3.75,259.0,4,4.5,-3.0,-3.5,-2.5,-1.0,3,2.5,-1.0,1,-0.5,-1.0,,,,,,,,,,,,,0.208,404.0,2.62566,2.5,365.0
4.0,Leo & Jamal,TARUS24,5.0,7.0,3.0,3.0,4.0,1.0,5,3.0,3.0,3,4,,,,,,,,,,,,,,3.72727,260.0,1,-1.5,2.0,1.5,0.5,3.0,-1,0.5,0.0,0,-1.5,,,,,,,,,,,,,,0.409,344.0,1.36212,4.5,312.0
5.0,Jet & Cord,TARUS24,1.0,6.0,2.0,1.0,3.0,2.0,4,2.0,2.0,5,,,,,,,,,,,,,,,2.8,261.0,5,-0.5,3.0,3.5,1.5,2.0,0,1.5,1.0,-2,,,,,,,,,,,,,,,1.5,85.0,1.93649,15.0,96.0
6.0,Flight Time & Big Easy,TARUS24,7.0,5.0,5.0,6.0,6.0,6.0,6,6.0,,,,,,,,,,,,,,,,,5.875,262.0,-1,0.5,0.0,-1.5,-1.5,-2.0,-2,-2.5,,,,,,,,,,,,,,,,,-1.25,747.0,0.96825,-10.0,962.0
7.0,Jessica & John,TARUS24,8.0,8.0,7.0,5.0,5.0,3.0,7,,,,,,,,,,,,,,,,,,6.14286,263.0,-2,-2.5,-2.0,-0.5,-0.5,1.0,-3,,,,,,,,,,,,,,,,,,-1.357,766.0,1.30149,-9.5,953.0
8.0,Margie & Luke,TARUS24,4.0,2.0,4.0,7.0,8.0,,,,,,,,,,,,,,,,,,,,5.0,264.0,2,3.5,1.0,-2.5,-3.5,,,,,,,,,,,,,,,,,,,,0.1,430.0,2.67208,0.5,426.0
9.0,Joey & Meghan,TARUS24,10.0,9.0,9.0,,,,,,,,,,,,,,,,,,,,,,9.33333,265.0,-4,-3.5,-4.0,,,,,,,,,,,,,,,,,,,,,,-3.833,988.0,0.2357,-11.5,1004.0
10.0,Mark & Mallory,TARUS24,6.0,10.0,,,,,,,,,,,,,,,,,,,,,,,8.0,266.0,0,-4.5,,,,,,,,,,,,,,,,,,,,,,,-2.25,875.0,2.25,-4.5,633.0
11.0,Natalie & Nadiya,TARUS24,11.0,,,,,,,,,,,,,,,,,,,,,,,,11.0,267.0,-5,,,,,,,,,,,,,,,,,,,,,,,,-5.0,1042.0,0.0,-5.0,671.0
1.0,Amy & Maya,TARUS25,6.0,8.0,5.0,4.0,7.0,6.0,3,4.0,4.0,2,4,1.0,,,,,,,,,,,,,4.5,268.0,0,-2.5,0.0,0.5,-2.5,-2.0,0.5,-0.5,-1.0,0.5,-1.5,1.5,,,,,,,,,,,,,-0.583,614.0,1.25554,-7.0,829.0
2.0,Misti & Jim,TARUS25,1.0,2.0,1.0,8.0,6.0,1.0,1,2.0,3.0,1,3,2.0,,,,,,,,,,,,,2.58333,269.0,5,3.5,4.0,-3.5,-1.5,3.0,2.5,1.5,0.0,1.5,-0.5,0.5,,,,,,,,,,,,,1.333,112.0,2.35702,16.0,83.0
3.0,Adam & Bethany,TARUS25,5.0,1.0,2.0,7.0,2.0,2.0,5,1.0,1.0,3,2,3.0,,,,,,,,,,,,,2.83333,270.0,1,4.5,3.0,-2.5,2.5,2.0,-1.5,2.5,2.0,-0.5,0.5,-0.5,,,,,,,,,,,,,1.083,163.0,1.95612,13.0,130.0
4.0,Brooke & Robbie,TARUS25,4.0,7.0,6.0,2.0,5.0,5.0,4,5.0,2.0,4,1,4.0,,,,,,,,,,,,,4.08333,271.0,2,-1.5,-1.0,2.5,-0.5,-1.0,-0.5,-1.5,1.0,-1.5,1.5,-1.5,,,,,,,,,,,,,-0.167,503.0,1.43372,-2.0,526.0
5.0,Kym & Alli,TARUS25,3.0,3.0,7.0,1.0,1.0,3.0,2,3.0,5.0,,,,,,,,,,,,,,,,3.11111,272.0,3,2.5,-2.0,3.5,3.5,1.0,1.5,0.5,-2.0,,,,,,,,,,,,,,,,1.278,123.0,2.01537,11.5,147.0
6.0,Tim & Te Jay,TARUS25,2.0,5.0,8.0,5.0,3.0,4.0,6,6.0,,,,,,,,,,,,,,,,,4.875,273.0,4,0.5,-3.0,-0.5,1.5,0.0,-2.5,-2.5,,,,,,,,,,,,,,,,,-0.313,544.0,2.22117,-2.5,540.0
7.0,Shelley & Nici,TARUS25,8.0,9.0,4.0,6.0,4.0,7.0,,,,,,,,,,,,,,,,,,,6.33333,274.0,-2,-3.5,1.0,-1.5,0.5,-3.0,,,,,,,,,,,,,,,,,,,-1.417,776.0,1.66875,-8.5,896.0
8.0,Keith & Whitney,TARUS25,9.0,4.0,3.0,3.0,8.0,,,,,,,,,,,,,,,,,,,,5.4,275.0,-3,1.5,2.0,1.5,-3.5,,,,,,,,,,,,,,,,,,,,-0.3,539.0,2.42074,-1.5,514.0
9.0,Michael & Scott,TARUS25,10.0,6.0,9.0,,,,,,,,,,,,,,,,,,,,,,8.33333,276.0,-4,-0.5,-4.0,,,,,,,,,,,,,,,,,,,,,,-2.833,918.0,1.64992,-8.5,896.0
10.0,Dennis & Isabelle,TARUS25,7.0,10.0,,,,,,,,,,,,,,,,,,,,,,,8.5,277.0,-1,-4.5,,,,,,,,,,,,,,,,,,,,,,,-2.75,912.0,1.75,-5.5,733.0
11.0,Lisa & Michelle,TARUS25,11.0,,,,,,,,,,,,,,,,,,,,,,,,11.0,278.0,-5,,,,,,,,,,,,,,,,,,,,,,,,-5.0,1042.0,0.0,-5.0,671.0
1.0,Laura & Tyler,TARUS26,3.0,2.0,4.0,4.0,6.0,6.0,2,1.0,1.0,4,3,1.0,,,,,,,,,,,,,3.08333,279.0,3,3.5,1.0,1.0,-1.5,-2.0,1.5,2.5,2.0,-1,-0.5,1.5,,,,,,,,,,,,,0.917,210.0,1.71796,11.0,166.0
2.0,Jelani & Jenny,TARUS26,1.0,1.0,3.0,7.0,4.0,5.0,4,4.0,3.0,2,2,2.0,,,,,,,,,,,,,3.16667,280.0,5,4.5,2.0,-2.0,0.5,-1.0,-0.5,-0.5,0.0,1,0.5,0.5,,,,,,,,,,,,,0.833,230.0,2.00347,10.0,190.0
3.0,Hayley & Blair,TARUS26,8.0,9.0,2.0,2.0,5.0,1.0,3,3.0,2.0,1,1,3.0,,,,,,,,,,,,,3.33333,281.0,-2,-3.5,3.0,3.0,-0.5,3.0,0.5,0.5,1.0,2,1.5,-0.5,,,,,,,,,,,,,0.667,274.0,1.96143,8.0,234.0
4.0,Mike & Rochelle,TARUS26,7.0,8.0,1.0,6.0,7.0,3.0,5,5.0,4.0,3,4,4.0,,,,,,,,,,,,,4.75,282.0,-1,-2.5,4.0,-1.0,-2.5,1.0,-1.5,-1.5,-1.0,0,-1.5,-1.5,,,,,,,,,,,,,-0.75,650.0,1.70171,-9.0,930.0
5.0,Matt & Ashley,TARUS26,9.0,7.0,6.0,8.0,2.0,4.0,1,2.0,5.0,5,,,,,,,,,,,,,,,4.9,283.0,-3,-1.5,-1.0,-3.0,2.5,0.0,2.5,1.5,-2.0,-2,,,,,,,,,,,,,,,-0.6,619.0,2.00998,-6.0,773.0
6.0,Aly & Steve,TARUS26,4.0,3.0,5.0,3.0,1.0,2.0,6,6.0,,,,,,,,,,,,,,,,,3.75,284.0,2,2.5,0.0,2.0,3.5,2.0,-2.5,-2.5,,,,,,,,,,,,,,,,,0.875,221.0,2.14695,7.0,252.0
7.0,Jeff & Jackie,TARUS26,2.0,6.0,8.0,5.0,3.0,7.0,,,,,,,,,,,,,,,,,,,5.16667,285.0,4,-0.5,-3.0,0.0,1.5,-3.0,,,,,,,,,,,,,,,,,,,-0.167,503.0,2.4608,-1.0,491.0
8.0,Bergen & Kurt,TARUS26,6.0,5.0,7.0,1.0,8.0,,,,,,,,,,,,,,,,,,,,5.4,286.0,0,0.5,-2.0,4.0,-3.5,,,,,,,,,,,,,,,,,,,,-0.2,513.0,2.54165,-1.0,491.0
9.0,Harley & Jonathan,TARUS26,5.0,4.0,9.0,9.0,,,,,,,,,,,,,,,,,,,,,6.75,287.0,1,1.5,-4.0,-4.0,,,,,,,,,,,,,,,,,,,,,-1.375,768.0,2.63095,-5.5,733.0
10.0,Libby & CJ,TARUS26,10.0,10.0,,,,,,,,,,,,,,,,,,,,,,,10.0,288.0,-4,-4.5,,,,,,,,,,,,,,,,,,,,,,,-4.25,1003.0,0.25,-8.5,896.0
11.0,Jeff & Lyda,TARUS26,11.0,,,,,,,,,,,,,,,,,,,,,,,,11.0,289.0,-5,,,,,,,,,,,,,,,,,,,,,,,,-5.0,1042.0,0.0,-5.0,671.0
1.0,Kelsey & Joey,TARUS27,8.0,7.0,3.0,4.0,4.0,3.0,2,2.0,2.0,2,2,1.0,,,,,,,,,,,,,3.33333,290.0,-2,-1.5,2.0,0.5,0.5,1.0,2,1.5,1.5,1,0.5,1.0,,,,,,,,,,,,,0.667,274.0,1.19606,8.0,234.0
2.0,Justin & Diana,TARUS27,9.0,1.0,2.0,1.0,2.0,1.0,1,1.0,1.0,1,3,2.0,,,,,,,,,,,,,2.08333,291.0,-3,4.5,3.0,3.5,2.5,3.0,3,2.5,2.5,2,-0.5,0.0,,,,,,,,,,,,,1.917,34.0,1.98781,23.0,23.0
3.0,Logan & Chris,TARUS27,5.0,4.0,5.0,6.0,6.0,6.0,5,4.0,3.0,4,1,3.0,,,,,,,,,,,,,4.33333,292.0,1,1.5,0.0,-1.5,-1.5,-2.0,-1,-0.5,0.5,-1,1.5,-1.0,,,,,,,,,,,,,-0.333,550.0,1.1607,-4.0,612.0
4.0,Tiffany & Krista,TARUS27,10.0,6.0,8.0,8.0,5.0,2.0,3,5.0,4.0,3,4,,,,,,,,,,,,,,5.27273,293.0,-4,-0.5,-3.0,-3.5,-0.5,2.0,1,-1.5,-0.5,0,-1.5,,,,,,,,,,,,,,-1.091,723.0,1.76864,-12.0,1021.0
5.0,Denise & James Earl,TARUS27,4.0,3.0,6.0,3.0,1.0,7.0,6,3.0,5.0,5,,,,,,,,,,,,,,,4.3,294.0,2,2.5,-1.0,1.5,3.5,-3.0,-2,0.5,-1.5,-2,,,,,,,,,,,,,,,0.05,446.0,2.12662,0.5,426.0
6.0,Tanner & Josh,TARUS27,1.0,2.0,1.0,2.0,3.0,4.0,4,6.0,6.0,,,,,,,,,,,,,,,,3.22222,295.0,5,3.5,4.0,2.5,1.5,0.0,0,-2.5,-2.5,,,,,,,,,,,,,,,,1.278,123.0,2.57241,11.5,147.0
7.0,Cindy & Rick,TARUS27,3.0,5.0,7.0,5.0,7.0,5.0,7,,,,,,,,,,,,,,,,,,5.57143,296.0,3,0.5,-2.0,-0.5,-2.5,-1.0,-3,,,,,,,,,,,,,,,,,,-0.786,661.0,1.90595,-5.5,733.0
8.0,Jazmine & Danielle,TARUS27,2.0,8.0,4.0,7.0,8.0,,,,,,,,,,,,,,,,,,,,5.8,297.0,4,-2.5,1.0,-2.5,-3.5,,,,,,,,,,,,,,,,,,,,-0.7,642.0,2.80357,-3.5,585.0
9.0,Ernest & Jin,TARUS27,7.0,9.0,9.0,,,,,,,,,,,,,,,,,,,,,,8.33333,298.0,-1,-3.5,-4.0,,,,,,,,,,,,,,,,,,,,,,-2.833,918.0,1.31233,-8.5,896.0
10.0,Alex & Adam,TARUS27,6.0,10.0,,,,,,,,,,,,,,,,,,,,,,,8.0,299.0,0,-4.5,,,,,,,,,,,,,,,,,,,,,,,-2.25,875.0,2.25,-4.5,633.0
11.0,Kelly & Shevonne,TARUS27,11.0,,,,,,,,,,,,,,,,,,,,,,,,11.0,300.0,-5,,,,,,,,,,,,,,,,,,,,,,,,-5.0,1042.0,0.0,-5.0,671.0
1.0,Dana & Matt,TARUS28,1.0,4.0,4.0,3.0,3.0,4.0,4,5.0,4.0,3,2,1.0,,,,,,,,,,,,,3.16667,301.0,5,2.0,1.5,2.0,1.5,0.0,0,-1.5,-0.5,0,0.5,1.0,,,,,,,,,,,,,0.958,194.0,1.58717,11.5,147.0
2.0,Sheri & Cole,TARUS28,9.0,8.0,6.0,7.0,7.0,7.0,5,6.0,3.0,4,3,2.0,,,,,,,,,,,,,5.58333,302.0,-3,-2.0,-0.5,-2.0,-2.5,-3.0,-1,-2.5,0.5,-1,-0.5,0.0,,,,,,,,,,,,,-1.458,783.0,1.14489,-17.5,1091.0
3.0,Tyler & Korey,TARUS28,2.0,1.0,2.0,2.0,1.0,6.0,6,3.0,1.0,1,1,3.0,,,,,,,,,,,,,2.41667,303.0,4,5.0,3.5,3.0,3.5,-2.0,-2,0.5,2.5,2,1.5,-1.0,,,,,,,,,,,,,1.708,57.0,2.25886,20.5,35.0
4.0,Burnie & Ashley,TARUS28,6.0,3.0,3.0,4.0,6.0,2.0,2,2.0,2.0,2,4,,,,,,,,,,,,,,3.27273,304.0,0,3.0,2.5,1.0,-1.5,2.0,2,1.5,1.5,1,-1.5,,,,,,,,,,,,,,1.045,178.0,1.4215,11.5,147.0
5.0,Brodie & Kurt,TARUS28,5.0,2.0,1.0,1.0,2.0,1.0,3,1.0,5.0,5,,,,,,,,,,,,,,,2.6,305.0,1,4.0,4.5,4.0,2.5,3.0,1,2.5,-1.5,-2,,,,,,,,,,,,,,,1.9,37.0,2.14243,19.0,48.0
6.0,Zach & Rachel,TARUS28,3.0,6.0,9.0,5.0,5.0,3.0,1,4.0,6.0,,,,,,,,,,,,,,,,4.66667,306.0,3,0.0,-3.5,0.0,-0.5,1.0,3,-0.5,-2.5,,,,,,,,,,,,,,,,0.0,450.0,2.0548,0.0,451.0
7.0,Scott & Blair,TARUS28,11.0,9.0,8.0,8.0,4.0,5.0,7,,,,,,,,,,,,,,,,,,7.42857,307.0,-5,-3.0,-2.5,-3.0,0.5,-1.0,-3,,,,,,,,,,,,,,,,,,-2.429,896.0,1.61308,-17.0,1088.0
8.0,Erin & Joslyn,TARUS28,10.0,5.0,7.0,6.0,8.0,,,,,,,,,,,,,,,,,,,,7.2,308.0,-4,1.0,-1.5,-1.0,-3.5,,,,,,,,,,,,,,,,,,,,-1.8,828.0,1.80555,-9.0,930.0
9.0,Brittany & Jessica,TARUS28,7.0,7.0,5.0,9.0,,,,,,,,,,,,,,,,,,,,,7.0,309.0,-1,-1.0,0.5,-4.0,,,,,,,,,,,,,,,,,,,,,-1.375,768.0,1.63459,-5.5,733.0
10.0,Darius & Cameron,TARUS28,4.0,10.0,10.0,,,,,,,,,,,,,,,,,,,,,,8.0,310.0,2,-4.0,-4.5,,,,,,,,,,,,,,,,,,,,,,-2.167,869.0,2.95334,-6.5,797.0
11.0,Marty & Hagan,TARUS28,8.0,11.0,,,,,,,,,,,,,,,,,,,,,,,9.5,311.0,-2,-5.0,,,,,,,,,,,,,,,,,,,,,,,-3.5,964.0,1.5,-7.0,829.0
1.0,Brooke & Scott,TARUS29,4.0,6.0,6.0,7.0,6.0,5.0,4,3.0,4.0,2,1,1.0,,,,,,,,,,,,,4.08333,312.0,2,-0.5,-1.0,-2.5,-2.0,-1.0,-0.5,0.5,-1.0,1,1.5,1.0,,,,,,,,,,,,,-0.208,516.0,1.34565,-2.5,540.0
2.0,Tara & Joey,TARUS29,6.0,7.0,2.0,1.0,1.0,3.0,3,1.0,5.0,3,3,2.0,,,,,,,,,,,,,3.08333,313.0,0,-1.5,3.0,3.5,3.0,1.0,0.5,2.5,-2.0,0,-0.5,0.0,,,,,,,,,,,,,0.792,243.0,1.7495,9.5,201.0
3.0,London & Logan,TARUS29,8.0,8.0,5.0,5.0,5.0,6.0,5,4.0,3.0,4,2,3.0,,,,,,,,,,,,,4.83333,314.0,-2,-2.5,0.0,-0.5,-1.0,-2.0,-1.5,-0.5,0.0,-1,0.5,-1.0,,,,,,,,,,,,,-0.958,697.0,0.87698,-11.5,1004.0
4.0,Matt & Redmond,TARUS29,3.0,3.0,4.0,4.0,2.0,2.0,1,2.0,2.0,1,4,,,,,,,,,,,,,,2.54545,315.0,3,2.5,1.0,0.5,2.0,2.0,2.5,1.5,1.0,2,-1.5,,,,,,,,,,,,,,1.5,85.0,1.18705,16.5,77.0
5.0,Becca & Floyd,TARUS29,2.0,5.0,8.0,2.0,3.0,1.0,2,5.0,1.0,5,,,,,,,,,,,,,,,3.4,316.0,4,0.5,-3.0,2.5,1.0,3.0,1.5,-1.5,2.0,-2,,,,,,,,,,,,,,,0.8,242.0,2.18174,8.0,234.0
6.0,Liz & Michael,TARUS29,10.0,1.0,1.0,3.0,7.0,4.0,6,6.0,,,,,,,,,,,,,,,,,4.75,317.0,-4,4.5,4.0,1.5,-3.0,0.0,-2.5,-2.5,,,,,,,,,,,,,,,,,-0.25,518.0,3.07205,-2.0,526.0
7.0,Vanck & Ashton,TARUS29,7.0,2.0,3.0,6.0,4.0,7.0,,,,,,,,,,,,,,,,,,,4.83333,318.0,-1,3.5,2.0,-1.5,0.0,-3.0,,,,,,,,,,,,,,,,,,,0.0,450.0,2.17945,0.0,451.0
8.0,Shamir & Sara,TARUS29,5.0,9.0,7.0,8.0,,,,,,,,,,,,,,,,,,,,,7.25,319.0,1,-3.5,-2.0,-3.5,,,,,,,,,,,,,,,,,,,,,-2.0,852.0,1.83712,-8.0,878.0
9.0,Seth & Olive,TARUS29,1.0,4.0,9.0,,,,,,,,,,,,,,,,,,,,,,4.66667,320.0,5,1.5,-4.0,,,,,,,,,,,,,,,,,,,,,,0.833,230.0,3.70435,2.5,365.0
10.0,Jessie & Francesca,TARUS29,9.0,10.0,,,,,,,,,,,,,,,,,,,,,,,9.5,321.0,-3,-4.5,,,,,,,,,,,,,,,,,,,,,,,-3.75,976.0,0.75,-7.5,848.0
11.0,Kevin & Jenn,TARUS29,11.0,,,,,,,,,,,,,,,,,,,,,,,,11.0,322.0,-5,,,,,,,,,,,,,,,,,,,,,,,,-5.0,1042.0,0.0,-5.0,671.0
1.0,Cody & Jessica,TARUS30,2.0,1.0,5.0,2.0,6.0,6.0,5*,5.0,4.0,2,2,1.0,,,,,,,,,,,,,3.27273,323.0,4,4.5,0.0,3.0,-1.5,-2.0,-2*,-1.5,-1.0,0.5,0.5,1.0,,,,,,,,,,,,,0.682,271.0,2.1561,7.5,241.0
2.0,Henry & Evan,TARUS30,3.0,8.0,1.0,6.0,4.0,3.0,3*,4.0,3.0,4,1,2.0,,,,,,,,,,,,,3.54545,324.0,3,-2.5,4.0,-1.0,0.5,1.0,0*,-0.5,0.0,-1.5,1.5,0.0,,,,,,,,,,,,,0.409,344.0,1.81932,4.5,312.0
3.0,Kristi & Jen,TARUS30,1.0,3.0,3.0,3.0,2.0,1.0,5*,2.0,2.0,3,3,3.0,,,,,,,,,,,,,2.36364,325.0,5,2.5,2.0,2.0,2.5,3.0,-2*,1.5,1.0,-0.5,-0.5,-1.0,,,,,,,,,,,,,1.591,72.0,1.68978,17.5,67.0
4.0,Alex & Conor,TARUS30,5.0,5.0,2.0,1.0,5.0,4.0,1*,3.0,1.0,1,4,,,,,,,,,,,,,,3.1,326.0,1,0.5,3.0,4.0,-0.5,0.0,2*,0.5,2.0,1.5,-1.5,,,,,,,,,,,,,,1.05,172.0,1.55644,10.5,175.0
5.0,Lucas & Brittany,TARUS30,7.0,6.0,8.0,8.0,1.0,5.0,1*,1.0,5.0,,,,,,,,,,,,,,,,5.125,327.0,-1,-0.5,-3.0,-3.0,3.5,-1.0,2*,2.5,-2.0,,,,,,,,,,,,,,,,-0.563,611.0,2.24217,-4.5,633.0
6.0,Eric & Daniel,TARUS30,8.0,9.0,7.0,7.0,3.0,2.0,3*,6.0,,,,,,,,,,,,,,,,,6.0,328.0,-2,-3.5,-2.0,-2.0,1.5,2.0,0*,-2.5,,,,,,,,,,,,,,,,,-1.214,742.0,1.94307,-8.5,896.0
7.0,Trevor & Chris,TARUS30,4.0,4.0,4.0,5.0,7.0,7.0,,,,,,,,,,,,,,,,,,,5.16667,329.0,2,1.5,1.0,0.0,-2.5,-3.0,,,,,,,,,,,,,,,,,,,-0.167,503.0,1.92931,-1.0,491.0
8.0,Joey & Tim,TARUS30,6.0,7.0,6.0,4.0,8.0,,,,,,,,,,,,,,,,,,,,6.2,330.0,0,-1.5,-1.0,1.0,-3.5,,,,,,,,,,,,,,,,,,,,-1.0,698.0,1.51658,-5.0,671.0
9.0,Cedric & Shawn,TARUS30,9.0,2.0,9.0,9.0,,,,,,,,,,,,,,,,,,,,,7.25,331.0,-3,3.5,-4.0,-4.0,,,,,,,,,,,,,,,,,,,,,-1.875,839.0,3.13,-7.5,848.0
10.0,April & Sarah,TARUS30,10.0,10.0,,,,,,,,,,,,,,,,,,,,,,,10.0,332.0,-4,-4.5,,,,,,,,,,,,,,,,,,,,,,,-4.25,1003.0,0.25,-8.5,896.0
11.0,Dessie & Kayla,TARUS30,11.0,,,,,,,,,,,,,,,,,,,,,,,,11.0,333.0,-5,,,,,,,,,,,,,,,,,,,,,,,,-5.0,1042.0,0.0,-5.0,671.0
1.0,Colin & Christie,TARUS31,2.0,4.0,3.0,1.0,3.0,2.0,2,3.0,4.0,1,3,1.0,,,,,,,,,,,,,2.41667,334.0,4,1.5,2.0,4.0,1.5,2.5,2,1.0,-0.5,2,-0.5,1.0,,,,,,,,,,,,,1.708,57.0,1.36104,20.5,35.0
2.0,Tyler & Korey,TARUS31,3.0,7.0,4.0,5.0,4.0,1.0,1,1.0,1.0,2,2,2.0,,,,,,,,,,,,,2.75,335.0,3,-1.5,1.0,0.0,0.5,3.5,3,3.0,2.5,1,0.5,0.0,,,,,,,,,,,,,1.375,106.0,1.51554,16.5,77.0
3.0,Leo & Jamal,TARUS31,1.0,1.0,8.0,6.0,7.0,6.0,4,6.0,5.0,3,1,3.0,,,,,,,,,,,,,4.25,336.0,5,4.5,-3.0,-1.0,-2.5,-1.5,0,-2.0,-1.5,0,1.5,-1.0,,,,,,,,,,,,,-0.125,495.0,2.4675,-1.5,514.0
4.0,Nicole & Victor,TARUS31,6.0,2.0,2.0,2.0,5.0,3.0,7,5.0,2.0,4,4,,,,,,,,,,,,,,3.81818,337.0,0,3.5,3.0,3.0,-0.5,1.5,-3,-1.0,1.5,-1,-1.5,,,,,,,,,,,,,,0.5,306.0,2.03381,5.5,285.0
5.0,Becca & Floyd,TARUS31,5.0,9.0,1.0,4.0,1.0,5.0,3,4.0,3.0,5,,,,,,,,,,,,,,,4.0,338.0,1,-3.5,4.0,1.0,3.5,-0.5,1,0.0,0.5,-2,,,,,,,,,,,,,,,0.5,306.0,2.13307,5.0,298.0
6.0,Chris & Bret,TARUS31,7.0,8.0,9.0,3.0,2.0,4.0,6,2.0,6.0,,,,,,,,,,,,,,,,5.22222,339.0,-1,-2.5,-4.0,2.0,2.5,0.5,-2,2.0,-2.5,,,,,,,,,,,,,,,,-0.556,610.0,2.24158,-5.0,671.0
7.0,Rachel & Elissa,TARUS31,4.0,3.0,7.0,8.0,8.0,7.0,5,7.0,,,,,,,,,,,,,,,,,6.125,340.0,2,2.5,-2.0,-3.0,-3.5,-2.5,-1,-3.0,,,,,,,,,,,,,,,,,-1.313,761.0,2.17855,-10.5,978.0
8.0,Janelle & Britney,TARUS31,8.0,5.0,6.0,7.0,6.0,8.0,,,,,,,,,,,,,,,,,,,6.66667,341.0,-2,0.5,-1.0,-2.0,-1.5,-3.5,,,,,,,,,,,,,,,,,,,-1.583,799.0,1.20474,-9.5,953.0
9.0,Corinne & Eliza,TARUS31,9.0,6.0,5.0,9.0,,,,,,,,,,,,,,,,,,,,,7.25,342.0,-3,-0.5,0.0,-4.0,,,,,,,,,,,,,,,,,,,,,-1.875,839.0,1.67239,-7.5,848.0
10.0,Rupert & Laura,TARUS31,10.0,10.0,,,,,,,,,,,,,,,,,,,,,,,10.0,343.0,-4,-4.5,,,,,,,,,,,,,,,,,,,,,,,-4.25,1003.0,0.25,-8.5,896.0
11.0,Art & JJ,TARUS31,11.0,,,,,,,,,,,,,,,,,,,,,,,,11.0,344.0,-5,,,,,,,,,,,,,,,,,,,,,,,,-5.0,1042.0,0.0,-5.0,671.0
1.0,Will & James,TARUS32,4.0,6.0,1.0,1.0,4.0,4.0,1,3.0,2.0,2,2,1.0,,,,,,,,,,,,,2.58333,345.0,2,-0.5,4.0,3.5,0.5,0.0,3,0.5,1.5,1,0.5,1.0,,,,,,,,,,,,,1.417,101.0,1.36677,17.0,73.0
2.0,Hung & Chee,TARUS32,1.0,1.0,2.0,6.0,2.0,3.0,3,4.0,4.0,3,3,2.0,,,,,,,,,,,,,2.83333,346.0,5,4.5,3.0,-1.5,2.5,1.0,1,-0.5,-0.5,0,-0.5,0.0,,,,,,,,,,,,,1.167,146.0,2.02416,14.0,113.0
3.0,Riley & Maddison,TARUS32,3.0,3.0,4.0,4.0,1.0,2.0,2,1.0,1.0,1,1,3.0,,,,,,,,,,,,,2.16667,347.0,3,2.5,1.0,0.5,3.5,2.0,2,2.5,2.5,2,1.5,-1.0,,,,,,,,,,,,,1.833,39.0,1.1607,22.0,28.0
4.0,Gary & DeAngelo,TARUS32,10.0,2.0,5.0,7.0,5.0,1.0,4,2.0,3.0,4,4,,,,,,,,,,,,,,4.27273,348.0,-4,3.5,0.0,-2.5,-0.5,3.0,0,1.5,0.5,-1,-1.5,,,,,,,,,,,,,,-0.091,490.0,2.11937,-1.0,491.0
5.0,Eswar & Aparna,TARUS32,7.0,4.0,6.0,5.0,6.0,5.0,6,5.0,5.0,5,,,,,,,,,,,,,,,5.4,349.0,-1,1.5,-1.0,-0.5,-1.5,-1.0,-2,-1.5,-1.5,-2,,,,,,,,,,,,,,,-1.05,714.0,0.96047,-10.5,978.0
6.0,Kaylynn & Haley,TARUS32,8.0,8.0,3.0,8.0,7.0,7.0,5,6.0,6.0,,,,,,,,,,,,,,,,6.44444,350.0,-2,-2.5,2.0,-3.5,-2.5,-3.0,-1,-2.5,-2.5,,,,,,,,,,,,,,,,-1.944,851.0,1.53559,-17.5,1091.0
7.0,Leo & Alana,TARUS32,6.0,7.0,8.0,3.0,3.0,6.0,7,,,,,,,,,,,,,,,,,,5.71429,351.0,0,-1.5,-3.0,1.5,1.5,-2.0,-3,,,,,,,,,,,,,,,,,,-0.929,691.0,1.80136,-6.5,797.0
8.0,Michelle & Victoria,TARUS32,2.0,5.0,7.0,2.0,8.0,,,,,,,,,,,,,,,,,,,,4.8,352.0,4,0.5,-2.0,2.5,-3.5,,,,,,,,,,,,,,,,,,,,0.3,380.0,2.76767,1.5,399.0
9.0,Jerry & Frank,TARUS32,5.0,9.0,9.0,,,,,,,,,,,,,,,,,,,,,,7.66667,353.0,1,-3.5,-4.0,,,,,,,,,,,,,,,,,,,,,,-2.167,869.0,2.24846,-6.5,797.0
10.0,Kellie & LaVonne,TARUS32,9.0,10.0,,,,,,,,,,,,,,,,,,,,,,,9.5,354.0,-3,-4.5,,,,,,,,,,,,,,,,,,,,,,,-3.75,976.0,0.75,-7.5,848.0
11.0,Nathan & Cody,TARUS32,11.0,,,,,,,,,,,,,,,,,,,,,,,,11.0,355.0,-5,,,,,,,,,,,,,,,,,,,,,,,,-5.0,1042.0,0.0,-5.0,671.0
1.0,Kim & Penn,TARUS33,4.0,5.0,1.0,2.0,3.0,1.0,1,1.0,2.0,2,1,,,,,,,,,,,,,,2.09091,356.0,2,0.5,4.5,2.0,0.5,2.5,2,2.0,0.5,0.5,1,,,,,,,,,,,,,,1.636,67.0,1.16952,18.0,61.0
2.0,Raquel & Cayla,TARUS33,3.0,4.0,6.0,3.0,4.0,2.0,2,2.0,1.0,1,2,,,,,,,,,,,,,,2.72727,357.0,3,1.5,-0.5,1.0,-0.5,1.5,1,1.0,1.5,1.5,0,,,,,,,,,,,,,,1.0,187.0,0.97701,11.0,166.0
3.0,Ryan & Dusty,TARUS33,2.0,1.0,2.0,1.0,1.0,3.0,3,3.0,4.0,3,3,,,,,,,,,,,,,,2.36364,358.0,4,4.5,3.5,3.0,2.5,0.5,0,0.0,-1.5,-0.5,-1,,,,,,,,,,,,,,1.364,107.0,2.06806,15.0,96.0
4.0,Arun & Natalia,TARUS33,9.0,3.0,10.0,6.0,6.0,4.0,5,4.0,3.0,4,,,,,,,,,,,,,,,5.4,359.0,-3,2.5,-4.5,-2.0,-2.5,-0.5,-2,-1.0,-0.5,-1.5,,,,,,,,,,,,,,,-1.5,784.0,1.76068,-15.0,1066.0
5.0,Lulu & Lala,TARUS33,10.0,10.0,7.0,4.0,2.0,5.0,4,5.0,,,,,,,,,,,,,,,,,5.875,360.0,-4,-4.5,-1.5,0.0,1.5,-1.5,-1,-2.0,,,,,,,,,,,,,,,,,-1.625,802.0,1.83286,-13.0,1039.0
6.0,Akbar & Sheri,TARUS33,6.0,8.0,9.0,5.0,5.0,6.0,,,,,,,,,,,,,,,,,,,6.5,361.0,0,-2.5,-3.5,-1.0,-1.5,-2.5,,,,,,,,,,,,,,,,,,,-1.833,831.0,1.14261,-11.0,997.0
7.0,Michael & Moe,TARUS33,11.0,,,7.0,,,,,,,,,,,,,,,,,,,,,9.0,362.0,-5,,,-3.0,,,,,,,,,,,,,,,,,,,,,-4.0,994.0,1.0,-8.0,878.0
8.0,Anthony & Spencer,TARUS33,1.0,7.0,3.0,,,,,,,,,,,,,,,,,,,,,,3.66667,363.0,5,-1.5,2.5,,,,,,,,,,,,,,,,,,,,,,2.0,26.0,2.67706,6.0,271.0
9.0,Connie & Sam,TARUS33,7.0,2.0,4.0,,,,,,,,,,,,,,,,,,,,,,4.33333,364.0,-1,3.5,1.5,,,,,,,,,,,,,,,,,,,,,,1.333,112.0,1.84089,4.0,327.0
10.0,Caro & Ray,TARUS33,5.0,6.0,5.0,,,,,,,,,,,,,,,,,,,,,,5.33333,365.0,1,-0.5,0.5,,,,,,,,,,,,,,,,,,,,,,0.333,365.0,0.62361,1.0,415.0
11.0,Taylor & Isaiah,TARUS33,8.0,9.0,8.0,,,,,,,,,,,,,,,,,,,,,,8.33333,366.0,-2,-3.5,-2.5,,,,,,,,,,,,,,,,,,,,,,-2.667,910.0,0.62361,-8.0,878.0
1.0,Derek & Claire,TARUS34,1.0,4.0,6.0,7.0,2.0,4.0,3,1.0,1.0,3,1,1.0,,,,,,,,,,,,,2.83333,367.0,5.5,2.0,-0.5,-1.5,3.0,0.5,1,2.5,2.0,0,1.5,1.0,,,,,,,,,,,,,1.417,101.0,1.74205,17.0,73.0
2.0,Emily & Molly,TARUS34,5.0,7.0,2.0,1.0,5.0,6.0,2,3.0,4.0,4,3,2.0,,,,,,,,,,,,,3.66667,368.0,1.5,-1.0,3.5,4.5,0.0,-1.5,2,0.5,-1.0,-1,-0.5,0.0,,,,,,,,,,,,,0.583,293.0,1.83523,7.0,252.0
3.0,Luis & Michelle,TARUS34,10.0,5.0,4.0,4.0,1.0,1.0,4,2.0,3.0,1,2,3.0,,,,,,,,,,,,,3.33333,369.0,-3.5,1.0,1.5,1.5,4.0,3.5,0,1.5,0.0,2,0.5,-1.0,,,,,,,,,,,,,0.917,210.0,1.90212,11.0,166.0
4.0,Aubrey & David,TARUS34,11.0,8.0,3.0,6.0,8.0,2.0,6,5.0,2.0,2,4,,,,,,,,,,,,,,5.18182,370.0,-4.5,-2.0,2.5,-0.5,-3.0,2.5,-2,-1.5,1.0,1,-1.5,,,,,,,,,,,,,,-0.727,648.0,2.14649,-8.0,878.0
5.0,Marcus & Michael,TARUS34,6.0,1.0,1.0,2.0,3.0,5.0,1,4.0,5.0,5,,,,,,,,,,,,,,,3.3,371.0,0.5,5.0,4.5,3.5,2.0,-0.5,3,-0.5,-2.0,-2,,,,,,,,,,,,,,,1.35,109.0,2.47032,13.5,121.0
6.0,Quinton & Mattie,TARUS34,3.0,10.0,8.0,5.0,6.0,3.0,5,6.0,,,,,,,,,,,,,,,,,5.75,372.0,3.5,-4.0,-2.5,0.5,-1.0,1.5,-1,-2.5,,,,,,,,,,,,,,,,,-0.688,639.0,2.27675,-5.5,733.0
7.0,Glenda & Lumumba,TARUS34,2.0,2.0,10.0,8.0,7.0,7.0,7,,,,,,,,,,,,,,,,,,6.14286,373.0,4.5,4.0,-4.5,-2.5,-2.0,-2.5,-3,,,,,,,,,,,,,,,,,,-0.857,677.0,3.31355,-6.0,773.0
8.0,Abby & Will,TARUS34,8.0,6.0,7.0,3.0,4.0,8.0,,,,,,,,,,,,,,,,,,,6.0,374.0,-1.5,0.0,-1.5,2.5,1.0,-3.5,,,,,,,,,,,,,,,,,,,-0.5,581.0,1.93649,-3.0,558.0
9.0,Linton & Sharik,TARUS34,4.0,3.0,5.0,9.0,9.0,,,,,,,,,,,,,,,,,,,,6.0,375.0,2.5,3.0,0.5,-3.5,-4.0,,,,,,,,,,,,,,,,,,,,-0.3,539.0,2.94279,-1.5,514.0
10.0,Rich & Dom,TARUS34,9.0,9.0,9.0,10.0,,,,,,,,,,,,,,,,,,,,,9.25,376.0,-2.5,-3.0,-3.5,-4.5,,,,,,,,,,,,,,,,,,,,,-3.375,962.0,0.73951,-13.5,1048.0
11.0,Tim & Rex,TARUS34,7.0,11.0,,,,,,,,,,,,,,,,,,,,,,,9.0,377.0,-0.5,-5.0,,,,,,,,,,,,,,,,,,,,,,,-2.75,912.0,2.25,-5.5,733.0
12.0,Aastha & Nina,TARUS34,12.0,,,,,,,,,,,,,,,,,,,,,,,,12.0,378.0,-5.5,,,,,,,,,,,,,,,,,,,,,,,,-5.5,1087.0,0.0,-5.5,733.0
1.0,Greg & John,TARUS35,3.0,3.0,8.0,8.0,2.0,1.0,1,1.0,1.0,2,2,1.0,,,,,,,,,,,,,2.75,379.0,4,3.5,-2.0,-2.0,3.5,4.0,3.5,3.0,2.5,1,0.5,1.0,,,,,,,,,,,,,1.875,38.0,2.08292,22.5,26.0
2.0,Joel & Garrett,TARUS35,7.0,9.0,2.0,9.0,3.0,3.0,7,4.0,2.0,1,3,2.0,,,,,,,,,,,,,4.33333,380.0,0,-2.5,4.0,-3.0,2.5,2.0,-2.5,0.0,1.5,2,-0.5,0.0,,,,,,,,,,,,,0.292,382.0,2.10613,3.5,338.0
3.0,Rob & Corey,TARUS35,2.0,2.0,3.0,5.0,6.0,2.0,4,3.0,4.0,3,1,3.0,,,,,,,,,,,,,3.16667,381.0,5,4.5,3.0,1.0,-0.5,3.0,0.5,1.0,-0.5,0,1.5,-1.0,,,,,,,,,,,,,1.458,96.0,1.90895,17.5,67.0
4.0,Steve & Anna Leigh,TARUS35,6.0,6.0,1.0,2.0,1.0,7.0,5,6.0,3.0,4,4,,,,,,,,,,,,,,4.09091,382.0,1,0.5,5.0,4.0,4.5,-2.0,-0.5,-2.0,0.5,-1,-1.5,,,,,,,,,,,,,,0.773,250.0,2.4805,8.5,220.0
5.0,Todd & Ashlie,TARUS35,5.0,5.0,4.0,3.0,5.0,5.0,3,2.0,5.0,5,,,,,,,,,,,,,,,4.2,383.0,2,1.5,2.0,3.0,0.5,0.0,1.5,2.0,-1.5,-2,,,,,,,,,,,,,,,0.9,215.0,1.54596,9.0,213.0
6.0,Robbin & Chelsea,TARUS35,11.0,11.0,5.0,1.0,7.0,8.0,2,5.0,6.0,,,,,,,,,,,,,,,,6.22222,384.0,-4,-4.5,1.0,5.0,-1.5,-3.0,2.5,-1.0,-2.5,,,,,,,,,,,,,,,,-0.889,686.0,2.97935,-8.0,878.0
7.0,Morgan & Lena,TARUS35,4.0,4.0,6.0,10.0,9.0,4.0,6,7.0,,,,,,,,,,,,,,,,,6.25,385.0,3,2.5,0.0,-4.0,-3.5,1.0,-1.5,-3.0,,,,,,,,,,,,,,,,,-0.688,639.0,2.54874,-5.5,733.0
8.0,Andrea & Malaina,TARUS35,10.0,10.0,9.0,7.0,4.0,6.0,8,,,,,,,,,,,,,,,,,,7.71429,386.0,-3,-3.5,-3.0,-1.0,1.5,-1.0,-3.5,,,,,,,,,,,,,,,,,,-1.929,850.0,1.72023,-13.5,1048.0
9.0,Liam & Yeremi,TARUS35,8.0,8.0,11.0,6.0,8.0,9.0,,,,,,,,,,,,,,,,,,,8.33333,387.0,-1,-1.5,-5.0,0.0,-2.5,-4.0,,,,,,,,,,,,,,,,,,,-2.333,892.0,1.72401,-14.0,1055.0
10.0,Joe & Ian,TARUS35,9.0,7.0,7.0,4.0,10.0,,,,,,,,,,,,,,,,,,,,7.4,388.0,-2,-0.5,-1.0,2.0,-4.5,,,,,,,,,,,,,,,,,,,,-1.2,738.0,2.11187,-6.0,773.0
11.0,Jocelyn & Victor,TARUS35,1.0,1.0,10.0,11.0,,,,,,,,,,,,,,,,,,,,,5.75,389.0,6,5.5,-4.0,-5.0,,,,,,,,,,,,,,,,,,,,,0.625,286.0,5.14022,2.5,365.0
12.0,Elizabeth & Iliana,TARUS35,12.0,12.0,,,,,,,,,,,,,,,,,,,,,,,12.0,390.0,-5,-5.5,,,,,,,,,,,,,,,,,,,,,,,-5.25,1086.0,0.25,-10.5,978.0
13.0,Alexandra & Sheridan,TARUS35,13.0,,,,,,,,,,,,,,,,,,,,,,,,13.0,391.0,-6,,,,,,,,,,,,,,,,,,,,,,,,-6.0,1096.0,0.0,-6.0,773.0
1.0,Ricky & Cesar,TARUS36,2.0,2.0,1.0,1.0,1.0,2.0,2,1.0,1.0,1,3,1.0,,,,,,,,,,,,,1.5,392.0,5,4.5,5.0,4.5,4.0,2.5,2.5,3.0,2.5,2,-0.5,1.0,,,,,,,,,,,,,3.0,1.0,1.62019,36.0,3.0
2.0,Juan & Shane,TARUS36,4.0,4.0,4.0,5.0,2.0,1.0,1,6.0,2.0,3,2,2.0,,,,,,,,,,,,,3.0,393.0,3,2.5,2.0,0.5,3.0,3.5,3.5,-2.0,1.5,0,0.5,0.0,,,,,,,,,,,,,1.5,85.0,1.6457,18.0,61.0
3.0,Rod & Leticia,TARUS36,1.0,1.0,5.0,4.0,5.0,5.0,3,3.0,5.0,2,1,3.0,,,,,,,,,,,,,3.16667,394.0,6,5.5,1.0,1.5,0.0,-0.5,1.5,1.0,-1.5,1,1.5,-1.0,,,,,,,,,,,,,1.333,112.0,2.20164,16.0,83.0
4.0,Amber & Vinny,TARUS36,12.0,7.0,2.0,2.0,3.0,3.0,4,4.0,3.0,4,4,,,,,,,,,,,,,,4.36364,395.0,-5,-0.5,4.0,3.5,2.0,1.5,0.5,0.0,0.5,-1,-1.5,,,,,,,,,,,,,,0.364,358.0,2.37497,4.0,327.0
5.0,Yvonne & Melissa,TARUS36,6.0,5.0,6.0,7.0,6.0,6.0,6,5.0,4.0,5,,,,,,,,,,,,,,,5.6,396.0,1,1.5,0.0,-1.5,-1.0,-1.5,-1.5,-1.0,-0.5,-2,,,,,,,,,,,,,,,-0.65,632.0,1.09659,-6.5,797.0
6.0,Angie & Danny,TARUS36,7.0,6.0,9.0,3.0,4.0,4.0,5,2.0,6.0,,,,,,,,,,,,,,,,5.11111,397.0,0,0.5,-3.0,2.5,1.0,0.5,-0.5,2.0,-2.5,,,,,,,,,,,,,,,,0.056,444.0,1.73916,0.5,426.0
7.0,Sunny & Bizzy,TARUS36,9.0,9.0,7.0,8.0,7.0,7.0,7,7.0,,,,,,,,,,,,,,,,,7.625,398.0,-2,-2.5,-1.0,-2.5,-2.0,-2.5,-2.5,-3.0,,,,,,,,,,,,,,,,,-2.25,875.0,0.55902,-18.0,1094.0
8.0,Derek & Shelisa,TARUS36,3.0,3.0,3.0,6.0,8.0,8.0,8,,,,,,,,,,,,,,,,,,5.57143,399.0,4,3.5,3.0,-0.5,-3.0,-3.5,-3.5,,,,,,,,,,,,,,,,,,0.0,450.0,3.18479,0.0,451.0
9.0,Kishori & Karishma,TARUS36,10.0,10.0,8.0,9.0,9.0,,,,,,,,,,,,,,,,,,,,9.2,400.0,-3,-3.5,-2.0,-3.5,-4.0,,,,,,,,,,,,,,,,,,,,-3.2,944.0,0.67823,-16.0,1080.0
10.0,Michelle & Sean,TARUS36,5.0,11.0,10.0,10.0,,,,,,,,,,,,,,,,,,,,,9.0,401.0,2,-4.5,-4.0,-4.5,,,,,,,,,,,,,,,,,,,,,-2.75,912.0,2.75,-11.0,997.0
11.0,Anthony & Bailey,TARUS36,8.0,8.0,11.0,,,,,,,,,,,,,,,,,,,,,,9.0,402.0,-1,-1.5,-5.0,,,,,,,,,,,,,,,,,,,,,,-2.5,897.0,1.77951,-7.5,848.0
12.0,Chris & Mary,TARUS36,11.0,12.0,,,,,,,,,,,,,,,,,,,,,,,11.5,403.0,-4,-5.5,,,,,,,,,,,,,,,,,,,,,,,-4.75,1039.0,0.75,-9.5,953.0
13.0,Maya & Rohan,TARUS36,13.0,,,,,,,,,,,,,,,,,,,,,,,,13.0,404.0,-6,,,,,,,,,,,,,,,,,,,,,,,,-6.0,1096.0,0.0,-6.0,773.0
1.0,Carson & Jack,TARUS37,1.0,4.0,2.0,2.0,2.0,1.0,6,4.0,4.0,1,1,1.0,,,,,,,,,,,,,2.41667,,6.5,2.5,4.0,3.5,3.0,3.5,-2,-0.5,-1.0,2,1.5,1.0,,,,,,,,,,,,,2.0,26.0,2.28218,24.0,17.0
2.0,Han & Holden,TARUS37,12.0,11.0,9.0,6.0,5.0,2.0,4,5.0,5.0,4,2,2.0,,,,,,,,,,,,,5.58333,,-4.5,-4.5,-3.0,-0.5,0.0,2.5,0,-1.5,-2.0,-1,0.5,0.0,,,,,,,,,,,,,-1.167,731.0,1.98256,-14.0,1055.0
3.0,Jonathan & Ana,TARUS37,9.0,1.0,3.0,1.0,8.0,5.0,3,3.0,1.0,3,3,3.0,,,,,,,,,,,,,3.58333,,-1.5,5.5,3.0,4.5,-3.0,-0.5,1,0.5,2.0,0,-0.5,-1.0,,,,,,,,,,,,,0.833,230.0,2.40081,10.0,190.0
4.0,Alyssa & Josiah,TARUS37,5.0,3.0,7.0,5.0,3.0,3.0,1,2.0,3.0,2,4,,,,,,,,,,,,,,3.45455,,2.5,3.5,-1.0,0.5,2.0,1.5,3,1.5,0.0,1,-1.5,,,,,,,,,,,,,,1.182,143.0,1.51166,13.0,130.0
5.0,Brett & Mark,TARUS37,2.0,9.0,5.0,7.0,1.0,4.0,2,1.0,2.0,5,,,,,,,,,,,,,,,3.8,,5.5,-2.5,1.0,-1.5,4.0,0.5,2,2.5,1.0,-2,,,,,,,,,,,,,,,1.05,172.0,2.45408,10.5,175.0
6.0,Melinda & Erika,TARUS37,13.0,5.0,4.0,4.0,6.0,6.0,5,6.0,,,,,,,,,,,,,,,,,6.125,,-5.5,1.5,2.0,1.5,-1.0,-1.5,-1,-2.5,,,,,,,,,,,,,,,,,-0.813,666.0,2.34437,-6.5,797.0
7.0,Nick & Mike,TARUS37,6.0,10.0,8.0,8.0,7.0,7.0,7,,,,,,,,,,,,,,,,,,7.57143,,1.5,-3.5,-2.0,-2.5,-2.0,-2.5,-3,,,,,,,,,,,,,,,,,,-2.0,852.0,1.51186,-14.0,1055.0
8.0,Pops & Jeff,TARUS37,11.0,7.0,6.0,9.0,4.0,8.0,,,,,,,,,,,,,,,,,,,7.5,,-3.5,-0.5,0.0,-3.5,1.0,-3.5,,,,,,,,,,,,,,,,,,,-1.667,808.0,1.88562,-10.0,962.0
9.0,Scott & Lori,TARUS37,10.0,2.0,1.0,3.0,9.0,,,,,,,,,,,,,,,,,,,,5.0,,-2.5,4.5,5.0,2.5,-4.0,,,,,,,,,,,,,,,,,,,,1.1,160.0,3.67967,5.5,285.0
10.0,Bernie & Carrigain,TARUS37,4.0,8.0,10.0,10.0,,,,,,,,,,,,,,,,,,,,,8.0,,3.5,-1.5,-4.0,-4.5,,,,,,,,,,,,,,,,,,,,,-1.625,802.0,3.16968,-6.5,797.0
11.0,Courtney & Jasmin,TARUS37,7.0,6.0,11.0,,,,,,,,,,,,,,,,,,,,,,8.0,,0.5,0.5,-5.0,,,,,,,,,,,,,,,,,,,,,,-1.333,763.0,2.59272,-4.0,612.0
12.0,Ernest & Bridget,TARUS37,3.0,12.0,,,,,,,,,,,,,,,,,,,,,,,7.5,,4.5,-5.5,,,,,,,,,,,,,,,,,,,,,,,-0.5,581.0,5.0,-1.0,491.0
13.0,Mark & Larry,TARUS37,8.0,,,,,,,,,,,,,,,,,,,,,,,,8.0,,-0.5,,,,,,,,,,,,,,,,,,,,,,,,-0.5,581.0,0.0,-0.5,476.0
14.0,Jackye & Lauren,TARUS37,14.0,,,,,,,,,,,,,,,,,,,,,,,,14.0,,-6.5,,,,,,,,,,,,,,,,,,,,,,,,-6.5,1101.0,0.0,-6.5,797.0
1.0,Jas & Jag,TARUS38,1.0,1.0,2.0,5.0,3.0,2.0,2,1.0,1.0,1,1,1.0,,,,,,,,,,,,,1.75,,6,5.5,4.0,0.5,2.0,2.5,2,2.5,2.5,2,1.5,1.0,,,,,,,,,,,,,2.667,3.0,1.61159,32.0,4.0
2.0,Kyland & Taylor,TARUS38,9.0,9.0,9.0,4.0,2.0,3.0,4,3.0,5.0,4,2,2.0,,,,,,,,,,,,,4.66667,,-2,-2.5,-3.0,1.5,3.0,1.5,0,0.5,-1.5,-1,0.5,0.0,,,,,,,,,,,,,-0.25,518.0,1.72603,-3.0,558.0
3.0,Joseph & Adam,TARUS38,8.0,2.0,4.0,7.0,4.0,5.0,3,6.0,3.0,3,3,3.0,,,,,,,,,,,,,4.25,,-1,4.5,2.0,-1.5,1.0,-0.5,1,-2.5,0.5,0,-0.5,-1.0,,,,,,,,,,,,,0.167,415.0,1.75989,2.0,379.0
4.0,Izzy & Paige,TARUS38,3.0,6.0,6.0,3.0,7.0,7.0,6,4.0,4.0,2,4,,,,,,,,,,,,,,4.72727,,4,0.5,0.0,2.5,-2.0,-2.5,-2,-0.5,-0.5,1,-1.5,,,,,,,,,,,,,,-0.091,490.0,1.91665,-1.0,491.0
5.0,Jack & Chelsie,TARUS38,6.0,7.0,8.0,9.0,6.0,6.0,5,5.0,2.0,5,,,,,,,,,,,,,,,5.9,,1,-0.5,-2.0,-3.5,-1.0,-1.5,-1,-1.5,1.5,-2,,,,,,,,,,,,,,,-1.05,714.0,1.38654,-10.5,978.0
6.0,Tucker & Eric,TARUS38,2.0,4.0,3.0,1.0,1.0,1.0,1,2.0,6.0,,,,,,,,,,,,,,,,2.33333,,5,2.5,3.0,4.5,4.0,3.5,3,1.5,-2.5,,,,,,,,,,,,,,,,2.722,2.0,2.09644,24.5,15.0
7.0,Natalie & Stephanie,TARUS38,5.0,3.0,1.0,2.0,5.0,4.0,7,,,,,,,,,,,,,,,,,,3.85714,,2,3.5,5.0,3.5,0.0,0.5,-3,,,,,,,,,,,,,,,,,,1.643,66.0,2.50306,11.5,147.0
8.0,Kristine & Rubina,TARUS38,4.0,8.0,7.0,8.0,8.0,8.0,,,,,,,,,,,,,,,,,,,7.16667,,3,-1.5,-1.0,-2.5,-3.0,-3.5,,,,,,,,,,,,,,,,,,,-1.417,776.0,2.14897,-8.5,896.0
9.0,Hannah & Simone,TARUS38,7.0,5.0,5.0,6.0,9.0,,,,,,,,,,,,,,,,,,,,6.4,,0,1.5,1.0,-0.5,-4.0,,,,,,,,,,,,,,,,,,,,-0.4,559.0,1.93391,-2.0,526.0
10.0,Kat & Alex,TARUS38,11.0,10.0,10.0,10.0,,,,,,,,,,,,,,,,,,,,,10.25,,-4,-3.5,-4.0,-4.5,,,,,,,,,,,,,,,,,,,,,-4.0,994.0,0.35355,-16.0,1080.0
11.0,Megan & Matt,TARUS38,12.0,11.0,11.0,,,,,,,,,,,,,,,,,,,,,,11.33333,,-5,-4.5,-5.0,,,,,,,,,,,,,,,,,,,,,,-4.833,1041.0,0.2357,-14.5,1062.0
12.0,Angela & Lexi,TARUS38,10.0,12.0,,,,,,,,,,,,,,,,,,,,,,,11.0,,-3,-5.5,,,,,,,,,,,,,,,,,,,,,,,-4.25,1003.0,1.25,-8.5,896.0
13.0,Jack & Enzo,TARUS38,13.0,,,,,,,,,,,,,,,,,,,,,,,,13.0,,-6,,,,,,,,,,,,,,,,,,,,,,,,-6.0,1096.0,0.0,-6.0,773.0
1.0,Joe Jer & Zabrina,TARAS1,3.0,4.0,5.0,6.0,3.0,3.0,6,5.0,4.0,4,3,2.0,1.0,,,,,,,,,,,,3.76923,405.0,2.5,1.5,0.0,-1.5,1.5,1.0,-2.5,-1.5,-1.0,-1,-0.5,0.5,1.0,,,,,,,,,,,,0.0,450.0,1.41421,0.0,451.0
2.0,Sandy & Francesca,TARAS1,10.0,9.0,2.0,3.0,5.0,1.0,4,3.0,5.0,1,1,3.0,2.0,,,,,,,,,,,,3.76923,406.0,-4.5,-3.5,3.0,1.5,-0.5,3.0,-0.5,0.5,-2.0,2,1.5,-0.5,0.0,,,,,,,,,,,,0.0,450.0,2.2188,0.0,451.0
3.0,Andrew & Syeon,TARAS1,5.0,8.0,8.0,1.0,2.0,4.0,2,4.0,2.0,3,2,1.0,3.0,,,,,,,,,,,,3.46154,407.0,0.5,-2.5,-3.0,3.5,2.5,0.0,1.5,-0.5,1.0,0,0.5,1.5,-1.0,,,,,,,,,,,,0.308,379.0,1.74905,4.0,327.0
4.0,Marsio & Mardy,TARAS1,1.0,2.0,6.0,4.0,6.0,5.0,5,1.0,3.0,2,4,4.0,,,,,,,,,,,,,3.58333,408.0,4.5,3.5,-1.0,0.5,-1.5,-1.0,-1.5,2.5,0.0,1,-1.5,-1.5,,,,,,,,,,,,,0.333,365.0,2.03443,4.0,327.0
5.0,Andy & Laura,TARAS1,7.0,7.0,7.0,7.0,1.0,2.0,1,2.0,1.0,5,,,,,,,,,,,,,,,4.0,409.0,-1.5,-1.5,-2.0,-2.5,3.5,2.0,2.5,1.5,2.0,-2,,,,,,,,,,,,,,,0.2,405.0,2.17025,2.0,379.0
6.0,Howard & Sahran,TARAS1,9.0,3.0,1.0,8.0,4.0,6.0,3,6.0,,,,,,,,,,,,,,,,,5.0,410.0,-3.5,2.5,4.0,-3.5,0.5,-2.0,0.5,-2.5,,,,,,,,,,,,,,,,,-0.5,581.0,2.63391,-4.0,612.0
7.0,Melody & Sharon,TARAS1,6.0,5.0,3.0,2.0,7.0,7.0,,,,,,,,,,,,,,,,,,,5.0,411.0,-0.5,0.5,2.0,2.5,-2.5,-3.0,,,,,,,,,,,,,,,,,,,-0.167,503.0,2.07498,-1.0,491.0
8.0,Sahil & Prashant,TARAS1,8.0,1.0,4.0,5.0,8.0,,,,,,,,,,,,,,,,,,,,5.2,412.0,-2.5,4.5,1.0,-0.5,-3.5,,,,,,,,,,,,,,,,,,,,-0.2,513.0,2.82135,-1.0,491.0
9.0,Jacqueline & Aubrey,TARAS1,4.0,6.0,9.0,,,,,,,,,,,,,,,,,,,,,,6.33333,413.0,1.5,-0.5,-4.0,,,,,,,,,,,,,,,,,,,,,,-1.0,698.0,2.27303,-3.0,558.0
10.0,Ernie & Jeena,TARAS1,2.0,10.0,,,,,,,,,,,,,,,,,,,,,,,6.0,414.0,3.5,-4.5,,,,,,,,,,,,,,,,,,,,,,,-0.5,581.0,4.0,-1.0,491.0
1.0,Adrian & Collin,TARAS2,7.0,5.0,2.0,2.0,3.0,2.0,2,2.0,2.0,1,1,2.0,1.0,,,,,,,,,,,,2.46154,415.0,-1.5,0.5,3.0,2.5,1.0,2.0,1.5,1.5,1.5,2,2,0.5,1.0,,,,,,,,,,,,1.346,110.0,1.08104,17.5,67.0
2.0,Pamela & Vanessa,TARAS2,1.0,4.0,7.0,6.0,7.0,4.0,3,5.0,4.0,3,3,3.0,2.0,,,,,,,,,,,,4.0,416.0,4.5,1.5,-2.0,-1.5,-3.0,0.0,0.5,-1.5,-0.5,0,0,-0.5,0.0,,,,,,,,,,,,-0.192,511.0,1.76001,-2.5,540.0
3.0,Marc & Rovilson,TARAS2,2.0,1.0,1.0,1.0,2.0,1.0,1,1.0,1.0,2,2,1.0,3.0,,,,,,,,,,,,1.46154,417.0,3.5,4.5,4.0,3.5,2.0,3.0,2.5,2.5,2.5,1,1,1.5,-1.0,,,,,,,,,,,,2.346,12.0,1.41943,30.5,7.0
4.0,Diane & Ann,TARAS2,3.0,3.0,3.0,4.0,1.0,6.0,4,3.0,3.0,4,4,4.0,,,,,,,,,,,,,3.5,418.0,2.5,2.5,2.0,0.5,3.0,-2.0,-0.5,0.5,0.5,-1,-1,-1.5,,,,,,,,,,,,,0.458,328.0,1.63883,5.5,285.0
5.0,Natasha & Paula,TARAS2,6.0,2.0,4.0,3.0,4.0,5.0,5,4.0,5.0,5,5,,,,,,,,,,,,,,4.36364,419.0,-0.5,3.5,1.0,1.5,0.0,-1.0,-1.5,-0.5,-1.5,-2,-2,,,,,,,,,,,,,,-0.273,532.0,1.61476,-3.0,558.0
6.0,Terri & Henry,TARAS2,9.0,9.0,5.0,7.0,6.0,3.0,6,6.0,6.0,,,,,,,,,,,,,,,,6.33333,420.0,-3.5,-3.5,0.0,-2.5,-2.0,1.0,-2.5,-2.5,-2.5,,,,,,,,,,,,,,,,-2.0,852.0,1.43372,-18.0,1094.0
7.0,Daichi & Sawaka,TARAS2,8.0,8.0,6.0,5.0,5.0,7.0,,,,,,,,,,,,,,,,,,,6.5,421.0,-2.5,-2.5,-1.0,-0.5,-1.0,-3.0,,,,,,,,,,,,,,,,,,,-1.75,821.0,0.94648,-10.5,978.0
8.0,Sophie & Aurelia,TARAS2,5.0,7.0,8.0,8.0,,,,,,,,,,,,,,,,,,,,,7.0,422.0,0.5,-1.5,-3.0,-3.5,,,,,,,,,,,,,,,,,,,,,-1.875,839.0,1.55624,-7.5,848.0
9.0,Kinaryosih & Brett,TARAS2,4.0,6.0,9.0,,,,,,,,,,,,,,,,,,,,,,6.33333,423.0,1.5,-0.5,-4.0,,,,,,,,,,,,,,,,,,,,,,-1.0,698.0,2.27303,-3.0,558.0
10.0,Edwin & Monica,TARAS2,10.0,10.0,,,,,,,,,,,,,,,,,,,,,,,10.0,424.0,-4.5,-4.5,,,,,,,,,,,,,,,,,,,,,,,-4.5,1017.0,0.0,-9.0,930.0
1.0,Vince & Sam,TARAS3,7.0,3.0,2.0,2.0,1.0,1.0,2,4.0,1.0,3,1,,,,,,,,,,,,,,2.45455,425.0,-1.5,2.0,2.5,2.0,2.5,2.0,1,-1.0,1.5,-0.5,1,,,,,,,,,,,,,,1.045,178.0,1.35604,11.5,147.0
2.0,Geoff & Tisha,TARAS3,2.0,5.0,5.0,6.0,4.0,3.0,1,1.0,3.0,2,2,,,,,,,,,,,,,,3.09091,426.0,3.5,0.0,-0.5,-2.0,-0.5,0.0,2,2.0,-0.5,0.5,0,,,,,,,,,,,,,,0.409,344.0,1.4588,4.5,312.0
3.0,Ida & Tania,TARAS3,5.0,6.0,3.0,1.0,5.0,5.0,5,3.0,2.0,1,3,,,,,,,,,,,,,,3.54545,427.0,0.5,-1.0,1.5,3.0,-1.5,-2.0,-2,0.0,0.5,1.5,-1,,,,,,,,,,,,,,-0.045,477.0,1.54412,-0.5,476.0
4.0,A.D. & Fuzzie,TARAS3,8.0,2.0,4.0,5.0,3.0,4.0,3,2.0,4.0,4,,,,,,,,,,,,,,,3.9,428.0,-2.5,3.0,0.5,-1.0,0.5,-1.0,0,1.0,-1.5,-1.5,,,,,,,,,,,,,,,-0.25,518.0,1.50416,-2.5,540.0
5.0,Henry & Bernie,TARAS3,3.0,1.0,1.0,4.0,2.0,2.0,4,5.0,,,,,,,,,,,,,,,,,2.75,429.0,2.5,4.0,3.5,0.0,1.5,1.0,-1,-2.0,,,,,,,,,,,,,,,,,1.188,141.0,1.98333,9.5,201.0
6.0,Mai & Oliver,TARAS3,1.0,8.0,6.0,3.0,6.0,,,,,,,,,,,,,,,,,,,,4.8,430.0,4.5,-3.0,-1.5,1.0,-2.5,,,,,,,,,,,,,,,,,,,,-0.3,539.0,2.76767,-1.5,514.0
7.0,Niroo & Kapil,TARAS3,9.0,4.0,7.0,7.0,,,,,,,,,,,,,,,,,,,,,6.75,431.0,-3.5,1.0,-2.5,-3.0,,,,,,,,,,,,,,,,,,,,,-2.0,852.0,1.76777,-8.0,878.0
8.0,Pailin & Natalie,TARAS3,4.0,7.0,8.0,,,,,,,,,,,,,,,,,,,,,,6.33333,432.0,1.5,-2.0,-3.5,,,,,,,,,,,,,,,,,,,,,,-1.333,763.0,2.09497,-4.0,612.0
9.0,Isaac & William,TARAS3,6.0,9.0,,,,,,,,,,,,,,,,,,,,,,,7.5,433.0,-0.5,-4.0,,,,,,,,,,,,,,,,,,,,,,,-2.25,875.0,1.75,-4.5,633.0
10.0,Neena & Amit,TARAS3,10.0,,,,,,,,,,,,,,,,,,,,,,,,10.0,434.0,-4.5,,,,,,,,,,,,,,,,,,,,,,,,-4.5,1017.0,0.0,-4.5,633.0
1.0,Richard & Richard,TARAS4,2.0,2.0,6.0,1.0,2.0,1.0,2,2.0,4.0,2,1,,,,,,,,,,,,,,2.27273,435.0,3.5,3.5,-1.0,4.0,2.5,3.0,1.5,1.5,-1.0,0.5,1,,,,,,,,,,,,,,1.727,54.0,1.67011,19.0,48.0
2.0,Claire & Michelle,TARAS4,3.0,7.0,4.0,7.0,3.0,3.0,3,4.0,3.0,3,2,,,,,,,,,,,,,,3.81818,436.0,2.5,-1.5,1.0,-2.0,1.5,1.0,0.5,-0.5,0.0,-0.5,0,,,,,,,,,,,,,,0.182,414.0,1.24814,2.0,379.0
3.0,Hussein & Natasha,TARAS4,9.0,9.0,2.0,5.0,7.0,2.0,6,5.0,2.0,1,3,,,,,,,,,,,,,,4.63636,437.0,-3.5,-3.5,3.0,0.0,-2.5,2.0,-2.5,-1.5,1.0,1.5,-1,,,,,,,,,,,,,,-0.636,629.0,2.17518,-7.0,829.0
4.0,Lani & Jess,TARAS4,8.0,8.0,7.0,4.0,5.0,4.0,1,1.0,1.0,4,,,,,,,,,,,,,,,4.3,438.0,-2.5,-2.5,-2.0,1.0,-0.5,0.0,2.5,2.5,2.0,-1.5,,,,,,,,,,,,,,,-0.1,493.0,1.90788,-1.0,491.0
5.0,Khairie & Ethan,TARAS4,1.0,5.0,5.0,3.0,1.0,5.0,4,3.0,5.0,,,,,,,,,,,,,,,,3.55556,439.0,4.5,0.5,0.0,2.0,3.5,-1.0,-0.5,0.5,-2.0,,,,,,,,,,,,,,,,0.833,230.0,2.0,7.5,241.0
6.0,Dimple & Sunaina,TARAS4,4.0,3.0,1.0,2.0,4.0,6.0,5,6.0,,,,,,,,,,,,,,,,,3.875,440.0,1.5,2.5,4.0,3.0,0.5,-2.0,-1.5,-2.5,,,,,,,,,,,,,,,,,0.688,269.0,2.30404,5.5,285.0
7.0,Hilda & Ivan,TARAS4,6.0,1.0,3.0,6.0,6.0,7.0,,,,,,,,,,,,,,,,,,,4.83333,441.0,-0.5,4.5,2.0,-1.0,-1.5,-3.0,,,,,,,,,,,,,,,,,,,0.083,433.0,2.47347,0.5,426.0
8.0,Sahil & Manas,TARAS4,7.0,4.0,8.0,8.0,8.0,,,,,,,,,,,,,,,,,,,,7.0,442.0,-1.5,1.5,-3.0,-3.0,-3.5,,,,,,,,,,,,,,,,,,,,-1.9,844.0,1.82757,-9.5,953.0
9.0,Alan & Wendy,TARAS4,5.0,6.0,9.0,9.0,,,,,,,,,,,,,,,,,,,,,7.25,443.0,0.5,-0.5,-4.0,-4.0,,,,,,,,,,,,,,,,,,,,,-2.0,852.0,2.03101,-8.0,878.0
10.0,Nadine & Yani,TARAS4,10.0,10.0,,,,,,,,,,,,,,,,,,,,,,,10.0,444.0,-4.5,-4.5,,,,,,,,,,,,,,,,,,,,,,,-4.5,1017.0,0.0,-9.0,930.0
1.0,Parul & Maggie,TARAS5,7.0,6.0,5.0,3.0,4.0,3.0,4,3.0,2.0,1,,,,,,,,,,,,,,,3.8,445.0,-1,-1.0,-0.5,1.5,0.0,0.5,-1,0.0,0.5,1,,,,,,,,,,,,,,,0.0,450.0,0.83666,0.0,451.0
2.0,Yvonne & Chloe,TARAS5,9.0,1.0,3.0,5.0,2.0,2.0,2,4.0,3.0,2,,,,,,,,,,,,,,,3.3,446.0,-3,4.0,1.5,-0.5,2.0,1.5,1,-1.0,-0.5,0,,,,,,,,,,,,,,,0.5,306.0,1.8303,5.0,298.0
3.0,Eric & Rona,TARAS5,4.0,4.0,6.0,4.0,3.0,4.0,5,2.0,1.0,3,,,,,,,,,,,,,,,3.6,447.0,2,1.0,-1.5,0.5,1.0,-0.5,-2,1.0,1.5,-1,,,,,,,,,,,,,,,0.2,405.0,1.28841,2.0,379.0
4.0,Treasuri & Louisa,TARAS5,2.0,3.0,1.0,1.0,1.0,5.0,3,1.0,4.0,,,,,,,,,,,,,,,,2.33333,448.0,4,2.0,3.5,3.5,3.0,-1.5,0,2.0,-1.5,,,,,,,,,,,,,,,,1.667,62.0,2.02759,15.0,96.0
5.0,JK & Mike,TARAS5,3.0,8.0,7.0,7.0,5.0,1.0,1,5.0,,,,,,,,,,,,,,,,,4.625,449.0,3,-3.0,-2.5,-2.5,-1.0,2.5,2,-2.0,,,,,,,,,,,,,,,,,-0.438,575.0,2.35103,-3.5,585.0
6.0,Anita & Tom,TARAS5,8.0,2.0,4.0,2.0,6.0,6.0,,,,,,,,,,,,,,,,,,,4.66667,450.0,-2,3.0,0.5,2.5,-2.0,-2.5,,,,,,,,,,,,,,,,,,,-0.083,485.0,2.22517,-0.5,476.0
7.0,Will & Alex,TARAS5,5.0,7.0,2.0,6.0,7.0,,,,,,,,,,,,,,,,,,,,5.4,451.0,1,-2.0,2.5,-1.5,-3.0,,,,,,,,,,,,,,,,,,,,-0.6,619.0,2.0347,-3.0,558.0
8.0,Rach & Vicky,TARAS5,6.0,5.0,8.0,8.0,,,,,,,,,,,,,,,,,,,,,6.75,452.0,0,0.0,-3.5,-3.5,,,,,,,,,,,,,,,,,,,,,-1.75,821.0,1.75,-7.0,829.0
9.0,Alphaeus & Brandon,TARAS5,1.0,9.0,,,,,,,,,,,,,,,,,,,,,,,5.0,453.0,5,-4.0,,,,,,,,,,,,,,,,,,,,,,,0.5,306.0,4.5,1.0,415.0
10.0,Rei & Keiji,TARAS5,10.0,,,,,,,,,,,,,,,,,,,,,,,,10.0,454.0,-4,,,,,,,,,,,,,,,,,,,,,,,,-4.0,994.0,0.0,-4.0,612.0
11.0,Lisa & Nicole,TARAS5,11.0,,,,,,,,,,,,,,,,,,,,,,,,11.0,455.0,-5,,,,,,,,,,,,,,,,,,,,,,,,-5.0,1042.0,0.0,-5.0,671.0
1.0,Tim & Tim,TARCAN1,6.0,6.0,7.0,5.0,2.0,5.0,2,2.0,3.0,1,,,,,,,,,,,,,,,3.9,456.0,-1,-1.5,-3.0,-1.0,1.5,-2.0,1,0.5,-0.5,1,,,,,,,,,,,,,,,-0.5,581.0,1.39642,-5.0,671.0
2.0,Jody & Cory,TARCAN1,7.0,3.0,5.0,6.0,4.0,2.0,1,1.0,1.0,2,,,,,,,,,,,,,,,3.2,457.0,-2,1.5,-1.0,-2.0,-0.5,1.0,2,1.5,1.5,0,,,,,,,,,,,,,,,0.2,405.0,1.43527,2.0,379.0
3.0,Vanessa & Celina,TARCAN1,5.0,5.0,4.0,4.0,3.0,4.0,4,4.0,2.0,3,,,,,,,,,,,,,,,3.8,458.0,0,-0.5,0.0,0.0,0.5,-1.0,-1,-1.5,0.5,-1,,,,,,,,,,,,,,,-0.4,559.0,0.66332,-4.0,612.0
4.0,Jet & Dave,TARCAN1,4.0,7.0,3.0,1.0,1.0,1.0,3,3.0,4.0,,,,,,,,,,,,,,,,3.0,459.0,1,-2.5,1.0,3.0,2.5,2.0,0,-0.5,-1.5,,,,,,,,,,,,,,,,0.556,300.0,1.73916,5.0,298.0
5.0,Holly & Brett,TARCAN1,2.0,1.0,6.0,2.0,5.0,2.0,5,,,,,,,,,,,,,,,,,,3.28571,460.0,3,3.5,-2.0,2.0,-1.5,1.0,-2,,,,,,,,,,,,,,,,,,0.571,298.0,2.21083,4.0,327.0
6.0,Hal & Joanne,TARCAN1,3.0,2.0,1.0,3.0,6.0,,,,,,,,,,,,,,,,,,,,3.0,461.0,2,2.5,3.0,1.0,-2.5,,,,,,,,,,,,,,,,,,,,1.2,136.0,1.96469,6.0,271.0
7.0,Kristen & Darren,TARCAN1,1.0,4.0,2.0,7.0,,,,,,,,,,,,,,,,,,,,,3.5,462.0,4,0.5,2.0,-3.0,,,,,,,,,,,,,,,,,,,,,0.875,221.0,2.55869,3.5,338.0
8.0,Jamie & Pierre,TARCAN1,8.0,8.0,,,,,,,,,,,,,,,,,,,,,,,8.0,463.0,-3,-3.5,,,,,,,,,,,,,,,,,,,,,,,-3.25,946.0,0.25,-6.5,797.0
9.0,Treena & Tennille,TARCAN1,9.0,,,,,,,,,,,,,,,,,,,,,,,,9.0,464.0,-4,,,,,,,,,,,,,,,,,,,,,,,,-4.0,994.0,0.0,-4.0,612.0
1.0,Mickey & Pete,TARCAN2,7.0,3.0,5.0,6.0,6.0,3.0,3,3.0,2.0,3,2,1.0,,,,,,,,,,,,,3.66667,465.0,-1,2.5,0.0,-1.5,-1.5,1.0,0.5,0.5,1.0,0,0.5,1.0,,,,,,,,,,,,,0.25,385.0,1.10868,3.0,351.0
2.0,Natalie & Meaghan,TARCAN2,1.0,1.0,1.0,1.0,3.0,5.0,1,1.0,3.0,2,1,2.0,,,,,,,,,,,,,1.83333,466.0,5,4.5,4.0,3.5,1.5,-1.0,2.5,2.5,0.0,1,1.5,0.0,,,,,,,,,,,,,2.083,19.0,1.83523,25.0,12.0
3.0,Ryan & Rob,TARCAN2,9.0,7.0,4.0,2.0,2.0,6.0,6,5.0,5.0,4,3,3.0,,,,,,,,,,,,,4.66667,467.0,-3,-1.5,1.0,2.5,2.5,-2.0,-2.5,-1.5,-2.0,-1,-0.5,-1.0,,,,,,,,,,,,,-0.75,650.0,1.75,-9.0,930.0
4.0,Sukhi & Jinder,TARCAN2,6.0,6.0,8.0,8.0,4.0,4.0,4,2.0,1.0,1,4,,,,,,,,,,,,,,4.36364,468.0,0,-0.5,-3.0,-3.5,0.5,0.0,-0.5,1.5,2.0,2,-1.5,,,,,,,,,,,,,,-0.273,532.0,1.74985,-3.0,558.0
5.0,Alain & Audrey,TARCAN2,2.0,2.0,6.0,7.0,1.0,2.0,5,4.0,4.0,5,,,,,,,,,,,,,,,3.8,469.0,4,3.5,-1.0,-2.5,3.5,2.0,-1.5,-0.5,-1.0,-2,,,,,,,,,,,,,,,0.45,334.0,2.39217,4.5,312.0
6.0,Pierre & Michel,TARCAN2,8.0,5.0,3.0,5.0,5.0,1.0,2,6.0,,,,,,,,,,,,,,,,,4.375,470.0,-2,0.5,2.0,-0.5,-0.5,3.0,1.5,-2.5,,,,,,,,,,,,,,,,,0.188,413.0,1.80169,1.5,399.0
7.0,Rex & Bob,TARCAN2,3.0,9.0,7.0,3.0,7.0,7.0,,,,,,,,,,,,,,,,,,,6.0,471.0,3,-3.5,-2.0,1.5,-2.5,-3.0,,,,,,,,,,,,,,,,,,,-1.083,720.0,2.43955,-6.5,797.0
8.0,Cormac & Nicole,TARCAN2,4.0,4.0,2.0,4.0,8.0,,,,,,,,,,,,,,,,,,,,4.4,472.0,2,1.5,3.0,0.5,-3.5,,,,,,,,,,,,,,,,,,,,0.7,265.0,2.24944,3.5,338.0
9.0,Laura & Jackie,TARCAN2,5.0,8.0,9.0,,,,,,,,,,,,,,,,,,,,,,7.33333,473.0,1,-2.5,-4.0,,,,,,,,,,,,,,,,,,,,,,-1.833,831.0,2.09497,-5.5,733.0
10.0,Jen & Shawn,TARCAN2,10.0,10.0,,,,,,,,,,,,,,,,,,,,,,,10.0,474.0,-4,-4.5,,,,,,,,,,,,,,,,,,,,,,,-4.25,1003.0,0.25,-8.5,896.0
11.0,Shahla & Nabeela,TARCAN2,11.0,,,,,,,,,,,,,,,,,,,,,,,,11.0,475.0,-5,,,,,,,,,,,,,,,,,,,,,,,,-5.0,1042.0,0.0,-5.0,671.0
1.0,Gino & Jesse,TARCAN3,1.0,10.0,2.0,7.0,1.0,1.0,2,5.0,2.0,1,3,1.0,,,,,,,,,,,,,3.0,476.0,5.5,-4.0,3.5,-2.0,3.5,3.5,2,-1.5,1.0,2,-0.5,1.0,,,,,,,,,,,,,1.167,146.0,2.63259,14.0,113.0
2.0,Nick & Matt,TARCAN3,6.0,3.0,3.0,3.0,3.0,2.0,5,2.0,1.0,3,2,2.0,,,,,,,,,,,,,2.91667,477.0,0.5,3.0,2.5,2.0,1.5,2.5,-1,1.5,2.0,0,0.5,0.0,,,,,,,,,,,,,1.25,127.0,1.18145,15.0,96.0
3.0,Brent & Sean,TARCAN3,3.0,8.0,6.0,4.0,5.0,4.0,1,3.0,5.0,2,1,3.0,,,,,,,,,,,,,3.75,478.0,3.5,-2.0,-0.5,1.0,-0.5,0.5,3,0.5,-2.0,1,1.5,-1.0,,,,,,,,,,,,,0.417,342.0,1.66875,5.0,298.0
4.0,Simi & Ope,TARCAN3,5.0,9.0,5.0,5.0,8.0,5.0,6,4.0,3.0,4,4,,,,,,,,,,,,,,5.27273,479.0,1.5,-3.0,0.5,0.0,-3.5,-0.5,-2,-0.5,0.0,-1,-1.5,,,,,,,,,,,,,,-0.909,688.0,1.4273,-10.0,962.0
5.0,Dujean & Leilani,TARCAN3,8.0,5.0,4.0,1.0,4.0,7.0,3,1.0,4.0,5,,,,,,,,,,,,,,,4.2,480.0,-1.5,1.0,1.5,4.0,0.5,-2.5,1,2.5,-1.0,-2,,,,,,,,,,,,,,,0.35,360.0,1.97547,3.5,338.0
6.0,Brian & Cynthia,TARCAN3,9.0,2.0,9.0,2.0,2.0,3.0,4,6.0,,,,,,,,,,,,,,,,,4.625,481.0,-2.5,4.0,-3.5,3.0,2.5,1.5,0,-2.5,,,,,,,,,,,,,,,,,0.313,375.0,2.68022,2.5,365.0
7.0,Neil & Kristin,TARCAN3,10.0,6.0,1.0,6.0,7.0,6.0,7,,,,,,,,,,,,,,,,,,6.14286,482.0,-3.5,0.0,4.5,-1.0,-2.5,-1.5,-3,,,,,,,,,,,,,,,,,,-1.0,698.0,2.50713,-7.0,829.0
8.0,Nic & Sabrina,TARCAN3,2.0,4.0,8.0,8.0,6.0,8.0,,,,,,,,,,,,,,,,,,,6.0,483.0,4.5,2.0,-2.5,-3.0,-1.5,-3.5,,,,,,,,,,,,,,,,,,,-0.667,635.0,2.92499,-4.0,612.0
9.0,Hamilton & Michaelia,TARCAN3,4.0,1.0,7.0,9.0,,,,,,,,,,,,,,,,,,,,,5.25,484.0,2.5,5.0,-1.5,-4.0,,,,,,,,,,,,,,,,,,,,,0.5,306.0,3.4821,2.0,379.0
10.0,Dana & Amanda,TARCAN3,7.0,7.0,10.0,,,,,,,,,,,,,,,,,,,,,,8.0,485.0,-0.5,-1.0,-4.5,,,,,,,,,,,,,,,,,,,,,,-2.0,852.0,1.77951,-6.0,773.0
11.0,Susan & Sharnjit,TARCAN3,11.0,11.0,,,,,,,,,,,,,,,,,,,,,,,11.0,486.0,-4.5,-5.0,,,,,,,,,,,,,,,,,,,,,,,-4.75,1039.0,0.25,-9.5,953.0
12.0,Max & Elias,TARCAN3,12.0,,,,,,,,,,,,,,,,,,,,,,,,12.0,487.0,-5.5,,,,,,,,,,,,,,,,,,,,,,,,-5.5,1087.0,0.0,-5.5,733.0
1.0,Steph & Kristen,TARCAN4,2.0,6.0,2.0,2.0,1.0,1.0,1,3.0,2.0,1,1,,,,,,,,,,,,,,2.0,488.0,3.5,-1.0,3.0,2.5,3.0,2.5,2.5,0.0,1.0,1.5,1,,,,,,,,,,,,,,1.773,47.0,1.33763,19.5,43.0
2.0,Jillian & Emmett,TARCAN4,1.0,1.0,4.0,7.0,2.0,2.0,4,1.0,1.0,3,2,,,,,,,,,,,,,,2.54545,489.0,4.5,4.0,1.0,-2.5,2.0,1.5,-0.5,2.0,2.0,-0.5,0,,,,,,,,,,,,,,1.227,130.0,1.9466,13.5,121.0
3.0,Joel & Ashley,TARCAN4,4.0,4.0,1.0,5.0,4.0,6.0,3,2.0,4.0,2,3,,,,,,,,,,,,,,3.45455,490.0,1.5,1.0,4.0,-0.5,0.0,-2.5,0.5,1.0,-1.0,0.5,-1,,,,,,,,,,,,,,0.318,372.0,1.59933,3.5,338.0
4.0,Frankie & Amy,TARCAN4,6.0,3.0,5.0,4.0,3.0,5.0,5,4.0,3.0,4,,,,,,,,,,,,,,,4.2,491.0,-0.5,2.0,0.0,0.5,1.0,-1.5,-1.5,-1.0,0.0,-1.5,,,,,,,,,,,,,,,-0.25,518.0,1.12361,-2.5,540.0
5.0,Rita & Yvette,TARCAN4,7.0,8.0,6.0,3.0,5.0,4.0,2,5.0,5.0,,,,,,,,,,,,,,,,5.0,492.0,-1.5,-3.0,-1.0,1.5,-1.0,-0.5,1.5,-2.0,-2.0,,,,,,,,,,,,,,,,-0.889,686.0,1.44871,-8.0,878.0
6.0,Julie & Lowell,TARCAN4,5.0,7.0,7.0,6.0,6.0,3.0,6,,,,,,,,,,,,,,,,,,5.71429,493.0,0.5,-2.0,-2.0,-1.5,-2.0,0.5,-2.5,,,,,,,,,,,,,,,,,,-1.286,758.0,1.16058,-9.0,930.0
7.0,Kelly & Kate,TARCAN4,9.0,9.0,3.0,1.0,7.0,,,,,,,,,,,,,,,,,,,,5.8,494.0,-3.5,-4.0,2.0,3.5,-3.0,,,,,,,,,,,,,,,,,,,,-1.0,698.0,3.11448,-5.0,671.0
8.0,Anne & Tanya,TARCAN4,8.0,5.0,8.0,8.0,,,,,,,,,,,,,,,,,,,,,7.25,495.0,-2.5,0.0,-3.0,-3.5,,,,,,,,,,,,,,,,,,,,,-2.25,875.0,1.34629,-9.0,930.0
9.0,Stéphane & Antoine,TARCAN4,3.0,2.0,9.0,,,,,,,,,,,,,,,,,,,,,,4.66667,496.0,2.5,3.0,-4.0,,,,,,,,,,,,,,,,,,,,,,0.5,306.0,3.18852,1.5,399.0
10.0,Anthony & Brandon,TARCAN4,10.0,,,,,,,,,,,,,,,,,,,,,,,,10.0,497.0,-4.5,,,,,,,,,,,,,,,,,,,,,,,,-4.5,1017.0,0.0,-4.5,633.0
1.0,Sam & Paul,TARCAN5,4.0,3.0,4.0,1.0,3.0,2.0,1,1.0,1.0,1,1,,,,,,,,,,,,,,2.0,498.0,1.5,2.0,0.5,3.0,1.0,1.5,2.5,2.0,2.0,1.5,1,,,,,,,,,,,,,,1.682,60.0,0.68333,18.5,56.0
2.0,Kenneth & Ryan,TARCAN5,1.0,5.0,6.0,4.0,4.0,5.0,2,2.0,2.0,3,2,,,,,,,,,,,,,,3.27273,499.0,4.5,0.0,-1.5,0.0,0.0,-1.5,1.5,1.0,1.0,-0.5,0,,,,,,,,,,,,,,0.409,344.0,1.57852,4.5,312.0
3.0,Korey & Ivana,TARCAN5,2.0,8.0,2.0,6.0,6.0,3.0,5,4.0,4.0,2,3,,,,,,,,,,,,,,4.09091,500.0,3.5,-3.0,2.5,-2.0,-2.0,0.5,-1.5,-1.0,-1.0,0.5,-1,,,,,,,,,,,,,,-0.409,565.0,1.89279,-4.5,633.0
4.0,Karen & Bert,TARCAN5,6.0,4.0,5.0,5.0,5.0,4.0,4,5.0,3.0,4,,,,,,,,,,,,,,,4.5,501.0,-0.5,1.0,-0.5,-1.0,-1.0,-0.5,-0.5,-2.0,0.0,-1.5,,,,,,,,,,,,,,,-0.65,632.0,0.77621,-6.5,797.0
5.0,Adam & Andrea,TARCAN5,3.0,7.0,3.0,3.0,1.0,1.0,3,3.0,5.0,,,,,,,,,,,,,,,,3.22222,502.0,2.5,-2.0,1.5,1.0,3.0,2.5,0.5,0.0,-2.0,,,,,,,,,,,,,,,,0.778,249.0,1.74978,7.0,252.0
6.0,Andrea & Ebonie,TARCAN5,7.0,2.0,7.0,7.0,2.0,6.0,6,,,,,,,,,,,,,,,,,,5.28571,503.0,-1.5,3.0,-2.5,-3.0,2.0,-2.5,-2.5,,,,,,,,,,,,,,,,,,-1.0,698.0,2.26779,-7.0,829.0
7.0,Zed & Shabbir,TARCAN5,5.0,6.0,1.0,2.0,7.0,,,,,,,,,,,,,,,,,,,,4.2,504.0,0.5,-1.0,3.5,2.0,-3.0,,,,,,,,,,,,,,,,,,,,0.4,352.0,2.26716,2.0,379.0
8.0,Megan & Courtney,TARCAN5,9.0,1.0,8.0,,,,,,,,,,,,,,,,,,,,,,6.0,505.0,-3.5,4.0,-3.5,,,,,,,,,,,,,,,,,,,,,,-1.0,698.0,3.53553,-3.0,558.0
9.0,Dan & Riya,TARCAN5,8.0,9.0,,,,,,,,,,,,,,,,,,,,,,,8.5,506.0,-2.5,-4.0,,,,,,,,,,,,,,,,,,,,,,,-3.25,946.0,0.75,-6.5,797.0
10.0,Aaron & Deb,TARCAN5,10.0,,,,,,,,,,,,,,,,,,,,,,,,10.0,507.0,-4.5,,,,,,,,,,,,,,,,,,,,,,,,-4.5,1017.0,0.0,-4.5,633.0
1.0,Courtney & Adam,TARCAN6,8.0,7.0,6.0,7.0,2.0,6.0,5,2.0,4.0,3,1,,,,,,,,,,,,,,4.63636,508.0,-2.5,-2.0,-1.0,-2.5,2.0,-2.0,-1.5,1.5,-1.0,-0.5,1,,,,,,,,,,,,,,-0.773,660.0,1.52798,-8.5,896.0
2.0,Taylor & Courtney,TARCAN6,5.0,3.0,1.0,5.0,1.0,1.0,1,3.0,3.0,1,2,,,,,,,,,,,,,,2.36364,509.0,0.5,2.0,4.0,-0.5,3.0,3.0,2.5,0.5,0.0,1.5,0,,,,,,,,,,,,,,1.5,85.0,1.43019,16.5,77.0
3.0,Dylan & Kwame,TARCAN6,4.0,5.0,5.0,3.0,4.0,5.0,4,5.0,1.0,2,3,,,,,,,,,,,,,,3.72727,510.0,1.5,0.0,0.0,1.5,0.0,-1.0,-0.5,-1.5,2.0,0.5,-1,,,,,,,,,,,,,,0.136,425.0,1.08901,1.5,399.0
4.0,Martina & Phil,TARCAN6,7.0,6.0,4.0,6.0,3.0,3.0,2,4.0,2.0,4,,,,,,,,,,,,,,,4.1,511.0,-1.5,-1.0,1.0,-1.5,1.0,1.0,1.5,-0.5,1.0,-1.5,,,,,,,,,,,,,,,-0.05,480.0,1.19269,-0.5,476.0
5.0,Nancy & Mellisa,TARCAN6,2.0,2.0,8.0,2.0,5.0,2.0,6,1.0,5.0,,,,,,,,,,,,,,,,3.66667,512.0,3.5,3.0,-3.0,2.5,-1.0,2.0,-2.5,2.5,-2.0,,,,,,,,,,,,,,,,0.556,300.0,2.47706,5.0,298.0
6.0,Leanne & Mar,TARCAN6,1.0,4.0,3.0,1.0,6.0,4.0,3,6.0,,,,,,,,,,,,,,,,,3.5,513.0,4.5,1.0,2.0,3.5,-2.0,0.0,0.5,-2.5,,,,,,,,,,,,,,,,,0.875,221.0,2.28788,7.0,252.0
7.0,Zainab & Monica,TARCAN6,6.0,9.0,7.0,4.0,7.0,7.0,,,,,,,,,,,,,,,,,,,6.66667,514.0,-0.5,-4.0,-2.0,0.5,-3.0,-3.0,,,,,,,,,,,,,,,,,,,-2.0,852.0,1.55456,-12.0,1021.0
8.0,Todd & Anna,TARCAN6,3.0,1.0,2.0,8.0,,,,,,,,,,,,,,,,,,,,,3.5,515.0,2.5,4.0,3.0,-3.5,,,,,,,,,,,,,,,,,,,,,1.5,85.0,2.93684,6.0,271.0
9.0,Joseph & Akash,TARCAN6,9.0,8.0,9.0,,,,,,,,,,,,,,,,,,,,,,8.66667,516.0,-3.5,-3.0,-4.0,,,,,,,,,,,,,,,,,,,,,,-3.5,964.0,0.40825,-10.5,978.0
10.0,Chewy & Happy,TARCAN6,10.0,,,,,,,,,,,,,,,,,,,,,,,,10.0,517.0,-4.5,,,,,,,,,,,,,,,,,,,,,,,,-4.5,1017.0,0.0,-4.5,633.0
1.0,Anthony & James,TARCAN7,6.0,6.0,3.0,6.0,2.0,1.0,2,5.0,3.0,1,1,,,,,,,,,,,,,,3.27273,518.0,-0.5,-1.0,1.5,-2.0,2.0,2.5,1.5,-2.0,0.0,1.5,1,,,,,,,,,,,,,,0.409,344.0,1.51984,4.5,312.0
2.0,Sarah & Sam,TARCAN7,2.0,4.0,5.0,4.0,1.0,2.0,4,4.0,2.0,2,2,,,,,,,,,,,,,,2.90909,519.0,3.5,1.0,-0.5,0.0,3.0,1.5,-0.5,-1.0,1.0,0.5,0,,,,,,,,,,,,,,0.773,250.0,1.37119,8.5,220.0
3.0,Lauren & Joanne,TARCAN7,4.0,8.0,4.0,5.0,6.0,4.0,5,2.0,4.0,3,3,,,,,,,,,,,,,,4.36364,520.0,1.5,-3.0,0.5,-1.0,-2.0,-0.5,-1.5,1.0,-1.0,-0.5,-1,,,,,,,,,,,,,,-0.682,638.0,1.24814,-7.5,848.0
4.0,Dave & Irina,TARCAN7,1.0,2.0,1.0,3.0,5.0,3.0,1,3.0,1.0,4,,,,,,,,,,,,,,,2.4,521.0,4.5,3.0,3.5,1.0,-1.0,0.5,2.5,0.0,2.0,-1.5,,,,,,,,,,,,,,,1.45,99.0,1.87683,14.5,104.0
5.0,Aarthy & Thinesh,TARCAN7,7.0,1.0,2.0,1.0,2.0,5.0,3,1.0,5.0,,,,,,,,,,,,,,,,3.0,522.0,-1.5,4.0,2.5,3.0,2.0,-1.5,0.5,2.0,-2.0,,,,,,,,,,,,,,,,1.0,187.0,2.08167,9.0,213.0
6.0,Trish & Amy,TARCAN7,5.0,7.0,7.0,7.0,4.0,6.0,6,,,,,,,,,,,,,,,,,,6.0,523.0,0.5,-2.0,-2.5,-3.0,0.0,-2.5,-2.5,,,,,,,,,,,,,,,,,,-1.714,818.0,1.27775,-12.0,1021.0
7.0,Meaghan & Marie,TARCAN7,3.0,5.0,6.0,2.0,7.0,,,,,,,,,,,,,,,,,,,,4.6,524.0,2.5,0.0,-1.5,2.0,-3.0,,,,,,,,,,,,,,,,,,,,0.0,450.0,2.07364,0.0,451.0
8.0,Gilles & Sean,TARCAN7,9.0,3.0,8.0,,,,,,,,,,,,,,,,,,,,,,6.66667,525.0,-3.5,2.0,-3.5,,,,,,,,,,,,,,,,,,,,,,-1.667,808.0,2.59272,-5.0,671.0
9.0,Nicki & Aisha,TARCAN7,8.0,9.0,,,,,,,,,,,,,,,,,,,,,,,8.5,526.0,-2.5,-4.0,,,,,,,,,,,,,,,,,,,,,,,-3.25,946.0,0.75,-6.5,797.0
10.0,Jet & Dave,TARCAN7,10.0,,,,,,,,,,,,,,,,,,,,,,,,10.0,527.0,-4.5,,,,,,,,,,,,,,,,,,,,,,,,-4.5,1017.0,0.0,-4.5,633.0
1.0,Catherine & Craig,TARCAN8,5.0,5.0,1.0,,,7.0,3,4.0,1.0,2,1,,,,,,,,,,,,,,3.22222,528.0,0.5,0.0,4.0,,,-2.0,1.5,-0.5,2.5,1,1.5,,,,,,,,,,,,,,0.944,205.0,1.64054,8.5,220.0
2.0,Jesse & Marika,TARCAN8,8.0,2.0,4.0,2.0,1.0,6.0,1,1.0,4.0,3,2,,,,,,,,,,,,,,3.09091,529.0,-2.5,3.0,1.0,2.0,3.0,-1.0,3.5,2.5,-0.5,0,0.5,,,,,,,,,,,,,,1.045,178.0,1.83965,11.5,147.0
3.0,Franca & Nella,TARCAN8,4.0,1.0,7.0,3.0,2.0,1.0,2,3.0,2.0,4,3,,,,,,,,,,,,,,2.90909,530.0,1.5,4.0,-2.0,1.0,2.0,4.0,2.5,0.5,1.5,-1,-0.5,,,,,,,,,,,,,,1.227,130.0,1.82612,13.5,121.0
4.0,Brendan & Connor,TARCAN8,1.0,4.0,2.0,1.0,3.0,2.0,4,6.0,5.0,1,4,,,,,,,,,,,,,,3.0,531.0,4.5,1.0,3.0,3.0,1.0,3.0,0.5,-2.5,-1.5,2,-1.5,,,,,,,,,,,,,,1.136,152.0,2.13298,12.5,136.0
5.0,Beverley & Veronica,TARCAN8,2.0,3.0,3.0,6.0,4.0,4.0,5,2.0,3.0,5,,,,,,,,,,,,,,,3.7,532.0,3.5,2.0,2.0,-2.0,0.0,1.0,-0.5,1.5,0.5,-2,,,,,,,,,,,,,,,0.6,290.0,1.68523,6.0,271.0
6.0,Court & Ali,TARCAN8,6.0,9.0,5.0,,,8.0,6,5.0,6.0,,,,,,,,,,,,,,,,6.42857,533.0,-0.5,-4.0,0.0,,,-3.0,-1.5,-1.5,-2.5,,,,,,,,,,,,,,,,-1.857,837.0,1.30149,-13.0,1039.0
7.0,Cedric & Tychon,TARCAN8,9.0,6.0,6.0,4.0,6.0,3.0,7,,,,,,,,,,,,,,,,,,5.85714,534.0,-3.5,-1.0,-1.0,0.0,-2.0,2.0,-2.5,,,,,,,,,,,,,,,,,,-1.143,728.0,1.66292,-8.0,878.0
8.0,Cassie & Jahmeek,TARCAN8,3.0,8.0,9.0,7.0,5.0,5.0,8,,,,,,,,,,,,,,,,,,6.42857,535.0,2.5,-3.0,-4.0,-3.0,-1.0,0.0,-3.5,,,,,,,,,,,,,,,,,,-1.714,818.0,2.16889,-12.0,1021.0
9.0,Dennis & Durrell,TARCAN8,7.0,7.0,8.0,,,9.0,,,,,,,,,,,,,,,,,,,7.75,536.0,-1.5,-2.0,-3.0,,,-4.0,,,,,,,,,,,,,,,,,,,-2.625,908.0,0.96014,-10.5,978.0
10.0,Jully & Kathy,TARCAN8,10.0,,,5.0,7.0,,,,,,,,,,,,,,,,,,,,7.33333,537.0,-4.5,,,-1.0,-3.0,,,,,,,,,,,,,,,,,,,,-2.833,918.0,1.43372,-8.5,896.0
1.0,Ty & Kat,TARCAN9,1.0,1.0,2.0,4.0,2.0,1.0,1,2.0,3.0,1,,,,,,,,,,,,,,,1.8,538.0,4.5,4.0,2.5,0.5,2.0,2.5,2.5,1.0,-0.5,1,,,,,,,,,,,,,,,2.0,26.0,1.46629,20.0,40.0
2.0,Tyler & Kayleen,TARCAN9,5.0,2.0,4.0,3.0,1.0,3.0,2,1.0,1.0,2,,,,,,,,,,,,,,,2.4,539.0,0.5,3.0,0.5,1.5,3.0,0.5,1.5,2.0,1.5,0,,,,,,,,,,,,,,,1.4,104.0,0.99499,14.0,113.0
3.0,Ben & Anwar,TARCAN9,8.0,5.0,7.0,6.0,5.0,2.0,3,3.0,2.0,3,,,,,,,,,,,,,,,4.4,540.0,-2.5,0.0,-2.5,-1.5,-1.0,1.5,0.5,0.0,0.5,-1,,,,,,,,,,,,,,,-0.6,619.0,1.26095,-6.0,773.0
4.0,Deven & Amanda,TARCAN9,6.0,8.0,6.0,7.0,4.0,4.0,4,4.0,4.0,,,,,,,,,,,,,,,,5.22222,541.0,-0.5,-3.0,-1.5,-2.5,0.0,-0.5,-0.5,-1.0,-1.5,,,,,,,,,,,,,,,,-1.222,745.0,0.94608,-11.0,997.0
5.0,Jermaine & Justin,TARCAN9,4.0,6.0,8.0,5.0,6.0,6.0,4,5.0,,,,,,,,,,,,,,,,,5.5,542.0,1.5,-1.0,-3.5,-0.5,-2.0,-2.5,-0.5,-2.0,,,,,,,,,,,,,,,,,-1.313,761.0,1.43478,-10.5,978.0
6.0,Derek & Jaspal,TARCAN9,3.0,3.0,3.0,1.0,3.0,5.0,6,,,,,,,,,,,,,,,,,,3.42857,543.0,2.5,2.0,1.5,3.5,1.0,-1.5,-2.5,,,,,,,,,,,,,,,,,,0.929,208.0,2.00764,6.5,260.0
7.0,Gracie & Lily,TARCAN9,2.0,4.0,1.0,2.0,7.0,,,,,,,,,,,,,,,,,,,,3.2,544.0,3.5,1.0,3.5,2.5,-3.0,,,,,,,,,,,,,,,,,,,,1.5,85.0,2.42899,7.5,241.0
8.0,Shayla & Joel,TARCAN9,7.0,7.0,5.0,8.0,,,,,,,,,,,,,,,,,,,,,6.75,545.0,-1.5,-2.0,-0.5,-3.5,,,,,,,,,,,,,,,,,,,,,-1.875,839.0,1.08253,-7.5,848.0
9.0,Allie & Eddie,TARCAN9,9.0,9.0,,,,,,,,,,,,,,,,,,,,,,,9.0,546.0,-3.5,-4.0,,,,,,,,,,,,,,,,,,,,,,,-3.75,976.0,0.25,-7.5,848.0
10.0,Gail & Gisele,TARCAN9,10.0,,,,,,,,,,,,,,,,,,,,,,,,10.0,547.0,-4.5,,,,,,,,,,,,,,,,,,,,,,,,-4.5,1017.0,0.0,-4.5,633.0
1.0,Taylor & Katie,TARCAN10,8.0,3.0,3.0,4.0,3.0,1.0,6,1.0,2.0,1,,,,,,,,,,,,,,,3.2,,-2,2.5,2.0,1.0,1.5,3.0,-2.5,2.5,1.0,1.5,,,,,,,,,,,,,,,1.05,172.0,1.76706,10.5,175.0
2.0,Colin & Matt,TARCAN10,5.0,4.0,1.0,7.0,7.0,6.0,4,4.0,3.0,2,,,,,,,,,,,,,,,4.3,,1,1.5,4.0,-2.0,-2.5,-2.0,-0.5,-0.5,0.0,0.5,,,,,,,,,,,,,,,-0.05,480.0,1.85,-0.5,476.0
3.0,Michael & Tyson,TARCAN10,9.0,1.0,6.0,1.0,4.0,4.0,5,5.0,4.0,3,,,,,,,,,,,,,,,4.2,,-3,4.5,-1.0,4.0,0.5,0.0,-1.5,-1.5,-1.0,-0.5,,,,,,,,,,,,,,,0.05,446.0,2.28528,0.5,426.0
4.0,Lauren & Nicole,TARCAN10,2.0,2.0,2.0,2.0,2.0,3.0,1,3.0,1.0,4,,,,,,,,,,,,,,,2.2,,4,3.5,3.0,3.0,2.5,1.0,2.5,0.5,2.0,-1.5,,,,,,,,,,,,,,,2.05,22.0,1.55644,20.5,35.0
5.0,Kevin & Gurleen,TARCAN10,1.0,5.0,8.0,5.0,5.0,5.0,2,2.0,5.0,,,,,,,,,,,,,,,,4.22222,,5,0.5,-3.0,0.0,-0.5,-1.0,1.5,1.5,-2.0,,,,,,,,,,,,,,,,0.222,401.0,2.19989,2.0,379.0
6.0,Michael & Amari,TARCAN10,3.0,5.0,4.0,6.0,6.0,2.0,3,6.0,,,,,,,,,,,,,,,,,4.375,,3,0.5,1.0,-1.0,-1.5,2.0,0.5,-2.5,,,,,,,,,,,,,,,,,0.25,385.0,1.71391,2.0,379.0
7.0,Julia & Olivia,TARCAN10,4.0,8.0,7.0,8.0,1.0,7.0,,,,,,,,,,,,,,,,,,,5.83333,,2,-2.5,-2.0,-3.0,3.5,-3.0,,,,,,,,,,,,,,,,,,,-0.833,669.0,2.59272,-5.0,671.0
8.0,Brad & Sam,TARCAN10,6.0,7.0,5.0,3.0,8.0,,,,,,,,,,,,,,,,,,,,5.8,,0,-1.5,0.0,2.0,-3.5,,,,,,,,,,,,,,,,,,,,-0.6,619.0,1.82757,-3.0,558.0
9.0,Connor & John,TARCAN10,7.0,9.0,9.0,9.0,,,,,,,,,,,,,,,,,,,,,8.5,,-1,-3.5,-4.0,-4.0,,,,,,,,,,,,,,,,,,,,,-3.125,940.0,1.24373,-12.5,1031.0
10.0,Dorothy & Olus,TARCAN10,10.0,10.0,,,,,,,,,,,,,,,,,,,,,,,10.0,,-4,-4.5,,,,,,,,,,,,,,,,,,,,,,,-4.25,1003.0,0.25,-8.5,896.0
11.0,Eva & Trystenne,TARCAN10,11.0,,,,,,,,,,,,,,,,,,,,,,,,11.0,,-5,,,,,,,,,,,,,,,,,,,,,,,,-5.0,1042.0,0.0,-5.0,671.0
1.0,Jesse & Jonathon,TARCAN11,1.0,1.0,1.0,2.0,1.0,2.0,5,3.0,3.0,1,,,,,,,,,,,,,,,2.0,,5,4.5,4.0,2.5,3.5,2.0,-1.5,0.5,0.0,1.5,,,,,,,,,,,,,,,2.2,15.0,2.0025,22.0,28.0
2.0,Grace & Joe,TARCAN11,10.0,2.0,5.0,7.0,6.0,4.0,1,1.0,2.0,2,,,,,,,,,,,,,,,4.0,,-4,3.5,0.0,-2.5,-1.5,0.0,2.5,2.5,1.0,0.5,,,,,,,,,,,,,,,0.2,405.0,2.2383,2.0,379.0
3.0,EB & Blake,TARCAN11,2.0,4.0,6.0,1.0,5.0,1.0,2,5.0,4.0,3,,,,,,,,,,,,,,,3.3,,4,1.5,-1.0,3.5,-0.5,3.0,1.5,-1.5,-1.0,-0.5,,,,,,,,,,,,,,,0.9,215.0,1.95959,9.0,213.0
4.0,Nipîy & Magoo,TARCAN11,3.0,8.0,7.0,5.0,3.0,6.0,6,4.0,1.0,4,,,,,,,,,,,,,,,4.7,,3,-2.5,-2.0,-0.5,1.5,-2.0,-2.5,-0.5,2.0,-1.5,,,,,,,,,,,,,,,-0.5,581.0,1.89737,-5.0,671.0
5.0,Ika & Demetres,TARCAN11,7.0,3.0,2.0,3.0,4.0,5.0,4,2.0,5.0,,,,,,,,,,,,,,,,3.88889,,-1,2.5,3.0,1.5,0.5,-1.0,-0.5,1.5,-2.0,,,,,,,,,,,,,,,,0.5,306.0,1.63299,4.5,312.0
6.0,Lacey & Celia,TARCAN11,8.0,6.0,3.0,8.0,7.0,3.0,3,6.0,,,,,,,,,,,,,,,,,5.5,,-2,-0.5,2.0,-3.5,-2.5,1.0,0.5,-2.5,,,,,,,,,,,,,,,,,-0.938,693.0,1.84454,-7.5,848.0
7.0,Rebecca & Rebecca,TARCAN11,4.0,7.0,4.0,6.0,2.0,7.0,,,,,,,,,,,,,,,,,,,5.0,,2,-1.5,1.0,-1.5,2.5,-3.0,,,,,,,,,,,,,,,,,,,-0.083,485.0,2.0293,-0.5,476.0
8.0,Louis & Marie,TARCAN11,9.0,5.0,8.0,4.0,8.0,,,,,,,,,,,,,,,,,,,,6.8,,-3,0.5,-3.0,0.5,-3.5,,,,,,,,,,,,,,,,,,,,-1.7,813.0,1.80555,-8.5,896.0
9.0,Osas & Esosa,TARCAN11,6.0,9.0,9.0,,,,,,,,,,,,,,,,,,,,,,8.0,,0,-3.5,-4.0,,,,,,,,,,,,,,,,,,,,,,-2.5,897.0,1.77951,-7.5,848.0
10.0,Brendan & Sam,TARCAN11,5.0,10.0,,,,,,,,,,,,,,,,,,,,,,,7.5,,1,-4.5,,,,,,,,,,,,,,,,,,,,,,,-1.75,821.0,2.75,-3.5,585.0
11.0,Michele & Aditi,TARCAN11,11.0,,,,,,,,,,,,,,,,,,,,,,,,11.0,,-5,,,,,,,,,,,,,,,,,,,,,,,,-5.0,1042.0,0.0,-5.0,671.0
1.0,Tyler & Nathan,TARAU1,6.0,1.0,3.0,2.0,1.0,1.0,2,2.0,3.0,3,2,1.0,,,,,,,,,,,,,2.25,548.0,0,5.0,2.5,3.0,3.5,3.0,1.5,1.5,0.0,-0.5,0.5,1.0,,,,,,,,,,,,,1.75,48.0,1.60078,21.0,34.0
2.0,Sam & Renae,TARAU1,1.0,5.0,8.0,5.0,6.0,6.0,4,3.0,4.0,4,1,2.0,,,,,,,,,,,,,4.08333,549.0,5,1.0,-2.5,0.0,-1.5,-2.0,-0.5,0.5,-1.0,-1.5,1.5,0.0,,,,,,,,,,,,,-0.083,485.0,1.9239,-1.0,491.0
3.0,Jeff & Luke,TARAU1,4.0,4.0,6.0,4.0,3.0,3.0,3,1.0,2.0,2,3,3.0,,,,,,,,,,,,,3.16667,550.0,2,2.0,-0.5,1.0,1.5,1.0,0.5,2.5,1.0,0.5,-0.5,-1.0,,,,,,,,,,,,,0.833,230.0,1.04748,10.0,190.0
4.0,Matt & Tom,TARAU1,5.0,2.0,5.0,1.0,2.0,4.0,6,5.0,1.0,1,4,,,,,,,,,,,,,,3.27273,551.0,1,4.0,0.5,4.0,2.5,0.0,-2.5,-1.5,2.0,1.5,-1.5,,,,,,,,,,,,,,0.909,214.0,2.07603,10.0,190.0
5.0,Kelly & Dave,TARAU1,2.0,6.0,4.0,6.0,4.0,5.0,5,4.0,5.0,,,,,,,,,,,,,,,,4.55556,552.0,4,0.0,1.5,-1.0,0.5,-1.0,-1.5,-0.5,-2.0,,,,,,,,,,,,,,,,0.0,450.0,1.73205,0.0,451.0
6.0,Anastasia & Chris,TARAU1,7.0,3.0,7.0,3.0,7.0,2.0,1,6.0,,,,,,,,,,,,,,,,,4.5,553.0,-1,3.0,-1.5,2.0,-2.5,2.0,2.5,-2.5,,,,,,,,,,,,,,,,,0.25,385.0,2.19374,2.0,379.0
7.0,Alana & Mel,TARAU1,9.0,10.0,2.0,7.0,5.0,7.0,,,,,,,,,,,,,,,,,,,6.66667,554.0,-3,-4.0,3.5,-2.0,-0.5,-3.0,,,,,,,,,,,,,,,,,,,-1.5,784.0,2.48328,-9.0,930.0
8.0,Mo & Mos,TARAU1,11.0,7.0,9.0,8.0,8.0,,,,,,,,,,,,,,,,,,,,8.6,555.0,-5,-1.0,-3.5,-3.0,-3.5,,,,,,,,,,,,,,,,,,,,-3.2,944.0,1.28841,-16.0,1080.0
9.0,Richard & Joey,TARAU1,10.0,9.0,1.0,9.0,,,,,,,,,,,,,,,,,,,,,7.25,556.0,-4,-3.0,4.5,-4.0,,,,,,,,,,,,,,,,,,,,,-1.625,802.0,3.55976,-6.5,797.0
10.0,Anne-Marie & Tracy,TARAU1,8.0,8.0,10.0,,,,,,,,,,,,,,,,,,,,,,8.66667,557.0,-2,-2.0,-4.5,,,,,,,,,,,,,,,,,,,,,,-2.833,918.0,1.17851,-8.5,896.0
11.0,Ryot & Liberty,TARAU1,3.0,11.0,,,,,,,,,,,,,,,,,,,,,,,7.0,558.0,3,-5.0,,,,,,,,,,,,,,,,,,,,,,,-1.0,698.0,4.0,-2.0,526.0
1.0,Shane & Andrew,TARAU2,8.0,7.0,6.0,5.0,5.0,6.0,3,2.0,2.0,1,3,1.0,,,,,,,,,,,,,4.08333,559.0,-2,-1.0,-0.5,0.0,-0.5,-1.5,1,2.0,1.5,2,-0.5,1.0,,,,,,,,,,,,,0.125,426.0,1.29301,1.5,399.0
2.0,Paul & Steve,TARAU2,10.0,5.0,5.0,6.0,1.0,1.0,1,1.0,1.0,4,2,2.0,,,,,,,,,,,,,3.25,560.0,-4,1.0,0.5,-1.0,3.5,3.5,3,3.0,2.5,-1,0.5,0.0,,,,,,,,,,,,,0.958,194.0,2.18383,11.5,147.0
3.0,Michelle & Jo,TARAU2,7.0,2.0,3.0,4.0,2.0,2.0,2,3.0,3.0,3,1,3.0,,,,,,,,,,,,,2.91667,561.0,-1,4.0,2.5,1.0,2.5,2.5,2,1.0,0.5,0,1.5,-1.0,,,,,,,,,,,,,1.292,119.0,1.44998,15.5,89.0
4.0,Joseph & Grace,TARAU2,6.0,8.0,7.0,3.0,4.0,3.0,7,6.0,4.0,2,4,,,,,,,,,,,,,,4.90909,562.0,0,-2.0,-1.5,2.0,0.5,1.5,-3,-2.0,-0.5,1,-1.5,,,,,,,,,,,,,,-0.5,581.0,1.55212,-5.5,733.0
5.0,Lucy & Emilia,TARAU2,11.0,10.0,9.0,8.0,6.0,5.0,5,5.0,5.0,5,,,,,,,,,,,,,,,6.9,563.0,-5,-4.0,-3.5,-3.0,-1.5,-0.5,-1,-1.0,-1.5,-2,,,,,,,,,,,,,,,-2.3,888.0,1.41774,-23.0,1101.0
6.0,James & Sarah,TARAU2,3.0,9.0,8.0,1.0,7.0,7.0,4,4.0,6.0,,,,,,,,,,,,,,,,5.44444,564.0,3,-3.0,-2.5,4.0,-2.5,-2.5,0,0.0,-2.5,,,,,,,,,,,,,,,,-0.667,635.0,2.47207,-6.0,773.0
7.0,Sticky & Sam,TARAU2,5.0,1.0,1.0,2.0,3.0,4.0,6,7.0,,,,,,,,,,,,,,,,,3.625,565.0,1,5.0,4.5,3.0,1.5,0.5,-2,-3.0,,,,,,,,,,,,,,,,,1.313,116.0,2.66854,10.5,175.0
8.0,Ross & Tarryn,TARAU2,1.0,4.0,2.0,7.0,8.0,8.0,,,,,,,,,,,,,,,,,,,5.0,566.0,5,2.0,3.5,-2.0,-3.5,-3.5,,,,,,,,,,,,,,,,,,,0.25,385.0,3.40037,1.5,399.0
9.0,Kym & Donna,TARAU2,2.0,6.0,4.0,9.0,,,,,,,,,,,,,,,,,,,,,5.25,567.0,4,0.0,1.5,-4.0,,,,,,,,,,,,,,,,,,,,,0.375,355.0,2.90205,1.5,399.0
10.0,Sue & Teresa,TARAU2,4.0,3.0,10.0,,,,,,,,,,,,,,,,,,,,,,5.66667,568.0,2,3.0,-4.5,,,,,,,,,,,,,,,,,,,,,,0.167,415.0,3.32499,0.5,426.0
11.0,Adam & Dane,TARAU2,9.0,11.0,,,,,,,,,,,,,,,,,,,,,,,10.0,569.0,-3,-5.0,,,,,,,,,,,,,,,,,,,,,,,-4.0,994.0,1.0,-8.0,878.0
1.0,Daniel & Ryan,TARAU3,4.0,3.0,3.0,6.0,3.0,1.0,1,3.0,3.0,1,,,,,,,,,,,,,,,2.8,570.0,1.5,2.0,1.5,-2.0,0.5,2.5,2,0.0,-0.5,1,,,,,,,,,,,,,,,0.85,227.0,1.3048,8.5,220.0
2.0,Sally & Tyson,TARAU3,9.0,4.0,4.0,5.0,4.0,3.0,4,1.0,2.0,2,,,,,,,,,,,,,,,3.8,571.0,-3.5,1.0,0.5,-1.0,-0.5,0.5,-1,2.0,0.5,0,,,,,,,,,,,,,,,-0.15,499.0,1.4151,-1.5,514.0
3.0,Ashleigh & Jarrod,TARAU3,6.0,7.0,5.0,3.0,2.0,2.0,5,2.0,1.0,3,,,,,,,,,,,,,,,3.6,572.0,-0.5,-2.0,-0.5,1.0,1.5,1.5,-2,1.0,1.5,-1,,,,,,,,,,,,,,,0.05,446.0,1.35,0.5,426.0
4.0,Carla & Hereni,TARAU3,2.0,8.0,6.0,1.0,5.0,5.0,2,4.0,4.0,,,,,,,,,,,,,,,,4.11111,573.0,3.5,-3.0,-1.5,3.0,-1.5,-1.5,1,-1.0,-1.5,,,,,,,,,,,,,,,,-0.278,534.0,2.12277,-2.5,540.0
5.0,Cat & Jesse,TARAU3,8.0,5.0,7.0,4.0,6.0,4.0,3,5.0,,,,,,,,,,,,,,,,,5.25,574.0,-2.5,0.0,-2.5,0.0,-2.5,-0.5,0,-2.0,,,,,,,,,,,,,,,,,-1.25,747.0,1.14564,-10.0,962.0
6.0,John & Murray,TARAU3,1.0,2.0,1.0,2.0,1.0,6.0,,,,,,,,,,,,,,,,,,,2.16667,575.0,4.5,3.0,3.5,2.0,2.5,-2.5,,,,,,,,,,,,,,,,,,,2.167,17.0,2.22985,13.0,130.0
7.0,Emily & Jono,TARAU3,3.0,1.0,2.0,7.0,,,,,,,,,,,,,,,,,,,,,3.25,576.0,2.5,4.0,2.5,-3.0,,,,,,,,,,,,,,,,,,,,,1.5,85.0,2.66927,6.0,271.0
8.0,Aston & Christie,TARAU3,7.0,6.0,8.0,,,,,,,,,,,,,,,,,,,,,,7.0,577.0,-1.5,-1.0,-3.5,,,,,,,,,,,,,,,,,,,,,,-2.0,852.0,1.08012,-6.0,773.0
9.0,Elizabeth & Todd,TARAU3,5.0,9.0,,,,,,,,,,,,,,,,,,,,,,,7.0,578.0,0.5,-4.0,,,,,,,,,,,,,,,,,,,,,,,-1.75,821.0,2.25,-3.5,585.0
10.0,Inga & Tiharna,TARAU3,10.0,,,,,,,,,,,,,,,,,,,,,,,,10.0,579.0,-4.5,,,,,,,,,,,,,,,,,,,,,,,,-4.5,1017.0,0.0,-4.5,633.0
1.0,Tim & Rod,TARAU4,4.0,4.0,3.0,5.0,5.0,2.0,2,2.0,3.0,4,1,1.0,,,,,,,,,,,,,3.0,580.0,2,1.5,2.0,0.0,-0.5,2.0,1.5,1.5,0.0,-1,1.5,1.0,,,,,,,,,,,,,0.958,194.0,1.0095,11.5,147.0
2.0,Jasmin & Jerome,TARAU4,6.0,5.0,4.0,4.0,1.0,3.0,5,3.0,2.0,2,3,2.0,,,,,,,,,,,,,3.33333,581.0,0,0.5,1.0,1.0,3.5,1.0,-1.5,0.5,1.0,1,-0.5,0.0,,,,,,,,,,,,,0.625,286.0,1.1388,7.5,241.0
3.0,Viv & Joey,TARAU4,2.0,2.0,2.0,7.0,7.0,5.0,3,5.0,5.0,3,2,3.0,,,,,,,,,,,,,3.83333,582.0,4,3.5,3.0,-2.0,-2.5,-1.0,0.5,-1.5,-2.0,0,0.5,-1.0,,,,,,,,,,,,,0.125,426.0,2.16145,1.5,399.0
4.0,Tom & Tyler,TARAU4,1.0,1.0,1.0,1.0,2.0,4.0,1,1.0,1.0,1,4,,,,,,,,,,,,,,1.63636,583.0,5,4.5,4.0,4.0,2.5,0.0,2.5,2.5,2.0,2,-1.5,,,,,,,,,,,,,,2.5,6.0,1.84637,27.5,9.0
5.0,Femi & Nick,TARAU4,5.0,9.0,7.0,8.0,3.0,6.0,4,4.0,4.0,5,,,,,,,,,,,,,,,5.5,584.0,1,-3.5,-2.0,-3.0,1.5,-2.0,-0.5,-0.5,-1.0,-2,,,,,,,,,,,,,,,-1.2,738.0,1.53623,-12.0,1021.0
6.0,Sid & Ash,TARAU4,9.0,7.0,6.0,3.0,4.0,1.0,6,6.0,,,,,,,,,,,,,,,,,5.25,585.0,-3,-1.5,-1.0,2.0,0.5,3.0,-2.5,-2.5,,,,,,,,,,,,,,,,,-0.625,626.0,2.08791,-5.0,671.0
7.0,Hayley & Mikayla,TARAU4,3.0,3.0,5.0,2.0,6.0,7.0,,,,,,,,,,,,,,,,,,,4.33333,586.0,3,2.5,0.0,3.0,-1.5,-3.0,,,,,,,,,,,,,,,,,,,0.667,274.0,2.33928,4.0,327.0
8.0,Chris & Adrienne,TARAU4,7.0,6.0,8.0,6.0,8.0,,,,,,,,,,,,,,,,,,,,7.0,587.0,-1,-0.5,-3.0,-1.0,-3.5,,,,,,,,,,,,,,,,,,,,-1.8,828.0,1.2083,-9.0,930.0
9.0,Rowah & Amani,TARAU4,8.0,8.0,9.0,9.0,,,,,,,,,,,,,,,,,,,,,8.5,588.0,-2,-2.5,-4.0,-4.0,,,,,,,,,,,,,,,,,,,,,-3.125,940.0,0.89268,-12.5,1031.0
10.0,Judy & Therese,TARAU4,10.0,10.0,,,,,,,,,,,,,,,,,,,,,,,10.0,589.0,-4,-4.5,,,,,,,,,,,,,,,,,,,,,,,-4.25,1003.0,0.25,-8.5,896.0
11.0,Alana & Niko,TARAU4,11.0,,,,,,,,,,,,,,,,,,,,,,,,11.0,590.0,-5,,,,,,,,,,,,,,,,,,,,,,,,-5.0,1042.0,0.0,-5.0,671.0
1.0,Brendon & Jackson,TARAU5,12.0,3.0,2.0,1.0,3.0,6.0,5,6.0,5.0,4,9,4.0,2.0,1.0,,6.0,6.0,2.0,4.0,3.0,1.0,2.0,1.0,1.0,3.86957,591.0,-4.5,4.0,4.5,5.5,3.0,-1.0,0.5,-1.0,-0.5,1.5,-4,0.5,2.5,3.5,,-2.0,-2.5,1.0,-1.0,0.0,1.5,0.5,1.0,1.0,0.609,289.0,2.49764,11.0,166.0
2.0,Ashleigh & Amanda,TARAU5,8.0,4.0,3.0,3.0,1.0,,6,3.0,1.0,2,3,1.0,1.0,3.0,5.0,5.0,1.0,,1.0,1.0,3.0,1.0,3.0,2.0,2.77273,592.0,-0.5,3.0,3.5,3.5,5.0,,-0.5,2.0,3.5,3.5,2,3.5,3.5,1.5,-1.0,-1.0,2.5,,2.0,2.0,-0.5,1.5,-1.0,0.0,1.727,54.0,1.81363,32.0,4.0
3.0,Jaskirat & Anurag,TARAU5,1.0,1.0,,8.0,2.0,3.0,1,8.0,7.0,3,5,5.0,3.0,2.0,3.0,4.0,4.0,1.0,5.0,4.0,2.0,3.0,2.0,3.0,3.47826,593.0,6.5,6.0,,-1.5,4.0,2.0,4.5,-3.0,-2.5,2.5,0,-0.5,1.5,2.5,1.0,0.0,-0.5,2.0,-2.0,-1.0,0.5,-0.5,0.0,-1.0,0.891,218.0,2.50632,19.5,43.0
4.0,Chris & Aleisha,TARAU5,3.0,8.0,8.0,7.0,4.0,5.0,4,2.0,2.0,1,8,6.0,5.0,7.0,2.0,3.0,5.0,4.0,2.0,2.0,4.0,4.0,,,4.36364,594.0,4.5,-1.0,-1.5,-0.5,2.0,0.0,1.5,3.0,2.5,4.5,-3,-1.5,-0.5,-2.5,2.0,1.0,-1.5,-1.0,1.0,1.0,-1.5,-1.5,,,0.318,372.0,2.08646,10.0,190.0
5.0,Skye-Blue & Jake,TARAU5,6.0,10.0,4.0,5.0,5.0,1.0,7,7.0,4.0,8,6,7.0,4.0,4.0,6.0,1.0,2.0,3.0,3.0,5.0,,,,,4.9,595.0,1.5,-3.0,2.5,1.5,1.0,4.0,-1.5,-2.0,0.5,-2.5,-1,-2.5,0.5,0.5,-2.0,3.0,1.5,0.0,0.0,-2.0,,,,,0.0,450.0,1.95576,-1.0,491.0
6.0,MJ & Chelsea,TARAU5,,,,,,,3,1.0,,5,1,,7.0,6.0,1.0,2.0,3.0,5.0,,,,,,,3.4,596.0,,,,,,,2.5,4.0,,0.5,4,,-2.5,-1.5,3.0,2.0,0.5,-2.0,,,,,,,1.05,172.0,2.30705,8.5,220.0
7.0,Holly & Dolor,TARAU5,9.0,11.0,5.0,9.0,6.0,8.0,8,4.0,8.0,9,4,2.0,6.0,5.0,4.0,7.0,,,,,,,,,6.5625,597.0,-1.5,-4.0,1.5,-2.5,0.0,-3.0,-2.5,1.0,-3.5,-3.5,1,2.5,-1.5,-0.5,0.0,-3.0,,,,,,,,,-1.219,744.0,1.97618,-16.0,1080.0
8.0,Stan & Wayne,TARAU5,,,,,,,,,,6,7,3.0,8.0,8.0,7.0,,,,,,,,,,6.5,598.0,,,,,,,,,,-0.5,-2,1.5,-3.5,-3.5,-3.0,,,,,,,,,,-1.833,831.0,1.81812,-4.5,633.0
9.0,Jordan & Violeta,TARAU5,4.0,5.0,10.0,11.0,10.0,7.0,9,5.0,3.0,7,2,8.0,,,,,,,,,,,,,6.75,599.0,3.5,2.0,-3.5,-4.5,-4.0,-2.0,-3.5,0.0,1.5,-1.5,3,-3.5,,,,,,,,,,,,,-1.042,712.0,2.79477,-12.5,1031.0
10.0,Dwes & Katherine,TARAU5,14.0,,9.0,10.0,7.0,4.0,2,9.0,6.0,10,,,,,,,,,,,,,,,7.88889,600.0,-6.5,,-2.5,-3.5,-1.0,1.0,3.5,-4.0,-1.5,-4.5,,,,,,,,,,,,,,,-2.111,866.0,2.85558,-19.0,1100.0
11.0,Sefa & Jessica,TARAU5,7.0,9.0,7.0,4.0,8.0,2.0,10,,,,,,,,,,,,,,,,,,6.71429,601.0,0.5,-2.0,-0.5,2.5,-2.0,3.0,-4.5,,,,,,,,,,,,,,,,,,-0.429,571.0,2.47023,-3.0,558.0
12.0,Jobelle & Rani,TARAU5,13.0,7.0,6.0,6.0,9.0,9.0,,,,,,,,,,,,,,,,,,,8.33333,602.0,-5.5,0.0,0.5,0.5,-3.0,-4.0,,,,,,,,,,,,,,,,,,,-1.917,846.0,2.37024,-11.5,1004.0
13.0,Shane & Deb,TARAU5,5.0,2.0,1.0,2.0,11.0,,,,,,,,,,,,,,,,,,,,4.2,603.0,2.5,5.0,5.5,4.5,-5.0,,,,,,,,,,,,,,,,,,,,2.5,6.0,3.88587,12.5,136.0
14.0,Malaan & Tina,TARAU5,11.0,6.0,11.0,12.0,,,,,,,,,,,,,,,,,,,,,10.0,604.0,-3.5,1.0,-4.5,-5.5,,,,,,,,,,,,,,,,,,,,,-3.125,940.0,2.48433,-12.5,1031.0
15.0,Jude & Shannon,TARAU5,10.0,12.0,12.0,,,,,,,,,,,,,,,,,,,,,,11.33333,605.0,-2.5,-5.0,-5.5,,,,,,,,,,,,,,,,,,,,,,-4.333,1016.0,1.31233,-13.0,1039.0
16.0,Alex & Jack,TARAU5,2.0,13.0,,,,,,,,,,,,,,,,,,,,,,,7.5,606.0,5.5,-6.0,,,,,,,,,,,,,,,,,,,,,,,-0.25,518.0,5.75,-0.5,476.0
1.0,Heath & Toni,TARAU6,,5.0,14.0,11.0,1.0,4.0,10,2.0,5.0,5,6,2.0,2.0,1.0,1.0,2.0,2.0,1.0,1.0,3.0,1.0,,,,3.95,607.0,,0.5,-4.5,-2.5,7.0,4.0,-3,4.5,1.0,-1,-2.5,1.5,1.0,3.5,3.5,2.0,2.0,2.5,2.0,-0.5,1.0,,,,1.1,160.0,2.75953,6.0,271.0
2.0,Angel & Frankie,TARAU6,,1.0,9.0,1.0,9.0,3.0,1,1.0,1.0,1,2,3.0,4.0,3.0,3.0,3.0,3.0,4.0,4.0,2.0,2.0,,,,3.0,608.0,,4.5,0.5,7.5,-1.0,5.0,6,5.5,5.0,3,1.5,0.5,-1.0,1.5,1.5,1.0,1.0,-0.5,-1.0,0.5,0.0,,,,2.05,22.0,2.55392,37.0,1.0
3.0,Kelly & Georgia,TARAU6,1.0,,5.0,10.0,5.0,6.0,11,8.0,8.0,,,,,5.0,5.0,5.0,1.0,5.0,3.0,1.0,3.0,,,,5.125,609.0,4.5,,4.5,-1.5,3.0,2.0,-4,-1.5,-2.0,,,,,-0.5,-0.5,-1.0,3.0,-1.5,0.0,1.5,-1.0,,,,0.313,375.0,2.40361,5.0,298.0
4.0,Tiffany & Cynthia,TARAU6,4.0,,15.0,6.0,15.0,9.0,3,10.0,7.0,,,,,6.0,4.0,4.0,6.0,3.0,2.0,4.0,,,,,6.53333,610.0,1.5,,-5.5,2.5,-7.0,-1.0,4,-3.5,-1.0,,,,,-1.5,0.5,0.0,-2.0,0.5,1.0,-1.5,,,,,-0.867,682.0,2.78966,-10.0,962.0
5.0,Pako & Mori,TARAU6,2.0,,2.0,4.0,2.0,1.0,2,4.0,10.0,4,1,1.0,3.0,2.0,2.0,1.0,4.0,2.0,5.0,,,,,,2.88889,611.0,3.5,,7.5,4.5,6.0,7.0,5,2.5,-4.0,0,2.5,2.5,0.0,2.5,2.5,3.0,0.0,1.5,-2.0,,,,,,2.472,9.0,2.89862,37.0,1.0
6.0,Lauren & Steph,TARAU6,,3.0,8.0,2.0,11.0,2.0,8,7.0,3.0,,,,,,7.0,6.0,5.0,6.0,,,,,,,5.66667,612.0,,2.5,1.5,6.5,-3.0,6.0,-1,-0.5,3.0,,,,,,-2.5,-2.0,-1.0,-2.5,,,,,,,0.583,293.0,3.15458,15.0,96.0
7.0,Chelsea & Jamus,TARAU6,9.0,,6.0,8.0,6.0,5.0,6,11.0,6.0,3,5,5.0,1.0,4.0,6.0,7.0,7.0,,,,,,,,5.9375,613.0,-3.5,,3.5,0.5,2.0,3.0,1,-4.5,0.0,1,-1.5,-1.5,2.0,0.5,-1.5,-3.0,-3.0,,,,,,,,-0.313,544.0,2.3377,2.0,379.0
8.0,Jodie & Claire,TARAU6,6.0,,17.0,9.0,8.0,11.0,12,9.0,4.0,,,,,7.0,8.0,,,,,,,,,,9.1,614.0,-0.5,,-7.5,-0.5,0.0,-3.0,-5,-2.5,2.0,,,,,-2.5,-3.5,,,,,,,,,,-2.3,888.0,2.5807,-17.0,1088.0
9.0,Fliss & Tottie,TARAU6,8.0,,7.0,12.0,4.0,10.0,9,6.0,9.0,,,,,8.0,,,,,,,,,,,8.11111,615.0,-2.5,,2.5,-3.5,4.0,-2.0,-2,0.5,-3.0,,,,,-3.5,,,,,,,,,,,-1.056,717.0,2.58677,-6.0,773.0
10.0,Flick & Gabby,TARAU6,3.0,,1.0,3.0,3.0,7.0,5,3.0,2.0,2,4,4.0,5.0,,,,,,,,,,,,3.5,616.0,2.5,,8.5,5.5,5.0,1.0,2,3.5,4.0,2,-0.5,-0.5,-2.0,,,,,,,,,,,,2.583,5.0,2.81982,31.0,6.0
11.0,Stuart & Glennon,TARAU6,,8.0,10.0,7.0,13.0,14.0,,,,6,3,6.0,,,,,,,,,,,,,8.375,617.0,,-2.5,-0.5,1.5,-5.0,-6.0,,,,-2,0.5,-2.5,,,,,,,,,,,,,-2.063,864.0,2.40361,-16.5,1085.0
12.0,Kathy & Chace,TARAU6,,2.0,3.0,,,,,,,7,,,,,,,,,,,,,,,4.0,618.0,,3.5,6.5,,,,,,,-3,,,,,,,,,,,,,,,2.333,13.0,3.96513,7.0,252.0
13.0,Morgan & Lilli,TARAU6,,9.0,11.0,13.0,12.0,8.0,4,5.0,11.0,,,,,,,,,,,,,,,,9.125,619.0,,-3.5,-1.5,-4.5,-4.0,0.0,3,1.5,-5.0,,,,,,,,,,,,,,,,-1.75,821.0,2.79508,-14.0,1055.0
14.0,Tammy & Vincent,TARAU6,5.0,,4.0,15.0,7.0,13.0,7,12.0,,,,,,,,,,,,,,,,,9.0,620.0,0.5,,5.5,-6.5,1.0,-5.0,0,-5.5,,,,,,,,,,,,,,,,,-1.429,778.0,4.04818,-10.0,962.0
15.0,Crystal & Reem,TARAU6,,4.0,16.0,5.0,14.0,12.0,13,,,,,,,,,,,,,,,,,,10.66667,621.0,,1.5,-6.5,3.5,-6.0,-4.0,-6,,,,,,,,,,,,,,,,,,-2.917,927.0,3.95197,-17.5,1091.0
16.0,Sam & Stu,TARAU6,,7.0,12.0,14.0,10.0,15.0,,,,,,,,,,,,,,,,,,,11.6,622.0,,-1.5,-2.5,-5.5,-2.0,-7.0,,,,,,,,,,,,,,,,,,,-3.7,975.0,2.1587,-18.5,1098.0
17.0,Sam & Alex,TARAU6,,6.0,13.0,16.0,,,,,,,,,,,,,,,,,,,,,11.66667,623.0,,-0.5,-3.5,-7.5,,,,,,,,,,,,,,,,,,,,,-3.833,988.0,2.86744,-11.5,1004.0
18.0,Jake & Holly,TARAU6,7.0,,18.0,,,,,,,,,,,,,,,,,,,,,,12.5,624.0,-1.5,,-8.5,,,,,,,,,,,,,,,,,,,,,,-5.0,1042.0,3.5,-10.0,962.0
19.0,Bren & Anja,TARAU6,,10.0,,,,,,,,,,,,,,,,,,,,,,,10.0,625.0,,-4.5,,,,,,,,,,,,,,,,,,,,,,,-4.5,1017.0,0.0,-4.5,633.0
20.0,Paul & Rachel,TARAU6,10.0,,,,,,,,,,,,,,,,,,,,,,,,10.0,626.0,-4.5,,,,,,,,,,,,,,,,,,,,,,,,-4.5,1017.0,0.0,-4.5,633.0
1.0,Darren & Tristan,TARAU7,1.0,5.0,1.0,1.0,5.0,4.0,1,4.0,3.0,1,2,1.0,,,,,,,,,,,,,2.41667,627.0,5,0.5,4.0,4.0,-0.5,0.0,2.5,-1.0,0.0,1.5,0.5,1.0,,,,,,,,,,,,,1.458,96.0,1.887,17.5,67.0
1.0,Emma & Hayley,TARAU7,3.0,1.0,4.0,4.0,7.0,5.0,4,1.0,1.0,3,3,1.0,,,,,,,,,,,,,3.08333,628.0,3,4.5,1.0,1.0,-2.5,-1.0,-0.5,2.0,2.0,-0.5,-0.5,1.0,,,,,,,,,,,,,0.792,243.0,1.84231,9.5,201.0
1.0,Alli & Angie,TARAU7,4.0,2.0,6.0,6.0,1.0,2.0,2,2.0,4.0,4,1,1.0,,,,,,,,,,,,,2.91667,629.0,2,3.5,-1.0,-1.0,3.5,2.0,1.5,1.0,-1.0,-1.5,1.5,1.0,,,,,,,,,,,,,0.958,194.0,1.66406,11.5,147.0
4.0,Harry & Teddy,TARAU7,2.0,3.0,3.0,7.0,6.0,6.0,5,5.0,2.0,2,4,,,,,,,,,,,,,,4.09091,630.0,0,1.5,-3.0,3.0,1.5,3.0,0.5,0.0,-2.0,,,,,,,,,,,,,,,,0.5,306.0,1.92931,4.5,312.0
5.0,Jana & Cor,TARAU7,6.0,4.0,8.0,2.0,3.0,1.0,3,3.0,5.0,,,,,,,,,,,,,,,,3.88889,631.0,4,2.5,2.0,-2.0,-1.5,-2.0,-1.5,-2.0,1.0,0.5,-1.5,,,,,,,,,,,,,,-0.045,477.0,2.04999,-0.5,476.0
6.0,Bec & Kate,TARAU7,10.0,8.0,5.0,3.0,2.0,3.0,6,,,,,,,,,,,,,,,,,,5.28571,632.0,-4,-2.5,0.0,2.0,2.5,1.0,-2.5,,,,,,,,,,,,,,,,,,-0.5,581.0,2.32993,-3.5,585.0
7.0,George & Pam,TARAU7,5.0,7.0,9.0,8.0,4.0,7.0,,,,,,,,,,,,,,,,,,,6.66667,633.0,-1,-0.5,3.0,0.0,-3.5,,,,,,,,,,,,,,,,,,,,-0.4,559.0,2.08327,-2.0,526.0
8.0,Ben & Jackie,TARAU7,7.0,6.0,2.0,5.0,8.0,,,,,,,,,,,,,,,,,,,,5.6,634.0,1,-1.5,-4.0,-3.0,0.5,-3.0,,,,,,,,,,,,,,,,,,,-1.667,808.0,1.86339,-10.0,962.0
9.0,Peter & Frankie,TARAU7,9.0,9.0,7.0,9.0,,,,,,,,,,,,,,,,,,,,,8.5,635.0,-3,-3.5,-2.0,-4.0,,,,,,,,,,,,,,,,,,,,,-3.125,940.0,0.73951,-12.5,1031.0
10.0,Grant & Chezzi,TARAU7,8.0,10.0,,,,,,,,,,,,,,,,,,,,,,,9.0,636.0,-2,-4.5,,,,,,,,,,,,,,,,,,,,,,,-3.25,946.0,1.25,-6.5,797.0
11.0,Dane & Bow,TARAU7,11.0,,,,,,,,,,,,,,,,,,,,,,,,11.0,637.0,-5,,,,,,,,,,,,,,,,,,,,,,,,-5.0,1042.0,0.0,-5.0,671.0
1.0,Bam Bam & Logan,TARAU8,9.0,1.0,2.0,1.0,2.0,4.0,1,3.0,3.0,2,2,1.0,,,,,,,,,,,,,2.58333,,-3,4.5,3.0,3.5,2.0,0.0,2.5,0.0,0.0,0.5,0.5,1.0,,,,,,,,,,,,,1.208,133.0,1.93066,14.5,104.0
2.0,Billy & Oscar,TARAU8,6.0,2.0,8.0,7.0,6.0,3.0,4,4.0,4.0,4,3,2.0,,,,,,,,,,,,,4.41667,,0,3.5,-3.0,-2.5,-2.0,1.0,-0.5,-1.0,-1.0,-1.5,-0.5,0.0,,,,,,,,,,,,,-0.625,626.0,1.64728,-7.5,848.0
3.0,Brooke & Adam,TARAU8,4.0,3.0,6.0,4.0,1.0,1.0,2,2.0,1.0,3,1,3.0,,,,,,,,,,,,,2.58333,,2,2.5,-1.0,0.5,3.0,3.0,1.5,1.0,2.0,-0.5,1.5,-1.0,,,,,,,,,,,,,1.208,133.0,1.37626,14.5,104.0
4.0,Peter & Bridget,TARAU8,8.0,7.0,5.0,6.0,7.0,6.0,3,1.0,2.0,1,4,,,,,,,,,,,,,,4.54545,,-2,-1.5,0.0,-1.5,-3.0,-2.0,0.5,2.0,1.0,1.5,-1.5,,,,,,,,,,,,,,-0.591,618.0,1.57852,-6.5,797.0
5.0,Thorpie & Christian,TARAU8,2.0,4.0,7.0,5.0,5.0,5.0,5,5.0,5.0,,,,,,,,,,,,,,,,4.77778,,4,1.5,-2.0,-0.5,-1.0,-1.0,-1.5,-2.0,-2.0,,,,,,,,,,,,,,,,-0.5,581.0,1.90029,-4.5,633.0
6.0,Chloe & Emily,TARAU8,1.0,5.0,1.0,3.0,4.0,2.0,6,,,,,,,,,,,,,,,,,,3.14286,,5,0.5,4.0,1.5,0.0,2.0,-2.5,,,,,,,,,,,,,,,,,,1.5,85.0,2.32993,10.5,175.0
7.0,Havana & Steph,TARAU8,5.0,6.0,3.0,2.0,3.0,7.0,,,,,,,,,,,,,,,,,,,4.33333,,1,-0.5,2.0,2.5,1.0,-3.0,,,,,,,,,,,,,,,,,,,0.5,306.0,1.82574,3.0,351.0
8.0,Jett & Lily,TARAU8,3.0,8.0,4.0,8.0,,,,,,,,,,,,,,,,,,,,,5.75,,3,-2.5,1.0,-3.5,,,,,,,,,,,,,,,,,,,,,-0.5,581.0,2.62202,-2.0,526.0
9.0,Cyrell & Eden,TARAU8,10.0,9.0,9.0,,,,,,,,,,,,,,,,,,,,,,9.33333,,-4,-3.5,-4.0,,,,,,,,,,,,,,,,,,,,,,-3.833,988.0,0.2357,-11.5,1004.0
10.0,Nat & Mel,TARAU8,7.0,10.0,,,,,,,,,,,,,,,,,,,,,,,8.5,,-1,-4.5,,,,,,,,,,,,,,,,,,,,,,,-2.75,912.0,1.75,-5.5,733.0
11.0,Luke & Julie,TARAU8,11.0,,,,,,,,,,,,,,,,,,,,,,,,11.0,,-5,,,,,,,,,,,,,,,,,,,,,,,,-5.0,1042.0,0.0,-5.0,671.0
1.0,Steve & Bernie,TARAU9,6.0,3.0,1.0,7.0,8.0,1.0,4,3.0,5.0,2,5,1.0,2.0,2.0,1.0,,,,,,,,,,3.4,,1,3.5,5.0,-1.5,-3.0,4.0,0.5,0.5,-1.5,1,-2,2.0,0.5,0.5,1.0,,,,,,,,,,0.767,252.0,2.15922,10.0,190.0
2.0,Rob & Georgie,TARAU9,4.0,4.0,4.0,5.0,2.0,4.0,6,1.0,3.0,1,1,4.0,1.0,1.0,2.0,,,,,,,,,,2.86667,,3,2.5,2.0,0.5,3.0,1.0,-1.5,2.5,0.5,2,2,-1.0,1.5,1.5,0.0,,,,,,,,,,1.3,118.0,1.32665,18.0,61.0
3.0,Aesha & Scott,TARAU9,7.0,7.0,6.0,4.0,4.0,7.0,1,6.0,1.0,3,2,2.0,3.0,3.0,3.0,,,,,,,,,,3.93333,,0,-0.5,0.0,1.5,1.0,-2.0,3.5,-2.5,2.5,0,1,1.0,-0.5,-0.5,-1.0,,,,,,,,,,0.233,396.0,1.52607,5.0,298.0
4.0,Luke & Scott,TARAU9,11.0,10.0,10.0,8.0,7.0,2.0,5,4.0,2.0,4,3,3.0,4.0,4.0,,,,,,,,,,,5.5,,-4,-3.5,-4.0,-2.5,-2.0,3.0,-0.5,-0.5,1.5,-1,0,0.0,-1.5,-1.5,,,,,,,,,,,-1.179,736.0,1.93287,-15.0,1066.0
5.0,Gretel & Epiphany,TARAU9,8.0,5.0,2.0,3.0,1.0,5.0,3,2.0,4.0,5,4,5.0,,,,,,,,,,,,,3.91667,,-1,1.5,4.0,2.5,4.0,0.0,1.5,1.5,-0.5,-2,-1,-2.0,,,,,,,,,,,,,0.708,264.0,2.02545,8.5,220.0
6.0,Melissa & Leah,TARAU9,9.0,6.0,5.0,6.0,6.0,3.0,7,5.0,6.0,,,,,,,,,,,,,,,,5.88889,,-2,0.5,1.0,-0.5,-1.0,2.0,-2.5,-1.5,-2.5,,,,,,,,,,,,,,,,-0.722,647.0,1.51127,-6.5,797.0
7.0,Brendan & Leni,TARAU9,3.0,9.0,7.0,2.0,9.0,6.0,2,,,,,,,,,,,,,,,,,,5.42857,,4,-2.5,-1.0,3.5,-4.0,-1.0,2.5,,,,,,,,,,,,,,,,,,0.214,403.0,2.88911,1.5,399.0
8.0,Lindy & Stella,TARAU9,12.0,8.0,8.0,9.0,5.0,8.0,8,,,,,,,,,,,,,,,,,,8.28571,,-5,-1.5,-2.0,-3.5,0.0,-3.0,-3.5,,,,,,,,,,,,,,,,,,-2.643,909.0,1.50509,-18.5,1098.0
9.0,Dom & Marx,TARAU9,2.0,1.0,3.0,1.0,3.0,9.0,,,,,,,,,,,,,,,,,,,3.16667,,5,5.5,3.0,4.5,2.0,-4.0,,,,,,,,,,,,,,,,,,,2.667,3.0,3.21023,16.0,83.0
10.0,Steph & Ben,TARAU9,10.0,11.0,9.0,10.0,,,,,,,,,,,,,,,,,,,,,10.0,,-3,-4.5,-3.0,-4.5,,,,,,,,,,,,,,,,,,,,,-3.75,976.0,0.75,-15.0,1066.0
11.0,Bronte & Benfield,TARAU9,5.0,2.0,11.0,,,,,,,,,,,,,,,,,,,,,,6.0,,2,4.5,-5.0,,,,,,,,,,,,,,,,,,,,,,0.5,306.0,4.02078,1.5,399.0
12.0,Ant & Dan,TARAU9,1.0,12.0,,,,,,,,,,,,,,,,,,,,,,,6.5,,6,-5.5,,,,,,,,,,,,,,,,,,,,,,,0.25,385.0,5.75,0.5,426.0
13.0,Ed & Tiff,TARAU9,13.0,,,,,,,,,,,,,,,,,,,,,,,,13.0,,-6,,,,,,,,,,,,,,,,,,,,,,,,-6.0,1096.0,0.0,-6.0,773.0
1.0,Charlie & Rachel,TARCR1,1.0,3.0,2.0,1.0,4.0,1.0,2,1.0,5.0,4,1,1.0,,,,,,,,,,,,,2.16667,638.0,4.5,2.5,3.0,3.5,0.0,2.5,1,2.0,-2.0,-1,1.5,1.0,,,,,,,,,,,,,1.542,83.0,1.79651,18.5,56.0
2.0,Rick & Josh,TARCR1,3.0,1.0,1.0,3.0,1.0,5.0,1,3.0,2.0,1,3,2.0,,,,,,,,,,,,,2.16667,639.0,2.5,4.5,4.0,1.5,3.0,-1.5,2,0.0,1.0,2,-0.5,0.0,,,,,,,,,,,,,1.542,83.0,1.7495,18.5,56.0
3.0,Deepak & Naresh,TARCR1,9.0,5.0,5.0,4.0,6.0,3.0,4,5.0,4.0,3,2,3.0,,,,,,,,,,,,,4.41667,640.0,-3.5,0.5,0.0,0.5,-2.0,0.5,-1,-2.0,-1.0,0,0.5,-1.0,,,,,,,,,,,,,-0.708,646.0,1.23252,-8.5,896.0
4.0,Lisa & Karen,TARCR1,5.0,8.0,8.0,5.0,5.0,4.0,5,4.0,3.0,2,4,,,,,,,,,,,,,,4.81818,641.0,0.5,-2.5,-3.0,-0.5,-1.0,-0.5,-2,-1.0,0.0,1,-1.5,,,,,,,,,,,,,,-0.955,696.0,1.17656,-10.5,978.0
5.0,Sarah & Molly,TARCR1,4.0,4.0,4.0,6.0,3.0,2.0,3,2.0,1.0,5,,,,,,,,,,,,,,,3.4,642.0,1.5,1.5,1.0,-1.5,1.0,1.5,0,1.0,2.0,-2,,,,,,,,,,,,,,,0.6,290.0,1.28062,6.0,271.0
6.0,Sean & Amy,TARCR1,2.0,2.0,3.0,2.0,2.0,6.0,,,,,,,,,,,,,,,,,,,2.83333,643.0,3.5,3.5,2.0,2.5,2.0,-2.5,,,,,,,,,,,,,,,,,,,1.833,39.0,2.03443,11.0,166.0
7.0,Bonnie & Mel,TARCR1,7.0,6.0,6.0,7.0,7.0,,,,,,,,,,,,,,,,,,,,6.6,644.0,-1.5,-0.5,-1.0,-2.5,-3.0,,,,,,,,,,,,,,,,,,,,-1.7,813.0,0.92736,-8.5,896.0
8.0,Janis & Aleksandra,TARCR1,6.0,7.0,7.0,8.0,,,,,,,,,,,,,,,,,,,,,7.0,645.0,-0.5,-1.5,-2.0,-3.5,,,,,,,,,,,,,,,,,,,,,-1.875,839.0,1.08253,-7.5,848.0
9.0,Miguel & Hector,TARCR1,8.0,9.0,9.0,,,,,,,,,,,,,,,,,,,,,,8.66667,646.0,-2.5,-3.5,-4.0,,,,,,,,,,,,,,,,,,,,,,-3.333,958.0,0.62361,-10.0,962.0
10.0,Paul & Francis,TARCR1,10.0,10.0,,,,,,,,,,,,,,,,,,,,,,,10.0,647.0,-4.5,-4.5,,,,,,,,,,,,,,,,,,,,,,,-4.5,1017.0,0.0,-9.0,930.0
1.0,Lily & Jan,TARCR2,3.0,5.0,7.0,3.0,2.0,1.0,5,1.0,2.0,1,2,1.0,,,,,,,,,,,,,2.75,648.0,3,0.5,-2.0,1.5,2.0,3.0,-1.5,2.5,1.0,2,0.5,1.0,,,,,,,,,,,,,1.125,154.0,1.52923,13.5,121.0
2.0,Simon & Katherine,TARCR2,6.0,8.0,6.0,6.0,5.0,6.0,3,5.0,4.0,3,3,2.0,,,,,,,,,,,,,4.75,649.0,0,-2.5,-1.0,-1.5,-1.0,-2.0,0.5,-1.5,-1.0,0,-0.5,0.0,,,,,,,,,,,,,-0.875,683.0,0.86903,-10.5,978.0
3.0,Sun Bin & Hao Fei'er,TARCR2,8.0,9.0,1.0,1.0,1.0,2.0,2,2.0,3.0,2,1,3.0,,,,,,,,,,,,,2.91667,650.0,-2,-3.5,4.0,3.5,3.0,2.0,1.5,1.5,0.0,1,1.5,-1.0,,,,,,,,,,,,,0.958,194.0,2.14533,11.5,147.0
4.0,Matt & Kylie,TARCR2,10.0,7.0,2.0,4.0,4.0,5.0,4,3.0,1.0,4,4,,,,,,,,,,,,,,4.36364,651.0,-4,-1.5,3.0,0.5,0.0,-1.0,-0.5,0.5,2.0,-1,-1.5,,,,,,,,,,,,,,-0.318,546.0,1.78724,-3.5,585.0
5.0,Mary & Cecilia,TARCR2,1.0,1.0,8.0,7.0,6.0,4.0,1,4.0,5.0,5,,,,,,,,,,,,,,,4.2,652.0,5,4.5,-3.0,-2.5,-2.0,0.0,2.5,-0.5,-2.0,-2,,,,,,,,,,,,,,,0.0,450.0,2.81069,0.0,451.0
6.0,Elena & Tameka,TARCR2,7.0,2.0,3.0,2.0,3.0,3.0,6,6.0,,,,,,,,,,,,,,,,,4.0,653.0,-1,3.5,2.0,2.5,1.0,1.0,-2.5,-2.5,,,,,,,,,,,,,,,,,0.5,306.0,2.12132,4.0,327.0
7.0,Rhett & Howie,TARCR2,5.0,6.0,4.0,5.0,7.0,7.0,,,,,,,,,,,,,,,,,,,5.66667,654.0,1,-0.5,1.0,-0.5,-3.0,-3.0,,,,,,,,,,,,,,,,,,,-0.833,669.0,1.64992,-5.0,671.0
8.0,Summer & Eachen,TARCR2,4.0,4.0,5.0,8.0,,,,,,,,,,,,,,,,,,,,,5.25,655.0,2,1.5,0.0,-3.5,,,,,,,,,,,,,,,,,,,,,0.0,450.0,2.15058,0.0,451.0
9.0,Xiao Long & Lv Meng,TARCR2,2.0,3.0,9.0,,,,,,,,,,,,,,,,,,,,,,4.66667,656.0,4,2.5,-4.0,,,,,,,,,,,,,,,,,,,,,,0.833,230.0,3.47211,2.5,365.0
10.0,A Lai & Jackie,TARCR2,9.0,10.0,,,,,,,,,,,,,,,,,,,,,,,9.5,657.0,-3,-4.5,,,,,,,,,,,,,,,,,,,,,,,-3.75,976.0,0.75,-7.5,848.0
11.0,Paul & Nash,TARCR2,11.0,,,,,,,,,,,,,,,,,,,,,,,,11.0,658.0,-5,,,,,,,,,,,,,,,,,,,,,,,,-5.0,1042.0,0.0,-5.0,671.0
1.0,Liu Weiwei & Lei Sheng,TARCR3,1.0,1.0,5.0,5.0,3.0,4.0,1,4.0,1.0,1,3,1.0,,,,,,,,,,,,,2.5,659.0,5,4.5,0.0,-0.5,1.5,0.5,3,-0.5,2.0,2,-0.5,1.0,,,,,,,,,,,,,1.5,85.0,1.8143,18.0,61.0
2.0,Christine & Steven,TARCR3,4.0,3.0,7.0,7.0,6.0,3.0,6,2.0,2.0,4,2,2.0,,,,,,,,,,,,,4.0,660.0,2,2.5,-2.0,-2.5,-1.5,1.5,-2,1.5,1.0,-1,0.5,0.0,,,,,,,,,,,,,0.0,450.0,1.67083,0.0,451.0
3.0,Ryan & Charlie,TARCR3,5.0,5.0,3.0,1.0,2.0,1.0,4,3.0,4.0,3,1,3.0,,,,,,,,,,,,,2.91667,661.0,1,0.5,2.0,3.5,2.5,3.5,0,0.5,-1.0,0,1.5,-1.0,,,,,,,,,,,,,1.083,163.0,1.48371,13.0,130.0
4.0,Zhang Yelin & Li Yang,TARCR3,9.0,4.0,6.0,3.0,8.0,5.0,5,1.0,3.0,2,4,,,,,,,,,,,,,,4.54545,662.0,-3,1.5,-1.0,1.5,-3.5,-0.5,-1,2.5,0.0,1,-1.5,,,,,,,,,,,,,,-0.364,557.0,1.81021,-4.0,612.0
5.0,Janelle & Karin,TARCR3,6.0,9.0,1.0,6.0,4.0,6.0,2,5.0,5.0,5,,,,,,,,,,,,,,,4.9,663.0,0,-3.5,4.0,-1.5,0.5,-1.5,2,-1.5,-2.0,-2,,,,,,,,,,,,,,,-0.55,607.0,2.10297,-5.5,733.0
6.0,Khai Shing & Khai Sheng,TARCR3,7.0,6.0,2.0,2.0,1.0,2.0,3,6.0,,,,,,,,,,,,,,,,,3.625,664.0,-1,-0.5,3.0,2.5,3.5,2.5,1,-2.5,,,,,,,,,,,,,,,,,1.063,169.0,2.03773,8.5,220.0
7.0,Henry & Jennifer,TARCR3,10.0,7.0,8.0,8.0,5.0,7.0,7,,,,,,,,,,,,,,,,,,7.42857,665.0,-4,-1.5,-3.0,-3.5,-0.5,-2.5,-3,,,,,,,,,,,,,,,,,,-2.571,905.0,1.11575,-18.0,1094.0
8.0,Xiao Bing & Xiao Bang,TARCR3,3.0,2.0,4.0,4.0,7.0,8.0,,,,,,,,,,,,,,,,,,,4.66667,666.0,3,3.5,1.0,0.5,-2.5,-3.5,,,,,,,,,,,,,,,,,,,0.333,365.0,2.59272,2.0,379.0
9.0,Yu Ping & Yu Chenjing,TARCR3,2.0,8.0,9.0,,,,,,,,,,,,,,,,,,,,,,6.33333,667.0,4,-2.5,-4.0,,,,,,,,,,,,,,,,,,,,,,-0.833,669.0,3.47211,-2.5,540.0
10.0,Nick & Brandon,TARCR3,8.0,10.0,,,,,,,,,,,,,,,,,,,,,,,9.0,668.0,-2,-4.5,,,,,,,,,,,,,,,,,,,,,,,-3.25,946.0,1.25,-6.5,797.0
11.0,Rob & Jia Jia,TARCR3,11.0,,,,,,,,,,,,,,,,,,,,,,,,11.0,669.0,-5,,,,,,,,,,,,,,,,,,,,,,,,-5.0,1042.0,0.0,-5.0,671.0
1.0,Patrícia & Sane,TARBR1,3.0,4.0,2.0,5.0,4.0,3.0,5,3.0,4.0,3,1,2.0,1.0,,,,,,,,,,,,3.07692,670.0,3,1.5,3.0,0.0,0.5,1.0,-1,0.5,-1.0,0,1.5,0.5,1.0,,,,,,,,,,,,0.808,240.0,1.20158,10.5,175.0
2.0,Jonatas & Rafael,TARBR1,2.0,1.0,9.0,1.0,2.0,2.0,4,2.0,3.0,4,3,3.0,2.0,,,,,,,,,,,,2.92308,671.0,4,4.5,-4.0,4.0,2.5,2.0,0,1.5,0.0,-1,-0.5,-0.5,0.0,,,,,,,,,,,,0.962,192.0,2.3243,12.5,136.0
3.0,Perri & Maristela,TARBR1,1.0,3.0,4.0,4.0,3.0,1.0,1,4.0,1.0,2,2,1.0,3.0,,,,,,,,,,,,2.30769,672.0,5,2.5,1.0,1.0,1.5,3.0,3,-0.5,2.0,1,0.5,1.5,-1.0,,,,,,,,,,,,1.577,77.0,1.51716,20.5,35.0
4.0,Jorge & Silvia,TARBR1,4.0,7.0,5.0,7.0,5.0,5.0,3,5.0,2.0,1,4,4.0,,,,,,,,,,,,,4.33333,673.0,2,-1.5,0.0,-2.0,-0.5,-1.0,1,-1.5,1.0,2,-1.5,-1.5,,,,,,,,,,,,,-0.292,535.0,1.39132,-3.5,585.0
5.0,Débora & Daniela,TARBR1,8.0,5.0,7.0,3.0,7.0,4.0,2,1.0,5.0,5,,,,,,,,,,,,,,,4.7,674.0,-2,0.5,-2.0,2.0,-2.5,0.0,2,2.5,-2.0,-2,,,,,,,,,,,,,,,-0.35,552.0,1.88481,-3.5,585.0
6.0,Andréa & Luciana,TARBR1,9.0,8.0,6.0,6.0,1.0,7.0,6,6.0,,,,,,,,,,,,,,,,,6.125,675.0,-3,-2.5,-1.0,-1.0,3.5,-3.0,-2,-2.5,,,,,,,,,,,,,,,,,-1.438,779.0,2.00682,-11.5,1004.0
7.0,Milene & Jaqueline,TARBR1,5.0,2.0,8.0,8.0,6.0,6.0,7,,,,,,,,,,,,,,,,,,6.0,676.0,1,3.5,-3.0,-3.0,-1.5,-2.0,-3,,,,,,,,,,,,,,,,,,-1.143,728.0,2.31014,-8.0,878.0
8.0,Mari Lice & Tâmisa,TARBR1,6.0,6.0,3.0,2.0,8.0,,,,,,,,,,,,,,,,,,,,5.0,677.0,0,-0.5,2.0,3.0,-3.5,,,,,,,,,,,,,,,,,,,,0.2,405.0,2.24944,1.0,415.0
9.0,Carlos & Eduardo,TARBR1,7.0,9.0,1.0,9.0,,,,,,,,,,,,,,,,,,,,,6.5,678.0,-1,-3.5,4.0,-4.0,,,,,,,,,,,,,,,,,,,,,-1.125,726.0,3.16968,-4.5,633.0
10.0,Marcelo & Narciso,TARBR1,10.0,10.0,,,,,,,,,,,,,,,,,,,,,,,10.0,679.0,-4,-4.5,,,,,,,,,,,,,,,,,,,,,,,-4.25,1003.0,0.25,-8.5,896.0
11.0,Sandro & Daniel,TARBR1,11.0,,,,,,,,,,,,,,,,,,,,,,,,11.0,680.0,-5,,,,,,,,,,,,,,,,,,,,,,,,-5.0,1042.0,0.0,-5.0,671.0
1.0,Shay & Guy,TARIL1,7.0,2.0,2.0,5.0,4.0,1.0,1,2.0,2.0,1,,,,,,,,,,,,,,,2.7,681.0,-1.5,3.5,3.0,-0.5,0.0,2.5,2,1.0,0.5,1,,,,,,,,,,,,,,,1.15,151.0,1.5174,11.5,147.0
2.0,Maya & Amichay,TARIL1,1.0,1.0,3.0,1.0,1.0,3.0,4,3.0,3.0,2,,,,,,,,,,,,,,,2.2,682.0,4.5,4.5,2.0,3.5,3.0,0.5,-1,0.0,-0.5,0,,,,,,,,,,,,,,,1.65,65.0,2.00062,16.5,77.0
3.0,Tom & Gil,TARIL1,5.0,4.0,4.0,4.0,6.0,2.0,2,4.0,1.0,3,,,,,,,,,,,,,,,3.5,683.0,0.5,1.5,1.0,0.5,-2.0,1.5,1,-1.0,1.5,-1,,,,,,,,,,,,,,,0.35,360.0,1.18427,3.5,338.0
4.0,Michal & Ran,TARIL1,3.0,3.0,5.0,2.0,2.0,5.0,3,1.0,4.0,,,,,,,,,,,,,,,,3.11111,684.0,2.5,2.5,0.0,2.5,2.0,-1.5,0,2.0,-1.5,,,,,,,,,,,,,,,,0.944,205.0,1.60631,8.5,220.0
5.0,Hadas & Inbal,TARIL1,4.0,8.0,7.0,3.0,3.0,4.0,5,5.0,,,,,,,,,,,,,,,,,4.875,685.0,1.5,-2.5,-2.0,1.5,1.0,-0.5,-2,-2.0,,,,,,,,,,,,,,,,,-0.625,626.0,1.61536,-5.0,671.0
6.0,Yael & Eliana,TARIL1,2.0,6.0,6.0,6.0,5.0,6.0,,,,,,,,,,,,,,,,,,,5.16667,686.0,3.5,-0.5,-1.0,-1.5,-1.0,-2.5,,,,,,,,,,,,,,,,,,,-0.5,581.0,1.89297,-3.0,558.0
7.0,Hannah & Margalit,TARIL1,9.0,9.0,1.0,7.0,7.0,,,,,,,,,,,,,,,,,,,,6.4,687.0,-3.5,-3.5,4.0,-2.5,-3.0,,,,,,,,,,,,,,,,,,,,-1.7,813.0,2.87402,-8.5,896.0
8.0,Alen & Inbal,TARIL1,8.0,5.0,8.0,8.0,,,,,,,,,,,,,,,,,,,,,7.25,688.0,-2.5,0.5,-3.0,-3.5,,,,,,,,,,,,,,,,,,,,,-2.125,867.0,1.55624,-8.5,896.0
9.0,Asher & Maor,TARIL1,10.0,7.0,9.0,,,,,,,,,,,,,,,,,,,,,,8.66667,689.0,-4.5,-1.5,-4.0,,,,,,,,,,,,,,,,,,,,,,-3.333,958.0,1.31233,-10.0,962.0
10.0,Liran & Elena,TARIL1,6.0,10.0,,,,,,,,,,,,,,,,,,,,,,,8.0,690.0,-0.5,-4.5,,,,,,,,,,,,,,,,,,,,,,,-2.5,897.0,2.0,-5.0,671.0
1.0,Bar & Inna,TARIL2,8.0,8.0,6.0,6.0,1.0,3.0,4,5.0,5.0,1,3,1.0,1.0,,,,,,,,,,,,4.0,691.0,-2,-3.0,-1.5,-2.0,3.0,0.5,-0.5,-2.0,-2.0,2,-0.5,1.5,1.0,,,,,,,,,,,,-0.423,568.0,1.79579,-5.5,733.0
2.0,Alon & Oren,TARIL2,3.0,1.0,2.0,2.0,2.0,2.0,1,1.0,3.0,2,2,3.0,2.0,,,,,,,,,,,,2.0,692.0,3,4.0,2.5,2.0,2.0,1.5,2.5,2.0,0.0,1,0.5,-0.5,0.0,,,,,,,,,,,,1.577,77.0,1.26865,20.5,35.0
3.0,Anaelle & Akiva,TARIL2,1.0,5.0,3.0,5.0,5.0,1.0,2,2.0,2.0,3,1,2.0,3.0,,,,,,,,,,,,2.69231,693.0,5,0.0,1.5,-1.0,-1.0,2.5,1.5,1.0,1.0,0,1.5,0.5,-1.0,,,,,,,,,,,,0.885,220.0,1.59511,11.5,147.0
4.0,Tom & Adele,TARIL2,5.0,3.0,5.0,7.0,6.0,4.0,3,4.0,1.0,4,4,4.0,,,,,,,,,,,,,4.16667,694.0,1,2.0,-0.5,-3.0,-2.0,-0.5,0.5,-1.0,2.0,-1,-1.5,-1.5,,,,,,,,,,,,,-0.458,578.0,1.49246,-5.5,733.0
5.0,Osnat & Carmit,TARIL2,6.0,4.0,7.0,4.0,3.0,6.0,5,3.0,4.0,5,,,,,,,,,,,,,,,4.7,695.0,0,1.0,-2.5,0.0,1.0,-2.5,-1.5,0.0,-1.0,-2,,,,,,,,,,,,,,,-0.75,650.0,1.26984,-7.5,848.0
6.0,Pundak & Moti,TARIL2,2.0,2.0,1.0,3.0,4.0,5.0,6,,,,,,,,,,,,,,,,,,3.28571,696.0,4,3.0,3.5,1.0,0.0,-1.5,-2.5,,,,,,,,,,,,,,,,,,1.071,166.0,2.35173,7.5,241.0
7.0,Alon & Hen,TARIL2,4.0,6.0,4.0,1.0,7.0,,,,,,,,,,,,,,,,,,,,4.4,697.0,2,-1.0,0.5,3.0,-3.0,,,,,,,,,,,,,,,,,,,,0.3,380.0,2.13542,1.5,399.0
8.0,Firass & Shira,TARIL2,7.0,7.0,8.0,,,,,,,,,,,,,,,,,,,,,,7.33333,698.0,-1,-2.0,-3.5,,,,,,,,,,,,,,,,,,,,,,-2.167,869.0,1.0274,-6.5,797.0
9.0,Nitzan & Fifi,TARIL2,9.0,9.0,,,,,,,,,,,,,,,,,,,,,,,9.0,699.0,-3,-4.0,,,,,,,,,,,,,,,,,,,,,,,-3.5,964.0,0.5,-7.0,829.0
10.0,Tal & Mor,TARIL2,10.0,,,,,,,,,,,,,,,,,,,,,,,,10.0,700.0,-4,,,,,,,,,,,,,,,,,,,,,,,,-4.0,994.0,0.0,-4.0,612.0
11.0,Gadi & Alona,TARIL2,11.0,,,,,,,,,,,,,,,,,,,,,,,,11.0,701.0,-5,,,,,,,,,,,,,,,,,,,,,,,,-5.0,1042.0,0.0,-5.0,671.0
1.0,Talia & Koby,TARIL3,5.0,6.0,8.0,8.0,4.0,4.0,1,1.0,2.0,5,2,1.0,1.0,,,,,,,,,,,,3.69231,702.0,1,-0.5,-2.5,-3.0,0.5,0.5,3,3.0,1.5,-1.5,1,1.5,1.0,,,,,,,,,,,,0.423,339.0,1.78505,5.5,285.0
2.0,Romi & Coral,TARIL3,3.0,3.0,4.0,1.0,3.0,3.0,7,4.0,4.0,3,1,3.0,2.0,,,,,,,,,,,,3.15385,703.0,3,2.5,1.5,4.0,1.5,1.5,-3,0.0,-0.5,0.5,2,-0.5,0.0,,,,,,,,,,,,0.962,192.0,1.7482,12.5,136.0
3.0,Ma'Ayan & Bat-El,TARIL3,9.0,9.0,5.0,4.0,5.0,5.0,5,3.0,1.0,1,4,2.0,3.0,,,,,,,,,,,,4.30769,704.0,-3,-3.5,0.5,1.0,-0.5,-0.5,-1,1.0,2.5,2.5,-1,0.5,-1.0,,,,,,,,,,,,-0.192,511.0,1.73802,-2.5,540.0
4.0,David & Eliran,TARIL3,4.0,5.0,7.0,3.0,1.0,2.0,2,2.0,3.0,2,3,4.0,,,,,,,,,,,,,3.16667,705.0,2,0.5,-1.5,2.0,3.5,2.5,2,2.0,0.5,1.5,0,-1.5,,,,,,,,,,,,,1.125,154.0,1.4878,13.5,121.0
5.0,Debbie & Dana,TARIL3,10.0,4.0,1.0,6.0,6.0,6.0,3,5.0,6.0,4,5,,,,,,,,,,,,,,5.09091,706.0,-4,1.5,4.5,-1.0,-1.5,-1.5,1,-1.0,-2.5,-0.5,-2,,,,,,,,,,,,,,-0.636,629.0,2.17518,-7.0,829.0
6.0,Eliran & Itzik,TARIL3,6.0,8.0,2.0,5.0,8.0,1.0,6,6.0,5.0,6,,,,,,,,,,,,,,,5.3,707.0,0,-2.5,3.5,0.0,-3.5,3.5,-2,-2.0,-1.5,-2.5,,,,,,,,,,,,,,,-0.7,642.0,2.33666,-7.0,829.0
7.0,Lior & Mor,TARIL3,1.0,2.0,6.0,2.0,2.0,7.0,4,7.0,,,,,,,,,,,,,,,,,3.875,708.0,5,3.5,-0.5,3.0,2.5,-2.5,0,-3.0,,,,,,,,,,,,,,,,,1.0,187.0,2.73861,8.0,234.0
8.0,Shimi & Yasmin,TARIL3,8.0,7.0,9.0,7.0,7.0,8.0,,,,,,,,,,,,,,,,,,,7.66667,709.0,-2,-1.5,-3.5,-2.0,-2.5,-3.5,,,,,,,,,,,,,,,,,,,-2.5,897.0,0.76376,-15.0,1066.0
9.0,Liran & Ronit,TARIL3,2.0,1.0,3.0,9.0,,,,,,,,,,,,,,,,,,,,,3.75,710.0,4,4.5,2.5,-4.0,,,,,,,,,,,,,,,,,,,,,1.75,48.0,3.40037,7.0,252.0
10.0,Andrea & Ronnie,TARIL3,7.0,10.0,10.0,,,,,,,,,,,,,,,,,,,,,,9.0,711.0,-1,-4.5,-4.5,,,,,,,,,,,,,,,,,,,,,,-3.333,958.0,1.64992,-10.0,962.0
11.0,Herut & Yoftut,TARIL3,11.0,,,,,,,,,,,,,,,,,,,,,,,,11.0,712.0,-5,,,,,,,,,,,,,,,,,,,,,,,,-5.0,1042.0,0.0,-5.0,671.0
1.0,Shay & Shani,TARIL4,2.0,,7.0,5.0,6.0,5.0,6,4.0,4.0,5,5,4.0,2.0,1.0,,,,,,,,,,,4.30769,713.0,2,,-0.5,1.0,-0.5,0.0,-1,0.5,0.5,-1,-1.5,-1.0,0.5,1.0,,,,,,,,,,,0.0,450.0,0.98058,-1.0,491.0
2.0,Tom & Uriel,TARIL4,,3.0,3.0,2.0,7.0,3.0,3,1.0,6.0,4,1,1.0,1.0,2.0,,,,,,,,,,,2.84615,714.0,,1.0,3.5,4.0,-1.5,2.0,2,3.5,-1.5,0,2.5,2.0,1.5,0.0,,,,,,,,,,,1.462,95.0,1.72606,19.0,48.0
3.0,Yochi & Linor,TARIL4,4.0,,4.0,6.0,5.0,9.0,7,6.0,5.0,1,2,3.0,3.0,3.0,,,,,,,,,,,4.46154,715.0,0,,2.5,0.0,0.5,-4.0,-2,-1.5,-0.5,3,1.5,0.0,-0.5,-1.0,,,,,,,,,,,-0.154,501.0,1.78007,-1.0,491.0
4.0,Vova & Alla,TARIL4,1.0,,9.0,7.0,9.0,8.0,8,7.0,7.0,6,4,2.0,4.0,,,,,,,,,,,,6.0,716.0,3,,-2.5,-1.0,-3.5,-3.0,-3,-2.5,-2.5,-2,-0.5,1.0,-1.5,,,,,,,,,,,,-1.5,784.0,1.8143,-18.0,1094.0
5.0,Gal & Liel,TARIL4,,2.0,8.0,4.0,4.0,6.0,1,5.0,3.0,3,3,5.0,,,,,,,,,,,,,4.0,717.0,,2.0,-1.5,2.0,1.5,-1.0,4,-0.5,1.5,1,0.5,-2.0,,,,,,,,,,,,,0.682,271.0,1.70924,7.5,241.0
6.0,Daniel & Meiri,TARIL4,5.0,,1.0,3.0,1.0,1.0,2,3.0,1.0,2,6,,,,,,,,,,,,,,2.5,718.0,-1,,5.5,3.0,4.5,4.0,3,1.5,3.5,2,-2.5,,,,,,,,,,,,,,2.35,10.0,2.34574,23.5,19.0
7.0,Raz & Alexa,TARIL4,,5.0,2.0,1.0,3.0,2.0,5,2.0,2.0,7,,,,,,,,,,,,,,,3.22222,719.0,,-1.0,4.5,5.0,2.5,3.0,0,2.5,2.5,-3,,,,,,,,,,,,,,,1.778,45.0,2.46206,16.0,83.0
8.0,Shay & Adi,TARIL4,,6.0,10.0,9.0,2.0,7.0,4,8.0,8.0,,,,,,,,,,,,,,,,6.75,720.0,,-2.0,-3.5,-3.0,3.5,-2.0,1,-3.5,-3.5,,,,,,,,,,,,,,,,-1.625,802.0,2.39466,-13.0,1039.0
9.0,Roni & Yael,TARIL4,,4.0,6.0,10.0,8.0,4.0,9,,,,,,,,,,,,,,,,,,6.83333,721.0,,0.0,0.5,-4.0,-2.5,1.0,-4,,,,,,,,,,,,,,,,,,-1.5,784.0,2.08167,-9.0,930.0
10.0,Yafa & Boaz,TARIL4,,1.0,5.0,8.0,10.0,,,,,,,,,,,,,,,,,,,,6.0,722.0,,3.0,1.5,-2.0,-4.5,,,,,,,,,,,,,,,,,,,,-0.5,581.0,2.93684,-2.0,526.0
11.0,Tiltil & Mizrahi,TARIL4,6.0,,11.0,11.0,,,,,,,,,,,,,,,,,,,,,9.33333,723.0,-2,,-4.5,-5.0,,,,,,,,,,,,,,,,,,,,,-3.833,988.0,1.31233,-11.5,1004.0
12.0,Irit & Sinai,TARIL4,3.0,,12.0,,,,,,,,,,,,,,,,,,,,,,7.5,724.0,1,,-5.5,,,,,,,,,,,,,,,,,,,,,,-2.25,875.0,3.25,-4.5,633.0
13.0,Tzuki & Huti,TARIL4,,7.0,,,,,,,,,,,,,,,,,,,,,,,7.0,725.0,,-3.0,,,,,,,,,,,,,,,,,,,,,,,-3.0,928.0,0.0,-3.0,558.0
14.0,Pnina & Hen,TARIL4,7.0,,,,,,,,,,,,,,,,,,,,,,,,7.0,726.0,-3,,,,,,,,,,,,,,,,,,,,,,,,-3.0,928.0,0.0,-3.0,558.0
1.0,Amit & Raz,TARIL5,1.0,,8.0,6.0,7.0,2.0,4,1.0,1.0,2,3,1.0,2.0,1.0,,,,,,,,,,,3.0,727.0,3,,-1.5,0.0,-1.5,3.0,1,3.5,3.0,1.5,0.5,2.0,0.5,1.0,,,,,,,,,,,1.231,128.0,1.58861,15.0,96.0
2.0,Lee & Tal,TARIL5,,4.0,1.0,7.0,8.0,4.0,8,5.0,5.0,3,4,3.0,1.0,2.0,,,,,,,,,,,4.23077,728.0,,0.0,5.5,-1.0,-2.5,1.0,-3,-0.5,-1.0,0.5,-0.5,0.0,1.5,0.0,,,,,,,,,,,0.0,450.0,1.99036,0.0,451.0
3.0,Josie & Alex,TARIL5,6.0,,6.0,5.0,3.0,1.0,1,3.0,3.0,6,2,4.0,3.0,3.0,,,,,,,,,,,3.53846,729.0,-2,,0.5,1.0,2.5,4.0,4,1.5,1.0,-2.5,1.5,-1.0,-0.5,-1.0,,,,,,,,,,,0.692,267.0,1.9859,10.0,190.0
4.0,Tzion & Aviv,TARIL5,,2.0,3.0,4.0,4.0,9.0,2,6.0,4.0,1,5,2.0,4.0,,,,,,,,,,,,3.83333,730.0,,2.0,3.5,2.0,1.5,-4.0,3,-1.5,0.0,2.5,-1.5,1.0,-1.5,,,,,,,,,,,,0.583,293.0,2.1874,7.0,252.0
5.0,Yael & Yosiel,TARIL5,2.0,,9.0,9.0,2.0,5.0,7,7.0,2.0,4,1,5.0,,,,,,,,,,,,,4.81818,731.0,2,,-2.5,-3.0,3.5,0.0,-2,-2.5,2.0,-0.5,2.5,-2.0,,,,,,,,,,,,,-0.227,517.0,2.24989,-2.5,540.0
6.0,Ben & Ori,TARIL5,,3.0,10.0,8.0,9.0,7.0,6,2.0,6.0,5,6,,,,,,,,,,,,,,6.2,732.0,,1.0,-3.5,-2.0,-3.5,-2.0,-1,2.5,-2.0,-1.5,-2.5,,,,,,,,,,,,,,-1.45,782.0,1.79513,-14.5,1062.0
7.0,Kim & Shon,TARIL5,,5.0,4.0,2.0,5.0,6.0,5,4.0,7.0,,,,,,,,,,,,,,,,4.75,733.0,,-1.0,2.5,4.0,0.5,-1.0,0,0.5,-3.0,,,,,,,,,,,,,,,,0.313,375.0,2.03005,2.5,365.0
8.0,Adriano & Monada,TARIL5,4.0,,2.0,1.0,1.0,3.0,3,8.0,,,,,,,,,,,,,,,,,3.14286,734.0,0,,4.5,5.0,4.5,2.0,2,-3.5,,,,,,,,,,,,,,,,,2.071,21.0,2.8212,14.5,104.0
9.0,Naomi & Hen,TARIL5,3.0,,5.0,10.0,6.0,8.0,9,,,,,,,,,,,,,,,,,,6.83333,735.0,1,,1.5,-4.0,-0.5,-3.0,-4,,,,,,,,,,,,,,,,,,-1.5,784.0,2.27303,-9.0,930.0
10.0,Gali & Daniel,TARIL5,,1.0,7.0,3.0,10.0,,,,,,,,,,,,,,,,,,,,5.25,736.0,,3.0,-0.5,3.0,-4.5,,,,,,,,,,,,,,,,,,,,0.25,385.0,3.09233,1.0,415.0
11.0,Dor & Sapir,TARIL5,5.0,,11.0,11.0,,,,,,,,,,,,,,,,,,,,,9.0,737.0,-1,,-4.5,-5.0,,,,,,,,,,,,,,,,,,,,,-3.5,964.0,1.77951,-10.5,978.0
12.0,Shira & Bar,TARIL5,,6.0,12.0,,,,,,,,,,,,,,,,,,,,,,9.0,738.0,,-2.0,-5.5,,,,,,,,,,,,,,,,,,,,,,-3.75,976.0,1.75,-7.5,848.0
13.0,Yossi & Lee,TARIL5,,7.0,,,,,,,,,,,,,,,,,,,,,,,7.0,739.0,,-3.0,,,,,,,,,,,,,,,,,,,,,,,-3.0,928.0,0.0,-3.0,558.0
14.0,Avi & Avi,TARIL5,7.0,,,,,,,,,,,,,,,,,,,,,,,,7.0,740.0,-3,,,,,,,,,,,,,,,,,,,,,,,,-3.0,928.0,0.0,-3.0,558.0
1.0,Evelin & Tohar,TARIL6,3.0,8.0,9.0,1.0,1.0,6.0,3,5.0,4.0,,,2.0,3.0,1.0,,,,,,,,,,,3.83333,741.0,3.5,-2.0,-3.5,4.0,3.5,-2.0,0.5,-1.5,-1.0,,,1.0,-0.5,1.0,,,,,,,,,,,0.25,385.0,2.34076,2.0,379.0
2.0,Daniel & Eliyahu,TARIL6,11.0,1.0,1.0,4.0,7.0,4.0,2,2.0,2.0,,,1.0,1.0,2.0,,,,,,,,,,,3.16667,742.0,-4.5,5.0,4.5,1.0,-2.5,0.0,1.5,1.5,1.0,,,2.0,1.5,0.0,,,,,,,,,,,0.917,210.0,2.49026,11.0,166.0
3.0,Helen & Regev,TARIL6,1.0,7.0,2.0,2.0,6.0,1.0,4,3.0,5.0,1*,1*,4.0,2.0,3.0,,,,,,,,,,,3.33333,743.0,5.5,-1.0,3.5,3.0,-1.5,3.0,-0.5,0.5,-2.0,2.5*,2*,-1.0,0.5,-1.0,,,,,,,,,,,0.75,253.0,2.30489,10.0,190.0
4.0,Neta & Omer,TARIL6,10.0,4.0,6.0,3.0,3.0,5.0,6,1.0,1.0,,,3.0,4.0,,,,,,,,,,,,4.18182,744.0,-3.5,2.0,-0.5,2.0,1.5,-1.0,-2.5,2.5,2.0,,,0.0,-1.5,,,,,,,,,,,,0.091,432.0,1.96351,1.0,415.0
5.0,Ann & Yarden,TARIL6,4.0,9.0,5.0,5.0,5.0,2.0,5,4.0,3.0,,,5.0,,,,,,,,,,,,,4.7,745.0,2.5,-3.0,0.5,0.0,-0.5,2.0,-1.5,-0.5,0.0,,,-2.0,,,,,,,,,,,,,-0.25,518.0,1.60078,-2.5,540.0
6.0,Adi & Meitar,TARIL6,2.0,2.0,3.0,7.0,4.0,3.0,1,6.0,,2*,3*,,,,,,,,,,,,,,3.5,746.0,4.5,4.0,2.5,-2.0,0.5,1.0,2.5,-2.5,,1.5*,0*,,,,,,,,,,,,,,1.313,116.0,2.4101,10.5,175.0
7.0,Mor & Mor,TARIL6,6.0,5.0,7.0,8.0,2.0,7.0,,,,,,,,,,,,,,,,,,,5.83333,747.0,0.5,1.0,-1.5,-3.0,2.5,-3.0,,,,,,,,,,,,,,,,,,,-0.583,614.0,2.06996,-3.5,585.0
8.0,Yossi & Udi,TARIL6,8.0,10.0,4.0,6.0,8.0,,,,,4*,4*,,,,,,,,,,,,,,7.2,748.0,-1.5,-4.0,1.5,-1.0,-3.5,,,,,-0.5*,-1*,,,,,,,,,,,,,,-1.7,813.0,1.96469,-8.5,896.0
9.0,Hany & Avivit,TARIL6,7.0,6.0,8.0,9.0,,,,,,6*,,,,,,,,,,,,,,,7.5,749.0,-0.5,0.0,-2.5,-4.0,,,,,,-2.5*,,,,,,,,,,,,,,,-1.75,821.0,1.60078,-7.0,829.0
10.0,Yonatan & Nimrod,TARIL6,5.0,3.0,10.0,,,,,,,5*,4*,,,,,,,,,,,,,,6.0,750.0,1.5,3.0,-4.5,,,,,,,-1.5*,-1*,,,,,,,,,,,,,,0.0,450.0,3.24037,0.0,451.0
11.0,Jessica & Assaf,TARIL6,9.0,11.0,,,,,,,,3*,2*,,,,,,,,,,,,,,10.0,751.0,-2.5,-5.0,,,,,,,,0.5*,1*,,,,,,,,,,,,,,-3.75,976.0,1.25,-7.5,848.0
12.0,Noa & Ma'ayan,TARIL6,12.0,,,,,,,,,,,,,,,,,,,,,,,,12.0,752.0,-5.5,,,,,,,,,,,,,,,,,,,,,,,,-5.5,1087.0,0.0,-5.5,733.0
1.0,Tia & Fay,TARIL7,6.0,2.0,6.0,7.0,5.0,8.0,1,1.0,4.0,1,2,1.0,,,,,,,,,,,,,3.66667,753.0,0.5,4.5,0.0,-1.5,0.0,-3.5,3.5,3.0,-0.5,2,0.5,1.0,,,,,,,,,,,,,0.792,243.0,2.12582,9.5,201.0
2.0,Ariel & Karin,TARIL7,7.0,5.0,5.0,4.0,4.0,4.0,4,6.0,3.0,2,1,2.0,,,,,,,,,,,,,3.91667,754.0,-0.5,1.5,1.0,1.5,1.0,0.5,0.5,-2.0,0.5,1,1.5,0.0,,,,,,,,,,,,,0.542,305.0,0.96735,6.5,260.0
3.0,Haviv & Itzhak,TARIL7,4.0,1.0,2.0,1.0,1.0,2.0,5,3.0,1.0,3,3,3.0,,,,,,,,,,,,,2.41667,755.0,2.5,5.5,4.0,4.5,4.0,2.5,-0.5,1.0,2.5,0,-0.5,-1.0,,,,,,,,,,,,,2.042,24.0,2.11599,24.5,15.0
4.0,Eyal & Sid,TARIL7,1.0,4.0,1.0,3.0,2.0,7.0,7,2.0,2.0,4,4,,,,,,,,,,,,,,3.36364,756.0,5.5,2.5,5.0,2.5,3.0,-2.5,-2.5,2.0,1.5,-1,-1.5,,,,,,,,,,,,,,1.318,115.0,2.69066,14.5,104.0
5.0,Nissim & Orel,TARIL7,12.0,6.0,7.0,6.0,8.0,5.0,6,4.0,5.0,5,,,,,,,,,,,,,,,6.4,757.0,-5.5,0.5,-1.0,-0.5,-3.0,-0.5,-1.5,0.0,-1.5,-2,,,,,,,,,,,,,,,-1.5,784.0,1.64317,-15.0,1066.0
6.0,Tali & Gili,TARIL7,10.0,7.0,8.0,2.0,3.0,6.0,3,5.0,6.0,,,,,,,,,,,,,,,,5.55556,758.0,-3.5,-0.5,-2.0,3.5,2.0,-1.5,1.5,-1.0,-2.5,,,,,,,,,,,,,,,,-0.444,576.0,2.17874,-4.0,612.0
7.0,Aviad & Eden,TARIL7,3.0,3.0,3.0,5.0,6.0,1.0,2,7.0,,,,,,,,,,,,,,,,,3.75,759.0,3.5,3.5,3.0,0.5,-1.0,3.5,2.5,-3.0,,,,,,,,,,,,,,,,,1.563,79.0,2.31081,12.5,136.0
8.0,Michal & Omer,TARIL7,8.0,10.0,9.0,9.0,7.0,3.0,8,,,,,,,,,,,,,,,,,,7.71429,760.0,-1.5,-3.5,-3.0,-3.5,-2.0,1.5,-3.5,,,,,,,,,,,,,,,,,,-2.214,874.0,1.68729,-15.5,1075.0
9.0,Ran & Ben,TARIL7,9.0,9.0,4.0,8.0,9.0,,,,,,,,,,,,,,,,,,,,7.8,761.0,-2.5,-2.5,2.0,-2.5,-4.0,,,,,,,,,,,,,,,,,,,,-1.9,844.0,2.0347,-9.5,953.0
10.0,Yehudit & Zohar,TARIL7,2.0,8.0,10.0,10.0,,,,,,,,,,,,,,,,,,,,,7.5,762.0,4.5,-1.5,-4.0,-4.5,,,,,,,,,,,,,,,,,,,,,-1.375,768.0,3.57727,-5.5,733.0
11.0,Kamle & Bahira,TARIL7,11.0,11.0,11.0,,,,,,,,,,,,,,,,,,,,,,11.0,763.0,-4.5,-4.5,-5.0,,,,,,,,,,,,,,,,,,,,,,-4.667,1038.0,0.2357,-14.0,1055.0
12.0,Noy & Hadar,TARIL7,5.0,12.0,,,,,,,,,,,,,,,,,,,,,,,8.5,764.0,1.5,-5.5,,,,,,,,,,,,,,,,,,,,,,,-2.0,852.0,3.5,-4.0,612.0
1.0,Yael & Yosiel,TARIL8,2.0,4.0,1.0,3.0,4.0,1.0,3,2.0,4.0,1,1,1.0,,,,,,,,,,,,,2.25,765.0,4.5,2.0,4.5,2.0,0.5,3.5,1,1.5,-1.0,2,1.5,1.0,,,,,,,,,,,,,1.917,34.0,1.53885,23.0,23.0
2.0,Nata & Assaf,TARIL8,3.0,3.0,3.0,1.0,1.0,6.0,5,1.0,1.0,3,2,2.0,,,,,,,,,,,,,2.58333,766.0,3.5,3.0,2.5,4.0,3.5,-1.5,-1,2.5,2.0,0,0.5,0.0,,,,,,,,,,,,,1.583,73.0,1.81238,19.0,48.0
3.0,Neta & Omer,TARIL8,9.0,8.0,2.0,2.0,6.0,5.0,2,5.0,2.0,2,3,3.0,,,,,,,,,,,,,4.08333,767.0,-2.5,-2.0,3.5,3.0,-1.5,-0.5,2,-1.5,1.0,1,-0.5,-1.0,,,,,,,,,,,,,0.083,433.0,1.90212,1.0,415.0
4.0,Ben & Ori,TARIL8,10.0,9.0,5.0,5.0,5.0,3.0,4,4.0,5.0,4,4,,,,,,,,,,,,,,5.27273,768.0,-3.5,-3.0,0.5,0.0,-0.5,1.5,0,-0.5,-2.0,-1,-1.5,,,,,,,,,,,,,,-0.909,688.0,1.4273,-10.0,962.0
5.0,Shay & Shani,TARIL8,5.0,2.0,4.0,7.0,8.0,2.0,1,3.0,3.0,5,,,,,,,,,,,,,,,4.0,769.0,1.5,4.0,1.5,-2.0,-3.5,2.5,3,0.5,0.0,-2,,,,,,,,,,,,,,,0.55,302.0,2.30705,5.5,285.0
6.0,Ash & Alis,TARIL8,4.0,1.0,7.0,6.0,2.0,7.0,6,6.0,,,,,,,,,,,,,,,,,4.875,770.0,2.5,5.0,-1.5,-1.0,2.5,-2.5,-2,-2.5,,,,,,,,,,,,,,,,,0.063,440.0,2.67439,0.5,426.0
7.0,Lian & Eviatar,TARIL8,1.0,5.0,6.0,4.0,7.0,4.0,7,,,,,,,,,,,,,,,,,,4.85714,771.0,5.5,1.0,-0.5,1.0,-2.5,0.5,-3,,,,,,,,,,,,,,,,,,0.286,383.0,2.60298,2.0,379.0
8.0,Gili & Tali,TARIL8,8.0,6.0,8.0,8.0,3.0,8.0,,,,,,,,,,,,,,,,,,,6.83333,772.0,-1.5,0.0,-2.5,-3.0,1.5,-3.5,,,,,,,,,,,,,,,,,,,-1.5,784.0,1.75594,-9.0,930.0
9.0,Ann & Yarden,TARIL8,7.0,10.0,9.0,9.0,,,,,,,,,,,,,,,,,,,,,8.75,773.0,-0.5,-4.0,-3.5,-4.0,,,,,,,,,,,,,,,,,,,,,-3.0,928.0,1.45774,-12.0,1021.0
10.0,Vova & Alla,TARIL8,11.0,7.0,10.0,,,,,,,,,,,,,,,,,,,,,,9.33333,774.0,-4.5,-1.0,-4.5,,,,,,,,,,,,,,,,,,,,,,-3.333,958.0,1.64992,-10.0,962.0
11.0,Shiri & Noga,TARIL8,6.0,11.0,,,,,,,,,,,,,,,,,,,,,,,8.5,775.0,0.5,-5.0,,,,,,,,,,,,,,,,,,,,,,,-2.25,875.0,2.75,-4.5,633.0
12.0,Michal & Ruthi,TARIL8,12.0,,,,,,,,,,,,,,,,,,,,,,,,12.0,776.0,-5.5,,,,,,,,,,,,,,,,,,,,,,,,-5.5,1087.0,0.0,-5.5,733.0
1.0,Lee & Anne,TARIL9,7.0,1.0,3.0,3.0,7.0,4.0,1,2.0,1.0,3,1,1.0,,,,,,,,,,,,,2.83333,,0,5.5,3.0,2.5,-2.0,0.5,3,1.5,2.5,0,1.5,1.0,,,,,,,,,,,,,1.583,73.0,1.83523,19.0,48.0
2.0,Inbar & Avishai,TARIL9,8.0,9.0,5.0,7.0,4.0,7.0,3,3.0,3.0,1,3,2.0,,,,,,,,,,,,,4.58333,,-1,-2.5,1.0,-1.5,1.0,-2.5,1,0.5,0.5,2,-0.5,0.0,,,,,,,,,,,,,-0.167,503.0,1.38944,-2.0,526.0
3.0,Lior & Sapir,TARIL9,9.0,8.0,2.0,2.0,2.0,6.0,5,6.0,2.0,2,2,3.0,,,,,,,,,,,,,4.08333,,-2,-1.5,4.0,3.5,3.0,-1.5,-1,-2.5,1.5,1,0.5,-1.0,,,,,,,,,,,,,0.333,365.0,2.16346,4.0,327.0
4.0,Itzik & Esti,TARIL9,2.0,5.0,7.0,5.0,3.0,2.0,2,4.0,4.0,4,4,,,,,,,,,,,,,,3.81818,,5,1.5,-1.0,0.5,2.0,2.5,2,-0.5,-0.5,-1,-1.5,,,,,,,,,,,,,,0.818,239.0,1.88623,9.0,213.0
5.0,Sahar & Yiftach,TARIL9,1.0,6.0,1.0,4.0,6.0,5.0,4,5.0,5.0,5,,,,,,,,,,,,,,,4.2,,6,0.5,5.0,1.5,-1.0,-0.5,0,-1.5,-1.5,-2,,,,,,,,,,,,,,,0.65,283.0,2.62726,6.5,260.0
6.0,Udi & Matan,TARIL9,3.0,11.0,8.0,6.0,8.0,1.0,6,1.0,6.0,,,,,,,,,,,,,,,,5.55556,,4,-4.5,-2.0,-0.5,-3.0,3.5,-2,2.5,-2.5,,,,,,,,,,,,,,,,-0.5,581.0,2.90593,-4.5,633.0
7.0,Modi & Miki,TARIL9,5.0,4.0,4.0,8.0,5.0,3.0,7,,,,,,,,,,,,,,,,,,5.14286,,2,2.5,2.0,-2.5,0.0,1.5,-3,,,,,,,,,,,,,,,,,,0.357,359.0,2.09956,2.5,365.0
8.0,Hasi & Yarin,TARIL9,11.0,7.0,10.0,9.0,1.0,8.0,,,,,,,,,,,,,,,,,,,7.66667,,-4,-0.5,-4.0,-3.5,4.0,-3.5,,,,,,,,,,,,,,,,,,,-1.917,846.0,2.90713,-11.5,1004.0
9.0,Idan & Guy,TARIL9,12.0,2.0,9.0,1.0,9.0,,,,,,,,,,,,,,,,,,,,6.6,,-5,4.5,-3.0,4.5,-4.0,,,,,,,,,,,,,,,,,,,,-0.6,619.0,4.21189,-3.0,558.0
10.0,Amit & Rotem,TARIL9,4.0,3.0,6.0,10.0,,,,,,,,,,,,,,,,,,,,,5.75,,3,3.5,0.0,-4.5,,,,,,,,,,,,,,,,,,,,,0.5,306.0,3.18198,2.0,379.0
11.0,Racheli & Miri,TARIL9,10.0,10.0,11.0,,,,,,,,,,,,,,,,,,,,,,10.33333,,-3,-3.5,-5.0,,,,,,,,,,,,,,,,,,,,,,-3.833,988.0,0.84984,-11.5,1004.0
12.0,Shahar & Ronit,TARIL9,6.0,12.0,,,,,,,,,,,,,,,,,,,,,,,9.0,,1,-5.5,,,,,,,,,,,,,,,,,,,,,,,-2.25,875.0,3.25,-4.5,633.0
13.0,Michal & Elrom,TARIL9,13.0,,,,,,,,,,,,,,,,,,,,,,,,13.0,,-6,,,,,,,,,,,,,,,,,,,,,,,,-6.0,1096.0,0.0,-6.0,773.0
1.0,Tamara & Matías,TARLA1,1.0,1.0,2.0,2.0,2.0,3.0,1,2.0,4.0,4,3,3.0,1.0,,,,,,,,,,,,2.23077,777.0,5,5.0,3.5,3.0,2.5,1.0,3,1.5,-1.0,-1.5,-0.5,-1.0,1.0,,,,,,,,,,,,1.654,64.0,2.14283,21.5,32.0
2.0,Daniel & David,TARLA1,2.0,10.0,3.0,1.0,3.0,6.0,4,3.0,3.0,2,2,1.0,2.0,,,,,,,,,,,,3.23077,778.0,4,-4.0,2.5,4.0,1.5,-2.0,0,0.5,0.0,0.5,0.5,1.0,0.0,,,,,,,,,,,,0.654,280.0,2.08829,8.5,220.0
3.0,Ferna & Fran,TARLA1,10.0,3.0,8.0,5.0,5.0,1.0,2,1.0,2.0,1,1,2.0,3.0,,,,,,,,,,,,3.38462,779.0,-4,3.0,-2.5,0.0,-0.5,3.0,2,2.5,1.0,1.5,1.5,0.0,-1.0,,,,,,,,,,,,0.5,306.0,2.0381,6.5,260.0
4.0,Carlos & Daniel,TARLA1,5.0,2.0,7.0,4.0,4.0,2.0,5,5.0,1.0,2,4,,,,,,,,,,,,,,3.72727,780.0,1,4.0,-1.5,1.0,0.5,2.0,-1,-1.5,2.0,0.5,-1.5,,,,,,,,,,,,,,0.5,306.0,1.69223,5.5,285.0
5.0,Anna & Rodrigo,TARLA1,6.0,8.0,4.0,6.0,1.0,4.0,3,4.0,5.0,,,,,,,,,,,,,,,,4.55556,781.0,0,-2.0,1.5,-1.0,3.5,0.0,1,-0.5,-2.0,,,,,,,,,,,,,,,,0.056,444.0,1.65738,0.5,426.0
6.0,Casilda & Casilda,TARLA1,3.0,6.0,1.0,3.0,6.0,7.0,6,6.0,,,,,,,,,,,,,,,,,4.75,782.0,3,0.0,4.5,2.0,-1.5,-3.0,-2,-2.5,,,,,,,,,,,,,,,,,0.063,440.0,2.61531,0.5,426.0
7.0,Miguel & Diego,TARLA1,7.0,5.0,5.0,8.0,7.0,5.0,7,,,,,,,,,,,,,,,,,,6.28571,783.0,-1,1.0,0.5,-3.0,-2.5,-1.0,-3,,,,,,,,,,,,,,,,,,-1.286,758.0,1.50848,-9.0,930.0
8.0,Mario & Melissa,TARLA1,8.0,4.0,9.0,7.0,8.0,,,,,,,,,,,,,,,,,,,,7.2,784.0,-2,2.0,-3.5,-2.0,-3.5,,,,,,,,,,,,,,,,,,,,-1.8,828.0,2.01494,-9.0,930.0
9.0,Ricardo & Adriana,TARLA1,4.0,9.0,6.0,9.0,,,,,,,,,,,,,,,,,,,,,7.0,785.0,2,-3.0,-0.5,-4.0,,,,,,,,,,,,,,,,,,,,,-1.375,768.0,2.32849,-5.5,733.0
10.0,Gabriel & Guillermo,TARLA1,9.0,7.0,10.0,,,,,,,,,,,,,,,,,,,,,,8.66667,786.0,-3,-1.0,-4.5,,,,,,,,,,,,,,,,,,,,,,-2.833,918.0,1.43372,-8.5,896.0
11.0,Ariel & Nora,TARLA1,11.0,11.0,,,,,,,,,,,,,,,,,,,,,,,11.0,787.0,-5,-5.0,,,,,,,,,,,,,,,,,,,,,,,-5.0,1042.0,0.0,-10.0,962.0
1.0,Carlos & Mauricio,TARLA2,3.0,1.0,3.0,2.0,1.0,4.0,4,3.0,2.0,2,1,2.0,1.0,,,,,,,,,,,,2.23077,788.0,3,5.0,2.5,3.0,3.5,0.5,0,1.0,1.5,1,1.5,0.0,1.0,,,,,,,,,,,,1.808,42.0,1.43498,23.5,19.0
2.0,Toño & Lili,TARLA2,6.0,2.0,1.0,3.0,2.0,2.0,3,1.0,1.0,1,2,1.0,2.0,,,,,,,,,,,,2.07692,789.0,0,4.0,4.5,2.0,2.5,2.5,1,3.0,2.5,2,0.5,1.0,0.0,,,,,,,,,,,,1.962,31.0,1.36525,25.5,11.0
3.0,Aleandra & Marlene,TARLA2,8.0,5.0,7.0,7.0,7.0,7.0,7,5.0,3.0,3,3,3.0,3.0,,,,,,,,,,,,5.23077,790.0,-2,1.0,-1.5,-2.0,-2.5,-2.5,-3,-1.0,0.5,0,-0.5,-1.0,-1.0,,,,,,,,,,,,-1.192,737.0,1.16913,-15.5,1075.0
4.0,Vinícius & Guilherme,TARLA2,7.0,7.0,6.0,5.0,3.0,5.0,6,2.0,5.0,4,4,,,,,,,,,,,,,,4.90909,791.0,-1,-1.0,-0.5,0.0,1.5,-0.5,-2,2.0,-1.5,-1,-1.5,,,,,,,,,,,,,,-0.5,581.0,1.18705,-5.5,733.0
5.0,Esteban & Marisol,TARLA2,9.0,8.0,5.0,4.0,6.0,3.0,2,4.0,4.0,5,,,,,,,,,,,,,,,5.0,792.0,-3,-2.0,0.5,1.0,-1.5,1.5,2,0.0,-0.5,-2,,,,,,,,,,,,,,,-0.4,559.0,1.59374,-4.0,612.0
6.0,Marietta & José,TARLA2,4.0,9.0,9.0,8.0,5.0,6.0,5,6.0,6.0,,,,,,,,,,,,,,,,6.44444,793.0,2,-3.0,-3.5,-3.0,-0.5,-1.5,-1,-2.0,-2.5,,,,,,,,,,,,,,,,-1.667,808.0,1.59861,-15.0,1066.0
7.0,Edison & Edison,TARLA2,5.0,3.0,2.0,1.0,4.0,1.0,1,7.0,,,,,,,,,,,,,,,,,3.0,794.0,1,3.0,3.5,4.0,0.5,3.5,3,-3.0,,,,,,,,,,,,,,,,,1.938,33.0,2.19996,15.5,89.0
8.0,Jelkin & Javier,TARLA2,1.0,6.0,8.0,6.0,8.0,8.0,,,,,,,,,,,,,,,,,,,6.16667,795.0,5,0.0,-2.5,-1.0,-3.5,-3.5,,,,,,,,,,,,,,,,,,,-0.917,690.0,2.93565,-5.5,733.0
9.0,Omar & Roger,TARLA2,2.0,4.0,4.0,9.0,,,,,,,,,,,,,,,,,,,,,4.75,796.0,4,2.0,1.5,-4.0,,,,,,,,,,,,,,,,,,,,,0.875,221.0,2.96595,3.5,338.0
10.0,Mauricio & Mariana,TARLA2,11.0,10.0,10.0,,,,,,,,,,,,,,,,,,,,,,10.33333,797.0,-5,-4.0,-4.5,,,,,,,,,,,,,,,,,,,,,,-4.5,1017.0,0.40825,-13.5,1048.0
11.0,Susy & Stefany,TARLA2,10.0,11.0,,,,,,,,,,,,,,,,,,,,,,,10.5,798.0,-4,-5.0,,,,,,,,,,,,,,,,,,,,,,,-4.5,1017.0,0.5,-9.0,930.0
1.0,Nicolás & Cristóbal,TARLA3,2.0,4.0,3.0,3.0,3.0,3.0,3,1.0,1.0,1,1,2.0,1.0,,,,,,,,,,,,2.15385,799.0,4,2.0,2.5,2.0,1.5,1.5,1,2.5,2.0,2,1.5,0.0,1.0,,,,,,,,,,,,1.808,42.0,0.91017,23.5,19.0
2.0,Felipe & Alejandro,TARLA3,1.0,2.0,1.0,1.0,1.0,1.0,5,4.0,4.0,2,2,3.0,2.0,,,,,,,,,,,,2.23077,800.0,5,4.0,4.5,4.0,3.5,3.5,-1,-0.5,-1.0,1,0.5,-1.0,0.0,,,,,,,,,,,,1.731,53.0,2.27542,22.5,26.0
3.0,Maxi & Demi,TARLA3,7.0,9.0,8.0,6.0,5.0,4.0,2,2.0,2.0,3,3,1.0,3.0,,,,,,,,,,,,4.23077,801.0,-1,-3.0,-2.5,-1.0,-0.5,0.5,2,1.5,1.0,0,-0.5,1.0,-1.0,,,,,,,,,,,,-0.269,531.0,1.42256,-3.5,585.0
4.0,Kathy & Rick,TARLA3,9.0,7.0,7.0,8.0,6.0,5.0,1,3.0,3.0,4,4,,,,,,,,,,,,,,5.18182,802.0,-3,-1.0,-1.5,-3.0,-1.5,-0.5,3,0.5,0.0,-1,-1.5,,,,,,,,,,,,,,-0.864,680.0,1.59674,-9.5,953.0
5.0,Toya & Juan del Mar,TARLA3,3.0,1.0,2.0,2.0,2.0,2.0,6,5.0,5.0,5,,,,,,,,,,,,,,,3.3,803.0,3,5.0,3.5,3.0,2.5,2.5,-2,-1.5,-2.0,-2,,,,,,,,,,,,,,,1.2,136.0,2.6,12.0,145.0
6.0,Marisol & José,TARLA3,4.0,5.0,4.0,4.0,7.0,7.0,4,6.0,,,,,,,,,,,,,,,,,5.125,804.0,2,1.0,1.5,1.0,-2.5,-2.5,0,-2.5,,,,,,,,,,,,,,,,,-0.25,518.0,1.82003,-2.0,526.0
7.0,Andre & Nico,TARLA3,5.0,3.0,5.0,5.0,4.0,6.0,7,,,,,,,,,,,,,,,,,,5.0,805.0,1,3.0,0.5,0.0,0.5,-1.5,-3,,,,,,,,,,,,,,,,,,0.071,437.0,1.76126,0.5,426.0
8.0,Rosario & Pablo,TARLA3,6.0,6.0,6.0,7.0,8.0,8.0,,,,,,,,,,,,,,,,,,,6.83333,806.0,0,0.0,-0.5,-2.0,-3.5,-3.5,,,,,,,,,,,,,,,,,,,-1.583,799.0,1.51153,-9.5,953.0
9.0,Mónica & Rosy,TARLA3,8.0,8.0,9.0,9.0,,,,,,,,,,,,,,,,,,,,,8.5,807.0,-2,-2.0,-3.5,-4.0,,,,,,,,,,,,,,,,,,,,,-2.875,925.0,0.89268,-11.5,1004.0
10.0,Vero & Gaba,TARLA3,11.0,10.0,10.0,,,,,,,,,,,,,,,,,,,,,,10.33333,808.0,-5,-4.0,-4.5,,,,,,,,,,,,,,,,,,,,,,-4.5,1017.0,0.40825,-13.5,1048.0
11.0,Ale & Eze,TARLA3,10.0,11.0,,,,,,,,,,,,,,,,,,,,,,,10.5,809.0,-4,-5.0,,,,,,,,,,,,,,,,,,,,,,,-4.5,1017.0,0.5,-9.0,930.0
1.0,Daniel & César,TARLA4,5.0,7.0,9.0,7.0,6.0,6.0,4,5.0,2.0,2,1,3.0,1.0,,,,,,,,,,,,4.46154,810.0,1,-1.0,-4.0,-2.0,-1.5,-2.0,0,-1.5,1.0,1,1.5,-1.0,1.0,,,,,,,,,,,,-0.577,613.0,1.57927,-7.5,848.0
2.0,Fer & Ferds,TARLA4,4.0,3.0,5.0,3.0,3.0,2.0,3,2.0,3.0,3,2,1.0,2.0,,,,,,,,,,,,2.76923,811.0,2,3.0,0.0,2.0,1.5,2.0,1,1.5,0.0,0,0.5,1.0,0.0,,,,,,,,,,,,1.115,158.0,0.94368,14.5,104.0
3.0,Edu & Rick,TARLA4,6.0,4.0,2.0,1.0,2.0,3.0,5,4.0,1.0,1,3,2.0,3.0,,,,,,,,,,,,2.84615,812.0,0,2.0,3.0,4.0,2.5,1.0,-1,-0.5,2.0,2,-0.5,0.0,-1.0,,,,,,,,,,,,1.038,185.0,1.58674,13.5,121.0
4.0,Renan & Fran,TARLA4,2.0,8.0,6.0,6.0,5.0,4.0,2,3.0,4.0,4,4,,,,,,,,,,,,,,4.36364,813.0,4,-2.0,-1.0,-1.0,-0.5,0.0,2,0.5,-1.0,-1,-1.5,,,,,,,,,,,,,,-0.136,498.0,1.66639,-1.5,514.0
5.0,Renata & Ana Paula,TARLA4,1.0,1.0,1.0,4.0,4.0,1.0,1,1.0,5.0,5,,,,,,,,,,,,,,,2.4,814.0,5,5.0,4.0,1.0,0.5,3.0,3,2.5,-2.0,-2,,,,,,,,,,,,,,,2.0,26.0,2.43926,20.0,40.0
6.0,Fernanda & Cainã,TARLA4,3.0,5.0,4.0,2.0,1.0,5.0,6,6.0,,,,,,,,,,,,,,,,,4.0,815.0,3,1.0,1.0,3.0,3.5,-1.0,-2,-2.5,,,,,,,,,,,,,,,,,0.75,253.0,2.20794,6.0,271.0
7.0,Fuzetti & Nando,TARLA4,8.0,2.0,7.0,5.0,7.0,7.0,7,,,,,,,,,,,,,,,,,,6.14286,816.0,-2,4.0,-2.0,0.0,-2.5,-3.0,-3,,,,,,,,,,,,,,,,,,-1.214,742.0,2.32774,-8.5,896.0
8.0,Gabriela & Harã,TARLA4,10.0,9.0,8.0,8.0,8.0,,,,,,,,,,,,,,,,,,,,8.6,817.0,-4,-3.0,-3.0,-3.0,-3.5,,,,,,,,,,,,,,,,,,,,-3.3,957.0,0.4,-16.5,1085.0
9.0,Ciça & Zezão,TARLA4,9.0,6.0,3.0,9.0,,,,,,,,,,,,,,,,,,,,,6.75,818.0,-3,0.0,2.0,-4.0,,,,,,,,,,,,,,,,,,,,,-1.25,747.0,2.38485,-5.0,671.0
10.0,Billy & Gean,TARLA4,11.0,10.0,,,,,,,,,,,,,,,,,,,,,,,10.5,819.0,-5,-4.0,,,,,,,,,,,,,,,,,,,,,,,-4.5,1017.0,0.5,-9.0,930.0
11.0,Ci & Lu,TARLA4,7.0,11.0,,,,,,,,,,,,,,,,,,,,,,,9.0,820.0,-1,-5.0,,,,,,,,,,,,,,,,,,,,,,,-3.0,928.0,2.0,-6.0,773.0
1.0,Ezequiel & Tobías,TARLA5,3.0,9.0,9.0,5.0,2.0,3.0,5,4.0,1.0,1,2,1.0,1.0,,,,,,,,,,,,3.53846,821.0,3,-3.5,-4.0,0.0,3.0,1.0,-1.5,-0.5,2.0,1.5,0.5,1.0,1.0,,,,,,,,,,,,0.269,384.0,2.09959,3.5,338.0
2.0,Darío & Esther,TARLA5,5.0,1.0,5.0,2.0,4.0,5.0,1,1.0,4.0,4,3,3.0,2.0,,,,,,,,,,,,3.07692,822.0,1,4.5,0.0,3.0,1.0,-1.0,2.5,2.5,-1.0,-1.5,-0.5,-1.0,0.0,,,,,,,,,,,,0.731,260.0,1.80401,9.5,201.0
3.0,Karina & Braian,TARLA5,2.0,7.0,2.0,4.0,6.0,6.0,4,3.0,3.0,2,1,2.0,3.0,,,,,,,,,,,,3.46154,823.0,4,-1.5,3.0,1.0,-1.0,-2.0,-0.5,0.5,0.0,0.5,1.5,0.0,-1.0,,,,,,,,,,,,0.346,363.0,1.65697,4.5,312.0
4.0,Manfred & Pierre,TARLA5,9.0,8.0,3.0,3.0,1.0,1.0,2,2.0,2.0,3,4,,,,,,,,,,,,,,3.45455,824.0,-3,-2.5,2.0,2.0,4.0,3.0,1.5,1.5,1.0,-0.5,-1.5,,,,,,,,,,,,,,0.682,271.0,2.1561,7.5,241.0
5.0,Jessica & Michelle,TARLA5,6.0,4.0,7.0,6.0,5.0,4.0,3,5.0,5.0,,,,,,,,,,,,,,,,5.0,825.0,0,1.5,-2.0,-1.0,0.0,0.0,0.5,-1.5,-2.0,,,,,,,,,,,,,,,,-0.5,581.0,1.13039,-4.5,633.0
6.0,Evelyn & Jorge,TARLA5,1.0,6.0,4.0,1.0,3.0,2.0,6,6.0,,,,,,,,,,,,,,,,,3.625,826.0,5,-0.5,1.0,4.0,2.0,2.0,-2.5,-2.5,,,,,,,,,,,,,,,,,1.063,169.0,2.5913,8.5,220.0
7.0,Astrid & Aleja,TARLA5,10.0,5.0,6.0,7.0,7.0,7.0,,,,,,,,,,,,,,,,,,,7.0,827.0,-4,0.5,-1.0,-2.0,-2.0,-3.0,,,,,,,,,,,,,,,,,,,-1.917,846.0,1.42644,-11.5,1004.0
8.0,Juanjo & Beto,TARLA5,4.0,2.0,8.0,8.0,8.0,,,,,,,,,,,,,,,,,,,,6.0,828.0,2,3.5,-3.0,-3.0,-3.0,,,,,,,,,,,,,,,,,,,,-0.7,642.0,2.85657,-3.5,585.0
9.0,Débora & Renata,TARLA5,7.0,3.0,1.0,9.0,9.0,,,,,,,,,,,,,,,,,,,,5.8,829.0,-1,2.5,4.0,-4.0,-4.0,,,,,,,,,,,,,,,,,,,,-0.5,581.0,3.28634,-2.5,540.0
10.0,Filippo & Eddy,TARLA5,8.0,10.0,,,,,,,,,,,,,,,,,,,,,,,9.0,830.0,-2,-4.5,,,,,,,,,,,,,,,,,,,,,,,-3.25,946.0,1.25,-6.5,797.0
11.0,Ari & Ra,TARLA5,11.0,,,,,,,,,,,,,,,,,,,,,,,,11.0,831.0,-5,,,,,,,,,,,,,,,,,,,,,,,,-5.0,1042.0,0.0,-5.0,671.0
1.0,Giovanni & Juan Carlos,TARLA6,3.0,7.0,3.0,3.0,5.0,5.0,3,3.0,3.0,1,1,2.0,1.0,,,,,,,,,,,,3.07692,832.0,3,-1.5,2.0,1.5,-1.0,-1.0,0.5,0.5,0.0,2,1.5,0.0,1.0,,,,,,,,,,,,0.654,280.0,1.29176,8.5,220.0
2.0,Javier & Nicolas,TARLA6,2.0,8.0,1.0,5.0,4.0,3.0,1,2.0,1.0,3,2,1.0,2.0,,,,,,,,,,,,2.69231,833.0,4,-2.5,4.0,-0.5,0.0,1.0,2.5,1.5,2.0,0,0.5,1.0,0.0,,,,,,,,,,,,1.038,185.0,1.73717,13.5,121.0
3.0,Juan & Cecilia,TARLA6,5.0,9.0,8.0,1.0,2.0,4.0,6,5.0,4.0,2,3,3.0,3.0,,,,,,,,,,,,4.23077,834.0,1,-3.5,-3.0,3.5,2.0,0.0,-2.5,-1.5,-1.0,1,-0.5,-1.0,-1.0,,,,,,,,,,,,-0.5,581.0,1.92154,-6.5,797.0
4.0,Christian & Dina,TARLA6,10.0,6.0,5.0,6.0,3.0,2.0,2,1.0,2.0,4,4,,,,,,,,,,,,,,4.09091,835.0,-4,-0.5,0.0,-1.5,1.0,2.0,1.5,2.5,1.0,-1,-1.5,,,,,,,,,,,,,,-0.045,477.0,1.81477,-0.5,476.0
5.0,Martín & Jenny,TARLA6,4.0,5.0,7.0,4.0,6.0,6.0,4,4.0,5.0,5,,,,,,,,,,,,,,,5.0,836.0,2,0.5,-2.0,0.5,-2.0,-2.0,-0.5,-0.5,-2.0,-2,,,,,,,,,,,,,,,-0.8,662.0,1.36382,-8.0,878.0
6.0,Stefanía & Felipe,TARLA6,1.0,4.0,2.0,2.0,1.0,1.0,5,6.0,,,,,,,,,,,,,,,,,2.75,837.0,5,1.5,3.0,2.5,3.0,3.0,-1.5,-2.5,,,,,,,,,,,,,,,,,1.75,48.0,2.3585,14.0,113.0
7.0,Sonia & Gabriel,TARLA6,8.0,1.0,4.0,7.0,7.0,7.0,,,,,,,,,,,,,,,,,,,5.66667,838.0,-2,4.5,1.0,-2.5,-3.0,-3.0,,,,,,,,,,,,,,,,,,,-0.833,669.0,2.74874,-5.0,671.0
8.0,Clara & Delfina,TARLA6,6.0,2.0,6.0,8.0,,,,,,,,,,,,,,,,,,,,,5.5,839.0,0,3.5,-1.0,-3.5,,,,,,,,,,,,,,,,,,,,,-0.25,518.0,2.51247,-1.0,491.0
9.0,Audi & David,TARLA6,9.0,3.0,9.0,,,,,,,,,,,,,,,,,,,,,,7.0,840.0,-3,2.5,-4.0,,,,,,,,,,,,,,,,,,,,,,-1.5,784.0,2.85774,-4.5,633.0
10.0,Carlos & Orlando,TARLA6,7.0,10.0,,,,,,,,,,,,,,,,,,,,,,,8.5,841.0,-1,-4.5,,,,,,,,,,,,,,,,,,,,,,,-2.75,912.0,1.75,-5.5,733.0
11.0,Ana & Vantroy,TARLA6,11.0,,,,,,,,,,,,,,,,,,,,,,,,11.0,842.0,-5,,,,,,,,,,,,,,,,,,,,,,,,-5.0,1042.0,0.0,-5.0,671.0
1.0,Morten & Truls,TARNO1,4.0,1.0,2.0,2.0,1.0,6.0,2,1.0,1.0,4,1,2.0,1.0,,,,,,,,,,,,2.15385,843.0,2,4.5,3.0,2.5,3.5,-2.0,1.5,2.5,2.0,-1,2,0.5,1.0,,,,,,,,,,,,1.692,59.0,1.69318,22.0,28.0
2.0,Karim & Khabat,TARNO1,1.0,9.0,4.0,1.0,2.0,1.0,1,3.0,3.0,1,3,1.0,2.0,,,,,,,,,,,,2.46154,844.0,5,-3.5,1.0,3.5,2.5,3.0,2.5,0.5,0.0,2,0,1.5,0.0,,,,,,,,,,,,1.385,105.0,2.0301,18.0,61.0
3.0,Cathrine & Michelle,TARNO1,7.0,2.0,1.0,3.0,7.0,5.0,4,5.0,4.0,2,2,3.0,3.0,,,,,,,,,,,,3.69231,845.0,-1,3.5,4.0,1.5,-2.5,-1.0,-0.5,-1.5,-1.0,1,1,-0.5,-1.0,,,,,,,,,,,,0.154,422.0,1.86449,2.0,379.0
4.0,Frank & Ivar,TARNO1,8.0,4.0,3.0,7.0,3.0,2.0,3,4.0,2.0,3,4,4.0,,,,,,,,,,,,,3.91667,846.0,-2,1.5,2.0,-2.5,1.5,2.0,0.5,-0.5,1.0,0,-1,-1.5,,,,,,,,,,,,,0.083,433.0,1.51153,1.0,415.0
5.0,Kari & Bjørn,TARNO1,9.0,5.0,5.0,6.0,4.0,4.0,5,2.0,5.0,5,5,,,,,,,,,,,,,,5.0,847.0,-3,0.5,0.0,-1.5,0.5,0.0,-1.5,1.5,-2.0,-2,-2,,,,,,,,,,,,,,-0.864,680.0,1.34993,-9.5,953.0
6.0,Tor Einar & Cathrine,TARNO1,6.0,7.0,7.0,5.0,5.0,3.0,6,6.0,,,,,,,,,,,,,,,,,5.625,848.0,0,-1.5,-2.0,-0.5,-0.5,1.0,-2.5,-2.5,,,,,,,,,,,,,,,,,-1.063,718.0,1.18421,-8.5,896.0
7.0,Julie & Vichy,TARNO1,2.0,3.0,8.0,4.0,6.0,7.0,,,,,,,,,,,,,,,,,,,5.0,849.0,4,2.5,-3.0,0.5,-1.5,-3.0,,,,,,,,,,,,,,,,,,,-0.083,485.0,2.66797,-0.5,476.0
8.0,Bjarne & Vilde,TARNO1,3.0,6.0,6.0,8.0,8.0,,,,,,,,,,,,,,,,,,,,6.2,850.0,3,-0.5,-1.0,-3.5,-3.5,,,,,,,,,,,,,,,,,,,,-1.1,725.0,2.39583,-5.5,733.0
9.0,Martha & Elise,TARNO1,10.0,8.0,9.0,,,,,,,,,,,,,,,,,,,,,,9.0,851.0,-4,-2.5,-4.0,,,,,,,,,,,,,,,,,,,,,,-3.5,964.0,0.70711,-10.5,978.0
10.0,Pål Christian & Ivar,TARNO1,5.0,10.0,,,,,,,,,,,,,,,,,,,,,,,7.5,852.0,1,-4.5,,,,,,,,,,,,,,,,,,,,,,,-1.75,821.0,2.75,-3.5,585.0
11.0,Kenneth & Hakan,TARNO1,11.0,,,,,,,,,,,,,,,,,,,,,,,,11.0,853.0,-5,,,,,,,,,,,,,,,,,,,,,,,,-5.0,1042.0,0.0,-5.0,671.0
1.0,Omar & Bilal,TARNO2,3.0,7.0,2.0,1.0,2.0,1.0,1,1.0,2.0,1,2,1.0,,,,,,,,,,,,,2.0,854.0,2.5,-2.0,2.5,3.0,2.0,3.0,2.5,2.0,1.0,1.5,0.5,1.0,,,,,,,,,,,,,1.625,69.0,1.34048,19.5,43.0
2.0,Sveinung & Solfrid,TARNO2,6.0,3.0,3.0,3.0,4.0,4.0,2,2.0,1.0,3,1,2.0,,,,,,,,,,,,,2.83333,855.0,-0.5,2.0,1.5,1.0,0.0,0.0,1.5,1.0,2.0,-0.5,1.5,0.0,,,,,,,,,,,,,0.792,243.0,0.90042,9.5,201.0
3.0,Cecilie & Camilla,TARNO2,7.0,5.0,4.0,4.0,3.0,2.0,5,3.0,4.0,4,3,3.0,,,,,,,,,,,,,3.91667,856.0,-1.5,0.0,0.5,0.0,1.0,2.0,-1.5,0.0,-1.0,-1.5,-0.5,-1.0,,,,,,,,,,,,,-0.292,535.0,1.04997,-3.5,585.0
4.0,Julie & Robert,TARNO2,5.0,2.0,1.0,2.0,1.0,3.0,3,4.0,3.0,2,4,,,,,,,,,,,,,,2.72727,857.0,0.5,3.0,3.5,2.0,3.0,1.0,0.5,-1.0,0.0,0.5,-1.5,,,,,,,,,,,,,,1.045,178.0,1.57328,11.5,147.0
5.0,Lill & Stian,TARNO2,1.0,8.0,6.0,6.0,7.0,5.0,4,5.0,5.0,,,,,,,,,,,,,,,,5.22222,858.0,4.5,-3.0,-1.5,-2.0,-3.0,-1.0,-0.5,-2.0,-2.0,,,,,,,,,,,,,,,,-1.167,731.0,2.14735,-10.5,978.0
6.0,Eva & Wenche,TARNO2,4.0,1.0,7.0,5.0,6.0,6.0,6,,,,,,,,,,,,,,,,,,5.0,859.0,1.5,4.0,-2.5,-1.0,-2.0,-2.0,-2.5,,,,,,,,,,,,,,,,,,-0.643,631.0,2.29463,-4.5,633.0
7.0,Vinh & Terje,TARNO2,2.0,4.0,5.0,7.0,5.0,7.0,,,,,,,,,,,,,,,,,,,5.0,860.0,3.5,1.0,-0.5,-3.0,-1.0,-3.0,,,,,,,,,,,,,,,,,,,-0.5,581.0,2.27303,-3.0,558.0
8.0,Priscila & Lindsy,TARNO2,8.0,6.0,8.0,,,,,,,,,,,,,,,,,,,,,,7.33333,861.0,-2.5,-1.0,-3.5,,,,,,,,,,,,,,,,,,,,,,-2.333,892.0,1.0274,-7.0,829.0
9.0,Milorad & Dario,TARNO2,9.0,9.0,,,,,,,,,,,,,,,,,,,,,,,9.0,862.0,-3.5,-4.0,,,,,,,,,,,,,,,,,,,,,,,-3.75,976.0,0.25,-7.5,848.0
10.0,Allan & Ørjan,TARNO2,10.0,,,,,,,,,,,,,,,,,,,,,,,,10.0,863.0,-4.5,,,,,,,,,,,,,,,,,,,,,,,,-4.5,1017.0,0.0,-4.5,633.0
1.0,Baggio & Thành Phúc,TARVN1,6.0,2.0,1.0,3.0,1.0,6.0,5,3.0,1.0,3,3,1.0,1.0,,,,,,,,,,,,2.76923,864.0,-0.5,3.5,4.5,2.0,3.5,-2.0,-1,0.5,2.0,0,-0.5,1.5,1.0,,,,,,,,,,,,1.115,158.0,1.87241,14.5,104.0
2.0,Minh Hoàng & Phương Thảo,TARVN1,7.0,8.0,6.0,6.0,3.0,4.0,6,1.0,5.0,4,1,3.0,2.0,,,,,,,,,,,,4.30769,865.0,-1.5,-2.5,-0.5,-1.0,1.5,0.0,-2,2.5,-2.0,-1,1.5,-0.5,0.0,,,,,,,,,,,,-0.423,568.0,1.4524,-5.5,733.0
3.0,Thành Chung & Thanh Bằng,TARVN1,9.0,7.0,5.0,5.0,2.0,1.0,2,5.0,3.0,2,4,2.0,3.0,,,,,,,,,,,,3.84615,866.0,-3.5,-1.5,0.5,0.0,2.5,3.0,2,-1.5,0.0,1,-1.5,0.5,-1.0,,,,,,,,,,,,0.038,449.0,1.77007,0.5,426.0
4.0,Chí Bình & Hồng Long,TARVN1,2.0,4.0,3.0,2.0,5.0,3.0,4,2.0,4.0,1,2,4.0,,,,,,,,,,,,,3.0,867.0,3.5,1.5,2.5,3.0,-0.5,1.0,0,1.5,-1.0,2,0.5,-1.5,,,,,,,,,,,,,1.042,183.0,1.52012,12.5,136.0
5.0,Tuấn Anh & Xuân Sơn,TARVN1,4.0,1.0,9.0,7.0,7.0,7.0,1,4.0,2.0,5,,,,,,,,,,,,,,,4.7,868.0,1.5,4.5,-3.5,-2.0,-2.5,-3.0,3,-0.5,1.0,-2,,,,,,,,,,,,,,,-0.35,552.0,2.58892,-3.5,585.0
6.0,Minh Châu & Trần Châu,TARVN1,5.0,6.0,4.0,1.0,4.0,5.0,3,6.0,,,,,,,,,,,,,,,,,4.25,869.0,0.5,-0.5,1.5,4.0,0.5,-1.0,1,-2.5,,,,,,,,,,,,,,,,,0.438,337.0,1.793,3.5,338.0
7.0,Gia Bình & Bảo Châu,TARVN1,10.0,9.0,7.0,8.0,6.0,2.0,7,,,,,,,,,,,,,,,,,,7.0,870.0,-4.5,-3.5,-1.5,-3.0,-1.5,2.0,-3,,,,,,,,,,,,,,,,,,-2.143,868.0,1.95876,-15.0,1066.0
8.0,Thanh Tuấn & Mỹ Trâm,TARVN1,3.0,3.0,2.0,4.0,8.0,,,,,,,,,,,,,,,,,,,,4.0,871.0,2.5,2.5,3.5,1.0,-3.5,,,,,,,,,,,,,,,,,,,,1.2,136.0,2.48193,6.0,271.0
9.0,Richie & Mimi,TARVN1,8.0,10.0,8.0,9.0,,,,,,,,,,,,,,,,,,,,,8.75,872.0,-2.5,-4.5,-2.5,-4.0,,,,,,,,,,,,,,,,,,,,,-3.375,962.0,0.89268,-13.5,1048.0
10.0,Thanh Thủy & Minh Thoa,TARVN1,1.0,5.0,10.0,,,,,,,,,,,,,,,,,,,,,,5.33333,873.0,4.5,0.5,-4.5,,,,,,,,,,,,,,,,,,,,,,0.167,415.0,3.68179,0.5,426.0
1.0,Diệp Lâm Anh & Thu Hiền,TARVN2,6.0,3.0,1.0,6.0,2.0,3.0,2,1.0,1.0,2,2,1.0,,,,,,,,,,,,,2.5,874.0,-1,2.0,3.5,-2.0,2.0,0.5,1,2.0,1.5,0.5,0.5,1.0,,,,,,,,,,,,,0.958,194.0,1.39132,11.5,147.0
2.0,Linh Chi & Phúc Vinh,TARVN2,1.0,2.0,2.0,1.0,4.0,1.0,4,3.0,4.0,1,1,2.0,,,,,,,,,,,,,2.16667,875.0,4,3.0,2.5,3.0,0.0,2.5,-1,0.0,-1.5,1.5,1.5,0.0,,,,,,,,,,,,,1.292,119.0,1.68891,15.5,89.0
3.0,Đức Hưng & Thùy Dung,TARVN2,7.0,7.0,5.0,3.0,1.0,5.0,3,4.0,3.0,3,3,3.0,,,,,,,,,,,,,3.91667,876.0,-2,-2.0,-0.5,1.0,3.0,-1.5,0,-1.0,-0.5,-0.5,-0.5,-1.0,,,,,,,,,,,,,-0.458,578.0,1.31432,-5.5,733.0
4.0,Hari & Tiến Đạt,TARVN2,4.0,1.0,3.0,2.0,3.0,2.0,1,2.0,2.0,4,4,,,,,,,,,,,,,,2.54545,877.0,1,4.0,1.5,2.0,1.0,1.5,2,1.0,0.5,-1.5,-1.5,,,,,,,,,,,,,,1.045,178.0,1.48408,11.5,147.0
5.0,Linh Sơn & Đoàn Mạnh,TARVN2,3.0,4.0,7.0,5.0,6.0,4.0,5,5.0,,,,,,,,,,,,,,,,,4.875,878.0,2,1.0,-2.5,-1.0,-2.0,-0.5,-2,-2.0,,,,,,,,,,,,,,,,,-0.875,683.0,1.51554,-7.0,829.0
6.0,Thanh Hoa & Anh Tuấn,TARVN2,5.0,8.0,4.0,4.0,5.0,6.0,,,,,,,,,,,,,,,,,,,5.33333,879.0,0,-3.0,0.5,0.0,-1.0,-2.5,,,,,,,,,,,,,,,,,,,-1.0,698.0,1.32288,-6.0,773.0
7.0,Việt Dũng & Pha Lê,TARVN2,8.0,6.0,6.0,7.0,7.0,,,,,,,,,,,,,,,,,,,,6.8,880.0,-3,-1.0,-1.5,-3.0,-3.0,,,,,,,,,,,,,,,,,,,,-2.3,888.0,0.87178,-11.5,1004.0
8.0,Kim Lee & Pharreal Phương,TARVN2,2.0,5.0,8.0,,,,,,,,,,,,,,,,,,,,,,5.0,881.0,3,0.0,-3.5,,,,,,,,,,,,,,,,,,,,,,-0.167,503.0,2.65623,-0.5,476.0
9.0,S.T & Hùng Phong,TARVN2,9.0,9.0,,,,,,,,,,,,,,,,,,,,,,,9.0,882.0,-4,-4.0,,,,,,,,,,,,,,,,,,,,,,,-4.0,994.0,0.0,-8.0,878.0
1.0,Hương Giang & Criss,TARVN3,2.0,7.0,1.0,1.0,2.0,2.0,4,2.0,3.0,1,1,,,,,,,,,,,,,,2.36364,883.0,3,-2.0,3.5,3.0,2.0,1.5,-0.5,1.0,-0.5,1.5,1,,,,,,,,,,,,,,1.227,130.0,1.61476,13.5,121.0
2.0,Trang Trần & Hiếu Nguyễn,TARVN3,5.0,4.0,4.0,4.0,3.0,3.0,2,3.0,2.0,3,2,,,,,,,,,,,,,,3.18182,884.0,0,1.0,0.5,0.0,1.0,0.5,1.5,0.0,0.5,-0.5,0,,,,,,,,,,,,,,0.409,344.0,0.5567,4.5,312.0
3.0,Trang Khiếu & An Đinh,TARVN3,6.0,6.0,7.0,6.0,6.0,6.0,3,4.0,4.0,2,3,,,,,,,,,,,,,,4.81818,885.0,-1,-1.0,-2.5,-2.0,-2.0,-2.5,0.5,-1.0,-1.5,0.5,-1,,,,,,,,,,,,,,-1.227,746.0,0.98543,-13.5,1048.0
4.0,Kiwi Ngô Mai Trang & Đỗ Hoàng Dương,TARVN3,8.0,5.0,5.0,7.0,1.0,1.0,1,1.0,1.0,4,,,,,,,,,,,,,,,3.4,886.0,-3,0.0,-0.5,-3.0,3.0,2.5,2.5,2.0,1.5,-1.5,,,,,,,,,,,,,,,0.35,360.0,2.16852,3.5,338.0
5.0,Sơn Ngọc Minh & Mint,TARVN3,1.0,3.0,3.0,5.0,5.0,5.0,5,5.0,,,,,,,,,,,,,,,,,4.0,887.0,4,2.0,1.5,-1.0,-1.0,-1.5,-1.5,-2.0,,,,,,,,,,,,,,,,,0.063,440.0,2.02234,0.5,426.0
6.0,Long Điền & Kim Dung,TARVN3,3.0,1.0,2.0,2.0,4.0,4.0,6,,,,,,,,,,,,,,,,,,3.14286,888.0,2,4.0,2.5,2.0,0.0,-0.5,-2.5,,,,,,,,,,,,,,,,,,1.071,166.0,2.02535,7.5,241.0
7.0,Kim Thanh & Khải Anh,TARVN3,9.0,8.0,6.0,3.0,7.0,,,,,,,,,,,,,,,,,,,,6.6,889.0,-4,-3.0,-1.5,1.0,-3.0,,,,,,,,,,,,,,,,,,,,-2.1,865.0,1.74356,-10.5,978.0
8.0,Miko Lan Trinh & Hoàng Nam,TARVN3,4.0,2.0,8.0,,,,,,,,,,,,,,,,,,,,,,4.66667,890.0,1,3.0,-3.5,,,,,,,,,,,,,,,,,,,,,,0.167,415.0,2.71825,0.5,426.0
9.0,Minh Long & Sơn Việt,TARVN3,7.0,9.0,,,,,,,,,,,,,,,,,,,,,,,8.0,891.0,-2,-4.0,,,,,,,,,,,,,,,,,,,,,,,-3.0,928.0,1.0,-6.0,773.0
1.0,Ngọc Anh & Nhật Anh,TARVN4,1.0,2.0,1.0,1.0,5.0,1.0,6,1.0,1.0,2,1,,,,,,,,,,,,,,2.0,892.0,3.5,2.5,3.5,3.5,-1.0,3.0,-2.5,2.5,2.0,0.5,1,,,,,,,,,,,,,,1.682,60.0,1.89824,18.5,56.0
2.0,Lincoln & Chí Thành,TARVN4,3.0,5.0,4.0,2.0,4.0,6.0,5,2.0,2.0,1,2,,,,,,,,,,,,,,3.27273,893.0,1.5,-0.5,0.5,2.5,0.0,-2.0,-1.5,1.5,1.0,1.5,0,,,,,,,,,,,,,,0.409,344.0,1.31111,4.5,312.0
3.0,Băng Di & Trang Pháp,TARVN4,8.0,8.0,5.0,7.0,3.0,4.0,2,5.0,4.0,3,3,,,,,,,,,,,,,,4.72727,894.0,-3.5,-3.5,-0.5,-2.5,1.0,0.0,1.5,-1.5,-1.0,-0.5,-1,,,,,,,,,,,,,,-1.045,713.0,1.55877,-11.5,1004.0
4.0,Thùy Anh & Đăng Hoàng,TARVN4,5.0,7.0,7.0,5.0,2.0,2.0,4,3.0,3.0,4,,,,,,,,,,,,,,,4.2,895.0,-0.5,-2.5,-2.5,-0.5,2.0,2.0,-0.5,0.5,0.0,-1.5,,,,,,,,,,,,,,,-0.35,552.0,1.50083,-3.5,585.0
5.0,Nam Thành & Hải Băng,TARVN4,2.0,6.0,2.0,6.0,1.0,5.0,1,4.0,5.0,,,,,,,,,,,,,,,,3.55556,896.0,2.5,-1.5,2.5,-1.5,3.0,-1.0,2.5,-0.5,-2.0,,,,,,,,,,,,,,,,0.444,336.0,1.99227,4.0,327.0
6.0,Phương Ly & Joo Young,TARVN4,7.0,4.0,3.0,4.0,6.0,3.0,3,6.0,,,,,,,,,,,,,,,,,4.5,897.0,-2.5,0.5,1.5,0.5,-2.0,1.0,0.5,-2.5,,,,,,,,,,,,,,,,,-0.375,558.0,1.55624,-3.0,558.0
7.0,Song Ngư & Trúc Như,TARVN4,6.0,3.0,6.0,3.0,7.0,7.0,,,,,,,,,,,,,,,,,,,5.33333,898.0,-1.5,1.5,-1.5,1.5,-3.0,-3.0,,,,,,,,,,,,,,,,,,,-1.0,698.0,1.87083,-6.0,773.0
8.0,Tim & Anh Đức,TARVN4,4.0,1.0,8.0,8.0,,,,,,,,,,,,,,,,,,,,,5.25,899.0,0.5,3.5,-3.5,-3.5,,,,,,,,,,,,,,,,,,,,,-0.75,650.0,2.94746,-3.0,558.0
1.0,Lincoln & Tiến Đạt,TARVN5,1.0,1.0,1.0,2.0,3.0,2.0,2,2.0,2.0,1,1,,,,,,,,,,,,,,1.63636,900.0,4.5,4.5,4.0,3.0,1.5,2.0,1.5,1.0,0.5,1.5,1,,,,,,,,,,,,,,2.273,14.0,1.40395,25.0,12.0
2.0,Hương Giang & Criss,TARVN5,3.0,8.0,5.0,6.0,1.0,5.0,4,1.0,1.0,2,2,,,,,,,,,,,,,,3.45455,901.0,2.5,-2.5,0.0,-1.0,3.5,-1.0,-0.5,2.0,1.5,0.5,0,,,,,,,,,,,,,,0.455,331.0,1.68489,5.0,298.0
3.0,Phúc Vinh & Thùy Dung,TARVN5,5.0,5.0,2.0,5.0,5.0,1.0,3,3.0,3.0,3,3,,,,,,,,,,,,,,3.45455,902.0,0.5,0.5,3.0,0.0,-0.5,3.0,0.5,0.0,-0.5,-0.5,-1,,,,,,,,,,,,,,0.455,331.0,1.28725,5.0,298.0
4.0,Việt Dũng & Pha Lê,TARVN5,4.0,2.0,7.0,1.0,6.0,4.0,5,4.0,4.0,4,,,,,,,,,,,,,,,4.1,903.0,1.5,3.5,-2.0,4.0,-1.5,0.0,-1.5,-1.0,-1.5,-1.5,,,,,,,,,,,,,,,0.0,450.0,2.1095,0.0,451.0
5.0,Thanh Hoa & Anh Tuấn,TARVN5,6.0,7.0,3.0,4.0,4.0,3.0,1,5.0,,,,,,,,,,,,,,,,,4.125,904.0,-0.5,-1.5,2.0,1.0,0.5,1.0,2.5,-2.0,,,,,,,,,,,,,,,,,0.375,355.0,1.49478,3.0,351.0
6.0,Song Ngư & Trúc Như,TARVN5,10.0,9.0,8.0,8.0,2.0,6.0,6,,,,,,,,,,,,,,,,,,7.0,905.0,-4.5,-3.5,-3.0,-3.0,2.5,-2.0,-2.5,,,,,,,,,,,,,,,,,,-2.286,887.0,2.08493,-16.0,1080.0
7.0,Minh Long & Thu Hiền,TARVN5,9.0,4.0,4.0,3.0,7.0,7.0,,,,,,,,,,,,,,,,,,,5.66667,906.0,-3.5,1.5,1.0,2.0,-2.5,-3.0,,,,,,,,,,,,,,,,,,,-0.75,650.0,2.28674,-4.5,633.0
8.0,Richie & Mimi,TARVN5,2.0,6.0,9.0,7.0,8.0,,,,,,,,,,,,,,,,,,,,6.4,907.0,3.5,-0.5,-4.0,-2.0,-3.5,,,,,,,,,,,,,,,,,,,,-1.3,760.0,2.69444,-6.5,797.0
9.0,Mâu Thủy & Ngọc Minh,TARVN5,8.0,3.0,6.0,9.0,,,,,,,,,,,,,,,,,,,,,6.5,908.0,-2.5,2.5,-1.0,-4.0,,,,,,,,,,,,,,,,,,,,,-1.25,747.0,2.41091,-5.0,671.0
10.0,Thùy Anh & Đăng Hoàng,TARVN5,7.0,10.0,,,,,,,,,,,,,,,,,,,,,,,8.5,909.0,-1.5,-4.5,,,,,,,,,,,,,,,,,,,,,,,-3.0,928.0,1.5,-6.0,773.0
1.0,Lệ Hằng & H'Hen Niê,TARVN6,4.0,5.0,7.0,5.0,2.0,2.0,3,1.0,2.0,1,,,,,,,,,,,,,,,3.2,910.0,1.5,0.5,-2.0,-0.5,2.5,2.0,0.5,2.0,0.5,1.5,,,,,,,,,,,,,,,0.85,227.0,1.2855,8.5,220.0
2.0,ST Sơn Thạch & Bình An,TARVN6,1.0,1.0,1.0,1.0,3.0,2.0,2,3.0,1.0,2,,,,,,,,,,,,,,,1.7,911.0,4.5,4.5,4.0,3.5,1.5,2.0,1.5,0.0,1.5,0.5,,,,,,,,,,,,,,,2.35,10.0,1.56605,23.5,19.0
3.0,Lê Xuân Tiền & Đỗ Mỹ Linh,TARVN6,6.0,3.0,3.0,4.0,4.0,1.0,1,2.0,3.0,3,,,,,,,,,,,,,,,3.0,912.0,-0.5,2.5,2.0,0.5,0.5,3.0,2.5,1.0,-0.5,-0.5,,,,,,,,,,,,,,,1.05,172.0,1.29325,10.5,175.0
4.0,Minh Triệu & Kỳ Duyên,TARVN6,8.0,8.0,4.0,3.0,7.0,5.0,4,4.0,4.0,4,,,,,,,,,,,,,,,5.1,913.0,-2.5,-2.5,1.0,1.5,-2.5,-1.0,-0.5,-1.0,-1.5,-1.5,,,,,,,,,,,,,,,-1.05,714.0,1.33135,-10.5,978.0
5.0,MLee & Quốc Anh,TARVN6,2.0,2.0,2.0,2.0,1.0,4.0,5,5.0,,,,,,,,,,,,,,,,,2.875,914.0,3.5,3.5,3.0,2.5,3.5,0.0,-1.5,-2.0,,,,,,,,,,,,,,,,,1.563,79.0,2.19996,12.5,136.0
6.0,Johnny & Huy Trần,TARVN6,3.0,7.0,5.0,7.0,6.0,6.0,6,,,,,,,,,,,,,,,,,,5.71429,915.0,2.5,-1.5,0.0,-2.5,-1.5,-2.0,-2.5,,,,,,,,,,,,,,,,,,-1.071,719.0,1.65677,-7.5,848.0
7.0,Gia Huy & Hoàng Hạnh,TARVN6,9.0,9.0,6.0,6.0,5.0,7.0,,,,,,,,,,,,,,,,,,,7.0,916.0,-3.5,-3.5,-1.0,-1.5,-0.5,-3.0,,,,,,,,,,,,,,,,,,,-2.167,869.0,1.21335,-13.0,1039.0
8.0,Quốc Thiên & Anh Quân,TARVN6,5.0,4.0,8.0,7.0,8.0,,,,,,,,,,,,,,,,,,,,6.4,917.0,0.5,1.5,-3.0,-2.5,-3.5,,,,,,,,,,,,,,,,,,,,-1.4,773.0,2.00998,-7.0,829.0
9.0,Emma Nhất Khanh & Tôn Kinh Lâm,TARVN6,7.0,6.0,9.0,,,,,,,,,,,,,,,,,,,,,,7.33333,918.0,-1.5,-0.5,-4.0,,,,,,,,,,,,,,,,,,,,,,-2.0,852.0,1.47196,-6.0,773.0
10.0,Vũ Xuân Tiến & Chu Minh Vũ,TARVN6,9.0,10.0,,,,,,,,,,,,,,,,,,,,,,,9.5,919.0,-3.5,-4.5,,,,,,,,,,,,,,,,,,,,,,,-4.0,994.0,0.5,-8.0,878.0
1.0,Anthony & Sonja,TARFR1,2.0,5.0,7.0,2.0,1.0,2.0,3,4.0,2.0,1,,,,,,,,,,,,,,,2.9,920.0,3,-0.5,-3.0,2.0,2.5,1.0,0,-1.5,0.5,1,,,,,,,,,,,,,,,0.5,306.0,1.74642,5.0,298.0
2.0,Hadj & Yacim,TARFR1,3.0,3.0,6.0,6.0,4.0,5.0,1,3.0,1.0,2,,,,,,,,,,,,,,,3.4,921.0,2,1.5,-2.0,-2.0,-0.5,-2.0,2,-0.5,1.5,0,,,,,,,,,,,,,,,0.0,450.0,1.58114,0.0,451.0
3.0,Alice & Stéphanie,TARFR1,5.0,2.0,4.0,3.0,5.0,3.0,4,1.0,3.0,3,,,,,,,,,,,,,,,3.3,922.0,0,2.5,0.0,1.0,-1.5,0.0,-1,1.5,-0.5,-1,,,,,,,,,,,,,,,0.1,430.0,1.17898,1.0,415.0
4.0,Heïdi & Michel,TARFR1,1.0,6.0,3.0,1.0,3.0,4.0,2,2.0,4.0,,,,,,,,,,,,,,,,2.88889,923.0,4,-1.5,1.0,3.0,0.5,-1.0,1,0.5,-1.5,,,,,,,,,,,,,,,,0.667,274.0,1.79505,6.0,271.0
5.0,Francis & Benjamin,TARFR1,7.0,4.0,2.0,5.0,2.0,1.0,5,,,,,,,,,,,,,,,,,,3.71429,924.0,-2,0.5,2.0,-1.0,1.5,2.0,-2,,,,,,,,,,,,,,,,,,0.143,424.0,1.66292,1.0,415.0
6.0,Oucéni & Lassana,TARFR1,8.0,1.0,1.0,4.0,6.0,,,,,,,,,,,,,,,,,,,,4.0,925.0,-3,3.5,3.0,0.0,-2.5,,,,,,,,,,,,,,,,,,,,0.2,405.0,2.69444,1.0,415.0
7.0,Mathilde & Séverine,TARFR1,4.0,7.0,5.0,7.0,,,,,,,,,,,,,,,,,,,,,5.75,926.0,1,-2.5,-1.0,-3.0,,,,,,,,,,,,,,,,,,,,,-1.375,768.0,1.55624,-5.5,733.0
8.0,Fabien & Aurélien,TARFR1,6.0,8.0,,,,,,,,,,,,,,,,,,,,,,,7.0,927.0,-1,-3.5,,,,,,,,,,,,,,,,,,,,,,,-2.25,875.0,1.25,-4.5,633.0
9.0,Antoine & Héléna,TARFR1,9.0,,,,,,,,,,,,,,,,,,,,,,,,9.0,928.0,-4,,,,,,,,,,,,,,,,,,,,,,,,-4.0,994.0,0.0,-4.0,612.0
1.0,LJ & CJ,TARPH1,7.0,2.0,2.0,4.0,6.0,5.0,5,5.0,3.0,2,2,3.0,1.0,,,,,,,,,,,,3.61538,929.0,-1,3.5,3.0,1.0,-1.5,-0.5,-1,-1.0,0.5,1,0.5,-0.5,1.0,,,,,,,,,,,,0.385,354.0,1.48264,5.0,298.0
2.0,Fausto & Dayal,TARPH1,9.0,8.0,8.0,7.0,2.0,2.0,1,3.0,1.0,1,3,2.0,2.0,,,,,,,,,,,,3.76923,930.0,-3,-2.5,-3.0,-2.0,2.5,2.5,3,1.0,2.5,2,-0.5,0.5,0.0,,,,,,,,,,,,0.231,397.0,2.16276,3.0,351.0
3.0,Marc & Kat,TARPH1,1.0,1.0,1.0,1.0,4.0,3.0,2,1.0,2.0,3,1,1.0,3.0,,,,,,,,,,,,1.84615,931.0,5,4.5,4.0,4.0,0.5,1.5,2,3.0,1.5,0,1.5,1.5,-1.0,,,,,,,,,,,,2.154,18.0,1.75833,28.0,8.0
4.0,Sheena & Gee,TARPH1,5.0,6.0,5.0,6.0,7.0,4.0,4,6.0,5.0,4,4,4.0,,,,,,,,,,,,,5.0,932.0,1,-0.5,0.0,-1.0,-2.5,0.5,0,-2.0,-1.5,-1,-1.5,-1.5,,,,,,,,,,,,,-0.833,669.0,1.00692,-10.0,962.0
5.0,Saida & Jervi,TARPH1,4.0,3.0,4.0,2.0,5.0,6.0,6,4.0,4.0,5,,,,,,,,,,,,,,,4.3,933.0,2,2.5,1.0,3.0,-0.5,-1.5,-2,0.0,-0.5,-2,,,,,,,,,,,,,,,0.2,405.0,1.74929,2.0,379.0
6.0,Boom & Cheng,TARPH1,2.0,5.0,3.0,3.0,1.0,1.0,3,2.0,6.0,,,,,,,,,,,,,,,,2.88889,934.0,4,0.5,2.0,2.0,3.5,3.5,1,2.0,-2.5,,,,,,,,,,,,,,,,1.778,45.0,1.87248,16.0,83.0
7.0,Ed & Angel,TARPH1,8.0,4.0,7.0,8.0,3.0,7.0,7,7.0,,,,,,,,,,,,,,,,,6.375,935.0,-2,1.5,-2.0,-3.0,1.5,-2.5,-3,-3.0,,,,,,,,,,,,,,,,,-1.563,796.0,1.81034,-12.5,1031.0
8.0,Dani & Mish,TARPH1,3.0,7.0,6.0,5.0,8.0,8.0,,,,,,,,,,,,,,,,,,,6.16667,936.0,3,-1.5,-1.0,0.0,-3.5,-3.5,,,,,,,,,,,,,,,,,,,-1.083,720.0,2.22517,-6.5,797.0
9.0,Pamela & Vanessa,TARPH1,10.0,9.0,9.0,9.0,,,,,,,,,,,,,,,,,,,,,9.25,937.0,-4,-3.5,-4.0,-4.0,,,,,,,,,,,,,,,,,,,,,-3.875,993.0,0.21651,-15.5,1075.0
10.0,Anton & Armand,TARPH1,6.0,10.0,,,,,,,,,,,,,,,,,,,,,,,8.0,938.0,0,-4.5,,,,,,,,,,,,,,,,,,,,,,,-2.25,875.0,2.25,-4.5,633.0
11.0,Crystel & Mykey,TARPH1,11.0,,,,,,,,,,,,,,,,,,,,,,,,11.0,939.0,-5,,,,,,,,,,,,,,,,,,,,,,,,-5.0,1042.0,0.0,-5.0,671.0
1.0,Matt & Phoebe,TARPH2,3.0,1.0,1.0,1.0,5.0,4.0,2,1.0,2.0,1,,,,,,,,,,,,,,,2.1,940.0,3,4.5,4.0,3.5,-1.0,0.0,1.5,2.5,0.5,1,,,,,,,,,,,,,,,1.95,32.0,1.73853,19.5,43.0
2.0,JP & Kelvin,TARPH2,6.0,7.0,7.0,7.0,6.0,2.0,4,4.0,1.0,2,,,,,,,,,,,,,,,4.6,941.0,0,-1.5,-2.0,-2.5,-2.0,2.0,-0.5,-0.5,1.5,0,,,,,,,,,,,,,,,-0.55,607.0,1.42215,-5.5,733.0
3.0,Eji & Roch,TARPH2,7.0,4.0,2.0,4.0,2.0,5.0,1,3.0,3.0,3,,,,,,,,,,,,,,,3.4,942.0,-1,1.5,3.0,0.5,2.0,-1.0,2.5,0.5,-0.5,-1,,,,,,,,,,,,,,,0.65,283.0,1.45,6.5,260.0
4.0,Yna & Jet,TARPH2,2.0,2.0,3.0,2.0,3.0,3.0,3,2.0,4.0,,,,,,,,,,,,,,,,2.66667,943.0,4,3.5,2.0,2.5,1.0,1.0,0.5,1.5,-1.5,,,,,,,,,,,,,,,,1.611,71.0,1.55952,14.5,104.0
5.0,AJ & Jody,TARPH2,5.0,5.0,4.0,3.0,1.0,1.0,6,5.0,,,,,,,,,,,,,,,,,3.75,944.0,1,0.5,1.0,1.5,3.0,3.0,-2.5,-1.5,,,,,,,,,,,,,,,,,0.75,253.0,1.82003,6.0,271.0
6.0,Vince & Ed,TARPH2,1.0,3.0,5.0,5.0,4.0,6.0,5,6.0,,,,,,,,,,,,,,,,,4.375,945.0,5,2.5,0.0,-0.5,0.0,-2.0,-1.5,-2.5,,,,,,,,,,,,,,,,,0.125,426.0,2.34187,1.0,415.0
7.0,RR & Jeck,TARPH2,10.0,8.0,6.0,6.0,7.0,7.0,,,,,,,,,,,,,,,,,,,7.33333,946.0,-4,-2.5,-1.0,-1.5,-3.0,-3.0,,,,,,,,,,,,,,,,,,,-2.5,897.0,1.0,-15.0,1066.0
8.0,Avy & Tina,TARPH2,8.0,6.0,8.0,8.0,,,,,,,,,,,,,,,,,,,,,7.5,947.0,-2,-0.5,-3.0,-3.5,,,,,,,,,,,,,,,,,,,,,-2.25,875.0,1.14564,-9.0,930.0
9.0,Daniel & Charlie,TARPH2,9.0,9.0,9.0,,,,,,,,,,,,,,,,,,,,,,9.0,948.0,-3,-3.5,-4.0,,,,,,,,,,,,,,,,,,,,,,-3.5,964.0,0.40825,-10.5,978.0
10.0,Chen & Luz,TARPH2,4.0,10.0,,,,,,,,,,,,,,,,,,,,,,,7.0,949.0,2,-4.5,,,,,,,,,,,,,,,,,,,,,,,-1.25,747.0,3.25,-2.5,540.0
11.0,Zarah & Osang,TARPH2,11.0,,,,,,,,,,,,,,,,,,,,,,,,11.0,950.0,-5,,,,,,,,,,,,,,,,,,,,,,,,-5.0,1042.0,0.0,-5.0,671.0
1.0,Valeria & Bohdana,TARUA1,2.0,4.0,1.0,3.0,5.0,3.0,2,1.0,1.0,1,1,1.0,,,,,,,,,,,,,2.08333,951.0,3.5,1.0,4.0,1.5,-1.0,1.0,1.5,2.0,2.0,1.5,1,1.0,,,,,,,,,,,,,1.583,73.0,1.22191,19.0,48.0
2.0,Alexey & Olena,TARUA1,9.0,7.0,7.0,2.0,7.0,2.0,3,4.0,2.0,3,3,2.0,,,,,,,,,,,,,4.25,952.0,-3.5,-2.0,-2.0,2.5,-3.0,2.0,0.5,-1.0,1.0,-0.5,-1,0.0,,,,,,,,,,,,,-0.583,614.0,1.80085,-7.0,829.0
3.0,Constantine & Jacob,TARUA1,8.0,5.0,4.0,1.0,2.0,1.0,4,2.0,3.0,2,2,3.0,,,,,,,,,,,,,3.08333,953.0,-2.5,0.0,1.0,3.5,2.0,3.0,-0.5,1.0,0.0,0.5,0,-1.0,,,,,,,,,,,,,0.583,293.0,1.60511,7.0,252.0
4.0,Alexander & Vladimir,TARUA1,7.0,9.0,6.0,6.0,1.0,5.0,5,5.0,4.0,4,,,,,,,,,,,,,,,5.2,954.0,-1.5,-4.0,-1.0,-1.5,3.0,-1.0,-1.5,-2.0,-1.0,-1.5,,,,,,,,,,,,,,,-1.2,738.0,1.63095,-12.0,1021.0
5.0,Ihor & Vasil,TARUA1,1.0,2.0,2.0,4.0,6.0,4.0,1,3.0,5.0,,,,,,,,,,,,,,,,3.11111,955.0,4.5,3.0,3.0,0.5,-2.0,0.0,2.5,0.0,-2.0,,,,,,,,,,,,,,,,1.056,171.0,2.17874,9.5,201.0
6.0,Natalia & Tatiana,TARUA1,6.0,6.0,5.0,5.0,4.0,6.0,6,,,,,,,,,,,,,,,,,,5.42857,956.0,-0.5,-1.0,0.0,-0.5,0.0,-2.0,-2.5,,,,,,,,,,,,,,,,,,-0.929,691.0,0.90351,-6.5,797.0
7.0,Andriy & Irina,TARUA1,5.0,1.0,3.0,7.0,3.0,7.0,,,,,,,,,,,,,,,,,,,4.33333,957.0,0.5,4.0,2.0,-2.5,1.0,-3.0,,,,,,,,,,,,,,,,,,,0.333,365.0,2.44381,2.0,379.0
8.0,Anna & Roman,TARUA1,4.0,3.0,8.0,8.0,,,,,,,,,,,,,,,,,,,,,5.75,958.0,1.5,2.0,-3.0,-3.5,,,,,,,,,,,,,,,,,,,,,-0.75,650.0,2.51247,-3.0,558.0
9.0,Alla & Alexandra,TARUA1,3.0,8.0,9.0,,,,,,,,,,,,,,,,,,,,,,6.66667,959.0,2.5,-3.0,-4.0,,,,,,,,,,,,,,,,,,,,,,-1.5,784.0,2.85774,-4.5,633.0
10.0,Vladimir & Irina,TARUA1,10.0,,,,,,,,,,,,,,,,,,,,,,,,10.0,960.0,-4.5,,,,,,,,,,,,,,,,,,,,,,,,-4.5,1017.0,0.0,-4.5,633.0
1.0,Zhong Hanliang & Jackie,TARCN1,5.0,5.0,3.0,1.0,2.0,1.0,2,1.0,1.0,2,1,,,,,,,,,,,,,,2.18182,961.0,-0.5,-0.5,1.0,2.5,1.5,2.5,1,2.0,2.0,0.5,1,,,,,,,,,,,,,,1.182,143.0,1.00618,13.0,130.0
2.0,Li Xiaopeng & Li Anqi,TARCN1,2.0,2.0,1.0,2.0,1.0,2.0,1,2.0,3.0,1,2,,,,,,,,,,,,,,1.72727,962.0,2.5,2.5,3.0,1.5,2.5,1.5,2,1.0,0.0,1.5,0,,,,,,,,,,,,,,1.636,67.0,0.95563,18.0,61.0
3.0,Bai Jugang & Guan Xiaotong,TARCN1,8.0,8.0,,,,,,,2.0,3,3,,,,,,,,,,,,,,4.8,963.0,-3.5,-3.5,,,,,,,1.0,-0.5,-1,,,,,,,,,,,,,,-1.5,784.0,1.76068,-7.5,848.0
4.0,Jin Dachuan & Liu Chang,TARCN1,1.0,4.0,6.0,4.0,3.0,3.0,3,4.0,4.0,4,,,,,,,,,,,,,,,3.6,964.0,3.5,0.5,-2.0,-0.5,0.5,0.5,0,-1.0,-1.0,-1.5,,,,,,,,,,,,,,,-0.1,493.0,1.46287,-1.0,491.0
5.0,Chen Xiaochun & Zheng Yijian,TARCN1,4.0,1.0,2.0,6.0,4.0,5.0,4,3.0,5.0,,,,,,,,,,,,,,,,3.77778,965.0,0.5,3.5,2.0,-2.5,-0.5,-1.5,-1,0.0,-2.0,,,,,,,,,,,,,,,,-0.167,503.0,1.82574,-1.5,514.0
6.0,Chen Yiru & Zhou Weitong,TARCN1,3.0,3.0,5.0,5.0,5.0,4.0,5,5.0,,,,,,,,,,,,,,,,,4.375,966.0,1.5,1.5,-1.0,-1.5,-1.5,-0.5,-2,-2.0,,,,,,,,,,,,,,,,,-0.688,639.0,1.34484,-5.5,733.0
7.0,Zhang Tielin & Yueliang,TARCN1,6.0,6.0,4.0,3.0,6.0,6.0,,,,,,,,,,,,,,,,,,,5.16667,967.0,-1.5,-1.5,0.0,0.5,-2.5,-2.5,,,,,,,,,,,,,,,,,,,-1.25,747.0,1.14564,-7.5,848.0
8.0,Ying Cai'er & Liu Yun,TARCN1,7.0,7.0,7.0,,,,,,,,,,,,,,,,,,,,,,7.0,968.0,-2.5,-2.5,-3.0,,,,,,,,,,,,,,,,,,,,,,-2.667,910.0,0.2357,-8.0,878.0
1.0,Han Geng & Wu Xin,TARCN2,2.0,4.0,2.0,2.0,1.0,1.0,2,1.0,4.0,1,,,,,,,,,,,,,,,2.0,969.0,1.5,-0.5,1.0,1.0,1.5,1.5,0.5,1.5,-1.5,1,,,,,,,,,,,,,,,0.75,253.0,0.95525,7.5,241.0
2.0,Yang Qianhua & Ding Zigao,TARCN2,1.0,2.0,1.0,3.0,2.0,3.0,4,1.0,3.0,2,,,,,,,,,,,,,,,2.2,970.0,2.5,1.5,2.0,0.0,0.5,-0.5,-1.5,1.5,-0.5,0,,,,,,,,,,,,,,,0.55,302.0,1.21347,5.5,285.0
3.0,Xiao Yang & Wang Taili,TARCN2,5.0,5.0,4.0,4.0,3.0,2.0,3,3.0,1.0,3,,,,,,,,,,,,,,,3.3,971.0,-1.5,-1.5,-1.0,-1.0,-0.5,0.5,-0.5,-0.5,1.5,-1,,,,,,,,,,,,,,,-0.55,607.0,0.87892,-5.5,733.0
4.0,Jin Zhongguo & Li Guangzhu,TARCN2,,,,,,,,,2.0,,,,,,,,,,,,,,,,2.0,972.0,,,,,,,,,0.5,,,,,,,,,,,,,,,,0.5,306.0,0.0,0.5,426.0
5.0,Yuan Zihui & Yuan Heyu,TARCN2,,,,,,,1,4.0,,,,,,,,,,,,,,,,,2.5,973.0,,,,,,,1.5,-1.5,,,,,,,,,,,,,,,,,0.0,450.0,1.5,0.0,451.0
6.0,Deng Ziqi & Zhang Yunjing,TARCN2,6.0,3.0,5.0,1.0,4.0,4.0,,,,,,,,,,,,,,,,,,,3.83333,974.0,-2.5,0.5,-2.0,2.0,-1.5,-1.5,,,,,,,,,,,,,,,,,,,-0.833,669.0,1.57233,-5.0,671.0
7.0,Zeng Zhiwei & Zeng Baoyi,TARCN2,4.0,1.0,3.0,5.0,,,,,,,,,,,,,,,,,,,,,3.25,975.0,-0.5,2.5,0.0,-2.0,,,,,,,,,,,,,,,,,,,,,0.0,450.0,1.62019,0.0,451.0
8.0,Feng Zhe & Zhu Zhu,TARCN2,3.0,6.0,,,,,,,,,,,,,,,,,,,,,,,4.5,976.0,0.5,-2.5,,,,,,,,,,,,,,,,,,,,,,,-1.0,698.0,1.5,-2.0,526.0
1.0,Guo Jingjing & Huo Qigang,TARCN3,6.0,6.0,4.0,3.0,3.0,3.0,4,1.0,2.0,1,,,,,,,,,,,,,,,3.3,977.0,-1.5,-1.5,0.0,1.0,1.0,0.5,-1,1.5,0.5,1,,,,,,,,,,,,,,,0.15,423.0,1.05,1.5,399.0
2.0,Jin Dachuan & Liu Chang,TARCN3,1.0,2.0,2.0,2.0,2.0,5.0,1,4.0,3.0,2,,,,,,,,,,,,,,,2.4,978.0,3.5,2.5,2.0,2.0,2.0,-1.5,2,-1.5,-0.5,0,,,,,,,,,,,,,,,1.05,172.0,1.68003,10.5,175.0
3.0,Liu Xiang & Xu Qifeng,TARCN3,7.0,4.0,3.0,5.0,6.0,1.0,3,3.0,1.0,3,,,,,,,,,,,,,,,3.6,979.0,-2.5,0.5,1.0,-1.0,-2.0,2.5,0,-0.5,1.5,-1,,,,,,,,,,,,,,,-0.15,499.0,1.48408,-1.5,514.0
4.0,Wu Jianhao & Yao Fengfeng,TARCN3,3.0,5.0,6.0,1.0,1.0,4.0,2,2.0,4.0,,,,,,,,,,,,,,,,3.11111,980.0,1.5,-0.5,-2.0,3.0,3.0,-0.5,1,0.5,-1.5,,,,,,,,,,,,,,,,0.5,306.0,1.69967,4.5,312.0
5.0,Zhang Zhehan & Zhang Sifan,TARCN3,5.0,1.0,5.0,4.0,5.0,2.0,5,,,,,,,,,,,,,,,,,,3.85714,981.0,-0.5,3.5,-1.0,0.0,-1.0,1.5,-2,,,,,,,,,,,,,,,,,,0.071,437.0,1.72023,0.5,426.0
6.0,Jin Xing & Heinz,TARCN3,4.0,3.0,7.0,7.0,4.0,6.0,,,,,,,,,,,,,,,,,,,5.16667,982.0,0.5,1.5,-3.0,-3.0,0.0,-2.5,,,,,,,,,,,,,,,,,,,-1.083,720.0,1.81238,-6.5,797.0
7.0,Huang Tingting & Sun Rui,TARCN3,2.0,7.0,1.0,6.0,7.0,,,,,,,,,,,,,,,,,,,,4.6,983.0,2.5,-2.5,3.0,-2.0,-3.0,,,,,,,,,,,,,,,,,,,,-0.4,559.0,2.59615,-2.0,526.0
8.0,Zhang Meixi & Zang Yafei,TARCN3,8.0,8.0,,,,,,,,,,,,,,,,,,,,,,,8.0,984.0,-3.5,-3.5,,,,,,,,,,,,,,,,,,,,,,,-3.5,964.0,0.0,-7.0,829.0
1.0,Jia Jingwen & Xiu Jiekai,TARCN4,6.0,6.0,1.0,1.0,1.0,3.0,1,3.0,1.0,1,,,,,,,,,,,,,,,2.4,985.0,-2,-1.5,3.5,3.0,2.5,0.0,2,-0.5,1.5,1,,,,,,,,,,,,,,,0.95,204.0,1.79513,9.5,201.0
2.0,Zheng Yuanchang & Wang Likun,TARCN4,3.0,1.0,2.0,5.0,5.0,1.0,2,4.0,2.0,2,,,,,,,,,,,,,,,2.7,986.0,1,3.5,2.5,-1.0,-1.5,2.0,1,-1.5,0.5,0,,,,,,,,,,,,,,,0.65,283.0,1.61323,6.5,260.0
3.0,Wu Minxia & Zhang Xiaocheng,TARCN4,2.0,5.0,4.0,2.0,3.0,2.0,3,2.0,3.0,3,,,,,,,,,,,,,,,2.9,987.0,2,-0.5,0.5,2.0,0.5,1.0,0,0.5,-0.5,-1,,,,,,,,,,,,,,,0.45,334.0,0.96047,4.5,312.0
4.0,Qiang Zi & Zhang Xingyue,TARCN4,4.0,2.0,7.0,4.0,2.0,4.0,4,1.0,4.0,,,,,,,,,,,,,,,,3.55556,988.0,0,2.5,-2.5,0.0,1.5,-1.0,-1,1.5,-1.5,,,,,,,,,,,,,,,,-0.056,482.0,1.53559,-0.5,476.0
5.0,Zhang Jike & Zhang Chuanming,TARCN4,,8.0,6.0,6.0,4.0,5.0,5,,,,,,,,,,,,,,,,,,5.66667,989.0,,-3.5,-1.5,-2.0,-0.5,-2.0,-2,,,,,,,,,,,,,,,,,,-1.917,846.0,0.88585,-11.5,1004.0
6.0,Lu Ting & Xuyang Yuzhuo,TARCN4,5.0,4.0,5.0,3.0,6.0,,,,,,,,,,,,,,,,,,,,4.6,990.0,-1,0.5,-0.5,1.0,-2.5,,,,,,,,,,,,,,,,,,,,-0.5,581.0,1.22474,-2.5,540.0
7.0,Fan Bingbing & Xie Yilin,TARCN4,1.0,3.0,3.0,7.0,,,,,,,,,,,,,,,,,,,,,3.5,991.0,3,1.5,1.5,-3.0,,,,,,,,,,,,,,,,,,,,,0.75,253.0,2.25,3.0,351.0
8.0,Deng Bin & Wang Xinyu,TARCN4,7.0,7.0,8.0,,,,,,,,,,,,,,,,,,,,,,7.33333,992.0,-3,-2.5,-3.5,,,,,,,,,,,,,,,,,,,,,,-3.0,928.0,0.40825,-9.0,930.0
1.0,Kaisa & Mari,TARFN1,3.0,2.0,4.0,4.0,3.0,3.0,2,3.0,3.0,4,2,1.0,,,,,,,,,,,,,2.83333,993.0,3.5,4.0,1.5,0.5,1.5,1.0,1.5,0.5,0.0,-1.5,0.5,1.0,,,,,,,,,,,,,1.167,146.0,1.40436,14.0,113.0
2.0,Tuukka & Sami,TARFN1,2.0,3.0,3.0,6.0,6.0,2.0,3,2.0,2.0,3,3,2.0,,,,,,,,,,,,,3.08333,995.0,-2.5,-1.0,-0.5,2.5,0.5,3.0,2.5,2.5,2.0,0.5,1.5,-1.0,,,,,,,,,,,,,0.833,230.0,1.69967,10.0,190.0
3.0,Janne & Robin,TARFN1,9.0,7.0,6.0,2.0,4.0,1.0,1,1.0,1.0,2,1,3.0,,,,,,,,,,,,,3.16667,994.0,4.5,3.0,2.5,-1.5,-1.5,2.0,0.5,1.5,1.0,-0.5,-0.5,0.0,,,,,,,,,,,,,0.917,210.0,1.77756,11.0,166.0
4.0,Bakari & Samuel,TARFN1,1.0,1.0,1.0,1.0,2.0,4.0,4,4.0,4.0,1,4,,,,,,,,,,,,,,2.45455,996.0,5.5,5.0,4.5,3.5,2.5,0.0,-0.5,-0.5,-1.0,1.5,-1.5,,,,,,,,,,,,,,1.727,54.0,2.47132,19.0,48.0
5.0,Marcus & Timo,TARFN1,4.0,4.0,2.0,3.0,1.0,6.0,5,5.0,5.0,,,,,,,,,,,,,,,,3.88889,997.0,2.5,2.0,3.5,1.5,3.5,-2.0,-1.5,-1.5,-2.0,,,,,,,,,,,,,,,,0.667,274.0,2.24846,6.0,271.0
6.0,Peter & Anna,TARFN1,6.0,6.0,5.0,5.0,7.0,5.0,6,6.0,,,,,,,,,,,,,,,,,5.75,998.0,0.5,0.0,0.5,-0.5,-2.5,-1.0,-2.5,-2.5,,,,,,,,,,,,,,,,,-1.0,698.0,1.25,-8.0,878.0
7.0,Ilmari & Aapo,TARFN1,10.0,10.0,8.0,8.0,5.0,7.0,,,,,,,,,,,,,,,,,,,8.0,999.0,-3.5,-4.0,-2.5,-3.5,-0.5,-3.0,,,,,,,,,,,,,,,,,,,-2.833,918.0,1.14261,-17.0,1088.0
8.0,Jukka & Mirva,TARFN1,8.0,8.0,7.0,7.0,8.0,,,,,,,,,,,,,,,,,,,,7.6,1000.0,-1.5,-2.0,-1.5,-2.5,-3.5,,,,,,,,,,,,,,,,,,,,-2.2,873.0,0.74833,-11.0,997.0
9.0,Katariina & Benjamin,TARFN1,11.0,9.0,9.0,,,,,,,,,,,,,,,,,,,,,,9.66667,1001.0,-4.5,-3.0,-3.5,,,,,,,,,,,,,,,,,,,,,,-3.667,974.0,0.62361,-11.0,997.0
10.0,Lotta & Noora,TARFN1,5.0,5.0,10.0,,,,,,,,,,,,,,,,,,,,,,6.66667,1002.0,1.5,1.0,-4.5,,,,,,,,,,,,,,,,,,,,,,-0.667,635.0,2.71825,-2.0,526.0
11.0,Aino-Kaisa & Silvia,TARFN1,7.0,11.0,,,,,,,,,,,,,,,,,,,,,,,9.0,1003.0,-0.5,-5.0,,,,,,,,,,,,,,,,,,,,,,,-2.75,912.0,2.25,-5.5,733.0
12.0,Anna & Atte,TARFN1,12.0,,,,,,,,,,,,,,,,,,,,,,,,12.0,1004.0,-5.5,,,,,,,,,,,,,,,,,,,,,,,,-5.5,1087.0,0.0,-5.5,733.0
1.0,Metti & Hanna,TARFN2,2.0,1.0,1.0,3.0,1.0,1.0,3,3.0,3.0,2,2,1.0,,,,,,,,,,,,,1.91667,,4,4.5,4.0,1.5,3.0,2.5,0.5,0.0,0.0,0.5,0.5,1.0,,,,,,,,,,,,,1.833,39.0,1.61159,22.0,28.0
2.0,Mimosa & Patrick,TARFN2,1.0,2.0,2.0,2.0,3.0,2.0,2,1.0,1.0,1,3,2.0,,,,,,,,,,,,,1.83333,,5,3.5,3.0,2.5,1.0,1.5,1.5,2.0,2.0,1.5,-0.5,0.0,,,,,,,,,,,,,1.917,34.0,1.42644,23.0,23.0
3.0,Elias & Matias,TARFN2,3.0,4.0,3.0,1.0,2.0,3.0,1,2.0,2.0,3,1,3.0,,,,,,,,,,,,,2.33333,,3,1.5,2.0,3.5,2.0,0.5,2.5,1.0,1.0,-0.5,1.5,-1.0,,,,,,,,,,,,,1.417,101.0,1.27203,17.0,73.0
4.0,Paulus & Adeliina,TARFN2,7.0,5.0,6.0,7.0,6.0,4.0,4,4.0,4.0,4,4,,,,,,,,,,,,,,5.0,,-1,0.5,-1.0,-2.5,-2.0,-0.5,-0.5,-1.0,-1.0,-1.5,-1.5,,,,,,,,,,,,,,-1.091,723.0,0.76331,-12.0,1021.0
5.0,Leea & Kaarina,TARFN2,6.0,7.0,8.0,5.0,4.0,6.0,5,5.0,5.0,,,,,,,,,,,,,,,,5.66667,,0,-1.5,-3.0,-0.5,0.0,-2.5,-1.5,-2.0,-2.0,,,,,,,,,,,,,,,,-1.444,781.0,1.01227,-13.0,1039.0
6.0,Gracias & Jeremie,TARFN2,8.0,3.0,4.0,4.0,5.0,5.0,6,,,,,,,,,,,,,,,,,,5.0,,-2,2.5,1.0,0.5,-1.0,-1.5,-2.5,,,,,,,,,,,,,,,,,,-0.429,571.0,1.67819,-3.0,558.0
7.0,Tinni & Antti,TARFN2,4.0,6.0,5.0,6.0,7.0,,,,,,,,,,,,,,,,,,,,5.6,,2,-0.5,0.0,-1.5,-3.0,,,,,,,,,,,,,,,,,,,,-0.6,619.0,1.65529,-3.0,558.0
8.0,Mikko & Meikka,TARFN2,9.0,9.0,7.0,8.0,,,,,,,,,,,,,,,,,,,,,8.25,,-3,-3.5,-2.0,-3.5,,,,,,,,,,,,,,,,,,,,,-3.0,928.0,0.61237,-12.0,1021.0
9.0,Jani & Maria,TARFN2,5.0,8.0,9.0,,,,,,,,,,,,,,,,,,,,,,7.33333,,1,-2.5,-4.0,,,,,,,,,,,,,,,,,,,,,,-1.833,831.0,2.09497,-5.5,733.0
10.0,Tuure & Saana,TARFN2,10.0,10.0,,,,,,,,,,,,,,,,,,,,,,,10.0,,-4,-4.5,,,,,,,,,,,,,,,,,,,,,,,-4.25,1003.0,0.25,-8.5,896.0
11.0,Aku & Wille,TARFN2,11.0,,,,,,,,,,,,,,,,,,,,,,,,11.0,,-5,,,,,,,,,,,,,,,,,,,,,,,,-5.0,1042.0,0.0,-5.0,671.0
,,,,,,,,,,,,,,,,,,,,,,,,,,,,1005.0,,,,,,,,,,,,,,,,,,,,,,,,,,,,,
,,,,,,,,,,,,,,,,,,,,,,,,,,,,1006.0,,,,,,,,,,,,,,,,,,,,,,,,,,,,,
,,,,,,,,,,,,,,,,,,,,,,,,,,,,1007.0,,,,,,,,,,,,,,,,,,,,,,,,,,,,,
