place,team,season,average,average_rounded_to_five_nearest,all_averages_rank,season_averages_rank,final_rank__averages_rank,median,all_median_rank,season_median_rank,final_rank__median_rank,of_ranks,of_legs,racing_average__theoretical_season_average,racing_average__experimental_season_average,leg_wins,leg_win_rate,podium_finishes,podium_finish_rate,standard_deviation,interquartile_range,second_place_finshes,2nd_place_rate,secondtolast_place_finishes_not_final_3,2ndtolast_rate,nonelimination_legs,nonelimination_rate,of_fast_forwards,uturned,used_uturn,yielded,used_yield,mode,minimum,maximum,range,unnamed_37,roadblock_split,unnamed_39,unnamed_40,unnamed_41,unnamed_42,age,unnamed_44,unnamed_45,unnamed_46,unnamed_47,average_roadblocks,roadblock_split_range,unnamed_50,average_age,age_gap,unnamed_53,gender,unnamed_55,unnamed_56,unnamed_57,unnamed_58,unnamed_59,di_average,di_average_round_to_five_nearest,di_all_averages_rank,season_di_averages_rank,final_rank__di_averages_rank,di_median,di_all_median_rank,di_season_median_rank,final_rank__di_median_rank,di_racing_average__di_theoretical_season_average,di_racing_average__di_experimental_season_average,di_standard_deviation,di_interquartile_range,equal_or_above_05,05_rate,less_than_05,maximum_di,minimum_di,range_di,unnamed_79,average_placement_average,average__of_ranks,average_leg_wins,average_leg_win_rate,average_podium_finishes,average_podium_finish_rate,average_standard_deviation,average_2nd_place_finshes,average_2nd_place_rate,average_2ndtolast_place_finishes_not_final_3,average_2ndtolast_rate,count_nonelimination_legs,average_nonelimination_rate,count_uturned,count_yielded,average_age1,average_age_gap,average_di_average,average_di_standard_deviation,average_equal_or_above_05,average_05_rate,average_less_than_05,unnamed_102,unnamed_103,unnamed_104,unnamed_105,unnamed_106,unnamed_107,unnamed_108,age1,average_placement,count,unnamed_112,unnamed_113,age2,placement,age3,placement1,count1,unnamed_119,age_gap1,average_placement1,count2,unnamed_123,age_gap2,placement2,age_gap3,placement3,count3
6.1722488,Average,,5.6355981,5.6357496,207.42584,6.1315789,0.0406699,5.527512,194.55263,5.8899522,0.2822967,7.3899522,7.2320574,-0.2788787,-0.0002086,1.0885167,0.1072079,3.2368421,0.3241718,1.7375522,2.1549043,1.0741627,0.1066928,0.9545455,0.1162112,0.2751196,0.028617,0.1100478,0.1316,0.1172,0.0335,0.0335,4.433121,3.3995215,8.4138756,5.0143541,,3.3913551,,,,,33.6436916,,,,,3.43,1.08,,33.75,6.42,,,,,,,,0.4139952,0.413955,208.02632,6.1722488,0.0,0.4251677,205.06459,6.145933,0.0311005,-0.1728885,-3.1e-06,0.2496754,0.3326936,3.9856459,0.4374201,3.4043062,0.749025,0.0380308,0.7109942,,6.9528214,6.1964286,0.8771429,0.0863571,2.6167143,0.2642857,1.4353571,0.8648571,0.0857857,0.7772143,0.0976429,8.2857143,0.0225714,4.2857143,1.0,35.9964286,7.0085714,0.3464643,0.2048857,3.2306286,0.3567571,2.9641714,,,,,,,,,,,,,,,,,,,,,,,,,,,
3.2925892,Standard Deviation,,2.6295787,2.6295038,119.16819,3.2722419,1.7691594,2.8492564,124.4504,3.389026,1.8266298,4.0780184,3.9689255,0.5922563,0.459416,1.5967408,0.149336,3.4061416,0.2841009,0.9094334,1.3732601,1.4316158,0.1326997,1.1617265,0.1381648,0.5388301,0.05746,0.3205027,0.3586,0.329,0.2162,0.1799,2.7188277,3.3289652,1.9609828,2.5723567,,2.2490642,,,,,10.691966,,,,,2.08,1.37,,8.96,9.54,,,,,,,,0.2161108,0.2159255,118.40627,3.2925892,2.3941716,0.2549706,118.99149,3.3014779,2.6890686,0.4314819,0.5238913,0.1108754,0.1905448,3.4689028,0.2866621,2.1346269,0.3249025,0.100329,0.3157553,,3.4674918,4.354242,1.1347714,0.0889306,2.993883,0.2309367,0.7376486,1.0080903,0.0795848,0.6400704,0.0502232,8.1190127,0.0207148,3.6337421,1.4142136,6.1181996,2.6549519,0.2070387,0.1113372,3.1444946,0.2459967,1.4826908,,,,,,,,,,,,,,,,,,,,,,,,,,,
6.0,Median,,5.11,5.11111,209.0,6.0,0.0,5.0,191.0,6.0,0.0,8.0,8.0,-0.1485,0.1039,0.0,0.0,2.0,0.3,1.82379,2.0,0.0,0.0,1.0,0.0833,0.0,0.0,0.0,0.0,0.0,0.0,0.0,4.0,2.0,9.0,5.0,,3.0,,,,,31.0,,,,,3.5,1.0,,32.0,3.0,,,,,,,,0.435,0.434965,209.5,6.0,0.0,0.414585,209.5,6.0,0.0,-0.13235,0.0626,0.27516,0.345485,3.0,0.5,3.0,0.88889,0.0,0.8,,5.89055,5.525,0.28,0.0695,1.105,0.2055,1.818,0.329,0.063,0.724,0.117,5.0,0.0215,4.0,0.5,34.34,6.845,0.38795,0.26495,2.1974,0.40295,2.97365,,,,,,,,,,,,,,,,,,,,,,,,,,,
1.0,Rob & Brennan,TARUS1,2.46,2.46154,22.0,2.0,-1.0,3.0,65.0,2.0,-1.0,13.0,13.0,0.4034,0.5511,5.0,0.3846,11.0,0.8462,1.4473,2.0,1.0,0.0769,0.0,0.0,0.0,0.0,1.0,0.0,0.0,0.0,0.0,1.0,1.0,6.0,5.0,1.0,5.0,7.0,,,,27.0,29.0,,,,6.0,2.0,,28.0,2.0,,Male,,,,,,0.74,0.74463,19.0,1.0,0.0,0.75,41.0,1.0,0.0,0.4893,0.8613,0.23294,0.4,12.0,0.9231,1.0,1.0,0.28571,0.71429,1st,2.8993,12.18,3.74,0.309,8.237,0.675,1.736,2.658,0.217,1.395,0.114,12.0,0.025,4.0,3.0,30.04,3.71,0.6844,0.2597,9.1053,0.7476,3.0789,,,,,,,,8.0,10.0,1.0,,,27.0,1.0,27.0,1.0,4.0,,0.0,6.23,60.0,,0.0,1.0,0.0,1.0,3.0
2.0,Frank & Margarita,TARUS1,2.38,2.38462,14.0,1.0,1.0,2.0,9.0,1.0,1.0,13.0,13.0,0.4228,0.5657,3.0,0.2308,10.0,0.7692,1.21139,1.0,6.0,0.4615,0.0,0.0,0.0,0.0,1.0,0.0,0.0,0.0,0.0,2.0,1.0,5.0,4.0,2.0,9.0,3.0,,,,30.0,28.0,,,,6.0,6.0,,29.0,2.0,,Co-Ed,,,,,,0.72,0.72408,23.0,2.0,0.0,0.75,41.0,1.0,1.0,0.4482,0.8099,0.20405,0.30357,12.0,0.9231,1.0,1.0,0.33333,0.66667,2nd,3.2793,12.18,2.66,0.216,7.921,0.649,1.905,3.0,0.246,1.395,0.114,15.0,0.033,6.0,1.0,32.09,4.66,0.6102,0.2636,8.5526,0.7009,3.6316,,,,,,,,9.0,6.0,1.0,,,30.0,2.0,30.0,2.0,9.0,,1.0,5.92,84.0,,0.0,1.0,0.0,2.0,4.0
3.0,Joe & Bill,TARUS1,2.77,2.76923,42.0,3.0,0.0,3.0,65.0,2.0,1.0,13.0,13.0,0.3282,0.4945,1.0,0.0769,9.0,0.6923,0.97301,2.0,5.0,0.3846,3.0,0.2308,2.0,0.1538,1.0,0.0,0.0,0.0,0.0,2.0,1.0,4.0,3.0,3.0,7.0,4.0,,,,50.0,47.0,,,,5.5,3.0,,48.5,3.0,,Male,,,,,,0.51,0.51389,148.0,5.0,-2.0,0.625,106.0,3.0,0.0,0.0278,0.2845,0.36881,0.58333,7.0,0.5385,6.0,1.0,0.0,1.0,3rd,3.567,12.18,2.03,0.167,7.0,0.576,1.812,1.947,0.159,2.079,0.17,18.0,0.038,4.0,5.0,31.88,6.82,0.5219,0.3003,6.6842,0.5494,5.5,,,,,,,,10.0,,0.0,,,50.0,3.0,50.0,3.0,2.0,,2.0,6.09,58.0,,0.0,1.0,0.0,3.0,7.0
4.0,Kevin & Drew,TARUS1,3.36,3.36364,94.0,4.0,0.0,3.0,65.0,2.0,2.0,11.0,11.0,0.1852,0.3869,3.0,0.2727,6.0,0.5455,2.22681,2.5,1.0,0.0909,1.0,0.0909,0.0,0.0,1.0,0.0,0.0,0.0,0.0,1.0,1.0,9.0,8.0,4.0,5.0,5.0,,,,34.0,35.0,,,,5.0,0.0,,34.5,1.0,,Male,,,,,,0.57,0.56782,112.0,3.0,1.0,0.5,156.0,5.0,-1.0,0.1356,0.4193,0.33273,0.5619,6.0,0.5455,5.0,1.0,0.0,1.0,4th,3.9032,11.05,1.47,0.133,4.921,0.446,1.928,1.632,0.148,1.553,0.14,20.0,0.047,9.0,1.0,32.53,4.68,0.5057,0.3009,6.1053,0.5526,4.9474,,,,,,,,11.0,10.0,1.0,,,34.0,4.0,34.0,4.0,3.0,,3.0,5.82,48.0,,0.0,2.0,0.0,4.0,9.0
5.0,Nancy & Emily,TARUS1,5.78,5.77778,257.0,6.0,-1.0,5.0,191.0,5.0,0.0,9.0,9.0,-0.4017,-0.0547,0.0,0.0,2.0,0.2222,2.24983,3.0,0.0,0.0,4.0,0.4444,1.0,0.1111,0.0,0.0,0.0,0.0,0.0,5.0,3.0,10.0,7.0,5.0,2.0,7.0,,,,46.0,21.0,,,,4.5,5.0,,33.5,25.0,,Female,,,,,,0.25,0.24757,325.0,9.0,-4.0,0.2,324.0,9.0,-4.0,-0.5049,-0.3812,0.249,0.12222,2.0,0.2222,7.0,0.71429,0.0,0.71429,5th,4.4769,9.39,0.97,0.104,3.079,0.329,1.824,1.0,0.107,1.184,0.126,18.0,0.05,12.0,0.0,34.33,6.5,0.463,0.2874,4.5789,0.4867,4.8158,,,,,,,,12.0,6.0,1.0,,,46.0,5.0,46.0,5.0,2.0,,4.0,5.28,40.0,,0.0,2.0,0.0,5.0,3.0
6.0,Lenny & Karyn,TARUS1,6.43,6.42857,293.0,7.0,-1.0,6.0,251.0,7.0,-1.0,7.0,7.0,-0.5594,-0.1734,0.0,0.0,0.0,0.0,1.39971,1.0,0.0,0.0,3.0,0.4286,1.0,0.1429,0.0,0.0,0.0,0.0,0.0,6.0,4.0,9.0,5.0,6.0,2.0,5.0,,,,33.0,30.0,,,,3.5,3.0,,31.5,3.0,,Co-Ed,,,,,,0.2,0.1958,347.0,10.0,-4.0,0.14286,349.0,10.0,-4.0,-0.6084,-0.5106,0.22189,0.15278,1.0,0.1429,6.0,0.7,0.0,0.7,6th,4.9674,7.79,0.56,0.072,2.231,0.282,1.979,0.949,0.121,0.923,0.12,20.0,0.063,8.0,2.0,34.35,7.95,0.4382,0.2957,3.6923,0.4713,4.0513,,,,,,,,13.0,,0.0,,,33.0,6.0,33.0,6.0,7.0,,5.0,6.06,31.0,,0.0,2.0,0.0,6.0,5.0
7.0,Paul & Amie,TARUS1,6.6,6.6,302.0,9.0,-2.0,7.0,293.0,9.0,-2.0,5.0,5.0,-0.6006,-0.2044,0.0,0.0,0.0,0.0,1.0198,1.0,0.0,0.0,0.0,0.0,0.0,0.0,0.0,0.0,0.0,0.0,0.0,7.0,5.0,8.0,3.0,7.0,3.0,1.0,,,,32.0,27.0,,,,2.0,2.0,,29.5,5.0,,Co-Ed,,,,,,0.29,0.28738,307.0,7.0,0.0,0.33333,252.0,7.0,0.0,-0.4252,-0.2817,0.14998,0.075,0.0,0.0,5.0,0.42857,0.0,0.42857,7th,5.774,6.21,0.18,0.029,1.289,0.204,1.951,0.421,0.066,0.816,0.125,7.0,0.028,4.0,1.0,33.36,7.24,0.3818,0.2663,2.4211,0.3853,3.7895,,,,,,,,14.0,3.0,1.0,,,32.0,7.0,32.0,7.0,5.0,,6.0,6.62,13.0,,0.0,2.0,0.0,7.0,5.0
8.0,Dave & Margaretta,TARUS1,6.5,6.5,295.0,8.0,0.0,6.5,281.0,8.0,0.0,4.0,4.0,-0.5763,-0.1861,0.0,0.0,0.0,0.0,1.11803,1.5,0.0,0.0,0.0,0.0,0.0,0.0,0.0,0.0,0.0,0.0,0.0,,5.0,8.0,3.0,8.0,3.0,1.0,,,,65.0,60.0,,,,2.0,2.0,,62.5,5.0,,Co-Ed,,,,,,0.34,0.33611,274.0,6.0,2.0,0.42222,207.0,6.0,2.0,-0.3278,-0.1599,0.19726,0.15833,1.0,0.25,3.0,0.5,0.0,0.5,8th,6.0071,4.84,0.32,0.072,0.921,0.196,2.003,0.237,0.05,0.632,0.134,3.0,0.014,7.0,1.0,36.22,6.87,0.3941,0.2783,1.9737,0.4155,2.8684,,,,,,,,15.0,7.0,1.0,,,65.0,8.0,65.0,8.0,2.0,,7.0,8.27,11.0,,0.0,3.0,0.0,8.0,8.0
9.0,Pat & Brenda,TARUS1,5.0,5.0,203.0,5.0,4.0,5.0,191.0,5.0,4.0,3.0,3.0,-0.2126,0.0876,1.0,0.3333,1.0,0.3333,3.26599,4.0,0.0,0.0,0.0,0.0,0.0,0.0,1.0,0.0,0.0,0.0,0.0,,1.0,9.0,8.0,9.0,2.0,0.0,,,,43.0,42.0,,,,1.0,2.0,,42.5,1.0,,Female,,,,,,0.53,0.53333,134.0,4.0,5.0,0.6,115.0,4.0,5.0,0.0667,0.3331,0.41096,0.5,2.0,0.6667,1.0,1.0,0.0,1.0,9th,6.5873,3.58,0.24,0.067,0.737,0.207,2.227,0.211,0.06,0.342,0.104,3.0,0.018,4.0,0.0,33.77,7.13,0.3686,0.2845,1.3947,0.3904,2.1842,,,,,,,,16.0,4.0,2.0,,,43.0,9.0,43.0,9.0,1.0,,8.0,5.92,12.0,,0.0,3.0,0.0,9.0,4.0
10.0,Kim & Leslie,TARUS1,8.0,8.0,334.0,10.0,0.0,8.0,319.0,10.0,0.0,2.0,2.0,-0.9401,-0.4599,0.0,0.0,0.0,0.0,2.0,2.0,0.0,0.0,0.0,0.0,0.0,0.0,0.0,0.0,0.0,0.0,0.0,,6.0,10.0,4.0,10.0,2.0,0.0,,,,28.0,27.0,,,,1.0,2.0,,27.5,1.0,,Female,,,,,,0.25,0.25,322.0,8.0,2.0,0.25,297.0,8.0,2.0,-0.5,-0.3751,0.25,0.25,1.0,0.5,1.0,0.5,0.0,0.5,10th,8.5807,2.42,0.03,0.013,0.079,0.039,1.366,0.026,0.013,0.316,0.121,0.0,0.0,0.0,0.0,36.06,7.68,0.2044,0.1816,0.4474,0.1807,1.9737,,,,,,,,17.0,7.0,1.0,,,28.0,10.0,28.0,10.0,4.0,,9.0,6.22,9.0,,0.0,3.0,0.0,10.0,6.0
11.0,Matt & Ana,TARUS1,11.0,11.0,384.0,11.0,0.0,11.0,384.0,11.0,0.0,1.0,1.0,-1.6677,-1.0073,0.0,0.0,0.0,0.0,0.0,0.0,0.0,0.0,0.0,0.0,0.0,0.0,0.0,0.0,0.0,0.0,0.0,,11.0,11.0,0.0,11.0,0.0,0.0,,,,28.0,28.0,,,,0.0,0.0,,28.0,0.0,,Co-Ed,,,,,,0.0,0.0,385.0,11.0,0.0,0.0,385.0,11.0,0.0,-1.0,-1.0,0.0,0.0,0.0,0.0,1.0,0.0,0.0,0.0,11th,10.214,1.49,0.08,0.027,0.108,0.041,0.697,0.027,0.014,0.135,0.043,0.0,0.0,2.0,0.0,34.38,5.46,0.088,0.0753,0.1622,0.0586,1.3243,,,,,,,,18.0,,0.0,,,28.0,11.0,28.0,11.0,6.0,,10.0,7.67,3.0,,0.0,3.0,0.0,11.0,6.0
1.0,Chris & Alex,TARUS2,3.38,3.38462,96.0,2.0,-1.0,3.0,65.0,1.0,0.0,13.0,13.0,0.1729,0.367,3.0,0.2308,9.0,0.6923,2.20274,4.0,3.0,0.2308,3.0,0.2308,2.0,0.1538,1.0,0.0,0.0,0.0,0.0,2.0,1.0,7.0,6.0,12.0,5.0,6.0,,,,25.0,24.0,,,,5.5,1.0,,24.5,1.0,,Male,,,,,,0.54,0.53834,131.0,5.0,-4.0,0.5,156.0,6.0,-5.0,0.0577,0.2698,0.37006,0.63889,7.0,0.5385,6.0,1.0,0.0,1.0,12th,11.3333,1.44,0.0,0.0,0.111,0.056,0.667,0.0,0.0,0.111,0.056,0.0,0.0,0.0,0.0,39.56,14.67,0.0748,0.0748,0.1111,0.0556,1.3333,,,,,,,,19.0,5.17,6.0,,,25.0,1.0,25.0,1.0,6.0,,11.0,,0.0,,0.0,3.0,1.0,4.0,7.0
2.0,Tara & Wil,TARUS2,2.54,2.53846,25.0,1.0,1.0,3.0,65.0,1.0,1.0,13.0,13.0,0.3784,0.5243,3.0,0.2308,11.0,0.8462,1.15128,1.0,3.0,0.2308,2.0,0.1538,0.0,0.0,1.0,0.0,0.0,0.0,0.0,3.0,1.0,5.0,4.0,13.0,4.0,7.0,,,,31.0,37.0,,,,5.5,3.0,,34.0,6.0,,Co-Ed,,,,,,0.67,0.67311,43.0,1.0,1.0,0.66667,78.0,1.0,1.0,0.3225,0.5877,0.25453,0.375,11.0,0.8462,2.0,1.0,0.2,0.8,13th,11.75,1.0,0.0,0.0,0.0,0.0,0.0,0.0,0.0,0.0,0.0,0.0,0.0,0.0,0.0,39.38,4.75,0.1154,0.0,0.0,0.0,1.0,,,,,,,,20.0,6.25,4.0,,,31.0,2.0,31.0,2.0,4.0,,12.0,,0.0,,0.0,3.0,1.0,9.0,10.0
3.0,Blake & Paige,TARUS2,3.69,3.69231,116.0,3.0,0.0,4.0,127.0,4.0,-1.0,13.0,13.0,0.097,0.309,2.0,0.1538,6.0,0.4615,2.05256,3.0,2.0,0.1538,2.0,0.1538,1.0,0.0769,1.0,0.0,0.0,0.0,0.0,4.0,1.0,9.0,8.0,14.0,8.0,3.0,,,,25.0,21.0,,,,5.5,5.0,,23.0,4.0,,Co-Ed,,,,,,0.51,0.50763,153.0,6.0,-3.0,0.57143,130.0,4.0,-1.0,-0.0026,0.1974,0.3265,0.5,9.0,0.6923,4.0,1.0,0.0,1.0,14th,14.0,1.0,0.0,0.0,0.0,0.0,0.0,0.0,0.0,0.0,0.0,0.0,0.0,0.0,0.0,56.0,10.0,0.0,0.0,0.0,0.0,1.0,,,,,,,,21.0,5.93,14.0,,,25.0,3.0,25.0,3.0,4.0,,13.0,7.5,2.0,,0.0,3.0,1.0,10.0,5.0
4.0,Oswald & Danny,TARUS2,4.0,4.0,132.0,5.0,-1.0,4.0,127.0,4.0,0.0,11.0,11.0,0.0211,0.2509,3.0,0.2727,3.0,0.2727,2.2563,2.5,0.0,0.0,2.0,0.1818,1.0,0.0909,1.0,0.0,0.0,0.0,0.0,4.0,1.0,8.0,7.0,15.0,6.0,3.0,,,,31.0,36.0,,,,4.5,3.0,,33.5,5.0,,Male,,,,,,0.44,0.44091,203.0,7.0,-3.0,0.33333,252.0,8.0,-4.0,-0.1337,0.04,0.36593,0.49167,3.0,0.2727,8.0,1.0,0.0,1.0,,,,,,,,,,,,,,,,,,,,,,,,,,,,,,,22.0,6.19,36.0,,,31.0,4.0,31.0,4.0,6.0,,14.0,,0.0,,0.0,4.0,1.0,1.0,10.0
5.0,Gary & Dave,TARUS2,3.89,3.88889,130.0,4.0,1.0,3.0,65.0,1.0,4.0,9.0,9.0,0.0481,0.2715,1.0,0.1111,5.0,0.5556,2.28252,3.0,2.0,0.2222,0.0,0.0,0.0,0.0,1.0,0.0,0.0,0.0,0.0,5.0,1.0,9.0,8.0,16.0,2.0,5.0,,,,33.0,28.0,,,,3.5,3.0,,30.5,5.0,,Male,,,,,,0.56,0.55511,126.0,4.0,1.0,0.55556,136.0,5.0,0.0,0.0907,0.3094,0.31155,0.46667,6.0,0.6667,3.0,1.0,0.0,1.0,,,,,,,,,,,,,,,,,,,,,,,,,,,,,,,23.0,5.97,32.0,,,33.0,5.0,33.0,5.0,3.0,,15.0,,0.0,,0.0,4.0,1.0,7.0,6.0
6.0,Mary & Peach,TARUS2,4.14,4.14286,142.0,6.0,0.0,4.0,127.0,4.0,2.0,7.0,7.0,-0.0131,0.2247,1.0,0.1429,2.0,0.2857,1.95876,2.5,1.0,0.1429,0.0,0.0,0.0,0.0,0.0,0.0,0.0,0.0,0.0,4.0,1.0,7.0,6.0,17.0,3.0,2.0,,,,38.0,33.0,,,,2.5,1.0,,35.5,5.0,,Female,,,,,,0.56,0.5648,117.0,3.0,3.0,0.625,106.0,3.0,3.0,0.1097,0.3323,0.30243,0.33571,4.0,0.5714,3.0,1.0,0.0,1.0,,,,,,,,,,,,,,,,,,,,,,,,,,,,,,,24.0,5.68,38.0,,,38.0,6.0,38.0,6.0,2.0,,16.0,7.0,2.0,,0.0,4.0,1.0,2.0,11.0
7.0,Cyndi & Russell,TARUS2,5.8,5.8,258.0,8.0,-1.0,6.0,251.0,8.0,-1.0,5.0,5.0,-0.4193,-0.0861,0.0,0.0,1.0,0.2,2.03961,1.0,1.0,0.2,1.0,0.2,0.0,0.0,0.0,0.0,0.0,0.0,0.0,6.0,2.0,8.0,6.0,18.0,1.0,3.0,,,,45.0,46.0,,,,2.0,2.0,,45.5,1.0,,Co-Ed,,,,,,0.35,0.35103,267.0,8.0,-1.0,0.28571,287.0,9.0,-2.0,-0.3103,-0.172,0.31263,0.31944,1.0,0.2,4.0,0.9,0.0,0.9,,,,,,,,,,,,,,,,,,,,,,,,,,,,,,,25.0,6.35,43.0,,,45.0,7.0,45.0,7.0,1.0,,17.0,7.0,1.0,,0.0,4.0,1.0,6.0,9.0
8.0,Shola & Doyin,TARUS2,4.25,4.25,150.0,7.0,1.0,4.0,127.0,4.0,4.0,4.0,4.0,-0.04,0.2041,1.0,0.25,2.0,0.5,2.58602,3.25,0.0,0.0,0.0,0.0,0.0,0.0,1.0,0.0,0.0,0.0,0.0,,1.0,8.0,7.0,19.0,0.0,1.0,,,,27.0,27.0,,,,0.5,1.0,,27.0,0.0,,Male,,,,,,0.58,0.575,107.0,2.0,6.0,0.65,99.0,2.0,6.0,0.1298,0.3563,0.37666,0.475,3.0,0.75,1.0,1.0,0.0,1.0,,,,,,,,,,,,,,,,,,,,,,,,,,,,,,,26.0,5.89,63.0,,,27.0,8.0,27.0,8.0,4.0,,18.0,7.0,1.0,,0.0,4.0,1.0,12.0,2.0
9.0,Peggy & Claire,TARUS2,9.0,9.0,353.0,10.0,-1.0,9.0,341.0,10.0,-1.0,3.0,3.0,-1.2024,-0.6854,0.0,0.0,0.0,0.0,0.8165,1.0,0.0,0.0,1.0,0.3333,0.0,0.0,0.0,0.0,0.0,0.0,0.0,,8.0,10.0,2.0,20.0,0.0,1.0,,,,63.0,65.0,,,,0.5,1.0,,64.0,2.0,,Female,,,,,,0.11,0.10741,366.0,10.0,-1.0,0.1,361.0,10.0,-1.0,-0.789,-0.7466,0.09087,0.11111,0.0,0.0,3.0,0.22222,0.0,0.22222,,,,,,,,,,,,,,,,,,,,,,,,,,,,,,,27.0,6.12,49.0,,,63.0,9.0,63.0,9.0,1.0,,19.0,10.5,2.0,,0.0,4.0,1.0,5.0,6.0
10.0,Hope & Norm,TARUS2,7.0,7.0,308.0,9.0,1.0,7.0,293.0,9.0,1.0,2.0,2.0,-0.713,-0.3109,0.0,0.0,0.0,0.0,3.0,3.0,0.0,0.0,0.0,0.0,0.0,0.0,0.0,0.0,0.0,0.0,0.0,,4.0,10.0,6.0,21.0,0.0,1.0,,,,38.0,39.0,,,,0.5,1.0,,38.5,1.0,,Co-Ed,,,,,,0.35,0.35,268.0,9.0,1.0,0.35,246.0,7.0,3.0,-0.3123,-0.1744,0.35,0.35,1.0,0.5,1.0,0.7,0.0,0.7,,,,,,,,,,,,,,,,,,,,,,,,,,,,,,,28.0,6.15,48.0,,,38.0,10.0,38.0,10.0,2.0,,20.0,9.0,1.0,,0.0,4.0,1.0,11.0,6.0
11.0,Deidre & Hillary,TARUS2,11.0,11.0,384.0,11.0,0.0,11.0,384.0,11.0,0.0,1.0,1.0,-1.6918,-1.0599,0.0,0.0,0.0,0.0,0.0,0.0,0.0,0.0,0.0,0.0,0.0,0.0,0.0,0.0,0.0,0.0,0.0,,11.0,11.0,0.0,22.0,0.0,0.0,,,,23.0,51.0,,,,0.0,0.0,,37.0,28.0,,Female,,,,,,0.0,0.0,385.0,11.0,0.0,0.0,385.0,11.0,0.0,-1.0,-1.0,0.0,0.0,0.0,0.0,1.0,0.0,0.0,0.0,,,,,,,,,,,,,,,,,,,,,,,,,,,,,,,29.0,4.8,44.0,,,23.0,11.0,23.0,11.0,2.0,,21.0,,0.0,,0.0,4.0,1.0,3.0,3.0
1.0,Flo & Zach,TARUS3,2.69,2.69231,35.0,1.0,0.0,2.0,9.0,1.0,0.0,13.0,13.0,0.4007,0.5509,2.0,0.1538,10.0,0.7692,1.26398,1.0,5.0,0.3846,0.0,0.0,2.0,0.1538,0.0,0.0,0.0,0.0,0.0,2.0,1.0,5.0,4.0,23.0,1.0,10.0,,,,23.0,23.0,,,,5.5,9.0,,23.0,0.0,,Co-Ed,,,,,,0.65,0.65256,56.0,2.0,-1.0,0.75,41.0,1.0,0.0,0.3009,0.6249,0.31611,0.30357,11.0,0.8462,2.0,1.0,0.0,1.0,,,,,,,,,,,,,,,,,,,,,,,,,,,,,,,30.0,4.17,42.0,,,23.0,1.0,23.0,1.0,6.0,,22.0,10.0,1.0,,0.0,4.0,1.0,8.0,8.0
2.0,Teri & Ian,TARUS3,4.54,4.53846,173.0,4.0,-2.0,4.0,127.0,4.0,-2.0,13.0,13.0,-0.0114,0.2421,3.0,0.2308,5.0,0.3846,3.02846,4.0,1.0,0.0769,4.0,0.3077,0.0,0.0,0.0,0.0,0.0,0.0,0.0,1.0,1.0,10.0,9.0,24.0,2.0,9.0,,,,49.0,50.0,,,,5.5,7.0,,49.5,1.0,,Co-Ed,,,,,,0.47,0.47458,175.0,5.0,-3.0,0.4,213.0,7.0,-5.0,-0.0539,0.1817,0.31445,0.25,6.0,0.4615,7.0,1.0,0.1,0.9,,,,,,,,,,,,,,,,,,,,,,,,,,,,,,,31.0,5.84,44.0,,,49.0,2.0,49.0,2.0,1.0,,23.0,3.0,1.0,,0.0,5.0,2.0,1.0,8.0
3.0,Ken & Gerard,TARUS3,2.69,2.69231,35.0,1.0,2.0,2.0,9.0,1.0,2.0,13.0,13.0,0.4007,0.5509,3.0,0.2308,10.0,0.7692,1.48762,1.0,4.0,0.3077,3.0,0.2308,0.0,0.0,0.0,0.0,0.0,0.0,0.0,2.0,1.0,6.0,5.0,25.0,6.0,6.0,,,,40.0,35.0,,,,6.0,0.0,,37.5,5.0,,Male,,,,,,0.6,0.60299,90.0,3.0,0.0,0.66667,78.0,3.0,0.0,0.2021,0.5014,0.32182,0.55556,9.0,0.6923,4.0,1.0,0.0,1.0,,,,,,,,,,,,,,,,,,,,,,,,,,,,,,,32.0,6.44,41.0,,,40.0,3.0,40.0,3.0,1.0,,24.0,,0.0,,0.0,5.0,2.0,2.0,5.0
4.0,Derek & Drew,TARUS3,3.09,3.09091,63.0,3.0,1.0,3.0,65.0,3.0,1.0,11.0,11.0,0.3116,0.4841,4.0,0.3636,8.0,0.7273,2.74539,2.5,1.0,0.0909,1.0,0.0909,0.0,0.0,0.0,0.0,0.0,0.0,0.0,1.0,1.0,11.0,10.0,26.0,6.0,4.0,,,,32.0,32.0,,,,5.0,2.0,,32.0,0.0,,Male,,,,,,0.67,0.66865,45.0,1.0,3.0,0.75,41.0,1.0,3.0,0.333,0.6649,0.34416,0.5,9.0,0.8182,2.0,1.0,0.0,1.0,,,,,,,,,,,,,,,,,,,,,,,,,,,,,,,33.0,6.33,33.0,,,32.0,4.0,32.0,4.0,5.0,,25.0,6.8,5.0,,0.0,5.0,2.0,9.0,4.0
5.0,John Vito & Jill,TARUS3,4.8,4.8,192.0,5.0,0.0,5.0,191.0,5.0,0.0,10.0,10.0,-0.0694,0.1987,1.0,0.1,2.0,0.2,1.72047,1.5,0.0,0.0,0.0,0.0,1.0,0.1,0.0,0.0,0.0,0.0,0.0,5.0,1.0,7.0,6.0,27.0,5.0,3.0,,,,28.0,24.0,,,,4.0,2.0,,26.0,4.0,,Co-Ed,,,,,,0.42,0.42495,217.0,7.0,-2.0,0.3875,226.0,8.0,-3.0,-0.1528,0.0581,0.28435,0.25952,4.0,0.4,6.0,1.0,0.0,1.0,,,,,,,,,,,,,,,,,,,,,,,,,,,,,,,34.0,5.64,22.0,,,28.0,5.0,28.0,5.0,6.0,,26.0,6.2,5.0,,0.0,6.0,2.0,7.0,6.0
6.0,Andre & Damon,TARUS3,5.86,5.85714,264.0,9.0,-3.0,6.0,251.0,8.0,-2.0,7.0,7.0,-0.3055,0.0217,0.0,0.0,1.0,0.1429,2.03038,2.5,1.0,0.1429,1.0,0.1429,0.0,0.0,0.0,0.0,0.0,0.0,0.0,8.0,2.0,8.0,6.0,28.0,2.0,3.0,,,,32.0,33.0,,,,2.5,1.0,,32.5,1.0,,Male,,,,,,0.38,0.37508,253.0,9.0,-3.0,0.3,273.0,9.0,-3.0,-0.2523,-0.0661,0.27105,0.34533,2.0,0.2857,5.0,0.85714,0.0,0.85714,,,,,,,,,,,,,,,,,,,,,,,,,,,,,,,35.0,5.75,16.0,,,32.0,6.0,32.0,6.0,7.0,,27.0,9.25,4.0,,0.0,6.0,2.0,10.0,5.0
7.0,Aaron & Arianne,TARUS3,5.17,5.16667,213.0,6.0,1.0,5.5,237.0,6.0,1.0,6.0,6.0,-0.1518,0.1369,0.0,0.0,2.0,0.3333,2.26691,3.75,1.0,0.1667,2.0,0.3333,0.0,0.0,0.0,0.0,0.0,0.0,0.0,7.0,2.0,8.0,6.0,29.0,3.0,2.0,,,,27.0,27.0,,,,2.5,1.0,,27.0,0.0,,Co-Ed,,,,,,0.44,0.44212,201.0,6.0,1.0,0.40476,212.0,6.0,1.0,-0.1186,0.1009,0.36219,0.65084,3.0,0.5,3.0,0.9,0.0,0.9,,,,,,,,,,,,,,,,,,,,,,,,,,,,,,,36.0,5.0,24.0,,,27.0,7.0,27.0,7.0,7.0,,28.0,7.0,9.0,,0.0,6.0,2.0,11.0,6.0
8.0,Michael & Kathy,TARUS3,5.8,5.8,258.0,8.0,0.0,6.0,251.0,8.0,0.0,5.0,5.0,-0.2922,0.0317,0.0,0.0,0.0,0.0,1.6,3.0,0.0,0.0,0.0,0.0,0.0,0.0,0.0,0.0,0.0,0.0,0.0,4.0,4.0,8.0,4.0,30.0,3.0,0.0,,,,28.0,31.0,,,,1.5,3.0,,29.5,3.0,,Co-Ed,,,,,,0.42,0.42434,218.0,8.0,0.0,0.44444,195.0,5.0,3.0,-0.1541,0.0566,0.27518,0.45,2.0,0.4,3.0,0.72727,0.0,0.72727,,,,,,,,,,,,,,,,,,,,,,,,,,,,,,,37.0,6.1,21.0,,,28.0,8.0,28.0,8.0,4.0,,29.0,7.0,5.0,,0.0,6.0,2.0,3.0,4.0
9.0,Heather & Eve,TARUS3,5.75,5.75,254.0,7.0,2.0,5.5,237.0,6.0,3.0,4.0,4.0,-0.281,0.0401,0.0,0.0,1.0,0.25,2.16506,2.25,0.0,0.0,0.0,0.0,0.0,0.0,0.0,0.0,0.0,0.0,0.0,,3.0,9.0,6.0,31.0,3.0,0.0,,,,25.0,25.0,,,,1.5,3.0,,25.0,0.0,,Female,,,,,,0.48,0.47525,174.0,4.0,5.0,0.55051,142.0,4.0,5.0,-0.0526,0.1834,0.2927,0.20758,3.0,0.75,1.0,0.8,0.0,0.8,,,,,,,,,,,,,,,,,,,,,,,,,,,,,,,38.0,5.76,21.0,,,25.0,9.0,25.0,9.0,6.0,,30.0,7.0,3.0,,0.0,6.0,2.0,5.0,5.0
10.0,Dennis & Andrew,TARUS3,9.0,9.0,353.0,10.0,0.0,9.0,341.0,10.0,0.0,3.0,3.0,-1.0051,-0.5025,0.0,0.0,0.0,0.0,0.8165,1.0,0.0,0.0,0.0,0.0,0.0,0.0,1.0,0.0,0.0,0.0,0.0,,8.0,10.0,2.0,32.0,0.0,1.0,,,,48.0,21.0,,,,0.5,1.0,,34.5,27.0,,Male,,,,,,0.19,0.18788,349.0,10.0,0.0,0.2,324.0,10.0,0.0,-0.6255,-0.5322,0.1487,0.18182,0.0,0.0,3.0,0.36364,0.0,0.36364,,,,,,,,,,,,,,,,,,,,,,,,,,,,,,,39.0,7.95,21.0,,,48.0,10.0,48.0,10.0,2.0,,31.0,7.33,3.0,,0.0,7.0,2.0,12.0,2.0
11.0,Tramel & Talicia,TARUS3,10.5,10.5,383.0,11.0,0.0,10.5,383.0,11.0,0.0,2.0,2.0,-1.3392,-0.7529,0.0,0.0,0.0,0.0,0.5,0.5,0.0,0.0,0.0,0.0,0.0,0.0,0.0,0.0,0.0,0.0,0.0,,10.0,11.0,1.0,33.0,1.0,0.0,,,,22.0,29.0,,,,0.5,1.0,,25.5,7.0,,Co-Ed,,,,,,0.09,0.09091,374.0,11.0,0.0,0.09091,375.0,11.0,0.0,-0.8188,-0.7736,0.09091,0.09091,0.0,0.0,2.0,0.18182,0.0,0.18182,,,,,,,,,,,,,,,,,,,,,,,,,,,,,,,40.0,7.42,19.0,,,22.0,11.0,22.0,11.0,3.0,,32.0,4.0,3.0,,0.0,7.0,2.0,8.0,4.0
12.0,Gina & Sylvia,TARUS3,12.0,12.0,410.0,12.0,0.0,12.0,410.0,12.0,0.0,1.0,1.0,-1.6734,-1.0033,0.0,0.0,0.0,0.0,0.0,0.0,0.0,0.0,0.0,0.0,0.0,0.0,0.0,0.0,0.0,0.0,0.0,,12.0,12.0,0.0,34.0,0.0,0.0,,,,34.0,35.0,,,,0.0,0.0,,34.5,1.0,,Female,,,,,,0.0,0.0,385.0,12.0,0.0,0.0,385.0,12.0,0.0,-1.0,-1.0,0.0,0.0,0.0,0.0,1.0,0.0,0.0,0.0,,,,,,,,,,,,,,,,,,,,,,,,,,,,,,,41.0,7.53,15.0,,,34.0,12.0,34.0,12.0,2.0,,33.0,9.67,3.0,,0.0,7.0,2.0,4.0,4.0
1.0,Reichen & Chip,TARUS4,3.15,3.15385,68.0,1.0,0.0,2.0,9.0,1.0,0.0,13.0,13.0,0.2919,0.4335,2.0,0.1538,9.0,0.6923,2.10663,2.0,5.0,0.3846,2.0,0.1538,0.0,0.0,1.0,0.0,0.0,0.0,0.0,2.0,1.0,9.0,8.0,35.0,4.0,7.0,,,,28.0,36.0,,,,5.5,3.0,,32.0,8.0,,Male,,,,,,0.64,0.63887,66.0,1.0,0.0,0.66667,78.0,1.0,0.0,0.2662,0.4436,0.25756,0.33333,10.0,0.7692,3.0,1.0,0.2,0.8,,,,,,,,,,,,,,,,,,,,,,,,,,,,,,,42.0,6.38,16.0,,,28.0,1.0,28.0,1.0,4.0,,34.0,7.33,3.0,,0.0,7.0,2.0,6.0,2.0
2.0,Kelly & Jon,TARUS4,3.85,3.84615,129.0,4.0,-2.0,3.0,65.0,2.0,0.0,13.0,13.0,0.1345,0.3076,1.0,0.0769,8.0,0.6154,1.99407,2.0,2.0,0.1538,1.0,0.0769,2.0,0.1538,0.0,0.0,0.0,0.0,0.0,3.0,1.0,8.0,7.0,36.0,2.0,10.0,,,,30.0,28.0,,,,6.0,8.0,,29.0,2.0,,Co-Ed,,,,,,0.48,0.4781,172.0,7.0,-5.0,0.54545,148.0,3.0,-1.0,-0.0525,0.0803,0.29736,0.41667,8.0,0.6154,5.0,1.0,0.0,1.0,,,,,,,,,,,,,,,,,,,,,,,,,,,,,,,43.0,6.33,9.0,,,30.0,2.0,32.0,3.0,3.0,,35.0,,0.0,,0.0,7.0,3.0,3.0,4.0
3.0,David & Jeff,TARUS4,4.0,4.0,132.0,5.0,-2.0,4.0,127.0,4.0,-1.0,13.0,13.0,0.1008,0.2806,4.0,0.3077,6.0,0.4615,2.66025,5.0,0.0,0.0,1.0,0.0769,1.0,0.0769,1.0,0.0,0.0,0.0,0.0,1.0,1.0,10.0,9.0,37.0,5.0,6.0,,,,32.0,37.0,,,,5.5,1.0,,34.5,5.0,,Male,,,,,,0.5,0.50199,155.0,5.0,-2.0,0.375,230.0,8.0,-5.0,-0.0051,0.1343,0.36826,0.75,6.0,0.4615,7.0,1.0,0.0,1.0,,,,,,,,,,,,,,,,,,,,,,,,,,,,,,,44.0,7.5,12.0,,,32.0,3.0,40.0,4.0,1.0,,36.0,7.0,3.0,,0.0,8.0,3.0,6.0,5.0
4.0,Jon & Al,TARUS4,3.73,3.72727,119.0,3.0,1.0,3.0,65.0,2.0,2.0,11.0,11.0,0.1615,0.3291,1.0,0.0909,6.0,0.5455,2.04899,4.0,4.0,0.3636,2.0,0.1818,0.0,0.0,0.0,0.0,0.0,0.0,0.0,2.0,1.0,7.0,6.0,38.0,4.0,6.0,,,,40.0,34.0,,,,5.0,2.0,,37.0,6.0,,Male,,,,,,0.56,0.56192,120.0,3.0,1.0,0.5,156.0,5.0,-1.0,0.1137,0.2697,0.30489,0.43968,6.0,0.5455,5.0,1.0,0.0,1.0,,,,,,,,,,,,,,,,,,,,,,,,,,,,,,,45.0,5.64,11.0,,,40.0,4.0,29.0,5.0,2.0,,37.0,4.5,2.0,,0.0,8.0,3.0,8.0,3.0
5.0,Millie & Chuck,TARUS4,3.67,3.66667,113.0,2.0,3.0,4.0,127.0,4.0,1.0,9.0,9.0,0.175,0.3399,2.0,0.2222,4.0,0.4444,2.10819,3.0,1.0,0.1111,0.0,0.0,0.0,0.0,1.0,0.0,0.0,0.0,0.0,1.0,1.0,8.0,7.0,39.0,2.0,5.0,,,,29.0,28.0,,,,3.5,3.0,,28.5,1.0,,Co-Ed,,,,,,0.57,0.57006,109.0,2.0,3.0,0.5,156.0,5.0,0.0,0.1298,0.2881,0.31615,0.475,6.0,0.6667,3.0,1.0,0.0,1.0,,,,,,,,,,,,,,,,,,,,,,,,,,,,,,,46.0,5.57,14.0,,,29.0,5.0,30.0,6.0,4.0,,38.0,7.0,1.0,,0.0,8.0,3.0,11.0,5.0
6.0,Tian & Jaree,TARUS4,5.43,5.42857,241.0,8.0,-2.0,5.0,191.0,7.0,-1.0,7.0,7.0,-0.2207,0.0234,1.0,0.1429,1.0,0.1429,2.87139,2.5,0.0,0.0,2.0,0.2857,0.0,0.0,1.0,0.0,0.0,0.0,0.0,4.0,1.0,11.0,10.0,40.0,6.0,0.0,,,,30.0,33.0,,,,3.0,6.0,,31.5,3.0,,Female,,,,,,0.42,0.41911,224.0,9.0,-3.0,0.33333,252.0,10.0,-4.0,-0.1694,-0.053,0.34737,0.56645,3.0,0.4286,4.0,1.0,0.0,1.0,,,,,,,,,,,,,,,,,,,,,,,,,,,,,,,47.0,7.09,11.0,,,30.0,6.0,29.0,7.0,7.0,,39.0,,0.0,,0.0,8.0,3.0,9.0,3.0
7.0,Monica & Sheree,TARUS4,5.33,5.33333,227.0,7.0,0.0,4.5,174.0,6.0,1.0,6.0,6.0,-0.1982,0.0414,0.0,0.0,1.0,0.1667,2.56038,2.5,1.0,0.1667,1.0,0.1667,0.0,0.0,1.0,0.0,0.0,0.0,0.0,4.0,2.0,10.0,8.0,41.0,3.0,2.0,,,,29.0,31.0,,,,2.5,1.0,,30.0,2.0,,Female,,,,,,0.46,0.46162,187.0,8.0,-1.0,0.52679,154.0,4.0,3.0,-0.0851,0.0431,0.32269,0.51956,3.0,0.5,3.0,0.88889,0.0,0.88889,,,,,,,,,,,,,,,,,,,,,,,,,,,,,,,48.0,6.43,7.0,,,29.0,7.0,46.0,8.0,1.0,,40.0,,0.0,,0.0,8.0,3.0,2.0,6.0
8.0,Steve & Dave,TARUS4,6.2,6.2,285.0,10.0,-2.0,8.0,319.0,10.0,-2.0,5.0,5.0,-0.3938,-0.1151,1.0,0.2,1.0,0.2,2.92575,3.0,0.0,0.0,2.0,0.4,0.0,0.0,1.0,0.0,0.0,0.0,0.0,8.0,1.0,9.0,8.0,42.0,2.0,1.0,,,,46.0,43.0,,,,1.5,1.0,,44.5,3.0,,Male,,,,,,0.37,0.37449,254.0,10.0,-2.0,0.125,351.0,11.0,-3.0,-0.2578,-0.1538,0.38254,0.52525,2.0,0.4,3.0,1.0,0.0,1.0,,,,,,,,,,,,,,,,,,,,,,,,,,,,,,,49.0,9.58,12.0,,,46.0,8.0,47.0,9.0,3.0,,41.0,,0.0,,0.0,8.0,3.0,4.0,4.0
9.0,Steve & Josh,TARUS4,5.0,5.0,203.0,6.0,3.0,5.0,191.0,7.0,2.0,4.0,4.0,-0.124,0.1007,2.0,0.5,2.0,0.5,4.0,8.0,0.0,0.0,0.0,0.0,0.0,0.0,1.0,0.0,0.0,0.0,0.0,1.0,1.0,9.0,8.0,43.0,0.0,2.0,,,,47.0,21.0,,,,1.0,2.0,,34.0,26.0,,Male,,,,,,0.55,0.55,128.0,4.0,5.0,0.6,115.0,2.0,7.0,0.09,0.2428,0.45552,0.85,2.0,0.5,2.0,1.0,0.0,1.0,,,,,,,,,,,,,,,,,,,,,,,,,,,,,,,50.0,5.17,6.0,,,47.0,9.0,32.0,10.0,5.0,,42.0,,0.0,,0.0,8.0,3.0,5.0,4.0
10.0,Russell & Cindy,TARUS4,8.33,8.33333,345.0,11.0,-1.0,8.0,319.0,10.0,0.0,3.0,3.0,-0.8726,-0.4982,0.0,0.0,0.0,0.0,1.24722,1.5,0.0,0.0,0.0,0.0,0.0,0.0,0.0,0.0,0.0,0.0,0.0,,7.0,10.0,3.0,44.0,2.0,0.0,,,,32.0,39.0,,,,1.0,2.0,,35.5,7.0,,Co-Ed,,,,,,0.25,0.25455,320.0,11.0,-1.0,0.36364,237.0,9.0,1.0,-0.4955,-0.4248,0.1806,0.2,0.0,0.0,3.0,0.4,0.0,0.4,,,,,,,,,,,,,,,,,,,,,,,,,,,,,,,51.0,7.33,9.0,,,32.0,10.0,25.0,11.0,6.0,,43.0,,0.0,,0.0,8.0,3.0,7.0,2.0
11.0,Amanda & Chris,TARUS4,6.0,6.0,267.0,9.0,2.0,6.0,251.0,9.0,2.0,2.0,2.0,-0.3488,-0.0791,1.0,0.5,1.0,0.5,5.0,5.0,0.0,0.0,0.0,0.0,0.0,0.0,0.0,0.0,0.0,0.0,0.0,,1.0,11.0,10.0,45.0,0.0,1.0,,,,25.0,28.0,,,,0.5,1.0,,26.5,3.0,,Co-Ed,,,,,,0.5,0.5,157.0,6.0,5.0,0.5,156.0,5.0,6.0,-0.0091,0.1298,0.5,0.5,1.0,0.5,1.0,1.0,0.0,1.0,,,,,,,,,,,,,,,,,,,,,,,,,,,,,,,52.0,8.63,8.0,,,25.0,11.0,40.0,12.0,1.0,,44.0,,0.0,,0.0,9.0,3.0,1.0,3.0
12.0,Debra & Steve,TARUS4,12.0,12.0,410.0,12.0,0.0,12.0,410.0,11.0,1.0,1.0,1.0,-1.6977,-1.1583,0.0,0.0,0.0,0.0,0.0,0.0,0.0,0.0,0.0,0.0,0.0,0.0,0.0,0.0,0.0,0.0,0.0,,12.0,12.0,0.0,46.0,0.0,0.0,,,,40.0,49.0,,,,0.0,0.0,,44.5,9.0,,Co-Ed,,,,,,0.0,0.0,385.0,12.0,0.0,0.0,385.0,12.0,0.0,-1.0,-1.0,0.0,0.0,0.0,0.0,1.0,0.0,0.0,0.0,,,,,,,,,,,,,,,,,,,,,,,,,,,,,,,53.0,6.63,8.0,,,40.0,12.0,46.0,1.0,1.0,,45.0,3.0,1.0,,0.0,9.0,3.0,10.0,2.0
1.0,Chip & Kim,TARUS5,3.38,3.38462,96.0,3.0,-2.0,2.0,9.0,1.0,0.0,13.0,13.0,0.1888,0.35,4.0,0.3077,8.0,0.6154,2.5582,3.0,3.0,0.2308,1.0,0.0769,0.0,0.0,0.0,0.0,0.0,0.0,1.0,1.0,1.0,8.0,7.0,47.0,11.0,1.0,,,,46.0,44.0,,,,6.0,10.0,,45.0,2.0,,Co-Ed,,,,,,0.64,0.63632,69.0,2.0,-1.0,0.66667,78.0,2.0,-1.0,0.2726,0.4659,0.30407,0.7,9.0,0.6923,4.0,1.0,0.22222,0.77778,,,,,,,,,,,,,,,,,,,,,,,,,,,,,,,54.0,7.4,5.0,,,46.0,1.0,24.0,2.0,3.0,,46.0,,0.0,,0.0,9.0,3.0,13.0,1.0
2.0,Colin & Christie,TARUS5,2.46,2.46154,22.0,1.0,1.0,2.0,9.0,1.0,1.0,13.0,13.0,0.4096,0.5269,6.0,0.4615,10.0,0.7692,1.94602,2.0,3.0,0.2308,1.0,0.0769,1.0,0.0769,1.0,0.0,0.0,1.0,0.0,1.0,1.0,7.0,6.0,48.0,10.0,1.0,,,,24.0,26.0,,,,5.5,9.0,,25.0,2.0,,Co-Ed,,,,,,0.72,0.71807,27.0,1.0,1.0,0.85714,18.0,1.0,1.0,0.4361,0.6542,0.32701,0.55556,9.0,0.6923,4.0,1.0,0.0,1.0,,,,,,,,,,,,,,,,,,,,,,,,,,,,,,,55.0,7.0,2.0,,,24.0,2.0,45.0,4.0,2.0,,47.0,,0.0,,0.0,9.0,4.0,3.0,6.0
3.0,Brandon & Nicole,TARUS5,3.31,3.30769,89.0,2.0,1.0,3.0,65.0,3.0,0.0,13.0,13.0,0.2056,0.3635,2.0,0.1538,8.0,0.6154,1.43498,1.0,1.0,0.0769,1.0,0.0769,1.0,0.0769,0.0,0.0,0.0,0.0,0.0,3.0,1.0,6.0,5.0,49.0,11.0,1.0,,,,25.0,21.0,,,,6.0,10.0,,23.0,4.0,,Co-Ed,,,,,,0.53,0.52527,140.0,4.0,-1.0,0.5,156.0,5.0,-2.0,0.0505,0.2101,0.30222,0.35,8.0,0.6154,5.0,1.0,0.0,1.0,,,,,,,,,,,,,,,,,,,,,,,,,,,,,,,56.0,7.0,4.0,,,25.0,3.0,26.0,5.0,7.0,,48.0,,0.0,,0.0,10.0,4.0,5.0,8.0
4.0,Linda & Karen,TARUS5,4.17,4.16667,145.0,5.0,-1.0,4.0,127.0,4.0,0.0,12.0,12.0,-0.0008,0.1981,0.0,0.0,5.0,0.4167,1.62447,3.0,2.0,0.1667,2.0,0.1667,1.0,0.0833,0.0,0.0,0.0,0.0,0.0,3.0,2.0,7.0,5.0,50.0,5.0,6.0,,,,45.0,41.0,,,,5.5,1.0,,43.0,4.0,,Female,,,,,,0.42,0.42173,223.0,7.0,-3.0,0.4375,199.0,7.0,-3.0,-0.1565,-0.0285,0.27075,0.4375,6.0,0.5,6.0,0.8,0.0,0.8,,,,,,,,,,,,,,,,,,,,,,,,,,,,,,,57.0,8.25,4.0,,,45.0,4.0,27.0,6.0,7.0,,49.0,10.0,1.0,,0.0,10.0,4.0,4.0,3.0
5.0,Kami & Karli,TARUS5,5.8,5.8,258.0,9.0,-4.0,5.0,191.0,7.0,-2.0,10.0,10.0,-0.392,-0.1154,0.0,0.0,1.0,0.1,1.8868,1.75,0.0,0.0,5.0,0.5,1.0,0.1,0.0,0.0,0.0,0.0,0.0,5.0,3.0,9.0,6.0,51.0,5.0,3.0,,,,26.0,26.0,,,,4.0,2.0,,26.0,0.0,,Female,,,,,,0.22,0.22373,336.0,10.0,-5.0,0.18333,335.0,9.0,-4.0,-0.5525,-0.4846,0.19923,0.11845,2.0,0.2,8.0,0.66667,0.0,0.66667,,,,,,,,,,,,,,,,,,,,,,,,,,,,,,,58.0,5.8,5.0,,,26.0,5.0,31.0,7.0,8.0,,,,,,0.0,10.0,4.0,1.0,4.0
6.0,Charla & Mirna,TARUS5,3.71,3.71429,118.0,4.0,2.0,4.0,127.0,4.0,2.0,7.0,7.0,0.1096,0.2865,0.0,0.0,3.0,0.4286,1.57791,3.0,3.0,0.4286,0.0,0.0,0.0,0.0,0.0,0.0,0.0,0.0,0.0,2.0,2.0,6.0,4.0,52.0,4.0,2.0,,,,27.0,27.0,,,,3.0,2.0,,27.0,0.0,,Female,,,,,,0.59,0.586,106.0,3.0,3.0,0.6,115.0,3.0,3.0,0.172,0.35,0.30333,0.40179,5.0,0.7143,2.0,0.88889,0.0,0.88889,,,,,,,,,,,,,,,,,,,,,,,,,,,,,,,59.0,9.4,5.0,,,27.0,6.0,61.0,8.0,1.0,,,,,,0.0,10.0,4.0,10.0,3.0
7.0,Marshall & Lance,TARUS5,5.33,5.33333,227.0,7.0,0.0,6.0,251.0,9.0,-2.0,6.0,6.0,-0.2792,-0.025,0.0,0.0,2.0,0.3333,2.21108,3.5,1.0,0.1667,1.0,0.1667,0.0,0.0,0.0,0.0,0.0,0.0,0.0,7.0,2.0,8.0,6.0,53.0,1.0,4.0,,,,31.0,26.0,,,,2.5,3.0,,28.5,5.0,,Male,,,,,,0.4,0.40099,235.0,8.0,-1.0,0.33333,252.0,8.0,-1.0,-0.198,-0.0762,0.31445,0.44196,2.0,0.3333,4.0,0.9,0.0,0.9,,,,,,,,,,,,,,,,,,,,,,,,,,,,,,,60.0,10.25,4.0,,,31.0,7.0,53.0,9.0,1.0,,,,,,0.0,10.0,4.0,7.0,4.0
8.0,Bob & Joyce,TARUS5,5.25,5.25,220.0,6.0,2.0,4.5,174.0,6.0,2.0,4.0,4.0,-0.26,-0.0096,0.0,0.0,0.0,0.0,1.63936,1.75,0.0,0.0,0.0,0.0,0.0,0.0,0.0,0.0,0.0,0.0,0.0,4.0,4.0,8.0,4.0,54.0,1.0,2.0,,,,61.0,54.0,,,,1.5,1.0,,57.5,7.0,,Co-Ed,,,,,,0.47,0.47014,183.0,6.0,2.0,0.59028,125.0,4.0,4.0,-0.0597,0.0831,0.2762,0.22708,3.0,0.75,1.0,0.7,0.0,0.7,,,,,,,,,,,,,,,,,,,,,,,,,,,,,,,61.0,9.0,6.0,,,61.0,8.0,23.0,10.0,2.0,,,,,,0.0,10.0,4.0,6.0,2.0
9.0,Jim & Marsha,TARUS5,7.33,7.33333,319.0,10.0,-1.0,9.0,341.0,10.0,-1.0,3.0,3.0,-0.7592,-0.4096,0.0,0.0,1.0,0.3333,3.09121,3.5,0.0,0.0,1.0,0.3333,0.0,0.0,0.0,0.0,0.0,0.0,0.0,,3.0,10.0,7.0,55.0,1.0,1.0,,,,53.0,26.0,,,,1.0,0.0,,39.5,27.0,,Co-Ed,,,,,,0.29,0.29259,304.0,9.0,0.0,0.1,361.0,10.0,-1.0,-0.4148,-0.326,0.3455,0.38889,1.0,0.3333,2.0,0.77778,0.0,0.77778,,,,,,,,,,,,,,,,,,,,,,,,,,,,,,,62.0,5.0,1.0,,,53.0,9.0,34.0,1.0,4.0,,,,,,0.0,11.0,4.0,9.0,5.0
10.0,Alison & Donny,TARUS5,5.5,5.5,242.0,8.0,2.0,5.5,237.0,8.0,2.0,2.0,2.0,-0.32,-0.0577,1.0,0.5,1.0,0.5,4.5,4.5,0.0,0.0,0.0,0.0,0.0,0.0,0.0,0.0,0.0,0.0,0.0,,1.0,10.0,9.0,56.0,0.0,1.0,,,,23.0,21.0,,,,0.5,1.0,,22.0,2.0,,Co-Ed,,,,,,0.5,0.5,157.0,5.0,5.0,0.5,156.0,5.0,5.0,0.0,0.1519,0.5,0.5,1.0,0.5,1.0,1.0,0.0,1.0,,,,,,,,,,,,,,,,,,,,,,,,,,,,,,,63.0,8.6,5.0,,,23.0,10.0,27.0,3.0,9.0,,,,,,0.0,11.0,4.0,2.0,2.0
11.0,Dennis & Erika,TARUS5,11.0,11.0,384.0,11.0,0.0,11.0,384.0,11.0,0.0,1.0,1.0,-1.64,-1.1154,0.0,0.0,0.0,0.0,0.0,0.0,0.0,0.0,0.0,0.0,0.0,0.0,0.0,0.0,0.0,0.0,0.0,,11.0,11.0,0.0,57.0,0.0,0.0,,,,25.0,27.0,,,,0.0,0.0,,26.0,2.0,,Co-Ed,,,,,,0.0,0.0,385.0,11.0,0.0,0.0,385.0,11.0,0.0,-1.0,-1.0,0.0,0.0,0.0,0.0,1.0,0.0,0.0,0.0,,,,,,,,,,,,,,,,,,,,,,,,,,,,,,,64.0,,0.0,,,25.0,11.0,42.0,6.0,2.0,,,,,,0.0,11.0,4.0,13.0,1.0
1.0,Freddy & Kendra,TARUS6,3.46,3.46154,104.0,3.0,-2.0,3.0,65.0,2.0,-1.0,13.0,12.0,0.1924,0.3854,3.0,0.2308,7.0,0.5385,2.17027,3.0,3.0,0.2308,1.0,0.0769,0.0,0.0,0.0,0.0,0.0,1.0,1.0,1.0,1.0,8.0,7.0,58.0,6.0,6.0,,,,34.0,25.0,,,,6.0,0.0,,29.5,9.0,,Co-Ed,,,,,,0.61,0.60968,85.0,3.0,-2.0,0.66667,78.0,3.0,-2.0,0.2194,0.5367,0.2771,0.4,8.0,0.6154,5.0,1.0,0.16667,0.83333,,,,,,,,,,,,,,,,,,,,,,,,,,,,,,,65.0,8.75,4.0,,,34.0,1.0,50.0,7.0,2.0,,,,,,0.0,11.0,5.0,7.0,4.0
2.0,Kris & Jon,TARUS6,2.38,2.38462,14.0,1.0,1.0,2.0,9.0,1.0,1.0,13.0,12.0,0.4445,0.5773,4.0,0.3077,10.0,0.7692,1.2733,2.0,4.0,0.3077,1.0,0.0769,0.0,0.0,0.0,0.0,0.0,0.0,0.0,2.0,1.0,5.0,4.0,59.0,6.0,6.0,,,,30.0,29.0,,,,6.0,0.0,,29.5,1.0,,Co-Ed,,,,,,0.72,0.71896,26.0,1.0,1.0,0.83333,21.0,1.0,1.0,0.4379,0.8122,0.25857,0.5,10.0,0.7692,3.0,1.0,0.33333,0.66667,,,,,,,,,,,,,,,,,,,,,,,,,,,,,,,66.0,6.0,3.0,,,30.0,2.0,69.0,8.0,1.0,,,,,,0.0,11.0,5.0,8.0,2.0
3.0,Adam & Rebecca,TARUS6,4.69,4.69231,183.0,6.0,-3.0,5.0,191.0,5.0,-2.0,13.0,12.0,-0.0947,0.167,1.0,0.0769,3.0,0.2308,1.58767,2.0,0.0,0.0,4.0,0.3077,1.0,0.0769,1.0,0.0,0.0,1.0,1.0,6.0,1.0,7.0,6.0,60.0,6.0,5.0,,,,27.0,29.0,,,,5.5,1.0,,28.0,2.0,,Co-Ed,,,,,,0.32,0.32302,285.0,7.0,-4.0,0.28571,287.0,7.0,-4.0,-0.354,-0.1858,0.24288,0.2,2.0,0.1538,11.0,1.0,0.0,1.0,,,,,,,,,,,,,,,,,,,,,,,,,,,,,,,67.0,,0.0,,,27.0,3.0,23.0,9.0,3.0,,,,,,0.0,11.0,5.0,4.0,3.0
4.0,Hayden & Aaron,TARUS6,2.92,2.91667,51.0,2.0,2.0,3.5,118.0,4.0,0.0,12.0,11.0,0.3184,0.4813,4.0,0.3333,6.0,0.5,1.60511,3.0,1.0,0.0833,0.0,0.0,1.0,0.0833,0.0,0.0,0.0,0.0,0.0,4.0,1.0,6.0,5.0,61.0,5.0,6.0,,,,31.0,31.0,,,,5.5,1.0,,31.0,0.0,,Co-Ed,,,,,,0.64,0.64187,62.0,2.0,2.0,0.69048,70.0,2.0,2.0,0.2837,0.6179,0.34154,0.5,10.0,0.8333,2.0,1.0,0.0,1.0,,,,,,,,,,,,,,,,,,,,,,,,,,,,,,,68.0,4.5,2.0,,,31.0,4.0,26.0,10.0,4.0,,,,,,1.0,4.0,5.0,5.0,4.0
5.0,Lori & Bolo,TARUS6,4.6,4.6,176.0,5.0,0.0,5.0,191.0,5.0,0.0,10.0,9.0,-0.0737,0.1829,1.0,0.1,4.0,0.4,2.10713,3.75,1.0,0.1,1.0,0.1,1.0,0.1,0.0,0.0,0.0,0.0,0.0,7.0,1.0,7.0,6.0,62.0,5.0,3.0,,,,33.0,38.0,,,,4.0,2.0,,35.5,5.0,,Co-Ed,,,,,,0.46,0.45627,190.0,5.0,0.0,0.52778,152.0,5.0,0.0,-0.0875,0.15,0.3271,0.51607,6.0,0.6,4.0,1.0,0.0,1.0,,,,,,,,,,,,,,,,,,,,,,,,,,,,,,,69.0,6.0,2.0,,,33.0,5.0,32.0,11.0,4.0,,,,,,1.0,9.0,5.0,6.0,3.0
6.0,Jonathan & Victoria,TARUS6,3.56,3.55556,106.0,4.0,2.0,3.0,65.0,2.0,4.0,9.0,8.0,0.169,0.3677,0.0,0.0,5.0,0.5556,1.42292,3.0,3.0,0.3333,1.0,0.1111,0.0,0.0,0.0,0.0,0.0,0.0,0.0,2.0,2.0,6.0,4.0,63.0,4.0,4.0,,,,42.0,32.0,,,,4.0,0.0,,37.0,10.0,,Co-Ed,,,,,,0.6,0.59572,100.0,4.0,2.0,0.66667,78.0,3.0,3.0,0.1914,0.5015,0.28772,0.25714,7.0,0.7778,2.0,0.88889,0.0,0.88889,,,,,,,,,,,,,,,,,,,,,,,,,,,,,,,70.0,10.0,1.0,,,42.0,6.0,40.0,1.0,2.0,,,,,,1.0,10.0,5.0,3.0,2.0
7.0,Gus & Hera,TARUS6,5.29,5.28571,225.0,7.0,0.0,5.0,191.0,5.0,2.0,7.0,6.0,-0.2348,0.0604,0.0,0.0,3.0,0.4286,2.6573,4.0,1.0,0.1429,2.0,0.2857,0.0,0.0,0.0,0.0,0.0,0.0,0.0,3.0,2.0,10.0,8.0,64.0,3.0,3.0,,,,50.0,24.0,,,,3.0,0.0,,37.0,26.0,,Co-Ed,,,,,,0.43,0.43322,212.0,6.0,1.0,0.42857,203.0,6.0,1.0,-0.1336,0.0919,0.32998,0.64246,3.0,0.4286,4.0,0.83333,0.0,0.83333,,,,,,,,,,,,,,,,,,,,,,,,,,,,,,,71.0,10.0,1.0,,,50.0,7.0,29.0,2.0,9.0,,,,,,1.0,1.0,5.0,10.0,4.0
8.0,Don & Mary Jean,TARUS6,8.0,8.0,334.0,9.0,-1.0,8.0,319.0,8.0,0.0,5.0,5.0,-0.8674,-0.421,0.0,0.0,0.0,0.0,0.63246,0.0,0.0,0.0,1.0,0.2,1.0,0.2,0.0,0.0,0.0,0.0,0.0,8.0,7.0,9.0,2.0,65.0,2.0,2.0,,,,69.0,66.0,,,,2.0,0.0,,67.5,3.0,,Co-Ed,,,,,,0.13,0.13167,365.0,10.0,-2.0,0.125,351.0,9.0,-1.0,-0.7367,-0.6681,0.12654,0.2,0.0,0.0,5.0,0.33333,0.0,0.33333,,,,,,,,,,,,,,,,,,,,,,,,,,,,,,,,,,,,69.0,8.0,28.0,3.0,3.0,,,,,,1.0,7.0,5.0,1.0,5.0
9.0,Lena & Kristy,TARUS6,7.0,7.0,308.0,8.0,1.0,9.0,341.0,9.0,0.0,3.0,3.0,-0.634,-0.2433,0.0,0.0,1.0,0.3333,2.82843,3.0,0.0,0.0,1.0,0.3333,0.0,0.0,0.0,0.0,0.0,0.0,0.0,9.0,3.0,9.0,6.0,66.0,1.0,1.0,,,,23.0,26.0,,,,1.0,0.0,,24.5,3.0,,Female,,,,,,0.3,0.3037,299.0,8.0,1.0,0.11111,354.0,10.0,-1.0,-0.3926,-0.2345,0.35385,0.4,1.0,0.3333,2.0,0.8,0.0,0.8,,,,,,,,,,,,,,,,,,,,,,,,,,,,,,,,,,,,23.0,9.0,69.0,4.0,1.0,,,,,,1.0,10.0,5.0,9.0,2.0
10.0,Meredith & Maria,TARUS6,9.0,9.0,353.0,10.0,0.0,9.0,341.0,9.0,1.0,2.0,2.0,-1.1008,-0.5986,0.0,0.0,0.0,0.0,1.0,1.0,0.0,0.0,0.0,0.0,0.0,0.0,0.0,0.0,0.0,0.0,0.0,,8.0,10.0,2.0,67.0,0.0,1.0,,,,26.0,26.0,,,,0.5,1.0,,26.0,0.0,,Female,,,,,,0.15,0.15,357.0,9.0,1.0,0.15,343.0,8.0,2.0,-0.7,-0.6219,0.15,0.15,0.0,0.0,2.0,0.3,0.0,0.3,,,,,,,,,,,,,,,,,,,,,,,,,,,,,,,,,,,,26.0,10.0,30.0,5.0,5.0,,,,,,1.0,2.0,5.0,2.0,1.0
11.0,Avi & Joe,TARUS6,11.0,11.0,384.0,11.0,0.0,11.0,384.0,11.0,0.0,1.0,1.0,-1.5676,-0.9538,0.0,0.0,0.0,0.0,0.0,0.0,0.0,0.0,0.0,0.0,0.0,0.0,0.0,0.0,0.0,0.0,0.0,,11.0,11.0,0.0,68.0,0.0,0.0,,,,32.0,32.0,,,,0.0,0.0,,32.0,0.0,,Male,,,,,,0.0,0.0,385.0,11.0,0.0,0.0,385.0,11.0,0.0,-1.0,-1.0,0.0,0.0,0.0,0.0,1.0,0.0,0.0,0.0,,,,,,,,,,,,,,,,,,,,,,,,,,,,,,,,,,,,32.0,11.0,44.0,7.0,1.0,,,,,,1.0,6.0,5.0,11.0,1.0
1.0,Uchenna & Joyce,TARUS7,3.15,3.15385,68.0,3.0,-2.0,3.0,65.0,3.0,-2.0,13.0,12.0,0.2425,0.422,3.0,0.2308,10.0,0.7692,1.91537,1.0,1.0,0.0769,2.0,0.1538,1.0,0.0769,1.0,0.0,0.0,0.0,0.0,3.0,1.0,8.0,7.0,69.0,6.0,5.0,,,,40.0,44.0,,,,5.5,1.0,,42.0,4.0,,Co-Ed,,,,,,0.6,0.60174,92.0,3.0,-2.0,0.66667,78.0,3.0,-2.0,0.2035,0.4788,0.31579,0.54167,9.0,0.6923,4.0,1.0,0.0,1.0,,,,,,,,,,,,,,,,,,,,,,,,,,,,,,,,,,,,40.0,1.0,54.0,8.0,2.0,,,,,,1.0,12.0,5.0,13.0,1.0
2.0,Rob & Amber,TARUS7,2.31,2.30769,10.0,1.0,1.0,2.0,9.0,1.0,1.0,13.0,12.0,0.4445,0.5761,5.0,0.3846,11.0,0.8462,1.38034,2.0,3.0,0.2308,1.0,0.0769,0.0,0.0,0.0,0.0,0.0,0.0,1.0,1.0,1.0,5.0,4.0,70.0,6.0,6.0,,,,29.0,26.0,,,,6.0,0.0,,27.5,3.0,,Co-Ed,,,,,,0.72,0.71538,29.0,1.0,1.0,0.8,28.0,1.0,1.0,0.4308,0.7581,0.26364,0.5,11.0,0.8462,2.0,1.0,0.33333,0.66667,,,,,,,,,,,,,,,,,,,,,,,,,,,,,,,,,,,,29.0,2.0,24.0,1.0,5.0,,,,,,1.0,5.0,6.0,2.0,2.0
3.0,Ron & Kelly,TARUS7,3.0,3.0,54.0,2.0,1.0,2.0,9.0,1.0,2.0,13.0,12.0,0.2786,0.4495,2.0,0.1538,9.0,0.6923,2.2532,2.0,6.0,0.4615,1.0,0.0769,1.0,0.0769,0.0,0.0,0.0,1.0,0.0,2.0,1.0,10.0,9.0,71.0,6.0,6.0,,,,28.0,26.0,,,,6.0,0.0,,27.0,2.0,,Co-Ed,,,,,,0.61,0.61426,81.0,2.0,1.0,0.75,41.0,2.0,1.0,0.2285,0.5096,0.34151,0.2619,10.0,0.7692,3.0,1.0,0.0,1.0,,,,,,,,,,,,,,,,,,,,,,,,,,,,,,,,,,,,28.0,3.0,51.0,2.0,2.0,,,,,,1.0,2.0,6.0,4.0,1.0
4.0,Meredith & Gretchen,TARUS7,5.36,5.36364,233.0,8.0,-4.0,5.0,191.0,6.0,-2.0,11.0,10.0,-0.2889,0.0165,0.0,0.0,1.0,0.0909,1.55346,2.5,1.0,0.0909,3.0,0.2727,2.0,0.1818,0.0,0.0,0.0,0.0,0.0,7.0,2.0,7.0,5.0,72.0,6.0,4.0,,,,69.0,66.0,,,,5.0,2.0,,67.5,3.0,,Co-Ed,,,,,,0.24,0.24329,327.0,9.0,-5.0,0.25,297.0,8.0,-4.0,-0.5134,-0.4021,0.20248,0.2619,2.0,0.1818,9.0,0.66667,0.0,0.66667,,,,,,,,,,,,,,,,,,,,,,,,,,,,,,,,,,,,69.0,4.0,46.0,3.0,3.0,,,,,,1.0,9.0,6.0,8.0,2.0
5.0,Lynn & Alex,TARUS7,4.11,4.11111,139.0,4.0,1.0,4.0,127.0,4.0,1.0,9.0,8.0,0.0117,0.2459,1.0,0.1111,1.0,0.1111,1.1967,1.0,0.0,0.0,1.0,0.1111,0.0,0.0,0.0,0.0,0.0,0.0,0.0,5.0,1.0,5.0,4.0,73.0,4.0,4.0,,,,30.0,22.0,,,,4.0,0.0,,26.0,8.0,,Male,,,,,,0.47,0.47046,182.0,6.0,-1.0,0.5,156.0,5.0,0.0,-0.0591,0.1562,0.25448,0.15556,5.0,0.5556,4.0,1.0,0.0,1.0,,,,,,,,,,,,,,,,,,,,,,,,,,,,,,,,,,,,30.0,5.0,42.0,4.0,2.0,,,,,,1.0,11.0,6.0,11.0,4.0
6.0,Brian & Greg,TARUS7,4.71,4.71429,186.0,5.0,1.0,4.0,127.0,4.0,2.0,7.0,7.0,-0.1326,0.1358,0.0,0.0,3.0,0.4286,2.24972,3.0,1.0,0.1429,2.0,0.2857,0.0,0.0,0.0,0.0,0.0,0.0,0.0,3.0,2.0,9.0,7.0,74.0,3.0,3.0,,,,27.0,24.0,,,,3.0,0.0,,25.5,3.0,,Male,,,,,,0.46,0.46451,185.0,7.0,-1.0,0.66667,78.0,3.0,3.0,-0.071,0.1416,0.3298,0.58611,4.0,0.5714,3.0,0.85714,0.0,0.85714,,,,,,,,,,,,,,,,,,,,,,,,,,,,,,,,,,,,27.0,6.0,52.0,5.0,2.0,,,,,,1.0,1.0,6.0,3.0,1.0
7.0,Ray & Deana,TARUS7,5.0,5.0,203.0,6.0,1.0,6.0,251.0,7.0,0.0,6.0,6.0,-0.2023,0.0826,1.0,0.1667,2.0,0.3333,2.23607,3.0,0.0,0.0,0.0,0.0,0.0,0.0,1.0,0.0,0.0,0.0,0.0,7.0,1.0,7.0,6.0,75.0,2.0,2.0,,,,44.0,27.0,,,,2.0,0.0,,35.5,17.0,,Co-Ed,,,,,,0.47,0.47308,179.0,5.0,2.0,0.3875,226.0,7.0,0.0,-0.0538,0.1626,0.32771,0.3753,2.0,0.3333,4.0,1.0,0.0,1.0,,,,,,,,,,,,,,,,,,,,,,,,,,,,,,,,,,,,44.0,7.0,40.0,6.0,2.0,,,,,,1.0,2.0,6.0,7.0,2.0
8.0,Susan & Patrick,TARUS7,6.5,6.5,295.0,9.0,-1.0,8.0,319.0,9.0,-1.0,4.0,4.0,-0.563,-0.1927,0.0,0.0,1.0,0.25,2.59808,1.5,1.0,0.25,1.0,0.25,0.0,0.0,0.0,0.0,0.0,0.0,0.0,8.0,2.0,8.0,6.0,76.0,1.0,2.0,,,,54.0,26.0,,,,1.5,1.0,,40.0,28.0,,Co-Ed,,,,,,0.31,0.31181,293.0,8.0,0.0,0.17361,341.0,9.0,-1.0,-0.3764,-0.2337,0.34861,0.29792,1.0,0.25,3.0,0.9,0.0,0.9,,,,,,,,,,,,,,,,,,,,,,,,,,,,,,,,,,,,54.0,8.0,40.0,7.0,2.0,,,,,,1.0,6.0,7.0,11.0,2.0
9.0,Debbie & Bianca,TARUS7,5.33,5.33333,227.0,7.0,2.0,6.0,251.0,7.0,2.0,3.0,3.0,-0.2817,0.022,1.0,0.3333,1.0,0.3333,3.29983,4.0,0.0,0.0,0.0,0.0,0.0,0.0,0.0,0.0,0.0,0.0,0.0,,1.0,9.0,8.0,77.0,2.0,0.0,,,,25.0,26.0,,,,1.0,2.0,,25.5,1.0,,Female,,,,,,0.48,0.48148,170.0,4.0,5.0,0.44444,195.0,6.0,3.0,-0.037,0.1833,0.40909,0.5,1.0,0.3333,2.0,1.0,0.0,1.0,,,,,,,,,,,,,,,,,,,,,,,,,,,,,,,,,,,,25.0,9.0,57.0,8.0,2.0,,,,,,1.0,6.0,7.0,10.0,3.0
10.0,Megan & Heidi,TARUS7,9.5,9.5,367.0,10.0,0.0,9.5,365.0,10.0,0.0,2.0,2.0,-1.2845,-0.7431,0.0,0.0,0.0,0.0,0.5,0.5,0.0,0.0,0.0,0.0,0.0,0.0,0.0,0.0,0.0,0.0,0.0,,9.0,10.0,1.0,78.0,1.0,0.0,,,,26.0,31.0,,,,0.5,1.0,,28.5,5.0,,Female,,,,,,0.1,0.1,368.0,10.0,0.0,0.1,361.0,10.0,0.0,-0.8,-0.7542,0.1,0.1,0.0,0.0,2.0,0.2,0.0,0.2,,,,,,,,,,,,,,,,,,,,,,,,,,,,,,,,,,,,26.0,10.0,46.0,9.0,2.0,,,,,,1.0,2.0,7.0,8.0,1.0
11.0,Ryan & Chuck,TARUS7,11.0,11.0,384.0,11.0,0.0,11.0,384.0,11.0,0.0,1.0,1.0,-1.6452,-1.0183,0.0,0.0,0.0,0.0,0.0,0.0,0.0,0.0,0.0,0.0,0.0,0.0,0.0,0.0,0.0,0.0,0.0,,11.0,11.0,0.0,79.0,0.0,0.0,,,,32.0,31.0,,,,0.0,0.0,,31.5,1.0,,Male,,,,,,0.0,0.0,385.0,11.0,0.0,0.0,385.0,11.0,0.0,-1.0,-1.0,0.0,0.0,0.0,0.0,1.0,0.0,0.0,0.0,,,,,,,,,,,,,,,,,,,,,,,,,,,,,,,,,,,,32.0,11.0,40.0,10.0,4.0,,,,,,1.0,7.0,7.0,5.0,1.0
1.0,Linz Family,TARUS8,2.77,2.76923,42.0,1.0,0.0,2.0,9.0,1.0,0.0,13.0,11.0,0.2627,0.4438,2.0,0.1538,11.0,0.8462,1.96719,1.0,6.0,0.4615,2.0,0.1538,0.0,0.0,0.0,0.0,0.0,0.0,1.0,2.0,1.0,9.0,8.0,80.0,5.0,4.0,2.0,4.0,,24.0,22.0,21.0,19.0,,3.75,3.0,,21.5,5.0,,Co-Ed,,,,,,0.65,0.65076,59.0,1.0,0.0,0.66667,78.0,1.0,0.0,0.3015,0.6043,0.25866,0.35714,10.0,0.7692,3.0,1.0,0.11111,0.88889,,,,,,,,,,,,,,,,,,,,,,,,,,,,,,,,,,,,24.0,1.0,26.0,1.0,5.0,,,,,,1.0,9.0,7.0,2.0,1.0
2.0,Bransen Family,TARUS8,2.85,2.84615,50.0,2.0,0.0,2.0,9.0,1.0,1.0,13.0,11.0,0.2414,0.4277,5.0,0.3846,9.0,0.6923,1.99407,3.0,2.0,0.1538,1.0,0.0769,1.0,0.0769,0.0,0.0,0.0,0.0,0.0,1.0,1.0,7.0,6.0,81.0,4.0,5.0,4.0,2.0,,51.0,25.0,22.0,20.0,,3.75,3.0,,29.5,31.0,,Co-Ed,,,,,,0.64,0.64038,63.0,2.0,0.0,0.6,115.0,2.0,0.0,0.2808,0.5787,0.32787,0.625,9.0,0.6923,4.0,1.0,0.0,1.0,,,,,,,,,,,,,,,,,,,,,,,,,,,,,,,,,,,,51.0,2.0,27.0,2.0,3.0,,,,,,1.0,10.0,7.0,3.0,2.0
3.0,Weaver Family,TARUS8,3.15,3.15385,68.0,3.0,0.0,3.0,65.0,3.0,0.0,13.0,11.0,0.1615,0.3675,1.0,0.0769,9.0,0.6923,1.23077,2.0,3.0,0.2308,2.0,0.1538,2.0,0.1538,0.0,0.0,0.0,2.0,0.0,3.0,1.0,5.0,4.0,82.0,2.0,4.0,2.0,7.0,,46.0,19.0,16.0,14.0,,3.75,5.0,,23.75,32.0,,Co-Ed,,,,,,0.45,0.44536,198.0,6.0,-3.0,0.42857,203.0,5.0,-2.0,-0.1093,0.0979,0.32455,0.55,6.0,0.4615,7.0,1.0,0.0,1.0,,,,,,,,,,,,,,,,,,,,,,,,,,,,,,,,,,,,46.0,3.0,23.0,4.0,3.0,,,,,,1.0,1.0,7.0,6.0,1.0
4.0,Godlewski Family,TARUS8,3.18,3.18182,80.0,4.0,0.0,4.0,127.0,4.0,0.0,11.0,10.0,0.1535,0.3614,3.0,0.2727,5.0,0.4545,1.52662,2.0,0.0,0.0,1.0,0.0909,2.0,0.1818,0.0,0.0,0.0,0.0,0.0,4.0,1.0,6.0,5.0,83.0,4.0,5.0,2.0,2.0,,42.0,39.0,37.0,26.0,,3.25,3.0,,36.0,16.0,,Female,,,,,,0.5,0.50498,154.0,3.0,1.0,0.5,156.0,4.0,0.0,0.01,0.2449,0.38199,0.70833,6.0,0.5455,5.0,1.0,0.0,1.0,,,,,,,,,,,,,,,,,,,,,,,,,,,,,,,,,,,,42.0,4.0,61.0,5.0,1.0,,,,,,1.0,4.0,7.0,4.0,1.0
5.0,Paolo Family,TARUS8,4.13,4.125,140.0,5.0,0.0,4.5,174.0,5.0,0.0,8.0,8.0,-0.0994,0.1707,2.0,0.25,3.0,0.375,2.42061,4.25,1.0,0.125,2.0,0.25,0.0,0.0,0.0,0.0,0.0,0.0,1.0,6.0,1.0,8.0,7.0,84.0,1.0,1.0,3.0,2.0,,52.0,52.0,24.0,16.0,,1.75,2.0,,36.0,36.0,,Co-Ed,,,,,,0.49,0.49231,162.0,4.0,1.0,0.36508,236.0,6.0,-1.0,-0.0154,0.2137,0.37296,0.65625,3.0,0.375,5.0,1.0,0.0,1.0,,,,,,,,,,,,,,,,,,,,,,,,,,,,,,,,,,,,52.0,5.0,37.0,6.0,3.0,,,,,,1.0,5.0,8.0,1.0,1.0
6.0,Gaghan Family,TARUS8,5.5,5.5,242.0,7.0,-1.0,6.0,251.0,7.0,-1.0,6.0,6.0,-0.464,-0.1044,0.0,0.0,1.0,0.1667,1.70783,1.5,1.0,0.1667,3.0,0.5,0.0,0.0,0.0,0.0,0.0,0.0,0.0,7.0,2.0,7.0,5.0,85.0,2.0,2.0,1.0,1.0,,40.0,42.0,12.0,9.0,,1.5,1.0,,25.75,33.0,,Co-Ed,,,,,,0.27,0.27474,311.0,8.0,-2.0,0.18333,335.0,9.0,-3.0,-0.4505,-0.3227,0.28517,0.08869,1.0,0.1667,5.0,0.88889,0.0,0.88889,,,,,,,,,,,,,,,,,,,,,,,,,,,,,,,,,,,,40.0,6.0,30.0,7.0,1.0,,,,,,1.0,9.0,8.0,5.0,2.0
7.0,Schroeder Family,TARUS8,4.75,4.75,188.0,6.0,1.0,4.5,174.0,5.0,2.0,4.0,4.0,-0.2644,0.0462,0.0,0.0,1.0,0.25,1.47902,1.75,0.0,0.0,0.0,0.0,0.0,0.0,0.0,0.0,0.0,0.0,0.0,,3.0,7.0,4.0,86.0,2.0,0.0,1.0,1.0,,40.0,39.0,17.0,15.0,,1.0,2.0,,27.75,25.0,,Co-Ed,,,,,,0.47,0.47371,177.0,5.0,2.0,0.59028,125.0,3.0,4.0,-0.0526,0.1678,0.27922,0.23065,3.0,0.75,1.0,0.71429,0.0,0.71429,,,,,,,,,,,,,,,,,,,,,,,,,,,,,,,,,,,,40.0,7.0,22.0,8.0,3.0,,,,,,1.0,1.0,8.0,8.0,3.0
8.0,Aiello Family,TARUS8,7.0,7.0,308.0,9.0,-1.0,8.0,319.0,9.0,-1.0,3.0,3.0,-0.8633,-0.4056,0.0,0.0,0.0,0.0,1.41421,1.5,0.0,0.0,0.0,0.0,0.0,0.0,0.0,0.0,0.0,0.0,0.0,8.0,5.0,8.0,3.0,87.0,0.0,0.0,1.0,2.0,,57.0,31.0,31.0,26.0,,0.75,2.0,,36.25,31.0,,Male,,,,,,0.24,0.24074,328.0,9.0,-1.0,0.22222,313.0,8.0,0.0,-0.5185,-0.4065,0.20454,0.25,1.0,0.3333,2.0,0.5,0.0,0.5,,,,,,,,,,,,,,,,,,,,,,,,,,,,,,,,,,,,57.0,8.0,44.0,9.0,1.0,,,,,,1.0,3.0,8.0,3.0,2.0
9.0,Rogers Family,TARUS8,6.5,6.5,295.0,8.0,1.0,6.5,281.0,8.0,1.0,2.0,2.0,-0.7302,-0.3052,0.0,0.0,0.0,0.0,2.5,2.5,0.0,0.0,0.0,0.0,0.0,0.0,0.0,0.0,0.0,0.0,0.0,,4.0,9.0,5.0,88.0,0.0,0.0,1.0,0.0,,46.0,42.0,22.0,19.0,,0.25,1.0,,32.25,27.0,,Co-Ed,,,,,,0.33,0.33333,277.0,7.0,2.0,0.33333,252.0,7.0,2.0,-0.3333,-0.1782,0.33333,0.33333,1.0,0.5,1.0,0.66667,0.0,0.66667,,,,,,,,,,,,,,,,,,,,,,,,,,,,,,,,,,,,46.0,9.0,41.0,11.0,1.0,,,,,,1.0,9.0,8.0,6.0,1.0
10.0,Black Family,TARUS8,10.0,10.0,376.0,10.0,0.0,10.0,374.0,10.0,0.0,1.0,1.0,-1.6619,-1.008,0.0,0.0,0.0,0.0,0.0,0.0,0.0,0.0,0.0,0.0,0.0,0.0,0.0,0.0,0.0,0.0,0.0,,10.0,10.0,0.0,89.0,0.0,0.0,0.0,0.0,,40.0,11.0,8.0,42.0,,0.0,0.0,,25.25,34.0,,Co-Ed,,,,,,0.0,0.0,385.0,10.0,0.0,0.0,385.0,10.0,0.0,-1.0,-1.0,0.0,0.0,0.0,0.0,1.0,0.0,0.0,0.0,,,,,,,,,,,,,,,,,,,,,,,,,,,,,,,,,,,,40.0,10.0,29.0,1.0,7.0,,,,,,1.0,8.0,8.0,11.0,2.0
1.0,BJ & Tyler,TARUS9,2.46,2.46154,22.0,2.0,-1.0,2.0,9.0,1.0,0.0,13.0,12.0,0.4228,0.5684,5.0,0.3846,9.0,0.6923,1.49951,3.0,3.0,0.2308,1.0,0.0769,2.0,0.1538,1.0,0.0,0.0,0.0,1.0,1.0,1.0,5.0,4.0,90.0,6.0,5.0,,,,26.0,25.0,,,,5.5,1.0,,25.5,1.0,,Male,,,,,,0.69,0.68718,40.0,2.0,-1.0,0.875,14.0,2.0,-1.0,0.3744,0.768,0.37333,0.5,10.0,0.7692,3.0,1.0,0.0,1.0,,,,,,,,,,,,,,,,,,,,,,,,,,,,,,,,,,,,26.0,1.0,24.0,4.0,4.0,,,,,,1.0,6.0,8.0,2.0,1.0
2.0,Eric & Jeremy,TARUS9,1.69,1.69231,2.0,1.0,1.0,2.0,9.0,1.0,1.0,13.0,12.0,0.6035,0.7035,6.0,0.4615,12.0,0.9231,0.82131,1.0,6.0,0.4615,1.0,0.0769,0.0,0.0,1.0,0.0,0.0,0.0,0.0,1.0,1.0,4.0,3.0,91.0,6.0,5.0,,,,27.0,26.0,,,,5.5,1.0,,26.5,1.0,,Male,,,,,,0.79,0.79457,8.0,1.0,1.0,0.88889,11.0,1.0,1.0,0.5891,1.0443,0.24319,0.33333,12.0,0.9231,1.0,1.0,0.25,0.75,,,,,,,,,,,,,,,,,,,,,,,,,,,,,,,,,,,,27.0,2.0,32.0,5.0,1.0,,,,,,1.0,10.0,9.0,12.0,1.0
3.0,Ray & Yolanda,TARUS9,4.23,4.23077,149.0,4.0,-1.0,3.0,65.0,3.0,0.0,13.0,12.0,0.0075,0.2579,1.0,0.0769,7.0,0.5385,1.88736,3.0,0.0,0.0,4.0,0.3077,1.0,0.0769,0.0,0.0,0.0,0.0,0.0,3.0,1.0,7.0,6.0,92.0,6.0,6.0,,,,27.0,27.0,,,,6.0,0.0,,27.0,0.0,,Co-Ed,,,,,,0.38,0.38065,248.0,6.0,-3.0,0.33333,252.0,8.0,-5.0,-0.2387,-0.0206,0.28309,0.38889,5.0,0.3846,8.0,1.0,0.0,1.0,,,,,,,,,,,,,,,,,,,,,,,,,,,,,,,,,,,,27.0,3.0,35.0,7.0,1.0,,,,,,1.0,11.0,9.0,1.0,2.0
4.0,Joseph & Monica,TARUS9,3.82,3.81818,126.0,3.0,1.0,3.0,65.0,3.0,1.0,11.0,10.0,0.1037,0.3298,0.0,0.0,7.0,0.6364,1.89824,2.5,3.0,0.2727,2.0,0.1818,0.0,0.0,0.0,0.0,0.0,1.0,0.0,3.0,2.0,8.0,6.0,93.0,5.0,5.0,,,,23.0,23.0,,,,5.0,0.0,,23.0,0.0,,Co-Ed,,,,,,0.53,0.52655,139.0,3.0,1.0,0.66667,78.0,3.0,1.0,0.0531,0.3547,0.26835,0.39583,7.0,0.6364,4.0,0.8,0.0,0.8,,,,,,,,,,,,,,,,,,,,,,,,,,,,,,,,,,,,23.0,4.0,39.0,8.0,1.0,,,,,,1.0,2.0,9.0,10.0,2.0
5.0,Fran & Barry,TARUS9,4.89,4.88889,199.0,6.0,-1.0,4.0,127.0,5.0,0.0,9.0,8.0,-0.1474,0.1421,1.0,0.1111,1.0,0.1111,2.23331,1.0,0.0,0.0,1.0,0.1111,0.0,0.0,0.0,0.0,0.0,0.0,0.0,4.0,1.0,9.0,8.0,94.0,4.0,4.0,,,,61.0,63.0,,,,4.0,0.0,,62.0,2.0,,Co-Ed,,,,,,0.45,0.44528,199.0,5.0,0.0,0.5,156.0,4.0,1.0,-0.1094,0.1457,0.27789,0.27143,5.0,0.5556,4.0,1.0,0.0,1.0,,,,,,,,,,,,,,,,,,,,,,,,,,,,,,,,,,,,61.0,5.0,52.0,9.0,2.0,,,,,,1.0,11.0,9.0,7.0,1.0
6.0,Lake & Michelle,TARUS9,4.71,4.71429,186.0,5.0,1.0,5.0,191.0,6.0,0.0,7.0,6.0,-0.1051,0.1737,0.0,0.0,2.0,0.2857,1.57791,1.5,1.0,0.1429,0.0,0.0,0.0,0.0,0.0,0.0,0.0,0.0,1.0,5.0,2.0,7.0,5.0,95.0,4.0,3.0,,,,37.0,36.0,,,,3.5,1.0,,36.5,1.0,,Co-Ed,,,,,,0.47,0.47432,176.0,4.0,2.0,0.42857,203.0,5.0,1.0,-0.0514,0.2204,0.27234,0.34167,3.0,0.4286,4.0,0.875,0.0,0.875,,,,,,,,,,,,,,,,,,,,,,,,,,,,,,,,,,,,37.0,6.0,22.0,10.0,5.0,,,,,,1.0,8.0,9.0,2.0,1.0
7.0,Dave & Lori,TARUS9,5.83,5.83333,263.0,7.0,0.0,5.5,237.0,7.0,0.0,6.0,5.0,-0.3679,-0.0228,0.0,0.0,0.0,0.0,1.77169,2.5,0.0,0.0,0.0,0.0,1.0,0.1667,0.0,0.0,0.0,0.0,0.0,4.0,4.0,9.0,5.0,96.0,3.0,2.0,,,,30.0,25.0,,,,2.5,1.0,,27.5,5.0,,Co-Ed,,,,,,0.36,0.35873,262.0,8.0,-1.0,0.39286,224.0,6.0,1.0,-0.2825,-0.077,0.28692,0.55357,3.0,0.5,3.0,0.7,0.0,0.7,,,,,,,,,,,,,,,,,,,,,,,,,,,,,,,,,,,,30.0,7.0,29.0,11.0,3.0,,,,,,1.0,5.0,9.0,4.0,1.0
8.0,Danielle & Dani,TARUS9,7.8,7.8,331.0,9.0,-1.0,8.0,319.0,9.0,-1.0,5.0,4.0,-0.8302,-0.3684,0.0,0.0,0.0,0.0,0.9798,0.0,0.0,0.0,1.0,0.2,0.0,0.0,0.0,0.0,0.0,1.0,0.0,8.0,6.0,9.0,3.0,97.0,1.0,3.0,,,,22.0,22.0,,,,2.0,2.0,,22.0,0.0,,Female,,,,,,0.18,0.18444,350.0,9.0,-1.0,0.2,324.0,9.0,-1.0,-0.6311,-0.5255,0.12291,0.09722,0.0,0.0,5.0,0.375,0.0,0.375,,,,,,,,,,,,,,,,,,,,,,,,,,,,,,,,,,,,22.0,8.0,39.0,12.0,1.0,,,,,,1.0,6.0,9.0,9.0,1.0
9.0,Wanda & Desiree,TARUS9,6.25,6.25,289.0,8.0,1.0,6.5,281.0,8.0,1.0,4.0,3.0,-0.4665,-0.0965,0.0,0.0,1.0,0.25,2.16506,2.25,0.0,0.0,0.0,0.0,0.0,0.0,0.0,0.0,0.0,0.0,0.0,,3.0,9.0,6.0,98.0,1.0,2.0,,,,44.0,24.0,,,,1.5,1.0,,34.0,20.0,,Female,,,,,,0.37,0.37361,255.0,7.0,2.0,0.34722,247.0,7.0,2.0,-0.2528,-0.0387,0.29227,0.34583,1.0,0.25,3.0,0.8,0.0,0.8,,,,,,,,,,,,,,,,,,,,,,,,,,,,,,,,,,,,44.0,9.0,30.0,3.0,4.0,,,,,,1.0,1.0,10.0,6.0,1.0
10.0,Lisa & Joni,TARUS9,10.0,10.0,376.0,10.0,0.0,10.0,374.0,10.0,0.0,2.0,2.0,-1.3464,-0.7544,0.0,0.0,0.0,0.0,0.0,0.0,0.0,0.0,1.0,0.5,0.0,0.0,0.0,0.0,0.0,0.0,0.0,10.0,10.0,10.0,0.0,99.0,0.0,1.0,,,,48.0,44.0,,,,0.5,1.0,,46.0,4.0,,Female,,,,,,0.05,0.05,378.0,10.0,0.0,0.05,378.0,10.0,0.0,-0.9,-0.8714,0.05,0.05,0.0,0.0,2.0,0.1,0.0,0.1,,,,,,,,,,,,,,,,,,,,,,,,,,,,,,,,,,,,48.0,10.0,36.0,4.0,4.0,,,,,,1.0,5.0,10.0,3.0,1.0
11.0,John & Scott,TARUS9,11.0,11.0,384.0,11.0,0.0,11.0,384.0,11.0,0.0,1.0,1.0,-1.581,-0.9298,0.0,0.0,0.0,0.0,0.0,0.0,0.0,0.0,0.0,0.0,0.0,0.0,0.0,0.0,0.0,0.0,0.0,,11.0,11.0,0.0,100.0,0.0,0.0,,,,41.0,38.0,,,,0.0,0.0,,39.5,3.0,,Male,,,,,,0.0,0.0,385.0,11.0,0.0,0.0,385.0,11.0,0.0,-1.0,-1.0,0.0,0.0,0.0,0.0,1.0,0.0,0.0,0.0,,,,,,,,,,,,,,,,,,,,,,,,,,,,,,,,,,,,41.0,11.0,42.0,5.0,1.0,,,,,,1.0,9.0,10.0,14.0,1.0
1.0,Tyler & James,TARUS10,2.38,2.38462,14.0,1.0,0.0,2.0,9.0,1.0,0.0,13.0,12.0,0.4438,0.5932,5.0,0.3846,11.0,0.8462,1.68881,2.0,4.0,0.3077,3.0,0.2308,0.0,0.0,1.0,0.0,0.0,0.0,0.0,1.0,1.0,6.0,5.0,101.0,6.0,6.0,,,,29.0,27.0,,,,6.0,0.0,,28.0,2.0,,Male,,,,,,0.75,0.7496,18.0,1.0,0.0,0.875,14.0,1.0,0.0,0.4992,0.8467,0.30481,0.28571,10.0,0.7692,3.0,1.0,0.16667,0.83333,,,,,,,,,,,,,,,,,,,,,,,,,,,,,,,,,,,,29.0,1.0,56.0,6.0,1.0,,,,,,1.0,2.0,13.0,6.0,1.0
2.0,Rob & Kimberly,TARUS10,3.08,3.07692,59.0,2.0,0.0,3.0,65.0,3.0,-1.0,13.0,12.0,0.2802,0.4735,2.0,0.1538,10.0,0.7692,1.3279,0.0,1.0,0.0769,2.0,0.1538,0.0,0.0,1.0,0.0,0.0,0.0,0.0,3.0,1.0,6.0,5.0,102.0,6.0,6.0,,,,31.0,28.0,,,,6.0,0.0,,29.5,3.0,,Co-Ed,,,,,,0.61,0.61134,82.0,3.0,-1.0,0.6,115.0,5.0,-3.0,0.2227,0.5061,0.21283,0.16667,10.0,0.7692,3.0,1.0,0.25,0.75,,,,,,,,,,,,,,,,,,,,,,,,,,,,,,,,,,,,31.0,2.0,53.0,7.0,1.0,,,,,,1.0,6.0,13.0,9.0,1.0
3.0,Lyn & Karlyn,TARUS10,4.85,4.84615,197.0,7.0,-4.0,5.0,191.0,7.0,-4.0,13.0,12.0,-0.1334,0.1709,0.0,0.0,4.0,0.3077,2.17843,3.0,2.0,0.1538,4.0,0.3077,0.0,0.0,0.0,0.0,0.0,1.0,0.0,5.0,2.0,9.0,7.0,103.0,6.0,7.0,,,,32.0,32.0,,,,6.5,1.0,,32.0,0.0,,Female,,,,,,0.34,0.33548,275.0,7.0,-4.0,0.28571,287.0,7.0,-4.0,-0.329,-0.1735,0.19383,0.3,4.0,0.3077,9.0,0.66667,0.0,0.66667,,,,,,,,,,,,,,,,,,,,,,,,,,,,,,,,,,,,32.0,3.0,30.0,8.0,4.0,,,,,,1.0,3.0,16.0,4.0,1.0
4.0,Dustin & Kandice,TARUS10,3.17,3.16667,71.0,3.0,1.0,3.0,65.0,3.0,1.0,12.0,11.0,0.2592,0.4581,2.0,0.1667,6.0,0.5,1.72401,2.0,4.0,0.3333,1.0,0.0833,1.0,0.0833,0.0,0.0,0.0,0.0,1.0,4.0,1.0,7.0,6.0,104.0,6.0,6.0,,,,24.0,24.0,,,,6.0,0.0,,24.0,0.0,,Female,,,,,,0.6,0.60145,93.0,4.0,0.0,0.73864,49.0,4.0,0.0,0.2029,0.4817,0.34419,0.38095,9.0,0.75,3.0,1.0,0.0,1.0,,,,,,,,,,,,,,,,,,,,,,,,,,,,,,,,,,,,24.0,4.0,33.0,9.0,3.0,,,,,,1.0,8.0,16.0,10.0,1.0
5.0,Erwin & Godwin,TARUS10,4.7,4.7,184.0,6.0,-1.0,4.5,174.0,6.0,-1.0,10.0,9.0,-0.0984,0.1966,1.0,0.1,1.0,0.1,1.79165,1.0,0.0,0.0,0.0,0.0,1.0,0.1,0.0,0.0,0.0,0.0,0.0,4.0,1.0,8.0,7.0,105.0,4.0,5.0,,,,32.0,29.0,,,,4.5,1.0,,30.5,3.0,,Male,,,,,,0.39,0.38815,244.0,6.0,-1.0,0.4,213.0,6.0,-1.0,-0.2237,-0.0438,0.27514,0.23864,3.0,0.3,7.0,1.0,0.0,1.0,,,,,,,,,,,,,,,,,,,,,,,,,,,,,,,,,,,,32.0,5.0,22.0,1.0,5.0,,,,,,1.0,9.0,17.0,7.0,1.0
6.0,David & Mary,TARUS10,6.13,6.125,278.0,8.0,-2.0,6.5,281.0,8.0,-2.0,8.0,8.0,-0.4326,-0.0479,1.0,0.125,1.0,0.125,2.36841,1.25,0.0,0.0,1.0,0.125,2.0,0.25,1.0,0.0,0.0,0.0,0.0,7.0,1.0,10.0,9.0,106.0,4.0,2.0,,,,32.0,31.0,,,,3.0,2.0,,31.5,1.0,,Co-Ed,,,,,,0.27,0.27422,312.0,9.0,-3.0,0.21591,320.0,10.0,-4.0,-0.4516,-0.3244,0.314,0.35714,1.0,0.125,7.0,1.0,0.0,1.0,,,,,,,,,,,,,,,,,,,,,,,,,,,,,,,,,,,,32.0,6.0,58.0,2.0,1.0,,,,,,1.0,4.0,18.0,7.0,1.0
7.0,Peter & Sarah,TARUS10,3.17,3.16667,71.0,3.0,4.0,2.5,48.0,2.0,5.0,6.0,6.0,0.2592,0.4581,2.0,0.3333,4.0,0.6667,2.19216,3.25,1.0,0.1667,0.0,0.0,0.0,0.0,0.0,0.0,0.0,0.0,0.0,1.0,1.0,7.0,6.0,107.0,4.0,2.0,,,,35.0,31.0,,,,3.0,2.0,,33.0,4.0,,Co-Ed,,,,,,0.7,0.69589,37.0,2.0,5.0,0.83766,20.0,2.0,5.0,0.3918,0.7144,0.35321,0.38474,5.0,0.8333,1.0,1.0,0.0,1.0,,,,,,,,,,,,,,,,,,,,,,,,,,,,,,,,,,,,35.0,7.0,23.0,3.0,3.0,,,,,,1.0,9.0,19.0,10.0,1.0
8.0,Tom & Terry,TARUS10,7.0,7.0,308.0,9.0,-1.0,8.0,319.0,9.0,-1.0,4.0,4.0,-0.6359,-0.1966,0.0,0.0,0.0,0.0,1.73205,1.0,0.0,0.0,1.0,0.25,0.0,0.0,0.0,0.0,0.0,0.0,0.0,8.0,4.0,8.0,4.0,108.0,2.0,2.0,,,,39.0,45.0,,,,2.0,0.0,,42.0,6.0,,Male,,,,,,0.29,0.28883,306.0,8.0,0.0,0.24432,307.0,9.0,-1.0,-0.4223,-0.2884,0.25427,0.34564,1.0,0.25,3.0,0.66667,0.0,0.66667,,,,,,,,,,,,,,,,,,,,,,,,,,,,,,,,,,,,39.0,8.0,21.0,5.0,4.0,,,,,,1.0,11.0,19.0,11.0,1.0
9.0,Duke & Lauren,TARUS10,4.67,4.66667,179.0,5.0,4.0,3.0,65.0,3.0,6.0,3.0,3.0,-0.0914,0.2017,0.0,0.0,2.0,0.6667,3.09121,3.5,1.0,0.3333,0.0,0.0,0.0,0.0,0.0,0.0,0.0,0.0,0.0,,2.0,9.0,7.0,109.0,2.0,1.0,,,,52.0,26.0,,,,1.5,1.0,,39.0,26.0,,Co-Ed,,,,,,0.56,0.56229,119.0,5.0,4.0,0.77778,34.0,3.0,6.0,0.1246,0.3853,0.4012,0.45455,2.0,0.6667,1.0,0.90909,0.0,0.90909,,,,,,,,,,,,,,,,,,,,,,,,,,,,,,,,,,,,52.0,9.0,49.0,10.0,2.0,,,,,,1.0,7.0,20.0,9.0,1.0
10.0,Kellie & Jamie,TARUS10,8.0,8.0,334.0,10.0,0.0,8.0,319.0,9.0,1.0,2.0,2.0,-0.8696,-0.3675,0.0,0.0,0.0,0.0,2.0,2.0,0.0,0.0,0.0,0.0,0.0,0.0,0.0,0.0,0.0,0.0,0.0,,6.0,10.0,4.0,110.0,1.0,1.0,,,,22.0,22.0,,,,1.0,0.0,,22.0,0.0,,Female,,,,,,0.27,0.27273,314.0,10.0,0.0,0.27273,295.0,8.0,2.0,-0.4545,-0.3281,0.27273,0.27273,1.0,0.5,1.0,0.54545,0.0,0.54545,,,,,,,,,,,,,,,,,,,,,,,,,,,,,,,,,,,,22.0,10.0,22.0,3.0,3.0,,,,,,1.0,2.0,22.0,10.0,1.0
11.0,Vipul & Arti,TARUS10,11.0,11.0,384.0,11.0,0.0,11.0,384.0,11.0,0.0,1.0,1.0,-1.5707,-0.8803,0.0,0.0,0.0,0.0,0.0,0.0,0.0,0.0,0.0,0.0,0.0,0.0,0.0,0.0,0.0,0.0,0.0,,11.0,11.0,0.0,111.0,1.0,0.0,,,,29.0,26.0,,,,0.5,1.0,,27.5,3.0,,Co-Ed,,,,,,0.09,0.09091,374.0,11.0,0.0,0.09091,375.0,11.0,0.0,-0.8182,-0.776,0.0,0.0,0.0,0.0,1.0,0.09091,0.09091,0.0,,,,,,,,,,,,,,,,,,,,,,,,,,,,,,,,,,,,29.0,11.0,51.0,4.0,1.0,,,,,,1.0,4.0,23.0,3.0,1.0
12.0,Bilal & Sa'eed,TARUS10,12.0,12.0,410.0,12.0,0.0,12.0,410.0,12.0,0.0,1.0,1.0,-1.8043,-1.0513,0.0,0.0,0.0,0.0,0.0,0.0,0.0,0.0,0.0,0.0,0.0,0.0,0.0,0.0,0.0,0.0,0.0,,12.0,12.0,0.0,112.0,1.0,0.0,,,,39.0,37.0,,,,0.5,1.0,,38.0,2.0,,Male,,,,,,0.0,0.0,385.0,12.0,0.0,0.0,385.0,12.0,0.0,-1.0,-1.0,0.0,0.0,0.0,0.0,1.0,0.0,0.0,0.0,,,,,,,,,,,,,,,,,,,,,,,,,,,,,,,,,,,,39.0,12.0,35.0,5.0,3.0,,,,,,1.0,5.0,25.0,5.0,3.0
1.0,Eric & Danielle,TARUS11,3.62,3.61538,111.0,4.0,-3.0,4.0,127.0,5.0,-4.0,13.0,13.0,0.1312,0.3418,1.0,0.0769,6.0,0.4615,1.38888,2.0,2.0,0.1538,4.0,0.3077,1.0,0.0769,0.0,0.0,0.0,2.0,0.0,4.0,1.0,6.0,5.0,113.0,6.0,6.0,,,,28.0,23.0,,,,6.0,0.0,,25.5,5.0,,Co-Ed,,,,,,0.49,0.49029,163.0,4.0,-3.0,0.5,156.0,6.0,-5.0,-0.0241,0.205,0.29496,0.5,7.0,0.5385,6.0,1.0,0.0,1.0,,,,,,,,,,,,,,,,,,,,,,,,,,,,,,,,,,,,28.0,1.0,26.0,6.0,4.0,,,,,,1.0,7.0,25.0,7.0,1.0
2.0,Dustin & Kandice,TARUS11,2.92,2.92308,53.0,3.0,-1.0,2.0,9.0,2.0,0.0,13.0,13.0,0.2992,0.4691,4.0,0.3077,8.0,0.6154,1.81708,3.0,3.0,0.2308,0.0,0.0,0.0,0.0,0.0,0.0,0.0,0.0,1.0,1.0,1.0,6.0,5.0,114.0,6.0,6.0,,,,24.0,25.0,,,,6.0,0.0,,24.5,1.0,,Female,,,,,,0.7,0.69985,35.0,2.0,0.0,0.625,106.0,3.0,-1.0,0.3931,0.7201,0.22421,0.5,11.0,0.8462,2.0,1.0,0.42857,0.57143,,,,,,,,,,,,,,,,,,,,,,,,,,,,,,,,,,,,24.0,2.0,25.0,7.0,5.0,,,,,,1.0,2.0,25.0,12.0,1.0
3.0,Charla & Mirna,TARUS11,4.15,4.15385,144.0,5.0,-2.0,3.0,65.0,4.0,-1.0,13.0,13.0,0.004,0.2455,2.0,0.1538,7.0,0.5385,2.56743,5.0,2.0,0.1538,4.0,0.3077,0.0,0.0,0.0,0.0,0.0,0.0,0.0,8.0,1.0,8.0,7.0,115.0,6.0,6.0,,,,30.0,30.0,,,,6.0,0.0,,30.0,0.0,,Female,,,,,,0.44,0.43642,207.0,7.0,-4.0,0.33333,252.0,7.0,-4.0,-0.1313,0.0726,0.30991,0.44444,4.0,0.3077,9.0,1.0,0.0,1.0,,,,,,,,,,,,,,,,,,,,,,,,,,,,,,,,,,,,30.0,3.0,41.0,9.0,2.0,,,,,,1.0,4.0,26.0,9.0,2.0
4.0,Oswald & Danny,TARUS11,2.67,2.66667,34.0,1.0,3.0,2.0,9.0,2.0,2.0,12.0,12.0,0.3592,0.5145,3.0,0.25,7.0,0.5833,1.37437,2.25,4.0,0.3333,1.0,0.0833,1.0,0.0833,2.0,0.0,0.0,0.0,1.0,2.0,1.0,5.0,4.0,116.0,4.0,5.0,,,,36.0,41.0,,,,4.5,1.0,,38.5,5.0,,Male,,,,,,0.64,0.63935,65.0,3.0,1.0,0.81667,27.0,2.0,2.0,0.2726,0.5714,0.36421,0.4875,9.0,0.75,3.0,1.0,0.0,1.0,,,,,,,,,,,,,,,,,,,,,,,,,,,,,,,,,,,,36.0,4.0,61.0,11.0,1.0,,,,,,1.0,6.0,26.0,7.0,1.0
5.0,Uchenna & Joyce,TARUS11,4.33,4.33333,159.0,6.0,-1.0,5.0,191.0,7.0,-2.0,9.0,9.0,-0.0392,0.2127,1.0,0.1111,4.0,0.4444,2.0548,3.0,1.0,0.1111,0.0,0.0,1.0,0.1111,1.0,0.0,0.0,0.0,0.0,7.0,1.0,7.0,6.0,117.0,3.0,3.0,,,,42.0,46.0,,,,3.0,0.0,,44.0,4.0,,Co-Ed,,,,,,0.49,0.48699,165.0,5.0,0.0,0.55556,136.0,4.0,1.0,-0.0306,0.1969,0.33097,0.38095,5.0,0.5556,4.0,1.0,0.0,1.0,,,,,,,,,,,,,,,,,,,,,,,,,,,,,,,,,,,,42.0,5.0,28.0,4.0,8.0,,,,,,1.0,9.0,26.0,2.0,1.0
6.0,Joe & Bill,TARUS11,5.25,5.25,220.0,8.0,-2.0,5.5,237.0,8.0,-2.0,8.0,8.0,-0.26,0.0455,0.0,0.0,1.0,0.125,1.19896,1.25,0.0,0.0,1.0,0.125,1.0,0.125,0.0,0.0,0.0,0.0,0.0,6.0,3.0,7.0,4.0,118.0,2.0,4.0,,,,56.0,53.0,,,,3.0,2.0,,54.5,3.0,,Male,,,,,,0.34,0.3374,272.0,8.0,-2.0,0.29167,286.0,8.0,-2.0,-0.3284,-0.1707,0.26976,0.45357,3.0,0.375,5.0,0.77778,0.0,0.77778,,,,,,,,,,,,,,,,,,,,,,,,,,,,,,,,,,,,56.0,6.0,48.0,5.0,1.0,,,,,,1.0,7.0,26.0,4.0,1.0
7.0,Teri & Ian,TARUS11,4.83,4.83333,194.0,7.0,0.0,4.5,174.0,6.0,1.0,6.0,6.0,-0.1592,0.1218,0.0,0.0,3.0,0.5,1.86339,3.75,0.0,0.0,0.0,0.0,0.0,0.0,0.0,0.0,0.0,0.0,0.0,3.0,3.0,7.0,4.0,119.0,2.0,3.0,,,,53.0,54.0,,,,2.5,1.0,,53.5,1.0,,Co-Ed,,,,,,0.48,0.48155,169.0,6.0,1.0,0.52083,155.0,5.0,2.0,-0.0415,0.1835,0.2754,0.35863,3.0,0.5,3.0,0.8,0.0,0.8,,,,,,,,,,,,,,,,,,,,,,,,,,,,,,,,,,,,53.0,7.0,68.0,6.0,1.0,,,,,,1.0,8.0,27.0,10.0,1.0
8.0,Rob & Amber,TARUS11,2.75,2.75,38.0,2.0,6.0,1.0,1.0,1.0,7.0,4.0,4.0,0.34,0.5,3.0,0.75,3.0,0.75,3.03109,1.75,0.0,0.0,0.0,0.0,0.0,0.0,0.0,0.0,0.0,0.0,0.0,1.0,1.0,8.0,7.0,120.0,1.0,2.0,,,,30.0,28.0,,,,1.5,1.0,,29.0,2.0,,Co-Ed,,,,,,0.75,0.75,17.0,1.0,7.0,1.0,1.0,1.0,7.0,0.4929,0.8433,0.43301,0.25,3.0,0.75,1.0,1.0,0.0,1.0,,,,,,,,,,,,,,,,,,,,,,,,,,,,,,,,,,,,30.0,8.0,37.0,7.0,2.0,,,,,,1.0,10.0,27.0,9.0,3.0
9.0,David & Mary,TARUS11,9.0,9.0,353.0,9.0,0.0,9.0,341.0,9.0,0.0,3.0,3.0,-1.16,-0.6364,0.0,0.0,0.0,0.0,0.0,0.0,0.0,0.0,1.0,0.3333,0.0,0.0,0.0,0.0,0.0,0.0,0.0,9.0,9.0,9.0,0.0,121.0,1.0,1.0,,,,33.0,32.0,,,,1.0,0.0,,32.5,1.0,,Co-Ed,,,,,,0.1,0.1037,367.0,9.0,0.0,0.11111,354.0,9.0,0.0,-0.7936,-0.7451,0.08182,0.1,0.0,0.0,3.0,0.2,0.0,0.2,,,,,,,,,,,,,,,,,,,,,,,,,,,,,,,,,,,,33.0,9.0,23.0,8.0,5.0,,,,,,1.0,1.0,28.0,11.0,1.0
10.0,Kevin & Drew,TARUS11,10.0,10.0,376.0,10.0,0.0,10.0,374.0,10.0,0.0,2.0,2.0,-1.4,-0.8182,0.0,0.0,0.0,0.0,0.0,0.0,0.0,0.0,1.0,0.5,0.0,0.0,0.0,0.0,0.0,0.0,0.0,10.0,10.0,10.0,0.0,122.0,1.0,0.0,,,,40.0,41.0,,,,0.5,1.0,,40.5,1.0,,Male,,,,,,0.05,0.05,378.0,10.0,0.0,0.05,378.0,10.0,0.0,-0.9005,-0.8771,0.05,0.05,0.0,0.0,2.0,0.1,0.0,0.1,,,,,,,,,,,,,,,,,,,,,,,,,,,,,,,,,,,,40.0,10.0,43.0,10.0,2.0,,,,,,1.0,1.0,28.0,8.0,3.0
11.0,John Vito & Jill,TARUS11,11.0,11.0,384.0,11.0,0.0,11.0,384.0,11.0,0.0,1.0,1.0,-1.64,-1.0,0.0,0.0,0.0,0.0,0.0,0.0,0.0,0.0,0.0,0.0,0.0,0.0,0.0,0.0,0.0,0.0,0.0,,11.0,11.0,0.0,123.0,0.0,0.0,,,,29.0,32.0,,,,0.0,0.0,,30.5,3.0,,Co-Ed,,,,,,0.0,0.0,385.0,11.0,0.0,0.0,385.0,11.0,0.0,-1.0,-1.0,0.0,0.0,0.0,0.0,1.0,0.0,0.0,0.0,,,,,,,,,,,,,,,,,,,,,,,,,,,,,,,,,,,,29.0,11.0,26.0,11.0,5.0,,,,,,1.0,8.0,28.0,3.0,2.0
1.0,TK & Rachel,TARUS12,3.18,3.18182,80.0,2.0,-1.0,3.0,65.0,2.0,-1.0,11.0,11.0,0.2542,0.4218,3.0,0.2727,6.0,0.5455,1.94554,2.5,2.0,0.1818,2.0,0.1818,1.0,0.0909,0.0,0.0,0.0,0.0,0.0,1.0,1.0,7.0,6.0,124.0,5.0,6.0,,,,22.0,23.0,,,,5.5,1.0,,22.5,1.0,,Co-Ed,,,,,,0.6,0.59809,99.0,3.0,-2.0,0.66667,78.0,2.0,-1.0,0.1962,0.458,0.35106,0.6125,6.0,0.5455,5.0,1.0,0.0,1.0,,,,,,,,,,,,,,,,,,,,,,,,,,,,,,,,,,,,22.0,1.0,23.0,2.0,1.0,,,,,,1.0,4.0,28.0,4.0,1.0
2.0,Ron & Christina,TARUS12,3.45,3.45455,101.0,3.0,-1.0,3.0,65.0,2.0,0.0,11.0,11.0,0.1909,0.3727,3.0,0.2727,8.0,0.7273,2.46295,2.5,1.0,0.0909,1.0,0.0909,0.0,0.0,0.0,0.0,0.0,0.0,0.0,3.0,1.0,9.0,8.0,125.0,5.0,6.0,,,,58.0,26.0,,,,5.5,1.0,,42.0,32.0,,Co-Ed,,,,,,0.63,0.62655,76.0,2.0,0.0,0.5,156.0,5.0,-3.0,0.2531,0.5274,0.27115,0.35714,9.0,0.8182,2.0,1.0,0.11111,0.88889,,,,,,,,,,,,,,,,,,,,,,,,,,,,,,,,,,,,58.0,2.0,47.0,5.0,2.0,,,,,,1.0,11.0,28.0,6.0,1.0
3.0,Nicolas & Donald,TARUS12,4.18,4.18182,146.0,6.0,-3.0,4.0,127.0,5.0,-2.0,11.0,11.0,0.0197,0.24,1.0,0.0909,5.0,0.4545,1.94554,2.5,1.0,0.0909,4.0,0.3636,0.0,0.0,1.0,0.0,0.0,0.0,0.0,3.0,1.0,8.0,7.0,126.0,6.0,4.0,,,,23.0,68.0,,,,5.0,2.0,,45.5,45.0,,Male,,,,,,0.41,0.41382,229.0,7.0,-4.0,0.33333,252.0,7.0,-4.0,-0.1724,0.0088,0.27722,0.3746,4.0,0.3636,7.0,1.0,0.0,1.0,,,,,,,,,,,,,,,,,,,,,,,,,,,,,,,,,,,,23.0,3.0,22.0,7.0,3.0,,,,,,1.0,7.0,29.0,4.0,1.0
4.0,Nathan & Jennifer,TARUS12,3.7,3.7,117.0,5.0,-1.0,3.0,65.0,2.0,2.0,10.0,10.0,0.1322,0.3273,0.0,0.0,6.0,0.6,2.32594,2.0,4.0,0.4,2.0,0.2,0.0,0.0,0.0,0.0,0.0,0.0,0.0,2.0,2.0,10.0,8.0,127.0,5.0,5.0,,,,24.0,23.0,,,,5.0,0.0,,23.5,1.0,,Co-Ed,,,,,,0.52,0.5196,145.0,5.0,-1.0,0.63333,104.0,4.0,0.0,0.0392,0.2666,0.30627,0.47917,6.0,0.6,4.0,0.88889,0.0,0.88889,,,,,,,,,,,,,,,,,,,,,,,,,,,,,,,,,,,,24.0,4.0,41.0,8.0,2.0,,,,,,1.0,1.0,29.0,6.0,2.0
5.0,Kynt & Vyxsin,TARUS12,3.63,3.625,112.0,4.0,1.0,4.0,127.0,5.0,0.0,8.0,8.0,0.1487,0.34,0.0,0.0,3.0,0.375,1.31696,3.0,3.0,0.375,0.0,0.0,1.0,0.125,0.0,0.0,0.0,0.0,0.0,2.0,2.0,5.0,3.0,128.0,4.0,4.0,,,,21.0,22.0,,,,4.0,0.0,,21.5,1.0,,Co-Ed,,,,,,0.53,0.5317,136.0,4.0,1.0,0.64583,101.0,3.0,2.0,0.0634,0.2961,0.3357,0.4869,5.0,0.625,3.0,0.9,0.0,0.9,,,,,,,,,,,,,,,,,,,,,,,,,,,,,,,,,,,,21.0,5.0,26.0,9.0,11.0,,,,,,1.0,2.0,29.0,11.0,1.0
6.0,Azaria & Hendekea,TARUS12,3.0,3.0,54.0,1.0,5.0,2.5,48.0,1.0,5.0,6.0,6.0,0.2964,0.4545,3.0,0.5,3.0,0.5,2.08167,3.75,0.0,0.0,0.0,0.0,0.0,0.0,0.0,0.0,0.0,0.0,0.0,1.0,1.0,6.0,5.0,129.0,4.0,2.0,,,,27.0,23.0,,,,3.0,2.0,,25.0,4.0,,Co-Ed,,,,,,0.68,0.67593,42.0,1.0,5.0,0.77778,34.0,1.0,5.0,0.3519,0.6477,0.3691,0.48611,5.0,0.8333,1.0,1.0,0.0,1.0,,,,,,,,,,,,,,,,,,,,,,,,,,,,,,,,,,,,27.0,6.0,60.0,10.0,1.0,,,,,,1.0,6.0,29.0,8.0,1.0
7.0,Shana & Jennifer,TARUS12,5.8,5.8,258.0,8.0,-1.0,6.0,251.0,7.0,0.0,5.0,5.0,-0.3603,-0.0545,0.0,0.0,1.0,0.2,1.46969,1.0,0.0,0.0,0.0,0.0,0.0,0.0,0.0,0.0,1.0,0.0,0.0,6.0,3.0,7.0,4.0,130.0,3.0,2.0,,,,32.0,32.0,,,,2.5,1.0,,32.0,0.0,,Female,,,,,,0.36,0.3627,260.0,8.0,-1.0,0.28571,287.0,8.0,-1.0,-0.2746,-0.1158,0.26127,0.25,2.0,0.4,3.0,0.77778,0.0,0.77778,,,,,,,,,,,,,,,,,,,,,,,,,,,,,,,,,,,,32.0,7.0,43.0,12.0,1.0,,,,,,1.0,8.0,30.0,6.0,1.0
8.0,Lorena & Jason,TARUS12,5.25,5.25,220.0,7.0,1.0,6.0,251.0,7.0,1.0,4.0,4.0,-0.2313,0.0455,1.0,0.25,1.0,0.25,2.94746,4.75,0.0,0.0,1.0,0.25,0.0,0.0,0.0,1.0,0.0,0.0,0.0,8.0,1.0,8.0,7.0,131.0,1.0,3.0,,,,27.0,33.0,,,,2.0,2.0,,30.0,6.0,,Co-Ed,,,,,,0.46,0.45625,191.0,6.0,2.0,0.4125,210.0,6.0,2.0,-0.0875,0.1122,0.41017,0.68125,2.0,0.5,2.0,1.0,0.0,1.0,,,,,,,,,,,,,,,,,,,,,,,,,,,,,,,,,,,,27.0,8.0,47.0,4.0,1.0,,,,,,1.0,2.0,30.0,10.0,1.0
9.0,Marianna & Julia,TARUS12,8.33,8.33333,345.0,9.0,0.0,9.0,341.0,9.0,0.0,3.0,3.0,-0.9536,-0.5145,0.0,0.0,0.0,0.0,0.94281,1.0,0.0,0.0,0.0,0.0,0.0,0.0,0.0,0.0,0.0,0.0,0.0,9.0,7.0,9.0,2.0,132.0,2.0,1.0,,,,25.0,26.0,,,,1.5,1.0,,25.5,1.0,,Female,,,,,,0.18,0.17778,353.0,9.0,0.0,0.2,324.0,9.0,0.0,-0.6444,-0.5666,0.13699,0.16667,0.0,0.0,3.0,0.33333,0.0,0.33333,,,,,,,,,,,,,,,,,,,,,,,,,,,,,,,,,,,,25.0,9.0,57.0,6.0,1.0,,,,,,1.0,3.0,31.0,2.0,1.0
10.0,Kate & Pat,TARUS12,9.0,9.0,353.0,10.0,0.0,9.0,341.0,9.0,1.0,2.0,2.0,-1.1107,-0.6364,0.0,0.0,0.0,0.0,1.0,1.0,0.0,0.0,0.0,0.0,0.0,0.0,0.0,0.0,0.0,0.0,0.0,,8.0,10.0,2.0,133.0,2.0,0.0,,,,49.0,65.0,,,,1.0,2.0,,57.0,16.0,,Female,,,,,,0.15,0.15,357.0,10.0,0.0,0.15,343.0,10.0,0.0,-0.7,-0.6343,0.15,0.15,0.0,0.0,2.0,0.3,0.0,0.3,,,,,,,,,,,,,,,,,,,,,,,,,,,,,,,,,,,,49.0,10.0,42.0,8.0,1.0,,,,,,1.0,6.0,31.0,8.0,1.0
11.0,Ari & Staella,TARUS12,11.0,11.0,384.0,11.0,0.0,11.0,384.0,10.0,1.0,1.0,1.0,-1.5798,-1.0,0.0,0.0,0.0,0.0,0.0,0.0,0.0,0.0,0.0,0.0,0.0,0.0,0.0,0.0,0.0,0.0,0.0,,11.0,11.0,0.0,134.0,0.0,1.0,,,,23.0,21.0,,,,0.5,1.0,,22.0,2.0,,Co-Ed,,,,,,0.0,0.0,385.0,11.0,0.0,0.0,385.0,11.0,0.0,-1.0,-1.0,0.0,0.0,0.0,0.0,1.0,0.0,0.0,0.0,,,,,,,,,,,,,,,,,,,,,,,,,,,,,,,,,,,,23.0,11.0,39.0,9.0,6.0,,,,,,1.0,1.0,31.0,12.0,1.0
1.0,Nick & Starr,TARUS13,2.45,2.45455,21.0,1.0,0.0,1.0,1.0,1.0,0.0,11.0,11.0,0.4286,0.5594,7.0,0.6364,8.0,0.7273,2.06105,3.0,0.0,0.0,1.0,0.0909,0.0,0.0,1.0,0.0,0.0,0.0,0.0,1.0,1.0,6.0,5.0,135.0,5.0,3.0,,,,22.0,21.0,,,,4.0,2.0,,21.5,1.0,,Co-Ed,,,,,,0.78,0.78012,10.0,1.0,0.0,1.0,1.0,1.0,0.0,0.5602,0.9202,0.29208,0.56349,7.0,0.6364,4.0,1.0,0.33333,0.66667,,,,,,,,,,,,,,,,,,,,,,,,,,,,,,,,,,,,22.0,1.0,71.0,10.0,1.0,,,,,,1.0,8.0,32.0,3.0,1.0
2.0,Ken & Tina,TARUS13,2.64,2.63636,32.0,2.0,0.0,2.0,9.0,2.0,0.0,11.0,11.0,0.3843,0.5252,3.0,0.2727,8.0,0.7273,1.49379,2.0,3.0,0.2727,1.0,0.0909,1.0,0.0909,1.0,0.0,0.0,0.0,0.0,2.0,1.0,6.0,5.0,136.0,4.0,4.0,,,,51.0,48.0,,,,4.0,0.0,,49.5,3.0,,Co-Ed,,,,,,0.62,0.61818,79.0,3.0,-1.0,0.5,156.0,5.0,-3.0,0.2364,0.5216,0.31217,0.5,8.0,0.7273,3.0,1.0,0.0,1.0,,,,,,,,,,,,,,,,,,,,,,,,,,,,,,,,,,,,51.0,2.0,40.0,11.0,2.0,,,,,,1.0,12.0,32.0,2.0,1.0
3.0,Andrew & Dan,TARUS13,5.18,5.18182,216.0,7.0,-4.0,5.0,191.0,6.0,-3.0,11.0,11.0,-0.2081,0.0683,0.0,0.0,2.0,0.1818,1.74867,2.5,1.0,0.0909,4.0,0.3636,1.0,0.0909,0.0,0.0,0.0,0.0,0.0,7.0,2.0,8.0,6.0,137.0,6.0,3.0,,,,22.0,23.0,,,,4.5,3.0,,22.5,1.0,,Male,,,,,,0.24,0.24012,330.0,8.0,-5.0,0.22222,313.0,8.0,-5.0,-0.5198,-0.409,0.17426,0.08452,1.0,0.0909,10.0,0.66667,0.0,0.66667,,,,,,,,,,,,,,,,,,,,,,,,,,,,,,,,,,,,22.0,3.0,31.0,1.0,2.0,,,,,,1.0,2.0,32.0,7.0,1.0
4.0,Toni & Dallas,TARUS13,3.1,3.1,65.0,3.0,1.0,2.5,48.0,3.0,1.0,10.0,10.0,0.277,0.4424,1.0,0.1,6.0,0.6,1.51327,2.0,4.0,0.4,0.0,0.0,0.0,0.0,0.0,0.0,0.0,0.0,0.0,2.0,1.0,6.0,5.0,138.0,4.0,5.0,,,,51.0,22.0,,,,4.5,1.0,,36.5,29.0,,Co-Ed,,,,,,0.65,0.64853,60.0,2.0,2.0,0.675,75.0,4.0,0.0,0.2971,0.5963,0.26492,0.26548,9.0,0.9,1.0,1.0,0.0,1.0,,,,,,,,,,,,,,,,,,,,,,,,,,,,,,,,,,,,51.0,4.0,26.0,4.0,10.0,,,,,,1.0,8.0,33.0,6.0,1.0
5.0,Terence & Sarah,TARUS13,3.25,3.25,83.0,4.0,1.0,3.0,65.0,4.0,1.0,8.0,8.0,0.242,0.4155,0.0,0.0,6.0,0.75,0.82916,0.25,1.0,0.125,0.0,0.0,0.0,0.0,0.0,0.0,0.0,0.0,0.0,3.0,2.0,5.0,3.0,139.0,3.0,4.0,,,,35.0,31.0,,,,3.5,1.0,,33.0,4.0,,Co-Ed,,,,,,0.61,0.60645,89.0,4.0,1.0,0.70833,59.0,2.0,3.0,0.2129,0.4927,0.2656,0.23333,6.0,0.75,2.0,0.85714,0.0,0.85714,,,,,,,,,,,,,,,,,,,,,,,,,,,,,,,,,,,,35.0,5.0,53.0,6.0,3.0,,,,,,1.0,9.0,33.0,11.0,1.0
6.0,Kelly & Christy,TARUS13,5.14,5.14286,212.0,6.0,0.0,5.0,191.0,6.0,0.0,7.0,7.0,-0.1988,0.0755,0.0,0.0,2.0,0.2857,1.95876,2.5,1.0,0.1429,1.0,0.1429,0.0,0.0,0.0,0.0,0.0,0.0,0.0,5.0,2.0,8.0,6.0,140.0,3.0,3.0,,,,26.0,26.0,,,,3.0,0.0,,26.0,0.0,,Female,,,,,,0.42,0.41514,227.0,6.0,0.0,0.33333,252.0,6.0,0.0,-0.1697,0.0218,0.27818,0.42798,3.0,0.4286,4.0,0.8,0.0,0.8,,,,,,,,,,,,,,,,,,,,,,,,,,,,,,,,,,,,26.0,6.0,58.0,7.0,2.0,,,,,,1.0,1.0,33.0,12.0,1.0
7.0,Aja & Ty,TARUS13,6.2,6.2,285.0,8.0,-1.0,7.0,293.0,8.0,-1.0,5.0,5.0,-0.446,-0.1151,0.0,0.0,0.0,0.0,1.46969,2.0,0.0,0.0,1.0,0.2,0.0,0.0,0.0,0.0,0.0,0.0,0.0,7.0,4.0,8.0,4.0,141.0,2.0,2.0,,,,25.0,25.0,,,,2.0,0.0,,25.0,0.0,,Co-Ed,,,,,,0.32,0.3219,286.0,7.0,0.0,0.3,273.0,7.0,0.0,-0.3562,-0.2077,0.23947,0.35714,2.0,0.4,3.0,0.66667,0.0,0.66667,,,,,,,,,,,,,,,,,,,,,,,,,,,,,,,,,,,,25.0,7.0,22.0,9.0,5.0,,,,,,1.0,4.0,34.0,10.0,1.0
8.0,Marisa & Brooke,TARUS13,7.75,7.75,330.0,9.0,-1.0,8.5,339.0,9.0,-1.0,4.0,4.0,-0.8075,-0.3939,0.0,0.0,0.0,0.0,2.27761,2.25,0.0,0.0,2.0,0.5,0.0,0.0,0.0,0.0,0.0,0.0,0.0,,4.0,10.0,6.0,142.0,2.0,1.0,,,,22.0,24.0,,,,1.5,1.0,,23.0,2.0,,Female,,,,,,0.21,0.20903,342.0,9.0,-1.0,0.10556,359.0,9.0,-1.0,-0.5819,-0.4855,0.24403,0.16458,1.0,0.25,3.0,0.625,0.0,0.625,,,,,,,,,,,,,,,,,,,,,,,,,,,,,,,,,,,,22.0,8.0,42.0,11.0,1.0,,,,,,1.0,5.0,34.0,6.0,2.0
9.0,Mark & Bill,TARUS13,5.0,5.0,203.0,5.0,4.0,4.0,127.0,5.0,4.0,3.0,3.0,-0.1661,0.1007,0.0,0.0,1.0,0.3333,2.94392,3.5,1.0,0.3333,0.0,0.0,0.0,0.0,0.0,0.0,0.0,0.0,0.0,,2.0,9.0,7.0,143.0,1.0,1.0,,,,41.0,42.0,,,,1.0,0.0,,41.5,1.0,,Male,,,,,,0.53,0.52963,137.0,5.0,4.0,0.7,64.0,3.0,6.0,0.0593,0.3036,0.38236,0.44444,2.0,0.6667,1.0,0.88889,0.0,0.88889,,,,,,,,,,,,,,,,,,,,,,,,,,,,,,,,,,,,41.0,9.0,30.0,1.0,5.0,,,,,,1.0,11.0,35.0,9.0,1.0
10.0,Anthony & Stephanie,TARUS13,9.5,9.5,367.0,10.0,0.0,9.5,365.0,10.0,0.0,2.0,2.0,-1.2157,-0.7086,0.0,0.0,0.0,0.0,0.5,0.5,0.0,0.0,0.0,0.0,0.0,0.0,0.0,0.0,0.0,0.0,0.0,,9.0,10.0,1.0,144.0,1.0,0.0,,,,32.0,32.0,,,,0.5,1.0,,32.0,0.0,,Co-Ed,,,,,,0.1,0.1,368.0,10.0,0.0,0.1,361.0,10.0,0.0,-0.8,-0.7539,0.1,0.1,0.0,0.0,2.0,0.2,0.0,0.2,,,,,,,,,,,,,,,,,,,,,,,,,,,,,,,,,,,,32.0,10.0,34.0,2.0,1.0,,,,,,2.0,1.0,36.0,5.0,1.0
11.0,Anita & Arthur,TARUS13,11.0,11.0,384.0,11.0,0.0,11.0,384.0,11.0,0.0,1.0,1.0,-1.5655,-0.9784,0.0,0.0,0.0,0.0,0.0,0.0,0.0,0.0,0.0,0.0,0.0,0.0,0.0,0.0,0.0,0.0,0.0,,11.0,11.0,0.0,145.0,0.0,0.0,,,,61.0,63.0,,,,0.0,0.0,,62.0,2.0,,Co-Ed,,,,,,0.0,0.0,385.0,11.0,0.0,0.0,385.0,11.0,0.0,-1.0,-1.0,0.0,0.0,0.0,0.0,1.0,0.0,0.0,0.0,,,,,,,,,,,,,,,,,,,,,,,,,,,,,,,,,,,,61.0,11.0,53.0,3.0,1.0,,,,,,2.0,2.0,36.0,7.0,1.0
1.0,Tammy & Victor,TARUS14,2.33,2.33333,11.0,1.0,0.0,2.0,9.0,1.0,0.0,12.0,11.0,0.4505,0.5756,5.0,0.4167,11.0,0.9167,1.88562,2.0,3.0,0.25,2.0,0.1667,0.0,0.0,0.0,0.0,1.0,0.0,0.0,1.0,1.0,8.0,7.0,146.0,5.0,6.0,,,,26.0,35.0,,,,5.5,1.0,,30.5,9.0,,Co-Ed,,,,,,0.76,0.763,12.0,1.0,0.0,0.86667,16.0,1.0,0.0,0.526,0.8617,0.28401,0.33929,10.0,0.8333,2.0,1.0,0.125,0.875,,,,,,,,,,,,,,,,,,,,,,,,,,,,,,,,,,,,26.0,1.0,24.0,5.0,4.0,,,,,,2.0,9.0,37.0,8.0,1.0
2.0,Jaime & Cara,TARUS14,3.92,3.91667,131.0,4.0,-2.0,3.5,118.0,3.0,-1.0,12.0,11.0,0.0756,0.286,1.0,0.0833,6.0,0.5,1.9773,3.25,3.0,0.25,2.0,0.1667,0.0,0.0,0.0,0.0,0.0,0.0,0.0,2.0,1.0,7.0,6.0,147.0,6.0,5.0,,,,29.0,26.0,,,,5.5,1.0,,27.5,3.0,,Female,,,,,,0.51,0.51303,150.0,5.0,-3.0,0.43651,201.0,6.0,-4.0,0.0261,0.2518,0.22858,0.35417,5.0,0.4167,7.0,1.0,0.25,0.75,,,,,,,,,,,,,,,,,,,,,,,,,,,,,,,,,,,,29.0,2.0,31.0,6.0,4.0,,,,,,2.0,2.0,37.0,1.0,1.0
3.0,Margie & Luke,TARUS14,2.75,2.75,38.0,2.0,1.0,3.0,65.0,2.0,1.0,12.0,11.0,0.3515,0.4991,3.0,0.25,7.0,0.5833,1.23322,2.25,2.0,0.1667,0.0,0.0,0.0,0.0,0.0,0.0,1.0,0.0,0.0,4.0,1.0,4.0,3.0,148.0,5.0,6.0,,,,50.0,22.0,,,,5.5,1.0,,36.0,28.0,,Co-Ed,,,,,,0.63,0.63304,72.0,2.0,1.0,0.64583,101.0,4.0,-1.0,0.2661,0.5446,0.27412,0.25,10.0,0.8333,2.0,1.0,0.0,1.0,,,,,,,,,,,,,,,,,,,,,,,,,,,,,,,,,,,,50.0,3.0,61.0,7.0,1.0,,,,,,2.0,7.0,38.0,7.0,1.0
4.0,Kisha & Jen,TARUS14,4.27,4.27273,155.0,5.0,-1.0,4.0,127.0,4.0,0.0,11.0,10.0,-0.007,0.2222,1.0,0.0909,4.0,0.3636,2.00413,2.5,1.0,0.0909,3.0,0.2727,1.0,0.0909,0.0,1.0,0.0,0.0,0.0,4.0,1.0,8.0,7.0,149.0,5.0,5.0,,,,28.0,24.0,,,,5.0,0.0,,26.0,4.0,,Female,,,,,,0.41,0.41126,231.0,6.0,-2.0,0.3,273.0,7.0,-3.0,-0.1775,0.0035,0.33202,0.525,4.0,0.3636,7.0,1.0,0.0,1.0,,,,,,,,,,,,,,,,,,,,,,,,,,,,,,,,,,,,28.0,4.0,53.0,8.0,2.0,,,,,,2.0,1.0,45.0,3.0,1.0
5.0,Mark & Michael,TARUS14,5.22,5.22222,218.0,7.0,-2.0,5.0,191.0,7.0,-2.0,9.0,9.0,-0.231,0.0492,0.0,0.0,2.0,0.2222,1.5476,1.0,0.0,0.0,2.0,0.2222,1.0,0.1111,0.0,0.0,0.0,0.0,0.0,5.0,3.0,8.0,5.0,150.0,5.0,3.0,,,,48.0,51.0,,,,4.0,2.0,,49.5,3.0,,Male,,,,,,0.31,0.30723,297.0,8.0,-3.0,0.22222,313.0,8.0,-3.0,-0.3855,-0.2503,0.26016,0.35714,3.0,0.3333,6.0,0.8,0.0,0.8,,,,,,,,,,,,,,,,,,,,,,,,,,,,,,,,,,,,48.0,5.0,32.0,9.0,3.0,,,,,,2.0,2.0,49.0,10.0,1.0
6.0,Mel & Mike,TARUS14,3.57,3.57143,107.0,3.0,3.0,4.0,127.0,4.0,2.0,7.0,7.0,0.1581,0.3497,1.0,0.1429,3.0,0.4286,1.84059,3.0,2.0,0.2857,0.0,0.0,0.0,0.0,0.0,0.0,0.0,0.0,0.0,4.0,1.0,6.0,5.0,151.0,3.0,3.0,,,,68.0,38.0,,,,3.0,0.0,,53.0,30.0,,Male,,,,,,0.6,0.60113,95.0,3.0,3.0,0.7,64.0,2.0,4.0,0.2023,0.4668,0.3331,0.46825,5.0,0.7143,2.0,1.0,0.0,1.0,,,,,,,,,,,,,,,,,,,,,,,,,,,,,,,,,,,,68.0,6.0,70.0,10.0,1.0,,,,,,2.0,10.0,,,
7.0,Christie & Jodi,TARUS14,6.67,6.66667,303.0,8.0,-1.0,7.0,293.0,9.0,-2.0,6.0,6.0,-0.5729,-0.2149,1.0,0.1667,1.0,0.1667,2.86744,2.25,0.0,0.0,2.0,0.3333,1.0,0.1667,0.0,0.0,0.0,0.0,0.0,7.0,1.0,10.0,9.0,152.0,3.0,3.0,,,,37.0,40.0,,,,3.0,0.0,,38.5,3.0,,Female,,,,,,0.26,0.26435,318.0,9.0,-2.0,0.10556,359.0,9.0,-2.0,-0.4713,-0.355,0.35206,0.28403,1.0,0.1667,5.0,1.0,0.0,1.0,,,,,,,,,,,,,,,,,,,,,,,,,,,,,,,,,,,,37.0,7.0,27.0,11.0,8.0,,,,,,2.0,11.0,,,
8.0,Amanda & Kris,TARUS14,4.5,4.5,171.0,6.0,2.0,4.0,127.0,4.0,4.0,4.0,4.0,-0.0612,0.1803,0.0,0.0,2.0,0.5,2.29129,3.0,1.0,0.25,0.0,0.0,0.0,0.0,0.0,1.0,0.0,0.0,0.0,,2.0,8.0,6.0,153.0,1.0,3.0,,,,23.0,24.0,,,,2.0,2.0,,23.5,1.0,,Co-Ed,,,,,,0.56,0.56319,118.0,4.0,4.0,0.68889,74.0,3.0,5.0,0.1264,0.3742,0.33978,0.35208,3.0,0.75,1.0,0.875,0.0,0.875,,,,,,,,,,,,,,,,,,,,,,,,,,,,,,,,,,,,23.0,8.0,35.0,2.0,1.0,,,,,,2.0,3.0,,,
9.0,Brad & Victoria,TARUS14,6.67,6.66667,303.0,8.0,1.0,6.0,251.0,8.0,1.0,3.0,3.0,-0.5729,-0.2149,0.0,0.0,0.0,0.0,1.69967,2.0,0.0,0.0,0.0,0.0,0.0,0.0,0.0,0.0,0.0,0.0,0.0,,5.0,9.0,4.0,154.0,0.0,3.0,,,,52.0,47.0,,,,1.5,3.0,,49.5,5.0,,Co-Ed,,,,,,0.35,0.35185,265.0,7.0,2.0,0.5,156.0,5.0,4.0,-0.2963,-0.1415,0.24983,0.27778,2.0,0.6667,1.0,0.55556,0.0,0.55556,,,,,,,,,,,,,,,,,,,,,,,,,,,,,,,,,,,,52.0,9.0,36.0,3.0,4.0,,,,,,2.0,3.0,,,
10.0,Steve & Linda,TARUS14,9.5,9.5,367.0,10.0,0.0,9.5,365.0,10.0,0.0,2.0,2.0,-1.2403,-0.7304,0.0,0.0,0.0,0.0,0.5,0.5,0.0,0.0,0.0,0.0,0.0,0.0,0.0,0.0,0.0,0.0,0.0,,9.0,10.0,1.0,155.0,1.0,1.0,,,,43.0,52.0,,,,1.0,0.0,,47.5,9.0,,Co-Ed,,,,,,0.1,0.1,368.0,10.0,0.0,0.1,361.0,10.0,0.0,-0.8,-0.756,0.1,0.1,0.0,0.0,2.0,0.2,0.0,0.2,,,,,,,,,,,,,,,,,,,,,,,,,,,,,,,,,,,,43.0,10.0,30.0,4.0,4.0,,,,,,2.0,5.0,,,
11.0,Preston & Jennifer,TARUS14,11.0,11.0,384.0,11.0,0.0,11.0,384.0,11.0,0.0,1.0,1.0,-1.594,-1.0036,0.0,0.0,0.0,0.0,0.0,0.0,0.0,0.0,0.0,0.0,0.0,0.0,0.0,0.0,0.0,0.0,0.0,,11.0,11.0,0.0,156.0,1.0,0.0,,,,26.0,28.0,,,,0.5,1.0,,27.0,2.0,,Co-Ed,,,,,,0.0,0.0,385.0,11.0,0.0,0.0,385.0,11.0,0.0,-1.0,-1.0,0.0,0.0,0.0,0.0,1.0,0.0,0.0,0.0,,,,,,,,,,,,,,,,,,,,,,,,,,,,,,,,,,,,26.0,11.0,63.0,5.0,2.0,,,,,,2.0,1.0,,,
1.0,Meghan & Cheyne,TARUS15,2.0,2.0,4.0,1.0,0.0,1.0,1.0,1.0,0.0,12.0,12.0,0.5636,0.6672,7.0,0.5833,10.0,0.8333,1.63299,1.0,3.0,0.25,0.0,0.0,0.0,0.0,1.0,0.0,0.0,0.0,0.0,1.0,1.0,6.0,5.0,157.0,5.0,6.0,,,,23.0,23.0,,,,5.5,1.0,,23.0,0.0,,Co-Ed,,,,,,0.87,0.86991,3.0,1.0,0.0,1.0,1.0,1.0,0.0,0.7398,1.1739,0.18524,0.2125,12.0,1.0,0.0,1.0,0.5,0.5,,,,,,,,,,,,,,,,,,,,,,,,,,,,,,,,,,,,23.0,1.0,48.0,6.0,1.0,,,,,,2.0,12.0,,,
2.0,Sam & Dan,TARUS15,3.17,3.16667,71.0,3.0,-1.0,2.0,9.0,2.0,0.0,12.0,12.0,0.3084,0.4725,2.0,0.1667,8.0,0.6667,2.19216,2.25,5.0,0.4167,1.0,0.0833,0.0,0.0,0.0,0.0,0.0,0.0,0.0,2.0,1.0,9.0,8.0,158.0,6.0,6.0,,,,23.0,21.0,,,,6.0,0.0,,22.0,2.0,,Male,,,,,,0.64,0.63807,67.0,2.0,0.0,0.66667,78.0,2.0,0.0,0.2761,0.5945,0.24142,0.30536,9.0,0.75,3.0,1.0,0.25,0.75,,,,,,,,,,,,,,,,,,,,,,,,,,,,,,,,,,,,23.0,2.0,24.0,8.0,7.0,,,,,,2.0,8.0,,,
3.0,Brian & Ericka,TARUS15,4.25,4.25,150.0,5.0,-2.0,4.0,127.0,4.0,-1.0,12.0,12.0,0.0727,0.2928,0.0,0.0,5.0,0.4167,2.0052,1.25,1.0,0.0833,4.0,0.3333,1.0,0.0833,0.0,0.0,0.0,0.0,0.0,4.0,2.0,10.0,8.0,159.0,6.0,6.0,,,,27.0,27.0,,,,6.0,0.0,,27.0,0.0,,Co-Ed,,,,,,0.39,0.39188,241.0,7.0,-4.0,0.41667,209.0,5.0,-2.0,-0.2162,-0.0207,0.27687,0.40076,6.0,0.5,6.0,0.85714,0.0,0.85714,,,,,,,,,,,,,,,,,,,,,,,,,,,,,,,,,,,,27.0,3.0,37.0,10.0,1.0,,,,,,2.0,11.0,,,
4.0,Flight Time & Big Easy,TARUS15,3.09,3.09091,63.0,2.0,2.0,3.0,65.0,3.0,1.0,11.0,11.0,0.3258,0.4859,2.0,0.1818,8.0,0.7273,1.44314,1.0,1.0,0.0909,2.0,0.1818,0.0,0.0,0.0,0.0,0.0,0.0,0.0,3.0,1.0,6.0,5.0,160.0,5.0,6.0,,,,32.0,28.0,,,,5.5,1.0,,30.0,4.0,,Male,,,,,,0.6,0.60233,91.0,3.0,1.0,0.63636,103.0,3.0,1.0,0.2047,0.5052,0.31317,0.42083,8.0,0.7273,3.0,1.0,0.0,1.0,,,,,,,,,,,,,,,,,,,,,,,,,,,,,,,,,,,,32.0,4.0,49.0,11.0,6.0,,,,,,2.0,8.0,,,
5.0,Gary & Matt,TARUS15,4.22,4.22222,148.0,4.0,1.0,4.0,127.0,4.0,1.0,9.0,9.0,0.0793,0.2978,1.0,0.1111,2.0,0.2222,1.5476,1.0,0.0,0.0,0.0,0.0,1.0,0.1111,0.0,0.0,0.0,0.0,0.0,4.0,1.0,7.0,6.0,161.0,4.0,5.0,,,,47.0,22.0,,,,4.5,1.0,,34.5,25.0,,Male,,,,,,0.46,0.46245,186.0,4.0,1.0,0.45455,190.0,4.0,1.0,-0.0751,0.1557,0.31181,0.29167,4.0,0.4444,5.0,1.0,0.0,1.0,,,,,,,,,,,,,,,,,,,,,,,,,,,,,,,,,,,,47.0,5.0,43.0,2.0,2.0,,,,,,2.0,11.0,,,
6.0,Maria & Tiffany,TARUS15,6.57,6.57143,301.0,8.0,-2.0,6.0,251.0,6.0,0.0,7.0,7.0,-0.4335,-0.0932,0.0,0.0,1.0,0.1429,2.49898,1.5,1.0,0.1429,1.0,0.1429,1.0,0.1429,0.0,0.0,0.0,0.0,0.0,6.0,2.0,11.0,9.0,162.0,2.0,5.0,,,,26.0,25.0,,,,3.5,3.0,,25.5,1.0,,Female,,,,,,0.31,0.31134,294.0,8.0,-2.0,0.28571,287.0,8.0,-2.0,-0.3773,-0.222,0.26158,0.31427,1.0,0.1429,6.0,0.83333,0.0,0.83333,,,,,,,,,,,,,,,,,,,,,,,,,,,,,,,,,,,,26.0,6.0,31.0,3.0,5.0,,,,,,2.0,11.0,,,
7.0,Mika & Canaan,TARUS15,7.67,7.66667,326.0,9.0,-2.0,7.0,293.0,9.0,-2.0,6.0,6.0,-0.6735,-0.2762,0.0,0.0,0.0,0.0,1.10554,0.75,0.0,0.0,2.0,0.3333,0.0,0.0,0.0,0.0,0.0,0.0,0.0,7.0,7.0,10.0,3.0,163.0,1.0,5.0,,,,22.0,26.0,,,,3.0,4.0,,24.0,4.0,,Co-Ed,,,,,,0.2,0.20133,345.0,10.0,-3.0,0.21591,320.0,9.0,-2.0,-0.5973,-0.4969,0.11095,0.1349,0.0,0.0,6.0,0.33333,0.0,0.33333,,,,,,,,,,,,,,,,,,,,,,,,,,,,,,,,,,,,22.0,7.0,41.0,5.0,1.0,,,,,,2.0,2.0,,,
8.0,Lance & Keri,TARUS15,6.0,6.0,267.0,6.0,2.0,6.0,251.0,6.0,2.0,5.0,5.0,-0.3091,0.0017,0.0,0.0,1.0,0.2,2.28035,4.0,0.0,0.0,1.0,0.2,0.0,0.0,0.0,0.0,0.0,0.0,0.0,,3.0,9.0,6.0,164.0,3.0,2.0,,,,41.0,33.0,,,,2.5,1.0,,37.0,8.0,,Co-Ed,,,,,,0.4,0.40086,236.0,6.0,2.0,0.375,230.0,7.0,1.0,-0.1983,0.0017,0.31905,0.58889,2.0,0.4,3.0,0.81818,0.0,0.81818,,,,,,,,,,,,,,,,,,,,,,,,,,,,,,,,,,,,41.0,8.0,28.0,9.0,4.0,,,,,,2.0,12.0,,,
9.0,Zev & Justin,TARUS15,6.0,6.0,267.0,6.0,3.0,6.5,281.0,8.0,1.0,4.0,4.0,-0.3091,0.0017,0.0,0.0,1.0,0.25,2.73861,4.0,1.0,0.25,0.0,0.0,0.0,0.0,0.0,0.0,0.0,0.0,0.0,,2.0,9.0,7.0,165.0,2.0,2.0,,,,26.0,30.0,,,,2.0,0.0,,28.0,4.0,,Male,,,,,,0.43,0.43283,213.0,5.0,4.0,0.41111,211.0,6.0,3.0,-0.1343,0.0816,0.34874,0.51061,2.0,0.5,2.0,0.90909,0.0,0.90909,,,,,,,,,,,,,,,,,,,,,,,,,,,,,,,,,,,,26.0,9.0,44.0,10.0,3.0,,,,,,2.0,1.0,,,
10.0,Marcy & Ron,TARUS15,7.67,7.66667,326.0,9.0,1.0,9.0,341.0,10.0,0.0,3.0,3.0,-0.6735,-0.2762,0.0,0.0,0.0,0.0,2.62467,3.0,0.0,0.0,0.0,0.0,0.0,0.0,0.0,0.0,0.0,0.0,0.0,,4.0,10.0,6.0,166.0,1.0,2.0,,,,60.0,59.0,,,,1.5,1.0,,59.5,1.0,,Co-Ed,,,,,,0.31,0.30909,295.0,9.0,1.0,0.2,324.0,10.0,0.0,-0.3818,-0.2276,0.30676,0.36364,1.0,0.3333,2.0,0.72727,0.0,0.72727,,,,,,,,,,,,,,,,,,,,,,,,,,,,,,,,,,,,60.0,10.0,43.0,1.0,1.0,,,,,,2.0,4.0,,,
11.0,Garrett & Jessica,TARUS15,9.5,9.5,367.0,11.0,0.0,9.5,365.0,11.0,0.0,2.0,2.0,-1.0727,-0.5807,0.0,0.0,0.0,0.0,1.5,1.5,0.0,0.0,0.0,0.0,0.0,0.0,0.0,0.0,0.0,0.0,0.0,,8.0,11.0,3.0,167.0,1.0,1.0,,,,28.0,27.0,,,,1.0,0.0,,27.5,1.0,,Co-Ed,,,,,,0.18,0.18182,351.0,11.0,0.0,0.18182,338.0,11.0,0.0,-0.6364,-0.5456,0.18182,0.18182,0.0,0.0,2.0,0.36364,0.0,0.36364,,,,,,,,,,,,,,,,,,,,,,,,,,,,,,,,,,,,28.0,11.0,31.0,5.0,3.0,,,,,,2.0,11.0,,,
12.0,Eric & Lisa,TARUS15,12.0,12.0,410.0,12.0,0.0,12.0,410.0,12.0,0.0,1.0,1.0,-1.6182,-0.9967,0.0,0.0,0.0,0.0,0.0,0.0,0.0,0.0,0.0,0.0,0.0,0.0,0.0,0.0,0.0,0.0,0.0,,12.0,12.0,0.0,168.0,0.0,0.0,,,,43.0,41.0,,,,0.0,0.0,,42.0,2.0,,Co-Ed,,,,,,0.0,0.0,385.0,12.0,0.0,0.0,385.0,12.0,0.0,-1.0,-1.0,0.0,0.0,0.0,0.0,1.0,0.0,0.0,0.0,,,,,,,,,,,,,,,,,,,,,,,,,,,,,,,,,,,,43.0,12.0,46.0,7.0,2.0,,,,,,2.0,2.0,,,
1.0,Dan & Jordan,TARUS16,4.33,4.33333,159.0,4.0,-3.0,4.5,174.0,6.0,-5.0,12.0,12.0,-0.005,0.1981,2.0,0.1667,5.0,0.4167,2.3214,3.25,1.0,0.0833,3.0,0.25,0.0,0.0,1.0,0.0,0.0,0.0,0.0,8.0,1.0,8.0,7.0,169.0,6.0,5.0,,,,24.0,22.0,,,,5.5,1.0,,23.0,2.0,,Male,,,,,,0.48,0.47953,171.0,6.0,-5.0,0.33333,252.0,7.0,-6.0,-0.0409,0.1292,0.2802,0.33214,4.0,0.3333,8.0,1.0,0.2,0.8,,,,,,,,,,,,,,,,,,,,,,,,,,,,,,,,,,,,24.0,1.0,52.0,8.0,1.0,,,,,,2.0,4.0,,,
2.0,Jet & Cord,TARUS16,2.58,2.58333,27.0,1.0,1.0,2.5,48.0,1.0,1.0,12.0,12.0,0.4012,0.5222,4.0,0.3333,9.0,0.75,1.49768,2.25,2.0,0.1667,0.0,0.0,1.0,0.0833,0.0,0.0,0.0,0.0,0.0,1.0,1.0,6.0,5.0,170.0,6.0,6.0,,,,30.0,29.0,,,,6.0,0.0,,29.5,1.0,,Male,,,,,,0.69,0.6877,39.0,1.0,1.0,0.69048,70.0,2.0,0.0,0.3754,0.6194,0.2881,0.5,11.0,0.9167,1.0,1.0,0.0,1.0,,,,,,,,,,,,,,,,,,,,,,,,,,,,,,,,,,,,30.0,2.0,24.0,9.0,4.0,,,,,,2.0,7.0,,,
3.0,Brent & Caite,TARUS16,4.33,4.33333,159.0,4.0,-1.0,4.0,127.0,3.0,0.0,12.0,12.0,-0.005,0.1981,1.0,0.0833,5.0,0.4167,2.09497,3.5,2.0,0.1667,2.0,0.1667,0.0,0.0,0.0,0.0,1.0,0.0,0.0,7.0,1.0,7.0,6.0,171.0,7.0,5.0,,,,28.0,20.0,,,,6.0,2.0,,24.0,8.0,,Co-Ed,,,,,,0.44,0.44405,200.0,7.0,-4.0,0.4,213.0,6.0,-3.0,-0.1119,0.0456,0.28248,0.4375,5.0,0.4167,7.0,1.0,0.0,1.0,,,,,,,,,,,,,,,,,,,,,,,,,,,,,,,,,,,,28.0,3.0,44.0,11.0,2.0,,,,,,2.0,11.0,,,
4.0,Louie & Michael,TARUS16,4.36,4.36364,166.0,6.0,-2.0,4.0,127.0,3.0,1.0,11.0,11.0,-0.0119,0.1926,3.0,0.2727,4.0,0.3636,2.90056,4.0,0.0,0.0,3.0,0.2727,1.0,0.0909,0.0,0.0,1.0,0.0,0.0,4.0,1.0,9.0,8.0,172.0,6.0,5.0,,,,47.0,45.0,,,,5.5,1.0,,46.0,2.0,,Male,,,,,,0.43,0.42601,216.0,8.0,-4.0,0.25,297.0,9.0,-5.0,-0.148,0.0032,0.38778,0.68194,4.0,0.3636,7.0,1.0,0.0,1.0,,,,,,,,,,,,,,,,,,,,,,,,,,,,,,,,,,,,47.0,4.0,36.0,1.0,3.0,,,,,,2.0,3.0,,,
5.0,Carol & Brandy,TARUS16,4.0,4.0,132.0,3.0,2.0,5.0,191.0,7.0,-2.0,9.0,9.0,0.0716,0.2593,0.0,0.0,4.0,0.4444,1.41421,2.0,2.0,0.2222,1.0,0.1111,0.0,0.0,0.0,1.0,0.0,0.0,0.0,5.0,2.0,6.0,4.0,173.0,4.0,4.0,,,,47.0,40.0,,,,4.0,0.0,,43.5,7.0,,Female,,,,,,0.52,0.52425,142.0,4.0,1.0,0.5,156.0,5.0,0.0,0.0485,0.2345,0.27602,0.34921,5.0,0.5556,4.0,0.83333,0.0,0.83333,,,,,,,,,,,,,,,,,,,,,,,,,,,,,,,,,,,,47.0,5.0,33.0,3.0,2.0,,,,,,2.0,10.0,,,
6.0,Steve & Allie,TARUS16,3.38,3.375,95.0,2.0,4.0,2.5,48.0,1.0,5.0,8.0,8.0,0.2155,0.3741,1.0,0.125,5.0,0.625,1.99609,2.5,3.0,0.375,0.0,0.0,0.0,0.0,0.0,0.0,0.0,0.0,0.0,2.0,1.0,7.0,6.0,174.0,4.0,3.0,,,,57.0,23.0,,,,3.5,1.0,,40.0,34.0,,Co-Ed,,,,,,0.66,0.66116,49.0,2.0,4.0,0.77857,33.0,1.0,5.0,0.3223,0.5569,0.31295,0.27827,6.0,0.75,2.0,1.0,0.0,1.0,,,,,,,,,,,,,,,,,,,,,,,,,,,,,,,,,,,,57.0,6.0,29.0,4.0,5.0,,,,,,2.0,5.0,,,
7.0,Jordan & Jeff,TARUS16,5.67,5.66667,252.0,9.0,-2.0,6.5,281.0,9.0,-2.0,6.0,6.0,-0.316,-0.05,1.0,0.1667,1.0,0.1667,2.28522,1.75,0.0,0.0,1.0,0.1667,1.0,0.1667,0.0,0.0,0.0,0.0,0.0,7.0,1.0,8.0,7.0,175.0,2.0,3.0,,,,22.0,31.0,,,,2.5,1.0,,26.5,9.0,,Co-Ed,,,,,,0.35,0.34788,269.0,9.0,-2.0,0.29365,282.0,8.0,-1.0,-0.3042,-0.1808,0.35162,0.4504,2.0,0.3333,4.0,1.0,0.0,1.0,,,,,,,,,,,,,,,,,,,,,,,,,,,,,,,,,,,,22.0,7.0,46.0,6.0,1.0,,,,,,2.0,6.0,,,
8.0,Joe & Heidi,TARUS16,4.4,4.4,169.0,7.0,1.0,4.0,127.0,3.0,5.0,5.0,5.0,-0.0212,0.1852,0.0,0.0,2.0,0.4,2.05913,2.0,1.0,0.2,0.0,0.0,0.0,0.0,0.0,1.0,0.0,0.0,0.0,,2.0,8.0,6.0,176.0,2.0,2.0,,,,42.0,37.0,,,,2.0,0.0,,39.5,5.0,,Co-Ed,,,,,,0.57,0.56563,115.0,3.0,5.0,0.625,106.0,3.0,5.0,0.1313,0.3319,0.30041,0.11429,4.0,0.8,1.0,0.88889,0.0,0.88889,,,,,,,,,,,,,,,,,,,,,,,,,,,,,,,,,,,,42.0,8.0,58.0,8.0,1.0,,,,,,2.0,7.0,,,
9.0,Monique & Shawne,TARUS16,5.33,5.33333,227.0,8.0,1.0,5.0,191.0,7.0,2.0,3.0,3.0,-0.237,0.013,0.0,0.0,1.0,0.3333,2.86744,3.5,1.0,0.3333,0.0,0.0,0.0,0.0,0.0,0.0,0.0,0.0,0.0,,2.0,9.0,7.0,177.0,1.0,2.0,,,,39.0,39.0,,,,1.5,1.0,,39.0,0.0,,Female,,,,,,0.49,0.48519,168.0,5.0,4.0,0.55556,136.0,4.0,5.0,-0.0296,0.1425,0.37078,0.45,2.0,0.6667,1.0,0.9,0.0,0.9,,,,,,,,,,,,,,,,,,,,,,,,,,,,,,,,,,,,39.0,9.0,36.0,10.0,3.0,,,,,,2.0,10.0,,,
10.0,Jody & Shannon,TARUS16,10.0,10.0,376.0,10.0,0.0,10.0,374.0,10.0,0.0,2.0,2.0,-1.3209,-0.8519,0.0,0.0,0.0,0.0,0.0,0.0,0.0,0.0,1.0,0.5,0.0,0.0,0.0,0.0,0.0,0.0,0.0,10.0,10.0,10.0,0.0,178.0,1.0,1.0,,,,71.0,22.0,,,,1.0,0.0,,46.5,49.0,,Female,,,,,,0.05,0.05,378.0,10.0,0.0,0.05,378.0,10.0,0.0,-0.9,-0.8823,0.05,0.05,0.0,0.0,2.0,0.1,0.0,0.1,,,,,,,,,,,,,,,,,,,,,,,,,,,,,,,,,,,,71.0,10.0,24.0,11.0,1.0,,,,,,2.0,5.0,,,
11.0,Dana & Adrian,TARUS16,11.0,11.0,384.0,11.0,0.0,11.0,384.0,11.0,0.0,1.0,1.0,-1.553,-1.037,0.0,0.0,0.0,0.0,0.0,0.0,0.0,0.0,0.0,0.0,0.0,0.0,0.0,0.0,0.0,0.0,0.0,,11.0,11.0,0.0,179.0,0.0,1.0,,,,40.0,39.0,,,,0.5,1.0,,39.5,1.0,,Co-Ed,,,,,,0.0,0.0,385.0,11.0,0.0,0.0,385.0,11.0,0.0,-1.0,-1.0,0.0,0.0,0.0,0.0,1.0,0.0,0.0,0.0,,,,,,,,,,,,,,,,,,,,,,,,,,,,,,,,,,,,40.0,11.0,33.0,1.0,4.0,,,,,,2.0,8.0,,,
1.0,Nat & Kat,TARUS17,3.08,3.08333,60.0,2.0,-1.0,2.5,48.0,1.0,0.0,12.0,12.0,0.2996,0.4369,5.0,0.4167,8.0,0.6667,2.36144,3.25,1.0,0.0833,3.0,0.25,0.0,0.0,1.0,0.0,1.0,0.0,0.0,1.0,1.0,8.0,7.0,180.0,6.0,5.0,,,,31.0,35.0,,,,5.5,1.0,,33.0,4.0,,Female,,,,,,0.66,0.65764,50.0,1.0,0.0,0.7,64.0,1.0,0.0,0.3153,0.5568,0.34132,0.66667,8.0,0.6667,4.0,1.0,0.125,0.875,,,,,,,,,,,,,,,,,,,,,,,,,,,,,,,,,,,,31.0,1.0,32.0,2.0,3.0,,,,,,2.0,9.0,,,
2.0,Brook & Claire,TARUS17,3.17,3.16667,71.0,3.0,-1.0,3.0,65.0,3.0,-1.0,12.0,12.0,0.2792,0.4205,1.0,0.0833,7.0,0.5833,1.40436,2.0,4.0,0.3333,2.0,0.1667,0.0,0.0,0.0,1.0,0.0,0.0,0.0,2.0,1.0,6.0,5.0,181.0,7.0,5.0,,,,27.0,20.0,,,,6.0,2.0,,23.5,7.0,,Female,,,,,,0.59,0.58919,105.0,3.0,-1.0,0.58333,127.0,5.0,-3.0,0.1784,0.3948,0.22877,0.37708,7.0,0.5833,5.0,1.0,0.25,0.75,,,,,,,,,,,,,,,,,,,,,,,,,,,,,,,,,,,,27.0,2.0,39.0,3.0,2.0,,,,,,2.0,1.0,,,
3.0,Jill & Thomas,TARUS17,3.0,3.0,54.0,1.0,2.0,2.5,48.0,1.0,2.0,12.0,12.0,0.3178,0.4516,4.0,0.3333,8.0,0.6667,1.95789,4.0,2.0,0.1667,0.0,0.0,0.0,0.0,0.0,0.0,1.0,0.0,0.0,1.0,1.0,7.0,6.0,182.0,5.0,7.0,,,,27.0,20.0,,,,6.0,2.0,,23.5,7.0,,Co-Ed,,,,,,0.65,0.65165,58.0,2.0,1.0,0.69048,70.0,2.0,1.0,0.3033,0.5427,0.3203,0.54167,9.0,0.75,3.0,1.0,0.0,1.0,,,,,,,,,,,,,,,,,,,,,,,,,,,,,,,,,,,,27.0,3.0,22.0,5.0,4.0,,,,,,2.0,7.0,,,
4.0,Nick & Vicki,TARUS17,5.27,5.27273,223.0,7.0,-3.0,5.0,191.0,6.0,-2.0,11.0,11.0,-0.1984,0.0366,0.0,0.0,3.0,0.2727,2.29984,3.0,1.0,0.0909,1.0,0.0909,2.0,0.1818,0.0,0.0,0.0,0.0,0.0,6.0,2.0,10.0,8.0,183.0,6.0,5.0,,,,26.0,26.0,,,,5.5,1.0,,26.0,0.0,,Co-Ed,,,,,,0.32,0.31815,289.0,9.0,-5.0,0.28571,287.0,9.0,-5.0,-0.3637,-0.2468,0.26717,0.5,4.0,0.3636,7.0,0.75,0.0,0.75,,,,,,,,,,,,,,,,,,,,,,,,,,,,,,,,,,,,26.0,4.0,26.0,7.0,5.0,,,,,,2.0,1.0,,,
5.0,Chad & Stephanie,TARUS17,5.11,5.11111,209.0,6.0,-1.0,5.0,191.0,6.0,-1.0,9.0,9.0,-0.162,0.0658,1.0,0.1111,2.0,0.2222,2.0787,3.0,0.0,0.0,2.0,0.2222,0.0,0.0,0.0,1.0,0.0,0.0,0.0,7.0,1.0,8.0,7.0,184.0,6.0,4.0,,,,26.0,23.0,,,,5.0,2.0,,24.5,3.0,,Co-Ed,,,,,,0.4,0.40106,234.0,8.0,-3.0,0.3,273.0,8.0,-3.0,-0.1979,-0.0506,0.31111,0.5,3.0,0.3333,6.0,1.0,0.0,1.0,,,,,,,,,,,,,,,,,,,,,,,,,,,,,,,,,,,,26.0,5.0,34.0,8.0,3.0,,,,,,2.0,4.0,,,
6.0,Gary & Mallory,TARUS17,4.63,4.625,178.0,4.0,2.0,5.0,191.0,6.0,0.0,8.0,8.0,-0.0528,0.1536,0.0,0.0,3.0,0.375,2.39466,4.0,3.0,0.375,2.0,0.25,0.0,0.0,0.0,0.0,0.0,0.0,0.0,6.0,2.0,9.0,7.0,185.0,4.0,4.0,,,,53.0,24.0,,,,4.0,0.0,,38.5,29.0,,Co-Ed,,,,,,0.49,0.48562,167.0,5.0,1.0,0.5,156.0,7.0,-1.0,-0.0288,0.1496,0.33902,0.70883,5.0,0.625,3.0,0.875,0.0,0.875,,,,,,,,,,,,,,,,,,,,,,,,,,,,,,,,,,,,53.0,6.0,56.0,10.0,1.0,,,,,,2.0,3.0,,,
7.0,Michael & Kevin,TARUS17,5.29,5.28571,225.0,8.0,-1.0,4.0,127.0,4.0,3.0,7.0,7.0,-0.2029,0.0329,0.0,0.0,2.0,0.2857,2.18529,3.5,0.0,0.0,0.0,0.0,1.0,0.1429,0.0,0.0,0.0,0.0,0.0,7.0,3.0,9.0,6.0,186.0,3.0,4.0,,,,58.0,20.0,,,,3.5,1.0,,39.0,38.0,,Male,,,,,,0.43,0.43441,210.0,7.0,0.0,0.57143,130.0,6.0,1.0,-0.1312,0.0284,0.29412,0.44583,4.0,0.5714,3.0,0.77778,0.0,0.77778,,,,,,,,,,,,,,,,,,,,,,,,,,,,,,,,,,,,58.0,7.0,59.0,1.0,1.0,,,,,,2.0,4.0,,,
8.0,Katie & Rachel,TARUS17,5.4,5.4,235.0,9.0,-1.0,5.0,191.0,6.0,2.0,5.0,5.0,-0.2279,0.0128,0.0,0.0,1.0,0.2,2.33238,4.0,1.0,0.2,1.0,0.2,0.0,0.0,0.0,0.0,0.0,0.0,0.0,8.0,2.0,8.0,6.0,187.0,3.0,2.0,,,,23.0,24.0,,,,2.5,1.0,,23.5,1.0,,Female,,,,,,0.45,0.44778,196.0,6.0,2.0,0.6,115.0,4.0,4.0,-0.1044,0.06,0.33282,0.5,3.0,0.6,2.0,0.88889,0.0,0.88889,,,,,,,,,,,,,,,,,,,,,,,,,,,,,,,,,,,,23.0,8.0,27.0,4.0,2.0,,,,,,2.0,5.0,,,
9.0,Connor & Jonathan,TARUS17,4.75,4.75,188.0,5.0,4.0,4.5,174.0,5.0,4.0,4.0,4.0,-0.0801,0.1316,1.0,0.25,2.0,0.5,3.03109,4.25,0.0,0.0,0.0,0.0,0.0,0.0,0.0,0.0,0.0,0.0,0.0,,1.0,9.0,8.0,188.0,4.0,0.0,,,,22.0,22.0,,,,2.0,4.0,,22.0,0.0,,Male,,,,,,0.56,0.56111,121.0,4.0,5.0,0.62222,113.0,3.0,6.0,0.1222,0.3283,0.38018,0.51667,2.0,0.5,2.0,1.0,0.0,1.0,,,,,,,,,,,,,,,,,,,,,,,,,,,,,,,,,,,,22.0,9.0,34.0,5.0,1.0,,,,,,2.0,7.0,,,
10.0,Andie & Jenna,TARUS17,9.5,9.5,367.0,10.0,0.0,9.5,365.0,10.0,0.0,2.0,2.0,-1.1603,-0.7367,0.0,0.0,0.0,0.0,0.5,0.5,0.0,0.0,0.0,0.0,0.0,0.0,0.0,0.0,0.0,0.0,0.0,,9.0,10.0,1.0,189.0,0.0,2.0,,,,43.0,21.0,,,,1.0,2.0,,32.0,22.0,,Female,,,,,,0.1,0.1,368.0,10.0,0.0,0.1,361.0,10.0,0.0,-0.8,-0.7633,0.1,0.1,0.0,0.0,2.0,0.2,0.0,0.2,,,,,,,,,,,,,,,,,,,,,,,,,,,,,,,,,,,,43.0,10.0,56.0,8.0,1.0,,,,,,2.0,1.0,,,
11.0,Ron & Tony,TARUS17,11.0,11.0,384.0,11.0,0.0,11.0,384.0,11.0,0.0,1.0,1.0,-1.5014,-1.011,0.0,0.0,0.0,0.0,0.0,0.0,0.0,0.0,0.0,0.0,0.0,0.0,0.0,0.0,0.0,0.0,0.0,,11.0,11.0,0.0,190.0,1.0,0.0,,,,42.0,45.0,,,,0.5,1.0,,43.5,3.0,,Male,,,,,,0.0,0.0,385.0,11.0,0.0,0.0,385.0,11.0,0.0,-1.0,-1.0,0.0,0.0,0.0,0.0,1.0,0.0,0.0,0.0,,,,,,,,,,,,,,,,,,,,,,,,,,,,,,,,,,,,42.0,11.0,47.0,10.0,2.0,,,,,,2.0,9.0,,,
1.0,Kisha & Jen,TARUS18,3.33,3.33333,90.0,2.0,-1.0,3.5,118.0,2.0,-1.0,12.0,12.0,0.2841,0.3717,1.0,0.0833,6.0,0.5,1.37437,2.0,3.0,0.25,0.0,0.0,0.0,0.0,0.0,0.0,0.0,0.0,0.0,4.0,1.0,6.0,5.0,191.0,6.0,6.0,,,,30.0,26.0,,,,6.0,0.0,,28.0,4.0,,Female,,,,,,0.66,0.65506,53.0,1.0,0.0,0.66667,78.0,2.0,-1.0,0.3101,0.4315,0.18231,0.16875,10.0,0.8333,2.0,1.0,0.28571,0.71429,,,,,,,,,,,,,,,,,,,,,,,,,,,,,,,,,,,,30.0,1.0,36.0,2.0,3.0,,,,,,2.0,10.0,,,
2.0,Flight Time & Big Easy,TARUS18,3.75,3.75,121.0,4.0,-2.0,4.0,127.0,3.0,-1.0,12.0,12.0,0.1938,0.2925,2.0,0.1667,6.0,0.5,2.04634,3.25,3.0,0.25,3.0,0.25,0.0,0.0,0.0,1.0,1.0,0.0,0.0,5.0,1.0,7.0,6.0,192.0,6.0,6.0,,,,34.0,29.0,,,,6.0,0.0,,31.5,5.0,,Male,,,,,,0.57,0.56515,116.0,4.0,-2.0,0.52778,152.0,4.0,-2.0,0.1303,0.235,0.28704,0.46042,7.0,0.5833,5.0,1.0,0.14286,0.85714,,,,,,,,,,,,,,,,,,,,,,,,,,,,,,,,,,,,34.0,2.0,26.0,3.0,3.0,,,,,,2.0,6.0,,,
3.0,Gary & Mallory,TARUS18,3.25,3.25,83.0,1.0,2.0,3.0,65.0,1.0,2.0,12.0,12.0,0.3013,0.3868,3.0,0.25,8.0,0.6667,2.24072,2.25,2.0,0.1667,0.0,0.0,1.0,0.0833,0.0,0.0,0.0,0.0,0.0,1.0,1.0,9.0,8.0,193.0,6.0,6.0,,,,53.0,25.0,,,,6.0,0.0,,39.0,28.0,,Co-Ed,,,,,,0.59,0.59282,102.0,3.0,0.0,0.625,106.0,3.0,0.0,0.1856,0.2955,0.36526,0.56667,8.0,0.6667,4.0,1.0,0.0,1.0,,,,,,,,,,,,,,,,,,,,,,,,,,,,,,,,,,,,53.0,3.0,23.0,6.0,3.0,,,,,,2.0,1.0,,,
4.0,Zev & Justin,TARUS18,3.45,3.45455,101.0,3.0,1.0,4.0,127.0,3.0,1.0,11.0,11.0,0.2583,0.3491,4.0,0.3636,5.0,0.4545,2.49959,3.0,1.0,0.0909,3.0,0.2727,0.0,0.0,0.0,0.0,0.0,0.0,0.0,4.0,1.0,8.0,7.0,194.0,5.0,5.0,,,,28.0,31.0,,,,5.0,0.0,,29.5,3.0,,Male,,,,,,0.6,0.60043,96.0,2.0,2.0,0.7,64.0,1.0,3.0,0.2009,0.3121,0.38601,0.8125,7.0,0.6364,4.0,1.0,0.0,1.0,,,,,,,,,,,,,,,,,,,,,,,,,,,,,,,,,,,,28.0,4.0,42.0,7.0,2.0,,,,,,2.0,7.0,,,
5.0,Kent & Vyxsin,TARUS18,6.0,6.0,267.0,7.0,-2.0,5.5,237.0,6.0,-1.0,10.0,10.0,-0.2899,-0.1321,0.0,0.0,2.0,0.2,2.19089,2.0,0.0,0.0,2.0,0.2,1.0,0.1,0.0,0.0,1.0,0.0,0.0,5.0,3.0,10.0,7.0,195.0,4.0,5.0,,,,24.0,25.0,,,,4.5,1.0,,24.5,1.0,,Co-Ed,,,,,,0.31,0.31286,292.0,9.0,-4.0,0.36667,233.0,8.0,-3.0,-0.3743,-0.3163,0.21995,0.36548,3.0,0.3,7.0,0.6,0.0,0.6,,,,,,,,,,,,,,,,,,,,,,,,,,,,,,,,,,,,24.0,5.0,29.0,8.0,4.0,,,,,,2.0,5.0,,,
6.0,Jet & Cord,TARUS18,4.56,4.55556,174.0,5.0,1.0,5.0,191.0,5.0,1.0,9.0,9.0,0.0197,0.1396,1.0,0.1111,4.0,0.4444,2.87174,4.0,2.0,0.2222,1.0,0.1111,1.0,0.1111,0.0,1.0,0.0,0.0,0.0,6.0,1.0,11.0,10.0,196.0,4.0,4.0,,,,31.0,30.0,,,,4.0,0.0,,30.5,1.0,,Male,,,,,,0.5,0.5011,156.0,5.0,1.0,0.44444,195.0,7.0,-1.0,0.0022,0.0951,0.36954,0.65714,4.0,0.4444,5.0,1.0,0.0,1.0,,,,,,,,,,,,,,,,,,,,,,,,,,,,,,,,,,,,31.0,6.0,40.0,9.0,1.0,,,,,,2.0,8.0,,,
7.0,Ron & Christina,TARUS18,6.0,6.0,267.0,7.0,0.0,7.0,293.0,9.0,-2.0,7.0,7.0,-0.2899,-0.1321,0.0,0.0,2.0,0.2857,2.50713,4.0,0.0,0.0,1.0,0.1429,0.0,0.0,0.0,0.0,0.0,0.0,0.0,3.0,3.0,10.0,7.0,197.0,3.0,3.0,,,,61.0,29.0,,,,3.0,0.0,,45.0,32.0,,Co-Ed,,,,,,0.4,0.39529,240.0,8.0,-1.0,0.3,273.0,9.0,-2.0,-0.2094,-0.1362,0.28647,0.49464,3.0,0.4286,4.0,0.77778,0.0,0.77778,,,,,,,,,,,,,,,,,,,,,,,,,,,,,,,,,,,,61.0,7.0,30.0,10.0,2.0,,,,,,2.0,9.0,,,
8.0,Margie & Luke,TARUS18,5.33,5.33333,227.0,6.0,2.0,6.0,251.0,7.0,1.0,6.0,6.0,-0.1458,-0.0057,1.0,0.1667,2.0,0.3333,2.62467,4.25,0.0,0.0,0.0,0.0,0.0,0.0,0.0,0.0,0.0,0.0,0.0,8.0,1.0,8.0,7.0,198.0,2.0,3.0,,,,53.0,25.0,,,,2.5,1.0,,39.0,28.0,,Co-Ed,,,,,,0.5,0.49537,161.0,6.0,2.0,0.5,156.0,5.0,3.0,-0.0093,0.0825,0.33154,0.44583,3.0,0.5,3.0,1.0,0.0,1.0,,,,,,,,,,,,,,,,,,,,,,,,,,,,,,,,,,,,53.0,8.0,24.0,6.0,5.0,,,,,,2.0,10.0,,,
9.0,Jaime & Cara,TARUS18,7.8,7.8,331.0,10.0,-1.0,8.0,319.0,10.0,-1.0,5.0,5.0,-0.6768,-0.4717,0.0,0.0,0.0,0.0,1.16619,2.0,0.0,0.0,1.0,0.2,0.0,0.0,0.0,1.0,1.0,0.0,0.0,9.0,6.0,9.0,3.0,199.0,2.0,2.0,,,,32.0,28.0,,,,2.0,0.0,,30.0,4.0,,Female,,,,,,0.23,0.23222,333.0,11.0,-2.0,0.25,297.0,10.0,-1.0,-0.5356,-0.4925,0.17042,0.18889,1.0,0.2,4.0,0.5,0.0,0.5,,,,,,,,,,,,,,,,,,,,,,,,,,,,,,,,,,,,32.0,9.0,25.0,10.0,2.0,,,,,,3.0,3.0,,,
10.0,Mel & Mike,TARUS18,8.33,8.33333,345.0,11.0,-1.0,9.0,341.0,11.0,-1.0,3.0,3.0,-0.7907,-0.5717,0.0,0.0,0.0,0.0,1.69967,2.0,0.0,0.0,0.0,0.0,0.0,0.0,0.0,0.0,0.0,0.0,0.0,,6.0,10.0,4.0,200.0,1.0,1.0,,,,70.0,40.0,,,,1.0,0.0,,55.0,30.0,,Male,,,,,,0.23,0.23333,332.0,10.0,0.0,0.2,324.0,11.0,-1.0,-0.5333,-0.4901,0.20548,0.25,1.0,0.3333,2.0,0.5,0.0,0.5,,,,,,,,,,,,,,,,,,,,,,,,,,,,,,,,,,,,70.0,10.0,39.0,2.0,2.0,,,,,,3.0,6.0,,,
11.0,Amanda & Kris,TARUS18,6.5,6.5,295.0,9.0,2.0,6.5,281.0,8.0,3.0,2.0,2.0,-0.3973,-0.2264,0.0,0.0,1.0,0.5,4.5,4.5,1.0,0.5,0.0,0.0,0.0,0.0,0.0,1.0,0.0,0.0,0.0,,2.0,11.0,9.0,201.0,1.0,0.0,,,,27.0,25.0,,,,0.5,1.0,,26.0,2.0,,Co-Ed,,,,,,0.45,0.45,193.0,7.0,4.0,0.45,191.0,6.0,5.0,-0.1,-0.0166,0.45,0.45,1.0,0.5,1.0,0.9,0.0,0.9,,,,,,,,,,,,,,,,,,,,,,,,,,,,,,,,,,,,27.0,11.0,51.0,5.0,2.0,,,,,,3.0,8.0,,,
1.0,Ernie & Cindy,TARUS19,2.83,2.83333,46.0,2.0,-1.0,2.5,48.0,2.0,-1.0,12.0,12.0,0.361,0.472,3.0,0.25,8.0,0.6667,1.51841,2.5,3.0,0.25,0.0,0.0,0.0,0.0,0.0,0.0,1.0,0.0,0.0,1.0,1.0,5.0,4.0,202.0,7.0,6.0,,,,29.0,30.0,,,,6.5,1.0,,29.5,1.0,,Co-Ed,,,,,,0.7,0.70218,34.0,1.0,0.0,0.70714,63.0,2.0,-1.0,0.4044,0.6025,0.21978,0.375,10.0,0.8333,2.0,1.0,0.33333,0.66667,,,,,,,,,,,,,,,,,,,,,,,,,,,,,,,,,,,,29.0,1.0,36.0,7.0,2.0,,,,,,3.0,6.0,,,
2.0,Jeremy & Sandy,TARUS19,3.58,3.58333,108.0,3.0,-1.0,3.0,65.0,3.0,-1.0,12.0,12.0,0.1916,0.3321,1.0,0.0833,8.0,0.6667,1.84654,3.25,3.0,0.25,3.0,0.25,0.0,0.0,0.0,0.0,0.0,0.0,0.0,3.0,1.0,7.0,6.0,203.0,6.0,7.0,,,,35.0,33.0,,,,6.5,1.0,,34.0,2.0,,Co-Ed,,,,,,0.57,0.56587,114.0,4.0,-2.0,0.58333,127.0,4.0,-2.0,0.1317,0.2914,0.27161,0.325,9.0,0.75,3.0,1.0,0.14286,0.85714,,,,,,,,,,,,,,,,,,,,,,,,,,,,,,,,,,,,35.0,2.0,29.0,9.0,1.0,,,,,,3.0,8.0,,,
3.0,Amani & Marcus,TARUS19,4.42,4.41667,170.0,6.0,-3.0,4.0,127.0,4.0,-1.0,12.0,12.0,0.0019,0.1754,2.0,0.1667,4.0,0.3333,2.25308,3.0,0.0,0.0,3.0,0.25,1.0,0.0833,0.0,0.0,0.0,0.0,0.0,4.0,1.0,9.0,8.0,204.0,6.0,7.0,,,,36.0,39.0,,,,6.5,1.0,,37.5,3.0,,Co-Ed,,,,,,0.41,0.412,230.0,6.0,-3.0,0.35417,240.0,7.0,-4.0,-0.176,-0.0597,0.3121,0.2875,4.0,0.3333,8.0,1.0,0.0,1.0,,,,,,,,,,,,,,,,,,,,,,,,,,,,,,,,,,,,36.0,3.0,31.0,11.0,4.0,,,,,,3.0,11.0,,,
4.0,Andy & Tommy,TARUS19,2.64,2.63636,32.0,1.0,3.0,1.0,1.0,1.0,3.0,11.0,11.0,0.4039,0.5075,6.0,0.5455,7.0,0.6364,2.01236,3.0,0.0,0.0,1.0,0.0909,0.0,0.0,0.0,0.0,0.0,0.0,0.0,1.0,1.0,7.0,6.0,205.0,6.0,6.0,,,,30.0,32.0,,,,6.0,0.0,,31.0,2.0,,Male,,,,,,0.7,0.69805,36.0,2.0,2.0,1.0,1.0,1.0,3.0,0.3961,0.5931,0.35753,0.58571,7.0,0.6364,4.0,1.0,0.0,1.0,,,,,,,,,,,,,,,,,,,,,,,,,,,,,,,,,,,,30.0,4.0,45.0,2.0,1.0,,,,,,3.0,8.0,,,
5.0,Bill & Cathi,TARUS19,5.5,5.5,242.0,7.0,-2.0,5.5,237.0,7.0,-2.0,10.0,10.0,-0.2419,-0.0261,0.0,0.0,3.0,0.3,2.61725,3.5,2.0,0.2,2.0,0.2,2.0,0.2,0.0,1.0,1.0,0.0,0.0,7.0,2.0,11.0,9.0,206.0,6.0,5.0,,,,63.0,62.0,,,,5.5,1.0,,62.5,1.0,,Co-Ed,,,,,,0.33,0.32833,283.0,9.0,-4.0,0.20833,323.0,8.0,-3.0,-0.3433,-0.2507,0.31809,0.56429,3.0,0.3,7.0,0.85714,0.0,0.85714,,,,,,,,,,,,,,,,,,,,,,,,,,,,,,,,,,,,63.0,5.0,25.0,6.0,3.0,,,,,,3.0,9.0,,,
6.0,Laurence & Zac,TARUS19,4.38,4.375,168.0,5.0,1.0,4.5,174.0,6.0,0.0,8.0,8.0,0.011,0.1828,0.0,0.0,2.0,0.25,1.57619,2.5,2.0,0.25,0.0,0.0,0.0,0.0,0.0,1.0,0.0,0.0,0.0,6.0,2.0,6.0,4.0,207.0,4.0,5.0,,,,48.0,19.0,,,,4.5,1.0,,33.5,29.0,,Male,,,,,,0.5,0.49568,160.0,5.0,1.0,0.5,156.0,5.0,1.0,-0.0086,0.1312,0.28046,0.32589,5.0,0.625,3.0,0.9,0.0,0.9,,,,,,,,,,,,,,,,,,,,,,,,,,,,,,,,,,,,48.0,6.0,31.0,8.0,4.0,,,,,,3.0,2.0,,,
7.0,Justin & Jennifer,TARUS19,4.29,4.28571,157.0,4.0,3.0,4.0,127.0,4.0,3.0,7.0,7.0,0.0313,0.1996,0.0,0.0,3.0,0.4286,2.18529,3.0,2.0,0.2857,0.0,0.0,0.0,0.0,0.0,0.0,0.0,0.0,0.0,4.0,2.0,8.0,6.0,208.0,4.0,4.0,,,,31.0,26.0,,,,4.0,0.0,,28.5,5.0,,Co-Ed,,,,,,0.57,0.56956,111.0,3.0,4.0,0.625,106.0,3.0,4.0,0.1391,0.2998,0.29411,0.38095,5.0,0.7143,2.0,0.85714,0.0,0.85714,,,,,,,,,,,,,,,,,,,,,,,,,,,,,,,,,,,,31.0,7.0,38.0,2.0,2.0,,,,,,3.0,4.0,,,
8.0,Liz & Marie,TARUS19,7.8,7.8,331.0,10.0,-2.0,8.0,319.0,9.0,-1.0,5.0,5.0,-0.7613,-0.4552,0.0,0.0,0.0,0.0,1.6,0.0,0.0,0.0,2.0,0.4,1.0,0.2,0.0,0.0,0.0,0.0,0.0,8.0,5.0,10.0,5.0,209.0,2.0,5.0,,,,24.0,24.0,,,,3.5,3.0,,24.0,0.0,,Female,,,,,,0.17,0.165,356.0,10.0,-2.0,0.1,361.0,11.0,-3.0,-0.67,-0.6234,0.22338,0.125,1.0,0.2,4.0,0.6,0.0,0.6,,,,,,,,,,,,,,,,,,,,,,,,,,,,,,,,,,,,24.0,8.0,25.0,4.0,3.0,,,,,,3.0,6.0,,,
9.0,Kaylani & Lisa,TARUS19,7.0,7.0,308.0,8.0,1.0,9.0,341.0,10.0,-1.0,3.0,3.0,-0.5806,-0.306,0.0,0.0,1.0,0.3333,2.82843,3.0,0.0,0.0,0.0,0.0,0.0,0.0,0.0,0.0,0.0,0.0,0.0,9.0,3.0,9.0,6.0,210.0,1.0,2.0,,,,33.0,32.0,,,,1.5,1.0,,32.5,1.0,,Female,,,,,,0.33,0.33333,277.0,8.0,1.0,0.2,324.0,9.0,0.0,-0.3333,-0.2393,0.33993,0.4,1.0,0.3333,2.0,0.8,0.0,0.8,,,,,,,,,,,,,,,,,,,,,,,,,,,,,,,,,,,,33.0,9.0,28.0,7.0,2.0,,,,,,3.0,11.0,,,
10.0,Ethan & Jenna,TARUS19,7.0,7.0,308.0,8.0,2.0,7.0,293.0,8.0,2.0,2.0,2.0,-0.5806,-0.306,0.0,0.0,0.0,0.0,3.0,3.0,0.0,0.0,0.0,0.0,0.0,0.0,0.0,0.0,0.0,0.0,0.0,,4.0,10.0,6.0,211.0,2.0,0.0,,,,37.0,30.0,,,,1.0,2.0,,33.5,7.0,,Co-Ed,,,,,,0.4,0.4,237.0,7.0,3.0,0.4,213.0,6.0,4.0,-0.2,-0.0871,0.3,0.3,1.0,0.5,1.0,0.7,0.1,0.6,,,,,,,,,,,,,,,,,,,,,,,,,,,,,,,,,,,,37.0,10.0,37.0,9.0,2.0,,,,,,3.0,2.0,,,
11.0,Ron & Bill,TARUS19,9.5,9.5,367.0,11.0,0.0,9.5,365.0,11.0,0.0,2.0,2.0,-1.1452,-0.7724,0.0,0.0,0.0,0.0,1.5,1.5,0.0,0.0,0.0,0.0,0.0,0.0,0.0,0.0,0.0,0.0,0.0,,8.0,11.0,3.0,212.0,1.0,1.0,,,,49.0,44.0,,,,1.0,0.0,,46.5,5.0,,Male,,,,,,0.15,0.15,357.0,11.0,0.0,0.15,343.0,10.0,1.0,-0.7,-0.6577,0.15,0.15,0.0,0.0,2.0,0.3,0.0,0.3,,,,,,,,,,,,,,,,,,,,,,,,,,,,,,,,,,,,49.0,11.0,22.0,2.0,4.0,,,,,,3.0,5.0,,,
1.0,Rachel & Dave,TARUS20,1.83,1.83333,3.0,1.0,0.0,1.0,1.0,1.0,0.0,12.0,12.0,0.5761,0.6795,8.0,0.6667,10.0,0.8333,1.51841,1.0,2.0,0.1667,0.0,0.0,0.0,0.0,1.0,0.0,0.0,0.0,0.0,1.0,1.0,6.0,5.0,213.0,6.0,5.0,,,,30.0,33.0,,,,5.5,1.0,,31.5,3.0,,Co-Ed,,,,,,0.88,0.88363,2.0,1.0,0.0,1.0,1.0,1.0,0.0,0.7673,1.2718,0.19837,0.15714,11.0,0.9167,1.0,1.0,0.375,0.625,,,,,,,,,,,,,,,,,,,,,,,,,,,,,,,,,,,,30.0,1.0,33.0,8.0,5.0,,,,,,3.0,11.0,,,
2.0,Art & JJ,TARUS20,2.25,2.25,9.0,2.0,0.0,2.0,9.0,2.0,0.0,12.0,12.0,0.4788,0.606,3.0,0.25,11.0,0.9167,0.92421,1.25,4.0,0.3333,1.0,0.0833,0.0,0.0,1.0,0.0,1.0,0.0,0.0,3.0,1.0,4.0,3.0,214.0,6.0,5.0,,,,43.0,42.0,,,,5.5,1.0,,42.5,1.0,,Male,,,,,,0.72,0.71991,25.0,2.0,0.0,0.73333,50.0,2.0,0.0,0.4398,0.8509,0.22955,0.34167,11.0,0.9167,1.0,1.0,0.25,0.75,,,,,,,,,,,,,,,,,,,,,,,,,,,,,,,,,,,,43.0,2.0,48.0,9.0,1.0,,,,,,3.0,6.0,,,
3.0,Brendon & Rachel,TARUS20,3.42,3.41667,99.0,3.0,0.0,3.5,118.0,3.0,0.0,12.0,12.0,0.2078,0.4011,0.0,0.0,6.0,0.5,1.25554,2.0,4.0,0.3333,1.0,0.0833,0.0,0.0,0.0,1.0,1.0,0.0,0.0,2.0,2.0,6.0,4.0,215.0,6.0,6.0,,,,31.0,27.0,,,,6.0,0.0,,29.0,4.0,,Co-Ed,,,,,,0.52,0.52411,143.0,3.0,0.0,0.46429,186.0,4.0,0.0,0.0482,0.3475,0.25743,0.36667,6.0,0.5,6.0,0.9,0.0,0.9,,,,,,,,,,,,,,,,,,,,,,,,,,,,,,,,,,,,31.0,3.0,39.0,10.0,5.0,,,,,,3.0,11.0,,,
4.0,Vanessa & Ralph,TARUS20,4.91,4.90909,201.0,5.0,-1.0,5.0,191.0,5.0,-1.0,11.0,11.0,-0.1373,0.1401,0.0,0.0,2.0,0.1818,1.50481,1.5,0.0,0.0,5.0,0.4545,0.0,0.0,0.0,1.0,0.0,0.0,0.0,5.0,3.0,8.0,5.0,216.0,5.0,5.0,,,,31.0,36.0,,,,5.0,0.0,,33.5,5.0,,Co-Ed,,,,,,0.33,0.33279,279.0,6.0,-2.0,0.25,297.0,7.0,-3.0,-0.3344,-0.1444,0.21857,0.35238,4.0,0.3636,7.0,0.71429,0.0,0.71429,,,,,,,,,,,,,,,,,,,,,,,,,,,,,,,,,,,,31.0,4.0,38.0,1.0,2.0,,,,,,3.0,2.0,,,
5.0,Bopper & Mark,TARUS20,4.6,4.6,176.0,4.0,1.0,4.5,174.0,4.0,1.0,10.0,10.0,-0.0655,0.1944,1.0,0.1,4.0,0.4,2.41661,2.75,1.0,0.1,0.0,0.0,2.0,0.2,1.0,0.0,0.0,0.0,0.0,3.0,1.0,9.0,8.0,217.0,3.0,5.0,,,,41.0,45.0,,,,4.0,2.0,,43.0,4.0,,Male,,,,,,0.44,0.43552,209.0,5.0,0.0,0.45536,189.0,5.0,0.0,-0.129,0.1197,0.36123,0.7,5.0,0.5,5.0,1.0,0.0,1.0,,,,,,,,,,,,,,,,,,,,,,,,,,,,,,,,,,,,41.0,5.0,33.0,7.0,2.0,,,,,,3.0,2.0,,,
6.0,Nary & Jamie,TARUS20,5.5,5.5,242.0,6.0,0.0,5.5,237.0,7.0,-1.0,8.0,8.0,-0.274,0.0368,0.0,0.0,0.0,0.0,0.86603,1.0,0.0,0.0,1.0,0.125,1.0,0.125,0.0,0.0,0.0,0.0,0.0,6.0,4.0,7.0,3.0,218.0,4.0,3.0,,,,32.0,33.0,,,,3.5,1.0,,32.5,1.0,,Female,,,,,,0.32,0.31865,288.0,7.0,-1.0,0.38095,229.0,6.0,0.0,-0.3627,-0.1808,0.23463,0.35119,2.0,0.25,6.0,0.7,0.0,0.7,,,,,,,,,,,,,,,,,,,,,,,,,,,,,,,,,,,,32.0,6.0,38.0,8.0,1.0,,,,,,3.0,5.0,,,
7.0,Joey & Danny,TARUS20,5.5,5.5,242.0,6.0,1.0,5.0,191.0,5.0,2.0,6.0,6.0,-0.274,0.0368,0.0,0.0,3.0,0.5,2.98608,4.75,1.0,0.1667,1.0,0.1667,0.0,0.0,0.0,0.0,0.0,0.0,0.0,3.0,2.0,10.0,8.0,219.0,3.0,3.0,,,,29.0,27.0,,,,3.0,0.0,,28.0,2.0,,Male,,,,,,0.44,0.44061,204.0,4.0,3.0,0.46825,185.0,3.0,4.0,-0.1188,0.1328,0.34204,0.61052,3.0,0.5,3.0,0.85714,0.0,0.85714,,,,,,,,,,,,,,,,,,,,,,,,,,,,,,,,,,,,29.0,7.0,54.0,10.0,1.0,,,,,,3.0,7.0,,,
8.0,Kerri & Stacy,TARUS20,6.8,6.8,307.0,8.0,0.0,7.0,293.0,8.0,0.0,5.0,5.0,-0.5751,-0.1909,0.0,0.0,0.0,0.0,0.9798,0.0,0.0,0.0,1.0,0.2,0.0,0.0,0.0,0.0,0.0,0.0,0.0,7.0,5.0,8.0,3.0,220.0,3.0,2.0,,,,30.0,30.0,,,,2.5,1.0,,30.0,0.0,,Female,,,,,,0.27,0.26968,316.0,8.0,0.0,0.25,297.0,7.0,1.0,-0.4606,-0.3067,0.19386,0.25714,1.0,0.2,4.0,0.55556,0.0,0.55556,,,,,,,,,,,,,,,,,,,,,,,,,,,,,,,,,,,,30.0,8.0,60.0,9.0,1.0,,,,,,3.0,5.0,,,
9.0,Elliot & Andrew,TARUS20,8.0,8.0,334.0,9.0,0.0,9.0,341.0,9.0,0.0,3.0,3.0,-0.8531,-0.4011,0.0,0.0,0.0,0.0,1.41421,1.5,0.0,0.0,1.0,0.3333,0.0,0.0,0.0,0.0,0.0,0.0,0.0,9.0,6.0,9.0,3.0,221.0,1.0,2.0,,,,28.0,28.0,,,,1.5,1.0,,28.0,0.0,,Male,,,,,,0.2,0.2037,344.0,9.0,0.0,0.11111,354.0,10.0,-1.0,-0.5926,-0.4763,0.21437,0.25,1.0,0.3333,2.0,0.5,0.0,0.5,,,,,,,,,,,,,,,,,,,,,,,,,,,,,,,,,,,,28.0,9.0,39.0,11.0,2.0,,,,,,3.0,11.0,,,
10.0,Dave & Cherie,TARUS20,9.0,9.0,353.0,10.0,0.0,9.0,341.0,9.0,1.0,2.0,2.0,-1.0847,-0.5762,0.0,0.0,0.0,0.0,1.0,1.0,0.0,0.0,0.0,0.0,0.0,0.0,0.0,0.0,0.0,0.0,0.0,,8.0,10.0,2.0,222.0,1.0,1.0,,,,44.0,44.0,,,,1.0,0.0,,44.0,0.0,,Co-Ed,,,,,,0.15,0.15,357.0,10.0,0.0,0.15,343.0,9.0,1.0,-0.7,-0.6144,0.15,0.15,0.0,0.0,2.0,0.3,0.0,0.3,,,,,,,,,,,,,,,,,,,,,,,,,,,,,,,,,,,,44.0,10.0,45.0,1.0,1.0,,,,,,3.0,4.0,,,
11.0,Misa & Maiya,TARUS20,11.0,11.0,384.0,11.0,0.0,11.0,384.0,11.0,0.0,1.0,1.0,-1.548,-0.9264,0.0,0.0,0.0,0.0,0.0,0.0,0.0,0.0,0.0,0.0,0.0,0.0,0.0,0.0,0.0,0.0,0.0,,11.0,11.0,0.0,223.0,0.0,1.0,,,,25.0,27.0,,,,0.5,1.0,,26.0,2.0,,Female,,,,,,0.0,0.0,385.0,11.0,0.0,0.0,385.0,11.0,0.0,-1.0,-1.0,0.0,0.0,0.0,0.0,1.0,0.0,0.0,0.0,,,,,,,,,,,,,,,,,,,,,,,,,,,,,,,,,,,,25.0,11.0,37.0,3.0,2.0,,,,,,3.0,3.0,,,
1.0,Josh & Brent,TARUS21,4.58,4.58333,175.0,6.0,-5.0,5.0,191.0,5.0,-4.0,12.0,12.0,-0.0745,0.1471,1.0,0.0833,3.0,0.25,1.65622,1.5,0.0,0.0,6.0,0.5,1.0,0.0833,0.0,0.0,0.0,0.0,0.0,5.0,1.0,7.0,6.0,224.0,7.0,7.0,,,,43.0,38.0,,,,7.0,0.0,,40.5,5.0,,Male,,,,,,0.38,0.37586,252.0,8.0,-7.0,0.33333,252.0,8.0,-7.0,-0.2483,-0.1084,0.24873,0.31389,4.0,0.3333,8.0,1.0,0.0,1.0,,,,,,,,,,,,,,,,,,,,,,,,,,,,,,,,,,,,43.0,1.0,56.0,4.0,1.0,,,,,,3.0,1.0,,,
2.0,Jaymes & James,TARUS21,3.58,3.58333,108.0,4.0,-2.0,2.5,48.0,3.0,-1.0,12.0,12.0,0.1601,0.3333,2.0,0.1667,8.0,0.6667,2.56445,3.25,4.0,0.3333,2.0,0.1667,0.0,0.0,0.0,0.0,1.0,0.0,0.0,2.0,1.0,10.0,9.0,225.0,7.0,7.0,,,,30.0,27.0,,,,7.0,0.0,,28.5,3.0,,Male,,,,,,0.59,0.59418,101.0,3.0,-1.0,0.70833,59.0,3.0,-1.0,0.1884,0.4094,0.29697,0.4619,8.0,0.6667,4.0,1.0,0.1,0.9,,,,,,,,,,,,,,,,,,,,,,,,,,,,,,,,,,,,30.0,2.0,37.0,5.0,3.0,,,,,,3.0,2.0,,,
3.0,Trey & Lexi,TARUS21,3.17,3.16667,71.0,2.0,1.0,2.0,9.0,1.0,2.0,12.0,12.0,0.2563,0.4097,3.0,0.25,9.0,0.75,2.44381,1.75,4.0,0.3333,1.0,0.0833,0.0,0.0,0.0,0.0,0.0,0.0,0.0,2.0,1.0,9.0,8.0,226.0,7.0,7.0,,,,23.0,22.0,,,,7.0,0.0,,22.5,1.0,,Co-Ed,,,,,,0.62,0.61723,80.0,2.0,1.0,0.73333,50.0,2.0,1.0,0.2345,0.4641,0.35238,0.61667,8.0,0.6667,4.0,1.0,0.0,1.0,,,,,,,,,,,,,,,,,,,,,,,,,,,,,,,,,,,,23.0,3.0,45.0,6.0,2.0,,,,,,3.0,1.0,,,
4.0,Natalie & Nadiya,TARUS21,3.27,3.27273,85.0,3.0,1.0,3.0,65.0,4.0,0.0,11.0,11.0,0.2328,0.3911,2.0,0.1818,6.0,0.5455,1.35451,1.0,0.0,0.0,0.0,0.0,1.0,0.0909,1.0,0.0,0.0,0.0,0.0,4.0,1.0,6.0,5.0,227.0,6.0,5.0,,,,26.0,26.0,,,,5.5,1.0,,26.0,0.0,,Female,,,,,,0.56,0.55963,123.0,4.0,0.0,0.6,115.0,4.0,0.0,0.1193,0.3275,0.31769,0.26964,8.0,0.7273,3.0,1.0,0.0,1.0,,,,,,,,,,,,,,,,,,,,,,,,,,,,,,,,,,,,26.0,4.0,38.0,11.0,2.0,,,,,,3.0,3.0,,,
5.0,Abbie & Ryan,TARUS21,2.78,2.77778,44.0,1.0,4.0,2.0,9.0,1.0,4.0,9.0,9.0,0.3478,0.4823,2.0,0.2222,5.0,0.5556,1.39665,2.0,3.0,0.3333,0.0,0.0,0.0,0.0,0.0,1.0,0.0,0.0,0.0,4.0,1.0,5.0,4.0,228.0,4.0,6.0,,,,31.0,35.0,,,,5.0,2.0,,33.0,4.0,,Co-Ed,,,,,,0.67,0.66561,47.0,1.0,4.0,0.83333,21.0,1.0,4.0,0.3312,0.5789,0.31635,0.45714,6.0,0.6667,3.0,1.0,0.0,1.0,,,,,,,,,,,,,,,,,,,,,,,,,,,,,,,,,,,,31.0,5.0,34.0,3.0,2.0,,,,,,3.0,6.0,,,
6.0,James & Abba,TARUS21,4.13,4.125,140.0,5.0,1.0,5.0,191.0,5.0,1.0,8.0,8.0,0.0311,0.2309,2.0,0.25,3.0,0.375,2.08791,3.5,0.0,0.0,0.0,0.0,1.0,0.125,1.0,0.0,0.0,0.0,0.0,6.0,1.0,6.0,5.0,229.0,3.0,5.0,,,,53.0,45.0,,,,4.0,2.0,,49.0,8.0,,Male,,,,,,0.53,0.52951,138.0,5.0,1.0,0.5625,134.0,5.0,1.0,0.059,0.256,0.36047,0.41667,5.0,0.625,3.0,1.0,0.0,1.0,,,,,,,,,,,,,,,,,,,,,,,,,,,,,,,,,,,,53.0,6.0,38.0,5.0,5.0,,,,,,3.0,2.0,,,
7.0,Rob & Kelley,TARUS21,6.0,6.0,267.0,7.0,0.0,6.0,251.0,7.0,0.0,6.0,6.0,-0.4076,-0.1173,0.0,0.0,0.0,0.0,1.41421,2.0,0.0,0.0,0.0,0.0,0.0,0.0,0.0,0.0,1.0,0.0,0.0,5.0,4.0,8.0,4.0,230.0,4.0,3.0,,,,46.0,50.0,,,,3.5,1.0,,48.0,4.0,,Co-Ed,,,,,,0.33,0.33347,276.0,9.0,-2.0,0.33929,251.0,7.0,0.0,-0.3331,-0.209,0.19932,0.25298,2.0,0.3333,4.0,0.6,0.0,0.6,,,,,,,,,,,,,,,,,,,,,,,,,,,,,,,,,,,,46.0,7.0,29.0,6.0,1.0,,,,,,3.0,5.0,,,
8.0,Gary & Will,TARUS21,8.25,8.25,344.0,10.0,-2.0,8.0,319.0,10.0,-2.0,4.0,4.0,-0.9355,-0.5363,0.0,0.0,0.0,0.0,0.43301,0.25,0.0,0.0,2.0,0.5,0.0,0.0,0.0,1.0,0.0,0.0,0.0,8.0,8.0,9.0,1.0,231.0,3.0,2.0,,,,52.0,53.0,,,,2.5,1.0,,52.5,1.0,,Male,,,,,,0.13,0.13403,364.0,10.0,-2.0,0.11806,353.0,10.0,-2.0,-0.7319,-0.6821,0.10737,0.08542,0.0,0.0,4.0,0.3,0.0,0.3,,,,,,,,,,,,,,,,,,,,,,,,,,,,,,,,,,,,52.0,8.0,41.0,7.0,3.0,,,,,,3.0,9.0,,,
9.0,Caitlin & Brittany,TARUS21,6.33,6.33333,291.0,9.0,0.0,7.0,293.0,9.0,0.0,3.0,3.0,-0.485,-0.1788,0.0,0.0,1.0,0.3333,2.49444,3.0,0.0,0.0,0.0,0.0,0.0,0.0,0.0,0.0,0.0,0.0,0.0,,3.0,9.0,6.0,232.0,2.0,2.0,,,,24.0,25.0,,,,2.0,0.0,,24.5,1.0,,Female,,,,,,0.38,0.37778,250.0,7.0,2.0,0.33333,252.0,8.0,1.0,-0.2444,-0.1039,0.32811,0.4,1.0,0.3333,2.0,0.8,0.0,0.8,,,,,,,,,,,,,,,,,,,,,,,,,,,,,,,,,,,,24.0,9.0,50.0,9.0,1.0,,,,,,3.0,1.0,,,
10.0,Amy & Daniel,TARUS21,6.0,6.0,267.0,7.0,3.0,6.0,251.0,7.0,3.0,2.0,2.0,-0.4076,-0.1173,0.0,0.0,1.0,0.5,4.0,4.0,1.0,0.5,0.0,0.0,0.0,0.0,0.0,0.0,0.0,0.0,0.0,,2.0,10.0,8.0,233.0,2.0,1.0,,,,32.0,36.0,,,,1.5,1.0,,34.0,4.0,,Co-Ed,,,,,,0.45,0.45,193.0,6.0,4.0,0.45,191.0,6.0,4.0,-0.1,0.0674,0.45,0.45,1.0,0.5,1.0,0.9,0.0,0.9,,,,,,,,,,,,,,,,,,,,,,,,,,,,,,,,,,,,32.0,10.0,33.0,12.0,1.0,,,,,,3.0,3.0,,,
11.0,Rob & Sheila,TARUS21,11.0,11.0,384.0,11.0,0.0,11.0,384.0,11.0,0.0,1.0,1.0,-1.5806,-1.0484,0.0,0.0,0.0,0.0,0.0,0.0,0.0,0.0,0.0,0.0,0.0,0.0,0.0,0.0,0.0,0.0,0.0,,11.0,11.0,0.0,234.0,1.0,1.0,,,,44.0,52.0,,,,1.0,0.0,,48.0,8.0,,Co-Ed,,,,,,0.0,0.0,385.0,11.0,0.0,0.0,385.0,11.0,0.0,-1.0,-1.0,0.0,0.0,0.0,0.0,1.0,0.0,0.0,0.0,,,,,,,,,,,,,,,,,,,,,,,,,,,,,,,,,,,,44.0,11.0,42.0,2.0,2.0,,,,,,3.0,4.0,,,
1.0,Bates & Anthony,TARUS22,2.42,2.41667,17.0,1.0,0.0,2.0,9.0,1.0,0.0,12.0,12.0,0.4506,0.5382,5.0,0.4167,9.0,0.75,1.75396,2.25,3.0,0.25,1.0,0.0833,0.0,0.0,1.0,0.0,1.0,0.0,0.0,1.0,1.0,7.0,6.0,235.0,6.0,6.0,,,,36.0,33.0,,,,6.0,0.0,,34.5,3.0,,Male,,,,,,0.76,0.76151,13.0,1.0,0.0,0.825,26.0,3.0,-2.0,0.523,0.6934,0.26961,0.35714,10.0,0.8333,2.0,1.0,0.25,0.75,,,,,,,,,,,,,,,,,,,,,,,,,,,,,,,,,,,,36.0,1.0,48.0,3.0,1.0,,,,,,3.0,9.0,,,
2.0,Max & Katie,TARUS22,4.25,4.25,150.0,5.0,-3.0,3.0,65.0,4.0,-2.0,12.0,12.0,0.0351,0.1889,3.0,0.25,7.0,0.5833,2.9756,5.5,2.0,0.1667,2.0,0.1667,1.0,0.0833,0.0,0.0,1.0,0.0,0.0,1.0,1.0,9.0,8.0,236.0,7.0,6.0,,,,30.0,24.0,,,,6.5,1.0,,27.0,6.0,,Co-Ed,,,,,,0.54,0.53509,133.0,5.0,-3.0,0.55,143.0,5.0,-3.0,0.0702,0.1899,0.36562,0.70119,7.0,0.5833,5.0,1.0,0.0,1.0,,,,,,,,,,,,,,,,,,,,,,,,,,,,,,,,,,,,30.0,2.0,54.0,4.0,1.0,,,,,,3.0,10.0,,,
3.0,Mona & Beth,TARUS22,4.33,4.33333,159.0,6.0,-3.0,4.5,174.0,7.0,-4.0,12.0,12.0,0.017,0.1737,0.0,0.0,5.0,0.4167,1.64992,3.0,2.0,0.1667,3.0,0.25,1.0,0.0833,0.0,1.0,0.0,0.0,0.0,6.0,2.0,7.0,5.0,237.0,6.0,7.0,,,,33.0,36.0,,,,6.5,1.0,,34.5,3.0,,Female,,,,,,0.4,0.39726,239.0,7.0,-4.0,0.35417,240.0,8.0,-5.0,-0.2055,-0.1166,0.27582,0.3994,4.0,0.3333,8.0,0.83333,0.0,0.83333,,,,,,,,,,,,,,,,,,,,,,,,,,,,,,,,,,,,33.0,3.0,41.0,6.0,2.0,,,,,,3.0,4.0,,,
4.0,Caroline & Jennifer,TARUS22,4.91,4.90909,201.0,8.0,-4.0,4.0,127.0,5.0,-1.0,11.0,11.0,-0.1147,0.063,0.0,0.0,3.0,0.2727,2.02056,2.0,0.0,0.0,1.0,0.0909,0.0,0.0,0.0,0.0,0.0,0.0,0.0,4.0,3.0,10.0,7.0,238.0,6.0,6.0,,,,29.0,30.0,,,,6.0,0.0,,29.5,1.0,,Female,,,,,,0.39,0.38745,245.0,8.0,-4.0,0.4,213.0,7.0,-3.0,-0.2251,-0.1384,0.19077,0.16667,4.0,0.3636,7.0,0.66667,0.0,0.66667,,,,,,,,,,,,,,,,,,,,,,,,,,,,,,,,,,,,29.0,4.0,44.0,8.0,1.0,,,,,,3.0,7.0,,,
5.0,Joey & Meghan,TARUS22,4.7,4.7,184.0,7.0,-2.0,5.0,191.0,8.0,-3.0,10.0,10.0,-0.067,0.1031,0.0,0.0,1.0,0.1,1.1,0.75,1.0,0.1,1.0,0.1,0.0,0.0,0.0,2.0,1.0,0.0,0.0,5.0,2.0,6.0,4.0,239.0,6.0,5.0,,,,21.0,25.0,,,,5.5,1.0,,23.0,4.0,,Co-Ed,,,,,,0.42,0.42357,220.0,6.0,-1.0,0.5,156.0,6.0,-1.0,-0.1529,-0.0581,0.21108,0.20238,6.0,0.6,4.0,0.75,0.0,0.75,,,,,,,,,,,,,,,,,,,,,,,,,,,,,,,,,,,,21.0,5.0,35.0,10.0,2.0,,,,,,3.0,10.0,,,
6.0,Chuck & Wynona,TARUS22,6.13,6.125,278.0,9.0,-3.0,6.5,281.0,9.0,-3.0,8.0,8.0,-0.3917,-0.1698,0.0,0.0,1.0,0.125,1.89984,2.5,0.0,0.0,2.0,0.25,1.0,0.125,0.0,1.0,0.0,0.0,0.0,7.0,3.0,9.0,6.0,240.0,5.0,4.0,,,,46.0,49.0,,,,4.5,1.0,,47.5,3.0,,Co-Ed,,,,,,0.3,0.29876,300.0,9.0,-3.0,0.27143,296.0,9.0,-3.0,-0.4025,-0.3356,0.24624,0.42014,3.0,0.375,5.0,0.66667,0.0,0.66667,,,,,,,,,,,,,,,,,,,,,,,,,,,,,,,,,,,,46.0,6.0,52.0,12.0,1.0,,,,,,3.0,13.0,,,
7.0,Pam & Winnie,TARUS22,4.14,4.14286,142.0,4.0,3.0,4.0,127.0,5.0,2.0,7.0,7.0,0.0601,0.2099,1.0,0.1429,3.0,0.4286,2.69542,3.5,2.0,0.2857,1.0,0.1429,0.0,0.0,0.0,0.0,1.0,0.0,0.0,4.0,1.0,9.0,8.0,241.0,4.0,4.0,,,,29.0,29.0,,,,4.0,0.0,,29.0,0.0,,Female,,,,,,0.59,0.59206,103.0,4.0,3.0,0.7,64.0,4.0,3.0,0.1841,0.3166,0.35842,0.48611,5.0,0.7143,2.0,1.0,0.0,1.0,,,,,,,,,,,,,,,,,,,,,,,,,,,,,,,,,,,,29.0,7.0,34.0,13.0,1.0,,,,,,4.0,3.0,,,
8.0,Dave & Connor,TARUS22,3.0,3.0,54.0,2.0,6.0,2.0,9.0,1.0,7.0,5.0,5.0,0.3189,0.4275,2.0,0.4,4.0,0.8,2.60768,2.0,1.0,0.2,0.0,0.0,0.0,0.0,0.0,0.0,0.0,0.0,0.0,1.0,1.0,8.0,7.0,242.0,1.0,4.0,,,,58.0,21.0,,,,2.5,3.0,,39.5,37.0,,Male,,,,,,0.74,0.73778,20.0,2.0,6.0,0.88889,11.0,1.0,7.0,0.4756,0.6406,0.37644,0.2,4.0,0.8,1.0,1.0,0.0,1.0,,,,,,,,,,,,,,,,,,,,,,,,,,,,,,,,,,,,58.0,8.0,40.0,5.0,2.0,,,,,,4.0,5.0,,,
9.0,Jessica & John,TARUS22,3.75,3.75,121.0,3.0,6.0,2.5,48.0,3.0,6.0,4.0,4.0,0.1486,0.2844,1.0,0.25,3.0,0.75,3.11247,2.75,1.0,0.25,0.0,0.0,0.0,0.0,0.0,0.0,0.0,0.0,0.0,,1.0,9.0,8.0,243.0,2.0,3.0,,,,26.0,27.0,,,,2.5,1.0,,26.5,1.0,,Co-Ed,,,,,,0.66,0.66319,48.0,3.0,6.0,0.82639,25.0,2.0,7.0,0.3264,0.4747,0.39091,0.32292,3.0,0.75,1.0,1.0,0.0,1.0,,,,,,,,,,,,,,,,,,,,,,,,,,,,,,,,,,,,26.0,9.0,60.0,12.0,1.0,,,,,,4.0,3.0,,,
10.0,Idries & Jamil,TARUS22,9.0,9.0,353.0,10.0,0.0,9.0,341.0,10.0,0.0,2.0,2.0,-1.0432,-0.7176,0.0,0.0,0.0,0.0,1.0,1.0,0.0,0.0,0.0,0.0,0.0,0.0,0.0,0.0,0.0,0.0,0.0,,8.0,10.0,2.0,244.0,1.0,2.0,,,,36.0,36.0,,,,1.5,1.0,,36.0,0.0,,Male,,,,,,0.15,0.15,357.0,10.0,0.0,0.15,343.0,10.0,0.0,-0.7,-0.6664,0.15,0.15,0.0,0.0,2.0,0.3,0.0,0.3,,,,,,,,,,,,,,,,,,,,,,,,,,,,,,,,,,,,36.0,10.0,20.0,13.0,1.0,,,,,,4.0,4.0,,,
11.0,Matt & Daniel,TARUS22,11.0,11.0,384.0,11.0,0.0,11.0,384.0,11.0,0.0,1.0,1.0,-1.4973,-1.0992,0.0,0.0,0.0,0.0,0.0,0.0,0.0,0.0,0.0,0.0,0.0,0.0,0.0,0.0,0.0,0.0,0.0,,11.0,11.0,0.0,245.0,1.0,1.0,,,,24.0,25.0,,,,1.0,0.0,,24.5,1.0,,Male,,,,,,0.0,0.0,385.0,11.0,0.0,0.0,385.0,11.0,0.0,-1.0,-1.0,0.0,0.0,0.0,0.0,1.0,0.0,0.0,0.0,,,,,,,,,,,,,,,,,,,,,,,,,,,,,,,,,,,,24.0,11.0,26.0,2.0,6.0,,,,,,4.0,1.0,,,
1.0,Jason & Amy,TARUS23,2.92,2.91667,51.0,2.0,-1.0,2.0,9.0,1.0,0.0,12.0,12.0,0.3223,0.4459,2.0,0.1667,9.0,0.75,1.9773,1.5,6.0,0.5,0.0,0.0,0.0,0.0,0.0,0.0,0.0,0.0,0.0,2.0,1.0,8.0,7.0,246.0,6.0,7.0,,,,33.0,29.0,,,,6.5,1.0,,31.0,4.0,,Co-Ed,,,,,,0.71,0.71207,30.0,1.0,0.0,0.8,28.0,1.0,0.0,0.4241,0.6347,0.22998,0.31994,10.0,0.8333,2.0,1.0,0.3,0.7,,,,,,,,,,,,,,,,,,,,,,,,,,,,,,,,,,,,33.0,1.0,42.0,3.0,1.0,,,,,,4.0,10.0,,,
2.0,Tim & Marie,TARUS23,3.42,3.41667,99.0,3.0,-1.0,2.5,48.0,2.0,0.0,12.0,12.0,0.2062,0.351,3.0,0.25,7.0,0.5833,2.39647,2.5,3.0,0.25,1.0,0.0833,0.0,0.0,0.0,0.0,1.0,0.0,0.0,1.0,1.0,8.0,7.0,247.0,6.0,7.0,,,,32.0,29.0,,,,6.5,1.0,,30.5,3.0,,Co-Ed,,,,,,0.6,0.59937,97.0,3.0,-1.0,0.55,143.0,4.0,-2.0,0.1987,0.376,0.28353,0.39107,8.0,0.6667,4.0,1.0,0.125,0.875,,,,,,,,,,,,,,,,,,,,,,,,,,,,,,,,,,,,32.0,2.0,36.0,5.0,1.0,,,,,,4.0,7.0,,,
3.0,Nicole & Travis,TARUS23,2.58,2.58333,27.0,1.0,2.0,3.0,65.0,3.0,0.0,12.0,12.0,0.4012,0.5104,3.0,0.25,10.0,0.8333,1.03749,1.25,1.0,0.0833,3.0,0.25,0.0,0.0,0.0,0.0,1.0,0.0,0.0,3.0,1.0,4.0,3.0,248.0,7.0,6.0,,,,39.0,43.0,,,,6.5,1.0,,41.0,4.0,,Co-Ed,,,,,,0.63,0.62599,77.0,2.0,1.0,0.69048,70.0,3.0,0.0,0.252,0.4371,0.31848,0.59167,8.0,0.6667,4.0,1.0,0.0,1.0,,,,,,,,,,,,,,,,,,,,,,,,,,,,,,,,,,,,39.0,3.0,66.0,6.0,1.0,,,,,,4.0,5.0,,,
4.0,Leo & Jamal,TARUS23,3.82,3.81818,126.0,4.0,0.0,4.0,127.0,4.0,0.0,11.0,11.0,0.1134,0.2751,2.0,0.1818,4.0,0.3636,1.89824,2.5,1.0,0.0909,0.0,0.0,1.0,0.0909,0.0,2.0,1.0,0.0,0.0,4.0,1.0,7.0,6.0,249.0,6.0,6.0,,,,26.0,26.0,,,,6.0,0.0,,26.0,0.0,,Male,,,,,,0.51,0.50797,152.0,5.0,-1.0,0.4,213.0,6.0,-2.0,0.0159,0.1661,0.33911,0.44742,5.0,0.4545,6.0,1.0,0.0,1.0,,,,,,,,,,,,,,,,,,,,,,,,,,,,,,,,,,,,26.0,4.0,31.0,10.0,2.0,,,,,,4.0,6.0,,,
5.0,Ally & Ashley,TARUS23,6.11,6.11111,277.0,8.0,-3.0,6.0,251.0,8.0,-3.0,9.0,9.0,-0.4181,-0.1594,0.0,0.0,0.0,0.0,0.87489,2.0,0.0,0.0,5.0,0.5556,0.0,0.0,0.0,0.0,0.0,0.0,0.0,7.0,5.0,7.0,2.0,250.0,4.0,6.0,,,,22.0,25.0,,,,5.0,2.0,,23.5,3.0,,Female,,,,,,0.22,0.21508,338.0,10.0,-5.0,0.2,324.0,10.0,-5.0,-0.5698,-0.5062,0.1316,0.10714,1.0,0.1111,8.0,0.5,0.0,0.5,,,,,,,,,,,,,,,,,,,,,,,,,,,,,,,,,,,,22.0,5.0,33.0,11.0,2.0,,,,,,4.0,5.0,,,
6.0,Nicky & Kim,TARUS23,5.38,5.375,234.0,6.0,0.0,5.5,237.0,7.0,-1.0,8.0,8.0,-0.2487,-0.0209,0.0,0.0,2.0,0.25,2.23257,2.75,1.0,0.125,1.0,0.125,2.0,0.25,0.0,1.0,0.0,0.0,0.0,6.0,2.0,9.0,7.0,251.0,5.0,4.0,,,,27.0,32.0,,,,4.5,1.0,,29.5,5.0,,Female,,,,,,0.36,0.35823,264.0,8.0,-2.0,0.34127,250.0,9.0,-3.0,-0.2835,-0.1776,0.3408,0.6375,4.0,0.5,4.0,0.83333,0.0,0.83333,,,,,,,,,,,,,,,,,,,,,,,,,,,,,,,,,,,,27.0,6.0,59.0,12.0,1.0,,,,,,4.0,4.0,,,
7.0,Tim & Danny,TARUS23,6.17,6.16667,284.0,9.0,-2.0,6.0,251.0,8.0,-1.0,6.0,6.0,-0.432,-0.1708,0.0,0.0,0.0,0.0,1.57233,1.5,0.0,0.0,0.0,0.0,0.0,0.0,0.0,0.0,1.0,0.0,0.0,6.0,4.0,9.0,5.0,252.0,3.0,4.0,,,,26.0,25.0,,,,3.5,1.0,,25.5,1.0,,Male,,,,,,0.33,0.33062,280.0,9.0,-2.0,0.35714,239.0,8.0,-1.0,-0.3388,-0.241,0.199,0.21905,1.0,0.1667,5.0,0.625,0.0,0.625,,,,,,,,,,,,,,,,,,,,,,,,,,,,,,,,,,,,26.0,7.0,63.0,13.0,1.0,,,,,,4.0,4.0,,,
8.0,Brandon & Adam,TARUS23,5.4,5.4,235.0,7.0,1.0,5.0,191.0,6.0,2.0,5.0,5.0,-0.2533,-0.0247,1.0,0.2,2.0,0.4,3.2619,5.0,0.0,0.0,1.0,0.2,0.0,0.0,0.0,1.0,0.0,0.0,0.0,,1.0,10.0,9.0,253.0,2.0,4.0,,,,34.0,34.0,,,,3.0,2.0,,34.0,0.0,,Male,,,,,,0.48,0.47556,173.0,6.0,2.0,0.5,156.0,5.0,3.0,-0.0489,0.0917,0.38319,0.67778,3.0,0.6,2.0,1.0,0.0,1.0,,,,,,,,,,,,,,,,,,,,,,,,,,,,,,,,,,,,34.0,8.0,51.0,14.0,1.0,,,,,,4.0,7.0,,,
9.0,Chester & Ephraim,TARUS23,4.67,4.66667,179.0,5.0,4.0,4.0,127.0,4.0,5.0,3.0,3.0,-0.0839,0.1139,1.0,0.3333,1.0,0.3333,3.29983,4.0,0.0,0.0,0.0,0.0,0.0,0.0,0.0,0.0,0.0,0.0,0.0,,1.0,9.0,8.0,254.0,2.0,1.0,,,,33.0,36.0,,,,1.5,1.0,,34.5,3.0,,Male,,,,,,0.57,0.56667,113.0,4.0,5.0,0.7,64.0,2.0,7.0,0.1333,0.3009,0.41899,0.5,2.0,0.6667,1.0,1.0,0.0,1.0,,,,,,,,,,,,,,,,,,,,,,,,,,,,,,,,,,,,33.0,9.0,28.0,2.0,3.0,,,,,,4.0,9.0,,,
10.0,Rowan & Shane,TARUS23,6.5,6.5,295.0,10.0,0.0,6.5,281.0,10.0,0.0,2.0,2.0,-0.5086,-0.2334,0.0,0.0,1.0,0.5,3.5,3.5,0.0,0.0,0.0,0.0,0.0,0.0,0.0,0.0,0.0,0.0,0.0,,3.0,10.0,7.0,255.0,2.0,1.0,,,,56.0,47.0,,,,1.5,1.0,,51.5,9.0,,Male,,,,,,0.4,0.4,237.0,7.0,3.0,0.4,213.0,6.0,4.0,-0.2,-0.0817,0.4,0.4,1.0,0.5,1.0,0.8,0.0,0.8,,,,,,,,,,,,,,,,,,,,,,,,,,,,,,,,,,,,56.0,10.0,47.0,3.0,1.0,,,,,,4.0,1.0,,,
11.0,Hoskote & Naina,TARUS23,11.0,11.0,384.0,11.0,0.0,11.0,384.0,11.0,0.0,1.0,1.0,-1.553,-1.0873,0.0,0.0,0.0,0.0,0.0,0.0,0.0,0.0,0.0,0.0,0.0,0.0,0.0,0.0,0.0,0.0,0.0,,11.0,11.0,0.0,256.0,1.0,1.0,,,,27.0,60.0,,,,1.0,0.0,,43.5,33.0,,Co-Ed,,,,,,0.0,0.0,385.0,11.0,0.0,0.0,385.0,11.0,0.0,-1.0,-1.0,0.0,0.0,0.0,0.0,1.0,0.0,0.0,0.0,,,,,,,,,,,,,,,,,,,,,,,,,,,,,,,,,,,,27.0,11.0,35.0,4.0,1.0,,,,,,4.0,1.0,,,
1.0,Dave & Connor,TARUS24,2.17,2.16667,7.0,1.0,0.0,1.5,8.0,1.0,0.0,12.0,12.0,0.5011,0.6152,6.0,0.5,9.0,0.75,1.28019,2.25,1.0,0.0833,0.0,0.0,0.0,0.0,0.0,1.0,1.0,0.0,0.0,1.0,1.0,4.0,3.0,257.0,5.0,8.0,,,,59.0,22.0,,,,6.5,3.0,,40.5,37.0,,Male,,,,,,0.82,0.82421,4.0,1.0,0.0,0.92857,8.0,1.0,0.0,0.6484,1.0655,0.20852,0.33333,11.0,0.9167,1.0,1.0,0.4,0.6,,,,,,,,,,,,,,,,,,,,,,,,,,,,,,,,,,,,59.0,1.0,60.0,8.0,1.0,,,,,,4.0,9.0,,,
2.0,Caroline & Jennifer,TARUS24,4.25,4.25,150.0,5.0,-3.0,4.0,127.0,5.0,-3.0,12.0,12.0,0.0229,0.2465,0.0,0.0,5.0,0.4167,2.16506,3.25,4.0,0.3333,2.0,0.1667,2.0,0.1667,0.0,0.0,0.0,0.0,0.0,2.0,2.0,9.0,7.0,258.0,7.0,6.0,,,,30.0,31.0,,,,6.5,1.0,,30.5,1.0,,Female,,,,,,0.44,0.43595,208.0,6.0,-4.0,0.4375,199.0,5.0,-3.0,-0.1281,0.0925,0.29687,0.49444,6.0,0.5,6.0,0.85714,0.0,0.85714,,,,,,,,,,,,,,,,,,,,,,,,,,,,,,,,,,,,30.0,2.0,42.0,9.0,3.0,,,,,,4.0,3.0,,,
3.0,Brendon & Rachel,TARUS24,3.75,3.75,121.0,4.0,-1.0,3.0,65.0,3.0,0.0,12.0,12.0,0.1378,0.3351,3.0,0.25,7.0,0.5833,2.55359,3.75,2.0,0.1667,4.0,0.3333,1.0,0.0833,0.0,0.0,1.0,0.0,0.0,1.0,1.0,8.0,7.0,259.0,7.0,6.0,,,,33.0,29.0,,,,6.5,1.0,,31.0,4.0,,Co-Ed,,,,,,0.49,0.48621,166.0,4.0,-1.0,0.33333,252.0,6.0,-3.0,-0.0276,0.2184,0.39332,0.78661,5.0,0.4167,7.0,1.0,0.0,1.0,,,,,,,,,,,,,,,,,,,,,,,,,,,,,,,,,,,,33.0,3.0,27.0,10.0,1.0,,,,,,4.0,5.0,,,
4.0,Leo & Jamal,TARUS24,3.73,3.72727,119.0,3.0,1.0,3.0,65.0,3.0,1.0,11.0,11.0,0.1424,0.3387,1.0,0.0909,6.0,0.5455,1.48268,1.5,0.0,0.0,0.0,0.0,0.0,0.0,0.0,1.0,1.0,0.0,0.0,3.0,1.0,7.0,6.0,260.0,5.0,6.0,,,,27.0,26.0,,,,5.5,1.0,,26.5,1.0,,Male,,,,,,0.54,0.53658,132.0,3.0,1.0,0.57143,130.0,4.0,0.0,0.0732,0.3447,0.2476,0.24048,8.0,0.7273,3.0,1.0,0.0,1.0,,,,,,,,,,,,,,,,,,,,,,,,,,,,,,,,,,,,27.0,4.0,37.0,2.0,2.0,,,,,,4.0,5.0,,,
5.0,Jet & Cord,TARUS24,2.8,2.8,45.0,2.0,3.0,2.0,9.0,2.0,3.0,10.0,10.0,0.3562,0.5035,2.0,0.2,7.0,0.7,1.6,1.75,4.0,0.4,0.0,0.0,0.0,0.0,0.0,1.0,0.0,0.0,0.0,2.0,1.0,6.0,5.0,261.0,5.0,5.0,,,,34.0,33.0,,,,5.0,0.0,,33.5,1.0,,Male,,,,,,0.69,0.69171,38.0,2.0,3.0,0.775,40.0,2.0,3.0,0.3834,0.7334,0.28909,0.31101,8.0,0.8,2.0,1.0,0.0,1.0,,,,,,,,,,,,,,,,,,,,,,,,,,,,,,,,,,,,34.0,5.0,21.0,3.0,2.0,,,,,,4.0,7.0,,,
6.0,Flight Time & Big Easy,TARUS24,5.88,5.875,265.0,7.0,-1.0,6.0,251.0,7.0,-1.0,8.0,8.0,-0.3519,-0.0426,0.0,0.0,0.0,0.0,0.59948,0.25,0.0,0.0,2.0,0.25,0.0,0.0,0.0,0.0,0.0,0.0,0.0,6.0,5.0,7.0,2.0,262.0,5.0,3.0,,,,37.0,32.0,,,,4.0,2.0,,34.5,5.0,,Male,,,,,,0.3,0.29504,302.0,8.0,-2.0,0.28571,287.0,8.0,-2.0,-0.4099,-0.2606,0.17359,0.25833,2.0,0.25,6.0,0.55556,0.0,0.55556,,,,,,,,,,,,,,,,,,,,,,,,,,,,,,,,,,,,37.0,6.0,65.0,9.0,1.0,,,,,,4.0,10.0,,,
7.0,Jessica & John,TARUS24,6.14,6.14286,282.0,8.0,-1.0,7.0,293.0,8.0,-1.0,7.0,7.0,-0.4117,-0.0887,0.0,0.0,1.0,0.1429,1.72615,2.5,0.0,0.0,0.0,0.0,0.0,0.0,0.0,0.0,0.0,0.0,0.0,8.0,3.0,8.0,5.0,263.0,3.0,4.0,,,,27.0,28.0,,,,3.5,1.0,,27.5,1.0,,Co-Ed,,,,,,0.33,0.328,284.0,7.0,0.0,0.3,273.0,7.0,0.0,-0.344,-0.178,0.19293,0.19246,1.0,0.1429,6.0,0.66667,0.0,0.66667,,,,,,,,,,,,,,,,,,,,,,,,,,,,,,,,,,,,27.0,7.0,51.0,11.0,2.0,,,,,,4.0,5.0,,,
8.0,Margie & Luke,TARUS24,5.0,5.0,203.0,6.0,2.0,4.0,127.0,5.0,3.0,5.0,5.0,-0.1496,0.1135,0.0,0.0,1.0,0.2,2.19089,3.0,1.0,0.2,1.0,0.2,0.0,0.0,0.0,0.0,0.0,0.0,0.0,4.0,2.0,8.0,6.0,264.0,2.0,2.0,,,,56.0,28.0,,,,2.0,0.0,,42.0,28.0,,Co-Ed,,,,,,0.47,0.47135,180.0,5.0,3.0,0.625,106.0,3.0,5.0,-0.0573,0.1812,0.34068,0.55714,3.0,0.6,2.0,0.88889,0.0,0.88889,,,,,,,,,,,,,,,,,,,,,,,,,,,,,,,,,,,,56.0,8.0,50.0,2.0,1.0,,,,,,4.0,1.0,,,
9.0,Joey & Meghan,TARUS24,9.33,9.33333,366.0,10.0,-1.0,9.0,341.0,10.0,-1.0,3.0,3.0,-1.1451,-0.6543,0.0,0.0,0.0,0.0,0.4714,0.5,0.0,0.0,2.0,0.6667,0.0,0.0,0.0,0.0,0.0,0.0,0.0,9.0,9.0,10.0,1.0,265.0,2.0,1.0,,,,22.0,26.0,,,,1.5,1.0,,24.0,4.0,,Co-Ed,,,,,,0.07,0.07037,377.0,10.0,-1.0,0.1,361.0,10.0,-1.0,-0.8593,-0.8237,0.04997,0.05556,0.0,0.0,3.0,0.11111,0.0,0.11111,,,,,,,,,,,,,,,,,,,,,,,,,,,,,,,,,,,,22.0,9.0,35.0,3.0,2.0,,,,,,4.0,3.0,,,
10.0,Mark & Mallory,TARUS24,8.0,8.0,334.0,9.0,1.0,8.0,319.0,9.0,1.0,2.0,2.0,-0.8393,-0.4184,0.0,0.0,0.0,0.0,2.0,2.0,0.0,0.0,0.0,0.0,0.0,0.0,0.0,0.0,0.0,0.0,0.0,,6.0,10.0,4.0,266.0,1.0,1.0,,,,47.0,28.0,,,,1.0,0.0,,37.5,19.0,,Co-Ed,,,,,,0.25,0.25,322.0,9.0,1.0,0.25,297.0,9.0,1.0,-0.5,-0.3735,0.25,0.25,1.0,0.5,1.0,0.5,0.0,0.5,,,,,,,,,,,,,,,,,,,,,,,,,,,,,,,,,,,,47.0,10.0,21.0,10.0,3.0,,,,,,4.0,3.0,,,
11.0,Natalie & Nadiya,TARUS24,11.0,11.0,384.0,11.0,0.0,11.0,384.0,11.0,0.0,1.0,1.0,-1.5291,-0.9504,0.0,0.0,0.0,0.0,0.0,0.0,0.0,0.0,0.0,0.0,0.0,0.0,0.0,0.0,0.0,0.0,0.0,,11.0,11.0,0.0,267.0,1.0,0.0,,,,27.0,27.0,,,,0.5,1.0,,27.0,0.0,,Female,,,,,,0.0,0.0,385.0,11.0,0.0,0.0,385.0,11.0,0.0,-1.0,-1.0,0.0,0.0,0.0,0.0,1.0,0.0,0.0,0.0,,,,,,,,,,,,,,,,,,,,,,,,,,,,,,,,,,,,27.0,11.0,35.0,12.0,1.0,,,,,,4.0,9.0,,,
1.0,Amy & Maya,TARUS25,4.5,4.5,171.0,5.0,-4.0,4.0,127.0,4.0,-3.0,12.0,12.0,-0.0453,0.195,1.0,0.0833,3.0,0.25,1.93649,2.25,1.0,0.0833,3.0,0.25,1.0,0.0833,0.0,0.0,0.0,0.0,0.0,4.0,1.0,8.0,7.0,268.0,5.0,5.0,,,,24.0,29.0,,,,5.0,0.0,,26.5,5.0,,Female,,,,,,0.42,0.41832,226.0,6.0,-5.0,0.45,191.0,6.0,-5.0,-0.1634,0.0347,0.26632,0.37024,6.0,0.5,6.0,1.0,0.0,1.0,,,,,,,,,,,,,,,,,,,,,,,,,,,,,,,,,,,,24.0,1.0,43.0,8.0,1.0,,,,,,4.0,5.0,,,
2.0,Misti & Jim,TARUS25,2.58,2.58333,27.0,1.0,1.0,2.0,9.0,1.0,1.0,12.0,12.0,0.4007,0.5385,5.0,0.4167,10.0,0.8333,2.13925,2.0,3.0,0.25,1.0,0.0833,1.0,0.0833,0.0,0.0,0.0,0.0,0.0,1.0,1.0,8.0,7.0,269.0,5.0,5.0,,,,36.0,37.0,,,,5.0,0.0,,36.5,1.0,,Co-Ed,,,,,,0.71,0.70622,32.0,1.0,1.0,0.84444,19.0,1.0,1.0,0.4124,0.7468,0.33322,0.54167,9.0,0.75,3.0,1.0,0.0,1.0,,,,,,,,,,,,,,,,,,,,,,,,,,,,,,,,,,,,36.0,2.0,21.0,9.0,1.0,,,,,,4.0,3.0,,,
3.0,Adam & Bethany,TARUS25,2.83,2.83333,46.0,2.0,1.0,2.0,9.0,1.0,2.0,12.0,12.0,0.3426,0.4937,3.0,0.25,9.0,0.75,1.81812,1.75,4.0,0.3333,3.0,0.25,0.0,0.0,1.0,0.0,0.0,0.0,0.0,2.0,1.0,7.0,6.0,270.0,5.0,4.0,,,,26.0,24.0,,,,4.5,1.0,,25.0,2.0,,Co-Ed,,,,,,0.65,0.65347,55.0,3.0,0.0,0.75,41.0,3.0,0.0,0.3069,0.6163,0.31058,0.57292,8.0,0.6667,4.0,1.0,0.14286,0.85714,,,,,,,,,,,,,,,,,,,,,,,,,,,,,,,,,,,,26.0,3.0,49.0,12.0,1.0,,,,,,4.0,5.0,,,
4.0,Brooke & Robbie,TARUS25,4.08,4.08333,136.0,4.0,0.0,4.0,127.0,4.0,0.0,12.0,12.0,0.0522,0.2701,1.0,0.0833,3.0,0.25,1.65622,1.5,2.0,0.1667,1.0,0.0833,1.0,0.0833,0.0,0.0,0.0,0.0,0.0,4.0,1.0,7.0,6.0,271.0,4.0,4.0,,,,29.0,30.0,,,,4.0,0.0,,29.5,1.0,,Co-Ed,,,,,,0.45,0.44812,195.0,5.0,-1.0,0.3875,226.0,7.0,-3.0,-0.1038,0.1084,0.30605,0.4125,4.0,0.3333,8.0,1.0,0.0,1.0,,,,,,,,,,,,,,,,,,,,,,,,,,,,,,,,,,,,29.0,4.0,44.0,1.0,2.0,,,,,,4.0,2.0,,,
5.0,Kym & Alli,TARUS25,3.11,3.11111,67.0,3.0,2.0,3.0,65.0,3.0,2.0,9.0,9.0,0.2776,0.4436,2.0,0.2222,7.0,0.7778,1.79161,1.0,1.0,0.1111,0.0,0.0,0.0,0.0,0.0,0.0,0.0,0.0,0.0,3.0,1.0,7.0,6.0,272.0,4.0,3.0,,,,30.0,26.0,,,,3.5,1.0,,28.0,4.0,,Female,,,,,,0.65,0.65494,54.0,2.0,3.0,0.77778,34.0,2.0,3.0,0.3099,0.62,0.31471,0.2,7.0,0.7778,2.0,1.0,0.0,1.0,,,,,,,,,,,,,,,,,,,,,,,,,,,,,,,,,,,,30.0,5.0,41.0,4.0,2.0,,,,,,4.0,6.0,,,
6.0,Tim & Te Jay,TARUS25,4.88,4.875,198.0,6.0,0.0,5.0,191.0,7.0,-1.0,8.0,8.0,-0.1336,0.127,0.0,0.0,2.0,0.25,1.76334,2.25,1.0,0.125,1.0,0.125,1.0,0.125,0.0,0.0,0.0,0.0,0.0,5.0,2.0,8.0,6.0,273.0,3.0,3.0,,,,23.0,24.0,,,,3.0,0.0,,23.5,1.0,,Male,,,,,,0.4,0.40293,233.0,7.0,-1.0,0.46429,186.0,5.0,1.0,-0.1941,-0.0034,0.31212,0.50149,4.0,0.5,4.0,0.9,0.0,0.9,,,,,,,,,,,,,,,,,,,,,,,,,,,,,,,,,,,,23.0,6.0,29.0,3.0,3.0,,,,,,4.0,9.0,,,
7.0,Shelley & Nici,TARUS25,6.33,6.33333,291.0,8.0,-1.0,6.5,281.0,8.0,-1.0,6.0,6.0,-0.4704,-0.1324,0.0,0.0,0.0,0.0,1.88562,3.25,0.0,0.0,1.0,0.1667,0.0,0.0,0.0,0.0,1.0,0.0,0.0,4.0,4.0,9.0,5.0,274.0,2.0,2.0,,,,42.0,24.0,,,,2.0,0.0,,33.0,18.0,,Female,,,,,,0.32,0.31554,291.0,8.0,-1.0,0.29286,284.0,8.0,-1.0,-0.3689,-0.2195,0.22499,0.34881,2.0,0.3333,4.0,0.625,0.0,0.625,,,,,,,,,,,,,,,,,,,,,,,,,,,,,,,,,,,,42.0,7.0,24.0,7.0,2.0,,,,,,4.0,10.0,,,
8.0,Keith & Whitney,TARUS25,5.4,5.4,235.0,7.0,1.0,4.0,127.0,4.0,4.0,5.0,5.0,-0.2544,0.034,0.0,0.0,2.0,0.4,2.57682,5.0,0.0,0.0,0.0,0.0,0.0,0.0,0.0,1.0,0.0,0.0,0.0,3.0,3.0,9.0,6.0,275.0,2.0,1.0,,,,29.0,29.0,,,,1.5,1.0,,29.0,0.0,,Co-Ed,,,,,,0.47,0.46619,184.0,4.0,4.0,0.66667,78.0,4.0,4.0,-0.0676,0.1531,0.30675,0.51429,3.0,0.6,2.0,0.75,0.0,0.75,,,,,,,,,,,,,,,,,,,,,,,,,,,,,,,,,,,,29.0,8.0,66.0,8.0,1.0,,,,,,4.0,7.0,,,
9.0,Michael & Scott,TARUS25,8.33,8.33333,345.0,9.0,0.0,9.0,341.0,10.0,-1.0,3.0,3.0,-0.935,-0.4902,0.0,0.0,0.0,0.0,1.69967,2.0,0.0,0.0,1.0,0.3333,0.0,0.0,0.0,0.0,0.0,0.0,0.0,,6.0,10.0,4.0,276.0,0.0,1.0,,,,40.0,39.0,,,,0.5,1.0,,39.5,1.0,,Male,,,,,,0.18,0.18148,352.0,9.0,0.0,0.1,361.0,10.0,-1.0,-0.637,-0.5511,0.19037,0.22222,0.0,0.0,3.0,0.44444,0.0,0.44444,,,,,,,,,,,,,,,,,,,,,,,,,,,,,,,,,,,,40.0,9.0,66.0,4.0,1.0,,,,,,4.0,9.0,,,
10.0,Dennis & Isabelle,TARUS25,8.5,8.5,352.0,10.0,0.0,8.5,339.0,9.0,1.0,2.0,2.0,-0.9745,-0.5206,0.0,0.0,0.0,0.0,1.5,1.5,0.0,0.0,0.0,0.0,0.0,0.0,0.0,0.0,0.0,0.0,0.0,,7.0,10.0,3.0,277.0,1.0,0.0,,,,30.0,28.0,,,,0.5,1.0,,29.0,2.0,,Co-Ed,,,,,,0.2,0.2,346.0,10.0,0.0,0.2,324.0,9.0,1.0,-0.6,-0.5053,0.2,0.2,0.0,0.0,2.0,0.4,0.0,0.4,,,,,,,,,,,,,,,,,,,,,,,,,,,,,,,,,,,,30.0,10.0,26.0,8.0,2.0,,,,,,4.0,2.0,,,
11.0,Lisa & Michelle,TARUS25,11.0,11.0,384.0,11.0,0.0,11.0,384.0,11.0,0.0,1.0,1.0,-1.5552,-0.9678,0.0,0.0,0.0,0.0,0.0,0.0,0.0,0.0,0.0,0.0,0.0,0.0,0.0,0.0,0.0,0.0,0.0,,11.0,11.0,0.0,278.0,1.0,0.0,,,,22.0,28.0,,,,0.5,1.0,,25.0,6.0,,Female,,,,,,0.0,0.0,385.0,11.0,0.0,0.0,385.0,11.0,0.0,-1.0,-1.0,0.0,0.0,0.0,0.0,1.0,0.0,0.0,0.0,,,,,,,,,,,,,,,,,,,,,,,,,,,,,,,,,,,,22.0,11.0,25.0,2.0,2.0,,,,,,4.0,13.0,,,
1.0,Laura & Tyler,TARUS26,3.08,3.08333,60.0,1.0,0.0,3.0,65.0,2.0,-1.0,12.0,12.0,0.295,0.447,3.0,0.25,7.0,0.5833,1.70579,2.25,2.0,0.1667,3.0,0.25,0.0,0.0,0.0,0.0,1.0,0.0,0.0,4.0,1.0,6.0,5.0,279.0,5.0,6.0,,,,29.0,26.0,,,,5.5,1.0,,27.5,3.0,,Co-Ed,,,,,,0.65,0.64788,61.0,2.0,-1.0,0.7125,58.0,2.0,-1.0,0.2958,0.5819,0.3024,0.59524,8.0,0.6667,4.0,1.0,0.16667,0.83333,,,,,,,,,,,,,,,,,,,,,,,,,,,,,,,,,,,,29.0,1.0,19.0,3.0,1.0,,,,,,5.0,7.0,,,
2.0,Jelani & Jenny,TARUS26,3.17,3.16667,71.0,2.0,0.0,3.0,65.0,2.0,0.0,12.0,12.0,0.2744,0.4309,2.0,0.1667,7.0,0.5833,1.67498,2.0,3.0,0.25,0.0,0.0,0.0,0.0,0.0,1.0,0.0,0.0,0.0,4.0,1.0,7.0,6.0,280.0,6.0,5.0,,,,32.0,32.0,,,,5.5,1.0,,32.0,0.0,,Co-Ed,,,,,,0.61,0.60734,87.0,3.0,-1.0,0.61905,114.0,4.0,-2.0,0.2147,0.4829,0.23411,0.35,8.0,0.6667,4.0,1.0,0.25,0.75,,,,,,,,,,,,,,,,,,,,,,,,,,,,,,,,,,,,32.0,2.0,39.0,4.0,1.0,,,,,,5.0,8.0,,,
3.0,Hayley & Blair,TARUS26,3.33,3.33333,90.0,3.0,0.0,2.5,48.0,1.0,2.0,12.0,12.0,0.2378,0.4022,3.0,0.25,9.0,0.75,2.56038,1.75,3.0,0.25,1.0,0.0833,0.0,0.0,0.0,0.0,0.0,0.0,0.0,2.0,1.0,9.0,8.0,281.0,5.0,6.0,,,,28.0,31.0,,,,5.5,1.0,,29.5,3.0,,Co-Ed,,,,,,0.66,0.65608,51.0,1.0,2.0,0.675,75.0,3.0,0.0,0.3122,0.6019,0.29517,0.50149,8.0,0.6667,4.0,1.0,0.11111,0.88889,,,,,,,,,,,,,,,,,,,,,,,,,,,,,,,,,,,,28.0,3.0,39.0,7.0,1.0,,,,,,5.0,4.0,,,
4.0,Mike & Rochelle,TARUS26,4.75,4.75,188.0,5.0,-1.0,4.5,174.0,5.0,-1.0,12.0,12.0,-0.0872,0.1472,1.0,0.0833,3.0,0.25,1.92029,2.5,0.0,0.0,4.0,0.3333,1.0,0.0833,0.0,0.0,1.0,0.0,0.0,4.0,1.0,8.0,7.0,282.0,6.0,4.0,,,,26.0,29.0,,,,5.0,2.0,,27.5,3.0,,Co-Ed,,,,,,0.33,0.32973,282.0,8.0,-4.0,0.23611,308.0,9.0,-5.0,-0.3405,-0.1949,0.27427,0.23929,3.0,0.25,9.0,1.0,0.0,1.0,,,,,,,,,,,,,,,,,,,,,,,,,,,,,,,,,,,,26.0,4.0,11.0,10.0,1.0,,,,,,5.0,5.0,,,
5.0,Matt & Ashley,TARUS26,4.9,4.9,200.0,6.0,-1.0,5.0,191.0,6.0,-1.0,10.0,10.0,-0.1215,0.1203,1.0,0.1,3.0,0.3,2.54755,4.25,2.0,0.2,1.0,0.1,1.0,0.1,0.0,0.0,1.0,0.0,0.0,2.0,1.0,9.0,8.0,283.0,5.0,3.0,,,,30.0,28.0,,,,4.0,2.0,,29.0,2.0,,Co-Ed,,,,,,0.42,0.41905,225.0,7.0,-2.0,0.35417,240.0,7.0,-2.0,-0.1619,0.0231,0.34294,0.58125,4.0,0.4,6.0,1.0,0.0,1.0,,,,,,,,,,,,,,,,,,,,,,,,,,,,,,,,,,,,30.0,5.0,36.0,6.0,1.0,,,,,,5.0,6.0,,,
6.0,Aly & Steve,TARUS26,3.75,3.75,121.0,4.0,2.0,3.5,118.0,4.0,2.0,8.0,8.0,0.1417,0.3268,1.0,0.125,4.0,0.5,1.71391,2.5,1.0,0.125,0.0,0.0,1.0,0.125,0.0,1.0,0.0,0.0,0.0,3.0,1.0,6.0,5.0,284.0,3.0,3.0,,,,24.0,31.0,,,,3.0,0.0,,27.5,7.0,,Co-Ed,,,,,,0.57,0.57014,108.0,4.0,2.0,0.725,53.0,1.0,5.0,0.1403,0.392,0.3538,0.41667,6.0,0.75,2.0,1.0,0.0,1.0,,,,,,,,,,,,,,,,,,,,,,,,,,,,,,,,,,,,24.0,6.0,45.0,8.0,2.0,,,,,,5.0,3.0,,,
7.0,Jeff & Jackie,TARUS26,5.17,5.16667,213.0,7.0,0.0,5.5,237.0,7.0,0.0,6.0,6.0,-0.1833,0.0718,0.0,0.0,2.0,0.3333,2.11476,3.25,1.0,0.1667,1.0,0.1667,0.0,0.0,0.0,0.0,0.0,0.0,0.0,,2.0,8.0,6.0,285.0,2.0,2.0,,,,26.0,27.0,,,,2.0,0.0,,26.5,1.0,,Co-Ed,,,,,,0.45,0.44729,197.0,6.0,1.0,0.47222,184.0,6.0,1.0,-0.1054,0.0921,0.3117,0.45585,3.0,0.5,3.0,0.9,0.0,0.9,,,,,,,,,,,,,,,,,,,,,,,,,,,,,,,,,,,,26.0,7.0,37.0,12.0,1.0,,,,,,5.0,3.0,,,
8.0,Bergen & Kurt,TARUS26,5.4,5.4,235.0,8.0,0.0,6.0,251.0,8.0,0.0,5.0,5.0,-0.236,0.0305,1.0,0.2,1.0,0.2,2.41661,2.0,0.0,0.0,0.0,0.0,0.0,0.0,0.0,0.0,0.0,0.0,0.0,,1.0,8.0,7.0,286.0,2.0,0.0,,,,23.0,24.0,,,,1.0,2.0,,23.5,1.0,,Male,,,,,,0.46,0.46111,189.0,5.0,3.0,0.5,156.0,5.0,3.0,-0.0778,0.1258,0.33407,0.30556,3.0,0.6,2.0,1.0,0.0,1.0,,,,,,,,,,,,,,,,,,,,,,,,,,,,,,,,,,,,23.0,8.0,54.0,7.0,1.0,,,,,,5.0,7.0,,,
9.0,Harley & Jonathan,TARUS26,6.75,6.75,306.0,9.0,0.0,7.0,293.0,9.0,0.0,4.0,4.0,-0.545,-0.2118,0.0,0.0,0.0,0.0,2.27761,4.25,0.0,0.0,0.0,0.0,1.0,0.25,0.0,0.0,0.0,0.0,0.0,9.0,4.0,9.0,5.0,287.0,1.0,1.0,,,,41.0,46.0,,,,1.0,0.0,,43.5,5.0,,Male,,,,,,0.32,0.31667,290.0,9.0,0.0,0.3,273.0,8.0,1.0,-0.3667,-0.2268,0.31754,0.61667,2.0,0.5,2.0,0.66667,0.0,0.66667,,,,,,,,,,,,,,,,,,,,,,,,,,,,,,,,,,,,41.0,9.0,41.0,10.0,1.0,,,,,,5.0,5.0,,,
10.0,Libby & CJ,TARUS26,10.0,10.0,376.0,10.0,0.0,10.0,374.0,10.0,0.0,2.0,2.0,-1.2888,-0.7953,0.0,0.0,0.0,0.0,0.0,0.0,0.0,0.0,1.0,0.5,0.0,0.0,0.0,0.0,0.0,0.0,0.0,10.0,10.0,10.0,0.0,288.0,1.0,0.0,,,,25.0,26.0,,,,0.5,1.0,,25.5,1.0,,Co-Ed,,,,,,0.05,0.05,378.0,10.0,0.0,0.05,378.0,10.0,0.0,-0.9,-0.8779,0.05,0.05,0.0,0.0,2.0,0.1,0.0,0.1,,,,,,,,,,,,,,,,,,,,,,,,,,,,,,,,,,,,25.0,10.0,68.0,3.0,1.0,,,,,,5.0,10.0,,,
11.0,Jeff & Lyda,TARUS26,11.0,11.0,384.0,11.0,0.0,11.0,384.0,11.0,0.0,1.0,1.0,-1.5177,-0.9749,0.0,0.0,0.0,0.0,0.0,0.0,0.0,0.0,0.0,0.0,0.0,0.0,0.0,1.0,0.0,0.0,0.0,,11.0,11.0,0.0,289.0,0.0,0.0,,,,49.0,57.0,,,,0.0,0.0,,53.0,8.0,,Co-Ed,,,,,,0.0,0.0,385.0,11.0,0.0,0.0,385.0,11.0,0.0,-1.0,-1.0,0.0,0.0,0.0,0.0,1.0,0.0,0.0,0.0,,,,,,,,,,,,,,,,,,,,,,,,,,,,,,,,,,,,49.0,11.0,65.0,10.0,1.0,,,,,,5.0,1.0,,,
1.0,Kelsey & Joey,TARUS27,3.33,3.33333,90.0,3.0,-2.0,2.5,48.0,2.0,-1.0,12.0,12.0,0.2378,0.4022,1.0,0.0833,8.0,0.6667,2.0548,2.0,5.0,0.4167,0.0,0.0,0.0,0.0,0.0,0.0,1.0,0.0,0.0,2.0,1.0,8.0,7.0,290.0,6.0,6.0,,,,25.0,26.0,,,,6.0,0.0,,25.5,1.0,,Co-Ed,,,,,,0.67,0.67024,44.0,2.0,-1.0,0.70833,59.0,3.0,-1.0,0.3405,0.6526,0.19405,0.22857,10.0,0.8333,2.0,1.0,0.3,0.7,,,,,,,,,,,,,,,,,,,,,,,,,,,,,,,,,,,,25.0,1.0,21.0,11.0,1.0,,,,,,5.0,7.0,,,
2.0,Justin & Diana,TARUS27,2.08,2.08333,5.0,1.0,1.0,1.0,1.0,1.0,1.0,12.0,12.0,0.5239,0.6266,7.0,0.5833,11.0,0.9167,2.17786,1.0,3.0,0.25,1.0,0.0833,0.0,0.0,0.0,0.0,1.0,0.0,0.0,1.0,1.0,9.0,8.0,291.0,6.0,6.0,,,,39.0,30.0,,,,6.0,0.0,,34.5,9.0,,Co-Ed,,,,,,0.81,0.81379,6.0,1.0,1.0,1.0,1.0,1.0,1.0,0.6276,1.0065,0.28201,0.23214,10.0,0.8333,2.0,1.0,0.2,0.8,,,,,,,,,,,,,,,,,,,,,,,,,,,,,,,,,,,,39.0,2.0,21.0,1.0,2.0,,,,,,5.0,1.0,,,
3.0,Logan & Chris,TARUS27,4.33,4.33333,159.0,5.0,-2.0,4.5,174.0,4.0,-1.0,12.0,12.0,0.0089,0.2226,1.0,0.0833,3.0,0.25,1.43372,1.5,0.0,0.0,2.0,0.1667,0.0,0.0,0.0,1.0,0.0,0.0,0.0,5.0,1.0,6.0,5.0,292.0,6.0,6.0,,,,36.0,46.0,,,,6.0,0.0,,41.0,10.0,,Co-Ed,,,,,,0.42,0.42401,219.0,5.0,-2.0,0.36667,233.0,6.0,-3.0,-0.152,0.0455,0.25523,0.32321,5.0,0.4167,7.0,1.0,0.0,1.0,,,,,,,,,,,,,,,,,,,,,,,,,,,,,,,,,,,,36.0,3.0,48.0,2.0,1.0,,,,,,5.0,4.0,,,
4.0,Tiffany & Krista,TARUS27,5.27,5.27273,223.0,6.0,-2.0,5.0,191.0,6.0,-2.0,11.0,11.0,-0.2062,0.0539,0.0,0.0,3.0,0.2727,2.37758,3.5,1.0,0.0909,3.0,0.2727,1.0,0.0909,0.0,0.0,0.0,0.0,0.0,8.0,2.0,10.0,8.0,293.0,5.0,6.0,,,,28.0,28.0,,,,5.5,1.0,,28.0,0.0,,Female,,,,,,0.34,0.33618,273.0,8.0,-4.0,0.4,213.0,5.0,-1.0,-0.3276,-0.1711,0.26155,0.35972,3.0,0.2727,8.0,0.83333,0.0,0.83333,,,,,,,,,,,,,,,,,,,,,,,,,,,,,,,,,,,,28.0,4.0,22.0,4.0,1.0,,,,,,5.0,9.0,,,
5.0,Denise & James Earl,TARUS27,4.3,4.3,158.0,4.0,1.0,4.5,174.0,4.0,1.0,10.0,10.0,0.0158,0.228,1.0,0.1,4.0,0.4,1.73494,2.75,0.0,0.0,2.0,0.2,1.0,0.1,0.0,0.0,0.0,0.0,0.0,3.0,1.0,7.0,6.0,294.0,4.0,6.0,,,,51.0,26.0,,,,5.0,2.0,,38.5,25.0,,Co-Ed,,,,,,0.45,0.45337,192.0,4.0,1.0,0.4875,183.0,4.0,1.0,-0.0933,0.1179,0.33438,0.53571,5.0,0.5,5.0,1.0,0.0,1.0,,,,,,,,,,,,,,,,,,,,,,,,,,,,,,,,,,,,51.0,5.0,63.0,11.0,1.0,,,,,,5.0,8.0,,,
6.0,Tanner & Josh,TARUS27,3.22,3.22222,82.0,2.0,4.0,3.0,65.0,3.0,3.0,9.0,9.0,0.263,0.4219,2.0,0.2222,5.0,0.5556,1.81217,2.0,2.0,0.2222,0.0,0.0,1.0,0.1111,0.0,1.0,0.0,0.0,0.0,1.0,1.0,6.0,5.0,295.0,4.0,5.0,,,,26.0,28.0,,,,4.5,1.0,,27.0,2.0,,Male,,,,,,0.61,0.6067,88.0,3.0,3.0,0.71429,55.0,2.0,4.0,0.2134,0.4959,0.36852,0.38889,7.0,0.7778,2.0,1.0,0.0,1.0,,,,,,,,,,,,,,,,,,,,,,,,,,,,,,,,,,,,26.0,6.0,35.0,1.0,2.0,,,,,,5.0,2.0,,,
7.0,Cindy & Rick,TARUS27,5.57,5.57143,247.0,7.0,0.0,5.0,191.0,6.0,1.0,7.0,7.0,-0.2749,0.0,0.0,0.0,1.0,0.1429,1.39971,2.0,0.0,0.0,1.0,0.1429,0.0,0.0,0.0,0.0,0.0,0.0,0.0,5.0,3.0,7.0,4.0,296.0,3.0,5.0,,,,36.0,38.0,,,,4.0,2.0,,37.0,2.0,,Co-Ed,,,,,,0.36,0.35862,263.0,7.0,0.0,0.33333,252.0,7.0,0.0,-0.2828,-0.1158,0.24672,0.29563,2.0,0.2857,5.0,0.8,0.0,0.8,,,,,,,,,,,,,,,,,,,,,,,,,,,,,,,,,,,,36.0,7.0,52.0,10.0,1.0,,,,,,5.0,7.0,,,
8.0,Jazmine & Danielle,TARUS27,5.8,5.8,258.0,8.0,0.0,7.0,293.0,8.0,0.0,5.0,5.0,-0.3275,-0.0413,0.0,0.0,1.0,0.2,2.4,4.0,1.0,0.2,1.0,0.2,0.0,0.0,0.0,0.0,0.0,0.0,0.0,8.0,2.0,8.0,6.0,297.0,2.0,2.0,,,,23.0,23.0,,,,2.0,0.0,,23.0,0.0,,Female,,,,,,0.38,0.37802,249.0,6.0,2.0,0.22222,313.0,9.0,-1.0,-0.244,-0.0679,0.33345,0.48214,2.0,0.4,3.0,0.9,0.0,0.9,,,,,,,,,,,,,,,,,,,,,,,,,,,,,,,,,,,,23.0,8.0,21.0,2.0,1.0,,,,,,5.0,11.0,,,
9.0,Ernest & Jin,TARUS27,8.33,8.33333,345.0,10.0,-1.0,9.0,341.0,10.0,-1.0,3.0,3.0,-0.9066,-0.4955,0.0,0.0,0.0,0.0,0.94281,1.0,0.0,0.0,1.0,0.3333,0.0,0.0,0.0,0.0,0.0,0.0,0.0,9.0,7.0,9.0,2.0,298.0,1.0,1.0,,,,29.0,26.0,,,,1.0,0.0,,27.5,3.0,,Male,,,,,,0.17,0.17037,354.0,10.0,-1.0,0.11111,354.0,10.0,-1.0,-0.6593,-0.5799,0.16859,0.2,0.0,0.0,3.0,0.4,0.0,0.4,,,,,,,,,,,,,,,,,,,,,,,,,,,,,,,,,,,,29.0,9.0,30.0,9.0,1.0,,,,,,5.0,4.0,,,
10.0,Alex & Adam,TARUS27,8.0,8.0,334.0,9.0,1.0,8.0,319.0,9.0,1.0,2.0,2.0,-0.8311,-0.4363,0.0,0.0,0.0,0.0,2.0,2.0,0.0,0.0,0.0,0.0,0.0,0.0,0.0,0.0,0.0,0.0,0.0,,6.0,10.0,4.0,299.0,1.0,0.0,,,,22.0,24.0,,,,0.5,1.0,,23.0,2.0,,Male,,,,,,0.25,0.25,322.0,9.0,1.0,0.25,297.0,8.0,2.0,-0.5,-0.3836,0.25,0.25,1.0,0.5,1.0,0.5,0.0,0.5,,,,,,,,,,,,,,,,,,,,,,,,,,,,,,,,,,,,22.0,10.0,59.0,10.0,1.0,,,,,,5.0,1.0,,,
11.0,Kelly & Shevonne,TARUS27,11.0,11.0,384.0,11.0,0.0,11.0,384.0,11.0,0.0,1.0,1.0,-1.5177,-0.9749,0.0,0.0,0.0,0.0,0.0,0.0,0.0,0.0,0.0,0.0,0.0,0.0,0.0,0.0,0.0,0.0,0.0,,11.0,11.0,0.0,300.0,0.0,0.0,,,,31.0,37.0,,,,0.0,0.0,,34.0,6.0,,Co-Ed,,,,,,0.0,0.0,385.0,11.0,0.0,0.0,385.0,11.0,0.0,-1.0,-1.0,0.0,0.0,0.0,0.0,1.0,0.0,0.0,0.0,,,,,,,,,,,,,,,,,,,,,,,,,,,,,,,,,,,,31.0,11.0,41.0,12.0,1.0,,,,,,5.0,6.0,,,
1.0,Dana & Matt,TARUS28,3.17,3.16667,71.0,3.0,-2.0,3.5,118.0,4.0,-3.0,12.0,12.0,0.3053,0.4268,2.0,0.1667,6.0,0.5,1.21335,1.25,1.0,0.0833,1.0,0.0833,0.0,0.0,0.0,0.0,0.0,0.0,0.0,4.0,1.0,5.0,4.0,301.0,7.0,7.0,,,,29.0,30.0,,,,7.0,0.0,,29.5,1.0,,Co-Ed,,,,,,0.63,0.63313,71.0,4.0,-3.0,0.66667,78.0,4.0,-3.0,0.2663,0.4747,0.22198,0.22321,10.0,0.8333,2.0,1.0,0.2,0.8,,,,,,,,,,,,,,,,,,,,,,,,,,,,,,,,,,,,29.0,1.0,20.0,3.0,2.0,,,,,,5.0,6.0,,,
2.0,Sheri & Cole,TARUS28,5.58,5.58333,249.0,6.0,-4.0,6.0,251.0,6.0,-4.0,12.0,12.0,-0.2228,-0.009,0.0,0.0,3.0,0.25,2.09993,3.25,1.0,0.0833,3.0,0.25,2.0,0.1667,0.0,0.0,1.0,0.0,0.0,7.0,2.0,9.0,7.0,302.0,7.0,7.0,,,,45.0,19.0,,,,7.0,0.0,,32.0,26.0,,Co-Ed,,,,,,0.28,0.2795,310.0,8.0,-6.0,0.275,294.0,8.0,-6.0,-0.441,-0.349,0.17506,0.1754,2.0,0.1667,10.0,0.6,0.0,0.6,,,,,,,,,,,,,,,,,,,,,,,,,,,,,,,,,,,,45.0,2.0,37.0,8.0,1.0,,,,,,5.0,1.0,,,
3.0,Tyler & Korey,TARUS28,2.42,2.41667,17.0,1.0,2.0,2.0,9.0,1.0,2.0,12.0,12.0,0.4697,0.5624,5.0,0.4167,10.0,0.8333,1.75396,2.0,3.0,0.25,2.0,0.1667,0.0,0.0,0.0,0.0,0.0,0.0,0.0,1.0,1.0,6.0,5.0,303.0,7.0,7.0,,,,26.0,30.0,,,,7.0,0.0,,28.0,4.0,,Male,,,,,,0.72,0.71644,28.0,2.0,1.0,0.89444,9.0,1.0,2.0,0.4329,0.6688,0.36764,0.50833,9.0,0.75,3.0,1.0,0.0,1.0,,,,,,,,,,,,,,,,,,,,,,,,,,,,,,,,,,,,26.0,3.0,20.0,2.0,2.0,,,,,,5.0,9.0,,,
4.0,Burnie & Ashley,TARUS28,3.27,3.27273,85.0,4.0,0.0,3.0,65.0,3.0,1.0,11.0,11.0,0.2834,0.4087,0.0,0.0,7.0,0.6364,1.48268,2.0,5.0,0.4545,0.0,0.0,0.0,0.0,0.0,0.0,0.0,0.0,0.0,2.0,2.0,6.0,4.0,304.0,6.0,6.0,,,,42.0,33.0,,,,6.0,0.0,,37.5,9.0,,Co-Ed,,,,,,0.64,0.63683,68.0,3.0,1.0,0.77778,34.0,3.0,1.0,0.2737,0.4833,0.25893,0.2375,9.0,0.8182,2.0,0.83333,0.0,0.83333,,,,,,,,,,,,,,,,,,,,,,,,,,,,,,,,,,,,42.0,4.0,23.0,5.0,2.0,,,,,,5.0,5.0,,,
5.0,Brodie & Kurt,TARUS28,2.6,2.6,31.0,2.0,3.0,2.0,9.0,1.0,4.0,10.0,10.0,0.4302,0.5298,4.0,0.4,7.0,0.7,1.68523,3.5,2.0,0.2,1.0,0.1,0.0,0.0,0.0,1.0,0.0,0.0,0.0,1.0,1.0,5.0,4.0,305.0,6.0,5.0,,,,28.0,30.0,,,,5.5,1.0,,29.0,2.0,,Male,,,,,,0.72,0.72238,24.0,1.0,4.0,0.87857,13.0,2.0,3.0,0.4448,0.6826,0.34217,0.38333,8.0,0.8,2.0,1.0,0.0,1.0,,,,,,,,,,,,,,,,,,,,,,,,,,,,,,,,,,,,28.0,5.0,20.0,7.0,1.0,,,,,,5.0,10.0,,,
6.0,Zach & Rachel,TARUS28,4.67,4.66667,179.0,5.0,1.0,5.0,191.0,5.0,1.0,9.0,9.0,-0.0234,0.1555,1.0,0.1111,3.0,0.3333,2.16025,3.0,0.0,0.0,1.0,0.1111,0.0,0.0,0.0,0.0,0.0,0.0,0.0,3.0,1.0,9.0,8.0,306.0,6.0,4.0,,,,25.0,25.0,,,,5.0,2.0,,25.0,0.0,,Co-Ed,,,,,,0.49,0.48959,164.0,5.0,1.0,0.5,156.0,5.0,1.0,-0.0208,0.1404,0.29498,0.26667,5.0,0.5556,4.0,1.0,0.0,1.0,,,,,,,,,,,,,,,,,,,,,,,,,,,,,,,,,,,,25.0,6.0,45.0,11.0,1.0,,,,,,5.0,1.0,,,
7.0,Scott & Blair,TARUS28,7.43,7.42857,321.0,9.0,-2.0,8.0,319.0,9.0,-2.0,7.0,7.0,-0.6282,-0.3436,0.0,0.0,0.0,0.0,2.19461,2.5,0.0,0.0,1.0,0.1429,1.0,0.1429,0.0,0.0,0.0,0.0,0.0,8.0,4.0,11.0,7.0,307.0,4.0,3.0,,,,58.0,22.0,,,,3.5,1.0,,40.0,36.0,,Co-Ed,,,,,,0.21,0.20743,343.0,10.0,-3.0,0.2,324.0,9.0,-2.0,-0.5851,-0.5168,0.18573,0.21528,1.0,0.1429,6.0,0.57143,0.0,0.57143,,,,,,,,,,,,,,,,,,,,,,,,,,,,,,,,,,,,58.0,7.0,25.0,5.0,3.0,,,,,,5.0,5.0,,,
8.0,Erin & Joslyn,TARUS28,7.2,7.2,315.0,8.0,0.0,7.0,293.0,7.0,1.0,5.0,5.0,-0.5778,-0.302,0.0,0.0,0.0,0.0,1.72047,2.0,0.0,0.0,1.0,0.2,0.0,0.0,0.0,0.0,0.0,0.0,0.0,,5.0,10.0,5.0,308.0,3.0,2.0,,,,31.0,33.0,,,,2.5,1.0,,32.0,2.0,,Female,,,,,,0.28,0.28167,309.0,7.0,1.0,0.33333,252.0,7.0,1.0,-0.4367,-0.3439,0.21216,0.275,1.0,0.2,4.0,0.6,0.0,0.6,,,,,,,,,,,,,,,,,,,,,,,,,,,,,,,,,,,,31.0,8.0,25.0,8.0,2.0,,,,,,5.0,10.0,,,
9.0,Brittany & Jessica,TARUS28,7.0,7.0,308.0,7.0,2.0,7.0,293.0,7.0,2.0,4.0,4.0,-0.534,-0.2658,0.0,0.0,0.0,0.0,1.41421,1.0,0.0,0.0,0.0,0.0,0.0,0.0,0.0,0.0,0.0,0.0,0.0,7.0,5.0,9.0,4.0,309.0,3.0,1.0,,,,26.0,28.0,,,,2.0,2.0,,27.0,2.0,,Female,,,,,,0.34,0.33889,271.0,6.0,3.0,0.4,213.0,6.0,3.0,-0.3222,-0.2106,0.20571,0.13889,1.0,0.25,3.0,0.55556,0.0,0.55556,,,,,,,,,,,,,,,,,,,,,,,,,,,,,,,,,,,,26.0,9.0,33.0,2.0,2.0,,,,,,5.0,10.0,,,
10.0,Darius & Cameron,TARUS28,8.0,8.0,334.0,10.0,0.0,10.0,374.0,11.0,-1.0,3.0,3.0,-0.7531,-0.4467,0.0,0.0,0.0,0.0,2.82843,3.0,0.0,0.0,1.0,0.3333,0.0,0.0,0.0,0.0,0.0,0.0,0.0,10.0,4.0,10.0,6.0,310.0,2.0,1.0,,,,22.0,19.0,,,,1.5,1.0,,20.5,3.0,,Male,,,,,,0.27,0.26667,317.0,9.0,1.0,0.1,361.0,11.0,-1.0,-0.4667,-0.3789,0.30912,0.35,1.0,0.3333,2.0,0.7,0.0,0.7,,,,,,,,,,,,,,,,,,,,,,,,,,,,,,,,,,,,22.0,10.0,62.0,5.0,1.0,,,,,,5.0,13.0,,,
11.0,Marty & Hagan,TARUS28,9.5,9.5,367.0,11.0,0.0,9.5,365.0,10.0,1.0,2.0,2.0,-1.0819,-0.7179,0.0,0.0,0.0,0.0,1.5,1.5,0.0,0.0,0.0,0.0,0.0,0.0,0.0,0.0,0.0,0.0,0.0,,8.0,11.0,3.0,311.0,1.0,1.0,,,,22.0,51.0,,,,1.0,0.0,,36.5,29.0,,Female,,,,,,0.15,0.15,357.0,11.0,0.0,0.15,343.0,10.0,1.0,-0.7,-0.6506,0.15,0.15,0.0,0.0,2.0,0.3,0.0,0.3,,,,,,,,,,,,,,,,,,,,,,,,,,,,,,,,,,,,22.0,11.0,19.0,6.0,1.0,,,,,,6.0,2.0,,,
1.0,Brooke & Scott,TARUS29,4.08,4.08333,136.0,4.0,-3.0,4.0,127.0,4.0,-3.0,12.0,12.0,0.0449,0.2514,2.0,0.1667,4.0,0.3333,1.9347,3.25,1.0,0.0833,3.0,0.25,0.0,0.0,0.0,0.0,1.0,0.0,0.0,4.0,1.0,7.0,6.0,312.0,5.0,6.0,,,,36.0,34.0,,,,5.5,1.0,,35.0,2.0,,Co-Ed,,,,,,0.51,0.51353,149.0,5.0,-4.0,0.42222,207.0,6.0,-5.0,0.0271,0.2358,0.28401,0.4,5.0,0.4167,7.0,1.0,0.14286,0.85714,,,,,,,,,,,,,,,,,,,,,,,,,,,,,,,,,,,,36.0,1.0,45.0,5.0,1.0,,,,,,6.0,4.0,,,
2.0,Tara & Joey,TARUS29,3.08,3.08333,60.0,2.0,0.0,3.0,65.0,3.0,-1.0,12.0,12.0,0.279,0.4349,3.0,0.25,9.0,0.75,1.89113,1.75,2.0,0.1667,1.0,0.0833,1.0,0.0833,0.0,0.0,2.0,0.0,0.0,3.0,1.0,7.0,6.0,313.0,5.0,6.0,,,,38.0,46.0,,,,5.5,1.0,,42.0,8.0,,Co-Ed,,,,,,0.61,0.60903,86.0,3.0,-1.0,0.55,143.0,4.0,-2.0,0.2181,0.4656,0.30157,0.44792,9.0,0.75,3.0,1.0,0.0,1.0,,,,,,,,,,,,,,,,,,,,,,,,,,,,,,,,,,,,38.0,2.0,52.0,11.0,1.0,,,,,,6.0,8.0,,,
3.0,London & Logan,TARUS29,4.83,4.83333,194.0,7.0,-4.0,5.0,191.0,6.0,-3.0,12.0,12.0,-0.1307,0.1138,0.0,0.0,3.0,0.25,1.77169,1.5,1.0,0.0833,3.0,0.25,0.0,0.0,0.0,0.0,0.0,0.0,0.0,5.0,2.0,8.0,6.0,314.0,6.0,5.0,,,,27.0,27.0,,,,5.5,1.0,,27.0,0.0,,Co-Ed,,,,,,0.33,0.33062,280.0,8.0,-5.0,0.31667,271.0,7.0,-4.0,-0.3388,-0.2044,0.17252,0.22976,3.0,0.25,9.0,0.66667,0.0,0.66667,,,,,,,,,,,,,,,,,,,,,,,,,,,,,,,,,,,,27.0,3.0,49.0,6.0,1.0,,,,,,6.0,8.0,,,
4.0,Matt & Redmond,TARUS29,2.55,2.54545,26.0,1.0,3.0,2.0,9.0,1.0,3.0,11.0,11.0,0.403,0.5321,2.0,0.1818,8.0,0.7273,1.07565,1.5,4.0,0.3636,0.0,0.0,0.0,0.0,0.0,1.0,0.0,0.0,0.0,2.0,1.0,4.0,3.0,315.0,6.0,5.0,,,,25.0,28.0,,,,5.5,1.0,,26.5,3.0,,Male,,,,,,0.73,0.72644,22.0,1.0,3.0,0.8,28.0,1.0,3.0,0.4529,0.7482,0.26087,0.14583,10.0,0.9091,1.0,1.0,0.0,1.0,,,,,,,,,,,,,,,,,,,,,,,,,,,,,,,,,,,,25.0,4.0,21.0,8.0,1.0,,,,,,6.0,2.0,,,
5.0,Becca & Floyd,TARUS29,3.4,3.4,98.0,3.0,2.0,2.5,48.0,2.0,3.0,10.0,10.0,0.204,0.3761,2.0,0.2,6.0,0.6,2.15407,3.0,3.0,0.3,2.0,0.2,0.0,0.0,1.0,1.0,0.0,0.0,0.0,2.0,1.0,8.0,7.0,316.0,4.0,4.0,,,,26.0,21.0,,,,4.0,0.0,,23.5,5.0,,Co-Ed,,,,,,0.61,0.61044,84.0,2.0,3.0,0.73333,50.0,2.0,3.0,0.2209,0.469,0.35596,0.6004,7.0,0.7,3.0,1.0,0.0,1.0,,,,,,,,,,,,,,,,,,,,,,,,,,,,,,,,,,,,26.0,5.0,27.0,9.0,1.0,,,,,,6.0,11.0,,,
6.0,Liz & Michael,TARUS29,4.75,4.75,188.0,6.0,0.0,5.0,191.0,6.0,0.0,8.0,8.0,-0.112,0.1284,2.0,0.25,3.0,0.375,2.90474,3.75,0.0,0.0,1.0,0.125,2.0,0.25,0.0,1.0,1.0,0.0,0.0,1.0,1.0,10.0,9.0,317.0,4.0,3.0,,,,24.0,37.0,,,,3.5,1.0,,30.5,13.0,,Co-Ed,,,,,,0.41,0.41429,228.0,7.0,-1.0,0.3,273.0,8.0,-2.0,-0.1714,-0.003,0.4179,0.78571,4.0,0.5,4.0,1.0,0.0,1.0,,,,,,,,,,,,,,,,,,,,,,,,,,,,,,,,,,,,24.0,6.0,43.0,3.0,1.0,,,,,,6.0,11.0,,,
7.0,Vanck & Ashton,TARUS29,4.83,4.83333,194.0,7.0,0.0,5.0,191.0,6.0,1.0,6.0,6.0,-0.1307,0.1138,0.0,0.0,2.0,0.3333,1.95078,3.5,1.0,0.1667,0.0,0.0,0.0,0.0,0.0,1.0,1.0,0.0,0.0,7.0,2.0,7.0,5.0,318.0,3.0,2.0,,,,28.0,25.0,,,,2.5,1.0,,26.5,3.0,,Co-Ed,,,,,,0.47,0.47077,181.0,6.0,1.0,0.45,191.0,5.0,2.0,-0.0585,0.1329,0.29284,0.37321,3.0,0.5,3.0,0.88889,0.0,0.88889,,,,,,,,,,,,,,,,,,,,,,,,,,,,,,,,,,,,28.0,7.0,36.0,9.0,1.0,,,,,,6.0,11.0,,,
8.0,Shamir & Sara,TARUS29,7.25,7.25,316.0,9.0,-1.0,7.5,315.0,9.0,-1.0,4.0,4.0,-0.6973,-0.3303,0.0,0.0,0.0,0.0,1.47902,1.75,0.0,0.0,1.0,0.25,0.0,0.0,0.0,0.0,0.0,0.0,0.0,,5.0,9.0,4.0,319.0,2.0,1.0,,,,28.0,27.0,,,,1.5,1.0,,27.5,1.0,,Co-Ed,,,,,,0.24,0.24028,329.0,9.0,-1.0,0.18056,340.0,9.0,-1.0,-0.5194,-0.4218,0.22578,0.25417,1.0,0.25,3.0,0.6,0.0,0.6,,,,,,,,,,,,,,,,,,,,,,,,,,,,,,,,,,,,28.0,8.0,60.0,11.0,1.0,,,,,,6.0,3.0,,,
9.0,Seth & Olive,TARUS29,4.67,4.66667,179.0,5.0,4.0,4.0,127.0,4.0,5.0,3.0,3.0,-0.0933,0.1431,1.0,0.3333,1.0,0.3333,3.29983,4.0,0.0,0.0,0.0,0.0,0.0,0.0,0.0,1.0,0.0,0.0,0.0,,1.0,9.0,8.0,320.0,1.0,1.0,,,,37.0,24.0,,,,1.0,0.0,,30.5,13.0,,Co-Ed,,,,,,0.56,0.55556,125.0,4.0,5.0,0.66667,78.0,3.0,6.0,0.1111,0.337,0.41574,0.5,2.0,0.6667,1.0,1.0,0.0,1.0,,,,,,,,,,,,,,,,,,,,,,,,,,,,,,,,,,,,37.0,9.0,24.0,3.0,1.0,,,,,,6.0,11.0,,,
10.0,Jessie & Francesca,TARUS29,9.5,9.5,367.0,10.0,0.0,9.5,365.0,10.0,0.0,2.0,2.0,-1.224,-0.7431,0.0,0.0,0.0,0.0,0.5,0.5,0.0,0.0,0.0,0.0,0.0,0.0,0.0,0.0,0.0,0.0,0.0,,9.0,10.0,1.0,321.0,0.0,1.0,,,,28.0,33.0,,,,0.5,1.0,,30.5,5.0,,Female,,,,,,0.1,0.1,368.0,10.0,0.0,0.1,361.0,10.0,0.0,-0.8,-0.7593,0.1,0.1,0.0,0.0,2.0,0.2,0.0,0.2,,,,,,,,,,,,,,,,,,,,,,,,,,,,,,,,,,,,28.0,10.0,57.0,11.0,1.0,,,,,,6.0,7.0,,,
11.0,Kevin & Jenn,TARUS29,11.0,11.0,384.0,11.0,0.0,11.0,384.0,11.0,0.0,1.0,1.0,-1.5751,-1.0183,0.0,0.0,0.0,0.0,0.0,0.0,0.0,0.0,0.0,0.0,0.0,0.0,0.0,0.0,0.0,0.0,0.0,,11.0,11.0,0.0,322.0,0.0,0.0,,,,25.0,31.0,,,,0.0,0.0,,28.0,6.0,,Co-Ed,,,,,,0.0,0.0,385.0,11.0,0.0,0.0,385.0,11.0,0.0,-1.0,-1.0,0.0,0.0,0.0,0.0,1.0,0.0,0.0,0.0,,,,,,,,,,,,,,,,,,,,,,,,,,,,,,,,,,,,25.0,11.0,28.0,6.0,1.0,,,,,,6.0,7.0,,,
1.0,Cody & Jessica,TARUS30,3.27,3.27273,85.0,3.0,-2.0,2.0,9.0,1.0,0.0,11.0,12.0,0.2626,0.4293,2.0,0.1818,6.0,0.5455,1.86308,3.0,4.0,0.3636,3.0,0.2727,1.0,0.0909,0.0,1.0,1.0,0.0,0.0,2.0,1.0,6.0,5.0,323.0,6.0,3.0,,,,33.0,28.0,,,,4.5,3.0,,30.5,5.0,,Co-Ed,,,,,,0.59,0.59188,104.0,3.0,-2.0,0.66667,78.0,2.0,-2.0,0.1838,0.489,0.3123,0.61964,7.0,0.6364,4.0,1.0,0.16667,0.83333,,,,,,,,,,,,,,,,,,,,,,,,,,,,,,,,,,,,33.0,1.0,38.0,7.0,2.0,,,,,,7.0,11.0,,,
2.0,Henry & Evan,TARUS30,3.55,3.54545,105.0,4.0,-2.0,3.0,65.0,1.0,1.0,11.0,12.0,0.1994,0.3805,2.0,0.1818,6.0,0.5455,1.97086,1.5,1.0,0.0909,0.0,0.0,1.0,0.0909,0.0,1.0,0.0,0.0,0.0,3.0,1.0,8.0,7.0,324.0,4.0,5.0,,,,22.0,22.0,,,,4.5,1.0,,22.0,0.0,,Co-Ed,,,,,,0.55,0.54867,129.0,4.0,-2.0,0.5,156.0,5.0,-3.0,0.0973,0.3803,0.29382,0.34583,7.0,0.6364,4.0,1.0,0.0,1.0,,,,,,,,,,,,,,,,,,,,,,,,,,,,,,,,,,,,22.0,2.0,24.0,10.0,1.0,,,,,,7.0,10.0,,,
3.0,Kristi & Jen,TARUS30,2.36,2.36364,12.0,1.0,2.0,3.0,65.0,1.0,2.0,11.0,12.0,0.4678,0.5881,2.0,0.1818,11.0,1.0,0.77139,1.0,3.0,0.2727,2.0,0.1818,1.0,0.0909,0.0,0.0,0.0,0.0,0.0,3.0,1.0,3.0,2.0,325.0,5.0,4.0,,,,36.0,30.0,,,,4.5,1.0,,33.0,6.0,,Female,,,,,,0.67,0.66833,46.0,1.0,2.0,0.75,41.0,1.0,2.0,0.3367,0.6813,0.29789,0.2869,8.0,0.7273,3.0,1.0,0.0,1.0,,,,,,,,,,,,,,,,,,,,,,,,,,,,,,,,,,,,36.0,3.0,37.0,11.0,1.0,,,,,,7.0,8.0,,,
4.0,Alex & Conor,TARUS30,3.1,3.1,65.0,2.0,2.0,3.5,118.0,1.0,3.0,10.0,11.0,0.3009,0.459,3.0,0.3,5.0,0.5,1.64012,3.5,1.0,0.1,0.0,0.0,0.0,0.0,0.0,0.0,1.0,0.0,0.0,5.0,1.0,5.0,4.0,326.0,4.0,4.0,,,,26.0,25.0,,,,4.0,0.0,,25.5,1.0,,Male,,,,,,0.66,0.65591,52.0,2.0,2.0,0.6,115.0,3.0,2.0,0.3118,0.6501,0.30426,0.45486,8.0,0.8,2.0,1.0,0.0,1.0,,,,,,,,,,,,,,,,,,,,,,,,,,,,,,,,,,,,26.0,4.0,19.0,2.0,1.0,,,,,,7.0,5.0,,,
5.0,Lucas & Brittany,TARUS30,5.13,5.125,211.0,5.0,0.0,5.5,237.0,6.0,-1.0,8.0,9.0,-0.1569,0.1047,2.0,0.25,2.0,0.25,2.61904,3.25,0.0,0.0,2.0,0.25,0.0,0.0,0.0,0.0,1.0,0.0,0.0,8.0,1.0,8.0,7.0,327.0,3.0,3.0,,,,35.0,31.0,,,,3.0,0.0,,33.0,4.0,,Co-Ed,,,,,,0.43,0.42847,215.0,6.0,-1.0,0.36667,233.0,7.0,-1.0,-0.1431,0.0779,0.35902,0.45833,2.0,0.25,6.0,1.0,0.0,1.0,,,,,,,,,,,,,,,,,,,,,,,,,,,,,,,,,,,,35.0,5.0,33.0,4.0,1.0,,,,,,7.0,2.0,,,
6.0,Eric & Daniel,TARUS30,6.0,6.0,267.0,7.0,-1.0,7.0,293.0,8.0,-2.0,7.0,8.0,-0.3531,-0.0471,0.0,0.0,2.0,0.2857,2.39046,3.0,1.0,0.1429,1.0,0.1429,0.0,0.0,0.0,0.0,0.0,0.0,0.0,7.0,2.0,9.0,7.0,328.0,3.0,3.0,,,,33.0,33.0,,,,3.0,0.0,,33.0,0.0,,Male,,,,,,0.35,0.35125,266.0,8.0,-2.0,0.25,297.0,8.0,-2.0,-0.2975,-0.1164,0.28495,0.32659,2.0,0.2857,5.0,0.83333,0.0,0.83333,,,,,,,,,,,,,,,,,,,,,,,,,,,,,,,,,,,,33.0,6.0,19.0,10.0,1.0,,,,,,7.0,3.0,,,
7.0,Trevor & Chris,TARUS30,5.17,5.16667,213.0,6.0,1.0,4.5,174.0,5.0,2.0,6.0,6.0,-0.1942,0.0882,0.0,0.0,0.0,0.0,1.34371,2.5,0.0,0.0,1.0,0.1667,0.0,0.0,0.0,1.0,0.0,0.0,0.0,4.0,4.0,7.0,3.0,329.0,3.0,3.0,,,,31.0,33.0,,,,3.0,0.0,,32.0,2.0,,Male,,,,,,0.44,0.43909,205.0,5.0,2.0,0.5625,134.0,4.0,3.0,-0.1218,0.1046,0.2704,0.42411,4.0,0.6667,2.0,0.7,0.0,0.7,,,,,,,,,,,,,,,,,,,,,,,,,,,,,,,,,,,,31.0,7.0,46.0,2.0,1.0,,,,,,7.0,10.0,,,
8.0,Joey & Tim,TARUS30,6.2,6.2,285.0,8.0,0.0,6.0,251.0,7.0,1.0,5.0,5.0,-0.4321,-0.0935,0.0,0.0,0.0,0.0,1.32665,1.0,0.0,0.0,0.0,0.0,0.0,0.0,0.0,0.0,0.0,0.0,0.0,6.0,4.0,8.0,4.0,330.0,2.0,3.0,,,,33.0,41.0,,,,2.5,1.0,,37.0,8.0,,Male,,,,,,0.37,0.36667,257.0,7.0,1.0,0.375,230.0,6.0,1.0,-0.2667,-0.0776,0.20983,0.16667,2.0,0.4,3.0,0.625,0.0,0.625,,,,,,,,,,,,,,,,,,,,,,,,,,,,,,,,,,,,33.0,8.0,33.0,10.0,2.0,,,,,,7.0,6.0,,,
9.0,Cedric & Shawn,TARUS30,7.25,7.25,316.0,9.0,0.0,9.0,341.0,9.0,0.0,4.0,4.0,-0.6746,-0.2787,0.0,0.0,1.0,0.25,3.03109,1.75,1.0,0.25,0.0,0.0,1.0,0.25,0.0,0.0,0.0,0.0,0.0,9.0,2.0,9.0,7.0,331.0,2.0,2.0,,,,48.0,39.0,,,,2.0,0.0,,43.5,9.0,,Male,,,,,,0.27,0.27222,315.0,9.0,0.0,0.1,361.0,9.0,0.0,-0.4556,-0.3152,0.36528,0.37222,1.0,0.25,3.0,0.88889,0.0,0.88889,,,,,,,,,,,,,,,,,,,,,,,,,,,,,,,,,,,,48.0,9.0,44.0,6.0,2.0,,,,,,7.0,11.0,,,
10.0,April & Sarah,TARUS30,10.0,10.0,376.0,10.0,0.0,10.0,374.0,10.0,0.0,2.0,2.0,-1.3099,-0.7637,0.0,0.0,0.0,0.0,0.0,0.0,0.0,0.0,1.0,0.5,0.0,0.0,0.0,0.0,0.0,0.0,0.0,10.0,10.0,10.0,0.0,332.0,0.0,2.0,,,,39.0,39.0,,,,1.0,2.0,,39.0,0.0,,Female,,,,,,0.05,0.05,378.0,10.0,0.0,0.05,378.0,10.0,0.0,-0.9,-0.8742,0.05,0.05,0.0,0.0,2.0,0.1,0.0,0.1,,,,,,,,,,,,,,,,,,,,,,,,,,,,,,,,,,,,39.0,10.0,35.0,9.0,1.0,,,,,,7.0,4.0,,,
11.0,Dessie & Kayla,TARUS30,11.0,11.0,384.0,11.0,0.0,11.0,384.0,11.0,0.0,1.0,1.0,-1.5408,-0.94,0.0,0.0,0.0,0.0,0.0,0.0,0.0,0.0,0.0,0.0,0.0,0.0,0.0,0.0,0.0,0.0,0.0,,11.0,11.0,0.0,333.0,1.0,0.0,,,,27.0,26.0,,,,0.5,1.0,,26.5,1.0,,Female,,,,,,0.0,0.0,385.0,11.0,0.0,0.0,385.0,11.0,0.0,-1.0,-1.0,0.0,0.0,0.0,0.0,1.0,0.0,0.0,0.0,,,,,,,,,,,,,,,,,,,,,,,,,,,,,,,,,,,,27.0,11.0,34.0,10.0,1.0,,,,,,7.0,10.0,,,
1.0,Colin & Christie,TARUS31,2.42,2.41667,17.0,1.0,0.0,2.5,48.0,2.0,-1.0,12.0,12.0,0.4615,0.5806,3.0,0.25,10.0,0.8333,1.03749,1.25,3.0,0.25,1.0,0.0833,0.0,0.0,0.0,1.0,0.0,0.0,0.0,3.0,1.0,4.0,3.0,334.0,6.0,6.0,,,,38.0,40.0,,,,6.0,0.0,,39.0,2.0,,Co-Ed,,,,,,0.76,0.76012,14.0,1.0,0.0,0.79167,31.0,1.0,0.0,0.5202,0.9255,0.21183,0.25833,10.0,0.8333,2.0,1.0,0.33333,0.66667,,,,,,,,,,,,,,,,,,,,,,,,,,,,,,,,,,,,38.0,1.0,47.0,1.0,1.0,,,,,,7.0,3.0,,,
2.0,Tyler & Korey,TARUS31,2.75,2.75,38.0,2.0,0.0,2.0,9.0,1.0,1.0,12.0,12.0,0.3881,0.5234,4.0,0.3333,8.0,0.6667,1.83144,3.0,3.0,0.25,0.0,0.0,0.0,0.0,0.0,1.0,0.0,0.0,0.0,1.0,1.0,7.0,6.0,335.0,6.0,6.0,,,,29.0,33.0,,,,6.0,0.0,,31.0,4.0,,Male,,,,,,0.73,0.72887,21.0,2.0,0.0,0.70833,59.0,2.0,0.0,0.4577,0.8464,0.22365,0.44643,11.0,0.9167,1.0,1.0,0.33333,0.66667,,,,,,,,,,,,,,,,,,,,,,,,,,,,,,,,,,,,29.0,2.0,38.0,3.0,2.0,,,,,,8.0,1.0,,,
3.0,Leo & Jamal,TARUS31,4.25,4.25,150.0,5.0,-2.0,4.5,174.0,5.0,-2.0,12.0,12.0,0.0543,0.2634,3.0,0.25,5.0,0.4167,2.34965,3.5,0.0,0.0,4.0,0.3333,0.0,0.0,0.0,0.0,1.0,0.0,0.0,1.0,1.0,8.0,7.0,336.0,7.0,5.0,,,,31.0,31.0,,,,6.0,2.0,,31.0,0.0,,Male,,,,,,0.44,0.44127,202.0,5.0,-2.0,0.33036,269.0,6.0,-3.0,-0.1175,0.1178,0.35231,0.46429,5.0,0.4167,7.0,1.0,0.0,1.0,,,,,,,,,,,,,,,,,,,,,,,,,,,,,,,,,,,,31.0,3.0,59.0,11.0,1.0,,,,,,8.0,5.0,,,
4.0,Nicole & Victor,TARUS31,3.82,3.81818,126.0,3.0,1.0,4.0,127.0,3.0,1.0,11.0,11.0,0.15,0.338,0.0,0.0,5.0,0.4545,1.69589,3.0,4.0,0.3636,1.0,0.0909,1.0,0.0909,0.0,1.0,1.0,0.0,0.0,2.0,2.0,7.0,5.0,337.0,5.0,6.0,,,,25.0,27.0,,,,5.5,1.0,,26.0,2.0,,Co-Ed,,,,,,0.52,0.51501,147.0,4.0,0.0,0.5,156.0,4.0,0.0,0.03,0.3046,0.32492,0.54583,6.0,0.5455,5.0,0.88889,0.0,0.88889,,,,,,,,,,,,,,,,,,,,,,,,,,,,,,,,,,,,25.0,4.0,27.0,12.0,2.0,,,,,,8.0,8.0,,,
5.0,Becca & Floyd,TARUS31,4.0,4.0,132.0,4.0,1.0,4.0,127.0,3.0,2.0,10.0,10.0,0.11,0.3068,2.0,0.2,4.0,0.4,2.19089,2.0,0.0,0.0,1.0,0.1,0.0,0.0,0.0,2.0,1.0,0.0,0.0,5.0,1.0,9.0,8.0,338.0,5.0,5.0,,,,28.0,23.0,,,,5.0,0.0,,25.5,5.0,,Co-Ed,,,,,,0.55,0.55313,127.0,3.0,2.0,0.6,115.0,3.0,2.0,0.1063,0.4012,0.30684,0.20982,7.0,0.7,3.0,1.0,0.0,1.0,,,,,,,,,,,,,,,,,,,,,,,,,,,,,,,,,,,,28.0,5.0,29.0,13.0,1.0,,,,,,8.0,3.0,,,
6.0,Chris & Bret,TARUS31,5.22,5.22222,218.0,6.0,0.0,6.0,251.0,6.0,0.0,9.0,9.0,-0.1615,0.0953,0.0,0.0,3.0,0.3333,2.43939,4.0,2.0,0.2222,1.0,0.1111,1.0,0.1111,0.0,0.0,0.0,0.0,0.0,2.0,2.0,9.0,7.0,339.0,5.0,5.0,,,,40.0,44.0,,,,5.0,0.0,,42.0,4.0,,Male,,,,,,0.42,0.42231,222.0,6.0,0.0,0.4,213.0,5.0,1.0,-0.1554,0.0698,0.32493,0.58333,4.0,0.4444,5.0,0.85714,0.0,0.85714,,,,,,,,,,,,,,,,,,,,,,,,,,,,,,,,,,,,40.0,6.0,37.0,4.0,2.0,,,,,,8.0,6.0,,,
7.0,Rachel & Elissa,TARUS31,6.13,6.125,278.0,7.0,0.0,7.0,293.0,8.0,-1.0,8.0,8.0,-0.364,-0.0624,0.0,0.0,1.0,0.125,1.76334,2.5,0.0,0.0,2.0,0.25,1.0,0.125,0.0,1.0,1.0,0.0,0.0,7.0,3.0,8.0,5.0,340.0,4.0,5.0,,,,33.0,32.0,,,,4.5,1.0,,32.5,1.0,,Female,,,,,,0.29,0.29112,305.0,8.0,-1.0,0.19643,334.0,9.0,-2.0,-0.4178,-0.2625,0.27986,0.33125,2.0,0.25,6.0,0.77778,0.0,0.77778,,,,,,,,,,,,,,,,,,,,,,,,,,,,,,,,,,,,33.0,7.0,55.0,6.0,1.0,,,,,,8.0,11.0,,,
8.0,Janelle & Britney,TARUS31,6.67,6.66667,303.0,8.0,0.0,6.5,281.0,7.0,1.0,6.0,6.0,-0.4841,-0.156,0.0,0.0,0.0,0.0,1.10554,1.75,0.0,0.0,0.0,0.0,0.0,0.0,0.0,0.0,0.0,0.0,0.0,8.0,5.0,8.0,3.0,341.0,5.0,2.0,,,,38.0,30.0,,,,3.5,3.0,,34.0,8.0,,Female,,,,,,0.29,0.29438,303.0,7.0,1.0,0.29286,284.0,8.0,0.0,-0.4112,-0.2543,0.16505,0.09732,1.0,0.1667,5.0,0.55556,0.0,0.55556,,,,,,,,,,,,,,,,,,,,,,,,,,,,,,,,,,,,38.0,8.0,55.0,8.0,1.0,,,,,,8.0,11.0,,,
9.0,Corinne & Eliza,TARUS31,7.25,7.25,316.0,9.0,0.0,7.5,315.0,9.0,0.0,4.0,4.0,-0.6132,-0.2565,0.0,0.0,0.0,0.0,1.78536,3.25,0.0,0.0,0.0,0.0,0.0,0.0,0.0,0.0,0.0,0.0,0.0,9.0,5.0,9.0,4.0,342.0,2.0,3.0,,,,39.0,35.0,,,,2.5,1.0,,37.0,4.0,,Female,,,,,,0.29,0.28611,308.0,9.0,0.0,0.32222,270.0,7.0,2.0,-0.4278,-0.2752,0.20006,0.30833,1.0,0.25,3.0,0.5,0.0,0.5,,,,,,,,,,,,,,,,,,,,,,,,,,,,,,,,,,,,39.0,9.0,46.0,10.0,1.0,,,,,,8.0,2.0,,,
10.0,Rupert & Laura,TARUS31,10.0,10.0,376.0,10.0,0.0,10.0,374.0,10.0,0.0,2.0,2.0,-1.2251,-0.7331,0.0,0.0,0.0,0.0,0.0,0.0,0.0,0.0,1.0,0.5,0.0,0.0,0.0,0.0,0.0,0.0,0.0,10.0,10.0,10.0,0.0,343.0,2.0,1.0,,,,54.0,49.0,,,,1.5,1.0,,51.5,5.0,,Co-Ed,,,,,,0.05,0.05,378.0,10.0,0.0,0.05,378.0,10.0,0.0,-0.9,-0.8733,0.05,0.05,0.0,0.0,2.0,0.1,0.0,0.1,,,,,,,,,,,,,,,,,,,,,,,,,,,,,,,,,,,,54.0,10.0,23.0,13.0,1.0,,,,,,8.0,8.0,,,
11.0,Art & JJ,TARUS31,11.0,11.0,384.0,11.0,0.0,11.0,384.0,11.0,0.0,1.0,1.0,-1.4476,-0.9064,0.0,0.0,0.0,0.0,0.0,0.0,0.0,0.0,0.0,0.0,0.0,0.0,0.0,0.0,0.0,0.0,0.0,,11.0,11.0,0.0,344.0,1.0,1.0,,,,49.0,49.0,,,,1.0,0.0,,49.0,0.0,,Male,,,,,,0.0,0.0,385.0,11.0,0.0,0.0,385.0,11.0,0.0,-1.0,-1.0,0.0,0.0,0.0,0.0,1.0,0.0,0.0,0.0,,,,,,,,,,,,,,,,,,,,,,,,,,,,,,,,,,,,49.0,11.0,36.0,8.0,1.0,,,,,,8.0,8.0,,,
1.0,Will & James,TARUS32,2.58,2.58333,27.0,2.0,-1.0,2.0,9.0,1.0,0.0,12.0,11.0,0.4095,0.545,4.0,0.3333,8.0,0.6667,1.55233,3.0,3.0,0.25,0.0,0.0,0.0,0.0,0.0,0.0,1.0,0.0,1.0,1.0,1.0,6.0,5.0,345.0,6.0,5.0,,,,30.0,31.0,,,,5.5,1.0,,30.5,1.0,,Male,,,,,,0.75,0.75271,16.0,2.0,-1.0,0.725,53.0,2.0,-1.0,0.5054,0.9029,0.19835,0.40714,11.0,0.9167,1.0,1.0,0.44444,0.55556,,,,,,,,,,,,,,,,,,,,,,,,,,,,,,,,,,,,30.0,1.0,49.0,9.0,1.0,,,,,,8.0,5.0,,,
2.0,Hung & Chee,TARUS32,2.83,2.83333,46.0,3.0,-1.0,3.0,65.0,3.0,-1.0,12.0,11.0,0.3523,0.5009,2.0,0.1667,9.0,0.75,1.34371,1.25,3.0,0.25,1.0,0.0833,0.0,0.0,0.0,0.0,0.0,0.0,0.0,3.0,1.0,6.0,5.0,346.0,5.0,6.0,,,,39.0,38.0,,,,5.5,1.0,,38.5,1.0,,Co-Ed,,,,,,0.62,0.62371,78.0,3.0,-1.0,0.58333,127.0,3.0,-1.0,0.2474,0.5768,0.24728,0.46161,8.0,0.6667,4.0,1.0,0.28571,0.71429,,,,,,,,,,,,,,,,,,,,,,,,,,,,,,,,,,,,39.0,2.0,34.0,11.0,1.0,,,,,,8.0,3.0,,,
3.0,Riley & Maddison,TARUS32,2.17,2.16667,7.0,1.0,2.0,2.0,9.0,1.0,2.0,12.0,11.0,0.5033,0.6173,5.0,0.4167,10.0,0.8333,1.14261,2.0,2.0,0.1667,0.0,0.0,0.0,0.0,0.0,0.0,0.0,0.0,1.0,1.0,1.0,4.0,3.0,347.0,6.0,5.0,,,,31.0,29.0,,,,5.5,1.0,,30.0,2.0,,Male,,,,,,0.79,0.78674,9.0,1.0,2.0,0.83333,21.0,1.0,2.0,0.5735,0.989,0.27741,0.26042,11.0,0.9167,1.0,1.0,0.0,1.0,,,,,,,,,,,,,,,,,,,,,,,,,,,,,,,,,,,,31.0,3.0,28.0,12.0,1.0,,,,,,9.0,12.0,,,
4.0,Gary & DeAngelo,TARUS32,4.27,4.27273,155.0,4.0,0.0,4.0,127.0,4.0,0.0,11.0,10.0,0.0227,0.2469,1.0,0.0909,4.0,0.3636,2.41551,2.5,2.0,0.1818,3.0,0.2727,0.0,0.0,0.0,0.0,1.0,0.0,0.0,4.0,1.0,10.0,9.0,348.0,5.0,4.0,,,,36.0,34.0,,,,4.5,1.0,,35.0,2.0,,Male,,,,,,0.47,0.47367,178.0,5.0,-1.0,0.5,156.0,5.0,-1.0,-0.0527,0.1975,0.31605,0.50357,6.0,0.5455,5.0,1.0,0.0,1.0,,,,,,,,,,,,,,,,,,,,,,,,,,,,,,,,,,,,36.0,4.0,59.0,13.0,1.0,,,,,,9.0,1.0,,,
5.0,Eswar & Aparna,TARUS32,5.4,5.4,235.0,6.0,-1.0,5.0,191.0,5.0,0.0,10.0,9.0,-0.236,0.0476,0.0,0.0,0.0,0.0,0.8,1.0,0.0,0.0,3.0,0.3,0.0,0.0,0.0,1.0,0.0,0.0,0.0,5.0,4.0,7.0,3.0,349.0,5.0,4.0,,,,26.0,24.0,,,,4.5,1.0,,25.0,2.0,,Co-Ed,,,,,,0.31,0.3056,298.0,7.0,-2.0,0.30952,272.0,7.0,-2.0,-0.3888,-0.2274,0.17187,0.19375,1.0,0.1,9.0,0.66667,0.0,0.66667,,,,,,,,,,,,,,,,,,,,,,,,,,,,,,,,,,,,26.0,5.0,61.0,14.0,1.0,,,,,,9.0,1.0,,,
6.0,Kaylynn & Haley,TARUS32,6.44,6.44444,294.0,8.0,-2.0,7.0,293.0,8.0,-2.0,9.0,8.0,-0.474,-0.1358,0.0,0.0,1.0,0.1111,1.57135,2.0,0.0,0.0,1.0,0.1111,3.0,0.3333,0.0,0.0,1.0,2.0,1.0,8.0,3.0,8.0,5.0,350.0,4.0,4.0,,,,30.0,31.0,,,,4.0,0.0,,30.5,1.0,,Female,,,,,,0.19,0.19427,348.0,9.0,-3.0,0.14286,349.0,8.0,-2.0,-0.6115,-0.5089,0.23422,0.3,1.0,0.1111,8.0,0.75,0.0,0.75,,,,,,,,,,,,,,,,,,,,,,,,,,,,,,,,,,,,30.0,6.0,16.0,3.0,1.0,,,,,,9.0,10.0,,,
7.0,Leo & Alana,TARUS32,5.71,5.71429,253.0,7.0,0.0,6.0,251.0,7.0,0.0,7.0,7.0,-0.3069,-0.0071,0.0,0.0,2.0,0.2857,1.82946,2.5,0.0,0.0,2.0,0.2857,0.0,0.0,0.0,1.0,0.0,1.0,0.0,6.0,3.0,8.0,5.0,351.0,4.0,2.0,,,,31.0,29.0,,,,3.0,2.0,,30.0,2.0,,Co-Ed,,,,,,0.36,0.3648,258.0,6.0,1.0,0.33333,252.0,6.0,1.0,-0.2704,-0.0777,0.26549,0.46131,3.0,0.4286,4.0,0.71429,0.0,0.71429,,,,,,,,,,,,,,,,,,,,,,,,,,,,,,,,,,,,31.0,7.0,12.0,6.0,1.0,,,,,,9.0,7.0,,,
8.0,Michelle & Victoria,TARUS32,4.8,4.8,192.0,5.0,3.0,5.0,191.0,5.0,3.0,5.0,5.0,-0.0986,0.1534,0.0,0.0,2.0,0.4,2.48193,5.0,2.0,0.4,0.0,0.0,0.0,0.0,0.0,0.0,0.0,0.0,0.0,2.0,2.0,8.0,6.0,352.0,3.0,2.0,,,,34.0,33.0,,,,2.5,1.0,,33.5,1.0,,Female,,,,,,0.51,0.51254,151.0,4.0,4.0,0.55556,136.0,4.0,4.0,0.0251,0.2958,0.34709,0.60714,3.0,0.6,2.0,0.9,0.0,0.9,,,,,,,,,,,,,,,,,,,,,,,,,,,,,,,,,,,,34.0,8.0,17.0,7.0,1.0,,,,,,9.0,10.0,,,
9.0,Jerry & Frank,TARUS32,7.67,7.66667,326.0,9.0,0.0,9.0,341.0,9.0,0.0,3.0,3.0,-0.7555,-0.3527,0.0,0.0,0.0,0.0,1.88562,2.0,0.0,0.0,1.0,0.3333,0.0,0.0,0.0,1.0,0.0,0.0,0.0,9.0,5.0,9.0,4.0,353.0,0.0,2.0,,,,60.0,25.0,,,,1.0,2.0,,42.5,35.0,,Male,,,,,,0.24,0.23704,331.0,8.0,1.0,0.11111,354.0,9.0,0.0,-0.5259,-0.4007,0.26063,0.3,1.0,0.3333,2.0,0.6,0.0,0.6,,,,,,,,,,,,,,,,,,,,,,,,,,,,,,,,,,,,60.0,9.0,8.0,10.0,1.0,,,,,,9.0,2.0,,,
10.0,Kellie & LaVonne,TARUS32,9.5,9.5,367.0,10.0,0.0,9.5,365.0,10.0,0.0,2.0,2.0,-1.1744,-0.6755,0.0,0.0,0.0,0.0,0.5,0.5,0.0,0.0,0.0,0.0,0.0,0.0,0.0,0.0,0.0,0.0,0.0,,9.0,10.0,1.0,354.0,1.0,1.0,,,,38.0,34.0,,,,1.0,0.0,,36.0,4.0,,Female,,,,,,0.1,0.1,368.0,10.0,0.0,0.1,361.0,10.0,0.0,-0.8,-0.7472,0.1,0.1,0.0,0.0,2.0,0.2,0.0,0.2,,,,,,,,,,,,,,,,,,,,,,,,,,,,,,,,,,,,38.0,10.0,19.0,1.0,1.0,,,,,,9.0,4.0,,,
11.0,Nathan & Cody,TARUS32,11.0,11.0,384.0,11.0,0.0,11.0,384.0,11.0,0.0,1.0,1.0,-1.5177,-0.94,0.0,0.0,0.0,0.0,0.0,0.0,0.0,0.0,0.0,0.0,0.0,0.0,0.0,0.0,0.0,0.0,0.0,,11.0,11.0,0.0,355.0,0.0,1.0,,,,39.0,33.0,,,,0.5,1.0,,36.0,6.0,,Male,,,,,,0.0,0.0,385.0,11.0,0.0,0.0,385.0,11.0,0.0,-1.0,-1.0,0.0,0.0,0.0,0.0,1.0,0.0,0.0,0.0,,,,,,,,,,,,,,,,,,,,,,,,,,,,,,,,,,,,39.0,11.0,14.0,3.0,1.0,,,,,,9.0,9.0,,,
1.0,Kim & Penn,TARUS33,2.09,2.09091,6.0,1.0,0.0,2.0,9.0,1.0,0.0,11.0,11.0,0.5086,0.587,5.0,0.4545,9.0,0.8182,1.31111,1.5,3.0,0.2727,0.0,0.0,0.0,0.0,0.0,0.0,0.0,0.0,0.0,1.0,1.0,5.0,4.0,356.0,5.0,6.0,,,,45.0,47.0,,,,5.5,1.0,,46.0,2.0,,Co-Ed,,,,,,0.82,0.8202,5.0,1.0,0.0,0.83333,21.0,1.0,0.0,0.6404,0.822,0.17631,0.33333,11.0,1.0,0.0,1.0,0.55556,0.44444,,,,,,,,,,,,,,,,,,,,,,,,,,,,,,,,,,,,45.0,1.0,16.0,5.0,1.0,,,,,,10.0,6.0,,,
2.0,Raquel & Cayla,TARUS33,2.73,2.72727,37.0,3.0,-1.0,2.0,9.0,1.0,1.0,11.0,11.0,0.3582,0.4605,2.0,0.1818,8.0,0.7273,1.42005,1.5,4.0,0.3636,0.0,0.0,0.0,0.0,0.0,0.0,0.0,0.0,0.0,2.0,1.0,6.0,5.0,357.0,7.0,4.0,,,,31.0,30.0,,,,5.5,3.0,,30.5,1.0,,Female,,,,,,0.71,0.70707,31.0,2.0,0.0,0.75,41.0,3.0,-1.0,0.4141,0.5707,0.19116,0.21667,9.0,0.8182,2.0,1.0,0.4,0.6,,,,,,,,,,,,,,,,,,,,,,,,,,,,,,,,,,,,31.0,2.0,9.0,6.0,1.0,,,,,,10.0,3.0,,,
3.0,Ryan & Dusty,TARUS33,2.36,2.36364,12.0,2.0,1.0,3.0,65.0,3.0,0.0,11.0,11.0,0.4452,0.5336,3.0,0.2727,10.0,0.9091,0.97912,1.5,2.0,0.1818,0.0,0.0,0.0,0.0,0.0,0.0,0.0,0.0,0.0,3.0,1.0,4.0,3.0,358.0,6.0,5.0,,,,37.0,38.0,,,,5.5,1.0,,37.5,1.0,,Male,,,,,,0.61,0.61111,83.0,5.0,-2.0,0.6,115.0,5.0,-2.0,0.2222,0.3575,0.36472,0.53333,8.0,0.7273,3.0,1.0,0.0,1.0,,,,,,,,,,,,,,,,,,,,,,,,,,,,,,,,,,,,37.0,3.0,15.0,7.0,1.0,,,,,,10.0,14.0,,,
4.0,Arun & Natalia,TARUS33,5.4,5.4,235.0,7.0,-3.0,4.5,174.0,6.0,-2.0,10.0,10.0,-0.2695,-0.0672,0.0,0.0,2.0,0.2,2.2891,2.0,0.0,0.0,0.0,0.0,1.0,0.1,0.0,0.0,0.0,0.0,0.0,4.0,3.0,10.0,7.0,359.0,6.0,5.0,,,,56.0,28.0,,,,5.5,1.0,,42.0,28.0,,Co-Ed,,,,,,0.21,0.21278,340.0,9.0,-5.0,0.18333,335.0,10.0,-6.0,-0.5744,-0.5273,0.23528,0.3125,1.0,0.1,9.0,0.77778,0.0,0.77778,,,,,,,,,,,,,,,,,,,,,,,,,,,,,,,,,,,,56.0,4.0,19.0,9.0,1.0,,,,,,13.0,6.0,,,
5.0,Lulu & Lala,TARUS33,5.88,5.875,265.0,8.0,-3.0,5.0,191.0,7.0,-2.0,8.0,8.0,-0.3824,-0.1621,0.0,0.0,1.0,0.125,2.71282,3.75,1.0,0.125,1.0,0.125,1.0,0.125,0.0,0.0,0.0,0.0,0.0,10.0,2.0,10.0,8.0,360.0,4.0,4.0,,,,37.0,37.0,,,,4.0,0.0,,37.0,0.0,,Female,,,,,,0.27,0.27292,313.0,7.0,-2.0,0.225,312.0,7.0,-2.0,-0.4542,-0.3937,0.2544,0.3,2.0,0.25,6.0,0.8,0.0,0.8,,,,,,,,,,,,,,,,,,,,,,,,,,,,,,,,,,,,37.0,5.0,42.0,10.0,1.0,,,,,,13.0,9.0,,,
6.0,Akbar & Sheri,TARUS33,6.5,6.5,295.0,9.0,-3.0,6.0,251.0,9.0,-3.0,6.0,6.0,-0.5281,-0.2846,0.0,0.0,0.0,0.0,1.5,2.25,0.0,0.0,0.0,0.0,0.0,0.0,0.0,0.0,0.0,0.0,0.0,6.0,5.0,9.0,4.0,361.0,2.0,3.0,,,,45.0,44.0,,,,2.5,1.0,,44.5,1.0,,Co-Ed,,,,,,0.23,0.22778,334.0,8.0,-2.0,0.21111,322.0,9.0,-3.0,-0.5444,-0.494,0.15893,0.17222,1.0,0.1667,5.0,0.5,0.0,0.5,,,,,,,,,,,,,,,,,,,,,,,,,,,,,,,,,,,,45.0,6.0,,,,,,,,,16.0,4.0,,,
7.0,Michael & Moe,TARUS33,9.0,9.0,353.0,11.0,-4.0,9.0,341.0,11.0,-4.0,2.0,2.0,-1.1159,-0.7787,0.0,0.0,0.0,0.0,2.0,2.0,0.0,0.0,0.0,0.0,0.0,0.0,0.0,0.0,0.0,0.0,0.0,,7.0,11.0,4.0,362.0,0.0,1.0,,,,36.0,42.0,,,,0.5,1.0,,39.0,6.0,,Male,,,,,,0.0,0.0,385.0,11.0,-4.0,0.0,385.0,11.0,-4.0,-1.0,-1.0,0.0,0.0,0.0,0.0,2.0,0.0,0.0,0.0,,,,,,,,,,,,,,,,,,,,,,,,,,,,,,,,,,,,36.0,7.0,,,,,,,,,16.0,10.0,,,
8.0,Anthony & Spencer,TARUS33,3.67,3.66667,113.0,4.0,4.0,3.0,65.0,3.0,5.0,3.0,3.0,0.1372,0.2747,1.0,0.3333,2.0,0.6667,2.49444,3.0,0.0,0.0,0.0,0.0,0.0,0.0,0.0,0.0,0.0,0.0,0.0,,1.0,7.0,6.0,363.0,1.0,1.0,,,,29.0,29.0,,,,1.0,0.0,,29.0,0.0,,Male,,,,,,0.7,0.7037,33.0,3.0,5.0,0.77778,34.0,2.0,6.0,0.4074,0.5632,0.27716,0.33333,2.0,0.6667,1.0,1.0,0.33333,0.66667,,,,,,,,,,,,,,,,,,,,,,,,,,,,,,,,,,,,29.0,8.0,,,,,,,,,17.0,7.0,,,
9.0,Connie & Sam,TARUS33,4.33,4.33333,159.0,5.0,4.0,4.0,127.0,5.0,4.0,3.0,3.0,-0.018,0.1443,0.0,0.0,1.0,0.3333,2.0548,2.5,1.0,0.3333,0.0,0.0,0.0,0.0,0.0,0.0,0.0,0.0,0.0,,2.0,7.0,5.0,364.0,1.0,1.0,,,,37.0,39.0,,,,1.0,0.0,,38.0,2.0,,Co-Ed,,,,,,0.65,0.65185,57.0,4.0,5.0,0.66667,78.0,4.0,5.0,0.3037,0.448,0.19986,0.24444,2.0,0.6667,1.0,0.88889,0.4,0.48889,,,,,,,,,,,,,,,,,,,,,,,,,,,,,,,,,,,,37.0,9.0,,,,,,,,,18.0,7.0,,,
10.0,Caro & Ray,TARUS33,5.33,5.33333,227.0,6.0,4.0,5.0,191.0,7.0,3.0,3.0,3.0,-0.2531,-0.0534,0.0,0.0,0.0,0.0,0.4714,0.5,0.0,0.0,0.0,0.0,0.0,0.0,0.0,0.0,0.0,0.0,0.0,5.0,5.0,6.0,1.0,365.0,1.0,1.0,,,,23.0,25.0,,,,1.0,0.0,,24.0,2.0,,Co-Ed,,,,,,0.53,0.53333,134.0,6.0,4.0,0.55556,136.0,6.0,4.0,0.0667,0.1847,0.06542,0.07778,2.0,0.6667,1.0,0.6,0.44444,0.15556,,,,,,,,,,,,,,,,,,,,,,,,,,,,,,,,,,,,23.0,10.0,,,,,,,,,19.0,10.0,,,
11.0,Taylor & Isaiah,TARUS33,8.33,8.33333,345.0,10.0,1.0,8.0,319.0,10.0,1.0,3.0,3.0,-0.9584,-0.6462,0.0,0.0,0.0,0.0,0.4714,0.5,0.0,0.0,1.0,0.3333,0.0,0.0,0.0,0.0,0.0,0.0,0.0,8.0,8.0,9.0,1.0,366.0,1.0,1.0,,,,38.0,31.0,,,,1.0,0.0,,34.5,7.0,,Male,,,,,,0.21,0.21111,341.0,10.0,1.0,0.22222,313.0,8.0,3.0,-0.5778,-0.531,0.07751,0.09444,0.0,0.0,3.0,0.3,0.11111,0.18889,,,,,,,,,,,,,,,,,,,,,,,,,,,,,,,,,,,,38.0,11.0,,,,,,,,,19.0,11.0,,,
1.0,Derek & Claire,TARUS34,2.83,2.83333,46.0,1.0,0.0,2.5,48.0,1.0,0.0,12.0,10.0,0.4077,0.5315,5.0,0.4167,8.0,0.6667,1.99304,3.0,1.0,0.0833,0.0,0.0,0.0,0.0,0.0,0.0,0.0,0.0,0.0,1.0,1.0,7.0,6.0,367.0,6.0,6.0,,,,24.0,25.0,,,,6.0,0.0,,24.5,1.0,,Co-Ed,,,,,,0.76,0.75757,15.0,1.0,0.0,0.7875,32.0,1.0,0.0,0.5151,0.8486,0.24122,0.44643,10.0,0.8333,2.0,1.0,0.33333,0.66667,,,,,,,,,,,,,,,,,,,,,,,,,,,,,,,,,,,,24.0,1.0,,,,,,,,,20.0,9.0,,,
2.0,Emily & Molly,TARUS34,3.67,3.66667,113.0,4.0,-2.0,3.5,118.0,3.0,-1.0,12.0,10.0,0.2319,0.3924,1.0,0.0833,6.0,0.5,1.74801,3.0,3.0,0.25,3.0,0.25,0.0,0.0,0.0,0.0,0.0,0.0,0.0,2.0,1.0,7.0,6.0,368.0,6.0,6.0,,,,36.0,36.0,,,,6.0,0.0,,36.0,0.0,,Female,,,,,,0.54,0.5398,130.0,4.0,-2.0,0.5,156.0,5.0,-3.0,0.0796,0.3172,0.24675,0.36418,7.0,0.5833,5.0,1.0,0.25,0.75,,,,,,,,,,,,,,,,,,,,,,,,,,,,,,,,,,,,36.0,2.0,,,,,,,,,22.0,10.0,,,
3.0,Luis & Michelle,TARUS34,3.33,3.33333,90.0,3.0,0.0,3.0,65.0,2.0,1.0,12.0,10.0,0.303,0.4487,3.0,0.25,7.0,0.5833,2.39212,2.25,2.0,0.1667,0.0,0.0,0.0,0.0,0.0,0.0,0.0,0.0,0.0,4.0,1.0,10.0,9.0,369.0,6.0,6.0,,,,34.0,34.0,,,,6.0,0.0,,34.0,0.0,,Co-Ed,,,,,,0.63,0.63182,73.0,2.0,1.0,0.66667,78.0,2.0,1.0,0.2636,0.5418,0.29945,0.35,10.0,0.8333,2.0,1.0,0.0,1.0,,,,,,,,,,,,,,,,,,,,,,,,,,,,,,,,,,,,34.0,3.0,,,,,,,,,23.0,3.0,,,
4.0,Aubrey & David,TARUS34,5.18,5.18182,216.0,5.0,-1.0,5.0,191.0,5.0,-1.0,11.0,9.0,-0.0842,0.1424,0.0,0.0,4.0,0.3636,2.82258,4.5,3.0,0.2727,4.0,0.3636,0.0,0.0,0.0,0.0,0.0,0.0,0.0,2.0,2.0,11.0,9.0,370.0,5.0,6.0,,,,29.0,29.0,,,,5.5,1.0,,29.0,0.0,,Co-Ed,,,,,,0.41,0.40563,232.0,7.0,-3.0,0.3,273.0,8.0,-4.0,-0.1887,-0.0102,0.30658,0.60417,4.0,0.3636,7.0,0.85714,0.0,0.85714,,,,,,,,,,,,,,,,,,,,,,,,,,,,,,,,,,,,29.0,4.0,,,,,,,,,25.0,5.0,,,
5.0,Marcus & Michael,TARUS34,3.3,3.3,88.0,2.0,3.0,3.5,118.0,3.0,2.0,10.0,8.0,0.3093,0.4536,3.0,0.3,5.0,0.5,1.84662,3.75,1.0,0.1,0.0,0.0,1.0,0.1,0.0,0.0,0.0,0.0,0.0,1.0,1.0,6.0,5.0,371.0,5.0,5.0,,,,38.0,30.0,,,,5.0,0.0,,34.0,8.0,,Male,,,,,,0.6,0.60129,94.0,3.0,2.0,0.64773,100.0,3.0,2.0,0.2026,0.4673,0.37126,0.56508,6.0,0.6,4.0,1.0,0.0,1.0,,,,,,,,,,,,,,,,,,,,,,,,,,,,,,,,,,,,38.0,5.0,,,,,,,,,25.0,7.0,,,
6.0,Quinton & Mattie,TARUS34,5.75,5.75,254.0,6.0,0.0,5.5,237.0,7.0,-1.0,8.0,8.0,-0.2035,0.048,0.0,0.0,2.0,0.25,2.22205,2.0,0.0,0.0,1.0,0.125,0.0,0.0,0.0,0.0,0.0,0.0,0.0,3.0,3.0,10.0,7.0,372.0,5.0,3.0,,,,29.0,27.0,,,,4.0,2.0,,28.0,2.0,,Co-Ed,,,,,,0.39,0.38982,242.0,8.0,-2.0,0.35417,240.0,7.0,-1.0,-0.2204,-0.0488,0.27011,0.40357,3.0,0.375,5.0,0.81818,0.0,0.81818,,,,,,,,,,,,,,,,,,,,,,,,,,,,,,,,,,,,29.0,6.0,,,,,,,,,25.0,5.0,,,
7.0,Glenda & Lumumba,TARUS34,6.14,6.14286,282.0,9.0,-2.0,7.0,293.0,9.0,-2.0,7.0,7.0,-0.2851,-0.0166,0.0,0.0,2.0,0.2857,2.79942,3.0,2.0,0.2857,1.0,0.1429,1.0,0.1429,0.0,0.0,0.0,0.0,0.0,7.0,2.0,10.0,8.0,373.0,3.0,4.0,,,,41.0,41.0,,,,3.5,1.0,,41.0,0.0,,Co-Ed,,,,,,0.35,0.34631,270.0,9.0,-2.0,0.22222,313.0,10.0,-3.0,-0.3074,-0.1549,0.36434,0.50357,2.0,0.2857,5.0,0.90909,0.0,0.90909,,,,,,,,,,,,,,,,,,,,,,,,,,,,,,,,,,,,41.0,7.0,,,,,,,,,25.0,5.0,,,
8.0,Abby & Will,TARUS34,6.0,6.0,267.0,7.0,1.0,6.5,281.0,8.0,0.0,6.0,6.0,-0.2558,0.0066,0.0,0.0,1.0,0.1667,1.91485,3.25,0.0,0.0,0.0,0.0,0.0,0.0,0.0,0.0,0.0,0.0,0.0,8.0,3.0,8.0,5.0,374.0,3.0,2.0,,,,24.0,25.0,,,,2.5,1.0,,24.5,1.0,,Co-Ed,,,,,,0.43,0.43329,211.0,6.0,2.0,0.43182,202.0,6.0,2.0,-0.1334,0.0573,0.24578,0.25284,3.0,0.5,3.0,0.77778,0.0,0.77778,,,,,,,,,,,,,,,,,,,,,,,,,,,,,,,,,,,,24.0,8.0,,,,,,,,,25.0,12.0,,,
9.0,Linton & Sharik,TARUS34,6.0,6.0,267.0,7.0,2.0,5.0,191.0,5.0,4.0,5.0,5.0,-0.2558,0.0066,0.0,0.0,1.0,0.2,2.52982,5.0,0.0,0.0,1.0,0.2,0.0,0.0,0.0,0.0,0.0,0.0,0.0,9.0,3.0,9.0,6.0,375.0,4.0,1.0,,,,50.0,23.0,,,,2.5,3.0,,36.5,27.0,,Co-Ed,,,,,,0.44,0.43879,206.0,5.0,4.0,0.55556,136.0,4.0,5.0,-0.1224,0.0707,0.32473,0.61616,3.0,0.6,2.0,0.8,0.0,0.8,,,,,,,,,,,,,,,,,,,,,,,,,,,,,,,,,,,,50.0,9.0,,,,,,,,,26.0,9.0,,,
10.0,Rich & Dom,TARUS34,9.25,9.25,365.0,11.0,-1.0,9.0,341.0,10.0,0.0,4.0,4.0,-0.936,-0.5315,0.0,0.0,0.0,0.0,0.43301,0.25,0.0,0.0,1.0,0.25,0.0,0.0,0.0,0.0,0.0,0.0,0.0,9.0,9.0,10.0,1.0,376.0,2.0,2.0,,,,32.0,35.0,,,,2.0,0.0,,33.5,3.0,,Co-Ed,,,,,,0.15,0.14596,363.0,11.0,-1.0,0.15556,342.0,11.0,-1.0,-0.7081,-0.6438,0.10187,0.13485,0.0,0.0,4.0,0.27273,0.0,0.27273,,,,,,,,,,,,,,,,,,,,,,,,,,,,,,,,,,,,32.0,10.0,,,,,,,,,26.0,7.0,,,
11.0,Tim & Rex,TARUS34,9.0,9.0,353.0,10.0,1.0,9.0,341.0,10.0,1.0,2.0,2.0,-0.8837,-0.4901,0.0,0.0,0.0,0.0,2.0,2.0,0.0,0.0,0.0,0.0,0.0,0.0,0.0,0.0,0.0,0.0,0.0,,7.0,11.0,4.0,377.0,1.0,1.0,,,,40.0,59.0,,,,1.0,0.0,,49.5,19.0,,Male,,,,,,0.23,0.22727,335.0,10.0,1.0,0.22727,311.0,9.0,2.0,-0.5455,-0.4454,0.22727,0.22727,0.0,0.0,2.0,0.45455,0.0,0.45455,,,,,,,,,,,,,,,,,,,,,,,,,,,,,,,,,,,,40.0,11.0,,,,,,,,,26.0,9.0,,,
12.0,Aastha & Nina,TARUS34,12.0,12.0,410.0,12.0,0.0,12.0,410.0,12.0,0.0,1.0,1.0,-1.5116,-0.9868,0.0,0.0,0.0,0.0,0.0,0.0,0.0,0.0,0.0,0.0,0.0,0.0,0.0,0.0,0.0,0.0,0.0,,12.0,12.0,0.0,378.0,0.0,1.0,,,,33.0,34.0,,,,0.5,1.0,,33.5,1.0,,Female,,,,,,0.0,0.0,385.0,12.0,0.0,0.0,385.0,12.0,0.0,-1.0,-1.0,0.0,0.0,0.0,0.0,1.0,0.0,0.0,0.0,,,,,,,,,,,,,,,,,,,,,,,,,,,,,,,,,,,,33.0,12.0,,,,,,,,,26.0,2.0,,,
1.0,Greg & John,TARUS35,2.75,2.75,38.0,1.0,0.0,2.0,9.0,1.0,0.0,12.0,11.0,0.4734,0.5802,5.0,0.4167,10.0,0.8333,2.45374,2.0,3.0,0.25,0.0,0.0,0.0,0.0,0.0,0.0,0.0,0.0,0.0,1.0,1.0,8.0,7.0,379.0,6.0,6.0,,,,25.0,27.0,,,,6.0,0.0,,26.0,2.0,,Male,,,,,,0.8,0.79642,7.0,1.0,0.0,0.86111,17.0,1.0,0.0,0.5928,0.9381,0.24655,0.27083,10.0,0.8333,2.0,1.0,0.3,0.7,,,,,,,,,,,,,,,,,,,,,,,,,,,,,,,,,,,,25.0,1.0,,,,,,,,,26.0,4.0,,,
2.0,Joel & Garrett,TARUS35,4.33,4.33333,159.0,5.0,-3.0,3.0,65.0,2.0,0.0,12.0,11.0,0.1709,0.3389,1.0,0.0833,7.0,0.5833,2.74874,5.0,3.0,0.25,2.0,0.1667,0.0,0.0,0.0,0.0,0.0,0.0,0.0,2.0,1.0,9.0,8.0,380.0,6.0,6.0,,,,42.0,43.0,,,,6.0,0.0,,42.5,1.0,,Male,,,,,,0.56,0.55639,124.0,4.0,-2.0,0.5,156.0,6.0,-4.0,0.1128,0.354,0.27363,0.46515,8.0,0.6667,4.0,1.0,0.14286,0.85714,,,,,,,,,,,,,,,,,,,,,,,,,,,,,,,,,,,,42.0,2.0,,,,,,,,,27.0,10.0,,,
3.0,Rob & Corey,TARUS35,3.17,3.16667,71.0,2.0,1.0,3.0,65.0,2.0,1.0,12.0,11.0,0.393,0.516,1.0,0.0833,8.0,0.6667,1.34371,2.0,3.0,0.25,0.0,0.0,0.0,0.0,0.0,0.0,0.0,0.0,0.0,3.0,1.0,6.0,5.0,381.0,6.0,6.0,,,,48.0,25.0,,,,6.0,0.0,,36.5,23.0,,Male,,,,,,0.64,0.64027,64.0,2.0,1.0,0.63333,104.0,3.0,0.0,0.2805,0.5581,0.27255,0.39741,9.0,0.75,3.0,1.0,0.0,1.0,,,,,,,,,,,,,,,,,,,,,,,,,,,,,,,,,,,,48.0,3.0,,,,,,,,,27.0,9.0,,,
4.0,Steve & Anna Leigh,TARUS35,4.09,4.09091,138.0,3.0,1.0,4.0,127.0,4.0,0.0,11.0,10.0,0.2168,0.3756,2.0,0.1818,4.0,0.3636,2.02056,3.5,1.0,0.0909,2.0,0.1818,0.0,0.0,0.0,1.0,0.0,0.0,0.0,6.0,1.0,7.0,6.0,382.0,6.0,6.0,,,,54.0,28.0,,,,6.0,0.0,,41.0,26.0,,Co-Ed,,,,,,0.52,0.52037,144.0,6.0,-2.0,0.54545,148.0,5.0,-1.0,0.0407,0.2664,0.32553,0.5,6.0,0.5455,5.0,1.0,0.0,1.0,,,,,,,,,,,,,,,,,,,,,,,,,,,,,,,,,,,,54.0,4.0,,,,,,,,,27.0,9.0,,,
5.0,Todd & Ashlie,TARUS35,4.2,4.2,147.0,4.0,1.0,5.0,191.0,5.0,0.0,10.0,9.0,0.1957,0.3588,0.0,0.0,3.0,0.3,1.07703,1.75,1.0,0.1,1.0,0.1,0.0,0.0,0.0,0.0,0.0,0.0,0.0,5.0,2.0,5.0,3.0,383.0,5.0,5.0,,,,38.0,38.0,,,,5.0,0.0,,38.0,0.0,,Co-Ed,,,,,,0.56,0.56062,122.0,3.0,2.0,0.65152,98.0,2.0,3.0,0.1212,0.3643,0.25293,0.19683,8.0,0.8,2.0,0.83333,0.0,0.83333,,,,,,,,,,,,,,,,,,,,,,,,,,,,,,,,,,,,38.0,5.0,,,,,,,,,27.0,9.0,,,
6.0,Robbin & Chelsea,TARUS35,6.22,6.22222,288.0,7.0,-1.0,6.0,251.0,7.0,-1.0,9.0,8.0,-0.1911,0.0504,1.0,0.1111,2.0,0.2222,3.29234,3.0,1.0,0.1111,2.0,0.2222,0.0,0.0,0.0,0.0,0.0,0.0,0.0,11.0,1.0,11.0,10.0,384.0,4.0,5.0,,,,41.0,41.0,,,,4.5,1.0,,41.0,0.0,,Female,,,,,,0.39,0.3896,243.0,7.0,-1.0,0.33333,252.0,9.0,-3.0,-0.2208,-0.0519,0.33375,0.475,3.0,0.3333,6.0,1.0,0.0,1.0,,,,,,,,,,,,,,,,,,,,,,,,,,,,,,,,,,,,41.0,6.0,,,,,,,,,28.0,11.0,,,
7.0,Morgan & Lena,TARUS35,6.25,6.25,289.0,8.0,-1.0,6.0,251.0,7.0,0.0,8.0,7.0,-0.1968,0.0458,0.0,0.0,0.0,0.0,2.16506,3.5,0.0,0.0,2.0,0.25,0.0,0.0,0.0,0.0,0.0,0.0,0.0,4.0,4.0,10.0,6.0,385.0,3.0,5.0,,,,31.0,29.0,,,,4.0,2.0,,30.0,2.0,,Female,,,,,,0.39,0.38739,246.0,8.0,-1.0,0.39286,224.0,8.0,-1.0,-0.2252,-0.0573,0.28184,0.54223,4.0,0.5,4.0,0.75,0.0,0.75,,,,,,,,,,,,,,,,,,,,,,,,,,,,,,,,,,,,31.0,7.0,,,,,,,,,28.0,8.0,,,
8.0,Andrea & Malaina,TARUS35,7.71,7.71429,329.0,10.0,-2.0,8.0,319.0,10.0,-2.0,7.0,6.0,-0.4764,-0.1771,0.0,0.0,0.0,0.0,2.05039,3.0,0.0,0.0,0.0,0.0,0.0,0.0,0.0,0.0,0.0,0.0,0.0,10.0,4.0,10.0,6.0,386.0,4.0,2.0,,,,44.0,45.0,,,,3.0,2.0,,44.5,1.0,,Female,,,,,,0.3,0.29621,301.0,10.0,-2.0,0.25,297.0,11.0,-3.0,-0.4076,-0.2792,0.1951,0.19659,1.0,0.1429,6.0,0.66667,0.0,0.66667,,,,,,,,,,,,,,,,,,,,,,,,,,,,,,,,,,,,44.0,8.0,,,,,,,,,28.0,3.0,,,
9.0,Liam & Yeremi,TARUS35,8.33,8.33333,345.0,11.0,-2.0,8.0,319.0,10.0,-1.0,6.0,5.0,-0.5951,-0.2718,0.0,0.0,0.0,0.0,1.49071,0.75,0.0,0.0,0.0,0.0,1.0,0.1667,0.0,0.0,0.0,0.0,0.0,8.0,6.0,11.0,5.0,387.0,3.0,2.0,,,,23.0,24.0,,,,2.5,1.0,,23.5,1.0,,Male,,,,,,0.25,0.25042,321.0,11.0,-2.0,0.29293,283.0,10.0,-1.0,-0.4992,-0.3906,0.19535,0.34785,1.0,0.1667,5.0,0.5,0.0,0.5,,,,,,,,,,,,,,,,,,,,,,,,,,,,,,,,,,,,23.0,9.0,,,,,,,,,28.0,3.0,,,
10.0,Joe & Ian,TARUS35,7.4,7.4,320.0,9.0,1.0,7.0,293.0,9.0,1.0,5.0,4.0,-0.417,-0.1298,0.0,0.0,0.0,0.0,2.05913,2.0,0.0,0.0,0.0,0.0,0.0,0.0,0.0,0.0,0.0,0.0,0.0,7.0,4.0,10.0,6.0,388.0,2.0,2.0,,,,35.0,40.0,,,,2.0,0.0,,37.5,5.0,,Male,,,,,,0.38,0.37758,251.0,9.0,1.0,0.4,213.0,7.0,3.0,-0.2448,-0.0811,0.22579,0.12121,1.0,0.2,4.0,0.7,0.0,0.7,,,,,,,,,,,,,,,,,,,,,,,,,,,,,,,,,,,,35.0,10.0,,,,,,,,,28.0,8.0,,,
11.0,Jocelyn & Victor,TARUS35,5.75,5.75,254.0,6.0,5.0,5.5,237.0,6.0,5.0,4.0,3.0,-0.1011,0.1221,2.0,0.5,2.0,0.5,4.76314,9.25,0.0,0.0,1.0,0.25,0.0,0.0,0.0,0.0,0.0,0.0,0.0,1.0,1.0,11.0,10.0,389.0,1.0,2.0,,,,49.0,49.0,,,,1.5,1.0,,49.0,0.0,,Co-Ed,,,,,,0.53,0.525,141.0,5.0,6.0,0.55,143.0,4.0,7.0,0.05,0.2776,0.47631,0.925,2.0,0.5,2.0,1.0,0.0,1.0,,,,,,,,,,,,,,,,,,,,,,,,,,,,,,,,,,,,49.0,11.0,,,,,,,,,28.0,8.0,,,
12.0,Elizabeth & Iliana,TARUS35,12.0,12.0,410.0,12.0,0.0,12.0,410.0,12.0,0.0,2.0,2.0,-1.2979,-0.8321,0.0,0.0,0.0,0.0,0.0,0.0,0.0,0.0,1.0,0.5,0.0,0.0,0.0,0.0,0.0,0.0,0.0,12.0,12.0,12.0,0.0,390.0,1.0,1.0,,,,52.0,27.0,,,,1.0,0.0,,39.5,25.0,,Female,,,,,,0.04,0.04167,384.0,12.0,0.0,0.04167,384.0,12.0,0.0,-0.9167,-0.8986,0.04167,0.04167,0.0,0.0,2.0,0.08333,0.0,0.08333,,,,,,,,,,,,,,,,,,,,,,,,,,,,,,,,,,,,52.0,12.0,,,,,,,,,28.0,4.0,,,
13.0,Alexandra & Sheridan,TARUS35,13.0,13.0,416.0,13.0,0.0,13.0,416.0,13.0,0.0,1.0,1.0,-1.4894,-0.9847,0.0,0.0,0.0,0.0,0.0,0.0,0.0,0.0,0.0,0.0,0.0,0.0,0.0,0.0,0.0,0.0,0.0,,13.0,13.0,0.0,391.0,0.0,1.0,,,,34.0,29.0,,,,0.5,1.0,,31.5,5.0,,Co-Ed,,,,,,0.0,0.0,385.0,13.0,0.0,0.0,385.0,13.0,0.0,-1.0,-1.0,0.0,0.0,0.0,0.0,1.0,0.0,0.0,0.0,,,,,,,,,,,,,,,,,,,,,,,,,,,,,,,,,,,,34.0,13.0,,,,,,,,,28.0,6.0,,,
1.0,Ricky & Cesar,TARUS36,1.5,1.5,1.0,1.0,0.0,1.0,1.0,1.0,0.0,12.0,11.0,0.7043,0.7774,7.0,0.5833,12.0,1.0,0.6455,1.0,4.0,0.3333,0.0,0.0,0.0,0.0,0.0,0.0,0.0,0.0,0.0,1.0,1.0,3.0,2.0,392.0,7.0,7.0,,,,34.0,34.0,,,,7.0,0.0,,34.0,0.0,,Male,,,,,,0.91,0.90611,1.0,1.0,0.0,1.0,1.0,1.0,0.0,0.8122,1.361,0.18136,0.1039,11.0,0.9167,1.0,1.0,0.33333,0.66667,,,,,,,,,,,,,,,,,,,,,,,,,,,,,,,,,,,,34.0,1.0,,,,,,,,,29.0,4.0,,,
2.0,Juan & Shane,TARUS36,3.0,3.0,54.0,2.0,0.0,2.5,48.0,2.0,0.0,12.0,11.0,0.4086,0.5549,2.0,0.1667,7.0,0.5833,1.52753,2.0,4.0,0.3333,1.0,0.0833,0.0,0.0,0.0,0.0,0.0,0.0,0.0,2.0,1.0,6.0,5.0,393.0,7.0,7.0,,,,29.0,29.0,,,,7.0,0.0,,29.0,0.0,,Male,,,,,,0.69,0.68676,41.0,2.0,0.0,0.71364,57.0,2.0,0.0,0.3735,0.7895,0.22513,0.27708,11.0,0.9167,1.0,1.0,0.16667,0.83333,,,,,,,,,,,,,,,,,,,,,,,,,,,,,,,,,,,,29.0,2.0,,,,,,,,,29.0,6.0,,,
3.0,Rod & Leticia,TARUS36,3.17,3.16667,71.0,3.0,0.0,3.0,65.0,3.0,0.0,12.0,11.0,0.3751,0.5297,3.0,0.25,7.0,0.5833,1.57233,3.25,1.0,0.0833,1.0,0.0833,0.0,0.0,0.0,0.0,0.0,0.0,0.0,5.0,1.0,5.0,4.0,394.0,7.0,7.0,,,,46.0,38.0,,,,7.0,0.0,,42.0,8.0,,Co-Ed,,,,,,0.63,0.62718,75.0,3.0,0.0,0.66667,78.0,3.0,0.0,0.2544,0.6342,0.2993,0.33036,9.0,0.75,3.0,1.0,0.0,1.0,,,,,,,,,,,,,,,,,,,,,,,,,,,,,,,,,,,,46.0,3.0,,,,,,,,,29.0,6.0,,,
4.0,Amber & Vinny,TARUS36,4.36,4.36364,166.0,4.0,0.0,4.0,127.0,4.0,0.0,11.0,10.0,0.1405,0.3531,0.0,0.0,5.0,0.4545,2.73937,1.0,2.0,0.1818,2.0,0.1818,0.0,0.0,0.0,0.0,0.0,0.0,0.0,4.0,2.0,12.0,10.0,395.0,5.0,7.0,,,,30.0,37.0,,,,6.0,2.0,,33.5,7.0,,Co-Ed,,,,,,0.52,0.51932,146.0,4.0,0.0,0.57143,130.0,4.0,0.0,0.0386,0.3532,0.28902,0.37987,7.0,0.6364,4.0,0.9,0.0,0.9,,,,,,,,,,,,,,,,,,,,,,,,,,,,,,,,,,,,30.0,4.0,,,,,,,,,29.0,11.0,,,
5.0,Yvonne & Melissa,TARUS36,5.6,5.6,251.0,7.0,-2.0,6.0,251.0,6.0,-1.0,10.0,9.0,-0.1039,0.1691,0.0,0.0,0.0,0.0,0.8,1.0,0.0,0.0,0.0,0.0,0.0,0.0,0.0,0.0,0.0,0.0,0.0,6.0,4.0,7.0,3.0,396.0,6.0,5.0,,,,40.0,38.0,,,,5.5,1.0,,39.0,2.0,,Female,,,,,,0.37,0.37328,256.0,7.0,-2.0,0.35417,240.0,8.0,-3.0,-0.2534,-0.0274,0.1697,0.17738,3.0,0.3,7.0,0.63636,0.0,0.63636,,,,,,,,,,,,,,,,,,,,,,,,,,,,,,,,,,,,40.0,5.0,,,,,,,,,29.0,8.0,,,
6.0,Angie & Danny,TARUS36,5.11,5.11111,209.0,5.0,1.0,5.0,191.0,5.0,1.0,9.0,8.0,-0.0073,0.2418,0.0,0.0,2.0,0.2222,2.02454,2.0,1.0,0.1111,0.0,0.0,0.0,0.0,0.0,0.0,0.0,0.0,0.0,6.0,2.0,9.0,7.0,397.0,4.0,5.0,,,,27.0,55.0,,,,4.5,1.0,,41.0,28.0,,Co-Ed,,,,,,0.5,0.49795,159.0,5.0,1.0,0.54545,148.0,5.0,1.0,-0.0041,0.2975,0.24858,0.19643,6.0,0.6667,3.0,0.83333,0.0,0.83333,,,,,,,,,,,,,,,,,,,,,,,,,,,,,,,,,,,,27.0,6.0,,,,,,,,,30.0,6.0,,,
7.0,Sunny & Bizzy,TARUS36,7.63,7.625,325.0,8.0,-1.0,7.0,293.0,8.0,-1.0,8.0,7.0,-0.5041,-0.132,0.0,0.0,0.0,0.0,0.85696,1.25,0.0,0.0,2.0,0.25,0.0,0.0,0.0,0.0,0.0,0.0,0.0,7.0,7.0,9.0,2.0,398.0,5.0,3.0,,,,41.0,37.0,,,,4.0,2.0,,39.0,4.0,,Female,,,,,,0.22,0.2205,337.0,9.0,-2.0,0.23611,308.0,9.0,-2.0,-0.559,-0.4255,0.11685,0.14502,0.0,0.0,8.0,0.4,0.0,0.4,,,,,,,,,,,,,,,,,,,,,,,,,,,,,,,,,,,,41.0,7.0,,,,,,,,,30.0,10.0,,,
8.0,Derek & Shelisa,TARUS36,5.57,5.57143,247.0,6.0,2.0,6.0,251.0,6.0,2.0,7.0,6.0,-0.098,0.1736,0.0,0.0,3.0,0.4286,2.32115,5.0,0.0,0.0,1.0,0.1429,1.0,0.1429,0.0,0.0,0.0,0.0,0.0,3.0,3.0,8.0,5.0,399.0,4.0,3.0,,,,57.0,55.0,,,,3.5,1.0,,56.0,2.0,,Co-Ed,,,,,,0.43,0.43157,214.0,6.0,2.0,0.44444,195.0,6.0,2.0,-0.1369,0.1245,0.3612,0.74659,3.0,0.4286,4.0,0.83333,0.0,0.83333,,,,,,,,,,,,,,,,,,,,,,,,,,,,,,,,,,,,57.0,8.0,,,,,,,,,31.0,2.0,,,
9.0,Kishori & Karishma,TARUS36,9.2,9.2,364.0,11.0,-2.0,9.0,341.0,10.0,-1.0,5.0,5.0,-0.8136,-0.365,0.0,0.0,0.0,0.0,0.74833,1.0,0.0,0.0,1.0,0.2,0.0,0.0,0.0,0.0,0.0,0.0,0.0,10.0,8.0,10.0,2.0,400.0,2.0,3.0,,,,26.0,22.0,,,,2.5,1.0,,24.0,4.0,,Female,,,,,,0.17,0.16859,355.0,11.0,-2.0,0.18182,338.0,10.0,-1.0,-0.6628,-0.5607,0.10564,0.13889,0.0,0.0,5.0,0.3,0.0,0.3,,,,,,,,,,,,,,,,,,,,,,,,,,,,,,,,,,,,26.0,9.0,,,,,,,,,31.0,8.0,,,
10.0,Michelle & Sean,TARUS36,9.0,9.0,353.0,9.0,1.0,10.0,374.0,11.0,-1.0,4.0,4.0,-0.7741,-0.3353,0.0,0.0,0.0,0.0,2.34521,1.5,0.0,0.0,2.0,0.5,0.0,0.0,0.0,0.0,0.0,0.0,0.0,10.0,5.0,11.0,6.0,401.0,3.0,1.0,,,,39.0,46.0,,,,2.0,2.0,,42.5,7.0,,Co-Ed,,,,,,0.21,0.21439,339.0,10.0,0.0,0.09545,374.0,11.0,-1.0,-0.5712,-0.4414,0.26403,0.17348,1.0,0.25,3.0,0.66667,0.0,0.66667,,,,,,,,,,,,,,,,,,,,,,,,,,,,,,,,,,,,39.0,10.0,,,,,,,,,31.0,12.0,,,
11.0,Anthony & Bailey,TARUS36,9.0,9.0,353.0,9.0,2.0,8.0,319.0,9.0,2.0,3.0,3.0,-0.7741,-0.3353,0.0,0.0,0.0,0.0,1.41421,1.5,0.0,0.0,0.0,0.0,0.0,0.0,0.0,0.0,0.0,0.0,0.0,8.0,8.0,11.0,3.0,402.0,2.0,1.0,,,,26.0,26.0,,,,1.5,1.0,,26.0,0.0,,Male,,,,,,0.26,0.2601,319.0,8.0,3.0,0.36364,237.0,7.0,4.0,-0.4798,-0.3223,0.18519,0.20833,0.0,0.0,3.0,0.41667,0.0,0.41667,,,,,,,,,,,,,,,,,,,,,,,,,,,,,,,,,,,,26.0,11.0,,,,,,,,,32.0,3.0,,,
12.0,Chris & Mary,TARUS36,11.5,11.5,409.0,12.0,0.0,11.5,409.0,12.0,0.0,2.0,2.0,-1.2669,-0.7062,0.0,0.0,0.0,0.0,0.5,0.5,0.0,0.0,0.0,0.0,0.0,0.0,0.0,0.0,0.0,0.0,0.0,,11.0,12.0,1.0,403.0,0.0,2.0,,,,60.0,27.0,,,,1.0,2.0,,43.5,33.0,,Co-Ed,,,,,,0.08,0.08333,376.0,12.0,0.0,0.08333,377.0,12.0,0.0,-0.8333,-0.7829,0.08333,0.08333,0.0,0.0,2.0,0.16667,0.0,0.16667,,,,,,,,,,,,,,,,,,,,,,,,,,,,,,,,,,,,60.0,12.0,,,,,,,,,32.0,2.0,,,
13.0,Maya & Rohan,TARUS36,13.0,13.0,416.0,13.0,0.0,13.0,416.0,13.0,0.0,1.0,1.0,-1.5626,-0.9288,0.0,0.0,0.0,0.0,0.0,0.0,0.0,0.0,0.0,0.0,0.0,0.0,0.0,0.0,0.0,0.0,0.0,,13.0,13.0,0.0,404.0,0.0,1.0,,,,20.0,23.0,,,,0.5,1.0,,21.5,3.0,,Co-Ed,,,,,,0.0,0.0,385.0,13.0,0.0,0.0,385.0,13.0,0.0,-1.0,-1.0,0.0,0.0,0.0,0.0,1.0,0.0,0.0,0.0,,,,,,,,,,,,,,,,,,,,,,,,,,,,,,,,,,,,20.0,13.0,,,,,,,,,32.0,7.0,,,
1.0,Carson & Jack,TARUS37,2.42,2.41667,17.0,1.0,0.0,2.0,9.0,1.0,0.0,12.0,12.0,0.5261,0.626,5.0,0.4167,8.0,0.6667,1.60511,3.0,3.0,0.25,2.0,0.1667,0.0,0.0,1.0,0.0,0.0,0.0,0.0,1.0,1.0,6.0,5.0,405.0,6.0,6.0,,,,28.0,27.0,,,,6.0,0.0,,27.5,1.0,,Male,,,,,,0.77,0.76732,11.0,1.0,0.0,0.89444,9.0,1.0,0.0,0.5346,0.771,0.29995,0.35455,9.0,0.75,3.0,1.0,0.16667,0.83333,,,,,,,,,,,,,,,,,,,,,,,,,,,,,,,,,,,,28.0,1.0,,,,,,,,,33.0,6.0,,,
2.0,Han & Holden,TARUS37,5.58,5.58333,249.0,6.0,-4.0,5.0,191.0,6.0,-4.0,12.0,12.0,-0.0928,0.1376,0.0,0.0,3.0,0.25,3.25214,3.25,3.0,0.25,3.0,0.25,1.0,0.0833,0.0,0.0,0.0,0.0,0.0,5.0,2.0,12.0,10.0,406.0,7.0,6.0,,,,26.0,22.0,,,,6.5,1.0,,24.0,4.0,,Co-Ed,,,,,,0.36,0.36358,259.0,9.0,-7.0,0.34722,247.0,10.0,-8.0,-0.2728,-0.1609,0.24406,0.31154,5.0,0.4167,7.0,0.85714,0.0,0.85714,,,,,,,,,,,,,,,,,,,,,,,,,,,,,,,,,,,,26.0,2.0,,,,,,,,,33.0,11.0,,,
3.0,Jonathan & Ana,TARUS37,3.58,3.58333,108.0,3.0,0.0,3.0,65.0,2.0,1.0,12.0,12.0,0.2989,0.4467,3.0,0.25,9.0,0.75,2.46503,1.0,0.0,0.0,2.0,0.1667,0.0,0.0,0.0,1.0,0.0,0.0,0.0,3.0,1.0,9.0,8.0,407.0,6.0,7.0,,,,42.0,35.0,,,,6.5,1.0,,38.5,7.0,,Co-Ed,,,,,,0.57,0.56985,110.0,5.0,-2.0,0.55,143.0,5.0,-2.0,0.1397,0.3152,0.32353,0.47821,7.0,0.5833,5.0,1.0,0.0,1.0,,,,,,,,,,,,,,,,,,,,,,,,,,,,,,,,,,,,42.0,3.0,,,,,,,,,33.0,12.0,,,
4.0,Alyssa & Josiah,TARUS37,3.45,3.45455,101.0,2.0,2.0,3.0,65.0,2.0,2.0,11.0,11.0,0.3244,0.4668,1.0,0.0909,7.0,0.6364,1.61604,2.0,2.0,0.1818,0.0,0.0,0.0,0.0,0.0,0.0,0.0,0.0,0.0,3.0,1.0,7.0,6.0,408.0,6.0,6.0,,,,31.0,32.0,,,,6.0,0.0,,31.5,1.0,,Co-Ed,,,,,,0.63,0.63458,70.0,2.0,2.0,0.71429,55.0,3.0,1.0,0.2692,0.4646,0.2546,0.24722,9.0,0.8182,2.0,1.0,0.0,1.0,,,,,,,,,,,,,,,,,,,,,,,,,,,,,,,,,,,,31.0,4.0,,,,,,,,,34.0,10.0,,,
5.0,Brett & Mark,TARUS37,3.8,3.8,125.0,4.0,1.0,3.0,65.0,2.0,3.0,10.0,10.0,0.2558,0.4127,2.0,0.2,5.0,0.5,2.56125,3.0,3.0,0.3,0.0,0.0,0.0,0.0,0.0,0.0,0.0,0.0,0.0,2.0,1.0,9.0,8.0,409.0,5.0,6.0,,,,36.0,37.0,,,,5.5,1.0,,36.5,1.0,,Male,,,,,,0.63,0.62839,74.0,3.0,2.0,0.675,75.0,4.0,1.0,0.2568,0.4503,0.32129,0.50778,7.0,0.7,3.0,1.0,0.0,1.0,,,,,,,,,,,,,,,,,,,,,,,,,,,,,,,,,,,,36.0,5.0,,,,,,,,,34.0,6.0,,,
6.0,Melinda & Erika,TARUS37,6.13,6.125,278.0,7.0,-1.0,5.5,237.0,7.0,-1.0,8.0,8.0,-0.2005,0.0526,0.0,0.0,0.0,0.0,2.71282,1.25,0.0,0.0,1.0,0.125,0.0,0.0,0.0,0.0,0.0,0.0,0.0,6.0,4.0,13.0,9.0,410.0,4.0,5.0,,,,66.0,32.0,,,,4.5,1.0,,49.0,34.0,,Female,,,,,,0.38,0.38425,247.0,8.0,-2.0,0.35417,240.0,9.0,-3.0,-0.2315,-0.1132,0.24938,0.41042,3.0,0.375,5.0,0.7,0.0,0.7,,,,,,,,,,,,,,,,,,,,,,,,,,,,,,,,,,,,66.0,6.0,,,,,,,,,34.0,6.0,,,
7.0,Nick & Mike,TARUS37,7.57,7.57143,324.0,10.0,-3.0,7.0,293.0,8.0,-1.0,7.0,7.0,-0.4825,-0.17,0.0,0.0,0.0,0.0,1.17803,1.0,0.0,0.0,1.0,0.1429,0.0,0.0,0.0,0.0,0.0,0.0,0.0,7.0,6.0,10.0,4.0,411.0,4.0,3.0,,,,32.0,38.0,,,,3.5,1.0,,35.0,6.0,,Male,,,,,,0.24,0.24461,326.0,13.0,-6.0,0.22222,313.0,13.0,-6.0,-0.5108,-0.4354,0.17534,0.11266,1.0,0.1429,6.0,0.61538,0.0,0.61538,,,,,,,,,,,,,,,,,,,,,,,,,,,,,,,,,,,,32.0,7.0,,,,,,,,,35.0,9.0,,,
8.0,Pops & Jeff,TARUS37,7.5,7.5,322.0,8.0,0.0,7.5,315.0,10.0,-2.0,6.0,6.0,-0.4688,-0.1592,0.0,0.0,0.0,0.0,2.21736,2.5,0.0,0.0,1.0,0.1667,0.0,0.0,0.0,0.0,0.0,0.0,0.0,,4.0,11.0,7.0,412.0,4.0,3.0,,,,65.0,36.0,,,,3.5,1.0,,50.5,29.0,,Male,,,,,,0.32,0.32024,287.0,11.0,-3.0,0.34266,249.0,11.0,-3.0,-0.3595,-0.2609,0.22268,0.34761,2.0,0.3333,4.0,0.625,0.0,0.625,,,,,,,,,,,,,,,,,,,,,,,,,,,,,,,,,,,,65.0,8.0,,,,,,,,,36.0,5.0,,,
9.0,Scott & Lori,TARUS37,5.0,5.0,203.0,5.0,4.0,3.0,65.0,2.0,7.0,5.0,5.0,0.0208,0.2272,1.0,0.2,3.0,0.6,3.74166,7.0,1.0,0.2,0.0,0.0,0.0,0.0,0.0,1.0,0.0,0.0,0.0,,1.0,10.0,9.0,413.0,3.0,2.0,,,,47.0,49.0,,,,2.5,1.0,,48.0,2.0,,Co-Ed,,,,,,0.6,0.59891,98.0,4.0,5.0,0.77778,34.0,2.0,7.0,0.1978,0.3823,0.38277,0.6014,3.0,0.6,2.0,1.0,0.0,1.0,,,,,,,,,,,,,,,,,,,,,,,,,,,,,,,,,,,,47.0,9.0,,,,,,,,,36.0,7.0,,,
10.0,Bernie & Carrigain,TARUS37,8.0,8.0,334.0,11.0,-1.0,9.0,341.0,13.0,-3.0,4.0,4.0,-0.5667,-0.2365,0.0,0.0,0.0,0.0,2.44949,3.0,0.0,0.0,1.0,0.25,0.0,0.0,0.0,0.0,0.0,0.0,0.0,10.0,4.0,10.0,6.0,414.0,2.0,2.0,,,,31.0,33.0,,,,2.0,0.0,,32.0,2.0,,Female,,,,,,0.31,0.30822,296.0,12.0,-2.0,0.23182,310.0,12.0,-2.0,-0.3836,-0.2886,0.29747,0.39003,1.0,0.25,3.0,0.76923,0.0,0.76923,,,,,,,,,,,,,,,,,,,,,,,,,,,,,,,,,,,,31.0,10.0,,,,,,,,,37.0,8.0,,,
11.0,Courtney & Jasmin,TARUS37,8.0,8.0,334.0,11.0,0.0,7.0,293.0,8.0,3.0,3.0,3.0,-0.5667,-0.2365,0.0,0.0,0.0,0.0,2.16025,2.5,0.0,0.0,1.0,0.3333,0.0,0.0,0.0,0.0,0.0,0.0,0.0,,6.0,11.0,5.0,415.0,2.0,1.0,,,,33.0,34.0,,,,1.5,1.0,,33.5,1.0,,Female,,,,,,0.36,0.36131,261.0,10.0,1.0,0.53846,151.0,6.0,5.0,-0.2774,-0.1661,0.2555,0.27273,2.0,0.6667,1.0,0.54545,0.0,0.54545,,,,,,,,,,,,,,,,,,,,,,,,,,,,,,,,,,,,33.0,11.0,,,,,,,,,37.0,1.0,,,
12.0,Ernest & Bridget,TARUS37,7.5,7.5,322.0,8.0,4.0,7.5,315.0,10.0,2.0,2.0,2.0,-0.4688,-0.1592,0.0,0.0,1.0,0.5,4.5,4.5,0.0,0.0,0.0,0.0,0.0,0.0,0.0,0.0,0.0,0.0,0.0,,3.0,12.0,9.0,416.0,1.0,1.0,,,,59.0,28.0,,,,1.0,0.0,,43.5,31.0,,Co-Ed,,,,,,0.42,0.42308,221.0,7.0,5.0,0.42308,206.0,8.0,4.0,-0.1538,-0.0235,0.42308,0.42308,1.0,0.5,1.0,0.84615,0.0,0.84615,,,,,,,,,,,,,,,,,,,,,,,,,,,,,,,,,,,,59.0,12.0,,,,,,,,,38.0,7.0,,,
13.0,Mark & Larry,TARUS37,8.0,8.0,334.0,11.0,2.0,8.0,319.0,12.0,1.0,1.0,1.0,-0.5667,-0.2365,0.0,0.0,0.0,0.0,0.0,0.0,0.0,0.0,0.0,0.0,0.0,0.0,0.0,0.0,0.0,0.0,0.0,,8.0,8.0,0.0,417.0,1.0,0.0,,,,63.0,59.0,,,,0.5,1.0,,61.0,4.0,,Male,,,,,,0.46,0.46154,188.0,6.0,7.0,0.46154,188.0,7.0,6.0,-0.0769,0.0652,0.0,0.0,0.0,0.0,1.0,0.46154,0.46154,0.0,,,,,,,,,,,,,,,,,,,,,,,,,,,,,,,,,,,,63.0,13.0,,,,,,,,,45.0,3.0,,,
14.0,Jackye & Lauren,TARUS37,14.0,14.0,418.0,14.0,0.0,14.0,418.0,14.0,0.0,1.0,1.0,-1.7417,-1.1638,0.0,0.0,0.0,0.0,0.0,0.0,0.0,0.0,0.0,0.0,0.0,0.0,0.0,0.0,0.0,0.0,0.0,,14.0,14.0,0.0,418.0,0.0,1.0,,,,51.0,61.0,,,,0.5,1.0,,56.0,10.0,,Female,,,,,,0.0,0.0,385.0,14.0,0.0,0.0,385.0,14.0,0.0,-1.0,-1.0,0.0,0.0,0.0,0.0,1.0,0.0,0.0,0.0,,,,,,,,,,,,,,,,,,,,,,,,,,,,,,,,,,,,51.0,14.0,,,,,,,,,49.0,10.0,,,
,,,,,,,,,,,,,,,,,,,,,,,,,,,,,,,,,,,,,419.0,,,,,,,,,,,,,,,,,,,,,,,,,,,,,,,,,,,,,,,,,,,,,,,,,,,,,,,,,,,,,,,,,,,,,,,,,,,,,29.0,1.0,,,,,,,,,,,,,
,,,,,,,,,,,,,,,,,,,,,,,,,,,,,,,,,,,,,420.0,,,,,,,,,,,,,,,,,,,,,,,,,,,,,,,,,,,,,,,,,,,,,,,,,,,,,,,,,,,,,,,,,,,,,,,,,,,,,28.0,2.0,,,,,,,,,,,,,
,,,,,,,,,,,,,,,,,,,,,,,,,,,,,,,,,,,,,421.0,,,,,,,,,,,,,,,,,,,,,,,,,,,,,,,,,,,,,,,,,,,,,,,,,,,,,,,,,,,,,,,,,,,,,,,,,,,,,47.0,3.0,,,,,,,,,,,,,
,,,,,,,,,,,,,,,,,,,,,,,,,,,,,,,,,,,,,422.0,,,,,,,,,,,,,,,,,,,,,,,,,,,,,,,,,,,,,,,,,,,,,,,,,,,,,,,,,,,,,,,,,,,,,,,,,,,,,35.0,4.0,,,,,,,,,,,,,
,,,,,,,,,,,,,,,,,,,,,,,,,,,,,,,,,,,,,423.0,,,,,,,,,,,,,,,,,,,,,,,,,,,,,,,,,,,,,,,,,,,,,,,,,,,,,,,,,,,,,,,,,,,,,,,,,,,,,21.0,5.0,,,,,,,,,,,,,
,,,,,,,,,,,,,,,,,,,,,,,,,,,,,,,,,,,,,,,,,,,,,,,,,,,,,,,,,,,,,,,,,,,,,,,,,,,,,,,,,,,,,,,,,,,,,,,,,,,,,,,,,,,,,,,,,,30.0,6.0,,,,,,,,,,,,,
,,,,,,,,,,,,,,,,,,,,,,,,,,,,,,,,,,,,,,,,,,,,,,,,,,,,,,,,,,,,,,,,,,,,,,,,,,,,,,,,,,,,,,,,,,,,,,,,,,,,,,,,,,,,,,,,,,27.0,7.0,,,,,,,,,,,,,
,,,,,,,,,,,,,,,,,,,,,,,,,,,,,,,,,,,,,,,,,,,,,,,,,,,,,,,,,,,,,,,,,,,,,,,,,,,,,,,,,,,,,,,,,,,,,,,,,,,,,,,,,,,,,,,,,,60.0,8.0,,,,,,,,,,,,,
,,,,,,,,,,,,,,,,,,,,,,,,,,,,,,,,,,,,,,,,,,,,,,,,,,,,,,,,,,,,,,,,,,,,,,,,,,,,,,,,,,,,,,,,,,,,,,,,,,,,,,,,,,,,,,,,,,42.0,9.0,,,,,,,,,,,,,
,,,,,,,,,,,,,,,,,,,,,,,,,,,,,,,,,,,,,,,,,,,,,,,,,,,,,,,,,,,,,,,,,,,,,,,,,,,,,,,,,,,,,,,,,,,,,,,,,,,,,,,,,,,,,,,,,,27.0,10.0,,,,,,,,,,,,,
,,,,,,,,,,,,,,,,,,,,,,,,,,,,,,,,,,,,,,,,,,,,,,,,,,,,,,,,,,,,,,,,,,,,,,,,,,,,,,,,,,,,,,,,,,,,,,,,,,,,,,,,,,,,,,,,,,28.0,11.0,,,,,,,,,,,,,
,,,,,,,,,,,,,,,,,,,,,,,,,,,,,,,,,,,,,,,,,,,,,,,,,,,,,,,,,,,,,,,,,,,,,,,,,,,,,,,,,,,,,,,,,,,,,,,,,,,,,,,,,,,,,,,,,,24.0,1.0,,,,,,,,,,,,,
,,,,,,,,,,,,,,,,,,,,,,,,,,,,,,,,,,,,,,,,,,,,,,,,,,,,,,,,,,,,,,,,,,,,,,,,,,,,,,,,,,,,,,,,,,,,,,,,,,,,,,,,,,,,,,,,,,37.0,2.0,,,,,,,,,,,,,
,,,,,,,,,,,,,,,,,,,,,,,,,,,,,,,,,,,,,,,,,,,,,,,,,,,,,,,,,,,,,,,,,,,,,,,,,,,,,,,,,,,,,,,,,,,,,,,,,,,,,,,,,,,,,,,,,,21.0,3.0,,,,,,,,,,,,,
,,,,,,,,,,,,,,,,,,,,,,,,,,,,,,,,,,,,,,,,,,,,,,,,,,,,,,,,,,,,,,,,,,,,,,,,,,,,,,,,,,,,,,,,,,,,,,,,,,,,,,,,,,,,,,,,,,36.0,4.0,,,,,,,,,,,,,
,,,,,,,,,,,,,,,,,,,,,,,,,,,,,,,,,,,,,,,,,,,,,,,,,,,,,,,,,,,,,,,,,,,,,,,,,,,,,,,,,,,,,,,,,,,,,,,,,,,,,,,,,,,,,,,,,,28.0,5.0,,,,,,,,,,,,,
,,,,,,,,,,,,,,,,,,,,,,,,,,,,,,,,,,,,,,,,,,,,,,,,,,,,,,,,,,,,,,,,,,,,,,,,,,,,,,,,,,,,,,,,,,,,,,,,,,,,,,,,,,,,,,,,,,33.0,6.0,,,,,,,,,,,,,
,,,,,,,,,,,,,,,,,,,,,,,,,,,,,,,,,,,,,,,,,,,,,,,,,,,,,,,,,,,,,,,,,,,,,,,,,,,,,,,,,,,,,,,,,,,,,,,,,,,,,,,,,,,,,,,,,,46.0,7.0,,,,,,,,,,,,,
,,,,,,,,,,,,,,,,,,,,,,,,,,,,,,,,,,,,,,,,,,,,,,,,,,,,,,,,,,,,,,,,,,,,,,,,,,,,,,,,,,,,,,,,,,,,,,,,,,,,,,,,,,,,,,,,,,27.0,8.0,,,,,,,,,,,,,
,,,,,,,,,,,,,,,,,,,,,,,,,,,,,,,,,,,,,,,,,,,,,,,,,,,,,,,,,,,,,,,,,,,,,,,,,,,,,,,,,,,,,,,,,,,,,,,,,,,,,,,,,,,,,,,,,,65.0,9.0,,,,,,,,,,,,,
,,,,,,,,,,,,,,,,,,,,,,,,,,,,,,,,,,,,,,,,,,,,,,,,,,,,,,,,,,,,,,,,,,,,,,,,,,,,,,,,,,,,,,,,,,,,,,,,,,,,,,,,,,,,,,,,,,39.0,10.0,,,,,,,,,,,,,
,,,,,,,,,,,,,,,,,,,,,,,,,,,,,,,,,,,,,,,,,,,,,,,,,,,,,,,,,,,,,,,,,,,,,,,,,,,,,,,,,,,,,,,,,,,,,,,,,,,,,,,,,,,,,,,,,,51.0,11.0,,,,,,,,,,,,,
,,,,,,,,,,,,,,,,,,,,,,,,,,,,,,,,,,,,,,,,,,,,,,,,,,,,,,,,,,,,,,,,,,,,,,,,,,,,,,,,,,,,,,,,,,,,,,,,,,,,,,,,,,,,,,,,,,23.0,1.0,,,,,,,,,,,,,
,,,,,,,,,,,,,,,,,,,,,,,,,,,,,,,,,,,,,,,,,,,,,,,,,,,,,,,,,,,,,,,,,,,,,,,,,,,,,,,,,,,,,,,,,,,,,,,,,,,,,,,,,,,,,,,,,,50.0,2.0,,,,,,,,,,,,,
,,,,,,,,,,,,,,,,,,,,,,,,,,,,,,,,,,,,,,,,,,,,,,,,,,,,,,,,,,,,,,,,,,,,,,,,,,,,,,,,,,,,,,,,,,,,,,,,,,,,,,,,,,,,,,,,,,35.0,3.0,,,,,,,,,,,,,
,,,,,,,,,,,,,,,,,,,,,,,,,,,,,,,,,,,,,,,,,,,,,,,,,,,,,,,,,,,,,,,,,,,,,,,,,,,,,,,,,,,,,,,,,,,,,,,,,,,,,,,,,,,,,,,,,,32.0,4.0,,,,,,,,,,,,,
,,,,,,,,,,,,,,,,,,,,,,,,,,,,,,,,,,,,,,,,,,,,,,,,,,,,,,,,,,,,,,,,,,,,,,,,,,,,,,,,,,,,,,,,,,,,,,,,,,,,,,,,,,,,,,,,,,24.0,5.0,,,,,,,,,,,,,
,,,,,,,,,,,,,,,,,,,,,,,,,,,,,,,,,,,,,,,,,,,,,,,,,,,,,,,,,,,,,,,,,,,,,,,,,,,,,,,,,,,,,,,,,,,,,,,,,,,,,,,,,,,,,,,,,,33.0,6.0,,,,,,,,,,,,,
,,,,,,,,,,,,,,,,,,,,,,,,,,,,,,,,,,,,,,,,,,,,,,,,,,,,,,,,,,,,,,,,,,,,,,,,,,,,,,,,,,,,,,,,,,,,,,,,,,,,,,,,,,,,,,,,,,27.0,7.0,,,,,,,,,,,,,
,,,,,,,,,,,,,,,,,,,,,,,,,,,,,,,,,,,,,,,,,,,,,,,,,,,,,,,,,,,,,,,,,,,,,,,,,,,,,,,,,,,,,,,,,,,,,,,,,,,,,,,,,,,,,,,,,,31.0,8.0,,,,,,,,,,,,,
,,,,,,,,,,,,,,,,,,,,,,,,,,,,,,,,,,,,,,,,,,,,,,,,,,,,,,,,,,,,,,,,,,,,,,,,,,,,,,,,,,,,,,,,,,,,,,,,,,,,,,,,,,,,,,,,,,25.0,9.0,,,,,,,,,,,,,
,,,,,,,,,,,,,,,,,,,,,,,,,,,,,,,,,,,,,,,,,,,,,,,,,,,,,,,,,,,,,,,,,,,,,,,,,,,,,,,,,,,,,,,,,,,,,,,,,,,,,,,,,,,,,,,,,,21.0,10.0,,,,,,,,,,,,,
,,,,,,,,,,,,,,,,,,,,,,,,,,,,,,,,,,,,,,,,,,,,,,,,,,,,,,,,,,,,,,,,,,,,,,,,,,,,,,,,,,,,,,,,,,,,,,,,,,,,,,,,,,,,,,,,,,29.0,11.0,,,,,,,,,,,,,
,,,,,,,,,,,,,,,,,,,,,,,,,,,,,,,,,,,,,,,,,,,,,,,,,,,,,,,,,,,,,,,,,,,,,,,,,,,,,,,,,,,,,,,,,,,,,,,,,,,,,,,,,,,,,,,,,,35.0,12.0,,,,,,,,,,,,,
,,,,,,,,,,,,,,,,,,,,,,,,,,,,,,,,,,,,,,,,,,,,,,,,,,,,,,,,,,,,,,,,,,,,,,,,,,,,,,,,,,,,,,,,,,,,,,,,,,,,,,,,,,,,,,,,,,36.0,1.0,,,,,,,,,,,,,
,,,,,,,,,,,,,,,,,,,,,,,,,,,,,,,,,,,,,,,,,,,,,,,,,,,,,,,,,,,,,,,,,,,,,,,,,,,,,,,,,,,,,,,,,,,,,,,,,,,,,,,,,,,,,,,,,,28.0,2.0,,,,,,,,,,,,,
,,,,,,,,,,,,,,,,,,,,,,,,,,,,,,,,,,,,,,,,,,,,,,,,,,,,,,,,,,,,,,,,,,,,,,,,,,,,,,,,,,,,,,,,,,,,,,,,,,,,,,,,,,,,,,,,,,37.0,3.0,,,,,,,,,,,,,
,,,,,,,,,,,,,,,,,,,,,,,,,,,,,,,,,,,,,,,,,,,,,,,,,,,,,,,,,,,,,,,,,,,,,,,,,,,,,,,,,,,,,,,,,,,,,,,,,,,,,,,,,,,,,,,,,,34.0,4.0,,,,,,,,,,,,,
,,,,,,,,,,,,,,,,,,,,,,,,,,,,,,,,,,,,,,,,,,,,,,,,,,,,,,,,,,,,,,,,,,,,,,,,,,,,,,,,,,,,,,,,,,,,,,,,,,,,,,,,,,,,,,,,,,28.0,5.0,,,,,,,,,,,,,
,,,,,,,,,,,,,,,,,,,,,,,,,,,,,,,,,,,,,,,,,,,,,,,,,,,,,,,,,,,,,,,,,,,,,,,,,,,,,,,,,,,,,,,,,,,,,,,,,,,,,,,,,,,,,,,,,,33.0,6.0,,,,,,,,,,,,,
,,,,,,,,,,,,,,,,,,,,,,,,,,,,,,,,,,,,,,,,,,,,,,,,,,,,,,,,,,,,,,,,,,,,,,,,,,,,,,,,,,,,,,,,,,,,,,,,,,,,,,,,,,,,,,,,,,31.0,7.0,,,,,,,,,,,,,
,,,,,,,,,,,,,,,,,,,,,,,,,,,,,,,,,,,,,,,,,,,,,,,,,,,,,,,,,,,,,,,,,,,,,,,,,,,,,,,,,,,,,,,,,,,,,,,,,,,,,,,,,,,,,,,,,,43.0,8.0,,,,,,,,,,,,,
,,,,,,,,,,,,,,,,,,,,,,,,,,,,,,,,,,,,,,,,,,,,,,,,,,,,,,,,,,,,,,,,,,,,,,,,,,,,,,,,,,,,,,,,,,,,,,,,,,,,,,,,,,,,,,,,,,21.0,9.0,,,,,,,,,,,,,
,,,,,,,,,,,,,,,,,,,,,,,,,,,,,,,,,,,,,,,,,,,,,,,,,,,,,,,,,,,,,,,,,,,,,,,,,,,,,,,,,,,,,,,,,,,,,,,,,,,,,,,,,,,,,,,,,,39.0,10.0,,,,,,,,,,,,,
,,,,,,,,,,,,,,,,,,,,,,,,,,,,,,,,,,,,,,,,,,,,,,,,,,,,,,,,,,,,,,,,,,,,,,,,,,,,,,,,,,,,,,,,,,,,,,,,,,,,,,,,,,,,,,,,,,28.0,11.0,,,,,,,,,,,,,
,,,,,,,,,,,,,,,,,,,,,,,,,,,,,,,,,,,,,,,,,,,,,,,,,,,,,,,,,,,,,,,,,,,,,,,,,,,,,,,,,,,,,,,,,,,,,,,,,,,,,,,,,,,,,,,,,,49.0,12.0,,,,,,,,,,,,,
,,,,,,,,,,,,,,,,,,,,,,,,,,,,,,,,,,,,,,,,,,,,,,,,,,,,,,,,,,,,,,,,,,,,,,,,,,,,,,,,,,,,,,,,,,,,,,,,,,,,,,,,,,,,,,,,,,44.0,1.0,,,,,,,,,,,,,
,,,,,,,,,,,,,,,,,,,,,,,,,,,,,,,,,,,,,,,,,,,,,,,,,,,,,,,,,,,,,,,,,,,,,,,,,,,,,,,,,,,,,,,,,,,,,,,,,,,,,,,,,,,,,,,,,,26.0,2.0,,,,,,,,,,,,,
,,,,,,,,,,,,,,,,,,,,,,,,,,,,,,,,,,,,,,,,,,,,,,,,,,,,,,,,,,,,,,,,,,,,,,,,,,,,,,,,,,,,,,,,,,,,,,,,,,,,,,,,,,,,,,,,,,21.0,3.0,,,,,,,,,,,,,
,,,,,,,,,,,,,,,,,,,,,,,,,,,,,,,,,,,,,,,,,,,,,,,,,,,,,,,,,,,,,,,,,,,,,,,,,,,,,,,,,,,,,,,,,,,,,,,,,,,,,,,,,,,,,,,,,,41.0,4.0,,,,,,,,,,,,,
,,,,,,,,,,,,,,,,,,,,,,,,,,,,,,,,,,,,,,,,,,,,,,,,,,,,,,,,,,,,,,,,,,,,,,,,,,,,,,,,,,,,,,,,,,,,,,,,,,,,,,,,,,,,,,,,,,26.0,5.0,,,,,,,,,,,,,
,,,,,,,,,,,,,,,,,,,,,,,,,,,,,,,,,,,,,,,,,,,,,,,,,,,,,,,,,,,,,,,,,,,,,,,,,,,,,,,,,,,,,,,,,,,,,,,,,,,,,,,,,,,,,,,,,,27.0,6.0,,,,,,,,,,,,,
,,,,,,,,,,,,,,,,,,,,,,,,,,,,,,,,,,,,,,,,,,,,,,,,,,,,,,,,,,,,,,,,,,,,,,,,,,,,,,,,,,,,,,,,,,,,,,,,,,,,,,,,,,,,,,,,,,26.0,7.0,,,,,,,,,,,,,
,,,,,,,,,,,,,,,,,,,,,,,,,,,,,,,,,,,,,,,,,,,,,,,,,,,,,,,,,,,,,,,,,,,,,,,,,,,,,,,,,,,,,,,,,,,,,,,,,,,,,,,,,,,,,,,,,,54.0,8.0,,,,,,,,,,,,,
,,,,,,,,,,,,,,,,,,,,,,,,,,,,,,,,,,,,,,,,,,,,,,,,,,,,,,,,,,,,,,,,,,,,,,,,,,,,,,,,,,,,,,,,,,,,,,,,,,,,,,,,,,,,,,,,,,26.0,9.0,,,,,,,,,,,,,
,,,,,,,,,,,,,,,,,,,,,,,,,,,,,,,,,,,,,,,,,,,,,,,,,,,,,,,,,,,,,,,,,,,,,,,,,,,,,,,,,,,,,,,,,,,,,,,,,,,,,,,,,,,,,,,,,,21.0,10.0,,,,,,,,,,,,,
,,,,,,,,,,,,,,,,,,,,,,,,,,,,,,,,,,,,,,,,,,,,,,,,,,,,,,,,,,,,,,,,,,,,,,,,,,,,,,,,,,,,,,,,,,,,,,,,,,,,,,,,,,,,,,,,,,27.0,11.0,,,,,,,,,,,,,
,,,,,,,,,,,,,,,,,,,,,,,,,,,,,,,,,,,,,,,,,,,,,,,,,,,,,,,,,,,,,,,,,,,,,,,,,,,,,,,,,,,,,,,,,,,,,,,,,,,,,,,,,,,,,,,,,,25.0,1.0,,,,,,,,,,,,,
,,,,,,,,,,,,,,,,,,,,,,,,,,,,,,,,,,,,,,,,,,,,,,,,,,,,,,,,,,,,,,,,,,,,,,,,,,,,,,,,,,,,,,,,,,,,,,,,,,,,,,,,,,,,,,,,,,29.0,2.0,,,,,,,,,,,,,
,,,,,,,,,,,,,,,,,,,,,,,,,,,,,,,,,,,,,,,,,,,,,,,,,,,,,,,,,,,,,,,,,,,,,,,,,,,,,,,,,,,,,,,,,,,,,,,,,,,,,,,,,,,,,,,,,,29.0,3.0,,,,,,,,,,,,,
,,,,,,,,,,,,,,,,,,,,,,,,,,,,,,,,,,,,,,,,,,,,,,,,,,,,,,,,,,,,,,,,,,,,,,,,,,,,,,,,,,,,,,,,,,,,,,,,,,,,,,,,,,,,,,,,,,31.0,4.0,,,,,,,,,,,,,
,,,,,,,,,,,,,,,,,,,,,,,,,,,,,,,,,,,,,,,,,,,,,,,,,,,,,,,,,,,,,,,,,,,,,,,,,,,,,,,,,,,,,,,,,,,,,,,,,,,,,,,,,,,,,,,,,,38.0,5.0,,,,,,,,,,,,,
,,,,,,,,,,,,,,,,,,,,,,,,,,,,,,,,,,,,,,,,,,,,,,,,,,,,,,,,,,,,,,,,,,,,,,,,,,,,,,,,,,,,,,,,,,,,,,,,,,,,,,,,,,,,,,,,,,32.0,6.0,,,,,,,,,,,,,
,,,,,,,,,,,,,,,,,,,,,,,,,,,,,,,,,,,,,,,,,,,,,,,,,,,,,,,,,,,,,,,,,,,,,,,,,,,,,,,,,,,,,,,,,,,,,,,,,,,,,,,,,,,,,,,,,,24.0,7.0,,,,,,,,,,,,,
,,,,,,,,,,,,,,,,,,,,,,,,,,,,,,,,,,,,,,,,,,,,,,,,,,,,,,,,,,,,,,,,,,,,,,,,,,,,,,,,,,,,,,,,,,,,,,,,,,,,,,,,,,,,,,,,,,66.0,8.0,,,,,,,,,,,,,
,,,,,,,,,,,,,,,,,,,,,,,,,,,,,,,,,,,,,,,,,,,,,,,,,,,,,,,,,,,,,,,,,,,,,,,,,,,,,,,,,,,,,,,,,,,,,,,,,,,,,,,,,,,,,,,,,,26.0,9.0,,,,,,,,,,,,,
,,,,,,,,,,,,,,,,,,,,,,,,,,,,,,,,,,,,,,,,,,,,,,,,,,,,,,,,,,,,,,,,,,,,,,,,,,,,,,,,,,,,,,,,,,,,,,,,,,,,,,,,,,,,,,,,,,26.0,10.0,,,,,,,,,,,,,
,,,,,,,,,,,,,,,,,,,,,,,,,,,,,,,,,,,,,,,,,,,,,,,,,,,,,,,,,,,,,,,,,,,,,,,,,,,,,,,,,,,,,,,,,,,,,,,,,,,,,,,,,,,,,,,,,,32.0,11.0,,,,,,,,,,,,,
,,,,,,,,,,,,,,,,,,,,,,,,,,,,,,,,,,,,,,,,,,,,,,,,,,,,,,,,,,,,,,,,,,,,,,,,,,,,,,,,,,,,,,,,,,,,,,,,,,,,,,,,,,,,,,,,,,44.0,1.0,,,,,,,,,,,,,
,,,,,,,,,,,,,,,,,,,,,,,,,,,,,,,,,,,,,,,,,,,,,,,,,,,,,,,,,,,,,,,,,,,,,,,,,,,,,,,,,,,,,,,,,,,,,,,,,,,,,,,,,,,,,,,,,,26.0,2.0,,,,,,,,,,,,,
,,,,,,,,,,,,,,,,,,,,,,,,,,,,,,,,,,,,,,,,,,,,,,,,,,,,,,,,,,,,,,,,,,,,,,,,,,,,,,,,,,,,,,,,,,,,,,,,,,,,,,,,,,,,,,,,,,26.0,3.0,,,,,,,,,,,,,
,,,,,,,,,,,,,,,,,,,,,,,,,,,,,,,,,,,,,,,,,,,,,,,,,,,,,,,,,,,,,,,,,,,,,,,,,,,,,,,,,,,,,,,,,,,,,,,,,,,,,,,,,,,,,,,,,,66.0,4.0,,,,,,,,,,,,,
,,,,,,,,,,,,,,,,,,,,,,,,,,,,,,,,,,,,,,,,,,,,,,,,,,,,,,,,,,,,,,,,,,,,,,,,,,,,,,,,,,,,,,,,,,,,,,,,,,,,,,,,,,,,,,,,,,22.0,5.0,,,,,,,,,,,,,
,,,,,,,,,,,,,,,,,,,,,,,,,,,,,,,,,,,,,,,,,,,,,,,,,,,,,,,,,,,,,,,,,,,,,,,,,,,,,,,,,,,,,,,,,,,,,,,,,,,,,,,,,,,,,,,,,,24.0,6.0,,,,,,,,,,,,,
,,,,,,,,,,,,,,,,,,,,,,,,,,,,,,,,,,,,,,,,,,,,,,,,,,,,,,,,,,,,,,,,,,,,,,,,,,,,,,,,,,,,,,,,,,,,,,,,,,,,,,,,,,,,,,,,,,27.0,7.0,,,,,,,,,,,,,
,,,,,,,,,,,,,,,,,,,,,,,,,,,,,,,,,,,,,,,,,,,,,,,,,,,,,,,,,,,,,,,,,,,,,,,,,,,,,,,,,,,,,,,,,,,,,,,,,,,,,,,,,,,,,,,,,,26.0,8.0,,,,,,,,,,,,,
,,,,,,,,,,,,,,,,,,,,,,,,,,,,,,,,,,,,,,,,,,,,,,,,,,,,,,,,,,,,,,,,,,,,,,,,,,,,,,,,,,,,,,,,,,,,,,,,,,,,,,,,,,,,,,,,,,26.0,9.0,,,,,,,,,,,,,
,,,,,,,,,,,,,,,,,,,,,,,,,,,,,,,,,,,,,,,,,,,,,,,,,,,,,,,,,,,,,,,,,,,,,,,,,,,,,,,,,,,,,,,,,,,,,,,,,,,,,,,,,,,,,,,,,,31.0,10.0,,,,,,,,,,,,,
,,,,,,,,,,,,,,,,,,,,,,,,,,,,,,,,,,,,,,,,,,,,,,,,,,,,,,,,,,,,,,,,,,,,,,,,,,,,,,,,,,,,,,,,,,,,,,,,,,,,,,,,,,,,,,,,,,31.0,11.0,,,,,,,,,,,,,
,,,,,,,,,,,,,,,,,,,,,,,,,,,,,,,,,,,,,,,,,,,,,,,,,,,,,,,,,,,,,,,,,,,,,,,,,,,,,,,,,,,,,,,,,,,,,,,,,,,,,,,,,,,,,,,,,,22.0,1.0,,,,,,,,,,,,,
,,,,,,,,,,,,,,,,,,,,,,,,,,,,,,,,,,,,,,,,,,,,,,,,,,,,,,,,,,,,,,,,,,,,,,,,,,,,,,,,,,,,,,,,,,,,,,,,,,,,,,,,,,,,,,,,,,25.0,2.0,,,,,,,,,,,,,
,,,,,,,,,,,,,,,,,,,,,,,,,,,,,,,,,,,,,,,,,,,,,,,,,,,,,,,,,,,,,,,,,,,,,,,,,,,,,,,,,,,,,,,,,,,,,,,,,,,,,,,,,,,,,,,,,,19.0,3.0,,,,,,,,,,,,,
,,,,,,,,,,,,,,,,,,,,,,,,,,,,,,,,,,,,,,,,,,,,,,,,,,,,,,,,,,,,,,,,,,,,,,,,,,,,,,,,,,,,,,,,,,,,,,,,,,,,,,,,,,,,,,,,,,39.0,4.0,,,,,,,,,,,,,
,,,,,,,,,,,,,,,,,,,,,,,,,,,,,,,,,,,,,,,,,,,,,,,,,,,,,,,,,,,,,,,,,,,,,,,,,,,,,,,,,,,,,,,,,,,,,,,,,,,,,,,,,,,,,,,,,,52.0,5.0,,,,,,,,,,,,,
,,,,,,,,,,,,,,,,,,,,,,,,,,,,,,,,,,,,,,,,,,,,,,,,,,,,,,,,,,,,,,,,,,,,,,,,,,,,,,,,,,,,,,,,,,,,,,,,,,,,,,,,,,,,,,,,,,42.0,6.0,,,,,,,,,,,,,
,,,,,,,,,,,,,,,,,,,,,,,,,,,,,,,,,,,,,,,,,,,,,,,,,,,,,,,,,,,,,,,,,,,,,,,,,,,,,,,,,,,,,,,,,,,,,,,,,,,,,,,,,,,,,,,,,,39.0,7.0,,,,,,,,,,,,,
,,,,,,,,,,,,,,,,,,,,,,,,,,,,,,,,,,,,,,,,,,,,,,,,,,,,,,,,,,,,,,,,,,,,,,,,,,,,,,,,,,,,,,,,,,,,,,,,,,,,,,,,,,,,,,,,,,31.0,8.0,,,,,,,,,,,,,
,,,,,,,,,,,,,,,,,,,,,,,,,,,,,,,,,,,,,,,,,,,,,,,,,,,,,,,,,,,,,,,,,,,,,,,,,,,,,,,,,,,,,,,,,,,,,,,,,,,,,,,,,,,,,,,,,,42.0,9.0,,,,,,,,,,,,,
,,,,,,,,,,,,,,,,,,,,,,,,,,,,,,,,,,,,,,,,,,,,,,,,,,,,,,,,,,,,,,,,,,,,,,,,,,,,,,,,,,,,,,,,,,,,,,,,,,,,,,,,,,,,,,,,,,11.0,10.0,,,,,,,,,,,,,
,,,,,,,,,,,,,,,,,,,,,,,,,,,,,,,,,,,,,,,,,,,,,,,,,,,,,,,,,,,,,,,,,,,,,,,,,,,,,,,,,,,,,,,,,,,,,,,,,,,,,,,,,,,,,,,,,,25.0,1.0,,,,,,,,,,,,,
,,,,,,,,,,,,,,,,,,,,,,,,,,,,,,,,,,,,,,,,,,,,,,,,,,,,,,,,,,,,,,,,,,,,,,,,,,,,,,,,,,,,,,,,,,,,,,,,,,,,,,,,,,,,,,,,,,26.0,2.0,,,,,,,,,,,,,
,,,,,,,,,,,,,,,,,,,,,,,,,,,,,,,,,,,,,,,,,,,,,,,,,,,,,,,,,,,,,,,,,,,,,,,,,,,,,,,,,,,,,,,,,,,,,,,,,,,,,,,,,,,,,,,,,,27.0,3.0,,,,,,,,,,,,,
,,,,,,,,,,,,,,,,,,,,,,,,,,,,,,,,,,,,,,,,,,,,,,,,,,,,,,,,,,,,,,,,,,,,,,,,,,,,,,,,,,,,,,,,,,,,,,,,,,,,,,,,,,,,,,,,,,23.0,4.0,,,,,,,,,,,,,
,,,,,,,,,,,,,,,,,,,,,,,,,,,,,,,,,,,,,,,,,,,,,,,,,,,,,,,,,,,,,,,,,,,,,,,,,,,,,,,,,,,,,,,,,,,,,,,,,,,,,,,,,,,,,,,,,,63.0,5.0,,,,,,,,,,,,,
,,,,,,,,,,,,,,,,,,,,,,,,,,,,,,,,,,,,,,,,,,,,,,,,,,,,,,,,,,,,,,,,,,,,,,,,,,,,,,,,,,,,,,,,,,,,,,,,,,,,,,,,,,,,,,,,,,36.0,6.0,,,,,,,,,,,,,
,,,,,,,,,,,,,,,,,,,,,,,,,,,,,,,,,,,,,,,,,,,,,,,,,,,,,,,,,,,,,,,,,,,,,,,,,,,,,,,,,,,,,,,,,,,,,,,,,,,,,,,,,,,,,,,,,,25.0,7.0,,,,,,,,,,,,,
,,,,,,,,,,,,,,,,,,,,,,,,,,,,,,,,,,,,,,,,,,,,,,,,,,,,,,,,,,,,,,,,,,,,,,,,,,,,,,,,,,,,,,,,,,,,,,,,,,,,,,,,,,,,,,,,,,22.0,8.0,,,,,,,,,,,,,
,,,,,,,,,,,,,,,,,,,,,,,,,,,,,,,,,,,,,,,,,,,,,,,,,,,,,,,,,,,,,,,,,,,,,,,,,,,,,,,,,,,,,,,,,,,,,,,,,,,,,,,,,,,,,,,,,,24.0,9.0,,,,,,,,,,,,,
,,,,,,,,,,,,,,,,,,,,,,,,,,,,,,,,,,,,,,,,,,,,,,,,,,,,,,,,,,,,,,,,,,,,,,,,,,,,,,,,,,,,,,,,,,,,,,,,,,,,,,,,,,,,,,,,,,44.0,10.0,,,,,,,,,,,,,
,,,,,,,,,,,,,,,,,,,,,,,,,,,,,,,,,,,,,,,,,,,,,,,,,,,,,,,,,,,,,,,,,,,,,,,,,,,,,,,,,,,,,,,,,,,,,,,,,,,,,,,,,,,,,,,,,,38.0,11.0,,,,,,,,,,,,,
,,,,,,,,,,,,,,,,,,,,,,,,,,,,,,,,,,,,,,,,,,,,,,,,,,,,,,,,,,,,,,,,,,,,,,,,,,,,,,,,,,,,,,,,,,,,,,,,,,,,,,,,,,,,,,,,,,27.0,1.0,,,,,,,,,,,,,
,,,,,,,,,,,,,,,,,,,,,,,,,,,,,,,,,,,,,,,,,,,,,,,,,,,,,,,,,,,,,,,,,,,,,,,,,,,,,,,,,,,,,,,,,,,,,,,,,,,,,,,,,,,,,,,,,,28.0,2.0,,,,,,,,,,,,,
,,,,,,,,,,,,,,,,,,,,,,,,,,,,,,,,,,,,,,,,,,,,,,,,,,,,,,,,,,,,,,,,,,,,,,,,,,,,,,,,,,,,,,,,,,,,,,,,,,,,,,,,,,,,,,,,,,32.0,3.0,,,,,,,,,,,,,
,,,,,,,,,,,,,,,,,,,,,,,,,,,,,,,,,,,,,,,,,,,,,,,,,,,,,,,,,,,,,,,,,,,,,,,,,,,,,,,,,,,,,,,,,,,,,,,,,,,,,,,,,,,,,,,,,,24.0,4.0,,,,,,,,,,,,,
,,,,,,,,,,,,,,,,,,,,,,,,,,,,,,,,,,,,,,,,,,,,,,,,,,,,,,,,,,,,,,,,,,,,,,,,,,,,,,,,,,,,,,,,,,,,,,,,,,,,,,,,,,,,,,,,,,29.0,5.0,,,,,,,,,,,,,
,,,,,,,,,,,,,,,,,,,,,,,,,,,,,,,,,,,,,,,,,,,,,,,,,,,,,,,,,,,,,,,,,,,,,,,,,,,,,,,,,,,,,,,,,,,,,,,,,,,,,,,,,,,,,,,,,,31.0,6.0,,,,,,,,,,,,,
,,,,,,,,,,,,,,,,,,,,,,,,,,,,,,,,,,,,,,,,,,,,,,,,,,,,,,,,,,,,,,,,,,,,,,,,,,,,,,,,,,,,,,,,,,,,,,,,,,,,,,,,,,,,,,,,,,31.0,7.0,,,,,,,,,,,,,
,,,,,,,,,,,,,,,,,,,,,,,,,,,,,,,,,,,,,,,,,,,,,,,,,,,,,,,,,,,,,,,,,,,,,,,,,,,,,,,,,,,,,,,,,,,,,,,,,,,,,,,,,,,,,,,,,,45.0,8.0,,,,,,,,,,,,,
,,,,,,,,,,,,,,,,,,,,,,,,,,,,,,,,,,,,,,,,,,,,,,,,,,,,,,,,,,,,,,,,,,,,,,,,,,,,,,,,,,,,,,,,,,,,,,,,,,,,,,,,,,,,,,,,,,26.0,9.0,,,,,,,,,,,,,
,,,,,,,,,,,,,,,,,,,,,,,,,,,,,,,,,,,,,,,,,,,,,,,,,,,,,,,,,,,,,,,,,,,,,,,,,,,,,,,,,,,,,,,,,,,,,,,,,,,,,,,,,,,,,,,,,,22.0,10.0,,,,,,,,,,,,,
,,,,,,,,,,,,,,,,,,,,,,,,,,,,,,,,,,,,,,,,,,,,,,,,,,,,,,,,,,,,,,,,,,,,,,,,,,,,,,,,,,,,,,,,,,,,,,,,,,,,,,,,,,,,,,,,,,26.0,11.0,,,,,,,,,,,,,
,,,,,,,,,,,,,,,,,,,,,,,,,,,,,,,,,,,,,,,,,,,,,,,,,,,,,,,,,,,,,,,,,,,,,,,,,,,,,,,,,,,,,,,,,,,,,,,,,,,,,,,,,,,,,,,,,,37.0,12.0,,,,,,,,,,,,,
,,,,,,,,,,,,,,,,,,,,,,,,,,,,,,,,,,,,,,,,,,,,,,,,,,,,,,,,,,,,,,,,,,,,,,,,,,,,,,,,,,,,,,,,,,,,,,,,,,,,,,,,,,,,,,,,,,23.0,1.0,,,,,,,,,,,,,
,,,,,,,,,,,,,,,,,,,,,,,,,,,,,,,,,,,,,,,,,,,,,,,,,,,,,,,,,,,,,,,,,,,,,,,,,,,,,,,,,,,,,,,,,,,,,,,,,,,,,,,,,,,,,,,,,,25.0,2.0,,,,,,,,,,,,,
,,,,,,,,,,,,,,,,,,,,,,,,,,,,,,,,,,,,,,,,,,,,,,,,,,,,,,,,,,,,,,,,,,,,,,,,,,,,,,,,,,,,,,,,,,,,,,,,,,,,,,,,,,,,,,,,,,30.0,3.0,,,,,,,,,,,,,
,,,,,,,,,,,,,,,,,,,,,,,,,,,,,,,,,,,,,,,,,,,,,,,,,,,,,,,,,,,,,,,,,,,,,,,,,,,,,,,,,,,,,,,,,,,,,,,,,,,,,,,,,,,,,,,,,,41.0,4.0,,,,,,,,,,,,,
,,,,,,,,,,,,,,,,,,,,,,,,,,,,,,,,,,,,,,,,,,,,,,,,,,,,,,,,,,,,,,,,,,,,,,,,,,,,,,,,,,,,,,,,,,,,,,,,,,,,,,,,,,,,,,,,,,46.0,5.0,,,,,,,,,,,,,
,,,,,,,,,,,,,,,,,,,,,,,,,,,,,,,,,,,,,,,,,,,,,,,,,,,,,,,,,,,,,,,,,,,,,,,,,,,,,,,,,,,,,,,,,,,,,,,,,,,,,,,,,,,,,,,,,,53.0,6.0,,,,,,,,,,,,,
,,,,,,,,,,,,,,,,,,,,,,,,,,,,,,,,,,,,,,,,,,,,,,,,,,,,,,,,,,,,,,,,,,,,,,,,,,,,,,,,,,,,,,,,,,,,,,,,,,,,,,,,,,,,,,,,,,54.0,7.0,,,,,,,,,,,,,
,,,,,,,,,,,,,,,,,,,,,,,,,,,,,,,,,,,,,,,,,,,,,,,,,,,,,,,,,,,,,,,,,,,,,,,,,,,,,,,,,,,,,,,,,,,,,,,,,,,,,,,,,,,,,,,,,,28.0,8.0,,,,,,,,,,,,,
,,,,,,,,,,,,,,,,,,,,,,,,,,,,,,,,,,,,,,,,,,,,,,,,,,,,,,,,,,,,,,,,,,,,,,,,,,,,,,,,,,,,,,,,,,,,,,,,,,,,,,,,,,,,,,,,,,32.0,9.0,,,,,,,,,,,,,
,,,,,,,,,,,,,,,,,,,,,,,,,,,,,,,,,,,,,,,,,,,,,,,,,,,,,,,,,,,,,,,,,,,,,,,,,,,,,,,,,,,,,,,,,,,,,,,,,,,,,,,,,,,,,,,,,,41.0,10.0,,,,,,,,,,,,,
,,,,,,,,,,,,,,,,,,,,,,,,,,,,,,,,,,,,,,,,,,,,,,,,,,,,,,,,,,,,,,,,,,,,,,,,,,,,,,,,,,,,,,,,,,,,,,,,,,,,,,,,,,,,,,,,,,32.0,11.0,,,,,,,,,,,,,
,,,,,,,,,,,,,,,,,,,,,,,,,,,,,,,,,,,,,,,,,,,,,,,,,,,,,,,,,,,,,,,,,,,,,,,,,,,,,,,,,,,,,,,,,,,,,,,,,,,,,,,,,,,,,,,,,,23.0,1.0,,,,,,,,,,,,,
,,,,,,,,,,,,,,,,,,,,,,,,,,,,,,,,,,,,,,,,,,,,,,,,,,,,,,,,,,,,,,,,,,,,,,,,,,,,,,,,,,,,,,,,,,,,,,,,,,,,,,,,,,,,,,,,,,26.0,2.0,,,,,,,,,,,,,
,,,,,,,,,,,,,,,,,,,,,,,,,,,,,,,,,,,,,,,,,,,,,,,,,,,,,,,,,,,,,,,,,,,,,,,,,,,,,,,,,,,,,,,,,,,,,,,,,,,,,,,,,,,,,,,,,,68.0,3.0,,,,,,,,,,,,,
,,,,,,,,,,,,,,,,,,,,,,,,,,,,,,,,,,,,,,,,,,,,,,,,,,,,,,,,,,,,,,,,,,,,,,,,,,,,,,,,,,,,,,,,,,,,,,,,,,,,,,,,,,,,,,,,,,23.0,4.0,,,,,,,,,,,,,
,,,,,,,,,,,,,,,,,,,,,,,,,,,,,,,,,,,,,,,,,,,,,,,,,,,,,,,,,,,,,,,,,,,,,,,,,,,,,,,,,,,,,,,,,,,,,,,,,,,,,,,,,,,,,,,,,,22.0,5.0,,,,,,,,,,,,,
,,,,,,,,,,,,,,,,,,,,,,,,,,,,,,,,,,,,,,,,,,,,,,,,,,,,,,,,,,,,,,,,,,,,,,,,,,,,,,,,,,,,,,,,,,,,,,,,,,,,,,,,,,,,,,,,,,23.0,6.0,,,,,,,,,,,,,
,,,,,,,,,,,,,,,,,,,,,,,,,,,,,,,,,,,,,,,,,,,,,,,,,,,,,,,,,,,,,,,,,,,,,,,,,,,,,,,,,,,,,,,,,,,,,,,,,,,,,,,,,,,,,,,,,,32.0,7.0,,,,,,,,,,,,,
,,,,,,,,,,,,,,,,,,,,,,,,,,,,,,,,,,,,,,,,,,,,,,,,,,,,,,,,,,,,,,,,,,,,,,,,,,,,,,,,,,,,,,,,,,,,,,,,,,,,,,,,,,,,,,,,,,33.0,8.0,,,,,,,,,,,,,
,,,,,,,,,,,,,,,,,,,,,,,,,,,,,,,,,,,,,,,,,,,,,,,,,,,,,,,,,,,,,,,,,,,,,,,,,,,,,,,,,,,,,,,,,,,,,,,,,,,,,,,,,,,,,,,,,,26.0,9.0,,,,,,,,,,,,,
,,,,,,,,,,,,,,,,,,,,,,,,,,,,,,,,,,,,,,,,,,,,,,,,,,,,,,,,,,,,,,,,,,,,,,,,,,,,,,,,,,,,,,,,,,,,,,,,,,,,,,,,,,,,,,,,,,65.0,10.0,,,,,,,,,,,,,
,,,,,,,,,,,,,,,,,,,,,,,,,,,,,,,,,,,,,,,,,,,,,,,,,,,,,,,,,,,,,,,,,,,,,,,,,,,,,,,,,,,,,,,,,,,,,,,,,,,,,,,,,,,,,,,,,,21.0,11.0,,,,,,,,,,,,,
,,,,,,,,,,,,,,,,,,,,,,,,,,,,,,,,,,,,,,,,,,,,,,,,,,,,,,,,,,,,,,,,,,,,,,,,,,,,,,,,,,,,,,,,,,,,,,,,,,,,,,,,,,,,,,,,,,21.0,1.0,,,,,,,,,,,,,
,,,,,,,,,,,,,,,,,,,,,,,,,,,,,,,,,,,,,,,,,,,,,,,,,,,,,,,,,,,,,,,,,,,,,,,,,,,,,,,,,,,,,,,,,,,,,,,,,,,,,,,,,,,,,,,,,,48.0,2.0,,,,,,,,,,,,,
,,,,,,,,,,,,,,,,,,,,,,,,,,,,,,,,,,,,,,,,,,,,,,,,,,,,,,,,,,,,,,,,,,,,,,,,,,,,,,,,,,,,,,,,,,,,,,,,,,,,,,,,,,,,,,,,,,23.0,3.0,,,,,,,,,,,,,
,,,,,,,,,,,,,,,,,,,,,,,,,,,,,,,,,,,,,,,,,,,,,,,,,,,,,,,,,,,,,,,,,,,,,,,,,,,,,,,,,,,,,,,,,,,,,,,,,,,,,,,,,,,,,,,,,,22.0,4.0,,,,,,,,,,,,,
,,,,,,,,,,,,,,,,,,,,,,,,,,,,,,,,,,,,,,,,,,,,,,,,,,,,,,,,,,,,,,,,,,,,,,,,,,,,,,,,,,,,,,,,,,,,,,,,,,,,,,,,,,,,,,,,,,31.0,5.0,,,,,,,,,,,,,
,,,,,,,,,,,,,,,,,,,,,,,,,,,,,,,,,,,,,,,,,,,,,,,,,,,,,,,,,,,,,,,,,,,,,,,,,,,,,,,,,,,,,,,,,,,,,,,,,,,,,,,,,,,,,,,,,,26.0,6.0,,,,,,,,,,,,,
,,,,,,,,,,,,,,,,,,,,,,,,,,,,,,,,,,,,,,,,,,,,,,,,,,,,,,,,,,,,,,,,,,,,,,,,,,,,,,,,,,,,,,,,,,,,,,,,,,,,,,,,,,,,,,,,,,25.0,7.0,,,,,,,,,,,,,
,,,,,,,,,,,,,,,,,,,,,,,,,,,,,,,,,,,,,,,,,,,,,,,,,,,,,,,,,,,,,,,,,,,,,,,,,,,,,,,,,,,,,,,,,,,,,,,,,,,,,,,,,,,,,,,,,,24.0,8.0,,,,,,,,,,,,,
,,,,,,,,,,,,,,,,,,,,,,,,,,,,,,,,,,,,,,,,,,,,,,,,,,,,,,,,,,,,,,,,,,,,,,,,,,,,,,,,,,,,,,,,,,,,,,,,,,,,,,,,,,,,,,,,,,42.0,9.0,,,,,,,,,,,,,
,,,,,,,,,,,,,,,,,,,,,,,,,,,,,,,,,,,,,,,,,,,,,,,,,,,,,,,,,,,,,,,,,,,,,,,,,,,,,,,,,,,,,,,,,,,,,,,,,,,,,,,,,,,,,,,,,,32.0,10.0,,,,,,,,,,,,,
,,,,,,,,,,,,,,,,,,,,,,,,,,,,,,,,,,,,,,,,,,,,,,,,,,,,,,,,,,,,,,,,,,,,,,,,,,,,,,,,,,,,,,,,,,,,,,,,,,,,,,,,,,,,,,,,,,63.0,11.0,,,,,,,,,,,,,
,,,,,,,,,,,,,,,,,,,,,,,,,,,,,,,,,,,,,,,,,,,,,,,,,,,,,,,,,,,,,,,,,,,,,,,,,,,,,,,,,,,,,,,,,,,,,,,,,,,,,,,,,,,,,,,,,,35.0,1.0,,,,,,,,,,,,,
,,,,,,,,,,,,,,,,,,,,,,,,,,,,,,,,,,,,,,,,,,,,,,,,,,,,,,,,,,,,,,,,,,,,,,,,,,,,,,,,,,,,,,,,,,,,,,,,,,,,,,,,,,,,,,,,,,26.0,2.0,,,,,,,,,,,,,
,,,,,,,,,,,,,,,,,,,,,,,,,,,,,,,,,,,,,,,,,,,,,,,,,,,,,,,,,,,,,,,,,,,,,,,,,,,,,,,,,,,,,,,,,,,,,,,,,,,,,,,,,,,,,,,,,,22.0,3.0,,,,,,,,,,,,,
,,,,,,,,,,,,,,,,,,,,,,,,,,,,,,,,,,,,,,,,,,,,,,,,,,,,,,,,,,,,,,,,,,,,,,,,,,,,,,,,,,,,,,,,,,,,,,,,,,,,,,,,,,,,,,,,,,24.0,4.0,,,,,,,,,,,,,
,,,,,,,,,,,,,,,,,,,,,,,,,,,,,,,,,,,,,,,,,,,,,,,,,,,,,,,,,,,,,,,,,,,,,,,,,,,,,,,,,,,,,,,,,,,,,,,,,,,,,,,,,,,,,,,,,,51.0,5.0,,,,,,,,,,,,,
,,,,,,,,,,,,,,,,,,,,,,,,,,,,,,,,,,,,,,,,,,,,,,,,,,,,,,,,,,,,,,,,,,,,,,,,,,,,,,,,,,,,,,,,,,,,,,,,,,,,,,,,,,,,,,,,,,38.0,6.0,,,,,,,,,,,,,
,,,,,,,,,,,,,,,,,,,,,,,,,,,,,,,,,,,,,,,,,,,,,,,,,,,,,,,,,,,,,,,,,,,,,,,,,,,,,,,,,,,,,,,,,,,,,,,,,,,,,,,,,,,,,,,,,,40.0,7.0,,,,,,,,,,,,,
,,,,,,,,,,,,,,,,,,,,,,,,,,,,,,,,,,,,,,,,,,,,,,,,,,,,,,,,,,,,,,,,,,,,,,,,,,,,,,,,,,,,,,,,,,,,,,,,,,,,,,,,,,,,,,,,,,24.0,8.0,,,,,,,,,,,,,
,,,,,,,,,,,,,,,,,,,,,,,,,,,,,,,,,,,,,,,,,,,,,,,,,,,,,,,,,,,,,,,,,,,,,,,,,,,,,,,,,,,,,,,,,,,,,,,,,,,,,,,,,,,,,,,,,,47.0,9.0,,,,,,,,,,,,,
,,,,,,,,,,,,,,,,,,,,,,,,,,,,,,,,,,,,,,,,,,,,,,,,,,,,,,,,,,,,,,,,,,,,,,,,,,,,,,,,,,,,,,,,,,,,,,,,,,,,,,,,,,,,,,,,,,52.0,10.0,,,,,,,,,,,,,
,,,,,,,,,,,,,,,,,,,,,,,,,,,,,,,,,,,,,,,,,,,,,,,,,,,,,,,,,,,,,,,,,,,,,,,,,,,,,,,,,,,,,,,,,,,,,,,,,,,,,,,,,,,,,,,,,,28.0,11.0,,,,,,,,,,,,,
,,,,,,,,,,,,,,,,,,,,,,,,,,,,,,,,,,,,,,,,,,,,,,,,,,,,,,,,,,,,,,,,,,,,,,,,,,,,,,,,,,,,,,,,,,,,,,,,,,,,,,,,,,,,,,,,,,23.0,1.0,,,,,,,,,,,,,
,,,,,,,,,,,,,,,,,,,,,,,,,,,,,,,,,,,,,,,,,,,,,,,,,,,,,,,,,,,,,,,,,,,,,,,,,,,,,,,,,,,,,,,,,,,,,,,,,,,,,,,,,,,,,,,,,,21.0,2.0,,,,,,,,,,,,,
,,,,,,,,,,,,,,,,,,,,,,,,,,,,,,,,,,,,,,,,,,,,,,,,,,,,,,,,,,,,,,,,,,,,,,,,,,,,,,,,,,,,,,,,,,,,,,,,,,,,,,,,,,,,,,,,,,27.0,3.0,,,,,,,,,,,,,
,,,,,,,,,,,,,,,,,,,,,,,,,,,,,,,,,,,,,,,,,,,,,,,,,,,,,,,,,,,,,,,,,,,,,,,,,,,,,,,,,,,,,,,,,,,,,,,,,,,,,,,,,,,,,,,,,,28.0,4.0,,,,,,,,,,,,,
,,,,,,,,,,,,,,,,,,,,,,,,,,,,,,,,,,,,,,,,,,,,,,,,,,,,,,,,,,,,,,,,,,,,,,,,,,,,,,,,,,,,,,,,,,,,,,,,,,,,,,,,,,,,,,,,,,22.0,5.0,,,,,,,,,,,,,
,,,,,,,,,,,,,,,,,,,,,,,,,,,,,,,,,,,,,,,,,,,,,,,,,,,,,,,,,,,,,,,,,,,,,,,,,,,,,,,,,,,,,,,,,,,,,,,,,,,,,,,,,,,,,,,,,,25.0,6.0,,,,,,,,,,,,,
,,,,,,,,,,,,,,,,,,,,,,,,,,,,,,,,,,,,,,,,,,,,,,,,,,,,,,,,,,,,,,,,,,,,,,,,,,,,,,,,,,,,,,,,,,,,,,,,,,,,,,,,,,,,,,,,,,26.0,7.0,,,,,,,,,,,,,
,,,,,,,,,,,,,,,,,,,,,,,,,,,,,,,,,,,,,,,,,,,,,,,,,,,,,,,,,,,,,,,,,,,,,,,,,,,,,,,,,,,,,,,,,,,,,,,,,,,,,,,,,,,,,,,,,,33.0,8.0,,,,,,,,,,,,,
,,,,,,,,,,,,,,,,,,,,,,,,,,,,,,,,,,,,,,,,,,,,,,,,,,,,,,,,,,,,,,,,,,,,,,,,,,,,,,,,,,,,,,,,,,,,,,,,,,,,,,,,,,,,,,,,,,30.0,9.0,,,,,,,,,,,,,
,,,,,,,,,,,,,,,,,,,,,,,,,,,,,,,,,,,,,,,,,,,,,,,,,,,,,,,,,,,,,,,,,,,,,,,,,,,,,,,,,,,,,,,,,,,,,,,,,,,,,,,,,,,,,,,,,,59.0,10.0,,,,,,,,,,,,,
,,,,,,,,,,,,,,,,,,,,,,,,,,,,,,,,,,,,,,,,,,,,,,,,,,,,,,,,,,,,,,,,,,,,,,,,,,,,,,,,,,,,,,,,,,,,,,,,,,,,,,,,,,,,,,,,,,27.0,11.0,,,,,,,,,,,,,
,,,,,,,,,,,,,,,,,,,,,,,,,,,,,,,,,,,,,,,,,,,,,,,,,,,,,,,,,,,,,,,,,,,,,,,,,,,,,,,,,,,,,,,,,,,,,,,,,,,,,,,,,,,,,,,,,,41.0,12.0,,,,,,,,,,,,,
,,,,,,,,,,,,,,,,,,,,,,,,,,,,,,,,,,,,,,,,,,,,,,,,,,,,,,,,,,,,,,,,,,,,,,,,,,,,,,,,,,,,,,,,,,,,,,,,,,,,,,,,,,,,,,,,,,22.0,1.0,,,,,,,,,,,,,
,,,,,,,,,,,,,,,,,,,,,,,,,,,,,,,,,,,,,,,,,,,,,,,,,,,,,,,,,,,,,,,,,,,,,,,,,,,,,,,,,,,,,,,,,,,,,,,,,,,,,,,,,,,,,,,,,,29.0,2.0,,,,,,,,,,,,,
,,,,,,,,,,,,,,,,,,,,,,,,,,,,,,,,,,,,,,,,,,,,,,,,,,,,,,,,,,,,,,,,,,,,,,,,,,,,,,,,,,,,,,,,,,,,,,,,,,,,,,,,,,,,,,,,,,20.0,3.0,,,,,,,,,,,,,
,,,,,,,,,,,,,,,,,,,,,,,,,,,,,,,,,,,,,,,,,,,,,,,,,,,,,,,,,,,,,,,,,,,,,,,,,,,,,,,,,,,,,,,,,,,,,,,,,,,,,,,,,,,,,,,,,,45.0,4.0,,,,,,,,,,,,,
,,,,,,,,,,,,,,,,,,,,,,,,,,,,,,,,,,,,,,,,,,,,,,,,,,,,,,,,,,,,,,,,,,,,,,,,,,,,,,,,,,,,,,,,,,,,,,,,,,,,,,,,,,,,,,,,,,40.0,5.0,,,,,,,,,,,,,
,,,,,,,,,,,,,,,,,,,,,,,,,,,,,,,,,,,,,,,,,,,,,,,,,,,,,,,,,,,,,,,,,,,,,,,,,,,,,,,,,,,,,,,,,,,,,,,,,,,,,,,,,,,,,,,,,,23.0,6.0,,,,,,,,,,,,,
,,,,,,,,,,,,,,,,,,,,,,,,,,,,,,,,,,,,,,,,,,,,,,,,,,,,,,,,,,,,,,,,,,,,,,,,,,,,,,,,,,,,,,,,,,,,,,,,,,,,,,,,,,,,,,,,,,31.0,7.0,,,,,,,,,,,,,
,,,,,,,,,,,,,,,,,,,,,,,,,,,,,,,,,,,,,,,,,,,,,,,,,,,,,,,,,,,,,,,,,,,,,,,,,,,,,,,,,,,,,,,,,,,,,,,,,,,,,,,,,,,,,,,,,,37.0,8.0,,,,,,,,,,,,,
,,,,,,,,,,,,,,,,,,,,,,,,,,,,,,,,,,,,,,,,,,,,,,,,,,,,,,,,,,,,,,,,,,,,,,,,,,,,,,,,,,,,,,,,,,,,,,,,,,,,,,,,,,,,,,,,,,39.0,9.0,,,,,,,,,,,,,
,,,,,,,,,,,,,,,,,,,,,,,,,,,,,,,,,,,,,,,,,,,,,,,,,,,,,,,,,,,,,,,,,,,,,,,,,,,,,,,,,,,,,,,,,,,,,,,,,,,,,,,,,,,,,,,,,,22.0,10.0,,,,,,,,,,,,,
,,,,,,,,,,,,,,,,,,,,,,,,,,,,,,,,,,,,,,,,,,,,,,,,,,,,,,,,,,,,,,,,,,,,,,,,,,,,,,,,,,,,,,,,,,,,,,,,,,,,,,,,,,,,,,,,,,39.0,11.0,,,,,,,,,,,,,
,,,,,,,,,,,,,,,,,,,,,,,,,,,,,,,,,,,,,,,,,,,,,,,,,,,,,,,,,,,,,,,,,,,,,,,,,,,,,,,,,,,,,,,,,,,,,,,,,,,,,,,,,,,,,,,,,,35.0,1.0,,,,,,,,,,,,,
,,,,,,,,,,,,,,,,,,,,,,,,,,,,,,,,,,,,,,,,,,,,,,,,,,,,,,,,,,,,,,,,,,,,,,,,,,,,,,,,,,,,,,,,,,,,,,,,,,,,,,,,,,,,,,,,,,20.0,2.0,,,,,,,,,,,,,
,,,,,,,,,,,,,,,,,,,,,,,,,,,,,,,,,,,,,,,,,,,,,,,,,,,,,,,,,,,,,,,,,,,,,,,,,,,,,,,,,,,,,,,,,,,,,,,,,,,,,,,,,,,,,,,,,,20.0,3.0,,,,,,,,,,,,,
,,,,,,,,,,,,,,,,,,,,,,,,,,,,,,,,,,,,,,,,,,,,,,,,,,,,,,,,,,,,,,,,,,,,,,,,,,,,,,,,,,,,,,,,,,,,,,,,,,,,,,,,,,,,,,,,,,26.0,4.0,,,,,,,,,,,,,
,,,,,,,,,,,,,,,,,,,,,,,,,,,,,,,,,,,,,,,,,,,,,,,,,,,,,,,,,,,,,,,,,,,,,,,,,,,,,,,,,,,,,,,,,,,,,,,,,,,,,,,,,,,,,,,,,,23.0,5.0,,,,,,,,,,,,,
,,,,,,,,,,,,,,,,,,,,,,,,,,,,,,,,,,,,,,,,,,,,,,,,,,,,,,,,,,,,,,,,,,,,,,,,,,,,,,,,,,,,,,,,,,,,,,,,,,,,,,,,,,,,,,,,,,24.0,6.0,,,,,,,,,,,,,
,,,,,,,,,,,,,,,,,,,,,,,,,,,,,,,,,,,,,,,,,,,,,,,,,,,,,,,,,,,,,,,,,,,,,,,,,,,,,,,,,,,,,,,,,,,,,,,,,,,,,,,,,,,,,,,,,,20.0,7.0,,,,,,,,,,,,,
,,,,,,,,,,,,,,,,,,,,,,,,,,,,,,,,,,,,,,,,,,,,,,,,,,,,,,,,,,,,,,,,,,,,,,,,,,,,,,,,,,,,,,,,,,,,,,,,,,,,,,,,,,,,,,,,,,24.0,8.0,,,,,,,,,,,,,
,,,,,,,,,,,,,,,,,,,,,,,,,,,,,,,,,,,,,,,,,,,,,,,,,,,,,,,,,,,,,,,,,,,,,,,,,,,,,,,,,,,,,,,,,,,,,,,,,,,,,,,,,,,,,,,,,,22.0,9.0,,,,,,,,,,,,,
,,,,,,,,,,,,,,,,,,,,,,,,,,,,,,,,,,,,,,,,,,,,,,,,,,,,,,,,,,,,,,,,,,,,,,,,,,,,,,,,,,,,,,,,,,,,,,,,,,,,,,,,,,,,,,,,,,21.0,10.0,,,,,,,,,,,,,
,,,,,,,,,,,,,,,,,,,,,,,,,,,,,,,,,,,,,,,,,,,,,,,,,,,,,,,,,,,,,,,,,,,,,,,,,,,,,,,,,,,,,,,,,,,,,,,,,,,,,,,,,,,,,,,,,,45.0,11.0,,,,,,,,,,,,,
,,,,,,,,,,,,,,,,,,,,,,,,,,,,,,,,,,,,,,,,,,,,,,,,,,,,,,,,,,,,,,,,,,,,,,,,,,,,,,,,,,,,,,,,,,,,,,,,,,,,,,,,,,,,,,,,,,26.0,1.0,,,,,,,,,,,,,
,,,,,,,,,,,,,,,,,,,,,,,,,,,,,,,,,,,,,,,,,,,,,,,,,,,,,,,,,,,,,,,,,,,,,,,,,,,,,,,,,,,,,,,,,,,,,,,,,,,,,,,,,,,,,,,,,,29.0,2.0,,,,,,,,,,,,,
,,,,,,,,,,,,,,,,,,,,,,,,,,,,,,,,,,,,,,,,,,,,,,,,,,,,,,,,,,,,,,,,,,,,,,,,,,,,,,,,,,,,,,,,,,,,,,,,,,,,,,,,,,,,,,,,,,25.0,3.0,,,,,,,,,,,,,
,,,,,,,,,,,,,,,,,,,,,,,,,,,,,,,,,,,,,,,,,,,,,,,,,,,,,,,,,,,,,,,,,,,,,,,,,,,,,,,,,,,,,,,,,,,,,,,,,,,,,,,,,,,,,,,,,,31.0,4.0,,,,,,,,,,,,,
,,,,,,,,,,,,,,,,,,,,,,,,,,,,,,,,,,,,,,,,,,,,,,,,,,,,,,,,,,,,,,,,,,,,,,,,,,,,,,,,,,,,,,,,,,,,,,,,,,,,,,,,,,,,,,,,,,25.0,5.0,,,,,,,,,,,,,
,,,,,,,,,,,,,,,,,,,,,,,,,,,,,,,,,,,,,,,,,,,,,,,,,,,,,,,,,,,,,,,,,,,,,,,,,,,,,,,,,,,,,,,,,,,,,,,,,,,,,,,,,,,,,,,,,,30.0,6.0,,,,,,,,,,,,,
,,,,,,,,,,,,,,,,,,,,,,,,,,,,,,,,,,,,,,,,,,,,,,,,,,,,,,,,,,,,,,,,,,,,,,,,,,,,,,,,,,,,,,,,,,,,,,,,,,,,,,,,,,,,,,,,,,29.0,7.0,,,,,,,,,,,,,
,,,,,,,,,,,,,,,,,,,,,,,,,,,,,,,,,,,,,,,,,,,,,,,,,,,,,,,,,,,,,,,,,,,,,,,,,,,,,,,,,,,,,,,,,,,,,,,,,,,,,,,,,,,,,,,,,,25.0,8.0,,,,,,,,,,,,,
,,,,,,,,,,,,,,,,,,,,,,,,,,,,,,,,,,,,,,,,,,,,,,,,,,,,,,,,,,,,,,,,,,,,,,,,,,,,,,,,,,,,,,,,,,,,,,,,,,,,,,,,,,,,,,,,,,28.0,9.0,,,,,,,,,,,,,
,,,,,,,,,,,,,,,,,,,,,,,,,,,,,,,,,,,,,,,,,,,,,,,,,,,,,,,,,,,,,,,,,,,,,,,,,,,,,,,,,,,,,,,,,,,,,,,,,,,,,,,,,,,,,,,,,,40.0,10.0,,,,,,,,,,,,,
,,,,,,,,,,,,,,,,,,,,,,,,,,,,,,,,,,,,,,,,,,,,,,,,,,,,,,,,,,,,,,,,,,,,,,,,,,,,,,,,,,,,,,,,,,,,,,,,,,,,,,,,,,,,,,,,,,25.0,11.0,,,,,,,,,,,,,
,,,,,,,,,,,,,,,,,,,,,,,,,,,,,,,,,,,,,,,,,,,,,,,,,,,,,,,,,,,,,,,,,,,,,,,,,,,,,,,,,,,,,,,,,,,,,,,,,,,,,,,,,,,,,,,,,,30.0,1.0,,,,,,,,,,,,,
,,,,,,,,,,,,,,,,,,,,,,,,,,,,,,,,,,,,,,,,,,,,,,,,,,,,,,,,,,,,,,,,,,,,,,,,,,,,,,,,,,,,,,,,,,,,,,,,,,,,,,,,,,,,,,,,,,33.0,2.0,,,,,,,,,,,,,
,,,,,,,,,,,,,,,,,,,,,,,,,,,,,,,,,,,,,,,,,,,,,,,,,,,,,,,,,,,,,,,,,,,,,,,,,,,,,,,,,,,,,,,,,,,,,,,,,,,,,,,,,,,,,,,,,,39.0,3.0,,,,,,,,,,,,,
,,,,,,,,,,,,,,,,,,,,,,,,,,,,,,,,,,,,,,,,,,,,,,,,,,,,,,,,,,,,,,,,,,,,,,,,,,,,,,,,,,,,,,,,,,,,,,,,,,,,,,,,,,,,,,,,,,32.0,4.0,,,,,,,,,,,,,
,,,,,,,,,,,,,,,,,,,,,,,,,,,,,,,,,,,,,,,,,,,,,,,,,,,,,,,,,,,,,,,,,,,,,,,,,,,,,,,,,,,,,,,,,,,,,,,,,,,,,,,,,,,,,,,,,,62.0,5.0,,,,,,,,,,,,,
,,,,,,,,,,,,,,,,,,,,,,,,,,,,,,,,,,,,,,,,,,,,,,,,,,,,,,,,,,,,,,,,,,,,,,,,,,,,,,,,,,,,,,,,,,,,,,,,,,,,,,,,,,,,,,,,,,19.0,6.0,,,,,,,,,,,,,
,,,,,,,,,,,,,,,,,,,,,,,,,,,,,,,,,,,,,,,,,,,,,,,,,,,,,,,,,,,,,,,,,,,,,,,,,,,,,,,,,,,,,,,,,,,,,,,,,,,,,,,,,,,,,,,,,,26.0,7.0,,,,,,,,,,,,,
,,,,,,,,,,,,,,,,,,,,,,,,,,,,,,,,,,,,,,,,,,,,,,,,,,,,,,,,,,,,,,,,,,,,,,,,,,,,,,,,,,,,,,,,,,,,,,,,,,,,,,,,,,,,,,,,,,24.0,8.0,,,,,,,,,,,,,
,,,,,,,,,,,,,,,,,,,,,,,,,,,,,,,,,,,,,,,,,,,,,,,,,,,,,,,,,,,,,,,,,,,,,,,,,,,,,,,,,,,,,,,,,,,,,,,,,,,,,,,,,,,,,,,,,,32.0,9.0,,,,,,,,,,,,,
,,,,,,,,,,,,,,,,,,,,,,,,,,,,,,,,,,,,,,,,,,,,,,,,,,,,,,,,,,,,,,,,,,,,,,,,,,,,,,,,,,,,,,,,,,,,,,,,,,,,,,,,,,,,,,,,,,30.0,10.0,,,,,,,,,,,,,
,,,,,,,,,,,,,,,,,,,,,,,,,,,,,,,,,,,,,,,,,,,,,,,,,,,,,,,,,,,,,,,,,,,,,,,,,,,,,,,,,,,,,,,,,,,,,,,,,,,,,,,,,,,,,,,,,,44.0,11.0,,,,,,,,,,,,,
,,,,,,,,,,,,,,,,,,,,,,,,,,,,,,,,,,,,,,,,,,,,,,,,,,,,,,,,,,,,,,,,,,,,,,,,,,,,,,,,,,,,,,,,,,,,,,,,,,,,,,,,,,,,,,,,,,33.0,1.0,,,,,,,,,,,,,
,,,,,,,,,,,,,,,,,,,,,,,,,,,,,,,,,,,,,,,,,,,,,,,,,,,,,,,,,,,,,,,,,,,,,,,,,,,,,,,,,,,,,,,,,,,,,,,,,,,,,,,,,,,,,,,,,,42.0,2.0,,,,,,,,,,,,,
,,,,,,,,,,,,,,,,,,,,,,,,,,,,,,,,,,,,,,,,,,,,,,,,,,,,,,,,,,,,,,,,,,,,,,,,,,,,,,,,,,,,,,,,,,,,,,,,,,,,,,,,,,,,,,,,,,27.0,3.0,,,,,,,,,,,,,
,,,,,,,,,,,,,,,,,,,,,,,,,,,,,,,,,,,,,,,,,,,,,,,,,,,,,,,,,,,,,,,,,,,,,,,,,,,,,,,,,,,,,,,,,,,,,,,,,,,,,,,,,,,,,,,,,,36.0,4.0,,,,,,,,,,,,,
,,,,,,,,,,,,,,,,,,,,,,,,,,,,,,,,,,,,,,,,,,,,,,,,,,,,,,,,,,,,,,,,,,,,,,,,,,,,,,,,,,,,,,,,,,,,,,,,,,,,,,,,,,,,,,,,,,45.0,5.0,,,,,,,,,,,,,
,,,,,,,,,,,,,,,,,,,,,,,,,,,,,,,,,,,,,,,,,,,,,,,,,,,,,,,,,,,,,,,,,,,,,,,,,,,,,,,,,,,,,,,,,,,,,,,,,,,,,,,,,,,,,,,,,,33.0,6.0,,,,,,,,,,,,,
,,,,,,,,,,,,,,,,,,,,,,,,,,,,,,,,,,,,,,,,,,,,,,,,,,,,,,,,,,,,,,,,,,,,,,,,,,,,,,,,,,,,,,,,,,,,,,,,,,,,,,,,,,,,,,,,,,27.0,7.0,,,,,,,,,,,,,
,,,,,,,,,,,,,,,,,,,,,,,,,,,,,,,,,,,,,,,,,,,,,,,,,,,,,,,,,,,,,,,,,,,,,,,,,,,,,,,,,,,,,,,,,,,,,,,,,,,,,,,,,,,,,,,,,,30.0,8.0,,,,,,,,,,,,,
,,,,,,,,,,,,,,,,,,,,,,,,,,,,,,,,,,,,,,,,,,,,,,,,,,,,,,,,,,,,,,,,,,,,,,,,,,,,,,,,,,,,,,,,,,,,,,,,,,,,,,,,,,,,,,,,,,28.0,9.0,,,,,,,,,,,,,
,,,,,,,,,,,,,,,,,,,,,,,,,,,,,,,,,,,,,,,,,,,,,,,,,,,,,,,,,,,,,,,,,,,,,,,,,,,,,,,,,,,,,,,,,,,,,,,,,,,,,,,,,,,,,,,,,,44.0,10.0,,,,,,,,,,,,,
,,,,,,,,,,,,,,,,,,,,,,,,,,,,,,,,,,,,,,,,,,,,,,,,,,,,,,,,,,,,,,,,,,,,,,,,,,,,,,,,,,,,,,,,,,,,,,,,,,,,,,,,,,,,,,,,,,27.0,11.0,,,,,,,,,,,,,
,,,,,,,,,,,,,,,,,,,,,,,,,,,,,,,,,,,,,,,,,,,,,,,,,,,,,,,,,,,,,,,,,,,,,,,,,,,,,,,,,,,,,,,,,,,,,,,,,,,,,,,,,,,,,,,,,,38.0,1.0,,,,,,,,,,,,,
,,,,,,,,,,,,,,,,,,,,,,,,,,,,,,,,,,,,,,,,,,,,,,,,,,,,,,,,,,,,,,,,,,,,,,,,,,,,,,,,,,,,,,,,,,,,,,,,,,,,,,,,,,,,,,,,,,27.0,2.0,,,,,,,,,,,,,
,,,,,,,,,,,,,,,,,,,,,,,,,,,,,,,,,,,,,,,,,,,,,,,,,,,,,,,,,,,,,,,,,,,,,,,,,,,,,,,,,,,,,,,,,,,,,,,,,,,,,,,,,,,,,,,,,,22.0,3.0,,,,,,,,,,,,,
,,,,,,,,,,,,,,,,,,,,,,,,,,,,,,,,,,,,,,,,,,,,,,,,,,,,,,,,,,,,,,,,,,,,,,,,,,,,,,,,,,,,,,,,,,,,,,,,,,,,,,,,,,,,,,,,,,26.0,4.0,,,,,,,,,,,,,
,,,,,,,,,,,,,,,,,,,,,,,,,,,,,,,,,,,,,,,,,,,,,,,,,,,,,,,,,,,,,,,,,,,,,,,,,,,,,,,,,,,,,,,,,,,,,,,,,,,,,,,,,,,,,,,,,,35.0,5.0,,,,,,,,,,,,,
,,,,,,,,,,,,,,,,,,,,,,,,,,,,,,,,,,,,,,,,,,,,,,,,,,,,,,,,,,,,,,,,,,,,,,,,,,,,,,,,,,,,,,,,,,,,,,,,,,,,,,,,,,,,,,,,,,45.0,6.0,,,,,,,,,,,,,
,,,,,,,,,,,,,,,,,,,,,,,,,,,,,,,,,,,,,,,,,,,,,,,,,,,,,,,,,,,,,,,,,,,,,,,,,,,,,,,,,,,,,,,,,,,,,,,,,,,,,,,,,,,,,,,,,,50.0,7.0,,,,,,,,,,,,,
,,,,,,,,,,,,,,,,,,,,,,,,,,,,,,,,,,,,,,,,,,,,,,,,,,,,,,,,,,,,,,,,,,,,,,,,,,,,,,,,,,,,,,,,,,,,,,,,,,,,,,,,,,,,,,,,,,53.0,8.0,,,,,,,,,,,,,
,,,,,,,,,,,,,,,,,,,,,,,,,,,,,,,,,,,,,,,,,,,,,,,,,,,,,,,,,,,,,,,,,,,,,,,,,,,,,,,,,,,,,,,,,,,,,,,,,,,,,,,,,,,,,,,,,,25.0,9.0,,,,,,,,,,,,,
,,,,,,,,,,,,,,,,,,,,,,,,,,,,,,,,,,,,,,,,,,,,,,,,,,,,,,,,,,,,,,,,,,,,,,,,,,,,,,,,,,,,,,,,,,,,,,,,,,,,,,,,,,,,,,,,,,36.0,10.0,,,,,,,,,,,,,
,,,,,,,,,,,,,,,,,,,,,,,,,,,,,,,,,,,,,,,,,,,,,,,,,,,,,,,,,,,,,,,,,,,,,,,,,,,,,,,,,,,,,,,,,,,,,,,,,,,,,,,,,,,,,,,,,,52.0,11.0,,,,,,,,,,,,,
,,,,,,,,,,,,,,,,,,,,,,,,,,,,,,,,,,,,,,,,,,,,,,,,,,,,,,,,,,,,,,,,,,,,,,,,,,,,,,,,,,,,,,,,,,,,,,,,,,,,,,,,,,,,,,,,,,33.0,1.0,,,,,,,,,,,,,
,,,,,,,,,,,,,,,,,,,,,,,,,,,,,,,,,,,,,,,,,,,,,,,,,,,,,,,,,,,,,,,,,,,,,,,,,,,,,,,,,,,,,,,,,,,,,,,,,,,,,,,,,,,,,,,,,,24.0,2.0,,,,,,,,,,,,,
,,,,,,,,,,,,,,,,,,,,,,,,,,,,,,,,,,,,,,,,,,,,,,,,,,,,,,,,,,,,,,,,,,,,,,,,,,,,,,,,,,,,,,,,,,,,,,,,,,,,,,,,,,,,,,,,,,36.0,3.0,,,,,,,,,,,,,
,,,,,,,,,,,,,,,,,,,,,,,,,,,,,,,,,,,,,,,,,,,,,,,,,,,,,,,,,,,,,,,,,,,,,,,,,,,,,,,,,,,,,,,,,,,,,,,,,,,,,,,,,,,,,,,,,,30.0,4.0,,,,,,,,,,,,,
,,,,,,,,,,,,,,,,,,,,,,,,,,,,,,,,,,,,,,,,,,,,,,,,,,,,,,,,,,,,,,,,,,,,,,,,,,,,,,,,,,,,,,,,,,,,,,,,,,,,,,,,,,,,,,,,,,25.0,5.0,,,,,,,,,,,,,
,,,,,,,,,,,,,,,,,,,,,,,,,,,,,,,,,,,,,,,,,,,,,,,,,,,,,,,,,,,,,,,,,,,,,,,,,,,,,,,,,,,,,,,,,,,,,,,,,,,,,,,,,,,,,,,,,,49.0,6.0,,,,,,,,,,,,,
,,,,,,,,,,,,,,,,,,,,,,,,,,,,,,,,,,,,,,,,,,,,,,,,,,,,,,,,,,,,,,,,,,,,,,,,,,,,,,,,,,,,,,,,,,,,,,,,,,,,,,,,,,,,,,,,,,29.0,7.0,,,,,,,,,,,,,
,,,,,,,,,,,,,,,,,,,,,,,,,,,,,,,,,,,,,,,,,,,,,,,,,,,,,,,,,,,,,,,,,,,,,,,,,,,,,,,,,,,,,,,,,,,,,,,,,,,,,,,,,,,,,,,,,,21.0,8.0,,,,,,,,,,,,,
,,,,,,,,,,,,,,,,,,,,,,,,,,,,,,,,,,,,,,,,,,,,,,,,,,,,,,,,,,,,,,,,,,,,,,,,,,,,,,,,,,,,,,,,,,,,,,,,,,,,,,,,,,,,,,,,,,27.0,9.0,,,,,,,,,,,,,
,,,,,,,,,,,,,,,,,,,,,,,,,,,,,,,,,,,,,,,,,,,,,,,,,,,,,,,,,,,,,,,,,,,,,,,,,,,,,,,,,,,,,,,,,,,,,,,,,,,,,,,,,,,,,,,,,,36.0,10.0,,,,,,,,,,,,,
,,,,,,,,,,,,,,,,,,,,,,,,,,,,,,,,,,,,,,,,,,,,,,,,,,,,,,,,,,,,,,,,,,,,,,,,,,,,,,,,,,,,,,,,,,,,,,,,,,,,,,,,,,,,,,,,,,25.0,11.0,,,,,,,,,,,,,
,,,,,,,,,,,,,,,,,,,,,,,,,,,,,,,,,,,,,,,,,,,,,,,,,,,,,,,,,,,,,,,,,,,,,,,,,,,,,,,,,,,,,,,,,,,,,,,,,,,,,,,,,,,,,,,,,,29.0,1.0,,,,,,,,,,,,,
,,,,,,,,,,,,,,,,,,,,,,,,,,,,,,,,,,,,,,,,,,,,,,,,,,,,,,,,,,,,,,,,,,,,,,,,,,,,,,,,,,,,,,,,,,,,,,,,,,,,,,,,,,,,,,,,,,29.0,2.0,,,,,,,,,,,,,
,,,,,,,,,,,,,,,,,,,,,,,,,,,,,,,,,,,,,,,,,,,,,,,,,,,,,,,,,,,,,,,,,,,,,,,,,,,,,,,,,,,,,,,,,,,,,,,,,,,,,,,,,,,,,,,,,,43.0,3.0,,,,,,,,,,,,,
,,,,,,,,,,,,,,,,,,,,,,,,,,,,,,,,,,,,,,,,,,,,,,,,,,,,,,,,,,,,,,,,,,,,,,,,,,,,,,,,,,,,,,,,,,,,,,,,,,,,,,,,,,,,,,,,,,26.0,4.0,,,,,,,,,,,,,
,,,,,,,,,,,,,,,,,,,,,,,,,,,,,,,,,,,,,,,,,,,,,,,,,,,,,,,,,,,,,,,,,,,,,,,,,,,,,,,,,,,,,,,,,,,,,,,,,,,,,,,,,,,,,,,,,,25.0,5.0,,,,,,,,,,,,,
,,,,,,,,,,,,,,,,,,,,,,,,,,,,,,,,,,,,,,,,,,,,,,,,,,,,,,,,,,,,,,,,,,,,,,,,,,,,,,,,,,,,,,,,,,,,,,,,,,,,,,,,,,,,,,,,,,32.0,6.0,,,,,,,,,,,,,
,,,,,,,,,,,,,,,,,,,,,,,,,,,,,,,,,,,,,,,,,,,,,,,,,,,,,,,,,,,,,,,,,,,,,,,,,,,,,,,,,,,,,,,,,,,,,,,,,,,,,,,,,,,,,,,,,,25.0,7.0,,,,,,,,,,,,,
,,,,,,,,,,,,,,,,,,,,,,,,,,,,,,,,,,,,,,,,,,,,,,,,,,,,,,,,,,,,,,,,,,,,,,,,,,,,,,,,,,,,,,,,,,,,,,,,,,,,,,,,,,,,,,,,,,34.0,8.0,,,,,,,,,,,,,
,,,,,,,,,,,,,,,,,,,,,,,,,,,,,,,,,,,,,,,,,,,,,,,,,,,,,,,,,,,,,,,,,,,,,,,,,,,,,,,,,,,,,,,,,,,,,,,,,,,,,,,,,,,,,,,,,,36.0,9.0,,,,,,,,,,,,,
,,,,,,,,,,,,,,,,,,,,,,,,,,,,,,,,,,,,,,,,,,,,,,,,,,,,,,,,,,,,,,,,,,,,,,,,,,,,,,,,,,,,,,,,,,,,,,,,,,,,,,,,,,,,,,,,,,47.0,10.0,,,,,,,,,,,,,
,,,,,,,,,,,,,,,,,,,,,,,,,,,,,,,,,,,,,,,,,,,,,,,,,,,,,,,,,,,,,,,,,,,,,,,,,,,,,,,,,,,,,,,,,,,,,,,,,,,,,,,,,,,,,,,,,,60.0,11.0,,,,,,,,,,,,,
,,,,,,,,,,,,,,,,,,,,,,,,,,,,,,,,,,,,,,,,,,,,,,,,,,,,,,,,,,,,,,,,,,,,,,,,,,,,,,,,,,,,,,,,,,,,,,,,,,,,,,,,,,,,,,,,,,22.0,1.0,,,,,,,,,,,,,
,,,,,,,,,,,,,,,,,,,,,,,,,,,,,,,,,,,,,,,,,,,,,,,,,,,,,,,,,,,,,,,,,,,,,,,,,,,,,,,,,,,,,,,,,,,,,,,,,,,,,,,,,,,,,,,,,,31.0,2.0,,,,,,,,,,,,,
,,,,,,,,,,,,,,,,,,,,,,,,,,,,,,,,,,,,,,,,,,,,,,,,,,,,,,,,,,,,,,,,,,,,,,,,,,,,,,,,,,,,,,,,,,,,,,,,,,,,,,,,,,,,,,,,,,29.0,3.0,,,,,,,,,,,,,
,,,,,,,,,,,,,,,,,,,,,,,,,,,,,,,,,,,,,,,,,,,,,,,,,,,,,,,,,,,,,,,,,,,,,,,,,,,,,,,,,,,,,,,,,,,,,,,,,,,,,,,,,,,,,,,,,,26.0,4.0,,,,,,,,,,,,,
,,,,,,,,,,,,,,,,,,,,,,,,,,,,,,,,,,,,,,,,,,,,,,,,,,,,,,,,,,,,,,,,,,,,,,,,,,,,,,,,,,,,,,,,,,,,,,,,,,,,,,,,,,,,,,,,,,33.0,5.0,,,,,,,,,,,,,
,,,,,,,,,,,,,,,,,,,,,,,,,,,,,,,,,,,,,,,,,,,,,,,,,,,,,,,,,,,,,,,,,,,,,,,,,,,,,,,,,,,,,,,,,,,,,,,,,,,,,,,,,,,,,,,,,,32.0,6.0,,,,,,,,,,,,,
,,,,,,,,,,,,,,,,,,,,,,,,,,,,,,,,,,,,,,,,,,,,,,,,,,,,,,,,,,,,,,,,,,,,,,,,,,,,,,,,,,,,,,,,,,,,,,,,,,,,,,,,,,,,,,,,,,28.0,7.0,,,,,,,,,,,,,
,,,,,,,,,,,,,,,,,,,,,,,,,,,,,,,,,,,,,,,,,,,,,,,,,,,,,,,,,,,,,,,,,,,,,,,,,,,,,,,,,,,,,,,,,,,,,,,,,,,,,,,,,,,,,,,,,,28.0,8.0,,,,,,,,,,,,,
,,,,,,,,,,,,,,,,,,,,,,,,,,,,,,,,,,,,,,,,,,,,,,,,,,,,,,,,,,,,,,,,,,,,,,,,,,,,,,,,,,,,,,,,,,,,,,,,,,,,,,,,,,,,,,,,,,26.0,9.0,,,,,,,,,,,,,
,,,,,,,,,,,,,,,,,,,,,,,,,,,,,,,,,,,,,,,,,,,,,,,,,,,,,,,,,,,,,,,,,,,,,,,,,,,,,,,,,,,,,,,,,,,,,,,,,,,,,,,,,,,,,,,,,,28.0,10.0,,,,,,,,,,,,,
,,,,,,,,,,,,,,,,,,,,,,,,,,,,,,,,,,,,,,,,,,,,,,,,,,,,,,,,,,,,,,,,,,,,,,,,,,,,,,,,,,,,,,,,,,,,,,,,,,,,,,,,,,,,,,,,,,27.0,11.0,,,,,,,,,,,,,
,,,,,,,,,,,,,,,,,,,,,,,,,,,,,,,,,,,,,,,,,,,,,,,,,,,,,,,,,,,,,,,,,,,,,,,,,,,,,,,,,,,,,,,,,,,,,,,,,,,,,,,,,,,,,,,,,,29.0,1.0,,,,,,,,,,,,,
,,,,,,,,,,,,,,,,,,,,,,,,,,,,,,,,,,,,,,,,,,,,,,,,,,,,,,,,,,,,,,,,,,,,,,,,,,,,,,,,,,,,,,,,,,,,,,,,,,,,,,,,,,,,,,,,,,37.0,2.0,,,,,,,,,,,,,
,,,,,,,,,,,,,,,,,,,,,,,,,,,,,,,,,,,,,,,,,,,,,,,,,,,,,,,,,,,,,,,,,,,,,,,,,,,,,,,,,,,,,,,,,,,,,,,,,,,,,,,,,,,,,,,,,,24.0,3.0,,,,,,,,,,,,,
,,,,,,,,,,,,,,,,,,,,,,,,,,,,,,,,,,,,,,,,,,,,,,,,,,,,,,,,,,,,,,,,,,,,,,,,,,,,,,,,,,,,,,,,,,,,,,,,,,,,,,,,,,,,,,,,,,30.0,4.0,,,,,,,,,,,,,
,,,,,,,,,,,,,,,,,,,,,,,,,,,,,,,,,,,,,,,,,,,,,,,,,,,,,,,,,,,,,,,,,,,,,,,,,,,,,,,,,,,,,,,,,,,,,,,,,,,,,,,,,,,,,,,,,,26.0,5.0,,,,,,,,,,,,,
,,,,,,,,,,,,,,,,,,,,,,,,,,,,,,,,,,,,,,,,,,,,,,,,,,,,,,,,,,,,,,,,,,,,,,,,,,,,,,,,,,,,,,,,,,,,,,,,,,,,,,,,,,,,,,,,,,24.0,6.0,,,,,,,,,,,,,
,,,,,,,,,,,,,,,,,,,,,,,,,,,,,,,,,,,,,,,,,,,,,,,,,,,,,,,,,,,,,,,,,,,,,,,,,,,,,,,,,,,,,,,,,,,,,,,,,,,,,,,,,,,,,,,,,,24.0,7.0,,,,,,,,,,,,,
,,,,,,,,,,,,,,,,,,,,,,,,,,,,,,,,,,,,,,,,,,,,,,,,,,,,,,,,,,,,,,,,,,,,,,,,,,,,,,,,,,,,,,,,,,,,,,,,,,,,,,,,,,,,,,,,,,29.0,8.0,,,,,,,,,,,,,
,,,,,,,,,,,,,,,,,,,,,,,,,,,,,,,,,,,,,,,,,,,,,,,,,,,,,,,,,,,,,,,,,,,,,,,,,,,,,,,,,,,,,,,,,,,,,,,,,,,,,,,,,,,,,,,,,,39.0,9.0,,,,,,,,,,,,,
,,,,,,,,,,,,,,,,,,,,,,,,,,,,,,,,,,,,,,,,,,,,,,,,,,,,,,,,,,,,,,,,,,,,,,,,,,,,,,,,,,,,,,,,,,,,,,,,,,,,,,,,,,,,,,,,,,28.0,10.0,,,,,,,,,,,,,
,,,,,,,,,,,,,,,,,,,,,,,,,,,,,,,,,,,,,,,,,,,,,,,,,,,,,,,,,,,,,,,,,,,,,,,,,,,,,,,,,,,,,,,,,,,,,,,,,,,,,,,,,,,,,,,,,,28.0,11.0,,,,,,,,,,,,,
,,,,,,,,,,,,,,,,,,,,,,,,,,,,,,,,,,,,,,,,,,,,,,,,,,,,,,,,,,,,,,,,,,,,,,,,,,,,,,,,,,,,,,,,,,,,,,,,,,,,,,,,,,,,,,,,,,26.0,1.0,,,,,,,,,,,,,
,,,,,,,,,,,,,,,,,,,,,,,,,,,,,,,,,,,,,,,,,,,,,,,,,,,,,,,,,,,,,,,,,,,,,,,,,,,,,,,,,,,,,,,,,,,,,,,,,,,,,,,,,,,,,,,,,,32.0,2.0,,,,,,,,,,,,,
,,,,,,,,,,,,,,,,,,,,,,,,,,,,,,,,,,,,,,,,,,,,,,,,,,,,,,,,,,,,,,,,,,,,,,,,,,,,,,,,,,,,,,,,,,,,,,,,,,,,,,,,,,,,,,,,,,31.0,3.0,,,,,,,,,,,,,
,,,,,,,,,,,,,,,,,,,,,,,,,,,,,,,,,,,,,,,,,,,,,,,,,,,,,,,,,,,,,,,,,,,,,,,,,,,,,,,,,,,,,,,,,,,,,,,,,,,,,,,,,,,,,,,,,,29.0,4.0,,,,,,,,,,,,,
,,,,,,,,,,,,,,,,,,,,,,,,,,,,,,,,,,,,,,,,,,,,,,,,,,,,,,,,,,,,,,,,,,,,,,,,,,,,,,,,,,,,,,,,,,,,,,,,,,,,,,,,,,,,,,,,,,28.0,5.0,,,,,,,,,,,,,
,,,,,,,,,,,,,,,,,,,,,,,,,,,,,,,,,,,,,,,,,,,,,,,,,,,,,,,,,,,,,,,,,,,,,,,,,,,,,,,,,,,,,,,,,,,,,,,,,,,,,,,,,,,,,,,,,,31.0,6.0,,,,,,,,,,,,,
,,,,,,,,,,,,,,,,,,,,,,,,,,,,,,,,,,,,,,,,,,,,,,,,,,,,,,,,,,,,,,,,,,,,,,,,,,,,,,,,,,,,,,,,,,,,,,,,,,,,,,,,,,,,,,,,,,27.0,7.0,,,,,,,,,,,,,
,,,,,,,,,,,,,,,,,,,,,,,,,,,,,,,,,,,,,,,,,,,,,,,,,,,,,,,,,,,,,,,,,,,,,,,,,,,,,,,,,,,,,,,,,,,,,,,,,,,,,,,,,,,,,,,,,,24.0,8.0,,,,,,,,,,,,,
,,,,,,,,,,,,,,,,,,,,,,,,,,,,,,,,,,,,,,,,,,,,,,,,,,,,,,,,,,,,,,,,,,,,,,,,,,,,,,,,,,,,,,,,,,,,,,,,,,,,,,,,,,,,,,,,,,46.0,9.0,,,,,,,,,,,,,
,,,,,,,,,,,,,,,,,,,,,,,,,,,,,,,,,,,,,,,,,,,,,,,,,,,,,,,,,,,,,,,,,,,,,,,,,,,,,,,,,,,,,,,,,,,,,,,,,,,,,,,,,,,,,,,,,,26.0,10.0,,,,,,,,,,,,,
,,,,,,,,,,,,,,,,,,,,,,,,,,,,,,,,,,,,,,,,,,,,,,,,,,,,,,,,,,,,,,,,,,,,,,,,,,,,,,,,,,,,,,,,,,,,,,,,,,,,,,,,,,,,,,,,,,57.0,11.0,,,,,,,,,,,,,
,,,,,,,,,,,,,,,,,,,,,,,,,,,,,,,,,,,,,,,,,,,,,,,,,,,,,,,,,,,,,,,,,,,,,,,,,,,,,,,,,,,,,,,,,,,,,,,,,,,,,,,,,,,,,,,,,,26.0,1.0,,,,,,,,,,,,,
,,,,,,,,,,,,,,,,,,,,,,,,,,,,,,,,,,,,,,,,,,,,,,,,,,,,,,,,,,,,,,,,,,,,,,,,,,,,,,,,,,,,,,,,,,,,,,,,,,,,,,,,,,,,,,,,,,30.0,2.0,,,,,,,,,,,,,
,,,,,,,,,,,,,,,,,,,,,,,,,,,,,,,,,,,,,,,,,,,,,,,,,,,,,,,,,,,,,,,,,,,,,,,,,,,,,,,,,,,,,,,,,,,,,,,,,,,,,,,,,,,,,,,,,,46.0,3.0,,,,,,,,,,,,,
,,,,,,,,,,,,,,,,,,,,,,,,,,,,,,,,,,,,,,,,,,,,,,,,,,,,,,,,,,,,,,,,,,,,,,,,,,,,,,,,,,,,,,,,,,,,,,,,,,,,,,,,,,,,,,,,,,28.0,4.0,,,,,,,,,,,,,
,,,,,,,,,,,,,,,,,,,,,,,,,,,,,,,,,,,,,,,,,,,,,,,,,,,,,,,,,,,,,,,,,,,,,,,,,,,,,,,,,,,,,,,,,,,,,,,,,,,,,,,,,,,,,,,,,,26.0,5.0,,,,,,,,,,,,,
,,,,,,,,,,,,,,,,,,,,,,,,,,,,,,,,,,,,,,,,,,,,,,,,,,,,,,,,,,,,,,,,,,,,,,,,,,,,,,,,,,,,,,,,,,,,,,,,,,,,,,,,,,,,,,,,,,28.0,6.0,,,,,,,,,,,,,
,,,,,,,,,,,,,,,,,,,,,,,,,,,,,,,,,,,,,,,,,,,,,,,,,,,,,,,,,,,,,,,,,,,,,,,,,,,,,,,,,,,,,,,,,,,,,,,,,,,,,,,,,,,,,,,,,,38.0,7.0,,,,,,,,,,,,,
,,,,,,,,,,,,,,,,,,,,,,,,,,,,,,,,,,,,,,,,,,,,,,,,,,,,,,,,,,,,,,,,,,,,,,,,,,,,,,,,,,,,,,,,,,,,,,,,,,,,,,,,,,,,,,,,,,23.0,8.0,,,,,,,,,,,,,
,,,,,,,,,,,,,,,,,,,,,,,,,,,,,,,,,,,,,,,,,,,,,,,,,,,,,,,,,,,,,,,,,,,,,,,,,,,,,,,,,,,,,,,,,,,,,,,,,,,,,,,,,,,,,,,,,,26.0,9.0,,,,,,,,,,,,,
,,,,,,,,,,,,,,,,,,,,,,,,,,,,,,,,,,,,,,,,,,,,,,,,,,,,,,,,,,,,,,,,,,,,,,,,,,,,,,,,,,,,,,,,,,,,,,,,,,,,,,,,,,,,,,,,,,24.0,10.0,,,,,,,,,,,,,
,,,,,,,,,,,,,,,,,,,,,,,,,,,,,,,,,,,,,,,,,,,,,,,,,,,,,,,,,,,,,,,,,,,,,,,,,,,,,,,,,,,,,,,,,,,,,,,,,,,,,,,,,,,,,,,,,,37.0,11.0,,,,,,,,,,,,,
,,,,,,,,,,,,,,,,,,,,,,,,,,,,,,,,,,,,,,,,,,,,,,,,,,,,,,,,,,,,,,,,,,,,,,,,,,,,,,,,,,,,,,,,,,,,,,,,,,,,,,,,,,,,,,,,,,30.0,1.0,,,,,,,,,,,,,
,,,,,,,,,,,,,,,,,,,,,,,,,,,,,,,,,,,,,,,,,,,,,,,,,,,,,,,,,,,,,,,,,,,,,,,,,,,,,,,,,,,,,,,,,,,,,,,,,,,,,,,,,,,,,,,,,,19.0,2.0,,,,,,,,,,,,,
,,,,,,,,,,,,,,,,,,,,,,,,,,,,,,,,,,,,,,,,,,,,,,,,,,,,,,,,,,,,,,,,,,,,,,,,,,,,,,,,,,,,,,,,,,,,,,,,,,,,,,,,,,,,,,,,,,30.0,3.0,,,,,,,,,,,,,
,,,,,,,,,,,,,,,,,,,,,,,,,,,,,,,,,,,,,,,,,,,,,,,,,,,,,,,,,,,,,,,,,,,,,,,,,,,,,,,,,,,,,,,,,,,,,,,,,,,,,,,,,,,,,,,,,,33.0,4.0,,,,,,,,,,,,,
,,,,,,,,,,,,,,,,,,,,,,,,,,,,,,,,,,,,,,,,,,,,,,,,,,,,,,,,,,,,,,,,,,,,,,,,,,,,,,,,,,,,,,,,,,,,,,,,,,,,,,,,,,,,,,,,,,30.0,5.0,,,,,,,,,,,,,
,,,,,,,,,,,,,,,,,,,,,,,,,,,,,,,,,,,,,,,,,,,,,,,,,,,,,,,,,,,,,,,,,,,,,,,,,,,,,,,,,,,,,,,,,,,,,,,,,,,,,,,,,,,,,,,,,,25.0,6.0,,,,,,,,,,,,,
,,,,,,,,,,,,,,,,,,,,,,,,,,,,,,,,,,,,,,,,,,,,,,,,,,,,,,,,,,,,,,,,,,,,,,,,,,,,,,,,,,,,,,,,,,,,,,,,,,,,,,,,,,,,,,,,,,22.0,7.0,,,,,,,,,,,,,
,,,,,,,,,,,,,,,,,,,,,,,,,,,,,,,,,,,,,,,,,,,,,,,,,,,,,,,,,,,,,,,,,,,,,,,,,,,,,,,,,,,,,,,,,,,,,,,,,,,,,,,,,,,,,,,,,,33.0,8.0,,,,,,,,,,,,,
,,,,,,,,,,,,,,,,,,,,,,,,,,,,,,,,,,,,,,,,,,,,,,,,,,,,,,,,,,,,,,,,,,,,,,,,,,,,,,,,,,,,,,,,,,,,,,,,,,,,,,,,,,,,,,,,,,28.0,9.0,,,,,,,,,,,,,
,,,,,,,,,,,,,,,,,,,,,,,,,,,,,,,,,,,,,,,,,,,,,,,,,,,,,,,,,,,,,,,,,,,,,,,,,,,,,,,,,,,,,,,,,,,,,,,,,,,,,,,,,,,,,,,,,,19.0,10.0,,,,,,,,,,,,,
,,,,,,,,,,,,,,,,,,,,,,,,,,,,,,,,,,,,,,,,,,,,,,,,,,,,,,,,,,,,,,,,,,,,,,,,,,,,,,,,,,,,,,,,,,,,,,,,,,,,,,,,,,,,,,,,,,51.0,11.0,,,,,,,,,,,,,
,,,,,,,,,,,,,,,,,,,,,,,,,,,,,,,,,,,,,,,,,,,,,,,,,,,,,,,,,,,,,,,,,,,,,,,,,,,,,,,,,,,,,,,,,,,,,,,,,,,,,,,,,,,,,,,,,,34.0,1.0,,,,,,,,,,,,,
,,,,,,,,,,,,,,,,,,,,,,,,,,,,,,,,,,,,,,,,,,,,,,,,,,,,,,,,,,,,,,,,,,,,,,,,,,,,,,,,,,,,,,,,,,,,,,,,,,,,,,,,,,,,,,,,,,46.0,2.0,,,,,,,,,,,,,
,,,,,,,,,,,,,,,,,,,,,,,,,,,,,,,,,,,,,,,,,,,,,,,,,,,,,,,,,,,,,,,,,,,,,,,,,,,,,,,,,,,,,,,,,,,,,,,,,,,,,,,,,,,,,,,,,,27.0,3.0,,,,,,,,,,,,,
,,,,,,,,,,,,,,,,,,,,,,,,,,,,,,,,,,,,,,,,,,,,,,,,,,,,,,,,,,,,,,,,,,,,,,,,,,,,,,,,,,,,,,,,,,,,,,,,,,,,,,,,,,,,,,,,,,28.0,4.0,,,,,,,,,,,,,
,,,,,,,,,,,,,,,,,,,,,,,,,,,,,,,,,,,,,,,,,,,,,,,,,,,,,,,,,,,,,,,,,,,,,,,,,,,,,,,,,,,,,,,,,,,,,,,,,,,,,,,,,,,,,,,,,,21.0,5.0,,,,,,,,,,,,,
,,,,,,,,,,,,,,,,,,,,,,,,,,,,,,,,,,,,,,,,,,,,,,,,,,,,,,,,,,,,,,,,,,,,,,,,,,,,,,,,,,,,,,,,,,,,,,,,,,,,,,,,,,,,,,,,,,37.0,6.0,,,,,,,,,,,,,
,,,,,,,,,,,,,,,,,,,,,,,,,,,,,,,,,,,,,,,,,,,,,,,,,,,,,,,,,,,,,,,,,,,,,,,,,,,,,,,,,,,,,,,,,,,,,,,,,,,,,,,,,,,,,,,,,,25.0,7.0,,,,,,,,,,,,,
,,,,,,,,,,,,,,,,,,,,,,,,,,,,,,,,,,,,,,,,,,,,,,,,,,,,,,,,,,,,,,,,,,,,,,,,,,,,,,,,,,,,,,,,,,,,,,,,,,,,,,,,,,,,,,,,,,27.0,8.0,,,,,,,,,,,,,
,,,,,,,,,,,,,,,,,,,,,,,,,,,,,,,,,,,,,,,,,,,,,,,,,,,,,,,,,,,,,,,,,,,,,,,,,,,,,,,,,,,,,,,,,,,,,,,,,,,,,,,,,,,,,,,,,,24.0,9.0,,,,,,,,,,,,,
,,,,,,,,,,,,,,,,,,,,,,,,,,,,,,,,,,,,,,,,,,,,,,,,,,,,,,,,,,,,,,,,,,,,,,,,,,,,,,,,,,,,,,,,,,,,,,,,,,,,,,,,,,,,,,,,,,33.0,10.0,,,,,,,,,,,,,
,,,,,,,,,,,,,,,,,,,,,,,,,,,,,,,,,,,,,,,,,,,,,,,,,,,,,,,,,,,,,,,,,,,,,,,,,,,,,,,,,,,,,,,,,,,,,,,,,,,,,,,,,,,,,,,,,,31.0,11.0,,,,,,,,,,,,,
,,,,,,,,,,,,,,,,,,,,,,,,,,,,,,,,,,,,,,,,,,,,,,,,,,,,,,,,,,,,,,,,,,,,,,,,,,,,,,,,,,,,,,,,,,,,,,,,,,,,,,,,,,,,,,,,,,28.0,1.0,,,,,,,,,,,,,
,,,,,,,,,,,,,,,,,,,,,,,,,,,,,,,,,,,,,,,,,,,,,,,,,,,,,,,,,,,,,,,,,,,,,,,,,,,,,,,,,,,,,,,,,,,,,,,,,,,,,,,,,,,,,,,,,,22.0,2.0,,,,,,,,,,,,,
,,,,,,,,,,,,,,,,,,,,,,,,,,,,,,,,,,,,,,,,,,,,,,,,,,,,,,,,,,,,,,,,,,,,,,,,,,,,,,,,,,,,,,,,,,,,,,,,,,,,,,,,,,,,,,,,,,30.0,3.0,,,,,,,,,,,,,
,,,,,,,,,,,,,,,,,,,,,,,,,,,,,,,,,,,,,,,,,,,,,,,,,,,,,,,,,,,,,,,,,,,,,,,,,,,,,,,,,,,,,,,,,,,,,,,,,,,,,,,,,,,,,,,,,,25.0,4.0,,,,,,,,,,,,,
,,,,,,,,,,,,,,,,,,,,,,,,,,,,,,,,,,,,,,,,,,,,,,,,,,,,,,,,,,,,,,,,,,,,,,,,,,,,,,,,,,,,,,,,,,,,,,,,,,,,,,,,,,,,,,,,,,31.0,5.0,,,,,,,,,,,,,
,,,,,,,,,,,,,,,,,,,,,,,,,,,,,,,,,,,,,,,,,,,,,,,,,,,,,,,,,,,,,,,,,,,,,,,,,,,,,,,,,,,,,,,,,,,,,,,,,,,,,,,,,,,,,,,,,,33.0,6.0,,,,,,,,,,,,,
,,,,,,,,,,,,,,,,,,,,,,,,,,,,,,,,,,,,,,,,,,,,,,,,,,,,,,,,,,,,,,,,,,,,,,,,,,,,,,,,,,,,,,,,,,,,,,,,,,,,,,,,,,,,,,,,,,33.0,7.0,,,,,,,,,,,,,
,,,,,,,,,,,,,,,,,,,,,,,,,,,,,,,,,,,,,,,,,,,,,,,,,,,,,,,,,,,,,,,,,,,,,,,,,,,,,,,,,,,,,,,,,,,,,,,,,,,,,,,,,,,,,,,,,,41.0,8.0,,,,,,,,,,,,,
,,,,,,,,,,,,,,,,,,,,,,,,,,,,,,,,,,,,,,,,,,,,,,,,,,,,,,,,,,,,,,,,,,,,,,,,,,,,,,,,,,,,,,,,,,,,,,,,,,,,,,,,,,,,,,,,,,39.0,9.0,,,,,,,,,,,,,
,,,,,,,,,,,,,,,,,,,,,,,,,,,,,,,,,,,,,,,,,,,,,,,,,,,,,,,,,,,,,,,,,,,,,,,,,,,,,,,,,,,,,,,,,,,,,,,,,,,,,,,,,,,,,,,,,,39.0,10.0,,,,,,,,,,,,,
,,,,,,,,,,,,,,,,,,,,,,,,,,,,,,,,,,,,,,,,,,,,,,,,,,,,,,,,,,,,,,,,,,,,,,,,,,,,,,,,,,,,,,,,,,,,,,,,,,,,,,,,,,,,,,,,,,26.0,11.0,,,,,,,,,,,,,
,,,,,,,,,,,,,,,,,,,,,,,,,,,,,,,,,,,,,,,,,,,,,,,,,,,,,,,,,,,,,,,,,,,,,,,,,,,,,,,,,,,,,,,,,,,,,,,,,,,,,,,,,,,,,,,,,,40.0,1.0,,,,,,,,,,,,,
,,,,,,,,,,,,,,,,,,,,,,,,,,,,,,,,,,,,,,,,,,,,,,,,,,,,,,,,,,,,,,,,,,,,,,,,,,,,,,,,,,,,,,,,,,,,,,,,,,,,,,,,,,,,,,,,,,33.0,2.0,,,,,,,,,,,,,
,,,,,,,,,,,,,,,,,,,,,,,,,,,,,,,,,,,,,,,,,,,,,,,,,,,,,,,,,,,,,,,,,,,,,,,,,,,,,,,,,,,,,,,,,,,,,,,,,,,,,,,,,,,,,,,,,,31.0,3.0,,,,,,,,,,,,,
,,,,,,,,,,,,,,,,,,,,,,,,,,,,,,,,,,,,,,,,,,,,,,,,,,,,,,,,,,,,,,,,,,,,,,,,,,,,,,,,,,,,,,,,,,,,,,,,,,,,,,,,,,,,,,,,,,27.0,4.0,,,,,,,,,,,,,
,,,,,,,,,,,,,,,,,,,,,,,,,,,,,,,,,,,,,,,,,,,,,,,,,,,,,,,,,,,,,,,,,,,,,,,,,,,,,,,,,,,,,,,,,,,,,,,,,,,,,,,,,,,,,,,,,,23.0,5.0,,,,,,,,,,,,,
,,,,,,,,,,,,,,,,,,,,,,,,,,,,,,,,,,,,,,,,,,,,,,,,,,,,,,,,,,,,,,,,,,,,,,,,,,,,,,,,,,,,,,,,,,,,,,,,,,,,,,,,,,,,,,,,,,44.0,6.0,,,,,,,,,,,,,
,,,,,,,,,,,,,,,,,,,,,,,,,,,,,,,,,,,,,,,,,,,,,,,,,,,,,,,,,,,,,,,,,,,,,,,,,,,,,,,,,,,,,,,,,,,,,,,,,,,,,,,,,,,,,,,,,,32.0,7.0,,,,,,,,,,,,,
,,,,,,,,,,,,,,,,,,,,,,,,,,,,,,,,,,,,,,,,,,,,,,,,,,,,,,,,,,,,,,,,,,,,,,,,,,,,,,,,,,,,,,,,,,,,,,,,,,,,,,,,,,,,,,,,,,30.0,8.0,,,,,,,,,,,,,
,,,,,,,,,,,,,,,,,,,,,,,,,,,,,,,,,,,,,,,,,,,,,,,,,,,,,,,,,,,,,,,,,,,,,,,,,,,,,,,,,,,,,,,,,,,,,,,,,,,,,,,,,,,,,,,,,,35.0,9.0,,,,,,,,,,,,,
,,,,,,,,,,,,,,,,,,,,,,,,,,,,,,,,,,,,,,,,,,,,,,,,,,,,,,,,,,,,,,,,,,,,,,,,,,,,,,,,,,,,,,,,,,,,,,,,,,,,,,,,,,,,,,,,,,49.0,10.0,,,,,,,,,,,,,
,,,,,,,,,,,,,,,,,,,,,,,,,,,,,,,,,,,,,,,,,,,,,,,,,,,,,,,,,,,,,,,,,,,,,,,,,,,,,,,,,,,,,,,,,,,,,,,,,,,,,,,,,,,,,,,,,,49.0,11.0,,,,,,,,,,,,,
,,,,,,,,,,,,,,,,,,,,,,,,,,,,,,,,,,,,,,,,,,,,,,,,,,,,,,,,,,,,,,,,,,,,,,,,,,,,,,,,,,,,,,,,,,,,,,,,,,,,,,,,,,,,,,,,,,31.0,1.0,,,,,,,,,,,,,
,,,,,,,,,,,,,,,,,,,,,,,,,,,,,,,,,,,,,,,,,,,,,,,,,,,,,,,,,,,,,,,,,,,,,,,,,,,,,,,,,,,,,,,,,,,,,,,,,,,,,,,,,,,,,,,,,,38.0,2.0,,,,,,,,,,,,,
,,,,,,,,,,,,,,,,,,,,,,,,,,,,,,,,,,,,,,,,,,,,,,,,,,,,,,,,,,,,,,,,,,,,,,,,,,,,,,,,,,,,,,,,,,,,,,,,,,,,,,,,,,,,,,,,,,29.0,3.0,,,,,,,,,,,,,
,,,,,,,,,,,,,,,,,,,,,,,,,,,,,,,,,,,,,,,,,,,,,,,,,,,,,,,,,,,,,,,,,,,,,,,,,,,,,,,,,,,,,,,,,,,,,,,,,,,,,,,,,,,,,,,,,,34.0,4.0,,,,,,,,,,,,,
,,,,,,,,,,,,,,,,,,,,,,,,,,,,,,,,,,,,,,,,,,,,,,,,,,,,,,,,,,,,,,,,,,,,,,,,,,,,,,,,,,,,,,,,,,,,,,,,,,,,,,,,,,,,,,,,,,24.0,5.0,,,,,,,,,,,,,
,,,,,,,,,,,,,,,,,,,,,,,,,,,,,,,,,,,,,,,,,,,,,,,,,,,,,,,,,,,,,,,,,,,,,,,,,,,,,,,,,,,,,,,,,,,,,,,,,,,,,,,,,,,,,,,,,,31.0,6.0,,,,,,,,,,,,,
,,,,,,,,,,,,,,,,,,,,,,,,,,,,,,,,,,,,,,,,,,,,,,,,,,,,,,,,,,,,,,,,,,,,,,,,,,,,,,,,,,,,,,,,,,,,,,,,,,,,,,,,,,,,,,,,,,29.0,7.0,,,,,,,,,,,,,
,,,,,,,,,,,,,,,,,,,,,,,,,,,,,,,,,,,,,,,,,,,,,,,,,,,,,,,,,,,,,,,,,,,,,,,,,,,,,,,,,,,,,,,,,,,,,,,,,,,,,,,,,,,,,,,,,,33.0,8.0,,,,,,,,,,,,,
,,,,,,,,,,,,,,,,,,,,,,,,,,,,,,,,,,,,,,,,,,,,,,,,,,,,,,,,,,,,,,,,,,,,,,,,,,,,,,,,,,,,,,,,,,,,,,,,,,,,,,,,,,,,,,,,,,25.0,9.0,,,,,,,,,,,,,
,,,,,,,,,,,,,,,,,,,,,,,,,,,,,,,,,,,,,,,,,,,,,,,,,,,,,,,,,,,,,,,,,,,,,,,,,,,,,,,,,,,,,,,,,,,,,,,,,,,,,,,,,,,,,,,,,,34.0,10.0,,,,,,,,,,,,,
,,,,,,,,,,,,,,,,,,,,,,,,,,,,,,,,,,,,,,,,,,,,,,,,,,,,,,,,,,,,,,,,,,,,,,,,,,,,,,,,,,,,,,,,,,,,,,,,,,,,,,,,,,,,,,,,,,33.0,11.0,,,,,,,,,,,,,
,,,,,,,,,,,,,,,,,,,,,,,,,,,,,,,,,,,,,,,,,,,,,,,,,,,,,,,,,,,,,,,,,,,,,,,,,,,,,,,,,,,,,,,,,,,,,,,,,,,,,,,,,,,,,,,,,,47.0,1.0,,,,,,,,,,,,,
,,,,,,,,,,,,,,,,,,,,,,,,,,,,,,,,,,,,,,,,,,,,,,,,,,,,,,,,,,,,,,,,,,,,,,,,,,,,,,,,,,,,,,,,,,,,,,,,,,,,,,,,,,,,,,,,,,30.0,2.0,,,,,,,,,,,,,
,,,,,,,,,,,,,,,,,,,,,,,,,,,,,,,,,,,,,,,,,,,,,,,,,,,,,,,,,,,,,,,,,,,,,,,,,,,,,,,,,,,,,,,,,,,,,,,,,,,,,,,,,,,,,,,,,,38.0,3.0,,,,,,,,,,,,,
,,,,,,,,,,,,,,,,,,,,,,,,,,,,,,,,,,,,,,,,,,,,,,,,,,,,,,,,,,,,,,,,,,,,,,,,,,,,,,,,,,,,,,,,,,,,,,,,,,,,,,,,,,,,,,,,,,28.0,4.0,,,,,,,,,,,,,
,,,,,,,,,,,,,,,,,,,,,,,,,,,,,,,,,,,,,,,,,,,,,,,,,,,,,,,,,,,,,,,,,,,,,,,,,,,,,,,,,,,,,,,,,,,,,,,,,,,,,,,,,,,,,,,,,,37.0,5.0,,,,,,,,,,,,,
,,,,,,,,,,,,,,,,,,,,,,,,,,,,,,,,,,,,,,,,,,,,,,,,,,,,,,,,,,,,,,,,,,,,,,,,,,,,,,,,,,,,,,,,,,,,,,,,,,,,,,,,,,,,,,,,,,44.0,6.0,,,,,,,,,,,,,
,,,,,,,,,,,,,,,,,,,,,,,,,,,,,,,,,,,,,,,,,,,,,,,,,,,,,,,,,,,,,,,,,,,,,,,,,,,,,,,,,,,,,,,,,,,,,,,,,,,,,,,,,,,,,,,,,,42.0,7.0,,,,,,,,,,,,,
,,,,,,,,,,,,,,,,,,,,,,,,,,,,,,,,,,,,,,,,,,,,,,,,,,,,,,,,,,,,,,,,,,,,,,,,,,,,,,,,,,,,,,,,,,,,,,,,,,,,,,,,,,,,,,,,,,29.0,8.0,,,,,,,,,,,,,
,,,,,,,,,,,,,,,,,,,,,,,,,,,,,,,,,,,,,,,,,,,,,,,,,,,,,,,,,,,,,,,,,,,,,,,,,,,,,,,,,,,,,,,,,,,,,,,,,,,,,,,,,,,,,,,,,,39.0,9.0,,,,,,,,,,,,,
,,,,,,,,,,,,,,,,,,,,,,,,,,,,,,,,,,,,,,,,,,,,,,,,,,,,,,,,,,,,,,,,,,,,,,,,,,,,,,,,,,,,,,,,,,,,,,,,,,,,,,,,,,,,,,,,,,25.0,10.0,,,,,,,,,,,,,
,,,,,,,,,,,,,,,,,,,,,,,,,,,,,,,,,,,,,,,,,,,,,,,,,,,,,,,,,,,,,,,,,,,,,,,,,,,,,,,,,,,,,,,,,,,,,,,,,,,,,,,,,,,,,,,,,,31.0,11.0,,,,,,,,,,,,,
,,,,,,,,,,,,,,,,,,,,,,,,,,,,,,,,,,,,,,,,,,,,,,,,,,,,,,,,,,,,,,,,,,,,,,,,,,,,,,,,,,,,,,,,,,,,,,,,,,,,,,,,,,,,,,,,,,25.0,1.0,,,,,,,,,,,,,
,,,,,,,,,,,,,,,,,,,,,,,,,,,,,,,,,,,,,,,,,,,,,,,,,,,,,,,,,,,,,,,,,,,,,,,,,,,,,,,,,,,,,,,,,,,,,,,,,,,,,,,,,,,,,,,,,,36.0,2.0,,,,,,,,,,,,,
,,,,,,,,,,,,,,,,,,,,,,,,,,,,,,,,,,,,,,,,,,,,,,,,,,,,,,,,,,,,,,,,,,,,,,,,,,,,,,,,,,,,,,,,,,,,,,,,,,,,,,,,,,,,,,,,,,34.0,3.0,,,,,,,,,,,,,
,,,,,,,,,,,,,,,,,,,,,,,,,,,,,,,,,,,,,,,,,,,,,,,,,,,,,,,,,,,,,,,,,,,,,,,,,,,,,,,,,,,,,,,,,,,,,,,,,,,,,,,,,,,,,,,,,,29.0,4.0,,,,,,,,,,,,,
,,,,,,,,,,,,,,,,,,,,,,,,,,,,,,,,,,,,,,,,,,,,,,,,,,,,,,,,,,,,,,,,,,,,,,,,,,,,,,,,,,,,,,,,,,,,,,,,,,,,,,,,,,,,,,,,,,30.0,5.0,,,,,,,,,,,,,
,,,,,,,,,,,,,,,,,,,,,,,,,,,,,,,,,,,,,,,,,,,,,,,,,,,,,,,,,,,,,,,,,,,,,,,,,,,,,,,,,,,,,,,,,,,,,,,,,,,,,,,,,,,,,,,,,,27.0,6.0,,,,,,,,,,,,,
,,,,,,,,,,,,,,,,,,,,,,,,,,,,,,,,,,,,,,,,,,,,,,,,,,,,,,,,,,,,,,,,,,,,,,,,,,,,,,,,,,,,,,,,,,,,,,,,,,,,,,,,,,,,,,,,,,41.0,7.0,,,,,,,,,,,,,
,,,,,,,,,,,,,,,,,,,,,,,,,,,,,,,,,,,,,,,,,,,,,,,,,,,,,,,,,,,,,,,,,,,,,,,,,,,,,,,,,,,,,,,,,,,,,,,,,,,,,,,,,,,,,,,,,,25.0,8.0,,,,,,,,,,,,,
,,,,,,,,,,,,,,,,,,,,,,,,,,,,,,,,,,,,,,,,,,,,,,,,,,,,,,,,,,,,,,,,,,,,,,,,,,,,,,,,,,,,,,,,,,,,,,,,,,,,,,,,,,,,,,,,,,23.0,9.0,,,,,,,,,,,,,
,,,,,,,,,,,,,,,,,,,,,,,,,,,,,,,,,,,,,,,,,,,,,,,,,,,,,,,,,,,,,,,,,,,,,,,,,,,,,,,,,,,,,,,,,,,,,,,,,,,,,,,,,,,,,,,,,,35.0,10.0,,,,,,,,,,,,,
,,,,,,,,,,,,,,,,,,,,,,,,,,,,,,,,,,,,,,,,,,,,,,,,,,,,,,,,,,,,,,,,,,,,,,,,,,,,,,,,,,,,,,,,,,,,,,,,,,,,,,,,,,,,,,,,,,59.0,11.0,,,,,,,,,,,,,
,,,,,,,,,,,,,,,,,,,,,,,,,,,,,,,,,,,,,,,,,,,,,,,,,,,,,,,,,,,,,,,,,,,,,,,,,,,,,,,,,,,,,,,,,,,,,,,,,,,,,,,,,,,,,,,,,,34.0,12.0,,,,,,,,,,,,,
,,,,,,,,,,,,,,,,,,,,,,,,,,,,,,,,,,,,,,,,,,,,,,,,,,,,,,,,,,,,,,,,,,,,,,,,,,,,,,,,,,,,,,,,,,,,,,,,,,,,,,,,,,,,,,,,,,27.0,1.0,,,,,,,,,,,,,
,,,,,,,,,,,,,,,,,,,,,,,,,,,,,,,,,,,,,,,,,,,,,,,,,,,,,,,,,,,,,,,,,,,,,,,,,,,,,,,,,,,,,,,,,,,,,,,,,,,,,,,,,,,,,,,,,,43.0,2.0,,,,,,,,,,,,,
,,,,,,,,,,,,,,,,,,,,,,,,,,,,,,,,,,,,,,,,,,,,,,,,,,,,,,,,,,,,,,,,,,,,,,,,,,,,,,,,,,,,,,,,,,,,,,,,,,,,,,,,,,,,,,,,,,25.0,3.0,,,,,,,,,,,,,
,,,,,,,,,,,,,,,,,,,,,,,,,,,,,,,,,,,,,,,,,,,,,,,,,,,,,,,,,,,,,,,,,,,,,,,,,,,,,,,,,,,,,,,,,,,,,,,,,,,,,,,,,,,,,,,,,,28.0,4.0,,,,,,,,,,,,,
,,,,,,,,,,,,,,,,,,,,,,,,,,,,,,,,,,,,,,,,,,,,,,,,,,,,,,,,,,,,,,,,,,,,,,,,,,,,,,,,,,,,,,,,,,,,,,,,,,,,,,,,,,,,,,,,,,38.0,5.0,,,,,,,,,,,,,
,,,,,,,,,,,,,,,,,,,,,,,,,,,,,,,,,,,,,,,,,,,,,,,,,,,,,,,,,,,,,,,,,,,,,,,,,,,,,,,,,,,,,,,,,,,,,,,,,,,,,,,,,,,,,,,,,,41.0,6.0,,,,,,,,,,,,,
,,,,,,,,,,,,,,,,,,,,,,,,,,,,,,,,,,,,,,,,,,,,,,,,,,,,,,,,,,,,,,,,,,,,,,,,,,,,,,,,,,,,,,,,,,,,,,,,,,,,,,,,,,,,,,,,,,29.0,7.0,,,,,,,,,,,,,
,,,,,,,,,,,,,,,,,,,,,,,,,,,,,,,,,,,,,,,,,,,,,,,,,,,,,,,,,,,,,,,,,,,,,,,,,,,,,,,,,,,,,,,,,,,,,,,,,,,,,,,,,,,,,,,,,,45.0,8.0,,,,,,,,,,,,,
,,,,,,,,,,,,,,,,,,,,,,,,,,,,,,,,,,,,,,,,,,,,,,,,,,,,,,,,,,,,,,,,,,,,,,,,,,,,,,,,,,,,,,,,,,,,,,,,,,,,,,,,,,,,,,,,,,24.0,9.0,,,,,,,,,,,,,
,,,,,,,,,,,,,,,,,,,,,,,,,,,,,,,,,,,,,,,,,,,,,,,,,,,,,,,,,,,,,,,,,,,,,,,,,,,,,,,,,,,,,,,,,,,,,,,,,,,,,,,,,,,,,,,,,,40.0,10.0,,,,,,,,,,,,,
,,,,,,,,,,,,,,,,,,,,,,,,,,,,,,,,,,,,,,,,,,,,,,,,,,,,,,,,,,,,,,,,,,,,,,,,,,,,,,,,,,,,,,,,,,,,,,,,,,,,,,,,,,,,,,,,,,49.0,11.0,,,,,,,,,,,,,
,,,,,,,,,,,,,,,,,,,,,,,,,,,,,,,,,,,,,,,,,,,,,,,,,,,,,,,,,,,,,,,,,,,,,,,,,,,,,,,,,,,,,,,,,,,,,,,,,,,,,,,,,,,,,,,,,,27.0,12.0,,,,,,,,,,,,,
,,,,,,,,,,,,,,,,,,,,,,,,,,,,,,,,,,,,,,,,,,,,,,,,,,,,,,,,,,,,,,,,,,,,,,,,,,,,,,,,,,,,,,,,,,,,,,,,,,,,,,,,,,,,,,,,,,29.0,13.0,,,,,,,,,,,,,
,,,,,,,,,,,,,,,,,,,,,,,,,,,,,,,,,,,,,,,,,,,,,,,,,,,,,,,,,,,,,,,,,,,,,,,,,,,,,,,,,,,,,,,,,,,,,,,,,,,,,,,,,,,,,,,,,,34.0,1.0,,,,,,,,,,,,,
,,,,,,,,,,,,,,,,,,,,,,,,,,,,,,,,,,,,,,,,,,,,,,,,,,,,,,,,,,,,,,,,,,,,,,,,,,,,,,,,,,,,,,,,,,,,,,,,,,,,,,,,,,,,,,,,,,29.0,2.0,,,,,,,,,,,,,
,,,,,,,,,,,,,,,,,,,,,,,,,,,,,,,,,,,,,,,,,,,,,,,,,,,,,,,,,,,,,,,,,,,,,,,,,,,,,,,,,,,,,,,,,,,,,,,,,,,,,,,,,,,,,,,,,,38.0,3.0,,,,,,,,,,,,,
,,,,,,,,,,,,,,,,,,,,,,,,,,,,,,,,,,,,,,,,,,,,,,,,,,,,,,,,,,,,,,,,,,,,,,,,,,,,,,,,,,,,,,,,,,,,,,,,,,,,,,,,,,,,,,,,,,37.0,4.0,,,,,,,,,,,,,
,,,,,,,,,,,,,,,,,,,,,,,,,,,,,,,,,,,,,,,,,,,,,,,,,,,,,,,,,,,,,,,,,,,,,,,,,,,,,,,,,,,,,,,,,,,,,,,,,,,,,,,,,,,,,,,,,,38.0,5.0,,,,,,,,,,,,,
,,,,,,,,,,,,,,,,,,,,,,,,,,,,,,,,,,,,,,,,,,,,,,,,,,,,,,,,,,,,,,,,,,,,,,,,,,,,,,,,,,,,,,,,,,,,,,,,,,,,,,,,,,,,,,,,,,55.0,6.0,,,,,,,,,,,,,
,,,,,,,,,,,,,,,,,,,,,,,,,,,,,,,,,,,,,,,,,,,,,,,,,,,,,,,,,,,,,,,,,,,,,,,,,,,,,,,,,,,,,,,,,,,,,,,,,,,,,,,,,,,,,,,,,,37.0,7.0,,,,,,,,,,,,,
,,,,,,,,,,,,,,,,,,,,,,,,,,,,,,,,,,,,,,,,,,,,,,,,,,,,,,,,,,,,,,,,,,,,,,,,,,,,,,,,,,,,,,,,,,,,,,,,,,,,,,,,,,,,,,,,,,55.0,8.0,,,,,,,,,,,,,
,,,,,,,,,,,,,,,,,,,,,,,,,,,,,,,,,,,,,,,,,,,,,,,,,,,,,,,,,,,,,,,,,,,,,,,,,,,,,,,,,,,,,,,,,,,,,,,,,,,,,,,,,,,,,,,,,,22.0,9.0,,,,,,,,,,,,,
,,,,,,,,,,,,,,,,,,,,,,,,,,,,,,,,,,,,,,,,,,,,,,,,,,,,,,,,,,,,,,,,,,,,,,,,,,,,,,,,,,,,,,,,,,,,,,,,,,,,,,,,,,,,,,,,,,46.0,10.0,,,,,,,,,,,,,
,,,,,,,,,,,,,,,,,,,,,,,,,,,,,,,,,,,,,,,,,,,,,,,,,,,,,,,,,,,,,,,,,,,,,,,,,,,,,,,,,,,,,,,,,,,,,,,,,,,,,,,,,,,,,,,,,,26.0,11.0,,,,,,,,,,,,,
,,,,,,,,,,,,,,,,,,,,,,,,,,,,,,,,,,,,,,,,,,,,,,,,,,,,,,,,,,,,,,,,,,,,,,,,,,,,,,,,,,,,,,,,,,,,,,,,,,,,,,,,,,,,,,,,,,27.0,12.0,,,,,,,,,,,,,
,,,,,,,,,,,,,,,,,,,,,,,,,,,,,,,,,,,,,,,,,,,,,,,,,,,,,,,,,,,,,,,,,,,,,,,,,,,,,,,,,,,,,,,,,,,,,,,,,,,,,,,,,,,,,,,,,,23.0,13.0,,,,,,,,,,,,,
,,,,,,,,,,,,,,,,,,,,,,,,,,,,,,,,,,,,,,,,,,,,,,,,,,,,,,,,,,,,,,,,,,,,,,,,,,,,,,,,,,,,,,,,,,,,,,,,,,,,,,,,,,,,,,,,,,27.0,1.0,,,,,,,,,,,,,
,,,,,,,,,,,,,,,,,,,,,,,,,,,,,,,,,,,,,,,,,,,,,,,,,,,,,,,,,,,,,,,,,,,,,,,,,,,,,,,,,,,,,,,,,,,,,,,,,,,,,,,,,,,,,,,,,,22.0,2.0,,,,,,,,,,,,,
,,,,,,,,,,,,,,,,,,,,,,,,,,,,,,,,,,,,,,,,,,,,,,,,,,,,,,,,,,,,,,,,,,,,,,,,,,,,,,,,,,,,,,,,,,,,,,,,,,,,,,,,,,,,,,,,,,35.0,3.0,,,,,,,,,,,,,
,,,,,,,,,,,,,,,,,,,,,,,,,,,,,,,,,,,,,,,,,,,,,,,,,,,,,,,,,,,,,,,,,,,,,,,,,,,,,,,,,,,,,,,,,,,,,,,,,,,,,,,,,,,,,,,,,,32.0,4.0,,,,,,,,,,,,,
,,,,,,,,,,,,,,,,,,,,,,,,,,,,,,,,,,,,,,,,,,,,,,,,,,,,,,,,,,,,,,,,,,,,,,,,,,,,,,,,,,,,,,,,,,,,,,,,,,,,,,,,,,,,,,,,,,37.0,5.0,,,,,,,,,,,,,
,,,,,,,,,,,,,,,,,,,,,,,,,,,,,,,,,,,,,,,,,,,,,,,,,,,,,,,,,,,,,,,,,,,,,,,,,,,,,,,,,,,,,,,,,,,,,,,,,,,,,,,,,,,,,,,,,,32.0,6.0,,,,,,,,,,,,,
,,,,,,,,,,,,,,,,,,,,,,,,,,,,,,,,,,,,,,,,,,,,,,,,,,,,,,,,,,,,,,,,,,,,,,,,,,,,,,,,,,,,,,,,,,,,,,,,,,,,,,,,,,,,,,,,,,38.0,7.0,,,,,,,,,,,,,
,,,,,,,,,,,,,,,,,,,,,,,,,,,,,,,,,,,,,,,,,,,,,,,,,,,,,,,,,,,,,,,,,,,,,,,,,,,,,,,,,,,,,,,,,,,,,,,,,,,,,,,,,,,,,,,,,,36.0,8.0,,,,,,,,,,,,,
,,,,,,,,,,,,,,,,,,,,,,,,,,,,,,,,,,,,,,,,,,,,,,,,,,,,,,,,,,,,,,,,,,,,,,,,,,,,,,,,,,,,,,,,,,,,,,,,,,,,,,,,,,,,,,,,,,49.0,9.0,,,,,,,,,,,,,
,,,,,,,,,,,,,,,,,,,,,,,,,,,,,,,,,,,,,,,,,,,,,,,,,,,,,,,,,,,,,,,,,,,,,,,,,,,,,,,,,,,,,,,,,,,,,,,,,,,,,,,,,,,,,,,,,,33.0,10.0,,,,,,,,,,,,,
,,,,,,,,,,,,,,,,,,,,,,,,,,,,,,,,,,,,,,,,,,,,,,,,,,,,,,,,,,,,,,,,,,,,,,,,,,,,,,,,,,,,,,,,,,,,,,,,,,,,,,,,,,,,,,,,,,34.0,11.0,,,,,,,,,,,,,
,,,,,,,,,,,,,,,,,,,,,,,,,,,,,,,,,,,,,,,,,,,,,,,,,,,,,,,,,,,,,,,,,,,,,,,,,,,,,,,,,,,,,,,,,,,,,,,,,,,,,,,,,,,,,,,,,,28.0,12.0,,,,,,,,,,,,,
,,,,,,,,,,,,,,,,,,,,,,,,,,,,,,,,,,,,,,,,,,,,,,,,,,,,,,,,,,,,,,,,,,,,,,,,,,,,,,,,,,,,,,,,,,,,,,,,,,,,,,,,,,,,,,,,,,59.0,13.0,,,,,,,,,,,,,
,,,,,,,,,,,,,,,,,,,,,,,,,,,,,,,,,,,,,,,,,,,,,,,,,,,,,,,,,,,,,,,,,,,,,,,,,,,,,,,,,,,,,,,,,,,,,,,,,,,,,,,,,,,,,,,,,,61.0,14.0,,,,,,,,,,,,,
,,,,,,,,,,,,,,,,,,,,,,,,,,,,,,,,,,,,,,,,,,,,,,,,,,,,,,,,,,,,,,,,,,,,,,,,,,,,,,,,,,,,,,,,,,,,,,,,,,,,,,,,,,,,,,,,,,21.0,1.0,,,,,,,,,,,,,
,,,,,,,,,,,,,,,,,,,,,,,,,,,,,,,,,,,,,,,,,,,,,,,,,,,,,,,,,,,,,,,,,,,,,,,,,,,,,,,,,,,,,,,,,,,,,,,,,,,,,,,,,,,,,,,,,,22.0,2.0,,,,,,,,,,,,,
,,,,,,,,,,,,,,,,,,,,,,,,,,,,,,,,,,,,,,,,,,,,,,,,,,,,,,,,,,,,,,,,,,,,,,,,,,,,,,,,,,,,,,,,,,,,,,,,,,,,,,,,,,,,,,,,,,16.0,3.0,,,,,,,,,,,,,
,,,,,,,,,,,,,,,,,,,,,,,,,,,,,,,,,,,,,,,,,,,,,,,,,,,,,,,,,,,,,,,,,,,,,,,,,,,,,,,,,,,,,,,,,,,,,,,,,,,,,,,,,,,,,,,,,,37.0,4.0,,,,,,,,,,,,,
,,,,,,,,,,,,,,,,,,,,,,,,,,,,,,,,,,,,,,,,,,,,,,,,,,,,,,,,,,,,,,,,,,,,,,,,,,,,,,,,,,,,,,,,,,,,,,,,,,,,,,,,,,,,,,,,,,24.0,5.0,,,,,,,,,,,,,
,,,,,,,,,,,,,,,,,,,,,,,,,,,,,,,,,,,,,,,,,,,,,,,,,,,,,,,,,,,,,,,,,,,,,,,,,,,,,,,,,,,,,,,,,,,,,,,,,,,,,,,,,,,,,,,,,,12.0,6.0,,,,,,,,,,,,,
,,,,,,,,,,,,,,,,,,,,,,,,,,,,,,,,,,,,,,,,,,,,,,,,,,,,,,,,,,,,,,,,,,,,,,,,,,,,,,,,,,,,,,,,,,,,,,,,,,,,,,,,,,,,,,,,,,17.0,7.0,,,,,,,,,,,,,
,,,,,,,,,,,,,,,,,,,,,,,,,,,,,,,,,,,,,,,,,,,,,,,,,,,,,,,,,,,,,,,,,,,,,,,,,,,,,,,,,,,,,,,,,,,,,,,,,,,,,,,,,,,,,,,,,,31.0,8.0,,,,,,,,,,,,,
,,,,,,,,,,,,,,,,,,,,,,,,,,,,,,,,,,,,,,,,,,,,,,,,,,,,,,,,,,,,,,,,,,,,,,,,,,,,,,,,,,,,,,,,,,,,,,,,,,,,,,,,,,,,,,,,,,22.0,9.0,,,,,,,,,,,,,
,,,,,,,,,,,,,,,,,,,,,,,,,,,,,,,,,,,,,,,,,,,,,,,,,,,,,,,,,,,,,,,,,,,,,,,,,,,,,,,,,,,,,,,,,,,,,,,,,,,,,,,,,,,,,,,,,,8.0,10.0,,,,,,,,,,,,,
,,,,,,,,,,,,,,,,,,,,,,,,,,,,,,,,,,,,,,,,,,,,,,,,,,,,,,,,,,,,,,,,,,,,,,,,,,,,,,,,,,,,,,,,,,,,,,,,,,,,,,,,,,,,,,,,,,19.0,1.0,,,,,,,,,,,,,
,,,,,,,,,,,,,,,,,,,,,,,,,,,,,,,,,,,,,,,,,,,,,,,,,,,,,,,,,,,,,,,,,,,,,,,,,,,,,,,,,,,,,,,,,,,,,,,,,,,,,,,,,,,,,,,,,,20.0,2.0,,,,,,,,,,,,,
,,,,,,,,,,,,,,,,,,,,,,,,,,,,,,,,,,,,,,,,,,,,,,,,,,,,,,,,,,,,,,,,,,,,,,,,,,,,,,,,,,,,,,,,,,,,,,,,,,,,,,,,,,,,,,,,,,14.0,3.0,,,,,,,,,,,,,
,,,,,,,,,,,,,,,,,,,,,,,,,,,,,,,,,,,,,,,,,,,,,,,,,,,,,,,,,,,,,,,,,,,,,,,,,,,,,,,,,,,,,,,,,,,,,,,,,,,,,,,,,,,,,,,,,,26.0,4.0,,,,,,,,,,,,,
,,,,,,,,,,,,,,,,,,,,,,,,,,,,,,,,,,,,,,,,,,,,,,,,,,,,,,,,,,,,,,,,,,,,,,,,,,,,,,,,,,,,,,,,,,,,,,,,,,,,,,,,,,,,,,,,,,16.0,5.0,,,,,,,,,,,,,
,,,,,,,,,,,,,,,,,,,,,,,,,,,,,,,,,,,,,,,,,,,,,,,,,,,,,,,,,,,,,,,,,,,,,,,,,,,,,,,,,,,,,,,,,,,,,,,,,,,,,,,,,,,,,,,,,,9.0,6.0,,,,,,,,,,,,,
,,,,,,,,,,,,,,,,,,,,,,,,,,,,,,,,,,,,,,,,,,,,,,,,,,,,,,,,,,,,,,,,,,,,,,,,,,,,,,,,,,,,,,,,,,,,,,,,,,,,,,,,,,,,,,,,,,15.0,7.0,,,,,,,,,,,,,
,,,,,,,,,,,,,,,,,,,,,,,,,,,,,,,,,,,,,,,,,,,,,,,,,,,,,,,,,,,,,,,,,,,,,,,,,,,,,,,,,,,,,,,,,,,,,,,,,,,,,,,,,,,,,,,,,,26.0,8.0,,,,,,,,,,,,,
,,,,,,,,,,,,,,,,,,,,,,,,,,,,,,,,,,,,,,,,,,,,,,,,,,,,,,,,,,,,,,,,,,,,,,,,,,,,,,,,,,,,,,,,,,,,,,,,,,,,,,,,,,,,,,,,,,19.0,9.0,,,,,,,,,,,,,
,,,,,,,,,,,,,,,,,,,,,,,,,,,,,,,,,,,,,,,,,,,,,,,,,,,,,,,,,,,,,,,,,,,,,,,,,,,,,,,,,,,,,,,,,,,,,,,,,,,,,,,,,,,,,,,,,,42.0,10.0,,,,,,,,,,,,,
