place,team,season,average,average_rounded_to_five_nearest,all_averages_rank,season_averages_rank,final_rank__averages_rank,median,all_median_rank,season_median_rank,final_rank__median_rank,of_ranks,of_legs,racing_average__theoretical_season_average,racing_average__experimental_season_average,leg_wins,leg_win_rate,podium_finishes,podium_finish_rate,standard_deviation,interquartile_range,second_place_finshes,2nd_place_rate,secondtolast_place_finishes_not_final_3,2ndtolast_rate,nonelimination_legs,nonelimination_rate,of_fast_forwards,uturned,used_uturn,yielded,used_yield,mode,minimum,maximum,range,unnamed_37,roadblock_split,unnamed_39,unnamed_40,unnamed_41,unnamed_42,age,unnamed_44,unnamed_45,unnamed_46,unnamed_47,average_roadblocks,roadblock_split_range,unnamed_50,average_age,age_gap,unnamed_53,gender,name_1,name_2,name_3,name_4,unnamed_59,di_average,di_average_round_to_five_nearest,di_all_averages_rank,season_di_averages_rank,final_rank__di_averages_rank,di_median,di_all_median_rank,di_season_median_rank,final_rank__di_median_rank,di_racing_average__di_theoretical_season_average,di_racing_average__di_experimental_season_average,di_standard_deviation,di_interquartile_range,equal_or_above_05,05_rate,less_than_05,maximum_di,minimum_di,range_di
6.1115108,Average,Count: 1112,5.5204317,5.5203698,551.75989,6.0791367,0.0323741,5.4348022,492.95234,5.8201439,0.2913669,7.5431655,7.4433453,-0.2613772,-7.82e-05,1.1070144,0.1084409,3.3021583,0.3309071,1.69955,2.1004946,1.1007194,0.1105328,0.9883094,0.1212856,0.3039568,0.0381351,0.0755396,0.1547,0.1016,0.0881,0.0279,4.4666667,3.2850719,8.2338129,4.948741,,3.3483296,,,,,32.5309834,,,,,3.36,1.0,,32.57,6.12,,,,,,,,0.4152428,0.4152572,553.15468,6.1043165,0.0071942,0.4254341,545.15468,6.0629496,0.0485612,-0.1704895,-1e-06,0.2470449,0.3293855,4.0665468,0.4369962,3.4766187,0.7498171,0.038576,0.7112411
3.3866768,Standard Deviation,Unique: 1095,2.5848693,2.5848931,318.12095,3.3692211,1.8331565,2.8083289,319.8413,3.4633265,1.9452019,4.1226615,4.0512045,0.5767655,0.4498026,1.6293909,0.1488305,3.4607869,0.2912002,0.901188,1.3428073,1.4352698,0.1367964,1.1633059,0.1441003,0.5539773,0.0797534,0.2676414,0.4105,0.3195,0.4234,0.1646,2.748988,3.1929317,2.110527,2.587685,,2.2269464,,,,,9.923605,,,,,2.09,1.16,,8.32,8.83,,,,,,,,0.2198772,0.2198535,315.88227,3.3669334,2.3209134,0.2615581,316.74128,3.3788904,2.6152186,0.4391773,0.5329663,0.1082527,0.182896,3.5617719,0.2934622,2.1456397,0.3262261,0.1034657,0.317045
6.0,Median,,4.88,4.875,554.0,6.0,0.0,5.0,504.0,6.0,0.0,8.0,8.0,-0.1278,0.1127,0.0,0.0,2.0,0.3229,1.730855,2.0,1.0,0.0769,1.0,0.0833,0.0,0.0,0.0,0.0,0.0,0.0,0.0,4.0,2.0,8.0,5.0,,3.0,,,,,30.0,,,,,3.5,1.0,,30.5,3.0,,,,,,,,0.435,0.434995,556.5,6.0,0.0,0.41667,552.0,6.0,0.0,-0.1319,0.045,0.270875,0.33333,3.0,0.5,3.0,0.88889,0.0,0.8
1.0,Rob & Brennan,TARUS1,2.46,2.46154,75.0,2.0,-1.0,3.0,166.0,2.0,-1.0,13.0,13.0,0.4034,0.5511,5.0,0.3846,11.0,0.8462,1.4473,2.0,1.0,0.0769,0.0,0.0,0.0,0.0,1.0,0.0,0.0,0.0,0.0,1.0,1.0,6.0,5.0,1.0,5.0,7.0,,,,27.0,29.0,,,,6.0,2.0,,28.0,2.0,,Male,Rob,Brennan,,,,0.74,0.74463,60.0,1.0,0.0,0.75,132.0,1.0,0.0,0.4893,0.8613,0.23294,0.4,12.0,0.9231,1.0,1.0,0.28571,0.71429
2.0,Frank & Margarita,TARUS1,2.38,2.38462,58.0,1.0,1.0,2.0,26.0,1.0,1.0,13.0,13.0,0.4228,0.5657,3.0,0.2308,10.0,0.7692,1.21139,1.0,6.0,0.4615,0.0,0.0,0.0,0.0,1.0,0.0,0.0,0.0,0.0,2.0,1.0,5.0,4.0,2.0,9.0,3.0,,,,30.0,28.0,,,,6.0,6.0,,29.0,2.0,,Co-Ed,Frank,Margarita,,,,0.72,0.72408,80.0,2.0,0.0,0.75,132.0,1.0,1.0,0.4482,0.8099,0.20405,0.30357,12.0,0.9231,1.0,1.0,0.33333,0.66667
3.0,Joe & Bill,TARUS1,2.77,2.76923,118.0,3.0,0.0,3.0,166.0,2.0,1.0,13.0,13.0,0.3282,0.4945,1.0,0.0769,9.0,0.6923,0.97301,2.0,5.0,0.3846,3.0,0.2308,2.0,0.1538,1.0,0.0,0.0,0.0,0.0,2.0,1.0,4.0,3.0,3.0,7.0,4.0,,,,50.0,47.0,,,,5.5,3.0,,48.5,3.0,,Male,Joe,Bill,,,,0.51,0.51389,398.0,5.0,-2.0,0.625,283.0,3.0,0.0,0.0278,0.2845,0.36881,0.58333,7.0,0.5385,6.0,1.0,0.0,1.0
4.0,Kevin & Drew,TARUS1,3.36,3.36364,252.0,4.0,0.0,3.0,166.0,2.0,2.0,11.0,11.0,0.1852,0.3869,3.0,0.2727,6.0,0.5455,2.22681,2.5,1.0,0.0909,1.0,0.0909,0.0,0.0,1.0,0.0,0.0,0.0,0.0,1.0,1.0,9.0,8.0,4.0,5.0,5.0,,,,34.0,35.0,,,,5.0,0.0,,34.5,1.0,,Male,Kevin,Drew,,,,0.57,0.56782,301.0,3.0,1.0,0.5,408.0,5.0,-1.0,0.1356,0.4193,0.33273,0.5619,6.0,0.5455,5.0,1.0,0.0,1.0
5.0,Nancy & Emily,TARUS1,5.78,5.77778,696.0,6.0,-1.0,5.0,504.0,5.0,0.0,9.0,9.0,-0.4017,-0.0547,0.0,0.0,2.0,0.2222,2.24983,3.0,0.0,0.0,4.0,0.4444,1.0,0.1111,0.0,0.0,0.0,0.0,0.0,5.0,3.0,10.0,7.0,5.0,2.0,7.0,,,,46.0,21.0,,,,4.5,5.0,,33.5,25.0,,Female,Nancy,Emily,,,,0.25,0.24757,865.0,9.0,-4.0,0.2,847.0,9.0,-4.0,-0.5049,-0.3812,0.249,0.12222,2.0,0.2222,7.0,0.71429,0.0,0.71429
6.0,Lenny & Karyn,TARUS1,6.43,6.42857,770.0,7.0,-1.0,6.0,634.0,7.0,-1.0,7.0,7.0,-0.5594,-0.1734,0.0,0.0,0.0,0.0,1.39971,1.0,0.0,0.0,3.0,0.4286,1.0,0.1429,0.0,0.0,0.0,0.0,0.0,6.0,4.0,9.0,5.0,6.0,2.0,5.0,,,,33.0,30.0,,,,3.5,3.0,,31.5,3.0,,Co-Ed,Lenny,Karyn,,,,0.2,0.1958,919.0,10.0,-4.0,0.14286,915.0,10.0,-4.0,-0.6084,-0.5106,0.22189,0.15278,1.0,0.1429,6.0,0.7,0.0,0.7
7.0,Paul & Amie,TARUS1,6.6,6.6,789.0,9.0,-2.0,7.0,734.0,9.0,-2.0,5.0,5.0,-0.6006,-0.2044,0.0,0.0,0.0,0.0,1.0198,1.0,0.0,0.0,0.0,0.0,0.0,0.0,0.0,0.0,0.0,0.0,0.0,7.0,5.0,8.0,3.0,7.0,3.0,1.0,,,,32.0,27.0,,,,2.0,2.0,,29.5,5.0,,Co-Ed,Paul,Amie,,,,0.29,0.28738,809.0,7.0,0.0,0.33333,656.0,7.0,0.0,-0.4252,-0.2817,0.14998,0.075,0.0,0.0,5.0,0.42857,0.0,0.42857
8.0,Dave & Margaretta,TARUS1,6.5,6.5,775.0,8.0,0.0,6.5,714.0,8.0,0.0,4.0,4.0,-0.5763,-0.1861,0.0,0.0,0.0,0.0,1.11803,1.5,0.0,0.0,0.0,0.0,0.0,0.0,0.0,0.0,0.0,0.0,0.0,,5.0,8.0,3.0,8.0,3.0,1.0,,,,65.0,60.0,,,,2.0,2.0,,62.5,5.0,,Co-Ed,Dave,Margaretta,,,,0.34,0.33611,719.0,6.0,2.0,0.42222,549.0,6.0,2.0,-0.3278,-0.1599,0.19726,0.15833,1.0,0.25,3.0,0.5,0.0,0.5
9.0,Pat & Brenda,TARUS1,5.0,5.0,566.0,5.0,4.0,5.0,504.0,5.0,4.0,3.0,3.0,-0.2126,0.0876,1.0,0.3333,1.0,0.3333,3.26599,4.0,0.0,0.0,0.0,0.0,0.0,0.0,1.0,0.0,0.0,0.0,0.0,,1.0,9.0,8.0,9.0,2.0,0.0,,,,43.0,42.0,,,,1.0,2.0,,42.5,1.0,,Female,Pat,Brenda,,,,0.53,0.53333,358.0,4.0,5.0,0.6,309.0,4.0,5.0,0.0667,0.3331,0.41096,0.5,2.0,0.6667,1.0,1.0,0.0,1.0
10.0,Kim & Leslie,TARUS1,8.0,8.0,899.0,10.0,0.0,8.0,826.0,10.0,0.0,2.0,2.0,-0.9401,-0.4599,0.0,0.0,0.0,0.0,2.0,2.0,0.0,0.0,0.0,0.0,0.0,0.0,0.0,0.0,0.0,0.0,0.0,,6.0,10.0,4.0,10.0,2.0,0.0,,,,28.0,27.0,,,,1.0,2.0,,27.5,1.0,,Female,Kim,Leslie,,,,0.25,0.25,856.0,8.0,2.0,0.25,777.0,8.0,2.0,-0.5,-0.3751,0.25,0.25,1.0,0.5,1.0,0.5,0.0,0.5
11.0,Matt & Ana,TARUS1,11.0,11.0,1043.0,11.0,0.0,11.0,997.0,11.0,0.0,1.0,1.0,-1.6677,-1.0073,0.0,0.0,0.0,0.0,0.0,0.0,0.0,0.0,0.0,0.0,0.0,0.0,0.0,0.0,0.0,0.0,0.0,,11.0,11.0,0.0,11.0,0.0,0.0,,,,28.0,28.0,,,,0.0,0.0,,28.0,0.0,,Co-Ed,Matt,Ana,,,,0.0,0.0,1030.0,11.0,0.0,0.0,1022.0,11.0,0.0,-1.0,-1.0,0.0,0.0,0.0,0.0,1.0,0.0,0.0,0.0
1.0,Chris & Alex,TARUS2,3.38,3.38462,255.0,2.0,-1.0,3.0,166.0,1.0,0.0,13.0,13.0,0.1729,0.367,3.0,0.2308,9.0,0.6923,2.20274,4.0,3.0,0.2308,3.0,0.2308,2.0,0.1538,1.0,0.0,0.0,0.0,0.0,2.0,1.0,7.0,6.0,12.0,5.0,6.0,,,,25.0,24.0,,,,5.5,1.0,,24.5,1.0,,Male,Chris,Alex,,,,0.54,0.53834,353.0,5.0,-4.0,0.5,408.0,6.0,-5.0,0.0577,0.2698,0.37006,0.63889,7.0,0.5385,6.0,1.0,0.0,1.0
2.0,Tara & Wil,TARUS2,2.54,2.53846,84.0,1.0,1.0,3.0,166.0,1.0,1.0,13.0,13.0,0.3784,0.5243,3.0,0.2308,11.0,0.8462,1.15128,1.0,3.0,0.2308,2.0,0.1538,0.0,0.0,1.0,0.0,0.0,0.0,0.0,3.0,1.0,5.0,4.0,13.0,4.0,7.0,,,,31.0,37.0,,,,5.5,3.0,,34.0,6.0,,Co-Ed,Tara,Wil,,,,0.67,0.67311,138.0,1.0,1.0,0.66667,216.0,1.0,1.0,0.3225,0.5877,0.25453,0.375,11.0,0.8462,2.0,1.0,0.2,0.8
3.0,Blake & Paige,TARUS2,3.69,3.69231,317.0,3.0,0.0,4.0,341.0,4.0,-1.0,13.0,13.0,0.097,0.309,2.0,0.1538,6.0,0.4615,2.05256,3.0,2.0,0.1538,2.0,0.1538,1.0,0.0769,1.0,0.0,0.0,0.0,0.0,4.0,1.0,9.0,8.0,14.0,8.0,3.0,,,,25.0,21.0,,,,5.5,5.0,,23.0,4.0,,Co-Ed,Blake,Paige,,,,0.51,0.50763,411.0,6.0,-3.0,0.57143,352.0,4.0,-1.0,-0.0026,0.1974,0.3265,0.5,9.0,0.6923,4.0,1.0,0.0,1.0
4.0,Oswald & Danny,TARUS2,4.0,4.0,375.0,5.0,-1.0,4.0,341.0,4.0,0.0,11.0,11.0,0.0211,0.2509,3.0,0.2727,3.0,0.2727,2.2563,2.5,0.0,0.0,2.0,0.1818,1.0,0.0909,1.0,0.0,0.0,0.0,0.0,4.0,1.0,8.0,7.0,15.0,6.0,3.0,,,,31.0,36.0,,,,4.5,3.0,,33.5,5.0,,Male,Oswald,Danny,,,,0.44,0.44091,542.0,7.0,-3.0,0.33333,656.0,8.0,-4.0,-0.1337,0.04,0.36593,0.49167,3.0,0.2727,8.0,1.0,0.0,1.0
5.0,Gary & Dave,TARUS2,3.89,3.88889,361.0,4.0,1.0,3.0,166.0,1.0,4.0,9.0,9.0,0.0481,0.2715,1.0,0.1111,5.0,0.5556,2.28252,3.0,2.0,0.2222,0.0,0.0,0.0,0.0,1.0,0.0,0.0,0.0,0.0,5.0,1.0,9.0,8.0,16.0,2.0,5.0,,,,33.0,28.0,,,,3.5,3.0,,30.5,5.0,,Male,Gary,Dave,,,,0.56,0.55511,325.0,4.0,1.0,0.55556,370.0,5.0,0.0,0.0907,0.3094,0.31155,0.46667,6.0,0.6667,3.0,1.0,0.0,1.0
6.0,Mary & Peach,TARUS2,4.14,4.14286,410.0,6.0,0.0,4.0,341.0,4.0,2.0,7.0,7.0,-0.0131,0.2247,1.0,0.1429,2.0,0.2857,1.95876,2.5,1.0,0.1429,0.0,0.0,0.0,0.0,0.0,0.0,0.0,0.0,0.0,4.0,1.0,7.0,6.0,17.0,3.0,2.0,,,,38.0,33.0,,,,2.5,1.0,,35.5,5.0,,Female,Mary,Peach,,,,0.56,0.5648,308.0,3.0,3.0,0.625,283.0,3.0,3.0,0.1097,0.3323,0.30243,0.33571,4.0,0.5714,3.0,1.0,0.0,1.0
7.0,Cyndi & Russell,TARUS2,5.8,5.8,697.0,8.0,-1.0,6.0,634.0,8.0,-1.0,5.0,5.0,-0.4193,-0.0861,0.0,0.0,1.0,0.2,2.03961,1.0,1.0,0.2,1.0,0.2,0.0,0.0,0.0,0.0,0.0,0.0,0.0,6.0,2.0,8.0,6.0,18.0,1.0,3.0,,,,45.0,46.0,,,,2.0,2.0,,45.5,1.0,,Co-Ed,Cyndi,Russell,,,,0.35,0.35103,694.0,8.0,-1.0,0.28571,742.0,9.0,-2.0,-0.3103,-0.172,0.31263,0.31944,1.0,0.2,4.0,0.9,0.0,0.9
8.0,Shola & Doyin,TARUS2,4.25,4.25,433.0,7.0,1.0,4.0,341.0,4.0,4.0,4.0,4.0,-0.04,0.2041,1.0,0.25,2.0,0.5,2.58602,3.25,0.0,0.0,0.0,0.0,0.0,0.0,1.0,0.0,0.0,0.0,0.0,,1.0,8.0,7.0,19.0,0.0,1.0,,,,27.0,27.0,,,,0.5,1.0,,27.0,0.0,,Male,Shola,Doyin,,,,0.58,0.575,292.0,2.0,6.0,0.65,270.0,2.0,6.0,0.1298,0.3563,0.37666,0.475,3.0,0.75,1.0,1.0,0.0,1.0
9.0,Peggy & Claire,TARUS2,9.0,9.0,952.0,10.0,-1.0,9.0,889.0,10.0,-1.0,3.0,3.0,-1.2024,-0.6854,0.0,0.0,0.0,0.0,0.8165,1.0,0.0,0.0,1.0,0.3333,0.0,0.0,0.0,0.0,0.0,0.0,0.0,,8.0,10.0,2.0,20.0,0.0,1.0,,,,63.0,65.0,,,,0.5,1.0,,64.0,2.0,,Female,Peggy,Claire,,,,0.11,0.10741,980.0,10.0,-1.0,0.1,968.0,10.0,-1.0,-0.789,-0.7466,0.09087,0.11111,0.0,0.0,3.0,0.22222,0.0,0.22222
10.0,Hope & Norm,TARUS2,7.0,7.0,819.0,9.0,1.0,7.0,734.0,9.0,1.0,2.0,2.0,-0.713,-0.3109,0.0,0.0,0.0,0.0,3.0,3.0,0.0,0.0,0.0,0.0,0.0,0.0,0.0,0.0,0.0,0.0,0.0,,4.0,10.0,6.0,21.0,0.0,1.0,,,,38.0,39.0,,,,0.5,1.0,,38.5,1.0,,Co-Ed,Hope,Norm,,,,0.35,0.35,695.0,9.0,1.0,0.35,643.0,7.0,3.0,-0.3123,-0.1744,0.35,0.35,1.0,0.5,1.0,0.7,0.0,0.7
11.0,Deidre & Hillary,TARUS2,11.0,11.0,1043.0,11.0,0.0,11.0,997.0,11.0,0.0,1.0,1.0,-1.6918,-1.0599,0.0,0.0,0.0,0.0,0.0,0.0,0.0,0.0,0.0,0.0,0.0,0.0,0.0,0.0,0.0,0.0,0.0,,11.0,11.0,0.0,22.0,0.0,0.0,,,,51.0,23.0,,,,0.0,0.0,,37.0,28.0,,Female,Deidre,Hillary,,,,0.0,0.0,1030.0,11.0,0.0,0.0,1022.0,11.0,0.0,-1.0,-1.0,0.0,0.0,0.0,0.0,1.0,0.0,0.0,0.0
1.0,Flo & Zach,TARUS3,2.69,2.69231,103.0,1.0,0.0,2.0,26.0,1.0,0.0,13.0,13.0,0.4007,0.5509,2.0,0.1538,10.0,0.7692,1.26398,1.0,5.0,0.3846,0.0,0.0,2.0,0.1538,0.0,0.0,0.0,0.0,0.0,2.0,1.0,5.0,4.0,23.0,1.0,10.0,,,,23.0,23.0,,,,5.5,9.0,,23.0,0.0,,Co-Ed,Flo,Zach,,,,0.65,0.65256,168.0,2.0,-1.0,0.75,132.0,1.0,0.0,0.3009,0.6249,0.31611,0.30357,11.0,0.8462,2.0,1.0,0.0,1.0
2.0,Teri & Ian,TARUS3,4.54,4.53846,490.0,4.0,-2.0,4.0,341.0,4.0,-2.0,13.0,13.0,-0.0114,0.2421,3.0,0.2308,5.0,0.3846,3.02846,4.0,1.0,0.0769,4.0,0.3077,0.0,0.0,0.0,0.0,0.0,0.0,0.0,1.0,1.0,10.0,9.0,24.0,2.0,9.0,,,,49.0,50.0,,,,5.5,7.0,,49.5,1.0,,Co-Ed,Teri,Ian,,,,0.47,0.47458,478.0,5.0,-3.0,0.4,563.0,7.0,-5.0,-0.0539,0.1817,0.31445,0.25,6.0,0.4615,7.0,1.0,0.1,0.9
3.0,Ken & Gerard,TARUS3,2.69,2.69231,103.0,1.0,2.0,2.0,26.0,1.0,2.0,13.0,13.0,0.4007,0.5509,3.0,0.2308,10.0,0.7692,1.48762,1.0,4.0,0.3077,3.0,0.2308,0.0,0.0,0.0,0.0,0.0,0.0,0.0,2.0,1.0,6.0,5.0,25.0,6.0,6.0,,,,40.0,35.0,,,,6.0,0.0,,37.5,5.0,,Male,Ken,Gerard,,,,0.6,0.60299,241.0,3.0,0.0,0.66667,216.0,3.0,0.0,0.2021,0.5014,0.32182,0.55556,9.0,0.6923,4.0,1.0,0.0,1.0
4.0,Derek & Drew,TARUS3,3.09,3.09091,181.0,3.0,1.0,3.0,166.0,3.0,1.0,11.0,11.0,0.3116,0.4841,4.0,0.3636,8.0,0.7273,2.74539,2.5,1.0,0.0909,1.0,0.0909,0.0,0.0,0.0,0.0,0.0,0.0,0.0,1.0,1.0,11.0,10.0,26.0,6.0,4.0,,,,32.0,32.0,,,,5.0,2.0,,32.0,0.0,,Male,Derek,Drew,,,,0.67,0.66865,143.0,1.0,3.0,0.75,132.0,1.0,3.0,0.333,0.6649,0.34416,0.5,9.0,0.8182,2.0,1.0,0.0,1.0
5.0,John Vito & Jill,TARUS3,4.8,4.8,541.0,5.0,0.0,5.0,504.0,5.0,0.0,10.0,10.0,-0.0694,0.1987,1.0,0.1,2.0,0.2,1.72047,1.5,0.0,0.0,0.0,0.0,1.0,0.1,0.0,0.0,0.0,0.0,0.0,5.0,1.0,7.0,6.0,27.0,5.0,3.0,,,,28.0,24.0,,,,4.0,2.0,,26.0,4.0,,Co-Ed,John Vito,Jill,,,,0.42,0.42495,577.0,7.0,-2.0,0.3875,598.0,8.0,-3.0,-0.1528,0.0581,0.28435,0.25952,4.0,0.4,6.0,1.0,0.0,1.0
6.0,Andre & Damon,TARUS3,5.86,5.85714,708.0,9.0,-3.0,6.0,634.0,8.0,-2.0,7.0,7.0,-0.3055,0.0217,0.0,0.0,1.0,0.1429,2.03038,2.5,1.0,0.1429,1.0,0.1429,0.0,0.0,0.0,0.0,0.0,0.0,0.0,8.0,2.0,8.0,6.0,28.0,2.0,3.0,,,,32.0,33.0,,,,2.5,1.0,,32.5,1.0,,Male,Andre,Damon,,,,0.38,0.37508,657.0,9.0,-3.0,0.3,708.0,9.0,-3.0,-0.2523,-0.0661,0.27105,0.34533,2.0,0.2857,5.0,0.85714,0.0,0.85714
7.0,Aaron & Arianne,TARUS3,5.17,5.16667,600.0,6.0,1.0,5.5,613.0,6.0,1.0,6.0,6.0,-0.1518,0.1369,0.0,0.0,2.0,0.3333,2.26691,3.75,1.0,0.1667,2.0,0.3333,0.0,0.0,0.0,0.0,0.0,0.0,0.0,7.0,2.0,8.0,6.0,29.0,3.0,2.0,,,,27.0,27.0,,,,2.5,1.0,,27.0,0.0,,Co-Ed,Aaron,Arianne,,,,0.44,0.44212,536.0,6.0,1.0,0.40476,562.0,6.0,1.0,-0.1186,0.1009,0.36219,0.65084,3.0,0.5,3.0,0.9,0.0,0.9
8.0,Michael & Kathy,TARUS3,5.8,5.8,697.0,8.0,0.0,6.0,634.0,8.0,0.0,5.0,5.0,-0.2922,0.0317,0.0,0.0,0.0,0.0,1.6,3.0,0.0,0.0,0.0,0.0,0.0,0.0,0.0,0.0,0.0,0.0,0.0,4.0,4.0,8.0,4.0,30.0,3.0,0.0,,,,28.0,31.0,,,,1.5,3.0,,29.5,3.0,,Co-Ed,Michael,Kathy,,,,0.42,0.42434,578.0,8.0,0.0,0.44444,513.0,5.0,3.0,-0.1541,0.0566,0.27518,0.45,2.0,0.4,3.0,0.72727,0.0,0.72727
9.0,Heather & Eve,TARUS3,5.75,5.75,688.0,7.0,2.0,5.5,613.0,6.0,3.0,4.0,4.0,-0.281,0.0401,0.0,0.0,1.0,0.25,2.16506,2.25,0.0,0.0,0.0,0.0,0.0,0.0,0.0,0.0,0.0,0.0,0.0,,3.0,9.0,6.0,31.0,3.0,0.0,,,,25.0,25.0,,,,1.5,3.0,,25.0,0.0,,Female,Heather,Eve,,,,0.48,0.47525,476.0,4.0,5.0,0.55051,383.0,4.0,5.0,-0.0526,0.1834,0.2927,0.20758,3.0,0.75,1.0,0.8,0.0,0.8
10.0,Dennis & Andrew,TARUS3,9.0,9.0,952.0,10.0,0.0,9.0,889.0,10.0,0.0,3.0,3.0,-1.0051,-0.5025,0.0,0.0,0.0,0.0,0.8165,1.0,0.0,0.0,0.0,0.0,0.0,0.0,1.0,0.0,0.0,0.0,0.0,,8.0,10.0,2.0,32.0,0.0,1.0,,,,48.0,21.0,,,,0.5,1.0,,34.5,27.0,,Male,Dennis,Andrew,,,,0.19,0.18788,925.0,10.0,0.0,0.2,847.0,10.0,0.0,-0.6255,-0.5322,0.1487,0.18182,0.0,0.0,3.0,0.36364,0.0,0.36364
11.0,Tramel & Talicia,TARUS3,10.5,10.5,1038.0,11.0,0.0,10.5,993.0,11.0,0.0,2.0,2.0,-1.3392,-0.7529,0.0,0.0,0.0,0.0,0.5,0.5,0.0,0.0,0.0,0.0,0.0,0.0,0.0,0.0,0.0,0.0,0.0,,10.0,11.0,1.0,33.0,1.0,0.0,,,,22.0,29.0,,,,0.5,1.0,,25.5,7.0,,Co-Ed,Tramel,Talicia,,,,0.09,0.09091,996.0,11.0,0.0,0.09091,989.0,11.0,0.0,-0.8188,-0.7736,0.09091,0.09091,0.0,0.0,2.0,0.18182,0.0,0.18182
12.0,Gina & Sylvia,TARUS3,12.0,12.0,1096.0,12.0,0.0,12.0,1048.0,12.0,0.0,1.0,1.0,-1.6734,-1.0033,0.0,0.0,0.0,0.0,0.0,0.0,0.0,0.0,0.0,0.0,0.0,0.0,0.0,0.0,0.0,0.0,0.0,,12.0,12.0,0.0,34.0,0.0,0.0,,,,35.0,34.0,,,,0.0,0.0,,34.5,1.0,,Female,Gina,Sylvia,,,,0.0,0.0,1030.0,12.0,0.0,0.0,1022.0,12.0,0.0,-1.0,-1.0,0.0,0.0,0.0,0.0,1.0,0.0,0.0,0.0
1.0,Reichen & Chip,TARUS4,3.15,3.15385,194.0,1.0,0.0,2.0,26.0,1.0,0.0,13.0,13.0,0.2919,0.4335,2.0,0.1538,9.0,0.6923,2.10663,2.0,5.0,0.3846,2.0,0.1538,0.0,0.0,1.0,0.0,0.0,0.0,0.0,2.0,1.0,9.0,8.0,35.0,4.0,7.0,,,,28.0,36.0,,,,5.5,3.0,,32.0,8.0,,Male,Reichen,Chip,,,,0.64,0.63887,186.0,1.0,0.0,0.66667,216.0,1.0,0.0,0.2662,0.4436,0.25756,0.33333,10.0,0.7692,3.0,1.0,0.2,0.8
2.0,Kelly & Jon,TARUS4,3.85,3.84615,354.0,4.0,-2.0,3.0,166.0,2.0,0.0,13.0,13.0,0.1345,0.3076,1.0,0.0769,8.0,0.6154,1.99407,2.0,2.0,0.1538,1.0,0.0769,2.0,0.1538,0.0,0.0,0.0,0.0,0.0,3.0,1.0,8.0,7.0,36.0,2.0,10.0,,,,30.0,28.0,,,,6.0,8.0,,29.0,2.0,,Co-Ed,Kelly,Jon,,,,0.48,0.4781,470.0,7.0,-5.0,0.54545,393.0,3.0,-1.0,-0.0525,0.0803,0.29736,0.41667,8.0,0.6154,5.0,1.0,0.0,1.0
3.0,David & Jeff,TARUS4,4.0,4.0,375.0,5.0,-2.0,4.0,341.0,4.0,-1.0,13.0,13.0,0.1008,0.2806,4.0,0.3077,6.0,0.4615,2.66025,5.0,0.0,0.0,1.0,0.0769,1.0,0.0769,1.0,0.0,0.0,0.0,0.0,1.0,1.0,10.0,9.0,37.0,5.0,6.0,,,,32.0,37.0,,,,5.5,1.0,,34.5,5.0,,Male,David,Jeff,,,,0.5,0.50199,420.0,5.0,-2.0,0.375,609.0,8.0,-5.0,-0.0051,0.1343,0.36826,0.75,6.0,0.4615,7.0,1.0,0.0,1.0
4.0,Jon & Al,TARUS4,3.73,3.72727,324.0,3.0,1.0,3.0,166.0,2.0,2.0,11.0,11.0,0.1615,0.3291,1.0,0.0909,6.0,0.5455,2.04899,4.0,4.0,0.3636,2.0,0.1818,0.0,0.0,0.0,0.0,0.0,0.0,0.0,2.0,1.0,7.0,6.0,38.0,4.0,6.0,,,,40.0,34.0,,,,5.0,2.0,,37.0,6.0,,Male,Jon,Al,,,,0.56,0.56192,314.0,3.0,1.0,0.5,408.0,5.0,-1.0,0.1137,0.2697,0.30489,0.43968,6.0,0.5455,5.0,1.0,0.0,1.0
5.0,Millie & Chuck,TARUS4,3.67,3.66667,311.0,2.0,3.0,4.0,341.0,4.0,1.0,9.0,9.0,0.175,0.3399,2.0,0.2222,4.0,0.4444,2.10819,3.0,1.0,0.1111,0.0,0.0,0.0,0.0,1.0,0.0,0.0,0.0,0.0,1.0,1.0,8.0,7.0,39.0,2.0,5.0,,,,29.0,28.0,,,,3.5,3.0,,28.5,1.0,,Co-Ed,Millie,Chuck,,,,0.57,0.57006,295.0,2.0,3.0,0.5,408.0,5.0,0.0,0.1298,0.2881,0.31615,0.475,6.0,0.6667,3.0,1.0,0.0,1.0
6.0,Tian & Jaree,TARUS4,5.43,5.42857,653.0,8.0,-2.0,5.0,504.0,7.0,-1.0,7.0,7.0,-0.2207,0.0234,1.0,0.1429,1.0,0.1429,2.87139,2.5,0.0,0.0,2.0,0.2857,0.0,0.0,1.0,0.0,0.0,0.0,0.0,4.0,1.0,11.0,10.0,40.0,6.0,0.0,,,,30.0,33.0,,,,3.0,6.0,,31.5,3.0,,Female,Tian,Jaree,,,,0.42,0.41911,585.0,9.0,-3.0,0.33333,656.0,10.0,-4.0,-0.1694,-0.053,0.34737,0.56645,3.0,0.4286,4.0,1.0,0.0,1.0
7.0,Monica & Sheree,TARUS4,5.33,5.33333,635.0,7.0,0.0,4.5,470.0,6.0,1.0,6.0,6.0,-0.1982,0.0414,0.0,0.0,1.0,0.1667,2.56038,2.5,1.0,0.1667,1.0,0.1667,0.0,0.0,1.0,0.0,0.0,0.0,0.0,4.0,2.0,10.0,8.0,41.0,3.0,2.0,,,,29.0,31.0,,,,2.5,1.0,,30.0,2.0,,Female,Monica,Sheree,,,,0.46,0.46162,498.0,8.0,-1.0,0.52679,403.0,4.0,3.0,-0.0851,0.0431,0.32269,0.51956,3.0,0.5,3.0,0.88889,0.0,0.88889
8.0,Steve & Dave,TARUS4,6.2,6.2,749.0,10.0,-2.0,8.0,826.0,10.0,-2.0,5.0,5.0,-0.3938,-0.1151,1.0,0.2,1.0,0.2,2.92575,3.0,0.0,0.0,2.0,0.4,0.0,0.0,1.0,0.0,0.0,0.0,0.0,8.0,1.0,9.0,8.0,42.0,2.0,1.0,,,,46.0,43.0,,,,1.5,1.0,,44.5,3.0,,Male,Steve,Dave,,,,0.37,0.37449,659.0,10.0,-2.0,0.125,926.0,11.0,-3.0,-0.2578,-0.1538,0.38254,0.52525,2.0,0.4,3.0,1.0,0.0,1.0
9.0,Steve & Josh,TARUS4,5.0,5.0,566.0,6.0,3.0,5.0,504.0,7.0,2.0,4.0,4.0,-0.124,0.1007,2.0,0.5,2.0,0.5,4.0,8.0,0.0,0.0,0.0,0.0,0.0,0.0,1.0,0.0,0.0,0.0,0.0,1.0,1.0,9.0,8.0,43.0,0.0,2.0,,,,47.0,21.0,,,,1.0,2.0,,34.0,26.0,,Male,Steve,Josh,,,,0.55,0.55,335.0,4.0,5.0,0.6,309.0,2.0,7.0,0.09,0.2428,0.45552,0.85,2.0,0.5,2.0,1.0,0.0,1.0
10.0,Russell & Cindy,TARUS4,8.33,8.33333,921.0,11.0,-1.0,8.0,826.0,10.0,0.0,3.0,3.0,-0.8726,-0.4982,0.0,0.0,0.0,0.0,1.24722,1.5,0.0,0.0,0.0,0.0,0.0,0.0,0.0,0.0,0.0,0.0,0.0,,7.0,10.0,3.0,44.0,2.0,0.0,,,,32.0,39.0,,,,1.0,2.0,,35.5,7.0,,Co-Ed,Russell,Cindy,,,,0.25,0.25455,852.0,11.0,-1.0,0.36364,626.0,9.0,1.0,-0.4955,-0.4248,0.1806,0.2,0.0,0.0,3.0,0.4,0.0,0.4
11.0,Amanda & Chris,TARUS4,6.0,6.0,715.0,9.0,2.0,6.0,634.0,9.0,2.0,2.0,2.0,-0.3488,-0.0791,1.0,0.5,1.0,0.5,5.0,5.0,0.0,0.0,0.0,0.0,0.0,0.0,0.0,0.0,0.0,0.0,0.0,,1.0,11.0,10.0,45.0,0.0,1.0,,,,25.0,28.0,,,,0.5,1.0,,26.5,3.0,,Co-Ed,Amanda,Chris,,,,0.5,0.5,423.0,6.0,5.0,0.5,408.0,5.0,6.0,-0.0091,0.1298,0.5,0.5,1.0,0.5,1.0,1.0,0.0,1.0
12.0,Debra & Steve,TARUS4,12.0,12.0,1096.0,12.0,0.0,12.0,1048.0,11.0,1.0,1.0,1.0,-1.6977,-1.1583,0.0,0.0,0.0,0.0,0.0,0.0,0.0,0.0,0.0,0.0,0.0,0.0,0.0,0.0,0.0,0.0,0.0,,12.0,12.0,0.0,46.0,0.0,0.0,,,,49.0,40.0,,,,0.0,0.0,,44.5,9.0,,Co-Ed,Debra,Steve,,,,0.0,0.0,1030.0,12.0,0.0,0.0,1022.0,12.0,0.0,-1.0,-1.0,0.0,0.0,0.0,0.0,1.0,0.0,0.0,0.0
1.0,Chip & Kim,TARUS5,3.38,3.38462,255.0,3.0,-2.0,2.0,26.0,1.0,0.0,13.0,13.0,0.1888,0.35,4.0,0.3077,8.0,0.6154,2.5582,3.0,3.0,0.2308,1.0,0.0769,0.0,0.0,0.0,0.0,0.0,0.0,1.0,1.0,1.0,8.0,7.0,47.0,11.0,1.0,,,,46.0,44.0,,,,6.0,10.0,,45.0,2.0,,Co-Ed,Chip,Kim,,,,0.64,0.63632,191.0,2.0,-1.0,0.66667,216.0,2.0,-1.0,0.2726,0.4659,0.30407,0.7,9.0,0.6923,4.0,1.0,0.22222,0.77778
2.0,Colin & Christie,TARUS5,2.46,2.46154,75.0,1.0,1.0,2.0,26.0,1.0,1.0,13.0,13.0,0.4096,0.5269,6.0,0.4615,10.0,0.7692,1.94602,2.0,3.0,0.2308,1.0,0.0769,1.0,0.0769,1.0,0.0,0.0,1.0,0.0,1.0,1.0,7.0,6.0,48.0,10.0,1.0,,,,24.0,26.0,,,,5.5,9.0,,25.0,2.0,,Co-Ed,Colin,Christie,,,,0.72,0.71807,87.0,1.0,1.0,0.85714,50.0,1.0,1.0,0.4361,0.6542,0.32701,0.55556,9.0,0.6923,4.0,1.0,0.0,1.0
3.0,Brandon & Nicole,TARUS5,3.31,3.30769,245.0,2.0,1.0,3.0,166.0,3.0,0.0,13.0,13.0,0.2056,0.3635,2.0,0.1538,8.0,0.6154,1.43498,1.0,1.0,0.0769,1.0,0.0769,1.0,0.0769,0.0,0.0,0.0,0.0,0.0,3.0,1.0,6.0,5.0,49.0,11.0,1.0,,,,25.0,21.0,,,,6.0,10.0,,23.0,4.0,,Co-Ed,Brandon,Nicole,,,,0.53,0.52527,375.0,4.0,-1.0,0.5,408.0,5.0,-2.0,0.0505,0.2101,0.30222,0.35,8.0,0.6154,5.0,1.0,0.0,1.0
4.0,Linda & Karen,TARUS5,4.17,4.16667,413.0,5.0,-1.0,4.0,341.0,4.0,0.0,12.0,12.0,-0.0008,0.1981,0.0,0.0,5.0,0.4167,1.62447,3.0,2.0,0.1667,2.0,0.1667,1.0,0.0833,0.0,0.0,0.0,0.0,0.0,3.0,2.0,7.0,5.0,50.0,5.0,6.0,,,,45.0,41.0,,,,5.5,1.0,,43.0,4.0,,Female,Linda,Karen,,,,0.42,0.42173,584.0,7.0,-3.0,0.4375,523.0,7.0,-3.0,-0.1565,-0.0285,0.27075,0.4375,6.0,0.5,6.0,0.8,0.0,0.8
5.0,Kami & Karli,TARUS5,5.8,5.8,697.0,9.0,-4.0,5.0,504.0,7.0,-2.0,10.0,10.0,-0.392,-0.1154,0.0,0.0,1.0,0.1,1.8868,1.75,0.0,0.0,5.0,0.5,1.0,0.1,0.0,0.0,0.0,0.0,0.0,5.0,3.0,9.0,6.0,51.0,5.0,3.0,,,,26.0,26.0,,,,4.0,2.0,,26.0,0.0,,Female,Kami,Karli,,,,0.22,0.22373,887.0,10.0,-5.0,0.18333,878.0,9.0,-4.0,-0.5525,-0.4846,0.19923,0.11845,2.0,0.2,8.0,0.66667,0.0,0.66667
6.0,Charla & Mirna,TARUS5,3.71,3.71429,322.0,4.0,2.0,4.0,341.0,4.0,2.0,7.0,7.0,0.1096,0.2865,0.0,0.0,3.0,0.4286,1.57791,3.0,3.0,0.4286,0.0,0.0,0.0,0.0,0.0,0.0,0.0,0.0,0.0,2.0,2.0,6.0,4.0,52.0,4.0,2.0,,,,27.0,27.0,,,,3.0,2.0,,27.0,0.0,,Female,Charla,Mirna,,,,0.59,0.586,280.0,3.0,3.0,0.6,309.0,3.0,3.0,0.172,0.35,0.30333,0.40179,5.0,0.7143,2.0,0.88889,0.0,0.88889
7.0,Marshall & Lance,TARUS5,5.33,5.33333,635.0,7.0,0.0,6.0,634.0,9.0,-2.0,6.0,6.0,-0.2792,-0.025,0.0,0.0,2.0,0.3333,2.21108,3.5,1.0,0.1667,1.0,0.1667,0.0,0.0,0.0,0.0,0.0,0.0,0.0,7.0,2.0,8.0,6.0,53.0,1.0,4.0,,,,31.0,26.0,,,,2.5,3.0,,28.5,5.0,,Male,Marshall,Lance,,,,0.4,0.40099,614.0,8.0,-1.0,0.33333,656.0,8.0,-1.0,-0.198,-0.0762,0.31445,0.44196,2.0,0.3333,4.0,0.9,0.0,0.9
8.0,Bob & Joyce,TARUS5,5.25,5.25,616.0,6.0,2.0,4.5,470.0,6.0,2.0,4.0,4.0,-0.26,-0.0096,0.0,0.0,0.0,0.0,1.63936,1.75,0.0,0.0,0.0,0.0,0.0,0.0,0.0,0.0,0.0,0.0,0.0,4.0,4.0,8.0,4.0,54.0,1.0,2.0,,,,61.0,54.0,,,,1.5,1.0,,57.5,7.0,,Co-Ed,Bob,Joyce,,,,0.47,0.47014,490.0,6.0,2.0,0.59028,335.0,4.0,4.0,-0.0597,0.0831,0.2762,0.22708,3.0,0.75,1.0,0.7,0.0,0.7
9.0,Jim & Marsha,TARUS5,7.33,7.33333,859.0,10.0,-1.0,9.0,889.0,10.0,-1.0,3.0,3.0,-0.7592,-0.4096,0.0,0.0,1.0,0.3333,3.09121,3.5,0.0,0.0,1.0,0.3333,0.0,0.0,0.0,0.0,0.0,0.0,0.0,,3.0,10.0,7.0,55.0,1.0,1.0,,,,53.0,26.0,,,,1.0,0.0,,39.5,27.0,,Co-Ed,Jim,Marsha,,,,0.29,0.29259,801.0,9.0,0.0,0.1,968.0,10.0,-1.0,-0.4148,-0.326,0.3455,0.38889,1.0,0.3333,2.0,0.77778,0.0,0.77778
10.0,Alison & Donny,TARUS5,5.5,5.5,657.0,8.0,2.0,5.5,613.0,8.0,2.0,2.0,2.0,-0.32,-0.0577,1.0,0.5,1.0,0.5,4.5,4.5,0.0,0.0,0.0,0.0,0.0,0.0,0.0,0.0,0.0,0.0,0.0,,1.0,10.0,9.0,56.0,0.0,1.0,,,,23.0,21.0,,,,0.5,1.0,,22.0,2.0,,Co-Ed,Alison,Donny,,,,0.5,0.5,423.0,5.0,5.0,0.5,408.0,5.0,5.0,0.0,0.1519,0.5,0.5,1.0,0.5,1.0,1.0,0.0,1.0
11.0,Dennis & Erika,TARUS5,11.0,11.0,1043.0,11.0,0.0,11.0,997.0,11.0,0.0,1.0,1.0,-1.64,-1.1154,0.0,0.0,0.0,0.0,0.0,0.0,0.0,0.0,0.0,0.0,0.0,0.0,0.0,0.0,0.0,0.0,0.0,,11.0,11.0,0.0,57.0,0.0,0.0,,,,27.0,25.0,,,,0.0,0.0,,26.0,2.0,,Co-Ed,Dennis,Erika,,,,0.0,0.0,1030.0,11.0,0.0,0.0,1022.0,11.0,0.0,-1.0,-1.0,0.0,0.0,0.0,0.0,1.0,0.0,0.0,0.0
1.0,Freddy & Kendra,TARUS6,3.46,3.46154,275.0,3.0,-2.0,3.0,166.0,2.0,-1.0,13.0,12.0,0.1924,0.3854,3.0,0.2308,7.0,0.5385,2.17027,3.0,3.0,0.2308,1.0,0.0769,0.0,0.0,0.0,0.0,0.0,1.0,1.0,1.0,1.0,8.0,7.0,58.0,6.0,6.0,,,,34.0,25.0,,,,6.0,0.0,,29.5,9.0,,Co-Ed,Freddy,Kendra,,,,0.61,0.60968,232.0,3.0,-2.0,0.66667,216.0,3.0,-2.0,0.2194,0.5367,0.2771,0.4,8.0,0.6154,5.0,1.0,0.16667,0.83333
2.0,Kris & Jon,TARUS6,2.38,2.38462,58.0,1.0,1.0,2.0,26.0,1.0,1.0,13.0,12.0,0.4445,0.5773,4.0,0.3077,10.0,0.7692,1.2733,2.0,4.0,0.3077,1.0,0.0769,0.0,0.0,0.0,0.0,0.0,0.0,0.0,2.0,1.0,5.0,4.0,59.0,6.0,6.0,,,,30.0,29.0,,,,6.0,0.0,,29.5,1.0,,Co-Ed,Kris,Jon,,,,0.72,0.71896,86.0,1.0,1.0,0.83333,69.0,1.0,1.0,0.4379,0.8122,0.25857,0.5,10.0,0.7692,3.0,1.0,0.33333,0.66667
3.0,Adam & Rebecca,TARUS6,4.69,4.69231,520.0,6.0,-3.0,5.0,504.0,5.0,-2.0,13.0,12.0,-0.0947,0.167,1.0,0.0769,3.0,0.2308,1.58767,2.0,0.0,0.0,4.0,0.3077,1.0,0.0769,1.0,0.0,0.0,1.0,1.0,6.0,1.0,7.0,6.0,60.0,6.0,5.0,,,,27.0,29.0,,,,5.5,1.0,,28.0,2.0,,Co-Ed,Adam,Rebecca,,,,0.32,0.32302,745.0,7.0,-4.0,0.28571,742.0,7.0,-4.0,-0.354,-0.1858,0.24288,0.2,2.0,0.1538,11.0,1.0,0.0,1.0
4.0,Hayden & Aaron,TARUS6,2.92,2.91667,146.0,2.0,2.0,3.5,315.0,4.0,0.0,12.0,11.0,0.3184,0.4813,4.0,0.3333,6.0,0.5,1.60511,3.0,1.0,0.0833,0.0,0.0,1.0,0.0833,0.0,0.0,0.0,0.0,0.0,4.0,1.0,6.0,5.0,61.0,5.0,6.0,,,,31.0,31.0,,,,5.5,1.0,,31.0,0.0,,Co-Ed,Hayden,Aaron,,,,0.64,0.64187,180.0,2.0,2.0,0.69048,198.0,2.0,2.0,0.2837,0.6179,0.34154,0.5,10.0,0.8333,2.0,1.0,0.0,1.0
5.0,Lori & Bolo,TARUS6,4.6,4.6,498.0,5.0,0.0,5.0,504.0,5.0,0.0,10.0,9.0,-0.0737,0.1829,1.0,0.1,4.0,0.4,2.10713,3.75,1.0,0.1,1.0,0.1,1.0,0.1,0.0,0.0,0.0,0.0,0.0,7.0,1.0,7.0,6.0,62.0,5.0,3.0,,,,33.0,38.0,,,,4.0,2.0,,35.5,5.0,,Co-Ed,Lori,Bolo,,,,0.46,0.45627,507.0,5.0,0.0,0.52778,400.0,5.0,0.0,-0.0875,0.15,0.3271,0.51607,6.0,0.6,4.0,1.0,0.0,1.0
6.0,Jonathan & Victoria,TARUS6,3.56,3.55556,292.0,4.0,2.0,3.0,166.0,2.0,4.0,9.0,8.0,0.169,0.3677,0.0,0.0,5.0,0.5556,1.42292,3.0,3.0,0.3333,1.0,0.1111,0.0,0.0,0.0,0.0,0.0,0.0,0.0,2.0,2.0,6.0,4.0,63.0,4.0,4.0,,,,42.0,32.0,,,,4.0,0.0,,37.0,10.0,,Co-Ed,Jonathan,Victoria,,,,0.6,0.59572,260.0,4.0,2.0,0.66667,216.0,3.0,3.0,0.1914,0.5015,0.28772,0.25714,7.0,0.7778,2.0,0.88889,0.0,0.88889
7.0,Gus & Hera,TARUS6,5.29,5.28571,630.0,7.0,0.0,5.0,504.0,5.0,2.0,7.0,6.0,-0.2348,0.0604,0.0,0.0,3.0,0.4286,2.6573,4.0,1.0,0.1429,2.0,0.2857,0.0,0.0,0.0,0.0,0.0,0.0,0.0,3.0,2.0,10.0,8.0,64.0,3.0,3.0,,,,50.0,24.0,,,,3.0,0.0,,37.0,26.0,,Co-Ed,Gus,Hera,,,,0.43,0.43322,565.0,6.0,1.0,0.42857,533.0,6.0,1.0,-0.1336,0.0919,0.32998,0.64246,3.0,0.4286,4.0,0.83333,0.0,0.83333
8.0,Don & Mary Jean,TARUS6,8.0,8.0,899.0,9.0,-1.0,8.0,826.0,8.0,0.0,5.0,5.0,-0.8674,-0.421,0.0,0.0,0.0,0.0,0.63246,0.0,0.0,0.0,1.0,0.2,1.0,0.2,0.0,0.0,0.0,0.0,0.0,8.0,7.0,9.0,2.0,65.0,2.0,2.0,,,,69.0,66.0,,,,2.0,0.0,,67.5,3.0,,Co-Ed,Don,Mary,,,,0.13,0.13167,965.0,10.0,-2.0,0.125,926.0,9.0,-1.0,-0.7367,-0.6681,0.12654,0.2,0.0,0.0,5.0,0.33333,0.0,0.33333
9.0,Lena & Kristy,TARUS6,7.0,7.0,819.0,8.0,1.0,9.0,889.0,9.0,0.0,3.0,3.0,-0.634,-0.2433,0.0,0.0,1.0,0.3333,2.82843,3.0,0.0,0.0,1.0,0.3333,0.0,0.0,0.0,0.0,0.0,0.0,0.0,9.0,3.0,9.0,6.0,66.0,1.0,1.0,,,,23.0,26.0,,,,1.0,0.0,,24.5,3.0,,Female,Lena,Kristy,,,,0.3,0.3037,777.0,8.0,1.0,0.11111,945.0,10.0,-1.0,-0.3926,-0.2345,0.35385,0.4,1.0,0.3333,2.0,0.8,0.0,0.8
10.0,Meredith & Maria,TARUS6,9.0,9.0,952.0,10.0,0.0,9.0,889.0,9.0,1.0,2.0,2.0,-1.1008,-0.5986,0.0,0.0,0.0,0.0,1.0,1.0,0.0,0.0,0.0,0.0,0.0,0.0,0.0,0.0,0.0,0.0,0.0,,8.0,10.0,2.0,67.0,0.0,1.0,,,,26.0,26.0,,,,0.5,1.0,,26.0,0.0,,Female,Meredith,Maria,,,,0.15,0.15,945.0,9.0,1.0,0.15,904.0,8.0,2.0,-0.7,-0.6219,0.15,0.15,0.0,0.0,2.0,0.3,0.0,0.3
11.0,Avi & Joe,TARUS6,11.0,11.0,1043.0,11.0,0.0,11.0,997.0,11.0,0.0,1.0,1.0,-1.5676,-0.9538,0.0,0.0,0.0,0.0,0.0,0.0,0.0,0.0,0.0,0.0,0.0,0.0,0.0,0.0,0.0,0.0,0.0,,11.0,11.0,0.0,68.0,0.0,0.0,,,,32.0,32.0,,,,0.0,0.0,,32.0,0.0,,Male,Avi,Joe,,,,0.0,0.0,1030.0,11.0,0.0,0.0,1022.0,11.0,0.0,-1.0,-1.0,0.0,0.0,0.0,0.0,1.0,0.0,0.0,0.0
1.0,Uchenna & Joyce,TARUS7,3.15,3.15385,194.0,3.0,-2.0,3.0,166.0,3.0,-2.0,13.0,12.0,0.2425,0.422,3.0,0.2308,10.0,0.7692,1.91537,1.0,1.0,0.0769,2.0,0.1538,1.0,0.0769,1.0,0.0,0.0,0.0,0.0,3.0,1.0,8.0,7.0,69.0,6.0,5.0,,,,40.0,44.0,,,,5.5,1.0,,42.0,4.0,,Co-Ed,Uchenna,Joyce,,,,0.6,0.60174,244.0,3.0,-2.0,0.66667,216.0,3.0,-2.0,0.2035,0.4788,0.31579,0.54167,9.0,0.6923,4.0,1.0,0.0,1.0
2.0,Rob & Amber,TARUS7,2.31,2.30769,48.0,1.0,1.0,2.0,26.0,1.0,1.0,13.0,12.0,0.4445,0.5761,5.0,0.3846,11.0,0.8462,1.38034,2.0,3.0,0.2308,1.0,0.0769,0.0,0.0,0.0,0.0,0.0,0.0,1.0,1.0,1.0,5.0,4.0,70.0,6.0,6.0,,,,29.0,26.0,,,,6.0,0.0,,27.5,3.0,,Co-Ed,Rob,Amber,,,,0.72,0.71538,91.0,1.0,1.0,0.8,88.0,1.0,1.0,0.4308,0.7581,0.26364,0.5,11.0,0.8462,2.0,1.0,0.33333,0.66667
3.0,Ron & Kelly,TARUS7,3.0,3.0,155.0,2.0,1.0,2.0,26.0,1.0,2.0,13.0,12.0,0.2786,0.4495,2.0,0.1538,9.0,0.6923,2.2532,2.0,6.0,0.4615,1.0,0.0769,1.0,0.0769,0.0,0.0,0.0,1.0,0.0,2.0,1.0,10.0,9.0,71.0,6.0,6.0,,,,28.0,26.0,,,,6.0,0.0,,27.0,2.0,,Co-Ed,Ron,Kelly,,,,0.61,0.61426,223.0,2.0,1.0,0.75,132.0,2.0,1.0,0.2285,0.5096,0.34151,0.2619,10.0,0.7692,3.0,1.0,0.0,1.0
4.0,Meredith & Gretchen,TARUS7,5.36,5.36364,644.0,8.0,-4.0,5.0,504.0,6.0,-2.0,11.0,10.0,-0.2889,0.0165,0.0,0.0,1.0,0.0909,1.55346,2.5,1.0,0.0909,3.0,0.2727,2.0,0.1818,0.0,0.0,0.0,0.0,0.0,7.0,2.0,7.0,5.0,72.0,6.0,4.0,,,,69.0,66.0,,,,5.0,2.0,,67.5,3.0,,Co-Ed,Meredith,Gretchen,,,,0.24,0.24329,868.0,9.0,-5.0,0.25,777.0,8.0,-4.0,-0.5134,-0.4021,0.20248,0.2619,2.0,0.1818,9.0,0.66667,0.0,0.66667
5.0,Lynn & Alex,TARUS7,4.11,4.11111,405.0,4.0,1.0,4.0,341.0,4.0,1.0,9.0,8.0,0.0117,0.2459,1.0,0.1111,1.0,0.1111,1.1967,1.0,0.0,0.0,1.0,0.1111,0.0,0.0,0.0,0.0,0.0,0.0,0.0,5.0,1.0,5.0,4.0,73.0,4.0,4.0,,,,30.0,22.0,,,,4.0,0.0,,26.0,8.0,,Male,Lynn,Alex,,,,0.47,0.47046,489.0,6.0,-1.0,0.5,408.0,5.0,0.0,-0.0591,0.1562,0.25448,0.15556,5.0,0.5556,4.0,1.0,0.0,1.0
6.0,Brian & Greg,TARUS7,4.71,4.71429,528.0,5.0,1.0,4.0,341.0,4.0,2.0,7.0,7.0,-0.1326,0.1358,0.0,0.0,3.0,0.4286,2.24972,3.0,1.0,0.1429,2.0,0.2857,0.0,0.0,0.0,0.0,0.0,0.0,0.0,3.0,2.0,9.0,7.0,74.0,3.0,3.0,,,,27.0,24.0,,,,3.0,0.0,,25.5,3.0,,Male,Brian,Greg,,,,0.46,0.46451,494.0,7.0,-1.0,0.66667,216.0,3.0,3.0,-0.071,0.1416,0.3298,0.58611,4.0,0.5714,3.0,0.85714,0.0,0.85714
7.0,Ray & Deana,TARUS7,5.0,5.0,566.0,6.0,1.0,6.0,634.0,7.0,0.0,6.0,6.0,-0.2023,0.0826,1.0,0.1667,2.0,0.3333,2.23607,3.0,0.0,0.0,0.0,0.0,0.0,0.0,1.0,0.0,0.0,0.0,0.0,7.0,1.0,7.0,6.0,75.0,2.0,2.0,,,,44.0,27.0,,,,2.0,0.0,,35.5,17.0,,Co-Ed,Ray,Deana,,,,0.47,0.47308,485.0,5.0,2.0,0.3875,598.0,7.0,0.0,-0.0538,0.1626,0.32771,0.3753,2.0,0.3333,4.0,1.0,0.0,1.0
8.0,Susan & Patrick,TARUS7,6.5,6.5,775.0,9.0,-1.0,8.0,826.0,9.0,-1.0,4.0,4.0,-0.563,-0.1927,0.0,0.0,1.0,0.25,2.59808,1.5,1.0,0.25,1.0,0.25,0.0,0.0,0.0,0.0,0.0,0.0,0.0,8.0,2.0,8.0,6.0,76.0,1.0,2.0,,,,54.0,26.0,,,,1.5,1.0,,40.0,28.0,,Co-Ed,Susan,Patrick,,,,0.31,0.31181,764.0,8.0,0.0,0.17361,885.0,9.0,-1.0,-0.3764,-0.2337,0.34861,0.29792,1.0,0.25,3.0,0.9,0.0,0.9
9.0,Debbie & Bianca,TARUS7,5.33,5.33333,635.0,7.0,2.0,6.0,634.0,7.0,2.0,3.0,3.0,-0.2817,0.022,1.0,0.3333,1.0,0.3333,3.29983,4.0,0.0,0.0,0.0,0.0,0.0,0.0,0.0,0.0,0.0,0.0,0.0,,1.0,9.0,8.0,77.0,2.0,0.0,,,,25.0,26.0,,,,1.0,2.0,,25.5,1.0,,Female,Debbie,Bianca,,,,0.48,0.48148,464.0,4.0,5.0,0.44444,513.0,6.0,3.0,-0.037,0.1833,0.40909,0.5,1.0,0.3333,2.0,1.0,0.0,1.0
10.0,Megan & Heidi,TARUS7,9.5,9.5,990.0,10.0,0.0,9.5,943.0,10.0,0.0,2.0,2.0,-1.2845,-0.7431,0.0,0.0,0.0,0.0,0.5,0.5,0.0,0.0,0.0,0.0,0.0,0.0,0.0,0.0,0.0,0.0,0.0,,9.0,10.0,1.0,78.0,1.0,0.0,,,,26.0,31.0,,,,0.5,1.0,,28.5,5.0,,Female,Megan,Heidi,,,,0.1,0.1,984.0,10.0,0.0,0.1,968.0,10.0,0.0,-0.8,-0.7542,0.1,0.1,0.0,0.0,2.0,0.2,0.0,0.2
11.0,Ryan & Chuck,TARUS7,11.0,11.0,1043.0,11.0,0.0,11.0,997.0,11.0,0.0,1.0,1.0,-1.6452,-1.0183,0.0,0.0,0.0,0.0,0.0,0.0,0.0,0.0,0.0,0.0,0.0,0.0,0.0,0.0,0.0,0.0,0.0,,11.0,11.0,0.0,79.0,0.0,0.0,,,,31.0,32.0,,,,0.0,0.0,,31.5,1.0,,Male,Ryan,Chuck,,,,0.0,0.0,1030.0,11.0,0.0,0.0,1022.0,11.0,0.0,-1.0,-1.0,0.0,0.0,0.0,0.0,1.0,0.0,0.0,0.0
1.0,Linz Family,TARUS8,2.77,2.76923,118.0,1.0,0.0,2.0,26.0,1.0,0.0,13.0,11.0,0.2627,0.4438,2.0,0.1538,11.0,0.8462,1.96719,1.0,6.0,0.4615,2.0,0.1538,0.0,0.0,0.0,0.0,0.0,0.0,1.0,2.0,1.0,9.0,8.0,80.0,5.0,4.0,2.0,4.0,,24.0,22.0,21.0,19.0,,3.75,3.0,,21.5,5.0,,Co-Ed,Nick,Alex,Megan ,Tommy,,0.65,0.65076,173.0,1.0,0.0,0.66667,216.0,1.0,0.0,0.3015,0.6043,0.25866,0.35714,10.0,0.7692,3.0,1.0,0.11111,0.88889
2.0,Bransen Family,TARUS8,2.85,2.84615,134.0,2.0,0.0,2.0,26.0,1.0,1.0,13.0,11.0,0.2414,0.4277,5.0,0.3846,9.0,0.6923,1.99407,3.0,2.0,0.1538,1.0,0.0769,1.0,0.0769,0.0,0.0,0.0,0.0,0.0,1.0,1.0,7.0,6.0,81.0,4.0,5.0,4.0,2.0,,51.0,25.0,22.0,20.0,,3.75,3.0,,29.5,31.0,,Co-Ed,Wally,Beth,Lauren ,Lindsay ,,0.64,0.64038,182.0,2.0,0.0,0.6,309.0,2.0,0.0,0.2808,0.5787,0.32787,0.625,9.0,0.6923,4.0,1.0,0.0,1.0
3.0,Weaver Family,TARUS8,3.15,3.15385,194.0,3.0,0.0,3.0,166.0,3.0,0.0,13.0,11.0,0.1615,0.3675,1.0,0.0769,9.0,0.6923,1.23077,2.0,3.0,0.2308,2.0,0.1538,2.0,0.1538,0.0,0.0,0.0,2.0,0.0,3.0,1.0,5.0,4.0,82.0,2.0,4.0,2.0,7.0,,46.0,19.0,16.0,14.0,,3.75,5.0,,23.75,32.0,,Co-Ed,Linda ,Rebecca ,Rachel ,Rolly ,,0.45,0.44536,528.0,6.0,-3.0,0.42857,533.0,5.0,-2.0,-0.1093,0.0979,0.32455,0.55,6.0,0.4615,7.0,1.0,0.0,1.0
4.0,Godlewski Family,TARUS8,3.18,3.18182,212.0,4.0,0.0,4.0,341.0,4.0,0.0,11.0,10.0,0.1535,0.3614,3.0,0.2727,5.0,0.4545,1.52662,2.0,0.0,0.0,1.0,0.0909,2.0,0.1818,0.0,0.0,0.0,0.0,0.0,4.0,1.0,6.0,5.0,83.0,4.0,5.0,2.0,2.0,,42.0,39.0,37.0,26.0,,3.25,3.0,,36.0,16.0,,Female,Michelle ,Sharon ,Christine ,Tricia,,0.5,0.50498,415.0,3.0,1.0,0.5,408.0,4.0,0.0,0.01,0.2449,0.38199,0.70833,6.0,0.5455,5.0,1.0,0.0,1.0
5.0,Paolo Family,TARUS8,4.13,4.125,407.0,5.0,0.0,4.5,470.0,5.0,0.0,8.0,8.0,-0.0994,0.1707,2.0,0.25,3.0,0.375,2.42061,4.25,1.0,0.125,2.0,0.25,0.0,0.0,0.0,0.0,0.0,0.0,1.0,6.0,1.0,8.0,7.0,84.0,1.0,1.0,3.0,2.0,,52.0,52.0,24.0,16.0,,1.75,2.0,,36.0,36.0,,Co-Ed,Tony,Marion ,DJ ,Brian ,,0.49,0.49231,440.0,4.0,1.0,0.36508,625.0,6.0,-1.0,-0.0154,0.2137,0.37296,0.65625,3.0,0.375,5.0,1.0,0.0,1.0
6.0,Gaghan Family,TARUS8,5.5,5.5,657.0,7.0,-1.0,6.0,634.0,7.0,-1.0,6.0,6.0,-0.464,-0.1044,0.0,0.0,1.0,0.1667,1.70783,1.5,1.0,0.1667,3.0,0.5,0.0,0.0,0.0,0.0,0.0,0.0,0.0,7.0,2.0,7.0,5.0,85.0,2.0,2.0,1.0,1.0,,40.0,42.0,12.0,9.0,,1.5,1.0,,25.75,33.0,,Co-Ed,Bill,Tammy ,Billy,Carissa,,0.27,0.27474,824.0,8.0,-2.0,0.18333,878.0,9.0,-3.0,-0.4505,-0.3227,0.28517,0.08869,1.0,0.1667,5.0,0.88889,0.0,0.88889
7.0,Schroeder Family,TARUS8,4.75,4.75,532.0,6.0,1.0,4.5,470.0,5.0,2.0,4.0,4.0,-0.2644,0.0462,0.0,0.0,1.0,0.25,1.47902,1.75,0.0,0.0,0.0,0.0,0.0,0.0,0.0,0.0,0.0,0.0,0.0,,3.0,7.0,4.0,86.0,2.0,0.0,1.0,1.0,,40.0,39.0,17.0,15.0,,1.0,2.0,,27.75,25.0,,Co-Ed,Mark,Char,Stassi,Hunter,,0.47,0.47371,481.0,5.0,2.0,0.59028,335.0,3.0,4.0,-0.0526,0.1678,0.27922,0.23065,3.0,0.75,1.0,0.71429,0.0,0.71429
8.0,Aiello Family,TARUS8,7.0,7.0,819.0,9.0,-1.0,8.0,826.0,9.0,-1.0,3.0,3.0,-0.8633,-0.4056,0.0,0.0,0.0,0.0,1.41421,1.5,0.0,0.0,0.0,0.0,0.0,0.0,0.0,0.0,0.0,0.0,0.0,8.0,5.0,8.0,3.0,87.0,0.0,0.0,1.0,2.0,,57.0,31.0,31.0,26.0,,0.75,2.0,,36.25,31.0,,Male,Tony,Kevin,Matt,David ,,0.24,0.24074,870.0,9.0,-1.0,0.22222,823.0,8.0,0.0,-0.5185,-0.4065,0.20454,0.25,1.0,0.3333,2.0,0.5,0.0,0.5
9.0,Rogers Family,TARUS8,6.5,6.5,775.0,8.0,1.0,6.5,714.0,8.0,1.0,2.0,2.0,-0.7302,-0.3052,0.0,0.0,0.0,0.0,2.5,2.5,0.0,0.0,0.0,0.0,0.0,0.0,0.0,0.0,0.0,0.0,0.0,,4.0,9.0,5.0,88.0,0.0,0.0,1.0,0.0,,46.0,42.0,22.0,19.0,,0.25,1.0,,32.25,27.0,,Co-Ed,Denny,Renee,Brittney,Brock,,0.33,0.33333,726.0,7.0,2.0,0.33333,656.0,7.0,2.0,-0.3333,-0.1782,0.33333,0.33333,1.0,0.5,1.0,0.66667,0.0,0.66667
10.0,Black Family,TARUS8,10.0,10.0,1002.0,10.0,0.0,10.0,954.0,10.0,0.0,1.0,1.0,-1.6619,-1.008,0.0,0.0,0.0,0.0,0.0,0.0,0.0,0.0,0.0,0.0,0.0,0.0,0.0,0.0,0.0,0.0,0.0,,10.0,10.0,0.0,89.0,0.0,0.0,0.0,0.0,,42.0,40.0,11.0,8.0,,0.0,0.0,,25.25,34.0,,Co-Ed,Reggie,Kim,Kenneth,Austin,,0.0,0.0,1030.0,10.0,0.0,0.0,1022.0,10.0,0.0,-1.0,-1.0,0.0,0.0,0.0,0.0,1.0,0.0,0.0,0.0
1.0,BJ & Tyler,TARUS9,2.46,2.46154,75.0,2.0,-1.0,2.0,26.0,1.0,0.0,13.0,12.0,0.4228,0.5684,5.0,0.3846,9.0,0.6923,1.49951,3.0,3.0,0.2308,1.0,0.0769,2.0,0.1538,1.0,0.0,0.0,0.0,1.0,1.0,1.0,5.0,4.0,90.0,6.0,5.0,,,,26.0,25.0,,,,5.5,1.0,,25.5,1.0,,Male,BJ,Tyler,,,,0.69,0.68718,119.0,2.0,-1.0,0.875,37.0,2.0,-1.0,0.3744,0.768,0.37333,0.5,10.0,0.7692,3.0,1.0,0.0,1.0
2.0,Eric & Jeremy,TARUS9,1.69,1.69231,5.0,1.0,1.0,2.0,26.0,1.0,1.0,13.0,12.0,0.6035,0.7035,6.0,0.4615,12.0,0.9231,0.82131,1.0,6.0,0.4615,1.0,0.0769,0.0,0.0,1.0,0.0,0.0,0.0,0.0,1.0,1.0,4.0,3.0,91.0,6.0,5.0,,,,27.0,26.0,,,,5.5,1.0,,26.5,1.0,,Male,Eric,Jeremy,,,,0.79,0.79457,31.0,1.0,1.0,0.88889,32.0,1.0,1.0,0.5891,1.0443,0.24319,0.33333,12.0,0.9231,1.0,1.0,0.25,0.75
3.0,Ray & Yolanda,TARUS9,4.23,4.23077,429.0,4.0,-1.0,3.0,166.0,3.0,0.0,13.0,12.0,0.0075,0.2579,1.0,0.0769,7.0,0.5385,1.88736,3.0,0.0,0.0,4.0,0.3077,1.0,0.0769,0.0,0.0,0.0,0.0,0.0,3.0,1.0,7.0,6.0,92.0,6.0,6.0,,,,27.0,27.0,,,,6.0,0.0,,27.0,0.0,,Co-Ed,Ray,Yolanda,,,,0.38,0.38065,645.0,6.0,-3.0,0.33333,656.0,8.0,-5.0,-0.2387,-0.0206,0.28309,0.38889,5.0,0.3846,8.0,1.0,0.0,1.0
4.0,Joseph & Monica,TARUS9,3.82,3.81818,345.0,3.0,1.0,3.0,166.0,3.0,1.0,11.0,10.0,0.1037,0.3298,0.0,0.0,7.0,0.6364,1.89824,2.5,3.0,0.2727,2.0,0.1818,0.0,0.0,0.0,0.0,0.0,1.0,0.0,3.0,2.0,8.0,6.0,93.0,5.0,5.0,,,,23.0,23.0,,,,5.0,0.0,,23.0,0.0,,Co-Ed,Joseph,Monica,,,,0.53,0.52655,373.0,3.0,1.0,0.66667,216.0,3.0,1.0,0.0531,0.3547,0.26835,0.39583,7.0,0.6364,4.0,0.8,0.0,0.8
5.0,Fran & Barry,TARUS9,4.89,4.88889,558.0,6.0,-1.0,4.0,341.0,5.0,0.0,9.0,8.0,-0.1474,0.1421,1.0,0.1111,1.0,0.1111,2.23331,1.0,0.0,0.0,1.0,0.1111,0.0,0.0,0.0,0.0,0.0,0.0,0.0,4.0,1.0,9.0,8.0,94.0,4.0,4.0,,,,61.0,63.0,,,,4.0,0.0,,62.0,2.0,,Co-Ed,Fran,Barry,,,,0.45,0.44528,529.0,5.0,0.0,0.5,408.0,4.0,1.0,-0.1094,0.1457,0.27789,0.27143,5.0,0.5556,4.0,1.0,0.0,1.0
6.0,Lake & Michelle,TARUS9,4.71,4.71429,528.0,5.0,1.0,5.0,504.0,6.0,0.0,7.0,6.0,-0.1051,0.1737,0.0,0.0,2.0,0.2857,1.57791,1.5,1.0,0.1429,0.0,0.0,0.0,0.0,0.0,0.0,0.0,0.0,1.0,5.0,2.0,7.0,5.0,95.0,4.0,2.0,,,,37.0,36.0,,,,3.0,2.0,,36.5,1.0,,Co-Ed,Lake,Michelle,,,,0.47,0.47432,479.0,4.0,2.0,0.42857,533.0,5.0,1.0,-0.0514,0.2204,0.27234,0.34167,3.0,0.4286,4.0,0.875,0.0,0.875
7.0,Dave & Lori,TARUS9,5.83,5.83333,705.0,7.0,0.0,5.5,613.0,7.0,0.0,6.0,5.0,-0.3679,-0.0228,0.0,0.0,0.0,0.0,1.77169,2.5,0.0,0.0,0.0,0.0,1.0,0.1667,0.0,0.0,0.0,0.0,0.0,4.0,4.0,9.0,5.0,96.0,3.0,2.0,,,,30.0,25.0,,,,2.5,1.0,,27.5,5.0,,Co-Ed,Dave,Lori,,,,0.36,0.35873,683.0,8.0,-1.0,0.39286,595.0,6.0,1.0,-0.2825,-0.077,0.28692,0.55357,3.0,0.5,3.0,0.7,0.0,0.7
8.0,Danielle & Dani,TARUS9,7.8,7.8,894.0,9.0,-1.0,8.0,826.0,9.0,-1.0,5.0,4.0,-0.8302,-0.3684,0.0,0.0,0.0,0.0,0.9798,0.0,0.0,0.0,1.0,0.2,0.0,0.0,0.0,0.0,0.0,1.0,0.0,8.0,6.0,9.0,3.0,97.0,1.0,3.0,,,,22.0,22.0,,,,2.0,2.0,,22.0,0.0,,Female,Danielle,Dani,,,,0.18,0.18444,927.0,9.0,-1.0,0.2,847.0,9.0,-1.0,-0.6311,-0.5255,0.12291,0.09722,0.0,0.0,5.0,0.375,0.0,0.375
9.0,Wanda & Desiree,TARUS9,6.25,6.25,755.0,8.0,1.0,6.5,714.0,8.0,1.0,4.0,3.0,-0.4665,-0.0965,0.0,0.0,1.0,0.25,2.16506,2.25,0.0,0.0,0.0,0.0,0.0,0.0,0.0,0.0,0.0,0.0,0.0,,3.0,9.0,6.0,98.0,1.0,2.0,,,,44.0,24.0,,,,1.5,1.0,,34.0,20.0,,Female,Wanda,Desiree,,,,0.37,0.37361,663.0,7.0,2.0,0.34722,647.0,7.0,2.0,-0.2528,-0.0387,0.29227,0.34583,1.0,0.25,3.0,0.8,0.0,0.8
10.0,Lisa & Joni,TARUS9,10.0,10.0,1002.0,10.0,0.0,10.0,954.0,10.0,0.0,2.0,2.0,-1.3464,-0.7544,0.0,0.0,0.0,0.0,0.0,0.0,0.0,0.0,1.0,0.5,0.0,0.0,0.0,0.0,0.0,0.0,0.0,10.0,10.0,10.0,0.0,99.0,0.0,1.0,,,,48.0,44.0,,,,0.5,1.0,,46.0,4.0,,Female,Lisa,Joni,,,,0.05,0.05,1011.0,10.0,0.0,0.05,1005.0,10.0,0.0,-0.9,-0.8714,0.05,0.05,0.0,0.0,2.0,0.1,0.0,0.1
11.0,John & Scott,TARUS9,11.0,11.0,1043.0,11.0,0.0,11.0,997.0,11.0,0.0,1.0,1.0,-1.581,-0.9298,0.0,0.0,0.0,0.0,0.0,0.0,0.0,0.0,0.0,0.0,0.0,0.0,0.0,0.0,0.0,0.0,0.0,,11.0,11.0,0.0,100.0,0.0,0.0,,,,38.0,41.0,,,,0.0,0.0,,39.5,3.0,,Male,John,Scott,,,,0.0,0.0,1030.0,11.0,0.0,0.0,1022.0,11.0,0.0,-1.0,-1.0,0.0,0.0,0.0,0.0,1.0,0.0,0.0,0.0
1.0,Tyler & James,TARUS10,2.38,2.38462,58.0,1.0,0.0,2.0,26.0,1.0,0.0,13.0,12.0,0.4438,0.5932,5.0,0.3846,11.0,0.8462,1.68881,2.0,4.0,0.3077,3.0,0.2308,0.0,0.0,1.0,0.0,0.0,0.0,0.0,1.0,1.0,6.0,5.0,101.0,6.0,6.0,,,,29.0,27.0,,,,6.0,0.0,,28.0,2.0,,Male,Tyler,James,,,,0.75,0.7496,56.0,1.0,0.0,0.875,37.0,1.0,0.0,0.4992,0.8467,0.30481,0.28571,10.0,0.7692,3.0,1.0,0.16667,0.83333
2.0,Rob & Kimberly,TARUS10,3.08,3.07692,171.0,2.0,0.0,3.0,166.0,3.0,-1.0,13.0,12.0,0.2802,0.4735,2.0,0.1538,10.0,0.7692,1.3279,0.0,1.0,0.0769,2.0,0.1538,0.0,0.0,1.0,0.0,0.0,0.0,0.0,3.0,1.0,6.0,5.0,102.0,6.0,6.0,,,,31.0,28.0,,,,6.0,0.0,,29.5,3.0,,Co-Ed,Rob,Kimberly,,,,0.61,0.61134,228.0,3.0,-1.0,0.6,309.0,5.0,-3.0,0.2227,0.5061,0.21283,0.16667,10.0,0.7692,3.0,1.0,0.25,0.75
3.0,Lyn & Karlyn,TARUS10,4.85,4.84615,552.0,7.0,-4.0,5.0,504.0,7.0,-4.0,13.0,12.0,-0.1334,0.1709,0.0,0.0,4.0,0.3077,2.17843,3.0,2.0,0.1538,4.0,0.3077,0.0,0.0,0.0,0.0,0.0,1.0,0.0,5.0,2.0,9.0,7.0,103.0,6.0,7.0,,,,32.0,32.0,,,,6.5,1.0,,32.0,0.0,,Female,Lyn,Karlyn,,,,0.34,0.33548,722.0,7.0,-4.0,0.28571,742.0,7.0,-4.0,-0.329,-0.1735,0.19383,0.3,4.0,0.3077,9.0,0.66667,0.0,0.66667
4.0,Dustin & Kandice,TARUS10,3.17,3.16667,198.0,3.0,1.0,3.0,166.0,3.0,1.0,12.0,11.0,0.2592,0.4581,2.0,0.1667,6.0,0.5,1.72401,2.0,4.0,0.3333,1.0,0.0833,1.0,0.0833,0.0,0.0,0.0,0.0,1.0,4.0,1.0,7.0,6.0,104.0,6.0,6.0,,,,24.0,24.0,,,,6.0,0.0,,24.0,0.0,,Female,Dustin,Kandice,,,,0.6,0.60145,245.0,4.0,0.0,0.73864,158.0,4.0,0.0,0.2029,0.4817,0.34419,0.38095,9.0,0.75,3.0,1.0,0.0,1.0
5.0,Erwin & Godwin,TARUS10,4.7,4.7,521.0,6.0,-1.0,4.5,470.0,6.0,-1.0,10.0,9.0,-0.0984,0.1966,1.0,0.1,1.0,0.1,1.79165,1.0,0.0,0.0,0.0,0.0,1.0,0.1,0.0,0.0,0.0,0.0,0.0,4.0,1.0,8.0,7.0,105.0,4.0,5.0,,,,32.0,29.0,,,,4.5,1.0,,30.5,3.0,,Male,Erwin,Godwin,,,,0.39,0.38815,635.0,6.0,-1.0,0.4,563.0,6.0,-1.0,-0.2237,-0.0438,0.27514,0.23864,3.0,0.3,7.0,1.0,0.0,1.0
6.0,David & Mary,TARUS10,6.13,6.125,737.0,8.0,-2.0,6.5,714.0,8.0,-2.0,8.0,8.0,-0.4326,-0.0479,1.0,0.125,1.0,0.125,2.36841,1.25,0.0,0.0,1.0,0.125,2.0,0.25,1.0,0.0,0.0,0.0,0.0,7.0,1.0,10.0,9.0,106.0,4.0,3.0,,,,32.0,31.0,,,,3.5,1.0,,31.5,1.0,,Co-Ed,David,Mary,,,,0.27,0.27422,825.0,9.0,-3.0,0.21591,839.0,10.0,-4.0,-0.4516,-0.3244,0.314,0.35714,1.0,0.125,7.0,1.0,0.0,1.0
7.0,Peter & Sarah,TARUS10,3.17,3.16667,198.0,3.0,4.0,2.5,128.0,2.0,5.0,6.0,6.0,0.2592,0.4581,2.0,0.3333,4.0,0.6667,2.19216,3.25,1.0,0.1667,0.0,0.0,0.0,0.0,0.0,0.0,0.0,0.0,0.0,1.0,1.0,7.0,6.0,107.0,4.0,2.0,,,,35.0,31.0,,,,3.0,2.0,,33.0,4.0,,Co-Ed,Peter,Sarah,,,,0.7,0.69589,111.0,2.0,5.0,0.83766,68.0,2.0,5.0,0.3918,0.7144,0.35321,0.38474,5.0,0.8333,1.0,1.0,0.0,1.0
8.0,Tom & Terry,TARUS10,7.0,7.0,819.0,9.0,-1.0,8.0,826.0,9.0,-1.0,4.0,4.0,-0.6359,-0.1966,0.0,0.0,0.0,0.0,1.73205,1.0,0.0,0.0,1.0,0.25,0.0,0.0,0.0,0.0,0.0,0.0,0.0,8.0,4.0,8.0,4.0,108.0,2.0,2.0,,,,39.0,45.0,,,,2.0,0.0,,42.0,6.0,,Male,Tom,Terry,,,,0.29,0.28883,808.0,8.0,0.0,0.24432,806.0,9.0,-1.0,-0.4223,-0.2884,0.25427,0.34564,1.0,0.25,3.0,0.66667,0.0,0.66667
9.0,Duke & Lauren,TARUS10,4.67,4.66667,509.0,5.0,4.0,3.0,166.0,3.0,6.0,3.0,3.0,-0.0914,0.2017,0.0,0.0,2.0,0.6667,3.09121,3.5,1.0,0.3333,0.0,0.0,0.0,0.0,0.0,0.0,0.0,0.0,0.0,,2.0,9.0,7.0,109.0,2.0,1.0,,,,52.0,26.0,,,,1.5,1.0,,39.0,26.0,,Co-Ed,Duke,Lauren,,,,0.56,0.56229,313.0,5.0,4.0,0.77778,108.0,3.0,6.0,0.1246,0.3853,0.4012,0.45455,2.0,0.6667,1.0,0.90909,0.0,0.90909
10.0,Kellie & Jamie,TARUS10,8.0,8.0,899.0,10.0,0.0,8.0,826.0,9.0,1.0,2.0,2.0,-0.8696,-0.3675,0.0,0.0,0.0,0.0,2.0,2.0,0.0,0.0,0.0,0.0,0.0,0.0,0.0,0.0,0.0,0.0,0.0,,6.0,10.0,4.0,110.0,1.0,1.0,,,,22.0,22.0,,,,1.0,0.0,,22.0,0.0,,Female,Kellie,Jamie,,,,0.27,0.27273,830.0,10.0,0.0,0.27273,766.0,8.0,2.0,-0.4545,-0.3281,0.27273,0.27273,1.0,0.5,1.0,0.54545,0.0,0.54545
11.0,Vipul & Arti,TARUS10,11.0,11.0,1043.0,11.0,0.0,11.0,997.0,11.0,0.0,1.0,1.0,-1.5707,-0.8803,0.0,0.0,0.0,0.0,0.0,0.0,0.0,0.0,0.0,0.0,0.0,0.0,0.0,0.0,0.0,0.0,0.0,,11.0,11.0,0.0,111.0,1.0,0.0,,,,29.0,26.0,,,,0.5,1.0,,27.5,3.0,,Co-Ed,Vipul,Arti,,,,0.09,0.09091,996.0,11.0,0.0,0.09091,989.0,11.0,0.0,-0.8182,-0.776,0.0,0.0,0.0,0.0,1.0,0.09091,0.09091,0.0
12.0,Bilal & Sa'eed,TARUS10,12.0,12.0,1096.0,12.0,0.0,12.0,1048.0,12.0,0.0,1.0,1.0,-1.8043,-1.0513,0.0,0.0,0.0,0.0,0.0,0.0,0.0,0.0,0.0,0.0,0.0,0.0,0.0,0.0,0.0,0.0,0.0,,12.0,12.0,0.0,112.0,1.0,0.0,,,,37.0,39.0,,,,0.5,1.0,,38.0,2.0,,Male,Bilal,Sa'eed,,,,0.0,0.0,1030.0,12.0,0.0,0.0,1022.0,12.0,0.0,-1.0,-1.0,0.0,0.0,0.0,0.0,1.0,0.0,0.0,0.0
1.0,Eric & Danielle,TARUS11,3.62,3.61538,305.0,4.0,-3.0,4.0,341.0,5.0,-4.0,13.0,13.0,0.1312,0.3418,1.0,0.0769,6.0,0.4615,1.38888,2.0,2.0,0.1538,4.0,0.3077,1.0,0.0769,0.0,0.0,0.0,2.0,0.0,4.0,1.0,6.0,5.0,113.0,6.0,6.0,,,,28.0,23.0,,,,6.0,0.0,,25.5,5.0,,Co-Ed,Eric,Danielle,,,,0.49,0.49029,445.0,4.0,-3.0,0.5,408.0,6.0,-5.0,-0.0241,0.205,0.29496,0.5,7.0,0.5385,6.0,1.0,0.0,1.0
2.0,Dustin & Kandice,TARUS11,2.92,2.92308,153.0,3.0,-1.0,2.0,26.0,2.0,0.0,13.0,13.0,0.2992,0.4691,4.0,0.3077,8.0,0.6154,1.81708,3.0,3.0,0.2308,0.0,0.0,0.0,0.0,0.0,0.0,0.0,0.0,1.0,1.0,1.0,6.0,5.0,114.0,6.0,6.0,,,,24.0,25.0,,,,6.0,0.0,,24.5,1.0,,Female,Dustin,Kandice,,,,0.7,0.69985,106.0,2.0,0.0,0.625,283.0,3.0,-1.0,0.3931,0.7201,0.22421,0.5,11.0,0.8462,2.0,1.0,0.42857,0.57143
3.0,Charla & Mirna,TARUS11,4.15,4.15385,412.0,5.0,-2.0,3.0,166.0,4.0,-1.0,13.0,13.0,0.004,0.2455,2.0,0.1538,7.0,0.5385,2.56743,5.0,2.0,0.1538,4.0,0.3077,0.0,0.0,0.0,0.0,0.0,0.0,0.0,8.0,1.0,8.0,7.0,115.0,6.0,6.0,,,,30.0,30.0,,,,6.0,0.0,,30.0,0.0,,Female,Charla,Mirna,,,,0.44,0.43642,552.0,7.0,-4.0,0.33333,656.0,7.0,-4.0,-0.1313,0.0726,0.30991,0.44444,4.0,0.3077,9.0,1.0,0.0,1.0
4.0,Oswald & Danny,TARUS11,2.67,2.66667,100.0,1.0,3.0,2.0,26.0,2.0,2.0,12.0,12.0,0.3592,0.5145,3.0,0.25,7.0,0.5833,1.37437,2.25,4.0,0.3333,1.0,0.0833,1.0,0.0833,2.0,0.0,0.0,0.0,1.0,2.0,1.0,5.0,4.0,116.0,4.0,5.0,,,,36.0,41.0,,,,4.5,1.0,,38.5,5.0,,Male,Oswald,Danny,,,,0.64,0.63935,184.0,3.0,1.0,0.81667,84.0,2.0,2.0,0.2726,0.5714,0.36421,0.4875,9.0,0.75,3.0,1.0,0.0,1.0
5.0,Uchenna & Joyce,TARUS11,4.33,4.33333,451.0,6.0,-1.0,5.0,504.0,7.0,-2.0,9.0,9.0,-0.0392,0.2127,1.0,0.1111,4.0,0.4444,2.0548,3.0,1.0,0.1111,0.0,0.0,1.0,0.1111,1.0,0.0,0.0,0.0,0.0,7.0,1.0,7.0,6.0,117.0,3.0,4.0,,,,42.0,46.0,,,,3.5,1.0,,44.0,4.0,,Co-Ed,Uchenna,Joyce,,,,0.49,0.48699,449.0,5.0,0.0,0.55556,370.0,4.0,1.0,-0.0306,0.1969,0.33097,0.38095,5.0,0.5556,4.0,1.0,0.0,1.0
6.0,Joe & Bill,TARUS11,5.25,5.25,616.0,8.0,-2.0,5.5,613.0,8.0,-2.0,8.0,8.0,-0.26,0.0455,0.0,0.0,1.0,0.125,1.19896,1.25,0.0,0.0,1.0,0.125,1.0,0.125,0.0,0.0,0.0,0.0,0.0,6.0,3.0,7.0,4.0,118.0,2.0,4.0,,,,56.0,53.0,,,,3.0,2.0,,54.5,3.0,,Male,Joe,Bill,,,,0.34,0.3374,716.0,8.0,-2.0,0.29167,734.0,8.0,-2.0,-0.3284,-0.1707,0.26976,0.45357,3.0,0.375,5.0,0.77778,0.0,0.77778
7.0,Teri & Ian,TARUS11,4.83,4.83333,548.0,7.0,0.0,4.5,470.0,6.0,1.0,6.0,6.0,-0.1592,0.1218,0.0,0.0,3.0,0.5,1.86339,3.75,0.0,0.0,0.0,0.0,0.0,0.0,0.0,0.0,0.0,0.0,0.0,3.0,3.0,7.0,4.0,119.0,2.0,3.0,,,,53.0,54.0,,,,2.5,1.0,,53.5,1.0,,Co-Ed,Teri,Ian,,,,0.48,0.48155,463.0,6.0,1.0,0.52083,404.0,5.0,2.0,-0.0415,0.1835,0.2754,0.35863,3.0,0.5,3.0,0.8,0.0,0.8
8.0,Rob & Amber,TARUS11,2.75,2.75,111.0,2.0,6.0,1.0,1.0,1.0,7.0,4.0,4.0,0.34,0.5,3.0,0.75,3.0,0.75,3.03109,1.75,0.0,0.0,0.0,0.0,0.0,0.0,0.0,0.0,0.0,0.0,0.0,1.0,1.0,8.0,7.0,120.0,1.0,2.0,,,,30.0,28.0,,,,1.5,1.0,,29.0,2.0,,Co-Ed,Rob,Amber,,,,0.75,0.75,55.0,1.0,7.0,1.0,1.0,1.0,7.0,0.4929,0.8433,0.43301,0.25,3.0,0.75,1.0,1.0,0.0,1.0
9.0,David & Mary,TARUS11,9.0,9.0,952.0,9.0,0.0,9.0,889.0,9.0,0.0,3.0,3.0,-1.16,-0.6364,0.0,0.0,0.0,0.0,0.0,0.0,0.0,0.0,1.0,0.3333,0.0,0.0,0.0,0.0,0.0,0.0,0.0,9.0,9.0,9.0,0.0,121.0,1.0,1.0,,,,33.0,32.0,,,,1.0,0.0,,32.5,1.0,,Co-Ed,David,Mary,,,,0.1,0.1037,982.0,9.0,0.0,0.11111,945.0,9.0,0.0,-0.7936,-0.7451,0.08182,0.1,0.0,0.0,3.0,0.2,0.0,0.2
10.0,Kevin & Drew,TARUS11,10.0,10.0,1002.0,10.0,0.0,10.0,954.0,10.0,0.0,2.0,2.0,-1.4,-0.8182,0.0,0.0,0.0,0.0,0.0,0.0,0.0,0.0,1.0,0.5,0.0,0.0,0.0,0.0,0.0,0.0,0.0,10.0,10.0,10.0,0.0,122.0,1.0,0.0,,,,40.0,41.0,,,,0.5,1.0,,40.5,1.0,,Male,Kevin,Drew,,,,0.05,0.05,1011.0,10.0,0.0,0.05,1005.0,10.0,0.0,-0.9005,-0.8771,0.05,0.05,0.0,0.0,2.0,0.1,0.0,0.1
11.0,John Vito & Jill,TARUS11,11.0,11.0,1043.0,11.0,0.0,11.0,997.0,11.0,0.0,1.0,1.0,-1.64,-1.0,0.0,0.0,0.0,0.0,0.0,0.0,0.0,0.0,0.0,0.0,0.0,0.0,0.0,0.0,0.0,0.0,0.0,,11.0,11.0,0.0,123.0,0.0,0.0,,,,32.0,29.0,,,,0.0,0.0,,30.5,3.0,,Co-Ed,John,Vito,,,,0.0,0.0,1030.0,11.0,0.0,0.0,1022.0,11.0,0.0,-1.0,-1.0,0.0,0.0,0.0,0.0,1.0,0.0,0.0,0.0
1.0,TK & Rachel,TARUS12,3.18,3.18182,212.0,2.0,-1.0,3.0,166.0,2.0,-1.0,11.0,11.0,0.2542,0.4218,3.0,0.2727,6.0,0.5455,1.94554,2.5,2.0,0.1818,2.0,0.1818,1.0,0.0909,0.0,0.0,0.0,0.0,0.0,1.0,1.0,7.0,6.0,124.0,5.0,6.0,,,,22.0,23.0,,,,5.5,1.0,,22.5,1.0,,Co-Ed,TK,Rachel,,,,0.6,0.59809,257.0,3.0,-2.0,0.66667,216.0,2.0,-1.0,0.1962,0.458,0.35106,0.6125,6.0,0.5455,5.0,1.0,0.0,1.0
2.0,Ron & Christina,TARUS12,3.45,3.45455,268.0,3.0,-1.0,3.0,166.0,2.0,0.0,11.0,11.0,0.1909,0.3727,3.0,0.2727,8.0,0.7273,2.46295,2.5,1.0,0.0909,1.0,0.0909,0.0,0.0,0.0,0.0,0.0,0.0,0.0,3.0,1.0,9.0,8.0,125.0,5.0,6.0,,,,58.0,26.0,,,,5.5,1.0,,42.0,32.0,,Co-Ed,Ron,Christina,,,,0.63,0.62655,207.0,2.0,0.0,0.5,408.0,5.0,-3.0,0.2531,0.5274,0.27115,0.35714,9.0,0.8182,2.0,1.0,0.11111,0.88889
3.0,Nicolas & Donald,TARUS12,4.18,4.18182,416.0,6.0,-3.0,4.0,341.0,5.0,-2.0,11.0,11.0,0.0197,0.24,1.0,0.0909,5.0,0.4545,1.94554,2.5,1.0,0.0909,4.0,0.3636,0.0,0.0,1.0,0.0,0.0,0.0,0.0,3.0,1.0,8.0,7.0,126.0,6.0,4.0,,,,23.0,68.0,,,,5.0,2.0,,45.5,45.0,,Male,Nicolas,Donald,,,,0.41,0.41382,595.0,7.0,-4.0,0.33333,656.0,7.0,-4.0,-0.1724,0.0088,0.27722,0.3746,4.0,0.3636,7.0,1.0,0.0,1.0
4.0,Nathan & Jennifer,TARUS12,3.7,3.7,320.0,5.0,-1.0,3.0,166.0,2.0,2.0,10.0,10.0,0.1322,0.3273,0.0,0.0,6.0,0.6,2.32594,2.0,4.0,0.4,2.0,0.2,0.0,0.0,0.0,0.0,0.0,0.0,0.0,2.0,2.0,10.0,8.0,127.0,5.0,5.0,,,,24.0,23.0,,,,5.0,0.0,,23.5,1.0,,Co-Ed,Nathan,Jennifer,,,,0.52,0.5196,384.0,5.0,-1.0,0.63333,277.0,4.0,0.0,0.0392,0.2666,0.30627,0.47917,6.0,0.6,4.0,0.88889,0.0,0.88889
5.0,Kynt & Vyxsin,TARUS12,3.63,3.625,307.0,4.0,1.0,4.0,341.0,5.0,0.0,8.0,8.0,0.1487,0.34,0.0,0.0,3.0,0.375,1.31696,3.0,3.0,0.375,0.0,0.0,1.0,0.125,0.0,0.0,0.0,0.0,0.0,2.0,2.0,5.0,3.0,128.0,4.0,4.0,,,,31.0,29.0,,,,4.0,0.0,,30.0,2.0,,Co-Ed,Kynt,Vyxsin,,,,0.53,0.5317,364.0,4.0,1.0,0.64583,272.0,3.0,2.0,0.0634,0.2961,0.3357,0.4869,5.0,0.625,3.0,0.9,0.0,0.9
6.0,Azaria & Hendekea,TARUS12,3.0,3.0,155.0,1.0,5.0,2.5,128.0,1.0,5.0,6.0,6.0,0.2964,0.4545,3.0,0.5,3.0,0.5,2.08167,3.75,0.0,0.0,0.0,0.0,0.0,0.0,0.0,0.0,0.0,0.0,0.0,1.0,1.0,6.0,5.0,129.0,4.0,2.0,,,,27.0,23.0,,,,3.0,2.0,,25.0,4.0,,Co-Ed,Azaria,Hendekea,,,,0.68,0.67593,133.0,1.0,5.0,0.77778,108.0,1.0,5.0,0.3519,0.6477,0.3691,0.48611,5.0,0.8333,1.0,1.0,0.0,1.0
7.0,Shana & Jennifer,TARUS12,5.8,5.8,697.0,8.0,-1.0,6.0,634.0,7.0,0.0,5.0,5.0,-0.3603,-0.0545,0.0,0.0,1.0,0.2,1.46969,1.0,0.0,0.0,0.0,0.0,0.0,0.0,0.0,0.0,1.0,0.0,0.0,6.0,3.0,7.0,4.0,130.0,3.0,2.0,,,,32.0,32.0,,,,2.5,1.0,,32.0,0.0,,Female,Shana,Jennifer,,,,0.36,0.3627,678.0,8.0,-1.0,0.28571,742.0,8.0,-1.0,-0.2746,-0.1158,0.26127,0.25,2.0,0.4,3.0,0.77778,0.0,0.77778
8.0,Lorena & Jason,TARUS12,5.25,5.25,616.0,7.0,1.0,6.0,634.0,7.0,1.0,4.0,4.0,-0.2313,0.0455,1.0,0.25,1.0,0.25,2.94746,4.75,0.0,0.0,1.0,0.25,0.0,0.0,0.0,1.0,0.0,0.0,0.0,8.0,1.0,8.0,7.0,131.0,1.0,3.0,,,,27.0,33.0,,,,2.0,2.0,,30.0,6.0,,Co-Ed,Lorena,Jason,,,,0.46,0.45625,508.0,6.0,2.0,0.4125,559.0,6.0,2.0,-0.0875,0.1122,0.41017,0.68125,2.0,0.5,2.0,1.0,0.0,1.0
9.0,Marianna & Julia,TARUS12,8.33,8.33333,921.0,9.0,0.0,9.0,889.0,9.0,0.0,3.0,3.0,-0.9536,-0.5145,0.0,0.0,0.0,0.0,0.94281,1.0,0.0,0.0,0.0,0.0,0.0,0.0,0.0,0.0,0.0,0.0,0.0,9.0,7.0,9.0,2.0,132.0,2.0,1.0,,,,25.0,26.0,,,,1.5,1.0,,25.5,1.0,,Female,Marianna,Julia,,,,0.18,0.17778,930.0,9.0,0.0,0.2,847.0,9.0,0.0,-0.6444,-0.5666,0.13699,0.16667,0.0,0.0,3.0,0.33333,0.0,0.33333
10.0,Kate & Pat,TARUS12,9.0,9.0,952.0,10.0,0.0,9.0,889.0,9.0,1.0,2.0,2.0,-1.1107,-0.6364,0.0,0.0,0.0,0.0,1.0,1.0,0.0,0.0,0.0,0.0,0.0,0.0,0.0,0.0,0.0,0.0,0.0,,8.0,10.0,2.0,133.0,2.0,0.0,,,,49.0,65.0,,,,1.0,2.0,,57.0,16.0,,Female,Kate,Pat,,,,0.15,0.15,945.0,10.0,0.0,0.15,904.0,10.0,0.0,-0.7,-0.6343,0.15,0.15,0.0,0.0,2.0,0.3,0.0,0.3
11.0,Ari & Staella,TARUS12,11.0,11.0,1043.0,11.0,0.0,11.0,997.0,10.0,1.0,1.0,1.0,-1.5798,-1.0,0.0,0.0,0.0,0.0,0.0,0.0,0.0,0.0,0.0,0.0,0.0,0.0,0.0,0.0,0.0,0.0,0.0,,11.0,11.0,0.0,134.0,0.0,1.0,,,,21.0,23.0,,,,0.5,1.0,,22.0,2.0,,Co-Ed,Ari,Staella,,,,0.0,0.0,1030.0,11.0,0.0,0.0,1022.0,11.0,0.0,-1.0,-1.0,0.0,0.0,0.0,0.0,1.0,0.0,0.0,0.0
1.0,Nick & Starr,TARUS13,2.45,2.45455,72.0,1.0,0.0,1.0,1.0,1.0,0.0,11.0,11.0,0.4286,0.5594,7.0,0.6364,8.0,0.7273,2.06105,3.0,0.0,0.0,1.0,0.0909,0.0,0.0,1.0,0.0,0.0,0.0,0.0,1.0,1.0,6.0,5.0,135.0,5.0,3.0,,,,22.0,21.0,,,,4.0,2.0,,21.5,1.0,,Co-Ed,Nick,Starr,,,,0.78,0.78012,37.0,1.0,0.0,1.0,1.0,1.0,0.0,0.5602,0.9202,0.29208,0.56349,7.0,0.6364,4.0,1.0,0.33333,0.66667
2.0,Ken & Tina,TARUS13,2.64,2.63636,97.0,2.0,0.0,2.0,26.0,2.0,0.0,11.0,11.0,0.3843,0.5252,3.0,0.2727,8.0,0.7273,1.49379,2.0,3.0,0.2727,1.0,0.0909,1.0,0.0909,1.0,0.0,0.0,0.0,0.0,2.0,1.0,6.0,5.0,136.0,4.0,4.0,,,,51.0,48.0,,,,4.0,0.0,,49.5,3.0,,Co-Ed,Ken,Tina,,,,0.62,0.61818,218.0,3.0,-1.0,0.5,408.0,5.0,-3.0,0.2364,0.5216,0.31217,0.5,8.0,0.7273,3.0,1.0,0.0,1.0
3.0,Andrew & Dan,TARUS13,5.18,5.18182,606.0,7.0,-4.0,5.0,504.0,6.0,-3.0,11.0,11.0,-0.2081,0.0683,0.0,0.0,2.0,0.1818,1.74867,2.5,1.0,0.0909,4.0,0.3636,1.0,0.0909,0.0,0.0,0.0,0.0,0.0,7.0,2.0,8.0,6.0,137.0,6.0,3.0,,,,22.0,23.0,,,,4.5,3.0,,22.5,1.0,,Male,Andrew,Dan,,,,0.24,0.24012,872.0,8.0,-5.0,0.22222,823.0,8.0,-5.0,-0.5198,-0.409,0.17426,0.08452,1.0,0.0909,10.0,0.66667,0.0,0.66667
4.0,Toni & Dallas,TARUS13,3.1,3.1,185.0,3.0,1.0,2.5,128.0,3.0,1.0,10.0,10.0,0.277,0.4424,1.0,0.1,6.0,0.6,1.51327,2.0,4.0,0.4,0.0,0.0,0.0,0.0,0.0,0.0,0.0,0.0,0.0,2.0,1.0,6.0,5.0,138.0,4.0,5.0,,,,51.0,22.0,,,,4.5,1.0,,36.5,29.0,,Co-Ed,Toni,Dallas,,,,0.65,0.64853,174.0,2.0,2.0,0.675,211.0,4.0,0.0,0.2971,0.5963,0.26492,0.26548,9.0,0.9,1.0,1.0,0.0,1.0
5.0,Terence & Sarah,TARUS13,3.25,3.25,224.0,4.0,1.0,3.0,166.0,4.0,1.0,8.0,8.0,0.242,0.4155,0.0,0.0,6.0,0.75,0.82916,0.25,1.0,0.125,0.0,0.0,0.0,0.0,0.0,0.0,0.0,0.0,0.0,3.0,2.0,5.0,3.0,139.0,3.0,4.0,,,,35.0,31.0,,,,3.5,1.0,,33.0,4.0,,Co-Ed,Terence,Sarah,,,,0.61,0.60645,237.0,4.0,1.0,0.70833,182.0,2.0,3.0,0.2129,0.4927,0.2656,0.23333,6.0,0.75,2.0,0.85714,0.0,0.85714
6.0,Kelly & Christy,TARUS13,5.14,5.14286,598.0,6.0,0.0,5.0,504.0,6.0,0.0,7.0,7.0,-0.1988,0.0755,0.0,0.0,2.0,0.2857,1.95876,2.5,1.0,0.1429,1.0,0.1429,0.0,0.0,0.0,0.0,0.0,0.0,0.0,5.0,2.0,8.0,6.0,140.0,3.0,3.0,,,,26.0,26.0,,,,3.0,0.0,,26.0,0.0,,Female,Kelly,Christy,,,,0.42,0.41514,593.0,6.0,0.0,0.33333,656.0,6.0,0.0,-0.1697,0.0218,0.27818,0.42798,3.0,0.4286,4.0,0.8,0.0,0.8
7.0,Aja & Ty,TARUS13,6.2,6.2,749.0,8.0,-1.0,7.0,734.0,8.0,-1.0,5.0,5.0,-0.446,-0.1151,0.0,0.0,0.0,0.0,1.46969,2.0,0.0,0.0,1.0,0.2,0.0,0.0,0.0,0.0,0.0,0.0,0.0,7.0,4.0,8.0,4.0,141.0,2.0,2.0,,,,25.0,25.0,,,,2.0,0.0,,25.0,0.0,,Co-Ed,Aja,Ty,,,,0.32,0.3219,746.0,7.0,0.0,0.3,708.0,7.0,0.0,-0.3562,-0.2077,0.23947,0.35714,2.0,0.4,3.0,0.66667,0.0,0.66667
8.0,Marisa & Brooke,TARUS13,7.75,7.75,892.0,9.0,-1.0,8.5,875.0,9.0,-1.0,4.0,4.0,-0.8075,-0.3939,0.0,0.0,0.0,0.0,2.27761,2.25,0.0,0.0,2.0,0.5,0.0,0.0,0.0,0.0,0.0,0.0,0.0,,4.0,10.0,6.0,142.0,2.0,1.0,,,,22.0,24.0,,,,1.5,1.0,,23.0,2.0,,Female,Marisa,Brooke,,,,0.21,0.20903,905.0,9.0,-1.0,0.10556,965.0,9.0,-1.0,-0.5819,-0.4855,0.24403,0.16458,1.0,0.25,3.0,0.625,0.0,0.625
9.0,Mark & Bill,TARUS13,5.0,5.0,566.0,5.0,4.0,4.0,341.0,5.0,4.0,3.0,3.0,-0.1661,0.1007,0.0,0.0,1.0,0.3333,2.94392,3.5,1.0,0.3333,0.0,0.0,0.0,0.0,0.0,0.0,0.0,0.0,0.0,,2.0,9.0,7.0,143.0,1.0,1.0,,,,41.0,42.0,,,,1.0,0.0,,41.5,1.0,,Male,Mark,Bill,,,,0.53,0.52963,367.0,5.0,4.0,0.7,189.0,3.0,6.0,0.0593,0.3036,0.38236,0.44444,2.0,0.6667,1.0,0.88889,0.0,0.88889
10.0,Anthony & Stephanie,TARUS13,9.5,9.5,990.0,10.0,0.0,9.5,943.0,10.0,0.0,2.0,2.0,-1.2157,-0.7086,0.0,0.0,0.0,0.0,0.5,0.5,0.0,0.0,0.0,0.0,0.0,0.0,0.0,0.0,0.0,0.0,0.0,,9.0,10.0,1.0,144.0,1.0,0.0,,,,32.0,32.0,,,,0.5,1.0,,32.0,0.0,,Co-Ed,Anthony,Stephanie,,,,0.1,0.1,984.0,10.0,0.0,0.1,968.0,10.0,0.0,-0.8,-0.7539,0.1,0.1,0.0,0.0,2.0,0.2,0.0,0.2
11.0,Anita & Arthur,TARUS13,11.0,11.0,1043.0,11.0,0.0,11.0,997.0,11.0,0.0,1.0,1.0,-1.5655,-0.9784,0.0,0.0,0.0,0.0,0.0,0.0,0.0,0.0,0.0,0.0,0.0,0.0,0.0,0.0,0.0,0.0,0.0,,11.0,11.0,0.0,145.0,0.0,0.0,,,,63.0,61.0,,,,0.0,0.0,,62.0,2.0,,Co-Ed,Anita,Arthur,,,,0.0,0.0,1030.0,11.0,0.0,0.0,1022.0,11.0,0.0,-1.0,-1.0,0.0,0.0,0.0,0.0,1.0,0.0,0.0,0.0
1.0,Tammy & Victor,TARUS14,2.33,2.33333,50.0,1.0,0.0,2.0,26.0,1.0,0.0,12.0,11.0,0.4505,0.5756,5.0,0.4167,11.0,0.9167,1.88562,2.0,3.0,0.25,2.0,0.1667,0.0,0.0,0.0,0.0,1.0,0.0,0.0,1.0,1.0,8.0,7.0,146.0,5.0,6.0,,,,26.0,35.0,,,,5.5,1.0,,30.5,9.0,,Co-Ed,Tammy,Victor,,,,0.76,0.763,44.0,1.0,0.0,0.86667,42.0,1.0,0.0,0.526,0.8617,0.28401,0.33929,10.0,0.8333,2.0,1.0,0.125,0.875
2.0,Jaime & Cara,TARUS14,3.92,3.91667,367.0,4.0,-2.0,3.5,315.0,3.0,-1.0,12.0,11.0,0.0756,0.286,1.0,0.0833,6.0,0.5,1.9773,3.25,3.0,0.25,2.0,0.1667,0.0,0.0,0.0,0.0,0.0,0.0,0.0,2.0,1.0,7.0,6.0,147.0,6.0,5.0,,,,29.0,26.0,,,,5.5,1.0,,27.5,3.0,,Female,Jaime,Cara,,,,0.51,0.51303,401.0,5.0,-3.0,0.43651,528.0,6.0,-4.0,0.0261,0.2518,0.22858,0.35417,5.0,0.4167,7.0,1.0,0.25,0.75
3.0,Margie & Luke,TARUS14,2.75,2.75,111.0,2.0,1.0,3.0,166.0,2.0,1.0,12.0,11.0,0.3515,0.4991,3.0,0.25,7.0,0.5833,1.23322,2.25,2.0,0.1667,0.0,0.0,0.0,0.0,0.0,0.0,1.0,0.0,0.0,4.0,1.0,4.0,3.0,148.0,5.0,6.0,,,,50.0,22.0,,,,5.5,1.0,,36.0,28.0,,Co-Ed,Margie,Luke,,,,0.63,0.63304,198.0,2.0,1.0,0.64583,272.0,4.0,-1.0,0.2661,0.5446,0.27412,0.25,10.0,0.8333,2.0,1.0,0.0,1.0
4.0,Kisha & Jen,TARUS14,4.27,4.27273,441.0,5.0,-1.0,4.0,341.0,4.0,0.0,11.0,10.0,-0.007,0.2222,1.0,0.0909,4.0,0.3636,2.00413,2.5,1.0,0.0909,3.0,0.2727,1.0,0.0909,0.0,1.0,0.0,0.0,0.0,4.0,1.0,8.0,7.0,149.0,5.0,5.0,,,,28.0,24.0,,,,5.0,0.0,,26.0,4.0,,Female,Kisha,Jen,,,,0.41,0.41126,599.0,6.0,-2.0,0.3,708.0,7.0,-3.0,-0.1775,0.0035,0.33202,0.525,4.0,0.3636,7.0,1.0,0.0,1.0
5.0,Mark & Michael,TARUS14,5.22,5.22222,611.0,7.0,-2.0,5.0,504.0,7.0,-2.0,9.0,9.0,-0.231,0.0492,0.0,0.0,2.0,0.2222,1.5476,1.0,0.0,0.0,2.0,0.2222,1.0,0.1111,0.0,0.0,0.0,0.0,0.0,5.0,3.0,8.0,5.0,150.0,5.0,3.0,,,,48.0,51.0,,,,4.0,2.0,,49.5,3.0,,Male,Mark,Michael,,,,0.31,0.30723,773.0,8.0,-3.0,0.22222,823.0,8.0,-3.0,-0.3855,-0.2503,0.26016,0.35714,3.0,0.3333,6.0,0.8,0.0,0.8
6.0,Mel & Mike,TARUS14,3.57,3.57143,296.0,3.0,3.0,4.0,341.0,4.0,2.0,7.0,7.0,0.1581,0.3497,1.0,0.1429,3.0,0.4286,1.84059,3.0,2.0,0.2857,0.0,0.0,0.0,0.0,0.0,0.0,0.0,0.0,0.0,4.0,1.0,6.0,5.0,151.0,3.0,3.0,,,,68.0,38.0,,,,3.0,0.0,,53.0,30.0,,Male,Mel,Mike,,,,0.6,0.60113,249.0,3.0,3.0,0.7,189.0,2.0,4.0,0.2023,0.4668,0.3331,0.46825,5.0,0.7143,2.0,1.0,0.0,1.0
7.0,Christie & Jodi,TARUS14,6.67,6.66667,794.0,8.0,-1.0,7.0,734.0,9.0,-2.0,6.0,6.0,-0.5729,-0.2149,1.0,0.1667,1.0,0.1667,2.86744,2.25,0.0,0.0,2.0,0.3333,1.0,0.1667,0.0,0.0,0.0,0.0,0.0,7.0,1.0,10.0,9.0,152.0,3.0,3.0,,,,37.0,40.0,,,,3.0,0.0,,38.5,3.0,,Female,Christie,Jodi,,,,0.26,0.26435,841.0,9.0,-2.0,0.10556,965.0,9.0,-2.0,-0.4713,-0.355,0.35206,0.28403,1.0,0.1667,5.0,1.0,0.0,1.0
8.0,Amanda & Kris,TARUS14,4.5,4.5,484.0,6.0,2.0,4.0,341.0,4.0,4.0,4.0,4.0,-0.0612,0.1803,0.0,0.0,2.0,0.5,2.29129,3.0,1.0,0.25,0.0,0.0,0.0,0.0,0.0,1.0,0.0,0.0,0.0,,2.0,8.0,6.0,153.0,1.0,3.0,,,,23.0,24.0,,,,2.0,2.0,,23.5,1.0,,Co-Ed,Amanda,Kris,,,,0.56,0.56319,311.0,4.0,4.0,0.68889,205.0,3.0,5.0,0.1264,0.3742,0.33978,0.35208,3.0,0.75,1.0,0.875,0.0,0.875
9.0,Brad & Victoria,TARUS14,6.67,6.66667,794.0,8.0,1.0,6.0,634.0,8.0,1.0,3.0,3.0,-0.5729,-0.2149,0.0,0.0,0.0,0.0,1.69967,2.0,0.0,0.0,0.0,0.0,0.0,0.0,0.0,0.0,0.0,0.0,0.0,,5.0,9.0,4.0,154.0,0.0,3.0,,,,52.0,47.0,,,,1.5,3.0,,49.5,5.0,,Co-Ed,Brad,Victoria,,,,0.35,0.35185,692.0,7.0,2.0,0.5,408.0,5.0,4.0,-0.2963,-0.1415,0.24983,0.27778,2.0,0.6667,1.0,0.55556,0.0,0.55556
10.0,Steve & Linda,TARUS14,9.5,9.5,990.0,10.0,0.0,9.5,943.0,10.0,0.0,2.0,2.0,-1.2403,-0.7304,0.0,0.0,0.0,0.0,0.5,0.5,0.0,0.0,0.0,0.0,0.0,0.0,0.0,0.0,0.0,0.0,0.0,,9.0,10.0,1.0,155.0,1.0,1.0,,,,43.0,52.0,,,,1.0,0.0,,47.5,9.0,,Co-Ed,Steve,Linda,,,,0.1,0.1,984.0,10.0,0.0,0.1,968.0,10.0,0.0,-0.8,-0.756,0.1,0.1,0.0,0.0,2.0,0.2,0.0,0.2
11.0,Preston & Jennifer,TARUS14,11.0,11.0,1043.0,11.0,0.0,11.0,997.0,11.0,0.0,1.0,1.0,-1.594,-1.0036,0.0,0.0,0.0,0.0,0.0,0.0,0.0,0.0,0.0,0.0,0.0,0.0,0.0,0.0,0.0,0.0,0.0,,11.0,11.0,0.0,156.0,1.0,0.0,,,,28.0,26.0,,,,0.5,1.0,,27.0,2.0,,Co-Ed,Preston,Jennifer,,,,0.0,0.0,1030.0,11.0,0.0,0.0,1022.0,11.0,0.0,-1.0,-1.0,0.0,0.0,0.0,0.0,1.0,0.0,0.0,0.0
1.0,Meghan & Cheyne,TARUS15,2.0,2.0,15.0,1.0,0.0,1.0,1.0,1.0,0.0,12.0,12.0,0.5636,0.6672,7.0,0.5833,10.0,0.8333,1.63299,1.0,3.0,0.25,0.0,0.0,0.0,0.0,1.0,0.0,0.0,0.0,0.0,1.0,1.0,6.0,5.0,157.0,5.0,6.0,,,,23.0,23.0,,,,5.5,1.0,,23.0,0.0,,Co-Ed,Meghan,Cheyne,,,,0.87,0.86991,5.0,1.0,0.0,1.0,1.0,1.0,0.0,0.7398,1.1739,0.18524,0.2125,12.0,1.0,0.0,1.0,0.5,0.5
2.0,Sam & Dan,TARUS15,3.17,3.16667,198.0,3.0,-1.0,2.0,26.0,2.0,0.0,12.0,12.0,0.3084,0.4725,2.0,0.1667,8.0,0.6667,2.19216,2.25,5.0,0.4167,1.0,0.0833,0.0,0.0,0.0,0.0,0.0,0.0,0.0,2.0,1.0,9.0,8.0,158.0,6.0,6.0,,,,23.0,21.0,,,,6.0,0.0,,22.0,2.0,,Male,Sam,Dan,,,,0.64,0.63807,187.0,2.0,0.0,0.66667,216.0,2.0,0.0,0.2761,0.5945,0.24142,0.30536,9.0,0.75,3.0,1.0,0.25,0.75
3.0,Brian & Ericka,TARUS15,4.25,4.25,433.0,5.0,-2.0,4.0,341.0,4.0,-1.0,12.0,12.0,0.0727,0.2928,0.0,0.0,5.0,0.4167,2.0052,1.25,1.0,0.0833,4.0,0.3333,1.0,0.0833,0.0,0.0,0.0,0.0,0.0,4.0,2.0,10.0,8.0,159.0,6.0,6.0,,,,27.0,27.0,,,,6.0,0.0,,27.0,0.0,,Co-Ed,Brian,Ericka,,,,0.39,0.39188,629.0,7.0,-4.0,0.41667,552.0,5.0,-2.0,-0.2162,-0.0207,0.27687,0.40076,6.0,0.5,6.0,0.85714,0.0,0.85714
4.0,Flight Time & Big Easy,TARUS15,3.09,3.09091,181.0,2.0,2.0,3.0,166.0,3.0,1.0,11.0,11.0,0.3258,0.4859,2.0,0.1818,8.0,0.7273,1.44314,1.0,1.0,0.0909,2.0,0.1818,0.0,0.0,0.0,0.0,0.0,0.0,0.0,3.0,1.0,6.0,5.0,160.0,5.0,6.0,,,,32.0,28.0,,,,5.5,1.0,,30.0,4.0,,Male,Flight,Time,,,,0.6,0.60233,243.0,3.0,1.0,0.63636,275.0,3.0,1.0,0.2047,0.5052,0.31317,0.42083,8.0,0.7273,3.0,1.0,0.0,1.0
5.0,Gary & Matt,TARUS15,4.22,4.22222,427.0,4.0,1.0,4.0,341.0,4.0,1.0,9.0,9.0,0.0793,0.2978,1.0,0.1111,2.0,0.2222,1.5476,1.0,0.0,0.0,0.0,0.0,1.0,0.1111,0.0,0.0,0.0,0.0,0.0,4.0,1.0,7.0,6.0,161.0,4.0,5.0,,,,47.0,22.0,,,,4.5,1.0,,34.5,25.0,,Male,Gary,Matt,,,,0.46,0.46245,496.0,4.0,1.0,0.45455,501.0,4.0,1.0,-0.0751,0.1557,0.31181,0.29167,4.0,0.4444,5.0,1.0,0.0,1.0
6.0,Maria & Tiffany,TARUS15,6.57,6.57143,788.0,8.0,-2.0,6.0,634.0,6.0,0.0,7.0,7.0,-0.4335,-0.0932,0.0,0.0,1.0,0.1429,2.49898,1.5,1.0,0.1429,1.0,0.1429,1.0,0.1429,0.0,0.0,0.0,0.0,0.0,6.0,2.0,11.0,9.0,162.0,2.0,5.0,,,,26.0,25.0,,,,3.5,3.0,,25.5,1.0,,Female,Maria,Tiffany,,,,0.31,0.31134,765.0,8.0,-2.0,0.28571,742.0,8.0,-2.0,-0.3773,-0.222,0.26158,0.31427,1.0,0.1429,6.0,0.83333,0.0,0.83333
7.0,Mika & Canaan,TARUS15,7.67,7.66667,885.0,9.0,-2.0,7.0,734.0,9.0,-2.0,6.0,6.0,-0.6735,-0.2762,0.0,0.0,0.0,0.0,1.10554,0.75,0.0,0.0,2.0,0.3333,0.0,0.0,0.0,0.0,0.0,0.0,0.0,7.0,7.0,10.0,3.0,163.0,1.0,5.0,,,,22.0,26.0,,,,3.0,4.0,,24.0,4.0,,Co-Ed,Mika,Canaan,,,,0.2,0.20133,910.0,10.0,-3.0,0.21591,839.0,9.0,-2.0,-0.5973,-0.4969,0.11095,0.1349,0.0,0.0,6.0,0.33333,0.0,0.33333
8.0,Lance & Keri,TARUS15,6.0,6.0,715.0,6.0,2.0,6.0,634.0,6.0,2.0,5.0,5.0,-0.3091,0.0017,0.0,0.0,1.0,0.2,2.28035,4.0,0.0,0.0,1.0,0.2,0.0,0.0,0.0,0.0,0.0,0.0,0.0,,3.0,9.0,6.0,164.0,3.0,2.0,,,,41.0,33.0,,,,2.5,1.0,,37.0,8.0,,Co-Ed,Lance,Keri,,,,0.4,0.40086,615.0,6.0,2.0,0.375,609.0,7.0,1.0,-0.1983,0.0017,0.31905,0.58889,2.0,0.4,3.0,0.81818,0.0,0.81818
9.0,Zev & Justin,TARUS15,6.0,6.0,715.0,6.0,3.0,6.5,714.0,8.0,1.0,4.0,4.0,-0.3091,0.0017,0.0,0.0,1.0,0.25,2.73861,4.0,1.0,0.25,0.0,0.0,0.0,0.0,0.0,0.0,0.0,0.0,0.0,,2.0,9.0,7.0,165.0,2.0,2.0,,,,26.0,30.0,,,,2.0,0.0,,28.0,4.0,,Male,Zev,Justin,,,,0.43,0.43283,567.0,5.0,4.0,0.41111,560.0,6.0,3.0,-0.1343,0.0816,0.34874,0.51061,2.0,0.5,2.0,0.90909,0.0,0.90909
10.0,Marcy & Ron,TARUS15,7.67,7.66667,885.0,9.0,1.0,9.0,889.0,10.0,0.0,3.0,3.0,-0.6735,-0.2762,0.0,0.0,0.0,0.0,2.62467,3.0,0.0,0.0,0.0,0.0,0.0,0.0,0.0,0.0,0.0,0.0,0.0,,4.0,10.0,6.0,166.0,1.0,2.0,,,,60.0,59.0,,,,1.5,1.0,,59.5,1.0,,Co-Ed,Marcy,Ron,,,,0.31,0.30909,770.0,9.0,1.0,0.2,847.0,10.0,0.0,-0.3818,-0.2276,0.30676,0.36364,1.0,0.3333,2.0,0.72727,0.0,0.72727
11.0,Garrett & Jessica,TARUS15,9.5,9.5,990.0,11.0,0.0,9.5,943.0,11.0,0.0,2.0,2.0,-1.0727,-0.5807,0.0,0.0,0.0,0.0,1.5,1.5,0.0,0.0,0.0,0.0,0.0,0.0,0.0,0.0,0.0,0.0,0.0,,8.0,11.0,3.0,167.0,1.0,1.0,,,,28.0,27.0,,,,1.0,0.0,,27.5,1.0,,Co-Ed,Garrett,Jessica,,,,0.18,0.18182,928.0,11.0,0.0,0.18182,881.0,11.0,0.0,-0.6364,-0.5456,0.18182,0.18182,0.0,0.0,2.0,0.36364,0.0,0.36364
12.0,Eric & Lisa,TARUS15,12.0,12.0,1096.0,12.0,0.0,12.0,1048.0,12.0,0.0,1.0,1.0,-1.6182,-0.9967,0.0,0.0,0.0,0.0,0.0,0.0,0.0,0.0,0.0,0.0,0.0,0.0,0.0,0.0,0.0,0.0,0.0,,12.0,12.0,0.0,168.0,0.0,0.0,,,,41.0,43.0,,,,0.0,0.0,,42.0,2.0,,Co-Ed,Eric,Lisa,,,,0.0,0.0,1030.0,12.0,0.0,0.0,1022.0,12.0,0.0,-1.0,-1.0,0.0,0.0,0.0,0.0,1.0,0.0,0.0,0.0
1.0,Dan & Jordan,TARUS16,4.33,4.33333,451.0,4.0,-3.0,4.5,470.0,6.0,-5.0,12.0,12.0,-0.005,0.1981,2.0,0.1667,5.0,0.4167,2.3214,3.25,1.0,0.0833,3.0,0.25,0.0,0.0,1.0,0.0,0.0,0.0,0.0,8.0,1.0,8.0,7.0,169.0,6.0,5.0,,,,24.0,22.0,,,,5.5,1.0,,23.0,2.0,,Male,Dan,Jordan,,,,0.48,0.47953,466.0,6.0,-5.0,0.33333,656.0,7.0,-6.0,-0.0409,0.1292,0.2802,0.33214,4.0,0.3333,8.0,1.0,0.2,0.8
2.0,Jet & Cord,TARUS16,2.58,2.58333,88.0,1.0,1.0,2.5,128.0,1.0,1.0,12.0,12.0,0.4012,0.5222,4.0,0.3333,9.0,0.75,1.49768,2.25,2.0,0.1667,0.0,0.0,1.0,0.0833,0.0,0.0,0.0,0.0,0.0,1.0,1.0,6.0,5.0,170.0,6.0,6.0,,,,30.0,29.0,,,,6.0,0.0,,29.5,1.0,,Male,Jet,Cord,,,,0.69,0.6877,118.0,1.0,1.0,0.69048,198.0,2.0,0.0,0.3754,0.6194,0.2881,0.5,11.0,0.9167,1.0,1.0,0.0,1.0
3.0,Brent & Caite,TARUS16,4.33,4.33333,451.0,4.0,-1.0,4.0,341.0,3.0,0.0,12.0,12.0,-0.005,0.1981,1.0,0.0833,5.0,0.4167,2.09497,3.5,2.0,0.1667,2.0,0.1667,0.0,0.0,0.0,0.0,1.0,0.0,0.0,7.0,1.0,7.0,6.0,171.0,7.0,5.0,,,,28.0,20.0,,,,6.0,2.0,,24.0,8.0,,Co-Ed,Brent,Caite,,,,0.44,0.44405,531.0,7.0,-4.0,0.4,563.0,6.0,-3.0,-0.1119,0.0456,0.28248,0.4375,5.0,0.4167,7.0,1.0,0.0,1.0
4.0,Louie & Michael,TARUS16,4.36,4.36364,462.0,6.0,-2.0,4.0,341.0,3.0,1.0,11.0,11.0,-0.0119,0.1926,3.0,0.2727,4.0,0.3636,2.90056,4.0,0.0,0.0,3.0,0.2727,1.0,0.0909,0.0,0.0,1.0,0.0,0.0,4.0,1.0,9.0,8.0,172.0,6.0,5.0,,,,47.0,45.0,,,,5.5,1.0,,46.0,2.0,,Male,Louie,Michael,,,,0.43,0.42601,575.0,8.0,-4.0,0.25,777.0,9.0,-5.0,-0.148,0.0032,0.38778,0.68194,4.0,0.3636,7.0,1.0,0.0,1.0
5.0,Carol & Brandy,TARUS16,4.0,4.0,375.0,3.0,2.0,5.0,504.0,7.0,-2.0,9.0,9.0,0.0716,0.2593,0.0,0.0,4.0,0.4444,1.41421,2.0,2.0,0.2222,1.0,0.1111,0.0,0.0,0.0,1.0,0.0,0.0,0.0,5.0,2.0,6.0,4.0,173.0,4.0,4.0,,,,47.0,40.0,,,,4.0,0.0,,43.5,7.0,,Female,Carol,Brandy,,,,0.52,0.52425,380.0,4.0,1.0,0.5,408.0,5.0,0.0,0.0485,0.2345,0.27602,0.34921,5.0,0.5556,4.0,0.83333,0.0,0.83333
6.0,Steve & Allie,TARUS16,3.38,3.375,254.0,2.0,4.0,2.5,128.0,1.0,5.0,8.0,8.0,0.2155,0.3741,1.0,0.125,5.0,0.625,1.99609,2.5,3.0,0.375,0.0,0.0,0.0,0.0,0.0,0.0,0.0,0.0,0.0,2.0,1.0,7.0,6.0,174.0,4.0,3.0,,,,57.0,23.0,,,,3.5,1.0,,40.0,34.0,,Co-Ed,Steve,Allie,,,,0.66,0.66116,153.0,2.0,4.0,0.77857,107.0,1.0,5.0,0.3223,0.5569,0.31295,0.27827,6.0,0.75,2.0,1.0,0.0,1.0
7.0,Jordan & Jeff,TARUS16,5.67,5.66667,677.0,9.0,-2.0,6.5,714.0,9.0,-2.0,6.0,6.0,-0.316,-0.05,1.0,0.1667,1.0,0.1667,2.28522,1.75,0.0,0.0,1.0,0.1667,1.0,0.1667,0.0,0.0,0.0,0.0,0.0,7.0,1.0,8.0,7.0,175.0,2.0,3.0,,,,22.0,31.0,,,,2.5,1.0,,26.5,9.0,,Co-Ed,Jordan,Jeff,,,,0.35,0.34788,699.0,9.0,-2.0,0.29365,728.0,8.0,-1.0,-0.3042,-0.1808,0.35162,0.4504,2.0,0.3333,4.0,1.0,0.0,1.0
8.0,Joe & Heidi,TARUS16,4.4,4.4,475.0,7.0,1.0,4.0,341.0,3.0,5.0,5.0,5.0,-0.0212,0.1852,0.0,0.0,2.0,0.4,2.05913,2.0,1.0,0.2,0.0,0.0,0.0,0.0,0.0,1.0,0.0,0.0,0.0,,2.0,8.0,6.0,176.0,2.0,2.0,,,,42.0,37.0,,,,2.0,0.0,,39.5,5.0,,Co-Ed,Joe,Heidi,,,,0.57,0.56563,306.0,3.0,5.0,0.625,283.0,3.0,5.0,0.1313,0.3319,0.30041,0.11429,4.0,0.8,1.0,0.88889,0.0,0.88889
9.0,Monique & Shawne,TARUS16,5.33,5.33333,635.0,8.0,1.0,5.0,504.0,7.0,2.0,3.0,3.0,-0.237,0.013,0.0,0.0,1.0,0.3333,2.86744,3.5,1.0,0.3333,0.0,0.0,0.0,0.0,0.0,0.0,0.0,0.0,0.0,,2.0,9.0,7.0,177.0,1.0,2.0,,,,39.0,39.0,,,,1.5,1.0,,39.0,0.0,,Female,Monique,Shawne,,,,0.49,0.48519,455.0,5.0,4.0,0.55556,370.0,4.0,5.0,-0.0296,0.1425,0.37078,0.45,2.0,0.6667,1.0,0.9,0.0,0.9
10.0,Jody & Shannon,TARUS16,10.0,10.0,1002.0,10.0,0.0,10.0,954.0,10.0,0.0,2.0,2.0,-1.3209,-0.8519,0.0,0.0,0.0,0.0,0.0,0.0,0.0,0.0,1.0,0.5,0.0,0.0,0.0,0.0,0.0,0.0,0.0,10.0,10.0,10.0,0.0,178.0,1.0,1.0,,,,71.0,22.0,,,,1.0,0.0,,46.5,49.0,,Female,Jody,Shannon,,,,0.05,0.05,1011.0,10.0,0.0,0.05,1005.0,10.0,0.0,-0.9,-0.8823,0.05,0.05,0.0,0.0,2.0,0.1,0.0,0.1
11.0,Dana & Adrian,TARUS16,11.0,11.0,1043.0,11.0,0.0,11.0,997.0,11.0,0.0,1.0,1.0,-1.553,-1.037,0.0,0.0,0.0,0.0,0.0,0.0,0.0,0.0,0.0,0.0,0.0,0.0,0.0,0.0,0.0,0.0,0.0,,11.0,11.0,0.0,179.0,0.0,1.0,,,,39.0,40.0,,,,0.5,1.0,,39.5,1.0,,Co-Ed,Dana,Adrian,,,,0.0,0.0,1030.0,11.0,0.0,0.0,1022.0,11.0,0.0,-1.0,-1.0,0.0,0.0,0.0,0.0,1.0,0.0,0.0,0.0
1.0,Nat & Kat,TARUS17,3.08,3.08333,175.0,2.0,-1.0,2.5,128.0,1.0,0.0,12.0,12.0,0.2996,0.4369,5.0,0.4167,8.0,0.6667,2.36144,3.25,1.0,0.0833,3.0,0.25,0.0,0.0,1.0,0.0,1.0,0.0,0.0,1.0,1.0,8.0,7.0,180.0,6.0,5.0,,,,31.0,35.0,,,,5.5,1.0,,33.0,4.0,,Female,Nat,Kat,,,,0.66,0.65764,157.0,1.0,0.0,0.7,189.0,1.0,0.0,0.3153,0.5568,0.34132,0.66667,8.0,0.6667,4.0,1.0,0.125,0.875
2.0,Brook & Claire,TARUS17,3.17,3.16667,198.0,3.0,-1.0,3.0,166.0,3.0,-1.0,12.0,12.0,0.2792,0.4205,1.0,0.0833,7.0,0.5833,1.40436,2.0,4.0,0.3333,2.0,0.1667,0.0,0.0,0.0,1.0,0.0,0.0,0.0,2.0,1.0,6.0,5.0,181.0,7.0,5.0,,,,27.0,30.0,,,,6.0,2.0,,28.5,3.0,,Female,Brook,Claire,,,,0.59,0.58919,274.0,3.0,-1.0,0.58333,342.0,5.0,-3.0,0.1784,0.3948,0.22877,0.37708,7.0,0.5833,5.0,1.0,0.25,0.75
3.0,Jill & Thomas,TARUS17,3.0,3.0,155.0,1.0,2.0,2.5,128.0,1.0,2.0,12.0,12.0,0.3178,0.4516,4.0,0.3333,8.0,0.6667,1.95789,4.0,2.0,0.1667,0.0,0.0,0.0,0.0,0.0,0.0,1.0,0.0,0.0,1.0,1.0,7.0,6.0,182.0,5.0,7.0,,,,27.0,30.0,,,,6.0,2.0,,28.5,3.0,,Co-Ed,Jill,Thomas,,,,0.65,0.65165,170.0,2.0,1.0,0.69048,198.0,2.0,1.0,0.3033,0.5427,0.3203,0.54167,9.0,0.75,3.0,1.0,0.0,1.0
4.0,Nick & Vicki,TARUS17,5.27,5.27273,626.0,7.0,-3.0,5.0,504.0,6.0,-2.0,11.0,11.0,-0.1984,0.0366,0.0,0.0,3.0,0.2727,2.29984,3.0,1.0,0.0909,1.0,0.0909,2.0,0.1818,0.0,0.0,0.0,0.0,0.0,6.0,2.0,10.0,8.0,183.0,6.0,5.0,,,,26.0,26.0,,,,5.5,1.0,,26.0,0.0,,Co-Ed,Nick,Vicki,,,,0.32,0.31815,754.0,9.0,-5.0,0.28571,742.0,9.0,-5.0,-0.3637,-0.2468,0.26717,0.5,4.0,0.3636,7.0,0.75,0.0,0.75
5.0,Chad & Stephanie,TARUS17,5.11,5.11111,593.0,6.0,-1.0,5.0,504.0,6.0,-1.0,9.0,9.0,-0.162,0.0658,1.0,0.1111,2.0,0.2222,2.0787,3.0,0.0,0.0,2.0,0.2222,0.0,0.0,0.0,1.0,0.0,0.0,0.0,7.0,1.0,8.0,7.0,184.0,5.0,4.0,,,,26.0,23.0,,,,4.5,1.0,,24.5,3.0,,Co-Ed,Chad,Stephanie,,,,0.4,0.40106,613.0,8.0,-3.0,0.3,708.0,8.0,-3.0,-0.1979,-0.0506,0.31111,0.5,3.0,0.3333,6.0,1.0,0.0,1.0
6.0,Gary & Mallory,TARUS17,4.63,4.625,504.0,4.0,2.0,5.0,504.0,6.0,0.0,8.0,8.0,-0.0528,0.1536,0.0,0.0,3.0,0.375,2.39466,4.0,3.0,0.375,2.0,0.25,0.0,0.0,0.0,0.0,0.0,0.0,0.0,6.0,2.0,9.0,7.0,185.0,4.0,4.0,,,,53.0,24.0,,,,4.0,0.0,,38.5,29.0,,Co-Ed,Gary,Mallory,,,,0.49,0.48562,452.0,5.0,1.0,0.5,408.0,7.0,-1.0,-0.0288,0.1496,0.33902,0.70883,5.0,0.625,3.0,0.875,0.0,0.875
7.0,Michael & Kevin,TARUS17,5.29,5.28571,630.0,8.0,-1.0,4.0,341.0,4.0,3.0,7.0,7.0,-0.2029,0.0329,0.0,0.0,2.0,0.2857,2.18529,3.5,0.0,0.0,0.0,0.0,1.0,0.1429,0.0,0.0,0.0,0.0,0.0,7.0,3.0,9.0,6.0,186.0,3.0,4.0,,,,58.0,20.0,,,,3.5,1.0,,39.0,38.0,,Male,Michael,Kevin,,,,0.43,0.43441,558.0,7.0,0.0,0.57143,352.0,6.0,1.0,-0.1312,0.0284,0.29412,0.44583,4.0,0.5714,3.0,0.77778,0.0,0.77778
8.0,Katie & Rachel,TARUS17,5.4,5.4,646.0,9.0,-1.0,5.0,504.0,6.0,2.0,5.0,5.0,-0.2279,0.0128,0.0,0.0,1.0,0.2,2.33238,4.0,1.0,0.2,1.0,0.2,0.0,0.0,0.0,0.0,0.0,0.0,0.0,8.0,2.0,8.0,6.0,187.0,3.0,2.0,,,,23.0,24.0,,,,2.5,1.0,,23.5,1.0,,Female,Katie,Rachel,,,,0.45,0.44778,524.0,6.0,2.0,0.6,309.0,4.0,4.0,-0.1044,0.06,0.33282,0.5,3.0,0.6,2.0,0.88889,0.0,0.88889
9.0,Connor & Jonathan,TARUS17,4.75,4.75,532.0,5.0,4.0,4.5,470.0,5.0,4.0,4.0,4.0,-0.0801,0.1316,1.0,0.25,2.0,0.5,3.03109,4.25,0.0,0.0,0.0,0.0,0.0,0.0,0.0,0.0,0.0,0.0,0.0,,1.0,9.0,8.0,188.0,4.0,0.0,,,,22.0,22.0,,,,2.0,4.0,,22.0,0.0,,Male,Connor,Jonathan,,,,0.56,0.56111,316.0,4.0,5.0,0.62222,295.0,3.0,6.0,0.1222,0.3283,0.38018,0.51667,2.0,0.5,2.0,1.0,0.0,1.0
10.0,Andie & Jenna,TARUS17,9.5,9.5,990.0,10.0,0.0,9.5,943.0,10.0,0.0,2.0,2.0,-1.1603,-0.7367,0.0,0.0,0.0,0.0,0.5,0.5,0.0,0.0,0.0,0.0,0.0,0.0,0.0,0.0,0.0,0.0,0.0,,9.0,10.0,1.0,189.0,0.0,2.0,,,,43.0,21.0,,,,1.0,2.0,,32.0,22.0,,Female,Andie,Jenna,,,,0.1,0.1,984.0,10.0,0.0,0.1,968.0,10.0,0.0,-0.8,-0.7633,0.1,0.1,0.0,0.0,2.0,0.2,0.0,0.2
11.0,Ron & Tony,TARUS17,11.0,11.0,1043.0,11.0,0.0,11.0,997.0,11.0,0.0,1.0,1.0,-1.5014,-1.011,0.0,0.0,0.0,0.0,0.0,0.0,0.0,0.0,0.0,0.0,0.0,0.0,0.0,0.0,0.0,0.0,0.0,,11.0,11.0,0.0,190.0,1.0,0.0,,,,45.0,42.0,,,,0.5,1.0,,43.5,3.0,,Male,Ron,Tony,,,,0.0,0.0,1030.0,11.0,0.0,0.0,1022.0,11.0,0.0,-1.0,-1.0,0.0,0.0,0.0,0.0,1.0,0.0,0.0,0.0
1.0,Kisha & Jen,TARUS18,3.33,3.33333,246.0,2.0,-1.0,3.5,315.0,2.0,-1.0,12.0,12.0,0.2841,0.3717,1.0,0.0833,6.0,0.5,1.37437,2.0,3.0,0.25,0.0,0.0,0.0,0.0,0.0,0.0,0.0,0.0,0.0,4.0,1.0,6.0,5.0,191.0,6.0,6.0,,,,30.0,26.0,,,,6.0,0.0,,28.0,4.0,,Female,Kisha,Jen,,,,0.66,0.65506,161.0,1.0,0.0,0.66667,216.0,2.0,-1.0,0.3101,0.4315,0.18231,0.16875,10.0,0.8333,2.0,1.0,0.28571,0.71429
2.0,Flight Time & Big Easy,TARUS18,3.75,3.75,328.0,4.0,-2.0,4.0,341.0,3.0,-1.0,12.0,12.0,0.1938,0.2925,2.0,0.1667,6.0,0.5,2.04634,3.25,3.0,0.25,3.0,0.25,0.0,0.0,0.0,1.0,1.0,0.0,0.0,5.0,1.0,7.0,6.0,192.0,6.0,6.0,,,,34.0,29.0,,,,6.0,0.0,,31.5,5.0,,Male,Flight Time,Big Easy,,,,0.57,0.56515,307.0,4.0,-2.0,0.52778,400.0,4.0,-2.0,0.1303,0.235,0.28704,0.46042,7.0,0.5833,5.0,1.0,0.14286,0.85714
3.0,Gary & Mallory,TARUS18,3.25,3.25,224.0,1.0,2.0,3.0,166.0,1.0,2.0,12.0,12.0,0.3013,0.3868,3.0,0.25,8.0,0.6667,2.24072,2.25,2.0,0.1667,0.0,0.0,1.0,0.0833,0.0,0.0,0.0,0.0,0.0,1.0,1.0,9.0,8.0,193.0,6.0,6.0,,,,53.0,25.0,,,,6.0,0.0,,39.0,28.0,,Co-Ed,Gary,Mallory,,,,0.59,0.59282,265.0,3.0,0.0,0.625,283.0,3.0,0.0,0.1856,0.2955,0.36526,0.56667,8.0,0.6667,4.0,1.0,0.0,1.0
4.0,Zev & Justin,TARUS18,3.45,3.45455,268.0,3.0,1.0,4.0,341.0,3.0,1.0,11.0,11.0,0.2583,0.3491,4.0,0.3636,5.0,0.4545,2.49959,3.0,1.0,0.0909,3.0,0.2727,0.0,0.0,0.0,0.0,0.0,0.0,0.0,4.0,1.0,8.0,7.0,194.0,5.0,5.0,,,,28.0,31.0,,,,5.0,0.0,,29.5,3.0,,Male,Zev,Justin,,,,0.6,0.60043,253.0,2.0,2.0,0.7,189.0,1.0,3.0,0.2009,0.3121,0.38601,0.8125,7.0,0.6364,4.0,1.0,0.0,1.0
5.0,Kent & Vyxsin,TARUS18,6.0,6.0,715.0,7.0,-2.0,5.5,613.0,6.0,-1.0,10.0,10.0,-0.2899,-0.1321,0.0,0.0,2.0,0.2,2.19089,2.0,0.0,0.0,2.0,0.2,1.0,0.1,0.0,0.0,1.0,0.0,0.0,5.0,3.0,10.0,7.0,195.0,4.0,5.0,,,,35.0,32.0,,,,4.5,1.0,,33.5,3.0,,Co-Ed,Kent,Vyxsin,,,,0.31,0.31286,761.0,9.0,-4.0,0.36667,622.0,8.0,-3.0,-0.3743,-0.3163,0.21995,0.36548,3.0,0.3,7.0,0.6,0.0,0.6
6.0,Jet & Cord,TARUS18,4.56,4.55556,493.0,5.0,1.0,5.0,504.0,5.0,1.0,9.0,9.0,0.0197,0.1396,1.0,0.1111,4.0,0.4444,2.87174,4.0,2.0,0.2222,1.0,0.1111,1.0,0.1111,0.0,1.0,0.0,0.0,0.0,6.0,1.0,11.0,10.0,196.0,4.0,4.0,,,,31.0,30.0,,,,4.0,0.0,,30.5,1.0,,Male,Jet,Cord,,,,0.5,0.5011,421.0,5.0,1.0,0.44444,513.0,7.0,-1.0,0.0022,0.0951,0.36954,0.65714,4.0,0.4444,5.0,1.0,0.0,1.0
7.0,Ron & Christina,TARUS18,6.0,6.0,715.0,7.0,0.0,7.0,734.0,9.0,-2.0,7.0,7.0,-0.2899,-0.1321,0.0,0.0,2.0,0.2857,2.50713,4.0,0.0,0.0,1.0,0.1429,0.0,0.0,0.0,0.0,0.0,0.0,0.0,3.0,3.0,10.0,7.0,197.0,3.0,3.0,,,,61.0,29.0,,,,3.0,0.0,,45.0,32.0,,Co-Ed,Ron,Christina,,,,0.4,0.39529,624.0,8.0,-1.0,0.3,708.0,9.0,-2.0,-0.2094,-0.1362,0.28647,0.49464,3.0,0.4286,4.0,0.77778,0.0,0.77778
8.0,Margie & Luke,TARUS18,5.33,5.33333,635.0,6.0,2.0,6.0,634.0,7.0,1.0,6.0,6.0,-0.1458,-0.0057,1.0,0.1667,2.0,0.3333,2.62467,4.25,0.0,0.0,0.0,0.0,0.0,0.0,0.0,0.0,0.0,0.0,0.0,8.0,1.0,8.0,7.0,198.0,2.0,3.0,,,,53.0,25.0,,,,2.5,1.0,,39.0,28.0,,Co-Ed,Margie,Luke,,,,0.5,0.49537,436.0,6.0,2.0,0.5,408.0,5.0,3.0,-0.0093,0.0825,0.33154,0.44583,3.0,0.5,3.0,1.0,0.0,1.0
9.0,Jaime & Cara,TARUS18,7.8,7.8,894.0,10.0,-1.0,8.0,826.0,10.0,-1.0,5.0,5.0,-0.6768,-0.4717,0.0,0.0,0.0,0.0,1.16619,2.0,0.0,0.0,1.0,0.2,0.0,0.0,0.0,1.0,1.0,0.0,0.0,9.0,6.0,9.0,3.0,199.0,2.0,2.0,,,,32.0,28.0,,,,2.0,0.0,,30.0,4.0,,Female,Jaime,Cara,,,,0.23,0.23222,879.0,11.0,-2.0,0.25,777.0,10.0,-1.0,-0.5356,-0.4925,0.17042,0.18889,1.0,0.2,4.0,0.5,0.0,0.5
10.0,Mel & Mike,TARUS18,8.33,8.33333,921.0,11.0,-1.0,9.0,889.0,11.0,-1.0,3.0,3.0,-0.7907,-0.5717,0.0,0.0,0.0,0.0,1.69967,2.0,0.0,0.0,0.0,0.0,0.0,0.0,0.0,0.0,0.0,0.0,0.0,,6.0,10.0,4.0,200.0,1.0,1.0,,,,70.0,40.0,,,,1.0,0.0,,55.0,30.0,,Male,Mel,Mike,,,,0.23,0.23333,877.0,10.0,0.0,0.2,847.0,11.0,-1.0,-0.5333,-0.4901,0.20548,0.25,1.0,0.3333,2.0,0.5,0.0,0.5
11.0,Amanda & Kris,TARUS18,6.5,6.5,775.0,9.0,2.0,6.5,714.0,8.0,3.0,2.0,2.0,-0.3973,-0.2264,0.0,0.0,1.0,0.5,4.5,4.5,1.0,0.5,0.0,0.0,0.0,0.0,0.0,1.0,0.0,0.0,0.0,,2.0,11.0,9.0,201.0,1.0,0.0,,,,25.0,27.0,,,,0.5,1.0,,26.0,2.0,,Co-Ed,Amanda,Kris,,,,0.45,0.45,519.0,7.0,4.0,0.45,503.0,6.0,5.0,-0.1,-0.0166,0.45,0.45,1.0,0.5,1.0,0.9,0.0,0.9
1.0,Ernie & Cindy,TARUS19,2.83,2.83333,126.0,2.0,-1.0,2.5,128.0,2.0,-1.0,12.0,12.0,0.361,0.472,3.0,0.25,8.0,0.6667,1.51841,2.5,3.0,0.25,0.0,0.0,0.0,0.0,0.0,0.0,1.0,0.0,0.0,1.0,1.0,5.0,4.0,202.0,7.0,6.0,,,,29.0,30.0,,,,6.5,1.0,,29.5,1.0,,Co-Ed,Ernie,Cindy,,,,0.7,0.70218,102.0,1.0,0.0,0.70714,187.0,2.0,-1.0,0.4044,0.6025,0.21978,0.375,10.0,0.8333,2.0,1.0,0.33333,0.66667
2.0,Jeremy & Sandy,TARUS19,3.58,3.58333,297.0,3.0,-1.0,3.0,166.0,3.0,-1.0,12.0,12.0,0.1916,0.3321,1.0,0.0833,8.0,0.6667,1.84654,3.25,3.0,0.25,3.0,0.25,0.0,0.0,0.0,0.0,0.0,0.0,0.0,3.0,1.0,7.0,6.0,203.0,6.0,7.0,,,,35.0,33.0,,,,6.5,1.0,,34.0,2.0,,Co-Ed,Jeremy,Sandy,,,,0.57,0.56587,305.0,4.0,-2.0,0.58333,342.0,4.0,-2.0,0.1317,0.2914,0.27161,0.325,9.0,0.75,3.0,1.0,0.14286,0.85714
3.0,Amani & Marcus,TARUS19,4.42,4.41667,479.0,6.0,-3.0,4.0,341.0,4.0,-1.0,12.0,12.0,0.0019,0.1754,2.0,0.1667,4.0,0.3333,2.25308,3.0,0.0,0.0,3.0,0.25,1.0,0.0833,0.0,0.0,0.0,0.0,0.0,4.0,1.0,9.0,8.0,204.0,6.0,7.0,,,,36.0,39.0,,,,6.5,1.0,,37.5,3.0,,Co-Ed,Amani,Marcus,,,,0.41,0.412,597.0,6.0,-3.0,0.35417,631.0,7.0,-4.0,-0.176,-0.0597,0.3121,0.2875,4.0,0.3333,8.0,1.0,0.0,1.0
4.0,Andy & Tommy,TARUS19,2.64,2.63636,97.0,1.0,3.0,1.0,1.0,1.0,3.0,11.0,11.0,0.4039,0.5075,6.0,0.5455,7.0,0.6364,2.01236,3.0,0.0,0.0,1.0,0.0909,0.0,0.0,0.0,0.0,0.0,0.0,0.0,1.0,1.0,7.0,6.0,205.0,6.0,6.0,,,,30.0,32.0,,,,6.0,0.0,,31.0,2.0,,Male,Andy,Tommy,,,,0.7,0.69805,108.0,2.0,2.0,1.0,1.0,1.0,3.0,0.3961,0.5931,0.35753,0.58571,7.0,0.6364,4.0,1.0,0.0,1.0
5.0,Bill & Cathi,TARUS19,5.5,5.5,657.0,7.0,-2.0,5.5,613.0,7.0,-2.0,10.0,10.0,-0.2419,-0.0261,0.0,0.0,3.0,0.3,2.61725,3.5,2.0,0.2,2.0,0.2,2.0,0.2,0.0,1.0,1.0,0.0,0.0,7.0,2.0,11.0,9.0,206.0,6.0,5.0,,,,63.0,62.0,,,,5.5,1.0,,62.5,1.0,,Co-Ed,Bill,Cathi,,,,0.33,0.32833,738.0,9.0,-4.0,0.20833,845.0,8.0,-3.0,-0.3433,-0.2507,0.31809,0.56429,3.0,0.3,7.0,0.85714,0.0,0.85714
6.0,Laurence & Zac,TARUS19,4.38,4.375,470.0,5.0,1.0,4.5,470.0,6.0,0.0,8.0,8.0,0.011,0.1828,0.0,0.0,2.0,0.25,1.57619,2.5,2.0,0.25,0.0,0.0,0.0,0.0,0.0,1.0,0.0,0.0,0.0,6.0,2.0,6.0,4.0,207.0,4.0,5.0,,,,48.0,19.0,,,,4.5,1.0,,33.5,29.0,,Male,Laurence,Zac,,,,0.5,0.49568,435.0,5.0,1.0,0.5,408.0,5.0,1.0,-0.0086,0.1312,0.28046,0.32589,5.0,0.625,3.0,0.9,0.0,0.9
7.0,Justin & Jennifer,TARUS19,4.29,4.28571,443.0,4.0,3.0,4.0,341.0,4.0,3.0,7.0,7.0,0.0313,0.1996,0.0,0.0,3.0,0.4286,2.18529,3.0,2.0,0.2857,0.0,0.0,0.0,0.0,0.0,0.0,0.0,0.0,0.0,4.0,2.0,8.0,6.0,208.0,4.0,4.0,,,,31.0,26.0,,,,4.0,0.0,,28.5,5.0,,Co-Ed,Justin,Jennifer,,,,0.57,0.56956,298.0,3.0,4.0,0.625,283.0,3.0,4.0,0.1391,0.2998,0.29411,0.38095,5.0,0.7143,2.0,0.85714,0.0,0.85714
8.0,Liz & Marie,TARUS19,7.8,7.8,894.0,10.0,-2.0,8.0,826.0,9.0,-1.0,5.0,5.0,-0.7613,-0.4552,0.0,0.0,0.0,0.0,1.6,0.0,0.0,0.0,2.0,0.4,1.0,0.2,0.0,0.0,0.0,0.0,0.0,8.0,5.0,10.0,5.0,209.0,2.0,4.0,,,,24.0,24.0,,,,3.0,2.0,,24.0,0.0,,Female,Liz,Marie,,,,0.17,0.165,938.0,10.0,-2.0,0.1,968.0,11.0,-3.0,-0.67,-0.6234,0.22338,0.125,1.0,0.2,4.0,0.6,0.0,0.6
9.0,Kaylani & Lisa,TARUS19,7.0,7.0,819.0,8.0,1.0,9.0,889.0,10.0,-1.0,3.0,3.0,-0.5806,-0.306,0.0,0.0,1.0,0.3333,2.82843,3.0,0.0,0.0,0.0,0.0,0.0,0.0,0.0,0.0,0.0,0.0,0.0,9.0,3.0,9.0,6.0,210.0,1.0,2.0,,,,33.0,32.0,,,,1.5,1.0,,32.5,1.0,,Female,Kaylani,Lisa,,,,0.33,0.33333,726.0,8.0,1.0,0.2,847.0,9.0,0.0,-0.3333,-0.2393,0.33993,0.4,1.0,0.3333,2.0,0.8,0.0,0.8
10.0,Ethan & Jenna,TARUS19,7.0,7.0,819.0,8.0,2.0,7.0,734.0,8.0,2.0,2.0,2.0,-0.5806,-0.306,0.0,0.0,0.0,0.0,3.0,3.0,0.0,0.0,0.0,0.0,0.0,0.0,0.0,0.0,0.0,0.0,0.0,,4.0,10.0,6.0,211.0,2.0,0.0,,,,37.0,30.0,,,,1.0,2.0,,33.5,7.0,,Co-Ed,Ethan,Jenna,,,,0.4,0.4,616.0,7.0,3.0,0.4,563.0,6.0,4.0,-0.2,-0.0871,0.3,0.3,1.0,0.5,1.0,0.7,0.1,0.6
11.0,Ron & Bill,TARUS19,9.5,9.5,990.0,11.0,0.0,9.5,943.0,11.0,0.0,2.0,2.0,-1.1452,-0.7724,0.0,0.0,0.0,0.0,1.5,1.5,0.0,0.0,0.0,0.0,0.0,0.0,0.0,0.0,0.0,0.0,0.0,,8.0,11.0,3.0,212.0,1.0,1.0,,,,44.0,49.0,,,,1.0,0.0,,46.5,5.0,,Male,Ron,Bill,,,,0.15,0.15,945.0,11.0,0.0,0.15,904.0,10.0,1.0,-0.7,-0.6577,0.15,0.15,0.0,0.0,2.0,0.3,0.0,0.3
1.0,Rachel & Dave,TARUS20,1.83,1.83333,10.0,1.0,0.0,1.0,1.0,1.0,0.0,12.0,12.0,0.5761,0.6795,8.0,0.6667,10.0,0.8333,1.51841,1.0,2.0,0.1667,0.0,0.0,0.0,0.0,1.0,0.0,0.0,0.0,0.0,1.0,1.0,6.0,5.0,213.0,6.0,5.0,,,,30.0,33.0,,,,5.5,1.0,,31.5,3.0,,Co-Ed,Rachel,Dave,,,,0.88,0.88363,3.0,1.0,0.0,1.0,1.0,1.0,0.0,0.7673,1.2718,0.19837,0.15714,11.0,0.9167,1.0,1.0,0.375,0.625
2.0,Art & JJ,TARUS20,2.25,2.25,44.0,2.0,0.0,2.0,26.0,2.0,0.0,12.0,12.0,0.4788,0.606,3.0,0.25,11.0,0.9167,0.92421,1.25,4.0,0.3333,1.0,0.0833,0.0,0.0,1.0,0.0,1.0,0.0,0.0,3.0,1.0,4.0,3.0,214.0,6.0,5.0,,,,43.0,42.0,,,,5.5,1.0,,42.5,1.0,,Male,Art,JJ,,,,0.72,0.71991,84.0,2.0,0.0,0.73333,159.0,2.0,0.0,0.4398,0.8509,0.22955,0.34167,11.0,0.9167,1.0,1.0,0.25,0.75
3.0,Brendon & Rachel,TARUS20,3.42,3.41667,265.0,3.0,0.0,3.5,315.0,3.0,0.0,12.0,12.0,0.2078,0.4011,0.0,0.0,6.0,0.5,1.25554,2.0,4.0,0.3333,1.0,0.0833,0.0,0.0,0.0,1.0,1.0,0.0,0.0,2.0,2.0,6.0,4.0,215.0,6.0,6.0,,,,31.0,27.0,,,,6.0,0.0,,29.0,4.0,,Co-Ed,Brendon,Rachel,,,,0.52,0.52411,381.0,3.0,0.0,0.46429,489.0,4.0,0.0,0.0482,0.3475,0.25743,0.36667,6.0,0.5,6.0,0.9,0.0,0.9
4.0,Vanessa & Ralph,TARUS20,4.91,4.90909,562.0,5.0,-1.0,5.0,504.0,5.0,-1.0,11.0,11.0,-0.1373,0.1401,0.0,0.0,2.0,0.1818,1.50481,1.5,0.0,0.0,5.0,0.4545,0.0,0.0,0.0,1.0,0.0,0.0,0.0,5.0,3.0,8.0,5.0,216.0,5.0,5.0,,,,31.0,36.0,,,,5.0,0.0,,33.5,5.0,,Co-Ed,Vanessa,Ralph,,,,0.33,0.33279,730.0,6.0,-2.0,0.25,777.0,7.0,-3.0,-0.3344,-0.1444,0.21857,0.35238,4.0,0.3636,7.0,0.71429,0.0,0.71429
5.0,Bopper & Mark,TARUS20,4.6,4.6,498.0,4.0,1.0,4.5,470.0,4.0,1.0,10.0,10.0,-0.0655,0.1944,1.0,0.1,4.0,0.4,2.41661,2.75,1.0,0.1,0.0,0.0,2.0,0.2,1.0,0.0,0.0,0.0,0.0,3.0,1.0,9.0,8.0,217.0,3.0,5.0,,,,41.0,45.0,,,,4.0,2.0,,43.0,4.0,,Male,Bopper,Mark,,,,0.44,0.43552,556.0,5.0,0.0,0.45536,500.0,5.0,0.0,-0.129,0.1197,0.36123,0.7,5.0,0.5,5.0,1.0,0.0,1.0
6.0,Nary & Jamie,TARUS20,5.5,5.5,657.0,6.0,0.0,5.5,613.0,7.0,-1.0,8.0,8.0,-0.274,0.0368,0.0,0.0,0.0,0.0,0.86603,1.0,0.0,0.0,1.0,0.125,1.0,0.125,0.0,0.0,0.0,0.0,0.0,6.0,4.0,7.0,3.0,218.0,4.0,3.0,,,,32.0,33.0,,,,3.5,1.0,,32.5,1.0,,Female,Nary,Jamie,,,,0.32,0.31865,751.0,7.0,-1.0,0.38095,603.0,6.0,0.0,-0.3627,-0.1808,0.23463,0.35119,2.0,0.25,6.0,0.7,0.0,0.7
7.0,Joey & Danny,TARUS20,5.5,5.5,657.0,6.0,1.0,5.0,504.0,5.0,2.0,6.0,6.0,-0.274,0.0368,0.0,0.0,3.0,0.5,2.98608,4.75,1.0,0.1667,1.0,0.1667,0.0,0.0,0.0,0.0,0.0,0.0,0.0,3.0,2.0,10.0,8.0,219.0,3.0,3.0,,,,29.0,27.0,,,,3.0,0.0,,28.0,2.0,,Male,Joey,Danny,,,,0.44,0.44061,543.0,4.0,3.0,0.46825,486.0,3.0,4.0,-0.1188,0.1328,0.34204,0.61052,3.0,0.5,3.0,0.85714,0.0,0.85714
8.0,Kerri & Stacy,TARUS20,6.8,6.8,811.0,8.0,0.0,7.0,734.0,8.0,0.0,5.0,5.0,-0.5751,-0.1909,0.0,0.0,0.0,0.0,0.9798,0.0,0.0,0.0,1.0,0.2,0.0,0.0,0.0,0.0,0.0,0.0,0.0,7.0,5.0,8.0,3.0,220.0,3.0,2.0,,,,30.0,30.0,,,,2.5,1.0,,30.0,0.0,,Female,Kerri,Stacy,,,,0.27,0.26968,836.0,8.0,0.0,0.25,777.0,7.0,1.0,-0.4606,-0.3067,0.19386,0.25714,1.0,0.2,4.0,0.55556,0.0,0.55556
9.0,Elliot & Andrew,TARUS20,8.0,8.0,899.0,9.0,0.0,9.0,889.0,9.0,0.0,3.0,3.0,-0.8531,-0.4011,0.0,0.0,0.0,0.0,1.41421,1.5,0.0,0.0,1.0,0.3333,0.0,0.0,0.0,0.0,0.0,0.0,0.0,9.0,6.0,9.0,3.0,221.0,1.0,2.0,,,,28.0,28.0,,,,1.5,1.0,,28.0,0.0,,Male,Elliot,Andrew,,,,0.2,0.2037,908.0,9.0,0.0,0.11111,945.0,10.0,-1.0,-0.5926,-0.4763,0.21437,0.25,1.0,0.3333,2.0,0.5,0.0,0.5
10.0,Dave & Cherie,TARUS20,9.0,9.0,952.0,10.0,0.0,9.0,889.0,9.0,1.0,2.0,2.0,-1.0847,-0.5762,0.0,0.0,0.0,0.0,1.0,1.0,0.0,0.0,0.0,0.0,0.0,0.0,0.0,0.0,0.0,0.0,0.0,,8.0,10.0,2.0,222.0,1.0,1.0,,,,44.0,44.0,,,,1.0,0.0,,44.0,0.0,,Co-Ed,Dave,Cherie,,,,0.15,0.15,945.0,10.0,0.0,0.15,904.0,9.0,1.0,-0.7,-0.6144,0.15,0.15,0.0,0.0,2.0,0.3,0.0,0.3
11.0,Misa & Maiya,TARUS20,11.0,11.0,1043.0,11.0,0.0,11.0,997.0,11.0,0.0,1.0,1.0,-1.548,-0.9264,0.0,0.0,0.0,0.0,0.0,0.0,0.0,0.0,0.0,0.0,0.0,0.0,0.0,0.0,0.0,0.0,0.0,,11.0,11.0,0.0,223.0,0.0,1.0,,,,27.0,25.0,,,,0.5,1.0,,26.0,2.0,,Female,Misa,Maiya,,,,0.0,0.0,1030.0,11.0,0.0,0.0,1022.0,11.0,0.0,-1.0,-1.0,0.0,0.0,0.0,0.0,1.0,0.0,0.0,0.0
1.0,Josh & Brent,TARUS21,4.58,4.58333,496.0,6.0,-5.0,5.0,504.0,5.0,-4.0,12.0,12.0,-0.0745,0.1471,1.0,0.0833,3.0,0.25,1.65622,1.5,0.0,0.0,6.0,0.5,1.0,0.0833,0.0,0.0,0.0,0.0,0.0,5.0,1.0,7.0,6.0,224.0,7.0,7.0,,,,43.0,38.0,,,,7.0,0.0,,40.5,5.0,,Male,Josh,Brent,,,,0.38,0.37586,656.0,8.0,-7.0,0.33333,656.0,8.0,-7.0,-0.2483,-0.1084,0.24873,0.31389,4.0,0.3333,8.0,1.0,0.0,1.0
2.0,Jaymes & James,TARUS21,3.58,3.58333,297.0,4.0,-2.0,2.5,128.0,3.0,-1.0,12.0,12.0,0.1601,0.3333,2.0,0.1667,8.0,0.6667,2.56445,3.25,4.0,0.3333,2.0,0.1667,0.0,0.0,0.0,0.0,1.0,0.0,0.0,2.0,1.0,10.0,9.0,225.0,7.0,7.0,,,,30.0,27.0,,,,7.0,0.0,,28.5,3.0,,Male,Jaymes,James,,,,0.59,0.59418,264.0,3.0,-1.0,0.70833,182.0,3.0,-1.0,0.1884,0.4094,0.29697,0.4619,8.0,0.6667,4.0,1.0,0.1,0.9
3.0,Trey & Lexi,TARUS21,3.17,3.16667,198.0,2.0,1.0,2.0,26.0,1.0,2.0,12.0,12.0,0.2563,0.4097,3.0,0.25,9.0,0.75,2.44381,1.75,4.0,0.3333,1.0,0.0833,0.0,0.0,0.0,0.0,0.0,0.0,0.0,2.0,1.0,9.0,8.0,226.0,7.0,7.0,,,,23.0,22.0,,,,7.0,0.0,,22.5,1.0,,Co-Ed,Trey,Lexi,,,,0.62,0.61723,219.0,2.0,1.0,0.73333,159.0,2.0,1.0,0.2345,0.4641,0.35238,0.61667,8.0,0.6667,4.0,1.0,0.0,1.0
4.0,Natalie & Nadiya,TARUS21,3.27,3.27273,229.0,3.0,1.0,3.0,166.0,4.0,0.0,11.0,11.0,0.2328,0.3911,2.0,0.1818,6.0,0.5455,1.35451,1.0,0.0,0.0,0.0,0.0,1.0,0.0909,1.0,0.0,0.0,0.0,0.0,4.0,1.0,6.0,5.0,227.0,6.0,5.0,,,,26.0,26.0,,,,5.5,1.0,,26.0,0.0,,Female,Natalie,Nadiya,,,,0.56,0.55963,319.0,4.0,0.0,0.6,309.0,4.0,0.0,0.1193,0.3275,0.31769,0.26964,8.0,0.7273,3.0,1.0,0.0,1.0
5.0,Abbie & Ryan,TARUS21,2.78,2.77778,123.0,1.0,4.0,2.0,26.0,1.0,4.0,9.0,9.0,0.3478,0.4823,2.0,0.2222,5.0,0.5556,1.39665,2.0,3.0,0.3333,0.0,0.0,0.0,0.0,0.0,1.0,0.0,0.0,0.0,4.0,1.0,5.0,4.0,228.0,4.0,6.0,,,,31.0,35.0,,,,5.0,2.0,,33.0,4.0,,Co-Ed,Abbie,Ryan,,,,0.67,0.66561,148.0,1.0,4.0,0.83333,69.0,1.0,4.0,0.3312,0.5789,0.31635,0.45714,6.0,0.6667,3.0,1.0,0.0,1.0
6.0,James & Abba,TARUS21,4.13,4.125,407.0,5.0,1.0,5.0,504.0,5.0,1.0,8.0,8.0,0.0311,0.2309,2.0,0.25,3.0,0.375,2.08791,3.5,0.0,0.0,0.0,0.0,1.0,0.125,1.0,0.0,0.0,0.0,0.0,6.0,1.0,6.0,5.0,229.0,3.0,5.0,,,,53.0,45.0,,,,4.0,2.0,,49.0,8.0,,Male,James,Abba,,,,0.53,0.52951,368.0,5.0,1.0,0.5625,367.0,5.0,1.0,0.059,0.256,0.36047,0.41667,5.0,0.625,3.0,1.0,0.0,1.0
7.0,Rob & Kelley,TARUS21,6.0,6.0,715.0,7.0,0.0,6.0,634.0,7.0,0.0,6.0,6.0,-0.4076,-0.1173,0.0,0.0,0.0,0.0,1.41421,2.0,0.0,0.0,0.0,0.0,0.0,0.0,0.0,0.0,1.0,0.0,0.0,5.0,4.0,8.0,4.0,230.0,4.0,3.0,,,,46.0,50.0,,,,3.5,1.0,,48.0,4.0,,Co-Ed,Rob,Kelley,,,,0.33,0.33347,725.0,9.0,-2.0,0.33929,653.0,7.0,0.0,-0.3331,-0.209,0.19932,0.25298,2.0,0.3333,4.0,0.6,0.0,0.6
8.0,Gary & Will,TARUS21,8.25,8.25,918.0,10.0,-2.0,8.0,826.0,10.0,-2.0,4.0,4.0,-0.9355,-0.5363,0.0,0.0,0.0,0.0,0.43301,0.25,0.0,0.0,2.0,0.5,0.0,0.0,0.0,1.0,0.0,0.0,0.0,8.0,8.0,9.0,1.0,231.0,3.0,2.0,,,,52.0,53.0,,,,2.5,1.0,,52.5,1.0,,Male,Gary,Will,,,,0.13,0.13403,962.0,10.0,-2.0,0.11806,943.0,10.0,-2.0,-0.7319,-0.6821,0.10737,0.08542,0.0,0.0,4.0,0.3,0.0,0.3
9.0,Caitlin & Brittany,TARUS21,6.33,6.33333,758.0,9.0,0.0,7.0,734.0,9.0,0.0,3.0,3.0,-0.485,-0.1788,0.0,0.0,1.0,0.3333,2.49444,3.0,0.0,0.0,0.0,0.0,0.0,0.0,0.0,0.0,0.0,0.0,0.0,,3.0,9.0,6.0,232.0,2.0,2.0,,,,24.0,25.0,,,,2.0,0.0,,24.5,1.0,,Female,Caitlin,Brittany,,,,0.38,0.37778,652.0,7.0,2.0,0.33333,656.0,8.0,1.0,-0.2444,-0.1039,0.32811,0.4,1.0,0.3333,2.0,0.8,0.0,0.8
10.0,Amy & Daniel,TARUS21,6.0,6.0,715.0,7.0,3.0,6.0,634.0,7.0,3.0,2.0,2.0,-0.4076,-0.1173,0.0,0.0,1.0,0.5,4.0,4.0,1.0,0.5,0.0,0.0,0.0,0.0,0.0,0.0,0.0,0.0,0.0,,2.0,10.0,8.0,233.0,2.0,1.0,,,,32.0,36.0,,,,1.5,1.0,,34.0,4.0,,Co-Ed,Amy,Daniel,,,,0.45,0.45,519.0,6.0,4.0,0.45,503.0,6.0,4.0,-0.1,0.0674,0.45,0.45,1.0,0.5,1.0,0.9,0.0,0.9
11.0,Rob & Sheila,TARUS21,11.0,11.0,1043.0,11.0,0.0,11.0,997.0,11.0,0.0,1.0,1.0,-1.5806,-1.0484,0.0,0.0,0.0,0.0,0.0,0.0,0.0,0.0,0.0,0.0,0.0,0.0,0.0,0.0,0.0,0.0,0.0,,11.0,11.0,0.0,234.0,1.0,1.0,,,,52.0,44.0,,,,1.0,0.0,,48.0,8.0,,Co-Ed,Rob,Sheila,,,,0.0,0.0,1030.0,11.0,0.0,0.0,1022.0,11.0,0.0,-1.0,-1.0,0.0,0.0,0.0,0.0,1.0,0.0,0.0,0.0
1.0,Bates & Anthony,TARUS22,2.42,2.41667,66.0,1.0,0.0,2.0,26.0,1.0,0.0,12.0,12.0,0.4506,0.5382,5.0,0.4167,9.0,0.75,1.75396,2.25,3.0,0.25,1.0,0.0833,0.0,0.0,1.0,0.0,1.0,0.0,0.0,1.0,1.0,7.0,6.0,235.0,6.0,6.0,,,,36.0,33.0,,,,6.0,0.0,,34.5,3.0,,Male,Bates,Anthony,,,,0.76,0.76151,47.0,1.0,0.0,0.825,82.0,3.0,-2.0,0.523,0.6934,0.26961,0.35714,10.0,0.8333,2.0,1.0,0.25,0.75
2.0,Max & Katie,TARUS22,4.25,4.25,433.0,5.0,-3.0,3.0,166.0,4.0,-2.0,12.0,12.0,0.0351,0.1889,3.0,0.25,7.0,0.5833,2.9756,5.5,2.0,0.1667,2.0,0.1667,1.0,0.0833,0.0,0.0,1.0,0.0,0.0,1.0,1.0,9.0,8.0,236.0,7.0,6.0,,,,30.0,24.0,,,,6.5,1.0,,27.0,6.0,,Co-Ed,Max,Katie,,,,0.54,0.53509,356.0,5.0,-3.0,0.55,384.0,5.0,-3.0,0.0702,0.1899,0.36562,0.70119,7.0,0.5833,5.0,1.0,0.0,1.0
3.0,Mona & Beth,TARUS22,4.33,4.33333,451.0,6.0,-3.0,4.5,470.0,7.0,-4.0,12.0,12.0,0.017,0.1737,0.0,0.0,5.0,0.4167,1.64992,3.0,2.0,0.1667,3.0,0.25,1.0,0.0833,0.0,1.0,0.0,0.0,0.0,6.0,2.0,7.0,5.0,237.0,6.0,7.0,,,,33.0,36.0,,,,6.5,1.0,,34.5,3.0,,Female,Mona,Beth,,,,0.4,0.39726,623.0,7.0,-4.0,0.35417,631.0,8.0,-5.0,-0.2055,-0.1166,0.27582,0.3994,4.0,0.3333,8.0,0.83333,0.0,0.83333
4.0,Caroline & Jennifer,TARUS22,4.91,4.90909,562.0,8.0,-4.0,4.0,341.0,5.0,-1.0,11.0,11.0,-0.1147,0.063,0.0,0.0,3.0,0.2727,2.02056,2.0,0.0,0.0,1.0,0.0909,0.0,0.0,0.0,0.0,0.0,0.0,0.0,4.0,3.0,10.0,7.0,238.0,6.0,6.0,,,,29.0,30.0,,,,6.0,0.0,,29.5,1.0,,Female,Caroline,Jennifer,,,,0.39,0.38745,637.0,8.0,-4.0,0.4,563.0,7.0,-3.0,-0.2251,-0.1384,0.19077,0.16667,4.0,0.3636,7.0,0.66667,0.0,0.66667
5.0,Joey & Meghan,TARUS22,4.7,4.7,521.0,7.0,-2.0,5.0,504.0,8.0,-3.0,10.0,10.0,-0.067,0.1031,0.0,0.0,1.0,0.1,1.1,0.75,1.0,0.1,1.0,0.1,0.0,0.0,0.0,2.0,1.0,0.0,0.0,5.0,2.0,6.0,4.0,239.0,6.0,5.0,,,,21.0,25.0,,,,5.5,1.0,,23.0,4.0,,Co-Ed,Joey,Meghan,,,,0.42,0.42357,580.0,6.0,-1.0,0.5,408.0,6.0,-1.0,-0.1529,-0.0581,0.21108,0.20238,6.0,0.6,4.0,0.75,0.0,0.75
6.0,Chuck & Wynona,TARUS22,6.13,6.125,737.0,9.0,-3.0,6.5,714.0,9.0,-3.0,8.0,8.0,-0.3917,-0.1698,0.0,0.0,1.0,0.125,1.89984,2.5,0.0,0.0,2.0,0.25,1.0,0.125,0.0,1.0,0.0,0.0,0.0,7.0,3.0,9.0,6.0,240.0,5.0,4.0,,,,46.0,49.0,,,,4.5,1.0,,47.5,3.0,,Co-Ed,Chuck,Wynona,,,,0.3,0.29876,790.0,9.0,-3.0,0.27143,770.0,9.0,-3.0,-0.4025,-0.3356,0.24624,0.42014,3.0,0.375,5.0,0.66667,0.0,0.66667
7.0,Pam & Winnie,TARUS22,4.14,4.14286,410.0,4.0,3.0,4.0,341.0,5.0,2.0,7.0,7.0,0.0601,0.2099,1.0,0.1429,3.0,0.4286,2.69542,3.5,2.0,0.2857,1.0,0.1429,0.0,0.0,0.0,0.0,1.0,0.0,0.0,4.0,1.0,9.0,8.0,241.0,4.0,4.0,,,,29.0,29.0,,,,4.0,0.0,,29.0,0.0,,Female,Pam,Winnie,,,,0.59,0.59206,268.0,4.0,3.0,0.7,189.0,4.0,3.0,0.1841,0.3166,0.35842,0.48611,5.0,0.7143,2.0,1.0,0.0,1.0
8.0,Dave & Connor,TARUS22,3.0,3.0,155.0,2.0,6.0,2.0,26.0,1.0,7.0,5.0,5.0,0.3189,0.4275,2.0,0.4,4.0,0.8,2.60768,2.0,1.0,0.2,0.0,0.0,0.0,0.0,0.0,0.0,0.0,0.0,0.0,1.0,1.0,8.0,7.0,242.0,1.0,4.0,,,,58.0,21.0,,,,2.5,3.0,,39.5,37.0,,Male,Dave,Connor,,,,0.74,0.73778,66.0,2.0,6.0,0.88889,32.0,1.0,7.0,0.4756,0.6406,0.37644,0.2,4.0,0.8,1.0,1.0,0.0,1.0
9.0,Jessica & John,TARUS22,3.75,3.75,328.0,3.0,6.0,2.5,128.0,3.0,6.0,4.0,4.0,0.1486,0.2844,1.0,0.25,3.0,0.75,3.11247,2.75,1.0,0.25,0.0,0.0,0.0,0.0,0.0,0.0,0.0,0.0,0.0,,1.0,9.0,8.0,243.0,2.0,3.0,,,,26.0,27.0,,,,2.5,1.0,,26.5,1.0,,Co-Ed,Jessica,John,,,,0.66,0.66319,151.0,3.0,6.0,0.82639,80.0,2.0,7.0,0.3264,0.4747,0.39091,0.32292,3.0,0.75,1.0,1.0,0.0,1.0
10.0,Idries & Jamil,TARUS22,9.0,9.0,952.0,10.0,0.0,9.0,889.0,10.0,0.0,2.0,2.0,-1.0432,-0.7176,0.0,0.0,0.0,0.0,1.0,1.0,0.0,0.0,0.0,0.0,0.0,0.0,0.0,0.0,0.0,0.0,0.0,,8.0,10.0,2.0,244.0,1.0,2.0,,,,36.0,36.0,,,,1.5,1.0,,36.0,0.0,,Male,Idries,Jamil,,,,0.15,0.15,945.0,10.0,0.0,0.15,904.0,10.0,0.0,-0.7,-0.6664,0.15,0.15,0.0,0.0,2.0,0.3,0.0,0.3
11.0,Matt & Daniel,TARUS22,11.0,11.0,1043.0,11.0,0.0,11.0,997.0,11.0,0.0,1.0,1.0,-1.4973,-1.0992,0.0,0.0,0.0,0.0,0.0,0.0,0.0,0.0,0.0,0.0,0.0,0.0,0.0,0.0,0.0,0.0,0.0,,11.0,11.0,0.0,245.0,1.0,1.0,,,,25.0,24.0,,,,1.0,0.0,,24.5,1.0,,Male,Matt,Daniel,,,,0.0,0.0,1030.0,11.0,0.0,0.0,1022.0,11.0,0.0,-1.0,-1.0,0.0,0.0,0.0,0.0,1.0,0.0,0.0,0.0
1.0,Jason & Amy,TARUS23,2.92,2.91667,146.0,2.0,-1.0,2.0,26.0,1.0,0.0,12.0,12.0,0.3223,0.4459,2.0,0.1667,9.0,0.75,1.9773,1.5,6.0,0.5,0.0,0.0,0.0,0.0,0.0,0.0,0.0,0.0,0.0,2.0,1.0,8.0,7.0,246.0,6.0,7.0,,,,33.0,29.0,,,,6.5,1.0,,31.0,4.0,,Co-Ed,Jason,Amy,,,,0.71,0.71207,92.0,1.0,0.0,0.8,88.0,1.0,0.0,0.4241,0.6347,0.22998,0.31994,10.0,0.8333,2.0,1.0,0.3,0.7
2.0,Tim & Marie,TARUS23,3.42,3.41667,265.0,3.0,-1.0,2.5,128.0,2.0,0.0,12.0,12.0,0.2062,0.351,3.0,0.25,7.0,0.5833,2.39647,2.5,3.0,0.25,1.0,0.0833,0.0,0.0,0.0,0.0,1.0,0.0,0.0,1.0,1.0,8.0,7.0,247.0,6.0,7.0,,,,32.0,29.0,,,,6.5,1.0,,30.5,3.0,,Co-Ed,Tim,Marie,,,,0.6,0.59937,255.0,3.0,-1.0,0.55,384.0,4.0,-2.0,0.1987,0.376,0.28353,0.39107,8.0,0.6667,4.0,1.0,0.125,0.875
3.0,Nicole & Travis,TARUS23,2.58,2.58333,88.0,1.0,2.0,3.0,166.0,3.0,0.0,12.0,12.0,0.4012,0.5104,3.0,0.25,10.0,0.8333,1.03749,1.25,1.0,0.0833,3.0,0.25,0.0,0.0,0.0,0.0,1.0,0.0,0.0,3.0,1.0,4.0,3.0,248.0,7.0,6.0,,,,39.0,43.0,,,,6.5,1.0,,41.0,4.0,,Co-Ed,Nicole,Travis,,,,0.63,0.62599,208.0,2.0,1.0,0.69048,198.0,3.0,0.0,0.252,0.4371,0.31848,0.59167,8.0,0.6667,4.0,1.0,0.0,1.0
4.0,Leo & Jamal,TARUS23,3.82,3.81818,345.0,4.0,0.0,4.0,341.0,4.0,0.0,11.0,11.0,0.1134,0.2751,2.0,0.1818,4.0,0.3636,1.89824,2.5,1.0,0.0909,0.0,0.0,1.0,0.0909,0.0,2.0,1.0,0.0,0.0,4.0,1.0,7.0,6.0,249.0,6.0,6.0,,,,26.0,26.0,,,,6.0,0.0,,26.0,0.0,,Male,Leo,Jamal,,,,0.51,0.50797,410.0,5.0,-1.0,0.4,563.0,6.0,-2.0,0.0159,0.1661,0.33911,0.44742,5.0,0.4545,6.0,1.0,0.0,1.0
5.0,Ally & Ashley,TARUS23,6.11,6.11111,736.0,8.0,-3.0,6.0,634.0,8.0,-3.0,9.0,9.0,-0.4181,-0.1594,0.0,0.0,0.0,0.0,0.87489,2.0,0.0,0.0,5.0,0.5556,0.0,0.0,0.0,0.0,0.0,0.0,0.0,7.0,5.0,7.0,2.0,250.0,4.0,6.0,,,,22.0,25.0,,,,5.0,2.0,,23.5,3.0,,Female,Ally,Ashley,,,,0.22,0.21508,898.0,10.0,-5.0,0.2,847.0,10.0,-5.0,-0.5698,-0.5062,0.1316,0.10714,1.0,0.1111,8.0,0.5,0.0,0.5
6.0,Nicky & Kim,TARUS23,5.38,5.375,645.0,6.0,0.0,5.5,613.0,7.0,-1.0,8.0,8.0,-0.2487,-0.0209,0.0,0.0,2.0,0.25,2.23257,2.75,1.0,0.125,1.0,0.125,2.0,0.25,0.0,1.0,0.0,0.0,0.0,6.0,2.0,9.0,7.0,251.0,5.0,4.0,,,,27.0,32.0,,,,4.5,1.0,,29.5,5.0,,Female,Nicky,Kim,,,,0.36,0.35823,685.0,8.0,-2.0,0.34127,652.0,9.0,-3.0,-0.2835,-0.1776,0.3408,0.6375,4.0,0.5,4.0,0.83333,0.0,0.83333
7.0,Tim & Danny,TARUS23,6.17,6.16667,746.0,9.0,-2.0,6.0,634.0,8.0,-1.0,6.0,6.0,-0.432,-0.1708,0.0,0.0,0.0,0.0,1.57233,1.5,0.0,0.0,0.0,0.0,0.0,0.0,0.0,0.0,1.0,0.0,0.0,6.0,4.0,9.0,5.0,252.0,3.0,4.0,,,,26.0,25.0,,,,3.5,1.0,,25.5,1.0,,Male,Tim,Danny,,,,0.33,0.33062,733.0,9.0,-2.0,0.35714,630.0,8.0,-1.0,-0.3388,-0.241,0.199,0.21905,1.0,0.1667,5.0,0.625,0.0,0.625
8.0,Brandon & Adam,TARUS23,5.4,5.4,646.0,7.0,1.0,5.0,504.0,6.0,2.0,5.0,5.0,-0.2533,-0.0247,1.0,0.2,2.0,0.4,3.2619,5.0,0.0,0.0,1.0,0.2,0.0,0.0,0.0,1.0,0.0,0.0,0.0,,1.0,10.0,9.0,253.0,2.0,4.0,,,,34.0,34.0,,,,3.0,2.0,,34.0,0.0,,Male,Brandon,Adam,,,,0.48,0.47556,475.0,6.0,2.0,0.5,408.0,5.0,3.0,-0.0489,0.0917,0.38319,0.67778,3.0,0.6,2.0,1.0,0.0,1.0
9.0,Chester & Ephraim,TARUS23,4.67,4.66667,509.0,5.0,4.0,4.0,341.0,4.0,5.0,3.0,3.0,-0.0839,0.1139,1.0,0.3333,1.0,0.3333,3.29983,4.0,0.0,0.0,0.0,0.0,0.0,0.0,0.0,0.0,0.0,0.0,0.0,,1.0,9.0,8.0,254.0,2.0,1.0,,,,33.0,36.0,,,,1.5,1.0,,34.5,3.0,,Male,Chester,Ephraim,,,,0.57,0.56667,303.0,4.0,5.0,0.7,189.0,2.0,7.0,0.1333,0.3009,0.41899,0.5,2.0,0.6667,1.0,1.0,0.0,1.0
10.0,Rowan & Shane,TARUS23,6.5,6.5,775.0,10.0,0.0,6.5,714.0,10.0,0.0,2.0,2.0,-0.5086,-0.2334,0.0,0.0,1.0,0.5,3.5,3.5,0.0,0.0,0.0,0.0,0.0,0.0,0.0,0.0,0.0,0.0,0.0,,3.0,10.0,7.0,255.0,2.0,1.0,,,,56.0,47.0,,,,1.5,1.0,,51.5,9.0,,Male,Rowan,Shane,,,,0.4,0.4,616.0,7.0,3.0,0.4,563.0,6.0,4.0,-0.2,-0.0817,0.4,0.4,1.0,0.5,1.0,0.8,0.0,0.8
11.0,Hoskote & Naina,TARUS23,11.0,11.0,1043.0,11.0,0.0,11.0,997.0,11.0,0.0,1.0,1.0,-1.553,-1.0873,0.0,0.0,0.0,0.0,0.0,0.0,0.0,0.0,0.0,0.0,0.0,0.0,0.0,0.0,0.0,0.0,0.0,,11.0,11.0,0.0,256.0,1.0,1.0,,,,60.0,27.0,,,,1.0,0.0,,43.5,33.0,,Co-Ed,Hoskote,Naina,,,,0.0,0.0,1030.0,11.0,0.0,0.0,1022.0,11.0,0.0,-1.0,-1.0,0.0,0.0,0.0,0.0,1.0,0.0,0.0,0.0
1.0,Dave & Connor,TARUS24,2.17,2.16667,31.0,1.0,0.0,1.5,16.0,1.0,0.0,12.0,12.0,0.5011,0.6152,6.0,0.5,9.0,0.75,1.28019,2.25,1.0,0.0833,0.0,0.0,0.0,0.0,0.0,1.0,1.0,0.0,0.0,1.0,1.0,4.0,3.0,257.0,5.0,8.0,,,,59.0,22.0,,,,6.5,3.0,,40.5,37.0,,Male,Dave,Connor,,,,0.82,0.82421,15.0,1.0,0.0,0.92857,21.0,1.0,0.0,0.6484,1.0655,0.20852,0.33333,11.0,0.9167,1.0,1.0,0.4,0.6
2.0,Caroline & Jennifer,TARUS24,4.25,4.25,433.0,5.0,-3.0,4.0,341.0,5.0,-3.0,12.0,12.0,0.0229,0.2465,0.0,0.0,5.0,0.4167,2.16506,3.25,4.0,0.3333,2.0,0.1667,2.0,0.1667,0.0,0.0,0.0,0.0,0.0,2.0,2.0,9.0,7.0,258.0,7.0,6.0,,,,30.0,31.0,,,,6.5,1.0,,30.5,1.0,,Female,Caroline,Jennifer,,,,0.44,0.43595,554.0,6.0,-4.0,0.4375,523.0,5.0,-3.0,-0.1281,0.0925,0.29687,0.49444,6.0,0.5,6.0,0.85714,0.0,0.85714
3.0,Brendon & Rachel,TARUS24,3.75,3.75,328.0,4.0,-1.0,3.0,166.0,3.0,0.0,12.0,12.0,0.1378,0.3351,3.0,0.25,7.0,0.5833,2.55359,3.75,2.0,0.1667,4.0,0.3333,1.0,0.0833,0.0,0.0,1.0,0.0,0.0,1.0,1.0,8.0,7.0,259.0,7.0,6.0,,,,33.0,29.0,,,,6.5,1.0,,31.0,4.0,,Co-Ed,Brendon,Rachel,,,,0.49,0.48621,450.0,4.0,-1.0,0.33333,656.0,6.0,-3.0,-0.0276,0.2184,0.39332,0.78661,5.0,0.4167,7.0,1.0,0.0,1.0
4.0,Leo & Jamal,TARUS24,3.73,3.72727,324.0,3.0,1.0,3.0,166.0,3.0,1.0,11.0,11.0,0.1424,0.3387,1.0,0.0909,6.0,0.5455,1.48268,1.5,0.0,0.0,0.0,0.0,0.0,0.0,0.0,1.0,1.0,0.0,0.0,3.0,1.0,7.0,6.0,260.0,5.0,6.0,,,,27.0,26.0,,,,5.5,1.0,,26.5,1.0,,Male,Leo,Jamal,,,,0.54,0.53658,354.0,3.0,1.0,0.57143,352.0,4.0,0.0,0.0732,0.3447,0.2476,0.24048,8.0,0.7273,3.0,1.0,0.0,1.0
5.0,Jet & Cord,TARUS24,2.8,2.8,124.0,2.0,3.0,2.0,26.0,2.0,3.0,10.0,10.0,0.3562,0.5035,2.0,0.2,7.0,0.7,1.6,1.75,4.0,0.4,0.0,0.0,0.0,0.0,0.0,1.0,0.0,0.0,0.0,2.0,1.0,6.0,5.0,261.0,5.0,5.0,,,,34.0,33.0,,,,5.0,0.0,,33.5,1.0,,Male,Jet,Cord,,,,0.69,0.69171,116.0,2.0,3.0,0.775,120.0,2.0,3.0,0.3834,0.7334,0.28909,0.31101,8.0,0.8,2.0,1.0,0.0,1.0
6.0,Flight Time & Big Easy,TARUS24,5.88,5.875,710.0,7.0,-1.0,6.0,634.0,7.0,-1.0,8.0,8.0,-0.3519,-0.0426,0.0,0.0,0.0,0.0,0.59948,0.25,0.0,0.0,2.0,0.25,0.0,0.0,0.0,0.0,0.0,0.0,0.0,6.0,5.0,7.0,2.0,262.0,5.0,3.0,,,,37.0,32.0,,,,4.0,2.0,,34.5,5.0,,Male,Flight Time,Big Easy,,,,0.3,0.29504,795.0,8.0,-2.0,0.28571,742.0,8.0,-2.0,-0.4099,-0.2606,0.17359,0.25833,2.0,0.25,6.0,0.55556,0.0,0.55556
7.0,Jessica & John,TARUS24,6.14,6.14286,742.0,8.0,-1.0,7.0,734.0,8.0,-1.0,7.0,7.0,-0.4117,-0.0887,0.0,0.0,1.0,0.1429,1.72615,2.5,0.0,0.0,0.0,0.0,0.0,0.0,0.0,0.0,0.0,0.0,0.0,8.0,3.0,8.0,5.0,263.0,3.0,4.0,,,,27.0,28.0,,,,3.5,1.0,,27.5,1.0,,Co-Ed,Jessica,John,,,,0.33,0.328,739.0,7.0,0.0,0.3,708.0,7.0,0.0,-0.344,-0.178,0.19293,0.19246,1.0,0.1429,6.0,0.66667,0.0,0.66667
8.0,Margie & Luke,TARUS24,5.0,5.0,566.0,6.0,2.0,4.0,341.0,5.0,3.0,5.0,5.0,-0.1496,0.1135,0.0,0.0,1.0,0.2,2.19089,3.0,1.0,0.2,1.0,0.2,0.0,0.0,0.0,0.0,0.0,0.0,0.0,4.0,2.0,8.0,6.0,264.0,2.0,2.0,,,,56.0,28.0,,,,2.0,0.0,,42.0,28.0,,Co-Ed,Margie,Luke,,,,0.47,0.47135,487.0,5.0,3.0,0.625,283.0,3.0,5.0,-0.0573,0.1812,0.34068,0.55714,3.0,0.6,2.0,0.88889,0.0,0.88889
9.0,Joey & Meghan,TARUS24,9.33,9.33333,986.0,10.0,-1.0,9.0,889.0,10.0,-1.0,3.0,3.0,-1.1451,-0.6543,0.0,0.0,0.0,0.0,0.4714,0.5,0.0,0.0,2.0,0.6667,0.0,0.0,0.0,0.0,0.0,0.0,0.0,9.0,9.0,10.0,1.0,265.0,2.0,1.0,,,,22.0,26.0,,,,1.5,1.0,,24.0,4.0,,Co-Ed,Joey,Meghan,,,,0.07,0.07037,1002.0,10.0,-1.0,0.1,968.0,10.0,-1.0,-0.8593,-0.8237,0.04997,0.05556,0.0,0.0,3.0,0.11111,0.0,0.11111
10.0,Mark & Mallory,TARUS24,8.0,8.0,899.0,9.0,1.0,8.0,826.0,9.0,1.0,2.0,2.0,-0.8393,-0.4184,0.0,0.0,0.0,0.0,2.0,2.0,0.0,0.0,0.0,0.0,0.0,0.0,0.0,0.0,0.0,0.0,0.0,,6.0,10.0,4.0,266.0,1.0,1.0,,,,47.0,28.0,,,,1.0,0.0,,37.5,19.0,,Co-Ed,Mark,Mallory,,,,0.25,0.25,856.0,9.0,1.0,0.25,777.0,9.0,1.0,-0.5,-0.3735,0.25,0.25,1.0,0.5,1.0,0.5,0.0,0.5
11.0,Natalie & Nadiya,TARUS24,11.0,11.0,1043.0,11.0,0.0,11.0,997.0,11.0,0.0,1.0,1.0,-1.5291,-0.9504,0.0,0.0,0.0,0.0,0.0,0.0,0.0,0.0,0.0,0.0,0.0,0.0,0.0,0.0,0.0,0.0,0.0,,11.0,11.0,0.0,267.0,1.0,0.0,,,,27.0,27.0,,,,0.5,1.0,,27.0,0.0,,Female,Natalie,Nadiya,,,,0.0,0.0,1030.0,11.0,0.0,0.0,1022.0,11.0,0.0,-1.0,-1.0,0.0,0.0,0.0,0.0,1.0,0.0,0.0,0.0
1.0,Amy & Maya,TARUS25,4.5,4.5,484.0,5.0,-4.0,4.0,341.0,4.0,-3.0,12.0,12.0,-0.0453,0.195,1.0,0.0833,3.0,0.25,1.93649,2.25,1.0,0.0833,3.0,0.25,1.0,0.0833,0.0,0.0,0.0,0.0,0.0,4.0,1.0,8.0,7.0,268.0,5.0,5.0,,,,24.0,29.0,,,,5.0,0.0,,26.5,5.0,,Female,Amy,Maya,,,,0.42,0.41832,587.0,6.0,-5.0,0.45,503.0,6.0,-5.0,-0.1634,0.0347,0.26632,0.37024,6.0,0.5,6.0,1.0,0.0,1.0
2.0,Misti & Jim,TARUS25,2.58,2.58333,88.0,1.0,1.0,2.0,26.0,1.0,1.0,12.0,12.0,0.4007,0.5385,5.0,0.4167,10.0,0.8333,2.13925,2.0,3.0,0.25,1.0,0.0833,1.0,0.0833,0.0,0.0,0.0,0.0,0.0,1.0,1.0,8.0,7.0,269.0,5.0,5.0,,,,36.0,37.0,,,,5.0,0.0,,36.5,1.0,,Co-Ed,Misti,Jim,,,,0.71,0.70622,97.0,1.0,1.0,0.84444,65.0,1.0,1.0,0.4124,0.7468,0.33322,0.54167,9.0,0.75,3.0,1.0,0.0,1.0
3.0,Adam & Bethany,TARUS25,2.83,2.83333,126.0,2.0,1.0,2.0,26.0,1.0,2.0,12.0,12.0,0.3426,0.4937,3.0,0.25,9.0,0.75,1.81812,1.75,4.0,0.3333,3.0,0.25,0.0,0.0,1.0,0.0,0.0,0.0,0.0,2.0,1.0,7.0,6.0,270.0,5.0,4.0,,,,26.0,24.0,,,,4.5,1.0,,25.0,2.0,,Co-Ed,Adam,Bethany,,,,0.65,0.65347,165.0,3.0,0.0,0.75,132.0,3.0,0.0,0.3069,0.6163,0.31058,0.57292,8.0,0.6667,4.0,1.0,0.14286,0.85714
4.0,Brooke & Robbie,TARUS25,4.08,4.08333,393.0,4.0,0.0,4.0,341.0,4.0,0.0,12.0,12.0,0.0522,0.2701,1.0,0.0833,3.0,0.25,1.65622,1.5,2.0,0.1667,1.0,0.0833,1.0,0.0833,0.0,0.0,0.0,0.0,0.0,4.0,1.0,7.0,6.0,271.0,4.0,4.0,,,,29.0,30.0,,,,4.0,0.0,,29.5,1.0,,Co-Ed,Brooke,Robbie,,,,0.45,0.44812,523.0,5.0,-1.0,0.3875,598.0,7.0,-3.0,-0.1038,0.1084,0.30605,0.4125,4.0,0.3333,8.0,1.0,0.0,1.0
5.0,Kym & Alli,TARUS25,3.11,3.11111,187.0,3.0,2.0,3.0,166.0,3.0,2.0,9.0,9.0,0.2776,0.4436,2.0,0.2222,7.0,0.7778,1.79161,1.0,1.0,0.1111,0.0,0.0,0.0,0.0,0.0,0.0,0.0,0.0,0.0,3.0,1.0,7.0,6.0,272.0,4.0,3.0,,,,30.0,26.0,,,,3.5,1.0,,28.0,4.0,,Female,Kym,Alli,,,,0.65,0.65494,162.0,2.0,3.0,0.77778,108.0,2.0,3.0,0.3099,0.62,0.31471,0.2,7.0,0.7778,2.0,1.0,0.0,1.0
6.0,Tim & Te Jay,TARUS25,4.88,4.875,554.0,6.0,0.0,5.0,504.0,7.0,-1.0,8.0,8.0,-0.1336,0.127,0.0,0.0,2.0,0.25,1.76334,2.25,1.0,0.125,1.0,0.125,1.0,0.125,0.0,0.0,0.0,0.0,0.0,5.0,2.0,8.0,6.0,273.0,3.0,3.0,,,,23.0,24.0,,,,3.0,0.0,,23.5,1.0,,Male,Tim,Te Jay,,,,0.4,0.40293,611.0,7.0,-1.0,0.46429,489.0,5.0,1.0,-0.1941,-0.0034,0.31212,0.50149,4.0,0.5,4.0,0.9,0.0,0.9
7.0,Shelley & Nici,TARUS25,6.33,6.33333,758.0,8.0,-1.0,6.5,714.0,8.0,-1.0,6.0,6.0,-0.4704,-0.1324,0.0,0.0,0.0,0.0,1.88562,3.25,0.0,0.0,1.0,0.1667,0.0,0.0,0.0,0.0,1.0,0.0,0.0,4.0,4.0,9.0,5.0,274.0,2.0,2.0,,,,42.0,24.0,,,,2.0,0.0,,33.0,18.0,,Female,Shelley,Nici,,,,0.32,0.31554,757.0,8.0,-1.0,0.29286,732.0,8.0,-1.0,-0.3689,-0.2195,0.22499,0.34881,2.0,0.3333,4.0,0.625,0.0,0.625
8.0,Keith & Whitney,TARUS25,5.4,5.4,646.0,7.0,1.0,4.0,341.0,4.0,4.0,5.0,5.0,-0.2544,0.034,0.0,0.0,2.0,0.4,2.57682,5.0,0.0,0.0,0.0,0.0,0.0,0.0,0.0,1.0,0.0,0.0,0.0,3.0,3.0,9.0,6.0,275.0,2.0,1.0,,,,29.0,29.0,,,,1.5,1.0,,29.0,0.0,,Co-Ed,Keith,Whitney,,,,0.47,0.46619,493.0,4.0,4.0,0.66667,216.0,4.0,4.0,-0.0676,0.1531,0.30675,0.51429,3.0,0.6,2.0,0.75,0.0,0.75
9.0,Michael & Scott,TARUS25,8.33,8.33333,921.0,9.0,0.0,9.0,889.0,10.0,-1.0,3.0,3.0,-0.935,-0.4902,0.0,0.0,0.0,0.0,1.69967,2.0,0.0,0.0,1.0,0.3333,0.0,0.0,0.0,0.0,0.0,0.0,0.0,,6.0,10.0,4.0,276.0,0.0,1.0,,,,40.0,39.0,,,,0.5,1.0,,39.5,1.0,,Male,Michael,Scott,,,,0.18,0.18148,929.0,9.0,0.0,0.1,968.0,10.0,-1.0,-0.637,-0.5511,0.19037,0.22222,0.0,0.0,3.0,0.44444,0.0,0.44444
10.0,Dennis & Isabelle,TARUS25,8.5,8.5,931.0,10.0,0.0,8.5,875.0,9.0,1.0,2.0,2.0,-0.9745,-0.5206,0.0,0.0,0.0,0.0,1.5,1.5,0.0,0.0,0.0,0.0,0.0,0.0,0.0,0.0,0.0,0.0,0.0,,7.0,10.0,3.0,277.0,1.0,0.0,,,,30.0,28.0,,,,0.5,1.0,,29.0,2.0,,Co-Ed,Dennis,Isabelle,,,,0.2,0.2,911.0,10.0,0.0,0.2,847.0,9.0,1.0,-0.6,-0.5053,0.2,0.2,0.0,0.0,2.0,0.4,0.0,0.4
11.0,Lisa & Michelle,TARUS25,11.0,11.0,1043.0,11.0,0.0,11.0,997.0,11.0,0.0,1.0,1.0,-1.5552,-0.9678,0.0,0.0,0.0,0.0,0.0,0.0,0.0,0.0,0.0,0.0,0.0,0.0,0.0,0.0,0.0,0.0,0.0,,11.0,11.0,0.0,278.0,1.0,0.0,,,,28.0,22.0,,,,0.5,1.0,,25.0,6.0,,Female,Lisa,Michelle,,,,0.0,0.0,1030.0,11.0,0.0,0.0,1022.0,11.0,0.0,-1.0,-1.0,0.0,0.0,0.0,0.0,1.0,0.0,0.0,0.0
1.0,Laura & Tyler,TARUS26,3.08,3.08333,175.0,1.0,0.0,3.0,166.0,2.0,-1.0,12.0,12.0,0.295,0.447,3.0,0.25,7.0,0.5833,1.70579,2.25,2.0,0.1667,3.0,0.25,0.0,0.0,0.0,0.0,1.0,0.0,0.0,4.0,1.0,6.0,5.0,279.0,5.0,6.0,,,,29.0,26.0,,,,5.5,1.0,,27.5,3.0,,Co-Ed,Laura,Tyler,,,,0.65,0.64788,176.0,2.0,-1.0,0.7125,181.0,2.0,-1.0,0.2958,0.5819,0.3024,0.59524,8.0,0.6667,4.0,1.0,0.16667,0.83333
2.0,Jelani & Jenny,TARUS26,3.17,3.16667,198.0,2.0,0.0,3.0,166.0,2.0,0.0,12.0,12.0,0.2744,0.4309,2.0,0.1667,7.0,0.5833,1.67498,2.0,3.0,0.25,0.0,0.0,0.0,0.0,0.0,1.0,0.0,0.0,0.0,4.0,1.0,7.0,6.0,280.0,6.0,5.0,,,,32.0,32.0,,,,5.5,1.0,,32.0,0.0,,Co-Ed,Jelani,Jenny,,,,0.61,0.60734,234.0,3.0,-1.0,0.61905,296.0,4.0,-2.0,0.2147,0.4829,0.23411,0.35,8.0,0.6667,4.0,1.0,0.25,0.75
3.0,Hayley & Blair,TARUS26,3.33,3.33333,246.0,3.0,0.0,2.5,128.0,1.0,2.0,12.0,12.0,0.2378,0.4022,3.0,0.25,9.0,0.75,2.56038,1.75,3.0,0.25,1.0,0.0833,0.0,0.0,0.0,0.0,0.0,0.0,0.0,2.0,1.0,9.0,8.0,281.0,5.0,6.0,,,,28.0,31.0,,,,5.5,1.0,,29.5,3.0,,Co-Ed,Hayley,Blair,,,,0.66,0.65608,159.0,1.0,2.0,0.675,211.0,3.0,0.0,0.3122,0.6019,0.29517,0.50149,8.0,0.6667,4.0,1.0,0.11111,0.88889
4.0,Mike & Rochelle,TARUS26,4.75,4.75,532.0,5.0,-1.0,4.5,470.0,5.0,-1.0,12.0,12.0,-0.0872,0.1472,1.0,0.0833,3.0,0.25,1.92029,2.5,0.0,0.0,4.0,0.3333,1.0,0.0833,0.0,0.0,1.0,0.0,0.0,4.0,1.0,8.0,7.0,282.0,6.0,4.0,,,,26.0,29.0,,,,5.0,2.0,,27.5,3.0,,Co-Ed,Mike,Rochelle,,,,0.33,0.32973,735.0,8.0,-4.0,0.23611,809.0,9.0,-5.0,-0.3405,-0.1949,0.27427,0.23929,3.0,0.25,9.0,1.0,0.0,1.0
5.0,Matt & Ashley,TARUS26,4.9,4.9,559.0,6.0,-1.0,5.0,504.0,6.0,-1.0,10.0,10.0,-0.1215,0.1203,1.0,0.1,3.0,0.3,2.54755,4.25,2.0,0.2,1.0,0.1,1.0,0.1,0.0,0.0,1.0,0.0,0.0,2.0,1.0,9.0,8.0,283.0,5.0,3.0,,,,30.0,28.0,,,,4.0,2.0,,29.0,2.0,,Co-Ed,Matt,Ashley,,,,0.42,0.41905,586.0,7.0,-2.0,0.35417,631.0,7.0,-2.0,-0.1619,0.0231,0.34294,0.58125,4.0,0.4,6.0,1.0,0.0,1.0
6.0,Aly & Steve,TARUS26,3.75,3.75,328.0,4.0,2.0,3.5,315.0,4.0,2.0,8.0,8.0,0.1417,0.3268,1.0,0.125,4.0,0.5,1.71391,2.5,1.0,0.125,0.0,0.0,1.0,0.125,0.0,1.0,0.0,0.0,0.0,3.0,1.0,6.0,5.0,284.0,3.0,3.0,,,,24.0,31.0,,,,3.0,0.0,,27.5,7.0,,Co-Ed,Aly,Steve,,,,0.57,0.57014,294.0,4.0,2.0,0.725,165.0,1.0,5.0,0.1403,0.392,0.3538,0.41667,6.0,0.75,2.0,1.0,0.0,1.0
7.0,Jeff & Jackie,TARUS26,5.17,5.16667,600.0,7.0,0.0,5.5,613.0,7.0,0.0,6.0,6.0,-0.1833,0.0718,0.0,0.0,2.0,0.3333,2.11476,3.25,1.0,0.1667,1.0,0.1667,0.0,0.0,0.0,0.0,0.0,0.0,0.0,,2.0,8.0,6.0,285.0,2.0,2.0,,,,26.0,27.0,,,,2.0,0.0,,26.5,1.0,,Co-Ed,Jeff,Jackie,,,,0.45,0.44729,525.0,6.0,1.0,0.47222,483.0,6.0,1.0,-0.1054,0.0921,0.3117,0.45585,3.0,0.5,3.0,0.9,0.0,0.9
8.0,Bergen & Kurt,TARUS26,5.4,5.4,646.0,8.0,0.0,6.0,634.0,8.0,0.0,5.0,5.0,-0.236,0.0305,1.0,0.2,1.0,0.2,2.41661,2.0,0.0,0.0,0.0,0.0,0.0,0.0,0.0,0.0,0.0,0.0,0.0,,1.0,8.0,7.0,286.0,2.0,0.0,,,,23.0,24.0,,,,1.0,2.0,,23.5,1.0,,Male,Bergen,Kurt,,,,0.46,0.46111,502.0,5.0,3.0,0.5,408.0,5.0,3.0,-0.0778,0.1258,0.33407,0.30556,3.0,0.6,2.0,1.0,0.0,1.0
9.0,Harley & Jonathan,TARUS26,6.75,6.75,804.0,9.0,0.0,7.0,734.0,9.0,0.0,4.0,4.0,-0.545,-0.2118,0.0,0.0,0.0,0.0,2.27761,4.25,0.0,0.0,0.0,0.0,1.0,0.25,0.0,0.0,0.0,0.0,0.0,9.0,4.0,9.0,5.0,287.0,1.0,1.0,,,,41.0,46.0,,,,1.0,0.0,,43.5,5.0,,Male,Harley,Jonathan,,,,0.32,0.31667,755.0,9.0,0.0,0.3,708.0,8.0,1.0,-0.3667,-0.2268,0.31754,0.61667,2.0,0.5,2.0,0.66667,0.0,0.66667
10.0,Libby & CJ,TARUS26,10.0,10.0,1002.0,10.0,0.0,10.0,954.0,10.0,0.0,2.0,2.0,-1.2888,-0.7953,0.0,0.0,0.0,0.0,0.0,0.0,0.0,0.0,1.0,0.5,0.0,0.0,0.0,0.0,0.0,0.0,0.0,10.0,10.0,10.0,0.0,288.0,1.0,0.0,,,,25.0,26.0,,,,0.5,1.0,,25.5,1.0,,Co-Ed,Libby,CJ,,,,0.05,0.05,1011.0,10.0,0.0,0.05,1005.0,10.0,0.0,-0.9,-0.8779,0.05,0.05,0.0,0.0,2.0,0.1,0.0,0.1
11.0,Jeff & Lyda,TARUS26,11.0,11.0,1043.0,11.0,0.0,11.0,997.0,11.0,0.0,1.0,1.0,-1.5177,-0.9749,0.0,0.0,0.0,0.0,0.0,0.0,0.0,0.0,0.0,0.0,0.0,0.0,0.0,1.0,0.0,0.0,0.0,,11.0,11.0,0.0,289.0,0.0,0.0,,,,57.0,49.0,,,,0.0,0.0,,53.0,8.0,,Co-Ed,Jeff,Lyda,,,,0.0,0.0,1030.0,11.0,0.0,0.0,1022.0,11.0,0.0,-1.0,-1.0,0.0,0.0,0.0,0.0,1.0,0.0,0.0,0.0
1.0,Kelsey & Joey,TARUS27,3.33,3.33333,246.0,3.0,-2.0,2.5,128.0,2.0,-1.0,12.0,12.0,0.2378,0.4022,1.0,0.0833,8.0,0.6667,2.0548,2.0,5.0,0.4167,0.0,0.0,0.0,0.0,0.0,0.0,1.0,0.0,0.0,2.0,1.0,8.0,7.0,290.0,6.0,6.0,,,,25.0,26.0,,,,6.0,0.0,,25.5,1.0,,Co-Ed,Kelsey,Joey,,,,0.67,0.67024,141.0,2.0,-1.0,0.70833,182.0,3.0,-1.0,0.3405,0.6526,0.19405,0.22857,10.0,0.8333,2.0,1.0,0.3,0.7
2.0,Justin & Diana,TARUS27,2.08,2.08333,25.0,1.0,1.0,1.0,1.0,1.0,1.0,12.0,12.0,0.5239,0.6266,7.0,0.5833,11.0,0.9167,2.17786,1.0,3.0,0.25,1.0,0.0833,0.0,0.0,0.0,0.0,1.0,0.0,0.0,1.0,1.0,9.0,8.0,291.0,6.0,6.0,,,,39.0,30.0,,,,6.0,0.0,,34.5,9.0,,Co-Ed,Justin,Diana,,,,0.81,0.81379,20.0,1.0,1.0,1.0,1.0,1.0,1.0,0.6276,1.0065,0.28201,0.23214,10.0,0.8333,2.0,1.0,0.2,0.8
3.0,Logan & Chris,TARUS27,4.33,4.33333,451.0,5.0,-2.0,4.5,470.0,4.0,-1.0,12.0,12.0,0.0089,0.2226,1.0,0.0833,3.0,0.25,1.43372,1.5,0.0,0.0,2.0,0.1667,0.0,0.0,0.0,1.0,0.0,0.0,0.0,5.0,1.0,6.0,5.0,292.0,6.0,6.0,,,,36.0,46.0,,,,6.0,0.0,,41.0,10.0,,Co-Ed,Logan,Chris,,,,0.42,0.42401,579.0,5.0,-2.0,0.36667,622.0,6.0,-3.0,-0.152,0.0455,0.25523,0.32321,5.0,0.4167,7.0,1.0,0.0,1.0
4.0,Tiffany & Krista,TARUS27,5.27,5.27273,626.0,6.0,-2.0,5.0,504.0,6.0,-2.0,11.0,11.0,-0.2062,0.0539,0.0,0.0,3.0,0.2727,2.37758,3.5,1.0,0.0909,3.0,0.2727,1.0,0.0909,0.0,0.0,0.0,0.0,0.0,8.0,2.0,10.0,8.0,293.0,5.0,6.0,,,,28.0,28.0,,,,5.5,1.0,,28.0,0.0,,Female,Tiffany,Krista,,,,0.34,0.33618,718.0,8.0,-4.0,0.4,563.0,5.0,-1.0,-0.3276,-0.1711,0.26155,0.35972,3.0,0.2727,8.0,0.83333,0.0,0.83333
5.0,Denise & James Earl,TARUS27,4.3,4.3,444.0,4.0,1.0,4.5,470.0,4.0,1.0,10.0,10.0,0.0158,0.228,1.0,0.1,4.0,0.4,1.73494,2.75,0.0,0.0,2.0,0.2,1.0,0.1,0.0,0.0,0.0,0.0,0.0,3.0,1.0,7.0,6.0,294.0,4.0,6.0,,,,51.0,26.0,,,,5.0,2.0,,38.5,25.0,,Co-Ed,Denise,James,,,,0.45,0.45337,513.0,4.0,1.0,0.4875,479.0,4.0,1.0,-0.0933,0.1179,0.33438,0.53571,5.0,0.5,5.0,1.0,0.0,1.0
6.0,Tanner & Josh,TARUS27,3.22,3.22222,219.0,2.0,4.0,3.0,166.0,3.0,3.0,9.0,9.0,0.263,0.4219,2.0,0.2222,5.0,0.5556,1.81217,2.0,2.0,0.2222,0.0,0.0,1.0,0.1111,0.0,1.0,0.0,0.0,0.0,1.0,1.0,6.0,5.0,295.0,4.0,5.0,,,,26.0,28.0,,,,4.5,1.0,,27.0,2.0,,Male,Tanner,Josh,,,,0.61,0.6067,236.0,3.0,3.0,0.71429,171.0,2.0,4.0,0.2134,0.4959,0.36852,0.38889,7.0,0.7778,2.0,1.0,0.0,1.0
7.0,Cindy & Rick,TARUS27,5.57,5.57143,669.0,7.0,0.0,5.0,504.0,6.0,1.0,7.0,7.0,-0.2749,0.0,0.0,0.0,1.0,0.1429,1.39971,2.0,0.0,0.0,1.0,0.1429,0.0,0.0,0.0,0.0,0.0,0.0,0.0,5.0,3.0,7.0,4.0,296.0,3.0,4.0,,,,36.0,38.0,,,,3.5,1.0,,37.0,2.0,,Co-Ed,Cindy,Rick,,,,0.36,0.35862,684.0,7.0,0.0,0.33333,656.0,7.0,0.0,-0.2828,-0.1158,0.24672,0.29563,2.0,0.2857,5.0,0.8,0.0,0.8
8.0,Jazmine & Danielle,TARUS27,5.8,5.8,697.0,8.0,0.0,7.0,734.0,8.0,0.0,5.0,5.0,-0.3275,-0.0413,0.0,0.0,1.0,0.2,2.4,4.0,1.0,0.2,1.0,0.2,0.0,0.0,0.0,0.0,0.0,0.0,0.0,8.0,2.0,8.0,6.0,297.0,2.0,2.0,,,,23.0,23.0,,,,2.0,0.0,,23.0,0.0,,Female,Jazmine,Danielle,,,,0.38,0.37802,651.0,6.0,2.0,0.22222,823.0,9.0,-1.0,-0.244,-0.0679,0.33345,0.48214,2.0,0.4,3.0,0.9,0.0,0.9
9.0,Ernest & Jin,TARUS27,8.33,8.33333,921.0,10.0,-1.0,9.0,889.0,10.0,-1.0,3.0,3.0,-0.9066,-0.4955,0.0,0.0,0.0,0.0,0.94281,1.0,0.0,0.0,1.0,0.3333,0.0,0.0,0.0,0.0,0.0,0.0,0.0,9.0,7.0,9.0,2.0,298.0,1.0,1.0,,,,29.0,26.0,,,,1.0,0.0,,27.5,3.0,,Male,Ernest,Jin,,,,0.17,0.17037,933.0,10.0,-1.0,0.11111,945.0,10.0,-1.0,-0.6593,-0.5799,0.16859,0.2,0.0,0.0,3.0,0.4,0.0,0.4
10.0,Alex & Adam,TARUS27,8.0,8.0,899.0,9.0,1.0,8.0,826.0,9.0,1.0,2.0,2.0,-0.8311,-0.4363,0.0,0.0,0.0,0.0,2.0,2.0,0.0,0.0,0.0,0.0,0.0,0.0,0.0,0.0,0.0,0.0,0.0,,6.0,10.0,4.0,299.0,1.0,0.0,,,,22.0,24.0,,,,0.5,1.0,,23.0,2.0,,Male,Alex,Adam,,,,0.25,0.25,856.0,9.0,1.0,0.25,777.0,8.0,2.0,-0.5,-0.3836,0.25,0.25,1.0,0.5,1.0,0.5,0.0,0.5
11.0,Kelly & Shevonne,TARUS27,11.0,11.0,1043.0,11.0,0.0,11.0,997.0,11.0,0.0,1.0,1.0,-1.5177,-0.9749,0.0,0.0,0.0,0.0,0.0,0.0,0.0,0.0,0.0,0.0,0.0,0.0,0.0,0.0,0.0,0.0,0.0,,11.0,11.0,0.0,300.0,0.0,0.0,,,,37.0,31.0,,,,0.0,0.0,,34.0,6.0,,Co-Ed,Kelly,Shevonne,,,,0.0,0.0,1030.0,11.0,0.0,0.0,1022.0,11.0,0.0,-1.0,-1.0,0.0,0.0,0.0,0.0,1.0,0.0,0.0,0.0
1.0,Dana & Matt,TARUS28,3.17,3.16667,198.0,3.0,-2.0,3.5,315.0,4.0,-3.0,12.0,12.0,0.3053,0.4268,2.0,0.1667,6.0,0.5,1.21335,1.25,1.0,0.0833,1.0,0.0833,0.0,0.0,0.0,0.0,0.0,0.0,0.0,4.0,1.0,5.0,4.0,301.0,7.0,7.0,,,,29.0,30.0,,,,7.0,0.0,,29.5,1.0,,Co-Ed,Dana,Matt,,,,0.63,0.63313,197.0,4.0,-3.0,0.66667,216.0,4.0,-3.0,0.2663,0.4747,0.22198,0.22321,10.0,0.8333,2.0,1.0,0.2,0.8
2.0,Sheri & Cole,TARUS28,5.58,5.58333,671.0,6.0,-4.0,6.0,634.0,6.0,-4.0,12.0,12.0,-0.2228,-0.009,0.0,0.0,3.0,0.25,2.09993,3.25,1.0,0.0833,3.0,0.25,2.0,0.1667,0.0,0.0,1.0,0.0,0.0,7.0,2.0,9.0,7.0,302.0,7.0,7.0,,,,45.0,19.0,,,,7.0,0.0,,32.0,26.0,,Co-Ed,Sheri,Cole,,,,0.28,0.2795,818.0,8.0,-6.0,0.275,765.0,8.0,-6.0,-0.441,-0.349,0.17506,0.1754,2.0,0.1667,10.0,0.6,0.0,0.6
3.0,Tyler & Korey,TARUS28,2.42,2.41667,66.0,1.0,2.0,2.0,26.0,1.0,2.0,12.0,12.0,0.4697,0.5624,5.0,0.4167,10.0,0.8333,1.75396,2.0,3.0,0.25,2.0,0.1667,0.0,0.0,0.0,0.0,0.0,0.0,0.0,1.0,1.0,6.0,5.0,303.0,7.0,7.0,,,,26.0,30.0,,,,7.0,0.0,,28.0,4.0,,Male,Tyler,Korey,,,,0.72,0.71644,89.0,2.0,1.0,0.89444,30.0,1.0,2.0,0.4329,0.6688,0.36764,0.50833,9.0,0.75,3.0,1.0,0.0,1.0
4.0,Burnie & Ashley,TARUS28,3.27,3.27273,229.0,4.0,0.0,3.0,166.0,3.0,1.0,11.0,11.0,0.2834,0.4087,0.0,0.0,7.0,0.6364,1.48268,2.0,5.0,0.4545,0.0,0.0,0.0,0.0,0.0,0.0,0.0,0.0,0.0,2.0,2.0,6.0,4.0,304.0,6.0,6.0,,,,42.0,33.0,,,,6.0,0.0,,37.5,9.0,,Co-Ed,Burnie,Ashley,,,,0.64,0.63683,190.0,3.0,1.0,0.77778,108.0,3.0,1.0,0.2737,0.4833,0.25893,0.2375,9.0,0.8182,2.0,0.83333,0.0,0.83333
5.0,Brodie & Kurt,TARUS28,2.6,2.6,95.0,2.0,3.0,2.0,26.0,1.0,4.0,10.0,10.0,0.4302,0.5298,4.0,0.4,7.0,0.7,1.68523,3.5,2.0,0.2,1.0,0.1,0.0,0.0,0.0,1.0,0.0,0.0,0.0,1.0,1.0,5.0,4.0,305.0,5.0,6.0,,,,28.0,30.0,,,,5.5,1.0,,29.0,2.0,,Male,Brodie,Kurt,,,,0.72,0.72238,83.0,1.0,4.0,0.87857,36.0,2.0,3.0,0.4448,0.6826,0.34217,0.38333,8.0,0.8,2.0,1.0,0.0,1.0
6.0,Zach & Rachel,TARUS28,4.67,4.66667,509.0,5.0,1.0,5.0,504.0,5.0,1.0,9.0,9.0,-0.0234,0.1555,1.0,0.1111,3.0,0.3333,2.16025,3.0,0.0,0.0,1.0,0.1111,0.0,0.0,0.0,0.0,0.0,0.0,0.0,3.0,1.0,9.0,8.0,306.0,6.0,4.0,,,,25.0,25.0,,,,5.0,2.0,,25.0,0.0,,Co-Ed,Zach,Rachel,,,,0.49,0.48959,448.0,5.0,1.0,0.5,408.0,5.0,1.0,-0.0208,0.1404,0.29498,0.26667,5.0,0.5556,4.0,1.0,0.0,1.0
7.0,Scott & Blair,TARUS28,7.43,7.42857,870.0,9.0,-2.0,8.0,826.0,9.0,-2.0,7.0,7.0,-0.6282,-0.3436,0.0,0.0,0.0,0.0,2.19461,2.5,0.0,0.0,1.0,0.1429,1.0,0.1429,0.0,0.0,0.0,0.0,0.0,8.0,4.0,11.0,7.0,307.0,4.0,3.0,,,,58.0,22.0,,,,3.5,1.0,,40.0,36.0,,Co-Ed,Scott,Blair,,,,0.21,0.20743,906.0,10.0,-3.0,0.2,847.0,9.0,-2.0,-0.5851,-0.5168,0.18573,0.21528,1.0,0.1429,6.0,0.57143,0.0,0.57143
8.0,Erin & Joslyn,TARUS28,7.2,7.2,848.0,8.0,0.0,7.0,734.0,7.0,1.0,5.0,5.0,-0.5778,-0.302,0.0,0.0,0.0,0.0,1.72047,2.0,0.0,0.0,1.0,0.2,0.0,0.0,0.0,0.0,0.0,0.0,0.0,,5.0,10.0,5.0,308.0,3.0,2.0,,,,31.0,33.0,,,,2.5,1.0,,32.0,2.0,,Female,Erin,Joslyn,,,,0.28,0.28167,817.0,7.0,1.0,0.33333,656.0,7.0,1.0,-0.4367,-0.3439,0.21216,0.275,1.0,0.2,4.0,0.6,0.0,0.6
9.0,Brittany & Jessica,TARUS28,7.0,7.0,819.0,7.0,2.0,7.0,734.0,7.0,2.0,4.0,4.0,-0.534,-0.2658,0.0,0.0,0.0,0.0,1.41421,1.0,0.0,0.0,0.0,0.0,0.0,0.0,0.0,0.0,0.0,0.0,0.0,7.0,5.0,9.0,4.0,309.0,1.0,3.0,,,,26.0,28.0,,,,2.0,2.0,,27.0,2.0,,Female,Brittany,Jessica,,,,0.34,0.33889,713.0,6.0,3.0,0.4,563.0,6.0,3.0,-0.3222,-0.2106,0.20571,0.13889,1.0,0.25,3.0,0.55556,0.0,0.55556
10.0,Darius & Cameron,TARUS28,8.0,8.0,899.0,10.0,0.0,10.0,954.0,11.0,-1.0,3.0,3.0,-0.7531,-0.4467,0.0,0.0,0.0,0.0,2.82843,3.0,0.0,0.0,1.0,0.3333,0.0,0.0,0.0,0.0,0.0,0.0,0.0,10.0,4.0,10.0,6.0,310.0,2.0,1.0,,,,22.0,19.0,,,,1.5,1.0,,20.5,3.0,,Male,Darius,Cameron,,,,0.27,0.26667,839.0,9.0,1.0,0.1,968.0,11.0,-1.0,-0.4667,-0.3789,0.30912,0.35,1.0,0.3333,2.0,0.7,0.0,0.7
11.0,Marty & Hagan,TARUS28,9.5,9.5,990.0,11.0,0.0,9.5,943.0,10.0,1.0,2.0,2.0,-1.0819,-0.7179,0.0,0.0,0.0,0.0,1.5,1.5,0.0,0.0,0.0,0.0,0.0,0.0,0.0,0.0,0.0,0.0,0.0,,8.0,11.0,3.0,311.0,1.0,1.0,,,,51.0,22.0,,,,1.0,0.0,,36.5,29.0,,Female,Marty,Hagan,,,,0.15,0.15,945.0,11.0,0.0,0.15,904.0,10.0,1.0,-0.7,-0.6506,0.15,0.15,0.0,0.0,2.0,0.3,0.0,0.3
1.0,Brooke & Scott,TARUS29,4.08,4.08333,393.0,4.0,-3.0,4.0,341.0,4.0,-3.0,12.0,12.0,0.0449,0.2514,2.0,0.1667,4.0,0.3333,1.9347,3.25,1.0,0.0833,3.0,0.25,0.0,0.0,0.0,0.0,1.0,0.0,0.0,4.0,1.0,7.0,6.0,312.0,5.0,6.0,,,,36.0,34.0,,,,5.5,1.0,,35.0,2.0,,Co-Ed,Brooke,Scott,,,,0.51,0.51353,400.0,5.0,-4.0,0.42222,549.0,6.0,-5.0,0.0271,0.2358,0.28401,0.4,5.0,0.4167,7.0,1.0,0.14286,0.85714
2.0,Tara & Joey,TARUS29,3.08,3.08333,175.0,2.0,0.0,3.0,166.0,3.0,-1.0,12.0,12.0,0.279,0.4349,3.0,0.25,9.0,0.75,1.89113,1.75,2.0,0.1667,1.0,0.0833,1.0,0.0833,0.0,0.0,2.0,0.0,0.0,3.0,1.0,7.0,6.0,313.0,5.0,6.0,,,,38.0,46.0,,,,5.5,1.0,,42.0,8.0,,Co-Ed,Tara,Joey,,,,0.61,0.60903,233.0,3.0,-1.0,0.55,384.0,4.0,-2.0,0.2181,0.4656,0.30157,0.44792,9.0,0.75,3.0,1.0,0.0,1.0
3.0,London & Logan,TARUS29,4.83,4.83333,548.0,7.0,-4.0,5.0,504.0,6.0,-3.0,12.0,12.0,-0.1307,0.1138,0.0,0.0,3.0,0.25,1.77169,1.5,1.0,0.0833,3.0,0.25,0.0,0.0,0.0,0.0,0.0,0.0,0.0,5.0,2.0,8.0,6.0,314.0,6.0,5.0,,,,27.0,27.0,,,,5.5,1.0,,27.0,0.0,,Co-Ed,London,Logan,,,,0.33,0.33062,733.0,8.0,-5.0,0.31667,702.0,7.0,-4.0,-0.3388,-0.2044,0.17252,0.22976,3.0,0.25,9.0,0.66667,0.0,0.66667
4.0,Matt & Redmond,TARUS29,2.55,2.54545,85.0,1.0,3.0,2.0,26.0,1.0,3.0,11.0,11.0,0.403,0.5321,2.0,0.1818,8.0,0.7273,1.07565,1.5,4.0,0.3636,0.0,0.0,0.0,0.0,0.0,1.0,0.0,0.0,0.0,2.0,1.0,4.0,3.0,315.0,6.0,5.0,,,,25.0,28.0,,,,5.5,1.0,,26.5,3.0,,Male,Matt,Redmond,,,,0.73,0.72644,78.0,1.0,3.0,0.8,88.0,1.0,3.0,0.4529,0.7482,0.26087,0.14583,10.0,0.9091,1.0,1.0,0.0,1.0
5.0,Becca & Floyd,TARUS29,3.4,3.4,258.0,3.0,2.0,2.5,128.0,2.0,3.0,10.0,10.0,0.204,0.3761,2.0,0.2,6.0,0.6,2.15407,3.0,3.0,0.3,2.0,0.2,0.0,0.0,1.0,1.0,0.0,0.0,0.0,2.0,1.0,8.0,7.0,316.0,4.0,4.0,,,,26.0,21.0,,,,4.0,0.0,,23.5,5.0,,Co-Ed,Becca,Floyd,,,,0.61,0.61044,230.0,2.0,3.0,0.73333,159.0,2.0,3.0,0.2209,0.469,0.35596,0.6004,7.0,0.7,3.0,1.0,0.0,1.0
6.0,Liz & Michael,TARUS29,4.75,4.75,532.0,6.0,0.0,5.0,504.0,6.0,0.0,8.0,8.0,-0.112,0.1284,2.0,0.25,3.0,0.375,2.90474,3.75,0.0,0.0,1.0,0.125,2.0,0.25,0.0,1.0,1.0,0.0,0.0,1.0,1.0,10.0,9.0,317.0,4.0,3.0,,,,24.0,37.0,,,,3.5,1.0,,30.5,13.0,,Co-Ed,Liz,Michael,,,,0.41,0.41429,594.0,7.0,-1.0,0.3,708.0,8.0,-2.0,-0.1714,-0.003,0.4179,0.78571,4.0,0.5,4.0,1.0,0.0,1.0
7.0,Vanck & Ashton,TARUS29,4.83,4.83333,548.0,7.0,0.0,5.0,504.0,6.0,1.0,6.0,6.0,-0.1307,0.1138,0.0,0.0,2.0,0.3333,1.95078,3.5,1.0,0.1667,0.0,0.0,0.0,0.0,0.0,1.0,1.0,0.0,0.0,7.0,2.0,7.0,5.0,318.0,3.0,2.0,,,,28.0,25.0,,,,2.5,1.0,,26.5,3.0,,Co-Ed,Vanck,Ashton,,,,0.47,0.47077,488.0,6.0,1.0,0.45,503.0,5.0,2.0,-0.0585,0.1329,0.29284,0.37321,3.0,0.5,3.0,0.88889,0.0,0.88889
8.0,Shamir & Sara,TARUS29,7.25,7.25,851.0,9.0,-1.0,7.5,808.0,9.0,-1.0,4.0,4.0,-0.6973,-0.3303,0.0,0.0,0.0,0.0,1.47902,1.75,0.0,0.0,1.0,0.25,0.0,0.0,0.0,0.0,0.0,0.0,0.0,,5.0,9.0,4.0,319.0,2.0,1.0,,,,28.0,27.0,,,,1.5,1.0,,27.5,1.0,,Co-Ed,Shamir,Sara,,,,0.24,0.24028,871.0,9.0,-1.0,0.18056,884.0,9.0,-1.0,-0.5194,-0.4218,0.22578,0.25417,1.0,0.25,3.0,0.6,0.0,0.6
9.0,Seth & Olive,TARUS29,4.67,4.66667,509.0,5.0,4.0,4.0,341.0,4.0,5.0,3.0,3.0,-0.0933,0.1431,1.0,0.3333,1.0,0.3333,3.29983,4.0,0.0,0.0,0.0,0.0,0.0,0.0,0.0,1.0,0.0,0.0,0.0,,1.0,9.0,8.0,320.0,1.0,1.0,,,,37.0,24.0,,,,1.0,0.0,,30.5,13.0,,Co-Ed,Seth,Olive,,,,0.56,0.55556,324.0,4.0,5.0,0.66667,216.0,3.0,6.0,0.1111,0.337,0.41574,0.5,2.0,0.6667,1.0,1.0,0.0,1.0
10.0,Jessie & Francesca,TARUS29,9.5,9.5,990.0,10.0,0.0,9.5,943.0,10.0,0.0,2.0,2.0,-1.224,-0.7431,0.0,0.0,0.0,0.0,0.5,0.5,0.0,0.0,0.0,0.0,0.0,0.0,0.0,0.0,0.0,0.0,0.0,,9.0,10.0,1.0,321.0,0.0,1.0,,,,28.0,33.0,,,,0.5,1.0,,30.5,5.0,,Female,Jessie,Francesca,,,,0.1,0.1,984.0,10.0,0.0,0.1,968.0,10.0,0.0,-0.8,-0.7593,0.1,0.1,0.0,0.0,2.0,0.2,0.0,0.2
11.0,Kevin & Jenn,TARUS29,11.0,11.0,1043.0,11.0,0.0,11.0,997.0,11.0,0.0,1.0,1.0,-1.5751,-1.0183,0.0,0.0,0.0,0.0,0.0,0.0,0.0,0.0,0.0,0.0,0.0,0.0,0.0,0.0,0.0,0.0,0.0,,11.0,11.0,0.0,322.0,0.0,0.0,,,,31.0,25.0,,,,0.0,0.0,,28.0,6.0,,Co-Ed,Kevin,Jenn,,,,0.0,0.0,1030.0,11.0,0.0,0.0,1022.0,11.0,0.0,-1.0,-1.0,0.0,0.0,0.0,0.0,1.0,0.0,0.0,0.0
1.0,Cody & Jessica,TARUS30,3.27,3.27273,229.0,3.0,-2.0,2.0,26.0,1.0,0.0,11.0,12.0,0.2626,0.4293,2.0,0.1818,6.0,0.5455,1.86308,3.0,4.0,0.3636,3.0,0.2727,1.0,0.0909,0.0,1.0,1.0,0.0,0.0,2.0,1.0,6.0,5.0,323.0,6.0,3.0,,,,32.0,26.0,,,,4.5,3.0,,29.0,6.0,,Co-Ed,Cody,Jessica,,,,0.59,0.59188,269.0,3.0,-2.0,0.66667,216.0,2.0,-2.0,0.1838,0.489,0.3123,0.61964,7.0,0.6364,4.0,1.0,0.16667,0.83333
2.0,Henry & Evan,TARUS30,3.55,3.54545,290.0,4.0,-2.0,3.0,166.0,1.0,1.0,11.0,12.0,0.1994,0.3805,2.0,0.1818,6.0,0.5455,1.97086,1.5,1.0,0.0909,0.0,0.0,1.0,0.0909,0.0,1.0,0.0,0.0,0.0,3.0,1.0,8.0,7.0,324.0,4.0,5.0,,,,22.0,22.0,,,,4.5,1.0,,22.0,0.0,,Co-Ed,Henry,Evan,,,,0.55,0.54867,338.0,4.0,-2.0,0.5,408.0,5.0,-3.0,0.0973,0.3803,0.29382,0.34583,7.0,0.6364,4.0,1.0,0.0,1.0
3.0,Kristi & Jen,TARUS30,2.36,2.36364,54.0,1.0,2.0,3.0,166.0,1.0,2.0,11.0,12.0,0.4678,0.5881,2.0,0.1818,11.0,1.0,0.77139,1.0,3.0,0.2727,2.0,0.1818,1.0,0.0909,0.0,0.0,0.0,0.0,0.0,3.0,1.0,3.0,2.0,325.0,5.0,4.0,,,,36.0,30.0,,,,4.5,1.0,,33.0,6.0,,Female,Kristi,Jen,,,,0.67,0.66833,144.0,1.0,2.0,0.75,132.0,1.0,2.0,0.3367,0.6813,0.29789,0.2869,8.0,0.7273,3.0,1.0,0.0,1.0
4.0,Alex & Conor,TARUS30,3.1,3.1,185.0,2.0,2.0,3.5,315.0,1.0,3.0,10.0,11.0,0.3009,0.459,3.0,0.3,5.0,0.5,1.64012,3.5,1.0,0.1,0.0,0.0,0.0,0.0,0.0,0.0,1.0,0.0,0.0,5.0,1.0,5.0,4.0,326.0,4.0,4.0,,,,26.0,25.0,,,,4.0,0.0,,25.5,1.0,,Male,Alex,Conor,,,,0.66,0.65591,160.0,2.0,2.0,0.6,309.0,3.0,2.0,0.3118,0.6501,0.30426,0.45486,8.0,0.8,2.0,1.0,0.0,1.0
5.0,Lucas & Brittany,TARUS30,5.13,5.125,595.0,5.0,0.0,5.5,613.0,6.0,-1.0,8.0,9.0,-0.1569,0.1047,2.0,0.25,2.0,0.25,2.61904,3.25,0.0,0.0,2.0,0.25,0.0,0.0,0.0,0.0,1.0,0.0,0.0,8.0,1.0,8.0,7.0,327.0,3.0,3.0,,,,35.0,31.0,,,,3.0,0.0,,33.0,4.0,,Co-Ed,Lucas,Brittany,,,,0.43,0.42847,574.0,6.0,-1.0,0.36667,622.0,7.0,-1.0,-0.1431,0.0779,0.35902,0.45833,2.0,0.25,6.0,1.0,0.0,1.0
6.0,Eric & Daniel,TARUS30,6.0,6.0,715.0,7.0,-1.0,7.0,734.0,8.0,-2.0,7.0,8.0,-0.3531,-0.0471,0.0,0.0,2.0,0.2857,2.39046,3.0,1.0,0.1429,1.0,0.1429,0.0,0.0,0.0,0.0,0.0,0.0,0.0,7.0,2.0,9.0,7.0,328.0,3.0,3.0,,,,33.0,33.0,,,,3.0,0.0,,33.0,0.0,,Male,Eric,Daniel,,,,0.35,0.35125,693.0,8.0,-2.0,0.25,777.0,8.0,-2.0,-0.2975,-0.1164,0.28495,0.32659,2.0,0.2857,5.0,0.83333,0.0,0.83333
7.0,Trevor & Chris,TARUS30,5.17,5.16667,600.0,6.0,1.0,4.5,470.0,5.0,2.0,6.0,6.0,-0.1942,0.0882,0.0,0.0,0.0,0.0,1.34371,2.5,0.0,0.0,1.0,0.1667,0.0,0.0,0.0,1.0,0.0,0.0,0.0,4.0,4.0,7.0,3.0,329.0,3.0,3.0,,,,31.0,33.0,,,,3.0,0.0,,32.0,2.0,,Male,Trevor,Chris,,,,0.44,0.43909,546.0,5.0,2.0,0.5625,367.0,4.0,3.0,-0.1218,0.1046,0.2704,0.42411,4.0,0.6667,2.0,0.7,0.0,0.7
8.0,Joey & Tim,TARUS30,6.2,6.2,749.0,8.0,0.0,6.0,634.0,7.0,1.0,5.0,5.0,-0.4321,-0.0935,0.0,0.0,0.0,0.0,1.32665,1.0,0.0,0.0,0.0,0.0,0.0,0.0,0.0,0.0,0.0,0.0,0.0,6.0,4.0,8.0,4.0,330.0,2.0,3.0,,,,33.0,41.0,,,,2.5,1.0,,37.0,8.0,,Male,Joey,Tim,,,,0.37,0.36667,672.0,7.0,1.0,0.375,609.0,6.0,1.0,-0.2667,-0.0776,0.20983,0.16667,2.0,0.4,3.0,0.625,0.0,0.625
9.0,Cedric & Shawn,TARUS30,7.25,7.25,851.0,9.0,0.0,9.0,889.0,9.0,0.0,4.0,4.0,-0.6746,-0.2787,0.0,0.0,1.0,0.25,3.03109,1.75,1.0,0.25,0.0,0.0,1.0,0.25,0.0,0.0,0.0,0.0,0.0,9.0,2.0,9.0,7.0,331.0,2.0,2.0,,,,48.0,39.0,,,,2.0,0.0,,43.5,9.0,,Male,Cedric,Shawn,,,,0.27,0.27222,832.0,9.0,0.0,0.1,968.0,9.0,0.0,-0.4556,-0.3152,0.36528,0.37222,1.0,0.25,3.0,0.88889,0.0,0.88889
10.0,April & Sarah,TARUS30,10.0,10.0,1002.0,10.0,0.0,10.0,954.0,10.0,0.0,2.0,2.0,-1.3099,-0.7637,0.0,0.0,0.0,0.0,0.0,0.0,0.0,0.0,1.0,0.5,0.0,0.0,0.0,0.0,0.0,0.0,0.0,10.0,10.0,10.0,0.0,332.0,0.0,2.0,,,,39.0,39.0,,,,1.0,2.0,,39.0,0.0,,Female,April,Sarah,,,,0.05,0.05,1011.0,10.0,0.0,0.05,1005.0,10.0,0.0,-0.9,-0.8742,0.05,0.05,0.0,0.0,2.0,0.1,0.0,0.1
11.0,Dessie & Kayla,TARUS30,11.0,11.0,1043.0,11.0,0.0,11.0,997.0,11.0,0.0,1.0,1.0,-1.5408,-0.94,0.0,0.0,0.0,0.0,0.0,0.0,0.0,0.0,0.0,0.0,0.0,0.0,0.0,0.0,0.0,0.0,0.0,,11.0,11.0,0.0,333.0,1.0,0.0,,,,27.0,26.0,,,,0.5,1.0,,26.5,1.0,,Female,Dessie,Kayla,,,,0.0,0.0,1030.0,11.0,0.0,0.0,1022.0,11.0,0.0,-1.0,-1.0,0.0,0.0,0.0,0.0,1.0,0.0,0.0,0.0
1.0,Colin & Christie,TARUS31,2.42,2.41667,66.0,1.0,0.0,2.5,128.0,2.0,-1.0,12.0,12.0,0.4615,0.5806,3.0,0.25,10.0,0.8333,1.03749,1.25,3.0,0.25,1.0,0.0833,0.0,0.0,0.0,1.0,0.0,0.0,0.0,3.0,1.0,4.0,3.0,334.0,6.0,6.0,,,,38.0,40.0,,,,6.0,0.0,,39.0,2.0,,Co-Ed,Colin,Christie,,,,0.76,0.76012,48.0,1.0,0.0,0.79167,103.0,1.0,0.0,0.5202,0.9255,0.21183,0.25833,10.0,0.8333,2.0,1.0,0.33333,0.66667
2.0,Tyler & Korey,TARUS31,2.75,2.75,111.0,2.0,0.0,2.0,26.0,1.0,1.0,12.0,12.0,0.3881,0.5234,4.0,0.3333,8.0,0.6667,1.83144,3.0,3.0,0.25,0.0,0.0,0.0,0.0,0.0,1.0,0.0,0.0,0.0,1.0,1.0,7.0,6.0,335.0,6.0,6.0,,,,29.0,33.0,,,,6.0,0.0,,31.0,4.0,,Male,Tyler,Korey,,,,0.73,0.72887,75.0,2.0,0.0,0.70833,182.0,2.0,0.0,0.4577,0.8464,0.22365,0.44643,11.0,0.9167,1.0,1.0,0.33333,0.66667
3.0,Leo & Jamal,TARUS31,4.25,4.25,433.0,5.0,-2.0,4.5,470.0,5.0,-2.0,12.0,12.0,0.0543,0.2634,3.0,0.25,5.0,0.4167,2.34965,3.5,0.0,0.0,4.0,0.3333,0.0,0.0,0.0,0.0,1.0,0.0,0.0,1.0,1.0,8.0,7.0,336.0,7.0,5.0,,,,31.0,31.0,,,,6.0,2.0,,31.0,0.0,,Male,Leo,Jamal,,,,0.44,0.44127,539.0,5.0,-2.0,0.33036,693.0,6.0,-3.0,-0.1175,0.1178,0.35231,0.46429,5.0,0.4167,7.0,1.0,0.0,1.0
4.0,Nicole & Victor,TARUS31,3.82,3.81818,345.0,3.0,1.0,4.0,341.0,3.0,1.0,11.0,11.0,0.15,0.338,0.0,0.0,5.0,0.4545,1.69589,3.0,4.0,0.3636,1.0,0.0909,1.0,0.0909,0.0,1.0,1.0,0.0,0.0,2.0,2.0,7.0,5.0,337.0,5.0,6.0,,,,25.0,27.0,,,,5.5,1.0,,26.0,2.0,,Co-Ed,Nicole,Victor,,,,0.52,0.51501,396.0,4.0,0.0,0.5,408.0,4.0,0.0,0.03,0.3046,0.32492,0.54583,6.0,0.5455,5.0,0.88889,0.0,0.88889
5.0,Becca & Floyd,TARUS31,4.0,4.0,375.0,4.0,1.0,4.0,341.0,3.0,2.0,10.0,10.0,0.11,0.3068,2.0,0.2,4.0,0.4,2.19089,2.0,0.0,0.0,1.0,0.1,0.0,0.0,0.0,2.0,1.0,0.0,0.0,5.0,1.0,9.0,8.0,338.0,5.0,5.0,,,,28.0,23.0,,,,5.0,0.0,,25.5,5.0,,Co-Ed,Becca,Floyd,,,,0.55,0.55313,327.0,3.0,2.0,0.6,309.0,3.0,2.0,0.1063,0.4012,0.30684,0.20982,7.0,0.7,3.0,1.0,0.0,1.0
6.0,Chris & Bret,TARUS31,5.22,5.22222,611.0,6.0,0.0,6.0,634.0,6.0,0.0,9.0,9.0,-0.1615,0.0953,0.0,0.0,3.0,0.3333,2.43939,4.0,2.0,0.2222,1.0,0.1111,1.0,0.1111,0.0,0.0,0.0,0.0,0.0,2.0,2.0,9.0,7.0,339.0,5.0,5.0,,,,40.0,44.0,,,,5.0,0.0,,42.0,4.0,,Male,Chris,Bret,,,,0.42,0.42231,582.0,6.0,0.0,0.4,563.0,5.0,1.0,-0.1554,0.0698,0.32493,0.58333,4.0,0.4444,5.0,0.85714,0.0,0.85714
7.0,Rachel & Elissa,TARUS31,6.13,6.125,737.0,7.0,0.0,7.0,734.0,8.0,-1.0,8.0,8.0,-0.364,-0.0624,0.0,0.0,1.0,0.125,1.76334,2.5,0.0,0.0,2.0,0.25,1.0,0.125,0.0,1.0,1.0,0.0,0.0,7.0,3.0,8.0,5.0,340.0,4.0,5.0,,,,33.0,32.0,,,,4.5,1.0,,32.5,1.0,,Female,Rachel,Elissa,,,,0.29,0.29112,804.0,8.0,-1.0,0.19643,870.0,9.0,-2.0,-0.4178,-0.2625,0.27986,0.33125,2.0,0.25,6.0,0.77778,0.0,0.77778
8.0,Janelle & Britney,TARUS31,6.67,6.66667,794.0,8.0,0.0,6.5,714.0,7.0,1.0,6.0,6.0,-0.4841,-0.156,0.0,0.0,0.0,0.0,1.10554,1.75,0.0,0.0,0.0,0.0,0.0,0.0,0.0,0.0,0.0,0.0,0.0,8.0,5.0,8.0,3.0,341.0,5.0,2.0,,,,38.0,30.0,,,,3.5,3.0,,34.0,8.0,,Female,Janelle,Britney,,,,0.29,0.29438,797.0,7.0,1.0,0.29286,732.0,8.0,0.0,-0.4112,-0.2543,0.16505,0.09732,1.0,0.1667,5.0,0.55556,0.0,0.55556
9.0,Corinne & Eliza,TARUS31,7.25,7.25,851.0,9.0,0.0,7.5,808.0,9.0,0.0,4.0,4.0,-0.6132,-0.2565,0.0,0.0,0.0,0.0,1.78536,3.25,0.0,0.0,0.0,0.0,0.0,0.0,0.0,0.0,0.0,0.0,0.0,9.0,5.0,9.0,4.0,342.0,2.0,3.0,,,,39.0,35.0,,,,2.5,1.0,,37.0,4.0,,Female,Corinne,Eliza,,,,0.29,0.28611,811.0,9.0,0.0,0.32222,699.0,7.0,2.0,-0.4278,-0.2752,0.20006,0.30833,1.0,0.25,3.0,0.5,0.0,0.5
10.0,Rupert & Laura,TARUS31,10.0,10.0,1002.0,10.0,0.0,10.0,954.0,10.0,0.0,2.0,2.0,-1.2251,-0.7331,0.0,0.0,0.0,0.0,0.0,0.0,0.0,0.0,1.0,0.5,0.0,0.0,0.0,0.0,0.0,0.0,0.0,10.0,10.0,10.0,0.0,343.0,2.0,1.0,,,,54.0,49.0,,,,1.5,1.0,,51.5,5.0,,Co-Ed,Rupert,Laura,,,,0.05,0.05,1011.0,10.0,0.0,0.05,1005.0,10.0,0.0,-0.9,-0.8733,0.05,0.05,0.0,0.0,2.0,0.1,0.0,0.1
11.0,Art & JJ,TARUS31,11.0,11.0,1043.0,11.0,0.0,11.0,997.0,11.0,0.0,1.0,1.0,-1.4476,-0.9064,0.0,0.0,0.0,0.0,0.0,0.0,0.0,0.0,0.0,0.0,0.0,0.0,0.0,0.0,0.0,0.0,0.0,,11.0,11.0,0.0,344.0,1.0,1.0,,,,49.0,49.0,,,,1.0,0.0,,49.0,0.0,,Male,Art,JJ,,,,0.0,0.0,1030.0,11.0,0.0,0.0,1022.0,11.0,0.0,-1.0,-1.0,0.0,0.0,0.0,0.0,1.0,0.0,0.0,0.0
1.0,Will & James,TARUS32,2.58,2.58333,88.0,2.0,-1.0,2.0,26.0,1.0,0.0,12.0,11.0,0.4095,0.545,4.0,0.3333,8.0,0.6667,1.55233,3.0,3.0,0.25,0.0,0.0,0.0,0.0,0.0,0.0,1.0,0.0,1.0,1.0,1.0,6.0,5.0,345.0,6.0,5.0,,,,30.0,31.0,,,,5.5,1.0,,30.5,1.0,,Male,Will,James,,,,0.75,0.75271,53.0,2.0,-1.0,0.725,165.0,2.0,-1.0,0.5054,0.9029,0.19835,0.40714,11.0,0.9167,1.0,1.0,0.44444,0.55556
2.0,Hung & Chee,TARUS32,2.83,2.83333,126.0,3.0,-1.0,3.0,166.0,3.0,-1.0,12.0,11.0,0.3523,0.5009,2.0,0.1667,9.0,0.75,1.34371,1.25,3.0,0.25,1.0,0.0833,0.0,0.0,0.0,0.0,0.0,0.0,0.0,3.0,1.0,6.0,5.0,346.0,5.0,6.0,,,,39.0,38.0,,,,5.5,1.0,,38.5,1.0,,Co-Ed,Hung,Chee,,,,0.62,0.62371,210.0,3.0,-1.0,0.58333,342.0,3.0,-1.0,0.2474,0.5768,0.24728,0.46161,8.0,0.6667,4.0,1.0,0.28571,0.71429
3.0,Riley & Maddison,TARUS32,2.17,2.16667,31.0,1.0,2.0,2.0,26.0,1.0,2.0,12.0,11.0,0.5033,0.6173,5.0,0.4167,10.0,0.8333,1.14261,2.0,2.0,0.1667,0.0,0.0,0.0,0.0,0.0,0.0,0.0,0.0,1.0,1.0,1.0,4.0,3.0,347.0,6.0,5.0,,,,31.0,29.0,,,,5.5,1.0,,30.0,2.0,,Male,Riley,Maddison,,,,0.79,0.78674,34.0,1.0,2.0,0.83333,69.0,1.0,2.0,0.5735,0.989,0.27741,0.26042,11.0,0.9167,1.0,1.0,0.0,1.0
4.0,Gary & DeAngelo,TARUS32,4.27,4.27273,441.0,4.0,0.0,4.0,341.0,4.0,0.0,11.0,10.0,0.0227,0.2469,1.0,0.0909,4.0,0.3636,2.41551,2.5,2.0,0.1818,3.0,0.2727,0.0,0.0,0.0,0.0,1.0,0.0,0.0,4.0,1.0,10.0,9.0,348.0,5.0,4.0,,,,37.0,34.0,,,,4.5,1.0,,35.5,3.0,,Male,Gary,DeAngelo,,,,0.47,0.47367,482.0,5.0,-1.0,0.5,408.0,5.0,-1.0,-0.0527,0.1975,0.31605,0.50357,6.0,0.5455,5.0,1.0,0.0,1.0
5.0,Eswar & Aparna,TARUS32,5.4,5.4,646.0,6.0,-1.0,5.0,504.0,5.0,0.0,10.0,9.0,-0.236,0.0476,0.0,0.0,0.0,0.0,0.8,1.0,0.0,0.0,3.0,0.3,0.0,0.0,0.0,1.0,0.0,0.0,0.0,5.0,4.0,7.0,3.0,349.0,5.0,4.0,,,,24.0,26.0,,,,4.5,1.0,,25.0,2.0,,Co-Ed,Eswar,Aparna,,,,0.31,0.3056,774.0,7.0,-2.0,0.30952,707.0,7.0,-2.0,-0.3888,-0.2274,0.17187,0.19375,1.0,0.1,9.0,0.66667,0.0,0.66667
6.0,Kaylynn & Haley,TARUS32,6.44,6.44444,773.0,8.0,-2.0,7.0,734.0,8.0,-2.0,9.0,8.0,-0.474,-0.1358,0.0,0.0,1.0,0.1111,1.57135,2.0,0.0,0.0,1.0,0.1111,3.0,0.3333,0.0,0.0,1.0,2.0,1.0,8.0,3.0,8.0,5.0,350.0,4.0,4.0,,,,30.0,31.0,,,,4.0,0.0,,30.5,1.0,,Female,Kaylynn,Haley,,,,0.19,0.19427,921.0,9.0,-3.0,0.14286,915.0,8.0,-2.0,-0.6115,-0.5089,0.23422,0.3,1.0,0.1111,8.0,0.75,0.0,0.75
7.0,Leo & Alana,TARUS32,5.71,5.71429,685.0,7.0,0.0,6.0,634.0,7.0,0.0,7.0,7.0,-0.3069,-0.0071,0.0,0.0,2.0,0.2857,1.82946,2.5,0.0,0.0,2.0,0.2857,0.0,0.0,0.0,1.0,0.0,1.0,0.0,6.0,3.0,8.0,5.0,351.0,4.0,2.0,,,,31.0,29.0,,,,3.0,2.0,,30.0,2.0,,Co-Ed,Leo,Alana,,,,0.36,0.3648,674.0,6.0,1.0,0.33333,656.0,6.0,1.0,-0.2704,-0.0777,0.26549,0.46131,3.0,0.4286,4.0,0.71429,0.0,0.71429
8.0,Michelle & Victoria,TARUS32,4.8,4.8,541.0,5.0,3.0,5.0,504.0,5.0,3.0,5.0,5.0,-0.0986,0.1534,0.0,0.0,2.0,0.4,2.48193,5.0,2.0,0.4,0.0,0.0,0.0,0.0,0.0,0.0,0.0,0.0,0.0,2.0,2.0,8.0,6.0,352.0,3.0,2.0,,,,34.0,33.0,,,,2.5,1.0,,33.5,1.0,,Female,Michelle,Victoria,,,,0.51,0.51254,402.0,4.0,4.0,0.55556,370.0,4.0,4.0,0.0251,0.2958,0.34709,0.60714,3.0,0.6,2.0,0.9,0.0,0.9
9.0,Jerry & Frank,TARUS32,7.67,7.66667,885.0,9.0,0.0,9.0,889.0,9.0,0.0,3.0,3.0,-0.7555,-0.3527,0.0,0.0,0.0,0.0,1.88562,2.0,0.0,0.0,1.0,0.3333,0.0,0.0,0.0,1.0,0.0,0.0,0.0,9.0,5.0,9.0,4.0,353.0,0.0,2.0,,,,61.0,25.0,,,,1.0,2.0,,43.0,36.0,,Male,Jerry,Frank,,,,0.24,0.23704,873.0,8.0,1.0,0.11111,945.0,9.0,0.0,-0.5259,-0.4007,0.26063,0.3,1.0,0.3333,2.0,0.6,0.0,0.6
10.0,Kellie & LaVonne,TARUS32,9.5,9.5,990.0,10.0,0.0,9.5,943.0,10.0,0.0,2.0,2.0,-1.1744,-0.6755,0.0,0.0,0.0,0.0,0.5,0.5,0.0,0.0,0.0,0.0,0.0,0.0,0.0,0.0,0.0,0.0,0.0,,9.0,10.0,1.0,354.0,1.0,1.0,,,,38.0,34.0,,,,1.0,0.0,,36.0,4.0,,Female,Kellie,LaVonne,,,,0.1,0.1,984.0,10.0,0.0,0.1,968.0,10.0,0.0,-0.8,-0.7472,0.1,0.1,0.0,0.0,2.0,0.2,0.0,0.2
11.0,Nathan & Cody,TARUS32,11.0,11.0,1043.0,11.0,0.0,11.0,997.0,11.0,0.0,1.0,1.0,-1.5177,-0.94,0.0,0.0,0.0,0.0,0.0,0.0,0.0,0.0,0.0,0.0,0.0,0.0,0.0,0.0,0.0,0.0,0.0,,11.0,11.0,0.0,355.0,0.0,1.0,,,,39.0,33.0,,,,0.5,1.0,,36.0,6.0,,Male,Nathan,Cody,,,,0.0,0.0,1030.0,11.0,0.0,0.0,1022.0,11.0,0.0,-1.0,-1.0,0.0,0.0,0.0,0.0,1.0,0.0,0.0,0.0
1.0,Kim & Penn,TARUS33,2.09,2.09091,27.0,1.0,0.0,2.0,26.0,1.0,0.0,11.0,11.0,0.5086,0.587,5.0,0.4545,9.0,0.8182,1.31111,1.5,3.0,0.2727,0.0,0.0,0.0,0.0,0.0,0.0,0.0,0.0,0.0,1.0,1.0,5.0,4.0,356.0,5.0,6.0,,,,45.0,47.0,,,,5.5,1.0,,46.0,2.0,,Co-Ed,Kim,Penn,,,,0.82,0.8202,18.0,1.0,0.0,0.83333,69.0,1.0,0.0,0.6404,0.822,0.17631,0.33333,11.0,1.0,0.0,1.0,0.55556,0.44444
2.0,Raquel & Cayla,TARUS33,2.73,2.72727,109.0,3.0,-1.0,2.0,26.0,1.0,1.0,11.0,11.0,0.3582,0.4605,2.0,0.1818,8.0,0.7273,1.42005,1.5,4.0,0.3636,0.0,0.0,0.0,0.0,0.0,0.0,0.0,0.0,0.0,2.0,1.0,6.0,5.0,357.0,7.0,4.0,,,,31.0,30.0,,,,5.5,3.0,,30.5,1.0,,Female,Raquel,Cayla,,,,0.71,0.70707,93.0,2.0,0.0,0.75,132.0,3.0,-1.0,0.4141,0.5707,0.19116,0.21667,9.0,0.8182,2.0,1.0,0.4,0.6
3.0,Ryan & Dusty,TARUS33,2.36,2.36364,54.0,2.0,1.0,3.0,166.0,3.0,0.0,11.0,11.0,0.4452,0.5336,3.0,0.2727,10.0,0.9091,0.97912,1.5,2.0,0.1818,0.0,0.0,0.0,0.0,0.0,0.0,0.0,0.0,0.0,3.0,1.0,4.0,3.0,358.0,6.0,5.0,,,,37.0,38.0,,,,5.5,1.0,,37.5,1.0,,Male,Ryan,Dusty,,,,0.61,0.61111,229.0,5.0,-2.0,0.6,309.0,5.0,-2.0,0.2222,0.3575,0.36472,0.53333,8.0,0.7273,3.0,1.0,0.0,1.0
4.0,Arun & Natalia,TARUS33,5.4,5.4,646.0,7.0,-3.0,4.5,470.0,6.0,-2.0,10.0,10.0,-0.2695,-0.0672,0.0,0.0,2.0,0.2,2.2891,2.0,0.0,0.0,0.0,0.0,1.0,0.1,0.0,0.0,0.0,0.0,0.0,4.0,3.0,10.0,7.0,359.0,6.0,5.0,,,,56.0,28.0,,,,5.5,1.0,,42.0,28.0,,Co-Ed,Arun,Natalia,,,,0.21,0.21278,900.0,9.0,-5.0,0.18333,878.0,10.0,-6.0,-0.5744,-0.5273,0.23528,0.3125,1.0,0.1,9.0,0.77778,0.0,0.77778
5.0,Lulu & Lala,TARUS33,5.88,5.875,710.0,8.0,-3.0,5.0,504.0,7.0,-2.0,8.0,8.0,-0.3824,-0.1621,0.0,0.0,1.0,0.125,2.71282,3.75,1.0,0.125,1.0,0.125,1.0,0.125,0.0,0.0,0.0,0.0,0.0,10.0,2.0,10.0,8.0,360.0,4.0,4.0,,,,37.0,37.0,,,,4.0,0.0,,37.0,0.0,,Female,Lulu,Lala,,,,0.27,0.27292,829.0,7.0,-2.0,0.225,819.0,7.0,-2.0,-0.4542,-0.3937,0.2544,0.3,2.0,0.25,6.0,0.8,0.0,0.8
6.0,Akbar & Sheri,TARUS33,6.5,6.5,775.0,9.0,-3.0,6.0,634.0,9.0,-3.0,6.0,6.0,-0.5281,-0.2846,0.0,0.0,0.0,0.0,1.5,2.25,0.0,0.0,0.0,0.0,0.0,0.0,0.0,0.0,0.0,0.0,0.0,6.0,5.0,9.0,4.0,361.0,2.0,3.0,,,,45.0,44.0,,,,2.5,1.0,,44.5,1.0,,Co-Ed,Akbar,Sheri,,,,0.23,0.22778,882.0,8.0,-2.0,0.21111,842.0,9.0,-3.0,-0.5444,-0.494,0.15893,0.17222,1.0,0.1667,5.0,0.5,0.0,0.5
7.0,Michael & Moe,TARUS33,9.0,9.0,952.0,11.0,-4.0,9.0,889.0,11.0,-4.0,2.0,2.0,-1.1159,-0.7787,0.0,0.0,0.0,0.0,2.0,2.0,0.0,0.0,0.0,0.0,0.0,0.0,0.0,0.0,0.0,0.0,0.0,,7.0,11.0,4.0,362.0,0.0,1.0,,,,36.0,42.0,,,,0.5,1.0,,39.0,6.0,,Male,Michael,Moe,,,,0.0,0.0,1030.0,11.0,-4.0,0.0,1022.0,11.0,-4.0,-1.0,-1.0,0.0,0.0,0.0,0.0,2.0,0.0,0.0,0.0
8.0,Anthony & Spencer,TARUS33,3.67,3.66667,311.0,4.0,4.0,3.0,166.0,3.0,5.0,3.0,3.0,0.1372,0.2747,1.0,0.3333,2.0,0.6667,2.49444,3.0,0.0,0.0,0.0,0.0,0.0,0.0,0.0,0.0,0.0,0.0,0.0,,1.0,7.0,6.0,363.0,1.0,1.0,,,,29.0,29.0,,,,1.0,0.0,,29.0,0.0,,Male,Anthony,Spencer,,,,0.7,0.7037,99.0,3.0,5.0,0.77778,108.0,2.0,6.0,0.4074,0.5632,0.27716,0.33333,2.0,0.6667,1.0,1.0,0.33333,0.66667
9.0,Connie & Sam,TARUS33,4.33,4.33333,451.0,5.0,4.0,4.0,341.0,5.0,4.0,3.0,3.0,-0.018,0.1443,0.0,0.0,1.0,0.3333,2.0548,2.5,1.0,0.3333,0.0,0.0,0.0,0.0,0.0,0.0,0.0,0.0,0.0,,2.0,7.0,5.0,364.0,1.0,1.0,,,,37.0,39.0,,,,1.0,0.0,,38.0,2.0,,Co-Ed,Connie,Sam,,,,0.65,0.65185,169.0,4.0,5.0,0.66667,216.0,4.0,5.0,0.3037,0.448,0.19986,0.24444,2.0,0.6667,1.0,0.88889,0.4,0.48889
10.0,Caro & Ray,TARUS33,5.33,5.33333,635.0,6.0,4.0,5.0,504.0,7.0,3.0,3.0,3.0,-0.2531,-0.0534,0.0,0.0,0.0,0.0,0.4714,0.5,0.0,0.0,0.0,0.0,0.0,0.0,0.0,0.0,0.0,0.0,0.0,5.0,5.0,6.0,1.0,365.0,1.0,1.0,,,,23.0,25.0,,,,1.0,0.0,,24.0,2.0,,Co-Ed,Caro,Ray,,,,0.53,0.53333,358.0,6.0,4.0,0.55556,370.0,6.0,4.0,0.0667,0.1847,0.06542,0.07778,2.0,0.6667,1.0,0.6,0.44444,0.15556
11.0,Taylor & Isaiah,TARUS33,8.33,8.33333,921.0,10.0,1.0,8.0,826.0,10.0,1.0,3.0,3.0,-0.9584,-0.6462,0.0,0.0,0.0,0.0,0.4714,0.5,0.0,0.0,1.0,0.3333,0.0,0.0,0.0,0.0,0.0,0.0,0.0,8.0,8.0,9.0,1.0,366.0,1.0,1.0,,,,38.0,31.0,,,,1.0,0.0,,34.5,7.0,,Male,Taylor,Isaiah,,,,0.21,0.21111,903.0,10.0,1.0,0.22222,823.0,8.0,3.0,-0.5778,-0.531,0.07751,0.09444,0.0,0.0,3.0,0.3,0.11111,0.18889
1.0,Derek & Claire,TARUS34,2.83,2.83333,126.0,1.0,0.0,2.5,128.0,1.0,0.0,12.0,10.0,0.4077,0.5315,5.0,0.4167,8.0,0.6667,1.99304,3.0,1.0,0.0833,0.0,0.0,0.0,0.0,0.0,0.0,0.0,0.0,0.0,1.0,1.0,7.0,6.0,367.0,6.0,6.0,,,,24.0,25.0,,,,6.0,0.0,,24.5,1.0,,Co-Ed,Derek,Claire,,,,0.76,0.75757,51.0,1.0,0.0,0.7875,105.0,1.0,0.0,0.5151,0.8486,0.24122,0.44643,10.0,0.8333,2.0,1.0,0.33333,0.66667
2.0,Emily & Molly,TARUS34,3.67,3.66667,311.0,4.0,-2.0,3.5,315.0,3.0,-1.0,12.0,10.0,0.2319,0.3924,1.0,0.0833,6.0,0.5,1.74801,3.0,3.0,0.25,3.0,0.25,0.0,0.0,0.0,0.0,0.0,0.0,0.0,2.0,1.0,7.0,6.0,368.0,6.0,6.0,,,,36.0,36.0,,,,6.0,0.0,,36.0,0.0,,Female,Emily,Molly,,,,0.54,0.5398,349.0,4.0,-2.0,0.5,408.0,5.0,-3.0,0.0796,0.3172,0.24675,0.36418,7.0,0.5833,5.0,1.0,0.25,0.75
3.0,Luis & Michelle,TARUS34,3.33,3.33333,246.0,3.0,0.0,3.0,166.0,2.0,1.0,12.0,10.0,0.303,0.4487,3.0,0.25,7.0,0.5833,2.39212,2.25,2.0,0.1667,0.0,0.0,0.0,0.0,0.0,0.0,0.0,0.0,0.0,4.0,1.0,10.0,9.0,369.0,6.0,6.0,,,,34.0,34.0,,,,6.0,0.0,,34.0,0.0,,Co-Ed,Luis,Michelle,,,,0.63,0.63182,201.0,2.0,1.0,0.66667,216.0,2.0,1.0,0.2636,0.5418,0.29945,0.35,10.0,0.8333,2.0,1.0,0.0,1.0
4.0,Aubrey & David,TARUS34,5.18,5.18182,606.0,5.0,-1.0,5.0,504.0,5.0,-1.0,11.0,9.0,-0.0842,0.1424,0.0,0.0,4.0,0.3636,2.82258,4.5,3.0,0.2727,4.0,0.3636,0.0,0.0,0.0,0.0,0.0,0.0,0.0,2.0,2.0,11.0,9.0,370.0,5.0,6.0,,,,29.0,29.0,,,,5.5,1.0,,29.0,0.0,,Co-Ed,Aubrey,David,,,,0.41,0.40563,606.0,7.0,-3.0,0.3,708.0,8.0,-4.0,-0.1887,-0.0102,0.30658,0.60417,4.0,0.3636,7.0,0.85714,0.0,0.85714
5.0,Marcus & Michael,TARUS34,3.3,3.3,238.0,2.0,3.0,3.5,315.0,3.0,2.0,10.0,8.0,0.3093,0.4536,3.0,0.3,5.0,0.5,1.84662,3.75,1.0,0.1,0.0,0.0,1.0,0.1,0.0,0.0,0.0,0.0,0.0,1.0,1.0,6.0,5.0,371.0,5.0,5.0,,,,38.0,30.0,,,,5.0,0.0,,34.0,8.0,,Male,Marcus,Michael,,,,0.6,0.60129,246.0,3.0,2.0,0.64773,271.0,3.0,2.0,0.2026,0.4673,0.37126,0.56508,6.0,0.6,4.0,1.0,0.0,1.0
6.0,Quinton & Mattie,TARUS34,5.75,5.75,688.0,6.0,0.0,5.5,613.0,7.0,-1.0,8.0,8.0,-0.2035,0.048,0.0,0.0,2.0,0.25,2.22205,2.0,0.0,0.0,1.0,0.125,0.0,0.0,0.0,0.0,0.0,0.0,0.0,3.0,3.0,10.0,7.0,372.0,5.0,3.0,,,,29.0,27.0,,,,4.0,2.0,,28.0,2.0,,Co-Ed,Quinton,Mattie,,,,0.39,0.38982,632.0,8.0,-2.0,0.35417,631.0,7.0,-1.0,-0.2204,-0.0488,0.27011,0.40357,3.0,0.375,5.0,0.81818,0.0,0.81818
7.0,Glenda & Lumumba,TARUS34,6.14,6.14286,742.0,9.0,-2.0,7.0,734.0,9.0,-2.0,7.0,7.0,-0.2851,-0.0166,0.0,0.0,2.0,0.2857,2.79942,3.0,2.0,0.2857,1.0,0.1429,1.0,0.1429,0.0,0.0,0.0,0.0,0.0,7.0,2.0,10.0,8.0,373.0,3.0,4.0,,,,41.0,41.0,,,,3.5,1.0,,41.0,0.0,,Co-Ed,Glenda,Lumumba,,,,0.35,0.34631,702.0,9.0,-2.0,0.22222,823.0,10.0,-3.0,-0.3074,-0.1549,0.36434,0.50357,2.0,0.2857,5.0,0.90909,0.0,0.90909
8.0,Abby & Will,TARUS34,6.0,6.0,715.0,7.0,1.0,6.5,714.0,8.0,0.0,6.0,6.0,-0.2558,0.0066,0.0,0.0,1.0,0.1667,1.91485,3.25,0.0,0.0,0.0,0.0,0.0,0.0,0.0,0.0,0.0,0.0,0.0,8.0,3.0,8.0,5.0,374.0,3.0,2.0,,,,24.0,25.0,,,,2.5,1.0,,24.5,1.0,,Co-Ed,Abby,Will,,,,0.43,0.43329,563.0,6.0,2.0,0.43182,532.0,6.0,2.0,-0.1334,0.0573,0.24578,0.25284,3.0,0.5,3.0,0.77778,0.0,0.77778
9.0,Linton & Sharik,TARUS34,6.0,6.0,715.0,7.0,2.0,5.0,504.0,5.0,4.0,5.0,5.0,-0.2558,0.0066,0.0,0.0,1.0,0.2,2.52982,5.0,0.0,0.0,1.0,0.2,0.0,0.0,0.0,0.0,0.0,0.0,0.0,9.0,3.0,9.0,6.0,375.0,4.0,1.0,,,,50.0,23.0,,,,2.5,3.0,,36.5,27.0,,Co-Ed,Linton,Sharik,,,,0.44,0.43879,547.0,5.0,4.0,0.55556,370.0,4.0,5.0,-0.1224,0.0707,0.32473,0.61616,3.0,0.6,2.0,0.8,0.0,0.8
10.0,Rich & Dom,TARUS34,9.25,9.25,984.0,11.0,-1.0,9.0,889.0,10.0,0.0,4.0,4.0,-0.936,-0.5315,0.0,0.0,0.0,0.0,0.43301,0.25,0.0,0.0,1.0,0.25,0.0,0.0,0.0,0.0,0.0,0.0,0.0,9.0,9.0,10.0,1.0,376.0,2.0,2.0,,,,32.0,35.0,,,,2.0,0.0,,33.5,3.0,,Co-Ed,Rich,Dom,,,,0.15,0.14596,954.0,11.0,-1.0,0.15556,900.0,11.0,-1.0,-0.7081,-0.6438,0.10187,0.13485,0.0,0.0,4.0,0.27273,0.0,0.27273
11.0,Tim & Rex,TARUS34,9.0,9.0,952.0,10.0,1.0,9.0,889.0,10.0,1.0,2.0,2.0,-0.8837,-0.4901,0.0,0.0,0.0,0.0,2.0,2.0,0.0,0.0,0.0,0.0,0.0,0.0,0.0,0.0,0.0,0.0,0.0,,7.0,11.0,4.0,377.0,1.0,1.0,,,,40.0,59.0,,,,1.0,0.0,,49.5,19.0,,Male,Tim,Rex,,,,0.23,0.22727,883.0,10.0,1.0,0.22727,817.0,9.0,2.0,-0.5455,-0.4454,0.22727,0.22727,0.0,0.0,2.0,0.45455,0.0,0.45455
12.0,Aastha & Nina,TARUS34,12.0,12.0,1096.0,12.0,0.0,12.0,1048.0,12.0,0.0,1.0,1.0,-1.5116,-0.9868,0.0,0.0,0.0,0.0,0.0,0.0,0.0,0.0,0.0,0.0,0.0,0.0,0.0,0.0,0.0,0.0,0.0,,12.0,12.0,0.0,378.0,0.0,1.0,,,,33.0,34.0,,,,0.5,1.0,,33.5,1.0,,Female,Aastha,Nina,,,,0.0,0.0,1030.0,12.0,0.0,0.0,1022.0,12.0,0.0,-1.0,-1.0,0.0,0.0,0.0,0.0,1.0,0.0,0.0,0.0
1.0,Greg & John,TARUS35,2.75,2.75,111.0,1.0,0.0,2.0,26.0,1.0,0.0,12.0,11.0,0.4734,0.5802,5.0,0.4167,10.0,0.8333,2.45374,2.0,3.0,0.25,0.0,0.0,0.0,0.0,0.0,0.0,0.0,0.0,0.0,1.0,1.0,8.0,7.0,379.0,6.0,6.0,,,,25.0,27.0,,,,6.0,0.0,,26.0,2.0,,Male,Greg,John,,,,0.8,0.79642,28.0,1.0,0.0,0.86111,47.0,1.0,0.0,0.5928,0.9381,0.24655,0.27083,10.0,0.8333,2.0,1.0,0.3,0.7
2.0,Joel & Garrett,TARUS35,4.33,4.33333,451.0,5.0,-3.0,3.0,166.0,2.0,0.0,12.0,11.0,0.1709,0.3389,1.0,0.0833,7.0,0.5833,2.74874,5.0,3.0,0.25,2.0,0.1667,0.0,0.0,0.0,0.0,0.0,0.0,0.0,2.0,1.0,9.0,8.0,380.0,6.0,6.0,,,,42.0,43.0,,,,6.0,0.0,,42.5,1.0,,Male,Joel,Garrett,,,,0.56,0.55639,322.0,4.0,-2.0,0.5,408.0,6.0,-4.0,0.1128,0.354,0.27363,0.46515,8.0,0.6667,4.0,1.0,0.14286,0.85714
3.0,Rob & Corey,TARUS35,3.17,3.16667,198.0,2.0,1.0,3.0,166.0,2.0,1.0,12.0,11.0,0.393,0.516,1.0,0.0833,8.0,0.6667,1.34371,2.0,3.0,0.25,0.0,0.0,0.0,0.0,0.0,0.0,0.0,0.0,0.0,3.0,1.0,6.0,5.0,381.0,6.0,6.0,,,,48.0,25.0,,,,6.0,0.0,,36.5,23.0,,Male,Rob,Corey,,,,0.64,0.64027,183.0,2.0,1.0,0.63333,277.0,3.0,0.0,0.2805,0.5581,0.27255,0.39741,9.0,0.75,3.0,1.0,0.0,1.0
4.0,Steve & Anna Leigh,TARUS35,4.09,4.09091,399.0,3.0,1.0,4.0,341.0,4.0,0.0,11.0,10.0,0.2168,0.3756,2.0,0.1818,4.0,0.3636,2.02056,3.5,1.0,0.0909,2.0,0.1818,0.0,0.0,0.0,1.0,0.0,0.0,0.0,6.0,1.0,7.0,6.0,382.0,6.0,6.0,,,,54.0,28.0,,,,6.0,0.0,,41.0,26.0,,Co-Ed,Steve,Anna Leigh,,,,0.52,0.52037,383.0,6.0,-2.0,0.54545,393.0,5.0,-1.0,0.0407,0.2664,0.32553,0.5,6.0,0.5455,5.0,1.0,0.0,1.0
5.0,Todd & Ashlie,TARUS35,4.2,4.2,418.0,4.0,1.0,5.0,504.0,5.0,0.0,10.0,9.0,0.1957,0.3588,0.0,0.0,3.0,0.3,1.07703,1.75,1.0,0.1,1.0,0.1,0.0,0.0,0.0,0.0,0.0,0.0,0.0,5.0,2.0,5.0,3.0,383.0,5.0,5.0,,,,38.0,38.0,,,,5.0,0.0,,38.0,0.0,,Co-Ed,Todd,Ashlie,,,,0.56,0.56062,317.0,3.0,2.0,0.65152,269.0,2.0,3.0,0.1212,0.3643,0.25293,0.19683,8.0,0.8,2.0,0.83333,0.0,0.83333
6.0,Robbin & Chelsea,TARUS35,6.22,6.22222,754.0,7.0,-1.0,6.0,634.0,7.0,-1.0,9.0,8.0,-0.1911,0.0504,1.0,0.1111,2.0,0.2222,3.29234,3.0,1.0,0.1111,2.0,0.2222,0.0,0.0,0.0,0.0,0.0,0.0,0.0,11.0,1.0,11.0,10.0,384.0,4.0,5.0,,,,41.0,41.0,,,,4.5,1.0,,41.0,0.0,,Female,Robbin,Chelsea,,,,0.39,0.3896,634.0,7.0,-1.0,0.33333,656.0,9.0,-3.0,-0.2208,-0.0519,0.33375,0.475,3.0,0.3333,6.0,1.0,0.0,1.0
7.0,Morgan & Lena,TARUS35,6.25,6.25,755.0,8.0,-1.0,6.0,634.0,7.0,0.0,8.0,7.0,-0.1968,0.0458,0.0,0.0,0.0,0.0,2.16506,3.5,0.0,0.0,2.0,0.25,0.0,0.0,0.0,0.0,0.0,0.0,0.0,4.0,4.0,10.0,6.0,385.0,3.0,5.0,,,,31.0,29.0,,,,4.0,2.0,,30.0,2.0,,Female,Morgan,Lena,,,,0.39,0.38739,638.0,8.0,-1.0,0.39286,595.0,8.0,-1.0,-0.2252,-0.0573,0.28184,0.54223,4.0,0.5,4.0,0.75,0.0,0.75
8.0,Andrea & Malaina,TARUS35,7.71,7.71429,890.0,10.0,-2.0,8.0,826.0,10.0,-2.0,7.0,6.0,-0.4764,-0.1771,0.0,0.0,0.0,0.0,2.05039,3.0,0.0,0.0,0.0,0.0,0.0,0.0,0.0,0.0,0.0,0.0,0.0,10.0,4.0,10.0,6.0,386.0,4.0,2.0,,,,44.0,45.0,,,,3.0,2.0,,44.5,1.0,,Female,Andrea,Malaina,,,,0.3,0.29621,793.0,10.0,-2.0,0.25,777.0,11.0,-3.0,-0.4076,-0.2792,0.1951,0.19659,1.0,0.1429,6.0,0.66667,0.0,0.66667
9.0,Liam & Yeremi,TARUS35,8.33,8.33333,921.0,11.0,-2.0,8.0,826.0,10.0,-1.0,6.0,5.0,-0.5951,-0.2718,0.0,0.0,0.0,0.0,1.49071,0.75,0.0,0.0,0.0,0.0,1.0,0.1667,0.0,0.0,0.0,0.0,0.0,8.0,6.0,11.0,5.0,387.0,3.0,2.0,,,,23.0,24.0,,,,2.5,1.0,,23.5,1.0,,Male,Liam,Yeremi,,,,0.25,0.25042,855.0,11.0,-2.0,0.29293,729.0,10.0,-1.0,-0.4992,-0.3906,0.19535,0.34785,1.0,0.1667,5.0,0.5,0.0,0.5
10.0,Joe & Ian,TARUS35,7.4,7.4,869.0,9.0,1.0,7.0,734.0,9.0,1.0,5.0,4.0,-0.417,-0.1298,0.0,0.0,0.0,0.0,2.05913,2.0,0.0,0.0,0.0,0.0,0.0,0.0,0.0,0.0,0.0,0.0,0.0,7.0,4.0,10.0,6.0,388.0,2.0,2.0,,,,35.0,40.0,,,,2.0,0.0,,37.5,5.0,,Male,Joe,Ian,,,,0.38,0.37758,654.0,9.0,1.0,0.4,563.0,7.0,3.0,-0.2448,-0.0811,0.22579,0.12121,1.0,0.2,4.0,0.7,0.0,0.7
11.0,Jocelyn & Victor,TARUS35,5.75,5.75,688.0,6.0,5.0,5.5,613.0,6.0,5.0,4.0,3.0,-0.1011,0.1221,2.0,0.5,2.0,0.5,4.76314,9.25,0.0,0.0,1.0,0.25,0.0,0.0,0.0,0.0,0.0,0.0,0.0,1.0,1.0,11.0,10.0,389.0,1.0,2.0,,,,49.0,49.0,,,,1.5,1.0,,49.0,0.0,,Co-Ed,Jocelyn,Victor,,,,0.53,0.525,377.0,5.0,6.0,0.55,384.0,4.0,7.0,0.05,0.2776,0.47631,0.925,2.0,0.5,2.0,1.0,0.0,1.0
12.0,Elizabeth & Iliana,TARUS35,12.0,12.0,1096.0,12.0,0.0,12.0,1048.0,12.0,0.0,2.0,2.0,-1.2979,-0.8321,0.0,0.0,0.0,0.0,0.0,0.0,0.0,0.0,1.0,0.5,0.0,0.0,0.0,0.0,0.0,0.0,0.0,12.0,12.0,12.0,0.0,390.0,1.0,1.0,,,,52.0,27.0,,,,1.0,0.0,,39.5,25.0,,Female,Elizabeth,Iliana,,,,0.04,0.04167,1027.0,12.0,0.0,0.04167,1021.0,12.0,0.0,-0.9167,-0.8986,0.04167,0.04167,0.0,0.0,2.0,0.08333,0.0,0.08333
13.0,Alexandra & Sheridan,TARUS35,13.0,13.0,1107.0,13.0,0.0,13.0,1061.0,13.0,0.0,1.0,1.0,-1.4894,-0.9847,0.0,0.0,0.0,0.0,0.0,0.0,0.0,0.0,0.0,0.0,0.0,0.0,0.0,0.0,0.0,0.0,0.0,,13.0,13.0,0.0,391.0,0.0,1.0,,,,34.0,29.0,,,,0.5,1.0,,31.5,5.0,,Co-Ed,Alexandra,Sheridan,,,,0.0,0.0,1030.0,13.0,0.0,0.0,1022.0,13.0,0.0,-1.0,-1.0,0.0,0.0,0.0,0.0,1.0,0.0,0.0,0.0
1.0,Ricky & Cesar,TARUS36,1.5,1.5,2.0,1.0,0.0,1.0,1.0,1.0,0.0,12.0,11.0,0.7043,0.7774,7.0,0.5833,12.0,1.0,0.6455,1.0,4.0,0.3333,0.0,0.0,0.0,0.0,0.0,0.0,0.0,0.0,0.0,1.0,1.0,3.0,2.0,392.0,7.0,7.0,,,,34.0,34.0,,,,7.0,0.0,,34.0,0.0,,Male,Ricky,Cesar,,,,0.91,0.90611,2.0,1.0,0.0,1.0,1.0,1.0,0.0,0.8122,1.361,0.18136,0.1039,11.0,0.9167,1.0,1.0,0.33333,0.66667
2.0,Juan & Shane,TARUS36,3.0,3.0,155.0,2.0,0.0,2.5,128.0,2.0,0.0,12.0,11.0,0.4086,0.5549,2.0,0.1667,7.0,0.5833,1.52753,2.0,4.0,0.3333,1.0,0.0833,0.0,0.0,0.0,0.0,0.0,0.0,0.0,2.0,1.0,6.0,5.0,393.0,7.0,7.0,,,,29.0,29.0,,,,7.0,0.0,,29.0,0.0,,Male,Juan,Shane,,,,0.69,0.68676,122.0,2.0,0.0,0.71364,180.0,2.0,0.0,0.3735,0.7895,0.22513,0.27708,11.0,0.9167,1.0,1.0,0.16667,0.83333
3.0,Rod & Leticia,TARUS36,3.17,3.16667,198.0,3.0,0.0,3.0,166.0,3.0,0.0,12.0,11.0,0.3751,0.5297,3.0,0.25,7.0,0.5833,1.57233,3.25,1.0,0.0833,1.0,0.0833,0.0,0.0,0.0,0.0,0.0,0.0,0.0,5.0,1.0,5.0,4.0,394.0,7.0,7.0,,,,46.0,38.0,,,,7.0,0.0,,42.0,8.0,,Co-Ed,Rod,Leticia,,,,0.63,0.62718,205.0,3.0,0.0,0.66667,216.0,3.0,0.0,0.2544,0.6342,0.2993,0.33036,9.0,0.75,3.0,1.0,0.0,1.0
4.0,Amber & Vinny,TARUS36,4.36,4.36364,462.0,4.0,0.0,4.0,341.0,4.0,0.0,11.0,10.0,0.1405,0.3531,0.0,0.0,5.0,0.4545,2.73937,1.0,2.0,0.1818,2.0,0.1818,0.0,0.0,0.0,0.0,0.0,0.0,0.0,4.0,2.0,12.0,10.0,395.0,5.0,7.0,,,,30.0,37.0,,,,6.0,2.0,,33.5,7.0,,Co-Ed,Amber,Vinny,,,,0.52,0.51932,385.0,4.0,0.0,0.57143,352.0,4.0,0.0,0.0386,0.3532,0.28902,0.37987,7.0,0.6364,4.0,0.9,0.0,0.9
5.0,Yvonne & Melissa,TARUS36,5.6,5.6,673.0,7.0,-2.0,6.0,634.0,6.0,-1.0,10.0,9.0,-0.1039,0.1691,0.0,0.0,0.0,0.0,0.8,1.0,0.0,0.0,0.0,0.0,0.0,0.0,0.0,0.0,0.0,0.0,0.0,6.0,4.0,7.0,3.0,396.0,6.0,5.0,,,,40.0,38.0,,,,5.5,1.0,,39.0,2.0,,Female,Yvonne,Melissa,,,,0.37,0.37328,664.0,7.0,-2.0,0.35417,631.0,8.0,-3.0,-0.2534,-0.0274,0.1697,0.17738,3.0,0.3,7.0,0.63636,0.0,0.63636
6.0,Angie & Danny,TARUS36,5.11,5.11111,593.0,5.0,1.0,5.0,504.0,5.0,1.0,9.0,8.0,-0.0073,0.2418,0.0,0.0,2.0,0.2222,2.02454,2.0,1.0,0.1111,0.0,0.0,0.0,0.0,0.0,0.0,0.0,0.0,0.0,6.0,2.0,9.0,7.0,397.0,4.0,5.0,,,,55.0,27.0,,,,4.5,1.0,,41.0,28.0,,Co-Ed,Angie,Danny,,,,0.5,0.49795,434.0,5.0,1.0,0.54545,393.0,5.0,1.0,-0.0041,0.2975,0.24858,0.19643,6.0,0.6667,3.0,0.83333,0.0,0.83333
7.0,Sunny & Bizzy,TARUS36,7.63,7.625,884.0,8.0,-1.0,7.0,734.0,8.0,-1.0,8.0,7.0,-0.5041,-0.132,0.0,0.0,0.0,0.0,0.85696,1.25,0.0,0.0,2.0,0.25,0.0,0.0,0.0,0.0,0.0,0.0,0.0,7.0,7.0,9.0,2.0,398.0,5.0,3.0,,,,41.0,37.0,,,,4.0,2.0,,39.0,4.0,,Female,Sunny,Bizzy,,,,0.22,0.2205,891.0,9.0,-2.0,0.23611,809.0,9.0,-2.0,-0.559,-0.4255,0.11685,0.14502,0.0,0.0,8.0,0.4,0.0,0.4
8.0,Derek & Shelisa,TARUS36,5.57,5.57143,669.0,6.0,2.0,6.0,634.0,6.0,2.0,7.0,6.0,-0.098,0.1736,0.0,0.0,3.0,0.4286,2.32115,5.0,0.0,0.0,1.0,0.1429,1.0,0.1429,0.0,0.0,0.0,0.0,0.0,3.0,3.0,8.0,5.0,399.0,4.0,3.0,,,,57.0,55.0,,,,3.5,1.0,,56.0,2.0,,Co-Ed,Derek,Shelisa,,,,0.43,0.43157,569.0,6.0,2.0,0.44444,513.0,6.0,2.0,-0.1369,0.1245,0.3612,0.74659,3.0,0.4286,4.0,0.83333,0.0,0.83333
9.0,Kishori & Karishma,TARUS36,9.2,9.2,983.0,11.0,-2.0,9.0,889.0,10.0,-1.0,5.0,5.0,-0.8136,-0.365,0.0,0.0,0.0,0.0,0.74833,1.0,0.0,0.0,1.0,0.2,0.0,0.0,0.0,0.0,0.0,0.0,0.0,10.0,8.0,10.0,2.0,400.0,2.0,3.0,,,,26.0,22.0,,,,2.5,1.0,,24.0,4.0,,Female,Kishori,Karishma,,,,0.17,0.16859,934.0,11.0,-2.0,0.18182,881.0,10.0,-1.0,-0.6628,-0.5607,0.10564,0.13889,0.0,0.0,5.0,0.3,0.0,0.3
10.0,Michelle & Sean,TARUS36,9.0,9.0,952.0,9.0,1.0,10.0,954.0,11.0,-1.0,4.0,4.0,-0.7741,-0.3353,0.0,0.0,0.0,0.0,2.34521,1.5,0.0,0.0,2.0,0.5,0.0,0.0,0.0,0.0,0.0,0.0,0.0,10.0,5.0,11.0,6.0,401.0,3.0,1.0,,,,39.0,46.0,,,,2.0,2.0,,42.5,7.0,,Co-Ed,Michelle,Sean,,,,0.21,0.21439,899.0,10.0,0.0,0.09545,988.0,11.0,-1.0,-0.5712,-0.4414,0.26403,0.17348,1.0,0.25,3.0,0.66667,0.0,0.66667
11.0,Anthony & Bailey,TARUS36,9.0,9.0,952.0,9.0,2.0,8.0,826.0,9.0,2.0,3.0,3.0,-0.7741,-0.3353,0.0,0.0,0.0,0.0,1.41421,1.5,0.0,0.0,0.0,0.0,0.0,0.0,0.0,0.0,0.0,0.0,0.0,8.0,8.0,11.0,3.0,402.0,2.0,1.0,,,,26.0,26.0,,,,1.5,1.0,,26.0,0.0,,Male,Anthony,Bailey,,,,0.26,0.2601,845.0,8.0,3.0,0.36364,626.0,7.0,4.0,-0.4798,-0.3223,0.18519,0.20833,0.0,0.0,3.0,0.41667,0.0,0.41667
12.0,Chris & Mary,TARUS36,11.5,11.5,1093.0,12.0,0.0,11.5,1047.0,12.0,0.0,2.0,2.0,-1.2669,-0.7062,0.0,0.0,0.0,0.0,0.5,0.5,0.0,0.0,0.0,0.0,0.0,0.0,0.0,0.0,0.0,0.0,0.0,,11.0,12.0,1.0,403.0,0.0,2.0,,,,60.0,27.0,,,,1.0,2.0,,43.5,33.0,,Co-Ed,Chris,Mary,,,,0.08,0.08333,999.0,12.0,0.0,0.08333,995.0,12.0,0.0,-0.8333,-0.7829,0.08333,0.08333,0.0,0.0,2.0,0.16667,0.0,0.16667
13.0,Maya & Rohan,TARUS36,13.0,13.0,1107.0,13.0,0.0,13.0,1061.0,13.0,0.0,1.0,1.0,-1.5626,-0.9288,0.0,0.0,0.0,0.0,0.0,0.0,0.0,0.0,0.0,0.0,0.0,0.0,0.0,0.0,0.0,0.0,0.0,,13.0,13.0,0.0,404.0,0.0,1.0,,,,20.0,23.0,,,,0.5,1.0,,21.5,3.0,,Co-Ed,Maya,Rohan,,,,0.0,0.0,1030.0,13.0,0.0,0.0,1022.0,13.0,0.0,-1.0,-1.0,0.0,0.0,0.0,0.0,1.0,0.0,0.0,0.0
1.0,Carson & Jack,TARUS37,2.42,2.41667,66.0,1.0,0.0,2.0,26.0,1.0,0.0,12.0,12.0,0.5261,0.626,5.0,0.4167,8.0,0.6667,1.60511,3.0,3.0,0.25,2.0,0.1667,0.0,0.0,1.0,0.0,0.0,0.0,0.0,1.0,1.0,6.0,5.0,405.0,6.0,6.0,,,,28.0,27.0,,,,6.0,0.0,,27.5,1.0,,Male,Carson,Jack,,,,0.77,0.76732,41.0,1.0,0.0,0.89444,30.0,1.0,0.0,0.5346,0.771,0.29995,0.35455,9.0,0.75,3.0,1.0,0.16667,0.83333
2.0,Han & Holden,TARUS37,5.58,5.58333,671.0,6.0,-4.0,5.0,504.0,6.0,-4.0,12.0,12.0,-0.0928,0.1376,0.0,0.0,3.0,0.25,3.25214,3.25,3.0,0.25,3.0,0.25,1.0,0.0833,0.0,0.0,0.0,0.0,0.0,5.0,2.0,12.0,10.0,406.0,7.0,6.0,,,,26.0,22.0,,,,6.5,1.0,,24.0,4.0,,Co-Ed,Han,Holden,,,,0.36,0.36358,676.0,9.0,-7.0,0.34722,647.0,10.0,-8.0,-0.2728,-0.1609,0.24406,0.31154,5.0,0.4167,7.0,0.85714,0.0,0.85714
3.0,Jonathan & Ana,TARUS37,3.58,3.58333,297.0,3.0,0.0,3.0,166.0,2.0,1.0,12.0,12.0,0.2989,0.4467,3.0,0.25,9.0,0.75,2.46503,1.0,0.0,0.0,2.0,0.1667,0.0,0.0,0.0,1.0,0.0,0.0,0.0,3.0,1.0,9.0,8.0,407.0,6.0,7.0,,,,42.0,35.0,,,,6.5,1.0,,38.5,7.0,,Co-Ed,Jonathan,Ana,,,,0.57,0.56985,296.0,5.0,-2.0,0.55,384.0,5.0,-2.0,0.1397,0.3152,0.32353,0.47821,7.0,0.5833,5.0,1.0,0.0,1.0
4.0,Alyssa & Josiah,TARUS37,3.45,3.45455,268.0,2.0,2.0,3.0,166.0,2.0,2.0,11.0,11.0,0.3244,0.4668,1.0,0.0909,7.0,0.6364,1.61604,2.0,2.0,0.1818,0.0,0.0,0.0,0.0,0.0,0.0,0.0,0.0,0.0,3.0,1.0,7.0,6.0,408.0,6.0,6.0,,,,31.0,32.0,,,,6.0,0.0,,31.5,1.0,,Co-Ed,Alyssa,Josiah,,,,0.63,0.63458,194.0,2.0,2.0,0.71429,171.0,3.0,1.0,0.2692,0.4646,0.2546,0.24722,9.0,0.8182,2.0,1.0,0.0,1.0
5.0,Brett & Mark,TARUS37,3.8,3.8,340.0,4.0,1.0,3.0,166.0,2.0,3.0,10.0,10.0,0.2558,0.4127,2.0,0.2,5.0,0.5,2.56125,3.0,3.0,0.3,0.0,0.0,0.0,0.0,0.0,0.0,0.0,0.0,0.0,2.0,1.0,9.0,8.0,409.0,5.0,6.0,,,,36.0,37.0,,,,5.5,1.0,,36.5,1.0,,Male,Brett,Mark,,,,0.63,0.62839,203.0,3.0,2.0,0.675,211.0,4.0,1.0,0.2568,0.4503,0.32129,0.50778,7.0,0.7,3.0,1.0,0.0,1.0
6.0,Melinda & Erika,TARUS37,6.13,6.125,737.0,7.0,-1.0,5.5,613.0,7.0,-1.0,8.0,8.0,-0.2005,0.0526,0.0,0.0,0.0,0.0,2.71282,1.25,0.0,0.0,1.0,0.125,0.0,0.0,0.0,0.0,0.0,0.0,0.0,6.0,4.0,13.0,9.0,410.0,4.0,5.0,,,,66.0,32.0,,,,4.5,1.0,,49.0,34.0,,Female,Melinda,Erika,,,,0.38,0.38425,641.0,8.0,-2.0,0.35417,631.0,9.0,-3.0,-0.2315,-0.1132,0.24938,0.41042,3.0,0.375,5.0,0.7,0.0,0.7
7.0,Nick & Mike,TARUS37,7.57,7.57143,882.0,10.0,-3.0,7.0,734.0,8.0,-1.0,7.0,7.0,-0.4825,-0.17,0.0,0.0,0.0,0.0,1.17803,1.0,0.0,0.0,1.0,0.1429,0.0,0.0,0.0,0.0,0.0,0.0,0.0,7.0,6.0,10.0,4.0,411.0,4.0,3.0,,,,32.0,38.0,,,,3.5,1.0,,35.0,6.0,,Male,Nick,Mike,,,,0.24,0.24461,867.0,13.0,-6.0,0.22222,823.0,13.0,-6.0,-0.5108,-0.4354,0.17534,0.11266,1.0,0.1429,6.0,0.61538,0.0,0.61538
8.0,Pops & Jeff,TARUS37,7.5,7.5,872.0,8.0,0.0,7.5,808.0,10.0,-2.0,6.0,6.0,-0.4688,-0.1592,0.0,0.0,0.0,0.0,2.21736,2.5,0.0,0.0,1.0,0.1667,0.0,0.0,0.0,0.0,0.0,0.0,0.0,,4.0,11.0,7.0,412.0,4.0,3.0,,,,65.0,36.0,,,,3.5,1.0,,50.5,29.0,,Male,Pops,Jeff,,,,0.32,0.32024,749.0,11.0,-3.0,0.34266,651.0,11.0,-3.0,-0.3595,-0.2609,0.22268,0.34761,2.0,0.3333,4.0,0.625,0.0,0.625
9.0,Scott & Lori,TARUS37,5.0,5.0,566.0,5.0,4.0,3.0,166.0,2.0,7.0,5.0,5.0,0.0208,0.2272,1.0,0.2,3.0,0.6,3.74166,7.0,1.0,0.2,0.0,0.0,0.0,0.0,0.0,1.0,0.0,0.0,0.0,,1.0,10.0,9.0,413.0,3.0,2.0,,,,47.0,49.0,,,,2.5,1.0,,48.0,2.0,,Co-Ed,Scott,Lori,,,,0.6,0.59891,256.0,4.0,5.0,0.77778,108.0,2.0,7.0,0.1978,0.3823,0.38277,0.6014,3.0,0.6,2.0,1.0,0.0,1.0
10.0,Bernie & Carrigain,TARUS37,8.0,8.0,899.0,11.0,-1.0,9.0,889.0,13.0,-3.0,4.0,4.0,-0.5667,-0.2365,0.0,0.0,0.0,0.0,2.44949,3.0,0.0,0.0,1.0,0.25,0.0,0.0,0.0,0.0,0.0,0.0,0.0,10.0,4.0,10.0,6.0,414.0,2.0,2.0,,,,31.0,33.0,,,,2.0,0.0,,32.0,2.0,,Female,Bernie,Carrigain,,,,0.31,0.30822,771.0,12.0,-2.0,0.23182,813.0,12.0,-2.0,-0.3836,-0.2886,0.29747,0.39003,1.0,0.25,3.0,0.76923,0.0,0.76923
11.0,Courtney & Jasmin,TARUS37,8.0,8.0,899.0,11.0,0.0,7.0,734.0,8.0,3.0,3.0,3.0,-0.5667,-0.2365,0.0,0.0,0.0,0.0,2.16025,2.5,0.0,0.0,1.0,0.3333,0.0,0.0,0.0,0.0,0.0,0.0,0.0,,6.0,11.0,5.0,415.0,2.0,1.0,,,,33.0,34.0,,,,1.5,1.0,,33.5,1.0,,Female,Courtney,Jasmin,,,,0.36,0.36131,681.0,10.0,1.0,0.53846,396.0,6.0,5.0,-0.2774,-0.1661,0.2555,0.27273,2.0,0.6667,1.0,0.54545,0.0,0.54545
12.0,Ernest & Bridget,TARUS37,7.5,7.5,872.0,8.0,4.0,7.5,808.0,10.0,2.0,2.0,2.0,-0.4688,-0.1592,0.0,0.0,1.0,0.5,4.5,4.5,0.0,0.0,0.0,0.0,0.0,0.0,0.0,0.0,0.0,0.0,0.0,,3.0,12.0,9.0,416.0,1.0,1.0,,,,59.0,28.0,,,,1.0,0.0,,43.5,31.0,,Co-Ed,Ernest,Bridget,,,,0.42,0.42308,581.0,7.0,5.0,0.42308,548.0,8.0,4.0,-0.1538,-0.0235,0.42308,0.42308,1.0,0.5,1.0,0.84615,0.0,0.84615
13.0,Mark & Larry,TARUS37,8.0,8.0,899.0,11.0,2.0,8.0,826.0,12.0,1.0,1.0,1.0,-0.5667,-0.2365,0.0,0.0,0.0,0.0,0.0,0.0,0.0,0.0,0.0,0.0,0.0,0.0,0.0,0.0,0.0,0.0,0.0,,8.0,8.0,0.0,417.0,1.0,0.0,,,,63.0,59.0,,,,0.5,1.0,,61.0,4.0,,Male,Mark,Larry,,,,0.46,0.46154,499.0,6.0,7.0,0.46154,498.0,7.0,6.0,-0.0769,0.0652,0.0,0.0,0.0,0.0,1.0,0.46154,0.46154,0.0
14.0,Jackye & Lauren,TARUS37,14.0,14.0,1112.0,14.0,0.0,14.0,1067.0,14.0,0.0,1.0,1.0,-1.7417,-1.1638,0.0,0.0,0.0,0.0,0.0,0.0,0.0,0.0,0.0,0.0,0.0,0.0,0.0,0.0,0.0,0.0,0.0,,14.0,14.0,0.0,418.0,0.0,1.0,,,,51.0,61.0,,,,0.5,1.0,,56.0,10.0,,Female,Jackye,Lauren,,,,0.0,0.0,1030.0,14.0,0.0,0.0,1022.0,14.0,0.0,-1.0,-1.0,0.0,0.0,0.0,0.0,1.0,0.0,0.0,0.0
1.0,Jas & Jag,TARUS38,1.75,1.75,8.0,1.0,0.0,1.0,1.0,1.0,0.0,12.0,12.0,0.6515,0.7372,7.0,0.5833,11.0,0.9167,1.16369,1.0,3.0,0.25,0.0,0.0,0.0,0.0,0.0,1.0,1.0,0.0,0.0,1.0,1.0,5.0,4.0,419.0,7.0,6.0,,,,28.0,27.0,,,,6.5,1.0,,27.5,1.0,,Male,Jas,Jag,,,,0.91,0.908,1.0,1.0,0.0,1.0,1.0,1.0,0.0,0.816,1.3109,0.13437,0.14881,12.0,1.0,0.0,1.0,0.55556,0.44444
2.0,Kyland & Taylor,TARUS38,4.67,4.66667,509.0,5.0,-3.0,4.0,341.0,4.0,-2.0,12.0,12.0,0.07,0.2988,0.0,0.0,5.0,0.4167,2.65623,3.25,3.0,0.25,2.0,0.1667,0.0,0.0,0.0,1.0,0.0,0.0,0.0,9.0,2.0,9.0,7.0,420.0,6.0,7.0,,,,34.0,30.0,,,,6.5,1.0,,32.0,4.0,,Co-Ed,Kyland,Taylor,,,,0.48,0.48156,462.0,4.0,-2.0,0.5,408.0,4.0,-2.0,-0.0369,0.2256,0.21793,0.39962,7.0,0.5833,5.0,0.875,0.2,0.675
3.0,Joseph & Adam,TARUS38,4.25,4.25,433.0,4.0,-1.0,3.5,315.0,3.0,0.0,12.0,12.0,0.1536,0.3619,0.0,0.0,6.0,0.5,1.78536,2.25,1.0,0.0833,1.0,0.0833,1.0,0.0833,0.0,0.0,1.0,0.0,0.0,3.0,2.0,8.0,6.0,421.0,7.0,6.0,,,,28.0,24.0,,,,6.5,1.0,,26.0,4.0,,Male,Joseph,Adam,,,,0.46,0.45939,504.0,5.0,-2.0,0.46429,489.0,6.0,-3.0,-0.0812,0.1692,0.25958,0.30208,6.0,0.5,6.0,0.90909,0.0,0.90909
4.0,Izzy & Paige,TARUS38,4.73,4.72727,530.0,6.0,-2.0,4.0,341.0,4.0,0.0,11.0,11.0,0.058,0.2898,0.0,0.0,3.0,0.2727,1.65644,2.5,1.0,0.0909,2.0,0.1818,0.0,0.0,0.0,1.0,0.0,0.0,0.0,6.0,2.0,7.0,5.0,422.0,7.0,6.0,,,,34.0,32.0,,,,6.5,1.0,,33.0,2.0,,Female,Izzy,Paige,,,,0.43,0.43328,564.0,7.0,-3.0,0.4,563.0,7.0,-3.0,-0.1334,0.1027,0.26544,0.43939,5.0,0.4545,6.0,0.83333,0.0,0.83333
5.0,Jack & Chelsie,TARUS38,5.9,5.9,713.0,7.0,-2.0,6.0,634.0,7.0,-2.0,10.0,10.0,-0.175,0.1141,0.0,0.0,1.0,0.1,1.81384,1.75,1.0,0.1,2.0,0.2,0.0,0.0,0.0,0.0,0.0,0.0,0.0,6.0,2.0,9.0,7.0,423.0,5.0,7.0,,,,58.0,28.0,,,,6.0,2.0,,43.0,30.0,,Co-Ed,Jack,Chelsie,,,,0.34,0.3443,708.0,8.0,-3.0,0.31667,702.0,8.0,-3.0,-0.3114,-0.1237,0.21844,0.21323,2.0,0.2,8.0,0.8,0.0,0.8
6.0,Tucker & Eric,TARUS38,2.33,2.33333,50.0,2.0,4.0,2.0,26.0,2.0,4.0,9.0,9.0,0.536,0.6502,4.0,0.4444,7.0,0.7778,1.63299,2.0,2.0,0.2222,0.0,0.0,0.0,0.0,1.0,1.0,0.0,0.0,0.0,1.0,1.0,6.0,5.0,424.0,5.0,4.0,,,,31.0,32.0,,,,4.5,1.0,,31.5,1.0,,Male,Tucker,Eric,,,,0.8,0.80488,24.0,2.0,4.0,0.91667,25.0,2.0,4.0,0.6098,1.0485,0.3016,0.2,8.0,0.8889,1.0,1.0,0.0,1.0
7.0,Natalie & Stephanie,TARUS38,3.86,3.85714,356.0,3.0,4.0,4.0,341.0,4.0,3.0,7.0,7.0,0.2313,0.4204,1.0,0.1429,3.0,0.4286,1.88442,2.5,1.0,0.1429,0.0,0.0,0.0,0.0,0.0,0.0,0.0,0.0,0.0,5.0,1.0,7.0,6.0,425.0,4.0,4.0,,,,34.0,36.0,,,,4.0,0.0,,35.0,2.0,,Female,Natalie,Stephanie,,,,0.64,0.63502,192.0,3.0,4.0,0.66667,216.0,3.0,4.0,0.27,0.6162,0.30653,0.31782,6.0,0.8571,1.0,1.0,0.0,1.0
8.0,Kristine & Rubina,TARUS38,7.17,7.16667,847.0,9.0,-1.0,8.0,826.0,9.0,-1.0,6.0,6.0,-0.4279,-0.0766,0.0,0.0,0.0,0.0,1.46249,0.75,0.0,0.0,1.0,0.1667,0.0,0.0,0.0,1.0,0.0,0.0,0.0,8.0,4.0,8.0,4.0,426.0,4.0,3.0,,,,38.0,36.0,,,,3.5,1.0,,37.0,2.0,,Female,Kristine,Rubina,,,,0.31,0.31014,769.0,9.0,-1.0,0.29293,729.0,9.0,-1.0,-0.3797,-0.2107,0.23896,0.2416,1.0,0.1667,5.0,0.75,0.0,0.75
9.0,Hannah & Simone,TARUS38,6.4,6.4,766.0,8.0,1.0,6.0,634.0,7.0,2.0,5.0,5.0,-0.2746,0.039,0.0,0.0,0.0,0.0,1.49666,2.0,0.0,0.0,0.0,0.0,0.0,0.0,0.0,0.0,0.0,0.0,0.0,5.0,5.0,9.0,4.0,427.0,2.0,4.0,,,,25.0,22.0,,,,3.0,2.0,,23.5,3.0,,Female,Hannah,Simone,,,,0.44,0.43616,553.0,6.0,3.0,0.5,408.0,4.0,5.0,-0.1277,0.11,0.22861,0.15556,3.0,0.6,2.0,0.63636,0.0,0.63636
10.0,Kat & Alex,TARUS38,10.25,10.25,1034.0,10.0,0.0,10.0,954.0,10.0,0.0,4.0,4.0,-1.0413,-0.539,0.0,0.0,0.0,0.0,0.43301,0.25,0.0,0.0,1.0,0.25,0.0,0.0,0.0,0.0,0.0,0.0,0.0,10.0,10.0,11.0,1.0,428.0,2.0,3.0,,,,35.0,32.0,,,,2.5,1.0,,33.5,3.0,,Co-Ed,Kat,Alex,,,,0.11,0.11212,972.0,11.0,-1.0,0.13333,924.0,10.0,0.0,-0.7758,-0.7146,0.07168,0.09545,0.0,0.0,4.0,0.18182,0.0,0.18182
11.0,Megan & Matt,TARUS38,11.33,11.33333,1091.0,12.0,-1.0,11.0,997.0,11.0,0.0,3.0,3.0,-1.2564,-0.7012,0.0,0.0,0.0,0.0,0.4714,0.5,0.0,0.0,2.0,0.6667,0.0,0.0,0.0,0.0,0.0,0.0,0.0,11.0,11.0,12.0,1.0,429.0,0.0,3.0,,,,24.0,25.0,,,,1.5,3.0,,24.5,1.0,,Co-Ed,Megan,Matt,,,,0.06,0.05808,1006.0,12.0,-1.0,0.08333,995.0,12.0,-1.0,-0.8838,-0.8522,0.04119,0.04545,0.0,0.0,3.0,0.09091,0.0,0.09091
12.0,Angela & Lexi,TARUS38,11.0,11.0,1043.0,11.0,1.0,11.0,997.0,11.0,1.0,2.0,2.0,-1.1907,-0.6517,0.0,0.0,0.0,0.0,1.0,1.0,0.0,0.0,0.0,0.0,0.0,0.0,0.0,0.0,0.0,0.0,0.0,,10.0,12.0,2.0,430.0,0.0,2.0,,,,51.0,23.0,,,,1.0,2.0,,37.0,28.0,,Female,Angela,Lexi,,,,0.13,0.125,970.0,10.0,2.0,0.125,926.0,11.0,1.0,-0.75,-0.6819,0.125,0.125,0.0,0.0,2.0,0.25,0.0,0.25
13.0,Jack & Enzo,TARUS38,13.0,13.0,1107.0,13.0,0.0,13.0,1061.0,13.0,0.0,1.0,1.0,-1.589,-0.952,0.0,0.0,0.0,0.0,0.0,0.0,0.0,0.0,0.0,0.0,0.0,0.0,0.0,0.0,0.0,0.0,0.0,,13.0,13.0,0.0,431.0,1.0,0.0,,,,40.0,47.0,,,,0.5,1.0,,43.5,7.0,,Male,Jack,Enzo,,,,0.0,0.0,1030.0,13.0,0.0,0.0,1022.0,13.0,0.0,-1.0,-1.0,0.0,0.0,0.0,0.0,1.0,0.0,0.0,0.0
1.0,Joe Jer & Zabrina,TARAS1,3.77,3.76923,336.0,3.0,-2.0,4.0,341.0,4.0,-3.0,13.0,12.0,0.0922,0.1822,1.0,0.0769,6.0,0.4615,1.42256,2.0,1.0,0.0769,4.0,0.3077,1.0,0.0769,0.0,0.0,0.0,0.0,0.0,3.0,1.0,6.0,5.0,432.0,6.0,6.0,,,,26.0,29.0,,,,6.0,0.0,,27.5,3.0,,Female,Joe Jer,Zabrina,,,,0.49,0.48547,454.0,5.0,-4.0,0.5,408.0,3.0,-2.0,-0.0291,0.0153,0.27629,0.41667,7.0,0.5385,6.0,1.0,0.0,1.0
2.0,Sandy & Francesca,TARAS1,3.77,3.76923,336.0,3.0,-1.0,3.0,166.0,1.0,1.0,13.0,12.0,0.0922,0.1822,3.0,0.2308,8.0,0.6154,2.77776,3.0,2.0,0.1538,2.0,0.1538,2.0,0.1538,0.0,0.0,0.0,0.0,1.0,3.0,1.0,10.0,9.0,433.0,6.0,6.0,,,,29.0,27.0,,,,6.0,0.0,,28.0,2.0,,Co-Ed,Sandy,Francesca,,,,0.54,0.53556,355.0,3.0,-1.0,0.5,408.0,3.0,-1.0,0.0711,0.1201,0.35347,0.54167,7.0,0.5385,6.0,1.0,0.0,1.0
3.0,Andrew & Syeon,TARAS1,3.46,3.46154,275.0,1.0,2.0,3.0,166.0,1.0,2.0,13.0,12.0,0.1669,0.2495,2.0,0.1538,8.0,0.6154,2.24003,2.0,4.0,0.3077,1.0,0.0769,0.0,0.0,0.0,0.0,0.0,0.0,0.0,2.0,1.0,8.0,7.0,434.0,6.0,6.0,,,,26.0,28.0,,,,6.0,0.0,,27.0,2.0,,Co-Ed,Andrew,Syeon,,,,0.57,0.56743,302.0,2.0,1.0,0.55556,370.0,2.0,1.0,0.1349,0.1867,0.30755,0.4,9.0,0.6923,4.0,1.0,0.0,1.0
4.0,Marsio & Mardy,TARAS1,3.58,3.58333,297.0,2.0,2.0,4.0,341.0,4.0,0.0,12.0,11.0,0.138,0.2234,2.0,0.1667,5.0,0.4167,1.70579,3.0,2.0,0.1667,1.0,0.0833,1.0,0.0833,1.0,0.0,0.0,0.0,0.0,4.0,1.0,6.0,5.0,435.0,6.0,4.0,,,,34.0,36.0,,,,5.0,2.0,,35.0,2.0,,Male,Marsio,Mardy,,,,0.49,0.49203,442.0,4.0,0.0,0.4375,523.0,8.0,-4.0,-0.0159,0.029,0.34125,0.52044,6.0,0.5,6.0,1.0,0.0,1.0
5.0,Andy & Laura,TARAS1,4.0,4.0,375.0,5.0,0.0,3.5,315.0,3.0,2.0,10.0,9.0,0.0368,0.1323,3.0,0.3,5.0,0.5,2.68328,5.75,2.0,0.2,1.0,0.1,0.0,0.0,0.0,0.0,0.0,1.0,0.0,7.0,1.0,7.0,6.0,436.0,5.0,4.0,,,,28.0,37.0,,,,4.5,1.0,,32.5,9.0,,Co-Ed,Andy,Laura,,,,0.57,0.56929,300.0,1.0,4.0,0.56667,365.0,1.0,4.0,0.1386,0.1906,0.37399,0.6875,5.0,0.5,5.0,1.0,0.0,1.0
6.0,Howard & Sahran,TARAS1,5.0,5.0,566.0,6.0,0.0,5.0,504.0,6.0,0.0,8.0,8.0,-0.204,-0.0846,1.0,0.125,3.0,0.375,2.54951,3.5,0.0,0.0,2.0,0.25,1.0,0.125,0.0,0.0,0.0,0.0,0.0,3.0,1.0,9.0,8.0,437.0,4.0,3.0,,,,39.0,31.0,,,,3.5,1.0,,35.0,8.0,,Male,Howard,Sahran,,,,0.4,0.40337,610.0,9.0,-3.0,0.36905,621.0,10.0,-4.0,-0.1933,-0.1564,0.3588,0.56111,4.0,0.5,4.0,1.0,0.0,1.0
7.0,Melody & Sharon,TARAS1,5.0,5.0,566.0,6.0,1.0,5.5,613.0,8.0,-1.0,6.0,6.0,-0.204,-0.0846,0.0,0.0,2.0,0.3333,1.91485,3.25,1.0,0.1667,1.0,0.1667,0.0,0.0,0.0,0.0,0.0,0.0,0.0,7.0,2.0,7.0,5.0,438.0,3.0,2.0,,,,28.0,31.0,,,,2.5,1.0,,29.5,3.0,,Female,Melody,Sharon,,,,0.46,0.45833,505.0,6.0,1.0,0.5,408.0,3.0,4.0,-0.0833,-0.0415,0.30642,0.48313,3.0,0.5,3.0,0.85714,0.0,0.85714
8.0,Sahil & Prashant,TARAS1,5.2,5.2,609.0,8.0,0.0,5.0,504.0,6.0,2.0,5.0,5.0,-0.2521,-0.128,1.0,0.2,1.0,0.2,2.63818,4.0,0.0,0.0,0.0,0.0,0.0,0.0,1.0,0.0,0.0,0.0,0.0,8.0,1.0,8.0,7.0,439.0,2.0,2.0,,,,26.0,26.0,,,,2.0,0.0,,26.0,0.0,,Male,Sahil,Prashant,,,,0.46,0.45516,510.0,7.0,1.0,0.42857,533.0,9.0,-1.0,-0.0897,-0.0481,0.34288,0.40278,2.0,0.4,3.0,1.0,0.0,1.0
9.0,Jacqueline & Aubrey,TARAS1,6.33,6.33333,758.0,10.0,-1.0,6.0,634.0,9.0,0.0,3.0,3.0,-0.5242,-0.3731,0.0,0.0,0.0,0.0,2.0548,2.5,0.0,0.0,0.0,0.0,0.0,0.0,0.0,0.0,0.0,0.0,0.0,,4.0,9.0,5.0,440.0,1.0,1.0,,,,23.0,26.0,,,,1.0,0.0,,24.5,3.0,,Female,Jacqueline,Aubrey,,,,0.37,0.37037,668.0,10.0,-1.0,0.44444,513.0,6.0,2.0,-0.2593,-0.2254,0.27716,0.33333,1.0,0.3333,2.0,0.66667,0.0,0.66667
10.0,Ernie & Jeena,TARAS1,6.0,6.0,715.0,9.0,1.0,6.0,634.0,9.0,1.0,2.0,2.0,-0.4448,-0.3015,0.0,0.0,1.0,0.5,4.0,4.0,1.0,0.5,0.0,0.0,0.0,0.0,0.0,0.0,0.0,0.0,0.0,,2.0,10.0,8.0,441.0,0.0,1.0,,,,42.0,35.0,,,,0.5,1.0,,38.5,7.0,,Co-Ed,Ernie,Jeena,,,,0.44,0.44444,530.0,8.0,2.0,0.44444,513.0,6.0,4.0,-0.1111,-0.0705,0.44444,0.44444,1.0,0.5,1.0,0.88889,0.0,0.88889
1.0,Adrian & Collin,TARAS2,2.46,2.46154,75.0,2.0,-1.0,2.0,26.0,2.0,-1.0,13.0,12.0,0.4057,0.526,3.0,0.2308,11.0,0.8462,1.64623,0.0,7.0,0.5385,0.0,0.0,0.0,0.0,1.0,0.0,0.0,0.0,0.0,2.0,1.0,7.0,6.0,442.0,5.0,6.0,,,,27.0,35.0,,,,5.5,1.0,,31.0,8.0,,Male,Adrian,Collin,,,,0.78,0.78367,36.0,2.0,-1.0,0.8,88.0,2.0,-1.0,0.5673,0.9266,0.18389,0.20833,12.0,0.9231,1.0,1.0,0.33333,0.66667
2.0,Pamela & Vanessa,TARAS2,4.0,4.0,375.0,4.0,-2.0,4.0,341.0,4.0,-2.0,13.0,12.0,0.0337,0.2293,1.0,0.0769,6.0,0.4615,1.75412,2.0,1.0,0.0769,2.0,0.1538,1.0,0.0769,0.0,0.0,0.0,0.0,0.0,3.0,1.0,7.0,6.0,443.0,6.0,6.0,,,,24.0,29.0,,,,6.0,0.0,,26.5,5.0,,Female,Pamela,Vanessa,,,,0.44,0.44121,540.0,4.0,-2.0,0.5,408.0,4.0,-2.0,-0.1176,0.0847,0.23681,0.21429,7.0,0.5385,6.0,1.0,0.0,1.0
3.0,Marc & Rovilson,TARAS2,1.46,1.46154,1.0,1.0,2.0,1.0,1.0,1.0,2.0,13.0,12.0,0.6473,0.7187,8.0,0.6154,13.0,1.0,0.63432,1.0,4.0,0.3077,3.0,0.2308,0.0,0.0,0.0,0.0,0.0,0.0,1.0,1.0,1.0,3.0,2.0,444.0,6.0,6.0,,,,31.0,30.0,,,,6.0,0.0,,30.5,1.0,,Male,Marc,Rovilson,,,,0.86,0.86325,6.0,1.0,2.0,1.0,1.0,1.0,2.0,0.7265,1.1222,0.26632,0.16667,12.0,0.9231,1.0,1.0,0.0,1.0
4.0,Diane & Ann,TARAS2,3.5,3.5,279.0,3.0,1.0,3.5,315.0,3.0,1.0,12.0,11.0,0.1545,0.3256,1.0,0.0833,6.0,0.5,1.11803,1.0,0.0,0.0,2.0,0.1667,0.0,0.0,0.0,0.0,0.0,1.0,0.0,3.0,1.0,6.0,5.0,445.0,5.0,6.0,,,,33.0,40.0,,,,5.5,1.0,,36.5,7.0,,Female,Diane,Ann,,,,0.51,0.51197,403.0,3.0,1.0,0.58571,337.0,3.0,1.0,0.0239,0.2586,0.28669,0.50694,7.0,0.5833,5.0,1.0,0.0,1.0
5.0,Natasha & Paula,TARAS2,4.36,4.36364,462.0,5.0,0.0,5.0,504.0,5.0,0.0,11.0,10.0,-0.0533,0.1599,0.0,0.0,2.0,0.1818,1.06794,1.0,1.0,0.0909,4.0,0.3636,1.0,0.0909,0.0,0.0,0.0,0.0,0.0,5.0,2.0,6.0,4.0,446.0,5.0,5.0,,,,24.0,24.0,,,,5.0,0.0,,24.0,0.0,,Female,Natasha,Paula,,,,0.39,0.39145,630.0,5.0,0.0,0.4,563.0,6.0,-1.0,-0.2171,-0.0377,0.27036,0.3625,4.0,0.3636,7.0,0.88889,0.0,0.88889
6.0,Terri & Henry,TARAS2,6.33,6.33333,758.0,6.0,0.0,6.0,634.0,6.0,0.0,9.0,8.0,-0.5292,-0.2197,0.0,0.0,1.0,0.1111,1.76383,1.0,0.0,0.0,0.0,0.0,2.0,0.2222,0.0,0.0,0.0,0.0,0.0,6.0,3.0,9.0,6.0,447.0,3.0,5.0,,,,44.0,48.0,,,,4.0,2.0,,46.0,4.0,,Co-Ed,Terri,Henry,,,,0.19,0.18871,924.0,9.0,-3.0,0.11111,945.0,9.0,-3.0,-0.6226,-0.5361,0.22281,0.16667,2.0,0.2222,7.0,0.66667,0.0,0.66667
7.0,Daichi & Sawaka,TARAS2,6.5,6.5,775.0,8.0,-1.0,6.5,714.0,8.0,-1.0,6.0,5.0,-0.5702,-0.2524,0.0,0.0,0.0,0.0,1.25831,2.5,0.0,0.0,1.0,0.1667,0.0,0.0,0.0,0.0,0.0,0.0,0.0,8.0,5.0,8.0,3.0,448.0,3.0,2.0,,,,26.0,28.0,,,,2.5,1.0,,27.0,2.0,,Co-Ed,Daichi,Sawaka,,,,0.26,0.26356,842.0,7.0,0.0,0.27778,763.0,7.0,0.0,-0.4729,-0.3521,0.13988,0.14236,0.0,0.0,6.0,0.42857,0.0,0.42857
8.0,Sophie & Aurelia,TARAS2,7.0,7.0,819.0,9.0,-1.0,7.5,808.0,9.0,-1.0,4.0,4.0,-0.691,-0.3487,0.0,0.0,0.0,0.0,1.22474,1.5,0.0,0.0,0.0,0.0,0.0,0.0,0.0,0.0,0.0,0.0,0.0,8.0,5.0,8.0,3.0,449.0,1.0,1.0,,,,27.0,27.0,,,,1.0,0.0,,27.0,0.0,,Female,Sophie,Aurelia,,,,0.25,0.25347,853.0,8.0,0.0,0.22917,815.0,8.0,0.0,-0.4931,-0.3769,0.21118,0.29514,1.0,0.25,3.0,0.55556,0.0,0.55556
9.0,Kinaryosih & Brett,TARAS2,6.33,6.33333,758.0,6.0,3.0,6.0,634.0,6.0,3.0,3.0,3.0,-0.5292,-0.2197,0.0,0.0,0.0,0.0,2.0548,2.5,0.0,0.0,0.0,0.0,0.0,0.0,0.0,0.0,0.0,0.0,0.0,,4.0,9.0,5.0,450.0,1.0,1.0,,,,28.0,26.0,,,,1.0,0.0,,27.0,2.0,,Co-Ed,Kinaryosih,Brett,,,,0.37,0.37037,668.0,6.0,3.0,0.44444,513.0,5.0,4.0,-0.2593,-0.0895,0.27716,0.33333,1.0,0.3333,2.0,0.66667,0.0,0.66667
10.0,Edwin & Monica,TARAS2,10.0,10.0,1002.0,10.0,0.0,10.0,954.0,10.0,0.0,2.0,2.0,-1.4157,-0.9268,0.0,0.0,0.0,0.0,0.0,0.0,0.0,0.0,0.0,0.0,1.0,0.5,0.0,0.0,0.0,0.0,0.0,10.0,10.0,10.0,0.0,451.0,1.0,0.0,,,,26.0,28.0,,,,0.5,1.0,,27.0,2.0,,Co-Ed,Edwin,Monica,,,,0.0,0.0,1030.0,10.0,0.0,0.0,1022.0,10.0,0.0,-1.0,-1.0,0.0,0.0,0.0,0.0,2.0,0.0,0.0,0.0
1.0,Vince & Sam,TARAS3,2.45,2.45455,72.0,1.0,0.0,2.0,26.0,1.0,0.0,11.0,11.0,0.3684,0.5205,4.0,0.3636,9.0,0.8182,1.72488,2.0,3.0,0.2727,2.0,0.1818,0.0,0.0,1.0,0.0,0.0,0.0,0.0,1.0,1.0,7.0,6.0,452.0,4.0,5.0,,,,32.0,32.0,,,,4.5,1.0,,32.0,0.0,,Male,Vince,Sam,,,,0.74,0.73701,67.0,1.0,0.0,0.83333,69.0,1.0,0.0,0.474,0.8514,0.28023,0.45833,8.0,0.7273,3.0,1.0,0.25,0.75
2.0,Geoff & Tisha,TARAS3,3.09,3.09091,181.0,3.0,-1.0,3.0,166.0,3.0,-1.0,11.0,11.0,0.2034,0.3953,2.0,0.1818,7.0,0.6364,1.62114,2.5,3.0,0.2727,2.0,0.1818,0.0,0.0,0.0,0.0,1.0,0.0,1.0,2.0,1.0,6.0,5.0,453.0,5.0,5.0,,,,26.0,32.0,,,,5.0,0.0,,29.0,6.0,,Co-Ed,Geoff,Tisha,,,,0.58,0.58038,287.0,3.0,-1.0,0.5,408.0,3.0,-1.0,0.1608,0.4579,0.26319,0.36349,7.0,0.6364,4.0,1.0,0.16667,0.83333
3.0,Ida & Tania,TARAS3,3.55,3.54545,290.0,4.0,-1.0,3.0,166.0,3.0,0.0,11.0,11.0,0.0848,0.3053,2.0,0.1818,6.0,0.5455,1.67134,2.5,1.0,0.0909,1.0,0.0909,2.0,0.1818,0.0,0.0,0.0,0.0,0.0,5.0,1.0,6.0,5.0,454.0,5.0,5.0,,,,44.0,36.0,,,,5.0,0.0,,40.0,8.0,,Female,Ida,Tania,,,,0.46,0.45559,509.0,4.0,-1.0,0.5,408.0,3.0,0.0,-0.0888,0.1444,0.35812,0.59048,6.0,0.5455,5.0,1.0,0.0,1.0
4.0,A.D. & Fuzzie,TARAS3,3.9,3.9,365.0,5.0,-1.0,4.0,341.0,5.0,-1.0,10.0,10.0,-0.0055,0.2368,0.0,0.0,4.0,0.4,1.64012,1.0,2.0,0.2,1.0,0.1,1.0,0.1,0.0,1.0,0.0,0.0,0.0,4.0,2.0,8.0,6.0,455.0,4.0,5.0,,,,34.0,34.0,,,,4.5,1.0,,34.0,0.0,,Female,A.D.,Fuzzie,,,,0.41,0.4102,602.0,6.0,-2.0,0.41667,552.0,5.0,-1.0,-0.1796,0.0304,0.28373,0.36369,5.0,0.5,5.0,0.875,0.0,0.875
5.0,Henry & Bernie,TARAS3,2.75,2.75,111.0,2.0,3.0,2.5,128.0,2.0,3.0,8.0,8.0,0.291,0.4618,2.0,0.25,5.0,0.625,1.39194,2.25,2.0,0.25,1.0,0.125,0.0,0.0,0.0,0.0,0.0,1.0,0.0,1.0,1.0,5.0,4.0,456.0,3.0,4.0,,,,43.0,39.0,,,,3.5,1.0,,41.0,4.0,,Co-Ed,Henry,Bernie,,,,0.63,0.63472,193.0,2.0,3.0,0.76389,126.0,2.0,3.0,0.2694,0.5944,0.33484,0.4125,6.0,0.75,2.0,1.0,0.0,1.0
6.0,Mai & Oliver,TARAS3,4.8,4.8,541.0,6.0,0.0,6.0,634.0,6.0,0.0,5.0,5.0,-0.2375,0.0607,1.0,0.2,2.0,0.4,2.48193,3.0,0.0,0.0,1.0,0.2,0.0,0.0,0.0,0.0,0.0,0.0,0.0,6.0,1.0,8.0,7.0,457.0,1.0,2.0,,,,24.0,25.0,,,,1.5,1.0,,24.5,1.0,,Co-Ed,Mai,Oliver,,,,0.42,0.41548,591.0,5.0,1.0,0.28571,742.0,6.0,0.0,-0.169,0.0437,0.3684,0.54167,2.0,0.4,3.0,1.0,0.0,1.0
7.0,Niroo & Kapil,TARAS3,6.75,6.75,804.0,8.0,-1.0,7.0,734.0,7.0,0.0,4.0,4.0,-0.7402,-0.3209,0.0,0.0,0.0,0.0,1.78536,1.25,0.0,0.0,2.0,0.5,0.0,0.0,0.0,0.0,0.0,0.0,0.0,7.0,4.0,9.0,5.0,458.0,1.0,2.0,,,,53.0,25.0,,,,1.5,1.0,,39.0,28.0,,Male,Niroo,Kapil,,,,0.22,0.21974,892.0,9.0,-2.0,0.12698,925.0,9.0,-2.0,-0.5605,-0.448,0.23991,0.18006,1.0,0.25,3.0,0.625,0.0,0.625
8.0,Pailin & Natalie,TARAS3,6.33,6.33333,758.0,7.0,1.0,7.0,734.0,7.0,1.0,3.0,3.0,-0.632,-0.2387,0.0,0.0,0.0,0.0,1.69967,2.0,0.0,0.0,0.0,0.0,0.0,0.0,0.0,0.0,0.0,0.0,0.0,,4.0,8.0,4.0,459.0,1.0,1.0,,,,25.0,26.0,,,,1.0,0.0,,25.5,1.0,,Female,Pailin,Natalie,,,,0.31,0.30556,775.0,7.0,1.0,0.25,777.0,7.0,1.0,-0.3889,-0.2324,0.27499,0.33333,1.0,0.3333,2.0,0.66667,0.0,0.66667
9.0,Isaac & William,TARAS3,7.5,7.5,872.0,9.0,0.0,7.5,808.0,9.0,0.0,2.0,2.0,-0.9336,-0.4677,0.0,0.0,0.0,0.0,1.5,1.5,0.0,0.0,0.0,0.0,0.0,0.0,0.0,0.0,0.0,0.0,0.0,,6.0,9.0,3.0,460.0,0.0,1.0,,,,29.0,26.0,,,,0.5,1.0,,27.5,3.0,,Male,Isaac,William,,,,0.22,0.22222,888.0,8.0,1.0,0.22222,823.0,8.0,1.0,-0.5556,-0.4418,0.22222,0.22222,0.0,0.0,2.0,0.44444,0.0,0.44444
10.0,Neena & Amit,TARAS3,10.0,10.0,1002.0,10.0,0.0,10.0,954.0,10.0,0.0,1.0,1.0,-1.5781,-0.9569,0.0,0.0,0.0,0.0,0.0,0.0,0.0,0.0,0.0,0.0,0.0,0.0,0.0,0.0,0.0,0.0,0.0,,10.0,10.0,0.0,461.0,0.0,0.0,,,,24.0,27.0,,,,0.0,0.0,,25.5,3.0,,Co-Ed,Neena,Amit,,,,0.0,0.0,1030.0,10.0,0.0,0.0,1022.0,10.0,0.0,-1.0,-1.0,0.0,0.0,0.0,0.0,1.0,0.0,0.0,0.0
1.0,Richard & Richard,TARAS4,2.27,2.27273,47.0,1.0,0.0,2.0,26.0,1.0,0.0,11.0,11.0,0.4813,0.5601,3.0,0.2727,9.0,0.8182,1.42005,0.5,6.0,0.5455,1.0,0.0909,0.0,0.0,1.0,0.0,0.0,0.0,0.0,2.0,1.0,6.0,5.0,462.0,5.0,5.0,,,,34.0,31.0,,,,5.0,0.0,,32.5,3.0,,Male,Richard,Richard,,,,0.78,0.77514,39.0,1.0,0.0,0.85714,50.0,1.0,0.0,0.5503,0.7991,0.23992,0.21111,9.0,0.8182,2.0,1.0,0.25,0.75
2.0,Claire & Michelle,TARAS4,3.82,3.81818,345.0,3.0,-1.0,3.0,166.0,2.0,0.0,11.0,11.0,0.1272,0.2597,0.0,0.0,7.0,0.6364,1.58505,1.0,1.0,0.0909,1.0,0.0909,0.0,0.0,0.0,0.0,1.0,1.0,0.0,3.0,2.0,7.0,5.0,463.0,5.0,6.0,,,,21.0,22.0,,,,5.5,1.0,,21.5,1.0,,Female,Claire,Michelle,,,,0.52,0.51822,388.0,5.0,-3.0,0.5,408.0,4.0,-2.0,0.0364,0.2028,0.16539,0.27917,7.0,0.6364,4.0,0.77778,0.25,0.52778
3.0,Hussein & Natasha,TARAS4,4.64,4.63636,507.0,6.0,-3.0,5.0,504.0,6.0,-3.0,11.0,11.0,-0.0602,0.1008,1.0,0.0909,5.0,0.4545,2.73937,4.5,3.0,0.2727,4.0,0.3636,1.0,0.0909,0.0,0.0,0.0,0.0,0.0,2.0,1.0,9.0,8.0,464.0,6.0,5.0,,,,53.0,24.0,,,,5.5,1.0,,38.5,29.0,,Co-Ed,Hussein,Natasha,,,,0.41,0.41122,600.0,7.0,-4.0,0.2,847.0,8.0,-5.0,-0.1776,-0.0455,0.36897,0.68056,5.0,0.4545,6.0,1.0,0.0,1.0
4.0,Lani & Jess,TARAS4,4.3,4.3,444.0,5.0,-1.0,4.0,341.0,3.0,1.0,10.0,10.0,0.0175,0.1667,3.0,0.3,3.0,0.3,2.6096,4.75,0.0,0.0,0.0,0.0,0.0,0.0,0.0,0.0,0.0,0.0,0.0,4.0,1.0,8.0,7.0,465.0,5.0,5.0,,,,27.0,27.0,,,,5.0,0.0,,27.0,0.0,,Female,Lani,Jess,,,,0.52,0.5248,379.0,4.0,0.0,0.46429,489.0,5.0,-1.0,0.0496,0.2181,0.35091,0.67708,5.0,0.5,5.0,1.0,0.0,1.0
5.0,Khairie & Ethan,TARAS4,3.56,3.55556,292.0,2.0,3.0,4.0,341.0,3.0,2.0,9.0,9.0,0.1866,0.3101,2.0,0.2222,4.0,0.4444,1.57135,2.0,0.0,0.0,0.0,0.0,0.0,0.0,0.0,0.0,0.0,0.0,0.0,5.0,1.0,5.0,4.0,466.0,5.0,4.0,,,,26.0,25.0,,,,4.5,1.0,,25.5,1.0,,Male,Khairie,Ethan,,,,0.57,0.57099,293.0,2.0,3.0,0.55556,370.0,3.0,2.0,0.142,0.3253,0.30148,0.35,6.0,0.6667,3.0,1.0,0.0,1.0
6.0,Dimple & Sunaina,TARAS4,3.88,3.875,359.0,4.0,2.0,4.0,341.0,3.0,3.0,8.0,8.0,0.1135,0.2481,1.0,0.125,3.0,0.375,1.69097,2.5,1.0,0.125,2.0,0.25,0.0,0.0,0.0,1.0,0.0,0.0,1.0,4.0,1.0,6.0,5.0,467.0,5.0,3.0,,,,31.0,32.0,,,,4.0,2.0,,31.5,1.0,,Female,Dimple,Sunaina,,,,0.53,0.53219,363.0,3.0,3.0,0.61905,296.0,2.0,4.0,0.0644,0.2352,0.34342,0.61042,5.0,0.625,3.0,1.0,0.0,1.0
7.0,Hilda & Ivan,TARAS4,4.83,4.83333,548.0,7.0,0.0,6.0,634.0,7.0,0.0,6.0,6.0,-0.1036,0.064,1.0,0.1667,2.0,0.3333,2.11476,2.25,0.0,0.0,0.0,0.0,0.0,0.0,0.0,0.0,0.0,0.0,0.0,6.0,1.0,7.0,6.0,468.0,2.0,4.0,,,,33.0,38.0,,,,3.0,2.0,,35.5,5.0,,Co-Ed,Hilda,Ivan,,,,0.48,0.47586,474.0,6.0,1.0,0.40972,561.0,6.0,1.0,-0.0483,0.1045,0.3224,0.36558,2.0,0.3333,4.0,1.0,0.0,1.0
8.0,Sahil & Manas,TARAS4,7.0,7.0,819.0,8.0,0.0,8.0,826.0,9.0,-1.0,5.0,5.0,-0.5994,-0.3566,0.0,0.0,0.0,0.0,1.54919,1.0,0.0,0.0,2.0,0.4,0.0,0.0,0.0,0.0,0.0,0.0,0.0,8.0,4.0,8.0,4.0,469.0,2.0,3.0,,,,25.0,23.0,,,,2.5,1.0,,24.0,2.0,,Male,Sahil,Manas,,,,0.25,0.25,856.0,8.0,0.0,0.125,926.0,9.0,-1.0,-0.5,-0.4197,0.23422,0.20833,1.0,0.2,4.0,0.66667,0.0,0.66667
9.0,Alan & Wendy,TARAS4,7.25,7.25,851.0,9.0,0.0,7.5,808.0,8.0,1.0,4.0,4.0,-0.6565,-0.405,0.0,0.0,0.0,0.0,1.78536,3.25,0.0,0.0,0.0,0.0,1.0,0.25,0.0,0.0,0.0,0.0,0.0,9.0,5.0,9.0,4.0,470.0,2.0,2.0,,,,32.0,24.0,,,,2.0,0.0,,28.0,8.0,,Co-Ed,Alan,Wendy,,,,0.25,0.25,856.0,8.0,1.0,0.22222,823.0,7.0,2.0,-0.5,-0.4197,0.25307,0.47222,1.0,0.25,3.0,0.55556,0.0,0.55556
10.0,Nadine & Yani,TARAS4,10.0,10.0,1002.0,10.0,0.0,10.0,954.0,10.0,0.0,2.0,2.0,-1.2849,-0.938,0.0,0.0,0.0,0.0,0.0,0.0,0.0,0.0,0.0,0.0,1.0,0.5,0.0,0.0,0.0,0.0,0.0,10.0,10.0,10.0,0.0,471.0,1.0,1.0,,,,26.0,28.0,,,,1.0,0.0,,27.0,2.0,,Female,Nadine,Yani,,,,0.0,0.0,1030.0,10.0,0.0,0.0,1022.0,10.0,0.0,-1.0,-1.0,0.0,0.0,0.0,0.0,2.0,0.0,0.0,0.0
1.0,Parul & Maggie,TARAS5,3.8,3.8,340.0,4.0,-3.0,3.5,315.0,3.0,-2.0,10.0,10.0,0.0978,0.3091,1.0,0.1,5.0,0.5,1.72047,1.75,1.0,0.1,1.0,0.1,0.0,0.0,0.0,0.0,0.0,0.0,1.0,3.0,1.0,7.0,6.0,472.0,5.0,5.0,,,,28.0,27.0,,,,5.0,0.0,,27.5,1.0,,Female,Parul,Maggie,,,,0.54,0.54345,345.0,3.0,-2.0,0.5,408.0,4.0,-3.0,0.0869,0.3334,0.202,0.24286,6.0,0.6,4.0,1.0,0.25,0.75
2.0,Yvonne & Chloe,TARAS5,3.3,3.3,238.0,2.0,0.0,2.5,128.0,2.0,0.0,10.0,10.0,0.2165,0.4,1.0,0.1,7.0,0.7,2.19317,1.75,4.0,0.4,3.0,0.3,0.0,0.0,0.0,0.0,0.0,0.0,0.0,2.0,1.0,9.0,8.0,473.0,5.0,5.0,,,,28.0,27.0,,,,5.0,0.0,,27.5,1.0,,Female,Yvonne,Chloe,,,,0.58,0.58095,286.0,2.0,0.0,0.60714,305.0,2.0,0.0,0.1619,0.4254,0.26065,0.43036,6.0,0.6,4.0,1.0,0.2,0.8
3.0,Eric & Rona,TARAS5,3.6,3.6,301.0,3.0,0.0,4.0,341.0,4.0,-1.0,10.0,10.0,0.1453,0.3455,1.0,0.1,4.0,0.4,1.35647,1.0,1.0,0.1,0.0,0.0,1.0,0.1,0.0,0.0,1.0,0.0,0.0,4.0,1.0,6.0,5.0,474.0,5.0,5.0,,,,34.0,34.0,,,,5.0,0.0,,34.0,0.0,,Co-Ed,Eric,Rona,,,,0.5,0.49988,430.0,5.0,-2.0,0.59821,331.0,3.0,0.0,-0.0002,0.2265,0.30934,0.37738,6.0,0.6,4.0,1.0,0.0,1.0
4.0,Treasuri & Louisa,TARAS5,2.33,2.33333,50.0,1.0,3.0,2.0,26.0,1.0,3.0,9.0,9.0,0.4468,0.5764,4.0,0.4444,7.0,0.7778,1.41421,2.0,1.0,0.1111,1.0,0.1111,0.0,0.0,0.0,1.0,0.0,1.0,0.0,1.0,1.0,5.0,4.0,475.0,5.0,4.0,,,,30.0,29.0,,,,4.5,1.0,,29.5,1.0,,Female,Treasuri,Louisa,,,,0.71,0.70556,98.0,1.0,3.0,0.9,28.0,1.0,3.0,0.4111,0.7312,0.36243,0.5,7.0,0.7778,2.0,1.0,0.0,1.0
5.0,JK & Mike,TARAS5,4.63,4.625,504.0,5.0,0.0,5.0,504.0,5.0,0.0,8.0,8.0,-0.0992,0.1582,2.0,0.25,3.0,0.375,2.54644,4.5,0.0,0.0,3.0,0.375,0.0,0.0,0.0,0.0,0.0,0.0,0.0,7.0,1.0,8.0,7.0,476.0,4.0,4.0,,,,29.0,29.0,,,,4.0,0.0,,29.0,0.0,,Male,JK,Mike,,,,0.44,0.44301,534.0,7.0,-2.0,0.2381,807.0,9.0,-4.0,-0.114,0.087,0.39331,0.71161,3.0,0.375,5.0,1.0,0.0,1.0
6.0,Anita & Tom,TARAS5,4.67,4.66667,509.0,6.0,0.0,5.0,504.0,5.0,1.0,6.0,6.0,-0.1087,0.1509,0.0,0.0,2.0,0.3333,2.21108,3.5,2.0,0.3333,1.0,0.1667,0.0,0.0,0.0,0.0,0.0,0.0,0.0,2.0,2.0,8.0,6.0,477.0,2.0,3.0,,,,24.0,31.0,,,,2.5,1.0,,27.5,7.0,,Co-Ed,Anita,Tom,,,,0.46,0.46171,497.0,6.0,0.0,0.43571,530.0,6.0,0.0,-0.0766,0.1329,0.33306,0.58571,3.0,0.5,3.0,0.875,0.0,0.875
7.0,Will & Alex,TARAS5,5.4,5.4,646.0,8.0,-1.0,6.0,634.0,8.0,-1.0,5.0,5.0,-0.282,0.0182,0.0,0.0,1.0,0.2,1.85472,2.0,1.0,0.2,0.0,0.0,0.0,0.0,0.0,0.0,0.0,0.0,0.0,7.0,2.0,7.0,5.0,478.0,2.0,2.0,,,,23.0,21.0,,,,2.0,0.0,,22.0,2.0,,Male,Will,Alex,,,,0.4,0.39857,621.0,8.0,-1.0,0.28571,742.0,7.0,0.0,-0.2029,-0.0221,0.29817,0.35,2.0,0.4,3.0,0.85714,0.0,0.85714
8.0,Rach & Vicky,TARAS5,6.75,6.75,804.0,9.0,-1.0,7.0,734.0,9.0,-1.0,4.0,4.0,-0.6025,-0.2273,0.0,0.0,0.0,0.0,1.29904,2.25,0.0,0.0,0.0,0.0,1.0,0.25,0.0,0.0,0.0,0.0,0.0,8.0,5.0,8.0,3.0,479.0,2.0,1.0,,,,30.0,29.0,,,,1.5,1.0,,29.5,1.0,,Co-Ed,Rach,Vicky,,,,0.25,0.25,856.0,9.0,-1.0,0.25,777.0,8.0,0.0,-0.5,-0.3866,0.25,0.5,2.0,0.5,2.0,0.5,0.0,0.5
9.0,Alphaeus & Brandon,TARAS5,5.0,5.0,566.0,7.0,2.0,5.0,504.0,5.0,4.0,2.0,2.0,-0.1871,0.0909,1.0,0.5,1.0,0.5,4.0,4.0,0.0,0.0,0.0,0.0,0.0,0.0,0.0,0.0,0.0,0.0,0.0,,1.0,9.0,8.0,480.0,1.0,0.0,,,,23.0,23.0,,,,0.5,1.0,,23.0,0.0,,Male,Alphaeus,Brandon,,,,0.5,0.5,423.0,4.0,5.0,0.5,408.0,4.0,5.0,0.0,0.2268,0.5,0.5,1.0,0.5,1.0,1.0,0.0,1.0
10.0,Rei & Keiji,TARAS5,10.0,10.0,1002.0,10.0,0.0,10.0,954.0,10.0,0.0,1.0,1.0,-1.3741,-0.8182,0.0,0.0,0.0,0.0,0.0,0.0,0.0,0.0,0.0,0.0,0.0,0.0,0.0,0.0,0.0,0.0,0.0,,10.0,10.0,0.0,481.0,0.0,0.0,,,,30.0,26.0,,,,0.0,0.0,,28.0,4.0,,Co-Ed,Rei,Keiji,,,,0.1,0.1,984.0,10.0,0.0,0.1,968.0,10.0,0.0,-0.8,-0.7546,0.0,0.0,0.0,0.0,1.0,0.1,0.1,0.0
11.0,Lisa & Nicole,TARAS5,11.0,11.0,1043.0,11.0,0.0,11.0,997.0,11.0,0.0,1.0,1.0,-1.6115,-1.0,0.0,0.0,0.0,0.0,0.0,0.0,0.0,0.0,0.0,0.0,0.0,0.0,0.0,0.0,0.0,0.0,0.0,,11.0,11.0,0.0,482.0,0.0,0.0,,,,38.0,34.0,,,,0.0,0.0,,36.0,4.0,,Female,Lisa,Nicole,,,,0.0,0.0,1030.0,11.0,0.0,0.0,1022.0,11.0,0.0,-1.0,-1.0,0.0,0.0,0.0,0.0,1.0,0.0,0.0,0.0
1.0,Tim & Tim,TARCAN1,3.9,3.9,365.0,7.0,-6.0,4.0,341.0,6.0,-5.0,10.0,10.0,-0.062,0.1372,1.0,0.1,5.0,0.5,2.02237,3.75,3.0,0.3,1.0,0.1,2.0,0.2,0.0,0.0,1.0,0.0,0.0,2.0,1.0,7.0,6.0,483.0,6.0,6.0,,,,48.0,23.0,,,,6.0,0.0,,35.5,25.0,,Male,Tim,Tim,,,,0.45,0.4544,511.0,6.0,-5.0,0.35417,631.0,7.0,-6.0,-0.099,0.0525,0.3204,0.43155,4.0,0.4,6.0,1.0,0.0,1.0
2.0,Jody & Cory,TARCAN1,3.2,3.2,215.0,3.0,-1.0,2.5,128.0,2.0,0.0,10.0,10.0,0.1286,0.292,3.0,0.3,6.0,0.6,2.08806,3.5,2.0,0.2,1.0,0.1,0.0,0.0,0.0,0.0,0.0,0.0,0.0,1.0,1.0,7.0,6.0,484.0,6.0,6.0,,,,36.0,32.0,,,,6.0,0.0,,34.0,4.0,,Male,Jody,Cory,,,,0.61,0.61143,227.0,2.0,0.0,0.60714,305.0,5.0,-3.0,0.2124,0.4162,0.30751,0.5875,6.0,0.6,4.0,1.0,0.16667,0.83333
3.0,Vanessa & Celina,TARCAN1,3.8,3.8,340.0,6.0,-3.0,4.0,341.0,6.0,-3.0,10.0,10.0,-0.0347,0.1593,0.0,0.0,3.0,0.3,0.87178,0.75,1.0,0.1,2.0,0.2,1.0,0.1,0.0,0.0,0.0,0.0,0.0,4.0,2.0,5.0,3.0,485.0,6.0,6.0,,,,21.0,30.0,,,,6.0,0.0,,25.5,9.0,,Female,Vanessa,Celina,,,,0.37,0.36952,671.0,7.0,-4.0,0.46429,489.0,6.0,-3.0,-0.2673,-0.1441,0.22308,0.25,5.0,0.5,5.0,0.66667,0.0,0.66667
4.0,Jet & Dave,TARCAN1,3.0,3.0,155.0,1.0,3.0,3.0,166.0,3.0,1.0,9.0,9.0,0.1831,0.3363,3.0,0.3333,6.0,0.6667,1.82574,3.0,0.0,0.0,2.0,0.2222,0.0,0.0,0.0,0.0,0.0,0.0,0.0,3.0,1.0,7.0,6.0,486.0,5.0,5.0,,,,32.0,28.0,,,,5.0,0.0,,30.0,4.0,,Male,Jet,Dave,,,,0.59,0.58532,281.0,4.0,0.0,0.625,283.0,4.0,0.0,0.1606,0.3558,0.35484,0.66667,6.0,0.6667,3.0,1.0,0.0,1.0
5.0,Holly & Brett,TARCAN1,3.29,3.28571,236.0,4.0,1.0,2.0,26.0,1.0,4.0,7.0,7.0,0.1041,0.2721,1.0,0.1429,4.0,0.5714,1.82946,3.0,3.0,0.4286,2.0,0.2857,0.0,0.0,0.0,1.0,1.0,0.0,0.0,2.0,1.0,6.0,5.0,487.0,4.0,4.0,,,,33.0,33.0,,,,4.0,0.0,,33.0,0.0,,Co-Ed,Holly,Brett,,,,0.55,0.54643,339.0,5.0,0.0,0.75,132.0,1.0,4.0,0.0835,0.2657,0.37801,0.67083,4.0,0.5714,3.0,1.0,0.0,1.0
6.0,Hal & Joanne,TARCAN1,3.0,3.0,155.0,1.0,5.0,3.0,166.0,3.0,3.0,5.0,5.0,0.1831,0.3363,1.0,0.2,4.0,0.8,1.67332,1.0,1.0,0.2,0.0,0.0,0.0,0.0,0.0,1.0,0.0,0.0,0.0,3.0,1.0,6.0,5.0,488.0,3.0,3.0,,,,57.0,54.0,,,,3.0,0.0,,55.5,3.0,,Co-Ed,Hal,Joanne,,,,0.65,0.65476,163.0,1.0,5.0,0.75,132.0,1.0,5.0,0.2983,0.5166,0.34585,0.19048,4.0,0.8,1.0,1.0,0.0,1.0
7.0,Kristen & Darren,TARCAN1,3.5,3.5,279.0,5.0,2.0,3.0,166.0,3.0,4.0,4.0,4.0,0.0469,0.2257,1.0,0.25,2.0,0.5,2.29129,3.0,1.0,0.25,0.0,0.0,0.0,0.0,0.0,0.0,0.0,0.0,0.0,,1.0,7.0,6.0,489.0,2.0,3.0,,,,32.0,26.0,,,,2.5,1.0,,29.0,6.0,,Co-Ed,Kristen,Darren,,,,0.6,0.60119,247.0,3.0,4.0,0.70238,188.0,3.0,4.0,0.1921,0.3925,0.37923,0.44643,3.0,0.75,1.0,1.0,0.0,1.0
8.0,Jamie & Pierre,TARCAN1,8.0,8.0,899.0,8.0,0.0,8.0,826.0,8.0,0.0,2.0,2.0,-1.1784,-0.7699,0.0,0.0,0.0,0.0,0.0,0.0,0.0,0.0,1.0,0.5,0.0,0.0,0.0,0.0,0.0,0.0,0.0,8.0,8.0,8.0,0.0,490.0,2.0,1.0,,,,47.0,38.0,,,,1.5,1.0,,42.5,9.0,,Male,Jamie,Pierre,,,,0.06,0.0625,1004.0,8.0,0.0,0.0625,1000.0,8.0,0.0,-0.8761,-0.8552,0.0625,0.0625,0.0,0.0,2.0,0.125,0.0,0.125
9.0,Treena & Tennille,TARCAN1,9.0,9.0,952.0,9.0,0.0,9.0,889.0,9.0,0.0,1.0,1.0,-1.4507,-0.9912,0.0,0.0,0.0,0.0,0.0,0.0,0.0,0.0,0.0,0.0,0.0,0.0,0.0,0.0,0.0,0.0,0.0,,9.0,9.0,0.0,491.0,1.0,1.0,,,,36.0,36.0,,,,1.0,0.0,,36.0,0.0,,Female,Treena,Tennille,,,,0.0,0.0,1030.0,9.0,0.0,0.0,1022.0,9.0,0.0,-1.0,-1.0,0.0,0.0,0.0,0.0,1.0,0.0,0.0,0.0
1.0,Mickey & Pete,TARCAN2,3.67,3.66667,311.0,2.0,-1.0,3.0,166.0,2.0,-1.0,12.0,12.0,0.1499,0.3435,1.0,0.0833,8.0,0.6667,1.79505,2.5,2.0,0.1667,0.0,0.0,0.0,0.0,0.0,0.0,0.0,0.0,0.0,3.0,1.0,7.0,6.0,492.0,7.0,7.0,,,,24.0,24.0,,,,7.0,0.0,,24.0,0.0,,Male,Mickey,Pete,,,,0.59,0.58604,279.0,2.0,-1.0,0.6,309.0,3.0,-2.0,0.1721,0.4449,0.19963,0.2125,9.0,0.75,3.0,1.0,0.28571,0.71429
2.0,Natalie & Meaghan,TARCAN2,1.83,1.83333,10.0,1.0,1.0,1.0,1.0,1.0,1.0,12.0,12.0,0.5761,0.6726,7.0,0.5833,11.0,0.9167,1.21335,1.25,2.0,0.1667,0.0,0.0,0.0,0.0,0.0,0.0,0.0,0.0,0.0,1.0,1.0,5.0,4.0,493.0,7.0,7.0,,,,23.0,29.0,,,,7.0,0.0,,26.0,6.0,,Female,Natalie,Meaghan,,,,0.82,0.81647,19.0,1.0,1.0,1.0,1.0,1.0,1.0,0.6329,1.013,0.23881,0.33929,11.0,0.9167,1.0,1.0,0.33333,0.66667
3.0,Ryan & Rob,TARCAN2,4.67,4.66667,509.0,7.0,-4.0,4.5,470.0,6.0,-3.0,12.0,12.0,-0.0818,0.1646,0.0,0.0,4.0,0.3333,2.01384,3.0,2.0,0.1667,4.0,0.3333,2.0,0.1667,0.0,1.0,0.0,0.0,0.0,4.0,2.0,9.0,7.0,494.0,7.0,7.0,,,,36.0,24.0,,,,7.0,0.0,,30.0,12.0,,Male,Ryan,Rob,,,,0.32,0.31855,752.0,8.0,-5.0,0.225,819.0,7.0,-4.0,-0.3629,-0.2146,0.29366,0.28125,3.0,0.25,9.0,0.85714,0.0,0.85714
4.0,Sukhi & Jinder,TARCAN2,4.36,4.36364,462.0,4.0,0.0,4.0,341.0,3.0,1.0,11.0,11.0,-0.0099,0.22,2.0,0.1818,3.0,0.2727,2.34609,3.0,1.0,0.0909,1.0,0.0909,1.0,0.0909,1.0,0.0,1.0,0.0,0.0,4.0,1.0,8.0,7.0,495.0,6.0,6.0,,,,32.0,26.0,,,,6.0,0.0,,29.0,6.0,,Co-Ed,Sukhi,Jinder,,,,0.49,0.48553,453.0,6.0,-2.0,0.5,408.0,4.0,0.0,-0.0289,0.1971,0.33663,0.42321,6.0,0.5455,5.0,1.0,0.0,1.0
5.0,Alain & Audrey,TARCAN2,3.8,3.8,340.0,3.0,2.0,4.0,341.0,3.0,2.0,10.0,10.0,0.1198,0.3202,1.0,0.1,4.0,0.4,1.8868,3.0,3.0,0.3,3.0,0.3,0.0,0.0,1.0,1.0,0.0,0.0,0.0,2.0,1.0,7.0,6.0,496.0,6.0,4.0,,,,32.0,31.0,,,,5.0,2.0,,31.5,1.0,,Co-Ed,Alain,Audrey,,,,0.5,0.49901,431.0,5.0,0.0,0.3875,598.0,6.0,-1.0,-0.002,0.2303,0.35043,0.6625,4.0,0.4,6.0,1.0,0.0,1.0
6.0,Pierre & Michel,TARCAN2,4.38,4.375,470.0,5.0,1.0,5.0,504.0,7.0,-1.0,8.0,8.0,-0.0146,0.2165,1.0,0.125,3.0,0.375,2.11763,2.5,1.0,0.125,0.0,0.0,0.0,0.0,0.0,0.0,1.0,0.0,0.0,5.0,1.0,8.0,7.0,497.0,4.0,5.0,,,,42.0,42.0,,,,4.5,1.0,,42.0,0.0,,Male,Pierre,Michel,,,,0.53,0.53284,361.0,4.0,2.0,0.49206,478.0,5.0,1.0,0.0657,0.3137,0.2952,0.36607,4.0,0.5,4.0,1.0,0.0,1.0
7.0,Rex & Bob,TARCAN2,6.0,6.0,715.0,8.0,-1.0,7.0,734.0,8.0,-1.0,6.0,6.0,-0.3898,-0.0733,0.0,0.0,2.0,0.3333,2.23607,3.0,0.0,0.0,2.0,0.3333,0.0,0.0,0.0,0.0,0.0,0.0,0.0,7.0,3.0,9.0,6.0,498.0,4.0,3.0,,,,51.0,47.0,,,,3.5,1.0,,49.0,4.0,,Male,Rex,Bob,,,,0.34,0.33638,717.0,7.0,0.0,0.19643,870.0,9.0,-2.0,-0.3272,-0.1706,0.30729,0.47917,2.0,0.3333,4.0,0.8,0.0,0.8
8.0,Cormac & Nicole,TARCAN2,4.4,4.4,475.0,6.0,2.0,4.0,341.0,3.0,5.0,5.0,5.0,-0.0192,0.2129,0.0,0.0,1.0,0.2,1.95959,0.0,1.0,0.2,0.0,0.0,0.0,0.0,0.0,0.0,0.0,0.0,0.0,4.0,2.0,8.0,6.0,499.0,3.0,3.0,,,,19.0,39.0,,,,3.0,0.0,,29.0,20.0,,Co-Ed,Cormac,Nicole,,,,0.56,0.56262,312.0,3.0,5.0,0.66667,216.0,2.0,6.0,0.1252,0.3872,0.29796,0.12857,4.0,0.8,1.0,0.875,0.0,0.875
9.0,Laura & Jackie,TARCAN2,7.33,7.33333,859.0,9.0,0.0,8.0,826.0,9.0,0.0,3.0,3.0,-0.6979,-0.3113,0.0,0.0,0.0,0.0,1.69967,2.0,0.0,0.0,0.0,0.0,0.0,0.0,0.0,0.0,0.0,0.0,0.0,,5.0,9.0,4.0,500.0,2.0,2.0,,,,28.0,31.0,,,,2.0,0.0,,29.5,3.0,,Female,Laura,Jackie,,,,0.27,0.27407,826.0,9.0,0.0,0.22222,823.0,8.0,1.0,-0.4519,-0.3243,0.24768,0.3,1.0,0.3333,2.0,0.6,0.0,0.6
10.0,Jen & Shawn,TARCAN2,10.0,10.0,1002.0,10.0,0.0,10.0,954.0,10.0,0.0,2.0,2.0,-1.3164,-0.7889,0.0,0.0,0.0,0.0,0.0,0.0,0.0,0.0,1.0,0.5,0.0,0.0,0.0,0.0,0.0,0.0,0.0,10.0,10.0,10.0,0.0,501.0,1.0,1.0,,,,40.0,41.0,,,,1.0,0.0,,40.5,1.0,,Co-Ed,Jen,Shawn,,,,0.05,0.05,1011.0,10.0,0.0,0.05,1005.0,10.0,0.0,-0.9,-0.8767,0.05,0.05,0.0,0.0,2.0,0.1,0.0,0.1
11.0,Shahla & Nabeela,TARCAN2,11.0,11.0,1043.0,11.0,0.0,11.0,997.0,11.0,0.0,1.0,1.0,-1.548,-0.9678,0.0,0.0,0.0,0.0,0.0,0.0,0.0,0.0,0.0,0.0,0.0,0.0,0.0,0.0,0.0,0.0,0.0,,11.0,11.0,0.0,502.0,1.0,1.0,,,,29.0,29.0,,,,1.0,0.0,,29.0,0.0,,Female,Shahla,Nabeela,,,,0.0,0.0,1030.0,11.0,0.0,0.0,1022.0,11.0,0.0,-1.0,-1.0,0.0,0.0,0.0,0.0,1.0,0.0,0.0,0.0
1.0,Gino & Jesse,TARCAN3,3.0,3.0,155.0,2.0,-1.0,2.0,26.0,1.0,0.0,12.0,12.0,0.3577,0.5008,5.0,0.4167,9.0,0.75,2.76887,2.5,3.0,0.25,3.0,0.25,0.0,0.0,1.0,0.0,2.0,0.0,0.0,1.0,1.0,10.0,9.0,503.0,6.0,7.0,,,,28.0,25.0,,,,6.5,1.0,,26.5,3.0,,Male,Gino,Jesse,,,,0.7,0.6963,110.0,1.0,0.0,0.86111,47.0,1.0,0.0,0.3926,0.7094,0.34794,0.6875,8.0,0.6667,4.0,1.0,0.1,0.9
2.0,Nick & Matt,TARCAN3,2.92,2.91667,146.0,1.0,1.0,3.0,166.0,2.0,0.0,12.0,12.0,0.3748,0.5141,1.0,0.0833,10.0,0.8333,1.32025,1.0,4.0,0.3333,0.0,0.0,0.0,0.0,0.0,1.0,1.0,0.0,0.0,3.0,1.0,6.0,5.0,504.0,7.0,7.0,,,,35.0,33.0,,,,7.0,0.0,,34.0,2.0,,Male,Nick,Matt,,,,0.69,0.68706,120.0,2.0,0.0,0.73214,162.0,2.0,0.0,0.3741,0.6867,0.17816,0.26591,11.0,0.9167,1.0,1.0,0.33333,0.66667
3.0,Brent & Sean,TARCAN3,3.75,3.75,328.0,3.0,0.0,3.5,315.0,3.0,0.0,12.0,12.0,0.1971,0.376,2.0,0.1667,6.0,0.5,1.9632,2.25,1.0,0.0833,0.0,0.0,1.0,0.0833,0.0,1.0,1.0,0.0,0.0,3.0,1.0,8.0,7.0,505.0,7.0,7.0,,,,25.0,28.0,,,,7.0,0.0,,26.5,3.0,,Male,Brent,Sean,,,,0.54,0.5448,342.0,3.0,0.0,0.58571,337.0,4.0,-1.0,0.0896,0.3375,0.31866,0.37062,7.0,0.5833,5.0,1.0,0.0,1.0
4.0,Simi & Ope,TARCAN3,5.27,5.27273,626.0,7.0,-3.0,5.0,504.0,6.0,-2.0,11.0,11.0,-0.1284,0.1231,0.0,0.0,1.0,0.0909,1.71044,1.5,0.0,0.0,2.0,0.1818,1.0,0.0909,0.0,0.0,0.0,0.0,0.0,5.0,3.0,9.0,6.0,506.0,6.0,6.0,,,,21.0,46.0,,,,6.0,0.0,,33.5,25.0,,Co-Ed,Simi,Ope,,,,0.33,0.33065,732.0,9.0,-5.0,0.4,563.0,7.0,-3.0,-0.3387,-0.1883,0.20996,0.31667,4.0,0.3636,7.0,0.63636,0.0,0.63636
5.0,Dujean & Leilani,TARCAN3,4.2,4.2,418.0,4.0,1.0,4.0,341.0,5.0,0.0,10.0,10.0,0.1007,0.3012,2.0,0.2,3.0,0.3,2.13542,1.75,0.0,0.0,2.0,0.2,0.0,0.0,0.0,1.0,0.0,0.0,0.0,4.0,1.0,8.0,7.0,507.0,5.0,6.0,,,,25.0,24.0,,,,5.5,1.0,,24.5,1.0,,Co-Ed,Dujean,Leilani,,,,0.53,0.52613,374.0,5.0,0.0,0.58571,337.0,4.0,1.0,0.0523,0.2917,0.31976,0.38826,6.0,0.6,4.0,1.0,0.0,1.0
6.0,Brian & Cynthia,TARCAN3,4.63,4.625,504.0,5.0,1.0,3.5,315.0,3.0,3.0,8.0,8.0,0.0087,0.2296,0.0,0.0,4.0,0.5,2.82566,4.75,3.0,0.375,1.0,0.125,0.0,0.0,0.0,0.0,0.0,0.0,0.0,2.0,2.0,9.0,7.0,508.0,5.0,4.0,,,,46.0,41.0,,,,4.5,1.0,,43.5,5.0,,Co-Ed,Brian,Cynthia,,,,0.53,0.52878,370.0,4.0,2.0,0.60714,305.0,3.0,3.0,0.0576,0.2982,0.33918,0.62928,5.0,0.625,3.0,0.9,0.0,0.9
7.0,Neil & Kristin,TARCAN3,6.14,6.14286,742.0,9.0,-2.0,6.0,634.0,8.0,-1.0,7.0,7.0,-0.3146,-0.0216,1.0,0.1429,1.0,0.1429,2.47436,1.0,0.0,0.0,1.0,0.1429,0.0,0.0,0.0,0.0,0.0,0.0,0.0,6.0,1.0,10.0,9.0,509.0,4.0,4.0,,,,62.0,31.0,,,,4.0,0.0,,46.5,31.0,,Co-Ed,Neil,Kristin,,,,0.36,0.35506,688.0,8.0,-1.0,0.28571,742.0,9.0,-2.0,-0.2899,-0.1283,0.30314,0.27516,2.0,0.2857,5.0,1.0,0.0,1.0
8.0,Nic & Sabrina,TARCAN3,6.0,6.0,715.0,8.0,0.0,7.0,734.0,9.0,-1.0,6.0,6.0,-0.2847,0.0017,0.0,0.0,1.0,0.1667,2.3094,3.5,1.0,0.1667,1.0,0.1667,0.0,0.0,0.0,1.0,0.0,0.0,0.0,8.0,2.0,8.0,6.0,510.0,4.0,3.0,,,,22.0,32.0,,,,3.5,1.0,,27.0,10.0,,Co-Ed,Nic,Sabrina,,,,0.37,0.37367,662.0,7.0,1.0,0.25397,776.0,10.0,-2.0,-0.2527,-0.0826,0.32283,0.44712,2.0,0.3333,4.0,0.90909,0.0,0.90909
9.0,Hamilton & Michaelia,TARCAN3,5.25,5.25,616.0,6.0,3.0,5.5,613.0,7.0,2.0,4.0,4.0,-0.1241,0.1265,1.0,0.25,1.0,0.25,3.03109,4.25,0.0,0.0,0.0,0.0,0.0,0.0,0.0,0.0,0.0,0.0,0.0,,1.0,9.0,8.0,511.0,2.0,3.0,,,,19.0,19.0,,,,2.5,1.0,,19.0,0.0,,Co-Ed,Hamilton,Michaelia,,,,0.52,0.51515,395.0,6.0,3.0,0.5303,399.0,6.0,3.0,0.0303,0.2647,0.3803,0.54545,2.0,0.5,2.0,1.0,0.0,1.0
10.0,Dana & Amanda,TARCAN3,8.0,8.0,899.0,10.0,0.0,7.0,734.0,9.0,1.0,3.0,3.0,-0.7129,-0.3311,0.0,0.0,0.0,0.0,1.41421,1.5,0.0,0.0,0.0,0.0,0.0,0.0,0.0,0.0,0.0,0.0,0.0,7.0,7.0,10.0,3.0,512.0,2.0,2.0,,,,23.0,23.0,,,,2.0,0.0,,23.0,0.0,,Female,Dana,Amanda,,,,0.28,0.28485,812.0,10.0,0.0,0.4,563.0,7.0,3.0,-0.4303,-0.3007,0.20265,0.22727,0.0,0.0,3.0,0.45455,0.0,0.45455
11.0,Susan & Sharnjit,TARCAN3,11.0,11.0,1043.0,11.0,0.0,11.0,997.0,11.0,0.0,2.0,2.0,-1.3552,-0.8303,0.0,0.0,0.0,0.0,0.0,0.0,0.0,0.0,1.0,0.5,0.0,0.0,0.0,0.0,0.0,0.0,0.0,11.0,11.0,11.0,0.0,513.0,2.0,1.0,,,,28.0,29.0,,,,1.5,1.0,,28.5,1.0,,Female,Susan,Sharnjit,,,,0.05,0.04545,1026.0,11.0,0.0,0.04545,1020.0,11.0,0.0,-0.9091,-0.8884,0.04545,0.04545,0.0,0.0,2.0,0.09091,0.0,0.09091
12.0,Max & Elias,TARCAN3,12.0,12.0,1096.0,12.0,0.0,12.0,1048.0,12.0,0.0,1.0,1.0,-1.5693,-0.9967,0.0,0.0,0.0,0.0,0.0,0.0,0.0,0.0,0.0,0.0,0.0,0.0,0.0,0.0,0.0,0.0,0.0,,12.0,12.0,0.0,514.0,1.0,1.0,,,,28.0,26.0,,,,1.0,0.0,,27.0,2.0,,Co-Ed,Max,Elias,,,,0.0,0.0,1030.0,12.0,0.0,0.0,1022.0,12.0,0.0,-1.0,-1.0,0.0,0.0,0.0,0.0,1.0,0.0,0.0,0.0
1.0,Steph & Kristen,TARCAN4,2.0,2.0,15.0,1.0,0.0,2.0,26.0,1.0,0.0,11.0,11.0,0.5152,0.6047,5.0,0.4545,10.0,0.9091,1.41421,1.0,4.0,0.3636,0.0,0.0,0.0,0.0,0.0,0.0,2.0,0.0,0.0,1.0,1.0,6.0,5.0,515.0,7.0,6.0,,,,27.0,25.0,,,,6.5,1.0,,26.0,2.0,,Female,Steph,Kristen,,,,0.84,0.84055,11.0,1.0,0.0,0.88889,32.0,1.0,0.0,0.6811,0.9918,0.20711,0.19643,10.0,0.9091,1.0,1.0,0.375,0.625
2.0,Jillian & Emmett,TARCAN4,2.55,2.54545,85.0,2.0,0.0,2.0,26.0,1.0,1.0,11.0,11.0,0.3818,0.496,4.0,0.3636,8.0,0.7273,1.7768,2.5,3.0,0.2727,2.0,0.1818,0.0,0.0,0.0,1.0,2.0,0.0,0.0,1.0,1.0,7.0,6.0,516.0,6.0,7.0,,,,30.0,28.0,,,,6.5,1.0,,29.0,2.0,,Co-Ed,Jillian,Emmett,,,,0.69,0.69405,112.0,2.0,0.0,0.8,88.0,2.0,0.0,0.3881,0.6446,0.29663,0.55,8.0,0.7273,3.0,1.0,0.14286,0.85714
3.0,Joel & Ashley,TARCAN4,3.45,3.45455,268.0,3.0,0.0,4.0,341.0,4.0,-1.0,11.0,11.0,0.1636,0.3182,1.0,0.0909,5.0,0.4545,1.3727,1.5,2.0,0.1818,1.0,0.0909,1.0,0.0909,0.0,2.0,0.0,0.0,0.0,4.0,1.0,6.0,5.0,517.0,7.0,6.0,,,,42.0,26.0,,,,6.5,1.0,,34.0,16.0,,Co-Ed,Joel,Ashley,,,,0.5,0.49881,432.0,4.0,-1.0,0.6,309.0,4.0,-1.0,-0.0024,0.182,0.29561,0.32738,7.0,0.6364,4.0,1.0,0.0,1.0
4.0,Frankie & Amy,TARCAN4,4.2,4.2,418.0,4.0,0.0,4.0,341.0,4.0,0.0,10.0,10.0,-0.0182,0.17,0.0,0.0,3.0,0.3,0.9798,1.75,0.0,0.0,3.0,0.3,0.0,0.0,0.0,0.0,0.0,0.0,0.0,3.0,3.0,6.0,3.0,518.0,5.0,6.0,,,,41.0,25.0,,,,5.5,1.0,,33.0,16.0,,Female,Frankie,Amy,,,,0.41,0.40825,604.0,5.0,-1.0,0.47222,483.0,5.0,-1.0,-0.1835,-0.0326,0.22512,0.34107,5.0,0.5,5.0,0.75,0.0,0.75
5.0,Rita & Yvette,TARCAN4,5.0,5.0,566.0,6.0,-1.0,5.0,504.0,6.0,-1.0,9.0,9.0,-0.2121,0.0119,0.0,0.0,2.0,0.2222,1.76383,2.0,1.0,0.1111,1.0,0.1111,1.0,0.1111,0.0,1.0,0.0,0.0,0.0,5.0,2.0,8.0,6.0,519.0,5.0,5.0,,,,23.0,23.0,,,,5.0,0.0,,23.0,0.0,,Female,Rita,Yvette,,,,0.34,0.34233,711.0,7.0,-2.0,0.33333,656.0,6.0,-1.0,-0.3153,-0.1888,0.26541,0.275,2.0,0.2222,7.0,0.8,0.0,0.8
6.0,Julie & Lowell,TARCAN4,5.71,5.71429,685.0,7.0,-1.0,6.0,634.0,7.0,-1.0,7.0,7.0,-0.3842,-0.1285,0.0,0.0,1.0,0.1429,1.27775,1.0,0.0,0.0,1.0,0.1429,0.0,0.0,0.0,0.0,0.0,0.0,0.0,6.0,3.0,7.0,4.0,520.0,5.0,4.0,,,,33.0,34.0,,,,4.5,1.0,,33.5,1.0,,Co-Ed,Julie,Lowell,,,,0.3,0.30113,782.0,8.0,-2.0,0.25,777.0,7.0,-1.0,-0.3977,-0.2864,0.19577,0.2123,2.0,0.2857,5.0,0.6,0.0,0.6
7.0,Kelly & Kate,TARCAN4,5.8,5.8,697.0,8.0,-1.0,7.0,734.0,8.0,-1.0,5.0,5.0,-0.4061,-0.1462,1.0,0.2,2.0,0.4,3.24962,6.0,0.0,0.0,1.0,0.2,1.0,0.2,0.0,0.0,0.0,0.0,0.0,9.0,1.0,9.0,8.0,521.0,4.0,3.0,,,,25.0,25.0,,,,3.5,1.0,,25.0,0.0,,Female,Kelly,Kate,,,,0.37,0.37222,666.0,6.0,1.0,0.11111,945.0,9.0,-2.0,-0.2556,-0.118,0.42002,0.75,2.0,0.4,3.0,1.0,0.0,1.0
8.0,Anne & Tanya,TARCAN4,7.25,7.25,851.0,9.0,-1.0,8.0,826.0,9.0,-1.0,4.0,4.0,-0.7576,-0.4328,0.0,0.0,0.0,0.0,1.29904,0.75,0.0,0.0,1.0,0.25,0.0,0.0,0.0,0.0,0.0,0.0,0.0,8.0,5.0,8.0,3.0,522.0,3.0,2.0,,,,40.0,40.0,,,,2.5,1.0,,40.0,0.0,,Female,Anne,Tanya,,,,0.21,0.21181,902.0,9.0,-1.0,0.17361,885.0,8.0,0.0,-0.5764,-0.4981,0.18409,0.19792,1.0,0.25,3.0,0.5,0.0,0.5
9.0,Stéphane & Antoine,TARCAN4,4.67,4.66667,509.0,5.0,4.0,3.0,166.0,3.0,6.0,3.0,3.0,-0.1321,0.0771,0.0,0.0,2.0,0.6667,3.09121,3.5,1.0,0.3333,0.0,0.0,0.0,0.0,0.0,0.0,0.0,0.0,0.0,,2.0,9.0,7.0,523.0,2.0,2.0,,,,51.0,25.0,,,,2.0,0.0,,38.0,26.0,,Male,Stéphane,Antoine,,,,0.55,0.55093,333.0,3.0,6.0,0.77778,108.0,3.0,6.0,0.1019,0.3055,0.39158,0.4375,2.0,0.6667,1.0,0.875,0.0,0.875
10.0,Anthony & Brandon,TARCAN4,10.0,10.0,1002.0,10.0,0.0,10.0,954.0,10.0,0.0,1.0,1.0,-1.4242,-0.9763,0.0,0.0,0.0,0.0,0.0,0.0,0.0,0.0,0.0,0.0,0.0,0.0,0.0,0.0,0.0,0.0,0.0,,10.0,10.0,0.0,524.0,1.0,1.0,,,,21.0,21.0,,,,1.0,0.0,,21.0,0.0,,Male,Anthony,Brandon,,,,0.0,0.0,1030.0,10.0,0.0,0.0,1022.0,10.0,0.0,-1.0,-1.0,0.0,0.0,0.0,0.0,1.0,0.0,0.0,0.0
1.0,Sam & Paul,TARCAN5,2.0,2.0,15.0,1.0,0.0,1.0,1.0,1.0,0.0,11.0,11.0,0.5,0.6086,6.0,0.5455,9.0,0.8182,1.20605,2.0,1.0,0.0909,0.0,0.0,0.0,0.0,0.0,1.0,1.0,0.0,0.0,1.0,1.0,4.0,3.0,525.0,6.0,5.0,,,,25.0,24.0,,,,5.5,1.0,,24.5,1.0,,Male,Sam,Paul,,,,0.86,0.85952,7.0,1.0,0.0,1.0,1.0,1.0,0.0,0.719,1.0964,0.16274,0.29167,11.0,1.0,0.0,1.0,0.57143,0.42857
2.0,Kenneth & Ryan,TARCAN5,3.27,3.27273,229.0,3.0,-1.0,3.0,166.0,2.0,0.0,11.0,11.0,0.1825,0.3601,1.0,0.0909,6.0,0.5455,1.54278,2.5,4.0,0.3636,2.0,0.1818,0.0,0.0,0.0,1.0,1.0,0.0,0.0,2.0,1.0,6.0,5.0,526.0,6.0,5.0,,,,25.0,25.0,,,,5.5,1.0,,25.0,0.0,,Male,Kenneth,Ryan,,,,0.56,0.55628,323.0,3.0,-1.0,0.5,408.0,4.0,-2.0,0.1126,0.3568,0.23235,0.33333,8.0,0.7273,3.0,1.0,0.2,0.8
3.0,Korey & Ivana,TARCAN5,4.09,4.09091,399.0,4.0,-1.0,4.0,341.0,4.0,-1.0,11.0,11.0,-0.0225,0.1996,0.0,0.0,5.0,0.4545,1.88074,3.0,3.0,0.2727,6.0,0.5455,0.0,0.0,0.0,0.0,2.0,0.0,0.0,2.0,2.0,8.0,6.0,527.0,5.0,6.0,,,,31.0,31.0,,,,5.5,1.0,,31.0,0.0,,Co-Ed,Korey,Ivana,,,,0.38,0.37918,648.0,5.0,-2.0,0.25,777.0,6.0,-3.0,-0.2416,-0.0751,0.29907,0.46667,4.0,0.3636,7.0,0.88889,0.0,0.88889
4.0,Karen & Bert,TARCAN5,4.5,4.5,484.0,6.0,-2.0,4.5,470.0,5.0,-1.0,10.0,10.0,-0.125,0.1194,0.0,0.0,1.0,0.1,0.80623,1.0,0.0,0.0,0.0,0.0,1.0,0.1,0.0,0.0,0.0,0.0,0.0,4.0,3.0,6.0,3.0,528.0,5.0,4.0,,,,31.0,36.0,,,,4.5,1.0,,33.5,5.0,,Co-Ed,Karen,Bert,,,,0.35,0.34647,701.0,7.0,-3.0,0.4,563.0,5.0,-1.0,-0.3071,-0.1549,0.1907,0.10714,2.0,0.2,8.0,0.625,0.0,0.625
5.0,Adam & Andrea,TARCAN5,3.22,3.22222,219.0,2.0,3.0,3.0,166.0,2.0,3.0,9.0,9.0,0.195,0.3699,2.0,0.2222,7.0,0.7778,1.74978,0.0,0.0,0.0,0.0,0.0,0.0,0.0,1.0,1.0,0.0,0.0,0.0,3.0,1.0,7.0,6.0,529.0,4.0,4.0,,,,29.0,28.0,,,,4.0,0.0,,28.5,1.0,,Co-Ed,Adam,Andrea,,,,0.61,0.61208,226.0,2.0,3.0,0.66667,216.0,2.0,3.0,0.2242,0.4929,0.30917,0.27778,7.0,0.7778,2.0,1.0,0.0,1.0
6.0,Andrea & Ebonie,TARCAN5,5.29,5.28571,630.0,7.0,-1.0,6.0,634.0,7.0,-1.0,7.0,7.0,-0.3225,-0.0352,0.0,0.0,2.0,0.2857,2.11891,3.0,2.0,0.2857,1.0,0.1429,2.0,0.2857,0.0,1.0,0.0,0.0,0.0,7.0,2.0,7.0,5.0,530.0,3.0,3.0,,,,29.0,29.0,,,,3.0,0.0,,29.0,0.0,,Female,Andrea,Ebonie,,,,0.31,0.31207,763.0,8.0,-2.0,0.14286,915.0,7.0,-1.0,-0.3759,-0.2388,0.36053,0.58333,2.0,0.2857,5.0,0.875,0.0,0.875
7.0,Zed & Shabbir,TARCAN5,4.2,4.2,418.0,5.0,2.0,5.0,504.0,6.0,1.0,5.0,5.0,-0.05,0.1781,1.0,0.2,2.0,0.4,2.31517,4.0,1.0,0.2,0.0,0.0,0.0,0.0,0.0,0.0,0.0,0.0,0.0,,1.0,7.0,6.0,531.0,1.0,3.0,,,,27.0,57.0,,,,2.0,2.0,,42.0,30.0,,Male,Zed,Shabbir,,,,0.55,0.55278,329.0,4.0,3.0,0.55556,370.0,3.0,4.0,0.1056,0.3483,0.35097,0.45833,3.0,0.6,2.0,1.0,0.0,1.0
8.0,Megan & Courtney,TARCAN5,6.0,6.0,715.0,8.0,0.0,8.0,826.0,8.0,0.0,3.0,3.0,-0.5,-0.1742,1.0,0.3333,1.0,0.3333,3.55903,4.0,0.0,0.0,1.0,0.3333,0.0,0.0,0.0,0.0,0.0,0.0,0.0,,1.0,9.0,8.0,532.0,2.0,1.0,,,,23.0,21.0,,,,1.5,1.0,,22.0,2.0,,Female,Megan,Courtney,,,,0.37,0.37037,668.0,6.0,2.0,0.11111,945.0,8.0,0.0,-0.2593,-0.0966,0.44752,0.5,1.0,0.3333,2.0,1.0,0.0,1.0
9.0,Dan & Riya,TARCAN5,8.5,8.5,931.0,9.0,0.0,8.5,875.0,9.0,0.0,2.0,2.0,-1.125,-0.6634,0.0,0.0,0.0,0.0,0.5,0.5,0.0,0.0,0.0,0.0,0.0,0.0,0.0,0.0,0.0,0.0,0.0,,8.0,9.0,1.0,533.0,1.0,1.0,,,,23.0,23.0,,,,1.0,0.0,,23.0,0.0,,Co-Ed,Dan,Riya,,,,0.11,0.11111,973.0,9.0,0.0,0.11111,945.0,8.0,1.0,-0.7778,-0.729,0.11111,0.11111,0.0,0.0,2.0,0.22222,0.0,0.22222
10.0,Aaron & Deb,TARCAN5,10.0,10.0,1002.0,10.0,0.0,10.0,954.0,10.0,0.0,1.0,1.0,-1.5,-0.9569,0.0,0.0,0.0,0.0,0.0,0.0,0.0,0.0,0.0,0.0,0.0,0.0,0.0,0.0,0.0,0.0,0.0,,10.0,10.0,0.0,534.0,0.0,1.0,,,,30.0,55.0,,,,0.5,1.0,,42.5,25.0,,Co-Ed,Aaron,Deb,,,,0.0,0.0,1030.0,10.0,0.0,0.0,1022.0,10.0,0.0,-1.0,-1.0,0.0,0.0,0.0,0.0,1.0,0.0,0.0,0.0
1.0,Courtney & Adam,TARCAN6,4.64,4.63636,507.0,7.0,-6.0,5.0,504.0,7.0,-6.0,11.0,11.0,-0.1076,0.0866,1.0,0.0909,4.0,0.3636,2.26727,4.0,2.0,0.1818,5.0,0.4545,0.0,0.0,0.0,0.0,1.0,0.0,0.0,7.0,1.0,8.0,7.0,535.0,7.0,6.0,,,,28.0,29.0,,,,6.5,1.0,,28.5,1.0,,Co-Ed,Courtney,Adam,,,,0.42,0.41576,590.0,7.0,-6.0,0.25,777.0,7.0,-6.0,-0.1685,-0.0196,0.29346,0.37639,3.0,0.2727,8.0,1.0,0.14286,0.85714
2.0,Taylor & Courtney,TARCAN6,2.36,2.36364,54.0,1.0,1.0,2.0,26.0,1.0,1.0,11.0,11.0,0.4366,0.5354,5.0,0.4545,9.0,0.8182,1.49379,2.0,1.0,0.0909,0.0,0.0,0.0,0.0,0.0,0.0,0.0,0.0,0.0,1.0,1.0,5.0,4.0,536.0,7.0,6.0,,,,25.0,27.0,,,,6.5,1.0,,26.0,2.0,,Co-Ed,Taylor,Courtney,,,,0.76,0.75765,50.0,1.0,1.0,0.75,132.0,3.0,-1.0,0.5153,0.7865,0.23364,0.47222,10.0,0.9091,1.0,1.0,0.42857,0.57143
3.0,Dylan & Kwame,TARCAN6,3.73,3.72727,324.0,5.0,-2.0,4.0,341.0,5.0,-2.0,11.0,11.0,0.1096,0.2657,1.0,0.0909,4.0,0.3636,1.28565,2.0,1.0,0.0909,1.0,0.0909,0.0,0.0,0.0,0.0,0.0,0.0,0.0,5.0,1.0,5.0,4.0,537.0,7.0,6.0,,,,28.0,34.0,,,,6.5,1.0,,31.0,6.0,,Male,Dylan,Kwame,,,,0.5,0.49827,433.0,5.0,-2.0,0.5,408.0,6.0,-3.0,-0.0035,0.1749,0.25747,0.3,7.0,0.6364,4.0,1.0,0.0,1.0
4.0,Martina & Phil,TARCAN6,4.1,4.1,403.0,6.0,-2.0,4.0,341.0,5.0,-1.0,10.0,10.0,0.0213,0.1929,0.0,0.0,4.0,0.4,1.64012,2.5,2.0,0.2,0.0,0.0,0.0,0.0,0.0,1.0,0.0,0.0,0.0,4.0,2.0,7.0,5.0,538.0,6.0,5.0,,,,40.0,37.0,,,,5.5,1.0,,38.5,3.0,,Co-Ed,Martina,Phil,,,,0.49,0.49024,446.0,6.0,-2.0,0.5125,407.0,5.0,-1.0,-0.0195,0.156,0.23918,0.32292,5.0,0.5,5.0,0.8,0.0,0.8
5.0,Nancy & Mellisa,TARCAN6,3.67,3.66667,311.0,4.0,1.0,2.0,26.0,1.0,4.0,9.0,9.0,0.1239,0.2776,1.0,0.1111,5.0,0.5556,2.26078,3.0,4.0,0.4444,1.0,0.1111,1.0,0.1111,0.0,0.0,1.0,0.0,0.0,2.0,1.0,8.0,7.0,539.0,5.0,5.0,,,,49.0,37.0,,,,5.0,0.0,,43.0,12.0,,Female,Nancy,Mellisa,,,,0.55,0.54586,340.0,4.0,1.0,0.83333,69.0,1.0,4.0,0.0917,0.2871,0.39861,0.75,5.0,0.5556,4.0,1.0,0.0,1.0
6.0,Leanne & Mar,TARCAN6,3.5,3.5,279.0,2.0,4.0,3.5,315.0,4.0,2.0,8.0,8.0,0.1645,0.311,2.0,0.25,4.0,0.5,1.80278,2.0,0.0,0.0,1.0,0.125,0.0,0.0,0.0,0.0,0.0,0.0,0.0,1.0,1.0,6.0,5.0,540.0,4.0,5.0,,,,25.0,26.0,,,,4.5,1.0,,25.5,1.0,,Female,Leanne,Mar,,,,0.58,0.58021,288.0,3.0,3.0,0.6125,299.0,4.0,2.0,0.1604,0.3681,0.33499,0.39583,6.0,0.75,2.0,1.0,0.0,1.0
7.0,Zainab & Monica,TARCAN6,6.67,6.66667,794.0,8.0,-1.0,7.0,734.0,8.0,-1.0,6.0,6.0,-0.5922,-0.313,0.0,0.0,0.0,0.0,1.49071,0.75,0.0,0.0,0.0,0.0,2.0,0.3333,0.0,1.0,1.0,0.0,0.0,7.0,4.0,9.0,5.0,541.0,3.0,4.0,,,,32.0,24.0,,,,3.5,1.0,,28.0,8.0,,Female,Zainab,Monica,,,,0.21,0.21098,904.0,8.0,-1.0,0.125,926.0,8.0,-1.0,-0.578,-0.5025,0.23076,0.39583,1.0,0.1667,5.0,0.57143,0.0,0.57143
8.0,Todd & Anna,TARCAN6,3.5,3.5,279.0,2.0,6.0,2.5,128.0,3.0,5.0,4.0,4.0,0.1645,0.311,1.0,0.25,3.0,0.75,2.69258,2.5,1.0,0.25,0.0,0.0,0.0,0.0,0.0,1.0,0.0,0.0,0.0,,1.0,8.0,7.0,542.0,3.0,2.0,,,,24.0,24.0,,,,2.5,1.0,,24.0,0.0,,Co-Ed,Todd,Anna,,,,0.66,0.66319,151.0,2.0,6.0,0.82639,80.0,2.0,6.0,0.3264,0.5638,0.39091,0.32292,3.0,0.75,1.0,1.0,0.0,1.0
9.0,Joseph & Akash,TARCAN6,8.67,8.66667,945.0,9.0,0.0,9.0,889.0,9.0,0.0,3.0,3.0,-1.0696,-0.7067,0.0,0.0,0.0,0.0,0.4714,0.5,0.0,0.0,2.0,0.6667,0.0,0.0,0.0,0.0,0.0,0.0,0.0,9.0,8.0,9.0,1.0,543.0,2.0,2.0,,,,23.0,22.0,,,,2.0,0.0,,22.5,1.0,,Male,Joseph,Akash,,,,0.08,0.0787,1001.0,9.0,0.0,0.11111,945.0,9.0,0.0,-0.8426,-0.8144,0.05594,0.0625,0.0,0.0,3.0,0.125,0.0,0.125
10.0,Chewy & Happy,TARCAN6,10.0,10.0,1002.0,10.0,0.0,10.0,954.0,10.0,0.0,1.0,1.0,-1.3871,-0.9685,0.0,0.0,0.0,0.0,0.0,0.0,0.0,0.0,0.0,0.0,0.0,0.0,0.0,0.0,0.0,0.0,0.0,,10.0,10.0,0.0,544.0,1.0,1.0,,,,47.0,48.0,,,,1.0,0.0,,47.5,1.0,,Male,Chewy,Happy,,,,0.0,0.0,1030.0,10.0,0.0,0.0,1022.0,10.0,0.0,-1.0,-1.0,0.0,0.0,0.0,0.0,1.0,0.0,0.0,0.0
1.0,Anthony & James,TARCAN7,3.27,3.27273,229.0,4.0,-3.0,3.0,166.0,4.0,-3.0,11.0,11.0,0.1796,0.3675,3.0,0.2727,7.0,0.6364,2.00413,4.0,2.0,0.1818,1.0,0.0909,1.0,0.0909,0.0,0.0,0.0,0.0,0.0,6.0,1.0,6.0,5.0,545.0,6.0,5.0,,,,33.0,37.0,,,,5.5,1.0,,35.0,4.0,,Male,Anthony,James,,,,0.62,0.62125,212.0,3.0,-2.0,0.71429,171.0,3.0,-2.0,0.2366,0.5476,0.33237,0.50694,7.0,0.6364,4.0,1.0,0.0,1.0
2.0,Sarah & Sam,TARCAN7,2.91,2.90909,144.0,2.0,0.0,2.0,26.0,1.0,1.0,11.0,11.0,0.2699,0.4371,1.0,0.0909,6.0,0.5455,1.23983,2.0,5.0,0.4545,1.0,0.0909,0.0,0.0,0.0,0.0,0.0,0.0,0.0,2.0,1.0,5.0,4.0,546.0,6.0,5.0,,,,29.0,30.0,,,,5.5,1.0,,29.5,1.0,,Co-Ed,Sarah,Sam,,,,0.62,0.61901,217.0,4.0,-2.0,0.625,283.0,4.0,-2.0,0.2322,0.542,0.2172,0.31071,8.0,0.7273,3.0,1.0,0.25,0.75
3.0,Lauren & Joanne,TARCAN7,4.36,4.36364,462.0,5.0,-2.0,4.0,341.0,5.0,-2.0,11.0,11.0,-0.0939,0.1567,0.0,0.0,3.0,0.2727,1.55346,1.5,1.0,0.0909,5.0,0.4545,0.0,0.0,0.0,0.0,0.0,0.0,0.0,4.0,2.0,8.0,6.0,547.0,6.0,5.0,,,,27.0,21.0,,,,5.5,1.0,,24.0,6.0,,Female,Lauren,Joanne,,,,0.35,0.34513,705.0,6.0,-3.0,0.33333,656.0,6.0,-3.0,-0.313,-0.1403,0.22388,0.30238,3.0,0.2727,8.0,0.75,0.0,0.75
4.0,Dave & Irina,TARCAN7,2.4,2.4,61.0,1.0,3.0,2.5,128.0,3.0,1.0,10.0,10.0,0.3978,0.5358,4.0,0.4,8.0,0.8,1.35647,2.0,1.0,0.1,0.0,0.0,0.0,0.0,0.0,0.0,0.0,0.0,0.0,1.0,1.0,5.0,4.0,548.0,5.0,4.0,,,,27.0,29.0,,,,4.5,1.0,,28.0,2.0,,Co-Ed,Dave,Irina,,,,0.7,0.6975,109.0,1.0,3.0,0.77083,125.0,2.0,2.0,0.3884,0.7375,0.32651,0.475,8.0,0.8,2.0,1.0,0.0,1.0
5.0,Aarthy & Thinesh,TARCAN7,3.0,3.0,155.0,3.0,2.0,2.0,26.0,1.0,4.0,9.0,9.0,0.2473,0.4197,3.0,0.3333,6.0,0.6667,2.0548,4.0,2.0,0.2222,1.0,0.1111,0.0,0.0,0.0,0.0,0.0,0.0,0.0,1.0,1.0,7.0,6.0,549.0,4.0,4.0,,,,25.0,28.0,,,,4.0,0.0,,26.5,3.0,,Co-Ed,Aarthy,Thinesh,,,,0.65,0.64709,177.0,2.0,3.0,0.83333,69.0,1.0,4.0,0.288,0.6119,0.36082,0.66667,6.0,0.6667,3.0,1.0,0.0,1.0
6.0,Trish & Amy,TARCAN7,6.0,6.0,715.0,7.0,-1.0,6.0,634.0,7.0,-1.0,7.0,7.0,-0.5054,-0.1605,0.0,0.0,0.0,0.0,1.06904,1.5,0.0,0.0,1.0,0.1429,2.0,0.2857,0.0,0.0,0.0,0.0,0.0,7.0,4.0,7.0,3.0,550.0,4.0,3.0,,,,40.0,50.0,,,,3.5,1.0,,45.0,10.0,,Female,Trish,Amy,,,,0.21,0.20692,907.0,8.0,-2.0,0.14286,915.0,7.0,-1.0,-0.5881,-0.4846,0.22099,0.375,2.0,0.2857,5.0,0.55556,0.0,0.55556
7.0,Meaghan & Marie,TARCAN7,4.6,4.6,498.0,6.0,1.0,5.0,504.0,6.0,1.0,5.0,5.0,-0.1541,0.1103,0.0,0.0,2.0,0.4,1.85472,3.0,1.0,0.2,0.0,0.0,0.0,0.0,0.0,0.0,0.0,0.0,0.0,,2.0,7.0,5.0,551.0,3.0,4.0,,,,25.0,25.0,,,,3.5,1.0,,25.0,0.0,,Female,Meaghan,Marie,,,,0.48,0.47937,467.0,5.0,2.0,0.5,408.0,5.0,2.0,-0.0458,0.1941,0.3105,0.49206,3.0,0.6,2.0,0.83333,0.0,0.83333
8.0,Gilles & Sean,TARCAN7,6.67,6.66667,794.0,8.0,0.0,8.0,826.0,8.0,0.0,3.0,3.0,-0.6735,-0.2901,0.0,0.0,1.0,0.3333,2.62467,3.0,0.0,0.0,1.0,0.3333,0.0,0.0,0.0,0.0,0.0,0.0,0.0,,3.0,9.0,6.0,552.0,2.0,2.0,,,,65.0,20.0,,,,2.0,0.0,,42.5,45.0,,Male,Gilles,Sean,,,,0.29,0.28704,810.0,7.0,1.0,0.11111,945.0,8.0,0.0,-0.4286,-0.285,0.33049,0.375,1.0,0.3333,2.0,0.75,0.0,0.75
9.0,Nicki & Aisha,TARCAN7,8.5,8.5,931.0,9.0,0.0,8.5,875.0,9.0,0.0,2.0,2.0,-1.1326,-0.6441,0.0,0.0,0.0,0.0,0.5,0.5,0.0,0.0,0.0,0.0,0.0,0.0,0.0,0.0,0.0,0.0,0.0,,8.0,9.0,1.0,553.0,1.0,2.0,,,,31.0,31.0,,,,1.5,1.0,,31.0,0.0,,Female,Nicki,Aisha,,,,0.11,0.11111,973.0,9.0,0.0,0.11111,945.0,8.0,1.0,-0.7788,-0.7232,0.11111,0.11111,0.0,0.0,2.0,0.22222,0.0,0.22222
10.0,Jet & Dave,TARCAN7,10.0,10.0,1002.0,10.0,0.0,10.0,954.0,10.0,0.0,1.0,1.0,-1.509,-0.9342,0.0,0.0,0.0,0.0,0.0,0.0,0.0,0.0,0.0,0.0,0.0,0.0,0.0,0.0,0.0,0.0,0.0,,10.0,10.0,0.0,554.0,1.0,1.0,,,,40.0,35.0,,,,1.0,0.0,,37.5,5.0,,Male,Jet,Dave,,,,0.0,0.0,1030.0,10.0,0.0,0.0,1022.0,10.0,0.0,-1.0,-1.0,0.0,0.0,0.0,0.0,1.0,0.0,0.0,0.0
1.0,Catherine & Craig,TARCAN8,3.22,3.22222,219.0,4.0,-3.0,3.0,166.0,2.0,-1.0,9.0,9.0,0.2619,0.3521,3.0,0.3333,5.0,0.5556,2.04275,4.0,1.0,0.1111,1.0,0.1111,0.0,0.0,0.0,0.0,0.0,0.0,0.0,1.0,1.0,7.0,6.0,555.0,5.0,5.0,,,,42.0,45.0,,,,5.0,0.0,,43.5,3.0,,Co-Ed,Catherine,Craig,,,,0.69,0.68554,125.0,1.0,0.0,0.71429,171.0,1.0,0.0,0.3711,0.5938,0.26335,0.5,7.0,0.7778,2.0,1.0,0.25,0.75
2.0,Jesse & Marika,TARCAN8,3.09,3.09091,181.0,3.0,-1.0,2.0,26.0,1.0,1.0,11.0,11.0,0.2917,0.3783,3.0,0.2727,7.0,0.6364,2.1513,2.5,3.0,0.2727,0.0,0.0,0.0,0.0,0.0,0.0,0.0,0.0,0.0,2.0,1.0,8.0,7.0,556.0,7.0,7.0,,,,32.0,29.0,,,,7.0,0.0,,30.5,3.0,,Co-Ed,Jesse,Marika,,,,0.68,0.68157,128.0,2.0,0.0,0.66667,216.0,2.0,0.0,0.3631,0.5846,0.26719,0.4875,8.0,0.7273,3.0,1.0,0.22222,0.77778
3.0,Franca & Nella,TARCAN8,2.91,2.90909,144.0,1.0,2.0,3.0,166.0,2.0,1.0,11.0,11.0,0.333,0.4145,2.0,0.1818,8.0,0.7273,1.62114,1.5,3.0,0.2727,1.0,0.0909,0.0,0.0,0.0,0.0,0.0,0.0,0.0,3.0,1.0,7.0,6.0,557.0,7.0,7.0,,,,32.0,30.0,,,,7.0,0.0,,31.0,2.0,,Female,Franca,Nella,,,,0.66,0.65974,154.0,3.0,0.0,0.66667,216.0,2.0,1.0,0.3195,0.5338,0.26394,0.37857,8.0,0.7273,3.0,1.0,0.25,0.75
4.0,Brendan & Connor,TARCAN8,3.0,3.0,155.0,2.0,2.0,3.0,166.0,2.0,2.0,11.0,11.0,0.3123,0.3964,3.0,0.2727,6.0,0.5455,1.65145,2.5,2.0,0.1818,1.0,0.0909,1.0,0.0909,0.0,0.0,0.0,0.0,0.0,1.0,1.0,6.0,5.0,558.0,7.0,7.0,,,,29.0,26.0,,,,7.0,0.0,,27.5,3.0,,Male,Brendan,Connor,,,,0.62,0.61937,216.0,4.0,0.0,0.66667,216.0,2.0,2.0,0.2387,0.44,0.37087,0.55179,8.0,0.7273,3.0,1.0,0.0,1.0
5.0,Beverley & Veronica,TARCAN8,3.7,3.7,320.0,5.0,0.0,3.5,315.0,5.0,0.0,10.0,10.0,0.1519,0.2555,0.0,0.0,5.0,0.5,1.26886,1.75,2.0,0.2,1.0,0.1,0.0,0.0,0.0,0.0,0.0,0.0,0.0,3.0,2.0,6.0,4.0,559.0,6.0,6.0,,,,30.0,32.0,,,,6.0,0.0,,31.0,2.0,,Female,Beverley,Veronica,,,,0.55,0.55091,334.0,5.0,0.0,0.6125,299.0,5.0,0.0,0.1018,0.2808,0.27058,0.30357,7.0,0.7,3.0,0.88889,0.0,0.88889
6.0,Court & Ali,TARCAN8,6.43,6.42857,770.0,7.0,-1.0,6.0,634.0,6.0,0.0,7.0,7.0,-0.4739,-0.2938,0.0,0.0,0.0,0.0,1.39971,1.5,0.0,0.0,2.0,0.2857,2.0,0.2857,0.0,0.0,0.0,0.0,0.0,6.0,5.0,9.0,4.0,560.0,3.0,4.0,,,,39.0,33.0,,,,3.5,1.0,,36.0,6.0,,Co-Ed,Court,Ali,,,,0.22,0.22217,890.0,8.0,-2.0,0.2,847.0,7.0,-1.0,-0.5557,-0.4835,0.18489,0.30258,1.0,0.1429,6.0,0.5,0.0,0.5
7.0,Cedric & Tychon,TARCAN8,5.86,5.85714,708.0,6.0,1.0,6.0,634.0,6.0,1.0,7.0,7.0,-0.3433,-0.1791,0.0,0.0,1.0,0.1429,1.80702,1.5,0.0,0.0,2.0,0.2857,0.0,0.0,0.0,0.0,0.0,0.0,0.0,6.0,3.0,9.0,6.0,561.0,3.0,6.0,,,,50.0,30.0,,,,4.5,3.0,,40.0,20.0,,Male,Cedric,Tychon,,,,0.35,0.3458,703.0,6.0,1.0,0.375,609.0,6.0,1.0,-0.3084,-0.1961,0.21288,0.28274,2.0,0.2857,5.0,0.75,0.11111,0.63889
8.0,Cassie & Jahmeek,TARCAN8,6.43,6.42857,770.0,7.0,1.0,7.0,734.0,8.0,0.0,7.0,7.0,-0.4739,-0.2938,0.0,0.0,1.0,0.1429,1.98977,3.0,0.0,0.0,1.0,0.1429,1.0,0.1429,0.0,0.0,0.0,0.0,0.0,8.0,3.0,9.0,6.0,562.0,3.0,6.0,,,,31.0,32.0,,,,4.5,3.0,,31.5,1.0,,Co-Ed,Cassie,Jahmeek,,,,0.25,0.24802,864.0,7.0,1.0,0.125,926.0,9.0,-1.0,-0.504,-0.4234,0.28058,0.41667,2.0,0.2857,5.0,0.77778,0.0,0.77778
9.0,Dennis & Durrell,TARCAN8,7.75,7.75,892.0,10.0,-1.0,7.5,808.0,10.0,-1.0,4.0,4.0,-0.7765,-0.5594,0.0,0.0,0.0,0.0,0.82916,1.25,0.0,0.0,1.0,0.25,0.0,0.0,0.0,0.0,0.0,0.0,0.0,7.0,7.0,9.0,2.0,563.0,1.0,2.0,,,,42.0,33.0,,,,1.5,1.0,,37.5,9.0,,Male,Dennis,Durrell,,,,0.18,0.17708,932.0,9.0,0.0,0.1875,876.0,8.0,1.0,-0.6458,-0.5883,0.1263,0.17708,0.0,0.0,4.0,0.33333,0.0,0.33333
10.0,Jully & Kathy,TARCAN8,7.33,7.33333,859.0,9.0,1.0,7.0,734.0,8.0,2.0,3.0,3.0,-0.6802,-0.4748,0.0,0.0,0.0,0.0,2.0548,2.5,0.0,0.0,0.0,0.0,0.0,0.0,0.0,0.0,0.0,0.0,0.0,,5.0,10.0,5.0,564.0,3.0,2.0,,,,44.0,41.0,,,,2.5,1.0,,42.5,3.0,,Female,Jully,Kathy,,,,0.11,0.11111,973.0,10.0,0.0,0.0,1022.0,10.0,0.0,-0.7778,-0.7417,0.15713,0.16667,0.0,0.0,3.0,0.33333,0.0,0.33333
1.0,Ty & Kat,TARCAN9,1.8,1.8,9.0,1.0,0.0,1.5,16.0,1.0,0.0,10.0,10.0,0.5632,0.6518,5.0,0.5,9.0,0.9,0.9798,1.0,3.0,0.3,1.0,0.1,0.0,0.0,0.0,0.0,0.0,0.0,0.0,1.0,1.0,4.0,3.0,565.0,5.0,5.0,,,,25.0,25.0,,,,5.0,0.0,,25.0,0.0,,Co-Ed,Ty,Kat,,,,0.83,0.83452,13.0,1.0,0.0,0.92857,21.0,1.0,0.0,0.659,1.0311,0.21563,0.22917,9.0,0.9,1.0,1.0,0.33333,0.66667
2.0,Tyler & Kayleen,TARCAN9,2.4,2.4,61.0,2.0,0.0,2.0,26.0,2.0,0.0,10.0,10.0,0.4176,0.5358,3.0,0.3,8.0,0.8,1.28062,1.75,3.0,0.3,0.0,0.0,0.0,0.0,0.0,0.0,0.0,0.0,0.0,2.0,1.0,5.0,4.0,566.0,5.0,5.0,,,,35.0,31.0,,,,5.0,0.0,,33.0,4.0,,Co-Ed,Tyler,Kayleen,,,,0.76,0.76163,46.0,2.0,0.0,0.75714,131.0,3.0,-1.0,0.5141,0.8537,0.1898,0.39018,10.0,1.0,0.0,1.0,0.5,0.5
3.0,Ben & Anwar,TARCAN9,4.4,4.4,475.0,5.0,-2.0,4.0,341.0,5.0,-2.0,10.0,10.0,-0.0676,0.1489,0.0,0.0,5.0,0.5,2.00998,2.75,2.0,0.2,1.0,0.1,0.0,0.0,0.0,0.0,0.0,0.0,0.0,3.0,2.0,8.0,6.0,567.0,5.0,5.0,,,,31.0,32.0,,,,5.0,0.0,,31.5,1.0,,Female,Ben,Anwar,,,,0.41,0.40508,607.0,5.0,-2.0,0.41667,552.0,5.0,-2.0,-0.1947,-0.0141,0.23793,0.3369,5.0,0.5,5.0,0.8,0.0,0.8
4.0,Deven & Amanda,TARCAN9,5.22,5.22222,611.0,6.0,-2.0,4.0,341.0,5.0,-1.0,9.0,9.0,-0.2666,-0.0097,0.0,0.0,0.0,0.0,1.47406,2.0,0.0,0.0,4.0,0.4444,0.0,0.0,0.0,0.0,0.0,0.0,0.0,4.0,4.0,8.0,4.0,568.0,4.0,4.0,,,,33.0,41.0,,,,4.0,0.0,,37.0,8.0,,Co-Ed,Deven,Amanda,,,,0.28,0.28311,815.0,6.0,-2.0,0.28571,742.0,7.0,-3.0,-0.4372,-0.3109,0.15858,0.25714,1.0,0.1111,8.0,0.5,0.0,0.5
5.0,Jermaine & Justin,TARCAN9,5.5,5.5,657.0,7.0,-2.0,5.5,613.0,7.0,-2.0,8.0,8.0,-0.3346,-0.0638,0.0,0.0,0.0,0.0,1.22474,1.25,0.0,0.0,2.0,0.25,2.0,0.25,0.0,0.0,0.0,0.0,0.0,6.0,4.0,8.0,4.0,569.0,3.0,4.0,,,,41.0,36.0,,,,3.5,1.0,,38.5,5.0,,Co-Ed,Jermaine,Justin,,,,0.25,0.25461,851.0,7.0,-2.0,0.27083,771.0,8.0,-3.0,-0.4938,-0.3803,0.23396,0.40714,1.0,0.125,7.0,0.66667,0.0,0.66667
6.0,Derek & Jaspal,TARCAN9,3.43,3.42857,267.0,4.0,2.0,3.0,166.0,4.0,2.0,7.0,7.0,0.1677,0.3366,1.0,0.1429,5.0,0.7143,1.4983,1.0,0.0,0.0,1.0,0.1429,0.0,0.0,0.0,0.0,0.0,0.0,0.0,3.0,1.0,6.0,5.0,570.0,4.0,2.0,,,,28.0,28.0,,,,3.0,2.0,,28.0,0.0,,Female,Derek,Jaspal,,,,0.59,0.58696,276.0,4.0,2.0,0.71429,171.0,4.0,2.0,0.1668,0.4286,0.32742,0.33056,5.0,0.7143,2.0,1.0,0.0,1.0
7.0,Gracie & Lily,TARCAN9,3.2,3.2,215.0,3.0,4.0,2.0,26.0,2.0,5.0,5.0,5.0,0.2235,0.381,1.0,0.2,3.0,0.6,2.13542,2.0,2.0,0.4,0.0,0.0,0.0,0.0,0.0,0.0,0.0,0.0,0.0,2.0,1.0,7.0,6.0,571.0,2.0,2.0,,,,25.0,24.0,,,,2.0,0.0,,24.5,1.0,,Male,Gracie,Lily,,,,0.67,0.67421,136.0,3.0,4.0,0.85714,50.0,2.0,5.0,0.3403,0.6409,0.35852,0.26389,4.0,0.8,1.0,1.0,0.0,1.0
8.0,Shayla & Joel,TARCAN9,6.75,6.75,804.0,8.0,0.0,7.0,734.0,8.0,0.0,4.0,4.0,-0.6379,-0.3056,0.0,0.0,0.0,0.0,1.08972,0.75,0.0,0.0,0.0,0.0,0.0,0.0,0.0,0.0,0.0,0.0,0.0,7.0,5.0,8.0,3.0,572.0,1.0,2.0,,,,29.0,21.0,,,,1.5,1.0,,25.0,8.0,,Male,Shayla,Joel,,,,0.25,0.25298,854.0,8.0,0.0,0.29167,734.0,6.0,2.0,-0.4971,-0.3843,0.15914,0.16964,0.0,0.0,4.0,0.42857,0.0,0.42857
9.0,Allie & Eddie,TARCAN9,9.0,9.0,952.0,9.0,0.0,9.0,889.0,9.0,0.0,2.0,2.0,-1.1838,-0.7408,0.0,0.0,0.0,0.0,0.0,0.0,0.0,0.0,1.0,0.5,0.0,0.0,0.0,0.0,0.0,0.0,0.0,9.0,9.0,9.0,0.0,573.0,1.0,1.0,,,,48.0,52.0,,,,1.0,0.0,,50.0,4.0,,Male,Allie,Eddie,,,,0.06,0.05556,1007.0,9.0,0.0,0.05556,1001.0,9.0,0.0,-0.8895,-0.8648,0.05556,0.05556,0.0,0.0,2.0,0.11111,0.0,0.11111
10.0,Gail & Gisele,TARCAN9,10.0,10.0,1002.0,10.0,0.0,10.0,954.0,10.0,0.0,1.0,1.0,-1.4265,-0.9342,0.0,0.0,0.0,0.0,0.0,0.0,0.0,0.0,0.0,0.0,0.0,0.0,0.0,0.0,0.0,0.0,0.0,,10.0,10.0,0.0,574.0,0.0,0.0,,,,46.0,34.0,,,,0.0,0.0,,40.0,12.0,,Female,Gail,Gisele,,,,0.0,0.0,1030.0,10.0,0.0,0.0,1022.0,10.0,0.0,-1.0,-1.0,0.0,0.0,0.0,0.0,1.0,0.0,0.0,0.0
1.0,Taylor & Katie,TARCAN10,3.2,3.2,215.0,2.0,-1.0,3.0,166.0,3.0,-2.0,10.0,9.0,0.2962,0.4464,3.0,0.3,7.0,0.7,2.18174,2.5,1.0,0.1,0.0,0.0,1.0,0.1,0.0,0.0,0.0,0.0,0.0,3.0,1.0,8.0,7.0,575.0,6.0,6.0,,,,24.0,24.0,,,,6.0,0.0,,24.0,0.0,,Female,Taylor,Katie,,,,0.69,0.69171,116.0,2.0,-1.0,0.75,132.0,2.0,-1.0,0.3793,0.7326,0.30597,0.29712,8.0,0.8,2.0,1.0,0.0,1.0
2.0,Colin & Matt,TARCAN10,4.3,4.3,444.0,5.0,-3.0,4.0,341.0,3.0,-1.0,10.0,9.0,0.0543,0.2561,1.0,0.1,3.0,0.3,1.9,2.5,1.0,0.1,2.0,0.2,0.0,0.0,0.0,0.0,0.0,0.0,0.0,4.0,1.0,7.0,6.0,576.0,6.0,6.0,,,,33.0,31.0,,,,6.0,0.0,,32.0,2.0,,Male,Colin,Matt,,,,0.48,0.47929,468.0,5.0,-3.0,0.45,503.0,6.0,-4.0,-0.0442,0.2005,0.25148,0.3625,5.0,0.5,5.0,1.0,0.14286,0.85714
3.0,Michael & Tyson,TARCAN10,4.2,4.2,418.0,3.0,0.0,4.0,341.0,9.0,-6.0,10.0,9.0,0.0762,0.2734,2.0,0.2,3.0,0.3,2.22711,1.75,0.0,0.0,3.0,0.3,0.0,0.0,0.0,0.0,0.0,0.0,0.0,,1.0,9.0,8.0,577.0,6.0,6.0,,,,33.0,35.0,,,,6.0,0.0,,34.0,2.0,,Male,Michael,Tyson,,,,0.46,0.46298,495.0,6.0,-3.0,0.35417,631.0,7.0,-4.0,-0.0768,0.1597,0.2945,0.34107,4.0,0.4,6.0,1.0,0.2,0.8
4.0,Lauren & Nicole,TARCAN10,2.2,2.2,38.0,1.0,3.0,2.0,26.0,1.0,3.0,10.0,9.0,0.5161,0.6194,2.0,0.2,9.0,0.9,0.87178,0.75,5.0,0.5,0.0,0.0,0.0,0.0,0.0,0.0,0.0,0.0,0.0,2.0,1.0,4.0,3.0,578.0,6.0,6.0,,,,26.0,26.0,,,,6.0,0.0,,26.0,0.0,,Female,Lauren,Nicole,,,,0.77,0.76627,43.0,1.0,3.0,0.875,37.0,1.0,3.0,0.528,0.9193,0.28263,0.18294,9.0,0.9,1.0,1.0,0.0,1.0
5.0,Kevin & Gurleen,TARCAN10,4.22,4.22222,427.0,4.0,1.0,5.0,504.0,2.0,3.0,9.0,8.0,0.0718,0.2699,1.0,0.1111,3.0,0.3333,2.04275,3.0,2.0,0.2222,1.0,0.1111,0.0,0.0,0.0,1.0,0.0,0.0,0.0,5.0,1.0,8.0,7.0,579.0,5.0,5.0,,,,31.0,35.0,,,,5.0,0.0,,33.0,4.0,,Co-Ed,Kevin,Gurleen,,,,0.5,0.50472,416.0,4.0,1.0,0.5,408.0,4.0,1.0,0.0065,0.2642,0.30847,0.46667,5.0,0.5556,4.0,1.0,0.0,1.0
6.0,Michael & Amari,TARCAN10,4.38,4.375,470.0,6.0,0.0,4.5,470.0,6.0,0.0,8.0,7.0,0.0367,0.2422,0.0,0.0,3.0,0.375,1.49478,3.0,1.0,0.125,0.0,0.0,0.0,0.0,0.0,0.0,0.0,0.0,0.0,6.0,2.0,6.0,4.0,580.0,5.0,4.0,,,,41.0,19.0,,,,4.5,1.0,,30.0,22.0,,Male,Michael,Amari,,,,0.51,0.50933,409.0,3.0,3.0,0.57778,350.0,3.0,3.0,0.0157,0.2757,0.25997,0.31607,5.0,0.625,3.0,0.83333,0.0,0.83333
7.0,Julia & Olivia,TARCAN10,5.83,5.83333,705.0,8.0,-1.0,7.0,734.0,3.0,4.0,6.0,5.0,-0.2823,-0.0087,1.0,0.1667,1.0,0.1667,2.54406,3.0,0.0,0.0,1.0,0.1667,0.0,0.0,0.0,1.0,0.0,0.0,0.0,8.0,1.0,8.0,7.0,581.0,4.0,4.0,,,,33.0,33.0,,,,4.0,0.0,,33.0,0.0,,Female,Julia,Olivia,,,,0.38,0.38287,642.0,8.0,-1.0,0.23611,809.0,8.0,-1.0,-0.2365,-0.041,0.35071,0.43819,2.0,0.3333,4.0,1.0,0.0,1.0
8.0,Brad & Sam,TARCAN10,5.8,5.8,697.0,7.0,1.0,6.0,634.0,7.0,1.0,5.0,4.0,-0.2757,-0.0035,0.0,0.0,1.0,0.2,1.72047,2.0,0.0,0.0,0.0,0.0,0.0,0.0,0.0,0.0,0.0,0.0,0.0,,3.0,8.0,5.0,582.0,3.0,3.0,,,,52.0,24.0,,,,3.0,0.0,,38.0,28.0,,Co-Ed,Brad,Sam,,,,0.42,0.41667,589.0,7.0,1.0,0.5,408.0,4.0,4.0,-0.1691,0.0437,0.24721,0.16667,3.0,0.6,2.0,0.75,0.0,0.75
9.0,Connor & John,TARCAN10,8.5,8.5,931.0,9.0,0.0,9.0,889.0,8.0,1.0,4.0,3.0,-0.8695,-0.4706,0.0,0.0,0.0,0.0,0.86603,0.5,0.0,0.0,1.0,0.25,1.0,0.25,0.0,0.0,0.0,0.0,0.0,9.0,7.0,9.0,2.0,583.0,1.0,3.0,,,,24.0,26.0,,,,2.0,2.0,,25.0,2.0,,Male,Connor,John,,,,0.13,0.12778,968.0,9.0,0.0,0.05556,1001.0,9.0,0.0,-0.7452,-0.6799,0.16358,0.18333,0.0,0.0,4.0,0.4,0.0,0.4
10.0,Dorothy & Olus,TARCAN10,10.0,10.0,1002.0,10.0,0.0,10.0,954.0,10.0,0.0,2.0,2.0,-1.1994,-0.7301,0.0,0.0,0.0,0.0,0.0,0.0,0.0,0.0,1.0,0.5,0.0,0.0,0.0,0.0,0.0,0.0,0.0,10.0,10.0,10.0,0.0,584.0,1.0,1.0,,,,29.0,32.0,,,,1.0,0.0,,30.5,3.0,,Co-Ed,Dorothy,Olus,,,,0.05,0.05,1011.0,10.0,0.0,0.05,1005.0,10.0,0.0,-0.9003,-0.8748,0.05,0.05,0.0,0.0,2.0,0.1,0.0,0.1
11.0,Eva & Trystenne,TARCAN10,11.0,11.0,1043.0,11.0,0.0,11.0,997.0,11.0,0.0,1.0,1.0,-1.4194,-0.9031,0.0,0.0,0.0,0.0,0.0,0.0,0.0,0.0,0.0,0.0,0.0,0.0,0.0,0.0,0.0,0.0,0.0,,11.0,11.0,0.0,585.0,0.0,1.0,,,,30.0,27.0,,,,0.5,1.0,,28.5,3.0,,Female,Eva,Trystenne,,,,0.0,0.0,1030.0,11.0,0.0,0.0,1022.0,11.0,0.0,-1.0,-1.0,0.0,0.0,0.0,0.0,1.0,0.0,0.0,0.0
1.0,Jesse & Jonathon,TARCAN11,2.0,2.0,15.0,1.0,0.0,1.5,16.0,3.0,-2.0,10.0,10.0,0.5556,0.6435,5.0,0.5,9.0,0.9,1.26491,1.75,2.0,0.2,1.0,0.1,0.0,0.0,0.0,2.0,0.0,0.0,0.0,1.0,1.0,5.0,4.0,586.0,5.0,6.0,,,,33.0,36.0,,,,5.5,1.0,,34.5,3.0,,Male,Jesse,Jonathon,,,,0.8,0.79905,27.0,1.0,0.0,0.92857,21.0,1.0,0.0,0.5981,0.9355,0.26351,0.34167,9.0,0.9,1.0,1.0,0.2,0.8
2.0,Grace & Joe,TARCAN11,4.0,4.0,375.0,4.0,-2.0,3.0,166.0,3.0,-1.0,10.0,10.0,0.1111,0.287,2.0,0.2,5.0,0.5,2.82843,3.75,3.0,0.3,2.0,0.2,0.0,0.0,0.0,1.0,0.0,0.0,0.0,2.0,1.0,10.0,9.0,587.0,5.0,6.0,,,,33.0,35.0,,,,5.5,1.0,,34.0,2.0,,Co-Ed,Grace,Joe,,,,0.58,0.58341,282.0,3.0,-1.0,0.58333,342.0,2.0,0.0,0.1668,0.4132,0.31708,0.51488,7.0,0.7,3.0,1.0,0.1,0.9
3.0,EB & Blake,TARCAN11,3.3,3.3,238.0,2.0,1.0,3.5,315.0,1.0,2.0,10.0,10.0,0.2667,0.4118,2.0,0.2,5.0,0.5,1.67631,2.75,2.0,0.2,2.0,0.2,0.0,0.0,0.0,1.0,0.0,0.0,0.0,2.0,1.0,6.0,5.0,588.0,6.0,5.0,,,,22.0,26.0,,,,5.5,1.0,,24.0,4.0,,Male,EB,Blake,,,,0.6,0.59536,262.0,2.0,1.0,0.54762,392.0,4.0,-1.0,0.1907,0.4421,0.29797,0.53125,5.0,0.5,5.0,1.0,0.2,0.8
4.0,Nipîy & Magoo,TARCAN11,4.7,4.7,521.0,5.0,-1.0,4.5,470.0,7.0,-3.0,10.0,10.0,-0.0444,0.1622,1.0,0.1,3.0,0.3,2.0025,2.75,0.0,0.0,1.0,0.1,1.0,0.1,0.0,0.0,0.0,0.0,0.0,3.0,1.0,8.0,7.0,589.0,6.0,5.0,,,,45.0,51.0,,,,5.5,1.0,,48.0,6.0,,Co-Ed,Nipîy,Magoo,,,,0.4,0.39817,622.0,6.0,-2.0,0.325,694.0,7.0,-3.0,-0.2037,-0.0355,0.32374,0.4623,3.0,0.3,7.0,1.0,0.0,1.0
5.0,Ika & Demetres,TARCAN11,3.89,3.88889,361.0,3.0,2.0,4.0,341.0,9.0,-4.0,9.0,9.0,0.1356,0.3066,0.0,0.0,4.0,0.4444,1.52348,2.0,2.0,0.2222,0.0,0.0,0.0,0.0,0.0,0.0,0.0,0.0,0.0,3.0,2.0,7.0,5.0,590.0,4.0,4.0,,,,40.0,33.0,,,,4.0,0.0,,36.5,7.0,,Co-Ed,Ika,Demetres,,,,0.54,0.54131,346.0,4.0,1.0,0.57143,352.0,3.0,2.0,0.0826,0.3112,0.26692,0.37778,5.0,0.5556,4.0,0.875,0.0,0.875
6.0,Lacey & Celia,TARCAN11,5.5,5.5,657.0,7.0,-1.0,6.0,634.0,6.0,0.0,8.0,8.0,-0.2222,0.0196,0.0,0.0,3.0,0.375,2.06155,4.25,0.0,0.0,2.0,0.25,1.0,0.125,0.0,0.0,0.0,0.0,0.0,3.0,3.0,8.0,5.0,591.0,4.0,3.0,,,,26.0,29.0,,,,3.5,1.0,,27.5,3.0,,Female,Lacey,Celia,,,,0.36,0.363,677.0,7.0,-1.0,0.37222,620.0,6.0,0.0,-0.274,-0.1207,0.27856,0.50952,3.0,0.375,5.0,0.75,0.0,0.75
7.0,Rebecca & Rebecca,TARCAN11,5.0,5.0,566.0,6.0,1.0,5.0,504.0,3.0,4.0,6.0,6.0,-0.1111,0.1087,0.0,0.0,1.0,0.1667,1.82574,2.75,1.0,0.1667,0.0,0.0,0.0,0.0,0.0,0.0,0.0,0.0,0.0,4.0,2.0,7.0,5.0,592.0,3.0,2.0,,,,35.0,33.0,,,,2.5,1.0,,34.0,2.0,,Female,Rebecca,Rebecca,,,,0.47,0.46687,491.0,5.0,2.0,0.47917,480.0,5.0,2.0,-0.0663,0.1309,0.28876,0.38363,3.0,0.5,3.0,0.85714,0.0,0.85714
8.0,Louis & Marie,TARCAN11,6.8,6.8,811.0,8.0,0.0,8.0,826.0,2.0,6.0,5.0,5.0,-0.5111,-0.2121,0.0,0.0,0.0,0.0,1.93907,3.0,0.0,0.0,1.0,0.2,0.0,0.0,0.0,0.0,0.0,0.0,0.0,8.0,4.0,9.0,5.0,593.0,2.0,2.0,,,,32.0,58.0,,,,2.0,0.0,,45.0,26.0,,Co-Ed,Louis,Marie,,,,0.29,0.2904,806.0,9.0,-1.0,0.2,847.0,9.0,-1.0,-0.4192,-0.2966,0.23201,0.43056,2.0,0.4,3.0,0.57143,0.0,0.57143
9.0,Osas & Esosa,TARCAN11,8.0,8.0,899.0,10.0,-1.0,9.0,889.0,8.0,1.0,3.0,3.0,-0.7778,-0.426,0.0,0.0,0.0,0.0,1.41421,1.5,0.0,0.0,1.0,0.3333,0.0,0.0,0.0,0.0,0.0,0.0,0.0,9.0,6.0,9.0,3.0,594.0,1.0,1.0,,,,31.0,35.0,,,,1.0,0.0,,33.0,4.0,,Male,Osas,Esosa,,,,0.2,0.2037,908.0,10.0,-1.0,0.11111,945.0,10.0,-1.0,-0.5926,-0.5066,0.21437,0.25,1.0,0.3333,2.0,0.5,0.0,0.5
10.0,Brendan & Sam,TARCAN11,7.5,7.5,872.0,9.0,1.0,7.5,808.0,10.0,0.0,2.0,2.0,-0.6667,-0.3369,0.0,0.0,0.0,0.0,2.5,2.5,0.0,0.0,0.0,0.0,0.0,0.0,0.0,0.0,0.0,0.0,0.0,,5.0,10.0,5.0,595.0,1.0,1.0,,,,32.0,25.0,,,,1.0,0.0,,28.5,7.0,,Co-Ed,Brendan,Sam,,,,0.3,0.3,786.0,8.0,2.0,0.3,708.0,8.0,2.0,-0.4,-0.2733,0.3,0.3,1.0,0.5,1.0,0.6,0.0,0.6
11.0,Michele & Aditi,TARCAN11,11.0,11.0,1043.0,11.0,0.0,11.0,997.0,11.0,0.0,1.0,1.0,-1.4444,-0.9608,0.0,0.0,0.0,0.0,0.0,0.0,0.0,0.0,0.0,0.0,0.0,0.0,0.0,0.0,0.0,0.0,0.0,,11.0,11.0,0.0,596.0,0.0,1.0,,,,39.0,40.0,,,,0.5,1.0,,39.5,1.0,,Female,Michele,Aditi,,,,0.0,0.0,1030.0,11.0,0.0,0.0,1022.0,11.0,0.0,-1.0,-1.0,0.0,0.0,0.0,0.0,1.0,0.0,0.0,0.0
1.0,Tyler & Nathan,TARAU1,2.25,2.25,44.0,1.0,0.0,2.0,26.0,1.0,0.0,12.0,12.0,0.5013,0.5879,4.0,0.3333,11.0,0.9167,1.36168,2.0,4.0,0.3333,1.0,0.0833,0.0,0.0,0.0,0.0,1.0,0.0,0.0,1.0,1.0,6.0,5.0,597.0,6.0,6.0,,,,25.0,25.0,,,,6.0,0.0,,25.0,0.0,,Male,Tyler,Nathan,,,,0.77,0.77106,40.0,1.0,0.0,0.8,88.0,1.0,0.0,0.5421,0.7793,0.21826,0.375,11.0,0.9167,1.0,1.0,0.33333,0.66667
2.0,Sam & Renae,TARAU1,4.08,4.08333,393.0,4.0,-2.0,4.0,341.0,3.0,-1.0,12.0,12.0,0.0957,0.2527,2.0,0.1667,4.0,0.3333,2.01901,2.5,1.0,0.0833,2.0,0.1667,1.0,0.0833,0.0,0.0,0.0,0.0,0.0,4.0,1.0,8.0,7.0,598.0,6.0,6.0,,,,22.0,23.0,,,,6.0,0.0,,22.5,1.0,,Female,Sam,Renae,,,,0.46,0.46038,503.0,5.0,-3.0,0.45,503.0,5.0,-3.0,-0.0792,0.0624,0.29691,0.35694,6.0,0.5,6.0,1.0,0.0,1.0
3.0,Jeff & Luke,TARAU1,3.17,3.16667,198.0,2.0,1.0,3.0,166.0,2.0,1.0,12.0,12.0,0.2974,0.4194,1.0,0.0833,8.0,0.6667,1.21335,1.25,2.0,0.1667,1.0,0.0833,0.0,0.0,0.0,0.0,0.0,0.0,0.0,3.0,1.0,6.0,5.0,599.0,6.0,6.0,,,,60.0,32.0,,,,6.0,0.0,,46.0,28.0,,Male,Jeff,Luke,,,,0.6,0.60003,254.0,3.0,0.0,0.66667,216.0,2.0,1.0,0.2001,0.3846,0.23811,0.14246,9.0,0.75,3.0,1.0,0.0,1.0
4.0,Matt & Tom,TARAU1,3.27,3.27273,229.0,3.0,1.0,4.0,341.0,3.0,1.0,11.0,11.0,0.2752,0.4011,3.0,0.2727,5.0,0.4545,1.81363,3.5,2.0,0.1818,1.0,0.0909,1.0,0.0909,0.0,0.0,0.0,0.0,0.0,5.0,1.0,6.0,5.0,600.0,5.0,6.0,,,,26.0,26.0,,,,5.5,1.0,,26.0,0.0,,Male,Matt,Tom,,,,0.6,0.60115,248.0,2.0,2.0,0.6,309.0,3.0,1.0,0.2023,0.3872,0.37272,0.6,8.0,0.7273,3.0,1.0,0.0,1.0
5.0,Kelly & Dave,TARAU1,4.56,4.55556,493.0,6.0,-1.0,5.0,504.0,6.0,-1.0,9.0,9.0,-0.0107,0.1648,0.0,0.0,1.0,0.1111,1.16534,1.0,1.0,0.1111,1.0,0.1111,0.0,0.0,0.0,0.0,0.0,0.0,0.0,4.0,2.0,6.0,4.0,601.0,3.0,6.0,,,,37.0,52.0,,,,4.5,3.0,,44.5,15.0,,Co-Ed,Kelly,Dave,,,,0.44,0.43849,548.0,6.0,-1.0,0.4,563.0,6.0,-1.0,-0.123,0.0118,0.24771,0.2381,4.0,0.4444,5.0,0.9,0.0,0.9
6.0,Anastasia & Chris,TARAU1,4.5,4.5,484.0,5.0,1.0,4.5,470.0,5.0,1.0,8.0,8.0,0.0026,0.1758,1.0,0.125,4.0,0.5,2.34521,4.25,1.0,0.125,1.0,0.125,0.0,0.0,0.0,0.0,0.0,0.0,0.0,7.0,1.0,7.0,6.0,602.0,3.0,5.0,,,,21.0,23.0,,,,4.0,2.0,,22.0,2.0,,Co-Ed,Anastasia,Chris,,,,0.53,0.53244,362.0,4.0,2.0,0.575,351.0,4.0,2.0,0.0649,0.2286,0.33921,0.52262,4.0,0.5,4.0,1.0,0.0,1.0
7.0,Alana & Mel,TARAU1,6.67,6.66667,794.0,7.0,0.0,7.0,734.0,7.0,0.0,6.0,6.0,-0.4783,-0.2216,0.0,0.0,1.0,0.1667,2.62467,3.0,1.0,0.1667,1.0,0.1667,0.0,0.0,0.0,0.0,0.0,0.0,0.0,7.0,2.0,10.0,8.0,603.0,2.0,4.0,,,,25.0,28.0,,,,3.0,2.0,,26.5,3.0,,Female,Alana,Mel,,,,0.31,0.31124,767.0,9.0,-2.0,0.225,819.0,9.0,-2.0,-0.3775,-0.2818,0.29013,0.25893,1.0,0.1667,5.0,0.88889,0.0,0.88889
8.0,Mo & Mos,TARAU1,8.6,8.6,943.0,10.0,-2.0,8.0,826.0,9.0,-1.0,5.0,5.0,-0.9061,-0.5751,0.0,0.0,0.0,0.0,1.35647,1.0,0.0,0.0,2.0,0.4,1.0,0.2,0.0,0.0,0.0,0.0,0.0,8.0,7.0,11.0,4.0,604.0,2.0,3.0,,,,26.0,25.0,,,,2.5,1.0,,25.5,1.0,,Male,Mo,Mos,,,,0.13,0.12722,969.0,11.0,-3.0,0.11111,945.0,11.0,-3.0,-0.7456,-0.7064,0.14632,0.125,0.0,0.0,5.0,0.4,0.0,0.4
9.0,Richard & Joey,TARAU1,7.25,7.25,851.0,9.0,0.0,9.0,889.0,11.0,-2.0,4.0,4.0,-0.6069,-0.3278,1.0,0.25,1.0,0.25,3.63146,2.25,0.0,0.0,1.0,0.25,0.0,0.0,1.0,1.0,0.0,0.0,0.0,9.0,1.0,10.0,9.0,605.0,2.0,1.0,,,,29.0,30.0,,,,1.5,1.0,,29.5,1.0,,Co-Ed,Richard,Joey,,,,0.33,0.325,742.0,8.0,1.0,0.15,904.0,10.0,-1.0,-0.35,-0.25,0.39607,0.325,1.0,0.25,3.0,1.0,0.0,1.0
10.0,Anne-Marie & Tracy,TARAU1,8.67,8.66667,945.0,11.0,-1.0,8.0,826.0,9.0,1.0,3.0,3.0,-0.9216,-0.5879,0.0,0.0,0.0,0.0,0.94281,1.0,0.0,0.0,0.0,0.0,0.0,0.0,0.0,0.0,0.0,0.0,0.0,8.0,8.0,10.0,2.0,606.0,2.0,1.0,,,,53.0,46.0,,,,1.5,1.0,,49.5,7.0,,Female,Anne-Marie,Tracy,,,,0.2,0.2,911.0,10.0,0.0,0.3,708.0,8.0,2.0,-0.6,-0.5385,0.14142,0.15,0.0,0.0,3.0,0.3,0.0,0.3
11.0,Ryot & Liberty,TARAU1,7.0,7.0,819.0,8.0,3.0,7.0,734.0,7.0,4.0,2.0,2.0,-0.5515,-0.2821,0.0,0.0,1.0,0.5,4.0,4.0,0.0,0.0,0.0,0.0,0.0,0.0,0.0,0.0,0.0,0.0,0.0,,3.0,11.0,8.0,607.0,2.0,0.0,,,,27.0,23.0,,,,1.0,2.0,,25.0,4.0,,Co-Ed,Ryot,Liberty,,,,0.4,0.4,616.0,7.0,4.0,0.4,563.0,6.0,5.0,-0.2,-0.077,0.4,0.4,1.0,0.5,1.0,0.8,0.0,0.8
1.0,Shane & Andrew,TARAU2,4.08,4.08333,393.0,4.0,-3.0,4.0,341.0,4.0,-3.0,12.0,12.0,0.1186,0.2139,2.0,0.1667,6.0,0.5,2.28977,4.0,2.0,0.1667,1.0,0.0833,0.0,0.0,0.0,0.0,1.0,0.0,0.0,6.0,1.0,8.0,7.0,608.0,5.0,5.0,,,,43.0,35.0,,,,5.0,0.0,,39.0,8.0,,Male,Shane,Andrew,,,,0.58,0.58267,284.0,4.0,-3.0,0.47222,483.0,7.0,-6.0,0.1653,0.2527,0.25475,0.425,6.0,0.5,6.0,1.0,0.28571,0.71429
2.0,Paul & Steve,TARAU2,3.25,3.25,224.0,2.0,0.0,2.0,26.0,1.0,1.0,12.0,12.0,0.2979,0.3738,5.0,0.4167,7.0,0.5833,2.71186,4.0,2.0,0.1667,2.0,0.1667,0.0,0.0,1.0,2.0,0.0,0.0,1.0,1.0,1.0,10.0,9.0,609.0,6.0,3.0,,,,27.0,29.0,,,,4.5,3.0,,28.0,2.0,,Male,Paul,Steve,,,,0.67,0.6706,140.0,1.0,1.0,0.63333,277.0,4.0,-2.0,0.3412,0.4418,0.31355,0.53125,9.0,0.75,3.0,1.0,0.1,0.9
3.0,Michelle & Jo,TARAU2,2.92,2.91667,146.0,1.0,2.0,3.0,166.0,2.0,1.0,12.0,12.0,0.3692,0.4374,1.0,0.0833,10.0,0.8333,1.44097,1.0,4.0,0.3333,0.0,0.0,0.0,0.0,0.0,0.0,0.0,1.0,0.0,3.0,1.0,7.0,6.0,610.0,5.0,5.0,,,,26.0,26.0,,,,5.0,0.0,,26.0,0.0,,Female,Michelle,Jo,,,,0.67,0.66809,145.0,2.0,1.0,0.72222,169.0,1.0,2.0,0.3362,0.4364,0.26264,0.28214,10.0,0.8333,2.0,1.0,0.0,1.0
4.0,Joseph & Grace,TARAU2,4.91,4.90909,562.0,5.0,-1.0,4.0,341.0,4.0,0.0,11.0,11.0,-0.0607,0.0539,0.0,0.0,3.0,0.2727,1.88074,3.0,1.0,0.0909,1.0,0.0909,1.0,0.0909,0.0,0.0,0.0,0.0,0.0,4.0,2.0,8.0,6.0,611.0,4.0,4.0,,,,22.0,21.0,,,,4.0,0.0,,21.5,1.0,,Co-Ed,Joseph,Grace,,,,0.41,0.40779,605.0,8.0,-4.0,0.4,563.0,8.0,-4.0,-0.1844,-0.1233,0.26481,0.40952,5.0,0.4545,6.0,0.75,0.0,0.75
5.0,Lucy & Emilia,TARAU2,6.9,6.9,818.0,10.0,-5.0,5.5,613.0,8.0,-3.0,10.0,10.0,-0.4905,-0.3295,0.0,0.0,0.0,0.0,2.2561,3.75,0.0,0.0,4.0,0.4,1.0,0.1,0.0,0.0,0.0,0.0,0.0,5.0,5.0,11.0,6.0,612.0,3.0,5.0,,,,36.0,30.0,,,,4.0,2.0,,33.0,6.0,,Female,Lucy,Emilia,,,,0.19,0.19171,922.0,10.0,-5.0,0.1625,897.0,10.0,-5.0,-0.6166,-0.5878,0.14071,0.21865,0.0,0.0,10.0,0.42857,0.0,0.42857
6.0,James & Sarah,TARAU2,5.44,5.44444,656.0,8.0,-2.0,6.0,634.0,10.0,-4.0,9.0,9.0,-0.1751,-0.0482,1.0,0.1111,2.0,0.2222,2.45452,3.0,0.0,0.0,2.0,0.2222,0.0,0.0,0.0,0.0,0.0,0.0,0.0,7.0,1.0,9.0,8.0,613.0,4.0,3.0,,,,23.0,32.0,,,,3.5,1.0,,27.5,9.0,,Co-Ed,James,Sarah,,,,0.39,0.38977,633.0,9.0,-3.0,0.22222,823.0,9.0,-3.0,-0.2205,-0.162,0.31674,0.35714,4.0,0.4444,5.0,1.0,0.0,1.0
7.0,Sticky & Sam,TARAU2,3.63,3.625,307.0,3.0,4.0,3.5,315.0,3.0,4.0,8.0,8.0,0.2158,0.3006,2.0,0.25,4.0,0.5,2.11763,3.5,1.0,0.125,1.0,0.125,0.0,0.0,0.0,1.0,0.0,0.0,0.0,1.0,1.0,7.0,6.0,614.0,3.0,3.0,,,,24.0,24.0,,,,3.0,0.0,,24.0,0.0,,Male,Sticky,Sam,,,,0.62,0.61592,220.0,3.0,4.0,0.65714,268.0,3.0,4.0,0.2318,0.3242,0.34555,0.43601,6.0,0.75,2.0,1.0,0.0,1.0
8.0,Ross & Tarryn,TARAU2,5.0,5.0,566.0,6.0,2.0,5.5,613.0,8.0,0.0,6.0,6.0,-0.0801,0.0366,1.0,0.1667,2.0,0.3333,2.82843,5.25,1.0,0.1667,0.0,0.0,1.0,0.1667,0.0,0.0,0.0,0.0,0.0,8.0,1.0,8.0,7.0,615.0,3.0,1.0,,,,55.0,27.0,,,,2.0,2.0,,41.0,28.0,,Co-Ed,Ross,Tarryn,,,,0.47,0.47315,484.0,7.0,1.0,0.475,482.0,6.0,2.0,-0.0537,0.0173,0.40813,0.77917,3.0,0.5,3.0,1.0,0.0,1.0
9.0,Kym & Donna,TARAU2,5.25,5.25,616.0,7.0,2.0,5.0,504.0,7.0,2.0,4.0,4.0,-0.1341,-0.0116,0.0,0.0,1.0,0.25,2.58602,3.25,1.0,0.25,0.0,0.0,0.0,0.0,0.0,0.0,0.0,0.0,0.0,,2.0,9.0,7.0,616.0,1.0,1.0,,,,46.0,42.0,,,,1.0,0.0,,44.0,4.0,,Co-Ed,Kym,Donna,,,,0.52,0.51667,391.0,5.0,4.0,0.58333,342.0,5.0,4.0,0.0333,0.1108,0.3304,0.35,3.0,0.75,1.0,0.9,0.0,0.9
10.0,Sue & Teresa,TARAU2,5.67,5.66667,677.0,9.0,1.0,4.0,341.0,4.0,6.0,3.0,3.0,-0.2248,-0.0925,0.0,0.0,1.0,0.3333,3.09121,3.5,0.0,0.0,0.0,0.0,0.0,0.0,0.0,0.0,0.0,0.0,0.0,,3.0,10.0,7.0,617.0,2.0,0.0,,,,40.0,44.0,,,,1.0,2.0,,42.0,4.0,,Female,Sue,Teresa,,,,0.5,0.5,423.0,6.0,4.0,0.7,189.0,2.0,8.0,0.0,0.075,0.3559,0.4,2.0,0.6667,1.0,0.8,0.0,0.8
11.0,Adam & Dane,TARAU2,10.0,10.0,1002.0,11.0,0.0,10.0,954.0,11.0,0.0,2.0,2.0,-1.1602,-0.9268,0.0,0.0,0.0,0.0,1.0,1.0,0.0,0.0,0.0,0.0,0.0,0.0,0.0,0.0,0.0,0.0,0.0,,9.0,11.0,2.0,618.0,0.0,0.0,,,,29.0,30.0,,,,0.0,0.0,,29.5,1.0,,Male,Adam,Dane,,,,0.1,0.1,984.0,11.0,0.0,0.1,968.0,11.0,0.0,-0.8,-0.785,0.1,0.1,0.0,0.0,2.0,0.2,0.0,0.2
1.0,Daniel & Ryan,TARAU3,2.8,2.8,124.0,2.0,-1.0,3.0,166.0,3.0,-2.0,10.0,10.0,0.3,0.4286,3.0,0.3,8.0,0.8,1.46969,1.5,0.0,0.0,2.0,0.2,0.0,0.0,1.0,0.0,0.0,0.0,0.0,3.0,1.0,6.0,5.0,619.0,4.0,5.0,,,,28.0,32.0,,,,4.5,1.0,,30.0,4.0,,Male,Daniel,Ryan,,,,0.67,0.6731,139.0,2.0,-1.0,0.69048,198.0,3.0,-2.0,0.3462,0.5494,0.27119,0.4125,8.0,0.8,2.0,1.0,0.16667,0.83333
2.0,Sally & Tyson,TARAU3,3.8,3.8,340.0,5.0,-3.0,4.0,341.0,5.0,-3.0,10.0,10.0,0.05,0.2245,1.0,0.1,4.0,0.4,2.08806,1.75,2.0,0.2,2.0,0.2,0.0,0.0,0.0,1.0,0.0,0.0,0.0,4.0,1.0,9.0,8.0,620.0,6.0,5.0,,,,33.0,38.0,,,,5.5,1.0,,35.5,5.0,,Co-Ed,Sally,Tyson,,,,0.51,0.50575,413.0,5.0,-3.0,0.53571,397.0,5.0,-3.0,0.0115,0.1641,0.23658,0.26875,6.0,0.6,4.0,1.0,0.11111,0.88889
3.0,Ashleigh & Jarrod,TARAU3,3.6,3.6,301.0,4.0,-1.0,3.0,166.0,3.0,0.0,10.0,10.0,0.1,0.2653,1.0,0.1,6.0,0.6,1.90788,3.0,3.0,0.3,0.0,0.0,1.0,0.1,0.0,0.0,0.0,0.0,0.0,2.0,1.0,7.0,6.0,621.0,5.0,6.0,,,,27.0,28.0,,,,5.5,1.0,,27.5,1.0,,Co-Ed,Ashleigh,Jarrod,,,,0.51,0.51397,397.0,4.0,-1.0,0.55556,370.0,4.0,-1.0,0.0279,0.1831,0.33,0.49286,5.0,0.5,5.0,1.0,0.0,1.0
4.0,Carla & Hereni,TARAU3,4.11,4.11111,405.0,6.0,-2.0,4.0,341.0,5.0,-1.0,9.0,9.0,-0.0275,0.1612,1.0,0.1111,3.0,0.3333,2.0787,3.0,2.0,0.2222,4.0,0.4444,0.0,0.0,0.0,0.0,0.0,0.0,0.0,2.0,1.0,8.0,7.0,622.0,6.0,4.0,,,,37.0,42.0,,,,5.0,2.0,,39.5,5.0,,Female,Carla,Hereni,,,,0.41,0.41107,601.0,6.0,-2.0,0.25,777.0,9.0,-5.0,-0.1779,-0.0538,0.34506,0.55,3.0,0.3333,6.0,1.0,0.0,1.0
5.0,Cat & Jesse,TARAU3,5.25,5.25,616.0,7.0,-2.0,5.0,504.0,7.0,-2.0,8.0,8.0,-0.3125,-0.0714,0.0,0.0,1.0,0.125,1.56125,2.25,0.0,0.0,1.0,0.125,1.0,0.125,0.0,0.0,0.0,0.0,0.0,5.0,3.0,8.0,5.0,623.0,4.0,5.0,,,,38.0,36.0,,,,4.5,1.0,,37.0,2.0,,Co-Ed,Cat,Jesse,,,,0.28,0.28313,814.0,7.0,-2.0,0.31111,706.0,7.0,-2.0,-0.4337,-0.3483,0.20569,0.39286,3.0,0.375,5.0,0.5,0.0,0.5
6.0,John & Murray,TARAU3,2.17,2.16667,31.0,1.0,5.0,1.5,16.0,1.0,5.0,6.0,6.0,0.4575,0.5571,3.0,0.5,5.0,0.8333,1.77169,1.0,2.0,0.3333,0.0,0.0,0.0,0.0,0.0,0.0,1.0,0.0,0.0,1.0,1.0,6.0,5.0,624.0,2.0,3.0,,,,35.0,35.0,,,,2.5,1.0,,35.0,0.0,,Male,John,Murray,,,,0.78,0.78472,35.0,1.0,5.0,0.9375,19.0,1.0,5.0,0.5694,0.8063,0.35715,0.15625,5.0,0.8333,1.0,1.0,0.0,1.0
7.0,Emily & Jono,TARAU3,3.25,3.25,224.0,3.0,4.0,2.5,128.0,2.0,5.0,4.0,4.0,0.1875,0.3367,1.0,0.25,3.0,0.75,2.27761,2.25,1.0,0.25,0.0,0.0,0.0,0.0,0.0,0.0,0.0,0.0,0.0,,1.0,7.0,6.0,625.0,2.0,2.0,,,,24.0,26.0,,,,2.0,0.0,,25.0,2.0,,Co-Ed,Emily,Jono,,,,0.66,0.65873,155.0,3.0,4.0,0.81746,83.0,2.0,5.0,0.3175,0.5163,0.38856,0.30952,3.0,0.75,1.0,1.0,0.0,1.0
8.0,Aston & Christie,TARAU3,7.0,7.0,819.0,8.0,0.0,7.0,734.0,8.0,0.0,3.0,3.0,-0.75,-0.4286,0.0,0.0,0.0,0.0,0.8165,1.0,0.0,0.0,0.0,0.0,0.0,0.0,0.0,0.0,0.0,0.0,0.0,,6.0,8.0,2.0,626.0,2.0,1.0,,,,32.0,35.0,,,,1.5,1.0,,33.5,3.0,,Female,Aston,Christie,,,,0.24,0.23611,874.0,9.0,-1.0,0.33333,656.0,6.0,2.0,-0.5278,-0.4565,0.16782,0.1875,0.0,0.0,3.0,0.375,0.0,0.375
9.0,Elizabeth & Todd,TARAU3,7.0,7.0,819.0,8.0,1.0,7.0,734.0,8.0,1.0,2.0,2.0,-0.75,-0.4286,0.0,0.0,0.0,0.0,2.0,2.0,0.0,0.0,0.0,0.0,0.0,0.0,0.0,0.0,0.0,0.0,0.0,,5.0,9.0,4.0,627.0,1.0,1.0,,,,50.0,25.0,,,,1.0,0.0,,37.5,25.0,,Co-Ed,Elizabeth,Todd,,,,0.28,0.27778,820.0,8.0,1.0,0.27778,763.0,8.0,1.0,-0.4444,-0.3606,0.27778,0.27778,1.0,0.5,1.0,0.55556,0.0,0.55556
10.0,Inga & Tiharna,TARAU3,10.0,10.0,1002.0,10.0,0.0,10.0,954.0,10.0,0.0,1.0,1.0,-1.5,-1.0408,0.0,0.0,0.0,0.0,0.0,0.0,0.0,0.0,0.0,0.0,0.0,0.0,0.0,0.0,0.0,0.0,0.0,,10.0,10.0,0.0,628.0,0.0,1.0,,,,27.0,26.0,,,,0.5,1.0,,26.5,1.0,,Female,Inga,Tiharna,,,,0.0,0.0,1030.0,10.0,0.0,0.0,1022.0,10.0,0.0,-1.0,-1.0,0.0,0.0,0.0,0.0,1.0,0.0,0.0,0.0
1.0,Tim & Rod,TARAU4,3.0,3.0,155.0,2.0,-1.0,3.0,166.0,2.0,-1.0,12.0,12.0,0.314,0.4792,2.0,0.1667,7.0,0.5833,1.35401,2.0,3.0,0.25,1.0,0.0833,0.0,0.0,0.0,1.0,0.0,0.0,0.0,4.0,1.0,5.0,4.0,629.0,4.0,4.0,,,,29.0,28.0,,,,4.0,0.0,,28.5,1.0,,Male,Tim,Rod,,,,0.69,0.68571,124.0,2.0,-1.0,0.725,165.0,2.0,-1.0,0.3714,0.7667,0.21892,0.30833,10.0,0.8333,2.0,1.0,0.25,0.75
2.0,Jasmin & Jerome,TARAU4,3.33,3.33333,246.0,3.0,-1.0,3.0,166.0,2.0,0.0,12.0,12.0,0.2386,0.4219,1.0,0.0833,7.0,0.5833,1.43372,2.25,3.0,0.25,2.0,0.1667,0.0,0.0,1.0,0.0,1.0,0.0,0.0,3.0,1.0,6.0,5.0,630.0,2.0,6.0,,,,30.0,30.0,,,,4.0,4.0,,30.0,0.0,,Co-Ed,Jasmin,Jerome,,,,0.59,0.59213,267.0,3.0,-1.0,0.6125,299.0,4.0,-2.0,0.1843,0.5256,0.19643,0.1875,10.0,0.8333,2.0,1.0,0.2,0.8
3.0,Viv & Joey,TARAU4,3.83,3.83333,350.0,4.0,-1.0,3.0,166.0,2.0,1.0,12.0,12.0,0.1243,0.3351,0.0,0.0,7.0,0.5833,1.81812,3.0,4.0,0.3333,2.0,0.1667,1.0,0.0833,0.0,0.0,0.0,0.0,0.0,2.0,2.0,7.0,5.0,631.0,2.0,6.0,,,,25.0,28.0,,,,4.0,4.0,,26.5,3.0,,Co-Ed,Viv,Joey,,,,0.45,0.4464,527.0,5.0,-2.0,0.41667,552.0,5.0,-2.0,-0.1072,0.1501,0.32442,0.53304,6.0,0.5,6.0,0.9,0.0,0.9
4.0,Tom & Tyler,TARAU4,1.64,1.63636,3.0,1.0,3.0,1.0,1.0,1.0,3.0,11.0,11.0,0.625,0.7153,8.0,0.7273,9.0,0.8182,1.14992,0.5,1.0,0.0909,0.0,0.0,0.0,0.0,1.0,1.0,0.0,0.0,0.0,1.0,1.0,4.0,3.0,632.0,4.0,3.0,,,,23.0,23.0,,,,3.5,1.0,,23.0,0.0,,Male,Tom,Tyler,,,,0.85,0.85065,9.0,1.0,3.0,1.0,1.0,1.0,3.0,0.7013,1.1916,0.30526,0.07143,10.0,0.9091,1.0,1.0,0.0,1.0
5.0,Femi & Nick,TARAU4,5.5,5.5,657.0,7.0,-2.0,5.0,504.0,6.0,-1.0,10.0,10.0,-0.2576,0.0451,0.0,0.0,1.0,0.1,1.85742,2.75,0.0,0.0,4.0,0.4,0.0,0.0,0.0,0.0,0.0,0.0,0.0,4.0,3.0,9.0,6.0,633.0,3.0,3.0,,,,23.0,23.0,,,,3.0,0.0,,23.0,0.0,,Male,Femi,Nick,,,,0.3,0.30171,781.0,7.0,-2.0,0.25,777.0,8.0,-3.0,-0.3966,-0.2227,0.21464,0.26458,2.0,0.2,8.0,0.71429,0.0,0.71429
6.0,Sid & Ash,TARAU4,5.25,5.25,616.0,6.0,0.0,6.0,634.0,7.0,-1.0,8.0,8.0,-0.2004,0.0885,1.0,0.125,2.0,0.25,2.33184,2.5,0.0,0.0,0.0,0.0,1.0,0.125,0.0,1.0,0.0,0.0,0.0,6.0,1.0,9.0,8.0,634.0,3.0,2.0,,,,26.0,30.0,,,,2.5,1.0,,28.0,4.0,,Co-Ed,Sid,Ash,,,,0.4,0.40372,609.0,6.0,0.0,0.35417,631.0,7.0,-1.0,-0.1926,0.0401,0.33107,0.46607,3.0,0.375,5.0,1.0,0.0,1.0
7.0,Hayley & Mikayla,TARAU4,4.33,4.33333,451.0,5.0,2.0,4.0,341.0,5.0,2.0,6.0,6.0,0.0099,0.2483,0.0,0.0,3.0,0.5,1.79505,2.75,1.0,0.1667,0.0,0.0,0.0,0.0,0.0,0.0,0.0,0.0,0.0,3.0,2.0,7.0,5.0,635.0,1.0,2.0,,,,29.0,24.0,,,,1.5,1.0,,26.5,5.0,,Female,Hayley,Mikayla,,,,0.54,0.53975,350.0,4.0,3.0,0.63889,274.0,3.0,4.0,0.0795,0.3906,0.3147,0.45516,4.0,0.6667,2.0,0.875,0.0,0.875
8.0,Chris & Adrienne,TARAU4,7.0,7.0,819.0,8.0,0.0,7.0,734.0,8.0,0.0,5.0,5.0,-0.6006,-0.2153,0.0,0.0,0.0,0.0,0.89443,2.0,0.0,0.0,1.0,0.2,0.0,0.0,0.0,0.0,0.0,0.0,0.0,6.0,6.0,8.0,2.0,636.0,1.0,1.0,,,,58.0,59.0,,,,1.0,0.0,,58.5,1.0,,Co-Ed,Chris,Adrienne,,,,0.27,0.26889,837.0,8.0,0.0,0.375,609.0,6.0,2.0,-0.4622,-0.3072,0.17451,0.275,0.0,0.0,5.0,0.44444,0.0,0.44444
9.0,Rowah & Amani,TARAU4,8.5,8.5,931.0,9.0,0.0,8.5,875.0,9.0,0.0,4.0,4.0,-0.9435,-0.4757,0.0,0.0,0.0,0.0,0.5,1.0,0.0,0.0,0.0,0.0,1.0,0.25,0.0,0.0,0.0,0.0,0.0,8.0,8.0,9.0,1.0,637.0,1.0,1.0,,,,42.0,18.0,,,,1.0,0.0,,30.0,24.0,,Female,Rowah,Amani,,,,0.13,0.13056,966.0,9.0,0.0,0.11111,945.0,9.0,0.0,-0.7389,-0.6636,0.13342,0.24167,0.0,0.0,4.0,0.3,0.0,0.3
10.0,Judy & Therese,TARAU4,10.0,10.0,1002.0,10.0,0.0,10.0,954.0,10.0,0.0,2.0,2.0,-1.2865,-0.7361,0.0,0.0,0.0,0.0,0.0,0.0,0.0,0.0,1.0,0.5,0.0,0.0,0.0,0.0,0.0,0.0,0.0,10.0,10.0,10.0,0.0,638.0,1.0,0.0,,,,53.0,45.0,,,,0.5,1.0,,49.0,8.0,,Female,Judy,Therese,,,,0.05,0.05,1011.0,10.0,0.0,0.05,1005.0,10.0,0.0,-0.9,-0.8712,0.05,0.05,0.0,0.0,2.0,0.1,0.0,0.1
11.0,Alana & Niko,TARAU4,11.0,11.0,1043.0,11.0,0.0,11.0,997.0,11.0,0.0,1.0,1.0,-1.5152,-0.9097,0.0,0.0,0.0,0.0,0.0,0.0,0.0,0.0,0.0,0.0,0.0,0.0,0.0,0.0,0.0,0.0,0.0,,11.0,11.0,0.0,639.0,1.0,0.0,,,,21.0,19.0,,,,0.5,1.0,,20.0,2.0,,Co-Ed,Alana,Niko,,,,0.0,0.0,1030.0,11.0,0.0,0.0,1022.0,11.0,0.0,-1.0,-1.0,0.0,0.0,0.0,0.0,1.0,0.0,0.0,0.0
1.0,Brendon & Jackson,TARAU5,3.87,3.86957,358.0,4.0,-3.0,3.0,166.0,2.0,-1.0,23.0,23.0,0.2349,0.3718,5.0,0.2174,12.0,0.5217,2.72356,3.5,4.0,0.1739,2.0,0.087,2.0,0.087,0.0,0.0,1.0,0.0,0.0,1.0,1.0,12.0,11.0,640.0,10.0,9.0,,,,25.0,23.0,,,,9.5,1.0,,24.0,2.0,,Male,Brendon,Jackson,,,,0.6,0.60256,242.0,4.0,-3.0,0.66667,216.0,4.0,-3.0,0.2051,0.3643,0.32705,0.50812,15.0,0.6522,8.0,1.0,0.0,1.0
2.0,Ashleigh & Amanda,TARAU5,2.77,2.77273,122.0,1.0,1.0,3.0,166.0,2.0,0.0,22.0,22.0,0.4523,0.5503,8.0,0.3636,17.0,0.7727,1.85697,2.0,2.0,0.0909,1.0,0.0455,1.0,0.0455,0.0,0.0,0.0,0.0,0.0,1.0,1.0,8.0,7.0,641.0,8.0,10.0,,,,32.0,29.0,,,,9.0,2.0,,30.5,3.0,,Female,Ashleigh,Amanda,,,,0.72,0.72252,82.0,1.0,1.0,0.78409,106.0,2.0,0.0,0.445,0.6359,0.28886,0.52885,16.0,0.7273,6.0,1.0,0.0,1.0
3.0,Jaskirat & Anurag,TARAU5,3.48,3.47826,278.0,3.0,0.0,3.0,166.0,2.0,1.0,23.0,23.0,0.312,0.4351,4.0,0.1739,14.0,0.6087,2.04024,2.5,4.0,0.1739,4.0,0.1739,1.0,0.0435,0.0,0.0,1.0,0.0,0.0,3.0,1.0,8.0,7.0,642.0,9.0,10.0,,,,29.0,29.0,,,,9.5,1.0,,29.0,0.0,,Male,Jaskirat,Anurag,,,,0.56,0.55982,318.0,5.0,-2.0,0.5,408.0,6.0,-3.0,0.1196,0.2675,0.31887,0.46898,14.0,0.6087,9.0,1.0,0.0,1.0
4.0,Chris & Aleisha,TARAU5,4.36,4.36364,462.0,6.0,-2.0,4.0,341.0,6.0,-2.0,22.0,22.0,0.138,0.2922,1.0,0.0455,8.0,0.3636,2.1436,3.5,5.0,0.2273,4.0,0.1818,1.0,0.0455,0.0,1.0,0.0,0.0,0.0,4.0,1.0,8.0,7.0,643.0,10.0,6.0,,,,31.0,30.0,,,,8.0,4.0,,30.5,1.0,,Co-Ed,Chris,Aleisha,,,,0.51,0.50509,414.0,6.0,-2.0,0.47727,481.0,7.0,-3.0,0.0102,0.1436,0.29912,0.49107,11.0,0.5,11.0,1.0,0.0,1.0
5.0,Skye-Blue & Jake,TARAU5,4.9,4.9,559.0,7.0,-2.0,5.0,504.0,7.0,-2.0,20.0,20.0,0.0312,0.2045,2.0,0.1,5.0,0.25,2.2561,2.5,1.0,0.05,2.0,0.1,0.0,0.0,1.0,0.0,0.0,0.0,0.0,4.0,1.0,10.0,9.0,644.0,6.0,7.0,,,,27.0,29.0,,,,6.5,1.0,,28.0,2.0,,Co-Ed,Skye-Blue,Jake,,,,0.49,0.49167,443.0,7.0,-2.0,0.53571,397.0,5.0,0.0,-0.0167,0.1132,0.26755,0.37063,12.0,0.6,8.0,1.0,0.0,1.0
6.0,MJ & Chelsea,TARAU5,3.4,3.4,258.0,2.0,4.0,3.0,166.0,2.0,4.0,10.0,10.0,0.3278,0.4481,3.0,0.3,6.0,0.6,2.10713,3.75,1.0,0.1,1.0,0.1,0.0,0.0,0.0,1.0,0.0,0.0,0.0,1.0,1.0,7.0,6.0,645.0,5.0,3.0,,,,31.0,29.0,,,,4.0,2.0,,30.0,2.0,,Female,MJ,Chelsea,,,,0.62,0.61952,215.0,3.0,3.0,0.68889,205.0,3.0,3.0,0.239,0.4027,0.35099,0.60516,7.0,0.7,3.0,1.0,0.0,1.0
7.0,Holly & Dolor,TARAU5,6.56,6.5625,787.0,9.0,-2.0,6.5,714.0,8.0,-1.0,16.0,16.0,-0.297,-0.0649,0.0,0.0,1.0,0.0625,2.37088,3.5,1.0,0.0625,3.0,0.1875,1.0,0.0625,0.0,1.0,0.0,0.0,0.0,9.0,2.0,11.0,9.0,646.0,6.0,4.0,,,,25.0,26.0,,,,5.0,2.0,,25.5,1.0,,Co-Ed,Holly,Dolor,,,,0.36,0.35876,682.0,11.0,-4.0,0.33516,655.0,11.0,-4.0,-0.2825,-0.1877,0.24422,0.375,6.0,0.375,10.0,0.85714,0.0,0.85714
8.0,Stan & Wayne,TARAU5,6.5,6.5,775.0,8.0,0.0,7.0,734.0,9.0,-1.0,6.0,6.0,-0.2851,-0.0552,0.0,0.0,1.0,0.1667,1.70783,1.5,0.0,0.0,0.0,0.0,2.0,0.3333,0.0,0.0,0.0,0.0,0.0,7.0,3.0,8.0,5.0,647.0,0.0,4.0,,,,36.0,26.0,,,,2.0,4.0,,31.0,10.0,,Male,Stan,Wayne,,,,0.23,0.23479,876.0,14.0,-6.0,0.125,926.0,15.0,-7.0,-0.5304,-0.4684,0.27064,0.39583,1.0,0.1667,5.0,0.71429,0.0,0.71429
9.0,Jordan & Violeta,TARAU5,6.75,6.75,804.0,11.0,-2.0,7.0,734.0,9.0,0.0,12.0,12.0,-0.3345,-0.0958,0.0,0.0,2.0,0.1667,2.83211,4.5,1.0,0.0833,2.0,0.1667,1.0,0.0833,0.0,0.0,0.0,0.0,0.0,5.0,2.0,11.0,9.0,648.0,4.0,4.0,,,,23.0,22.0,,,,4.0,0.0,,22.5,1.0,,Co-Ed,Jordan,Violeta,,,,0.38,0.3827,643.0,10.0,-1.0,0.29167,734.0,12.0,-3.0,-0.2346,-0.1335,0.29465,0.57024,5.0,0.4167,7.0,0.875,0.0,0.875
10.0,Dwes & Katherine,TARAU5,7.89,7.88889,898.0,13.0,-3.0,9.0,889.0,14.0,-4.0,9.0,9.0,-0.5599,-0.2808,0.0,0.0,1.0,0.1111,3.38114,4.0,1.0,0.1111,0.0,0.0,1.0,0.1111,0.0,0.0,0.0,0.0,0.0,9.0,2.0,14.0,12.0,649.0,4.0,2.0,,,,32.0,31.0,,,,3.0,2.0,,31.5,1.0,,Co-Ed,Dwes,Katherine,,,,0.29,0.29491,796.0,13.0,-3.0,0.27273,766.0,13.0,-3.0,-0.4102,-0.3323,0.28812,0.4,2.0,0.2222,7.0,0.88889,0.0,0.88889
11.0,Sefa & Jessica,TARAU5,6.71,6.71429,803.0,10.0,1.0,7.0,734.0,9.0,2.0,7.0,7.0,-0.3266,-0.0893,0.0,0.0,1.0,0.1429,2.60298,3.0,1.0,0.1429,0.0,0.0,0.0,0.0,0.0,0.0,0.0,0.0,0.0,7.0,2.0,10.0,8.0,650.0,2.0,3.0,,,,29.0,32.0,,,,2.5,1.0,,30.5,3.0,,Co-Ed,Sefa,Jessica,,,,0.46,0.46123,501.0,9.0,2.0,0.45455,501.0,9.0,2.0,-0.0775,0.0443,0.26808,0.3162,3.0,0.4286,4.0,0.875,0.0,0.875
12.0,Jobelle & Rani,TARAU5,8.33,8.33333,921.0,14.0,-2.0,8.0,826.0,13.0,-1.0,6.0,6.0,-0.6469,-0.3523,0.0,0.0,0.0,0.0,2.4267,2.75,0.0,0.0,2.0,0.3333,0.0,0.0,0.0,0.0,0.0,0.0,0.0,6.0,6.0,13.0,7.0,651.0,1.0,3.0,,,,29.0,52.0,,,,2.0,2.0,,40.5,23.0,,Co-Ed,Jobelle,Rani,,,,0.31,0.31131,766.0,12.0,0.0,0.35,643.0,10.0,2.0,-0.3774,-0.2951,0.22712,0.4264,3.0,0.5,3.0,0.54545,0.0,0.54545
13.0,Shane & Deb,TARAU5,4.2,4.2,418.0,5.0,8.0,2.0,26.0,1.0,12.0,5.0,5.0,0.1696,0.3182,1.0,0.2,3.0,0.6,3.65513,3.0,2.0,0.4,0.0,0.0,0.0,0.0,0.0,0.0,1.0,0.0,0.0,2.0,1.0,11.0,10.0,652.0,2.0,1.0,,,,47.0,41.0,,,,1.5,1.0,,44.0,6.0,,Co-Ed,Shane,Deb,,,,0.7,0.70361,100.0,2.0,11.0,0.90909,27.0,1.0,12.0,0.4072,0.5931,0.36624,0.22436,4.0,0.8,1.0,1.0,0.0,1.0
14.0,Malaan & Tina,TARAU5,10.0,10.0,1002.0,15.0,-1.0,11.0,997.0,15.0,-1.0,4.0,4.0,-0.9771,-0.6234,0.0,0.0,0.0,0.0,2.34521,1.5,0.0,0.0,1.0,0.25,0.0,0.0,0.0,0.0,0.0,0.0,0.0,11.0,6.0,12.0,6.0,653.0,1.0,1.0,,,,27.0,26.0,,,,1.0,0.0,,26.5,1.0,,Female,Malaan,Tina,,,,0.23,0.22625,885.0,15.0,-1.0,0.16084,899.0,14.0,0.0,-0.5475,-0.4877,0.22194,0.25073,1.0,0.25,3.0,0.58333,0.0,0.58333
15.0,Jude & Shannon,TARAU5,11.33,11.33333,1091.0,16.0,-1.0,12.0,1048.0,16.0,-1.0,3.0,3.0,-1.2401,-0.8393,0.0,0.0,0.0,0.0,0.94281,1.0,0.0,0.0,0.0,0.0,1.0,0.3333,0.0,0.0,0.0,0.0,0.0,12.0,10.0,12.0,2.0,654.0,0.0,1.0,,,,49.0,45.0,,,,0.5,1.0,,47.0,4.0,,Female,Jude,Shannon,,,,0.13,0.13034,967.0,16.0,-1.0,0.08333,995.0,16.0,-1.0,-0.7393,-0.7049,0.12994,0.15385,0.0,0.0,3.0,0.30769,0.0,0.30769
16.0,Alex & Jack,TARAU5,7.5,7.5,872.0,12.0,4.0,7.5,808.0,12.0,4.0,2.0,2.0,-0.4828,-0.2175,0.0,0.0,1.0,0.5,5.5,5.5,1.0,0.5,0.0,0.0,0.0,0.0,0.0,0.0,0.0,0.0,0.0,,2.0,13.0,11.0,655.0,0.0,0.0,,,,28.0,28.0,,,,0.0,0.0,,28.0,0.0,,Male,Alex,Jack,,,,0.46,0.46154,499.0,8.0,8.0,0.46154,498.0,8.0,8.0,-0.0769,0.045,0.46154,0.46154,1.0,0.5,1.0,0.92308,0.0,0.92308
1.0,Heath & Toni,TARAU6,3.95,3.95,374.0,4.0,-3.0,2.0,26.0,1.0,0.0,20.0,20.0,0.2605,0.4761,6.0,0.3,12.0,0.6,3.65342,4.0,5.0,0.25,1.0,0.05,1.0,0.05,0.0,0.0,1.0,0.0,0.0,1.0,1.0,14.0,13.0,656.0,9.0,7.0,,,,33.0,38.0,,,,8.0,2.0,,35.5,5.0,,Co-Ed,Heath,Toni,,,,0.68,0.67762,131.0,3.0,-2.0,0.79286,101.0,4.0,-3.0,0.3552,0.7242,0.31399,0.66667,14.0,0.7,6.0,1.0,0.0,1.0
2.0,Angel & Frankie,TARAU6,3.0,3.0,155.0,2.0,0.0,3.0,166.0,3.0,-1.0,20.0,20.0,0.4383,0.6021,6.0,0.3,15.0,0.75,2.25832,2.25,3.0,0.15,2.0,0.1,0.0,0.0,0.0,0.0,0.0,0.0,0.0,1.0,1.0,9.0,8.0,657.0,6.0,10.0,,,,24.0,25.0,,,,8.0,4.0,,24.5,1.0,,Co-Ed,Angel,Frankie,,,,0.7,0.70218,102.0,2.0,0.0,0.69048,198.0,5.0,-3.0,0.4044,0.7867,0.2476,0.47794,16.0,0.8,4.0,1.0,0.25,0.75
3.0,Kelly & Georgia,TARAU6,5.13,5.125,595.0,6.0,-3.0,5.0,504.0,6.0,-3.0,16.0,16.0,0.0396,0.3196,3.0,0.1875,5.0,0.3125,2.9128,3.5,0.0,0.0,1.0,0.0625,0.0,0.0,0.0,0.0,0.0,0.0,0.0,5.0,1.0,11.0,10.0,658.0,7.0,7.0,,,,25.0,25.0,,,,7.0,0.0,,25.0,0.0,,Co-Ed,Kelly,Georgia,,,,0.52,0.51516,394.0,6.0,-3.0,0.42857,533.0,9.0,-6.0,0.0303,0.3108,0.30004,0.40189,7.0,0.4375,9.0,1.0,0.0,1.0
4.0,Tiffany & Cynthia,TARAU6,6.53,6.53333,786.0,9.0,-5.0,6.0,634.0,7.0,-3.0,15.0,15.0,-0.2225,0.134,0.0,0.0,3.0,0.2,3.94743,4.0,1.0,0.0667,2.0,0.1333,1.0,0.0667,0.0,1.0,0.0,0.0,0.0,4.0,2.0,15.0,13.0,659.0,4.0,8.0,,,,36.0,21.0,,,,6.0,4.0,,28.5,15.0,,Female,Tiffany,Cynthia,,,,0.42,0.41516,592.0,9.0,-5.0,0.42857,533.0,9.0,-5.0,-0.1697,0.0564,0.26004,0.45419,7.0,0.4667,8.0,0.83333,0.0,0.83333
5.0,Pako & Mori,TARAU6,2.89,2.88889,139.0,1.0,4.0,2.0,26.0,1.0,4.0,18.0,18.0,0.4589,0.6167,4.0,0.2222,12.0,0.6667,2.10526,2.0,7.0,0.3889,1.0,0.0556,0.0,0.0,0.0,0.0,1.0,0.0,0.0,2.0,1.0,10.0,9.0,660.0,7.0,5.0,,,,38.0,39.0,,,,6.0,2.0,,38.5,1.0,,Male,Pako,Mori,,,,0.74,0.73983,65.0,1.0,4.0,0.85714,50.0,2.0,3.0,0.4797,0.8825,0.29483,0.38121,16.0,0.8889,2.0,1.0,0.0,1.0
6.0,Lauren & Steph,TARAU6,5.67,5.66667,677.0,7.0,-1.0,6.0,634.0,7.0,-1.0,12.0,12.0,-0.0615,0.248,0.0,0.0,4.0,0.3333,2.65623,4.25,2.0,0.1667,2.0,0.1667,0.0,0.0,0.0,1.0,0.0,0.0,0.0,3.0,2.0,11.0,9.0,661.0,5.0,5.0,,,,27.0,34.0,,,,5.0,0.0,,30.5,7.0,,Female,Lauren,Steph,,,,0.49,0.48564,451.0,7.0,-1.0,0.43561,531.0,8.0,-2.0,-0.0287,0.2357,0.30486,0.52738,5.0,0.4167,7.0,0.93333,0.0,0.93333
7.0,Chelsea & Jamus,TARAU6,5.94,5.9375,714.0,8.0,-1.0,6.0,634.0,7.0,0.0,16.0,16.0,-0.1121,0.2122,1.0,0.0625,2.0,0.125,2.24913,2.0,0.0,0.0,4.0,0.25,1.0,0.0625,0.0,0.0,0.0,0.0,0.0,6.0,1.0,11.0,10.0,662.0,5.0,6.0,,,,26.0,35.0,,,,5.5,1.0,,30.5,9.0,,Co-Ed,Chelsea,Jamus,,,,0.43,0.42535,576.0,8.0,-1.0,0.51667,405.0,6.0,1.0,-0.1493,0.0823,0.29101,0.47103,9.0,0.5625,7.0,1.0,0.0,1.0
8.0,Jodie & Claire,TARAU6,9.1,9.1,981.0,13.0,-5.0,8.5,875.0,13.0,-5.0,10.0,10.0,-0.7037,-0.2069,0.0,0.0,0.0,0.0,3.41906,3.25,0.0,0.0,2.0,0.2,1.0,0.1,0.0,0.0,0.0,0.0,0.0,9.0,4.0,17.0,13.0,663.0,3.0,4.0,,,,55.0,48.0,,,,3.5,1.0,,51.5,7.0,,Female,Jodie,Claire,,,,0.3,0.29546,794.0,14.0,-6.0,0.27922,762.0,15.0,-7.0,-0.4091,-0.2482,0.21661,0.3629,2.0,0.2,8.0,0.7,0.0,0.7
9.0,Fliss & Tottie,TARAU6,8.11,8.11111,917.0,10.0,-1.0,8.0,826.0,12.0,-3.0,9.0,9.0,-0.5184,-0.0756,0.0,0.0,0.0,0.0,2.18299,2.0,0.0,0.0,0.0,0.0,0.0,0.0,0.0,0.0,0.0,0.0,0.0,8.0,4.0,12.0,8.0,664.0,2.0,3.0,,,,20.0,20.0,,,,2.5,1.0,,20.0,0.0,,Female,Fliss,Tottie,,,,0.37,0.37307,665.0,11.0,-2.0,0.33333,656.0,11.0,-2.0,-0.2539,-0.0507,0.23097,0.32323,3.0,0.3333,6.0,0.78571,0.0,0.78571
10.0,Flick & Gabby,TARAU6,3.5,3.5,279.0,3.0,7.0,3.0,166.0,3.0,7.0,12.0,12.0,0.3447,0.5358,1.0,0.0833,7.0,0.5833,1.55456,1.5,2.0,0.1667,0.0,0.0,0.0,0.0,0.0,0.0,0.0,0.0,0.0,3.0,1.0,7.0,6.0,665.0,4.0,3.0,,,,28.0,24.0,,,,3.5,1.0,,26.0,4.0,,Female,Flick,Gabby,,,,0.67,0.67427,135.0,4.0,6.0,0.79798,100.0,3.0,7.0,0.3485,0.7157,0.27386,0.33095,9.0,0.75,3.0,1.0,0.0,1.0
11.0,Stuart & Glennon,TARAU6,8.38,8.375,930.0,11.0,0.0,7.5,808.0,11.0,0.0,8.0,8.0,-0.5689,-0.1114,0.0,0.0,1.0,0.125,3.49777,4.75,0.0,0.0,2.0,0.25,0.0,0.0,0.0,0.0,0.0,0.0,0.0,6.0,3.0,14.0,11.0,666.0,2.0,2.0,,,,31.0,23.0,,,,2.0,0.0,,27.0,8.0,,Male,Stuart,Glennon,,,,0.28,0.28422,813.0,15.0,-4.0,0.19444,874.0,16.0,-5.0,-0.4316,-0.2768,0.22301,0.37794,2.0,0.25,6.0,0.6,0.0,0.6
12.0,Kathy & Chace,TARAU6,4.0,4.0,375.0,5.0,7.0,3.0,166.0,3.0,9.0,3.0,3.0,0.2511,0.4695,0.0,0.0,2.0,0.6667,2.16025,2.5,1.0,0.3333,0.0,0.0,0.0,0.0,0.0,0.0,0.0,0.0,0.0,,2.0,7.0,5.0,667.0,1.0,1.0,,,,28.0,27.0,,,,1.0,0.0,,27.5,1.0,,Co-Ed,Kathy,Chace,,,,0.59,0.59041,272.0,5.0,7.0,0.88235,35.0,1.0,11.0,0.1808,0.5023,0.41749,0.44444,2.0,0.6667,1.0,0.88889,0.0,0.88889
13.0,Morgan & Lilli,TARAU6,9.13,9.125,982.0,14.0,-1.0,10.0,954.0,14.0,-1.0,8.0,8.0,-0.7093,-0.2109,0.0,0.0,0.0,0.0,3.05931,4.0,0.0,0.0,1.0,0.125,0.0,0.0,0.0,0.0,0.0,0.0,0.0,11.0,4.0,13.0,9.0,668.0,3.0,2.0,,,,23.0,23.0,,,,2.5,1.0,,23.0,0.0,,Female,Morgan,Lilli,,,,0.35,0.35294,690.0,12.0,1.0,0.31303,704.0,13.0,0.0,-0.2941,-0.1019,0.24717,0.35631,3.0,0.375,5.0,0.75,0.0,0.75
14.0,Tammy & Vincent,TARAU6,9.0,9.0,952.0,12.0,2.0,7.0,734.0,10.0,4.0,7.0,7.0,-0.685,-0.1936,0.0,0.0,0.0,0.0,3.96412,6.5,0.0,0.0,1.0,0.1429,0.0,0.0,0.0,0.0,0.0,0.0,0.0,7.0,4.0,15.0,11.0,669.0,2.0,2.0,,,,38.0,40.0,,,,2.0,0.0,,39.0,2.0,,Co-Ed,Tammy,Vincent,,,,0.38,0.38001,646.0,10.0,4.0,0.5,408.0,7.0,7.0,-0.24,-0.0331,0.2872,0.45873,4.0,0.5714,3.0,0.82353,0.0,0.82353
15.0,Crystal & Reem,TARAU6,10.67,10.66667,1042.0,17.0,-2.0,12.5,1059.0,18.0,-3.0,6.0,6.0,-0.9976,-0.4151,0.0,0.0,0.0,0.0,4.53382,7.0,0.0,0.0,1.0,0.1667,0.0,0.0,0.0,0.0,0.0,0.0,0.0,,4.0,16.0,12.0,670.0,2.0,2.0,,,,27.0,26.0,,,,2.0,0.0,,26.5,1.0,,Female,Crystal,Reem,,,,0.3,0.30056,785.0,13.0,2.0,0.16597,896.0,18.0,-3.0,-0.3989,-0.2352,0.29013,0.47059,2.0,0.3333,4.0,0.73333,0.0,0.73333
16.0,Sam & Stu,TARAU6,11.6,11.6,1094.0,18.0,-2.0,12.0,1048.0,17.0,-1.0,5.0,5.0,-1.1717,-0.5385,0.0,0.0,0.0,0.0,2.87054,4.0,0.0,0.0,0.0,0.0,0.0,0.0,0.0,0.0,0.0,0.0,0.0,,7.0,15.0,8.0,671.0,1.0,2.0,,,,23.0,23.0,,,,1.5,1.0,,23.0,0.0,,Male,Sam,Stu,,,,0.24,0.23535,875.0,17.0,-1.0,0.33333,656.0,11.0,5.0,-0.5293,-0.4011,0.14426,0.21961,0.0,0.0,5.0,0.35714,0.0,0.35714
17.0,Sam & Alex,TARAU6,11.67,11.66667,1095.0,19.0,-2.0,13.0,1061.0,20.0,-3.0,3.0,3.0,-1.1849,-0.5477,0.0,0.0,0.0,0.0,4.18994,5.0,0.0,0.0,0.0,0.0,0.0,0.0,0.0,0.0,0.0,0.0,0.0,,6.0,16.0,10.0,672.0,1.0,1.0,,,,27.0,28.0,,,,1.0,0.0,,27.5,1.0,,Male,Sam,Alex,,,,0.25,0.24619,866.0,16.0,1.0,0.29412,727.0,14.0,3.0,-0.5076,-0.3736,0.18458,0.22222,0.0,0.0,3.0,0.44444,0.0,0.44444
18.0,Jake & Holly,TARAU6,12.5,12.5,1106.0,20.0,-2.0,12.5,1059.0,18.0,0.0,2.0,2.0,-1.3402,-0.6578,0.0,0.0,0.0,0.0,5.5,5.5,0.0,0.0,0.0,0.0,0.0,0.0,0.0,0.0,0.0,0.0,0.0,,7.0,18.0,11.0,673.0,1.0,1.0,,,,29.0,24.0,,,,1.0,0.0,,26.5,5.0,,Co-Ed,Jake,Holly,,,,0.17,0.16667,935.0,18.0,0.0,0.16667,888.0,17.0,1.0,-0.6667,-0.5759,0.16667,0.16667,0.0,0.0,2.0,0.33333,0.0,0.33333
19.0,Bren & Anja,TARAU6,10.0,10.0,1002.0,15.0,4.0,10.0,954.0,14.0,5.0,1.0,1.0,-0.8722,-0.3263,0.0,0.0,0.0,0.0,0.0,0.0,0.0,0.0,0.0,0.0,0.0,0.0,0.0,0.0,0.0,0.0,0.0,,10.0,10.0,0.0,674.0,1.0,0.0,,,,56.0,53.0,,,,0.5,1.0,,54.5,3.0,,Female,Bren,Anja,,,,0.0,0.0,1030.0,19.0,0.0,0.0,1022.0,19.0,0.0,-1.0,-1.0,0.0,0.0,0.0,0.0,1.0,0.0,0.0,0.0
20.0,Paul & Rachel,TARAU6,10.0,10.0,1002.0,15.0,5.0,10.0,954.0,14.0,6.0,1.0,1.0,-0.8722,-0.3263,0.0,0.0,0.0,0.0,0.0,0.0,0.0,0.0,0.0,0.0,0.0,0.0,0.0,0.0,0.0,0.0,0.0,,10.0,10.0,0.0,675.0,0.0,1.0,,,,67.0,33.0,,,,0.5,1.0,,50.0,34.0,,Co-Ed,Paul,Rachel,,,,0.0,0.0,1030.0,19.0,1.0,0.0,1022.0,19.0,1.0,-1.0,-1.0,0.0,0.0,0.0,0.0,1.0,0.0,0.0,0.0
1.0,Darren & Tristan,TARAU7,2.42,2.41667,66.0,1.0,0.0,1.5,16.0,1.0,0.0,12.0,12.0,0.4383,0.5739,6.0,0.5,8.0,0.6667,1.60511,3.0,1.0,0.0833,1.0,0.0833,0.0,0.0,1.0,0.0,0.0,0.0,0.0,1.0,1.0,5.0,4.0,676.0,3.0,3.0,,,,41.0,26.0,,,,3.0,0.0,,33.5,15.0,,Male,Darren,Tristan,,,,0.74,0.74173,63.0,1.0,0.0,0.83333,69.0,1.0,0.0,0.4305,0.8245,0.27344,0.5,10.0,0.8333,2.0,1.0,0.25,0.75
1.0,Emma & Hayley,TARAU7,3.08,3.08333,175.0,3.0,-2.0,3.0,166.0,3.0,-2.0,12.0,12.0,0.2852,0.4577,4.0,0.3333,7.0,0.5833,1.80085,3.0,0.0,0.0,3.0,0.25,0.0,0.0,0.0,0.0,0.0,0.0,0.0,1.0,1.0,7.0,6.0,677.0,5.0,2.0,,,,33.0,34.0,,,,3.5,3.0,,33.5,1.0,,Female,Emma,Hayley,,,,0.63,0.63274,199.0,3.0,-2.0,0.625,283.0,3.0,-2.0,0.2203,0.5564,0.30696,0.66667,7.0,0.5833,5.0,1.0,0.14286,0.85714
1.0,Alli & Angie,TARAU7,2.92,2.91667,146.0,2.0,-1.0,2.0,26.0,2.0,-1.0,12.0,12.0,0.3223,0.4859,3.0,0.25,7.0,0.5833,1.75396,2.25,4.0,0.3333,1.0,0.0833,1.0,0.0833,0.0,0.0,0.0,0.0,0.0,2.0,1.0,6.0,5.0,678.0,4.0,3.0,,,,25.0,52.0,,,,3.5,1.0,,38.5,27.0,,Female,Alli,Angie,,,,0.66,0.66435,149.0,2.0,-1.0,0.775,120.0,2.0,-1.0,0.2812,0.6342,0.31943,0.54167,8.0,0.6667,4.0,1.0,0.0,1.0
4.0,Harry & Teddy,TARAU7,4.09,4.09091,399.0,5.0,-1.0,4.0,341.0,5.0,-1.0,11.0,11.0,0.0507,0.2799,0.0,0.0,5.0,0.4545,1.72966,3.0,3.0,0.2727,2.0,0.1818,1.0,0.0909,0.0,0.0,0.0,0.0,0.0,2.0,2.0,7.0,5.0,679.0,4.0,3.0,,,,26.0,29.0,,,,3.5,1.0,,27.5,3.0,,Male,Harry,Teddy,,,,0.43,0.43153,570.0,7.0,-3.0,0.28571,742.0,7.0,-3.0,-0.1678,0.0615,0.32304,0.56667,5.0,0.4545,6.0,0.9,0.0,0.9
5.0,Jana & Cor,TARAU7,3.89,3.88889,361.0,4.0,1.0,3.0,166.0,3.0,2.0,9.0,9.0,0.0972,0.3151,1.0,0.1111,5.0,0.5556,2.02454,2.0,1.0,0.1111,1.0,0.1111,0.0,0.0,0.0,0.0,0.0,0.0,0.0,3.0,1.0,8.0,7.0,680.0,2.0,3.0,,,,40.0,16.0,,,,2.5,1.0,,28.0,24.0,,Co-Ed,Jana,Cor,,,,0.55,0.55344,326.0,4.0,1.0,0.6,309.0,4.0,1.0,0.0673,0.3614,0.30537,0.21429,7.0,0.7778,2.0,1.0,0.0,1.0
6.0,Bec & Kate,TARAU7,5.29,5.28571,630.0,6.0,0.0,5.0,504.0,6.0,0.0,7.0,7.0,-0.2278,0.0687,0.0,0.0,3.0,0.4286,2.71052,4.0,1.0,0.1429,1.0,0.1429,0.0,0.0,0.0,0.0,0.0,0.0,0.0,3.0,2.0,10.0,8.0,681.0,2.0,2.0,,,,40.0,38.0,,,,2.0,0.0,,39.0,2.0,,Female,Bec,Kate,,,,0.44,0.44229,535.0,6.0,0.0,0.5,408.0,5.0,1.0,-0.147,0.088,0.31206,0.54722,4.0,0.5714,3.0,0.85714,0.0,0.85714
7.0,George & Pam,TARAU7,6.67,6.66667,794.0,8.0,-1.0,7.0,734.0,8.0,-1.0,6.0,6.0,-0.5481,-0.1743,0.0,0.0,0.0,0.0,1.69967,2.25,0.0,0.0,1.0,0.1667,1.0,0.1667,0.0,0.0,0.0,0.0,0.0,7.0,4.0,9.0,5.0,682.0,1.0,2.0,,,,33.0,29.0,,,,1.5,1.0,,31.0,4.0,,Co-Ed,George,Pam,,,,0.27,0.27163,835.0,8.0,-1.0,0.22917,815.0,8.0,-1.0,-0.4761,-0.3318,0.24852,0.48065,2.0,0.3333,4.0,0.6,0.0,0.6
8.0,Ben & Jackie,TARAU7,5.6,5.6,673.0,7.0,1.0,6.0,634.0,7.0,1.0,5.0,5.0,-0.2997,0.0141,0.0,0.0,1.0,0.2,2.05913,2.0,1.0,0.2,0.0,0.0,0.0,0.0,0.0,0.0,0.0,0.0,0.0,,2.0,8.0,6.0,683.0,2.0,0.0,,,,43.0,42.0,,,,1.0,2.0,,42.5,1.0,,Co-Ed,Ben,Jackie,,,,0.44,0.44389,532.0,5.0,3.0,0.44444,513.0,6.0,2.0,-0.1439,0.0919,0.27856,0.1,2.0,0.4,3.0,0.875,0.0,0.875
9.0,Peter & Frankie,TARAU7,8.5,8.5,931.0,9.0,0.0,9.0,889.0,9.0,0.0,4.0,4.0,-0.9728,-0.4965,0.0,0.0,0.0,0.0,0.86603,0.5,0.0,0.0,1.0,0.25,0.0,0.0,0.0,0.0,0.0,0.0,0.0,9.0,7.0,9.0,2.0,684.0,1.0,1.0,,,,60.0,20.0,,,,1.0,0.0,,40.0,40.0,,Co-Ed,Peter,Frankie,,,,0.14,0.14028,958.0,10.0,-1.0,0.15556,900.0,9.0,0.0,-0.7295,-0.6549,0.09505,0.12917,0.0,0.0,4.0,0.25,0.0,0.25
10.0,Grant & Chezzi,TARAU7,9.0,9.0,952.0,10.0,0.0,9.0,889.0,9.0,1.0,2.0,2.0,-1.0888,-0.5845,0.0,0.0,0.0,0.0,1.0,1.0,0.0,0.0,0.0,0.0,0.0,0.0,0.0,0.0,0.0,0.0,0.0,,8.0,10.0,2.0,685.0,0.0,0.0,,,,45.0,43.0,,,,0.0,0.0,,44.0,2.0,,Co-Ed,Grant,Chezzi,,,,0.15,0.15,945.0,9.0,1.0,0.15,904.0,10.0,0.0,-0.7107,-0.631,0.15,0.15,0.0,0.0,2.0,0.3,0.0,0.3
11.0,Dane & Bow,TARAU7,11.0,11.0,1043.0,11.0,0.0,11.0,997.0,11.0,0.0,1.0,1.0,-1.553,-0.9366,0.0,0.0,0.0,0.0,0.0,0.0,0.0,0.0,0.0,0.0,0.0,0.0,0.0,0.0,0.0,0.0,0.0,,11.0,11.0,0.0,686.0,0.0,0.0,,,,40.0,69.0,,,,0.0,0.0,,54.5,29.0,,Male,Dane,Bow,,,,0.0,0.0,1030.0,11.0,0.0,0.0,1022.0,11.0,0.0,-1.0,-1.0,0.0,0.0,0.0,0.0,1.0,0.0,0.0,0.0
1.0,Bam Bam & Logan,TARAU8,2.58,2.58333,88.0,1.0,0.0,2.0,26.0,1.0,0.0,12.0,12.0,0.3916,0.5343,4.0,0.3333,10.0,0.8333,2.13925,2.0,4.0,0.3333,0.0,0.0,0.0,0.0,0.0,0.0,0.0,0.0,0.0,1.0,1.0,9.0,8.0,687.0,5.0,2.0,,,,31.0,35.0,,,,3.5,3.0,,33.0,4.0,,Male,Bam,Bam,,,,0.73,0.72847,77.0,1.0,0.0,0.75,132.0,2.0,-1.0,0.4569,0.7967,0.25346,0.5,11.0,0.9167,1.0,1.0,0.2,0.8
2.0,Billy & Oscar,TARAU8,4.42,4.41667,479.0,5.0,-3.0,4.0,341.0,4.0,-2.0,12.0,12.0,-0.0423,0.2022,0.0,0.0,4.0,0.3333,1.84654,3.0,2.0,0.1667,6.0,0.5,1.0,0.0833,0.0,0.0,0.0,0.0,0.0,4.0,2.0,8.0,6.0,688.0,2.0,5.0,,,,57.0,24.0,,,,3.5,3.0,,40.5,33.0,,Male,Billy,Oscar,,,,0.35,0.35195,691.0,7.0,-5.0,0.29167,734.0,8.0,-6.0,-0.2961,-0.132,0.24291,0.33929,4.0,0.3333,8.0,0.88889,0.0,0.88889
3.0,Brooke & Adam,TARAU8,2.58,2.58333,88.0,1.0,2.0,2.5,128.0,2.0,1.0,12.0,12.0,0.3916,0.5343,4.0,0.3333,9.0,0.75,1.49768,2.25,2.0,0.1667,1.0,0.0833,0.0,0.0,0.0,0.0,0.0,0.0,0.0,1.0,1.0,6.0,5.0,689.0,4.0,3.0,,,,43.0,42.0,,,,3.5,1.0,,42.5,1.0,,Co-Ed,Brooke,Adam,,,,0.69,0.69229,115.0,2.0,1.0,0.76389,126.0,1.0,2.0,0.3846,0.7075,0.30611,0.47768,9.0,0.75,3.0,1.0,0.0,1.0
4.0,Peter & Bridget,TARAU8,4.55,4.54545,491.0,6.0,-2.0,5.0,504.0,6.0,-2.0,11.0,11.0,-0.073,0.1787,2.0,0.1818,4.0,0.3636,2.38799,4.0,1.0,0.0909,1.0,0.0909,1.0,0.0909,0.0,0.0,0.0,0.0,0.0,7.0,1.0,8.0,7.0,690.0,5.0,2.0,,,,48.0,44.0,,,,3.5,3.0,,46.0,4.0,,Co-Ed,Peter,Bridget,,,,0.45,0.4487,522.0,5.0,-1.0,0.33333,656.0,6.0,-2.0,-0.1026,0.1067,0.33957,0.44881,5.0,0.4545,6.0,1.0,0.0,1.0
5.0,Thorpie & Christian,TARAU8,4.78,4.77778,540.0,7.0,-2.0,5.0,504.0,6.0,-1.0,9.0,9.0,-0.1272,0.1372,0.0,0.0,1.0,0.1111,1.22726,0.0,1.0,0.1111,1.0,0.1111,1.0,0.1111,0.0,0.0,0.0,0.0,0.0,5.0,2.0,7.0,5.0,691.0,2.0,4.0,,,,41.0,38.0,,,,3.0,2.0,,39.5,3.0,,Male,Thorpie,Christian,,,,0.35,0.34577,704.0,8.0,-3.0,0.33333,656.0,6.0,-1.0,-0.3085,-0.1472,0.27625,0.22857,2.0,0.2222,7.0,0.9,0.0,0.9
6.0,Chloe & Emily,TARAU8,3.14,3.14286,191.0,3.0,3.0,3.0,166.0,3.0,3.0,7.0,7.0,0.2595,0.4332,2.0,0.2857,4.0,0.5714,1.80702,3.0,1.0,0.1429,0.0,0.0,0.0,0.0,0.0,0.0,0.0,0.0,0.0,1.0,1.0,6.0,5.0,692.0,4.0,2.0,,,,29.0,32.0,,,,3.0,2.0,,30.5,3.0,,Female,Chloe,Emily,,,,0.66,0.6576,158.0,3.0,3.0,0.71429,171.0,3.0,3.0,0.3152,0.6219,0.32431,0.38889,6.0,0.8571,1.0,1.0,0.0,1.0
7.0,Havana & Steph,TARAU8,4.33,4.33333,451.0,4.0,3.0,4.0,341.0,4.0,3.0,6.0,6.0,-0.0211,0.2184,0.0,0.0,3.0,0.5,1.79505,2.75,1.0,0.1667,0.0,0.0,0.0,0.0,0.0,0.0,0.0,0.0,0.0,3.0,2.0,7.0,5.0,693.0,2.0,3.0,,,,39.0,38.0,,,,2.5,1.0,,38.5,1.0,,Female,Havana,Steph,,,,0.55,0.55304,328.0,4.0,3.0,0.63333,277.0,4.0,3.0,0.1061,0.364,0.2781,0.24583,4.0,0.6667,2.0,0.85714,0.0,0.85714
8.0,Jett & Lily,TARAU8,5.75,5.75,688.0,8.0,0.0,6.0,634.0,8.0,0.0,4.0,4.0,-0.356,-0.0379,0.0,0.0,1.0,0.25,2.27761,4.25,0.0,0.0,0.0,0.0,0.0,0.0,0.0,0.0,0.0,0.0,0.0,8.0,3.0,8.0,5.0,694.0,2.0,1.0,,,,30.0,26.0,,,,1.5,1.0,,28.0,4.0,,Co-Ed,Jett,Lily,,,,0.41,0.41181,598.0,6.0,2.0,0.42361,547.0,5.0,3.0,-0.1764,0.0157,0.31689,0.50208,2.0,0.5,2.0,0.8,0.0,0.8
9.0,Cyrell & Eden,TARAU8,9.33,9.33333,986.0,10.0,-1.0,9.0,889.0,10.0,-1.0,3.0,3.0,-1.2002,-0.6841,0.0,0.0,0.0,0.0,0.4714,0.5,0.0,0.0,2.0,0.6667,0.0,0.0,0.0,0.0,0.0,0.0,0.0,9.0,9.0,10.0,1.0,695.0,2.0,0.0,,,,35.0,31.0,,,,1.0,2.0,,33.0,4.0,,Co-Ed,Cyrell,Eden,,,,0.07,0.07037,1002.0,10.0,-1.0,0.1,968.0,10.0,-1.0,-0.8593,-0.8264,0.04997,0.05556,0.0,0.0,3.0,0.11111,0.0,0.11111
10.0,Nat & Mel,TARAU8,8.5,8.5,931.0,9.0,1.0,8.5,875.0,9.0,1.0,2.0,2.0,-1.0045,-0.5343,0.0,0.0,0.0,0.0,1.5,1.5,0.0,0.0,0.0,0.0,0.0,0.0,0.0,0.0,0.0,0.0,0.0,,7.0,10.0,3.0,696.0,1.0,0.0,,,,48.0,50.0,,,,0.5,1.0,,49.0,2.0,,Female,Nat,Mel,,,,0.2,0.2,911.0,9.0,1.0,0.2,847.0,9.0,1.0,-0.6,-0.5067,0.2,0.2,0.0,0.0,2.0,0.4,0.0,0.4
11.0,Luke & Julie,TARAU8,11.0,11.0,1043.0,11.0,0.0,11.0,997.0,11.0,0.0,1.0,1.0,-1.594,-0.9856,0.0,0.0,0.0,0.0,0.0,0.0,0.0,0.0,0.0,0.0,0.0,0.0,0.0,0.0,0.0,0.0,0.0,,11.0,11.0,0.0,697.0,0.0,0.0,,,,41.0,63.0,,,,0.0,0.0,,52.0,22.0,,Co-Ed,Luke,Julie,,,,0.0,0.0,1030.0,11.0,0.0,0.0,1022.0,11.0,0.0,-1.0,-1.0,0.0,0.0,0.0,0.0,1.0,0.0,0.0,0.0
1.0,Steve & Bernie,TARAU9,3.4,3.4,258.0,3.0,-2.0,3.0,166.0,2.0,-1.0,15.0,15.0,0.293,0.4324,4.0,0.2667,9.0,0.6,2.24499,3.5,3.0,0.2,2.0,0.1333,1.0,0.0667,0.0,0.0,0.0,0.0,0.0,1.0,1.0,8.0,7.0,698.0,4.0,7.0,,,,48.0,50.0,,,,5.5,3.0,,49.0,2.0,,Male,Steve,Bernie,,,,0.62,0.62097,213.0,3.0,-2.0,0.66667,216.0,3.0,-2.0,0.2419,0.4076,0.3194,0.45671,11.0,0.7333,4.0,1.0,0.0,1.0
2.0,Rob & Georgie,TARAU9,2.87,2.86667,137.0,1.0,1.0,3.0,166.0,2.0,0.0,15.0,15.0,0.4032,0.5209,5.0,0.3333,8.0,0.5333,1.62754,3.0,2.0,0.1333,1.0,0.0667,0.0,0.0,0.0,0.0,0.0,0.0,0.0,4.0,1.0,6.0,5.0,699.0,6.0,5.0,,,,42.0,34.0,,,,5.5,1.0,,38.0,8.0,,Co-Ed,Rob,Georgie,,,,0.72,0.72457,79.0,2.0,0.0,0.72727,164.0,2.0,0.0,0.4491,0.6425,0.24839,0.42222,13.0,0.8667,2.0,1.0,0.25,0.75
3.0,Aesha & Scott,TARAU9,3.93,3.93333,373.0,5.0,-2.0,3.0,166.0,2.0,1.0,15.0,15.0,0.1828,0.3439,2.0,0.1333,8.0,0.5333,2.0806,3.5,2.0,0.1333,2.0,0.1333,1.0,0.0667,0.0,0.0,0.0,0.0,0.0,3.0,1.0,7.0,6.0,700.0,5.0,6.0,,,,33.0,34.0,,,,5.5,1.0,,33.5,1.0,,Co-Ed,Aesha,Scott,,,,0.51,0.51086,406.0,7.0,-4.0,0.5,408.0,6.0,-3.0,0.0217,0.158,0.29289,0.375,9.0,0.6,6.0,1.0,0.0,1.0
4.0,Luke & Scott,TARAU9,5.5,5.5,657.0,7.0,-3.0,4.0,341.0,5.0,-1.0,14.0,14.0,-0.1437,0.0818,0.0,0.0,4.0,0.2857,2.99404,4.5,2.0,0.1429,3.0,0.2143,1.0,0.0714,0.0,0.0,0.0,0.0,0.0,4.0,2.0,11.0,9.0,701.0,5.0,6.0,,,,34.0,39.0,,,,5.5,1.0,,36.5,5.0,,Male,Luke,Scott,,,,0.33,0.33388,724.0,10.0,-6.0,0.25,777.0,10.0,-6.0,-0.3322,-0.2432,0.25827,0.31169,4.0,0.2857,10.0,0.875,0.0,0.875
5.0,Gretel & Epiphany,TARAU9,3.92,3.91667,367.0,4.0,1.0,4.0,341.0,5.0,0.0,12.0,12.0,0.1849,0.3456,1.0,0.0833,5.0,0.4167,1.80085,2.25,2.0,0.1667,1.0,0.0833,1.0,0.0833,0.0,0.0,0.0,0.0,0.0,5.0,1.0,8.0,7.0,702.0,4.0,5.0,,,,62.0,33.0,,,,4.5,1.0,,47.5,29.0,,Female,Gretel,Epiphany,,,,0.53,0.53292,360.0,4.0,1.0,0.56818,364.0,5.0,0.0,0.0658,0.208,0.31729,0.42083,7.0,0.5833,5.0,1.0,0.0,1.0
6.0,Melissa & Leah,TARAU9,5.89,5.88889,712.0,8.0,-2.0,6.0,634.0,8.0,-2.0,9.0,9.0,-0.2248,0.0167,0.0,0.0,1.0,0.1111,1.52348,1.0,0.0,0.0,2.0,0.2222,0.0,0.0,0.0,0.0,0.0,0.0,0.0,6.0,3.0,9.0,6.0,703.0,3.0,3.0,,,,43.0,44.0,,,,3.0,0.0,,43.5,1.0,,Female,Melissa,Leah,,,,0.38,0.37679,655.0,9.0,-3.0,0.375,609.0,9.0,-3.0,-0.2464,-0.1459,0.2241,0.34545,3.0,0.3333,6.0,0.75,0.0,0.75
7.0,Brendan & Leni,TARAU9,5.43,5.42857,653.0,6.0,1.0,6.0,634.0,8.0,-1.0,7.0,7.0,-0.1291,0.0935,0.0,0.0,3.0,0.4286,2.87139,5.5,2.0,0.2857,0.0,0.0,1.0,0.1429,0.0,0.0,0.0,0.0,0.0,9.0,2.0,9.0,7.0,704.0,3.0,3.0,,,,44.0,18.0,,,,3.0,0.0,,31.0,26.0,,Co-Ed,Brendan,Leni,,,,0.52,0.51816,389.0,6.0,1.0,0.4,563.0,8.0,-1.0,0.0363,0.1746,0.31957,0.52137,3.0,0.4286,4.0,0.88889,0.0,0.88889
8.0,Lindy & Stella,TARAU9,8.29,8.28571,920.0,11.0,-3.0,8.0,826.0,11.0,-3.0,7.0,7.0,-0.7238,-0.384,0.0,0.0,0.0,0.0,1.90595,0.5,0.0,0.0,3.0,0.4286,0.0,0.0,0.0,0.0,0.0,0.0,0.0,8.0,5.0,12.0,7.0,705.0,3.0,2.0,,,,46.0,19.0,,,,2.5,1.0,,32.5,27.0,,Female,Lindy,Stella,,,,0.21,0.21187,901.0,11.0,-3.0,0.125,926.0,12.0,-4.0,-0.5763,-0.5197,0.16602,0.2346,1.0,0.1429,6.0,0.5,0.0,0.5
9.0,Dom & Marx,TARAU9,3.17,3.16667,198.0,2.0,7.0,2.5,128.0,1.0,8.0,6.0,6.0,0.3408,0.4708,2.0,0.3333,5.0,0.8333,2.73354,1.75,1.0,0.1667,0.0,0.0,0.0,0.0,0.0,0.0,0.0,0.0,0.0,1.0,1.0,9.0,8.0,706.0,2.0,3.0,,,,32.0,33.0,,,,2.5,1.0,,32.5,1.0,,Male,Dom,Marx,,,,0.74,0.74444,61.0,1.0,8.0,0.85833,49.0,1.0,8.0,0.4889,0.6875,0.34583,0.21667,5.0,0.8333,1.0,1.0,0.0,1.0
10.0,Steph & Ben,TARAU9,10.0,10.0,1002.0,12.0,-2.0,10.0,954.0,12.0,-2.0,4.0,4.0,-1.0794,-0.6694,0.0,0.0,0.0,0.0,0.70711,0.5,0.0,0.0,0.0,0.0,1.0,0.25,0.0,0.0,0.0,0.0,0.0,10.0,9.0,11.0,2.0,707.0,1.0,2.0,,,,32.0,34.0,,,,1.5,1.0,,33.0,2.0,,Co-Ed,Steph,Ben,,,,0.14,0.13523,961.0,12.0,-2.0,0.14545,914.0,11.0,-1.0,-0.7295,-0.6935,0.09698,0.14432,0.0,0.0,4.0,0.25,0.0,0.25
11.0,Bronte & Benfield,TARAU9,6.0,6.0,715.0,9.0,2.0,5.0,504.0,7.0,4.0,3.0,3.0,-0.2476,-0.0017,0.0,0.0,1.0,0.3333,3.74166,4.5,1.0,0.3333,0.0,0.0,0.0,0.0,0.0,0.0,0.0,0.0,0.0,,2.0,11.0,9.0,708.0,1.0,2.0,,,,30.0,35.0,,,,1.5,1.0,,32.5,5.0,,Co-Ed,Bronte,Benfield,,,,0.53,0.52525,376.0,5.0,6.0,0.66667,216.0,3.0,8.0,0.0505,0.1906,0.38437,0.45455,2.0,0.6667,1.0,0.90909,0.0,0.90909
12.0,Ant & Dan,TARAU9,6.5,6.5,775.0,10.0,2.0,6.5,714.0,10.0,2.0,2.0,2.0,-0.3516,-0.0851,1.0,0.5,1.0,0.5,5.5,5.5,0.0,0.0,0.0,0.0,0.0,0.0,0.0,0.0,0.0,0.0,0.0,,1.0,12.0,11.0,709.0,0.0,0.0,,,,44.0,46.0,,,,0.0,0.0,,45.0,2.0,,Male,Ant,Dan,,,,0.5,0.5,423.0,8.0,4.0,0.5,408.0,6.0,6.0,0.0,0.1334,0.5,0.5,1.0,0.5,1.0,1.0,0.0,1.0
13.0,Ed & Tiff,TARAU9,13.0,13.0,1107.0,13.0,0.0,13.0,1061.0,13.0,0.0,1.0,1.0,-1.7032,-1.1703,0.0,0.0,0.0,0.0,0.0,0.0,0.0,0.0,0.0,0.0,0.0,0.0,0.0,0.0,0.0,0.0,0.0,,13.0,13.0,0.0,710.0,0.0,0.0,,,,45.0,40.0,,,,0.0,0.0,,42.5,5.0,,Co-Ed,Ed,Tiff,,,,0.0,0.0,1030.0,13.0,0.0,0.0,1022.0,13.0,0.0,-1.0,-1.0,0.0,0.0,0.0,0.0,1.0,0.0,0.0,0.0
1.0,Charlie & Rachel,TARCR1,2.17,2.16667,31.0,1.0,0.0,1.5,16.0,1.0,0.0,12.0,12.0,0.4712,0.5835,6.0,0.5,9.0,0.75,1.40436,2.25,2.0,0.1667,1.0,0.0833,1.0,0.0833,0.0,0.0,0.0,0.0,0.0,1.0,1.0,5.0,4.0,711.0,6.0,6.0,,,,26.0,25.0,,,,6.0,0.0,,25.5,1.0,,Co-Ed,Charlie,Rachel,,,,0.76,0.76273,45.0,1.0,0.0,0.9375,19.0,1.0,0.0,0.5255,0.864,0.32461,0.3125,10.0,0.8333,2.0,1.0,0.0,1.0
2.0,Rick & Josh,TARCR1,2.17,2.16667,31.0,1.0,1.0,2.0,26.0,2.0,0.0,12.0,12.0,0.4712,0.5835,5.0,0.4167,11.0,0.9167,1.21335,2.0,2.0,0.1667,2.0,0.1667,0.0,0.0,0.0,0.0,0.0,0.0,0.0,1.0,1.0,5.0,4.0,712.0,6.0,6.0,,,,25.0,29.0,,,,6.0,0.0,,27.0,4.0,,Male,Rick,Josh,,,,0.73,0.73128,72.0,2.0,0.0,0.76389,126.0,3.0,-1.0,0.4626,0.7871,0.2756,0.5,10.0,0.8333,2.0,1.0,0.2,0.8
3.0,Deepak & Naresh,TARCR1,4.42,4.41667,479.0,5.0,-2.0,4.0,341.0,5.0,-2.0,12.0,12.0,-0.077,0.1516,0.0,0.0,4.0,0.3333,1.75396,2.0,1.0,0.0833,4.0,0.3333,1.0,0.0833,0.0,1.0,0.0,0.0,0.0,5.0,2.0,9.0,7.0,713.0,6.0,6.0,,,,29.0,30.0,,,,6.0,0.0,,29.5,1.0,,Male,Deepak,Naresh,,,,0.35,0.34762,700.0,5.0,-2.0,0.375,609.0,5.0,-2.0,-0.3048,-0.1505,0.23357,0.40675,6.0,0.5,6.0,0.66667,0.0,0.66667
4.0,Lisa & Karen,TARCR1,4.82,4.81818,545.0,6.0,-2.0,5.0,504.0,6.0,-2.0,11.0,11.0,-0.1745,0.0749,0.0,0.0,2.0,0.1818,1.74867,1.0,1.0,0.0909,2.0,0.1818,1.0,0.0909,0.0,0.0,1.0,0.0,1.0,5.0,2.0,8.0,6.0,714.0,5.0,6.0,,,,36.0,45.0,,,,5.5,1.0,,40.5,9.0,,Female,Lisa,Karen,,,,0.32,0.32406,743.0,6.0,-2.0,0.33333,656.0,6.0,-2.0,-0.3519,-0.2081,0.22325,0.29067,3.0,0.2727,8.0,0.75,0.0,0.75
5.0,Sarah & Molly,TARCR1,3.4,3.4,258.0,4.0,1.0,3.5,315.0,4.0,1.0,10.0,10.0,0.1715,0.3474,1.0,0.1,5.0,0.5,1.42829,1.75,2.0,0.2,0.0,0.0,0.0,0.0,0.0,0.0,0.0,0.0,0.0,4.0,1.0,6.0,5.0,715.0,5.0,5.0,,,,24.0,34.0,,,,5.0,0.0,,29.0,10.0,,Female,Sarah,Molly,,,,0.6,0.59607,259.0,4.0,1.0,0.66667,216.0,4.0,1.0,0.1921,0.4567,0.26553,0.19792,8.0,0.8,2.0,1.0,0.0,1.0
6.0,Sean & Amy,TARCR1,2.83,2.83333,126.0,3.0,3.0,2.0,26.0,2.0,4.0,6.0,6.0,0.3104,0.4568,0.0,0.0,5.0,0.8333,1.46249,0.75,4.0,0.6667,0.0,0.0,0.0,0.0,0.0,0.0,0.0,0.0,0.0,2.0,2.0,6.0,4.0,716.0,3.0,3.0,,,,32.0,27.0,,,,3.0,0.0,,29.5,5.0,,Co-Ed,Sean,Amy,,,,0.7,0.70304,101.0,3.0,3.0,0.84524,64.0,2.0,4.0,0.4061,0.7181,0.31788,0.11012,5.0,0.8333,1.0,0.88889,0.0,0.88889
7.0,Bonnie & Mel,TARCR1,6.6,6.6,789.0,7.0,0.0,7.0,734.0,7.0,0.0,5.0,5.0,-0.6082,-0.2668,0.0,0.0,0.0,0.0,0.4899,1.0,0.0,0.0,1.0,0.2,0.0,0.0,0.0,0.0,0.0,0.0,0.0,7.0,6.0,7.0,1.0,717.0,2.0,3.0,,,,54.0,54.0,,,,2.5,1.0,,54.0,0.0,,Female,Bonnie,Mel,,,,0.26,0.25913,847.0,7.0,0.0,0.33333,656.0,6.0,1.0,-0.4817,-0.3667,0.16367,0.23214,0.0,0.0,5.0,0.44444,0.0,0.44444
8.0,Janis & Aleksandra,TARCR1,7.0,7.0,819.0,8.0,0.0,7.0,734.0,7.0,1.0,4.0,4.0,-0.7057,-0.3436,0.0,0.0,0.0,0.0,0.70711,0.5,0.0,0.0,0.0,0.0,0.0,0.0,0.0,0.0,0.0,1.0,0.0,7.0,6.0,8.0,2.0,718.0,4.0,0.0,,,,40.0,24.0,,,,2.0,4.0,,32.0,16.0,,Co-Ed,Janis,Aleksandra,,,,0.26,0.25694,848.0,8.0,0.0,0.29167,734.0,8.0,0.0,-0.4861,-0.3721,0.1636,0.17361,0.0,0.0,4.0,0.44444,0.0,0.44444
9.0,Miguel & Hector,TARCR1,8.67,8.66667,945.0,9.0,0.0,9.0,889.0,9.0,0.0,3.0,3.0,-1.1126,-0.6641,0.0,0.0,0.0,0.0,0.4714,0.5,0.0,0.0,1.0,0.3333,0.0,0.0,0.0,0.0,0.0,0.0,0.0,9.0,8.0,9.0,1.0,719.0,1.0,2.0,,,,27.0,31.0,,,,1.5,1.0,,29.0,4.0,,Male,Miguel,Hector,,,,0.11,0.11111,973.0,9.0,0.0,0.11111,945.0,9.0,0.0,-0.7778,-0.7285,0.09072,0.11111,0.0,0.0,3.0,0.22222,0.0,0.22222
10.0,Paul & Francis,TARCR1,10.0,10.0,1002.0,10.0,0.0,10.0,954.0,10.0,0.0,2.0,2.0,-1.4367,-0.9194,0.0,0.0,0.0,0.0,0.0,0.0,0.0,0.0,0.0,0.0,1.0,0.5,0.0,0.0,0.0,0.0,0.0,10.0,10.0,10.0,0.0,720.0,1.0,1.0,,,,27.0,31.0,,,,1.0,0.0,,29.0,4.0,,Male,Paul,Francis,,,,0.0,0.0,1030.0,10.0,0.0,0.0,1022.0,10.0,0.0,-1.0,-1.0,0.0,0.0,0.0,0.0,2.0,0.0,0.0,0.0
1.0,Lily & Jan,TARCR2,2.75,2.75,111.0,1.0,0.0,2.0,26.0,1.0,0.0,12.0,11.0,0.3562,0.4879,4.0,0.3333,9.0,0.75,1.87639,2.5,3.0,0.25,1.0,0.0833,0.0,0.0,0.0,1.0,0.0,0.0,1.0,1.0,1.0,7.0,6.0,721.0,6.0,6.0,,,,29.0,26.0,,,,6.0,0.0,,27.5,3.0,,Co-Ed,Lily,Jan,,,,0.73,0.73082,74.0,1.0,0.0,0.775,120.0,3.0,-2.0,0.4616,0.7289,0.2667,0.36111,10.0,0.8333,2.0,1.0,0.2,0.8
2.0,Simon & Katherine,TARCR2,4.75,4.75,532.0,7.0,-5.0,5.0,504.0,8.0,-6.0,12.0,11.0,-0.112,0.1155,0.0,0.0,4.0,0.3333,1.68943,3.0,1.0,0.0833,4.0,0.3333,0.0,0.0,0.0,0.0,0.0,0.0,0.0,6.0,2.0,8.0,6.0,722.0,6.0,6.0,,,,33.0,24.0,,,,6.0,0.0,,28.5,9.0,,Co-Ed,Simon,Katherine,,,,0.36,0.35552,687.0,8.0,-6.0,0.33333,656.0,8.0,-6.0,-0.289,-0.159,0.13459,0.25694,4.0,0.3333,8.0,0.6,0.16667,0.43333
3.0,Sun Bin & Hao Fei'er,TARCR2,2.92,2.91667,146.0,2.0,1.0,2.0,26.0,1.0,2.0,12.0,11.0,0.3164,0.4562,4.0,0.3333,10.0,0.8333,2.59674,2.0,4.0,0.3333,1.0,0.0833,0.0,0.0,0.0,0.0,1.0,0.0,1.0,1.0,1.0,9.0,8.0,723.0,6.0,6.0,,,,25.0,26.0,,,,6.0,0.0,,25.5,1.0,,Co-Ed,Sun Bin,Hao Fei'er,,,,0.67,0.67454,134.0,2.0,1.0,0.8,88.0,1.0,2.0,0.3491,0.5958,0.34512,0.55,9.0,0.75,3.0,1.0,0.0,1.0
4.0,Matt & Kylie,TARCR2,4.36,4.36364,462.0,5.0,-1.0,4.0,341.0,5.0,-1.0,11.0,10.0,-0.0207,0.1881,1.0,0.0909,3.0,0.2727,2.30701,1.0,1.0,0.0909,2.0,0.1818,0.0,0.0,0.0,0.0,0.0,0.0,0.0,4.0,1.0,10.0,9.0,724.0,6.0,5.0,,,,28.0,26.0,,,,5.5,1.0,,27.0,2.0,,Co-Ed,Matt,Kylie,,,,0.45,0.45119,517.0,6.0,-2.0,0.4,563.0,7.0,-3.0,-0.0976,0.0674,0.28882,0.29405,5.0,0.4545,6.0,1.0,0.0,1.0
5.0,Mary & Cecilia,TARCR2,4.2,4.2,418.0,4.0,1.0,4.5,470.0,6.0,-1.0,10.0,9.0,0.0168,0.2179,3.0,0.3,3.0,0.3,2.4,4.0,0.0,0.0,3.0,0.3,1.0,0.1,0.0,0.0,1.0,2.0,0.0,1.0,1.0,8.0,7.0,725.0,5.0,4.0,,,,22.0,20.0,,,,4.5,1.0,,21.0,2.0,,Female,Mary,Cecilia,,,,0.43,0.43345,561.0,7.0,-2.0,0.28333,761.0,9.0,-4.0,-0.1331,0.0254,0.39937,0.74554,4.0,0.4,6.0,1.0,0.0,1.0
6.0,Elena & Tameka,TARCR2,4.0,4.0,375.0,3.0,3.0,3.0,166.0,3.0,3.0,8.0,8.0,0.0636,0.2551,0.0,0.0,5.0,0.625,1.87083,3.25,2.0,0.25,0.0,0.0,1.0,0.125,0.0,1.0,0.0,0.0,0.0,3.0,2.0,7.0,5.0,726.0,3.0,4.0,,,,28.0,28.0,,,,3.5,1.0,,28.0,0.0,,Female,Elena,Tameka,,,,0.53,0.52867,371.0,4.0,2.0,0.66667,216.0,4.0,2.0,0.0573,0.2507,0.33546,0.47679,5.0,0.625,3.0,0.88889,0.0,0.88889
7.0,Rhett & Howie,TARCR2,5.67,5.66667,677.0,9.0,-2.0,5.5,613.0,9.0,-2.0,6.0,6.0,-0.3274,-0.0559,0.0,0.0,0.0,0.0,1.10554,1.75,0.0,0.0,0.0,0.0,1.0,0.1667,0.0,0.0,0.0,0.0,0.0,5.0,4.0,7.0,3.0,727.0,2.0,3.0,,,,52.0,49.0,,,,2.5,1.0,,50.5,3.0,,Male,Rhett,Howie,,,,0.35,0.34967,697.0,9.0,-2.0,0.43651,528.0,6.0,1.0,-0.3007,-0.1728,0.25762,0.45397,2.0,0.3333,4.0,0.625,0.0,0.625
8.0,Summer & Eachen,TARCR2,5.25,5.25,616.0,8.0,0.0,4.5,470.0,6.0,2.0,4.0,4.0,-0.229,0.0223,0.0,0.0,0.0,0.0,1.63936,1.75,0.0,0.0,0.0,0.0,0.0,0.0,0.0,0.0,0.0,0.0,0.0,4.0,4.0,8.0,4.0,728.0,0.0,3.0,,,,24.0,25.0,,,,1.5,3.0,,24.5,1.0,,Co-Ed,Summer,Eachen,,,,0.47,0.46667,492.0,5.0,3.0,0.58333,342.0,5.0,3.0,-0.0667,0.104,0.27988,0.3,3.0,0.75,1.0,0.7,0.0,0.7
9.0,Xiao Long & Lv Meng,TARCR2,4.67,4.66667,509.0,6.0,3.0,3.0,166.0,3.0,6.0,3.0,3.0,-0.0933,0.1304,0.0,0.0,2.0,0.6667,3.09121,3.5,1.0,0.3333,0.0,0.0,0.0,0.0,0.0,0.0,0.0,0.0,0.0,,2.0,9.0,7.0,729.0,1.0,1.0,,,,36.0,36.0,,,,1.0,0.0,,36.0,0.0,,Male,Xiao Long,Lv Meng,,,,0.56,0.55926,320.0,3.0,6.0,0.77778,108.0,2.0,7.0,0.1185,0.323,0.39859,0.45,2.0,0.6667,1.0,0.9,0.0,0.9
10.0,A Lai & Jackie,TARCR2,9.5,9.5,990.0,10.0,0.0,9.5,943.0,10.0,0.0,2.0,2.0,-1.224,-0.7691,0.0,0.0,0.0,0.0,0.5,0.5,0.0,0.0,0.0,0.0,0.0,0.0,0.0,0.0,0.0,0.0,0.0,,9.0,10.0,1.0,730.0,0.0,0.0,,,,47.0,23.0,,,,0.0,0.0,,35.0,24.0,,Co-Ed,A Lai,Jackie,,,,0.1,0.1,984.0,10.0,0.0,0.1,968.0,10.0,0.0,-0.8,-0.7634,0.1,0.1,0.0,0.0,2.0,0.2,0.0,0.2
11.0,Paul & Nash,TARCR2,11.0,11.0,1043.0,11.0,0.0,11.0,997.0,11.0,0.0,1.0,1.0,-1.5751,-1.0484,0.0,0.0,0.0,0.0,0.0,0.0,0.0,0.0,0.0,0.0,0.0,0.0,0.0,0.0,0.0,0.0,0.0,,11.0,11.0,0.0,731.0,0.0,0.0,,,,28.0,37.0,,,,0.0,0.0,,32.5,9.0,,Male,Paul,Nash,,,,0.0,0.0,1030.0,11.0,0.0,0.0,1022.0,11.0,0.0,-1.0,-1.0,0.0,0.0,0.0,0.0,1.0,0.0,0.0,0.0
1.0,Liu Weiwei & Lei Sheng,TARCR3,2.5,2.5,80.0,1.0,0.0,2.0,26.0,1.0,0.0,12.0,12.0,0.4309,0.5487,6.0,0.5,8.0,0.6667,1.60728,3.0,0.0,0.0,1.0,0.0833,0.0,0.0,0.0,0.0,0.0,0.0,0.0,1.0,1.0,5.0,4.0,732.0,6.0,6.0,,,,30.0,40.0,,,,6.0,0.0,,35.0,10.0,,Male,Liu Weiwei,Liu Sheng,,,,0.75,0.74563,58.0,1.0,0.0,0.85714,50.0,1.0,0.0,0.4913,0.8072,0.26924,0.51786,9.0,0.75,3.0,1.0,0.33333,0.66667
2.0,Christine & Steven,TARCR3,4.0,4.0,375.0,4.0,-2.0,3.5,315.0,4.0,-2.0,12.0,12.0,0.0894,0.278,0.0,0.0,6.0,0.5,1.91485,4.0,4.0,0.3333,3.0,0.25,0.0,0.0,0.0,0.0,0.0,0.0,0.0,2.0,2.0,7.0,5.0,733.0,5.0,7.0,,,,23.0,24.0,,,,6.0,2.0,,23.5,1.0,,Co-Ed,Christine,Steven,,,,0.5,0.50033,422.0,5.0,-3.0,0.58333,342.0,5.0,-3.0,0.0007,0.2127,0.25049,0.47321,7.0,0.5833,5.0,0.8,0.14286,0.65714
3.0,Ryan & Charlie,TARCR3,2.92,2.91667,146.0,2.0,1.0,3.0,166.0,3.0,0.0,12.0,12.0,0.3353,0.4729,3.0,0.25,8.0,0.6667,1.38193,2.25,1.0,0.0833,1.0,0.0833,0.0,0.0,0.0,0.0,1.0,0.0,0.0,3.0,1.0,5.0,4.0,734.0,6.0,6.0,,,,26.0,24.0,,,,6.0,0.0,,25.0,2.0,,Male,Ryan,Charlie,,,,0.63,0.63439,195.0,3.0,0.0,0.6,309.0,3.0,0.0,0.2688,0.5376,0.29706,0.39286,10.0,0.8333,2.0,1.0,0.0,1.0
4.0,Zhang Yelin & Li Yang,TARCR3,4.55,4.54545,491.0,5.0,-1.0,4.0,341.0,5.0,-1.0,11.0,11.0,-0.0358,0.1787,1.0,0.0909,4.0,0.3636,2.31059,2.5,1.0,0.0909,1.0,0.0909,1.0,0.0909,0.0,1.0,0.0,0.0,1.0,4.0,1.0,9.0,8.0,735.0,5.0,5.0,,,,27.0,27.0,,,,5.0,0.0,,27.0,0.0,,Co-Ed,Zhang Yelin,Li Yang,,,,0.45,0.45162,516.0,6.0,-2.0,0.42857,533.0,6.0,-2.0,-0.0968,0.0946,0.30135,0.42381,5.0,0.4545,6.0,1.0,0.0,1.0
5.0,Janelle & Karin,TARCR3,4.9,4.9,559.0,7.0,-2.0,5.0,504.0,7.0,-2.0,10.0,10.0,-0.1154,0.1155,1.0,0.1,2.0,0.2,2.11896,1.75,1.0,0.1,2.0,0.2,1.0,0.1,1.0,0.0,0.0,0.0,0.0,6.0,1.0,9.0,8.0,736.0,5.0,4.0,,,,21.0,23.0,,,,4.5,1.0,,22.0,2.0,,Female,Janelle,Karin,,,,0.38,0.37873,650.0,7.0,-2.0,0.28571,742.0,7.0,-2.0,-0.2425,-0.082,0.32438,0.42024,4.0,0.4,6.0,1.0,0.0,1.0
6.0,Khai Shing & Khai Sheng,TARCR3,3.63,3.625,307.0,3.0,3.0,2.5,128.0,2.0,4.0,8.0,8.0,0.1737,0.3448,1.0,0.125,5.0,0.625,2.17586,4.0,3.0,0.375,0.0,0.0,0.0,0.0,0.0,0.0,0.0,0.0,0.0,2.0,1.0,7.0,6.0,737.0,4.0,3.0,,,,25.0,25.0,,,,3.5,1.0,,25.0,0.0,,Co-Ed,Khai Shing,Khai Sheng,,,,0.64,0.63755,188.0,2.0,4.0,0.7619,129.0,2.0,4.0,0.2751,0.5453,0.3133,0.42827,5.0,0.625,3.0,1.0,0.0,1.0
7.0,Henry & Jennifer,TARCR3,7.43,7.42857,870.0,9.0,-2.0,7.0,734.0,8.0,-1.0,7.0,7.0,-0.6914,-0.3412,0.0,0.0,0.0,0.0,1.39971,1.0,0.0,0.0,2.0,0.2857,2.0,0.2857,0.0,0.0,0.0,1.0,0.0,7.0,5.0,10.0,5.0,738.0,4.0,2.0,,,,33.0,32.0,,,,3.0,2.0,,32.5,1.0,,Co-Ed,Henry,Jennifer,,,,0.16,0.16139,941.0,9.0,-2.0,0.125,926.0,10.0,-3.0,-0.6772,-0.6088,0.15047,0.1881,0.0,0.0,7.0,0.42857,0.0,0.42857
8.0,Xiao Bing & Xiao Bang,TARCR3,4.67,4.66667,509.0,6.0,2.0,4.0,341.0,5.0,3.0,6.0,6.0,-0.0631,0.157,0.0,0.0,2.0,0.3333,2.13437,3.0,1.0,0.1667,1.0,0.1667,0.0,0.0,0.0,0.0,0.0,0.0,0.0,4.0,2.0,8.0,6.0,739.0,1.0,4.0,,,,30.0,22.0,,,,2.5,3.0,,26.0,8.0,,Male,Xiao Bing,Xiao Bang,,,,0.5,0.5047,417.0,4.0,4.0,0.59821,331.0,4.0,5.0,0.0094,0.2233,0.32644,0.50625,4.0,0.6667,2.0,0.88889,0.0,0.88889
9.0,Yu Ping & Yu Chenjing,TARCR3,6.33,6.33333,758.0,8.0,1.0,8.0,826.0,9.0,0.0,3.0,3.0,-0.441,-0.1426,0.0,0.0,1.0,0.3333,3.09121,3.5,1.0,0.3333,0.0,0.0,0.0,0.0,0.0,0.0,0.0,0.0,0.0,,2.0,9.0,7.0,740.0,1.0,1.0,,,,46.0,22.0,,,,1.0,0.0,,34.0,24.0,,Co-Ed,Yu Ping,Yu Chenjing,,,,0.37,0.37407,660.0,8.0,1.0,0.22222,823.0,8.0,1.0,-0.2519,-0.0933,0.38279,0.45,1.0,0.3333,2.0,0.9,0.0,0.9
10.0,Nick & Brandon,TARCR3,9.0,9.0,952.0,10.0,0.0,9.0,889.0,10.0,0.0,2.0,2.0,-1.0488,-0.6245,0.0,0.0,0.0,0.0,1.0,1.0,0.0,0.0,0.0,0.0,0.0,0.0,0.0,0.0,0.0,0.0,0.0,,8.0,10.0,2.0,741.0,1.0,1.0,,,,30.0,27.0,,,,1.0,0.0,,28.5,3.0,,Male,Nick,Brandon,,,,0.15,0.15,945.0,10.0,0.0,0.15,904.0,9.0,1.0,-0.7,-0.6364,0.15,0.15,0.0,0.0,2.0,0.3,0.0,0.3
11.0,Rob & Jia Jia,TARCR3,11.0,11.0,1043.0,11.0,0.0,11.0,997.0,11.0,0.0,1.0,1.0,-1.5041,-0.9856,0.0,0.0,0.0,0.0,0.0,0.0,0.0,0.0,0.0,0.0,0.0,0.0,0.0,0.0,0.0,0.0,0.0,,11.0,11.0,0.0,742.0,0.0,0.0,,,,30.0,42.0,,,,0.0,0.0,,36.0,12.0,,Male,Rob,Jia Jia,,,,0.0,0.0,1030.0,11.0,0.0,0.0,1022.0,11.0,0.0,-1.0,-1.0,0.0,0.0,0.0,0.0,1.0,0.0,0.0,0.0
1.0,Patrícia & Sane,TARBR1,3.08,3.07692,171.0,3.0,-2.0,3.0,166.0,3.0,-2.0,13.0,13.0,0.2867,0.4529,2.0,0.1538,8.0,0.6154,1.26865,2.0,2.0,0.1538,1.0,0.0769,0.0,0.0,0.0,0.0,0.0,0.0,0.0,3.0,1.0,5.0,4.0,743.0,6.0,6.0,,,,29.0,33.0,,,,6.0,0.0,,31.0,4.0,,Female,Patrícia,Sane,,,,0.65,0.64844,175.0,2.0,-1.0,0.66667,216.0,2.0,-1.0,0.2969,0.623,0.22064,0.3,11.0,0.8462,2.0,1.0,0.25,0.75
2.0,Jonatas & Rafael,TARBR1,2.92,2.92308,153.0,2.0,0.0,2.0,26.0,1.0,1.0,13.0,13.0,0.3238,0.4813,2.0,0.1538,10.0,0.7692,1.97918,1.0,5.0,0.3846,3.0,0.2308,1.0,0.0769,1.0,0.0,0.0,0.0,0.0,2.0,1.0,9.0,8.0,744.0,5.0,6.0,,,,23.0,23.0,,,,5.5,1.0,,23.0,0.0,,Male,Jonatas,Rafael,,,,0.6,0.60055,251.0,3.0,-1.0,0.5,408.0,3.0,-1.0,0.2011,0.5032,0.30701,0.52381,9.0,0.6923,4.0,1.0,0.0,1.0
3.0,Perri & Maristela,TARBR1,2.31,2.30769,48.0,1.0,2.0,2.0,26.0,1.0,2.0,13.0,13.0,0.4651,0.5897,5.0,0.3846,10.0,0.7692,1.20158,2.0,2.0,0.1538,0.0,0.0,0.0,0.0,0.0,0.0,0.0,0.0,0.0,1.0,1.0,4.0,3.0,745.0,6.0,5.0,,,,44.0,35.0,,,,5.5,1.0,,39.5,9.0,,Co-Ed,Perri,Maristela,,,,0.74,0.73529,69.0,1.0,2.0,0.75,132.0,1.0,2.0,0.4706,0.8404,0.28215,0.375,11.0,0.8462,2.0,1.0,0.0,1.0
4.0,Jorge & Silvia,TARBR1,4.33,4.33333,451.0,4.0,0.0,4.5,470.0,4.0,0.0,12.0,12.0,-0.0027,0.2309,1.0,0.0833,3.0,0.25,1.69967,1.25,1.0,0.0833,1.0,0.0833,1.0,0.0833,1.0,0.0,0.0,0.0,0.0,5.0,1.0,7.0,6.0,746.0,6.0,4.0,,,,56.0,39.0,,,,5.0,2.0,,47.5,17.0,,Co-Ed,Jorge,Silvia,,,,0.43,0.43016,572.0,6.0,-2.0,0.38095,603.0,6.0,-2.0,-0.1397,0.0767,0.29367,0.4375,5.0,0.4167,7.0,1.0,0.0,1.0
5.0,Débora & Daniela,TARBR1,4.7,4.7,521.0,5.0,0.0,5.0,504.0,5.0,0.0,10.0,10.0,-0.0884,0.1652,1.0,0.1,3.0,0.3,2.14709,3.25,1.0,0.1,1.0,0.1,1.0,0.1,0.0,0.0,0.0,0.0,0.0,5.0,1.0,8.0,7.0,747.0,6.0,3.0,,,,28.0,30.0,,,,4.5,3.0,,29.0,2.0,,Female,Débora,Daniela,,,,0.43,0.43317,566.0,5.0,0.0,0.4,563.0,5.0,0.0,-0.1337,0.0842,0.33348,0.53175,5.0,0.5,5.0,1.0,0.0,1.0
6.0,Andréa & Luciana,TARBR1,6.13,6.125,737.0,8.0,-2.0,6.0,634.0,6.0,0.0,8.0,8.0,-0.4196,-0.0888,1.0,0.125,1.0,0.125,2.2044,1.25,0.0,0.0,1.0,0.125,1.0,0.125,0.0,0.0,0.0,0.0,0.0,6.0,1.0,9.0,8.0,748.0,5.0,2.0,,,,33.0,31.0,,,,3.5,3.0,,32.0,2.0,,Female,Andréa,Luciana,,,,0.29,0.29236,802.0,9.0,-3.0,0.21111,842.0,8.0,-2.0,-0.4153,-0.2682,0.29888,0.25,1.0,0.125,7.0,1.0,0.0,1.0
7.0,Milene & Jaqueline,TARBR1,6.0,6.0,715.0,7.0,0.0,6.0,634.0,6.0,1.0,7.0,7.0,-0.3895,-0.0657,0.0,0.0,1.0,0.1429,1.92725,2.0,1.0,0.1429,3.0,0.4286,0.0,0.0,0.0,0.0,0.0,0.0,0.0,8.0,2.0,8.0,6.0,749.0,3.0,3.0,,,,30.0,31.0,,,,3.0,0.0,,30.5,1.0,,Female,Milene,Jaqueline,,,,0.31,0.31304,760.0,8.0,-1.0,0.16667,888.0,9.0,-2.0,-0.3739,-0.2165,0.29395,0.31786,2.0,0.2857,5.0,0.88889,0.0,0.88889
8.0,Mari Lice & Tâmisa,TARBR1,5.0,5.0,566.0,6.0,2.0,6.0,634.0,6.0,2.0,5.0,5.0,-0.1579,0.1119,0.0,0.0,2.0,0.4,2.19089,3.0,1.0,0.2,0.0,0.0,0.0,0.0,0.0,0.0,0.0,0.0,0.0,6.0,2.0,8.0,6.0,750.0,2.0,2.0,,,,40.0,23.0,,,,2.0,0.0,,31.5,17.0,,Female,Mari Lice,Tâmisa,,,,0.51,0.51389,398.0,4.0,4.0,0.5,408.0,3.0,5.0,0.0278,0.2863,0.30174,0.30556,3.0,0.6,2.0,0.875,0.0,0.875
9.0,Carlos & Eduardo,TARBR1,6.5,6.5,775.0,9.0,0.0,8.0,826.0,9.0,0.0,4.0,4.0,-0.5053,-0.1545,1.0,0.25,1.0,0.25,3.27872,3.5,0.0,0.0,1.0,0.25,0.0,0.0,1.0,0.0,0.0,0.0,0.0,9.0,1.0,9.0,8.0,751.0,2.0,1.0,,,,46.0,24.0,,,,1.5,1.0,,35.0,22.0,,Male,Carlos,Eduardo,,,,0.38,0.37778,652.0,7.0,2.0,0.25556,775.0,7.0,2.0,-0.2444,-0.0544,0.38778,0.46667,1.0,0.25,3.0,1.0,0.0,1.0
10.0,Marcelo & Narciso,TARBR1,10.0,10.0,1002.0,10.0,0.0,10.0,954.0,10.0,0.0,2.0,2.0,-1.3158,-0.7762,0.0,0.0,0.0,0.0,0.0,0.0,0.0,0.0,1.0,0.5,0.0,0.0,0.0,0.0,0.0,0.0,0.0,10.0,10.0,10.0,0.0,752.0,1.0,1.0,,,,31.0,41.0,,,,1.0,0.0,,36.0,10.0,,Male,Marcelo,Narciso,,,,0.05,0.05,1011.0,10.0,0.0,0.05,1005.0,10.0,0.0,-0.9,-0.8748,0.05,0.05,0.0,0.0,2.0,0.1,0.0,0.1
11.0,Sandro & Daniel,TARBR1,11.0,11.0,1043.0,11.0,0.0,11.0,997.0,11.0,0.0,1.0,1.0,-1.5474,-0.9538,0.0,0.0,0.0,0.0,0.0,0.0,0.0,0.0,0.0,0.0,0.0,0.0,0.0,0.0,0.0,0.0,0.0,,11.0,11.0,0.0,753.0,0.0,0.0,,,,28.0,23.0,,,,0.0,0.0,,25.5,5.0,,Male,Sandro,Daniel,,,,0.0,0.0,1030.0,11.0,0.0,0.0,1022.0,11.0,0.0,-1.0,-1.0,0.0,0.0,0.0,0.0,1.0,0.0,0.0,0.0
1.0,Shay & Guy,TARIL1,2.7,2.7,107.0,2.0,-1.0,2.0,26.0,1.0,0.0,10.0,10.0,0.3675,0.4818,3.0,0.3,7.0,0.7,1.9,2.25,4.0,0.4,0.0,0.0,0.0,0.0,1.0,0.0,1.0,0.0,0.0,2.0,1.0,7.0,6.0,754.0,5.0,5.0,,,,32.0,30.0,,,,5.0,0.0,,31.0,2.0,,Male,Shay,Guy,,,,0.74,0.74425,62.0,1.0,0.0,0.8125,85.0,1.0,0.0,0.4885,0.7864,0.23842,0.43056,8.0,0.8,2.0,1.0,0.33333,0.66667
2.0,Maya & Amichay,TARIL1,2.2,2.2,38.0,1.0,1.0,2.5,128.0,2.0,0.0,10.0,10.0,0.4846,0.5777,4.0,0.4,9.0,0.9,1.07703,2.0,1.0,0.1,2.0,0.2,0.0,0.0,0.0,1.0,0.0,0.0,0.0,1.0,1.0,4.0,3.0,755.0,5.0,5.0,,,,30.0,33.0,,,,5.0,0.0,,31.5,3.0,,Co-Ed,Maya,Amichay,,,,0.69,0.69333,114.0,2.0,0.0,0.675,211.0,3.0,-1.0,0.3867,0.6642,0.28089,0.5,8.0,0.8,2.0,1.0,0.25,0.75
3.0,Tom & Gil,TARIL1,3.5,3.5,279.0,4.0,-1.0,4.0,341.0,4.0,-1.0,10.0,10.0,0.1801,0.3282,1.0,0.1,4.0,0.4,1.43178,1.75,2.0,0.2,2.0,0.2,0.0,0.0,0.0,0.0,0.0,0.0,0.0,4.0,1.0,6.0,5.0,756.0,5.0,5.0,,,,54.0,27.0,,,,5.0,0.0,,40.5,27.0,,Co-Ed,Tom,Gil,,,,0.54,0.53853,352.0,4.0,-1.0,0.59821,331.0,4.0,-1.0,0.0771,0.2926,0.29374,0.40278,7.0,0.7,3.0,1.0,0.0,1.0
4.0,Michal & Ran,TARIL1,3.11,3.11111,187.0,3.0,1.0,3.0,166.0,3.0,1.0,9.0,9.0,0.2714,0.4031,1.0,0.1111,6.0,0.6667,1.2862,2.0,2.0,0.2222,1.0,0.1111,0.0,0.0,0.0,0.0,1.0,0.0,0.0,3.0,1.0,5.0,4.0,757.0,4.0,5.0,,,,35.0,39.0,,,,4.5,1.0,,37.0,4.0,,Co-Ed,Michal,Ran,,,,0.61,0.60511,240.0,3.0,1.0,0.77778,108.0,2.0,2.0,0.2102,0.4525,0.31332,0.33333,7.0,0.7778,2.0,1.0,0.0,1.0
5.0,Hadas & Inbal,TARIL1,4.88,4.875,554.0,5.0,0.0,4.5,470.0,5.0,0.0,8.0,8.0,-0.1432,0.0633,0.0,0.0,2.0,0.25,1.69097,1.75,0.0,0.0,0.0,0.0,1.0,0.125,0.0,1.0,0.0,0.0,0.0,4.0,3.0,8.0,5.0,758.0,3.0,5.0,,,,25.0,24.0,,,,4.0,2.0,,24.5,1.0,,Female,Hadas,Inbal,,,,0.36,0.36498,673.0,6.0,-1.0,0.325,694.0,6.0,-1.0,-0.27,-0.1239,0.27507,0.5,3.0,0.375,5.0,0.71429,0.0,0.71429
6.0,Yael & Eliana,TARIL1,5.17,5.16667,600.0,6.0,0.0,6.0,634.0,6.0,0.0,6.0,6.0,-0.2112,0.0077,0.0,0.0,1.0,0.1667,1.46249,0.75,1.0,0.1667,0.0,0.0,0.0,0.0,0.0,0.0,0.0,0.0,0.0,6.0,2.0,6.0,4.0,759.0,2.0,4.0,,,,32.0,33.0,,,,3.0,2.0,,32.5,1.0,,Female,Yael,Eliana,,,,0.39,0.3879,636.0,5.0,1.0,0.35417,631.0,5.0,1.0,-0.2242,-0.0689,0.26402,0.12946,1.0,0.1667,5.0,0.88889,0.0,0.88889
7.0,Hannah & Margalit,TARIL1,6.6,6.6,789.0,7.0,0.0,7.0,734.0,7.0,0.0,5.0,5.0,-0.5462,-0.2668,1.0,0.2,1.0,0.2,2.93939,2.0,0.0,0.0,3.0,0.6,0.0,0.0,1.0,0.0,0.0,0.0,1.0,,1.0,9.0,8.0,760.0,2.0,1.0,,,,55.0,62.0,,,,1.5,1.0,,58.5,7.0,,Female,Hannah,Margalit,,,,0.27,0.27302,828.0,7.0,0.0,0.11111,945.0,9.0,-2.0,-0.454,-0.3447,0.36672,0.03175,1.0,0.2,4.0,1.0,0.0,1.0
8.0,Alen & Inbal,TARIL1,7.25,7.25,851.0,8.0,0.0,8.0,826.0,8.0,0.0,4.0,4.0,-0.6984,-0.3916,0.0,0.0,0.0,0.0,1.29904,0.75,0.0,0.0,1.0,0.25,0.0,0.0,0.0,0.0,0.0,1.0,0.0,8.0,5.0,8.0,3.0,761.0,2.0,2.0,,,,32.0,26.0,,,,2.0,0.0,,29.0,6.0,,Co-Ed,Alen,Inbal,,,,0.23,0.22569,886.0,8.0,0.0,0.17361,885.0,8.0,0.0,-0.5486,-0.4583,0.20609,0.21181,1.0,0.25,3.0,0.55556,0.0,0.55556
9.0,Asher & Maor,TARIL1,8.67,8.66667,945.0,10.0,-1.0,9.0,889.0,10.0,-1.0,3.0,3.0,-1.0311,-0.6641,0.0,0.0,0.0,0.0,1.24722,1.5,0.0,0.0,0.0,0.0,1.0,0.3333,0.0,0.0,0.0,0.0,0.0,,7.0,10.0,3.0,762.0,3.0,0.0,,,,24.0,24.0,,,,1.5,3.0,,24.0,0.0,,Male,Asher,Maor,,,,0.11,0.11111,973.0,10.0,-1.0,0.0,1022.0,10.0,-1.0,-0.7778,-0.7333,0.15713,0.16667,0.0,0.0,3.0,0.33333,0.0,0.33333
10.0,Liran & Elena,TARIL1,8.0,8.0,899.0,9.0,1.0,8.0,826.0,8.0,2.0,2.0,2.0,-0.8741,-0.5355,0.0,0.0,0.0,0.0,2.0,2.0,0.0,0.0,0.0,0.0,0.0,0.0,0.0,0.0,0.0,0.0,0.0,,6.0,10.0,4.0,763.0,1.0,1.0,,,,20.0,24.0,,,,1.0,0.0,,22.0,4.0,,Female,Liran,Elena,,,,0.22,0.22222,888.0,9.0,1.0,0.22222,823.0,7.0,3.0,-0.5556,-0.4666,0.22222,0.22222,0.0,0.0,2.0,0.44444,0.0,0.44444
1.0,Bar & Inna,TARIL2,4.0,4.0,375.0,4.0,-3.0,4.0,341.0,4.0,-3.0,13.0,13.0,-0.0127,0.297,4.0,0.3077,6.0,0.4615,2.48069,5.0,0.0,0.0,3.0,0.2308,2.0,0.1538,1.0,2.0,0.0,1.0,0.0,1.0,1.0,8.0,7.0,764.0,4.0,5.0,,,,22.0,23.0,,,,4.5,1.0,,22.5,1.0,,Female,Bar,Inna,,,,0.48,0.47775,472.0,5.0,-4.0,0.33333,656.0,6.0,-5.0,-0.0445,0.2737,0.38018,0.83333,5.0,0.3846,8.0,1.0,0.0,1.0
2.0,Alon & Oren,TARIL2,2.0,2.0,15.0,1.0,1.0,2.0,26.0,1.0,1.0,13.0,13.0,0.4937,0.6485,3.0,0.2308,13.0,1.0,0.67937,0.0,7.0,0.5385,1.0,0.0769,0.0,0.0,0.0,1.0,0.0,1.0,0.0,2.0,1.0,3.0,2.0,765.0,6.0,4.0,,,,38.0,47.0,,,,5.0,2.0,,42.5,9.0,,Male,Alon,Oren,,,,0.76,0.75952,49.0,1.0,1.0,0.8,88.0,1.0,1.0,0.519,1.025,0.20043,0.19048,12.0,0.9231,1.0,1.0,0.33333,0.66667
3.0,Anaelle & Akiva,TARIL2,2.69,2.69231,103.0,2.0,1.0,2.0,26.0,1.0,2.0,13.0,13.0,0.319,0.5272,3.0,0.2308,10.0,0.7692,1.43498,1.0,4.0,0.3077,0.0,0.0,0.0,0.0,0.0,0.0,0.0,0.0,0.0,2.0,1.0,5.0,4.0,766.0,5.0,5.0,,,,26.0,28.0,,,,5.0,0.0,,27.0,2.0,,Co-Ed,Anaelle,Akiva,,,,0.64,0.64212,179.0,2.0,1.0,0.71429,171.0,2.0,1.0,0.2842,0.712,0.28845,0.3,10.0,0.7692,3.0,1.0,0.0,1.0
4.0,Tom & Adele,TARIL2,4.17,4.16667,413.0,5.0,-1.0,4.0,341.0,4.0,0.0,12.0,12.0,-0.0557,0.2671,1.0,0.0833,3.0,0.25,1.46249,1.25,0.0,0.0,3.0,0.25,2.0,0.1667,0.0,1.0,0.0,0.0,0.0,4.0,1.0,7.0,6.0,767.0,6.0,4.0,,,,23.0,18.0,,,,5.0,2.0,,20.5,5.0,,Co-Ed,Tom,Adele,,,,0.37,0.37044,667.0,6.0,-2.0,0.325,694.0,7.0,-3.0,-0.2591,-0.0124,0.30717,0.475,4.0,0.3333,8.0,1.0,0.0,1.0
5.0,Osnat & Carmit,TARIL2,4.7,4.7,521.0,7.0,-2.0,4.5,470.0,7.0,-2.0,10.0,10.0,-0.1899,0.174,0.0,0.0,2.0,0.2,1.26886,1.75,0.0,0.0,3.0,0.3,1.0,0.1,1.0,0.0,0.0,0.0,0.0,4.0,3.0,7.0,4.0,768.0,5.0,5.0,,,,45.0,50.0,,,,5.0,0.0,,47.5,5.0,,Female,Osnat,Carmit,,,,0.34,0.33845,714.0,7.0,-2.0,0.375,609.0,5.0,0.0,-0.3231,-0.0977,0.23717,0.34286,5.0,0.5,5.0,0.66667,0.0,0.66667
6.0,Pundak & Moti,TARIL2,3.29,3.28571,236.0,3.0,3.0,3.0,166.0,3.0,3.0,7.0,7.0,0.1671,0.4218,1.0,0.1429,4.0,0.5714,1.66599,2.5,2.0,0.2857,1.0,0.1429,0.0,0.0,0.0,0.0,0.0,0.0,0.0,2.0,1.0,6.0,5.0,769.0,3.0,4.0,,,,30.0,28.0,,,,3.5,1.0,,29.0,2.0,,Male,Pundak,Moti,,,,0.59,0.59167,270.0,3.0,3.0,0.66667,216.0,3.0,3.0,0.1833,0.5775,0.35042,0.5375,5.0,0.7143,2.0,1.0,0.0,1.0
7.0,Alon & Hen,TARIL2,4.4,4.4,475.0,6.0,1.0,4.0,341.0,4.0,3.0,5.0,5.0,-0.1139,0.2267,1.0,0.2,1.0,0.2,2.05913,2.0,0.0,0.0,0.0,0.0,0.0,0.0,0.0,2.0,0.0,0.0,0.0,4.0,1.0,7.0,6.0,770.0,3.0,2.0,,,,32.0,28.0,,,,2.5,1.0,,30.0,4.0,,Co-Ed,Alon,Hen,,,,0.53,0.52929,369.0,4.0,3.0,0.57143,352.0,4.0,3.0,0.0586,0.4111,0.3336,0.325,3.0,0.6,2.0,1.0,0.0,1.0
8.0,Firass & Shira,TARIL2,7.33,7.33333,859.0,8.0,0.0,7.0,734.0,8.0,0.0,3.0,3.0,-0.8557,-0.2882,0.0,0.0,0.0,0.0,0.4714,0.5,0.0,0.0,0.0,0.0,0.0,0.0,0.0,0.0,0.0,0.0,0.0,7.0,7.0,8.0,1.0,771.0,2.0,1.0,,,,36.0,33.0,,,,1.5,1.0,,34.5,3.0,,Co-Ed,Firass,Shira,,,,0.22,0.21667,895.0,8.0,0.0,0.25,777.0,8.0,0.0,-0.5667,-0.4223,0.16499,0.2,0.0,0.0,3.0,0.4,0.0,0.4
9.0,Nitzan & Fifi,TARIL2,9.0,9.0,952.0,9.0,0.0,9.0,889.0,9.0,0.0,2.0,2.0,-1.2785,-0.5817,0.0,0.0,0.0,0.0,0.0,0.0,0.0,0.0,1.0,0.5,0.0,0.0,0.0,0.0,0.0,0.0,0.0,9.0,9.0,9.0,0.0,772.0,2.0,0.0,,,,28.0,21.0,,,,1.0,2.0,,24.5,7.0,,Co-Ed,Nitzan,Fifi,,,,0.1,0.1,984.0,9.0,0.0,0.1,968.0,9.0,0.0,-0.8,-0.7334,0.1,0.1,0.0,0.0,2.0,0.2,0.0,0.2
10.0,Tal & Mor,TARIL2,10.0,10.0,1002.0,10.0,0.0,10.0,954.0,10.0,0.0,1.0,1.0,-1.5316,-0.7575,0.0,0.0,0.0,0.0,0.0,0.0,0.0,0.0,0.0,0.0,0.0,0.0,0.0,0.0,0.0,0.0,0.0,,10.0,10.0,0.0,773.0,1.0,0.0,,,,54.0,29.0,,,,0.5,1.0,,41.5,25.0,,Female,Tal,Mor,,,,0.1,0.1,984.0,9.0,1.0,0.1,968.0,9.0,1.0,-0.8,-0.7334,0.0,0.0,0.0,0.0,1.0,0.1,0.1,0.0
11.0,Gadi & Alona,TARIL2,11.0,11.0,1043.0,11.0,0.0,11.0,997.0,11.0,0.0,1.0,1.0,-1.7848,-0.9332,0.0,0.0,0.0,0.0,0.0,0.0,0.0,0.0,0.0,0.0,0.0,0.0,0.0,0.0,0.0,0.0,0.0,,11.0,11.0,0.0,774.0,0.0,0.0,,,,36.0,44.0,,,,0.0,0.0,,40.0,8.0,,Co-Ed,Gadi,Alona,,,,0.0,0.0,1030.0,11.0,0.0,0.0,1022.0,11.0,0.0,-1.0,-1.0,0.0,0.0,0.0,0.0,1.0,0.0,0.0,0.0
1.0,Talia & Koby,TARIL3,3.69,3.69231,317.0,3.0,-2.0,4.0,341.0,5.0,-4.0,13.0,13.0,0.1781,0.3242,4.0,0.3077,6.0,0.4615,2.49259,4.0,2.0,0.1538,2.0,0.1538,0.0,0.0,0.0,1.0,0.0,0.0,0.0,1.0,1.0,8.0,7.0,775.0,4.0,3.0,,,,30.0,34.0,,,,3.5,1.0,,32.0,4.0,,Co-Ed,Talia,Koby,,,,0.64,0.63727,189.0,3.0,-2.0,0.6,309.0,5.0,-4.0,0.2745,0.4911,0.30867,0.55556,9.0,0.6923,4.0,1.0,0.125,0.875
2.0,Romi & Coral,TARIL3,3.15,3.15385,194.0,1.0,1.0,3.0,166.0,2.0,0.0,13.0,13.0,0.2983,0.4231,2.0,0.1538,9.0,0.6923,1.45951,1.0,1.0,0.0769,1.0,0.0769,1.0,0.0769,0.0,0.0,0.0,0.0,0.0,3.0,1.0,7.0,6.0,776.0,4.0,3.0,,,,18.0,20.0,,,,3.5,1.0,,19.0,2.0,,Female,Romi,Coral,,,,0.62,0.61587,222.0,4.0,-2.0,0.66667,216.0,4.0,-2.0,0.2317,0.441,0.26458,0.27778,10.0,0.7692,3.0,1.0,0.0,1.0
3.0,Ma'Ayan & Bat-El,TARIL3,4.31,4.30769,448.0,6.0,-3.0,4.0,341.0,5.0,-2.0,13.0,13.0,0.04,0.2106,2.0,0.1538,5.0,0.3846,2.43009,2.0,1.0,0.0769,2.0,0.1538,0.0,0.0,0.0,2.0,0.0,0.0,0.0,5.0,1.0,9.0,8.0,777.0,4.0,3.0,,,,20.0,20.0,,,,3.5,1.0,,20.0,0.0,,Female,Ma'Ayan,Bat-El,,,,0.48,0.48196,461.0,6.0,-3.0,0.42857,533.0,6.0,-3.0,-0.0361,0.1277,0.29894,0.41667,6.0,0.4615,7.0,1.0,0.0,1.0
4.0,David & Eliran,TARIL3,3.17,3.16667,198.0,2.0,2.0,3.0,166.0,2.0,2.0,12.0,12.0,0.2939,0.4194,1.0,0.0833,8.0,0.6667,1.57233,2.0,4.0,0.3333,0.0,0.0,0.0,0.0,0.0,0.0,0.0,1.0,0.0,2.0,1.0,7.0,6.0,778.0,4.0,3.0,,,,28.0,28.0,,,,3.5,1.0,,28.0,0.0,,Male,David,Eliran,,,,0.65,0.64689,178.0,2.0,2.0,0.725,165.0,2.0,2.0,0.2938,0.5136,0.26208,0.29167,10.0,0.8333,2.0,1.0,0.0,1.0
5.0,Debbie & Dana,TARIL3,5.09,5.09091,591.0,7.0,-2.0,5.0,504.0,7.0,-2.0,11.0,11.0,-0.1338,0.0678,1.0,0.0909,2.0,0.1818,2.1513,2.0,0.0,0.0,1.0,0.0909,1.0,0.0909,0.0,2.0,2.0,2.0,0.0,6.0,1.0,10.0,9.0,779.0,4.0,3.0,,,,46.0,24.0,,,,3.5,1.0,,35.0,22.0,,Female,Debbie,Dana,,,,0.37,0.37392,661.0,7.0,-2.0,0.33333,656.0,7.0,-2.0,-0.2522,-0.1251,0.29169,0.34048,3.0,0.2727,8.0,1.0,0.0,1.0
6.0,Eliran & Itzik,TARIL3,5.3,5.3,634.0,8.0,-2.0,6.0,634.0,8.0,-2.0,10.0,10.0,-0.1806,0.0293,1.0,0.1,2.0,0.2,2.14709,1.0,1.0,0.1,3.0,0.3,1.0,0.1,1.0,0.0,0.0,0.0,0.0,6.0,1.0,8.0,7.0,780.0,3.0,3.0,,,,26.0,28.0,,,,3.0,0.0,,27.0,2.0,,Male,Eliran,Itzik,,,,0.36,0.36444,675.0,8.0,-2.0,0.21111,842.0,8.0,-2.0,-0.2711,-0.1473,0.3327,0.33333,4.0,0.4,6.0,1.0,0.0,1.0
7.0,Lior & Mor,TARIL3,3.88,3.875,359.0,5.0,2.0,3.0,166.0,2.0,5.0,8.0,8.0,0.1357,0.2894,1.0,0.125,4.0,0.5,2.31503,4.25,3.0,0.375,1.0,0.125,0.0,0.0,0.0,3.0,0.0,0.0,0.0,2.0,1.0,7.0,6.0,781.0,3.0,1.0,,,,28.0,33.0,,,,2.0,2.0,,30.5,5.0,,Co-Ed,Lior,Mor,,,,0.59,0.58854,275.0,5.0,2.0,0.67857,210.0,3.0,4.0,0.1771,0.3771,0.35131,0.50942,5.0,0.625,3.0,1.0,0.0,1.0
8.0,Shimi & Yasmin,TARIL3,7.67,7.66667,885.0,9.0,-1.0,7.5,808.0,9.0,-1.0,6.0,6.0,-0.7085,-0.4048,0.0,0.0,0.0,0.0,0.74536,1.0,0.0,0.0,2.0,0.3333,0.0,0.0,0.0,0.0,0.0,0.0,0.0,7.0,7.0,9.0,2.0,782.0,2.0,2.0,,,,26.0,19.0,,,,2.0,0.0,,22.5,7.0,,Co-Ed,Shimi,Yasmin,,,,0.19,0.18955,923.0,9.0,-1.0,0.19643,870.0,9.0,-1.0,-0.6209,-0.5565,0.11604,0.16845,0.0,0.0,6.0,0.33333,0.0,0.33333
9.0,Liran & Ronit,TARIL3,3.75,3.75,328.0,4.0,5.0,2.5,128.0,1.0,8.0,4.0,4.0,0.1647,0.3132,1.0,0.25,3.0,0.75,3.11247,2.75,1.0,0.25,0.0,0.0,0.0,0.0,0.0,0.0,0.0,0.0,0.0,,1.0,9.0,8.0,783.0,1.0,1.0,,,,33.0,27.0,,,,1.0,0.0,,30.0,6.0,,Co-Ed,Liran,Ronit,,,,0.67,0.66944,142.0,1.0,8.0,0.83889,67.0,1.0,8.0,0.3389,0.5664,0.39443,0.34167,3.0,0.75,1.0,1.0,0.0,1.0
10.0,Andrea & Ronnie,TARIL3,9.0,9.0,952.0,10.0,0.0,10.0,954.0,10.0,0.0,3.0,3.0,-1.0047,-0.6484,0.0,0.0,0.0,0.0,1.41421,1.5,0.0,0.0,0.0,0.0,0.0,0.0,0.0,0.0,0.0,0.0,0.0,10.0,7.0,10.0,3.0,784.0,0.0,1.0,,,,57.0,60.0,,,,0.5,1.0,,58.5,3.0,,Co-Ed,Andrea,Ronnie,,,,0.13,0.13333,964.0,10.0,0.0,0.0,1022.0,10.0,0.0,-0.7333,-0.688,0.18856,0.2,0.0,0.0,3.0,0.4,0.0,0.4
11.0,Herut & Yoftut,TARIL3,11.0,11.0,1043.0,11.0,0.0,11.0,997.0,11.0,0.0,1.0,1.0,-1.4502,-1.0147,0.0,0.0,0.0,0.0,0.0,0.0,0.0,0.0,0.0,0.0,0.0,0.0,0.0,0.0,0.0,0.0,0.0,,11.0,11.0,0.0,785.0,0.0,0.0,,,,21.0,20.0,,,,0.0,0.0,,20.5,1.0,,Female,Herut,Yoftut,,,,0.0,0.0,1030.0,11.0,0.0,0.0,1022.0,10.0,1.0,-1.0,-1.0,0.0,0.0,0.0,0.0,1.0,0.0,0.0,0.0
1.0,Shay & Shani,TARIL4,4.31,4.30769,448.0,5.0,-4.0,5.0,504.0,6.0,-5.0,13.0,13.0,0.0808,0.2234,1.0,0.0769,3.0,0.2308,1.68179,1.0,2.0,0.1538,2.0,0.1538,0.0,0.0,0.0,0.0,0.0,0.0,0.0,5.0,1.0,7.0,6.0,786.0,4.0,3.0,,,,28.0,27.0,,,,3.5,1.0,,27.5,1.0,,Co-Ed,Shay,Shani,,,,0.52,0.52309,382.0,5.0,-4.0,0.5,408.0,5.0,-4.0,0.0462,0.3206,0.21541,0.225,7.0,0.5385,6.0,1.0,0.2,0.8
2.0,Tom & Uriel,TARIL4,2.85,2.84615,134.0,2.0,0.0,3.0,166.0,3.0,-1.0,13.0,13.0,0.3922,0.4865,4.0,0.3077,10.0,0.7692,1.83329,2.0,2.0,0.1538,0.0,0.0,0.0,0.0,0.0,0.0,0.0,0.0,0.0,3.0,1.0,7.0,6.0,787.0,4.0,3.0,,,,26.0,20.0,,,,3.5,1.0,,23.0,6.0,,Male,Tom,Uriel,,,,0.73,0.73107,73.0,2.0,0.0,0.75,132.0,3.0,-1.0,0.4621,0.8456,0.24708,0.5,11.0,0.8462,2.0,1.0,0.28571,0.71429
3.0,Yochi & Linor,TARIL4,4.46,4.46154,482.0,6.0,-3.0,4.0,341.0,4.0,-1.0,13.0,13.0,0.0488,0.1964,1.0,0.0769,5.0,0.3846,2.09818,3.0,1.0,0.0769,1.0,0.0769,1.0,0.0769,0.0,0.0,0.0,0.0,0.0,3.0,1.0,9.0,8.0,788.0,4.0,3.0,,,,24.0,24.0,,,,3.5,1.0,,24.0,0.0,,Female,Yochi,Linor,,,,0.45,0.45234,515.0,7.0,-4.0,0.5,408.0,5.0,-2.0,-0.0953,0.142,0.27825,0.26984,7.0,0.5385,6.0,1.0,0.0,1.0
4.0,Vova & Alla,TARIL4,6.0,6.0,715.0,7.0,-3.0,7.0,734.0,8.0,-4.0,12.0,12.0,-0.2797,-0.0811,1.0,0.0833,2.0,0.1667,2.54951,4.0,1.0,0.0833,6.0,0.5,0.0,0.0,0.0,2.0,0.0,3.0,0.0,7.0,1.0,9.0,8.0,789.0,4.0,3.0,,,,27.0,25.0,,,,3.5,1.0,,26.0,2.0,,Co-Ed,Vova,Alla,,,,0.3,0.30302,778.0,10.0,-6.0,0.15476,903.0,11.0,-7.0,-0.394,-0.235,0.28391,0.275,2.0,0.1667,10.0,1.0,0.0,1.0
5.0,Gal & Liel,TARIL4,4.0,4.0,375.0,4.0,1.0,4.0,341.0,4.0,1.0,11.0,11.0,0.1469,0.2793,1.0,0.0909,5.0,0.4545,1.85864,2.0,1.0,0.0909,0.0,0.0,0.0,0.0,0.0,1.0,0.0,1.0,0.0,3.0,1.0,8.0,7.0,790.0,4.0,3.0,,,,26.0,26.0,,,,3.5,1.0,,26.0,0.0,,Co-Ed,Gal,Liel,,,,0.58,0.57711,291.0,4.0,1.0,0.66667,216.0,4.0,1.0,0.1542,0.4569,0.25876,0.30536,7.0,0.6364,4.0,1.0,0.0,1.0
6.0,Daniel & Meiri,TARIL4,2.5,2.5,80.0,1.0,5.0,2.0,26.0,1.0,5.0,10.0,10.0,0.4668,0.5495,4.0,0.4,8.0,0.8,1.68819,2.0,2.0,0.2,0.0,0.0,0.0,0.0,0.0,0.0,0.0,0.0,0.0,1.0,1.0,6.0,5.0,791.0,3.0,4.0,,,,25.0,24.0,,,,3.5,1.0,,24.5,1.0,,Male,Daniel,Meiri,,,,0.76,0.7556,52.0,1.0,5.0,0.85417,63.0,2.0,4.0,0.5112,0.9076,0.31814,0.26429,8.0,0.8,2.0,1.0,0.0,1.0
7.0,Raz & Alexa,TARIL4,3.22,3.22222,219.0,3.0,4.0,2.0,26.0,1.0,6.0,9.0,9.0,0.3132,0.4198,1.0,0.1111,6.0,0.6667,1.87248,3.0,4.0,0.4444,0.0,0.0,0.0,0.0,0.0,0.0,0.0,0.0,0.0,2.0,1.0,7.0,6.0,792.0,4.0,2.0,,,,29.0,21.0,,,,3.0,2.0,,25.0,8.0,,Co-Ed,Raz,Alexa,,,,0.68,0.67883,130.0,3.0,4.0,0.85714,50.0,1.0,6.0,0.3577,0.7137,0.31273,0.375,7.0,0.7778,2.0,1.0,0.0,1.0
8.0,Shay & Adi,TARIL4,6.75,6.75,804.0,9.0,-1.0,7.5,808.0,12.0,-4.0,8.0,8.0,-0.4396,-0.2162,0.0,0.0,1.0,0.125,2.48747,2.75,1.0,0.125,1.0,0.125,1.0,0.125,0.0,0.0,0.0,0.0,0.0,8.0,2.0,10.0,8.0,793.0,3.0,2.0,,,,27.0,27.0,,,,2.5,1.0,,27.0,0.0,,Male,Shay,Adi,,,,0.29,0.28905,807.0,11.0,-3.0,0.19091,875.0,10.0,-2.0,-0.4219,-0.2703,0.29062,0.21875,2.0,0.25,6.0,0.88889,0.0,0.88889
9.0,Roni & Yael,TARIL4,6.83,6.83333,814.0,10.0,-1.0,7.0,734.0,8.0,1.0,6.0,6.0,-0.4567,-0.2306,0.0,0.0,0.0,0.0,2.33928,4.25,0.0,0.0,1.0,0.1667,0.0,0.0,0.0,0.0,0.0,0.0,0.0,4.0,4.0,10.0,6.0,794.0,2.0,1.0,,,,28.0,32.0,,,,1.5,1.0,,30.0,4.0,,Female,Roni,Yael,,,,0.33,0.33211,731.0,9.0,0.0,0.36111,629.0,8.0,1.0,-0.3358,-0.1616,0.23655,0.40354,3.0,0.5,3.0,0.625,0.0,0.625
10.0,Yafa & Boaz,TARIL4,6.0,6.0,715.0,7.0,3.0,6.5,714.0,7.0,3.0,4.0,4.0,-0.2797,-0.0811,1.0,0.25,1.0,0.25,3.39116,4.5,0.0,0.0,0.0,0.0,0.0,0.0,0.0,0.0,0.0,0.0,0.0,,1.0,10.0,9.0,795.0,1.0,1.0,,,,57.0,27.0,,,,1.0,0.0,,42.0,30.0,,Co-Ed,Yafa,Boaz,,,,0.48,0.48409,458.0,6.0,4.0,0.46818,487.0,7.0,3.0,-0.0318,0.2221,0.37336,0.50227,2.0,0.5,2.0,1.0,0.0,1.0
11.0,Tiltil & Mizrahi,TARIL4,9.33,9.33333,986.0,14.0,-3.0,11.0,997.0,14.0,-3.0,3.0,3.0,-0.9899,-0.6811,0.0,0.0,0.0,0.0,2.35702,2.5,0.0,0.0,2.0,0.6667,0.0,0.0,0.0,0.0,0.0,1.0,0.0,11.0,6.0,11.0,5.0,796.0,1.0,1.0,,,,38.0,37.0,,,,1.0,0.0,,37.5,1.0,,Male,Tiltil,Mizrahi,,,,0.09,0.08586,998.0,12.0,-1.0,0.09091,989.0,12.0,-1.0,-0.8283,-0.7832,0.06814,0.08333,0.0,0.0,3.0,0.16667,0.0,0.16667
12.0,Irit & Sinai,TARIL4,7.5,7.5,872.0,13.0,-1.0,7.5,808.0,12.0,0.0,2.0,2.0,-0.5996,-0.3514,0.0,0.0,1.0,0.5,4.5,4.5,0.0,0.0,0.0,0.0,0.0,0.0,0.0,0.0,0.0,0.0,0.0,,3.0,12.0,9.0,797.0,1.0,0.0,,,,54.0,31.0,,,,0.5,1.0,,42.5,23.0,,Female,Irit,Sinai,,,,0.33,0.33333,726.0,8.0,4.0,0.33333,656.0,9.0,3.0,-0.3333,-0.1585,0.33333,0.33333,1.0,0.5,1.0,0.66667,0.0,0.66667
13.0,Tzuki & Huti,TARIL4,7.0,7.0,819.0,11.0,2.0,7.0,734.0,8.0,5.0,1.0,1.0,-0.493,-0.2613,0.0,0.0,0.0,0.0,0.0,0.0,0.0,0.0,0.0,0.0,0.0,0.0,0.0,0.0,0.0,0.0,0.0,,7.0,7.0,0.0,798.0,0.0,0.0,,,,29.0,29.0,,,,0.0,0.0,,29.0,0.0,,Female,Tzuki,Huti,,,,0.0,0.0,1030.0,13.0,0.0,0.0,1022.0,13.0,0.0,-1.0,-1.0,0.0,0.0,0.0,0.0,1.0,0.0,0.0,0.0
14.0,Pnina & Hen,TARIL4,7.0,7.0,819.0,11.0,3.0,7.0,734.0,8.0,6.0,1.0,1.0,-0.493,-0.2613,0.0,0.0,0.0,0.0,0.0,0.0,0.0,0.0,0.0,0.0,0.0,0.0,0.0,0.0,0.0,0.0,0.0,,7.0,7.0,0.0,799.0,0.0,0.0,,,,59.0,21.0,,,,0.0,0.0,,40.0,38.0,,Female,Pnina,Hen,,,,0.0,0.0,1030.0,13.0,1.0,0.0,1022.0,13.0,1.0,-1.0,-1.0,0.0,0.0,0.0,0.0,1.0,0.0,0.0,0.0
1.0,Amit & Raz,TARIL5,3.0,3.0,155.0,1.0,0.0,2.0,26.0,1.0,0.0,13.0,13.0,0.3527,0.4585,5.0,0.3846,9.0,0.6923,2.38586,3.0,3.0,0.2308,0.0,0.0,0.0,0.0,0.0,0.0,0.0,0.0,0.0,1.0,1.0,8.0,7.0,800.0,1.0,3.0,,,,63.0,32.0,,,,2.0,2.0,,47.5,31.0,,Male,Amit,Raz,,,,0.75,0.75105,54.0,1.0,0.0,0.8,88.0,1.0,0.0,0.5021,0.9295,0.24196,0.4,11.0,0.8462,2.0,1.0,0.33333,0.66667
2.0,Lee & Tal,TARIL5,4.23,4.23077,429.0,5.0,-3.0,4.0,341.0,4.0,-2.0,13.0,13.0,0.0873,0.2365,2.0,0.1538,5.0,0.3846,2.25845,2.0,1.0,0.0769,1.0,0.0769,0.0,0.0,0.0,0.0,0.0,2.0,0.0,4.0,1.0,8.0,7.0,801.0,3.0,1.0,,,,26.0,27.0,,,,2.0,2.0,,26.5,1.0,,Female,Lee,Tal,,,,0.51,0.51032,408.0,6.0,-4.0,0.5,408.0,7.0,-5.0,0.0206,0.3111,0.24728,0.2,7.0,0.5385,6.0,1.0,0.125,0.875
3.0,Josie & Alex,TARIL5,3.54,3.53846,288.0,3.0,0.0,3.0,166.0,2.0,1.0,13.0,13.0,0.2362,0.361,2.0,0.1538,8.0,0.6154,1.69231,2.0,1.0,0.0769,3.0,0.2308,1.0,0.0769,0.0,2.0,0.0,2.0,0.0,3.0,1.0,6.0,5.0,802.0,3.0,1.0,,,,28.0,26.0,,,,2.0,2.0,,27.0,2.0,,Male,Josie,Alex,,,,0.53,0.52724,372.0,5.0,-2.0,0.6,309.0,5.0,-2.0,0.0545,0.3545,0.33336,0.52778,8.0,0.6154,5.0,1.0,0.0,1.0
4.0,Tzion & Aviv,TARIL5,3.83,3.83333,350.0,4.0,0.0,4.0,341.0,4.0,0.0,12.0,12.0,0.1736,0.3087,1.0,0.0833,5.0,0.4167,2.07498,2.25,3.0,0.25,1.0,0.0833,0.0,0.0,0.0,0.0,0.0,3.0,0.0,4.0,1.0,9.0,8.0,803.0,2.0,2.0,,,,25.0,25.0,,,,2.0,0.0,,25.0,0.0,,Male,Tzion,Aviv,,,,0.55,0.55241,330.0,4.0,0.0,0.68333,208.0,3.0,1.0,0.1048,0.4192,0.33369,0.55768,8.0,0.6667,4.0,1.0,0.0,1.0
5.0,Yael & Yosiel,TARIL5,4.82,4.81818,545.0,7.0,-2.0,5.0,504.0,6.0,-1.0,11.0,11.0,-0.04,0.13,1.0,0.0909,4.0,0.3636,2.75741,5.0,3.0,0.2727,1.0,0.0909,0.0,0.0,0.0,2.0,0.0,3.0,0.0,2.0,1.0,9.0,8.0,804.0,2.0,2.0,,,,27.0,23.0,,,,2.0,0.0,,25.0,4.0,,Co-Ed,Yael,Yosiel,,,,0.48,0.48374,459.0,8.0,-3.0,0.4,563.0,8.0,-3.0,-0.0325,0.2428,0.33197,0.60833,5.0,0.4545,6.0,1.0,0.0,1.0
6.0,Ben & Ori,TARIL5,6.2,6.2,749.0,9.0,-3.0,6.0,634.0,9.0,-3.0,10.0,10.0,-0.3378,-0.1191,0.0,0.0,2.0,0.2,2.35797,2.5,1.0,0.1,3.0,0.3,0.0,0.0,0.0,0.0,0.0,0.0,0.0,6.0,2.0,10.0,8.0,805.0,2.0,1.0,,,,25.0,22.0,,,,1.5,1.0,,23.5,3.0,,Male,Ben,Ori,,,,0.31,0.31084,768.0,10.0,-4.0,0.225,819.0,10.0,-4.0,-0.3783,-0.2014,0.24884,0.1858,2.0,0.2,8.0,0.85714,0.0,0.85714
7.0,Kim & Shon,TARIL5,4.75,4.75,532.0,6.0,1.0,5.0,504.0,6.0,1.0,8.0,8.0,-0.0249,0.1426,0.0,0.0,1.0,0.125,1.39194,1.25,1.0,0.125,0.0,0.0,0.0,0.0,0.0,0.0,0.0,0.0,0.0,5.0,2.0,7.0,5.0,806.0,1.0,2.0,,,,22.0,24.0,,,,1.5,1.0,,23.0,2.0,,Co-Ed,Kim,Shon,,,,0.5,0.49532,437.0,7.0,0.0,0.52778,400.0,6.0,1.0,-0.0094,0.2725,0.25325,0.24581,5.0,0.625,3.0,0.9,0.0,0.9
8.0,Adriano & Monada,TARIL5,3.14,3.14286,191.0,2.0,6.0,3.0,166.0,2.0,6.0,7.0,7.0,0.3225,0.4332,2.0,0.2857,5.0,0.7143,2.2315,2.0,1.0,0.1429,0.0,0.0,1.0,0.1429,0.0,0.0,0.0,0.0,0.0,1.0,1.0,8.0,7.0,807.0,2.0,1.0,,,,30.0,26.0,,,,1.5,1.0,,28.0,4.0,,Co-Ed,Adriano,Monada,,,,0.7,0.7013,104.0,2.0,6.0,0.75,132.0,2.0,6.0,0.4026,0.8017,0.32922,0.32955,6.0,0.8571,1.0,1.0,0.0,1.0
9.0,Naomi & Hen,TARIL5,6.83,6.83333,814.0,10.0,-1.0,7.0,734.0,10.0,-1.0,6.0,6.0,-0.4737,-0.2329,0.0,0.0,1.0,0.1667,2.40947,3.5,0.0,0.0,2.0,0.3333,0.0,0.0,0.0,0.0,0.0,1.0,0.0,,3.0,10.0,7.0,808.0,2.0,1.0,,,,30.0,25.0,,,,1.5,1.0,,27.5,5.0,,Female,Naomi,Hen,,,,0.33,0.32875,736.0,9.0,0.0,0.28472,760.0,9.0,0.0,-0.3425,-0.1554,0.26587,0.48213,2.0,0.3333,4.0,0.66667,0.0,0.66667
10.0,Gali & Daniel,TARIL5,5.25,5.25,616.0,8.0,2.0,5.0,504.0,6.0,4.0,4.0,4.0,-0.1328,0.0523,1.0,0.25,2.0,0.5,3.49106,5.25,0.0,0.0,0.0,0.0,0.0,0.0,0.0,0.0,0.0,2.0,0.0,,1.0,10.0,9.0,809.0,2.0,0.0,,,,24.0,24.0,,,,1.0,2.0,,24.0,0.0,,Co-Ed,Gali,Daniel,,,,0.56,0.56364,310.0,3.0,7.0,0.62727,282.0,4.0,6.0,0.1273,0.4481,0.37943,0.50909,2.0,0.5,2.0,1.0,0.0,1.0
11.0,Dor & Sapir,TARIL5,9.0,9.0,952.0,13.0,-2.0,11.0,997.0,14.0,-3.0,3.0,3.0,-0.9419,-0.6245,0.0,0.0,0.0,0.0,2.82843,3.0,0.0,0.0,1.0,0.3333,0.0,0.0,0.0,1.0,0.0,1.0,0.0,11.0,5.0,11.0,6.0,810.0,0.0,1.0,,,,24.0,24.0,,,,0.5,1.0,,24.0,0.0,,Co-Ed,Dor,Sapir,,,,0.14,0.14141,957.0,11.0,0.0,0.09091,989.0,11.0,0.0,-0.7172,-0.6367,0.14069,0.16667,0.0,0.0,3.0,0.33333,0.0,0.33333
12.0,Shira & Bar,TARIL5,9.0,9.0,952.0,13.0,-1.0,9.0,889.0,13.0,-1.0,2.0,2.0,-0.9419,-0.6245,0.0,0.0,0.0,0.0,3.0,3.0,0.0,0.0,1.0,0.5,0.0,0.0,0.0,0.0,0.0,0.0,0.0,,6.0,12.0,6.0,811.0,0.0,0.0,,,,22.0,22.0,,,,0.0,0.0,,22.0,0.0,,Female,Shira,Bar,,,,0.08,0.08333,999.0,12.0,0.0,0.08333,995.0,12.0,0.0,-0.8333,-0.7859,0.08333,0.08333,0.0,0.0,2.0,0.16667,0.0,0.16667
13.0,Yossi & Lee,TARIL5,7.0,7.0,819.0,11.0,2.0,7.0,734.0,10.0,3.0,1.0,1.0,-0.5104,-0.2635,0.0,0.0,0.0,0.0,0.0,0.0,0.0,0.0,0.0,0.0,0.0,0.0,0.0,0.0,0.0,0.0,0.0,,7.0,7.0,0.0,812.0,0.0,0.0,,,,23.0,21.0,,,,0.0,0.0,,22.0,2.0,,Co-Ed,Yossi,Lee,,,,0.0,0.0,1030.0,13.0,0.0,0.0,1022.0,13.0,0.0,-1.0,-1.0,0.0,0.0,0.0,0.0,1.0,0.0,0.0,0.0
14.0,Avi & Avi,TARIL5,7.0,7.0,819.0,11.0,3.0,7.0,734.0,10.0,4.0,1.0,1.0,-0.5104,-0.2635,0.0,0.0,0.0,0.0,0.0,0.0,0.0,0.0,0.0,0.0,0.0,0.0,0.0,0.0,0.0,0.0,0.0,,7.0,7.0,0.0,813.0,0.0,0.0,,,,29.0,29.0,,,,0.0,0.0,,29.0,0.0,,Male,Avi,Avi,,,,0.0,0.0,1030.0,13.0,1.0,0.0,1022.0,13.0,1.0,-1.0,-1.0,0.0,0.0,0.0,0.0,1.0,0.0,0.0,0.0
1.0,Evelin & Tohar,TARIL6,3.83,3.83333,350.0,4.0,-3.0,3.0,166.0,2.0,-1.0,12.0,12.0,0.1682,0.3552,3.0,0.25,7.0,0.5833,2.5766,3.5,1.0,0.0833,5.0,0.4167,0.0,0.0,0.0,0.0,0.0,0.0,0.0,3.0,1.0,9.0,8.0,814.0,3.0,3.0,,,,31.0,35.0,,,,3.0,0.0,,33.0,4.0,,Co-Ed,Evelin,Tohar,,,,0.54,0.54411,343.0,3.0,-2.0,0.46667,488.0,6.0,-5.0,0.0882,0.3166,0.33949,0.62614,6.0,0.5,6.0,1.0,0.11111,0.88889
2.0,Daniel & Eliyahu,TARIL6,3.17,3.16667,198.0,1.0,1.0,2.0,26.0,1.0,1.0,12.0,12.0,0.3116,0.4663,4.0,0.3333,8.0,0.6667,2.91071,3.0,4.0,0.3333,2.0,0.1667,0.0,0.0,0.0,0.0,0.0,5.0,0.0,1.0,1.0,11.0,10.0,815.0,4.0,2.0,,,,23.0,26.0,,,,3.0,2.0,,24.5,3.0,,Male,Daniel,Eliyahu,,,,0.68,0.68406,127.0,1.0,1.0,0.775,120.0,1.0,1.0,0.3681,0.6552,0.3091,0.5,10.0,0.8333,2.0,1.0,0.09091,0.90909
3.0,Helen & Regev,TARIL6,3.33,3.33333,246.0,2.0,1.0,3.0,166.0,2.0,1.0,12.0,12.0,0.2768,0.4394,2.0,0.1667,7.0,0.5833,1.84089,2.25,3.0,0.25,1.0,0.0833,0.0,0.0,0.0,2.0,0.0,3.0,0.0,2.0,1.0,7.0,6.0,816.0,3.0,3.0,,,,29.0,37.0,,,,3.0,0.0,,33.0,8.0,,Co-Ed,Helen,Regev,,,,0.53,0.53052,365.0,4.0,-1.0,0.5,408.0,4.0,-1.0,0.061,0.2837,0.34724,0.60169,6.0,0.5,6.0,1.0,0.0,1.0
4.0,Neta & Omer,TARIL6,4.18,4.18182,416.0,5.0,-1.0,4.0,341.0,5.0,-1.0,11.0,11.0,0.0922,0.2963,2.0,0.1818,5.0,0.4545,2.44273,2.5,0.0,0.0,0.0,0.0,1.0,0.0909,0.0,0.0,0.0,0.0,0.0,3.0,1.0,10.0,9.0,817.0,3.0,3.0,,,,18.5,25.0,,,,3.0,0.0,,21.75,6.5,,Co-Ed,Neta,Omer,,,,0.51,0.51126,405.0,5.0,-1.0,0.5,408.0,4.0,0.0,0.0225,0.2371,0.341,0.47457,6.0,0.5455,5.0,1.0,0.0,1.0
5.0,Ann & Yarden,TARIL6,4.7,4.7,521.0,6.0,-1.0,5.0,504.0,6.0,-1.0,10.0,10.0,-0.0207,0.2088,0.0,0.0,2.0,0.2,1.73494,1.0,1.0,0.1,1.0,0.1,0.0,0.0,0.0,0.0,0.0,1.0,0.0,5.0,2.0,9.0,7.0,818.0,3.0,3.0,,,,23.0,23.0,,,,3.0,0.0,,23.0,0.0,,Female,Ann,Yarden,,,,0.43,0.43447,557.0,7.0,-2.0,0.46429,489.0,7.0,-2.0,-0.1311,0.0513,0.23833,0.29167,5.0,0.5,5.0,0.83333,0.0,0.83333
6.0,Adi & Meitar,TARIL6,3.5,3.5,279.0,3.0,3.0,3.0,166.0,2.0,4.0,8.0,8.0,0.2399,0.4108,1.0,0.125,5.0,0.625,1.93649,2.5,2.0,0.25,0.0,0.0,0.0,0.0,0.0,0.0,0.0,0.0,0.0,2.0,1.0,7.0,6.0,819.0,3.0,3.0,,,,24.0,23.0,,,,3.0,0.0,,23.5,1.0,,Co-Ed,Adi,Meitar,,,,0.63,0.63437,196.0,2.0,4.0,0.72222,169.0,2.0,4.0,0.2687,0.535,0.327,0.4112,6.0,0.75,2.0,1.0,0.0,1.0
7.0,Mor & Mor,TARIL6,5.83,5.83333,705.0,7.0,0.0,6.5,714.0,8.0,-1.0,6.0,6.0,-0.2661,0.0185,0.0,0.0,1.0,0.1667,1.95078,1.75,1.0,0.1667,1.0,0.1667,0.0,0.0,0.0,0.0,0.0,0.0,0.0,7.0,2.0,8.0,6.0,820.0,3.0,1.0,,,,32.0,21.0,,,,2.0,2.0,,26.5,11.0,,Female,Mor,Mor,,,,0.41,0.41016,603.0,8.0,-1.0,0.43939,522.0,8.0,-1.0,-0.1797,-0.0075,0.29143,0.40928,3.0,0.5,3.0,0.85714,0.0,0.85714
8.0,Yossi & Udi,TARIL6,7.2,7.2,848.0,9.0,-1.0,8.0,826.0,10.0,-2.0,5.0,5.0,-0.5636,-0.2121,0.0,0.0,0.0,0.0,2.03961,2.0,0.0,0.0,1.0,0.2,0.0,0.0,0.0,0.0,0.0,0.0,0.0,8.0,4.0,10.0,6.0,821.0,2.0,1.0,,,,40.0,40.0,,,,1.5,1.0,,40.0,0.0,,Male,Yossi,Udi,,,,0.3,0.30106,783.0,9.0,-1.0,0.36364,626.0,9.0,-1.0,-0.3979,-0.2715,0.23414,0.275,1.0,0.2,4.0,0.66667,0.0,0.66667
9.0,Hany & Avivit,TARIL6,7.5,7.5,872.0,10.0,-1.0,7.5,808.0,9.0,0.0,4.0,4.0,-0.6288,-0.2626,0.0,0.0,0.0,0.0,1.11803,1.5,0.0,0.0,0.0,0.0,0.0,0.0,0.0,0.0,0.0,0.0,0.0,,6.0,9.0,3.0,822.0,1.0,1.0,,,,29.0,31.0,,,,1.0,0.0,,30.0,2.0,,Female,Hany,Avivit,,,,0.29,0.29419,798.0,10.0,-1.0,0.33838,654.0,10.0,-1.0,-0.4116,-0.2882,0.19987,0.29924,1.0,0.25,3.0,0.5,0.0,0.5
10.0,Yonatan & Nimrod,TARIL6,6.0,6.0,715.0,8.0,2.0,5.0,504.0,6.0,4.0,3.0,3.0,-0.303,-0.0101,0.0,0.0,1.0,0.3333,2.94392,3.5,0.0,0.0,0.0,0.0,0.0,0.0,0.0,0.0,0.0,0.0,0.0,,3.0,10.0,7.0,823.0,1.0,0.0,,,,23.0,23.0,,,,0.5,1.0,,23.0,0.0,,Male,Yonatan,Nimrod,,,,0.48,0.47879,469.0,6.0,4.0,0.63636,275.0,3.0,7.0,-0.0424,0.1585,0.34508,0.4,2.0,0.6667,1.0,0.8,0.0,0.8
11.0,Jessica & Assaf,TARIL6,10.0,10.0,1002.0,11.0,0.0,10.0,954.0,11.0,0.0,2.0,2.0,-1.1717,-0.6835,0.0,0.0,0.0,0.0,1.0,1.0,0.0,0.0,0.0,0.0,0.0,0.0,0.0,0.0,0.0,0.0,0.0,,9.0,11.0,2.0,824.0,0.0,0.0,,,,25.0,26.0,,,,0.0,0.0,,25.5,1.0,,Co-Ed,Jessica,Assaf,,,,0.14,0.13636,960.0,11.0,0.0,0.13636,923.0,11.0,0.0,-0.7273,-0.6701,0.13636,0.13636,0.0,0.0,2.0,0.27273,0.0,0.27273
12.0,Noa & Ma'ayan,TARIL6,12.0,12.0,1096.0,12.0,0.0,12.0,1048.0,12.0,0.0,1.0,1.0,-1.6061,-1.0202,0.0,0.0,0.0,0.0,0.0,0.0,0.0,0.0,0.0,0.0,0.0,0.0,0.0,0.0,0.0,0.0,0.0,,12.0,12.0,0.0,825.0,0.0,0.0,,,,28.0,25.0,,,,0.0,0.0,,26.5,3.0,,Female,Noa,Ma'ayan,,,,0.0,0.0,1030.0,12.0,0.0,0.0,1022.0,12.0,0.0,-1.0,-1.0,0.0,0.0,0.0,0.0,1.0,0.0,0.0,0.0
1.0,Tia & Fay,TARIL7,3.67,3.66667,311.0,3.0,-2.0,3.0,166.0,2.0,-1.0,12.0,12.0,0.2645,0.3853,4.0,0.3333,6.0,0.5,2.52763,5.0,2.0,0.1667,0.0,0.0,1.0,0.0833,0.0,1.0,0.0,3.0,0.0,1.0,1.0,8.0,7.0,826.0,3.0,3.0,,,,23.0,23.0,,,,3.0,0.0,,23.0,0.0,,Female,Tia,Fay,,,,0.65,0.65455,164.0,2.0,-1.0,0.60606,308.0,4.0,-3.0,0.3091,0.5099,0.31601,0.525,9.0,0.75,3.0,1.0,0.0,1.0
2.0,Ariel & Karin,TARIL7,3.92,3.91667,367.0,5.0,-3.0,4.0,341.0,5.0,-3.0,12.0,12.0,0.2143,0.3434,1.0,0.0833,4.0,0.3333,1.65622,2.25,2.0,0.1667,0.0,0.0,0.0,0.0,0.0,0.0,0.0,1.0,0.0,4.0,1.0,7.0,6.0,827.0,4.0,2.0,,,,23.0,22.0,,,,3.0,2.0,,22.5,1.0,,Co-Ed,Ariel,Karin,,,,0.6,0.59517,263.0,5.0,-3.0,0.6,309.0,5.0,-3.0,0.1903,0.3729,0.18466,0.09037,10.0,0.8333,2.0,1.0,0.16667,0.83333
3.0,Haviv & Itzhak,TARIL7,2.42,2.41667,66.0,1.0,2.0,2.5,128.0,1.0,2.0,12.0,12.0,0.515,0.5946,4.0,0.3333,10.0,0.8333,1.25554,2.0,2.0,0.1667,1.0,0.0833,0.0,0.0,0.0,0.0,0.0,1.0,0.0,1.0,1.0,5.0,4.0,828.0,3.0,3.0,,,,30.0,30.0,,,,3.0,0.0,,30.0,0.0,,Male,Haviv,Itzhak,,,,0.7,0.70108,105.0,1.0,2.0,0.79221,102.0,2.0,1.0,0.4022,0.6173,0.31154,0.51786,9.0,0.75,3.0,1.0,0.0,1.0
4.0,Eyal & Sid,TARIL7,3.36,3.36364,252.0,2.0,2.0,3.0,166.0,2.0,2.0,11.0,11.0,0.3266,0.4372,2.0,0.1818,6.0,0.5455,2.01236,2.0,3.0,0.2727,3.0,0.2727,0.0,0.0,0.0,0.0,0.0,3.0,0.0,4.0,1.0,7.0,6.0,829.0,3.0,3.0,,,,24.0,23.0,,,,3.0,0.0,,23.5,1.0,,Male,Eyal,Sid,,,,0.6,0.59537,261.0,4.0,0.0,0.77778,108.0,3.0,1.0,0.1907,0.3734,0.36157,0.65774,7.0,0.6364,4.0,1.0,0.0,1.0
5.0,Nissim & Orel,TARIL7,6.4,6.4,766.0,7.0,-2.0,6.0,634.0,6.0,-1.0,10.0,10.0,-0.2827,-0.072,0.0,0.0,0.0,0.0,2.15407,1.75,0.0,0.0,2.0,0.2,1.0,0.1,0.0,0.0,0.0,0.0,0.0,6.0,4.0,12.0,8.0,830.0,3.0,3.0,,,,26.0,29.0,,,,3.0,0.0,,27.5,3.0,,Co-Ed,Nissim,Orel,,,,0.29,0.29292,800.0,10.0,-5.0,0.34286,650.0,6.0,-1.0,-0.4142,-0.3243,0.19183,0.29673,2.0,0.2,8.0,0.54545,0.0,0.54545
6.0,Tali & Gili,TARIL7,5.56,5.55556,667.0,6.0,0.0,6.0,634.0,6.0,0.0,9.0,9.0,-0.1143,0.0687,0.0,0.0,3.0,0.3333,2.45452,4.0,1.0,0.1111,1.0,0.1111,0.0,0.0,0.0,0.0,0.0,1.0,0.0,3.0,2.0,10.0,8.0,831.0,3.0,3.0,,,,58.0,54.0,,,,3.0,0.0,,56.0,4.0,,Female,Tali,Gili,,,,0.43,0.43429,559.0,6.0,0.0,0.33333,656.0,7.0,-1.0,-0.1314,0.0018,0.27644,0.42857,3.0,0.3333,6.0,0.88889,0.0,0.88889
7.0,Aviad & Eden,TARIL7,3.75,3.75,328.0,4.0,3.0,3.0,166.0,2.0,5.0,8.0,8.0,0.2484,0.3719,1.0,0.125,5.0,0.625,1.92029,2.5,1.0,0.125,0.0,0.0,0.0,0.0,0.0,0.0,0.0,2.0,0.0,3.0,1.0,7.0,6.0,832.0,3.0,1.0,,,,38.0,24.0,,,,2.0,2.0,,31.0,14.0,,Co-Ed,Aviad,Eden,,,,0.65,0.65301,167.0,3.0,4.0,0.80909,86.0,1.0,6.0,0.306,0.5064,0.30648,0.31751,6.0,0.75,2.0,1.0,0.0,1.0
8.0,Michal & Omer,TARIL7,7.71,7.71429,890.0,9.0,-1.0,8.0,826.0,8.0,0.0,7.0,7.0,-0.5453,-0.2915,0.0,0.0,1.0,0.1429,2.11891,1.5,0.0,0.0,1.0,0.1429,0.0,0.0,0.0,0.0,0.0,0.0,0.0,8.0,3.0,10.0,7.0,833.0,2.0,1.0,,,,19.0,21.0,,,,1.5,1.0,,20.0,2.0,,Female,Michal,Omer,,,,0.26,0.26012,844.0,11.0,-3.0,0.2,847.0,11.0,-3.0,-0.4798,-0.4,0.2127,0.16035,1.0,0.1429,6.0,0.71429,0.0,0.71429
9.0,Ran & Ben,TARIL7,7.8,7.8,894.0,10.0,-1.0,9.0,889.0,10.0,-1.0,5.0,5.0,-0.5633,-0.3065,0.0,0.0,0.0,0.0,1.93907,1.0,0.0,0.0,0.0,0.0,0.0,0.0,0.0,0.0,0.0,1.0,0.0,9.0,4.0,9.0,5.0,834.0,1.0,1.0,,,,25.0,24.0,,,,1.0,0.0,,24.5,1.0,,Male,Ran,Ben,,,,0.29,0.29354,799.0,9.0,0.0,0.27273,766.0,9.0,0.0,-0.4129,-0.3229,0.22686,0.05051,1.0,0.2,4.0,0.7,0.0,0.7
10.0,Yehudit & Zohar,TARIL7,7.5,7.5,872.0,8.0,2.0,9.0,889.0,10.0,0.0,4.0,4.0,-0.5032,-0.2563,0.0,0.0,1.0,0.25,3.27872,3.5,1.0,0.25,1.0,0.25,0.0,0.0,0.0,0.0,0.0,0.0,0.0,10.0,2.0,10.0,8.0,835.0,1.0,0.0,,,,51.0,24.0,,,,0.5,1.0,,37.5,27.0,,Female,Yehudit,Zohar,,,,0.34,0.34318,710.0,7.0,3.0,0.23182,813.0,10.0,0.0,-0.3136,-0.2084,0.3527,0.425,1.0,0.25,3.0,0.90909,0.0,0.90909
11.0,Kamle & Bahira,TARIL7,11.0,11.0,1043.0,12.0,-1.0,11.0,997.0,12.0,-1.0,3.0,3.0,-1.2046,-0.8425,0.0,0.0,0.0,0.0,0.0,0.0,0.0,0.0,2.0,0.6667,0.0,0.0,0.0,0.0,0.0,0.0,0.0,11.0,11.0,11.0,0.0,836.0,0.0,0.0,,,,23.0,24.0,,,,0.0,0.0,,23.5,1.0,,Female,Kamle,Bahira,,,,0.06,0.06061,1005.0,12.0,-1.0,0.09091,989.0,12.0,-1.0,-0.8788,-0.8602,0.04285,0.04545,0.0,0.0,3.0,0.09091,0.0,0.09091
12.0,Noy & Hadar,TARIL7,8.5,8.5,931.0,11.0,1.0,8.5,875.0,9.0,3.0,2.0,2.0,-0.7036,-0.4238,0.0,0.0,0.0,0.0,3.5,3.5,0.0,0.0,0.0,0.0,0.0,0.0,0.0,0.0,0.0,0.0,0.0,,5.0,12.0,7.0,837.0,0.0,0.0,,,,20.0,20.0,,,,0.0,0.0,,20.0,0.0,,Female,Noy,Hadar,,,,0.32,0.31818,753.0,8.0,4.0,0.31818,701.0,8.0,4.0,-0.3636,-0.266,0.31818,0.31818,1.0,0.5,1.0,0.63636,0.0,0.63636
1.0,Yael & Yosiel,TARIL8,2.25,2.25,44.0,1.0,0.0,2.0,26.0,1.0,0.0,12.0,12.0,0.5182,0.6318,5.0,0.4167,9.0,0.75,1.23322,2.25,2.0,0.1667,1.0,0.0833,0.0,0.0,0.0,0.0,0.0,3.0,0.0,1.0,1.0,4.0,3.0,838.0,0.0,1.0,,,,29.0,25.0,,,,0.5,1.0,,27.0,4.0,,Co-Ed,Yael,Yosiel,,,,0.8,0.80393,25.0,1.0,0.0,0.85455,62.0,1.0,0.0,0.6079,1.0276,0.223,0.30833,11.0,0.9167,1.0,1.0,0.25,0.75
2.0,Nata & Assaf,TARIL8,2.58,2.58333,88.0,2.0,0.0,2.5,128.0,2.0,0.0,12.0,12.0,0.4476,0.5777,4.0,0.3333,10.0,0.8333,1.55233,2.0,2.0,0.1667,0.0,0.0,0.0,0.0,0.0,0.0,0.0,5.0,0.0,3.0,1.0,6.0,5.0,839.0,0.0,1.0,,,,23.0,23.0,,,,0.5,1.0,,23.0,0.0,,Male,Nata,Assaf,,,,0.72,0.72347,81.0,2.0,0.0,0.78889,104.0,2.0,0.0,0.4469,0.8246,0.25341,0.5,10.0,0.8333,2.0,1.0,0.28571,0.71429
3.0,Neta & Omer,TARIL8,4.08,4.08333,393.0,4.0,-1.0,3.0,166.0,3.0,0.0,12.0,12.0,0.1264,0.3322,0.0,0.0,7.0,0.5833,2.39647,3.25,5.0,0.4167,2.0,0.1667,0.0,0.0,0.0,0.0,0.0,0.0,0.0,2.0,2.0,9.0,7.0,840.0,0.0,1.0,,,,20.0,26.0,,,,0.5,1.0,,23.0,6.0,,Co-Ed,Neta,Omer,,,,0.49,0.49313,439.0,4.0,-1.0,0.38095,603.0,6.0,-3.0,-0.0137,0.2437,0.29409,0.48837,5.0,0.4167,7.0,0.88889,0.0,0.88889
4.0,Ben & Ori,TARIL8,5.27,5.27273,626.0,7.0,-3.0,5.0,504.0,5.0,-1.0,11.0,11.0,-0.1284,0.1375,0.0,0.0,1.0,0.0909,2.09288,1.0,0.0,0.0,1.0,0.0909,1.0,0.0909,0.0,0.0,0.0,0.0,0.0,5.0,3.0,10.0,7.0,841.0,1.0,0.0,,,,27.0,24.0,,,,0.5,1.0,,25.5,3.0,,Male,Ben,Ori,,,,0.34,0.33911,712.0,7.0,-3.0,0.4,563.0,5.0,-1.0,-0.3218,-0.1447,0.22015,0.30909,4.0,0.3636,7.0,0.71429,0.0,0.71429
5.0,Shay & Shani,TARIL8,4.0,4.0,375.0,3.0,2.0,3.5,315.0,4.0,1.0,10.0,10.0,0.1436,0.3453,1.0,0.1,5.0,0.5,2.14476,2.75,2.0,0.2,0.0,0.0,1.0,0.1,0.0,0.0,0.0,0.0,0.0,5.0,1.0,8.0,7.0,842.0,1.0,0.0,,,,32.0,31.0,,,,0.5,1.0,,31.5,1.0,,Co-Ed,Shay,Shani,,,,0.54,0.54102,348.0,3.0,2.0,0.61818,298.0,3.0,2.0,0.082,0.3645,0.33758,0.49702,7.0,0.7,3.0,1.0,0.0,1.0
6.0,Ash & Alis,TARIL8,4.88,4.875,554.0,6.0,0.0,6.0,634.0,7.0,-1.0,8.0,8.0,-0.0449,0.2013,1.0,0.125,2.0,0.25,2.14695,2.75,1.0,0.125,2.0,0.25,0.0,0.0,0.0,0.0,0.0,1.0,0.0,6.0,1.0,7.0,6.0,843.0,1.0,0.0,,,,27.0,24.0,,,,0.5,1.0,,25.5,3.0,,Co-Ed,Ash,Alis,,,,0.45,0.45028,518.0,6.0,0.0,0.35417,631.0,7.0,-1.0,-0.0994,0.1356,0.34306,0.59903,3.0,0.375,5.0,1.0,0.0,1.0
7.0,Lian & Eviatar,TARIL8,4.86,4.85714,553.0,5.0,2.0,5.0,504.0,5.0,2.0,7.0,7.0,-0.0406,0.2046,1.0,0.1429,1.0,0.1429,1.95876,2.5,0.0,0.0,1.0,0.1429,0.0,0.0,0.0,0.0,0.0,0.0,0.0,4.0,1.0,7.0,6.0,844.0,0.0,1.0,,,,32.0,30.0,,,,0.5,1.0,,31.0,2.0,,Co-Ed,Lian,Eviatar,,,,0.48,0.48339,460.0,5.0,2.0,0.57143,352.0,4.0,3.0,-0.0332,0.2191,0.30693,0.31885,4.0,0.5714,3.0,1.0,0.0,1.0
8.0,Gili & Tali,TARIL8,6.83,6.83333,814.0,8.0,0.0,8.0,826.0,8.0,0.0,6.0,6.0,-0.4624,-0.1178,0.0,0.0,1.0,0.1667,1.86339,1.5,0.0,0.0,1.0,0.1667,0.0,0.0,0.0,0.0,0.0,0.0,0.0,8.0,3.0,8.0,5.0,845.0,0.0,0.0,,,,29.0,45.0,,,,0.0,0.0,,37.0,16.0,,Co-Ed,Gili,Tali,,,,0.32,0.32086,748.0,8.0,0.0,0.29293,729.0,8.0,0.0,-0.3583,-0.1908,0.23796,0.3166,2.0,0.3333,4.0,0.71429,0.0,0.71429
9.0,Ann & Yarden,TARIL8,8.75,8.75,950.0,10.0,-1.0,9.0,889.0,10.0,-1.0,4.0,4.0,-0.8735,-0.4321,0.0,0.0,0.0,0.0,1.08972,0.75,0.0,0.0,2.0,0.5,0.0,0.0,0.0,0.0,0.0,0.0,0.0,9.0,7.0,10.0,3.0,846.0,0.0,0.0,,,,24.0,24.0,,,,0.0,0.0,,24.0,0.0,,Female,Ann,Yarden,,,,0.17,0.16641,937.0,10.0,-1.0,0.10556,965.0,10.0,-1.0,-0.6672,-0.5803,0.17189,0.12197,0.0,0.0,4.0,0.45455,0.0,0.45455
10.0,Vova & Alla,TARIL8,9.33,9.33333,986.0,11.0,-1.0,10.0,954.0,11.0,-1.0,3.0,3.0,-0.9977,-0.527,0.0,0.0,0.0,0.0,1.69967,2.0,0.0,0.0,1.0,0.3333,0.0,0.0,0.0,1.0,0.0,1.0,0.0,,7.0,11.0,4.0,847.0,0.0,0.0,,,,31.0,29.0,,,,0.0,0.0,,30.0,2.0,,Co-Ed,Vova,Alla,,,,0.16,0.16364,940.0,11.0,-1.0,0.09091,989.0,11.0,-1.0,-0.6727,-0.5873,0.17121,0.2,0.0,0.0,3.0,0.4,0.0,0.4
11.0,Shiri & Noga,TARIL8,8.5,8.5,931.0,9.0,2.0,8.5,875.0,9.0,2.0,2.0,2.0,-0.82,-0.3912,0.0,0.0,0.0,0.0,2.5,2.5,0.0,0.0,0.0,0.0,0.0,0.0,0.0,0.0,0.0,0.0,0.0,,6.0,11.0,5.0,848.0,0.0,0.0,,,,20.0,20.0,,,,0.0,0.0,,20.0,0.0,,Female,Shiri,Noga,,,,0.27,0.27273,830.0,9.0,2.0,0.27273,766.0,9.0,2.0,-0.4545,-0.3122,0.27273,0.27273,1.0,0.5,1.0,0.54545,0.0,0.54545
12.0,Michal & Ruthi,TARIL8,12.0,12.0,1096.0,12.0,0.0,12.0,1048.0,12.0,0.0,1.0,1.0,-1.5693,-0.964,0.0,0.0,0.0,0.0,0.0,0.0,0.0,0.0,0.0,0.0,0.0,0.0,0.0,0.0,0.0,0.0,0.0,,12.0,12.0,0.0,849.0,0.0,0.0,,,,53.0,57.0,,,,0.0,0.0,,55.0,4.0,,Female,Michal,Ruthi,,,,0.0,0.0,1030.0,12.0,0.0,0.0,1022.0,12.0,0.0,-1.0,-1.0,0.0,0.0,0.0,0.0,1.0,0.0,0.0,0.0
1.0,Lee & Anne,TARIL9,2.83,2.83333,126.0,1.0,0.0,2.5,128.0,1.0,0.0,12.0,12.0,0.4364,0.5543,5.0,0.4167,9.0,0.75,2.11476,2.25,1.0,0.0833,0.0,0.0,0.0,0.0,0.0,0.0,0.0,1.0,0.0,1.0,1.0,7.0,6.0,850.0,1.0,3.0,,,,22.0,23.0,,,,2.0,2.0,,22.5,1.0,,Female,Lee,Anne,,,,0.77,0.7666,42.0,1.0,0.0,0.8,88.0,1.0,0.0,0.5332,0.8224,0.24526,0.44643,11.0,0.9167,1.0,1.0,0.25,0.75
2.0,Inbar & Avishai,TARIL9,4.58,4.58333,496.0,2.0,0.0,3.5,315.0,2.0,0.0,12.0,12.0,0.0879,0.2787,1.0,0.0833,6.0,0.5,2.46503,4.0,1.0,0.0833,2.0,0.1667,0.0,0.0,0.0,0.0,0.0,0.0,0.0,3.0,1.0,9.0,8.0,851.0,3.0,1.0,,,,26.0,44.0,,,,2.0,2.0,,35.0,18.0,,Co-Ed,Inbar,Avishai,,,,0.51,0.50755,412.0,2.0,0.0,0.55,384.0,2.0,0.0,0.0151,0.2066,0.21688,0.27292,7.0,0.5833,5.0,1.0,0.14286,0.85714
3.0,Lior & Sapir,TARIL9,4.08,4.08333,393.0,4.0,-1.0,2.5,128.0,3.0,0.0,12.0,12.0,0.1875,0.3575,0.0,0.0,7.0,0.5833,2.49861,4.0,6.0,0.5,0.0,0.0,1.0,0.0833,0.0,2.0,0.0,0.0,0.0,2.0,2.0,9.0,7.0,852.0,2.0,2.0,,,,30.0,28.0,,,,2.0,0.0,,29.0,2.0,,Co-Ed,Lior,Sapir,,,,0.52,0.51638,393.0,4.0,-1.0,0.51515,406.0,6.0,-3.0,0.0328,0.2276,0.32262,0.49732,6.0,0.5,6.0,0.9,0.0,0.9
4.0,Itzik & Esti,TARIL9,3.82,3.81818,345.0,7.0,-3.0,4.0,341.0,5.0,-1.0,11.0,11.0,0.2392,0.3984,0.0,0.0,4.0,0.3636,1.46587,2.0,3.0,0.2727,1.0,0.0909,0.0,0.0,0.0,0.0,0.0,0.0,0.0,4.0,2.0,7.0,5.0,853.0,3.0,1.0,,,,33.0,31.0,,,,2.0,2.0,,32.0,2.0,,Co-Ed,Itzik,Esti,,,,0.55,0.54537,341.0,7.0,-3.0,0.55556,370.0,5.0,-1.0,0.0907,0.2965,0.27242,0.39167,6.0,0.5455,5.0,0.91667,0.0,0.91667
5.0,Sahar & Yiftach,TARIL9,4.2,4.2,418.0,3.0,2.0,5.0,504.0,4.0,1.0,10.0,10.0,0.1636,0.3386,2.0,0.2,2.0,0.2,1.72047,1.0,0.0,0.0,2.0,0.2,0.0,0.0,0.0,0.0,0.0,2.0,0.0,5.0,1.0,6.0,5.0,854.0,2.0,2.0,,,,29.0,31.0,,,,2.0,0.0,,30.0,2.0,,Male,Sahar,Yiftach,,,,0.49,0.49157,444.0,3.0,2.0,0.46429,489.0,3.0,2.0,-0.0169,0.1686,0.31303,0.39261,5.0,0.5,5.0,1.0,0.0,1.0
6.0,Udi & Matan,TARIL9,5.56,5.55556,667.0,6.0,0.0,6.0,634.0,7.0,-1.0,9.0,9.0,-0.1073,0.1244,2.0,0.2222,3.0,0.3333,3.16618,5.0,0.0,0.0,3.0,0.3333,0.0,0.0,0.0,1.0,0.0,1.0,0.0,6.0,1.0,11.0,10.0,855.0,2.0,2.0,,,,28.0,28.0,,,,2.0,0.0,,28.0,0.0,,Male,Udi,Matan,,,,0.44,0.44004,545.0,6.0,0.0,0.3,708.0,7.0,-1.0,-0.1199,0.0461,0.37873,0.70833,3.0,0.3333,6.0,1.0,0.0,1.0
7.0,Modi & Miki,TARIL9,5.14,5.14286,598.0,5.0,2.0,5.0,504.0,5.0,2.0,7.0,7.0,-0.0236,0.1906,0.0,0.0,1.0,0.1429,1.6413,2.0,0.0,0.0,0.0,0.0,0.0,0.0,0.0,0.0,0.0,0.0,0.0,5.0,3.0,8.0,5.0,856.0,1.0,2.0,,,,46.0,43.0,,,,1.5,1.0,,44.5,3.0,,Male,Modi,Miki,,,,0.5,0.50435,418.0,5.0,2.0,0.66667,216.0,4.0,3.0,0.0087,0.199,0.26522,0.34603,5.0,0.7143,2.0,0.72727,0.0,0.72727
8.0,Hasi & Yarin,TARIL9,7.67,7.66667,885.0,8.0,0.0,8.5,875.0,8.0,0.0,6.0,6.0,-0.5275,-0.2079,1.0,0.1667,1.0,0.1667,3.24893,2.5,0.0,0.0,2.0,0.3333,0.0,0.0,0.0,0.0,0.0,0.0,0.0,,1.0,11.0,10.0,857.0,1.0,2.0,,,,52.0,24.0,,,,1.5,1.0,,38.0,28.0,,Female,Hasi,Yarin,,,,0.31,0.30539,776.0,8.0,0.0,0.13889,922.0,8.0,0.0,-0.3892,-0.274,0.34087,0.2798,1.0,0.1667,5.0,1.0,0.0,1.0
9.0,Idan & Guy,TARIL9,6.6,6.6,789.0,10.0,-1.0,9.0,889.0,10.0,-1.0,5.0,5.0,-0.3144,-0.0394,1.0,0.2,2.0,0.4,4.31741,7.0,1.0,0.2,1.0,0.2,0.0,0.0,0.0,0.0,0.0,0.0,0.0,9.0,1.0,12.0,11.0,858.0,1.0,2.0,,,,26.0,58.0,,,,1.5,1.0,,42.0,32.0,,Male,Idan,Guy,,,,0.44,0.43848,549.0,10.0,-1.0,0.2,847.0,10.0,-1.0,-0.123,0.0424,0.42709,0.82576,2.0,0.4,3.0,1.0,0.0,1.0
10.0,Amit & Rotem,TARIL9,5.75,5.75,688.0,11.0,-1.0,5.0,504.0,11.0,-1.0,4.0,4.0,-0.1451,0.0945,0.0,0.0,1.0,0.25,2.68095,3.25,0.0,0.0,0.0,0.0,0.0,0.0,0.0,0.0,0.0,0.0,0.0,,3.0,10.0,7.0,859.0,1.0,1.0,,,,30.0,29.0,,,,1.0,0.0,,29.5,1.0,,Female,Amit,Rotem,,,,0.52,0.51705,390.0,11.0,-1.0,0.625,283.0,11.0,-1.0,0.0341,0.2292,0.32116,0.39205,3.0,0.75,1.0,0.81818,0.0,0.81818
11.0,Racheli & Miri,TARIL9,10.33,10.33333,1035.0,9.0,2.0,10.0,954.0,9.0,2.0,3.0,3.0,-1.0572,-0.6268,0.0,0.0,0.0,0.0,0.4714,0.5,0.0,0.0,0.0,0.0,0.0,0.0,0.0,0.0,0.0,2.0,0.0,,10.0,11.0,1.0,860.0,1.0,1.0,,,,39.0,42.0,,,,1.0,0.0,,40.5,3.0,,Female,Racheli,Miri,,,,0.14,0.14394,955.0,9.0,2.0,0.18182,881.0,9.0,2.0,-0.7121,-0.6578,0.10552,0.125,0.0,0.0,3.0,0.25,0.0,0.25
12.0,Shahar & Ronit,TARIL9,9.0,9.0,952.0,9.0,3.0,9.0,889.0,9.0,3.0,2.0,2.0,-0.7924,-0.4173,0.0,0.0,0.0,0.0,3.0,3.0,0.0,0.0,0.0,0.0,0.0,0.0,0.0,0.0,0.0,0.0,0.0,,6.0,12.0,6.0,861.0,1.0,0.0,,,,27.0,56.0,,,,0.5,1.0,,41.5,29.0,,Co-Ed,Shahar,Ronit,,,,0.29,0.29167,803.0,9.0,3.0,0.29167,734.0,9.0,3.0,-0.4167,-0.3066,0.29167,0.29167,1.0,0.5,1.0,0.58333,0.0,0.58333
13.0,Michal & Elrom,TARIL9,13.0,13.0,1107.0,12.0,1.0,13.0,1061.0,12.0,1.0,1.0,1.0,-1.589,-1.0472,0.0,0.0,0.0,0.0,0.0,0.0,0.0,0.0,0.0,0.0,0.0,0.0,0.0,1.0,0.0,0.0,0.0,,13.0,13.0,0.0,862.0,0.0,0.0,,,,29.0,25.0,,,,0.0,0.0,,27.0,4.0,,Male,Michal,Elrom,,,,0.0,0.0,1030.0,12.0,1.0,0.0,1022.0,12.0,1.0,-1.0,-1.0,0.0,0.0,0.0,0.0,1.0,0.0,0.0,0.0
1.0,Tamara & Matías,TARLA1,2.23,2.23077,41.0,1.0,0.0,2.0,26.0,1.0,0.0,13.0,12.0,0.4981,0.6046,4.0,0.3077,11.0,0.8462,1.04909,2.0,4.0,0.3077,2.0,0.1538,2.0,0.1538,1.0,0.0,0.0,0.0,0.0,1.0,1.0,4.0,3.0,863.0,5.0,6.0,,,,29.0,35.0,,,,5.5,1.0,,32.0,6.0,,Co-Ed,Tamara,Matías,,,,0.67,0.667,146.0,1.0,0.0,0.85714,50.0,1.0,0.0,0.324,0.6267,0.36846,0.66667,9.0,0.6923,4.0,1.0,0.0,1.0
2.0,Daniel & David,TARLA1,3.23,3.23077,223.0,2.0,0.0,3.0,166.0,3.0,-1.0,13.0,12.0,0.273,0.4273,2.0,0.1538,10.0,0.7692,2.32557,1.0,4.0,0.3077,2.0,0.1538,0.0,0.0,0.0,0.0,0.0,0.0,1.0,2.0,1.0,10.0,9.0,864.0,6.0,6.0,,,,55.0,23.0,,,,6.0,0.0,,39.0,32.0,,Male,Daniel,David,,,,0.62,0.62247,211.0,3.0,-1.0,0.66667,216.0,3.0,-1.0,0.2356,0.5181,0.26671,0.27778,11.0,0.8462,2.0,1.0,0.1,0.9
3.0,Ferna & Fran,TARLA1,3.38,3.38462,255.0,3.0,0.0,2.0,26.0,1.0,2.0,13.0,12.0,0.2393,0.4007,4.0,0.3077,9.0,0.6923,2.76067,4.0,3.0,0.2308,1.0,0.0769,0.0,0.0,0.0,0.0,1.0,1.0,0.0,1.0,1.0,10.0,9.0,865.0,6.0,6.0,,,,28.0,28.0,,,,6.0,0.0,,28.0,0.0,,Female,Ferna,Fran,,,,0.63,0.6257,209.0,2.0,1.0,0.75,132.0,2.0,1.0,0.242,0.5259,0.34535,0.57143,9.0,0.6923,4.0,1.0,0.0,1.0
4.0,Carlos & Daniel,TARLA1,3.73,3.72727,324.0,4.0,0.0,4.0,341.0,4.0,0.0,11.0,11.0,0.1605,0.3387,1.0,0.0909,4.0,0.3636,1.71044,3.0,3.0,0.2727,1.0,0.0909,0.0,0.0,0.0,0.0,0.0,0.0,0.0,5.0,1.0,7.0,6.0,866.0,5.0,5.0,,,,27.0,29.0,,,,5.0,0.0,,28.0,2.0,,Male,Carlos,Daniel,,,,0.55,0.55119,332.0,4.0,0.0,0.6,309.0,4.0,0.0,0.0941,0.3442,0.29331,0.41667,7.0,0.6364,4.0,1.0,0.0,1.0
5.0,Anna & Rodrigo,TARLA1,4.56,4.55556,493.0,5.0,0.0,4.0,341.0,4.0,1.0,9.0,9.0,-0.0263,0.1915,1.0,0.1111,2.0,0.2222,1.89215,2.0,0.0,0.0,0.0,0.0,0.0,0.0,0.0,1.0,0.0,0.0,0.0,4.0,1.0,8.0,7.0,867.0,4.0,4.0,,,,29.0,28.0,,,,4.0,0.0,,28.5,1.0,,Co-Ed,Anna,Rodrigo,,,,0.49,0.48981,447.0,5.0,0.0,0.5,408.0,5.0,0.0,-0.0277,0.1945,0.26252,0.29167,5.0,0.5556,4.0,1.0,0.0,1.0
6.0,Casilda & Casilda,TARLA1,4.75,4.75,532.0,6.0,0.0,6.0,634.0,6.0,0.0,8.0,8.0,-0.0691,0.1578,1.0,0.125,3.0,0.375,1.98431,3.0,0.0,0.0,1.0,0.125,1.0,0.125,0.0,0.0,0.0,0.0,0.0,6.0,1.0,7.0,6.0,868.0,3.0,4.0,,,,55.0,30.0,,,,3.5,1.0,,42.5,25.0,,Female,Casilda,Casilda,,,,0.44,0.4378,550.0,6.0,0.0,0.39286,595.0,6.0,0.0,-0.131,0.0677,0.35857,0.6375,4.0,0.5,4.0,1.0,0.0,1.0
7.0,Miguel & Diego,TARLA1,6.29,6.28571,757.0,7.0,0.0,7.0,734.0,7.0,0.0,7.0,7.0,-0.4157,-0.1152,0.0,0.0,0.0,0.0,1.16058,2.0,0.0,0.0,2.0,0.2857,0.0,0.0,0.0,0.0,0.0,0.0,0.0,7.0,5.0,8.0,3.0,869.0,4.0,2.0,,,,26.0,28.0,,,,3.0,2.0,,27.0,2.0,,Male,Miguel,Diego,,,,0.31,0.30811,772.0,8.0,-1.0,0.33333,656.0,7.0,0.0,-0.3884,-0.2486,0.21088,0.34385,2.0,0.2857,5.0,0.6,0.0,0.6
8.0,Mario & Melissa,TARLA1,7.2,7.2,848.0,9.0,-1.0,8.0,826.0,8.0,0.0,5.0,5.0,-0.6205,-0.2766,0.0,0.0,0.0,0.0,1.72047,1.0,0.0,0.0,1.0,0.2,0.0,0.0,0.0,0.0,0.0,0.0,0.0,,4.0,9.0,5.0,870.0,3.0,1.0,,,,38.0,24.0,,,,2.0,2.0,,31.0,14.0,,Co-Ed,Mario,Melissa,,,,0.27,0.27222,832.0,9.0,-1.0,0.25,777.0,9.0,-1.0,-0.4597,-0.3361,0.23846,0.18889,1.0,0.2,4.0,0.7,0.0,0.7
9.0,Ricardo & Adriana,TARLA1,7.0,7.0,819.0,8.0,1.0,7.5,808.0,8.0,1.0,4.0,4.0,-0.5754,-0.2411,0.0,0.0,0.0,0.0,2.12132,3.5,0.0,0.0,0.0,0.0,0.0,0.0,0.0,0.0,0.0,0.0,0.0,9.0,4.0,9.0,5.0,871.0,1.0,2.0,,,,60.0,26.0,,,,1.5,1.0,,43.0,34.0,,Co-Ed,Ricardo,Adriana,,,,0.34,0.33611,719.0,7.0,2.0,0.32222,699.0,8.0,1.0,-0.3328,-0.1803,0.26251,0.35833,1.0,0.25,3.0,0.7,0.0,0.7
10.0,Gabriel & Guillermo,TARLA1,8.67,8.66667,945.0,10.0,0.0,9.0,889.0,10.0,0.0,3.0,3.0,-0.9513,-0.5372,0.0,0.0,0.0,0.0,1.24722,1.5,0.0,0.0,0.0,0.0,0.0,0.0,0.0,0.0,0.0,0.0,0.0,,7.0,10.0,3.0,872.0,1.0,1.0,,,,33.0,33.0,,,,1.0,0.0,,33.0,0.0,,Male,Gabriel,Guillermo,,,,0.2,0.2,911.0,10.0,0.0,0.2,847.0,10.0,0.0,-0.603,-0.5122,0.1633,0.2,0.0,0.0,3.0,0.4,0.0,0.4
11.0,Ariel & Nora,TARLA1,11.0,11.0,1043.0,11.0,0.0,11.0,997.0,11.0,0.0,2.0,2.0,-1.4757,-0.9504,0.0,0.0,0.0,0.0,0.0,0.0,0.0,0.0,0.0,0.0,1.0,0.5,0.0,0.0,0.0,0.0,0.0,11.0,11.0,11.0,0.0,873.0,1.0,0.0,,,,26.0,33.0,,,,0.5,1.0,,29.5,7.0,,Co-Ed,Ariel,Nora,,,,0.0,0.0,1030.0,11.0,0.0,0.0,1022.0,11.0,0.0,-1.0,-1.0,0.0,0.0,0.0,0.0,2.0,0.0,0.0,0.0
1.0,Carlos & Mauricio,TARLA2,2.23,2.23077,41.0,2.0,-1.0,2.0,26.0,1.0,0.0,13.0,12.0,0.5092,0.5953,4.0,0.3077,11.0,0.8462,1.04909,2.0,4.0,0.3077,2.0,0.1538,0.0,0.0,0.0,0.0,0.0,0.0,0.0,1.0,1.0,4.0,3.0,874.0,5.0,7.0,,,,39.0,36.0,,,,6.0,2.0,,37.5,3.0,,Male,Carlos,Mauricio,,,,0.79,0.78776,33.0,2.0,-1.0,0.8,88.0,3.0,-2.0,0.5755,0.8392,0.17903,0.33333,13.0,1.0,0.0,1.0,0.5,0.5
2.0,Toño & Lili,TARLA2,2.08,2.07692,24.0,1.0,1.0,2.0,26.0,1.0,1.0,13.0,12.0,0.5422,0.6225,5.0,0.3846,12.0,0.9231,1.3279,1.0,5.0,0.3846,2.0,0.1538,0.0,0.0,0.0,0.0,0.0,0.0,0.0,2.0,1.0,6.0,5.0,875.0,7.0,4.0,,,,38.0,36.0,,,,5.5,3.0,,37.0,2.0,,Co-Ed,Toño,Lili,,,,0.82,0.82289,17.0,1.0,1.0,0.85714,50.0,1.0,1.0,0.6458,0.9212,0.1814,0.33333,13.0,1.0,0.0,1.0,0.5,0.5
3.0,Aleandra & Marlene,TARLA2,5.23,5.23077,615.0,6.0,-3.0,5.0,504.0,6.0,-3.0,13.0,12.0,-0.1511,0.0508,0.0,0.0,5.0,0.3846,1.92769,4.0,0.0,0.0,1.0,0.0769,2.0,0.1538,0.0,0.0,1.0,0.0,0.0,7.0,3.0,8.0,5.0,876.0,6.0,6.0,,,,41.0,39.0,,,,6.0,0.0,,40.0,2.0,,Female,Aleandra,Marlene,,,,0.27,0.27198,834.0,8.0,-5.0,0.3,708.0,7.0,-4.0,-0.456,-0.365,0.20287,0.19048,3.0,0.2308,10.0,0.6,0.0,0.6
4.0,Vinícius & Guilherme,TARLA2,4.91,4.90909,562.0,5.0,-1.0,5.0,504.0,6.0,-2.0,11.0,11.0,-0.0807,0.1089,0.0,0.0,2.0,0.1818,1.50481,2.0,1.0,0.0909,1.0,0.0909,0.0,0.0,0.0,1.0,0.0,0.0,0.0,5.0,2.0,7.0,5.0,877.0,6.0,4.0,,,,25.0,30.0,,,,5.0,2.0,,27.5,5.0,,Male,Vinícius,Guilherme,,,,0.39,0.3943,626.0,6.0,-2.0,0.4,563.0,6.0,-2.0,-0.2114,-0.0794,0.22882,0.24722,3.0,0.2727,8.0,0.83333,0.0,0.83333
5.0,Esteban & Marisol,TARLA2,5.0,5.0,566.0,7.0,-2.0,4.5,470.0,5.0,0.0,10.0,10.0,-0.1005,0.0926,0.0,0.0,2.0,0.2,2.04939,1.75,1.0,0.1,0.0,0.0,0.0,0.0,0.0,0.0,0.0,0.0,0.0,4.0,2.0,9.0,7.0,878.0,4.0,3.0,,,,35.0,33.0,,,,3.5,1.0,,34.0,2.0,,Co-Ed,Esteban,Marisol,,,,0.44,0.44139,537.0,5.0,0.0,0.45,503.0,5.0,0.0,-0.1172,0.0305,0.24027,0.31835,5.0,0.5,5.0,0.83333,0.0,0.83333
6.0,Marietta & José,TARLA2,6.44,6.44444,773.0,9.0,-3.0,6.0,634.0,8.0,-2.0,9.0,9.0,-0.4174,-0.1688,0.0,0.0,0.0,0.0,1.70692,3.0,0.0,0.0,1.0,0.1111,0.0,0.0,0.0,0.0,0.0,0.0,0.0,6.0,4.0,9.0,5.0,879.0,4.0,4.0,,,,23.0,27.0,,,,4.0,0.0,,25.0,4.0,,Co-Ed,Marietta,José,,,,0.26,0.26116,843.0,9.0,-3.0,0.2,847.0,9.0,-3.0,-0.4777,-0.3903,0.19674,0.20833,1.0,0.1111,8.0,0.7,0.0,0.7
7.0,Edison & Edison,TARLA2,3.0,3.0,155.0,3.0,4.0,2.5,128.0,3.0,4.0,8.0,8.0,0.3397,0.4555,3.0,0.375,5.0,0.625,2.06155,3.25,1.0,0.125,2.0,0.25,0.0,0.0,1.0,0.0,0.0,0.0,0.0,1.0,1.0,7.0,6.0,880.0,4.0,1.0,,,,56.0,26.0,,,,2.5,3.0,,41.0,30.0,,Male,Edison,Edison,,,,0.73,0.73254,71.0,3.0,4.0,0.84444,65.0,2.0,5.0,0.4651,0.7103,0.32089,0.40714,7.0,0.875,1.0,1.0,0.0,1.0
8.0,Jelkin & Javier,TARLA2,6.17,6.16667,746.0,8.0,0.0,7.0,734.0,9.0,-1.0,6.0,6.0,-0.358,-0.1198,1.0,0.1667,1.0,0.1667,2.47768,2.0,0.0,0.0,1.0,0.1667,1.0,0.1667,0.0,0.0,0.0,0.0,0.0,8.0,1.0,8.0,7.0,881.0,3.0,2.0,,,,29.0,36.0,,,,2.5,1.0,,32.5,7.0,,Co-Ed,Jelkin,Javier,,,,0.35,0.34954,698.0,7.0,1.0,0.29861,725.0,8.0,0.0,-0.3009,-0.1839,0.34326,0.41319,2.0,0.3333,4.0,1.0,0.0,1.0
9.0,Omar & Roger,TARLA2,4.75,4.75,532.0,4.0,5.0,4.0,341.0,4.0,5.0,4.0,4.0,-0.0455,0.1379,0.0,0.0,1.0,0.25,2.58602,1.75,1.0,0.25,0.0,0.0,0.0,0.0,0.0,0.0,0.0,0.0,0.0,4.0,2.0,9.0,7.0,882.0,1.0,2.0,,,,26.0,29.0,,,,1.5,1.0,,27.5,3.0,,Male,Omar,Roger,,,,0.57,0.56667,303.0,4.0,5.0,0.68333,208.0,4.0,5.0,0.1333,0.323,0.33912,0.25,3.0,0.75,1.0,0.9,0.0,0.9
10.0,Mauricio & Mariana,TARLA2,10.33,10.33333,1035.0,10.0,0.0,10.0,954.0,10.0,0.0,3.0,3.0,-1.2736,-0.8748,0.0,0.0,0.0,0.0,0.4714,0.5,0.0,0.0,0.0,0.0,1.0,0.3333,0.0,0.0,0.0,0.0,0.0,10.0,10.0,11.0,1.0,883.0,1.0,1.0,,,,42.0,39.0,,,,1.0,0.0,,40.5,3.0,,Co-Ed,Mauricio,Mariana,,,,0.03,0.03333,1028.0,11.0,-1.0,0.0,1022.0,11.0,-1.0,-0.9333,-0.9222,0.04714,0.05,0.0,0.0,3.0,0.1,0.0,0.1
11.0,Susy & Stefany,TARLA2,10.5,10.5,1038.0,11.0,0.0,10.5,993.0,11.0,0.0,2.0,2.0,-1.311,-0.9056,0.0,0.0,0.0,0.0,0.5,0.5,0.0,0.0,0.0,0.0,0.0,0.0,0.0,0.0,0.0,0.0,0.0,,10.0,11.0,1.0,884.0,1.0,0.0,,,,44.0,23.0,,,,0.5,1.0,,33.5,21.0,,Female,Susy,Stefany,,,,0.05,0.05,1011.0,10.0,1.0,0.05,1005.0,10.0,1.0,-0.9,-0.8833,0.05,0.05,0.0,0.0,2.0,0.1,0.0,0.1
1.0,Nicolás & Cristóbal,TARLA3,2.15,2.15385,29.0,1.0,0.0,2.0,26.0,1.0,0.0,13.0,12.0,0.5222,0.6267,5.0,0.3846,12.0,0.9231,1.02628,2.0,2.0,0.1538,0.0,0.0,0.0,0.0,1.0,0.0,0.0,0.0,0.0,3.0,1.0,4.0,3.0,885.0,6.0,6.0,,,,26.0,26.0,,,,6.0,0.0,,26.0,0.0,,Male,Nicolás,Cristóbal,,,,0.82,0.82485,14.0,1.0,0.0,0.77778,108.0,2.0,-1.0,0.6497,1.0747,0.16111,0.28571,13.0,1.0,0.0,1.0,0.5,0.5
2.0,Felipe & Alejandro,TARLA3,2.23,2.23077,41.0,2.0,0.0,2.0,26.0,1.0,1.0,13.0,12.0,0.5044,0.6128,5.0,0.3846,10.0,0.7692,1.30995,2.0,4.0,0.3077,1.0,0.0769,1.0,0.0769,0.0,0.0,0.0,0.0,0.0,1.0,1.0,5.0,4.0,886.0,7.0,6.0,,,,33.0,34.0,,,,6.5,1.0,,33.5,1.0,,Male,Felipe,Alejandro,,,,0.68,0.67692,132.0,2.0,0.0,0.75,132.0,3.0,-1.0,0.3538,0.7026,0.33324,0.6,9.0,0.6923,4.0,1.0,0.0,1.0
3.0,Maxi & Demi,TARLA3,4.23,4.23077,429.0,4.0,-1.0,3.0,166.0,4.0,-1.0,13.0,12.0,0.06,0.2656,1.0,0.0769,7.0,0.5385,2.45432,4.0,3.0,0.2308,1.0,0.0769,0.0,0.0,0.0,0.0,0.0,0.0,0.0,2.0,1.0,9.0,8.0,887.0,7.0,6.0,,,,26.0,25.0,,,,6.5,1.0,,25.5,1.0,,Male,Maxi,Demi,,,,0.49,0.49338,438.0,4.0,-1.0,0.42857,533.0,6.0,-3.0,-0.0132,0.241,0.27649,0.41667,6.0,0.4615,7.0,1.0,0.0,1.0
4.0,Kathy & Rick,TARLA3,5.18,5.18182,606.0,7.0,-3.0,5.0,504.0,6.0,-2.0,11.0,11.0,-0.1511,0.1007,1.0,0.0909,3.0,0.2727,2.32841,3.5,0.0,0.0,2.0,0.1818,0.0,0.0,0.0,0.0,0.0,0.0,0.0,7.0,1.0,9.0,8.0,888.0,6.0,5.0,,,,36.0,40.0,,,,5.5,1.0,,38.0,4.0,,Co-Ed,Kathy,Rick,,,,0.37,0.37478,658.0,7.0,-3.0,0.33333,656.0,8.0,-4.0,-0.2504,-0.0573,0.25574,0.23929,3.0,0.2727,8.0,1.0,0.0,1.0
5.0,Toya & Juan del Mar,TARLA3,3.3,3.3,238.0,3.0,2.0,2.5,128.0,3.0,2.0,10.0,10.0,0.2667,0.4271,1.0,0.1,6.0,0.6,1.67631,3.0,4.0,0.4,2.0,0.2,1.0,0.1,0.0,0.0,0.0,0.0,0.0,2.0,1.0,6.0,5.0,889.0,4.0,6.0,,,,29.0,40.0,,,,5.0,2.0,,34.5,11.0,,Co-Ed,Toya,Juan,,,,0.56,0.56448,309.0,3.0,2.0,0.82857,79.0,1.0,4.0,0.129,0.4198,0.39325,0.69554,6.0,0.6,4.0,1.0,0.0,1.0
6.0,Marisol & José,TARLA3,5.13,5.125,595.0,6.0,0.0,4.5,470.0,5.0,1.0,8.0,8.0,-0.14,0.1094,0.0,0.0,0.0,0.0,1.26861,2.25,0.0,0.0,2.0,0.25,0.0,0.0,0.0,0.0,0.0,0.0,0.0,4.0,4.0,7.0,3.0,890.0,3.0,5.0,,,,30.0,31.0,,,,4.0,2.0,,30.5,1.0,,Co-Ed,Marisol,José,,,,0.42,0.42217,583.0,6.0,0.0,0.55,384.0,5.0,1.0,-0.1557,0.0618,0.26221,0.49256,5.0,0.625,3.0,0.7,0.0,0.7
7.0,Andre & Nico,TARLA3,5.0,5.0,566.0,5.0,2.0,5.0,504.0,6.0,1.0,7.0,7.0,-0.1111,0.1319,0.0,0.0,1.0,0.1429,1.19523,1.0,0.0,0.0,0.0,0.0,0.0,0.0,0.0,0.0,0.0,0.0,0.0,5.0,3.0,7.0,4.0,891.0,2.0,5.0,,,,21.0,26.0,,,,3.5,3.0,,23.5,5.0,,Co-Ed,Andre,Nico,,,,0.47,0.47324,483.0,5.0,2.0,0.55556,370.0,4.0,3.0,-0.0535,0.1903,0.23878,0.19286,5.0,0.7143,2.0,0.8,0.0,0.8
8.0,Rosario & Pablo,TARLA3,6.83,6.83333,814.0,8.0,0.0,6.5,714.0,8.0,0.0,6.0,6.0,-0.5178,-0.1858,0.0,0.0,0.0,0.0,0.89753,1.75,0.0,0.0,0.0,0.0,1.0,0.1667,0.0,0.0,0.0,0.0,0.0,6.0,6.0,8.0,2.0,892.0,2.0,4.0,,,,33.0,40.0,,,,3.0,2.0,,36.5,7.0,,Co-Ed,Rosario,Pablo,,,,0.28,0.28241,816.0,8.0,0.0,0.34722,647.0,7.0,1.0,-0.4352,-0.2897,0.21661,0.42361,2.0,0.3333,4.0,0.5,0.0,0.5
9.0,Mónica & Rosy,TARLA3,8.5,8.5,931.0,9.0,0.0,8.5,875.0,9.0,0.0,4.0,4.0,-0.8889,-0.4757,0.0,0.0,0.0,0.0,0.5,1.0,0.0,0.0,1.0,0.25,0.0,0.0,0.0,0.0,0.0,0.0,0.0,8.0,8.0,9.0,1.0,893.0,1.0,3.0,,,,45.0,47.0,,,,2.0,2.0,,46.0,2.0,,Female,Mónica,Rosy,,,,0.18,0.17778,930.0,9.0,0.0,0.20556,846.0,9.0,0.0,-0.6444,-0.5528,0.12838,0.21667,0.0,0.0,4.0,0.3,0.0,0.3
10.0,Vero & Gaba,TARLA3,10.33,10.33333,1035.0,10.0,0.0,10.0,954.0,10.0,0.0,3.0,3.0,-1.2956,-0.7934,0.0,0.0,0.0,0.0,0.4714,0.5,0.0,0.0,1.0,0.3333,1.0,0.3333,0.0,0.0,0.0,0.0,0.0,10.0,10.0,11.0,1.0,894.0,2.0,1.0,,,,24.0,24.0,,,,1.5,1.0,,24.0,0.0,,Female,Vero,Gaba,,,,0.03,0.03333,1028.0,11.0,-1.0,0.0,1022.0,11.0,-1.0,-0.9333,-0.9162,0.04714,0.05,0.0,0.0,3.0,0.1,0.0,0.1
11.0,Ale & Eze,TARLA3,10.5,10.5,1038.0,11.0,0.0,10.5,993.0,11.0,0.0,2.0,2.0,-1.3333,-0.8229,0.0,0.0,0.0,0.0,0.5,0.5,0.0,0.0,1.0,0.5,0.0,0.0,0.0,0.0,0.0,0.0,0.0,,10.0,11.0,1.0,895.0,0.0,2.0,,,,49.0,48.0,,,,1.0,2.0,,48.5,1.0,,Co-Ed,Ale,Eze,,,,0.05,0.05,1011.0,10.0,1.0,0.05,1005.0,10.0,1.0,-0.9,-0.8742,0.05,0.05,0.0,0.0,2.0,0.1,0.0,0.1
1.0,Daniel & César,TARLA4,4.46,4.46154,482.0,6.0,-5.0,5.0,504.0,6.0,-5.0,13.0,12.0,-0.0142,0.2064,2.0,0.1538,5.0,0.3846,2.43738,4.0,2.0,0.1538,2.0,0.1538,2.0,0.1538,0.0,1.0,1.0,0.0,0.0,5.0,1.0,9.0,8.0,896.0,6.0,7.0,,,,25.0,25.0,,,,6.5,1.0,,25.0,0.0,,Male,Daniel,César,,,,0.45,0.45403,512.0,5.0,-4.0,0.4,563.0,5.0,-4.0,-0.0919,0.1104,0.33132,0.55,6.0,0.4615,7.0,1.0,0.0,1.0
2.0,Fer & Ferds,TARLA4,2.77,2.76923,118.0,2.0,0.0,3.0,166.0,2.0,0.0,13.0,12.0,0.3701,0.5071,1.0,0.0769,11.0,0.8462,0.97301,1.0,4.0,0.3077,0.0,0.0,0.0,0.0,0.0,0.0,0.0,0.0,0.0,3.0,1.0,5.0,4.0,897.0,6.0,7.0,,,,32.0,32.0,,,,6.5,1.0,,32.0,0.0,,Male,Fer,Ferds,,,,0.69,0.687,121.0,2.0,0.0,0.7,189.0,2.0,0.0,0.374,0.6802,0.14949,0.3,13.0,1.0,0.0,1.0,0.5,0.5
3.0,Edu & Rick,TARLA4,2.85,2.84615,134.0,3.0,0.0,3.0,166.0,2.0,1.0,13.0,12.0,0.3519,0.4929,3.0,0.2308,9.0,0.6923,1.5113,2.0,3.0,0.2308,1.0,0.0769,0.0,0.0,0.0,0.0,0.0,0.0,0.0,2.0,1.0,6.0,5.0,898.0,7.0,6.0,,,,25.0,29.0,,,,6.5,1.0,,27.0,4.0,,Male,Edu,Rick,,,,0.63,0.62811,204.0,3.0,0.0,0.66667,216.0,3.0,0.0,0.2562,0.5362,0.30232,0.475,9.0,0.6923,4.0,1.0,0.0,1.0
4.0,Renan & Fran,TARLA4,4.36,4.36364,462.0,5.0,-1.0,4.0,341.0,4.0,0.0,11.0,11.0,0.0086,0.2242,0.0,0.0,3.0,0.2727,1.72008,2.0,2.0,0.1818,2.0,0.1818,0.0,0.0,0.0,1.0,1.0,0.0,0.0,4.0,2.0,8.0,6.0,899.0,6.0,5.0,,,,26.0,27.0,,,,5.5,1.0,,26.5,1.0,,Co-Ed,Renan,Fran,,,,0.44,0.43745,551.0,6.0,-2.0,0.375,609.0,6.0,-2.0,-0.1251,0.0699,0.25035,0.275,4.0,0.3636,7.0,0.9,0.0,0.9
5.0,Renata & Ana Paula,TARLA4,2.4,2.4,61.0,1.0,4.0,1.0,1.0,1.0,4.0,10.0,10.0,0.4543,0.573,6.0,0.6,6.0,0.6,1.74356,3.0,0.0,0.0,0.0,0.0,1.0,0.1,0.0,0.0,0.0,0.0,0.0,1.0,1.0,5.0,4.0,900.0,5.0,5.0,,,,35.0,33.0,,,,5.0,0.0,,34.0,2.0,,Female,Renata,Ana,,,,0.72,0.71964,85.0,1.0,4.0,1.0,1.0,1.0,4.0,0.4393,0.76,0.39221,0.41518,8.0,0.8,2.0,1.0,0.0,1.0
6.0,Fernanda & Cainã,TARLA4,4.0,4.0,375.0,4.0,2.0,4.5,470.0,5.0,1.0,8.0,8.0,0.0904,0.2883,1.0,0.125,3.0,0.375,1.73205,2.5,1.0,0.125,1.0,0.125,0.0,0.0,0.0,0.0,0.0,0.0,0.0,5.0,1.0,6.0,5.0,901.0,4.0,4.0,,,,22.0,22.0,,,,4.0,0.0,,22.0,0.0,,Co-Ed,Fernanda,Cainã,,,,0.55,0.55,335.0,4.0,2.0,0.6125,299.0,4.0,2.0,0.1,0.3451,0.33075,0.52708,5.0,0.625,3.0,1.0,0.0,1.0
7.0,Fuzetti & Nando,TARLA4,6.14,6.14286,742.0,7.0,0.0,7.0,734.0,7.0,0.0,7.0,7.0,-0.3962,-0.0925,0.0,0.0,1.0,0.1429,1.88442,1.0,1.0,0.1429,1.0,0.1429,1.0,0.1429,0.0,0.0,0.0,0.0,0.0,7.0,2.0,8.0,6.0,902.0,4.0,3.0,,,,54.0,30.0,,,,3.5,1.0,,42.0,24.0,,Male,Fuzetti,Nando,,,,0.3,0.29898,789.0,8.0,-1.0,0.25,777.0,8.0,-1.0,-0.402,-0.2688,0.29452,0.32857,2.0,0.2857,5.0,0.9,0.0,0.9
8.0,Gabriela & Harã,TARLA4,8.6,8.6,943.0,9.0,-1.0,8.0,826.0,9.0,-1.0,5.0,5.0,-0.9556,-0.5302,0.0,0.0,0.0,0.0,0.8,1.0,0.0,0.0,4.0,0.8,0.0,0.0,0.0,0.0,0.0,0.0,0.0,8.0,8.0,10.0,2.0,903.0,2.0,3.0,,,,29.0,29.0,,,,2.5,1.0,,29.0,0.0,,Co-Ed,Gabriela,Harã,,,,0.11,0.11,979.0,10.0,-2.0,0.125,926.0,10.0,-2.0,-0.78,-0.731,0.06442,0.025,0.0,0.0,5.0,0.2,0.0,0.2
9.0,Ciça & Zezão,TARLA4,6.75,6.75,804.0,8.0,1.0,7.5,808.0,8.0,1.0,4.0,4.0,-0.5349,-0.2011,0.0,0.0,1.0,0.25,2.48747,3.75,0.0,0.0,0.0,0.0,0.0,0.0,0.0,0.0,0.0,0.0,0.0,9.0,3.0,9.0,6.0,904.0,4.0,0.0,,,,57.0,26.0,,,,2.0,4.0,,41.5,31.0,,Co-Ed,Ciça,Zezão,,,,0.36,0.3625,679.0,7.0,2.0,0.35,643.0,7.0,2.0,-0.275,-0.1134,0.28586,0.4125,2.0,0.5,2.0,0.75,0.0,0.75
10.0,Billy & Gean,TARLA4,10.5,10.5,1038.0,11.0,-1.0,10.5,993.0,11.0,-1.0,2.0,2.0,-1.3876,-0.8683,0.0,0.0,0.0,0.0,0.5,0.5,0.0,0.0,0.0,0.0,1.0,0.5,0.0,1.0,0.0,0.0,0.0,,10.0,11.0,1.0,905.0,2.0,0.0,,,,49.0,48.0,,,,1.0,2.0,,48.5,1.0,,Male,Billy,Gean,,,,0.05,0.05,1011.0,11.0,-1.0,0.05,1005.0,11.0,-1.0,-0.9,-0.8777,0.05,0.05,0.0,0.0,2.0,0.1,0.0,0.1
11.0,Ci & Lu,TARLA4,9.0,9.0,952.0,10.0,1.0,9.0,889.0,10.0,1.0,2.0,2.0,-1.0465,-0.6014,0.0,0.0,0.0,0.0,2.0,2.0,0.0,0.0,0.0,0.0,0.0,0.0,0.0,0.0,0.0,0.0,0.0,,7.0,11.0,4.0,906.0,1.0,1.0,,,,25.0,25.0,,,,1.0,0.0,,25.0,0.0,,Female,Ci,Lu,,,,0.2,0.2,911.0,9.0,2.0,0.2,847.0,9.0,2.0,-0.6,-0.5109,0.2,0.2,0.0,0.0,2.0,0.4,0.0,0.4
1.0,Ezequiel & Tobías,TARLA5,3.54,3.53846,288.0,4.0,-3.0,3.0,166.0,1.0,0.0,13.0,12.0,0.1838,0.361,4.0,0.3077,8.0,0.6154,2.70656,4.0,2.0,0.1538,2.0,0.1538,1.0,0.0769,0.0,1.0,1.0,0.0,0.0,1.0,1.0,9.0,8.0,907.0,9.0,8.0,,,,35.0,34.0,,,,8.5,1.0,,34.5,1.0,,Male,Ezequiel,Tobías,,,,0.63,0.63226,200.0,1.0,0.0,0.66667,216.0,3.0,-2.0,0.2645,0.5385,0.34641,0.6,9.0,0.6923,4.0,1.0,0.0,1.0
2.0,Darío & Esther,TARLA5,3.08,3.07692,171.0,1.0,1.0,3.0,166.0,1.0,1.0,13.0,12.0,0.2899,0.444,3.0,0.2308,7.0,0.5385,1.49159,2.0,2.0,0.1538,2.0,0.1538,2.0,0.1538,0.0,0.0,0.0,0.0,0.0,5.0,1.0,5.0,4.0,908.0,9.0,8.0,,,,38.0,41.0,,,,8.5,1.0,,39.5,3.0,,Co-Ed,Darío,Esther,,,,0.54,0.53974,351.0,4.0,-2.0,0.5,408.0,4.0,-2.0,0.0795,0.3134,0.34124,0.54167,8.0,0.6154,5.0,1.0,0.0,1.0
3.0,Karina & Braian,TARLA5,3.46,3.46154,275.0,3.0,0.0,3.0,166.0,1.0,2.0,13.0,12.0,0.2023,0.3755,1.0,0.0769,8.0,0.6154,1.7809,2.0,4.0,0.3077,1.0,0.0769,0.0,0.0,0.0,0.0,1.0,0.0,0.0,2.0,1.0,7.0,6.0,909.0,8.0,9.0,,,,24.0,26.0,,,,8.5,1.0,,25.0,2.0,,Co-Ed,Karina,Braian,,,,0.53,0.53397,357.0,5.0,-2.0,0.5,408.0,4.0,-1.0,0.0679,0.2993,0.27784,0.29167,8.0,0.6154,5.0,1.0,0.0,1.0
4.0,Manfred & Pierre,TARLA5,3.45,3.45455,268.0,2.0,2.0,3.0,166.0,1.0,3.0,11.0,11.0,0.2046,0.3773,2.0,0.1818,8.0,0.7273,2.5357,1.5,3.0,0.2727,1.0,0.0909,0.0,0.0,0.0,0.0,0.0,0.0,0.0,3.0,1.0,9.0,8.0,910.0,8.0,7.0,,,,25.0,27.0,,,,7.5,1.0,,26.0,2.0,,Male,Manfred,Pierre,,,,0.6,0.60051,252.0,2.0,2.0,0.75,132.0,1.0,3.0,0.201,0.4612,0.33047,0.52222,7.0,0.6364,4.0,1.0,0.0,1.0
5.0,Jessica & Michelle,TARLA5,5.0,5.0,566.0,6.0,-1.0,5.0,504.0,6.0,-1.0,9.0,9.0,-0.1528,0.0975,0.0,0.0,1.0,0.1111,1.1547,2.0,0.0,0.0,1.0,0.1111,0.0,0.0,0.0,1.0,0.0,0.0,0.0,5.0,3.0,7.0,4.0,911.0,6.0,6.0,,,,27.0,30.0,,,,6.0,0.0,,28.5,3.0,,Female,Jessica,Michelle,,,,0.4,0.39907,620.0,7.0,-2.0,0.5,408.0,4.0,1.0,-0.2019,-0.0289,0.20117,0.25,5.0,0.5556,4.0,0.66667,0.0,0.66667
6.0,Evelyn & Jorge,TARLA5,3.63,3.625,307.0,5.0,1.0,3.5,315.0,5.0,1.0,8.0,8.0,0.1631,0.3448,2.0,0.25,4.0,0.5,2.05776,4.25,1.0,0.125,0.0,0.0,1.0,0.125,0.0,0.0,0.0,0.0,0.0,6.0,1.0,6.0,5.0,912.0,4.0,7.0,,,,39.0,30.0,,,,5.5,3.0,,34.5,9.0,,Co-Ed,Evelyn,Jorge,,,,0.58,0.5816,285.0,3.0,3.0,0.6875,207.0,2.0,4.0,0.1632,0.4152,0.37734,0.54167,5.0,0.625,3.0,1.0,0.0,1.0
7.0,Astrid & Aleja,TARLA5,7.0,7.0,819.0,9.0,-2.0,7.0,734.0,7.0,0.0,6.0,6.0,-0.6139,-0.2635,0.0,0.0,0.0,0.0,1.52753,0.75,0.0,0.0,2.0,0.3333,0.0,0.0,0.0,0.0,0.0,0.0,0.0,7.0,5.0,10.0,5.0,913.0,4.0,5.0,,,,34.0,28.0,,,,4.5,1.0,,31.0,6.0,,Female,Astrid,Aleja,,,,0.26,0.25509,850.0,9.0,-2.0,0.25,777.0,8.0,-1.0,-0.4898,-0.3793,0.17974,0.20625,1.0,0.1667,5.0,0.55556,0.0,0.55556
8.0,Juanjo & Beto,TARLA5,6.0,6.0,715.0,8.0,0.0,8.0,826.0,9.0,-1.0,5.0,5.0,-0.3834,-0.083,0.0,0.0,1.0,0.2,2.52982,4.0,1.0,0.2,2.0,0.4,0.0,0.0,0.0,0.0,0.0,0.0,0.0,8.0,2.0,8.0,6.0,914.0,4.0,3.0,,,,38.0,36.0,,,,3.5,1.0,,37.0,2.0,,Male,Juanjo,Beto,,,,0.39,0.39278,628.0,8.0,0.0,0.125,926.0,10.0,-2.0,-0.2144,-0.0442,0.33335,0.575,2.0,0.4,3.0,0.88889,0.125,0.76389
9.0,Débora & Renata,TARLA5,5.8,5.8,697.0,7.0,2.0,7.0,734.0,7.0,2.0,5.0,5.0,-0.3373,-0.0469,1.0,0.2,2.0,0.4,3.24962,6.0,0.0,0.0,0.0,0.0,1.0,0.2,0.0,0.0,0.0,0.0,0.0,9.0,1.0,9.0,8.0,915.0,5.0,2.0,,,,30.0,26.0,,,,3.5,3.0,,28.0,4.0,,Female,Débora,Renata,,,,0.44,0.43556,555.0,6.0,3.0,0.4,563.0,7.0,2.0,-0.1289,0.0599,0.40408,0.77778,2.0,0.4,3.0,1.0,0.0,1.0
10.0,Filippo & Eddy,TARLA5,9.0,9.0,952.0,10.0,0.0,9.0,889.0,10.0,0.0,2.0,2.0,-1.0751,-0.6245,0.0,0.0,0.0,0.0,1.0,1.0,0.0,0.0,0.0,0.0,0.0,0.0,0.0,0.0,0.0,0.0,0.0,,8.0,10.0,2.0,916.0,2.0,1.0,,,,42.0,47.0,,,,1.5,1.0,,44.5,5.0,,Male,Filippo,Eddy,,,,0.15,0.15,945.0,10.0,0.0,0.15,904.0,9.0,1.0,-0.7,-0.635,0.15,0.15,0.0,0.0,2.0,0.3,0.0,0.3
11.0,Ari & Ra,TARLA5,11.0,11.0,1043.0,11.0,0.0,11.0,997.0,11.0,0.0,1.0,1.0,-1.5362,-0.9856,0.0,0.0,0.0,0.0,0.0,0.0,0.0,0.0,0.0,0.0,0.0,0.0,0.0,0.0,0.0,0.0,0.0,,11.0,11.0,0.0,917.0,1.0,0.0,,,,26.0,32.0,,,,0.5,1.0,,29.0,6.0,,Co-Ed,Ari,Ra,,,,0.0,0.0,1030.0,11.0,0.0,0.0,1022.0,11.0,0.0,-1.0,-1.0,0.0,0.0,0.0,0.0,1.0,0.0,0.0,0.0
1.0,Giovanni & Juan Carlos,TARLA6,3.08,3.07692,171.0,3.0,-2.0,3.0,166.0,3.0,-2.0,13.0,13.0,0.265,0.4307,3.0,0.2308,10.0,0.7692,1.6853,1.0,1.0,0.0769,0.0,0.0,0.0,0.0,0.0,0.0,0.0,0.0,0.0,3.0,1.0,7.0,6.0,918.0,8.0,8.0,,,,44.0,45.0,,,,8.0,0.0,,44.5,1.0,,Male,Giovanni,Juan Carlos,,,,0.65,0.6511,172.0,3.0,-2.0,0.6,309.0,3.0,-2.0,0.3022,0.5694,0.24098,0.3,10.0,0.7692,3.0,1.0,0.33333,0.66667
2.0,Javier & Nicolas,TARLA6,2.69,2.69231,103.0,1.0,1.0,2.0,26.0,1.0,1.0,13.0,13.0,0.3581,0.5028,4.0,0.3077,10.0,0.7692,1.93687,2.0,4.0,0.3077,0.0,0.0,0.0,0.0,0.0,0.0,0.0,0.0,0.0,2.0,1.0,8.0,7.0,919.0,8.0,8.0,,,,30.0,30.0,,,,8.0,0.0,,30.0,0.0,,Male,Javier,Nicolas,,,,0.71,0.70647,96.0,1.0,1.0,0.66667,216.0,2.0,0.0,0.4129,0.7029,0.25323,0.5,11.0,0.8462,2.0,1.0,0.22222,0.77778
3.0,Juan & Cecilia,TARLA6,4.23,4.23077,429.0,5.0,-2.0,4.0,341.0,4.0,-1.0,13.0,13.0,-0.0094,0.2181,1.0,0.0769,6.0,0.4615,2.25845,2.0,2.0,0.1538,4.0,0.3077,3.0,0.2308,0.0,0.0,1.0,0.0,0.0,3.0,1.0,9.0,8.0,920.0,8.0,8.0,,,,51.0,24.0,,,,8.0,0.0,,37.5,27.0,,Co-Ed,Juan,Cecilia,,,,0.36,0.36175,680.0,6.0,-3.0,0.25,777.0,7.0,-4.0,-0.2765,-0.128,0.32902,0.48889,5.0,0.3846,8.0,1.0,0.0,1.0
4.0,Christian & Dina,TARLA6,4.09,4.09091,399.0,4.0,0.0,4.0,341.0,4.0,0.0,11.0,11.0,0.024,0.244,1.0,0.0909,5.0,0.4545,2.4663,3.5,3.0,0.2727,2.0,0.1818,0.0,0.0,0.0,0.0,1.0,0.0,0.0,2.0,1.0,10.0,9.0,921.0,7.0,7.0,,,,26.0,23.0,,,,7.0,0.0,,24.5,3.0,,Co-Ed,Christian,Dina,,,,0.51,0.51183,404.0,4.0,0.0,0.5,408.0,4.0,0.0,0.0237,0.2337,0.31062,0.50714,6.0,0.5455,5.0,1.0,0.0,1.0
5.0,Martín & Jenny,TARLA6,5.0,5.0,566.0,6.0,-1.0,5.0,504.0,6.0,-1.0,10.0,10.0,-0.1932,0.0758,0.0,0.0,0.0,0.0,1.0,1.75,0.0,0.0,3.0,0.3,1.0,0.1,0.0,1.0,1.0,0.0,0.0,4.0,4.0,7.0,3.0,922.0,8.0,5.0,,,,29.0,26.0,,,,6.5,3.0,,27.5,3.0,,Co-Ed,Martín,Jenny,,,,0.32,0.32103,747.0,9.0,-4.0,0.325,694.0,6.0,-1.0,-0.3579,-0.2262,0.23078,0.35,3.0,0.3,7.0,0.7,0.0,0.7
6.0,Stefanía & Felipe,TARLA6,2.75,2.75,111.0,2.0,4.0,2.0,26.0,1.0,5.0,8.0,8.0,0.3438,0.4917,3.0,0.375,5.0,0.625,1.85405,3.25,2.0,0.25,1.0,0.125,0.0,0.0,0.0,1.0,0.0,0.0,0.0,1.0,1.0,6.0,5.0,923.0,4.0,6.0,,,,26.0,38.0,,,,5.0,2.0,,32.0,12.0,,Co-Ed,Stefanía,Felipe,,,,0.7,0.69985,106.0,2.0,4.0,0.86607,43.0,1.0,5.0,0.3997,0.6869,0.36511,0.45,6.0,0.75,2.0,1.0,0.0,1.0
7.0,Sonia & Gabriel,TARLA6,5.67,5.66667,677.0,8.0,-1.0,7.0,734.0,8.0,-1.0,6.0,6.0,-0.3531,-0.0481,1.0,0.1667,1.0,0.1667,2.4267,2.25,0.0,0.0,1.0,0.1667,1.0,0.1667,0.0,1.0,0.0,0.0,0.0,7.0,1.0,8.0,7.0,924.0,4.0,4.0,,,,26.0,25.0,,,,4.0,0.0,,25.5,1.0,,Co-Ed,Sonia,Gabriel,,,,0.34,0.34464,707.0,7.0,0.0,0.22143,838.0,8.0,-1.0,-0.3107,-0.1693,0.36248,0.50804,2.0,0.3333,4.0,1.0,0.0,1.0
8.0,Clara & Delfina,TARLA6,5.5,5.5,657.0,7.0,1.0,6.0,634.0,7.0,1.0,4.0,4.0,-0.3125,-0.0166,0.0,0.0,1.0,0.25,2.17945,1.5,1.0,0.25,0.0,0.0,0.0,0.0,0.0,0.0,0.0,0.0,0.0,6.0,2.0,8.0,6.0,925.0,3.0,2.0,,,,25.0,28.0,,,,2.5,1.0,,26.5,3.0,,Female,Clara,Delfina,,,,0.44,0.44097,541.0,5.0,3.0,0.4375,523.0,5.0,3.0,-0.1181,0.0629,0.31738,0.31597,2.0,0.5,2.0,0.88889,0.0,0.88889
9.0,Audi & David,TARLA6,7.0,7.0,819.0,9.0,0.0,9.0,889.0,10.0,-1.0,3.0,3.0,-0.6705,-0.2939,0.0,0.0,1.0,0.3333,2.82843,3.0,0.0,0.0,0.0,0.0,0.0,0.0,0.0,0.0,0.0,0.0,0.0,9.0,3.0,9.0,6.0,926.0,1.0,1.0,,,,23.0,25.0,,,,1.0,0.0,,24.0,2.0,,Co-Ed,Audi,David,,,,0.33,0.32593,740.0,8.0,1.0,0.2,847.0,9.0,0.0,-0.3481,-0.2144,0.32978,0.38889,1.0,0.3333,2.0,0.77778,0.0,0.77778
10.0,Carlos & Orlando,TARLA6,8.5,8.5,931.0,10.0,0.0,8.5,875.0,9.0,1.0,2.0,2.0,-1.0284,-0.5712,0.0,0.0,0.0,0.0,1.5,1.5,0.0,0.0,0.0,0.0,0.0,0.0,0.0,0.0,0.0,0.0,0.0,,7.0,10.0,3.0,927.0,1.0,1.0,,,,28.0,21.0,,,,1.0,0.0,,24.5,7.0,,Male,Carlos,Orlando,,,,0.2,0.2,911.0,10.0,0.0,0.2,847.0,9.0,1.0,-0.6,-0.5179,0.2,0.2,0.0,0.0,2.0,0.4,0.0,0.4
11.0,Ana & Vantroy,TARLA6,11.0,11.0,1043.0,11.0,0.0,11.0,997.0,11.0,0.0,1.0,1.0,-1.625,-1.0333,0.0,0.0,0.0,0.0,0.0,0.0,0.0,0.0,0.0,0.0,0.0,0.0,0.0,0.0,0.0,0.0,0.0,,11.0,11.0,0.0,928.0,0.0,1.0,,,,27.0,28.0,,,,0.5,1.0,,27.5,1.0,,Co-Ed,Ana,Vantroy,,,,0.0,0.0,1030.0,11.0,0.0,0.0,1022.0,11.0,0.0,-1.0,-1.0,0.0,0.0,0.0,0.0,1.0,0.0,0.0,0.0
1.0,Morten & Truls,TARNO1,2.15,2.15385,29.0,1.0,0.0,2.0,26.0,1.0,0.0,13.0,13.0,0.4931,0.6161,6.0,0.4615,10.0,0.7692,1.5113,1.0,4.0,0.3077,2.0,0.1538,0.0,0.0,0.0,0.0,0.0,0.0,0.0,1.0,1.0,6.0,5.0,929.0,6.0,7.0,,,,34.0,30.0,,,,6.5,1.0,,32.0,4.0,,Male,Morten,Truls,,,,0.79,0.7935,32.0,1.0,0.0,0.875,37.0,1.0,0.0,0.587,1.0138,0.27452,0.3,11.0,0.8462,2.0,1.0,0.16667,0.83333
2.0,Karim & Khabat,TARNO1,2.46,2.46154,75.0,2.0,0.0,2.0,26.0,1.0,1.0,13.0,13.0,0.42,0.5607,6.0,0.4615,11.0,0.8462,2.13453,2.0,2.0,0.1538,1.0,0.0769,0.0,0.0,0.0,0.0,0.0,0.0,0.0,1.0,1.0,9.0,8.0,930.0,7.0,6.0,,,,26.0,27.0,,,,6.5,1.0,,26.5,1.0,,Male,Karim,Khabat,,,,0.75,0.74563,58.0,2.0,0.0,0.85714,50.0,2.0,0.0,0.4913,0.8923,0.28011,0.5,12.0,0.9231,1.0,1.0,0.11111,0.88889
3.0,Cathrine & Michelle,TARNO1,3.69,3.69231,317.0,3.0,0.0,3.0,166.0,3.0,0.0,13.0,13.0,0.13,0.3411,1.0,0.0769,7.0,0.5385,1.81382,3.0,3.0,0.2308,4.0,0.3077,0.0,0.0,0.0,0.0,0.0,0.0,0.0,2.0,1.0,7.0,6.0,931.0,6.0,7.0,,,,29.0,29.0,,,,6.5,1.0,,29.0,0.0,,Female,Cathrine,Michelle,,,,0.47,0.47405,480.0,4.0,-1.0,0.4,563.0,5.0,-2.0,-0.0519,0.2031,0.29987,0.5,5.0,0.3846,8.0,1.0,0.0,1.0
4.0,Frank & Ivar,TARNO1,3.92,3.91667,367.0,4.0,0.0,3.5,315.0,4.0,0.0,12.0,12.0,0.0758,0.3,0.0,0.0,6.0,0.5,1.75396,1.0,2.0,0.1667,2.0,0.1667,0.0,0.0,0.0,0.0,0.0,0.0,0.0,4.0,2.0,8.0,6.0,932.0,6.0,6.0,,,,26.0,26.0,,,,6.0,0.0,,26.0,0.0,,Male,Frank,Ivar,,,,0.49,0.49226,441.0,3.0,1.0,0.55,384.0,3.0,1.0,-0.0155,0.2493,0.25967,0.43571,7.0,0.5833,5.0,0.83333,0.0,0.83333
5.0,Kari & Bjørn,TARNO1,5.0,5.0,566.0,5.0,0.0,5.0,504.0,5.0,0.0,11.0,11.0,-0.1789,0.1071,0.0,0.0,1.0,0.0909,1.59545,0.5,1.0,0.0909,2.0,0.1818,2.0,0.1818,0.0,0.0,0.0,0.0,0.0,5.0,2.0,9.0,7.0,933.0,5.0,6.0,,,,44.0,64.0,,,,5.5,1.0,,54.0,20.0,,Co-Ed,Kari,Bjørn,,,,0.33,0.32843,737.0,6.0,-1.0,0.28571,742.0,9.0,-4.0,-0.3431,-0.1665,0.26117,0.42778,5.0,0.4545,6.0,0.8,0.0,0.8
6.0,Tor Einar & Cathrine,TARNO1,5.63,5.625,676.0,7.0,-1.0,6.0,634.0,7.0,-1.0,8.0,8.0,-0.3274,-0.0054,0.0,0.0,1.0,0.125,1.21835,1.25,0.0,0.0,0.0,0.0,1.0,0.125,0.0,0.0,0.0,0.0,0.0,6.0,3.0,7.0,4.0,934.0,3.0,5.0,,,,42.0,22.0,,,,4.0,2.0,,32.0,20.0,,Co-Ed,Tor Einar,Einar,,,,0.33,0.32589,741.0,7.0,-1.0,0.38095,603.0,6.0,0.0,-0.3482,-0.1729,0.21959,0.25893,2.0,0.25,6.0,0.66667,0.0,0.66667
7.0,Julie & Vichy,TARNO1,5.0,5.0,566.0,5.0,2.0,5.0,504.0,5.0,2.0,6.0,6.0,-0.1789,0.1071,0.0,0.0,2.0,0.3333,2.16025,3.5,1.0,0.1667,1.0,0.1667,0.0,0.0,0.0,0.0,0.0,0.0,0.0,,2.0,8.0,6.0,935.0,3.0,3.0,,,,28.0,30.0,,,,3.0,0.0,,29.0,2.0,,Female,Julie,Vichy,,,,0.44,0.44332,533.0,5.0,2.0,0.42857,533.0,4.0,3.0,-0.1134,0.1251,0.33154,0.56101,3.0,0.5,3.0,0.9,0.0,0.9
8.0,Bjarne & Vilde,TARNO1,6.2,6.2,749.0,8.0,0.0,6.0,634.0,7.0,1.0,5.0,5.0,-0.4618,-0.1071,0.0,0.0,1.0,0.2,1.83303,2.0,0.0,0.0,0.0,0.0,1.0,0.2,0.0,0.0,0.0,0.0,0.0,6.0,3.0,8.0,5.0,936.0,3.0,2.0,,,,31.0,20.0,,,,2.5,1.0,,25.5,11.0,,Co-Ed,Bjarne,Vilde,,,,0.32,0.32389,744.0,8.0,0.0,0.375,609.0,7.0,1.0,-0.3522,-0.178,0.30121,0.44444,1.0,0.2,4.0,0.8,0.0,0.8
9.0,Martha & Elise,TARNO1,9.0,9.0,952.0,10.0,-1.0,9.0,889.0,10.0,-1.0,3.0,3.0,-1.122,-0.6071,0.0,0.0,0.0,0.0,0.8165,1.0,0.0,0.0,0.0,0.0,1.0,0.3333,0.0,0.0,0.0,0.0,0.0,,8.0,10.0,2.0,937.0,2.0,1.0,,,,22.0,25.0,,,,1.5,1.0,,23.5,3.0,,Female,Martha,Elise,,,,0.11,0.10741,980.0,10.0,-1.0,0.1,968.0,10.0,-1.0,-0.7852,-0.7274,0.09087,0.11111,0.0,0.0,3.0,0.22222,0.0,0.22222
10.0,Pål Christian & Ivar,TARNO1,7.5,7.5,872.0,9.0,1.0,7.5,808.0,9.0,1.0,2.0,2.0,-0.7683,-0.3393,0.0,0.0,0.0,0.0,2.5,2.5,0.0,0.0,0.0,0.0,0.0,0.0,0.0,0.0,0.0,0.0,0.0,,5.0,10.0,5.0,938.0,2.0,0.0,,,,32.0,39.0,,,,1.0,2.0,,35.5,7.0,,Male,Pål Christian,Christian,,,,0.3,0.3,786.0,9.0,1.0,0.3,708.0,8.0,2.0,-0.4,-0.2386,0.3,0.3,1.0,0.5,1.0,0.6,0.0,0.6
11.0,Kenneth & Hakan,TARNO1,11.0,11.0,1043.0,11.0,0.0,11.0,997.0,11.0,0.0,1.0,1.0,-1.5935,-0.9643,0.0,0.0,0.0,0.0,0.0,0.0,0.0,0.0,0.0,0.0,0.0,0.0,0.0,0.0,0.0,0.0,0.0,,11.0,11.0,0.0,939.0,0.0,0.0,,,,32.0,32.0,,,,0.0,0.0,,32.0,0.0,,Male,Kenneth,Hakan,,,,0.0,0.0,1030.0,11.0,0.0,0.0,1022.0,11.0,0.0,-1.0,-1.0,0.0,0.0,0.0,0.0,1.0,0.0,0.0,0.0
1.0,Omar & Bilal,TARNO2,2.0,2.0,15.0,1.0,0.0,1.5,16.0,1.0,0.0,12.0,12.0,0.4949,0.6226,6.0,0.5,11.0,0.9167,1.63299,1.0,4.0,0.3333,0.0,0.0,0.0,0.0,0.0,1.0,1.0,0.0,0.0,1.0,1.0,7.0,6.0,940.0,6.0,6.0,,,,28.0,26.0,,,,6.0,0.0,,27.0,2.0,,Male,Omar,Bilal,,,,0.84,0.84458,10.0,1.0,0.0,0.92857,21.0,1.0,0.0,0.6892,1.2376,0.21288,0.22917,11.0,0.9167,1.0,1.0,0.25,0.75
2.0,Sveinung & Solfrid,TARNO2,2.83,2.83333,126.0,3.0,-1.0,3.0,166.0,2.0,0.0,12.0,12.0,0.2854,0.466,2.0,0.1667,9.0,0.75,1.34371,1.25,3.0,0.25,1.0,0.0833,0.0,0.0,0.0,0.0,1.0,0.0,0.0,3.0,1.0,6.0,5.0,941.0,6.0,6.0,,,,37.0,29.0,,,,6.0,0.0,,33.0,8.0,,Co-Ed,Sveinung,Solfrid,,,,0.66,0.66323,150.0,2.0,0.0,0.69048,198.0,2.0,0.0,0.3265,0.7571,0.20409,0.2625,10.0,0.8333,2.0,1.0,0.33333,0.66667
3.0,Cecilie & Camilla,TARNO2,3.92,3.91667,367.0,4.0,-1.0,4.0,341.0,4.0,-1.0,12.0,12.0,0.0101,0.2604,0.0,0.0,5.0,0.4167,1.25554,1.25,1.0,0.0833,3.0,0.25,1.0,0.0833,0.0,1.0,0.0,0.0,0.0,4.0,2.0,7.0,5.0,942.0,6.0,6.0,,,,41.0,43.0,,,,6.0,0.0,,42.0,2.0,,Female,Cecilie,Camilla,,,,0.39,0.39067,631.0,4.0,-1.0,0.41667,552.0,4.0,-1.0,-0.2187,0.035,0.24301,0.28036,6.0,0.5,6.0,0.83333,0.0,0.83333
4.0,Julie & Robert,TARNO2,2.73,2.72727,109.0,2.0,2.0,3.0,166.0,2.0,2.0,11.0,11.0,0.3106,0.4849,2.0,0.1818,8.0,0.7273,1.21288,1.5,3.0,0.2727,1.0,0.0909,0.0,0.0,0.0,0.0,0.0,0.0,0.0,2.0,1.0,5.0,4.0,943.0,5.0,6.0,,,,21.0,23.0,,,,5.5,1.0,,22.0,2.0,,Co-Ed,Julie,Robert,,,,0.63,0.63157,202.0,3.0,1.0,0.66667,216.0,3.0,1.0,0.2631,0.6733,0.29271,0.32639,9.0,0.8182,2.0,1.0,0.0,1.0
5.0,Lill & Stian,TARNO2,5.22,5.22222,611.0,7.0,-2.0,5.0,504.0,5.0,0.0,9.0,9.0,-0.3182,0.0151,1.0,0.1111,1.0,0.1111,1.87248,1.0,0.0,0.0,2.0,0.2222,2.0,0.2222,0.0,0.0,0.0,0.0,0.0,5.0,1.0,8.0,7.0,944.0,5.0,3.0,,,,33.0,33.0,,,,4.0,2.0,,33.0,0.0,,Co-Ed,Lill,Stian,,,,0.26,0.25675,849.0,7.0,-2.0,0.16667,888.0,7.0,-2.0,-0.4865,-0.3198,0.29868,0.33333,1.0,0.1111,8.0,1.0,0.0,1.0
6.0,Eva & Wenche,TARNO2,5.0,5.0,566.0,5.0,1.0,6.0,634.0,7.0,-1.0,7.0,7.0,-0.2626,0.0566,1.0,0.1429,1.0,0.1429,1.85164,1.5,0.0,0.0,3.0,0.4286,0.0,0.0,0.0,0.0,0.0,0.0,0.0,6.0,1.0,7.0,6.0,945.0,3.0,4.0,,,,49.0,50.0,,,,3.5,1.0,,49.5,1.0,,Female,Eva,Wenche,,,,0.35,0.35374,689.0,6.0,0.0,0.16667,888.0,7.0,-1.0,-0.2925,-0.0628,0.32854,0.34524,2.0,0.2857,5.0,1.0,0.0,1.0
7.0,Vinh & Terje,TARNO2,5.0,5.0,566.0,5.0,2.0,5.0,504.0,5.0,2.0,6.0,6.0,-0.2626,0.0566,0.0,0.0,1.0,0.1667,1.73205,2.25,1.0,0.1667,0.0,0.0,1.0,0.1667,0.0,0.0,0.0,0.0,0.0,5.0,2.0,7.0,5.0,946.0,4.0,2.0,,,,28.0,29.0,,,,3.0,2.0,,28.5,1.0,,Male,Vinh,Terje,,,,0.38,0.3793,647.0,5.0,2.0,0.38095,603.0,5.0,2.0,-0.2414,0.0049,0.31946,0.49256,2.0,0.3333,4.0,0.88889,0.0,0.88889
8.0,Priscila & Lindsy,TARNO2,7.33,7.33333,859.0,8.0,0.0,8.0,826.0,8.0,0.0,3.0,3.0,-0.851,-0.383,0.0,0.0,0.0,0.0,0.94281,1.0,0.0,0.0,0.0,0.0,0.0,0.0,0.0,0.0,0.0,0.0,0.0,8.0,6.0,8.0,2.0,947.0,1.0,2.0,,,,23.0,21.0,,,,1.5,1.0,,22.0,2.0,,Female,Priscila,Lindsy,,,,0.2,0.19907,917.0,8.0,0.0,0.22222,823.0,6.0,2.0,-0.6019,-0.4726,0.15397,0.1875,0.0,0.0,3.0,0.375,0.0,0.375
9.0,Milorad & Dario,TARNO2,9.0,9.0,952.0,9.0,0.0,9.0,889.0,9.0,0.0,2.0,2.0,-1.2727,-0.6981,0.0,0.0,0.0,0.0,0.0,0.0,0.0,0.0,1.0,0.5,0.0,0.0,0.0,0.0,0.0,0.0,0.0,9.0,9.0,9.0,0.0,948.0,1.0,1.0,,,,59.0,22.0,,,,1.0,0.0,,40.5,37.0,,Male,Milorad,Dario,,,,0.06,0.05556,1007.0,9.0,0.0,0.05556,1001.0,9.0,0.0,-0.8889,-0.8528,0.05556,0.05556,0.0,0.0,2.0,0.11111,0.0,0.11111
10.0,Allan & Ørjan,TARNO2,10.0,10.0,1002.0,10.0,0.0,10.0,954.0,10.0,0.0,1.0,1.0,-1.5253,-0.8868,0.0,0.0,0.0,0.0,0.0,0.0,0.0,0.0,0.0,0.0,0.0,0.0,0.0,0.0,0.0,0.0,0.0,,10.0,10.0,0.0,949.0,0.0,0.0,,,,42.0,26.0,,,,0.0,0.0,,34.0,16.0,,Male,Allan,Ørjan,,,,0.0,0.0,1030.0,10.0,0.0,0.0,1022.0,10.0,0.0,-1.0,-1.0,0.0,0.0,0.0,0.0,1.0,0.0,0.0,0.0
1.0,Baggio & Thành Phúc,TARVN1,2.77,2.76923,118.0,1.0,0.0,3.0,166.0,1.0,0.0,13.0,12.0,0.3568,0.4229,5.0,0.3846,10.0,0.7692,1.80401,2.0,1.0,0.0769,2.0,0.1538,0.0,0.0,1.0,0.0,0.0,0.0,0.0,1.0,1.0,6.0,5.0,950.0,6.0,8.0,,,,22.0,22.0,,,,7.0,2.0,,22.0,0.0,,Male,Baggio , Thành Phúc,,,,0.69,0.69359,113.0,1.0,0.0,0.75,132.0,2.0,-1.0,0.3872,0.4753,0.29824,0.55556,9.0,0.6923,4.0,1.0,0.16667,0.83333
2.0,Minh Hoàng & Phương Thảo,TARVN1,4.31,4.30769,448.0,6.0,-4.0,4.0,341.0,5.0,-3.0,13.0,12.0,-0.0007,0.1021,2.0,0.1538,5.0,0.3846,2.16207,3.0,1.0,0.0769,3.0,0.2308,1.0,0.0769,0.0,0.0,0.0,0.0,0.0,6.0,1.0,8.0,7.0,951.0,8.0,7.0,,,,29.0,28.0,,,,7.5,1.0,,28.5,1.0,,Co-Ed,Minh Hoàng ,Phương Thảo,,,,0.45,0.44918,521.0,8.0,-6.0,0.375,609.0,7.0,-5.0,-0.1016,-0.0445,0.28921,0.25,5.0,0.3846,8.0,1.0,0.0,1.0
3.0,Thành Chung & Thanh Bằng,TARVN1,3.85,3.84615,354.0,3.0,0.0,3.0,166.0,1.0,2.0,13.0,12.0,0.1061,0.1979,1.0,0.0769,7.0,0.5385,2.21346,3.0,4.0,0.3077,2.0,0.1538,1.0,0.0769,0.0,0.0,1.0,0.0,0.0,2.0,1.0,9.0,8.0,952.0,8.0,7.0,,,,29.0,27.0,,,,7.5,1.0,,28.0,2.0,,Male,Thành Chung , Thanh Bằng,,,,0.49,0.48516,456.0,6.0,-3.0,0.5,408.0,6.0,-3.0,-0.0297,0.032,0.32203,0.55,8.0,0.6154,5.0,1.0,0.0,1.0
4.0,Chí Bình & Hồng Long,TARVN1,3.0,3.0,155.0,2.0,2.0,3.0,166.0,1.0,3.0,12.0,11.0,0.3034,0.375,1.0,0.0833,7.0,0.5833,1.1547,2.0,4.0,0.3333,1.0,0.0833,0.0,0.0,0.0,0.0,1.0,0.0,0.0,2.0,1.0,5.0,4.0,953.0,5.0,8.0,,,,31.0,29.0,,,,6.5,3.0,,30.0,2.0,,Male,Chí Bình , Hồng Long,,,,0.63,0.62669,206.0,2.0,2.0,0.66667,216.0,3.0,1.0,0.2534,0.333,0.27649,0.33661,9.0,0.75,3.0,1.0,0.0,1.0
5.0,Tuấn Anh & Xuân Sơn,TARVN1,4.7,4.7,521.0,7.0,-2.0,4.5,470.0,6.0,-1.0,10.0,10.0,-0.0913,0.0208,2.0,0.2,3.0,0.3,2.64764,4.5,1.0,0.1,2.0,0.2,1.0,0.1,0.0,2.0,0.0,0.0,0.0,7.0,1.0,9.0,8.0,954.0,6.0,5.0,,,,29.0,24.0,,,,5.5,1.0,,26.5,5.0,,Male,Tuấn Anh , Xuân Sơn,,,,0.43,0.43206,568.0,7.0,-2.0,0.325,694.0,8.0,-3.0,-0.1359,-0.081,0.37355,0.61012,4.0,0.4,6.0,1.0,0.0,1.0
6.0,Minh Châu & Trần Châu,TARVN1,4.25,4.25,433.0,5.0,1.0,4.5,470.0,6.0,0.0,8.0,8.0,0.0132,0.1146,1.0,0.125,2.0,0.25,1.56125,1.5,0.0,0.0,0.0,0.0,0.0,0.0,0.0,0.0,0.0,0.0,0.0,5.0,1.0,6.0,5.0,955.0,4.0,4.0,,,,29.0,29.0,,,,4.0,0.0,,29.0,0.0,,Male,Minh Châu , Trần Châu,,,,0.53,0.52976,366.0,4.0,2.0,0.56349,366.0,4.0,2.0,0.0595,0.1269,0.271,0.25,5.0,0.625,3.0,1.0,0.0,1.0
7.0,Gia Bình & Bảo Châu,TARVN1,7.0,7.0,819.0,9.0,-2.0,7.0,734.0,9.0,-2.0,7.0,7.0,-0.6253,-0.4583,0.0,0.0,1.0,0.1429,2.39046,2.0,1.0,0.1429,2.0,0.2857,1.0,0.1429,0.0,0.0,0.0,0.0,0.0,7.0,2.0,10.0,8.0,956.0,3.0,4.0,,,,33.0,34.0,,,,3.5,1.0,,33.5,1.0,,Female,Gia Bình , Bảo Châu,,,,0.24,0.24121,869.0,9.0,-2.0,0.125,926.0,9.0,-2.0,-0.5176,-0.4869,0.26936,0.25397,1.0,0.1429,6.0,0.83333,0.0,0.83333
8.0,Thanh Tuấn & Mỹ Trâm,TARVN1,4.0,4.0,375.0,4.0,4.0,3.0,166.0,1.0,7.0,5.0,5.0,0.0712,0.1667,0.0,0.0,3.0,0.6,2.09762,1.0,1.0,0.2,0.0,0.0,0.0,0.0,0.0,0.0,0.0,0.0,0.0,3.0,2.0,8.0,6.0,957.0,2.0,3.0,,,,32.0,27.0,,,,2.5,1.0,,29.5,5.0,,Co-Ed,Thanh Tuấn , Mỹ Trâm,,,,0.61,0.61389,224.0,3.0,5.0,0.77778,108.0,1.0,7.0,0.2278,0.3058,0.31822,0.15278,4.0,0.8,1.0,0.88889,0.0,0.88889
9.0,Richie & Mimi,TARVN1,8.75,8.75,950.0,10.0,-1.0,8.5,875.0,10.0,-1.0,4.0,4.0,-1.0317,-0.8229,0.0,0.0,0.0,0.0,0.82916,1.25,0.0,0.0,0.0,0.0,1.0,0.25,0.0,0.0,0.0,0.0,0.0,8.0,8.0,10.0,2.0,958.0,2.0,2.0,,,,39.0,23.0,,,,2.0,0.0,,31.0,16.0,,Co-Ed,Richie , Mimi,,,,0.11,0.11111,973.0,10.0,-1.0,0.11111,945.0,10.0,-1.0,-0.7778,-0.7637,0.11111,0.22222,0.0,0.0,4.0,0.22222,0.0,0.22222
10.0,Thanh Thủy & Minh Thoa,TARVN1,5.33,5.33333,635.0,8.0,2.0,5.0,504.0,8.0,2.0,3.0,3.0,-0.2376,-0.1104,1.0,0.3333,1.0,0.3333,3.68179,4.5,0.0,0.0,0.0,0.0,0.0,0.0,0.0,0.0,0.0,0.0,0.0,,1.0,10.0,9.0,959.0,1.0,1.0,,,,25.0,25.0,,,,1.0,0.0,,25.0,0.0,,Female,Thanh Thủy , Minh Thoa,,,,0.52,0.51852,387.0,5.0,5.0,0.55556,370.0,5.0,5.0,0.037,0.103,0.40909,0.5,2.0,0.6667,1.0,1.0,0.0,1.0
1.0,Diệp Lâm Anh & Thu Hiền,TARVN2,2.5,2.5,80.0,2.0,-1.0,2.0,26.0,1.0,0.0,12.0,12.0,0.3401,0.4658,4.0,0.3333,10.0,0.8333,1.70783,2.0,4.0,0.3333,1.0,0.0833,0.0,0.0,0.0,0.0,0.0,0.0,0.0,1.0,1.0,6.0,5.0,960.0,7.0,6.0,,,,24.0,24.0,,,,6.5,1.0,,24.0,0.0,,Female,Diệp Lâm Anh , Thu Hiền,,,,0.73,0.73403,70.0,1.0,0.0,0.75,132.0,2.0,-1.0,0.4681,0.7773,0.2535,0.35,10.0,0.8333,2.0,1.0,0.16667,0.83333
2.0,Linh Chi & Phúc Vinh,TARVN2,2.17,2.16667,31.0,1.0,1.0,2.0,26.0,1.0,1.0,12.0,12.0,0.4272,0.5363,5.0,0.4167,9.0,0.75,1.21335,2.25,3.0,0.25,1.0,0.0833,1.0,0.0833,1.0,0.0,0.0,0.0,0.0,1.0,1.0,4.0,3.0,961.0,6.0,7.0,,,,30.0,27.0,,,,6.5,1.0,,28.5,3.0,,Co-Ed,Linh Chi , Phúc Vinh,,,,0.71,0.70685,95.0,2.0,0.0,0.86607,43.0,1.0,1.0,0.4137,0.7115,0.33132,0.5,10.0,0.8333,2.0,1.0,0.0,1.0
3.0,Đức Hưng & Thùy Dung,TARVN2,3.92,3.91667,367.0,4.0,-1.0,3.0,166.0,4.0,-1.0,12.0,12.0,-0.0346,0.1624,1.0,0.0833,7.0,0.5833,1.70579,2.0,0.0,0.0,5.0,0.4167,0.0,0.0,0.0,1.0,0.0,0.0,0.0,3.0,1.0,7.0,6.0,962.0,7.0,7.0,,,,29.0,26.0,,,,7.0,0.0,,27.5,3.0,,Co-Ed,Đức Hưng , Thùy Dung,,,,0.38,0.37877,649.0,5.0,-2.0,0.33333,656.0,6.0,-3.0,-0.2425,-0.0829,0.2445,0.19643,3.0,0.25,9.0,1.0,0.0,1.0
4.0,Hari & Tiến Đạt,TARVN2,2.55,2.54545,85.0,3.0,1.0,2.0,26.0,1.0,3.0,11.0,11.0,0.327,0.4551,2.0,0.1818,8.0,0.7273,1.07565,1.5,4.0,0.3636,0.0,0.0,1.0,0.0909,0.0,0.0,1.0,0.0,0.0,2.0,1.0,4.0,3.0,963.0,5.0,7.0,,,,29.0,32.0,,,,6.0,2.0,,30.5,3.0,,Co-Ed,Hari , Tiến Đạt,,,,0.64,0.64145,181.0,3.0,1.0,0.71429,171.0,3.0,1.0,0.2829,0.5531,0.32482,0.17083,9.0,0.8182,2.0,1.0,0.0,1.0
5.0,Linh Sơn & Đoàn Mạnh,TARVN2,4.88,4.875,554.0,5.0,0.0,5.0,504.0,5.0,0.0,8.0,8.0,-0.288,-0.0427,0.0,0.0,1.0,0.125,1.16592,1.25,0.0,0.0,2.0,0.25,1.0,0.125,0.0,0.0,0.0,0.0,0.0,5.0,3.0,7.0,4.0,964.0,4.0,4.0,,,,26.0,26.0,,,,4.0,0.0,,26.0,0.0,,Male,Linh Sơn , Đoàn Mạnh,,,,0.3,0.30223,779.0,7.0,-2.0,0.25,777.0,7.0,-2.0,-0.3955,-0.2682,0.26021,0.34911,2.0,0.25,6.0,0.75,0.0,0.75
6.0,Thanh Hoa & Anh Tuấn,TARVN2,5.33,5.33333,635.0,7.0,-1.0,5.0,504.0,5.0,1.0,6.0,6.0,-0.4068,-0.1389,0.0,0.0,0.0,0.0,1.37437,1.5,0.0,0.0,1.0,0.1667,0.0,0.0,0.0,0.0,0.0,0.0,0.0,5.0,4.0,8.0,4.0,965.0,1.0,5.0,,,,29.0,32.0,,,,3.0,4.0,,30.5,3.0,,Co-Ed,Thanh Hoa , Anh Tuấn,,,,0.34,0.33829,715.0,6.0,0.0,0.41667,552.0,5.0,1.0,-0.3234,-0.1809,0.2108,0.32292,3.0,0.5,3.0,0.57143,0.0,0.57143
7.0,Việt Dũng & Pha Lê,TARVN2,6.8,6.8,811.0,8.0,-1.0,7.0,734.0,8.0,-1.0,5.0,5.0,-0.7948,-0.453,0.0,0.0,0.0,0.0,0.74833,1.0,0.0,0.0,1.0,0.2,1.0,0.2,0.0,0.0,0.0,0.0,0.0,6.0,6.0,8.0,2.0,966.0,3.0,2.0,,,,26.0,26.0,,,,2.5,1.0,,26.0,0.0,,Co-Ed,Việt Dũng , Pha Lê,,,,0.16,0.15714,943.0,8.0,-1.0,0.125,926.0,8.0,-1.0,-0.6857,-0.6195,0.15127,0.28571,0.0,0.0,5.0,0.375,0.0,0.375
8.0,Kim Lee & Pharreal Phương,TARVN2,5.0,5.0,566.0,6.0,2.0,5.0,504.0,5.0,3.0,3.0,3.0,-0.3197,-0.0684,0.0,0.0,1.0,0.3333,2.44949,3.0,1.0,0.3333,0.0,0.0,0.0,0.0,0.0,0.0,0.0,0.0,0.0,,2.0,8.0,6.0,967.0,1.0,2.0,,,,25.0,25.0,,,,1.5,1.0,,25.0,0.0,,Co-Ed,Kim Lee ,Pharreal Phương,,,,0.46,0.45833,505.0,4.0,4.0,0.5,408.0,4.0,4.0,-0.0833,0.1097,0.35843,0.4375,2.0,0.6667,1.0,0.875,0.0,0.875
9.0,S.T & Hùng Phong,TARVN2,9.0,9.0,952.0,9.0,0.0,9.0,889.0,9.0,0.0,2.0,2.0,-1.3755,-0.9231,0.0,0.0,0.0,0.0,0.0,0.0,0.0,0.0,0.0,0.0,1.0,0.5,0.0,0.0,0.0,0.0,0.0,9.0,9.0,9.0,0.0,968.0,2.0,0.0,,,,22.0,22.0,,,,1.0,2.0,,22.0,0.0,,Male,S.T , Hùng Phong,,,,0.0,0.0,1030.0,9.0,0.0,0.0,1022.0,9.0,0.0,-1.0,-1.0,0.0,0.0,0.0,0.0,2.0,0.0,0.0,0.0
1.0,Hương Giang & Criss,TARVN3,2.36,2.36364,54.0,1.0,0.0,2.0,26.0,1.0,0.0,11.0,11.0,0.3944,0.4709,4.0,0.3636,9.0,0.8182,1.72008,1.5,4.0,0.3636,1.0,0.0909,0.0,0.0,0.0,0.0,1.0,0.0,0.0,2.0,1.0,7.0,6.0,969.0,5.0,6.0,,,,23.0,32.0,,,,5.5,1.0,,27.5,9.0,,Co-Ed,Hương Giang , Criss,,,,0.75,0.74924,57.0,1.0,0.0,0.83333,69.0,1.0,0.0,0.4985,0.6547,0.27323,0.425,8.0,0.7273,3.0,1.0,0.25,0.75
2.0,Trang Trần & Hiếu Nguyễn,TARVN3,3.18,3.18182,212.0,3.0,-1.0,3.0,166.0,3.0,-1.0,11.0,11.0,0.184,0.287,0.0,0.0,7.0,0.6364,0.93597,1.5,3.0,0.2727,1.0,0.0909,0.0,0.0,0.0,0.0,0.0,0.0,0.0,3.0,2.0,5.0,3.0,970.0,5.0,6.0,,,,29.0,24.0,,,,5.5,1.0,,26.5,5.0,,Co-Ed,Trang Trần , Hiếu Nguyễn,,,,0.57,0.56937,299.0,4.0,-2.0,0.57143,352.0,5.0,-3.0,0.1387,0.2574,0.11721,0.14583,10.0,0.9091,1.0,0.8,0.33333,0.46667
3.0,Trang Khiếu & An Đinh,TARVN3,4.82,4.81818,545.0,7.0,-4.0,6.0,634.0,7.0,-4.0,11.0,11.0,-0.2368,-0.0807,0.0,0.0,3.0,0.2727,1.58505,2.5,1.0,0.0909,4.0,0.3636,2.0,0.1818,1.0,0.0,0.0,0.0,0.0,6.0,2.0,7.0,5.0,971.0,6.0,4.0,,,,23.0,25.0,,,,5.0,2.0,,24.0,2.0,,Female,Trang Khiếu , An Đinh,,,,0.25,0.24935,863.0,7.0,-4.0,0.16667,888.0,7.0,-4.0,-0.5013,-0.4493,0.22161,0.30357,2.0,0.1818,9.0,0.66667,0.0,0.66667
4.0,Kiwi Ngô Mai Trang & Đỗ Hoàng Dương,TARVN3,3.4,3.4,258.0,4.0,0.0,2.5,128.0,2.0,2.0,10.0,10.0,0.1275,0.2377,5.0,0.5,5.0,0.5,2.61534,4.0,0.0,0.0,1.0,0.1,1.0,0.1,0.0,0.0,0.0,0.0,0.0,1.0,1.0,8.0,7.0,972.0,4.0,6.0,,,,32.0,39.0,,,,5.0,2.0,,35.5,7.0,,Co-Ed,Kiwi Ngô Mai Trang , Đỗ Hoàng Dương,,,,0.61,0.60536,238.0,3.0,1.0,0.75,132.0,2.0,2.0,0.2107,0.3369,0.42246,0.79911,6.0,0.6,4.0,1.0,0.0,1.0
5.0,Sơn Ngọc Minh & Mint,TARVN3,4.0,4.0,375.0,5.0,0.0,5.0,504.0,6.0,-1.0,8.0,8.0,-0.0264,0.1031,1.0,0.125,3.0,0.375,1.41421,2.0,0.0,0.0,2.0,0.25,0.0,0.0,0.0,1.0,0.0,0.0,0.0,5.0,1.0,5.0,4.0,973.0,4.0,4.0,,,,24.0,32.0,,,,4.0,0.0,,28.0,8.0,,Co-Ed,Sơn Ngọc Minh , Mint,,,,0.44,0.44137,538.0,6.0,-1.0,0.33333,656.0,6.0,-1.0,-0.1173,-0.0252,0.31947,0.52321,3.0,0.375,5.0,1.0,0.0,1.0
6.0,Long Điền & Kim Dung,TARVN3,3.14,3.14286,191.0,2.0,4.0,3.0,166.0,3.0,3.0,7.0,7.0,0.1943,0.296,1.0,0.1429,4.0,0.5714,1.55183,2.0,2.0,0.2857,0.0,0.0,0.0,0.0,0.0,0.0,0.0,0.0,0.0,2.0,1.0,6.0,5.0,974.0,4.0,3.0,,,,30.0,26.0,,,,3.5,1.0,,28.0,4.0,,Co-Ed,Long Điền , Kim Dung,,,,0.62,0.62007,214.0,2.0,4.0,0.75,132.0,2.0,4.0,0.2401,0.3694,0.31853,0.39524,5.0,0.7143,2.0,1.0,0.0,1.0
7.0,Kim Thanh & Khải Anh,TARVN3,6.6,6.6,789.0,8.0,-1.0,7.0,734.0,8.0,-1.0,5.0,5.0,-0.6936,-0.4798,0.0,0.0,1.0,0.2,2.05913,2.0,0.0,0.0,1.0,0.2,1.0,0.2,0.0,0.0,0.0,0.0,0.0,,3.0,9.0,6.0,975.0,2.0,3.0,,,,26.0,24.0,,,,2.5,1.0,,25.0,2.0,,Co-Ed,Kim Thanh , Khải Anh,,,,0.22,0.21548,897.0,8.0,-1.0,0.125,926.0,8.0,-1.0,-0.569,-0.5241,0.24882,0.28571,1.0,0.2,4.0,0.66667,0.0,0.66667
8.0,Miko Lan Trinh & Hoàng Nam,TARVN3,4.67,4.66667,509.0,6.0,2.0,4.0,341.0,5.0,3.0,3.0,3.0,-0.1983,-0.0471,0.0,0.0,1.0,0.3333,2.49444,3.0,1.0,0.3333,0.0,0.0,0.0,0.0,0.0,0.0,0.0,0.0,0.0,,2.0,8.0,6.0,976.0,1.0,2.0,,,,27.0,29.0,,,,1.5,1.0,,28.0,2.0,,Co-Ed,Miko Lan Trinh , Hoàng Nam,,,,0.5,0.5,423.0,5.0,3.0,0.625,283.0,4.0,4.0,0.0,0.1042,0.36799,0.4375,2.0,0.6667,1.0,0.875,0.0,0.875
9.0,Minh Long & Sơn Việt,TARVN3,8.0,8.0,899.0,9.0,0.0,8.0,826.0,9.0,0.0,2.0,2.0,-1.0528,-0.7937,0.0,0.0,0.0,0.0,1.0,1.0,0.0,0.0,0.0,0.0,0.0,0.0,0.0,0.0,0.0,0.0,0.0,,7.0,9.0,2.0,977.0,2.0,0.0,,,,26.0,29.0,,,,1.0,2.0,,27.5,3.0,,Male,Minh Long , Sơn Việt,,,,0.13,0.125,970.0,9.0,0.0,0.125,926.0,8.0,0.0,-0.75,-0.7239,0.125,0.125,0.0,0.0,2.0,0.25,0.0,0.25
1.0,Ngọc Anh & Nhật Anh,TARVN4,2.0,2.0,15.0,1.0,0.0,1.0,1.0,1.0,0.0,11.0,11.0,0.4872,0.5134,7.0,0.6364,9.0,0.8182,1.70561,1.0,2.0,0.1818,0.0,0.0,1.0,0.0909,0.0,0.0,0.0,0.0,0.0,1.0,1.0,6.0,5.0,978.0,4.0,5.0,,,,34.0,25.0,,,,4.5,1.0,,29.5,9.0,,Co-Ed,Ngọc Anh , Nhật Anh,,,,0.81,0.80519,23.0,1.0,0.0,1.0,1.0,1.0,0.0,0.6104,0.6771,0.32453,0.2381,9.0,0.8182,2.0,1.0,0.0,1.0
2.0,Lincoln & Chí Thành,TARVN4,3.27,3.27273,229.0,2.0,0.0,3.0,166.0,2.0,0.0,11.0,11.0,0.1615,0.2044,1.0,0.0909,6.0,0.5455,1.54278,2.5,4.0,0.3636,2.0,0.1818,0.0,0.0,1.0,0.0,0.0,0.0,0.0,2.0,1.0,6.0,5.0,979.0,4.0,4.0,,,,25.0,29.0,,,,4.0,0.0,,27.0,4.0,,Male,Lincoln , Chí Thành,,,,0.59,0.58983,273.0,2.0,0.0,0.57143,352.0,2.0,0.0,0.1797,0.2285,0.252,0.31071,8.0,0.7273,3.0,1.0,0.16667,0.83333
3.0,Băng Di & Trang Pháp,TARVN4,4.73,4.72727,530.0,6.0,-3.0,4.0,341.0,3.0,0.0,11.0,11.0,-0.2128,-0.1509,0.0,0.0,4.0,0.3636,2.00413,3.0,1.0,0.0909,4.0,0.3636,2.0,0.1818,0.0,0.0,0.0,0.0,0.0,3.0,2.0,8.0,6.0,980.0,5.0,4.0,,,,26.0,25.0,,,,4.5,1.0,,25.5,1.0,,Female,Băng Di , Trang Pháp,,,,0.3,0.30195,780.0,8.0,-5.0,0.25,777.0,8.0,-5.0,-0.3961,-0.3711,0.26098,0.39286,3.0,0.2727,8.0,0.8,0.0,0.8
4.0,Thùy Anh & Đăng Hoàng,TARVN4,4.2,4.2,418.0,4.0,0.0,4.0,341.0,3.0,1.0,10.0,10.0,-0.0769,-0.0219,0.0,0.0,4.0,0.4,1.72047,2.0,2.0,0.2,2.0,0.2,0.0,0.0,0.0,0.0,0.0,0.0,0.0,5.0,2.0,7.0,5.0,981.0,5.0,4.0,,,,20.0,24.0,,,,4.5,1.0,,22.0,4.0,,Co-Ed,Thùy Anh , Đăng Hoàng,,,,0.43,0.43095,571.0,4.0,0.0,0.42857,533.0,4.0,0.0,-0.1381,-0.1024,0.26643,0.36786,4.0,0.4,6.0,0.83333,0.0,0.83333
5.0,Nam Thành & Hải Băng,TARVN4,3.56,3.55556,292.0,3.0,2.0,4.0,341.0,3.0,2.0,9.0,9.0,0.0872,0.1338,2.0,0.2222,4.0,0.4444,1.94999,3.0,2.0,0.2222,0.0,0.0,0.0,0.0,0.0,0.0,0.0,0.0,0.0,2.0,1.0,6.0,5.0,982.0,4.0,4.0,,,,24.0,27.0,,,,4.0,0.0,,25.5,3.0,,Co-Ed,Nam Thành , Hải Băng,,,,0.56,0.55767,321.0,3.0,2.0,0.4,563.0,5.0,0.0,0.1153,0.1615,0.35036,0.57143,4.0,0.4444,5.0,1.0,0.0,1.0
6.0,Phương Ly & Joo Young,TARVN4,4.5,4.5,484.0,5.0,1.0,4.0,341.0,3.0,3.0,8.0,8.0,-0.1538,-0.0949,0.0,0.0,3.0,0.375,1.5,3.0,0.0,0.0,2.0,0.25,0.0,0.0,0.0,0.0,0.0,0.0,0.0,3.0,3.0,7.0,4.0,983.0,2.0,4.0,,,,25.0,27.0,,,,3.0,2.0,,26.0,2.0,,Female,Phương Ly , Joo Young,,,,0.43,0.42917,573.0,5.0,1.0,0.57143,352.0,2.0,4.0,-0.1417,-0.1061,0.26039,0.45595,5.0,0.625,3.0,0.71429,0.0,0.71429
7.0,Song Ngư & Trúc Như,TARVN4,5.33,5.33333,635.0,8.0,-1.0,6.0,634.0,7.0,0.0,6.0,6.0,-0.3667,-0.2968,0.0,0.0,2.0,0.3333,1.69967,3.0,0.0,0.0,0.0,0.0,1.0,0.1667,0.0,0.0,0.0,0.0,0.0,6.0,3.0,7.0,4.0,984.0,2.0,3.0,,,,22.0,24.0,,,,2.5,1.0,,23.0,2.0,,Female,Song Ngư , Trúc Như,,,,0.33,0.33333,726.0,7.0,0.0,0.28571,742.0,6.0,1.0,-0.3333,-0.3057,0.29354,0.53571,2.0,0.3333,4.0,0.71429,0.0,0.71429
8.0,Tim & Anh Đức,TARVN4,5.25,5.25,616.0,7.0,1.0,6.0,634.0,7.0,1.0,4.0,4.0,-0.3462,-0.2774,1.0,0.25,1.0,0.25,2.94746,4.75,0.0,0.0,0.0,0.0,1.0,0.25,0.0,0.0,0.0,0.0,0.0,8.0,1.0,8.0,7.0,985.0,2.0,1.0,,,,30.0,28.0,,,,1.5,1.0,,29.0,2.0,,Male,Tim , Anh Đức,,,,0.39,0.39286,627.0,6.0,2.0,0.28571,742.0,6.0,1.0,-0.2143,-0.1817,0.42107,0.67857,2.0,0.5,2.0,1.0,0.0,1.0
1.0,Lincoln & Tiến Đạt,TARVN5,1.64,1.63636,3.0,1.0,0.0,2.0,26.0,1.0,0.0,11.0,11.0,0.6227,0.6772,5.0,0.4545,11.0,1.0,0.64282,1.0,5.0,0.4545,0.0,0.0,0.0,0.0,0.0,0.0,0.0,0.0,0.0,1.0,1.0,3.0,2.0,986.0,4.0,4.0,,,,26.0,35.0,,,,4.0,0.0,,30.5,9.0,,Male,Lincoln , Tiến Đạt,,,,0.88,0.8763,4.0,1.0,0.0,0.875,37.0,1.0,0.0,0.7526,1.0056,0.12443,0.225,11.0,1.0,0.0,1.0,0.66667,0.33333
2.0,Hương Giang & Criss,TARVN5,3.45,3.45455,268.0,2.0,0.0,3.0,166.0,2.0,0.0,11.0,11.0,0.2063,0.3209,3.0,0.2727,6.0,0.5455,2.23052,3.5,2.0,0.1818,0.0,0.0,0.0,0.0,1.0,1.0,1.0,0.0,0.0,1.0,1.0,8.0,7.0,987.0,3.0,4.0,,,,25.0,34.0,,,,3.5,1.0,,29.5,9.0,,Co-Ed,Hương Giang , Criss,,,,0.62,0.61591,221.0,2.0,0.0,0.5,408.0,3.0,-1.0,0.2318,0.4097,0.27596,0.50139,7.0,0.6364,4.0,1.0,0.22222,0.77778
3.0,Phúc Vinh & Thùy Dung,TARVN5,3.45,3.45455,268.0,2.0,1.0,3.0,166.0,2.0,1.0,11.0,11.0,0.2063,0.3209,1.0,0.0909,7.0,0.6364,1.30479,2.0,1.0,0.0909,2.0,0.1818,0.0,0.0,0.0,1.0,0.0,0.0,0.0,3.0,1.0,5.0,4.0,988.0,6.0,2.0,,,,30.0,29.0,,,,4.0,4.0,,29.5,1.0,,Co-Ed,Phúc Vinh , Thùy Dung,,,,0.52,0.51649,392.0,4.0,-1.0,0.5,408.0,3.0,0.0,0.033,0.1821,0.25486,0.19683,7.0,0.6364,4.0,1.0,0.0,1.0
4.0,Việt Dũng & Pha Lê,TARVN5,4.1,4.1,403.0,4.0,0.0,4.0,341.0,4.0,0.0,10.0,10.0,0.0567,0.1929,1.0,0.1,2.0,0.2,1.64012,0.75,1.0,0.1,2.0,0.2,1.0,0.1,0.0,0.0,0.0,0.0,0.0,4.0,1.0,7.0,6.0,989.0,5.0,1.0,,,,29.0,29.0,,,,3.0,4.0,,29.0,0.0,,Co-Ed,Việt Dũng , Pha Lê,,,,0.4,0.40413,608.0,5.0,-1.0,0.26786,772.0,7.0,-3.0,-0.1917,-0.075,0.33136,0.4125,4.0,0.4,6.0,1.0,0.0,1.0
5.0,Thanh Hoa & Anh Tuấn,TARVN5,4.13,4.125,407.0,5.0,0.0,4.0,341.0,4.0,1.0,8.0,8.0,0.0498,0.187,1.0,0.125,3.0,0.375,1.76334,2.25,0.0,0.0,0.0,0.0,0.0,0.0,0.0,0.0,1.0,0.0,0.0,3.0,1.0,7.0,6.0,990.0,1.0,4.0,,,,26.0,32.0,,,,2.5,3.0,,29.0,6.0,,Co-Ed,Thanh Hoa , Anh Tuấn,,,,0.55,0.54886,337.0,3.0,2.0,0.59821,331.0,2.0,3.0,0.0977,0.2562,0.27901,0.27083,5.0,0.625,3.0,1.0,0.0,1.0
6.0,Song Ngư & Trúc Như,TARVN5,7.0,7.0,819.0,9.0,-3.0,8.0,826.0,9.0,-3.0,7.0,7.0,-0.6104,-0.378,0.0,0.0,1.0,0.1429,2.44949,2.5,1.0,0.1429,4.0,0.5714,1.0,0.1429,0.0,0.0,0.0,0.0,0.0,8.0,2.0,10.0,8.0,991.0,2.0,3.0,,,,23.0,25.0,,,,2.5,1.0,,24.0,2.0,,Female,Song Ngư , Trúc Như,,,,0.2,0.19785,918.0,9.0,-3.0,0.125,926.0,10.0,-4.0,-0.6043,-0.5472,0.2757,0.09028,1.0,0.1429,6.0,0.85714,0.0,0.85714
7.0,Minh Long & Thu Hiền,TARVN5,5.67,5.66667,677.0,6.0,1.0,5.5,613.0,6.0,1.0,6.0,6.0,-0.3044,-0.1161,0.0,0.0,1.0,0.1667,2.13437,3.0,0.0,0.0,2.0,0.3333,0.0,0.0,0.0,0.0,0.0,0.0,0.0,4.0,3.0,9.0,6.0,992.0,2.0,1.0,,,,27.0,27.0,,,,1.5,1.0,,27.0,0.0,,Co-Ed,Minh Long , Thu Hiền,,,,0.38,0.38261,644.0,6.0,1.0,0.38393,602.0,5.0,2.0,-0.2348,-0.1243,0.30332,0.5372,3.0,0.5,3.0,0.75,0.0,0.75
8.0,Richie & Mimi,TARVN5,6.4,6.4,766.0,7.0,1.0,7.0,734.0,7.0,1.0,5.0,5.0,-0.4724,-0.2598,0.0,0.0,1.0,0.2,2.41661,2.0,1.0,0.2,0.0,0.0,1.0,0.2,0.0,0.0,0.0,0.0,0.0,,2.0,9.0,7.0,993.0,1.0,0.0,,,,43.0,27.0,,,,0.5,1.0,,35.0,16.0,,Co-Ed,Richie , Mimi,,,,0.32,0.31667,755.0,8.0,0.0,0.25,777.0,8.0,0.0,-0.3667,-0.2752,0.33129,0.44444,1.0,0.2,4.0,0.88889,0.0,0.88889
9.0,Mâu Thủy & Ngọc Minh,TARVN5,6.5,6.5,775.0,8.0,1.0,7.0,734.0,7.0,2.0,4.0,4.0,-0.4954,-0.2795,0.0,0.0,1.0,0.25,2.29129,3.0,0.0,0.0,0.0,0.0,0.0,0.0,0.0,0.0,0.0,0.0,0.0,,3.0,9.0,6.0,994.0,1.0,1.0,,,,24.0,26.0,,,,1.0,0.0,,25.0,2.0,,Co-Ed,Mâu Thủy , Ngọc Minh,,,,0.34,0.34375,709.0,7.0,2.0,0.29861,725.0,6.0,3.0,-0.3125,-0.2132,0.28385,0.30903,1.0,0.25,3.0,0.77778,0.0,0.77778
10.0,Thùy Anh & Đăng Hoàng,TARVN5,8.5,8.5,931.0,10.0,0.0,8.5,875.0,10.0,0.0,2.0,2.0,-0.9555,-0.6732,0.0,0.0,0.0,0.0,1.5,1.5,0.0,0.0,0.0,0.0,0.0,0.0,0.0,0.0,0.0,0.0,0.0,,7.0,10.0,3.0,995.0,1.0,1.0,,,,21.0,25.0,,,,1.0,0.0,,23.0,4.0,,Co-Ed,Thùy Anh , Đăng Hoàng,,,,0.17,0.16667,935.0,10.0,0.0,0.16667,888.0,9.0,1.0,-0.6667,-0.6185,0.16667,0.16667,0.0,0.0,2.0,0.33333,0.0,0.33333
1.0,Lệ Hằng & H'Hen Niê,TARVN6,3.2,3.2,215.0,4.0,-3.0,2.5,128.0,3.0,-2.0,10.0,10.0,0.2623,0.3822,2.0,0.2,6.0,0.6,1.8868,2.75,3.0,0.3,0.0,0.0,0.0,0.0,0.0,0.0,0.0,0.0,0.0,2.0,1.0,7.0,6.0,996.0,3.0,5.0,,,,26.0,27.0,,,,4.0,2.0,,26.5,1.0,,Female,Lệ Hằng , H'Hen Niê,,,,0.69,0.68579,123.0,2.0,-1.0,0.66667,216.0,3.0,-2.0,0.3555,0.6026,0.23016,0.28452,8.0,0.8,2.0,1.0,0.25,0.75
2.0,ST Sơn Thạch & Bình An,TARVN6,1.7,1.7,6.0,1.0,1.0,1.5,16.0,1.0,1.0,10.0,10.0,0.6081,0.6718,5.0,0.5,10.0,1.0,0.78102,1.0,3.0,0.3,0.0,0.0,0.0,0.0,0.0,0.0,0.0,0.0,0.0,1.0,1.0,3.0,2.0,997.0,4.0,4.0,,,,29.0,26.0,,,,4.0,0.0,,27.5,3.0,,Male,ST Sơn Thạch , Bình An,,,,0.85,0.85143,8.0,1.0,1.0,0.91667,25.0,1.0,1.0,0.6829,0.9897,0.17023,0.26429,10.0,1.0,0.0,1.0,0.5,0.5
3.0,Lê Xuân Tiền & Đỗ Mỹ Linh,TARVN6,3.0,3.0,155.0,3.0,0.0,3.0,166.0,4.0,-1.0,10.0,10.0,0.3084,0.4208,2.0,0.2,7.0,0.7,1.41421,1.5,1.0,0.1,1.0,0.1,0.0,0.0,1.0,0.0,0.0,0.0,0.0,3.0,1.0,6.0,5.0,998.0,4.0,3.0,,,,23.0,23.0,,,,3.5,1.0,,23.0,0.0,,Co-Ed,Lê Xuân Tiền , Đỗ Mỹ Linh,,,,0.65,0.65317,166.0,3.0,0.0,0.66071,267.0,4.0,-1.0,0.2911,0.5264,0.2316,0.29464,7.0,0.7,3.0,1.0,0.33333,0.66667
4.0,Minh Triệu & Kỳ Duyên,TARVN6,5.1,5.1,592.0,5.0,-1.0,4.0,341.0,5.0,-1.0,10.0,10.0,-0.1756,0.0154,0.0,0.0,1.0,0.1,1.75784,2.5,0.0,0.0,2.0,0.2,1.0,0.1,0.0,0.0,0.0,0.0,0.0,4.0,3.0,8.0,5.0,999.0,4.0,4.0,,,,31.0,23.0,,,,4.0,0.0,,27.0,8.0,,Female,Minh Triệu , Kỳ Duyên,,,,0.29,0.29099,805.0,7.0,-3.0,0.23611,809.0,7.0,-3.0,-0.4248,-0.32,0.22513,0.22063,2.0,0.2,8.0,0.71429,0.0,0.71429
5.0,MLee & Quốc Anh,TARVN6,2.88,2.875,138.0,2.0,3.0,2.0,26.0,2.0,3.0,8.0,8.0,0.3361,0.444,1.0,0.125,5.0,0.625,1.45237,2.25,4.0,0.5,1.0,0.125,0.0,0.0,0.0,0.0,1.0,0.0,0.0,2.0,1.0,5.0,4.0,1000.0,4.0,3.0,,,,27.0,21.0,,,,3.5,1.0,,24.0,6.0,,Co-Ed,MLee , Quốc Anh,,,,0.65,0.65124,171.0,4.0,1.0,0.86607,43.0,2.0,3.0,0.2872,0.5219,0.34958,0.46389,6.0,0.75,2.0,1.0,0.0,1.0
6.0,Johnny & Huy Trần,TARVN6,5.71,5.71429,685.0,6.0,0.0,6.0,634.0,6.0,0.0,7.0,7.0,-0.3163,-0.1023,0.0,0.0,1.0,0.1429,1.27775,1.0,0.0,0.0,2.0,0.2857,1.0,0.1429,0.0,1.0,0.0,0.0,0.0,6.0,3.0,7.0,4.0,1001.0,3.0,3.0,,,,27.0,29.0,,,,3.0,0.0,,28.0,2.0,,Male,Johnny , Huy Trần,,,,0.32,0.31519,758.0,5.0,1.0,0.28571,742.0,6.0,0.0,-0.377,-0.2634,0.23918,0.2619,2.0,0.2857,5.0,0.77778,0.0,0.77778
7.0,Gia Huy & Hoàng Hạnh,TARVN6,7.0,7.0,819.0,8.0,-1.0,6.5,714.0,7.0,0.0,6.0,6.0,-0.6136,-0.3514,0.0,0.0,0.0,0.0,1.52753,2.5,0.0,0.0,2.0,0.3333,1.0,0.1667,0.0,0.0,0.0,0.0,0.0,9.0,5.0,9.0,4.0,1002.0,5.0,0.0,,,,27.0,27.0,,,,2.5,5.0,,27.0,0.0,,Co-Ed,Gia Huy , Hoàng Hạnh,,,,0.22,0.21858,893.0,9.0,-2.0,0.19841,869.0,8.0,-1.0,-0.568,-0.4892,0.15489,0.24157,0.0,0.0,6.0,0.42857,0.0,0.42857
8.0,Quốc Thiên & Anh Quân,TARVN6,6.4,6.4,766.0,7.0,1.0,7.0,734.0,8.0,0.0,5.0,5.0,-0.4753,-0.2355,0.0,0.0,0.0,0.0,1.62481,3.0,0.0,0.0,1.0,0.2,1.0,0.2,0.0,0.0,0.0,0.0,0.0,8.0,4.0,8.0,4.0,1003.0,2.0,2.0,,,,31.0,30.0,,,,2.0,0.0,,30.5,1.0,,Male,Quốc Thiên , Anh Quân,,,,0.3,0.29802,791.0,6.0,2.0,0.14286,915.0,9.0,-1.0,-0.4109,-0.3036,0.2627,0.43056,2.0,0.4,3.0,0.66667,0.0,0.66667
9.0,Emma Nhất Khanh & Tôn Kinh Lâm,TARVN6,7.33,7.33333,859.0,9.0,0.0,7.0,734.0,8.0,1.0,3.0,3.0,-0.6897,-0.4151,0.0,0.0,0.0,0.0,1.24722,1.5,0.0,0.0,0.0,0.0,0.0,0.0,0.0,0.0,0.0,0.0,0.0,,6.0,9.0,3.0,1004.0,1.0,1.0,,,,24.0,24.0,,,,1.0,0.0,,24.0,0.0,,Co-Ed,Emma Nhất Khanh , Tôn Kinh Lâm,,,,0.26,0.25926,846.0,8.0,1.0,0.33333,656.0,5.0,4.0,-0.4875,-0.3941,0.18885,0.22222,0.0,0.0,3.0,0.44444,0.0,0.44444
10.0,Vũ Xuân Tiến & Chu Minh Vũ,TARVN6,9.5,9.5,990.0,10.0,0.0,9.5,943.0,10.0,0.0,2.0,2.0,-1.1899,-0.834,0.0,0.0,0.0,0.0,0.5,0.5,0.0,0.0,0.0,0.0,1.0,0.5,0.0,0.0,0.0,0.0,0.0,,9.0,10.0,1.0,1005.0,0.0,1.0,,,,26.0,40.0,,,,0.5,1.0,,33.0,14.0,,Male,Vũ Xuân Tiến , Chu Minh Vũ,,,,0.06,0.05556,1007.0,10.0,0.0,0.05556,1001.0,10.0,0.0,-0.8902,-0.8702,0.05556,0.05556,0.0,0.0,2.0,0.11111,0.0,0.11111
1.0,Anthony & Sonja,TARFR1,2.9,2.9,142.0,2.0,-1.0,2.0,26.0,1.0,0.0,10.0,10.0,0.214,0.3777,2.0,0.2,7.0,0.7,1.81384,1.75,4.0,0.4,0.0,0.0,2.0,0.2,0.0,1.0,0.0,0.0,0.0,2.0,1.0,7.0,6.0,1006.0,7.0,2.0,,,,29.0,33.0,,,,4.5,5.0,,31.0,4.0,,Co-Ed,Anthony,Sonja,,,,0.61,0.60536,238.0,1.0,0.0,0.70833,182.0,1.0,0.0,0.2107,0.4733,0.35158,0.41815,7.0,0.7,3.0,1.0,0.0,1.0
2.0,Hadj & Yacim,TARFR1,3.4,3.4,258.0,4.0,-2.0,3.0,166.0,2.0,0.0,10.0,10.0,0.0785,0.2704,2.0,0.2,6.0,0.6,1.74356,2.5,1.0,0.1,3.0,0.3,1.0,0.1,0.0,0.0,1.0,0.0,0.0,3.0,1.0,6.0,5.0,1007.0,6.0,3.0,,,,24.0,25.0,,,,4.5,3.0,,24.5,1.0,,Male,Hadj,Yacim,,,,0.5,0.5031,419.0,5.0,-3.0,0.45,503.0,6.0,-4.0,0.0062,0.2244,0.33441,0.53274,5.0,0.5,5.0,1.0,0.0,1.0
3.0,Alice & Stéphanie,TARFR1,3.3,3.3,238.0,3.0,0.0,3.0,166.0,2.0,1.0,10.0,10.0,0.1056,0.2918,1.0,0.1,6.0,0.6,1.18743,1.0,1.0,0.1,3.0,0.3,0.0,0.0,0.0,0.0,0.0,0.0,0.0,3.0,1.0,5.0,4.0,1008.0,5.0,4.0,,,,31.0,29.0,,,,4.5,1.0,,30.0,2.0,,Female,Alice,Stéphanie,,,,0.48,0.48071,465.0,6.0,-3.0,0.5,408.0,4.0,-1.0,-0.0386,0.1699,0.28842,0.35417,6.0,0.6,4.0,1.0,0.0,1.0
4.0,Heïdi & Michel,TARFR1,2.89,2.88889,139.0,1.0,3.0,3.0,166.0,2.0,2.0,9.0,9.0,0.2167,0.3798,2.0,0.2222,6.0,0.6667,1.52348,2.0,2.0,0.2222,1.0,0.1111,0.0,0.0,0.0,1.0,0.0,0.0,0.0,1.0,1.0,6.0,5.0,1009.0,2.0,6.0,,,,32.0,54.0,,,,4.0,4.0,,43.0,22.0,,Co-Ed,Heïdi,Michel,,,,0.58,0.57989,289.0,2.0,2.0,0.66667,216.0,2.0,2.0,0.1598,0.4113,0.32129,0.46429,6.0,0.6667,3.0,1.0,0.0,1.0
5.0,Francis & Benjamin,TARFR1,3.71,3.71429,322.0,5.0,0.0,4.0,341.0,5.0,0.0,7.0,7.0,-0.0055,0.2039,1.0,0.1429,3.0,0.4286,1.97949,3.0,2.0,0.2857,0.0,0.0,0.0,0.0,0.0,0.0,0.0,0.0,0.0,2.0,1.0,7.0,6.0,1010.0,3.0,4.0,,,,54.0,27.0,,,,3.5,1.0,,40.5,27.0,,Male,Francis,Benjamin,,,,0.54,0.54116,347.0,3.0,2.0,0.57143,352.0,3.0,2.0,0.0823,0.317,0.3348,0.525,4.0,0.5714,3.0,1.0,0.0,1.0
6.0,Oucéni & Lassana,TARFR1,4.0,4.0,375.0,6.0,0.0,4.0,341.0,5.0,1.0,5.0,5.0,-0.0841,0.1416,2.0,0.4,2.0,0.4,2.75681,5.0,0.0,0.0,1.0,0.2,0.0,0.0,0.0,0.0,1.0,0.0,0.0,1.0,1.0,8.0,7.0,1011.0,2.0,3.0,,,,28.0,28.0,,,,2.5,1.0,,28.0,0.0,,Male,Oucéni,Lassana,,,,0.53,0.525,377.0,4.0,2.0,0.5,408.0,4.0,2.0,0.05,0.2777,0.42131,0.875,3.0,0.6,2.0,1.0,0.0,1.0
7.0,Mathilde & Séverine,TARFR1,5.75,5.75,688.0,7.0,0.0,6.0,634.0,7.0,0.0,4.0,4.0,-0.5584,-0.2339,0.0,0.0,0.0,0.0,1.29904,2.25,0.0,0.0,1.0,0.25,0.0,0.0,0.0,0.0,0.0,0.0,0.0,7.0,4.0,7.0,3.0,1012.0,2.0,2.0,,,,22.0,21.0,,,,2.0,0.0,,21.5,1.0,,Female,Mathilde,Séverine,,,,0.28,0.2753,822.0,7.0,0.0,0.2381,807.0,7.0,0.0,-0.4494,-0.33,0.23398,0.29911,1.0,0.25,3.0,0.625,0.0,0.625
8.0,Fabien & Aurélien,TARFR1,7.0,7.0,819.0,8.0,0.0,7.0,734.0,8.0,0.0,2.0,2.0,-0.8972,-0.5021,0.0,0.0,0.0,0.0,1.0,1.0,0.0,0.0,0.0,0.0,0.0,0.0,0.0,0.0,0.0,0.0,0.0,,6.0,8.0,2.0,1013.0,1.0,1.0,,,,30.0,30.0,,,,1.0,0.0,,30.0,0.0,,Male,Fabien,Aurélien,,,,0.19,0.1875,926.0,8.0,0.0,0.1875,876.0,8.0,0.0,-0.625,-0.5437,0.1875,0.1875,0.0,0.0,2.0,0.375,0.0,0.375
9.0,Antoine & Héléna,TARFR1,9.0,9.0,952.0,9.0,0.0,9.0,889.0,9.0,0.0,1.0,1.0,-1.4392,-0.9313,0.0,0.0,0.0,0.0,0.0,0.0,0.0,0.0,0.0,0.0,0.0,0.0,0.0,0.0,0.0,0.0,0.0,,9.0,9.0,0.0,1014.0,1.0,0.0,,,,23.0,21.0,,,,0.5,1.0,,22.0,2.0,,Co-Ed,Antoine,Héléna,,,,0.0,0.0,1030.0,9.0,0.0,0.0,1022.0,9.0,0.0,-1.0,-1.0,0.0,0.0,0.0,0.0,1.0,0.0,0.0,0.0
1.0,LJ & CJ,TARPH1,3.62,3.61538,305.0,3.0,-2.0,3.0,166.0,3.0,-2.0,13.0,13.0,0.1785,0.3604,1.0,0.0769,7.0,0.5385,1.77757,3.0,4.0,0.3077,1.0,0.0769,0.0,0.0,0.0,0.0,0.0,1.0,1.0,2.0,1.0,7.0,6.0,1015.0,7.0,7.0,,,,31.0,29.0,,,,7.0,0.0,,30.0,2.0,,Female,LJ,CJ,,,,0.58,0.57845,290.0,4.0,-3.0,0.6,309.0,4.0,-3.0,0.1569,0.4499,0.23568,0.41667,7.0,0.5385,6.0,1.0,0.28571,0.71429
2.0,Fausto & Dayal,TARPH1,3.77,3.76923,336.0,4.0,-2.0,2.0,26.0,2.0,0.0,13.0,13.0,0.1445,0.3339,3.0,0.2308,9.0,0.6923,2.91294,5.0,4.0,0.3077,2.0,0.1538,0.0,0.0,1.0,0.0,0.0,0.0,0.0,2.0,1.0,9.0,8.0,1016.0,7.0,6.0,,,,33.0,25.0,,,,6.5,1.0,,29.0,8.0,,Male,Fausto,Dayal,,,,0.59,0.59063,271.0,3.0,-1.0,0.66667,216.0,3.0,-1.0,0.1813,0.4804,0.32248,0.60714,8.0,0.6154,5.0,1.0,0.125,0.875
3.0,Marc & Kat,TARPH1,1.85,1.84615,13.0,1.0,2.0,1.0,1.0,1.0,2.0,13.0,13.0,0.5802,0.6731,7.0,0.5385,12.0,0.9231,1.02628,2.0,2.0,0.1538,0.0,0.0,0.0,0.0,0.0,0.0,0.0,1.0,0.0,1.0,1.0,4.0,3.0,1017.0,8.0,6.0,,,,42.0,27.0,,,,7.0,2.0,,34.5,15.0,,Co-Ed,Marc,Kat,,,,0.8,0.80147,26.0,1.0,2.0,1.0,1.0,1.0,2.0,0.6029,1.0089,0.28698,0.28571,12.0,0.9231,1.0,1.0,0.0,1.0
4.0,Sheena & Gee,TARPH1,5.0,5.0,566.0,6.0,-2.0,5.0,504.0,6.0,-2.0,12.0,12.0,-0.1347,0.1166,0.0,0.0,0.0,0.0,1.0,2.0,0.0,0.0,4.0,0.3333,1.0,0.0833,0.0,0.0,0.0,1.0,0.0,4.0,4.0,7.0,3.0,1018.0,7.0,4.0,,,,27.0,24.0,,,,5.5,3.0,,25.5,3.0,,Female,Sheena,Gee,,,,0.31,0.31253,762.0,7.0,-3.0,0.3125,705.0,7.0,-3.0,-0.3749,-0.2166,0.20479,0.33929,4.0,0.3333,8.0,0.6,0.0,0.6
5.0,Saida & Jervi,TARPH1,4.3,4.3,444.0,5.0,0.0,4.0,341.0,5.0,0.0,10.0,10.0,0.0242,0.2403,0.0,0.0,2.0,0.2,1.18743,1.0,1.0,0.1,1.0,0.1,0.0,0.0,0.0,0.0,0.0,0.0,0.0,4.0,2.0,6.0,4.0,1019.0,6.0,4.0,,,,24.0,22.0,,,,5.0,2.0,,23.0,2.0,,Female,Saida,Jervi,,,,0.48,0.47587,473.0,5.0,0.0,0.46429,489.0,5.0,0.0,-0.0483,0.1928,0.26263,0.36696,5.0,0.5,5.0,0.875,0.0,0.875
6.0,Boom & Cheng,TARPH1,2.89,2.88889,139.0,2.0,4.0,3.0,166.0,3.0,3.0,9.0,9.0,0.3442,0.4894,2.0,0.2222,7.0,0.7778,1.59474,1.0,2.0,0.2222,0.0,0.0,0.0,0.0,0.0,0.0,0.0,0.0,1.0,3.0,1.0,6.0,5.0,1020.0,7.0,2.0,,,,27.0,40.0,,,,4.5,5.0,,33.5,13.0,,Male,Boom,Cheng,,,,0.72,0.71728,88.0,2.0,4.0,0.75,132.0,2.0,4.0,0.4346,0.7979,0.28907,0.23333,8.0,0.8889,1.0,1.0,0.0,1.0
7.0,Ed & Angel,TARPH1,6.38,6.375,765.0,8.0,-1.0,7.0,734.0,8.0,-1.0,8.0,8.0,-0.4478,-0.1272,0.0,0.0,1.0,0.125,1.72753,1.0,0.0,0.0,2.0,0.25,1.0,0.125,0.0,0.0,0.0,0.0,0.0,7.0,3.0,8.0,5.0,1021.0,5.0,3.0,,,,47.0,22.0,,,,4.0,2.0,,34.5,25.0,,Co-Ed,Ed,Angel,,,,0.27,0.27485,823.0,8.0,-1.0,0.19643,870.0,9.0,-2.0,-0.4503,-0.3111,0.25953,0.29792,2.0,0.25,6.0,0.71429,0.0,0.71429
8.0,Dani & Mish,TARPH1,6.17,6.16667,746.0,7.0,1.0,6.5,714.0,7.0,1.0,6.0,6.0,-0.4002,-0.0901,0.0,0.0,1.0,0.1667,1.77169,2.5,0.0,0.0,0.0,0.0,1.0,0.1667,0.0,1.0,0.0,1.0,0.0,8.0,3.0,8.0,5.0,1022.0,2.0,4.0,,,,22.0,23.0,,,,3.0,2.0,,22.5,1.0,,Female,Dani,Mish,,,,0.33,0.33472,723.0,6.0,2.0,0.35417,631.0,6.0,2.0,-0.3306,-0.161,0.27973,0.38542,2.0,0.3333,4.0,0.8,0.0,0.8
9.0,Pamela & Vanessa,TARPH1,9.25,9.25,984.0,10.0,-1.0,9.0,889.0,10.0,-1.0,4.0,4.0,-1.0991,-0.6343,0.0,0.0,0.0,0.0,0.43301,0.25,0.0,0.0,2.0,0.5,1.0,0.25,0.0,0.0,0.0,0.0,0.0,9.0,9.0,10.0,1.0,1023.0,2.0,2.0,,,,41.0,35.0,,,,2.0,0.0,,38.0,6.0,,Female,Pamela,Vanessa,,,,0.05,0.05278,1010.0,10.0,-1.0,0.05,1005.0,10.0,-1.0,-0.8944,-0.8677,0.05292,0.10278,0.0,0.0,4.0,0.11111,0.0,0.11111
10.0,Anton & Armand,TARPH1,8.0,8.0,899.0,9.0,1.0,8.0,826.0,9.0,1.0,2.0,2.0,-0.8155,-0.4134,0.0,0.0,0.0,0.0,2.0,2.0,0.0,0.0,0.0,0.0,0.0,0.0,0.0,0.0,0.0,0.0,0.0,,6.0,10.0,4.0,1024.0,1.0,1.0,,,,30.0,33.0,,,,1.0,0.0,,31.5,3.0,,Male,Anton,Armand,,,,0.25,0.25,856.0,9.0,1.0,0.25,777.0,8.0,2.0,-0.5,-0.3734,0.25,0.25,1.0,0.5,1.0,0.5,0.0,0.5
11.0,Crystel & Mykey,TARPH1,11.0,11.0,1043.0,11.0,0.0,11.0,997.0,11.0,0.0,1.0,1.0,-1.4963,-0.9435,0.0,0.0,0.0,0.0,0.0,0.0,0.0,0.0,0.0,0.0,0.0,0.0,0.0,0.0,0.0,0.0,0.0,,11.0,11.0,0.0,1025.0,1.0,0.0,,,,25.0,33.0,,,,0.5,1.0,,29.0,8.0,,Co-Ed,Crystel,Mykey,,,,0.0,0.0,1030.0,11.0,0.0,0.0,1022.0,11.0,0.0,-1.0,-1.0,0.0,0.0,0.0,0.0,1.0,0.0,0.0,0.0
1.0,Matt & Phoebe,TARPH2,2.1,2.1,28.0,1.0,0.0,1.5,16.0,1.0,0.0,10.0,10.0,0.5282,0.6316,5.0,0.5,8.0,0.8,1.37477,1.75,2.0,0.2,0.0,0.0,0.0,0.0,0.0,1.0,0.0,3.0,0.0,1.0,1.0,5.0,4.0,1026.0,5.0,5.0,,,,22.0,21.0,,,,5.0,0.0,,21.5,1.0,,Co-Ed,Matt,Phoebe,,,,0.81,0.81,22.0,1.0,0.0,0.9,28.0,1.0,0.0,0.62,1.0373,0.22903,0.3,9.0,0.9,1.0,1.0,0.33333,0.66667
2.0,JP & Kelvin,TARPH2,4.6,4.6,498.0,6.0,-4.0,5.0,504.0,5.0,-3.0,10.0,10.0,-0.0335,0.193,1.0,0.1,3.0,0.3,2.2,4.25,2.0,0.2,3.0,0.3,0.0,0.0,0.0,2.0,0.0,0.0,0.0,7.0,1.0,7.0,6.0,1027.0,4.0,6.0,,,,25.0,23.0,,,,5.0,2.0,,24.0,2.0,,Male,JP,Kelvin,,,,0.45,0.45262,514.0,5.0,-3.0,0.4,563.0,6.0,-4.0,-0.0948,0.1384,0.26222,0.22917,4.0,0.4,6.0,1.0,0.14286,0.85714
3.0,Eji & Roch,TARPH2,3.4,3.4,258.0,3.0,0.0,3.0,166.0,2.0,1.0,10.0,10.0,0.2361,0.4035,1.0,0.1,6.0,0.6,1.62481,1.75,2.0,0.2,1.0,0.1,0.0,0.0,0.0,0.0,0.0,0.0,0.0,3.0,1.0,7.0,6.0,1028.0,4.0,6.0,,,,29.0,34.0,,,,5.0,2.0,,31.5,5.0,,Co-Ed,Eji,Roch,,,,0.56,0.56131,315.0,4.0,-1.0,0.58571,337.0,4.0,-1.0,0.1226,0.4118,0.28681,0.44167,6.0,0.6,4.0,1.0,0.0,1.0
4.0,Yna & Jet,TARPH2,2.67,2.66667,100.0,2.0,2.0,3.0,166.0,2.0,2.0,9.0,9.0,0.4001,0.5316,0.0,0.0,8.0,0.8889,0.66667,1.0,4.0,0.4444,0.0,0.0,0.0,0.0,0.0,0.0,0.0,0.0,0.0,2.0,2.0,4.0,2.0,1029.0,4.0,5.0,,,,29.0,28.0,,,,4.5,1.0,,28.5,1.0,,Co-Ed,Yna,Jet,,,,0.68,0.68104,129.0,2.0,2.0,0.75,132.0,2.0,2.0,0.3621,0.713,0.26074,0.19048,8.0,0.8889,1.0,0.9,0.0,0.9
5.0,AJ & Jody,TARPH2,3.75,3.75,328.0,4.0,1.0,4.5,470.0,4.0,1.0,8.0,8.0,0.1574,0.3421,2.0,0.25,3.0,0.375,1.78536,2.5,0.0,0.0,0.0,0.0,1.0,0.125,0.0,1.0,0.0,1.0,0.0,5.0,1.0,6.0,5.0,1030.0,4.0,4.0,,,,52.0,21.0,,,,4.0,0.0,,36.5,31.0,,Male,AJ,Jody,,,,0.59,0.58686,277.0,3.0,2.0,0.6125,299.0,3.0,2.0,0.1737,0.4761,0.32678,0.31905,6.0,0.75,2.0,1.0,0.0,1.0
6.0,Vince & Ed,TARPH2,4.38,4.375,470.0,5.0,1.0,5.0,504.0,5.0,1.0,8.0,8.0,0.0159,0.2316,1.0,0.125,2.0,0.25,1.57619,1.5,0.0,0.0,2.0,0.25,0.0,0.0,0.0,0.0,0.0,0.0,0.0,5.0,1.0,6.0,5.0,1031.0,4.0,4.0,,,,24.0,21.0,,,,4.0,0.0,,22.5,3.0,,Male,Vince,Ed,,,,0.45,0.44663,526.0,6.0,0.0,0.46429,489.0,5.0,1.0,-0.1067,0.1234,0.30834,0.37778,4.0,0.5,4.0,1.0,0.0,1.0
7.0,RR & Jeck,TARPH2,7.33,7.33333,859.0,8.0,-1.0,7.0,734.0,7.0,0.0,6.0,6.0,-0.6469,-0.286,0.0,0.0,0.0,0.0,1.37437,1.5,0.0,0.0,1.0,0.1667,1.0,0.1667,0.0,0.0,0.0,0.0,0.0,6.0,6.0,10.0,4.0,1032.0,4.0,2.0,,,,30.0,28.0,,,,3.0,2.0,,29.0,2.0,,Female,RR,Jeck,,,,0.16,0.16382,939.0,9.0,-2.0,0.16111,898.0,9.0,-2.0,-0.6724,-0.588,0.14178,0.24484,0.0,0.0,6.0,0.375,0.0,0.375
8.0,Avy & Tina,TARPH2,7.5,7.5,872.0,9.0,-1.0,8.0,826.0,9.0,-1.0,4.0,4.0,-0.6851,-0.3158,0.0,0.0,0.0,0.0,0.86603,0.5,0.0,0.0,1.0,0.25,0.0,0.0,0.0,0.0,0.0,0.0,0.0,8.0,6.0,8.0,2.0,1033.0,2.0,2.0,,,,22.0,26.0,,,,2.0,0.0,,24.0,4.0,,Female,Avy,Tina,,,,0.22,0.21736,894.0,8.0,0.0,0.2125,841.0,8.0,0.0,-0.5653,-0.4533,0.16895,0.24236,0.0,0.0,4.0,0.44444,0.0,0.44444
9.0,Daniel & Charlie,TARPH2,9.0,9.0,952.0,10.0,-1.0,9.0,889.0,10.0,-1.0,3.0,3.0,-1.0222,-0.5789,0.0,0.0,0.0,0.0,0.0,0.0,0.0,0.0,1.0,0.3333,0.0,0.0,0.0,1.0,0.0,0.0,0.0,9.0,9.0,9.0,0.0,1034.0,0.0,3.0,,,,25.0,25.0,,,,1.5,3.0,,25.0,0.0,,Male,Daniel,Charlie,,,,0.1,0.1037,982.0,10.0,-1.0,0.11111,945.0,10.0,-1.0,-0.7926,-0.7392,0.08182,0.1,0.0,0.0,3.0,0.2,0.0,0.2
10.0,Chen & Luz,TARPH2,7.0,7.0,819.0,7.0,3.0,7.0,734.0,7.0,3.0,2.0,2.0,-0.5728,-0.2281,0.0,0.0,0.0,0.0,3.0,3.0,0.0,0.0,0.0,0.0,0.0,0.0,0.0,0.0,0.0,0.0,0.0,,4.0,10.0,6.0,1035.0,1.0,1.0,,,,28.0,36.0,,,,1.0,0.0,,32.0,8.0,,Female,Chen,Luz,,,,0.35,0.35,695.0,7.0,3.0,0.35,643.0,7.0,3.0,-0.3,-0.1197,0.35,0.35,1.0,0.5,1.0,0.7,0.0,0.7
11.0,Zarah & Osang,TARPH2,11.0,11.0,1043.0,11.0,0.0,11.0,997.0,11.0,0.0,1.0,1.0,-1.4715,-0.9298,0.0,0.0,0.0,0.0,0.0,0.0,0.0,0.0,0.0,0.0,0.0,0.0,0.0,0.0,0.0,0.0,0.0,,11.0,11.0,0.0,1036.0,1.0,0.0,,,,24.0,25.0,,,,0.5,1.0,,24.5,1.0,,Female,Zarah,Osang,,,,0.0,0.0,1030.0,11.0,0.0,0.0,1022.0,11.0,0.0,-1.0,-1.0,0.0,0.0,0.0,0.0,1.0,0.0,0.0,0.0
1.0,Valeria & Bohdana,TARUA1,2.08,2.08333,25.0,1.0,0.0,1.5,16.0,1.0,0.0,12.0,12.0,0.4901,0.5832,6.0,0.5,10.0,0.8333,1.32025,2.0,2.0,0.1667,0.0,0.0,0.0,0.0,0.0,0.0,0.0,0.0,0.0,1.0,1.0,5.0,4.0,1037.0,7.0,6.0,,,,,,,,,6.5,1.0,,,,,Female,Valeria,Bohdana,,,,0.84,0.83568,12.0,1.0,0.0,0.94444,18.0,1.0,0.0,0.6714,0.9657,0.20538,0.29762,11.0,0.9167,1.0,1.0,0.33333,0.66667
2.0,Alexey & Olena,TARUA1,4.25,4.25,433.0,4.0,-2.0,3.0,166.0,3.0,-1.0,12.0,12.0,-0.0419,0.1483,0.0,0.0,7.0,0.5833,2.41954,5.0,4.0,0.3333,3.0,0.25,2.0,0.1667,0.0,0.0,0.0,0.0,0.0,2.0,2.0,9.0,7.0,1038.0,9.0,4.0,,,,,,,,,6.5,5.0,,,,,Co-Ed,Alexey,Olena,,,,0.39,0.39458,625.0,5.0,-3.0,0.29167,734.0,7.0,-5.0,-0.2108,-0.0719,0.295,0.42222,5.0,0.4167,7.0,0.85714,0.0,0.85714
3.0,Constantine & Jacob,TARUA1,3.08,3.08333,175.0,2.0,1.0,2.5,128.0,2.0,1.0,12.0,12.0,0.2449,0.3828,2.0,0.1667,8.0,0.6667,1.89113,2.0,4.0,0.3333,0.0,0.0,0.0,0.0,0.0,0.0,0.0,0.0,0.0,2.0,1.0,8.0,7.0,1039.0,6.0,7.0,,,,,18.0,,,,6.5,1.0,,,,,Male,Constantine,Jacob,,,,0.58,0.5831,283.0,3.0,0.0,0.5625,367.0,4.0,-1.0,0.1662,0.3715,0.2845,0.29583,9.0,0.75,3.0,1.0,0.0,1.0
4.0,Alexander & Vladimir,TARUA1,5.2,5.2,609.0,6.0,-2.0,5.0,504.0,6.0,-2.0,10.0,10.0,-0.2748,-0.0421,1.0,0.1,1.0,0.1,1.98997,1.75,0.0,0.0,2.0,0.2,2.0,0.2,0.0,0.0,0.0,0.0,0.0,5.0,1.0,9.0,8.0,1040.0,6.0,5.0,,,,,,,,,5.5,1.0,,,,,Male,Alexander,Vladimir,,,,0.28,0.27774,821.0,9.0,-5.0,0.26786,772.0,8.0,-4.0,-0.4445,-0.3467,0.2785,0.28333,1.0,0.1,9.0,1.0,0.0,1.0
5.0,Ihor & Vasil,TARUA1,3.11,3.11111,187.0,3.0,2.0,3.0,166.0,3.0,2.0,9.0,9.0,0.2375,0.3768,2.0,0.2222,5.0,0.5556,1.66296,2.0,2.0,0.2222,1.0,0.1111,0.0,0.0,0.0,0.0,0.0,0.0,0.0,1.0,1.0,6.0,5.0,1041.0,5.0,5.0,,,,27.0,,,,,5.0,0.0,,,,,Male,Ihor,Vasil,,,,0.61,0.60979,231.0,2.0,3.0,0.57143,352.0,3.0,2.0,0.2196,0.4343,0.33977,0.375,7.0,0.7778,2.0,1.0,0.0,1.0
6.0,Natalia & Tatiana,TARUA1,5.43,5.42857,653.0,7.0,-1.0,6.0,634.0,7.0,-1.0,7.0,7.0,-0.3312,-0.0882,0.0,0.0,0.0,0.0,0.72843,1.0,0.0,0.0,1.0,0.1429,0.0,0.0,0.0,0.0,0.0,0.0,0.0,6.0,4.0,6.0,2.0,1042.0,5.0,3.0,,,,,,,,,4.0,2.0,,,,,Female,Natalia,Tatiana,,,,0.34,0.34495,706.0,7.0,-1.0,0.42857,533.0,5.0,1.0,-0.3101,-0.1886,0.17593,0.20139,2.0,0.2857,5.0,0.5,0.0,0.5
7.0,Andriy & Irina,TARUA1,4.33,4.33333,451.0,5.0,2.0,4.0,341.0,5.0,2.0,6.0,6.0,-0.0615,0.1323,1.0,0.1667,3.0,0.5,2.21108,3.5,0.0,0.0,1.0,0.1667,0.0,0.0,0.0,0.0,0.0,0.0,0.0,3.0,1.0,7.0,6.0,1043.0,4.0,3.0,,,,,,,,,3.5,1.0,,,,,Co-Ed,Andriy,Irina,,,,0.52,0.51918,386.0,4.0,3.0,0.61111,304.0,2.0,5.0,0.0384,0.2212,0.3461,0.48313,4.0,0.6667,2.0,1.0,0.0,1.0
8.0,Anna & Roman,TARUA1,5.75,5.75,688.0,8.0,0.0,6.0,634.0,7.0,1.0,4.0,4.0,-0.4097,-0.1523,0.0,0.0,1.0,0.25,2.27761,4.25,0.0,0.0,1.0,0.25,0.0,0.0,0.0,0.0,0.0,0.0,0.0,8.0,3.0,8.0,5.0,1044.0,1.0,3.0,,,,,,,,,2.0,2.0,,,,,Co-Ed,Anna,Roman,,,,0.39,0.38542,640.0,6.0,2.0,0.39583,594.0,6.0,2.0,-0.2292,-0.0934,0.32726,0.59375,2.0,0.5,2.0,0.75,0.0,0.75
9.0,Alla & Alexandra,TARUA1,6.67,6.66667,794.0,9.0,0.0,8.0,826.0,9.0,0.0,3.0,3.0,-0.6352,-0.3367,0.0,0.0,1.0,0.3333,2.62467,3.0,0.0,0.0,1.0,0.3333,0.0,0.0,0.0,0.0,0.0,0.0,0.0,,3.0,9.0,6.0,1045.0,2.0,1.0,,,,,,,,,1.5,1.0,,,,,Female,Alla,Alexandra,,,,0.3,0.30093,784.0,8.0,1.0,0.125,926.0,9.0,0.0,-0.3981,-0.2922,0.34102,0.38889,1.0,0.3333,2.0,0.77778,0.0,0.77778
10.0,Vladimir & Irina,TARUA1,10.0,10.0,1002.0,10.0,0.0,10.0,954.0,10.0,0.0,1.0,1.0,-1.4516,-1.004,0.0,0.0,0.0,0.0,0.0,0.0,0.0,0.0,0.0,0.0,0.0,0.0,0.0,0.0,0.0,0.0,0.0,,10.0,10.0,0.0,1046.0,1.0,0.0,,,,72.0,40.0,,,,0.5,1.0,,56.0,32.0,,Co-Ed,Vladimir,Irina,,,,0.0,0.0,1030.0,10.0,0.0,0.0,1022.0,10.0,0.0,-1.0,-1.0,0.0,0.0,0.0,0.0,1.0,0.0,0.0,0.0
1.0,Zhong Hanliang & Jackie,TARCN1,2.18,2.18182,37.0,2.0,-1.0,2.0,26.0,1.0,0.0,11.0,11.0,0.3869,0.4657,5.0,0.4545,9.0,0.8182,1.46587,1.5,3.0,0.2727,0.0,0.0,0.0,0.0,1.0,0.0,1.0,0.0,0.0,1.0,1.0,5.0,4.0,1047.0,7.0,7.0,,,,40.0,38.0,,,,7.0,0.0,,39.0,2.0,,Co-Ed,Zhong Hanliang , Jackie,,,,0.79,0.79459,30.0,2.0,-1.0,0.8,88.0,2.0,-1.0,0.5892,0.8805,0.21609,0.33333,9.0,0.8182,2.0,1.0,0.42857,0.57143
2.0,Li Xiaopeng & Li Anqi,TARCN1,1.73,1.72727,7.0,1.0,1.0,2.0,26.0,1.0,1.0,11.0,11.0,0.5134,0.576,4.0,0.3636,11.0,1.0,0.61658,1.0,6.0,0.5455,0.0,0.0,0.0,0.0,0.0,0.0,0.0,0.0,1.0,2.0,1.0,3.0,2.0,1048.0,7.0,7.0,,,,33.0,27.0,,,,7.0,0.0,,30.0,6.0,,Co-Ed,Li Xiaopeng , Li Anqi,,,,0.82,0.82403,16.0,1.0,1.0,0.85714,50.0,1.0,1.0,0.6481,0.9502,0.1765,0.225,11.0,1.0,0.0,1.0,0.5,0.5
3.0,Bai Jugang & Guan Xiaotong,TARCN1,4.8,4.8,541.0,6.0,-3.0,3.0,166.0,3.0,0.0,5.0,5.0,-0.35,-0.1765,0.0,0.0,3.0,0.6,2.63818,5.0,1.0,0.2,1.0,0.2,1.0,0.2,0.0,0.0,0.0,0.0,0.0,8.0,2.0,8.0,6.0,1049.0,4.0,3.0,,,,21.0,17.0,,,,3.5,1.0,,19.0,4.0,,Co-Ed,Bai Jugang , Guan Xiaotong,,,,0.22,0.21667,895.0,7.0,-4.0,0.0,1022.0,8.0,-5.0,-0.5667,-0.4872,0.29627,0.33333,1.0,0.2,4.0,0.75,0.0,0.75
4.0,Jin Dachuan & Liu Chang,TARCN1,3.6,3.6,301.0,3.0,1.0,4.0,341.0,4.0,0.0,10.0,10.0,-0.0125,0.1176,1.0,0.1,4.0,0.4,1.2,1.0,0.0,0.0,3.0,0.3,0.0,0.0,0.0,1.0,0.0,1.0,0.0,4.0,1.0,6.0,5.0,1050.0,8.0,5.0,,,,21.0,28.0,,,,6.5,3.0,,24.5,7.0,,Male,Jin Dachuan , Liu Chang,,,,0.43,0.43381,560.0,3.0,1.0,0.45,503.0,3.0,1.0,-0.1324,0.0267,0.2697,0.34286,5.0,0.5,5.0,1.0,0.0,1.0
5.0,Chen Xiaochun & Zheng Yijian,TARCN1,3.78,3.77778,339.0,4.0,1.0,4.0,341.0,4.0,1.0,9.0,9.0,-0.0631,0.0735,1.0,0.1111,3.0,0.3333,1.47406,2.0,1.0,0.1111,2.0,0.2222,1.0,0.1111,0.0,0.0,0.0,1.0,0.0,4.0,1.0,6.0,5.0,1051.0,5.0,7.0,,,,47.0,47.0,,,,6.0,2.0,,47.0,0.0,,Male,Chen Xiaochun , Zheng Yijian,,,,0.42,0.4172,588.0,4.0,1.0,0.4,563.0,4.0,1.0,-0.1656,-0.0126,0.32779,0.37143,4.0,0.4444,5.0,1.0,0.0,1.0
6.0,Chen Yiru & Zhou Weitong,TARCN1,4.38,4.375,470.0,5.0,1.0,5.0,504.0,6.0,0.0,8.0,8.0,-0.2319,-0.0735,0.0,0.0,2.0,0.25,0.85696,1.25,0.0,0.0,2.0,0.25,1.0,0.125,0.0,1.0,0.0,0.0,1.0,5.0,3.0,5.0,2.0,1052.0,6.0,5.0,,,,34.0,32.0,,,,5.5,1.0,,33.0,2.0,,Co-Ed,Chen Yiru , Zhou Weitong,,,,0.32,0.32024,749.0,5.0,1.0,0.26667,774.0,6.0,0.0,-0.3595,-0.2421,0.26246,0.32857,2.0,0.25,6.0,0.71429,0.0,0.71429
7.0,Zhang Tielin & Yueliang,TARCN1,5.17,5.16667,600.0,7.0,0.0,6.0,634.0,7.0,0.0,6.0,6.0,-0.4541,-0.2672,0.0,0.0,1.0,0.1667,1.21335,1.5,0.0,0.0,0.0,0.0,1.0,0.1667,0.0,0.0,0.0,0.0,0.0,6.0,3.0,6.0,3.0,1053.0,3.0,6.0,,,,57.0,23.0,,,,4.5,3.0,,40.0,34.0,,Co-Ed,Zhang Tielin ,Yueliang,,,,0.28,0.27857,819.0,6.0,1.0,0.28571,742.0,5.0,2.0,-0.4429,-0.3407,0.22644,0.375,2.0,0.3333,4.0,0.6,0.0,0.6
8.0,Ying Cai'er & Liu Yun,TARCN1,7.0,7.0,819.0,8.0,0.0,7.0,734.0,8.0,0.0,3.0,3.0,-0.9687,-0.7157,0.0,0.0,0.0,0.0,0.0,0.0,0.0,0.0,2.0,0.6667,0.0,0.0,0.0,0.0,0.0,0.0,0.0,7.0,7.0,7.0,0.0,1054.0,3.0,2.0,,,,31.0,32.0,,,,2.5,1.0,,31.5,1.0,,Female,Ying Cai'er , Liu Yun,,,,0.1,0.09524,995.0,8.0,0.0,0.14286,915.0,7.0,1.0,-0.8095,-0.7746,0.06734,0.07143,0.0,0.0,3.0,0.14286,0.0,0.14286
1.0,Han Geng & Wu Xin,TARCN2,2.0,2.0,15.0,1.0,0.0,2.0,26.0,1.0,0.0,10.0,10.0,0.2913,0.322,4.0,0.4,8.0,0.8,1.09545,1.0,4.0,0.4,1.0,0.1,0.0,0.0,0.0,0.0,1.0,0.0,0.0,2.0,1.0,4.0,3.0,1055.0,6.0,1.0,,,,31.0,32.0,,,,3.5,5.0,,31.5,1.0,,Co-Ed,Han Geng , Wu Xin,,,,0.74,0.73667,68.0,1.0,0.0,0.775,120.0,1.0,0.0,0.4518,0.5053,0.30703,0.3125,8.0,0.8,2.0,1.0,0.0,1.0
2.0,Yang Qianhua & Ding Zigao,TARCN2,2.2,2.2,38.0,3.0,-1.0,2.0,26.0,1.0,1.0,10.0,10.0,0.2205,0.2542,3.0,0.3,9.0,0.9,0.9798,1.75,3.0,0.3,1.0,0.1,1.0,0.1,0.0,1.0,0.0,0.0,0.0,1.0,1.0,4.0,3.0,1056.0,1.0,6.0,,,,41.0,35.0,,,,3.5,5.0,,38.0,6.0,,Co-Ed,Yang Qianhua , Ding Zigao,,,,0.61,0.61333,225.0,3.0,-1.0,0.58333,342.0,3.0,-1.0,0.2087,0.2533,0.32325,0.575,7.0,0.7,3.0,1.0,0.0,1.0
3.0,Xiao Yang & Wang Taili,TARCN2,3.3,3.3,238.0,6.0,-3.0,3.0,166.0,5.0,-2.0,10.0,10.0,-0.1693,-0.1186,1.0,0.1,6.0,0.6,1.18743,1.0,1.0,0.1,7.0,0.7,0.0,0.0,0.0,0.0,0.0,0.0,0.0,3.0,1.0,5.0,4.0,1057.0,6.0,1.0,,,,35.0,46.0,,,,3.5,5.0,,40.5,11.0,,Male,Xiao Yang , Wang Taili,,,,0.36,0.35667,686.0,6.0,-3.0,0.29167,734.0,7.0,-4.0,-0.2971,-0.2712,0.26658,0.12083,2.0,0.2,8.0,1.0,0.0,1.0
4.0,Jin Zhongguo & Li Guangzhu,TARCN2,2.0,2.0,15.0,1.0,3.0,2.0,26.0,1.0,3.0,1.0,1.0,0.2913,0.322,0.0,0.0,1.0,1.0,0.0,0.0,1.0,1.0,0.0,0.0,0.0,0.0,0.0,0.0,0.0,0.0,0.0,,2.0,2.0,0.0,1058.0,0.0,1.0,,,,39.0,30.0,,,,0.5,1.0,,34.5,9.0,,Male,Jin Zhongguo , Li Guangzhu,,,,0.67,0.66667,147.0,2.0,2.0,0.66667,216.0,2.0,2.0,0.3139,0.3623,0.0,0.0,1.0,1.0,0.0,0.66667,0.66667,0.0
5.0,Yuan Zihui & Yuan Heyu,TARCN2,2.5,2.5,80.0,4.0,1.0,2.5,128.0,4.0,1.0,2.0,2.0,0.1142,0.1525,1.0,0.5,1.0,0.5,1.5,1.5,0.0,0.0,0.0,0.0,0.0,0.0,0.0,0.0,0.0,0.0,0.0,,1.0,4.0,3.0,1059.0,0.0,0.0,,,,37.0,30.0,,,,0.0,0.0,,33.5,7.0,,Co-Ed,Yuan Zihui , Yuan Heyu,,,,0.5,0.5,423.0,4.0,1.0,0.5,408.0,4.0,1.0,-0.0146,0.0217,0.5,0.5,1.0,0.5,1.0,1.0,0.0,1.0
6.0,Deng Ziqi & Zhang Yunjing,TARCN2,3.83,3.83333,350.0,7.0,-1.0,4.0,341.0,7.0,-1.0,6.0,6.0,-0.3571,-0.2983,1.0,0.1667,2.0,0.3333,1.57233,1.5,0.0,0.0,0.0,0.0,3.0,0.5,0.0,0.0,0.0,0.0,0.0,4.0,1.0,6.0,5.0,1060.0,3.0,2.0,,,,23.0,31.0,,,,2.5,1.0,,27.0,8.0,,Female,Deng Ziqi , Zhang Yunjing,,,,0.27,0.26667,839.0,8.0,-2.0,0.0,1022.0,8.0,-2.0,-0.4744,-0.4551,0.39441,0.45,2.0,0.3333,4.0,1.0,0.0,1.0
7.0,Zeng Zhiwei & Zeng Baoyi,TARCN2,3.25,3.25,224.0,5.0,2.0,3.5,315.0,6.0,1.0,4.0,4.0,-0.1516,-0.1017,1.0,0.25,2.0,0.5,1.47902,1.75,0.0,0.0,0.0,0.0,0.0,0.0,0.0,0.0,0.0,0.0,0.0,,1.0,5.0,4.0,1061.0,2.0,1.0,,,,62.0,42.0,,,,1.5,1.0,,52.0,20.0,,Co-Ed,Zeng Zhiwei , Zeng Baoyi,,,,0.48,0.475,477.0,5.0,2.0,0.45,503.0,5.0,2.0,-0.0639,-0.0294,0.3562,0.325,2.0,0.5,2.0,1.0,0.0,1.0
8.0,Feng Zhe & Zhu Zhu,TARCN2,4.5,4.5,484.0,8.0,0.0,4.5,470.0,8.0,0.0,2.0,2.0,-0.5945,-0.5254,0.0,0.0,1.0,0.5,1.5,1.5,0.0,0.0,0.0,0.0,0.0,0.0,0.0,1.0,0.0,0.0,0.0,,3.0,6.0,3.0,1062.0,1.0,1.0,,,,27.0,30.0,,,,1.0,0.0,,28.5,3.0,,Co-Ed,Feng Zhe , Zhu Zhu,,,,0.3,0.3,786.0,7.0,1.0,0.3,708.0,6.0,2.0,-0.4088,-0.387,0.3,0.3,1.0,0.5,1.0,0.6,0.0,0.6
1.0,Guo Jingjing & Huo Qigang,TARCN3,3.3,3.3,238.0,3.0,-2.0,3.0,166.0,2.0,-1.0,10.0,10.0,0.1069,0.2254,2.0,0.2,6.0,0.6,1.67631,1.75,1.0,0.1,1.0,0.1,0.0,0.0,0.0,0.0,0.0,0.0,0.0,3.0,1.0,6.0,5.0,1063.0,6.0,5.0,,,,34.0,37.0,,,,5.5,1.0,,35.5,3.0,,Co-Ed,Guo Jingjing , Huo Qigang,,,,0.59,0.59214,266.0,2.0,-1.0,0.63333,277.0,3.0,-2.0,0.1843,0.3581,0.25744,0.32738,7.0,0.7,3.0,1.0,0.25,0.75
2.0,Jin Dachuan & Liu Chang,TARCN3,2.4,2.4,61.0,1.0,1.0,2.0,26.0,1.0,1.0,10.0,10.0,0.3505,0.4366,2.0,0.2,8.0,0.8,1.2,0.75,5.0,0.5,2.0,0.2,1.0,0.1,0.0,0.0,0.0,0.0,0.0,2.0,1.0,5.0,4.0,1064.0,7.0,4.0,,,,23.0,30.0,,,,5.5,3.0,,26.5,7.0,,Male,Jin Dachuan , Liu Chang,,,,0.64,0.63905,185.0,1.0,1.0,0.83333,69.0,1.0,1.0,0.2781,0.4656,0.33695,0.47619,7.0,0.7,3.0,1.0,0.0,1.0
3.0,Liu Xiang & Xu Qifeng,TARCN3,3.6,3.6,301.0,4.0,-1.0,3.0,166.0,2.0,1.0,10.0,10.0,0.0257,0.1549,2.0,0.2,6.0,0.6,1.85472,1.75,0.0,0.0,3.0,0.3,0.0,0.0,0.0,0.0,0.0,0.0,0.0,3.0,1.0,7.0,6.0,1065.0,7.0,1.0,3.0,,,33.0,33.0,,,,3.67,6.0,,33.0,0.0,,Male,Liu Xiang , Xu Qifeng,,,,0.47,0.47143,486.0,5.0,-2.0,0.41667,552.0,5.0,-2.0,-0.0571,0.0812,0.32695,0.43452,5.0,0.5,5.0,1.0,0.0,1.0
4.0,Wu Jianhao & Yao Fengfeng,TARCN3,3.11,3.11111,187.0,2.0,2.0,3.0,166.0,2.0,2.0,9.0,9.0,0.1583,0.27,2.0,0.2222,5.0,0.5556,1.66296,2.0,2.0,0.2222,1.0,0.1111,0.0,0.0,1.0,0.0,0.0,0.0,0.0,1.0,1.0,6.0,5.0,1066.0,6.0,3.0,,,,38.0,25.0,,,,4.5,3.0,,31.5,13.0,,Co-Ed,Wu Jianhao , Yao Fengfeng,,,,0.57,0.56958,297.0,3.0,1.0,0.66667,216.0,2.0,2.0,0.1392,0.3063,0.3281,0.35,5.0,0.5556,4.0,1.0,0.0,1.0
5.0,Zhang Zhehan & Zhang Sifan,TARCN3,3.86,3.85714,356.0,5.0,0.0,5.0,504.0,5.0,0.0,7.0,7.0,-0.0447,0.0939,1.0,0.1429,2.0,0.2857,1.55183,2.0,1.0,0.1429,0.0,0.0,0.0,0.0,0.0,1.0,0.0,0.0,0.0,5.0,1.0,5.0,4.0,1067.0,5.0,3.0,,,,25.0,23.0,,,,4.0,2.0,,24.0,2.0,,Male,Zhang Zhehan , Zhang Sifan,,,,0.49,0.48503,457.0,4.0,1.0,0.42857,533.0,4.0,1.0,-0.0299,0.1124,0.30451,0.31667,3.0,0.4286,4.0,1.0,0.0,1.0
6.0,Jin Xing & Heinz,TARCN3,5.17,5.16667,600.0,7.0,-1.0,5.0,504.0,5.0,1.0,6.0,6.0,-0.3992,-0.2136,0.0,0.0,1.0,0.1667,1.57233,2.75,0.0,0.0,0.0,0.0,1.0,0.1667,0.0,0.0,0.0,0.0,0.0,4.0,3.0,7.0,4.0,1068.0,4.0,3.0,,,,48.0,48.0,,,,3.5,1.0,,48.0,0.0,,Co-Ed,Jin Xing , Heinz,,,,0.3,0.29762,792.0,7.0,-1.0,0.25,777.0,6.0,0.0,-0.4048,-0.3174,0.30421,0.55357,3.0,0.5,3.0,0.71429,0.0,0.71429
7.0,Huang Tingting & Sun Rui,TARCN3,4.6,4.6,498.0,6.0,1.0,6.0,634.0,7.0,0.0,5.0,5.0,-0.245,-0.0798,1.0,0.2,2.0,0.4,2.57682,5.0,1.0,0.2,2.0,0.4,0.0,0.0,0.0,0.0,0.0,0.0,0.0,7.0,1.0,7.0,6.0,1069.0,2.0,4.0,,,,24.0,21.0,,,,3.0,2.0,,22.5,3.0,,Female,Huang Tingting , Sun Rui,,,,0.43,0.43333,562.0,6.0,1.0,0.16667,888.0,7.0,0.0,-0.1333,-0.0062,0.41085,0.71429,2.0,0.4,3.0,1.0,0.0,1.0
8.0,Zhang Meixi & Zang Yafei,TARCN3,8.0,8.0,899.0,8.0,0.0,8.0,826.0,8.0,0.0,2.0,2.0,-1.1651,-0.8779,0.0,0.0,0.0,0.0,0.0,0.0,0.0,0.0,0.0,0.0,1.0,0.5,0.0,0.0,0.0,0.0,0.0,8.0,8.0,8.0,0.0,1070.0,2.0,1.0,,,,32.0,36.0,,,,1.5,1.0,,34.0,4.0,,Female,Zhang Meixi , Zang Yafei,,,,0.0,0.0,1030.0,8.0,0.0,0.0,1022.0,8.0,0.0,-1.0,-1.0,0.0,0.0,0.0,0.0,2.0,0.0,0.0,0.0
1.0,Jia Jingwen & Xiu Jiekai,TARCN4,2.4,2.4,61.0,1.0,0.0,1.0,1.0,1.0,0.0,10.0,10.0,0.3327,0.4118,6.0,0.6,8.0,0.8,1.95959,2.0,0.0,0.0,2.0,0.2,0.0,0.0,0.0,1.0,1.0,0.0,0.0,1.0,1.0,6.0,5.0,1071.0,5.0,6.0,,,,43.0,34.0,,,,5.5,1.0,,38.5,9.0,,Co-Ed,Jia Jingwen , Xiu Jiekai,,,,0.73,0.72857,76.0,1.0,0.0,1.0,1.0,1.0,0.0,0.4571,0.6408,0.34093,0.625,7.0,0.7,3.0,1.0,0.16667,0.83333
2.0,Zheng Yuanchang & Wang Likun,TARCN4,2.7,2.7,107.0,2.0,0.0,2.0,26.0,2.0,0.0,10.0,10.0,0.2493,0.3382,2.0,0.2,7.0,0.7,1.41774,1.75,4.0,0.4,1.0,0.1,1.0,0.1,0.0,0.0,0.0,0.0,0.0,2.0,1.0,5.0,4.0,1072.0,6.0,5.0,,,,35.0,32.0,,,,5.5,1.0,,33.5,3.0,,Co-Ed,Zheng Yuanchang , Wang Likun,,,,0.6,0.59738,258.0,3.0,-1.0,0.66667,216.0,3.0,-1.0,0.1948,0.3454,0.31915,0.45536,7.0,0.7,3.0,1.0,0.0,1.0
3.0,Wu Minxia & Zhang Xiaocheng,TARCN4,2.9,2.9,142.0,3.0,0.0,3.0,166.0,3.0,0.0,10.0,10.0,0.1937,0.2892,0.0,0.0,8.0,0.8,0.9434,1.0,4.0,0.4,1.0,0.1,0.0,0.0,0.0,0.0,0.0,0.0,0.0,2.0,2.0,5.0,3.0,1073.0,6.0,5.0,,,,31.0,31.0,,,,5.5,1.0,,31.0,0.0,,Co-Ed,Wu Minxia , Zhang Xiaocheng,,,,0.55,0.55167,331.0,4.0,-1.0,0.58571,337.0,4.0,-1.0,0.1033,0.2424,0.24162,0.28274,7.0,0.7,3.0,0.83333,0.0,0.83333
4.0,Qiang Zi & Zhang Xingyue,TARCN4,3.56,3.55556,292.0,5.0,-1.0,4.0,341.0,5.0,-1.0,9.0,9.0,0.0101,0.1275,1.0,0.1111,3.0,0.3333,1.64054,2.0,2.0,0.2222,3.0,0.3333,0.0,0.0,0.0,2.0,0.0,0.0,1.0,4.0,1.0,7.0,6.0,1074.0,5.0,4.0,,,,35.0,25.0,,,,4.5,1.0,,30.0,10.0,,Co-Ed,Qiang Zi , Zhang Xingyue,,,,0.48,0.47778,471.0,5.0,-1.0,0.5,408.0,5.0,-1.0,-0.0444,0.076,0.32756,0.55,5.0,0.5556,4.0,1.0,0.0,1.0
5.0,Zhang Jike & Zhang Chuanming,TARCN4,5.67,5.66667,677.0,7.0,-2.0,5.5,613.0,7.0,-2.0,6.0,6.0,-0.5765,-0.3897,0.0,0.0,0.0,0.0,1.24722,1.0,0.0,0.0,1.0,0.1667,2.0,0.3333,0.0,0.0,0.0,0.0,0.0,6.0,4.0,8.0,4.0,1075.0,3.0,4.0,,,,29.0,,,,,3.5,1.0,,,,,Male,Zhang Jike , Zhang Chuanming,,,,0.14,0.14206,956.0,7.0,-2.0,0.08333,995.0,7.0,-2.0,-0.7159,-0.6801,0.15723,0.25595,0.0,0.0,6.0,0.4,0.0,0.4
6.0,Lu Ting & Xuyang Yuzhuo,TARCN4,4.6,4.6,498.0,6.0,0.0,5.0,504.0,6.0,0.0,5.0,5.0,-0.279,-0.1275,0.0,0.0,1.0,0.2,1.0198,1.0,0.0,0.0,0.0,0.0,0.0,0.0,0.0,0.0,0.0,0.0,0.0,5.0,3.0,6.0,3.0,1076.0,3.0,3.0,,,,24.0,22.0,,,,3.0,0.0,,23.0,2.0,,Female,Lu Ting ,Xuyang Yuzhuo,,,,0.4,0.4,616.0,6.0,0.0,0.42857,533.0,6.0,0.0,-0.2,-0.0992,0.23055,0.2381,2.0,0.4,3.0,0.66667,0.0,0.66667
7.0,Fan Bingbing & Xie Yilin,TARCN4,3.5,3.5,279.0,4.0,3.0,3.0,166.0,3.0,4.0,4.0,4.0,0.0268,0.1422,1.0,0.25,3.0,0.75,2.17945,1.5,0.0,0.0,0.0,0.0,0.0,0.0,0.0,0.0,0.0,1.0,0.0,3.0,1.0,7.0,6.0,1077.0,2.0,2.0,,,,36.0,27.0,,,,2.0,0.0,,31.5,9.0,,Female,Fan Bingbing , Xie Yilin,,,,0.61,0.60714,235.0,2.0,5.0,0.71429,171.0,2.0,5.0,0.2143,0.3673,0.36943,0.25,3.0,0.75,1.0,1.0,0.0,1.0
8.0,Deng Bin & Wang Xinyu,TARCN4,7.33,7.33333,859.0,8.0,0.0,7.0,734.0,8.0,0.0,3.0,3.0,-1.0381,-0.7966,0.0,0.0,0.0,0.0,0.4714,0.5,0.0,0.0,1.0,0.3333,1.0,0.3333,0.0,0.0,0.0,0.0,0.0,7.0,7.0,8.0,1.0,1078.0,1.0,2.0,,,,20.0,21.0,,,,1.5,1.0,,20.5,1.0,,Co-Ed,Deng Bin , Wang Xinyu,,,,0.05,0.04762,1025.0,8.0,0.0,0.0,1022.0,8.0,0.0,-0.9048,-0.8928,0.06734,0.07143,0.0,0.0,3.0,0.14286,0.0,0.14286
1.0,Kaisa & Mari,TARFN1,2.83,2.83333,126.0,1.0,0.0,3.0,166.0,1.0,0.0,12.0,12.0,0.3777,0.5421,1.0,0.0833,9.0,0.75,0.89753,1.25,3.0,0.25,0.0,0.0833,1.0,0.0833,0.0,0.0,0.0,0.0,0.0,3.0,1.0,4.0,3.0,1079.0,6.0,6.0,,,,40.0,35.0,,,,6.0,0.0,,37.5,5.0,,Female,Kaisa,Mari,,,,0.66,0.65866,156.0,1.0,0.0,0.66667,216.0,1.0,0.0,0.3173,0.719,0.2404,0.21169,11.0,0.9167,1.0,1.0,0.0,1.0
2.0,Tuukka & Sami,TARFN1,3.08,3.08333,175.0,2.0,0.0,3.0,166.0,2.0,0.0,12.0,12.0,0.3227,0.5016,0.0,0.0,10.0,0.8333,1.38193,1.0,5.0,0.4167,2.0,0.0,0.0,0.0,0.0,0.0,0.0,0.0,0.0,2.0,2.0,6.0,4.0,1080.0,6.0,6.0,,,,28.0,58.0,,,,6.0,0.0,,43.0,30.0,,Male,Tuukka,Sami,,,,0.6,0.60069,250.0,2.0,0.0,0.675,211.0,2.0,0.0,0.2014,0.5677,0.22983,0.46667,8.0,0.6667,4.0,0.90909,0.28571,0.62338
3.0,Janne & Robin,TARFN1,3.17,3.16667,198.0,4.0,-1.0,2.0,26.0,3.0,0.0,12.0,12.0,0.3029,0.4871,5.0,0.4167,8.0,0.6667,2.6405,3.5,2.0,0.1667,0.0,0.1667,0.0,0.0,0.0,0.0,0.0,0.0,0.0,1.0,1.0,9.0,8.0,1081.0,6.0,6.0,,,,40.0,37.0,,,,6.0,0.0,,38.5,3.0,,Male,Janne,Robin,,,,0.68,0.68437,126.0,4.0,-1.0,0.7619,129.0,6.0,-3.0,0.3687,0.7861,0.33132,0.56667,8.0,0.6667,4.0,1.0,0.0,1.0
4.0,Bakari & Samuel,TARFN1,2.45,2.45455,72.0,7.0,-3.0,2.0,26.0,5.0,-1.0,11.0,11.0,0.4613,0.6036,5.0,0.4545,6.0,0.5455,1.4374,3.0,1.0,0.0909,1.0,0.0909,0.0,0.0,0.0,0.0,0.0,0.0,0.0,1.0,1.0,4.0,3.0,1082.0,5.0,6.0,,,,25.0,24.0,,,,5.5,1.0,,24.5,1.0,,Male,Bakari,Samuel,,,,0.67,0.67338,137.0,7.0,-3.0,0.85714,50.0,5.0,-1.0,0.3468,0.7574,0.35412,0.6,7.0,0.6364,4.0,1.0,0.0,1.0
5.0,Marcus & Timo,TARFN1,3.89,3.88889,361.0,3.0,2.0,4.0,341.0,4.0,1.0,9.0,9.0,0.1446,0.3706,1.0,0.1111,3.0,0.3333,1.52348,2.0,1.0,0.1111,3.0,0.0,0.0,0.0,0.0,0.0,0.0,0.0,0.0,5.0,1.0,6.0,5.0,1083.0,4.0,5.0,,,,55.0,58.0,,,,4.5,1.0,,56.5,3.0,,Male,Marcus,Timo,,,,0.51,0.51079,407.0,3.0,2.0,0.7,189.0,3.0,2.0,0.0216,0.3331,0.34623,0.52727,5.0,0.5556,4.0,1.0,0.0,1.0
6.0,Peter & Anna,TARFN1,5.75,5.75,688.0,6.0,0.0,6.0,634.0,7.0,-1.0,8.0,8.0,-0.2644,0.0696,0.0,0.0,0.0,0.0,0.66144,1.0,0.0,0.0,1.0,0.25,1.0,0.125,0.0,0.0,0.0,0.0,0.0,6.0,5.0,7.0,2.0,1084.0,2.0,5.0,,,,55.0,18.0,,,,3.5,3.0,,36.5,37.0,,Co-Ed,Peter,Anna,,,,0.31,0.31322,759.0,6.0,0.0,0.38095,603.0,7.0,-1.0,-0.3736,-0.1825,0.2198,0.40422,3.0,0.375,5.0,0.55556,0.0,0.55556
7.0,Ilmari & Aapo,TARFN1,8.0,8.0,899.0,5.0,2.0,8.0,826.0,5.0,2.0,6.0,6.0,-0.7592,-0.2945,0.0,0.0,0.0,0.0,1.73205,2.25,0.0,0.0,2.0,0.1667,1.0,0.1667,0.0,0.0,0.0,0.0,0.0,10.0,5.0,10.0,5.0,1085.0,3.0,3.0,,,,32.0,30.0,,,,3.0,0.0,,31.0,2.0,,Male,Ilmari,Aapo,,,,0.16,0.15544,944.0,5.0,2.0,0.14091,921.0,4.0,3.0,-0.6891,-0.5943,0.14785,0.18712,0.0,0.0,6.0,0.42857,0.0,0.42857
8.0,Jukka & Mirva,TARFN1,7.6,7.6,883.0,8.0,0.0,8.0,826.0,8.0,0.0,5.0,5.0,-0.6712,-0.2298,0.0,0.0,0.0,0.0,0.4899,1.0,0.0,0.0,1.0,0.2,0.0,0.0,0.0,0.0,0.0,0.0,0.0,8.0,7.0,8.0,1.0,1086.0,3.0,2.0,,,,53.0,45.0,,,,2.5,1.0,,49.0,8.0,,Co-Ed,Jukka,Mirva,,,,0.23,0.22797,881.0,8.0,0.0,0.3,708.0,8.0,0.0,-0.5441,-0.405,0.13705,0.19048,0.0,0.0,5.0,0.36364,0.0,0.36364
9.0,Katariina & Benjamin,TARFN1,9.67,9.66667,1001.0,10.0,-1.0,9.0,889.0,10.0,-1.0,3.0,3.0,-1.1264,-0.5647,0.0,0.0,0.0,0.0,0.94281,1.0,0.0,0.0,1.0,0.6667,0.0,0.0,0.0,0.0,0.0,0.0,0.0,9.0,9.0,11.0,2.0,1087.0,2.0,1.0,,,,56.0,29.0,,,,1.5,1.0,,42.5,27.0,,Co-Ed,Katariina,Benjamin,,,,0.13,0.13401,963.0,10.0,-1.0,0.11111,945.0,10.0,-1.0,-0.732,-0.6503,0.04739,0.05455,0.0,0.0,3.0,0.2,0.09091,0.10909
10.0,Lotta & Noora,TARFN1,6.67,6.66667,794.0,11.0,-1.0,5.0,504.0,11.0,-1.0,3.0,3.0,-0.4667,-0.0793,0.0,0.0,0.0,0.0,2.35702,2.5,0.0,0.0,0.0,0.3333,0.0,0.0,0.0,0.0,0.0,0.0,0.0,5.0,5.0,10.0,5.0,1088.0,2.0,0.0,,,,34.0,32.0,,,,1.0,2.0,,33.0,2.0,,Female,Lotta,Noora,,,,0.41,0.41212,596.0,11.0,-1.0,0.6,309.0,11.0,-1.0,-0.1758,0.0756,0.29179,0.31818,2.0,0.6667,1.0,0.63636,0.0,0.63636
11.0,Aino-Kaisa & Silvia,TARFN1,9.0,9.0,952.0,9.0,2.0,9.0,889.0,9.0,2.0,2.0,2.0,-0.9791,-0.4563,0.0,0.0,0.0,0.0,2.0,2.0,0.0,0.0,0.0,0.0,0.0,0.0,0.0,0.0,0.0,0.0,0.0,,7.0,11.0,4.0,1089.0,2.0,0.0,,,,44.0,46.0,,,,1.0,2.0,,45.0,2.0,,Female,Aino-Kaisa,Silvia,,,,0.23,0.22727,883.0,9.0,2.0,0.22727,817.0,9.0,2.0,-0.5455,-0.4069,0.22727,0.22727,0.0,0.0,2.0,0.45455,0.0,0.45455
12.0,Anna & Atte,TARFN1,12.0,12.0,1096.0,12.0,0.0,12.0,1048.0,12.0,0.0,1.0,1.0,-1.6387,-0.9417,0.0,0.0,0.0,0.0,0.0,0.0,0.0,0.0,0.0,0.0,0.0,0.0,0.0,0.0,0.0,0.0,0.0,,12.0,12.0,0.0,1090.0,1.0,0.0,,,,52.0,22.0,,,,0.5,1.0,,37.0,30.0,,Co-Ed,Anna,Atte,,,,0.0,0.0,1030.0,12.0,0.0,0.0,1022.0,12.0,0.0,-1.0,-1.0,0.0,0.0,0.0,0.0,1.0,0.0,0.0,0.0
1.0,Metti & Hanna,TARFN2,1.92,1.91667,14.0,1.0,0.0,2.0,26.0,1.0,0.0,12.0,12.0,0.5434,0.6695,5.0,0.4167,12.0,1.0,0.86201,2.0,3.0,0.25,0.0,0.0,0.0,0.0,0.0,0.0,0.0,0.0,0.0,1.0,1.0,3.0,2.0,1091.0,5.0,6.0,,,,33.0,33.0,,,,5.5,1.0,,33.0,0.0,,Female,Metti,Hanna,,,,0.8,0.79563,29.0,1.0,0.0,0.80714,87.0,1.0,0.0,0.5913,1.1539,0.19847,0.35,12.0,1.0,0.0,1.0,0.5,0.5
2.0,Mimosa & Patrick,TARFN2,1.83,1.83333,10.0,2.0,0.0,2.0,26.0,2.0,0.0,12.0,12.0,0.5648,0.685,4.0,0.3333,12.0,1.0,0.68718,1.0,6.0,0.5,1.0,0.0833,0.0,0.0,0.0,0.0,0.0,0.0,0.0,2.0,1.0,3.0,2.0,1092.0,5.0,6.0,,,,29.0,55.0,,,,5.5,1.0,,42.0,26.0,,Co-Ed,Mimosa,Patrick,,,,0.81,0.81009,21.0,2.0,0.0,0.86607,43.0,2.0,0.0,0.6202,1.193,0.20435,0.23333,11.0,0.9167,1.0,1.0,0.33333,0.66667
3.0,Elias & Matias,TARFN2,2.33,2.33333,50.0,4.0,-1.0,2.5,128.0,3.0,0.0,12.0,12.0,0.4459,0.599,3.0,0.25,11.0,0.9167,0.94281,1.25,3.0,0.25,1.0,0.0833,0.0,0.0,0.0,0.0,0.0,0.0,0.0,3.0,1.0,4.0,3.0,1093.0,6.0,5.0,,,,38.0,41.0,,,,5.5,1.0,,39.5,3.0,,Male,Elias,Matias,,,,0.71,0.70694,94.0,4.0,-1.0,0.75,132.0,6.0,-3.0,0.4139,0.9138,0.27992,0.225,10.0,0.8333,2.0,1.0,0.0,1.0
4.0,Paulus & Adeliina,TARFN2,5.0,5.0,566.0,7.0,-3.0,4.0,341.0,5.0,-1.0,11.0,11.0,-0.189,0.1394,0.0,0.0,0.0,0.0,1.20605,2.0,0.0,0.0,4.0,0.3636,1.0,0.0909,0.0,0.0,0.0,0.0,0.0,4.0,4.0,7.0,3.0,1094.0,4.0,5.0,,,,36.0,32.0,,,,4.5,1.0,,34.0,4.0,,Female,Paulus,Adeliina,,,,0.27,0.26728,838.0,7.0,-3.0,0.25,777.0,5.0,-1.0,-0.4654,-0.2764,0.16966,0.24524,1.0,0.0909,10.0,0.55556,0.0,0.55556
5.0,Leea & Kaarina,TARFN2,5.67,5.66667,677.0,3.0,2.0,5.0,504.0,4.0,1.0,9.0,9.0,-0.3484,0.0241,0.0,0.0,0.0,0.0,1.1547,1.0,0.0,0.0,2.0,0.2222,2.0,0.2222,0.0,0.0,0.0,0.0,0.0,5.0,4.0,8.0,4.0,1095.0,5.0,3.0,,,,59.0,60.0,,,,4.0,2.0,,59.5,1.0,,Female,Leea,Kaarina,,,,0.23,0.23188,880.0,3.0,2.0,0.2,847.0,3.0,2.0,-0.5362,-0.3723,0.2018,0.42857,2.0,0.2222,7.0,0.5,0.0,0.5
6.0,Gracias & Jeremie,TARFN2,5.0,5.0,566.0,6.0,0.0,5.0,504.0,7.0,-1.0,7.0,7.0,-0.189,0.1394,0.0,0.0,1.0,0.1429,1.51186,1.5,0.0,0.0,1.0,0.1429,0.0,0.0,0.0,0.0,0.0,0.0,0.0,4.0,3.0,8.0,5.0,1096.0,3.0,2.0,,,,37.0,32.0,,,,2.5,1.0,,34.5,5.0,,Male,Gracias,Jeremie,,,,0.4,0.40108,612.0,6.0,0.0,0.33333,656.0,7.0,-1.0,-0.1978,0.0858,0.2499,0.34821,3.0,0.4286,4.0,0.77778,0.0,0.77778
7.0,Tinni & Antti,TARFN2,5.6,5.6,673.0,5.0,2.0,6.0,634.0,5.0,2.0,5.0,5.0,-0.3317,0.0361,0.0,0.0,0.0,0.0,1.0198,1.0,0.0,0.0,0.0,0.0,0.0,0.0,0.0,0.0,0.0,0.0,0.0,6.0,4.0,7.0,3.0,1097.0,1.0,3.0,,,,34.0,29.0,,,,2.0,2.0,,31.5,5.0,,Co-Ed,Tinni,Antti,,,,0.39,0.38603,639.0,5.0,2.0,0.44444,513.0,4.0,3.0,-0.2279,0.045,0.23412,0.21429,2.0,0.4,3.0,0.7,0.0,0.7
8.0,Mikko & Meikka,TARFN2,8.25,8.25,918.0,8.0,0.0,8.5,875.0,8.0,0.0,4.0,4.0,-0.9619,-0.42,0.0,0.0,0.0,0.0,0.82916,1.25,0.0,0.0,1.0,0.25,0.0,0.0,0.0,0.0,0.0,0.0,0.0,9.0,7.0,9.0,2.0,1098.0,2.0,1.0,,,,47.0,65.0,,,,1.5,1.0,,56.0,18.0,,Co-Ed,Mikko,Meikka,,,,0.14,0.14028,958.0,8.0,0.0,0.15556,900.0,8.0,0.0,-0.7194,-0.6202,0.09505,0.12917,0.0,0.0,4.0,0.25,0.0,0.25
9.0,Jani & Maria,TARFN2,7.33,7.33333,859.0,10.0,-1.0,8.0,826.0,10.0,-1.0,3.0,3.0,-0.7431,-0.2616,0.0,0.0,0.0,0.0,1.69967,2.0,0.0,0.0,0.0,0.0,0.0,0.0,0.0,0.0,0.0,0.0,0.0,,5.0,9.0,4.0,1099.0,1.0,2.0,,,,50.0,40.0,,,,1.5,1.0,,45.0,10.0,,Co-Ed,Jani,Maria,,,,0.27,0.27407,826.0,10.0,-1.0,0.22222,823.0,10.0,-1.0,-0.4519,-0.258,0.24768,0.3,1.0,0.3333,2.0,0.6,0.0,0.6
10.0,Tuure & Saana,TARFN2,10.0,10.0,1002.0,11.0,-1.0,10.0,954.0,11.0,-1.0,2.0,2.0,-1.378,-0.7212,0.0,0.0,0.0,0.0,0.0,0.0,0.0,0.0,0.0,0.0,0.0,0.0,0.0,0.0,0.0,0.0,0.0,10.0,10.0,10.0,0.0,1100.0,1.0,1.0,,,,23.0,22.0,,,,1.0,0.0,,22.5,1.0,,Co-Ed,Tuure,Saana,,,,0.05,0.05,1011.0,11.0,-1.0,0.05,1005.0,11.0,-1.0,-0.9,-0.8646,0.05,0.05,0.0,0.0,2.0,0.1,0.0,0.1
11.0,Aku & Wille,TARFN2,11.0,11.0,1043.0,9.0,2.0,11.0,997.0,9.0,2.0,1.0,1.0,-1.6159,-0.8933,0.0,0.0,0.0,0.0,0.0,0.0,0.0,0.0,0.0,0.0,0.0,0.0,0.0,0.0,0.0,0.0,0.0,11.0,11.0,11.0,0.0,1101.0,0.0,1.0,,,,34.0,42.0,,,,0.5,1.0,,38.0,8.0,,Male,Aku,Wille,,,,0.0,0.0,1030.0,9.0,2.0,0.0,1022.0,9.0,2.0,-1.0,-1.0,0.0,0.0,0.0,0.0,1.0,0.0,0.0,0.0
1.0,Maria & Vilma,TARFN3,2.67,2.66667,100.0,3.0,-2.0,3.0,166.0,1.0,0.0,12.0,12.0,0.4127,0.5154,4.0,0.3333,8.0,0.6667,1.37437,3.0,1.0,0.0833,0.0,0.0,1.0,0.0833,0.0,0.0,0.0,0.0,0.0,1.0,1.0,5.0,4.0,1102.0,2.0,3.0,,,,56.0,32.0,,,,2.5,1.0,,44.0,24.0,,Female,Maria,Vilma,,,,0.72,0.71637,90.0,3.0,-2.0,0.66667,216.0,1.0,0.0,0.4327,0.6654,0.2817,0.38839,11.0,0.9167,1.0,1.0,0.0,1.0
2.0,Millu & Karo,TARFN3,3.5,3.5,279.0,4.0,-2.0,3.5,315.0,2.0,0.0,12.0,12.0,0.2302,0.3648,0.0,0.0,6.0,0.5,0.95743,1.0,2.0,0.1667,2.0,0.1667,0.0,0.0,0.0,0.0,0.0,0.0,0.0,4.0,2.0,5.0,3.0,1103.0,2.0,3.0,,,,32.0,30.0,,,,2.5,1.0,,31.0,2.0,,Female,Millu,Karo,,,,0.54,0.54358,344.0,5.0,-3.0,0.5,408.0,2.0,0.0,0.0872,0.2637,0.19203,0.36667,7.0,0.5833,5.0,0.8,0.25,0.55
3.0,Tomas & Esko,TARFN3,4.17,4.16667,413.0,6.0,-3.0,4.0,341.0,3.0,0.0,12.0,12.0,0.0828,0.2432,1.0,0.0833,5.0,0.4167,1.86339,2.25,1.0,0.0833,4.0,0.3333,0.0,0.0,0.0,0.0,0.0,0.0,0.0,3.0,1.0,8.0,7.0,1104.0,3.0,2.0,,,,30.0,63.0,,,,2.5,1.0,,46.5,33.0,,Male,Tomas,Esko,,,,0.44,0.44005,544.0,6.0,-3.0,0.4375,523.0,6.0,-3.0,-0.1199,0.023,0.28004,0.4,6.0,0.5,6.0,1.0,0.0,1.0
4.0,Sara & Artturi,TARFN3,2.64,2.63636,97.0,2.0,2.0,2.0,26.0,5.0,-1.0,11.0,11.0,0.4193,0.5209,4.0,0.3636,7.0,0.6364,1.55346,3.0,2.0,0.1818,0.0,0.0,0.0,0.0,0.0,0.0,0.0,0.0,0.0,1.0,1.0,5.0,4.0,1105.0,2.0,3.0,,,,34.0,31.0,,,,2.5,1.0,,32.5,3.0,,Co-Ed,Sara,Artturi,,,,0.74,0.74055,64.0,2.0,2.0,0.85714,50.0,5.0,-1.0,0.4811,0.7216,0.29423,0.4,10.0,0.9091,1.0,1.0,0.0,1.0
5.0,Armi & Sari,TARFN3,4.0,4.0,375.0,5.0,0.0,2.5,128.0,4.0,1.0,10.0,10.0,0.1202,0.274,0.0,0.0,6.0,0.6,2.52982,3.0,5.0,0.5,0.0,0.0,0.0,0.0,0.0,0.0,0.0,0.0,0.0,2.0,2.0,9.0,7.0,1106.0,3.0,2.0,,,,44.0,46.0,,,,2.5,1.0,,45.0,2.0,,Female,Armi,Sari,,,,0.59,0.58615,278.0,4.0,1.0,0.73214,162.0,3.0,2.0,0.1723,0.3627,0.29498,0.46111,7.0,0.7,3.0,0.875,0.0,0.875
6.0,Tuomas & Sini,TARFN3,7.38,7.375,868.0,9.0,-3.0,7.0,734.0,7.0,-1.0,8.0,8.0,-0.6232,-0.3394,0.0,0.0,0.0,0.0,1.72753,2.5,0.0,0.0,3.0,0.375,1.0,0.125,0.0,0.0,0.0,0.0,0.0,10.0,5.0,10.0,5.0,1107.0,3.0,2.0,,,,43.0,43.0,,,,2.5,1.0,,43.0,0.0,,Co-Ed,Tuomas,Sini,,,,0.16,0.15967,942.0,10.0,-4.0,0.1125,944.0,7.0,-1.0,-0.6807,-0.6288,0.13015,0.22262,0.0,0.0,8.0,0.33333,0.0,0.33333
7.0,Mari & Joel,TARFN3,7.29,7.28571,858.0,8.0,-1.0,7.0,734.0,5.0,2.0,7.0,7.0,-0.6034,-0.323,0.0,0.0,0.0,0.0,1.16058,1.5,0.0,0.0,2.0,0.2857,1.0,0.1429,0.0,0.0,0.0,0.0,0.0,7.0,6.0,9.0,3.0,1108.0,1.0,4.0,,,,55.0,25.0,,,,2.5,3.0,,40.0,30.0,,Co-Ed,Mari,Joel,,,,0.2,0.1958,919.0,9.0,-2.0,0.16667,888.0,4.0,3.0,-0.6084,-0.5448,0.14375,0.09802,1.0,0.1429,6.0,0.5,0.0,0.5
8.0,Nina & Elsa,TARFN3,2.6,2.6,95.0,1.0,7.0,1.0,1.0,8.0,0.0,5.0,5.0,0.4281,0.5281,3.0,0.6,4.0,0.8,2.72764,1.0,1.0,0.2,0.0,0.0,0.0,0.0,0.0,0.0,0.0,0.0,0.0,1.0,1.0,8.0,7.0,1109.0,2.0,2.0,,,,53.0,23.0,,,,2.0,0.0,,38.0,30.0,,Female,Nina,Elsa,,,,0.78,0.78,38.0,1.0,7.0,1.0,1.0,8.0,0.0,0.56,0.8133,0.39192,0.1,4.0,0.8,1.0,1.0,0.0,1.0
9.0,Paula & Kati,TARFN3,7.0,7.0,819.0,7.0,2.0,6.5,714.0,10.0,-1.0,4.0,4.0,-0.5396,-0.2704,0.0,0.0,0.0,0.0,1.22474,1.5,0.0,0.0,0.0,0.0,0.0,0.0,0.0,0.0,0.0,0.0,0.0,6.0,6.0,9.0,3.0,1110.0,2.0,1.0,,,,51.0,49.0,,,,1.5,1.0,,50.0,2.0,,Female,Paula,Kati,,,,0.34,0.33611,719.0,7.0,2.0,0.42222,549.0,10.0,-1.0,-0.3278,-0.2186,0.19726,0.15833,1.0,0.25,3.0,0.5,0.0,0.5
10.0,Arttu & Jaakko,TARFN3,8.33,8.33333,921.0,10.0,0.0,8.0,826.0,11.0,-1.0,3.0,3.0,-0.8322,-0.5118,0.0,0.0,0.0,0.0,1.24722,1.5,0.0,0.0,0.0,0.0,0.0,0.0,0.0,0.0,0.0,0.0,0.0,,7.0,10.0,3.0,1111.0,0.0,1.0,,,,28.0,29.0,,,,0.5,1.0,,28.5,1.0,,Male,Arttu,Jaakko,,,,0.23,0.23333,877.0,8.0,2.0,0.3,708.0,11.0,-1.0,-0.5333,-0.4576,0.16997,0.2,0.0,0.0,3.0,0.4,0.0,0.4
11.0,Karri & Tuukka,TARFN3,11.0,11.0,1043.0,11.0,0.0,11.0,997.0,9.0,2.0,2.0,2.0,-1.4194,-0.9964,0.0,0.0,0.0,0.0,0.0,0.0,0.0,0.0,0.0,0.0,1.0,0.5,0.0,0.0,0.0,0.0,0.0,11.0,11.0,11.0,0.0,1112.0,0.0,1.0,,,,47.0,43.0,,,,0.5,1.0,,45.0,4.0,,Male,Karri,Tuukka,,,,0.0,0.0,1030.0,9.0,2.0,0.0,1022.0,9.0,2.0,-1.0,-1.0,0.0,0.0,0.0,0.0,2.0,0.0,0.0,0.0
