place,team,season,final_placement_average,unnamed_4,current_placement_average_after_rank_1,rank_2,rank_3,rank_4,rank_5,rank_6,rank_7,rank_8,rank_9,rank_10,rank_11,rank_12,rank_13,rank_14,rank_15,rank_16,rank_17,rank_18,rank_19,rank_20,rank_21,rank_22,rank_23,rank_24,average_average_placement_throughout_the_season,max,min,range,unnamed_33,di_average_round_to_five_nearest,unnamed_35,rank_1,rank_21,rank_31,rank_41,rank_51,rank_61,rank_71,rank_81,rank_91,rank_101,rank_111,rank_121,rank_131,rank_141,rank_151,rank_161,rank_171,rank_181,rank_191,rank_201,rank_211,rank_221,rank_231,rank_241,average_di_throughout_the_season,max1,min1,range1
6.0834971,Average,,5.4819068,,5.8928,5.5136,5.2112,4.9723,4.7491,4.5518,4.3092,4.0924,3.9176,3.7252,3.5697,3.4452,3.4462,4.8261,5.2411,4.8046,4.6005,4.4166,4.304,4.3613,3.8858,3.7195,3.4365,3.3735,5.597203,6.8951352,4.5562654,2.3388698,,0.4158208,,,,,,,,,,,,,,,,,,,,,,,,,,0.47314,0.6043442,0.3407757,0.2635686
1.0,Rob & Brennan,TARUS1,2.46154,1.0,1.0,2.0,2.3333333,3.25,3.4,3.3333333,3.2857143,3.25,3.0,2.8,2.7272727,2.5833333,2.4615385,,,,,,,,,,,,2.72496,3.4,1.0,2.4,,0.74463,,1.0,0.8888889,0.8425926,0.703373,0.6626984,0.6522487,0.6447846,0.6266865,0.6681658,0.7013492,0.6981962,0.7233466,0.7446276,,,,,,,,,,,,0.73515,1.0,0.6266865,0.3733135
2.0,Frank & Margarita,TARUS1,2.38462,2.0,3.0,3.5,3.0,3.25,3.6,3.1666667,2.8571429,2.75,2.6666667,2.6,2.4545455,2.4166667,2.3846154,,,,,,,,,,,,2.89587,3.6,2.3846154,1.2153846,,0.72408,,0.8,0.7333333,0.7805556,0.7282738,0.6492857,0.7077381,0.7494898,0.7495536,0.7496032,0.7413095,0.7648268,0.7427579,0.7240842,,,,,,,,,,,,0.74006,0.8,0.6492857,0.1507143
3.0,Joe & Bill,TARUS1,2.76923,3.0,2.0,2.0,2.6666667,2.25,2.2,2.1666667,2.1428571,2.375,2.5555556,2.7,2.7272727,2.75,2.7692308,,,,,,,,,,,,2.40794,2.7692308,2.0,0.7692308,,0.51388,,0.9,0.8944444,0.8046296,0.8534722,0.8494444,0.8412037,0.8353175,0.7621528,0.7052469,0.6347222,0.6073232,0.556713,0.5138889,,,,,,,,,,,,0.75066,0.9,0.5138889,0.3861111
4.0,Kevin & Drew,TARUS1,3.36364,4.0,9.0,7.0,5.0,4.25,3.6,3.6666667,3.7142857,3.375,3.3333333,3.3,3.3636364,,,,,,,,,,,,,,4.50936,9.0,3.3,5.7,,0.56782,,0.2,0.3777778,0.5851852,0.6531746,0.7225397,0.6687831,0.6303855,0.6765873,0.6569665,0.6246032,0.5678211,,,,,,,,,,,,,,0.57853,0.7225397,0.2,0.5225397
5.0,Nancy & Emily,TARUS1,5.77778,5.0,10.0,9.0,8.6666667,7.25,6.4,6.1666667,6.0,5.875,5.7777778,,,,,,,,,,,,,,,,7.23735,10.0,5.7777778,4.2222222,,0.24758,,0.1,0.1611111,0.1490741,0.290377,0.3656349,0.3380291,0.3183107,0.2785218,0.247575,,,,,,,,,,,,,,,,0.24985,0.3656349,0.1,0.2656349
6.0,Lenny & Karyn,TARUS1,6.42857,6.0,4.0,6.5,6.6666667,6.75,6.6,6.5,6.4285714,,,,,,,,,,,,,,,,,,6.20646,6.75,4.0,2.75,,0.19581,,0.7,0.4055556,0.3537037,0.3009921,0.274127,0.2284392,0.195805,,,,,,,,,,,,,,,,,,0.35123,0.7,0.195805,0.504195
7.0,Paul & Amie,TARUS1,6.6,7.0,8.0,7.5,7.0,6.5,6.6,,,,,,,,,,,,,,,,,,,,7.12,8.0,6.5,1.5,,0.28738,,0.3,0.3166667,0.3361111,0.3592262,0.287381,,,,,,,,,,,,,,,,,,,,0.31988,0.3592262,0.287381,0.0718452
8.0,Dave & Margaretta,TARUS1,6.5,8.0,7.0,6.5,6.0,6.5,,,,,,,,,,,,,,,,,,,,,6.5,7.0,6.0,1.0,,0.3361,,0.4,0.4222222,0.4481481,0.3361111,,,,,,,,,,,,,,,,,,,,,0.40162,0.4481481,0.3361111,0.112037
9.0,Pat & Brenda,TARUS1,5.0,9.0,5.0,3.0,5.0,,,,,,,,,,,,,,,,,,,,,,4.33333,5.0,3.0,2.0,,0.53333,,0.6,0.8,0.5333333,,,,,,,,,,,,,,,,,,,,,,0.64444,0.8,0.5333333,0.2666667
10.0,Kim & Leslie,TARUS1,8.0,10.0,6.0,8.0,,,,,,,,,,,,,,,,,,,,,,,7.0,8.0,6.0,2.0,,0.25,,0.5,0.25,,,,,,,,,,,,,,,,,,,,,,,0.375,0.5,0.25,0.25
11.0,Matt & Ana,TARUS1,11.0,11.0,11.0,,,,,,,,,,,,,,,,,,,,,,,,11.0,11.0,11.0,0.0,,0.0,,0.0,,,,,,,,,,,,,,,,,,,,,,,,0.0,0.0,0.0,0.0
1.0,Chris & Alex,TARUS2,3.38462,12.0,6.0,4.0,5.0,5.5,4.6,4.8333333,4.4285714,4.125,3.7777778,3.7,3.6363636,3.5833333,3.3846154,,,,,,,,,,,,4.35146,6.0,3.3846154,2.6153846,,0.53834,,0.5,0.6944444,0.5462963,0.4454365,0.5563492,0.4636243,0.511678,0.5414683,0.5924162,0.5665079,0.5453102,0.4998677,0.5383394,,,,,,,,,,,,0.5386,0.6944444,0.4454365,0.2490079
2.0,Tara & Wil,TARUS2,2.53846,13.0,1.0,2.0,2.0,2.25,2.4,2.8333333,2.8571429,3.0,3.0,2.9,2.7272727,2.5833333,2.5384615,,,,,,,,,,,,2.46843,3.0,1.0,2.0,,0.67312,,1.0,0.8888889,0.8842593,0.8417659,0.806746,0.7056217,0.6905329,0.6354663,0.6204145,0.6250397,0.659127,0.6875331,0.6731074,,,,,,,,,,,,0.74758,1.0,0.6204145,0.3795855
3.0,Blake & Paige,TARUS2,3.69231,14.0,4.0,6.5,6.0,5.5,5.2,4.8333333,4.8571429,4.875,4.5555556,4.2,4,3.75,3.6923077,,,,,,,,,,,,4.76641,6.5,3.6923077,2.8076923,,0.50763,,0.7,0.4055556,0.437037,0.4706349,0.4765079,0.4970899,0.4546485,0.3978175,0.4369489,0.493254,0.5090188,0.5499339,0.5076313,,,,,,,,,,,,0.48739,0.7,0.3978175,0.3021825
4.0,Oswald & Danny,TARUS2,4.0,15.0,8.0,7.5,5.3333333,4.25,4.6,4.5,4.4285714,4.0,4.0,4,4,,,,,,,,,,,,,,4.96472,8.0,4.0,4.0,,0.44091,,0.3,0.3166667,0.5444444,0.6583333,0.56,0.5333333,0.5142857,0.575,0.5388889,0.485,0.4409091,,,,,,,,,,,,,,0.49699,0.6583333,0.3,0.3583333
5.0,Gary & Dave,TARUS2,3.88889,16.0,9.0,7.0,5.6666667,4.75,4.8,4.3333333,3.8571429,3.75,3.8888889,,,,,,,,,,,,,,,,5.22734,9.0,3.75,5.25,,0.55511,,0.2,0.3777778,0.5018519,0.5906746,0.5392064,0.582672,0.6422903,0.624504,0.5551146,,,,,,,,,,,,,,,,0.51268,0.6422903,0.2,0.4422903
6.0,Mary & Peach,TARUS2,4.14286,17.0,7.0,5.5,5.0,5.0,4.4,3.8333333,4.1428571,,,,,,,,,,,,,,,,,,4.98231,7.0,3.8333333,3.1666667,,0.5648,,0.4,0.5333333,0.5638889,0.5300595,0.5907143,0.6589286,0.5647959,,,,,,,,,,,,,,,,,,0.54882,0.6589286,0.4,0.2589286
7.0,Cyndi & Russell,TARUS2,5.8,18.0,2.0,4.0,5.3333333,5.5,5.8,,,,,,,,,,,,,,,,,,,,4.52667,5.8,2.0,3.8,,0.35102,,0.9,0.6722222,0.4898148,0.4387897,0.3510317,,,,,,,,,,,,,,,,,,,,0.57037,0.9,0.3510317,0.5489683
8.0,Shola & Doyin,TARUS2,4.25,19.0,3.0,2.0,3.0,4.25,,,,,,,,,,,,,,,,,,,,,3.0625,4.25,2.0,2.25,,0.575,,0.8,0.9,0.7666667,0.575,,,,,,,,,,,,,,,,,,,,,0.76042,0.9,0.575,0.325
9.0,Peggy & Claire,TARUS2,9.0,20.0,10.0,9.0,9.0,,,,,,,,,,,,,,,,,,,,,,9.33333,10.0,9.0,1.0,,0.1074,,0.1,0.1611111,0.1074074,,,,,,,,,,,,,,,,,,,,,,0.12284,0.1611111,0.1,0.0611111
10.0,Hope & Norm,TARUS2,7.0,21.0,4.0,7.0,,,,,,,,,,,,,,,,,,,,,,,5.5,7.0,4.0,3.0,,0.35,,0.7,0.35,,,,,,,,,,,,,,,,,,,,,,,0.525,0.7,0.35,0.35
11.0,Deidre & Hillary,TARUS2,11.0,22.0,11.0,,,,,,,,,,,,,,,,,,,,,,,,11.0,11.0,11.0,0.0,,0.0,,0.0,,,,,,,,,,,,,,,,,,,,,,,,0.0,0.0,0.0,0.0
1.0,Flo & Zach,TARUS3,2.69231,23.0,2.0,3.5,3.3333333,3.0,3.2,3.0,2.7142857,2.625,2.8888889,2.9,2.8181818,2.8333333,2.6923077,,,,,,,,,,,,2.88503,3.5,2.0,1.5,,0.65256,,0.9090909,0.7545455,0.7622896,0.7904672,0.7466595,0.7611051,0.7952329,0.7895788,0.7018478,0.6816631,0.6802998,0.6236081,0.6525613,,,,,,,,,,,,0.74223,0.9090909,0.6236081,0.2854828
2.0,Teri & Ian,TARUS3,4.53846,24.0,9.0,9.5,9.3333333,8.25,7.8,6.6666667,6.2857143,5.875,5.6666667,5.5,5.0909091,4.75,4.5384615,,,,,,,,,,,,6.78898,9.5,4.5384615,4.9615385,,0.47458,,0.2727273,0.1863636,0.1612795,0.2459596,0.2539105,0.3782588,0.3813647,0.3961941,0.3799503,0.3669553,0.4245048,0.4724627,0.474581,,,,,,,,,,,,0.33804,0.474581,0.1612795,0.3133015
3.0,Ken & Gerard,TARUS3,2.69231,25.0,1.0,3.5,3.0,2.5,2.2,2.3333333,2.7142857,2.875,2.7777778,2.7,2.7272727,2.6666667,2.6923077,,,,,,,,,,,,2.59128,3.5,1.0,2.5,,0.60299,,1.0,0.75,0.7962963,0.8472222,0.8777778,0.8425926,0.7507937,0.6881944,0.6950617,0.7005556,0.6671717,0.6532407,0.6029915,,,,,,,,,,,,0.75938,1.0,0.6029915,0.3970085
4.0,Derek & Drew,TARUS3,3.09091,26.0,11.0,6.0,4.3333333,4.0,3.8,3.8333333,3.5714286,3.25,3.2222222,3,3.0909091,,,,,,,,,,,,,,4.46375,11.0,3.0,8.0,,0.66865,,0.0909091,0.5454545,0.6969697,0.7102273,0.711039,0.6758658,0.6935993,0.7318994,0.7061328,0.7355195,0.6686541,,,,,,,,,,,,,,0.6333,0.7355195,0.0909091,0.6446104
5.0,John Vito & Jill,TARUS3,4.8,27.0,5.0,6.0,6.3333333,6.25,5.8,5.6666667,5.2857143,5.25,4.7777778,4.8,,,,,,,,,,,,,,,5.51635,6.3333333,4.7777778,1.5555555,,0.42494,,0.6363636,0.5181818,0.4565657,0.4361742,0.4632251,0.4415765,0.4642084,0.4061824,0.4721621,0.4249459,,,,,,,,,,,,,,,0.47196,0.6363636,0.4061824,0.2301812
6.0,Andre & Damon,TARUS3,5.85714,28.0,7.0,7.5,7.6666667,6.75,5.8,5.8333333,5.8571429,,,,,,,,,,,,,,,,,,6.62959,7.6666667,5.8,1.8666667,,0.37507,,0.4545455,0.3772727,0.3255892,0.4004419,0.4917821,0.4375962,0.3750825,,,,,,,,,,,,,,,,,,0.4089,0.4917821,0.3255892,0.1661929
7.0,Aaron & Arianne,TARUS3,5.16667,29.0,3.0,2.5,3.0,4.25,4.8,5.1666667,,,,,,,,,,,,,,,,,,,3.78611,5.1666667,2.5,2.6666667,,0.44213,,0.8181818,0.8590909,0.7949495,0.6274621,0.5305411,0.4421176,,,,,,,,,,,,,,,,,,,0.67872,0.8590909,0.4421176,0.4169733
8.0,Michael & Kathy,TARUS3,5.8,30.0,4.0,4.0,4.6666667,5.25,5.8,,,,,,,,,,,,,,,,,,,,4.74333,5.8,4.0,1.8,,0.42434,,0.7272727,0.7136364,0.6239057,0.5304293,0.4243434,,,,,,,,,,,,,,,,,,,,0.60392,0.7272727,0.4243434,0.3029293
9.0,Heather & Eve,TARUS3,5.75,31.0,6.0,4.5,4.6666667,5.75,,,,,,,,,,,,,,,,,,,,,5.22917,6.0,4.5,1.5,,0.47528,,0.5454546,0.6727273,0.63367,0.4752525,,,,,,,,,,,,,,,,,,,,,0.58178,0.6727273,0.4752525,0.1974748
10.0,Dennis & Andrew,TARUS3,9.0,32.0,8.0,8.5,9.0,,,,,,,,,,,,,,,,,,,,,,8.5,9.0,8.0,1.0,,0.18787,,0.3636364,0.2818182,0.1878788,,,,,,,,,,,,,,,,,,,,,,0.27778,0.3636364,0.1878788,0.1757576
11.0,Tramel & Talicia,TARUS3,10.5,33.0,10.0,10.5,,,,,,,,,,,,,,,,,,,,,,,10.25,10.5,10.0,0.5,,0.0909,,0.1818182,0.0909091,,,,,,,,,,,,,,,,,,,,,,,0.13636,0.1818182,0.0909091,0.0909091
12.0,Gina & Sylvia,TARUS3,12.0,34.0,12.0,,,,,,,,,,,,,,,,,,,,,,,,12.0,12.0,12.0,0.0,,0.0,,0.0,,,,,,,,,,,,,,,,,,,,,,,,0.0,0.0,0.0,0.0
1.0,Reichen & Chip,TARUS4,3.15385,35.0,9.0,5.5,4.6666667,4.75,4.6,4.1666667,4.2857143,4.0,3.6666667,3.5,3.4545455,3.3333333,3.1538462,,,,,,,,,,,,4.4675,9.0,3.1538462,5.8461538,,0.63886,,0.2727273,0.5863636,0.6501684,0.6126263,0.6043867,0.6425445,0.5793239,0.6006584,0.6450297,0.6471934,0.6186606,0.6087722,0.6388667,,,,,,,,,,,,0.59287,0.6501684,0.2727273,0.3774411
2.0,Kelly & Jon,TARUS4,3.84615,36.0,6.0,4.5,5.6666667,6.0,5.4,5.0,4.7142857,4.75,4.6666667,4.3,4.0909091,4.0,3.8461538,,,,,,,,,,,,4.84113,6.0,3.8461538,2.1538462,,0.47811,,0.5454546,0.6727273,0.5225589,0.4544192,0.5063925,0.5331049,0.5426613,0.4748286,0.4498477,0.5048629,0.5195723,0.4762747,0.4780997,,,,,,,,,,,,0.51391,0.6727273,0.4498477,0.2228796
3.0,David & Jeff,TARUS4,4.0,37.0,10.0,7.5,7.3333333,7.0,6.8,5.8333333,5.1428571,5.0,4.7777778,4.7,4.3636364,4.0833333,4.0,,,,,,,,,,,,5.88725,10.0,4.0,6.0,,0.50198,,0.1818182,0.3909091,0.3717172,0.3725379,0.3551732,0.4626443,0.5394094,0.5032332,0.502874,0.4525866,0.5023514,0.5438222,0.5019897,,,,,,,,,,,,0.43701,0.5438222,0.1818182,0.362004
4.0,Jon & Al,TARUS4,3.72727,38.0,7.0,6.5,6.3333333,5.25,4.6,4.8333333,4.4285714,4.0,3.7777778,3.7,3.7272727,,,,,,,,,,,,,,4.92275,7.0,3.7,3.3,,0.56191,,0.4545455,0.4772727,0.46633,0.5684975,0.6262266,0.5496332,0.5853999,0.6372249,0.6497555,0.6181133,0.5619212,,,,,,,,,,,,,,0.56317,0.6497555,0.4545455,0.19521
5.0,Millie & Chuck,TARUS4,3.66667,39.0,1.0,4.5,4.6666667,4.0,3.4,3.5,3.5714286,3.5,3.6666667,,,,,,,,,,,,,,,,3.53386,4.6666667,1.0,3.6666667,,0.57007,,1.0,0.65,0.6185185,0.6826389,0.7461111,0.7050926,0.6615079,0.6413194,0.5700617,,,,,,,,,,,,,,,,0.69725,1.0,0.5700617,0.4299383
6.0,Tian & Jaree,TARUS4,5.42857,40.0,11.0,7.5,6.3333333,5.0,5.4,5.3333333,5.4285714,,,,,,,,,,,,,,,,,,6.57075,11.0,5.0,6.0,,0.41911,,0.0909091,0.3954545,0.4858586,0.6143939,0.5200866,0.488961,0.4191095,,,,,,,,,,,,,,,,,,0.43068,0.6143939,0.0909091,0.5234848
7.0,Monica & Sheree,TARUS4,5.33333,41.0,4.0,7.0,5.3333333,5.0,5.0,5.3333333,,,,,,,,,,,,,,,,,,,5.27778,7.0,4.0,3.0,,0.46163,,0.7272727,0.4136364,0.5720539,0.5852904,0.5539466,0.4616222,,,,,,,,,,,,,,,,,,,0.5523,0.7272727,0.4136364,0.3136363
8.0,Steve & Dave,TARUS4,6.2,42.0,5.0,3.0,5.0,5.75,6.2,,,,,,,,,,,,,,,,,,,,4.99,6.2,3.0,3.2,,0.3745,,0.6363636,0.8181818,0.5824916,0.4681187,0.374495,,,,,,,,,,,,,,,,,,,,0.57593,0.8181818,0.374495,0.4436868
9.0,Steve & Josh,TARUS4,5.0,43.0,1.0,5.0,3.6666667,5.0,,,,,,,,,,,,,,,,,,,,,3.66667,5.0,1.0,4.0,,0.55,,1.0,0.6,0.7333333,0.55,,,,,,,,,,,,,,,,,,,,,0.72083,1.0,0.55,0.45
10.0,Russell & Cindy,TARUS4,8.33333,44.0,8.0,7.5,8.3333333,,,,,,,,,,,,,,,,,,,,,,7.94444,8.3333333,7.5,0.8333333,,0.25453,,0.3636364,0.3818182,0.2545455,,,,,,,,,,,,,,,,,,,,,,0.33333,0.3818182,0.2545455,0.1272727
11.0,Amanda & Chris,TARUS4,6.0,45.0,1.0,6.0,,,,,,,,,,,,,,,,,,,,,,,3.5,6.0,1.0,5.0,,0.5,,1.0,0.5,,,,,,,,,,,,,,,,,,,,,,,0.75,1.0,0.5,0.5
12.0,Debra & Steve,TARUS4,12.0,46.0,12.0,,,,,,,,,,,,,,,,,,,,,,,,12.0,12.0,12.0,0.0,,0.0,,0.0,,,,,,,,,,,,,,,,,,,,,,,,0.0,0.0,0.0,0.0
1.0,Chip & Kim,TARUS5,3.38462,47.0,8.0,8.0,7.6666667,6.0,5.6,5.0,4.4285714,4.25,4.0,4,3.7272727,3.5833333,3.3846154,,,,,,,,,,,,5.20311,8.0,3.3846154,4.6153846,,0.63632,,0.3,0.2611111,0.2574074,0.4430556,0.4544444,0.5175926,0.5865079,0.5756944,0.5950617,0.5605556,0.6005051,0.6060185,0.6363248,,,,,,,,,,,,0.49187,0.6363248,0.2574074,0.3789174
2.0,Colin & Christie,TARUS5,2.46154,48.0,7.0,6.5,4.6666667,4.0,3.4,3.0,2.8571429,2.625,2.4444444,2.3,2.4545455,2.5,2.4615385,,,,,,,,,,,,3.55456,7.0,2.3,4.7,,0.71806,,0.4,0.4222222,0.6148148,0.6753968,0.7403175,0.7835979,0.785941,0.8126984,0.8335097,0.8501587,0.7728716,0.7362434,0.7180708,,,,,,,,,,,,0.70353,0.8501587,0.4,0.4501587
3.0,Brandon & Nicole,TARUS5,3.30769,49.0,6.0,3.5,3.3333333,3.75,3.6,3.6666667,3.7142857,3.5,3.6666667,3.6,3.5454545,3.3333333,3.3076923,,,,,,,,,,,,3.73211,6.0,3.3076923,2.6923077,,0.52528,,0.5,0.75,0.75,0.6696429,0.6690476,0.640873,0.6064626,0.6244048,0.5550265,0.5495238,0.5298701,0.5690476,0.5252747,,,,,,,,,,,,0.61071,0.75,0.5,0.25
4.0,Linda & Karen,TARUS5,4.16667,50.0,3.0,3.5,4.3333333,4.75,5.2,5.3333333,5.0,4.875,4.6666667,4.4,4.1818182,4.1666667,,,,,,,,,,,,,4.45057,5.3333333,3.0,2.3333333,,0.42173,,0.8,0.7333333,0.6138889,0.5318452,0.4254762,0.3823413,0.4134354,0.393006,0.4048942,0.4394048,0.4600649,0.4217262,,,,,,,,,,,,,0.50162,0.8,0.3823413,0.4176587
5.0,Kami & Karli,TARUS5,5.8,51.0,9.0,9.0,7.6666667,7.5,7.2,6.5,6.2857143,6.125,5.8888889,5.8,,,,,,,,,,,,,,,7.09663,9.0,5.8,3.2,,0.22374,,0.2,0.1555556,0.2703704,0.2384921,0.224127,0.2978836,0.2839002,0.2484127,0.2485891,0.2237302,,,,,,,,,,,,,,,0.23911,0.2978836,0.1555556,0.142328
6.0,Charla & Mirna,TARUS5,3.71429,52.0,5.0,3.5,3.0,3.25,3.0,3.3333333,3.7142857,,,,,,,,,,,,,,,,,,3.54252,5.0,3.0,2.0,,0.58599,,0.6,0.7444444,0.787963,0.7338294,0.7537302,0.683664,0.5859977,,,,,,,,,,,,,,,,,,0.69852,0.787963,0.5859977,0.2019653
7.0,Marshall & Lance,TARUS5,5.33333,53.0,2.0,4.5,5.6666667,5.0,5.0,5.3333333,,,,,,,,,,,,,,,,,,,4.58333,5.6666667,2.0,3.6666667,,0.40098,,0.9,0.6166667,0.4527778,0.5181548,0.4811905,0.4009921,,,,,,,,,,,,,,,,,,,0.56163,0.9,0.4009921,0.4990079
8.0,Bob & Joyce,TARUS5,5.25,54.0,4.0,4.5,4.3333333,5.25,,,,,,,,,,,,,,,,,,,,,4.52083,5.25,4.0,1.25,,0.47015,,0.7,0.6277778,0.6268519,0.4701389,,,,,,,,,,,,,,,,,,,,,0.60619,0.7,0.4701389,0.2298611
9.0,Jim & Marsha,TARUS5,7.33333,55.0,10.0,6.5,7.3333333,,,,,,,,,,,,,,,,,,,,,,7.94444,10.0,6.5,3.5,,0.2926,,0.1,0.4388889,0.2925926,,,,,,,,,,,,,,,,,,,,,,0.27716,0.4388889,0.1,0.3388889
10.0,Alison & Donny,TARUS5,5.5,56.0,1.0,5.5,,,,,,,,,,,,,,,,,,,,,,,3.25,5.5,1.0,4.5,,0.5,,1.0,0.5,,,,,,,,,,,,,,,,,,,,,,,0.75,1.0,0.5,0.5
11.0,Dennis & Erika,TARUS5,11.0,57.0,11.0,,,,,,,,,,,,,,,,,,,,,,,,11.0,11.0,11.0,0.0,,0.0,,0.0,,,,,,,,,,,,,,,,,,,,,,,,0.0,0.0,0.0,0.0
1.0,Freddy & Kendra,TARUS6,3.46154,58.0,4.0,6.0,6.0,5.75,4.8,4.1666667,4.4285714,4.125,4.1111111,4,3.8181818,3.6666667,3.4615385,,,,,,,,,,,,4.48675,6.0,3.4615385,2.5384615,,0.60968,,0.7,0.4611111,0.4324074,0.4314484,0.5451587,0.6209656,0.5560658,0.5865575,0.5658289,0.559246,0.5690115,0.5771495,0.6096764,,,,,,,,,,,,0.55497,0.7,0.4314484,0.2685516
2.0,Kris & Jon,TARUS6,2.38462,59.0,2.0,1.5,1.6666667,1.5,2.0,2.5,2.4285714,2.625,2.6666667,2.5,2.5454545,2.4166667,2.3846154,,,,,,,,,,,,2.21028,2.6666667,1.5,1.1666667,,0.71895,,0.9,0.95,0.925,0.94375,0.8692857,0.7799603,0.787585,0.7391369,0.7236772,0.7513095,0.7133117,0.7372024,0.718956,,,,,,,,,,,,0.81071,0.95,0.7133117,0.2366883
3.0,Adam & Rebecca,TARUS6,4.69231,60.0,7.0,6.5,6.0,6.0,6.0,6.0,5.8571429,5.25,5.2222222,5.1,5,4.8333333,4.6923077,,,,,,,,,,,,5.65039,7.0,4.6923077,2.3076923,,0.32301,,0.4,0.4222222,0.4481481,0.4075397,0.3831746,0.3470899,0.3451247,0.4269841,0.4017637,0.3865873,0.351443,0.3499339,0.3230159,,,,,,,,,,,,0.38408,0.4481481,0.3230159,0.1251322
4.0,Hayden & Aaron,TARUS6,2.91667,61.0,1.0,2.5,2.0,2.5,2.6,2.8333333,3.0,3.375,3.1111111,3,2.8181818,2.9166667,,,,,,,,,,,,,2.63786,3.375,1.0,2.375,,0.64187,,1.0,0.8333333,0.8888889,0.8095238,0.7904762,0.7420635,0.707483,0.6190476,0.6613757,0.6702381,0.7002165,0.6418651,,,,,,,,,,,,,0.75538,1.0,0.6190476,0.3809524
5.0,Lori & Bolo,TARUS6,4.6,62.0,6.0,5.5,6.0,5.25,5.6,5.8333333,5.1428571,4.875,4.5555556,4.6,,,,,,,,,,,,,,,5.33567,6.0,4.5555556,1.4444444,,0.45628,,0.5,0.5277778,0.4351852,0.5049603,0.4325397,0.3604497,0.4518141,0.4703373,0.5069665,0.4562698,,,,,,,,,,,,,,,0.46463,0.5277778,0.3604497,0.1673281
6.0,Jonathan & Victoria,TARUS6,3.55556,63.0,5.0,3.5,3.6666667,3.25,3.0,3.0,3.0,3.25,3.5555556,,,,,,,,,,,,,,,,3.46914,5.0,3.0,2.0,,0.59572,,0.6,0.7444444,0.7046296,0.7427579,0.7656349,0.7491402,0.7373583,0.6701885,0.5957231,,,,,,,,,,,,,,,,0.7011,0.7656349,0.5957231,0.1699118
7.0,Gus & Hera,TARUS6,5.28571,64.0,10.0,6.5,5.3333333,5.75,5.6,5.0,5.2857143,,,,,,,,,,,,,,,,,,6.20986,10.0,5.0,5.0,,0.43323,,0.1,0.4388889,0.5425926,0.4426587,0.4398413,0.5054233,0.43322,,,,,,,,,,,,,,,,,,0.41466,0.5425926,0.1,0.4425926
8.0,Don & Mary Jean,TARUS6,8.0,65.0,9.0,8.0,8.0,8.0,8.0,,,,,,,,,,,,,,,,,,,,8.2,9.0,8.0,1.0,,0.13166,,0.2,0.2666667,0.2194444,0.1645833,0.1316667,,,,,,,,,,,,,,,,,,,,0.19647,0.2666667,0.1316667,0.135
9.0,Lena & Kristy,TARUS6,7.0,66.0,3.0,6.0,7.0,,,,,,,,,,,,,,,,,,,,,,5.33333,7.0,3.0,4.0,,0.3037,,0.8,0.4555556,0.3037037,,,,,,,,,,,,,,,,,,,,,,0.51975,0.8,0.3037037,0.4962963
10.0,Meredith & Maria,TARUS6,9.0,67.0,8.0,9.0,,,,,,,,,,,,,,,,,,,,,,,8.5,9.0,8.0,1.0,,0.15,,0.3,0.15,,,,,,,,,,,,,,,,,,,,,,,0.225,0.3,0.15,0.15
11.0,Avi & Joe,TARUS6,11.0,68.0,11.0,,,,,,,,,,,,,,,,,,,,,,,,11.0,11.0,11.0,0.0,,0.0,,0.0,,,,,,,,,,,,,,,,,,,,,,,,0.0,0.0,0.0,0.0
1.0,Uchenna & Joyce,TARUS7,3.15385,69.0,8.0,6.0,4.6666667,4.25,4.6,4.3333333,4.1428571,4.0,3.6666667,3.4,3.3636364,3.3333333,3.1538462,,,,,,,,,,,,4.37772,8.0,3.1538462,4.8461538,,0.60175,,0.3,0.4833333,0.6138889,0.6389881,0.5445238,0.564881,0.569898,0.5611607,0.6099206,0.6489286,0.6202381,0.5685516,0.6017399,,,,,,,,,,,,0.56354,0.6489286,0.3,0.3489286
2.0,Rob & Amber,TARUS7,2.30769,70.0,3.0,2.0,3.0,2.5,3.0,2.8333333,2.5714286,2.375,2.4444444,2.5,2.3636364,2.3333333,2.3076923,,,,,,,,,,,,2.55607,3.0,2.0,1.0,,0.71538,,0.8,0.9,0.7666667,0.825,0.7266667,0.7444444,0.7809524,0.8083333,0.7740741,0.73,0.7545455,0.7333333,0.7153846,,,,,,,,,,,,0.7738,0.9,0.7153846,0.1846154
3.0,Ron & Kelly,TARUS7,3.0,71.0,10.0,6.0,5.3333333,5.0,4.4,3.8333333,3.5714286,3.375,3.2222222,3.3,3.1818182,3.0,3.0,,,,,,,,,,,,4.40132,10.0,3.0,7.0,,0.61425,,0.1,0.4944444,0.537963,0.5463294,0.6037302,0.6697751,0.6883787,0.6960813,0.7020723,0.6318651,0.6350289,0.6654431,0.6142552,,,,,,,,,,,,0.58349,0.7020723,0.1,0.6020723
4.0,Meredith & Gretchen,TARUS7,5.36364,72.0,6.0,6.5,6.6666667,6.75,6.8,6.5,6.2857143,6.125,5.8888889,5.5,5.3636364,,,,,,,,,,,,,,6.21636,6.8,5.3636364,1.4363636,,0.24329,,0.5,0.4166667,0.3611111,0.3065476,0.2452381,0.2599206,0.2513605,0.2199405,0.2232804,0.267619,0.24329,,,,,,,,,,,,,,0.29954,0.5,0.2199405,0.2800595
5.0,Lynn & Alex,TARUS7,4.11111,73.0,5.0,5.0,3.6666667,4.0,4.0,4.0,4.0,4.0,4.1111111,,,,,,,,,,,,,,,,4.19753,5.0,3.6666667,1.3333333,,0.47047,,0.6,0.5777778,0.7185185,0.6460317,0.6168254,0.5973545,0.569161,0.5292659,0.4704586,,,,,,,,,,,,,,,,0.59171,0.7185185,0.4704586,0.2480599
6.0,Brian & Greg,TARUS7,4.71429,74.0,4.0,6.5,5.3333333,4.5,4.2,4.5,4.7142857,,,,,,,,,,,,,,,,,,4.82109,6.5,4.0,2.5,,0.46451,,0.7,0.4055556,0.5203704,0.6045635,0.6169841,0.5419312,0.4645125,,,,,,,,,,,,,,,,,,0.55056,0.7,0.4055556,0.2944444
7.0,Ray & Deana,TARUS7,5.0,75.0,7.0,5.0,5.3333333,5.5,4.6,5.0,,,,,,,,,,,,,,,,,,,5.40556,7.0,4.6,2.4,,0.47308,,0.4,0.5888889,0.5175926,0.459623,0.5676984,0.473082,,,,,,,,,,,,,,,,,,,0.50115,0.5888889,0.4,0.1888889
8.0,Susan & Patrick,TARUS7,6.5,76.0,2.0,5.0,6.0,6.5,,,,,,,,,,,,,,,,,,,,,4.875,6.5,2.0,4.5,,0.3118,,0.9,0.5611111,0.4157407,0.3118056,,,,,,,,,,,,,,,,,,,,,0.54716,0.9,0.3118056,0.5881944
9.0,Debbie & Bianca,TARUS7,5.33333,77.0,1.0,3.5,5.3333333,,,,,,,,,,,,,,,,,,,,,,3.27778,5.3333333,1.0,4.3333333,,0.48147,,1.0,0.7222222,0.4814815,,,,,,,,,,,,,,,,,,,,,,0.73457,1.0,0.4814815,0.5185185
10.0,Megan & Heidi,TARUS7,9.5,78.0,9.0,9.5,,,,,,,,,,,,,,,,,,,,,,,9.25,9.5,9.0,0.5,,0.1,,0.2,0.1,,,,,,,,,,,,,,,,,,,,,,,0.15,0.2,0.1,0.1
11.0,Ryan & Chuck,TARUS7,11.0,79.0,11.0,,,,,,,,,,,,,,,,,,,,,,,,11.0,11.0,11.0,0.0,,0.0,,0.0,,,,,,,,,,,,,,,,,,,,,,,,0.0,0.0,0.0,0.0
1.0,Linz Family,TARUS8,2.76923,80.0,9.0,5.5,4.3333333,4.0,4.0,3.6666667,3.5714286,3.375,3.1111111,3.1,3,2.9166667,2.7692308,,,,,,,,,,,,4.02642,9.0,2.7692308,6.2307692,,0.65076,,0.1111111,0.4930556,0.614418,0.6274802,0.5819841,0.6183201,0.6014172,0.6199901,0.6622134,0.6293254,0.6327201,0.6216601,0.6507631,,,,,,,,,,,,0.57419,0.6622134,0.1111111,0.5511023
2.0,Bransen Family,TARUS8,2.84615,81.0,7.0,6.5,4.6666667,3.75,3.6,3.5,3.7142857,3.75,3.5555556,3.3,3.0909091,2.9166667,2.8461538,,,,,,,,,,,,4.01463,7.0,2.8461538,4.1538462,,0.64038,,0.3333333,0.3541667,0.5694444,0.6770833,0.6616667,0.6513889,0.5583333,0.5197917,0.5361111,0.5825,0.6204545,0.6520833,0.6403846,,,,,,,,,,,,0.5659,0.6770833,0.3333333,0.34375
3.0,Weaver Family,TARUS8,3.15385,82.0,3.0,2.0,3.0,3.5,3.2,3.5,3.2857143,3.25,3.3333333,3.2,3.1818182,3.1666667,3.1538462,,,,,,,,,,,,3.13626,3.5,2.0,1.5,,0.44536,,0.7777778,0.8888889,0.7354497,0.6349206,0.6679365,0.5899471,0.6128118,0.5987103,0.5321869,0.5456349,0.5263348,0.4824735,0.4453602,,,,,,,,,,,,0.61834,0.8888889,0.4453602,0.4435287
4.0,Godlewski Family,TARUS8,3.18182,83.0,1.0,2.0,2.6666667,3.0,3.6,3.6666667,3.2857143,3.0,3.0,3.1,3.1818182,,,,,,,,,,,,,,2.86372,3.6666667,1.0,2.6666667,,0.50497,,1.0,0.875,0.7738095,0.7053571,0.5642857,0.5369048,0.6030612,0.6526786,0.6171958,0.5554762,0.5049784,,,,,,,,,,,,,,0.6717,1.0,0.5049784,0.4950216
5.0,Paolo Family,TARUS8,4.125,84.0,6.0,7.0,6.6666667,5.5,4.6,4.0,4.0,4.125,,,,,,,,,,,,,,,,,5.23646,7.0,4.0,3.0,,0.4923,,0.4444444,0.2847222,0.2850529,0.422123,0.5376984,0.6147487,0.5626417,0.4923115,,,,,,,,,,,,,,,,,0.45547,0.6147487,0.2847222,0.3300265
6.0,Gaghan Family,TARUS8,5.5,85.0,2.0,4.5,5.3333333,5.5,5.4,5.5,,,,,,,,,,,,,,,,,,,4.70556,5.5,2.0,3.5,,0.27475,,0.8888889,0.5694444,0.4272487,0.3621032,0.3296825,0.2747355,,,,,,,,,,,,,,,,,,,0.47535,0.8888889,0.2747355,0.6141534
7.0,Schroeder Family,TARUS8,4.75,86.0,5.0,4.5,4.0,4.75,,,,,,,,,,,,,,,,,,,,,4.5625,5.0,4.0,1.0,,0.47373,,0.5555556,0.5902778,0.6316138,0.4737103,,,,,,,,,,,,,,,,,,,,,0.56279,0.6316138,0.4737103,0.1579035
8.0,Aiello Family,TARUS8,7.0,87.0,8.0,6.5,7.0,,,,,,,,,,,,,,,,,,,,,,7.16667,8.0,6.5,1.5,,0.24073,,0.2222222,0.3611111,0.2407407,,,,,,,,,,,,,,,,,,,,,,0.27469,0.3611111,0.2222222,0.1388889
9.0,Rogers Family,TARUS8,6.5,88.0,4.0,6.5,,,,,,,,,,,,,,,,,,,,,,,5.25,6.5,4.0,2.5,,0.33335,,0.6666667,0.3333333,,,,,,,,,,,,,,,,,,,,,,,0.5,0.6666667,0.3333333,0.3333334
10.0,Black Family,TARUS8,10.0,89.0,10.0,,,,,,,,,,,,,,,,,,,,,,,,10.0,10.0,10.0,0.0,,0.0,,0.0,,,,,,,,,,,,,,,,,,,,,,,,0.0,0.0,0.0,0.0
1.0,BJ & Tyler,TARUS9,2.46154,90.0,2.0,1.5,2.3333333,2.25,2.0,2.0,2.4285714,2.75,2.7777778,2.9,2.7272727,2.5833333,2.4615385,,,,,,,,,,,,2.36245,2.9,1.5,1.4,,0.68718,,0.9,0.95,0.8416667,0.85,0.88,0.8722222,0.7761905,0.6791667,0.6592593,0.5933333,0.630303,0.6611111,0.6871795,,,,,,,,,,,,0.76773,0.95,0.5933333,0.3566667
2.0,Eric & Jeremy,TARUS9,1.69231,91.0,1.0,1.5,1.3333333,1.25,1.4,1.3333333,1.2857143,1.625,1.5555556,1.6,1.6363636,1.6666667,1.6923077,,,,,,,,,,,,1.45217,1.6923077,1.0,0.6923077,,0.79457,,1.0,0.9444444,0.962963,0.9722222,0.9492064,0.957672,0.9637188,0.874504,0.888448,0.8662698,0.8481241,0.8191138,0.7945665,,,,,,,,,,,,0.91087,1.0,0.7945665,0.2054335
3.0,Ray & Yolanda,TARUS9,4.23077,92.0,7.0,6.0,5.0,5.5,5.8,5.8333333,5.4285714,5.125,5.0,4.6,4.4545455,4.3333333,4.2307692,,,,,,,,,,,,5.25427,7.0,4.2307692,2.7692308,,0.38065,,0.4,0.4777778,0.5685185,0.4888889,0.4196825,0.3775132,0.4092971,0.4206349,0.4016755,0.4615079,0.4498557,0.4123677,0.3806471,,,,,,,,,,,,0.43603,0.5685185,0.3775132,0.1910053
4.0,Joseph & Monica,TARUS9,3.81818,93.0,6.0,4.5,5.6666667,5.75,5.2,4.8333333,4.4285714,4.125,3.8888889,3.8,3.8181818,,,,,,,,,,,,,,4.72824,6.0,3.8,2.2,,0.52655,,0.5,0.6388889,0.4675926,0.4444444,0.4984127,0.526455,0.5655329,0.5885913,0.6065256,0.5792063,0.5265512,,,,,,,,,,,,,,0.5402,0.6388889,0.4444444,0.1944445
5.0,Fran & Barry,TARUS9,4.88889,94.0,8.0,8.5,7.3333333,6.5,6.0,5.6666667,5.4285714,4.875,4.8888889,,,,,,,,,,,,,,,,6.35472,8.5,4.875,3.625,,0.44528,,0.3,0.2055556,0.3037037,0.3840278,0.4215079,0.4345899,0.4296485,0.5009425,0.4452822,,,,,,,,,,,,,,,,0.38058,0.5009425,0.2055556,0.2953869
6.0,Lake & Michelle,TARUS9,4.71429,95.0,5.0,6.0,4.6666667,4.25,4.4,4.5,4.7142857,,,,,,,,,,,,,,,,,,4.79014,6.0,4.25,1.75,,0.47431,,0.6,0.4666667,0.6027778,0.6395833,0.597381,0.553373,0.4743197,,,,,,,,,,,,,,,,,,0.56201,0.6395833,0.4666667,0.1729166
7.0,Dave & Lori,TARUS9,5.83333,96.0,4.0,4.0,5.6666667,5.5,5.6,5.8333333,,,,,,,,,,,,,,,,,,,5.1,5.8333333,4.0,1.8333333,,0.35873,,0.7,0.6833333,0.4555556,0.4666667,0.4304762,0.3587302,,,,,,,,,,,,,,,,,,,0.51579,0.7,0.3587302,0.3412698
8.0,Danielle & Dani,TARUS9,7.8,97.0,9.0,8.5,7.6666667,7.75,7.8,,,,,,,,,,,,,,,,,,,,8.14333,9.0,7.6666667,1.3333333,,0.18444,,0.2,0.2111111,0.2657407,0.2305556,0.1844444,,,,,,,,,,,,,,,,,,,,0.21837,0.2657407,0.1844444,0.0812963
9.0,Wanda & Desiree,TARUS9,6.25,98.0,3.0,4.5,5.3333333,6.25,,,,,,,,,,,,,,,,,,,,,4.77083,6.25,3.0,3.25,,0.3736,,0.8,0.6222222,0.4981481,0.3736111,,,,,,,,,,,,,,,,,,,,,0.5735,0.8,0.3736111,0.4263889
10.0,Lisa & Joni,TARUS9,10.0,99.0,10.0,10.0,,,,,,,,,,,,,,,,,,,,,,,10.0,10.0,10.0,0.0,,0.05,,0.1,0.05,,,,,,,,,,,,,,,,,,,,,,,0.075,0.1,0.05,0.05
11.0,John & Scott,TARUS9,11.0,100.0,11.0,,,,,,,,,,,,,,,,,,,,,,,,11.0,11.0,11.0,0.0,,0.0,,0.0,,,,,,,,,,,,,,,,,,,,,,,,0.0,0.0,0.0,0.0
1.0,Tyler & James,TARUS10,2.38462,101.0,1.0,1.5,1.6666667,2.0,2.8,3.3333333,3.1428571,3.0,2.7777778,2.6,2.4545455,2.5,2.3846154,,,,,,,,,,,,2.39691,3.3333333,1.0,2.3333333,,0.74961,,1.0,0.9444444,0.9212963,0.8695437,0.7289683,0.6352513,0.6587868,0.6764385,0.7123898,0.7411508,0.7646825,0.7287368,0.7496032,,,,,,,,,,,,0.77933,1.0,0.6352513,0.3647487
2.0,Rob & Kimberly,TARUS10,3.07692,102.0,5.0,5.5,4.6666667,3.75,3.6,3.5,3.4285714,3.375,3.4444444,3.4,3.3636364,3.1666667,3.0769231,,,,,,,,,,,,3.79015,5.5,3.0769231,2.4230769,,0.61135,,0.6363636,0.540404,0.6102694,0.707702,0.699495,0.6940236,0.6805916,0.6705177,0.6237935,0.6114141,0.5861341,0.6206229,0.6113442,,,,,,,,,,,,0.6379,0.707702,0.540404,0.167298
3.0,Lyn & Karlyn,TARUS10,4.84615,103.0,9.0,9.0,8.0,7.5,7.0,6.5,6.2857143,6.125,5.7777778,5.6,5.2727273,5.0,4.8461538,,,,,,,,,,,,6.60826,9.0,4.8461538,4.1538462,,0.33548,,0.2727273,0.1919192,0.2529461,0.2611382,0.2755772,0.312981,0.2968409,0.2847358,0.308654,0.3027886,0.3358684,0.3634349,0.3354784,,,,,,,,,,,,0.29193,0.3634349,0.1919192,0.1715157
4.0,Dustin & Kandice,TARUS10,3.16667,104.0,4.0,4.5,4.3333333,5.0,4.4,4.0,3.5714286,3.25,3.1111111,3,3.0909091,3.1666667,,,,,,,,,,,,,3.78529,5.0,3.0,2.0,,0.60145,,0.7272727,0.6414141,0.6359428,0.5126714,0.5768038,0.6195587,0.6739074,0.714669,0.7185947,0.7217352,0.6561229,0.601446,,,,,,,,,,,,,0.65001,0.7272727,0.5126714,0.2146013
5.0,Erwin & Godwin,TARUS10,4.7,105.0,7.0,7.5,5.3333333,5.0,4.8,4.8333333,4.7142857,4.625,4.6666667,4.7,,,,,,,,,,,,,,,5.31726,7.5,4.625,2.875,,0.38814,,0.4545455,0.3383838,0.5589226,0.5620491,0.5496392,0.5135883,0.4973614,0.4851912,0.4312811,0.388153,,,,,,,,,,,,,,,0.47791,0.5620491,0.3383838,0.2236653
6.0,David & Mary,TARUS10,6.125,106.0,10.0,8.5,8.0,7.25,7.2,6.1666667,6.1428571,6.125,,,,,,,,,,,,,,,,,7.42307,10.0,6.125,3.875,,0.27421,,0.1818182,0.2575758,0.2550505,0.2984307,0.2387446,0.3656205,0.313389,0.2742154,,,,,,,,,,,,,,,,,0.27311,0.3656205,0.1818182,0.1838023
7.0,Peter & Sarah,TARUS10,3.16667,107.0,3.0,2.0,3.0,2.75,2.4,3.1666667,,,,,,,,,,,,,,,,,,,2.71944,3.1666667,2.0,1.1666667,,0.69588,,0.8181818,0.9090909,0.7727273,0.7938312,0.8350649,0.6958874,,,,,,,,,,,,,,,,,,,0.80413,0.9090909,0.6958874,0.2132035
8.0,Tom & Terry,TARUS10,7.0,108.0,8.0,6.0,6.6666667,7.0,,,,,,,,,,,,,,,,,,,,,6.91667,8.0,6.0,2.0,,0.28883,,0.3636364,0.5151515,0.385101,0.2888258,,,,,,,,,,,,,,,,,,,,,0.38818,0.5151515,0.2888258,0.2263257
9.0,Duke & Lauren,TARUS10,4.66667,109.0,2.0,2.5,4.6666667,,,,,,,,,,,,,,,,,,,,,,3.05556,4.6666667,2.0,2.6666667,,0.5623,,0.9090909,0.8434343,0.5622896,,,,,,,,,,,,,,,,,,,,,,0.7716,0.9090909,0.5622896,0.3468013
10.0,Kellie & Jamie,TARUS10,8.0,110.0,6.0,8.0,,,,,,,,,,,,,,,,,,,,,,,7.0,8.0,6.0,2.0,,0.27275,,0.5454546,0.2727273,,,,,,,,,,,,,,,,,,,,,,,0.40909,0.5454546,0.2727273,0.2727273
11.0,Vipul & Arti,TARUS10,11.0,111.0,11.0,,,,,,,,,,,,,,,,,,,,,,,,11.0,11.0,11.0,0.0,,0.0909,,0.0909091,,,,,,,,,,,,,,,,,,,,,,,,0.09091,0.0909091,0.0909091,0.0
12.0,Bilal & Sa'eed,TARUS10,12.0,112.0,12.0,,,,,,,,,,,,,,,,,,,,,,,,12.0,12.0,12.0,0.0,,0.0,,0.0,,,,,,,,,,,,,,,,,,,,,,,,0.0,0.0,0.0,0.0
1.0,Eric & Danielle,TARUS11,3.61538,113.0,4.0,4.0,3.6666667,3.25,3.8,4.0,4.1428571,4.25,4.1111111,4.1,4,3.8333333,3.6153846,,,,,,,,,,,,3.90533,4.25,3.25,1.0,,0.49029,,0.7,0.6833333,0.7055556,0.7434524,0.6280952,0.5789683,0.5248299,0.4842262,0.4859788,0.437381,0.4279221,0.4478175,0.490293,,,,,,,,,,,,0.56445,0.7434524,0.4279221,0.3155303
2.0,Dustin & Kandice,TARUS11,2.92308,114.0,6.0,6.0,5.3333333,5.25,4.6,4.5,4.0,3.875,3.5555556,3.4,3.1818182,3.0,2.9230769,,,,,,,,,,,,4.27837,6.0,2.9230769,3.0769231,,0.69985,,0.5,0.4722222,0.5231481,0.499504,0.5662698,0.5552249,0.6187642,0.6164187,0.6590388,0.6598016,0.6907287,0.7165013,0.6998474,,,,,,,,,,,,0.59827,0.7165013,0.4722222,0.2442791
3.0,Charla & Mirna,TARUS11,4.15385,115.0,8.0,8.0,8.0,7.75,6.4,5.5,5.2857143,5.125,4.7777778,4.6,4.3636364,4.25,4.1538462,,,,,,,,,,,,5.862,8.0,4.1538462,3.8461538,,0.43642,,0.3,0.2611111,0.2157407,0.1975198,0.3580159,0.4650132,0.4557256,0.4487599,0.482231,0.4673413,0.4854618,0.4727844,0.4364164,,,,,,,,,,,,0.38816,0.4854618,0.1975198,0.287942
4.0,Oswald & Danny,TARUS11,2.66667,116.0,2.0,2.0,3.0,2.5,2.8,2.6666667,2.5714286,2.375,2.5555556,2.4,2.5454545,2.6666667,,,,,,,,,,,,,2.50673,3.0,2.0,1.0,,0.63935,,0.9,0.8944444,0.762963,0.8222222,0.7577778,0.7703704,0.7746032,0.8027778,0.741358,0.7672222,0.6974747,0.6393519,,,,,,,,,,,,,0.77755,0.9,0.6393519,0.2606481
5.0,Uchenna & Joyce,TARUS11,4.33333,117.0,7.0,6.0,4.6666667,5.0,5.4,5.0,4.7142857,4.25,4.3333333,,,,,,,,,,,,,,,,5.15159,7.0,4.25,2.75,,0.487,,0.4,0.4777778,0.6101852,0.5290675,0.423254,0.4638228,0.4832766,0.5478671,0.4869929,,,,,,,,,,,,,,,,0.49136,0.6101852,0.4,0.2101852
6.0,Joe & Bill,TARUS11,5.25,118.0,5.0,4.0,5.0,4.75,4.8,5.0,5.1428571,5.25,,,,,,,,,,,,,,,,,4.86786,5.25,4.0,1.25,,0.3374,,0.6,0.6888889,0.5425926,0.5498016,0.5065079,0.4498677,0.3856009,0.3374008,,,,,,,,,,,,,,,,,0.50758,0.6888889,0.3374008,0.3514881
7.0,Teri & Ian,TARUS11,4.83333,119.0,3.0,5.0,5.3333333,4.75,4.4,4.8333333,,,,,,,,,,,,,,,,,,,4.55278,5.3333333,3.0,2.3333333,,0.48155,,0.8,0.5666667,0.5027778,0.5556548,0.5778571,0.4815476,,,,,,,,,,,,,,,,,,,0.58075,0.8,0.4815476,0.3184524
8.0,Rob & Amber,TARUS11,2.75,120.0,1.0,1.0,1.0,2.75,,,,,,,,,,,,,,,,,,,,,1.4375,2.75,1.0,1.75,,0.75,,1.0,1.0,1.0,0.75,,,,,,,,,,,,,,,,,,,,,0.9375,1.0,0.75,0.25
9.0,David & Mary,TARUS11,9.0,121.0,9.0,9.0,9.0,,,,,,,,,,,,,,,,,,,,,,9.0,9.0,9.0,0.0,,0.1037,,0.2,0.1555556,0.1037037,,,,,,,,,,,,,,,,,,,,,,0.15309,0.2,0.1037037,0.0962963
10.0,Kevin & Drew,TARUS11,10.0,122.0,10.0,10.0,,,,,,,,,,,,,,,,,,,,,,,10.0,10.0,10.0,0.0,,0.05,,0.1,0.05,,,,,,,,,,,,,,,,,,,,,,,0.075,0.1,0.05,0.05
11.0,John Vito & Jill,TARUS11,11.0,123.0,11.0,,,,,,,,,,,,,,,,,,,,,,,,11.0,11.0,11.0,0.0,,0.0,,0.0,,,,,,,,,,,,,,,,,,,,,,,,0.0,0.0,0.0,0.0
1.0,TK & Rachel,TARUS12,3.18182,124.0,3.0,4.5,3.6666667,4.5,3.8,3.8333333,3.8571429,3.5,3.5555556,3.4,3.1818182,,,,,,,,,,,,,,3.70859,4.5,3.0,1.5,,0.59809,,0.8,0.6222222,0.7064815,0.5655754,0.6524603,0.6103836,0.5589002,0.6140377,0.5458113,0.5578968,0.598088,,,,,,,,,,,,,,0.62108,0.8,0.5458113,0.2541887
2.0,Ron & Christina,TARUS12,3.45455,125.0,7.0,8.0,7.0,6.0,5.4,4.6666667,4.4285714,4.25,3.8888889,3.6,3.4545455,,,,,,,,,,,,,,5.24442,8.0,3.4545455,4.5454545,,0.62655,,0.4,0.2555556,0.337037,0.4313492,0.4784127,0.5653439,0.5560091,0.5490079,0.5991182,0.6392063,0.6265512,,,,,,,,,,,,,,0.49433,0.6392063,0.2555556,0.3836507
3.0,Nicolas & Donald,TARUS12,4.18182,126.0,5.0,6.5,6.3333333,5.75,5.8,5.6666667,5.0,4.625,4.4444444,4.3,4.1818182,,,,,,,,,,,,,,5.23648,6.5,4.1818182,2.3181818,,0.41381,,0.6,0.4111111,0.3990741,0.4421627,0.3870635,0.3558862,0.4479025,0.4856647,0.468739,0.4551984,0.4138167,,,,,,,,,,,,,,0.44242,0.6,0.3558862,0.2441138
4.0,Nathan & Jennifer,TARUS12,3.7,127.0,10.0,6.0,5.0,4.25,4.4,4.1666667,3.8571429,3.875,3.6666667,3.7,,,,,,,,,,,,,,,4.89155,10.0,3.6666667,6.3333333,,0.5196,,0.1,0.4944444,0.5796296,0.6490079,0.585873,0.5882275,0.6113379,0.5661706,0.5773369,0.5196032,,,,,,,,,,,,,,,0.52716,0.6490079,0.1,0.5490079
5.0,Kynt & Vyxsin,TARUS12,3.625,128.0,2.0,3.0,3.3333333,3.75,3.4,3.1666667,3.4285714,3.625,,,,,,,,,,,,,,,,,3.21295,3.75,2.0,1.75,,0.5317,,0.9,0.7833333,0.7305556,0.6550595,0.6907143,0.7089286,0.6076531,0.5316964,,,,,,,,,,,,,,,,,0.70099,0.9,0.5316964,0.3683036
6.0,Azaria & Hendekea,TARUS12,3.0,129.0,1.0,3.0,2.3333333,2.0,2.4,3.0,,,,,,,,,,,,,,,,,,,2.28889,3.0,1.0,2.0,,0.67593,,1.0,0.7777778,0.8518519,0.8888889,0.8111111,0.6759259,,,,,,,,,,,,,,,,,,,0.83426,1.0,0.6759259,0.3240741
7.0,Shana & Jennifer,TARUS12,5.8,130.0,6.0,4.5,5.3333333,5.5,5.8,,,,,,,,,,,,,,,,,,,,5.42667,6.0,4.5,1.5,,0.3627,,0.5,0.6388889,0.5092593,0.453373,0.3626984,,,,,,,,,,,,,,,,,,,,0.49284,0.6388889,0.3626984,0.2761905
8.0,Lorena & Jason,TARUS12,5.25,131.0,4.0,2.5,4.3333333,5.25,,,,,,,,,,,,,,,,,,,,,4.02083,5.25,2.5,2.75,,0.45625,,0.7,0.85,0.6083333,0.45625,,,,,,,,,,,,,,,,,,,,,0.65365,0.85,0.45625,0.39375
9.0,Marianna & Julia,TARUS12,8.33333,132.0,9.0,8.0,8.3333333,,,,,,,,,,,,,,,,,,,,,,8.44444,9.0,8.0,1.0,,0.17777,,0.2,0.2666667,0.1777778,,,,,,,,,,,,,,,,,,,,,,0.21481,0.2666667,0.1777778,0.0888889
10.0,Kate & Pat,TARUS12,9.0,133.0,8.0,9.0,,,,,,,,,,,,,,,,,,,,,,,8.5,9.0,8.0,1.0,,0.15,,0.3,0.15,,,,,,,,,,,,,,,,,,,,,,,0.225,0.3,0.15,0.15
11.0,Ari & Staella,TARUS12,11.0,134.0,11.0,,,,,,,,,,,,,,,,,,,,,,,,11.0,11.0,11.0,0.0,,0.0,,0.0,,,,,,,,,,,,,,,,,,,,,,,,0.0,0.0,0.0,0.0
1.0,Nick & Starr,TARUS13,2.45455,135.0,1.0,3.5,4.3333333,4.5,3.8,3.3333333,3.0,2.75,2.7777778,2.6,2.4545455,,,,,,,,,,,,,,3.09536,4.5,1.0,3.5,,0.78012,,1.0,0.7222222,0.6064815,0.562004,0.6496032,0.7080026,0.7497166,0.781002,0.731261,0.7581349,0.7801227,,,,,,,,,,,,,,0.73169,1.0,0.562004,0.437996
2.0,Ken & Tina,TARUS13,2.63636,136.0,2.0,1.5,1.3333333,1.25,1.8,2.5,2.7142857,2.75,2.6666667,2.7,2.6363636,,,,,,,,,,,,,,2.16824,2.75,1.25,1.5,,0.61818,,0.9,0.95,0.9666667,0.975,0.88,0.7333333,0.6857143,0.6625,0.662963,0.63,0.6181818,,,,,,,,,,,,,,0.78767,0.975,0.6181818,0.3568182
3.0,Andrew & Dan,TARUS13,5.18182,137.0,7.0,7.5,7.3333333,7.0,6.8,6.5,6.2857143,6.0,5.7777778,5.4,5.1818182,,,,,,,,,,,,,,6.43442,7.5,5.1818182,2.3181818,,0.24012,,0.4,0.3111111,0.2907407,0.2894841,0.2649206,0.2541005,0.2463719,0.2468254,0.2194004,0.264127,0.2401154,,,,,,,,,,,,,,0.2752,0.4,0.2194004,0.1805996
4.0,Toni & Dallas,TARUS13,3.1,138.0,6.0,5.5,4.3333333,4.25,3.8,3.6666667,3.4285714,3.25,3.0,3.1,,,,,,,,,,,,,,,4.03286,6.0,3.0,3.0,,0.64853,,0.5,0.5277778,0.6435185,0.625496,0.6670635,0.6558862,0.6764739,0.6856647,0.7205908,0.6485317,,,,,,,,,,,,,,,0.6351,0.7205908,0.5,0.2205908
5.0,Terence & Sarah,TARUS13,3.25,139.0,3.0,3.0,3.0,2.75,2.8,3.0,3.0,3.25,,,,,,,,,,,,,,,,,2.975,3.25,2.75,0.5,,0.60645,,0.8,0.7888889,0.7759259,0.7962302,0.7703175,0.7085979,0.6930839,0.6064484,,,,,,,,,,,,,,,,,0.74244,0.8,0.6064484,0.1935516
6.0,Kelly & Christy,TARUS13,5.14286,140.0,5.0,6.0,6.6666667,5.75,5.6,5.0,5.1428571,,,,,,,,,,,,,,,,,,5.59422,6.6666667,5.0,1.6666667,,0.41513,,0.6,0.4666667,0.3527778,0.4431548,0.4211905,0.4843254,0.4151361,,,,,,,,,,,,,,,,,,0.45475,0.6,0.3527778,0.2472222
7.0,Aja & Ty,TARUS13,6.2,141.0,8.0,6.0,5.6666667,6.0,6.2,,,,,,,,,,,,,,,,,,,,6.37333,8.0,5.6666667,2.3333333,,0.32192,,0.3,0.4833333,0.4888889,0.402381,0.3219048,,,,,,,,,,,,,,,,,,,,0.3993,0.4888889,0.3,0.1888889
8.0,Marisa & Brooke,TARUS13,7.75,142.0,10.0,9.5,7.6666667,7.75,,,,,,,,,,,,,,,,,,,,,8.72917,10.0,7.6666667,2.3333333,,0.20903,,0.1,0.1055556,0.2787037,0.2090278,,,,,,,,,,,,,,,,,,,,,0.17332,0.2787037,0.1,0.1787037
9.0,Mark & Bill,TARUS13,5.0,143.0,4.0,3.0,5.0,,,,,,,,,,,,,,,,,,,,,,4.0,5.0,3.0,2.0,,0.52963,,0.7,0.7944444,0.5296296,,,,,,,,,,,,,,,,,,,,,,0.67469,0.7944444,0.5296296,0.2648148
10.0,Anthony & Stephanie,TARUS13,9.5,144.0,9.0,9.5,,,,,,,,,,,,,,,,,,,,,,,9.25,9.5,9.0,0.5,,0.1,,0.2,0.1,,,,,,,,,,,,,,,,,,,,,,,0.15,0.2,0.1,0.1
11.0,Anita & Arthur,TARUS13,11.0,145.0,11.0,,,,,,,,,,,,,,,,,,,,,,,,11.0,11.0,11.0,0.0,,0.0,,0.0,,,,,,,,,,,,,,,,,,,,,,,,0.0,0.0,0.0,0.0
1.0,Tammy & Victor,TARUS14,2.33333,146.0,2.0,1.5,3.6666667,3.5,3.2,2.8333333,2.5714286,2.625,2.5555556,2.6,2.4545455,2.3333333,,,,,,,,,,,,,2.65332,3.6666667,1.5,2.1666667,,0.76299,,0.9,0.95,0.675,0.6848214,0.7145238,0.7621032,0.7960884,0.7590774,0.7580688,0.7155952,0.7414502,0.762996,,,,,,,,,,,,,0.76831,0.95,0.675,0.275
2.0,Jaime & Cara,TARUS14,3.91667,147.0,7.0,6.5,6.6666667,6.25,5.6,5.5,5.0,4.625,4.5555556,4.2,4.0909091,3.9166667,,,,,,,,,,,,,5.3254,7.0,3.9166667,3.0833333,,0.51303,,0.4,0.4222222,0.3648148,0.380754,0.4379365,0.4205026,0.4747166,0.509127,0.4803351,0.5323016,0.5142136,0.5130291,,,,,,,,,,,,,0.45416,0.5323016,0.3648148,0.1674868
3.0,Margie & Luke,TARUS14,2.75,148.0,1.0,2.5,3.0,3.25,2.8,3.0,3.1428571,2.875,2.8888889,2.8,2.7272727,2.75,,,,,,,,,,,,,2.72783,3.25,1.0,2.25,,0.63304,,1.0,0.8333333,0.7638889,0.7157738,0.772619,0.7271825,0.6804422,0.7203869,0.6958995,0.6929762,0.6905844,0.6330357,,,,,,,,,,,,,0.74384,1.0,0.6330357,0.3669643
4.0,Kisha & Jen,TARUS14,4.27273,149.0,8.0,7.5,6.0,5.0,5.2,4.8333333,4.8571429,4.75,4.3333333,4.3,4.2727273,,,,,,,,,,,,,,5.36787,8.0,4.2727273,3.7272727,,0.41125,,0.3,0.3166667,0.4611111,0.560119,0.4814286,0.5123016,0.4676871,0.4404762,0.5026455,0.452381,0.4112554,,,,,,,,,,,,,,0.44601,0.560119,0.3,0.260119
5.0,Mark & Michael,TARUS14,5.22222,150.0,3.0,5.5,5.3333333,5.75,5.6,5.6666667,5.2857143,5.25,5.2222222,,,,,,,,,,,,,,,,5.17866,5.75,3.0,2.75,,0.30723,,0.8,0.5111111,0.5074074,0.4162698,0.3996825,0.3608466,0.3950113,0.3456349,0.307231,,,,,,,,,,,,,,,,0.44924,0.8,0.307231,0.492769
6.0,Mel & Mike,TARUS14,3.57143,151.0,4.0,3.0,2.3333333,3.25,3.4,3.1666667,3.5714286,,,,,,,,,,,,,,,,,,3.24592,4.0,2.3333333,1.6666667,,0.60113,,0.7,0.7944444,0.862963,0.7186508,0.6749206,0.7013228,0.6011338,,,,,,,,,,,,,,,,,,0.72192,0.862963,0.6011338,0.2618292
7.0,Christie & Jodi,TARUS14,6.66667,152.0,10.0,9.5,8.3333333,6.5,6.6,6.6666667,,,,,,,,,,,,,,,,,,,7.93333,10.0,6.5,3.5,,0.26435,,0.1,0.1055556,0.1953704,0.3965278,0.3172222,0.2643519,,,,,,,,,,,,,,,,,,,0.22984,0.3965278,0.1,0.2965278
8.0,Amanda & Kris,TARUS14,4.5,153.0,5.0,4.0,3.3333333,4.5,,,,,,,,,,,,,,,,,,,,,4.20833,5.0,3.3333333,1.6666667,,0.5632,,0.6,0.6888889,0.7509259,0.5631944,,,,,,,,,,,,,,,,,,,,,0.65075,0.7509259,0.5631944,0.1877315
9.0,Brad & Victoria,TARUS14,6.66667,154.0,6.0,5.5,6.6666667,,,,,,,,,,,,,,,,,,,,,,6.05556,6.6666667,5.5,1.1666667,,0.35187,,0.5,0.5277778,0.3518519,,,,,,,,,,,,,,,,,,,,,,0.45988,0.5277778,0.3518519,0.1759259
10.0,Steve & Linda,TARUS14,9.5,155.0,9.0,9.5,,,,,,,,,,,,,,,,,,,,,,,9.25,9.5,9.0,0.5,,0.1,,0.2,0.1,,,,,,,,,,,,,,,,,,,,,,,0.15,0.2,0.1,0.1
11.0,Preston & Jennifer,TARUS14,11.0,156.0,11.0,,,,,,,,,,,,,,,,,,,,,,,,11.0,11.0,11.0,0.0,,0.0,,0.0,,,,,,,,,,,,,,,,,,,,,,,,0.0,0.0,0.0,0.0
1.0,Meghan & Cheyne,TARUS15,2.0,157.0,1.0,3.5,3.0,3.5,3.0,2.6666667,2.5714286,2.5,2.3333333,2.2,2.0909091,2.0,,,,,,,,,,,,,2.53019,3.5,1.0,2.5,,0.86991,,1.0,0.75,0.7962963,0.7222222,0.7777778,0.8148148,0.8126984,0.8048611,0.8265432,0.8438889,0.8580808,0.8699074,,,,,,,,,,,,,0.82309,1.0,0.7222222,0.2777778
2.0,Sam & Dan,TARUS15,3.16667,158.0,9.0,5.5,5.3333333,4.25,4.4,4.1666667,3.7142857,3.75,3.5555556,3.4,3.2727273,3.1666667,,,,,,,,,,,,,4.4591,9.0,3.1666667,5.8333333,,0.63808,,0.2727273,0.5863636,0.5760943,0.6820707,0.6313709,0.6372535,0.6890744,0.6341901,0.6470579,0.6490188,0.6506231,0.6380712,,,,,,,,,,,,,0.60783,0.6890744,0.2727273,0.4163471
3.0,Brian & Ericka,TARUS15,4.25,159.0,6.0,8.0,6.6666667,5.75,5.0,4.8333333,4.8571429,4.625,4.5555556,4.5,4.3636364,4.25,,,,,,,,,,,,,5.28344,8.0,4.25,3.75,,0.39188,,0.5454546,0.3227273,0.4373737,0.5155303,0.5838528,0.5698773,0.5170377,0.514908,0.4854738,0.4369264,0.4275089,0.3918831,,,,,,,,,,,,,0.47905,0.5838528,0.3227273,0.2611255
4.0,Flight Time & Big Easy,TARUS15,3.09091,160.0,5.0,4.0,3.0,2.75,2.8,3.3333333,3.2857143,3.0,3.0,3,3.0909091,,,,,,,,,,,,,,3.29636,5.0,2.75,2.25,,0.60234,,0.6363636,0.7181818,0.8121212,0.8278409,0.8051299,0.6987193,0.6846166,0.7240395,0.6991462,0.6625649,0.6023318,,,,,,,,,,,,,,0.71555,0.8278409,0.6023318,0.2255091
5.0,Gary & Matt,TARUS15,4.22222,161.0,7.0,4.0,3.6666667,3.75,3.8,4.0,4.0,4.125,4.2222222,,,,,,,,,,,,,,,,4.28488,7.0,3.6666667,3.3333333,,0.46244,,0.4545455,0.7272727,0.7441077,0.7143308,0.6857504,0.6270142,0.5945836,0.5202606,0.4624539,,,,,,,,,,,,,,,,0.61448,0.7441077,0.4545455,0.2895622
6.0,Maria & Tiffany,TARUS15,6.57143,162.0,11.0,9.0,8.0,8.0,7.6,6.6666667,6.5714286,,,,,,,,,,,,,,,,,,8.11973,11.0,6.5714286,4.4285714,,0.31133,,0.0909091,0.2454545,0.3117845,0.2650884,0.2692136,0.3632335,0.311343,,,,,,,,,,,,,,,,,,0.26529,0.3632335,0.0909091,0.2723244
7.0,Mika & Canaan,TARUS15,7.66667,163.0,10.0,9.0,8.3333333,8.0,7.8,7.6666667,,,,,,,,,,,,,,,,,,,8.46667,10.0,7.6666667,2.3333333,,0.20133,,0.1818182,0.2409091,0.2717172,0.2662879,0.2416017,0.2013348,,,,,,,,,,,,,,,,,,,0.23394,0.2717172,0.1818182,0.089899
8.0,Lance & Keri,TARUS15,6.0,164.0,3.0,3.5,5.3333333,5.5,6.0,,,,,,,,,,,,,,,,,,,,4.66667,6.0,3.0,3.0,,0.40086,,0.8181818,0.7590909,0.5430976,0.5010732,0.4008586,,,,,,,,,,,,,,,,,,,,0.60446,0.8181818,0.4008586,0.4173232
9.0,Zev & Justin,TARUS15,6.0,165.0,2.0,3.5,5.0,6.0,,,,,,,,,,,,,,,,,,,,,4.125,6.0,2.0,4.0,,0.43283,,0.9090909,0.7545455,0.5771044,0.4328283,,,,,,,,,,,,,,,,,,,,,0.66839,0.9090909,0.4328283,0.4762626
10.0,Marcy & Ron,TARUS15,7.66667,166.0,4.0,6.5,7.6666667,,,,,,,,,,,,,,,,,,,,,,6.05556,7.6666667,4.0,3.6666667,,0.3091,,0.7272727,0.4636364,0.3090909,,,,,,,,,,,,,,,,,,,,,,0.5,0.7272727,0.3090909,0.4181818
11.0,Garrett & Jessica,TARUS15,9.5,167.0,8.0,9.5,,,,,,,,,,,,,,,,,,,,,,,8.75,9.5,8.0,1.5,,0.1818,,0.3636364,0.1818182,,,,,,,,,,,,,,,,,,,,,,,0.27273,0.3636364,0.1818182,0.1818182
12.0,Eric & Lisa,TARUS15,12.0,168.0,12.0,,,,,,,,,,,,,,,,,,,,,,,,12.0,12.0,12.0,0.0,,0.0,,0.0,,,,,,,,,,,,,,,,,,,,,,,,0.0,0.0,0.0,0.0
1.0,Dan & Jordan,TARUS16,4.33333,169.0,8.0,8.0,7.3333333,7.0,6.4,6.1666667,5.5714286,5.5,5.0,4.8,4.6363636,4.3333333,,,,,,,,,,,,,6.06176,8.0,4.3333333,3.6666667,,0.47952,,0.3,0.2611111,0.2990741,0.2957341,0.350873,0.3479497,0.4125283,0.3859623,0.4541887,0.4421032,0.432215,0.4795304,,,,,,,,,,,,,0.37177,0.4795304,0.2611111,0.2184193
2.0,Jet & Cord,TARUS16,2.58333,170.0,3.0,2.0,1.6666667,2.25,2.4,2.6666667,3.1428571,2.875,2.8888889,2.7,2.6363636,2.5833333,,,,,,,,,,,,,2.56748,3.1428571,1.6666667,1.4761904,,0.6877,,0.8,0.9,0.9333333,0.8428571,0.8171429,0.7642857,0.655102,0.6982143,0.6761905,0.7085714,0.7047619,0.6876984,,,,,,,,,,,,,0.76568,0.9333333,0.655102,0.2782313
3.0,Brent & Caite,TARUS16,4.33333,171.0,7.0,5.5,6.0,6.25,6.2,6.1666667,5.7142857,5.5,5.1111111,4.8,4.4545455,4.3333333,,,,,,,,,,,,,5.58583,7.0,4.3333333,2.6666667,,0.44406,,0.4,0.5333333,0.4388889,0.364881,0.3490476,0.3186508,0.3588435,0.3639881,0.4068783,0.4328571,0.4844156,0.4440476,,,,,,,,,,,,,0.40799,0.5333333,0.3186508,0.2146825
4.0,Louie & Michael,TARUS16,4.36364,172.0,9.0,9.0,8.6666667,6.75,5.6,4.8333333,4.7142857,4.5,4.4444444,4.4,4.3636364,,,,,,,,,,,,,,6.02476,9.0,4.3636364,4.6363636,,0.42601,,0.2,0.1555556,0.1453704,0.3590278,0.4872222,0.5726852,0.5480159,0.5545139,0.520679,0.4686111,0.4260101,,,,,,,,,,,,,,0.40343,0.5726852,0.1453704,0.4273148
5.0,Carol & Brandy,TARUS16,4.0,173.0,6.0,4.5,4.0,4.25,4.4,4.0,4.1428571,3.875,4.0,,,,,,,,,,,,,,,,4.35198,6.0,3.875,2.125,,0.52426,,0.5,0.6388889,0.6759259,0.6140873,0.5769841,0.619709,0.5597506,0.5897817,0.5242504,,,,,,,,,,,,,,,,0.58882,0.6759259,0.5,0.1759259
6.0,Steve & Allie,TARUS16,3.375,174.0,4.0,5.5,4.3333333,3.75,3.4,3.3333333,3.0,3.375,,,,,,,,,,,,,,,,,3.83646,5.5,3.0,2.5,,0.66115,,0.7,0.5166667,0.6361111,0.691369,0.7245238,0.714881,0.7556122,0.6611607,,,,,,,,,,,,,,,,,0.67504,0.7556122,0.5166667,0.2389455
7.0,Jordan & Jeff,TARUS16,5.66667,175.0,1.0,3.5,4.0,5.0,5.4,5.6666667,,,,,,,,,,,,,,,,,,,4.09444,5.6666667,1.0,4.6666667,,0.34788,,1.0,0.7222222,0.6481481,0.4861111,0.4174603,0.3478836,,,,,,,,,,,,,,,,,,,0.60364,1.0,0.3478836,0.6521164
8.0,Joe & Heidi,TARUS16,4.4,176.0,5.0,3.5,3.6666667,3.5,4.4,,,,,,,,,,,,,,,,,,,,4.01333,5.0,3.5,1.5,,0.56564,,0.6,0.7444444,0.7046296,0.7070437,0.5656349,,,,,,,,,,,,,,,,,,,,0.66435,0.7444444,0.5656349,0.1788095
9.0,Monique & Shawne,TARUS16,5.33333,177.0,2.0,3.5,5.3333333,,,,,,,,,,,,,,,,,,,,,,3.61111,5.3333333,2.0,3.3333333,,0.4852,,0.9,0.7277778,0.4851852,,,,,,,,,,,,,,,,,,,,,,0.70432,0.9,0.4851852,0.4148148
10.0,Jody & Shannon,TARUS16,10.0,178.0,10.0,10.0,,,,,,,,,,,,,,,,,,,,,,,10.0,10.0,10.0,0.0,,0.05,,0.1,0.05,,,,,,,,,,,,,,,,,,,,,,,0.075,0.1,0.05,0.05
11.0,Dana & Adrian,TARUS16,11.0,179.0,11.0,,,,,,,,,,,,,,,,,,,,,,,,11.0,11.0,11.0,0.0,,0.0,,0.0,,,,,,,,,,,,,,,,,,,,,,,,0.0,0.0,0.0,0.0
1.0,Nat & Kat,TARUS17,3.08333,180.0,2.0,4.5,5.6666667,4.5,3.8,3.8333333,3.4285714,3.625,3.5555556,3.3,3.2727273,3.0833333,,,,,,,,,,,,,3.71377,5.6666667,2.0,3.6666667,,0.65763,,0.9,0.6166667,0.4527778,0.5895833,0.6716667,0.6430556,0.6940476,0.6322917,0.6175926,0.6558333,0.6265152,0.6576389,,,,,,,,,,,,,0.64647,0.9,0.4527778,0.4472222
2.0,Brook & Claire,TARUS17,3.16667,181.0,4.0,2.5,3.6666667,3.5,3.8,3.5,3.2857143,3.375,3.4444444,3.4,3.2727273,3.1666667,,,,,,,,,,,,,3.40927,4.0,2.5,1.5,,0.58918,,0.7,0.85,0.6916667,0.70625,0.6507143,0.6811508,0.7028912,0.6650298,0.6189153,0.5903571,0.5972944,0.5891865,,,,,,,,,,,,,0.67029,0.85,0.5891865,0.2608135
3.0,Jill & Thomas,TARUS17,3.0,182.0,1.0,3.0,4.3333333,4.5,4.2,3.6666667,3.8571429,3.625,3.3333333,3.2,3,3.0,,,,,,,,,,,,,3.39296,4.5,1.0,3.5,,0.65166,,1.0,0.7777778,0.6018519,0.5763889,0.6039683,0.6699735,0.6218821,0.6441468,0.6836861,0.6819841,0.7108947,0.6516534,,,,,,,,,,,,,0.68535,1.0,0.5763889,0.4236111
4.0,Nick & Vicki,TARUS17,5.27273,183.0,10.0,9.0,7.6666667,7.25,7.0,7.0,6.4285714,6.0,5.5555556,5.4,5.2727273,,,,,,,,,,,,,,6.96123,10.0,5.2727273,4.7272727,,0.31815,,0.1,0.1611111,0.2740741,0.2993056,0.2965873,0.2471561,0.3070862,0.3437004,0.3888448,0.3499603,0.3181457,,,,,,,,,,,,,,0.28054,0.3888448,0.1,0.2888448
5.0,Chad & Stephanie,TARUS17,5.11111,184.0,8.0,6.0,5.0,5.5,5.8,5.6666667,5.7142857,5.125,5.1111111,,,,,,,,,,,,,,,,5.76856,8.0,5.0,3.0,,0.40107,,0.3,0.4833333,0.5722222,0.4916667,0.4219048,0.4071429,0.3727891,0.4511905,0.4010582,,,,,,,,,,,,,,,,0.43348,0.5722222,0.3,0.2722222
6.0,Gary & Mallory,TARUS17,4.625,185.0,6.0,7.5,5.6666667,4.75,4.2,4.5,4.4285714,4.625,,,,,,,,,,,,,,,,,5.20878,7.5,4.2,3.3,,0.48561,,0.5,0.3055556,0.4953704,0.5902778,0.6436508,0.5641534,0.5549887,0.4856151,,,,,,,,,,,,,,,,,0.51745,0.6436508,0.3055556,0.3380952
7.0,Michael & Kevin,TARUS17,5.28571,186.0,7.0,5.0,6.3333333,5.75,5.4,5.0,5.2857143,,,,,,,,,,,,,,,,,,5.68129,7.0,5.0,2.0,,0.43441,,0.4,0.5888889,0.3925926,0.4506944,0.4748413,0.5068122,0.4344104,,,,,,,,,,,,,,,,,,0.46403,0.5888889,0.3925926,0.1962963
8.0,Katie & Rachel,TARUS17,5.4,187.0,5.0,3.5,3.6666667,4.75,5.4,,,,,,,,,,,,,,,,,,,,4.46333,5.4,3.5,1.9,,0.44778,,0.6,0.7444444,0.7046296,0.5597222,0.4477778,,,,,,,,,,,,,,,,,,,,0.61131,0.7444444,0.4477778,0.2966666
9.0,Connor & Jonathan,TARUS17,4.75,188.0,3.0,4.5,3.3333333,4.75,,,,,,,,,,,,,,,,,,,,,3.89583,4.75,3.0,1.75,,0.5611,,0.8,0.6222222,0.7481481,0.5611111,,,,,,,,,,,,,,,,,,,,,0.68287,0.8,0.5611111,0.2388889
10.0,Andie & Jenna,TARUS17,9.5,189.0,9.0,9.5,,,,,,,,,,,,,,,,,,,,,,,9.25,9.5,9.0,0.5,,0.1,,0.2,0.1,,,,,,,,,,,,,,,,,,,,,,,0.15,0.2,0.1,0.1
11.0,Ron & Tony,TARUS17,11.0,190.0,11.0,,,,,,,,,,,,,,,,,,,,,,,,11.0,11.0,11.0,0.0,,0.0,,0.0,,,,,,,,,,,,,,,,,,,,,,,,0.0,0.0,0.0,0.0
1.0,Kisha & Jen,TARUS18,3.33333,191.0,3.0,3.5,3.6666667,4.0,4.0,4.3333333,4.1428571,4.125,3.8888889,3.7,3.5454545,3.3333333,,,,,,,,,,,,,3.76963,4.3333333,3.0,1.3333333,,0.65507,,0.8,0.75,0.7222222,0.6666667,0.6583333,0.5962302,0.6062925,0.580506,0.6048942,0.6194048,0.6237013,0.6550595,,,,,,,,,,,,,0.65694,0.8,0.580506,0.219494
2.0,Flight Time & Big Easy,TARUS18,3.75,192.0,5.0,3.5,4.0,4.5,4.8,5.1666667,4.5714286,4.25,4.3333333,4,3.9090909,3.75,,,,,,,,,,,,,4.31504,5.1666667,3.5,1.6666667,,0.56515,,0.6,0.75,0.6851852,0.6076389,0.5611111,0.4914021,0.564059,0.5935516,0.5498236,0.5948413,0.5710678,0.5651455,,,,,,,,,,,,,0.59449,0.75,0.4914021,0.2585979
3.0,Gary & Mallory,TARUS18,3.25,193.0,1.0,5.0,4.0,3.75,3.4,3.0,3.1428571,3.5,3.5555556,3.5,3.2727273,3.25,,,,,,,,,,,,,3.36426,5.0,1.0,4.0,,0.59283,,1.0,0.6,0.6962963,0.7097222,0.7427778,0.7856481,0.7448413,0.6517361,0.6237654,0.6113889,0.6467172,0.5928241,,,,,,,,,,,,,0.70048,1.0,0.5928241,0.4071759
4.0,Zev & Justin,TARUS18,3.45455,194.0,4.0,2.5,2.0,3.5,4.4,4.3333333,4.0,3.625,3.3333333,3.4,3.4545455,,,,,,,,,,,,,,3.5042,4.4,2.0,2.4,,0.60043,,0.7,0.85,0.9,0.70625,0.59,0.5869048,0.6221088,0.6693452,0.7060847,0.6604762,0.6004329,,,,,,,,,,,,,,0.69015,0.9,0.5869048,0.3130952
5.0,Kent & Vyxsin,TARUS18,6.0,195.0,10.0,8.5,8.0,8.25,7.6,7.1666667,7.0,6.5,6.1111111,6,,,,,,,,,,,,,,,7.51278,10.0,6.0,4.0,,0.31286,,0.1,0.25,0.2777778,0.2083333,0.2666667,0.2936508,0.2755102,0.3160714,0.347619,0.3128571,,,,,,,,,,,,,,,0.26485,0.347619,0.1,0.247619
6.0,Jet & Cord,TARUS18,4.55556,196.0,11.0,7.0,6.6666667,5.5,4.6,4.1666667,4.2857143,4.375,4.5555556,,,,,,,,,,,,,,,,5.7944,11.0,4.1666667,6.8333333,,0.50109,,0.0,0.4,0.4148148,0.5298611,0.6238889,0.6627646,0.6157029,0.5637401,0.5011023,,,,,,,,,,,,,,,,0.4791,0.6627646,0.0,0.6627646
7.0,Ron & Christina,TARUS18,6.0,197.0,8.0,9.0,7.0,6.25,6.4,5.8333333,6.0,,,,,,,,,,,,,,,,,,6.92619,9.0,5.8333333,3.1666667,,0.3953,,0.3,0.2,0.3925926,0.4506944,0.4105556,0.4611772,0.3952948,,,,,,,,,,,,,,,,,,0.3729,0.4611772,0.2,0.2611772
8.0,Margie & Luke,TARUS18,5.33333,198.0,7.0,6.0,6.6666667,5.25,4.8,5.3333333,,,,,,,,,,,,,,,,,,,5.84167,7.0,4.8,2.2,,0.49537,,0.4,0.5,0.4074074,0.5555556,0.5944444,0.4953704,,,,,,,,,,,,,,,,,,,0.49213,0.5944444,0.4,0.1944444
9.0,Jaime & Cara,TARUS18,7.8,199.0,6.0,7.0,7.6666667,7.5,7.8,,,,,,,,,,,,,,,,,,,,7.19333,7.8,6.0,1.8,,0.23222,,0.5,0.4,0.3037037,0.2902778,0.2322222,,,,,,,,,,,,,,,,,,,,0.34524,0.5,0.2322222,0.2677778
10.0,Mel & Mike,TARUS18,8.33333,200.0,9.0,7.5,8.3333333,,,,,,,,,,,,,,,,,,,,,,8.27778,9.0,7.5,1.5,,0.23333,,0.2,0.35,0.2333333,,,,,,,,,,,,,,,,,,,,,,0.26111,0.35,0.2,0.15
11.0,Amanda & Kris,TARUS18,6.5,201.0,2.0,6.5,,,,,,,,,,,,,,,,,,,,,,,4.25,6.5,2.0,4.5,,0.45,,0.9,0.45,,,,,,,,,,,,,,,,,,,,,,,0.675,0.9,0.45,0.45
1.0,Ernie & Cindy,TARUS19,2.83333,202.0,1.0,2.5,3.3333333,3.75,3.6,3.8333333,3.5714286,3.25,3.1111111,3.1,3,2.8333333,,,,,,,,,,,,,3.07354,3.8333333,1.0,2.8333333,,0.70218,,1.0,0.85,0.7333333,0.6571429,0.6685714,0.6126984,0.6442177,0.6886905,0.6955026,0.6759524,0.6751082,0.7021825,,,,,,,,,,,,,0.71695,1.0,0.6126984,0.3873016
2.0,Jeremy & Sandy,TARUS19,3.58333,203.0,2.0,4.0,3.6666667,3.5,4.2,4.0,4.2857143,4.375,4.2222222,4,3.7272727,3.5833333,,,,,,,,,,,,,3.79668,4.375,2.0,2.375,,0.56588,,0.9,0.7,0.7166667,0.7160714,0.6014286,0.6123016,0.5486395,0.5050595,0.5044974,0.5290476,0.5718615,0.565873,,,,,,,,,,,,,0.62262,0.9,0.5044974,0.3955026
3.0,Amani & Marcus,TARUS19,4.41667,204.0,5.0,7.0,6.6666667,6.5,5.4,5.6666667,5.4285714,5.25,4.7777778,4.7,4.5454545,4.4166667,,,,,,,,,,,,,5.44598,7.0,4.4166667,2.5833333,,0.412,,0.6,0.4,0.3916667,0.3651786,0.4921429,0.410119,0.4229592,0.4200893,0.4845238,0.4610714,0.4494589,0.412004,,,,,,,,,,,,,0.44243,0.6,0.3651786,0.2348214
4.0,Andy & Tommy,TARUS19,2.63636,205.0,7.0,4.0,3.0,2.5,3.0,2.6666667,2.4285714,2.5,2.6666667,2.5,2.6363636,,,,,,,,,,,,,,3.17257,7.0,2.4285714,4.5714286,,0.69805,,0.4,0.7,0.8,0.85,0.7657143,0.8047619,0.8326531,0.8035714,0.7420635,0.7678571,0.6980519,,,,,,,,,,,,,,0.74224,0.85,0.4,0.45
5.0,Bill & Cathi,TARUS19,5.5,206.0,11.0,9.0,8.3333333,8.0,6.8,6.6666667,6.1428571,5.625,5.5555556,5.5,,,,,,,,,,,,,,,7.26234,11.0,5.5,5.5,,0.32834,,0.0,0.2,0.2166667,0.1982143,0.33,0.3027778,0.3547619,0.4104167,0.3648148,0.3283333,,,,,,,,,,,,,,,0.2706,0.4104167,0.0,0.4104167
6.0,Laurence & Zac,TARUS19,4.375,207.0,6.0,4.0,3.3333333,3.5,4.0,4.0,4.1428571,4.375,,,,,,,,,,,,,,,,,4.1689,6.0,3.3333333,2.6666667,,0.49568,,0.5,0.7,0.7583333,0.7116071,0.6264286,0.6053571,0.5664966,0.4956845,,,,,,,,,,,,,,,,,0.62049,0.7583333,0.4956845,0.2626488
7.0,Justin & Jennifer,TARUS19,4.28571,208.0,3.0,5.5,5.0,4.25,4.2,3.8333333,4.2857143,,,,,,,,,,,,,,,,,,4.29558,5.5,3.0,2.5,,0.56954,,0.8,0.55,0.575,0.6455357,0.6307143,0.6644841,0.5695578,,,,,,,,,,,,,,,,,,0.63361,0.8,0.55,0.25
8.0,Liz & Marie,TARUS19,7.8,209.0,10.0,7.5,7.6666667,7.75,7.8,,,,,,,,,,,,,,,,,,,,8.14333,10.0,7.5,2.5,,0.165,,0.1,0.35,0.275,0.20625,0.165,,,,,,,,,,,,,,,,,,,,0.21925,0.35,0.1,0.25
9.0,Kaylani & Lisa,TARUS19,7.0,210.0,9.0,6.0,7.0,,,,,,,,,,,,,,,,,,,,,,7.33333,9.0,6.0,3.0,,0.33333,,0.2,0.5,0.3333333,,,,,,,,,,,,,,,,,,,,,,0.34444,0.5,0.2,0.3
10.0,Ethan & Jenna,TARUS19,7.0,211.0,4.0,7.0,,,,,,,,,,,,,,,,,,,,,,,5.5,7.0,4.0,3.0,,0.4,,0.7,0.4,,,,,,,,,,,,,,,,,,,,,,,0.55,0.7,0.4,0.3
11.0,Ron & Bill,TARUS19,9.5,212.0,8.0,9.5,,,,,,,,,,,,,,,,,,,,,,,8.75,9.5,8.0,1.5,,0.15,,0.3,0.15,,,,,,,,,,,,,,,,,,,,,,,0.225,0.3,0.15,0.15
1.0,Rachel & Dave,TARUS20,1.83333,213.0,1.0,1.0,2.6666667,2.5,2.8,2.5,2.2857143,2.25,2.1111111,2,1.9090909,1.8333333,,,,,,,,,,,,,2.07133,2.8,1.0,1.8,,0.88363,,1.0,1.0,0.7916667,0.8080357,0.7607143,0.8005952,0.8290816,0.8254464,0.8448413,0.8603571,0.8730519,0.883631,,,,,,,,,,,,,0.85645,1.0,0.7607143,0.2392857
2.0,Art & JJ,TARUS20,2.25,214.0,3.0,2.5,2.0,1.75,1.6,1.6666667,1.8571429,2.0,2.1111111,2.3,2.2727273,2.25,,,,,,,,,,,,,2.10897,3.0,1.6,1.4,,0.71991,,0.8,0.8444444,0.8962963,0.9222222,0.9377778,0.9203704,0.8746032,0.8402778,0.8024691,0.7472222,0.739899,0.7199074,,,,,,,,,,,,,0.83712,0.9377778,0.7199074,0.2178704
3.0,Brendon & Rachel,TARUS20,3.41667,215.0,2.0,3.0,2.6666667,3.5,3.8,3.8333333,3.8571429,3.875,3.6666667,3.5,3.4545455,3.4166667,,,,,,,,,,,,,3.38084,3.875,2.0,1.875,,0.52411,,0.9,0.7833333,0.8138889,0.6818452,0.6311905,0.6093254,0.5794218,0.556994,0.5784392,0.5955952,0.5717532,0.5241071,,,,,,,,,,,,,0.65216,0.9,0.5241071,0.3758929
4.0,Vanessa & Ralph,TARUS20,4.90909,216.0,5.0,6.0,6.6666667,6.0,5.4,5.5,5.4285714,5.375,5.2222222,5,4.9090909,,,,,,,,,,,,,,5.50014,6.6666667,4.9090909,1.7575758,,0.33279,,0.6,0.4666667,0.3527778,0.4074405,0.4688095,0.4184524,0.3872449,0.3638393,0.3511905,0.3660714,0.3327922,,,,,,,,,,,,,,0.41048,0.6,0.3327922,0.2672078
5.0,Bopper & Mark,TARUS20,4.6,217.0,9.0,6.0,5.3333333,6.0,6.0,5.5,5.0,4.5,4.5555556,4.6,,,,,,,,,,,,,,,5.64889,9.0,4.5,4.5,,0.43552,,0.2,0.4888889,0.5342593,0.4006944,0.3776984,0.4258598,0.4793084,0.5443948,0.4839065,0.4355159,,,,,,,,,,,,,,,0.43705,0.5443948,0.2,0.3443948
6.0,Nary & Jamie,TARUS20,5.5,218.0,4.0,5.0,5.0,5.0,5.4,5.3333333,5.4285714,5.5,,,,,,,,,,,,,,,,,5.08274,5.5,4.0,1.5,,0.31865,,0.7,0.5722222,0.5481481,0.518254,0.4431746,0.4248677,0.3641723,0.3186508,,,,,,,,,,,,,,,,,0.48619,0.7,0.3186508,0.3813492
7.0,Joey & Danny,TARUS20,5.5,219.0,10.0,9.0,7.0,6.0,5.2,5.5,,,,,,,,,,,,,,,,,,,7.11667,10.0,5.2,4.8,,0.4406,,0.1,0.1611111,0.3574074,0.446627,0.5287302,0.4406085,,,,,,,,,,,,,,,,,,,0.33908,0.5287302,0.1,0.4287302
8.0,Kerri & Stacy,TARUS20,6.8,220.0,7.0,6.0,6.3333333,6.5,6.8,,,,,,,,,,,,,,,,,,,,6.52667,7.0,6.0,1.0,,0.2697,,0.4,0.4777778,0.4018519,0.3371032,0.2696825,,,,,,,,,,,,,,,,,,,,0.37728,0.4777778,0.2696825,0.2080953
9.0,Elliot & Andrew,TARUS20,8.0,221.0,6.0,7.5,8.0,,,,,,,,,,,,,,,,,,,,,,7.16667,8.0,6.0,2.0,,0.2037,,0.5,0.3055556,0.2037037,,,,,,,,,,,,,,,,,,,,,,0.33642,0.5,0.2037037,0.2962963
10.0,Dave & Cherie,TARUS20,9.0,222.0,8.0,9.0,,,,,,,,,,,,,,,,,,,,,,,8.5,9.0,8.0,1.0,,0.15,,0.3,0.15,,,,,,,,,,,,,,,,,,,,,,,0.225,0.3,0.15,0.15
11.0,Misa & Maiya,TARUS20,11.0,223.0,11.0,,,,,,,,,,,,,,,,,,,,,,,,11.0,11.0,11.0,0.0,,0.0,,0.0,,,,,,,,,,,,,,,,,,,,,,,,0.0,0.0,0.0,0.0
1.0,Josh & Brent,TARUS21,4.58333,224.0,7.0,6.0,5.6666667,5.25,5.6,5.6666667,5.5714286,5.5,5.3333333,5.1,4.9090909,4.5833333,,,,,,,,,,,,,5.51504,7.0,4.5833333,2.4166667,,0.37586,,0.4,0.4777778,0.4851852,0.506746,0.4053968,0.3656085,0.3419501,0.3242064,0.3159612,0.3176984,0.3191198,0.3758598,,,,,,,,,,,,,0.38629,0.506746,0.3159612,0.1907848
2.0,Jaymes & James,TARUS21,3.58333,225.0,10.0,6.5,5.3333333,5.5,5.6,5.5,5.0,4.5,4.2222222,4,3.7272727,3.5833333,,,,,,,,,,,,,5.28885,10.0,3.5833333,6.4166667,,0.59418,,0.1,0.4388889,0.5425926,0.478373,0.4160317,0.4022487,0.4590703,0.5266865,0.5514991,0.5630159,0.6027417,0.5941799,,,,,,,,,,,,,0.47294,0.6027417,0.1,0.5027417
3.0,Trey & Lexi,TARUS21,3.16667,226.0,9.0,5.5,4.3333333,5.0,5.0,4.3333333,3.8571429,3.625,3.5555556,3.3,3.1818182,3.1666667,,,,,,,,,,,,,4.48774,9.0,3.1666667,5.8333333,,0.61723,,0.2,0.5444444,0.6546296,0.5266865,0.4880159,0.5733466,0.6342971,0.6550099,0.6377866,0.6740079,0.6733405,0.6172288,,,,,,,,,,,,,0.57323,0.6740079,0.2,0.4740079
4.0,Natalie & Nadiya,TARUS21,3.27273,227.0,4.0,2.5,3.6666667,3.5,3.4,3.5,3.4285714,3.375,3.1111111,3.2,3.2727273,,,,,,,,,,,,,,3.35946,4.0,2.5,1.5,,0.55964,,0.7,0.85,0.6916667,0.6973214,0.6911905,0.6593254,0.6508503,0.644494,0.6839947,0.6155952,0.559632,,,,,,,,,,,,,,0.67673,0.85,0.559632,0.290368
5.0,Abbie & Ryan,TARUS21,2.77778,228.0,1.0,2.5,2.0,2.0,2.0,2.0,2.2857143,2.5,2.7777778,,,,,,,,,,,,,,,,2.11817,2.7777778,1.0,1.7777778,,0.6656,,1.0,0.8333333,0.8888889,0.8809524,0.8714286,0.8650794,0.7986395,0.7488095,0.6656085,,,,,,,,,,,,,,,,0.83919,1.0,0.6656085,0.3343915
6.0,James & Abba,TARUS21,4.125,229.0,6.0,6.0,5.3333333,4.25,3.6,3.5,3.8571429,4.125,,,,,,,,,,,,,,,,,4.58318,6.0,3.5,2.5,,0.52951,,0.5,0.4722222,0.5231481,0.6423611,0.7138889,0.7060185,0.6051587,0.5295139,,,,,,,,,,,,,,,,,0.58654,0.7138889,0.4722222,0.2416667
7.0,Rob & Kelley,TARUS21,6.0,230.0,5.0,6.5,6.6666667,6.25,5.8,6.0,,,,,,,,,,,,,,,,,,,6.03611,6.6666667,5.0,1.6666667,,0.33347,,0.6,0.4111111,0.3574074,0.3751984,0.4001587,0.3334656,,,,,,,,,,,,,,,,,,,0.41289,0.6,0.3334656,0.2665344
8.0,Gary & Will,TARUS21,8.25,231.0,8.0,8.5,8.3333333,8.25,,,,,,,,,,,,,,,,,,,,,8.27083,8.5,8.0,0.5,,0.13403,,0.3,0.2055556,0.1787037,0.1340278,,,,,,,,,,,,,,,,,,,,,0.20457,0.3,0.1340278,0.1659722
9.0,Caitlin & Brittany,TARUS21,6.33333,232.0,3.0,5.0,6.3333333,,,,,,,,,,,,,,,,,,,,,,4.77778,6.3333333,3.0,3.3333333,,0.37777,,0.8,0.5666667,0.3777778,,,,,,,,,,,,,,,,,,,,,,0.58148,0.8,0.3777778,0.4222222
10.0,Amy & Daniel,TARUS21,6.0,233.0,2.0,6.0,,,,,,,,,,,,,,,,,,,,,,,4.0,6.0,2.0,4.0,,0.45,,0.9,0.45,,,,,,,,,,,,,,,,,,,,,,,0.675,0.9,0.45,0.45
11.0,Rob & Sheila,TARUS21,11.0,234.0,11.0,,,,,,,,,,,,,,,,,,,,,,,,11.0,11.0,11.0,0.0,,0.0,,0.0,,,,,,,,,,,,,,,,,,,,,,,,0.0,0.0,0.0,0.0
1.0,Bates & Anthony,TARUS22,2.41667,235.0,2.0,1.5,2.0,3.25,3.4,3.0,2.7142857,2.5,2.6666667,2.6,2.5454545,2.4166667,,,,,,,,,,,,,2.54942,3.4,1.5,1.9,,0.76151,,0.9,0.95,0.8833333,0.725,0.6942857,0.7452381,0.7816327,0.8089286,0.7468254,0.7471429,0.7398268,0.7615079,,,,,,,,,,,,,0.79031,0.95,0.6942857,0.2557143
2.0,Max & Katie,TARUS22,4.25,236.0,9.0,8.5,8.3333333,7.0,6.0,6.1666667,6.1428571,5.75,5.2222222,4.8,4.4545455,4.25,,,,,,,,,,,,,6.30164,9.0,4.25,4.75,,0.53508,,0.2,0.2111111,0.1824074,0.3243056,0.430873,0.3590608,0.331576,0.365129,0.4356702,0.4921032,0.5382756,0.535086,,,,,,,,,,,,,0.36713,0.5382756,0.1824074,0.3558682
3.0,Mona & Beth,TARUS22,4.33333,237.0,5.0,5.5,6.0,6.0,5.4,5.5,5.0,4.625,4.6666667,4.6,4.4545455,4.3333333,,,,,,,,,,,,,5.08996,6.0,4.3333333,1.6666667,,0.39725,,0.6,0.5222222,0.4314815,0.4173611,0.476746,0.4250661,0.48339,0.5229663,0.4648589,0.443373,0.4333694,0.3972553,,,,,,,,,,,,,0.46817,0.6,0.3972553,0.2027447
4.0,Caroline & Jennifer,TARUS22,4.90909,238.0,10.0,8.5,7.6666667,6.75,6.4,6.1666667,5.7142857,5.5,5.2222222,5,4.9090909,,,,,,,,,,,,,,6.5299,10.0,4.9090909,5.0909091,,0.38745,,0.1,0.2166667,0.2694444,0.3583333,0.372381,0.365873,0.4088435,0.4077381,0.4179894,0.4261905,0.3874459,,,,,,,,,,,,,,0.33917,0.4261905,0.1,0.3261905
5.0,Joey & Meghan,TARUS22,4.7,239.0,6.0,5.0,5.0,5.0,5.2,5.0,5.0,5.0,4.6666667,4.7,,,,,,,,,,,,,,,5.05667,6.0,4.6666667,1.3333333,,0.42357,,0.5,0.5833333,0.5555556,0.5416667,0.4904762,0.4920635,0.4693878,0.4357143,0.4706349,0.4235714,,,,,,,,,,,,,,,0.49624,0.5833333,0.4235714,0.1597619
6.0,Chuck & Wynona,TARUS22,6.125,240.0,7.0,6.0,7.0,7.25,7.2,6.5,6.1428571,6.125,,,,,,,,,,,,,,,,,6.65223,7.25,6.0,1.25,,0.29878,,0.4,0.4777778,0.3185185,0.2701389,0.2446825,0.3150132,0.3414399,0.2987599,,,,,,,,,,,,,,,,,0.33329,0.4777778,0.2446825,0.2330953
7.0,Pam & Winnie,TARUS22,4.14286,241.0,4.0,6.5,5.6666667,4.75,4.0,3.6666667,4.1428571,,,,,,,,,,,,,,,,,,4.67517,6.5,3.6666667,2.8333333,,0.59206,,0.7,0.4055556,0.4787037,0.5777778,0.6622222,0.6907407,0.5920635,,,,,,,,,,,,,,,,,,0.58672,0.7,0.4055556,0.2944444
8.0,Dave & Connor,TARUS22,3.0,242.0,3.0,2.5,2.0,1.75,3.0,,,,,,,,,,,,,,,,,,,,2.45,3.0,1.75,1.25,,0.73778,,0.8,0.8444444,0.8962963,0.9222222,0.7377778,,,,,,,,,,,,,,,,,,,,0.84015,0.9222222,0.7377778,0.1844444
9.0,Jessica & John,TARUS22,3.75,243.0,1.0,2.0,2.0,3.75,,,,,,,,,,,,,,,,,,,,,2.1875,3.75,1.0,2.75,,0.6632,,1.0,0.8888889,0.8842593,0.6631944,,,,,,,,,,,,,,,,,,,,,0.85909,1.0,0.6631944,0.3368056
10.0,Idries & Jamil,TARUS22,9.0,244.0,8.0,9.0,,,,,,,,,,,,,,,,,,,,,,,8.5,9.0,8.0,1.0,,0.15,,0.3,0.15,,,,,,,,,,,,,,,,,,,,,,,0.225,0.3,0.15,0.15
11.0,Matt & Daniel,TARUS22,11.0,245.0,11.0,,,,,,,,,,,,,,,,,,,,,,,,11.0,11.0,11.0,0.0,,0.0,,0.0,,,,,,,,,,,,,,,,,,,,,,,,0.0,0.0,0.0,0.0
1.0,Jason & Amy,TARUS23,2.91667,246.0,8.0,6.5,5.0,4.25,3.8,4.0,3.7142857,3.5,3.4444444,3.2,3.0909091,2.9166667,,,,,,,,,,,,,4.28469,8.0,2.9166667,5.0833333,,0.71207,,0.3,0.4277778,0.5768519,0.6469246,0.6889683,0.6296958,0.6540249,0.6722718,0.6531305,0.6878175,0.6858947,0.7120701,,,,,,,,,,,,,0.61129,0.7120701,0.3,0.4120701
2.0,Tim & Marie,TARUS23,3.41667,247.0,1.0,4.5,5.6666667,5.5,4.6,4.5,4.4285714,4.25,4.0,3.8,3.5454545,3.4166667,,,,,,,,,,,,,4.10061,5.6666667,1.0,4.6666667,,0.59938,,1.0,0.6111111,0.4490741,0.4439484,0.5551587,0.5459656,0.5251134,0.5344742,0.5584215,0.569246,0.6084055,0.5993717,,,,,,,,,,,,,0.58336,1.0,0.4439484,0.5560516
3.0,Nicole & Travis,TARUS23,2.58333,248.0,2.0,3.0,2.3333333,2.5,2.6,2.3333333,2.4285714,2.25,2.4444444,2.5,2.5454545,2.5833333,,,,,,,,,,,,,2.45987,3.0,2.0,1.0,,0.62599,,0.9,0.7833333,0.8555556,0.8202381,0.7990476,0.8325397,0.7993197,0.8244048,0.760582,0.7178571,0.6829004,0.6259921,,,,,,,,,,,,,0.78348,0.9,0.6259921,0.2740079
4.0,Leo & Jamal,TARUS23,3.81818,249.0,7.0,4.5,5.0,4.75,5.0,4.6666667,4.1428571,4.125,3.7777778,3.8,3.8181818,,,,,,,,,,,,,,4.59823,7.0,3.7777778,3.2222222,,0.50797,,0.4,0.6444444,0.5546296,0.5588294,0.5042064,0.5312831,0.5982426,0.5734623,0.6208554,0.5587698,0.5079726,,,,,,,,,,,,,,0.55025,0.6444444,0.4,0.2444444
5.0,Ally & Ashley,TARUS23,6.11111,250.0,6.0,6.5,6.6666667,6.75,6.8,6.6666667,6.4285714,6.25,6.1111111,,,,,,,,,,,,,,,,6.46367,6.8,6.0,0.8,,0.21509,,0.5,0.4166667,0.3611111,0.3065476,0.2738095,0.2559524,0.2479592,0.2419643,0.2150794,,,,,,,,,,,,,,,,0.31323,0.5,0.2150794,0.2849206
6.0,Nicky & Kim,TARUS23,5.375,251.0,5.0,7.0,5.6666667,6.25,5.8,5.1666667,5.2857143,5.375,,,,,,,,,,,,,,,,,5.69301,7.0,5.0,2.0,,0.35823,,0.6,0.3555556,0.487037,0.3652778,0.4065079,0.4776455,0.4094104,0.3582341,,,,,,,,,,,,,,,,,0.43246,0.6,0.3555556,0.2444444
7.0,Tim & Danny,TARUS23,6.16667,252.0,9.0,7.5,6.3333333,6.25,6.0,6.1666667,,,,,,,,,,,,,,,,,,,6.875,9.0,6.0,3.0,,0.33062,,0.2,0.3222222,0.4231481,0.3887897,0.396746,0.3306217,,,,,,,,,,,,,,,,,,,0.34359,0.4231481,0.2,0.2231481
8.0,Brandon & Adam,TARUS23,5.4,253.0,10.0,6.5,6.0,4.75,5.4,,,,,,,,,,,,,,,,,,,,6.53,10.0,4.75,5.25,,0.47556,,0.1,0.4388889,0.4592593,0.5944444,0.4755556,,,,,,,,,,,,,,,,,,,,0.41363,0.5944444,0.1,0.4944444
9.0,Chester & Ephraim,TARUS23,4.66667,254.0,4.0,2.5,4.6666667,,,,,,,,,,,,,,,,,,,,,,3.72222,4.6666667,2.5,2.1666667,,0.56667,,0.7,0.85,0.5666667,,,,,,,,,,,,,,,,,,,,,,0.70556,0.85,0.5666667,0.2833333
10.0,Rowan & Shane,TARUS23,6.5,255.0,3.0,6.5,,,,,,,,,,,,,,,,,,,,,,,4.75,6.5,3.0,3.5,,0.4,,0.8,0.4,,,,,,,,,,,,,,,,,,,,,,,0.6,0.8,0.4,0.4
11.0,Hoskote & Naina,TARUS23,11.0,256.0,11.0,,,,,,,,,,,,,,,,,,,,,,,,11.0,11.0,11.0,0.0,,0.0,,0.0,,,,,,,,,,,,,,,,,,,,,,,,0.0,0.0,0.0,0.0
1.0,Dave & Connor,TARUS24,2.16667,257.0,3.0,3.5,2.6666667,2.5,2.2,2.5,2.5714286,2.75,2.5555556,2.4,2.2727273,2.1666667,,,,,,,,,,,,,2.59025,3.5,2.1666667,1.3333333,,0.82421,,0.8,0.7333333,0.8222222,0.8309524,0.8647619,0.8039683,0.7843537,0.7363095,0.7656085,0.7890476,0.8082251,0.8242064,,,,,,,,,,,,,0.79692,0.8647619,0.7333333,0.1314286
2.0,Caroline & Jennifer,TARUS24,4.25,258.0,9.0,6.0,6.0,5.5,4.8,5.1666667,4.7142857,4.75,4.7777778,4.7,4.4545455,4.25,,,,,,,,,,,,,5.34277,9.0,4.25,4.75,,0.43594,,0.2,0.4888889,0.4509259,0.4810516,0.5562698,0.4635582,0.5163832,0.4768353,0.4238536,0.4064683,0.4301227,0.4359458,,,,,,,,,,,,,0.44419,0.5562698,0.2,0.3562698
3.0,Brendon & Rachel,TARUS24,3.75,259.0,2.0,1.5,3.6666667,4.75,5.2,5.1666667,4.5714286,4.125,4.1111111,3.9,3.8181818,3.75,,,,,,,,,,,,,3.87992,5.2,1.5,3.7,,0.48621,,0.9,0.95,0.675,0.50625,0.4335714,0.4168651,0.5001701,0.5626488,0.5279101,0.550119,0.5304113,0.4862103,,,,,,,,,,,,,0.5866,0.95,0.4168651,0.5331349
4.0,Leo & Jamal,TARUS24,3.72727,260.0,5.0,6.0,5.0,4.5,4.4,3.8333333,4.0,3.875,3.7777778,3.7,3.7272727,,,,,,,,,,,,,,4.34667,6.0,3.7,2.3,,0.53657,,0.6,0.4666667,0.5611111,0.5994048,0.5938095,0.6615079,0.6146258,0.6127976,0.6002645,0.5902381,0.5365801,,,,,,,,,,,,,,0.58518,0.6615079,0.4666667,0.1948412
5.0,Jet & Cord,TARUS24,2.8,261.0,1.0,3.5,3.0,2.5,2.6,2.5,2.7142857,2.625,2.5555556,2.8,,,,,,,,,,,,,,,2.57948,3.5,1.0,2.5,,0.6917,,1.0,0.7222222,0.7731481,0.8298611,0.806746,0.8111772,0.7667234,0.7708829,0.7685626,0.6917063,,,,,,,,,,,,,,,0.7941,1.0,0.6917063,0.3082937
6.0,Flight Time & Big Easy,TARUS24,5.875,262.0,7.0,6.0,5.6666667,5.75,5.8,5.8333333,5.8571429,5.875,,,,,,,,,,,,,,,,,5.97277,7.0,5.6666667,1.3333333,,0.29505,,0.4,0.4777778,0.4851852,0.4353175,0.4053968,0.3656085,0.3371882,0.2950397,,,,,,,,,,,,,,,,,0.40019,0.4851852,0.2950397,0.1901455
7.0,Jessica & John,TARUS24,6.14286,263.0,8.0,8.0,7.6666667,7.0,6.6,6.0,6.1428571,,,,,,,,,,,,,,,,,,7.0585,8.0,6.0,2.0,,0.32801,,0.3,0.2611111,0.2574074,0.3001984,0.325873,0.382672,0.3280045,,,,,,,,,,,,,,,,,,0.3079,0.382672,0.2574074,0.1252646
8.0,Margie & Luke,TARUS24,5.0,264.0,4.0,3.0,3.3333333,4.25,5.0,,,,,,,,,,,,,,,,,,,,3.91667,5.0,3.0,2.0,,0.47136,,0.7,0.7944444,0.737963,0.5891865,0.4713492,,,,,,,,,,,,,,,,,,,,0.65859,0.7944444,0.4713492,0.3230952
9.0,Joey & Meghan,TARUS24,9.33333,265.0,10.0,9.5,9.3333333,,,,,,,,,,,,,,,,,,,,,,9.61111,10.0,9.3333333,0.6666667,,0.07037,,0.1,0.1055556,0.0703704,,,,,,,,,,,,,,,,,,,,,,0.09198,0.1055556,0.0703704,0.0351852
10.0,Mark & Mallory,TARUS24,8.0,266.0,6.0,8.0,,,,,,,,,,,,,,,,,,,,,,,7.0,8.0,6.0,2.0,,0.25,,0.5,0.25,,,,,,,,,,,,,,,,,,,,,,,0.375,0.5,0.25,0.25
11.0,Natalie & Nadiya,TARUS24,11.0,267.0,11.0,,,,,,,,,,,,,,,,,,,,,,,,11.0,11.0,11.0,0.0,,0.0,,0.0,,,,,,,,,,,,,,,,,,,,,,,,0.0,0.0,0.0,0.0
1.0,Amy & Maya,TARUS25,4.5,268.0,6.0,7.0,6.3333333,5.75,6.0,6.0,5.5714286,5.375,5.2222222,4.9,4.8181818,4.5,,,,,,,,,,,,,5.62251,7.0,4.5,2.5,,0.41833,,0.5,0.3611111,0.4074074,0.4484127,0.3873016,0.3505291,0.3861678,0.3878968,0.372575,0.4019841,0.3654401,0.4183201,,,,,,,,,,,,,0.39893,0.5,0.3505291,0.1494709
2.0,Misti & Jim,TARUS25,2.58333,269.0,1.0,1.5,1.3333333,3.0,3.6,3.1666667,2.8571429,2.75,2.7777778,2.6,2.6363636,2.5833333,,,,,,,,,,,,,2.48372,3.6,1.0,2.6,,0.70622,,1.0,0.9444444,0.962963,0.7222222,0.6349206,0.6957672,0.739229,0.7468254,0.7194004,0.7474603,0.7098124,0.7062169,,,,,,,,,,,,,0.77744,1.0,0.6349206,0.3650794
3.0,Adam & Bethany,TARUS25,2.83333,270.0,5.0,3.0,2.6666667,3.75,3.4,3.1666667,3.4285714,3.125,2.8888889,2.9,2.8181818,2.8333333,,,,,,,,,,,,,3.24811,5.0,2.6666667,2.3333333,,0.65347,,0.6,0.8,0.825,0.6544643,0.695,0.7180556,0.6440476,0.6885417,0.7231481,0.6841667,0.6825758,0.6534722,,,,,,,,,,,,,0.69737,0.825,0.6,0.225
4.0,Brooke & Robbie,TARUS25,4.08333,271.0,4.0,5.5,5.6666667,4.75,4.8,4.8333333,4.7142857,4.75,4.4444444,4.4,4.0909091,4.0833333,,,,,,,,,,,,,4.66941,5.6666667,4.0,1.6666667,,0.44811,,0.7,0.5166667,0.4694444,0.566369,0.5388095,0.5045635,0.4896259,0.4534226,0.4863757,0.4377381,0.4888528,0.4481151,,,,,,,,,,,,,0.50833,0.7,0.4377381,0.2622619
5.0,Kym & Alli,TARUS25,3.11111,272.0,3.0,3.0,4.3333333,3.5,3.0,3.0,2.8571429,2.875,3.1111111,,,,,,,,,,,,,,,,3.18629,4.3333333,2.8571429,1.4761904,,0.65494,,0.8,0.7888889,0.6092593,0.7069444,0.7655556,0.7490741,0.7563492,0.7368056,0.6549383,,,,,,,,,,,,,,,,0.72976,0.8,0.6092593,0.1907407
6.0,Tim & Te Jay,TARUS25,4.875,273.0,2.0,3.5,5.0,5.0,4.6,4.5,4.7142857,4.875,,,,,,,,,,,,,,,,,4.27366,5.0,2.0,3.0,,0.40294,,0.9,0.7277778,0.5268519,0.5022817,0.5446825,0.5372355,0.4604875,0.4029266,,,,,,,,,,,,,,,,,0.57528,0.9,0.4029266,0.4970734
7.0,Shelley & Nici,TARUS25,6.33333,274.0,8.0,8.5,7.0,6.75,6.2,6.3333333,,,,,,,,,,,,,,,,,,,7.13056,8.5,6.2,2.3,,0.31553,,0.3,0.2055556,0.3453704,0.3304564,0.3786508,0.3155423,,,,,,,,,,,,,,,,,,,0.3126,0.3786508,0.2055556,0.1730952
8.0,Keith & Whitney,TARUS25,5.4,275.0,9.0,6.5,5.3333333,4.75,5.4,,,,,,,,,,,,,,,,,,,,6.19667,9.0,4.75,4.25,,0.4662,,0.2,0.4333333,0.5388889,0.5827381,0.4661905,,,,,,,,,,,,,,,,,,,,0.44423,0.5827381,0.2,0.3827381
9.0,Michael & Scott,TARUS25,8.33333,276.0,10.0,8.0,8.3333333,,,,,,,,,,,,,,,,,,,,,,8.77778,10.0,8.0,2.0,,0.18147,,0.1,0.2722222,0.1814815,,,,,,,,,,,,,,,,,,,,,,0.18457,0.2722222,0.1,0.1722222
10.0,Dennis & Isabelle,TARUS25,8.5,277.0,7.0,8.5,,,,,,,,,,,,,,,,,,,,,,,7.75,8.5,7.0,1.5,,0.2,,0.4,0.2,,,,,,,,,,,,,,,,,,,,,,,0.3,0.4,0.2,0.2
11.0,Lisa & Michelle,TARUS25,11.0,278.0,11.0,,,,,,,,,,,,,,,,,,,,,,,,11.0,11.0,11.0,0.0,,0.0,,0.0,,,,,,,,,,,,,,,,,,,,,,,,0.0,0.0,0.0,0.0
1.0,Laura & Tyler,TARUS26,3.08333,279.0,3.0,2.5,3.0,3.25,3.8,4.1666667,3.8571429,3.5,3.2222222,3.3,3.2727273,3.0833333,,,,,,,,,,,,,3.32934,4.1666667,2.5,1.6666667,,0.64788,,0.8,0.8444444,0.7712963,0.7347222,0.6449206,0.5652116,0.5987528,0.6489087,0.6879189,0.644127,0.615873,0.6478836,,,,,,,,,,,,,0.68367,0.8444444,0.5652116,0.2792328
2.0,Jelani & Jenny,TARUS26,3.16667,280.0,1.0,1.0,1.6666667,3.0,3.2,3.5,3.5714286,3.625,3.5555556,3.4,3.2727273,3.1666667,,,,,,,,,,,,,2.82984,3.625,1.0,2.625,,0.60734,,1.0,1.0,0.9166667,0.75,0.7142857,0.6507937,0.614966,0.5880952,0.5783069,0.5954762,0.6019481,0.6073413,,,,,,,,,,,,,0.71816,1.0,0.5783069,0.4216931
3.0,Hayley & Blair,TARUS26,3.33333,281.0,8.0,8.5,6.3333333,5.25,5.2,4.5,4.2857143,4.125,3.8888889,3.6,3.3636364,3.3333333,,,,,,,,,,,,,5.03166,8.5,3.3333333,5.1666667,,0.65608,,0.3,0.2055556,0.4287037,0.5402778,0.5179365,0.5982804,0.5985261,0.5987103,0.6155203,0.6539683,0.6854257,0.6560847,,,,,,,,,,,,,0.53325,0.6854257,0.2055556,0.4798701
4.0,Mike & Rochelle,TARUS26,4.75,282.0,7.0,7.5,5.3333333,5.5,5.8,5.3333333,5.2857143,5.25,5.1111111,4.9,4.8181818,4.75,,,,,,,,,,,,,5.54847,7.5,4.75,2.75,,0.32973,,0.4,0.3111111,0.5407407,0.4993056,0.4280159,0.467791,0.4295351,0.4008433,0.3840829,0.3956746,0.3597042,0.3297288,,,,,,,,,,,,,0.41221,0.5407407,0.3111111,0.2296296
5.0,Matt & Ashley,TARUS26,4.9,283.0,9.0,8.0,7.3333333,7.5,6.4,6.0,5.2857143,4.875,4.8888889,4.9,,,,,,,,,,,,,,,6.41829,9.0,4.875,4.125,,0.41904,,0.2,0.2666667,0.3027778,0.2583333,0.3780952,0.3984127,0.4843537,0.5238095,0.4656085,0.4190476,,,,,,,,,,,,,,,0.36971,0.5238095,0.2,0.3238095
6.0,Aly & Steve,TARUS26,3.75,284.0,4.0,3.5,4.0,3.75,3.2,3.0,3.4285714,3.75,,,,,,,,,,,,,,,,,3.57857,4.0,3.0,1.0,,0.57014,,0.7,0.7388889,0.6592593,0.6819444,0.7455556,0.7601852,0.6515873,0.5701389,,,,,,,,,,,,,,,,,0.68844,0.7601852,0.5701389,0.1900463
7.0,Jeff & Jackie,TARUS26,5.16667,285.0,2.0,4.0,5.3333333,5.25,4.8,5.1666667,,,,,,,,,,,,,,,,,,,4.425,5.3333333,2.0,3.3333333,,0.44728,,0.9,0.6722222,0.4898148,0.4923611,0.536746,0.4472884,,,,,,,,,,,,,,,,,,,0.58974,0.9,0.4472884,0.4527116
8.0,Bergen & Kurt,TARUS26,5.4,286.0,6.0,5.5,6.0,4.75,5.4,,,,,,,,,,,,,,,,,,,,5.53,6.0,4.75,1.25,,0.46112,,0.5,0.5277778,0.4351852,0.5763889,0.4611111,,,,,,,,,,,,,,,,,,,,0.50009,0.5763889,0.4351852,0.1412037
9.0,Harley & Jonathan,TARUS26,6.75,287.0,5.0,4.5,6.0,6.75,,,,,,,,,,,,,,,,,,,,,5.5625,6.75,4.5,2.25,,0.31668,,0.6,0.6333333,0.4222222,0.3166667,,,,,,,,,,,,,,,,,,,,,0.49306,0.6333333,0.3166667,0.3166666
10.0,Libby & CJ,TARUS26,10.0,288.0,10.0,10.0,,,,,,,,,,,,,,,,,,,,,,,10.0,10.0,10.0,0.0,,0.05,,0.1,0.05,,,,,,,,,,,,,,,,,,,,,,,0.075,0.1,0.05,0.05
11.0,Jeff & Lyda,TARUS26,11.0,289.0,11.0,,,,,,,,,,,,,,,,,,,,,,,,11.0,11.0,11.0,0.0,,0.0,,0.0,,,,,,,,,,,,,,,,,,,,,,,,0.0,0.0,0.0,0.0
1.0,Kelsey & Joey,TARUS27,3.33333,290.0,8.0,7.5,6.0,5.5,5.2,4.8333333,4.4285714,4.125,3.8888889,3.7,3.5454545,3.3333333,,,,,,,,,,,,,5.00455,8.0,3.3333333,4.6666667,,0.67023,,0.3,0.3166667,0.4611111,0.4886905,0.5052381,0.5321429,0.5751701,0.6032738,0.6251323,0.637619,0.6402597,0.6702381,,,,,,,,,,,,,0.52963,0.6702381,0.3,0.3702381
2.0,Justin & Diana,TARUS27,2.08333,291.0,9.0,5.0,4.0,3.25,3.0,2.6666667,2.4285714,2.25,2.1111111,2,2.0909091,2.0833333,,,,,,,,,,,,,3.32338,9.0,2.0,7.0,,0.81378,,0.2,0.6,0.6916667,0.76875,0.7864286,0.8220238,0.847449,0.8665179,0.8813492,0.8932143,0.842316,0.8137897,,,,,,,,,,,,,0.75113,0.8932143,0.2,0.6932143
3.0,Logan & Chris,TARUS27,4.33333,292.0,5.0,4.5,4.6666667,5.0,5.2,5.3333333,5.2857143,5.125,4.8888889,4.8,4.4545455,4.3333333,,,,,,,,,,,,,4.88229,5.3333333,4.3333333,1.0,,0.42401,,0.6,0.6333333,0.5888889,0.5130952,0.4676191,0.4174603,0.4054422,0.4047619,0.426455,0.4088095,0.4625541,0.4240079,,,,,,,,,,,,,0.47937,0.6333333,0.4047619,0.2285714
4.0,Tiffany & Krista,TARUS27,5.27273,293.0,10.0,8.0,8.0,8.0,7.4,6.5,6.0,5.875,5.6666667,5.4,5.2727273,,,,,,,,,,,,,,6.91949,10.0,5.2727273,4.7272727,,0.33618,,0.1,0.2722222,0.2231481,0.1673611,0.2196032,0.3218915,0.3711451,0.349752,0.3553351,0.3698016,0.3361833,,,,,,,,,,,,,,0.28059,0.3711451,0.1,0.2711451
5.0,Denise & James Earl,TARUS27,4.3,294.0,4.0,3.5,4.3333333,4.0,3.4,4.0,4.2857143,4.125,4.2222222,4.3,,,,,,,,,,,,,,,4.01663,4.3333333,3.4,0.9333333,,0.45338,,0.7,0.7388889,0.6175926,0.6417659,0.7134127,0.5945106,0.53339,0.5417163,0.5037478,0.453373,,,,,,,,,,,,,,,0.60384,0.7388889,0.453373,0.2855159
6.0,Tanner & Josh,TARUS27,3.22222,295.0,1.0,1.5,1.3333333,1.5,1.8,2.1666667,2.4285714,2.875,3.2222222,,,,,,,,,,,,,,,,1.98064,3.2222222,1.0,2.2222222,,0.6067,,1.0,0.9444444,0.962963,0.9365079,0.8920635,0.8267196,0.7800454,0.6825397,0.6067019,,,,,,,,,,,,,,,,0.848,1.0,0.6067019,0.3932981
7.0,Cindy & Rick,TARUS27,5.57143,296.0,3.0,4.0,5.0,5.0,5.4,5.3333333,5.5714286,,,,,,,,,,,,,,,,,,4.75782,5.5714286,3.0,2.5714286,,0.35863,,0.8,0.6777778,0.5351852,0.5085317,0.4353968,0.4183862,0.3586168,,,,,,,,,,,,,,,,,,0.53341,0.8,0.3586168,0.4413832
8.0,Jazmine & Danielle,TARUS27,5.8,297.0,2.0,5.0,4.6666667,5.25,5.8,,,,,,,,,,,,,,,,,,,,4.54333,5.8,2.0,3.8,,0.37802,,0.9,0.5611111,0.5824074,0.4725198,0.3780159,,,,,,,,,,,,,,,,,,,,0.57881,0.9,0.3780159,0.5219841
9.0,Ernest & Jin,TARUS27,8.33333,298.0,7.0,8.0,8.3333333,,,,,,,,,,,,,,,,,,,,,,7.77778,8.3333333,7.0,1.3333333,,0.17037,,0.4,0.2555556,0.1703704,,,,,,,,,,,,,,,,,,,,,,0.27531,0.4,0.1703704,0.2296296
10.0,Alex & Adam,TARUS27,8.0,299.0,6.0,8.0,,,,,,,,,,,,,,,,,,,,,,,7.0,8.0,6.0,2.0,,0.25,,0.5,0.25,,,,,,,,,,,,,,,,,,,,,,,0.375,0.5,0.25,0.25
11.0,Kelly & Shevonne,TARUS27,11.0,300.0,11.0,,,,,,,,,,,,,,,,,,,,,,,,11.0,11.0,11.0,0.0,,0.0,,0.0,,,,,,,,,,,,,,,,,,,,,,,,0.0,0.0,0.0,0.0
1.0,Dana & Matt,TARUS28,3.16667,301.0,1.0,2.5,3.0,3.0,3.0,3.1666667,3.2857143,3.5,3.5555556,3.5,3.3636364,3.1666667,,,,,,,,,,,,,3.00319,3.5555556,1.0,2.5555556,,0.63314,,1.0,0.85,0.7888889,0.7791667,0.7661905,0.7218254,0.6901361,0.628869,0.6034392,0.5930952,0.5997836,0.6331349,,,,,,,,,,,,,0.72121,1.0,0.5930952,0.4069048
2.0,Sheri & Cole,TARUS28,5.58333,302.0,9.0,8.5,7.6666667,7.5,7.4,7.3333333,7.0,6.875,6.4444444,6.2,5.9090909,5.5833333,,,,,,,,,,,,,7.11766,9.0,5.5833333,3.4166667,,0.27949,,0.2,0.25,0.3148148,0.2986111,0.2674603,0.2228836,0.2386621,0.2088294,0.2522928,0.2520635,0.2594517,0.2794974,,,,,,,,,,,,,0.25371,0.3148148,0.2,0.1148148
3.0,Tyler & Korey,TARUS28,2.41667,303.0,2.0,1.5,1.6666667,1.75,1.6,2.3333333,2.8571429,2.875,2.6666667,2.5,2.3636364,2.4166667,,,,,,,,,,,,,2.21076,2.875,1.5,1.375,,0.71644,,0.9,0.95,0.9296296,0.9159722,0.9327778,0.8050926,0.7138889,0.6996528,0.7330247,0.7597222,0.7815657,0.7164352,,,,,,,,,,,,,0.81981,0.95,0.6996528,0.2503472
4.0,Burnie & Ashley,TARUS28,3.27273,304.0,6.0,4.5,4.0,4.0,4.4,4.0,3.7142857,3.5,3.3333333,3.2,3.2727273,,,,,,,,,,,,,,3.99276,6.0,3.2,2.8,,0.63683,,0.5,0.65,0.6925926,0.6756944,0.5976984,0.6369709,0.6650227,0.6818948,0.6950176,0.7005159,0.6368326,,,,,,,,,,,,,,0.64839,0.7005159,0.5,0.2005159
5.0,Brodie & Kurt,TARUS28,2.6,305.0,5.0,3.5,2.6666667,2.25,2.2,2.0,2.1428571,2.0,2.3333333,2.6,,,,,,,,,,,,,,,2.66929,5.0,2.0,3.0,,0.72238,,0.6,0.75,0.8333333,0.875,0.8714286,0.8928571,0.8605442,0.8779762,0.8026455,0.722381,,,,,,,,,,,,,,,0.80862,0.8928571,0.6,0.2928571
6.0,Zach & Rachel,TARUS28,4.66667,306.0,3.0,4.5,6.0,5.75,5.6,5.1666667,4.5714286,4.5,4.6666667,,,,,,,,,,,,,,,,4.86164,6.0,3.0,3.0,,0.4896,,0.8,0.65,0.4703704,0.4777778,0.4679365,0.5010582,0.5723356,0.5507937,0.4895944,,,,,,,,,,,,,,,,0.55332,0.8,0.4679365,0.3320635
7.0,Scott & Blair,TARUS28,7.42857,307.0,11.0,10.0,9.3333333,9.0,8.0,7.5,7.4285714,,,,,,,,,,,,,,,,,,8.89456,11.0,7.4285714,3.5714286,,0.20741,,0.0,0.1,0.1407407,0.1368056,0.2237302,0.2419974,0.2074263,,,,,,,,,,,,,,,,,,0.1501,0.2419974,0.0,0.2419974
8.0,Erin & Joslyn,TARUS28,7.2,308.0,10.0,7.5,7.3333333,7.0,7.2,,,,,,,,,,,,,,,,,,,,7.80667,10.0,7.0,3.0,,0.28166,,0.1,0.35,0.3444444,0.3520833,0.2816667,,,,,,,,,,,,,,,,,,,,0.28564,0.3520833,0.1,0.2520833
9.0,Brittany & Jessica,TARUS28,7.0,309.0,7.0,7.0,6.3333333,7.0,,,,,,,,,,,,,,,,,,,,,6.83333,7.0,6.3333333,0.6666667,,0.3389,,0.4,0.4,0.4518519,0.3388889,,,,,,,,,,,,,,,,,,,,,0.39769,0.4518519,0.3388889,0.112963
10.0,Darius & Cameron,TARUS28,8.0,310.0,4.0,7.0,8.0,,,,,,,,,,,,,,,,,,,,,,6.33333,8.0,4.0,4.0,,0.26667,,0.7,0.4,0.2666667,,,,,,,,,,,,,,,,,,,,,,0.45556,0.7,0.2666667,0.4333333
11.0,Marty & Hagan,TARUS28,9.5,311.0,8.0,9.5,,,,,,,,,,,,,,,,,,,,,,,8.75,9.5,8.0,1.5,,0.15,,0.3,0.15,,,,,,,,,,,,,,,,,,,,,,,0.225,0.3,0.15,0.15
1.0,Brooke & Scott,TARUS29,4.08333,312.0,4.0,5.0,5.3333333,5.75,5.8,5.6666667,5.4285714,5.125,5.0,4.7,4.3636364,4.0833333,,,,,,,,,,,,,5.02088,5.8,4.0,1.8,,0.51353,,0.7,0.5722222,0.5064815,0.4155754,0.3657937,0.3603836,0.3660431,0.3952877,0.3791446,0.4162302,0.4693001,0.5135251,,,,,,,,,,,,,0.455,0.7,0.3603836,0.3396164
2.0,Tara & Joey,TARUS29,3.08333,313.0,6.0,6.5,5.0,4.0,3.4,3.3333333,3.2857143,3.0,3.2222222,3.2,3.1818182,3.0833333,,,,,,,,,,,,,3.93387,6.5,3.0,3.5,,0.60903,,0.5,0.4166667,0.5694444,0.6770833,0.7416667,0.7291667,0.7107143,0.746875,0.6638889,0.6475,0.6189394,0.6090278,,,,,,,,,,,,,0.63591,0.746875,0.4166667,0.3302083
3.0,London & Logan,TARUS29,4.83333,314.0,8.0,8.0,7.0,6.5,6.2,6.1666667,6.0,5.75,5.4444444,5.3,5,4.8333333,,,,,,,,,,,,,6.18287,8.0,4.8333333,3.1666667,,0.33063,,0.3,0.2611111,0.3407407,0.3626984,0.3568254,0.3251323,0.3072562,0.3188492,0.3389771,0.3300794,0.3606782,0.3306217,,,,,,,,,,,,,0.32775,0.3626984,0.2611111,0.1015873
4.0,Matt & Redmond,TARUS29,2.54545,315.0,3.0,3.0,3.3333333,3.5,3.2,3.0,2.7142857,2.625,2.5555556,2.4,2.5454545,,,,,,,,,,,,,,2.8976,3.5,2.4,1.1,,0.72644,,0.8,0.7888889,0.7342593,0.6935516,0.7215079,0.7401455,0.7772676,0.7801091,0.7767637,0.7990873,0.726443,,,,,,,,,,,,,,0.758,0.8,0.6935516,0.1064484
5.0,Becca & Floyd,TARUS29,3.4,316.0,2.0,3.5,5.0,4.25,4.0,3.5,3.2857143,3.5,3.2222222,3.4,,,,,,,,,,,,,,,3.56579,5.0,2.0,3.0,,0.61044,,0.9,0.7277778,0.5268519,0.6094246,0.620873,0.6840608,0.7006236,0.6380456,0.6782628,0.6104365,,,,,,,,,,,,,,,0.66964,0.9,0.5268519,0.3731481
6.0,Liz & Michael,TARUS29,4.75,317.0,10.0,5.5,4.0,3.75,4.4,4.3333333,4.5714286,4.75,,,,,,,,,,,,,,,,,5.1631,10.0,3.75,6.25,,0.41429,,0.1,0.55,0.7,0.7035714,0.5628571,0.552381,0.4734694,0.4142857,,,,,,,,,,,,,,,,,0.50707,0.7035714,0.1,0.6035714
7.0,Vanck & Ashton,TARUS29,4.83333,318.0,7.0,4.5,4.0,4.5,4.4,4.8333333,,,,,,,,,,,,,,,,,,,4.87222,7.0,4.0,3.0,,0.47077,,0.4,0.6444444,0.6796296,0.5811508,0.5649206,0.4707672,,,,,,,,,,,,,,,,,,,0.55682,0.6796296,0.4,0.2796296
8.0,Shamir & Sara,TARUS29,7.25,319.0,5.0,7.0,7.0,7.25,,,,,,,,,,,,,,,,,,,,,6.5625,7.25,5.0,2.25,,0.24028,,0.6,0.3555556,0.3203704,0.2402778,,,,,,,,,,,,,,,,,,,,,0.37905,0.6,0.2402778,0.3597222
9.0,Seth & Olive,TARUS29,4.66667,320.0,1.0,2.5,4.6666667,,,,,,,,,,,,,,,,,,,,,,2.72222,4.6666667,1.0,3.6666667,,0.55557,,1.0,0.8333333,0.5555556,,,,,,,,,,,,,,,,,,,,,,0.7963,1.0,0.5555556,0.4444444
10.0,Jessie & Francesca,TARUS29,9.5,321.0,9.0,9.5,,,,,,,,,,,,,,,,,,,,,,,9.25,9.5,9.0,0.5,,0.1,,0.2,0.1,,,,,,,,,,,,,,,,,,,,,,,0.15,0.2,0.1,0.1
11.0,Kevin & Jenn,TARUS29,11.0,322.0,11.0,,,,,,,,,,,,,,,,,,,,,,,,11.0,11.0,11.0,0.0,,0.0,,0.0,,,,,,,,,,,,,,,,,,,,,,,,0.0,0.0,0.0,0.0
1.0,Cody & Jessica,TARUS30,3.27273,323.0,2.0,1.5,2.6666667,2.5,3.2,3.6666667,3.6666667,3.8571429,3.875,3.6666667,3.5,3.2727273,,,,,,,,,,,,,3.11429,3.875,1.5,2.375,,0.59189,,0.9,0.95,0.8,0.81875,0.7121429,0.6212302,0.6212302,0.5610544,0.5221726,0.5382275,0.5510714,0.5918831,,,,,,,,,,,,,0.68231,0.95,0.5221726,0.4278274
2.0,Henry & Evan,TARUS30,3.54545,324.0,3.0,5.5,4.0,4.5,4.4,4.1666667,4.1666667,4.1428571,4.0,4,3.7,3.5454545,,,,,,,,,,,,,4.09347,5.5,3.0,2.5,,0.54866,,0.8,0.5111111,0.6740741,0.5993056,0.5937302,0.6058862,0.6058862,0.5764739,0.5669147,0.5039242,0.5535317,0.5486652,,,,,,,,,,,,,0.59496,0.8,0.5039242,0.2960758
3.0,Kristi & Jen,TARUS30,2.36364,325.0,1.0,2.0,2.3333333,2.5,2.4,2.1666667,2.1666667,2.1428571,2.125,2.2222222,2.3,2.3636364,,,,,,,,,,,,,2.14337,2.5,1.0,1.5,,0.66832,,1.0,0.8888889,0.8425926,0.8194444,0.8269841,0.8558201,0.8558201,0.8478458,0.8356151,0.779806,0.7351587,0.6683261,,,,,,,,,,,,,0.82969,1.0,0.6683261,0.3316739
4.0,Alex & Conor,TARUS30,3.1,326.0,5.0,5.0,4.0,3.25,3.6,3.6666667,3.6666667,3.5714286,3.25,3,3.1,,,,,,,,,,,,,,3.7368,5.0,3.0,2.0,,0.65592,,0.6,0.5777778,0.6768519,0.7576389,0.6918254,0.6598545,0.6598545,0.6513039,0.6948909,0.7287919,0.6559127,,,,,,,,,,,,,,0.66861,0.7576389,0.5777778,0.1798611
5.0,Lucas & Brittany,TARUS30,5.125,327.0,7.0,6.5,7.0,7.25,6.0,5.8333333,5.8333333,5.1428571,5.125,,,,,,,,,,,,,,,,6.18717,7.25,5.125,2.125,,0.42846,,0.4,0.4222222,0.3231481,0.2736111,0.4188889,0.4046296,0.4046296,0.4896825,0.4284722,,,,,,,,,,,,,,,,0.39614,0.4896825,0.2736111,0.2160714
6.0,Eric & Daniel,TARUS30,6.0,328.0,8.0,8.5,8.0,7.75,6.8,6.0,6.0,6.0,,,,,,,,,,,,,,,,,7.13125,8.5,6.0,2.5,,0.35124,,0.3,0.2055556,0.2203704,0.2277778,0.3250794,0.4097884,0.4097884,0.3512472,,,,,,,,,,,,,,,,,0.3062,0.4097884,0.2055556,0.2042328
7.0,Trevor & Chris,TARUS30,5.16667,329.0,4.0,4.0,4.0,4.25,4.8,5.1666667,,,,,,,,,,,,,,,,,,,4.36944,5.1666667,4.0,1.1666667,,0.4391,,0.7,0.6833333,0.6638889,0.6229167,0.5269048,0.4390873,,,,,,,,,,,,,,,,,,,0.60602,0.7,0.4390873,0.2609127
8.0,Joey & Tim,TARUS30,6.2,330.0,6.0,6.5,6.3333333,5.75,6.2,,,,,,,,,,,,,,,,,,,,6.15667,6.5,5.75,0.75,,0.36666,,0.5,0.4166667,0.4027778,0.4583333,0.3666667,,,,,,,,,,,,,,,,,,,,0.42889,0.5,0.3666667,0.1333333
9.0,Cedric & Shawn,TARUS30,7.25,331.0,9.0,5.5,6.6666667,7.25,,,,,,,,,,,,,,,,,,,,,7.10417,9.0,5.5,3.5,,0.27223,,0.2,0.5444444,0.362963,0.2722222,,,,,,,,,,,,,,,,,,,,,0.34491,0.5444444,0.2,0.3444444
10.0,April & Sarah,TARUS30,10.0,332.0,10.0,10.0,,,,,,,,,,,,,,,,,,,,,,,10.0,10.0,10.0,0.0,,0.05,,0.1,0.05,,,,,,,,,,,,,,,,,,,,,,,0.075,0.1,0.05,0.05
11.0,Dessie & Kayla,TARUS30,11.0,333.0,11.0,,,,,,,,,,,,,,,,,,,,,,,,11.0,11.0,11.0,0.0,,0.0,,0.0,,,,,,,,,,,,,,,,,,,,,,,,0.0,0.0,0.0,0.0
1.0,Colin & Christie,TARUS31,2.41667,334.0,2.0,3.0,3.0,2.5,2.6,2.5,2.4285714,2.5,2.6666667,2.5,2.5454545,2.4166667,,,,,,,,,,,,,2.55478,3.0,2.0,1.0,,0.76012,,0.9,0.7833333,0.7722222,0.8291667,0.8061905,0.8146825,0.8173469,0.7985119,0.7542328,0.7788095,0.7383117,0.760119,,,,,,,,,,,,,0.79608,0.9,0.7383117,0.1616883
2.0,Tyler & Korey,TARUS31,2.75,335.0,3.0,5.0,4.6666667,4.75,4.6,4.0,3.5714286,3.25,3.0,2.9,2.8181818,2.75,,,,,,,,,,,,,3.69219,5.0,2.75,2.25,,0.72887,,0.8,0.5666667,0.5861111,0.5645833,0.5659524,0.6382937,0.689966,0.7287202,0.7588624,0.7579762,0.7496753,0.728869,,,,,,,,,,,,,0.67797,0.8,0.5645833,0.2354167
3.0,Leo & Jamal,TARUS31,4.25,336.0,1.0,1.0,3.3333333,4.0,4.6,4.8333333,4.7142857,4.875,4.8888889,4.7,4.3636364,4.25,,,,,,,,,,,,,3.87987,4.8888889,1.0,3.8888889,,0.44128,,1.0,1.0,0.7083333,0.625,0.5285714,0.4880952,0.4897959,0.4494048,0.4216931,0.4295238,0.4813853,0.4412698,,,,,,,,,,,,,0.58859,1.0,0.4216931,0.5783069
4.0,Nicole & Victor,TARUS31,3.81818,337.0,6.0,4.0,3.3333333,3.0,3.4,3.3333333,3.8571429,4.0,3.7777778,3.8,3.8181818,,,,,,,,,,,,,,3.84725,6.0,3.0,3.0,,0.51501,,0.5,0.6944444,0.7546296,0.7847222,0.7134921,0.7136243,0.611678,0.5768849,0.6016755,0.5665079,0.5150072,,,,,,,,,,,,,,0.63933,0.7847222,0.5,0.2847222
5.0,Becca & Floyd,TARUS31,4.0,338.0,5.0,7.0,5.0,4.75,4.0,4.1666667,4.0,4.0,3.8888889,4,,,,,,,,,,,,,,,4.58056,7.0,3.8888889,3.1111111,,0.55314,,0.6,0.3555556,0.5703704,0.5840278,0.6672222,0.6274471,0.6330499,0.6164187,0.6145944,0.5531349,,,,,,,,,,,,,,,0.58218,0.6672222,0.3555556,0.3116666
6.0,Chris & Bret,TARUS31,5.22222,339.0,7.0,7.5,8.0,6.75,5.8,5.5,5.5714286,5.125,5.2222222,,,,,,,,,,,,,,,,6.27429,8.0,5.125,2.875,,0.4223,,0.4,0.3111111,0.2074074,0.3430556,0.445873,0.4667989,0.4239229,0.4750992,0.4223104,,,,,,,,,,,,,,,,0.3884,0.4750992,0.2074074,0.2676918
7.0,Rachel & Elissa,TARUS31,6.125,340.0,4.0,3.5,4.6666667,5.5,6.0,6.1666667,6.0,6.125,,,,,,,,,,,,,,,,,5.24479,6.1666667,3.5,2.6666667,,0.29113,,0.7,0.7388889,0.5759259,0.4631944,0.3705556,0.3326058,0.3327098,0.291121,,,,,,,,,,,,,,,,,0.47563,0.7388889,0.291121,0.4477679
8.0,Janelle & Britney,TARUS31,6.66667,341.0,8.0,6.5,6.3333333,6.5,6.4,6.6666667,,,,,,,,,,,,,,,,,,,6.73333,8.0,6.3333333,1.6666667,,0.29438,,0.3,0.4277778,0.4101852,0.3701389,0.353254,0.2943783,,,,,,,,,,,,,,,,,,,0.35929,0.4277778,0.2943783,0.1333995
9.0,Corinne & Eliza,TARUS31,7.25,342.0,9.0,7.5,6.6666667,7.25,,,,,,,,,,,,,,,,,,,,,7.60417,9.0,6.6666667,2.3333333,,0.2861,,0.2,0.3222222,0.3814815,0.2861111,,,,,,,,,,,,,,,,,,,,,0.29745,0.3814815,0.2,0.1814815
10.0,Rupert & Laura,TARUS31,10.0,343.0,10.0,10.0,,,,,,,,,,,,,,,,,,,,,,,10.0,10.0,10.0,0.0,,0.05,,0.1,0.05,,,,,,,,,,,,,,,,,,,,,,,0.075,0.1,0.05,0.05
11.0,Art & JJ,TARUS31,11.0,344.0,11.0,,,,,,,,,,,,,,,,,,,,,,,,11.0,11.0,11.0,0.0,,0.0,,0.0,,,,,,,,,,,,,,,,,,,,,,,,0.0,0.0,0.0,0.0
1.0,Will & James,TARUS32,2.58333,345.0,4.0,5.0,3.6666667,3.0,3.2,3.3333333,3.0,3.0,2.8888889,2.8,2.7272727,2.5833333,,,,,,,,,,,,,3.26662,5.0,2.5833333,2.4166667,,0.75271,,0.7,0.5722222,0.7148148,0.7861111,0.7431746,0.7026455,0.7451247,0.7269841,0.735097,0.7365873,0.7302309,0.7527116,,,,,,,,,,,,,0.72048,0.7861111,0.5722222,0.2138889
2.0,Hung & Chee,TARUS32,2.83333,346.0,1.0,1.0,1.3333333,2.5,2.4,2.5,2.5714286,2.75,2.8888889,2.9,2.9090909,2.8333333,,,,,,,,,,,,,2.29884,2.9090909,1.0,1.9090909,,0.62371,,1.0,1.0,0.9583333,0.7901786,0.8035714,0.780754,0.7644558,0.7188988,0.6834656,0.665119,0.6349567,0.6237103,,,,,,,,,,,,,0.78529,1.0,0.6237103,0.3762897
3.0,Riley & Maddison,TARUS32,2.16667,347.0,3.0,3.0,3.3333333,3.5,3.0,2.8333333,2.7142857,2.5,2.3333333,2.2,2.0909091,2.1666667,,,,,,,,,,,,,2.72266,3.5,2.0909091,1.4090909,,0.78673,,0.8,0.7888889,0.7342593,0.6935516,0.7548413,0.7679233,0.7772676,0.8051091,0.8267637,0.8440873,0.8582612,0.7867394,,,,,,,,,,,,,0.78647,0.8582612,0.6935516,0.1647096
4.0,Gary & DeAngelo,TARUS32,4.27273,348.0,10.0,6.0,5.6666667,6.0,5.8,5.0,4.8571429,4.5,4.3333333,4.3,4.2727273,,,,,,,,,,,,,,5.5209,10.0,4.2727273,5.7272727,,0.47367,,0.1,0.4944444,0.4962963,0.4079365,0.4120635,0.5100529,0.5086168,0.5450397,0.5511464,0.5210317,0.4736652,,,,,,,,,,,,,,0.45639,0.5511464,0.1,0.4511464
5.0,Eswar & Aparna,TARUS32,5.4,349.0,7.0,5.5,5.6666667,5.5,5.6,5.5,5.5714286,5.5,5.4444444,5.4,,,,,,,,,,,,,,,5.66825,7.0,5.4,1.6,,0.3056,,0.4,0.5333333,0.4805556,0.4675595,0.4311905,0.414881,0.3794218,0.356994,0.3395503,0.3055952,,,,,,,,,,,,,,,0.41091,0.5333333,0.3055952,0.2277381
6.0,Kaylynn & Haley,TARUS32,6.44444,350.0,8.0,8.0,6.3333333,6.75,6.8,6.8333333,6.5714286,6.5,6.4444444,,,,,,,,,,,,,,,,6.91473,8.0,6.3333333,1.6666667,,0.19427,,0.3,0.2611111,0.4240741,0.3180556,0.2830159,0.2358466,0.2497732,0.2185516,0.1942681,,,,,,,,,,,,,,,,0.27608,0.4240741,0.1942681,0.229806
7.0,Leo & Alana,TARUS32,5.71429,351.0,6.0,6.5,7.0,6.0,5.4,5.5,5.7142857,,,,,,,,,,,,,,,,,,6.01633,7.0,5.4,1.6,,0.3648,,0.5,0.4166667,0.3194444,0.4181548,0.477381,0.4255952,0.3647959,,,,,,,,,,,,,,,,,,0.41743,0.5,0.3194444,0.1805556
8.0,Michelle & Victoria,TARUS32,4.8,352.0,2.0,3.5,4.6666667,4.0,4.8,,,,,,,,,,,,,,,,,,,,3.79333,4.8,2.0,2.8,,0.51254,,0.9,0.7277778,0.5685185,0.6406746,0.5125397,,,,,,,,,,,,,,,,,,,,0.6699,0.9,0.5125397,0.3874603
9.0,Jerry & Frank,TARUS32,7.66667,353.0,5.0,7.0,7.6666667,,,,,,,,,,,,,,,,,,,,,,6.55556,7.6666667,5.0,2.6666667,,0.23703,,0.6,0.3555556,0.237037,,,,,,,,,,,,,,,,,,,,,,0.39753,0.6,0.237037,0.362963
10.0,Kellie & LaVonne,TARUS32,9.5,354.0,9.0,9.5,,,,,,,,,,,,,,,,,,,,,,,9.25,9.5,9.0,0.5,,0.1,,0.2,0.1,,,,,,,,,,,,,,,,,,,,,,,0.15,0.2,0.1,0.1
11.0,Nathan & Cody,TARUS32,11.0,355.0,11.0,,,,,,,,,,,,,,,,,,,,,,,,11.0,11.0,11.0,0.0,,0.0,,0.0,,,,,,,,,,,,,,,,,,,,,,,,0.0,0.0,0.0,0.0
1.0,Kim & Penn,TARUS33,2.09091,356.0,4.0,4.5,3.3333333,3.0,3.0,2.6666667,2.4285714,2.25,2.2222222,2.2,2.0909091,,,,,,,,,,,,,,2.88106,4.5,2.0909091,2.4090909,,0.8202,,0.7,0.6277778,0.7518519,0.7722222,0.7377778,0.7814815,0.8126984,0.8361111,0.817284,0.8022222,0.820202,,,,,,,,,,,,,,0.76906,0.8361111,0.6277778,0.2083333
2.0,Raquel & Cayla,TARUS33,2.72727,357.0,3.0,3.5,4.3333333,4.0,4.0,3.6666667,3.4285714,3.25,3.0,2.8,2.7272727,,,,,,,,,,,,,,3.4278,4.3333333,2.7272727,1.6060606,,0.70707,,0.8,0.7333333,0.637037,0.6444444,0.5955556,0.6296296,0.6468254,0.6597222,0.6975309,0.7277778,0.7070707,,,,,,,,,,,,,,0.6799,0.8,0.5955556,0.2044444
3.0,Ryan & Dusty,TARUS33,2.36364,358.0,2.0,1.5,1.6666667,1.5,1.4,1.6666667,1.8571429,2.0,2.2222222,2.3,2.3636364,,,,,,,,,,,,,,1.86148,2.3636364,1.4,0.9636364,,0.61111,,0.9,0.95,0.9296296,0.9472222,0.9577778,0.8981481,0.8412698,0.7986111,0.7098765,0.6722222,0.6111111,,,,,,,,,,,,,,0.83781,0.9577778,0.6111111,0.3466667
4.0,Arun & Natalia,TARUS33,5.4,359.0,9.0,6.0,7.3333333,7.0,6.8,6.3333333,6.1428571,5.875,5.5555556,5.4,,,,,,,,,,,,,,,6.54401,9.0,5.4,3.6,,0.21278,,0.2,0.4888889,0.3259259,0.2861111,0.2288889,0.2574074,0.2206349,0.2243056,0.2364198,0.2127778,,,,,,,,,,,,,,,0.26814,0.4888889,0.2,0.2888889
5.0,Lulu & Lala,TARUS33,5.875,360.0,10.0,10.0,9.0,7.75,6.6,6.3333333,6.0,5.875,,,,,,,,,,,,,,,,,7.69479,10.0,5.875,4.125,,0.27292,,0.1,0.05,0.1444444,0.2333333,0.3466667,0.3222222,0.3119048,0.2729167,,,,,,,,,,,,,,,,,0.22269,0.3466667,0.05,0.2966667
6.0,Akbar & Sheri,TARUS33,6.5,361.0,6.0,7.0,7.6666667,7.0,6.6,6.5,,,,,,,,,,,,,,,,,,,6.79444,7.6666667,6.0,1.6666667,,0.22778,,0.5,0.3611111,0.2777778,0.2916667,0.2733333,0.2277778,,,,,,,,,,,,,,,,,,,0.32194,0.5,0.2277778,0.2722222
7.0,Michael & Moe,TARUS33,9.0,362.0,11.0,,,9.0,,,,,,,,,,,,,,,,,,,,,10.0,11.0,9.0,2.0,,0.0,,0.0,,,0.0,,,,,,,,,,,,,,,,,,,,,0.0,0.0,0.0,0.0
8.0,Anthony & Spencer,TARUS33,3.66667,363.0,1.0,4.0,3.6666667,,,,,,,,,,,,,,,,,,,,,,2.88889,4.0,1.0,3.0,,0.7037,,1.0,0.6666667,0.7037037,,,,,,,,,,,,,,,,,,,,,,0.79012,1.0,0.6666667,0.3333333
9.0,Connie & Sam,TARUS33,4.33333,364.0,7.0,4.5,4.3333333,,,,,,,,,,,,,,,,,,,,,,5.27778,7.0,4.3333333,2.6666667,,0.65185,,0.4,0.6444444,0.6518519,,,,,,,,,,,,,,,,,,,,,,0.56543,0.6518519,0.4,0.2518519
10.0,Caro & Ray,TARUS33,5.33333,365.0,5.0,5.5,5.3333333,,,,,,,,,,,,,,,,,,,,,,5.27778,5.5,5.0,0.5,,0.53333,,0.6,0.5222222,0.5333333,,,,,,,,,,,,,,,,,,,,,,0.55185,0.6,0.5222222,0.0777778
11.0,Taylor & Isaiah,TARUS33,8.33333,366.0,8.0,8.5,8.3333333,,,,,,,,,,,,,,,,,,,,,,8.27778,8.5,8.0,0.5,,0.21111,,0.3,0.2055556,0.2111111,,,,,,,,,,,,,,,,,,,,,,0.23889,0.3,0.2055556,0.0944444
1.0,Derek & Claire,TARUS34,2.83333,367.0,1.0,2.5,3.66667,4.5,4.0,4.0,3.85714,3.5,3.22222,3.2,3,2.83333,,,,,,,,,,,,,3.27328,4.5,1.0,3.5,,0.75757,,1.0,0.85,0.7148148,0.6194444,0.6705556,0.6540344,0.655839,0.6988591,0.7323192,0.7090873,0.7355339,0.7575728,,,,,,,,,,,,,0.73317,1.0,0.6194444,0.3805556
2.0,Emily & Molly,TARUS34,3.66667,368.0,5.0,6.0,4.66667,3.75,4.0,4.33333,4.0,3.875,3.88889,3.9,3.81818,3.66667,,,,,,,,,,,,,4.24156,6.0,3.66667,2.33333,,0.5398,,0.63636,0.5181818,0.6417508,0.7313131,0.6850505,0.6184945,0.6491857,0.6430375,0.5993667,0.56443,0.5434212,0.5398028,,,,,,,,,,,,,0.6142,0.7313131,0.5181818,0.2131313
3.0,Luis & Michelle,TARUS34,3.33333,369.0,10.0,7.5,6.33333,5.75,4.8,4.16667,4.14286,3.875,3.77778,3.5,3.36364,3.33333,,,,,,,,,,,,,5.04522,10.0,3.33333,6.66667,,0.63182,,0.18182,0.3909091,0.4828283,0.5287879,0.6230303,0.6858586,0.6593074,0.6768939,0.6572391,0.6915152,0.6892562,0.6318182,,,,,,,,,,,,,0.57494,0.6915152,0.18182,0.5096952
4.0,Aubrey & David,TARUS34,5.18182,370.0,11.0,9.5,7.33333,7.0,7.2,6.33333,6.28571,6.125,5.66667,5.3,5.18182,,,,,,,,,,,,,,6.99326,11.0,5.18182,5.81818,,0.40563,,0.09091,0.1954545,0.3895623,0.4032828,0.3476263,0.4325457,0.394563,0.3702426,0.4124379,0.4461941,0.405631,,,,,,,,,,,,,,0.3535,0.4461941,0.09091,0.3552841
5.0,Marcus & Michael,TARUS34,3.3,371.0,6.0,3.5,2.66667,2.5,2.6,3.0,2.71429,2.875,3.11111,3.3,,,,,,,,,,,,,,,3.22671,6.0,2.5,3.5,,0.60129,,0.54545,0.7727273,0.8484849,0.8585859,0.8368687,0.7688191,0.801845,0.7516144,0.6681017,0.6012915,,,,,,,,,,,,,,,0.74538,0.8585859,0.54545,0.3131359
6.0,Quinton & Mattie,TARUS34,5.75,372.0,3.0,6.5,7.0,6.5,6.4,5.83333,5.71429,5.75,,,,,,,,,,,,,,,,,5.8372,7.0,3.0,4.0,,0.38982,,0.81818,0.4590909,0.3801347,0.4239899,0.4141919,0.4642076,0.4455112,0.3898223,,,,,,,,,,,,,,,,,0.47439,0.81818,0.3801347,0.4380453
7.0,Glenda & Lumumba,TARUS34,6.14286,373.0,2.0,2.0,4.66667,5.5,5.8,6.0,6.14286,,,,,,,,,,,,,,,,,,4.58708,6.14286,2.0,4.14286,,0.34631,,0.90909,0.9045455,0.6030303,0.5078283,0.4562626,0.4040284,0.34631,,,,,,,,,,,,,,,,,,0.59016,0.90909,0.34631,0.56278
8.0,Abby & Will,TARUS34,6.0,374.0,8.0,7.0,7.0,6.0,5.6,6.0,,,,,,,,,,,,,,,,,,,6.6,8.0,5.6,2.4,,0.43329,,0.36364,0.4318182,0.3989899,0.4936869,0.5199495,0.4332912,,,,,,,,,,,,,,,,,,,0.44023,0.5199495,0.36364,0.1563095
9.0,Linton & Sharik,TARUS34,6.0,375.0,4.0,3.5,4.0,5.25,6.0,,,,,,,,,,,,,,,,,,,,4.55,6.0,3.5,2.5,,0.43879,,0.72727,0.7636364,0.6942761,0.5484849,0.4387879,,,,,,,,,,,,,,,,,,,,0.63449,0.7636364,0.4387879,0.3248485
10.0,Rich & Dom,TARUS34,9.25,376.0,9.0,9.0,9.0,9.25,,,,,,,,,,,,,,,,,,,,,9.0625,9.25,9.0,0.25,,0.14596,,0.27273,0.2363636,0.1946128,0.1459596,,,,,,,,,,,,,,,,,,,,,0.21242,0.27273,0.1459596,0.1267704
11.0,Tim & Rex,TARUS34,9.0,377.0,7.0,9.0,,,,,,,,,,,,,,,,,,,,,,,8.0,9.0,7.0,2.0,,0.22727,,0.45455,0.2272727,,,,,,,,,,,,,,,,,,,,,,,0.34091,0.45455,0.2272727,0.2272773
12.0,Aastha & Nina,TARUS34,12.0,378.0,12.0,,,,,,,,,,,,,,,,,,,,,,,,12.0,12.0,12.0,0.0,,0.0,,0.0,,,,,,,,,,,,,,,,,,,,,,,,0.0,0.0,0.0,0.0
1.0,Greg & John,TARUS35,2.75,379.0,3.0,3.0,4.66667,5.5,4.8,4.16667,3.71429,3.375,3.11111,3,2.90909,2.75,,,,,,,,,,,,,3.66607,5.5,2.75,2.75,,0.79642,,0.8333333,0.8257576,0.6505051,0.5628788,0.6280808,0.6900673,0.7343434,0.7675505,0.7933782,0.7890404,0.7779155,0.7964226,,,,,,,,,,,,,0.73744,0.8333333,0.5628788,0.2704545
2.0,Joel & Garrett,TARUS35,4.33333,380.0,7.0,8.0,6.0,6.75,6.0,5.5,5.71429,5.5,5.11111,4.7,4.54545,4.33333,,,,,,,,,,,,,5.76285,8.0,4.33333,3.66667,,0.55639,,0.5,0.3863636,0.5575758,0.4681818,0.530101,0.5667508,0.5061946,0.5054203,0.5381514,0.5843362,0.5615178,0.5563913,,,,,,,,,,,,,0.52175,0.5843362,0.3863636,0.1979726
3.0,Rob & Corey,TARUS35,3.16667,381.0,2.0,2.0,2.33333,3.0,3.6,3.33333,3.42857,3.375,3.44444,3.4,3.18182,3.16667,,,,,,,,,,,,,3.02193,3.6,2.0,1.6,,0.64027,,0.9166667,0.9128788,0.8752525,0.8064394,0.7340404,0.7575337,0.7309472,0.7229122,0.687033,0.6683297,0.6984816,0.6402748,,,,,,,,,,,,,0.76257,0.9166667,0.6402748,0.2763919
4.0,Steve & Anna Leigh,TARUS35,4.09091,382.0,6.0,6.0,4.33333,3.75,3.2,3.83333,4.0,4.25,4.11111,4.1,4.09091,,,,,,,,,,,,,,4.33352,6.0,3.2,2.8,,0.52037,,0.5833333,0.5643939,0.709596,0.757197,0.8057576,0.7131313,0.6724799,0.6092532,0.6082251,0.5724026,0.520366,,,,,,,,,,,,,,0.64692,0.8057576,0.520366,0.2853916
5.0,Todd & Ashlie,TARUS35,4.2,383.0,5.0,5.0,4.66667,4.25,4.4,4.5,4.28571,4.0,4.11111,4.2,,,,,,,,,,,,,,,4.44135,5.0,4.0,1.0,,0.56062,,0.6666667,0.6515152,0.6676768,0.7007576,0.6717172,0.6430976,0.6532674,0.6757756,0.6229117,0.5606205,,,,,,,,,,,,,,,0.6514,0.7007576,0.5606205,0.1401371
6.0,Robbin & Chelsea,TARUS35,6.22222,384.0,11.0,11.0,9.0,7.0,7.0,7.16667,6.42857,6.25,6.22222,,,,,,,,,,,,,,,,7.89638,11.0,6.22222,4.77778,,0.3896,,0.1666667,0.1287879,0.2858586,0.4643939,0.4381818,0.3859848,0.4532931,0.4382982,0.3895984,,,,,,,,,,,,,,,,0.35012,0.4643939,0.1287879,0.335606
7.0,Morgan & Lena,TARUS35,6.25,385.0,4.0,4.0,4.66667,6.0,6.6,6.16667,6.14286,6.25,,,,,,,,,,,,,,,,,5.47828,6.6,4.0,2.6,,0.38739,,0.75,0.7386364,0.6590909,0.5193182,0.4376768,0.4688973,0.4427283,0.3873873,,,,,,,,,,,,,,,,,0.55047,0.75,0.3873873,0.3626127
8.0,Andrea & Malaina,TARUS35,7.71429,386.0,10.0,10.0,9.66667,9.0,8.0,7.66667,7.71429,,,,,,,,,,,,,,,,,,8.86395,10.0,7.66667,2.33333,,0.29621,,0.25,0.2159091,0.2106061,0.2579545,0.339697,0.3455808,0.2962121,,,,,,,,,,,,,,,,,,0.27371,0.3455808,0.2106061,0.1349747
9.0,Liam & Yeremi,TARUS35,8.33333,387.0,8.0,8.0,9.0,8.25,8.2,8.33333,,,,,,,,,,,,,,,,,,,8.29722,9.0,8.0,1.0,,0.25042,,0.4166667,0.3901515,0.260101,0.3200758,0.3005051,0.2504209,,,,,,,,,,,,,,,,,,,0.32299,0.4166667,0.2504209,0.1662458
10.0,Joe & Ian,TARUS35,7.4,388.0,9.0,8.0,7.66667,6.75,7.4,,,,,,,,,,,,,,,,,,,,7.76333,9.0,6.75,2.25,,0.37758,,0.3333333,0.3939394,0.3959596,0.4719697,0.3775758,,,,,,,,,,,,,,,,,,,,0.39456,0.4719697,0.3333333,0.1386364
11.0,Jocelyn & Victor,TARUS35,5.75,389.0,1.0,1.0,4.0,5.75,,,,,,,,,,,,,,,,,,,,,2.9375,5.75,1.0,4.75,,0.525,,1.0,1.0,0.7,0.525,,,,,,,,,,,,,,,,,,,,,0.80625,1.0,0.525,0.475
12.0,Elizabeth & Iliana,TARUS35,12.0,390.0,12.0,12.0,,,,,,,,,,,,,,,,,,,,,,,12.0,12.0,12.0,0.0,,0.04167,,0.0833333,0.0416667,,,,,,,,,,,,,,,,,,,,,,,0.0625,0.0833333,0.0416667,0.0416666
13.0,Alexandra & Sheridan,TARUS35,13.0,391.0,13.0,,,,,,,,,,,,,,,,,,,,,,,,13.0,13.0,13.0,0.0,,0.0,,0.0,,,,,,,,,,,,,,,,,,,,,,,,0.0,0.0,0.0,0.0
1.0,Ricky & Cesar,TARUS36,1.5,392.0,2.0,2.0,1.66667,1.5,1.4,1.5,1.57143,1.5,1.44444,1.4,1.54545,1.5,,,,,,,,,,,,,1.58567,2.0,1.4,0.6,,0.90611,,0.91666667,0.91287879,0.94192,0.95644,0.96515,0.94715,0.93429,0.94251,0.94889,0.954,0.89758,0.90611,,,,,,,,,,,,,0.9353,0.96515,0.89758,0.06757
2.0,Juan & Shane,TARUS36,3.0,393.0,4.0,4.0,4.0,4.25,3.8,3.33333,3.0,3.375,3.22222,3.2,3.09091,3.0,,,,,,,,,,,,,3.52262,4.25,3.0,1.25,,0.68676,,0.75,0.738636365,0.72576,0.68321,0.72157,0.76797,0.80112,0.72181,0.7305,0.70745,0.70374,0.68676,,,,,,,,,,,,,0.72821,0.80112,0.68321,0.11791
3.0,Rod & Leticia,TARUS36,3.16667,394.0,1.0,1.0,2.33333,2.75,3.2,3.5,3.42857,3.375,3.55556,3.4,3.18182,3.16667,,,,,,,,,,,,,2.82425,3.55556,1.0,2.55556,,0.62718,,1.0,1.0,0.86667,0.81667,0.75333,0.69921,0.70136,0.69702,0.6418,0.65262,0.6842,0.62718,,,,,,,,,,,,,0.76167,1.0,0.62718,0.37282
4.0,Amber & Vinny,TARUS36,4.36364,395.0,12.0,9.5,7.0,5.75,5.2,4.83333,4.71429,4.625,4.44444,4.4,4.36364,,,,,,,,,,,,,,6.07552,12.0,4.36364,7.63636,,0.51932,,0.08333333,0.26893939,0.47929,0.58169,0.61535,0.63184,0.62321,0.60781,0.60694,0.57125,0.51932,,,,,,,,,,,,,,0.50809,0.63184,0.08333333,0.54850667
5.0,Yvonne & Melissa,TARUS36,5.6,396.0,6.0,5.5,5.66667,6.0,6.0,6.0,6.0,5.875,5.66667,5.6,,,,,,,,,,,,,,,5.83083,6.0,5.5,0.5,,0.37328,,0.58333333,0.609848485,0.57323,0.51326,0.48561,0.45229,0.42849,0.4166,0.41475,0.37328,,,,,,,,,,,,,,,0.48507,0.609848485,0.37328,0.236568485
6.0,Angie & Danny,TARUS36,5.11111,397.0,7.0,6.5,7.33333,6.25,5.8,5.5,5.42857,5.0,5.11111,,,,,,,,,,,,,,,,5.99145,7.33333,5.0,2.33333,,0.49795,,0.5,0.522727275,0.41515,0.50581,0.52965,0.53661,0.52118,0.5602,0.49795,,,,,,,,,,,,,,,,0.50992,0.5602,0.41515,0.14505
7.0,Sunny & Bizzy,TARUS36,7.625,398.0,9.0,9.0,8.33333,8.25,8.0,7.83333,7.71429,7.625,,,,,,,,,,,,,,,,,8.21949,9.0,7.625,1.375,,0.2205,,0.33333333,0.3030303,0.33535,0.30707,0.29566,0.27019,0.252,0.2205,,,,,,,,,,,,,,,,,0.28964,0.33535,0.2205,0.11485
8.0,Derek & Shelisa,TARUS36,5.57143,399.0,3.0,3.0,3.0,3.75,4.6,5.16667,5.57143,,,,,,,,,,,,,,,,,,4.01259,5.57143,3.0,2.57143,,0.43157,,0.83333333,0.825757575,0.81717,0.72399,0.60419,0.50349,0.43157,,,,,,,,,,,,,,,,,,0.67707,0.83333333,0.43157,0.40176333
9.0,Kishori & Karishma,TARUS36,9.2,400.0,10.0,10.0,9.33333,9.25,9.2,,,,,,,,,,,,,,,,,,,,9.55667,10.0,9.2,0.8,,0.16859,,0.25,0.21590909,0.24394,0.21073,0.16859,,,,,,,,,,,,,,,,,,,,0.21783,0.25,0.16859,0.08141
10.0,Michelle & Sean,TARUS36,9.0,401.0,5.0,8.0,8.66667,9.0,,,,,,,,,,,,,,,,,,,,,7.66667,9.0,5.0,4.0,,0.21439,,0.66666667,0.37878788,0.28586,0.21439,,,,,,,,,,,,,,,,,,,,,0.38643,0.66666667,0.21439,0.45227667
11.0,Anthony & Bailey,TARUS36,9.0,402.0,8.0,8.0,9.0,,,,,,,,,,,,,,,,,,,,,,8.33333,9.0,8.0,1.0,,0.2601,,0.41666667,0.390151515,0.2601,,,,,,,,,,,,,,,,,,,,,,0.35564,0.41666667,0.2601,0.15656667
12.0,Chris & Mary,TARUS36,11.5,403.0,11.0,11.5,,,,,,,,,,,,,,,,,,,,,,,11.25,11.5,11.0,0.5,,0.08333,,0.16666667,0.083333335,,,,,,,,,,,,,,,,,,,,,,,0.125,0.16666667,0.083333335,0.083333335
13.0,Maya & Rohan,TARUS36,13.0,404.0,13.0,,,,,,,,,,,,,,,,,,,,,,,,13.0,13.0,13.0,0.0,,0.0,,0.0,,,,,,,,,,,,,,,,,,,,,,,,0.0,0.0,0.0,0.0
1.0,Carson & Jack,TARUS37,2.41667,,1.0,2.5,2.33333,2.25,2.2,2.0,2.57143,2.75,2.88889,2.7,2.54545,2.41667,,,,,,,,,,,,,2.34631,2.88889,1.0,1.88889,,0.76732,,1.0,0.863636365,0.87576,0.87904,0.87823,0.89853,0.79398,0.74473,0.68976,0.72078,0.74617,0.76732,,,,,,,,,,,,,0.82149,1.0,0.68976,0.31024
2.0,Han & Holden,TARUS37,5.58333,,12.0,11.5,10.66667,9.5,8.6,7.5,7.0,6.75,6.55556,6.3,5.90909,5.58333,,,,,,,,,,,,,8.15539,12.0,5.58333,6.41667,,0.36358,,0.15384615,0.12237762,0.14825,0.2223,0.27784,0.37439,0.39233,0.36829,0.32737,0.31963,0.35118,0.36358,,,,,,,,,,,,,0.28512,0.39233,0.12237762,0.26995238
3.0,Jonathan & Ana,TARUS37,3.58333,,9.0,5.0,4.33333,3.5,4.4,4.5,4.28571,4.125,3.77778,3.7,3.63636,3.58333,,,,,,,,,,,,,4.48679,9.0,3.5,5.5,,0.56985,,0.38461538,0.69230769,0.72821,0.79615,0.66192,0.62303,0.62926,0.62561,0.66721,0.65049,0.62165,0.56985,,,,,,,,,,,,,0.63753,0.79615,0.38461538,0.41153462
4.0,Alyssa & Josiah,TARUS37,3.45455,,5.0,4.0,5.0,5.0,4.6,4.33333,3.85714,3.625,3.55556,3.4,3.45455,,,,,,,,,,,,,,4.16596,5.0,3.4,1.6,,0.63458,,0.69230769,0.755244755,0.63683,0.61651,0.64321,0.65506,0.70433,0.71629,0.69226,0.69803,0.63458,,,,,,,,,,,,,,0.67679,0.755244755,0.61651,0.138734755
5.0,Brett & Mark,TARUS37,3.8,,2.0,5.5,5.33333,5.75,4.8,4.66667,4.28571,3.875,3.66667,3.8,,,,,,,,,,,,,,,4.36774,5.75,2.0,3.75,,0.62839,,0.92307692,0.597902095,0.5986,0.53228,0.62583,0.61676,0.6477,0.69174,0.69821,0.62839,,,,,,,,,,,,,,,0.65605,0.92307692,0.53228,0.39079692
6.0,Melinda & Erika,TARUS37,6.125,,13.0,9.0,7.33333,6.5,6.4,6.33333,6.14286,6.125,,,,,,,,,,,,,,,,,7.60432,13.0,6.125,6.875,,0.38425,,0.07692308,0.35664336,0.4711,0.51999,0.49099,0.45678,0.43914,0.38425,,,,,,,,,,,,,,,,,0.39948,0.51999,0.07692308,0.44306692
7.0,Nick & Mike,TARUS37,7.57143,,6.0,8.0,8.0,8.0,7.8,7.66667,7.57143,,,,,,,,,,,,,,,,,,7.57687,8.0,6.0,2.0,,0.24461,,0.61538462,0.3986014,0.36573,0.32986,0.31389,0.28538,0.24461,,,,,,,,,,,,,,,,,,0.36478,0.61538462,0.24461,0.37077462
8.0,Pops & Jeff,TARUS37,7.5,,11.0,9.0,8.0,8.25,7.4,7.5,,,,,,,,,,,,,,,,,,,8.525,11.0,7.4,3.6,,0.32024,,0.23076923,0.34265734,0.3951,0.32411,0.38429,0.32024,,,,,,,,,,,,,,,,,,,0.33286,0.3951,0.23076923,0.16433077
9.0,Scott & Lori,TARUS37,5.0,,10.0,6.0,4.33333,4.0,5.0,,,,,,,,,,,,,,,,,,,,5.86667,10.0,4.0,6.0,,0.59891,,0.30769231,0.60839161,0.73893,0.74864,0.59891,,,,,,,,,,,,,,,,,,,,0.60051,0.74864,0.30769231,0.44094769
10.0,Bernie & Carrigain,TARUS37,8.0,,4.0,6.0,7.33333,8.0,,,,,,,,,,,,,,,,,,,,,6.33333,8.0,4.0,4.0,,0.30822,,0.76923077,0.566433565,0.41096,0.30822,,,,,,,,,,,,,,,,,,,,,0.51371,0.76923077,0.30822,0.46101077
11.0,Courtney & Jasmin,TARUS37,8.0,,7.0,6.5,8.0,,,,,,,,,,,,,,,,,,,,,,7.16667,8.0,6.5,1.5,,0.36131,,0.53846154,0.541958045,0.36131,,,,,,,,,,,,,,,,,,,,,,0.48058,0.541958045,0.36131,0.180648045
12.0,Ernest & Bridget,TARUS37,7.5,,3.0,7.5,,,,,,,,,,,,,,,,,,,,,,,5.25,7.5,3.0,4.5,,0.42308,,0.84615385,0.423076925,,,,,,,,,,,,,,,,,,,,,,,0.63462,0.84615385,0.423076925,0.423076925
13.0,Mark & Larry,TARUS37,8.0,,8.0,,,,,,,,,,,,,,,,,,,,,,,,8.0,8.0,8.0,0.0,,0.46154,,0.46153846,,,,,,,,,,,,,,,,,,,,,,,,0.46154,0.46153846,0.46153846,0.0
14.0,Jackye & Lauren,TARUS37,14.0,,14.0,,,,,,,,,,,,,,,,,,,,,,,,14.0,14.0,14.0,0.0,,0.0,,0.0,,,,,,,,,,,,,,,,,,,,,,,,0.0,0.0,0.0,0.0
1.0,Joe Jer & Zabrina,TARAS1,3.76923,405.0,3.0,3.5,4.0,4.5,4.2,4.0,4.2857143,4.375,4.3333333,4.3,4.1818182,4.0,3.7692308,,,,,,,,,,,,4.03424,4.5,3.0,1.5,,0.48548,,0.7777778,0.7222222,0.6481482,0.5575397,0.5888889,0.6018519,0.515873,0.4763889,0.4512346,0.4311111,0.4222222,0.4425926,0.4854701,,,,,,,,,,,,0.54779,0.7777778,0.4222222,0.3555556
2.0,Sandy & Francesca,TARAS1,3.76923,406.0,10.0,9.5,7.0,6.0,5.8,5.0,4.8571429,4.625,4.6666667,4.3,4,3.9166667,3.7692308,,,,,,,,,,,,5.64882,10.0,3.7692308,6.2307692,,0.53556,,0.0,0.0555556,0.3287037,0.4250992,0.4257937,0.5214947,0.5041383,0.516121,0.4587743,0.5128968,0.5571789,0.5385251,0.5355617,,,,,,,,,,,,0.41383,0.5571789,0.0,0.5571789
3.0,Andrew & Syeon,TARAS1,3.46154,407.0,5.0,6.5,7.0,5.5,4.8,4.6666667,4.2857143,4.25,4.0,3.9,3.7272727,3.5,3.4615385,,,,,,,,,,,,4.66086,7.0,3.4615385,3.5384615,,0.56743,,0.5555556,0.3888889,0.3009259,0.4756944,0.5519841,0.5433201,0.5799887,0.5574901,0.5788801,0.5709921,0.5796898,0.6147156,0.5674298,,,,,,,,,,,,0.52812,0.6147156,0.3009259,0.3137897
4.0,Marsio & Mardy,TARAS1,3.58333,408.0,1.0,1.5,3.0,3.25,3.8,4.0,4.1428571,3.75,3.6666667,3.5,3.5454545,3.5833333,,,,,,,,,,,,,3.22819,4.1428571,1.0,3.1428571,,0.49203,,1.0,0.9444444,0.7546296,0.7088294,0.6242064,0.5757275,0.5220522,0.5817956,0.5727072,0.5904365,0.5367605,0.4920304,,,,,,,,,,,,,0.65863,1.0,0.4920304,0.5079696
5.0,Andy & Laura,TARAS1,4.0,409.0,7.0,7.0,7.0,7.0,5.8,5.1666667,4.5714286,4.25,3.8888889,4,,,,,,,,,,,,,,,5.5677,7.0,3.8888889,3.1111111,,0.56928,,0.3333333,0.3333333,0.3055556,0.264881,0.4119048,0.4821429,0.5561224,0.5866071,0.6325397,0.5692857,,,,,,,,,,,,,,,0.44757,0.6325397,0.264881,0.3676587
6.0,Howard & Sahran,TARAS1,5.0,410.0,9.0,6.0,4.3333333,5.25,5.0,5.1666667,4.8571429,5.0,,,,,,,,,,,,,,,,,5.57589,9.0,4.3333333,4.6666667,,0.40338,,0.1111111,0.4444444,0.6296296,0.4722222,0.4920635,0.4378307,0.4609977,0.403373,,,,,,,,,,,,,,,,,0.43146,0.6296296,0.1111111,0.5185185
7.0,Melody & Sharon,TARAS1,5.0,411.0,6.0,5.5,4.6666667,4.0,4.6,5.0,,,,,,,,,,,,,,,,,,,4.96111,6.0,4.0,2.0,,0.45833,,0.4444444,0.5,0.5833333,0.6517857,0.55,0.4583333,,,,,,,,,,,,,,,,,,,0.53132,0.6517857,0.4444444,0.2073413
8.0,Sahil & Prashant,TARAS1,5.2,412.0,8.0,4.5,4.3333333,4.5,5.2,,,,,,,,,,,,,,,,,,,,5.30667,8.0,4.3333333,3.6666667,,0.45516,,0.2222222,0.6111111,0.6157407,0.5689484,0.4551587,,,,,,,,,,,,,,,,,,,,0.49464,0.6157407,0.2222222,0.3935185
9.0,Jacqueline & Aubrey,TARAS1,6.33333,413.0,4.0,5.0,6.3333333,,,,,,,,,,,,,,,,,,,,,,5.11111,6.3333333,4.0,2.3333333,,0.37037,,0.6666667,0.5555556,0.3703704,,,,,,,,,,,,,,,,,,,,,,0.53086,0.6666667,0.3703704,0.2962963
10.0,Ernie & Jeena,TARAS1,6.0,414.0,2.0,6.0,,,,,,,,,,,,,,,,,,,,,,,4.0,6.0,2.0,4.0,,0.44445,,0.8888889,0.4444444,,,,,,,,,,,,,,,,,,,,,,,0.66667,0.8888889,0.4444444,0.4444445
1.0,Adrian & Collin,TARAS2,2.46154,415.0,7.0,6.0,4.6666667,4.0,3.8,3.5,3.2857143,3.125,3.0,2.8,2.6363636,2.5833333,2.4615385,,,,,,,,,,,,3.75836,7.0,2.4615385,4.5384615,,0.78367,,0.3333333,0.4444444,0.587963,0.6552579,0.6575397,0.6868386,0.7030045,0.715129,0.7245591,0.7521032,0.7746393,0.7656415,0.7836691,,,,,,,,,,,,0.66032,0.7836691,0.3333333,0.4503358
2.0,Pamela & Vanessa,TARAS2,4.0,416.0,1.0,2.5,4.0,4.5,5.0,4.8333333,4.5714286,4.625,4.5555556,4.4,4.2727273,4.1666667,4.0,,,,,,,,,,,,4.03267,5.0,1.0,4.0,,0.44121,,1.0,0.8333333,0.6388889,0.5505952,0.4404762,0.4503968,0.4717687,0.4377976,0.4335979,0.4402381,0.445671,0.4363095,0.4412088,,,,,,,,,,,,0.54002,1.0,0.4335979,0.5664021
3.0,Marc & Rovilson,TARAS2,1.46154,417.0,2.0,1.5,1.3333333,1.25,1.4,1.3333333,1.2857143,1.25,1.2222222,1.3,1.3636364,1.3333333,1.4615385,,,,,,,,,,,,1.38716,2.0,1.2222222,0.7777778,,0.86325,,0.8888889,0.9444444,0.962963,0.9722222,0.9444444,0.9537037,0.9603175,0.9652778,0.9691358,0.9472222,0.9292929,0.9351852,0.8632479,,,,,,,,,,,,0.94126,0.9722222,0.8632479,0.1089743
4.0,Diane & Ann,TARAS2,3.5,418.0,3.0,3.0,3.0,3.25,2.8,3.3333333,3.4285714,3.375,3.3333333,3.4,3.4545455,3.5,,,,,,,,,,,,,3.23957,3.5,2.8,0.7,,0.51198,,0.7777778,0.7777778,0.7685185,0.719246,0.7753968,0.6739418,0.6348073,0.6304564,0.6270723,0.5893651,0.5585137,0.5119709,,,,,,,,,,,,,0.6704,0.7777778,0.5119709,0.2658069
5.0,Natasha & Paula,TARAS2,4.36364,419.0,6.0,4.0,4.0,3.75,3.8,4.0,4.1428571,4.125,4.2222222,4.3,4.3636364,,,,,,,,,,,,,,4.24579,6.0,3.75,2.25,,0.39145,,0.4444444,0.6666667,0.6527778,0.6681548,0.6345238,0.5843254,0.5294218,0.513244,0.4784392,0.4305952,0.3914502,,,,,,,,,,,,,,0.54491,0.6681548,0.3914502,0.2767046
6.0,Terri & Henry,TARAS2,6.33333,420.0,9.0,9.0,7.6666667,7.5,7.2,6.5,6.4285714,6.375,6.3333333,,,,,,,,,,,,,,,,7.33373,9.0,6.3333333,2.6666667,,0.18872,,0.1111111,0.1111111,0.2407407,0.2162698,0.2063492,0.2830688,0.2426304,0.2123016,0.1887125,,,,,,,,,,,,,,,,0.20137,0.2830688,0.1111111,0.1719577
7.0,Daichi & Sawaka,TARAS2,6.5,421.0,8.0,8.0,7.3333333,6.75,6.4,6.5,,,,,,,,,,,,,,,,,,,7.16389,8.0,6.4,1.6,,0.26355,,0.2222222,0.2222222,0.2731481,0.312004,0.3162698,0.2635582,,,,,,,,,,,,,,,,,,,0.26824,0.3162698,0.2222222,0.0940476
8.0,Sophie & Aurelia,TARAS2,7.0,422.0,5.0,6.0,6.6666667,7.0,,,,,,,,,,,,,,,,,,,,,6.16667,7.0,5.0,2.0,,0.25348,,0.5555556,0.4444444,0.337963,0.2534722,,,,,,,,,,,,,,,,,,,,,0.39786,0.5555556,0.2534722,0.3020834
9.0,Kinaryosih & Brett,TARAS2,6.33333,423.0,4.0,5.0,6.3333333,,,,,,,,,,,,,,,,,,,,,,5.11111,6.3333333,4.0,2.3333333,,0.37037,,0.6666667,0.5555556,0.3703704,,,,,,,,,,,,,,,,,,,,,,0.53086,0.6666667,0.3703704,0.2962963
10.0,Edwin & Monica,TARAS2,10.0,424.0,10.0,10.0,,,,,,,,,,,,,,,,,,,,,,,10.0,10.0,10.0,0.0,,0.0,,0.0,0.0,,,,,,,,,,,,,,,,,,,,,,,0.0,0.0,0.0,0.0
1.0,Vince & Sam,TARAS3,2.45455,425.0,7.0,5.0,4.0,3.5,3.0,2.6666667,2.5714286,2.75,2.5555556,2.6,2.4545455,,,,,,,,,,,,,,3.46347,7.0,2.4545455,4.5454545,,0.737,,0.3333333,0.5416667,0.6468254,0.6934524,0.7547619,0.7956349,0.7891156,0.7217262,0.7526455,0.7107143,0.737013,,,,,,,,,,,,,,0.67972,0.7956349,0.3333333,0.4623016
2.0,Geoff & Tisha,TARAS3,3.09091,426.0,2.0,3.5,4.0,4.5,4.4,4.1666667,3.7142857,3.375,3.3333333,3.2,3.0909091,,,,,,,,,,,,,,3.57093,4.5,2.0,2.5,,0.58038,,0.8888889,0.6944444,0.6058201,0.4960317,0.4768254,0.4806878,0.5548753,0.6105159,0.5797178,0.5884127,0.5803752,,,,,,,,,,,,,,0.59605,0.8888889,0.4768254,0.4120635
3.0,Ida & Tania,TARAS3,3.54545,427.0,5.0,5.5,4.6666667,3.75,4.0,4.1666667,4.2857143,4.125,3.8888889,3.6,3.5454545,,,,,,,,,,,,,,4.22985,5.5,3.5454545,1.9545455,,0.4556,,0.5555556,0.4652778,0.5482804,0.6612103,0.5689683,0.4741402,0.4064059,0.4181052,0.4457231,0.5011508,0.4555916,,,,,,,,,,,,,,0.50004,0.6612103,0.4064059,0.2548044
4.0,A.D. & Fuzzie,TARAS3,3.9,428.0,8.0,5.0,4.6666667,4.75,4.4,4.3333333,4.1428571,3.875,3.8888889,3.9,,,,,,,,,,,,,,,4.69567,8.0,3.875,4.125,,0.41019,,0.2222222,0.5486111,0.5562169,0.500496,0.5203968,0.4753307,0.4788549,0.512748,0.455776,0.4101984,,,,,,,,,,,,,,,0.46809,0.5562169,0.2222222,0.3339947
5.0,Henry & Bernie,TARAS3,2.75,429.0,3.0,2.0,1.6666667,2.25,2.2,2.1666667,2.4285714,2.75,,,,,,,,,,,,,,,,,2.30774,3.0,1.6666667,1.3333333,,0.63473,,0.7777778,0.8888889,0.9259259,0.8194444,0.8155556,0.8046296,0.7253968,0.6347222,,,,,,,,,,,,,,,,,0.79904,0.9259259,0.6347222,0.2912037
6.0,Mai & Oliver,TARAS3,4.8,430.0,1.0,4.5,5.0,4.5,4.8,,,,,,,,,,,,,,,,,,,,3.96,5.0,1.0,4.0,,0.41548,,1.0,0.5625,0.4702381,0.5193452,0.4154762,,,,,,,,,,,,,,,,,,,,0.59351,1.0,0.4154762,0.5845238
7.0,Niroo & Kapil,TARAS3,6.75,431.0,9.0,6.5,6.6666667,6.75,,,,,,,,,,,,,,,,,,,,,7.22917,9.0,6.5,2.5,,0.21975,,0.1111111,0.3680556,0.2929894,0.2197421,,,,,,,,,,,,,,,,,,,,,0.24797,0.3680556,0.1111111,0.2569445
8.0,Pailin & Natalie,TARAS3,6.33333,432.0,4.0,5.5,6.3333333,,,,,,,,,,,,,,,,,,,,,,5.27778,6.3333333,4.0,2.3333333,,0.30557,,0.6666667,0.4583333,0.3055556,,,,,,,,,,,,,,,,,,,,,,0.47685,0.6666667,0.3055556,0.3611111
9.0,Isaac & William,TARAS3,7.5,433.0,6.0,7.5,,,,,,,,,,,,,,,,,,,,,,,6.75,7.5,6.0,1.5,,0.2222,,0.4444444,0.2222222,,,,,,,,,,,,,,,,,,,,,,,0.33333,0.4444444,0.2222222,0.2222222
10.0,Neena & Amit,TARAS3,10.0,434.0,10.0,,,,,,,,,,,,,,,,,,,,,,,,10.0,10.0,10.0,0.0,,0.0,,0.0,,,,,,,,,,,,,,,,,,,,,,,,0.0,0.0,0.0,0.0
1.0,Richard & Richard,TARAS4,2.27273,435.0,2.0,2.0,3.3333333,2.75,2.6,2.3333333,2.2857143,2.25,2.4444444,2.4,2.2727273,,,,,,,,,,,,,,2.4245,3.3333333,2.0,1.3333333,,0.77515,,0.8888889,0.8888889,0.7175926,0.7881944,0.8019841,0.8349868,0.8299887,0.8262401,0.7622134,0.7526587,0.7751443,,,,,,,,,,,,,,0.80607,0.8888889,0.7175926,0.1712963
2.0,Claire & Michelle,TARAS4,3.81818,436.0,3.0,5.0,4.6666667,5.25,4.8,4.5,4.2857143,4.25,4.1111111,4,3.8181818,,,,,,,,,,,,,,4.3347,5.25,3.0,2.25,,0.51822,,0.7777778,0.5555556,0.5787037,0.4965278,0.5400794,0.5611772,0.5667234,0.5458829,0.5407848,0.5200397,0.5182179,,,,,,,,,,,,,,0.56377,0.7777778,0.4965278,0.28125
3.0,Hussein & Natasha,TARAS4,4.63636,437.0,9.0,9.0,6.6666667,6.25,6.4,5.6666667,5.7142857,5.625,5.2222222,4.8,4.6363636,,,,,,,,,,,,,,6.27102,9.0,4.6363636,4.3636364,,0.41122,,0.1111111,0.1111111,0.3657407,0.3993056,0.3480159,0.4289021,0.3676304,0.3466766,0.3914903,0.4523413,0.4112193,,,,,,,,,,,,,,0.33941,0.4523413,0.1111111,0.3412302
4.0,Lani & Jess,TARAS4,4.3,438.0,8.0,8.0,7.6666667,6.75,6.4,6.0,5.2857143,4.75,4.3333333,4.3,,,,,,,,,,,,,,,6.14857,8.0,4.3,3.7,,0.5248,,0.2222222,0.2222222,0.2314815,0.3298611,0.3496032,0.3746693,0.4640023,0.531002,0.5831129,0.5248016,,,,,,,,,,,,,,,0.3833,0.5831129,0.2222222,0.3608907
5.0,Khairie & Ethan,TARAS4,3.55556,439.0,1.0,3.0,3.6666667,3.5,3.0,3.3333333,3.4285714,3.375,3.5555556,,,,,,,,,,,,,,,,3.09546,3.6666667,1.0,2.6666667,,0.57099,,1.0,0.7777778,0.6851852,0.7013889,0.7611111,0.6898148,0.6484127,0.6423611,0.5709877,,,,,,,,,,,,,,,,0.71967,1.0,0.5709877,0.4290123
6.0,Dimple & Sunaina,TARAS4,3.875,440.0,4.0,3.5,2.6666667,2.5,2.8,3.3333333,3.5714286,3.875,,,,,,,,,,,,,,,,,3.2808,4.0,2.5,1.5,,0.5322,,0.6666667,0.7222222,0.8148148,0.8298611,0.7781746,0.6762566,0.60822,0.5321925,,,,,,,,,,,,,,,,,0.70355,0.8298611,0.5321925,0.2976686
7.0,Hilda & Ivan,TARAS4,4.83333,441.0,6.0,3.5,3.3333333,4.0,4.4,4.8333333,,,,,,,,,,,,,,,,,,,4.34444,6.0,3.3333333,2.6666667,,0.47585,,0.4444444,0.7222222,0.7314815,0.6423611,0.5710317,0.4758598,,,,,,,,,,,,,,,,,,,0.5979,0.7314815,0.4444444,0.2870371
8.0,Sahil & Manas,TARAS4,7.0,442.0,7.0,5.5,6.3333333,6.75,7.0,,,,,,,,,,,,,,,,,,,,6.51667,7.0,5.5,1.5,,0.25,,0.3333333,0.5,0.375,0.3125,0.25,,,,,,,,,,,,,,,,,,,,0.35417,0.5,0.25,0.25
9.0,Alan & Wendy,TARAS4,7.25,443.0,5.0,5.5,6.6666667,7.25,,,,,,,,,,,,,,,,,,,,,6.10417,7.25,5.0,2.25,,0.25,,0.5555556,0.5,0.3333333,0.25,,,,,,,,,,,,,,,,,,,,,0.40972,0.5555556,0.25,0.3055556
10.0,Nadine & Yani,TARAS4,10.0,444.0,10.0,10.0,,,,,,,,,,,,,,,,,,,,,,,10.0,10.0,10.0,0.0,,0.0,,0.0,0.0,,,,,,,,,,,,,,,,,,,,,,,0.0,0.0,0.0,0.0
1.0,Parul & Maggie,TARAS5,3.8,445.0,7.0,6.5,6.0,5.25,5.0,4.6666667,4.5714286,4.375,4.1111111,3.8,,,,,,,,,,,,,,,5.12742,7.0,3.8,3.2,,0.54346,,0.4,0.3875,0.4011905,0.4794643,0.4835714,0.5029762,0.4668367,0.4709821,0.4927249,0.5434524,,,,,,,,,,,,,,,0.46287,0.5434524,0.3875,0.1559524
2.0,Yvonne & Chloe,TARAS5,3.3,446.0,9.0,5.0,4.3333333,4.5,4.0,3.6666667,3.4285714,3.5,3.4444444,3.3,,,,,,,,,,,,,,,4.4173,9.0,3.3,5.7,,0.58095,,0.2,0.6,0.6380952,0.5857143,0.6352381,0.6626984,0.6751701,0.6220238,0.5899471,0.5809524,,,,,,,,,,,,,,,0.57898,0.6751701,0.2,0.4751701
3.0,Eric & Rona,TARAS5,3.6,447.0,4.0,4.0,4.6666667,4.5,4.2,4.1666667,4.2857143,4.0,3.6666667,3.6,,,,,,,,,,,,,,,4.10857,4.6666667,3.6,1.0666667,,0.49988,,0.7,0.6625,0.5369048,0.5455357,0.5697619,0.5414683,0.4641156,0.4998512,0.5554233,0.499881,,,,,,,,,,,,,,,0.55754,0.7,0.4641156,0.2358844
4.0,Treasuri & Louisa,TARAS5,2.33333,448.0,2.0,2.5,2.0,1.75,1.6,2.1666667,2.2857143,2.125,2.3333333,,,,,,,,,,,,,,,,2.08452,2.5,1.6,0.9,,0.70556,,0.9,0.825,0.8833333,0.9125,0.93,0.8083333,0.7642857,0.79375,0.7055556,,,,,,,,,,,,,,,,0.83586,0.93,0.7055556,0.2244444
5.0,JK & Mike,TARAS5,4.625,449.0,3.0,5.5,6.0,6.25,6.0,5.1666667,4.5714286,4.625,,,,,,,,,,,,,,,,,5.13914,6.25,3.0,3.25,,0.44301,,0.8,0.4625,0.3559524,0.3026786,0.3088095,0.4240079,0.5062925,0.443006,,,,,,,,,,,,,,,,,0.45041,0.8,0.3026786,0.4973214
6.0,Anita & Tom,TARAS5,4.66667,450.0,8.0,5.0,4.6666667,4.0,4.4,4.6666667,,,,,,,,,,,,,,,,,,,5.12222,8.0,4.0,4.0,,0.4617,,0.3,0.5875,0.5821429,0.6508929,0.5540476,0.4617064,,,,,,,,,,,,,,,,,,,0.52271,0.6508929,0.3,0.3508929
7.0,Will & Alex,TARAS5,5.4,451.0,5.0,6.0,4.6666667,5.0,5.4,,,,,,,,,,,,,,,,,,,,5.21333,6.0,4.6666667,1.3333333,,0.39856,,0.6,0.425,0.5690476,0.4982143,0.3985714,,,,,,,,,,,,,,,,,,,,0.49817,0.6,0.3985714,0.2014286
8.0,Rach & Vicky,TARAS5,6.75,452.0,6.0,5.5,6.3333333,6.75,,,,,,,,,,,,,,,,,,,,,6.14583,6.75,5.5,1.25,,0.25,,0.5,0.5,0.3333333,0.25,,,,,,,,,,,,,,,,,,,,,0.39583,0.5,0.25,0.25
9.0,Alphaeus & Brandon,TARAS5,5.0,453.0,1.0,5.0,,,,,,,,,,,,,,,,,,,,,,,3.0,5.0,1.0,4.0,,0.5,,1.0,0.5,,,,,,,,,,,,,,,,,,,,,,,0.75,1.0,0.5,0.5
10.0,Rei & Keiji,TARAS5,10.0,454.0,10.0,,,,,,,,,,,,,,,,,,,,,,,,10.0,10.0,10.0,0.0,,0.1,,0.1,,,,,,,,,,,,,,,,,,,,,,,,0.1,0.1,0.1,0.0
11.0,Lisa & Nicole,TARAS5,11.0,455.0,11.0,,,,,,,,,,,,,,,,,,,,,,,,11.0,11.0,11.0,0.0,,0.0,,0.0,,,,,,,,,,,,,,,,,,,,,,,,0.0,0.0,0.0,0.0
1.0,Tim & Tim,TARCAN1,3.9,456.0,6.0,6.0,6.3333333,6.0,5.2,5.1666667,4.7142857,4.375,4.2222222,3.9,,,,,,,,,,,,,,,5.19115,6.3333333,3.9,2.4333333,,0.4544,,0.375,0.3303571,0.2202381,0.2485119,0.3588095,0.2990079,0.3634354,0.4013393,0.3937831,0.4544048,,,,,,,,,,,,,,,0.34449,0.4544048,0.2202381,0.2341667
2.0,Jody & Cory,TARCAN1,3.2,457.0,7.0,5.0,5.0,5.25,5.0,4.5,4.0,3.625,3.3333333,3.2,,,,,,,,,,,,,,,4.59083,7.0,3.2,3.8,,0.61143,,0.25,0.4821429,0.4325397,0.3660714,0.3728571,0.4357143,0.5163265,0.5767857,0.6238095,0.6114286,,,,,,,,,,,,,,,0.46677,0.6238095,0.25,0.3738095
3.0,Vanessa & Celina,TARCAN1,3.8,458.0,5.0,5.0,4.6666667,4.5,4.2,4.1666667,4.1428571,4.125,3.8888889,3.8,,,,,,,,,,,,,,,4.34901,5.0,3.8,1.2,,0.36953,,0.5,0.4642857,0.4761905,0.4821429,0.5057143,0.4630952,0.4326531,0.3785714,0.410582,0.3695238,,,,,,,,,,,,,,,0.44828,0.5057143,0.3695238,0.1361905
4.0,Jet & Dave,TARCAN1,3.0,459.0,4.0,5.5,4.6666667,3.75,3.2,2.8333333,2.8571429,2.875,3.0,,,,,,,,,,,,,,,,3.63135,5.5,2.8333333,2.6666667,,0.58532,,0.625,0.3839286,0.4781746,0.608631,0.6869048,0.7390873,0.704932,0.6584821,0.5853175,,,,,,,,,,,,,,,,0.60783,0.7390873,0.3839286,0.3551587
5.0,Holly & Brett,TARCAN1,3.28571,460.0,2.0,1.5,3.0,2.75,3.2,3.0,3.2857143,,,,,,,,,,,,,,,,,,2.67653,3.2857143,1.5,1.7857143,,0.54643,,0.875,0.9375,0.6805556,0.71875,0.615,0.6375,0.5464286,,,,,,,,,,,,,,,,,,0.71582,0.9375,0.5464286,0.3910714
6.0,Hal & Joanne,TARCAN1,3.0,461.0,3.0,2.5,2.0,2.25,3.0,,,,,,,,,,,,,,,,,,,,2.55,3.0,2.0,1.0,,0.65476,,0.75,0.8035714,0.8690476,0.8184524,0.6547619,,,,,,,,,,,,,,,,,,,,0.77917,0.8690476,0.6547619,0.2142857
7.0,Kristen & Darren,TARCAN1,3.5,462.0,1.0,2.5,2.3333333,3.5,,,,,,,,,,,,,,,,,,,,,2.33333,3.5,1.0,2.5,,0.60118,,1.0,0.7857143,0.8015873,0.6011905,,,,,,,,,,,,,,,,,,,,,0.79712,1.0,0.6011905,0.3988095
8.0,Jamie & Pierre,TARCAN1,8.0,463.0,8.0,8.0,,,,,,,,,,,,,,,,,,,,,,,8.0,8.0,8.0,0.0,,0.0625,,0.125,0.0625,,,,,,,,,,,,,,,,,,,,,,,0.09375,0.125,0.0625,0.0625
9.0,Treena & Tennille,TARCAN1,9.0,464.0,9.0,,,,,,,,,,,,,,,,,,,,,,,,9.0,9.0,9.0,0.0,,0.0,,0.0,,,,,,,,,,,,,,,,,,,,,,,,0.0,0.0,0.0,0.0
1.0,Mickey & Pete,TARCAN2,3.66667,465.0,7.0,5.0,5.0,5.25,5.4,5.0,4.7142857,4.5,4.2222222,4.1,3.9090909,3.6666667,,,,,,,,,,,,,4.81352,7.0,3.6666667,3.3333333,,0.58605,,0.4,0.5888889,0.5592593,0.490873,0.4498413,0.4859788,0.5022676,0.5144841,0.5406526,0.5365873,0.5484127,0.586045,,,,,,,,,,,,,0.51694,0.5888889,0.4,0.1888889
2.0,Natalie & Meaghan,TARCAN2,1.83333,466.0,1.0,1.0,1.0,1.0,1.4,2.0,1.8571429,1.75,1.8888889,1.9,1.8181818,1.8333333,,,,,,,,,,,,,1.5373,2.0,1.0,1.0,,0.81647,,1.0,1.0,1.0,1.0,0.9428571,0.8412698,0.8639456,0.8809524,0.8386243,0.8297619,0.8452381,0.8164683,,,,,,,,,,,,,0.90493,1.0,0.8164683,0.1835317
3.0,Ryan & Rob,TARCAN2,4.66667,467.0,9.0,8.0,6.6666667,5.5,4.8,5.0,5.1428571,5.125,5.1111111,5,4.8181818,4.6666667,,,,,,,,,,,,,5.73587,9.0,4.6666667,4.3333333,,0.31854,,0.2,0.2666667,0.3861111,0.503869,0.5745238,0.5065476,0.4341837,0.4049107,0.3599206,0.3489286,0.3475108,0.3185516,,,,,,,,,,,,,0.38764,0.5745238,0.2,0.3745238
4.0,Sukhi & Jinder,TARCAN2,4.36364,468.0,6.0,6.0,6.6666667,7.0,6.4,6.0,5.7142857,5.25,4.7777778,4.4,4.3636364,,,,,,,,,,,,,,5.6884,7.0,4.3636364,2.6363636,,0.48553,,0.5,0.4722222,0.3564815,0.2673611,0.3281746,0.3568122,0.3629819,0.4176091,0.4823192,0.5340873,0.4855339,,,,,,,,,,,,,,0.41487,0.5340873,0.2673611,0.2667262
5.0,Alain & Audrey,TARCAN2,3.8,469.0,2.0,2.0,3.3333333,4.25,3.6,3.3333333,3.5714286,3.625,3.6666667,3.8,,,,,,,,,,,,,,,3.31798,4.25,2.0,2.25,,0.49901,,0.9,0.8944444,0.7212963,0.5766865,0.6613492,0.6900132,0.6200113,0.5925099,0.5544533,0.4990079,,,,,,,,,,,,,,,0.67098,0.9,0.4990079,0.4009921
6.0,Pierre & Michel,TARCAN2,4.375,470.0,8.0,6.5,5.3333333,5.25,5.2,4.5,4.1428571,4.375,,,,,,,,,,,,,,,,,5.41265,8.0,4.1428571,3.8571429,,0.53285,,0.3,0.4277778,0.5351852,0.5085317,0.4925397,0.5771164,0.6089569,0.5328373,,,,,,,,,,,,,,,,,0.49787,0.6089569,0.3,0.3089569
7.0,Rex & Bob,TARCAN2,6.0,471.0,3.0,6.0,6.3333333,5.5,5.8,6.0,,,,,,,,,,,,,,,,,,,5.43889,6.3333333,3.0,3.3333333,,0.33638,,0.8,0.4555556,0.387037,0.4688492,0.4036508,0.3363757,,,,,,,,,,,,,,,,,,,0.47524,0.8,0.3363757,0.4636243
8.0,Cormac & Nicole,TARCAN2,4.4,472.0,4.0,4.0,3.3333333,3.5,4.4,,,,,,,,,,,,,,,,,,,,3.84667,4.4,3.3333333,1.0666667,,0.56262,,0.7,0.6833333,0.7472222,0.7032738,0.562619,,,,,,,,,,,,,,,,,,,,0.67929,0.7472222,0.562619,0.1846032
9.0,Laura & Jackie,TARCAN2,7.33333,473.0,5.0,6.5,7.3333333,,,,,,,,,,,,,,,,,,,,,,6.27778,7.3333333,5.0,2.3333333,,0.27407,,0.6,0.4111111,0.2740741,,,,,,,,,,,,,,,,,,,,,,0.4284,0.6,0.2740741,0.3259259
10.0,Jen & Shawn,TARCAN2,10.0,474.0,10.0,10.0,,,,,,,,,,,,,,,,,,,,,,,10.0,10.0,10.0,0.0,,0.05,,0.1,0.05,,,,,,,,,,,,,,,,,,,,,,,0.075,0.1,0.05,0.05
11.0,Shahla & Nabeela,TARCAN2,11.0,475.0,11.0,,,,,,,,,,,,,,,,,,,,,,,,11.0,11.0,11.0,0.0,,0.0,,0.0,,,,,,,,,,,,,,,,,,,,,,,,0.0,0.0,0.0,0.0
1.0,Gino & Jesse,TARCAN3,3.0,476.0,1.0,5.5,4.3333333,5.0,4.2,3.6666667,3.4285714,3.625,3.4444444,3.2,3.1818182,3.0,,,,,,,,,,,,,3.63165,5.5,1.0,4.5,,0.69629,,1.0,0.55,0.662963,0.5597222,0.6477778,0.7064815,0.7246032,0.6590278,0.6691358,0.7022222,0.6686869,0.6962963,,,,,,,,,,,,,0.68724,1.0,0.55,0.45
2.0,Nick & Matt,TARCAN3,2.91667,477.0,6.0,4.5,4.0,3.75,3.6,3.3333333,3.5714286,3.375,3.1111111,3.1,3,2.9166667,,,,,,,,,,,,,3.68813,6.0,2.9166667,3.0833333,,0.68706,,0.5454546,0.6727273,0.7077441,0.7183081,0.7175036,0.7407768,0.6825706,0.6972493,0.7308882,0.7077994,0.7040601,0.6870551,,,,,,,,,,,,,0.69268,0.7407768,0.5454546,0.1953222
3.0,Brent & Sean,TARCAN3,3.75,478.0,3.0,5.5,5.6666667,5.25,5.2,5.0,4.4285714,4.25,4.3333333,4.1,3.8181818,3.75,,,,,,,,,,,,,4.52473,5.6666667,3.0,2.6666667,,0.5448,,0.8181818,0.5590909,0.5208754,0.5469066,0.5232395,0.531271,0.5982323,0.5984533,0.5319585,0.5537626,0.5943297,0.5448022,,,,,,,,,,,,,0.57676,0.8181818,0.5208754,0.2973064
4.0,Simi & Ope,TARCAN3,5.27273,479.0,5.0,7.0,6.3333333,6.0,6.4,6.1666667,6.1428571,5.875,5.5555556,5.4,5.2727273,,,,,,,,,,,,,,5.92238,7.0,5.0,2.0,,0.33066,,0.6363636,0.4181818,0.4639731,0.4729798,0.3783838,0.3867484,0.3553082,0.3608947,0.3763508,0.3637157,0.3306507,,,,,,,,,,,,,,0.41305,0.6363636,0.3306507,0.3057129
5.0,Dujean & Leilani,TARCAN3,4.2,480.0,8.0,6.5,5.6666667,4.5,4.4,4.8333333,4.5714286,4.125,4.1111111,4.2,,,,,,,,,,,,,,,5.09075,8.0,4.1111111,3.8888889,,0.52613,,0.3636364,0.4818182,0.5434343,0.6575758,0.6403463,0.5574315,0.5730365,0.6264069,0.5845839,0.5261255,,,,,,,,,,,,,,,0.55544,0.6575758,0.3636364,0.2939394
6.0,Brian & Cynthia,TARCAN3,4.625,481.0,9.0,5.5,6.6666667,5.5,4.8,4.5,4.4285714,4.625,,,,,,,,,,,,,,,,,5.62753,9.0,4.4285714,4.5714286,,0.52878,,0.2727273,0.5863636,0.4279461,0.5397096,0.6031962,0.6217112,0.6043239,0.5287834,,,,,,,,,,,,,,,,,0.5231,0.6217112,0.2727273,0.3489839
7.0,Neil & Kristin,TARCAN3,6.14286,482.0,10.0,8.0,5.6666667,5.75,6.0,6.0,6.1428571,,,,,,,,,,,,,,,,,,6.79422,10.0,5.6666667,4.3333333,,0.35506,,0.1818182,0.3409091,0.5606061,0.5142045,0.4399351,0.4142316,0.3550557,,,,,,,,,,,,,,,,,,0.40097,0.5606061,0.1818182,0.3787879
8.0,Nic & Sabrina,TARCAN3,6.0,483.0,2.0,3.0,4.6666667,5.5,5.6,6.0,,,,,,,,,,,,,,,,,,,4.46111,6.0,2.0,4.0,,0.37367,,0.9090909,0.8045455,0.6104377,0.4890783,0.4484055,0.3736712,,,,,,,,,,,,,,,,,,,0.60587,0.9090909,0.3736712,0.5354197
9.0,Hamilton & Michaelia,TARCAN3,5.25,484.0,4.0,2.5,4.0,5.25,,,,,,,,,,,,,,,,,,,,,3.9375,5.25,2.5,2.75,,0.51515,,0.7272727,0.8636364,0.6868687,0.5151515,,,,,,,,,,,,,,,,,,,,,0.69823,0.8636364,0.5151515,0.3484849
10.0,Dana & Amanda,TARCAN3,8.0,485.0,7.0,7.0,8.0,,,,,,,,,,,,,,,,,,,,,,7.33333,8.0,7.0,1.0,,0.28483,,0.4545455,0.4272727,0.2848485,,,,,,,,,,,,,,,,,,,,,,0.38889,0.4545455,0.2848485,0.169697
11.0,Susan & Sharnjit,TARCAN3,11.0,486.0,11.0,11.0,,,,,,,,,,,,,,,,,,,,,,,11.0,11.0,11.0,0.0,,0.04545,,0.0909091,0.0454545,,,,,,,,,,,,,,,,,,,,,,,0.06818,0.0909091,0.0454545,0.0454546
12.0,Max & Elias,TARCAN3,12.0,487.0,12.0,,,,,,,,,,,,,,,,,,,,,,,,12.0,12.0,12.0,0.0,,0.0,,0.0,,,,,,,,,,,,,,,,,,,,,,,,0.0,0.0,0.0,0.0
1.0,Steph & Kristen,TARCAN4,2.0,488.0,2.0,4.0,3.3333333,3.0,2.6,2.3333333,2.1428571,2.25,2.2222222,2.1,2,,,,,,,,,,,,,,2.5438,4.0,2.0,2.0,,0.84055,,0.8888889,0.6319444,0.712963,0.7490079,0.7992064,0.832672,0.856576,0.812004,0.8051146,0.8246032,0.8405483,,,,,,,,,,,,,,0.79578,0.8888889,0.6319444,0.2569445
2.0,Jillian & Emmett,TARCAN4,2.54545,489.0,1.0,1.0,2.0,3.25,3.0,2.8333333,3.0,2.75,2.5555556,2.6,2.5454545,,,,,,,,,,,,,,2.41221,3.25,1.0,2.25,,0.69405,,1.0,1.0,0.875,0.6919643,0.7202381,0.7335317,0.6858844,0.7251488,0.7556878,0.7134524,0.6940476,,,,,,,,,,,,,,0.78136,1.0,0.6858844,0.3141156
3.0,Joel & Ashley,TARCAN4,3.45455,490.0,4.0,4.0,3.0,3.5,3.6,4.0,3.8571429,3.625,3.6666667,3.5,3.4545455,,,,,,,,,,,,,,3.65485,4.0,3.0,1.0,,0.49882,,0.6666667,0.6458333,0.7638889,0.6800595,0.6440476,0.5367064,0.5457483,0.5712798,0.535582,0.5486905,0.4988095,,,,,,,,,,,,,,0.60339,0.7638889,0.4988095,0.2650794
4.0,Frankie & Amy,TARCAN4,4.2,491.0,6.0,4.5,4.6666667,4.5,4.2,4.3333333,4.4285714,4.375,4.2222222,4.2,,,,,,,,,,,,,,,4.54258,6.0,4.2,1.8,,0.40825,,0.4444444,0.5972222,0.5648148,0.5664683,0.5865079,0.5220899,0.4760771,0.4478175,0.4536155,0.408254,,,,,,,,,,,,,,,0.50673,0.5972222,0.408254,0.1889682
5.0,Rita & Yvette,TARCAN4,5.0,492.0,7.0,7.5,7.0,6.0,5.8,5.5,5.0,5.0,5.0,,,,,,,,,,,,,,,,5.97778,7.5,5.0,2.5,,0.34232,,0.3333333,0.2291667,0.2777778,0.3869048,0.3761905,0.3801587,0.4401361,0.385119,0.342328,,,,,,,,,,,,,,,,0.35012,0.4401361,0.2291667,0.2109694
6.0,Julie & Lowell,TARCAN4,5.71429,493.0,5.0,6.0,6.3333333,6.25,6.2,5.6666667,5.7142857,,,,,,,,,,,,,,,,,,5.88061,6.3333333,5.0,1.3333333,,0.30114,,0.5555556,0.4027778,0.3518519,0.3353175,0.3015873,0.3513228,0.3011338,,,,,,,,,,,,,,,,,,0.37136,0.5555556,0.3011338,0.2544218
7.0,Kelly & Kate,TARCAN4,5.8,494.0,9.0,9.0,7.0,5.5,5.8,,,,,,,,,,,,,,,,,,,,7.26,9.0,5.5,3.5,,0.37222,,0.1111111,0.0555556,0.287037,0.4652778,0.3722222,,,,,,,,,,,,,,,,,,,,0.25824,0.4652778,0.0555556,0.4097222
8.0,Anne & Tanya,TARCAN4,7.25,495.0,8.0,6.5,7.0,7.25,,,,,,,,,,,,,,,,,,,,,7.1875,8.0,6.5,1.5,,0.2118,,0.2222222,0.3611111,0.2824074,0.2118056,,,,,,,,,,,,,,,,,,,,,0.26939,0.3611111,0.2118056,0.1493055
9.0,Stéphane & Antoine,TARCAN4,4.66667,496.0,3.0,2.5,4.6666667,,,,,,,,,,,,,,,,,,,,,,3.38889,4.6666667,2.5,2.1666667,,0.55093,,0.7777778,0.8263889,0.5509259,,,,,,,,,,,,,,,,,,,,,,0.71836,0.8263889,0.5509259,0.275463
10.0,Anthony & Brandon,TARCAN4,10.0,497.0,10.0,,,,,,,,,,,,,,,,,,,,,,,,10.0,10.0,10.0,0.0,,0.0,,0.0,,,,,,,,,,,,,,,,,,,,,,,,0.0,0.0,0.0,0.0
1.0,Sam & Paul,TARCAN5,2.0,498.0,4.0,3.5,3.6666667,3.0,3.0,2.8333333,2.5714286,2.375,2.2222222,2.1,2,,,,,,,,,,,,,,2.8426,4.0,2.0,2.0,,0.85953,,0.6666667,0.7083333,0.6626984,0.7470238,0.7309524,0.7424603,0.7792517,0.8068452,0.8283069,0.8454762,0.8595238,,,,,,,,,,,,,,0.76159,0.8595238,0.6626984,0.1968254
2.0,Kenneth & Ryan,TARCAN5,3.27273,499.0,1.0,3.0,4.0,4.0,4.0,4.1666667,3.8571429,3.625,3.4444444,3.4,3.2727273,,,,,,,,,,,,,,3.43327,4.1666667,1.0,3.1666667,,0.55627,,1.0,0.75,0.5952381,0.5714286,0.5571429,0.497619,0.5408163,0.5669643,0.5873016,0.5619048,0.5562771,,,,,,,,,,,,,,0.61679,1.0,0.497619,0.502381
3.0,Korey & Ivana,TARCAN5,4.09091,500.0,2.0,5.0,4.0,4.5,4.8,4.5,4.5714286,4.5,4.4444444,4.2,4.0909091,,,,,,,,,,,,,,4.23698,5.0,2.0,3.0,,0.37919,,0.8888889,0.5069444,0.6236773,0.5094246,0.440873,0.4673942,0.429195,0.4067956,0.3893739,0.4171032,0.3791847,,,,,,,,,,,,,,0.49626,0.8888889,0.3791847,0.5097042
4.0,Karen & Bert,TARCAN5,4.5,501.0,6.0,5.0,5.0,5.0,5.0,4.8333333,4.7142857,4.75,4.5555556,4.5,,,,,,,,,,,,,,,4.93532,6.0,4.5,1.5,,0.34646,,0.4444444,0.5347222,0.4993386,0.4578373,0.4329365,0.4274471,0.4235261,0.3705853,0.3849647,0.3464683,,,,,,,,,,,,,,,0.43223,0.5347222,0.3464683,0.1882539
5.0,Adam & Andrea,TARCAN5,3.22222,502.0,3.0,5.0,4.3333333,4.0,3.4,3.0,3.0,3.0,3.2222222,,,,,,,,,,,,,,,,3.55062,5.0,3.0,2.0,,0.61209,,0.7777778,0.5138889,0.5806878,0.6021825,0.681746,0.7347884,0.7155329,0.6885913,0.6120811,,,,,,,,,,,,,,,,0.65636,0.7777778,0.5138889,0.2638889
6.0,Andrea & Ebonie,TARCAN5,5.28571,503.0,7.0,4.5,5.3333333,5.75,5.0,5.1666667,5.2857143,,,,,,,,,,,,,,,,,,5.43367,7.0,4.5,2.5,,0.31207,,0.3333333,0.6041667,0.4503968,0.3377976,0.4369048,0.3640873,0.3120748,,,,,,,,,,,,,,,,,,0.40554,0.6041667,0.3120748,0.2920919
7.0,Zed & Shabbir,TARCAN5,4.2,504.0,5.0,5.5,4.0,3.5,4.2,,,,,,,,,,,,,,,,,,,,4.44,5.5,3.5,2.0,,0.55278,,0.5555556,0.4652778,0.6435185,0.6909722,0.5527778,,,,,,,,,,,,,,,,,,,,0.58162,0.6909722,0.4652778,0.2256944
8.0,Megan & Courtney,TARCAN5,6.0,505.0,9.0,5.0,6.0,,,,,,,,,,,,,,,,,,,,,,6.66667,9.0,5.0,4.0,,0.37037,,0.1111111,0.5555556,0.3703704,,,,,,,,,,,,,,,,,,,,,,0.34568,0.5555556,0.1111111,0.4444445
9.0,Dan & Riya,TARCAN5,8.5,506.0,8.0,8.5,,,,,,,,,,,,,,,,,,,,,,,8.25,8.5,8.0,0.5,,0.1111,,0.2222222,0.1111111,,,,,,,,,,,,,,,,,,,,,,,0.16667,0.2222222,0.1111111,0.1111111
10.0,Aaron & Deb,TARCAN5,10.0,507.0,10.0,,,,,,,,,,,,,,,,,,,,,,,,10.0,10.0,10.0,0.0,,0.0,,0.0,,,,,,,,,,,,,,,,,,,,,,,,0.0,0.0,0.0,0.0
1.0,Courtney & Adam,TARCAN6,4.63636,508.0,8.0,7.5,7.0,7.0,6.0,6.0,5.8571429,5.375,5.2222222,5,4.6363636,,,,,,,,,,,,,,6.14461,8.0,4.6363636,3.3636364,,0.41576,,0.2222222,0.2361111,0.2824074,0.2475198,0.3646825,0.3316799,0.3128685,0.3737599,0.3600088,0.3573413,0.4157648,,,,,,,,,,,,,,0.31858,0.4157648,0.2222222,0.1935426
2.0,Taylor & Courtney,TARCAN6,2.36364,509.0,5.0,4.0,3.0,3.5,3.0,2.6666667,2.4285714,2.5,2.5555556,2.4,2.3636364,,,,,,,,,,,,,,3.03768,5.0,2.3636364,2.6363636,,0.75765,,0.5555556,0.6527778,0.7685185,0.6835317,0.7468254,0.7890212,0.819161,0.7917659,0.7593474,0.7834127,0.7576479,,,,,,,,,,,,,,0.73705,0.819161,0.5555556,0.2636054
3.0,Dylan & Kwame,TARCAN6,3.72727,510.0,4.0,4.5,4.6666667,4.25,4.2,4.3333333,4.2857143,4.375,4.0,3.8,3.7272727,,,,,,,,,,,,,,4.19436,4.6666667,3.7272727,0.939394,,0.49827,,0.6666667,0.5833333,0.5555556,0.5952381,0.5761905,0.5357143,0.5163265,0.4767857,0.5349206,0.5480952,0.4982684,,,,,,,,,,,,,,0.55337,0.6666667,0.4767857,0.189881
4.0,Martina & Phil,TARCAN6,4.1,511.0,7.0,6.5,5.6666667,5.75,5.2,4.8333333,4.4285714,4.375,4.1111111,4.1,,,,,,,,,,,,,,,5.19647,7.0,4.1,2.9,,0.49024,,0.3333333,0.3541667,0.4444444,0.4047619,0.4571429,0.4920635,0.5360544,0.5190476,0.544709,0.4902381,,,,,,,,,,,,,,,0.4576,0.544709,0.3333333,0.2113757
5.0,Nancy & Mellisa,TARCAN6,3.66667,512.0,2.0,2.0,4.0,3.5,3.8,3.5,3.8571429,3.5,3.6666667,,,,,,,,,,,,,,,,3.31376,4.0,2.0,2.0,,0.54584,,0.8888889,0.8819444,0.6296296,0.6865079,0.615873,0.6521164,0.5589569,0.6140873,0.5458554,,,,,,,,,,,,,,,,0.67487,0.8888889,0.5458554,0.3430335
6.0,Leanne & Mar,TARCAN6,3.5,513.0,1.0,2.5,2.6666667,2.25,3.0,3.1666667,3.1428571,3.5,,,,,,,,,,,,,,,,,2.65327,3.5,1.0,2.5,,0.58021,,1.0,0.8125,0.7916667,0.84375,0.7083333,0.6736111,0.6630952,0.5802083,,,,,,,,,,,,,,,,,0.75915,1.0,0.5802083,0.4197917
7.0,Zainab & Monica,TARCAN6,6.66667,514.0,6.0,7.5,7.3333333,6.5,6.6,6.6666667,,,,,,,,,,,,,,,,,,,6.76667,7.5,6.0,1.5,,0.21097,,0.4444444,0.2222222,0.2314815,0.3164683,0.2531746,0.2109788,,,,,,,,,,,,,,,,,,,0.27979,0.4444444,0.2109788,0.2334656
8.0,Todd & Anna,TARCAN6,3.5,515.0,3.0,2.0,2.0,3.5,,,,,,,,,,,,,,,,,,,,,2.625,3.5,2.0,1.5,,0.6632,,0.7777778,0.8888889,0.8842593,0.6631944,,,,,,,,,,,,,,,,,,,,,0.80353,0.8888889,0.6631944,0.2256945
9.0,Joseph & Akash,TARCAN6,8.66667,516.0,9.0,8.5,8.6666667,,,,,,,,,,,,,,,,,,,,,,8.72222,9.0,8.5,0.5,,0.0787,,0.1111111,0.1180556,0.0787037,,,,,,,,,,,,,,,,,,,,,,0.10262,0.1180556,0.0787037,0.0393519
10.0,Chewy & Happy,TARCAN6,10.0,517.0,10.0,,,,,,,,,,,,,,,,,,,,,,,,10.0,10.0,10.0,0.0,,0.0,,0.0,,,,,,,,,,,,,,,,,,,,,,,,0.0,0.0,0.0,0.0
1.0,Anthony & James,TARCAN7,3.27273,518.0,6.0,6.0,5.0,5.25,4.6,4.0,3.7142857,3.875,3.7777778,3.5,3.2727273,,,,,,,,,,,,,,4.45362,6.0,3.2727273,2.7272727,,0.62125,,0.4444444,0.4097222,0.5112434,0.4250992,0.506746,0.588955,0.6191043,0.5417163,0.5370811,0.583373,0.6212482,,,,,,,,,,,,,,0.52625,0.6212482,0.4097222,0.211526
2.0,Sarah & Sam,TARCAN7,2.90909,519.0,2.0,3.0,3.6666667,3.75,3.2,3.0,3.1428571,3.25,3.1111111,3,2.9090909,,,,,,,,,,,,,,3.09361,3.75,2.0,1.75,,0.61902,,0.8888889,0.7569444,0.6474868,0.6106151,0.6884921,0.7070767,0.6632086,0.6115575,0.62694,0.6309127,0.6190115,,,,,,,,,,,,,,0.67738,0.8888889,0.6106151,0.2782738
3.0,Lauren & Joanne,TARCAN7,4.36364,520.0,4.0,6.0,5.3333333,5.25,5.4,5.1666667,5.1428571,4.75,4.6666667,4.5,4.3636364,,,,,,,,,,,,,,4.9612,6.0,4.0,2.0,,0.34513,,0.6666667,0.3958333,0.4543651,0.4241071,0.372619,0.3771825,0.3518707,0.4016369,0.3847884,0.3796429,0.3451299,,,,,,,,,,,,,,0.41399,0.6666667,0.3451299,0.3215368
4.0,Dave & Irina,TARCAN7,2.4,521.0,1.0,1.5,1.3333333,1.75,2.4,2.5,2.2857143,2.375,2.2222222,2.4,,,,,,,,,,,,,,,1.97663,2.5,1.0,1.5,,0.6975,,1.0,0.9375,0.9583333,0.8854167,0.775,0.7458333,0.7821429,0.746875,0.775,0.6975,,,,,,,,,,,,,,,0.83036,1.0,0.6975,0.3025
5.0,Aarthy & Thinesh,TARCAN7,3.0,522.0,7.0,4.0,3.3333333,2.75,2.6,3.0,3.0,2.75,3.0,,,,,,,,,,,,,,,,3.49259,7.0,2.6,4.4,,0.64708,,0.3333333,0.6666667,0.7301587,0.797619,0.8047619,0.7039683,0.6891156,0.7279762,0.6470899,,,,,,,,,,,,,,,,0.67785,0.8047619,0.3333333,0.4714286
6.0,Trish & Amy,TARCAN7,6.0,523.0,5.0,6.0,6.3333333,6.5,6.0,6.0,6.0,,,,,,,,,,,,,,,,,,5.97619,6.5,5.0,1.5,,0.20693,,0.5555556,0.4027778,0.3161376,0.2371032,0.2896825,0.2414021,0.2069161,,,,,,,,,,,,,,,,,,0.32137,0.5555556,0.2069161,0.3486395
7.0,Meaghan & Marie,TARCAN7,4.6,524.0,3.0,4.0,4.6666667,4.0,4.6,,,,,,,,,,,,,,,,,,,,4.05333,4.6666667,3.0,1.6666667,,0.47936,,0.7777778,0.6388889,0.521164,0.5992064,0.4793651,,,,,,,,,,,,,,,,,,,,0.60328,0.7777778,0.4793651,0.2984127
8.0,Gilles & Sean,TARCAN7,6.66667,525.0,9.0,6.0,6.6666667,,,,,,,,,,,,,,,,,,,,,,7.22222,9.0,6.0,3.0,,0.28703,,0.1111111,0.4305556,0.287037,,,,,,,,,,,,,,,,,,,,,,0.27623,0.4305556,0.1111111,0.3194445
9.0,Nicki & Aisha,TARCAN7,8.5,526.0,8.0,8.5,,,,,,,,,,,,,,,,,,,,,,,8.25,8.5,8.0,0.5,,0.1111,,0.2222222,0.1111111,,,,,,,,,,,,,,,,,,,,,,,0.16667,0.2222222,0.1111111,0.1111111
10.0,Jet & Dave,TARCAN7,10.0,527.0,10.0,,,,,,,,,,,,,,,,,,,,,,,,10.0,10.0,10.0,0.0,,0.0,,0.0,,,,,,,,,,,,,,,,,,,,,,,,0.0,0.0,0.0,0.0
1.0,Catherine & Craig,TARCAN8,3.22222,528.0,5.0,5.0,3.6666667,,,4.5,4.2,4.1666667,3.7142857,3.5,3.2222222,,,,,,,,,,,,,,4.10776,5.0,3.2222222,1.7777778,,0.68554,,0.5555556,0.5277778,0.6851852,,,0.5763889,0.6039683,0.5699735,0.6314059,0.6462302,0.6855379,,,,,,,,,,,,,,0.60911,0.6855379,0.5277778,0.1577601
2.0,Jesse & Marika,TARCAN8,3.09091,529.0,8.0,5.0,4.6666667,4.0,3.4,3.8333333,3.4285714,3.125,3.2222222,3.2,3.0909091,,,,,,,,,,,,,,4.08788,8.0,3.0909091,4.9090909,,0.68157,,0.2222222,0.5486111,0.5740741,0.6388889,0.7111111,0.6550926,0.7043651,0.7413194,0.7033951,0.6830556,0.6815657,,,,,,,,,,,,,,0.62397,0.7413194,0.2222222,0.5190972
3.0,Franca & Nella,TARCAN8,2.90909,530.0,4.0,2.5,4.0,3.75,3.4,3.0,2.8571429,2.875,2.7777778,2.9,2.9090909,,,,,,,,,,,,,,3.179,4.0,2.5,1.5,,0.65974,,0.6666667,0.8333333,0.6388889,0.6458333,0.6833333,0.7361111,0.7534014,0.7342262,0.7415344,0.692381,0.6597403,,,,,,,,,,,,,,0.70777,0.8333333,0.6388889,0.1944444
4.0,Brendan & Connor,TARCAN8,3.0,531.0,1.0,2.5,2.3333333,2.0,2.2,2.1666667,2.4285714,2.875,3.1111111,2.9,3,,,,,,,,,,,,,,2.41043,3.1111111,1.0,2.1111111,,0.61937,,1.0,0.8125,0.8333333,0.875,0.8333333,0.8402778,0.8018707,0.7016369,0.6458995,0.6813095,0.6193723,,,,,,,,,,,,,,0.78587,1.0,0.6193723,0.3806277
5.0,Beverley & Veronica,TARCAN8,3.7,532.0,2.0,2.5,2.6666667,3.5,3.6,3.6666667,3.8571429,3.625,3.5555556,3.7,,,,,,,,,,,,,,,3.2671,3.8571429,2.0,1.8571429,,0.55091,,0.8888889,0.8194444,0.7962963,0.6388889,0.6111111,0.6134259,0.5870181,0.6136409,0.6121252,0.5509127,,,,,,,,,,,,,,,0.67318,0.8888889,0.5509127,0.3379762
6.0,Court & Ali,TARCAN8,6.42857,533.0,6.0,7.5,6.6666667,,,7.0,6.8,6.5,6.4285714,,,,,,,,,,,,,,,,6.69932,7.5,6.0,1.5,,0.22217,,0.4444444,0.2222222,0.3148148,,,0.2673611,0.2710317,0.2591931,0.2221655,,,,,,,,,,,,,,,,0.28589,0.4444444,0.2221655,0.2222789
7.0,Cedric & Tychon,TARCAN8,5.85714,534.0,9.0,7.5,7.0,6.25,6.2,5.6666667,5.8571429,,,,,,,,,,,,,,,,,,6.78197,9.0,5.6666667,3.3333333,,0.3458,,0.1111111,0.2430556,0.287037,0.3402778,0.3055556,0.3796296,0.345805,,,,,,,,,,,,,,,,,,0.2875,0.3796296,0.1111111,0.2685185
8.0,Cassie & Jahmeek,TARCAN8,6.42857,535.0,3.0,5.5,6.6666667,6.75,6.4,6.1666667,6.4285714,,,,,,,,,,,,,,,,,,5.84456,6.75,3.0,3.75,,0.24802,,0.7777778,0.4513889,0.3009259,0.2256944,0.2472222,0.2893519,0.2480159,,,,,,,,,,,,,,,,,,0.36291,0.7777778,0.2256944,0.5520834
9.0,Dennis & Durrell,TARCAN8,7.75,536.0,7.0,7.0,7.3333333,,,7.75,,,,,,,,,,,,,,,,,,,7.27083,7.75,7.0,0.75,,0.17708,,0.3333333,0.2916667,0.2361111,,,0.1770833,,,,,,,,,,,,,,,,,,,0.25955,0.3333333,0.1770833,0.15625
10.0,Jully & Kathy,TARCAN8,7.33333,537.0,10.0,,,7.5,7.3333333,,,,,,,,,,,,,,,,,,,,8.27778,10.0,7.3333333,2.6666667,,0.11111,,0.0,,,0.1666667,0.1111111,,,,,,,,,,,,,,,,,,,,0.09259,0.1666667,0.0,0.1666667
1.0,Ty & Kat,TARCAN9,1.8,538.0,1.0,1.0,1.33333,2.0,2.0,1.83333,1.71429,1.75,1.88889,1.8,,,,,,,,,,,,,,,1.63198,2.0,1.0,1.0,,0.83452,,1.0,1.0,0.95238,0.85714,0.85238,0.87698,0.89456,0.87649,0.81614,0.83452,,,,,,,,,,,,,,,0.89606,1.0,0.81614,0.18386
2.0,Tyler & Kayleen,TARCAN9,2.4,539.0,5.0,3.5,3.66667,3.5,3.0,3.0,2.85714,2.625,2.44444,2.4,,,,,,,,,,,,,,,3.19933,5.0,2.4,2.6,,0.76163,,0.55556,0.71528,0.66733,0.67907,0.74325,0.71938,0.7309,0.76453,0.7907,0.76163,,,,,,,,,,,,,,,0.71276,0.7907,0.55556,0.23514
3.0,Ben & Anwar,TARCAN9,4.4,540.0,8.0,6.5,6.66667,6.5,6.2,5.5,5.14286,4.875,4.55556,4.4,,,,,,,,,,,,,,,5.83401,8.0,4.4,3.6,,0.40508,,0.22222,0.36111,0.28836,0.2877,0.29683,0.38069,0.41202,0.42302,0.45009,0.40508,,,,,,,,,,,,,,,0.35271,0.45009,0.22222,0.22787
4.0,Deven & Amanda,TARCAN9,5.22222,541.0,6.0,7.0,6.66667,6.75,6.2,5.83333,5.57143,5.375,5.22222,,,,,,,,,,,,,,,,6.06874,7.0,5.22222,1.77778,,0.28311,,0.44444,0.28472,0.28505,0.2495,0.2996,0.31634,0.32829,0.3185,0.28311,,,,,,,,,,,,,,,,0.31217,0.44444,0.2495,0.19494
5.0,Jermaine & Justin,TARCAN9,5.5,542.0,4.0,5.0,6.0,5.75,5.8,5.83333,5.57143,5.5,,,,,,,,,,,,,,,,,5.43185,6.0,4.0,2.0,,0.25461,,0.66667,0.52083,0.34722,0.36756,0.32738,0.27282,0.29099,0.25461,,,,,,,,,,,,,,,,,0.38101,0.66667,0.25461,0.41206
6.0,Derek & Jaspal,TARCAN9,3.42857,543.0,3.0,3.0,3.0,2.5,2.6,3.0,3.42857,,,,,,,,,,,,,,,,,,2.93265,3.42857,2.5,0.92857,,0.58696,,0.77778,0.76389,0.74735,0.81052,0.78175,0.68479,0.58696,,,,,,,,,,,,,,,,,,0.73615,0.81052,0.58696,0.22356
7.0,Gracie & Lily,TARCAN9,3.2,544.0,2.0,3.0,2.33333,2.25,3.2,,,,,,,,,,,,,,,,,,,,2.55667,3.2,2.0,1.2,,0.67421,,0.88889,0.75694,0.83796,0.84276,0.67421,,,,,,,,,,,,,,,,,,,,0.80015,0.88889,0.67421,0.21468
8.0,Shayla & Joel,TARCAN9,6.75,545.0,7.0,7.0,6.33333,6.75,,,,,,,,,,,,,,,,,,,,,6.77083,7.0,6.33333,0.66667,,0.25298,,0.33333,0.29167,0.3373,0.25298,,,,,,,,,,,,,,,,,,,,,0.30382,0.3373,0.25298,0.08432
9.0,Allie & Eddie,TARCAN9,9.0,546.0,9.0,9.0,,,,,,,,,,,,,,,,,,,,,,,9.0,9.0,9.0,0.0,,0.05556,,0.11111,0.05556,,,,,,,,,,,,,,,,,,,,,,,0.08334,0.11111,0.05556,0.05555
10.0,Gail & Gisele,TARCAN9,10.0,547.0,10.0,,,,,,,,,,,,,,,,,,,,,,,,10.0,10.0,10.0,0.0,,0.0,,0.0,,,,,,,,,,,,,,,,,,,,,,,,0.0,0.0,0.0,0.0
1.0,Tyler & Nathan,TARAU1,2.25,548.0,6.0,3.5,3.3333333,3.0,2.6,2.3333333,2.2857143,2.25,2.3333333,2.4,2.3636364,2.25,,,,,,,,,,,,,2.88745,6.0,2.25,3.75,,0.77107,,0.5,0.75,0.7592593,0.7881944,0.8305556,0.8587963,0.8503968,0.8440972,0.8058642,0.7586111,0.7502525,0.7710648,,,,,,,,,,,,,0.77226,0.8587963,0.5,0.3587963
2.0,Sam & Renae,TARAU1,4.08333,549.0,1.0,3.0,4.6666667,4.75,5.0,5.1666667,5.0,4.75,4.6666667,4.6,4.2727273,4.0833333,,,,,,,,,,,,,4.24634,5.1666667,1.0,4.1666667,,0.46038,,1.0,0.8,0.6074074,0.5805556,0.5215873,0.4624339,0.4535147,0.4718254,0.4471781,0.4024603,0.4567821,0.4603836,,,,,,,,,,,,,0.55534,1.0,0.4024603,0.5975397
3.0,Jeff & Luke,TARAU1,3.16667,550.0,4.0,4.0,4.6666667,4.5,4.2,4.0,3.8571429,3.5,3.3333333,3.2,3.1818182,3.1666667,,,,,,,,,,,,,3.80047,4.6666667,3.1666667,1.5,,0.60003,,0.7,0.7,0.6148148,0.6173611,0.636746,0.6417328,0.635771,0.6812996,0.688933,0.6867063,0.6545815,0.6000331,,,,,,,,,,,,,0.65483,0.7,0.6000331,0.0999669
4.0,Matt & Tom,TARAU1,3.27273,551.0,5.0,3.5,4.0,3.25,3.0,3.1666667,3.5714286,3.75,3.4444444,3.2,3.2727273,,,,,,,,,,,,,,3.55957,5.0,3.0,2.0,,0.60115,,0.6,0.75,0.6851852,0.7638889,0.7825397,0.7354497,0.6303855,0.5765873,0.6236332,0.6612698,0.6011544,,,,,,,,,,,,,,0.67364,0.7825397,0.5765873,0.2059524
5.0,Kelly & Dave,TARAU1,4.55556,552.0,2.0,4.0,4.0,4.5,4.4,4.5,4.5714286,4.5,4.5555556,,,,,,,,,,,,,,,,4.11411,4.5714286,2.0,2.5714286,,0.43849,,0.9,0.7,0.6888889,0.6104167,0.602619,0.5577381,0.5066327,0.4933036,0.4384921,,,,,,,,,,,,,,,,0.6109,0.9,0.4384921,0.4615079
6.0,Anastasia & Chris,TARAU1,4.5,553.0,7.0,5.0,5.6666667,5.0,5.4,4.8333333,4.2857143,4.5,,,,,,,,,,,,,,,,,5.21071,7.0,4.2857143,2.7142857,,0.53244,,0.4,0.6,0.5111111,0.5708333,0.4852381,0.543254,0.6085034,0.5324405,,,,,,,,,,,,,,,,,0.53142,0.6085034,0.4,0.2085034
7.0,Alana & Mel,TARAU1,6.66667,554.0,9.0,9.5,7.0,7.0,6.6,6.6666667,,,,,,,,,,,,,,,,,,,7.62778,9.5,6.6,2.9,,0.31125,,0.2,0.15,0.3962963,0.3597222,0.3734921,0.3112434,,,,,,,,,,,,,,,,,,,0.29846,0.3962963,0.15,0.2462963
8.0,Mo & Mos,TARAU1,8.6,555.0,11.0,9.0,9.0,8.75,8.6,,,,,,,,,,,,,,,,,,,,9.27,11.0,8.6,2.4,,0.12722,,0.0,0.2,0.1703704,0.1590278,0.1272222,,,,,,,,,,,,,,,,,,,,0.13132,0.2,0.0,0.2
9.0,Richard & Joey,TARAU1,7.25,556.0,10.0,9.5,6.6666667,7.25,,,,,,,,,,,,,,,,,,,,,8.35417,10.0,6.6666667,3.3333333,,0.325,,0.1,0.15,0.4333333,0.325,,,,,,,,,,,,,,,,,,,,,0.25208,0.4333333,0.1,0.3333333
10.0,Anne-Marie & Tracy,TARAU1,8.66667,557.0,8.0,8.0,8.6666667,,,,,,,,,,,,,,,,,,,,,,8.22222,8.6666667,8.0,0.6666667,,0.2,,0.3,0.3,0.2,,,,,,,,,,,,,,,,,,,,,,0.26667,0.3,0.2,0.1
11.0,Ryot & Liberty,TARAU1,7.0,558.0,3.0,7.0,,,,,,,,,,,,,,,,,,,,,,,5.0,7.0,3.0,4.0,,0.4,,0.8,0.4,,,,,,,,,,,,,,,,,,,,,,,0.6,0.8,0.4,0.4
1.0,Shane & Andrew,TARAU2,4.08333,559.0,8.0,7.5,7.0,6.5,6.2,6.1666667,5.7142857,5.25,4.8888889,4.5,4.3636364,4.0833333,,,,,,,,,,,,,5.84723,8.0,4.0833333,3.9166667,,0.58267,,0.3,0.35,0.3814815,0.4111111,0.4146032,0.3931217,0.4321995,0.4823413,0.5176367,0.565873,0.544733,0.582672,,,,,,,,,,,,,0.44798,0.582672,0.3,0.282672
2.0,Paul & Steve,TARAU2,3.25,560.0,10.0,7.5,6.6666667,6.5,5.4,4.6666667,4.1428571,3.75,3.4444444,3.5,3.3636364,3.25,,,,,,,,,,,,,5.18202,10.0,3.25,6.75,,0.67061,,0.1,0.35,0.4185185,0.4076389,0.5261111,0.6050926,0.6615079,0.7038194,0.7367284,0.6880556,0.6861111,0.6706019,,,,,,,,,,,,,0.54618,0.7367284,0.1,0.6367284
3.0,Michelle & Jo,TARAU2,2.91667,561.0,7.0,4.5,4.0,4.0,3.6,3.3333333,3.1428571,3.125,3.1111111,3.1,2.9090909,2.9166667,,,,,,,,,,,,,3.72817,7.0,2.9090909,4.0909091,,0.66808,,0.4,0.65,0.6925926,0.6756944,0.7119841,0.7361773,0.7500567,0.7396329,0.7241182,0.7017064,0.728824,0.6680886,,,,,,,,,,,,,0.68157,0.7500567,0.4,0.3500567
4.0,Joseph & Grace,TARAU2,4.90909,562.0,6.0,7.0,7.0,6.0,5.6,5.1666667,5.4285714,5.5,5.3333333,5,4.9090909,,,,,,,,,,,,,,5.72161,7.0,4.9090909,2.0909091,,0.40779,,0.5,0.4,0.3777778,0.4708333,0.4909524,0.5281746,0.4527211,0.4169643,0.4150794,0.4485714,0.4077922,,,,,,,,,,,,,,0.44626,0.5281746,0.3777778,0.1503968
5.0,Lucy & Emilia,TARAU2,6.9,563.0,11.0,10.5,10.0,9.5,8.8,8.1666667,7.7142857,7.375,7.1111111,6.9,,,,,,,,,,,,,,,8.70671,11.0,6.9,4.1,,0.1917,,0.0,0.05,0.0703704,0.0840278,0.1243651,0.1750661,0.1976757,0.2146329,0.2130071,0.1917063,,,,,,,,,,,,,,,0.13209,0.2146329,0.0,0.2146329
6.0,James & Sarah,TARAU2,5.44444,564.0,3.0,6.0,6.6666667,5.25,5.6,5.8333333,5.5714286,5.375,5.4444444,,,,,,,,,,,,,,,,5.41565,6.6666667,3.0,3.6666667,,0.38978,,0.8,0.5,0.4074074,0.5555556,0.4730159,0.4179894,0.4297052,0.4384921,0.3897707,,,,,,,,,,,,,,,,0.49022,0.8,0.3897707,0.4102293
7.0,Sticky & Sam,TARAU2,3.625,565.0,5.0,3.0,2.3333333,2.25,2.4,2.6666667,3.1428571,3.625,,,,,,,,,,,,,,,,,3.05223,5.0,2.25,2.75,,0.61593,,0.6,0.8,0.8666667,0.86875,0.8378571,0.7934524,0.7039116,0.6159226,,,,,,,,,,,,,,,,,0.76082,0.86875,0.6,0.26875
8.0,Ross & Tarryn,TARAU2,5.0,566.0,1.0,2.5,2.3333333,3.5,4.4,5.0,,,,,,,,,,,,,,,,,,,3.12222,5.0,1.0,4.0,,0.47315,,1.0,0.85,0.862963,0.7097222,0.5677778,0.4731481,,,,,,,,,,,,,,,,,,,0.74394,1.0,0.4731481,0.5268519
9.0,Kym & Donna,TARAU2,5.25,567.0,2.0,4.0,4.0,5.25,,,,,,,,,,,,,,,,,,,,,3.8125,5.25,2.0,3.25,,0.51668,,0.9,0.7,0.6888889,0.5166667,,,,,,,,,,,,,,,,,,,,,0.70139,0.9,0.5166667,0.3833333
10.0,Sue & Teresa,TARAU2,5.66667,568.0,4.0,3.5,5.6666667,,,,,,,,,,,,,,,,,,,,,,4.38889,5.6666667,3.5,2.1666667,,0.5,,0.7,0.75,0.5,,,,,,,,,,,,,,,,,,,,,,0.65,0.75,0.5,0.25
11.0,Adam & Dane,TARAU2,10.0,569.0,9.0,10.0,,,,,,,,,,,,,,,,,,,,,,,9.5,10.0,9.0,1.0,,0.1,,0.2,0.1,,,,,,,,,,,,,,,,,,,,,,,0.15,0.2,0.1,0.1
1.0,Daniel & Ryan,TARAU3,2.8,570.0,4.0,3.5,3.3333333,4.0,3.8,3.3333333,3.0,3.0,3.0,2.8,,,,,,,,,,,,,,,3.37667,4.0,2.8,1.2,,0.6731,,0.6666667,0.7083333,0.7103175,0.5744048,0.5795238,0.6496032,0.6996599,0.6747024,0.6367725,0.6730952,,,,,,,,,,,,,,,0.65731,0.7103175,0.5744048,0.1359127
2.0,Sally & Tyson,TARAU3,3.8,571.0,9.0,6.5,5.6666667,5.5,5.2,4.8333333,4.7142857,4.25,4.0,3.8,,,,,,,,,,,,,,,5.34643,9.0,3.8,5.2,,0.50575,,0.1111111,0.3680556,0.4358466,0.4102183,0.4081746,0.4401455,0.4129819,0.4863591,0.5063933,0.505754,,,,,,,,,,,,,,,0.4085,0.5063933,0.1111111,0.3952822
3.0,Ashleigh & Jarrod,TARAU3,3.6,572.0,6.0,6.5,6.0,5.25,4.6,4.1666667,4.2857143,4.0,3.6666667,3.6,,,,,,,,,,,,,,,4.8069,6.5,3.6,2.9,,0.51397,,0.4444444,0.3472222,0.3743386,0.4474206,0.5179365,0.5649471,0.4842404,0.5174603,0.5710758,0.5139683,,,,,,,,,,,,,,,0.47831,0.5710758,0.3472222,0.2238536
4.0,Carla & Hereni,TARAU3,4.11111,573.0,2.0,5.0,5.3333333,4.25,4.4,4.5,4.1428571,4.125,4.1111111,,,,,,,,,,,,,,,,4.20692,5.3333333,2.0,3.3333333,,0.41107,,0.8888889,0.5069444,0.4332011,0.5749008,0.4999206,0.4499339,0.4928005,0.4624504,0.411067,,,,,,,,,,,,,,,,0.52446,0.8888889,0.411067,0.4778219
5.0,Cat & Jesse,TARAU3,5.25,574.0,8.0,6.5,6.6666667,6.0,6.0,5.6666667,5.2857143,5.25,,,,,,,,,,,,,,,,,6.17113,8.0,5.25,2.75,,0.28314,,0.2222222,0.3611111,0.2883598,0.3412698,0.2730159,0.2941799,0.3235828,0.2831349,,,,,,,,,,,,,,,,,0.29836,0.3611111,0.2222222,0.1388889
6.0,John & Murray,TARAU3,2.16667,575.0,1.0,1.5,1.3333333,1.5,1.4,2.1666667,,,,,,,,,,,,,,,,,,,1.48333,2.1666667,1.0,1.1666667,,0.78472,,1.0,0.9375,0.9583333,0.9270833,0.9416667,0.7847222,,,,,,,,,,,,,,,,,,,0.92488,1.0,0.7847222,0.2152778
7.0,Emily & Jono,TARAU3,3.25,576.0,3.0,2.0,2.0,3.25,,,,,,,,,,,,,,,,,,,,,2.5625,3.25,2.0,1.25,,0.65873,,0.7777778,0.8888889,0.8783069,0.6587302,,,,,,,,,,,,,,,,,,,,,0.80093,0.8888889,0.6587302,0.2301587
8.0,Aston & Christie,TARAU3,7.0,577.0,7.0,6.5,7.0,,,,,,,,,,,,,,,,,,,,,,6.83333,7.0,6.5,0.5,,0.2361,,0.3333333,0.3541667,0.2361111,,,,,,,,,,,,,,,,,,,,,,0.30787,0.3541667,0.2361111,0.1180556
9.0,Elizabeth & Todd,TARAU3,7.0,578.0,5.0,7.0,,,,,,,,,,,,,,,,,,,,,,,6.0,7.0,5.0,2.0,,0.2778,,0.5555556,0.2777778,,,,,,,,,,,,,,,,,,,,,,,0.41667,0.5555556,0.2777778,0.2777778
10.0,Inga & Tiharna,TARAU3,10.0,579.0,10.0,,,,,,,,,,,,,,,,,,,,,,,,10.0,10.0,10.0,0.0,,0.0,,0.0,,,,,,,,,,,,,,,,,,,,,,,,0.0,0.0,0.0,0.0
1.0,Tim & Rod,TARAU4,3.0,580.0,4.0,4.0,3.6666667,4.0,4.2,3.8333333,3.5714286,3.375,3.3333333,3.4,3.1818182,3.0,,,,,,,,,,,,,3.63013,4.2,3.0,1.2,,0.68572,,0.7,0.6833333,0.7055556,0.6541667,0.6090476,0.6464286,0.6683673,0.6848214,0.6642857,0.6228571,0.6571429,0.6857143,,,,,,,,,,,,,0.66514,0.7055556,0.6090476,0.096508
2.0,Jasmin & Jerome,TARAU4,3.33333,581.0,6.0,5.5,5.0,4.75,4.0,3.8333333,4.0,3.875,3.6666667,3.5,3.4545455,3.3333333,,,,,,,,,,,,,4.24274,6.0,3.3333333,2.6666667,,0.59213,,0.5,0.5277778,0.5601852,0.5763889,0.6611111,0.662037,0.5960317,0.5965278,0.6135802,0.6272222,0.6005051,0.5921296,,,,,,,,,,,,,0.59279,0.662037,0.5,0.162037
3.0,Viv & Joey,TARAU4,3.83333,582.0,2.0,2.0,2.0,3.25,4.0,4.1666667,4.0,4.125,4.2222222,4.1,3.9090909,3.8333333,,,,,,,,,,,,,3.46719,4.2222222,2.0,2.2222222,,0.4464,,0.9,0.8944444,0.887963,0.7284722,0.6113492,0.5650132,0.5700113,0.5237599,0.4655644,0.4690079,0.4869769,0.4463955,,,,,,,,,,,,,0.62908,0.9,0.4463955,0.4536045
4.0,Tom & Tyler,TARAU4,1.63636,583.0,1.0,1.0,1.0,1.0,1.2,1.6666667,1.5714286,1.5,1.4444444,1.4,1.6363636,,,,,,,,,,,,,,1.31081,1.6666667,1.0,0.6666667,,0.85065,,1.0,1.0,1.0,1.0,0.9714286,0.8928571,0.9081633,0.9196429,0.9285714,0.9357143,0.8506494,,,,,,,,,,,,,,0.94609,1.0,0.8506494,0.1493506
5.0,Femi & Nick,TARAU4,5.5,584.0,5.0,7.0,7.0,7.25,6.4,6.3333333,6.0,5.75,5.5555556,5.5,,,,,,,,,,,,,,,6.17889,7.25,5.0,2.25,,0.30171,,0.6,0.3555556,0.3203704,0.2715278,0.3600794,0.3278439,0.3381519,0.3458829,0.3352293,0.3017063,,,,,,,,,,,,,,,0.35563,0.6,0.2715278,0.3284722
6.0,Sid & Ash,TARAU4,5.25,585.0,9.0,8.0,7.3333333,6.25,5.8,5.0,5.1428571,5.25,,,,,,,,,,,,,,,,,6.47202,9.0,5.0,4.0,,0.40371,,0.2,0.2666667,0.3027778,0.4145833,0.4459524,0.5382937,0.4613946,0.4037202,,,,,,,,,,,,,,,,,0.37917,0.5382937,0.2,0.3382937
7.0,Hayley & Mikayla,TARAU4,4.33333,586.0,3.0,3.0,3.6666667,3.25,3.8,4.3333333,,,,,,,,,,,,,,,,,,,3.50833,4.3333333,3.0,1.3333333,,0.53975,,0.8,0.7888889,0.6925926,0.7381944,0.6476984,0.5397487,,,,,,,,,,,,,,,,,,,0.70119,0.8,0.5397487,0.2602513
8.0,Chris & Adrienne,TARAU4,7.0,587.0,7.0,6.5,7.0,6.75,7.0,,,,,,,,,,,,,,,,,,,,6.85,7.0,6.5,0.5,,0.26888,,0.4,0.4222222,0.3231481,0.3361111,0.2688889,,,,,,,,,,,,,,,,,,,,0.35007,0.4222222,0.2688889,0.1533333
9.0,Rowah & Amani,TARAU4,8.5,588.0,8.0,8.0,8.3333333,8.5,,,,,,,,,,,,,,,,,,,,,8.20833,8.5,8.0,0.5,,0.13055,,0.3,0.2611111,0.1740741,0.1305556,,,,,,,,,,,,,,,,,,,,,0.21644,0.3,0.1305556,0.1694444
10.0,Judy & Therese,TARAU4,10.0,589.0,10.0,10.0,,,,,,,,,,,,,,,,,,,,,,,10.0,10.0,10.0,0.0,,0.05,,0.1,0.05,,,,,,,,,,,,,,,,,,,,,,,0.075,0.1,0.05,0.05
11.0,Alana & Niko,TARAU4,11.0,590.0,11.0,,,,,,,,,,,,,,,,,,,,,,,,11.0,11.0,11.0,0.0,,0.0,,0.0,,,,,,,,,,,,,,,,,,,,,,,,0.0,0.0,0.0,0.0
1.0,Brendon & Jackson,TARAU5,3.86957,591.0,12.0,7.5,5.6666667,4.5,4.2,4.5,4.5714286,4.75,4.7777778,4.7,5.0909091,5.0,4.7692308,4.5,4.5,4.6,4.6875,4.5294118,4.5,4.4210526,4.25,4.1428571,4.0,3.8695652,5.0011,12.0,3.8695652,8.1304348,,0.60257,,0.1538462,0.4935897,0.6320901,0.7240676,0.7392541,0.6785451,0.6609751,0.6252282,0.6033775,0.6097064,0.5542786,0.5557077,0.578895,0.608974,0.608974,0.5794868,0.5432689,0.5554295,0.5384612,0.536437,0.5596151,0.5647128,0.5844986,0.6025639,0.57883,0.7392541,0.1538462,0.5854079
2.0,Ashleigh & Amanda,TARAU5,2.77273,592.0,8.0,6.0,5.0,4.5,3.8,3.8,4.1666667,4.0,3.625,3.4444444,3.4,3.1818182,3.0,3.0,3.1428571,3.2666667,3.125,3.125,3.0,2.8888889,2.8947368,2.8,2.8095238,2.7727273,3.69764,8.0,2.7727273,5.2272727,,0.72252,,0.4615385,0.6057692,0.6765734,0.7119755,0.7695804,0.7695804,0.7153911,0.7203352,0.7552933,0.7701373,0.7681235,0.7892032,0.8067696,0.7996555,0.7663467,0.7374792,0.7538867,0.7538867,0.768364,0.7812327,0.757659,0.7697761,0.7331201,0.7225237,0.73601,0.8067696,0.4615385,0.3452311
3.0,Jaskirat & Anurag,TARAU5,3.47826,593.0,1.0,1.0,1.0,3.3333333,3.0,3.0,2.6666667,3.4285714,3.875,3.7777778,3.9,4.0,3.9166667,3.7692308,3.7142857,3.7333333,3.75,3.5882353,3.6666667,3.6842105,3.6,3.5714286,3.5,3.4782609,3.24807,4.0,1.0,3.0,,0.55983,,1.0,1.0,1.0,0.7878788,0.8159091,0.8027273,0.8356061,0.7340909,0.6601867,0.6732524,0.6559271,0.6352584,0.641844,0.6584055,0.6589956,0.6483959,0.6328711,0.6544669,0.6181077,0.5987336,0.6021302,0.5893304,0.5852699,0.5598234,0.71038,1.0,0.5598234,0.4401766
4.0,Chris & Aleisha,TARAU5,4.36364,594.0,3.0,5.5,6.3333333,6.5,6.0,5.8333333,5.5714286,5.125,4.7777778,4.4,4.7272727,4.8333333,4.8461538,5.0,4.8,4.6875,4.7058824,4.6666667,4.5263158,4.4,4.3809524,4.3636364,,,4.95357,6.5,3.0,3.5,,0.50509,,0.8461539,0.6314103,0.5421523,0.5202506,0.5562005,0.5468337,0.5639527,0.6028336,0.6310902,0.6679812,0.6186193,0.5908772,0.5783921,0.5472825,0.5663525,0.5726222,0.5507032,0.5339975,0.545366,0.5555977,0.5291407,0.5050889,,,0.58195,0.8461539,0.5050889,0.341065
5.0,Skye-Blue & Jake,TARAU5,4.9,595.0,6.0,8.0,6.6666667,6.25,6.0,5.1666667,5.4285714,5.625,5.4444444,5.7,5.7272727,5.8333333,5.6923077,5.5714286,5.6,5.3125,5.1176471,5.0,4.8947368,4.9,,,,,5.69653,8.0,4.8947368,3.1052632,,0.49167,,0.6153846,0.4326923,0.5308858,0.5572552,0.5658042,0.6381702,0.594622,0.5515443,0.5537537,0.5206005,0.5073641,0.4769885,0.4842531,0.49048,0.4688924,0.5020866,0.5196109,0.5185214,0.5175466,0.4916693,,,,,0.52691,0.6381702,0.4326923,0.2054779
6.0,MJ & Chelsea,TARAU5,3.4,596.0,,,,,,,3.0,2.0,2.0,3,2.5,2.5,3.4,3.8333333,3.4285714,3.25,3.2222222,3.4,,,,,,,2.96118,3.8333333,2.0,1.8333333,,0.61953,,,,,,,,0.7777778,0.8888889,0.8888889,0.7777778,0.8333333,0.8333333,0.6952381,0.6269841,0.6802721,0.6994048,0.6883598,0.6195238,,,,,,,0.75082,0.8888889,0.6195238,0.2693651
7.0,Holly & Dolor,TARAU5,6.5625,597.0,9.0,10.0,8.3333333,8.5,8.0,8.0,8.0,7.5,7.5555556,7.7,7.3636364,6.9166667,6.8461538,6.7142857,6.5333333,6.5625,,,,,,,,,7.72034,10.0,6.5333333,3.4666667,,0.35876,,0.3846154,0.275641,0.3958819,0.3650932,0.3920746,0.3475622,0.3296565,0.3665744,0.3258439,0.3043706,0.3335188,0.3771541,0.3701203,0.3742953,0.3826757,0.3587584,,,,,,,,,0.35524,0.3958819,0.275641,0.1202409
8.0,Stan & Wayne,TARAU5,6.5,598.0,,,,,,,,,,6,6.5,5.3333333,6.0,6.4,6.5,,,,,,,,,,6.12222,6.5,5.3333333,1.1666667,,0.23478,,,,,,,,,,,0.4444444,0.3472222,0.4695767,0.3521825,0.281746,0.2347884,,,,,,,,,,0.35499,0.4695767,0.2347884,0.2347883
9.0,Jordan & Violeta,TARAU5,6.75,599.0,4.0,4.5,6.3333333,7.5,8.0,7.8333333,8.0,7.625,7.1111111,7.1,6.6363636,6.75,,,,,,,,,,,,,6.78243,8.0,4.0,4.0,,0.38269,,0.7692308,0.7179487,0.5392385,0.4271562,0.3617249,0.3431041,0.3099623,0.333717,0.3760024,0.3717355,0.4174868,0.3826962,,,,,,,,,,,,,0.44583,0.7692308,0.3099623,0.4592685
10.0,Dwes & Katherine,TARAU5,7.88889,600.0,14.0,,11.5,11.0,10.0,8.8,7.6666667,7.8571429,7.625,7.8888889,,,,,,,,,,,,,,,9.59308,14.0,7.625,6.375,,0.2949,,0.0,,0.1363636,0.1515152,0.2136364,0.2959091,0.3947391,0.3383478,0.3317686,0.2949054,,,,,,,,,,,,,,,0.23969,0.3947391,0.0,0.3947391
11.0,Sefa & Jessica,TARAU5,6.71429,601.0,7.0,8.0,7.6666667,6.75,7.0,6.1666667,6.7142857,,,,,,,,,,,,,,,,,,7.04252,8.0,6.1666667,1.8333333,,0.46123,,0.5384615,0.4358974,0.4421134,0.5134033,0.4707226,0.5381022,0.4612304,,,,,,,,,,,,,,,,,,0.4857,0.5384615,0.4358974,0.1025641
12.0,Jobelle & Rani,TARAU5,8.33333,602.0,13.0,10.0,8.6666667,8.0,8.2,8.3333333,,,,,,,,,,,,,,,,,,,9.36667,13.0,8.0,5.0,,0.31132,,0.0769231,0.2884615,0.3741259,0.416958,0.3735664,0.3113054,,,,,,,,,,,,,,,,,,,0.30689,0.416958,0.0769231,0.3400349
13.0,Shane & Deb,TARAU5,4.2,603.0,5.0,3.5,2.6666667,2.5,4.2,,,,,,,,,,,,,,,,,,,,3.57333,5.0,2.5,2.5,,0.70362,,0.6923077,0.8044872,0.8696581,0.8795163,0.7036131,,,,,,,,,,,,,,,,,,,,0.78992,0.8795163,0.6923077,0.1872086
14.0,Malaan & Tina,TARAU5,10.0,604.0,11.0,8.5,9.3333333,10.0,,,,,,,,,,,,,,,,,,,,,9.70833,11.0,8.5,2.5,,0.22625,,0.2307692,0.4070513,0.3016706,0.2262529,,,,,,,,,,,,,,,,,,,,,0.29144,0.4070513,0.2262529,0.1807984
15.0,Jude & Shannon,TARAU5,11.33333,605.0,10.0,11.0,11.3333333,,,,,,,,,,,,,,,,,,,,,,10.77778,11.3333333,10.0,1.3333333,,0.13033,,0.3076923,0.1955128,0.1303419,,,,,,,,,,,,,,,,,,,,,,0.21118,0.3076923,0.1303419,0.1773504
16.0,Alex & Jack,TARAU5,7.5,606.0,2.0,7.5,,,,,,,,,,,,,,,,,,,,,,,4.75,7.5,2.0,5.5,,0.46155,,0.9230769,0.4615385,,,,,,,,,,,,,,,,,,,,,,,0.69231,0.9230769,0.4615385,0.4615384
1.0,Heath & Toni,TARAU6,3.95,607.0,,5.0,9.5,10.0,7.75,7.0,7.5,6.7142857,6.5,6.3333333,6.3,5.9090909,5.5833333,5.2307692,4.9285714,4.7333333,4.5625,4.3529412,4.1666667,4.1052632,3.95,,,,6.006,10.0,3.95,6.05,,0.67762,,,0.5555556,0.3954248,0.3747277,0.5310458,0.5819795,0.5266496,0.581284,0.5836235,0.5558135,0.5002322,0.5274838,0.5460268,0.5809478,0.6108801,0.6257103,0.6386868,0.6599405,0.6788327,0.6606485,0.6776161,,,,0.56966,0.6788327,0.3747277,0.304105
2.0,Angel & Frankie,TARAU6,3.0,608.0,,1.0,5.0,3.6666667,5.0,4.6,4.0,3.5714286,3.25,3,2.9,2.9090909,3.0,3.0,3.0,3.0,3.0,3.0588235,3.1111111,3.0526316,3.0,,,,3.30599,5.0,1.0,4.0,,0.70218,,,1.0,0.7647059,0.8431373,0.7394958,0.7630252,0.802521,0.8307323,0.8518908,0.8683473,0.8615126,0.8377387,0.7887605,0.7830317,0.7781212,0.7706909,0.7641894,0.7427665,0.7153906,0.7128262,0.7021849,,,,0.79605,1.0,0.7021849,0.2978151
3.0,Kelly & Georgia,TARAU6,5.125,609.0,1.0,,3.0,5.3333333,5.25,5.4,6.3333333,6.5714286,6.75,,,,,6.5555556,6.4,6.2727273,5.8333333,5.7692308,5.5714286,5.2666667,5.125,,,,5.402,6.75,1.0,5.75,,0.51516,,1.0,,0.8823529,0.7215686,0.7197479,0.7043697,0.6147526,0.5788788,0.544019,,,,,0.5311915,0.5209295,0.5038753,0.545219,0.5186637,0.5173306,0.5495085,0.5151642,,,,0.62297,1.0,0.5038753,0.4961247
4.0,Tiffany & Cynthia,TARAU6,6.53333,610.0,4.0,,9.5,8.3333333,10.0,9.8,8.6666667,8.8571429,8.625,,,,,8.3333333,7.9,7.5454545,7.4166667,7.0769231,6.7142857,6.5333333,,,,,7.95348,10.0,4.0,6.0,,0.41516,,0.6666667,,0.4215686,0.503268,0.377451,0.3876751,0.4619514,0.4219324,0.4191909,,,,,0.4043601,0.421067,0.4282427,0.4064447,0.4213336,0.4448097,0.4151558,,,,,0.44007,0.6666667,0.377451,0.2892157
5.0,Pako & Mori,TARAU6,2.88889,611.0,2.0,,2.0,2.6666667,2.5,2.2,2.1666667,2.4285714,3.375,3.4444444,3.2,3.0,3.0,2.9230769,2.8571429,2.7333333,2.8125,2.7647059,2.8888889,,,,,,2.72006,3.4444444,2.0,1.4444444,,0.73983,,0.8888889,,0.9150327,0.8766885,0.8896592,0.9117274,0.9125506,0.8860823,0.787822,0.7558418,0.7802576,0.8002342,0.7752147,0.7815169,0.7869187,0.8011241,0.7823039,0.7833448,0.7398257,,,,,,0.82528,0.9150327,0.7398257,0.175207
6.0,Lauren & Steph,TARAU6,5.66667,612.0,,3.0,5.5,4.3333333,6.0,5.2,5.6666667,5.8571429,5.5,,,,,,5.6666667,5.7,5.6363636,5.6666667,,,,,,,5.31057,6.0,3.0,3.0,,0.48564,,,0.7777778,0.6830065,0.7664488,0.6462652,0.7027264,0.6550498,0.6264063,0.6481055,,,,,,0.5919668,0.5494368,0.529791,0.4856418,,,,,,,0.63855,0.7777778,0.4856418,0.292136
7.0,Chelsea & Jamus,TARAU6,5.9375,613.0,9.0,,7.5,7.6666667,7.25,6.8,6.6666667,7.2857143,7.125,6.6666667,6.5,6.3636364,5.9166667,5.7692308,5.7857143,5.8666667,5.9375,,,,,,,,6.75626,9.0,5.7692308,3.2307692,,0.42535,,0.1111111,,0.4084967,0.4501089,0.498296,0.5414939,0.5484672,0.4831017,0.485214,0.5053754,0.4748379,0.4498526,0.4956982,0.5015236,0.4861087,0.4537014,0.4253451,,,,,,,,0.45742,0.5484672,0.1111111,0.4373561
8.0,Jodie & Claire,TARAU6,9.1,614.0,6.0,,11.5,10.6666667,10.0,10.2,10.5,10.2857143,9.5,,,,,9.2222222,9.1,,,,,,,,,,9.69746,11.5,6.0,5.5,,0.29546,,0.4444444,,0.251634,0.3233115,0.3674837,0.3511298,0.306497,0.3016728,0.3514637,,,,,0.3282852,0.2954567,,,,,,,,,,0.33214,0.4444444,0.251634,0.1928104
9.0,Fliss & Tottie,TARAU6,8.11111,615.0,8.0,,7.5,9.0,7.75,8.2,8.3333333,8.0,8.125,,,,,8.1111111,,,,,,,,,,,8.11327,9.0,7.5,1.5,,0.37307,,0.2222222,,0.4346405,0.3786492,0.4804155,0.455761,0.4353564,0.4510847,0.4196991,,,,,0.3730659,,,,,,,,,,,0.40565,0.4804155,0.2222222,0.2581933
10.0,Flick & Gabby,TARAU6,3.5,616.0,3.0,,2.0,2.3333333,2.5,3.4,3.6666667,3.5714286,3.375,3.2222222,3.3,3.3636364,3.5,,,,,,,,,,,,3.10269,3.6666667,2.0,1.6666667,,0.67427,,0.7777778,,0.8888889,0.8814815,0.8753968,0.8146032,0.7899471,0.7939806,0.807233,0.8101331,0.7691198,0.7355634,0.6742665,,,,,,,,,,,,0.80153,0.8888889,0.6742665,0.2146224
11.0,Stuart & Glennon,TARAU6,8.375,617.0,,8.0,9.0,8.3333333,9.5,10.4,,,,9.6666667,8.7142857,8.375,,,,,,,,,,,,,8.99866,10.4,8.0,2.4,,0.28422,,,0.2222222,0.3464052,0.4309368,0.3589169,0.3014192,,,,0.2789605,0.3248233,0.2842204,,,,,,,,,,,,,0.31849,0.4309368,0.2222222,0.2087146
12.0,Kathy & Chace,TARAU6,4.0,618.0,,2.0,2.5,,,,,,,4,,,,,,,,,,,,,,,2.83333,4.0,2.0,2.0,,0.59041,,,0.8888889,0.8856209,,,,,,,0.5904139,,,,,,,,,,,,,,,0.78831,0.8888889,0.5904139,0.298475
13.0,Morgan & Lilli,TARAU6,9.125,619.0,,9.0,10.0,11.0,11.25,10.6,9.5,8.8571429,9.125,,,,,,,,,,,,,,,,9.91652,11.25,8.8571429,2.3928571,,0.35294,,,0.1111111,0.2614379,0.2409586,0.2342904,0.2874323,0.3645269,0.4033607,0.3529406,,,,,,,,,,,,,,,,0.28201,0.4033607,0.1111111,0.2922496
14.0,Tammy & Vincent,TARAU6,9.0,620.0,5.0,,4.5,8.0,7.75,8.8,8.5,9.0,,,,,,,,,,,,,,,,,7.36429,9.0,4.5,4.5,,0.38001,,0.5555556,,0.6895425,0.4819172,0.5042951,0.4320075,0.4433396,0.3800053,,,,,,,,,,,,,,,,,0.49809,0.6895425,0.3800053,0.3095372
15.0,Crystal & Reem,TARAU6,10.66667,621.0,,4.0,10.0,8.3333333,9.75,10.2,10.6666667,,,,,,,,,,,,,,,,,,8.825,10.6666667,4.0,6.6666667,,0.30056,,,0.6666667,0.3921569,0.5058824,0.3972689,0.3606723,0.3005602,,,,,,,,,,,,,,,,,,0.4372,0.6666667,0.3005602,0.3661065
16.0,Sam & Stu,TARAU6,11.6,622.0,,7.0,9.5,11.0,10.75,11.6,,,,,,,,,,,,,,,,,,,9.97,11.6,7.0,4.6,,0.23535,,,0.3333333,0.3431373,0.2732026,0.2941877,0.2353501,,,,,,,,,,,,,,,,,,,0.29584,0.3431373,0.2353501,0.1077872
17.0,Sam & Alex,TARAU6,11.66667,623.0,,6.0,9.5,11.6666667,,,,,,,,,,,,,,,,,,,,,9.05556,11.6666667,6.0,5.6666667,,0.24619,,,0.4444444,0.369281,0.2461874,,,,,,,,,,,,,,,,,,,,,0.3533,0.4444444,0.2461874,0.198257
18.0,Jake & Holly,TARAU6,12.5,624.0,7.0,,12.5,,,,,,,,,,,,,,,,,,,,,,9.75,12.5,7.0,5.5,,0.16667,,0.3333333,,0.1666667,,,,,,,,,,,,,,,,,,,,,,0.25,0.3333333,0.1666667,0.1666666
19.0,Bren & Anja,TARAU6,10.0,625.0,,10.0,,,,,,,,,,,,,,,,,,,,,,,10.0,10.0,10.0,0.0,,0.0,,,0.0,,,,,,,,,,,,,,,,,,,,,,,0.0,0.0,0.0,0.0
20.0,Paul & Rachel,TARAU6,10.0,626.0,10.0,,,,,,,,,,,,,,,,,,,,,,,,10.0,10.0,10.0,0.0,,0.0,,0.0,,,,,,,,,,,,,,,,,,,,,,,,0.0,0.0,0.0,0.0
1.0,Darren & Tristan,TARAU7,2.41667,627.0,1.0,3.0,2.33333,2.0,2.6,2.83333,2.57143,2.75,2.77778,2.6,2.54545,2.41667,,,,,,,,,,,,,,,,,,0.74173,,1.0,0.77778,0.85185,0.88889,0.79683,0.74735,0.78345,0.71677,0.69268,0.72341,0.71825,0.74173,,,,,,,,,,,,,,,,
1.0,Emma & Hayley,TARAU7,3.08333,628.0,3.0,2.0,2.66667,3.0,3.8,4.0,4.0,3.625,3.33333,3.3,3.27273,3.08333,,,,,,,,,,,,,,,,,,0.63274,,0.8,0.9,0.80833,0.7625,0.63857,0.5877,0.56088,0.61577,0.65847,0.62595,0.59935,0.63274,,,,,,,,,,,,,,,,
1.0,Alli & Angie,TARAU7,2.91667,629.0,4.0,3.0,4.0,4.5,3.8,3.5,3.28571,3.125,3.22222,3.3,3.09091,2.91667,,,,,,,,,,,,,,,,,,0.66435,,0.7,0.79444,0.65463,0.58472,0.66778,0.69537,0.71032,0.71528,0.66358,0.59722,0.63384,0.66435,,,,,,,,,,,,,,,,
4.0,Harry & Teddy,TARAU7,4.09091,630.0,2.0,2.5,2.66667,3.75,4.2,4.5,4.57143,4.625,4.33333,4.1,4.09091,,,,,,,,,,,,,,,,,,,0.43153,,0.9,0.83889,0.80926,0.66944,0.5927,0.52169,0.47574,0.41627,0.45335,0.47468,0.43153,,,,,,,,,,,,,,,,,
5.0,Jana & Cor,TARAU7,3.88889,631.0,6.0,5.0,6.0,5.0,4.6,4.0,3.85714,3.75,3.88889,,,,,,,,,,,,,,,,,,,,,0.55344,,0.5,0.58333,0.43056,0.54167,0.57619,0.64683,0.64014,0.62262,0.55344,,,,,,,,,,,,,,,,,,,
6.0,Bec & Kate,TARAU7,5.28571,632.0,10.0,9.0,7.66667,6.5,5.6,5.16667,5.28571,,,,,,,,,,,,,,,,,,,,,,,0.44229,,0.1,0.16111,0.27407,0.39306,0.48587,0.51601,0.44229,,,,,,,,,,,,,,,,,,,,,
7.0,George & Pam,TARAU7,6.66667,633.0,5.0,6.0,7.0,7.25,6.6,6.66667,,,,,,,,,,,,,,,,,,,,,,,,0.27163,,0.6,0.46667,0.31111,0.26458,0.32595,0.27163,,,,,,,,,,,,,,,,,,,,,,
8.0,Ben & Jackie,TARAU7,5.6,634.0,7.0,6.5,5.0,5.0,5.6,,,,,,,,,,,,,,,,,,,,,,,,,0.44389,,0.4,0.42222,0.57315,0.55486,0.44389,,,,,,,,,,,,,,,,,,,,,,,
9.0,Peter & Frankie,TARAU7,8.5,635.0,9.0,9.0,8.33333,8.5,,,,,,,,,,,,,,,,,,,,,,,,,,0.14028,,0.2,0.15556,0.18704,0.14028,,,,,,,,,,,,,,,,,,,,,,,,
10.0,Grant & Chezzi,TARAU7,9.0,636.0,8.0,9.0,,,,,,,,,,,,,,,,,,,,,,,,,,,,0.15,,0.3,0.15,,,,,,,,,,,,,,,,,,,,,,,,,,
11.0,Dane & Bow,TARAU7,11.0,637.0,11.0,,,,,,,,,,,,,,,,,,,,,,,,,,,,,0.0,,0.0,,,,,,,,,,,,,,,,,,,,,,,,,,,
1.0,Patrícia & Sane,TARBR1,3.07692,638.0,3.0,3.5,3.0,3.5,3.6,3.5,3.7142857,3.625,3.6666667,3.6,3.3636364,3.25,3.0769231,,,,,,,,,,,,3.41512,3.7142857,3.0,0.7142857,,0.64845,,0.8,0.7333333,0.7805556,0.7104167,0.682619,0.6799603,0.6304422,0.6266369,0.5847884,0.5763095,0.6148268,0.6191468,0.6484432,,,,,,,,,,,,0.66827,0.8,0.5763095,0.2236905
2.0,Jonatas & Rafael,TARBR1,2.92308,639.0,2.0,1.5,4.0,3.25,3.0,2.8333333,3.0,2.875,2.8888889,3,3,3.0,2.9230769,,,,,,,,,,,,2.86695,4.0,1.5,2.5,,0.60054,,0.9,0.95,0.6333333,0.725,0.7514286,0.7650794,0.7272109,0.7363095,0.7100529,0.6640476,0.6339827,0.6089286,0.6005495,,,,,,,,,,,,0.72353,0.95,0.6005495,0.3494505
3.0,Perri & Maristela,TARBR1,2.30769,640.0,1.0,2.0,2.6666667,3.0,3.0,2.6666667,2.4285714,2.625,2.4444444,2.4,2.3636364,2.25,2.3076923,,,,,,,,,,,,2.39636,3.0,1.0,2.0,,0.73529,,1.0,0.8888889,0.8009259,0.7569444,0.7484127,0.7903439,0.8202948,0.7677579,0.7935626,0.7892063,0.7780664,0.7965608,0.7352869,,,,,,,,,,,,0.8051,1.0,0.7352869,0.2647131
4.0,Jorge & Silvia,TARBR1,4.33333,641.0,4.0,5.5,5.3333333,5.75,5.6,5.5,5.1428571,5.125,4.7777778,4.4,4.3636364,4.3333333,,,,,,,,,,,,,4.98549,5.75,4.0,1.75,,0.43016,,0.7,0.5166667,0.5111111,0.4458333,0.442381,0.4242063,0.4588435,0.4264881,0.4624339,0.5161905,0.4692641,0.4301587,,,,,,,,,,,,,0.48363,0.7,0.4242063,0.2757937
5.0,Débora & Daniela,TARBR1,4.7,642.0,8.0,6.5,6.6666667,5.75,6.0,5.6666667,5.1428571,4.625,4.6666667,4.7,,,,,,,,,,,,,,,5.77179,8.0,4.625,3.375,,0.43318,,0.3,0.4277778,0.3685185,0.4638889,0.3996825,0.4164021,0.4759637,0.5414683,0.4813051,0.4331746,,,,,,,,,,,,,,,0.43082,0.5414683,0.3,0.2414683
6.0,Andréa & Luciana,TARBR1,6.125,643.0,9.0,8.5,7.6666667,7.25,6.0,6.1666667,6.1428571,6.125,,,,,,,,,,,,,,,,,7.1064,9.0,6.0,3.0,,0.29236,,0.2,0.2111111,0.2657407,0.2930556,0.4344444,0.362037,0.334127,0.2923611,,,,,,,,,,,,,,,,,0.29911,0.4344444,0.2,0.2344444
7.0,Milene & Jaqueline,TARBR1,6.0,644.0,5.0,3.5,5.0,5.75,5.8,5.8333333,6.0,,,,,,,,,,,,,,,,,,5.26905,6.0,3.5,2.5,,0.31304,,0.6,0.7444444,0.537963,0.4347222,0.4049206,0.3652116,0.3130386,,,,,,,,,,,,,,,,,,0.48576,0.7444444,0.3130386,0.4314058
8.0,Mari Lice & Tâmisa,TARBR1,5.0,645.0,6.0,6.0,5.0,4.25,5.0,,,,,,,,,,,,,,,,,,,,5.25,6.0,4.25,1.75,,0.51388,,0.5,0.4722222,0.5648148,0.6423611,0.5138889,,,,,,,,,,,,,,,,,,,,0.53866,0.6423611,0.4722222,0.1701389
9.0,Carlos & Eduardo,TARBR1,6.5,646.0,7.0,8.0,5.6666667,6.5,,,,,,,,,,,,,,,,,,,,,6.79167,8.0,5.6666667,2.3333333,,0.37778,,0.4,0.2555556,0.5037037,0.3777778,,,,,,,,,,,,,,,,,,,,,0.38426,0.5037037,0.2555556,0.2481481
10.0,Marcelo & Narciso,TARBR1,10.0,647.0,10.0,10.0,,,,,,,,,,,,,,,,,,,,,,,10.0,10.0,10.0,0.0,,0.05,,0.1,0.05,,,,,,,,,,,,,,,,,,,,,,,0.075,0.1,0.05,0.05
11.0,Sandro & Daniel,TARBR1,11.0,648.0,11.0,,,,,,,,,,,,,,,,,,,,,,,,11.0,11.0,11.0,0.0,,0.0,,0.0,,,,,,,,,,,,,,,,,,,,,,,,0.0,0.0,0.0,0.0
1.0,Zhong Hanliang & Jackie,TARCN1,2.18182,649.0,5.0,5.0,4.3333333,3.5,3.2,2.8333333,2.7142857,2.5,2.3333333,2.3,2.1818182,,,,,,,,,,,,,,3.26328,5.0,2.1818182,2.8181818,,0.7946,,0.4285714,0.4285714,0.5079365,0.6309524,0.6647619,0.7206349,0.7248299,0.7592262,0.7859788,0.7740476,0.7945887,,,,,,,,,,,,,,0.65637,0.7945887,0.4285714,0.3660173
2.0,Li Xiaopeng & Li Anqi,TARCN1,1.72727,650.0,2.0,2.0,1.6666667,1.75,1.6,1.6666667,1.5714286,1.625,1.7777778,1.7,1.7272727,,,,,,,,,,,,,,1.73498,2.0,1.5714286,0.4285714,,0.82402,,0.8571429,0.8571429,0.9047619,0.8785714,0.9028571,0.8857143,0.9020408,0.8830357,0.8404762,0.8564286,0.824026,,,,,,,,,,,,,,0.87202,0.9047619,0.824026,0.0807359
3.0,Bai Jugang & Guan Xiaotong,TARCN1,4.8,651.0,8.0,8.0,,,,,,,6.0,5.25,4.8,,,,,,,,,,,,,,6.41,8.0,4.8,3.2,,0.21666,,0.0,0.0,,,,,,,0.25,0.2708333,0.2166667,,,,,,,,,,,,,,0.1475,0.2708333,0.0,0.2708333
4.0,Jin Dachuan & Liu Chang,TARCN1,3.6,652.0,1.0,2.5,3.6666667,3.75,3.6,3.5,3.4285714,3.5,3.5555556,3.6,,,,,,,,,,,,,,,3.21008,3.75,1.0,2.75,,0.43381,,1.0,0.7857143,0.5793651,0.5345238,0.547619,0.5563492,0.5482993,0.5110119,0.4820106,0.4338095,,,,,,,,,,,,,,,0.59787,1.0,0.4338095,0.5661905
5.0,Chen Xiaochun & Zheng Yijian,TARCN1,3.77778,653.0,4.0,2.5,2.3333333,3.25,3.4,3.6666667,3.7142857,3.625,3.7777778,,,,,,,,,,,,,,,,3.36301,4.0,2.3333333,1.6666667,,0.41719,,0.5714286,0.7857143,0.8015873,0.6011905,0.5609524,0.5007937,0.464966,0.4693452,0.4171958,,,,,,,,,,,,,,,,0.5748,0.8015873,0.4171958,0.3843915
6.0,Chen Yiru & Zhou Weitong,TARCN1,4.375,654.0,3.0,3.0,3.6666667,4.0,4.2,4.1666667,4.2857143,4.375,,,,,,,,,,,,,,,,,3.83676,4.375,3.0,1.375,,0.32024,,0.7142857,0.7142857,0.5873016,0.4904762,0.432381,0.4269841,0.3659864,0.3202381,,,,,,,,,,,,,,,,,0.50649,0.7142857,0.3202381,0.3940476
7.0,Zhang Tielin & Yueliang,TARCN1,5.16667,655.0,6.0,6.0,5.3333333,4.75,5.0,5.1666667,,,,,,,,,,,,,,,,,,,5.375,6.0,4.75,1.25,,0.27857,,0.2857143,0.2857143,0.3571429,0.4178571,0.3342857,0.2785714,,,,,,,,,,,,,,,,,,,0.32655,0.4178571,0.2785714,0.1392857
8.0,Ying Cai'er & Liu Yun,TARCN1,7.0,656.0,7.0,7.0,7.0,,,,,,,,,,,,,,,,,,,,,,7.0,7.0,7.0,0.0,,0.09527,,0.1428571,0.1428571,0.0952381,,,,,,,,,,,,,,,,,,,,,,0.12698,0.1428571,0.0952381,0.047619
1.0,Han Geng & Wu Xin,TARCN2,2.0,657.0,2.0,3.0,2.6666667,2.5,2.2,2.0,2.0,1.875,2.1111111,2,,,,,,,,,,,,,,,2.23528,3.0,1.875,1.125,,0.73667,,0.8,0.6,0.65,0.675,0.74,0.7833333,0.7666667,0.7958333,0.7074074,0.7366667,,,,,,,,,,,,,,,0.72549,0.8,0.6,0.2
2.0,Yang Qianhua & Ding Zigao,TARCN2,2.2,658.0,1.0,1.5,1.3333333,1.75,1.8,2.0,2.2857143,2.125,2.2222222,2.2,,,,,,,,,,,,,,,1.82163,2.2857143,1.0,1.2857143,,0.61333,,1.0,0.9,0.9333333,0.825,0.7933333,0.7166667,0.6142857,0.6625,0.6259259,0.6133333,,,,,,,,,,,,,,,0.76844,1.0,0.6133333,0.3866667
3.0,Xiao Yang & Wang Taili,TARCN2,3.3,659.0,5.0,5.0,4.6666667,4.5,4.2,3.8333333,3.7142857,3.625,3.3333333,3.3,,,,,,,,,,,,,,,4.11726,5.0,3.3,1.7,,0.35666,,0.2,0.2,0.2166667,0.225,0.2466667,0.3166667,0.3190476,0.3208333,0.3962963,0.3566667,,,,,,,,,,,,,,,0.27978,0.3962963,0.2,0.1962963
4.0,Jin Zhongguo & Li Guangzhu,TARCN2,2.0,660.0,,,,,,,,,2.0,,,,,,,,,,,,,,,,2.0,2.0,2.0,0.0,,0.6667,,,,,,,,,,0.6666667,,,,,,,,,,,,,,,,0.66667,0.6666667,0.6666667,0.0
5.0,Yuan Zihui & Yuan Heyu,TARCN2,2.5,661.0,,,,,,,1.0,2.5,,,,,,,,,,,,,,,,,1.75,2.5,1.0,1.5,,0.5,,,,,,,,1.0,0.5,,,,,,,,,,,,,,,,,0.75,1.0,0.5,0.5
6.0,Deng Ziqi & Zhang Yunjing,TARCN2,3.83333,662.0,6.0,4.5,4.6666667,3.75,3.8,3.8333333,,,,,,,,,,,,,,,,,,,4.425,6.0,3.75,2.25,,0.26667,,0.0,0.3,0.2,0.4,0.32,0.2666667,,,,,,,,,,,,,,,,,,,0.24778,0.4,0.0,0.4
7.0,Zeng Zhiwei & Zeng Baoyi,TARCN2,3.25,663.0,4.0,2.5,2.6666667,3.25,,,,,,,,,,,,,,,,,,,,,3.10417,4.0,2.5,1.5,,0.475,,0.4,0.7,0.6333333,0.475,,,,,,,,,,,,,,,,,,,,,0.55208,0.7,0.4,0.3
8.0,Feng Zhe & Zhu Zhu,TARCN2,4.5,664.0,3.0,4.5,,,,,,,,,,,,,,,,,,,,,,,3.75,4.5,3.0,1.5,,0.3,,0.6,0.3,,,,,,,,,,,,,,,,,,,,,,,0.45,0.6,0.3,0.3
1.0,Guo Jingjing & Huo Qigang,TARCN3,3.3,665.0,6.0,6.0,5.3333333,4.75,4.4,4.1666667,4.1428571,3.75,3.5555556,3.3,,,,,,,,,,,,,,,4.53984,6.0,3.3,2.7,,0.59215,,0.2857143,0.2857143,0.3571429,0.4345238,0.4809524,0.5007937,0.464966,0.5318452,0.5468254,0.5921429,,,,,,,,,,,,,,,0.44806,0.5921429,0.2857143,0.3064286
2.0,Jin Dachuan & Liu Chang,TARCN3,2.4,666.0,1.0,1.5,1.6666667,1.75,1.8,2.3333333,2.1428571,2.375,2.4444444,2.4,,,,,,,,,,,,,,,1.94123,2.4444444,1.0,1.4444444,,0.63903,,1.0,0.9285714,0.8968254,0.8809524,0.8714286,0.7595238,0.7938776,0.6946429,0.6544974,0.6390476,,,,,,,,,,,,,,,0.81194,1.0,0.6390476,0.3609524
3.0,Liu Xiang & Xu Qifeng,TARCN3,3.6,667.0,7.0,5.5,4.6666667,4.75,5.0,4.3333333,4.1428571,4.0,3.6666667,3.6,,,,,,,,,,,,,,,4.66595,7.0,3.6,3.4,,0.47143,,0.1428571,0.3571429,0.4603175,0.4285714,0.3761905,0.4801587,0.4829932,0.4642857,0.5238095,0.4714286,,,,,,,,,,,,,,,0.41878,0.5238095,0.1428571,0.3809524
4.0,Wu Jianhao & Yao Fengfeng,TARCN3,3.11111,668.0,3.0,4.0,4.6666667,3.75,3.2,3.3333333,3.1428571,3.0,3.1111111,,,,,,,,,,,,,,,,3.46711,4.6666667,3.0,1.6666667,,0.56959,,0.7142857,0.5714286,0.4365079,0.577381,0.6619048,0.618254,0.6370748,0.6407738,0.5695767,,,,,,,,,,,,,,,,0.60302,0.7142857,0.4365079,0.2777778
5.0,Zhang Zhehan & Zhang Sifan,TARCN3,3.85714,669.0,5.0,3.0,3.6666667,3.75,4.0,3.6666667,3.8571429,,,,,,,,,,,,,,,,,,3.84864,5.0,3.0,2.0,,0.48503,,0.4285714,0.7142857,0.5873016,0.5654762,0.5190476,0.565873,0.485034,,,,,,,,,,,,,,,,,,0.55223,0.7142857,0.4285714,0.2857143
6.0,Jin Xing & Heinz,TARCN3,5.16667,670.0,4.0,3.5,4.6666667,5.25,5.0,5.1666667,,,,,,,,,,,,,,,,,,,4.59722,5.25,3.5,1.75,,0.29762,,0.5714286,0.6428571,0.4285714,0.3214286,0.3571429,0.297619,,,,,,,,,,,,,,,,,,,0.43651,0.6428571,0.297619,0.3452381
7.0,Huang Tingting & Sun Rui,TARCN3,4.6,671.0,2.0,4.5,3.3333333,4.0,4.6,,,,,,,,,,,,,,,,,,,,3.68667,4.6,2.0,2.6,,0.43334,,0.8571429,0.5,0.6666667,0.5416667,0.4333333,,,,,,,,,,,,,,,,,,,,0.59976,0.8571429,0.4333333,0.4238096
8.0,Zhang Meixi & Zang Yafei,TARCN3,8.0,672.0,8.0,8.0,,,,,,,,,,,,,,,,,,,,,,,8.0,8.0,8.0,0.0,,0.0,,0.0,0.0,,,,,,,,,,,,,,,,,,,,,,,0.0,0.0,0.0,0.0
1.0,Jia Jingwen & Xiu Jiekai,TARCN4,2.4,673.0,6.0,6.0,4.3333333,3.5,3.0,3.0,2.7142857,2.75,2.5555556,2.4,,,,,,,,,,,,,,,3.62532,6.0,2.4,3.6,,0.72857,,0.1666667,0.2261905,0.484127,0.6130952,0.6904762,0.6587302,0.707483,0.6607143,0.6984127,0.7285714,,,,,,,,,,,,,,,0.56345,0.7285714,0.1666667,0.5619047
2.0,Zheng Yuanchang & Wang Likun,TARCN4,2.7,674.0,3.0,2.0,2.0,2.75,3.2,2.8333333,2.7142857,2.875,2.7777778,2.7,,,,,,,,,,,,,,,2.68504,3.2,2.0,1.2,,0.59738,,0.6666667,0.8333333,0.8412698,0.7142857,0.6114286,0.6761905,0.6867347,0.6008929,0.6082011,0.597381,,,,,,,,,,,,,,,0.68364,0.8412698,0.597381,0.2438888
3.0,Wu Minxia & Zhang Xiaocheng,TARCN4,2.9,675.0,2.0,3.5,3.6666667,3.25,3.2,3.0,3.0,2.875,2.8888889,2.9,,,,,,,,,,,,,,,3.02806,3.6666667,2.0,1.6666667,,0.55166,,0.8333333,0.6309524,0.6111111,0.6666667,0.6533333,0.6694444,0.6452381,0.6479167,0.612963,0.5516667,,,,,,,,,,,,,,,0.65226,0.8333333,0.5516667,0.2816666
4.0,Qiang Zi & Zhang Xingyue,TARCN4,3.55556,676.0,4.0,3.0,4.3333333,4.25,3.8,3.8333333,3.8571429,3.5,3.5555556,,,,,,,,,,,,,,,,3.79215,4.3333333,3.0,1.3333333,,0.47778,,0.5,0.6785714,0.5,0.5,0.56,0.5083333,0.4714286,0.5375,0.4777778,,,,,,,,,,,,,,,,0.52596,0.6785714,0.4714286,0.2071428
5.0,Zhang Jike & Zhang Chuanming,TARCN4,5.66667,677.0,,8.0,7.0,6.6666667,6.0,5.8,5.6666667,,,,,,,,,,,,,,,,,,6.52222,8.0,5.6666667,2.3333333,,0.14207,,,0.0,0.1428571,0.1507937,0.2130952,0.1704762,0.1420635,,,,,,,,,,,,,,,,,,0.13655,0.2130952,0.0,0.2130952
6.0,Lu Ting & Xuyang Yuzhuo,TARCN4,4.6,678.0,5.0,4.5,4.6666667,4.25,4.6,,,,,,,,,,,,,,,,,,,,4.60333,5.0,4.25,0.75,,0.4,,0.3333333,0.452381,0.4444444,0.5,0.4,,,,,,,,,,,,,,,,,,,,0.42603,0.5,0.3333333,0.1666667
7.0,Fan Bingbing & Xie Yilin,TARCN4,3.5,679.0,1.0,2.0,2.3333333,3.5,,,,,,,,,,,,,,,,,,,,,2.20833,3.5,1.0,2.5,,0.60715,,1.0,0.8571429,0.8095238,0.6071429,,,,,,,,,,,,,,,,,,,,,0.81845,1.0,0.6071429,0.3928571
8.0,Deng Bin & Wang Xinyu,TARCN4,7.33333,680.0,7.0,7.0,7.3333333,,,,,,,,,,,,,,,,,,,,,,7.11111,7.3333333,7.0,0.3333333,,0.04763,,0.0,0.0714286,0.047619,,,,,,,,,,,,,,,,,,,,,,0.03968,0.0714286,0.0,0.0714286
1.0,Charlie & Rachel,TARCR1,2.16667,681.0,1.0,2.0,2.0,1.75,2.2,2.0,2.0,1.875,2.2222222,2.4,2.2727273,2.1666667,,,,,,,,,,,,,1.99055,2.4,1.0,1.4,,0.76273,,1.0,0.8888889,0.8842593,0.9131944,0.8305556,0.8587963,0.843254,0.8628472,0.7669753,0.7152778,0.7411616,0.7627315,,,,,,,,,,,,,0.839,1.0,0.7152778,0.2847222
2.0,Rick & Josh,TARCR1,2.16667,682.0,3.0,2.0,1.6666667,2.0,1.8,2.3333333,2.1428571,2.25,2.2222222,2.1,2.1818182,2.1666667,,,,,,,,,,,,,2.1553,3.0,1.6666667,1.3333333,,0.73128,,0.7777778,0.8888889,0.9259259,0.8730159,0.8984127,0.7820106,0.8131519,0.7740079,0.7713404,0.7942063,0.7523088,0.7312831,,,,,,,,,,,,,0.81519,0.9259259,0.7312831,0.1946428
3.0,Deepak & Naresh,TARCR1,4.41667,683.0,9.0,7.0,6.3333333,5.75,5.8,5.3333333,5.1428571,5.125,5.0,4.8,4.5454545,4.4166667,,,,,,,,,,,,,5.68722,9.0,4.4166667,4.5833333,,0.34763,,0.1111111,0.3333333,0.3888889,0.4345238,0.3809524,0.4174603,0.3935374,0.3443452,0.3338624,0.3504762,0.3792208,0.347619,,,,,,,,,,,,,0.35128,0.4345238,0.1111111,0.3234127
4.0,Lisa & Karen,TARCR1,4.81818,684.0,5.0,6.5,7.0,6.5,6.2,5.8333333,5.7142857,5.5,5.2222222,4.9,4.8181818,,,,,,,,,,,,,,5.74437,7.0,4.8181818,2.1818182,,0.32406,,0.5555556,0.3888889,0.3009259,0.3328373,0.3329365,0.3441138,0.2949546,0.2893353,0.3127425,0.3564683,0.324062,,,,,,,,,,,,,,0.34844,0.5555556,0.2893353,0.2662203
5.0,Sarah & Molly,TARCR1,3.4,685.0,4.0,4.0,4.0,4.5,4.2,3.8333333,3.7142857,3.5,3.2222222,3.4,,,,,,,,,,,,,,,3.83698,4.5,3.2222222,1.2777778,,0.59608,,0.6666667,0.6666667,0.6527778,0.5610119,0.5821429,0.6184524,0.6015306,0.6200893,0.6623016,0.5960714,,,,,,,,,,,,,,,0.62277,0.6666667,0.5610119,0.1056548
6.0,Sean & Amy,TARCR1,2.83333,686.0,2.0,2.0,2.3333333,2.25,2.2,2.8333333,,,,,,,,,,,,,,,,,,,2.26944,2.8333333,2.0,0.8333333,,0.70303,,0.8888889,0.8888889,0.8425926,0.8462302,0.8436508,0.7030423,,,,,,,,,,,,,,,,,,,0.83555,0.8888889,0.7030423,0.1858466
7.0,Bonnie & Mel,TARCR1,6.6,687.0,7.0,6.5,6.3333333,6.5,6.6,,,,,,,,,,,,,,,,,,,,6.58667,7.0,6.3333333,0.6666667,,0.25912,,0.3333333,0.3888889,0.3842593,0.3239087,0.259127,,,,,,,,,,,,,,,,,,,,0.3379,0.3888889,0.259127,0.1297619
8.0,Janis & Aleksandra,TARCR1,7.0,688.0,6.0,6.5,6.6666667,7.0,,,,,,,,,,,,,,,,,,,,,6.54167,7.0,6.0,1.0,,0.25693,,0.4444444,0.3888889,0.3425926,0.2569444,,,,,,,,,,,,,,,,,,,,,0.35822,0.4444444,0.2569444,0.1875
9.0,Miguel & Hector,TARCR1,8.66667,689.0,8.0,8.5,8.6666667,,,,,,,,,,,,,,,,,,,,,,8.38889,8.6666667,8.0,0.6666667,,0.1111,,0.2222222,0.1666667,0.1111111,,,,,,,,,,,,,,,,,,,,,,0.16667,0.2222222,0.1111111,0.1111111
10.0,Paul & Francis,TARCR1,10.0,690.0,10.0,10.0,,,,,,,,,,,,,,,,,,,,,,,10.0,10.0,10.0,0.0,,0.0,,0.0,0.0,,,,,,,,,,,,,,,,,,,,,,,0.0,0.0,0.0,0.0
1.0,Lily & Jan,TARCR2,2.75,691.0,3.0,4.0,5.0,4.5,4.0,3.5,3.7142857,3.375,3.2222222,3,2.9090909,2.75,,,,,,,,,,,,,3.58088,5.0,2.75,2.25,,0.73083,,0.8,0.6777778,0.5351852,0.5799603,0.6306349,0.6921958,0.6218821,0.6691468,0.6781305,0.7103175,0.7063492,0.7308201,,,,,,,,,,,,,0.66937,0.8,0.5351852,0.2648148
2.0,Simon & Katherine,TARCR2,4.75,692.0,6.0,7.0,6.6666667,6.5,6.2,6.1666667,5.7142857,5.625,5.4444444,5.2,5,4.75,,,,,,,,,,,,,5.85559,7.0,4.75,2.25,,0.35552,,0.5,0.3611111,0.3657407,0.3457341,0.343254,0.3138228,0.3547052,0.3353671,0.3258818,0.3432937,0.3423882,0.3555225,,,,,,,,,,,,,0.35724,0.5,0.3138228,0.1861772
3.0,Sun Bin & Hao Fei'er,TARCR2,2.91667,693.0,8.0,8.5,6.0,4.75,4.0,3.6666667,3.4285714,3.25,3.2222222,3.1,2.9090909,2.9166667,,,,,,,,,,,,,4.4786,8.5,2.9090909,5.5909091,,0.67453,,0.3,0.2055556,0.4703704,0.6027778,0.6822222,0.7074074,0.7206349,0.7305556,0.7049383,0.7094444,0.7358586,0.674537,,,,,,,,,,,,,0.60369,0.7358586,0.2055556,0.530303
4.0,Matt & Kylie,TARCR2,4.36364,694.0,10.0,8.5,6.3333333,5.75,5.4,5.3333333,5.1428571,4.875,4.4444444,4.4,4.3636364,,,,,,,,,,,,,,5.86751,10.0,4.3636364,5.6363636,,0.45118,,0.1,0.2166667,0.4361111,0.4699405,0.4759524,0.4521825,0.4447279,0.4641369,0.5236772,0.4963095,0.4511905,,,,,,,,,,,,,,0.4119,0.5236772,0.1,0.4236772
5.0,Mary & Cecilia,TARCR2,4.2,695.0,1.0,1.0,3.3333333,4.25,4.6,4.5,4.0,4.0,4.1111111,4.2,,,,,,,,,,,,,,,3.49944,4.6,1.0,3.6,,0.43346,,1.0,1.0,0.7083333,0.5669643,0.4869048,0.4890873,0.5620748,0.5418155,0.4816138,0.4334524,,,,,,,,,,,,,,,0.62702,1.0,0.4334524,0.5665476
6.0,Elena & Tameka,TARCR2,4.0,696.0,7.0,4.5,4.0,3.5,3.4,3.3333333,3.7142857,4.0,,,,,,,,,,,,,,,,,4.18095,7.0,3.3333333,3.6666667,,0.52868,,0.4,0.6444444,0.6796296,0.7240079,0.7125397,0.7048942,0.604195,0.5286706,,,,,,,,,,,,,,,,,0.6248,0.7240079,0.4,0.3240079
7.0,Rhett & Howie,TARCR2,5.66667,697.0,5.0,5.5,5.0,5.0,5.4,5.6666667,,,,,,,,,,,,,,,,,,,5.26111,5.6666667,5.0,0.6666667,,0.34967,,0.6,0.5222222,0.5564815,0.524504,0.4196032,0.3496693,,,,,,,,,,,,,,,,,,,0.49541,0.6,0.3496693,0.2503307
8.0,Summer & Eachen,TARCR2,5.25,698.0,4.0,4.0,4.3333333,5.25,,,,,,,,,,,,,,,,,,,,,4.39583,5.25,4.0,1.25,,0.46668,,0.7,0.6833333,0.6222222,0.4666667,,,,,,,,,,,,,,,,,,,,,0.61806,0.7,0.4666667,0.2333333
9.0,Xiao Long & Lv Meng,TARCR2,4.66667,699.0,2.0,2.5,4.6666667,,,,,,,,,,,,,,,,,,,,,,3.05556,4.6666667,2.0,2.6666667,,0.55927,,0.9,0.8388889,0.5592593,,,,,,,,,,,,,,,,,,,,,,0.76605,0.9,0.5592593,0.3407407
10.0,A Lai & Jackie,TARCR2,9.5,700.0,9.0,9.5,,,,,,,,,,,,,,,,,,,,,,,9.25,9.5,9.0,0.5,,0.1,,0.2,0.1,,,,,,,,,,,,,,,,,,,,,,,0.15,0.2,0.1,0.1
11.0,Paul & Nash,TARCR2,11.0,701.0,11.0,,,,,,,,,,,,,,,,,,,,,,,,11.0,11.0,11.0,0.0,,0.0,,0.0,,,,,,,,,,,,,,,,,,,,,,,,0.0,0.0,0.0,0.0
1.0,Liu Weiwei & Lei Sheng,TARCR3,2.5,702.0,1.0,1.0,2.3333333,3.0,3.0,3.1666667,2.8571429,3.0,2.7777778,2.6,2.6363636,2.5,,,,,,,,,,,,,2.48927,3.1666667,1.0,2.1666667,,0.74563,,1.0,1.0,0.8333333,0.7321429,0.7285714,0.702381,0.744898,0.7017857,0.7349206,0.7614286,0.7225108,0.7456349,,,,,,,,,,,,,0.78397,1.0,0.7017857,0.2982143
2.0,Christine & Steven,TARCR3,4.0,703.0,4.0,3.5,4.6666667,5.25,5.4,5.0,5.1428571,4.75,4.4444444,4.4,4.1818182,4.0,,,,,,,,,,,,,4.56132,5.4,3.5,1.9,,0.50034,,0.7,0.7388889,0.5759259,0.4676587,0.4312698,0.4784392,0.4339002,0.4796627,0.5097002,0.4837302,0.5003608,0.5003307,,,,,,,,,,,,,0.52499,0.7388889,0.4312698,0.3076191
3.0,Ryan & Charlie,TARCR3,2.91667,704.0,5.0,5.0,4.3333333,3.5,3.2,2.8333333,3.0,3.0,3.1111111,3.1,2.9090909,2.9166667,,,,,,,,,,,,,3.49196,5.0,2.8333333,2.1666667,,0.63439,,0.6,0.5777778,0.6351852,0.7263889,0.7525397,0.7937831,0.7518141,0.7328373,0.6791887,0.6612698,0.6920635,0.6343915,,,,,,,,,,,,,0.68644,0.7937831,0.5777778,0.2160053
4.0,Zhang Yelin & Li Yang,TARCR3,4.54545,705.0,9.0,6.5,6.3333333,5.5,6.0,5.8333333,5.7142857,5.125,4.8888889,4.6,4.5454545,,,,,,,,,,,,,,5.82185,9.0,4.5454545,4.4545455,,0.45163,,0.2,0.4333333,0.4138889,0.4889881,0.3911905,0.3974206,0.3882653,0.4647321,0.4686508,0.4967857,0.4516234,,,,,,,,,,,,,,0.41772,0.4967857,0.2,0.2967857
5.0,Janelle & Karin,TARCR3,4.9,706.0,6.0,7.5,5.3333333,5.5,5.2,5.3333333,4.8571429,4.875,4.8888889,4.9,,,,,,,,,,,,,,,5.43877,7.5,4.8571429,2.6428571,,0.37872,,0.5,0.3055556,0.537037,0.4742064,0.4936508,0.4589947,0.5124717,0.4734127,0.4208113,0.3787302,,,,,,,,,,,,,,,0.45549,0.537037,0.3055556,0.2314814
6.0,Khai Shing & Khai Sheng,TARCR3,3.625,707.0,7.0,6.5,5.0,4.25,3.6,3.3333333,3.2857143,3.625,,,,,,,,,,,,,,,,,4.57426,7.0,3.2857143,3.7142857,,0.63754,,0.4,0.4222222,0.5731481,0.6441468,0.7153175,0.738955,0.7286281,0.6375496,,,,,,,,,,,,,,,,,0.6075,0.738955,0.4,0.338955
7.0,Henry & Jennifer,TARCR3,7.42857,708.0,10.0,8.5,8.3333333,8.25,7.6,7.5,7.4285714,,,,,,,,,,,,,,,,,,8.23027,10.0,7.4285714,2.5714286,,0.1614,,0.1,0.2166667,0.1861111,0.1395833,0.197381,0.1882937,0.1613946,,,,,,,,,,,,,,,,,,0.16992,0.2166667,0.1,0.1166667
8.0,Xiao Bing & Xiao Bang,TARCR3,4.66667,709.0,3.0,2.5,3.0,3.25,4.0,4.6666667,,,,,,,,,,,,,,,,,,,3.40278,4.6666667,2.5,2.1666667,,0.5047,,0.8,0.8444444,0.7712963,0.7213294,0.6056349,0.5046958,,,,,,,,,,,,,,,,,,,0.7079,0.8444444,0.5046958,0.3397486
9.0,Yu Ping & Yu Chenjing,TARCR3,6.33333,710.0,2.0,5.0,6.3333333,,,,,,,,,,,,,,,,,,,,,,4.44444,6.3333333,2.0,4.3333333,,0.37407,,0.9,0.5611111,0.3740741,,,,,,,,,,,,,,,,,,,,,,0.61173,0.9,0.3740741,0.5259259
10.0,Nick & Brandon,TARCR3,9.0,711.0,8.0,9.0,,,,,,,,,,,,,,,,,,,,,,,8.5,9.0,8.0,1.0,,0.15,,0.3,0.15,,,,,,,,,,,,,,,,,,,,,,,0.225,0.3,0.15,0.15
11.0,Rob & Jia Jia,TARCR3,11.0,712.0,11.0,,,,,,,,,,,,,,,,,,,,,,,,11.0,11.0,11.0,0.0,,0.0,,0.0,,,,,,,,,,,,,,,,,,,,,,,,0.0,0.0,0.0,0.0
1.0,Anthony & Sonja,TARFR1,2.9,713.0,2.0,3.5,4.6666667,4.0,3.4,3.1666667,3.1428571,3.25,3.1111111,2.9,,,,,,,,,,,,,,,3.31373,4.6666667,2.0,2.6666667,,0.60536,,0.875,0.6517857,0.4345238,0.5342262,0.627381,0.6478175,0.6267007,0.5483631,0.5615079,0.6053571,,,,,,,,,,,,,,,0.61127,0.875,0.4345238,0.4404762
2.0,Hadj & Yacim,TARFR1,3.4,714.0,3.0,3.0,4.0,4.5,4.4,4.5,4.0,3.875,3.5555556,3.4,,,,,,,,,,,,,,,3.82306,4.5,3.0,1.5,,0.5031,,0.75,0.7321429,0.5436508,0.4494048,0.4395238,0.3662698,0.4568027,0.441369,0.5034392,0.5030952,,,,,,,,,,,,,,,0.51857,0.75,0.3662698,0.3837302
3.0,Alice & Stéphanie,TARFR1,3.3,715.0,5.0,3.5,3.6666667,3.5,3.8,3.6666667,3.7142857,3.375,3.3333333,3.3,,,,,,,,,,,,,,,3.6856,5.0,3.3,1.7,,0.48071,,0.5,0.6785714,0.6190476,0.6309524,0.5447619,0.5373016,0.4962585,0.5592262,0.534127,0.4807143,,,,,,,,,,,,,,,0.5581,0.6785714,0.4807143,0.1978571
4.0,Heïdi & Michel,TARFR1,2.88889,716.0,1.0,3.5,3.3333333,2.75,2.8,3.0,2.8571429,2.75,2.8888889,,,,,,,,,,,,,,,,2.76437,3.5,1.0,2.5,,0.5799,,1.0,0.6428571,0.6507937,0.7380952,0.7104762,0.6337302,0.6503401,0.652381,0.5798942,,,,,,,,,,,,,,,,0.6954,1.0,0.5798942,0.4201058
5.0,Francis & Benjamin,TARFR1,3.71429,717.0,7.0,5.5,4.3333333,4.5,4.0,3.5,3.7142857,,,,,,,,,,,,,,,,,,4.64966,7.0,3.5,3.5,,0.54114,,0.25,0.4107143,0.5515873,0.4970238,0.557619,0.6313492,0.5411565,,,,,,,,,,,,,,,,,,0.49135,0.6313492,0.25,0.3813492
6.0,Oucéni & Lassana,TARFR1,4.0,718.0,8.0,4.5,3.3333333,3.5,4.0,,,,,,,,,,,,,,,,,,,,4.66667,8.0,3.3333333,4.6666667,,0.525,,0.125,0.5625,0.7083333,0.65625,0.525,,,,,,,,,,,,,,,,,,,,0.51542,0.7083333,0.125,0.5833333
7.0,Mathilde & Séverine,TARFR1,5.75,719.0,4.0,5.5,5.3333333,5.75,,,,,,,,,,,,,,,,,,,,,5.14583,5.75,4.0,1.75,,0.2753,,0.625,0.3839286,0.3670635,0.2752976,,,,,,,,,,,,,,,,,,,,,0.41282,0.625,0.2752976,0.3497024
8.0,Fabien & Aurélien,TARFR1,7.0,720.0,6.0,7.0,,,,,,,,,,,,,,,,,,,,,,,6.5,7.0,6.0,1.0,,0.1875,,0.375,0.1875,,,,,,,,,,,,,,,,,,,,,,,0.28125,0.375,0.1875,0.1875
9.0,Antoine & Héléna,TARFR1,9.0,721.0,9.0,,,,,,,,,,,,,,,,,,,,,,,,9.0,9.0,9.0,0.0,,0.0,,0.0,,,,,,,,,,,,,,,,,,,,,,,,0.0,0.0,0.0,0.0
1.0,Shay & Guy,TARIL1,2.7,722.0,7.0,4.5,3.6666667,4.0,4.0,3.5,3.1428571,3.0,2.8888889,2.7,,,,,,,,,,,,,,,3.83984,7.0,2.7,4.3,,0.74425,,0.3333333,0.6111111,0.6990741,0.6314484,0.6051587,0.6709656,0.7179705,0.7219742,0.7158289,0.744246,,,,,,,,,,,,,,,0.64511,0.744246,0.3333333,0.4109127
2.0,Maya & Amichay,TARIL1,2.2,723.0,1.0,1.0,1.6666667,1.5,1.4,1.6666667,2.0,2.125,2.2222222,2.2,,,,,,,,,,,,,,,1.67806,2.2222222,1.0,1.2222222,,0.69333,,1.0,1.0,0.9166667,0.9375,0.95,0.8916667,0.8,0.7625,0.7148148,0.6933333,,,,,,,,,,,,,,,0.86665,1.0,0.6933333,0.3066667
3.0,Tom & Gil,TARIL1,3.5,724.0,5.0,4.5,4.3333333,4.25,4.6,4.1666667,3.8571429,3.875,3.5555556,3.5,,,,,,,,,,,,,,,4.16377,5.0,3.5,1.5,,0.53854,,0.5555556,0.6111111,0.6157407,0.6046627,0.5170635,0.5642196,0.5907596,0.5481647,0.5983686,0.5385317,,,,,,,,,,,,,,,0.57442,0.6157407,0.5170635,0.0986772
4.0,Michal & Ran,TARIL1,3.11111,725.0,3.0,3.0,3.6666667,3.25,3.0,3.3333333,3.2857143,3.0,3.1111111,,,,,,,,,,,,,,,,3.18298,3.6666667,3.0,0.6666667,,0.60511,,0.7777778,0.7777778,0.6851852,0.7281746,0.7492064,0.657672,0.6351474,0.680754,0.6051146,,,,,,,,,,,,,,,,0.69965,0.7777778,0.6051146,0.1726632
5.0,Hadas & Inbal,TARIL1,4.875,726.0,4.0,6.0,6.3333333,5.5,5.0,4.8333333,4.8571429,4.875,,,,,,,,,,,,,,,,,5.17485,6.3333333,4.0,2.3333333,,0.36499,,0.6666667,0.4444444,0.3796296,0.4632937,0.5039683,0.4866402,0.4171202,0.3649802,,,,,,,,,,,,,,,,,0.46584,0.6666667,0.3649802,0.3016865
6.0,Yael & Eliana,TARIL1,5.16667,727.0,2.0,4.0,4.6666667,5.0,5.0,5.1666667,,,,,,,,,,,,,,,,,,,4.30556,5.1666667,2.0,3.1666667,,0.38788,,0.8888889,0.6666667,0.5694444,0.4985119,0.4654762,0.3878968,,,,,,,,,,,,,,,,,,,0.57948,0.8888889,0.3878968,0.5009921
7.0,Hannah & Margalit,TARIL1,6.4,728.0,9.0,9.0,6.3333333,6.5,6.6,,,,,,,,,,,,,,,,,,,,7.48667,9.0,6.3333333,2.6666667,,0.30636,,0.1111111,0.1111111,0.4074074,0.3412698,0.2730159,,,,,,,,,,,,,,,,,,,,0.24878,0.4074074,0.1111111,0.2962963
8.0,Alen & Inbal,TARIL1,7.25,729.0,8.0,6.5,7.0,7.25,,,,,,,,,,,,,,,,,,,,,7.1875,8.0,6.5,1.5,,0.2257,,0.2222222,0.3888889,0.3009259,0.2256944,,,,,,,,,,,,,,,,,,,,,0.28443,0.3888889,0.2222222,0.1666667
9.0,Asher & Maor,TARIL1,8.66667,730.0,10.0,8.5,8.6666667,,,,,,,,,,,,,,,,,,,,,,9.05556,10.0,8.5,1.5,,0.1111,,0.0,0.1666667,0.1111111,,,,,,,,,,,,,,,,,,,,,,0.09259,0.1666667,0.0,0.1666667
10.0,Liran & Elena,TARIL1,8.0,731.0,6.0,8.0,,,,,,,,,,,,,,,,,,,,,,,7.0,8.0,6.0,2.0,,0.2222,,0.4444444,0.2222222,,,,,,,,,,,,,,,,,,,,,,,0.33333,0.4444444,0.2222222,0.2222222
1.0,Bar & Inna,TARIL2,4.0,732.0,8.0,8.0,7.3333333,7.0,5.8,5.3333333,5.1428571,5.125,5.1111111,4.7,4.5454545,4.25,4.0,,,,,,,,,,,,5.71855,8.0,4.0,4.0,,0.47775,,0.3,0.2125,0.2369048,0.2193452,0.3754762,0.4128968,0.4110544,0.3596726,0.319709,0.3877381,0.3827922,0.4342262,0.4777473,,,,,,,,,,,,0.34847,0.4777473,0.2125,0.2652473
2.0,Alon & Oren,TARIL2,2.0,733.0,3.0,2.0,2.0,2.0,2.0,2.0,1.8571429,1.75,1.8888889,1.9,1.9090909,2.0,2.0,,,,,,,,,,,,2.02347,3.0,1.75,1.25,,0.75952,,0.8,0.9,0.8857143,0.872619,0.8647619,0.8539683,0.8748299,0.8904762,0.8470899,0.837381,0.8218615,0.7811508,0.7595238,,,,,,,,,,,,0.84534,0.9,0.7595238,0.1404762
3.0,Anaelle & Akiva,TARIL2,2.69231,734.0,1.0,3.0,3.0,3.5,3.8,3.3333333,3.1428571,3.0,2.8888889,2.9,2.7272727,2.6666667,2.6923077,,,,,,,,,,,,2.89626,3.8,1.0,2.8,,0.64212,,1.0,0.75,0.7380952,0.6369048,0.5761905,0.6468254,0.6687075,0.678869,0.6867725,0.6680952,0.6982684,0.6956349,0.6421245,,,,,,,,,,,,0.69896,1.0,0.5761905,0.4238095
4.0,Tom & Adele,TARIL2,4.16667,735.0,5.0,4.0,4.3333333,5.0,5.2,5.0,4.7142857,4.625,4.2222222,4.2,4.1818182,4.1666667,,,,,,,,,,,,,4.55361,5.2,4.0,1.2,,0.37044,,0.6,0.675,0.5928571,0.4446429,0.3890476,0.390873,0.4207483,0.3994048,0.4661376,0.4445238,0.4041126,0.3704365,,,,,,,,,,,,,0.46648,0.675,0.3704365,0.3045635
5.0,Osnat & Carmit,TARIL2,4.7,736.0,6.0,5.0,5.6666667,5.25,4.8,5.0,5.0,4.75,4.6666667,4.7,,,,,,,,,,,,,,,5.08333,6.0,4.6666667,1.3333333,,0.33846,,0.5,0.5625,0.422619,0.4419643,0.4869048,0.405754,0.3763605,0.3918155,0.3760582,0.3384524,,,,,,,,,,,,,,,0.43024,0.5625,0.3384524,0.2240476
6.0,Pundak & Moti,TARIL2,3.28571,737.0,2.0,2.0,1.6666667,2.0,2.4,2.8333333,3.2857143,,,,,,,,,,,,,,,,,,2.31224,3.2857143,1.6666667,1.6190476,,0.59167,,0.9,0.8875,0.925,0.8604167,0.7883333,0.6902778,0.5916667,,,,,,,,,,,,,,,,,,0.80617,0.925,0.5916667,0.3333333
7.0,Alon & Hen,TARIL2,4.4,738.0,4.0,5.0,4.6666667,3.75,4.4,,,,,,,,,,,,,,,,,,,,4.36333,5.0,3.75,1.25,,0.52928,,0.7,0.5375,0.5488095,0.6616071,0.5292857,,,,,,,,,,,,,,,,,,,,0.59544,0.7,0.5292857,0.1707143
8.0,Firass & Shira,TARIL2,7.33333,739.0,7.0,7.0,7.3333333,,,,,,,,,,,,,,,,,,,,,,7.11111,7.3333333,7.0,0.3333333,,0.21667,,0.4,0.325,0.2166667,,,,,,,,,,,,,,,,,,,,,,0.31389,0.4,0.2166667,0.1833333
9.0,Nitzan & Fifi,TARIL2,9.0,740.0,9.0,9.0,,,,,,,,,,,,,,,,,,,,,,,9.0,9.0,9.0,0.0,,0.1,,0.2,0.1,,,,,,,,,,,,,,,,,,,,,,,0.15,0.2,0.1,0.1
10.0,Tal & Mor,TARIL2,10.0,741.0,10.0,,,,,,,,,,,,,,,,,,,,,,,,10.0,10.0,10.0,0.0,,0.1,,0.1,,,,,,,,,,,,,,,,,,,,,,,,0.1,0.1,0.1,0.0
11.0,Gadi & Alona,TARIL2,11.0,742.0,11.0,,,,,,,,,,,,,,,,,,,,,,,,11.0,11.0,11.0,0.0,,0.0,,0.0,,,,,,,,,,,,,,,,,,,,,,,,0.0,0.0,0.0,0.0
1.0,Talia & Koby,TARIL3,3.69231,743.0,5.0,5.5,6.3333333,6.75,6.2,5.8333333,5.1428571,4.625,4.3333333,4.4,4.1818182,3.9166667,3.6923077,,,,,,,,,,,,5.0699,6.75,3.6923077,3.0576923,,0.63726,,0.6,0.5222222,0.4222222,0.3479167,0.392619,0.4224206,0.504932,0.5668155,0.5927249,0.5534524,0.5713203,0.6070437,0.6372711,,,,,,,,,,,,0.51854,0.6372711,0.3479167,0.2893544
2.0,Romi & Coral,TARIL3,3.15385,744.0,3.0,3.0,3.3333333,2.75,2.8,2.8333333,3.4285714,3.5,3.5555556,3.5,3.2727273,3.25,3.1538462,,,,,,,,,,,,3.18287,3.5555556,2.75,0.8055556,,0.61588,,0.8,0.7888889,0.7481482,0.8111111,0.791746,0.778836,0.6675737,0.646627,0.619224,0.6173016,0.6520924,0.6255291,0.615873,,,,,,,,,,,,0.70484,0.8111111,0.615873,0.1952381
3.0,Ma'Ayan & Bat-El,TARIL3,4.30769,745.0,9.0,9.0,7.6666667,6.75,6.4,6.1666667,6.0,5.625,5.1111111,4.7,4.6363636,4.4166667,4.3076923,,,,,,,,,,,,6.13694,9.0,4.3076923,4.6923077,,0.48197,,0.2,0.1555556,0.2888889,0.3729167,0.3840476,0.3914683,0.3831633,0.4186012,0.4832011,0.534881,0.5089827,0.522123,0.4819597,,,,,,,,,,,,0.39429,0.534881,0.1555556,0.3793254
4.0,David & Eliran,TARIL3,3.16667,746.0,4.0,4.5,5.3333333,4.75,4.0,3.6666667,3.4285714,3.25,3.2222222,3.1,3.0909091,3.1666667,,,,,,,,,,,,,3.79236,5.3333333,3.0909091,2.2424242,,0.64688,,0.7,0.6277778,0.5296296,0.5847222,0.6677778,0.6993386,0.7184807,0.7328373,0.7180776,0.7262698,0.7056999,0.6468915,,,,,,,,,,,,,0.67146,0.7328373,0.5296296,0.2032077
5.0,Debbie & Dana,TARIL3,5.09091,747.0,10.0,7.0,5.0,5.25,5.4,5.5,5.1428571,5.125,5.2222222,5.1,5.0909091,,,,,,,,,,,,,,5.80282,10.0,5.0,5.0,,0.37392,,0.1,0.3833333,0.5888889,0.5354167,0.4854762,0.4521825,0.4828231,0.4641369,0.4125661,0.4113095,0.3739178,,,,,,,,,,,,,,0.42637,0.5888889,0.1,0.4888889
6.0,Eliran & Itzik,TARIL3,5.3,748.0,6.0,7.0,5.3333333,5.25,5.8,5.0,5.1428571,5.25,5.2222222,5.3,,,,,,,,,,,,,,,5.52984,7.0,5.0,2.0,,0.36445,,0.5,0.3611111,0.537037,0.5277778,0.4222222,0.5185185,0.468254,0.4305556,0.4049383,0.3644444,,,,,,,,,,,,,,,0.45349,0.537037,0.3611111,0.1759259
7.0,Lior & Mor,TARIL3,3.875,749.0,1.0,1.5,3.0,2.75,2.6,3.3333333,3.4285714,3.875,,,,,,,,,,,,,,,,,2.68586,3.875,1.0,2.875,,0.58854,,1.0,0.9444444,0.7777778,0.8020833,0.8130952,0.7013889,0.672619,0.5885417,,,,,,,,,,,,,,,,,0.78749,1.0,0.5885417,0.4114583
8.0,Shimi & Yasmin,TARIL3,7.66667,750.0,8.0,7.5,8.0,7.75,7.6,7.6666667,,,,,,,,,,,,,,,,,,,7.75278,8.0,7.5,0.5,,0.18955,,0.3,0.3166667,0.2481481,0.2486111,0.2274603,0.1895503,,,,,,,,,,,,,,,,,,,0.25507,0.3166667,0.1895503,0.1271164
9.0,Liran & Ronit,TARIL3,3.75,751.0,2.0,1.5,2.0,3.75,,,,,,,,,,,,,,,,,,,,,2.3125,3.75,1.5,2.25,,0.66945,,0.9,0.95,0.8925926,0.6694444,,,,,,,,,,,,,,,,,,,,,0.85301,0.95,0.6694444,0.2805556
10.0,Andrea & Ronnie,TARIL3,9.0,752.0,7.0,8.5,9.0,,,,,,,,,,,,,,,,,,,,,,8.16667,9.0,7.0,2.0,,0.13333,,0.4,0.2,0.1333333,,,,,,,,,,,,,,,,,,,,,,0.24444,0.4,0.1333333,0.2666667
11.0,Herut & Yoftut,TARIL3,11.0,753.0,11.0,,,,,,,,,,,,,,,,,,,,,,,,11.0,11.0,11.0,0.0,,0.0,,0.0,,,,,,,,,,,,,,,,,,,,,,,,0.0,0.0,0.0,0.0
1.0,Shay & Shani,TARIL4,4.30769,754.0,2.0,,4.5,4.6666667,5.0,5.0,5.1666667,5.0,4.875,4.8888889,4.9,4.8181818,4.5833333,4.3076923,,,,,,,,,,,4.5928,5.1666667,2.0,3.1666667,,0.52308,,0.8333333,,0.6439394,0.6292929,0.5830808,0.5664646,0.5345539,0.5398217,0.5437725,0.5203904,0.4883514,0.4666831,0.4833484,0.5230908,,,,,,,,,,,0.56586,0.8333333,0.4666831,0.3666502
2.0,Tom & Uriel,TARIL4,2.84615,755.0,,3.0,3.0,2.6666667,3.75,3.6,3.5,3.1428571,3.5,3.5555556,3.3,3.0909091,2.9166667,2.8461538,,,,,,,,,,,3.22068,3.75,2.6666667,1.0833333,,0.73107,,,0.6666667,0.7424242,0.7949495,0.6795455,0.6936364,0.7030303,0.7454545,0.687987,0.6670996,0.7003896,0.7276269,0.7503247,0.7310689,,,,,,,,,,,0.71463,0.7949495,0.6666667,0.1282828
3.0,Yochi & Linor,TARIL4,4.46154,756.0,4.0,,4.0,4.6666667,4.75,5.6,5.8333333,5.8571429,5.75,5.2222222,4.9,4.7272727,4.5833333,4.4615385,,,,,,,,,,,4.95012,5.8571429,4.0,1.8571429,,0.45235,,0.5,,0.6136364,0.5757576,0.5707071,0.4565657,0.422138,0.4026489,0.4058893,0.4719016,0.5047114,0.5042831,0.4900373,0.4523421,,,,,,,,,,,0.49005,0.6136364,0.4026489,0.2109875
4.0,Vova & Alla,TARIL4,6.0,757.0,1.0,,5.0,5.6666667,6.5,6.8,7.0,7.0,7.0,6.8888889,6.6,6.1818182,6.0,,,,,,,,,,,,5.96978,7.0,1.0,6.0,,0.30303,,1.0,,0.6363636,0.5575758,0.4459596,0.3817677,0.3389731,0.3109565,0.2899441,0.2762466,0.2886219,0.3305654,0.3030183,,,,,,,,,,,,0.43,1.0,0.2762466,0.7237534
5.0,Gal & Liel,TARIL4,4.0,758.0,,2.0,5.0,4.6666667,4.5,4.8,4.1666667,4.2857143,4.125,4,3.9,4.0,,,,,,,,,,,,,4.13128,5.0,2.0,3.0,,0.57711,,,0.8333333,0.5984848,0.6323232,0.6409091,0.5877273,0.6564394,0.6238868,0.6351867,0.6386845,0.634816,0.5771055,,,,,,,,,,,,,0.64172,0.8333333,0.5771055,0.2562278
6.0,Daniel & Meiri,TARIL4,2.5,759.0,5.0,,3.0,3.0,2.5,2.2,2.1666667,2.2857143,2.125,2.1111111,2.5,,,,,,,,,,,,,,2.68885,5.0,2.1111111,2.8888889,,0.75559,,0.3333333,,0.6666667,0.7111111,0.7833333,0.8266667,0.8347222,0.817517,0.8403274,0.8395503,0.7555952,,,,,,,,,,,,,,0.74088,0.8403274,0.3333333,0.5069941
7.0,Raz & Alexa,TARIL4,3.22222,760.0,,5.0,3.5,2.6666667,2.75,2.6,3.0,2.8571429,2.75,3.2222222,,,,,,,,,,,,,,,3.14956,5.0,2.6,2.4,,0.67882,,,0.3333333,0.6212121,0.7474747,0.7550505,0.7790404,0.7325337,0.750335,0.763686,0.678832,,,,,,,,,,,,,,,0.68461,0.7790404,0.3333333,0.4457071
8.0,Shay & Adi,TARIL4,6.75,761.0,,6.0,8.0,8.3333333,6.75,6.8,6.3333333,6.5714286,6.75,,,,,,,,,,,,,,,,6.94226,8.3333333,6.0,2.3333333,,0.28905,,,0.1666667,0.1742424,0.1828283,0.3593434,0.3374747,0.3853956,0.3303391,0.2890467,,,,,,,,,,,,,,,,0.27817,0.3853956,0.1666667,0.2187289
9.0,Roni & Yael,TARIL4,6.83333,762.0,,4.0,5.0,6.6666667,7.0,6.4,6.8333333,,,,,,,,,,,,,,,,,,5.98333,7.0,4.0,3.0,,0.33212,,,0.5,0.5227273,0.3818182,0.3419192,0.3985354,0.3321128,,,,,,,,,,,,,,,,,,0.41285,0.5227273,0.3321128,0.1906145
10.0,Yafa & Boaz,TARIL4,6.0,763.0,,1.0,3.0,4.6666667,6.0,,,,,,,,,,,,,,,,,,,,3.66667,6.0,1.0,5.0,,0.4841,,,1.0,0.8181818,0.6454545,0.4840909,,,,,,,,,,,,,,,,,,,,0.73693,1.0,0.4840909,0.5159091
11.0,Tiltil & Mizrahi,TARIL4,9.33333,764.0,6.0,,8.5,9.3333333,,,,,,,,,,,,,,,,,,,,,7.94444,9.3333333,6.0,3.3333333,,0.08587,,0.1666667,,0.1287879,0.0858586,,,,,,,,,,,,,,,,,,,,,0.1271,0.1666667,0.0858586,0.0808081
12.0,Irit & Sinai,TARIL4,7.5,765.0,3.0,,7.5,,,,,,,,,,,,,,,,,,,,,,5.25,7.5,3.0,4.5,,0.33335,,0.6666667,,0.3333333,,,,,,,,,,,,,,,,,,,,,,0.5,0.6666667,0.3333333,0.3333334
13.0,Tzuki & Huti,TARIL4,7.0,766.0,,7.0,,,,,,,,,,,,,,,,,,,,,,,7.0,7.0,7.0,0.0,,0.0,,,0.0,,,,,,,,,,,,,,,,,,,,,,,0.0,0.0,0.0,0.0
14.0,Pnina & Hen,TARIL4,7.0,767.0,7.0,,,,,,,,,,,,,,,,,,,,,,,,7.0,7.0,7.0,0.0,,0.0,,0.0,,,,,,,,,,,,,,,,,,,,,,,,0.0,0.0,0.0,0.0
1.0,Amit & Raz,TARIL5,3.0,768.0,1.0,,4.5,5.0,5.5,4.8,4.6666667,4.1428571,3.75,3.5555556,3.5,3.2727273,3.1666667,3.0,,,,,,,,,,,3.83496,5.5,1.0,4.5,,0.75105,,1.0,,0.6818182,0.6212121,0.5492424,0.6143939,0.6161616,0.6709957,0.7121212,0.7218855,0.709697,0.7360882,0.730303,0.751049,,,,,,,,,,,0.70115,1.0,0.5492424,0.4507576
2.0,Lee & Tal,TARIL5,4.23077,769.0,,4.0,2.5,4.0,5.0,4.8,5.3333333,5.2857143,5.25,5,4.9,4.7272727,4.4166667,4.2307692,,,,,,,,,,,4.5726,5.3333333,2.5,2.8333333,,0.51032,,,0.5,0.75,0.6333333,0.5305556,0.5494444,0.4787037,0.471542,0.4542659,0.4704586,0.4634127,0.4667388,0.5111772,0.5103175,,,,,,,,,,,0.5223,0.75,0.4542659,0.2957341
3.0,Josie & Alex,TARIL5,3.53846,770.0,6.0,,6.0,5.6666667,5.0,4.2,3.6666667,3.5714286,3.5,3.7777778,3.6,3.6363636,3.5833333,3.5384615,,,,,,,,,,,4.28775,6.0,3.5,2.5,,0.52725,,0.1666667,,0.3560606,0.4373737,0.5224748,0.6179798,0.6816498,0.6863121,0.6838564,0.6078724,0.6270851,0.5928047,0.5711821,0.527245,,,,,,,,,,,0.5445,0.6863121,0.1666667,0.5196454
4.0,Tzion & Aviv,TARIL5,3.83333,771.0,,2.0,2.5,3.0,3.25,4.4,4.0,4.2857143,4.25,3.8888889,4,3.8181818,3.8333333,,,,,,,,,,,,3.60218,4.4,2.0,2.4,,0.55241,,,0.8333333,0.8257576,0.7838384,0.7545455,0.6036364,0.6488636,0.5969852,0.584862,0.6309885,0.5878896,0.6026269,0.552408,,,,,,,,,,,,0.66714,0.8333333,0.552408,0.2809253
5.0,Yael & Yosiel,TARIL5,4.81818,772.0,2.0,,5.5,6.6666667,5.5,5.4,5.6666667,5.8571429,5.375,5.2222222,4.8,4.8181818,,,,,,,,,,,,,5.16417,6.6666667,2.0,4.6666667,,0.48374,,0.8333333,,0.5530303,0.4353535,0.5487374,0.5389899,0.4908249,0.4411152,0.4901425,0.4801267,0.532114,0.48374,,,,,,,,,,,,,0.52977,0.8333333,0.4353535,0.3979798
6.0,Ben & Ori,TARIL5,6.2,773.0,,3.0,6.5,7.0,7.5,7.4,7.1666667,6.4285714,6.375,6.2222222,6.2,,,,,,,,,,,,,,6.37925,7.5,3.0,4.5,,0.31084,,,0.6666667,0.4242424,0.3828283,0.314899,0.3019192,0.3140993,0.391677,0.3635507,0.3453784,0.3108405,,,,,,,,,,,,,,0.38161,0.6666667,0.3019192,0.3647475
7.0,Kim & Shon,TARIL5,4.75,774.0,,5.0,4.5,3.6666667,4.0,4.4,4.5,4.4285714,4.75,,,,,,,,,,,,,,,,4.40565,5.0,3.6666667,1.3333333,,0.49533,,,0.3333333,0.530303,0.6535354,0.6290404,0.5782323,0.5651936,0.5660843,0.4953238,,,,,,,,,,,,,,,,0.54388,0.6535354,0.3333333,0.3202021
8.0,Adriano & Monada,TARIL5,3.14286,775.0,4.0,,3.0,2.3333333,2.0,2.2,2.3333333,3.1428571,,,,,,,,,,,,,,,,,2.71565,4.0,2.0,2.0,,0.7013,,0.5,,0.7045455,0.8030303,0.8522727,0.8318182,0.8181818,0.7012987,,,,,,,,,,,,,,,,,0.74445,0.8522727,0.5,0.3522727
9.0,Naomi & Hen,TARIL5,6.83333,776.0,3.0,,4.0,6.0,6.0,6.4,6.8333333,,,,,,,,,,,,,,,,,,5.37222,6.8333333,3.0,3.8333333,,0.32875,,0.6666667,,0.6515152,0.4676768,0.4618687,0.394495,0.3287458,,,,,,,,,,,,,,,,,,0.49516,0.6666667,0.3287458,0.3379209
10.0,Gali & Daniel,TARIL5,5.25,777.0,,1.0,4.0,3.6666667,5.25,,,,,,,,,,,,,,,,,,,,3.47917,5.25,1.0,4.25,,0.56363,,,1.0,0.7272727,0.7515152,0.5636364,,,,,,,,,,,,,,,,,,,,0.76061,1.0,0.5636364,0.4363636
11.0,Dor & Sapir,TARIL5,9.0,778.0,5.0,,8.0,9.0,,,,,,,,,,,,,,,,,,,,,7.33333,9.0,5.0,4.0,,0.1414,,0.3333333,,0.2121212,0.1414141,,,,,,,,,,,,,,,,,,,,,0.22896,0.3333333,0.1414141,0.1919192
12.0,Shira & Bar,TARIL5,9.0,779.0,,6.0,9.0,,,,,,,,,,,,,,,,,,,,,,7.5,9.0,6.0,3.0,,0.08335,,,0.1666667,0.0833333,,,,,,,,,,,,,,,,,,,,,,0.125,0.1666667,0.0833333,0.0833334
13.0,Yossi & Lee,TARIL5,7.0,780.0,,7.0,,,,,,,,,,,,,,,,,,,,,,,7.0,7.0,7.0,0.0,,0.0,,,0.0,,,,,,,,,,,,,,,,,,,,,,,0.0,0.0,0.0,0.0
14.0,Avi & Avi,TARIL5,7.0,781.0,7.0,,,,,,,,,,,,,,,,,,,,,,,,7.0,7.0,7.0,0.0,,0.0,,0.0,,,,,,,,,,,,,,,,,,,,,,,,0.0,0.0,0.0,0.0
1.0,Evelin & Tohar,TARIL6,3.83333,782.0,3.0,5.5,6.6666667,5.25,4.4,4.6666667,4.4285714,4.5,4.4444444,,,4.2,4.0909091,3.8333333,,,,,,,,,,,4.58172,6.6666667,3.0,3.6666667,,0.54411,,0.8181818,0.5590909,0.4097643,0.5573232,0.6458586,0.5659933,0.5708514,0.524495,0.4939955,,,0.519596,0.502663,0.5441077,,,,,,,,,,,0.55933,0.8181818,0.4097643,0.4084175
2.0,Daniel & Eliyahu,TARIL6,3.16667,783.0,11.0,6.0,4.3333333,4.25,4.8,4.6666667,4.2857143,4.0,3.7777778,,,3.5,3.2727273,3.1666667,,,,,,,,,,,4.75441,11.0,3.1666667,7.8333333,,0.68407,,0.0909091,0.5454545,0.6969697,0.6789773,0.5717532,0.5597944,0.5941095,0.6198458,0.6343074,,,0.6708766,0.7007969,0.6840639,,,,,,,,,,,0.58732,0.7007969,0.0909091,0.6098878
3.0,Helen & Regev,TARIL6,3.33333,784.0,1.0,4.0,3.3333333,3.0,3.6,3.1666667,3.2857143,3.25,3.4444444,3.4444444*,3.4444444*,3.5,3.3636364,3.3333333,,,,,,,,,,,3.18976,4.0,1.0,3.0,,0.5308,,1.0,0.7,0.762963,0.7909722,0.6899206,0.7416005,0.6928005,0.6812004,0.6055115,0.6055115,0.6055115,0.5699603,0.5787518,0.5305225,,,,,,,,,,,0.68252,1.0,0.5305225,0.4694775
4.0,Neta & Omer,TARIL6,4.18182,785.0,10.0,7.0,6.6666667,5.75,5.2,5.1666667,5.2857143,4.75,4.3333333,,,4.2,4.1818182,,,,,,,,,,,,5.68493,10.0,4.1818182,5.8181818,,0.51125,,0.1818182,0.4409091,0.4420875,0.5190657,0.5581097,0.5206469,0.4462688,0.5154852,0.5693202,,,0.5623882,0.511262,,,,,,,,,,,,0.47885,0.5693202,0.1818182,0.387502
5.0,Ann & Yarden,TARIL6,4.7,786.0,4.0,6.5,6.0,5.75,5.6,5.0,5.0,4.875,4.6666667,,,4.7,,,,,,,,,,,,,5.20917,6.5,4.0,2.5,,0.43448,,0.7272727,0.4636364,0.4942761,0.4957071,0.4822799,0.5407888,0.4921047,0.4805916,0.4827481,,,0.4344733,,,,,,,,,,,,,0.50939,0.7272727,0.4344733,0.2927994
6.0,Adi & Meitar,TARIL6,3.5,787.0,2.0,2.0,2.3333333,3.5,3.6,3.5,3.1428571,3.5,,3.5*,3.5*,,,,,,,,,,,,,,2.94702,3.6,2.0,1.6,,0.63438,,0.9090909,0.9045455,0.8622896,0.7092172,0.6816595,0.6791607,0.7249948,0.6343705,,0.6343705,0.6343705,,,,,,,,,,,,,,0.73741,0.9090909,0.6343705,0.2747204
7.0,Mor & Mor,TARIL6,5.83333,788.0,6.0,5.5,6.0,6.5,5.6,5.8333333,,,,,,,,,,,,,,,,,,,5.90556,6.5,5.5,1.0,,0.41015,,0.5454546,0.5727273,0.4929293,0.400947,0.4921861,0.4101551,,,,,,,,,,,,,,,,,,,0.48573,0.5727273,0.400947,0.1717803
8.0,Yossi & Udi,TARIL6,7.2,789.0,8.0,9.0,7.3333333,7.0,7.2,,,,,7.2*,7.2*,,,,,,,,,,,,,,7.70667,9.0,7.0,2.0,,0.30106,,0.3636364,0.2318182,0.3767677,0.3763258,0.3010606,,,,,0.3010606,0.3010606,,,,,,,,,,,,,,0.32168,0.3767677,0.2318182,0.1449495
9.0,Hany & Avivit,TARIL6,7.5,790.0,7.0,6.5,7.0,7.5,,,,,,7.5*,,,,,,,,,,,,,,,7.0,7.5,6.5,1.0,,0.29418,,0.4545455,0.4772727,0.3922559,0.2941919,,,,,,0.2941919,,,,,,,,,,,,,,,0.38249,0.4772727,0.2941919,0.1830808
10.0,Yonatan & Nimrod,TARIL6,6.0,791.0,5.0,4.0,6.0,,,,,,,6*,6*,,,,,,,,,,,,,,5.0,6.0,4.0,2.0,,0.4788,,0.6363636,0.7181818,0.4787879,,,,,,,0.4787879,0.4787879,,,,,,,,,,,,,,0.55818,0.7181818,0.4787879,0.2393939
11.0,Jessica & Assaf,TARIL6,10.0,792.0,9.0,10.0,,,,,,,,10*,10*,,,,,,,,,,,,,,9.5,10.0,9.0,1.0,,0.13635,,0.2727273,0.1363636,,,,,,,,0.1363636,0.1363636,,,,,,,,,,,,,,0.17045,0.2727273,0.1363636,0.1363637
12.0,Noa & Ma'ayan,TARIL6,12.0,793.0,12.0,,,,,,,,,,,,,,,,,,,,,,,,12.0,12.0,12.0,0.0,,0.0,,0.0,,,,,,,,,,,,,,,,,,,,,,,,0.0,0.0,0.0,0.0
1.0,Tia & Fay,TARIL7,3.66667,794.0,6.0,4.0,4.6666667,5.25,5.2,5.6666667,5.0,4.5,4.4444444,4.1,3.9090909,3.6666667,,,,,,,,,,,,,4.70029,6.0,3.6666667,2.3333333,,0.65455,,0.5454546,0.7272727,0.6515152,0.5719697,0.5575758,0.4646465,0.5411255,0.5984848,0.576431,0.6187879,0.6231405,0.6545455,,,,,,,,,,,,,0.59425,0.7272727,0.4646465,0.2626262
2.0,Ariel & Karin,TARIL7,3.91667,795.0,7.0,6.0,5.6666667,5.25,5.0,4.8333333,4.7142857,4.875,4.6666667,4.4,4.0909091,3.9166667,,,,,,,,,,,,,5.03446,7.0,3.9166667,3.0833333,,0.59518,,0.4545455,0.5454545,0.5636364,0.5893939,0.5965152,0.5923341,0.5893476,0.5365124,0.5435666,0.56421,0.6038272,0.595175,,,,,,,,,,,,,0.56454,0.6038272,0.4545455,0.1492817
3.0,Haviv & Itzhak,TARIL7,2.41667,796.0,4.0,2.5,2.3333333,2.0,1.8,1.8333333,2.2857143,2.375,2.2222222,2.3,2.3636364,2.4166667,,,,,,,,,,,,,2.36916,4.0,1.8,2.2,,0.70108,,0.7272727,0.8636364,0.8757576,0.9068182,0.9254545,0.9140693,0.8447124,0.8224567,0.8421837,0.8079654,0.764817,0.7010823,,,,,,,,,,,,,0.83302,0.9254545,0.7010823,0.2243722
4.0,Eyal & Sid,TARIL7,3.36364,797.0,1.0,2.5,2.0,2.25,2.2,3.0,3.5714286,3.375,3.2222222,3.3,3.3636364,,,,,,,,,,,,,,2.70748,3.5714286,1.0,2.5714286,,0.59538,,1.0,0.8636364,0.9090909,0.8762626,0.8760101,0.7538179,0.6665378,0.6873873,0.6998998,0.6549098,0.5953726,,,,,,,,,,,,,,0.78027,1.0,0.5953726,0.4046274
5.0,Nissim & Orel,TARIL7,6.4,798.0,12.0,9.0,8.3333333,7.75,7.8,7.3333333,7.1428571,6.75,6.5555556,6.4,,,,,,,,,,,,,,,7.90651,12.0,6.4,5.6,,0.29292,,0.0,0.2727273,0.3151515,0.3474747,0.3029798,0.3239117,0.318455,0.3411481,0.325465,0.2929185,,,,,,,,,,,,,,,0.28402,0.3474747,0.0,0.3474747
6.0,Tali & Gili,TARIL7,5.55556,799.0,10.0,8.5,8.3333333,6.75,6.0,6.0,5.5714286,5.5,5.5555556,,,,,,,,,,,,,,,,6.91226,10.0,5.5,4.5,,0.43428,,0.1818182,0.3181818,0.3121212,0.4563131,0.5150505,0.4768278,0.5107504,0.4885732,0.4342873,,,,,,,,,,,,,,,,0.41044,0.5150505,0.1818182,0.3332323
7.0,Aviad & Eden,TARIL7,3.75,800.0,3.0,3.0,3.0,3.5,4.0,3.5,3.2857143,3.75,,,,,,,,,,,,,,,,,3.37946,4.0,3.0,1.0,,0.65301,,0.8181818,0.8181818,0.8121212,0.7479798,0.6733838,0.7278199,0.7462946,0.6530078,,,,,,,,,,,,,,,,,0.74962,0.8181818,0.6530078,0.165174
8.0,Michal & Omer,TARIL7,7.71429,801.0,8.0,9.0,9.0,9.0,8.6,7.6666667,7.7142857,,,,,,,,,,,,,,,,,,8.42585,9.0,7.6666667,1.3333333,,0.26011,,0.3636364,0.2727273,0.2484848,0.2141414,0.2213131,0.3034752,0.2601216,,,,,,,,,,,,,,,,,,0.26913,0.3636364,0.2141414,0.149495
9.0,Ran & Ben,TARIL7,7.8,802.0,9.0,9.0,7.3333333,7.5,7.8,,,,,,,,,,,,,,,,,,,,8.12667,9.0,7.3333333,1.6666667,,0.29352,,0.2727273,0.2727273,0.4151515,0.3669192,0.2935354,,,,,,,,,,,,,,,,,,,,0.32421,0.4151515,0.2727273,0.1424242
10.0,Yehudit & Zohar,TARIL7,7.5,803.0,2.0,5.0,6.6666667,7.5,,,,,,,,,,,,,,,,,,,,,5.29167,7.5,2.0,5.5,,0.34318,,0.9090909,0.6363636,0.4575758,0.3431818,,,,,,,,,,,,,,,,,,,,,0.58655,0.9090909,0.3431818,0.5659091
11.0,Kamle & Bahira,TARIL7,11.0,804.0,11.0,11.0,11.0,,,,,,,,,,,,,,,,,,,,,,11.0,11.0,11.0,0.0,,0.0606,,0.0909091,0.0909091,0.0606061,,,,,,,,,,,,,,,,,,,,,,0.08081,0.0909091,0.0606061,0.030303
12.0,Noy & Hadar,TARIL7,8.5,805.0,5.0,8.5,,,,,,,,,,,,,,,,,,,,,,,6.75,8.5,5.0,3.5,,0.3182,,0.6363636,0.3181818,,,,,,,,,,,,,,,,,,,,,,,0.47727,0.6363636,0.3181818,0.3181818
1.0,Yael & Yosiel,TARIL8,2.25,806.0,2.0,3.0,2.3333333,2.5,2.8,2.5,2.5714286,2.5,2.6666667,2.5,2.3636364,2.25,,,,,,,,,,,,,2.49876,3.0,2.0,1.0,,0.80393,,0.9090909,0.8045455,0.869697,0.8397727,0.7861039,0.8217532,0.799598,0.7996483,0.7385762,0.7647186,0.7861078,0.8039322,,,,,,,,,,,,,0.8103,0.9090909,0.7385762,0.1705147
2.0,Nata & Assaf,TARIL8,2.58333,807.0,3.0,3.0,3.0,2.5,2.2,2.8333333,3.1428571,2.875,2.6666667,2.7,2.6363636,2.5833333,,,,,,,,,,,,,2.76146,3.1428571,2.2,0.9428571,,0.72348,,0.8181818,0.8090909,0.7986532,0.8489899,0.8791919,0.780279,0.7164296,0.7518759,0.7794452,0.7515007,0.7437885,0.7234728,,,,,,,,,,,,,0.78341,0.8791919,0.7164296,0.1627623
3.0,Neta & Omer,TARIL8,4.08333,808.0,9.0,8.5,6.3333333,5.25,5.4,5.3333333,4.8571429,4.875,4.5555556,4.3,4.1818182,4.0833333,,,,,,,,,,,,,5.55579,9.0,4.0833333,4.9166667,,0.49313,,0.2727273,0.2863636,0.4872054,0.584154,0.5244661,0.5084836,0.5548907,0.5105294,0.5371372,0.5584235,0.5379608,0.4931307,,,,,,,,,,,,,0.48796,0.584154,0.2727273,0.3114267
4.0,Ben & Ori,TARIL8,5.27273,809.0,10.0,9.5,8.0,7.25,6.8,6.1666667,5.8571429,5.625,5.5555556,5.4,5.2727273,,,,,,,,,,,,,,6.85701,10.0,5.2727273,4.7272727,,0.33912,,0.1818182,0.1909091,0.3124579,0.3593434,0.373189,0.4300385,0.440033,0.4350289,0.3866923,0.3730231,0.3391119,,,,,,,,,,,,,,0.34742,0.440033,0.1818182,0.2582148
5.0,Shay & Shani,TARIL8,4.0,810.0,5.0,3.5,3.6666667,4.5,5.2,4.6666667,4.1428571,4.0,3.8888889,4,,,,,,,,,,,,,,,4.25651,5.2,3.5,1.7,,0.54102,,0.6363636,0.7681818,0.7343434,0.6132576,0.4906061,0.5516955,0.615739,0.6137716,0.6011304,0.5410173,,,,,,,,,,,,,,,0.61661,0.7681818,0.4906061,0.2775757
6.0,Ash & Alis,TARIL8,4.875,811.0,4.0,2.5,4.0,4.5,4.0,4.5,4.7142857,4.875,,,,,,,,,,,,,,,,,4.13616,4.875,2.5,2.375,,0.45029,,0.7272727,0.8636364,0.6868687,0.6089015,0.6585498,0.572601,0.5146104,0.4502841,,,,,,,,,,,,,,,,,0.63534,0.8636364,0.4502841,0.4133523
7.0,Lian & Eviatar,TARIL8,4.85714,812.0,1.0,3.0,4.0,4.0,4.6,4.5,4.8571429,,,,,,,,,,,,,,,,,,3.70816,4.8571429,1.0,3.8571429,,0.48339,,1.0,0.8,0.6814815,0.6673611,0.5624603,0.563955,0.48339,,,,,,,,,,,,,,,,,,0.67981,1.0,0.48339,0.51661
8.0,Gili & Tali,TARIL8,6.83333,813.0,8.0,7.0,7.3333333,7.5,6.6,6.8333333,,,,,,,,,,,,,,,,,,,7.21111,8.0,6.6,1.4,,0.32085,,0.3636364,0.4318182,0.3619529,0.3027146,0.3850289,0.3208574,,,,,,,,,,,,,,,,,,,0.361,0.4318182,0.3027146,0.1291036
9.0,Ann & Yarden,TARIL8,8.75,814.0,7.0,8.5,8.6666667,8.75,,,,,,,,,,,,,,,,,,,,,8.22917,8.75,7.0,1.75,,0.1664,,0.4545455,0.2772727,0.2218855,0.1664141,,,,,,,,,,,,,,,,,,,,,0.28003,0.4545455,0.1664141,0.2881314
10.0,Vova & Alla,TARIL8,9.33333,815.0,11.0,9.0,9.3333333,,,,,,,,,,,,,,,,,,,,,,9.77778,11.0,9.0,2.0,,0.16363,,0.0909091,0.2454545,0.1636364,,,,,,,,,,,,,,,,,,,,,,0.16667,0.2454545,0.0909091,0.1545454
11.0,Shiri & Noga,TARIL8,8.5,816.0,6.0,8.5,,,,,,,,,,,,,,,,,,,,,,,7.25,8.5,6.0,2.5,,0.27275,,0.5454546,0.2727273,,,,,,,,,,,,,,,,,,,,,,,0.40909,0.5454546,0.2727273,0.2727273
12.0,Michal & Ruthi,TARIL8,12.0,817.0,12.0,,,,,,,,,,,,,,,,,,,,,,,,12.0,12.0,12.0,0.0,,0.0,,0.0,,,,,,,,,,,,,,,,,,,,,,,,0.0,0.0,0.0,0.0
1.0,Tamara & Matías,TARLA1,2.23077,818.0,1.0,1.0,1.3333333,1.5,1.6,1.8333333,1.7142857,1.75,2.0,2.2,2.2727273,2.3333333,2.2307692,,,,,,,,,,,,1.75137,2.3333333,1.0,1.3333333,,0.667,,1.0,1.0,0.962963,0.9409722,0.9242064,0.8812831,0.8982426,0.8859623,0.8152998,0.7337698,0.6973665,0.6392526,0.6670024,,,,,,,,,,,,0.84972,1.0,0.6392526,0.3607474
2.0,Daniel & David,TARLA1,3.23077,819.0,2.0,6.0,5.0,4.0,3.8,4.1666667,4.1428571,4.0,3.8888889,3.7,3.5454545,3.3333333,3.2307692,,,,,,,,,,,,3.90831,6.0,2.0,4.0,,0.62248,,0.9,0.5,0.5925926,0.6944444,0.6984127,0.6097884,0.5941043,0.5948413,0.5843034,0.5925397,0.5992785,0.632672,0.6224664,,,,,,,,,,,,0.63196,0.9,0.5,0.4
3.0,Ferna & Fran,TARLA1,3.38462,820.0,10.0,6.5,7.0,6.5,6.2,5.3333333,4.8571429,4.375,4.1111111,3.8,3.5454545,3.4166667,3.3846154,,,,,,,,,,,,5.30949,10.0,3.3846154,6.6153846,,0.6257,,0.1,0.45,0.3740741,0.4055556,0.4101587,0.5084656,0.5548753,0.6105159,0.6260141,0.6634127,0.6940115,0.6778439,0.6257021,,,,,,,,,,,,0.51543,0.6940115,0.1,0.5940115
4.0,Carlos & Daniel,TARLA1,3.72727,821.0,5.0,3.5,4.6666667,4.5,4.4,4.0,4.1428571,4.25,3.8888889,3.7,3.7272727,,,,,,,,,,,,,,4.16143,5.0,3.5,1.5,,0.55118,,0.6,0.75,0.6111111,0.6145833,0.6059524,0.6438492,0.5994898,0.5495536,0.5996032,0.6063095,0.5511905,,,,,,,,,,,,,,0.61197,0.75,0.5495536,0.2004464
5.0,Anna & Rodrigo,TARLA1,4.55556,822.0,6.0,7.0,6.0,6.0,5.0,4.8333333,4.5714286,4.5,4.5555556,,,,,,,,,,,,,,,,5.38448,7.0,4.5,2.5,,0.48982,,0.5,0.4,0.4888889,0.4604167,0.5683333,0.5569444,0.572619,0.5510417,0.4898148,,,,,,,,,,,,,,,,0.50978,0.572619,0.4,0.172619
6.0,Casilda & Casilda,TARLA1,4.75,823.0,3.0,4.5,3.3333333,3.25,3.8,4.3333333,4.5714286,4.75,,,,,,,,,,,,,,,,,3.94226,4.75,3.0,1.75,,0.4378,,0.8,0.65,0.7666667,0.7625,0.6671429,0.5559524,0.5003401,0.4377976,,,,,,,,,,,,,,,,,0.64255,0.8,0.4377976,0.3622024
7.0,Miguel & Diego,TARLA1,6.28571,824.0,7.0,6.0,5.6666667,6.25,6.4,6.1666667,6.2857143,,,,,,,,,,,,,,,,,,6.25272,7.0,5.6666667,1.3333333,,0.30811,,0.4,0.5,0.5185185,0.4201389,0.3646825,0.3594577,0.3081066,,,,,,,,,,,,,,,,,,0.41013,0.5185185,0.3081066,0.2104119
8.0,Mario & Melissa,TARLA1,7.2,825.0,8.0,6.0,7.0,7.0,7.2,,,,,,,,,,,,,,,,,,,,7.04,8.0,6.0,2.0,,0.27222,,0.3,0.5,0.3703704,0.3402778,0.2722222,,,,,,,,,,,,,,,,,,,,0.35657,0.5,0.2722222,0.2277778
9.0,Ricardo & Adriana,TARLA1,7.0,826.0,4.0,6.5,6.3333333,7.0,,,,,,,,,,,,,,,,,,,,,5.95833,7.0,4.0,3.0,,0.3361,,0.7,0.45,0.4481481,0.3361111,,,,,,,,,,,,,,,,,,,,,0.48356,0.7,0.3361111,0.3638889
10.0,Gabriel & Guillermo,TARLA1,8.66667,827.0,9.0,8.0,8.6666667,,,,,,,,,,,,,,,,,,,,,,8.55556,9.0,8.0,1.0,,0.2,,0.2,0.3,0.2,,,,,,,,,,,,,,,,,,,,,,0.23333,0.3,0.2,0.1
11.0,Ariel & Nora,TARLA1,11.0,828.0,11.0,11.0,,,,,,,,,,,,,,,,,,,,,,,11.0,11.0,11.0,0.0,,0.0,,0.0,0.0,,,,,,,,,,,,,,,,,,,,,,,0.0,0.0,0.0,0.0
1.0,Carlos & Mauricio,TARLA2,2.23077,829.0,3.0,2.0,2.3333333,2.25,2.0,2.3333333,2.5714286,2.625,2.5555556,2.5,2.3636364,2.3333333,2.2307692,,,,,,,,,,,,2.39203,3.0,2.0,1.0,,0.78776,,0.8,0.9,0.8592593,0.8631944,0.8905556,0.8373677,0.7891723,0.7738591,0.7767637,0.7740873,0.7946248,0.7700728,0.7877595,,,,,,,,,,,,0.81667,0.9,0.7700728,0.1299272
2.0,Toño & Lili,TARLA2,2.07692,830.0,6.0,4.0,3.0,3.0,2.8,2.6666667,2.7142857,2.5,2.3333333,2.2,2.1818182,2.0833333,2.0769231,,,,,,,,,,,,2.88895,6.0,2.0769231,3.9230769,,0.82289,,0.5,0.7,0.8,0.7875,0.8014286,0.8107143,0.7901361,0.816369,0.8367725,0.8530952,0.8361472,0.8498016,0.8228938,,,,,,,,,,,,0.78499,0.8530952,0.5,0.3530952
3.0,Aleandra & Marlene,TARLA2,5.23077,831.0,8.0,6.5,6.6666667,6.75,6.8,6.8333333,6.8571429,6.625,6.2222222,5.9,5.6363636,5.4166667,5.2307692,,,,,,,,,,,,6.41832,8.0,5.2307692,2.7692308,,0.27198,,0.3,0.45,0.4111111,0.3708333,0.3252381,0.2948413,0.2527211,0.2627976,0.3002645,0.3202381,0.3214286,0.2946429,0.271978,,,,,,,,,,,,0.32124,0.45,0.2527211,0.1972789
4.0,Vinícius & Guilherme,TARLA2,4.90909,832.0,7.0,7.0,6.6666667,6.25,5.6,5.5,5.5714286,5.125,5.1111111,5,4.9090909,,,,,,,,,,,,,,5.79394,7.0,4.9090909,2.0909091,,0.3943,,0.4,0.4,0.4148148,0.4361111,0.491746,0.4812169,0.4362812,0.4859127,0.4541446,0.4337302,0.3943001,,,,,,,,,,,,,,0.43893,0.491746,0.3943001,0.0974459
5.0,Esteban & Marisol,TARLA2,5.0,833.0,9.0,8.5,7.3333333,6.5,6.4,5.8333333,5.2857143,5.125,5.0,5,,,,,,,,,,,,,,,6.39774,9.0,5.0,4.0,,0.44139,,0.2,0.25,0.3518519,0.4201389,0.393254,0.4467593,0.5019841,0.5017361,0.4904321,0.4413889,,,,,,,,,,,,,,,0.39975,0.5019841,0.2,0.3019841
6.0,Marietta & José,TARLA2,6.44444,834.0,4.0,6.5,7.3333333,7.5,7.0,6.8333333,6.5714286,6.5,6.4444444,,,,,,,,,,,,,,,,6.52028,7.5,4.0,3.5,,0.26116,,0.7,0.45,0.337037,0.2840278,0.3129365,0.3083995,0.3119615,0.2937996,0.2611552,,,,,,,,,,,,,,,,0.36215,0.7,0.2611552,0.4388448
7.0,Edison & Edison,TARLA2,3.0,835.0,5.0,4.0,3.3333333,2.75,3.0,2.6666667,2.4285714,3.0,,,,,,,,,,,,,,,,,3.27232,5.0,2.4285714,2.5714286,,0.73254,,0.6,0.7,0.762963,0.8222222,0.7720635,0.8100529,0.8371882,0.7325397,,,,,,,,,,,,,,,,,0.75463,0.8371882,0.6,0.2371882
8.0,Jelkin & Javier,TARLA2,6.16667,836.0,1.0,3.5,5.0,5.25,5.8,6.1666667,,,,,,,,,,,,,,,,,,,4.45278,6.1666667,1.0,5.1666667,,0.34953,,1.0,0.75,0.5740741,0.5243056,0.4194444,0.349537,,,,,,,,,,,,,,,,,,,0.60289,1.0,0.349537,0.650463
9.0,Omar & Roger,TARLA2,4.75,837.0,2.0,3.0,3.3333333,4.75,,,,,,,,,,,,,,,,,,,,,3.27083,4.75,2.0,2.75,,0.56668,,0.9,0.8,0.7555556,0.5666667,,,,,,,,,,,,,,,,,,,,,0.75556,0.9,0.5666667,0.3333333
10.0,Mauricio & Mariana,TARLA2,10.33333,838.0,11.0,10.5,10.3333333,,,,,,,,,,,,,,,,,,,,,,10.61111,11.0,10.3333333,0.6666667,,0.03333,,0.0,0.05,0.0333333,,,,,,,,,,,,,,,,,,,,,,0.02778,0.05,0.0,0.05
11.0,Susy & Stefany,TARLA2,10.5,839.0,10.0,10.5,,,,,,,,,,,,,,,,,,,,,,,10.25,10.5,10.0,0.5,,0.05,,0.1,0.05,,,,,,,,,,,,,,,,,,,,,,,0.075,0.1,0.05,0.05
1.0,Nicolás & Cristóbal,TARLA3,2.15385,840.0,2.0,3.0,3.0,3.0,3.0,3.0,3.0,2.75,2.5555556,2.4,2.2727273,2.25,2.1538462,,,,,,,,,,,,2.64478,3.0,2.0,1.0,,0.82485,,0.9,0.8,0.7925926,0.7819444,0.7684127,0.7593915,0.7461451,0.777877,0.8025573,0.8223016,0.838456,0.8102513,0.8248474,,,,,,,,,,,,0.80191,0.9,0.7461451,0.1538549
2.0,Felipe & Alejandro,TARLA3,2.23077,841.0,1.0,1.5,1.3333333,1.25,1.2,1.1666667,1.7142857,2.0,2.2222222,2.2,2.1818182,2.25,2.2307692,,,,,,,,,,,,1.71147,2.25,1.0,1.25,,0.67692,,1.0,0.95,0.9666667,0.975,0.98,0.9833333,0.8904762,0.8291667,0.7648148,0.7633333,0.7545455,0.6916667,0.6769231,,,,,,,,,,,,0.86353,1.0,0.6769231,0.3230769
3.0,Maxi & Demi,TARLA3,4.23077,842.0,7.0,8.0,8.0,7.5,7.0,6.5,5.8571429,5.375,5.0,4.8,4.6363636,4.3333333,4.2307692,,,,,,,,,,,,6.01789,8.0,4.2307692,3.7692308,,0.49337,,0.4,0.3,0.2740741,0.2993056,0.3251587,0.3662037,0.4329365,0.4788194,0.5089506,0.5080556,0.4921717,0.5344907,0.4933761,,,,,,,,,,,,0.41643,0.5344907,0.2740741,0.2604166
4.0,Kathy & Rick,TARLA3,5.18182,843.0,9.0,8.0,7.6666667,7.75,7.4,7.0,6.1428571,5.75,5.4444444,5.3,5.1818182,,,,,,,,,,,,,,6.78507,9.0,5.1818182,3.8181818,,0.37478,,0.2,0.3,0.3111111,0.2645833,0.2688095,0.2954365,0.3960884,0.4215774,0.430291,0.4122619,0.3747836,,,,,,,,,,,,,,0.33409,0.430291,0.2,0.230291
5.0,Toya & Juan del Mar,TARLA3,3.3,844.0,3.0,2.0,2.0,2.0,2.0,2.0,2.5714286,2.875,3.1111111,3.3,,,,,,,,,,,,,,,2.48575,3.3,2.0,1.3,,0.56448,,0.8,0.9,0.8962963,0.8909722,0.8842064,0.8796958,0.7778345,0.7056052,0.6272046,0.5644841,,,,,,,,,,,,,,,0.79263,0.9,0.5644841,0.3355159
6.0,Marisol & José,TARLA3,5.125,845.0,4.0,4.5,4.3333333,4.25,4.8,5.1666667,5.0,5.125,,,,,,,,,,,,,,,,,4.64688,5.1666667,4.0,1.1666667,,0.42219,,0.7,0.65,0.6555556,0.6479167,0.5469048,0.4795635,0.482483,0.4221726,,,,,,,,,,,,,,,,,0.57307,0.7,0.4221726,0.2778274
7.0,Andre & Nico,TARLA3,5.0,846.0,5.0,4.0,4.3333333,4.5,4.4,4.6666667,5.0,,,,,,,,,,,,,,,,,,4.55714,5.0,4.0,1.0,,0.47324,,0.6,0.7,0.6518519,0.6138889,0.6053968,0.5521164,0.4732426,,,,,,,,,,,,,,,,,,0.5995,0.7,0.4732426,0.2267574
8.0,Rosario & Pablo,TARLA3,6.83333,847.0,6.0,6.0,6.0,6.25,6.6,6.8333333,,,,,,,,,,,,,,,,,,,6.28056,6.8333333,6.0,0.8333333,,0.2824,,0.5,0.5,0.4814815,0.4236111,0.3388889,0.2824074,,,,,,,,,,,,,,,,,,,0.42106,0.5,0.2824074,0.2175926
9.0,Mónica & Rosy,TARLA3,8.5,848.0,8.0,8.0,8.3333333,8.5,,,,,,,,,,,,,,,,,,,,,8.20833,8.5,8.0,0.5,,0.17778,,0.3,0.3,0.237037,0.1777778,,,,,,,,,,,,,,,,,,,,,0.2537,0.3,0.1777778,0.1222222
10.0,Vero & Gaba,TARLA3,10.33333,849.0,11.0,10.5,10.3333333,,,,,,,,,,,,,,,,,,,,,,10.61111,11.0,10.3333333,0.6666667,,0.03333,,0.0,0.05,0.0333333,,,,,,,,,,,,,,,,,,,,,,0.02778,0.05,0.0,0.05
11.0,Ale & Eze,TARLA3,10.5,850.0,10.0,10.5,,,,,,,,,,,,,,,,,,,,,,,10.25,10.5,10.0,0.5,,0.05,,0.1,0.05,,,,,,,,,,,,,,,,,,,,,,,0.075,0.1,0.05,0.05
1.0,Daniel & César,TARLA4,4.46154,851.0,5.0,6.0,7.0,7.0,6.8,6.6666667,6.2857143,6.125,5.6666667,5.3,4.9090909,4.75,4.4615385,,,,,,,,,,,,5.84344,7.0,4.4615385,2.5384615,,0.45462,,0.6,0.5,0.3333333,0.3125,0.3071429,0.2837302,0.3146259,0.3002976,0.3502646,0.3902381,0.445671,0.4085317,0.4540293,,,,,,,,,,,,0.38464,0.6,0.2837302,0.3162698
2.0,Fer & Ferds,TARLA4,2.76923,852.0,4.0,3.5,4.0,3.75,3.6,3.3333333,3.2857143,3.125,3.1111111,3.1,3,2.8333333,2.7692308,,,,,,,,,,,,3.33906,4.0,2.7692308,1.2307692,,0.68692,,0.7,0.75,0.6666667,0.6875,0.6928571,0.7162698,0.7091837,0.7205357,0.6960317,0.6764286,0.6755411,0.7025794,0.6869963,,,,,,,,,,,,0.69851,0.75,0.6666667,0.0833333
3.0,Edu & Rick,TARLA4,2.84615,853.0,6.0,5.0,4.0,3.25,3.0,3.0,3.2857143,3.375,3.1111111,2.9,2.9090909,2.8333333,2.8461538,,,,,,,,,,,,3.5008,6.0,2.8333333,3.1666667,,0.62846,,0.5,0.6,0.6916667,0.76875,0.7864286,0.7664683,0.7045918,0.6665179,0.7035714,0.7332143,0.6968615,0.6804563,0.6281136,,,,,,,,,,,,0.68666,0.7864286,0.5,0.2864286
4.0,Renan & Fran,TARLA4,4.36364,854.0,2.0,5.0,5.3333333,5.5,5.4,5.1666667,4.7142857,4.5,4.4444444,4.4,4.3636364,,,,,,,,,,,,,,4.62022,5.5,2.0,3.5,,0.43818,,0.9,0.6,0.525,0.4875,0.4757143,0.4797619,0.5302721,0.5389881,0.5068783,0.4811905,0.4374459,,,,,,,,,,,,,,0.54207,0.9,0.4374459,0.4625541
5.0,Renata & Ana Paula,TARLA4,2.4,855.0,1.0,1.0,1.0,1.75,2.2,2.0,1.8571429,1.75,2.1111111,2.4,,,,,,,,,,,,,,,1.70683,2.4,1.0,1.4,,0.72,,1.0,1.0,1.0,0.90625,0.8392857,0.8660714,0.8852041,0.8995536,0.7996032,0.7196429,,,,,,,,,,,,,,,0.89156,1.0,0.7196429,0.2803571
6.0,Fernanda & Cainã,TARLA4,4.0,856.0,3.0,4.0,4.0,3.5,3.0,3.3333333,3.7142857,4.0,,,,,,,,,,,,,,,,,3.56845,4.0,3.0,1.0,,0.55125,,0.8,0.7,0.675,0.725,0.78,0.7055556,0.6285714,0.55,,,,,,,,,,,,,,,,,0.69552,0.8,0.55,0.25
7.0,Fuzetti & Nando,TARLA4,6.14286,857.0,8.0,5.0,5.6666667,5.5,5.8,6.0,6.1428571,,,,,,,,,,,,,,,,,,6.01565,8.0,5.0,3.0,,0.29857,,0.3,0.6,0.4833333,0.4875,0.4185714,0.3488095,0.2989796,,,,,,,,,,,,,,,,,,0.4196,0.6,0.2989796,0.3010204
8.0,Gabriela & Harã,TARLA4,8.6,858.0,10.0,9.5,9.0,8.75,8.6,,,,,,,,,,,,,,,,,,,,9.17,10.0,8.6,1.4,,0.112,,0.1,0.15,0.1416667,0.1375,0.11,,,,,,,,,,,,,,,,,,,,0.12783,0.15,0.1,0.05
9.0,Ciça & Zezão,TARLA4,6.75,859.0,9.0,7.5,6.0,6.75,,,,,,,,,,,,,,,,,,,,,7.3125,9.0,6.0,3.0,,0.3625,,0.2,0.35,0.4833333,0.3625,,,,,,,,,,,,,,,,,,,,,0.34896,0.4833333,0.2,0.2833333
10.0,Billy & Gean,TARLA4,10.5,860.0,11.0,10.5,,,,,,,,,,,,,,,,,,,,,,,10.75,11.0,10.5,0.5,,0.05,,0.0,0.05,,,,,,,,,,,,,,,,,,,,,,,0.025,0.05,0.0,0.05
11.0,Ci & Lu,TARLA4,9.0,861.0,7.0,9.0,,,,,,,,,,,,,,,,,,,,,,,8.0,9.0,7.0,2.0,,0.2,,0.4,0.2,,,,,,,,,,,,,,,,,,,,,,,0.3,0.4,0.2,0.2
1.0,Ezequiel & Tobías,TARLA5,3.53846,862.0,3.0,6.0,7.0,6.5,5.6,5.1666667,5.1428571,5.0,4.5555556,4.2,4,3.75,3.5384615,,,,,,,,,,,,4.88104,7.0,3.0,4.0,,0.63227,,0.8,0.4555556,0.3037037,0.3527778,0.4572222,0.4921296,0.4503968,0.4440972,0.5058642,0.5552778,0.565404,0.6016204,0.632265,,,,,,,,,,,,0.50895,0.8,0.3037037,0.4962963
2.0,Darío & Esther,TARLA5,3.07692,863.0,5.0,3.0,3.6666667,3.25,3.4,3.6666667,3.2857143,3.0,3.1111111,3.2,3.1818182,3.1666667,3.0769231,,,,,,,,,,,,3.38504,5.0,3.0,2.0,,0.53974,,0.6,0.8,0.7,0.74375,0.72,0.6555556,0.7047619,0.7416667,0.687037,0.6183333,0.5924242,0.5430556,0.5397436,,,,,,,,,,,,0.6651,0.8,0.5397436,0.2602564
3.0,Karina & Braian,TARLA5,3.46154,864.0,2.0,4.5,3.6666667,3.75,4.2,4.5,4.4285714,4.25,4.1111111,3.9,3.6363636,3.5,3.4615385,,,,,,,,,,,,3.83879,4.5,2.0,2.5,,0.53398,,0.9,0.6166667,0.7027778,0.6833333,0.6216667,0.5458333,0.525,0.534375,0.5305556,0.5441667,0.5856061,0.5784722,0.5339744,,,,,,,,,,,,0.60788,0.9,0.525,0.375
4.0,Manfred & Pierre,TARLA5,3.45455,865.0,9.0,8.5,6.6666667,5.75,4.8,4.1666667,3.8571429,3.625,3.4444444,3.4,3.4545455,,,,,,,,,,,,,,5.15132,9.0,3.4,5.6,,0.6005,,0.2,0.2111111,0.3907407,0.4805556,0.5844444,0.6537037,0.6746032,0.6902778,0.6969136,0.6605556,0.6005051,,,,,,,,,,,,,,0.53122,0.6969136,0.2,0.4969136
5.0,Jessica & Michelle,TARLA5,5.0,866.0,6.0,5.0,5.6666667,5.75,5.6,5.3333333,5.0,5.0,5.0,,,,,,,,,,,,,,,,5.37222,6.0,5.0,1.0,,0.39908,,0.5,0.5833333,0.4722222,0.4479167,0.4583333,0.4652778,0.4845238,0.4489583,0.3990741,,,,,,,,,,,,,,,,0.47329,0.5833333,0.3990741,0.1842592
6.0,Evelyn & Jorge,TARLA5,3.625,867.0,1.0,3.5,3.6666667,3.0,3.0,2.8333333,3.2857143,3.625,,,,,,,,,,,,,,,,,2.98884,3.6666667,1.0,2.6666667,,0.58159,,1.0,0.7222222,0.6898148,0.7673611,0.7638889,0.775463,0.6646825,0.5815972,,,,,,,,,,,,,,,,,0.74563,1.0,0.5815972,0.4184028
7.0,Astrid & Aleja,TARLA5,7.0,868.0,10.0,7.5,7.0,7.0,7.0,7.0,,,,,,,,,,,,,,,,,,,7.58333,10.0,7.0,3.0,,0.2551,,0.1,0.3277778,0.3435185,0.3201389,0.3061111,0.2550926,,,,,,,,,,,,,,,,,,,0.27544,0.3435185,0.1,0.2435185
8.0,Juanjo & Beto,TARLA5,6.0,869.0,4.0,3.0,4.6666667,5.5,6.0,,,,,,,,,,,,,,,,,,,,4.63333,6.0,3.0,3.0,,0.39278,,0.7,0.7944444,0.5712963,0.4597222,0.3927778,,,,,,,,,,,,,,,,,,,,0.58365,0.7944444,0.3927778,0.4016666
9.0,Débora & Renata,TARLA5,5.8,870.0,7.0,5.0,3.6666667,5.0,5.8,,,,,,,,,,,,,,,,,,,,5.29333,7.0,3.6666667,3.3333333,,0.43556,,0.4,0.5888889,0.7259259,0.5444444,0.4355556,,,,,,,,,,,,,,,,,,,,0.53896,0.7259259,0.4,0.3259259
10.0,Filippo & Eddy,TARLA5,9.0,871.0,8.0,9.0,,,,,,,,,,,,,,,,,,,,,,,8.5,9.0,8.0,1.0,,0.15,,0.3,0.15,,,,,,,,,,,,,,,,,,,,,,,0.225,0.3,0.15,0.15
11.0,Ari & Ra,TARLA5,11.0,872.0,11.0,,,,,,,,,,,,,,,,,,,,,,,,11.0,11.0,11.0,0.0,,0.0,,0.0,,,,,,,,,,,,,,,,,,,,,,,,0.0,0.0,0.0,0.0
1.0,Giovanni & Juan Carlos,TARLA6,3.07692,873.0,3.0,5.0,4.3333333,4.0,4.2,4.3333333,4.1428571,4.0,3.8888889,3.6,3.3636364,3.25,3.0769231,,,,,,,,,,,,3.86069,5.0,3.0,2.0,,0.65109,,0.8,0.5666667,0.6277778,0.6494048,0.5861905,0.5440476,0.5520408,0.5580357,0.5515873,0.5964286,0.6331169,0.6220238,0.6510989,,,,,,,,,,,,0.61065,0.8,0.5440476,0.2559524
2.0,Javier & Nicolas,TARLA6,2.69231,874.0,2.0,5.0,3.6666667,4.0,4.0,3.8333333,3.4285714,3.25,3.0,3,2.9090909,2.75,2.6923077,,,,,,,,,,,,3.34846,5.0,2.0,3.0,,0.70648,,0.9,0.5611111,0.7074074,0.6376984,0.6101587,0.6195767,0.6739229,0.6896825,0.7241623,0.701746,0.698557,0.7236772,0.7064713,,,,,,,,,,,,0.68878,0.9,0.5611111,0.3388889
3.0,Juan & Cecilia,TARLA6,4.23077,875.0,5.0,7.0,7.3333333,5.75,5.0,4.8333333,5.0,5.0,4.8888889,4.6,4.4545455,4.3333333,4.2307692,,,,,,,,,,,,5.18648,7.3333333,4.2307692,3.1025641,,0.36175,,0.6,0.3555556,0.2787037,0.4590278,0.5338889,0.5282407,0.4527778,0.4211806,0.4021605,0.4369444,0.4275253,0.3918981,0.3617521,,,,,,,,,,,,0.43459,0.6,0.2787037,0.3212963
4.0,Christian & Dina,TARLA6,4.09091,876.0,10.0,8.0,7.0,6.75,6.0,5.3333333,4.8571429,4.375,4.1111111,4.1,4.0909091,,,,,,,,,,,,,,5.87432,10.0,4.0909091,5.9090909,,0.51183,,0.1,0.2722222,0.3481481,0.3325397,0.3993651,0.4716931,0.5185941,0.5787698,0.5977954,0.5630159,0.5118326,,,,,,,,,,,,,,0.42673,0.5977954,0.1,0.4977954
5.0,Martín & Jenny,TARLA6,5.0,877.0,4.0,4.5,5.3333333,5.0,5.2,5.3333333,5.1428571,5.0,5.0,5,,,,,,,,,,,,,,,4.95095,5.3333333,4.0,1.3333333,,0.32104,,0.7,0.6277778,0.5018519,0.519246,0.4487302,0.4017196,0.4014739,0.4012897,0.3567019,0.3210317,,,,,,,,,,,,,,,0.46798,0.7,0.3210317,0.3789683
6.0,Stefanía & Felipe,TARLA6,2.75,878.0,1.0,2.5,2.3333333,2.25,2.0,1.8333333,2.2857143,2.75,,,,,,,,,,,,,,,,,2.11905,2.75,1.0,1.75,,0.69985,,1.0,0.8333333,0.8472222,0.8497024,0.8797619,0.8998016,0.7998299,0.6998512,,,,,,,,,,,,,,,,,0.85119,1.0,0.6998512,0.3001488
7.0,Sonia & Gabriel,TARLA6,5.66667,879.0,8.0,4.5,4.3333333,5.0,5.4,5.6666667,,,,,,,,,,,,,,,,,,,5.48333,8.0,4.3333333,3.6666667,,0.34465,,0.3,0.65,0.6416667,0.5169643,0.4135714,0.3446429,,,,,,,,,,,,,,,,,,,0.47781,0.65,0.3,0.35
8.0,Clara & Delfina,TARLA6,5.5,880.0,6.0,4.0,4.6666667,5.5,,,,,,,,,,,,,,,,,,,,,5.04167,6.0,4.0,2.0,,0.44098,,0.5,0.6944444,0.587963,0.4409722,,,,,,,,,,,,,,,,,,,,,0.55584,0.6944444,0.4409722,0.2534722
9.0,Audi & David,TARLA6,7.0,881.0,9.0,6.0,7.0,,,,,,,,,,,,,,,,,,,,,,7.33333,9.0,6.0,3.0,,0.32593,,0.2,0.4888889,0.3259259,,,,,,,,,,,,,,,,,,,,,,0.33827,0.4888889,0.2,0.2888889
10.0,Carlos & Orlando,TARLA6,8.5,882.0,7.0,8.5,,,,,,,,,,,,,,,,,,,,,,,7.75,8.5,7.0,1.5,,0.2,,0.4,0.2,,,,,,,,,,,,,,,,,,,,,,,0.3,0.4,0.2,0.2
11.0,Ana & Vantroy,TARLA6,11.0,883.0,11.0,,,,,,,,,,,,,,,,,,,,,,,,11.0,11.0,11.0,0.0,,0.0,,0.0,,,,,,,,,,,,,,,,,,,,,,,,0.0,0.0,0.0,0.0
1.0,Morten & Truls,TARNO1,2.15385,884.0,4.0,2.5,2.3333333,2.25,2.0,2.6666667,2.5714286,2.375,2.2222222,2.4,2.2727273,2.25,2.1538462,,,,,,,,,,,,2.46117,4.0,2.0,2.0,,0.7935,,0.7,0.85,0.8583333,0.8580357,0.8864286,0.7664683,0.7712585,0.7998512,0.8220899,0.764881,0.7862554,0.7762897,0.7934982,,,,,,,,,,,,0.80257,0.8864286,0.7,0.1864286
2.0,Karim & Khabat,TARNO1,2.46154,885.0,1.0,5.0,4.6666667,3.75,3.4,3.0,2.7142857,2.75,2.7777778,2.6,2.6363636,2.5,2.4615385,,,,,,,,,,,,3.01974,5.0,1.0,4.0,,0.74563,,1.0,0.5555556,0.5787037,0.6840278,0.7186508,0.7655423,0.7990363,0.7741567,0.7436949,0.7693254,0.7448413,0.7661045,0.7456349,,,,,,,,,,,,0.74194,1.0,0.5555556,0.4444444
3.0,Cathrine & Michelle,TARNO1,3.69231,886.0,7.0,4.5,3.3333333,3.25,4.0,4.1666667,4.1428571,4.25,4.2222222,4,3.8181818,3.75,3.6923077,,,,,,,,,,,,4.16351,7.0,3.25,3.75,,0.47405,,0.4,0.6444444,0.762963,0.7507937,0.6292063,0.5798942,0.554195,0.5099206,0.4810406,0.5079365,0.5299423,0.5135582,0.4740537,,,,,,,,,,,,0.56446,0.762963,0.4,0.362963
4.0,Frank & Ivar,TARNO1,3.91667,887.0,8.0,6.0,5.0,5.5,5.0,4.5,4.2857143,4.25,4.0,3.9,3.9090909,3.9166667,,,,,,,,,,,,,4.85512,8.0,3.9,4.1,,0.49227,,0.3,0.4833333,0.5722222,0.464881,0.5147619,0.5678571,0.572449,0.5508929,0.5730159,0.5657143,0.537013,0.4922619,,,,,,,,,,,,,0.5162,0.5730159,0.3,0.2730159
5.0,Kari & Bjørn,TARNO1,5.0,888.0,9.0,7.0,6.3333333,6.25,5.8,5.5,5.4285714,5.0,5.0,5,5,,,,,,,,,,,,,,5.93745,9.0,5.0,4.0,,0.32843,,0.2,0.3777778,0.4185185,0.3853175,0.4225397,0.4354497,0.4018141,0.4515873,0.4014109,0.3612698,0.3284271,,,,,,,,,,,,,,0.38037,0.4515873,0.2,0.2515873
6.0,Tor Einar & Cathrine,TARNO1,5.625,889.0,6.0,6.5,6.6666667,6.25,6.0,5.5,5.5714286,5.625,,,,,,,,,,,,,,,,,6.01414,6.6666667,5.5,1.1666667,,0.3259,,0.5,0.4166667,0.3611111,0.3779762,0.3880952,0.4345238,0.372449,0.3258929,,,,,,,,,,,,,,,,,0.39709,0.5,0.3258929,0.1741071
7.0,Julie & Vichy,TARNO1,5.0,890.0,2.0,2.5,4.3333333,4.25,4.6,5.0,,,,,,,,,,,,,,,,,,,3.78056,5.0,2.0,3.0,,0.44332,,0.9,0.8388889,0.6009259,0.5935516,0.5319841,0.4433201,,,,,,,,,,,,,,,,,,,0.65145,0.9,0.4433201,0.4566799
8.0,Bjarne & Vilde,TARNO1,6.2,891.0,3.0,4.5,5.0,5.75,6.2,,,,,,,,,,,,,,,,,,,,4.89,6.2,3.0,3.2,,0.32388,,0.8,0.6222222,0.5398148,0.4048611,0.3238889,,,,,,,,,,,,,,,,,,,,0.53816,0.8,0.3238889,0.4761111
9.0,Martha & Elise,TARNO1,9.0,892.0,10.0,9.0,9.0,,,,,,,,,,,,,,,,,,,,,,9.33333,10.0,9.0,1.0,,0.1074,,0.1,0.1611111,0.1074074,,,,,,,,,,,,,,,,,,,,,,0.12284,0.1611111,0.1,0.0611111
10.0,Pål Christian & Ivar,TARNO1,7.5,893.0,5.0,7.5,,,,,,,,,,,,,,,,,,,,,,,6.25,7.5,5.0,2.5,,0.3,,0.6,0.3,,,,,,,,,,,,,,,,,,,,,,,0.45,0.6,0.3,0.3
11.0,Kenneth & Hakan,TARNO1,11.0,894.0,11.0,,,,,,,,,,,,,,,,,,,,,,,,11.0,11.0,11.0,0.0,,0.0,,0.0,,,,,,,,,,,,,,,,,,,,,,,,0.0,0.0,0.0,0.0
1.0,Omar & Bilal,TARNO2,2.0,895.0,3.0,5.0,4.0,3.25,3.0,2.6666667,2.4285714,2.25,2.2222222,2.1,2.0909091,2.0,,,,,,,,,,,,,2.83403,5.0,2.0,3.0,,0.84458,,0.7777778,0.5138889,0.6283069,0.7212302,0.7436508,0.7863757,0.8168934,0.8397817,0.829806,0.8468254,0.8304473,0.8445767,,,,,,,,,,,,,0.76496,0.8468254,0.5138889,0.3329365
2.0,Sveinung & Solfrid,TARNO2,2.83333,896.0,6.0,4.5,4.0,3.75,3.8,3.8333333,3.5714286,3.375,3.1111111,3.1,2.9090909,2.8333333,,,,,,,,,,,,,3.73194,6.0,2.8333333,3.1666667,,0.66323,,0.4444444,0.5972222,0.6362434,0.6438492,0.6150794,0.5958995,0.6250567,0.6406746,0.6805996,0.645873,0.6780664,0.6632275,,,,,,,,,,,,,0.62219,0.6805996,0.4444444,0.2361552
3.0,Cecilie & Camilla,TARNO2,3.91667,897.0,7.0,6.0,5.3333333,5.0,4.6,4.1666667,4.2857143,4.125,4.1111111,4.1,4,3.9166667,,,,,,,,,,,,,4.71987,7.0,3.9166667,3.0833333,,0.39067,,0.3333333,0.4166667,0.468254,0.4761905,0.5142857,0.5674603,0.514966,0.5130952,0.4838624,0.4354762,0.4261905,0.3906746,,,,,,,,,,,,,0.4617,0.5674603,0.3333333,0.234127
4.0,Julie & Robert,TARNO2,2.72727,898.0,5.0,3.5,2.6666667,2.5,2.2,2.3333333,2.4285714,2.625,2.6666667,2.6,2.7272727,,,,,,,,,,,,,,2.84068,5.0,2.2,2.8,,0.63157,,0.5555556,0.7152778,0.8101852,0.8159722,0.8527778,0.8217593,0.7900794,0.7225694,0.6978395,0.6947222,0.6315657,,,,,,,,,,,,,,0.73712,0.8527778,0.5555556,0.2972222
5.0,Lill & Stian,TARNO2,5.22222,899.0,1.0,4.5,5.0,5.25,5.6,5.5,5.2857143,5.25,5.2222222,,,,,,,,,,,,,,,,4.73422,5.6,1.0,4.6,,0.25674,,1.0,0.5625,0.4702381,0.3943452,0.3154762,0.3184524,0.330102,0.2888393,0.256746,,,,,,,,,,,,,,,,0.43741,1.0,0.256746,0.743254
6.0,Eva & Wenche,TARNO2,5.0,900.0,4.0,2.5,4.0,4.25,4.6,4.8333333,5.0,,,,,,,,,,,,,,,,,,4.16905,5.0,2.5,2.5,,0.35376,,0.6666667,0.8333333,0.6031746,0.5357143,0.4619048,0.4126984,0.3537415,,,,,,,,,,,,,,,,,,0.55246,0.8333333,0.3537415,0.4795918
7.0,Vinh & Terje,TARNO2,5.0,901.0,2.0,3.0,3.6666667,4.5,4.6,5.0,,,,,,,,,,,,,,,,,,,3.79444,5.0,2.0,3.0,,0.3793,,0.8888889,0.7569444,0.6474868,0.4856151,0.4551587,0.3792989,,,,,,,,,,,,,,,,,,,0.60223,0.8888889,0.3792989,0.50959
8.0,Priscila & Lindsy,TARNO2,7.33333,902.0,8.0,7.0,7.3333333,,,,,,,,,,,,,,,,,,,,,,7.44444,8.0,7.0,1.0,,0.19907,,0.2222222,0.2986111,0.1990741,,,,,,,,,,,,,,,,,,,,,,0.23997,0.2986111,0.1990741,0.099537
9.0,Milorad & Dario,TARNO2,9.0,903.0,9.0,9.0,,,,,,,,,,,,,,,,,,,,,,,9.0,9.0,9.0,0.0,,0.05555,,0.1111111,0.0555556,,,,,,,,,,,,,,,,,,,,,,,0.08333,0.1111111,0.0555556,0.0555555
10.0,Allan & Ørjan,TARNO2,10.0,904.0,10.0,,,,,,,,,,,,,,,,,,,,,,,,10.0,10.0,10.0,0.0,,0.0,,0.0,,,,,,,,,,,,,,,,,,,,,,,,0.0,0.0,0.0,0.0
1.0,LJ & CJ,TARPH1,3.61538,905.0,7.0,4.5,3.6666667,3.75,4.2,4.3333333,4.4285714,4.5,4.3333333,4.1,3.9090909,3.8333333,3.6153846,,,,,,,,,,,,4.32075,7.0,3.6153846,3.3846154,,0.57845,,0.4,0.6444444,0.7212963,0.6972222,0.6149206,0.5838624,0.5480726,0.5212302,0.5299824,0.5519841,0.5624098,0.5433201,0.5784493,,,,,,,,,,,,0.57671,0.7212963,0.4,0.3212963
2.0,Fausto & Dayal,TARPH1,3.76923,906.0,9.0,8.5,8.3333333,8.0,6.8,6.0,5.2857143,5.0,4.5555556,4.2,4.0909091,3.9166667,3.7692308,,,,,,,,,,,,5.9578,9.0,3.7692308,5.2307692,,0.59062,,0.2,0.2111111,0.1824074,0.1993056,0.330873,0.4185847,0.501644,0.5222718,0.5753527,0.6178175,0.5919553,0.5981812,0.5906288,,,,,,,,,,,,0.42616,0.6178175,0.1824074,0.4354101
3.0,Marc & Kat,TARPH1,1.84615,907.0,1.0,1.0,1.0,1.0,1.6,1.8333333,1.8571429,1.75,1.7777778,1.9,1.8181818,1.75,1.8461538,,,,,,,,,,,,1.54866,1.9,1.0,0.9,,0.80146,,1.0,1.0,1.0,1.0,0.9142857,0.8809524,0.8741497,0.889881,0.8798942,0.8419048,0.8562771,0.868254,0.8014652,,,,,,,,,,,,0.90824,1.0,0.8014652,0.1985348
4.0,Sheena & Gee,TARPH1,5.0,908.0,5.0,5.5,5.3333333,5.5,5.8,5.5,5.2857143,5.375,5.3333333,5.2,5.0909091,5.0,,,,,,,,,,,,,5.32652,5.8,5.0,0.8,,0.31253,,0.6,0.5222222,0.5148148,0.4798611,0.4124603,0.438955,0.4476757,0.4125496,0.388933,0.3750397,0.3409452,0.3125331,,,,,,,,,,,,,0.43717,0.6,0.3125331,0.2874669
5.0,Saida & Jervi,TARPH1,4.3,909.0,4.0,3.5,3.6666667,3.25,3.6,4.0,4.2857143,4.25,4.2222222,4.3,,,,,,,,,,,,,,,3.90746,4.3,3.25,1.05,,0.47588,,0.7,0.7388889,0.7009259,0.7444444,0.6812698,0.6153439,0.5512472,0.5448413,0.5287478,0.475873,,,,,,,,,,,,,,,0.62816,0.7444444,0.475873,0.2685714
6.0,Boom & Cheng,TARPH1,2.88889,910.0,2.0,3.5,3.3333333,3.25,2.8,2.5,2.5714286,2.5,2.8888889,,,,,,,,,,,,,,,,2.81596,3.5,2.0,1.5,,0.71729,,0.9,0.7277778,0.7351852,0.7388889,0.7911111,0.8259259,0.8031746,0.8069444,0.717284,,,,,,,,,,,,,,,,0.78292,0.9,0.717284,0.182716
7.0,Ed & Angel,TARPH1,6.375,911.0,8.0,6.0,6.3333333,6.75,6.0,6.1666667,6.2857143,6.375,,,,,,,,,,,,,,,,,6.48884,8.0,6.0,2.0,,0.27486,,0.3,0.4833333,0.4055556,0.3354167,0.4111905,0.3664683,0.3141156,0.2748512,,,,,,,,,,,,,,,,,0.36137,0.4833333,0.2748512,0.2084821
8.0,Dani & Mish,TARPH1,6.16667,912.0,3.0,5.0,5.3333333,5.25,5.8,6.1666667,,,,,,,,,,,,,,,,,,,5.09167,6.1666667,3.0,3.1666667,,0.33472,,0.8,0.5666667,0.5027778,0.5020833,0.4016667,0.3347222,,,,,,,,,,,,,,,,,,,0.51799,0.8,0.3347222,0.4652778
9.0,Pamela & Vanessa,TARPH1,9.25,913.0,10.0,9.5,9.3333333,9.25,,,,,,,,,,,,,,,,,,,,,9.52083,10.0,9.25,0.75,,0.05278,,0.1,0.1055556,0.0703704,0.0527778,,,,,,,,,,,,,,,,,,,,,0.08218,0.1055556,0.0527778,0.0527778
10.0,Anton & Armand,TARPH1,8.0,914.0,6.0,8.0,,,,,,,,,,,,,,,,,,,,,,,7.0,8.0,6.0,2.0,,0.25,,0.5,0.25,,,,,,,,,,,,,,,,,,,,,,,0.375,0.5,0.25,0.25
11.0,Crystel & Mykey,TARPH1,11.0,915.0,11.0,,,,,,,,,,,,,,,,,,,,,,,,11.0,11.0,11.0,0.0,,0.0,,0.0,,,,,,,,,,,,,,,,,,,,,,,,0.0,0.0,0.0,0.0
1.0,Matt & Phoebe,TARPH2,2.1,916.0,3.0,2.0,1.6666667,1.5,2.2,2.5,2.4285714,2.25,2.2222222,2.1,,,,,,,,,,,,,,,2.18675,3.0,1.5,1.5,,0.81,,0.8,0.9,0.9333333,0.95,0.8266667,0.7722222,0.7761905,0.8041667,0.7888889,0.81,,,,,,,,,,,,,,,0.83615,0.95,0.7722222,0.1777778
2.0,JP & Kelvin,TARPH2,4.6,917.0,6.0,6.5,6.6666667,6.75,6.6,5.8333333,5.5714286,5.375,4.8888889,4.6,,,,,,,,,,,,,,,5.87853,6.75,4.6,2.15,,0.45262,,0.5,0.4166667,0.3611111,0.3065476,0.2785714,0.3710317,0.3751701,0.3782738,0.4473545,0.452619,,,,,,,,,,,,,,,0.38873,0.5,0.2785714,0.2214286
3.0,Eji & Roch,TARPH2,3.4,918.0,7.0,5.5,4.3333333,4.25,3.8,4.0,3.5714286,3.5,3.4444444,3.4,,,,,,,,,,,,,,,4.27992,7.0,3.4,3.6,,0.5613,,0.4,0.5333333,0.6472222,0.6282738,0.6692857,0.6132937,0.6685374,0.6599702,0.6236772,0.5613095,,,,,,,,,,,,,,,0.60049,0.6692857,0.4,0.2692857
4.0,Yna & Jet,TARPH2,2.66667,919.0,2.0,2.0,2.3333333,2.25,2.4,2.5,2.5714286,2.5,2.6666667,,,,,,,,,,,,,,,,2.35794,2.6666667,2.0,0.6666667,,0.68104,,0.9,0.8944444,0.8462963,0.8490079,0.8125397,0.7882275,0.7613379,0.7661706,0.6810406,,,,,,,,,,,,,,,,0.81101,0.9,0.6810406,0.2189594
5.0,AJ & Jody,TARPH2,3.75,920.0,5.0,5.0,4.6666667,4.25,3.6,3.1666667,3.5714286,3.75,,,,,,,,,,,,,,,,,4.1256,5.0,3.1666667,1.8333333,,0.58686,,0.6,0.5777778,0.5935185,0.6237103,0.6989683,0.7491402,0.6421202,0.5868552,,,,,,,,,,,,,,,,,0.63401,0.7491402,0.5777778,0.1713624
6.0,Vince & Ed,TARPH2,4.375,921.0,1.0,2.0,3.0,3.5,3.6,4.0,4.1428571,4.375,,,,,,,,,,,,,,,,,3.20223,4.375,1.0,3.375,,0.44664,,1.0,0.8888889,0.7592593,0.6765873,0.6412698,0.5621693,0.5104308,0.446627,,,,,,,,,,,,,,,,,0.68565,1.0,0.446627,0.553373
7.0,RR & Jeck,TARPH2,7.33333,922.0,10.0,9.0,8.0,7.5,7.4,7.3333333,,,,,,,,,,,,,,,,,,,8.20556,10.0,7.3333333,2.6666667,,0.16382,,0.1,0.1611111,0.2324074,0.2457341,0.1965873,0.1638228,,,,,,,,,,,,,,,,,,,0.18328,0.2457341,0.1,0.1457341
8.0,Avy & Tina,TARPH2,7.5,923.0,8.0,7.0,7.3333333,7.5,,,,,,,,,,,,,,,,,,,,,7.45833,8.0,7.0,1.0,,0.21735,,0.3,0.3722222,0.2898148,0.2173611,,,,,,,,,,,,,,,,,,,,,0.29485,0.3722222,0.2173611,0.1548611
9.0,Daniel & Charlie,TARPH2,9.0,924.0,9.0,9.0,9.0,,,,,,,,,,,,,,,,,,,,,,9.0,9.0,9.0,0.0,,0.1037,,0.2,0.1555556,0.1037037,,,,,,,,,,,,,,,,,,,,,,0.15309,0.2,0.1037037,0.0962963
10.0,Chen & Luz,TARPH2,7.0,925.0,4.0,7.0,,,,,,,,,,,,,,,,,,,,,,,5.5,7.0,4.0,3.0,,0.35,,0.7,0.35,,,,,,,,,,,,,,,,,,,,,,,0.525,0.7,0.35,0.35
11.0,Zarah & Osang,TARPH2,11.0,926.0,11.0,,,,,,,,,,,,,,,,,,,,,,,,11.0,11.0,11.0,0.0,,0.0,,0.0,,,,,,,,,,,,,,,,,,,,,,,,0.0,0.0,0.0,0.0
1.0,Valeria & Bohdana,TARUA1,2.08333,927.0,2.0,3.0,2.3333333,2.5,3.0,3.0,2.8571429,2.625,2.4444444,2.3,2.1818182,2.0833333,,,,,,,,,,,,,2.52709,3.0,2.0,1.0,,0.83568,,0.8888889,0.7569444,0.837963,0.8070437,0.7123016,0.7046958,0.7183107,0.7535218,0.7809083,0.8028175,0.8207431,0.8356812,,,,,,,,,,,,,0.78499,0.8888889,0.7046958,0.1841931
2.0,Alexey & Olena,TARUA1,4.25,928.0,9.0,8.0,7.6666667,6.25,6.4,5.6666667,5.2857143,5.125,4.7777778,4.6,4.4545455,4.25,,,,,,,,,,,,,5.95636,9.0,4.25,4.75,,0.39457,,0.1111111,0.1805556,0.2037037,0.3670635,0.2936508,0.3835979,0.4145125,0.3939484,0.4335097,0.4234921,0.3849928,0.3945767,,,,,,,,,,,,,0.33206,0.4335097,0.1111111,0.3223986
3.0,Constantine & Jacob,TARUA1,3.08333,929.0,8.0,6.5,5.6666667,4.5,4.0,3.5,3.5714286,3.375,3.3333333,3.2,3.0909091,3.0833333,,,,,,,,,,,,,4.31839,8.0,3.0833333,4.9166667,,0.5831,,0.2222222,0.3611111,0.4490741,0.5868056,0.6361111,0.6967593,0.6543651,0.6663194,0.6478395,0.6497222,0.6361111,0.5831019,,,,,,,,,,,,,0.5658,0.6967593,0.2222222,0.4745371
4.0,Alexander & Vladimir,TARUA1,5.2,930.0,7.0,8.0,7.3333333,7.0,5.8,5.6666667,5.5714286,5.5,5.3333333,5.2,,,,,,,,,,,,,,,6.24048,8.0,5.2,2.8,,0.27773,,0.3333333,0.1666667,0.2361111,0.2485119,0.3988095,0.3878968,0.3610544,0.3159226,0.3085979,0.2777381,,,,,,,,,,,,,,,0.30346,0.3988095,0.1666667,0.2321428
5.0,Ihor & Vasil,TARUA1,3.11111,931.0,1.0,1.5,1.6666667,2.25,3.0,3.1666667,2.8571429,2.875,3.1111111,,,,,,,,,,,,,,,,2.38073,3.1666667,1.0,2.1666667,,0.60979,,1.0,0.9375,0.9166667,0.8303571,0.697619,0.6646825,0.712585,0.6860119,0.6097884,,,,,,,,,,,,,,,,0.78391,1.0,0.6097884,0.3902116
6.0,Natalia & Tatiana,TARUA1,5.42857,932.0,6.0,6.0,5.6666667,5.5,5.2,5.3333333,5.4285714,,,,,,,,,,,,,,,,,,5.5898,6.0,5.2,0.8,,0.34496,,0.4444444,0.4097222,0.4398148,0.437004,0.4496032,0.4024471,0.3449546,,,,,,,,,,,,,,,,,,0.41828,0.4496032,0.3449546,0.1046486
7.0,Andriy & Irina,TARUA1,4.33333,933.0,5.0,3.0,3.0,4.0,3.8,4.3333333,,,,,,,,,,,,,,,,,,,3.85556,5.0,3.0,2.0,,0.5192,,0.5555556,0.7777778,0.7685185,0.6121032,0.6230159,0.5191799,,,,,,,,,,,,,,,,,,,0.64269,0.7777778,0.5191799,0.2585979
8.0,Anna & Roman,TARUA1,5.75,934.0,4.0,3.5,5.0,5.75,,,,,,,,,,,,,,,,,,,,,4.5625,5.75,3.5,2.25,,0.38543,,0.6666667,0.7083333,0.5138889,0.3854167,,,,,,,,,,,,,,,,,,,,,0.56858,0.7083333,0.3854167,0.3229166
9.0,Alla & Alexandra,TARUA1,6.66667,935.0,3.0,5.5,6.6666667,,,,,,,,,,,,,,,,,,,,,,5.05556,6.6666667,3.0,3.6666667,,0.30093,,0.7777778,0.4513889,0.3009259,,,,,,,,,,,,,,,,,,,,,,0.51003,0.7777778,0.3009259,0.4768519
10.0,Vladimir & Irina,TARUA1,10.0,936.0,10.0,,,,,,,,,,,,,,,,,,,,,,,,10.0,10.0,10.0,0.0,,0.0,,0.0,,,,,,,,,,,,,,,,,,,,,,,,0.0,0.0,0.0,0.0
1.0,Baggio & Thành Phúc,TARVN1,2.76923,937.0,6.0,4.0,3.0,3.0,2.6,3.1666667,3.4285714,3.375,3.1111111,3.1,3.0909091,2.9166667,2.7692308,,,,,,,,,,,,3.35063,6.0,2.6,3.4,,0.69358,,0.4444444,0.6666667,0.7777778,0.7708333,0.8166667,0.7083333,0.6547619,0.6479167,0.687037,0.6683333,0.6378788,0.6680556,0.6935897,,,,,,,,,,,,0.68018,0.8166667,0.4444444,0.3722223
2.0,Minh Hoàng & Phương Thảo,TARVN1,4.30769,938.0,7.0,7.5,7.0,6.75,6.0,5.6666667,5.7142857,5.125,5.1111111,5,4.6363636,4.5,4.3076923,,,,,,,,,,,,5.71624,7.5,4.3076923,3.1923077,,0.44917,,0.3333333,0.2777778,0.3333333,0.34375,0.4178571,0.4315476,0.3937075,0.469494,0.417328,0.4005952,0.4550866,0.4449405,0.4491758,,,,,,,,,,,,0.39753,0.469494,0.2777778,0.1917162
3.0,Thành Chung & Thanh Bằng,TARVN1,3.84615,939.0,9.0,8.0,7.0,6.5,5.6,4.8333333,4.4285714,4.5,4.3333333,4.1,4.0909091,3.9166667,3.8461538,,,,,,,,,,,,5.39607,9.0,3.8461538,5.1538462,,0.48516,,0.1111111,0.2222222,0.3333333,0.375,0.4714286,0.5595238,0.5986395,0.5488095,0.5433862,0.5640476,0.5127706,0.5255952,0.4851648,,,,,,,,,,,,0.45008,0.5986395,0.1111111,0.4875284
4.0,Chí Bình & Hồng Long,TARVN1,3.0,940.0,2.0,3.0,3.0,2.75,3.2,3.1666667,3.2857143,3.125,3.2222222,3,2.9090909,3.0,,,,,,,,,,,,,2.97156,3.2857143,2.0,1.2857143,,0.6267,,0.8888889,0.7777778,0.7777778,0.8020833,0.727381,0.7172619,0.6862245,0.7004464,0.6503968,0.6853571,0.683658,0.6266865,,,,,,,,,,,,,0.727,0.8888889,0.6266865,0.2622024
5.0,Tuấn Anh & Xuân Sơn,TARVN1,4.7,941.0,4.0,2.5,4.6666667,5.25,5.6,5.8333333,5.1428571,5.0,4.6666667,4.7,,,,,,,,,,,,,,,4.73595,5.8333333,2.5,3.3333333,,0.43207,,0.6666667,0.8333333,0.5925926,0.5069444,0.434127,0.3617725,0.4529478,0.4463294,0.4800705,0.4320635,,,,,,,,,,,,,,,0.52068,0.8333333,0.3617725,0.4715608
6.0,Minh Châu & Trần Châu,TARVN1,4.25,942.0,5.0,5.5,5.0,4.0,4.0,4.1666667,4.0,4.25,,,,,,,,,,,,,,,,,4.48958,5.5,4.0,1.5,,0.52976,,0.5555556,0.5,0.5555556,0.6666667,0.647619,0.5952381,0.6054422,0.5297619,,,,,,,,,,,,,,,,,0.58198,0.6666667,0.5,0.1666667
7.0,Gia Bình & Bảo Châu,TARVN1,7.0,943.0,10.0,9.5,8.6666667,8.5,8.0,7.0,7.0,,,,,,,,,,,,,,,,,,8.38095,10.0,7.0,3.0,,0.2412,,0.0,0.0555556,0.1481481,0.1423611,0.1710317,0.2814153,0.2412132,,,,,,,,,,,,,,,,,,0.14853,0.2814153,0.0,0.2814153
8.0,Thanh Tuấn & Mỹ Trâm,TARVN1,4.0,944.0,3.0,3.0,2.6666667,3.0,4.0,,,,,,,,,,,,,,,,,,,,3.13333,4.0,2.6666667,1.3333333,,0.6139,,0.7777778,0.7777778,0.8148148,0.7673611,0.6138889,,,,,,,,,,,,,,,,,,,,0.75032,0.8148148,0.6138889,0.2009259
9.0,Richie & Mimi,TARVN1,8.75,945.0,8.0,9.0,8.6666667,8.75,,,,,,,,,,,,,,,,,,,,,8.60417,9.0,8.0,1.0,,0.1111,,0.2222222,0.1111111,0.1481481,0.1111111,,,,,,,,,,,,,,,,,,,,,0.14815,0.2222222,0.1111111,0.1111111
10.0,Thanh Thủy & Minh Thoa,TARVN1,5.33333,946.0,1.0,3.0,5.3333333,,,,,,,,,,,,,,,,,,,,,,3.11111,5.3333333,1.0,4.3333333,,0.51853,,1.0,0.7777778,0.5185185,,,,,,,,,,,,,,,,,,,,,,0.76543,1.0,0.5185185,0.4814815
1.0,Diệp Lâm Anh & Thu Hiền,TARVN2,2.5,947.0,6.0,4.5,3.3333333,4.0,3.6,3.5,3.2857143,3.0,2.7777778,2.7,2.6363636,2.5,,,,,,,,,,,,,3.4861,6.0,2.5,3.5,,0.73403,,0.375,0.5625,0.7083333,0.5729167,0.625,0.6208333,0.6392857,0.684375,0.7194444,0.7141667,0.7098485,0.7340278,,,,,,,,,,,,,0.63881,0.7340278,0.375,0.3590278
2.0,Linh Chi & Phúc Vinh,TARVN2,2.16667,948.0,1.0,1.5,1.6666667,1.5,2.0,1.8333333,2.1428571,2.25,2.4444444,2.3,2.1818182,2.1666667,,,,,,,,,,,,,1.91548,2.4444444,1.0,1.4444444,,0.70684,,1.0,0.9375,0.9107143,0.9330357,0.8464286,0.8720238,0.7831633,0.7477679,0.6646825,0.6982143,0.7256494,0.7068452,,,,,,,,,,,,,0.81884,1.0,0.6646825,0.3353175
3.0,Đức Hưng & Thùy Dung,TARVN2,3.91667,949.0,7.0,7.0,6.3333333,5.5,4.6,4.6666667,4.4285714,4.375,4.2222222,4.1,4,3.9166667,,,,,,,,,,,,,5.01187,7.0,3.9166667,3.0833333,,0.37877,,0.25,0.25,0.3095238,0.3988095,0.5190476,0.465873,0.4707483,0.4431548,0.4309524,0.4211905,0.4132035,0.3787698,,,,,,,,,,,,,0.39594,0.5190476,0.25,0.2690476
4.0,Hari & Tiến Đạt,TARVN2,2.54545,950.0,4.0,2.5,2.6666667,2.5,2.6,2.5,2.2857143,2.25,2.2222222,2.4,2.5454545,,,,,,,,,,,,,,2.58819,4.0,2.2222222,1.7777778,,0.64145,,0.625,0.8125,0.7797619,0.7931548,0.7678571,0.7732143,0.8056122,0.7986607,0.7839947,0.7055952,0.6414502,,,,,,,,,,,,,,0.75335,0.8125,0.625,0.1875
5.0,Linh Sơn & Đoàn Mạnh,TARVN2,4.875,951.0,3.0,3.5,4.6666667,4.75,5.0,4.8333333,4.8571429,4.875,,,,,,,,,,,,,,,,,4.43527,5.0,3.0,2.0,,0.30224,,0.75,0.6875,0.5059524,0.4627976,0.4035714,0.4029762,0.3454082,0.3022321,,,,,,,,,,,,,,,,,0.48255,0.75,0.3022321,0.4477679
6.0,Thanh Hoa & Anh Tuấn,TARVN2,5.33333,952.0,5.0,6.5,5.6666667,5.25,5.2,5.3333333,,,,,,,,,,,,,,,,,,,5.49167,6.5,5.0,1.5,,0.33828,,0.5,0.3125,0.3988095,0.4241071,0.4059524,0.3382937,,,,,,,,,,,,,,,,,,,0.39661,0.5,0.3125,0.1875
7.0,Việt Dũng & Pha Lê,TARVN2,6.8,953.0,8.0,7.0,6.6666667,6.75,6.8,,,,,,,,,,,,,,,,,,,,7.04333,8.0,6.6666667,1.3333333,,0.15714,,0.125,0.25,0.2619048,0.1964286,0.1571429,,,,,,,,,,,,,,,,,,,,0.1981,0.2619048,0.125,0.1369048
8.0,Kim Lee & Pharreal Phương,TARVN2,5.0,954.0,2.0,3.5,5.0,,,,,,,,,,,,,,,,,,,,,,3.5,5.0,2.0,3.0,,0.45833,,0.875,0.6875,0.4583333,,,,,,,,,,,,,,,,,,,,,,0.67361,0.875,0.4583333,0.4166667
9.0,S.T & Hùng Phong,TARVN2,9.0,955.0,9.0,9.0,,,,,,,,,,,,,,,,,,,,,,,9.0,9.0,9.0,0.0,,0.0,,0.0,0.0,,,,,,,,,,,,,,,,,,,,,,,0.0,0.0,0.0,0.0
1.0,Hương Giang & Criss,TARVN3,2.36364,956.0,2.0,4.5,3.3333333,2.75,2.6,2.5,2.7142857,2.625,2.6666667,2.5,2.3636364,,,,,,,,,,,,,,2.77754,4.5,2.0,2.5,,0.74924,,0.875,0.5625,0.7083333,0.78125,0.7916667,0.7930556,0.7369048,0.7385417,0.6935185,0.7241667,0.7492424,,,,,,,,,,,,,,0.74129,0.875,0.5625,0.3125
2.0,Trang Trần & Hiếu Nguyễn,TARVN3,3.18182,957.0,5.0,4.5,4.3333333,4.25,4.0,3.8333333,3.5714286,3.5,3.3333333,3.3,3.1818182,,,,,,,,,,,,,,3.8912,5.0,3.1818182,1.8181818,,0.56937,,0.5,0.5625,0.5654762,0.5491071,0.572619,0.5771825,0.6090136,0.5953869,0.6033069,0.5763095,0.5693723,,,,,,,,,,,,,,0.57093,0.6090136,0.5,0.1090136
3.0,Trang Khiếu & An Đinh,TARVN3,4.81818,958.0,6.0,6.0,6.3333333,6.25,6.2,6.1666667,5.7142857,5.5,5.3333333,5,4.8181818,,,,,,,,,,,,,,5.75598,6.3333333,4.8181818,1.5151515,,0.24936,,0.375,0.375,0.297619,0.264881,0.2452381,0.2043651,0.2608844,0.2595238,0.2306878,0.2742857,0.2493507,,,,,,,,,,,,,,0.27608,0.375,0.2043651,0.1706349
4.0,Kiwi Ngô Mai Trang & Đỗ Hoàng Dương,TARVN3,3.4,959.0,8.0,6.5,6.0,6.25,5.2,4.5,4.0,3.625,3.3333333,3.4,,,,,,,,,,,,,,,5.08083,8.0,3.3333333,4.6666667,,0.60536,,0.125,0.3125,0.3511905,0.2633929,0.4107143,0.5089286,0.5790816,0.6316964,0.672619,0.6053571,,,,,,,,,,,,,,,0.44605,0.672619,0.125,0.547619
5.0,Sơn Ngọc Minh & Mint,TARVN3,4.0,960.0,1.0,2.0,2.3333333,3.0,3.4,3.6666667,3.8571429,4.0,,,,,,,,,,,,,,,,,2.90714,4.0,1.0,3.0,,0.44136,,1.0,0.875,0.8214286,0.6994048,0.6261905,0.5551587,0.5044218,0.441369,,,,,,,,,,,,,,,,,0.69037,1.0,0.441369,0.558631
6.0,Long Điền & Kim Dung,TARVN3,3.14286,961.0,3.0,2.0,2.0,2.0,2.4,2.6666667,3.1428571,,,,,,,,,,,,,,,,,,2.4585,3.1428571,2.0,1.1428571,,0.62006,,0.75,0.875,0.8690476,0.860119,0.7880952,0.7234127,0.620068,,,,,,,,,,,,,,,,,,0.78368,0.875,0.620068,0.254932
7.0,Kim Thanh & Khải Anh,TARVN3,6.6,962.0,9.0,8.5,7.6666667,6.5,6.6,,,,,,,,,,,,,,,,,,,,7.65333,9.0,6.5,2.5,,0.21548,,0.0,0.0625,0.1369048,0.2693452,0.2154762,,,,,,,,,,,,,,,,,,,,0.13685,0.2693452,0.0,0.2693452
8.0,Miko Lan Trinh & Hoàng Nam,TARVN3,4.66667,963.0,4.0,3.0,4.6666667,,,,,,,,,,,,,,,,,,,,,,3.88889,4.6666667,3.0,1.6666667,,0.5,,0.625,0.75,0.5,,,,,,,,,,,,,,,,,,,,,,0.625,0.75,0.5,0.25
9.0,Minh Long & Sơn Việt,TARVN3,8.0,964.0,7.0,8.0,,,,,,,,,,,,,,,,,,,,,,,7.5,8.0,7.0,1.0,,0.125,,0.25,0.125,,,,,,,,,,,,,,,,,,,,,,,0.1875,0.25,0.125,0.125
1.0,Ngọc Anh & Nhật Anh,TARVN4,2.0,965.0,1.0,1.5,1.3333333,1.25,2.0,1.8333333,2.4285714,2.25,2.1111111,2.1,2,,,,,,,,,,,,,,1.80058,2.4285714,1.0,1.4285714,,0.80519,,1.0,0.9285714,0.952381,0.9642857,0.8380952,0.8650794,0.7414966,0.7738095,0.7989418,0.7857143,0.8051948,,,,,,,,,,,,,,0.85942,1.0,0.7414966,0.2585034
2.0,Lincoln & Chí Thành,TARVN4,3.27273,966.0,3.0,4.0,4.0,3.5,3.6,4.0,4.1428571,3.875,3.6666667,3.4,3.2727273,,,,,,,,,,,,,,3.67793,4.1428571,3.0,1.1428571,,0.58983,,0.7142857,0.5714286,0.5714286,0.6428571,0.6142857,0.5396825,0.4911565,0.5297619,0.5542328,0.5988095,0.5898268,,,,,,,,,,,,,,0.58343,0.7142857,0.4911565,0.2231292
3.0,Băng Di & Trang Pháp,TARVN4,4.72727,967.0,8.0,8.0,7.0,7.0,6.2,5.8333333,5.2857143,5.25,5.1111111,4.9,4.7272727,,,,,,,,,,,,,,6.11886,8.0,4.7272727,3.2727273,,0.30195,,0.0,0.0,0.1428571,0.1428571,0.247619,0.2896825,0.362585,0.3422619,0.3320106,0.3321429,0.3019481,,,,,,,,,,,,,,0.22672,0.362585,0.0,0.362585
4.0,Thùy Anh & Đăng Hoàng,TARVN4,4.2,968.0,5.0,6.0,6.3333333,6.0,5.2,4.6666667,4.5714286,4.375,4.2222222,4.2,,,,,,,,,,,,,,,5.05687,6.3333333,4.2,2.1333333,,0.43096,,0.4285714,0.2857143,0.2380952,0.2857143,0.3952381,0.468254,0.4585034,0.4761905,0.478836,0.4309524,,,,,,,,,,,,,,,0.39461,0.478836,0.2380952,0.2407408
5.0,Nam Thành & Hải Băng,TARVN4,3.55556,969.0,2.0,4.0,3.3333333,4.0,3.4,3.6666667,3.2857143,3.375,3.5555556,,,,,,,,,,,,,,,,3.40181,4.0,2.0,2.0,,0.55766,,0.8571429,0.5714286,0.6666667,0.5714286,0.6571429,0.6031746,0.6598639,0.627381,0.557672,,,,,,,,,,,,,,,,0.64132,0.8571429,0.557672,0.2994709
6.0,Phương Ly & Joo Young,TARVN4,4.5,970.0,7.0,5.5,4.6666667,4.5,4.8,4.5,4.2857143,4.5,,,,,,,,,,,,,,,,,4.96905,7.0,4.2857143,2.7142857,,0.42918,,0.1428571,0.3571429,0.4761905,0.5,0.4333333,0.4722222,0.4904762,0.4291667,,,,,,,,,,,,,,,,,0.41267,0.5,0.1428571,0.3571429
7.0,Song Ngư & Trúc Như,TARVN4,5.33333,971.0,6.0,4.5,5.0,4.5,5.0,5.3333333,,,,,,,,,,,,,,,,,,,5.05556,6.0,4.5,1.5,,0.33333,,0.2857143,0.5,0.4285714,0.5,0.4,0.3333333,,,,,,,,,,,,,,,,,,,0.40794,0.5,0.2857143,0.2142857
8.0,Tim & Anh Đức,TARVN4,5.25,972.0,4.0,2.5,4.3333333,5.25,,,,,,,,,,,,,,,,,,,,,4.02083,5.25,2.5,2.75,,0.39285,,0.5714286,0.7857143,0.5238095,0.3928571,,,,,,,,,,,,,,,,,,,,,0.56845,0.7857143,0.3928571,0.3928572
1.0,Lincoln & Tiến Đạt,TARVN5,1.63636,973.0,1.0,1.0,1.0,1.25,1.6,1.6666667,1.7142857,1.75,1.7777778,1.7,1.6363636,,,,,,,,,,,,,,1.46319,1.7777778,1.0,0.7777778,,0.8763,,1.0,1.0,1.0,0.96875,0.9178571,0.9037698,0.8889456,0.8715774,0.8488095,0.8639286,0.8762987,,,,,,,,,,,,,,0.92181,1.0,0.8488095,0.1511905
2.0,Hương Giang & Criss,TARVN5,3.45455,974.0,3.0,5.5,5.3333333,5.5,4.6,4.6666667,4.5714286,4.125,3.7777778,3.6,3.4545455,,,,,,,,,,,,,,4.37534,5.5,3.0,2.5,,0.61591,,0.7777778,0.5,0.5,0.46875,0.575,0.5347222,0.5154762,0.5760417,0.6231481,0.6275,0.6159091,,,,,,,,,,,,,,0.57403,0.7777778,0.46875,0.3090278
3.0,Phúc Vinh & Thùy Dung,TARVN5,3.45455,975.0,5.0,5.0,4.0,4.25,4.4,3.8333333,3.7142857,3.625,3.5555556,3.5,3.4545455,,,,,,,,,,,,,,4.03025,5.0,3.4545455,1.5454545,,0.51649,,0.5555556,0.5555556,0.662037,0.6215278,0.5829365,0.6524471,0.6449547,0.6268353,0.594224,0.5681349,0.5164863,,,,,,,,,,,,,,0.59824,0.662037,0.5164863,0.1455507
4.0,Việt Dũng & Pha Lê,TARVN5,4.1,976.0,4.0,3.0,4.3333333,3.5,4.0,4.0,4.1428571,4.125,4.1111111,4.1,,,,,,,,,,,,,,,3.93123,4.3333333,3.0,1.3333333,,0.40413,,0.6666667,0.7777778,0.6018519,0.7013889,0.618254,0.598545,0.54161,0.5051587,0.44903,0.404127,,,,,,,,,,,,,,,0.58644,0.7777778,0.404127,0.3736508
5.0,Thanh Hoa & Anh Tuấn,TARVN5,4.125,977.0,6.0,6.5,5.3333333,5.0,4.8,4.5,4.0,4.125,,,,,,,,,,,,,,,,,5.03229,6.5,4.0,2.5,,0.54885,,0.4444444,0.3888889,0.5092593,0.5381944,0.5448413,0.5651455,0.6272676,0.5488591,,,,,,,,,,,,,,,,,0.52086,0.6272676,0.3888889,0.2383787
6.0,Song Ngư & Trúc Như,TARVN5,7.0,978.0,10.0,9.5,9.0,8.75,7.4,7.1666667,7.0,,,,,,,,,,,,,,,,,,8.40238,10.0,7.0,3.0,,0.19784,,0.0,0.0555556,0.0787037,0.0902778,0.2436508,0.2308201,0.1978458,,,,,,,,,,,,,,,,,,0.12812,0.2436508,0.0,0.2436508
7.0,Minh Long & Thu Hiền,TARVN5,5.66667,979.0,9.0,6.5,5.6666667,5.0,5.4,5.6666667,,,,,,,,,,,,,,,,,,,6.20556,9.0,5.0,4.0,,0.38262,,0.1111111,0.3888889,0.4675926,0.5381944,0.459127,0.3826058,,,,,,,,,,,,,,,,,,,0.39125,0.5381944,0.1111111,0.4270833
8.0,Richie & Mimi,TARVN5,6.4,980.0,2.0,4.0,5.6666667,6.0,6.4,,,,,,,,,,,,,,,,,,,,4.81333,6.4,2.0,4.4,,0.31666,,0.8888889,0.6666667,0.4444444,0.3958333,0.3166667,,,,,,,,,,,,,,,,,,,,0.5425,0.8888889,0.3166667,0.5722222
9.0,Mâu Thủy & Ngọc Minh,TARVN5,6.5,981.0,8.0,5.5,5.6666667,6.5,,,,,,,,,,,,,,,,,,,,,6.41667,8.0,5.5,2.5,,0.34375,,0.2222222,0.5,0.4583333,0.34375,,,,,,,,,,,,,,,,,,,,,0.38108,0.5,0.2222222,0.2777778
10.0,Thùy Anh & Đăng Hoàng,TARVN5,8.5,982.0,7.0,8.5,,,,,,,,,,,,,,,,,,,,,,,7.75,8.5,7.0,1.5,,0.16665,,0.3333333,0.1666667,,,,,,,,,,,,,,,,,,,,,,,0.25,0.3333333,0.1666667,0.1666666
1.0,Lệ Hằng & H'Hen Niê,TARVN6,3.2,983.0,4.0,4.5,5.3333333,5.25,4.6,4.1666667,4.0,3.625,3.4444444,3.2,,,,,,,,,,,,,,,4.21194,5.3333333,3.2,2.1333333,,0.6858,,0.6666667,0.6111111,0.4907407,0.4751984,0.5515873,0.598545,0.5987528,0.6489087,0.6508818,0.6857937,,,,,,,,,,,,,,,0.59782,0.6857937,0.4751984,0.2105953
2.0,ST Sơn Thạch & Bình An,TARVN6,1.7,984.0,1.0,1.0,1.0,1.0,1.4,1.5,1.5714286,1.75,1.6666667,1.7,,,,,,,,,,,,,,,1.35881,1.75,1.0,0.75,,0.85143,,1.0,1.0,1.0,1.0,0.9428571,0.9246032,0.9068027,0.8559524,0.8719577,0.8514286,,,,,,,,,,,,,,,0.93536,1.0,0.8514286,0.1485714
3.0,Lê Xuân Tiền & Đỗ Mỹ Linh,TARVN6,3.0,985.0,6.0,4.5,4.0,4.0,4.0,3.5,3.1428571,3.0,3.0,3,,,,,,,,,,,,,,,3.81429,6.0,3.0,3.0,,0.65316,,0.4444444,0.6111111,0.6574074,0.6359127,0.6230159,0.6858466,0.7307256,0.7331349,0.6887125,0.6531746,,,,,,,,,,,,,,,0.64635,0.7331349,0.4444444,0.2886905
4.0,Minh Triệu & Kỳ Duyên,TARVN6,5.1,986.0,8.0,8.0,6.6666667,5.75,6.0,5.8333333,5.5714286,5.375,5.2222222,5.1,,,,,,,,,,,,,,,6.15187,8.0,5.1,2.9,,0.29099,,0.2222222,0.2222222,0.3564815,0.4459325,0.3853175,0.3766534,0.3799887,0.3637401,0.3233245,0.2909921,,,,,,,,,,,,,,,0.33669,0.4459325,0.2222222,0.2237103
5.0,MLee & Quốc Anh,TARVN6,2.875,987.0,2.0,2.0,2.0,2.0,1.8,2.1666667,2.5714286,2.875,,,,,,,,,,,,,,,,,2.17664,2.875,1.8,1.075,,0.65124,,0.8888889,0.8888889,0.8842593,0.8774802,0.9019841,0.8349868,0.7442744,0.6512401,,,,,,,,,,,,,,,,,0.834,0.9019841,0.6512401,0.250744
6.0,Johnny & Huy Trần,TARVN6,5.71429,988.0,3.0,5.0,5.0,5.5,5.6,5.6666667,5.7142857,,,,,,,,,,,,,,,,,,5.06871,5.7142857,3.0,2.7142857,,0.3152,,0.7777778,0.5555556,0.537037,0.4384921,0.4079365,0.3677249,0.3151927,,,,,,,,,,,,,,,,,,0.48567,0.7777778,0.3151927,0.4625851
7.0,Gia Huy & Hoàng Hạnh,TARVN6,7.0,989.0,9.0,9.0,8.0,7.5,7.0,7.0,,,,,,,,,,,,,,,,,,,7.91667,9.0,7.0,2.0,,0.21858,,0.1111111,0.1111111,0.1990741,0.2207341,0.2623016,0.2185847,,,,,,,,,,,,,,,,,,,0.18715,0.2623016,0.1111111,0.1511905
8.0,Quốc Thiên & Anh Quân,TARVN6,6.4,990.0,5.0,4.5,5.6666667,6.0,6.4,,,,,,,,,,,,,,,,,,,,5.51333,6.4,4.5,1.9,,0.29804,,0.5555556,0.6111111,0.4490741,0.3725198,0.2980159,,,,,,,,,,,,,,,,,,,,0.45726,0.6111111,0.2980159,0.3130952
9.0,Emma Nhất Khanh & Tôn Kinh Lâm,TARVN6,7.33333,991.0,7.0,6.5,7.3333333,,,,,,,,,,,,,,,,,,,,,,6.94444,7.3333333,6.5,0.8333333,,0.25923,,0.3333333,0.3888889,0.2592593,,,,,,,,,,,,,,,,,,,,,,0.32716,0.3888889,0.2592593,0.1296296
10.0,Vũ Xuân Tiến & Chu Minh Vũ,TARVN6,9.5,992.0,9.0,9.5,,,,,,,,,,,,,,,,,,,,,,,9.25,9.5,9.0,0.5,,0.05555,,0.1111111,0.0555556,,,,,,,,,,,,,,,,,,,,,,,0.08333,0.1111111,0.0555556,0.0555555
1.0,Kaisa & Mari,TARFN1,2.83333,993.0,3.0,2.5,3.0,3.25,3.2,3.16667,3.0,3.0,3.0,3.1,3,2.83333,,,,,,,,,,,,,3.00417,3.25,2.5,0.75,,0.65866,,0.81818,0.85909,0.79495,0.73907,0.73411,0.72287,0.73389,0.71715,0.69303,0.62372,0.62763,0.65866,,,,,,,,,,,,,0.72686,0.85909,0.62372,0.23537
2.0,Tuukka & Sami,TARFN1,3.08333,994.0,2.0,2.5,2.66667,3.5,4.0,3.66667,3.57143,3.375,3.22222,3.2,3.18182,3.08333,,,,,,,,,,,,,3.16393,4.0,2.0,2.0,,0.60069,,0.90909,0.85455,0.82896,0.69315,0.61166,0.64861,0.64166,0.66145,0.67129,0.6375,0.60985,0.60069,,,,,,,,,,,,,0.69737,0.90909,0.60069,0.3084
3.0,Janne & Robin,TARFN1,3.16667,995.0,9.0,8.0,7.33333,6.0,5.6,4.83333,4.28571,3.875,3.55556,3.4,3.18182,3.16667,,,,,,,,,,,,,5.18595,9.0,3.16667,5.83333,,0.68437,,0.27273,0.33636,0.37239,0.49358,0.50915,0.59096,0.64939,0.69322,0.7273,0.72124,0.74658,0.68437,,,,,,,,,,,,,0.56644,0.74658,0.27273,0.47385
4.0,Bakari & Samuel,TARFN1,2.45455,996.0,1.0,1.0,1.0,1.0,1.2,1.66667,2.0,2.25,2.44444,2.3,2.45455,,,,,,,,,,,,,,1.66506,2.45455,1.0,1.45455,,0.67338,,1.0,1.0,1.0,1.0,0.97143,0.89286,0.82245,0.76964,0.7119,0.74071,0.67338,,,,,,,,,,,,,,0.87112,1.0,0.67338,0.32662
5.0,Marcus & Timo,TARFN1,3.88889,997.0,4.0,4.0,3.33333,3.25,2.8,3.33333,3.57143,3.75,3.88889,,,,,,,,,,,,,,,,3.54744,4.0,2.8,1.2,,0.51079,,0.72727,0.71364,0.77205,0.75761,0.80609,0.69952,0.62816,0.57464,0.51079,,,,,,,,,,,,,,,,0.68775,0.80609,0.51079,0.2953
6.0,Peter & Anna,TARFN1,5.75,998.0,6.0,6.0,5.66667,5.5,5.8,5.66667,5.71429,5.75,,,,,,,,,,,,,,,,,5.7622,6.0,5.5,0.5,,0.31322,,0.54545,0.52273,0.53367,0.5074,0.43449,0.41763,0.35797,0.31322,,,,,,,,,,,,,,,,,0.45407,0.54545,0.31322,0.23223
7.0,Ilmari & Aapo,TARFN1,8.0,999.0,10.0,10.0,9.33333,9.0,8.2,8.0,,,,,,,,,,,,,,,,,,,9.08889,10.0,8.0,2.0,,0.15544,,0.18182,0.14091,0.16801,0.12601,0.18652,0.15544,,,,,,,,,,,,,,,,,,,0.15979,0.18652,0.12601,0.06051
8.0,Jukka & Mirva,TARFN1,7.6,1000.0,8.0,8.0,7.66667,7.5,7.6,,,,,,,,,,,,,,,,,,,,7.75333,8.0,7.5,0.5,,0.22797,,0.36364,0.33182,0.33232,0.28496,0.22797,,,,,,,,,,,,,,,,,,,,0.30814,0.36364,0.22797,0.13567
9.0,Katariina & Benjamin,TARFN1,9.66667,1001.0,11.0,10.0,9.66667,,,,,,,,,,,,,,,,,,,,,,10.22222,11.0,9.66667,1.33333,,0.13401,,0.09091,0.14545,0.13401,,,,,,,,,,,,,,,,,,,,,,0.12346,0.14545,0.09091,0.05454
10.0,Lotta & Noora,TARFN1,6.66667,1002.0,5.0,5.0,6.66667,,,,,,,,,,,,,,,,,,,,,,5.55556,6.66667,5.0,1.66667,,0.41212,,0.63636,0.61818,0.41212,,,,,,,,,,,,,,,,,,,,,,0.55555,0.63636,0.41212,0.22424
11.0,Aino-Kaisa & Silvia,TARFN1,9.0,1003.0,7.0,9.0,,,,,,,,,,,,,,,,,,,,,,,8.0,9.0,7.0,2.0,,0.22727,,0.45455,0.22727,,,,,,,,,,,,,,,,,,,,,,,0.34091,0.45455,0.22727,0.22728
12.0,Anna & Atte,TARFN1,12.0,1004.0,12.0,,,,,,,,,,,,,,,,,,,,,,,,12.0,12.0,12.0,0.0,,0.0,,0.0,,,,,,,,,,,,,,,,,,,,,,,,0.0,0.0,0.0,0.0
