place,team,season,rank_1,rank_2,rank_3,rank_4,rank_5,rank_6,rank_7,rank_8,rank_9,rank_10,rank_11,rank_12,rank_13,rank_14,rank_15,rank_16,rank_17,rank_18,rank_19,rank_20,rank_21,rank_22,rank_23,rank_24,unnamed_27,average,average_rounded_to_five_nearest,all_averages_rank,season_averages_rank,median,season_median_rank,final_rank__median_rank,sum,all_sum_rank,season_sum_rank,absolute_maximum_sum,average_ranks_above_last_di,average_ranks_above_last_di_all_rank,average_ranks_above_last_di_season_rank,absolute_maximum_sum__sum,of_ranks,of_legs,standard_deviation,interquartile_range,secondtolast_place_finishes,2ndtolast_rate,bottom_2_rate,btm2_rate,mode,maximum,minimum,range
5.9428251,Average,,4.8421,4.4687,4.0734,3.6983,3.3413,2.993,2.6869,2.4207,2.0789,1.8474,1.5784,1.3077,1.2737,2.1765,3,3.0,2.5,2,2.0,2.0,1.5,1.5,1.0,1.0,,2.93834,2.93823,439.33744,5.90135,2.78475,5.49664,0.44619,25.01794,437.32735,5.88677,50.02018,0.43261,443.15695,5.93049,25.00224,7.56166,7.48655,2.08188,2.64966,1.12556,0.13744,2.24888,0.39003,3.17574,6.25112,0.1704,6.08072
1.0,Rob & Brennan,TARUS1,10.0,7.0,6,2.0,3.0,3,3,2.0,4,3,2,2,2.0,,,,,,,,,,,,1.0,3.77,3.76923,275.0,3.0,3.0,4.0,-3.0,49.0,85.0,2.0,68.0,0.72059,85.0,2.0,19.0,13.0,13.0,2.35842,2.0,0.0,0.0,0.0,0.0,2.0,10.0,2.0,8.0
2.0,Frank & Margarita,TARUS1,8.0,6.0,7,4.0,2.0,5,5,3.0,3,2,3,1,1.0,,,,,,,,,,,,2.0,3.85,3.84615,248.0,2.0,3.0,4.0,-2.0,50.0,71.0,1.0,68.0,0.73529,71.0,1.0,18.0,13.0,13.0,2.14283,3.0,2.0,0.15385,2.0,0.15385,3.0,8.0,1.0,7.0
3.0,Joe & Bill,TARUS1,9.0,8.0,5,7.0,5.0,4,4,1.0,1,0,1,0,0.0,,,,,,,,,,,,3.0,3.46,3.46154,338.0,4.0,4.0,2.0,1.0,45.0,130.0,3.0,68.0,0.66176,146.0,3.0,23.0,13.0,13.0,3.07885,4.0,3.0,0.23077,6.0,0.46154,1.0,9.0,0.0,9.0
4.0,Kevin & Drew,TARUS1,2.0,5.0,8,6.0,6.0,2,2,4.0,2,1,0,,,,,,,,,,,,,,4.0,3.45,3.45455,340.0,5.0,2.0,8.0,-4.0,38.0,212.0,4.0,64.0,0.59375,227.0,4.0,26.0,11.0,11.0,2.38799,3.5,1.0,0.09091,2.0,0.18182,2.0,8.0,0.0,8.0
5.0,Nancy & Emily,TARUS1,1.0,2.0,1,5.0,4.0,1,1,0.0,0,,,,,,,,,,,,,,,,5.0,1.67,1.66667,739.0,10.0,1.0,9.0,-4.0,15.0,595.0,5.0,58.0,0.25862,706.0,9.0,43.0,9.0,9.0,1.63299,1.0,4.0,0.44444,6.0,0.66667,1.0,5.0,0.0,5.0
6.0,Lenny & Karyn,TARUS1,7.0,1.0,2,1.0,1.0,0,0,,,,,,,,,,,,,,,,,,6.0,1.71,1.71429,723.0,9.0,1.0,9.0,-3.0,12.0,636.0,7.0,50.0,0.24,716.0,10.0,38.0,7.0,7.0,2.24972,1.0,3.0,0.42857,5.0,0.71429,1.0,7.0,0.0,7.0
7.0,Paul & Amie,TARUS1,3.0,3.0,3,3.0,0.0,,,,,,,,,,,,,,,,,,,,7.0,2.4,2.4,609.0,8.0,3.0,4.0,3.0,12.0,636.0,7.0,40.0,0.3,658.0,7.0,28.0,5.0,5.0,1.2,0.0,0.0,0.0,1.0,0.2,3.0,3.0,0.0,3.0
8.0,Dave & Margaretta,TARUS1,4.0,4.0,4,0.0,,,,,,,,,,,,,,,,,,,,,8.0,3.0,3.0,444.0,6.0,4.0,2.0,6.0,12.0,636.0,7.0,34.0,0.35294,590.0,6.0,22.0,4.0,4.0,1.73205,1.0,0.0,0.0,1.0,0.25,4.0,4.0,0.0,4.0
9.0,Pat & Brenda,TARUS1,6.0,9.0,0,,,,,,,,,,,,,,,,,,,,,,9.0,5.0,5.0,42.0,1.0,6.0,1.0,8.0,15.0,595.0,5.0,27.0,0.55556,287.0,5.0,12.0,3.0,3.0,3.74166,4.5,0.0,0.0,1.0,0.33333,,9.0,0.0,9.0
10.0,Kim & Leslie,TARUS1,5.0,0.0,,,,,,,,,,,,,,,,,,,,,,,10.0,2.5,2.5,580.0,7.0,2.5,7.0,3.0,5.0,741.0,10.0,19.0,0.26316,698.0,8.0,14.0,2.0,2.0,2.5,2.5,0.0,0.0,1.0,0.5,,5.0,0.0,5.0
11.0,Matt & Ana,TARUS1,0.0,,,,,,,,,,,,,,,,,,,,,,,,11.0,0.0,0.0,828.0,11.0,0.0,11.0,0.0,0.0,828.0,11.0,10.0,0.0,828.0,11.0,10.0,1.0,1.0,0.0,0.0,0.0,0.0,1.0,1.0,,0.0,0.0,0.0
1.0,Chris & Alex,TARUS2,5.0,8.0,2,1.0,6.0,0,4,3.0,4,1,1,0,2.0,,,,,,,,,,,,12.0,2.85,2.84615,500.0,7.0,2.0,7.0,-6.0,37.0,224.0,2.0,68.0,0.54412,300.0,5.0,31.0,13.0,13.0,2.34836,3.0,3.0,0.23077,5.0,0.38462,1.0,8.0,0.0,8.0
2.0,Tara & Wil,TARUS2,10.0,7.0,7,5.0,4.0,1,3,1.0,2,2,3,2,1.0,,,,,,,,,,,,13.0,3.69,3.69231,289.0,3.0,3.0,5.0,-3.0,48.0,93.0,1.0,68.0,0.70588,95.0,1.0,20.0,13.0,13.0,2.69999,3.0,3.0,0.23077,3.0,0.23077,1.0,10.0,1.0,9.0
3.0,Blake & Paige,TARUS2,7.0,1.0,4,4.0,3.0,3,1,0.0,3,3,2,2,0.0,,,,,,,,,,,,14.0,2.54,2.53846,578.0,9.0,3.0,5.0,-2.0,33.0,280.0,3.0,68.0,0.48529,400.0,6.0,35.0,13.0,13.0,1.82358,2.0,2.0,0.15385,4.0,0.30769,3.0,7.0,0.0,7.0
4.0,Oswald & Danny,TARUS2,3.0,3.0,8,7.0,1.0,2,2,4.0,1,0,0,,,,,,,,,,,,,,15.0,2.82,2.81818,508.0,8.0,2.0,7.0,-3.0,31.0,325.0,5.0,64.0,0.48438,401.0,7.0,33.0,11.0,11.0,2.51606,2.5,2.0,0.18182,4.0,0.36364,3.0,8.0,0.0,8.0
5.0,Gary & Dave,TARUS2,2.0,5.0,6,6.0,2.0,4,5,2.0,0,,,,,,,,,,,,,,,,16.0,3.56,3.55556,318.0,4.0,4.0,3.0,2.0,32.0,301.0,4.0,58.0,0.55172,295.0,4.0,26.0,9.0,9.0,2.00616,3.0,0.0,0.0,1.0,0.11111,2.0,6.0,0.0,6.0
6.0,Mary & Peach,TARUS2,4.0,6.0,5,3.0,5.0,5,0,,,,,,,,,,,,,,,,,,17.0,4.0,4.0,193.0,2.0,5.0,2.0,4.0,28.0,372.0,6.0,50.0,0.56,280.0,3.0,22.0,7.0,7.0,1.85164,1.5,0.0,0.0,1.0,0.14286,5.0,6.0,0.0,6.0
7.0,Cyndi & Russell,TARUS2,9.0,4.0,1,2.0,0.0,,,,,,,,,,,,,,,,,,,,18.0,3.2,3.2,398.0,6.0,2.0,7.0,0.0,16.0,575.0,8.0,40.0,0.4,527.0,8.0,24.0,5.0,5.0,3.18748,3.0,1.0,0.2,2.0,0.4,,9.0,0.0,9.0
8.0,Shola & Doyin,TARUS2,8.0,9.0,4,0.0,,,,,,,,,,,,,,,,,,,,,19.0,5.25,5.25,31.0,1.0,6.0,1.0,7.0,21.0,491.0,7.0,34.0,0.61765,201.0,2.0,13.0,4.0,4.0,3.56195,5.25,0.0,0.0,1.0,0.25,,9.0,0.0,9.0
9.0,Peggy & Claire,TARUS2,1.0,2.0,0,,,,,,,,,,,,,,,,,,,,,,20.0,1.0,1.0,776.0,10.0,1.0,10.0,-1.0,3.0,765.0,10.0,27.0,0.11111,784.0,10.0,24.0,3.0,3.0,0.8165,1.0,1.0,0.33333,2.0,0.66667,,2.0,0.0,2.0
10.0,Hope & Norm,TARUS2,7.0,0.0,,,,,,,,,,,,,,,,,,,,,,,21.0,3.5,3.5,329.0,5.0,3.5,4.0,6.0,7.0,713.0,9.0,19.0,0.36842,566.0,9.0,12.0,2.0,2.0,3.5,3.5,0.0,0.0,1.0,0.5,,7.0,0.0,7.0
11.0,Deidre & Hillary,TARUS2,0.0,,,,,,,,,,,,,,,,,,,,,,,,22.0,0.0,0.0,828.0,11.0,0.0,11.0,0.0,0.0,828.0,11.0,10.0,0.0,828.0,11.0,10.0,1.0,1.0,0.0,0.0,0.0,0.0,1.0,1.0,,0.0,0.0,0.0
1.0,Flo & Zach,TARUS3,10.0,6.0,7,7.0,4.0,5,5,3.0,0,2,2,0,2.0,,,,,,,,,,,,23.0,4.08,4.07692,190.0,5.0,4.0,2.0,-1.0,53.0,39.0,1.0,75.0,0.70667,93.0,1.0,22.0,13.0,13.0,2.84095,4.0,0.0,0.0,2.0,0.15385,2.0,10.0,0.0,10.0
2.0,Teri & Ian,TARUS3,3.0,1.0,1,4.0,2.0,6,2,2.0,1,1,3,2,1.0,,,,,,,,,,,,24.0,2.23,2.23077,652.0,9.0,2.0,9.0,-7.0,29.0,359.0,5.0,75.0,0.38667,547.0,9.0,46.0,13.0,13.0,1.42256,2.0,5.0,0.38462,5.0,0.38462,1.0,6.0,1.0,5.0
3.0,Ken & Gerard,TARUS3,11.0,5.0,8,8.0,7.0,4,1,1.0,3,3,1,1,0.0,,,,,,,,,,,,25.0,4.08,4.07692,190.0,5.0,3.0,6.0,-3.0,53.0,39.0,2.0,75.0,0.70667,93.0,1.0,22.0,13.0,13.0,3.33885,6.0,4.0,0.30769,5.0,0.38462,1.0,11.0,0.0,11.0
4.0,Derek & Drew,TARUS3,1.0,10.0,9,6.0,5.0,3,4,4.0,2,4,0,,,,,,,,,,,,,,26.0,4.36,4.36364,130.0,2.0,4.0,2.0,2.0,48.0,93.0,3.0,71.0,0.67606,126.0,3.0,23.0,11.0,11.0,2.93173,3.0,1.0,0.09091,2.0,0.18182,4.0,10.0,0.0,10.0
5.0,John Vito & Jill,TARUS3,7.0,4.0,3,3.0,4.0,2,3,0.0,4,0,,,,,,,,,,,,,,,27.0,3.0,3.0,444.0,8.0,3.0,6.0,-1.0,30.0,344.0,4.0,68.0,0.44118,472.0,7.0,38.0,10.0,10.0,1.94936,1.75,0.0,0.0,2.0,0.2,4.0,7.0,0.0,7.0
6.0,Andre & Damon,TARUS3,5.0,3.0,2,5.0,6.0,1,0,,,,,,,,,,,,,,,,,,28.0,3.14,3.14286,419.0,7.0,3.0,6.0,0.0,22.0,467.0,7.0,56.0,0.39286,539.0,8.0,34.0,7.0,7.0,2.09956,3.5,1.0,0.14286,2.0,0.28571,5.0,6.0,0.0,6.0
7.0,Aaron & Arianne,TARUS3,9.0,9.0,6,1.0,1.0,0,,,,,,,,,,,,,,,,,,,29.0,4.33,4.33333,137.0,3.0,3.5,5.0,2.0,26.0,402.0,6.0,51.0,0.5098,355.0,4.0,25.0,6.0,6.0,3.81517,7.25,2.0,0.33333,3.0,0.5,9.0,9.0,0.0,9.0
8.0,Michael & Kathy,TARUS3,8.0,7.0,4,2.0,0.0,,,,,,,,,,,,,,,,,,,,30.0,4.2,4.2,164.0,4.0,4.0,2.0,6.0,21.0,491.0,8.0,45.0,0.46667,430.0,6.0,24.0,5.0,5.0,2.99333,5.0,0.0,0.0,1.0,0.2,,8.0,0.0,8.0
9.0,Heather & Eve,TARUS3,6.0,8.0,5,0.0,,,,,,,,,,,,,,,,,,,,,31.0,4.75,4.75,74.0,1.0,5.5,1.0,8.0,19.0,526.0,9.0,38.0,0.5,365.0,5.0,19.0,4.0,4.0,2.94746,2.75,0.0,0.0,1.0,0.25,,8.0,0.0,8.0
10.0,Dennis & Andrew,TARUS3,4.0,2.0,0,,,,,,,,,,,,,,,,,,,,,,32.0,2.0,2.0,677.0,10.0,2.0,9.0,1.0,6.0,727.0,10.0,30.0,0.2,739.0,10.0,24.0,3.0,3.0,1.63299,2.0,0.0,0.0,1.0,0.33333,,4.0,0.0,4.0
11.0,Tramel & Talicia,TARUS3,2.0,0.0,,,,,,,,,,,,,,,,,,,,,,,33.0,1.0,1.0,776.0,11.0,1.0,11.0,0.0,2.0,785.0,11.0,21.0,0.09524,801.0,11.0,19.0,2.0,2.0,1.0,1.0,0.0,0.0,1.0,0.5,,2.0,0.0,2.0
12.0,Gina & Sylvia,TARUS3,0.0,,,,,,,,,,,,,,,,,,,,,,,,34.0,0.0,0.0,828.0,12.0,0.0,12.0,0.0,0.0,828.0,12.0,11.0,0.0,828.0,12.0,11.0,1.0,1.0,0.0,0.0,0.0,0.0,1.0,1.0,,0.0,0.0,0.0
1.0,Reichen & Chip,TARUS4,3.0,9.0,7,4.0,4.0,5,1,3.0,4,2,1,1,2.0,,,,,,,,,,,,35.0,3.54,3.53846,323.0,8.0,3.0,6.0,-5.0,46.0,115.0,1.0,74.0,0.62162,196.0,2.0,28.0,13.0,13.0,2.30769,2.0,3.0,0.23077,3.0,0.23077,4.0,9.0,1.0,8.0
2.0,Kelly & Jon,TARUS4,6.0,8.0,2,2.0,5.0,4,3,0.0,1,3,2,0,1.0,,,,,,,,,,,,36.0,2.85,2.84615,500.0,9.0,2.0,8.0,-6.0,37.0,224.0,4.0,74.0,0.5,365.0,6.0,37.0,13.0,13.0,2.28191,3.0,2.0,0.15385,4.0,0.30769,2.0,8.0,0.0,8.0
3.0,David & Jeff,TARUS4,2.0,6.0,3,3.0,2.0,6,5,1.0,2,0,3,2,0.0,,,,,,,,,,,,37.0,2.69,2.69231,544.0,10.0,2.0,8.0,-5.0,35.0,253.0,5.0,74.0,0.47297,421.0,8.0,39.0,13.0,13.0,1.89674,1.0,1.0,0.07692,3.0,0.23077,2.0,6.0,0.0,6.0
4.0,Jon & Al,TARUS4,5.0,5.0,4,7.0,6.0,1,4,4.0,3,1,0,,,,,,,,,,,,,,38.0,3.64,3.63636,306.0,6.0,4.0,3.0,1.0,40.0,186.0,2.0,70.0,0.57143,264.0,4.0,30.0,11.0,11.0,2.10077,3.0,2.0,0.18182,3.0,0.27273,4.0,7.0,0.0,7.0
5.0,Millie & Chuck,TARUS4,11.0,3.0,5,7.0,7.0,3,2,2.0,0,,,,,,,,,,,,,,,,39.0,4.44,4.44444,117.0,3.0,3.0,6.0,-1.0,40.0,186.0,2.0,64.0,0.625,190.0,1.0,24.0,9.0,9.0,3.20108,5.0,0.0,0.0,1.0,0.11111,3.0,11.0,0.0,11.0
6.0,Tian & Jaree,TARUS4,1.0,7.0,6,8.0,1.0,2,0,,,,,,,,,,,,,,,,,,40.0,3.57,3.57143,316.0,7.0,2.0,8.0,-2.0,25.0,414.0,6.0,56.0,0.44643,458.0,9.0,31.0,7.0,7.0,3.06394,5.5,2.0,0.28571,3.0,0.42857,1.0,8.0,0.0,8.0
7.0,Monica & Sheree,TARUS4,8.0,1.0,8,5.0,3.0,0,,,,,,,,,,,,,,,,,,,41.0,4.17,4.16667,168.0,4.0,4.0,3.0,4.0,25.0,414.0,6.0,51.0,0.4902,394.0,7.0,26.0,6.0,6.0,3.13138,5.75,1.0,0.16667,2.0,0.33333,8.0,8.0,0.0,8.0
8.0,Steve & Dave,TARUS4,7.0,10.0,1,1.0,0.0,,,,,,,,,,,,,,,,,,,,42.0,3.8,3.8,267.0,5.0,1.0,11.0,-3.0,19.0,526.0,9.0,45.0,0.42222,496.0,10.0,26.0,5.0,5.0,3.96989,6.0,2.0,0.4,3.0,0.6,1.0,10.0,0.0,10.0
9.0,Steve & Josh,TARUS4,11.0,2.0,9,0.0,,,,,,,,,,,,,,,,,,,,,43.0,5.5,5.5,15.0,1.0,5.5,1.0,8.0,22.0,467.0,8.0,38.0,0.57895,247.0,3.0,16.0,4.0,4.0,4.60977,8.0,0.0,0.0,1.0,0.25,,11.0,0.0,11.0
10.0,Russell & Cindy,TARUS4,4.0,4.0,0,,,,,,,,,,,,,,,,,,,,,,44.0,2.67,2.66667,546.0,11.0,4.0,3.0,7.0,8.0,697.0,11.0,30.0,0.26667,692.0,11.0,22.0,3.0,3.0,1.88562,2.0,0.0,0.0,1.0,0.33333,4.0,4.0,0.0,4.0
11.0,Amanda & Chris,TARUS4,11.0,0.0,,,,,,,,,,,,,,,,,,,,,,,45.0,5.5,5.5,15.0,1.0,5.5,1.0,10.0,11.0,655.0,10.0,21.0,0.52381,334.0,5.0,10.0,2.0,2.0,5.5,5.5,0.0,0.0,1.0,0.5,,11.0,0.0,11.0
12.0,Debra & Steve,TARUS4,0.0,,,,,,,,,,,,,,,,,,,,,,,,46.0,0.0,0.0,828.0,12.0,0.0,12.0,0.0,0.0,828.0,12.0,11.0,0.0,828.0,12.0,11.0,1.0,1.0,0.0,0.0,0.0,0.0,1.0,1.0,,0.0,0.0,0.0
1.0,Chip & Kim,TARUS5,3.0,2.0,2,7.0,3.0,5,5,2.0,3,1,3,2,2.0,,,,,,,,,,,,47.0,3.08,3.07692,441.0,7.0,3.0,5.0,-4.0,40.0,186.0,3.0,71.0,0.56338,277.0,4.0,31.0,13.0,13.0,1.5914,1.0,1.0,0.07692,1.0,0.07692,2.0,7.0,1.0,6.0
2.0,Colin & Christie,TARUS5,4.0,4.0,8,6.0,6.0,6,4,4.0,4,4,0,1,1.0,,,,,,,,,,,,48.0,4.0,4.0,193.0,4.0,4.0,4.0,-2.0,52.0,39.0,1.0,71.0,0.73239,74.0,1.0,19.0,13.0,13.0,2.18386,2.0,2.0,0.15385,3.0,0.23077,4.0,8.0,0.0,8.0
3.0,Brandon & Nicole,TARUS5,5.0,9.0,6,3.0,4.0,3,2,3.0,0,2,1,3,0.0,,,,,,,,,,,,49.0,3.15,3.15385,415.0,6.0,3.0,5.0,-2.0,41.0,171.0,2.0,71.0,0.57746,253.0,3.0,30.0,13.0,13.0,2.38089,2.0,1.0,0.07692,3.0,0.23077,3.0,9.0,0.0,9.0
4.0,Linda & Karen,TARUS5,8.0,6.0,3,2.0,0.0,1,3,1.0,2,3,2,0,,,,,,,,,,,,,50.0,2.58,2.58333,572.0,9.0,2.0,8.0,-4.0,31.0,325.0,5.0,69.0,0.44928,452.0,7.0,38.0,12.0,12.0,2.25308,2.0,2.0,0.16667,4.0,0.33333,3.0,8.0,0.0,8.0
5.0,Kami & Karli,TARUS5,2.0,1.0,4,1.0,1.0,4,1,0.0,1,0,,,,,,,,,,,,,,,51.0,1.5,1.5,746.0,10.0,1.0,9.0,-4.0,15.0,595.0,8.0,63.0,0.2381,718.0,10.0,48.0,10.0,10.0,1.36015,0.75,5.0,0.5,7.0,0.7,1.0,4.0,0.0,4.0
6.0,Charla & Mirna,TARUS5,6.0,8.0,7,4.0,5.0,2,0,,,,,,,,,,,,,,,,,,52.0,4.57,4.57143,96.0,2.0,5.0,1.0,5.0,32.0,301.0,4.0,51.0,0.62745,189.0,2.0,19.0,7.0,7.0,2.61081,3.5,0.0,0.0,1.0,0.14286,,8.0,0.0,8.0
7.0,Marshall & Lance,TARUS5,9.0,3.0,1,5.0,2.0,0,,,,,,,,,,,,,,,,,,,53.0,3.33,3.33333,364.0,5.0,2.5,7.0,0.0,20.0,507.0,6.0,46.0,0.43478,476.0,8.0,26.0,6.0,6.0,2.98142,3.25,1.0,0.16667,2.0,0.33333,,9.0,0.0,9.0
8.0,Bob & Joyce,TARUS5,7.0,5.0,5,0.0,,,,,,,,,,,,,,,,,,,,,54.0,4.25,4.25,145.0,3.0,5.0,1.0,7.0,17.0,559.0,7.0,34.0,0.5,365.0,6.0,17.0,4.0,4.0,2.58602,1.75,0.0,0.0,1.0,0.25,5.0,7.0,0.0,7.0
9.0,Jim & Marsha,TARUS5,1.0,7.0,0,,,,,,,,,,,,,,,,,,,,,,55.0,2.67,2.66667,546.0,8.0,1.0,9.0,0.0,8.0,697.0,10.0,27.0,0.2963,664.0,9.0,19.0,3.0,3.0,3.09121,3.5,1.0,0.33333,2.0,0.66667,,7.0,0.0,7.0
10.0,Alison & Donny,TARUS5,10.0,0.0,,,,,,,,,,,,,,,,,,,,,,,56.0,5.0,5.0,42.0,1.0,5.0,1.0,9.0,10.0,670.0,9.0,19.0,0.52632,330.0,5.0,9.0,2.0,2.0,5.0,5.0,0.0,0.0,1.0,0.5,,10.0,0.0,10.0
11.0,Dennis & Erika,TARUS5,0.0,,,,,,,,,,,,,,,,,,,,,,,,57.0,0.0,0.0,828.0,11.0,0.0,11.0,0.0,0.0,828.0,11.0,10.0,0.0,828.0,11.0,10.0,1.0,1.0,0.0,0.0,0.0,0.0,1.0,1.0,,0.0,0.0,0.0
1.0,Freddy & Kendra,TARUS6,7.0,2.0,3,3.0,7.0,6,1,4.0,2,2,2,2,2.0,,,,,,,,,,,,58.0,3.31,3.30769,376.0,4.0,2.0,6.0,-5.0,43.0,152.0,3.0,75.0,0.57333,263.0,4.0,32.0,13.0,12.0,1.97619,2.0,1.0,0.07692,1.0,0.07692,2.0,7.0,1.0,6.0
2.0,Kris & Jon,TARUS6,9.0,9.0,7,7.0,4.0,2,5,2.0,3,4,1,3,1.0,,,,,,,,,,,,59.0,4.38,4.38462,128.0,2.0,4.0,2.0,0.0,57.0,29.0,1.0,75.0,0.76,50.0,1.0,18.0,13.0,12.0,2.70437,5.0,2.0,0.15385,2.0,0.15385,9.0,9.0,1.0,8.0
3.0,Adam & Rebecca,TARUS6,4.0,4.0,4,2.0,2.0,1,2,5.0,1,1,0,1,0.0,,,,,,,,,,,,60.0,2.08,2.07692,676.0,8.0,2.0,6.0,-3.0,27.0,386.0,6.0,75.0,0.36,584.0,7.0,48.0,13.0,12.0,1.5914,3.0,4.0,0.30769,6.0,0.46154,1.0,5.0,0.0,5.0
4.0,Hayden & Aaron,TARUS6,10.0,6.0,8,4.0,5.0,3,3,0.0,5,3,3,0,,,,,,,,,,,,,61.0,4.17,4.16667,168.0,3.0,3.5,3.0,1.0,50.0,71.0,2.0,73.0,0.68493,119.0,2.0,23.0,12.0,11.0,2.79384,2.25,0.0,0.0,2.0,0.16667,3.0,10.0,0.0,10.0
5.0,Lori & Bolo,TARUS6,5.0,5.0,2,5.0,1.0,0,6,3.0,4,0,,,,,,,,,,,,,,,62.0,3.1,3.1,427.0,6.0,3.5,3.0,2.0,31.0,325.0,5.0,67.0,0.46269,437.0,5.0,36.0,10.0,9.0,2.11896,3.75,1.0,0.1,3.0,0.3,5.0,6.0,0.0,6.0
6.0,Jonathan & Victoria,TARUS6,6.0,8.0,5,6.0,6.0,4,4,1.0,0,,,,,,,,,,,,,,,,63.0,4.44,4.44444,117.0,1.0,5.0,1.0,5.0,40.0,186.0,4.0,63.0,0.63492,177.0,3.0,23.0,9.0,8.0,2.40883,2.0,1.0,0.11111,2.0,0.22222,6.0,8.0,0.0,8.0
7.0,Gus & Hera,TARUS6,1.0,7.0,6,1.0,3.0,5,0,,,,,,,,,,,,,,,,,,64.0,3.29,3.28571,381.0,5.0,3.0,5.0,2.0,23.0,450.0,7.0,53.0,0.43396,477.0,6.0,30.0,7.0,6.0,2.54751,4.5,2.0,0.28571,3.0,0.42857,1.0,7.0,0.0,7.0
8.0,Don & Mary Jean,TARUS6,2.0,3.0,1,0.0,0.0,,,,,,,,,,,,,,,,,,,,65.0,1.2,1.2,771.0,10.0,1.0,9.0,-1.0,6.0,727.0,9.0,41.0,0.14634,771.0,10.0,35.0,5.0,5.0,1.16619,2.0,1.0,0.2,3.0,0.6,0.0,3.0,0.0,3.0
9.0,Lena & Kristy,TARUS6,8.0,1.0,0,,,,,,,,,,,,,,,,,,,,,,66.0,3.0,3.0,444.0,7.0,1.0,9.0,0.0,9.0,684.0,8.0,27.0,0.33333,613.0,8.0,18.0,3.0,3.0,3.55903,4.0,1.0,0.33333,2.0,0.66667,,8.0,0.0,8.0
10.0,Meredith & Maria,TARUS6,3.0,0.0,,,,,,,,,,,,,,,,,,,,,,,67.0,1.5,1.5,746.0,9.0,1.5,8.0,2.0,3.0,765.0,10.0,19.0,0.15789,762.0,9.0,16.0,2.0,2.0,1.5,1.5,0.0,0.0,1.0,0.5,,3.0,0.0,3.0
11.0,Avi & Joe,TARUS6,0.0,,,,,,,,,,,,,,,,,,,,,,,,68.0,0.0,0.0,828.0,11.0,0.0,11.0,0.0,0.0,828.0,11.0,10.0,0.0,828.0,11.0,10.0,1.0,1.0,0.0,0.0,0.0,0.0,1.0,1.0,,0.0,0.0,0.0
1.0,Uchenna & Joyce,TARUS7,3.0,6.0,7,5.0,1.0,4,3,2.0,4,3,1,0,2.0,,,,,,,,,,,,69.0,3.15,3.15385,415.0,7.0,3.0,5.0,-4.0,41.0,171.0,3.0,69.0,0.5942,226.0,3.0,28.0,13.0,12.0,1.95512,2.0,2.0,0.15385,3.0,0.23077,3.0,7.0,0.0,7.0
2.0,Rob & Amber,TARUS7,8.0,9.0,4,7.0,2.0,5,5,4.0,2,1,3,1,1.0,,,,,,,,,,,,70.0,4.0,4.0,193.0,2.0,4.0,1.0,1.0,52.0,39.0,1.0,69.0,0.75362,52.0,1.0,17.0,13.0,12.0,2.60177,3.0,3.0,0.23077,3.0,0.23077,1.0,9.0,1.0,8.0
3.0,Ron & Kelly,TARUS7,1.0,8.0,5,4.0,5.0,6,4,3.0,3,0,2,2,0.0,,,,,,,,,,,,71.0,3.31,3.30769,376.0,6.0,3.0,5.0,-2.0,43.0,152.0,2.0,69.0,0.62319,193.0,2.0,26.0,13.0,12.0,2.2663,3.0,1.0,0.07692,3.0,0.23077,5.0,8.0,0.0,8.0
4.0,Meredith & Gretchen,TARUS7,5.0,3.0,2,1.0,0.0,2,1,0.0,1,2,0,,,,,,,,,,,,,,72.0,1.55,1.54545,745.0,9.0,1.0,9.0,-5.0,17.0,559.0,7.0,65.0,0.26154,703.0,9.0,48.0,11.0,10.0,1.4374,1.5,3.0,0.27273,6.0,0.54545,2.0,5.0,0.0,5.0
5.0,Lynn & Alex,TARUS7,6.0,5.0,8,3.0,3.0,3,2,1.0,0,,,,,,,,,,,,,,,,73.0,3.44,3.44444,342.0,5.0,3.0,5.0,0.0,31.0,325.0,4.0,59.0,0.52542,332.0,4.0,28.0,9.0,8.0,2.36225,3.0,1.0,0.11111,2.0,0.22222,3.0,8.0,0.0,8.0
6.0,Brian & Greg,TARUS7,7.0,1.0,6,6.0,4.0,1,0,,,,,,,,,,,,,,,,,,74.0,3.57,3.57143,316.0,4.0,4.0,1.0,5.0,25.0,414.0,5.0,51.0,0.4902,394.0,6.0,26.0,7.0,7.0,2.66497,5.0,2.0,0.28571,3.0,0.42857,1.0,7.0,0.0,7.0
7.0,Ray & Deana,TARUS7,4.0,7.0,3,2.0,6.0,0,,,,,,,,,,,,,,,,,,,75.0,3.67,3.66667,291.0,3.0,3.5,4.0,3.0,22.0,467.0,6.0,46.0,0.47826,410.0,7.0,24.0,6.0,6.0,2.35702,3.25,0.0,0.0,1.0,0.16667,,7.0,0.0,7.0
8.0,Susan & Patrick,TARUS7,9.0,2.0,1,0.0,,,,,,,,,,,,,,,,,,,,,76.0,3.0,3.0,444.0,8.0,1.5,8.0,0.0,12.0,636.0,9.0,34.0,0.35294,590.0,8.0,22.0,4.0,4.0,3.53553,3.0,1.0,0.25,2.0,0.5,,9.0,0.0,9.0
9.0,Debbie & Bianca,TARUS7,10.0,4.0,0,,,,,,,,,,,,,,,,,,,,,,77.0,4.67,4.66667,87.0,1.0,4.0,1.0,8.0,14.0,610.0,8.0,27.0,0.51852,342.0,5.0,13.0,3.0,3.0,4.10961,5.0,0.0,0.0,1.0,0.33333,,10.0,0.0,10.0
10.0,Megan & Heidi,TARUS7,2.0,0.0,,,,,,,,,,,,,,,,,,,,,,,78.0,1.0,1.0,776.0,10.0,1.0,9.0,1.0,2.0,785.0,10.0,19.0,0.10526,789.0,10.0,17.0,2.0,2.0,1.0,1.0,0.0,0.0,1.0,0.5,,2.0,0.0,2.0
11.0,Ryan & Chuck,TARUS7,0.0,,,,,,,,,,,,,,,,,,,,,,,,79.0,0.0,0.0,828.0,11.0,0.0,11.0,0.0,0.0,828.0,11.0,10.0,0.0,828.0,11.0,10.0,1.0,1.0,0.0,0.0,0.0,0.0,1.0,1.0,,0.0,0.0,0.0
1.0,Linz Family,TARUS8,1.0,7.0,6,4.0,2.0,4,2,3.0,3,1,2,1,2.0,,,,,,,,,,,,80.0,2.92,2.92308,486.0,4.0,2.0,6.0,-5.0,38.0,212.0,1.0,61.0,0.62295,194.0,1.0,23.0,13.0,11.0,1.81708,2.0,3.0,0.23077,3.0,0.23077,2.0,7.0,1.0,6.0
2.0,Bransen Family,TARUS8,3.0,3.0,7,6.0,3.0,3,0,1.0,2,3,3,2,1.0,,,,,,,,,,,,81.0,2.85,2.84615,500.0,6.0,3.0,2.0,0.0,37.0,224.0,2.0,61.0,0.60656,214.0,2.0,24.0,13.0,11.0,1.83329,1.0,2.0,0.15385,3.0,0.23077,3.0,7.0,0.0,7.0
3.0,Weaver Family,TARUS8,7.0,8.0,3,2.0,4.0,1,3,2.0,0,2,1,0,0.0,,,,,,,,,,,,82.0,2.54,2.53846,578.0,7.0,2.0,6.0,-3.0,33.0,280.0,3.0,61.0,0.54098,308.0,4.0,28.0,13.0,11.0,2.43738,2.0,2.0,0.15385,5.0,0.38462,2.0,8.0,0.0,8.0
4.0,Godlewski Family,TARUS8,9.0,6.0,4,3.0,0.0,2,4,4.0,1,0,0,,,,,,,,,,,,,,83.0,3.0,3.0,444.0,2.0,3.0,2.0,2.0,33.0,280.0,3.0,57.0,0.57895,247.0,3.0,24.0,11.0,10.0,2.6968,3.5,1.0,0.09091,4.0,0.36364,4.0,9.0,0.0,9.0
5.0,Paolo Family,TARUS8,4.0,1.0,2,5.0,5.0,5,1,0.0,,,,,,,,,,,,,,,,,84.0,2.88,2.875,498.0,5.0,3.0,2.0,3.0,23.0,450.0,5.0,48.0,0.47917,406.0,6.0,25.0,8.0,8.0,1.96453,4.0,2.0,0.25,3.0,0.375,5.0,5.0,0.0,5.0
6.0,Gaghan Family,TARUS8,8.0,2.0,1,1.0,1.0,0,,,,,,,,,,,,,,,,,,,85.0,2.17,2.16667,664.0,8.0,1.0,9.0,-3.0,13.0,624.0,7.0,40.0,0.325,627.0,8.0,27.0,6.0,6.0,2.67187,0.75,3.0,0.5,4.0,0.66667,1.0,8.0,0.0,8.0
7.0,Schroeder Family,TARUS8,5.0,5.0,5,0.0,,,,,,,,,,,,,,,,,,,,,86.0,3.75,3.75,277.0,1.0,5.0,1.0,6.0,15.0,595.0,6.0,30.0,0.5,365.0,5.0,15.0,4.0,4.0,2.16506,1.25,0.0,0.0,1.0,0.25,5.0,5.0,0.0,5.0
8.0,Aiello Family,TARUS8,2.0,4.0,0,,,,,,,,,,,,,,,,,,,,,,87.0,2.0,2.0,677.0,9.0,2.0,6.0,2.0,6.0,727.0,8.0,24.0,0.25,709.0,9.0,18.0,3.0,3.0,1.63299,2.0,0.0,0.0,1.0,0.33333,,4.0,0.0,4.0
9.0,Rogers Family,TARUS8,6.0,0.0,,,,,,,,,,,,,,,,,,,,,,,88.0,3.0,3.0,444.0,2.0,3.0,2.0,7.0,6.0,727.0,8.0,17.0,0.35294,590.0,7.0,11.0,2.0,2.0,3.0,3.0,0.0,0.0,1.0,0.5,,6.0,0.0,6.0
10.0,Black Family,TARUS8,0.0,,,,,,,,,,,,,,,,,,,,,,,,89.0,0.0,0.0,828.0,10.0,0.0,10.0,0.0,0.0,828.0,10.0,9.0,0.0,828.0,10.0,9.0,1.0,1.0,0.0,0.0,0.0,0.0,1.0,1.0,,0.0,0.0,0.0
1.0,BJ & Tyler,TARUS9,9.0,9.0,5,7.0,7.0,5,1,0.0,2,0,3,2,2.0,,,,,,,,,,,,90.0,4.0,4.0,193.0,2.0,3.0,2.0,-1.0,52.0,39.0,2.0,71.0,0.73239,74.0,2.0,19.0,13.0,12.0,3.08844,5.0,1.0,0.07692,3.0,0.23077,2.0,9.0,0.0,9.0
2.0,Eric & Jeremy,TARUS9,10.0,8.0,8,8.0,6.0,6,5,1.0,4,2,2,1,1.0,,,,,,,,,,,,91.0,4.77,4.76923,71.0,1.0,5.0,1.0,1.0,62.0,11.0,1.0,71.0,0.87324,5.0,1.0,9.0,13.0,12.0,3.04211,6.0,3.0,0.23077,3.0,0.23077,8.0,10.0,1.0,9.0
3.0,Ray & Yolanda,TARUS9,4.0,5.0,6,2.0,1.0,1,3,2.0,1,3,1,0,0.0,,,,,,,,,,,,92.0,2.23,2.23077,652.0,8.0,2.0,8.0,-5.0,29.0,359.0,4.0,71.0,0.40845,512.0,6.0,42.0,13.0,12.0,1.80401,2.0,4.0,0.30769,6.0,0.46154,1.0,6.0,0.0,6.0
4.0,Joseph & Monica,TARUS9,5.0,7.0,1,3.0,5.0,4,4,3.0,3,1,0,,,,,,,,,,,,,,93.0,3.27,3.27273,383.0,5.0,3.0,2.0,2.0,36.0,240.0,3.0,67.0,0.53731,314.0,3.0,31.0,11.0,10.0,1.95824,2.5,2.0,0.18182,3.0,0.27273,3.0,7.0,0.0,7.0
5.0,Fran & Barry,TARUS9,3.0,1.0,4,5.0,4.0,3,2,4.0,0,,,,,,,,,,,,,,,,94.0,2.89,2.88889,496.0,7.0,3.0,2.0,3.0,26.0,402.0,6.0,61.0,0.42623,489.0,5.0,35.0,9.0,8.0,1.52348,2.0,1.0,0.11111,2.0,0.22222,4.0,5.0,0.0,5.0
6.0,Lake & Michelle,TARUS9,6.0,3.0,7,6.0,3.0,2,0,,,,,,,,,,,,,,,,,,95.0,3.86,3.85714,247.0,3.0,3.0,2.0,4.0,27.0,386.0,5.0,53.0,0.50943,356.0,4.0,26.0,7.0,6.0,2.35606,3.5,0.0,0.0,1.0,0.14286,6.0,7.0,0.0,7.0
7.0,Dave & Lori,TARUS9,7.0,6.0,0,4.0,2.0,0,,,,,,,,,,,,,,,,,,,96.0,3.17,3.16667,409.0,6.0,3.0,2.0,5.0,19.0,526.0,7.0,48.0,0.39583,536.0,8.0,29.0,6.0,5.0,2.73354,5.0,0.0,0.0,2.0,0.33333,0.0,7.0,0.0,7.0
8.0,Danielle & Dani,TARUS9,2.0,2.0,3,1.0,0.0,,,,,,,,,,,,,,,,,,,,97.0,1.6,1.6,740.0,9.0,2.0,8.0,0.0,8.0,697.0,9.0,42.0,0.19048,747.0,9.0,34.0,5.0,4.0,1.0198,1.0,1.0,0.2,2.0,0.4,2.0,3.0,0.0,3.0
9.0,Wanda & Desiree,TARUS9,8.0,4.0,2,0.0,,,,,,,,,,,,,,,,,,,,,98.0,3.5,3.5,329.0,4.0,3.0,2.0,7.0,14.0,610.0,8.0,35.0,0.4,527.0,7.0,21.0,4.0,3.0,2.95804,3.5,0.0,0.0,1.0,0.25,,8.0,0.0,8.0
10.0,Lisa & Joni,TARUS9,1.0,0.0,,,,,,,,,,,,,,,,,,,,,,,99.0,0.5,0.5,807.0,10.0,0.5,10.0,0.0,1.0,805.0,10.0,19.0,0.05263,812.0,10.0,18.0,2.0,2.0,0.5,0.5,1.0,0.5,2.0,1.0,,1.0,0.0,1.0
11.0,John & Scott,TARUS9,0.0,,,,,,,,,,,,,,,,,,,,,,,,100.0,0.0,0.0,828.0,11.0,0.0,11.0,0.0,0.0,828.0,11.0,10.0,0.0,828.0,11.0,10.0,1.0,1.0,0.0,0.0,0.0,0.0,1.0,1.0,,0.0,0.0,0.0
1.0,Tyler & James,TARUS10,11.0,8.0,7,5.0,1.0,1,4,4.0,4,4,3,1,2.0,,,,,,,,,,,,101.0,4.23,4.23077,160.0,3.0,4.0,4.0,-3.0,55.0,34.0,1.0,73.0,0.75342,53.0,1.0,18.0,13.0,12.0,2.85964,3.0,3.0,0.23077,3.0,0.23077,4.0,11.0,1.0,10.0
2.0,Rob & Kimberly,TARUS10,7.0,4.0,6,7.0,4.0,4,3,3.0,1,2,1,3,1.0,,,,,,,,,,,,102.0,3.54,3.53846,323.0,5.0,3.0,5.0,-3.0,46.0,115.0,2.0,73.0,0.63014,183.0,4.0,27.0,13.0,12.0,2.02353,2.0,3.0,0.23077,3.0,0.23077,4.0,7.0,1.0,6.0
3.0,Lyn & Karlyn,TARUS10,3.0,1.0,3,2.0,2.0,3,1,1.0,2,1,2,2,0.0,,,,,,,,,,,,103.0,1.77,1.76923,716.0,10.0,2.0,8.0,-5.0,23.0,450.0,6.0,73.0,0.31507,641.0,7.0,50.0,13.0,12.0,0.89045,1.0,4.0,0.30769,5.0,0.38462,2.0,3.0,0.0,3.0
4.0,Dustin & Kandice,TARUS10,8.0,5.0,5,1.0,5.0,5,5,5.0,3,3,0,0,,,,,,,,,,,,,104.0,3.75,3.75,277.0,4.0,5.0,3.0,1.0,45.0,130.0,3.0,71.0,0.6338,178.0,3.0,26.0,12.0,11.0,2.31391,2.5,1.0,0.08333,3.0,0.25,5.0,8.0,0.0,8.0
5.0,Erwin & Godwin,TARUS10,5.0,2.0,8,4.0,3.0,2,2,2.0,0,0,,,,,,,,,,,,,,,105.0,2.8,2.8,513.0,7.0,2.0,8.0,-3.0,28.0,372.0,5.0,65.0,0.43077,481.0,6.0,37.0,10.0,9.0,2.27156,1.75,0.0,0.0,2.0,0.2,2.0,8.0,0.0,8.0
6.0,David & Mary,TARUS10,2.0,3.0,2,3.0,0.0,6,0,0.0,,,,,,,,,,,,,,,,,106.0,2.0,2.0,677.0,9.0,2.0,8.0,-2.0,16.0,575.0,8.0,57.0,0.2807,684.0,10.0,41.0,8.0,8.0,1.93649,3.0,0.0,0.0,3.0,0.375,0.0,6.0,0.0,6.0
7.0,Peter & Sarah,TARUS10,9.0,9.0,4,6.0,6.0,0,,,,,,,,,,,,,,,,,,,107.0,5.67,5.66667,12.0,1.0,6.0,2.0,5.0,34.0,261.0,4.0,47.0,0.7234,81.0,2.0,13.0,6.0,6.0,3.09121,3.75,0.0,0.0,1.0,0.16667,9.0,9.0,0.0,9.0
8.0,Tom & Terry,TARUS10,4.0,6.0,1,0.0,,,,,,,,,,,,,,,,,,,,,108.0,2.75,2.75,524.0,8.0,2.5,7.0,1.0,11.0,655.0,9.0,35.0,0.31429,642.0,8.0,24.0,4.0,4.0,2.38485,3.75,1.0,0.25,2.0,0.5,,6.0,0.0,6.0
9.0,Duke & Lauren,TARUS10,10.0,7.0,0,,,,,,,,,,,,,,,,,,,,,,109.0,5.67,5.66667,12.0,1.0,7.0,1.0,8.0,17.0,559.0,7.0,28.0,0.60714,211.0,5.0,11.0,3.0,3.0,4.18994,5.0,0.0,0.0,1.0,0.33333,,10.0,0.0,10.0
10.0,Kellie & Jamie,TARUS10,6.0,0.0,,,,,,,,,,,,,,,,,,,,,,,110.0,3.0,3.0,444.0,6.0,3.0,5.0,5.0,6.0,727.0,10.0,20.0,0.3,658.0,9.0,14.0,2.0,2.0,3.0,3.0,0.0,0.0,1.0,0.5,,6.0,0.0,6.0
11.0,Vipul & Arti,TARUS10,1.0,,,,,,,,,,,,,,,,,,,,,,,,111.0,1.0,1.0,776.0,11.0,1.0,11.0,0.0,1.0,805.0,11.0,11.0,0.09091,802.0,11.0,10.0,1.0,1.0,0.0,0.0,1.0,1.0,1.0,1.0,,1.0,1.0,0.0
12.0,Bilal & Sa'eed,TARUS10,0.0,,,,,,,,,,,,,,,,,,,,,,,,112.0,0.0,0.0,828.0,12.0,0.0,12.0,0.0,0.0,828.0,12.0,11.0,0.0,828.0,12.0,11.0,1.0,1.0,0.0,0.0,0.0,0.0,1.0,1.0,,0.0,0.0,0.0
1.0,Eric & Danielle,TARUS11,7.0,6.0,6,6.0,1.0,2,1,1.0,2,0,1,2,2.0,,,,,,,,,,,,113.0,2.85,2.84615,500.0,6.0,2.0,6.0,-5.0,37.0,224.0,3.0,71.0,0.52113,338.0,4.0,34.0,13.0,13.0,2.34836,5.0,4.0,0.30769,5.0,0.38462,1.0,7.0,0.0,7.0
2.0,Dustin & Kandice,TARUS11,5.0,4.0,5,3.0,5.0,3,5,3.0,4,2,3,3,1.0,,,,,,,,,,,,114.0,3.54,3.53846,323.0,4.0,3.0,5.0,-3.0,46.0,115.0,2.0,71.0,0.64789,161.0,3.0,25.0,13.0,13.0,1.21626,2.0,1.0,0.07692,1.0,0.07692,3.0,5.0,1.0,4.0
3.0,Charla & Mirna,TARUS11,3.0,2.0,1,1.0,6.0,6,2,2.0,3,1,2,1,0.0,,,,,,,,,,,,115.0,2.31,2.30769,630.0,8.0,2.0,6.0,-3.0,30.0,344.0,4.0,71.0,0.42254,495.0,7.0,41.0,13.0,13.0,1.7709,2.0,4.0,0.30769,5.0,0.38462,2.0,6.0,0.0,6.0
4.0,Oswald & Danny,TARUS11,9.0,8.0,4,7.0,3.0,5,4,5.0,1,3,0,0,,,,,,,,,,,,,116.0,4.08,4.08333,185.0,2.0,4.0,2.0,2.0,49.0,85.0,1.0,69.0,0.71014,90.0,2.0,20.0,12.0,12.0,2.81242,3.0,1.0,0.08333,3.0,0.25,4.0,9.0,0.0,9.0
5.0,Uchenna & Joyce,TARUS11,4.0,5.0,7,2.0,0.0,4,3,5.0,0,,,,,,,,,,,,,,,,117.0,3.33,3.33333,364.0,5.0,4.0,2.0,3.0,30.0,344.0,4.0,60.0,0.5,365.0,5.0,30.0,9.0,9.0,2.21108,3.0,0.0,0.0,2.0,0.22222,4.0,7.0,0.0,7.0
6.0,Joe & Bill,TARUS11,6.0,7.0,2,4.0,2.0,1,0,0.0,,,,,,,,,,,,,,,,,118.0,2.75,2.75,524.0,7.0,2.0,6.0,0.0,22.0,467.0,8.0,56.0,0.39286,539.0,8.0,34.0,8.0,8.0,2.48747,3.75,1.0,0.125,3.0,0.375,2.0,7.0,0.0,7.0
7.0,Teri & Ian,TARUS11,8.0,3.0,3,5.0,4.0,0,,,,,,,,,,,,,,,,,,,119.0,3.83,3.83333,250.0,3.0,3.5,4.0,3.0,23.0,450.0,7.0,46.0,0.5,365.0,5.0,23.0,6.0,6.0,2.40947,1.75,0.0,0.0,1.0,0.16667,3.0,8.0,0.0,8.0
8.0,Rob & Amber,TARUS11,10.0,9.0,8,0.0,,,,,,,,,,,,,,,,,,,,,120.0,6.75,6.75,2.0,1.0,8.5,1.0,7.0,27.0,386.0,6.0,34.0,0.79412,28.0,1.0,7.0,4.0,4.0,3.96074,3.25,0.0,0.0,1.0,0.25,,10.0,0.0,10.0
9.0,David & Mary,TARUS11,2.0,1.0,0,,,,,,,,,,,,,,,,,,,,,,121.0,1.0,1.0,776.0,9.0,1.0,9.0,0.0,3.0,765.0,9.0,27.0,0.11111,784.0,9.0,24.0,3.0,3.0,0.8165,1.0,1.0,0.33333,2.0,0.66667,,2.0,0.0,2.0
10.0,Kevin & Drew,TARUS11,1.0,0.0,,,,,,,,,,,,,,,,,,,,,,,122.0,0.5,0.5,807.0,10.0,0.5,10.0,0.0,1.0,805.0,10.0,19.0,0.05263,812.0,10.0,18.0,2.0,2.0,0.5,0.5,1.0,0.5,2.0,1.0,,1.0,0.0,1.0
11.0,John Vito & Jill,TARUS11,0.0,,,,,,,,,,,,,,,,,,,,,,,,123.0,0.0,0.0,828.0,11.0,0.0,11.0,0.0,0.0,828.0,11.0,10.0,0.0,828.0,11.0,10.0,1.0,1.0,0.0,0.0,0.0,0.0,1.0,1.0,,0.0,0.0,0.0
1.0,TK & Rachel,TARUS12,8.0,4.0,7,1.0,6.0,2,1,4.0,0,2,2,,,,,,,,,,,,,,124.0,3.36,3.36364,358.0,4.0,2.0,6.0,-5.0,37.0,224.0,1.0,61.0,0.60656,214.0,2.0,24.0,11.0,11.0,2.53243,3.5,2.0,0.18182,3.0,0.27273,2.0,8.0,0.0,8.0
2.0,Ron & Christina,TARUS12,4.0,1.0,4,5.0,4.0,5,2,2.0,3,3,1,,,,,,,,,,,,,,125.0,3.09,3.09091,431.0,7.0,3.0,4.0,-2.0,34.0,261.0,2.0,61.0,0.55738,283.0,4.0,27.0,11.0,11.0,1.3787,2.0,2.0,0.18182,2.0,0.18182,4.0,5.0,1.0,4.0
3.0,Nicolas & Donald,TARUS12,6.0,2.0,3,4.0,1.0,1,4,3.0,1,1,0,,,,,,,,,,,,,,126.0,2.36,2.36364,618.0,8.0,2.0,6.0,-3.0,26.0,402.0,6.0,61.0,0.42623,489.0,7.0,35.0,11.0,11.0,1.72008,2.5,4.0,0.36364,5.0,0.45455,1.0,6.0,0.0,6.0
4.0,Nathan & Jennifer,TARUS12,1.0,8.0,6,6.0,2.0,3,3,1.0,2,0,,,,,,,,,,,,,,,127.0,3.2,3.2,398.0,5.0,2.5,5.0,-1.0,32.0,301.0,4.0,59.0,0.54237,304.0,5.0,27.0,10.0,10.0,2.48193,4.0,2.0,0.2,3.0,0.3,1.0,8.0,0.0,8.0
5.0,Kynt & Vyxsin,TARUS12,9.0,6.0,5,3.0,5.0,4,0,0.0,,,,,,,,,,,,,,,,,128.0,4.0,4.0,193.0,3.0,4.5,2.0,3.0,32.0,301.0,4.0,53.0,0.60377,219.0,3.0,21.0,8.0,8.0,2.82843,3.0,0.0,0.0,2.0,0.25,5.0,9.0,0.0,9.0
6.0,Azaria & Hendekea,TARUS12,10.0,5.0,8,7.0,3.0,0,,,,,,,,,,,,,,,,,,,129.0,5.5,5.5,15.0,1.0,6.0,1.0,5.0,33.0,280.0,3.0,45.0,0.73333,72.0,1.0,12.0,6.0,6.0,3.30404,4.25,0.0,0.0,1.0,0.16667,,10.0,0.0,10.0
7.0,Shana & Jennifer,TARUS12,5.0,7.0,2,2.0,0.0,,,,,,,,,,,,,,,,,,,,130.0,3.2,3.2,398.0,5.0,2.0,6.0,1.0,16.0,575.0,8.0,40.0,0.4,527.0,8.0,24.0,5.0,5.0,2.48193,3.0,0.0,0.0,1.0,0.2,2.0,7.0,0.0,7.0
8.0,Lorena & Jason,TARUS12,7.0,9.0,1,0.0,,,,,,,,,,,,,,,,,,,,,131.0,4.25,4.25,145.0,2.0,4.0,3.0,5.0,17.0,559.0,7.0,34.0,0.5,365.0,6.0,17.0,4.0,4.0,3.83243,6.75,1.0,0.25,2.0,0.5,,9.0,0.0,9.0
9.0,Marianna & Julia,TARUS12,2.0,3.0,0,,,,,,,,,,,,,,,,,,,,,,132.0,1.67,1.66667,739.0,9.0,2.0,6.0,3.0,5.0,741.0,9.0,27.0,0.18519,751.0,9.0,22.0,3.0,3.0,1.24722,1.5,0.0,0.0,1.0,0.33333,,3.0,0.0,3.0
10.0,Kate & Pat,TARUS12,3.0,0.0,,,,,,,,,,,,,,,,,,,,,,,133.0,1.5,1.5,746.0,10.0,1.5,10.0,0.0,3.0,765.0,10.0,19.0,0.15789,762.0,10.0,16.0,2.0,2.0,1.5,1.5,0.0,0.0,1.0,0.5,,3.0,0.0,3.0
11.0,Ari & Staella,TARUS12,0.0,,,,,,,,,,,,,,,,,,,,,,,,134.0,0.0,0.0,828.0,11.0,0.0,11.0,0.0,0.0,828.0,11.0,10.0,0.0,828.0,11.0,10.0,1.0,1.0,0.0,0.0,0.0,0.0,1.0,1.0,,0.0,0.0,0.0
1.0,Nick & Starr,TARUS13,10.0,4.0,3,3.0,6.0,5,5,4.0,1,3,2,,,,,,,,,,,,,,135.0,4.18,4.18182,167.0,3.0,4.0,3.0,-2.0,46.0,115.0,1.0,62.0,0.74194,67.0,1.0,16.0,11.0,11.0,2.28903,2.0,1.0,0.09091,1.0,0.09091,3.0,10.0,1.0,9.0
2.0,Ken & Tina,TARUS13,9.0,9.0,8,7.0,3.0,0,2,2.0,2,1,1,,,,,,,,,,,,,,136.0,4.0,4.0,193.0,4.0,2.0,7.0,-5.0,44.0,138.0,2.0,62.0,0.70968,91.0,2.0,18.0,11.0,11.0,3.3303,6.0,2.0,0.18182,3.0,0.27273,2.0,9.0,0.0,9.0
3.0,Andrew & Dan,TARUS13,4.0,2.0,2,2.0,1.0,1,1,1.0,0,2,0,,,,,,,,,,,,,,137.0,1.45,1.45455,760.0,9.0,1.0,8.0,-5.0,16.0,575.0,6.0,62.0,0.25806,707.0,8.0,46.0,11.0,11.0,1.07565,1.0,4.0,0.36364,6.0,0.54545,2.0,4.0,0.0,4.0
4.0,Toni & Dallas,TARUS13,5.0,5.0,7,4.0,5.0,3,4,3.0,3,0,,,,,,,,,,,,,,,138.0,3.9,3.9,239.0,5.0,4.0,3.0,1.0,39.0,201.0,3.0,60.0,0.65,157.0,4.0,21.0,10.0,10.0,1.75784,2.0,0.0,0.0,1.0,0.1,5.0,7.0,0.0,7.0
5.0,Terence & Sarah,TARUS13,8.0,7.0,6,6.0,4.0,2,3,0.0,,,,,,,,,,,,,,,,,139.0,4.5,4.5,103.0,2.0,5.0,2.0,3.0,36.0,240.0,4.0,54.0,0.66667,133.0,3.0,18.0,8.0,8.0,2.54951,3.5,0.0,0.0,1.0,0.125,6.0,8.0,0.0,8.0
6.0,Kelly & Christy,TARUS13,6.0,3.0,1,5.0,2.0,4,0,,,,,,,,,,,,,,,,,,140.0,3.0,3.0,444.0,6.0,3.0,5.0,1.0,21.0,491.0,5.0,50.0,0.42,502.0,6.0,29.0,7.0,7.0,2.0,3.0,1.0,0.14286,2.0,0.28571,,6.0,0.0,6.0
7.0,Aja & Ty,TARUS13,3.0,6.0,4,1.0,0.0,,,,,,,,,,,,,,,,,,,,141.0,2.8,2.8,513.0,7.0,3.0,5.0,2.0,14.0,610.0,8.0,40.0,0.35,599.0,7.0,26.0,5.0,5.0,2.13542,3.0,1.0,0.2,2.0,0.4,,6.0,0.0,6.0
8.0,Marisa & Brooke,TARUS13,1.0,1.0,5,0.0,,,,,,,,,,,,,,,,,,,,,142.0,1.75,1.75,717.0,8.0,1.0,8.0,0.0,7.0,713.0,9.0,34.0,0.20588,738.0,9.0,27.0,4.0,4.0,1.92029,1.25,2.0,0.5,3.0,0.75,1.0,5.0,0.0,5.0
9.0,Mark & Bill,TARUS13,7.0,8.0,0,,,,,,,,,,,,,,,,,,,,,,143.0,5.0,5.0,42.0,1.0,7.0,1.0,8.0,15.0,595.0,7.0,27.0,0.55556,287.0,5.0,12.0,3.0,3.0,3.55903,4.0,0.0,0.0,1.0,0.33333,,8.0,0.0,8.0
10.0,Anthony & Stephanie,TARUS13,2.0,0.0,,,,,,,,,,,,,,,,,,,,,,,144.0,1.0,1.0,776.0,10.0,1.0,8.0,2.0,2.0,785.0,10.0,19.0,0.10526,789.0,10.0,17.0,2.0,2.0,1.0,1.0,0.0,0.0,1.0,0.5,,2.0,0.0,2.0
11.0,Anita & Arthur,TARUS13,0.0,,,,,,,,,,,,,,,,,,,,,,,,145.0,0.0,0.0,828.0,11.0,0.0,11.0,0.0,0.0,828.0,11.0,10.0,0.0,828.0,11.0,10.0,1.0,1.0,0.0,0.0,0.0,0.0,1.0,1.0,,0.0,0.0,0.0
1.0,Tammy & Victor,TARUS14,9.0,9.0,1,5.0,5.0,6,5,2.0,3,1,3,2,,,,,,,,,,,,,146.0,4.25,4.25,145.0,3.0,4.0,4.0,-3.0,51.0,62.0,1.0,67.0,0.76119,49.0,1.0,16.0,12.0,11.0,2.64969,3.25,2.0,0.16667,2.0,0.16667,5.0,9.0,1.0,8.0
2.0,Jaime & Cara,TARUS14,4.0,4.0,2,3.0,4.0,2,4,3.0,1,3,1,1,,,,,,,,,,,,,147.0,2.67,2.66667,546.0,6.0,3.0,6.0,-4.0,32.0,301.0,4.0,67.0,0.47761,414.0,5.0,35.0,12.0,11.0,1.17851,2.25,3.0,0.25,3.0,0.25,4.0,4.0,1.0,3.0
3.0,Margie & Luke,TARUS14,10.0,6.0,5,4.0,6.0,3,2,4.0,2,2,2,0,,,,,,,,,,,,,148.0,3.83,3.83333,250.0,4.0,3.5,5.0,-2.0,46.0,115.0,2.0,67.0,0.68657,116.0,2.0,21.0,12.0,11.0,2.54406,3.25,0.0,0.0,1.0,0.08333,2.0,10.0,0.0,10.0
4.0,Kisha & Jen,TARUS14,3.0,3.0,6,6.0,1.0,4,1,1.0,4,0,0,,,,,,,,,,,,,,149.0,2.64,2.63636,562.0,7.0,3.0,6.0,-2.0,29.0,359.0,5.0,65.0,0.44615,459.0,6.0,36.0,11.0,10.0,2.10077,3.0,3.0,0.27273,5.0,0.45455,1.0,6.0,0.0,6.0
5.0,Mark & Michael,TARUS14,8.0,2.0,4,1.0,2.0,1,3,0.0,0,,,,,,,,,,,,,,,,150.0,2.33,2.33333,620.0,8.0,2.0,8.0,-3.0,21.0,491.0,6.0,59.0,0.35593,588.0,8.0,38.0,9.0,9.0,2.35702,2.0,2.0,0.22222,4.0,0.44444,2.0,8.0,0.0,8.0
6.0,Mel & Mike,TARUS14,7.0,8.0,8,2.0,3.0,5,0,,,,,,,,,,,,,,,,,,151.0,4.71,4.71429,84.0,2.0,5.0,2.0,4.0,33.0,280.0,3.0,51.0,0.64706,163.0,3.0,18.0,7.0,7.0,2.91373,5.0,0.0,0.0,1.0,0.14286,8.0,8.0,0.0,8.0
7.0,Christie & Jodi,TARUS14,1.0,1.0,3,7.0,0.0,0,,,,,,,,,,,,,,,,,,,152.0,2.0,2.0,677.0,9.0,1.0,9.0,-2.0,12.0,636.0,8.0,46.0,0.26087,704.0,9.0,34.0,6.0,6.0,2.44949,2.25,2.0,0.33333,4.0,0.66667,1.0,7.0,0.0,7.0
8.0,Amanda & Kris,TARUS14,6.0,7.0,7,0.0,,,,,,,,,,,,,,,,,,,,,153.0,5.0,5.0,42.0,1.0,6.5,1.0,7.0,20.0,507.0,7.0,34.0,0.58824,235.0,4.0,14.0,4.0,4.0,2.91548,2.5,0.0,0.0,1.0,0.25,7.0,7.0,0.0,7.0
9.0,Brad & Victoria,TARUS14,5.0,5.0,0,,,,,,,,,,,,,,,,,,,,,,154.0,3.33,3.33333,364.0,5.0,5.0,2.0,7.0,10.0,670.0,9.0,27.0,0.37037,563.0,7.0,17.0,3.0,3.0,2.35702,2.5,0.0,0.0,1.0,0.33333,5.0,5.0,0.0,5.0
10.0,Steve & Linda,TARUS14,2.0,0.0,,,,,,,,,,,,,,,,,,,,,,,155.0,1.0,1.0,776.0,10.0,1.0,9.0,1.0,2.0,785.0,10.0,19.0,0.10526,789.0,10.0,17.0,2.0,2.0,1.0,1.0,0.0,0.0,1.0,0.5,,2.0,0.0,2.0
11.0,Preston & Jennifer,TARUS14,0.0,,,,,,,,,,,,,,,,,,,,,,,,156.0,0.0,0.0,828.0,11.0,0.0,11.0,0.0,0.0,828.0,11.0,10.0,0.0,828.0,11.0,10.0,1.0,1.0,0.0,0.0,0.0,0.0,1.0,1.0,,0.0,0.0,0.0
1.0,Meghan & Cheyne,TARUS15,11.0,5.0,8,4.0,7.0,6,4,3.0,4,3,3,2,,,,,,,,,,,,,157.0,5.0,5.0,42.0,1.0,4.0,1.0,0.0,60.0,18.0,1.0,72.0,0.83333,10.0,1.0,12.0,12.0,12.0,2.48328,3.25,0.0,0.0,0.0,0.0,4.0,11.0,2.0,9.0
2.0,Sam & Dan,TARUS15,3.0,9.0,5,8.0,3.0,4,5,1.0,3,2,2,1,,,,,,,,,,,,,158.0,3.83,3.83333,250.0,6.0,3.0,5.0,-3.0,46.0,115.0,3.0,72.0,0.63889,172.0,3.0,26.0,12.0,12.0,2.44381,3.0,2.0,0.16667,2.0,0.16667,3.0,9.0,1.0,8.0
3.0,Brian & Ericka,TARUS15,6.0,1.0,6,6.0,6.0,3,1,2.0,1,0,1,0,,,,,,,,,,,,,159.0,2.75,2.75,524.0,8.0,1.5,11.0,-8.0,33.0,280.0,5.0,72.0,0.45833,439.0,6.0,39.0,12.0,12.0,2.41954,5.0,4.0,0.33333,6.0,0.5,6.0,6.0,0.0,6.0
4.0,Flight Time & Big Easy,TARUS15,7.0,8.0,9,7.0,5.0,1,3,4.0,2,1,0,,,,,,,,,,,,,,160.0,4.27,4.27273,143.0,3.0,4.0,1.0,3.0,47.0,108.0,2.0,70.0,0.67143,129.0,2.0,23.0,11.0,11.0,2.98758,5.5,2.0,0.18182,3.0,0.27273,7.0,9.0,0.0,9.0
5.0,Gary & Matt,TARUS15,5.0,10.0,7,5.0,4.0,2,2,0.0,0,,,,,,,,,,,,,,,,161.0,3.89,3.88889,243.0,5.0,4.0,1.0,4.0,35.0,253.0,4.0,64.0,0.54688,298.0,4.0,29.0,9.0,9.0,3.10714,3.0,0.0,0.0,2.0,0.22222,5.0,10.0,0.0,10.0
6.0,Maria & Tiffany,TARUS15,1.0,4.0,4,1.0,2.0,5,0,,,,,,,,,,,,,,,,,,162.0,2.43,2.42857,605.0,9.0,2.0,7.0,-1.0,17.0,559.0,8.0,56.0,0.30357,656.0,9.0,39.0,7.0,7.0,1.76126,3.0,2.0,0.28571,3.0,0.42857,1.0,5.0,0.0,5.0
7.0,Mika & Canaan,TARUS15,2.0,3.0,3,2.0,1.0,0,,,,,,,,,,,,,,,,,,,163.0,1.83,1.83333,713.0,11.0,2.0,7.0,0.0,11.0,655.0,9.0,51.0,0.21569,732.0,10.0,40.0,6.0,6.0,1.06719,1.5,1.0,0.16667,2.0,0.33333,2.0,3.0,0.0,3.0
8.0,Lance & Keri,TARUS15,9.0,7.0,1,3.0,0.0,,,,,,,,,,,,,,,,,,,,164.0,4.0,4.0,193.0,4.0,3.0,5.0,3.0,20.0,507.0,6.0,45.0,0.44444,462.0,7.0,25.0,5.0,5.0,3.4641,6.0,1.0,0.2,2.0,0.4,,9.0,0.0,9.0
9.0,Zev & Justin,TARUS15,10.0,6.0,2,0.0,,,,,,,,,,,,,,,,,,,,,165.0,4.5,4.5,103.0,2.0,4.0,1.0,8.0,18.0,544.0,7.0,38.0,0.47368,419.0,5.0,20.0,4.0,4.0,3.84057,5.5,0.0,0.0,1.0,0.25,,10.0,0.0,10.0
10.0,Marcy & Ron,TARUS15,8.0,2.0,0,,,,,,,,,,,,,,,,,,,,,,166.0,3.33,3.33333,364.0,7.0,2.0,7.0,3.0,10.0,670.0,10.0,30.0,0.33333,613.0,8.0,20.0,3.0,3.0,3.39935,4.0,0.0,0.0,1.0,0.33333,,8.0,0.0,8.0
11.0,Garrett & Jessica,TARUS15,4.0,0.0,,,,,,,,,,,,,,,,,,,,,,,167.0,2.0,2.0,677.0,10.0,2.0,7.0,4.0,4.0,755.0,11.0,21.0,0.19048,747.0,11.0,17.0,2.0,2.0,2.0,2.0,0.0,0.0,1.0,0.5,,4.0,0.0,4.0
12.0,Eric & Lisa,TARUS15,0.0,,,,,,,,,,,,,,,,,,,,,,,,168.0,0.0,0.0,828.0,12.0,0.0,12.0,0.0,0.0,828.0,12.0,11.0,0.0,828.0,12.0,11.0,1.0,1.0,0.0,0.0,0.0,0.0,1.0,1.0,,0.0,0.0,0.0
1.0,Dan & Jordan,TARUS16,3.0,2.0,3,2.0,4.0,2,4,1.0,4,1,1,2,,,,,,,,,,,,,169.0,2.42,2.41667,607.0,8.0,2.0,7.0,-6.0,29.0,359.0,5.0,69.0,0.42029,500.0,7.0,40.0,12.0,12.0,1.11492,1.5,3.0,0.25,3.0,0.25,2.0,4.0,1.0,3.0
2.0,Jet & Cord,TARUS16,8.0,9.0,8,4.0,5.0,3,0,5.0,2,3,2,1,,,,,,,,,,,,,170.0,4.17,4.16667,168.0,4.0,3.5,5.0,-3.0,50.0,71.0,1.0,69.0,0.72464,79.0,1.0,19.0,12.0,12.0,2.79384,3.75,1.0,0.08333,2.0,0.16667,8.0,9.0,0.0,9.0
3.0,Brent & Caite,TARUS16,4.0,6.0,2,1.0,2.0,1,3,2.0,3,2,3,0,,,,,,,,,,,,,171.0,2.42,2.41667,607.0,8.0,2.0,7.0,-4.0,29.0,359.0,5.0,69.0,0.42029,500.0,7.0,40.0,12.0,12.0,1.49768,1.25,2.0,0.16667,3.0,0.25,2.0,6.0,0.0,6.0
4.0,Louie & Michael,TARUS16,2.0,1.0,1,7.0,7.0,6,2,3.0,1,0,0,,,,,,,,,,,,,,172.0,2.73,2.72727,535.0,7.0,2.0,7.0,-3.0,30.0,344.0,4.0,67.0,0.44776,453.0,6.0,37.0,11.0,11.0,2.56164,3.5,3.0,0.27273,5.0,0.45455,1.0,7.0,0.0,7.0
5.0,Carol & Brandy,TARUS16,5.0,7.0,6,3.0,3.0,5,1,4.0,0,,,,,,,,,,,,,,,,173.0,3.78,3.77778,272.0,5.0,4.0,4.0,1.0,34.0,261.0,3.0,61.0,0.55738,283.0,4.0,27.0,9.0,9.0,2.14879,2.0,1.0,0.11111,2.0,0.22222,5.0,7.0,0.0,7.0
6.0,Steve & Allie,TARUS16,7.0,3.0,7,6.0,6.0,4,5,0.0,,,,,,,,,,,,,,,,,174.0,4.75,4.75,74.0,2.0,5.5,1.0,5.0,38.0,212.0,2.0,57.0,0.66667,133.0,2.0,19.0,8.0,8.0,2.22205,2.5,0.0,0.0,1.0,0.125,7.0,7.0,0.0,7.0
7.0,Jordan & Jeff,TARUS16,10.0,4.0,4,0.0,1.0,0,,,,,,,,,,,,,,,,,,,175.0,3.17,3.16667,409.0,6.0,2.5,6.0,1.0,19.0,526.0,8.0,47.0,0.40426,521.0,9.0,28.0,6.0,6.0,3.48409,3.75,1.0,0.16667,3.0,0.5,4.0,10.0,0.0,10.0
8.0,Joe & Heidi,TARUS16,6.0,8.0,5,5.0,0.0,,,,,,,,,,,,,,,,,,,,176.0,4.8,4.8,67.0,1.0,5.0,2.0,6.0,24.0,429.0,7.0,41.0,0.58537,240.0,3.0,17.0,5.0,5.0,2.63818,1.0,0.0,0.0,1.0,0.2,5.0,8.0,0.0,8.0
9.0,Monique & Shawne,TARUS16,9.0,5.0,0,,,,,,,,,,,,,,,,,,,,,,177.0,4.67,4.66667,87.0,3.0,5.0,2.0,7.0,14.0,610.0,9.0,27.0,0.51852,342.0,5.0,13.0,3.0,3.0,3.68179,4.5,0.0,0.0,1.0,0.33333,,9.0,0.0,9.0
10.0,Jody & Shannon,TARUS16,1.0,0.0,,,,,,,,,,,,,,,,,,,,,,,178.0,0.5,0.5,807.0,10.0,0.5,10.0,0.0,1.0,805.0,10.0,19.0,0.05263,812.0,10.0,18.0,2.0,2.0,0.5,0.5,1.0,0.5,2.0,1.0,,1.0,0.0,1.0
11.0,Dana & Adrian,TARUS16,0.0,,,,,,,,,,,,,,,,,,,,,,,,179.0,0.0,0.0,828.0,11.0,0.0,11.0,0.0,0.0,828.0,11.0,10.0,0.0,828.0,11.0,10.0,1.0,1.0,0.0,0.0,0.0,0.0,1.0,1.0,,0.0,0.0,0.0
1.0,Nat & Kat,TARUS17,9.0,3.0,1,8.0,7.0,3,6,1.0,2,3,1,2,,,,,,,,,,,,,180.0,3.83,3.83333,250.0,4.0,3.0,6.0,-5.0,46.0,115.0,2.0,71.0,0.64789,161.0,2.0,25.0,12.0,12.0,2.76385,4.5,3.0,0.25,3.0,0.25,3.0,9.0,1.0,8.0
2.0,Brook & Claire,TARUS17,7.0,9.0,3,6.0,3.0,5,5,2.0,1,1,2,1,,,,,,,,,,,,,181.0,3.75,3.75,277.0,5.0,3.0,6.0,-4.0,45.0,130.0,3.0,71.0,0.6338,178.0,3.0,26.0,12.0,12.0,2.52075,3.5,3.0,0.25,3.0,0.25,1.0,9.0,1.0,8.0
3.0,Jill & Thomas,TARUS17,10.0,5.0,2,4.0,5.0,6,2,4.0,4,2,3,0,,,,,,,,,,,,,182.0,3.92,3.91667,236.0,3.0,4.0,3.0,0.0,47.0,108.0,1.0,71.0,0.66197,144.0,1.0,24.0,12.0,12.0,2.43099,3.0,0.0,0.0,1.0,0.08333,2.0,10.0,0.0,10.0
4.0,Nick & Vicki,TARUS17,1.0,2.0,4,3.0,2.0,0,4,3.0,3,0,0,,,,,,,,,,,,,,183.0,2.0,2.0,677.0,9.0,2.0,8.0,-4.0,22.0,467.0,7.0,69.0,0.31884,636.0,9.0,47.0,11.0,11.0,1.4771,2.5,1.0,0.09091,4.0,0.36364,3.0,4.0,0.0,4.0
5.0,Chad & Stephanie,TARUS17,3.0,6.0,6,2.0,1.0,2,1,5.0,0,,,,,,,,,,,,,,,,184.0,2.89,2.88889,496.0,8.0,2.0,8.0,-3.0,26.0,402.0,5.0,63.0,0.4127,508.0,8.0,37.0,9.0,9.0,2.13148,4.0,2.0,0.22222,3.0,0.33333,6.0,6.0,0.0,6.0
6.0,Gary & Mallory,TARUS17,5.0,1.0,7,7.0,6.0,1,3,0.0,,,,,,,,,,,,,,,,,185.0,3.75,3.75,277.0,5.0,4.0,3.0,3.0,30.0,344.0,4.0,59.0,0.50847,359.0,5.0,29.0,8.0,8.0,2.68095,5.25,2.0,0.25,3.0,0.375,1.0,7.0,0.0,7.0
7.0,Michael & Kevin,TARUS17,4.0,7.0,0,5.0,4.0,4,0,,,,,,,,,,,,,,,,,,186.0,3.43,3.42857,344.0,7.0,4.0,3.0,4.0,24.0,429.0,6.0,54.0,0.44444,462.0,7.0,30.0,7.0,7.0,2.3819,2.5,0.0,0.0,2.0,0.28571,4.0,7.0,0.0,7.0
8.0,Katie & Rachel,TARUS17,6.0,8.0,5,1.0,0.0,,,,,,,,,,,,,,,,,,,,187.0,4.0,4.0,193.0,2.0,5.0,2.0,6.0,20.0,507.0,8.0,42.0,0.47619,416.0,6.0,22.0,5.0,5.0,3.03315,5.0,1.0,0.2,2.0,0.4,,8.0,0.0,8.0
9.0,Connor & Jonathan,TARUS17,8.0,4.0,8,0.0,,,,,,,,,,,,,,,,,,,,,188.0,5.0,5.0,42.0,1.0,6.0,1.0,8.0,20.0,507.0,8.0,35.0,0.57143,264.0,4.0,15.0,4.0,4.0,3.31662,5.0,0.0,0.0,1.0,0.25,8.0,8.0,0.0,8.0
10.0,Andie & Jenna,TARUS17,2.0,0.0,,,,,,,,,,,,,,,,,,,,,,,189.0,1.0,1.0,776.0,10.0,1.0,10.0,0.0,2.0,785.0,10.0,19.0,0.10526,789.0,10.0,17.0,2.0,2.0,1.0,1.0,0.0,0.0,1.0,0.5,,2.0,0.0,2.0
11.0,Ron & Tony,TARUS17,0.0,,,,,,,,,,,,,,,,,,,,,,,,190.0,0.0,0.0,828.0,11.0,0.0,11.0,0.0,0.0,828.0,11.0,10.0,0.0,828.0,11.0,10.0,1.0,1.0,0.0,0.0,0.0,0.0,1.0,1.0,,0.0,0.0,0.0
1.0,Kisha & Jen,TARUS18,8.0,7.0,6,4.0,5.0,2,4,2.0,4,3,2,2,,,,,,,,,,,,,191.0,4.08,4.08333,185.0,5.0,4.0,4.0,-3.0,49.0,85.0,2.0,77.0,0.63636,176.0,3.0,28.0,12.0,12.0,1.9773,3.25,0.0,0.0,0.0,0.0,2.0,8.0,2.0,6.0
2.0,Flight Time & Big Easy,TARUS18,6.0,9.0,5,3.0,3.0,1,6,4.0,1,4,1,1,,,,,,,,,,,,,192.0,3.67,3.66667,291.0,7.0,3.5,6.0,-4.0,44.0,138.0,4.0,77.0,0.57143,264.0,4.0,33.0,12.0,12.0,2.4267,4.25,4.0,0.33333,4.0,0.33333,1.0,9.0,1.0,8.0
3.0,Gary & Mallory,TARUS18,10.0,2.0,8,6.0,7.0,7,3,0.0,2,2,3,0,,,,,,,,,,,,,193.0,4.17,4.16667,168.0,4.0,3.0,7.0,-4.0,50.0,71.0,1.0,77.0,0.64935,158.0,1.0,27.0,12.0,12.0,3.15788,5.0,0.0,0.0,2.0,0.16667,2.0,10.0,0.0,10.0
4.0,Zev & Justin,TARUS18,7.0,10.0,9,1.0,1.0,4,5,5.0,5,1,0,,,,,,,,,,,,,,194.0,4.36,4.36364,130.0,2.0,5.0,1.0,3.0,48.0,93.0,3.0,75.0,0.64,169.0,2.0,27.0,11.0,11.0,3.22695,5.0,3.0,0.27273,4.0,0.36364,1.0,10.0,0.0,10.0
5.0,Kent & Vyxsin,TARUS18,1.0,4.0,3,0.0,4.0,3,1,3.0,3,0,,,,,,,,,,,,,,,195.0,2.2,2.2,656.0,10.0,3.0,7.0,-2.0,22.0,467.0,8.0,72.0,0.30556,651.0,9.0,50.0,10.0,10.0,1.46969,2.0,2.0,0.2,4.0,0.4,3.0,4.0,0.0,4.0
6.0,Jet & Cord,TARUS18,0.0,8.0,4,7.0,8.0,6,2,1.0,0,,,,,,,,,,,,,,,,196.0,4.0,4.0,193.0,6.0,4.0,4.0,2.0,36.0,240.0,5.0,68.0,0.52941,325.0,5.0,32.0,9.0,9.0,3.16228,6.0,1.0,0.11111,3.0,0.33333,0.0,8.0,0.0,8.0
7.0,Ron & Christina,TARUS18,3.0,1.0,7,5.0,2.0,5,0,,,,,,,,,,,,,,,,,,197.0,3.29,3.28571,381.0,8.0,3.0,7.0,0.0,23.0,450.0,7.0,58.0,0.39655,534.0,8.0,35.0,7.0,7.0,2.31234,3.5,1.0,0.14286,2.0,0.28571,5.0,7.0,0.0,7.0
8.0,Margie & Luke,TARUS18,4.0,6.0,2,8.0,6.0,0,,,,,,,,,,,,,,,,,,,198.0,4.33,4.33333,137.0,3.0,5.0,1.0,7.0,26.0,402.0,6.0,52.0,0.5,365.0,6.0,26.0,6.0,6.0,2.68742,3.5,0.0,0.0,1.0,0.16667,6.0,8.0,0.0,8.0
9.0,Jaime & Cara,TARUS18,5.0,3.0,1,2.0,0.0,,,,,,,,,,,,,,,,,,,,199.0,2.2,2.2,656.0,10.0,2.0,10.0,-1.0,11.0,655.0,9.0,45.0,0.24444,713.0,10.0,34.0,5.0,5.0,1.72047,2.0,1.0,0.2,2.0,0.4,,5.0,0.0,5.0
10.0,Mel & Mike,TARUS18,2.0,5.0,0,,,,,,,,,,,,,,,,,,,,,,200.0,2.33,2.33333,620.0,9.0,2.0,10.0,0.0,7.0,713.0,11.0,29.0,0.24138,715.0,11.0,22.0,3.0,3.0,2.0548,2.5,0.0,0.0,1.0,0.33333,,5.0,0.0,5.0
11.0,Amanda & Kris,TARUS18,9.0,0.0,,,,,,,,,,,,,,,,,,,,,,,201.0,4.5,4.5,103.0,1.0,4.5,3.0,8.0,9.0,684.0,10.0,20.0,0.45,451.0,7.0,11.0,2.0,2.0,4.5,4.5,0.0,0.0,1.0,0.5,,9.0,0.0,9.0
1.0,Ernie & Cindy,TARUS19,10.0,7.0,4,3.0,5.0,2,5,5.0,3,2,2,2,,,,,,,,,,,,,202.0,4.17,4.16667,168.0,3.0,3.5,4.0,-3.0,50.0,71.0,2.0,72.0,0.69444,104.0,2.0,22.0,12.0,12.0,2.33928,3.0,0.0,0.0,0.0,0.0,2.0,10.0,2.0,8.0
2.0,Jeremy & Sandy,TARUS19,9.0,5.0,6,5.0,1.0,4,1,1.0,2,3,3,1,,,,,,,,,,,,,203.0,3.42,3.41667,346.0,6.0,3.0,6.0,-4.0,41.0,171.0,3.0,72.0,0.56944,269.0,4.0,31.0,12.0,12.0,2.39647,4.0,4.0,0.33333,4.0,0.33333,1.0,9.0,1.0,8.0
3.0,Amani & Marcus,TARUS19,6.0,2.0,3,2.0,7.0,0,3,2.0,4,1,1,0,,,,,,,,,,,,,204.0,2.58,2.58333,572.0,8.0,2.0,7.0,-4.0,31.0,325.0,5.0,72.0,0.43056,482.0,6.0,41.0,12.0,12.0,2.09993,2.25,2.0,0.16667,4.0,0.33333,2.0,7.0,0.0,7.0
4.0,Andy & Tommy,TARUS19,4.0,10.0,8,7.0,3.0,6,6,3.0,1,4,0,,,,,,,,,,,,,,205.0,4.73,4.72727,82.0,1.0,4.0,2.0,2.0,52.0,39.0,1.0,70.0,0.74286,65.0,1.0,18.0,11.0,11.0,2.86328,3.5,1.0,0.09091,2.0,0.18182,4.0,10.0,0.0,10.0
5.0,Bill & Cathi,TARUS19,0.0,4.0,2,1.0,6.0,1,4,4.0,0,0,,,,,,,,,,,,,,,206.0,2.2,2.2,656.0,9.0,1.5,9.0,-4.0,22.0,467.0,7.0,67.0,0.32836,620.0,9.0,45.0,10.0,10.0,2.03961,3.75,2.0,0.2,5.0,0.5,0.0,6.0,0.0,6.0
6.0,Laurence & Zac,TARUS19,5.0,9.0,7,4.0,2.0,3,2,0.0,,,,,,,,,,,,,,,,,207.0,4.0,4.0,193.0,4.0,3.5,4.0,2.0,32.0,301.0,4.0,59.0,0.54237,304.0,5.0,27.0,8.0,8.0,2.73861,3.5,0.0,0.0,1.0,0.125,2.0,9.0,0.0,9.0
7.0,Justin & Jennifer,TARUS19,8.0,3.0,5,6.0,4.0,5,0,,,,,,,,,,,,,,,,,,208.0,4.43,4.42857,119.0,2.0,5.0,1.0,6.0,31.0,325.0,5.0,54.0,0.57407,261.0,3.0,23.0,7.0,7.0,2.32115,2.0,0.0,0.0,1.0,0.14286,5.0,8.0,0.0,8.0
8.0,Liz & Marie,TARUS19,1.0,6.0,1,0.0,0.0,,,,,,,,,,,,,,,,,,,,209.0,1.6,1.6,740.0,10.0,1.0,11.0,-3.0,8.0,697.0,9.0,42.0,0.19048,747.0,10.0,34.0,5.0,5.0,2.24499,1.0,2.0,0.4,4.0,0.8,1.0,6.0,0.0,6.0
9.0,Kaylani & Lisa,TARUS19,2.0,8.0,0,,,,,,,,,,,,,,,,,,,,,,210.0,3.33,3.33333,364.0,7.0,2.0,7.0,2.0,10.0,670.0,8.0,28.0,0.35714,586.0,8.0,18.0,3.0,3.0,3.39935,4.0,0.0,0.0,1.0,0.33333,,8.0,0.0,8.0
10.0,Ethan & Jenna,TARUS19,7.0,1.0,,,,,,,,,,,,,,,,,,,,,,,211.0,4.0,4.0,193.0,4.0,4.0,2.0,8.0,8.0,697.0,9.0,20.0,0.4,527.0,7.0,12.0,2.0,2.0,3.0,3.0,1.0,0.5,1.0,0.5,,7.0,1.0,6.0
11.0,Ron & Bill,TARUS19,3.0,0.0,,,,,,,,,,,,,,,,,,,,,,,212.0,1.5,1.5,746.0,11.0,1.5,9.0,2.0,3.0,765.0,11.0,20.0,0.15,768.0,11.0,17.0,2.0,2.0,1.5,1.5,0.0,0.0,1.0,0.5,,3.0,0.0,3.0
1.0,Rachel & Dave,TARUS20,10.0,9.0,3,6.0,4.0,6,5,4.0,4,4,3,2,,,,,,,,,,,,,213.0,5.0,5.0,42.0,1.0,4.0,1.0,0.0,60.0,18.0,1.0,70.0,0.85714,7.0,1.0,10.0,12.0,12.0,2.3094,2.25,0.0,0.0,0.0,0.0,4.0,10.0,2.0,8.0
2.0,Art & JJ,TARUS20,8.0,8.0,8,7.0,7.0,5,3,3.0,2,1,2,1,,,,,,,,,,,,,214.0,4.58,4.58333,94.0,2.0,4.0,1.0,1.0,55.0,34.0,2.0,70.0,0.78571,35.0,2.0,15.0,12.0,12.0,2.75252,5.25,2.0,0.16667,2.0,0.16667,8.0,8.0,1.0,7.0
3.0,Brendon & Rachel,TARUS20,9.0,6.0,7,2.0,3.0,3,2,2.0,3,3,1,0,,,,,,,,,,,,,215.0,3.42,3.41667,346.0,3.0,3.0,4.0,-1.0,41.0,171.0,3.0,70.0,0.58571,239.0,3.0,29.0,12.0,12.0,2.49861,1.75,1.0,0.08333,2.0,0.16667,3.0,9.0,0.0,9.0
4.0,Vanessa & Ralph,TARUS20,6.0,3.0,1,4.0,5.0,1,1,1.0,1,2,0,,,,,,,,,,,,,,216.0,2.27,2.27273,638.0,8.0,1.0,9.0,-5.0,25.0,414.0,5.0,68.0,0.36765,571.0,7.0,43.0,11.0,11.0,1.86308,2.5,5.0,0.45455,6.0,0.54545,1.0,6.0,0.0,6.0
5.0,Bopper & Mark,TARUS20,2.0,7.0,5,0.0,2.0,4,4,5.0,0,0,,,,,,,,,,,,,,,217.0,2.9,2.9,493.0,5.0,3.0,4.0,1.0,29.0,359.0,4.0,65.0,0.44615,459.0,4.0,36.0,10.0,10.0,2.34307,4.25,0.0,0.0,3.0,0.3,0.0,7.0,0.0,7.0
6.0,Nary & Jamie,TARUS20,7.0,4.0,4,3.0,1.0,2,0,0.0,,,,,,,,,,,,,,,,,218.0,2.63,2.625,563.0,6.0,2.5,6.0,0.0,21.0,491.0,6.0,57.0,0.36842,566.0,6.0,36.0,8.0,8.0,2.23257,3.25,1.0,0.125,3.0,0.375,4.0,7.0,0.0,7.0
7.0,Joey & Danny,TARUS20,1.0,2.0,6,5.0,6.0,0,,,,,,,,,,,,,,,,,,,219.0,3.33,3.33333,364.0,4.0,3.5,3.0,4.0,20.0,507.0,7.0,47.0,0.42553,491.0,5.0,27.0,6.0,6.0,2.4267,4.5,1.0,0.16667,2.0,0.33333,6.0,6.0,0.0,6.0
8.0,Kerri & Stacy,TARUS20,4.0,5.0,2,1.0,0.0,,,,,,,,,,,,,,,,,,,,220.0,2.4,2.4,609.0,7.0,2.0,7.0,1.0,12.0,636.0,8.0,41.0,0.29268,671.0,8.0,29.0,5.0,5.0,1.85472,3.0,1.0,0.2,2.0,0.4,,5.0,0.0,5.0
9.0,Elliot & Andrew,TARUS20,5.0,1.0,0,,,,,,,,,,,,,,,,,,,,,,221.0,2.0,2.0,677.0,9.0,1.0,9.0,0.0,6.0,727.0,9.0,27.0,0.22222,725.0,9.0,21.0,3.0,3.0,2.16025,2.5,1.0,0.33333,2.0,0.66667,,5.0,0.0,5.0
10.0,Dave & Cherie,TARUS20,3.0,0.0,,,,,,,,,,,,,,,,,,,,,,,222.0,1.5,1.5,746.0,10.0,1.5,8.0,2.0,3.0,765.0,10.0,19.0,0.15789,762.0,10.0,16.0,2.0,2.0,1.5,1.5,0.0,0.0,1.0,0.5,,3.0,0.0,3.0
11.0,Misa & Maiya,TARUS20,0.0,,,,,,,,,,,,,,,,,,,,,,,,223.0,0.0,0.0,828.0,11.0,0.0,11.0,0.0,0.0,828.0,11.0,10.0,0.0,828.0,11.0,10.0,1.0,1.0,0.0,0.0,0.0,0.0,1.0,1.0,,0.0,0.0,0.0
1.0,Josh & Brent,TARUS21,4.0,5.0,4,4.0,0.0,1,1,1.0,1,1,1,2,,,,,,,,,,,,,224.0,2.08,2.08333,674.0,9.0,1.0,9.0,-8.0,25.0,414.0,6.0,68.0,0.36765,571.0,8.0,43.0,12.0,12.0,1.60511,3.0,6.0,0.5,7.0,0.58333,1.0,5.0,0.0,5.0
2.0,Jaymes & James,TARUS21,1.0,7.0,6,2.0,1.0,2,4,5.0,3,2,3,1,,,,,,,,,,,,,225.0,3.08,3.08333,438.0,7.0,2.5,6.0,-4.0,37.0,224.0,4.0,68.0,0.54412,300.0,5.0,31.0,12.0,12.0,1.9347,2.5,3.0,0.25,3.0,0.25,1.0,7.0,1.0,6.0
3.0,Trey & Lexi,TARUS21,2.0,8.0,7,1.0,2.0,6,5,4.0,2,3,2,0,,,,,,,,,,,,,226.0,3.5,3.5,329.0,6.0,2.5,6.0,-3.0,42.0,159.0,2.0,68.0,0.61765,201.0,3.0,26.0,12.0,12.0,2.39792,3.25,1.0,0.08333,2.0,0.16667,2.0,8.0,0.0,8.0
4.0,Natalie & Nadiya,TARUS21,7.0,9.0,3,5.0,4.0,3,3,3.0,4,0,0,,,,,,,,,,,,,,227.0,3.73,3.72727,284.0,4.0,3.0,4.0,0.0,41.0,171.0,3.0,66.0,0.62121,198.0,2.0,25.0,11.0,11.0,2.5259,1.5,0.0,0.0,2.0,0.18182,3.0,9.0,0.0,9.0
5.0,Abbie & Ryan,TARUS21,10.0,6.0,8,6.0,5.0,5,2,2.0,0,,,,,,,,,,,,,,,,228.0,4.89,4.88889,59.0,1.0,5.0,1.0,4.0,44.0,138.0,1.0,60.0,0.73333,72.0,1.0,16.0,9.0,9.0,2.96065,4.0,0.0,0.0,1.0,0.11111,6.0,10.0,0.0,10.0
6.0,James & Abba,TARUS21,5.0,4.0,5,7.0,6.0,4,0,0.0,,,,,,,,,,,,,,,,,229.0,3.88,3.875,244.0,3.0,4.5,2.0,4.0,31.0,325.0,5.0,56.0,0.55357,292.0,4.0,25.0,8.0,8.0,2.42061,2.25,0.0,0.0,2.0,0.25,5.0,7.0,0.0,7.0
7.0,Rob & Kelley,TARUS21,6.0,2.0,2,3.0,3.0,0,,,,,,,,,,,,,,,,,,,230.0,2.67,2.66667,546.0,8.0,2.5,6.0,1.0,16.0,575.0,7.0,46.0,0.34783,602.0,9.0,30.0,6.0,6.0,1.79505,1.0,0.0,0.0,1.0,0.16667,2.0,6.0,0.0,6.0
8.0,Gary & Will,TARUS21,3.0,1.0,1,0.0,,,,,,,,,,,,,,,,,,,,,231.0,1.25,1.25,769.0,10.0,1.0,9.0,-1.0,5.0,741.0,10.0,34.0,0.14706,770.0,10.0,29.0,4.0,4.0,1.08972,0.75,2.0,0.5,3.0,0.75,1.0,3.0,0.0,3.0
9.0,Caitlin & Brittany,TARUS21,8.0,3.0,0,,,,,,,,,,,,,,,,,,,,,,232.0,3.67,3.66667,291.0,5.0,3.0,4.0,5.0,11.0,655.0,8.0,27.0,0.40741,515.0,7.0,16.0,3.0,3.0,3.29983,4.0,0.0,0.0,1.0,0.33333,,8.0,0.0,8.0
10.0,Amy & Daniel,TARUS21,9.0,0.0,,,,,,,,,,,,,,,,,,,,,,,233.0,4.5,4.5,103.0,2.0,4.5,2.0,8.0,9.0,684.0,9.0,19.0,0.47368,419.0,6.0,10.0,2.0,2.0,4.5,4.5,0.0,0.0,1.0,0.5,,9.0,0.0,9.0
11.0,Rob & Sheila,TARUS21,0.0,,,,,,,,,,,,,,,,,,,,,,,,234.0,0.0,0.0,828.0,11.0,0.0,11.0,0.0,0.0,828.0,11.0,10.0,0.0,828.0,11.0,10.0,1.0,1.0,0.0,0.0,0.0,0.0,1.0,1.0,,0.0,0.0,0.0
1.0,Bates & Anthony,TARUS22,9.0,9.0,6,2.0,4.0,6,6,5.0,1,3,2,2,,,,,,,,,,,,,235.0,4.58,4.58333,94.0,3.0,4.5,4.0,-3.0,55.0,34.0,1.0,72.0,0.76389,45.0,1.0,17.0,12.0,12.0,2.59674,4.0,1.0,0.08333,1.0,0.08333,6.0,9.0,1.0,8.0
2.0,Max & Katie,TARUS22,2.0,2.0,1,6.0,6.0,0,1,3.0,4,4,3,1,,,,,,,,,,,,,236.0,2.75,2.75,524.0,6.0,2.5,6.0,-4.0,33.0,280.0,2.0,72.0,0.45833,439.0,5.0,39.0,12.0,12.0,1.87639,3.0,3.0,0.25,4.0,0.33333,1.0,6.0,0.0,6.0
3.0,Mona & Beth,TARUS22,6.0,4.0,2,3.0,5.0,1,5,4.0,0,1,1,0,,,,,,,,,,,,,237.0,2.67,2.66667,546.0,7.0,2.5,6.0,-3.0,32.0,301.0,3.0,72.0,0.44444,462.0,7.0,40.0,12.0,12.0,2.01384,3.25,3.0,0.25,5.0,0.41667,1.0,6.0,0.0,6.0
4.0,Caroline & Jennifer,TARUS22,1.0,3.0,3,5.0,3.0,2,4,2.0,2,2,0,,,,,,,,,,,,,,238.0,2.45,2.45455,598.0,8.0,2.0,8.0,-4.0,27.0,386.0,7.0,70.0,0.38571,550.0,8.0,43.0,11.0,11.0,1.30479,1.0,1.0,0.09091,2.0,0.18182,2.0,5.0,0.0,5.0
5.0,Joey & Meghan,TARUS22,5.0,6.0,4,4.0,2.0,3,2,1.0,3,0,,,,,,,,,,,,,,,239.0,3.0,3.0,444.0,5.0,3.0,5.0,0.0,30.0,344.0,6.0,67.0,0.44776,453.0,6.0,37.0,10.0,10.0,1.73205,2.0,1.0,0.1,2.0,0.2,4.0,6.0,0.0,6.0
6.0,Chuck & Wynona,TARUS22,4.0,5.0,0,1.0,1.0,4,3,0.0,,,,,,,,,,,,,,,,,240.0,2.25,2.25,641.0,9.0,2.0,8.0,-2.0,18.0,544.0,9.0,59.0,0.30508,652.0,9.0,41.0,8.0,8.0,1.85405,3.25,2.0,0.25,4.0,0.5,4.0,5.0,0.0,5.0
7.0,Pam & Winnie,TARUS22,7.0,1.0,5,7.0,7.0,5,0,,,,,,,,,,,,,,,,,,241.0,4.57,4.57143,96.0,4.0,5.0,3.0,4.0,32.0,301.0,3.0,54.0,0.59259,228.0,4.0,22.0,7.0,7.0,2.71804,4.0,1.0,0.14286,2.0,0.28571,7.0,7.0,0.0,7.0
8.0,Dave & Connor,TARUS22,8.0,8.0,8,8.0,0.0,,,,,,,,,,,,,,,,,,,,242.0,6.4,6.4,3.0,1.0,8.0,1.0,7.0,32.0,301.0,3.0,42.0,0.7619,47.0,2.0,10.0,5.0,5.0,3.2,0.0,0.0,0.0,1.0,0.2,8.0,8.0,0.0,8.0
9.0,Jessica & John,TARUS22,10.0,7.0,7,0.0,,,,,,,,,,,,,,,,,,,,,243.0,6.0,6.0,7.0,2.0,7.0,2.0,7.0,24.0,429.0,8.0,35.0,0.68571,117.0,3.0,11.0,4.0,4.0,3.67423,2.5,0.0,0.0,1.0,0.25,7.0,10.0,0.0,10.0
10.0,Idries & Jamil,TARUS22,3.0,0.0,,,,,,,,,,,,,,,,,,,,,,,244.0,1.5,1.5,746.0,10.0,1.5,10.0,0.0,3.0,765.0,10.0,19.0,0.15789,762.0,10.0,16.0,2.0,2.0,1.5,1.5,0.0,0.0,1.0,0.5,,3.0,0.0,3.0
11.0,Matt & Daniel,TARUS22,0.0,,,,,,,,,,,,,,,,,,,,,,,,245.0,0.0,0.0,828.0,11.0,0.0,11.0,0.0,0.0,828.0,11.0,10.0,0.0,828.0,11.0,10.0,1.0,1.0,0.0,0.0,0.0,0.0,1.0,1.0,,0.0,0.0,0.0
1.0,Jason & Amy,TARUS23,3.0,5.0,7,6.0,6.0,2,4,4.0,2,3,2,2,,,,,,,,,,,,,246.0,3.83,3.83333,250.0,4.0,3.5,6.0,-5.0,46.0,115.0,2.0,69.0,0.66667,133.0,2.0,23.0,12.0,12.0,1.72401,3.25,0.0,0.0,0.0,0.0,2.0,7.0,2.0,5.0
2.0,Tim & Marie,TARUS23,10.0,2.0,1,3.0,7.0,3,2,3.0,3,2,3,1,,,,,,,,,,,,,247.0,3.33,3.33333,364.0,6.0,3.0,7.0,-5.0,40.0,186.0,3.0,69.0,0.57971,246.0,4.0,29.0,12.0,12.0,2.49444,1.0,2.0,0.16667,2.0,0.16667,3.0,10.0,1.0,9.0
3.0,Nicole & Travis,TARUS23,9.0,6.0,8,5.0,5.0,6,3,5.0,1,1,1,0,,,,,,,,,,,,,248.0,4.17,4.16667,168.0,2.0,5.0,2.0,1.0,50.0,71.0,1.0,69.0,0.72464,79.0,1.0,19.0,12.0,12.0,2.82351,5.0,3.0,0.25,4.0,0.33333,5.0,9.0,0.0,9.0
4.0,Leo & Jamal,TARUS23,4.0,8.0,3,4.0,2.0,4,5,2.0,4,0,0,,,,,,,,,,,,,,249.0,3.27,3.27273,383.0,7.0,4.0,3.0,1.0,36.0,240.0,4.0,67.0,0.53731,314.0,5.0,31.0,11.0,11.0,2.17803,2.0,0.0,0.0,2.0,0.18182,4.0,8.0,0.0,8.0
5.0,Ally & Ashley,TARUS23,5.0,3.0,2,1.0,1.0,1,1,1.0,0,,,,,,,,,,,,,,,,250.0,1.67,1.66667,739.0,10.0,1.0,10.0,-5.0,15.0,595.0,9.0,61.0,0.2459,712.0,10.0,46.0,9.0,9.0,1.41421,1.0,5.0,0.55556,6.0,0.66667,1.0,5.0,0.0,5.0
6.0,Nicky & Kim,TARUS23,6.0,1.0,6,0.0,4.0,5,0,0.0,,,,,,,,,,,,,,,,,251.0,2.75,2.75,524.0,8.0,2.5,8.0,-2.0,22.0,467.0,5.0,57.0,0.38596,548.0,8.0,35.0,8.0,8.0,2.58602,5.25,1.0,0.125,4.0,0.5,0.0,6.0,0.0,6.0
7.0,Tim & Danny,TARUS23,2.0,4.0,5,2.0,3.0,0,,,,,,,,,,,,,,,,,,,252.0,2.67,2.66667,546.0,9.0,2.5,8.0,-1.0,16.0,575.0,7.0,47.0,0.34043,610.0,9.0,31.0,6.0,6.0,1.59861,1.75,0.0,0.0,1.0,0.16667,2.0,5.0,0.0,5.0
8.0,Brandon & Adam,TARUS23,1.0,7.0,4,7.0,0.0,,,,,,,,,,,,,,,,,,,,253.0,3.8,3.8,267.0,5.0,4.0,3.0,5.0,19.0,526.0,6.0,41.0,0.46341,435.0,6.0,22.0,5.0,5.0,2.92575,6.0,1.0,0.2,2.0,0.4,7.0,7.0,0.0,7.0
9.0,Chester & Ephraim,TARUS23,7.0,9.0,0,,,,,,,,,,,,,,,,,,,,,,254.0,5.33,5.33333,28.0,1.0,7.0,1.0,8.0,16.0,575.0,7.0,27.0,0.59259,228.0,3.0,11.0,3.0,3.0,3.85861,4.5,0.0,0.0,1.0,0.33333,,9.0,0.0,9.0
10.0,Rowan & Shane,TARUS23,8.0,0.0,,,,,,,,,,,,,,,,,,,,,,,255.0,4.0,4.0,193.0,3.0,4.0,3.0,7.0,8.0,697.0,10.0,19.0,0.42105,497.0,7.0,11.0,2.0,2.0,4.0,4.0,0.0,0.0,1.0,0.5,,8.0,0.0,8.0
11.0,Hoskote & Naina,TARUS23,0.0,,,,,,,,,,,,,,,,,,,,,,,,256.0,0.0,0.0,828.0,11.0,0.0,11.0,0.0,0.0,828.0,11.0,10.0,0.0,828.0,11.0,10.0,1.0,1.0,0.0,0.0,0.0,0.0,1.0,1.0,,0.0,0.0,0.0
1.0,Dave & Connor,TARUS24,8.0,6.0,8,6.0,7.0,3,4,2.0,4,4,3,2,,,,,,,,,,,,,257.0,4.75,4.75,74.0,2.0,4.0,3.0,-2.0,57.0,29.0,1.0,71.0,0.80282,22.0,1.0,14.0,12.0,12.0,2.08666,3.25,0.0,0.0,0.0,0.0,4.0,8.0,2.0,6.0
2.0,Caroline & Jennifer,TARUS24,2.0,7.0,3,4.0,6.0,0,5,1.0,0,1,2,1,,,,,,,,,,,,,258.0,2.67,2.66667,546.0,6.0,2.0,7.0,-5.0,32.0,301.0,5.0,71.0,0.4507,450.0,6.0,39.0,12.0,12.0,2.24846,3.25,3.0,0.25,5.0,0.41667,1.0,7.0,0.0,7.0
3.0,Brendon & Rachel,TARUS24,9.0,9.0,1,0.0,1.0,2,6,5.0,1,3,1,0,,,,,,,,,,,,,259.0,3.17,3.16667,409.0,5.0,1.5,9.0,-6.0,38.0,212.0,4.0,71.0,0.53521,318.0,4.0,33.0,12.0,12.0,3.15788,4.25,4.0,0.33333,6.0,0.5,1.0,9.0,0.0,9.0
4.0,Leo & Jamal,TARUS24,6.0,3.0,6,5.0,4.0,6,2,3.0,2,2,0,,,,,,,,,,,,,,260.0,3.55,3.54545,320.0,4.0,3.0,4.0,0.0,39.0,201.0,3.0,69.0,0.56522,274.0,3.0,30.0,11.0,11.0,1.92418,3.5,0.0,0.0,1.0,0.09091,6.0,6.0,0.0,6.0
5.0,Jet & Cord,TARUS24,10.0,4.0,7,7.0,5.0,5,3,4.0,3,0,,,,,,,,,,,,,,,261.0,4.8,4.8,67.0,1.0,4.5,2.0,3.0,48.0,93.0,2.0,66.0,0.72727,77.0,2.0,18.0,10.0,10.0,2.6,3.25,0.0,0.0,1.0,0.1,4.0,10.0,0.0,10.0
6.0,Flight Time & Big Easy,TARUS24,4.0,5.0,4,2.0,2.0,1,1,0.0,,,,,,,,,,,,,,,,,262.0,2.38,2.375,617.0,9.0,2.0,7.0,-1.0,19.0,526.0,7.0,58.0,0.32759,623.0,7.0,39.0,8.0,8.0,1.65359,3.0,2.0,0.25,3.0,0.375,4.0,5.0,0.0,5.0
7.0,Jessica & John,TARUS24,3.0,2.0,2,3.0,3.0,4,0,,,,,,,,,,,,,,,,,,263.0,2.43,2.42857,605.0,8.0,3.0,4.0,3.0,17.0,559.0,8.0,53.0,0.32075,632.0,8.0,36.0,7.0,7.0,1.17803,1.0,0.0,0.0,1.0,0.14286,3.0,4.0,0.0,4.0
8.0,Margie & Luke,TARUS24,7.0,8.0,5,1.0,0.0,,,,,,,,,,,,,,,,,,,,264.0,4.2,4.2,164.0,3.0,5.0,1.0,7.0,21.0,491.0,6.0,41.0,0.5122,351.0,5.0,20.0,5.0,5.0,3.18748,6.0,1.0,0.2,2.0,0.4,,8.0,0.0,8.0
9.0,Joey & Meghan,TARUS24,1.0,1.0,0,,,,,,,,,,,,,,,,,,,,,,265.0,0.67,0.66667,802.0,10.0,1.0,10.0,-1.0,2.0,785.0,10.0,27.0,0.07407,804.0,10.0,25.0,3.0,3.0,0.4714,0.5,2.0,0.66667,3.0,1.0,1.0,1.0,0.0,1.0
10.0,Mark & Mallory,TARUS24,5.0,0.0,,,,,,,,,,,,,,,,,,,,,,,266.0,2.5,2.5,580.0,7.0,2.5,6.0,4.0,5.0,741.0,9.0,19.0,0.26316,698.0,9.0,14.0,2.0,2.0,2.5,2.5,0.0,0.0,1.0,0.5,,5.0,0.0,5.0
11.0,Natalie & Nadiya,TARUS24,0.0,,,,,,,,,,,,,,,,,,,,,,,,267.0,0.0,0.0,828.0,11.0,0.0,11.0,0.0,0.0,828.0,11.0,10.0,0.0,828.0,11.0,10.0,1.0,1.0,0.0,0.0,0.0,0.0,1.0,1.0,,0.0,0.0,0.0
1.0,Amy & Maya,TARUS25,5.0,2.0,4,4.0,1.0,1,3,2.0,1,2,0,3,,,,,,,,,,,,,268.0,2.33,2.33333,620.0,8.0,2.0,8.0,-7.0,28.0,372.0,5.0,70.0,0.4,527.0,7.0,42.0,12.0,12.0,1.43372,2.25,3.0,0.25,4.0,0.33333,2.0,5.0,0.0,5.0
2.0,Misti & Jim,TARUS25,10.0,8.0,8,0.0,2.0,6,5,4.0,2,3,1,2,,,,,,,,,,,,,269.0,4.25,4.25,145.0,2.0,3.5,4.0,-2.0,51.0,62.0,1.0,70.0,0.72857,76.0,1.0,19.0,12.0,12.0,3.03109,4.5,1.0,0.08333,2.0,0.16667,2.0,10.0,0.0,10.0
3.0,Adam & Bethany,TARUS25,6.0,9.0,7,1.0,6.0,5,1,5.0,4,1,2,1,,,,,,,,,,,,,270.0,4.0,4.0,193.0,3.0,4.5,2.0,1.0,48.0,93.0,2.0,70.0,0.68571,117.0,3.0,22.0,12.0,12.0,2.64575,5.0,4.0,0.33333,4.0,0.33333,1.0,9.0,1.0,8.0
4.0,Brooke & Robbie,TARUS25,7.0,3.0,3,6.0,3.0,2,2,1.0,3,0,3,0,,,,,,,,,,,,,271.0,2.75,2.75,524.0,6.0,3.0,5.0,-1.0,33.0,280.0,4.0,70.0,0.47143,423.0,4.0,37.0,12.0,12.0,2.0052,1.25,1.0,0.08333,3.0,0.25,3.0,7.0,0.0,7.0
5.0,Kym & Alli,TARUS25,8.0,7.0,2,7.0,7.0,4,4,3.0,0,,,,,,,,,,,,,,,,272.0,4.67,4.66667,87.0,1.0,4.0,3.0,2.0,42.0,159.0,3.0,61.0,0.68852,111.0,2.0,19.0,9.0,9.0,2.58199,4.0,0.0,0.0,1.0,0.11111,7.0,8.0,0.0,8.0
6.0,Tim & Te Jay,TARUS25,9.0,5.0,1,3.0,5.0,3,0,0.0,,,,,,,,,,,,,,,,,273.0,3.25,3.25,385.0,5.0,3.0,5.0,1.0,26.0,402.0,6.0,57.0,0.45614,443.0,6.0,31.0,8.0,8.0,2.86138,4.25,1.0,0.125,3.0,0.375,5.0,9.0,0.0,9.0
7.0,Shelley & Nici,TARUS25,3.0,1.0,5,2.0,4.0,0,,,,,,,,,,,,,,,,,,,274.0,2.5,2.5,580.0,7.0,2.5,7.0,0.0,15.0,595.0,8.0,47.0,0.31915,635.0,8.0,32.0,6.0,6.0,1.70783,2.5,1.0,0.16667,2.0,0.33333,,5.0,0.0,5.0
8.0,Keith & Whitney,TARUS25,2.0,6.0,6,5.0,0.0,,,,,,,,,,,,,,,,,,,,275.0,3.8,3.8,267.0,4.0,5.0,1.0,7.0,19.0,526.0,7.0,41.0,0.46341,435.0,5.0,22.0,5.0,5.0,2.4,4.0,0.0,0.0,1.0,0.2,6.0,6.0,0.0,6.0
9.0,Michael & Scott,TARUS25,1.0,4.0,0,,,,,,,,,,,,,,,,,,,,,,276.0,1.67,1.66667,739.0,10.0,1.0,10.0,-1.0,5.0,741.0,9.0,27.0,0.18519,751.0,10.0,22.0,3.0,3.0,1.69967,2.0,1.0,0.33333,2.0,0.66667,,4.0,0.0,4.0
10.0,Dennis & Isabelle,TARUS25,4.0,0.0,,,,,,,,,,,,,,,,,,,,,,,277.0,2.0,2.0,677.0,9.0,2.0,8.0,2.0,4.0,755.0,10.0,19.0,0.21053,733.0,9.0,15.0,2.0,2.0,2.0,2.0,0.0,0.0,1.0,0.5,,4.0,0.0,4.0
11.0,Lisa & Michelle,TARUS25,0.0,,,,,,,,,,,,,,,,,,,,,,,,278.0,0.0,0.0,828.0,11.0,0.0,11.0,0.0,0.0,828.0,11.0,10.0,0.0,828.0,11.0,10.0,1.0,1.0,0.0,0.0,0.0,0.0,1.0,1.0,,0.0,0.0,0.0
1.0,Laura & Tyler,TARUS26,8.0,8.0,5,5.0,2.0,1,4,5.0,4,1,1,3,,,,,,,,,,,,,279.0,3.92,3.91667,236.0,3.0,4.0,3.0,-2.0,47.0,108.0,1.0,72.0,0.65278,153.0,1.0,25.0,12.0,12.0,2.36144,3.25,3.0,0.25,3.0,0.25,5.0,8.0,1.0,7.0
2.0,Jelani & Jenny,TARUS26,10.0,9.0,6,2.0,4.0,2,2,2.0,2,3,2,2,,,,,,,,,,,,,280.0,3.83,3.83333,250.0,4.0,2.0,8.0,-6.0,46.0,115.0,2.0,72.0,0.63889,172.0,2.0,26.0,12.0,12.0,2.79384,2.5,0.0,0.0,0.0,0.0,2.0,10.0,2.0,8.0
3.0,Hayley & Blair,TARUS26,3.0,1.0,7,7.0,3.0,6,3,3.0,3,4,3,1,,,,,,,,,,,,,281.0,3.67,3.66667,291.0,6.0,3.0,5.0,-2.0,44.0,138.0,3.0,72.0,0.61111,206.0,4.0,28.0,12.0,12.0,1.92931,1.5,2.0,0.16667,2.0,0.16667,3.0,7.0,1.0,6.0
4.0,Mike & Rochelle,TARUS26,4.0,2.0,8,3.0,1.0,4,1,1.0,1,2,0,0,,,,,,,,,,,,,282.0,2.25,2.25,641.0,9.0,1.5,9.0,-5.0,27.0,386.0,5.0,72.0,0.375,556.0,8.0,45.0,12.0,12.0,2.16506,2.25,4.0,0.33333,6.0,0.5,1.0,8.0,0.0,8.0
5.0,Matt & Ashley,TARUS26,2.0,3.0,3,1.0,6.0,3,5,4.0,0,0,,,,,,,,,,,,,,,283.0,2.7,2.7,541.0,8.0,3.0,5.0,0.0,27.0,386.0,5.0,66.0,0.40909,511.0,7.0,39.0,10.0,10.0,1.9,2.5,1.0,0.1,3.0,0.3,3.0,6.0,0.0,6.0
6.0,Aly & Steve,TARUS26,7.0,7.0,4,6.0,7.0,5,0,0.0,,,,,,,,,,,,,,,,,284.0,4.5,4.5,103.0,1.0,5.5,1.0,5.0,36.0,240.0,4.0,58.0,0.62069,199.0,3.0,22.0,8.0,8.0,2.78388,4.0,0.0,0.0,2.0,0.25,7.0,7.0,0.0,7.0
7.0,Jeff & Jackie,TARUS26,9.0,4.0,1,4.0,5.0,0,,,,,,,,,,,,,,,,,,,285.0,3.83,3.83333,250.0,4.0,4.0,3.0,4.0,23.0,450.0,7.0,48.0,0.47917,406.0,5.0,25.0,6.0,6.0,2.91071,3.0,1.0,0.16667,2.0,0.33333,4.0,9.0,0.0,9.0
8.0,Bergen & Kurt,TARUS26,5.0,5.0,2,8.0,0.0,,,,,,,,,,,,,,,,,,,,286.0,4.0,4.0,193.0,2.0,5.0,2.0,6.0,20.0,507.0,8.0,42.0,0.47619,416.0,6.0,22.0,5.0,5.0,2.75681,3.0,0.0,0.0,1.0,0.2,5.0,8.0,0.0,8.0
9.0,Harley & Jonathan,TARUS26,6.0,6.0,0,0.0,,,,,,,,,,,,,,,,,,,,,287.0,3.0,3.0,444.0,7.0,3.0,5.0,4.0,12.0,636.0,9.0,35.0,0.34286,607.0,9.0,23.0,4.0,4.0,3.0,6.0,0.0,0.0,2.0,0.5,6.0,6.0,0.0,6.0
10.0,Libby & CJ,TARUS26,1.0,0.0,,,,,,,,,,,,,,,,,,,,,,,288.0,0.5,0.5,807.0,10.0,0.5,10.0,0.0,1.0,805.0,10.0,19.0,0.05263,812.0,10.0,18.0,2.0,2.0,0.5,0.5,1.0,0.5,2.0,1.0,,1.0,0.0,1.0
11.0,Jeff & Lyda,TARUS26,0.0,,,,,,,,,,,,,,,,,,,,,,,,289.0,0.0,0.0,828.0,11.0,0.0,11.0,0.0,0.0,828.0,11.0,10.0,0.0,828.0,11.0,10.0,1.0,1.0,0.0,0.0,0.0,0.0,1.0,1.0,,0.0,0.0,0.0
1.0,Kelsey & Joey,TARUS27,3.0,3.0,6,4.0,4.0,4,5,4.0,4,3,2,2,,,,,,,,,,,,,290.0,3.67,3.66667,291.0,3.0,4.0,3.0,-2.0,44.0,138.0,2.0,72.0,0.61111,206.0,3.0,28.0,12.0,12.0,1.10554,1.0,0.0,0.0,0.0,0.0,4.0,6.0,2.0,4.0
2.0,Justin & Diana,TARUS27,2.0,9.0,7,7.0,6.0,6,6,5.0,5,4,1,1,,,,,,,,,,,,,291.0,4.92,4.91667,58.0,1.0,5.5,1.0,1.0,59.0,21.0,1.0,72.0,0.81944,15.0,1.0,13.0,12.0,12.0,2.39647,2.75,2.0,0.16667,2.0,0.16667,6.0,9.0,1.0,8.0
3.0,Logan & Chris,TARUS27,6.0,6.0,4,2.0,2.0,1,2,2.0,3,1,3,0,,,,,,,,,,,,,292.0,2.67,2.66667,546.0,7.0,2.0,6.0,-3.0,32.0,301.0,5.0,72.0,0.44444,462.0,5.0,40.0,12.0,12.0,1.79505,1.5,2.0,0.16667,3.0,0.25,2.0,6.0,0.0,6.0
4.0,Tiffany & Krista,TARUS27,1.0,4.0,1,0.0,3.0,5,4,1.0,2,2,0,,,,,,,,,,,,,,293.0,2.09,2.09091,672.0,9.0,2.0,6.0,-2.0,23.0,450.0,6.0,70.0,0.32857,619.0,8.0,47.0,11.0,11.0,1.62114,2.5,3.0,0.27273,5.0,0.45455,1.0,5.0,0.0,5.0
5.0,Denise & James Earl,TARUS27,7.0,7.0,3,5.0,7.0,0,1,3.0,1,0,,,,,,,,,,,,,,,294.0,3.4,3.4,351.0,4.0,3.0,4.0,1.0,34.0,261.0,4.0,67.0,0.50746,363.0,4.0,33.0,10.0,10.0,2.76405,5.5,2.0,0.2,4.0,0.4,7.0,7.0,0.0,7.0
6.0,Tanner & Josh,TARUS27,10.0,8.0,8,6.0,5.0,3,3,0.0,0,,,,,,,,,,,,,,,,295.0,4.78,4.77778,70.0,2.0,5.0,2.0,4.0,43.0,152.0,3.0,63.0,0.68254,121.0,2.0,20.0,9.0,9.0,3.35916,5.0,0.0,0.0,2.0,0.22222,8.0,10.0,0.0,10.0
7.0,Cindy & Rick,TARUS27,8.0,5.0,2,3.0,1.0,2,0,,,,,,,,,,,,,,,,,,296.0,3.0,3.0,444.0,6.0,2.0,6.0,1.0,21.0,491.0,7.0,53.0,0.39623,535.0,7.0,32.0,7.0,7.0,2.50713,2.5,1.0,0.14286,2.0,0.28571,2.0,8.0,0.0,8.0
8.0,Jazmine & Danielle,TARUS27,9.0,2.0,5,1.0,0.0,,,,,,,,,,,,,,,,,,,,297.0,3.4,3.4,351.0,4.0,2.0,6.0,2.0,17.0,559.0,8.0,41.0,0.41463,506.0,6.0,24.0,5.0,5.0,3.2619,4.0,1.0,0.2,2.0,0.4,,9.0,0.0,9.0
9.0,Ernest & Jin,TARUS27,4.0,1.0,0,,,,,,,,,,,,,,,,,,,,,,298.0,1.67,1.66667,739.0,10.0,1.0,10.0,-1.0,5.0,741.0,9.0,27.0,0.18519,751.0,10.0,22.0,3.0,3.0,1.69967,2.0,1.0,0.33333,2.0,0.66667,,4.0,0.0,4.0
10.0,Alex & Adam,TARUS27,5.0,0.0,,,,,,,,,,,,,,,,,,,,,,,299.0,2.5,2.5,580.0,8.0,2.5,5.0,5.0,5.0,741.0,9.0,19.0,0.26316,698.0,9.0,14.0,2.0,2.0,2.5,2.5,0.0,0.0,1.0,0.5,,5.0,0.0,5.0
11.0,Kelly & Shevonne,TARUS27,0.0,,,,,,,,,,,,,,,,,,,,,,,,300.0,0.0,0.0,828.0,11.0,0.0,11.0,0.0,0.0,828.0,11.0,10.0,0.0,828.0,11.0,10.0,1.0,1.0,0.0,0.0,0.0,0.0,1.0,1.0,,0.0,0.0,0.0
1.0,Dana & Matt,TARUS28,10.0,7.0,6,6.0,5.0,3,3,1.0,2,2,2,2,,,,,,,,,,,,,301.0,4.08,4.08333,185.0,4.0,3.0,6.0,-5.0,49.0,85.0,3.0,75.0,0.65333,152.0,4.0,26.0,12.0,12.0,2.59674,4.0,1.0,0.08333,1.0,0.08333,2.0,10.0,1.0,9.0
2.0,Sheri & Cole,TARUS28,2.0,3.0,4,2.0,1.0,0,2,0.0,3,1,1,1,,,,,,,,,,,,,302.0,1.67,1.66667,739.0,9.0,1.5,9.0,-7.0,20.0,507.0,6.0,75.0,0.26667,692.0,9.0,55.0,12.0,12.0,1.17851,1.25,4.0,0.33333,6.0,0.5,1.0,4.0,0.0,4.0
3.0,Tyler & Korey,TARUS28,9.0,10.0,8,7.0,7.0,1,1,3.0,5,4,3,0,,,,,,,,,,,,,303.0,4.83,4.83333,64.0,2.0,4.5,3.0,0.0,58.0,24.0,1.0,75.0,0.77333,40.0,1.0,17.0,12.0,12.0,3.21023,4.75,2.0,0.16667,3.0,0.25,7.0,10.0,0.0,10.0
4.0,Burnie & Ashley,TARUS28,5.0,8.0,7,5.0,2.0,5,5,4.0,4,3,0,,,,,,,,,,,,,,304.0,4.36,4.36364,130.0,3.0,5.0,2.0,2.0,48.0,93.0,4.0,73.0,0.65753,148.0,3.0,25.0,11.0,11.0,2.10077,1.5,0.0,0.0,1.0,0.09091,5.0,8.0,0.0,8.0
5.0,Brodie & Kurt,TARUS28,6.0,9.0,9,8.0,6.0,6,4,5.0,1,0,,,,,,,,,,,,,,,305.0,5.4,5.4,24.0,1.0,6.0,1.0,4.0,54.0,39.0,2.0,70.0,0.77143,43.0,2.0,16.0,10.0,10.0,2.90517,3.25,1.0,0.1,2.0,0.2,6.0,9.0,0.0,9.0
6.0,Zach & Rachel,TARUS28,8.0,5.0,1,4.0,3.0,4,6,2.0,0,,,,,,,,,,,,,,,,306.0,3.67,3.66667,291.0,5.0,4.0,4.0,2.0,33.0,280.0,5.0,66.0,0.5,365.0,5.0,33.0,9.0,9.0,2.35702,3.0,1.0,0.11111,2.0,0.22222,4.0,8.0,0.0,8.0
7.0,Scott & Blair,TARUS28,0.0,2.0,2,1.0,4.0,2,0,,,,,,,,,,,,,,,,,,307.0,1.57,1.57143,742.0,10.0,2.0,8.0,-1.0,11.0,655.0,9.0,56.0,0.19643,745.0,10.0,45.0,7.0,7.0,1.29363,1.5,1.0,0.14286,3.0,0.42857,2.0,4.0,0.0,4.0
8.0,Erin & Joslyn,TARUS28,1.0,6.0,3,3.0,0.0,,,,,,,,,,,,,,,,,,,,308.0,2.6,2.6,566.0,8.0,3.0,6.0,2.0,13.0,624.0,7.0,44.0,0.29545,667.0,7.0,31.0,5.0,5.0,2.05913,2.0,1.0,0.2,2.0,0.4,3.0,6.0,0.0,6.0
9.0,Brittany & Jessica,TARUS28,4.0,4.0,5,0.0,,,,,,,,,,,,,,,,,,,,,309.0,3.25,3.25,385.0,6.0,4.0,4.0,5.0,13.0,624.0,7.0,37.0,0.35135,596.0,6.0,24.0,4.0,4.0,1.92029,1.25,0.0,0.0,1.0,0.25,4.0,5.0,0.0,5.0
10.0,Darius & Cameron,TARUS28,7.0,1.0,0,,,,,,,,,,,,,,,,,,,,,,310.0,2.67,2.66667,546.0,7.0,1.0,11.0,-1.0,8.0,697.0,10.0,29.0,0.27586,687.0,8.0,21.0,3.0,3.0,3.09121,3.5,1.0,0.33333,2.0,0.66667,,7.0,0.0,7.0
11.0,Marty & Hagan,TARUS28,3.0,0.0,,,,,,,,,,,,,,,,,,,,,,,311.0,1.5,1.5,746.0,11.0,1.5,9.0,2.0,3.0,765.0,11.0,20.0,0.15,768.0,11.0,17.0,2.0,2.0,1.5,1.5,0.0,0.0,1.0,0.5,,3.0,0.0,3.0
1.0,Brooke & Scott,TARUS29,7.0,4.0,3,1.0,1.0,2,2,3.0,1,3,3,2,,,,,,,,,,,,,312.0,2.67,2.66667,546.0,7.0,2.5,6.0,-5.0,32.0,301.0,4.0,69.0,0.46377,433.0,7.0,37.0,12.0,12.0,1.59861,1.25,3.0,0.25,3.0,0.25,3.0,7.0,1.0,6.0
2.0,Tara & Joey,TARUS29,5.0,3.0,7,7.0,6.0,4,3,5.0,0,2,1,1,,,,,,,,,,,,,313.0,3.67,3.66667,291.0,5.0,3.5,4.0,-2.0,44.0,138.0,2.0,69.0,0.63768,175.0,2.0,25.0,12.0,12.0,2.28522,3.5,2.0,0.16667,3.0,0.25,5.0,7.0,0.0,7.0
3.0,London & Logan,TARUS29,3.0,2.0,4,3.0,2.0,1,1,2.0,2,1,2,0,,,,,,,,,,,,,314.0,1.92,1.91667,708.0,9.0,2.0,7.0,-4.0,23.0,450.0,6.0,69.0,0.33333,613.0,8.0,46.0,12.0,12.0,1.03749,1.25,3.0,0.25,4.0,0.33333,2.0,4.0,0.0,4.0
4.0,Matt & Redmond,TARUS29,8.0,7.0,5,4.0,5.0,5,5,4.0,3,4,0,,,,,,,,,,,,,,315.0,4.55,4.54545,98.0,2.0,5.0,2.0,2.0,50.0,71.0,1.0,67.0,0.74627,60.0,1.0,17.0,11.0,11.0,1.97086,1.0,0.0,0.0,1.0,0.09091,5.0,8.0,0.0,8.0
5.0,Becca & Floyd,TARUS29,9.0,5.0,1,6.0,4.0,6,4,1.0,4,0,,,,,,,,,,,,,,,316.0,4.0,4.0,193.0,3.0,4.0,3.0,2.0,40.0,186.0,3.0,64.0,0.625,190.0,3.0,24.0,10.0,10.0,2.60768,4.0,2.0,0.2,3.0,0.3,4.0,9.0,0.0,9.0
6.0,Liz & Michael,TARUS29,1.0,9.0,8,5.0,0.0,3,0,0.0,,,,,,,,,,,,,,,,,317.0,3.25,3.25,385.0,6.0,2.0,7.0,-1.0,26.0,402.0,5.0,56.0,0.46429,432.0,6.0,30.0,8.0,8.0,3.45507,5.75,1.0,0.125,4.0,0.5,0.0,9.0,0.0,9.0
7.0,Vanck & Ashton,TARUS29,4.0,8.0,6,2.0,3.0,0,,,,,,,,,,,,,,,,,,,318.0,3.83,3.83333,250.0,4.0,3.5,4.0,3.0,23.0,450.0,6.0,46.0,0.5,365.0,5.0,23.0,6.0,6.0,2.60875,3.25,0.0,0.0,1.0,0.16667,,8.0,0.0,8.0
8.0,Shamir & Sara,TARUS29,6.0,1.0,2,0.0,,,,,,,,,,,,,,,,,,,,,319.0,2.25,2.25,641.0,8.0,1.5,9.0,-1.0,9.0,684.0,9.0,34.0,0.26471,696.0,9.0,25.0,4.0,4.0,2.27761,2.25,1.0,0.25,2.0,0.5,,6.0,0.0,6.0
9.0,Seth & Olive,TARUS29,10.0,6.0,0,,,,,,,,,,,,,,,,,,,,,,320.0,5.33,5.33333,28.0,1.0,6.0,1.0,8.0,16.0,575.0,8.0,27.0,0.59259,228.0,4.0,11.0,3.0,3.0,4.10961,5.0,0.0,0.0,1.0,0.33333,,10.0,0.0,10.0
10.0,Jessie & Francesca,TARUS29,2.0,0.0,,,,,,,,,,,,,,,,,,,,,,,321.0,1.0,1.0,776.0,10.0,1.0,10.0,0.0,2.0,785.0,10.0,19.0,0.10526,789.0,10.0,17.0,2.0,2.0,1.0,1.0,0.0,0.0,1.0,0.5,,2.0,0.0,2.0
11.0,Kevin & Jenn,TARUS29,0.0,,,,,,,,,,,,,,,,,,,,,,,,322.0,0.0,0.0,828.0,11.0,0.0,11.0,0.0,0.0,828.0,11.0,10.0,0.0,828.0,11.0,10.0,1.0,1.0,0.0,0.0,0.0,0.0,1.0,1.0,,0.0,0.0,0.0
1.0,Cody & Jessica,TARUS30,9.0,9.0,4,7.0,2.0,1,1*,1.0,1,2,2,2,,,,,,,,,,,,,323.0,3.64,3.63636,306.0,4.0,2.0,7.0,-6.0,40.0,186.0,3.0,65.0,0.61538,203.0,3.0,25.0,11.0,12.0,3.02333,4.0,3.0,0.27273,3.0,0.27273,2.0,9.0,1.0,8.0
2.0,Henry & Evan,TARUS30,8.0,2.0,8,3.0,4.0,4,3*,2.0,2,0,3,1,,,,,,,,,,,,,324.0,3.36,3.36364,358.0,5.0,3.0,4.0,-2.0,37.0,224.0,4.0,65.0,0.56923,270.0,4.0,28.0,11.0,12.0,2.45959,2.0,1.0,0.09091,2.0,0.18182,2.0,8.0,0.0,8.0
3.0,Kristi & Jen,TARUS30,10.0,7.0,6,6.0,6.0,6,1*,4.0,3,1,1,0,,,,,,,,,,,,,325.0,4.55,4.54545,98.0,1.0,6.0,1.0,2.0,50.0,71.0,1.0,65.0,0.76923,44.0,1.0,15.0,11.0,12.0,2.9034,4.0,2.0,0.18182,3.0,0.27273,6.0,10.0,0.0,10.0
4.0,Alex & Conor,TARUS30,6.0,5.0,7,8.0,3.0,3,5*,3.0,4,3,0,,,,,,,,,,,,,,326.0,4.2,4.2,164.0,2.0,3.5,3.0,1.0,42.0,159.0,2.0,63.0,0.66667,133.0,2.0,21.0,10.0,11.0,2.22711,2.75,0.0,0.0,1.0,0.1,3.0,8.0,0.0,8.0
5.0,Lucas & Brittany,TARUS30,4.0,4.0,1,1.0,7.0,2,5*,5.0,0,,,,,,,,,,,,,,,,327.0,3.0,3.0,444.0,7.0,3.0,4.0,1.0,24.0,429.0,5.0,57.0,0.42105,497.0,6.0,33.0,8.0,9.0,2.23607,3.25,2.0,0.25,3.0,0.375,4.0,7.0,0.0,7.0
6.0,Eric & Daniel,TARUS30,3.0,1.0,2,2.0,5.0,5,1*,0.0,,,,,,,,,,,,,,,,,328.0,2.57,2.57143,574.0,8.0,2.0,7.0,-1.0,18.0,544.0,7.0,53.0,0.33962,611.0,8.0,35.0,7.0,8.0,1.76126,2.5,1.0,0.14286,2.0,0.28571,2.0,5.0,0.0,5.0
7.0,Trevor & Chris,TARUS30,7.0,6.0,5,4.0,1.0,0,,,,,,,,,,,,,,,,,,,329.0,3.83,3.83333,250.0,3.0,4.5,2.0,5.0,23.0,450.0,6.0,48.0,0.47917,406.0,5.0,25.0,6.0,6.0,2.54406,4.0,1.0,0.16667,2.0,0.33333,,7.0,0.0,7.0
8.0,Joey & Tim,TARUS30,5.0,3.0,3,5.0,0.0,,,,,,,,,,,,,,,,,,,,330.0,3.2,3.2,398.0,6.0,3.0,4.0,4.0,16.0,575.0,8.0,42.0,0.38095,553.0,7.0,26.0,5.0,5.0,1.83303,2.0,0.0,0.0,1.0,0.2,5.0,5.0,0.0,5.0
9.0,Cedric & Shawn,TARUS30,2.0,8.0,0,0.0,,,,,,,,,,,,,,,,,,,,,331.0,2.5,2.5,580.0,9.0,1.0,9.0,0.0,10.0,670.0,9.0,35.0,0.28571,675.0,9.0,25.0,4.0,4.0,3.27872,3.5,0.0,0.0,2.0,0.5,0.0,8.0,0.0,8.0
10.0,April & Sarah,TARUS30,1.0,0.0,,,,,,,,,,,,,,,,,,,,,,,332.0,0.5,0.5,807.0,10.0,0.5,10.0,0.0,1.0,805.0,10.0,19.0,0.05263,812.0,10.0,18.0,2.0,2.0,0.5,0.5,1.0,0.5,2.0,1.0,,1.0,0.0,1.0
11.0,Dessie & Kayla,TARUS30,0.0,,,,,,,,,,,,,,,,,,,,,,,,333.0,0.0,0.0,828.0,11.0,0.0,11.0,0.0,0.0,828.0,11.0,10.0,0.0,828.0,11.0,10.0,1.0,1.0,0.0,0.0,0.0,0.0,1.0,1.0,,0.0,0.0,0.0
1.0,Colin & Christie,TARUS31,9.0,6.0,6,8.0,5.0,6,5,4.0,2,4,1,2,,,,,,,,,,,,,334.0,4.83,4.83333,64.0,1.0,5.0,1.0,0.0,58.0,24.0,1.0,75.0,0.77333,40.0,1.0,17.0,12.0,12.0,2.30338,2.5,1.0,0.08333,1.0,0.08333,6.0,9.0,1.0,8.0
2.0,Tyler & Korey,TARUS31,8.0,3.0,5,4.0,4.0,7,6,6.0,5,3,2,1,,,,,,,,,,,,,335.0,4.5,4.5,103.0,2.0,4.5,2.0,0.0,54.0,39.0,2.0,75.0,0.72,86.0,2.0,21.0,12.0,12.0,1.97906,3.0,1.0,0.08333,1.0,0.08333,3.0,8.0,1.0,7.0
3.0,Leo & Jamal,TARUS31,10.0,9.0,1,3.0,1.0,2,3,1.0,1,2,3,0,,,,,,,,,,,,,336.0,3.0,3.0,444.0,6.0,2.0,8.0,-5.0,36.0,240.0,5.0,75.0,0.48,403.0,5.0,39.0,12.0,12.0,3.05505,2.0,4.0,0.33333,5.0,0.41667,1.0,10.0,0.0,10.0
4.0,Nicole & Victor,TARUS31,5.0,8.0,7,7.0,3.0,5,0,2.0,4,1,0,,,,,,,,,,,,,,337.0,3.82,3.81818,263.0,4.0,4.0,3.0,1.0,42.0,159.0,3.0,73.0,0.57534,260.0,3.0,31.0,11.0,11.0,2.72424,4.5,1.0,0.09091,3.0,0.27273,5.0,8.0,0.0,8.0
5.0,Becca & Floyd,TARUS31,6.0,1.0,8,5.0,7.0,3,4,3.0,3,0,,,,,,,,,,,,,,,338.0,4.0,4.0,193.0,3.0,3.5,5.0,0.0,40.0,186.0,4.0,70.0,0.57143,264.0,4.0,30.0,10.0,10.0,2.40832,2.75,1.0,0.1,2.0,0.2,3.0,8.0,0.0,8.0
6.0,Chris & Bret,TARUS31,4.0,2.0,0,6.0,6.0,4,1,5.0,0,,,,,,,,,,,,,,,,339.0,3.11,3.11111,423.0,5.0,4.0,3.0,3.0,28.0,372.0,6.0,66.0,0.42424,492.0,6.0,38.0,9.0,9.0,2.28252,4.0,1.0,0.11111,3.0,0.33333,4.0,6.0,0.0,6.0
7.0,Rachel & Elissa,TARUS31,7.0,7.0,2,1.0,0.0,1,2,0.0,,,,,,,,,,,,,,,,,340.0,2.5,2.5,580.0,7.0,1.5,9.0,-2.0,20.0,507.0,7.0,61.0,0.32787,621.0,7.0,41.0,8.0,8.0,2.69258,2.5,2.0,0.25,4.0,0.5,7.0,7.0,0.0,7.0
8.0,Janelle & Britney,TARUS31,3.0,5.0,3,2.0,2.0,0,,,,,,,,,,,,,,,,,,,341.0,2.5,2.5,580.0,7.0,2.5,7.0,1.0,15.0,595.0,8.0,49.0,0.30612,649.0,8.0,34.0,6.0,6.0,1.5,1.0,0.0,0.0,1.0,0.16667,3.0,5.0,0.0,5.0
9.0,Corinne & Eliza,TARUS31,2.0,4.0,4,0.0,,,,,,,,,,,,,,,,,,,,,342.0,2.5,2.5,580.0,7.0,3.0,6.0,3.0,10.0,670.0,9.0,35.0,0.28571,675.0,9.0,25.0,4.0,4.0,1.65831,2.5,0.0,0.0,1.0,0.25,4.0,4.0,0.0,4.0
10.0,Rupert & Laura,TARUS31,1.0,0.0,,,,,,,,,,,,,,,,,,,,,,,343.0,0.5,0.5,807.0,10.0,0.5,10.0,0.0,1.0,805.0,10.0,19.0,0.05263,812.0,10.0,18.0,2.0,2.0,0.5,0.5,1.0,0.5,2.0,1.0,,1.0,0.0,1.0
11.0,Art & JJ,TARUS31,0.0,,,,,,,,,,,,,,,,,,,,,,,,344.0,0.0,0.0,828.0,11.0,0.0,11.0,0.0,0.0,828.0,11.0,10.0,0.0,828.0,11.0,10.0,1.0,1.0,0.0,0.0,0.0,0.0,1.0,1.0,,0.0,0.0,0.0
1.0,Will & James,TARUS32,7.0,4.0,8,7.0,4.0,3,6,3.0,4,3,2,2,,,,,,,,,,,,,345.0,4.42,4.41667,122.0,2.0,4.0,3.0,-2.0,53.0,39.0,2.0,72.0,0.73611,70.0,2.0,19.0,12.0,12.0,1.9773,3.25,0.0,0.0,0.0,0.0,4.0,8.0,2.0,6.0
2.0,Hung & Chee,TARUS32,10.0,9.0,7,2.0,6.0,4,4,2.0,2,2,1,1,,,,,,,,,,,,,346.0,4.17,4.16667,168.0,4.0,3.0,4.0,-2.0,50.0,71.0,3.0,72.0,0.69444,104.0,3.0,22.0,12.0,12.0,2.99537,4.25,2.0,0.16667,2.0,0.16667,2.0,10.0,1.0,9.0
3.0,Riley & Maddison,TARUS32,8.0,7.0,5,4.0,7.0,5,5,5.0,5,4,3,0,,,,,,,,,,,,,347.0,4.83,4.83333,64.0,1.0,5.0,1.0,2.0,58.0,24.0,1.0,72.0,0.80556,19.0,1.0,14.0,12.0,12.0,1.99304,1.5,0.0,0.0,1.0,0.08333,5.0,8.0,0.0,8.0
4.0,Gary & DeAngelo,TARUS32,1.0,8.0,4,1.0,3.0,6,3,4.0,3,1,0,,,,,,,,,,,,,,348.0,3.09,3.09091,431.0,5.0,3.0,4.0,0.0,34.0,261.0,4.0,70.0,0.48571,399.0,5.0,36.0,11.0,11.0,2.27454,3.0,3.0,0.27273,4.0,0.36364,1.0,8.0,0.0,8.0
5.0,Eswar & Aparna,TARUS32,4.0,6.0,3,3.0,2.0,2,1,1.0,1,0,,,,,,,,,,,,,,,349.0,2.3,2.3,632.0,8.0,2.0,7.0,-2.0,23.0,450.0,5.0,67.0,0.34328,606.0,7.0,44.0,10.0,10.0,1.67631,2.0,3.0,0.3,4.0,0.4,1.0,6.0,0.0,6.0
6.0,Kaylynn & Haley,TARUS32,3.0,2.0,6,0.0,1.0,0,2,0.0,0,,,,,,,,,,,,,,,,350.0,1.56,1.55556,744.0,9.0,1.0,8.0,-2.0,14.0,610.0,8.0,63.0,0.22222,725.0,9.0,49.0,9.0,9.0,1.89215,2.0,1.0,0.11111,5.0,0.55556,0.0,6.0,0.0,6.0
7.0,Leo & Alana,TARUS32,5.0,3.0,1,5.0,5.0,1,0,,,,,,,,,,,,,,,,,,351.0,2.86,2.85714,499.0,6.0,3.0,4.0,3.0,20.0,507.0,7.0,53.0,0.37736,555.0,6.0,33.0,7.0,7.0,2.03038,4.0,2.0,0.28571,3.0,0.42857,5.0,5.0,0.0,5.0
8.0,Michelle & Victoria,TARUS32,9.0,5.0,2,6.0,0.0,,,,,,,,,,,,,,,,,,,,352.0,4.4,4.4,125.0,3.0,5.0,1.0,7.0,22.0,467.0,6.0,41.0,0.53659,316.0,4.0,19.0,5.0,5.0,3.13688,4.0,0.0,0.0,1.0,0.2,,9.0,0.0,9.0
9.0,Jerry & Frank,TARUS32,6.0,1.0,0,,,,,,,,,,,,,,,,,,,,,,353.0,2.33,2.33333,620.0,7.0,1.0,8.0,1.0,7.0,713.0,9.0,27.0,0.25926,705.0,8.0,20.0,3.0,3.0,2.62467,3.0,1.0,0.33333,2.0,0.66667,,6.0,0.0,6.0
10.0,Kellie & LaVonne,TARUS32,2.0,0.0,,,,,,,,,,,,,,,,,,,,,,,354.0,1.0,1.0,776.0,10.0,1.0,8.0,2.0,2.0,785.0,10.0,19.0,0.10526,789.0,10.0,17.0,2.0,2.0,1.0,1.0,0.0,0.0,1.0,0.5,,2.0,0.0,2.0
11.0,Nathan & Cody,TARUS32,0.0,,,,,,,,,,,,,,,,,,,,,,,,355.0,0.0,0.0,828.0,11.0,0.0,11.0,0.0,0.0,828.0,11.0,10.0,0.0,828.0,11.0,10.0,1.0,1.0,0.0,0.0,0.0,0.0,1.0,1.0,,0.0,0.0,0.0
1.0,Joe Jer & Zabrina,TARAS1,7.0,6.0,4,2.0,5.0,4,0,1.0,1,1,1,2,2.0,,,,,,,,,,,,356.0,2.77,2.76923,522.0,9.0,2.0,9.0,-8.0,36.0,240.0,3.0,72.0,0.5,365.0,4.0,36.0,13.0,12.0,2.11783,3.0,4.0,0.30769,5.0,0.38462,1.0,7.0,0.0,7.0
2.0,Sandy & Francesca,TARAS1,0.0,1.0,7,5.0,3.0,6,2,3.0,0,4,3,1,1.0,,,,,,,,,,,,357.0,2.77,2.76923,522.0,9.0,3.0,5.0,-3.0,36.0,240.0,3.0,72.0,0.5,365.0,4.0,36.0,13.0,12.0,2.15385,3.0,3.0,0.23077,5.0,0.38462,1.0,7.0,0.0,7.0
3.0,Andrew & Syeon,TARAS1,5.0,2.0,1,7.0,6.0,3,4,2.0,3,2,2,3,0.0,,,,,,,,,,,,358.0,3.08,3.07692,441.0,7.0,3.0,5.0,-2.0,40.0,186.0,1.0,72.0,0.55556,287.0,2.0,32.0,13.0,12.0,1.89986,2.0,1.0,0.07692,2.0,0.15385,2.0,7.0,0.0,7.0
4.0,Marsio & Mardy,TARAS1,9.0,8.0,3,4.0,2.0,2,1,5.0,2,3,0,0,,,,,,,,,,,,,359.0,3.25,3.25,385.0,6.0,2.5,8.0,-4.0,39.0,201.0,2.0,70.0,0.55714,286.0,1.0,31.0,12.0,11.0,2.74241,2.5,1.0,0.08333,3.0,0.25,2.0,9.0,0.0,9.0
5.0,Andy & Laura,TARAS1,3.0,3.0,2,1.0,7.0,5,5,4.0,4,0,,,,,,,,,,,,,,,360.0,3.4,3.4,351.0,4.0,3.5,4.0,1.0,34.0,261.0,5.0,64.0,0.53125,321.0,3.0,30.0,10.0,9.0,1.95959,2.5,1.0,0.1,2.0,0.2,3.0,7.0,0.0,7.0
6.0,Howard & Sahran,TARAS1,1.0,7.0,8,0.0,4.0,1,3,0.0,,,,,,,,,,,,,,,,,361.0,3.0,3.0,444.0,8.0,2.0,9.0,-3.0,24.0,429.0,6.0,56.0,0.42857,483.0,9.0,32.0,8.0,8.0,2.91548,4.0,2.0,0.25,4.0,0.5,1.0,8.0,0.0,8.0
7.0,Melody & Sharon,TARAS1,4.0,5.0,6,6.0,1.0,0,,,,,,,,,,,,,,,,,,,362.0,3.67,3.66667,291.0,3.0,4.5,1.0,6.0,22.0,467.0,7.0,46.0,0.47826,410.0,6.0,24.0,6.0,6.0,2.35702,4.0,1.0,0.16667,2.0,0.33333,6.0,6.0,0.0,6.0
8.0,Sahil & Prashant,TARAS1,2.0,9.0,5,3.0,0.0,,,,,,,,,,,,,,,,,,,,363.0,3.8,3.8,267.0,2.0,3.0,5.0,3.0,19.0,526.0,8.0,40.0,0.475,418.0,7.0,21.0,5.0,5.0,3.05941,3.0,0.0,0.0,1.0,0.2,,9.0,0.0,9.0
9.0,Jacqueline & Aubrey,TARAS1,6.0,4.0,0,,,,,,,,,,,,,,,,,,,,,,364.0,3.33,3.33333,364.0,5.0,4.0,2.0,7.0,10.0,670.0,9.0,26.0,0.38462,551.0,10.0,16.0,3.0,3.0,2.49444,3.0,0.0,0.0,1.0,0.33333,,6.0,0.0,6.0
10.0,Ernie & Jeena,TARAS1,8.0,0.0,,,,,,,,,,,,,,,,,,,,,,,365.0,4.0,4.0,193.0,1.0,4.0,2.0,8.0,8.0,697.0,10.0,18.0,0.44444,462.0,8.0,10.0,2.0,2.0,4.0,4.0,0.0,0.0,1.0,0.5,,8.0,0.0,8.0
1.0,Adrian & Collin,TARAS2,3.0,5.0,7,6.0,4.0,5,4,4.0,4,4,4,2,2.0,,,,,,,,,,,,366.0,4.15,4.15385,176.0,2.0,4.0,2.0,-1.0,54.0,39.0,2.0,73.0,0.73973,68.0,2.0,19.0,13.0,12.0,1.34999,1.0,0.0,0.0,0.0,0.0,4.0,7.0,2.0,5.0
2.0,Pamela & Vanessa,TARAS2,9.0,6.0,2,2.0,0.0,3,3,1.0,2,2,2,1,1.0,,,,,,,,,,,,367.0,2.62,2.61538,565.0,6.0,2.0,5.0,-3.0,34.0,261.0,4.0,73.0,0.46575,431.0,4.0,39.0,13.0,12.0,2.30513,2.0,3.0,0.23077,4.0,0.30769,2.0,9.0,0.0,9.0
3.0,Marc & Rovilson,TARAS2,8.0,9.0,8,7.0,5.0,6,5,5.0,5,3,3,3,0.0,,,,,,,,,,,,368.0,5.15,5.15385,38.0,1.0,5.0,1.0,2.0,67.0,6.0,1.0,73.0,0.91781,1.0,1.0,6.0,13.0,12.0,2.41298,4.0,0.0,0.0,1.0,0.07692,5.0,9.0,0.0,9.0
4.0,Diane & Ann,TARAS2,7.0,7.0,6,4.0,6.0,1,2,3.0,3,1,1,0,,,,,,,,,,,,,369.0,3.42,3.41667,346.0,3.0,3.0,4.0,0.0,41.0,171.0,3.0,71.0,0.57746,253.0,3.0,30.0,12.0,11.0,2.43099,5.0,3.0,0.25,4.0,0.33333,1.0,7.0,0.0,7.0
5.0,Natasha & Paula,TARAS2,4.0,8.0,5,5.0,3.0,2,1,2.0,1,0,0,,,,,,,,,,,,,,370.0,2.82,2.81818,508.0,5.0,2.0,5.0,0.0,31.0,325.0,5.0,68.0,0.45588,444.0,5.0,37.0,11.0,10.0,2.36713,3.5,2.0,0.18182,4.0,0.36364,5.0,8.0,0.0,8.0
6.0,Terri & Henry,TARAS2,1.0,1.0,4,1.0,1.0,4,0,0.0,0,,,,,,,,,,,,,,,,371.0,1.33,1.33333,764.0,9.0,1.0,9.0,-3.0,12.0,636.0,6.0,60.0,0.2,739.0,9.0,48.0,9.0,8.0,1.49071,1.0,4.0,0.44444,7.0,0.77778,1.0,4.0,0.0,4.0
7.0,Daichi & Sawaka,TARAS2,2.0,2.0,3,3.0,2.0,0,,,,,,,,,,,,,,,,,,,372.0,2.0,2.0,677.0,8.0,2.0,5.0,2.0,12.0,636.0,6.0,45.0,0.26667,692.0,8.0,33.0,6.0,5.0,1.0,0.75,0.0,0.0,1.0,0.16667,2.0,3.0,0.0,3.0
8.0,Sophie & Aurelia,TARAS2,5.0,3.0,1,0.0,,,,,,,,,,,,,,,,,,,,,373.0,2.25,2.25,641.0,7.0,2.0,5.0,3.0,9.0,684.0,9.0,33.0,0.27273,688.0,7.0,24.0,4.0,4.0,1.92029,2.75,1.0,0.25,2.0,0.5,,5.0,0.0,5.0
9.0,Kinaryosih & Brett,TARAS2,6.0,4.0,0,,,,,,,,,,,,,,,,,,,,,,374.0,3.33,3.33333,364.0,4.0,4.0,2.0,7.0,10.0,670.0,8.0,26.0,0.38462,551.0,6.0,16.0,3.0,3.0,2.49444,3.0,0.0,0.0,1.0,0.33333,,6.0,0.0,6.0
10.0,Edwin & Monica,TARAS2,0.0,0.0,,,,,,,,,,,,,,,,,,,,,,,375.0,0.0,0.0,828.0,10.0,0.0,10.0,0.0,0.0,828.0,10.0,18.0,0.0,828.0,10.0,18.0,2.0,2.0,0.0,0.0,0.0,0.0,2.0,1.0,0.0,0.0,0.0,0.0
1.0,Vince & Sam,TARAS3,3.0,6.0,6,5.0,5.0,4,3,1.0,3,1,2,,,,,,,,,,,,,,376.0,3.55,3.54545,320.0,2.0,3.0,2.0,-1.0,39.0,201.0,1.0,55.0,0.70909,92.0,2.0,16.0,11.0,11.0,1.72488,2.5,2.0,0.18182,2.0,0.18182,3.0,6.0,1.0,5.0
2.0,Geoff & Tisha,TARAS3,8.0,4.0,3,1.0,2.0,2,4,4.0,1,2,1,,,,,,,,,,,,,,377.0,2.91,2.90909,490.0,4.0,2.0,3.0,-1.0,32.0,301.0,3.0,55.0,0.58182,245.0,3.0,23.0,11.0,11.0,1.97505,2.5,3.0,0.27273,3.0,0.27273,4.0,8.0,1.0,7.0
3.0,Ida & Tania,TARAS3,5.0,3.0,5,6.0,1.0,0,0,2.0,2,3,0,,,,,,,,,,,,,,378.0,2.45,2.45455,598.0,6.0,2.0,3.0,0.0,27.0,386.0,4.0,55.0,0.49091,393.0,4.0,28.0,11.0,11.0,2.06105,3.5,1.0,0.09091,4.0,0.36364,0.0,6.0,0.0,6.0
4.0,A.D. & Fuzzie,TARAS3,2.0,7.0,4,2.0,3.0,1,2,3.0,0,0,,,,,,,,,,,,,,,379.0,2.4,2.4,609.0,7.0,2.0,3.0,1.0,24.0,429.0,5.0,53.0,0.45283,447.0,6.0,29.0,10.0,10.0,1.95959,1.75,1.0,0.1,3.0,0.3,2.0,7.0,0.0,7.0
5.0,Henry & Bernie,TARAS3,7.0,8.0,7,3.0,4.0,3,1,0.0,,,,,,,,,,,,,,,,,380.0,4.13,4.125,179.0,1.0,3.5,1.0,4.0,33.0,280.0,2.0,47.0,0.70213,96.0,1.0,14.0,8.0,8.0,2.75851,4.5,1.0,0.125,2.0,0.25,7.0,8.0,0.0,8.0
6.0,Mai & Oliver,TARAS3,9.0,1.0,2,4.0,0.0,,,,,,,,,,,,,,,,,,,,381.0,3.2,3.2,398.0,3.0,2.0,3.0,3.0,16.0,575.0,6.0,35.0,0.45714,442.0,5.0,19.0,5.0,5.0,3.18748,3.0,1.0,0.2,2.0,0.4,,9.0,0.0,9.0
7.0,Niroo & Kapil,TARAS3,1.0,5.0,1,0.0,,,,,,,,,,,,,,,,,,,,,382.0,1.75,1.75,717.0,9.0,1.0,9.0,-2.0,7.0,713.0,8.0,30.0,0.23333,723.0,9.0,23.0,4.0,4.0,1.92029,1.25,2.0,0.5,3.0,0.75,1.0,5.0,0.0,5.0
8.0,Pailin & Natalie,TARAS3,6.0,2.0,0,,,,,,,,,,,,,,,,,,,,,,383.0,2.67,2.66667,546.0,5.0,2.0,3.0,5.0,8.0,697.0,7.0,24.0,0.33333,613.0,7.0,16.0,3.0,3.0,2.49444,3.0,0.0,0.0,1.0,0.33333,,6.0,0.0,6.0
9.0,Isaac & William,TARAS3,4.0,0.0,,,,,,,,,,,,,,,,,,,,,,,384.0,2.0,2.0,677.0,8.0,2.0,3.0,6.0,4.0,755.0,9.0,17.0,0.23529,719.0,8.0,13.0,2.0,2.0,2.0,2.0,0.0,0.0,1.0,0.5,,4.0,0.0,4.0
10.0,Neena & Amit,TARAS3,0.0,,,,,,,,,,,,,,,,,,,,,,,,385.0,0.0,0.0,828.0,10.0,0.0,10.0,0.0,0.0,828.0,10.0,9.0,0.0,828.0,10.0,9.0,1.0,1.0,0.0,0.0,0.0,0.0,1.0,1.0,,0.0,0.0,0.0
1.0,Richard & Richard,TARAS4,8.0,8.0,3,8.0,6.0,6,4,4.0,1,2,2,,,,,,,,,,,,,,386.0,4.73,4.72727,82.0,1.0,4.0,2.0,-1.0,52.0,39.0,1.0,66.0,0.78788,33.0,1.0,14.0,11.0,11.0,2.48965,4.5,1.0,0.09091,1.0,0.09091,8.0,8.0,1.0,7.0
2.0,Claire & Michelle,TARAS4,7.0,3.0,5,2.0,5.0,4,3,2.0,2,1,1,,,,,,,,,,,,,,387.0,3.18,3.18182,408.0,5.0,3.0,5.0,-3.0,35.0,253.0,3.0,66.0,0.5303,324.0,4.0,31.0,11.0,11.0,1.79991,2.5,2.0,0.18182,2.0,0.18182,2.0,7.0,1.0,6.0
3.0,Hussein & Natasha,TARAS4,1.0,1.0,7,4.0,1.0,5,0,1.0,3,3,0,,,,,,,,,,,,,,388.0,2.36,2.36364,618.0,7.0,1.0,8.0,-5.0,26.0,402.0,6.0,66.0,0.39394,538.0,7.0,40.0,11.0,11.0,2.1436,2.5,4.0,0.36364,6.0,0.54545,1.0,7.0,0.0,7.0
4.0,Lani & Jess,TARAS4,2.0,2.0,2,5.0,3.0,3,5,5.0,4,0,,,,,,,,,,,,,,,389.0,3.1,3.1,427.0,6.0,3.0,5.0,-1.0,31.0,325.0,5.0,64.0,0.48438,401.0,6.0,33.0,10.0,10.0,1.57797,2.75,0.0,0.0,1.0,0.1,2.0,5.0,0.0,5.0
5.0,Khairie & Ethan,TARAS4,9.0,5.0,4,6.0,7.0,2,2,3.0,0,,,,,,,,,,,,,,,,390.0,4.22,4.22222,162.0,3.0,4.0,2.0,3.0,38.0,212.0,2.0,61.0,0.62295,194.0,2.0,23.0,9.0,9.0,2.65739,4.0,0.0,0.0,1.0,0.11111,2.0,9.0,0.0,9.0
6.0,Dimple & Sunaina,TARAS4,6.0,7.0,8,7.0,4.0,1,1,0.0,,,,,,,,,,,,,,,,,391.0,4.25,4.25,145.0,2.0,5.0,1.0,5.0,34.0,261.0,4.0,57.0,0.59649,223.0,3.0,23.0,8.0,8.0,2.98957,6.0,2.0,0.25,3.0,0.375,7.0,8.0,0.0,8.0
7.0,Hilda & Ivan,TARAS4,4.0,9.0,6,3.0,2.0,0,,,,,,,,,,,,,,,,,,,392.0,4.0,4.0,193.0,4.0,3.5,4.0,3.0,24.0,429.0,7.0,47.0,0.51064,353.0,5.0,23.0,6.0,6.0,2.88675,3.25,0.0,0.0,1.0,0.16667,,9.0,0.0,9.0
8.0,Sahil & Manas,TARAS4,3.0,6.0,1,1.0,0.0,,,,,,,,,,,,,,,,,,,,393.0,2.2,2.2,656.0,9.0,1.0,8.0,0.0,11.0,655.0,8.0,41.0,0.26829,691.0,8.0,30.0,5.0,5.0,2.13542,2.0,2.0,0.4,3.0,0.6,1.0,6.0,0.0,6.0
9.0,Alan & Wendy,TARAS4,5.0,4.0,0,0.0,,,,,,,,,,,,,,,,,,,,,394.0,2.25,2.25,641.0,8.0,2.0,7.0,2.0,9.0,684.0,9.0,34.0,0.26471,696.0,9.0,25.0,4.0,4.0,2.27761,4.25,0.0,0.0,2.0,0.5,0.0,5.0,0.0,5.0
10.0,Nadine & Yani,TARAS4,0.0,0.0,,,,,,,,,,,,,,,,,,,,,,,395.0,0.0,0.0,828.0,10.0,0.0,10.0,0.0,0.0,828.0,10.0,18.0,0.0,828.0,10.0,18.0,2.0,2.0,0.0,0.0,0.0,0.0,2.0,1.0,0.0,0.0,0.0,0.0
1.0,Parul & Maggie,TARAS5,4.0,3.0,3,5.0,3.0,3,1,2.0,2,2,,,,,,,,,,,,,,,396.0,2.8,2.8,513.0,7.0,3.0,4.0,-3.0,28.0,372.0,4.0,56.0,0.5,365.0,5.0,28.0,10.0,10.0,1.07703,1.0,1.0,0.1,1.0,0.1,3.0,5.0,1.0,4.0
2.0,Yvonne & Chloe,TARAS5,2.0,8.0,5,3.0,5.0,4,3,1.0,1,1,,,,,,,,,,,,,,,397.0,3.3,3.3,379.0,4.0,3.0,4.0,-2.0,33.0,280.0,2.0,56.0,0.58929,234.0,2.0,23.0,10.0,10.0,2.14709,3.5,3.0,0.3,3.0,0.3,1.0,8.0,1.0,7.0
3.0,Eric & Rona,TARAS5,7.0,5.0,2,4.0,4.0,2,0,3.0,3,0,,,,,,,,,,,,,,,398.0,3.0,3.0,444.0,6.0,3.0,4.0,-1.0,30.0,344.0,3.0,56.0,0.53571,317.0,4.0,26.0,10.0,10.0,2.04939,2.0,0.0,0.0,2.0,0.2,2.0,7.0,0.0,7.0
4.0,Treasuri & Louisa,TARAS5,9.0,6.0,7,7.0,6.0,1,2,4.0,0,,,,,,,,,,,,,,,,399.0,4.67,4.66667,87.0,2.0,6.0,1.0,3.0,42.0,159.0,1.0,54.0,0.77778,39.0,1.0,12.0,9.0,9.0,2.90593,5.0,1.0,0.11111,2.0,0.22222,6.0,9.0,0.0,9.0
5.0,JK & Mike,TARAS5,8.0,1.0,1,1.0,2.0,5,4,0.0,,,,,,,,,,,,,,,,,400.0,2.75,2.75,524.0,8.0,1.5,9.0,-4.0,22.0,467.0,5.0,51.0,0.43137,479.0,7.0,29.0,8.0,8.0,2.53722,3.25,3.0,0.375,4.0,0.5,1.0,8.0,0.0,8.0
6.0,Anita & Tom,TARAS5,3.0,7.0,4,6.0,1.0,0,,,,,,,,,,,,,,,,,,,401.0,3.5,3.5,329.0,3.0,3.5,3.0,3.0,21.0,491.0,6.0,43.0,0.48837,397.0,6.0,22.0,6.0,6.0,2.5,4.0,1.0,0.16667,2.0,0.33333,,7.0,0.0,7.0
7.0,Will & Alex,TARAS5,6.0,2.0,6,2.0,0.0,,,,,,,,,,,,,,,,,,,,402.0,3.2,3.2,398.0,5.0,2.0,7.0,0.0,16.0,575.0,7.0,38.0,0.42105,497.0,8.0,22.0,5.0,5.0,2.4,4.0,0.0,0.0,1.0,0.2,6.0,6.0,0.0,6.0
8.0,Rach & Vicky,TARAS5,5.0,4.0,0,0.0,,,,,,,,,,,,,,,,,,,,,403.0,2.25,2.25,641.0,9.0,2.0,7.0,1.0,9.0,684.0,9.0,32.0,0.28125,683.0,9.0,23.0,4.0,4.0,2.27761,4.25,0.0,0.0,2.0,0.5,0.0,5.0,0.0,5.0
9.0,Alphaeus & Brandon,TARAS5,10.0,0.0,,,,,,,,,,,,,,,,,,,,,,,404.0,5.0,5.0,42.0,1.0,5.0,2.0,7.0,10.0,670.0,8.0,18.0,0.55556,287.0,3.0,8.0,2.0,2.0,5.0,5.0,0.0,0.0,1.0,0.5,,10.0,0.0,10.0
10.0,Rei & Keiji,TARAS5,1.0,,,,,,,,,,,,,,,,,,,,,,,,405.0,1.0,1.0,776.0,10.0,1.0,10.0,0.0,1.0,805.0,10.0,10.0,0.1,796.0,10.0,9.0,1.0,1.0,0.0,0.0,1.0,1.0,1.0,1.0,,1.0,1.0,0.0
11.0,Lisa & Nicole,TARAS5,0.0,,,,,,,,,,,,,,,,,,,,,,,,406.0,0.0,0.0,828.0,11.0,0.0,11.0,0.0,0.0,828.0,11.0,10.0,0.0,828.0,11.0,10.0,1.0,1.0,0.0,0.0,0.0,0.0,1.0,1.0,,0.0,0.0,0.0
1.0,Tim & Tim,TARCAN1,3.0,2.0,0,2.0,4.0,0,3,2.0,1,2,,,,,,,,,,,,,,,407.0,1.9,1.9,710.0,6.0,2.0,7.0,-6.0,19.0,526.0,6.0,48.0,0.39583,536.0,7.0,29.0,10.0,10.0,1.22066,1.5,1.0,0.1,3.0,0.3,2.0,4.0,0.0,4.0
2.0,Jody & Cory,TARCAN1,2.0,5.0,2,1.0,2.0,3,4,3.0,3,1,,,,,,,,,,,,,,,408.0,2.6,2.6,566.0,5.0,2.5,5.0,-3.0,26.0,402.0,2.0,48.0,0.54167,306.0,5.0,22.0,10.0,10.0,1.2,1.0,2.0,0.2,2.0,0.2,2.0,5.0,1.0,4.0
3.0,Vanessa & Celina,TARCAN1,4.0,3.0,3,3.0,3.0,1,1,0.0,2,0,,,,,,,,,,,,,,,409.0,2.0,2.0,677.0,7.0,2.5,5.0,-2.0,20.0,507.0,5.0,48.0,0.41667,505.0,6.0,28.0,10.0,10.0,1.34164,2.0,2.0,0.2,4.0,0.4,3.0,4.0,0.0,4.0
4.0,Jet & Dave,TARCAN1,5.0,1.0,4,6.0,5.0,4,2,1.0,0,,,,,,,,,,,,,,,,410.0,3.11,3.11111,423.0,4.0,4.0,3.0,1.0,28.0,372.0,1.0,46.0,0.6087,209.0,3.0,18.0,9.0,9.0,2.02454,4.0,2.0,0.22222,3.0,0.33333,5.0,6.0,0.0,6.0
5.0,Holly & Brett,TARCAN1,7.0,7.0,1,5.0,1.0,3,0,,,,,,,,,,,,,,,,,,411.0,3.43,3.42857,344.0,3.0,3.0,4.0,1.0,24.0,429.0,3.0,40.0,0.6,220.0,4.0,16.0,7.0,7.0,2.71804,5.0,2.0,0.28571,3.0,0.42857,7.0,7.0,0.0,7.0
6.0,Hal & Joanne,TARCAN1,6.0,6.0,6,4.0,0.0,,,,,,,,,,,,,,,,,,,,412.0,4.4,4.4,125.0,1.0,6.0,1.0,5.0,22.0,467.0,4.0,32.0,0.6875,113.0,1.0,10.0,5.0,5.0,2.33238,2.0,0.0,0.0,1.0,0.2,6.0,6.0,0.0,6.0
7.0,Kristen & Darren,TARCAN1,8.0,4.0,5,0.0,,,,,,,,,,,,,,,,,,,,,413.0,4.25,4.25,145.0,2.0,4.5,2.0,5.0,17.0,559.0,7.0,27.0,0.62963,185.0,2.0,10.0,4.0,4.0,2.86138,2.75,0.0,0.0,1.0,0.25,,8.0,0.0,8.0
8.0,Jamie & Pierre,TARCAN1,1.0,0.0,,,,,,,,,,,,,,,,,,,,,,,414.0,0.5,0.5,807.0,8.0,0.5,8.0,0.0,1.0,805.0,8.0,15.0,0.06667,806.0,8.0,14.0,2.0,2.0,0.5,0.5,1.0,0.5,2.0,1.0,,1.0,0.0,1.0
9.0,Treena & Tennille,TARCAN1,0.0,,,,,,,,,,,,,,,,,,,,,,,,415.0,0.0,0.0,828.0,9.0,0.0,9.0,0.0,0.0,828.0,9.0,8.0,0.0,828.0,9.0,8.0,1.0,1.0,0.0,0.0,0.0,0.0,1.0,1.0,,0.0,0.0,0.0
1.0,Mickey & Pete,TARCAN2,4.0,7.0,4,2.0,2.0,4,3,3.0,3,2,2,2,,,,,,,,,,,,,416.0,3.17,3.16667,409.0,5.0,3.0,5.0,-4.0,38.0,212.0,2.0,70.0,0.54286,303.0,4.0,32.0,12.0,12.0,1.40436,2.0,0.0,0.0,0.0,0.0,2.0,7.0,2.0,5.0
2.0,Natalie & Meaghan,TARCAN2,10.0,9.0,8,7.0,5.0,2,5,5.0,2,3,3,1,,,,,,,,,,,,,417.0,5.0,5.0,42.0,1.0,5.0,2.0,0.0,60.0,18.0,1.0,70.0,0.85714,7.0,1.0,10.0,12.0,12.0,2.82843,4.5,1.0,0.08333,1.0,0.08333,5.0,10.0,1.0,9.0
3.0,Ryan & Rob,TARCAN2,2.0,3.0,5,6.0,6.0,1,0,1.0,0,1,1,0,,,,,,,,,,,,,418.0,2.17,2.16667,664.0,9.0,1.0,9.0,-6.0,26.0,402.0,6.0,70.0,0.37143,561.0,7.0,44.0,12.0,12.0,2.19216,2.75,4.0,0.33333,7.0,0.58333,1.0,6.0,0.0,6.0
4.0,Sukhi & Jinder,TARCAN2,5.0,4.0,1,0.0,4.0,3,2,4.0,4,4,0,,,,,,,,,,,,,,419.0,2.82,2.81818,508.0,7.0,4.0,3.0,1.0,31.0,325.0,4.0,68.0,0.45588,444.0,6.0,37.0,11.0,11.0,1.69589,2.5,1.0,0.09091,3.0,0.27273,4.0,5.0,0.0,5.0
5.0,Alain & Audrey,TARCAN2,9.0,8.0,3,1.0,7.0,5,1,2.0,1,0,,,,,,,,,,,,,,,420.0,3.7,3.7,286.0,4.0,2.5,6.0,-1.0,37.0,224.0,3.0,65.0,0.56923,270.0,3.0,28.0,10.0,10.0,3.13209,5.5,3.0,0.3,4.0,0.4,1.0,9.0,0.0,9.0
6.0,Pierre & Michel,TARCAN2,3.0,5.0,6,3.0,3.0,6,4,0.0,,,,,,,,,,,,,,,,,421.0,3.75,3.75,277.0,3.0,3.5,4.0,2.0,30.0,344.0,5.0,57.0,0.52632,330.0,5.0,27.0,8.0,8.0,1.85405,2.25,0.0,0.0,1.0,0.125,3.0,6.0,0.0,6.0
7.0,Rex & Bob,TARCAN2,8.0,1.0,2,5.0,1.0,0,,,,,,,,,,,,,,,,,,,422.0,2.83,2.83333,504.0,6.0,1.5,8.0,-1.0,17.0,559.0,8.0,47.0,0.3617,581.0,8.0,30.0,6.0,6.0,2.79384,3.25,2.0,0.33333,3.0,0.5,1.0,8.0,0.0,8.0
8.0,Cormac & Nicole,TARCAN2,7.0,6.0,7,4.0,0.0,,,,,,,,,,,,,,,,,,,,423.0,4.8,4.8,67.0,2.0,6.0,1.0,7.0,24.0,429.0,7.0,41.0,0.58537,240.0,2.0,17.0,5.0,5.0,2.63818,3.0,0.0,0.0,1.0,0.2,7.0,7.0,0.0,7.0
9.0,Laura & Jackie,TARCAN2,6.0,2.0,0,,,,,,,,,,,,,,,,,,,,,,424.0,2.67,2.66667,546.0,8.0,2.0,7.0,2.0,8.0,697.0,9.0,27.0,0.2963,664.0,9.0,19.0,3.0,3.0,2.49444,3.0,0.0,0.0,1.0,0.33333,,6.0,0.0,6.0
10.0,Jen & Shawn,TARCAN2,1.0,0.0,,,,,,,,,,,,,,,,,,,,,,,425.0,0.5,0.5,807.0,10.0,0.5,10.0,0.0,1.0,805.0,10.0,19.0,0.05263,812.0,10.0,18.0,2.0,2.0,0.5,0.5,1.0,0.5,2.0,1.0,,1.0,0.0,1.0
11.0,Shahla & Nabeela,TARCAN2,0.0,,,,,,,,,,,,,,,,,,,,,,,,426.0,0.0,0.0,828.0,11.0,0.0,11.0,0.0,0.0,828.0,11.0,10.0,0.0,828.0,11.0,10.0,1.0,1.0,0.0,0.0,0.0,0.0,1.0,1.0,,0.0,0.0,0.0
1.0,Gino & Jesse,TARCAN3,11.0,1.0,8,2.0,7.0,7,5,1.0,3,4,1,2,,,,,,,,,,,,,427.0,4.33,4.33333,137.0,3.0,3.5,6.0,-5.0,52.0,39.0,2.0,76.0,0.68421,120.0,2.0,24.0,12.0,12.0,3.14466,5.25,3.0,0.25,3.0,0.25,1.0,11.0,1.0,10.0
2.0,Nick & Matt,TARCAN3,6.0,8.0,7,6.0,5.0,6,2,4.0,4,2,2,1,,,,,,,,,,,,,428.0,4.42,4.41667,122.0,2.0,4.5,2.0,0.0,53.0,39.0,1.0,76.0,0.69737,101.0,1.0,23.0,12.0,12.0,2.17786,4.0,1.0,0.08333,1.0,0.08333,6.0,8.0,1.0,7.0
3.0,Brent & Sean,TARCAN3,9.0,3.0,4,5.0,3.0,4,6,3.0,0,3,3,0,,,,,,,,,,,,,429.0,3.58,3.58333,314.0,6.0,3.0,7.0,-4.0,43.0,152.0,3.0,76.0,0.56579,273.0,3.0,33.0,12.0,12.0,2.32588,1.25,0.0,0.0,2.0,0.16667,3.0,9.0,0.0,9.0
4.0,Simi & Ope,TARCAN3,7.0,2.0,5,4.0,0.0,3,1,2.0,2,1,0,,,,,,,,,,,,,,430.0,2.45,2.45455,598.0,10.0,2.0,8.0,-4.0,27.0,386.0,6.0,74.0,0.36486,578.0,9.0,47.0,11.0,11.0,2.06105,2.5,2.0,0.18182,4.0,0.36364,2.0,7.0,0.0,7.0
5.0,Dujean & Leilani,TARCAN3,4.0,6.0,6,8.0,4.0,1,4,5.0,1,0,,,,,,,,,,,,,,,431.0,3.9,3.9,239.0,5.0,4.0,3.0,2.0,39.0,201.0,4.0,71.0,0.5493,296.0,5.0,32.0,10.0,10.0,2.42693,4.0,2.0,0.2,3.0,0.3,4.0,8.0,0.0,8.0
6.0,Brian & Cynthia,TARCAN3,3.0,9.0,1,7.0,6.0,5,3,0.0,,,,,,,,,,,,,,,,,432.0,4.25,4.25,145.0,4.0,4.0,3.0,3.0,34.0,261.0,5.0,63.0,0.53968,311.0,6.0,29.0,8.0,8.0,2.86138,3.75,1.0,0.125,2.0,0.25,3.0,9.0,0.0,9.0
7.0,Neil & Kristin,TARCAN3,2.0,5.0,9,3.0,1.0,2,0,,,,,,,,,,,,,,,,,,433.0,3.14,3.14286,419.0,8.0,2.0,8.0,-1.0,22.0,467.0,7.0,58.0,0.37931,554.0,8.0,36.0,7.0,7.0,2.79942,2.5,1.0,0.14286,2.0,0.28571,2.0,9.0,0.0,9.0
8.0,Nic & Sabrina,TARCAN3,10.0,7.0,2,1.0,2.0,0,,,,,,,,,,,,,,,,,,,434.0,3.67,3.66667,291.0,7.0,2.0,8.0,0.0,22.0,467.0,7.0,52.0,0.42308,494.0,7.0,30.0,6.0,6.0,3.59011,4.5,1.0,0.16667,2.0,0.33333,2.0,10.0,0.0,10.0
9.0,Hamilton & Michaelia,TARCAN3,8.0,10.0,3,0.0,,,,,,,,,,,,,,,,,,,,,435.0,5.25,5.25,31.0,1.0,5.5,1.0,8.0,21.0,491.0,9.0,38.0,0.55263,294.0,4.0,17.0,4.0,4.0,3.96074,6.25,0.0,0.0,1.0,0.25,,10.0,0.0,10.0
10.0,Dana & Amanda,TARCAN3,5.0,4.0,0,,,,,,,,,,,,,,,,,,,,,,436.0,3.0,3.0,444.0,9.0,4.0,3.0,7.0,9.0,684.0,10.0,30.0,0.3,658.0,10.0,21.0,3.0,3.0,2.16025,2.5,0.0,0.0,1.0,0.33333,,5.0,0.0,5.0
11.0,Susan & Sharnjit,TARCAN3,1.0,0.0,,,,,,,,,,,,,,,,,,,,,,,437.0,0.5,0.5,807.0,11.0,0.5,11.0,0.0,1.0,805.0,11.0,21.0,0.04762,824.0,11.0,20.0,2.0,2.0,0.5,0.5,1.0,0.5,2.0,1.0,,1.0,0.0,1.0
12.0,Max & Elias,TARCAN3,0.0,,,,,,,,,,,,,,,,,,,,,,,,438.0,0.0,0.0,828.0,12.0,0.0,12.0,0.0,0.0,828.0,12.0,11.0,0.0,828.0,12.0,11.0,1.0,1.0,0.0,0.0,0.0,0.0,1.0,1.0,,0.0,0.0,0.0
1.0,Steph & Kristen,TARCAN4,8.0,3.0,7,6.0,6.0,5,5,2.0,3,3,2,,,,,,,,,,,,,,439.0,4.55,4.54545,98.0,2.0,5.0,2.0,-1.0,50.0,71.0,1.0,61.0,0.81967,13.0,1.0,11.0,11.0,11.0,1.97086,3.0,0.0,0.0,0.0,0.0,3.0,8.0,2.0,6.0
2.0,Jillian & Emmett,TARCAN4,9.0,8.0,5,1.0,5.0,4,2,4.0,4,1,1,,,,,,,,,,,,,,440.0,4.0,4.0,193.0,3.0,4.0,3.0,-1.0,44.0,138.0,2.0,61.0,0.72131,83.0,2.0,17.0,11.0,11.0,2.5937,3.5,3.0,0.27273,3.0,0.27273,1.0,9.0,1.0,8.0
3.0,Joel & Ashley,TARCAN4,6.0,5.0,8,3.0,3.0,0,3,3.0,1,2,0,,,,,,,,,,,,,,441.0,3.09,3.09091,431.0,4.0,3.0,4.0,-1.0,34.0,261.0,3.0,61.0,0.55738,283.0,4.0,27.0,11.0,11.0,2.35312,2.5,1.0,0.09091,3.0,0.27273,3.0,8.0,0.0,8.0
4.0,Frankie & Amy,TARCAN4,4.0,6.0,4,4.0,4.0,1,1,1.0,2,0,,,,,,,,,,,,,,,442.0,2.7,2.7,541.0,6.0,3.0,4.0,0.0,27.0,386.0,4.0,59.0,0.45763,441.0,5.0,32.0,10.0,10.0,1.84662,3.0,3.0,0.3,4.0,0.4,4.0,6.0,0.0,6.0
5.0,Rita & Yvette,TARCAN4,3.0,1.0,3,5.0,2.0,2,4,0.0,0,,,,,,,,,,,,,,,,443.0,2.22,2.22222,655.0,7.0,2.0,6.0,-1.0,20.0,507.0,5.0,56.0,0.35714,586.0,7.0,36.0,9.0,9.0,1.6178,2.0,1.0,0.11111,3.0,0.33333,3.0,5.0,0.0,5.0
6.0,Julie & Lowell,TARCAN4,5.0,2.0,2,2.0,1.0,3,0,,,,,,,,,,,,,,,,,,444.0,2.14,2.14286,668.0,8.0,2.0,6.0,0.0,15.0,595.0,6.0,48.0,0.3125,644.0,8.0,33.0,7.0,7.0,1.45686,1.0,1.0,0.14286,2.0,0.28571,2.0,5.0,0.0,5.0
7.0,Kelly & Kate,TARCAN4,1.0,0.0,6,7.0,0.0,,,,,,,,,,,,,,,,,,,,445.0,2.8,2.8,513.0,5.0,1.0,9.0,-2.0,14.0,610.0,7.0,38.0,0.36842,566.0,6.0,24.0,5.0,5.0,3.05941,6.0,1.0,0.2,3.0,0.6,0.0,7.0,0.0,7.0
8.0,Anne & Tanya,TARCAN4,2.0,4.0,1,0.0,,,,,,,,,,,,,,,,,,,,,446.0,1.75,1.75,717.0,9.0,1.5,8.0,0.0,7.0,713.0,9.0,32.0,0.21875,730.0,9.0,25.0,4.0,4.0,1.47902,1.75,1.0,0.25,2.0,0.5,,4.0,0.0,4.0
9.0,Stéphane & Antoine,TARCAN4,7.0,7.0,0,,,,,,,,,,,,,,,,,,,,,,447.0,4.67,4.66667,87.0,1.0,7.0,1.0,8.0,14.0,610.0,7.0,25.0,0.56,280.0,3.0,11.0,3.0,3.0,3.29983,3.5,0.0,0.0,1.0,0.33333,7.0,7.0,0.0,7.0
10.0,Anthony & Brandon,TARCAN4,0.0,,,,,,,,,,,,,,,,,,,,,,,,448.0,0.0,0.0,828.0,10.0,0.0,10.0,0.0,0.0,828.0,10.0,9.0,0.0,828.0,10.0,9.0,1.0,1.0,0.0,0.0,0.0,0.0,1.0,1.0,,0.0,0.0,0.0
1.0,Sam & Paul,TARCAN5,6.0,6.0,4,6.0,4.0,4,5,4.0,4,3,2,,,,,,,,,,,,,,449.0,4.36,4.36364,130.0,1.0,4.0,2.0,-1.0,48.0,93.0,1.0,59.0,0.81356,16.0,1.0,11.0,11.0,11.0,1.22643,1.5,0.0,0.0,0.0,0.0,4.0,6.0,2.0,4.0
2.0,Kenneth & Ryan,TARCAN5,9.0,4.0,2,3.0,3.0,1,4,3.0,3,1,1,,,,,,,,,,,,,,450.0,3.09,3.09091,431.0,4.0,3.0,4.0,-2.0,34.0,261.0,2.0,59.0,0.57627,257.0,3.0,25.0,11.0,11.0,2.1513,2.0,3.0,0.27273,3.0,0.27273,3.0,9.0,1.0,8.0
3.0,Korey & Ivana,TARCAN5,8.0,1.0,6,1.0,1.0,3,1,1.0,1,2,0,,,,,,,,,,,,,,451.0,2.27,2.27273,638.0,7.0,1.0,6.0,-3.0,25.0,414.0,4.0,59.0,0.42373,493.0,5.0,34.0,11.0,11.0,2.37758,1.5,6.0,0.54545,7.0,0.63636,1.0,8.0,0.0,8.0
4.0,Karen & Bert,TARCAN5,4.0,5.0,3,2.0,2.0,2,2,0.0,2,0,,,,,,,,,,,,,,,452.0,2.2,2.2,656.0,8.0,2.0,5.0,-1.0,22.0,467.0,5.0,57.0,0.38596,548.0,6.0,35.0,10.0,10.0,1.46969,0.75,0.0,0.0,2.0,0.2,2.0,5.0,0.0,5.0
5.0,Adam & Andrea,TARCAN5,7.0,2.0,5,4.0,6.0,5,3,2.0,0,,,,,,,,,,,,,,,,453.0,3.78,3.77778,272.0,3.0,4.0,2.0,3.0,34.0,261.0,2.0,54.0,0.62963,185.0,2.0,20.0,9.0,9.0,2.09644,3.0,0.0,0.0,1.0,0.11111,2.0,7.0,0.0,7.0
6.0,Andrea & Ebonie,TARCAN5,3.0,7.0,1,0.0,5.0,0,0,,,,,,,,,,,,,,,,,,454.0,2.29,2.28571,636.0,6.0,1.0,6.0,0.0,16.0,575.0,7.0,46.0,0.34783,602.0,8.0,30.0,7.0,7.0,2.60298,4.0,1.0,0.14286,4.0,0.57143,0.0,7.0,0.0,7.0
7.0,Zed & Shabbir,TARCAN5,5.0,3.0,7,5.0,0.0,,,,,,,,,,,,,,,,,,,,455.0,4.0,4.0,193.0,2.0,5.0,1.0,6.0,20.0,507.0,6.0,36.0,0.55556,287.0,4.0,16.0,5.0,5.0,2.36643,2.0,0.0,0.0,1.0,0.2,5.0,7.0,0.0,7.0
8.0,Megan & Courtney,TARCAN5,1.0,8.0,0,,,,,,,,,,,,,,,,,,,,,,456.0,3.0,3.0,444.0,5.0,1.0,6.0,2.0,9.0,684.0,8.0,24.0,0.375,556.0,7.0,15.0,3.0,3.0,3.55903,4.0,1.0,0.33333,2.0,0.66667,,8.0,0.0,8.0
9.0,Dan & Riya,TARCAN5,2.0,0.0,,,,,,,,,,,,,,,,,,,,,,,457.0,1.0,1.0,776.0,9.0,1.0,6.0,3.0,2.0,785.0,9.0,17.0,0.11765,778.0,9.0,15.0,2.0,2.0,1.0,1.0,0.0,0.0,1.0,0.5,,2.0,0.0,2.0
10.0,Aaron & Deb,TARCAN5,0.0,,,,,,,,,,,,,,,,,,,,,,,,458.0,0.0,0.0,828.0,10.0,0.0,10.0,0.0,0.0,828.0,10.0,9.0,0.0,828.0,10.0,9.0,1.0,1.0,0.0,0.0,0.0,0.0,1.0,1.0,,0.0,0.0,0.0
1.0,Courtney & Adam,TARCAN6,2.0,2.0,3,1.0,5.0,1,1,4.0,1,1,2,,,,,,,,,,,,,,459.0,2.09,2.09091,672.0,7.0,2.0,7.0,-6.0,23.0,450.0,6.0,63.0,0.36508,577.0,7.0,40.0,11.0,11.0,1.31111,1.5,5.0,0.45455,5.0,0.45455,1.0,5.0,1.0,4.0
2.0,Taylor & Courtney,TARCAN6,5.0,6.0,8,3.0,6.0,6,5,3.0,2,3,1,,,,,,,,,,,,,,460.0,4.36,4.36364,130.0,2.0,5.0,2.0,0.0,48.0,93.0,1.0,63.0,0.7619,47.0,1.0,15.0,11.0,11.0,2.01236,3.0,1.0,0.09091,1.0,0.09091,6.0,8.0,1.0,7.0
3.0,Dylan & Kwame,TARCAN6,6.0,4.0,4,5.0,3.0,2,2,1.0,4,2,0,,,,,,,,,,,,,,461.0,3.0,3.0,444.0,5.0,3.0,5.0,-2.0,33.0,280.0,4.0,63.0,0.52381,334.0,5.0,30.0,11.0,11.0,1.70561,2.0,1.0,0.09091,2.0,0.18182,4.0,6.0,0.0,6.0
4.0,Martina & Phil,TARCAN6,3.0,3.0,5,2.0,4.0,4,4,2.0,3,0,,,,,,,,,,,,,,,462.0,3.0,3.0,444.0,5.0,3.0,5.0,-1.0,30.0,344.0,5.0,61.0,0.4918,392.0,6.0,31.0,10.0,10.0,1.34164,1.75,0.0,0.0,1.0,0.1,3.0,5.0,0.0,5.0
5.0,Nancy & Mellisa,TARCAN6,8.0,7.0,1,6.0,2.0,5,0,5.0,0,,,,,,,,,,,,,,,,463.0,3.78,3.77778,272.0,4.0,5.0,2.0,3.0,34.0,261.0,2.0,58.0,0.58621,238.0,4.0,24.0,9.0,9.0,2.89742,5.0,1.0,0.11111,3.0,0.33333,5.0,8.0,0.0,8.0
6.0,Leanne & Mar,TARCAN6,9.0,5.0,6,7.0,1.0,3,3,0.0,,,,,,,,,,,,,,,,,464.0,4.25,4.25,145.0,3.0,4.0,4.0,2.0,34.0,261.0,2.0,54.0,0.62963,185.0,3.0,20.0,8.0,8.0,2.86138,3.75,1.0,0.125,2.0,0.25,3.0,9.0,0.0,9.0
7.0,Zainab & Monica,TARCAN6,4.0,0.0,2,4.0,0.0,0,,,,,,,,,,,,,,,,,,,465.0,1.67,1.66667,739.0,8.0,1.0,8.0,-1.0,10.0,670.0,8.0,44.0,0.22727,724.0,8.0,34.0,6.0,6.0,1.79505,3.5,0.0,0.0,3.0,0.5,0.0,4.0,0.0,4.0
8.0,Todd & Anna,TARCAN6,7.0,8.0,7,0.0,,,,,,,,,,,,,,,,,,,,,466.0,5.5,5.5,15.0,1.0,7.0,1.0,7.0,22.0,467.0,7.0,32.0,0.6875,113.0,2.0,10.0,4.0,4.0,3.20156,2.0,0.0,0.0,1.0,0.25,7.0,8.0,0.0,8.0
9.0,Joseph & Akash,TARCAN6,1.0,1.0,0,,,,,,,,,,,,,,,,,,,,,,467.0,0.67,0.66667,802.0,9.0,1.0,8.0,1.0,2.0,785.0,9.0,25.0,0.08,803.0,9.0,23.0,3.0,3.0,0.4714,0.5,2.0,0.66667,3.0,1.0,1.0,1.0,0.0,1.0
10.0,Chewy & Happy,TARCAN6,0.0,,,,,,,,,,,,,,,,,,,,,,,,468.0,0.0,0.0,828.0,10.0,0.0,10.0,0.0,0.0,828.0,10.0,9.0,0.0,828.0,10.0,9.0,1.0,1.0,0.0,0.0,0.0,0.0,1.0,1.0,,0.0,0.0,0.0
1.0,Anthony & James,TARCAN7,4.0,3.0,5,1.0,5.0,5,4,0.0,2,3,2,,,,,,,,,,,,,,469.0,3.09,3.09091,431.0,5.0,3.0,4.0,-3.0,34.0,261.0,4.0,59.0,0.57627,257.0,4.0,25.0,11.0,11.0,1.62114,2.5,1.0,0.09091,2.0,0.18182,5.0,5.0,0.0,5.0
2.0,Sarah & Sam,TARCAN7,8.0,5.0,3,3.0,6.0,4,2,1.0,3,2,1,,,,,,,,,,,,,,470.0,3.45,3.45455,340.0,4.0,3.0,4.0,-2.0,38.0,212.0,2.0,59.0,0.64407,164.0,3.0,21.0,11.0,11.0,2.06105,2.5,2.0,0.18182,2.0,0.18182,3.0,8.0,1.0,7.0
3.0,Lauren & Joanne,TARCAN7,6.0,1.0,4,2.0,1.0,2,1,3.0,1,1,0,,,,,,,,,,,,,,471.0,2.0,2.0,677.0,7.0,1.0,6.0,-3.0,22.0,467.0,5.0,59.0,0.37288,559.0,6.0,37.0,11.0,11.0,1.65145,1.5,5.0,0.45455,6.0,0.54545,1.0,6.0,0.0,6.0
4.0,Dave & Irina,TARCAN7,9.0,7.0,7,4.0,2.0,3,5,2.0,4,0,,,,,,,,,,,,,,,472.0,4.3,4.3,141.0,1.0,4.0,1.0,3.0,43.0,152.0,1.0,57.0,0.75439,51.0,1.0,14.0,10.0,10.0,2.6096,4.25,0.0,0.0,1.0,0.1,7.0,9.0,0.0,9.0
5.0,Aarthy & Thinesh,TARCAN7,3.0,8.0,6,6.0,5.0,1,3,4.0,0,,,,,,,,,,,,,,,,473.0,4.0,4.0,193.0,2.0,4.0,1.0,4.0,36.0,240.0,3.0,54.0,0.66667,133.0,2.0,18.0,9.0,9.0,2.4037,3.0,1.0,0.11111,2.0,0.22222,3.0,8.0,0.0,8.0
6.0,Trish & Amy,TARCAN7,5.0,2.0,1,0.0,3.0,0,0,,,,,,,,,,,,,,,,,,474.0,1.57,1.57143,742.0,8.0,1.0,6.0,0.0,11.0,655.0,7.0,46.0,0.23913,717.0,8.0,35.0,7.0,7.0,1.76126,2.5,1.0,0.14286,4.0,0.57143,0.0,5.0,0.0,5.0
7.0,Meaghan & Marie,TARCAN7,7.0,4.0,2,5.0,0.0,,,,,,,,,,,,,,,,,,,,475.0,3.6,3.6,311.0,3.0,4.0,1.0,6.0,18.0,544.0,6.0,36.0,0.5,365.0,5.0,18.0,5.0,5.0,2.41661,3.0,0.0,0.0,1.0,0.2,,7.0,0.0,7.0
8.0,Gilles & Sean,TARCAN7,1.0,6.0,0,,,,,,,,,,,,,,,,,,,,,,476.0,2.33,2.33333,620.0,6.0,1.0,6.0,2.0,7.0,713.0,8.0,24.0,0.29167,672.0,7.0,17.0,3.0,3.0,2.62467,3.0,1.0,0.33333,2.0,0.66667,,6.0,0.0,6.0
9.0,Nicki & Aisha,TARCAN7,2.0,0.0,,,,,,,,,,,,,,,,,,,,,,,477.0,1.0,1.0,776.0,9.0,1.0,6.0,3.0,2.0,785.0,9.0,17.0,0.11765,778.0,9.0,15.0,2.0,2.0,1.0,1.0,0.0,0.0,1.0,0.5,,2.0,0.0,2.0
10.0,Jet & Dave,TARCAN7,0.0,,,,,,,,,,,,,,,,,,,,,,,,478.0,0.0,0.0,828.0,10.0,0.0,10.0,0.0,0.0,828.0,10.0,9.0,0.0,828.0,10.0,9.0,1.0,1.0,0.0,0.0,0.0,0.0,1.0,1.0,,0.0,0.0,0.0
1.0,Tyler & Nathan,TARAU1,5.0,10.0,7,7.0,7.0,6,4,4.0,2,1,2,2,,,,,,,,,,,,,479.0,4.75,4.75,74.0,1.0,4.5,1.0,0.0,57.0,29.0,1.0,72.0,0.79167,31.0,1.0,15.0,12.0,12.0,2.61805,5.0,1.0,0.08333,1.0,0.08333,7.0,10.0,1.0,9.0
2.0,Sam & Renae,TARAU1,10.0,6.0,2,4.0,2.0,1,2,3.0,1,0,3,1,,,,,,,,,,,,,480.0,2.92,2.91667,489.0,8.0,2.0,8.0,-6.0,35.0,253.0,4.0,72.0,0.48611,398.0,6.0,37.0,12.0,12.0,2.62864,2.25,3.0,0.25,4.0,0.33333,2.0,10.0,0.0,10.0
3.0,Jeff & Luke,TARAU1,7.0,7.0,4,5.0,5.0,4,3,5.0,3,2,1,0,,,,,,,,,,,,,481.0,3.83,3.83333,250.0,5.0,4.0,3.0,0.0,46.0,115.0,2.0,72.0,0.63889,172.0,3.0,26.0,12.0,12.0,2.07498,2.25,1.0,0.08333,2.0,0.16667,5.0,7.0,0.0,7.0
4.0,Matt & Tom,TARAU1,6.0,9.0,5,8.0,6.0,3,0,1.0,4,3,0,,,,,,,,,,,,,,482.0,4.09,4.09091,183.0,2.0,4.0,3.0,1.0,45.0,130.0,3.0,70.0,0.64286,167.0,2.0,25.0,11.0,11.0,2.90625,4.0,1.0,0.09091,3.0,0.27273,6.0,9.0,0.0,9.0
5.0,Kelly & Dave,TARAU1,9.0,5.0,6,3.0,4.0,2,1,2.0,0,,,,,,,,,,,,,,,,483.0,3.56,3.55556,318.0,6.0,3.0,6.0,-1.0,32.0,301.0,5.0,64.0,0.5,365.0,5.0,32.0,9.0,9.0,2.62937,3.0,1.0,0.11111,2.0,0.22222,2.0,9.0,0.0,9.0
6.0,Anastasia & Chris,TARAU1,4.0,8.0,3,6.0,1.0,5,5,0.0,,,,,,,,,,,,,,,,,484.0,4.0,4.0,193.0,3.0,4.5,1.0,5.0,32.0,301.0,5.0,60.0,0.53333,320.0,4.0,28.0,8.0,8.0,2.44949,2.75,1.0,0.125,2.0,0.25,5.0,8.0,0.0,8.0
7.0,Alana & Mel,TARAU1,2.0,1.0,8,2.0,3.0,0,,,,,,,,,,,,,,,,,,,485.0,2.67,2.66667,546.0,9.0,2.0,8.0,-1.0,16.0,575.0,7.0,50.0,0.32,633.0,9.0,34.0,6.0,6.0,2.56038,1.5,1.0,0.16667,2.0,0.33333,2.0,8.0,0.0,8.0
8.0,Mo & Mos,TARAU1,0.0,4.0,1,1.0,0.0,,,,,,,,,,,,,,,,,,,,486.0,1.2,1.2,771.0,11.0,1.0,11.0,-3.0,6.0,727.0,10.0,44.0,0.13636,776.0,11.0,38.0,5.0,5.0,1.46969,1.0,2.0,0.4,4.0,0.8,0.0,4.0,0.0,4.0
9.0,Richard & Joey,TARAU1,1.0,2.0,9,0.0,,,,,,,,,,,,,,,,,,,,,487.0,3.0,3.0,444.0,7.0,1.5,10.0,-1.0,12.0,636.0,8.0,37.0,0.32432,629.0,8.0,25.0,4.0,4.0,3.53553,3.0,1.0,0.25,2.0,0.5,,9.0,0.0,9.0
10.0,Anne-Marie & Tracy,TARAU1,3.0,3.0,0,,,,,,,,,,,,,,,,,,,,,,488.0,2.0,2.0,677.0,10.0,3.0,6.0,4.0,6.0,727.0,10.0,29.0,0.2069,736.0,10.0,23.0,3.0,3.0,1.41421,1.5,0.0,0.0,1.0,0.33333,3.0,3.0,0.0,3.0
11.0,Ryot & Liberty,TARAU1,8.0,0.0,,,,,,,,,,,,,,,,,,,,,,,489.0,4.0,4.0,193.0,3.0,4.0,3.0,8.0,8.0,697.0,9.0,20.0,0.4,527.0,7.0,12.0,2.0,2.0,4.0,4.0,0.0,0.0,1.0,0.5,,8.0,0.0,8.0
1.0,Shane & Andrew,TARAU2,3.0,4.0,4,4.0,3.0,2,4,5.0,4,4,1,2,,,,,,,,,,,,,490.0,3.33,3.33333,364.0,7.0,4.0,7.0,-6.0,40.0,186.0,4.0,77.0,0.51948,341.0,6.0,37.0,12.0,12.0,1.10554,1.25,1.0,0.08333,1.0,0.08333,4.0,5.0,1.0,4.0
2.0,Paul & Steve,TARAU2,1.0,6.0,5,3.0,7.0,7,6,6.0,5,1,2,1,,,,,,,,,,,,,491.0,4.17,4.16667,168.0,6.0,5.0,4.0,-2.0,50.0,71.0,2.0,77.0,0.64935,158.0,3.0,27.0,12.0,12.0,2.30338,4.25,3.0,0.25,3.0,0.25,1.0,7.0,1.0,6.0
3.0,Michelle & Jo,TARAU2,4.0,9.0,7,5.0,6.0,6,5,4.0,3,2,3,0,,,,,,,,,,,,,492.0,4.5,4.5,103.0,5.0,4.5,5.0,-2.0,54.0,39.0,1.0,77.0,0.7013,99.0,1.0,23.0,12.0,12.0,2.29129,3.0,0.0,0.0,1.0,0.08333,4.0,9.0,0.0,9.0
4.0,Joseph & Grace,TARAU2,5.0,3.0,3,6.0,4.0,5,0,1.0,2,3,0,,,,,,,,,,,,,,493.0,2.91,2.90909,490.0,9.0,3.0,8.0,-4.0,32.0,301.0,5.0,75.0,0.42667,486.0,8.0,43.0,11.0,11.0,1.92847,3.0,1.0,0.09091,3.0,0.27273,3.0,6.0,0.0,6.0
5.0,Lucy & Emilia,TARAU2,0.0,1.0,1,1.0,2.0,3,2,2.0,1,0,,,,,,,,,,,,,,,494.0,1.3,1.3,767.0,10.0,1.0,10.0,-5.0,13.0,624.0,10.0,72.0,0.18056,755.0,10.0,59.0,10.0,10.0,0.9,1.0,4.0,0.4,6.0,0.6,1.0,3.0,0.0,3.0
6.0,James & Sarah,TARAU2,8.0,2.0,2,8.0,1.0,1,3,3.0,0,,,,,,,,,,,,,,,,495.0,3.11,3.11111,423.0,8.0,2.0,9.0,-3.0,28.0,372.0,6.0,68.0,0.41176,509.0,9.0,40.0,9.0,9.0,2.76664,2.0,2.0,0.22222,3.0,0.33333,8.0,8.0,0.0,8.0
7.0,Sticky & Sam,TARAU2,6.0,10.0,9,7.0,5.0,4,1,0.0,,,,,,,,,,,,,,,,,496.0,5.25,5.25,31.0,1.0,5.5,2.0,5.0,42.0,159.0,3.0,63.0,0.66667,133.0,2.0,21.0,8.0,8.0,3.30719,4.25,1.0,0.125,2.0,0.25,,10.0,0.0,10.0
8.0,Ross & Tarryn,TARAU2,10.0,7.0,8,2.0,0.0,0,,,,,,,,,,,,,,,,,,,497.0,4.5,4.5,103.0,4.0,4.5,5.0,3.0,27.0,386.0,7.0,51.0,0.52941,325.0,5.0,24.0,6.0,6.0,3.98957,7.25,0.0,0.0,2.0,0.33333,0.0,10.0,0.0,10.0
9.0,Kym & Donna,TARAU2,9.0,5.0,6,0.0,,,,,,,,,,,,,,,,,,,,,498.0,5.0,5.0,42.0,2.0,5.5,2.0,7.0,20.0,507.0,8.0,37.0,0.54054,309.0,4.0,17.0,4.0,4.0,3.24037,3.0,0.0,0.0,1.0,0.25,,9.0,0.0,9.0
10.0,Sue & Teresa,TARAU2,7.0,8.0,0,,,,,,,,,,,,,,,,,,,,,,499.0,5.0,5.0,42.0,2.0,7.0,1.0,9.0,15.0,595.0,9.0,29.0,0.51724,346.0,7.0,14.0,3.0,3.0,3.55903,4.0,0.0,0.0,1.0,0.33333,,8.0,0.0,8.0
11.0,Adam & Dane,TARAU2,2.0,0.0,,,,,,,,,,,,,,,,,,,,,,,500.0,1.0,1.0,776.0,11.0,1.0,10.0,1.0,2.0,785.0,11.0,20.0,0.1,796.0,11.0,18.0,2.0,2.0,1.0,1.0,0.0,0.0,1.0,0.5,,2.0,0.0,2.0
1.0,Daniel & Ryan,TARAU3,6.0,6.0,5,1.0,3.0,5,4,2.0,1,2,,,,,,,,,,,,,,,501.0,3.5,3.5,329.0,3.0,3.5,3.0,-2.0,35.0,253.0,1.0,53.0,0.66038,147.0,3.0,18.0,10.0,10.0,1.85742,3.0,2.0,0.2,2.0,0.2,6.0,6.0,1.0,5.0
2.0,Sally & Tyson,TARAU3,1.0,5.0,4,2.0,2.0,3,1,4.0,2,1,,,,,,,,,,,,,,,502.0,2.5,2.5,580.0,6.0,2.0,7.0,-5.0,25.0,414.0,4.0,53.0,0.4717,422.0,5.0,28.0,10.0,10.0,1.36015,2.5,3.0,0.3,3.0,0.3,1.0,5.0,1.0,4.0
3.0,Ashleigh & Jarrod,TARAU3,4.0,2.0,3,4.0,4.0,4,0,3.0,3,0,,,,,,,,,,,,,,,503.0,2.7,2.7,541.0,4.0,3.0,4.0,-1.0,27.0,386.0,3.0,53.0,0.50943,356.0,4.0,26.0,10.0,10.0,1.48661,1.75,0.0,0.0,2.0,0.2,4.0,4.0,0.0,4.0
4.0,Carla & Hereni,TARAU3,8.0,1.0,2,6.0,1.0,1,3,1.0,0,,,,,,,,,,,,,,,,504.0,2.56,2.55556,577.0,5.0,1.0,9.0,-5.0,23.0,450.0,5.0,51.0,0.45098,449.0,6.0,28.0,9.0,9.0,2.54345,2.0,4.0,0.44444,5.0,0.55556,1.0,8.0,0.0,8.0
5.0,Cat & Jesse,TARAU3,2.0,4.0,1,3.0,0.0,2,2,0.0,,,,,,,,,,,,,,,,,505.0,1.75,1.75,717.0,9.0,2.0,7.0,-2.0,14.0,610.0,7.0,48.0,0.29167,672.0,8.0,34.0,8.0,8.0,1.29904,1.5,1.0,0.125,3.0,0.375,2.0,4.0,0.0,4.0
6.0,John & Murray,TARAU3,9.0,7.0,7,5.0,5.0,0,,,,,,,,,,,,,,,,,,,506.0,5.5,5.5,15.0,1.0,6.0,2.0,4.0,33.0,280.0,2.0,40.0,0.825,11.0,1.0,7.0,6.0,6.0,2.81366,2.0,0.0,0.0,1.0,0.16667,7.0,9.0,0.0,9.0
7.0,Emily & Jono,TARAU3,7.0,8.0,6,0.0,,,,,,,,,,,,,,,,,,,,,507.0,5.25,5.25,31.0,2.0,6.5,1.0,6.0,21.0,491.0,6.0,30.0,0.7,100.0,2.0,9.0,4.0,4.0,3.11247,2.75,0.0,0.0,1.0,0.25,,8.0,0.0,8.0
8.0,Aston & Christie,TARAU3,3.0,3.0,0,,,,,,,,,,,,,,,,,,,,,,508.0,2.0,2.0,677.0,8.0,3.0,4.0,4.0,6.0,727.0,8.0,24.0,0.25,709.0,9.0,18.0,3.0,3.0,1.41421,1.5,0.0,0.0,1.0,0.33333,3.0,3.0,0.0,3.0
9.0,Elizabeth & Todd,TARAU3,5.0,0.0,,,,,,,,,,,,,,,,,,,,,,,509.0,2.5,2.5,580.0,6.0,2.5,6.0,3.0,5.0,741.0,9.0,17.0,0.29412,670.0,7.0,12.0,2.0,2.0,2.5,2.5,0.0,0.0,1.0,0.5,,5.0,0.0,5.0
10.0,Inga & Tiharna,TARAU3,0.0,,,,,,,,,,,,,,,,,,,,,,,,510.0,0.0,0.0,828.0,10.0,0.0,10.0,0.0,0.0,828.0,10.0,9.0,0.0,828.0,10.0,9.0,1.0,1.0,0.0,0.0,0.0,0.0,1.0,1.0,,0.0,0.0,0.0
1.0,Tim & Rod,TARAU4,7.0,6.0,6,4.0,3.0,5,4,4.0,2,1,3,2,,,,,,,,,,,,,511.0,3.92,3.91667,236.0,3.0,4.0,3.0,-2.0,47.0,108.0,2.0,71.0,0.66197,144.0,2.0,24.0,12.0,12.0,1.75396,2.5,1.0,0.08333,1.0,0.08333,4.0,7.0,1.0,6.0
2.0,Jasmin & Jerome,TARAU4,5.0,5.0,5,5.0,7.0,4,1,3.0,3,3,1,1,,,,,,,,,,,,,512.0,3.58,3.58333,314.0,4.0,3.5,4.0,-2.0,43.0,152.0,3.0,71.0,0.60563,217.0,3.0,28.0,12.0,12.0,1.84654,2.5,3.0,0.25,3.0,0.25,5.0,7.0,1.0,6.0
3.0,Viv & Joey,TARAU4,9.0,8.0,7,2.0,1.0,2,3,1.0,0,2,2,0,,,,,,,,,,,,,513.0,3.08,3.08333,438.0,5.0,2.0,7.0,-4.0,37.0,224.0,4.0,71.0,0.52113,338.0,5.0,34.0,12.0,12.0,2.98492,3.0,2.0,0.16667,4.0,0.33333,2.0,9.0,0.0,9.0
4.0,Tom & Tyler,TARAU4,10.0,9.0,8,8.0,6.0,3,5,5.0,4,4,0,,,,,,,,,,,,,,514.0,5.64,5.63636,14.0,1.0,5.0,2.0,2.0,62.0,11.0,1.0,69.0,0.89855,2.0,1.0,7.0,11.0,11.0,2.80495,4.0,0.0,0.0,1.0,0.09091,8.0,10.0,0.0,10.0
5.0,Femi & Nick,TARAU4,6.0,1.0,2,1.0,5.0,1,2,2.0,1,0,,,,,,,,,,,,,,,515.0,2.1,2.1,671.0,8.0,1.5,8.0,-3.0,21.0,491.0,7.0,66.0,0.31818,637.0,7.0,45.0,10.0,10.0,1.81384,1.0,4.0,0.4,5.0,0.5,1.0,6.0,0.0,6.0
6.0,Sid & Ash,TARAU4,2.0,3.0,3,6.0,4.0,6,0,0.0,,,,,,,,,,,,,,,,,516.0,3.0,3.0,444.0,6.0,3.0,5.0,1.0,24.0,429.0,6.0,58.0,0.41379,507.0,6.0,34.0,8.0,8.0,2.17945,3.0,0.0,0.0,2.0,0.25,3.0,6.0,0.0,6.0
7.0,Hayley & Mikayla,TARAU4,8.0,7.0,4,7.0,2.0,0,,,,,,,,,,,,,,,,,,,517.0,4.67,4.66667,87.0,2.0,5.5,1.0,6.0,28.0,372.0,5.0,48.0,0.58333,243.0,4.0,20.0,6.0,6.0,2.92499,4.5,0.0,0.0,1.0,0.16667,7.0,8.0,0.0,8.0
8.0,Chris & Adrienne,TARAU4,4.0,4.0,1,3.0,0.0,,,,,,,,,,,,,,,,,,,,518.0,2.4,2.4,609.0,7.0,3.0,5.0,3.0,12.0,636.0,8.0,42.0,0.28571,675.0,8.0,30.0,5.0,5.0,1.62481,3.0,1.0,0.2,2.0,0.4,4.0,4.0,0.0,4.0
9.0,Rowah & Amani,TARAU4,3.0,2.0,0,0.0,,,,,,,,,,,,,,,,,,,,,519.0,1.25,1.25,769.0,9.0,1.0,9.0,0.0,5.0,741.0,9.0,35.0,0.14286,772.0,9.0,30.0,4.0,4.0,1.29904,2.25,0.0,0.0,2.0,0.5,0.0,3.0,0.0,3.0
10.0,Judy & Therese,TARAU4,1.0,0.0,,,,,,,,,,,,,,,,,,,,,,,520.0,0.5,0.5,807.0,10.0,0.5,10.0,0.0,1.0,805.0,10.0,19.0,0.05263,812.0,10.0,18.0,2.0,2.0,0.5,0.5,1.0,0.5,2.0,1.0,,1.0,0.0,1.0
11.0,Alana & Niko,TARAU4,0.0,,,,,,,,,,,,,,,,,,,,,,,,521.0,0.0,0.0,828.0,11.0,0.0,11.0,0.0,0.0,828.0,11.0,10.0,0.0,828.0,11.0,10.0,1.0,1.0,0.0,0.0,0.0,0.0,1.0,1.0,,0.0,0.0,0.0
1.0,Brendon & Jackson,TARAU5,2.0,10.0,10,11.0,8.0,3,5,3.0,3,6,0,4,6.0,7.0,⏭︎,1.0,0.0,3,1.0,2.0,3.0,2.0,2.0,2.0,522.0,4.09,4.08696,184.0,7.0,3.0,10.0,-9.0,94.0,3.0,3.0,160.0,0.5875,236.0,5.0,66.0,23.0,23.0,3.16108,4.0,2.0,0.08696,4.0,0.17391,2.0,11.0,0.0,11.0
2.0,Ashleigh & Amanda,TARAU5,6.0,9.0,9,9.0,10.0,⏭︎,4,6.0,7,8,6,7,7.0,5.0,2,2.0,5.0,⏭︎,4.0,4.0,1.0,3.0,0.0,1.0,523.0,5.23,5.22727,36.0,3.0,5.5,3.0,-1.0,115.0,1.0,1.0,154.0,0.74675,59.0,1.0,39.0,22.0,22.0,2.84336,3.75,2.0,0.09091,3.0,0.13636,6.0,10.0,0.0,10.0
3.0,Jaskirat & Anurag,TARAU5,13.0,12.0,⏭︎,4.0,9.0,6,9,1.0,1,7,4,3,5.0,6.0,4,3.0,2.0,4,0.0,1.0,2.0,1.0,1.0,0.0,524.0,4.26,4.26087,144.0,6.0,4.0,6.0,-3.0,98.0,2.0,2.0,155.0,0.63226,181.0,4.0,57.0,23.0,23.0,3.60214,5.0,5.0,0.21739,7.0,0.30435,1.0,13.0,0.0,13.0
4.0,Chris & Aleisha,TARAU5,11.0,5.0,4,5.0,7.0,4,6,7.0,6,9,1,2,3.0,1.0,5,4.0,1.0,1,3.0,3.0,0.0,0.0,,,525.0,4.0,4.0,193.0,8.0,4.0,6.0,-2.0,88.0,4.0,4.0,162.0,0.54321,302.0,6.0,74.0,22.0,22.0,2.84445,4.5,4.0,0.18182,6.0,0.27273,1.0,11.0,0.0,11.0
5.0,Skye-Blue & Jake,TARAU5,8.0,3.0,8,7.0,6.0,8,3,2.0,4,2,3,1,4.0,4.0,1,6.0,4.0,2,2.0,0.0,,,,,526.0,3.9,3.9,239.0,9.0,3.5,9.0,-4.0,78.0,5.0,5.0,156.0,0.5,365.0,7.0,78.0,20.0,20.0,2.42693,4.0,2.0,0.1,3.0,0.15,2.0,8.0,0.0,8.0
6.0,MJ & Chelsea,TARAU5,,,,,,,7,8.0,⏭︎,5,8,⏭︎,1.0,2.0,6,5.0,3.0,0,,,,,,,527.0,4.5,4.5,103.0,5.0,5.0,4.0,2.0,45.0,130.0,7.0,69.0,0.65217,154.0,3.0,24.0,10.0,10.0,2.72947,4.5,1.0,0.1,2.0,0.2,8.0,8.0,0.0,8.0
7.0,Holly & Dolor,TARAU5,5.0,2.0,7,3.0,5.0,1,2,5.0,0,1,5,6,2.0,3.0,3,0.0,,,,,,,,,528.0,3.13,3.125,421.0,12.0,3.0,10.0,-3.0,50.0,71.0,6.0,139.0,0.35971,585.0,11.0,89.0,16.0,16.0,2.08791,3.25,2.0,0.125,4.0,0.25,5.0,7.0,0.0,7.0
8.0,Stan & Wayne,TARAU5,,,,,,,,,,4,2,5,0.0,0.0,0,,,,,,,,,,529.0,1.83,1.83333,713.0,15.0,1.0,15.0,-7.0,11.0,655.0,14.0,44.0,0.25,709.0,14.0,33.0,6.0,6.0,2.03443,3.5,0.0,0.0,3.0,0.5,0.0,5.0,0.0,5.0
9.0,Jordan & Violeta,TARAU5,10.0,8.0,2,1.0,1.0,2,1,4.0,5,3,7,0,,,,,,,,,,,,,530.0,3.67,3.66667,291.0,10.0,2.5,12.0,-3.0,44.0,138.0,8.0,113.0,0.38938,546.0,10.0,69.0,12.0,12.0,3.06413,4.5,3.0,0.25,4.0,0.33333,1.0,10.0,0.0,10.0
10.0,Dwes & Katherine,TARAU5,0.0,,3,2.0,4.0,5,8,0.0,2,0,,,,,,,,,,,,,,,531.0,2.67,2.66667,546.0,14.0,2.0,13.0,-3.0,24.0,429.0,11.0,86.0,0.27907,686.0,13.0,62.0,9.0,9.0,2.53859,4.0,0.0,0.0,3.0,0.33333,0.0,8.0,0.0,8.0
11.0,Sefa & Jessica,TARAU5,7.0,4.0,5,8.0,3.0,7,0,,,,,,,,,,,,,,,,,,532.0,4.86,4.85714,62.0,4.0,5.0,4.0,7.0,34.0,261.0,10.0,74.0,0.45946,438.0,9.0,40.0,7.0,7.0,2.58725,3.5,0.0,0.0,1.0,0.14286,7.0,8.0,0.0,8.0
12.0,Jobelle & Rani,TARAU5,1.0,6.0,6,6.0,2.0,0,,,,,,,,,,,,,,,,,,,533.0,3.5,3.5,329.0,11.0,4.0,6.0,6.0,21.0,491.0,12.0,65.0,0.32308,631.0,12.0,44.0,6.0,6.0,2.5658,4.75,1.0,0.16667,2.0,0.33333,6.0,6.0,0.0,6.0
13.0,Shane & Deb,TARAU5,9.0,11.0,11,10.0,0.0,,,,,,,,,,,,,,,,,,,,534.0,8.2,8.2,1.0,1.0,10.0,1.0,12.0,41.0,171.0,9.0,57.0,0.7193,87.0,2.0,16.0,5.0,5.0,4.16653,2.0,0.0,0.0,1.0,0.2,11.0,11.0,0.0,11.0
14.0,Malaan & Tina,TARAU5,3.0,7.0,1,0.0,,,,,,,,,,,,,,,,,,,,,535.0,2.75,2.75,524.0,13.0,2.0,13.0,1.0,11.0,655.0,14.0,47.0,0.23404,722.0,15.0,36.0,4.0,4.0,2.68095,3.25,1.0,0.25,2.0,0.5,,7.0,0.0,7.0
15.0,Jude & Shannon,TARAU5,4.0,1.0,0,,,,,,,,,,,,,,,,,,,,,,536.0,1.67,1.66667,739.0,16.0,1.0,15.0,0.0,5.0,741.0,16.0,36.0,0.13889,775.0,16.0,31.0,3.0,3.0,1.69967,2.0,1.0,0.33333,2.0,0.66667,,4.0,0.0,4.0
16.0,Alex & Jack,TARAU5,12.0,0.0,,,,,,,,,,,,,,,,,,,,,,,537.0,6.0,6.0,7.0,2.0,6.0,2.0,14.0,12.0,636.0,13.0,25.0,0.48,403.0,8.0,13.0,2.0,2.0,6.0,6.0,0.0,0.0,1.0,0.5,,12.0,0.0,12.0
1.0,Charlie & Rachel,TARCR1,9.0,7.0,7,7.0,3.0,5,3,4.0,0,1,3,2,,,,,,,,,,,,,538.0,4.25,4.25,145.0,2.0,3.5,4.0,-3.0,51.0,62.0,1.0,65.0,0.78462,36.0,1.0,14.0,12.0,12.0,2.64969,4.25,1.0,0.08333,2.0,0.16667,7.0,9.0,0.0,9.0
2.0,Rick & Josh,TARCR1,7.0,9.0,8,5.0,6.0,1,4,2.0,3,4,1,1,,,,,,,,,,,,,539.0,4.25,4.25,145.0,2.0,4.0,2.0,0.0,51.0,62.0,1.0,65.0,0.78462,36.0,1.0,14.0,12.0,12.0,2.68095,4.5,3.0,0.25,3.0,0.25,1.0,9.0,1.0,8.0
3.0,Deepak & Naresh,TARCR1,1.0,5.0,4,4.0,1.0,3,1,0.0,1,2,2,0,,,,,,,,,,,,,540.0,2.0,2.0,677.0,7.0,1.5,8.0,-5.0,24.0,429.0,5.0,65.0,0.36923,565.0,5.0,41.0,12.0,12.0,1.58114,2.25,4.0,0.33333,6.0,0.5,1.0,5.0,0.0,5.0
4.0,Lisa & Karen,TARCR1,5.0,2.0,1,3.0,2.0,2,0,1.0,2,3,0,,,,,,,,,,,,,,541.0,1.91,1.90909,709.0,8.0,2.0,7.0,-3.0,21.0,491.0,6.0,63.0,0.33333,613.0,6.0,42.0,11.0,11.0,1.3787,1.5,2.0,0.18182,4.0,0.36364,2.0,5.0,0.0,5.0
5.0,Sarah & Molly,TARCR1,6.0,6.0,5,2.0,4.0,4,2,3.0,4,0,,,,,,,,,,,,,,,542.0,3.6,3.6,311.0,4.0,4.0,2.0,3.0,36.0,240.0,3.0,60.0,0.6,220.0,4.0,24.0,10.0,10.0,1.8,2.5,0.0,0.0,1.0,0.1,4.0,6.0,0.0,6.0
6.0,Sean & Amy,TARCR1,8.0,8.0,6,6.0,5.0,0,,,,,,,,,,,,,,,,,,,543.0,5.5,5.5,15.0,1.0,6.0,1.0,5.0,33.0,280.0,4.0,44.0,0.75,54.0,3.0,11.0,6.0,6.0,2.69258,2.25,0.0,0.0,1.0,0.16667,8.0,8.0,0.0,8.0
7.0,Bonnie & Mel,TARCR1,3.0,4.0,3,1.0,0.0,,,,,,,,,,,,,,,,,,,,544.0,2.2,2.2,656.0,6.0,3.0,5.0,2.0,11.0,655.0,7.0,39.0,0.28205,681.0,7.0,28.0,5.0,5.0,1.46969,2.0,1.0,0.2,2.0,0.4,3.0,4.0,0.0,4.0
8.0,Janis & Aleksandra,TARCR1,4.0,3.0,2,0.0,,,,,,,,,,,,,,,,,,,,,545.0,2.25,2.25,641.0,5.0,2.5,6.0,2.0,9.0,684.0,8.0,33.0,0.27273,688.0,8.0,24.0,4.0,4.0,1.47902,1.75,0.0,0.0,1.0,0.25,,4.0,0.0,4.0
9.0,Miguel & Hector,TARCR1,2.0,1.0,0,,,,,,,,,,,,,,,,,,,,,,546.0,1.0,1.0,776.0,9.0,1.0,9.0,0.0,3.0,765.0,9.0,26.0,0.11538,781.0,9.0,23.0,3.0,3.0,0.8165,1.0,1.0,0.33333,2.0,0.66667,,2.0,0.0,2.0
10.0,Paul & Francis,TARCR1,0.0,0.0,,,,,,,,,,,,,,,,,,,,,,,547.0,0.0,0.0,828.0,10.0,0.0,10.0,0.0,0.0,828.0,10.0,18.0,0.0,828.0,10.0,18.0,2.0,2.0,0.0,0.0,0.0,0.0,2.0,1.0,0.0,0.0,0.0,0.0
1.0,Lily & Jan,TARCR2,8.0,5.0,2,5.0,5.0,6,1,5.0,3,4,2,2,,,,,,,,,,,,,548.0,4.0,4.0,193.0,3.0,4.5,3.0,-2.0,48.0,93.0,1.0,69.0,0.69565,102.0,1.0,21.0,12.0,11.0,1.95789,3.0,1.0,0.08333,1.0,0.08333,5.0,8.0,1.0,7.0
2.0,Simon & Katherine,TARCR2,5.0,2.0,3,2.0,2.0,1,3,1.0,1,2,1,1,,,,,,,,,,,,,549.0,2.0,2.0,677.0,9.0,2.0,8.0,-6.0,24.0,429.0,6.0,69.0,0.34783,602.0,9.0,45.0,12.0,11.0,1.1547,1.25,5.0,0.41667,5.0,0.41667,1.0,5.0,1.0,4.0
3.0,Sun Bin & Hao Fei'er,TARCR2,3.0,1.0,8,7.0,6.0,5,4,4.0,2,3,3,0,,,,,,,,,,,,,550.0,3.83,3.83333,250.0,5.0,3.5,5.0,-2.0,46.0,115.0,2.0,69.0,0.66667,133.0,2.0,23.0,12.0,11.0,2.26691,2.5,1.0,0.08333,2.0,0.16667,3.0,8.0,0.0,8.0
4.0,Matt & Kylie,TARCR2,1.0,3.0,7,4.0,3.0,2,2,3.0,4,1,0,,,,,,,,,,,,,,551.0,2.73,2.72727,535.0,8.0,3.0,7.0,-3.0,30.0,344.0,5.0,67.0,0.44776,453.0,7.0,37.0,11.0,10.0,1.81363,2.0,2.0,0.18182,3.0,0.27273,3.0,7.0,0.0,7.0
5.0,Mary & Cecilia,TARCR2,10.0,9.0,1,1.0,1.0,3,5,2.0,0,0,,,,,,,,,,,,,,,552.0,3.2,3.2,398.0,6.0,1.5,9.0,-4.0,32.0,301.0,3.0,64.0,0.5,365.0,5.0,32.0,10.0,9.0,3.45832,3.5,3.0,0.3,5.0,0.5,1.0,10.0,0.0,10.0
6.0,Elena & Tameka,TARCR2,4.0,8.0,6,6.0,4.0,4,0,0.0,,,,,,,,,,,,,,,,,553.0,4.0,4.0,193.0,3.0,4.0,4.0,2.0,32.0,301.0,3.0,56.0,0.57143,264.0,4.0,24.0,8.0,8.0,2.64575,3.0,0.0,0.0,2.0,0.25,4.0,8.0,0.0,8.0
7.0,Rhett & Howie,TARCR2,6.0,4.0,5,3.0,0.0,0,,,,,,,,,,,,,,,,,,,554.0,3.0,3.0,444.0,7.0,3.5,5.0,2.0,18.0,544.0,7.0,46.0,0.3913,543.0,8.0,28.0,6.0,6.0,2.3094,4.0,0.0,0.0,2.0,0.33333,0.0,6.0,0.0,6.0
8.0,Summer & Eachen,TARCR2,7.0,6.0,4,0.0,,,,,,,,,,,,,,,,,,,,,555.0,4.25,4.25,145.0,2.0,5.0,2.0,6.0,17.0,559.0,8.0,34.0,0.5,365.0,5.0,17.0,4.0,4.0,2.68095,3.25,0.0,0.0,1.0,0.25,,7.0,0.0,7.0
9.0,Xiao Long & Lv Meng,TARCR2,9.0,7.0,0,,,,,,,,,,,,,,,,,,,,,,556.0,5.33,5.33333,28.0,1.0,7.0,1.0,8.0,16.0,575.0,9.0,27.0,0.59259,228.0,3.0,11.0,3.0,3.0,3.85861,4.5,0.0,0.0,1.0,0.33333,,9.0,0.0,9.0
10.0,A Lai & Jackie,TARCR2,2.0,0.0,,,,,,,,,,,,,,,,,,,,,,,557.0,1.0,1.0,776.0,10.0,1.0,10.0,0.0,2.0,785.0,10.0,19.0,0.10526,789.0,10.0,17.0,2.0,2.0,1.0,1.0,0.0,0.0,1.0,0.5,,2.0,0.0,2.0
11.0,Paul & Nash,TARCR2,0.0,,,,,,,,,,,,,,,,,,,,,,,,558.0,0.0,0.0,828.0,11.0,0.0,11.0,0.0,0.0,828.0,11.0,10.0,0.0,828.0,11.0,10.0,1.0,1.0,0.0,0.0,0.0,0.0,1.0,1.0,,0.0,0.0,0.0
1.0,Liu Weiwei & Lei Sheng,TARCR3,10.0,9.0,4,3.0,5.0,4,6,2.0,4,4,1,2,,,,,,,,,,,,,559.0,4.5,4.5,103.0,2.0,4.0,3.0,-2.0,54.0,39.0,1.0,72.0,0.75,54.0,1.0,18.0,12.0,12.0,2.59808,2.5,1.0,0.08333,1.0,0.08333,4.0,10.0,1.0,9.0
2.0,Christine & Steven,TARCR3,7.0,7.0,2,1.0,2.0,5,1,4.0,3,1,2,1,,,,,,,,,,,,,560.0,3.0,3.0,444.0,6.0,2.0,6.0,-4.0,36.0,240.0,4.0,72.0,0.5,365.0,5.0,36.0,12.0,12.0,2.16025,3.25,4.0,0.33333,4.0,0.33333,1.0,7.0,1.0,6.0
3.0,Ryan & Charlie,TARCR3,6.0,5.0,6,7.0,6.0,7,3,3.0,1,2,3,0,,,,,,,,,,,,,561.0,4.08,4.08333,185.0,4.0,4.0,3.0,0.0,49.0,85.0,2.0,72.0,0.68056,123.0,2.0,23.0,12.0,12.0,2.28977,3.25,1.0,0.08333,2.0,0.16667,6.0,7.0,0.0,7.0
4.0,Zhang Yelin & Li Yang,TARCR3,2.0,6.0,3,5.0,0.0,3,2,5.0,2,3,0,,,,,,,,,,,,,,562.0,2.82,2.81818,508.0,7.0,3.0,5.0,-1.0,31.0,325.0,5.0,70.0,0.44286,470.0,6.0,39.0,11.0,11.0,1.84973,2.0,0.0,0.0,2.0,0.18182,2.0,6.0,0.0,6.0
5.0,Janelle & Karin,TARCR3,5.0,1.0,8,2.0,4.0,2,5,1.0,0,0,,,,,,,,,,,,,,,563.0,2.8,2.8,513.0,8.0,2.0,6.0,-1.0,28.0,372.0,6.0,67.0,0.41791,504.0,7.0,39.0,10.0,10.0,2.48193,3.75,2.0,0.2,4.0,0.4,5.0,8.0,0.0,8.0
6.0,Khai Shing & Khai Sheng,TARCR3,4.0,4.0,7,6.0,7.0,6,4,0.0,,,,,,,,,,,,,,,,,564.0,4.75,4.75,74.0,1.0,5.0,1.0,5.0,38.0,212.0,3.0,59.0,0.64407,164.0,3.0,21.0,8.0,8.0,2.16506,2.25,0.0,0.0,1.0,0.125,4.0,7.0,0.0,7.0
7.0,Henry & Jennifer,TARCR3,1.0,3.0,1,0.0,3.0,1,0,,,,,,,,,,,,,,,,,,565.0,1.29,1.28571,768.0,10.0,1.0,10.0,-3.0,9.0,684.0,9.0,54.0,0.16667,759.0,9.0,45.0,7.0,7.0,1.16058,1.5,3.0,0.42857,5.0,0.71429,1.0,3.0,0.0,3.0
8.0,Xiao Bing & Xiao Bang,TARCR3,8.0,8.0,5,4.0,1.0,0,,,,,,,,,,,,,,,,,,,566.0,4.33,4.33333,137.0,3.0,4.5,2.0,6.0,26.0,402.0,7.0,48.0,0.54167,306.0,4.0,22.0,6.0,6.0,3.09121,5.5,1.0,0.16667,2.0,0.33333,8.0,8.0,0.0,8.0
9.0,Yu Ping & Yu Chenjing,TARCR3,9.0,2.0,0,,,,,,,,,,,,,,,,,,,,,,567.0,3.67,3.66667,291.0,5.0,2.0,6.0,3.0,11.0,655.0,8.0,27.0,0.40741,515.0,8.0,16.0,3.0,3.0,3.85861,4.5,0.0,0.0,1.0,0.33333,,9.0,0.0,9.0
10.0,Nick & Brandon,TARCR3,3.0,0.0,,,,,,,,,,,,,,,,,,,,,,,568.0,1.5,1.5,746.0,9.0,1.5,9.0,1.0,3.0,765.0,10.0,19.0,0.15789,762.0,10.0,16.0,2.0,2.0,1.5,1.5,0.0,0.0,1.0,0.5,,3.0,0.0,3.0
11.0,Rob & Jia Jia,TARCR3,0.0,,,,,,,,,,,,,,,,,,,,,,,,569.0,0.0,0.0,828.0,11.0,0.0,11.0,0.0,0.0,828.0,11.0,10.0,0.0,828.0,11.0,10.0,1.0,1.0,0.0,0.0,0.0,0.0,1.0,1.0,,0.0,0.0,0.0
1.0,Patrícia & Sane,TARBR1,8.0,6.0,7,4.0,4.0,4,2,3.0,1,2,3,2,2.0,,,,,,,,,,,,570.0,3.69,3.69231,289.0,4.0,3.0,3.0,-2.0,48.0,93.0,3.0,75.0,0.64,169.0,3.0,27.0,13.0,13.0,2.05256,2.0,1.0,0.07692,1.0,0.07692,2.0,8.0,1.0,7.0
2.0,Jonatas & Rafael,TARBR1,9.0,9.0,0,8.0,6.0,5,3,4.0,2,1,1,1,1.0,,,,,,,,,,,,571.0,3.85,3.84615,248.0,3.0,3.0,3.0,-1.0,50.0,71.0,2.0,75.0,0.66667,133.0,2.0,25.0,13.0,13.0,3.13408,5.0,4.0,0.30769,5.0,0.38462,1.0,9.0,0.0,9.0
3.0,Perri & Maristela,TARBR1,10.0,7.0,5,5.0,5.0,6,6,2.0,4,3,2,3,0.0,,,,,,,,,,,,572.0,4.46,4.46154,115.0,1.0,5.0,1.0,2.0,58.0,24.0,1.0,75.0,0.77333,40.0,1.0,17.0,13.0,13.0,2.46874,3.0,0.0,0.0,1.0,0.07692,5.0,10.0,0.0,10.0
4.0,Jorge & Silvia,TARBR1,7.0,3.0,4,2.0,3.0,2,4,1.0,3,4,0,0,,,,,,,,,,,,,573.0,2.75,2.75,524.0,7.0,3.0,3.0,1.0,33.0,280.0,4.0,73.0,0.45205,448.0,5.0,40.0,12.0,12.0,1.87639,2.25,1.0,0.08333,3.0,0.25,3.0,7.0,0.0,7.0
5.0,Débora & Daniela,TARBR1,3.0,5.0,2,6.0,1.0,3,5,5.0,0,0,,,,,,,,,,,,,,,574.0,3.0,3.0,444.0,6.0,3.0,3.0,2.0,30.0,344.0,5.0,67.0,0.44776,453.0,6.0,37.0,10.0,10.0,2.09762,3.75,1.0,0.1,3.0,0.3,5.0,6.0,0.0,6.0
6.0,Andréa & Luciana,TARBR1,2.0,2.0,3,3.0,7.0,0,1,0.0,,,,,,,,,,,,,,,,,575.0,2.25,2.25,641.0,9.0,2.0,8.0,-2.0,18.0,544.0,8.0,59.0,0.30508,652.0,9.0,41.0,8.0,8.0,2.10654,2.25,1.0,0.125,3.0,0.375,2.0,7.0,0.0,7.0
7.0,Milene & Jaqueline,TARBR1,6.0,8.0,1,1.0,2.0,1,0,,,,,,,,,,,,,,,,,,576.0,2.71,2.71429,537.0,8.0,1.0,9.0,-2.0,19.0,526.0,7.0,54.0,0.35185,595.0,8.0,35.0,7.0,7.0,2.81396,3.0,3.0,0.42857,4.0,0.57143,1.0,8.0,0.0,8.0
8.0,Mari Lice & Tâmisa,TARBR1,5.0,4.0,6,7.0,0.0,,,,,,,,,,,,,,,,,,,,577.0,4.4,4.4,125.0,2.0,5.0,1.0,7.0,22.0,467.0,6.0,42.0,0.52381,334.0,4.0,20.0,5.0,5.0,2.41661,2.0,0.0,0.0,1.0,0.2,,7.0,0.0,7.0
9.0,Carlos & Eduardo,TARBR1,4.0,1.0,8,0.0,,,,,,,,,,,,,,,,,,,,,578.0,3.25,3.25,385.0,5.0,2.5,7.0,2.0,13.0,624.0,9.0,35.0,0.37143,561.0,7.0,22.0,4.0,4.0,3.11247,4.25,1.0,0.25,2.0,0.5,,8.0,0.0,8.0
10.0,Marcelo & Narciso,TARBR1,1.0,0.0,,,,,,,,,,,,,,,,,,,,,,,579.0,0.5,0.5,807.0,10.0,0.5,10.0,0.0,1.0,805.0,10.0,19.0,0.05263,812.0,10.0,18.0,2.0,2.0,0.5,0.5,1.0,0.5,2.0,1.0,,1.0,0.0,1.0
11.0,Sandro & Daniel,TARBR1,0.0,,,,,,,,,,,,,,,,,,,,,,,,580.0,0.0,0.0,828.0,11.0,0.0,11.0,0.0,0.0,828.0,11.0,10.0,0.0,828.0,11.0,10.0,1.0,1.0,0.0,0.0,0.0,0.0,1.0,1.0,,0.0,0.0,0.0
1.0,Shay & Guy,TARIL1,3.0,8.0,7,3.0,3.0,5,4,3.0,2,2,,,,,,,,,,,,,,,581.0,4.0,4.0,193.0,2.0,3.0,4.0,-3.0,40.0,186.0,2.0,57.0,0.70175,97.0,2.0,17.0,10.0,10.0,1.94936,1.75,0.0,0.0,0.0,0.0,3.0,8.0,2.0,6.0
2.0,Maya & Amichay,TARIL1,9.0,9.0,6,7.0,6.0,3,1,2.0,1,1,,,,,,,,,,,,,,,582.0,4.5,4.5,103.0,1.0,4.5,1.0,1.0,45.0,130.0,1.0,57.0,0.78947,32.0,1.0,12.0,10.0,10.0,3.10644,5.5,3.0,0.3,3.0,0.3,1.0,9.0,1.0,8.0
3.0,Tom & Gil,TARIL1,5.0,6.0,5,4.0,1.0,4,3,1.0,3,0,,,,,,,,,,,,,,,583.0,3.2,3.2,398.0,4.0,3.5,3.0,0.0,32.0,301.0,4.0,57.0,0.5614,279.0,4.0,25.0,10.0,10.0,1.8868,3.25,2.0,0.2,3.0,0.3,5.0,6.0,0.0,6.0
4.0,Michal & Ran,TARIL1,7.0,7.0,4,6.0,5.0,1,2,4.0,0,,,,,,,,,,,,,,,,584.0,4.0,4.0,193.0,2.0,4.0,2.0,2.0,36.0,240.0,3.0,55.0,0.65455,150.0,3.0,19.0,9.0,9.0,2.4037,4.0,1.0,0.11111,2.0,0.22222,7.0,7.0,0.0,7.0
5.0,Hadas & Inbal,TARIL1,6.0,2.0,2,5.0,4.0,2,0,0.0,,,,,,,,,,,,,,,,,585.0,2.63,2.625,563.0,6.0,2.0,6.0,-1.0,21.0,491.0,5.0,52.0,0.40385,524.0,6.0,31.0,8.0,8.0,2.05776,2.75,0.0,0.0,2.0,0.25,2.0,6.0,0.0,6.0
6.0,Yael & Eliana,TARIL1,8.0,4.0,3,2.0,2.0,0,,,,,,,,,,,,,,,,,,,586.0,3.17,3.16667,409.0,5.0,2.5,5.0,1.0,19.0,526.0,6.0,44.0,0.43182,478.0,5.0,25.0,6.0,6.0,2.47768,1.75,0.0,0.0,1.0,0.16667,2.0,8.0,0.0,8.0
7.0,Hannah & Margalit,TARIL1,1.0,1.0,8,1.0,0.0,,,,,,,,,,,,,,,,,,,,587.0,2.2,2.2,656.0,7.0,1.0,9.0,-2.0,11.0,655.0,7.0,39.0,0.28205,681.0,7.0,28.0,5.0,5.0,2.92575,0.0,3.0,0.6,4.0,0.8,1.0,8.0,0.0,8.0
8.0,Alen & Inbal,TARIL1,2.0,5.0,1,0.0,,,,,,,,,,,,,,,,,,,,,588.0,2.0,2.0,677.0,8.0,1.5,8.0,0.0,8.0,697.0,8.0,33.0,0.24242,714.0,8.0,25.0,4.0,4.0,1.87083,2.0,1.0,0.25,2.0,0.5,,5.0,0.0,5.0
9.0,Asher & Maor,TARIL1,0.0,3.0,0,,,,,,,,,,,,,,,,,,,,,,589.0,1.0,1.0,776.0,10.0,0.0,10.0,-1.0,3.0,765.0,10.0,26.0,0.11538,781.0,10.0,23.0,3.0,3.0,1.41421,1.5,0.0,0.0,2.0,0.66667,0.0,3.0,0.0,3.0
10.0,Liran & Elena,TARIL1,4.0,0.0,,,,,,,,,,,,,,,,,,,,,,,590.0,2.0,2.0,677.0,8.0,2.0,6.0,4.0,4.0,755.0,9.0,18.0,0.22222,725.0,9.0,14.0,2.0,2.0,2.0,2.0,0.0,0.0,1.0,0.5,,4.0,0.0,4.0
1.0,Bar & Inna,TARIL2,3.0,1.0,2,1.0,6.0,3,2,0.0,0,4,1,3,2.0,,,,,,,,,,,,591.0,2.15,2.15385,667.0,7.0,2.0,5.0,-4.0,28.0,372.0,4.0,69.0,0.4058,520.0,5.0,41.0,13.0,13.0,1.60988,2.0,3.0,0.23077,5.0,0.38462,3.0,6.0,0.0,6.0
2.0,Alon & Oren,TARIL2,8.0,8.0,6,5.0,5.0,4,5,4.0,2,3,2,1,1.0,,,,,,,,,,,,592.0,4.15,4.15385,176.0,2.0,4.0,1.0,1.0,54.0,39.0,1.0,69.0,0.78261,38.0,1.0,15.0,13.0,13.0,2.24794,3.0,2.0,0.15385,2.0,0.15385,5.0,8.0,1.0,7.0
3.0,Anaelle & Akiva,TARIL2,10.0,4.0,5,2.0,2.0,5,4,3.0,3,2,3,2,0.0,,,,,,,,,,,,593.0,3.46,3.46154,338.0,4.0,3.0,4.0,-1.0,45.0,130.0,2.0,69.0,0.65217,154.0,2.0,24.0,13.0,13.0,2.30769,2.0,0.0,0.0,1.0,0.07692,2.0,10.0,0.0,10.0
4.0,Tom & Adele,TARIL2,6.0,6.0,3,0.0,1.0,2,3,1.0,4,1,0,0,,,,,,,,,,,,,594.0,2.25,2.25,641.0,5.0,1.5,7.0,-3.0,27.0,386.0,5.0,67.0,0.40299,525.0,6.0,40.0,12.0,12.0,2.08666,2.5,3.0,0.25,6.0,0.5,0.0,6.0,0.0,6.0
5.0,Osnat & Carmit,TARIL2,5.0,5.0,1,3.0,4.0,0,1,2.0,1,0,,,,,,,,,,,,,,,595.0,2.2,2.2,656.0,6.0,1.5,7.0,-2.0,22.0,467.0,6.0,61.0,0.36066,583.0,7.0,39.0,10.0,10.0,1.83303,2.75,3.0,0.3,5.0,0.5,1.0,5.0,0.0,5.0
6.0,Pundak & Moti,TARIL2,9.0,7.0,7,4.0,3.0,1,0,,,,,,,,,,,,,,,,,,596.0,4.43,4.42857,119.0,1.0,4.0,1.0,5.0,31.0,325.0,3.0,49.0,0.63265,180.0,3.0,18.0,7.0,7.0,3.11022,5.0,1.0,0.14286,2.0,0.28571,7.0,9.0,0.0,9.0
7.0,Alon & Hen,TARIL2,7.0,3.0,4,6.0,0.0,,,,,,,,,,,,,,,,,,,,597.0,4.0,4.0,193.0,3.0,4.0,1.0,6.0,20.0,507.0,7.0,39.0,0.51282,350.0,4.0,19.0,5.0,5.0,2.44949,3.0,0.0,0.0,1.0,0.2,,7.0,0.0,7.0
8.0,Firass & Shira,TARIL2,4.0,2.0,0,,,,,,,,,,,,,,,,,,,,,,598.0,2.0,2.0,677.0,8.0,2.0,5.0,3.0,6.0,727.0,8.0,27.0,0.22222,725.0,8.0,21.0,3.0,3.0,1.63299,2.0,0.0,0.0,1.0,0.33333,,4.0,0.0,4.0
9.0,Nitzan & Fifi,TARIL2,2.0,0.0,,,,,,,,,,,,,,,,,,,,,,,599.0,1.0,1.0,776.0,9.0,1.0,9.0,0.0,2.0,785.0,9.0,20.0,0.1,796.0,9.0,18.0,2.0,2.0,1.0,1.0,0.0,0.0,1.0,0.5,,2.0,0.0,2.0
10.0,Tal & Mor,TARIL2,1.0,,,,,,,,,,,,,,,,,,,,,,,,600.0,1.0,1.0,776.0,9.0,1.0,9.0,1.0,1.0,805.0,10.0,10.0,0.1,796.0,9.0,9.0,1.0,1.0,0.0,0.0,1.0,1.0,1.0,1.0,,1.0,1.0,0.0
11.0,Gadi & Alona,TARIL2,0.0,,,,,,,,,,,,,,,,,,,,,,,,601.0,0.0,0.0,828.0,11.0,0.0,11.0,0.0,0.0,828.0,11.0,10.0,0.0,828.0,11.0,10.0,1.0,1.0,0.0,0.0,0.0,0.0,1.0,1.0,,0.0,0.0,0.0
1.0,Talia & Koby,TARIL3,6.0,4.0,2,1.0,4.0,4,6,6.0,4,1,3,3,2.0,,,,,,,,,,,,602.0,3.54,3.53846,323.0,5.0,4.0,4.0,-3.0,46.0,115.0,3.0,81.0,0.5679,272.0,5.0,35.0,13.0,13.0,1.69231,2.0,2.0,0.15385,2.0,0.15385,4.0,6.0,1.0,5.0
2.0,Romi & Coral,TARIL3,8.0,7.0,6,8.0,5.0,5,0,3.0,2,3,4,1,1.0,,,,,,,,,,,,603.0,4.08,4.07692,190.0,4.0,4.0,4.0,-2.0,53.0,39.0,1.0,81.0,0.65432,151.0,3.0,28.0,13.0,13.0,2.58581,4.0,2.0,0.15385,3.0,0.23077,8.0,8.0,0.0,8.0
3.0,Ma'Ayan & Bat-El,TARIL3,2.0,1.0,5,5.0,3.0,3,2,4.0,5,5,1,2,0.0,,,,,,,,,,,,604.0,2.92,2.92308,486.0,6.0,3.0,6.0,-3.0,38.0,212.0,5.0,81.0,0.46914,426.0,6.0,43.0,13.0,13.0,1.6853,3.0,2.0,0.15385,3.0,0.23077,5.0,5.0,0.0,5.0
4.0,David & Eliran,TARIL3,7.0,5.0,3,6.0,7.0,6,5,5.0,3,4,2,0,,,,,,,,,,,,,605.0,4.42,4.41667,122.0,3.0,5.0,2.0,2.0,53.0,39.0,1.0,79.0,0.67089,132.0,2.0,26.0,12.0,12.0,2.01901,3.0,0.0,0.0,1.0,0.08333,5.0,7.0,0.0,7.0
5.0,Debbie & Dana,TARIL3,1.0,6.0,9,3.0,2.0,2,4,2.0,0,2,0,,,,,,,,,,,,,,606.0,2.82,2.81818,508.0,8.0,2.0,7.0,-2.0,31.0,325.0,6.0,76.0,0.40789,514.0,7.0,45.0,11.0,11.0,2.55194,2.0,1.0,0.09091,3.0,0.27273,2.0,9.0,0.0,9.0
6.0,Eliran & Itzik,TARIL3,5.0,2.0,8,4.0,0.0,7,1,1.0,1,0,,,,,,,,,,,,,,,607.0,2.9,2.9,493.0,7.0,1.5,8.0,-2.0,29.0,359.0,7.0,72.0,0.40278,526.0,8.0,43.0,10.0,10.0,2.77308,3.75,3.0,0.3,5.0,0.5,1.0,8.0,0.0,8.0
7.0,Lior & Mor,TARIL3,10.0,8.0,4,7.0,6.0,1,3,0.0,,,,,,,,,,,,,,,,,608.0,4.88,4.875,61.0,2.0,5.0,2.0,5.0,39.0,201.0,4.0,62.0,0.62903,188.0,4.0,23.0,8.0,8.0,3.2572,4.75,1.0,0.125,2.0,0.25,,10.0,0.0,10.0
8.0,Shimi & Yasmin,TARIL3,3.0,3.0,1,2.0,1.0,0,,,,,,,,,,,,,,,,,,,609.0,1.67,1.66667,739.0,9.0,1.5,8.0,0.0,10.0,670.0,9.0,50.0,0.2,739.0,9.0,40.0,6.0,6.0,1.10554,1.75,2.0,0.33333,3.0,0.5,3.0,3.0,0.0,3.0
9.0,Liran & Ronit,TARIL3,9.0,9.0,7,0.0,,,,,,,,,,,,,,,,,,,,,610.0,6.25,6.25,5.0,1.0,8.0,1.0,8.0,25.0,414.0,8.0,36.0,0.69444,104.0,1.0,11.0,4.0,4.0,3.69966,3.75,0.0,0.0,1.0,0.25,9.0,9.0,0.0,9.0
10.0,Andrea & Ronnie,TARIL3,4.0,0.0,0,,,,,,,,,,,,,,,,,,,,,,611.0,1.33,1.33333,764.0,10.0,0.0,10.0,0.0,4.0,755.0,10.0,28.0,0.14286,772.0,10.0,24.0,3.0,3.0,1.88562,2.0,0.0,0.0,2.0,0.66667,0.0,4.0,0.0,4.0
11.0,Herut & Yoftut,TARIL3,0.0,,,,,,,,,,,,,,,,,,,,,,,,612.0,0.0,0.0,828.0,11.0,0.0,10.0,1.0,0.0,828.0,11.0,10.0,0.0,828.0,11.0,10.0,1.0,1.0,0.0,0.0,0.0,0.0,1.0,1.0,,0.0,0.0,0.0
1.0,Shay & Shani,TARIL4,5.0,,5,6.0,4.0,4,3,4.0,4,2,1,1,2.0,2.0,,,,,,,,,,,613.0,3.31,3.30769,376.0,6.0,4.0,4.0,-3.0,43.0,152.0,5.0,86.0,0.5,365.0,5.0,43.0,13.0,13.0,1.53846,2.0,2.0,0.15385,2.0,0.15385,4.0,6.0,1.0,5.0
2.0,Tom & Uriel,TARIL4,,4.0,9,9.0,3.0,6,6,7.0,2,3,5,4,3.0,1.0,,,,,,,,,,,614.0,4.77,4.76923,71.0,3.0,4.0,4.0,-2.0,62.0,11.0,1.0,86.0,0.72093,84.0,3.0,24.0,13.0,13.0,2.42277,3.0,1.0,0.07692,1.0,0.07692,3.0,9.0,1.0,8.0
3.0,Yochi & Linor,TARIL4,3.0,,8,5.0,5.0,0,2,2.0,3,6,4,2,1.0,0.0,,,,,,,,,,,615.0,3.15,3.15385,415.0,7.0,3.0,7.0,-4.0,41.0,171.0,6.0,86.0,0.47674,415.0,6.0,45.0,13.0,13.0,2.28191,3.0,1.0,0.07692,3.0,0.23077,2.0,8.0,0.0,8.0
4.0,Vova & Alla,TARIL4,6.0,,3,4.0,1.0,1,1,1.0,1,1,2,3,0.0,,,,,,,,,,,,616.0,2.0,2.0,677.0,10.0,1.0,11.0,-7.0,24.0,429.0,7.0,84.0,0.28571,675.0,10.0,60.0,12.0,12.0,1.63299,2.0,6.0,0.5,7.0,0.58333,1.0,6.0,0.0,6.0
5.0,Gal & Liel,TARIL4,,5.0,4,7.0,6.0,3,8,3.0,5,4,3,0,,,,,,,,,,,,,617.0,4.36,4.36364,130.0,4.0,4.0,4.0,1.0,48.0,93.0,4.0,81.0,0.59259,228.0,4.0,33.0,11.0,11.0,2.10077,2.5,0.0,0.0,1.0,0.09091,3.0,8.0,0.0,8.0
6.0,Daniel & Meiri,TARIL4,2.0,,11,8.0,9.0,8,7,5.0,7,5,0,,,,,,,,,,,,,,618.0,6.2,6.2,6.0,1.0,7.0,1.0,5.0,62.0,11.0,1.0,77.0,0.80519,20.0,1.0,15.0,10.0,10.0,3.1241,3.0,0.0,0.0,1.0,0.1,8.0,11.0,0.0,11.0
7.0,Raz & Alexa,TARIL4,,2.0,10,10.0,7.0,7,4,6.0,6,0,,,,,,,,,,,,,,,619.0,5.78,5.77778,11.0,2.0,6.0,2.0,5.0,52.0,39.0,3.0,72.0,0.72222,82.0,2.0,20.0,9.0,9.0,3.15446,3.0,0.0,0.0,1.0,0.11111,10.0,10.0,0.0,10.0
8.0,Shay & Adi,TARIL4,,1.0,2,2.0,8.0,2,5,0.0,0,,,,,,,,,,,,,,,,620.0,2.5,2.5,580.0,9.0,2.0,9.0,-1.0,20.0,507.0,8.0,66.0,0.30303,657.0,9.0,46.0,8.0,8.0,2.54951,2.0,1.0,0.125,3.0,0.375,2.0,8.0,0.0,8.0
9.0,Roni & Yael,TARIL4,,3.0,6,1.0,2.0,5,0,,,,,,,,,,,,,,,,,,621.0,2.83,2.83333,504.0,8.0,2.5,8.0,1.0,17.0,559.0,9.0,52.0,0.32692,624.0,8.0,35.0,6.0,6.0,2.11476,3.25,1.0,0.16667,2.0,0.33333,,6.0,0.0,6.0
10.0,Yafa & Boaz,TARIL4,,6.0,7,3.0,0.0,,,,,,,,,,,,,,,,,,,,622.0,4.0,4.0,193.0,5.0,4.5,3.0,7.0,16.0,575.0,10.0,36.0,0.44444,462.0,7.0,20.0,4.0,4.0,2.73861,4.0,0.0,0.0,1.0,0.25,,7.0,0.0,7.0
11.0,Tiltil & Mizrahi,TARIL4,1.0,,1,0.0,,,,,,,,,,,,,,,,,,,,,623.0,0.67,0.66667,802.0,12.0,1.0,11.0,0.0,2.0,785.0,12.0,27.0,0.07407,804.0,12.0,25.0,3.0,3.0,0.4714,0.5,2.0,0.66667,3.0,1.0,1.0,1.0,0.0,1.0
12.0,Irit & Sinai,TARIL4,4.0,,0,,,,,,,,,,,,,,,,,,,,,,624.0,2.0,2.0,677.0,10.0,2.0,9.0,3.0,4.0,755.0,11.0,17.0,0.23529,719.0,11.0,13.0,2.0,2.0,2.0,2.0,0.0,0.0,1.0,0.5,,4.0,0.0,4.0
13.0,Tzuki & Huti,TARIL4,,0.0,,,,,,,,,,,,,,,,,,,,,,,625.0,0.0,0.0,828.0,13.0,0.0,13.0,0.0,0.0,828.0,13.0,6.0,0.0,828.0,13.0,6.0,1.0,1.0,0.0,0.0,0.0,0.0,1.0,1.0,,0.0,0.0,0.0
14.0,Pnina & Hen,TARIL4,0.0,,,,,,,,,,,,,,,,,,,,,,,,626.0,0.0,0.0,828.0,13.0,0.0,13.0,1.0,0.0,828.0,13.0,6.0,0.0,828.0,13.0,6.0,1.0,1.0,0.0,0.0,0.0,0.0,1.0,1.0,,0.0,0.0,0.0
1.0,Amit & Raz,TARIL5,6.0,,4,5.0,3.0,7,5,7.0,6,4,3,4,2.0,2.0,,,,,,,,,,,627.0,4.46,4.46154,115.0,3.0,4.0,3.0,-2.0,58.0,24.0,1.0,84.0,0.69048,109.0,2.0,26.0,13.0,13.0,1.64623,3.0,0.0,0.0,0.0,0.0,4.0,7.0,2.0,5.0
2.0,Lee & Tal,TARIL5,,3.0,11,4.0,2.0,5,1,3.0,2,3,2,2,3.0,1.0,,,,,,,,,,,628.0,3.23,3.23077,395.0,8.0,3.0,7.0,-5.0,42.0,159.0,5.0,84.0,0.5,365.0,7.0,42.0,13.0,13.0,2.48546,1.0,2.0,0.15385,2.0,0.15385,3.0,11.0,1.0,10.0
3.0,Josie & Alex,TARIL5,1.0,,6,6.0,7.0,8,8,5.0,4,0,4,1,1.0,0.0,,,,,,,,,,,629.0,3.92,3.92308,234.0,6.0,4.0,3.0,0.0,51.0,62.0,2.0,84.0,0.60714,211.0,3.0,33.0,13.0,13.0,2.8946,5.0,3.0,0.23077,5.0,0.38462,1.0,8.0,0.0,8.0
4.0,Tzion & Aviv,TARIL5,,5.0,9,7.0,6.0,0,7,2.0,3,5,1,3,0.0,,,,,,,,,,,,630.0,4.0,4.0,193.0,5.0,4.0,3.0,1.0,48.0,93.0,3.0,82.0,0.58537,240.0,4.0,34.0,12.0,12.0,2.82843,4.5,1.0,0.08333,3.0,0.25,5.0,9.0,0.0,9.0
5.0,Yael & Yosiel,TARIL5,5.0,,3,2.0,8.0,4,2,1.0,5,2,5,0,,,,,,,,,,,,,631.0,3.36,3.36364,358.0,7.0,3.0,7.0,-2.0,37.0,224.0,6.0,79.0,0.46835,427.0,8.0,42.0,11.0,11.0,2.1856,3.0,1.0,0.09091,2.0,0.18182,5.0,8.0,0.0,8.0
6.0,Ben & Ori,TARIL5,,4.0,2,3.0,1.0,2,3,6.0,1,1,0,,,,,,,,,,,,,,632.0,2.3,2.3,632.0,10.0,2.0,10.0,-4.0,23.0,450.0,8.0,75.0,0.30667,648.0,10.0,52.0,10.0,10.0,1.67631,2.0,3.0,0.3,4.0,0.4,1.0,6.0,0.0,6.0
7.0,Kim & Shon,TARIL5,,2.0,8,9.0,5.0,3,4,4.0,0,,,,,,,,,,,,,,,,633.0,4.38,4.375,129.0,4.0,4.0,3.0,4.0,35.0,253.0,7.0,65.0,0.53846,312.0,5.0,30.0,8.0,8.0,2.78107,3.0,0.0,0.0,1.0,0.125,4.0,9.0,0.0,9.0
8.0,Adriano & Monada,TARIL5,3.0,,10,10.0,9.0,6,6,0.0,,,,,,,,,,,,,,,,,634.0,6.29,6.28571,4.0,1.0,6.0,1.0,7.0,44.0,138.0,4.0,59.0,0.74576,62.0,1.0,15.0,7.0,7.0,3.49343,5.0,0.0,0.0,1.0,0.14286,10.0,10.0,0.0,10.0
9.0,Naomi & Hen,TARIL5,4.0,,7,1.0,4.0,1,0,,,,,,,,,,,,,,,,,,635.0,2.83,2.83333,504.0,9.0,2.5,9.0,0.0,17.0,559.0,10.0,52.0,0.32692,624.0,9.0,35.0,6.0,6.0,2.40947,3.0,2.0,0.33333,3.0,0.5,4.0,7.0,0.0,7.0
10.0,Gali & Daniel,TARIL5,,6.0,5,8.0,0.0,,,,,,,,,,,,,,,,,,,,636.0,4.75,4.75,74.0,2.0,5.5,2.0,8.0,19.0,526.0,9.0,36.0,0.52778,328.0,6.0,17.0,4.0,4.0,2.94746,2.75,0.0,0.0,1.0,0.25,,8.0,0.0,8.0
11.0,Dor & Sapir,TARIL5,2.0,,1,0.0,,,,,,,,,,,,,,,,,,,,,637.0,1.0,1.0,776.0,11.0,1.0,11.0,0.0,3.0,765.0,11.0,27.0,0.11111,784.0,11.0,24.0,3.0,3.0,0.8165,1.0,1.0,0.33333,2.0,0.66667,,2.0,0.0,2.0
12.0,Shira & Bar,TARIL5,,1.0,0,,,,,,,,,,,,,,,,,,,,,,638.0,0.5,0.5,807.0,12.0,0.5,12.0,0.0,1.0,805.0,12.0,17.0,0.05882,808.0,12.0,16.0,2.0,2.0,0.5,0.5,1.0,0.5,2.0,1.0,,1.0,0.0,1.0
13.0,Yossi & Lee,TARIL5,,0.0,,,,,,,,,,,,,,,,,,,,,,,639.0,0.0,0.0,828.0,13.0,0.0,13.0,0.0,0.0,828.0,13.0,6.0,0.0,828.0,13.0,6.0,1.0,1.0,0.0,0.0,0.0,0.0,1.0,1.0,,0.0,0.0,0.0
14.0,Avi & Avi,TARIL5,0.0,,,,,,,,,,,,,,,,,,,,,,,,640.0,0.0,0.0,828.0,13.0,0.0,13.0,1.0,0.0,828.0,13.0,6.0,0.0,828.0,13.0,6.0,1.0,1.0,0.0,0.0,0.0,0.0,1.0,1.0,,0.0,0.0,0.0
1.0,Evelin & Tohar,TARIL6,9.0,3.0,1,8.0,7.0,1,3,1.0,1,,,3,1.0,2.0,,,,,,,,,,,641.0,3.33,3.33333,364.0,7.0,2.5,8.0,-7.0,40.0,186.0,4.0,74.0,0.54054,309.0,4.0,34.0,12.0,12.0,2.83823,3.0,5.0,0.41667,5.0,0.41667,1.0,9.0,1.0,8.0
2.0,Daniel & Eliyahu,TARIL6,1.0,10.0,9,5.0,1.0,3,4,4.0,3,,,4,3.0,1.0,,,,,,,,,,,642.0,4.0,4.0,193.0,3.0,3.5,5.0,-3.0,48.0,93.0,1.0,74.0,0.64865,160.0,2.0,26.0,12.0,12.0,2.76887,1.75,3.0,0.25,3.0,0.25,1.0,10.0,1.0,9.0
3.0,Helen & Regev,TARIL6,11.0,4.0,8,7.0,2.0,6,2,3.0,0,5*,4*,1,2.0,0.0,,,,,,,,,,,643.0,3.83,3.83333,250.0,4.0,2.5,8.0,-5.0,46.0,115.0,2.0,74.0,0.62162,196.0,3.0,28.0,12.0,12.0,3.31243,4.5,1.0,0.08333,3.0,0.25,2.0,11.0,0.0,11.0
4.0,Neta & Omer,TARIL6,2.0,7.0,4,6.0,5.0,2,0,5.0,4,,,2,0.0,,,,,,,,,,,,644.0,3.36,3.36364,358.0,6.0,4.0,4.0,0.0,37.0,224.0,5.0,72.0,0.51389,347.0,5.0,35.0,11.0,11.0,2.22681,3.0,0.0,0.0,2.0,0.18182,2.0,7.0,0.0,7.0
5.0,Ann & Yarden,TARIL6,8.0,2.0,5,4.0,3.0,5,1,2.0,2,,,0,,,,,,,,,,,,,645.0,3.2,3.2,398.0,8.0,2.5,8.0,-3.0,32.0,301.0,6.0,69.0,0.46377,433.0,7.0,37.0,10.0,10.0,2.22711,2.75,1.0,0.1,2.0,0.2,2.0,8.0,0.0,8.0
6.0,Adi & Meitar,TARIL6,10.0,9.0,7,2.0,4.0,4,5,0.0,,4*,2*,,,,,,,,,,,,,,646.0,5.13,5.125,40.0,1.0,4.5,2.0,4.0,41.0,171.0,3.0,61.0,0.67213,127.0,1.0,20.0,8.0,8.0,3.17952,4.0,0.0,0.0,1.0,0.125,4.0,10.0,0.0,10.0
7.0,Mor & Mor,TARIL6,6.0,6.0,3,1.0,6.0,0,,,,,,,,,,,,,,,,,,,647.0,3.67,3.66667,291.0,5.0,4.5,2.0,5.0,22.0,467.0,7.0,51.0,0.43137,479.0,8.0,29.0,6.0,6.0,2.49444,4.5,1.0,0.16667,2.0,0.33333,6.0,6.0,0.0,6.0
8.0,Yossi & Udi,TARIL6,4.0,1.0,6,3.0,0.0,,,,,2*,1*,,,,,,,,,,,,,,648.0,2.8,2.8,513.0,10.0,3.0,7.0,1.0,14.0,610.0,9.0,45.0,0.31111,645.0,10.0,31.0,5.0,5.0,2.13542,3.0,1.0,0.2,2.0,0.4,,6.0,0.0,6.0
9.0,Hany & Avivit,TARIL6,5.0,5.0,2,0.0,,,,,,0*,,,,,,,,,,,,,,,649.0,3.0,3.0,444.0,9.0,3.5,5.0,4.0,12.0,636.0,10.0,38.0,0.31579,639.0,9.0,26.0,4.0,4.0,2.12132,3.5,0.0,0.0,1.0,0.25,5.0,5.0,0.0,5.0
10.0,Yonatan & Nimrod,TARIL6,7.0,8.0,0,,,,,,,1*,1*,,,,,,,,,,,,,,650.0,5.0,5.0,42.0,2.0,7.0,1.0,9.0,15.0,595.0,8.0,30.0,0.5,365.0,6.0,15.0,3.0,3.0,3.55903,4.0,0.0,0.0,1.0,0.33333,,8.0,0.0,8.0
11.0,Jessica & Assaf,TARIL6,3.0,0.0,,,,,,,,3*,3*,,,,,,,,,,,,,,651.0,1.5,1.5,746.0,11.0,1.5,11.0,0.0,3.0,765.0,11.0,21.0,0.14286,772.0,11.0,18.0,2.0,2.0,1.5,1.5,0.0,0.0,1.0,0.5,,3.0,0.0,3.0
12.0,Noa & Ma'ayan,TARIL6,0.0,,,,,,,,,,,,,,,,,,,,,,,,652.0,0.0,0.0,828.0,12.0,0.0,12.0,0.0,0.0,828.0,12.0,11.0,0.0,828.0,12.0,11.0,1.0,1.0,0.0,0.0,0.0,0.0,1.0,1.0,,0.0,0.0,0.0
1.0,Tia & Fay,TARIL7,6.0,10.0,5,3.0,4.0,0,7,6.0,2,4,2,2,,,,,,,,,,,,,653.0,4.25,4.25,145.0,4.0,4.0,4.0,-3.0,51.0,62.0,3.0,83.0,0.61446,204.0,4.0,32.0,12.0,12.0,2.61805,4.0,0.0,0.0,1.0,0.08333,2.0,10.0,0.0,10.0
2.0,Ariel & Karin,TARIL7,5.0,7.0,6,6.0,5.0,4,4,1.0,3,3,3,1,,,,,,,,,,,,,654.0,4.0,4.0,193.0,5.0,4.0,4.0,-2.0,48.0,93.0,4.0,83.0,0.57831,250.0,5.0,35.0,12.0,12.0,1.82574,2.25,2.0,0.16667,2.0,0.16667,3.0,7.0,1.0,6.0
3.0,Haviv & Itzhak,TARIL7,8.0,11.0,9,9.0,8.0,6,3,4.0,5,2,1,0,,,,,,,,,,,,,655.0,5.5,5.5,15.0,2.0,5.5,2.0,1.0,66.0,8.0,1.0,83.0,0.79518,27.0,1.0,17.0,12.0,12.0,3.40343,5.5,1.0,0.08333,2.0,0.16667,8.0,11.0,0.0,11.0
4.0,Eyal & Sid,TARIL7,11.0,8.0,10,7.0,7.0,1,1,5.0,4,1,0,,,,,,,,,,,,,,656.0,5.0,5.0,42.0,3.0,5.0,3.0,1.0,55.0,34.0,2.0,81.0,0.67901,125.0,3.0,26.0,11.0,11.0,3.71728,6.5,3.0,0.27273,4.0,0.36364,1.0,11.0,0.0,11.0
5.0,Nissim & Orel,TARIL7,0.0,6.0,4,4.0,1.0,3,2,3.0,1,0,,,,,,,,,,,,,,,657.0,2.4,2.4,609.0,10.0,2.5,9.0,-4.0,24.0,429.0,7.0,78.0,0.30769,647.0,9.0,54.0,10.0,10.0,1.85472,2.75,2.0,0.2,4.0,0.4,0.0,6.0,0.0,6.0
6.0,Tali & Gili,TARIL7,2.0,5.0,3,8.0,6.0,2,5,2.0,0,,,,,,,,,,,,,,,,658.0,3.67,3.66667,291.0,7.0,3.0,7.0,-1.0,33.0,280.0,6.0,74.0,0.44595,461.0,6.0,41.0,9.0,9.0,2.35702,3.0,0.0,0.0,1.0,0.11111,2.0,8.0,0.0,8.0
7.0,Aviad & Eden,TARIL7,9.0,9.0,8,5.0,3.0,7,6,0.0,,,,,,,,,,,,,,,,,659.0,5.88,5.875,9.0,1.0,6.5,1.0,6.0,47.0,108.0,5.0,69.0,0.68116,122.0,2.0,22.0,8.0,8.0,2.93417,3.75,0.0,0.0,1.0,0.125,9.0,9.0,0.0,9.0
8.0,Michal & Omer,TARIL7,4.0,2.0,2,1.0,2.0,5,0,,,,,,,,,,,,,,,,,,660.0,2.29,2.28571,636.0,11.0,2.0,11.0,-3.0,16.0,575.0,8.0,63.0,0.25397,708.0,11.0,47.0,7.0,7.0,1.57791,1.5,1.0,0.14286,2.0,0.28571,2.0,5.0,0.0,5.0
9.0,Ran & Ben,TARIL7,3.0,3.0,7,2.0,0.0,,,,,,,,,,,,,,,,,,,,661.0,3.0,3.0,444.0,9.0,3.0,7.0,2.0,15.0,595.0,9.0,49.0,0.30612,649.0,10.0,34.0,5.0,5.0,2.28035,1.0,0.0,0.0,1.0,0.2,3.0,7.0,0.0,7.0
10.0,Yehudit & Zohar,TARIL7,10.0,4.0,1,0.0,,,,,,,,,,,,,,,,,,,,,662.0,3.75,3.75,277.0,6.0,2.5,9.0,1.0,15.0,595.0,9.0,41.0,0.36585,575.0,7.0,26.0,4.0,4.0,3.89711,4.75,1.0,0.25,2.0,0.5,,10.0,0.0,10.0
11.0,Kamle & Bahira,TARIL7,1.0,1.0,0,,,,,,,,,,,,,,,,,,,,,,663.0,0.67,0.66667,802.0,12.0,1.0,12.0,-1.0,2.0,785.0,12.0,32.0,0.0625,807.0,12.0,30.0,3.0,3.0,0.4714,0.5,2.0,0.66667,3.0,1.0,1.0,1.0,0.0,1.0
12.0,Noy & Hadar,TARIL7,7.0,0.0,,,,,,,,,,,,,,,,,,,,,,,664.0,3.5,3.5,329.0,8.0,3.5,6.0,6.0,7.0,713.0,11.0,22.0,0.31818,637.0,8.0,15.0,2.0,2.0,3.5,3.5,0.0,0.0,1.0,0.5,,7.0,0.0,7.0
1.0,Yael & Yosiel,TARIL8,10.0,7.0,9,6.0,4.0,7,4,4.0,1,4,3,2,,,,,,,,,,,,,665.0,5.08,5.08333,41.0,1.0,4.0,3.0,-2.0,61.0,16.0,1.0,76.0,0.80263,23.0,1.0,15.0,12.0,12.0,2.62864,3.25,1.0,0.08333,1.0,0.08333,4.0,10.0,1.0,9.0
2.0,Nata & Assaf,TARIL8,9.0,8.0,7,8.0,7.0,2,2,5.0,4,2,2,1,,,,,,,,,,,,,666.0,4.75,4.75,74.0,2.0,4.5,1.0,1.0,57.0,29.0,2.0,76.0,0.75,54.0,2.0,19.0,12.0,12.0,2.80253,5.25,1.0,0.08333,1.0,0.08333,2.0,9.0,1.0,8.0
3.0,Neta & Omer,TARIL8,3.0,3.0,8,7.0,2.0,3,5,1.0,3,3,1,0,,,,,,,,,,,,,667.0,3.25,3.25,385.0,6.0,3.0,5.0,-2.0,39.0,201.0,4.0,76.0,0.51316,349.0,5.0,37.0,12.0,12.0,2.27761,1.75,2.0,0.16667,3.0,0.25,3.0,8.0,0.0,8.0
4.0,Ben & Ori,TARIL8,2.0,2.0,5,4.0,3.0,5,3,2.0,0,1,0,,,,,,,,,,,,,,668.0,2.45,2.45455,598.0,9.0,2.0,9.0,-5.0,27.0,386.0,7.0,74.0,0.36486,578.0,7.0,47.0,11.0,11.0,1.67134,2.0,1.0,0.09091,3.0,0.27273,2.0,5.0,0.0,5.0
5.0,Shay & Shani,TARIL8,7.0,9.0,6,2.0,0.0,6,6,3.0,2,0,,,,,,,,,,,,,,,669.0,4.1,4.1,181.0,4.0,4.5,1.0,4.0,41.0,171.0,3.0,71.0,0.57746,253.0,3.0,30.0,10.0,10.0,2.94788,4.0,0.0,0.0,2.0,0.2,6.0,9.0,0.0,9.0
6.0,Ash & Alis,TARIL8,8.0,10.0,3,3.0,6.0,1,1,0.0,,,,,,,,,,,,,,,,,670.0,4.0,4.0,193.0,5.0,3.0,5.0,1.0,32.0,301.0,5.0,63.0,0.50794,361.0,6.0,31.0,8.0,8.0,3.39116,5.5,2.0,0.25,3.0,0.375,3.0,10.0,0.0,10.0
7.0,Lian & Eviatar,TARIL8,11.0,6.0,4,5.0,1.0,4,0,,,,,,,,,,,,,,,,,,671.0,4.43,4.42857,119.0,3.0,4.0,3.0,4.0,31.0,325.0,6.0,58.0,0.53448,319.0,4.0,27.0,7.0,7.0,3.33197,3.0,1.0,0.14286,2.0,0.28571,4.0,11.0,0.0,11.0
8.0,Gili & Tali,TARIL8,4.0,5.0,2,1.0,5.0,0,,,,,,,,,,,,,,,,,,,672.0,2.83,2.83333,504.0,8.0,3.0,5.0,3.0,17.0,559.0,8.0,52.0,0.32692,624.0,8.0,35.0,6.0,6.0,1.95078,3.5,1.0,0.16667,2.0,0.33333,5.0,5.0,0.0,5.0
9.0,Ann & Yarden,TARIL8,5.0,1.0,1,0.0,,,,,,,,,,,,,,,,,,,,,673.0,1.75,1.75,717.0,10.0,1.0,10.0,-1.0,7.0,713.0,9.0,38.0,0.18421,754.0,10.0,31.0,4.0,4.0,1.92029,1.25,2.0,0.5,3.0,0.75,1.0,5.0,0.0,5.0
10.0,Vova & Alla,TARIL8,1.0,4.0,0,,,,,,,,,,,,,,,,,,,,,,674.0,1.67,1.66667,739.0,11.0,1.0,10.0,0.0,5.0,741.0,11.0,30.0,0.16667,759.0,11.0,25.0,3.0,3.0,1.69967,2.0,1.0,0.33333,2.0,0.66667,,4.0,0.0,4.0
11.0,Shiri & Noga,TARIL8,6.0,0.0,,,,,,,,,,,,,,,,,,,,,,,675.0,3.0,3.0,444.0,7.0,3.0,5.0,6.0,6.0,727.0,10.0,21.0,0.28571,675.0,9.0,15.0,2.0,2.0,3.0,3.0,0.0,0.0,1.0,0.5,,6.0,0.0,6.0
12.0,Michal & Ruthi,TARIL8,0.0,,,,,,,,,,,,,,,,,,,,,,,,676.0,0.0,0.0,828.0,12.0,0.0,12.0,0.0,0.0,828.0,12.0,11.0,0.0,828.0,12.0,11.0,1.0,1.0,0.0,0.0,0.0,0.0,1.0,1.0,,0.0,0.0,0.0
1.0,Tamara & Matías,TARLA1,10.0,10.0,8,7.0,6.0,4,6,4.0,1,0,1,0,2.0,,,,,,,,,,,,677.0,4.54,4.53846,101.0,1.0,4.0,1.0,0.0,59.0,21.0,1.0,75.0,0.78667,34.0,1.0,16.0,13.0,12.0,3.45555,6.0,2.0,0.15385,4.0,0.30769,10.0,10.0,0.0,10.0
2.0,Daniel & David,TARLA1,9.0,1.0,7,8.0,5.0,1,3,3.0,2,2,2,2,1.0,,,,,,,,,,,,678.0,3.54,3.53846,323.0,5.0,2.0,7.0,-5.0,46.0,115.0,2.0,75.0,0.61333,205.0,2.0,29.0,13.0,12.0,2.67798,3.0,3.0,0.23077,3.0,0.23077,2.0,9.0,1.0,8.0
3.0,Ferna & Fran,TARLA1,1.0,8.0,2,4.0,3.0,6,5,5.0,3,3,3,1,0.0,,,,,,,,,,,,679.0,3.38,3.38462,355.0,6.0,3.0,4.0,-1.0,44.0,138.0,3.0,75.0,0.58667,237.0,3.0,31.0,13.0,12.0,2.13175,3.0,2.0,0.15385,3.0,0.23077,3.0,8.0,0.0,8.0
4.0,Carlos & Daniel,TARLA1,6.0,9.0,3,5.0,4.0,5,2,1.0,4,2,0,,,,,,,,,,,,,,680.0,3.73,3.72727,284.0,3.0,4.0,1.0,3.0,41.0,171.0,4.0,71.0,0.57746,253.0,4.0,30.0,11.0,11.0,2.41551,3.0,1.0,0.09091,2.0,0.18182,5.0,9.0,0.0,9.0
5.0,Anna & Rodrigo,TARLA1,5.0,3.0,6,3.0,7.0,3,4,2.0,0,,,,,,,,,,,,,,,,681.0,3.67,3.66667,291.0,4.0,3.0,4.0,1.0,33.0,280.0,5.0,65.0,0.50769,362.0,6.0,32.0,9.0,9.0,2.0,2.0,0.0,0.0,1.0,0.11111,3.0,7.0,0.0,7.0
6.0,Casilda & Casilda,TARLA1,8.0,5.0,9,6.0,2.0,0,1,0.0,,,,,,,,,,,,,,,,,682.0,3.88,3.875,244.0,2.0,3.5,3.0,3.0,31.0,325.0,6.0,61.0,0.5082,360.0,5.0,30.0,8.0,8.0,3.37037,5.75,1.0,0.125,3.0,0.375,0.0,9.0,0.0,9.0
7.0,Miguel & Diego,TARLA1,4.0,6.0,5,1.0,1.0,2,0,,,,,,,,,,,,,,,,,,683.0,2.71,2.71429,537.0,8.0,2.0,7.0,0.0,19.0,526.0,7.0,56.0,0.33929,612.0,8.0,37.0,7.0,7.0,2.11891,3.5,2.0,0.28571,3.0,0.42857,1.0,6.0,0.0,6.0
8.0,Mario & Melissa,TARLA1,3.0,7.0,1,2.0,0.0,,,,,,,,,,,,,,,,,,,,684.0,2.6,2.6,566.0,9.0,2.0,7.0,1.0,13.0,624.0,8.0,44.0,0.29545,667.0,9.0,31.0,5.0,5.0,2.41661,2.0,1.0,0.2,2.0,0.4,,7.0,0.0,7.0
9.0,Ricardo & Adriana,TARLA1,7.0,2.0,4,0.0,,,,,,,,,,,,,,,,,,,,,685.0,3.25,3.25,385.0,7.0,3.0,4.0,5.0,13.0,624.0,8.0,37.0,0.35135,596.0,7.0,24.0,4.0,4.0,2.58602,3.25,0.0,0.0,1.0,0.25,,7.0,0.0,7.0
10.0,Gabriel & Guillermo,TARLA1,2.0,4.0,0,,,,,,,,,,,,,,,,,,,,,,686.0,2.0,2.0,677.0,10.0,2.0,7.0,3.0,6.0,727.0,10.0,29.0,0.2069,736.0,10.0,23.0,3.0,3.0,1.63299,2.0,0.0,0.0,1.0,0.33333,,4.0,0.0,4.0
11.0,Ariel & Nora,TARLA1,0.0,0.0,,,,,,,,,,,,,,,,,,,,,,,687.0,0.0,0.0,828.0,11.0,0.0,11.0,0.0,0.0,828.0,11.0,20.0,0.0,828.0,11.0,20.0,2.0,2.0,0.0,0.0,0.0,0.0,2.0,1.0,0.0,0.0,0.0,0.0
1.0,Carlos & Mauricio,TARLA2,8.0,10.0,7,7.0,7.0,4,3,4.0,4,3,3,1,2.0,,,,,,,,,,,,688.0,4.85,4.84615,63.0,4.0,4.0,4.0,-3.0,63.0,10.0,2.0,79.0,0.79747,24.0,2.0,16.0,13.0,12.0,2.56743,4.0,1.0,0.07692,1.0,0.07692,7.0,10.0,1.0,9.0
2.0,Toño & Lili,TARLA2,5.0,9.0,9,6.0,6.0,6,4,6.0,5,4,2,2,1.0,,,,,,,,,,,,689.0,5.0,5.0,42.0,3.0,5.0,3.0,-1.0,65.0,9.0,1.0,79.0,0.82278,12.0,1.0,14.0,13.0,12.0,2.35339,2.0,1.0,0.07692,1.0,0.07692,6.0,9.0,1.0,8.0
3.0,Aleandra & Marlene,TARLA2,3.0,6.0,3,2.0,1.0,1,0,2.0,3,2,1,0,0.0,,,,,,,,,,,,690.0,1.85,1.84615,712.0,9.0,2.0,8.0,-5.0,24.0,429.0,6.0,79.0,0.3038,655.0,8.0,55.0,13.0,12.0,1.60988,2.0,3.0,0.23077,6.0,0.46154,3.0,6.0,0.0,6.0
4.0,Vinícius & Guilherme,TARLA2,4.0,4.0,4,4.0,5.0,3,1,5.0,1,1,0,,,,,,,,,,,,,,691.0,2.91,2.90909,490.0,7.0,4.0,4.0,0.0,32.0,301.0,4.0,75.0,0.42667,486.0,6.0,43.0,11.0,11.0,1.72966,3.0,3.0,0.27273,4.0,0.36364,4.0,5.0,0.0,5.0
5.0,Esteban & Marisol,TARLA2,2.0,3.0,5,5.0,2.0,5,5,3.0,2,0,,,,,,,,,,,,,,,692.0,3.2,3.2,398.0,6.0,3.0,6.0,-1.0,32.0,301.0,4.0,72.0,0.44444,462.0,5.0,40.0,10.0,10.0,1.66132,3.0,0.0,0.0,1.0,0.1,5.0,5.0,0.0,5.0
6.0,Marietta & José,TARLA2,7.0,2.0,1,1.0,3.0,2,2,1.0,0,,,,,,,,,,,,,,,,693.0,2.11,2.11111,670.0,8.0,2.0,8.0,-2.0,19.0,526.0,9.0,68.0,0.27941,685.0,9.0,49.0,9.0,9.0,1.91163,1.0,3.0,0.33333,4.0,0.44444,2.0,7.0,0.0,7.0
7.0,Edison & Edison,TARLA2,6.0,8.0,8,8.0,4.0,7,6,0.0,,,,,,,,,,,,,,,,,694.0,5.88,5.875,9.0,1.0,6.5,1.0,6.0,47.0,108.0,3.0,63.0,0.74603,61.0,3.0,16.0,8.0,8.0,2.57087,2.5,0.0,0.0,1.0,0.125,8.0,8.0,0.0,8.0
8.0,Jelkin & Javier,TARLA2,10.0,5.0,2,3.0,0.0,0,,,,,,,,,,,,,,,,,,,695.0,3.33,3.33333,364.0,5.0,2.5,7.0,1.0,20.0,507.0,8.0,51.0,0.39216,542.0,7.0,31.0,6.0,6.0,3.44803,4.0,0.0,0.0,2.0,0.33333,0.0,10.0,0.0,10.0
9.0,Omar & Roger,TARLA2,9.0,7.0,6,0.0,,,,,,,,,,,,,,,,,,,,,696.0,5.5,5.5,15.0,2.0,6.5,1.0,8.0,22.0,467.0,7.0,37.0,0.59459,225.0,4.0,15.0,4.0,4.0,3.3541,3.0,0.0,0.0,1.0,0.25,,9.0,0.0,9.0
10.0,Mauricio & Mariana,TARLA2,0.0,1.0,0,,,,,,,,,,,,,,,,,,,,,,697.0,0.33,0.33333,825.0,11.0,0.0,11.0,-1.0,1.0,805.0,10.0,29.0,0.03448,826.0,10.0,28.0,3.0,3.0,0.4714,0.5,1.0,0.33333,3.0,1.0,0.0,1.0,0.0,1.0
11.0,Susy & Stefany,TARLA2,1.0,0.0,,,,,,,,,,,,,,,,,,,,,,,698.0,0.5,0.5,807.0,10.0,0.5,10.0,1.0,1.0,805.0,10.0,20.0,0.05,821.0,11.0,19.0,2.0,2.0,0.5,0.5,1.0,0.5,2.0,1.0,,1.0,0.0,1.0
1.0,Nicolás & Cristóbal,TARLA3,9.0,7.0,7,6.0,5.0,5,4,5.0,4,4,3,1,2.0,,,,,,,,,,,,699.0,4.77,4.76923,71.0,1.0,5.0,2.0,-1.0,62.0,11.0,1.0,77.0,0.80519,20.0,1.0,15.0,13.0,12.0,2.08119,2.0,1.0,0.07692,1.0,0.07692,5.0,9.0,1.0,8.0
2.0,Felipe & Alejandro,TARLA3,10.0,9.0,9,8.0,7.0,7,2,2.0,1,3,2,0,1.0,,,,,,,,,,,,700.0,4.69,4.69231,86.0,3.0,3.0,5.0,-3.0,61.0,16.0,2.0,77.0,0.79221,30.0,2.0,16.0,13.0,12.0,3.51666,6.0,2.0,0.15385,3.0,0.23077,2.0,10.0,0.0,10.0
3.0,Maxi & Demi,TARLA3,4.0,2.0,2,3.0,3.0,4,5,4.0,3,2,1,2,0.0,,,,,,,,,,,,701.0,2.69,2.69231,544.0,6.0,3.0,5.0,-2.0,35.0,253.0,4.0,77.0,0.45455,446.0,6.0,42.0,13.0,12.0,1.32343,2.0,1.0,0.07692,2.0,0.15385,2.0,5.0,0.0,5.0
4.0,Kathy & Rick,TARLA3,2.0,4.0,3,1.0,2.0,3,6,3.0,2,1,0,,,,,,,,,,,,,,702.0,2.45,2.45455,598.0,8.0,2.0,8.0,-4.0,27.0,386.0,7.0,73.0,0.36986,564.0,7.0,46.0,11.0,11.0,1.55877,1.5,2.0,0.18182,3.0,0.27273,2.0,6.0,0.0,6.0
5.0,Toya & Juan del Mar,TARLA3,8.0,10.0,8,7.0,6.0,6,1,1.0,0,0,,,,,,,,,,,,,,,703.0,4.7,4.7,85.0,2.0,6.0,1.0,4.0,47.0,108.0,3.0,70.0,0.67143,129.0,3.0,23.0,10.0,10.0,3.60694,6.75,2.0,0.2,4.0,0.4,8.0,10.0,0.0,10.0
6.0,Marisol & José,TARLA3,7.0,6.0,6,5.0,1.0,1,3,0.0,,,,,,,,,,,,,,,,,704.0,3.63,3.625,309.0,5.0,4.0,3.0,3.0,29.0,359.0,5.0,62.0,0.46774,429.0,5.0,33.0,8.0,8.0,2.54644,5.0,2.0,0.25,3.0,0.375,6.0,7.0,0.0,7.0
7.0,Andre & Nico,TARLA3,6.0,8.0,5,4.0,4.0,2,0,,,,,,,,,,,,,,,,,,705.0,4.14,4.14286,178.0,4.0,4.0,3.0,4.0,29.0,359.0,5.0,57.0,0.50877,358.0,4.0,28.0,7.0,7.0,2.41593,2.5,0.0,0.0,1.0,0.14286,4.0,8.0,0.0,8.0
8.0,Rosario & Pablo,TARLA3,5.0,5.0,4,2.0,0.0,0,,,,,,,,,,,,,,,,,,,706.0,2.67,2.66667,546.0,7.0,3.0,5.0,3.0,16.0,575.0,8.0,51.0,0.31373,643.0,8.0,35.0,6.0,6.0,2.13437,4.25,0.0,0.0,2.0,0.33333,5.0,5.0,0.0,5.0
9.0,Mónica & Rosy,TARLA3,3.0,3.0,1,0.0,,,,,,,,,,,,,,,,,,,,,707.0,1.75,1.75,717.0,9.0,2.0,8.0,1.0,7.0,713.0,9.0,37.0,0.18919,750.0,9.0,30.0,4.0,4.0,1.29904,2.25,1.0,0.25,2.0,0.5,3.0,3.0,0.0,3.0
10.0,Vero & Gaba,TARLA3,0.0,1.0,0,,,,,,,,,,,,,,,,,,,,,,708.0,0.33,0.33333,825.0,11.0,0.0,11.0,-1.0,1.0,805.0,10.0,29.0,0.03448,826.0,11.0,28.0,3.0,3.0,0.4714,0.5,1.0,0.33333,3.0,1.0,0.0,1.0,0.0,1.0
11.0,Ale & Eze,TARLA3,1.0,0.0,,,,,,,,,,,,,,,,,,,,,,,709.0,0.5,0.5,807.0,10.0,0.5,10.0,1.0,1.0,805.0,10.0,20.0,0.05,821.0,10.0,19.0,2.0,2.0,0.5,0.5,1.0,0.5,2.0,1.0,,1.0,0.0,1.0
1.0,Daniel & César,TARLA4,6.0,4.0,0,2.0,2.0,1,3,1.0,3,3,3,0,2.0,,,,,,,,,,,,710.0,2.31,2.30769,630.0,8.0,2.0,7.0,-6.0,30.0,344.0,6.0,75.0,0.4,527.0,6.0,45.0,13.0,12.0,1.58767,2.0,2.0,0.15385,4.0,0.30769,3.0,6.0,0.0,6.0
2.0,Fer & Ferds,TARLA4,7.0,8.0,4,6.0,5.0,5,4,4.0,2,2,2,2,1.0,,,,,,,,,,,,711.0,4.0,4.0,193.0,3.0,4.0,3.0,-1.0,52.0,39.0,2.0,75.0,0.69333,107.0,2.0,23.0,13.0,12.0,2.0755,3.0,1.0,0.07692,1.0,0.07692,2.0,8.0,1.0,7.0
3.0,Edu & Rick,TARLA4,5.0,7.0,7,8.0,6.0,4,2,2.0,4,4,1,1,0.0,,,,,,,,,,,,712.0,3.92,3.92308,234.0,4.0,4.0,3.0,0.0,51.0,62.0,3.0,75.0,0.68,124.0,3.0,24.0,13.0,12.0,2.49497,4.0,2.0,0.15385,3.0,0.23077,4.0,8.0,0.0,8.0
4.0,Renan & Fran,TARLA4,9.0,3.0,3,3.0,3.0,3,5,3.0,1,1,0,,,,,,,,,,,,,,713.0,3.09,3.09091,431.0,6.0,3.0,6.0,-2.0,34.0,261.0,5.0,71.0,0.47887,409.0,5.0,37.0,11.0,11.0,2.27454,1.0,2.0,0.18182,3.0,0.27273,3.0,9.0,0.0,9.0
5.0,Renata & Ana Paula,TARLA4,10.0,10.0,8,5.0,4.0,6,6,5.0,0,0,,,,,,,,,,,,,,,714.0,5.4,5.4,24.0,1.0,5.5,1.0,4.0,54.0,39.0,1.0,68.0,0.79412,28.0,1.0,14.0,10.0,10.0,3.32265,3.25,0.0,0.0,2.0,0.2,10.0,10.0,0.0,10.0
6.0,Fernanda & Cainã,TARLA4,8.0,6.0,5,7.0,7.0,2,1,0.0,,,,,,,,,,,,,,,,,715.0,4.5,4.5,103.0,2.0,5.5,1.0,5.0,36.0,240.0,4.0,60.0,0.6,220.0,4.0,24.0,8.0,8.0,2.87228,5.25,1.0,0.125,2.0,0.25,7.0,8.0,0.0,8.0
7.0,Fuzetti & Nando,TARLA4,3.0,9.0,2,4.0,1.0,0,0,,,,,,,,,,,,,,,,,,716.0,2.71,2.71429,537.0,7.0,2.0,7.0,0.0,19.0,526.0,7.0,55.0,0.34545,605.0,8.0,36.0,7.0,7.0,2.91373,3.0,1.0,0.14286,3.0,0.42857,0.0,9.0,0.0,9.0
8.0,Gabriela & Harã,TARLA4,1.0,2.0,1,1.0,0.0,,,,,,,,,,,,,,,,,,,,717.0,1.0,1.0,776.0,10.0,1.0,10.0,-2.0,5.0,741.0,9.0,43.0,0.11628,780.0,10.0,38.0,5.0,5.0,0.63246,0.0,3.0,0.6,4.0,0.8,1.0,2.0,0.0,2.0
9.0,Ciça & Zezão,TARLA4,2.0,5.0,6,0.0,,,,,,,,,,,,,,,,,,,,,718.0,3.25,3.25,385.0,5.0,3.5,5.0,4.0,13.0,624.0,8.0,36.0,0.36111,582.0,7.0,23.0,4.0,4.0,2.38485,3.75,0.0,0.0,1.0,0.25,,6.0,0.0,6.0
10.0,Billy & Gean,TARLA4,0.0,1.0,,,,,,,,,,,,,,,,,,,,,,,719.0,0.5,0.5,807.0,11.0,0.5,11.0,-1.0,1.0,805.0,11.0,20.0,0.05,821.0,11.0,19.0,2.0,2.0,0.5,0.5,1.0,0.5,2.0,1.0,,1.0,0.0,1.0
11.0,Ci & Lu,TARLA4,4.0,0.0,,,,,,,,,,,,,,,,,,,,,,,720.0,2.0,2.0,677.0,9.0,2.0,7.0,4.0,4.0,755.0,10.0,20.0,0.2,739.0,9.0,16.0,2.0,2.0,2.0,2.0,0.0,0.0,1.0,0.5,,4.0,0.0,4.0
1.0,Ezequiel & Tobías,TARLA5,8.0,1.0,0,4.0,7.0,4,1,2.0,4,3,2,2,2.0,,,,,,,,,,,,721.0,3.08,3.07692,441.0,7.0,2.0,7.0,-6.0,40.0,186.0,4.0,73.0,0.54795,297.0,5.0,33.0,13.0,12.0,2.23474,2.0,2.0,0.15385,3.0,0.23077,2.0,8.0,0.0,8.0
2.0,Darío & Esther,TARLA5,6.0,9.0,4,7.0,5.0,2,5,5.0,1,0,1,0,1.0,,,,,,,,,,,,722.0,3.54,3.53846,323.0,5.0,4.0,2.0,0.0,46.0,115.0,1.0,73.0,0.63014,183.0,2.0,27.0,13.0,12.0,2.79052,4.0,3.0,0.23077,5.0,0.38462,5.0,9.0,0.0,9.0
3.0,Karina & Braian,TARLA5,9.0,3.0,7,5.0,3.0,1,2,3.0,2,2,3,1,0.0,,,,,,,,,,,,723.0,3.15,3.15385,415.0,6.0,3.0,5.0,-2.0,41.0,171.0,3.0,73.0,0.56164,278.0,4.0,32.0,13.0,12.0,2.41298,1.0,2.0,0.15385,3.0,0.23077,3.0,9.0,0.0,9.0
4.0,Manfred & Pierre,TARLA5,2.0,2.0,6,6.0,8.0,6,4,4.0,3,1,0,,,,,,,,,,,,,,724.0,3.82,3.81818,263.0,2.0,4.0,2.0,2.0,42.0,159.0,2.0,69.0,0.6087,209.0,3.0,27.0,11.0,11.0,2.36713,4.0,1.0,0.09091,2.0,0.18182,6.0,8.0,0.0,8.0
5.0,Jessica & Michelle,TARLA5,5.0,6.0,2,3.0,4.0,3,3,1.0,0,,,,,,,,,,,,,,,,725.0,3.0,3.0,444.0,8.0,3.0,5.0,0.0,27.0,386.0,6.0,63.0,0.42857,483.0,7.0,36.0,9.0,9.0,1.76383,2.0,1.0,0.11111,2.0,0.22222,3.0,6.0,0.0,6.0
6.0,Evelyn & Jorge,TARLA5,10.0,4.0,5,8.0,6.0,5,0,0.0,,,,,,,,,,,,,,,,,726.0,4.75,4.75,74.0,1.0,5.0,1.0,5.0,38.0,212.0,5.0,59.0,0.64407,164.0,1.0,21.0,8.0,8.0,3.26917,3.5,0.0,0.0,2.0,0.25,5.0,10.0,0.0,10.0
7.0,Astrid & Aleja,TARLA5,1.0,5.0,3,2.0,2.0,0,,,,,,,,,,,,,,,,,,,727.0,2.17,2.16667,664.0,9.0,2.0,7.0,0.0,13.0,624.0,9.0,49.0,0.26531,695.0,9.0,36.0,6.0,6.0,1.57233,1.5,1.0,0.16667,2.0,0.33333,2.0,5.0,0.0,5.0
8.0,Juanjo & Beto,TARLA5,7.0,8.0,1,1.0,1.0,,,,,,,,,,,,,,,,,,,,728.0,3.6,3.6,311.0,4.0,1.0,10.0,-2.0,18.0,544.0,8.0,43.0,0.4186,503.0,8.0,25.0,5.0,5.0,3.2,6.0,3.0,0.6,3.0,0.6,1.0,8.0,1.0,7.0
9.0,Débora & Renata,TARLA5,4.0,7.0,8,0.0,0.0,,,,,,,,,,,,,,,,,,,,729.0,3.8,3.8,267.0,3.0,4.0,2.0,7.0,19.0,526.0,7.0,43.0,0.44186,471.0,6.0,24.0,5.0,5.0,3.37046,7.0,0.0,0.0,2.0,0.4,0.0,8.0,0.0,8.0
10.0,Filippo & Eddy,TARLA5,3.0,0.0,,,,,,,,,,,,,,,,,,,,,,,730.0,1.5,1.5,746.0,10.0,1.5,9.0,1.0,3.0,765.0,10.0,19.0,0.15789,762.0,10.0,16.0,2.0,2.0,1.5,1.5,0.0,0.0,1.0,0.5,,3.0,0.0,3.0
11.0,Ari & Ra,TARLA5,0.0,,,,,,,,,,,,,,,,,,,,,,,,731.0,0.0,0.0,828.0,11.0,0.0,11.0,0.0,0.0,828.0,11.0,10.0,0.0,828.0,11.0,10.0,1.0,1.0,0.0,0.0,0.0,0.0,1.0,1.0,,0.0,0.0,0.0
1.0,Giovanni & Juan Carlos,TARLA6,8.0,3.0,6,5.0,2.0,2,3,3.0,2,4,3,1,2.0,,,,,,,,,,,,732.0,3.38,3.38462,355.0,4.0,3.0,4.0,-3.0,44.0,138.0,2.0,71.0,0.61972,200.0,3.0,27.0,13.0,13.0,1.86211,2.0,1.0,0.07692,1.0,0.07692,3.0,8.0,1.0,7.0
2.0,Javier & Nicolas,TARLA6,9.0,2.0,8,3.0,3.0,4,5,4.0,4,2,2,2,1.0,,,,,,,,,,,,733.0,3.77,3.76923,275.0,3.0,3.0,4.0,-2.0,49.0,85.0,1.0,71.0,0.69014,110.0,2.0,22.0,13.0,13.0,2.29226,2.0,1.0,0.07692,1.0,0.07692,2.0,9.0,1.0,8.0
3.0,Juan & Cecilia,TARLA6,6.0,1.0,1,7.0,5.0,3,0,1.0,1,3,1,0,0.0,,,,,,,,,,,,734.0,2.23,2.23077,652.0,8.0,1.0,10.0,-7.0,29.0,359.0,5.0,71.0,0.40845,512.0,6.0,42.0,13.0,13.0,2.29226,2.0,5.0,0.38462,8.0,0.61538,1.0,7.0,0.0,7.0
4.0,Christian & Dina,TARLA6,1.0,4.0,4,2.0,4.0,5,4,5.0,3,1,0,,,,,,,,,,,,,,735.0,3.0,3.0,444.0,5.0,4.0,2.0,2.0,33.0,280.0,4.0,67.0,0.49254,391.0,4.0,34.0,11.0,11.0,1.65145,2.5,2.0,0.18182,3.0,0.27273,4.0,5.0,0.0,5.0
5.0,Martín & Jenny,TARLA6,7.0,5.0,2,4.0,1.0,1,2,2.0,0,0,,,,,,,,,,,,,,,736.0,2.4,2.4,609.0,9.0,2.0,6.0,-1.0,24.0,429.0,6.0,64.0,0.375,556.0,8.0,40.0,10.0,10.0,2.15407,2.5,2.0,0.2,4.0,0.4,2.0,7.0,0.0,7.0
6.0,Stefanía & Felipe,TARLA6,10.0,6.0,7,6.0,6.0,6,1,0.0,,,,,,,,,,,,,,,,,737.0,5.25,5.25,31.0,1.0,6.0,1.0,5.0,42.0,159.0,3.0,56.0,0.75,54.0,1.0,14.0,8.0,8.0,3.03109,1.5,1.0,0.125,2.0,0.25,6.0,10.0,0.0,10.0
7.0,Sonia & Gabriel,TARLA6,3.0,9.0,5,1.0,0.0,0,,,,,,,,,,,,,,,,,,,738.0,3.0,3.0,444.0,5.0,2.0,6.0,1.0,18.0,544.0,7.0,46.0,0.3913,543.0,7.0,28.0,6.0,6.0,3.21455,4.25,1.0,0.16667,3.0,0.5,0.0,9.0,0.0,9.0
8.0,Clara & Delfina,TARLA6,5.0,8.0,3,0.0,,,,,,,,,,,,,,,,,,,,,739.0,4.0,4.0,193.0,2.0,4.0,2.0,6.0,16.0,575.0,8.0,34.0,0.47059,424.0,5.0,18.0,4.0,4.0,2.91548,3.5,0.0,0.0,1.0,0.25,,8.0,0.0,8.0
9.0,Audi & David,TARLA6,2.0,7.0,0,,,,,,,,,,,,,,,,,,,,,,740.0,3.0,3.0,444.0,5.0,2.0,6.0,3.0,9.0,684.0,9.0,27.0,0.33333,613.0,9.0,18.0,3.0,3.0,2.94392,3.5,0.0,0.0,1.0,0.33333,,7.0,0.0,7.0
10.0,Carlos & Orlando,TARLA6,4.0,0.0,,,,,,,,,,,,,,,,,,,,,,,741.0,2.0,2.0,677.0,10.0,2.0,6.0,4.0,4.0,755.0,10.0,19.0,0.21053,733.0,10.0,15.0,2.0,2.0,2.0,2.0,0.0,0.0,1.0,0.5,,4.0,0.0,4.0
11.0,Ana & Vantroy,TARLA6,0.0,,,,,,,,,,,,,,,,,,,,,,,,742.0,0.0,0.0,828.0,11.0,0.0,11.0,0.0,0.0,828.0,11.0,10.0,0.0,828.0,11.0,10.0,1.0,1.0,0.0,0.0,0.0,0.0,1.0,1.0,,0.0,0.0,0.0
1.0,Morten & Truls,TARNO1,7.0,9.0,7,6.0,7.0,1,4,5.0,4,1,4,2,2.0,,,,,,,,,,,,743.0,4.54,4.53846,101.0,1.0,4.0,1.0,0.0,59.0,21.0,1.0,74.0,0.7973,25.0,1.0,15.0,13.0,13.0,2.46874,5.0,2.0,0.15385,2.0,0.15385,7.0,9.0,1.0,8.0
2.0,Karim & Khabat,TARNO1,10.0,1.0,5,7.0,6.0,6,5,3.0,2,4,2,3,1.0,,,,,,,,,,,,744.0,4.23,4.23077,160.0,2.0,4.0,1.0,1.0,55.0,34.0,2.0,74.0,0.74324,64.0,2.0,19.0,13.0,13.0,2.51622,4.0,2.0,0.15385,2.0,0.15385,1.0,10.0,1.0,9.0
3.0,Cathrine & Michelle,TARNO1,4.0,8.0,8,5.0,1.0,2,2,1.0,1,3,3,1,0.0,,,,,,,,,,,,745.0,3.0,3.0,444.0,5.0,2.0,8.0,-5.0,39.0,201.0,3.0,74.0,0.52703,329.0,3.0,35.0,13.0,13.0,2.51151,3.0,4.0,0.30769,5.0,0.38462,1.0,8.0,0.0,8.0
4.0,Frank & Ivar,TARNO1,3.0,6.0,6,1.0,5.0,5,3,2.0,3,2,1,0,,,,,,,,,,,,,746.0,3.08,3.08333,438.0,4.0,3.0,3.0,1.0,37.0,224.0,4.0,72.0,0.51389,347.0,4.0,35.0,12.0,12.0,1.9347,3.25,2.0,0.16667,3.0,0.25,3.0,6.0,0.0,6.0
5.0,Kari & Bjørn,TARNO1,2.0,5.0,4,2.0,4.0,3,1,4.0,0,0,0,,,,,,,,,,,,,,747.0,2.27,2.27273,638.0,9.0,2.0,8.0,-3.0,25.0,414.0,5.0,69.0,0.36232,580.0,7.0,44.0,11.0,11.0,1.76279,3.5,1.0,0.09091,4.0,0.36364,4.0,5.0,0.0,5.0
6.0,Tor Einar & Cathrine,TARNO1,5.0,3.0,2,3.0,3.0,4,0,0.0,,,,,,,,,,,,,,,,,748.0,2.5,2.5,580.0,8.0,3.0,3.0,3.0,20.0,507.0,7.0,57.0,0.35088,598.0,8.0,37.0,8.0,8.0,1.65831,1.75,0.0,0.0,2.0,0.25,3.0,5.0,0.0,5.0
7.0,Julie & Vichy,TARNO1,9.0,7.0,1,4.0,2.0,0,,,,,,,,,,,,,,,,,,,749.0,3.83,3.83333,250.0,3.0,3.0,3.0,4.0,23.0,450.0,6.0,47.0,0.48936,396.0,5.0,24.0,6.0,6.0,3.23608,5.0,1.0,0.16667,2.0,0.33333,,9.0,0.0,9.0
8.0,Bjarne & Vilde,TARNO1,8.0,4.0,3,0.0,0.0,,,,,,,,,,,,,,,,,,,,750.0,3.0,3.0,444.0,5.0,3.0,3.0,5.0,15.0,595.0,8.0,41.0,0.36585,575.0,6.0,26.0,5.0,5.0,2.96648,4.0,0.0,0.0,2.0,0.4,0.0,8.0,0.0,8.0
9.0,Martha & Elise,TARNO1,1.0,2.0,0,,,,,,,,,,,,,,,,,,,,,,751.0,1.0,1.0,776.0,10.0,1.0,10.0,-1.0,3.0,765.0,10.0,27.0,0.11111,784.0,10.0,24.0,3.0,3.0,0.8165,1.0,1.0,0.33333,2.0,0.66667,,2.0,0.0,2.0
10.0,Pål Christian & Ivar,TARNO1,6.0,0.0,,,,,,,,,,,,,,,,,,,,,,,752.0,3.0,3.0,444.0,5.0,3.0,3.0,7.0,6.0,727.0,9.0,19.0,0.31579,639.0,9.0,13.0,2.0,2.0,3.0,3.0,0.0,0.0,1.0,0.5,,6.0,0.0,6.0
11.0,Kenneth & Hakan,TARNO1,0.0,,,,,,,,,,,,,,,,,,,,,,,,753.0,0.0,0.0,828.0,11.0,0.0,11.0,0.0,0.0,828.0,11.0,10.0,0.0,828.0,11.0,10.0,1.0,1.0,0.0,0.0,0.0,0.0,1.0,1.0,,0.0,0.0,0.0
1.0,Omar & Bilal,TARNO2,7.0,2.0,6,6.0,5.0,6,5,4.0,3,3,2,2,,,,,,,,,,,,,754.0,4.25,4.25,145.0,1.0,4.5,1.0,0.0,51.0,62.0,1.0,63.0,0.80952,18.0,1.0,12.0,12.0,12.0,1.73805,3.25,0.0,0.0,0.0,0.0,2.0,7.0,2.0,5.0
2.0,Sveinung & Solfrid,TARNO2,4.0,6.0,5,4.0,3.0,3,4,3.0,4,1,3,1,,,,,,,,,,,,,755.0,3.42,3.41667,346.0,3.0,3.5,3.0,-1.0,41.0,171.0,3.0,63.0,0.65079,156.0,3.0,22.0,12.0,12.0,1.38193,1.0,2.0,0.16667,2.0,0.16667,4.0,6.0,1.0,5.0
3.0,Cecilie & Camilla,TARNO2,3.0,4.0,4,3.0,4.0,5,1,2.0,1,0,1,0,,,,,,,,,,,,,756.0,2.33,2.33333,620.0,6.0,2.5,4.0,-1.0,28.0,372.0,4.0,63.0,0.44444,462.0,4.0,35.0,12.0,12.0,1.64992,3.0,3.0,0.25,5.0,0.41667,4.0,5.0,0.0,5.0
4.0,Julie & Robert,TARNO2,5.0,7.0,7,5.0,6.0,4,3,1.0,2,2,0,,,,,,,,,,,,,,757.0,3.82,3.81818,263.0,2.0,4.0,2.0,2.0,42.0,159.0,2.0,61.0,0.68852,111.0,2.0,19.0,11.0,11.0,2.28903,3.5,1.0,0.09091,2.0,0.18182,5.0,7.0,0.0,7.0
5.0,Lill & Stian,TARNO2,9.0,1.0,2,1.0,0.0,2,2,0.0,0,,,,,,,,,,,,,,,,758.0,1.89,1.88889,711.0,7.0,1.0,7.0,-2.0,17.0,559.0,7.0,55.0,0.30909,646.0,7.0,38.0,9.0,9.0,2.64342,2.0,2.0,0.22222,5.0,0.55556,2.0,9.0,0.0,9.0
6.0,Eva & Wenche,TARNO2,6.0,8.0,1,2.0,1.0,1,0,,,,,,,,,,,,,,,,,,759.0,2.71,2.71429,537.0,5.0,1.0,7.0,-1.0,19.0,526.0,5.0,47.0,0.40426,521.0,6.0,28.0,7.0,7.0,2.81396,3.0,3.0,0.42857,4.0,0.57143,1.0,8.0,0.0,8.0
7.0,Vinh & Terje,TARNO2,8.0,5.0,3,0.0,2.0,0,,,,,,,,,,,,,,,,,,,760.0,3.0,3.0,444.0,4.0,2.5,4.0,3.0,18.0,544.0,6.0,42.0,0.42857,483.0,5.0,24.0,6.0,6.0,2.82843,4.0,0.0,0.0,2.0,0.33333,0.0,8.0,0.0,8.0
8.0,Priscila & Lindsy,TARNO2,2.0,3.0,0,,,,,,,,,,,,,,,,,,,,,,761.0,1.67,1.66667,739.0,8.0,2.0,6.0,2.0,5.0,741.0,8.0,24.0,0.20833,735.0,8.0,19.0,3.0,3.0,1.24722,1.5,0.0,0.0,1.0,0.33333,,3.0,0.0,3.0
9.0,Milorad & Dario,TARNO2,1.0,0.0,,,,,,,,,,,,,,,,,,,,,,,762.0,0.5,0.5,807.0,9.0,0.5,9.0,0.0,1.0,805.0,9.0,17.0,0.05882,808.0,9.0,16.0,2.0,2.0,0.5,0.5,1.0,0.5,2.0,1.0,,1.0,0.0,1.0
10.0,Allan & Ørjan,TARNO2,0.0,,,,,,,,,,,,,,,,,,,,,,,,763.0,0.0,0.0,828.0,10.0,0.0,10.0,0.0,0.0,828.0,10.0,9.0,0.0,828.0,10.0,9.0,1.0,1.0,0.0,0.0,0.0,0.0,1.0,1.0,,0.0,0.0,0.0
1.0,Baggio & Thành Phúc,TARVN1,4.0,8.0,9,6.0,7.0,1,2,3.0,4,2,1,3,2.0,,,,,,,,,,,,764.0,4.0,4.0,193.0,5.0,3.0,5.0,-4.0,52.0,39.0,1.0,75.0,0.69333,107.0,1.0,23.0,13.0,12.0,2.57204,4.0,2.0,0.15385,2.0,0.15385,2.0,9.0,1.0,8.0
2.0,Minh Hoàng & Phương Thảo,TARVN1,3.0,2.0,4,3.0,5.0,3,1,5.0,0,1,3,1,1.0,,,,,,,,,,,,765.0,2.46,2.46154,597.0,8.0,3.0,5.0,-3.0,32.0,301.0,5.0,75.0,0.42667,486.0,8.0,43.0,13.0,12.0,1.54996,2.0,4.0,0.30769,5.0,0.38462,3.0,5.0,0.0,5.0
3.0,Thành Chung & Thanh Bằng,TARVN1,1.0,3.0,5,4.0,6.0,6,5,1.0,2,3,0,2,0.0,,,,,,,,,,,,766.0,2.92,2.92308,486.0,7.0,3.0,5.0,-2.0,38.0,212.0,3.0,75.0,0.50667,364.0,6.0,37.0,13.0,12.0,2.05544,4.0,2.0,0.15385,4.0,0.30769,1.0,6.0,0.0,6.0
4.0,Chí Bình & Hồng Long,TARVN1,8.0,6.0,7,7.0,3.0,4,3,4.0,1,4,2,0,,,,,,,,,,,,,767.0,4.08,4.08333,185.0,4.0,4.0,3.0,1.0,49.0,85.0,2.0,73.0,0.67123,131.0,2.0,24.0,12.0,11.0,2.39647,3.5,1.0,0.08333,2.0,0.16667,4.0,8.0,0.0,8.0
5.0,Tuấn Anh & Xuân Sơn,TARVN1,6.0,9.0,1,2.0,1.0,0,6,2.0,3,0,,,,,,,,,,,,,,,768.0,3.0,3.0,444.0,6.0,2.0,8.0,-3.0,30.0,344.0,6.0,67.0,0.44776,453.0,7.0,37.0,10.0,10.0,2.86356,4.25,2.0,0.2,4.0,0.4,6.0,9.0,0.0,9.0
6.0,Minh Châu & Trần Châu,TARVN1,5.0,4.0,6,8.0,4.0,2,4,0.0,,,,,,,,,,,,,,,,,769.0,4.13,4.125,179.0,3.0,4.0,3.0,3.0,33.0,280.0,4.0,59.0,0.55932,282.0,4.0,26.0,8.0,8.0,2.26039,1.75,0.0,0.0,1.0,0.125,4.0,8.0,0.0,8.0
7.0,Gia Bình & Bảo Châu,TARVN1,0.0,1.0,3,1.0,2.0,5,0,,,,,,,,,,,,,,,,,,770.0,1.71,1.71429,723.0,9.0,1.0,9.0,-2.0,12.0,636.0,9.0,54.0,0.22222,725.0,9.0,42.0,7.0,7.0,1.66599,2.0,2.0,0.28571,4.0,0.57143,0.0,5.0,0.0,5.0
8.0,Thanh Tuấn & Mỹ Trâm,TARVN1,7.0,7.0,8,5.0,0.0,,,,,,,,,,,,,,,,,,,,771.0,5.4,5.4,24.0,1.0,7.0,1.0,7.0,27.0,386.0,7.0,42.0,0.64286,167.0,3.0,15.0,5.0,5.0,2.87054,2.0,0.0,0.0,1.0,0.2,7.0,8.0,0.0,8.0
9.0,Richie & Mimi,TARVN1,2.0,0.0,2,0.0,,,,,,,,,,,,,,,,,,,,,772.0,1.0,1.0,776.0,10.0,1.0,9.0,0.0,4.0,755.0,10.0,35.0,0.11429,783.0,10.0,31.0,4.0,4.0,1.0,2.0,0.0,0.0,2.0,0.5,2.0,2.0,0.0,2.0
10.0,Thanh Thủy & Minh Thoa,TARVN1,9.0,5.0,0,,,,,,,,,,,,,,,,,,,,,,773.0,4.67,4.66667,87.0,2.0,5.0,2.0,8.0,14.0,610.0,8.0,27.0,0.51852,342.0,5.0,13.0,3.0,3.0,3.68179,4.5,0.0,0.0,1.0,0.33333,,9.0,0.0,9.0
1.0,Diệp Lâm Anh & Thu Hiền,TARVN2,3.0,6.0,7,1.0,5.0,3,3,4.0,3,2,2,2,,,,,,,,,,,,,774.0,3.42,3.41667,346.0,4.0,3.0,3.0,-2.0,41.0,171.0,2.0,59.0,0.69492,103.0,3.0,18.0,12.0,12.0,1.70579,2.25,1.0,0.08333,1.0,0.08333,3.0,7.0,1.0,6.0
2.0,Linh Chi & Phúc Vinh,TARVN2,8.0,7.0,6,6.0,3.0,5,1,2.0,0,3,3,1,,,,,,,,,,,,,775.0,3.75,3.75,277.0,1.0,3.0,3.0,-1.0,45.0,130.0,1.0,59.0,0.76271,46.0,1.0,14.0,12.0,12.0,2.48747,4.25,2.0,0.16667,3.0,0.25,3.0,8.0,0.0,8.0
3.0,Đức Hưng & Thùy Dung,TARVN2,2.0,2.0,3,4.0,6.0,1,2,1.0,1,1,1,0,,,,,,,,,,,,,776.0,2.0,2.0,677.0,7.0,1.5,6.0,-3.0,24.0,429.0,4.0,59.0,0.40678,517.0,5.0,35.0,12.0,12.0,1.58114,1.25,5.0,0.41667,6.0,0.5,1.0,6.0,0.0,6.0
4.0,Hari & Tiến Đạt,TARVN2,5.0,8.0,5,5.0,4.0,4,4,3.0,2,0,0,,,,,,,,,,,,,,777.0,3.64,3.63636,306.0,3.0,4.0,1.0,3.0,40.0,186.0,3.0,57.0,0.70175,97.0,2.0,17.0,11.0,11.0,2.22681,2.5,0.0,0.0,2.0,0.18182,5.0,8.0,0.0,8.0
5.0,Linh Sơn & Đoàn Mạnh,TARVN2,6.0,5.0,1,2.0,1.0,2,0,0.0,,,,,,,,,,,,,,,,,778.0,2.13,2.125,669.0,6.0,1.5,6.0,-1.0,17.0,559.0,5.0,48.0,0.35417,589.0,6.0,31.0,8.0,8.0,2.08791,2.0,2.0,0.25,4.0,0.5,1.0,6.0,0.0,6.0
6.0,Thanh Hoa & Anh Tuấn,TARVN2,4.0,1.0,4,3.0,2.0,0,,,,,,,,,,,,,,,,,,,779.0,2.33,2.33333,620.0,5.0,2.5,5.0,1.0,14.0,610.0,6.0,40.0,0.35,599.0,7.0,26.0,6.0,6.0,1.49071,2.5,1.0,0.16667,2.0,0.33333,4.0,4.0,0.0,4.0
7.0,Việt Dũng & Pha Lê,TARVN2,1.0,3.0,2,0.0,0.0,,,,,,,,,,,,,,,,,,,,780.0,1.2,1.2,771.0,8.0,1.0,8.0,-1.0,6.0,727.0,8.0,35.0,0.17143,758.0,8.0,29.0,5.0,5.0,1.16619,2.0,1.0,0.2,3.0,0.6,0.0,3.0,0.0,3.0
8.0,Kim Lee & Pharreal Phương,TARVN2,7.0,4.0,0,,,,,,,,,,,,,,,,,,,,,,781.0,3.67,3.66667,291.0,2.0,4.0,1.0,7.0,11.0,655.0,7.0,23.0,0.47826,410.0,4.0,12.0,3.0,3.0,2.86744,3.5,0.0,0.0,1.0,0.33333,,7.0,0.0,7.0
9.0,S.T & Hùng Phong,TARVN2,0.0,0.0,,,,,,,,,,,,,,,,,,,,,,,782.0,0.0,0.0,828.0,9.0,0.0,9.0,0.0,0.0,828.0,9.0,16.0,0.0,828.0,9.0,16.0,2.0,2.0,0.0,0.0,0.0,0.0,2.0,1.0,0.0,0.0,0.0,0.0
1.0,Hương Giang & Criss,TARVN3,7.0,2.0,7,6.0,5.0,4,2,3.0,1,3,2,,,,,,,,,,,,,,783.0,3.82,3.81818,263.0,3.0,3.0,4.0,-3.0,42.0,159.0,1.0,57.0,0.73684,69.0,1.0,15.0,11.0,11.0,2.03685,3.5,1.0,0.09091,1.0,0.09091,2.0,7.0,1.0,6.0
2.0,Trang Trần & Hiếu Nguyễn,TARVN3,4.0,5.0,4,3.0,4.0,3,4,2.0,2,1,1,,,,,,,,,,,,,,784.0,3.0,3.0,444.0,6.0,3.0,4.0,-2.0,33.0,280.0,2.0,57.0,0.57895,247.0,3.0,24.0,11.0,11.0,1.2792,2.0,2.0,0.18182,2.0,0.18182,4.0,5.0,1.0,4.0
3.0,Trang Khiếu & An Đinh,TARVN3,3.0,3.0,1,1.0,1.0,0,3,1.0,0,2,0,,,,,,,,,,,,,,785.0,1.36,1.36364,763.0,8.0,1.0,7.0,-4.0,15.0,595.0,6.0,57.0,0.26316,698.0,7.0,42.0,11.0,11.0,1.14992,2.0,4.0,0.36364,7.0,0.63636,1.0,3.0,0.0,3.0
4.0,Kiwi Ngô Mai Trang & Đỗ Hoàng Dương,TARVN3,1.0,4.0,3,0.0,6.0,5,5,4.0,3,0,,,,,,,,,,,,,,,786.0,3.1,3.1,427.0,5.0,3.5,3.0,1.0,31.0,325.0,3.0,55.0,0.56364,276.0,4.0,24.0,10.0,10.0,2.02237,3.25,1.0,0.1,3.0,0.3,4.0,6.0,0.0,6.0
5.0,Sơn Ngọc Minh & Mint,TARVN3,8.0,6.0,5,2.0,2.0,1,1,0.0,,,,,,,,,,,,,,,,,787.0,3.13,3.125,421.0,4.0,2.0,6.0,-1.0,25.0,414.0,5.0,49.0,0.5102,354.0,6.0,24.0,8.0,8.0,2.66634,4.25,2.0,0.25,3.0,0.375,2.0,8.0,0.0,8.0
6.0,Long Điền & Kim Dung,TARVN3,6.0,8.0,6,5.0,3.0,2,0,,,,,,,,,,,,,,,,,,788.0,4.29,4.28571,142.0,1.0,5.0,1.0,5.0,30.0,344.0,4.0,45.0,0.66667,133.0,2.0,15.0,7.0,7.0,2.54751,3.5,0.0,0.0,1.0,0.14286,6.0,8.0,0.0,8.0
7.0,Kim Thanh & Khải Anh,TARVN3,0.0,1.0,2,4.0,0.0,,,,,,,,,,,,,,,,,,,,789.0,1.4,1.4,762.0,7.0,1.0,7.0,0.0,7.0,713.0,8.0,35.0,0.2,739.0,8.0,28.0,5.0,5.0,1.49666,2.0,1.0,0.2,3.0,0.6,0.0,4.0,0.0,4.0
8.0,Miko Lan Trinh & Hoàng Nam,TARVN3,5.0,7.0,0,,,,,,,,,,,,,,,,,,,,,,790.0,4.0,4.0,193.0,2.0,5.0,1.0,7.0,12.0,636.0,7.0,23.0,0.52174,337.0,5.0,11.0,3.0,3.0,2.94392,3.5,0.0,0.0,1.0,0.33333,,7.0,0.0,7.0
9.0,Minh Long & Sơn Việt,TARVN3,2.0,0.0,,,,,,,,,,,,,,,,,,,,,,,791.0,1.0,1.0,776.0,9.0,1.0,7.0,2.0,2.0,785.0,9.0,16.0,0.125,777.0,9.0,14.0,2.0,2.0,1.0,1.0,0.0,0.0,1.0,0.5,,2.0,0.0,2.0
1.0,Ngọc Anh & Nhật Anh,TARVN4,7.0,6.0,7,7.0,2.0,6,0,5.0,4,2,2,,,,,,,,,,,,,,792.0,4.36,4.36364,130.0,1.0,5.0,1.0,0.0,48.0,93.0,1.0,59.0,0.81356,16.0,1.0,11.0,11.0,11.0,2.38452,4.5,0.0,0.0,1.0,0.09091,7.0,7.0,0.0,7.0
2.0,Lincoln & Chí Thành,TARVN4,5.0,3.0,4,6.0,3.0,1,1,4.0,3,3,1,,,,,,,,,,,,,,793.0,3.09,3.09091,431.0,3.0,3.0,3.0,-1.0,34.0,261.0,2.0,59.0,0.57627,257.0,2.0,25.0,11.0,11.0,1.56406,2.0,3.0,0.27273,3.0,0.27273,3.0,6.0,1.0,5.0
3.0,Băng Di & Trang Pháp,TARVN4,0.0,0.0,3,1.0,4.0,3,4,1.0,1,1,0,,,,,,,,,,,,,,794.0,1.64,1.63636,739.0,8.0,1.0,8.0,-5.0,18.0,544.0,6.0,59.0,0.30508,652.0,8.0,41.0,11.0,11.0,1.49379,2.5,4.0,0.36364,7.0,0.63636,1.0,4.0,0.0,4.0
4.0,Thùy Anh & Đăng Hoàng,TARVN4,3.0,1.0,1,3.0,5.0,5,2,3.0,2,0,,,,,,,,,,,,,,,795.0,2.5,2.5,580.0,6.0,2.5,4.0,0.0,25.0,414.0,4.0,57.0,0.4386,474.0,5.0,32.0,10.0,10.0,1.56525,1.75,2.0,0.2,3.0,0.3,3.0,5.0,0.0,5.0
5.0,Nam Thành & Hải Băng,TARVN4,6.0,2.0,6,2.0,6.0,2,5,2.0,0,,,,,,,,,,,,,,,,796.0,3.44,3.44444,342.0,2.0,2.0,5.0,0.0,31.0,325.0,3.0,54.0,0.57407,261.0,3.0,23.0,9.0,9.0,2.16595,4.0,0.0,0.0,1.0,0.11111,2.0,6.0,0.0,6.0
6.0,Phương Ly & Joo Young,TARVN4,1.0,4.0,5,4.0,1.0,4,3,0.0,,,,,,,,,,,,,,,,,797.0,2.75,2.75,524.0,4.0,3.5,2.0,4.0,22.0,467.0,5.0,50.0,0.44,473.0,4.0,28.0,8.0,8.0,1.71391,3.0,2.0,0.25,3.0,0.375,4.0,5.0,0.0,5.0
7.0,Song Ngư & Trúc Như,TARVN4,2.0,5.0,2,5.0,0.0,0,,,,,,,,,,,,,,,,,,,798.0,2.33,2.33333,620.0,7.0,2.0,5.0,2.0,14.0,610.0,7.0,40.0,0.35,599.0,7.0,26.0,6.0,6.0,2.0548,3.75,0.0,0.0,2.0,0.33333,2.0,5.0,0.0,5.0
8.0,Tim & Anh Đức,TARVN4,4.0,7.0,0,0.0,,,,,,,,,,,,,,,,,,,,,799.0,2.75,2.75,524.0,4.0,2.0,5.0,3.0,11.0,655.0,8.0,28.0,0.39286,539.0,6.0,17.0,4.0,4.0,2.94746,4.75,0.0,0.0,2.0,0.5,0.0,7.0,0.0,7.0
1.0,Lincoln & Tiến Đạt,TARVN5,9.0,9.0,8,7.0,5.0,5,4,3.0,2,3,2,,,,,,,,,,,,,,800.0,5.18,5.18182,37.0,1.0,5.0,1.0,0.0,57.0,29.0,1.0,64.0,0.89063,3.0,1.0,7.0,11.0,11.0,2.55194,4.5,0.0,0.0,0.0,0.0,9.0,9.0,2.0,7.0
2.0,Hương Giang & Criss,TARVN5,7.0,2.0,4,3.0,7.0,2,2,4.0,3,2,1,,,,,,,,,,,,,,801.0,3.36,3.36364,358.0,3.0,3.0,3.0,-1.0,37.0,224.0,2.0,64.0,0.57813,251.0,2.0,27.0,11.0,11.0,1.91988,2.0,1.0,0.09091,1.0,0.09091,2.0,7.0,1.0,6.0
3.0,Phúc Vinh & Thùy Dung,TARVN5,5.0,5.0,7,4.0,3.0,6,3,2.0,1,1,0,,,,,,,,,,,,,,802.0,3.36,3.36364,358.0,3.0,3.0,3.0,0.0,37.0,224.0,2.0,64.0,0.57813,251.0,2.0,27.0,11.0,11.0,2.1436,3.5,2.0,0.18182,3.0,0.27273,5.0,7.0,0.0,7.0
4.0,Việt Dũng & Pha Lê,TARVN5,6.0,8.0,2,8.0,2.0,3,1,1.0,0,0,,,,,,,,,,,,,,,803.0,3.1,3.1,427.0,6.0,2.0,7.0,-3.0,31.0,325.0,4.0,62.0,0.5,365.0,5.0,31.0,10.0,10.0,2.94788,4.25,2.0,0.2,4.0,0.4,8.0,8.0,0.0,8.0
5.0,Thanh Hoa & Anh Tuấn,TARVN5,4.0,3.0,6,5.0,4.0,4,5,0.0,,,,,,,,,,,,,,,,,804.0,3.88,3.875,244.0,2.0,4.0,2.0,3.0,31.0,325.0,4.0,56.0,0.55357,292.0,4.0,25.0,8.0,8.0,1.69097,1.25,0.0,0.0,1.0,0.125,4.0,6.0,0.0,6.0
6.0,Song Ngư & Trúc Như,TARVN5,0.0,1.0,1,1.0,6.0,1,0,,,,,,,,,,,,,,,,,,805.0,1.43,1.42857,761.0,10.0,1.0,10.0,-4.0,10.0,670.0,9.0,52.0,0.19231,746.0,9.0,42.0,7.0,7.0,1.91663,0.5,4.0,0.57143,6.0,0.85714,1.0,6.0,0.0,6.0
7.0,Minh Long & Thu Hiền,TARVN5,1.0,6.0,5,6.0,1.0,0,,,,,,,,,,,,,,,,,,,806.0,3.17,3.16667,409.0,5.0,3.0,3.0,4.0,19.0,526.0,6.0,47.0,0.40426,521.0,6.0,28.0,6.0,6.0,2.54406,4.75,2.0,0.33333,3.0,0.5,1.0,6.0,0.0,6.0
8.0,Richie & Mimi,TARVN5,8.0,4.0,0,2.0,0.0,,,,,,,,,,,,,,,,,,,,807.0,2.8,2.8,513.0,8.0,2.0,7.0,1.0,14.0,610.0,7.0,41.0,0.34146,609.0,8.0,27.0,5.0,5.0,2.99333,4.0,0.0,0.0,2.0,0.4,0.0,8.0,0.0,8.0
9.0,Mâu Thủy & Ngọc Minh,TARVN5,2.0,7.0,3,0.0,,,,,,,,,,,,,,,,,,,,,808.0,3.0,3.0,444.0,7.0,2.5,6.0,3.0,12.0,636.0,8.0,34.0,0.35294,590.0,7.0,22.0,4.0,4.0,2.54951,2.5,0.0,0.0,1.0,0.25,,7.0,0.0,7.0
10.0,Thùy Anh & Đăng Hoàng,TARVN5,3.0,0.0,,,,,,,,,,,,,,,,,,,,,,,809.0,1.5,1.5,746.0,9.0,1.5,9.0,1.0,3.0,765.0,10.0,18.0,0.16667,759.0,10.0,15.0,2.0,2.0,1.5,1.5,0.0,0.0,1.0,0.5,,3.0,0.0,3.0
1.0,Lệ Hằng & H'Hen Niê,TARVN6,6.0,5.0,2,3.0,6.0,5,3,4.0,2,3,,,,,,,,,,,,,,,810.0,3.9,3.9,239.0,4.0,3.5,4.0,-3.0,39.0,201.0,4.0,61.0,0.63934,171.0,4.0,22.0,10.0,10.0,1.44568,2.0,0.0,0.0,0.0,0.0,3.0,6.0,2.0,4.0
2.0,ST Sơn Thạch & Bình An,TARVN6,9.0,9.0,8,7.0,5.0,5,4,2.0,3,2,,,,,,,,,,,,,,,811.0,5.4,5.4,24.0,1.0,5.0,2.0,0.0,54.0,39.0,1.0,61.0,0.88525,4.0,1.0,7.0,10.0,10.0,2.57682,4.5,0.0,0.0,0.0,0.0,9.0,9.0,2.0,7.0
3.0,Lê Xuân Tiền & Đỗ Mỹ Linh,TARVN6,4.0,7.0,6,4.0,4.0,6,5,3.0,1,1,,,,,,,,,,,,,,,812.0,4.1,4.1,181.0,3.0,4.0,3.0,0.0,41.0,171.0,2.0,61.0,0.67213,127.0,3.0,20.0,10.0,10.0,1.92094,2.5,2.0,0.2,2.0,0.2,4.0,7.0,1.0,6.0
4.0,Minh Triệu & Kỳ Duyên,TARVN6,2.0,2.0,5,5.0,1.0,2,2,1.0,0,0,,,,,,,,,,,,,,,813.0,2.0,2.0,677.0,8.0,2.0,6.0,-2.0,20.0,507.0,5.0,61.0,0.32787,621.0,6.0,41.0,10.0,10.0,1.67332,1.0,2.0,0.2,4.0,0.4,2.0,5.0,0.0,5.0
5.0,MLee & Quốc Anh,TARVN6,8.0,8.0,7,6.0,7.0,3,1,0.0,,,,,,,,,,,,,,,,,814.0,5.0,5.0,42.0,2.0,6.5,1.0,4.0,40.0,186.0,3.0,55.0,0.72727,77.0,2.0,15.0,8.0,8.0,3.0,4.75,1.0,0.125,2.0,0.25,8.0,8.0,0.0,8.0
6.0,Johnny & Huy Trần,TARVN6,7.0,3.0,4,1.0,2.0,1,0,,,,,,,,,,,,,,,,,,815.0,2.57,2.57143,574.0,6.0,2.0,6.0,0.0,18.0,544.0,6.0,51.0,0.35294,590.0,5.0,33.0,7.0,7.0,2.19461,2.5,2.0,0.28571,3.0,0.42857,1.0,7.0,0.0,7.0
7.0,Gia Huy & Hoàng Hạnh,TARVN6,1.0,1.0,3,2.0,3.0,0,,,,,,,,,,,,,,,,,,,816.0,1.67,1.66667,739.0,9.0,1.5,8.0,-1.0,10.0,670.0,8.0,46.0,0.21739,731.0,9.0,36.0,6.0,6.0,1.10554,1.75,2.0,0.33333,3.0,0.5,1.0,3.0,0.0,3.0
8.0,Quốc Thiên & Anh Quân,TARVN6,5.0,6.0,1,1.0,0.0,,,,,,,,,,,,,,,,,,,,817.0,2.6,2.6,566.0,5.0,1.0,9.0,-1.0,13.0,624.0,7.0,40.0,0.325,627.0,7.0,27.0,5.0,5.0,2.41661,4.0,2.0,0.4,3.0,0.6,1.0,6.0,0.0,6.0
9.0,Emma Nhất Khanh & Tôn Kinh Lâm,TARVN6,3.0,4.0,0,,,,,,,,,,,,,,,,,,,,,,818.0,2.33,2.33333,620.0,7.0,3.0,5.0,4.0,7.0,713.0,9.0,26.0,0.26923,690.0,8.0,19.0,3.0,3.0,1.69967,2.0,0.0,0.0,1.0,0.33333,,4.0,0.0,4.0
10.0,Vũ Xuân Tiến & Chu Minh Vũ,TARVN6,1.0,0.0,,,,,,,,,,,,,,,,,,,,,,,819.0,0.5,0.5,807.0,10.0,0.5,10.0,0.0,1.0,805.0,10.0,18.0,0.05556,811.0,10.0,17.0,2.0,2.0,0.5,0.5,1.0,0.5,2.0,1.0,,1.0,0.0,1.0
1.0,Anthony & Sonja,TARFR1,7.0,3.0,0,5.0,5.0,3,2,0.0,2,2,,,,,,,,,,,,,,,820.0,2.9,2.9,493.0,4.0,2.5,4.0,-3.0,29.0,359.0,1.0,48.0,0.60417,218.0,2.0,19.0,10.0,10.0,2.11896,2.5,0.0,0.0,2.0,0.2,2.0,7.0,0.0,7.0
2.0,Hadj & Yacim,TARFR1,6.0,5.0,1,1.0,2.0,0,4,1.0,3,1,,,,,,,,,,,,,,,821.0,2.4,2.4,609.0,6.0,1.5,6.0,-4.0,24.0,429.0,4.0,48.0,0.5,365.0,6.0,24.0,10.0,10.0,1.90788,2.75,4.0,0.4,5.0,0.5,1.0,6.0,0.0,6.0
3.0,Alice & Stéphanie,TARFR1,4.0,6.0,3,4.0,1.0,2,1,3.0,1,0,,,,,,,,,,,,,,,822.0,2.5,2.5,580.0,5.0,2.5,4.0,-1.0,25.0,414.0,3.0,48.0,0.52083,340.0,5.0,23.0,10.0,10.0,1.74642,2.75,3.0,0.3,4.0,0.4,1.0,6.0,0.0,6.0
4.0,Heïdi & Michel,TARFR1,8.0,2.0,4,6.0,3.0,1,3,2.0,0,,,,,,,,,,,,,,,,823.0,3.22,3.22222,397.0,2.0,3.0,2.0,2.0,29.0,359.0,1.0,46.0,0.63043,182.0,1.0,17.0,9.0,9.0,2.34652,2.0,1.0,0.11111,2.0,0.22222,2.0,8.0,0.0,8.0
5.0,Francis & Benjamin,TARFR1,2.0,4.0,5,2.0,4.0,4,0,,,,,,,,,,,,,,,,,,824.0,3.0,3.0,444.0,3.0,4.0,1.0,4.0,21.0,491.0,5.0,40.0,0.525,333.0,4.0,19.0,7.0,7.0,1.60357,2.0,0.0,0.0,1.0,0.14286,4.0,5.0,0.0,5.0
6.0,Oucéni & Lassana,TARFR1,1.0,7.0,6,3.0,0.0,,,,,,,,,,,,,,,,,,,,825.0,3.4,3.4,351.0,1.0,3.0,2.0,4.0,17.0,559.0,6.0,32.0,0.53125,321.0,3.0,15.0,5.0,5.0,2.72764,5.0,1.0,0.2,2.0,0.4,,7.0,0.0,7.0
7.0,Mathilde & Séverine,TARFR1,5.0,1.0,2,0.0,,,,,,,,,,,,,,,,,,,,,826.0,2.0,2.0,677.0,7.0,1.5,6.0,1.0,8.0,697.0,7.0,27.0,0.2963,664.0,7.0,19.0,4.0,4.0,1.87083,2.0,1.0,0.25,2.0,0.5,,5.0,0.0,5.0
8.0,Fabien & Aurélien,TARFR1,3.0,0.0,,,,,,,,,,,,,,,,,,,,,,,827.0,1.5,1.5,746.0,8.0,1.5,6.0,2.0,3.0,765.0,8.0,15.0,0.2,739.0,8.0,12.0,2.0,2.0,1.5,1.5,0.0,0.0,1.0,0.5,,3.0,0.0,3.0
9.0,Antoine & Héléna,TARFR1,0.0,,,,,,,,,,,,,,,,,,,,,,,,828.0,0.0,0.0,828.0,9.0,0.0,9.0,0.0,0.0,828.0,9.0,8.0,0.0,828.0,9.0,8.0,1.0,1.0,0.0,0.0,0.0,0.0,1.0,1.0,,0.0,0.0,0.0
1.0,LJ & CJ,TARPH1,4.0,8.0,7,5.0,2.0,3,2,2.0,3,3,2,1,2.0,,,,,,,,,,,,829.0,3.38,3.38462,355.0,4.0,3.0,3.0,-2.0,44.0,138.0,3.0,78.0,0.5641,275.0,3.0,34.0,13.0,13.0,2.0206,2.0,1.0,0.07692,1.0,0.07692,2.0,8.0,1.0,7.0
2.0,Fausto & Dayal,TARPH1,2.0,2.0,1,2.0,6.0,6,6,4.0,5,4,1,2,1.0,,,,,,,,,,,,830.0,3.23,3.23077,395.0,5.0,2.0,7.0,-5.0,42.0,159.0,4.0,78.0,0.53846,312.0,4.0,36.0,13.0,13.0,1.92769,3.0,3.0,0.23077,3.0,0.23077,2.0,6.0,1.0,5.0
3.0,Marc & Kat,TARPH1,10.0,9.0,8,8.0,4.0,5,5,6.0,4,2,3,3,0.0,,,,,,,,,,,,831.0,5.15,5.15385,38.0,2.0,5.0,2.0,1.0,67.0,6.0,1.0,78.0,0.85897,6.0,1.0,11.0,13.0,13.0,2.82424,5.0,0.0,0.0,1.0,0.07692,8.0,10.0,0.0,10.0
4.0,Sheena & Gee,TARPH1,6.0,4.0,4,3.0,1.0,4,3,1.0,1,1,0,0,,,,,,,,,,,,,832.0,2.33,2.33333,620.0,8.0,2.0,7.0,-3.0,28.0,372.0,6.0,76.0,0.36842,566.0,6.0,48.0,12.0,12.0,1.84089,3.0,4.0,0.33333,6.0,0.5,1.0,6.0,0.0,6.0
5.0,Saida & Jervi,TARPH1,7.0,7.0,5,7.0,3.0,2,1,3.0,2,0,,,,,,,,,,,,,,,833.0,3.7,3.7,286.0,3.0,3.0,3.0,2.0,37.0,224.0,5.0,70.0,0.52857,327.0,5.0,33.0,10.0,10.0,2.49199,4.5,1.0,0.1,2.0,0.2,7.0,7.0,0.0,7.0
6.0,Boom & Cheng,TARPH1,9.0,5.0,6,6.0,7.0,7,4,5.0,0,,,,,,,,,,,,,,,,834.0,5.44,5.44444,23.0,1.0,6.0,1.0,5.0,49.0,85.0,2.0,66.0,0.74242,66.0,2.0,17.0,9.0,9.0,2.36225,2.0,0.0,0.0,1.0,0.11111,5.0,9.0,0.0,9.0
7.0,Ed & Angel,TARPH1,3.0,6.0,2,1.0,5.0,1,0,0.0,,,,,,,,,,,,,,,,,835.0,2.25,2.25,641.0,9.0,1.5,9.0,-2.0,18.0,544.0,7.0,61.0,0.29508,669.0,8.0,43.0,8.0,8.0,2.10654,2.75,2.0,0.25,4.0,0.5,1.0,6.0,0.0,6.0
8.0,Dani & Mish,TARPH1,8.0,3.0,3,4.0,0.0,0,,,,,,,,,,,,,,,,,,,836.0,3.0,3.0,444.0,6.0,3.0,3.0,5.0,18.0,544.0,7.0,49.0,0.36735,573.0,7.0,31.0,6.0,6.0,2.70801,3.0,0.0,0.0,2.0,0.33333,3.0,8.0,0.0,8.0
9.0,Pamela & Vanessa,TARPH1,1.0,1.0,0,0.0,,,,,,,,,,,,,,,,,,,,,837.0,0.5,0.5,807.0,10.0,0.5,10.0,-1.0,2.0,785.0,10.0,35.0,0.05714,810.0,10.0,33.0,4.0,4.0,0.5,1.0,2.0,0.5,4.0,1.0,1.0,1.0,0.0,1.0
10.0,Anton & Armand,TARPH1,5.0,0.0,,,,,,,,,,,,,,,,,,,,,,,838.0,2.5,2.5,580.0,7.0,2.5,6.0,4.0,5.0,741.0,9.0,19.0,0.26316,698.0,9.0,14.0,2.0,2.0,2.5,2.5,0.0,0.0,1.0,0.5,,5.0,0.0,5.0
11.0,Crystel & Mykey,TARPH1,0.0,,,,,,,,,,,,,,,,,,,,,,,,839.0,0.0,0.0,828.0,11.0,0.0,11.0,0.0,0.0,828.0,11.0,10.0,0.0,828.0,11.0,10.0,1.0,1.0,0.0,0.0,0.0,0.0,1.0,1.0,,0.0,0.0,0.0
1.0,Matt & Phoebe,TARPH2,8.0,9.0,8,7.0,2.0,3,4,5.0,2,2,,,,,,,,,,,,,,,840.0,5.0,5.0,42.0,1.0,4.5,2.0,-1.0,50.0,71.0,1.0,61.0,0.81967,13.0,1.0,11.0,10.0,10.0,2.64575,5.5,0.0,0.0,0.0,0.0,2.0,9.0,2.0,7.0
2.0,JP & Kelvin,TARPH2,5.0,3.0,2,1.0,1.0,5,2,2.0,3,1,,,,,,,,,,,,,,,841.0,2.5,2.5,580.0,7.0,2.0,7.0,-5.0,25.0,414.0,6.0,61.0,0.40984,510.0,6.0,36.0,10.0,10.0,1.43178,1.75,3.0,0.3,3.0,0.3,2.0,5.0,1.0,4.0
3.0,Eji & Roch,TARPH2,4.0,6.0,7,4.0,5.0,2,5,3.0,1,0,,,,,,,,,,,,,,,842.0,3.7,3.7,286.0,4.0,4.0,3.0,0.0,37.0,224.0,3.0,61.0,0.60656,214.0,4.0,24.0,10.0,10.0,2.1,2.75,1.0,0.1,2.0,0.2,4.0,7.0,0.0,7.0
4.0,Yna & Jet,TARPH2,9.0,8.0,6,6.0,4.0,4,3,4.0,0,,,,,,,,,,,,,,,,843.0,4.89,4.88889,59.0,2.0,4.0,3.0,1.0,44.0,138.0,2.0,59.0,0.74576,62.0,2.0,15.0,9.0,9.0,2.55797,2.0,0.0,0.0,1.0,0.11111,4.0,9.0,0.0,9.0
5.0,AJ & Jody,TARPH2,6.0,5.0,5,5.0,6.0,6,0,1.0,,,,,,,,,,,,,,,,,844.0,4.25,4.25,145.0,3.0,5.0,1.0,4.0,34.0,261.0,4.0,56.0,0.60714,211.0,3.0,22.0,8.0,8.0,2.22205,2.0,1.0,0.125,2.0,0.25,6.0,6.0,0.0,6.0
6.0,Vince & Ed,TARPH2,10.0,7.0,4,3.0,3.0,1,1,0.0,,,,,,,,,,,,,,,,,845.0,3.63,3.625,309.0,5.0,3.0,6.0,0.0,29.0,359.0,5.0,56.0,0.51786,345.0,5.0,27.0,8.0,8.0,3.15981,3.75,2.0,0.25,3.0,0.375,3.0,10.0,0.0,10.0
7.0,RR & Jeck,TARPH2,1.0,2.0,3,2.0,0.0,0,,,,,,,,,,,,,,,,,,,846.0,1.33,1.33333,764.0,9.0,1.5,9.0,-2.0,8.0,697.0,7.0,46.0,0.17391,756.0,9.0,38.0,6.0,6.0,1.10554,1.75,1.0,0.16667,3.0,0.5,2.0,3.0,0.0,3.0
8.0,Avy & Tina,TARPH2,3.0,4.0,1,0.0,,,,,,,,,,,,,,,,,,,,,847.0,2.0,2.0,677.0,8.0,2.0,7.0,1.0,8.0,697.0,7.0,34.0,0.23529,719.0,8.0,26.0,4.0,4.0,1.58114,2.5,1.0,0.25,2.0,0.5,,4.0,0.0,4.0
9.0,Daniel & Charlie,TARPH2,2.0,1.0,0,,,,,,,,,,,,,,,,,,,,,,848.0,1.0,1.0,776.0,10.0,1.0,10.0,-1.0,3.0,765.0,10.0,27.0,0.11111,784.0,10.0,24.0,3.0,3.0,0.8165,1.0,1.0,0.33333,2.0,0.66667,,2.0,0.0,2.0
10.0,Chen & Luz,TARPH2,7.0,0.0,,,,,,,,,,,,,,,,,,,,,,,849.0,3.5,3.5,329.0,6.0,3.5,5.0,5.0,7.0,713.0,9.0,19.0,0.36842,566.0,7.0,12.0,2.0,2.0,3.5,3.5,0.0,0.0,1.0,0.5,,7.0,0.0,7.0
11.0,Zarah & Osang,TARPH2,0.0,,,,,,,,,,,,,,,,,,,,,,,,850.0,0.0,0.0,828.0,11.0,0.0,11.0,0.0,0.0,828.0,11.0,10.0,0.0,828.0,11.0,10.0,1.0,1.0,0.0,0.0,0.0,0.0,1.0,1.0,,0.0,0.0,0.0
1.0,Valeria & Bohdana,TARUA1,8.0,5.0,8,5.0,2.0,4,4,4.0,4,3,2,2,,,,,,,,,,,,,851.0,4.25,4.25,145.0,1.0,4.0,2.0,-1.0,51.0,62.0,1.0,64.0,0.79688,26.0,1.0,13.0,12.0,12.0,1.9632,2.25,0.0,0.0,0.0,0.0,4.0,8.0,2.0,6.0
2.0,Alexey & Olena,TARUA1,1.0,2.0,2,6.0,0.0,5,3,1.0,3,1,0,1,,,,,,,,,,,,,852.0,2.08,2.08333,674.0,8.0,1.5,7.0,-5.0,25.0,414.0,4.0,64.0,0.39063,545.0,6.0,39.0,12.0,12.0,1.80085,2.0,4.0,0.33333,6.0,0.5,1.0,6.0,0.0,6.0
3.0,Constantine & Jacob,TARUA1,2.0,4.0,5,7.0,5.0,6,2,3.0,2,2,1,0,,,,,,,,,,,,,853.0,3.25,3.25,385.0,4.0,2.5,6.0,-3.0,39.0,201.0,2.0,64.0,0.60938,208.0,3.0,25.0,12.0,12.0,2.04634,3.0,1.0,0.08333,2.0,0.16667,2.0,7.0,0.0,7.0
4.0,Alexander & Vladimir,TARUA1,3.0,0.0,3,2.0,6.0,2,1,0.0,1,0,,,,,,,,,,,,,,,854.0,1.8,1.8,715.0,9.0,1.5,7.0,-3.0,18.0,544.0,6.0,60.0,0.3,658.0,9.0,42.0,10.0,10.0,1.77764,2.5,2.0,0.2,5.0,0.5,0.0,6.0,0.0,6.0
5.0,Ihor & Vasil,TARUA1,9.0,7.0,7,4.0,1.0,3,5,2.0,0,,,,,,,,,,,,,,,,855.0,4.22,4.22222,162.0,2.0,4.0,2.0,3.0,38.0,212.0,3.0,57.0,0.66667,133.0,2.0,19.0,9.0,9.0,2.85882,5.0,1.0,0.11111,2.0,0.22222,7.0,9.0,0.0,9.0
6.0,Natalia & Tatiana,TARUA1,4.0,3.0,4,3.0,3.0,1,0,,,,,,,,,,,,,,,,,,856.0,2.57,2.57143,574.0,7.0,3.0,5.0,1.0,18.0,544.0,6.0,49.0,0.36735,573.0,7.0,31.0,7.0,7.0,1.39971,1.5,1.0,0.14286,2.0,0.28571,3.0,4.0,0.0,4.0
7.0,Andriy & Irina,TARUA1,5.0,8.0,6,1.0,4.0,0,,,,,,,,,,,,,,,,,,,857.0,4.0,4.0,193.0,3.0,4.5,1.0,6.0,24.0,429.0,5.0,44.0,0.54545,299.0,4.0,20.0,6.0,6.0,2.76887,4.0,1.0,0.16667,2.0,0.33333,,8.0,0.0,8.0
8.0,Anna & Roman,TARUA1,6.0,6.0,1,0.0,,,,,,,,,,,,,,,,,,,,,858.0,3.25,3.25,385.0,4.0,3.5,4.0,4.0,13.0,624.0,8.0,32.0,0.40625,518.0,5.0,19.0,4.0,4.0,2.77263,5.25,1.0,0.25,2.0,0.5,6.0,6.0,0.0,6.0
9.0,Alla & Alexandra,TARUA1,7.0,1.0,0,,,,,,,,,,,,,,,,,,,,,,859.0,2.67,2.66667,546.0,6.0,1.0,9.0,0.0,8.0,697.0,9.0,25.0,0.32,633.0,8.0,17.0,3.0,3.0,3.09121,3.5,1.0,0.33333,2.0,0.66667,,7.0,0.0,7.0
10.0,Vladimir & Irina,TARUA1,0.0,,,,,,,,,,,,,,,,,,,,,,,,860.0,0.0,0.0,828.0,10.0,0.0,10.0,0.0,0.0,828.0,10.0,9.0,0.0,828.0,10.0,9.0,1.0,1.0,0.0,0.0,0.0,0.0,1.0,1.0,,0.0,0.0,0.0
1.0,Zhong Hanliang & Jackie,TARCN1,3.0,3.0,4,5.0,4.0,5,3,4.0,4,2,2,,,,,,,,,,,,,,861.0,3.55,3.54545,320.0,2.0,4.0,1.0,0.0,39.0,201.0,2.0,52.0,0.75,54.0,2.0,13.0,11.0,11.0,0.98753,1.0,0.0,0.0,0.0,0.0,4.0,5.0,2.0,3.0
2.0,Li Xiaopeng & Li Anqi,TARCN1,6.0,6.0,6,4.0,5.0,4,4,3.0,2,3,1,,,,,,,,,,,,,,862.0,4.0,4.0,193.0,1.0,4.0,1.0,1.0,44.0,138.0,1.0,52.0,0.84615,9.0,1.0,8.0,11.0,11.0,1.59545,2.5,1.0,0.09091,1.0,0.09091,6.0,6.0,1.0,5.0
3.0,Bai Jugang & Guan Xiaotong,TARCN1,0.0,0.0,,,,,,,3,1,0,,,,,,,,,,,,,,863.0,0.8,0.8,801.0,7.0,0.0,8.0,-5.0,4.0,755.0,7.0,23.0,0.17391,756.0,7.0,19.0,5.0,5.0,1.16619,1.0,1.0,0.2,4.0,0.8,0.0,3.0,0.0,3.0
4.0,Jin Dachuan & Liu Chang,TARCN1,7.0,4.0,1,2.0,3.0,3,2,1.0,1,0,,,,,,,,,,,,,,,864.0,2.4,2.4,609.0,4.0,2.0,3.0,1.0,24.0,429.0,3.0,50.0,0.48,403.0,3.0,26.0,10.0,10.0,1.90788,2.0,3.0,0.3,4.0,0.4,1.0,7.0,0.0,7.0
5.0,Chen Xiaochun & Zheng Yijian,TARCN1,4.0,7.0,5,0.0,2.0,1,1,2.0,0,,,,,,,,,,,,,,,,865.0,2.44,2.44444,603.0,3.0,2.0,3.0,2.0,22.0,467.0,4.0,47.0,0.46809,428.0,4.0,25.0,9.0,9.0,2.26623,3.0,2.0,0.22222,4.0,0.44444,0.0,7.0,0.0,7.0
6.0,Chen Yiru & Zhou Weitong,TARCN1,5.0,5.0,2,1.0,1.0,2,0,0.0,,,,,,,,,,,,,,,,,866.0,2.0,2.0,677.0,5.0,1.5,6.0,0.0,16.0,575.0,5.0,43.0,0.37209,560.0,5.0,27.0,8.0,8.0,1.87083,2.0,2.0,0.25,4.0,0.5,5.0,5.0,0.0,5.0
7.0,Zhang Tielin & Yueliang,TARCN1,2.0,2.0,3,3.0,0.0,0,,,,,,,,,,,,,,,,,,,867.0,1.67,1.66667,739.0,6.0,2.0,3.0,4.0,10.0,670.0,6.0,35.0,0.28571,675.0,6.0,25.0,6.0,6.0,1.24722,2.25,0.0,0.0,2.0,0.33333,2.0,3.0,0.0,3.0
8.0,Ying Cai'er & Liu Yun,TARCN1,1.0,1.0,0,,,,,,,,,,,,,,,,,,,,,,868.0,0.67,0.66667,802.0,8.0,1.0,7.0,1.0,2.0,785.0,8.0,20.0,0.1,796.0,8.0,18.0,3.0,3.0,0.4714,0.5,2.0,0.66667,3.0,1.0,1.0,1.0,0.0,1.0
1.0,Han Geng & Wu Xin,TARCN2,4.0,2.0,3,3.0,3.0,3,2,3.0,0,2,,,,,,,,,,,,,,,869.0,2.5,2.5,580.0,1.0,3.0,1.0,0.0,25.0,414.0,1.0,35.0,0.71429,88.0,1.0,10.0,10.0,10.0,1.0247,1.0,0.0,0.0,1.0,0.1,3.0,4.0,0.0,4.0
2.0,Yang Qianhua & Ding Zigao,TARCN2,5.0,4.0,4,2.0,2.0,1,0,3.0,1,1,,,,,,,,,,,,,,,870.0,2.3,2.3,632.0,2.0,2.0,2.0,0.0,23.0,450.0,2.0,35.0,0.65714,149.0,3.0,12.0,10.0,10.0,1.55242,2.75,3.0,0.3,4.0,0.4,1.0,5.0,0.0,5.0
3.0,Xiao Yang & Wang Taili,TARCN2,1.0,1.0,1,1.0,1.0,2,1,1.0,3,0,,,,,,,,,,,,,,,871.0,1.2,1.2,771.0,7.0,1.0,7.0,-4.0,12.0,636.0,3.0,35.0,0.34286,607.0,6.0,23.0,10.0,10.0,0.74833,0.0,7.0,0.7,8.0,0.8,1.0,3.0,0.0,3.0
4.0,Jin Zhongguo & Li Guangzhu,TARCN2,,,,,,,,,2,,,,,,,,,,,,,,,,872.0,2.0,2.0,677.0,4.0,2.0,2.0,2.0,2.0,785.0,8.0,3.0,0.66667,133.0,2.0,1.0,1.0,1.0,0.0,0.0,0.0,0.0,0.0,0.0,,2.0,2.0,0.0
5.0,Yuan Zihui & Yuan Heyu,TARCN2,,,,,,,3,0.0,,,,,,,,,,,,,,,,,873.0,1.5,1.5,746.0,5.0,1.5,5.0,0.0,3.0,765.0,6.0,6.0,0.5,365.0,4.0,3.0,2.0,2.0,1.5,1.5,0.0,0.0,1.0,0.5,,3.0,0.0,3.0
6.0,Deng Ziqi & Zhang Yunjing,TARCN2,0.0,3.0,0,4.0,0.0,0,,,,,,,,,,,,,,,,,,,874.0,1.17,1.16667,775.0,8.0,0.0,8.0,-2.0,7.0,713.0,5.0,24.0,0.29167,672.0,8.0,17.0,6.0,6.0,1.67498,2.25,0.0,0.0,4.0,0.66667,0.0,4.0,0.0,4.0
7.0,Zeng Zhiwei & Zeng Baoyi,TARCN2,2.0,5.0,2,0.0,,,,,,,,,,,,,,,,,,,,,875.0,2.25,2.25,641.0,3.0,2.0,2.0,5.0,9.0,684.0,4.0,18.0,0.5,365.0,4.0,9.0,4.0,4.0,1.78536,1.25,0.0,0.0,1.0,0.25,2.0,5.0,0.0,5.0
8.0,Feng Zhe & Zhu Zhu,TARCN2,3.0,0.0,,,,,,,,,,,,,,,,,,,,,,,876.0,1.5,1.5,746.0,5.0,1.5,5.0,3.0,3.0,765.0,6.0,10.0,0.3,658.0,7.0,7.0,2.0,2.0,1.5,1.5,0.0,0.0,1.0,0.5,,3.0,0.0,3.0
1.0,Guo Jingjing & Huo Qigang,TARCN3,2.0,2.0,3,4.0,4.0,3,1,3.0,2,2,,,,,,,,,,,,,,,877.0,2.6,2.6,566.0,5.0,2.5,4.0,-3.0,26.0,402.0,3.0,49.0,0.53061,323.0,3.0,23.0,10.0,10.0,0.91652,1.0,1.0,0.1,1.0,0.1,2.0,4.0,1.0,3.0
2.0,Jin Dachuan & Liu Chang,TARCN3,7.0,6.0,5,5.0,5.0,1,4,0.0,1,1,,,,,,,,,,,,,,,878.0,3.5,3.5,329.0,1.0,4.5,1.0,1.0,35.0,253.0,1.0,49.0,0.71429,88.0,1.0,14.0,10.0,10.0,2.37697,4.0,3.0,0.3,4.0,0.4,5.0,7.0,0.0,7.0
3.0,Liu Xiang & Xu Qifeng,TARCN3,1.0,4.0,4,2.0,1.0,5,2,1.0,3,0,,,,,,,,,,,,,,,879.0,2.3,2.3,632.0,6.0,2.0,5.0,-2.0,23.0,450.0,4.0,49.0,0.46939,425.0,5.0,26.0,10.0,10.0,1.55242,2.75,3.0,0.3,4.0,0.4,1.0,5.0,0.0,5.0
4.0,Wu Jianhao & Yao Fengfeng,TARCN3,5.0,3.0,1,6.0,6.0,2,3,2.0,0,,,,,,,,,,,,,,,,880.0,3.11,3.11111,423.0,2.0,3.0,2.0,2.0,28.0,372.0,2.0,47.0,0.59574,224.0,2.0,19.0,9.0,9.0,2.02454,3.0,1.0,0.11111,2.0,0.22222,3.0,6.0,0.0,6.0
5.0,Zhang Zhehan & Zhang Sifan,TARCN3,3.0,7.0,2,3.0,2.0,4,0,,,,,,,,,,,,,,,,,,881.0,3.0,3.0,444.0,3.0,3.0,2.0,3.0,21.0,491.0,5.0,41.0,0.5122,351.0,4.0,20.0,7.0,7.0,2.0,1.5,0.0,0.0,1.0,0.14286,3.0,7.0,0.0,7.0
6.0,Jin Xing & Heinz,TARCN3,4.0,5.0,0,0.0,3.0,0,,,,,,,,,,,,,,,,,,,882.0,2.0,2.0,677.0,7.0,1.5,6.0,0.0,12.0,636.0,7.0,37.0,0.32432,629.0,7.0,25.0,6.0,6.0,2.08167,3.75,0.0,0.0,3.0,0.5,0.0,5.0,0.0,5.0
7.0,Huang Tingting & Sun Rui,TARCN3,6.0,1.0,6,1.0,0.0,,,,,,,,,,,,,,,,,,,,883.0,2.8,2.8,513.0,4.0,1.0,7.0,0.0,14.0,610.0,6.0,32.0,0.4375,475.0,6.0,18.0,5.0,5.0,2.63818,5.0,2.0,0.4,3.0,0.6,6.0,6.0,0.0,6.0
8.0,Zhang Meixi & Zang Yafei,TARCN3,0.0,0.0,,,,,,,,,,,,,,,,,,,,,,,884.0,0.0,0.0,828.0,8.0,0.0,8.0,0.0,0.0,828.0,8.0,14.0,0.0,828.0,8.0,14.0,2.0,2.0,0.0,0.0,0.0,0.0,2.0,1.0,0.0,0.0,0.0,0.0
1.0,Jia Jingwen & Xiu Jiekai,TARCN4,1.0,2.0,7,6.0,5.0,2,4,1.0,3,2,,,,,,,,,,,,,,,885.0,3.3,3.3,379.0,2.0,2.5,5.0,-4.0,33.0,280.0,1.0,48.0,0.6875,113.0,1.0,15.0,10.0,10.0,2.0025,2.75,2.0,0.2,2.0,0.2,2.0,7.0,1.0,6.0
2.0,Zheng Yuanchang & Wang Likun,TARCN4,4.0,7.0,6,2.0,1.0,4,3,0.0,2,1,,,,,,,,,,,,,,,886.0,3.0,3.0,444.0,3.0,2.5,5.0,-3.0,30.0,344.0,2.0,48.0,0.625,190.0,2.0,18.0,10.0,10.0,2.14476,2.75,2.0,0.2,3.0,0.3,4.0,7.0,0.0,7.0
3.0,Wu Minxia & Zhang Xiaocheng,TARCN4,5.0,3.0,4,5.0,3.0,3,2,2.0,1,0,,,,,,,,,,,,,,,887.0,2.8,2.8,513.0,4.0,3.0,2.0,1.0,28.0,372.0,3.0,48.0,0.58333,243.0,4.0,20.0,10.0,10.0,1.53623,1.75,1.0,0.1,2.0,0.2,3.0,5.0,0.0,5.0
4.0,Qiang Zi & Zhang Xingyue,TARCN4,3.0,6.0,1,3.0,4.0,1,1,3.0,0,,,,,,,,,,,,,,,,888.0,2.44,2.44444,603.0,6.0,3.0,2.0,2.0,22.0,467.0,4.0,46.0,0.47826,410.0,5.0,24.0,9.0,9.0,1.77082,2.0,3.0,0.33333,4.0,0.44444,3.0,6.0,0.0,6.0
5.0,Zhang Jike & Zhang Chuanming,TARCN4,7.0,0.0,2,1.0,2.0,0,0,,,,,,,,,,,,,,,,,,889.0,1.71,1.71429,723.0,7.0,1.0,7.0,-2.0,12.0,636.0,7.0,40.0,0.3,658.0,7.0,28.0,6.0,6.0,2.31234,2.0,1.0,0.16667,4.0,0.66667,0.0,7.0,0.0,7.0
6.0,Lu Ting & Xuyang Yuzhuo,TARCN4,2.0,4.0,3,4.0,0.0,,,,,,,,,,,,,,,,,,,,890.0,2.6,2.6,566.0,5.0,3.0,2.0,4.0,13.0,624.0,6.0,32.0,0.40625,518.0,6.0,19.0,5.0,5.0,1.49666,2.0,0.0,0.0,1.0,0.2,4.0,4.0,0.0,4.0
7.0,Fan Bingbing & Xie Yilin,TARCN4,6.0,5.0,5,0.0,,,,,,,,,,,,,,,,,,,,,891.0,4.0,4.0,193.0,1.0,5.0,1.0,6.0,16.0,575.0,5.0,27.0,0.59259,228.0,3.0,11.0,4.0,4.0,2.34521,1.5,0.0,0.0,1.0,0.25,5.0,6.0,0.0,6.0
8.0,Deng Bin & Wang Xinyu,TARCN4,0.0,1.0,0,,,,,,,,,,,,,,,,,,,,,,892.0,0.33,0.33333,825.0,8.0,0.0,8.0,0.0,1.0,805.0,8.0,21.0,0.04762,824.0,8.0,20.0,3.0,3.0,0.4714,0.5,1.0,0.33333,3.0,1.0,0.0,1.0,0.0,1.0
,,,,,,,,,,,,,,,,,,,,,,,,,,,893.0,,,,,,,,,,,,,,,,,,,,,,,,,,,
,,,,,,,,,,,,,,,,,,,,,,,,,,,894.0,,,,,,,,,,,,,,,,,,,,,,,,,,,
,,,,,,,,,,,,,,,,,,,,,,,,,,,895.0,,,,,,,,,,,,,,,,,,,,,,,,,,,
