place,team,season,rank_1,rank_2,rank_3,rank_4,rank_5,rank_6,rank_7,rank_8,rank_9,rank_10,rank_11,rank_12,rank_13,rank_14,rank_15,rank_16,rank_17,rank_18,rank_19,rank_20,rank_21,rank_22,rank_23,rank_24,average,average_rounded_to_five_nearest,all_averages_rank,season_averages_rank,final_rank__averages_rank,median,season_median_rank,final_rank__median_rank,di_racing_average__di_theorhetical_season_average,di_racing_average__di_experimental_season_average,standard_deviation,interquartile_range,season_average,equal_or_below_05,05_rate,more_than_05,minimum_di,maximum_di,range_di,unnamed_46,placement_average,di_average_round_to_five_nearest,of_ranks
6.1126249,Average,0.56903,,,,,,,,,,,,,,,,,,,,,,,,,0.6373606,0.6373232,499.65837,6.062749,0.000996,0.6298074,6.0179283,0.0458167,-0.0232432,0.1239656,0.2152594,0.2856595,0.5688433,3.5428287,0.3844936,4.0308765,0.3385359,0.9612369,0.622701,,5.4683733,0.4171045,7.5737052
1.0,Rob & Brennan,TARUS1,0.09090909,0.3,0.33333333,0.75,0.57142857,0.5,0.5,0.6,0.2,0.25,0.5,0.33333333,0.33333333,,,,,,,,,,,,0.4,0.4048,98.0,1.0,0.0,0.33333,1.0,0.0,0.4334,0.6246,0.17606,0.2,0.580247,10.0,0.7692,3.0,0.09091,0.75,0.65909,1.0,2.46154,0.74463,13.0
2.0,Frank & Margarita,TARUS1,0.27272727,0.4,0.22222222,0.5,0.71428571,0.16666667,0.16666667,0.4,0.4,0.5,0.25,0.66666667,0.66666667,,,,,,,,,,,,0.41,0.40968,104.0,2.0,0.0,0.4,2.0,0.0,0.4163,0.6052,0.18376,0.25,0.580247,10.0,0.7692,3.0,0.16667,0.71429,0.54762,2.0,2.38462,0.72408,13.0
3.0,Joe & Bill,TARUS1,0.18181818,0.2,0.44444444,0.125,0.28571429,0.33333333,0.33333333,0.8,0.8,1,0.75,1,1.0,,,,,,,,,,,,0.56,0.55797,373.0,5.0,-2.0,0.44444,3.0,0.0,0.0399,0.1786,0.32643,0.51429,0.580247,7.0,0.5385,6.0,0.125,1.0,0.875,3.0,2.76923,0.51388,13.0
4.0,Kevin & Drew,TARUS1,0.81818182,0.5,0.11111111,0.25,0.14285714,0.66666667,0.66666667,0.2,0.6,0.75,1,,,,,,,,,,,,,,0.52,0.51868,300.0,4.0,0.0,0.6,5.0,-1.0,0.1187,0.2679,0.28711,0.48333,0.580247,5.0,0.4545,6.0,0.11111,1.0,0.88889,4.0,3.36364,0.56782,11.0
5.0,Nancy & Emily,TARUS1,0.90909091,0.8,0.88888889,0.375,0.42857143,0.83333333,0.83333333,1.0,1,,,,,,,,,,,,,,,,0.79,0.78536,793.0,9.0,-4.0,0.83333,9.0,-4.0,-0.2612,-0.1626,0.21568,0.10909,0.580247,2.0,0.2222,7.0,0.375,1.0,0.625,5.0,5.77778,0.24758,9.0
6.0,Lenny & Karyn,TARUS1,0.36363636,0.9,0.77777778,0.875,0.85714286,1,1,,,,,,,,,,,,,,,,,,0.82,0.82479,833.0,10.0,-4.0,0.875,10.0,-4.0,-0.2965,-0.2027,0.20195,0.13254,0.580247,1.0,0.1429,6.0,0.36364,1.0,0.63636,6.0,6.42857,0.19581,7.0
7.0,Paul & Amie,TARUS1,0.72727273,0.7,0.66666667,0.625,1.0,,,,,,,,,,,,,,,,,,,,0.74,0.74379,735.0,7.0,0.0,0.7,7.0,0.0,-0.2199,-0.1158,0.13258,0.06061,0.580247,0.0,0.0,5.0,0.625,1.0,0.375,7.0,6.6,0.28738,5.0
8.0,Dave & Margaretta,TARUS1,0.63636364,0.6,0.55555556,1.0,,,,,,,,,,,,,,,,,,,,,0.7,0.69798,645.0,6.0,2.0,0.61818,6.0,2.0,-0.1687,-0.0578,0.1767,0.13838,0.580247,0.0,0.0,4.0,0.55556,1.0,0.44444,8.0,6.5,0.3361,4.0
9.0,Pat & Brenda,TARUS1,0.45454545,0.1,1,,,,,,,,,,,,,,,,,,,,,,0.52,0.51818,297.0,3.0,6.0,0.45454,4.0,5.0,0.1198,0.2691,0.37017,0.45,0.580247,2.0,0.6667,1.0,0.1,1.0,0.9,9.0,5.0,0.53333,3.0
10.0,Kim & Leslie,TARUS1,0.54545455,1.0,,,,,,,,,,,,,,,,,,,,,,,0.77,0.77273,776.0,8.0,2.0,0.77272,8.0,2.0,-0.2491,-0.1489,0.22727,0.22727,0.580247,0.0,0.0,2.0,0.54545,1.0,0.45455,10.0,8.0,0.25,2.0
11.0,Matt & Ana,TARUS1,1.0,,,,,,,,,,,,,,,,,,,,,,,,1.0,1.0,932.0,11.0,0.0,1.0,11.0,0.0,-0.4198,-0.3424,0.0,0.0,0.580247,0.0,0.0,1.0,1.0,1.0,0.0,11.0,11.0,0.0,1.0
1.0,Chris & Alex,TARUS2,0.54545455,0.2,0.77777778,0.875,0.14285714,1,0.33333333,0.4,0.2,0.75,0.75,1,0.33333333,,,,,,,,,,,,0.56,0.56214,383.0,5.0,-4.0,0.54545,6.0,-5.0,0.0205,0.1345,0.29971,0.44444,0.573638,6.0,0.4615,7.0,0.14286,1.0,0.85714,12.0,3.38462,0.53834,13.0
2.0,Tara & Wil,TARUS2,0.09090909,0.3,0.22222222,0.375,0.42857143,0.83333333,0.5,0.8,0.6,0.5,0.25,0.33333333,0.66666667,,,,,,,,,,,,0.45,0.45385,165.0,1.0,1.0,0.42857,2.0,0.0,0.2639,0.4052,0.21603,0.3,0.573638,9.0,0.6923,4.0,0.09091,0.83333,0.74242,13.0,2.53846,0.67312,13.0
3.0,Blake & Paige,TARUS2,0.36363636,0.9,0.55555556,0.5,0.57142857,0.5,0.83333333,1.0,0.4,0.25,0.5,0.33333333,1.0,,,,,,,,,,,,0.59,0.59287,451.0,6.0,-3.0,0.5,4.0,-1.0,-0.0324,0.0757,0.2459,0.43333,0.573638,7.0,0.5385,6.0,0.25,1.0,0.75,14.0,3.69231,0.50763,13.0
4.0,Oswald & Danny,TARUS2,0.72727273,0.7,0.11111111,0.125,0.85714286,0.66666667,0.66666667,0.2,0.8,1,1,,,,,,,,,,,,,,0.62,0.62308,505.0,7.0,-3.0,0.7,8.0,-4.0,-0.0794,0.0236,0.31334,0.39524,0.573638,3.0,0.2727,8.0,0.11111,1.0,0.88889,15.0,4.0,0.44091,11.0
5.0,Gary & Dave,TARUS2,0.81818182,0.5,0.33333333,0.25,0.71428571,0.33333333,0.16666667,0.6,1,,,,,,,,,,,,,,,,0.52,0.52398,313.0,4.0,1.0,0.5,4.0,1.0,0.0948,0.2171,0.26482,0.38095,0.573638,5.0,0.5556,4.0,0.16667,1.0,0.83333,16.0,3.88889,0.55511,9.0
6.0,Mary & Peach,TARUS2,0.63636364,0.4,0.44444444,0.625,0.28571429,0.16666667,1,,,,,,,,,,,,,,,,,,0.51,0.50831,275.0,3.0,3.0,0.44444,3.0,3.0,0.1285,0.2547,0.25463,0.28782,0.573638,4.0,0.5714,3.0,0.16667,1.0,0.83333,17.0,4.14286,0.5648,7.0
7.0,Cyndi & Russell,TARUS2,0.18181818,0.6,0.88888889,0.75,1.0,,,,,,,,,,,,,,,,,,,,0.68,0.68414,625.0,9.0,-2.0,0.75,9.0,-2.0,-0.1615,-0.0678,0.28476,0.28889,0.573638,1.0,0.2,4.0,0.18182,1.0,0.81818,18.0,5.8,0.35102,5.0
8.0,Shola & Doyin,TARUS2,0.27272727,0.1,0.55555556,1.0,,,,,,,,,,,,,,,,,,,,,0.48,0.48207,218.0,2.0,6.0,0.41414,1.0,7.0,0.1899,0.3229,0.34039,0.43712,0.573638,2.0,0.5,2.0,0.1,1.0,0.9,19.0,4.25,0.575,4.0
9.0,Peggy & Claire,TARUS2,0.90909091,0.8,1,,,,,,,,,,,,,,,,,,,,,,0.9,0.90303,885.0,10.0,-1.0,0.90909,10.0,-1.0,-0.3648,-0.2938,0.08176,0.1,0.573638,0.0,0.0,3.0,0.8,1.0,0.2,20.0,9.0,0.1074,3.0
10.0,Hope & Norm,TARUS2,0.36363636,1.0,,,,,,,,,,,,,,,,,,,,,,,0.68,0.68182,620.0,8.0,2.0,0.68181,7.0,3.0,-0.1587,-0.0646,0.31818,0.31818,0.573638,1.0,0.5,1.0,0.36364,1.0,0.63636,21.0,7.0,0.35,2.0
11.0,Deidre & Hillary,TARUS2,1.0,,,,,,,,,,,,,,,,,,,,,,,,1.0,1.0,932.0,11.0,0.0,1.0,11.0,0.0,-0.4264,-0.3622,0.0,0.0,0.573638,0.0,0.0,1.0,1.0,1.0,0.0,22.0,11.0,0.0,1.0
1.0,Flo & Zach,TARUS3,0.16666667,0.45454545,0.3,0.22222222,0.5,0.28571429,0.16666667,0.4,1,0.6,0.5,1,0.33333333,,,,,,,,,,,,0.46,0.45609,172.0,2.0,-1.0,0.4,2.0,-1.0,0.2551,0.4297,0.26459,0.21429,0.572443,10.0,0.7692,3.0,0.16667,1.0,0.83333,23.0,2.69231,0.65256,13.0
2.0,Teri & Ian,TARUS3,0.75,0.90909091,0.9,0.55555556,0.75,0.14285714,0.66666667,0.6,0.8,0.8,0.25,0.33333333,0.66666667,,,,,,,,,,,,0.62,0.62494,511.0,7.0,-5.0,0.66666,8.0,-6.0,-0.084,0.0434,0.23467,0.24444,0.572443,3.0,0.2308,10.0,0.14286,0.90909,0.76623,24.0,4.53846,0.47458,13.0
3.0,Ken & Gerard,TARUS3,0.08333333,0.54545455,0.2,0.11111111,0.125,0.42857143,0.83333333,0.8,0.4,0.4,0.75,0.66666667,1.0,,,,,,,,,,,,0.49,0.48796,234.0,3.0,0.0,0.42857,3.0,0.0,0.1731,0.3363,0.2938,0.55,0.572443,7.0,0.5385,6.0,0.08333,1.0,0.91667,25.0,2.69231,0.60299,13.0
4.0,Derek & Drew,TARUS3,0.91666667,0.09090909,0.1,0.33333333,0.375,0.57142857,0.33333333,0.2,0.6,0.2,1,,,,,,,,,,,,,,0.43,0.42915,133.0,1.0,3.0,0.33333,1.0,3.0,0.3339,0.5195,0.29573,0.38571,0.572443,7.0,0.6364,4.0,0.09091,1.0,0.90909,26.0,3.09091,0.66865,11.0
5.0,John Vito & Jill,TARUS3,0.41666667,0.63636364,0.7,0.66666667,0.5,0.71428571,0.5,1.0,0.2,1,,,,,,,,,,,,,,,0.63,0.6334,530.0,8.0,-3.0,0.65151,7.0,-2.0,-0.0962,0.0295,0.23479,0.21071,0.572443,4.0,0.4,6.0,0.2,1.0,0.8,27.0,4.8,0.42494,10.0
6.0,Andre & Damon,TARUS3,0.58333333,0.72727273,0.8,0.44444444,0.25,0.85714286,1,,,,,,,,,,,,,,,,,,0.67,0.66603,596.0,9.0,-3.0,0.72727,9.0,-3.0,-0.1405,-0.0209,0.23868,0.31468,0.572443,2.0,0.2857,5.0,0.25,1.0,0.75,28.0,5.85714,0.37507,7.0
7.0,Aaron & Arianne,TARUS3,0.25,0.18181818,0.4,0.88888889,0.875,1,,,,,,,,,,,,,,,,,,,0.6,0.59928,460.0,5.0,2.0,0.6375,6.0,1.0,-0.0448,0.0881,0.33077,0.59792,0.572443,3.0,0.5,3.0,0.18182,1.0,0.81818,29.0,5.16667,0.44213,6.0
8.0,Michael & Kathy,TARUS3,0.33333333,0.36363636,0.6,0.77777778,1.0,,,,,,,,,,,,,,,,,,,,0.61,0.61495,490.0,6.0,2.0,0.6,5.0,3.0,-0.0691,0.0604,0.25198,0.41414,0.572443,2.0,0.4,3.0,0.33333,1.0,0.66667,30.0,5.8,0.42434,5.0
9.0,Heather & Eve,TARUS3,0.5,0.27272727,0.5,1.0,,,,,,,,,,,,,,,,,,,,,0.57,0.56818,394.0,4.0,5.0,0.5,4.0,5.0,0.0075,0.1477,0.26602,0.18182,0.572443,3.0,0.75,1.0,0.27273,1.0,0.72727,31.0,5.75,0.47528,4.0
10.0,Dennis & Andrew,TARUS3,0.66666667,0.81818182,1,,,,,,,,,,,,,,,,,,,,,,0.83,0.82828,836.0,10.0,0.0,0.81818,10.0,0.0,-0.3089,-0.2127,0.13627,0.16667,0.572443,0.0,0.0,3.0,0.66667,1.0,0.33333,32.0,9.0,0.18787,3.0
11.0,Tramel & Talicia,TARUS3,0.83333333,1.0,,,,,,,,,,,,,,,,,,,,,,,0.92,0.91667,901.0,11.0,0.0,0.91666,11.0,0.0,-0.3755,-0.2886,0.08333,0.08333,0.572443,0.0,0.0,2.0,0.83333,1.0,0.16667,33.0,10.5,0.0909,2.0
12.0,Gina & Sylvia,TARUS3,1.0,,,,,,,,,,,,,,,,,,,,,,,,1.0,1.0,932.0,12.0,0.0,1.0,12.0,0.0,-0.4276,-0.3479,0.0,0.0,0.572443,0.0,0.0,1.0,1.0,1.0,0.0,34.0,12.0,0.0,1.0
1.0,Reichen & Chip,TARUS4,0.75,0.18181818,0.3,0.55555556,0.5,0.28571429,0.83333333,0.4,0.2,0.5,0.75,0.66666667,0.33333333,,,,,,,,,,,,0.48,0.48126,217.0,1.0,0.0,0.5,2.0,-1.0,0.1856,0.278,0.21074,0.36667,0.570562,8.0,0.6154,5.0,0.18182,0.83333,0.65151,35.0,3.15385,0.63886,13.0
2.0,Kelly & Jon,TARUS4,0.5,0.27272727,0.8,0.77777778,0.375,0.42857143,0.5,1.0,0.8,0.25,0.5,1,0.66666667,,,,,,,,,,,,0.61,0.60544,473.0,8.0,-6.0,0.5,2.0,0.0,-0.0576,0.0159,0.24421,0.37143,0.570562,7.0,0.5385,6.0,0.25,1.0,0.75,36.0,3.84615,0.47811,13.0
3.0,David & Jeff,TARUS4,0.83333333,0.45454545,0.7,0.66666667,0.75,0.14285714,0.16666667,0.8,0.6,1,0.25,0.33333333,1.0,,,,,,,,,,,,0.59,0.59211,448.0,7.0,-4.0,0.66666,8.0,-5.0,-0.0364,0.0387,0.28583,0.46667,0.570562,5.0,0.3846,8.0,0.14286,1.0,0.85714,37.0,4.0,0.50198,13.0
4.0,Jon & Al,TARUS4,0.58333333,0.54545455,0.6,0.22222222,0.25,0.85714286,0.33333333,0.2,0.4,0.75,1,,,,,,,,,,,,,,0.52,0.52195,309.0,4.0,0.0,0.54545,6.0,-2.0,0.0931,0.1783,0.25605,0.38333,0.570562,5.0,0.4545,6.0,0.2,1.0,0.8,38.0,3.72727,0.56191,11.0
5.0,Millie & Chuck,TARUS4,0.08333333,0.72727273,0.5,0.22222222,0.125,0.57142857,0.66666667,0.6,1,,,,,,,,,,,,,,,,0.5,0.49955,263.0,2.0,3.0,0.57142,7.0,-2.0,0.1422,0.2312,0.28595,0.44444,0.570562,4.0,0.4444,5.0,0.08333,1.0,0.91667,39.0,3.66667,0.57007,9.0
6.0,Tian & Jaree,TARUS4,0.91666667,0.36363636,0.4,0.11111111,0.875,0.71428571,1,,,,,,,,,,,,,,,,,,0.63,0.62581,514.0,9.0,-3.0,0.71428,10.0,-4.0,-0.0883,-0.0172,0.31149,0.51402,0.570562,3.0,0.4286,4.0,0.11111,1.0,0.88889,40.0,5.42857,0.41911,7.0
7.0,Monica & Sheree,TARUS4,0.33333333,0.90909091,0.2,0.44444444,0.625,1,,,,,,,,,,,,,,,,,,,0.59,0.58531,434.0,6.0,1.0,0.53472,4.0,3.0,-0.0252,0.0508,0.2916,0.47696,0.570562,3.0,0.5,3.0,0.2,1.0,0.8,41.0,5.33333,0.46163,6.0
8.0,Steve & Dave,TARUS4,0.41666667,0.09090909,0.9,0.88888889,1.0,,,,,,,,,,,,,,,,,,,,0.66,0.65929,585.0,10.0,-2.0,0.88888,11.0,-3.0,-0.1346,-0.0671,0.3489,0.48333,0.570562,2.0,0.4,3.0,0.09091,1.0,0.90909,42.0,6.2,0.3745,5.0
9.0,Steve & Josh,TARUS4,0.08333333,0.81818182,0.1,1.0,,,,,,,,,,,,,,,,,,,,,0.5,0.50038,268.0,3.0,6.0,0.45909,1.0,8.0,0.1403,0.2291,0.41378,0.7678,0.570562,2.0,0.5,2.0,0.08333,1.0,0.91667,43.0,5.0,0.55,4.0
10.0,Russell & Cindy,TARUS4,0.66666667,0.63636364,1,,,,,,,,,,,,,,,,,,,,,,0.77,0.76768,767.0,11.0,-1.0,0.66666,8.0,2.0,-0.2568,-0.1988,0.16474,0.18182,0.570562,0.0,0.0,3.0,0.63636,1.0,0.36364,44.0,8.33333,0.25453,3.0
11.0,Amanda & Chris,TARUS4,0.08333333,1.0,,,,,,,,,,,,,,,,,,,,,,,0.54,0.54167,346.0,5.0,6.0,0.54166,5.0,6.0,0.0533,0.1354,0.45833,0.45833,0.570562,1.0,0.5,1.0,0.08333,1.0,0.91667,45.0,6.0,0.5,2.0
12.0,Debra & Steve,TARUS4,1.0,,,,,,,,,,,,,,,,,,,,,,,,1.0,1.0,932.0,12.0,0.0,1.0,12.0,0.0,-0.4294,-0.385,0.0,0.0,0.570562,0.0,0.0,1.0,1.0,1.0,0.0,46.0,12.0,0.0,1.0
1.0,Chip & Kim,TARUS5,0.72727273,0.8,0.77777778,0.125,0.57142857,0.28571429,0.16666667,0.6,0.4,0.8,0.25,0.5,0.33333333,,,,,,,,,,,,0.49,0.48748,232.0,3.0,-2.0,0.5,4.0,-3.0,0.1844,0.2842,0.23531,0.44156,0.577381,7.0,0.5385,6.0,0.125,0.8,0.675,47.0,3.38462,0.63632,13.0
2.0,Colin & Christie,TARUS5,0.63636364,0.6,0.11111111,0.25,0.14285714,0.14285714,0.33333333,0.2,0.2,0.2,1,0.75,0.66666667,,,,,,,,,,,,0.4,0.40255,95.0,1.0,1.0,0.25,1.0,1.0,0.4343,0.5551,0.27901,0.43636,0.577381,8.0,0.6154,5.0,0.11111,1.0,0.88889,48.0,2.46154,0.71806,13.0
3.0,Brandon & Nicole,TARUS5,0.54545455,0.1,0.33333333,0.625,0.42857143,0.57142857,0.66666667,0.4,1,0.6,0.75,0.25,1.0,,,,,,,,,,,,0.56,0.55927,377.0,5.0,-2.0,0.57142,6.0,-3.0,0.0324,0.1193,0.25462,0.26667,0.577381,5.0,0.3846,8.0,0.1,1.0,0.9,49.0,3.30769,0.52528,13.0
4.0,Linda & Karen,TARUS5,0.27272727,0.4,0.66666667,0.75,1.0,0.85714286,0.5,0.8,0.6,0.4,0.5,1,,,,,,,,,,,,,0.65,0.64554,550.0,8.0,-4.0,0.63333,7.0,-3.0,-0.1056,-0.0302,0.23009,0.33929,0.577381,5.0,0.4167,7.0,0.27273,1.0,0.72727,50.0,4.16667,0.42173,12.0
5.0,Kami & Karli,TARUS5,0.81818182,0.9,0.55555556,0.875,0.85714286,0.42857143,0.83333333,1.0,0.8,1,,,,,,,,,,,,,,,0.81,0.80678,814.0,10.0,-5.0,0.84523,9.0,-4.0,-0.2843,-0.2241,0.17251,0.0892,0.577381,1.0,0.1,9.0,0.42857,1.0,0.57143,51.0,5.8,0.22374,10.0
6.0,Charla & Mirna,TARUS5,0.45454545,0.2,0.22222222,0.5,0.28571429,0.71428571,1,,,,,,,,,,,,,,,,,,0.48,0.4824,219.0,2.0,4.0,0.45454,2.0,4.0,0.1969,0.2977,0.26963,0.35317,0.577381,5.0,0.7143,2.0,0.2,1.0,0.8,52.0,3.71429,0.58599,7.0
7.0,Marshall & Lance,TARUS5,0.18181818,0.7,0.88888889,0.375,0.71428571,1,,,,,,,,,,,,,,,,,,,0.64,0.64333,546.0,7.0,0.0,0.70714,8.0,-1.0,-0.1025,-0.0269,0.28306,0.38899,0.577381,2.0,0.3333,4.0,0.18182,1.0,0.81818,53.0,5.33333,0.40098,6.0
8.0,Bob & Joyce,TARUS5,0.36363636,0.5,0.44444444,1.0,,,,,,,,,,,,,,,,,,,,,0.58,0.57702,409.0,6.0,2.0,0.47222,3.0,5.0,0.0006,0.0849,0.24897,0.20076,0.577381,3.0,0.75,1.0,0.36364,1.0,0.63636,54.0,5.25,0.47015,4.0
9.0,Jim & Marsha,TARUS5,0.90909091,0.3,1,,,,,,,,,,,,,,,,,,,,,,0.74,0.73636,718.0,9.0,0.0,0.90909,10.0,-1.0,-0.2159,-0.1499,0.31078,0.35,0.577381,1.0,0.3333,2.0,0.3,1.0,0.7,55.0,7.33333,0.2926,3.0
10.0,Alison & Donny,TARUS5,0.09090909,1.0,,,,,,,,,,,,,,,,,,,,,,,0.55,0.54545,354.0,4.0,6.0,0.54545,5.0,5.0,0.0585,0.1477,0.45455,0.45455,0.577381,1.0,0.5,1.0,0.09091,1.0,0.90909,56.0,5.5,0.5,2.0
11.0,Dennis & Erika,TARUS5,1.0,,,,,,,,,,,,,,,,,,,,,,,,1.0,1.0,932.0,11.0,0.0,1.0,11.0,0.0,-0.4226,-0.374,0.0,0.0,0.577381,0.0,0.0,1.0,1.0,1.0,0.0,57.0,11.0,0.0,1.0
1.0,Freddy & Kendra,TARUS6,0.36363636,0.8,0.66666667,0.625,0.125,0.14285714,0.85714286,0.33333333,0.66666667,0.6,0.5,0.5,0.33333333,,,,,,,,,,,,0.5,0.50105,269.0,4.0,-3.0,0.5,4.0,-3.0,0.1453,0.3144,0.22206,0.33333,0.573864,7.0,0.5385,6.0,0.125,0.85714,0.73214,58.0,3.46154,0.60968,13.0
2.0,Kris & Jon,TARUS6,0.18181818,0.1,0.22222222,0.125,0.5,0.71428571,0.28571429,0.66666667,0.5,0.2,0.75,0.25,0.66666667,,,,,,,,,,,,0.4,0.39711,90.0,1.0,1.0,0.28571,1.0,1.0,0.4451,0.6585,0.23267,0.46667,0.573864,9.0,0.6923,4.0,0.1,0.75,0.65,59.0,2.38462,0.71895,13.0
3.0,Adam & Rebecca,TARUS6,0.63636364,0.6,0.55555556,0.75,0.75,0.85714286,0.71428571,0.16666667,0.83333333,0.8,1,0.75,1.0,,,,,,,,,,,,0.72,0.7241,692.0,7.0,-4.0,0.75,7.0,-4.0,-0.2075,-0.0905,0.20606,0.19697,0.573864,1.0,0.0769,12.0,0.16667,1.0,0.83333,60.0,4.69231,0.32301,13.0
4.0,Hayden & Aaron,TARUS6,0.09090909,0.4,0.11111111,0.5,0.375,0.57142857,0.57142857,1.0,0.16666667,0.4,0.25,1,,,,,,,,,,,,,0.45,0.45305,161.0,2.0,2.0,0.4,2.0,2.0,0.2667,0.4537,0.29034,0.34226,0.573864,8.0,0.6667,4.0,0.09091,1.0,0.90909,61.0,2.91667,0.64187,12.0
5.0,Lori & Bolo,TARUS6,0.54545455,0.5,0.77777778,0.375,0.875,1,0.14285714,0.5,0.33333333,1,,,,,,,,,,,,,,,0.6,0.60494,471.0,5.0,0.0,0.52272,5.0,0.0,-0.0514,0.0887,0.27941,0.44444,0.573864,5.0,0.5,5.0,0.14286,1.0,0.85714,62.0,4.6,0.45628,10.0
6.0,Jonathan & Victoria,TARUS6,0.45454545,0.2,0.44444444,0.25,0.25,0.42857143,0.42857143,0.83333333,1,,,,,,,,,,,,,,,,0.48,0.47661,207.0,3.0,3.0,0.42857,3.0,3.0,0.2041,0.3818,0.25529,0.20455,0.573864,7.0,0.7778,2.0,0.2,1.0,0.8,63.0,3.55556,0.59572,9.0
7.0,Gus & Hera,TARUS6,0.90909091,0.3,0.33333333,0.875,0.625,0.28571429,1,,,,,,,,,,,,,,,,,,0.62,0.61831,496.0,6.0,1.0,0.625,6.0,1.0,-0.0719,0.0651,0.29015,0.57538,0.573864,3.0,0.4286,4.0,0.28571,1.0,0.71429,64.0,5.28571,0.43323,7.0
8.0,Don & Mary Jean,TARUS6,0.81818182,0.7,0.88888889,1.0,1.0,,,,,,,,,,,,,,,,,,,,0.88,0.88141,875.0,10.0,-2.0,0.88888,9.0,-1.0,-0.3489,-0.2528,0.1141,0.18182,0.573864,0.0,0.0,5.0,0.7,1.0,0.3,65.0,8.0,0.13166,5.0
9.0,Lena & Kristy,TARUS6,0.27272727,0.9,1,,,,,,,,,,,,,,,,,,,,,,0.72,0.72424,694.0,8.0,1.0,0.9,10.0,-1.0,-0.2076,-0.0907,0.32187,0.36364,0.573864,1.0,0.3333,2.0,0.27273,1.0,0.72727,66.0,7.0,0.3037,3.0
10.0,Meredith & Maria,TARUS6,0.72727273,1.0,,,,,,,,,,,,,,,,,,,,,,,0.86,0.86364,858.0,9.0,1.0,0.86363,8.0,2.0,-0.3355,-0.2374,0.13636,0.13636,0.573864,0.0,0.0,2.0,0.72727,1.0,0.27273,67.0,9.0,0.15,2.0
11.0,Avi & Joe,TARUS6,1.0,,,,,,,,,,,,,,,,,,,,,,,,1.0,1.0,932.0,11.0,0.0,1.0,11.0,0.0,-0.4261,-0.3414,0.0,0.0,0.573864,0.0,0.0,1.0,1.0,1.0,0.0,68.0,11.0,0.0,1.0
1.0,Uchenna & Joyce,TARUS7,0.72727273,0.4,0.22222222,0.375,0.85714286,0.42857143,0.5,0.6,0.2,0.25,0.75,1,0.33333333,,,,,,,,,,,,0.51,0.51104,278.0,3.0,-2.0,0.42857,3.0,-2.0,0.1335,0.2748,0.24625,0.39394,0.579268,8.0,0.6154,5.0,0.2,1.0,0.8,69.0,3.15385,0.60175,13.0
2.0,Rob & Amber,TARUS7,0.27272727,0.1,0.55555556,0.125,0.71428571,0.28571429,0.16666667,0.2,0.6,0.75,0.25,0.66666667,0.66666667,,,,,,,,,,,,0.41,0.41179,106.0,1.0,1.0,0.28571,1.0,1.0,0.4067,0.5821,0.23822,0.46667,0.579268,7.0,0.5385,6.0,0.1,0.75,0.65,70.0,2.30769,0.71538,13.0
3.0,Ron & Kelly,TARUS7,0.90909091,0.2,0.44444444,0.5,0.28571429,0.14285714,0.33333333,0.4,0.4,1,0.5,0.33333333,1.0,,,,,,,,,,,,0.5,0.49606,253.0,2.0,1.0,0.4,2.0,1.0,0.1677,0.3133,0.27863,0.16667,0.579268,10.0,0.7692,3.0,0.14286,1.0,0.85714,71.0,3.0,0.61425,13.0
4.0,Meredith & Gretchen,TARUS7,0.54545455,0.7,0.77777778,0.875,1.0,0.71428571,0.83333333,1.0,0.8,0.5,1,,,,,,,,,,,,,,0.8,0.79508,802.0,9.0,-5.0,0.8,8.0,-4.0,-0.2714,-0.1806,0.1649,0.23036,0.579268,1.0,0.0909,10.0,0.5,1.0,0.5,72.0,5.36364,0.24329,11.0
5.0,Lynn & Alex,TARUS7,0.45454545,0.5,0.11111111,0.625,0.57142857,0.57142857,0.66666667,0.8,1,,,,,,,,,,,,,,,,0.59,0.58891,439.0,6.0,-1.0,0.57142,5.0,0.0,-0.0164,0.1063,0.22992,0.16667,0.579268,3.0,0.3333,6.0,0.11111,1.0,0.88889,73.0,4.11111,0.47047,9.0
6.0,Brian & Greg,TARUS7,0.36363636,0.9,0.33333333,0.25,0.42857143,0.85714286,1,,,,,,,,,,,,,,,,,,0.59,0.59038,442.0,7.0,-1.0,0.42857,3.0,3.0,-0.0188,0.1035,0.29139,0.53009,0.579268,4.0,0.5714,3.0,0.25,1.0,0.75,74.0,4.71429,0.46451,7.0
7.0,Ray & Deana,TARUS7,0.63636364,0.3,0.66666667,0.75,0.14285714,1,,,,,,,,,,,,,,,,,,,0.58,0.58265,429.0,5.0,2.0,0.65151,7.0,0.0,-0.0058,0.1181,0.28444,0.34508,0.579268,2.0,0.3333,4.0,0.14286,1.0,0.85714,75.0,5.0,0.47308,6.0
8.0,Susan & Patrick,TARUS7,0.18181818,0.8,0.88888889,1.0,,,,,,,,,,,,,,,,,,,,,0.72,0.71768,684.0,8.0,0.0,0.84444,9.0,-1.0,-0.1929,-0.0922,0.31739,0.27121,0.579268,1.0,0.25,3.0,0.18182,1.0,0.81818,76.0,6.5,0.3118,4.0
9.0,Debbie & Bianca,TARUS7,0.09090909,0.6,1,,,,,,,,,,,,,,,,,,,,,,0.56,0.56364,388.0,4.0,5.0,0.6,6.0,3.0,0.0277,0.1559,0.37202,0.45455,0.579268,1.0,0.3333,2.0,0.09091,1.0,0.90909,77.0,5.33333,0.48147,3.0
10.0,Megan & Heidi,TARUS7,0.81818182,1.0,,,,,,,,,,,,,,,,,,,,,,,0.91,0.90909,890.0,10.0,0.0,0.90909,10.0,0.0,-0.3628,-0.2834,0.09091,0.09091,0.579268,0.0,0.0,2.0,0.81818,1.0,0.18182,78.0,9.5,0.1,2.0
11.0,Ryan & Chuck,TARUS7,1.0,,,,,,,,,,,,,,,,,,,,,,,,1.0,1.0,932.0,11.0,0.0,1.0,11.0,0.0,-0.4207,-0.3485,0.0,0.0,0.579268,0.0,0.0,1.0,1.0,1.0,0.0,79.0,11.0,0.0,1.0
1.0,Linz Family,TARUS8,0.9,0.22222222,0.25,0.42857143,0.66666667,0.33333333,0.6,0.4,0.25,0.75,0.5,0.66666667,0.33333333,,,,,,,,,,,,0.48,0.48468,221.0,1.0,0.0,0.42857,1.0,0.0,0.167,0.3591,0.20715,0.33333,0.565623,8.0,0.6154,5.0,0.22222,0.9,0.67778,80.0,2.76923,0.65076,13.0
2.0,Bransen Family,TARUS8,0.7,0.66666667,0.125,0.14285714,0.5,0.5,1,0.8,0.5,0.25,0.25,0.33333333,0.66666667,,,,,,,,,,,,0.49,0.49496,248.0,2.0,0.0,0.5,3.0,-1.0,0.1428,0.3308,0.25663,0.41667,0.565623,8.0,0.6154,5.0,0.125,1.0,0.875,81.0,2.84615,0.64038,13.0
3.0,Weaver Family,TARUS8,0.3,0.11111111,0.625,0.71428571,0.33333333,0.83333333,0.4,0.6,1,0.5,0.75,1,1.0,,,,,,,,,,,,0.63,0.62824,517.0,6.0,-3.0,0.625,5.0,-2.0,-0.0997,0.0485,0.27879,0.43333,0.565623,5.0,0.3846,8.0,0.11111,1.0,0.88889,82.0,3.15385,0.44536,13.0
4.0,Godlewski Family,TARUS8,0.1,0.33333333,0.5,0.57142857,1.0,0.66666667,0.2,0.2,0.75,1,1,,,,,,,,,,,,,,0.57,0.57468,404.0,3.0,1.0,0.57142,4.0,0.0,-0.0158,0.1462,0.32359,0.60833,0.565623,5.0,0.4545,6.0,0.1,1.0,0.9,83.0,3.18182,0.50497,11.0
5.0,Paolo Family,TARUS8,0.6,0.88888889,0.75,0.28571429,0.16666667,0.16666667,0.8,1.0,,,,,,,,,,,,,,,,,0.58,0.58224,428.0,5.0,0.0,0.675,6.0,-1.0,-0.0285,0.1313,0.3118,0.56627,0.565623,3.0,0.375,5.0,0.16667,1.0,0.83333,84.0,4.125,0.4923,8.0
6.0,Gaghan Family,TARUS8,0.2,0.77777778,0.875,0.85714286,0.83333333,1,,,,,,,,,,,,,,,,,,,0.76,0.75721,749.0,8.0,-2.0,0.84523,9.0,-3.0,-0.253,-0.1301,0.25804,0.07887,0.565623,1.0,0.1667,5.0,0.2,1.0,0.8,85.0,5.5,0.27475,6.0
7.0,Schroeder Family,TARUS8,0.5,0.44444444,0.375,1.0,,,,,,,,,,,,,,,,,,,,,0.58,0.57986,420.0,4.0,3.0,0.47222,2.0,5.0,-0.0246,0.136,0.24658,0.19792,0.565623,3.0,0.75,1.0,0.375,1.0,0.625,86.0,4.75,0.47373,4.0
8.0,Aiello Family,TARUS8,0.8,0.55555556,1,,,,,,,,,,,,,,,,,,,,,,0.79,0.78519,792.0,9.0,-1.0,0.8,8.0,0.0,-0.2796,-0.1611,0.18175,0.22222,0.565623,0.0,0.0,3.0,0.55556,1.0,0.44444,87.0,7.0,0.24073,3.0
9.0,Rogers Family,TARUS8,0.4,1.0,,,,,,,,,,,,,,,,,,,,,,,0.7,0.7,647.0,7.0,2.0,0.7,7.0,2.0,-0.192,-0.059,0.3,0.3,0.565623,1.0,0.5,1.0,0.4,1.0,0.6,88.0,6.5,0.33335,2.0
10.0,Black Family,TARUS8,1.0,,,,,,,,,,,,,,,,,,,,,,,,1.0,1.0,932.0,10.0,0.0,1.0,10.0,0.0,-0.4344,-0.3413,0.0,0.0,0.565623,0.0,0.0,1.0,1.0,1.0,0.0,89.0,10.0,0.0,1.0
1.0,BJ & Tyler,TARUS9,0.18181818,0.1,0.44444444,0.22222222,0.125,0.28571429,0.83333333,1.0,0.6,1,0.25,0.33333333,0.33333333,,,,,,,,,,,,0.44,0.43917,146.0,2.0,-1.0,0.33333,2.0,-1.0,0.3147,0.5197,0.30623,0.37778,0.577381,9.0,0.6923,4.0,0.1,1.0,0.9,90.0,2.46154,0.68718,13.0
2.0,Eric & Jeremy,TARUS9,0.09090909,0.2,0.11111111,0.11111111,0.25,0.14285714,0.16666667,0.8,0.2,0.5,0.5,0.66666667,0.66666667,,,,,,,,,,,,0.34,0.33892,36.0,1.0,1.0,0.2,1.0,1.0,0.7036,0.9692,0.24167,0.35714,0.577381,10.0,0.7692,3.0,0.09091,0.8,0.70909,91.0,1.69231,0.79457,13.0
3.0,Ray & Yolanda,TARUS9,0.63636364,0.5,0.33333333,0.77777778,0.875,0.85714286,0.5,0.6,0.8,0.25,0.75,1,1.0,,,,,,,,,,,,0.68,0.68305,623.0,8.0,-5.0,0.75,8.0,-5.0,-0.1547,-0.0229,0.2289,0.35714,0.577381,4.0,0.3077,9.0,0.25,1.0,0.75,92.0,4.23077,0.38065,13.0
4.0,Joseph & Monica,TARUS9,0.54545455,0.3,0.88888889,0.66666667,0.375,0.42857143,0.33333333,0.4,0.4,0.75,1,,,,,,,,,,,,,,0.55,0.55345,364.0,3.0,1.0,0.42857,3.0,1.0,0.0432,0.2059,0.22777,0.32083,0.577381,6.0,0.5455,5.0,0.3,1.0,0.7,93.0,3.81818,0.52655,11.0
5.0,Fran & Barry,TARUS9,0.72727273,0.9,0.55555556,0.44444444,0.5,0.57142857,0.66666667,0.2,1,,,,,,,,,,,,,,,,0.62,0.61837,497.0,5.0,0.0,0.57142,4.0,1.0,-0.0663,0.0793,0.2272,0.22727,0.577381,3.0,0.3333,6.0,0.2,1.0,0.8,94.0,4.88889,0.44528,9.0
6.0,Lake & Michelle,TARUS9,0.45454545,0.7,0.22222222,0.33333333,0.625,0.71428571,1,,,,,,,,,,,,,,,,,,0.58,0.57848,415.0,4.0,2.0,0.625,5.0,1.0,-0.0019,0.1537,0.24361,0.3132,0.577381,3.0,0.4286,4.0,0.22222,1.0,0.77778,95.0,4.71429,0.47431,7.0
7.0,Dave & Lori,TARUS9,0.36363636,0.4,1,0.55555556,0.75,1,,,,,,,,,,,,,,,,,,,0.68,0.6782,613.0,7.0,0.0,0.65277,6.0,1.0,-0.1487,-0.0159,0.25938,0.49861,0.577381,2.0,0.3333,4.0,0.36364,1.0,0.63636,96.0,5.83333,0.35873,6.0
8.0,Danielle & Dani,TARUS9,0.81818182,0.8,0.66666667,0.88888889,1.0,,,,,,,,,,,,,,,,,,,,0.83,0.83475,842.0,9.0,-1.0,0.81818,9.0,-1.0,-0.3083,-0.2005,0.10952,0.08889,0.577381,0.0,0.0,5.0,0.66667,1.0,0.33333,97.0,7.8,0.18444,5.0
9.0,Wanda & Desiree,TARUS9,0.27272727,0.6,0.77777778,1.0,,,,,,,,,,,,,,,,,,,,,0.66,0.66263,592.0,6.0,3.0,0.68888,7.0,2.0,-0.1287,0.0072,0.266,0.31515,0.577381,1.0,0.25,3.0,0.27273,1.0,0.72727,98.0,6.25,0.3736,4.0
10.0,Lisa & Joni,TARUS9,0.90909091,1.0,,,,,,,,,,,,,,,,,,,,,,,0.95,0.95455,915.0,10.0,0.0,0.95454,10.0,0.0,-0.3951,-0.3008,0.04545,0.04545,0.577381,0.0,0.0,2.0,0.90909,1.0,0.09091,99.0,10.0,0.05,2.0
11.0,John & Scott,TARUS9,1.0,,,,,,,,,,,,,,,,,,,,,,,,1.0,1.0,932.0,11.0,0.0,1.0,11.0,0.0,-0.4226,-0.3326,0.0,0.0,0.577381,0.0,0.0,1.0,1.0,1.0,0.0,100.0,11.0,0.0,1.0
1.0,Tyler & James,TARUS10,0.08333333,0.2,0.22222222,0.375,0.85714286,0.85714286,0.33333333,0.33333333,0.2,0.2,0.25,0.75,0.33333333,,,,,,,,,,,,0.38,0.38422,73.0,2.0,-1.0,0.33333,3.0,-2.0,0.4981,0.6891,0.252,0.175,0.575581,10.0,0.7692,3.0,0.08333,0.85714,0.77381,101.0,2.38462,0.74961,13.0
2.0,Rob & Kimberly,TARUS10,0.41666667,0.6,0.33333333,0.125,0.42857143,0.42857143,0.5,0.5,0.8,0.6,0.75,0.25,0.66666667,,,,,,,,,,,,0.49,0.49222,240.0,5.0,-3.0,0.5,5.0,-3.0,0.1694,0.3185,0.18554,0.18333,0.575581,8.0,0.6154,5.0,0.125,0.8,0.675,102.0,3.07692,0.61135,13.0
3.0,Lyn & Karlyn,TARUS10,0.75,0.9,0.66666667,0.75,0.71428571,0.57142857,0.83333333,0.83333333,0.6,0.8,0.5,0.5,1.0,,,,,,,,,,,,0.72,0.72454,695.0,7.0,-4.0,0.75,7.0,-4.0,-0.2056,-0.1043,0.14691,0.23333,0.575581,2.0,0.1538,11.0,0.5,1.0,0.5,103.0,4.84615,0.33548,13.0
4.0,Dustin & Kandice,TARUS10,0.33333333,0.5,0.44444444,0.875,0.28571429,0.28571429,0.16666667,0.16666667,0.4,0.4,1,1,,,,,,,,,,,,,0.49,0.48813,235.0,3.0,1.0,0.4,4.0,0.0,0.1792,0.3295,0.28923,0.30804,0.575581,9.0,0.75,3.0,0.16667,1.0,0.83333,104.0,3.16667,0.60145,12.0
5.0,Erwin & Godwin,TARUS10,0.58333333,0.8,0.11111111,0.5,0.57142857,0.71428571,0.66666667,0.66666667,1,1,,,,,,,,,,,,,,,0.66,0.66135,588.0,6.0,-1.0,0.66666,6.0,-1.0,-0.1297,-0.0187,0.24381,0.20417,0.575581,2.0,0.2,8.0,0.11111,1.0,0.88889,105.0,4.7,0.38814,10.0
6.0,David & Mary,TARUS10,0.83333333,0.7,0.77777778,0.625,1.0,0.14285714,1,1.0,,,,,,,,,,,,,,,,,0.76,0.75987,758.0,10.0,-4.0,0.80555,10.0,-4.0,-0.2425,-0.1459,0.26953,0.31875,0.575581,1.0,0.125,7.0,0.14286,1.0,0.85714,106.0,6.125,0.27421,8.0
7.0,Peter & Sarah,TARUS10,0.25,0.1,0.55555556,0.25,0.14285714,1,,,,,,,,,,,,,,,,,,,0.38,0.38307,72.0,1.0,6.0,0.25,1.0,6.0,0.5025,0.6942,0.31188,0.30952,0.575581,4.0,0.6667,2.0,0.1,1.0,0.9,107.0,3.16667,0.69588,6.0
8.0,Tom & Terry,TARUS10,0.66666667,0.4,0.88888889,1.0,,,,,,,,,,,,,,,,,,,,,0.74,0.73889,725.0,8.0,0.0,0.77777,9.0,-1.0,-0.221,-0.1217,0.22953,0.31667,0.575581,1.0,0.25,3.0,0.4,1.0,0.6,108.0,7.0,0.28883,4.0
9.0,Duke & Lauren,TARUS10,0.16666667,0.3,1,,,,,,,,,,,,,,,,,,,,,,0.49,0.48889,236.0,4.0,5.0,0.3,2.0,7.0,0.1773,0.3275,0.36549,0.41667,0.575581,2.0,0.6667,1.0,0.16667,1.0,0.83333,109.0,4.66667,0.5623,3.0
10.0,Kellie & Jamie,TARUS10,0.5,1.0,,,,,,,,,,,,,,,,,,,,,,,0.75,0.75,741.0,9.0,1.0,0.75,7.0,3.0,-0.2326,-0.1347,0.25,0.25,0.575581,1.0,0.5,1.0,0.5,1.0,0.5,110.0,8.0,0.27275,2.0
11.0,Vipul & Arti,TARUS10,0.91666667,,,,,,,,,,,,,,,,,,,,,,,,0.92,0.91667,901.0,11.0,0.0,0.91666,11.0,0.0,-0.3721,-0.292,0.0,0.0,0.575581,0.0,0.0,1.0,0.91667,0.91667,0.0,111.0,11.0,0.0909,1.0
12.0,Bilal & Sa'eed,TARUS10,1.0,,,,,,,,,,,,,,,,,,,,,,,,1.0,1.0,932.0,12.0,0.0,1.0,12.0,0.0,-0.4244,-0.351,0.0,0.0,0.575581,0.0,0.0,1.0,1.0,1.0,0.0,112.0,12.0,0.0,1.0
1.0,Eric & Danielle,TARUS11,0.36363636,0.4,0.33333333,0.25,0.85714286,0.71428571,0.83333333,0.83333333,0.6,1,0.75,0.5,0.33333333,,,,,,,,,,,,0.6,0.59757,458.0,6.0,-5.0,0.6,6.0,-5.0,-0.0371,0.0896,0.23876,0.4697,0.575397,6.0,0.4615,7.0,0.25,1.0,0.75,113.0,3.61538,0.49029,13.0
2.0,Dustin & Kandice,TARUS11,0.54545455,0.6,0.44444444,0.625,0.28571429,0.57142857,0.16666667,0.5,0.2,0.5,0.25,0.25,0.66666667,,,,,,,,,,,,0.43,0.43118,137.0,2.0,0.0,0.5,3.0,-1.0,0.3345,0.5101,0.16964,0.32143,0.575397,8.0,0.6154,5.0,0.16667,0.66667,0.5,114.0,2.92308,0.69985,13.0
3.0,Charla & Mirna,TARUS11,0.72727273,0.8,0.88888889,0.875,0.14285714,0.14285714,0.66666667,0.66666667,0.4,0.75,0.5,0.75,1.0,,,,,,,,,,,,0.64,0.63925,542.0,7.0,-4.0,0.72727,7.0,-4.0,-0.0999,0.0186,0.25975,0.3,0.575397,4.0,0.3077,9.0,0.14286,1.0,0.85714,115.0,4.15385,0.43642,13.0
4.0,Oswald & Danny,TARUS11,0.18181818,0.2,0.55555556,0.125,0.57142857,0.28571429,0.33333333,0.16666667,0.8,0.25,1,1,,,,,,,,,,,,,0.46,0.45579,171.0,3.0,1.0,0.30952,2.0,2.0,0.2624,0.4286,0.3101,0.43312,0.575397,7.0,0.5833,5.0,0.125,1.0,0.875,116.0,2.66667,0.63935,12.0
5.0,Uchenna & Joyce,TARUS11,0.63636364,0.5,0.22222222,0.75,1.0,0.42857143,0.5,0.16666667,1,,,,,,,,,,,,,,,,0.58,0.5782,413.0,5.0,0.0,0.5,3.0,2.0,-0.0048,0.1261,0.28273,0.32143,0.575397,5.0,0.5556,4.0,0.16667,1.0,0.83333,117.0,4.33333,0.487,9.0
6.0,Joe & Bill,TARUS11,0.45454545,0.3,0.77777778,0.5,0.71428571,0.85714286,1,1.0,,,,,,,,,,,,,,,,,0.7,0.70047,649.0,8.0,-2.0,0.74603,8.0,-2.0,-0.1786,-0.0704,0.24269,0.40422,0.575397,3.0,0.375,5.0,0.3,1.0,0.7,118.0,5.25,0.3374,8.0
7.0,Teri & Ian,TARUS11,0.27272727,0.7,0.66666667,0.375,0.42857143,1,,,,,,,,,,,,,,,,,,,0.57,0.57383,403.0,4.0,3.0,0.54761,5.0,2.0,0.0027,0.1347,0.24408,0.30327,0.575397,3.0,0.5,3.0,0.27273,1.0,0.72727,119.0,4.83333,0.48155,6.0
8.0,Rob & Amber,TARUS11,0.09090909,0.1,0.11111111,1.0,,,,,,,,,,,,,,,,,,,,,0.33,0.32551,26.0,1.0,7.0,0.10555,1.0,7.0,0.7677,1.0003,0.38949,0.23561,0.575397,3.0,0.75,1.0,0.09091,1.0,0.90909,120.0,2.75,0.75,4.0
9.0,David & Mary,TARUS11,0.81818182,0.9,1,,,,,,,,,,,,,,,,,,,,,,0.91,0.90606,888.0,9.0,0.0,0.9,9.0,0.0,-0.3649,-0.2814,0.07435,0.09091,0.575397,0.0,0.0,3.0,0.81818,1.0,0.18182,121.0,9.0,0.1037,3.0
10.0,Kevin & Drew,TARUS11,0.90909091,1.0,,,,,,,,,,,,,,,,,,,,,,,0.95,0.95455,915.0,10.0,0.0,0.95454,10.0,0.0,-0.3972,-0.3179,0.04545,0.04545,0.575397,0.0,0.0,2.0,0.90909,1.0,0.09091,122.0,10.0,0.05,2.0
11.0,John Vito & Jill,TARUS11,1.0,,,,,,,,,,,,,,,,,,,,,,,,1.0,1.0,932.0,11.0,0.0,1.0,11.0,0.0,-0.4246,-0.3489,0.0,0.0,0.575397,0.0,0.0,1.0,1.0,1.0,0.0,123.0,11.0,0.0,1.0
1.0,TK & Rachel,TARUS12,0.27272727,0.6,0.22222222,0.875,0.14285714,0.66666667,0.8,0.2,1,0.5,0.33333333,,,,,,,,,,,,,,0.51,0.51026,276.0,3.0,-2.0,0.5,3.0,-2.0,0.1296,0.2684,0.28467,0.48586,0.576389,6.0,0.5455,5.0,0.14286,1.0,0.85714,124.0,3.18182,0.59809,11.0
2.0,Ron & Christina,TARUS12,0.63636364,0.9,0.55555556,0.375,0.42857143,0.16666667,0.6,0.6,0.25,0.25,0.66666667,,,,,,,,,,,,,,0.49,0.49353,244.0,2.0,0.0,0.55555,5.0,-3.0,0.1679,0.3114,0.21016,0.30568,0.576389,5.0,0.4545,6.0,0.16667,0.9,0.73333,125.0,3.45455,0.62655,11.0
3.0,Nicolas & Donald,TARUS12,0.45454545,0.8,0.66666667,0.5,0.85714286,0.83333333,0.2,0.4,0.75,0.75,1,,,,,,,,,,,,,,0.66,0.65561,578.0,7.0,-4.0,0.75,7.0,-4.0,-0.1208,-0.0128,0.22707,0.33939,0.576389,4.0,0.3636,7.0,0.2,1.0,0.8,126.0,4.18182,0.41381,11.0
4.0,Nathan & Jennifer,TARUS12,0.90909091,0.2,0.33333333,0.25,0.71428571,0.5,0.4,0.8,0.5,1,,,,,,,,,,,,,,,0.56,0.56067,380.0,5.0,-1.0,0.5,3.0,1.0,0.028,0.1544,0.26585,0.42857,0.576389,6.0,0.6,4.0,0.2,1.0,0.8,127.0,3.7,0.5196,10.0
5.0,Kynt & Vyxsin,TARUS12,0.18181818,0.4,0.44444444,0.625,0.28571429,0.33333333,1,1.0,,,,,,,,,,,,,,,,,0.53,0.53379,331.0,4.0,1.0,0.42222,2.0,3.0,0.0798,0.2125,0.29464,0.39732,0.576389,5.0,0.625,3.0,0.18182,1.0,0.81818,128.0,3.625,0.5317,8.0
6.0,Azaria & Hendekea,TARUS12,0.09090909,0.5,0.11111111,0.125,0.57142857,1,,,,,,,,,,,,,,,,,,,0.4,0.39974,93.0,1.0,5.0,0.3125,1.0,5.0,0.4419,0.6191,0.33015,0.43899,0.576389,4.0,0.6667,2.0,0.09091,1.0,0.90909,129.0,3.0,0.67593,6.0
7.0,Shana & Jennifer,TARUS12,0.54545455,0.3,0.77777778,0.75,1.0,,,,,,,,,,,,,,,,,,,,0.67,0.67465,609.0,8.0,-1.0,0.75,7.0,0.0,-0.1456,-0.0407,0.23631,0.23232,0.576389,1.0,0.2,4.0,0.3,1.0,0.7,130.0,5.8,0.3627,5.0
8.0,Lorena & Jason,TARUS12,0.36363636,0.1,0.88888889,1.0,,,,,,,,,,,,,,,,,,,,,0.59,0.58813,437.0,6.0,2.0,0.62626,6.0,2.0,-0.02,0.1005,0.37039,0.61894,0.576389,2.0,0.5,2.0,0.1,1.0,0.9,131.0,5.25,0.45625,4.0
9.0,Marianna & Julia,TARUS12,0.81818182,0.7,1,,,,,,,,,,,,,,,,,,,,,,0.84,0.83939,846.0,9.0,0.0,0.81818,9.0,0.0,-0.3133,-0.2289,0.12339,0.15,0.576389,0.0,0.0,3.0,0.7,1.0,0.3,132.0,8.33333,0.17777,3.0
10.0,Kate & Pat,TARUS12,0.72727273,1.0,,,,,,,,,,,,,,,,,,,,,,,0.86,0.86364,858.0,10.0,0.0,0.86363,10.0,0.0,-0.3326,-0.2506,0.13636,0.13636,0.576389,0.0,0.0,2.0,0.72727,1.0,0.27273,133.0,9.0,0.15,2.0
11.0,Ari & Staella,TARUS12,1.0,,,,,,,,,,,,,,,,,,,,,,,,1.0,1.0,932.0,11.0,0.0,1.0,11.0,0.0,-0.4236,-0.3528,0.0,0.0,0.576389,0.0,0.0,1.0,1.0,1.0,0.0,134.0,11.0,0.0,1.0
1.0,Nick & Starr,TARUS13,0.09090909,0.6,0.66666667,0.625,0.14285714,0.16666667,0.16666667,0.2,0.75,0.25,0.33333333,,,,,,,,,,,,,,0.36,0.36292,50.0,1.0,0.0,0.25,1.0,0.0,0.5853,0.7928,0.23483,0.44583,0.575342,7.0,0.6364,4.0,0.09091,0.75,0.65909,135.0,2.45455,0.78012,11.0
2.0,Ken & Tina,TARUS13,0.18181818,0.1,0.11111111,0.125,0.57142857,1,0.66666667,0.6,0.5,0.75,0.66666667,,,,,,,,,,,,,,0.48,0.47934,213.0,4.0,-2.0,0.57142,5.0,-3.0,0.2003,0.3574,0.29101,0.51326,0.575342,5.0,0.4545,6.0,0.1,1.0,0.9,136.0,2.63636,0.61818,11.0
3.0,Andrew & Dan,TARUS13,0.63636364,0.8,0.77777778,0.75,0.85714286,0.83333333,0.83333333,0.8,1,0.5,1,,,,,,,,,,,,,,0.8,0.7989,805.0,8.0,-5.0,0.8,8.0,-5.0,-0.2798,-0.1856,0.1366,0.08135,0.575342,1.0,0.0909,10.0,0.5,1.0,0.5,137.0,5.18182,0.24012,11.0
4.0,Toni & Dallas,TARUS13,0.54545455,0.5,0.22222222,0.5,0.28571429,0.5,0.33333333,0.4,0.25,1,,,,,,,,,,,,,,,0.45,0.45367,164.0,2.0,2.0,0.45,4.0,0.0,0.2682,0.4342,0.21306,0.20238,0.575342,8.0,0.8,2.0,0.22222,1.0,0.77778,138.0,3.1,0.64853,10.0
5.0,Terence & Sarah,TARUS13,0.27272727,0.3,0.33333333,0.25,0.42857143,0.66666667,0.5,1.0,,,,,,,,,,,,,,,,,0.47,0.46891,192.0,3.0,2.0,0.38095,3.0,2.0,0.227,0.3876,0.23903,0.24848,0.575342,6.0,0.75,2.0,0.25,1.0,0.75,139.0,3.25,0.60645,8.0
6.0,Kelly & Christy,TARUS13,0.45454545,0.7,0.88888889,0.375,0.71428571,0.33333333,1,,,,,,,,,,,,,,,,,,0.64,0.63801,541.0,6.0,0.0,0.7,6.0,0.0,-0.0982,0.0198,0.23884,0.38681,0.575342,3.0,0.4286,4.0,0.33333,1.0,0.66667,140.0,5.14286,0.41513,7.0
7.0,Aja & Ty,TARUS13,0.72727273,0.4,0.55555556,0.875,1.0,,,,,,,,,,,,,,,,,,,,0.71,0.71157,668.0,7.0,0.0,0.72727,7.0,0.0,-0.1914,-0.0856,0.2152,0.31944,0.575342,1.0,0.2,4.0,0.4,1.0,0.6,141.0,6.2,0.32192,5.0
8.0,Marisa & Brooke,TARUS13,0.90909091,0.9,0.44444444,1.0,,,,,,,,,,,,,,,,,,,,,0.81,0.81338,820.0,9.0,-1.0,0.90454,9.0,-1.0,-0.2927,-0.2001,0.21657,0.14571,0.575342,1.0,0.25,3.0,0.44444,1.0,0.55556,142.0,7.75,0.20903,4.0
9.0,Mark & Bill,TARUS13,0.36363636,0.2,1,,,,,,,,,,,,,,,,,,,,,,0.52,0.52121,307.0,5.0,4.0,0.36363,2.0,7.0,0.1039,0.2483,0.34508,0.4,0.575342,2.0,0.6667,1.0,0.2,1.0,0.8,143.0,5.0,0.52963,3.0
10.0,Anthony & Stephanie,TARUS13,0.81818182,1.0,,,,,,,,,,,,,,,,,,,,,,,0.91,0.90909,890.0,10.0,0.0,0.90909,10.0,0.0,-0.3671,-0.2843,0.09091,0.09091,0.575342,0.0,0.0,2.0,0.81818,1.0,0.18182,144.0,9.5,0.1,2.0
11.0,Anita & Arthur,TARUS13,1.0,,,,,,,,,,,,,,,,,,,,,,,,1.0,1.0,932.0,11.0,0.0,1.0,11.0,0.0,-0.4247,-0.3494,0.0,0.0,0.575342,0.0,0.0,1.0,1.0,1.0,0.0,145.0,11.0,0.0,1.0
1.0,Tammy & Victor,TARUS14,0.18181818,0.1,0.88888889,0.375,0.28571429,0.14285714,0.16666667,0.6,0.4,0.75,0.25,0.33333333,,,,,,,,,,,,,0.37,0.37286,62.0,1.0,0.0,0.30952,1.0,0.0,0.5447,0.7365,0.24005,0.27197,0.575949,9.0,0.75,3.0,0.1,0.88889,0.78889,146.0,2.33333,0.76299,12.0
2.0,Jaime & Cara,TARUS14,0.63636364,0.6,0.77777778,0.625,0.42857143,0.71428571,0.33333333,0.4,0.8,0.25,0.75,0.66666667,,,,,,,,,,,,,0.58,0.58183,425.0,5.0,-3.0,0.63068,6.0,-4.0,-0.0101,0.1128,0.17621,0.30179,0.575949,4.0,0.3333,8.0,0.25,0.8,0.55,147.0,3.91667,0.51303,12.0
3.0,Margie & Luke,TARUS14,0.09090909,0.4,0.44444444,0.5,0.14285714,0.57142857,0.66666667,0.2,0.6,0.5,0.5,1,,,,,,,,,,,,,0.47,0.46803,188.0,2.0,1.0,0.5,4.0,-1.0,0.2306,0.3834,0.2378,0.22857,0.575949,8.0,0.6667,4.0,0.09091,1.0,0.90909,148.0,2.75,0.63304,12.0
4.0,Kisha & Jen,TARUS14,0.72727273,0.7,0.33333333,0.25,0.85714286,0.42857143,0.83333333,0.8,0.2,1,1,,,,,,,,,,,,,,0.65,0.64815,558.0,6.0,-2.0,0.72727,7.0,-3.0,-0.1114,-0.0011,0.2803,0.46429,0.575949,4.0,0.3636,7.0,0.2,1.0,0.8,149.0,4.27273,0.41125,11.0
5.0,Mark & Michael,TARUS14,0.27272727,0.8,0.55555556,0.875,0.71428571,0.85714286,0.5,1.0,1,,,,,,,,,,,,,,,,0.73,0.73052,710.0,8.0,-3.0,0.8,8.0,-3.0,-0.2116,-0.1137,0.23108,0.31944,0.575949,2.0,0.2222,7.0,0.27273,1.0,0.72727,150.0,5.22222,0.30723,9.0
6.0,Mel & Mike,TARUS14,0.36363636,0.2,0.11111111,0.75,0.57142857,0.28571429,1,,,,,,,,,,,,,,,,,,0.47,0.46884,191.0,3.0,3.0,0.36363,2.0,4.0,0.2285,0.381,0.29678,0.41786,0.575949,4.0,0.5714,3.0,0.11111,1.0,0.88889,151.0,3.57143,0.60113,7.0
7.0,Christie & Jodi,TARUS14,0.90909091,0.9,0.66666667,0.125,1.0,1,,,,,,,,,,,,,,,,,,,0.77,0.76679,763.0,9.0,-2.0,0.90454,9.0,-2.0,-0.2489,-0.1556,0.30787,0.25227,0.575949,1.0,0.1667,5.0,0.125,1.0,0.875,152.0,6.66667,0.26435,6.0
8.0,Amanda & Kris,TARUS14,0.45454545,0.3,0.22222222,1.0,,,,,,,,,,,,,,,,,,,,,0.49,0.49419,246.0,4.0,4.0,0.37727,3.0,5.0,0.1654,0.3102,0.30376,0.31035,0.575949,3.0,0.75,1.0,0.22222,1.0,0.77778,153.0,4.5,0.5632,4.0
9.0,Brad & Victoria,TARUS14,0.54545455,0.5,1,,,,,,,,,,,,,,,,,,,,,,0.68,0.68182,620.0,7.0,2.0,0.54545,5.0,4.0,-0.1553,-0.0504,0.22575,0.25,0.575949,1.0,0.3333,2.0,0.5,1.0,0.5,154.0,6.66667,0.35187,3.0
10.0,Steve & Linda,TARUS14,0.81818182,1.0,,,,,,,,,,,,,,,,,,,,,,,0.91,0.90909,890.0,10.0,0.0,0.90909,10.0,0.0,-0.3665,-0.2878,0.09091,0.09091,0.575949,0.0,0.0,2.0,0.81818,1.0,0.18182,155.0,9.5,0.1,2.0
11.0,Preston & Jennifer,TARUS14,1.0,,,,,,,,,,,,,,,,,,,,,,,,1.0,1.0,932.0,11.0,0.0,1.0,11.0,0.0,-0.4241,-0.3525,0.0,0.0,0.575949,0.0,0.0,1.0,1.0,1.0,0.0,156.0,11.0,0.0,1.0
1.0,Meghan & Cheyne,TARUS15,0.08333333,0.54545455,0.2,0.55555556,0.125,0.14285714,0.33333333,0.4,0.2,0.25,0.25,0.33333333,,,,,,,,,,,,,0.28,0.28491,12.0,1.0,0.0,0.25,1.0,0.0,1.0056,1.288,0.14785,0.16429,0.571429,10.0,0.8333,2.0,0.08333,0.55556,0.47223,157.0,2.0,0.86991,12.0
2.0,Sam & Dan,TARUS15,0.75,0.18181818,0.5,0.11111111,0.625,0.42857143,0.16666667,0.8,0.4,0.5,0.5,0.66666667,,,,,,,,,,,,,0.47,0.46915,193.0,2.0,0.0,0.5,3.0,-1.0,0.218,0.3895,0.21664,0.28996,0.571429,8.0,0.6667,4.0,0.11111,0.8,0.68889,158.0,3.16667,0.63808,12.0
3.0,Brian & Ericka,TARUS15,0.5,0.90909091,0.4,0.33333333,0.25,0.57142857,0.83333333,0.6,0.8,1,0.75,1,,,,,,,,,,,,,0.66,0.66227,591.0,7.0,-4.0,0.675,7.0,-4.0,-0.1372,-0.0157,0.24671,0.37727,0.571429,4.0,0.3333,8.0,0.25,1.0,0.75,159.0,4.25,0.39188,12.0
4.0,Flight Time & Big Easy,TARUS15,0.41666667,0.27272727,0.1,0.22222222,0.375,0.85714286,0.5,0.2,0.6,0.75,1,,,,,,,,,,,,,,0.48,0.48125,216.0,3.0,1.0,0.41666,2.0,2.0,0.1874,0.3546,0.27758,0.42753,0.571429,7.0,0.6364,4.0,0.1,1.0,0.9,160.0,3.09091,0.60234,11.0
5.0,Gary & Matt,TARUS15,0.58333333,0.09090909,0.3,0.44444444,0.5,0.71428571,0.66666667,1.0,1,,,,,,,,,,,,,,,,0.59,0.58885,438.0,4.0,1.0,0.58333,4.0,1.0,-0.0296,0.107,0.28285,0.26984,0.571429,4.0,0.4444,5.0,0.09091,1.0,0.90909,161.0,4.22222,0.46244,9.0
6.0,Maria & Tiffany,TARUS15,0.91666667,0.63636364,0.6,0.88888889,0.75,0.28571429,1,,,,,,,,,,,,,,,,,,0.73,0.72538,698.0,9.0,-3.0,0.75,8.0,-2.0,-0.2122,-0.1013,0.22561,0.2846,0.571429,1.0,0.1429,6.0,0.28571,1.0,0.71429,162.0,6.57143,0.31133,7.0
7.0,Mika & Canaan,TARUS15,0.83333333,0.72727273,0.7,0.77777778,0.875,1,,,,,,,,,,,,,,,,,,,0.82,0.8189,830.0,10.0,-3.0,0.80555,9.0,-2.0,-0.3022,-0.204,0.10031,0.12468,0.571429,0.0,0.0,6.0,0.7,1.0,0.3,163.0,7.66667,0.20133,6.0
8.0,Lance & Keri,TARUS15,0.25,0.36363636,0.9,0.66666667,1.0,,,,,,,,,,,,,,,,,,,,0.64,0.63606,537.0,6.0,2.0,0.66666,6.0,2.0,-0.1016,0.0249,0.292,0.53636,0.571429,2.0,0.4,3.0,0.25,1.0,0.75,164.0,6.0,0.40086,5.0
9.0,Zev & Justin,TARUS15,0.16666667,0.45454545,0.8,1.0,,,,,,,,,,,,,,,,,,,,,0.61,0.6053,472.0,5.0,4.0,0.62727,5.0,4.0,-0.056,0.077,0.3197,0.46742,0.571429,2.0,0.5,2.0,0.16667,1.0,0.83333,165.0,6.0,0.43283,4.0
10.0,Marcy & Ron,TARUS15,0.33333333,0.81818182,1,,,,,,,,,,,,,,,,,,,,,,0.72,0.71717,683.0,8.0,2.0,0.81818,10.0,0.0,-0.2032,-0.091,0.28138,0.33333,0.571429,1.0,0.3333,2.0,0.33333,1.0,0.66667,166.0,7.66667,0.3091,3.0
11.0,Garrett & Jessica,TARUS15,0.66666667,1.0,,,,,,,,,,,,,,,,,,,,,,,0.83,0.83333,839.0,11.0,0.0,0.83333,11.0,0.0,-0.3143,-0.2177,0.16667,0.16667,0.571429,0.0,0.0,2.0,0.66667,1.0,0.33333,167.0,9.5,0.1818,2.0
12.0,Eric & Lisa,TARUS15,1.0,,,,,,,,,,,,,,,,,,,,,,,,1.0,1.0,932.0,12.0,0.0,1.0,12.0,0.0,-0.4286,-0.3481,0.0,0.0,0.571429,0.0,0.0,1.0,1.0,1.0,0.0,168.0,12.0,0.0,1.0
1.0,Dan & Jordan,TARUS16,0.72727273,0.8,0.66666667,0.75,0.5,0.71428571,0.33333333,0.83333333,0.2,0.75,0.75,0.33333333,,,,,,,,,,,,,0.61,0.61319,486.0,6.0,-5.0,0.72077,7.0,-6.0,-0.0638,0.0332,0.2053,0.29167,0.574074,4.0,0.3333,8.0,0.2,0.83333,0.63333,169.0,4.33333,0.47952,12.0
2.0,Jet & Cord,TARUS16,0.27272727,0.1,0.11111111,0.5,0.375,0.57142857,1,0.16666667,0.6,0.25,0.5,0.66666667,,,,,,,,,,,,,0.43,0.42613,129.0,2.0,0.0,0.4375,2.0,0.0,0.3472,0.4867,0.25487,0.3494,0.574074,8.0,0.6667,4.0,0.1,1.0,0.9,170.0,2.58333,0.6877,12.0
3.0,Brent & Caite,TARUS16,0.63636364,0.4,0.77777778,0.875,0.75,0.85714286,0.5,0.66666667,0.4,0.5,0.25,1,,,,,,,,,,,,,0.63,0.63441,533.0,8.0,-5.0,0.65151,6.0,-3.0,-0.0951,-0.0014,0.21793,0.32262,0.574074,5.0,0.4167,7.0,0.25,1.0,0.75,171.0,4.33333,0.44406,12.0
4.0,Louie & Michael,TARUS16,0.81818182,0.9,0.88888889,0.125,0.125,0.14285714,0.66666667,0.5,0.8,1,1,,,,,,,,,,,,,,0.63,0.63333,528.0,7.0,-3.0,0.8,9.0,-5.0,-0.0936,0.0003,0.33622,0.57302,0.574074,4.0,0.3636,7.0,0.125,1.0,0.875,172.0,4.36364,0.42601,11.0
5.0,Carol & Brandy,TARUS16,0.54545455,0.3,0.33333333,0.625,0.625,0.28571429,0.83333333,0.33333333,1,,,,,,,,,,,,,,,,0.54,0.54235,350.0,4.0,1.0,0.54545,5.0,0.0,0.0585,0.1681,0.24031,0.29167,0.574074,4.0,0.4444,5.0,0.28571,1.0,0.71429,173.0,4.0,0.52426,9.0
6.0,Steve & Allie,TARUS16,0.36363636,0.7,0.22222222,0.25,0.25,0.42857143,0.16666667,1.0,,,,,,,,,,,,,,,,,0.42,0.42264,124.0,1.0,5.0,0.30681,1.0,5.0,0.3583,0.499,0.26905,0.25337,0.574074,6.0,0.75,2.0,0.16667,1.0,0.83333,174.0,3.375,0.66115,8.0
7.0,Jordan & Jeff,TARUS16,0.09090909,0.6,0.55555556,1.0,0.875,1,,,,,,,,,,,,,,,,,,,0.69,0.68691,631.0,9.0,-2.0,0.7375,8.0,-1.0,-0.1643,-0.0777,0.31923,0.40208,0.574074,1.0,0.1667,5.0,0.09091,1.0,0.90909,175.0,5.66667,0.34788,6.0
8.0,Joe & Heidi,TARUS16,0.45454545,0.2,0.44444444,0.375,1.0,,,,,,,,,,,,,,,,,,,,0.49,0.4948,247.0,3.0,5.0,0.44444,3.0,5.0,0.1602,0.2804,0.26857,0.07955,0.574074,4.0,0.8,1.0,0.2,1.0,0.8,176.0,4.4,0.56564,5.0
9.0,Monique & Shawne,TARUS16,0.18181818,0.5,1,,,,,,,,,,,,,,,,,,,,,,0.56,0.56061,378.0,5.0,4.0,0.5,4.0,5.0,0.024,0.1301,0.33676,0.40909,0.574074,2.0,0.6667,1.0,0.18182,1.0,0.81818,177.0,5.33333,0.4852,3.0
10.0,Jody & Shannon,TARUS16,0.90909091,1.0,,,,,,,,,,,,,,,,,,,,,,,0.95,0.95455,915.0,10.0,0.0,0.95454,10.0,0.0,-0.3986,-0.3363,0.04545,0.04545,0.574074,0.0,0.0,2.0,0.90909,1.0,0.09091,178.0,10.0,0.05,2.0
11.0,Dana & Adrian,TARUS16,1.0,,,,,,,,,,,,,,,,,,,,,,,,1.0,1.0,932.0,11.0,0.0,1.0,11.0,0.0,-0.4259,-0.3665,0.0,0.0,0.574074,0.0,0.0,1.0,1.0,1.0,0.0,179.0,11.0,0.0,1.0
1.0,Nat & Kat,TARUS17,0.18181818,0.7,0.88888889,0.11111111,0.125,0.57142857,0.14285714,0.83333333,0.6,0.25,0.75,0.33333333,,,,,,,,,,,,,0.46,0.45731,175.0,2.0,-1.0,0.45238,3.0,-2.0,0.2514,0.3879,0.28417,0.54042,0.572289,6.0,0.5,6.0,0.11111,0.88889,0.77778,180.0,3.08333,0.65763,12.0
2.0,Brook & Claire,TARUS17,0.36363636,0.1,0.66666667,0.33333333,0.625,0.28571429,0.28571429,0.66666667,0.8,0.75,0.5,0.66666667,,,,,,,,,,,,,0.5,0.50362,271.0,4.0,-2.0,0.5625,7.0,-5.0,0.1364,0.2603,0.21399,0.34524,0.572289,6.0,0.5,6.0,0.1,0.8,0.7,181.0,3.16667,0.58918,12.0
3.0,Jill & Thomas,TARUS17,0.09090909,0.5,0.77777778,0.55555556,0.375,0.14285714,0.71428571,0.33333333,0.2,0.5,0.25,1,,,,,,,,,,,,,0.45,0.45331,163.0,1.0,2.0,0.4375,2.0,1.0,0.2625,0.4002,0.2647,0.35774,0.572289,8.0,0.6667,4.0,0.09091,1.0,0.90909,182.0,3.0,0.65166,12.0
4.0,Nick & Vicki,TARUS17,0.90909091,0.8,0.55555556,0.66666667,0.75,1,0.42857143,0.5,0.4,1,1,,,,,,,,,,,,,,0.73,0.72817,705.0,9.0,-5.0,0.75,9.0,-5.0,-0.2141,-0.1283,0.22221,0.42677,0.572289,3.0,0.2727,8.0,0.4,1.0,0.6,183.0,5.27273,0.31815,11.0
5.0,Chad & Stephanie,TARUS17,0.72727273,0.4,0.33333333,0.77777778,0.875,0.71428571,0.85714286,0.16666667,1,,,,,,,,,,,,,,,,0.65,0.65016,563.0,8.0,-3.0,0.72727,8.0,-3.0,-0.1198,-0.0238,0.26643,0.45714,0.572289,3.0,0.3333,6.0,0.16667,1.0,0.83333,184.0,5.11111,0.40107,9.0
6.0,Gary & Mallory,TARUS17,0.54545455,0.9,0.22222222,0.22222222,0.25,0.85714286,0.57142857,1.0,,,,,,,,,,,,,,,,,0.57,0.57106,398.0,5.0,1.0,0.55844,6.0,0.0,0.0022,0.1115,0.30024,0.6248,0.572289,3.0,0.375,5.0,0.22222,1.0,0.77778,185.0,4.625,0.48561,8.0
7.0,Michael & Kevin,TARUS17,0.63636364,0.3,1,0.44444444,0.5,0.42857143,1,,,,,,,,,,,,,,,,,,0.62,0.61563,492.0,7.0,0.0,0.5,5.0,2.0,-0.0704,0.031,0.26,0.38167,0.572289,4.0,0.5714,3.0,0.3,1.0,0.7,186.0,5.28571,0.43441,7.0
8.0,Katie & Rachel,TARUS17,0.45454545,0.2,0.44444444,0.88888889,1.0,,,,,,,,,,,,,,,,,,,,0.6,0.59758,459.0,6.0,2.0,0.45454,4.0,4.0,-0.0423,0.0621,0.29959,0.44444,0.572289,3.0,0.6,2.0,0.2,1.0,0.8,187.0,5.4,0.44778,5.0
9.0,Connor & Jonathan,TARUS17,0.27272727,0.6,0.11111111,1.0,,,,,,,,,,,,,,,,,,,,,0.5,0.49596,252.0,3.0,6.0,0.43636,1.0,8.0,0.1539,0.2798,0.34016,0.46768,0.572289,2.0,0.5,2.0,0.11111,1.0,0.88889,188.0,4.75,0.5611,4.0
10.0,Andie & Jenna,TARUS17,0.81818182,1.0,,,,,,,,,,,,,,,,,,,,,,,0.91,0.90909,890.0,10.0,0.0,0.90909,10.0,0.0,-0.3705,-0.3018,0.09091,0.09091,0.572289,0.0,0.0,2.0,0.81818,1.0,0.18182,189.0,9.5,0.1,2.0
11.0,Ron & Tony,TARUS17,1.0,,,,,,,,,,,,,,,,,,,,,,,,1.0,1.0,932.0,11.0,0.0,1.0,11.0,0.0,-0.4277,-0.3653,0.0,0.0,0.572289,0.0,0.0,1.0,1.0,1.0,0.0,190.0,11.0,0.0,1.0
1.0,Kisha & Jen,TARUS18,0.27272727,0.36363636,0.4,0.55555556,0.44444444,0.75,0.42857143,0.66666667,0.33333333,0.4,0.5,0.33333333,,,,,,,,,,,,,0.45,0.45402,166.0,1.0,0.0,0.41428,2.0,-1.0,0.2498,0.3216,0.13601,0.15783,0.567416,9.0,0.75,3.0,0.27273,0.75,0.47727,191.0,3.33333,0.65507,12.0
2.0,Flight Time & Big Easy,TARUS18,0.45454545,0.18181818,0.5,0.66666667,0.66666667,0.875,0.14285714,0.33333333,0.83333333,0.2,0.75,0.66666667,,,,,,,,,,,,,0.52,0.52257,311.0,4.0,-2.0,0.58333,5.0,-3.0,0.0858,0.1483,0.24834,0.3875,0.567416,6.0,0.5,6.0,0.14286,0.875,0.73214,192.0,3.75,0.56515,12.0
3.0,Gary & Mallory,TARUS18,0.09090909,0.81818182,0.2,0.33333333,0.22222222,0.125,0.57142857,1.0,0.66666667,0.6,0.25,1,,,,,,,,,,,,,0.49,0.48981,237.0,3.0,0.0,0.45238,3.0,0.0,0.1584,0.2251,0.31732,0.48788,0.567416,6.0,0.5,6.0,0.09091,1.0,0.90909,193.0,3.25,0.59283,12.0
4.0,Zev & Justin,TARUS18,0.36363636,0.09090909,0.1,0.88888889,0.88888889,0.5,0.28571429,0.16666667,0.16666667,0.8,1,,,,,,,,,,,,,,0.48,0.4774,210.0,2.0,2.0,0.36363,1.0,3.0,0.1886,0.2569,0.33723,0.67778,0.567416,7.0,0.6364,4.0,0.09091,1.0,0.90909,194.0,3.45455,0.60043,11.0
5.0,Kent & Vyxsin,TARUS18,0.90909091,0.63636364,0.7,1.0,0.55555556,0.625,0.85714286,0.5,0.5,1,,,,,,,,,,,,,,,0.73,0.72832,706.0,9.0,-4.0,0.66818,8.0,-3.0,-0.2209,-0.1761,0.18733,0.32319,0.567416,2.0,0.2,8.0,0.5,1.0,0.5,195.0,6.0,0.31286,10.0
6.0,Jet & Cord,TARUS18,1.0,0.27272727,0.6,0.22222222,0.11111111,0.25,0.71428571,0.83333333,1,,,,,,,,,,,,,,,,0.56,0.55596,369.0,6.0,0.0,0.6,7.0,-1.0,0.0206,0.0793,0.33022,0.58333,0.567416,4.0,0.4444,5.0,0.11111,1.0,0.88889,196.0,4.55556,0.50109,9.0
7.0,Ron & Christina,TARUS18,0.72727273,0.90909091,0.3,0.44444444,0.77777778,0.375,1,,,,,,,,,,,,,,,,,,0.65,0.64766,557.0,8.0,-1.0,0.72727,9.0,-2.0,-0.1239,-0.0735,0.25418,0.43371,0.567416,3.0,0.4286,4.0,0.3,1.0,0.7,197.0,6.0,0.3953,7.0
8.0,Margie & Luke,TARUS18,0.63636364,0.45454545,0.8,0.11111111,0.33333333,1,,,,,,,,,,,,,,,,,,,0.56,0.55589,368.0,5.0,3.0,0.54545,4.0,4.0,0.0207,0.0794,0.29466,0.39545,0.567416,3.0,0.5,3.0,0.11111,1.0,0.88889,198.0,5.33333,0.49537,6.0
9.0,Jaime & Cara,TARUS18,0.54545455,0.72727273,0.9,0.77777778,1.0,,,,,,,,,,,,,,,,,,,,0.79,0.7901,797.0,11.0,-2.0,0.77777,10.0,-1.0,-0.2818,-0.2405,0.15498,0.17273,0.567416,0.0,0.0,5.0,0.54545,1.0,0.45455,199.0,7.8,0.23222,5.0
10.0,Mel & Mike,TARUS18,0.81818182,0.54545455,1,,,,,,,,,,,,,,,,,,,,,,0.79,0.78788,794.0,10.0,0.0,0.81818,11.0,-1.0,-0.2798,-0.2384,0.1868,0.22727,0.567416,0.0,0.0,3.0,0.54545,1.0,0.45455,200.0,8.33333,0.23333,3.0
11.0,Amanda & Kris,TARUS18,0.18181818,1.0,,,,,,,,,,,,,,,,,,,,,,,0.59,0.59091,443.0,7.0,4.0,0.5909,6.0,5.0,-0.0398,0.0155,0.40909,0.40909,0.567416,1.0,0.5,1.0,0.18182,1.0,0.81818,201.0,6.5,0.45,2.0
1.0,Ernie & Cindy,TARUS19,0.09090909,0.36363636,0.55555556,0.625,0.375,0.71428571,0.28571429,0.16666667,0.4,0.6,0.5,0.33333333,,,,,,,,,,,,,0.42,0.41751,114.0,2.0,-1.0,0.3875,2.0,-1.0,0.3687,0.484,0.18013,0.24524,0.571429,8.0,0.6667,4.0,0.09091,0.71429,0.62338,202.0,2.83333,0.70218,12.0
2.0,Jeremy & Sandy,TARUS19,0.18181818,0.54545455,0.33333333,0.375,0.875,0.42857143,0.85714286,0.83333333,0.6,0.4,0.25,0.66666667,,,,,,,,,,,,,0.53,0.52886,319.0,4.0,-2.0,0.48701,4.0,-2.0,0.0805,0.1715,0.22938,0.34375,0.571429,6.0,0.5,6.0,0.18182,0.875,0.69318,203.0,3.58333,0.56588,12.0
3.0,Amani & Marcus,TARUS19,0.45454545,0.81818182,0.66666667,0.75,0.125,1,0.57142857,0.66666667,0.2,0.8,0.75,1,,,,,,,,,,,,,0.65,0.65021,564.0,7.0,-4.0,0.70833,7.0,-4.0,-0.1212,-0.0471,0.26439,0.26234,0.571429,3.0,0.25,9.0,0.125,1.0,0.875,204.0,4.41667,0.412,12.0
4.0,Andy & Tommy,TARUS19,0.63636364,0.09090909,0.11111111,0.125,0.625,0.14285714,0.14285714,0.5,0.8,0.2,1,,,,,,,,,,,,,,0.4,0.39765,91.0,1.0,3.0,0.2,1.0,3.0,0.437,0.5581,0.31091,0.49675,0.571429,7.0,0.6364,4.0,0.09091,1.0,0.90909,205.0,2.63636,0.69805,11.0
5.0,Bill & Cathi,TARUS19,1.0,0.63636364,0.77777778,0.875,0.25,0.85714286,0.42857143,0.33333333,1,1,,,,,,,,,,,,,,,0.72,0.71582,681.0,9.0,-4.0,0.81746,8.0,-3.0,-0.2017,-0.1345,0.27268,0.48823,0.571429,3.0,0.3,7.0,0.25,1.0,0.75,206.0,5.5,0.32834,10.0
6.0,Laurence & Zac,TARUS19,0.54545455,0.18181818,0.22222222,0.5,0.75,0.57142857,0.71428571,1.0,,,,,,,,,,,,,,,,,0.56,0.56065,379.0,5.0,1.0,0.55844,5.0,1.0,0.0192,0.1051,0.25361,0.29266,0.571429,3.0,0.375,5.0,0.18182,1.0,0.81818,207.0,4.375,0.49568,8.0
7.0,Justin & Jennifer,TARUS19,0.27272727,0.72727273,0.44444444,0.25,0.5,0.28571429,1,,,,,,,,,,,,,,,,,,0.5,0.49717,257.0,3.0,4.0,0.44444,3.0,4.0,0.1494,0.2462,0.25767,0.33442,0.571429,5.0,0.7143,2.0,0.25,1.0,0.75,208.0,4.28571,0.56954,7.0
8.0,Liz & Marie,TARUS19,0.90909091,0.45454545,0.88888889,1.0,1.0,,,,,,,,,,,,,,,,,,,,0.85,0.85051,853.0,10.0,-2.0,0.90909,11.0,-3.0,-0.3281,-0.2715,0.20317,0.11111,0.571429,1.0,0.2,4.0,0.45455,1.0,0.54545,209.0,7.8,0.165,5.0
9.0,Kaylani & Lisa,TARUS19,0.81818182,0.27272727,1,,,,,,,,,,,,,,,,,,,,,,0.7,0.69697,644.0,8.0,1.0,0.81818,9.0,0.0,-0.1801,-0.111,0.30903,0.36364,0.571429,1.0,0.3333,2.0,0.27273,1.0,0.72727,210.0,7.0,0.33333,3.0
10.0,Ethan & Jenna,TARUS19,0.36363636,0.90909091,,,,,,,,,,,,,,,,,,,,,,,0.64,0.63636,538.0,6.0,4.0,0.63636,6.0,4.0,-0.102,-0.0264,0.27273,0.27273,0.571429,1.0,0.5,1.0,0.36364,0.90909,0.54545,211.0,7.0,0.4,2.0
11.0,Ron & Bill,TARUS19,0.72727273,1.0,,,,,,,,,,,,,,,,,,,,,,,0.86,0.86364,858.0,11.0,0.0,0.86363,10.0,1.0,-0.3383,-0.2826,0.13636,0.13636,0.571429,0.0,0.0,2.0,0.72727,1.0,0.27273,212.0,9.5,0.15,2.0
1.0,Rachel & Dave,TARUS20,0.09090909,0.1,0.66666667,0.25,0.5,0.14285714,0.16666667,0.33333333,0.2,0.2,0.25,0.33333333,,,,,,,,,,,,,0.27,0.26948,6.0,1.0,0.0,0.225,1.0,0.0,1.127,1.4675,0.16245,0.17262,0.573171,11.0,0.9167,1.0,0.09091,0.66667,0.57576,213.0,1.83333,0.88363,12.0
2.0,Art & JJ,TARUS20,0.27272727,0.2,0.11111111,0.125,0.125,0.28571429,0.5,0.5,0.6,0.8,0.5,0.66666667,,,,,,,,,,,,,0.39,0.39052,84.0,2.0,0.0,0.39285,2.0,0.0,0.4677,0.7027,0.22435,0.34375,0.573171,9.0,0.75,3.0,0.11111,0.8,0.68889,214.0,2.25,0.71991,12.0
3.0,Brendon & Rachel,TARUS20,0.18181818,0.4,0.22222222,0.75,0.625,0.57142857,0.66666667,0.66666667,0.4,0.4,0.75,1,,,,,,,,,,,,,0.55,0.55282,363.0,3.0,0.0,0.59821,5.0,-2.0,0.0368,0.2028,0.22844,0.2875,0.573171,5.0,0.4167,7.0,0.18182,1.0,0.81818,215.0,3.41667,0.52411,12.0
4.0,Vanessa & Ralph,TARUS20,0.45454545,0.7,0.88888889,0.5,0.375,0.85714286,0.83333333,0.83333333,0.8,0.6,1,,,,,,,,,,,,,,0.71,0.71293,674.0,6.0,-2.0,0.8,8.0,-4.0,-0.196,-0.0673,0.19305,0.29524,0.573171,3.0,0.2727,8.0,0.375,1.0,0.625,216.0,4.90909,0.33279,11.0
5.0,Bopper & Mark,TARUS20,0.81818182,0.3,0.44444444,1.0,0.75,0.42857143,0.33333333,0.16666667,1,1,,,,,,,,,,,,,,,0.62,0.62412,509.0,5.0,0.0,0.59722,4.0,1.0,-0.0816,0.0654,0.30769,0.5974,0.573171,5.0,0.5,5.0,0.16667,1.0,0.83333,217.0,4.6,0.43552,10.0
6.0,Nary & Jamie,TARUS20,0.36363636,0.6,0.55555556,0.625,0.875,0.71428571,1,1.0,,,,,,,,,,,,,,,,,0.72,0.71668,682.0,7.0,-1.0,0.66964,6.0,0.0,-0.2002,-0.0722,0.21161,0.31736,0.573171,1.0,0.125,7.0,0.36364,1.0,0.63636,218.0,5.5,0.31865,8.0
7.0,Joey & Danny,TARUS20,0.90909091,0.8,0.33333333,0.375,0.25,1,,,,,,,,,,,,,,,,,,,0.61,0.61124,483.0,4.0,3.0,0.5875,3.0,4.0,-0.0623,0.0879,0.29973,0.53807,0.573171,3.0,0.5,3.0,0.25,1.0,0.75,219.0,5.5,0.4406,6.0
8.0,Kerri & Stacy,TARUS20,0.63636364,0.5,0.77777778,0.875,1.0,,,,,,,,,,,,,,,,,,,,0.76,0.75783,754.0,8.0,0.0,0.77777,7.0,1.0,-0.2437,-0.1226,0.1755,0.23864,0.573171,1.0,0.2,4.0,0.5,1.0,0.5,220.0,6.8,0.2697,5.0
9.0,Elliot & Andrew,TARUS20,0.54545455,0.9,1,,,,,,,,,,,,,,,,,,,,,,0.82,0.81515,822.0,9.0,0.0,0.9,10.0,-1.0,-0.2969,-0.1843,0.19503,0.22727,0.573171,0.0,0.0,3.0,0.54545,1.0,0.45455,221.0,8.0,0.2037,3.0
10.0,Dave & Cherie,TARUS20,0.72727273,1.0,,,,,,,,,,,,,,,,,,,,,,,0.86,0.86364,858.0,10.0,0.0,0.86363,9.0,1.0,-0.3363,-0.2301,0.13636,0.13636,0.573171,0.0,0.0,2.0,0.72727,1.0,0.27273,222.0,9.0,0.15,2.0
11.0,Misa & Maiya,TARUS20,1.0,,,,,,,,,,,,,,,,,,,,,,,,1.0,1.0,932.0,11.0,0.0,1.0,11.0,0.0,-0.4268,-0.3351,0.0,0.0,0.573171,0.0,0.0,1.0,1.0,1.0,0.0,223.0,11.0,0.0,1.0
1.0,Josh & Brent,TARUS21,0.63636364,0.5,0.55555556,0.5,1.0,0.85714286,0.83333333,0.83333333,0.8,0.75,0.75,0.33333333,,,,,,,,,,,,,0.7,0.69576,642.0,8.0,-7.0,0.75,9.0,-8.0,-0.1736,-0.0853,0.18357,0.29167,0.575,3.0,0.25,9.0,0.33333,1.0,0.66667,224.0,4.58333,0.37586,12.0
2.0,Jaymes & James,TARUS21,0.90909091,0.3,0.33333333,0.75,0.85714286,0.71428571,0.33333333,0.16666667,0.4,0.5,0.25,0.66666667,,,,,,,,,,,,,0.52,0.51504,286.0,3.0,-1.0,0.45,3.0,-1.0,0.1164,0.2356,0.24282,0.39821,0.575,7.0,0.5833,5.0,0.16667,0.90909,0.74242,225.0,3.58333,0.59418,12.0
3.0,Trey & Lexi,TARUS21,0.81818182,0.2,0.22222222,0.875,0.71428571,0.14285714,0.16666667,0.33333333,0.6,0.25,0.5,1,,,,,,,,,,,,,0.49,0.48521,223.0,2.0,1.0,0.41666,2.0,1.0,0.1851,0.3116,0.29457,0.52359,0.575,7.0,0.5833,5.0,0.14286,1.0,0.85714,226.0,3.16667,0.61723,12.0
4.0,Natalie & Nadiya,TARUS21,0.36363636,0.1,0.66666667,0.375,0.42857143,0.57142857,0.5,0.5,0.2,1,1,,,,,,,,,,,,,,0.52,0.51866,299.0,4.0,0.0,0.5,5.0,-1.0,0.1086,0.227,0.27276,0.24973,0.575,7.0,0.6364,4.0,0.1,1.0,0.9,227.0,3.27273,0.55964,11.0
5.0,Abbie & Ryan,TARUS21,0.09090909,0.4,0.11111111,0.25,0.28571429,0.28571429,0.66666667,0.66666667,1,,,,,,,,,,,,,,,,0.42,0.41742,112.0,1.0,4.0,0.28571,1.0,4.0,0.3775,0.5246,0.28424,0.41667,0.575,6.0,0.6667,3.0,0.09091,1.0,0.90909,228.0,2.77778,0.6656,9.0
6.0,James & Abba,TARUS21,0.54545455,0.6,0.44444444,0.125,0.14285714,0.42857143,1,1.0,,,,,,,,,,,,,,,,,0.54,0.53579,334.0,5.0,1.0,0.49494,4.0,2.0,0.0732,0.1877,0.31189,0.34286,0.575,4.0,0.5,4.0,0.125,1.0,0.875,229.0,4.125,0.52951,8.0
7.0,Rob & Kelley,TARUS21,0.45454545,0.8,0.77777778,0.625,0.57142857,1,,,,,,,,,,,,,,,,,,,0.7,0.70479,654.0,9.0,-2.0,0.70138,8.0,-1.0,-0.1842,-0.0971,0.17716,0.20962,0.575,1.0,0.1667,5.0,0.45455,1.0,0.54545,230.0,6.0,0.33347,6.0
8.0,Gary & Will,TARUS21,0.72727273,0.9,0.88888889,1.0,,,,,,,,,,,,,,,,,,,,,0.88,0.87904,873.0,10.0,-2.0,0.89444,10.0,-2.0,-0.3459,-0.276,0.09773,0.07652,0.575,0.0,0.0,4.0,0.72727,1.0,0.27273,231.0,8.25,0.13403,4.0
9.0,Caitlin & Brittany,TARUS21,0.27272727,0.7,1,,,,,,,,,,,,,,,,,,,,,,0.66,0.65758,581.0,7.0,2.0,0.7,7.0,2.0,-0.1256,-0.0322,0.29842,0.36364,0.575,1.0,0.3333,2.0,0.27273,1.0,0.72727,232.0,6.33333,0.37777,3.0
10.0,Amy & Daniel,TARUS21,0.18181818,1.0,,,,,,,,,,,,,,,,,,,,,,,0.59,0.59091,443.0,6.0,4.0,0.5909,6.0,4.0,-0.0269,0.077,0.40909,0.40909,0.575,1.0,0.5,1.0,0.18182,1.0,0.81818,233.0,6.0,0.45,2.0
11.0,Rob & Sheila,TARUS21,1.0,,,,,,,,,,,,,,,,,,,,,,,,1.0,1.0,932.0,11.0,0.0,1.0,11.0,0.0,-0.425,-0.3636,0.0,0.0,0.575,0.0,0.0,1.0,1.0,1.0,0.0,234.0,11.0,0.0,1.0
1.0,Bates & Anthony,TARUS22,0.18181818,0.1,0.33333333,0.77777778,0.5,0.14285714,0.14285714,0.16666667,0.8,0.4,0.5,0.33333333,,,,,,,,,,,,,0.36,0.36489,52.0,2.0,-1.0,0.33333,3.0,-2.0,0.566,0.6714,0.23114,0.33929,0.571429,10.0,0.8333,2.0,0.1,0.8,0.7,235.0,2.41667,0.76151,12.0
2.0,Max & Katie,TARUS22,0.81818182,0.8,0.88888889,0.33333333,0.25,1,0.85714286,0.5,0.2,0.2,0.25,0.66666667,,,,,,,,,,,,,0.56,0.56368,389.0,5.0,-3.0,0.58333,6.0,-4.0,0.0137,0.082,0.29325,0.57792,0.571429,6.0,0.5,6.0,0.2,1.0,0.8,236.0,4.25,0.53508,12.0
3.0,Mona & Beth,TARUS22,0.45454545,0.6,0.77777778,0.66666667,0.375,0.85714286,0.28571429,0.33333333,1,0.8,0.75,1,,,,,,,,,,,,,0.66,0.65835,583.0,7.0,-4.0,0.70833,8.0,-5.0,-0.132,-0.0736,0.23901,0.37963,0.571429,4.0,0.3333,8.0,0.28571,1.0,0.71429,237.0,4.33333,0.39725,12.0
4.0,Caroline & Jennifer,TARUS22,0.90909091,0.7,0.66666667,0.44444444,0.625,0.71428571,0.42857143,0.66666667,0.6,0.6,1,,,,,,,,,,,,,,0.67,0.66861,601.0,8.0,-4.0,0.66666,7.0,-3.0,-0.1453,-0.0878,0.16234,0.10714,0.571429,2.0,0.1818,9.0,0.42857,1.0,0.57143,238.0,4.90909,0.38745,11.0
5.0,Joey & Meghan,TARUS22,0.54545455,0.4,0.55555556,0.55555556,0.75,0.57142857,0.71428571,0.83333333,0.4,1,,,,,,,,,,,,,,,0.63,0.63256,526.0,6.0,-1.0,0.56349,5.0,0.0,-0.0966,-0.0358,0.18087,0.19309,0.571429,2.0,0.2,8.0,0.4,1.0,0.6,239.0,4.7,0.42357,10.0
6.0,Chuck & Wynona,TARUS22,0.63636364,0.5,1,0.88888889,0.875,0.42857143,0.57142857,1.0,,,,,,,,,,,,,,,,,0.74,0.73753,721.0,9.0,-3.0,0.75568,9.0,-3.0,-0.2252,-0.1731,0.21485,0.3631,0.571429,2.0,0.25,6.0,0.42857,1.0,0.57143,240.0,6.125,0.29878,8.0
7.0,Pam & Winnie,TARUS22,0.36363636,0.9,0.44444444,0.22222222,0.125,0.28571429,1,,,,,,,,,,,,,,,,,,0.48,0.47729,209.0,4.0,3.0,0.36363,4.0,3.0,0.1972,0.2778,0.31436,0.41825,0.571429,5.0,0.7143,2.0,0.125,1.0,0.875,241.0,4.14286,0.59206,7.0
8.0,Dave & Connor,TARUS22,0.27272727,0.2,0.11111111,0.11111111,1.0,,,,,,,,,,,,,,,,,,,,0.34,0.33899,37.0,1.0,7.0,0.2,1.0,7.0,0.6857,0.7991,0.33601,0.16162,0.571429,4.0,0.8,1.0,0.11111,1.0,0.88889,242.0,3.0,0.73778,5.0
9.0,Jessica & John,TARUS22,0.09090909,0.3,0.22222222,1.0,,,,,,,,,,,,,,,,,,,,,0.4,0.40328,96.0,3.0,6.0,0.26111,2.0,7.0,0.417,0.5123,0.35253,0.28561,0.571429,3.0,0.75,1.0,0.09091,1.0,0.90909,243.0,3.75,0.6632,4.0
10.0,Idries & Jamil,TARUS22,0.72727273,1.0,,,,,,,,,,,,,,,,,,,,,,,0.86,0.86364,858.0,10.0,0.0,0.86363,10.0,0.0,-0.3383,-0.2938,0.13636,0.13636,0.571429,0.0,0.0,2.0,0.72727,1.0,0.27273,244.0,9.0,0.15,2.0
11.0,Matt & Daniel,TARUS22,1.0,,,,,,,,,,,,,,,,,,,,,,,,1.0,1.0,932.0,11.0,0.0,1.0,11.0,0.0,-0.4286,-0.3901,0.0,0.0,0.571429,0.0,0.0,1.0,1.0,1.0,0.0,245.0,11.0,0.0,1.0
1.0,Jason & Amy,TARUS23,0.72727273,0.5,0.22222222,0.25,0.25,0.71428571,0.33333333,0.33333333,0.6,0.25,0.5,0.33333333,,,,,,,,,,,,,0.42,0.41782,115.0,1.0,0.0,0.33333,1.0,0.0,0.374,0.4917,0.17666,0.275,0.574074,9.0,0.75,3.0,0.22222,0.72727,0.50505,246.0,2.91667,0.71207,12.0
2.0,Tim & Marie,TARUS23,0.09090909,0.8,0.88888889,0.625,0.125,0.57142857,0.66666667,0.5,0.4,0.5,0.25,0.66666667,,,,,,,,,,,,,0.51,0.50705,273.0,4.0,-2.0,0.53571,4.0,-2.0,0.1322,0.2292,0.24107,0.30417,0.574074,6.0,0.5,6.0,0.09091,0.88889,0.79798,247.0,3.41667,0.59938,12.0
3.0,Nicole & Travis,TARUS23,0.18181818,0.4,0.11111111,0.375,0.375,0.14285714,0.5,0.16666667,0.8,0.75,0.75,1,,,,,,,,,,,,,0.46,0.4627,181.0,2.0,1.0,0.3875,3.0,0.0,0.2407,0.347,0.28588,0.57197,0.574074,8.0,0.6667,4.0,0.11111,1.0,0.88889,248.0,2.58333,0.62599,12.0
4.0,Leo & Jamal,TARUS23,0.63636364,0.2,0.66666667,0.5,0.75,0.42857143,0.16666667,0.66666667,0.2,1,1,,,,,,,,,,,,,,0.56,0.56499,391.0,5.0,-1.0,0.63636,6.0,-2.0,0.0161,0.1032,0.28387,0.39405,0.574074,5.0,0.4545,6.0,0.16667,1.0,0.83333,249.0,3.81818,0.50797,11.0
5.0,Ally & Ashley,TARUS23,0.54545455,0.7,0.77777778,0.875,0.875,0.85714286,0.83333333,0.83333333,1,,,,,,,,,,,,,,,,0.81,0.81078,817.0,10.0,-5.0,0.83333,10.0,-5.0,-0.2919,-0.2313,0.12064,0.09722,0.574074,0.0,0.0,9.0,0.54545,1.0,0.45455,250.0,6.11111,0.21509,9.0
6.0,Nicky & Kim,TARUS23,0.45454545,0.9,0.33333333,1.0,0.5,0.28571429,1,1.0,,,,,,,,,,,,,,,,,0.68,0.6842,626.0,8.0,-2.0,0.7,9.0,-3.0,-0.161,-0.0891,0.29882,0.57576,0.574074,4.0,0.5,4.0,0.28571,1.0,0.71429,251.0,5.375,0.35823,8.0
7.0,Tim & Danny,TARUS23,0.81818182,0.6,0.44444444,0.75,0.625,1,,,,,,,,,,,,,,,,,,,0.71,0.70627,658.0,9.0,-2.0,0.6875,8.0,-1.0,-0.1872,-0.1175,0.17662,0.19489,0.574074,1.0,0.1667,5.0,0.44444,1.0,0.55556,252.0,6.16667,0.33062,6.0
8.0,Brandon & Adam,TARUS23,0.90909091,0.3,0.55555556,0.125,1.0,,,,,,,,,,,,,,,,,,,,0.58,0.57793,412.0,6.0,2.0,0.55555,5.0,3.0,-0.0067,0.0785,0.33785,0.60909,0.574074,2.0,0.4,3.0,0.125,1.0,0.875,253.0,5.4,0.47556,5.0
9.0,Chester & Ephraim,TARUS23,0.36363636,0.1,1,,,,,,,,,,,,,,,,,,,,,,0.49,0.48788,233.0,3.0,6.0,0.36363,2.0,7.0,0.1767,0.2775,0.37778,0.45,0.574074,2.0,0.6667,1.0,0.1,1.0,0.9,254.0,4.66667,0.56667,3.0
10.0,Rowan & Shane,TARUS23,0.27272727,1.0,,,,,,,,,,,,,,,,,,,,,,,0.64,0.63636,538.0,7.0,3.0,0.63636,6.0,4.0,-0.0979,-0.0206,0.36364,0.36364,0.574074,1.0,0.5,1.0,0.27273,1.0,0.72727,255.0,6.5,0.4,2.0
11.0,Hoskote & Naina,TARUS23,1.0,,,,,,,,,,,,,,,,,,,,,,,,1.0,1.0,932.0,11.0,0.0,1.0,11.0,0.0,-0.4259,-0.3767,0.0,0.0,0.574074,0.0,0.0,1.0,1.0,1.0,0.0,256.0,11.0,0.0,1.0
1.0,Dave & Connor,TARUS24,0.27272727,0.4,0.11111111,0.25,0.125,0.57142857,0.42857143,0.66666667,0.2,0.2,0.25,0.33333333,,,,,,,,,,,,,0.32,0.3174,22.0,1.0,0.0,0.26136,1.0,0.0,0.8031,1.0656,0.16436,0.20714,0.572289,10.0,0.8333,2.0,0.11111,0.66667,0.55556,257.0,2.16667,0.82421,12.0
2.0,Caroline & Jennifer,TARUS24,0.81818182,0.3,0.66666667,0.5,0.25,1,0.28571429,0.83333333,1,0.8,0.5,0.66666667,,,,,,,,,,,,,0.64,0.63505,535.0,6.0,-4.0,0.66666,5.0,-3.0,-0.0988,0.0324,0.25617,0.37197,0.572289,5.0,0.4167,7.0,0.25,1.0,0.75,258.0,4.25,0.43594,12.0
3.0,Brendon & Rachel,TARUS24,0.18181818,0.1,0.88888889,1.0,0.875,0.71428571,0.14285714,0.16666667,0.8,0.4,0.75,1,,,,,,,,,,,,,0.58,0.58496,432.0,5.0,-2.0,0.73214,7.0,-4.0,-0.0217,0.1208,0.34322,0.70044,0.572289,5.0,0.4167,7.0,0.1,1.0,0.9,259.0,3.75,0.48621,12.0
4.0,Leo & Jamal,TARUS24,0.45454545,0.7,0.33333333,0.375,0.5,0.14285714,0.71428571,0.5,0.6,0.6,1,,,,,,,,,,,,,,0.54,0.53818,338.0,3.0,1.0,0.5,4.0,0.0,0.0634,0.2182,0.21593,0.23523,0.572289,6.0,0.5455,5.0,0.14286,1.0,0.85714,260.0,3.72727,0.53657,11.0
5.0,Jet & Cord,TARUS24,0.09090909,0.6,0.22222222,0.125,0.375,0.28571429,0.57142857,0.33333333,0.4,1,,,,,,,,,,,,,,,0.4,0.40036,94.0,2.0,3.0,0.35416,2.0,3.0,0.4294,0.6376,0.25501,0.29048,0.572289,7.0,0.7,3.0,0.09091,1.0,0.90909,261.0,2.8,0.6917,10.0
6.0,Flight Time & Big Easy,TARUS24,0.63636364,0.5,0.55555556,0.75,0.75,0.85714286,0.85714286,1.0,,,,,,,,,,,,,,,,,0.74,0.73828,723.0,8.0,-2.0,0.75,8.0,-2.0,-0.2248,-0.112,0.15715,0.24098,0.572289,1.0,0.125,7.0,0.5,1.0,0.5,262.0,5.875,0.29505,8.0
7.0,Jessica & John,TARUS24,0.72727273,0.8,0.77777778,0.625,0.625,0.42857143,1,,,,,,,,,,,,,,,,,,0.71,0.71195,669.0,7.0,0.0,0.72727,6.0,1.0,-0.1962,-0.0791,0.16506,0.16389,0.572289,1.0,0.1429,6.0,0.42857,1.0,0.57143,263.0,6.14286,0.32801,7.0
8.0,Margie & Luke,TARUS24,0.36363636,0.2,0.44444444,0.875,1.0,,,,,,,,,,,,,,,,,,,,0.58,0.57662,408.0,4.0,4.0,0.44444,3.0,5.0,-0.0075,0.137,0.30756,0.51136,0.572289,3.0,0.6,2.0,0.2,1.0,0.8,264.0,5.0,0.47136,5.0
9.0,Joey & Meghan,TARUS24,0.90909091,0.9,1,,,,,,,,,,,,,,,,,,,,,,0.94,0.93636,908.0,10.0,-1.0,0.90909,10.0,-1.0,-0.3888,-0.2998,0.04515,0.05,0.572289,0.0,0.0,3.0,0.9,1.0,0.1,265.0,9.33333,0.07037,3.0
10.0,Mark & Mallory,TARUS24,0.54545455,1.0,,,,,,,,,,,,,,,,,,,,,,,0.77,0.77273,776.0,9.0,1.0,0.77272,9.0,1.0,-0.2594,-0.1515,0.22727,0.22727,0.572289,0.0,0.0,2.0,0.54545,1.0,0.45455,266.0,8.0,0.25,2.0
11.0,Natalie & Nadiya,TARUS24,1.0,,,,,,,,,,,,,,,,,,,,,,,,1.0,1.0,932.0,11.0,0.0,1.0,11.0,0.0,-0.4277,-0.3444,0.0,0.0,0.572289,0.0,0.0,1.0,1.0,1.0,0.0,267.0,11.0,0.0,1.0
1.0,Amy & Maya,TARUS25,0.54545455,0.8,0.55555556,0.5,0.875,0.85714286,0.5,0.66666667,0.8,0.5,1,0.25,,,,,,,,,,,,,0.65,0.65415,571.0,7.0,-6.0,0.61111,6.0,-5.0,-0.1238,-0.0042,0.20584,0.31429,0.573171,4.0,0.3333,8.0,0.25,1.0,0.75,268.0,4.5,0.41833,12.0
2.0,Misti & Jim,TARUS25,0.09090909,0.2,0.11111111,1.0,0.75,0.14285714,0.16666667,0.33333333,0.6,0.25,0.75,0.5,,,,,,,,,,,,,0.41,0.40791,102.0,1.0,1.0,0.29166,1.0,1.0,0.4051,0.597,0.29166,0.47679,0.573171,8.0,0.6667,4.0,0.09091,1.0,0.90909,269.0,2.58333,0.70622,12.0
3.0,Adam & Bethany,TARUS25,0.45454545,0.1,0.22222222,0.875,0.25,0.28571429,0.83333333,0.16666667,0.2,0.75,0.5,0.75,,,,,,,,,,,,,0.45,0.44896,155.0,3.0,0.0,0.37012,3.0,0.0,0.2767,0.4509,0.27298,0.53333,0.573171,8.0,0.6667,4.0,0.1,0.875,0.775,270.0,2.83333,0.65347,12.0
4.0,Brooke & Robbie,TARUS25,0.36363636,0.7,0.66666667,0.25,0.625,0.71428571,0.66666667,0.83333333,0.4,1,0.25,1,,,,,,,,,,,,,0.62,0.62247,503.0,5.0,-1.0,0.66666,7.0,-3.0,-0.0792,0.0465,0.24863,0.35314,0.573171,4.0,0.3333,8.0,0.25,1.0,0.75,271.0,4.08333,0.44811,12.0
5.0,Kym & Alli,TARUS25,0.27272727,0.3,0.77777778,0.125,0.125,0.42857143,0.33333333,0.5,1,,,,,,,,,,,,,,,,0.43,0.42916,134.0,2.0,3.0,0.33333,2.0,3.0,0.3356,0.5179,0.27644,0.22727,0.573171,7.0,0.7778,2.0,0.125,1.0,0.875,272.0,3.11111,0.65494,9.0
6.0,Tim & Te Jay,TARUS25,0.18181818,0.5,0.88888889,0.625,0.375,0.57142857,1,1.0,,,,,,,,,,,,,,,,,0.64,0.64277,545.0,6.0,0.0,0.59821,5.0,1.0,-0.1083,0.0134,0.27968,0.44792,0.573171,3.0,0.375,5.0,0.18182,1.0,0.81818,273.0,4.875,0.40294,8.0
7.0,Shelley & Nici,TARUS25,0.72727273,0.9,0.44444444,0.75,0.5,1,,,,,,,,,,,,,,,,,,,0.72,0.72029,688.0,8.0,-1.0,0.73863,8.0,-1.0,-0.2042,-0.0956,0.19836,0.30568,0.573171,2.0,0.3333,4.0,0.44444,1.0,0.55556,274.0,6.33333,0.31553,6.0
8.0,Keith & Whitney,TARUS25,0.81818182,0.4,0.33333333,0.375,1.0,,,,,,,,,,,,,,,,,,,,0.59,0.5853,433.0,4.0,4.0,0.4,4.0,4.0,-0.0207,0.113,0.27139,0.44318,0.573171,3.0,0.6,2.0,0.33333,1.0,0.66667,275.0,5.4,0.4662,5.0
9.0,Michael & Scott,TARUS25,0.90909091,0.6,1,,,,,,,,,,,,,,,,,,,,,,0.84,0.83636,844.0,10.0,-1.0,0.90909,10.0,-1.0,-0.3147,-0.2211,0.17121,0.2,0.573171,0.0,0.0,3.0,0.6,1.0,0.4,276.0,8.33333,0.18147,3.0
10.0,Dennis & Isabelle,TARUS25,0.63636364,1.0,,,,,,,,,,,,,,,,,,,,,,,0.82,0.81818,825.0,9.0,1.0,0.81818,9.0,1.0,-0.2995,-0.2038,0.18182,0.18182,0.573171,0.0,0.0,2.0,0.63636,1.0,0.36364,277.0,8.5,0.2,2.0
11.0,Lisa & Michelle,TARUS25,1.0,,,,,,,,,,,,,,,,,,,,,,,,1.0,1.0,932.0,11.0,0.0,1.0,11.0,0.0,-0.4268,-0.3486,0.0,0.0,0.573171,0.0,0.0,1.0,1.0,1.0,0.0,278.0,11.0,0.0,1.0
1.0,Laura & Tyler,TARUS26,0.27272727,0.2,0.44444444,0.44444444,0.75,0.85714286,0.33333333,0.16666667,0.2,0.8,0.75,0.25,,,,,,,,,,,,,0.46,0.45573,170.0,2.0,-1.0,0.38888,2.0,-1.0,0.2539,0.4167,0.25137,0.5125,0.571429,8.0,0.6667,4.0,0.16667,0.85714,0.69047,279.0,3.08333,0.64788,12.0
2.0,Jelani & Jenny,TARUS26,0.09090909,0.1,0.33333333,0.77777778,0.5,0.71428571,0.66666667,0.66666667,0.6,0.4,0.5,0.5,,,,,,,,,,,,,0.49,0.48747,231.0,3.0,-1.0,0.5,4.0,-2.0,0.1722,0.3245,0.21445,0.28333,0.571429,7.0,0.5833,5.0,0.09091,0.77778,0.68687,280.0,3.16667,0.60734,12.0
3.0,Hayley & Blair,TARUS26,0.72727273,0.9,0.22222222,0.22222222,0.625,0.14285714,0.5,0.5,0.4,0.2,0.25,0.75,,,,,,,,,,,,,0.45,0.4533,162.0,1.0,2.0,0.45,3.0,0.0,0.2606,0.4243,0.2429,0.42835,0.571429,8.0,0.6667,4.0,0.14286,0.9,0.75714,281.0,3.33333,0.65608,12.0
4.0,Mike & Rochelle,TARUS26,0.63636364,0.8,0.11111111,0.66666667,0.875,0.42857143,0.83333333,0.83333333,0.8,0.6,1,1,,,,,,,,,,,,,0.72,0.71536,679.0,9.0,-5.0,0.8,9.0,-5.0,-0.2012,-0.0975,0.24135,0.21648,0.571429,2.0,0.1667,10.0,0.11111,1.0,0.88889,282.0,4.75,0.32973,12.0
5.0,Matt & Ashley,TARUS26,0.81818182,0.7,0.66666667,0.88888889,0.25,0.57142857,0.16666667,0.33333333,1,1,,,,,,,,,,,,,,,0.64,0.63952,543.0,7.0,-2.0,0.68333,7.0,-2.0,-0.1065,0.0096,0.28846,0.47835,0.571429,3.0,0.3,7.0,0.16667,1.0,0.83333,283.0,4.9,0.41904,10.0
6.0,Aly & Steve,TARUS26,0.36363636,0.3,0.55555556,0.33333333,0.125,0.28571429,1,1.0,,,,,,,,,,,,,,,,,0.5,0.4954,250.0,4.0,2.0,0.34848,1.0,5.0,0.1535,0.3033,0.31141,0.37024,0.571429,5.0,0.625,3.0,0.125,1.0,0.875,284.0,3.75,0.57014,8.0
7.0,Jeff & Jackie,TARUS26,0.18181818,0.6,0.88888889,0.55555556,0.375,1,,,,,,,,,,,,,,,,,,,0.6,0.60021,462.0,6.0,1.0,0.57777,6.0,1.0,-0.048,0.0757,0.28016,0.39653,0.571429,2.0,0.3333,4.0,0.18182,1.0,0.81818,285.0,5.16667,0.44728,6.0
8.0,Bergen & Kurt,TARUS26,0.54545455,0.5,0.77777778,0.11111111,1.0,,,,,,,,,,,,,,,,,,,,0.59,0.58687,436.0,5.0,3.0,0.54545,5.0,3.0,-0.0263,0.1001,0.29757,0.27778,0.571429,2.0,0.4,3.0,0.11111,1.0,0.88889,286.0,5.4,0.46112,5.0
9.0,Harley & Jonathan,TARUS26,0.45454545,0.4,1,1.0,,,,,,,,,,,,,,,,,,,,,0.71,0.71364,675.0,8.0,1.0,0.72727,8.0,1.0,-0.1993,-0.0953,0.28701,0.55909,0.571429,2.0,0.5,2.0,0.4,1.0,0.6,287.0,6.75,0.31668,4.0
10.0,Libby & CJ,TARUS26,0.90909091,1.0,,,,,,,,,,,,,,,,,,,,,,,0.95,0.95455,915.0,10.0,0.0,0.95454,10.0,0.0,-0.4014,-0.3236,0.04545,0.04545,0.571429,0.0,0.0,2.0,0.90909,1.0,0.09091,288.0,10.0,0.05,2.0
11.0,Jeff & Lyda,TARUS26,1.0,,,,,,,,,,,,,,,,,,,,,,,,1.0,1.0,932.0,11.0,0.0,1.0,11.0,0.0,-0.4286,-0.3544,0.0,0.0,0.571429,0.0,0.0,1.0,1.0,1.0,0.0,289.0,11.0,0.0,1.0
1.0,Kelsey & Joey,TARUS27,0.72727273,0.7,0.33333333,0.5,0.5,0.42857143,0.28571429,0.33333333,0.33333333,0.4,0.5,0.33333333,,,,,,,,,,,,,0.45,0.44791,153.0,2.0,-1.0,0.41428,3.0,-2.0,0.2758,0.449,0.13881,0.16667,0.571429,10.0,0.8333,2.0,0.28571,0.72727,0.44156,290.0,3.33333,0.67023,12.0
2.0,Justin & Diana,TARUS27,0.81818182,0.1,0.22222222,0.125,0.25,0.14285714,0.14285714,0.16666667,0.16666667,0.2,0.75,0.66666667,,,,,,,,,,,,,0.31,0.31259,18.0,1.0,1.0,0.18333,1.0,1.0,0.828,1.0762,0.25457,0.21131,0.571429,9.0,0.75,3.0,0.1,0.81818,0.71818,291.0,2.08333,0.81378,12.0
3.0,Logan & Chris,TARUS27,0.45454545,0.4,0.55555556,0.75,0.75,0.85714286,0.71428571,0.66666667,0.5,0.8,0.25,1,,,,,,,,,,,,,0.64,0.64152,544.0,5.0,-2.0,0.69047,6.0,-3.0,-0.1093,0.0117,0.20485,0.27386,0.571429,4.0,0.3333,8.0,0.25,1.0,0.75,292.0,4.33333,0.42401,12.0
4.0,Tiffany & Krista,TARUS27,0.90909091,0.6,0.88888889,1.0,0.625,0.28571429,0.42857143,0.83333333,0.66666667,0.6,1,,,,,,,,,,,,,,0.71,0.71248,670.0,8.0,-4.0,0.66666,5.0,-1.0,-0.198,-0.0891,0.2231,0.29899,0.571429,2.0,0.1818,9.0,0.28571,1.0,0.71429,293.0,5.27273,0.33618,11.0
5.0,Denise & James Earl,TARUS27,0.36363636,0.3,0.66666667,0.375,0.125,1,0.85714286,0.5,0.83333333,1,,,,,,,,,,,,,,,0.6,0.60208,465.0,4.0,1.0,0.58333,4.0,1.0,-0.0509,0.0779,0.29616,0.48471,0.571429,5.0,0.5,5.0,0.125,1.0,0.875,294.0,4.3,0.45338,10.0
6.0,Tanner & Josh,TARUS27,0.09090909,0.2,0.11111111,0.25,0.375,0.57142857,0.57142857,1.0,1,,,,,,,,,,,,,,,,0.46,0.46332,183.0,3.0,3.0,0.375,2.0,4.0,0.2333,0.4008,0.33079,0.37143,0.571429,5.0,0.5556,4.0,0.09091,1.0,0.90909,295.0,3.22222,0.6067,9.0
7.0,Cindy & Rick,TARUS27,0.27272727,0.5,0.77777778,0.625,0.875,0.71428571,1,,,,,,,,,,,,,,,,,,0.68,0.68068,617.0,7.0,0.0,0.71428,7.0,0.0,-0.1605,-0.0465,0.22439,0.26389,0.571429,2.0,0.2857,5.0,0.27273,1.0,0.72727,296.0,5.57143,0.35863,7.0
8.0,Jazmine & Danielle,TARUS27,0.18181818,0.8,0.44444444,0.875,1.0,,,,,,,,,,,,,,,,,,,,0.66,0.66025,586.0,6.0,2.0,0.8,9.0,-1.0,-0.1345,-0.017,0.30217,0.43056,0.571429,2.0,0.4,3.0,0.18182,1.0,0.81818,297.0,5.8,0.37802,5.0
9.0,Ernest & Jin,TARUS27,0.63636364,0.9,1,,,,,,,,,,,,,,,,,,,,,,0.85,0.84545,848.0,10.0,-1.0,0.9,10.0,-1.0,-0.3241,-0.2324,0.15338,0.18182,0.571429,0.0,0.0,3.0,0.63636,1.0,0.36364,298.0,8.33333,0.17037,3.0
10.0,Alex & Adam,TARUS27,0.54545455,1.0,,,,,,,,,,,,,,,,,,,,,,,0.77,0.77273,776.0,9.0,1.0,0.77272,8.0,2.0,-0.2605,-0.1601,0.22727,0.22727,0.571429,0.0,0.0,2.0,0.54545,1.0,0.45455,299.0,8.0,0.25,2.0
11.0,Kelly & Shevonne,TARUS27,1.0,,,,,,,,,,,,,,,,,,,,,,,,1.0,1.0,932.0,11.0,0.0,1.0,11.0,0.0,-0.4286,-0.351,0.0,0.0,0.571429,0.0,0.0,1.0,1.0,1.0,0.0,300.0,11.0,0.0,1.0
1.0,Dana & Matt,TARUS28,0.09090909,0.36363636,0.4,0.33333333,0.375,0.57142857,0.57142857,0.83333333,0.66666667,0.6,0.5,0.33333333,,,,,,,,,,,,,0.47,0.46992,195.0,4.0,-3.0,0.45,4.0,-3.0,0.2108,0.3811,0.18605,0.22251,0.568966,7.0,0.5833,5.0,0.09091,0.83333,0.74242,301.0,3.16667,0.63314,12.0
2.0,Sheri & Cole,TARUS28,0.81818182,0.72727273,0.6,0.77777778,0.875,1,0.71428571,1.0,0.5,0.8,0.75,0.66666667,,,,,,,,,,,,,0.77,0.7691,771.0,9.0,-7.0,0.76388,8.0,-6.0,-0.2602,-0.1562,0.1408,0.13001,0.568966,1.0,0.0833,11.0,0.5,1.0,0.5,302.0,5.58333,0.27949,12.0
3.0,Tyler & Korey,TARUS28,0.18181818,0.09090909,0.2,0.22222222,0.125,0.85714286,0.85714286,0.5,0.16666667,0.2,0.25,1,,,,,,,,,,,,,0.39,0.38758,79.0,2.0,1.0,0.21111,1.0,2.0,0.468,0.6166,0.31536,0.41126,0.568966,9.0,0.75,3.0,0.09091,1.0,0.90909,303.0,2.41667,0.71644,12.0
4.0,Burnie & Ashley,TARUS28,0.54545455,0.27272727,0.3,0.44444444,0.75,0.28571429,0.28571429,0.33333333,0.33333333,0.4,1,,,,,,,,,,,,,,0.45,0.45007,157.0,3.0,1.0,0.33333,3.0,1.0,0.2642,0.3921,0.22141,0.20209,0.568966,8.0,0.7273,3.0,0.27273,1.0,0.72727,304.0,3.27273,0.63683,11.0
5.0,Brodie & Kurt,TARUS28,0.45454545,0.18181818,0.1,0.11111111,0.25,0.14285714,0.42857143,0.16666667,0.83333333,1,,,,,,,,,,,,,,,0.37,0.36689,53.0,1.0,4.0,0.2159,2.0,3.0,0.5508,0.7077,0.30079,0.29924,0.568966,8.0,0.8,2.0,0.1,1.0,0.9,305.0,2.6,0.72238,10.0
6.0,Zach & Rachel,TARUS28,0.27272727,0.54545455,0.9,0.55555556,0.625,0.42857143,0.14285714,0.66666667,1,,,,,,,,,,,,,,,,0.57,0.57076,397.0,5.0,1.0,0.55555,5.0,1.0,-0.0031,0.0978,0.25772,0.2381,0.568966,3.0,0.3333,6.0,0.14286,1.0,0.85714,306.0,4.66667,0.4896,9.0
7.0,Scott & Blair,TARUS28,1.0,0.81818182,0.8,0.88888889,0.5,0.71428571,1,,,,,,,,,,,,,,,,,,0.82,0.81734,823.0,10.0,-3.0,0.81818,9.0,-2.0,-0.3039,-0.2334,0.1619,0.1873,0.568966,1.0,0.1429,6.0,0.5,1.0,0.5,307.0,7.42857,0.20741,7.0
8.0,Erin & Joslyn,TARUS28,0.90909091,0.45454545,0.7,0.66666667,1.0,,,,,,,,,,,,,,,,,,,,0.75,0.74606,738.0,7.0,1.0,0.7,7.0,1.0,-0.2374,-0.1602,0.19208,0.24242,0.568966,1.0,0.2,4.0,0.45455,1.0,0.54545,308.0,7.2,0.28166,5.0
9.0,Brittany & Jessica,TARUS28,0.63636364,0.63636364,0.5,1.0,,,,,,,,,,,,,,,,,,,,,0.69,0.69318,639.0,6.0,3.0,0.63636,6.0,3.0,-0.1792,-0.0961,0.18568,0.125,0.568966,1.0,0.25,3.0,0.5,1.0,0.5,309.0,7.0,0.3389,4.0
10.0,Darius & Cameron,TARUS28,0.36363636,0.90909091,1,,,,,,,,,,,,,,,,,,,,,,0.76,0.75758,752.0,8.0,2.0,0.90909,11.0,-1.0,-0.249,-0.173,0.28102,0.31818,0.568966,1.0,0.3333,2.0,0.36364,1.0,0.63636,310.0,8.0,0.26667,3.0
11.0,Marty & Hagan,TARUS28,0.72727273,1.0,,,,,,,,,,,,,,,,,,,,,,,0.86,0.86364,858.0,11.0,0.0,0.86363,10.0,1.0,-0.3412,-0.2745,0.13636,0.13636,0.568966,0.0,0.0,2.0,0.72727,1.0,0.27273,311.0,9.5,0.15,2.0
1.0,Brooke & Scott,TARUS29,0.36363636,0.6,0.66666667,0.875,0.85714286,0.71428571,0.66666667,0.5,0.8,0.4,0.25,0.33333333,,,,,,,,,,,,,0.59,0.58556,435.0,6.0,-5.0,0.63333,6.0,-5.0,-0.0196,0.0956,0.20426,0.34481,0.574074,5.0,0.4167,7.0,0.25,0.875,0.625,312.0,4.08333,0.51353,12.0
2.0,Tara & Joey,TARUS29,0.54545455,0.7,0.22222222,0.125,0.14285714,0.42857143,0.5,0.16666667,1,0.6,0.75,0.66666667,,,,,,,,,,,,,0.49,0.48729,230.0,3.0,-1.0,0.52272,4.0,-2.0,0.1781,0.3166,0.26645,0.46667,0.574074,6.0,0.5,6.0,0.125,1.0,0.875,313.0,3.08333,0.60903,12.0
3.0,London & Logan,TARUS29,0.72727273,0.8,0.55555556,0.625,0.71428571,0.85714286,0.83333333,0.66666667,0.6,0.8,0.5,1,,,,,,,,,,,,,0.72,0.72327,691.0,8.0,-5.0,0.72077,7.0,-4.0,-0.2063,-0.113,0.13678,0.18958,0.574074,1.0,0.0833,11.0,0.5,1.0,0.5,314.0,4.83333,0.33063,12.0
4.0,Matt & Redmond,TARUS29,0.27272727,0.3,0.44444444,0.5,0.28571429,0.28571429,0.16666667,0.33333333,0.4,0.2,1,,,,,,,,,,,,,,0.38,0.38078,69.0,1.0,3.0,0.3,1.0,3.0,0.5076,0.6848,0.21724,0.143,0.574074,10.0,0.9091,1.0,0.16667,1.0,0.83333,315.0,2.54545,0.72644,11.0
5.0,Becca & Floyd,TARUS29,0.18181818,0.5,0.88888889,0.25,0.42857143,0.14285714,0.33333333,0.83333333,0.2,1,,,,,,,,,,,,,,,0.48,0.47588,203.0,2.0,3.0,0.38095,2.0,3.0,0.2063,0.3481,0.30343,0.5375,0.574074,7.0,0.7,3.0,0.14286,1.0,0.85714,316.0,3.4,0.61044,10.0
6.0,Liz & Michael,TARUS29,0.90909091,0.1,0.11111111,0.375,1.0,0.57142857,1,1.0,,,,,,,,,,,,,,,,,0.63,0.63333,528.0,7.0,-1.0,0.74025,8.0,-2.0,-0.0936,0.013,0.37201,0.69097,0.574074,3.0,0.375,5.0,0.1,1.0,0.9,317.0,4.75,0.41429,8.0
7.0,Vanck & Ashton,TARUS29,0.63636364,0.2,0.33333333,0.75,0.57142857,1,,,,,,,,,,,,,,,,,,,0.58,0.58185,427.0,5.0,2.0,0.60389,5.0,2.0,-0.0134,0.1026,0.26261,0.32873,0.574074,2.0,0.3333,4.0,0.2,1.0,0.8,318.0,4.83333,0.47077,6.0
8.0,Shamir & Sara,TARUS29,0.45454545,0.9,0.77777778,1.0,,,,,,,,,,,,,,,,,,,,,0.78,0.78308,789.0,9.0,-1.0,0.83888,9.0,-1.0,-0.2669,-0.1807,0.20536,0.22803,0.574074,1.0,0.25,3.0,0.45455,1.0,0.54545,319.0,7.25,0.24028,4.0
9.0,Seth & Olive,TARUS29,0.09090909,0.4,1,,,,,,,,,,,,,,,,,,,,,,0.5,0.49697,255.0,4.0,5.0,0.4,3.0,6.0,0.1551,0.2909,0.37742,0.45455,0.574074,2.0,0.6667,1.0,0.09091,1.0,0.90909,320.0,4.66667,0.55557,3.0
10.0,Jessie & Francesca,TARUS29,0.81818182,1.0,,,,,,,,,,,,,,,,,,,,,,,0.91,0.90909,890.0,10.0,0.0,0.90909,10.0,0.0,-0.3685,-0.2943,0.09091,0.09091,0.574074,0.0,0.0,2.0,0.81818,1.0,0.18182,321.0,9.5,0.1,2.0
11.0,Kevin & Jenn,TARUS29,1.0,,,,,,,,,,,,,,,,,,,,,,,,1.0,1.0,932.0,11.0,0.0,1.0,11.0,0.0,-0.4259,-0.3584,0.0,0.0,0.574074,0.0,0.0,1.0,1.0,1.0,0.0,322.0,11.0,0.0,1.0
1.0,Cody & Jessica,TARUS30,0.18181818,0.1,0.55555556,0.22222222,0.75,0.85714286,0.83333333*,0.83333333,0.8,0.5,0.5,0.33333333,,,,,,,,,,,,,0.51,0.51213,282.0,3.0,-2.0,0.5,3.0,-2.0,0.1176,0.2834,0.26265,0.49722,0.572368,6.0,0.5455,5.0,0.1,0.85714,0.75714,323.0,3.27273,0.59189,11.0
2.0,Henry & Evan,TARUS30,0.27272727,0.8,0.11111111,0.66666667,0.5,0.42857143,0.5*,0.66666667,0.6,1,0.25,0.66666667,,,,,,,,,,,,,0.54,0.54204,349.0,4.0,-2.0,0.6,5.0,-3.0,0.056,0.2125,0.24943,0.31602,0.572368,5.0,0.4545,6.0,0.11111,1.0,0.88889,324.0,3.54545,0.54866,11.0
3.0,Kristi & Jen,TARUS30,0.09090909,0.3,0.33333333,0.33333333,0.25,0.14285714,0.83333333*,0.33333333,0.4,0.75,0.75,1,,,,,,,,,,,,,0.43,0.4258,128.0,1.0,2.0,0.33333,1.0,2.0,0.3442,0.5436,0.27055,0.3,0.572368,8.0,0.7273,3.0,0.09091,1.0,0.90909,325.0,2.36364,0.66832,11.0
4.0,Alex & Conor,TARUS30,0.45454545,0.5,0.22222222,0.11111111,0.625,0.57142857,0.16666667*,0.5,0.2,0.25,1,,,,,,,,,,,,,,0.44,0.44343,150.0,2.0,2.0,0.47727,2.0,2.0,0.2908,0.4822,0.24934,0.3244,0.572368,7.0,0.7,3.0,0.11111,1.0,0.88889,326.0,3.1,0.65592,10.0
5.0,Lucas & Brittany,TARUS30,0.63636364,0.6,0.88888889,0.88888889,0.125,0.71428571,0.16666667*,0.16666667,1,,,,,,,,,,,,,,,,0.63,0.62751,516.0,6.0,-1.0,0.67532,7.0,-2.0,-0.0879,0.0474,0.30591,0.39722,0.572368,2.0,0.25,6.0,0.125,1.0,0.875,327.0,5.125,0.42846,8.0
6.0,Eric & Daniel,TARUS30,0.72727273,0.9,0.77777778,0.77777778,0.375,0.28571429,0.5*,1.0,,,,,,,,,,,,,,,,,0.69,0.69193,636.0,8.0,-2.0,0.77777,8.0,-2.0,-0.1728,-0.0501,0.24485,0.28775,0.572368,2.0,0.2857,5.0,0.28571,1.0,0.71429,328.0,6.0,0.35124,7.0
7.0,Trevor & Chris,TARUS30,0.36363636,0.4,0.44444444,0.55555556,0.875,1,,,,,,,,,,,,,,,,,,,0.61,0.60644,476.0,5.0,2.0,0.5,3.0,4.0,-0.0562,0.0838,0.24407,0.38403,0.572368,3.0,0.5,3.0,0.36364,1.0,0.63636,329.0,5.16667,0.4391,6.0
8.0,Joey & Tim,TARUS30,0.54545455,0.7,0.66666667,0.44444444,1.0,,,,,,,,,,,,,,,,,,,,0.67,0.67131,604.0,7.0,1.0,0.66666,6.0,2.0,-0.1474,-0.021,0.18772,0.15455,0.572368,1.0,0.2,4.0,0.44444,1.0,0.55556,330.0,6.2,0.36666,5.0
9.0,Cedric & Shawn,TARUS30,0.81818182,0.2,1,1.0,,,,,,,,,,,,,,,,,,,,,0.75,0.75455,747.0,9.0,0.0,0.90909,9.0,0.0,-0.2414,-0.129,0.32866,0.33636,0.572368,1.0,0.25,3.0,0.2,1.0,0.8,331.0,7.25,0.27223,4.0
10.0,April & Sarah,TARUS30,0.90909091,1.0,,,,,,,,,,,,,,,,,,,,,,,0.95,0.95455,915.0,10.0,0.0,0.95454,10.0,0.0,-0.4004,-0.3115,0.04545,0.04545,0.572368,0.0,0.0,2.0,0.90909,1.0,0.09091,332.0,10.0,0.05,2.0
11.0,Dessie & Kayla,TARUS30,1.0,,,,,,,,,,,,,,,,,,,,,,,,1.0,1.0,932.0,11.0,0.0,1.0,11.0,0.0,-0.4276,-0.3428,0.0,0.0,0.572368,0.0,0.0,1.0,1.0,1.0,0.0,333.0,11.0,0.0,1.0
1.0,Colin & Christie,TARUS31,0.18181818,0.4,0.33333333,0.11111111,0.375,0.25,0.28571429,0.42857143,0.66666667,0.2,0.75,0.33333333,,,,,,,,,,,,,0.36,0.35963,48.0,1.0,0.0,0.33333,1.0,0.0,0.5821,0.8294,0.18051,0.16964,0.568966,10.0,0.8333,2.0,0.11111,0.75,0.63889,334.0,2.41667,0.76012,12.0
2.0,Tyler & Korey,TARUS31,0.27272727,0.7,0.44444444,0.55555556,0.5,0.125,0.14285714,0.14285714,0.16666667,0.4,0.5,0.66666667,,,,,,,,,,,,,0.38,0.38473,74.0,2.0,0.0,0.42222,2.0,0.0,0.4789,0.71,0.20062,0.35317,0.568966,9.0,0.75,3.0,0.125,0.7,0.575,335.0,2.75,0.72887,12.0
3.0,Leo & Jamal,TARUS31,0.09090909,0.1,0.88888889,0.66666667,0.875,0.75,0.57142857,0.85714286,0.83333333,0.6,0.25,1,,,,,,,,,,,,,0.62,0.62361,506.0,5.0,-2.0,0.70833,6.0,-3.0,-0.0876,0.055,0.30172,0.37054,0.568966,3.0,0.25,9.0,0.09091,1.0,0.90909,336.0,4.25,0.44128,12.0
4.0,Nicole & Victor,TARUS31,0.54545455,0.2,0.22222222,0.22222222,0.625,0.375,1,0.71428571,0.33333333,0.8,1,,,,,,,,,,,,,,0.55,0.54887,361.0,4.0,0.0,0.54545,4.0,0.0,0.0366,0.1986,0.28842,0.47937,0.568966,5.0,0.4545,6.0,0.2,1.0,0.8,337.0,3.81818,0.51501,11.0
5.0,Becca & Floyd,TARUS31,0.45454545,0.9,0.11111111,0.44444444,0.125,0.625,0.42857143,0.57142857,0.5,1,,,,,,,,,,,,,,,0.52,0.51601,290.0,3.0,2.0,0.47727,3.0,2.0,0.1026,0.275,0.27024,0.17907,0.568966,6.0,0.6,4.0,0.11111,1.0,0.88889,338.0,4.0,0.55314,10.0
6.0,Chris & Bret,TARUS31,0.63636364,0.8,1,0.33333333,0.25,0.5,0.85714286,0.28571429,1,,,,,,,,,,,,,,,,0.63,0.62917,519.0,6.0,0.0,0.63636,5.0,1.0,-0.0957,0.0457,0.28327,0.52381,0.568966,4.0,0.4444,5.0,0.25,1.0,0.75,339.0,5.22222,0.4223,9.0
7.0,Rachel & Elissa,TARUS31,0.36363636,0.3,0.77777778,0.88888889,1.0,0.875,0.71428571,1.0,,,,,,,,,,,,,,,,,0.74,0.73995,727.0,8.0,-1.0,0.82638,9.0,-2.0,-0.2311,-0.1109,0.25321,0.29004,0.568966,2.0,0.25,6.0,0.3,1.0,0.7,340.0,6.125,0.29113,8.0
8.0,Janelle & Britney,TARUS31,0.72727273,0.5,0.66666667,0.77777778,0.75,1,,,,,,,,,,,,,,,,,,,0.74,0.73695,720.0,7.0,1.0,0.73863,8.0,0.0,-0.2279,-0.1073,0.14844,0.08902,0.568966,1.0,0.1667,5.0,0.5,1.0,0.5,341.0,6.66667,0.29438,6.0
9.0,Corinne & Eliza,TARUS31,0.81818182,0.6,0.55555556,1.0,,,,,,,,,,,,,,,,,,,,,0.74,0.74343,733.0,9.0,0.0,0.70909,7.0,2.0,-0.2347,-0.115,0.17839,0.27475,0.568966,0.0,0.0,4.0,0.55556,1.0,0.44444,342.0,7.25,0.2861,4.0
10.0,Rupert & Laura,TARUS31,0.90909091,1.0,,,,,,,,,,,,,,,,,,,,,,,0.95,0.95455,915.0,10.0,0.0,0.95454,10.0,0.0,-0.4039,-0.3108,0.04545,0.04545,0.568966,0.0,0.0,2.0,0.90909,1.0,0.09091,343.0,10.0,0.05,2.0
11.0,Art & JJ,TARUS31,1.0,,,,,,,,,,,,,,,,,,,,,,,,1.0,1.0,932.0,11.0,0.0,1.0,11.0,0.0,-0.431,-0.3421,0.0,0.0,0.568966,0.0,0.0,1.0,1.0,1.0,0.0,344.0,11.0,0.0,1.0
1.0,Will & James,TARUS32,0.36363636,0.6,0.11111111,0.125,0.5,0.57142857,0.14285714,0.5,0.33333333,0.4,0.5,0.33333333,,,,,,,,,,,,,0.37,0.37339,63.0,2.0,-1.0,0.38181,2.0,-1.0,0.5304,0.7626,0.1649,0.21429,0.571429,10.0,0.8333,2.0,0.11111,0.6,0.48889,345.0,2.58333,0.75271,12.0
2.0,Hung & Chee,TARUS32,0.09090909,0.1,0.22222222,0.75,0.25,0.42857143,0.42857143,0.66666667,0.66666667,0.6,0.75,0.66666667,,,,,,,,,,,,,0.47,0.46836,190.0,3.0,-1.0,0.51428,4.0,-2.0,0.2201,0.4052,0.23867,0.42361,0.571429,6.0,0.5,6.0,0.09091,0.75,0.65909,346.0,2.83333,0.62371,12.0
3.0,Riley & Maddison,TARUS32,0.27272727,0.3,0.44444444,0.5,0.125,0.28571429,0.28571429,0.16666667,0.16666667,0.2,0.25,1,,,,,,,,,,,,,0.33,0.33308,33.0,1.0,2.0,0.27922,1.0,2.0,0.7156,0.9759,0.22686,0.14444,0.571429,11.0,0.9167,1.0,0.125,1.0,0.875,347.0,2.16667,0.78673,12.0
4.0,Gary & DeAngelo,TARUS32,0.90909091,0.2,0.55555556,0.875,0.625,0.14285714,0.57142857,0.33333333,0.5,0.8,1,,,,,,,,,,,,,,0.59,0.59202,447.0,5.0,-1.0,0.57142,5.0,-1.0,-0.0348,0.1117,0.27369,0.42083,0.571429,4.0,0.3636,7.0,0.14286,1.0,0.85714,348.0,4.27273,0.47367,11.0
5.0,Eswar & Aparna,TARUS32,0.63636364,0.4,0.66666667,0.625,0.75,0.71428571,0.85714286,0.83333333,0.83333333,1,,,,,,,,,,,,,,,0.73,0.73161,712.0,7.0,-2.0,0.73214,7.0,-2.0,-0.2189,-0.1004,0.15612,0.18939,0.571429,1.0,0.1,9.0,0.4,1.0,0.6,349.0,5.4,0.3056,10.0
6.0,Kaylynn & Haley,TARUS32,0.72727273,0.8,0.33333333,1.0,0.875,1,0.71428571,1.0,1,,,,,,,,,,,,,,,,0.83,0.82777,835.0,9.0,-3.0,0.875,8.0,-2.0,-0.3097,-0.2049,0.20793,0.27273,0.571429,1.0,0.1111,8.0,0.33333,1.0,0.66667,350.0,6.44444,0.19427,9.0
7.0,Leo & Alana,TARUS32,0.54545455,0.7,0.88888889,0.375,0.375,0.85714286,1,,,,,,,,,,,,,,,,,,0.68,0.67736,611.0,6.0,1.0,0.7,6.0,1.0,-0.1564,-0.0284,0.23358,0.41279,0.571429,2.0,0.2857,5.0,0.375,1.0,0.625,351.0,5.71429,0.3648,7.0
8.0,Michelle & Victoria,TARUS32,0.18181818,0.5,0.77777778,0.25,1.0,,,,,,,,,,,,,,,,,,,,0.54,0.54192,348.0,4.0,4.0,0.5,3.0,5.0,0.0545,0.2144,0.31052,0.52778,0.571429,3.0,0.6,2.0,0.18182,1.0,0.81818,352.0,4.8,0.51254,5.0
9.0,Jerry & Frank,TARUS32,0.45454545,0.9,1,,,,,,,,,,,,,,,,,,,,,,0.78,0.78485,791.0,8.0,1.0,0.9,9.0,0.0,-0.2719,-0.1615,0.2371,0.27273,0.571429,1.0,0.3333,2.0,0.45455,1.0,0.54545,353.0,7.66667,0.23703,3.0
10.0,Kellie & LaVonne,TARUS32,0.81818182,1.0,,,,,,,,,,,,,,,,,,,,,,,0.91,0.90909,890.0,10.0,0.0,0.90909,10.0,0.0,-0.3714,-0.2761,0.09091,0.09091,0.571429,0.0,0.0,2.0,0.81818,1.0,0.18182,354.0,9.5,0.1,2.0
11.0,Nathan & Cody,TARUS32,1.0,,,,,,,,,,,,,,,,,,,,,,,,1.0,1.0,932.0,11.0,0.0,1.0,11.0,0.0,-0.4286,-0.3419,0.0,0.0,0.571429,0.0,0.0,1.0,1.0,1.0,0.0,355.0,11.0,0.0,1.0
1.0,Kim & Penn,TARUS33,0.36363636,0.5,0.1,0.28571429,0.5,0.16666667,0.2,0.2,0.5,0.5,0.33333333,,,,,,,,,,,,,,0.33,0.33176,32.0,1.0,0.0,0.33333,2.0,-1.0,0.7406,0.9838,0.14524,0.3,0.577465,11.0,1.0,0.0,0.1,0.5,0.4,356.0,2.09091,0.8202,11.0
2.0,Raquel & Cayla,TARUS33,0.27272727,0.4,0.6,0.42857143,0.66666667,0.33333333,0.4,0.4,0.25,0.25,0.66666667,,,,,,,,,,,,,,0.42,0.42436,125.0,3.0,-1.0,0.4,3.0,-1.0,0.3608,0.5509,0.14837,0.21126,0.577465,8.0,0.7273,3.0,0.25,0.66667,0.41667,357.0,2.72727,0.70707,11.0
3.0,Ryan & Dusty,TARUS33,0.18181818,0.1,0.2,0.14285714,0.16666667,0.5,0.6,0.6,1,0.75,1,,,,,,,,,,,,,,0.48,0.47649,206.0,5.0,-2.0,0.5,5.0,-2.0,0.2119,0.3812,0.32562,0.50076,0.577465,6.0,0.5455,5.0,0.1,1.0,0.9,358.0,2.36364,0.61111,11.0
4.0,Arun & Natalia,TARUS33,0.81818182,0.3,1,0.85714286,1.0,0.66666667,1,0.8,0.75,1,,,,,,,,,,,,,,,0.82,0.8192,831.0,10.0,-6.0,0.83766,10.0,-6.0,-0.2951,-0.1966,0.20741,0.2375,0.577465,1.0,0.1,9.0,0.3,1.0,0.7,359.0,5.4,0.21278,10.0
5.0,Lulu & Lala,TARUS33,0.90909091,1.0,0.7,0.57142857,0.33333333,0.83333333,0.8,1.0,,,,,,,,,,,,,,,,,0.77,0.7684,769.0,7.0,-2.0,0.81666,8.0,-3.0,-0.2485,-0.1435,0.21361,0.26396,0.577465,1.0,0.125,7.0,0.33333,1.0,0.66667,360.0,5.875,0.27292,8.0
6.0,Akbar & Sheri,TARUS33,0.54545455,0.8,0.9,0.71428571,0.83333333,1,,,,,,,,,,,,,,,,,,,0.8,0.79885,804.0,8.0,-2.0,0.81666,8.0,-2.0,-0.2771,-0.1762,0.14332,0.14762,0.577465,0.0,0.0,6.0,0.54545,1.0,0.45455,361.0,6.5,0.22778,6.0
7.0,Michael & Moe,TARUS33,1.0,,,1.0,,,,,,,,,,,,,,,,,,,,,1.0,1.0,932.0,11.0,-4.0,1.0,11.0,-4.0,-0.4225,-0.3419,0.0,0.0,0.577465,0.0,0.0,2.0,1.0,1.0,0.0,362.0,9.0,0.0,2.0
8.0,Anthony & Spencer,TARUS33,0.09090909,0.7,0.3,,,,,,,,,,,,,,,,,,,,,,0.36,0.36364,51.0,2.0,6.0,0.3,1.0,7.0,0.588,0.8098,0.2527,0.30455,0.577465,2.0,0.6667,1.0,0.09091,0.7,0.60909,363.0,3.66667,0.7037,3.0
9.0,Connie & Sam,TARUS33,0.63636364,0.2,0.4,,,,,,,,,,,,,,,,,,,,,,0.41,0.41212,108.0,4.0,5.0,0.4,3.0,6.0,0.4012,0.5969,0.17835,0.21818,0.577465,2.0,0.6667,1.0,0.2,0.63636,0.43636,364.0,4.33333,0.65185,3.0
10.0,Caro & Ray,TARUS33,0.45454545,0.6,0.5,,,,,,,,,,,,,,,,,,,,,,0.52,0.51818,297.0,6.0,4.0,0.5,5.0,5.0,0.1144,0.2701,0.06076,0.07273,0.577465,2.0,0.6667,1.0,0.45455,0.6,0.14545,365.0,5.33333,0.53333,3.0
11.0,Taylor & Isaiah,TARUS33,0.72727273,0.9,0.8,,,,,,,,,,,,,,,,,,,,,,0.81,0.80909,816.0,9.0,2.0,0.8,7.0,4.0,-0.2863,-0.1866,0.07081,0.08636,0.577465,0.0,0.0,3.0,0.72727,0.9,0.17273,366.0,8.33333,0.21111,3.0
1.0,Derek & Claire,TARUS34,0.08333333,0.36363636,0.6,0.7,0.22222222,0.5,0.42857143,0.16666667,0.2,0.6,0.25,0.33333333,,,,,,,,,,,,,0.37,0.37065,58.0,1.0,0.0,0.34848,1.0,0.0,0.5288,0.7756,0.18821,0.30833,0.566667,9.0,0.75,3.0,0.08333,0.7,0.61667,367.0,2.83333,0.75757,12.0
2.0,Emily & Molly,TARUS34,0.41666667,0.63636364,0.2,0.1,0.55555556,0.75,0.28571429,0.5,0.8,0.8,0.75,0.66666667,,,,,,,,,,,,,0.54,0.53841,339.0,4.0,-2.0,0.59595,5.0,-3.0,0.0525,0.2224,0.23087,0.36607,0.566667,5.0,0.4167,7.0,0.1,0.8,0.7,368.0,3.66667,0.5398,12.0
3.0,Luis & Michelle,TARUS34,0.83333333,0.45454545,0.4,0.4,0.11111111,0.125,0.57142857,0.33333333,0.6,0.2,0.5,1,,,,,,,,,,,,,0.46,0.46073,179.0,2.0,1.0,0.42727,3.0,0.0,0.2299,0.4285,0.25648,0.27857,0.566667,8.0,0.6667,4.0,0.11111,1.0,0.88889,369.0,3.33333,0.63182,12.0
4.0,Aubrey & David,TARUS34,0.91666667,0.72727273,0.3,0.6,0.88888889,0.25,0.85714286,0.83333333,0.4,0.4,1,,,,,,,,,,,,,,0.65,0.65212,567.0,8.0,-4.0,0.72727,8.0,-4.0,-0.131,0.0092,0.25992,0.47302,0.566667,4.0,0.3636,7.0,0.25,1.0,0.75,370.0,5.18182,0.40563,11.0
5.0,Marcus & Michael,TARUS34,0.5,0.09090909,0.1,0.2,0.33333333,0.625,0.14285714,0.66666667,1,1,,,,,,,,,,,,,,,0.47,0.46588,186.0,3.0,2.0,0.41666,2.0,3.0,0.2163,0.4127,0.33233,0.49911,0.566667,6.0,0.6,4.0,0.09091,1.0,0.90909,371.0,3.3,0.60129,10.0
6.0,Quinton & Mattie,TARUS34,0.25,0.90909091,0.8,0.5,0.66666667,0.375,0.71428571,1.0,,,,,,,,,,,,,,,,,0.65,0.65188,566.0,7.0,-1.0,0.69047,7.0,-1.0,-0.1307,0.0096,0.24358,0.35852,0.566667,3.0,0.375,5.0,0.25,1.0,0.75,372.0,5.75,0.38982,8.0
7.0,Glenda & Lumumba,TARUS34,0.16666667,0.18181818,1,0.8,0.77777778,0.875,1,,,,,,,,,,,,,,,,,,0.69,0.68589,628.0,9.0,-2.0,0.8,10.0,-3.0,-0.1738,-0.0405,0.33343,0.4577,0.566667,2.0,0.2857,5.0,0.16667,1.0,0.83333,373.0,6.14286,0.34631,7.0
8.0,Abby & Will,TARUS34,0.66666667,0.54545455,0.7,0.3,0.44444444,1,,,,,,,,,,,,,,,,,,,0.61,0.60943,479.0,6.0,2.0,0.60606,6.0,2.0,-0.0702,0.0799,0.22026,0.22197,0.566667,2.0,0.3333,4.0,0.3,1.0,0.7,374.0,6.0,0.43329,6.0
9.0,Linton & Sharik,TARUS34,0.33333333,0.27272727,0.5,0.9,1.0,,,,,,,,,,,,,,,,,,,,0.6,0.60121,463.0,5.0,4.0,0.5,4.0,5.0,-0.0575,0.0947,0.29604,0.56667,0.566667,3.0,0.6,2.0,0.27273,1.0,0.72727,375.0,6.0,0.43879,5.0
10.0,Rich & Dom,TARUS34,0.75,0.81818182,0.9,1.0,,,,,,,,,,,,,,,,,,,,,0.87,0.86705,867.0,11.0,-1.0,0.85909,11.0,-1.0,-0.3464,-0.241,0.09334,0.12386,0.566667,0.0,0.0,4.0,0.75,1.0,0.25,376.0,9.25,0.14596,4.0
11.0,Tim & Rex,TARUS34,0.58333333,1.0,,,,,,,,,,,,,,,,,,,,,,,0.79,0.79167,799.0,10.0,1.0,0.79166,9.0,2.0,-0.2842,-0.1687,0.20833,0.20833,0.566667,0.0,0.0,2.0,0.58333,1.0,0.41667,377.0,9.0,0.22727,2.0
12.0,Aastha & Nina,TARUS34,1.0,,,,,,,,,,,,,,,,,,,,,,,,1.0,1.0,932.0,12.0,0.0,1.0,12.0,0.0,-0.4333,-0.3419,0.0,0.0,0.566667,0.0,0.0,1.0,1.0,1.0,0.0,378.0,12.0,0.0,1.0
1.0,Greg & John,TARUS35,0.23076923,0.25,0.72727273,0.72727273,0.2,0.11111111,0.125,0.14285714,0.16666667,0.4,0.5,0.33333333,,,,,,,,,,,,,0.33,0.32619,27.0,1.0,0.0,0.24038,1.0,0.0,0.7186,1.0176,0.21096,0.26429,0.560606,10.0,0.8333,2.0,0.11111,0.72727,0.61616,379.0,2.75,0.79642,12.0
2.0,Joel & Garrett,TARUS35,0.53846154,0.75,0.18181818,0.81818182,0.3,0.33333333,0.875,0.57142857,0.33333333,0.2,0.75,0.66666667,,,,,,,,,,,,,0.53,0.52652,315.0,5.0,-3.0,0.55494,6.0,-4.0,0.0647,0.25,0.23797,0.425,0.560606,5.0,0.4167,7.0,0.18182,0.875,0.69318,380.0,4.33333,0.55639,12.0
3.0,Rob & Corey,TARUS35,0.15384615,0.16666667,0.27272727,0.45454545,0.6,0.22222222,0.5,0.42857143,0.66666667,0.6,0.25,1,,,,,,,,,,,,,0.44,0.44294,149.0,2.0,1.0,0.44155,3.0,0.0,0.2656,0.4858,0.23946,0.35694,0.560606,8.0,0.6667,4.0,0.15385,1.0,0.84615,381.0,3.16667,0.64027,12.0
4.0,Steve & Anna Leigh,TARUS35,0.46153846,0.5,0.09090909,0.18181818,0.1,0.77777778,0.625,0.85714286,0.5,0.8,1,,,,,,,,,,,,,,0.54,0.53584,335.0,6.0,-2.0,0.5,5.0,-1.0,0.0462,0.2282,0.29791,0.46721,0.560606,6.0,0.5455,5.0,0.09091,1.0,0.90909,382.0,4.09091,0.52037,11.0
5.0,Todd & Ashlie,TARUS35,0.38461538,0.41666667,0.36363636,0.27272727,0.5,0.55555556,0.375,0.28571429,0.83333333,1,,,,,,,,,,,,,,,0.5,0.49872,261.0,3.0,2.0,0.40064,2.0,3.0,0.1241,0.3196,0.22721,0.17519,0.560606,7.0,0.7,3.0,0.27273,1.0,0.72727,383.0,4.2,0.56062,10.0
6.0,Robbin & Chelsea,TARUS35,0.84615385,0.91666667,0.45454545,0.09090909,0.7,0.88888889,0.25,0.71428571,1,,,,,,,,,,,,,,,,0.65,0.65127,565.0,8.0,-2.0,0.71428,9.0,-3.0,-0.1392,0.0105,0.29936,0.43434,0.560606,3.0,0.3333,6.0,0.09091,1.0,0.90909,384.0,6.22222,0.3896,9.0
7.0,Morgan & Lena,TARUS35,0.30769231,0.33333333,0.54545455,0.90909091,0.9,0.44444444,0.75,1.0,,,,,,,,,,,,,,,,,0.65,0.64875,560.0,7.0,0.0,0.64772,8.0,-1.0,-0.1359,0.0145,0.25806,0.48561,0.560606,3.0,0.375,5.0,0.30769,1.0,0.69231,385.0,6.25,0.38739,8.0
8.0,Andrea & Malaina,TARUS35,0.76923077,0.83333333,0.81818182,0.63636364,0.4,0.66666667,1,,,,,,,,,,,,,,,,,,0.73,0.73197,713.0,10.0,-2.0,0.76923,11.0,-3.0,-0.2341,-0.1009,0.17507,0.17424,0.560606,1.0,0.1429,6.0,0.4,1.0,0.6,386.0,7.71429,0.29621,7.0
9.0,Liam & Yeremi,TARUS35,0.61538462,0.66666667,1,0.54545455,0.8,1,,,,,,,,,,,,,,,,,,,0.77,0.77125,773.0,11.0,-2.0,0.73333,10.0,-1.0,-0.2731,-0.1467,0.17874,0.32179,0.560606,0.0,0.0,6.0,0.54545,1.0,0.45455,387.0,8.33333,0.25042,6.0
10.0,Joe & Ian,TARUS35,0.69230769,0.58333333,0.63636364,0.36363636,1.0,,,,,,,,,,,,,,,,,,,,0.66,0.65513,575.0,9.0,1.0,0.63636,7.0,3.0,-0.1443,0.0046,0.20533,0.10897,0.560606,1.0,0.2,4.0,0.36364,1.0,0.63636,388.0,7.4,0.37758,5.0
11.0,Jocelyn & Victor,TARUS35,0.07692308,0.08333333,0.90909091,1.0,,,,,,,,,,,,,,,,,,,,,0.52,0.51734,295.0,4.0,7.0,0.49621,4.0,7.0,0.0836,0.2721,0.43839,0.85009,0.560606,2.0,0.5,2.0,0.07692,1.0,0.92308,389.0,5.75,0.525,4.0
12.0,Elizabeth & Iliana,TARUS35,0.92307692,1.0,,,,,,,,,,,,,,,,,,,,,,,0.96,0.96154,929.0,12.0,0.0,0.96153,12.0,0.0,-0.417,-0.3155,0.03846,0.03846,0.560606,0.0,0.0,2.0,0.92308,1.0,0.07692,390.0,12.0,0.04167,2.0
13.0,Alexandra & Sheridan,TARUS35,1.0,,,,,,,,,,,,,,,,,,,,,,,,1.0,1.0,932.0,13.0,0.0,1.0,13.0,0.0,-0.4394,-0.3419,0.0,0.0,0.560606,0.0,0.0,1.0,1.0,1.0,0.0,391.0,13.0,0.0,1.0
1.0,Ricky & Cesar,TARUS36,0.1538461538,0.1666666667,0.09090909091,0.1,0.1111111111,0.25,0.25,0.1428571429,0.1666666667,0.2,0.75,0.3333333333,,,,,,,,,,,,,0.23,0.22628,5.0,1.0,0.0,0.16666,1.0,0.0,1.4775,1.9085,0.17185,0.11508,0.560606,11.0,0.9167,1.0,0.09091,0.75,0.65909,,1.5,0.93579,12.0
2.0,Juan & Shane,TARUS36,0.3076923077,0.3333333333,0.3636363636,0.5,0.2222222222,0.125,0.125,0.8571428571,0.3333333333,0.6,0.5,0.6666666667,,,,,,,,,,,,,0.41,0.41117,105.0,2.0,0.0,0.34848,2.0,0.0,0.3634,0.6006,0.21217,0.23868,0.560606,9.0,0.75,3.0,0.125,0.85714,0.73214,,3.0,0.77418,12.0
3.0,Rod & Leticia,TARUS36,0.07692307692,0.08333333333,0.4545454545,0.4,0.5555555556,0.625,0.375,0.4285714286,0.8333333333,0.4,0.25,1,,,,,,,,,,,,,0.46,0.45686,174.0,3.0,0.0,0.41428,3.0,0.0,0.2271,0.4406,0.26067,0.22917,0.560606,8.0,0.6667,4.0,0.07692,1.0,0.92308,,3.16667,0.7366,12.0
4.0,Amber & Vinny,TARUS36,0.9230769231,0.5833333333,0.1818181818,0.2,0.3333333333,0.375,0.5,0.5714285714,0.5,0.8,1,,,,,,,,,,,,,,0.54,0.54254,351.0,4.0,0.0,0.5,4.0,0.0,0.0333,0.2131,0.26038,0.3375,0.560606,6.0,0.5455,5.0,0.18182,1.0,0.81818,,4.36364,0.64202,11.0
5.0,Yvonne & Melissa,TARUS36,0.4615384615,0.4166666667,0.5454545455,0.7,0.6666666667,0.75,0.75,0.7142857143,0.6666666667,1,,,,,,,,,,,,,,,0.67,0.66713,599.0,7.0,-2.0,0.68333,8.0,-3.0,-0.1597,-0.0135,0.15737,0.16531,0.560606,2.0,0.2,8.0,0.41667,1.0,0.58333,,5.6,0.51667,10.0
6.0,Angie & Danny,TARUS36,0.5384615385,0.5,0.8181818182,0.3,0.4444444444,0.5,0.625,0.2857142857,1,,,,,,,,,,,,,,,,0.56,0.55687,371.0,5.0,1.0,0.5,4.0,2.0,0.0067,0.1818,0.21813,0.18056,0.560606,5.0,0.5556,4.0,0.28571,1.0,0.71429,,5.11111,0.60236,9.0
7.0,Sunny & Bizzy,TARUS36,0.6923076923,0.75,0.6363636364,0.8,0.7777777778,0.875,0.875,1.0,,,,,,,,,,,,,,,,,0.8,0.80081,808.0,9.0,-2.0,0.78888,9.0,-2.0,-0.3,-0.1782,0.10759,0.13942,0.560606,0.0,0.0,8.0,0.63636,1.0,0.36364,,7.625,0.37419,8.0
8.0,Derek & Shelisa,TARUS36,0.2307692308,0.25,0.2727272727,0.6,0.8888888889,1,1,,,,,,,,,,,,,,,,,,0.61,0.60606,475.0,6.0,2.0,0.6,6.0,2.0,-0.075,0.0859,0.33148,0.68308,0.560606,3.0,0.4286,4.0,0.23077,1.0,0.76923,,5.57143,0.54665,7.0
9.0,Kishori & Karishma,TARUS36,0.7692307692,0.8333333333,0.7272727273,0.9,1.0,,,,,,,,,,,,,,,,,,,,0.85,0.84597,849.0,11.0,-2.0,0.83333,10.0,-1.0,-0.3373,-0.222,0.09673,0.13077,0.560606,0.0,0.0,5.0,0.72727,1.0,0.27273,,9.2,0.31085,5.0
10.0,Michelle & Sean,TARUS36,0.3846153846,0.9166666667,0.9090909091,1.0,,,,,,,,,,,,,,,,,,,,,0.8,0.80259,809.0,10.0,0.0,0.91287,11.0,-1.0,-0.3015,-0.18,0.24394,0.15953,0.560606,1.0,0.25,3.0,0.38462,1.0,0.61538,,9.0,0.34422,4.0
11.0,Anthony & Bailey,TARUS36,0.6153846154,0.6666666667,1,,,,,,,,,,,,,,,,,,,,,,0.76,0.76068,759.0,8.0,3.0,0.66666,7.0,4.0,-0.263,-0.1348,0.17051,0.19231,0.560606,0.0,0.0,3.0,0.61538,1.0,0.38462,,9.0,0.37607,3.0
12.0,Chris & Mary,TARUS36,0.8461538462,1.0,,,,,,,,,,,,,,,,,,,,,,,0.92,0.92308,904.0,12.0,0.0,0.92307,12.0,0.0,-0.3927,-0.287,0.07692,0.07692,0.560606,0.0,0.0,2.0,0.84615,1.0,0.15385,,11.5,0.21978,2.0
13.0,Maya & Rohan,TARUS36,1.0,,,,,,,,,,,,,,,,,,,,,,,,1.0,1.0,932.0,13.0,0.0,1.0,13.0,0.0,-0.4394,-0.3419,0.0,0.0,0.560606,0.0,0.0,1.0,1.0,1.0,0.0,,13.0,0.14286,1.0
1.0,Carson & Jack,TARUS37,0.07142857,0.33333333,0.18181818,0.2,0.22222222,0.125,0.85714286,0.66666667,0.8,0.2,0.25,0.33333333,,,,,,,,,,,,,,,,,,,,,,,,,,,,,,,,,,,
2.0,Han & Holden,TARUS37,0.85714286,0.91666667,0.81818182,0.6,0.55555556,0.25,0.57142857,0.83333333,1,0.8,0.5,0.66666667,,,,,,,,,,,,,,,,,,,,,,,,,,,,,,,,,,,
3.0,Jonathan & Ana,TARUS37,0.64285714,0.08333333,0.27272727,0.1,0.88888889,0.625,0.42857143,0.5,0.2,0.6,0.75,1,,,,,,,,,,,,,,,,,,,,,,,,,,,,,,,,,,,
4.0,Alyssa & Josiah,TARUS37,0.35714286,0.25,0.63636364,0.5,0.33333333,0.375,0.14285714,0.33333333,0.6,0.4,1,,,,,,,,,,,,,,,,,,,,,,,,,,,,,,,,,,,,
5.0,Brett & Mark,TARUS37,0.14285714,0.75,0.45454545,0.7,0.11111111,0.5,0.28571429,0.16666667,0.4,1,,,,,,,,,,,,,,,,,,,,,,,,,,,,,,,,,,,,,
6.0,Melinda & Erika,TARUS37,0.92857143,0.41666667,0.36363636,0.4,0.66666667,0.75,0.71428571,1.0,,,,,,,,,,,,,,,,,,,,,,,,,,,,,,,,,,,,,,,
7.0,Nick & Mike,TARUS37,0.42857143,0.83333333,0.72727273,0.8,0.77777778,0.875,1,,,,,,,,,,,,,,,,,,,,,,,,,,,,,,,,,,,,,,,,
8.0,Pops & Jeff,TARUS37,0.78571429,0.58333333,0.54545455,0.9,0.44444444,1,,,,,,,,,,,,,,,,,,,,,,,,,,,,,,,,,,,,,,,,,
9.0,Scott & Lori,TARUS37,0.71428571,0.16666667,0.09090909,0.3,1.0,,,,,,,,,,,,,,,,,,,,,,,,,,,,,,,,,,,,,,,,,,
10.0,Bernie & Carrigain,TARUS37,0.28571429,0.66666667,0.90909091,1.0,,,,,,,,,,,,,,,,,,,,,,,,,,,,,,,,,,,,,,,,,,,
11.0,Courtney & Jasmin,TARUS37,0.5,0.5,1,,,,,,,,,,,,,,,,,,,,,,,,,,,,,,,,,,,,,,,,,,,,
12.0,Ernest & Bridget,TARUS37,0.21428571,1.0,,,,,,,,,,,,,,,,,,,,,,,,,,,,,,,,,,,,,,,,,,,,,
13.0,Mark & Larry,TARUS37,0.57142857,,,,,,,,,,,,,,,,,,,,,,,,,,,,,,,,,,,,,,,,,,,,,,
14.0,Jackye & Lauren,TARUS37,1.0,,,,,,,,,,,,,,,,,,,,,,,,,,,,,,,,,,,,,,,,,,,,,,
1.0,Jas & Jag,TARUS38,,,,,,,,,,,,,,,,,,,,,,,,,,,,,,,,,,,,,,,,,,,,,,,
2.0,Kyland & Taylor,TARUS38,,,,,,,,,,,,,,,,,,,,,,,,,,,,,,,,,,,,,,,,,,,,,,,
3.0,Joseph & Adam,TARUS38,,,,,,,,,,,,,,,,,,,,,,,,,,,,,,,,,,,,,,,,,,,,,,,
4.0,Izzy & Paige,TARUS38,,,,,,,,,,,,,,,,,,,,,,,,,,,,,,,,,,,,,,,,,,,,,,,
5.0,Jack & Chelsie,TARUS38,,,,,,,,,,,,,,,,,,,,,,,,,,,,,,,,,,,,,,,,,,,,,,,
6.0,Tucker & Eric,TARUS38,,,,,,,,,,,,,,,,,,,,,,,,,,,,,,,,,,,,,,,,,,,,,,,
7.0,Natalie & Stephanie,TARUS38,,,,,,,,,,,,,,,,,,,,,,,,,,,,,,,,,,,,,,,,,,,,,,,
8.0,Kristine & Rubina,TARUS38,,,,,,,,,,,,,,,,,,,,,,,,,,,,,,,,,,,,,,,,,,,,,,,
9.0,Hannah & Simone,TARUS38,,,,,,,,,,,,,,,,,,,,,,,,,,,,,,,,,,,,,,,,,,,,,,,
10.0,Kat & Alex,TARUS38,,,,,,,,,,,,,,,,,,,,,,,,,,,,,,,,,,,,,,,,,,,,,,,
11.0,Megan & Matt,TARUS38,,,,,,,,,,,,,,,,,,,,,,,,,,,,,,,,,,,,,,,,,,,,,,,
12.0,Angela & Lexi,TARUS38,,,,,,,,,,,,,,,,,,,,,,,,,,,,,,,,,,,,,,,,,,,,,,,
13.0,Jack & Enzo,TARUS38,,,,,,,,,,,,,,,,,,,,,,,,,,,,,,,,,,,,,,,,,,,,,,,
1.0,Joe Jer & Zabrina,TARAS1,0.3,0.4,0.55555556,0.75,0.375,0.42857143,1,0.83333333,0.8,0.8,0.75,0.5,0.33333333,,,,,,,,,,,,0.6,0.60198,464.0,8.0,-7.0,0.55555,4.0,-3.0,-0.0424,-0.0221,0.22057,0.4,0.576471,6.0,0.4615,7.0,0.3,1.0,0.7,392.0,3.76923,0.48548,13.0
2.0,Sandy & Francesca,TARAS1,1.0,0.9,0.22222222,0.375,0.625,0.14285714,0.66666667,0.5,1,0.2,0.25,0.75,0.66666667,,,,,,,,,,,,0.56,0.56142,382.0,3.0,-1.0,0.625,7.0,-5.0,0.0268,0.0485,0.29319,0.5,0.576471,6.0,0.4615,7.0,0.14286,1.0,0.85714,393.0,3.76923,0.53556,13.0
3.0,Andrew & Syeon,TARAS1,0.5,0.8,0.88888889,0.125,0.25,0.57142857,0.33333333,0.66666667,0.4,0.6,0.5,0.25,1.0,,,,,,,,,,,,0.53,0.52964,321.0,2.0,1.0,0.5,1.0,2.0,0.0884,0.1114,0.25208,0.33333,0.576471,7.0,0.5385,6.0,0.125,1.0,0.875,394.0,3.46154,0.56743,13.0
4.0,Marsio & Mardy,TARAS1,0.1,0.2,0.66666667,0.5,0.75,0.71428571,0.83333333,0.16666667,0.6,0.4,1,1,,,,,,,,,,,,,0.58,0.57758,411.0,4.0,0.0,0.63333,9.0,-5.0,-0.0019,0.0192,0.29668,0.42083,0.576471,5.0,0.4167,7.0,0.1,1.0,0.9,395.0,3.58333,0.49203,12.0
5.0,Andy & Laura,TARAS1,0.7,0.7,0.77777778,0.875,0.125,0.28571429,0.16666667,0.33333333,0.2,1,,,,,,,,,,,,,,,0.52,0.51635,291.0,1.0,4.0,0.51666,2.0,3.0,0.1164,0.14,0.30993,0.5369,0.576471,5.0,0.5,5.0,0.125,1.0,0.875,396.0,4.0,0.56928,10.0
6.0,Howard & Sahran,TARAS1,0.9,0.3,0.11111111,1.0,0.5,0.85714286,0.5,1.0,,,,,,,,,,,,,,,,,0.65,0.64603,553.0,9.0,-3.0,0.67857,10.0,-4.0,-0.1077,-0.0888,0.31784,0.475,0.576471,4.0,0.5,4.0,0.11111,1.0,0.88889,397.0,5.0,0.40338,8.0
7.0,Melody & Sharon,TARAS1,0.6,0.5,0.33333333,0.25,0.875,1,,,,,,,,,,,,,,,,,,,0.59,0.59306,452.0,5.0,2.0,0.55,3.0,4.0,-0.028,-0.0074,0.27048,0.43125,0.576471,3.0,0.5,3.0,0.25,1.0,0.75,398.0,5.0,0.45833,6.0
8.0,Sahil & Prashant,TARAS1,0.8,0.1,0.44444444,0.625,1.0,,,,,,,,,,,,,,,,,,,,0.59,0.59389,453.0,6.0,2.0,0.625,7.0,1.0,-0.0293,-0.0088,0.3081,0.35556,0.576471,2.0,0.4,3.0,0.1,1.0,0.9,399.0,5.2,0.45516,5.0
9.0,Jacqueline & Aubrey,TARAS1,0.4,0.6,1,,,,,,,,,,,,,,,,,,,,,,0.67,0.66667,597.0,10.0,-1.0,0.6,5.0,4.0,-0.1353,-0.117,0.24944,0.3,0.576471,1.0,0.3333,2.0,0.4,1.0,0.6,400.0,6.33333,0.37037,3.0
10.0,Ernie & Jeena,TARAS1,0.2,1.0,,,,,,,,,,,,,,,,,,,,,,,0.6,0.6,461.0,7.0,3.0,0.6,5.0,5.0,-0.0392,-0.0189,0.4,0.4,0.576471,1.0,0.5,1.0,0.2,1.0,0.8,401.0,6.0,0.44445,2.0
1.0,Adrian & Collin,TARAS2,0.7,0.5,0.22222222,0.25,0.42857143,0.28571429,0.33333333,0.33333333,0.33333333,0.2,0.2,0.5,0.33333333,,,,,,,,,,,,0.36,0.35537,44.0,2.0,-1.0,0.33333,2.0,-1.0,0.6197,0.8335,0.13864,0.17857,0.575581,12.0,0.9231,1.0,0.2,0.7,0.5,402.0,2.46154,0.78367,13.0
2.0,Pamela & Vanessa,TARAS2,0.1,0.4,0.77777778,0.75,1.0,0.57142857,0.5,0.83333333,0.66666667,0.6,0.6,0.75,0.66666667,,,,,,,,,,,,0.63,0.63199,523.0,4.0,-2.0,0.66666,5.0,-3.0,-0.0893,0.031,0.21258,0.17857,0.575581,3.0,0.2308,10.0,0.1,1.0,0.9,403.0,4.0,0.44121,13.0
3.0,Marc & Rovilson,TARAS2,0.2,0.1,0.11111111,0.125,0.28571429,0.14285714,0.16666667,0.16666667,0.16666667,0.4,0.4,0.25,1.0,,,,,,,,,,,,0.27,0.27036,8.0,1.0,2.0,0.16666,1.0,2.0,1.1289,1.41,0.23132,0.14286,0.575581,12.0,0.9231,1.0,0.1,1.0,0.9,404.0,1.46154,0.86325,13.0
4.0,Diane & Ann,TARAS2,0.3,0.3,0.33333333,0.5,0.14285714,0.85714286,0.66666667,0.5,0.5,0.8,0.8,1,,,,,,,,,,,,,0.56,0.55833,375.0,3.0,1.0,0.5,3.0,1.0,0.0309,0.167,0.25492,0.475,0.575581,7.0,0.5833,5.0,0.14286,1.0,0.85714,405.0,3.5,0.51198,12.0
5.0,Natasha & Paula,TARAS2,0.6,0.2,0.44444444,0.375,0.57142857,0.71428571,0.83333333,0.66666667,0.83333333,1,1,,,,,,,,,,,,,,0.66,0.65804,582.0,5.0,0.0,0.66666,5.0,0.0,-0.1253,-0.0098,0.24214,0.3254,0.575581,3.0,0.2727,8.0,0.2,1.0,0.8,406.0,4.36364,0.39145,11.0
6.0,Terri & Henry,TARAS2,0.9,0.9,0.55555556,0.875,0.85714286,0.42857143,1,1.0,1,,,,,,,,,,,,,,,,0.84,0.83514,843.0,9.0,-3.0,0.9,9.0,-3.0,-0.3108,-0.2198,0.19307,0.14286,0.575581,1.0,0.1111,8.0,0.42857,1.0,0.57143,407.0,6.33333,0.18872,9.0
7.0,Daichi & Sawaka,TARAS2,0.8,0.8,0.66666667,0.625,0.71428571,1,,,,,,,,,,,,,,,,,,,0.77,0.76766,766.0,7.0,0.0,0.75714,7.0,0.0,-0.2502,-0.1512,0.12212,0.12143,0.575581,0.0,0.0,6.0,0.625,1.0,0.375,408.0,6.5,0.26355,6.0
8.0,Sophie & Aurelia,TARAS2,0.5,0.7,0.88888889,1.0,,,,,,,,,,,,,,,,,,,,,0.77,0.77222,775.0,8.0,0.0,0.79444,8.0,0.0,-0.2546,-0.1562,0.19027,0.26667,0.575581,1.0,0.25,3.0,0.5,1.0,0.5,409.0,7.0,0.25348,4.0
9.0,Kinaryosih & Brett,TARAS2,0.4,0.6,1,,,,,,,,,,,,,,,,,,,,,,0.67,0.66667,597.0,6.0,3.0,0.6,4.0,5.0,-0.1366,-0.0226,0.24944,0.3,0.575581,1.0,0.3333,2.0,0.4,1.0,0.6,410.0,6.33333,0.37037,3.0
10.0,Edwin & Monica,TARAS2,1.0,1.0,,,,,,,,,,,,,,,,,,,,,,,1.0,1.0,932.0,10.0,0.0,1.0,10.0,0.0,-0.4244,-0.3484,0.0,0.0,0.575581,0.0,0.0,2.0,1.0,1.0,0.0,411.0,10.0,0.0,2.0
1.0,Vince & Sam,TARAS3,0.7,0.33333333,0.25,0.28571429,0.16666667,0.2,0.4,0.8,0.25,0.75,0.33333333,,,,,,,,,,,,,,0.41,0.40628,101.0,1.0,0.0,0.33333,1.0,0.0,0.4358,0.6326,0.22022,0.3,0.583333,8.0,0.7273,3.0,0.16667,0.8,0.63333,412.0,2.45455,0.737,11.0
2.0,Geoff & Tisha,TARAS3,0.2,0.55555556,0.625,0.85714286,0.66666667,0.6,0.2,0.2,0.75,0.5,0.66666667,,,,,,,,,,,,,,0.53,0.52918,320.0,3.0,-1.0,0.6,3.0,-1.0,0.1023,0.2534,0.22053,0.31667,0.583333,4.0,0.3636,7.0,0.2,0.85714,0.65714,413.0,3.09091,0.58038,11.0
3.0,Ida & Tania,TARAS3,0.5,0.66666667,0.375,0.14285714,0.83333333,1,1,0.6,0.5,0.25,1,,,,,,,,,,,,,,0.62,0.62435,510.0,4.0,-1.0,0.6,3.0,0.0,-0.0657,0.0624,0.29147,0.47917,0.583333,5.0,0.4545,6.0,0.14286,1.0,0.85714,414.0,3.54545,0.4556,11.0
4.0,A.D. & Fuzzie,TARAS3,0.8,0.22222222,0.5,0.71428571,0.5,0.8,0.6,0.4,1,1,,,,,,,,,,,,,,,0.65,0.65365,570.0,6.0,-2.0,0.65714,5.0,-1.0,-0.1076,0.0147,0.24228,0.3,0.583333,4.0,0.4,6.0,0.22222,1.0,0.77778,415.0,3.9,0.41019,10.0
5.0,Henry & Bernie,TARAS3,0.3,0.11111111,0.125,0.57142857,0.33333333,0.4,0.8,1.0,,,,,,,,,,,,,,,,,0.46,0.45511,167.0,2.0,3.0,0.36666,2.0,3.0,0.2817,0.4574,0.29551,0.37232,0.583333,5.0,0.625,3.0,0.11111,1.0,0.88889,416.0,2.75,0.63473,8.0
6.0,Mai & Oliver,TARAS3,0.1,0.88888889,0.75,0.42857143,1.0,,,,,,,,,,,,,,,,,,,,0.63,0.63349,531.0,5.0,1.0,0.75,6.0,0.0,-0.0792,0.047,0.32855,0.46032,0.583333,2.0,0.4,3.0,0.1,1.0,0.9,417.0,4.8,0.41548,5.0
7.0,Niroo & Kapil,TARAS3,0.9,0.44444444,0.875,1.0,,,,,,,,,,,,,,,,,,,,,0.8,0.80486,813.0,9.0,-2.0,0.8875,9.0,-2.0,-0.2752,-0.1759,0.21328,0.15764,0.583333,1.0,0.25,3.0,0.44444,1.0,0.55556,418.0,6.75,0.21975,4.0
8.0,Pailin & Natalie,TARAS3,0.4,0.77777778,1,,,,,,,,,,,,,,,,,,,,,,0.73,0.72593,699.0,7.0,1.0,0.77777,7.0,1.0,-0.1964,-0.0863,0.24768,0.3,0.583333,1.0,0.3333,2.0,0.4,1.0,0.6,419.0,6.33333,0.30557,3.0
9.0,Isaac & William,TARAS3,0.6,1.0,,,,,,,,,,,,,,,,,,,,,,,0.8,0.8,806.0,8.0,1.0,0.8,8.0,1.0,-0.2708,-0.1709,0.2,0.2,0.583333,0.0,0.0,2.0,0.6,1.0,0.4,420.0,7.5,0.2222,2.0
10.0,Neena & Amit,TARAS3,1.0,,,,,,,,,,,,,,,,,,,,,,,,1.0,1.0,932.0,10.0,0.0,1.0,10.0,0.0,-0.4167,-0.3367,0.0,0.0,0.583333,0.0,0.0,1.0,1.0,1.0,0.0,421.0,10.0,0.0,1.0
1.0,Richard & Richard,TARAS4,0.2,0.2,0.66666667,0.11111111,0.25,0.14285714,0.33333333,0.33333333,0.8,0.5,0.33333333,,,,,,,,,,,,,,0.35,0.35188,42.0,1.0,0.0,0.33333,1.0,0.0,0.6239,0.785,0.20912,0.21667,0.571429,9.0,0.8182,2.0,0.11111,0.8,0.68889,422.0,2.27273,0.77515,11.0
2.0,Claire & Michelle,TARAS4,0.3,0.7,0.44444444,0.77777778,0.375,0.42857143,0.5,0.66666667,0.6,0.75,0.66666667,,,,,,,,,,,,,,0.56,0.56447,390.0,5.0,-3.0,0.6,5.0,-3.0,0.0123,0.1127,0.15472,0.24683,0.571429,5.0,0.4545,6.0,0.3,0.77778,0.47778,423.0,3.81818,0.51822,11.0
3.0,Hussein & Natasha,TARAS4,0.9,0.9,0.22222222,0.55555556,0.875,0.28571429,1,0.83333333,0.4,0.25,1,,,,,,,,,,,,,,0.66,0.65653,580.0,7.0,-4.0,0.83333,8.0,-5.0,-0.1296,-0.0433,0.30164,0.55714,0.571429,4.0,0.3636,7.0,0.22222,1.0,0.77778,424.0,4.63636,0.41122,11.0
4.0,Lani & Jess,TARAS4,0.8,0.8,0.77777778,0.44444444,0.625,0.57142857,0.16666667,0.16666667,0.2,1,,,,,,,,,,,,,,,0.56,0.5552,366.0,4.0,0.0,0.59821,4.0,0.0,0.0292,0.1313,0.28508,0.53333,0.571429,4.0,0.4,6.0,0.16667,1.0,0.83333,425.0,4.3,0.5248,10.0
5.0,Khairie & Ethan,TARAS4,0.1,0.5,0.55555556,0.33333333,0.125,0.71428571,0.66666667,0.5,1,,,,,,,,,,,,,,,,0.5,0.49943,262.0,2.0,3.0,0.5,3.0,2.0,0.1442,0.2576,0.26981,0.33333,0.571429,5.0,0.5556,4.0,0.1,1.0,0.9,426.0,3.55556,0.57099,9.0
6.0,Dimple & Sunaina,TARAS4,0.4,0.3,0.11111111,0.22222222,0.5,0.85714286,0.83333333,1.0,,,,,,,,,,,,,,,,,0.53,0.52798,317.0,3.0,3.0,0.45,2.0,4.0,0.0823,0.1896,0.30838,0.55873,0.571429,5.0,0.625,3.0,0.11111,1.0,0.88889,427.0,3.875,0.5322,8.0
7.0,Hilda & Ivan,TARAS4,0.6,0.1,0.33333333,0.66666667,0.75,1,,,,,,,,,,,,,,,,,,,0.58,0.575,406.0,6.0,1.0,0.63333,6.0,1.0,-0.0062,0.0924,0.28992,0.32917,0.571429,2.0,0.3333,4.0,0.1,1.0,0.9,428.0,4.83333,0.47585,6.0
8.0,Sahil & Manas,TARAS4,0.7,0.4,0.88888889,0.88888889,1.0,,,,,,,,,,,,,,,,,,,,0.78,0.77556,784.0,9.0,-1.0,0.88888,9.0,-1.0,-0.2632,-0.1901,0.2111,0.18889,0.571429,1.0,0.2,4.0,0.4,1.0,0.6,429.0,7.0,0.25,5.0
9.0,Alan & Wendy,TARAS4,0.5,0.6,1,1.0,,,,,,,,,,,,,,,,,,,,,0.78,0.775,781.0,8.0,1.0,0.8,7.0,2.0,-0.2627,-0.1895,0.22776,0.425,0.571429,1.0,0.25,3.0,0.5,1.0,0.5,430.0,7.25,0.25,4.0
10.0,Nadine & Yani,TARAS4,1.0,1.0,,,,,,,,,,,,,,,,,,,,,,,1.0,1.0,932.0,10.0,0.0,1.0,10.0,0.0,-0.4286,-0.3719,0.0,0.0,0.571429,0.0,0.0,2.0,1.0,1.0,0.0,431.0,10.0,0.0,2.0
1.0,Parul & Maggie,TARAS5,0.63636364,0.66666667,0.625,0.375,0.57142857,0.5,0.8,0.6,0.5,0.33333333,,,,,,,,,,,,,,,0.56,0.56078,381.0,4.0,-3.0,0.58571,5.0,-4.0,0.0267,0.1582,0.13174,0.13352,0.575758,4.0,0.4,6.0,0.33333,0.8,0.46667,432.0,3.8,0.54346,10.0
2.0,Yvonne & Chloe,TARAS5,0.81818182,0.11111111,0.375,0.625,0.28571429,0.33333333,0.4,0.8,0.75,0.66666667,,,,,,,,,,,,,,,0.52,0.5165,292.0,2.0,0.0,0.5125,3.0,-1.0,0.1147,0.2574,0.23345,0.38542,0.575758,5.0,0.5,5.0,0.11111,0.81818,0.70707,433.0,3.3,0.58095,10.0
3.0,Eric & Rona,TARAS5,0.36363636,0.44444444,0.75,0.5,0.42857143,0.66666667,1,0.4,0.25,1,,,,,,,,,,,,,,,0.58,0.58033,424.0,5.0,-2.0,0.47222,2.0,1.0,-0.0079,0.1191,0.25001,0.32202,0.575758,6.0,0.6,4.0,0.25,1.0,0.75,434.0,3.6,0.49988,10.0
4.0,Treasuri & Louisa,TARAS5,0.18181818,0.33333333,0.125,0.125,0.14285714,0.83333333,0.6,0.2,1,,,,,,,,,,,,,,,,0.39,0.39348,86.0,1.0,3.0,0.2,1.0,3.0,0.4632,0.6506,0.31567,0.45714,0.575758,6.0,0.6667,3.0,0.125,1.0,0.875,435.0,2.33333,0.70556,9.0
5.0,JK & Mike,TARAS5,0.27272727,0.88888889,0.875,0.875,0.71428571,0.16666667,0.2,1.0,,,,,,,,,,,,,,,,,0.62,0.62407,508.0,7.0,-2.0,0.79464,9.0,-4.0,-0.0774,0.0407,0.32749,0.62393,0.575758,3.0,0.375,5.0,0.16667,1.0,0.83333,436.0,4.625,0.44301,8.0
6.0,Anita & Tom,TARAS5,0.72727273,0.22222222,0.5,0.25,0.85714286,1,,,,,,,,,,,,,,,,,,,0.59,0.59277,450.0,6.0,0.0,0.61363,6.0,0.0,-0.0287,0.0957,0.29361,0.51218,0.575758,3.0,0.5,3.0,0.22222,1.0,0.77778,437.0,4.66667,0.4617,6.0
7.0,Will & Alex,TARAS5,0.45454545,0.77777778,0.25,0.75,1.0,,,,,,,,,,,,,,,,,,,,0.65,0.64646,555.0,8.0,-1.0,0.75,7.0,0.0,-0.1094,0.0047,0.26343,0.32323,0.575758,2.0,0.4,3.0,0.25,1.0,0.75,438.0,5.4,0.39856,5.0
8.0,Rach & Vicky,TARAS5,0.54545455,0.55555556,1,1.0,,,,,,,,,,,,,,,,,,,,,0.78,0.77525,783.0,9.0,-1.0,0.77777,8.0,0.0,-0.2573,-0.1622,0.22478,0.44697,0.575758,0.0,0.0,4.0,0.54545,1.0,0.45455,439.0,6.75,0.25,4.0
9.0,Alphaeus & Brandon,TARAS5,0.09090909,1.0,,,,,,,,,,,,,,,,,,,,,,,0.55,0.54545,354.0,3.0,6.0,0.54545,4.0,5.0,0.0556,0.1907,0.45455,0.45455,0.575758,1.0,0.5,1.0,0.09091,1.0,0.90909,440.0,5.0,0.5,2.0
10.0,Rei & Keiji,TARAS5,0.90909091,,,,,,,,,,,,,,,,,,,,,,,,0.91,0.90909,890.0,10.0,0.0,0.90909,10.0,0.0,-0.3667,-0.2856,0.0,0.0,0.575758,0.0,0.0,1.0,0.90909,0.90909,0.0,441.0,10.0,0.1,1.0
11.0,Lisa & Nicole,TARAS5,1.0,,,,,,,,,,,,,,,,,,,,,,,,1.0,1.0,932.0,11.0,0.0,1.0,11.0,0.0,-0.4242,-0.3505,0.0,0.0,0.575758,0.0,0.0,1.0,1.0,1.0,0.0,442.0,11.0,0.0,1.0
1.0,Tim & Tim,TARCAN1,0.66666667,0.75,1,0.71428571,0.33333333,1,0.4,0.5,0.75,0.33333333,,,,,,,,,,,,,,,0.64,0.64476,548.0,6.0,-5.0,0.69047,7.0,-6.0,-0.0962,-0.0097,0.23552,0.325,0.582759,4.0,0.4,6.0,0.33333,1.0,0.66667,443.0,3.9,0.4544,10.0
2.0,Jody & Cory,TARCAN1,0.77777778,0.375,0.71428571,0.85714286,0.66666667,0.4,0.2,0.25,0.25,0.66666667,,,,,,,,,,,,,,,0.52,0.51575,289.0,4.0,-2.0,0.53333,5.0,-3.0,0.1299,0.238,0.23331,0.42113,0.582759,5.0,0.5,5.0,0.2,0.85714,0.65714,444.0,3.2,0.61143,10.0
3.0,Vanessa & Celina,TARCAN1,0.55555556,0.625,0.57142857,0.57142857,0.5,0.8,0.8,1.0,0.5,1,,,,,,,,,,,,,,,0.69,0.69234,637.0,7.0,-4.0,0.59821,6.0,-3.0,-0.1583,-0.0778,0.18411,0.24048,0.582759,2.0,0.2,8.0,0.5,1.0,0.5,445.0,3.8,0.36953,10.0
4.0,Jet & Dave,TARCAN1,0.44444444,0.875,0.42857143,0.14285714,0.16666667,0.2,0.6,0.75,1,,,,,,,,,,,,,,,,0.51,0.51195,281.0,3.0,1.0,0.44444,4.0,0.0,0.1383,0.2472,0.2979,0.55,0.582759,5.0,0.5556,4.0,0.14286,1.0,0.85714,446.0,3.0,0.58532,9.0
5.0,Holly & Brett,TARCAN1,0.22222222,0.125,0.85714286,0.28571429,0.83333333,0.4,1,,,,,,,,,,,,,,,,,,0.53,0.53192,328.0,5.0,0.0,0.4,3.0,2.0,0.0956,0.2003,0.32847,0.59127,0.582759,4.0,0.5714,3.0,0.125,1.0,0.875,447.0,3.28571,0.54643,7.0
6.0,Hal & Joanne,TARCAN1,0.33333333,0.25,0.14285714,0.42857143,1.0,,,,,,,,,,,,,,,,,,,,0.43,0.43095,136.0,1.0,5.0,0.33333,1.0,5.0,0.3523,0.4816,0.2997,0.17857,0.582759,4.0,0.8,1.0,0.14286,1.0,0.85714,448.0,3.0,0.65476,5.0
7.0,Kristen & Darren,TARCAN1,0.11111111,0.5,0.28571429,1.0,,,,,,,,,,,,,,,,,,,,,0.47,0.47421,201.0,2.0,5.0,0.39285,2.0,5.0,0.2289,0.3464,0.33335,0.38294,0.582759,3.0,0.75,1.0,0.11111,1.0,0.88889,449.0,3.5,0.60118,4.0
8.0,Jamie & Pierre,TARCAN1,0.88888889,1.0,,,,,,,,,,,,,,,,,,,,,,,0.94,0.94444,909.0,8.0,0.0,0.94444,8.0,0.0,-0.383,-0.324,0.05556,0.05556,0.582759,0.0,0.0,2.0,0.88889,1.0,0.11111,450.0,8.0,0.0625,2.0
9.0,Treena & Tennille,TARCAN1,1.0,,,,,,,,,,,,,,,,,,,,,,,,1.0,1.0,932.0,9.0,0.0,1.0,9.0,0.0,-0.4172,-0.3615,0.0,0.0,0.582759,0.0,0.0,1.0,1.0,1.0,0.0,451.0,9.0,0.0,1.0
1.0,Mickey & Pete,TARCAN2,0.63636364,0.3,0.55555556,0.75,0.75,0.42857143,0.5,0.5,0.4,0.6,0.5,0.33333333,,,,,,,,,,,,,0.52,0.52115,305.0,3.0,-2.0,0.5,3.0,-2.0,0.0998,0.248,0.1397,0.18766,0.573171,7.0,0.5833,5.0,0.3,0.75,0.45,452.0,3.66667,0.58605,12.0
2.0,Natalie & Meaghan,TARCAN2,0.09090909,0.1,0.11111111,0.125,0.375,0.71428571,0.16666667,0.16666667,0.6,0.4,0.25,0.66666667,,,,,,,,,,,,,0.31,0.31386,19.0,1.0,1.0,0.20833,1.0,1.0,0.8262,1.0722,0.22314,0.32847,0.573171,9.0,0.75,3.0,0.09091,0.71429,0.62338,453.0,1.83333,0.81647,12.0
3.0,Ryan & Rob,TARCAN2,0.81818182,0.7,0.44444444,0.25,0.25,0.85714286,1,0.83333333,1,0.8,0.75,1,,,,,,,,,,,,,0.73,0.72526,697.0,8.0,-5.0,0.80909,8.0,-5.0,-0.2097,-0.1032,0.25846,0.25675,0.573171,3.0,0.25,9.0,0.25,1.0,0.75,454.0,4.66667,0.31854,12.0
4.0,Sukhi & Jinder,TARCAN2,0.54545455,0.6,0.88888889,1.0,0.5,0.57142857,0.66666667,0.33333333,0.2,0.2,1,,,,,,,,,,,,,,0.59,0.59143,445.0,6.0,-2.0,0.57142,5.0,-1.0,-0.0309,0.0997,0.27169,0.36111,0.573171,4.0,0.3636,7.0,0.2,1.0,0.8,455.0,4.36364,0.48553,11.0
5.0,Alain & Audrey,TARCAN2,0.18181818,0.2,0.66666667,0.875,0.125,0.28571429,0.83333333,0.66666667,0.8,1,,,,,,,,,,,,,,,0.56,0.56342,386.0,5.0,0.0,0.66666,6.0,-1.0,0.0173,0.1544,0.31382,0.60357,0.573171,4.0,0.4,6.0,0.125,1.0,0.875,456.0,3.8,0.49901,10.0
6.0,Pierre & Michel,TARCAN2,0.72727273,0.5,0.33333333,0.625,0.625,0.14285714,0.33333333,1.0,,,,,,,,,,,,,,,,,0.54,0.53585,336.0,4.0,2.0,0.5625,4.0,2.0,0.0696,0.2138,0.25143,0.31723,0.573171,4.0,0.5,4.0,0.14286,1.0,0.85714,457.0,4.375,0.53285,8.0
7.0,Rex & Bob,TARCAN2,0.27272727,0.9,0.77777778,0.375,0.875,1,,,,,,,,,,,,,,,,,,,0.7,0.70008,648.0,7.0,0.0,0.82638,9.0,-2.0,-0.1813,-0.071,0.27534,0.41806,0.573171,2.0,0.3333,4.0,0.27273,1.0,0.72727,458.0,6.0,0.33638,6.0
8.0,Cormac & Nicole,TARCAN2,0.36363636,0.4,0.22222222,0.5,1.0,,,,,,,,,,,,,,,,,,,,0.5,0.49717,257.0,2.0,6.0,0.4,2.0,6.0,0.1529,0.3082,0.26673,0.13636,0.573171,4.0,0.8,1.0,0.22222,1.0,0.77778,459.0,4.4,0.56262,5.0
9.0,Laura & Jackie,TARCAN2,0.45454545,0.8,1,,,,,,,,,,,,,,,,,,,,,,0.75,0.75152,745.0,9.0,0.0,0.8,7.0,2.0,-0.2373,-0.1346,0.2253,0.27273,0.573171,1.0,0.3333,2.0,0.45455,1.0,0.54545,460.0,7.33333,0.27407,3.0
10.0,Jen & Shawn,TARCAN2,0.90909091,1.0,,,,,,,,,,,,,,,,,,,,,,,0.95,0.95455,915.0,10.0,0.0,0.95454,10.0,0.0,-0.3995,-0.3186,0.04545,0.04545,0.573171,0.0,0.0,2.0,0.90909,1.0,0.09091,461.0,10.0,0.05,2.0
11.0,Shahla & Nabeela,TARCAN2,1.0,,,,,,,,,,,,,,,,,,,,,,,,1.0,1.0,932.0,11.0,0.0,1.0,11.0,0.0,-0.4268,-0.3496,0.0,0.0,0.573171,0.0,0.0,1.0,1.0,1.0,0.0,462.0,11.0,0.0,1.0
1.0,Gino & Jesse,TARCAN3,0.08333333,0.90909091,0.2,0.77777778,0.125,0.125,0.28571429,0.83333333,0.4,0.2,0.75,0.33333333,,,,,,,,,,,,,0.42,0.41855,116.0,1.0,0.0,0.30952,1.0,0.0,0.3575,0.5395,0.2968,0.57569,0.568182,8.0,0.6667,4.0,0.08333,0.90909,0.82576,463.0,3.0,0.69629,12.0
2.0,Nick & Matt,TARCAN3,0.5,0.27272727,0.3,0.33333333,0.375,0.25,0.71428571,0.33333333,0.2,0.6,0.5,0.66666667,,,,,,,,,,,,,0.42,0.42045,120.0,2.0,0.0,0.35416,2.0,0.0,0.3514,0.5325,0.16408,0.23182,0.568182,9.0,0.75,3.0,0.2,0.71429,0.51429,464.0,2.91667,0.68706,12.0
3.0,Brent & Sean,TARCAN3,0.25,0.72727273,0.6,0.44444444,0.625,0.5,0.14285714,0.5,1,0.4,0.25,1,,,,,,,,,,,,,0.54,0.53663,337.0,5.0,-2.0,0.5,5.0,-2.0,0.0588,0.2007,0.26249,0.28807,0.568182,7.0,0.5833,5.0,0.14286,1.0,0.85714,465.0,3.75,0.5448,12.0
4.0,Simi & Ope,TARCAN3,0.41666667,0.81818182,0.5,0.55555556,1.0,0.625,0.85714286,0.66666667,0.6,0.8,1,,,,,,,,,,,,,,0.71,0.71266,671.0,9.0,-5.0,0.66666,8.0,-4.0,-0.2027,-0.0959,0.18703,0.25988,0.568182,2.0,0.1818,9.0,0.41667,1.0,0.58333,466.0,5.27273,0.33066,11.0
5.0,Dujean & Leilani,TARCAN3,0.66666667,0.45454545,0.4,0.11111111,0.5,0.875,0.42857143,0.16666667,0.8,1,,,,,,,,,,,,,,,0.54,0.54026,343.0,6.0,-1.0,0.47727,4.0,1.0,0.0517,0.1927,0.2778,0.35952,0.568182,6.0,0.6,4.0,0.11111,1.0,0.88889,467.0,4.2,0.52613,10.0
6.0,Brian & Cynthia,TARCAN3,0.75,0.18181818,0.9,0.22222222,0.25,0.375,0.57142857,1.0,,,,,,,,,,,,,,,,,0.53,0.53131,324.0,4.0,2.0,0.47321,3.0,3.0,0.0694,0.2128,0.30131,0.54444,0.568182,4.0,0.5,4.0,0.18182,1.0,0.81818,468.0,4.625,0.52878,8.0
7.0,Neil & Kristin,TARCAN3,0.83333333,0.54545455,0.1,0.66666667,0.875,0.75,1,,,,,,,,,,,,,,,,,,0.68,0.68149,619.0,8.0,-1.0,0.75,9.0,-2.0,-0.1663,-0.0545,0.27347,0.24811,0.568182,1.0,0.1429,6.0,0.1,1.0,0.9,469.0,6.14286,0.35506,7.0
8.0,Nic & Sabrina,TARCAN3,0.16666667,0.36363636,0.8,0.88888889,0.75,1,,,,,,,,,,,,,,,,,,,0.66,0.66153,589.0,7.0,1.0,0.775,10.0,-2.0,-0.1411,-0.026,0.29633,0.40644,0.568182,2.0,0.3333,4.0,0.16667,1.0,0.83333,470.0,6.0,0.37367,6.0
9.0,Hamilton & Michaelia,TARCAN3,0.33333333,0.09090909,0.7,1.0,,,,,,,,,,,,,,,,,,,,,0.53,0.53106,322.0,3.0,6.0,0.51666,6.0,3.0,0.0699,0.2133,0.34687,0.50227,0.568182,2.0,0.5,2.0,0.09091,1.0,0.90909,471.0,5.25,0.51515,4.0
10.0,Dana & Amanda,TARCAN3,0.58333333,0.63636364,1,,,,,,,,,,,,,,,,,,,,,,0.74,0.7399,726.0,10.0,0.0,0.63636,7.0,3.0,-0.2321,-0.1291,0.18519,0.20833,0.568182,0.0,0.0,3.0,0.58333,1.0,0.41667,472.0,8.0,0.28483,3.0
11.0,Susan & Sharnjit,TARCAN3,0.91666667,1.0,,,,,,,,,,,,,,,,,,,,,,,0.96,0.95833,927.0,11.0,0.0,0.95833,11.0,0.0,-0.4071,-0.3276,0.04167,0.04167,0.568182,0.0,0.0,2.0,0.91667,1.0,0.08333,473.0,11.0,0.04545,2.0
12.0,Max & Elias,TARCAN3,1.0,,,,,,,,,,,,,,,,,,,,,,,,1.0,1.0,932.0,12.0,0.0,1.0,12.0,0.0,-0.4318,-0.3557,0.0,0.0,0.568182,0.0,0.0,1.0,1.0,1.0,0.0,474.0,12.0,0.0,1.0
1.0,Steph & Kristen,TARCAN4,0.2,0.66666667,0.22222222,0.25,0.14285714,0.16666667,0.16666667,0.6,0.4,0.25,0.33333333,,,,,,,,,,,,,,0.31,0.30895,16.0,1.0,0.0,0.25,1.0,0.0,0.8656,1.0679,0.16948,0.18333,0.576389,9.0,0.8182,2.0,0.14286,0.66667,0.52381,475.0,2.0,0.84055,11.0
2.0,Jillian & Emmett,TARCAN4,0.1,0.11111111,0.44444444,0.875,0.28571429,0.33333333,0.66666667,0.2,0.2,0.75,0.66666667,,,,,,,,,,,,,,0.42,0.42118,121.0,2.0,0.0,0.33333,3.0,-1.0,0.3685,0.5169,0.26257,0.46667,0.576389,7.0,0.6364,4.0,0.1,0.875,0.775,476.0,2.54545,0.69405,11.0
3.0,Joel & Ashley,TARCAN4,0.4,0.44444444,0.11111111,0.625,0.57142857,1,0.5,0.4,0.8,0.5,1,,,,,,,,,,,,,,0.58,0.57745,410.0,4.0,-1.0,0.5,4.0,-1.0,-0.0018,0.1064,0.25567,0.29028,0.576389,6.0,0.5455,5.0,0.11111,1.0,0.88889,477.0,3.45455,0.49882,11.0
4.0,Frankie & Amy,TARCAN4,0.6,0.33333333,0.55555556,0.5,0.42857143,0.83333333,0.83333333,0.8,0.6,1,,,,,,,,,,,,,,,0.65,0.64841,559.0,5.0,-1.0,0.6,5.0,-1.0,-0.1111,-0.0147,0.19948,0.31111,0.576389,3.0,0.3,7.0,0.33333,1.0,0.66667,478.0,4.2,0.40825,10.0
5.0,Rita & Yvette,TARCAN4,0.7,0.88888889,0.66666667,0.375,0.71428571,0.66666667,0.33333333,1.0,1,,,,,,,,,,,,,,,,0.7,0.70498,655.0,7.0,-2.0,0.7,6.0,-1.0,-0.1824,-0.0938,0.22557,0.22222,0.576389,2.0,0.2222,7.0,0.33333,1.0,0.66667,479.0,5.0,0.34232,9.0
6.0,Julie & Lowell,TARCAN4,0.5,0.77777778,0.77777778,0.75,0.85714286,0.5,1,,,,,,,,,,,,,,,,,,0.74,0.73753,721.0,8.0,-2.0,0.77777,7.0,-1.0,-0.2185,-0.1338,0.16879,0.19246,0.576389,2.0,0.2857,5.0,0.5,1.0,0.5,480.0,5.71429,0.30114,7.0
7.0,Kelly & Kate,TARCAN4,0.9,1.0,0.33333333,0.125,1.0,,,,,,,,,,,,,,,,,,,,0.67,0.67167,606.0,6.0,1.0,0.9,9.0,-2.0,-0.1419,-0.0488,0.36907,0.66667,0.576389,2.0,0.4,3.0,0.125,1.0,0.875,481.0,5.8,0.37222,5.0
8.0,Anne & Tanya,TARCAN4,0.8,0.55555556,0.88888889,1.0,,,,,,,,,,,,,,,,,,,,,0.81,0.81111,818.0,9.0,-1.0,0.84444,8.0,0.0,-0.2894,-0.2124,0.16368,0.17778,0.576389,0.0,0.0,4.0,0.55556,1.0,0.44444,482.0,7.25,0.2118,4.0
9.0,Stéphane & Antoine,TARCAN4,0.3,0.22222222,1,,,,,,,,,,,,,,,,,,,,,,0.51,0.50741,274.0,3.0,6.0,0.3,2.0,7.0,0.1359,0.2591,0.34976,0.38889,0.576389,2.0,0.6667,1.0,0.22222,1.0,0.77778,483.0,4.66667,0.55093,3.0
10.0,Anthony & Brandon,TARCAN4,1.0,,,,,,,,,,,,,,,,,,,,,,,,1.0,1.0,932.0,10.0,0.0,1.0,10.0,0.0,-0.4236,-0.3611,0.0,0.0,0.576389,0.0,0.0,1.0,1.0,1.0,0.0,484.0,10.0,0.0,1.0
1.0,Sam & Paul,TARCAN5,0.4,0.33333333,0.5,0.14285714,0.42857143,0.33333333,0.16666667,0.2,0.2,0.25,0.33333333,,,,,,,,,,,,,,0.3,0.29892,13.0,1.0,0.0,0.33333,1.0,0.0,0.9355,1.1781,0.11071,0.16667,0.578571,11.0,1.0,0.0,0.14286,0.5,0.35714,485.0,2.0,0.85953,11.0
2.0,Kenneth & Ryan,TARCAN5,0.1,0.55555556,0.75,0.57142857,0.57142857,0.83333333,0.33333333,0.4,0.4,0.75,0.66666667,,,,,,,,,,,,,,0.54,0.53925,340.0,4.0,-2.0,0.57142,4.0,-2.0,0.0729,0.2073,0.20627,0.30833,0.578571,4.0,0.3636,7.0,0.1,0.83333,0.73333,486.0,3.27273,0.55627,11.0
3.0,Korey & Ivana,TARCAN5,0.2,0.88888889,0.25,0.85714286,0.85714286,0.5,0.83333333,0.8,0.8,0.5,1,,,,,,,,,,,,,,0.68,0.68059,616.0,6.0,-3.0,0.8,6.0,-3.0,-0.1499,-0.0434,0.25958,0.35714,0.578571,4.0,0.3636,7.0,0.2,1.0,0.8,487.0,4.09091,0.37919,11.0
4.0,Karen & Bert,TARCAN5,0.6,0.44444444,0.625,0.71428571,0.71428571,0.66666667,0.66666667,1.0,0.6,1,,,,,,,,,,,,,,,0.7,0.70313,651.0,7.0,-3.0,0.66666,5.0,-1.0,-0.1771,-0.0741,0.16537,0.10804,0.578571,1.0,0.1,9.0,0.44444,1.0,0.55556,488.0,4.5,0.34646,10.0
5.0,Adam & Andrea,TARCAN5,0.3,0.77777778,0.375,0.42857143,0.14285714,0.16666667,0.5,0.6,1,,,,,,,,,,,,,,,,0.48,0.47676,208.0,2.0,3.0,0.42857,2.0,3.0,0.2135,0.3656,0.26493,0.3,0.578571,6.0,0.6667,3.0,0.14286,1.0,0.85714,489.0,3.22222,0.61209,9.0
6.0,Andrea & Ebonie,TARCAN5,0.7,0.22222222,0.875,1.0,0.28571429,1,1,,,,,,,,,,,,,,,,,,0.73,0.72613,700.0,8.0,-2.0,0.875,7.0,-1.0,-0.2032,-0.1034,0.31527,0.50714,0.578571,2.0,0.2857,5.0,0.22222,1.0,0.77778,490.0,5.28571,0.31207,7.0
7.0,Zed & Shabbir,TARCAN5,0.5,0.66666667,0.125,0.28571429,1.0,,,,,,,,,,,,,,,,,,,,0.52,0.51548,287.0,3.0,4.0,0.5,3.0,4.0,0.1224,0.263,0.30434,0.38095,0.578571,3.0,0.6,2.0,0.125,1.0,0.875,491.0,4.2,0.55278,5.0
8.0,Megan & Courtney,TARCAN5,0.9,0.11111111,1,,,,,,,,,,,,,,,,,,,,,,0.67,0.67037,603.0,5.0,3.0,0.9,8.0,0.0,-0.1369,-0.0288,0.39756,0.44444,0.578571,1.0,0.3333,2.0,0.11111,1.0,0.88889,492.0,6.0,0.37037,3.0
9.0,Dan & Riya,TARCAN5,0.8,1.0,,,,,,,,,,,,,,,,,,,,,,,0.9,0.9,879.0,9.0,0.0,0.9,8.0,1.0,-0.3571,-0.2766,0.1,0.1,0.578571,0.0,0.0,2.0,0.8,1.0,0.2,493.0,8.5,0.1111,2.0
10.0,Aaron & Deb,TARCAN5,1.0,,,,,,,,,,,,,,,,,,,,,,,,1.0,1.0,932.0,10.0,0.0,1.0,10.0,0.0,-0.4214,-0.3489,0.0,0.0,0.578571,0.0,0.0,1.0,1.0,1.0,0.0,494.0,10.0,0.0,1.0
1.0,Courtney & Adam,TARCAN6,0.8,0.77777778,0.66666667,0.875,0.28571429,0.85714286,0.83333333,0.33333333,0.8,0.75,0.33333333,,,,,,,,,,,,,,0.66,0.66475,595.0,7.0,-6.0,0.77777,7.0,-6.0,-0.136,-0.0432,0.21942,0.31667,0.574324,3.0,0.2727,8.0,0.28571,0.875,0.58929,495.0,4.63636,0.41576,11.0
2.0,Taylor & Courtney,TARCAN6,0.5,0.33333333,0.11111111,0.625,0.14285714,0.14285714,0.16666667,0.5,0.6,0.25,0.66666667,,,,,,,,,,,,,,0.37,0.36714,54.0,1.0,1.0,0.33333,3.0,-1.0,0.5643,0.7325,0.20603,0.39524,0.574324,8.0,0.7273,3.0,0.11111,0.66667,0.55556,496.0,2.36364,0.75765,11.0
3.0,Dylan & Kwame,TARCAN6,0.4,0.55555556,0.55555556,0.375,0.57142857,0.71428571,0.66666667,0.83333333,0.2,0.5,1,,,,,,,,,,,,,,0.58,0.57926,417.0,5.0,-2.0,0.55555,5.0,-2.0,-0.0085,0.0981,0.21162,0.24048,0.574324,4.0,0.3636,7.0,0.2,1.0,0.8,497.0,3.72727,0.49827,11.0
4.0,Martina & Phil,TARCAN6,0.7,0.66666667,0.44444444,0.75,0.42857143,0.42857143,0.33333333,0.66666667,0.4,1,,,,,,,,,,,,,,,0.58,0.58183,425.0,6.0,-2.0,0.55555,5.0,-1.0,-0.0129,0.0932,0.19803,0.2631,0.574324,5.0,0.5,5.0,0.33333,1.0,0.66667,498.0,4.1,0.49024,10.0
5.0,Nancy & Mellisa,TARCAN6,0.2,0.22222222,0.88888889,0.25,0.71428571,0.28571429,1,0.16666667,1,,,,,,,,,,,,,,,,0.53,0.52531,314.0,4.0,1.0,0.28571,2.0,3.0,0.0933,0.2108,0.3461,0.66667,0.574324,5.0,0.5556,4.0,0.16667,1.0,0.83333,499.0,3.66667,0.54584,9.0
6.0,Leanne & Mar,TARCAN6,0.1,0.44444444,0.33333333,0.125,0.85714286,0.57142857,0.5,1.0,,,,,,,,,,,,,,,,,0.49,0.49142,239.0,3.0,3.0,0.47222,4.0,2.0,0.1687,0.2943,0.29865,0.36161,0.574324,5.0,0.625,3.0,0.1,1.0,0.9,500.0,3.5,0.58021,8.0
7.0,Zainab & Monica,TARCAN6,0.6,1.0,0.77777778,0.5,1.0,1,,,,,,,,,,,,,,,,,,,0.81,0.81296,819.0,8.0,-1.0,0.88888,8.0,-1.0,-0.2935,-0.2176,0.20391,0.35556,0.574324,1.0,0.1667,5.0,0.5,1.0,0.5,501.0,6.66667,0.21097,6.0
8.0,Todd & Anna,TARCAN6,0.3,0.11111111,0.22222222,1.0,,,,,,,,,,,,,,,,,,,,,0.41,0.40833,103.0,2.0,6.0,0.26111,1.0,7.0,0.4065,0.5577,0.34813,0.28056,0.574324,3.0,0.75,1.0,0.11111,1.0,0.88889,502.0,3.5,0.6632,4.0
9.0,Joseph & Akash,TARCAN6,0.9,0.88888889,1,,,,,,,,,,,,,,,,,,,,,,0.93,0.92963,907.0,9.0,0.0,0.9,9.0,0.0,-0.3822,-0.3158,0.04997,0.05556,0.574324,0.0,0.0,3.0,0.88889,1.0,0.11111,503.0,8.66667,0.0787,3.0
10.0,Chewy & Happy,TARCAN6,1.0,,,,,,,,,,,,,,,,,,,,,,,,1.0,1.0,932.0,10.0,0.0,1.0,10.0,0.0,-0.4257,-0.3639,0.0,0.0,0.574324,0.0,0.0,1.0,1.0,1.0,0.0,504.0,10.0,0.0,1.0
1.0,Anthony & James,TARCAN7,0.6,0.66666667,0.375,0.85714286,0.28571429,0.16666667,0.33333333,1.0,0.6,0.25,0.33333333,,,,,,,,,,,,,,0.5,0.49708,256.0,4.0,-3.0,0.375,3.0,-2.0,0.1598,0.3251,0.25512,0.32381,0.576531,6.0,0.5455,5.0,0.16667,1.0,0.83333,505.0,3.27273,0.62125,11.0
2.0,Sarah & Sam,TARCAN7,0.2,0.44444444,0.625,0.57142857,0.14285714,0.33333333,0.66666667,0.8,0.4,0.5,0.66666667,,,,,,,,,,,,,,0.49,0.4864,225.0,3.0,-1.0,0.5,4.0,-2.0,0.1853,0.3542,0.19602,0.27917,0.576531,6.0,0.5455,5.0,0.14286,0.8,0.65714,506.0,2.90909,0.61902,11.0
3.0,Lauren & Joanne,TARCAN7,0.4,0.88888889,0.5,0.71428571,0.85714286,0.66666667,0.83333333,0.4,0.8,0.75,1,,,,,,,,,,,,,,0.71,0.71003,667.0,6.0,-3.0,0.75,6.0,-3.0,-0.188,-0.0723,0.1909,0.2619,0.576531,3.0,0.2727,8.0,0.4,1.0,0.6,507.0,4.36364,0.34513,11.0
4.0,Dave & Irina,TARCAN7,0.1,0.22222222,0.125,0.42857143,0.71428571,0.5,0.16666667,0.6,0.2,1,,,,,,,,,,,,,,,0.41,0.40567,99.0,1.0,3.0,0.32539,2.0,2.0,0.4212,0.6236,0.28301,0.4,0.576531,7.0,0.7,3.0,0.1,1.0,0.9,508.0,2.4,0.6975,10.0
5.0,Aarthy & Thinesh,TARCAN7,0.7,0.11111111,0.25,0.14285714,0.28571429,0.83333333,0.5,0.2,1,,,,,,,,,,,,,,,,0.45,0.447,152.0,2.0,3.0,0.28571,1.0,4.0,0.2898,0.4735,0.30787,0.5,0.576531,6.0,0.6667,3.0,0.11111,1.0,0.88889,509.0,3.0,0.64708,9.0
6.0,Trish & Amy,TARCAN7,0.5,0.77777778,0.875,1.0,0.57142857,1,1,,,,,,,,,,,,,,,,,,0.82,0.81774,824.0,8.0,-2.0,0.875,7.0,-1.0,-0.295,-0.1945,0.19499,0.3254,0.576531,1.0,0.1429,6.0,0.5,1.0,0.5,510.0,6.0,0.20693,7.0
7.0,Meaghan & Marie,TARCAN7,0.3,0.55555556,0.75,0.28571429,1.0,,,,,,,,,,,,,,,,,,,,0.58,0.57825,414.0,5.0,2.0,0.55555,5.0,2.0,-0.003,0.1391,0.27236,0.45,0.576531,2.0,0.4,3.0,0.28571,1.0,0.71429,511.0,4.6,0.47936,5.0
8.0,Gilles & Sean,TARCAN7,0.9,0.33333333,1,,,,,,,,,,,,,,,,,,,,,,0.74,0.74444,736.0,7.0,1.0,0.9,8.0,0.0,-0.2256,-0.1152,0.29355,0.33333,0.576531,1.0,0.3333,2.0,0.33333,1.0,0.66667,512.0,6.66667,0.28703,3.0
9.0,Nicki & Aisha,TARCAN7,0.8,1.0,,,,,,,,,,,,,,,,,,,,,,,0.9,0.9,879.0,9.0,0.0,0.9,8.0,1.0,-0.3594,-0.2682,0.1,0.1,0.576531,0.0,0.0,2.0,0.8,1.0,0.2,513.0,8.5,0.1111,2.0
10.0,Jet & Dave,TARCAN7,1.0,,,,,,,,,,,,,,,,,,,,,,,,1.0,1.0,932.0,10.0,0.0,1.0,10.0,0.0,-0.4235,-0.3413,0.0,0.0,0.576531,0.0,0.0,1.0,1.0,1.0,0.0,514.0,10.0,0.0,1.0
1.0,Catherine & Craig,TARCAN8,0.5,0.55555556,0.11111111,,,0.77777778,0.375,0.66666667,0.16666667,0.4,0.25,,,,,,,,,,,,,,0.42,0.42253,123.0,2.0,-1.0,0.4,1.0,0.0,0.3461,0.5589,0.212,0.30556,0.56875,6.0,0.6667,3.0,0.11111,0.77778,0.66667,515.0,3.22222,0.68554,9.0
2.0,Jesse & Marika,TARCAN8,0.8,0.22222222,0.44444444,0.28571429,0.14285714,0.66666667,0.125,0.16666667,0.66666667,0.6,0.5,,,,,,,,,,,,,,0.42,0.42002,118.0,1.0,1.0,0.44444,4.0,-2.0,0.3541,0.5682,0.23172,0.43889,0.56875,7.0,0.6364,4.0,0.125,0.8,0.675,516.0,3.09091,0.68157,11.0
3.0,Franca & Nella,TARCAN8,0.4,0.11111111,0.77777778,0.42857143,0.28571429,0.11111111,0.25,0.5,0.33333333,0.8,0.75,,,,,,,,,,,,,,0.43,0.4316,138.0,3.0,0.0,0.4,1.0,2.0,0.3178,0.5261,0.23969,0.35714,0.56875,8.0,0.7273,3.0,0.11111,0.8,0.68889,517.0,2.90909,0.65974,11.0
4.0,Brendan & Connor,TARCAN8,0.1,0.44444444,0.22222222,0.14285714,0.42857143,0.22222222,0.5,1.0,0.83333333,0.2,1,,,,,,,,,,,,,,0.46,0.46306,182.0,4.0,0.0,0.42857,3.0,1.0,0.2282,0.4224,0.32138,0.45556,0.56875,8.0,0.7273,3.0,0.1,1.0,0.9,518.0,3.0,0.61937,11.0
5.0,Beverley & Veronica,TARCAN8,0.2,0.33333333,0.33333333,0.85714286,0.57142857,0.44444444,0.625,0.33333333,0.5,1,,,,,,,,,,,,,,,0.52,0.5198,303.0,5.0,0.0,0.47222,5.0,0.0,0.0942,0.2671,0.23891,0.27827,0.56875,6.0,0.6,4.0,0.2,1.0,0.8,519.0,3.7,0.55091,10.0
6.0,Court & Ali,TARCAN8,0.6,1.0,0.55555556,,,0.88888889,0.75,0.83333333,1,,,,,,,,,,,,,,,,0.8,0.80397,810.0,8.0,-2.0,0.83333,7.0,-1.0,-0.2926,-0.1807,0.16525,0.26944,0.56875,0.0,0.0,7.0,0.55556,1.0,0.44444,520.0,6.42857,0.22217,7.0
7.0,Cedric & Tychon,TARCAN8,0.9,0.66666667,0.66666667,0.57142857,0.85714286,0.33333333,0.875,,,,,,,,,,,,,,,,,,0.7,0.69575,641.0,6.0,1.0,0.66666,6.0,1.0,-0.1825,-0.0533,0.18837,0.24702,0.56875,1.0,0.1429,6.0,0.33333,0.9,0.56667,521.0,5.85714,0.3458,7.0
8.0,Cassie & Jahmeek,TARCAN8,0.3,0.88888889,1,1.0,0.71428571,0.55555556,1,,,,,,,,,,,,,,,,,,0.78,0.77982,787.0,7.0,1.0,0.88888,9.0,-1.0,-0.2707,-0.1554,0.25133,0.36508,0.56875,1.0,0.1429,6.0,0.3,1.0,0.7,522.0,6.42857,0.24802,7.0
9.0,Dennis & Durrell,TARCAN8,0.7,0.77777778,0.88888889,,,1,,,,,,,,,,,,,,,,,,,0.84,0.84167,847.0,9.0,0.0,0.83333,7.0,2.0,-0.3243,-0.2174,0.11341,0.15833,0.56875,0.0,0.0,4.0,0.7,1.0,0.3,523.0,7.75,0.17708,4.0
10.0,Jully & Kathy,TARCAN8,1.0,,,0.71428571,1.0,,,,,,,,,,,,,,,,,,,,0.9,0.90476,887.0,10.0,0.0,1.0,10.0,0.0,-0.3714,-0.272,0.13469,0.14286,0.56875,0.0,0.0,3.0,0.71429,1.0,0.28571,524.0,7.33333,0.11111,3.0
1.0,Ty & Kat,TARCAN9,0.1,0.11111111,0.25,0.5,0.28571429,0.16666667,0.16666667,0.4,0.75,0.33333333,,,,,,,,,,,,,,,0.31,0.30635,14.0,1.0,0.0,0.26785,2.0,-1.0,0.8712,1.15,0.19161,0.21667,0.573232,9.0,0.9,1.0,0.1,0.75,0.65,525.0,1.8,0.83452,10.0
2.0,Tyler & Kayleen,TARCAN9,0.5,0.22222222,0.5,0.375,0.14285714,0.5,0.33333333,0.2,0.25,0.66666667,,,,,,,,,,,,,,,0.37,0.36901,57.0,2.0,0.0,0.35416,3.0,-1.0,0.5534,0.7849,0.16025,0.27083,0.573232,9.0,0.9,1.0,0.14286,0.66667,0.52381,526.0,2.4,0.76163,10.0
3.0,Ben & Anwar,TARCAN9,0.8,0.55555556,0.875,0.75,0.71428571,0.33333333,0.5,0.6,0.5,1,,,,,,,,,,,,,,,0.66,0.66282,593.0,5.0,-2.0,0.65714,5.0,-2.0,-0.1352,-0.0063,0.191,0.27361,0.573232,3.0,0.3,7.0,0.33333,1.0,0.66667,527.0,4.4,0.40508,10.0
4.0,Deven & Amanda,TARCAN9,0.6,0.88888889,0.75,0.875,0.57142857,0.66666667,0.66666667,0.8,1,,,,,,,,,,,,,,,,0.76,0.75763,753.0,6.0,-2.0,0.75,7.0,-3.0,-0.2434,-0.1306,0.13649,0.20833,0.573232,0.0,0.0,9.0,0.57143,1.0,0.42857,528.0,5.22222,0.28311,9.0
5.0,Jermaine & Justin,TARCAN9,0.4,0.66666667,1,0.625,0.85714286,1,0.66666667,1.0,,,,,,,,,,,,,,,,,0.78,0.77693,786.0,8.0,-3.0,0.7619,8.0,-3.0,-0.2622,-0.1522,0.20772,0.34375,0.573232,1.0,0.125,7.0,0.4,1.0,0.6,529.0,5.5,0.25461,8.0
6.0,Derek & Jaspal,TARCAN9,0.3,0.33333333,0.375,0.125,0.42857143,0.83333333,1,,,,,,,,,,,,,,,,,,0.49,0.48503,222.0,4.0,2.0,0.375,4.0,2.0,0.1818,0.358,0.28999,0.31429,0.573232,5.0,0.7143,2.0,0.125,1.0,0.875,530.0,3.42857,0.58696,7.0
7.0,Gracie & Lily,TARCAN9,0.2,0.44444444,0.125,0.25,1.0,,,,,,,,,,,,,,,,,,,,0.4,0.40389,97.0,3.0,4.0,0.25,1.0,6.0,0.4193,0.6308,0.31624,0.24444,0.573232,4.0,0.8,1.0,0.125,1.0,0.875,531.0,3.2,0.67421,5.0
8.0,Shayla & Joel,TARCAN9,0.7,0.77777778,0.625,1.0,,,,,,,,,,,,,,,,,,,,,0.78,0.77569,785.0,7.0,1.0,0.73888,6.0,2.0,-0.261,-0.1509,0.14032,0.15208,0.573232,0.0,0.0,4.0,0.625,1.0,0.375,532.0,6.75,0.25298,4.0
9.0,Allie & Eddie,TARCAN9,0.9,1.0,,,,,,,,,,,,,,,,,,,,,,,0.95,0.95,911.0,9.0,0.0,0.95,9.0,0.0,-0.3966,-0.3067,0.05,0.05,0.573232,0.0,0.0,2.0,0.9,1.0,0.1,533.0,9.0,0.05556,2.0
10.0,Gail & Gisele,TARCAN9,1.0,,,,,,,,,,,,,,,,,,,,,,,,1.0,1.0,932.0,10.0,0.0,1.0,10.0,0.0,-0.4268,-0.3413,0.0,0.0,0.573232,0.0,0.0,1.0,1.0,1.0,0.0,534.0,10.0,0.0,1.0
1.0,Taylor & Katie,TARCAN10,,,,,,,,,,,,,,,,,,,,,,,,,,,,,,,,,,,,,,,,,,,,,,,
2.0,Colin & Matt,TARCAN10,,,,,,,,,,,,,,,,,,,,,,,,,,,,,,,,,,,,,,,,,,,,,,,
3.0,Michael & Tyson,TARCAN10,,,,,,,,,,,,,,,,,,,,,,,,,,,,,,,,,,,,,,,,,,,,,,,
4.0,Lauren & Nicole,TARCAN10,,,,,,,,,,,,,,,,,,,,,,,,,,,,,,,,,,,,,,,,,,,,,,,
5.0,Kevin & Gurleen,TARCAN10,,,,,,,,,,,,,,,,,,,,,,,,,,,,,,,,,,,,,,,,,,,,,,,
6.0,Michael & Amari,TARCAN10,,,,,,,,,,,,,,,,,,,,,,,,,,,,,,,,,,,,,,,,,,,,,,,
7.0,Julia & Olivia,TARCAN10,,,,,,,,,,,,,,,,,,,,,,,,,,,,,,,,,,,,,,,,,,,,,,,
8.0,Brad & Sam,TARCAN10,,,,,,,,,,,,,,,,,,,,,,,,,,,,,,,,,,,,,,,,,,,,,,,
9.0,Connor & John,TARCAN10,,,,,,,,,,,,,,,,,,,,,,,,,,,,,,,,,,,,,,,,,,,,,,,
10.0,Dorothy & Olus,TARCAN10,,,,,,,,,,,,,,,,,,,,,,,,,,,,,,,,,,,,,,,,,,,,,,,
11.0,Eva & Trystenne,TARCAN10,,,,,,,,,,,,,,,,,,,,,,,,,,,,,,,,,,,,,,,,,,,,,,,
1.0,Jesse & Jonathon,TARCAN11,,,,,,,,,,,,,,,,,,,,,,,,,,,,,,,,,,,,,,,,,,,,,,,
2.0,Grace & Joe,TARCAN11,,,,,,,,,,,,,,,,,,,,,,,,,,,,,,,,,,,,,,,,,,,,,,,
3.0,EB & Blake,TARCAN11,,,,,,,,,,,,,,,,,,,,,,,,,,,,,,,,,,,,,,,,,,,,,,,
4.0,Nipîy & Magoo,TARCAN11,,,,,,,,,,,,,,,,,,,,,,,,,,,,,,,,,,,,,,,,,,,,,,,
5.0,Ika & Demetres,TARCAN11,,,,,,,,,,,,,,,,,,,,,,,,,,,,,,,,,,,,,,,,,,,,,,,
6.0,Lacey & Celia,TARCAN11,,,,,,,,,,,,,,,,,,,,,,,,,,,,,,,,,,,,,,,,,,,,,,,
7.0,Rebecca & Rebecca,TARCAN11,,,,,,,,,,,,,,,,,,,,,,,,,,,,,,,,,,,,,,,,,,,,,,,
8.0,Louis & Marie,TARCAN11,,,,,,,,,,,,,,,,,,,,,,,,,,,,,,,,,,,,,,,,,,,,,,,
9.0,Osas & Esosa,TARCAN11,,,,,,,,,,,,,,,,,,,,,,,,,,,,,,,,,,,,,,,,,,,,,,,
10.0,Brendan & Sam,TARCAN11,,,,,,,,,,,,,,,,,,,,,,,,,,,,,,,,,,,,,,,,,,,,,,,
11.0,Michele & Aditi,TARCAN11,,,,,,,,,,,,,,,,,,,,,,,,,,,,,,,,,,,,,,,,,,,,,,,
1.0,Tyler & Nathan,TARAU1,0.54545455,0.09090909,0.3,0.22222222,0.125,0.14285714,0.33333333,0.33333333,0.6,0.75,0.5,0.33333333,,,,,,,,,,,,,0.36,0.35637,45.0,1.0,0.0,0.33333,1.0,0.0,0.6035,0.7509,0.19643,0.30898,0.571429,9.0,0.75,3.0,0.09091,0.75,0.65909,535.0,2.25,0.77107,12.0
2.0,Sam & Renae,TARAU1,0.09090909,0.45454545,0.8,0.55555556,0.75,0.85714286,0.66666667,0.5,0.8,1,0.25,0.66666667,,,,,,,,,,,,,0.62,0.61596,493.0,6.0,-4.0,0.66666,6.0,-4.0,-0.0723,0.013,0.24988,0.31136,0.571429,4.0,0.3333,8.0,0.09091,1.0,0.90909,536.0,4.08333,0.46038,12.0
3.0,Jeff & Luke,TARAU1,0.36363636,0.36363636,0.6,0.44444444,0.375,0.42857143,0.5,0.16666667,0.4,0.5,0.75,1,,,,,,,,,,,,,0.49,0.491,238.0,3.0,0.0,0.4365,2.0,1.0,0.1638,0.2708,0.20487,0.15284,0.571429,9.0,0.75,3.0,0.16667,1.0,0.83333,537.0,3.16667,0.60003,12.0
4.0,Matt & Tom,TARAU1,0.45454545,0.18181818,0.5,0.11111111,0.25,0.57142857,1,0.83333333,0.2,0.25,1,,,,,,,,,,,,,,0.49,0.48657,227.0,2.0,2.0,0.45454,3.0,1.0,0.1744,0.2824,0.31389,0.47738,0.571429,7.0,0.6364,4.0,0.11111,1.0,0.88889,538.0,3.27273,0.60115,11.0
5.0,Kelly & Dave,TARAU1,0.18181818,0.54545455,0.4,0.66666667,0.5,0.71428571,0.83333333,0.66666667,1,,,,,,,,,,,,,,,,0.61,0.61203,484.0,5.0,0.0,0.66666,6.0,-1.0,-0.0663,0.0195,0.2268,0.21429,0.571429,3.0,0.3333,6.0,0.18182,1.0,0.81818,539.0,4.55556,0.43849,9.0
6.0,Anastasia & Chris,TARAU1,0.63636364,0.27272727,0.7,0.33333333,0.875,0.28571429,0.16666667,1.0,,,,,,,,,,,,,,,,,0.53,0.53373,330.0,4.0,2.0,0.48484,4.0,2.0,0.0706,0.1691,0.29081,0.46128,0.571429,4.0,0.5,4.0,0.16667,1.0,0.83333,540.0,4.5,0.53244,8.0
7.0,Alana & Mel,TARAU1,0.81818182,0.90909091,0.2,0.77777778,0.625,1,,,,,,,,,,,,,,,,,,,0.72,0.72168,689.0,9.0,-2.0,0.79797,9.0,-2.0,-0.2082,-0.1354,0.2603,0.22317,0.571429,1.0,0.1667,5.0,0.2,1.0,0.8,541.0,6.66667,0.31125,6.0
8.0,Mo & Mos,TARAU1,1.0,0.63636364,0.9,0.88888889,1.0,,,,,,,,,,,,,,,,,,,,0.89,0.88505,877.0,11.0,-3.0,0.9,11.0,-3.0,-0.3544,-0.295,0.13305,0.11111,0.571429,0.0,0.0,5.0,0.63636,1.0,0.36364,542.0,8.6,0.12722,5.0
9.0,Richard & Joey,TARAU1,0.90909091,0.81818182,0.1,1.0,,,,,,,,,,,,,,,,,,,,,0.71,0.70682,659.0,8.0,1.0,0.86363,10.0,-1.0,-0.1915,-0.1172,0.3562,0.29318,0.571429,1.0,0.25,3.0,0.1,1.0,0.9,543.0,7.25,0.325,4.0
10.0,Anne-Marie & Tracy,TARAU1,0.72727273,0.72727273,1,,,,,,,,,,,,,,,,,,,,,,0.82,0.81818,825.0,10.0,0.0,0.72727,8.0,2.0,-0.3016,-0.2374,0.12856,0.13636,0.571429,0.0,0.0,3.0,0.72727,1.0,0.27273,544.0,8.66667,0.2,3.0
11.0,Ryot & Liberty,TARAU1,0.27272727,1.0,,,,,,,,,,,,,,,,,,,,,,,0.64,0.63636,538.0,7.0,4.0,0.63636,5.0,6.0,-0.102,-0.0195,0.36364,0.36364,0.571429,1.0,0.5,1.0,0.27273,1.0,0.72727,545.0,7.0,0.4,2.0
1.0,Shane & Andrew,TARAU2,0.72727273,0.63636364,0.6,0.55555556,0.625,0.75,0.42857143,0.28571429,0.33333333,0.2,0.75,0.33333333,,,,,,,,,,,,,0.52,0.51876,301.0,4.0,-3.0,0.57777,7.0,-6.0,0.0938,0.1429,0.18626,0.32576,0.567416,5.0,0.4167,7.0,0.2,0.75,0.55,546.0,4.08333,0.58267,12.0
2.0,Paul & Steve,TARAU2,0.90909091,0.45454545,0.5,0.66666667,0.125,0.125,0.14285714,0.14285714,0.16666667,0.8,0.5,0.66666667,,,,,,,,,,,,,0.43,0.43328,140.0,2.0,0.0,0.47727,5.0,-3.0,0.3096,0.3684,0.27523,0.52381,0.567416,8.0,0.6667,4.0,0.125,0.90909,0.78409,547.0,3.25,0.67061,12.0
3.0,Michelle & Jo,TARAU2,0.63636364,0.18181818,0.3,0.44444444,0.25,0.25,0.28571429,0.42857143,0.5,0.6,0.25,1,,,,,,,,,,,,,0.43,0.42724,130.0,1.0,2.0,0.36428,2.0,1.0,0.3281,0.3878,0.22322,0.275,0.567416,9.0,0.75,3.0,0.18182,1.0,0.81818,548.0,2.91667,0.66808,12.0
4.0,Joseph & Grace,TARAU2,0.54545455,0.72727273,0.7,0.33333333,0.5,0.375,1,0.85714286,0.66666667,0.4,1,,,,,,,,,,,,,,0.65,0.6459,552.0,8.0,-4.0,0.66666,8.0,-4.0,-0.1215,-0.082,0.2273,0.34221,0.567416,4.0,0.3636,7.0,0.33333,1.0,0.66667,549.0,4.90909,0.40779,11.0
5.0,Lucy & Emilia,TARAU2,1.0,0.90909091,0.9,0.88888889,0.75,0.625,0.71428571,0.71428571,0.83333333,1,,,,,,,,,,,,,,,0.83,0.83349,841.0,10.0,-5.0,0.86111,10.0,-5.0,-0.3192,-0.2886,0.12146,0.1836,0.567416,0.0,0.0,10.0,0.625,1.0,0.375,550.0,6.9,0.1917,10.0
6.0,James & Sarah,TARAU2,0.27272727,0.81818182,0.8,0.11111111,0.875,0.875,0.57142857,0.57142857,1,,,,,,,,,,,,,,,,0.65,0.65499,573.0,9.0,-3.0,0.8,9.0,-3.0,-0.1337,-0.0948,0.28272,0.30357,0.567416,2.0,0.2222,7.0,0.11111,1.0,0.88889,551.0,5.44444,0.38978,9.0
7.0,Sticky & Sam,TARAU2,0.45454545,0.09090909,0.1,0.22222222,0.375,0.5,0.85714286,1.0,,,,,,,,,,,,,,,,,0.45,0.44998,156.0,3.0,4.0,0.41477,3.0,4.0,0.261,0.3176,0.3122,0.39762,0.567416,6.0,0.75,2.0,0.09091,1.0,0.90909,552.0,3.625,0.61593,8.0
8.0,Ross & Tarryn,TARAU2,0.09090909,0.36363636,0.2,0.77777778,1.0,1,,,,,,,,,,,,,,,,,,,0.57,0.57205,401.0,7.0,1.0,0.5707,6.0,2.0,-0.0081,0.0365,0.37013,0.70354,0.567416,3.0,0.5,3.0,0.09091,1.0,0.90909,553.0,5.0,0.47315,6.0
9.0,Kym & Donna,TARAU2,0.18181818,0.54545455,0.4,1.0,,,,,,,,,,,,,,,,,,,,,0.53,0.53182,326.0,5.0,4.0,0.47272,4.0,5.0,0.0669,0.1149,0.29969,0.31364,0.567416,2.0,0.5,2.0,0.18182,1.0,0.81818,554.0,5.25,0.51668,4.0
10.0,Sue & Teresa,TARAU2,0.36363636,0.27272727,1,,,,,,,,,,,,,,,,,,,,,,0.55,0.54545,354.0,6.0,4.0,0.36363,1.0,9.0,0.0403,0.087,0.32355,0.36364,0.567416,2.0,0.6667,1.0,0.27273,1.0,0.72727,555.0,5.66667,0.5,3.0
11.0,Adam & Dane,TARAU2,0.81818182,1.0,,,,,,,,,,,,,,,,,,,,,,,0.91,0.90909,890.0,11.0,0.0,0.90909,11.0,0.0,-0.3758,-0.3478,0.09091,0.09091,0.567416,0.0,0.0,2.0,0.81818,1.0,0.18182,556.0,10.0,0.1,2.0
1.0,Daniel & Ryan,TARAU3,0.4,0.33333333,0.375,0.85714286,0.5,0.16666667,0.2,0.6,0.75,0.33333333,,,,,,,,,,,,,,,0.45,0.45155,158.0,3.0,-2.0,0.3875,3.0,-2.0,0.2831,0.394,0.21421,0.24167,0.579365,7.0,0.7,3.0,0.16667,0.85714,0.69047,557.0,2.8,0.6731,10.0
2.0,Sally & Tyson,TARAU3,0.9,0.44444444,0.5,0.71428571,0.66666667,0.5,0.8,0.2,0.5,0.66666667,,,,,,,,,,,,,,,0.59,0.58921,440.0,5.0,-3.0,0.58333,5.0,-3.0,-0.0167,0.0683,0.19105,0.20238,0.579365,5.0,0.5,5.0,0.2,0.9,0.7,558.0,3.8,0.50575,10.0
3.0,Ashleigh & Jarrod,TARAU3,0.6,0.77777778,0.625,0.42857143,0.33333333,0.33333333,1,0.4,0.25,1,,,,,,,,,,,,,,,0.57,0.5748,405.0,4.0,-1.0,0.51428,4.0,-1.0,0.0079,0.0951,0.26077,0.38958,0.579365,5.0,0.5,5.0,0.25,1.0,0.75,559.0,3.6,0.51397,10.0
4.0,Carla & Hereni,TARAU3,0.2,0.88888889,0.75,0.14285714,0.83333333,0.83333333,0.4,0.8,1,,,,,,,,,,,,,,,,0.65,0.64982,561.0,6.0,-2.0,0.8,9.0,-5.0,-0.1084,-0.0313,0.29842,0.43333,0.579365,3.0,0.3333,6.0,0.14286,1.0,0.85714,560.0,4.11111,0.41107,9.0
5.0,Cat & Jesse,TARAU3,0.8,0.55555556,0.875,0.57142857,1.0,0.66666667,0.6,1.0,,,,,,,,,,,,,,,,,0.76,0.75858,757.0,8.0,-3.0,0.73333,7.0,-2.0,-0.2363,-0.1702,0.17381,0.31339,0.579365,0.0,0.0,8.0,0.55556,1.0,0.44444,561.0,5.25,0.28314,8.0
6.0,John & Murray,TARAU3,0.1,0.22222222,0.125,0.28571429,0.16666667,1,,,,,,,,,,,,,,,,,,,0.32,0.3166,21.0,1.0,5.0,0.19444,1.0,5.0,0.83,0.9882,0.31172,0.13442,0.579365,5.0,0.8333,1.0,0.1,1.0,0.9,562.0,2.16667,0.78472,6.0
7.0,Emily & Jono,TARAU3,0.3,0.11111111,0.25,1.0,,,,,,,,,,,,,,,,,,,,,0.42,0.41528,111.0,2.0,5.0,0.275,2.0,5.0,0.3951,0.5158,0.34461,0.25972,0.579365,3.0,0.75,1.0,0.11111,1.0,0.88889,563.0,3.25,0.65873,4.0
8.0,Aston & Christie,TARAU3,0.7,0.66666667,1,,,,,,,,,,,,,,,,,,,,,,0.79,0.78889,795.0,9.0,-1.0,0.7,6.0,2.0,-0.2656,-0.2021,0.1499,0.16667,0.579365,0.0,0.0,3.0,0.66667,1.0,0.33333,564.0,7.0,0.2361,3.0
9.0,Elizabeth & Todd,TARAU3,0.5,1.0,,,,,,,,,,,,,,,,,,,,,,,0.75,0.75,741.0,7.0,2.0,0.75,8.0,1.0,-0.2275,-0.1607,0.25,0.25,0.579365,1.0,0.5,1.0,0.5,1.0,0.5,565.0,7.0,0.2778,2.0
10.0,Inga & Tiharna,TARAU3,1.0,,,,,,,,,,,,,,,,,,,,,,,,1.0,1.0,932.0,10.0,0.0,1.0,10.0,0.0,-0.4206,-0.3705,0.0,0.0,0.579365,0.0,0.0,1.0,1.0,1.0,0.0,566.0,10.0,0.0,1.0
1.0,Tim & Rod,TARAU4,0.36363636,0.4,0.33333333,0.55555556,0.625,0.28571429,0.33333333,0.33333333,0.6,0.8,0.25,0.33333333,,,,,,,,,,,,,0.43,0.43444,143.0,2.0,-1.0,0.34848,2.0,-1.0,0.3173,0.5317,0.16208,0.23333,0.572289,8.0,0.6667,4.0,0.25,0.8,0.55,567.0,3.0,0.68572,12.0
2.0,Jasmin & Jerome,TARAU4,0.54545455,0.5,0.44444444,0.44444444,0.125,0.42857143,0.83333333,0.5,0.4,0.4,0.75,0.66666667,,,,,,,,,,,,,0.5,0.50316,270.0,3.0,-1.0,0.47222,4.0,-2.0,0.1374,0.3225,0.17683,0.15433,0.572289,8.0,0.6667,4.0,0.125,0.83333,0.70833,568.0,3.33333,0.59213,12.0
3.0,Viv & Joey,TARAU4,0.18181818,0.2,0.22222222,0.77777778,0.875,0.71428571,0.5,0.83333333,1,0.6,0.5,1,,,,,,,,,,,,,0.62,0.61704,495.0,5.0,-2.0,0.65714,5.0,-2.0,-0.0725,0.0784,0.28706,0.41319,0.572289,5.0,0.4167,7.0,0.18182,1.0,0.81818,569.0,3.83333,0.4464,12.0
4.0,Tom & Tyler,TARAU4,0.09090909,0.1,0.11111111,0.11111111,0.25,0.57142857,0.16666667,0.16666667,0.2,0.2,1,,,,,,,,,,,,,,0.27,0.26981,7.0,1.0,3.0,0.16666,1.0,3.0,1.1211,1.4663,0.26402,0.11389,0.572289,9.0,0.8182,2.0,0.09091,1.0,0.90909,570.0,1.63636,0.85065,11.0
5.0,Femi & Nick,TARAU4,0.45454545,0.9,0.77777778,0.88888889,0.375,0.85714286,0.66666667,0.66666667,0.8,1,,,,,,,,,,,,,,,0.74,0.73867,724.0,7.0,-2.0,0.78888,8.0,-3.0,-0.2252,-0.0991,0.18962,0.21429,0.572289,2.0,0.2,8.0,0.375,1.0,0.625,571.0,5.5,0.30171,10.0
6.0,Sid & Ash,TARAU4,0.81818182,0.7,0.66666667,0.33333333,0.5,0.14285714,1,1.0,,,,,,,,,,,,,,,,,0.65,0.64513,549.0,6.0,0.0,0.68333,7.0,-1.0,-0.1129,0.0315,0.28632,0.4053,0.572289,3.0,0.375,5.0,0.14286,1.0,0.85714,572.0,5.25,0.40371,8.0
7.0,Hayley & Mikayla,TARAU4,0.27272727,0.3,0.55555556,0.22222222,0.75,1,,,,,,,,,,,,,,,,,,,0.52,0.51675,294.0,4.0,3.0,0.42777,3.0,4.0,0.1075,0.2877,0.28364,0.42184,0.572289,3.0,0.5,3.0,0.22222,1.0,0.77778,573.0,4.33333,0.53975,6.0
8.0,Chris & Adrienne,TARAU4,0.63636364,0.6,0.88888889,0.66666667,1.0,,,,,,,,,,,,,,,,,,,,0.76,0.75838,755.0,8.0,0.0,0.66666,6.0,2.0,-0.2454,-0.1226,0.15735,0.25253,0.572289,0.0,0.0,5.0,0.6,1.0,0.4,574.0,7.0,0.26888,5.0
9.0,Rowah & Amani,TARAU4,0.72727273,0.8,1,1.0,,,,,,,,,,,,,,,,,,,,,0.88,0.88182,876.0,9.0,0.0,0.9,9.0,0.0,-0.351,-0.2454,0.12095,0.21818,0.572289,0.0,0.0,4.0,0.72727,1.0,0.27273,575.0,8.5,0.13055,4.0
10.0,Judy & Therese,TARAU4,0.90909091,1.0,,,,,,,,,,,,,,,,,,,,,,,0.95,0.95455,915.0,10.0,0.0,0.95454,10.0,0.0,-0.4005,-0.3029,0.04545,0.04545,0.572289,0.0,0.0,2.0,0.90909,1.0,0.09091,576.0,10.0,0.05,2.0
11.0,Alana & Niko,TARAU4,1.0,,,,,,,,,,,,,,,,,,,,,,,,1.0,1.0,932.0,11.0,0.0,1.0,11.0,0.0,-0.4277,-0.3346,0.0,0.0,0.572289,0.0,0.0,1.0,1.0,1.0,0.0,577.0,11.0,0.0,1.0
1.0,Brendon & Jackson,TARAU5,0.85714286,0.23076923,0.16666667,0.08333333,0.27272727,0.66666667,0.5,0.66666667,0.625,0.4,1,0.5,0.25,0.125,⏭︎,0.85714286,1.0,0.4,0.8,0.6,0.25,0.5,0.33333333,0.33333333,0.5,0.49643,254.0,5.0,-4.0,0.5,4.0,-3.0,0.1344,0.2244,0.26995,0.4053,0.563158,14.0,0.6087,9.0,0.08333,1.0,0.91667,578.0,3.86957,0.60257,23.0
2.0,Ashleigh & Amanda,TARAU5,0.57142857,0.30769231,0.25,0.25,0.09090909,⏭︎,0.6,0.33333333,0.125,0.2,0.33333333,0.125,0.125,0.375,0.71428571,0.71428571,0.16666667,⏭︎,0.2,0.2,0.75,0.25,1.0,0.66666667,0.38,0.37948,67.0,2.0,0.0,0.27884,2.0,0.0,0.484,0.6017,0.25169,0.39286,0.563158,15.0,0.6818,7.0,0.09091,1.0,0.90909,579.0,2.77273,0.72252,22.0
3.0,Jaskirat & Anurag,TARAU5,0.07142857,0.07692308,⏭︎,0.66666667,0.18181818,0.33333333,0.1,0.88888889,0.875,0.3,0.55555556,0.625,0.375,0.25,0.42857143,0.57142857,0.66666667,0.2,1.0,0.8,0.5,0.75,0.66666667,1.0,0.52,0.51665,293.0,4.0,-1.0,0.55555,6.0,-3.0,0.09,0.1765,0.28818,0.43333,0.563158,11.0,0.4783,12.0,0.07143,1.0,0.92857,580.0,3.47826,0.55983,23.0
4.0,Chris & Aleisha,TARAU5,0.21428571,0.61538462,0.66666667,0.58333333,0.36363636,0.55555556,0.4,0.22222222,0.25,0.1,0.88888889,0.75,0.625,0.875,0.28571429,0.42857143,0.83333333,0.8,0.4,0.4,1.0,1.0,,,0.56,0.55716,372.0,6.0,-2.0,0.56944,7.0,-3.0,0.0108,0.0909,0.26382,0.41477,0.563158,10.0,0.4545,12.0,0.1,1.0,0.9,581.0,4.36364,0.50509,22.0
5.0,Skye-Blue & Jake,TARAU5,0.42857143,0.76923077,0.33333333,0.41666667,0.45454545,0.11111111,0.7,0.77777778,0.5,0.8,0.66666667,0.875,0.5,0.5,0.85714286,0.14285714,0.33333333,0.6,0.6,1.0,,,,,0.57,0.56831,395.0,7.0,-2.0,0.55,5.0,0.0,-0.0091,0.0695,0.2346,0.34577,0.563158,10.0,0.5,10.0,0.11111,1.0,0.88889,582.0,4.9,0.49167,20.0
6.0,MJ & Chelsea,TARAU5,,,,,,,0.3,0.11111111,⏭︎,0.5,0.11111111,⏭︎,0.875,0.75,0.14285714,0.28571429,0.5,1,,,,,,,0.46,0.45758,176.0,3.0,3.0,0.4,3.0,3.0,0.2307,0.3283,0.30839,0.50893,0.563158,7.0,0.7,3.0,0.11111,1.0,0.88889,583.0,3.4,0.61953,10.0
7.0,Holly & Dolor,TARAU5,0.64285714,0.84615385,0.41666667,0.75,0.54545455,0.88888889,0.8,0.44444444,1,0.9,0.44444444,0.25,0.75,0.625,0.57142857,1.0,,,,,,,,,0.68,0.67971,615.0,11.0,-4.0,0.69642,11.0,-4.0,-0.1715,-0.1058,0.21624,0.33664,0.563158,4.0,0.25,12.0,0.25,1.0,0.75,584.0,6.5625,0.35876,16.0
8.0,Stan & Wayne,TARAU5,,,,,,,,,,0.6,0.77777778,0.375,1.0,1.0,1,,,,,,,,,,0.79,0.79213,800.0,15.0,-7.0,0.88888,15.0,-7.0,-0.2891,-0.2327,0.23831,0.35556,0.563158,1.0,0.1667,5.0,0.375,1.0,0.625,585.0,6.5,0.23478,6.0
9.0,Jordan & Violeta,TARAU5,0.28571429,0.38461538,0.83333333,0.91666667,0.90909091,0.77777778,0.9,0.55555556,0.375,0.7,0.22222222,1,,,,,,,,,,,,,0.65,0.655,574.0,10.0,-1.0,0.73888,12.0,-3.0,-0.1402,-0.072,0.26553,0.52006,0.563158,4.0,0.3333,8.0,0.22222,1.0,0.77778,586.0,6.75,0.38269,12.0
10.0,Dwes & Katherine,TARAU5,1.0,,0.75,0.83333333,0.63636364,0.44444444,0.2,1.0,0.75,1,,,,,,,,,,,,,,,0.73,0.7349,717.0,13.0,-3.0,0.75,13.0,-3.0,-0.2337,-0.1729,0.25845,0.36364,0.563158,2.0,0.2222,7.0,0.2,1.0,0.8,587.0,7.88889,0.2949,9.0
11.0,Sefa & Jessica,TARAU5,0.5,0.69230769,0.58333333,0.33333333,0.72727273,0.22222222,1,,,,,,,,,,,,,,,,,,0.58,0.57978,418.0,9.0,2.0,0.58333,9.0,2.0,-0.0287,0.0484,0.24082,0.29312,0.563158,3.0,0.4286,4.0,0.22222,1.0,0.77778,588.0,6.71429,0.46123,7.0
12.0,Jobelle & Rani,TARAU5,0.92857143,0.53846154,0.5,0.5,0.81818182,1,,,,,,,,,,,,,,,,,,,0.71,0.7142,676.0,12.0,0.0,0.67832,10.0,2.0,-0.2115,-0.149,0.2086,0.39136,0.563158,2.0,0.3333,4.0,0.5,1.0,0.5,589.0,8.33333,0.31132,6.0
13.0,Shane & Deb,TARAU5,0.35714286,0.15384615,0.08333333,0.16666667,1.0,,,,,,,,,,,,,,,,,,,,0.35,0.3522,43.0,1.0,12.0,0.16666,1.0,12.0,0.599,0.7258,0.33637,0.2033,0.563158,4.0,0.8,1.0,0.08333,1.0,0.91667,590.0,4.2,0.70362,5.0
14.0,Malaan & Tina,TARAU5,0.78571429,0.46153846,0.91666667,1.0,,,,,,,,,,,,,,,,,,,,,0.79,0.79098,798.0,14.0,0.0,0.85119,14.0,0.0,-0.288,-0.2316,0.20497,0.23283,0.563158,1.0,0.25,3.0,0.46154,1.0,0.53846,591.0,10.0,0.22625,4.0
15.0,Jude & Shannon,TARAU5,0.71428571,0.92307692,1,,,,,,,,,,,,,,,,,,,,,,0.88,0.87912,874.0,16.0,-1.0,0.92307,16.0,-1.0,-0.3594,-0.3086,0.12071,0.14286,0.563158,0.0,0.0,3.0,0.71429,1.0,0.28571,592.0,11.33333,0.13033,3.0
16.0,Alex & Jack,TARAU5,0.14285714,1.0,,,,,,,,,,,,,,,,,,,,,,,0.57,0.57143,399.0,8.0,8.0,0.57142,8.0,8.0,-0.0293,0.0637,0.42857,0.42857,0.554688,1.0,0.5,1.0,0.14286,1.0,0.85714,593.0,7.5,0.46155,2.0
1.0,Heath & Toni,TARAU6,,0.5,0.77777778,0.6875,0.06666667,0.26666667,0.76923077,0.16666667,0.45454545,0.71428571,1,0.33333333,0.4,0.125,0.125,0.28571429,0.28571429,0.16666667,0.2,0.75,0.33333333,,,,0.42,0.42041,119.0,4.0,-3.0,0.33333,4.0,-3.0,0.3194,0.4458,0.26568,0.50253,0.554688,14.0,0.7,6.0,0.06667,1.0,0.93333,594.0,3.95,0.67762,20.0
2.0,Angel & Frankie,TARAU6,,0.1,0.5,0.0625,0.6,0.2,0.07692308,0.08333333,0.09090909,0.14285714,0.33333333,0.5,0.8,0.375,0.375,0.42857143,0.42857143,0.66666667,0.8,0.5,0.66666667,,,,0.39,0.38652,77.0,2.0,0.0,0.40178,5.0,-3.0,0.4351,0.5725,0.23939,0.39286,0.554688,15.0,0.75,5.0,0.0625,0.8,0.7375,595.0,3.0,0.70218,20.0
3.0,Kelly & Georgia,TARAU6,0.1,,0.27777778,0.625,0.33333333,0.4,0.84615385,0.66666667,0.72727273,,,,,0.625,0.625,0.71428571,0.14285714,0.83333333,0.6,0.25,1.0,,,,0.55,0.54792,358.0,6.0,-3.0,0.625,10.0,-7.0,0.0124,0.1093,0.25783,0.39809,0.554688,6.0,0.375,10.0,0.1,1.0,0.9,596.0,5.125,0.51516,16.0
4.0,Tiffany & Cynthia,TARAU6,0.4,,0.83333333,0.375,1.0,0.6,0.23076923,0.83333333,0.63636364,,,,,0.75,0.5,0.57142857,0.85714286,0.5,0.4,1.0,,,,,0.63,0.63249,525.0,9.0,-5.0,0.6,9.0,-5.0,-0.123,-0.039,0.2296,0.38333,0.554688,6.0,0.4,9.0,0.23077,1.0,0.76923,597.0,6.53333,0.41516,15.0
5.0,Pako & Mori,TARAU6,0.2,,0.11111111,0.25,0.13333333,0.06666667,0.15384615,0.33333333,0.90909091,0.57142857,0.16666667,0.16666667,0.6,0.25,0.25,0.14285714,0.57142857,0.33333333,1.0,,,,,,0.34,0.34499,39.0,1.0,4.0,0.25,2.0,3.0,0.6078,0.7618,0.26679,0.35485,0.554688,13.0,0.7222,5.0,0.06667,1.0,0.93333,598.0,2.88889,0.73983,18.0
6.0,Lauren & Steph,TARAU6,,0.3,0.44444444,0.125,0.73333333,0.13333333,0.61538462,0.58333333,0.27272727,,,,,,0.875,0.85714286,0.71428571,1,,,,,,,0.55,0.5545,365.0,7.0,-1.0,0.59935,8.0,-2.0,0.0003,0.0962,0.28475,0.4711,0.554688,5.0,0.4167,7.0,0.125,1.0,0.875,599.0,5.66667,0.48564,12.0
7.0,Chelsea & Jamus,TARAU6,0.9,,0.33333333,0.5,0.4,0.33333333,0.46153846,0.91666667,0.54545455,0.42857143,0.83333333,0.83333333,0.2,0.5,0.75,1.0,1.0,,,,,,,,0.62,0.62097,500.0,8.0,-1.0,0.52272,6.0,1.0,-0.1067,-0.0212,0.25598,0.42857,0.554688,8.0,0.5,8.0,0.2,1.0,0.8,600.0,5.9375,0.42535,16.0
8.0,Jodie & Claire,TARAU6,0.6,,0.94444444,0.5625,0.53333333,0.73333333,0.92307692,0.75,0.36363636,,,,,0.875,1,,,,,,,,,,0.73,0.72853,708.0,14.0,-6.0,0.74166,15.0,-7.0,-0.2386,-0.1657,0.19886,0.33918,0.554688,1.0,0.1,9.0,0.36364,1.0,0.63636,601.0,9.1,0.29546,10.0
9.0,Fliss & Tottie,TARAU6,0.8,,0.38888889,0.75,0.26666667,0.66666667,0.69230769,0.5,0.81818182,,,,,1.0,,,,,,,,,,,0.65,0.65363,569.0,11.0,-2.0,0.6923,11.0,-2.0,-0.1514,-0.0701,0.21676,0.3,0.554688,3.0,0.3333,6.0,0.26667,1.0,0.73333,602.0,8.11111,0.37307,9.0
10.0,Flick & Gabby,TARAU6,0.3,,0.05555556,0.1875,0.2,0.46666667,0.38461538,0.25,0.18181818,0.28571429,0.66666667,0.66666667,1.0,,,,,,,,,,,,0.39,0.3871,78.0,3.0,7.0,0.29285,3.0,7.0,0.4329,0.5702,0.2585,0.31979,0.554688,9.0,0.75,3.0,0.05556,1.0,0.94444,603.0,3.5,0.67427,12.0
11.0,Stuart & Glennon,TARAU6,,0.8,0.55555556,0.4375,0.86666667,0.93333333,,,,0.85714286,0.5,1,,,,,,,,,,,,,0.74,0.74377,734.0,15.0,-4.0,0.82857,16.0,-5.0,-0.2542,-0.1828,0.20042,0.34167,0.554688,2.0,0.25,6.0,0.4375,1.0,0.5625,604.0,8.375,0.28422,8.0
12.0,Kathy & Chace,TARAU6,,0.2,0.16666667,,,,,,,1,,,,,,,,,,,,,,,0.46,0.45556,169.0,5.0,7.0,0.2,1.0,11.0,0.2176,0.3342,0.38522,0.41667,0.554688,2.0,0.6667,1.0,0.16667,1.0,0.83333,605.0,4.0,0.59041,3.0
13.0,Morgan & Lilli,TARAU6,,0.9,0.61111111,0.8125,0.8,0.53333333,0.30769231,0.41666667,1,,,,,,,,,,,,,,,,0.67,0.67266,607.0,12.0,1.0,0.70555,13.0,0.0,-0.1754,-0.0964,0.22818,0.33021,0.554688,2.0,0.25,6.0,0.30769,1.0,0.69231,606.0,9.125,0.35294,8.0
14.0,Tammy & Vincent,TARAU6,0.5,,0.22222222,0.9375,0.46666667,0.86666667,0.53846154,1.0,,,,,,,,,,,,,,,,,0.65,0.64736,556.0,10.0,4.0,0.53846,7.0,7.0,-0.1432,-0.0611,0.26822,0.41875,0.554688,3.0,0.4286,4.0,0.22222,1.0,0.77778,607.0,9.0,0.38001,7.0
15.0,Crystal & Reem,TARAU6,,0.4,0.88888889,0.3125,0.93333333,0.8,1,,,,,,,,,,,,,,,,,,0.72,0.72245,690.0,13.0,2.0,0.84444,17.0,-2.0,-0.2322,-0.1587,0.26685,0.42222,0.554688,2.0,0.3333,4.0,0.3125,1.0,0.6875,608.0,10.66667,0.30056,6.0
16.0,Sam & Stu,TARAU6,,0.7,0.66666667,0.875,0.66666667,1,,,,,,,,,,,,,,,,,,,0.78,0.78167,788.0,17.0,-1.0,0.7,12.0,4.0,-0.2904,-0.2224,0.13379,0.20833,0.554688,0.0,0.0,5.0,0.66667,1.0,0.33333,609.0,11.6,0.23535,5.0
17.0,Sam & Alex,TARAU6,,0.6,0.72222222,1.0,,,,,,,,,,,,,,,,,,,,,0.77,0.77407,780.0,16.0,1.0,0.72222,14.0,3.0,-0.2834,-0.2148,0.16736,0.2,0.554688,0.0,0.0,3.0,0.6,1.0,0.4,610.0,11.66667,0.24619,3.0
18.0,Jake & Holly,TARAU6,0.7,,1,,,,,,,,,,,,,,,,,,,,,,0.85,0.85,851.0,18.0,0.0,0.85,18.0,0.0,-0.3474,-0.2849,0.15,0.15,0.554688,0.0,0.0,2.0,0.7,1.0,0.3,611.0,12.5,0.16667,2.0
19.0,Bren & Anja,TARAU6,,1.0,,,,,,,,,,,,,,,,,,,,,,,1.0,1.0,932.0,19.0,0.0,1.0,19.0,0.0,-0.4453,-0.3922,0.0,0.0,0.554688,0.0,0.0,1.0,1.0,1.0,0.0,612.0,10.0,0.0,1.0
20.0,Paul & Rachel,TARAU6,1.0,,,,,,,,,,,,,,,,,,,,,,,,1.0,1.0,932.0,19.0,1.0,1.0,19.0,1.0,-0.4453,-0.3922,0.0,0.0,0.554688,0.0,0.0,1.0,1.0,1.0,0.0,613.0,10.0,0.0,1.0
1.0,Darren & Tristan,TARAU7,0.09090909,0.5,0.11111111,0.11111111,0.625,0.57142857,0.16666667,0.8,0.6,0.25,0.5,0.33333333,,,,,,,,,,,,,0.39,0.3883,81.0,1.0,0.0,0.41666,2.0,-1.0,0.4466,0.5653,0.23134,0.42579,0.561728,8.0,0.6667,4.0,0.09091,0.8,0.70909,614.0,2.41667,0.74173,12.0
1.0,Emma & Hayley,TARAU7,0.27272727,0.1,0.44444444,0.44444444,0.875,0.71428571,0.66666667,0.2,0.2,0.75,0.75,0.33333333,,,,,,,,,,,,,0.48,0.47924,212.0,3.0,-2.0,0.44444,3.0,-2.0,0.1721,0.2683,0.25162,0.46867,0.561728,7.0,0.5833,5.0,0.1,0.875,0.775,615.0,3.08333,0.63274,12.0
1.0,Alli & Angie,TARAU7,0.36363636,0.2,0.66666667,0.66666667,0.125,0.28571429,0.33333333,0.4,0.8,1,0.25,0.33333333,,,,,,,,,,,,,0.45,0.45203,159.0,2.0,-1.0,0.34848,1.0,0.0,0.2427,0.3446,0.25676,0.38988,0.561728,8.0,0.6667,4.0,0.125,1.0,0.875,616.0,2.91667,0.66435,12.0
4.0,Harry & Teddy,TARAU7,0.18181818,0.3,0.33333333,0.77777778,0.75,0.85714286,0.83333333,1.0,0.4,0.5,1,,,,,,,,,,,,,,0.63,0.63031,521.0,7.0,-3.0,0.75,7.0,-3.0,-0.1088,-0.0357,0.28132,0.47857,0.561728,5.0,0.4545,6.0,0.18182,1.0,0.81818,617.0,4.09091,0.43153,11.0
5.0,Jana & Cor,TARAU7,0.54545455,0.4,0.88888889,0.22222222,0.375,0.14285714,0.5,0.6,1,,,,,,,,,,,,,,,,0.52,0.51938,302.0,4.0,1.0,0.5,4.0,1.0,0.0815,0.1703,0.26672,0.225,0.561728,5.0,0.5556,4.0,0.14286,1.0,0.85714,618.0,3.88889,0.55344,9.0
6.0,Bec & Kate,TARAU7,0.90909091,0.8,0.55555556,0.33333333,0.25,0.42857143,1,,,,,,,,,,,,,,,,,,0.61,0.61094,482.0,6.0,0.0,0.55555,5.0,1.0,-0.0806,-0.0051,0.27247,0.47359,0.561728,3.0,0.4286,4.0,0.25,1.0,0.75,619.0,5.28571,0.44229,7.0
7.0,George & Pam,TARAU7,0.45454545,0.7,1,0.88888889,0.5,1,,,,,,,,,,,,,,,,,,,0.76,0.75724,751.0,8.0,-1.0,0.79444,8.0,-1.0,-0.2582,-0.1973,0.22221,0.42222,0.561728,2.0,0.3333,4.0,0.45455,1.0,0.54545,620.0,6.66667,0.27163,6.0
8.0,Ben & Jackie,TARAU7,0.63636364,0.6,0.22222222,0.55555556,1.0,,,,,,,,,,,,,,,,,,,,0.6,0.60283,466.0,5.0,3.0,0.6,6.0,2.0,-0.0682,0.0083,0.24738,0.08081,0.561728,1.0,0.2,4.0,0.22222,1.0,0.77778,621.0,5.6,0.44389,5.0
9.0,Peter & Frankie,TARAU7,0.81818182,0.9,0.77777778,1.0,,,,,,,,,,,,,,,,,,,,,0.87,0.87399,868.0,10.0,-1.0,0.85909,9.0,0.0,-0.3573,-0.3046,0.08504,0.11692,0.561728,0.0,0.0,4.0,0.77778,1.0,0.22222,622.0,8.5,0.14028,4.0
10.0,Grant & Chezzi,TARAU7,0.72727273,1.0,,,,,,,,,,,,,,,,,,,,,,,0.86,0.86364,858.0,9.0,1.0,0.86363,10.0,0.0,-0.3496,-0.2962,0.13636,0.13636,0.561728,0.0,0.0,2.0,0.72727,1.0,0.27273,623.0,9.0,0.15,2.0
11.0,Dane & Bow,TARAU7,1.0,,,,,,,,,,,,,,,,,,,,,,,,1.0,1.0,932.0,11.0,0.0,1.0,11.0,0.0,-0.4383,-0.3922,0.0,0.0,0.561728,0.0,0.0,1.0,1.0,1.0,0.0,624.0,11.0,0.0,1.0
1.0,Bam Bam & Logan,TARAU8,,,,,,,,,,,,,,,,,,,,,,,,,,,,,,,,,,,,,,,,,,,,,,,
2.0,Billy & Oscar,TARAU8,,,,,,,,,,,,,,,,,,,,,,,,,,,,,,,,,,,,,,,,,,,,,,,
3.0,Brooke & Adam,TARAU8,,,,,,,,,,,,,,,,,,,,,,,,,,,,,,,,,,,,,,,,,,,,,,,
4.0,Peter & Bridget,TARAU8,,,,,,,,,,,,,,,,,,,,,,,,,,,,,,,,,,,,,,,,,,,,,,,
5.0,Thorpie & Christian,TARAU8,,,,,,,,,,,,,,,,,,,,,,,,,,,,,,,,,,,,,,,,,,,,,,,
6.0,Chloe & Emily,TARAU8,,,,,,,,,,,,,,,,,,,,,,,,,,,,,,,,,,,,,,,,,,,,,,,
7.0,Havana & Steph,TARAU8,,,,,,,,,,,,,,,,,,,,,,,,,,,,,,,,,,,,,,,,,,,,,,,
8.0,Jett & Lily,TARAU8,,,,,,,,,,,,,,,,,,,,,,,,,,,,,,,,,,,,,,,,,,,,,,,
9.0,Cyrell & Eden,TARAU8,,,,,,,,,,,,,,,,,,,,,,,,,,,,,,,,,,,,,,,,,,,,,,,
10.0,Nat & Mel,TARAU8,,,,,,,,,,,,,,,,,,,,,,,,,,,,,,,,,,,,,,,,,,,,,,,
11.0,Luke & Julie,TARAU8,,,,,,,,,,,,,,,,,,,,,,,,,,,,,,,,,,,,,,,,,,,,,,,
1.0,Steve & Bernie,TARAU9,,,,,,,,,,,,,,,,,,,,,,,,,,,,,,,,,,,,,,,,,,,,,,,
2.0,Rob & Georgie,TARAU9,,,,,,,,,,,,,,,,,,,,,,,,,,,,,,,,,,,,,,,,,,,,,,,
3.0,Aesha & Scott,TARAU9,,,,,,,,,,,,,,,,,,,,,,,,,,,,,,,,,,,,,,,,,,,,,,,
4.0,Luke & Scott,TARAU9,,,,,,,,,,,,,,,,,,,,,,,,,,,,,,,,,,,,,,,,,,,,,,,
5.0,Gretel & Epiphany,TARAU9,,,,,,,,,,,,,,,,,,,,,,,,,,,,,,,,,,,,,,,,,,,,,,,
6.0,Melissa & Leah,TARAU9,,,,,,,,,,,,,,,,,,,,,,,,,,,,,,,,,,,,,,,,,,,,,,,
7.0,Brendan & Leni,TARAU9,,,,,,,,,,,,,,,,,,,,,,,,,,,,,,,,,,,,,,,,,,,,,,,
8.0,Lindy & Stella,TARAU9,,,,,,,,,,,,,,,,,,,,,,,,,,,,,,,,,,,,,,,,,,,,,,,
9.0,Dom & Marx,TARAU9,,,,,,,,,,,,,,,,,,,,,,,,,,,,,,,,,,,,,,,,,,,,,,,
10.0,Steph & Ben,TARAU9,,,,,,,,,,,,,,,,,,,,,,,,,,,,,,,,,,,,,,,,,,,,,,,
11.0,Bronte & Benfield,TARAU9,,,,,,,,,,,,,,,,,,,,,,,,,,,,,,,,,,,,,,,,,,,,,,,
12.0,Ant & Dan,TARAU9,,,,,,,,,,,,,,,,,,,,,,,,,,,,,,,,,,,,,,,,,,,,,,,
13.0,Ed & Tiff,TARAU9,,,,,,,,,,,,,,,,,,,,,,,,,,,,,,,,,,,,,,,,,,,,,,,
1.0,Charlie & Rachel,TARCR1,0.1,0.3,0.22222222,0.125,0.57142857,0.16666667,0.4,0.2,1,0.8,0.25,0.33333333,,,,,,,,,,,,,0.37,0.37239,61.0,1.0,0.0,0.275,2.0,-1.0,0.5519,0.7482,0.26908,0.25119,0.577922,9.0,0.75,3.0,0.1,1.0,0.9,625.0,2.16667,0.76273,12.0
2.0,Rick & Josh,TARCR1,0.3,0.1,0.11111111,0.375,0.14285714,0.83333333,0.2,0.6,0.4,0.2,0.75,0.66666667,,,,,,,,,,,,,0.39,0.38991,83.0,3.0,-1.0,0.3375,3.0,-1.0,0.4822,0.6696,0.25006,0.43095,0.577922,8.0,0.6667,4.0,0.1,0.83333,0.73333,626.0,2.16667,0.73128,12.0
3.0,Deepak & Naresh,TARCR1,0.9,0.5,0.55555556,0.5,0.85714286,0.5,0.8,1.0,0.8,0.6,0.5,1,,,,,,,,,,,,,0.71,0.70939,665.0,5.0,-2.0,0.7,5.0,-2.0,-0.1853,-0.0823,0.19461,0.36786,0.577922,4.0,0.3333,8.0,0.5,1.0,0.5,627.0,4.41667,0.34763,12.0
4.0,Lisa & Karen,TARCR1,0.5,0.8,0.88888889,0.625,0.71428571,0.66666667,1,0.8,0.6,0.4,1,,,,,,,,,,,,,,0.73,0.7268,702.0,6.0,-2.0,0.71428,7.0,-3.0,-0.2048,-0.1043,0.18457,0.23194,0.577922,2.0,0.1818,9.0,0.4,1.0,0.6,628.0,4.81818,0.32406,11.0
5.0,Sarah & Molly,TARCR1,0.4,0.4,0.44444444,0.75,0.42857143,0.33333333,0.6,0.4,0.2,1,,,,,,,,,,,,,,,0.5,0.49563,251.0,4.0,1.0,0.41428,4.0,1.0,0.166,0.3135,0.2187,0.16111,0.577922,7.0,0.7,3.0,0.2,1.0,0.8,629.0,3.4,0.59608,10.0
6.0,Sean & Amy,TARCR1,0.2,0.2,0.33333333,0.25,0.28571429,1,,,,,,,,,,,,,,,,,,,0.38,0.37817,65.0,2.0,4.0,0.26785,1.0,5.0,0.5282,0.7215,0.282,0.10893,0.577922,5.0,0.8333,1.0,0.2,1.0,0.8,630.0,2.83333,0.70303,6.0
7.0,Bonnie & Mel,TARCR1,0.7,0.6,0.66666667,0.875,1.0,,,,,,,,,,,,,,,,,,,,0.77,0.76833,768.0,7.0,0.0,0.7,5.0,2.0,-0.2478,-0.1527,0.14723,0.20833,0.577922,0.0,0.0,5.0,0.6,1.0,0.4,631.0,6.6,0.25912,5.0
8.0,Janis & Aleksandra,TARCR1,0.6,0.7,0.77777778,1.0,,,,,,,,,,,,,,,,,,,,,0.77,0.76944,772.0,8.0,0.0,0.73888,8.0,0.0,-0.2489,-0.1539,0.14727,0.15833,0.577922,0.0,0.0,4.0,0.6,1.0,0.4,632.0,7.0,0.25693,4.0
9.0,Miguel & Hector,TARCR1,0.8,0.9,1,,,,,,,,,,,,,,,,,,,,,,0.9,0.9,879.0,9.0,0.0,0.9,9.0,0.0,-0.3579,-0.2767,0.08165,0.1,0.577922,0.0,0.0,3.0,0.8,1.0,0.2,633.0,8.66667,0.1111,3.0
10.0,Paul & Francis,TARCR1,1.0,1.0,,,,,,,,,,,,,,,,,,,,,,,1.0,1.0,932.0,10.0,0.0,1.0,10.0,0.0,-0.4221,-0.349,0.0,0.0,0.577922,0.0,0.0,2.0,1.0,1.0,0.0,634.0,10.0,0.0,2.0
1.0,Lily & Jan,TARCR2,0.27272727,0.5,0.77777778,0.375,0.28571429,0.14285714,0.83333333,0.16666667,0.4,0.2,0.5,0.33333333,,,,,,,,,,,,,0.4,0.39895,92.0,1.0,0.0,0.35416,3.0,-2.0,0.439,0.6318,0.21319,0.24545,0.574074,10.0,0.8333,2.0,0.14286,0.83333,0.69047,635.0,2.75,0.73083,12.0
2.0,Simon & Katherine,TARCR2,0.54545455,0.8,0.66666667,0.75,0.71428571,0.85714286,0.5,0.83333333,0.8,0.6,0.75,0.66666667,,,,,,,,,,,,,0.71,0.70696,660.0,9.0,-7.0,0.73214,8.0,-6.0,-0.188,-0.0791,0.10924,0.15,0.574074,1.0,0.0833,11.0,0.5,0.85714,0.35714,636.0,4.75,0.35552,12.0
3.0,Sun Bin & Hao Fei'er,TARCR2,0.72727273,0.9,0.11111111,0.125,0.14285714,0.28571429,0.33333333,0.33333333,0.6,0.4,0.25,1,,,,,,,,,,,,,0.43,0.43405,142.0,2.0,1.0,0.33333,2.0,1.0,0.3226,0.4998,0.29052,0.4086,0.574074,8.0,0.6667,4.0,0.11111,1.0,0.88889,637.0,2.91667,0.67453,12.0
4.0,Matt & Kylie,TARCR2,0.90909091,0.7,0.22222222,0.5,0.57142857,0.71428571,0.66666667,0.5,0.2,0.8,1,,,,,,,,,,,,,,0.62,0.6167,494.0,6.0,-2.0,0.66666,7.0,-3.0,-0.0691,0.0556,0.24187,0.25714,0.574074,4.0,0.3636,7.0,0.2,1.0,0.8,638.0,4.36364,0.45118,11.0
5.0,Mary & Cecilia,TARCR2,0.09090909,0.1,0.88888889,0.875,0.85714286,0.57142857,0.16666667,0.66666667,1,1,,,,,,,,,,,,,,,0.62,0.62167,501.0,7.0,-2.0,0.7619,9.0,-4.0,-0.0766,0.0472,0.35252,0.61756,0.574074,3.0,0.3,7.0,0.09091,1.0,0.90909,639.0,4.2,0.43346,10.0
6.0,Elena & Tameka,TARCR2,0.63636364,0.2,0.33333333,0.25,0.42857143,0.42857143,1,1.0,,,,,,,,,,,,,,,,,0.53,0.5346,332.0,4.0,2.0,0.42857,4.0,2.0,0.0738,0.2177,0.2957,0.41477,0.574074,5.0,0.625,3.0,0.2,1.0,0.8,640.0,4.0,0.52868,8.0
7.0,Rhett & Howie,TARCR2,0.45454545,0.6,0.44444444,0.625,1.0,1,,,,,,,,,,,,,,,,,,,0.69,0.68733,632.0,8.0,-1.0,0.6125,6.0,1.0,-0.1648,-0.0528,0.23102,0.41534,0.574074,2.0,0.3333,4.0,0.44444,1.0,0.55556,641.0,5.66667,0.34967,6.0
8.0,Summer & Eachen,TARCR2,0.36363636,0.4,0.55555556,1.0,,,,,,,,,,,,,,,,,,,,,0.58,0.5798,419.0,5.0,3.0,0.47777,5.0,3.0,-0.0099,0.1228,0.25309,0.27576,0.574074,2.0,0.5,2.0,0.36364,1.0,0.63636,642.0,5.25,0.46668,4.0
9.0,Xiao Long & Lv Meng,TARCR2,0.18181818,0.3,1,,,,,,,,,,,,,,,,,,,,,,0.49,0.49394,245.0,3.0,6.0,0.3,1.0,8.0,0.1622,0.318,0.36108,0.40909,0.574074,2.0,0.6667,1.0,0.18182,1.0,0.81818,643.0,4.66667,0.55927,3.0
10.0,A Lai & Jackie,TARCR2,0.81818182,1.0,,,,,,,,,,,,,,,,,,,,,,,0.91,0.90909,890.0,10.0,0.0,0.90909,10.0,0.0,-0.3685,-0.2839,0.09091,0.09091,0.574074,0.0,0.0,2.0,0.81818,1.0,0.18182,644.0,9.5,0.1,2.0
11.0,Paul & Nash,TARCR2,1.0,,,,,,,,,,,,,,,,,,,,,,,,1.0,1.0,932.0,11.0,0.0,1.0,11.0,0.0,-0.4259,-0.349,0.0,0.0,0.574074,0.0,0.0,1.0,1.0,1.0,0.0,645.0,11.0,0.0,1.0
1.0,Liu Weiwei & Lei Sheng,TARCR3,0.09090909,0.1,0.55555556,0.625,0.375,0.5,0.14285714,0.66666667,0.2,0.2,0.75,0.33333333,,,,,,,,,,,,,0.38,0.37828,66.0,1.0,0.0,0.35416,2.0,-1.0,0.5106,0.721,0.22537,0.3872,0.571429,8.0,0.6667,4.0,0.09091,0.75,0.65909,646.0,2.5,0.74563,12.0
2.0,Christine & Steven,TARCR3,0.36363636,0.3,0.77777778,0.875,0.75,0.375,0.85714286,0.33333333,0.4,0.8,0.5,0.66666667,,,,,,,,,,,,,0.58,0.58321,430.0,5.0,-3.0,0.58333,5.0,-3.0,-0.0202,0.1162,0.21496,0.41117,0.571429,6.0,0.5,6.0,0.3,0.875,0.575,647.0,4.0,0.50034,12.0
3.0,Ryan & Charlie,TARCR3,0.45454545,0.5,0.33333333,0.125,0.25,0.125,0.57142857,0.5,0.8,0.6,0.25,1,,,,,,,,,,,,,0.46,0.45911,177.0,3.0,0.0,0.47727,4.0,-1.0,0.2446,0.418,0.2535,0.32857,0.571429,8.0,0.6667,4.0,0.125,1.0,0.875,648.0,2.91667,0.63439,12.0
4.0,Zhang Yelin & Li Yang,TARCR3,0.81818182,0.4,0.66666667,0.375,1.0,0.625,0.71428571,0.16666667,0.6,0.4,1,,,,,,,,,,,,,,0.62,0.61507,491.0,6.0,-2.0,0.625,6.0,-2.0,-0.071,0.0584,0.25256,0.36623,0.571429,4.0,0.3636,7.0,0.16667,1.0,0.83333,649.0,4.54545,0.45163,11.0
5.0,Janelle & Karin,TARCR3,0.54545455,0.9,0.11111111,0.75,0.5,0.75,0.28571429,0.83333333,1,1,,,,,,,,,,,,,,,0.67,0.66756,600.0,8.0,-3.0,0.75,7.0,-2.0,-0.144,-0.0248,0.28541,0.37197,0.571429,3.0,0.3,7.0,0.11111,1.0,0.88889,650.0,4.9,0.37872,10.0
6.0,Khai Shing & Khai Sheng,TARCR3,0.63636364,0.6,0.22222222,0.25,0.125,0.25,0.42857143,1.0,,,,,,,,,,,,,,,,,0.44,0.43902,145.0,2.0,4.0,0.33928,1.0,5.0,0.3016,0.4829,0.27311,0.36604,0.571429,5.0,0.625,3.0,0.125,1.0,0.875,651.0,3.625,0.63754,8.0
7.0,Henry & Jennifer,TARCR3,0.90909091,0.7,0.88888889,1.0,0.625,0.875,1,,,,,,,,,,,,,,,,,,0.86,0.85685,856.0,9.0,-2.0,0.88888,10.0,-3.0,-0.3331,-0.2402,0.13279,0.16705,0.571429,0.0,0.0,7.0,0.625,1.0,0.375,652.0,7.42857,0.1614,7.0
8.0,Xiao Bing & Xiao Bang,TARCR3,0.27272727,0.2,0.44444444,0.5,0.875,1,,,,,,,,,,,,,,,,,,,0.55,0.5487,360.0,4.0,4.0,0.47222,3.0,5.0,0.0414,0.1865,0.29471,0.46559,0.571429,4.0,0.6667,2.0,0.2,1.0,0.8,653.0,4.66667,0.5047,6.0
9.0,Yu Ping & Yu Chenjing,TARCR3,0.18181818,0.8,1,,,,,,,,,,,,,,,,,,,,,,0.66,0.66061,587.0,7.0,2.0,0.8,8.0,1.0,-0.135,-0.0145,0.34826,0.40909,0.571429,1.0,0.3333,2.0,0.18182,1.0,0.81818,654.0,6.33333,0.37407,3.0
10.0,Nick & Brandon,TARCR3,0.72727273,1.0,,,,,,,,,,,,,,,,,,,,,,,0.86,0.86364,858.0,10.0,0.0,0.86363,9.0,1.0,-0.3383,-0.2462,0.13636,0.13636,0.571429,0.0,0.0,2.0,0.72727,1.0,0.27273,655.0,9.0,0.15,2.0
11.0,Rob & Jia Jia,TARCR3,1.0,,,,,,,,,,,,,,,,,,,,,,,,1.0,1.0,932.0,11.0,0.0,1.0,11.0,0.0,-0.4286,-0.349,0.0,0.0,0.571429,0.0,0.0,1.0,1.0,1.0,0.0,656.0,11.0,0.0,1.0
1.0,Patrícia & Sane,TARBR1,0.27272727,0.4,0.22222222,0.55555556,0.5,0.42857143,0.71428571,0.5,0.8,0.6,0.25,0.5,0.33333333,,,,,,,,,,,,0.47,0.46744,187.0,2.0,-1.0,0.5,2.0,-1.0,0.2277,0.3927,0.16857,0.22222,0.573864,9.0,0.6923,4.0,0.22222,0.8,0.57778,657.0,3.07692,0.64845,13.0
2.0,Jonatas & Rafael,TARBR1,0.18181818,0.1,1,0.11111111,0.25,0.28571429,0.57142857,0.33333333,0.6,0.8,0.75,0.75,0.66666667,,,,,,,,,,,,0.49,0.49231,241.0,3.0,-1.0,0.57142,4.0,-2.0,0.1657,0.3223,0.28498,0.5,0.573864,6.0,0.4615,7.0,0.1,1.0,0.9,658.0,2.92308,0.60054,13.0
3.0,Perri & Maristela,TARBR1,0.09090909,0.3,0.44444444,0.44444444,0.375,0.14285714,0.14285714,0.66666667,0.2,0.4,0.5,0.25,1.0,,,,,,,,,,,,0.38,0.38132,71.0,1.0,2.0,0.375,1.0,2.0,0.5049,0.7072,0.23882,0.24444,0.573864,11.0,0.8462,2.0,0.09091,1.0,0.90909,659.0,2.30769,0.73529,13.0
4.0,Jorge & Silvia,TARBR1,0.36363636,0.7,0.55555556,0.77777778,0.625,0.71428571,0.42857143,0.83333333,0.4,0.2,1,1,,,,,,,,,,,,,0.63,0.63318,527.0,6.0,-2.0,0.6625,6.0,-2.0,-0.0937,0.0282,0.24217,0.37024,0.573864,4.0,0.3333,8.0,0.2,1.0,0.8,660.0,4.33333,0.43016,12.0
5.0,Débora & Daniela,TARBR1,0.72727273,0.5,0.77777778,0.33333333,0.875,0.57142857,0.28571429,0.16666667,1,1,,,,,,,,,,,,,,,0.62,0.62372,507.0,5.0,0.0,0.64935,5.0,0.0,-0.0799,0.0437,0.28395,0.47569,0.573864,4.0,0.4,6.0,0.16667,1.0,0.83333,661.0,4.7,0.43318,10.0
6.0,Andréa & Luciana,TARBR1,0.81818182,0.8,0.66666667,0.66666667,0.125,1,0.85714286,1.0,,,,,,,,,,,,,,,,,0.74,0.74171,732.0,9.0,-3.0,0.80909,8.0,-2.0,-0.2263,-0.1223,0.26163,0.22619,0.573864,1.0,0.125,7.0,0.125,1.0,0.875,662.0,6.125,0.29236,8.0
7.0,Milene & Jaqueline,TARBR1,0.45454545,0.2,0.88888889,0.88888889,0.75,0.85714286,1,,,,,,,,,,,,,,,,,,0.72,0.71992,687.0,8.0,-1.0,0.85714,9.0,-2.0,-0.2029,-0.0957,0.2662,0.28662,0.573864,2.0,0.2857,5.0,0.2,1.0,0.8,663.0,6.0,0.31304,7.0
8.0,Mari Lice & Tâmisa,TARBR1,0.54545455,0.6,0.33333333,0.22222222,1.0,,,,,,,,,,,,,,,,,,,,0.54,0.5402,342.0,4.0,4.0,0.54545,3.0,5.0,0.0623,0.2051,0.26793,0.26667,0.573864,2.0,0.4,3.0,0.22222,1.0,0.77778,664.0,5.0,0.51388,5.0
9.0,Carlos & Eduardo,TARBR1,0.63636364,0.9,0.11111111,1.0,,,,,,,,,,,,,,,,,,,,,0.66,0.66187,590.0,7.0,2.0,0.76818,7.0,2.0,-0.133,-0.0164,0.34461,0.41995,0.573864,1.0,0.25,3.0,0.11111,1.0,0.88889,665.0,6.5,0.37778,4.0
10.0,Marcelo & Narciso,TARBR1,0.90909091,1.0,,,,,,,,,,,,,,,,,,,,,,,0.95,0.95455,915.0,10.0,0.0,0.95454,10.0,0.0,-0.3988,-0.318,0.04545,0.04545,0.573864,0.0,0.0,2.0,0.90909,1.0,0.09091,666.0,10.0,0.05,2.0
11.0,Sandro & Daniel,TARBR1,1.0,,,,,,,,,,,,,,,,,,,,,,,,1.0,1.0,932.0,11.0,0.0,1.0,11.0,0.0,-0.4261,-0.349,0.0,0.0,0.573864,0.0,0.0,1.0,1.0,1.0,0.0,667.0,11.0,0.0,1.0
1.0,Shay & Guy,TARIL1,0.7,0.2,0.22222222,0.625,0.57142857,0.16666667,0.2,0.4,0.5,0.33333333,,,,,,,,,,,,,,,0.39,0.39187,85.0,1.0,0.0,0.36666,2.0,-1.0,0.4664,0.6613,0.18704,0.34802,0.574627,7.0,0.7,3.0,0.16667,0.7,0.53333,668.0,2.7,0.74425,10.0
2.0,Maya & Amichay,TARIL1,0.1,0.1,0.33333333,0.125,0.14285714,0.5,0.8,0.6,0.75,0.66666667,,,,,,,,,,,,,,,0.41,0.41179,106.0,2.0,0.0,0.41666,3.0,-1.0,0.3954,0.5809,0.26989,0.52054,0.574627,6.0,0.6,4.0,0.1,0.8,0.7,669.0,2.2,0.69333,10.0
3.0,Tom & Gil,TARIL1,0.5,0.4,0.44444444,0.5,0.85714286,0.33333333,0.4,0.8,0.25,1,,,,,,,,,,,,,,,0.55,0.54849,359.0,4.0,-1.0,0.47222,4.0,-1.0,0.0477,0.1869,0.23609,0.325,0.574627,7.0,0.7,3.0,0.25,1.0,0.75,670.0,3.5,0.53854,10.0
4.0,Michal & Ran,TARIL1,0.3,0.3,0.55555556,0.25,0.28571429,0.83333333,0.6,0.2,1,,,,,,,,,,,,,,,,0.48,0.48051,215.0,3.0,1.0,0.3,1.0,3.0,0.1959,0.3548,0.26858,0.31429,0.574627,5.0,0.5556,4.0,0.2,1.0,0.8,671.0,3.11111,0.60511,9.0
5.0,Hadas & Inbal,TARIL1,0.4,0.8,0.77777778,0.375,0.42857143,0.66666667,1,1.0,,,,,,,,,,,,,,,,,0.68,0.681,618.0,6.0,-1.0,0.72222,6.0,-1.0,-0.1562,-0.044,0.24072,0.42857,0.574627,3.0,0.375,5.0,0.375,1.0,0.625,672.0,4.875,0.36499,8.0
6.0,Yael & Eliana,TARIL1,0.2,0.6,0.66666667,0.75,0.71428571,1,,,,,,,,,,,,,,,,,,,0.66,0.65516,576.0,5.0,1.0,0.69047,5.0,1.0,-0.1229,-0.0063,0.23866,0.1244,0.574627,1.0,0.1667,5.0,0.2,1.0,0.8,673.0,5.16667,0.38788,6.0
7.0,Hannah & Margalit,TARIL1,0.9,0.9,0.11111111,0.875,1.0,,,,,,,,,,,,,,,,,,,,0.76,0.75722,750.0,7.0,0.0,0.9,9.0,-2.0,-0.2411,-0.1403,0.3259,0.025,0.574627,1.0,0.2,4.0,0.11111,1.0,0.88889,674.0,6.6,0.30636,5.0
8.0,Alen & Inbal,TARIL1,0.8,0.5,0.88888889,1.0,,,,,,,,,,,,,,,,,,,,,0.8,0.79722,803.0,8.0,0.0,0.84444,8.0,0.0,-0.2792,-0.1834,0.18565,0.19167,0.574627,1.0,0.25,3.0,0.5,1.0,0.5,675.0,7.25,0.2257,4.0
9.0,Asher & Maor,TARIL1,1.0,0.7,1,,,,,,,,,,,,,,,,,,,,,,0.9,0.9,879.0,10.0,-1.0,1.0,10.0,-1.0,-0.3615,-0.2767,0.14142,0.15,0.574627,0.0,0.0,3.0,0.7,1.0,0.3,676.0,8.66667,0.1111,3.0
10.0,Liran & Elena,TARIL1,0.6,1.0,,,,,,,,,,,,,,,,,,,,,,,0.8,0.8,806.0,9.0,1.0,0.8,7.0,3.0,-0.2817,-0.1862,0.2,0.2,0.574627,0.0,0.0,2.0,0.6,1.0,0.4,677.0,8.0,0.2222,2.0
1.0,Bar & Inna,TARIL2,0.72727273,0.88888889,0.75,0.85714286,0.14285714,0.5,0.66666667,1.0,1,0.2,0.75,0.25,0.33333333,,,,,,,,,,,,0.62,0.62047,499.0,5.0,-4.0,0.72727,6.0,-5.0,-0.0632,0.0492,0.2912,0.52381,0.58125,5.0,0.3846,8.0,0.14286,1.0,0.85714,678.0,4.0,0.47775,13.0
2.0,Alon & Oren,TARIL2,0.27272727,0.11111111,0.25,0.28571429,0.28571429,0.33333333,0.16666667,0.2,0.6,0.4,0.5,0.75,0.66666667,,,,,,,,,,,,0.37,0.37092,60.0,1.0,1.0,0.28571,1.0,1.0,0.567,0.7551,0.19211,0.25,0.58125,10.0,0.7692,3.0,0.11111,0.75,0.63889,679.0,2.0,0.75952,13.0
3.0,Anaelle & Akiva,TARIL2,0.09090909,0.55555556,0.375,0.71428571,0.71428571,0.16666667,0.33333333,0.4,0.4,0.6,0.25,0.5,1.0,,,,,,,,,,,,0.47,0.46923,194.0,2.0,1.0,0.4,2.0,1.0,0.2387,0.3874,0.23971,0.26667,0.58125,8.0,0.6154,5.0,0.09091,1.0,0.90909,680.0,2.69231,0.64212,13.0
4.0,Tom & Adele,TARIL2,0.45454545,0.33333333,0.625,1.0,0.85714286,0.66666667,0.5,0.8,0.2,0.8,1,1,,,,,,,,,,,,,0.69,0.68639,630.0,6.0,-2.0,0.73333,7.0,-3.0,-0.1532,-0.0516,0.25883,0.40422,0.58125,4.0,0.3333,8.0,0.2,1.0,0.8,681.0,4.16667,0.37044,12.0
5.0,Osnat & Carmit,TARIL2,0.54545455,0.44444444,0.875,0.57142857,0.42857143,1,0.83333333,0.6,0.8,1,,,,,,,,,,,,,,,0.71,0.70982,666.0,7.0,-2.0,0.7,5.0,0.0,-0.1811,-0.0829,0.2066,0.31264,0.58125,2.0,0.2,8.0,0.42857,1.0,0.57143,682.0,4.7,0.33846,10.0
6.0,Pundak & Moti,TARIL2,0.18181818,0.22222222,0.125,0.42857143,0.57142857,0.83333333,1,,,,,,,,,,,,,,,,,,0.48,0.48034,214.0,3.0,3.0,0.42857,3.0,3.0,0.2101,0.3553,0.31342,0.50036,0.58125,4.0,0.5714,3.0,0.125,1.0,0.875,683.0,3.28571,0.59167,7.0
7.0,Alon & Hen,TARIL2,0.36363636,0.66666667,0.5,0.14285714,1.0,,,,,,,,,,,,,,,,,,,,0.53,0.53463,333.0,4.0,3.0,0.5,4.0,3.0,0.0872,0.2177,0.28911,0.30303,0.58125,3.0,0.6,2.0,0.14286,1.0,0.85714,684.0,4.4,0.52928,5.0
8.0,Firass & Shira,TARIL2,0.63636364,0.77777778,1,,,,,,,,,,,,,,,,,,,,,,0.8,0.80471,812.0,8.0,0.0,0.77777,8.0,0.0,-0.2777,-0.191,0.14967,0.18182,0.58125,0.0,0.0,3.0,0.63636,1.0,0.36364,685.0,7.33333,0.21667,3.0
9.0,Nitzan & Fifi,TARIL2,0.81818182,1.0,,,,,,,,,,,,,,,,,,,,,,,0.91,0.90909,890.0,9.0,0.0,0.90909,9.0,0.0,-0.3606,-0.2839,0.09091,0.09091,0.58125,0.0,0.0,2.0,0.81818,1.0,0.18182,686.0,9.0,0.1,2.0
10.0,Tal & Mor,TARIL2,0.90909091,,,,,,,,,,,,,,,,,,,,,,,,0.91,0.90909,890.0,9.0,1.0,0.90909,9.0,1.0,-0.3606,-0.2839,0.0,0.0,0.58125,0.0,0.0,1.0,0.90909,0.90909,0.0,687.0,10.0,0.1,1.0
11.0,Gadi & Alona,TARIL2,1.0,,,,,,,,,,,,,,,,,,,,,,,,1.0,1.0,932.0,11.0,0.0,1.0,11.0,0.0,-0.4188,-0.349,0.0,0.0,0.58125,0.0,0.0,1.0,1.0,1.0,0.0,688.0,11.0,0.0,1.0
1.0,Talia & Koby,TARIL3,0.45454545,0.6,0.8,0.88888889,0.5,0.5,0.14285714,0.14285714,0.33333333,0.83333333,0.4,0.25,0.33333333,,,,,,,,,,,,0.48,0.47532,202.0,3.0,-2.0,0.45454,5.0,-4.0,0.1974,0.3696,0.23853,0.26667,0.569149,9.0,0.6923,4.0,0.14286,0.88889,0.74603,689.0,3.69231,0.63726,13.0
2.0,Romi & Coral,TARIL3,0.27272727,0.3,0.4,0.11111111,0.375,0.375,1,0.57142857,0.66666667,0.5,0.2,0.75,0.66666667,,,,,,,,,,,,0.48,0.47605,204.0,4.0,-2.0,0.4,3.0,-1.0,0.1956,0.3675,0.23856,0.36667,0.569149,8.0,0.6154,5.0,0.11111,1.0,0.88889,690.0,3.15385,0.61588,13.0
3.0,Ma'Ayan & Bat-El,TARIL3,0.81818182,0.9,0.5,0.44444444,0.625,0.625,0.71428571,0.42857143,0.16666667,0.16666667,0.8,0.5,1.0,,,,,,,,,,,,0.59,0.59145,446.0,6.0,-3.0,0.625,6.0,-3.0,-0.0377,0.1007,0.24809,0.35556,0.569149,6.0,0.4615,7.0,0.16667,1.0,0.83333,691.0,4.30769,0.48197,13.0
4.0,David & Eliran,TARIL3,0.36363636,0.5,0.7,0.33333333,0.125,0.25,0.28571429,0.28571429,0.5,0.33333333,0.6,1,,,,,,,,,,,,,0.44,0.43973,147.0,2.0,2.0,0.34848,2.0,2.0,0.2943,0.4805,0.22831,0.23929,0.569149,9.0,0.75,3.0,0.125,1.0,0.875,692.0,3.16667,0.64688,12.0
5.0,Debbie & Dana,TARIL3,0.90909091,0.4,0.1,0.66666667,0.75,0.75,0.42857143,0.71428571,1,0.66666667,1,,,,,,,,,,,,,,0.67,0.67139,605.0,7.0,-2.0,0.71428,7.0,-2.0,-0.1523,-0.0304,0.26039,0.28193,0.569149,3.0,0.2727,8.0,0.1,1.0,0.9,693.0,5.09091,0.37392,11.0
6.0,Eliran & Itzik,TARIL3,0.54545455,0.8,0.2,0.55555556,1.0,0.125,0.85714286,0.85714286,0.83333333,1,,,,,,,,,,,,,,,0.68,0.67736,611.0,8.0,-2.0,0.81666,8.0,-2.0,-0.1598,-0.0389,0.29621,0.30916,0.569149,2.0,0.2,8.0,0.125,1.0,0.875,694.0,5.3,0.36445,10.0
7.0,Lior & Mor,TARIL3,0.09090909,0.2,0.6,0.22222222,0.25,0.875,0.57142857,1.0,,,,,,,,,,,,,,,,,0.48,0.47619,205.0,5.0,2.0,0.41071,4.0,3.0,0.1952,0.3671,0.31587,0.45208,0.569149,4.0,0.5,4.0,0.09091,1.0,0.90909,695.0,3.875,0.58854,8.0
8.0,Shimi & Yasmin,TARIL3,0.72727273,0.7,0.9,0.77777778,0.875,1,,,,,,,,,,,,,,,,,,,0.83,0.83001,838.0,9.0,-1.0,0.82638,9.0,-1.0,-0.3143,-0.2157,0.10488,0.15385,0.569149,0.0,0.0,6.0,0.7,1.0,0.3,696.0,7.66667,0.18955,6.0
9.0,Liran & Ronit,TARIL3,0.18181818,0.1,0.3,1.0,,,,,,,,,,,,,,,,,,,,,0.4,0.39545,88.0,1.0,8.0,0.2409,1.0,8.0,0.4392,0.6462,0.3562,0.31364,0.569149,3.0,0.75,1.0,0.1,1.0,0.9,697.0,3.75,0.66945,4.0
10.0,Andrea & Ronnie,TARIL3,0.63636364,1.0,1,,,,,,,,,,,,,,,,,,,,,,0.88,0.87879,871.0,10.0,0.0,1.0,10.0,0.0,-0.3523,-0.2592,0.17142,0.18182,0.569149,0.0,0.0,3.0,0.63636,1.0,0.36364,698.0,9.0,0.13333,3.0
11.0,Herut & Yoftut,TARIL3,1.0,,,,,,,,,,,,,,,,,,,,,,,,1.0,1.0,932.0,11.0,0.0,1.0,10.0,1.0,-0.4309,-0.349,0.0,0.0,0.569149,0.0,0.0,1.0,1.0,1.0,0.0,699.0,11.0,0.0,1.0
1.0,Shay & Shani,TARIL4,0.28571429,0.58333333,0.45454545,0.6,0.55555556,0.66666667,0.5,0.5,0.71428571,0.83333333,0.8,0.5,0.33333333,,,,,,,,,,,,0.56,0.5636,387.0,5.0,-4.0,0.55555,5.0,-4.0,0.0043,0.1551,0.15641,0.16667,0.566038,6.0,0.4615,7.0,0.28571,0.83333,0.54762,700.0,4.30769,0.52308,13.0
2.0,Tom & Uriel,TARIL4,0.42857143,0.25,0.18181818,0.7,0.33333333,0.33333333,0.125,0.75,0.57142857,0.16666667,0.2,0.25,0.66666667,,,,,,,,,,,,0.38,0.38129,70.0,2.0,0.0,0.33333,3.0,-1.0,0.4845,0.7074,0.21137,0.37143,0.566038,9.0,0.6923,4.0,0.125,0.75,0.625,701.0,2.84615,0.73107,13.0
3.0,Yochi & Linor,TARIL4,0.57142857,0.33333333,0.54545455,0.5,1.0,0.77777778,0.75,0.625,0.14285714,0.33333333,0.6,0.75,1.0,,,,,,,,,,,,0.61,0.60994,481.0,7.0,-4.0,0.6,7.0,-4.0,-0.072,0.0673,0.24194,0.25,0.566038,4.0,0.3077,9.0,0.14286,1.0,0.85714,702.0,4.46154,0.45235,13.0
4.0,Vova & Alla,TARIL4,0.14285714,0.75,0.63636364,0.9,0.88888889,0.88888889,0.875,0.875,0.85714286,0.66666667,0.4,1,,,,,,,,,,,,,0.74,0.74007,728.0,10.0,-6.0,0.86607,11.0,-7.0,-0.2352,-0.1203,0.23737,0.2298,0.566038,2.0,0.1667,10.0,0.14286,1.0,0.85714,703.0,6.0,0.30303,12.0
5.0,Gal & Liel,TARIL4,0.28571429,0.66666667,0.36363636,0.4,0.66666667,0.11111111,0.625,0.375,0.42857143,0.5,1,,,,,,,,,,,,,,0.49,0.49294,243.0,4.0,1.0,0.42857,4.0,1.0,0.1483,0.3207,0.22706,0.27652,0.566038,7.0,0.6364,4.0,0.11111,1.0,0.88889,704.0,4.0,0.57711,11.0
6.0,Daniel & Meiri,TARIL4,0.71428571,0.08333333,0.27272727,0.1,0.11111111,0.22222222,0.375,0.125,0.28571429,1,,,,,,,,,,,,,,,0.33,0.32894,31.0,1.0,5.0,0.24747,1.0,5.0,0.7208,0.9791,0.2862,0.2381,0.566038,8.0,0.8,2.0,0.08333,1.0,0.91667,705.0,2.5,0.75559,10.0
7.0,Raz & Alexa,TARIL4,0.71428571,0.16666667,0.09090909,0.3,0.22222222,0.55555556,0.25,0.25,1,,,,,,,,,,,,,,,,0.39,0.3944,87.0,3.0,4.0,0.25,2.0,5.0,0.4352,0.6506,0.2827,0.33333,0.566038,6.0,0.6667,3.0,0.09091,1.0,0.90909,706.0,3.22222,0.67882,9.0
8.0,Shay & Adi,TARIL4,0.85714286,0.83333333,0.81818182,0.2,0.77777778,0.44444444,1,1.0,,,,,,,,,,,,,,,,,0.74,0.74136,731.0,11.0,-3.0,0.82575,10.0,-2.0,-0.2365,-0.1219,0.26079,0.19841,0.566038,2.0,0.25,6.0,0.2,1.0,0.8,707.0,6.75,0.28905,8.0
9.0,Roni & Yael,TARIL4,0.57142857,0.5,0.90909091,0.8,0.44444444,1,,,,,,,,,,,,,,,,,,,0.7,0.70416,653.0,8.0,1.0,0.68571,8.0,1.0,-0.1962,-0.0755,0.21034,0.36396,0.566038,2.0,0.3333,4.0,0.44444,1.0,0.55556,708.0,6.83333,0.33212,6.0
10.0,Yafa & Boaz,TARIL4,0.14285714,0.41666667,0.72727273,1.0,,,,,,,,,,,,,,,,,,,,,0.57,0.5717,400.0,6.0,4.0,0.57196,6.0,4.0,-0.0099,0.1387,0.32233,0.44724,0.566038,2.0,0.5,2.0,0.14286,1.0,0.85714,709.0,6.0,0.4841,4.0
11.0,Tiltil & Mizrahi,TARIL4,0.85714286,0.91666667,1,,,,,,,,,,,,,,,,,,,,,,0.92,0.9246,905.0,12.0,-1.0,0.91666,12.0,-1.0,-0.3878,-0.2959,0.05859,0.07143,0.566038,0.0,0.0,3.0,0.85714,1.0,0.14286,710.0,9.33333,0.08587,3.0
12.0,Irit & Sinai,TARIL4,0.42857143,1.0,,,,,,,,,,,,,,,,,,,,,,,0.71,0.71429,677.0,9.0,3.0,0.71428,9.0,3.0,-0.2076,-0.0886,0.28571,0.28571,0.566038,1.0,0.5,1.0,0.42857,1.0,0.57143,711.0,7.5,0.33335,2.0
13.0,Tzuki & Huti,TARIL4,1.0,,,,,,,,,,,,,,,,,,,,,,,,1.0,1.0,932.0,13.0,0.0,1.0,13.0,0.0,-0.434,-0.349,0.0,0.0,0.566038,0.0,0.0,1.0,1.0,1.0,0.0,712.0,7.0,0.0,1.0
14.0,Pnina & Hen,TARIL4,1.0,,,,,,,,,,,,,,,,,,,,,,,,1.0,1.0,932.0,13.0,1.0,1.0,13.0,1.0,-0.434,-0.349,0.0,0.0,0.566038,0.0,0.0,1.0,1.0,1.0,0.0,713.0,7.0,0.0,1.0
1.0,Amit & Raz,TARIL5,0.14285714,0.66666667,0.54545455,0.7,0.22222222,0.44444444,0.125,0.14285714,0.33333333,0.5,0.2,0.5,0.33333333,,,,,,,,,,,,0.37,0.37355,64.0,2.0,-1.0,0.33333,1.0,0.0,0.5187,0.7428,0.19286,0.3,0.567308,10.0,0.7692,3.0,0.125,0.7,0.575,714.0,3.0,0.75105,13.0
2.0,Lee & Tal,TARIL5,0.57142857,0.08333333,0.63636364,0.8,0.44444444,0.88888889,0.625,0.71428571,0.5,0.66666667,0.6,0.25,0.66666667,,,,,,,,,,,,0.57,0.57285,402.0,7.0,-5.0,0.625,7.0,-5.0,-0.0097,0.1364,0.20796,0.16667,0.567308,4.0,0.3077,9.0,0.08333,0.88889,0.80556,715.0,4.23077,0.51032,13.0
3.0,Josie & Alex,TARIL5,0.85714286,0.5,0.45454545,0.3,0.11111111,0.11111111,0.375,0.42857143,1,0.33333333,0.8,0.75,1.0,,,,,,,,,,,,0.54,0.54006,341.0,5.0,-2.0,0.45454,5.0,-2.0,0.0505,0.2054,0.29771,0.46667,0.567308,8.0,0.6154,5.0,0.11111,1.0,0.88889,716.0,3.53846,0.52725,13.0
4.0,Tzion & Aviv,TARIL5,0.28571429,0.25,0.36363636,0.4,1.0,0.22222222,0.75,0.57142857,0.16666667,0.83333333,0.4,1,,,,,,,,,,,,,0.52,0.52025,304.0,4.0,0.0,0.4,3.0,1.0,0.0905,0.2513,0.28998,0.49405,0.567308,7.0,0.5833,5.0,0.16667,1.0,0.83333,717.0,3.83333,0.55241,12.0
5.0,Yael & Yosiel,TARIL5,0.28571429,0.75,0.81818182,0.2,0.55555556,0.77777778,0.875,0.28571429,0.66666667,0.16666667,1,,,,,,,,,,,,,,0.58,0.58012,422.0,8.0,-3.0,0.66666,8.0,-3.0,-0.0221,0.1222,0.2836,0.51227,0.567308,4.0,0.3636,7.0,0.16667,1.0,0.83333,718.0,4.81818,0.48374,11.0
6.0,Ben & Ori,TARIL5,0.42857143,0.83333333,0.72727273,0.9,0.77777778,0.66666667,0.25,0.85714286,0.83333333,1,,,,,,,,,,,,,,,0.73,0.72741,704.0,10.0,-4.0,0.80555,10.0,-4.0,-0.2201,-0.105,0.21606,0.16937,0.567308,2.0,0.2,8.0,0.25,1.0,0.75,719.0,6.2,0.31084,10.0
7.0,Kim & Shon,TARIL5,0.71428571,0.33333333,0.18181818,0.5,0.66666667,0.55555556,0.5,1.0,,,,,,,,,,,,,,,,,0.56,0.55646,370.0,6.0,1.0,0.52777,6.0,1.0,0.0195,0.1699,0.23192,0.22024,0.567308,4.0,0.5,4.0,0.18182,1.0,0.81818,720.0,4.75,0.49533,8.0
8.0,Adriano & Monada,TARIL5,0.57142857,0.16666667,0.09090909,0.1,0.33333333,0.33333333,1,,,,,,,,,,,,,,,,,,0.37,0.37081,59.0,1.0,7.0,0.33333,1.0,7.0,0.5299,0.7556,0.30055,0.31905,0.567308,5.0,0.7143,2.0,0.09091,1.0,0.90909,721.0,3.14286,0.7013,7.0
9.0,Naomi & Hen,TARIL5,0.42857143,0.41666667,0.90909091,0.6,0.88888889,1,,,,,,,,,,,,,,,,,,,0.71,0.7072,661.0,9.0,0.0,0.74444,9.0,0.0,-0.1978,-0.0795,0.2356,0.43261,0.567308,2.0,0.3333,4.0,0.41667,1.0,0.58333,722.0,6.83333,0.32875,6.0
10.0,Gali & Daniel,TARIL5,0.14285714,0.58333333,0.27272727,1.0,,,,,,,,,,,,,,,,,,,,,0.5,0.49973,266.0,3.0,7.0,0.42803,4.0,6.0,0.1352,0.3027,0.33021,0.44724,0.567308,2.0,0.5,2.0,0.14286,1.0,0.85714,723.0,5.25,0.56363,4.0
11.0,Dor & Sapir,TARIL5,0.71428571,0.91666667,1,,,,,,,,,,,,,,,,,,,,,,0.88,0.87698,870.0,11.0,0.0,0.91666,11.0,0.0,-0.3531,-0.2577,0.11997,0.14286,0.567308,0.0,0.0,3.0,0.71429,1.0,0.28571,724.0,9.0,0.1414,3.0
12.0,Shira & Bar,TARIL5,0.85714286,1.0,,,,,,,,,,,,,,,,,,,,,,,0.93,0.92857,906.0,12.0,0.0,0.92857,12.0,0.0,-0.3891,-0.2989,0.07143,0.07143,0.567308,0.0,0.0,2.0,0.85714,1.0,0.14286,725.0,9.0,0.08335,2.0
13.0,Yossi & Lee,TARIL5,1.0,,,,,,,,,,,,,,,,,,,,,,,,1.0,1.0,932.0,13.0,0.0,1.0,13.0,0.0,-0.4327,-0.349,0.0,0.0,0.567308,0.0,0.0,1.0,1.0,1.0,0.0,726.0,7.0,0.0,1.0
14.0,Avi & Avi,TARIL5,1.0,,,,,,,,,,,,,,,,,,,,,,,,1.0,1.0,932.0,13.0,1.0,1.0,13.0,1.0,-0.4327,-0.349,0.0,0.0,0.567308,0.0,0.0,1.0,1.0,1.0,0.0,727.0,7.0,0.0,1.0
1.0,Evelin & Tohar,TARIL6,0.25,0.72727273,0.9,0.11111111,0.125,0.85714286,0.5,0.83333333,0.8,,,0.4,0.75,0.33333333,,,,,,,,,,,0.55,0.54893,362.0,4.0,-3.0,0.61363,8.0,-7.0,0.038,0.186,0.28376,0.49583,0.569767,6.0,0.5,6.0,0.11111,0.9,0.78889,728.0,3.83333,0.54411,12.0
2.0,Daniel & Eliyahu,TARIL6,0.91666667,0.09090909,0.1,0.44444444,0.875,0.57142857,0.33333333,0.33333333,0.4,,,0.2,0.25,0.66666667,,,,,,,,,,,0.43,0.43182,139.0,1.0,1.0,0.36666,2.0,0.0,0.3195,0.5076,0.26455,0.35774,0.569767,8.0,0.6667,4.0,0.09091,0.91667,0.82576,729.0,3.16667,0.68407,12.0
3.0,Helen & Regev,TARIL6,0.08333333,0.63636364,0.2,0.22222222,0.75,0.14285714,0.66666667,0.5,1,0.166666666666667*,0.2*,0.8,0.5,1.0,,,,,,,,,,,0.54,0.54179,347.0,3.0,0.0,0.56818,4.0,-1.0,0.0516,0.2016,0.30906,0.54583,0.569767,6.0,0.5,6.0,0.08333,1.0,0.91667,730.0,3.33333,0.5308,12.0
4.0,Neta & Omer,TARIL6,0.83333333,0.36363636,0.6,0.33333333,0.375,0.71428571,1,0.16666667,0.2,,,0.6,1.0,,,,,,,,,,,,0.56,0.56239,384.0,5.0,-1.0,0.6,5.0,-1.0,0.0131,0.1576,0.28561,0.42532,0.569767,5.0,0.4545,6.0,0.16667,1.0,0.83333,731.0,4.18182,0.51125,11.0
5.0,Ann & Yarden,TARIL6,0.33333333,0.81818182,0.5,0.55555556,0.625,0.28571429,0.83333333,0.66666667,0.6,,,1,,,,,,,,,,,,,0.62,0.62178,502.0,7.0,-2.0,0.6125,7.0,-2.0,-0.0837,0.047,0.21077,0.26641,0.569767,3.0,0.3,7.0,0.28571,1.0,0.71429,732.0,4.7,0.43448,10.0
6.0,Adi & Meitar,TARIL6,0.16666667,0.18181818,0.3,0.77777778,0.5,0.42857143,0.16666667,1.0,,0.333333333333333*,0.6*,,,,,,,,,,,,,,0.44,0.44019,148.0,2.0,4.0,0.36428,1.0,5.0,0.2944,0.4789,0.28877,0.39141,0.569767,6.0,0.75,2.0,0.16667,1.0,0.83333,733.0,3.5,0.63438,8.0
7.0,Mor & Mor,TARIL6,0.5,0.45454545,0.7,0.88888889,0.25,1,,,,,,,,,,,,,,,,,,,0.63,0.63224,524.0,8.0,-1.0,0.6,5.0,2.0,-0.0988,0.0297,0.25848,0.37576,0.569767,3.0,0.5,3.0,0.25,1.0,0.75,734.0,5.83333,0.41015,6.0
8.0,Yossi & Udi,TARIL6,0.66666667,0.90909091,0.4,0.66666667,1.0,,,,,0.666666666666667*,0.8*,,,,,,,,,,,,,,0.73,0.72848,707.0,9.0,-1.0,0.66666,9.0,-1.0,-0.2179,-0.1064,0.21066,0.24242,0.569767,1.0,0.2,4.0,0.4,1.0,0.6,735.0,7.2,0.30106,5.0
9.0,Hany & Avivit,TARIL6,0.58333333,0.54545455,0.8,1.0,,,,,,1*,,,,,,,,,,,,,,,0.73,0.7322,714.0,10.0,-1.0,0.69166,10.0,-1.0,-0.2218,-0.1109,0.18258,0.27614,0.569767,0.0,0.0,4.0,0.54545,1.0,0.45455,736.0,7.5,0.29418,4.0
10.0,Yonatan & Nimrod,TARIL6,0.41666667,0.27272727,1,,,,,,,0.833333333333333*,0.8*,,,,,,,,,,,,,,0.56,0.56313,385.0,6.0,4.0,0.41666,3.0,7.0,0.0118,0.156,0.31445,0.36364,0.569767,2.0,0.6667,1.0,0.27273,1.0,0.72727,737.0,6.0,0.4788,3.0
11.0,Jessica & Assaf,TARIL6,0.75,1.0,,,,,,,,0.5*,0.4*,,,,,,,,,,,,,,0.88,0.875,869.0,11.0,0.0,0.875,11.0,0.0,-0.3488,-0.256,0.125,0.125,0.569767,0.0,0.0,2.0,0.75,1.0,0.25,738.0,10.0,0.13635,2.0
12.0,Noa & Ma'ayan,TARIL6,1.0,,,,,,,,,,,,,,,,,,,,,,,,1.0,1.0,932.0,12.0,0.0,1.0,12.0,0.0,-0.4302,-0.349,0.0,0.0,0.569767,0.0,0.0,1.0,1.0,1.0,0.0,739.0,12.0,0.0,1.0
1.0,Tia & Fay,TARIL7,0.5,0.16666667,0.54545455,0.7,0.55555556,1,0.125,0.14285714,0.66666667,0.2,0.5,0.33333333,,,,,,,,,,,,,0.45,0.45296,160.0,3.0,-2.0,0.5,5.0,-4.0,0.2433,0.4372,0.25714,0.39167,0.563158,7.0,0.5833,5.0,0.125,1.0,0.875,740.0,3.66667,0.65455,12.0
2.0,Ariel & Karin,TARIL7,0.58333333,0.41666667,0.45454545,0.4,0.44444444,0.5,0.5,0.85714286,0.5,0.4,0.25,0.66666667,,,,,,,,,,,,,0.5,0.49773,260.0,5.0,-3.0,0.47727,4.0,-2.0,0.1315,0.308,0.14629,0.10833,0.563158,9.0,0.75,3.0,0.25,0.85714,0.60714,741.0,3.91667,0.59518,12.0
3.0,Haviv & Itzhak,TARIL7,0.33333333,0.08333333,0.18181818,0.1,0.11111111,0.25,0.625,0.42857143,0.16666667,0.6,0.75,1,,,,,,,,,,,,,0.39,0.38582,76.0,1.0,2.0,0.29166,2.0,1.0,0.4596,0.6873,0.28493,0.45347,0.563158,8.0,0.6667,4.0,0.08333,1.0,0.91667,742.0,2.41667,0.70108,12.0
4.0,Eyal & Sid,TARIL7,0.08333333,0.33333333,0.09090909,0.3,0.22222222,0.875,0.875,0.28571429,0.33333333,0.8,1,,,,,,,,,,,,,,0.47,0.47262,198.0,4.0,0.0,0.33333,3.0,1.0,0.1916,0.3774,0.3265,0.58353,0.563158,7.0,0.6364,4.0,0.08333,1.0,0.91667,743.0,3.36364,0.59538,11.0
5.0,Nissim & Orel,TARIL7,1.0,0.5,0.63636364,0.6,0.88888889,0.625,0.75,0.57142857,0.83333333,1,,,,,,,,,,,,,,,0.74,0.7405,729.0,10.0,-5.0,0.69318,6.0,-1.0,-0.2395,-0.1209,0.17198,0.26875,0.563158,1.0,0.1,9.0,0.5,1.0,0.5,744.0,6.4,0.29292,10.0
6.0,Tali & Gili,TARIL7,0.83333333,0.58333333,0.72727273,0.2,0.33333333,0.75,0.375,0.71428571,1,,,,,,,,,,,,,,,,0.61,0.61295,485.0,6.0,0.0,0.71428,8.0,-2.0,-0.0812,0.0621,0.24647,0.375,0.563158,3.0,0.3333,6.0,0.2,1.0,0.8,745.0,5.55556,0.43428,9.0
7.0,Aviad & Eden,TARIL7,0.25,0.25,0.27272727,0.5,0.66666667,0.125,0.25,1.0,,,,,,,,,,,,,,,,,0.41,0.4143,110.0,2.0,5.0,0.26136,1.0,6.0,0.3593,0.5713,0.27359,0.29167,0.563158,6.0,0.75,2.0,0.125,1.0,0.875,746.0,3.75,0.65301,8.0
8.0,Michal & Omer,TARIL7,0.66666667,0.83333333,0.81818182,0.9,0.77777778,0.375,1,,,,,,,,,,,,,,,,,,0.77,0.76728,765.0,11.0,-3.0,0.81818,11.0,-3.0,-0.266,-0.1515,0.18626,0.14444,0.563158,1.0,0.1429,6.0,0.375,1.0,0.625,747.0,7.71429,0.26011,7.0
9.0,Ran & Ben,TARIL7,0.75,0.75,0.36363636,0.8,1.0,,,,,,,,,,,,,,,,,,,,0.73,0.73273,715.0,9.0,0.0,0.75,9.0,0.0,-0.2314,-0.1115,0.20629,0.05,0.563158,1.0,0.2,4.0,0.36364,1.0,0.63636,748.0,7.8,0.29352,5.0
10.0,Yehudit & Zohar,TARIL7,0.16666667,0.66666667,0.90909091,1.0,,,,,,,,,,,,,,,,,,,,,0.69,0.68561,627.0,7.0,3.0,0.78787,10.0,0.0,-0.1786,-0.0505,0.32344,0.39015,0.563158,1.0,0.25,3.0,0.16667,1.0,0.83333,749.0,7.5,0.34318,4.0
11.0,Kamle & Bahira,TARIL7,0.91666667,0.91666667,1,,,,,,,,,,,,,,,,,,,,,,0.94,0.94444,909.0,12.0,-1.0,0.91666,12.0,-1.0,-0.4037,-0.3107,0.03928,0.04167,0.563158,0.0,0.0,3.0,0.91667,1.0,0.08333,750.0,11.0,0.0606,3.0
12.0,Noy & Hadar,TARIL7,0.41666667,1.0,,,,,,,,,,,,,,,,,,,,,,,0.71,0.70833,663.0,8.0,4.0,0.70833,7.0,5.0,-0.2049,-0.0809,0.29167,0.29167,0.563158,1.0,0.5,1.0,0.41667,1.0,0.58333,751.0,8.5,0.3182,2.0
1.0,Yael & Yosiel,TARIL8,0.16666667,0.36363636,0.1,0.33333333,0.5,0.125,0.42857143,0.33333333,0.8,0.2,0.25,0.33333333,,,,,,,,,,,,,0.33,0.32782,30.0,1.0,0.0,0.33333,2.0,-1.0,0.7332,0.9859,0.18383,0.1882,0.568182,11.0,0.9167,1.0,0.1,0.8,0.7,752.0,2.25,0.80393,12.0
2.0,Nata & Assaf,TARIL8,0.25,0.27272727,0.3,0.11111111,0.125,0.75,0.71428571,0.16666667,0.2,0.6,0.5,0.66666667,,,,,,,,,,,,,0.39,0.38804,80.0,2.0,0.0,0.28636,1.0,1.0,0.4642,0.6777,0.23146,0.425,0.568182,8.0,0.6667,4.0,0.11111,0.75,0.63889,753.0,2.58333,0.72348,12.0
3.0,Neta & Omer,TARIL8,0.75,0.72727273,0.2,0.22222222,0.75,0.625,0.28571429,0.83333333,0.4,0.4,0.75,1,,,,,,,,,,,,,0.58,0.57863,416.0,5.0,-2.0,0.67613,6.0,-3.0,-0.0181,0.1251,0.2541,0.37857,0.568182,5.0,0.4167,7.0,0.2,1.0,0.8,754.0,4.08333,0.49313,12.0
4.0,Ben & Ori,TARIL8,0.83333333,0.81818182,0.5,0.55555556,0.625,0.375,0.57142857,0.66666667,1,0.8,1,,,,,,,,,,,,,,0.7,0.70411,652.0,7.0,-3.0,0.66666,5.0,-1.0,-0.193,-0.0754,0.19337,0.26227,0.568182,2.0,0.1818,9.0,0.375,1.0,0.625,755.0,5.27273,0.33912,11.0
5.0,Shay & Shani,TARIL8,0.41666667,0.18181818,0.4,0.77777778,1.0,0.25,0.14285714,0.5,0.6,1,,,,,,,,,,,,,,,0.53,0.52691,316.0,3.0,2.0,0.45833,3.0,2.0,0.0783,0.2355,0.29802,0.44583,0.568182,6.0,0.6,4.0,0.14286,1.0,0.85714,756.0,4.0,0.54102,10.0
6.0,Ash & Alis,TARIL8,0.33333333,0.09090909,0.7,0.66666667,0.25,0.875,0.85714286,1.0,,,,,,,,,,,,,,,,,0.6,0.59663,456.0,6.0,0.0,0.68333,7.0,-1.0,-0.0477,0.0911,0.31002,0.54911,0.568182,3.0,0.375,5.0,0.09091,1.0,0.90909,757.0,4.875,0.45029,8.0
7.0,Lian & Eviatar,TARIL8,0.08333333,0.45454545,0.6,0.44444444,0.875,0.5,1,,,,,,,,,,,,,,,,,,0.57,0.56533,392.0,4.0,3.0,0.5,4.0,3.0,0.005,0.1516,0.28018,0.28801,0.568182,4.0,0.5714,3.0,0.08333,1.0,0.91667,758.0,4.85714,0.48339,7.0
8.0,Gili & Tali,TARIL8,0.66666667,0.54545455,0.8,0.88888889,0.375,1,,,,,,,,,,,,,,,,,,,0.71,0.71267,672.0,8.0,0.0,0.73333,8.0,0.0,-0.2027,-0.0865,0.21029,0.29091,0.568182,1.0,0.1667,5.0,0.375,1.0,0.625,759.0,6.83333,0.32085,6.0
9.0,Ann & Yarden,TARIL8,0.58333333,0.90909091,0.9,1.0,,,,,,,,,,,,,,,,,,,,,0.85,0.84811,850.0,10.0,-1.0,0.90454,10.0,-1.0,-0.3301,-0.2324,0.15779,0.11098,0.568182,0.0,0.0,4.0,0.58333,1.0,0.41667,760.0,8.75,0.1664,4.0
10.0,Vova & Alla,TARIL8,0.91666667,0.63636364,1,,,,,,,,,,,,,,,,,,,,,,0.85,0.85101,854.0,11.0,-1.0,0.91666,11.0,-1.0,-0.3323,-0.235,0.15554,0.18182,0.568182,0.0,0.0,3.0,0.63636,1.0,0.36364,761.0,9.33333,0.16363,3.0
11.0,Shiri & Noga,TARIL8,0.5,1.0,,,,,,,,,,,,,,,,,,,,,,,0.75,0.75,741.0,9.0,2.0,0.75,9.0,2.0,-0.2424,-0.132,0.25,0.25,0.568182,1.0,0.5,1.0,0.5,1.0,0.5,762.0,8.5,0.27275,2.0
12.0,Michal & Ruthi,TARIL8,1.0,,,,,,,,,,,,,,,,,,,,,,,,1.0,1.0,932.0,12.0,0.0,1.0,12.0,0.0,-0.4318,-0.349,0.0,0.0,0.568182,0.0,0.0,1.0,1.0,1.0,0.0,763.0,12.0,0.0,1.0
1.0,Lee & Anne,TARIL9,,,,,,,,,,,,,,,,,,,,,,,,,,,,,,,,,,,,,,,,,,,,,,,
2.0,Inbar & Avishai,TARIL9,,,,,,,,,,,,,,,,,,,,,,,,,,,,,,,,,,,,,,,,,,,,,,,
3.0,Lior & Sapir,TARIL9,,,,,,,,,,,,,,,,,,,,,,,,,,,,,,,,,,,,,,,,,,,,,,,
4.0,Itzik & Esti,TARIL9,,,,,,,,,,,,,,,,,,,,,,,,,,,,,,,,,,,,,,,,,,,,,,,
5.0,Sahar & Yiftach,TARIL9,,,,,,,,,,,,,,,,,,,,,,,,,,,,,,,,,,,,,,,,,,,,,,,
6.0,Udi & Matan,TARIL9,,,,,,,,,,,,,,,,,,,,,,,,,,,,,,,,,,,,,,,,,,,,,,,
7.0,Modi & Miki,TARIL9,,,,,,,,,,,,,,,,,,,,,,,,,,,,,,,,,,,,,,,,,,,,,,,
8.0,Hasi & Yarin,TARIL9,,,,,,,,,,,,,,,,,,,,,,,,,,,,,,,,,,,,,,,,,,,,,,,
9.0,Idan & Guy,TARIL9,,,,,,,,,,,,,,,,,,,,,,,,,,,,,,,,,,,,,,,,,,,,,,,
10.0,Amit & Rotem,TARIL9,,,,,,,,,,,,,,,,,,,,,,,,,,,,,,,,,,,,,,,,,,,,,,,
11.0,Racheli & Miri,TARIL9,,,,,,,,,,,,,,,,,,,,,,,,,,,,,,,,,,,,,,,,,,,,,,,
12.0,Shahar & Ronit,TARIL9,,,,,,,,,,,,,,,,,,,,,,,,,,,,,,,,,,,,,,,,,,,,,,,
13.0,Michal & Elrom,TARIL9,,,,,,,,,,,,,,,,,,,,,,,,,,,,,,,,,,,,,,,,,,,,,,,
1.0,Tamara & Matías,TARLA1,0.09090909,0.09090909,0.2,0.22222222,0.25,0.42857143,0.14285714,0.33333333,0.8,1,0.75,1,0.33333333,,,,,,,,,,,,0.43,0.43401,141.0,1.0,0.0,0.33333,1.0,0.0,0.3157,0.5,0.32207,0.55,0.571023,9.0,0.6923,4.0,0.09091,1.0,0.90909,764.0,2.23077,0.667,13.0
2.0,Daniel & David,TARLA1,0.18181818,0.90909091,0.3,0.11111111,0.375,0.85714286,0.57142857,0.5,0.6,0.5,0.5,0.33333333,0.66666667,,,,,,,,,,,,0.49,0.49274,242.0,3.0,-1.0,0.5,3.0,-1.0,0.1589,0.3212,0.22752,0.26667,0.571023,8.0,0.6154,5.0,0.11111,0.90909,0.79798,765.0,3.23077,0.62248,13.0
3.0,Ferna & Fran,TARLA1,0.90909091,0.27272727,0.8,0.55555556,0.625,0.14285714,0.28571429,0.16666667,0.4,0.25,0.25,0.66666667,1.0,,,,,,,,,,,,0.49,0.48648,226.0,2.0,1.0,0.4,2.0,1.0,0.1738,0.3382,0.28048,0.41667,0.571023,7.0,0.5385,6.0,0.14286,1.0,0.85714,766.0,3.38462,0.6257,13.0
4.0,Carlos & Daniel,TARLA1,0.45454545,0.18181818,0.7,0.44444444,0.5,0.28571429,0.71428571,0.83333333,0.2,0.5,1,,,,,,,,,,,,,,0.53,0.52856,318.0,4.0,0.0,0.5,3.0,1.0,0.0803,0.2317,0.2487,0.34206,0.571023,7.0,0.6364,4.0,0.18182,1.0,0.81818,767.0,3.72727,0.55118,11.0
5.0,Anna & Rodrigo,TARLA1,0.54545455,0.72727273,0.4,0.66666667,0.125,0.57142857,0.42857143,0.66666667,1,,,,,,,,,,,,,,,,0.57,0.57012,396.0,5.0,0.0,0.57142,5.0,0.0,0.0016,0.1419,0.22994,0.2381,0.571023,3.0,0.3333,6.0,0.125,1.0,0.875,768.0,4.55556,0.48982,9.0
6.0,Casilda & Casilda,TARLA1,0.27272727,0.54545455,0.1,0.33333333,0.75,1,0.85714286,1.0,,,,,,,,,,,,,,,,,0.61,0.60733,477.0,6.0,0.0,0.64772,6.0,0.0,-0.0598,0.0719,0.32392,0.57468,0.571023,3.0,0.375,5.0,0.1,1.0,0.9,769.0,4.75,0.4378,8.0
7.0,Miguel & Diego,TARLA1,0.63636364,0.45454545,0.5,0.88888889,0.875,0.71428571,1,,,,,,,,,,,,,,,,,,0.72,0.72415,693.0,8.0,-1.0,0.71428,8.0,-1.0,-0.2115,-0.101,0.19151,0.31376,0.571023,2.0,0.2857,5.0,0.45455,1.0,0.54545,770.0,6.28571,0.30811,7.0
8.0,Mario & Melissa,TARLA1,0.72727273,0.36363636,0.9,0.77777778,1.0,,,,,,,,,,,,,,,,,,,,0.75,0.75374,746.0,9.0,-1.0,0.77777,9.0,-1.0,-0.2424,-0.1363,0.21702,0.17273,0.571023,1.0,0.2,4.0,0.36364,1.0,0.63636,771.0,7.2,0.27222,5.0
9.0,Ricardo & Adriana,TARLA1,0.36363636,0.81818182,0.6,1.0,,,,,,,,,,,,,,,,,,,,,0.7,0.69545,640.0,7.0,2.0,0.70909,7.0,2.0,-0.1789,-0.0639,0.23824,0.32273,0.571023,1.0,0.25,3.0,0.36364,1.0,0.63636,772.0,7.0,0.3361,4.0
10.0,Gabriel & Guillermo,TARLA1,0.81818182,0.63636364,1,,,,,,,,,,,,,,,,,,,,,,0.82,0.81818,825.0,10.0,0.0,0.81818,10.0,0.0,-0.3021,-0.2043,0.14845,0.18182,0.571023,0.0,0.0,3.0,0.63636,1.0,0.36364,773.0,8.66667,0.2,3.0
11.0,Ariel & Nora,TARLA1,1.0,1.0,,,,,,,,,,,,,,,,,,,,,,,1.0,1.0,932.0,11.0,0.0,1.0,11.0,0.0,-0.429,-0.349,0.0,0.0,0.571023,0.0,0.0,2.0,1.0,1.0,0.0,774.0,11.0,0.0,2.0
1.0,Carlos & Mauricio,TARLA2,0.27272727,0.09090909,0.3,0.22222222,0.125,0.5,0.57142857,0.42857143,0.33333333,0.4,0.25,0.66666667,0.33333333,,,,,,,,,,,,0.35,0.34571,40.0,2.0,-1.0,0.33333,3.0,-2.0,0.6507,0.8831,0.16013,0.17857,0.570652,11.0,0.8462,2.0,0.09091,0.66667,0.57576,775.0,2.23077,0.78776,13.0
2.0,Toño & Lili,TARLA2,0.54545455,0.18181818,0.1,0.33333333,0.25,0.25,0.42857143,0.14285714,0.16666667,0.2,0.5,0.33333333,0.66666667,,,,,,,,,,,,0.32,0.31528,20.0,1.0,1.0,0.25,2.0,0.0,0.81,1.0649,0.16684,0.24675,0.570652,11.0,0.8462,2.0,0.1,0.66667,0.56667,776.0,2.07692,0.82289,13.0
3.0,Aleandra & Marlene,TARLA2,0.72727273,0.45454545,0.7,0.77777778,0.875,0.875,1,0.71428571,0.5,0.6,0.75,1,1.0,,,,,,,,,,,,0.77,0.76722,764.0,8.0,-5.0,0.75,8.0,-5.0,-0.2562,-0.1515,0.1737,0.175,0.570652,2.0,0.1538,11.0,0.45455,1.0,0.54545,777.0,5.23077,0.27198,13.0
4.0,Vinícius & Guilherme,TARLA2,0.63636364,0.63636364,0.6,0.55555556,0.375,0.625,0.85714286,0.28571429,0.83333333,0.8,1,,,,,,,,,,,,,,0.65,0.65495,572.0,6.0,-2.0,0.63636,6.0,-2.0,-0.1287,-0.006,0.20045,0.23889,0.570652,2.0,0.1818,9.0,0.28571,1.0,0.71429,778.0,4.90909,0.3943,11.0
5.0,Esteban & Marisol,TARLA2,0.81818182,0.72727273,0.5,0.44444444,0.75,0.375,0.28571429,0.57142857,0.66666667,1,,,,,,,,,,,,,,,0.61,0.61387,487.0,5.0,0.0,0.61904,5.0,0.0,-0.0704,0.0605,0.20814,0.28598,0.570652,4.0,0.4,6.0,0.28571,1.0,0.71429,779.0,5.0,0.44139,10.0
6.0,Marietta & José,TARLA2,0.36363636,0.81818182,0.9,0.88888889,0.625,0.75,0.71428571,0.85714286,1,,,,,,,,,,,,,,,,0.77,0.76857,770.0,9.0,-3.0,0.81818,9.0,-3.0,-0.2575,-0.153,0.17748,0.1746,0.570652,1.0,0.1111,8.0,0.36364,1.0,0.63636,780.0,6.44444,0.26116,9.0
7.0,Edison & Edison,TARLA2,0.45454545,0.27272727,0.2,0.11111111,0.5,0.125,0.14285714,1.0,,,,,,,,,,,,,,,,,0.35,0.35078,41.0,3.0,4.0,0.23636,1.0,6.0,0.6268,0.8559,0.28174,0.32752,0.570652,7.0,0.875,1.0,0.11111,1.0,0.88889,781.0,3.0,0.73254,8.0
8.0,Jelkin & Javier,TARLA2,0.09090909,0.54545455,0.8,0.66666667,1.0,1,,,,,,,,,,,,,,,,,,,0.68,0.68384,624.0,7.0,1.0,0.73333,7.0,1.0,-0.1655,-0.048,0.3121,0.37424,0.570652,1.0,0.1667,5.0,0.09091,1.0,0.90909,782.0,6.16667,0.34953,6.0
9.0,Omar & Roger,TARLA2,0.18181818,0.36363636,0.4,1.0,,,,,,,,,,,,,,,,,,,,,0.49,0.48636,224.0,4.0,5.0,0.38181,4.0,5.0,0.1733,0.3385,0.30785,0.23182,0.570652,3.0,0.75,1.0,0.18182,1.0,0.81818,783.0,4.75,0.56668,4.0
10.0,Mauricio & Mariana,TARLA2,1.0,0.90909091,1,,,,,,,,,,,,,,,,,,,,,,0.97,0.9697,930.0,11.0,-1.0,1.0,11.0,-1.0,-0.4115,-0.3287,0.04285,0.04545,0.570652,0.0,0.0,3.0,0.90909,1.0,0.09091,784.0,10.33333,0.03333,3.0
11.0,Susy & Stefany,TARLA2,0.90909091,1.0,,,,,,,,,,,,,,,,,,,,,,,0.95,0.95455,915.0,10.0,1.0,0.95454,10.0,1.0,-0.4022,-0.318,0.04545,0.04545,0.570652,0.0,0.0,2.0,0.90909,1.0,0.09091,785.0,10.5,0.05,2.0
1.0,Nicolás & Cristóbal,TARLA3,0.18181818,0.36363636,0.3,0.33333333,0.375,0.375,0.42857143,0.16666667,0.2,0.2,0.25,0.66666667,0.33333333,,,,,,,,,,,,0.32,0.32108,24.0,1.0,0.0,0.33333,2.0,-1.0,0.7822,1.0276,0.12919,0.175,0.572222,12.0,0.9231,1.0,0.16667,0.66667,0.5,786.0,2.15385,0.82485,13.0
2.0,Felipe & Alejandro,TARLA3,0.09090909,0.18181818,0.1,0.11111111,0.125,0.125,0.71428571,0.66666667,0.8,0.4,0.5,1,0.66666667,,,,,,,,,,,,0.42,0.42165,122.0,2.0,0.0,0.4,3.0,-1.0,0.3571,0.5439,0.30794,0.54167,0.572222,8.0,0.6154,5.0,0.09091,1.0,0.90909,787.0,2.23077,0.67692,13.0
3.0,Maxi & Demi,TARLA3,0.63636364,0.81818182,0.8,0.66666667,0.625,0.5,0.28571429,0.33333333,0.4,0.6,0.75,0.33333333,1.0,,,,,,,,,,,,0.6,0.59605,455.0,5.0,-2.0,0.625,6.0,-3.0,-0.04,0.0922,0.2089,0.35,0.572222,5.0,0.3846,8.0,0.28571,1.0,0.71429,788.0,4.23077,0.49337,13.0
4.0,Kathy & Rick,TARLA3,0.81818182,0.63636364,0.7,0.88888889,0.75,0.625,0.14285714,0.5,0.6,0.8,1,,,,,,,,,,,,,,0.68,0.6783,614.0,7.0,-3.0,0.7,8.0,-4.0,-0.1564,-0.0402,0.21681,0.19659,0.572222,2.0,0.1818,9.0,0.14286,1.0,0.85714,789.0,5.18182,0.37478,11.0
5.0,Toya & Juan del Mar,TARLA3,0.27272727,0.09090909,0.2,0.22222222,0.25,0.25,0.85714286,0.83333333,1,1,,,,,,,,,,,,,,,0.5,0.49763,259.0,3.0,2.0,0.26136,1.0,4.0,0.1499,0.3082,0.35352,0.62202,0.572222,6.0,0.6,4.0,0.09091,1.0,0.90909,790.0,3.3,0.56448,10.0
6.0,Marisol & José,TARLA3,0.36363636,0.45454545,0.4,0.44444444,0.875,0.875,0.57142857,1.0,,,,,,,,,,,,,,,,,0.62,0.62301,504.0,6.0,0.0,0.51298,5.0,1.0,-0.0815,0.0449,0.23692,0.44167,0.572222,4.0,0.5,4.0,0.36364,1.0,0.63636,791.0,5.125,0.42219,8.0
7.0,Andre & Nico,TARLA3,0.45454545,0.27272727,0.5,0.55555556,0.5,0.75,1,,,,,,,,,,,,,,,,,,0.58,0.57612,407.0,4.0,3.0,0.5,4.0,3.0,-0.0068,0.13,0.21671,0.17551,0.572222,4.0,0.5714,3.0,0.27273,1.0,0.72727,792.0,5.0,0.47324,7.0
8.0,Rosario & Pablo,TARLA3,0.54545455,0.54545455,0.6,0.77777778,1.0,1,,,,,,,,,,,,,,,,,,,0.74,0.74478,737.0,8.0,0.0,0.68888,7.0,1.0,-0.2317,-0.1259,0.19655,0.38535,0.572222,0.0,0.0,6.0,0.54545,1.0,0.45455,793.0,6.83333,0.2824,6.0
9.0,Mónica & Rosy,TARLA3,0.72727273,0.72727273,0.9,1.0,,,,,,,,,,,,,,,,,,,,,0.84,0.83864,845.0,9.0,0.0,0.81363,9.0,0.0,-0.3177,-0.2237,0.11684,0.19773,0.572222,0.0,0.0,4.0,0.72727,1.0,0.27273,794.0,8.5,0.17778,4.0
10.0,Vero & Gaba,TARLA3,1.0,0.90909091,1,,,,,,,,,,,,,,,,,,,,,,0.97,0.9697,930.0,11.0,-1.0,1.0,11.0,-1.0,-0.4099,-0.3287,0.04285,0.04545,0.572222,0.0,0.0,3.0,0.90909,1.0,0.09091,795.0,10.33333,0.03333,3.0
11.0,Ale & Eze,TARLA3,0.90909091,1.0,,,,,,,,,,,,,,,,,,,,,,,0.95,0.95455,915.0,10.0,1.0,0.95454,10.0,1.0,-0.4005,-0.318,0.04545,0.04545,0.572222,0.0,0.0,2.0,0.90909,1.0,0.09091,796.0,10.5,0.05,2.0
1.0,Daniel & César,TARLA4,0.45454545,0.63636364,1,0.77777778,0.75,0.85714286,0.57142857,0.83333333,0.4,0.4,0.25,1,0.33333333,,,,,,,,,,,,0.64,0.63569,536.0,6.0,-5.0,0.63636,5.0,-4.0,-0.0973,0.0241,0.24417,0.43333,0.573864,5.0,0.3846,8.0,0.25,1.0,0.75,797.0,4.46154,0.45462,13.0
2.0,Fer & Ferds,TARLA4,0.36363636,0.27272727,0.55555556,0.33333333,0.375,0.28571429,0.42857143,0.33333333,0.6,0.6,0.5,0.33333333,0.66666667,,,,,,,,,,,,0.43,0.43445,144.0,2.0,0.0,0.375,2.0,0.0,0.3209,0.4985,0.12867,0.22222,0.573864,9.0,0.6923,4.0,0.27273,0.66667,0.39394,798.0,2.76923,0.68692,13.0
3.0,Edu & Rick,TARLA4,0.54545455,0.36363636,0.22222222,0.11111111,0.25,0.42857143,0.71428571,0.66666667,0.2,0.2,0.75,0.66666667,1.0,,,,,,,,,,,,0.47,0.47066,196.0,3.0,0.0,0.42857,3.0,0.0,0.2193,0.3832,0.26304,0.44444,0.573864,7.0,0.5385,6.0,0.11111,1.0,0.88889,799.0,2.84615,0.62846,13.0
4.0,Renan & Fran,TARLA4,0.18181818,0.72727273,0.66666667,0.66666667,0.625,0.57142857,0.28571429,0.5,0.8,0.8,1,,,,,,,,,,,,,,0.62,0.62042,498.0,5.0,-1.0,0.66666,6.0,-2.0,-0.075,0.0493,0.22271,0.22792,0.573864,3.0,0.2727,8.0,0.18182,1.0,0.81818,800.0,4.36364,0.43818,11.0
5.0,Renata & Ana Paula,TARLA4,0.09090909,0.09090909,0.11111111,0.44444444,0.5,0.14285714,0.14285714,0.16666667,1,1,,,,,,,,,,,,,,,0.37,0.36898,56.0,1.0,4.0,0.15476,1.0,4.0,0.5553,0.7643,0.34403,0.36706,0.573864,8.0,0.8,2.0,0.09091,1.0,0.90909,801.0,2.4,0.72,10.0
6.0,Fernanda & Cainã,TARLA4,0.27272727,0.45454545,0.44444444,0.22222222,0.125,0.71428571,0.85714286,1.0,,,,,,,,,,,,,,,,,0.51,0.5113,279.0,4.0,2.0,0.44949,4.0,2.0,0.1224,0.2732,0.29518,0.4899,0.573864,5.0,0.625,3.0,0.125,1.0,0.875,802.0,4.0,0.55125,8.0
7.0,Fuzetti & Nando,TARLA4,0.72727273,0.18181818,0.77777778,0.55555556,0.875,1,1,,,,,,,,,,,,,,,,,,0.73,0.73106,711.0,8.0,-1.0,0.77777,8.0,-1.0,-0.215,-0.1095,0.26727,0.29609,0.573864,1.0,0.1429,6.0,0.18182,1.0,0.81818,803.0,6.14286,0.29857,7.0
8.0,Gabriela & Harã,TARLA4,0.90909091,0.81818182,0.88888889,0.88888889,1.0,,,,,,,,,,,,,,,,,,,,0.9,0.90101,884.0,10.0,-2.0,0.88888,10.0,-2.0,-0.3631,-0.2775,0.05834,0.0202,0.573864,0.0,0.0,5.0,0.81818,1.0,0.18182,804.0,8.6,0.112,5.0
9.0,Ciça & Zezão,TARLA4,0.81818182,0.54545455,0.33333333,1.0,,,,,,,,,,,,,,,,,,,,,0.67,0.67424,608.0,7.0,2.0,0.68181,7.0,2.0,-0.1489,-0.0345,0.25478,0.37121,0.573864,1.0,0.25,3.0,0.33333,1.0,0.66667,805.0,6.75,0.3625,4.0
10.0,Billy & Gean,TARLA4,1.0,0.90909091,,,,,,,,,,,,,,,,,,,,,,,0.95,0.95455,915.0,11.0,-1.0,0.95454,11.0,-1.0,-0.3988,-0.318,0.04545,0.04545,0.573864,0.0,0.0,2.0,0.90909,1.0,0.09091,806.0,10.5,0.05,2.0
11.0,Ci & Lu,TARLA4,0.63636364,1.0,,,,,,,,,,,,,,,,,,,,,,,0.82,0.81818,825.0,9.0,2.0,0.81818,9.0,2.0,-0.2986,-0.2043,0.18182,0.18182,0.573864,0.0,0.0,2.0,0.63636,1.0,0.36364,807.0,9.0,0.2,2.0
1.0,Ezequiel & Tobías,TARLA5,0.27272727,0.9,1,0.55555556,0.22222222,0.42857143,0.83333333,0.66666667,0.2,0.25,0.5,0.33333333,0.33333333,,,,,,,,,,,,0.5,0.49967,265.0,3.0,-2.0,0.42857,3.0,-2.0,0.1519,0.3029,0.26223,0.39394,0.575581,8.0,0.6154,5.0,0.2,1.0,0.8,808.0,3.53846,0.63227,13.0
2.0,Darío & Esther,TARLA5,0.45454545,0.1,0.55555556,0.22222222,0.44444444,0.71428571,0.16666667,0.16666667,0.8,1,0.75,1,0.66666667,,,,,,,,,,,,0.54,0.54162,345.0,4.0,-2.0,0.55555,4.0,-2.0,0.0627,0.202,0.30017,0.52778,0.575581,6.0,0.4615,7.0,0.1,1.0,0.9,809.0,3.07692,0.53974,13.0
3.0,Karina & Braian,TARLA5,0.18181818,0.7,0.22222222,0.44444444,0.66666667,0.85714286,0.66666667,0.5,0.6,0.5,0.25,0.66666667,1.0,,,,,,,,,,,,0.56,0.55813,374.0,5.0,-2.0,0.6,6.0,-3.0,0.0313,0.1664,0.23386,0.22222,0.575581,6.0,0.4615,7.0,0.18182,1.0,0.81818,810.0,3.46154,0.53398,13.0
4.0,Manfred & Pierre,TARLA5,0.81818182,0.8,0.33333333,0.33333333,0.11111111,0.14285714,0.33333333,0.33333333,0.4,0.75,1,,,,,,,,,,,,,,0.49,0.48686,229.0,2.0,2.0,0.33333,1.0,3.0,0.1822,0.3372,0.28631,0.44167,0.575581,7.0,0.6364,4.0,0.11111,1.0,0.88889,811.0,3.45455,0.6005,11.0
5.0,Jessica & Michelle,TARLA5,0.54545455,0.4,0.77777778,0.66666667,0.55555556,0.57142857,0.5,0.83333333,1,,,,,,,,,,,,,,,,0.65,0.65002,562.0,8.0,-3.0,0.57142,5.0,0.0,-0.1145,0.0015,0.17756,0.23232,0.575581,2.0,0.2222,7.0,0.4,1.0,0.6,812.0,5.0,0.39908,9.0
6.0,Evelyn & Jorge,TARLA5,0.09090909,0.6,0.44444444,0.11111111,0.33333333,0.28571429,1,1.0,,,,,,,,,,,,,,,,,0.48,0.48319,220.0,1.0,5.0,0.38888,2.0,4.0,0.1912,0.3473,0.33599,0.45794,0.575581,5.0,0.625,3.0,0.09091,1.0,0.90909,813.0,3.625,0.58159,8.0
7.0,Astrid & Aleja,TARLA5,0.90909091,0.5,0.66666667,0.77777778,0.77777778,1,,,,,,,,,,,,,,,,,,,0.77,0.77189,774.0,9.0,-2.0,0.77777,8.0,-1.0,-0.2543,-0.1566,0.16121,0.18182,0.575581,1.0,0.1667,5.0,0.5,1.0,0.5,814.0,7.0,0.2551,6.0
8.0,Juanjo & Beto,TARLA5,0.36363636,0.2,0.88888889,0.88888889,0.88888889,,,,,,,,,,,,,,,,,,,,0.65,0.64606,554.0,7.0,1.0,0.88888,10.0,-2.0,-0.1091,0.0077,0.30187,0.52525,0.575581,2.0,0.4,3.0,0.2,0.88889,0.68889,815.0,6.0,0.39278,5.0
9.0,Débora & Renata,TARLA5,0.63636364,0.3,0.11111111,1.0,1.0,,,,,,,,,,,,,,,,,,,,0.61,0.60949,480.0,6.0,3.0,0.63636,7.0,2.0,-0.0556,0.0681,0.36052,0.7,0.575581,2.0,0.4,3.0,0.11111,1.0,0.88889,816.0,5.8,0.43556,5.0
10.0,Filippo & Eddy,TARLA5,0.72727273,1.0,,,,,,,,,,,,,,,,,,,,,,,0.86,0.86364,858.0,10.0,0.0,0.86363,9.0,1.0,-0.3335,-0.2462,0.13636,0.13636,0.575581,0.0,0.0,2.0,0.72727,1.0,0.27273,817.0,9.0,0.15,2.0
11.0,Ari & Ra,TARLA5,1.0,,,,,,,,,,,,,,,,,,,,,,,,1.0,1.0,932.0,11.0,0.0,1.0,11.0,0.0,-0.4244,-0.349,0.0,0.0,0.575581,0.0,0.0,1.0,1.0,1.0,0.0,818.0,11.0,0.0,1.0
1.0,Giovanni & Juan Carlos,TARLA6,0.27272727,0.7,0.33333333,0.375,0.71428571,0.71428571,0.5,0.5,0.6,0.2,0.25,0.66666667,0.33333333,,,,,,,,,,,,0.47,0.47382,200.0,3.0,-2.0,0.5,3.0,-2.0,0.2186,0.374,0.18314,0.33333,0.577381,8.0,0.6154,5.0,0.2,0.71429,0.51429,819.0,3.07692,0.65109,13.0
2.0,Javier & Nicolas,TARLA6,0.18181818,0.8,0.11111111,0.625,0.57142857,0.42857143,0.16666667,0.33333333,0.2,0.6,0.5,0.33333333,0.66666667,,,,,,,,,,,,0.42,0.42446,126.0,2.0,0.0,0.42857,2.0,0.0,0.3603,0.5337,0.21278,0.4,0.577381,8.0,0.6154,5.0,0.11111,0.8,0.68889,820.0,2.69231,0.70648,13.0
3.0,Juan & Cecilia,TARLA6,0.45454545,0.9,0.88888889,0.125,0.28571429,0.57142857,1,0.83333333,0.8,0.4,0.75,1,1.0,,,,,,,,,,,,0.69,0.69299,638.0,7.0,-4.0,0.8,7.0,-4.0,-0.1668,-0.0606,0.28343,0.44545,0.577381,4.0,0.3077,9.0,0.125,1.0,0.875,821.0,4.23077,0.36175,13.0
4.0,Christian & Dina,TARLA6,0.90909091,0.6,0.55555556,0.75,0.42857143,0.28571429,0.33333333,0.16666667,0.4,0.8,1,,,,,,,,,,,,,,0.57,0.56627,393.0,4.0,0.0,0.55555,4.0,0.0,0.0196,0.1496,0.25841,0.40833,0.577381,5.0,0.4545,6.0,0.16667,1.0,0.83333,822.0,4.09091,0.51183,11.0
5.0,Martín & Jenny,TARLA6,0.36363636,0.5,0.77777778,0.5,0.85714286,0.85714286,0.66666667,0.66666667,1,1,,,,,,,,,,,,,,,0.72,0.7189,685.0,9.0,-4.0,0.72222,6.0,-1.0,-0.1969,-0.0944,0.20669,0.31548,0.577381,3.0,0.3,7.0,0.36364,1.0,0.63636,823.0,5.0,0.32104,10.0
6.0,Stefanía & Felipe,TARLA6,0.09090909,0.4,0.22222222,0.25,0.14285714,0.14285714,0.83333333,1.0,,,,,,,,,,,,,,,,,0.39,0.38527,75.0,1.0,5.0,0.23611,1.0,5.0,0.4986,0.6897,0.3217,0.36548,0.577381,6.0,0.75,2.0,0.09091,1.0,0.90909,824.0,2.75,0.69985,8.0
7.0,Sonia & Gabriel,TARLA6,0.72727273,0.1,0.44444444,0.875,1.0,1,,,,,,,,,,,,,,,,,,,0.69,0.69112,634.0,6.0,1.0,0.80113,8.0,-1.0,-0.1646,-0.058,0.32563,0.4536,0.577381,2.0,0.3333,4.0,0.1,1.0,0.9,825.0,5.66667,0.34465,6.0
8.0,Clara & Delfina,TARLA6,0.54545455,0.2,0.66666667,1.0,,,,,,,,,,,,,,,,,,,,,0.6,0.60303,467.0,5.0,3.0,0.60606,5.0,3.0,-0.0425,0.0796,0.28609,0.29091,0.577381,1.0,0.25,3.0,0.2,1.0,0.8,826.0,5.5,0.44098,4.0
9.0,Audi & David,TARLA6,0.81818182,0.3,1,,,,,,,,,,,,,,,,,,,,,,0.71,0.70606,657.0,8.0,1.0,0.81818,9.0,0.0,-0.1822,-0.078,0.29657,0.35,0.577381,1.0,0.3333,2.0,0.3,1.0,0.7,827.0,7.0,0.32593,3.0
10.0,Carlos & Orlando,TARLA6,0.63636364,1.0,,,,,,,,,,,,,,,,,,,,,,,0.82,0.81818,825.0,10.0,0.0,0.81818,9.0,1.0,-0.2943,-0.2043,0.18182,0.18182,0.577381,0.0,0.0,2.0,0.63636,1.0,0.36364,828.0,8.5,0.2,2.0
11.0,Ana & Vantroy,TARLA6,1.0,,,,,,,,,,,,,,,,,,,,,,,,1.0,1.0,932.0,11.0,0.0,1.0,11.0,0.0,-0.4226,-0.349,0.0,0.0,0.577381,0.0,0.0,1.0,1.0,1.0,0.0,829.0,11.0,0.0,1.0
1.0,Morten & Truls,TARNO1,0.36363636,0.1,0.22222222,0.25,0.125,0.85714286,0.33333333,0.16666667,0.2,0.8,0.2,0.5,0.33333333,,,,,,,,,,,,0.34,0.34241,38.0,1.0,0.0,0.25,1.0,0.0,0.6784,0.9012,0.23209,0.16364,0.574713,11.0,0.8462,2.0,0.1,0.85714,0.75714,830.0,2.15385,0.7935,13.0
2.0,Karim & Khabat,TARNO1,0.09090909,0.9,0.44444444,0.125,0.25,0.14285714,0.16666667,0.5,0.6,0.2,0.6,0.25,0.66666667,,,,,,,,,,,,0.38,0.37973,68.0,2.0,0.0,0.25,1.0,1.0,0.5135,0.7144,0.24565,0.43333,0.574713,9.0,0.6923,4.0,0.09091,0.9,0.80909,831.0,2.46154,0.74563,13.0
3.0,Cathrine & Michelle,TARNO1,0.63636364,0.2,0.11111111,0.375,0.875,0.71428571,0.66666667,0.83333333,0.8,0.4,0.4,0.75,1.0,,,,,,,,,,,,0.6,0.59706,457.0,4.0,-1.0,0.66666,6.0,-3.0,-0.0374,0.0904,0.26325,0.4,0.574713,5.0,0.3846,8.0,0.11111,1.0,0.88889,832.0,3.69231,0.47405,13.0
4.0,Frank & Ivar,TARNO1,0.72727273,0.4,0.33333333,0.875,0.375,0.28571429,0.5,0.66666667,0.4,0.6,0.8,1,,,,,,,,,,,,,0.58,0.58025,423.0,3.0,1.0,0.55,3.0,1.0,-0.0095,0.1219,0.224,0.3517,0.574713,6.0,0.5,6.0,0.28571,1.0,0.71429,833.0,3.91667,0.49227,12.0
5.0,Kari & Bjørn,TARNO1,0.81818182,0.5,0.55555556,0.75,0.5,0.57142857,0.83333333,0.33333333,1,1,1,,,,,,,,,,,,,,0.71,0.71471,678.0,8.0,-3.0,0.75,9.0,-4.0,-0.1959,-0.0891,0.22436,0.38889,0.574713,3.0,0.2727,8.0,0.33333,1.0,0.66667,834.0,5.0,0.32843,11.0
6.0,Tor Einar & Cathrine,TARNO1,0.54545455,0.7,0.77777778,0.625,0.625,0.42857143,1,1.0,,,,,,,,,,,,,,,,,0.71,0.71273,673.0,7.0,-1.0,0.6625,5.0,1.0,-0.1936,-0.0866,0.19156,0.22822,0.574713,1.0,0.125,7.0,0.42857,1.0,0.57143,835.0,5.625,0.3259,8.0
7.0,Julie & Vichy,TARNO1,0.18181818,0.3,0.88888889,0.5,0.75,1,,,,,,,,,,,,,,,,,,,0.6,0.60345,468.0,5.0,2.0,0.625,4.0,3.0,-0.0476,0.0788,0.30021,0.50417,0.574713,3.0,0.5,3.0,0.18182,1.0,0.81818,836.0,5.0,0.44332,6.0
8.0,Bjarne & Vilde,TARNO1,0.27272727,0.6,0.66666667,1.0,1.0,,,,,,,,,,,,,,,,,,,,0.71,0.70788,662.0,6.0,2.0,0.66666,6.0,2.0,-0.1881,-0.0803,0.27326,0.4,0.574713,1.0,0.2,4.0,0.27273,1.0,0.72727,837.0,6.2,0.32388,5.0
9.0,Martha & Elise,TARNO1,0.90909091,0.8,1,,,,,,,,,,,,,,,,,,,,,,0.9,0.90303,885.0,10.0,-1.0,0.90909,10.0,-1.0,-0.3636,-0.2791,0.08176,0.1,0.574713,0.0,0.0,3.0,0.8,1.0,0.2,838.0,9.0,0.1074,3.0
10.0,Pål Christian & Ivar,TARNO1,0.45454545,1.0,,,,,,,,,,,,,,,,,,,,,,,0.73,0.72727,703.0,9.0,1.0,0.72727,8.0,2.0,-0.2098,-0.1049,0.27273,0.27273,0.574713,1.0,0.5,1.0,0.45455,1.0,0.54545,839.0,7.5,0.3,2.0
11.0,Kenneth & Hakan,TARNO1,1.0,,,,,,,,,,,,,,,,,,,,,,,,1.0,1.0,932.0,11.0,0.0,1.0,11.0,0.0,-0.4253,-0.349,0.0,0.0,0.574713,0.0,0.0,1.0,1.0,1.0,0.0,840.0,11.0,0.0,1.0
1.0,Omar & Bilal,TARNO2,0.3,0.77777778,0.25,0.14285714,0.28571429,0.14285714,0.16666667,0.2,0.4,0.25,0.5,0.33333333,,,,,,,,,,,,,0.31,0.31243,17.0,1.0,0.0,0.26785,1.0,0.0,0.8564,1.0837,0.17318,0.15833,0.58,11.0,0.9167,1.0,0.14286,0.77778,0.63492,841.0,2.0,0.84458,12.0
2.0,Sveinung & Solfrid,TARNO2,0.6,0.33333333,0.375,0.42857143,0.57142857,0.57142857,0.33333333,0.4,0.2,0.75,0.25,0.66666667,,,,,,,,,,,,,0.46,0.45665,173.0,2.0,0.0,0.41428,2.0,0.0,0.2701,0.4256,0.165,0.24524,0.58,7.0,0.5833,5.0,0.2,0.75,0.55,842.0,2.83333,0.66323,12.0
3.0,Cecilie & Camilla,TARNO2,0.7,0.55555556,0.5,0.57142857,0.42857143,0.28571429,0.83333333,0.6,0.8,1,0.75,1,,,,,,,,,,,,,0.67,0.66872,602.0,5.0,-2.0,0.65,4.0,-1.0,-0.1327,-0.0265,0.2104,0.26667,0.58,3.0,0.25,9.0,0.28571,1.0,0.71429,843.0,3.91667,0.39067,12.0
4.0,Julie & Robert,TARNO2,0.5,0.22222222,0.125,0.28571429,0.14285714,0.42857143,0.5,0.8,0.6,0.5,1,,,,,,,,,,,,,,0.46,0.46403,184.0,3.0,1.0,0.5,3.0,1.0,0.2499,0.4029,0.25799,0.29603,0.58,8.0,0.7273,3.0,0.125,1.0,0.875,844.0,2.72727,0.63157,11.0
5.0,Lill & Stian,TARNO2,0.1,0.88888889,0.75,0.85714286,1.0,0.71428571,0.66666667,1.0,1,,,,,,,,,,,,,,,,0.78,0.77522,782.0,7.0,-2.0,0.85714,7.0,-2.0,-0.2518,-0.1602,0.26735,0.28571,0.58,1.0,0.1111,8.0,0.1,1.0,0.9,845.0,5.22222,0.25674,9.0
6.0,Eva & Wenche,TARNO2,0.4,0.11111111,0.875,0.71428571,0.85714286,0.85714286,1,,,,,,,,,,,,,,,,,,0.69,0.68781,633.0,6.0,0.0,0.85714,7.0,-1.0,-0.1567,-0.0535,0.29422,0.30893,0.58,2.0,0.2857,5.0,0.11111,1.0,0.88889,846.0,5.0,0.35376,7.0
7.0,Vinh & Terje,TARNO2,0.2,0.44444444,0.625,1.0,0.71428571,1,,,,,,,,,,,,,,,,,,,0.66,0.66396,594.0,4.0,3.0,0.66964,5.0,2.0,-0.1265,-0.0195,0.28675,0.43899,0.58,2.0,0.3333,4.0,0.2,1.0,0.8,847.0,5.0,0.3793,6.0
8.0,Priscila & Lindsy,TARNO2,0.8,0.66666667,1,,,,,,,,,,,,,,,,,,,,,,0.82,0.82222,832.0,8.0,0.0,0.8,6.0,2.0,-0.2946,-0.2082,0.13699,0.16667,0.58,0.0,0.0,3.0,0.66667,1.0,0.33333,848.0,7.33333,0.19907,3.0
9.0,Milorad & Dario,TARNO2,0.9,1.0,,,,,,,,,,,,,,,,,,,,,,,0.95,0.95,911.0,9.0,0.0,0.95,9.0,0.0,-0.3895,-0.3147,0.05,0.05,0.58,0.0,0.0,2.0,0.9,1.0,0.1,849.0,9.0,0.05555,2.0
10.0,Allan & Ørjan,TARNO2,1.0,,,,,,,,,,,,,,,,,,,,,,,,1.0,1.0,932.0,10.0,0.0,1.0,10.0,0.0,-0.42,-0.349,0.0,0.0,0.58,0.0,0.0,1.0,1.0,1.0,0.0,850.0,10.0,0.0,1.0
1.0,Baggio & Thành Phúc,TARVN1,0.6,0.2,0.1,0.33333333,0.125,0.85714286,0.71428571,0.5,0.2,0.6,0.75,0.25,0.33333333,,,,,,,,,,,,0.43,0.42793,131.0,1.0,0.0,0.33333,2.0,-1.0,0.341,0.5213,0.24607,0.4,0.573864,8.0,0.6154,5.0,0.1,0.85714,0.75714,851.0,2.76923,0.69358,13.0
2.0,Minh Hoàng & Phương Thảo,TARVN1,0.7,0.8,0.6,0.66666667,0.375,0.57142857,0.85714286,0.16666667,1,0.8,0.25,0.75,0.66666667,,,,,,,,,,,,0.63,0.63104,522.0,8.0,-6.0,0.66666,7.0,-5.0,-0.0906,0.0316,0.2315,0.22857,0.573864,3.0,0.2308,10.0,0.16667,1.0,0.83333,852.0,4.30769,0.44917,13.0
3.0,Thành Chung & Thanh Bằng,TARVN1,0.9,0.7,0.5,0.55555556,0.25,0.14285714,0.28571429,0.83333333,0.6,0.4,1,0.5,1.0,,,,,,,,,,,,0.59,0.5898,441.0,6.0,-3.0,0.55555,6.0,-3.0,-0.027,0.1038,0.2725,0.43333,0.573864,6.0,0.4615,7.0,0.14286,1.0,0.85714,853.0,3.84615,0.48516,13.0
4.0,Chí Bình & Hồng Long,TARVN1,0.2,0.4,0.3,0.22222222,0.625,0.42857143,0.57142857,0.33333333,0.8,0.2,0.5,1,,,,,,,,,,,,,0.47,0.46505,185.0,3.0,1.0,0.41428,3.0,1.0,0.234,0.3999,0.23911,0.30427,0.573864,8.0,0.6667,4.0,0.2,1.0,0.8,854.0,3.0,0.6267,12.0
5.0,Tuấn Anh & Xuân Sơn,TARVN1,0.4,0.1,0.9,0.77777778,0.875,1,0.14285714,0.66666667,0.4,1,,,,,,,,,,,,,,,0.63,0.62623,515.0,7.0,-2.0,0.72222,8.0,-3.0,-0.0836,0.0396,0.32462,0.49375,0.573864,4.0,0.4,6.0,0.1,1.0,0.9,855.0,4.7,0.43207,10.0
6.0,Minh Châu & Trần Châu,TARVN1,0.5,0.6,0.4,0.11111111,0.5,0.71428571,0.42857143,1.0,,,,,,,,,,,,,,,,,0.53,0.53175,325.0,4.0,2.0,0.5,4.0,2.0,0.0792,0.2243,0.24088,0.20714,0.573864,5.0,0.625,3.0,0.11111,1.0,0.88889,856.0,4.25,0.52976,8.0
7.0,Gia Bình & Bảo Châu,TARVN1,1.0,0.9,0.7,0.88888889,0.75,0.28571429,1,,,,,,,,,,,,,,,,,,0.79,0.78923,796.0,9.0,-2.0,0.88888,9.0,-2.0,-0.2729,-0.1751,0.23117,0.225,0.573864,1.0,0.1429,6.0,0.28571,1.0,0.71429,857.0,7.0,0.2412,7.0
8.0,Thanh Tuấn & Mỹ Trâm,TARVN1,0.3,0.3,0.2,0.44444444,1.0,,,,,,,,,,,,,,,,,,,,0.45,0.44889,154.0,2.0,6.0,0.3,1.0,7.0,0.2784,0.4503,0.28637,0.14444,0.573864,4.0,0.8,1.0,0.2,1.0,0.8,858.0,4.0,0.6139,5.0
9.0,Richie & Mimi,TARVN1,0.8,1.0,0.8,1.0,,,,,,,,,,,,,,,,,,,,,0.9,0.9,879.0,10.0,-1.0,0.9,10.0,-1.0,-0.3624,-0.2767,0.1,0.2,0.573864,0.0,0.0,4.0,0.8,1.0,0.2,859.0,8.75,0.1111,4.0
10.0,Thanh Thủy & Minh Thoa,TARVN1,0.1,0.5,1,,,,,,,,,,,,,,,,,,,,,,0.53,0.53333,329.0,5.0,5.0,0.5,4.0,6.0,0.076,0.2206,0.36818,0.45,0.573864,2.0,0.6667,1.0,0.1,1.0,0.9,860.0,5.33333,0.51853,3.0
1.0,Diệp Lâm Anh & Thu Hiền,TARVN2,0.66666667,0.33333333,0.125,0.85714286,0.28571429,0.5,0.4,0.2,0.25,0.5,0.5,0.33333333,,,,,,,,,,,,,0.41,0.4126,109.0,1.0,0.0,0.36666,2.0,-1.0,0.4166,0.5778,0.19754,0.22321,0.584507,10.0,0.8333,2.0,0.125,0.85714,0.73214,861.0,2.5,0.73403,12.0
2.0,Linh Chi & Phúc Vinh,TARVN2,0.11111111,0.22222222,0.25,0.14285714,0.57142857,0.16666667,0.8,0.6,1,0.25,0.25,0.66666667,,,,,,,,,,,,,0.42,0.41925,117.0,2.0,0.0,0.25,1.0,1.0,0.3942,0.5528,0.28272,0.40833,0.584507,7.0,0.5833,5.0,0.11111,1.0,0.88889,862.0,2.16667,0.70684,12.0
3.0,Đức Hưng & Thùy Dung,TARVN2,0.77777778,0.77777778,0.625,0.42857143,0.14285714,0.83333333,0.6,0.8,0.75,0.75,0.75,1,,,,,,,,,,,,,0.69,0.68628,629.0,5.0,-2.0,0.75,6.0,-3.0,-0.1483,-0.0514,0.21111,0.16458,0.584507,2.0,0.1667,10.0,0.14286,1.0,0.85714,863.0,3.91667,0.37877,12.0
4.0,Hari & Tiến Đạt,TARVN2,0.44444444,0.11111111,0.375,0.28571429,0.42857143,0.33333333,0.2,0.4,0.5,1,1,,,,,,,,,,,,,,0.46,0.46165,180.0,3.0,1.0,0.4,3.0,1.0,0.2661,0.4102,0.27511,0.1627,0.584507,9.0,0.8182,2.0,0.11111,1.0,0.88889,864.0,2.54545,0.64145,11.0
5.0,Linh Sơn & Đoàn Mạnh,TARVN2,0.33333333,0.44444444,0.875,0.71428571,0.85714286,0.66666667,1,1.0,,,,,,,,,,,,,,,,,0.74,0.73636,718.0,7.0,-2.0,0.78571,7.0,-2.0,-0.2062,-0.1159,0.23071,0.29514,0.584507,2.0,0.25,6.0,0.33333,1.0,0.66667,865.0,4.875,0.30224,8.0
6.0,Thanh Hoa & Anh Tuấn,TARVN2,0.55555556,0.88888889,0.5,0.57142857,0.71428571,1,,,,,,,,,,,,,,,,,,,0.71,0.70503,656.0,6.0,0.0,0.64285,5.0,1.0,-0.1709,-0.0766,0.184,0.28571,0.584507,1.0,0.1667,5.0,0.5,1.0,0.5,866.0,5.33333,0.33828,6.0
7.0,Việt Dũng & Pha Lê,TARVN2,0.88888889,0.66666667,0.75,1.0,1.0,,,,,,,,,,,,,,,,,,,,0.86,0.86111,857.0,8.0,-1.0,0.88888,8.0,-1.0,-0.3212,-0.244,0.1338,0.25,0.584507,0.0,0.0,5.0,0.66667,1.0,0.33333,867.0,6.8,0.15714,5.0
8.0,Kim Lee & Pharreal Phương,TARVN2,0.22222222,0.55555556,1,,,,,,,,,,,,,,,,,,,,,,0.59,0.59259,449.0,4.0,4.0,0.55555,4.0,4.0,-0.0136,0.0986,0.3186,0.38889,0.584507,1.0,0.3333,2.0,0.22222,1.0,0.77778,868.0,5.0,0.45833,3.0
9.0,S.T & Hùng Phong,TARVN2,1.0,1.0,,,,,,,,,,,,,,,,,,,,,,,1.0,1.0,932.0,9.0,0.0,1.0,9.0,0.0,-0.4155,-0.349,0.0,0.0,0.584507,0.0,0.0,2.0,1.0,1.0,0.0,869.0,9.0,0.0,2.0
1.0,Hương Giang & Criss,TARVN3,0.22222222,0.77777778,0.125,0.14285714,0.28571429,0.33333333,0.66666667,0.4,0.75,0.25,0.33333333,,,,,,,,,,,,,,0.39,0.38972,82.0,1.0,0.0,0.33333,1.0,0.0,0.4905,0.6704,0.22421,0.29722,0.580882,8.0,0.7273,3.0,0.125,0.77778,0.65278,870.0,2.36364,0.74924,11.0
2.0,Trang Trần & Hiếu Nguyễn,TARVN3,0.55555556,0.44444444,0.5,0.57142857,0.42857143,0.5,0.33333333,0.6,0.5,0.75,0.66666667,,,,,,,,,,,,,,0.53,0.53182,326.0,4.0,-2.0,0.5,5.0,-3.0,0.0923,0.2241,0.11008,0.11349,0.580882,6.0,0.5455,5.0,0.33333,0.75,0.41667,871.0,3.18182,0.56937,11.0
3.0,Trang Khiếu & An Đinh,TARVN3,0.66666667,0.66666667,0.875,0.85714286,0.85714286,1,0.5,0.8,1,0.5,1,,,,,,,,,,,,,,0.79,0.79297,801.0,7.0,-4.0,0.85714,7.0,-4.0,-0.2675,-0.179,0.17765,0.27083,0.580882,2.0,0.1818,9.0,0.5,1.0,0.5,872.0,4.81818,0.24936,11.0
4.0,Kiwi Ngô Mai Trang & Đỗ Hoàng Dương,TARVN3,0.88888889,0.55555556,0.625,1.0,0.14285714,0.16666667,0.16666667,0.2,0.25,1,,,,,,,,,,,,,,,0.5,0.49956,264.0,3.0,1.0,0.40277,3.0,1.0,0.1628,0.3032,0.34238,0.64792,0.580882,5.0,0.5,5.0,0.14286,1.0,0.85714,873.0,3.4,0.60536,10.0
5.0,Sơn Ngọc Minh & Mint,TARVN3,0.11111111,0.33333333,0.375,0.71428571,0.71428571,0.83333333,0.83333333,1.0,,,,,,,,,,,,,,,,,0.61,0.61434,489.0,6.0,-1.0,0.71428,6.0,-1.0,-0.0545,0.0597,0.28594,0.46875,0.580882,3.0,0.375,5.0,0.11111,1.0,0.88889,874.0,4.0,0.44136,8.0
6.0,Long Điền & Kim Dung,TARVN3,0.33333333,0.11111111,0.25,0.28571429,0.57142857,0.66666667,1,,,,,,,,,,,,,,,,,,0.46,0.45975,178.0,2.0,4.0,0.33333,1.0,5.0,0.2635,0.416,0.28258,0.35119,0.580882,4.0,0.5714,3.0,0.11111,1.0,0.88889,875.0,3.14286,0.62006,7.0
7.0,Kim Thanh & Khải Anh,TARVN3,1.0,0.88888889,0.75,0.42857143,1.0,,,,,,,,,,,,,,,,,,,,0.81,0.81349,821.0,8.0,-1.0,0.88888,8.0,-1.0,-0.2859,-0.1997,0.21328,0.25,0.580882,1.0,0.2,4.0,0.42857,1.0,0.57143,876.0,6.6,0.21548,5.0
8.0,Miko Lan Trinh & Hoàng Nam,TARVN3,0.44444444,0.22222222,1,,,,,,,,,,,,,,,,,,,,,,0.56,0.55556,367.0,5.0,3.0,0.44444,4.0,4.0,0.0456,0.1718,0.3271,0.38889,0.580882,2.0,0.6667,1.0,0.22222,1.0,0.77778,877.0,4.66667,0.5,3.0
9.0,Minh Long & Sơn Việt,TARVN3,0.77777778,1.0,,,,,,,,,,,,,,,,,,,,,,,0.89,0.88889,878.0,9.0,0.0,0.88888,8.0,1.0,-0.3465,-0.2676,0.11111,0.11111,0.580882,0.0,0.0,2.0,0.77778,1.0,0.22222,878.0,8.0,0.125,2.0
1.0,Ngọc Anh & Nhật Anh,TARVN4,0.125,0.25,0.125,0.125,0.71428571,0.14285714,1,0.16666667,0.2,0.5,0.33333333,,,,,,,,,,,,,,0.33,0.33474,34.0,1.0,0.0,0.2,1.0,0.0,0.7284,0.9448,0.27573,0.28274,0.578571,9.0,0.8182,2.0,0.125,1.0,0.875,879.0,2.0,0.80519,11.0
2.0,Lincoln & Chí Thành,TARVN4,0.375,0.625,0.5,0.25,0.57142857,0.85714286,0.83333333,0.33333333,0.4,0.25,0.66666667,,,,,,,,,,,,,,0.51,0.51472,284.0,2.0,0.0,0.5,2.0,0.0,0.124,0.2648,0.2052,0.29167,0.578571,6.0,0.5455,5.0,0.25,0.85714,0.60714,880.0,3.27273,0.58983,11.0
3.0,Băng Di & Trang Pháp,TARVN4,1.0,1.0,0.625,0.875,0.42857143,0.57142857,0.33333333,0.83333333,0.8,0.75,1,,,,,,,,,,,,,,0.75,0.74697,739.0,8.0,-5.0,0.8,8.0,-5.0,-0.2254,-0.1285,0.22093,0.33929,0.578571,2.0,0.1818,9.0,0.33333,1.0,0.66667,881.0,4.72727,0.30195,11.0
4.0,Thùy Anh & Đăng Hoàng,TARVN4,0.625,0.875,0.875,0.625,0.28571429,0.28571429,0.66666667,0.5,0.6,1,,,,,,,,,,,,,,,0.63,0.63381,532.0,5.0,-1.0,0.625,4.0,0.0,-0.0872,0.0271,0.22651,0.29792,0.578571,3.0,0.3,7.0,0.28571,1.0,0.71429,882.0,4.2,0.43096,10.0
5.0,Nam Thành & Hải Băng,TARVN4,0.25,0.75,0.25,0.75,0.14285714,0.71428571,0.16666667,0.66666667,1,,,,,,,,,,,,,,,,0.52,0.52116,306.0,3.0,2.0,0.66666,5.0,0.0,0.1102,0.2491,0.29969,0.5,0.578571,4.0,0.4444,5.0,0.14286,1.0,0.85714,883.0,3.55556,0.55766,9.0
6.0,Phương Ly & Joo Young,TARVN4,0.875,0.5,0.375,0.5,0.85714286,0.42857143,0.5,1.0,,,,,,,,,,,,,,,,,0.63,0.62946,520.0,4.0,2.0,0.5,2.0,4.0,-0.0808,0.0342,0.22495,0.37946,0.578571,5.0,0.625,3.0,0.375,1.0,0.625,884.0,4.5,0.42918,8.0
7.0,Song Ngư & Trúc Như,TARVN4,0.75,0.375,0.75,0.375,1.0,1,,,,,,,,,,,,,,,,,,,0.71,0.70833,663.0,7.0,0.0,0.75,6.0,1.0,-0.1832,-0.0809,0.25685,0.46875,0.578571,2.0,0.3333,4.0,0.375,1.0,0.625,885.0,5.33333,0.33333,6.0
8.0,Tim & Anh Đức,TARVN4,0.5,0.125,1,1.0,,,,,,,,,,,,,,,,,,,,,0.66,0.65625,579.0,6.0,2.0,0.75,6.0,2.0,-0.1184,-0.008,0.36843,0.59375,0.578571,2.0,0.5,2.0,0.125,1.0,0.875,886.0,5.25,0.39285,4.0
1.0,Lincoln & Tiến Đạt,TARVN5,0.1,0.1,0.11111111,0.22222222,0.375,0.28571429,0.33333333,0.4,0.5,0.25,0.33333333,,,,,,,,,,,,,,0.27,0.2737,9.0,1.0,0.0,0.28571,1.0,0.0,1.0947,1.3785,0.12601,0.1875,0.573333,11.0,1.0,0.0,0.1,0.5,0.4,887.0,1.63636,0.8763,11.0
2.0,Hương Giang & Criss,TARVN5,0.3,0.8,0.55555556,0.66666667,0.125,0.71428571,0.66666667,0.2,0.25,0.5,0.66666667,,,,,,,,,,,,,,0.49,0.49499,249.0,2.0,0.0,0.55555,3.0,-1.0,0.1583,0.3152,0.22466,0.39167,0.573333,5.0,0.4545,6.0,0.125,0.8,0.675,888.0,3.45455,0.61591,11.0
3.0,Phúc Vinh & Thùy Dung,TARVN5,0.5,0.5,0.22222222,0.55555556,0.625,0.14285714,0.5,0.6,0.75,0.75,1,,,,,,,,,,,,,,0.56,0.55869,376.0,4.0,-1.0,0.55555,3.0,0.0,0.0262,0.1652,0.22774,0.1875,0.573333,5.0,0.4545,6.0,0.14286,1.0,0.85714,889.0,3.45455,0.51649,11.0
4.0,Việt Dũng & Pha Lê,TARVN5,0.4,0.2,0.77777778,0.11111111,0.75,0.57142857,0.83333333,0.8,1,1,,,,,,,,,,,,,,,0.64,0.64437,547.0,5.0,-1.0,0.76388,7.0,-3.0,-0.1102,0.0103,0.29811,0.38214,0.573333,3.0,0.3,7.0,0.11111,1.0,0.88889,890.0,4.1,0.40413,10.0
5.0,Thanh Hoa & Anh Tuấn,TARVN5,0.6,0.7,0.33333333,0.44444444,0.5,0.42857143,0.16666667,1.0,,,,,,,,,,,,,,,,,0.52,0.52163,308.0,3.0,2.0,0.47222,2.0,3.0,0.0991,0.248,0.23541,0.22024,0.573333,5.0,0.625,3.0,0.16667,1.0,0.83333,891.0,4.125,0.54885,8.0
6.0,Song Ngư & Trúc Như,TARVN5,1.0,0.9,0.88888889,0.88888889,0.25,0.85714286,1,,,,,,,,,,,,,,,,,,0.83,0.82642,834.0,9.0,-3.0,0.88888,10.0,-4.0,-0.3062,-0.2123,0.24103,0.07698,0.573333,1.0,0.1429,6.0,0.25,1.0,0.75,892.0,7.0,0.19784,7.0
7.0,Minh Long & Thu Hiền,TARVN5,0.9,0.4,0.44444444,0.33333333,0.875,1,,,,,,,,,,,,,,,,,,,0.66,0.6588,584.0,6.0,1.0,0.65972,5.0,2.0,-0.1297,-0.0118,0.27086,0.48264,0.573333,3.0,0.5,3.0,0.33333,1.0,0.66667,893.0,5.66667,0.38262,6.0
8.0,Richie & Mimi,TARVN5,0.2,0.6,1,0.77777778,1.0,,,,,,,,,,,,,,,,,,,,0.72,0.71556,680.0,8.0,0.0,0.77777,8.0,0.0,-0.1988,-0.0902,0.29827,0.4,0.573333,1.0,0.2,4.0,0.2,1.0,0.8,894.0,6.4,0.31666,5.0
9.0,Mâu Thủy & Ngọc Minh,TARVN5,0.8,0.3,0.66666667,1.0,,,,,,,,,,,,,,,,,,,,,0.69,0.69167,635.0,7.0,2.0,0.73333,6.0,3.0,-0.1711,-0.0588,0.25536,0.275,0.573333,1.0,0.25,3.0,0.3,1.0,0.7,895.0,6.5,0.34375,4.0
10.0,Thùy Anh & Đăng Hoàng,TARVN5,0.7,1.0,,,,,,,,,,,,,,,,,,,,,,,0.85,0.85,851.0,10.0,0.0,0.85,9.0,1.0,-0.3255,-0.2341,0.15,0.15,0.573333,0.0,0.0,2.0,0.7,1.0,0.3,896.0,8.5,0.16665,2.0
1.0,Lệ Hằng & H'Hen Niê,TARVN6,0.4,0.5,0.77777778,0.625,0.25,0.28571429,0.5,0.2,0.5,0.25,,,,,,,,,,,,,,,0.43,0.42885,132.0,3.0,-2.0,0.45,3.0,-2.0,0.318,0.518,0.17694,0.24107,0.565241,8.0,0.8,2.0,0.2,0.77778,0.57778,897.0,3.2,0.6858,10.0
2.0,ST Sơn Thạch & Bình An,TARVN6,0.1,0.1,0.11111111,0.125,0.375,0.28571429,0.33333333,0.6,0.25,0.5,,,,,,,,,,,,,,,0.28,0.27802,11.0,1.0,1.0,0.26785,2.0,0.0,1.0331,1.3416,0.1676,0.25,0.565241,9.0,0.9,1.0,0.1,0.6,0.5,898.0,1.7,0.85143,10.0
3.0,Lê Xuân Tiền & Đỗ Mỹ Linh,TARVN6,0.6,0.3,0.33333333,0.5,0.5,0.14285714,0.16666667,0.4,0.75,0.75,,,,,,,,,,,,,,,0.44,0.44429,151.0,4.0,-1.0,0.45,4.0,-1.0,0.2722,0.4653,0.20504,0.26667,0.565241,7.0,0.7,3.0,0.14286,0.75,0.60714,899.0,3.0,0.65316,10.0
4.0,Minh Triệu & Kỳ Duyên,TARVN6,0.8,0.8,0.44444444,0.375,0.875,0.71428571,0.66666667,0.8,1,1,,,,,,,,,,,,,,,0.75,0.74754,740.0,7.0,-3.0,0.8,7.0,-3.0,-0.2439,-0.1291,0.19755,0.17768,0.565241,2.0,0.2,8.0,0.375,1.0,0.625,900.0,5.1,0.29099,10.0
5.0,MLee & Quốc Anh,TARVN6,0.2,0.2,0.22222222,0.25,0.125,0.57142857,0.83333333,1.0,,,,,,,,,,,,,,,,,0.43,0.42525,127.0,2.0,3.0,0.23611,1.0,4.0,0.3292,0.5309,0.31261,0.4369,0.565241,5.0,0.625,3.0,0.125,1.0,0.875,901.0,2.875,0.65124,8.0
6.0,Johnny & Huy Trần,TARVN6,0.3,0.7,0.55555556,0.875,0.75,0.85714286,1,,,,,,,,,,,,,,,,,,0.72,0.71967,686.0,5.0,1.0,0.75,6.0,0.0,-0.2146,-0.0954,0.2158,0.23829,0.565241,1.0,0.1429,6.0,0.3,1.0,0.7,902.0,5.71429,0.3152,7.0
7.0,Gia Huy & Hoàng Hạnh,TARVN6,0.9,0.9,0.66666667,0.75,0.625,1,,,,,,,,,,,,,,,,,,,0.81,0.80694,815.0,9.0,-2.0,0.825,8.0,-1.0,-0.2995,-0.1932,0.13578,0.2125,0.565241,0.0,0.0,6.0,0.625,1.0,0.375,903.0,7.0,0.21858,6.0
8.0,Quốc Thiên & Anh Quân,TARVN6,0.5,0.4,0.88888889,0.875,1.0,,,,,,,,,,,,,,,,,,,,0.73,0.73278,716.0,6.0,2.0,0.875,9.0,-1.0,-0.2286,-0.1116,0.23704,0.38889,0.565241,2.0,0.4,3.0,0.4,1.0,0.6,904.0,6.4,0.29804,5.0
9.0,Emma Nhất Khanh & Tôn Kinh Lâm,TARVN6,0.7,0.6,1,,,,,,,,,,,,,,,,,,,,,,0.77,0.76667,762.0,8.0,1.0,0.7,5.0,4.0,-0.2627,-0.1509,0.16997,0.2,0.565241,0.0,0.0,3.0,0.6,1.0,0.4,905.0,7.33333,0.25923,3.0
10.0,Vũ Xuân Tiến & Chu Minh Vũ,TARVN6,0.9,1.0,,,,,,,,,,,,,,,,,,,,,,,0.95,0.95,911.0,10.0,0.0,0.95,10.0,0.0,-0.405,-0.3147,0.05,0.05,0.565241,0.0,0.0,2.0,0.9,1.0,0.1,906.0,9.5,0.05555,2.0
1.0,Anthony & Sonja,TARFR1,0.22222222,0.625,1,0.28571429,0.16666667,0.4,0.6,1.0,0.5,0.33333333,,,,,,,,,,,,,,,0.51,0.51329,283.0,1.0,0.0,0.45,1.0,0.0,0.1421,0.2683,0.2821,0.32113,0.586207,6.0,0.6,4.0,0.16667,1.0,0.83333,907.0,2.9,0.60536,10.0
2.0,Hadj & Yacim,TARFR1,0.33333333,0.375,0.85714286,0.85714286,0.66666667,1,0.2,0.75,0.25,0.66666667,,,,,,,,,,,,,,,0.6,0.5956,454.0,5.0,-3.0,0.66666,6.0,-4.0,-0.0158,0.093,0.26975,0.48661,0.586207,4.0,0.4,6.0,0.2,1.0,0.8,908.0,3.4,0.5031,10.0
3.0,Alice & Stéphanie,TARFR1,0.55555556,0.25,0.57142857,0.42857143,0.83333333,0.6,0.8,0.25,0.75,1,,,,,,,,,,,,,,,0.6,0.60389,469.0,6.0,-3.0,0.58571,5.0,-2.0,-0.0293,0.078,0.23537,0.32718,0.586207,3.0,0.3,7.0,0.25,1.0,0.75,909.0,3.3,0.48071,10.0
4.0,Heïdi & Michel,TARFR1,0.11111111,0.75,0.42857143,0.14285714,0.5,0.8,0.4,0.5,1,,,,,,,,,,,,,,,,0.51,0.51473,285.0,2.0,2.0,0.5,2.0,2.0,0.1389,0.2648,0.27778,0.35,0.586207,6.0,0.6667,3.0,0.11111,1.0,0.88889,910.0,2.88889,0.5799,9.0
5.0,Francis & Benjamin,TARFR1,0.77777778,0.5,0.28571429,0.71428571,0.33333333,0.2,1,,,,,,,,,,,,,,,,,,0.54,0.54444,352.0,3.0,2.0,0.5,2.0,3.0,0.0767,0.1957,0.27333,0.43651,0.586207,4.0,0.5714,3.0,0.2,1.0,0.8,911.0,3.71429,0.54114,7.0
6.0,Oucéni & Lassana,TARFR1,0.88888889,0.125,0.14285714,0.57142857,1.0,,,,,,,,,,,,,,,,,,,,0.55,0.54563,357.0,4.0,2.0,0.57142,4.0,2.0,0.0744,0.1931,0.36444,0.74603,0.586207,2.0,0.4,3.0,0.125,1.0,0.875,912.0,4.0,0.525,5.0
7.0,Mathilde & Séverine,TARFR1,0.44444444,0.875,0.71428571,1.0,,,,,,,,,,,,,,,,,,,,,0.76,0.75843,756.0,7.0,0.0,0.79464,7.0,0.0,-0.2271,-0.1416,0.20765,0.25942,0.586207,1.0,0.25,3.0,0.44444,1.0,0.55556,913.0,5.75,0.2753,4.0
8.0,Fabien & Aurélien,TARFR1,0.66666667,1.0,,,,,,,,,,,,,,,,,,,,,,,0.83,0.83333,839.0,8.0,0.0,0.83333,8.0,0.0,-0.2965,-0.2188,0.16667,0.16667,0.586207,0.0,0.0,2.0,0.66667,1.0,0.33333,914.0,7.0,0.1875,2.0
9.0,Antoine & Héléna,TARFR1,1.0,,,,,,,,,,,,,,,,,,,,,,,,1.0,1.0,932.0,9.0,0.0,1.0,9.0,0.0,-0.4138,-0.349,0.0,0.0,0.586207,0.0,0.0,1.0,1.0,1.0,0.0,915.0,9.0,0.0,1.0
1.0,LJ & CJ,TARPH1,0.63636364,0.2,0.22222222,0.44444444,0.75,0.625,0.71428571,0.71428571,0.5,0.4,0.5,0.75,0.33333333,,,,,,,,,,,,0.52,0.5223,310.0,4.0,-3.0,0.5,3.0,-2.0,0.0941,0.2464,0.18659,0.31429,0.571429,7.0,0.5385,6.0,0.2,0.75,0.55,916.0,3.61538,0.57845,13.0
2.0,Fausto & Dayal,TARPH1,0.81818182,0.8,0.88888889,0.77777778,0.25,0.25,0.14285714,0.42857143,0.16666667,0.2,0.75,0.5,0.66666667,,,,,,,,,,,,0.51,0.51074,277.0,3.0,-1.0,0.5,3.0,-1.0,0.1188,0.2746,0.27276,0.52778,0.571429,7.0,0.5385,6.0,0.14286,0.88889,0.74603,917.0,3.76923,0.59062,13.0
3.0,Marc & Kat,TARPH1,0.09090909,0.1,0.11111111,0.11111111,0.5,0.375,0.28571429,0.14285714,0.33333333,0.6,0.25,0.25,1.0,,,,,,,,,,,,0.32,0.31923,23.0,1.0,2.0,0.25,1.0,2.0,0.79,1.0393,0.24914,0.26389,0.571429,11.0,0.8462,2.0,0.09091,1.0,0.90909,918.0,1.84615,0.80146,13.0
4.0,Sheena & Gee,TARPH1,0.45454545,0.6,0.55555556,0.66666667,0.875,0.5,0.57142857,0.85714286,0.83333333,0.8,1,1,,,,,,,,,,,,,0.73,0.72614,701.0,7.0,-3.0,0.73333,7.0,-3.0,-0.2131,-0.1035,0.18341,0.29415,0.571429,2.0,0.1667,10.0,0.45455,1.0,0.54545,919.0,5.0,0.31253,12.0
5.0,Saida & Jervi,TARPH1,0.36363636,0.3,0.44444444,0.22222222,0.625,0.75,0.85714286,0.57142857,0.66666667,1,,,,,,,,,,,,,,,0.58,0.58005,421.0,5.0,0.0,0.59821,5.0,0.0,-0.0149,0.1223,0.23734,0.34533,0.571429,4.0,0.4,6.0,0.22222,1.0,0.77778,920.0,4.3,0.47588,10.0
6.0,Boom & Cheng,TARPH1,0.18181818,0.5,0.33333333,0.33333333,0.125,0.125,0.42857143,0.28571429,1,,,,,,,,,,,,,,,,0.37,0.36809,55.0,2.0,4.0,0.33333,2.0,4.0,0.5524,0.7686,0.2544,0.24675,0.571429,8.0,0.8889,1.0,0.125,1.0,0.875,921.0,2.88889,0.71729,9.0
7.0,Ed & Angel,TARPH1,0.72727273,0.4,0.77777778,0.88888889,0.375,0.875,1,1.0,,,,,,,,,,,,,,,,,0.76,0.75549,748.0,8.0,-1.0,0.82638,9.0,-2.0,-0.2436,-0.1383,0.23024,0.27121,0.571429,2.0,0.25,6.0,0.375,1.0,0.625,922.0,6.375,0.27486,8.0
8.0,Dani & Mish,TARPH1,0.27272727,0.7,0.66666667,0.55555556,1.0,1,,,,,,,,,,,,,,,,,,,0.7,0.69916,646.0,6.0,2.0,0.68333,6.0,2.0,-0.1827,-0.0689,0.25316,0.34167,0.571429,1.0,0.1667,5.0,0.27273,1.0,0.72727,923.0,6.16667,0.33472,6.0
9.0,Pamela & Vanessa,TARPH1,0.90909091,0.9,1,1.0,,,,,,,,,,,,,,,,,,,,,0.95,0.95227,914.0,10.0,-1.0,0.95454,10.0,-1.0,-0.3999,-0.3164,0.04784,0.09318,0.571429,0.0,0.0,4.0,0.9,1.0,0.1,924.0,9.25,0.05278,4.0
10.0,Anton & Armand,TARPH1,0.54545455,1.0,,,,,,,,,,,,,,,,,,,,,,,0.77,0.77273,776.0,9.0,1.0,0.77272,8.0,2.0,-0.2605,-0.1575,0.22727,0.22727,0.571429,0.0,0.0,2.0,0.54545,1.0,0.45455,925.0,8.0,0.25,2.0
11.0,Crystel & Mykey,TARPH1,1.0,,,,,,,,,,,,,,,,,,,,,,,,1.0,1.0,932.0,11.0,0.0,1.0,11.0,0.0,-0.4286,-0.349,0.0,0.0,0.571429,0.0,0.0,1.0,1.0,1.0,0.0,926.0,11.0,0.0,1.0
1.0,Matt & Phoebe,TARPH2,0.27272727,0.1,0.11111111,0.125,0.71428571,0.57142857,0.33333333,0.16666667,0.5,0.33333333,,,,,,,,,,,,,,,0.32,0.32279,25.0,1.0,0.0,0.30303,1.0,0.0,0.7672,1.0168,0.20178,0.32292,0.570423,8.0,0.8,2.0,0.1,0.71429,0.61429,927.0,2.1,0.81,10.0
2.0,JP & Kelvin,TARPH2,0.54545455,0.7,0.77777778,0.875,0.85714286,0.28571429,0.66666667,0.66666667,0.25,0.66666667,,,,,,,,,,,,,,,0.63,0.62911,518.0,6.0,-4.0,0.66666,6.0,-4.0,-0.0933,0.0348,0.20309,0.18258,0.570423,2.0,0.2,8.0,0.25,0.875,0.625,928.0,4.6,0.45262,10.0
3.0,Eji & Roch,TARPH2,0.63636364,0.4,0.22222222,0.5,0.28571429,0.71428571,0.16666667,0.5,0.75,1,,,,,,,,,,,,,,,0.52,0.51753,296.0,4.0,-1.0,0.5,4.0,-1.0,0.1022,0.2579,0.24862,0.38052,0.570423,6.0,0.6,4.0,0.16667,1.0,0.83333,929.0,3.4,0.5613,10.0
4.0,Yna & Jet,TARPH2,0.18181818,0.2,0.33333333,0.25,0.42857143,0.42857143,0.5,0.33333333,1,,,,,,,,,,,,,,,,0.41,0.40618,100.0,2.0,2.0,0.33333,2.0,2.0,0.4044,0.6028,0.2334,0.17857,0.570423,8.0,0.8889,1.0,0.18182,1.0,0.81818,930.0,2.66667,0.68104,9.0
5.0,AJ & Jody,TARPH2,0.45454545,0.5,0.44444444,0.375,0.14285714,0.14285714,1,0.83333333,,,,,,,,,,,,,,,,,0.49,0.48663,228.0,3.0,2.0,0.44949,3.0,2.0,0.1722,0.3378,0.28186,0.26637,0.570423,6.0,0.75,2.0,0.14286,1.0,0.85714,931.0,3.75,0.58686,8.0
6.0,Vince & Ed,TARPH2,0.09090909,0.3,0.55555556,0.625,0.57142857,0.85714286,0.83333333,1.0,,,,,,,,,,,,,,,,,0.6,0.60417,470.0,5.0,1.0,0.59821,5.0,1.0,-0.0559,0.0775,0.2813,0.34762,0.570423,2.0,0.25,6.0,0.09091,1.0,0.90909,932.0,4.375,0.44664,8.0
7.0,RR & Jeck,TARPH2,0.90909091,0.8,0.66666667,0.75,1.0,1,,,,,,,,,,,,,,,,,,,0.85,0.85429,855.0,9.0,-2.0,0.85454,9.0,-2.0,-0.3323,-0.238,0.12549,0.21477,0.570423,0.0,0.0,6.0,0.66667,1.0,0.33333,933.0,7.33333,0.16382,6.0
8.0,Avy & Tina,TARPH2,0.72727273,0.6,0.88888889,1.0,,,,,,,,,,,,,,,,,,,,,0.8,0.80404,811.0,8.0,0.0,0.80808,8.0,0.0,-0.2906,-0.1903,0.15258,0.22121,0.570423,0.0,0.0,4.0,0.6,1.0,0.4,934.0,7.5,0.21735,4.0
9.0,Daniel & Charlie,TARPH2,0.81818182,0.9,1,,,,,,,,,,,,,,,,,,,,,,0.91,0.90606,888.0,10.0,-1.0,0.9,10.0,-1.0,-0.3704,-0.2815,0.07435,0.09091,0.570423,0.0,0.0,3.0,0.81818,1.0,0.18182,935.0,9.0,0.1037,3.0
10.0,Chen & Luz,TARPH2,0.36363636,1.0,,,,,,,,,,,,,,,,,,,,,,,0.68,0.68182,620.0,7.0,3.0,0.68181,7.0,3.0,-0.1634,-0.0452,0.31818,0.31818,0.570423,1.0,0.5,1.0,0.36364,1.0,0.63636,936.0,7.0,0.35,2.0
11.0,Zarah & Osang,TARPH2,1.0,,,,,,,,,,,,,,,,,,,,,,,,1.0,1.0,932.0,11.0,0.0,1.0,11.0,0.0,-0.4296,-0.349,0.0,0.0,0.570423,0.0,0.0,1.0,1.0,1.0,0.0,937.0,11.0,0.0,1.0
1.0,Valeria & Bohdana,TARUA1,0.2,0.44444444,0.11111111,0.375,0.71428571,0.42857143,0.33333333,0.2,0.2,0.25,0.33333333,0.33333333,,,,,,,,,,,,,0.33,0.32695,29.0,1.0,0.0,0.33333,1.0,0.0,0.7708,0.9911,0.15205,0.18839,0.578947,11.0,0.9167,1.0,0.11111,0.71429,0.60318,938.0,2.08333,0.83568,12.0
2.0,Alexey & Olena,TARUA1,0.9,0.77777778,0.77777778,0.25,1.0,0.28571429,0.5,0.8,0.4,0.75,1,0.66666667,,,,,,,,,,,,,0.68,0.67566,610.0,6.0,-4.0,0.76388,7.0,-5.0,-0.1431,-0.0365,0.24879,0.35,0.578947,4.0,0.3333,8.0,0.25,1.0,0.75,939.0,4.25,0.39457,12.0
3.0,Constantine & Jacob,TARUA1,0.8,0.55555556,0.44444444,0.125,0.28571429,0.14285714,0.66666667,0.4,0.6,0.5,0.66666667,1,,,,,,,,,,,,,0.52,0.51558,288.0,3.0,0.0,0.52777,4.0,-1.0,0.1229,0.2627,0.24714,0.29524,0.578947,6.0,0.5,6.0,0.125,1.0,0.875,940.0,3.08333,0.5831,12.0
4.0,Alexander & Vladimir,TARUA1,0.7,1.0,0.66666667,0.75,0.14285714,0.71428571,0.83333333,1.0,0.8,1,,,,,,,,,,,,,,,0.76,0.76071,760.0,9.0,-5.0,0.775,8.0,-4.0,-0.2389,-0.1442,0.23982,0.25476,0.578947,1.0,0.1,9.0,0.14286,1.0,0.85714,941.0,5.2,0.27773,10.0
5.0,Ihor & Vasil,TARUA1,0.1,0.22222222,0.22222222,0.5,0.85714286,0.57142857,0.16666667,0.6,1,,,,,,,,,,,,,,,,0.47,0.47108,197.0,2.0,3.0,0.5,3.0,2.0,0.229,0.3819,0.3001,0.37778,0.578947,5.0,0.5556,4.0,0.1,1.0,0.9,942.0,3.11111,0.60979,9.0
6.0,Natalia & Tatiana,TARUA1,0.6,0.66666667,0.55555556,0.625,0.57142857,0.85714286,1,,,,,,,,,,,,,,,,,,0.7,0.69654,643.0,7.0,-1.0,0.625,5.0,1.0,-0.1688,-0.0654,0.15526,0.17619,0.578947,0.0,0.0,7.0,0.55556,1.0,0.44444,943.0,5.42857,0.34496,7.0
7.0,Andriy & Irina,TARUA1,0.5,0.11111111,0.33333333,0.875,0.42857143,1,,,,,,,,,,,,,,,,,,,0.54,0.54134,344.0,4.0,3.0,0.46428,2.0,5.0,0.0695,0.2026,0.30673,0.42411,0.578947,4.0,0.6667,2.0,0.11111,1.0,0.88889,944.0,4.33333,0.5192,6.0
8.0,Anna & Roman,TARUA1,0.4,0.33333333,0.88888889,1.0,,,,,,,,,,,,,,,,,,,,,0.66,0.65556,577.0,5.0,3.0,0.64444,6.0,2.0,-0.1169,-0.0069,0.2925,0.53333,0.578947,2.0,0.5,2.0,0.33333,1.0,0.66667,945.0,5.75,0.38543,4.0
9.0,Alla & Alexandra,TARUA1,0.3,0.88888889,1,,,,,,,,,,,,,,,,,,,,,,0.73,0.72963,709.0,8.0,1.0,0.88888,9.0,0.0,-0.2065,-0.1078,0.30716,0.35,0.578947,1.0,0.3333,2.0,0.3,1.0,0.7,946.0,6.66667,0.30093,3.0
10.0,Vladimir & Irina,TARUA1,1.0,,,,,,,,,,,,,,,,,,,,,,,,1.0,1.0,932.0,10.0,0.0,1.0,10.0,0.0,-0.4211,-0.349,0.0,0.0,0.578947,0.0,0.0,1.0,1.0,1.0,0.0,947.0,10.0,0.0,1.0
1.0,Zhong Hanliang & Jackie,TARCN1,0.625,0.625,0.42857143,0.16666667,0.33333333,0.16666667,0.4,0.2,0.2,0.5,0.33333333,,,,,,,,,,,,,,0.36,0.36169,49.0,2.0,-1.0,0.33333,2.0,-1.0,0.6238,0.7999,0.1634,0.26429,0.587302,9.0,0.8182,2.0,0.16667,0.625,0.45833,948.0,2.18182,0.7946,11.0
2.0,Li Xiaopeng & Li Anqi,TARCN1,0.25,0.25,0.14285714,0.33333333,0.16666667,0.33333333,0.2,0.4,0.6,0.25,0.66666667,,,,,,,,,,,,,,0.33,0.32662,28.0,1.0,1.0,0.25,1.0,1.0,0.7981,0.9932,0.16204,0.14167,0.587302,9.0,0.8182,2.0,0.14286,0.66667,0.52381,949.0,1.72727,0.82402,11.0
3.0,Bai Jugang & Guan Xiaotong,TARCN1,1.0,1.0,,,,,,,0.4,0.75,1,,,,,,,,,,,,,,0.83,0.83,837.0,7.0,-4.0,1.0,8.0,-5.0,-0.2924,-0.2157,0.2358,0.25,0.587302,1.0,0.2,4.0,0.4,1.0,0.6,950.0,4.8,0.21666,5.0
4.0,Jin Dachuan & Liu Chang,TARCN1,0.125,0.5,0.85714286,0.66666667,0.5,0.5,0.6,0.8,0.8,1,,,,,,,,,,,,,,,0.63,0.63488,534.0,3.0,1.0,0.63333,3.0,1.0,-0.0749,0.0254,0.23538,0.3,0.587302,4.0,0.4,6.0,0.125,1.0,0.875,951.0,3.6,0.43381,10.0
5.0,Chen Xiaochun & Zheng Yijian,TARCN1,0.5,0.125,0.28571429,1.0,0.66666667,0.83333333,0.8,0.6,1,,,,,,,,,,,,,,,,0.65,0.64563,551.0,4.0,1.0,0.66666,4.0,1.0,-0.0903,0.0083,0.28569,0.33333,0.587302,3.0,0.3333,6.0,0.125,1.0,0.875,952.0,3.77778,0.41719,9.0
6.0,Chen Yiru & Zhou Weitong,TARCN1,0.375,0.375,0.71428571,0.83333333,0.83333333,0.66666667,1,1.0,,,,,,,,,,,,,,,,,0.72,0.7247,696.0,5.0,1.0,0.7738,6.0,0.0,-0.1896,-0.1017,0.23001,0.28125,0.587302,2.0,0.25,6.0,0.375,1.0,0.625,953.0,4.375,0.32024,8.0
7.0,Zhang Tielin & Yueliang,TARCN1,0.75,0.75,0.57142857,0.5,1.0,1,,,,,,,,,,,,,,,,,,,0.76,0.7619,761.0,6.0,1.0,0.75,5.0,2.0,-0.2292,-0.1455,0.19085,0.32143,0.587302,1.0,0.1667,5.0,0.5,1.0,0.5,954.0,5.16667,0.27857,6.0
8.0,Ying Cai'er & Liu Yun,TARCN1,0.875,0.875,1,,,,,,,,,,,,,,,,,,,,,,0.92,0.91667,901.0,8.0,0.0,0.875,7.0,1.0,-0.3593,-0.2898,0.05893,0.0625,0.587302,0.0,0.0,3.0,0.875,1.0,0.125,955.0,7.0,0.09527,3.0
1.0,Han Geng & Wu Xin,TARCN2,0.33333333,0.66666667,0.4,0.4,0.25,0.25,0.5,0.25,1,0.25,,,,,,,,,,,,,,,0.43,0.43,135.0,1.0,0.0,0.36666,1.0,0.0,0.3824,0.514,0.22947,0.225,0.594444,8.0,0.8,2.0,0.25,1.0,0.75,956.0,2.0,0.73667,10.0
2.0,Yang Qianhua & Ding Zigao,TARCN2,0.16666667,0.33333333,0.2,0.6,0.5,0.75,1,0.25,0.75,0.5,,,,,,,,,,,,,,,0.51,0.505,272.0,3.0,-1.0,0.5,2.0,0.0,0.1771,0.2891,0.26003,0.44167,0.594444,6.0,0.6,4.0,0.16667,1.0,0.83333,957.0,2.2,0.61333,10.0
3.0,Xiao Yang & Wang Taili,TARCN2,0.83333333,0.83333333,0.8,0.8,0.75,0.5,0.75,0.75,0.25,0.75,,,,,,,,,,,,,,,0.7,0.70167,650.0,6.0,-3.0,0.75,6.0,-3.0,-0.1528,-0.0722,0.17551,0.05,0.594444,2.0,0.2,8.0,0.25,0.83333,0.58333,958.0,3.3,0.35666,10.0
4.0,Jin Zhongguo & Li Guangzhu,TARCN2,,,,,,,,,0.5,,,,,,,,,,,,,,,,0.5,0.5,267.0,2.0,2.0,0.5,2.0,2.0,0.1889,0.302,0.0,0.0,0.594444,1.0,1.0,0.0,0.5,0.5,0.0,959.0,2.0,0.6667,1.0
5.0,Yuan Zihui & Yuan Heyu,TARCN2,,,,,,,0.25,1.0,,,,,,,,,,,,,,,,,0.63,0.625,512.0,5.0,0.0,0.625,4.0,1.0,-0.0489,0.0416,0.375,0.375,0.594444,1.0,0.5,1.0,0.25,1.0,0.75,960.0,2.5,0.5,2.0
6.0,Deng Ziqi & Zhang Yunjing,TARCN2,1.0,0.5,1,0.2,1.0,1,,,,,,,,,,,,,,,,,,,0.78,0.78333,790.0,8.0,-2.0,1.0,8.0,-2.0,-0.2411,-0.1689,0.31842,0.375,0.594444,2.0,0.3333,4.0,0.2,1.0,0.8,961.0,3.83333,0.26667,6.0
7.0,Zeng Zhiwei & Zeng Baoyi,TARCN2,0.66666667,0.16666667,0.6,1.0,,,,,,,,,,,,,,,,,,,,,0.61,0.60833,478.0,4.0,3.0,0.63333,5.0,2.0,-0.0228,0.0702,0.29662,0.25833,0.594444,1.0,0.25,3.0,0.16667,1.0,0.83333,962.0,3.25,0.475,4.0
8.0,Feng Zhe & Zhu Zhu,TARCN2,0.5,1.0,,,,,,,,,,,,,,,,,,,,,,,0.75,0.75,741.0,7.0,1.0,0.75,6.0,2.0,-0.2074,-0.132,0.25,0.25,0.594444,1.0,0.5,1.0,0.5,1.0,0.5,963.0,4.5,0.3,2.0
1.0,Guo Jingjing & Huo Qigang,TARCN3,0.75,0.75,0.57142857,0.42857143,0.42857143,0.5,0.8,0.25,0.5,0.33333333,,,,,,,,,,,,,,,0.53,0.53119,323.0,3.0,-2.0,0.5,2.0,-1.0,0.1008,0.2256,0.17631,0.27679,0.584746,6.0,0.6,4.0,0.25,0.8,0.55,964.0,3.3,0.59215,10.0
2.0,Jin Dachuan & Liu Chang,TARCN3,0.125,0.25,0.28571429,0.28571429,0.28571429,0.83333333,0.2,1.0,0.75,0.66666667,,,,,,,,,,,,,,,0.47,0.46821,189.0,1.0,1.0,0.28571,1.0,1.0,0.2489,0.3904,0.29532,0.47024,0.584746,6.0,0.6,4.0,0.125,1.0,0.875,965.0,2.4,0.63903,10.0
3.0,Liu Xiang & Xu Qifeng,TARCN3,0.875,0.5,0.42857143,0.71428571,0.85714286,0.16666667,0.6,0.75,0.25,1,,,,,,,,,,,,,,,0.61,0.61417,488.0,5.0,-2.0,0.65714,5.0,-2.0,-0.0479,0.06,0.26172,0.38393,0.584746,4.0,0.4,6.0,0.16667,1.0,0.83333,966.0,3.6,0.47143,10.0
4.0,Wu Jianhao & Yao Fengfeng,TARCN3,0.375,0.625,0.85714286,0.14285714,0.14285714,0.66666667,0.4,0.5,1,,,,,,,,,,,,,,,,0.52,0.52328,312.0,2.0,2.0,0.5,2.0,2.0,0.1175,0.2441,0.27825,0.29167,0.584746,5.0,0.5556,4.0,0.14286,1.0,0.85714,967.0,3.11111,0.56959,9.0
5.0,Zhang Zhehan & Zhang Sifan,TARCN3,0.625,0.125,0.71428571,0.57142857,0.71428571,0.33333333,1,,,,,,,,,,,,,,,,,,0.58,0.58333,431.0,4.0,1.0,0.625,4.0,1.0,0.0024,0.116,0.2625,0.2619,0.584746,2.0,0.2857,5.0,0.125,1.0,0.875,968.0,3.85714,0.48503,7.0
6.0,Jin Xing & Heinz,TARCN3,0.5,0.375,1,1.0,0.57142857,1,,,,,,,,,,,,,,,,,,,0.74,0.74107,730.0,7.0,-1.0,0.78571,6.0,0.0,-0.2109,-0.1215,0.26522,0.48214,0.584746,2.0,0.3333,4.0,0.375,1.0,0.625,969.0,5.16667,0.29762,6.0
7.0,Huang Tingting & Sun Rui,TARCN3,0.25,0.875,0.14285714,0.85714286,1.0,,,,,,,,,,,,,,,,,,,,0.63,0.625,512.0,6.0,1.0,0.85714,7.0,0.0,-0.0644,0.0416,0.35499,0.625,0.584746,2.0,0.4,3.0,0.14286,1.0,0.85714,970.0,4.6,0.43334,5.0
8.0,Zhang Meixi & Zang Yafei,TARCN3,1.0,1.0,,,,,,,,,,,,,,,,,,,,,,,1.0,1.0,932.0,8.0,0.0,1.0,8.0,0.0,-0.4153,-0.349,0.0,0.0,0.584746,0.0,0.0,2.0,1.0,1.0,0.0,971.0,8.0,0.0,2.0
1.0,Jia Jingwen & Xiu Jiekai,TARCN4,0.85714286,0.75,0.125,0.14285714,0.16666667,0.6,0.2,0.75,0.25,0.33333333,,,,,,,,,,,,,,,0.42,0.4175,113.0,1.0,0.0,0.29166,1.0,0.0,0.4077,0.5593,0.2746,0.5375,0.587719,6.0,0.6,4.0,0.125,0.85714,0.73214,972.0,2.4,0.72857,10.0
2.0,Zheng Yuanchang & Wang Likun,TARCN4,0.42857143,0.125,0.25,0.71428571,0.83333333,0.2,0.4,1.0,0.5,0.66666667,,,,,,,,,,,,,,,0.51,0.51179,280.0,3.0,-1.0,0.46428,3.0,-1.0,0.1484,0.272,0.27233,0.41488,0.587719,6.0,0.6,4.0,0.125,1.0,0.875,973.0,2.7,0.59738,10.0
3.0,Wu Minxia & Zhang Xiaocheng,TARCN4,0.28571429,0.625,0.5,0.28571429,0.5,0.4,0.6,0.5,0.75,1,,,,,,,,,,,,,,,0.54,0.54464,353.0,4.0,-1.0,0.5,4.0,-1.0,0.0791,0.1953,0.20495,0.19375,0.587719,6.0,0.6,4.0,0.28571,1.0,0.71429,974.0,2.9,0.55166,10.0
4.0,Qiang Zi & Zhang Xingyue,TARCN4,0.57142857,0.25,0.875,0.57142857,0.33333333,0.8,0.8,0.25,1,,,,,,,,,,,,,,,,0.61,0.60569,474.0,5.0,-1.0,0.57142,5.0,-1.0,-0.0297,0.0748,0.26522,0.46667,0.587719,3.0,0.3333,6.0,0.25,1.0,0.75,975.0,3.55556,0.47778,9.0
5.0,Zhang Jike & Zhang Chuanming,TARCN4,,1.0,0.75,0.85714286,0.66666667,1,1,,,,,,,,,,,,,,,,,,0.88,0.87897,872.0,7.0,-2.0,0.92857,7.0,-2.0,-0.3314,-0.2594,0.133,0.22321,0.587719,0.0,0.0,6.0,0.66667,1.0,0.33333,976.0,5.66667,0.14207,6.0
6.0,Lu Ting & Xuyang Yuzhuo,TARCN4,0.71428571,0.5,0.625,0.42857143,1.0,,,,,,,,,,,,,,,,,,,,0.65,0.65357,568.0,6.0,0.0,0.625,6.0,0.0,-0.1008,-0.0039,0.19936,0.21429,0.587719,2.0,0.4,3.0,0.42857,1.0,0.57143,977.0,4.6,0.4,5.0
7.0,Fan Bingbing & Xie Yilin,TARCN4,0.14285714,0.375,0.375,1.0,,,,,,,,,,,,,,,,,,,,,0.47,0.47321,199.0,2.0,5.0,0.375,2.0,5.0,0.242,0.3757,0.31856,0.21429,0.587719,3.0,0.75,1.0,0.14286,1.0,0.85714,978.0,3.5,0.60715,4.0
8.0,Deng Bin & Wang Xinyu,TARCN4,1.0,0.875,1,,,,,,,,,,,,,,,,,,,,,,0.96,0.95833,927.0,8.0,0.0,1.0,8.0,0.0,-0.3867,-0.3207,0.05893,0.0625,0.587719,0.0,0.0,3.0,0.875,1.0,0.125,979.0,7.33333,0.04763,3.0
1.0,Kaisa & Mari,TARFN1,0.52173913,0.0,0,0.0,0.0,0,0,0.0,0,0,0,0,,,,,,,,,,,,,0.04,0.04348,1.0,3.0,-2.0,0.0,4.0,-3.0,4.1863,13.9725,0.1442,0.0,0.2255,11.0,0.9167,1.0,0.0,0.52174,0.52174,,2.83333,0.65866,12.0
2.0,Tuukka & Sami,TARFN1,0.08695652,0.04761905,0.05263158,0.17647059,0.06666667,0.07692308,0.23076923,0.27272727,0.3,0.22222222,0.25,0.16666667,,,,,,,,,,,,,0.16,0.16247,3.0,4.0,-2.0,0.17156,5.0,-3.0,0.3879,3.0069,0.0888,0.16122,0.2255,12.0,1.0,0.0,0.04762,0.3,0.25238,,3.08333,0.60069,12.0
3.0,Janne & Robin,TARFN1,0.04347826,0.0952381,0.10526316,0.11764706,0.2,0.15384615,0.15384615,0.09090909,0.1,0.11111111,0.375,0.33333333,,,,,,,,,,,,,0.16,0.15664,2.0,2.0,1.0,0.11437,2.0,1.0,0.4396,3.1561,0.09624,0.06658,0.2255,12.0,1.0,0.0,0.04348,0.375,0.33152,,3.16667,0.68437,12.0
4.0,Bakari & Samuel,TARFN1,0.13043478,0.19047619,0.15789474,0.05882353,0.13333333,0.23076923,0.07692308,0.18181818,0.2,0.33333333,0.125,,,,,,,,,,,,,,0.17,0.16535,4.0,1.0,3.0,0.15789,1.0,3.0,0.3638,2.9371,0.07242,0.06752,0.2255,11.0,1.0,0.0,0.05882,0.33333,0.27451,,2.45455,0.67338,11.0
5.0,Marcus & Timo,TARFN1,0.30434783,0.23809524,0.31578947,0.41176471,0.4,0.30769231,0.30769231,0.36363636,0.4,,,,,,,,,,,,,,,,0.34,0.33878,35.0,5.0,0.0,0.31578,2.0,3.0,-0.3344,0.9216,0.055,0.09231,0.2255,9.0,1.0,0.0,0.2381,0.41176,0.17366,,3.88889,0.51079,9.0
6.0,Peter & Anna,TARFN1,0.26086957,0.33333333,0.42105263,0.29411765,0.26666667,0.46153846,0.38461538,0.45454545,,,,,,,,,,,,,,,,,0.36,0.35959,47.0,7.0,-1.0,0.35897,7.0,-1.0,-0.3729,0.8104,0.07679,0.14217,0.2255,8.0,1.0,0.0,0.26087,0.46154,0.20067,,5.75,0.31322,8.0
7.0,Ilmari & Aapo,TARFN1,0.34782609,0.14285714,0.21052632,0.23529412,0.33333333,0.38461538,,,,,,,,,,,,,,,,,,,0.28,0.27574,10.0,10.0,-3.0,0.28431,10.0,-3.0,-0.1822,1.3609,0.08555,0.12748,0.2255,6.0,1.0,0.0,0.14286,0.38462,0.24176,,8.0,0.15544,6.0
8.0,Jukka & Mirva,TARFN1,0.17391304,0.28571429,0.26315789,0.35294118,0.46666667,,,,,,,,,,,,,,,,,,,,0.31,0.30848,15.0,9.0,-1.0,0.28571,8.0,0.0,-0.269,1.1104,0.09765,0.08978,0.2255,5.0,1.0,0.0,0.17391,0.46667,0.29276,,7.6,0.22797,5.0
9.0,Katariina & Benjamin,TARFN1,0.39130435,0.42857143,0.36842105,,,,,,,,,,,,,,,,,,,,,,0.4,0.3961,89.0,11.0,-2.0,0.3913,11.0,-2.0,-0.4307,0.6435,0.02479,0.03008,0.2255,3.0,1.0,0.0,0.36842,0.42857,0.06015,,9.66667,0.13401,3.0
10.0,Lotta & Noora,TARFN1,0.2173913,0.38095238,0.47368421,,,,,,,,,,,,,,,,,,,,,,0.36,0.35734,46.0,6.0,4.0,0.38095,6.0,4.0,-0.3689,0.8218,0.10595,0.12815,0.2255,3.0,1.0,0.0,0.21739,0.47368,0.25629,,6.66667,0.41212,3.0
11.0,Aino-Kaisa & Silvia,TARFN1,0.43478261,0.47619048,,,,,,,,,,,,,,,,,,,,,,,0.46,0.45549,168.0,8.0,3.0,0.45548,9.0,2.0,-0.5049,0.4292,0.0207,0.0207,0.2255,2.0,1.0,0.0,0.43478,0.47619,0.04141,,9.0,0.22727,2.0
12.0,Anna & Atte,TARFN1,0.47826087,,,,,,,,,,,,,,,,,,,,,,,,0.48,0.47826,211.0,12.0,0.0,0.47826,12.0,0.0,-0.5285,0.3612,0.0,0.0,0.2255,1.0,1.0,0.0,0.47826,0.47826,0.0,,12.0,0.0,1.0
1.0,Metti & Hanna,TARFN2,,,,,,,,,,,,,,,,,,,,,,,,,,,,,,,,,,,,,,,,,,,,,,,
2.0,Mimosa & Patrick,TARFN2,,,,,,,,,,,,,,,,,,,,,,,,,,,,,,,,,,,,,,,,,,,,,,,
3.0,Elias & Matias,TARFN2,,,,,,,,,,,,,,,,,,,,,,,,,,,,,,,,,,,,,,,,,,,,,,,
4.0,Paulus & Adeliina,TARFN2,,,,,,,,,,,,,,,,,,,,,,,,,,,,,,,,,,,,,,,,,,,,,,,
5.0,Leea & Kaarina,TARFN2,,,,,,,,,,,,,,,,,,,,,,,,,,,,,,,,,,,,,,,,,,,,,,,
6.0,Gracias & Jeremie,TARFN2,,,,,,,,,,,,,,,,,,,,,,,,,,,,,,,,,,,,,,,,,,,,,,,
7.0,Tinni & Antti,TARFN2,,,,,,,,,,,,,,,,,,,,,,,,,,,,,,,,,,,,,,,,,,,,,,,
8.0,Mikko & Meikka,TARFN2,,,,,,,,,,,,,,,,,,,,,,,,,,,,,,,,,,,,,,,,,,,,,,,
9.0,Jani & Maria,TARFN2,,,,,,,,,,,,,,,,,,,,,,,,,,,,,,,,,,,,,,,,,,,,,,,
10.0,Tuure & Saana,TARFN2,,,,,,,,,,,,,,,,,,,,,,,,,,,,,,,,,,,,,,,,,,,,,,,
11.0,Aku & Wille,TARFN2,,,,,,,,,,,,,,,,,,,,,,,,,,,,,,,,,,,,,,,,,,,,,,,
,,,,,,,,,,,,,,,,,,,,,,,,,,,,,,,,,,,,,,,,,,,,,,980.0,,,
,,,,,,,,,,,,,,,,,,,,,,,,,,,,,,,,,,,,,,,,,,,,,,981.0,,,
,,,,,,,,,,,,,,,,,,,,,,,,,,,,,,,,,,,,,,,,,,,,,,982.0,,,
