place,team,season,average,average_rounded_to_five_nearest,all_averages_rank,season_averages_rank,final_rank__averages_rank,median,all_median_rank,season_median_rank,final_rank__median_rank,of_ranks,of_legs,racing_average__theoretical_season_average,racing_average__experimental_season_average,leg_wins,leg_win_rate,podium_finishes,podium_finish_rate,standard_deviation,interquartile_range,second_place_finshes,2nd_place_rate,secondtolast_place_finishes_not_final_3,2ndtolast_rate,nonelimination_legs,nonelimination_rate,of_fast_forwards,uturned,used_uturn,yielded,used_yield,mode,minimum,maximum,range,unnamed_37,roadblock_split,unnamed_39,unnamed_40,unnamed_41,unnamed_42,age,unnamed_44,unnamed_45,unnamed_46,unnamed_47,average_roadblocks,roadblock_split_range,unnamed_50,average_age,age_gap,unnamed_53,gender,unnamed_55,di_average,di_average_round_to_five_nearest,di_all_averages_rank,season_di_averages_rank,final_rank__di_averages_rank,di_median,di_all_median_rank,di_season_median_rank,final_rank__di_median_rank,di_racing_average__di_theoretical_season_average,di_racing_average__di_experimental_season_average,di_standard_deviation,di_interquartile_range,equal_or_above_05,05_rate,less_than_05,maximum_di,minimum_di,range_di
5.6689655,Average,Count: 290,5.1327931,5.1325538,144.23793,5.5103448,0.1586207,5.0672414,120.25172,5.3172414,0.3517241,7.9517241,7.8551724,-0.1874331,0.0546107,1.5448276,0.1454855,4.0758621,0.3888252,1.7027717,2.1146552,1.3413793,0.1289562,0.9965517,0.1208748,0.2758621,0.0368231,0.1448276,0.1517,0.1241,0.0897,0.0276,4.0301724,2.9482759,7.9310345,4.9827586,,3.5814751,,,,,32.605364,,,,,3.59,0.88,,32.52,5.73,,,,0.4513793,0.4512817,144.71034,5.5310345,0.137931,0.4634129,142.72759,5.5724138,0.0931034,-0.0987059,0.0866993,0.2535784,0.345249,4.7586207,0.4814834,3.1931034,0.7841185,0.0547304,0.7293881
3.4120581,Standard Deviation,Unique: 273,2.5948474,2.5948362,83.09447,3.5391743,1.8333157,2.8523667,80.69275,3.6458828,1.8607786,4.3004908,4.2214221,0.5981028,0.4710235,1.8363356,0.1610211,3.8642174,0.3102461,0.8626403,1.3173252,1.6158733,0.1486124,1.1641136,0.1449966,0.5249993,0.0835989,0.3615925,0.404,0.34,0.5175,0.1638,2.7250346,3.0581853,2.1468668,2.5071716,,2.3081182,,,,,9.6184594,,,,,2.21,1.02,,7.82,9.22,,,,0.2330491,0.2332217,82.4989,3.513629,2.2163054,0.2766846,82.80125,3.4255527,2.5774126,0.4658717,0.5686429,0.1082283,0.1868669,3.9641077,0.3082459,1.9837149,0.326793,0.1247271,0.3182065
5.0,Median,,4.3,4.30303,145.5,5.0,0.0,4.0,107.0,5.0,0.0,9.0,9.0,-0.0144,0.1877,1.0,0.1,3.0,0.4,1.72727,2.0,1.0,0.0909,1.0,0.0833,0.0,0.0,0.0,0.0,0.0,0.0,0.0,3.0,1.0,8.0,5.0,,4.0,,,,,30.0,,,,,3.5,1.0,,30.5,2.0,,,,0.49,0.485095,145.5,5.0,0.0,0.49603,138.0,5.0,0.0,-0.0298,0.13635,0.27483,0.34848,4.0,0.5,3.0,1.0,0.0,0.845235
1.0,Rob & Brennan,TARUS1,2.46,2.46154,30.0,2.0,-1.0,3.0,57.0,2.0,-1.0,13.0,13.0,0.4034,0.5511,5.0,0.3846,11.0,0.8462,1.4473,2.0,1.0,0.0769,0.0,0.0,0.0,0.0,1.0,0.0,0.0,0.0,0.0,1.0,1.0,6.0,5.0,1.0,5.0,7.0,,,,27.0,29.0,,,,6.0,2.0,,28.0,2.0,,Male,,0.74,0.74463,26.0,1.0,0.0,0.75,51.0,1.0,0.0,0.4893,0.8613,0.23294,0.4,12.0,0.9231,1.0,1.0,0.28571,0.71429
3.0,Joe & Bill,TARUS1,2.77,2.76923,48.0,3.0,0.0,3.0,57.0,2.0,1.0,13.0,13.0,0.3282,0.4945,1.0,0.0769,9.0,0.6923,0.97301,2.0,5.0,0.3846,3.0,0.2308,2.0,0.1538,1.0,0.0,0.0,0.0,0.0,2.0,1.0,4.0,3.0,3.0,7.0,4.0,,,,50.0,47.0,,,,5.5,3.0,,48.5,3.0,,Male,,0.51,0.51389,132.0,5.0,-2.0,0.625,100.0,3.0,0.0,0.0278,0.2845,0.36881,0.58333,7.0,0.5385,6.0,1.0,0.0,1.0
4.0,Kevin & Drew,TARUS1,3.36,3.36364,94.0,4.0,0.0,3.0,57.0,2.0,2.0,11.0,11.0,0.1852,0.3869,3.0,0.2727,6.0,0.5455,2.22681,2.5,1.0,0.0909,1.0,0.0909,0.0,0.0,1.0,0.0,0.0,0.0,0.0,1.0,1.0,9.0,8.0,4.0,5.0,5.0,,,,34.0,35.0,,,,5.0,0.0,,34.5,1.0,,Male,,0.57,0.56782,106.0,3.0,1.0,0.5,130.0,5.0,-1.0,0.1356,0.4193,0.33273,0.5619,6.0,0.5455,5.0,1.0,0.0,1.0
1.0,Chris & Alex,TARUS2,3.38,3.38462,96.0,2.0,-1.0,3.0,57.0,1.0,0.0,13.0,13.0,0.1729,0.367,3.0,0.2308,9.0,0.6923,2.20274,4.0,3.0,0.2308,3.0,0.2308,2.0,0.1538,1.0,0.0,0.0,0.0,0.0,2.0,1.0,7.0,6.0,12.0,5.0,6.0,,,,25.0,24.0,,,,5.5,1.0,,24.5,1.0,,Male,,0.54,0.53834,124.0,5.0,-4.0,0.5,130.0,6.0,-5.0,0.0577,0.2698,0.37006,0.63889,7.0,0.5385,6.0,1.0,0.0,1.0
4.0,Oswald & Danny,TARUS2,4.0,4.0,131.0,5.0,-1.0,4.0,107.0,4.0,0.0,11.0,11.0,0.0211,0.2509,3.0,0.2727,3.0,0.2727,2.2563,2.5,0.0,0.0,2.0,0.1818,1.0,0.0909,1.0,0.0,0.0,0.0,0.0,4.0,1.0,8.0,7.0,15.0,6.0,3.0,,,,31.0,36.0,,,,4.5,3.0,,33.5,5.0,,Male,,0.44,0.44091,164.0,7.0,-3.0,0.33333,183.0,8.0,-4.0,-0.1337,0.04,0.36593,0.49167,3.0,0.2727,8.0,1.0,0.0,1.0
5.0,Gary & Dave,TARUS2,3.89,3.88889,127.0,4.0,1.0,3.0,57.0,1.0,4.0,9.0,9.0,0.0481,0.2715,1.0,0.1111,5.0,0.5556,2.28252,3.0,2.0,0.2222,0.0,0.0,0.0,0.0,1.0,0.0,0.0,0.0,0.0,5.0,1.0,9.0,8.0,16.0,2.0,5.0,,,,33.0,28.0,,,,3.5,3.0,,30.5,5.0,,Male,,0.56,0.55511,116.0,4.0,1.0,0.55556,125.0,5.0,0.0,0.0907,0.3094,0.31155,0.46667,6.0,0.6667,3.0,1.0,0.0,1.0
8.0,Shola & Doyin,TARUS2,4.25,4.25,142.0,7.0,1.0,4.0,107.0,4.0,4.0,4.0,4.0,-0.04,0.2041,1.0,0.25,2.0,0.5,2.58602,3.25,0.0,0.0,0.0,0.0,0.0,0.0,1.0,0.0,0.0,0.0,0.0,,1.0,8.0,7.0,19.0,0.0,1.0,,,,27.0,27.0,,,,0.5,1.0,,27.0,0.0,,Male,,0.58,0.575,104.0,2.0,6.0,0.65,94.0,2.0,6.0,0.1298,0.3563,0.37666,0.475,3.0,0.75,1.0,1.0,0.0,1.0
3.0,Ken & Gerard,TARUS3,2.69,2.69231,43.0,1.0,2.0,2.0,10.0,1.0,2.0,13.0,13.0,0.4007,0.5509,3.0,0.2308,10.0,0.7692,1.48762,1.0,4.0,0.3077,3.0,0.2308,0.0,0.0,0.0,0.0,0.0,0.0,0.0,2.0,1.0,6.0,5.0,25.0,6.0,6.0,,,,40.0,35.0,,,,6.0,0.0,,37.5,5.0,,Male,,0.6,0.60299,83.0,3.0,0.0,0.66667,78.0,3.0,0.0,0.2021,0.5014,0.32182,0.55556,9.0,0.6923,4.0,1.0,0.0,1.0
4.0,Derek & Drew,TARUS3,3.09,3.09091,71.0,3.0,1.0,3.0,57.0,3.0,1.0,11.0,11.0,0.3116,0.4841,4.0,0.3636,8.0,0.7273,2.74539,2.5,1.0,0.0909,1.0,0.0909,0.0,0.0,0.0,0.0,0.0,0.0,0.0,1.0,1.0,11.0,10.0,26.0,6.0,4.0,,,,32.0,32.0,,,,5.0,2.0,,32.0,0.0,,Male,,0.67,0.66865,61.0,1.0,3.0,0.75,51.0,1.0,3.0,0.333,0.6649,0.34416,0.5,9.0,0.8182,2.0,1.0,0.0,1.0
6.0,Andre & Damon,TARUS3,5.86,5.85714,197.0,9.0,-3.0,6.0,171.0,8.0,-2.0,7.0,7.0,-0.3055,0.0217,0.0,0.0,1.0,0.1429,2.03038,2.5,1.0,0.1429,1.0,0.1429,0.0,0.0,0.0,0.0,0.0,0.0,0.0,8.0,2.0,8.0,6.0,28.0,2.0,3.0,,,,32.0,33.0,,,,2.5,1.0,,32.5,1.0,,Male,,0.38,0.37508,190.0,9.0,-3.0,0.3,192.0,9.0,-3.0,-0.2523,-0.0661,0.27105,0.34533,2.0,0.2857,5.0,0.85714,0.0,0.85714
10.0,Dennis & Andrew,TARUS3,9.0,9.0,254.0,10.0,0.0,9.0,220.0,10.0,0.0,3.0,3.0,-1.0051,-0.5025,0.0,0.0,0.0,0.0,0.8165,1.0,0.0,0.0,0.0,0.0,0.0,0.0,1.0,0.0,0.0,0.0,0.0,,8.0,10.0,2.0,32.0,0.0,1.0,,,,48.0,21.0,,,,0.5,1.0,,34.5,27.0,,Male,,0.19,0.18788,243.0,10.0,0.0,0.2,226.0,10.0,0.0,-0.6255,-0.5322,0.1487,0.18182,0.0,0.0,3.0,0.36364,0.0,0.36364
1.0,Reichen & Chip,TARUS4,3.15,3.15385,75.0,1.0,0.0,2.0,10.0,1.0,0.0,13.0,13.0,0.2919,0.4335,2.0,0.1538,9.0,0.6923,2.10663,2.0,5.0,0.3846,2.0,0.1538,0.0,0.0,1.0,0.0,0.0,0.0,0.0,2.0,1.0,9.0,8.0,35.0,4.0,7.0,,,,28.0,36.0,,,,5.5,3.0,,32.0,8.0,,Male,,0.64,0.63887,69.0,1.0,0.0,0.66667,78.0,1.0,0.0,0.2662,0.4436,0.25756,0.33333,10.0,0.7692,3.0,1.0,0.2,0.8
3.0,David & Jeff,TARUS4,4.0,4.0,131.0,5.0,-2.0,4.0,107.0,4.0,-1.0,13.0,13.0,0.1008,0.2806,4.0,0.3077,6.0,0.4615,2.66025,5.0,0.0,0.0,1.0,0.0769,1.0,0.0769,1.0,0.0,0.0,0.0,0.0,1.0,1.0,10.0,9.0,37.0,5.0,6.0,,,,32.0,37.0,,,,5.5,1.0,,34.5,5.0,,Male,,0.5,0.50199,137.0,5.0,-2.0,0.375,175.0,8.0,-5.0,-0.0051,0.1343,0.36826,0.75,6.0,0.4615,7.0,1.0,0.0,1.0
4.0,Jon & Al,TARUS4,3.73,3.72727,113.0,3.0,1.0,3.0,57.0,2.0,2.0,11.0,11.0,0.1615,0.3291,1.0,0.0909,6.0,0.5455,2.04899,4.0,4.0,0.3636,2.0,0.1818,0.0,0.0,0.0,0.0,0.0,0.0,0.0,2.0,1.0,7.0,6.0,38.0,4.0,6.0,,,,40.0,34.0,,,,5.0,2.0,,37.0,6.0,,Male,,0.56,0.56192,110.0,3.0,1.0,0.5,130.0,5.0,-1.0,0.1137,0.2697,0.30489,0.43968,6.0,0.5455,5.0,1.0,0.0,1.0
8.0,Steve & Dave,TARUS4,6.2,6.2,207.0,10.0,-2.0,8.0,204.0,10.0,-2.0,5.0,5.0,-0.3938,-0.1151,1.0,0.2,1.0,0.2,2.92575,3.0,0.0,0.0,2.0,0.4,0.0,0.0,1.0,0.0,0.0,0.0,0.0,8.0,1.0,9.0,8.0,42.0,2.0,1.0,,,,46.0,43.0,,,,1.5,1.0,,44.5,3.0,,Male,,0.37,0.37449,191.0,10.0,-2.0,0.125,242.0,11.0,-3.0,-0.2578,-0.1538,0.38254,0.52525,2.0,0.4,3.0,1.0,0.0,1.0
9.0,Steve & Josh,TARUS4,5.0,5.0,172.0,6.0,3.0,5.0,147.0,7.0,2.0,4.0,4.0,-0.124,0.1007,2.0,0.5,2.0,0.5,4.0,8.0,0.0,0.0,0.0,0.0,0.0,0.0,1.0,0.0,0.0,0.0,0.0,1.0,1.0,9.0,8.0,43.0,0.0,2.0,,,,47.0,21.0,,,,1.0,2.0,,34.0,26.0,,Male,,0.55,0.55,121.0,4.0,5.0,0.6,105.0,2.0,7.0,0.09,0.2428,0.45552,0.85,2.0,0.5,2.0,1.0,0.0,1.0
7.0,Marshall & Lance,TARUS5,5.33,5.33333,188.0,7.0,0.0,6.0,171.0,9.0,-2.0,6.0,6.0,-0.2792,-0.025,0.0,0.0,2.0,0.3333,2.21108,3.5,1.0,0.1667,1.0,0.1667,0.0,0.0,0.0,0.0,0.0,0.0,0.0,7.0,2.0,8.0,6.0,53.0,1.0,4.0,,,,31.0,26.0,,,,2.5,3.0,,28.5,5.0,,Male,,0.4,0.40099,179.0,8.0,-1.0,0.33333,183.0,8.0,-1.0,-0.198,-0.0762,0.31445,0.44196,2.0,0.3333,4.0,0.9,0.0,0.9
11.0,Avi & Joe,TARUS6,11.0,11.0,276.0,11.0,0.0,11.0,252.0,11.0,0.0,1.0,1.0,-1.5676,-0.9538,0.0,0.0,0.0,0.0,0.0,0.0,0.0,0.0,0.0,0.0,0.0,0.0,0.0,0.0,0.0,0.0,0.0,,11.0,11.0,0.0,68.0,0.0,0.0,,,,32.0,32.0,,,,0.0,0.0,,32.0,0.0,,Male,,0.0,0.0,270.0,11.0,0.0,0.0,269.0,11.0,0.0,-1.0,-1.0,0.0,0.0,0.0,0.0,1.0,0.0,0.0,0.0
5.0,Lynn & Alex,TARUS7,4.11,4.11111,136.0,4.0,1.0,4.0,107.0,4.0,1.0,9.0,8.0,0.0117,0.2459,1.0,0.1111,1.0,0.1111,1.1967,1.0,0.0,0.0,1.0,0.1111,0.0,0.0,0.0,0.0,0.0,0.0,0.0,5.0,1.0,5.0,4.0,73.0,4.0,4.0,,,,30.0,22.0,,,,4.0,0.0,,26.0,8.0,,Male,,0.47,0.47046,152.0,6.0,-1.0,0.5,130.0,5.0,0.0,-0.0591,0.1562,0.25448,0.15556,5.0,0.5556,4.0,1.0,0.0,1.0
6.0,Brian & Greg,TARUS7,4.71,4.71429,166.0,5.0,1.0,4.0,107.0,4.0,2.0,7.0,7.0,-0.1326,0.1358,0.0,0.0,3.0,0.4286,2.24972,3.0,1.0,0.1429,2.0,0.2857,0.0,0.0,0.0,0.0,0.0,0.0,0.0,3.0,2.0,9.0,7.0,74.0,3.0,3.0,,,,27.0,24.0,,,,3.0,0.0,,25.5,3.0,,Male,,0.46,0.46451,153.0,7.0,-1.0,0.66667,78.0,3.0,3.0,-0.071,0.1416,0.3298,0.58611,4.0,0.5714,3.0,0.85714,0.0,0.85714
11.0,Ryan & Chuck,TARUS7,11.0,11.0,276.0,11.0,0.0,11.0,252.0,11.0,0.0,1.0,1.0,-1.6452,-1.0183,0.0,0.0,0.0,0.0,0.0,0.0,0.0,0.0,0.0,0.0,0.0,0.0,0.0,0.0,0.0,0.0,0.0,,11.0,11.0,0.0,79.0,0.0,0.0,,,,32.0,31.0,,,,0.0,0.0,,31.5,1.0,,Male,,0.0,0.0,270.0,11.0,0.0,0.0,269.0,11.0,0.0,-1.0,-1.0,0.0,0.0,0.0,0.0,1.0,0.0,0.0,0.0
8.0,Aiello Family,TARUS8,7.0,7.0,220.0,9.0,-1.0,8.0,204.0,9.0,-1.0,3.0,3.0,-0.8633,-0.4056,0.0,0.0,0.0,0.0,1.41421,1.5,0.0,0.0,0.0,0.0,0.0,0.0,0.0,0.0,0.0,0.0,0.0,8.0,5.0,8.0,3.0,87.0,0.0,0.0,1.0,2.0,,57.0,31.0,31.0,26.0,,0.75,2.0,,36.25,31.0,,Male,,0.24,0.24074,230.0,9.0,-1.0,0.22222,220.0,8.0,0.0,-0.5185,-0.4065,0.20454,0.25,1.0,0.3333,2.0,0.5,0.0,0.5
1.0,BJ & Tyler,TARUS9,2.46,2.46154,30.0,2.0,-1.0,2.0,10.0,1.0,0.0,13.0,12.0,0.4228,0.5684,5.0,0.3846,9.0,0.6923,1.49951,3.0,3.0,0.2308,1.0,0.0769,2.0,0.1538,1.0,0.0,0.0,0.0,1.0,1.0,1.0,5.0,4.0,90.0,6.0,5.0,,,,26.0,25.0,,,,5.5,1.0,,25.5,1.0,,Male,,0.69,0.68718,50.0,2.0,-1.0,0.875,13.0,2.0,-1.0,0.3744,0.768,0.37333,0.5,10.0,0.7692,3.0,1.0,0.0,1.0
2.0,Eric & Jeremy,TARUS9,1.69,1.69231,4.0,1.0,1.0,2.0,10.0,1.0,1.0,13.0,12.0,0.6035,0.7035,6.0,0.4615,12.0,0.9231,0.82131,1.0,6.0,0.4615,1.0,0.0769,0.0,0.0,1.0,0.0,0.0,0.0,0.0,1.0,1.0,4.0,3.0,91.0,6.0,5.0,,,,27.0,26.0,,,,5.5,1.0,,26.5,1.0,,Male,,0.79,0.79457,10.0,1.0,1.0,0.88889,10.0,1.0,1.0,0.5891,1.0443,0.24319,0.33333,12.0,0.9231,1.0,1.0,0.25,0.75
11.0,John & Scott,TARUS9,11.0,11.0,276.0,11.0,0.0,11.0,252.0,11.0,0.0,1.0,1.0,-1.581,-0.9298,0.0,0.0,0.0,0.0,0.0,0.0,0.0,0.0,0.0,0.0,0.0,0.0,0.0,0.0,0.0,0.0,0.0,,11.0,11.0,0.0,100.0,0.0,0.0,,,,41.0,38.0,,,,0.0,0.0,,39.5,3.0,,Male,,0.0,0.0,270.0,11.0,0.0,0.0,269.0,11.0,0.0,-1.0,-1.0,0.0,0.0,0.0,0.0,1.0,0.0,0.0,0.0
1.0,Tyler & James,TARUS10,2.38,2.38462,22.0,1.0,0.0,2.0,10.0,1.0,0.0,13.0,12.0,0.4438,0.5932,5.0,0.3846,11.0,0.8462,1.68881,2.0,4.0,0.3077,3.0,0.2308,0.0,0.0,1.0,0.0,0.0,0.0,0.0,1.0,1.0,6.0,5.0,101.0,6.0,6.0,,,,29.0,27.0,,,,6.0,0.0,,28.0,2.0,,Male,,0.75,0.7496,23.0,1.0,0.0,0.875,13.0,1.0,0.0,0.4992,0.8467,0.30481,0.28571,10.0,0.7692,3.0,1.0,0.16667,0.83333
5.0,Erwin & Godwin,TARUS10,4.7,4.7,164.0,6.0,-1.0,4.5,137.0,6.0,-1.0,10.0,9.0,-0.0984,0.1966,1.0,0.1,1.0,0.1,1.79165,1.0,0.0,0.0,0.0,0.0,1.0,0.1,0.0,0.0,0.0,0.0,0.0,4.0,1.0,8.0,7.0,105.0,4.0,5.0,,,,32.0,29.0,,,,4.5,1.0,,30.5,3.0,,Male,,0.39,0.38815,185.0,6.0,-1.0,0.4,164.0,6.0,-1.0,-0.2237,-0.0438,0.27514,0.23864,3.0,0.3,7.0,1.0,0.0,1.0
8.0,Tom & Terry,TARUS10,7.0,7.0,220.0,9.0,-1.0,8.0,204.0,9.0,-1.0,4.0,4.0,-0.6359,-0.1966,0.0,0.0,0.0,0.0,1.73205,1.0,0.0,0.0,1.0,0.25,0.0,0.0,0.0,0.0,0.0,0.0,0.0,8.0,4.0,8.0,4.0,108.0,2.0,2.0,,,,39.0,45.0,,,,2.0,0.0,,42.0,6.0,,Male,,0.29,0.28883,218.0,8.0,0.0,0.24432,215.0,9.0,-1.0,-0.4223,-0.2884,0.25427,0.34564,1.0,0.25,3.0,0.66667,0.0,0.66667
12.0,Bilal & Sa'eed,TARUS10,12.0,12.0,290.0,12.0,0.0,12.0,265.0,12.0,0.0,1.0,1.0,-1.8043,-1.0513,0.0,0.0,0.0,0.0,0.0,0.0,0.0,0.0,0.0,0.0,0.0,0.0,0.0,0.0,0.0,0.0,0.0,,12.0,12.0,0.0,112.0,1.0,0.0,,,,39.0,37.0,,,,0.5,1.0,,38.0,2.0,,Male,,0.0,0.0,270.0,12.0,0.0,0.0,269.0,12.0,0.0,-1.0,-1.0,0.0,0.0,0.0,0.0,1.0,0.0,0.0,0.0
4.0,Oswald & Danny,TARUS11,2.67,2.66667,42.0,1.0,3.0,2.0,10.0,2.0,2.0,12.0,12.0,0.3592,0.5145,3.0,0.25,7.0,0.5833,1.37437,2.25,4.0,0.3333,1.0,0.0833,1.0,0.0833,2.0,0.0,0.0,0.0,1.0,2.0,1.0,5.0,4.0,116.0,4.0,5.0,,,,36.0,41.0,,,,4.5,1.0,,38.5,5.0,,Male,,0.64,0.63935,67.0,3.0,1.0,0.81667,32.0,2.0,2.0,0.2726,0.5714,0.36421,0.4875,9.0,0.75,3.0,1.0,0.0,1.0
6.0,Joe & Bill,TARUS11,5.25,5.25,183.0,8.0,-2.0,5.5,169.0,8.0,-2.0,8.0,8.0,-0.26,0.0455,0.0,0.0,1.0,0.125,1.19896,1.25,0.0,0.0,1.0,0.125,1.0,0.125,0.0,0.0,0.0,0.0,0.0,6.0,3.0,7.0,4.0,118.0,2.0,4.0,,,,56.0,53.0,,,,3.0,2.0,,54.5,3.0,,Male,,0.34,0.3374,200.0,8.0,-2.0,0.29167,197.0,8.0,-2.0,-0.3284,-0.1707,0.26976,0.45357,3.0,0.375,5.0,0.77778,0.0,0.77778
10.0,Kevin & Drew,TARUS11,10.0,10.0,267.0,10.0,0.0,10.0,242.0,10.0,0.0,2.0,2.0,-1.4,-0.8182,0.0,0.0,0.0,0.0,0.0,0.0,0.0,0.0,1.0,0.5,0.0,0.0,0.0,0.0,0.0,0.0,0.0,10.0,10.0,10.0,0.0,122.0,1.0,0.0,,,,40.0,41.0,,,,0.5,1.0,,40.5,1.0,,Male,,0.05,0.05,267.0,10.0,0.0,0.05,266.0,10.0,0.0,-0.9005,-0.8771,0.05,0.05,0.0,0.0,2.0,0.1,0.0,0.1
3.0,Nicolas & Donald,TARUS12,4.18,4.18182,138.0,6.0,-3.0,4.0,107.0,5.0,-2.0,11.0,11.0,0.0197,0.24,1.0,0.0909,5.0,0.4545,1.94554,2.5,1.0,0.0909,4.0,0.3636,0.0,0.0,1.0,0.0,0.0,0.0,0.0,3.0,1.0,8.0,7.0,126.0,6.0,4.0,,,,23.0,68.0,,,,5.0,2.0,,45.5,45.0,,Male,,0.41,0.41382,176.0,7.0,-4.0,0.33333,183.0,7.0,-4.0,-0.1724,0.0088,0.27722,0.3746,4.0,0.3636,7.0,1.0,0.0,1.0
3.0,Andrew & Dan,TARUS13,5.18,5.18182,178.0,7.0,-4.0,5.0,147.0,6.0,-3.0,11.0,11.0,-0.2081,0.0683,0.0,0.0,2.0,0.1818,1.74867,2.5,1.0,0.0909,4.0,0.3636,1.0,0.0909,0.0,0.0,0.0,0.0,0.0,7.0,2.0,8.0,6.0,137.0,6.0,3.0,,,,22.0,23.0,,,,4.5,3.0,,22.5,1.0,,Male,,0.24,0.24012,231.0,8.0,-5.0,0.22222,220.0,8.0,-5.0,-0.5198,-0.409,0.17426,0.08452,1.0,0.0909,10.0,0.66667,0.0,0.66667
9.0,Mark & Bill,TARUS13,5.0,5.0,172.0,5.0,4.0,4.0,107.0,5.0,4.0,3.0,3.0,-0.1661,0.1007,0.0,0.0,1.0,0.3333,2.94392,3.5,1.0,0.3333,0.0,0.0,0.0,0.0,0.0,0.0,0.0,0.0,0.0,,2.0,9.0,7.0,143.0,1.0,1.0,,,,41.0,42.0,,,,1.0,0.0,,41.5,1.0,,Male,,0.53,0.52963,128.0,5.0,4.0,0.7,67.0,3.0,6.0,0.0593,0.3036,0.38236,0.44444,2.0,0.6667,1.0,0.88889,0.0,0.88889
5.0,Mark & Michael,TARUS14,5.22,5.22222,181.0,7.0,-2.0,5.0,147.0,7.0,-2.0,9.0,9.0,-0.231,0.0492,0.0,0.0,2.0,0.2222,1.5476,1.0,0.0,0.0,2.0,0.2222,1.0,0.1111,0.0,0.0,0.0,0.0,0.0,5.0,3.0,8.0,5.0,150.0,5.0,3.0,,,,48.0,51.0,,,,4.0,2.0,,49.5,3.0,,Male,,0.31,0.30723,208.0,8.0,-3.0,0.22222,220.0,8.0,-3.0,-0.3855,-0.2503,0.26016,0.35714,3.0,0.3333,6.0,0.8,0.0,0.8
6.0,Mel & Mike,TARUS14,3.57,3.57143,104.0,3.0,3.0,4.0,107.0,4.0,2.0,7.0,7.0,0.1581,0.3497,1.0,0.1429,3.0,0.4286,1.84059,3.0,2.0,0.2857,0.0,0.0,0.0,0.0,0.0,0.0,0.0,0.0,0.0,4.0,1.0,6.0,5.0,151.0,3.0,3.0,,,,68.0,38.0,,,,3.0,0.0,,53.0,30.0,,Male,,0.6,0.60113,88.0,3.0,3.0,0.7,67.0,2.0,4.0,0.2023,0.4668,0.3331,0.46825,5.0,0.7143,2.0,1.0,0.0,1.0
2.0,Sam & Dan,TARUS15,3.17,3.16667,76.0,3.0,-1.0,2.0,10.0,2.0,0.0,12.0,12.0,0.3084,0.4725,2.0,0.1667,8.0,0.6667,2.19216,2.25,5.0,0.4167,1.0,0.0833,0.0,0.0,0.0,0.0,0.0,0.0,0.0,2.0,1.0,9.0,8.0,158.0,6.0,6.0,,,,23.0,21.0,,,,6.0,0.0,,22.0,2.0,,Male,,0.64,0.63807,70.0,2.0,0.0,0.66667,78.0,2.0,0.0,0.2761,0.5945,0.24142,0.30536,9.0,0.75,3.0,1.0,0.25,0.75
4.0,Flight Time & Big Easy,TARUS15,3.09,3.09091,71.0,2.0,2.0,3.0,57.0,3.0,1.0,11.0,11.0,0.3258,0.4859,2.0,0.1818,8.0,0.7273,1.44314,1.0,1.0,0.0909,2.0,0.1818,0.0,0.0,0.0,0.0,0.0,0.0,0.0,3.0,1.0,6.0,5.0,160.0,5.0,6.0,,,,32.0,28.0,,,,5.5,1.0,,30.0,4.0,,Male,,0.6,0.60233,85.0,3.0,1.0,0.63636,96.0,3.0,1.0,0.2047,0.5052,0.31317,0.42083,8.0,0.7273,3.0,1.0,0.0,1.0
5.0,Gary & Matt,TARUS15,4.22,4.22222,140.0,4.0,1.0,4.0,107.0,4.0,1.0,9.0,9.0,0.0793,0.2978,1.0,0.1111,2.0,0.2222,1.5476,1.0,0.0,0.0,0.0,0.0,1.0,0.1111,0.0,0.0,0.0,0.0,0.0,4.0,1.0,7.0,6.0,161.0,4.0,5.0,,,,47.0,22.0,,,,4.5,1.0,,34.5,25.0,,Male,,0.46,0.46245,154.0,4.0,1.0,0.45455,153.0,4.0,1.0,-0.0751,0.1557,0.31181,0.29167,4.0,0.4444,5.0,1.0,0.0,1.0
9.0,Zev & Justin,TARUS15,6.0,6.0,200.0,6.0,3.0,6.5,184.0,8.0,1.0,4.0,4.0,-0.3091,0.0017,0.0,0.0,1.0,0.25,2.73861,4.0,1.0,0.25,0.0,0.0,0.0,0.0,0.0,0.0,0.0,0.0,0.0,,2.0,9.0,7.0,165.0,2.0,2.0,,,,26.0,30.0,,,,2.0,0.0,,28.0,4.0,,Male,,0.43,0.43283,170.0,5.0,4.0,0.41111,163.0,6.0,3.0,-0.1343,0.0816,0.34874,0.51061,2.0,0.5,2.0,0.90909,0.0,0.90909
1.0,Dan & Jordan,TARUS16,4.33,4.33333,146.0,4.0,-3.0,4.5,137.0,6.0,-5.0,12.0,12.0,-0.005,0.1981,2.0,0.1667,5.0,0.4167,2.3214,3.25,1.0,0.0833,3.0,0.25,0.0,0.0,1.0,0.0,0.0,0.0,0.0,8.0,1.0,8.0,7.0,169.0,6.0,5.0,,,,24.0,22.0,,,,5.5,1.0,,23.0,2.0,,Male,,0.48,0.47953,147.0,6.0,-5.0,0.33333,183.0,7.0,-6.0,-0.0409,0.1292,0.2802,0.33214,4.0,0.3333,8.0,1.0,0.2,0.8
2.0,Jet & Cord,TARUS16,2.58,2.58333,37.0,1.0,1.0,2.5,51.0,1.0,1.0,12.0,12.0,0.4012,0.5222,4.0,0.3333,9.0,0.75,1.49768,2.25,2.0,0.1667,0.0,0.0,1.0,0.0833,0.0,0.0,0.0,0.0,0.0,1.0,1.0,6.0,5.0,170.0,6.0,6.0,,,,30.0,29.0,,,,6.0,0.0,,29.5,1.0,,Male,,0.69,0.6877,49.0,1.0,1.0,0.69048,73.0,2.0,0.0,0.3754,0.6194,0.2881,0.5,11.0,0.9167,1.0,1.0,0.0,1.0
4.0,Louie & Michael,TARUS16,4.36,4.36364,148.0,6.0,-2.0,4.0,107.0,3.0,1.0,11.0,11.0,-0.0119,0.1926,3.0,0.2727,4.0,0.3636,2.90056,4.0,0.0,0.0,3.0,0.2727,1.0,0.0909,0.0,0.0,1.0,0.0,0.0,4.0,1.0,9.0,8.0,172.0,6.0,5.0,,,,47.0,45.0,,,,5.5,1.0,,46.0,2.0,,Male,,0.43,0.42601,173.0,8.0,-4.0,0.25,208.0,9.0,-5.0,-0.148,0.0032,0.38778,0.68194,4.0,0.3636,7.0,1.0,0.0,1.0
7.0,Michael & Kevin,TARUS17,5.29,5.28571,186.0,8.0,-1.0,4.0,107.0,4.0,3.0,7.0,7.0,-0.2029,0.0329,0.0,0.0,2.0,0.2857,2.18529,3.5,0.0,0.0,0.0,0.0,1.0,0.1429,0.0,0.0,0.0,0.0,0.0,7.0,3.0,9.0,6.0,186.0,3.0,4.0,,,,58.0,20.0,,,,3.5,1.0,,39.0,38.0,,Male,,0.43,0.43441,168.0,7.0,0.0,0.57143,116.0,6.0,1.0,-0.1312,0.0284,0.29412,0.44583,4.0,0.5714,3.0,0.77778,0.0,0.77778
9.0,Connor & Jonathan,TARUS17,4.75,4.75,167.0,5.0,4.0,4.5,137.0,5.0,4.0,4.0,4.0,-0.0801,0.1316,1.0,0.25,2.0,0.5,3.03109,4.25,0.0,0.0,0.0,0.0,0.0,0.0,0.0,0.0,0.0,0.0,0.0,,1.0,9.0,8.0,188.0,4.0,0.0,,,,22.0,22.0,,,,2.0,4.0,,22.0,0.0,,Male,,0.56,0.56111,111.0,4.0,5.0,0.62222,102.0,3.0,6.0,0.1222,0.3283,0.38018,0.51667,2.0,0.5,2.0,1.0,0.0,1.0
11.0,Ron & Tony,TARUS17,11.0,11.0,276.0,11.0,0.0,11.0,252.0,11.0,0.0,1.0,1.0,-1.5014,-1.011,0.0,0.0,0.0,0.0,0.0,0.0,0.0,0.0,0.0,0.0,0.0,0.0,0.0,0.0,0.0,0.0,0.0,,11.0,11.0,0.0,190.0,1.0,0.0,,,,42.0,45.0,,,,0.5,1.0,,43.5,3.0,,Male,,0.0,0.0,270.0,11.0,0.0,0.0,269.0,11.0,0.0,-1.0,-1.0,0.0,0.0,0.0,0.0,1.0,0.0,0.0,0.0
2.0,Flight Time & Big Easy,TARUS18,3.75,3.75,117.0,4.0,-2.0,4.0,107.0,3.0,-1.0,12.0,12.0,0.1938,0.2925,2.0,0.1667,6.0,0.5,2.04634,3.25,3.0,0.25,3.0,0.25,0.0,0.0,0.0,1.0,1.0,0.0,0.0,5.0,1.0,7.0,6.0,192.0,6.0,6.0,,,,34.0,29.0,,,,6.0,0.0,,31.5,5.0,,Male,,0.57,0.56515,109.0,4.0,-2.0,0.52778,129.0,4.0,-2.0,0.1303,0.235,0.28704,0.46042,7.0,0.5833,5.0,1.0,0.14286,0.85714
4.0,Zev & Justin,TARUS18,3.45,3.45455,98.0,3.0,1.0,4.0,107.0,3.0,1.0,11.0,11.0,0.2583,0.3491,4.0,0.3636,5.0,0.4545,2.49959,3.0,1.0,0.0909,3.0,0.2727,0.0,0.0,0.0,0.0,0.0,0.0,0.0,4.0,1.0,8.0,7.0,194.0,5.0,5.0,,,,28.0,31.0,,,,5.0,0.0,,29.5,3.0,,Male,,0.6,0.60043,92.0,2.0,2.0,0.7,67.0,1.0,3.0,0.2009,0.3121,0.38601,0.8125,7.0,0.6364,4.0,1.0,0.0,1.0
6.0,Jet & Cord,TARUS18,4.56,4.55556,154.0,5.0,1.0,5.0,147.0,5.0,1.0,9.0,9.0,0.0197,0.1396,1.0,0.1111,4.0,0.4444,2.87174,4.0,2.0,0.2222,1.0,0.1111,1.0,0.1111,0.0,1.0,0.0,0.0,0.0,6.0,1.0,11.0,10.0,196.0,4.0,4.0,,,,31.0,30.0,,,,4.0,0.0,,30.5,1.0,,Male,,0.5,0.5011,138.0,5.0,1.0,0.44444,156.0,7.0,-1.0,0.0022,0.0951,0.36954,0.65714,4.0,0.4444,5.0,1.0,0.0,1.0
10.0,Mel & Mike,TARUS18,8.33,8.33333,242.0,11.0,-1.0,9.0,220.0,11.0,-1.0,3.0,3.0,-0.7907,-0.5717,0.0,0.0,0.0,0.0,1.69967,2.0,0.0,0.0,0.0,0.0,0.0,0.0,0.0,0.0,0.0,0.0,0.0,,6.0,10.0,4.0,200.0,1.0,1.0,,,,70.0,40.0,,,,1.0,0.0,,55.0,30.0,,Male,,0.23,0.23333,235.0,10.0,0.0,0.2,226.0,11.0,-1.0,-0.5333,-0.4901,0.20548,0.25,1.0,0.3333,2.0,0.5,0.0,0.5
4.0,Andy & Tommy,TARUS19,2.64,2.63636,41.0,1.0,3.0,1.0,1.0,1.0,3.0,11.0,11.0,0.4039,0.5075,6.0,0.5455,7.0,0.6364,2.01236,3.0,0.0,0.0,1.0,0.0909,0.0,0.0,0.0,0.0,0.0,0.0,0.0,1.0,1.0,7.0,6.0,205.0,6.0,6.0,,,,30.0,32.0,,,,6.0,0.0,,31.0,2.0,,Male,,0.7,0.69805,45.0,2.0,2.0,1.0,1.0,1.0,3.0,0.3961,0.5931,0.35753,0.58571,7.0,0.6364,4.0,1.0,0.0,1.0
6.0,Laurence & Zac,TARUS19,4.38,4.375,149.0,5.0,1.0,4.5,137.0,6.0,0.0,8.0,8.0,0.011,0.1828,0.0,0.0,2.0,0.25,1.57619,2.5,2.0,0.25,0.0,0.0,0.0,0.0,0.0,1.0,0.0,0.0,0.0,6.0,2.0,6.0,4.0,207.0,4.0,5.0,,,,48.0,19.0,,,,4.5,1.0,,33.5,29.0,,Male,,0.5,0.49568,141.0,5.0,1.0,0.5,130.0,5.0,1.0,-0.0086,0.1312,0.28046,0.32589,5.0,0.625,3.0,0.9,0.0,0.9
11.0,Ron & Bill,TARUS19,9.5,9.5,265.0,11.0,0.0,9.5,240.0,11.0,0.0,2.0,2.0,-1.1452,-0.7724,0.0,0.0,0.0,0.0,1.5,1.5,0.0,0.0,0.0,0.0,0.0,0.0,0.0,0.0,0.0,0.0,0.0,,8.0,11.0,3.0,212.0,1.0,1.0,,,,49.0,44.0,,,,1.0,0.0,,46.5,5.0,,Male,,0.15,0.15,249.0,11.0,0.0,0.15,235.0,10.0,1.0,-0.7,-0.6577,0.15,0.15,0.0,0.0,2.0,0.3,0.0,0.3
2.0,Art & JJ,TARUS20,2.25,2.25,18.0,2.0,0.0,2.0,10.0,2.0,0.0,12.0,12.0,0.4788,0.606,3.0,0.25,11.0,0.9167,0.92421,1.25,4.0,0.3333,1.0,0.0833,0.0,0.0,1.0,0.0,1.0,0.0,0.0,3.0,1.0,4.0,3.0,214.0,6.0,5.0,,,,43.0,42.0,,,,5.5,1.0,,42.5,1.0,,Male,,0.72,0.71991,39.0,2.0,0.0,0.73333,58.0,2.0,0.0,0.4398,0.8509,0.22955,0.34167,11.0,0.9167,1.0,1.0,0.25,0.75
5.0,Bopper & Mark,TARUS20,4.6,4.6,156.0,4.0,1.0,4.5,137.0,4.0,1.0,10.0,10.0,-0.0655,0.1944,1.0,0.1,4.0,0.4,2.41661,2.75,1.0,0.1,0.0,0.0,2.0,0.2,1.0,0.0,0.0,0.0,0.0,3.0,1.0,9.0,8.0,217.0,3.0,5.0,,,,41.0,45.0,,,,4.0,2.0,,43.0,4.0,,Male,,0.44,0.43552,167.0,5.0,0.0,0.45536,152.0,5.0,0.0,-0.129,0.1197,0.36123,0.7,5.0,0.5,5.0,1.0,0.0,1.0
7.0,Joey & Danny,TARUS20,5.5,5.5,192.0,6.0,1.0,5.0,147.0,5.0,2.0,6.0,6.0,-0.274,0.0368,0.0,0.0,3.0,0.5,2.98608,4.75,1.0,0.1667,1.0,0.1667,0.0,0.0,0.0,0.0,0.0,0.0,0.0,3.0,2.0,10.0,8.0,219.0,3.0,3.0,,,,29.0,27.0,,,,3.0,0.0,,28.0,2.0,,Male,,0.44,0.44061,165.0,4.0,3.0,0.46825,148.0,3.0,4.0,-0.1188,0.1328,0.34204,0.61052,3.0,0.5,3.0,0.85714,0.0,0.85714
9.0,Elliot & Andrew,TARUS20,8.0,8.0,234.0,9.0,0.0,9.0,220.0,9.0,0.0,3.0,3.0,-0.8531,-0.4011,0.0,0.0,0.0,0.0,1.41421,1.5,0.0,0.0,1.0,0.3333,0.0,0.0,0.0,0.0,0.0,0.0,0.0,9.0,6.0,9.0,3.0,221.0,1.0,2.0,,,,28.0,28.0,,,,1.5,1.0,,28.0,0.0,,Male,,0.2,0.2037,240.0,9.0,0.0,0.11111,248.0,10.0,-1.0,-0.5926,-0.4763,0.21437,0.25,1.0,0.3333,2.0,0.5,0.0,0.5
1.0,Josh & Brent,TARUS21,4.58,4.58333,155.0,6.0,-5.0,5.0,147.0,5.0,-4.0,12.0,12.0,-0.0745,0.1471,1.0,0.0833,3.0,0.25,1.65622,1.5,0.0,0.0,6.0,0.5,1.0,0.0833,0.0,0.0,0.0,0.0,0.0,5.0,1.0,7.0,6.0,224.0,7.0,7.0,,,,43.0,38.0,,,,7.0,0.0,,40.5,5.0,,Male,,0.38,0.37586,189.0,8.0,-7.0,0.33333,183.0,8.0,-7.0,-0.2483,-0.1084,0.24873,0.31389,4.0,0.3333,8.0,1.0,0.0,1.0
2.0,Jaymes & James,TARUS21,3.58,3.58333,105.0,4.0,-2.0,2.5,51.0,3.0,-1.0,12.0,12.0,0.1601,0.3333,2.0,0.1667,8.0,0.6667,2.56445,3.25,4.0,0.3333,2.0,0.1667,0.0,0.0,0.0,0.0,1.0,0.0,0.0,2.0,1.0,10.0,9.0,225.0,7.0,7.0,,,,30.0,27.0,,,,7.0,0.0,,28.5,3.0,,Male,,0.59,0.59418,95.0,3.0,-1.0,0.70833,65.0,3.0,-1.0,0.1884,0.4094,0.29697,0.4619,8.0,0.6667,4.0,1.0,0.1,0.9
6.0,James & Abba,TARUS21,4.13,4.125,137.0,5.0,1.0,5.0,147.0,5.0,1.0,8.0,8.0,0.0311,0.2309,2.0,0.25,3.0,0.375,2.08791,3.5,0.0,0.0,0.0,0.0,1.0,0.125,1.0,0.0,0.0,0.0,0.0,6.0,1.0,6.0,5.0,229.0,3.0,5.0,,,,53.0,45.0,,,,4.0,2.0,,49.0,8.0,,Male,,0.53,0.52951,129.0,5.0,1.0,0.5625,122.0,5.0,1.0,0.059,0.256,0.36047,0.41667,5.0,0.625,3.0,1.0,0.0,1.0
8.0,Gary & Will,TARUS21,8.25,8.25,241.0,10.0,-2.0,8.0,204.0,10.0,-2.0,4.0,4.0,-0.9355,-0.5363,0.0,0.0,0.0,0.0,0.43301,0.25,0.0,0.0,2.0,0.5,0.0,0.0,0.0,1.0,0.0,0.0,0.0,8.0,8.0,9.0,1.0,231.0,3.0,2.0,,,,52.0,53.0,,,,2.5,1.0,,52.5,1.0,,Male,,0.13,0.13403,254.0,10.0,-2.0,0.11806,247.0,10.0,-2.0,-0.7319,-0.6821,0.10737,0.08542,0.0,0.0,4.0,0.3,0.0,0.3
1.0,Bates & Anthony,TARUS22,2.42,2.41667,24.0,1.0,0.0,2.0,10.0,1.0,0.0,12.0,12.0,0.4506,0.5382,5.0,0.4167,9.0,0.75,1.75396,2.25,3.0,0.25,1.0,0.0833,0.0,0.0,1.0,0.0,1.0,0.0,0.0,1.0,1.0,7.0,6.0,235.0,6.0,6.0,,,,36.0,33.0,,,,6.0,0.0,,34.5,3.0,,Male,,0.76,0.76151,18.0,1.0,0.0,0.825,31.0,3.0,-2.0,0.523,0.6934,0.26961,0.35714,10.0,0.8333,2.0,1.0,0.25,0.75
8.0,Dave & Connor,TARUS22,3.0,3.0,60.0,2.0,6.0,2.0,10.0,1.0,7.0,5.0,5.0,0.3189,0.4275,2.0,0.4,4.0,0.8,2.60768,2.0,1.0,0.2,0.0,0.0,0.0,0.0,0.0,0.0,0.0,0.0,0.0,1.0,1.0,8.0,7.0,242.0,1.0,4.0,,,,58.0,21.0,,,,2.5,3.0,,39.5,37.0,,Male,,0.74,0.73778,30.0,2.0,6.0,0.88889,10.0,1.0,7.0,0.4756,0.6406,0.37644,0.2,4.0,0.8,1.0,1.0,0.0,1.0
10.0,Idries & Jamil,TARUS22,9.0,9.0,254.0,10.0,0.0,9.0,220.0,10.0,0.0,2.0,2.0,-1.0432,-0.7176,0.0,0.0,0.0,0.0,1.0,1.0,0.0,0.0,0.0,0.0,0.0,0.0,0.0,0.0,0.0,0.0,0.0,,8.0,10.0,2.0,244.0,1.0,2.0,,,,36.0,36.0,,,,1.5,1.0,,36.0,0.0,,Male,,0.15,0.15,249.0,10.0,0.0,0.15,235.0,10.0,0.0,-0.7,-0.6664,0.15,0.15,0.0,0.0,2.0,0.3,0.0,0.3
11.0,Matt & Daniel,TARUS22,11.0,11.0,276.0,11.0,0.0,11.0,252.0,11.0,0.0,1.0,1.0,-1.4973,-1.0992,0.0,0.0,0.0,0.0,0.0,0.0,0.0,0.0,0.0,0.0,0.0,0.0,0.0,0.0,0.0,0.0,0.0,,11.0,11.0,0.0,245.0,1.0,1.0,,,,24.0,25.0,,,,1.0,0.0,,24.5,1.0,,Male,,0.0,0.0,270.0,11.0,0.0,0.0,269.0,11.0,0.0,-1.0,-1.0,0.0,0.0,0.0,0.0,1.0,0.0,0.0,0.0
4.0,Leo & Jamal,TARUS23,3.82,3.81818,122.0,4.0,0.0,4.0,107.0,4.0,0.0,11.0,11.0,0.1134,0.2751,2.0,0.1818,4.0,0.3636,1.89824,2.5,1.0,0.0909,0.0,0.0,1.0,0.0909,0.0,2.0,1.0,0.0,0.0,4.0,1.0,7.0,6.0,249.0,6.0,6.0,,,,26.0,26.0,,,,6.0,0.0,,26.0,0.0,,Male,,0.51,0.50797,134.0,5.0,-1.0,0.4,164.0,6.0,-2.0,0.0159,0.1661,0.33911,0.44742,5.0,0.4545,6.0,1.0,0.0,1.0
7.0,Tim & Danny,TARUS23,6.17,6.16667,206.0,9.0,-2.0,6.0,171.0,8.0,-1.0,6.0,6.0,-0.432,-0.1708,0.0,0.0,0.0,0.0,1.57233,1.5,0.0,0.0,0.0,0.0,0.0,0.0,0.0,0.0,1.0,0.0,0.0,6.0,4.0,9.0,5.0,252.0,3.0,4.0,,,,26.0,25.0,,,,3.5,1.0,,25.5,1.0,,Male,,0.33,0.33062,202.0,9.0,-2.0,0.35714,181.0,8.0,-1.0,-0.3388,-0.241,0.199,0.21905,1.0,0.1667,5.0,0.625,0.0,0.625
8.0,Brandon & Adam,TARUS23,5.4,5.4,189.0,7.0,1.0,5.0,147.0,6.0,2.0,5.0,5.0,-0.2533,-0.0247,1.0,0.2,2.0,0.4,3.2619,5.0,0.0,0.0,1.0,0.2,0.0,0.0,0.0,1.0,0.0,0.0,0.0,,1.0,10.0,9.0,253.0,2.0,4.0,,,,34.0,34.0,,,,3.0,2.0,,34.0,0.0,,Male,,0.48,0.47556,149.0,6.0,2.0,0.5,130.0,5.0,3.0,-0.0489,0.0917,0.38319,0.67778,3.0,0.6,2.0,1.0,0.0,1.0
9.0,Chester & Ephraim,TARUS23,4.67,4.66667,159.0,5.0,4.0,4.0,107.0,4.0,5.0,3.0,3.0,-0.0839,0.1139,1.0,0.3333,1.0,0.3333,3.29983,4.0,0.0,0.0,0.0,0.0,0.0,0.0,0.0,0.0,0.0,0.0,0.0,,1.0,9.0,8.0,254.0,2.0,1.0,,,,33.0,36.0,,,,1.5,1.0,,34.5,3.0,,Male,,0.57,0.56667,107.0,4.0,5.0,0.7,67.0,2.0,7.0,0.1333,0.3009,0.41899,0.5,2.0,0.6667,1.0,1.0,0.0,1.0
10.0,Rowan & Shane,TARUS23,6.5,6.5,212.0,10.0,0.0,6.5,184.0,10.0,0.0,2.0,2.0,-0.5086,-0.2334,0.0,0.0,1.0,0.5,3.5,3.5,0.0,0.0,0.0,0.0,0.0,0.0,0.0,0.0,0.0,0.0,0.0,,3.0,10.0,7.0,255.0,2.0,1.0,,,,56.0,47.0,,,,1.5,1.0,,51.5,9.0,,Male,,0.4,0.4,180.0,7.0,3.0,0.4,164.0,6.0,4.0,-0.2,-0.0817,0.4,0.4,1.0,0.5,1.0,0.8,0.0,0.8
1.0,Dave & Connor,TARUS24,2.17,2.16667,12.0,1.0,0.0,1.5,5.0,1.0,0.0,12.0,12.0,0.5011,0.6152,6.0,0.5,9.0,0.75,1.28019,2.25,1.0,0.0833,0.0,0.0,0.0,0.0,0.0,1.0,1.0,0.0,0.0,1.0,1.0,4.0,3.0,257.0,5.0,8.0,,,,59.0,22.0,,,,6.5,3.0,,40.5,37.0,,Male,,0.82,0.82421,8.0,1.0,0.0,0.92857,6.0,1.0,0.0,0.6484,1.0655,0.20852,0.33333,11.0,0.9167,1.0,1.0,0.4,0.6
4.0,Leo & Jamal,TARUS24,3.73,3.72727,113.0,3.0,1.0,3.0,57.0,3.0,1.0,11.0,11.0,0.1424,0.3387,1.0,0.0909,6.0,0.5455,1.48268,1.5,0.0,0.0,0.0,0.0,0.0,0.0,0.0,1.0,1.0,0.0,0.0,3.0,1.0,7.0,6.0,260.0,5.0,6.0,,,,27.0,26.0,,,,5.5,1.0,,26.5,1.0,,Male,,0.54,0.53658,125.0,3.0,1.0,0.57143,116.0,4.0,0.0,0.0732,0.3447,0.2476,0.24048,8.0,0.7273,3.0,1.0,0.0,1.0
5.0,Jet & Cord,TARUS24,2.8,2.8,51.0,2.0,3.0,2.0,10.0,2.0,3.0,10.0,10.0,0.3562,0.5035,2.0,0.2,7.0,0.7,1.6,1.75,4.0,0.4,0.0,0.0,0.0,0.0,0.0,1.0,0.0,0.0,0.0,2.0,1.0,6.0,5.0,261.0,5.0,5.0,,,,34.0,33.0,,,,5.0,0.0,,33.5,1.0,,Male,,0.69,0.69171,48.0,2.0,3.0,0.775,47.0,2.0,3.0,0.3834,0.7334,0.28909,0.31101,8.0,0.8,2.0,1.0,0.0,1.0
6.0,Flight Time & Big Easy,TARUS24,5.88,5.875,199.0,7.0,-1.0,6.0,171.0,7.0,-1.0,8.0,8.0,-0.3519,-0.0426,0.0,0.0,0.0,0.0,0.59948,0.25,0.0,0.0,2.0,0.25,0.0,0.0,0.0,0.0,0.0,0.0,0.0,6.0,5.0,7.0,2.0,262.0,5.0,3.0,,,,37.0,32.0,,,,4.0,2.0,,34.5,5.0,,Male,,0.3,0.29504,215.0,8.0,-2.0,0.28571,200.0,8.0,-2.0,-0.4099,-0.2606,0.17359,0.25833,2.0,0.25,6.0,0.55556,0.0,0.55556
6.0,Tim & Te Jay,TARUS25,4.88,4.875,169.0,6.0,0.0,5.0,147.0,7.0,-1.0,8.0,8.0,-0.1336,0.127,0.0,0.0,2.0,0.25,1.76334,2.25,1.0,0.125,1.0,0.125,1.0,0.125,0.0,0.0,0.0,0.0,0.0,5.0,2.0,8.0,6.0,273.0,3.0,3.0,,,,23.0,24.0,,,,3.0,0.0,,23.5,1.0,,Male,,0.4,0.40293,178.0,7.0,-1.0,0.46429,149.0,5.0,1.0,-0.1941,-0.0034,0.31212,0.50149,4.0,0.5,4.0,0.9,0.0,0.9
9.0,Michael & Scott,TARUS25,8.33,8.33333,242.0,9.0,0.0,9.0,220.0,10.0,-1.0,3.0,3.0,-0.935,-0.4902,0.0,0.0,0.0,0.0,1.69967,2.0,0.0,0.0,1.0,0.3333,0.0,0.0,0.0,0.0,0.0,0.0,0.0,,6.0,10.0,4.0,276.0,0.0,1.0,,,,40.0,39.0,,,,0.5,1.0,,39.5,1.0,,Male,,0.18,0.18148,245.0,9.0,0.0,0.1,256.0,10.0,-1.0,-0.637,-0.5511,0.19037,0.22222,0.0,0.0,3.0,0.44444,0.0,0.44444
8.0,Bergen & Kurt,TARUS26,5.4,5.4,189.0,8.0,0.0,6.0,171.0,8.0,0.0,5.0,5.0,-0.236,0.0305,1.0,0.2,1.0,0.2,2.41661,2.0,0.0,0.0,0.0,0.0,0.0,0.0,0.0,0.0,0.0,0.0,0.0,,1.0,8.0,7.0,286.0,2.0,0.0,,,,23.0,24.0,,,,1.0,2.0,,23.5,1.0,,Male,,0.46,0.46111,156.0,5.0,3.0,0.5,130.0,5.0,3.0,-0.0778,0.1258,0.33407,0.30556,3.0,0.6,2.0,1.0,0.0,1.0
9.0,Harley & Jonathan,TARUS26,6.75,6.75,216.0,9.0,0.0,7.0,186.0,9.0,0.0,4.0,4.0,-0.545,-0.2118,0.0,0.0,0.0,0.0,2.27761,4.25,0.0,0.0,0.0,0.0,1.0,0.25,0.0,0.0,0.0,0.0,0.0,9.0,4.0,9.0,5.0,287.0,1.0,1.0,,,,41.0,46.0,,,,1.0,0.0,,43.5,5.0,,Male,,0.32,0.31667,204.0,9.0,0.0,0.3,192.0,8.0,1.0,-0.3667,-0.2268,0.31754,0.61667,2.0,0.5,2.0,0.66667,0.0,0.66667
6.0,Tanner & Josh,TARUS27,3.22,3.22222,84.0,2.0,4.0,3.0,57.0,3.0,3.0,9.0,9.0,0.263,0.4219,2.0,0.2222,5.0,0.5556,1.81217,2.0,2.0,0.2222,0.0,0.0,1.0,0.1111,0.0,1.0,0.0,0.0,0.0,1.0,1.0,6.0,5.0,295.0,4.0,5.0,,,,26.0,28.0,,,,4.5,1.0,,27.0,2.0,,Male,,0.61,0.6067,82.0,3.0,3.0,0.71429,63.0,2.0,4.0,0.2134,0.4959,0.36852,0.38889,7.0,0.7778,2.0,1.0,0.0,1.0
9.0,Ernest & Jin,TARUS27,8.33,8.33333,242.0,10.0,-1.0,9.0,220.0,10.0,-1.0,3.0,3.0,-0.9066,-0.4955,0.0,0.0,0.0,0.0,0.94281,1.0,0.0,0.0,1.0,0.3333,0.0,0.0,0.0,0.0,0.0,0.0,0.0,9.0,7.0,9.0,2.0,298.0,1.0,1.0,,,,29.0,26.0,,,,1.0,0.0,,27.5,3.0,,Male,,0.17,0.17037,247.0,10.0,-1.0,0.11111,248.0,10.0,-1.0,-0.6593,-0.5799,0.16859,0.2,0.0,0.0,3.0,0.4,0.0,0.4
10.0,Alex & Adam,TARUS27,8.0,8.0,234.0,9.0,1.0,8.0,204.0,9.0,1.0,2.0,2.0,-0.8311,-0.4363,0.0,0.0,0.0,0.0,2.0,2.0,0.0,0.0,0.0,0.0,0.0,0.0,0.0,0.0,0.0,0.0,0.0,,6.0,10.0,4.0,299.0,1.0,0.0,,,,22.0,24.0,,,,0.5,1.0,,23.0,2.0,,Male,,0.25,0.25,226.0,9.0,1.0,0.25,208.0,8.0,2.0,-0.5,-0.3836,0.25,0.25,1.0,0.5,1.0,0.5,0.0,0.5
3.0,Tyler & Korey,TARUS28,2.42,2.41667,24.0,1.0,2.0,2.0,10.0,1.0,2.0,12.0,12.0,0.4697,0.5624,5.0,0.4167,10.0,0.8333,1.75396,2.0,3.0,0.25,2.0,0.1667,0.0,0.0,0.0,0.0,0.0,0.0,0.0,1.0,1.0,6.0,5.0,303.0,7.0,7.0,,,,26.0,30.0,,,,7.0,0.0,,28.0,4.0,,Male,,0.72,0.71644,41.0,2.0,1.0,0.89444,9.0,1.0,2.0,0.4329,0.6688,0.36764,0.50833,9.0,0.75,3.0,1.0,0.0,1.0
5.0,Brodie & Kurt,TARUS28,2.6,2.6,40.0,2.0,3.0,2.0,10.0,1.0,4.0,10.0,10.0,0.4302,0.5298,4.0,0.4,7.0,0.7,1.68523,3.5,2.0,0.2,1.0,0.1,0.0,0.0,0.0,1.0,0.0,0.0,0.0,1.0,1.0,5.0,4.0,305.0,6.0,5.0,,,,28.0,30.0,,,,5.5,1.0,,29.0,2.0,,Male,,0.72,0.72238,38.0,1.0,4.0,0.87857,12.0,2.0,3.0,0.4448,0.6826,0.34217,0.38333,8.0,0.8,2.0,1.0,0.0,1.0
10.0,Darius & Cameron,TARUS28,8.0,8.0,234.0,10.0,0.0,10.0,242.0,11.0,-1.0,3.0,3.0,-0.7531,-0.4467,0.0,0.0,0.0,0.0,2.82843,3.0,0.0,0.0,1.0,0.3333,0.0,0.0,0.0,0.0,0.0,0.0,0.0,10.0,4.0,10.0,6.0,310.0,2.0,1.0,,,,22.0,19.0,,,,1.5,1.0,,20.5,3.0,,Male,,0.27,0.26667,223.0,9.0,1.0,0.1,256.0,11.0,-1.0,-0.4667,-0.3789,0.30912,0.35,1.0,0.3333,2.0,0.7,0.0,0.7
4.0,Matt & Redmond,TARUS29,2.55,2.54545,36.0,1.0,3.0,2.0,10.0,1.0,3.0,11.0,11.0,0.403,0.5321,2.0,0.1818,8.0,0.7273,1.07565,1.5,4.0,0.3636,0.0,0.0,0.0,0.0,0.0,1.0,0.0,0.0,0.0,2.0,1.0,4.0,3.0,315.0,6.0,5.0,,,,25.0,28.0,,,,5.5,1.0,,26.5,3.0,,Male,,0.73,0.72644,36.0,1.0,3.0,0.8,34.0,1.0,3.0,0.4529,0.7482,0.26087,0.14583,10.0,0.9091,1.0,1.0,0.0,1.0
4.0,Alex & Conor,TARUS30,3.1,3.1,73.0,2.0,2.0,3.5,102.0,1.0,3.0,10.0,11.0,0.3009,0.459,3.0,0.3,5.0,0.5,1.64012,3.5,1.0,0.1,0.0,0.0,0.0,0.0,0.0,0.0,1.0,0.0,0.0,5.0,1.0,5.0,4.0,326.0,4.0,4.0,,,,26.0,25.0,,,,4.0,0.0,,25.5,1.0,,Male,,0.66,0.65591,63.0,2.0,2.0,0.6,105.0,3.0,2.0,0.3118,0.6501,0.30426,0.45486,8.0,0.8,2.0,1.0,0.0,1.0
6.0,Eric & Daniel,TARUS30,6.0,6.0,200.0,7.0,-1.0,7.0,186.0,8.0,-2.0,7.0,8.0,-0.3531,-0.0471,0.0,0.0,2.0,0.2857,2.39046,3.0,1.0,0.1429,1.0,0.1429,0.0,0.0,0.0,0.0,0.0,0.0,0.0,7.0,2.0,9.0,7.0,328.0,3.0,3.0,,,,33.0,33.0,,,,3.0,0.0,,33.0,0.0,,Male,,0.35,0.35125,195.0,8.0,-2.0,0.25,208.0,8.0,-2.0,-0.2975,-0.1164,0.28495,0.32659,2.0,0.2857,5.0,0.83333,0.0,0.83333
7.0,Trevor & Chris,TARUS30,5.17,5.16667,177.0,6.0,1.0,4.5,137.0,5.0,2.0,6.0,6.0,-0.1942,0.0882,0.0,0.0,0.0,0.0,1.34371,2.5,0.0,0.0,1.0,0.1667,0.0,0.0,0.0,1.0,0.0,0.0,0.0,4.0,4.0,7.0,3.0,329.0,3.0,3.0,,,,31.0,33.0,,,,3.0,0.0,,32.0,2.0,,Male,,0.44,0.43909,166.0,5.0,2.0,0.5625,122.0,4.0,3.0,-0.1218,0.1046,0.2704,0.42411,4.0,0.6667,2.0,0.7,0.0,0.7
8.0,Joey & Tim,TARUS30,6.2,6.2,207.0,8.0,0.0,6.0,171.0,7.0,1.0,5.0,5.0,-0.4321,-0.0935,0.0,0.0,0.0,0.0,1.32665,1.0,0.0,0.0,0.0,0.0,0.0,0.0,0.0,0.0,0.0,0.0,0.0,6.0,4.0,8.0,4.0,330.0,2.0,3.0,,,,33.0,41.0,,,,2.5,1.0,,37.0,8.0,,Male,,0.37,0.36667,192.0,7.0,1.0,0.375,175.0,6.0,1.0,-0.2667,-0.0776,0.20983,0.16667,2.0,0.4,3.0,0.625,0.0,0.625
9.0,Cedric & Shawn,TARUS30,7.25,7.25,226.0,9.0,0.0,9.0,220.0,9.0,0.0,4.0,4.0,-0.6746,-0.2787,0.0,0.0,1.0,0.25,3.03109,1.75,1.0,0.25,0.0,0.0,1.0,0.25,0.0,0.0,0.0,0.0,0.0,9.0,2.0,9.0,7.0,331.0,2.0,2.0,,,,48.0,39.0,,,,2.0,0.0,,43.5,9.0,,Male,,0.27,0.27222,222.0,9.0,0.0,0.1,256.0,9.0,0.0,-0.4556,-0.3152,0.36528,0.37222,1.0,0.25,3.0,0.88889,0.0,0.88889
2.0,Tyler & Korey,TARUS31,2.75,2.75,46.0,2.0,0.0,2.0,10.0,1.0,1.0,12.0,12.0,0.3881,0.5234,4.0,0.3333,8.0,0.6667,1.83144,3.0,3.0,0.25,0.0,0.0,0.0,0.0,0.0,1.0,0.0,0.0,0.0,1.0,1.0,7.0,6.0,335.0,6.0,6.0,,,,29.0,33.0,,,,6.0,0.0,,31.0,4.0,,Male,,0.73,0.72887,35.0,2.0,0.0,0.70833,65.0,2.0,0.0,0.4577,0.8464,0.22365,0.44643,11.0,0.9167,1.0,1.0,0.33333,0.66667
3.0,Leo & Jamal,TARUS31,4.25,4.25,142.0,5.0,-2.0,4.5,137.0,5.0,-2.0,12.0,12.0,0.0543,0.2634,3.0,0.25,5.0,0.4167,2.34965,3.5,0.0,0.0,4.0,0.3333,0.0,0.0,0.0,0.0,1.0,0.0,0.0,1.0,1.0,8.0,7.0,336.0,7.0,5.0,,,,31.0,31.0,,,,6.0,2.0,,31.0,0.0,,Male,,0.44,0.44127,163.0,5.0,-2.0,0.33036,190.0,6.0,-3.0,-0.1175,0.1178,0.35231,0.46429,5.0,0.4167,7.0,1.0,0.0,1.0
6.0,Chris & Bret,TARUS31,5.22,5.22222,181.0,6.0,0.0,6.0,171.0,6.0,0.0,9.0,9.0,-0.1615,0.0953,0.0,0.0,3.0,0.3333,2.43939,4.0,2.0,0.2222,1.0,0.1111,1.0,0.1111,0.0,0.0,0.0,0.0,0.0,2.0,2.0,9.0,7.0,339.0,5.0,5.0,,,,40.0,44.0,,,,5.0,0.0,,42.0,4.0,,Male,,0.42,0.42231,174.0,6.0,0.0,0.4,164.0,5.0,1.0,-0.1554,0.0698,0.32493,0.58333,4.0,0.4444,5.0,0.85714,0.0,0.85714
11.0,Art & JJ,TARUS31,11.0,11.0,276.0,11.0,0.0,11.0,252.0,11.0,0.0,1.0,1.0,-1.4476,-0.9064,0.0,0.0,0.0,0.0,0.0,0.0,0.0,0.0,0.0,0.0,0.0,0.0,0.0,0.0,0.0,0.0,0.0,,11.0,11.0,0.0,344.0,1.0,1.0,,,,49.0,49.0,,,,1.0,0.0,,49.0,0.0,,Male,,0.0,0.0,270.0,11.0,0.0,0.0,269.0,11.0,0.0,-1.0,-1.0,0.0,0.0,0.0,0.0,1.0,0.0,0.0,0.0
1.0,Will & James,TARUS32,2.58,2.58333,37.0,2.0,-1.0,2.0,10.0,1.0,0.0,12.0,11.0,0.4095,0.545,4.0,0.3333,8.0,0.6667,1.55233,3.0,3.0,0.25,0.0,0.0,0.0,0.0,0.0,0.0,1.0,0.0,1.0,1.0,1.0,6.0,5.0,345.0,6.0,5.0,,,,30.0,31.0,,,,5.5,1.0,,30.5,1.0,,Male,,0.75,0.75271,21.0,2.0,-1.0,0.725,60.0,2.0,-1.0,0.5054,0.9029,0.19835,0.40714,11.0,0.9167,1.0,1.0,0.44444,0.55556
3.0,Riley & Maddison,TARUS32,2.17,2.16667,12.0,1.0,2.0,2.0,10.0,1.0,2.0,12.0,11.0,0.5033,0.6173,5.0,0.4167,10.0,0.8333,1.14261,2.0,2.0,0.1667,0.0,0.0,0.0,0.0,0.0,0.0,0.0,0.0,1.0,1.0,1.0,4.0,3.0,347.0,6.0,5.0,,,,31.0,29.0,,,,5.5,1.0,,30.0,2.0,,Male,,0.79,0.78674,13.0,1.0,2.0,0.83333,27.0,1.0,2.0,0.5735,0.989,0.27741,0.26042,11.0,0.9167,1.0,1.0,0.0,1.0
4.0,Gary & DeAngelo,TARUS32,4.27,4.27273,145.0,4.0,0.0,4.0,107.0,4.0,0.0,11.0,10.0,0.0227,0.2469,1.0,0.0909,4.0,0.3636,2.41551,2.5,2.0,0.1818,3.0,0.2727,0.0,0.0,0.0,0.0,1.0,0.0,0.0,4.0,1.0,10.0,9.0,348.0,5.0,4.0,,,,36.0,34.0,,,,4.5,1.0,,35.0,2.0,,Male,,0.47,0.47367,150.0,5.0,-1.0,0.5,130.0,5.0,-1.0,-0.0527,0.1975,0.31605,0.50357,6.0,0.5455,5.0,1.0,0.0,1.0
9.0,Jerry & Frank,TARUS32,7.67,7.66667,231.0,9.0,0.0,9.0,220.0,9.0,0.0,3.0,3.0,-0.7555,-0.3527,0.0,0.0,0.0,0.0,1.88562,2.0,0.0,0.0,1.0,0.3333,0.0,0.0,0.0,1.0,0.0,0.0,0.0,9.0,5.0,9.0,4.0,353.0,0.0,2.0,,,,60.0,25.0,,,,1.0,2.0,,42.5,35.0,,Male,,0.24,0.23704,232.0,8.0,1.0,0.11111,248.0,9.0,0.0,-0.5259,-0.4007,0.26063,0.3,1.0,0.3333,2.0,0.6,0.0,0.6
11.0,Nathan & Cody,TARUS32,11.0,11.0,276.0,11.0,0.0,11.0,252.0,11.0,0.0,1.0,1.0,-1.5177,-0.94,0.0,0.0,0.0,0.0,0.0,0.0,0.0,0.0,0.0,0.0,0.0,0.0,0.0,0.0,0.0,0.0,0.0,,11.0,11.0,0.0,355.0,0.0,1.0,,,,39.0,33.0,,,,0.5,1.0,,36.0,6.0,,Male,,0.0,0.0,270.0,11.0,0.0,0.0,269.0,11.0,0.0,-1.0,-1.0,0.0,0.0,0.0,0.0,1.0,0.0,0.0,0.0
3.0,Ryan & Dusty,TARUS33,2.36,2.36364,21.0,2.0,1.0,3.0,57.0,3.0,0.0,11.0,11.0,0.4452,0.5336,3.0,0.2727,10.0,0.9091,0.97912,1.5,2.0,0.1818,0.0,0.0,0.0,0.0,0.0,0.0,0.0,0.0,0.0,3.0,1.0,4.0,3.0,358.0,6.0,5.0,,,,37.0,38.0,,,,5.5,1.0,,37.5,1.0,,Male,,0.61,0.61111,80.0,5.0,-2.0,0.6,105.0,5.0,-2.0,0.2222,0.3575,0.36472,0.53333,8.0,0.7273,3.0,1.0,0.0,1.0
7.0,Michael & Moe,TARUS33,9.0,9.0,254.0,11.0,-4.0,9.0,220.0,11.0,-4.0,2.0,2.0,-1.1159,-0.7787,0.0,0.0,0.0,0.0,2.0,2.0,0.0,0.0,0.0,0.0,0.0,0.0,0.0,0.0,0.0,0.0,0.0,,7.0,11.0,4.0,362.0,0.0,1.0,,,,36.0,42.0,,,,0.5,1.0,,39.0,6.0,,Male,,0.0,0.0,270.0,11.0,-4.0,0.0,269.0,11.0,-4.0,-1.0,-1.0,0.0,0.0,0.0,0.0,2.0,0.0,0.0,0.0
8.0,Anthony & Spencer,TARUS33,3.67,3.66667,110.0,4.0,4.0,3.0,57.0,3.0,5.0,3.0,3.0,0.1372,0.2747,1.0,0.3333,2.0,0.6667,2.49444,3.0,0.0,0.0,0.0,0.0,0.0,0.0,0.0,0.0,0.0,0.0,0.0,,1.0,7.0,6.0,363.0,1.0,1.0,,,,29.0,29.0,,,,1.0,0.0,,29.0,0.0,,Male,,0.7,0.7037,43.0,3.0,5.0,0.77778,42.0,2.0,6.0,0.4074,0.5632,0.27716,0.33333,2.0,0.6667,1.0,1.0,0.33333,0.66667
11.0,Taylor & Isaiah,TARUS33,8.33,8.33333,242.0,10.0,1.0,8.0,204.0,10.0,1.0,3.0,3.0,-0.9584,-0.6462,0.0,0.0,0.0,0.0,0.4714,0.5,0.0,0.0,1.0,0.3333,0.0,0.0,0.0,0.0,0.0,0.0,0.0,8.0,8.0,9.0,1.0,366.0,1.0,1.0,,,,38.0,31.0,,,,1.0,0.0,,34.5,7.0,,Male,,0.21,0.21111,239.0,10.0,1.0,0.22222,220.0,8.0,3.0,-0.5778,-0.531,0.07751,0.09444,0.0,0.0,3.0,0.3,0.11111,0.18889
5.0,Marcus & Michael,TARUS34,3.3,3.3,92.0,2.0,3.0,3.5,102.0,3.0,2.0,10.0,8.0,0.3093,0.4536,3.0,0.3,5.0,0.5,1.84662,3.75,1.0,0.1,0.0,0.0,1.0,0.1,0.0,0.0,0.0,0.0,0.0,1.0,1.0,6.0,5.0,371.0,5.0,5.0,,,,38.0,30.0,,,,5.0,0.0,,34.0,8.0,,Male,,0.6,0.60129,86.0,3.0,2.0,0.64773,95.0,3.0,2.0,0.2026,0.4673,0.37126,0.56508,6.0,0.6,4.0,1.0,0.0,1.0
11.0,Tim & Rex,TARUS34,9.0,9.0,254.0,10.0,1.0,9.0,220.0,10.0,1.0,2.0,2.0,-0.8837,-0.4901,0.0,0.0,0.0,0.0,2.0,2.0,0.0,0.0,0.0,0.0,0.0,0.0,0.0,0.0,0.0,0.0,0.0,,7.0,11.0,4.0,377.0,1.0,1.0,,,,40.0,59.0,,,,1.0,0.0,,49.5,19.0,,Male,,0.23,0.22727,236.0,10.0,1.0,0.22727,217.0,9.0,2.0,-0.5455,-0.4454,0.22727,0.22727,0.0,0.0,2.0,0.45455,0.0,0.45455
1.0,Greg & John,TARUS35,2.75,2.75,46.0,1.0,0.0,2.0,10.0,1.0,0.0,12.0,11.0,0.4734,0.5802,5.0,0.4167,10.0,0.8333,2.45374,2.0,3.0,0.25,0.0,0.0,0.0,0.0,0.0,0.0,0.0,0.0,0.0,1.0,1.0,8.0,7.0,379.0,6.0,6.0,,,,25.0,27.0,,,,6.0,0.0,,26.0,2.0,,Male,,0.8,0.79642,9.0,1.0,0.0,0.86111,17.0,1.0,0.0,0.5928,0.9381,0.24655,0.27083,10.0,0.8333,2.0,1.0,0.3,0.7
2.0,Joel & Garrett,TARUS35,4.33,4.33333,146.0,5.0,-3.0,3.0,57.0,2.0,0.0,12.0,11.0,0.1709,0.3389,1.0,0.0833,7.0,0.5833,2.74874,5.0,3.0,0.25,2.0,0.1667,0.0,0.0,0.0,0.0,0.0,0.0,0.0,2.0,1.0,9.0,8.0,380.0,6.0,6.0,,,,42.0,43.0,,,,6.0,0.0,,42.5,1.0,,Male,,0.56,0.55639,114.0,4.0,-2.0,0.5,130.0,6.0,-4.0,0.1128,0.354,0.27363,0.46515,8.0,0.6667,4.0,1.0,0.14286,0.85714
3.0,Rob & Corey,TARUS35,3.17,3.16667,76.0,2.0,1.0,3.0,57.0,2.0,1.0,12.0,11.0,0.393,0.516,1.0,0.0833,8.0,0.6667,1.34371,2.0,3.0,0.25,0.0,0.0,0.0,0.0,0.0,0.0,0.0,0.0,0.0,3.0,1.0,6.0,5.0,381.0,6.0,6.0,,,,48.0,25.0,,,,6.0,0.0,,36.5,23.0,,Male,,0.64,0.64027,66.0,2.0,1.0,0.63333,98.0,3.0,0.0,0.2805,0.5581,0.27255,0.39741,9.0,0.75,3.0,1.0,0.0,1.0
9.0,Liam & Yeremi,TARUS35,8.33,8.33333,242.0,11.0,-2.0,8.0,204.0,10.0,-1.0,6.0,5.0,-0.5951,-0.2718,0.0,0.0,0.0,0.0,1.49071,0.75,0.0,0.0,0.0,0.0,1.0,0.1667,0.0,0.0,0.0,0.0,0.0,8.0,6.0,11.0,5.0,387.0,3.0,2.0,,,,23.0,24.0,,,,2.5,1.0,,23.5,1.0,,Male,,0.25,0.25042,225.0,11.0,-2.0,0.29293,196.0,10.0,-1.0,-0.4992,-0.3906,0.19535,0.34785,1.0,0.1667,5.0,0.5,0.0,0.5
10.0,Joe & Ian,TARUS35,7.4,7.4,227.0,9.0,1.0,7.0,186.0,9.0,1.0,5.0,4.0,-0.417,-0.1298,0.0,0.0,0.0,0.0,2.05913,2.0,0.0,0.0,0.0,0.0,0.0,0.0,0.0,0.0,0.0,0.0,0.0,7.0,4.0,10.0,6.0,388.0,2.0,2.0,,,,35.0,40.0,,,,2.0,0.0,,37.5,5.0,,Male,,0.38,0.37758,188.0,9.0,1.0,0.4,164.0,7.0,3.0,-0.2448,-0.0811,0.22579,0.12121,1.0,0.2,4.0,0.7,0.0,0.7
4.0,Marsio & Mardy,TARAS1,3.58,3.58333,105.0,2.0,2.0,4.0,107.0,4.0,0.0,12.0,11.0,0.138,0.2234,2.0,0.1667,5.0,0.4167,1.70579,3.0,2.0,0.1667,1.0,0.0833,1.0,0.0833,1.0,0.0,0.0,0.0,0.0,4.0,1.0,6.0,5.0,395.0,6.0,4.0,,,,34.0,36.0,,,,5.0,2.0,,35.0,2.0,,Male,,0.49,0.49203,144.0,4.0,0.0,0.4375,157.0,8.0,-4.0,-0.0159,0.029,0.34125,0.52044,6.0,0.5,6.0,1.0,0.0,1.0
6.0,Howard & Sahran,TARAS1,5.0,5.0,172.0,6.0,0.0,5.0,147.0,6.0,0.0,8.0,8.0,-0.204,-0.0846,1.0,0.125,3.0,0.375,2.54951,3.5,0.0,0.0,2.0,0.25,1.0,0.125,0.0,0.0,0.0,0.0,0.0,3.0,1.0,9.0,8.0,397.0,4.0,3.0,,,,39.0,31.0,,,,3.5,1.0,,35.0,8.0,,Male,,0.4,0.40337,177.0,9.0,-3.0,0.36905,179.0,10.0,-4.0,-0.1933,-0.1564,0.3588,0.56111,4.0,0.5,4.0,1.0,0.0,1.0
8.0,Sahil & Prashant,TARAS1,5.2,5.2,179.0,8.0,0.0,5.0,147.0,6.0,2.0,5.0,5.0,-0.2521,-0.128,1.0,0.2,1.0,0.2,2.63818,4.0,0.0,0.0,0.0,0.0,0.0,0.0,1.0,0.0,0.0,0.0,0.0,8.0,1.0,8.0,7.0,399.0,2.0,2.0,,,,26.0,26.0,,,,2.0,0.0,,26.0,0.0,,Male,,0.46,0.45516,157.0,7.0,1.0,0.42857,159.0,9.0,-1.0,-0.0897,-0.0481,0.34288,0.40278,2.0,0.4,3.0,1.0,0.0,1.0
1.0,Adrian & Collin,TARAS2,2.46,2.46154,30.0,2.0,-1.0,2.0,10.0,2.0,-1.0,13.0,12.0,0.4057,0.526,3.0,0.2308,11.0,0.8462,1.64623,0.0,7.0,0.5385,0.0,0.0,0.0,0.0,1.0,0.0,0.0,0.0,0.0,2.0,1.0,7.0,6.0,402.0,5.0,6.0,,,,27.0,35.0,,,,5.5,1.0,,31.0,8.0,,Male,,0.78,0.78367,15.0,2.0,-1.0,0.8,34.0,2.0,-1.0,0.5673,0.9266,0.18389,0.20833,12.0,0.9231,1.0,1.0,0.33333,0.66667
3.0,Marc & Rovilson,TARAS2,1.46,1.46154,1.0,1.0,2.0,1.0,1.0,1.0,2.0,13.0,12.0,0.6473,0.7187,8.0,0.6154,13.0,1.0,0.63432,1.0,4.0,0.3077,3.0,0.2308,0.0,0.0,0.0,0.0,0.0,0.0,1.0,1.0,1.0,3.0,2.0,404.0,6.0,6.0,,,,31.0,30.0,,,,6.0,0.0,,30.5,1.0,,Male,,0.86,0.86325,2.0,1.0,2.0,1.0,1.0,1.0,2.0,0.7265,1.1222,0.26632,0.16667,12.0,0.9231,1.0,1.0,0.0,1.0
1.0,Vince & Sam,TARAS3,2.45,2.45455,28.0,1.0,0.0,2.0,10.0,1.0,0.0,11.0,11.0,0.3684,0.5205,4.0,0.3636,9.0,0.8182,1.72488,2.0,3.0,0.2727,2.0,0.1818,0.0,0.0,1.0,0.0,0.0,0.0,0.0,1.0,1.0,7.0,6.0,412.0,4.0,5.0,,,,32.0,32.0,,,,4.5,1.0,,32.0,0.0,,Male,,0.74,0.73701,31.0,1.0,0.0,0.83333,27.0,1.0,0.0,0.474,0.8514,0.28023,0.45833,8.0,0.7273,3.0,1.0,0.25,0.75
7.0,Niroo & Kapil,TARAS3,6.75,6.75,216.0,8.0,-1.0,7.0,186.0,7.0,0.0,4.0,4.0,-0.7402,-0.3209,0.0,0.0,0.0,0.0,1.78536,1.25,0.0,0.0,2.0,0.5,0.0,0.0,0.0,0.0,0.0,0.0,0.0,7.0,4.0,9.0,5.0,418.0,1.0,2.0,,,,53.0,25.0,,,,1.5,1.0,,39.0,28.0,,Male,,0.22,0.21974,238.0,9.0,-2.0,0.12698,241.0,9.0,-2.0,-0.5605,-0.448,0.23991,0.18006,1.0,0.25,3.0,0.625,0.0,0.625
9.0,Isaac & William,TARAS3,7.5,7.5,228.0,9.0,0.0,7.5,198.0,9.0,0.0,2.0,2.0,-0.9336,-0.4677,0.0,0.0,0.0,0.0,1.5,1.5,0.0,0.0,0.0,0.0,0.0,0.0,0.0,0.0,0.0,0.0,0.0,,6.0,9.0,3.0,420.0,0.0,1.0,,,,29.0,26.0,,,,0.5,1.0,,27.5,3.0,,Male,,0.22,0.22222,237.0,8.0,1.0,0.22222,220.0,8.0,1.0,-0.5556,-0.4418,0.22222,0.22222,0.0,0.0,2.0,0.44444,0.0,0.44444
1.0,Richard & Richard,TARAS4,2.27,2.27273,20.0,1.0,0.0,2.0,10.0,1.0,0.0,11.0,11.0,0.4813,0.5601,3.0,0.2727,9.0,0.8182,1.42005,0.5,6.0,0.5455,1.0,0.0909,0.0,0.0,1.0,0.0,0.0,0.0,0.0,2.0,1.0,6.0,5.0,422.0,5.0,5.0,,,,34.0,31.0,,,,5.0,0.0,,32.5,3.0,,Male,,0.78,0.77514,16.0,1.0,0.0,0.85714,19.0,1.0,0.0,0.5503,0.7991,0.23992,0.21111,9.0,0.8182,2.0,1.0,0.25,0.75
5.0,Khairie & Ethan,TARAS4,3.56,3.55556,103.0,2.0,3.0,4.0,107.0,3.0,2.0,9.0,9.0,0.1866,0.3101,2.0,0.2222,4.0,0.4444,1.57135,2.0,0.0,0.0,0.0,0.0,0.0,0.0,0.0,0.0,0.0,0.0,0.0,5.0,1.0,5.0,4.0,426.0,5.0,4.0,,,,26.0,25.0,,,,4.5,1.0,,25.5,1.0,,Male,,0.57,0.57099,105.0,2.0,3.0,0.55556,125.0,3.0,2.0,0.142,0.3253,0.30148,0.35,6.0,0.6667,3.0,1.0,0.0,1.0
8.0,Sahil & Manas,TARAS4,7.0,7.0,220.0,8.0,0.0,8.0,204.0,9.0,-1.0,5.0,5.0,-0.5994,-0.3566,0.0,0.0,0.0,0.0,1.54919,1.0,0.0,0.0,2.0,0.4,0.0,0.0,0.0,0.0,0.0,0.0,0.0,8.0,4.0,8.0,4.0,429.0,2.0,3.0,,,,25.0,23.0,,,,2.5,1.0,,24.0,2.0,,Male,,0.25,0.25,226.0,8.0,0.0,0.125,242.0,9.0,-1.0,-0.5,-0.4197,0.23422,0.20833,1.0,0.2,4.0,0.66667,0.0,0.66667
5.0,JK & Mike,TARAS5,4.63,4.625,158.0,5.0,0.0,5.0,147.0,5.0,0.0,8.0,8.0,-0.0992,0.1582,2.0,0.25,3.0,0.375,2.54644,4.5,0.0,0.0,3.0,0.375,0.0,0.0,0.0,0.0,0.0,0.0,0.0,7.0,1.0,8.0,7.0,436.0,4.0,4.0,,,,29.0,29.0,,,,4.0,0.0,,29.0,0.0,,Male,,0.44,0.44301,162.0,7.0,-2.0,0.2381,216.0,9.0,-4.0,-0.114,0.087,0.39331,0.71161,3.0,0.375,5.0,1.0,0.0,1.0
7.0,Will & Alex,TARAS5,5.4,5.4,189.0,8.0,-1.0,6.0,171.0,8.0,-1.0,5.0,5.0,-0.282,0.0182,0.0,0.0,1.0,0.2,1.85472,2.0,1.0,0.2,0.0,0.0,0.0,0.0,0.0,0.0,0.0,0.0,0.0,7.0,2.0,7.0,5.0,438.0,2.0,2.0,,,,23.0,21.0,,,,2.0,0.0,,22.0,2.0,,Male,,0.4,0.39857,181.0,8.0,-1.0,0.28571,200.0,7.0,0.0,-0.2029,-0.0221,0.29817,0.35,2.0,0.4,3.0,0.85714,0.0,0.85714
9.0,Alphaeus & Brandon,TARAS5,5.0,5.0,172.0,7.0,2.0,5.0,147.0,5.0,4.0,2.0,2.0,-0.1871,0.0909,1.0,0.5,1.0,0.5,4.0,4.0,0.0,0.0,0.0,0.0,0.0,0.0,0.0,0.0,0.0,0.0,0.0,,1.0,9.0,8.0,440.0,1.0,0.0,,,,23.0,23.0,,,,0.5,1.0,,23.0,0.0,,Male,,0.5,0.5,139.0,4.0,5.0,0.5,130.0,4.0,5.0,0.0,0.2268,0.5,0.5,1.0,0.5,1.0,1.0,0.0,1.0
1.0,Tim & Tim,TARCAN1,3.9,3.9,129.0,7.0,-6.0,4.0,107.0,6.0,-5.0,10.0,10.0,-0.062,0.1372,1.0,0.1,5.0,0.5,2.02237,3.75,3.0,0.3,1.0,0.1,2.0,0.2,0.0,0.0,1.0,0.0,0.0,2.0,1.0,7.0,6.0,443.0,6.0,6.0,,,,48.0,23.0,,,,6.0,0.0,,35.5,25.0,,Male,,0.45,0.4544,158.0,6.0,-5.0,0.35417,182.0,7.0,-6.0,-0.099,0.0525,0.3204,0.43155,4.0,0.4,6.0,1.0,0.0,1.0
2.0,Jody & Cory,TARCAN1,3.2,3.2,82.0,3.0,-1.0,2.5,51.0,2.0,0.0,10.0,10.0,0.1286,0.292,3.0,0.3,6.0,0.6,2.08806,3.5,2.0,0.2,1.0,0.1,0.0,0.0,0.0,0.0,0.0,0.0,0.0,1.0,1.0,7.0,6.0,444.0,6.0,6.0,,,,36.0,32.0,,,,6.0,0.0,,34.0,4.0,,Male,,0.61,0.61143,79.0,2.0,0.0,0.60714,104.0,5.0,-3.0,0.2124,0.4162,0.30751,0.5875,6.0,0.6,4.0,1.0,0.16667,0.83333
4.0,Jet & Dave,TARCAN1,3.0,3.0,60.0,1.0,3.0,3.0,57.0,3.0,1.0,9.0,9.0,0.1831,0.3363,3.0,0.3333,6.0,0.6667,1.82574,3.0,0.0,0.0,2.0,0.2222,0.0,0.0,0.0,0.0,0.0,0.0,0.0,3.0,1.0,7.0,6.0,446.0,5.0,5.0,,,,32.0,28.0,,,,5.0,0.0,,30.0,4.0,,Male,,0.59,0.58532,101.0,4.0,0.0,0.625,100.0,4.0,0.0,0.1606,0.3558,0.35484,0.66667,6.0,0.6667,3.0,1.0,0.0,1.0
8.0,Jamie & Pierre,TARCAN1,8.0,8.0,234.0,8.0,0.0,8.0,204.0,8.0,0.0,2.0,2.0,-1.1784,-0.7699,0.0,0.0,0.0,0.0,0.0,0.0,0.0,0.0,1.0,0.5,0.0,0.0,0.0,0.0,0.0,0.0,0.0,8.0,8.0,8.0,0.0,450.0,2.0,1.0,,,,47.0,38.0,,,,1.5,1.0,,42.5,9.0,,Male,,0.06,0.0625,263.0,8.0,0.0,0.0625,262.0,8.0,0.0,-0.8761,-0.8552,0.0625,0.0625,0.0,0.0,2.0,0.125,0.0,0.125
1.0,Mickey & Pete,TARCAN2,3.67,3.66667,110.0,2.0,-1.0,3.0,57.0,2.0,-1.0,12.0,12.0,0.1499,0.3435,1.0,0.0833,8.0,0.6667,1.79505,2.5,2.0,0.1667,0.0,0.0,0.0,0.0,0.0,0.0,0.0,0.0,0.0,3.0,1.0,7.0,6.0,452.0,7.0,7.0,,,,24.0,24.0,,,,7.0,0.0,,24.0,0.0,,Male,,0.59,0.58604,100.0,2.0,-1.0,0.6,105.0,3.0,-2.0,0.1721,0.4449,0.19963,0.2125,9.0,0.75,3.0,1.0,0.28571,0.71429
3.0,Ryan & Rob,TARCAN2,4.67,4.66667,159.0,7.0,-4.0,4.5,137.0,6.0,-3.0,12.0,12.0,-0.0818,0.1646,0.0,0.0,4.0,0.3333,2.01384,3.0,2.0,0.1667,4.0,0.3333,2.0,0.1667,0.0,1.0,0.0,0.0,0.0,4.0,2.0,9.0,7.0,454.0,7.0,7.0,,,,36.0,24.0,,,,7.0,0.0,,30.0,12.0,,Male,,0.32,0.31855,203.0,8.0,-5.0,0.225,218.0,7.0,-4.0,-0.3629,-0.2146,0.29366,0.28125,3.0,0.25,9.0,0.85714,0.0,0.85714
6.0,Pierre & Michel,TARCAN2,4.38,4.375,149.0,5.0,1.0,5.0,147.0,7.0,-1.0,8.0,8.0,-0.0146,0.2165,1.0,0.125,3.0,0.375,2.11763,2.5,1.0,0.125,0.0,0.0,0.0,0.0,0.0,0.0,1.0,0.0,0.0,5.0,1.0,8.0,7.0,457.0,4.0,5.0,,,,42.0,42.0,,,,4.5,1.0,,42.0,0.0,,Male,,0.53,0.53284,126.0,4.0,2.0,0.49206,146.0,5.0,1.0,0.0657,0.3137,0.2952,0.36607,4.0,0.5,4.0,1.0,0.0,1.0
7.0,Rex & Bob,TARCAN2,6.0,6.0,200.0,8.0,-1.0,7.0,186.0,8.0,-1.0,6.0,6.0,-0.3898,-0.0733,0.0,0.0,2.0,0.3333,2.23607,3.0,0.0,0.0,2.0,0.3333,0.0,0.0,0.0,0.0,0.0,0.0,0.0,7.0,3.0,9.0,6.0,458.0,4.0,3.0,,,,51.0,47.0,,,,3.5,1.0,,49.0,4.0,,Male,,0.34,0.33638,201.0,7.0,0.0,0.19643,230.0,9.0,-2.0,-0.3272,-0.1706,0.30729,0.47917,2.0,0.3333,4.0,0.8,0.0,0.8
1.0,Gino & Jesse,TARCAN3,3.0,3.0,60.0,2.0,-1.0,2.0,10.0,1.0,0.0,12.0,12.0,0.3577,0.5008,5.0,0.4167,9.0,0.75,2.76887,2.5,3.0,0.25,3.0,0.25,0.0,0.0,1.0,0.0,2.0,0.0,0.0,1.0,1.0,10.0,9.0,463.0,6.0,7.0,,,,28.0,25.0,,,,6.5,1.0,,26.5,3.0,,Male,,0.7,0.6963,46.0,1.0,0.0,0.86111,17.0,1.0,0.0,0.3926,0.7094,0.34794,0.6875,8.0,0.6667,4.0,1.0,0.1,0.9
2.0,Nick & Matt,TARCAN3,2.92,2.91667,57.0,1.0,1.0,3.0,57.0,2.0,0.0,12.0,12.0,0.3748,0.5141,1.0,0.0833,10.0,0.8333,1.32025,1.0,4.0,0.3333,0.0,0.0,0.0,0.0,0.0,1.0,1.0,0.0,0.0,3.0,1.0,6.0,5.0,464.0,7.0,7.0,,,,35.0,33.0,,,,7.0,0.0,,34.0,2.0,,Male,,0.69,0.68706,51.0,2.0,0.0,0.73214,59.0,2.0,0.0,0.3741,0.6867,0.17816,0.26591,11.0,0.9167,1.0,1.0,0.33333,0.66667
3.0,Brent & Sean,TARCAN3,3.75,3.75,117.0,3.0,0.0,3.5,102.0,3.0,0.0,12.0,12.0,0.1971,0.376,2.0,0.1667,6.0,0.5,1.9632,2.25,1.0,0.0833,0.0,0.0,1.0,0.0833,0.0,1.0,1.0,0.0,0.0,3.0,1.0,8.0,7.0,465.0,7.0,7.0,,,,25.0,28.0,,,,7.0,0.0,,26.5,3.0,,Male,,0.54,0.5448,122.0,3.0,0.0,0.58571,115.0,4.0,-1.0,0.0896,0.3375,0.31866,0.37062,7.0,0.5833,5.0,1.0,0.0,1.0
9.0,Stéphane & Antoine,TARCAN4,4.67,4.66667,159.0,5.0,4.0,3.0,57.0,3.0,6.0,3.0,3.0,-0.1321,0.0771,0.0,0.0,2.0,0.6667,3.09121,3.5,1.0,0.3333,0.0,0.0,0.0,0.0,0.0,0.0,0.0,0.0,0.0,,2.0,9.0,7.0,483.0,2.0,2.0,,,,51.0,25.0,,,,2.0,0.0,,38.0,26.0,,Male,,0.55,0.55093,120.0,3.0,6.0,0.77778,42.0,3.0,6.0,0.1019,0.3055,0.39158,0.4375,2.0,0.6667,1.0,0.875,0.0,0.875
10.0,Anthony & Brandon,TARCAN4,10.0,10.0,267.0,10.0,0.0,10.0,242.0,10.0,0.0,1.0,1.0,-1.4242,-0.9763,0.0,0.0,0.0,0.0,0.0,0.0,0.0,0.0,0.0,0.0,0.0,0.0,0.0,0.0,0.0,0.0,0.0,,10.0,10.0,0.0,484.0,1.0,1.0,,,,21.0,21.0,,,,1.0,0.0,,21.0,0.0,,Male,,0.0,0.0,270.0,10.0,0.0,0.0,269.0,10.0,0.0,-1.0,-1.0,0.0,0.0,0.0,0.0,1.0,0.0,0.0,0.0
1.0,Sam & Paul,TARCAN5,2.0,2.0,6.0,1.0,0.0,1.0,1.0,1.0,0.0,11.0,11.0,0.5,0.6086,6.0,0.5455,9.0,0.8182,1.20605,2.0,1.0,0.0909,0.0,0.0,0.0,0.0,0.0,1.0,1.0,0.0,0.0,1.0,1.0,4.0,3.0,485.0,6.0,5.0,,,,25.0,24.0,,,,5.5,1.0,,24.5,1.0,,Male,,0.86,0.85952,3.0,1.0,0.0,1.0,1.0,1.0,0.0,0.719,1.0964,0.16274,0.29167,11.0,1.0,0.0,1.0,0.57143,0.42857
2.0,Kenneth & Ryan,TARCAN5,3.27,3.27273,87.0,3.0,-1.0,3.0,57.0,2.0,0.0,11.0,11.0,0.1825,0.3601,1.0,0.0909,6.0,0.5455,1.54278,2.5,4.0,0.3636,2.0,0.1818,0.0,0.0,0.0,1.0,1.0,0.0,0.0,2.0,1.0,6.0,5.0,486.0,6.0,5.0,,,,25.0,25.0,,,,5.5,1.0,,25.0,0.0,,Male,,0.56,0.55628,115.0,3.0,-1.0,0.5,130.0,4.0,-2.0,0.1126,0.3568,0.23235,0.33333,8.0,0.7273,3.0,1.0,0.2,0.8
7.0,Zed & Shabbir,TARCAN5,4.2,4.2,139.0,5.0,2.0,5.0,147.0,6.0,1.0,5.0,5.0,-0.05,0.1781,1.0,0.2,2.0,0.4,2.31517,4.0,1.0,0.2,0.0,0.0,0.0,0.0,0.0,0.0,0.0,0.0,0.0,,1.0,7.0,6.0,491.0,1.0,3.0,,,,27.0,57.0,,,,2.0,2.0,,42.0,30.0,,Male,,0.55,0.55278,117.0,4.0,3.0,0.55556,125.0,3.0,4.0,0.1056,0.3483,0.35097,0.45833,3.0,0.6,2.0,1.0,0.0,1.0
3.0,Dylan & Kwame,TARCAN6,3.73,3.72727,113.0,5.0,-2.0,4.0,107.0,5.0,-2.0,11.0,11.0,0.1096,0.2657,1.0,0.0909,4.0,0.3636,1.28565,2.0,1.0,0.0909,1.0,0.0909,0.0,0.0,0.0,0.0,0.0,0.0,0.0,5.0,1.0,5.0,4.0,497.0,7.0,6.0,,,,28.0,34.0,,,,6.5,1.0,,31.0,6.0,,Male,,0.5,0.49827,140.0,5.0,-2.0,0.5,130.0,6.0,-3.0,-0.0035,0.1749,0.25747,0.3,7.0,0.6364,4.0,1.0,0.0,1.0
9.0,Joseph & Akash,TARCAN6,8.67,8.66667,250.0,9.0,0.0,9.0,220.0,9.0,0.0,3.0,3.0,-1.0696,-0.7067,0.0,0.0,0.0,0.0,0.4714,0.5,0.0,0.0,2.0,0.6667,0.0,0.0,0.0,0.0,0.0,0.0,0.0,9.0,8.0,9.0,1.0,503.0,2.0,2.0,,,,23.0,22.0,,,,2.0,0.0,,22.5,1.0,,Male,,0.08,0.0787,262.0,9.0,0.0,0.11111,248.0,9.0,0.0,-0.8426,-0.8144,0.05594,0.0625,0.0,0.0,3.0,0.125,0.0,0.125
10.0,Chewy & Happy,TARCAN6,10.0,10.0,267.0,10.0,0.0,10.0,242.0,10.0,0.0,1.0,1.0,-1.3871,-0.9685,0.0,0.0,0.0,0.0,0.0,0.0,0.0,0.0,0.0,0.0,0.0,0.0,0.0,0.0,0.0,0.0,0.0,,10.0,10.0,0.0,504.0,1.0,1.0,,,,47.0,48.0,,,,1.0,0.0,,47.5,1.0,,Male,,0.0,0.0,270.0,10.0,0.0,0.0,269.0,10.0,0.0,-1.0,-1.0,0.0,0.0,0.0,0.0,1.0,0.0,0.0,0.0
1.0,Anthony & James,TARCAN7,3.27,3.27273,87.0,4.0,-3.0,3.0,57.0,4.0,-3.0,11.0,11.0,0.1796,0.3675,3.0,0.2727,7.0,0.6364,2.00413,4.0,2.0,0.1818,1.0,0.0909,1.0,0.0909,0.0,0.0,0.0,0.0,0.0,6.0,1.0,6.0,5.0,505.0,6.0,5.0,,,,33.0,37.0,,,,5.5,1.0,,35.0,4.0,,Male,,0.62,0.62125,76.0,3.0,-2.0,0.71429,63.0,3.0,-2.0,0.2366,0.5476,0.33237,0.50694,7.0,0.6364,4.0,1.0,0.0,1.0
8.0,Gilles & Sean,TARCAN7,6.67,6.66667,215.0,8.0,0.0,8.0,204.0,8.0,0.0,3.0,3.0,-0.6735,-0.2901,0.0,0.0,1.0,0.3333,2.62467,3.0,0.0,0.0,1.0,0.3333,0.0,0.0,0.0,0.0,0.0,0.0,0.0,,3.0,9.0,6.0,512.0,2.0,2.0,,,,65.0,20.0,,,,2.0,0.0,,42.5,45.0,,Male,,0.29,0.28704,219.0,7.0,1.0,0.11111,248.0,8.0,0.0,-0.4286,-0.285,0.33049,0.375,1.0,0.3333,2.0,0.75,0.0,0.75
10.0,Jet & Dave,TARCAN7,10.0,10.0,267.0,10.0,0.0,10.0,242.0,10.0,0.0,1.0,1.0,-1.509,-0.9342,0.0,0.0,0.0,0.0,0.0,0.0,0.0,0.0,0.0,0.0,0.0,0.0,0.0,0.0,0.0,0.0,0.0,,10.0,10.0,0.0,514.0,1.0,1.0,,,,40.0,35.0,,,,1.0,0.0,,37.5,5.0,,Male,,0.0,0.0,270.0,10.0,0.0,0.0,269.0,10.0,0.0,-1.0,-1.0,0.0,0.0,0.0,0.0,1.0,0.0,0.0,0.0
4.0,Brendan & Connor,TARCAN8,3.0,3.0,60.0,2.0,2.0,3.0,57.0,2.0,2.0,11.0,11.0,0.3123,0.3964,3.0,0.2727,6.0,0.5455,1.65145,2.5,2.0,0.1818,1.0,0.0909,1.0,0.0909,0.0,0.0,0.0,0.0,0.0,1.0,1.0,6.0,5.0,518.0,7.0,7.0,,,,29.0,26.0,,,,7.0,0.0,,27.5,3.0,,Male,,0.62,0.61937,77.0,4.0,0.0,0.66667,78.0,2.0,2.0,0.2387,0.44,0.37087,0.55179,8.0,0.7273,3.0,1.0,0.0,1.0
7.0,Cedric & Tychon,TARCAN8,5.86,5.85714,197.0,6.0,1.0,6.0,171.0,6.0,1.0,7.0,7.0,-0.3433,-0.1791,0.0,0.0,1.0,0.1429,1.80702,1.5,0.0,0.0,2.0,0.2857,0.0,0.0,0.0,0.0,0.0,0.0,0.0,6.0,3.0,9.0,6.0,521.0,3.0,6.0,,,,50.0,30.0,,,,4.5,3.0,,40.0,20.0,,Male,,0.35,0.3458,198.0,6.0,1.0,0.375,175.0,6.0,1.0,-0.3084,-0.1961,0.21288,0.28274,2.0,0.2857,5.0,0.75,0.11111,0.63889
9.0,Dennis & Durrell,TARCAN8,7.75,7.75,232.0,10.0,-1.0,7.5,198.0,10.0,-1.0,4.0,4.0,-0.7765,-0.5594,0.0,0.0,0.0,0.0,0.82916,1.25,0.0,0.0,1.0,0.25,0.0,0.0,0.0,0.0,0.0,0.0,0.0,7.0,7.0,9.0,2.0,523.0,1.0,2.0,,,,42.0,33.0,,,,1.5,1.0,,37.5,9.0,,Male,,0.18,0.17708,246.0,9.0,0.0,0.1875,233.0,8.0,1.0,-0.6458,-0.5883,0.1263,0.17708,0.0,0.0,4.0,0.33333,0.0,0.33333
7.0,Gracie & Lily,TARCAN9,3.2,3.2,82.0,3.0,4.0,2.0,10.0,2.0,5.0,5.0,5.0,0.2235,0.381,1.0,0.2,3.0,0.6,2.13542,2.0,2.0,0.4,0.0,0.0,0.0,0.0,0.0,0.0,0.0,0.0,0.0,2.0,1.0,7.0,6.0,531.0,2.0,2.0,,,,25.0,24.0,,,,2.0,0.0,,24.5,1.0,,Male,,0.67,0.67421,57.0,3.0,4.0,0.85714,19.0,2.0,5.0,0.3403,0.6409,0.35852,0.26389,4.0,0.8,1.0,1.0,0.0,1.0
8.0,Shayla & Joel,TARCAN9,6.75,6.75,216.0,8.0,0.0,7.0,186.0,8.0,0.0,4.0,4.0,-0.6379,-0.3056,0.0,0.0,0.0,0.0,1.08972,0.75,0.0,0.0,0.0,0.0,0.0,0.0,0.0,0.0,0.0,0.0,0.0,7.0,5.0,8.0,3.0,532.0,1.0,2.0,,,,29.0,21.0,,,,1.5,1.0,,25.0,8.0,,Male,,0.25,0.25298,224.0,8.0,0.0,0.29167,197.0,6.0,2.0,-0.4971,-0.3843,0.15914,0.16964,0.0,0.0,4.0,0.42857,0.0,0.42857
9.0,Allie & Eddie,TARCAN9,9.0,9.0,254.0,9.0,0.0,9.0,220.0,9.0,0.0,2.0,2.0,-1.1838,-0.7408,0.0,0.0,0.0,0.0,0.0,0.0,0.0,0.0,1.0,0.5,0.0,0.0,0.0,0.0,0.0,0.0,0.0,9.0,9.0,9.0,0.0,533.0,1.0,1.0,,,,48.0,52.0,,,,1.0,0.0,,50.0,4.0,,Male,,0.06,0.05556,264.0,9.0,0.0,0.05556,263.0,9.0,0.0,-0.8895,-0.8648,0.05556,0.05556,0.0,0.0,2.0,0.11111,0.0,0.11111
1.0,Tyler & Nathan,TARAU1,2.25,2.25,18.0,1.0,0.0,2.0,10.0,1.0,0.0,12.0,12.0,0.5013,0.5879,4.0,0.3333,11.0,0.9167,1.36168,2.0,4.0,0.3333,1.0,0.0833,0.0,0.0,0.0,0.0,1.0,0.0,0.0,1.0,1.0,6.0,5.0,535.0,6.0,6.0,,,,25.0,25.0,,,,6.0,0.0,,25.0,0.0,,Male,,0.77,0.77106,17.0,1.0,0.0,0.8,34.0,1.0,0.0,0.5421,0.7793,0.21826,0.375,11.0,0.9167,1.0,1.0,0.33333,0.66667
3.0,Jeff & Luke,TARAU1,3.17,3.16667,76.0,2.0,1.0,3.0,57.0,2.0,1.0,12.0,12.0,0.2974,0.4194,1.0,0.0833,8.0,0.6667,1.21335,1.25,2.0,0.1667,1.0,0.0833,0.0,0.0,0.0,0.0,0.0,0.0,0.0,3.0,1.0,6.0,5.0,537.0,6.0,6.0,,,,60.0,32.0,,,,6.0,0.0,,46.0,28.0,,Male,,0.6,0.60003,93.0,3.0,0.0,0.66667,78.0,2.0,1.0,0.2001,0.3846,0.23811,0.14246,9.0,0.75,3.0,1.0,0.0,1.0
4.0,Matt & Tom,TARAU1,3.27,3.27273,87.0,3.0,1.0,4.0,107.0,3.0,1.0,11.0,11.0,0.2752,0.4011,3.0,0.2727,5.0,0.4545,1.81363,3.5,2.0,0.1818,1.0,0.0909,1.0,0.0909,0.0,0.0,0.0,0.0,0.0,5.0,1.0,6.0,5.0,538.0,5.0,6.0,,,,26.0,26.0,,,,5.5,1.0,,26.0,0.0,,Male,,0.6,0.60115,87.0,2.0,2.0,0.6,105.0,3.0,1.0,0.2023,0.3872,0.37272,0.6,8.0,0.7273,3.0,1.0,0.0,1.0
8.0,Mo & Mos,TARAU1,8.6,8.6,249.0,10.0,-2.0,8.0,204.0,9.0,-1.0,5.0,5.0,-0.9061,-0.5751,0.0,0.0,0.0,0.0,1.35647,1.0,0.0,0.0,2.0,0.4,1.0,0.2,0.0,0.0,0.0,0.0,0.0,8.0,7.0,11.0,4.0,542.0,2.0,3.0,,,,26.0,25.0,,,,2.5,1.0,,25.5,1.0,,Male,,0.13,0.12722,255.0,11.0,-3.0,0.11111,248.0,11.0,-3.0,-0.7456,-0.7064,0.14632,0.125,0.0,0.0,5.0,0.4,0.0,0.4
1.0,Shane & Andrew,TARAU2,4.08,4.08333,134.0,4.0,-3.0,4.0,107.0,4.0,-3.0,12.0,12.0,0.1186,0.2139,2.0,0.1667,6.0,0.5,2.28977,4.0,2.0,0.1667,1.0,0.0833,0.0,0.0,0.0,0.0,1.0,0.0,0.0,6.0,1.0,8.0,7.0,546.0,5.0,5.0,,,,43.0,35.0,,,,5.0,0.0,,39.0,8.0,,Male,,0.58,0.58267,103.0,4.0,-3.0,0.47222,147.0,7.0,-6.0,0.1653,0.2527,0.25475,0.425,6.0,0.5,6.0,1.0,0.28571,0.71429
2.0,Paul & Steve,TARAU2,3.25,3.25,86.0,2.0,0.0,2.0,10.0,1.0,1.0,12.0,12.0,0.2979,0.3738,5.0,0.4167,7.0,0.5833,2.71186,4.0,2.0,0.1667,2.0,0.1667,0.0,0.0,1.0,2.0,0.0,0.0,1.0,1.0,1.0,10.0,9.0,547.0,6.0,3.0,,,,27.0,29.0,,,,4.5,3.0,,28.0,2.0,,Male,,0.67,0.6706,60.0,1.0,1.0,0.63333,98.0,4.0,-2.0,0.3412,0.4418,0.31355,0.53125,9.0,0.75,3.0,1.0,0.1,0.9
7.0,Sticky & Sam,TARAU2,3.63,3.625,109.0,3.0,4.0,3.5,102.0,3.0,4.0,8.0,8.0,0.2158,0.3006,2.0,0.25,4.0,0.5,2.11763,3.5,1.0,0.125,1.0,0.125,0.0,0.0,0.0,1.0,0.0,0.0,0.0,1.0,1.0,7.0,6.0,552.0,3.0,3.0,,,,24.0,24.0,,,,3.0,0.0,,24.0,0.0,,Male,,0.62,0.61592,78.0,3.0,4.0,0.65714,93.0,3.0,4.0,0.2318,0.3242,0.34555,0.43601,6.0,0.75,2.0,1.0,0.0,1.0
11.0,Adam & Dane,TARAU2,10.0,10.0,267.0,11.0,0.0,10.0,242.0,11.0,0.0,2.0,2.0,-1.1602,-0.9268,0.0,0.0,0.0,0.0,1.0,1.0,0.0,0.0,0.0,0.0,0.0,0.0,0.0,0.0,0.0,0.0,0.0,,9.0,11.0,2.0,556.0,0.0,0.0,,,,29.0,30.0,,,,0.0,0.0,,29.5,1.0,,Male,,0.1,0.1,260.0,11.0,0.0,0.1,256.0,11.0,0.0,-0.8,-0.785,0.1,0.1,0.0,0.0,2.0,0.2,0.0,0.2
1.0,Daniel & Ryan,TARAU3,2.8,2.8,51.0,2.0,-1.0,3.0,57.0,3.0,-2.0,10.0,10.0,0.3,0.4286,3.0,0.3,8.0,0.8,1.46969,1.5,0.0,0.0,2.0,0.2,0.0,0.0,1.0,0.0,0.0,0.0,0.0,3.0,1.0,6.0,5.0,557.0,4.0,5.0,,,,28.0,32.0,,,,4.5,1.0,,30.0,4.0,,Male,,0.67,0.6731,59.0,2.0,-1.0,0.69048,73.0,3.0,-2.0,0.3462,0.5494,0.27119,0.4125,8.0,0.8,2.0,1.0,0.16667,0.83333
6.0,John & Murray,TARAU3,2.17,2.16667,12.0,1.0,5.0,1.5,5.0,1.0,5.0,6.0,6.0,0.4575,0.5571,3.0,0.5,5.0,0.8333,1.77169,1.0,2.0,0.3333,0.0,0.0,0.0,0.0,0.0,0.0,1.0,0.0,0.0,1.0,1.0,6.0,5.0,562.0,2.0,3.0,,,,35.0,35.0,,,,2.5,1.0,,35.0,0.0,,Male,,0.78,0.78472,14.0,1.0,5.0,0.9375,5.0,1.0,5.0,0.5694,0.8063,0.35715,0.15625,5.0,0.8333,1.0,1.0,0.0,1.0
1.0,Tim & Rod,TARAU4,3.0,3.0,60.0,2.0,-1.0,3.0,57.0,2.0,-1.0,12.0,12.0,0.314,0.4792,2.0,0.1667,7.0,0.5833,1.35401,2.0,3.0,0.25,1.0,0.0833,0.0,0.0,0.0,1.0,0.0,0.0,0.0,4.0,1.0,5.0,4.0,567.0,4.0,4.0,,,,29.0,28.0,,,,4.0,0.0,,28.5,1.0,,Male,,0.69,0.68571,53.0,2.0,-1.0,0.725,60.0,2.0,-1.0,0.3714,0.7667,0.21892,0.30833,10.0,0.8333,2.0,1.0,0.25,0.75
4.0,Tom & Tyler,TARAU4,1.64,1.63636,2.0,1.0,3.0,1.0,1.0,1.0,3.0,11.0,11.0,0.625,0.7153,8.0,0.7273,9.0,0.8182,1.14992,0.5,1.0,0.0909,0.0,0.0,0.0,0.0,1.0,1.0,0.0,0.0,0.0,1.0,1.0,4.0,3.0,570.0,4.0,3.0,,,,23.0,23.0,,,,3.5,1.0,,23.0,0.0,,Male,,0.85,0.85065,5.0,1.0,3.0,1.0,1.0,1.0,3.0,0.7013,1.1916,0.30526,0.07143,10.0,0.9091,1.0,1.0,0.0,1.0
5.0,Femi & Nick,TARAU4,5.5,5.5,192.0,7.0,-2.0,5.0,147.0,6.0,-1.0,10.0,10.0,-0.2576,0.0451,0.0,0.0,1.0,0.1,1.85742,2.75,0.0,0.0,4.0,0.4,0.0,0.0,0.0,0.0,0.0,0.0,0.0,4.0,3.0,9.0,6.0,571.0,3.0,3.0,,,,23.0,23.0,,,,3.0,0.0,,23.0,0.0,,Male,,0.3,0.30171,210.0,7.0,-2.0,0.25,208.0,8.0,-3.0,-0.3966,-0.2227,0.21464,0.26458,2.0,0.2,8.0,0.71429,0.0,0.71429
1.0,Brendon & Jackson,TARAU5,3.87,3.86957,126.0,4.0,-3.0,3.0,57.0,2.0,-1.0,23.0,23.0,0.2349,0.3718,5.0,0.2174,12.0,0.5217,2.72356,3.5,4.0,0.1739,2.0,0.087,2.0,0.087,0.0,0.0,1.0,0.0,0.0,1.0,1.0,12.0,11.0,578.0,10.0,9.0,,,,25.0,23.0,,,,9.5,1.0,,24.0,2.0,,Male,,0.6,0.60256,84.0,4.0,-3.0,0.66667,78.0,4.0,-3.0,0.2051,0.3643,0.32705,0.50812,15.0,0.6522,8.0,1.0,0.0,1.0
3.0,Jaskirat & Anurag,TARAU5,3.48,3.47826,100.0,3.0,0.0,3.0,57.0,2.0,1.0,23.0,23.0,0.312,0.4351,4.0,0.1739,14.0,0.6087,2.04024,2.5,4.0,0.1739,4.0,0.1739,1.0,0.0435,0.0,0.0,1.0,0.0,0.0,3.0,1.0,8.0,7.0,580.0,9.0,10.0,,,,29.0,29.0,,,,9.5,1.0,,29.0,0.0,,Male,,0.56,0.55982,112.0,5.0,-2.0,0.5,130.0,6.0,-3.0,0.1196,0.2675,0.31887,0.46898,14.0,0.6087,9.0,1.0,0.0,1.0
8.0,Stan & Wayne,TARAU5,6.5,6.5,212.0,8.0,0.0,7.0,186.0,9.0,-1.0,6.0,6.0,-0.2851,-0.0552,0.0,0.0,1.0,0.1667,1.70783,1.5,0.0,0.0,0.0,0.0,2.0,0.3333,0.0,0.0,0.0,0.0,0.0,7.0,3.0,8.0,5.0,585.0,0.0,4.0,,,,36.0,26.0,,,,2.0,4.0,,31.0,10.0,,Male,,0.23,0.23479,234.0,14.0,-6.0,0.125,242.0,15.0,-7.0,-0.5304,-0.4684,0.27064,0.39583,1.0,0.1667,5.0,0.71429,0.0,0.71429
16.0,Alex & Jack,TARAU5,7.5,7.5,228.0,12.0,4.0,7.5,198.0,12.0,4.0,2.0,2.0,-0.4828,-0.2175,0.0,0.0,1.0,0.5,5.5,5.5,1.0,0.5,0.0,0.0,0.0,0.0,0.0,0.0,0.0,0.0,0.0,,2.0,13.0,11.0,593.0,0.0,0.0,,,,28.0,28.0,,,,0.0,0.0,,28.0,0.0,,Male,,0.46,0.46154,155.0,8.0,8.0,0.46154,151.0,8.0,8.0,-0.0769,0.045,0.46154,0.46154,1.0,0.5,1.0,0.92308,0.0,0.92308
5.0,Pako & Mori,TARAU6,2.89,2.88889,55.0,1.0,4.0,2.0,10.0,1.0,4.0,18.0,18.0,0.4589,0.6167,4.0,0.2222,12.0,0.6667,2.10526,2.0,7.0,0.3889,1.0,0.0556,0.0,0.0,0.0,0.0,1.0,0.0,0.0,2.0,1.0,10.0,9.0,598.0,7.0,5.0,,,,,,,,,6.0,2.0,,,,,Male,,0.74,0.73983,29.0,1.0,4.0,0.85714,19.0,2.0,3.0,0.4797,0.8825,0.29483,0.38121,16.0,0.8889,2.0,1.0,0.0,1.0
11.0,Stuart & Glennon,TARAU6,8.38,8.375,247.0,11.0,0.0,7.5,198.0,11.0,0.0,8.0,8.0,-0.5689,-0.1114,0.0,0.0,1.0,0.125,3.49777,4.75,0.0,0.0,2.0,0.25,0.0,0.0,0.0,0.0,0.0,0.0,0.0,6.0,3.0,14.0,11.0,604.0,2.0,2.0,,,,,,,,,2.0,0.0,,,,,Male,,0.28,0.28422,220.0,15.0,-4.0,0.19444,231.0,16.0,-5.0,-0.4316,-0.2768,0.22301,0.37794,2.0,0.25,6.0,0.6,0.0,0.6
16.0,Sam & Stu,TARAU6,11.6,11.6,288.0,18.0,-2.0,12.0,265.0,17.0,-1.0,5.0,5.0,-1.1717,-0.5385,0.0,0.0,0.0,0.0,2.87054,4.0,0.0,0.0,0.0,0.0,0.0,0.0,0.0,0.0,0.0,0.0,0.0,,7.0,15.0,8.0,609.0,1.0,2.0,,,,,,,,,1.5,1.0,,,,,Male,,0.24,0.23535,233.0,17.0,-1.0,0.33333,183.0,11.0,5.0,-0.5293,-0.4011,0.14426,0.21961,0.0,0.0,5.0,0.35714,0.0,0.35714
17.0,Sam & Alex,TARAU6,11.67,11.66667,289.0,19.0,-2.0,13.0,267.0,20.0,-3.0,3.0,3.0,-1.1849,-0.5477,0.0,0.0,0.0,0.0,4.18994,5.0,0.0,0.0,0.0,0.0,0.0,0.0,0.0,0.0,0.0,0.0,0.0,,6.0,16.0,10.0,610.0,1.0,1.0,,,,,,,,,1.0,0.0,,,,,Male,,0.25,0.24619,229.0,16.0,1.0,0.29412,195.0,14.0,3.0,-0.5076,-0.3736,0.18458,0.22222,0.0,0.0,3.0,0.44444,0.0,0.44444
1.0,Darren & Tristan,TARAU7,2.42,2.41667,24.0,1.0,0.0,1.5,5.0,1.0,0.0,12.0,12.0,0.4383,0.5739,6.0,0.5,8.0,0.6667,1.60511,3.0,1.0,0.0833,1.0,0.0833,0.0,0.0,1.0,0.0,0.0,0.0,0.0,1.0,1.0,5.0,4.0,614.0,3.0,3.0,,,,41.0,26.0,,,,3.0,0.0,,,,,Male,,0.74,0.74173,28.0,1.0,0.0,0.83333,27.0,1.0,0.0,0.4305,0.8245,0.27344,0.5,10.0,0.8333,2.0,1.0,0.25,0.75
4.0,Harry & Teddy,TARAU7,4.09,4.09091,135.0,5.0,-1.0,4.0,107.0,5.0,-1.0,11.0,11.0,0.0507,0.2799,0.0,0.0,5.0,0.4545,1.72966,3.0,3.0,0.2727,2.0,0.1818,1.0,0.0909,0.0,0.0,0.0,0.0,0.0,2.0,2.0,7.0,5.0,617.0,4.0,3.0,,,,26.0,29.0,,,,3.5,1.0,,,,,Male,,0.43,0.43153,172.0,7.0,-3.0,0.28571,200.0,7.0,-3.0,-0.1678,0.0615,0.32304,0.56667,5.0,0.4545,6.0,0.9,0.0,0.9
11.0,Dane & Bow,TARAU7,11.0,11.0,276.0,11.0,0.0,11.0,252.0,11.0,0.0,1.0,1.0,-1.553,-0.9366,0.0,0.0,0.0,0.0,0.0,0.0,0.0,0.0,0.0,0.0,0.0,0.0,0.0,0.0,0.0,0.0,0.0,,11.0,11.0,0.0,624.0,0.0,0.0,,,,40.0,69.0,,,,0.0,0.0,,,,,Male,,0.0,0.0,270.0,11.0,0.0,0.0,269.0,11.0,0.0,-1.0,-1.0,0.0,0.0,0.0,0.0,1.0,0.0,0.0,0.0
2.0,Rick & Josh,TARCR1,2.17,2.16667,12.0,1.0,1.0,2.0,10.0,2.0,0.0,12.0,12.0,0.4712,0.5835,5.0,0.4167,11.0,0.9167,1.21335,2.0,2.0,0.1667,2.0,0.1667,0.0,0.0,0.0,0.0,0.0,0.0,0.0,1.0,1.0,5.0,4.0,626.0,6.0,6.0,,,,25.0,29.0,,,,6.0,0.0,,27.0,4.0,,Male,,0.73,0.73128,33.0,2.0,0.0,0.76389,49.0,3.0,-1.0,0.4626,0.7871,0.2756,0.5,10.0,0.8333,2.0,1.0,0.2,0.8
3.0,Deepak & Naresh,TARCR1,4.42,4.41667,152.0,5.0,-2.0,4.0,107.0,5.0,-2.0,12.0,12.0,-0.077,0.1516,0.0,0.0,4.0,0.3333,1.75396,2.0,1.0,0.0833,4.0,0.3333,1.0,0.0833,0.0,1.0,0.0,0.0,0.0,5.0,2.0,9.0,7.0,627.0,6.0,6.0,,,,29.0,30.0,,,,6.0,0.0,,29.5,1.0,,Male,,0.35,0.34762,197.0,5.0,-2.0,0.375,175.0,5.0,-2.0,-0.3048,-0.1505,0.23357,0.40675,6.0,0.5,6.0,0.66667,0.0,0.66667
9.0,Miguel & Hector,TARCR1,8.67,8.66667,250.0,9.0,0.0,9.0,220.0,9.0,0.0,3.0,3.0,-1.1126,-0.6641,0.0,0.0,0.0,0.0,0.4714,0.5,0.0,0.0,1.0,0.3333,0.0,0.0,0.0,0.0,0.0,0.0,0.0,9.0,8.0,9.0,1.0,633.0,1.0,2.0,,,,27.0,31.0,,,,1.5,1.0,,29.0,4.0,,Male,,0.11,0.11111,257.0,9.0,0.0,0.11111,248.0,9.0,0.0,-0.7778,-0.7285,0.09072,0.11111,0.0,0.0,3.0,0.22222,0.0,0.22222
10.0,Paul & Francis,TARCR1,10.0,10.0,267.0,10.0,0.0,10.0,242.0,10.0,0.0,2.0,2.0,-1.4367,-0.9194,0.0,0.0,0.0,0.0,0.0,0.0,0.0,0.0,0.0,0.0,1.0,0.5,0.0,0.0,0.0,0.0,0.0,10.0,10.0,10.0,0.0,634.0,1.0,1.0,,,,27.0,31.0,,,,1.0,0.0,,29.0,4.0,,Male,,0.0,0.0,270.0,10.0,0.0,0.0,269.0,10.0,0.0,-1.0,-1.0,0.0,0.0,0.0,0.0,2.0,0.0,0.0,0.0
7.0,Rhett & Howie,TARCR2,5.67,5.66667,194.0,9.0,-2.0,5.5,169.0,9.0,-2.0,6.0,6.0,-0.3274,-0.0559,0.0,0.0,0.0,0.0,1.10554,1.75,0.0,0.0,0.0,0.0,1.0,0.1667,0.0,0.0,0.0,0.0,0.0,5.0,4.0,7.0,3.0,641.0,2.0,3.0,,,,52.0,49.0,,,,2.5,1.0,,50.5,3.0,,Male,,0.35,0.34967,196.0,9.0,-2.0,0.43651,158.0,6.0,1.0,-0.3007,-0.1728,0.25762,0.45397,2.0,0.3333,4.0,0.625,0.0,0.625
9.0,Xiao Long & Lv Meng,TARCR2,4.67,4.66667,159.0,6.0,3.0,3.0,57.0,3.0,6.0,3.0,3.0,-0.0933,0.1304,0.0,0.0,2.0,0.6667,3.09121,3.5,1.0,0.3333,0.0,0.0,0.0,0.0,0.0,0.0,0.0,0.0,0.0,,2.0,9.0,7.0,643.0,1.0,1.0,,,,36.0,36.0,,,,1.0,0.0,,36.0,0.0,,Male,,0.56,0.55926,113.0,3.0,6.0,0.77778,42.0,2.0,7.0,0.1185,0.323,0.39859,0.45,2.0,0.6667,1.0,0.9,0.0,0.9
11.0,Paul & Nash,TARCR2,11.0,11.0,276.0,11.0,0.0,11.0,252.0,11.0,0.0,1.0,1.0,-1.5751,-1.0484,0.0,0.0,0.0,0.0,0.0,0.0,0.0,0.0,0.0,0.0,0.0,0.0,0.0,0.0,0.0,0.0,0.0,,11.0,11.0,0.0,645.0,0.0,0.0,,,,28.0,37.0,,,,0.0,0.0,,32.5,9.0,,Male,,0.0,0.0,270.0,11.0,0.0,0.0,269.0,11.0,0.0,-1.0,-1.0,0.0,0.0,0.0,0.0,1.0,0.0,0.0,0.0
1.0,Liu Weiwei & Lei Sheng,TARCR3,2.5,2.5,34.0,1.0,0.0,2.0,10.0,1.0,0.0,12.0,12.0,0.4309,0.5487,6.0,0.5,8.0,0.6667,1.60728,3.0,0.0,0.0,1.0,0.0833,0.0,0.0,0.0,0.0,0.0,0.0,0.0,1.0,1.0,5.0,4.0,646.0,6.0,6.0,,,,30.0,40.0,,,,6.0,0.0,,35.0,10.0,,Male,,0.75,0.74563,24.0,1.0,0.0,0.85714,19.0,1.0,0.0,0.4913,0.8072,0.26924,0.51786,9.0,0.75,3.0,1.0,0.33333,0.66667
3.0,Ryan & Charlie,TARCR3,2.92,2.91667,57.0,2.0,1.0,3.0,57.0,3.0,0.0,12.0,12.0,0.3353,0.4729,3.0,0.25,8.0,0.6667,1.38193,2.25,1.0,0.0833,1.0,0.0833,0.0,0.0,0.0,0.0,1.0,0.0,0.0,3.0,1.0,5.0,4.0,648.0,6.0,6.0,,,,26.0,24.0,,,,6.0,0.0,,25.0,2.0,,Male,,0.63,0.63439,71.0,3.0,0.0,0.6,105.0,3.0,0.0,0.2688,0.5376,0.29706,0.39286,10.0,0.8333,2.0,1.0,0.0,1.0
8.0,Xiao Bing & Xiao Bang,TARCR3,4.67,4.66667,159.0,6.0,2.0,4.0,107.0,5.0,3.0,6.0,6.0,-0.0631,0.157,0.0,0.0,2.0,0.3333,2.13437,3.0,1.0,0.1667,1.0,0.1667,0.0,0.0,0.0,0.0,0.0,0.0,0.0,4.0,2.0,8.0,6.0,653.0,1.0,4.0,,,,30.0,22.0,,,,2.5,3.0,,26.0,8.0,,Male,,0.5,0.5047,135.0,4.0,4.0,0.59821,114.0,4.0,5.0,0.0094,0.2233,0.32644,0.50625,4.0,0.6667,2.0,0.88889,0.0,0.88889
10.0,Nick & Brandon,TARCR3,9.0,9.0,254.0,10.0,0.0,9.0,220.0,10.0,0.0,2.0,2.0,-1.0488,-0.6245,0.0,0.0,0.0,0.0,1.0,1.0,0.0,0.0,0.0,0.0,0.0,0.0,0.0,0.0,0.0,0.0,0.0,,8.0,10.0,2.0,655.0,1.0,1.0,,,,30.0,27.0,,,,1.0,0.0,,28.5,3.0,,Male,,0.15,0.15,249.0,10.0,0.0,0.15,235.0,9.0,1.0,-0.7,-0.6364,0.15,0.15,0.0,0.0,2.0,0.3,0.0,0.3
11.0,Rob & Jia Jia,TARCR3,11.0,11.0,276.0,11.0,0.0,11.0,252.0,11.0,0.0,1.0,1.0,-1.5041,-0.9856,0.0,0.0,0.0,0.0,0.0,0.0,0.0,0.0,0.0,0.0,0.0,0.0,0.0,0.0,0.0,0.0,0.0,,11.0,11.0,0.0,656.0,0.0,0.0,,,,30.0,42.0,,,,0.0,0.0,,36.0,12.0,,Male,,0.0,0.0,270.0,11.0,0.0,0.0,269.0,11.0,0.0,-1.0,-1.0,0.0,0.0,0.0,0.0,1.0,0.0,0.0,0.0
2.0,Jonatas & Rafael,TARBR1,2.92,2.92308,59.0,2.0,0.0,2.0,10.0,1.0,1.0,13.0,13.0,0.3238,0.4813,2.0,0.1538,10.0,0.7692,1.97918,1.0,5.0,0.3846,3.0,0.2308,1.0,0.0769,1.0,0.0,0.0,0.0,0.0,2.0,1.0,9.0,8.0,658.0,5.0,6.0,,,,,,,,,5.5,1.0,,,,,Male,,0.6,0.60055,90.0,3.0,-1.0,0.5,130.0,3.0,-1.0,0.2011,0.5032,0.30701,0.52381,9.0,0.6923,4.0,1.0,0.0,1.0
9.0,Carlos & Eduardo,TARBR1,6.5,6.5,212.0,9.0,0.0,8.0,204.0,9.0,0.0,4.0,4.0,-0.5053,-0.1545,1.0,0.25,1.0,0.25,3.27872,3.5,0.0,0.0,1.0,0.25,0.0,0.0,1.0,0.0,0.0,0.0,0.0,9.0,1.0,9.0,8.0,665.0,2.0,1.0,,,,,,,,,1.5,1.0,,,,,Male,,0.38,0.37778,187.0,7.0,2.0,0.25556,207.0,7.0,2.0,-0.2444,-0.0544,0.38778,0.46667,1.0,0.25,3.0,1.0,0.0,1.0
10.0,Marcelo & Narciso,TARBR1,10.0,10.0,267.0,10.0,0.0,10.0,242.0,10.0,0.0,2.0,2.0,-1.3158,-0.7762,0.0,0.0,0.0,0.0,0.0,0.0,0.0,0.0,1.0,0.5,0.0,0.0,0.0,0.0,0.0,0.0,0.0,10.0,10.0,10.0,0.0,666.0,1.0,1.0,,,,,,,,,1.0,0.0,,,,,Male,,0.05,0.05,267.0,10.0,0.0,0.05,266.0,10.0,0.0,-0.9,-0.8748,0.05,0.05,0.0,0.0,2.0,0.1,0.0,0.1
11.0,Sandro & Daniel,TARBR1,11.0,11.0,276.0,11.0,0.0,11.0,252.0,11.0,0.0,1.0,1.0,-1.5474,-0.9538,0.0,0.0,0.0,0.0,0.0,0.0,0.0,0.0,0.0,0.0,0.0,0.0,0.0,0.0,0.0,0.0,0.0,,11.0,11.0,0.0,667.0,0.0,0.0,,,,,,,,,0.0,0.0,,,,,Male,,0.0,0.0,270.0,11.0,0.0,0.0,269.0,11.0,0.0,-1.0,-1.0,0.0,0.0,0.0,0.0,1.0,0.0,0.0,0.0
1.0,Shay & Guy,TARIL1,2.7,2.7,45.0,2.0,-1.0,2.0,10.0,1.0,0.0,10.0,10.0,0.3675,0.4818,3.0,0.3,7.0,0.7,1.9,2.25,4.0,0.4,0.0,0.0,0.0,0.0,1.0,0.0,1.0,0.0,0.0,2.0,1.0,7.0,6.0,668.0,5.0,5.0,,,,32.0,30.0,,,,5.0,0.0,,31.0,2.0,,Male,,0.74,0.74425,27.0,1.0,0.0,0.8125,33.0,1.0,0.0,0.4885,0.7864,0.23842,0.43056,8.0,0.8,2.0,1.0,0.33333,0.66667
9.0,Asher & Maor,TARIL1,8.67,8.66667,250.0,10.0,-1.0,9.0,220.0,10.0,-1.0,3.0,3.0,-1.0311,-0.6641,0.0,0.0,0.0,0.0,1.24722,1.5,0.0,0.0,0.0,0.0,1.0,0.3333,0.0,0.0,0.0,0.0,0.0,,7.0,10.0,3.0,676.0,3.0,0.0,,,,24.0,24.0,,,,1.5,3.0,,24.0,0.0,,Male,,0.11,0.11111,257.0,10.0,-1.0,0.0,269.0,10.0,-1.0,-0.7778,-0.7333,0.15713,0.16667,0.0,0.0,3.0,0.33333,0.0,0.33333
2.0,Alon & Oren,TARIL2,2.0,2.0,6.0,1.0,1.0,2.0,10.0,1.0,1.0,13.0,13.0,0.4937,0.6485,3.0,0.2308,13.0,1.0,0.67937,0.0,7.0,0.5385,1.0,0.0769,0.0,0.0,0.0,1.0,0.0,1.0,0.0,2.0,1.0,3.0,2.0,679.0,6.0,4.0,,,,38.0,47.0,,,,5.0,2.0,,42.5,9.0,,Male,,0.76,0.75952,19.0,1.0,1.0,0.8,34.0,1.0,1.0,0.519,1.025,0.20043,0.19048,12.0,0.9231,1.0,1.0,0.33333,0.66667
6.0,Pundak & Moti,TARIL2,3.29,3.28571,91.0,3.0,3.0,3.0,57.0,3.0,3.0,7.0,7.0,0.1671,0.4218,1.0,0.1429,4.0,0.5714,1.66599,2.5,2.0,0.2857,1.0,0.1429,0.0,0.0,0.0,0.0,0.0,0.0,0.0,2.0,1.0,6.0,5.0,683.0,3.0,4.0,,,,30.0,28.0,,,,3.5,1.0,,29.0,2.0,,Male,,0.59,0.59167,96.0,3.0,3.0,0.66667,78.0,3.0,3.0,0.1833,0.5775,0.35042,0.5375,5.0,0.7143,2.0,1.0,0.0,1.0
4.0,David & Eliran,TARIL3,3.17,3.16667,76.0,2.0,2.0,3.0,57.0,2.0,2.0,12.0,12.0,0.2939,0.4194,1.0,0.0833,8.0,0.6667,1.57233,2.0,4.0,0.3333,0.0,0.0,0.0,0.0,0.0,0.0,0.0,1.0,0.0,2.0,1.0,7.0,6.0,692.0,4.0,3.0,,,,28.0,28.0,,,,3.5,1.0,,28.0,0.0,,Male,,0.65,0.64689,65.0,2.0,2.0,0.725,60.0,2.0,2.0,0.2938,0.5136,0.26208,0.29167,10.0,0.8333,2.0,1.0,0.0,1.0
6.0,Eliran & Itzik,TARIL3,5.3,5.3,187.0,8.0,-2.0,6.0,171.0,8.0,-2.0,10.0,10.0,-0.1806,0.0293,1.0,0.1,2.0,0.2,2.14709,1.0,1.0,0.1,3.0,0.3,1.0,0.1,1.0,0.0,0.0,0.0,0.0,6.0,1.0,8.0,7.0,694.0,3.0,3.0,,,,26.0,28.0,,,,3.0,0.0,,27.0,2.0,,Male,,0.36,0.36444,193.0,8.0,-2.0,0.21111,225.0,8.0,-2.0,-0.2711,-0.1473,0.3327,0.33333,4.0,0.4,6.0,1.0,0.0,1.0
2.0,Tom & Uriel,TARIL4,2.85,2.84615,53.0,2.0,0.0,3.0,57.0,3.0,-1.0,13.0,13.0,0.3922,0.4865,4.0,0.3077,10.0,0.7692,1.83329,2.0,2.0,0.1538,0.0,0.0,0.0,0.0,0.0,0.0,0.0,0.0,0.0,3.0,1.0,7.0,6.0,701.0,4.0,3.0,,,,26.0,20.0,,,,3.5,1.0,,23.0,6.0,,Male,,0.73,0.73107,34.0,2.0,0.0,0.75,51.0,3.0,-1.0,0.4621,0.8456,0.24708,0.5,11.0,0.8462,2.0,1.0,0.28571,0.71429
6.0,Daniel & Meiri,TARIL4,2.5,2.5,34.0,1.0,5.0,2.0,10.0,1.0,5.0,10.0,10.0,0.4668,0.5495,4.0,0.4,8.0,0.8,1.68819,2.0,2.0,0.2,0.0,0.0,0.0,0.0,0.0,0.0,0.0,0.0,0.0,1.0,1.0,6.0,5.0,705.0,3.0,4.0,,,,25.0,24.0,,,,3.5,1.0,,24.5,1.0,,Male,,0.76,0.7556,20.0,1.0,5.0,0.85417,25.0,2.0,4.0,0.5112,0.9076,0.31814,0.26429,8.0,0.8,2.0,1.0,0.0,1.0
8.0,Shay & Adi,TARIL4,6.75,6.75,216.0,9.0,-1.0,7.5,198.0,12.0,-4.0,8.0,8.0,-0.4396,-0.2162,0.0,0.0,1.0,0.125,2.48747,2.75,1.0,0.125,1.0,0.125,1.0,0.125,0.0,0.0,0.0,0.0,0.0,8.0,2.0,10.0,8.0,707.0,3.0,2.0,,,,27.0,27.0,,,,2.5,1.0,,27.0,0.0,,Male,,0.29,0.28905,217.0,11.0,-3.0,0.19091,232.0,10.0,-2.0,-0.4219,-0.2703,0.29062,0.21875,2.0,0.25,6.0,0.88889,0.0,0.88889
11.0,Tiltil & Mizrahi,TARIL4,9.33,9.33333,264.0,14.0,-3.0,11.0,252.0,14.0,-3.0,3.0,3.0,-0.9899,-0.6811,0.0,0.0,0.0,0.0,2.35702,2.5,0.0,0.0,2.0,0.6667,0.0,0.0,0.0,0.0,0.0,1.0,0.0,11.0,6.0,11.0,5.0,710.0,1.0,1.0,,,,38.0,37.0,,,,1.0,0.0,,37.5,1.0,,Male,,0.09,0.08586,261.0,12.0,-1.0,0.09091,260.0,12.0,-1.0,-0.8283,-0.7832,0.06814,0.08333,0.0,0.0,3.0,0.16667,0.0,0.16667
1.0,Amit & Raz,TARIL5,3.0,3.0,60.0,1.0,0.0,2.0,10.0,1.0,0.0,13.0,13.0,0.3527,0.4585,5.0,0.3846,9.0,0.6923,2.38586,3.0,3.0,0.2308,0.0,0.0,0.0,0.0,0.0,0.0,0.0,0.0,0.0,1.0,1.0,8.0,7.0,714.0,1.0,3.0,,,,63.0,32.0,,,,2.0,2.0,,47.5,31.0,,Male,,0.75,0.75105,22.0,1.0,0.0,0.8,34.0,1.0,0.0,0.5021,0.9295,0.24196,0.4,11.0,0.8462,2.0,1.0,0.33333,0.66667
3.0,Josie & Alex,TARIL5,3.54,3.53846,101.0,3.0,0.0,3.0,57.0,2.0,1.0,13.0,13.0,0.2362,0.361,2.0,0.1538,8.0,0.6154,1.69231,2.0,1.0,0.0769,3.0,0.2308,1.0,0.0769,0.0,2.0,0.0,2.0,0.0,3.0,1.0,6.0,5.0,716.0,3.0,1.0,,,,28.0,26.0,,,,2.0,2.0,,27.0,2.0,,Male,,0.53,0.52724,130.0,5.0,-2.0,0.6,105.0,5.0,-2.0,0.0545,0.3545,0.33336,0.52778,8.0,0.6154,5.0,1.0,0.0,1.0
4.0,Tzion & Aviv,TARIL5,3.83,3.83333,123.0,4.0,0.0,4.0,107.0,4.0,0.0,12.0,12.0,0.1736,0.3087,1.0,0.0833,5.0,0.4167,2.07498,2.25,3.0,0.25,1.0,0.0833,0.0,0.0,0.0,0.0,0.0,3.0,0.0,4.0,1.0,9.0,8.0,717.0,2.0,2.0,,,,25.0,25.0,,,,2.0,0.0,,25.0,0.0,,Male,,0.55,0.55241,118.0,4.0,0.0,0.68333,75.0,3.0,1.0,0.1048,0.4192,0.33369,0.55768,8.0,0.6667,4.0,1.0,0.0,1.0
6.0,Ben & Ori,TARIL5,6.2,6.2,207.0,9.0,-3.0,6.0,171.0,9.0,-3.0,10.0,10.0,-0.3378,-0.1191,0.0,0.0,2.0,0.2,2.35797,2.5,1.0,0.1,3.0,0.3,0.0,0.0,0.0,0.0,0.0,0.0,0.0,6.0,2.0,10.0,8.0,719.0,2.0,1.0,,,,25.0,22.0,,,,1.5,1.0,,23.5,3.0,,Male,,0.31,0.31084,206.0,10.0,-4.0,0.225,218.0,10.0,-4.0,-0.3783,-0.2014,0.24884,0.1858,2.0,0.2,8.0,0.85714,0.0,0.85714
14.0,Avi & Avi,TARIL5,7.0,7.0,220.0,11.0,3.0,7.0,186.0,10.0,4.0,1.0,1.0,-0.5104,-0.2635,0.0,0.0,0.0,0.0,0.0,0.0,0.0,0.0,0.0,0.0,0.0,0.0,0.0,0.0,0.0,0.0,0.0,,7.0,7.0,0.0,727.0,0.0,0.0,,,,29.0,29.0,,,,0.0,0.0,,29.0,0.0,,Male,,0.0,0.0,270.0,13.0,1.0,0.0,269.0,13.0,1.0,-1.0,-1.0,0.0,0.0,0.0,0.0,1.0,0.0,0.0,0.0
2.0,Daniel & Eliyahu,TARIL6,3.17,3.16667,76.0,1.0,1.0,2.0,10.0,1.0,1.0,12.0,12.0,0.3116,0.4663,4.0,0.3333,8.0,0.6667,2.91071,3.0,4.0,0.3333,2.0,0.1667,0.0,0.0,0.0,0.0,0.0,5.0,0.0,1.0,1.0,11.0,10.0,729.0,4.0,2.0,,,,23.0,26.0,,,,3.0,2.0,,24.5,3.0,,Male,,0.68,0.68406,55.0,1.0,1.0,0.775,47.0,1.0,1.0,0.3681,0.6552,0.3091,0.5,10.0,0.8333,2.0,1.0,0.09091,0.90909
8.0,Yossi & Udi,TARIL6,7.2,7.2,225.0,9.0,-1.0,8.0,204.0,10.0,-2.0,5.0,5.0,-0.5636,-0.2121,0.0,0.0,0.0,0.0,2.03961,2.0,0.0,0.0,1.0,0.2,0.0,0.0,0.0,0.0,0.0,0.0,0.0,8.0,4.0,10.0,6.0,735.0,2.0,1.0,,,,40.0,40.0,,,,1.5,1.0,,40.0,0.0,,Male,,0.3,0.30106,211.0,9.0,-1.0,0.36364,180.0,9.0,-1.0,-0.3979,-0.2715,0.23414,0.275,1.0,0.2,4.0,0.66667,0.0,0.66667
10.0,Yonatan & Nimrod,TARIL6,6.0,6.0,200.0,8.0,2.0,5.0,147.0,6.0,4.0,3.0,3.0,-0.303,-0.0101,0.0,0.0,1.0,0.3333,2.94392,3.5,0.0,0.0,0.0,0.0,0.0,0.0,0.0,0.0,0.0,0.0,0.0,,3.0,10.0,7.0,737.0,1.0,0.0,,,,23.0,23.0,,,,0.5,1.0,,23.0,0.0,,Male,,0.48,0.47879,148.0,6.0,4.0,0.63636,96.0,3.0,7.0,-0.0424,0.1585,0.34508,0.4,2.0,0.6667,1.0,0.8,0.0,0.8
3.0,Haviv & Itzhak,TARIL7,2.42,2.41667,24.0,1.0,2.0,2.5,51.0,1.0,2.0,12.0,12.0,0.515,0.5946,4.0,0.3333,10.0,0.8333,1.25554,2.0,2.0,0.1667,1.0,0.0833,0.0,0.0,0.0,0.0,0.0,1.0,0.0,1.0,1.0,5.0,4.0,742.0,3.0,3.0,,,,30.0,30.0,,,,3.0,0.0,,30.0,0.0,,Male,,0.7,0.70108,44.0,1.0,2.0,0.79221,40.0,2.0,1.0,0.4022,0.6173,0.31154,0.51786,9.0,0.75,3.0,1.0,0.0,1.0
4.0,Eyal & Sid,TARIL7,3.36,3.36364,94.0,2.0,2.0,3.0,57.0,2.0,2.0,11.0,11.0,0.3266,0.4372,2.0,0.1818,6.0,0.5455,2.01236,2.0,3.0,0.2727,3.0,0.2727,0.0,0.0,0.0,0.0,0.0,3.0,0.0,4.0,1.0,7.0,6.0,743.0,3.0,3.0,,,,24.0,23.0,,,,3.0,0.0,,23.5,1.0,,Male,,0.6,0.59537,94.0,4.0,0.0,0.77778,42.0,3.0,1.0,0.1907,0.3734,0.36157,0.65774,7.0,0.6364,4.0,1.0,0.0,1.0
9.0,Ran & Ben,TARIL7,7.8,7.8,233.0,10.0,-1.0,9.0,220.0,10.0,-1.0,5.0,5.0,-0.5633,-0.3065,0.0,0.0,0.0,0.0,1.93907,1.0,0.0,0.0,0.0,0.0,0.0,0.0,0.0,0.0,0.0,1.0,0.0,9.0,4.0,9.0,5.0,748.0,1.0,1.0,,,,25.0,24.0,,,,1.0,0.0,,24.5,1.0,,Male,,0.29,0.29354,216.0,9.0,0.0,0.27273,205.0,9.0,0.0,-0.4129,-0.3229,0.22686,0.05051,1.0,0.2,4.0,0.7,0.0,0.7
2.0,Nata & Assaf,TARIL8,2.58,2.58333,37.0,2.0,0.0,2.5,51.0,2.0,0.0,12.0,12.0,0.4476,0.5777,4.0,0.3333,10.0,0.8333,1.55233,2.0,2.0,0.1667,0.0,0.0,0.0,0.0,0.0,0.0,0.0,5.0,0.0,3.0,1.0,6.0,5.0,753.0,0.0,1.0,,,,23.0,23.0,,,,0.5,1.0,,23.0,0.0,,Male,,0.72,0.72347,37.0,2.0,0.0,0.78889,41.0,2.0,0.0,0.4469,0.8246,0.25341,0.5,10.0,0.8333,2.0,1.0,0.28571,0.71429
4.0,Ben & Ori,TARIL8,5.27,5.27273,185.0,7.0,-3.0,5.0,147.0,5.0,-1.0,11.0,11.0,-0.1284,0.1375,0.0,0.0,1.0,0.0909,2.09288,1.0,0.0,0.0,1.0,0.0909,1.0,0.0909,0.0,0.0,0.0,0.0,0.0,5.0,3.0,10.0,7.0,755.0,1.0,0.0,,,,27.0,24.0,,,,0.5,1.0,,25.5,3.0,,Male,,0.34,0.33911,199.0,7.0,-3.0,0.4,164.0,5.0,-1.0,-0.3218,-0.1447,0.22015,0.30909,4.0,0.3636,7.0,0.71429,0.0,0.71429
2.0,Daniel & David,TARLA1,3.23,3.23077,85.0,2.0,0.0,3.0,57.0,3.0,-1.0,13.0,12.0,0.273,0.4273,2.0,0.1538,10.0,0.7692,2.32557,1.0,4.0,0.3077,2.0,0.1538,0.0,0.0,0.0,0.0,0.0,0.0,1.0,2.0,1.0,10.0,9.0,765.0,6.0,6.0,,,,55.0,23.0,,,,6.0,0.0,,39.0,32.0,,Male,,0.62,0.62247,75.0,3.0,-1.0,0.66667,78.0,3.0,-1.0,0.2356,0.5181,0.26671,0.27778,11.0,0.8462,2.0,1.0,0.1,0.9
4.0,Carlos & Daniel,TARLA1,3.73,3.72727,113.0,4.0,0.0,4.0,107.0,4.0,0.0,11.0,11.0,0.1605,0.3387,1.0,0.0909,4.0,0.3636,1.71044,3.0,3.0,0.2727,1.0,0.0909,0.0,0.0,0.0,0.0,0.0,0.0,0.0,5.0,1.0,7.0,6.0,767.0,5.0,5.0,,,,27.0,29.0,,,,5.0,0.0,,28.0,2.0,,Male,,0.55,0.55119,119.0,4.0,0.0,0.6,105.0,4.0,0.0,0.0941,0.3442,0.29331,0.41667,7.0,0.6364,4.0,1.0,0.0,1.0
7.0,Miguel & Diego,TARLA1,6.29,6.28571,210.0,7.0,0.0,7.0,186.0,7.0,0.0,7.0,7.0,-0.4157,-0.1152,0.0,0.0,0.0,0.0,1.16058,2.0,0.0,0.0,2.0,0.2857,0.0,0.0,0.0,0.0,0.0,0.0,0.0,7.0,5.0,8.0,3.0,770.0,4.0,2.0,,,,26.0,28.0,,,,3.0,2.0,,27.0,2.0,,Male,,0.31,0.30811,207.0,8.0,-1.0,0.33333,183.0,7.0,0.0,-0.3884,-0.2486,0.21088,0.34385,2.0,0.2857,5.0,0.6,0.0,0.6
10.0,Gabriel & Guillermo,TARLA1,8.67,8.66667,250.0,10.0,0.0,9.0,220.0,10.0,0.0,3.0,3.0,-0.9513,-0.5372,0.0,0.0,0.0,0.0,1.24722,1.5,0.0,0.0,0.0,0.0,0.0,0.0,0.0,0.0,0.0,0.0,0.0,,7.0,10.0,3.0,773.0,1.0,1.0,,,,33.0,33.0,,,,1.0,0.0,,33.0,0.0,,Male,,0.2,0.2,241.0,10.0,0.0,0.2,226.0,10.0,0.0,-0.603,-0.5122,0.1633,0.2,0.0,0.0,3.0,0.4,0.0,0.4
1.0,Carlos & Mauricio,TARLA2,2.23,2.23077,16.0,2.0,-1.0,2.0,10.0,1.0,0.0,13.0,12.0,0.5092,0.5953,4.0,0.3077,11.0,0.8462,1.04909,2.0,4.0,0.3077,2.0,0.1538,0.0,0.0,0.0,0.0,0.0,0.0,0.0,1.0,1.0,4.0,3.0,775.0,5.0,7.0,,,,,,,,,6.0,2.0,,,,,Male,,0.79,0.78776,12.0,2.0,-1.0,0.8,34.0,3.0,-2.0,0.5755,0.8392,0.17903,0.33333,13.0,1.0,0.0,1.0,0.5,0.5
4.0,Vinícius & Guilherme,TARLA2,4.91,4.90909,171.0,5.0,-1.0,5.0,147.0,6.0,-2.0,11.0,11.0,-0.0807,0.1089,0.0,0.0,2.0,0.1818,1.50481,2.0,1.0,0.0909,1.0,0.0909,0.0,0.0,0.0,1.0,0.0,0.0,0.0,5.0,2.0,7.0,5.0,778.0,6.0,4.0,,,,,,,,,5.0,2.0,,,,,Male,,0.39,0.3943,182.0,6.0,-2.0,0.4,164.0,6.0,-2.0,-0.2114,-0.0794,0.22882,0.24722,3.0,0.2727,8.0,0.83333,0.0,0.83333
7.0,Edison & Edison,TARLA2,3.0,3.0,60.0,3.0,4.0,2.5,51.0,3.0,4.0,8.0,8.0,0.3397,0.4555,3.0,0.375,5.0,0.625,2.06155,3.25,1.0,0.125,2.0,0.25,0.0,0.0,1.0,0.0,0.0,0.0,0.0,1.0,1.0,7.0,6.0,781.0,4.0,1.0,,,,,,,,,2.5,3.0,,,,,Male,,0.73,0.73254,32.0,3.0,4.0,0.84444,26.0,2.0,5.0,0.4651,0.7103,0.32089,0.40714,7.0,0.875,1.0,1.0,0.0,1.0
9.0,Omar & Roger,TARLA2,4.75,4.75,167.0,4.0,5.0,4.0,107.0,4.0,5.0,4.0,4.0,-0.0455,0.1379,0.0,0.0,1.0,0.25,2.58602,1.75,1.0,0.25,0.0,0.0,0.0,0.0,0.0,0.0,0.0,0.0,0.0,4.0,2.0,9.0,7.0,783.0,1.0,2.0,,,,,,,,,1.5,1.0,,,,,Male,,0.57,0.56667,107.0,4.0,5.0,0.68333,75.0,4.0,5.0,0.1333,0.323,0.33912,0.25,3.0,0.75,1.0,0.9,0.0,0.9
1.0,Nicolás & Cristóbal,TARLA3,2.15,2.15385,10.0,1.0,0.0,2.0,10.0,1.0,0.0,13.0,12.0,0.5222,0.6267,5.0,0.3846,12.0,0.9231,1.02628,2.0,2.0,0.1538,0.0,0.0,0.0,0.0,1.0,0.0,0.0,0.0,0.0,3.0,1.0,4.0,3.0,786.0,6.0,6.0,,,,26.0,26.0,,,,6.0,0.0,,26.0,0.0,,Male,,0.82,0.82485,7.0,1.0,0.0,0.77778,42.0,2.0,-1.0,0.6497,1.0747,0.16111,0.28571,13.0,1.0,0.0,1.0,0.5,0.5
2.0,Felipe & Alejandro,TARLA3,2.23,2.23077,16.0,2.0,0.0,2.0,10.0,1.0,1.0,13.0,12.0,0.5044,0.6128,5.0,0.3846,10.0,0.7692,1.30995,2.0,4.0,0.3077,1.0,0.0769,1.0,0.0769,0.0,0.0,0.0,0.0,0.0,1.0,1.0,5.0,4.0,787.0,7.0,6.0,,,,33.0,34.0,,,,6.5,1.0,,33.5,1.0,,Male,,0.68,0.67692,56.0,2.0,0.0,0.75,51.0,3.0,-1.0,0.3538,0.7026,0.33324,0.6,9.0,0.6923,4.0,1.0,0.0,1.0
3.0,Maxi & Demi,TARLA3,4.23,4.23077,141.0,4.0,-1.0,3.0,57.0,4.0,-1.0,13.0,12.0,0.06,0.2656,1.0,0.0769,7.0,0.5385,2.45432,4.0,3.0,0.2308,1.0,0.0769,0.0,0.0,0.0,0.0,0.0,0.0,0.0,2.0,1.0,9.0,8.0,788.0,7.0,6.0,,,,26.0,25.0,,,,6.5,1.0,,25.5,1.0,,Male,,0.49,0.49338,142.0,4.0,-1.0,0.42857,159.0,6.0,-3.0,-0.0132,0.241,0.27649,0.41667,6.0,0.4615,7.0,1.0,0.0,1.0
1.0,Daniel & César,TARLA4,4.46,4.46154,153.0,6.0,-5.0,5.0,147.0,6.0,-5.0,13.0,12.0,-0.0142,0.2064,2.0,0.1538,5.0,0.3846,2.43738,4.0,2.0,0.1538,2.0,0.1538,2.0,0.1538,0.0,1.0,1.0,0.0,0.0,5.0,1.0,9.0,8.0,797.0,6.0,7.0,,,,25.0,25.0,,,,6.5,1.0,,25.0,0.0,,Male,,0.45,0.45403,159.0,5.0,-4.0,0.4,164.0,5.0,-4.0,-0.0919,0.1104,0.33132,0.55,6.0,0.4615,7.0,1.0,0.0,1.0
2.0,Fer & Ferds,TARLA4,2.77,2.76923,48.0,2.0,0.0,3.0,57.0,2.0,0.0,13.0,12.0,0.3701,0.5071,1.0,0.0769,11.0,0.8462,0.97301,1.0,4.0,0.3077,0.0,0.0,0.0,0.0,0.0,0.0,0.0,0.0,0.0,3.0,1.0,5.0,4.0,798.0,6.0,7.0,,,,32.0,32.0,,,,6.5,1.0,,32.0,0.0,,Male,,0.69,0.687,52.0,2.0,0.0,0.7,67.0,2.0,0.0,0.374,0.6802,0.14949,0.3,13.0,1.0,0.0,1.0,0.5,0.5
3.0,Edu & Rick,TARLA4,2.85,2.84615,53.0,3.0,0.0,3.0,57.0,2.0,1.0,13.0,12.0,0.3519,0.4929,3.0,0.2308,9.0,0.6923,1.5113,2.0,3.0,0.2308,1.0,0.0769,0.0,0.0,0.0,0.0,0.0,0.0,0.0,2.0,1.0,6.0,5.0,799.0,7.0,6.0,,,,25.0,29.0,,,,6.5,1.0,,27.0,4.0,,Male,,0.63,0.62811,73.0,3.0,0.0,0.66667,78.0,3.0,0.0,0.2562,0.5362,0.30232,0.475,9.0,0.6923,4.0,1.0,0.0,1.0
7.0,Fuzetti & Nando,TARLA4,6.14,6.14286,205.0,7.0,0.0,7.0,186.0,7.0,0.0,7.0,7.0,-0.3962,-0.0925,0.0,0.0,1.0,0.1429,1.88442,1.0,1.0,0.1429,1.0,0.1429,1.0,0.1429,0.0,0.0,0.0,0.0,0.0,7.0,2.0,8.0,6.0,803.0,4.0,3.0,,,,54.0,30.0,,,,3.5,1.0,,42.0,24.0,,Male,,0.3,0.29898,213.0,8.0,-1.0,0.25,208.0,8.0,-1.0,-0.402,-0.2688,0.29452,0.32857,2.0,0.2857,5.0,0.9,0.0,0.9
10.0,Billy & Gean,TARLA4,10.5,10.5,275.0,11.0,-1.0,10.5,251.0,11.0,-1.0,2.0,2.0,-1.3876,-0.8683,0.0,0.0,0.0,0.0,0.5,0.5,0.0,0.0,0.0,0.0,1.0,0.5,0.0,1.0,0.0,0.0,0.0,,10.0,11.0,1.0,806.0,2.0,0.0,,,,49.0,48.0,,,,1.0,2.0,,48.5,1.0,,Male,,0.05,0.05,267.0,11.0,-1.0,0.05,266.0,11.0,-1.0,-0.9,-0.8777,0.05,0.05,0.0,0.0,2.0,0.1,0.0,0.1
1.0,Ezequiel & Tobías,TARLA5,3.54,3.53846,101.0,4.0,-3.0,3.0,57.0,1.0,0.0,13.0,12.0,0.1838,0.361,4.0,0.3077,8.0,0.6154,2.70656,4.0,2.0,0.1538,2.0,0.1538,1.0,0.0769,0.0,1.0,1.0,0.0,0.0,1.0,1.0,9.0,8.0,808.0,9.0,8.0,,,,35.0,34.0,,,,8.5,1.0,,34.5,1.0,,Male,,0.63,0.63226,72.0,1.0,0.0,0.66667,78.0,3.0,-2.0,0.2645,0.5385,0.34641,0.6,9.0,0.6923,4.0,1.0,0.0,1.0
4.0,Manfred & Pierre,TARLA5,3.45,3.45455,98.0,2.0,2.0,3.0,57.0,1.0,3.0,11.0,11.0,0.2046,0.3773,2.0,0.1818,8.0,0.7273,2.5357,1.5,3.0,0.2727,1.0,0.0909,0.0,0.0,0.0,0.0,0.0,0.0,0.0,3.0,1.0,9.0,8.0,811.0,8.0,7.0,,,,25.0,27.0,,,,7.5,1.0,,26.0,2.0,,Male,,0.6,0.60051,91.0,2.0,2.0,0.75,51.0,1.0,3.0,0.201,0.4612,0.33047,0.52222,7.0,0.6364,4.0,1.0,0.0,1.0
8.0,Juanjo & Beto,TARLA5,6.0,6.0,200.0,8.0,0.0,8.0,204.0,9.0,-1.0,5.0,5.0,-0.3834,-0.083,0.0,0.0,1.0,0.2,2.52982,4.0,1.0,0.2,2.0,0.4,0.0,0.0,0.0,0.0,0.0,0.0,0.0,8.0,2.0,8.0,6.0,815.0,4.0,3.0,,,,38.0,36.0,,,,3.5,1.0,,37.0,2.0,,Male,,0.39,0.39278,184.0,8.0,0.0,0.125,242.0,10.0,-2.0,-0.2144,-0.0442,0.33335,0.575,2.0,0.4,3.0,0.88889,0.125,0.76389
10.0,Filippo & Eddy,TARLA5,9.0,9.0,254.0,10.0,0.0,9.0,220.0,10.0,0.0,2.0,2.0,-1.0751,-0.6245,0.0,0.0,0.0,0.0,1.0,1.0,0.0,0.0,0.0,0.0,0.0,0.0,0.0,0.0,0.0,0.0,0.0,,8.0,10.0,2.0,817.0,2.0,1.0,,,,42.0,47.0,,,,1.5,1.0,,44.5,5.0,,Male,,0.15,0.15,249.0,10.0,0.0,0.15,235.0,9.0,1.0,-0.7,-0.635,0.15,0.15,0.0,0.0,2.0,0.3,0.0,0.3
1.0,Giovanni & Juan Carlos,TARLA6,3.08,3.07692,68.0,3.0,-2.0,3.0,57.0,3.0,-2.0,13.0,13.0,0.265,0.4307,3.0,0.2308,10.0,0.7692,1.6853,1.0,1.0,0.0769,0.0,0.0,0.0,0.0,0.0,0.0,0.0,0.0,0.0,3.0,1.0,7.0,6.0,819.0,8.0,8.0,,,,44.0,45.0,,,,8.0,0.0,,44.5,1.0,,Male,,0.65,0.6511,64.0,3.0,-2.0,0.6,105.0,3.0,-2.0,0.3022,0.5694,0.24098,0.3,10.0,0.7692,3.0,1.0,0.33333,0.66667
2.0,Javier & Nicolas,TARLA6,2.69,2.69231,43.0,1.0,1.0,2.0,10.0,1.0,1.0,13.0,13.0,0.3581,0.5028,4.0,0.3077,10.0,0.7692,1.93687,2.0,4.0,0.3077,0.0,0.0,0.0,0.0,0.0,0.0,0.0,0.0,0.0,2.0,1.0,8.0,7.0,820.0,8.0,8.0,,,,30.0,30.0,,,,8.0,0.0,,30.0,0.0,,Male,,0.71,0.70647,42.0,1.0,1.0,0.66667,78.0,2.0,0.0,0.4129,0.7029,0.25323,0.5,11.0,0.8462,2.0,1.0,0.22222,0.77778
10.0,Carlos & Orlando,TARLA6,8.5,8.5,248.0,10.0,0.0,8.5,219.0,9.0,1.0,2.0,2.0,-1.0284,-0.5712,0.0,0.0,0.0,0.0,1.5,1.5,0.0,0.0,0.0,0.0,0.0,0.0,0.0,0.0,0.0,0.0,0.0,,7.0,10.0,3.0,828.0,1.0,1.0,,,,28.0,21.0,,,,1.0,0.0,,24.5,7.0,,Male,,0.2,0.2,241.0,10.0,0.0,0.2,226.0,9.0,1.0,-0.6,-0.5179,0.2,0.2,0.0,0.0,2.0,0.4,0.0,0.4
1.0,Morten & Truls,TARNO1,2.15,2.15385,10.0,1.0,0.0,2.0,10.0,1.0,0.0,13.0,13.0,0.4931,0.6161,6.0,0.4615,10.0,0.7692,1.5113,1.0,4.0,0.3077,2.0,0.1538,0.0,0.0,0.0,0.0,0.0,0.0,0.0,1.0,1.0,6.0,5.0,830.0,6.0,7.0,,,,34.0,30.0,,,,6.5,1.0,,32.0,4.0,,Male,,0.79,0.7935,11.0,1.0,0.0,0.875,13.0,1.0,0.0,0.587,1.0138,0.27452,0.3,11.0,0.8462,2.0,1.0,0.16667,0.83333
2.0,Karim & Khabat,TARNO1,2.46,2.46154,30.0,2.0,0.0,2.0,10.0,1.0,1.0,13.0,13.0,0.42,0.5607,6.0,0.4615,11.0,0.8462,2.13453,2.0,2.0,0.1538,1.0,0.0769,0.0,0.0,0.0,0.0,0.0,0.0,0.0,1.0,1.0,9.0,8.0,831.0,7.0,6.0,,,,26.0,27.0,,,,6.5,1.0,,26.5,1.0,,Male,,0.75,0.74563,24.0,2.0,0.0,0.85714,19.0,2.0,0.0,0.4913,0.8923,0.28011,0.5,12.0,0.9231,1.0,1.0,0.11111,0.88889
4.0,Frank & Ivar,TARNO1,3.92,3.91667,130.0,4.0,0.0,3.5,102.0,4.0,0.0,12.0,12.0,0.0758,0.3,0.0,0.0,6.0,0.5,1.75396,1.0,2.0,0.1667,2.0,0.1667,0.0,0.0,0.0,0.0,0.0,0.0,0.0,4.0,2.0,8.0,6.0,833.0,6.0,6.0,,,,26.0,26.0,,,,6.0,0.0,,26.0,0.0,,Male,,0.49,0.49226,143.0,3.0,1.0,0.55,128.0,3.0,1.0,-0.0155,0.2493,0.25967,0.43571,7.0,0.5833,5.0,0.83333,0.0,0.83333
10.0,Pål Christian & Ivar,TARNO1,7.5,7.5,228.0,9.0,1.0,7.5,198.0,9.0,1.0,2.0,2.0,-0.7683,-0.3393,0.0,0.0,0.0,0.0,2.5,2.5,0.0,0.0,0.0,0.0,0.0,0.0,0.0,0.0,0.0,0.0,0.0,,5.0,10.0,5.0,839.0,2.0,0.0,,,,32.0,39.0,,,,1.0,2.0,,35.5,7.0,,Male,,0.3,0.3,212.0,9.0,1.0,0.3,192.0,8.0,2.0,-0.4,-0.2386,0.3,0.3,1.0,0.5,1.0,0.6,0.0,0.6
11.0,Kenneth & Hakan,TARNO1,11.0,11.0,276.0,11.0,0.0,11.0,252.0,11.0,0.0,1.0,1.0,-1.5935,-0.9643,0.0,0.0,0.0,0.0,0.0,0.0,0.0,0.0,0.0,0.0,0.0,0.0,0.0,0.0,0.0,0.0,0.0,,11.0,11.0,0.0,840.0,0.0,0.0,,,,32.0,32.0,,,,0.0,0.0,,32.0,0.0,,Male,,0.0,0.0,270.0,11.0,0.0,0.0,269.0,11.0,0.0,-1.0,-1.0,0.0,0.0,0.0,0.0,1.0,0.0,0.0,0.0
1.0,Omar & Bilal,TARNO2,2.0,2.0,6.0,1.0,0.0,1.5,5.0,1.0,0.0,12.0,12.0,0.4949,0.6226,6.0,0.5,11.0,0.9167,1.63299,1.0,4.0,0.3333,0.0,0.0,0.0,0.0,0.0,1.0,1.0,0.0,0.0,1.0,1.0,7.0,6.0,841.0,6.0,6.0,,,,28.0,26.0,,,,6.0,0.0,,27.0,2.0,,Male,,0.84,0.84458,6.0,1.0,0.0,0.92857,6.0,1.0,0.0,0.6892,1.2376,0.21288,0.22917,11.0,0.9167,1.0,1.0,0.25,0.75
7.0,Vinh & Terje,TARNO2,5.0,5.0,172.0,5.0,2.0,5.0,147.0,5.0,2.0,6.0,6.0,-0.2626,0.0566,0.0,0.0,1.0,0.1667,1.73205,2.25,1.0,0.1667,0.0,0.0,1.0,0.1667,0.0,0.0,0.0,0.0,0.0,5.0,2.0,7.0,5.0,847.0,4.0,2.0,,,,28.0,29.0,,,,3.0,2.0,,28.5,1.0,,Male,,0.38,0.3793,186.0,5.0,2.0,0.38095,174.0,5.0,2.0,-0.2414,0.0049,0.31946,0.49256,2.0,0.3333,4.0,0.88889,0.0,0.88889
9.0,Milorad & Dario,TARNO2,9.0,9.0,254.0,9.0,0.0,9.0,220.0,9.0,0.0,2.0,2.0,-1.2727,-0.6981,0.0,0.0,0.0,0.0,0.0,0.0,0.0,0.0,1.0,0.5,0.0,0.0,0.0,0.0,0.0,0.0,0.0,9.0,9.0,9.0,0.0,849.0,1.0,1.0,,,,59.0,22.0,,,,1.0,0.0,,40.5,37.0,,Male,,0.06,0.05556,264.0,9.0,0.0,0.05556,263.0,9.0,0.0,-0.8889,-0.8528,0.05556,0.05556,0.0,0.0,2.0,0.11111,0.0,0.11111
10.0,Allan & Ørjan,TARNO2,10.0,10.0,267.0,10.0,0.0,10.0,242.0,10.0,0.0,1.0,1.0,-1.5253,-0.8868,0.0,0.0,0.0,0.0,0.0,0.0,0.0,0.0,0.0,0.0,0.0,0.0,0.0,0.0,0.0,0.0,0.0,,10.0,10.0,0.0,850.0,0.0,0.0,,,,42.0,26.0,,,,0.0,0.0,,34.0,16.0,,Male,,0.0,0.0,270.0,10.0,0.0,0.0,269.0,10.0,0.0,-1.0,-1.0,0.0,0.0,0.0,0.0,1.0,0.0,0.0,0.0
1.0,Baggio & Thành Phúc,TARVN1,2.77,2.76923,48.0,1.0,0.0,3.0,57.0,1.0,0.0,13.0,12.0,0.3568,0.4229,5.0,0.3846,10.0,0.7692,1.80401,2.0,1.0,0.0769,2.0,0.1538,0.0,0.0,1.0,0.0,0.0,0.0,0.0,1.0,1.0,6.0,5.0,851.0,6.0,8.0,,,,22.0,22.0,,,,7.0,2.0,,22.0,0.0,,Male,,0.69,0.69359,47.0,1.0,0.0,0.75,51.0,2.0,-1.0,0.3872,0.4753,0.29824,0.55556,9.0,0.6923,4.0,1.0,0.16667,0.83333
3.0,Thành Chung & Thanh Bằng,TARVN1,3.85,3.84615,124.0,3.0,0.0,3.0,57.0,1.0,2.0,13.0,12.0,0.1061,0.1979,1.0,0.0769,7.0,0.5385,2.21346,3.0,4.0,0.3077,2.0,0.1538,1.0,0.0769,0.0,0.0,1.0,0.0,0.0,2.0,1.0,9.0,8.0,853.0,8.0,7.0,,,,29.0,27.0,,,,7.5,1.0,,28.0,2.0,,Male,,0.49,0.48516,145.0,6.0,-3.0,0.5,130.0,6.0,-3.0,-0.0297,0.032,0.32203,0.55,8.0,0.6154,5.0,1.0,0.0,1.0
4.0,Chí Bình & Hồng Long,TARVN1,3.0,3.0,60.0,2.0,2.0,3.0,57.0,1.0,3.0,12.0,11.0,0.3034,0.375,1.0,0.0833,7.0,0.5833,1.1547,2.0,4.0,0.3333,1.0,0.0833,0.0,0.0,0.0,0.0,1.0,0.0,0.0,2.0,1.0,5.0,4.0,854.0,5.0,8.0,,,,31.0,29.0,,,,6.5,3.0,,30.0,2.0,,Male,,0.63,0.62669,74.0,2.0,2.0,0.66667,78.0,3.0,1.0,0.2534,0.333,0.27649,0.33661,9.0,0.75,3.0,1.0,0.0,1.0
5.0,Tuấn Anh & Xuân Sơn,TARVN1,4.7,4.7,164.0,7.0,-2.0,4.5,137.0,6.0,-1.0,10.0,10.0,-0.0913,0.0208,2.0,0.2,3.0,0.3,2.64764,4.5,1.0,0.1,2.0,0.2,1.0,0.1,0.0,2.0,0.0,0.0,0.0,7.0,1.0,9.0,8.0,855.0,6.0,5.0,,,,29.0,24.0,,,,5.5,1.0,,26.5,5.0,,Male,,0.43,0.43206,171.0,7.0,-2.0,0.325,191.0,8.0,-3.0,-0.1359,-0.081,0.37355,0.61012,4.0,0.4,6.0,1.0,0.0,1.0
6.0,Minh Châu & Trần Châu,TARVN1,4.25,4.25,142.0,5.0,1.0,4.5,137.0,6.0,0.0,8.0,8.0,0.0132,0.1146,1.0,0.125,2.0,0.25,1.56125,1.5,0.0,0.0,0.0,0.0,0.0,0.0,0.0,0.0,0.0,0.0,0.0,5.0,1.0,6.0,5.0,856.0,4.0,4.0,,,,29.0,29.0,,,,4.0,0.0,,29.0,0.0,,Male,,0.53,0.52976,127.0,4.0,2.0,0.56349,121.0,4.0,2.0,0.0595,0.1269,0.271,0.25,5.0,0.625,3.0,1.0,0.0,1.0
5.0,Linh Sơn & Đoàn Mạnh,TARVN2,4.88,4.875,169.0,5.0,0.0,5.0,147.0,5.0,0.0,8.0,8.0,-0.288,-0.0427,0.0,0.0,1.0,0.125,1.16592,1.25,0.0,0.0,2.0,0.25,1.0,0.125,0.0,0.0,0.0,0.0,0.0,5.0,3.0,7.0,4.0,865.0,4.0,4.0,,,,26.0,26.0,,,,4.0,0.0,,26.0,0.0,,Male,,0.3,0.30223,209.0,7.0,-2.0,0.25,208.0,7.0,-2.0,-0.3955,-0.2682,0.26021,0.34911,2.0,0.25,6.0,0.75,0.0,0.75
9.0,S.T & Hùng Phong,TARVN2,9.0,9.0,254.0,9.0,0.0,9.0,220.0,9.0,0.0,2.0,2.0,-1.3755,-0.9231,0.0,0.0,0.0,0.0,0.0,0.0,0.0,0.0,0.0,0.0,1.0,0.5,0.0,0.0,0.0,0.0,0.0,9.0,9.0,9.0,0.0,869.0,2.0,0.0,,,,22.0,22.0,,,,1.0,2.0,,22.0,0.0,,Male,,0.0,0.0,270.0,9.0,0.0,0.0,269.0,9.0,0.0,-1.0,-1.0,0.0,0.0,0.0,0.0,2.0,0.0,0.0,0.0
9.0,Minh Long & Sơn Việt,TARVN3,8.0,8.0,234.0,9.0,0.0,8.0,204.0,9.0,0.0,2.0,2.0,-1.0528,-0.7937,0.0,0.0,0.0,0.0,1.0,1.0,0.0,0.0,0.0,0.0,0.0,0.0,0.0,0.0,0.0,0.0,0.0,,7.0,9.0,2.0,878.0,2.0,0.0,,,,,,,,,1.0,2.0,,,,,Male,,0.13,0.125,256.0,9.0,0.0,0.125,242.0,8.0,0.0,-0.75,-0.7239,0.125,0.125,0.0,0.0,2.0,0.25,0.0,0.25
2.0,Lincoln & Chí Thành,TARVN4,3.27,3.27273,87.0,2.0,0.0,3.0,57.0,2.0,0.0,11.0,11.0,0.1615,0.2044,1.0,0.0909,6.0,0.5455,1.54278,2.5,4.0,0.3636,2.0,0.1818,0.0,0.0,1.0,0.0,0.0,0.0,0.0,2.0,1.0,6.0,5.0,880.0,4.0,4.0,,,,,,,,,4.0,0.0,,,,,Male,,0.59,0.58983,98.0,2.0,0.0,0.57143,116.0,2.0,0.0,0.1797,0.2285,0.252,0.31071,8.0,0.7273,3.0,1.0,0.16667,0.83333
8.0,Tim & Anh Đức,TARVN4,5.25,5.25,183.0,7.0,1.0,6.0,171.0,7.0,1.0,4.0,4.0,-0.3462,-0.2774,1.0,0.25,1.0,0.25,2.94746,4.75,0.0,0.0,0.0,0.0,1.0,0.25,0.0,0.0,0.0,0.0,0.0,8.0,1.0,8.0,7.0,886.0,2.0,1.0,,,,,,,,,1.5,1.0,,,,,Male,,0.39,0.39286,183.0,6.0,2.0,0.28571,200.0,6.0,1.0,-0.2143,-0.1817,0.42107,0.67857,2.0,0.5,2.0,1.0,0.0,1.0
1.0,Lincoln & Tiến Đạt,TARVN5,1.64,1.63636,2.0,1.0,0.0,2.0,10.0,1.0,0.0,11.0,11.0,0.6227,0.6772,5.0,0.4545,11.0,1.0,0.64282,1.0,5.0,0.4545,0.0,0.0,0.0,0.0,0.0,0.0,0.0,0.0,0.0,1.0,1.0,3.0,2.0,887.0,4.0,4.0,,,,,,,,,4.0,0.0,,,,,Male,,0.88,0.8763,1.0,1.0,0.0,0.875,13.0,1.0,0.0,0.7526,1.0056,0.12443,0.225,11.0,1.0,0.0,1.0,0.66667,0.33333
2.0,ST Sơn Thạch & Bình An,TARVN6,1.7,1.7,5.0,1.0,1.0,1.5,5.0,1.0,1.0,10.0,10.0,0.6081,0.6718,5.0,0.5,10.0,1.0,0.78102,1.0,3.0,0.3,0.0,0.0,0.0,0.0,0.0,0.0,0.0,0.0,0.0,1.0,1.0,3.0,2.0,898.0,4.0,4.0,,,,,,,,,4.0,0.0,,,,,Male,,0.85,0.85143,4.0,1.0,1.0,0.91667,8.0,1.0,1.0,0.6829,0.9897,0.17023,0.26429,10.0,1.0,0.0,1.0,0.5,0.5
6.0,Johnny & Huy Trần,TARVN6,5.71,5.71429,196.0,6.0,0.0,6.0,171.0,6.0,0.0,7.0,7.0,-0.3163,-0.1023,0.0,0.0,1.0,0.1429,1.27775,1.0,0.0,0.0,2.0,0.2857,1.0,0.1429,0.0,1.0,0.0,0.0,0.0,6.0,3.0,7.0,4.0,902.0,3.0,3.0,,,,,,,,,3.0,0.0,,,,,Male,,0.32,0.31519,205.0,5.0,1.0,0.28571,200.0,6.0,0.0,-0.377,-0.2634,0.23918,0.2619,2.0,0.2857,5.0,0.77778,0.0,0.77778
8.0,Quốc Thiên & Anh Quân,TARVN6,6.4,6.4,211.0,7.0,1.0,7.0,186.0,8.0,0.0,5.0,5.0,-0.4753,-0.2355,0.0,0.0,0.0,0.0,1.62481,3.0,0.0,0.0,1.0,0.2,1.0,0.2,0.0,0.0,0.0,0.0,0.0,8.0,4.0,8.0,4.0,904.0,2.0,2.0,,,,,,,,,2.0,0.0,,,,,Male,,0.3,0.29802,214.0,6.0,2.0,0.14286,239.0,9.0,-1.0,-0.4109,-0.3036,0.2627,0.43056,2.0,0.4,3.0,0.66667,0.0,0.66667
10.0,Vũ Xuân Tiến & Chu Minh Vũ,TARVN6,9.5,9.5,265.0,10.0,0.0,9.5,240.0,10.0,0.0,2.0,2.0,-1.1899,-0.834,0.0,0.0,0.0,0.0,0.5,0.5,0.0,0.0,0.0,0.0,1.0,0.5,0.0,0.0,0.0,0.0,0.0,,9.0,10.0,1.0,906.0,0.0,1.0,,,,,,,,,0.5,1.0,,,,,Male,,0.06,0.05556,264.0,10.0,0.0,0.05556,263.0,10.0,0.0,-0.8902,-0.8702,0.05556,0.05556,0.0,0.0,2.0,0.11111,0.0,0.11111
2.0,Hadj & Yacim,TARFR1,3.4,3.4,97.0,4.0,-2.0,3.0,57.0,2.0,0.0,10.0,10.0,0.0785,0.2704,2.0,0.2,6.0,0.6,1.74356,2.5,1.0,0.1,3.0,0.3,1.0,0.1,0.0,0.0,1.0,0.0,0.0,3.0,1.0,6.0,5.0,908.0,6.0,3.0,,,,24.0,25.0,,,,4.5,3.0,,24.5,1.0,,Male,,0.5,0.5031,136.0,5.0,-3.0,0.45,154.0,6.0,-4.0,0.0062,0.2244,0.33441,0.53274,5.0,0.5,5.0,1.0,0.0,1.0
5.0,Francis & Benjamin,TARFR1,3.71,3.71429,112.0,5.0,0.0,4.0,107.0,5.0,0.0,7.0,7.0,-0.0055,0.2039,1.0,0.1429,3.0,0.4286,1.97949,3.0,2.0,0.2857,0.0,0.0,0.0,0.0,0.0,0.0,0.0,0.0,0.0,2.0,1.0,7.0,6.0,911.0,3.0,4.0,,,,54.0,27.0,,,,3.5,1.0,,40.5,27.0,,Male,,0.54,0.54116,123.0,3.0,2.0,0.57143,116.0,3.0,2.0,0.0823,0.317,0.3348,0.525,4.0,0.5714,3.0,1.0,0.0,1.0
6.0,Oucéni & Lassana,TARFR1,4.0,4.0,131.0,6.0,0.0,4.0,107.0,5.0,1.0,5.0,5.0,-0.0841,0.1416,2.0,0.4,2.0,0.4,2.75681,5.0,0.0,0.0,1.0,0.2,0.0,0.0,0.0,0.0,1.0,0.0,0.0,1.0,1.0,8.0,7.0,912.0,2.0,3.0,,,,28.0,28.0,,,,2.5,1.0,,28.0,0.0,,Male,,0.53,0.525,131.0,4.0,2.0,0.5,130.0,4.0,2.0,0.05,0.2777,0.42131,0.875,3.0,0.6,2.0,1.0,0.0,1.0
8.0,Fabien & Aurélien,TARFR1,7.0,7.0,220.0,8.0,0.0,7.0,186.0,8.0,0.0,2.0,2.0,-0.8972,-0.5021,0.0,0.0,0.0,0.0,1.0,1.0,0.0,0.0,0.0,0.0,0.0,0.0,0.0,0.0,0.0,0.0,0.0,,6.0,8.0,2.0,914.0,1.0,1.0,,,,30.0,30.0,,,,1.0,0.0,,30.0,0.0,,Male,,0.19,0.1875,244.0,8.0,0.0,0.1875,233.0,8.0,0.0,-0.625,-0.5437,0.1875,0.1875,0.0,0.0,2.0,0.375,0.0,0.375
2.0,Fausto & Dayal,TARPH1,3.77,3.76923,120.0,4.0,-2.0,2.0,10.0,2.0,0.0,13.0,13.0,0.1445,0.3339,3.0,0.2308,9.0,0.6923,2.91294,5.0,4.0,0.3077,2.0,0.1538,0.0,0.0,1.0,0.0,0.0,0.0,0.0,2.0,1.0,9.0,8.0,917.0,7.0,6.0,,,,33.0,25.0,,,,6.5,1.0,,29.0,8.0,,Male,,0.59,0.59063,97.0,3.0,-1.0,0.66667,78.0,3.0,-1.0,0.1813,0.4804,0.32248,0.60714,8.0,0.6154,5.0,1.0,0.125,0.875
6.0,Boom & Cheng,TARPH1,2.89,2.88889,55.0,2.0,4.0,3.0,57.0,3.0,3.0,9.0,9.0,0.3442,0.4894,2.0,0.2222,7.0,0.7778,1.59474,1.0,2.0,0.2222,0.0,0.0,0.0,0.0,0.0,0.0,0.0,0.0,1.0,3.0,1.0,6.0,5.0,921.0,7.0,2.0,,,,27.0,40.0,,,,4.5,5.0,,33.5,13.0,,Male,,0.72,0.71728,40.0,2.0,4.0,0.75,51.0,2.0,4.0,0.4346,0.7979,0.28907,0.23333,8.0,0.8889,1.0,1.0,0.0,1.0
10.0,Anton & Armand,TARPH1,8.0,8.0,234.0,9.0,1.0,8.0,204.0,9.0,1.0,2.0,2.0,-0.8155,-0.4134,0.0,0.0,0.0,0.0,2.0,2.0,0.0,0.0,0.0,0.0,0.0,0.0,0.0,0.0,0.0,0.0,0.0,,6.0,10.0,4.0,925.0,1.0,1.0,,,,30.0,33.0,,,,1.0,0.0,,31.5,3.0,,Male,,0.25,0.25,226.0,9.0,1.0,0.25,208.0,8.0,2.0,-0.5,-0.3734,0.25,0.25,1.0,0.5,1.0,0.5,0.0,0.5
2.0,JP & Kelvin,TARPH2,4.6,4.6,156.0,6.0,-4.0,5.0,147.0,5.0,-3.0,10.0,10.0,-0.0335,0.193,1.0,0.1,3.0,0.3,2.2,4.25,2.0,0.2,3.0,0.3,0.0,0.0,0.0,2.0,0.0,0.0,0.0,7.0,1.0,7.0,6.0,928.0,4.0,6.0,,,,25.0,23.0,,,,5.0,2.0,,24.0,2.0,,Male,,0.45,0.45262,160.0,5.0,-3.0,0.4,164.0,6.0,-4.0,-0.0948,0.1384,0.26222,0.22917,4.0,0.4,6.0,1.0,0.14286,0.85714
5.0,AJ & Jody,TARPH2,3.75,3.75,117.0,4.0,1.0,4.5,137.0,4.0,1.0,8.0,8.0,0.1574,0.3421,2.0,0.25,3.0,0.375,1.78536,2.5,0.0,0.0,0.0,0.0,1.0,0.125,0.0,1.0,0.0,1.0,0.0,5.0,1.0,6.0,5.0,931.0,4.0,4.0,,,,52.0,21.0,,,,4.0,0.0,,36.5,31.0,,Male,,0.59,0.58686,99.0,3.0,2.0,0.6125,103.0,3.0,2.0,0.1737,0.4761,0.32678,0.31905,6.0,0.75,2.0,1.0,0.0,1.0
6.0,Vince & Ed,TARPH2,4.38,4.375,149.0,5.0,1.0,5.0,147.0,5.0,1.0,8.0,8.0,0.0159,0.2316,1.0,0.125,2.0,0.25,1.57619,1.5,0.0,0.0,2.0,0.25,0.0,0.0,0.0,0.0,0.0,0.0,0.0,5.0,1.0,6.0,5.0,932.0,4.0,4.0,,,,24.0,21.0,,,,4.0,0.0,,22.5,3.0,,Male,,0.45,0.44663,161.0,6.0,0.0,0.46429,149.0,5.0,1.0,-0.1067,0.1234,0.30834,0.37778,4.0,0.5,4.0,1.0,0.0,1.0
9.0,Daniel & Charlie,TARPH2,9.0,9.0,254.0,10.0,-1.0,9.0,220.0,10.0,-1.0,3.0,3.0,-1.0222,-0.5789,0.0,0.0,0.0,0.0,0.0,0.0,0.0,0.0,1.0,0.3333,0.0,0.0,0.0,1.0,0.0,0.0,0.0,9.0,9.0,9.0,0.0,935.0,0.0,3.0,,,,25.0,25.0,,,,1.5,3.0,,25.0,0.0,,Male,,0.1,0.1037,259.0,10.0,-1.0,0.11111,248.0,10.0,-1.0,-0.7926,-0.7392,0.08182,0.1,0.0,0.0,3.0,0.2,0.0,0.2
3.0,Constantine & Jacob,TARUA1,3.08,3.08333,69.0,2.0,1.0,2.5,51.0,2.0,1.0,12.0,12.0,0.2449,0.3828,2.0,0.1667,8.0,0.6667,1.89113,2.0,4.0,0.3333,0.0,0.0,0.0,0.0,0.0,0.0,0.0,0.0,0.0,2.0,1.0,8.0,7.0,940.0,6.0,7.0,,,,,,,,,6.5,1.0,,,,,Male,,0.58,0.5831,102.0,3.0,0.0,0.5625,122.0,4.0,-1.0,0.1662,0.3715,0.2845,0.29583,9.0,0.75,3.0,1.0,0.0,1.0
4.0,Alexander & Vladimir,TARUA1,5.2,5.2,179.0,6.0,-2.0,5.0,147.0,6.0,-2.0,10.0,10.0,-0.2748,-0.0421,1.0,0.1,1.0,0.1,1.98997,1.75,0.0,0.0,2.0,0.2,2.0,0.2,0.0,0.0,0.0,0.0,0.0,5.0,1.0,9.0,8.0,941.0,6.0,5.0,,,,,,,,,5.5,1.0,,,,,Male,,0.28,0.27774,221.0,9.0,-5.0,0.26786,206.0,8.0,-4.0,-0.4445,-0.3467,0.2785,0.28333,1.0,0.1,9.0,1.0,0.0,1.0
5.0,Ihor & Vasil,TARUA1,3.11,3.11111,74.0,3.0,2.0,3.0,57.0,3.0,2.0,9.0,9.0,0.2375,0.3768,2.0,0.2222,5.0,0.5556,1.66296,2.0,2.0,0.2222,1.0,0.1111,0.0,0.0,0.0,0.0,0.0,0.0,0.0,1.0,1.0,6.0,5.0,942.0,5.0,5.0,,,,,,,,,5.0,0.0,,,,,Male,,0.61,0.60979,81.0,2.0,3.0,0.57143,116.0,3.0,2.0,0.2196,0.4343,0.33977,0.375,7.0,0.7778,2.0,1.0,0.0,1.0
4.0,Jin Dachuan & Liu Chang,TARCN1,3.6,3.6,107.0,3.0,1.0,4.0,107.0,4.0,0.0,10.0,10.0,-0.0125,0.1176,1.0,0.1,4.0,0.4,1.2,1.0,0.0,0.0,3.0,0.3,0.0,0.0,0.0,1.0,0.0,1.0,0.0,4.0,1.0,6.0,5.0,951.0,8.0,5.0,,,,21.0,28.0,,,,6.5,3.0,,24.5,7.0,,Male,,0.43,0.43381,169.0,3.0,1.0,0.45,154.0,3.0,1.0,-0.1324,0.0267,0.2697,0.34286,5.0,0.5,5.0,1.0,0.0,1.0
5.0,Chen Xiaochun & Zheng Yijian,TARCN1,3.78,3.77778,121.0,4.0,1.0,4.0,107.0,4.0,1.0,9.0,9.0,-0.0631,0.0735,1.0,0.1111,3.0,0.3333,1.47406,2.0,1.0,0.1111,2.0,0.2222,1.0,0.1111,0.0,0.0,0.0,1.0,0.0,4.0,1.0,6.0,5.0,952.0,5.0,7.0,,,,,,,,,6.0,2.0,,,,,Male,,0.42,0.4172,175.0,4.0,1.0,0.4,164.0,4.0,1.0,-0.1656,-0.0126,0.32779,0.37143,4.0,0.4444,5.0,1.0,0.0,1.0
3.0,Xiao Yang & Wang Taili,TARCN2,3.3,3.3,92.0,6.0,-3.0,3.0,57.0,5.0,-2.0,10.0,10.0,-0.1693,-0.1186,1.0,0.1,6.0,0.6,1.18743,1.0,1.0,0.1,7.0,0.7,0.0,0.0,0.0,0.0,0.0,0.0,0.0,3.0,1.0,5.0,4.0,958.0,6.0,1.0,,,,,,,,,3.5,5.0,,,,,Male,,0.36,0.35667,194.0,6.0,-3.0,0.29167,197.0,7.0,-4.0,-0.2971,-0.2712,0.26658,0.12083,2.0,0.2,8.0,1.0,0.0,1.0
4.0,Jin Zhongguo & Li Guangzhu,TARCN2,2.0,2.0,6.0,1.0,3.0,2.0,10.0,1.0,3.0,1.0,1.0,0.2913,0.322,0.0,0.0,1.0,1.0,0.0,0.0,1.0,1.0,0.0,0.0,0.0,0.0,0.0,0.0,0.0,0.0,0.0,,2.0,2.0,0.0,959.0,0.0,1.0,,,,,,,,,0.5,1.0,,,,,Male,,0.67,0.66667,62.0,2.0,2.0,0.66667,78.0,2.0,2.0,0.3139,0.3623,0.0,0.0,1.0,1.0,0.0,0.66667,0.66667,0.0
2.0,Jin Dachuan & Liu Chang,TARCN3,2.4,2.4,23.0,1.0,1.0,2.0,10.0,1.0,1.0,10.0,10.0,0.3505,0.4366,2.0,0.2,8.0,0.8,1.2,0.75,5.0,0.5,2.0,0.2,1.0,0.1,0.0,0.0,0.0,0.0,0.0,2.0,1.0,5.0,4.0,965.0,7.0,4.0,,,,,,,,,5.5,3.0,,,,,Male,,0.64,0.63905,68.0,1.0,1.0,0.83333,27.0,1.0,1.0,0.2781,0.4656,0.33695,0.47619,7.0,0.7,3.0,1.0,0.0,1.0
3.0,Liu Xiang & Xu Qifeng,TARCN3,3.6,3.6,107.0,4.0,-1.0,3.0,57.0,2.0,1.0,10.0,10.0,0.0257,0.1549,2.0,0.2,6.0,0.6,1.85472,1.75,0.0,0.0,3.0,0.3,0.0,0.0,0.0,0.0,0.0,0.0,0.0,3.0,1.0,7.0,6.0,966.0,7.0,1.0,3.0,,,,,,,,3.67,6.0,,,,,Male,,0.47,0.47143,151.0,5.0,-2.0,0.41667,162.0,5.0,-2.0,-0.0571,0.0812,0.32695,0.43452,5.0,0.5,5.0,1.0,0.0,1.0
5.0,Zhang Zhehan & Zhang Sifan,TARCN3,3.86,3.85714,125.0,5.0,0.0,5.0,147.0,5.0,0.0,7.0,7.0,-0.0447,0.0939,1.0,0.1429,2.0,0.2857,1.55183,2.0,1.0,0.1429,0.0,0.0,0.0,0.0,0.0,1.0,0.0,0.0,0.0,5.0,1.0,5.0,4.0,968.0,5.0,3.0,,,,,,,,,4.0,2.0,,,,,Male,,0.49,0.48503,146.0,4.0,1.0,0.42857,159.0,4.0,1.0,-0.0299,0.1124,0.30451,0.31667,3.0,0.4286,4.0,1.0,0.0,1.0
5.0,Zhang Jike & Zhang Chuanming,TARCN4,5.67,5.66667,194.0,7.0,-2.0,5.5,169.0,7.0,-2.0,6.0,6.0,-0.5765,-0.3897,0.0,0.0,0.0,0.0,1.24722,1.0,0.0,0.0,1.0,0.1667,2.0,0.3333,0.0,0.0,0.0,0.0,0.0,6.0,4.0,8.0,4.0,976.0,3.0,4.0,,,,,,,,,3.5,1.0,,,,,Male,,0.14,0.14206,253.0,7.0,-2.0,0.08333,261.0,7.0,-2.0,-0.7159,-0.6801,0.15723,0.25595,0.0,0.0,6.0,0.4,0.0,0.4
2.0,Tuukka & Sami,TARFN1,3.08,3.08333,69.0,2.0,0.0,3.0,57.0,2.0,0.0,12.0,12.0,0.3227,0.5016,0.0,0.0,10.0,0.8333,1.38193,1.0,5.0,0.4167,2.0,0.1667,0.0,0.0,0.0,0.0,0.0,0.0,0.0,2.0,2.0,6.0,4.0,981.0,6.0,6.0,,,,28.0,58.0,,,,6.0,0.0,,43.0,30.0,,Male,,0.6,0.60069,89.0,2.0,0.0,0.675,77.0,2.0,0.0,0.2014,0.5677,0.22983,0.46667,8.0,0.6667,4.0,0.90909,0.28571,0.62338
3.0,Janne & Robin,TARFN1,3.17,3.16667,76.0,4.0,-1.0,2.0,10.0,3.0,0.0,12.0,12.0,0.3029,0.4871,5.0,0.4167,8.0,0.6667,2.6405,3.5,2.0,0.1667,0.0,0.0,0.0,0.0,0.0,0.0,0.0,0.0,0.0,1.0,1.0,9.0,8.0,982.0,6.0,6.0,,,,40.0,37.0,,,,6.0,0.0,,38.5,3.0,,Male,,0.68,0.68437,54.0,4.0,-1.0,0.7619,50.0,6.0,-3.0,0.3687,0.7861,0.33132,0.56667,8.0,0.6667,4.0,1.0,0.0,1.0
4.0,Bakari & Samuel,TARFN1,2.45,2.45455,28.0,7.0,-3.0,2.0,10.0,5.0,-1.0,11.0,11.0,0.4613,0.6036,5.0,0.4545,6.0,0.5455,1.4374,3.0,1.0,0.0909,1.0,0.0909,0.0,0.0,0.0,0.0,0.0,0.0,0.0,1.0,1.0,4.0,3.0,983.0,5.0,6.0,,,,25.0,24.0,,,,5.5,1.0,,24.5,1.0,,Male,,0.67,0.67338,58.0,7.0,-3.0,0.85714,19.0,5.0,-1.0,0.3468,0.7574,0.35412,0.6,7.0,0.6364,4.0,1.0,0.0,1.0
5.0,Marcus & Timo,TARFN1,3.89,3.88889,127.0,3.0,2.0,4.0,107.0,4.0,1.0,9.0,9.0,0.1446,0.3706,1.0,0.1111,3.0,0.3333,1.52348,2.0,1.0,0.1111,3.0,0.3333,0.0,0.0,0.0,0.0,0.0,0.0,0.0,5.0,1.0,6.0,5.0,984.0,4.0,5.0,,,,55.0,58.0,,,,4.5,1.0,,56.5,3.0,,Male,,0.51,0.51079,133.0,3.0,2.0,0.7,67.0,3.0,2.0,0.0216,0.3331,0.34623,0.52727,5.0,0.5556,4.0,1.0,0.0,1.0
7.0,Ilmari & Aapo,TARFN1,8.0,8.0,234.0,5.0,2.0,8.0,204.0,5.0,2.0,6.0,6.0,-0.7592,-0.2945,0.0,0.0,0.0,0.0,1.73205,2.25,0.0,0.0,2.0,0.3333,1.0,0.1667,0.0,0.0,0.0,0.0,0.0,10.0,5.0,10.0,5.0,986.0,3.0,3.0,,,,32.0,30.0,,,,3.0,0.0,,31.0,2.0,,Male,,0.16,0.15544,248.0,5.0,2.0,0.14091,240.0,4.0,3.0,-0.6891,-0.5943,0.14785,0.18712,0.0,0.0,6.0,0.42857,0.0,0.42857
