season_num,leg_num,challenge_1,challenge_2,challenge_3,challenge_4,challenge_5,challenge_6,challenge_7,challenge_8,challenge_9,challenge_10,challenge_11,challenge_12,challenge_13,unnamed_15,unnamed_16,unnamed_17,unnamed_18,unnamed_19,unnamed_20,unnamed_21,unnamed_22,unnamed_23,unnamed_24,unnamed_25,unnamed_26,unnamed_27,unnamed_28,unnamed_29,unnamed_30,unnamed_31,unnamed_32,unnamed_33,unnamed_34,unnamed_35,unnamed_36,unnamed_37,unnamed_38,unnamed_39,unnamed_40,unnamed_41,unnamed_42,unnamed_43,unnamed_44,unnamed_45,unnamed_46,unnamed_47
1,1,Route Info,Route Info,Fast Forward,Route Info,Detour,Route Info,,,,,,,,,,,,,,,,,,,,,,,,,,,,,,,,,,,,,,,,
1,2,Fast Forward,Route Info,Detour,Route Info,Road Block,,,,,,,,,,SQL Query Maker,,,,,,,,,,,,,,,,,,,,,,,,,,,,,,,
1,3,Fast Forward,Route Info,Detour,Route Info,Road Block,Route Info,,,,,,,,,"
In each of the dropdowns, either select an option, or leave it blank! SQL will show a list below that meets the requirements you specified. This Query tracks challenges, locations, eliminations, and twists for each season and leg. If your selections have not happened before, the query will return blank. If all the dropdowns are left blank, then information from every leg will return.
",,,,,,,,,,,,,,,,,,,,,,,,,,,,,,,
1,4,Fast Forward,Route Info,Detour,Route Info,Road Block,,,,,,,,,,Season #,Leg #,Challenge 1,Challenge 2,Challenge 3,Challenge 4,Challenge 5,Challenge 6,Challenge 7,Challenge 8,Challenge 9,Challenge 10,Challenge 11,Challenge 12,Challenge 13,Country,Area of World,Elimination,Twist,,,,,,,,,,,,,
1,5,Fast Forward,Route Info,Detour,Route Info,Road Block,Route Info,,,,,,,,,,,,,,,,,,,,,,,,,,,,,,,,,,,,,,,,
1,6,Route Info,Fast Forward,Route Info,Detour,Route Info,Road Block,,,,,,,,Season #,Leg #,Challenge 1,Challenge 2,Challenge 3,Challenge 4,Challenge 5,Challenge 6,Challenge 7,Challenge 8,Challenge 9,Challenge 10,Challenge 11,Challenge 12,Challenge 13,Country,Area of World,Elimination,Twist,Twist Challenge #,Leg Winner,,,,Your query returned this many legs:,,,,,,,,
1,7,Fast Forward,Detour,Route Info,Road Block,Route Info,,,,,,,,,1,1,Route Info,Route Info,Fast Forward,Route Info,Detour,Route Info,,,,,,,,Zambia,Southern Africa,Yes,,,Rob & Brennan,,,,457,,,,,,,,
1,8,Route Info,Fast Forward,Route Info,Detour,Route Info,Road Block,Route Info,,,,,,,1,2,Fast Forward,Route Info,Detour,Route Info,Road Block,,,,,,,,,France,Western Europe,Yes,,,Pat & Brenda,,,,,,,,,,,,
1,9,Fast Forward,Route Info,Detour,Road Block,Route Info,,,,,,,,,1,3,Fast Forward,Route Info,Detour,Route Info,Road Block,Route Info,,,,,,,,France,Western Europe,Yes,,,Kevin & Drew,,,,,,,,,,,,
1,10,Fast Forward,Route Info,Detour,Route Info,Road Block,Route Info,Route Info,,,,,,,1,4,Fast Forward,Route Info,Detour,Route Info,Road Block,,,,,,,,,Tunisia,Northern Africa,Yes,,,Joe & Bill,,,,,,,,,,,,
1,11,Fast Forward,Route Info,Detour,Route Info,Route Info,Road Block,,,,,,,,1,5,Fast Forward,Route Info,Detour,Route Info,Road Block,Route Info,,,,,,,,Tunisia,Northern Africa,Yes,,,Kevin & Drew,,,,,,,,,,,,
1,12,Route Info,Route Info,Detour,Route Info,Route Info,Route Info,Road Block,Route Info,,,,,,1,6,Route Info,Fast Forward,Route Info,Detour,Route Info,Road Block,,,,,,,,Italy,Southern Europe,No,,,Frank & Margarita,,,,,,,,,,,,
1,Final ,Route Info,Detour,Road Block,Route Info,Route Info,,,,,,,,,1,7,Fast Forward,Detour,Route Info,Road Block,Route Info,,,,,,,,,India,South Asia,Yes,,,Frank & Margarita,,,,,,,,,,,,
2,1,Route Info,Route Info,Fast Forward,Route Info,Detour,Route Info,,,,,,,,1,8,Route Info,Fast Forward,Route Info,Detour,Route Info,Road Block,Route Info,,,,,,,India,South Asia,No,,,Kevin & Drew,,,,,,,,,,,,
2,2,Route Info,Fast Forward,Route Info,Detour,Route Info,Route Info,Road Block,Route Info,,,,,,1,9,Fast Forward,Route Info,Detour,Road Block,Route Info,,,,,,,,,Thailand,South East Asia,Yes,,,Rob & Brennan,,,,,,,,,,,,
2,3,Route Info,Fast Forward,Route Info,Detour,Route Info,Road Block,,,,,,,,1,10,Fast Forward,Route Info,Detour,Route Info,Road Block,Route Info,Route Info,,,,,,,Thailand,South East Asia,No,,,Rob & Brennan,,,,,,,,,,,,
2,4,Route Info,Route Info,Fast Forward,Route Info,Route Info,Detour,Route Info,Route Info,Road Block,Route Info,,,,1,11,Fast Forward,Route Info,Detour,Route Info,Route Info,Road Block,,,,,,,,China,East Asia,Yes,,,Frank & Margarita,,,,,,,,,,,,
2,5,Fast Forward,Route Info,Detour,Route Info,Road Block,Route Info,,,,,,,,1,12,Route Info,Route Info,Detour,Route Info,Route Info,Route Info,Road Block,Route Info,,,,,,USA,North America,No,,,Rob & Brennan,,,,,,,Dropdown Lists,,,,,
2,6,Fast Forward,Route Info,Detour,Route Info,Road Block,Route Info,,,,,,,,1,Final ,Route Info,Detour,Road Block,Route Info,Route Info,,,,,,,,,USA,North America,Final Leg,,,Rob & Brennan,,,,,,Season #,Leg #,Challenge Type,Country,Area,Elimination,Twist
2,7,Route Info,Route Info,Fast Forward,Route Info,Detour,Route Info,Road Block,Route Info,,,,,,2,1,Route Info,Route Info,Fast Forward,Route Info,Detour,Route Info,,,,,,,,Brazil,South America,Yes,,,Tara & Wil,,,,,,1,1,Route Info,Argentina,Caribbean,Yes,Double U-Turn
2,8,Fast Forward,Route Info,Route Info,Detour,Route Info,Road Block,Route Info,,,,,,,2,2,Route Info,Fast Forward,Route Info,Detour,Route Info,Route Info,Road Block,Route Info,,,,,,Brazil,South America,Yes,,,Shola & Doyin,,,,,,2,2,Road Block,Armenia,Central America,No,Driver's Seat
2,9,Fast Forward,Route Info,Route Info,Detour,Route Info,Road Block,Route Info,,,,,,,2,3,Route Info,Fast Forward,Route Info,Detour,Route Info,Road Block,,,,,,,,South Africa,Southern Africa,Yes,,,Oswald & Danny,,,,,,3,3,Detour,Australia,Central Europe,Final Leg,Express Pass
2,10,Fast Forward,Route Info,Route Info,Detour,Route Info,Road Block,,,,,,,,2,4,Route Info,Route Info,Fast Forward,Route Info,Route Info,Detour,Route Info,Route Info,Road Block,Route Info,,,,Namibia,Southern Africa,Yes,,,Oswald & Danny,,,,,,4,4,Fast Forward,Austria,East Africa,,Head-to-Head
2,11,Route Info,Fast Forward,Route Info,Detour,Route Info,Road Block,Route Info,,,,,,,2,5,Fast Forward,Route Info,Detour,Route Info,Road Block,Route Info,,,,,,,,Thailand,South East Asia,Yes,,,Chris & Alex,,,,,,5,5,Speed Bump,Azerbaijan,East Asia,,Intersection
2,12,Route Info,Route Info,Route Info,Detour,Route Info,Road Block,Route Info,,,,,,,2,6,Fast Forward,Route Info,Detour,Route Info,Road Block,Route Info,,,,,,,,Thailand,South East Asia,No,,,Mary & Peach,,,,,,6,6,Hazard,Bahrain,Eastern Europe,,Partner Swap
2,Final ,Route Info,Route Info,Route Info,Route Info,Route Info,Route Info,Road Block,Route Info,Route Info,,,,,2,7,Route Info,Route Info,Fast Forward,Route Info,Detour,Route Info,Road Block,Route Info,,,,,,China,East Asia,Yes,,,Gary & Dave,,,,,,7,7,Express Pass,Bangladesh,Middle East,,Save
3,1,Route Info,Route Info,Fast Forward,Route Info,Detour,Route Info,,,,,,,,2,8,Fast Forward,Route Info,Route Info,Detour,Route Info,Road Block,Route Info,,,,,,,Australia,Oceania,No,,,Oswald & Danny,,,,,,8,8,City Sprint,Barbados,North America,,Scramble
3,2,Fast Forward,Route Info,Route Info,Detour,Route Info,Road Block,Route Info,,,,,,,2,9,Fast Forward,Route Info,Route Info,Detour,Route Info,Road Block,Route Info,,,,,,,Australia,Oceania,Yes,,,Chris & Alex,,,,,,9,9,Fork-in-Road,Belgium,Northern Africa,,U-Turn
3,3,Fast Forward,Route Info,Detour,Route Info,Road Block,Route Info,,,,,,,,2,10,Fast Forward,Route Info,Route Info,Detour,Route Info,Road Block,,,,,,,,New Zealand,Oceania,No,,,Blake & Paige,,,,,,10,10,,Bolivia,Northern Europe,,Yield
3,4,Fast Forward,Route Info,Route Info,Detour,Route Info,Road Block,Route Info,,,,,,,2,11,Route Info,Fast Forward,Route Info,Detour,Route Info,Road Block,Route Info,,,,,,,New Zealand,Oceania,Yes,,,Tara & Wil,,,,,,11,11,,Botswana,Oceania,,
3,5,Fast Forward,Route Info,Detour,Route Info,Route Info,Road Block,Route Info,,,,,,,2,12,Route Info,Route Info,Route Info,Detour,Route Info,Road Block,Route Info,,,,,,,USA,North America,No,,,Tara & Wil\nBlake & Paige,,,,,,12,12,,Brazil,South America,,
3,6,Route Info,Fast Forward,Route Info,Detour,Route Info,Road Block,Route Info,,,,,,,2,Final ,Route Info,Route Info,Route Info,Route Info,Route Info,Route Info,Road Block,Route Info,Route Info,,,,,USA,North America,Final Leg,,,Chris & Alex,,,,,,13,Final,,Bulgaria,South Asia,,
3,7,Route Info,Fast Forward,Route Info,Detour,Route Info,Road Block,Route Info,,,,,,,3,1,Route Info,Route Info,Fast Forward,Route Info,Detour,Route Info,,,,,,,,Mexico,North America,Yes,,,Ken & Gerard,,,,,,14,,,Burkina Faso,South East Asia,,
3,8,Route Info,Fast Forward,Route Info,Route Info,Detour,Route Info,Road Block,Route Info,,,,,,3,2,Fast Forward,Route Info,Route Info,Detour,Route Info,Road Block,Route Info,,,,,,,Mexico,North America,Yes,,,Derek & Drew,,,,,,15,,,Cambodia,Southern Africa,,
3,9,Route Info,Fast Forward,Route Info,Detour,Route Info,Road Block,Route Info,,,,,,,3,3,Fast Forward,Route Info,Detour,Route Info,Road Block,Route Info,,,,,,,,England\nScotland,Western Europe\nWestern Europe,Yes,,,Derek & Drew,,,,,,16,,,Canada,Southern Europe,,
3,10,Route Info,Route Info,Route Info,Route Info,Detour,Fast Forward,Route Info,Road Block,Route Info,,,,,3,4,Fast Forward,Route Info,Route Info,Detour,Route Info,Road Block,Route Info,,,,,,,Portugal,Western Europe,Yes,,,Ken & Gerard,,,,,,17,,,Chile,West Africa,,
3,11,Route Info,Fast Forward,Route Info,Detour,Route Info,Road Block,,,,,,,,3,5,Fast Forward,Route Info,Detour,Route Info,Route Info,Road Block,Route Info,,,,,,,Morocco,Northern Africa,Yes,,,Ken & Gerard,,,,,,18,,,China,West Asia,,
3,12,Route Info,Route Info,Detour,Route Info,Road Block,Route Info,,,,,,,,3,6,Route Info,Fast Forward,Route Info,Detour,Route Info,Road Block,Route Info,,,,,,,Morocco,Northern Africa,Yes,,,Teri & Ian,,,,,,19,,,Colombia,Western Europe,,
3,Final,Route Info,Route Info,Route Info,Detour,Route Info,Route Info,Route Info,Road Block,Route Info,,,,,3,7,Route Info,Fast Forward,Route Info,Detour,Route Info,Road Block,Route Info,,,,,,,Germany\nAustria,Central Europe\nCentral Europe,Yes,,,Flo & Zach,,,,,,20,,,Costa Rica,,,
4,1,Route Info,Route Info,Fast Forward,Route Info,Detour,Route Info,,,,,,,,3,8,Route Info,Fast Forward,Route Info,Route Info,Detour,Route Info,Road Block,Route Info,,,,,,Switzerland,Central Europe,No,,,Derek & Drew,,,,,,21,,,Croatia,,,
4,2,Route Info,Fast Forward,Route Info,Detour,Route Info,Road Block,Route Info,,,,,,,3,9,Route Info,Fast Forward,Route Info,Detour,Route Info,Road Block,Route Info,,,,,,,Switzerland,Central Europe,No,,,John Vito & Jill,,,,,,22,,,Czech Republic,,,
4,3,Route Info,Fast Forward,Route Info,Detour,Route Info,Road Block,Route Info,,,,,,,3,10,Route Info,Route Info,Route Info,Route Info,Detour,Fast Forward,Route Info,Road Block,Route Info,,,,,Malaysia\nSingapore,South East Asia\nSouth East Asia,Yes,,,Derek & Drew,,,,,,23,,,Denmark,,,
4,4,Route Info,Road Block,Route Info,Fast Forward,Route Info,Detour,Route Info,,,,,,,3,11,Route Info,Fast Forward,Route Info,Detour,Route Info,Road Block,,,,,,,,Vietnam,South East Asia,Yes,,,Teri & Ian,,,,,,24,,,Dominican Republic,,,
4,5,Route Info,Fast Forward,Route Info,Detour,Route Info,Road Block,Route Info,,,,,,,3,12,Route Info,Route Info,Detour,Route Info,Road Block,Route Info,,,,,,,,Vietnam,South East Asia,No,,,Teri & Ian,,,,,,25,,,Ecuador,,,
4,6,Route Info,Fast Forward,Route Info,Detour,Route Info,Road Block,Route Info,,,,,,,3,Final,Route Info,Route Info,Route Info,Detour,Route Info,Route Info,Route Info,Road Block,Route Info,,,,,USA,North America,Final Leg,,,Flo & Zach,,,,,,26,,,Egypt,,,
4,7,Route Info,Fast Forward,Route Info,Road Block,Route Info,Detour,Route Info,,,,,,,4,1,Route Info,Route Info,Fast Forward,Route Info,Detour,Route Info,,,,,,,,Italy,Western Europe,Yes,,,Millie & Chuck\nSteve & Josh\nAmanda & Chris,,,,,,27,,,England,,,
4,8,Route Info,Fast Forward,Route Info,Detour,Route Info,Road Block,,,,,,,,4,2,Route Info,Fast Forward,Route Info,Detour,Route Info,Road Block,Route Info,,,,,,,Italy,Southern Europe,Yes,,,Steve & Dave,,,,,,28,,,Estonia,,,
4,9,Route Info,Fast Forward,Route Info,Detour,Route Info,Road Block,Route Info,,,,,,,4,3,Route Info,Fast Forward,Route Info,Detour,Route Info,Road Block,Route Info,,,,,,,Austria,Central Europe ,Yes,,,Steve & Josh,,,,,,29,,,Ethiopia,,,
4,10,Route Info,Route Info,Fast Forward,Route Info,Road Block,Route Info,Detour,Route Info,,,,,,4,4,Route Info,Road Block,Route Info,Fast Forward,Route Info,Detour,Route Info,,,,,,,France,Western Europe,Yes,,,Tian & Jaree,,,,,,30,,,Finland,,,
4,11,Route Info,Fast Forward,Route Info,Detour,Route Info,Road Block,Route Info,,,,,,,4,5,Route Info,Fast Forward,Route Info,Detour,Route Info,Road Block,Route Info,,,,,,,Netherlands,Central Europe,Yes,,,Millie & Chuck,,,,,,31,,,France,,,
4,12,Route Info,Route Info,Route Info,Route Info,Detour,Route Info,Road Block,Route Info,,,,,,4,6,Route Info,Fast Forward,Route Info,Detour,Route Info,Road Block,Route Info,,,,,,,India,South Asia,Yes,,,David & Jeff,,,,,,32,,,French Polynesia,,,
4,Final,Route Info,Route Info,Detour,Route Info,Road Block,Route Info,Route Info,Route Info,Route Info,Route Info,,,,4,7,Route Info,Fast Forward,Route Info,Road Block,Route Info,Detour,Route Info,,,,,,,India,South Asia,Yes,,,David & Jeff,,,,,,33,,,Georgia,,,
5,1,Route Info,Route Info,Route Info,Route Info,Route Info,Route Info,Detour,Route Info,,,,,,4,8,Route Info,Fast Forward,Route Info,Detour,Route Info,Road Block,,,,,,,,Malaysia,South East Asia,No,,,Jon & Al,,,,,,34,,,Germany,,,
5,2,Route Info,Route Info,Detour,Route Info,Road Block,Route Info,,,,,,,,4,9,Route Info,Fast Forward,Route Info,Detour,Route Info,Road Block,Route Info,,,,,,,Malaysia,South East Asia,Yes,,,Reichen & Chip,,,,,,35,,,Ghana,,,
5,3,Route Info,Route Info,Road Block,Route Info,Detour,Route Info,,,,,,,,4,10,Route Info,Route Info,Fast Forward,Route Info,Road Block,Route Info,Detour,Route Info,,,,,,South Korea,East Asia,No,,,Kelly & Jon,,,,,,36,,,Greece,,,
5,4,Route Info,Detour,Route Info,Route Info,Road Block,Route Info,,,,,,,,4,11,Route Info,Fast Forward,Route Info,Detour,Route Info,Road Block,Route Info,,,,,,,Australia,Oceania,Yes,,,David & Jeff,,,,,,37,,,Guam,,,
5,5,Route Info,Route Info,Fast Forward,Route Info,Road Block,Route Info,Detour,Route Info,,,,,,4,12,Route Info,Route Info,Route Info,Route Info,Detour,Route Info,Road Block,Route Info,,,,,,Australia,Oceania,No,,,David & Jeff,,,,,,38,,,Hungary,,,
5,6,Route Info,Route Info,Detour,Route Info,Road Block,Route Info,,,,,,,,4,Final,Route Info,Route Info,Detour,Route Info,Road Block,Route Info,Route Info,Route Info,Route Info,Route Info,,,,USA,North America,Final Leg,,,Reichen & Chip,,,,,,,,,Iceland,,,
5,7,Route Info,Route Info,Detour,Route Info,Road Block,Route Info,,,,,,,,5,1,Route Info,Route Info,Route Info,Route Info,Route Info,Route Info,Detour,Route Info,,,,,,Uruguay,South America,Yes,Yield,6,Alison & Donny,,,,,,,,,India,,,
5,8,Route Info,Route Info,Road Block,Route Info,Detour,Route Info,,,,,,,,5,2,Route Info,Route Info,Detour,Route Info,Road Block,Route Info,,,,,,,,Argentina,South America,Yes,Yield,3,Brandon & Nicole,,,,,,,,,Indonesia,,,
5,9,Route Info,Route Info,Route Info,Fast Forward,Route Info,Road Block,Route Info,Detour,Route Info,,,,,5,3,Route Info,Route Info,Road Block,Route Info,Detour,Route Info,,,,,,,,Argentina,South America,Yes,Yield,3,Colin & Christie,,,,,,,,,Ireland,,,
5,10,Route Info,Detour,Route Info,Road Block,,,,,,,,,,5,4,Route Info,Detour,Route Info,Route Info,Road Block,Route Info,,,,,,,,Russia,Eastern Europe,Yes,Yield,2,Chip & Kim,,,,,,,,,Italy,,,
5,11,Route Info,Road Block,Route Info,Route Info,Route Info,Detour,Route Info,,,,,,,5,5,Route Info,Route Info,Fast Forward,Route Info,Road Block,Route Info,Detour,Route Info,,,,,,Egypt,Northern Africa,No,Yield,5,Colin & Christie,,,,,,,,,Jamaica,,,
5,12,Route Info,Route Info,Route Info,Route Info,Route Info,Road Block,Route Info,,,,,,,5,6,Route Info,Route Info,Detour,Route Info,Road Block,Route Info,,,,,,,,Egypt,Northern Africa,Yes,Yield,3,Colin & Christie,,,,,,,,,Japan,,,
5,Final,Route Info,Route Info,Road Block,Route Info,Route Info,Detour,Route Info,Route Info,Route Info,,,,,5,7,Route Info,Route Info,Detour,Route Info,Road Block,Route Info,,,,,,,,Tanzania,East Africa,Yes,Yield,3,Chip & Kim,,,,,,,,,Jordan,,,
6,1,Route Info,Route Info,Route Info,Route Info,Route Info,Route Info,Detour,Route Info,,,,,,5,8,Route Info,Route Info,Road Block,Route Info,Detour,Route Info,,,,,,,,UAE,Middle East,No,Yield,3,Colin & Christie,,,,,,,,,Kazakhstan,,,
6,2,Route Info,Road Block,Route Info,Route Info,Route Info,Route Info,Detour,Route Info,,,,,,5,9,Route Info,Route Info,Route Info,Fast Forward,Route Info,Road Block,Route Info,Detour,Route Info,,,,,India,South Asia,No,Yield,4,Colin & Christie,,,,,,,,,Kuwait,,,
6,3,Route Info,Route Info,Route Info,Detour,Route Info,Road Block,Route Info,,,,,,,5,10,Route Info,Detour,Route Info,Road Block,,,,,,,,,,New Zealand,Oceania,Yes,Yield,2,Colin & Christie,,,,,,,,,Laos,,,
6,4,Route Info,Route Info,Route Info,Route Info,Detour,Route Info,Road Block,Route Info,,,,,,5,11,Route Info,Road Block,Route Info,Route Info,Route Info,Detour,Route Info,,,,,,,Philippines,South East Asia,No,Yield,4,Chip & Kim,,,,,,,,,Liechtenstein,,,
6,5,Route Info,Route Info,Route Info,Detour,Route Info,Road Block,Route Info,,,,,,,5,12,Route Info,Route Info,Route Info,Route Info,Route Info,Road Block,Route Info,,,,,,,Philippines,South East Asia,Yes,Yield,4,Brandon & Nicole,,,,,,,,,Lithuania,,,
6,6,Route Info,Route Info,Road Block,Route Info,Detour,Route Info,Route Info,Fast Forward,Route Info,Detour,Route Info,Road Block,Route Info,5,Final,Route Info,Route Info,Road Block,Route Info,Route Info,Detour,Route Info,Route Info,Route Info,,,,,Canada\nUSA,North America,Final Leg,,,Chip & Kim,,,,,,,,,Madagascar,,,
6,7,Route Info,Route Info,Fast Forward,Route Info,Detour,Route Info,Road Block,Route Info,,,,,,6,1,Route Info,Route Info,Route Info,Route Info,Route Info,Route Info,Detour,Route Info,,,,,,Iceland,Northern Europe,Yes,,,Hayden & Aaron,,,,,,,,,Malawi,,,
6,8,Route Info,Route Info,Route Info,Detour,Route Info,Road Block,Route Info,,,,,,,6,2,Route Info,Road Block,Route Info,Route Info,Route Info,Route Info,Detour,Route Info,,,,,,Norway,Northern Europe,Yes,,,Kris & Jon,,,,,,,,,Malaysia,,,
6,9,Route Info,Route Info,Route Info,Detour,Route Info,Route Info,Road Block,,,,,,,6,3,Route Info,Route Info,Route Info,Detour,Route Info,Road Block,Route Info,,,,,,,Sweden,Northern Europe,Yes,Yield,6,Hayden & Aaron,,,,,,,,,Malta,,,
6,10,Route Info,Route Info,Road Block,Route Info,Route Info,Detour,Route Info,,,,,,,6,4,Route Info,Route Info,Route Info,Route Info,Detour,Route Info,Road Block,Route Info,,,,,,Senegal,West Africa,No,,,Kris & Jon,,,,,,,,,Mauritius,,,
6,11,Route Info,Detour,Route Info,Route Info,Road Block,Route Info,,,,,,,,6,5,Route Info,Route Info,Route Info,Detour,Route Info,Road Block,Route Info,,,,,,,Germany,Central Europe,Yes,,,Freddy & Kendra,,,,,,,,,Mexico,,,
6,Final,Route Info,Detour,Route Info,Road Block,Route Info,Route Info,Route Info,,,,,,,6,6,Route Info,Route Info,Road Block,Route Info,Detour,Route Info,Route Info,Fast Forward,Route Info,Detour,Route Info,Road Block,Route Info,Hungary,Central Europe,Yes,,,Lori & Bolo,,,,,,,,,Monaco,,,
7,1,Route Info,Route Info,Route Info,Route Info,Route Info,Detour,Route Info,Route Info,,,,,,6,7,Route Info,Route Info,Fast Forward,Route Info,Detour,Route Info,Road Block,Route Info,,,,,,France,Western Europe,No,,,Adam & Rebecca,,,,,,,,,Morocco,,,
7,2,Route Info,Road Block,Route Info,Detour,Route Info,,,,,,,,,6,8,Route Info,Route Info,Route Info,Detour,Route Info,Road Block,Route Info,,,,,,,France\nEthiopia,Western Europe\nEast Africa,Yes,Yield,6,Hayden & Aaron,,,,,,,,,Mozambique,,,
7,3,Route Info,Detour,Route Info,Road Block,Route Info,,,,,,,,,6,9,Route Info,Route Info,Route Info,Detour,Route Info,Route Info,Road Block,,,,,,,Sri Lanka,South Asia,Yes,,,Kris & Jon,,,,,,,,,Namibia,,,
7,4,Route Info,Road Block,Route Info,Route Info,Detour,Route Info,,,,,,,,6,10,Route Info,Route Info,Road Block,Route Info,Route Info,Detour,Route Info,,,,,,,China,East Asia,No,Yield ,3,Hayden & Aaron,,,,,,,,,Netherlands,,,
7,5,Route Info,Fast Forward,Detour,Route Info,Road Block,Route Info,Route Info,,,,,,,6,11,Route Info,Detour,Route Info,Route Info,Road Block,Route Info,,,,,,,,China,East Asia,Yes,,,Kris & Jon,,,,,,,,,New Zealand,,,
7,6,Route Info,Route Info,Road Block,Route Info,Detour,Route Info,,,,,,,,6,Final,Route Info,Detour,Route Info,Road Block,Route Info,Route Info,Route Info,,,,,,,USA,North America,Final Leg,,,Freddy & Kendra,,,,,,,,,Northern Ireland,,,
7,7,Route Info,Detour,Route Info,Road Block,Route Info,,,,,,,,,7,1,Route Info,Route Info,Route Info,Route Info,Route Info,Detour,Route Info,Route Info,,,,,,Peru,South America,Yes,,,Debbie & Bianca,,,,,,,,,Norway,,,
7,8,Route Info,Route Info,Road Block,Route Info,Detour,Route Info,,,,,,,,7,2,Route Info,Road Block,Route Info,Detour,Route Info,,,,,,,,,Chile,South America,Yes,,,Rob & Amber,,,,,,,,,Oman,,,
7,9,Route Info,Route Info,Route Info,Fast Forward,Detour,Route Info,Road Block,Route Info,,,,,,7,3,Route Info,Detour,Route Info,Road Block,Route Info,,,,,,,,,Argentina,South America,Yes,Yield,2,Lynn & Alex,,,,,,,,,Panama,,,
7,10,Route Info,Route Info,Detour,Route Info,Road Block,Route Info,,,,,,,,7,4,Route Info,Road Block,Route Info,Route Info,Detour,Route Info,,,,,,,,Argentina,South America,Yes,,,Rob & Amber,,,,,,,,,Paraguay,,,
7,11,Route Info,Route Info,Route Info,Detour,Route Info,Road Block,Route Info,,,,,,,7,5,Route Info,Fast Forward,Detour,Route Info,Road Block,Route Info,Route Info,,,,,,,South Africa,Southern Africa,No,,,Ray & Deana,,,,,,,,,Peru,,,
7,12,Route Info,Road Block,Route Info,Detour,Route Info,,,,,,,,,7,6,Route Info,Route Info,Road Block,Route Info,Detour,Route Info,,,,,,,,Botswana,Southern Africa,Yes,,,Ron & Kelly,,,,,,,,,Philippines,,,
7,Final,Route Info,Route Info,Detour,Route Info,Route Info,Road Block,Route Info,Route Info,Route Info,,,,,7,7,Route Info,Detour,Route Info,Road Block,Route Info,,,,,,,,,Botswana,Southern Africa,Yes,,,Rob & Amber,,,,,,,,,Poland,,,
8,1,Route Info,Route Info,Route Info,Route Info,Route Info,Route Info,Detour,Route Info,,,,,,7,8,Route Info,Route Info,Road Block,Route Info,Detour,Route Info,,,,,,,,India,South Asia,No,,,Rob & Amber,,,,,,,,,Portugal,,,
8,2,Route Info,Route Info,Route Info,Road Block,Route Info,Detour,,,,,,,,7,9,Route Info,Route Info,Route Info,Fast Forward,Detour,Route Info,Road Block,Route Info,,,,,,India,South Asia,Yes,,,Uchenna & Joyce,,,,,,,,,Puerto Rico,,,
8,3,Route Info,Detour,Route Info,Route Info,Road Block,Route Info,Route Info,,,,,,,7,10,Route Info,Route Info,Detour,Route Info,Road Block,Route Info,,,,,,,,Turkey,Middle East,No,,,Uchenna & Joyce,,,,,,,,,Romania,,,
8,4,Route Info,Route Info,Route Info,Route Info,Road Block,Route Info,Route Info,Route Info,Detour,Route Info,,,,7,11,Route Info,Route Info,Route Info,Detour,Route Info,Road Block,Route Info,,,,,,,England,Western Europe,Yes,,,Rob & Amber,,,,,,,,,Russia,,,
8,5,Route Info,Fast Forward,Detour,Route Info,Road Block,Route Info,,,,,,,,7,12,Route Info,Road Block,Route Info,Detour,Route Info,,,,,,,,,Jamaica,Caribbean,No,,,Ron & Kelly,,,,,,,,,Scotland,,,
8,6,Route Info,Route Info,Road Block,Route Info,Detour,Route Info,,,,,,,,7,Final,Route Info,Route Info,Detour,Route Info,Route Info,Road Block,Route Info,Route Info,Route Info,,,,,Puerto Rico\nUSA,Caribbean\nNorth America,Final Leg,,,Uchenna & Joyce,,,,,,,,,Senegal,,,
8,7,Route Info,Route Info,Detour,Route Info,Road Block,Route Info,,,,,,,,8,1,Route Info,Route Info,Route Info,Route Info,Route Info,Route Info,Detour,Route Info,,,,,,USA,North America,Yes,,,Godlewski Family,,,,,,,,,Seychelles,,,
8,8,Route Info,Road Block,Route Info,Route Info,Detour,Route Info,,,,,,,,8,2,Route Info,Route Info,Route Info,Road Block,Route Info,Detour,,,,,,,,USA,North America,Yes,,,Weaver Family,,,,,,,,,Singapore,,,
8,9,Route Info,Route Info,Route Info,Detour,Route Info,Route Info,Route Info,Road Block,Route Info,,,,,8,3,Route Info,Detour,Route Info,Route Info,Road Block,Route Info,Route Info,,,,,,,USA,North America,Yes,,,Bransen Family,,,,,,,,,Slovenia,,,
8,10,Route Info,Route Info,Route Info,Detour,Route Info,Route Info,Route Info,Road Block,Route Info,Route Info,,,,8,4,Route Info,Route Info,Route Info,Route Info,Road Block,Route Info,Route Info,Route Info,Detour,Route Info,,,,USA,North America,Yes,,,Bransen Family,,,,,,,,,South Africa,,,
8,11,Route Info,Detour,Route Info,Route Info,Road Block,Route Info,,,,,,,,8,5,Route Info,Fast Forward,Detour,Route Info,Road Block,Route Info,,,,,,,,Panama,Central America,No,,,Paolo Family,,,,,,,,,South Korea,,,
8,Final,Route Info,Detour,Route Info,Route Info,Road Block,Route Info,Route Info,Route Info,Detour,Route Info,Route Info,Road Block,,8,6,Route Info,Route Info,Road Block,Route Info,Detour,Route Info,,,,,,,,Costa Rica,Central America,Yes,Yield ,3,Paolo Family,,,,,,,,,Spain,,,
9,1,Route Info,Route Info,Detour,Route Info,Route Info,,,,,,,,,8,7,Route Info,Route Info,Detour,Route Info,Road Block,Route Info,,,,,,,,USA,North America,No,,,Godlewski Family,,,,,,,,,Sri Lanka,,,
9,2,Route Info,Road Block,Route Info,Detour,Route Info,,,,,,,,,8,8,Route Info,Road Block,Route Info,Route Info,Detour,Route Info,,,,,,,,USA,North America,Yes,,,Godlewski Family,,,,,,,,,Sweden,,,
9,3,Route Info,Route Info,Road Block,Route Info,Detour,Route Info,,,,,,,,8,9,Route Info,Route Info,Route Info,Detour,Route Info,Route Info,Route Info,Road Block,Route Info,,,,,USA,North America,No,Yield,8,Linz Family,,,,,,,,,Switzerland,,,
9,4,Route Info,Route Info,Route Info,Road Block,Route Info,Detour,Route Info,,,,,,,8,10,Route Info,Route Info,Route Info,Detour,Route Info,Route Info,Route Info,Road Block,Route Info,Route Info,,,,USA,North America,Yes,,,Bransen Family,,,,,,,,,Tanzania,,,
9,5,Route Info,Route Info,Detour,Route Info,Road Block,Route Info,,,,,,,,8,11,Route Info,Detour,Route Info,Route Info,Road Block,Route Info,,,,,,,,USA,North America,Yes,,,Bransen Family,,,,,,,,,Thailand,,,
9,6,Route Info,Route Info,Detour,Route Info,Road Block,Route Info,,,,,,,,8,Final,Route Info,Detour,Route Info,Route Info,Road Block,Route Info,Route Info,Route Info,Detour,Route Info,Route Info,Road Block,,Canada\nUSA,North America,Final Leg,,,Linz Family,,,,,,,,,Trinidad and Tabago,,,
9,7,Route Info,Route Info,Route Info,Fast Forward,Route Info,Road Block,Detour,Route Info,,,,,,9,1,Route Info,Route Info,Detour,Route Info,Route Info,,,,,,,,,Brazil,South America,Yes,,,Eric & Jeremy,,,,,,,,,Tunisia,,,
9,8,Route Info,Route Info,Detour,Route Info,Road Block,Route Info,,,,,,,,9,2,Route Info,Road Block,Route Info,Detour,Route Info,,,,,,,,,Brazil,South America,Yes,,,BJ & Tyler,,,,,,,,,Turkey,,,
9,9,Route Info,Route Info,Detour,Route Info,Road Block,Route Info,,,,,,,,9,3,Route Info,Route Info,Road Block,Route Info,Detour,Route Info,,,,,,,,Russia,Eastern Europe,No,,,Eric & Jeremy,,,,,,,,,UAE,,,
9,10,Route Info,Route Info,Route Info,Road Block,Route Info,Detour,Route Info,,,,,,,9,4,Route Info,Route Info,Route Info,Road Block,Route Info,Detour,Route Info,,,,,,,Germany,Central Europe,Yes,,,Eric & Jeremy,,,,,,,,,Uganda,,,
9,11,Route Info,Fast Forward,Road Block,Route Info,Detour,Route Info,,,,,,,,9,5,Route Info,Route Info,Detour,Route Info,Road Block,Route Info,,,,,,,,Italy,Southern Europe,Yes,Yield,5,BJ & Tyler,,,,,,,,,Ukraine,,,
9,12,Route Info,Route Info,Route Info,Detour,Route Info,Route Info,Road Block,Route Info,,,,,,9,6,Route Info,Route Info,Detour,Route Info,Road Block,Route Info,,,,,,,,Italy,Southern Europe,Yes,,,Eric & Jeremy,,,,,,,,,Uruguay,,,
9,Final,Route Info,Route Info,Detour,Route Info,Route Info,Route Info,Road Block,,,,,,,9,7,Route Info,Route Info,Route Info,Fast Forward,Route Info,Road Block,Detour,Route Info,,,,,,Greece,Southern Europe,Yes,,,Eric & Jeremy,,,,,,,,,USA,,,
10,1,Route Info,Road Block,Route Info,Route Info,Detour,Route Info,,,,,,,,9,8,Route Info,Route Info,Detour,Route Info,Road Block,Route Info,,,,,,,,Oman,Middle East,No,,,Fran & Barry,,,,,,,,,Vietnam,,,
10,2,Route Info,Route Info,Detour,Route Info,Road Block,,,,,,,,,9,9,Route Info,Route Info,Detour,Route Info,Road Block,Route Info,,,,,,,,Australia,Oceania,Yes,,,Eric & Jeremy,,,,,,,,,Virgin Islands,,,
10,3,Route Info,Route Info,Route Info,Road Block,Route Info,Detour,Route Info,,,,,,,9,10,Route Info,Route Info,Route Info,Road Block,Route Info,Detour,Route Info,,,,,,,Australia,Oceania,No,Yield,4,Ray & Yolanda,,,,,,,,,Wales,,,
10,4,Route Info,Route Info,Road Block,Route Info,Detour,Route Info,,,,,,,,9,11,Route Info,Fast Forward,Road Block,Route Info,Detour,Route Info,,,,,,,,Thailand,South East Asia,Yes,,,BJ & Tyler,,,,,,,,,Zambia,,,
10,5,Route Info,Route Info,Detour,Route Info,Road Block,Route Info,,,,,,,,9,12,Route Info,Route Info,Route Info,Detour,Route Info,Route Info,Road Block,Route Info,,,,,,Japan,East Asia,No,,,BJ & Tyler,,,,,,,,,Zimbabwe,,,
10,6,Route Info,Fast Forward,Road Block,Route Info,Detour,Route Info,,,,,,,,9,Final,Route Info,Route Info,Detour,Route Info,Route Info,Route Info,Road Block,,,,,,,USA,North America,Final Leg,,,BJ & Tyler,,,,,,,,,,,,
10,7,Route Info,Route Info,Road Block,Route Info,Detour,Route Info,,,,,,,,10,1,Route Info,Road Block,Route Info,Route Info,Detour,Route Info,,,,,,,,China,East Asia,Yes,,,Tyler & James,,,,,,,,,,,,
10,8,Route Info,Fast Forward,Detour,Route Info,Road Block,,,,,,,,,10,2,Route Info,Route Info,Detour,Route Info,Road Block,,,,,,,,,Mongolia,East Asia,Yes,,,Peter & Sarah,,,,,,,,,,,,
10,9,Route Info,Route Info,Detour,Route Info,Road Block,Route Info,Route Info,Route Info,Route Info,Road Block,Route Info,Detour,Route Info,10,3,Route Info,Route Info,Route Info,Road Block,Route Info,Detour,Route Info,,,,,,,Vietnam,South East Asia,Yes,,,Erwin & Godwin,,,,,,,,,,,,
10,10,Route Info,Route Info,Road Block,Route Info,Detour,Route Info,,,,,,,,10,4,Route Info,Route Info,Road Block,Route Info,Detour,Route Info,,,,,,,,Vietnam,South East Asia,Yes,,,Rob & Kimberly,,,,,,,,,,,,
10,11,Route Info,Road Block,Route Info,Detour,Route Info,,,,,,,,,10,5,Route Info,Route Info,Detour,Route Info,Road Block,Route Info,,,,,,,,India,South Asia,No,,,Peter & Sarah,,,,,,,,,,,,
10,Final,Route Info,Route Info,Route Info,Road Block,Route Info,Detour,Route Info,Route Info,Route Info,,,,,10,6,Route Info,Fast Forward,Road Block,Route Info,Detour,Route Info,,,,,,,,Kuwait,Middle East,Yes,,,David & Mary,,,,,,,,,,,,
11,1,Route Info,Route Info,Route Info,Detour,Route Info,,,,,,,,,10,7,Route Info,Route Info,Road Block,Route Info,Detour,Route Info,,,,,,,,Mauritius,Southern Africa,No,,,Dustin & Kandice,,,,,,,,,,,,
11,2,Route Info,Road Block,Route Info,Detour,Route Info,,,,,,,,,10,8,Route Info,Fast Forward,Detour,Route Info,Road Block,,,,,,,,,Madagascar,Southern Africa,Yes,Intersection,2 thru 3,Dustin & Kandice,,,,,,,,,,,,
11,3,Route Info,Route Info,Road Block,Route Info,Detour,Route Info,,,,,,,,10,9,Route Info,Route Info,Detour,Route Info,Road Block,Route Info,Route Info,Route Info,Route Info,Road Block,Route Info,Detour,Route Info,Finland\nUkraine,Northern Europe\nEastern Europe,Yes,,,Tyler & James,,,,,,,,,,,,
11,4,Route Info,Detour,Route Info,Route Info,Road Block,Route Info,,,,,,,,10,10,Route Info,Route Info,Road Block,Route Info,Detour,Route Info,,,,,,,,Morocco,Northern Africa,No,,,Tyler & James,,,,,,,,,,,,
11,5,Route Info,Route Info,Road Block,Route Info,Detour,Route Info,,,,,,,,10,11,Route Info,Road Block,Route Info,Detour,Route Info,,,,,,,,,Spain,Western Europe,Yes,,,Rob & Kimberly,,,,,,,,,,,,
11,6,Route Info,Detour,Route Info,Road Block,Route Info,,,,,,,,,10,Final,Route Info,Route Info,Route Info,Road Block,Route Info,Detour,Route Info,Route Info,Route Info,,,,,France\nUSA,Western Europe\nNorth America,Final Leg,,,Tyler & James,,,,,,,,,,,,
11,7,Route Info,Detour,Route Info,Road Block,Route Info,,,,,,,,,11,1,Route Info,Route Info,Route Info,Detour,Route Info,,,,,,,,,Ecuador,South America,Yes,,,Rob & Amber,,,,,,,,,,,,
11,8,Route Info,Route Info,Fast Forward,Detour,Route Info,Road Block,,,,,,,,11,2,Route Info,Road Block,Route Info,Detour,Route Info,,,,,,,,,Chile,South America,Yes,,,Rob & Amber,,,,,,,,,,,,
11,9,Route Info,Route Info,Detour,Route Info,Road Block,Route Info,,,,,,,,11,3,Route Info,Route Info,Road Block,Route Info,Detour,Route Info,,,,,,,,Chile,South America,Yes,,,Rob & Amber,,,,,,,,,,,,
11,10,Route Info,Fast Forward,Detour,Route Info,Road Block,Route Info,Route Info,,,,,,,11,4,Route Info,Detour,Route Info,Route Info,Road Block,Route Info,,,,,,,,Argentina,South America,Yes,,,Oswald & Danny,,,,,,,,,,,,
11,11,Route Info,Route Info,Road Block,Route Info,Detour,Route Info,Route Info,,,,,,,11,5,Route Info,Route Info,Road Block,Route Info,Detour,Route Info,,,,,,,,Mozambique,East Africa,No,,,Charla & Mirna,,,,,,,,,,,,
11,12,Route Info,Detour,Route Info,Road Block,Route Info,,,,,,,,,11,6,Route Info,Detour,Route Info,Road Block,Route Info,,,,,,,,,Tanzania,East Africa,Yes,,,Charla & Mirna,,,,,,,,,,,,
11,Final,Route Info,Detour,Route Info,Route Info,Road Block,Route Info,Route Info,Route Info,,,,,,11,7,Route Info,Detour,Route Info,Road Block,Route Info,,,,,,,,,Poland,Eastern Europe,No,,,Dustin & Kandice,,,,,,,,,,,,
12,1,Route Info,Route Info,Road Block,Route Info,Route Info,,,,,,,,,11,8,Route Info,Route Info,Fast Forward,Detour,Route Info,Road Block,,,,,,,,Poland,Eastern Europe,Yes,Intersection,3 thru 4,Oswald & Danny\nUchenna & Joyce,,,,,,,,,,,,
12,2,Route Info,Detour,Route Info,Road Block,Route Info,,,,,,,,,11,9,Route Info,Route Info,Detour,Route Info,Road Block,Route Info,,,,,,,,Malaysia,South East Asia,Yes,Yield,3,Dustin & Kandice,,,,,,,,,,,,
12,3,Route Info,Route Info,Road Block,Route Info,Detour,Route Info,,,,,,,,11,10,Route Info,Fast Forward,Detour,Route Info,Road Block,Route Info,Route Info,,,,,,,China,East Asia,No,,,Oswald & Danny,,,,,,,,,,,,
12,4,Route Info,Route Info,Detour,Route Info,Route Info,Road Block,Route Info,,,,,,,11,11,Route Info,Route Info,Road Block,Route Info,Detour,Route Info,Route Info,,,,,,,China,East Asia,No,Yield,3,Dustin & Kandice,,,,,,,,,,,,
12,5,Route Info,Road Block,Route Info,Route Info,Detour,Route Info,,,,,,,,11,12,Route Info,Detour,Route Info,Road Block,Route Info,,,,,,,,,Guam,Oceania,Yes,,,Dustin & Kandice,,,,,,,,,,,,
12,6,Route Info,Road Block,Route Info,Detour,Route Info,,,,,,,,,11,Final,Route Info,Detour,Route Info,Route Info,Road Block,Route Info,Route Info,Route Info,,,,,,USA,North America,Final Leg,,,Eric & Danielle,,,,,,,,,,,,
12,7,Route Info,Route Info,Fast Forward,Road Block,Route Info,Detour,Route Info,,,,,,,12,1,Route Info,Route Info,Road Block,Route Info,Route Info,,,,,,,,,Ireland,Western Europe,Yes,,,Azaria & Hendekea,,,,,,,,,,,,
12,8,Route Info,Route Info,Speed Bump,Detour,Route Info,Route Info,Road Block,Route Info,,,,,,12,2,Route Info,Detour,Route Info,Road Block,Route Info,,,,,,,,,Netherlands,Central Europe,Yes,,,Lorena & Jason,,,,,,,,,,,,
12,9,Route Info,Route Info,Road Block,Route Info,Detour,Route Info,,,,,,,,12,3,Route Info,Route Info,Road Block,Route Info,Detour,Route Info,,,,,,,,Burkina Faso,West Africa,Yes,,,Azaria & Hendekea,,,,,,,,,,,,
12,10,Route Info,Route Info,Route Info,Road Block,Speed Bump,Route Info,Route Info,Detour,Route Info,,,,,12,4,Route Info,Route Info,Detour,Route Info,Route Info,Road Block,Route Info,,,,,,,Burkina Faso,West Africa,Yes,U-Turn,5,Azaria & Hendekea,,,,,,,,,,,,
12,Final,Route Info,Route Info,Detour,Route Info,Route Info,Road Block,Route Info,Route Info,Route Info,,,,,12,5,Route Info,Road Block,Route Info,Route Info,Detour,Route Info,,,,,,,,Lithuania,Eastern Europe,Yes,,,TK & Rachel,,,,,,,,,,,,
13,1,Route Info,Route Info,Route Info,Route Info,Detour,Route Info,,,,,,,,12,6,Route Info,Road Block,Route Info,Detour,Route Info,,,,,,,,,Croatia,Southern Europe,Yes,,,Ron & Christina,,,,,,,,,,,,
13,2,Route Info,Route Info,Detour,Route Info,Road Block,Route Info,,,,,,,,12,7,Route Info,Route Info,Fast Forward,Road Block,Route Info,Detour,Route Info,,,,,,,Italy,Southern Europe,No,,,Nicolas & Donald,,,,,,,,,,,,
13,3,Route Info,Route Info,Detour,Route Info,Road Block,Route Info,,,,,,,,12,8,Route Info,Route Info,Speed Bump,Detour,Route Info,Route Info,Road Block,Route Info,,,,,,India,South Asia,Yes,U-Turn,6,TK & Rachel,,,,,,,,,,,,
13,4,Route Info,Fast Forward,Route Info,Road Block,Route Info,Route Info,Route Info,Detour,Route Info,,,,,12,9,Route Info,Route Info,Road Block,Route Info,Detour,Route Info,,,,,,,,Japan,East Asia,No,,,Ron & Christina,,,,,,,,,,,,
13,5,Route Info,Route Info,Route Info,Detour,Route Info,Road Block,Route Info,,,,,,,12,10,Route Info,Route Info,Route Info,Road Block,Speed Bump,Route Info,Route Info,Detour,Route Info,,,,,Taiwan,East Asia,Yes,,,Ron & Christina,,,,,,,,,,,,
13,6,Route Info,Road Block,Route Info,Detour,Route Info,,,,,,,,,12,Final,Route Info,Route Info,Detour,Route Info,Route Info,Road Block,Route Info,Route Info,Route Info,,,,,USA,,Final Leg,,,TK & Rachel,,,,,,,,,,,,
13,7,Route Info,Road Block,Route Info,Speed Bump,Detour,Route Info,,,,,,,,13,1,Route Info,Route Info,Route Info,Route Info,Detour,Route Info,,,,,,,,Brazil,South America,Yes,,,Nick & Starr,,,,,,,,,,,,
13,8,Route Info,Road Block,Fast Forward,Route Info,Detour,Route Info,,,,,,,,13,2,Route Info,Route Info,Detour,Route Info,Road Block,Route Info,,,,,,,,Brazil,South America,Yes,,,Ken & Tina,,,,,,,,,,,,
13,9,Route Info,Route Info,Detour,Route Info,Road Block,Route Info,,,,,,,,13,3,Route Info,Route Info,Detour,Route Info,Road Block,Route Info,,,,,,,,Bolivia,South America,Yes,U-Turn,4,Ken & Tina,,,,,,,,,,,,
13,10,Route Info,Route Info,Road Block,Route Info,Speed Bump,Detour,Route Info,,,,,,,13,4,Route Info,Fast Forward,Route Info,Road Block,Route Info,Route Info,Route Info,Detour,Route Info,,,,,New Zealand,Oceania,Yes,,,Ken & Tina,,,,,,,,,,,,
13,Final,Route Info,Detour,Route Info,Route Info,Route Info,Route Info,Route Info,Route Info,,,,,,13,5,Route Info,Route Info,Route Info,Detour,Route Info,Road Block,Route Info,,,,,,,Cambodia,South East Asia,Yes,,,Nick & Starr,,,,,,,,,,,,
14,1,Route Info,Route Info,Road Block,Route Info,Route Info,Route Info,,,,,,,,13,6,Route Info,Road Block,Route Info,Detour,Route Info,,,,,,,,,India,South Asia,No,,,Nick & Starr,,,,,,,,,,,,
14,2,Route Info,Road Block,Route Info,Detour,Route Info,Route Info,,,,,,,,13,7,Route Info,Road Block,Route Info,Speed Bump,Detour,Route Info,,,,,,,,India,South Asia,Yes,,,Nick & Starr,,,,,,,,,,,,
14,3,Route Info,Road Block,Route Info,Detour,Route Info,,,,,,,,,13,8,Route Info,Road Block,Fast Forward,Route Info,Detour,Route Info,,,,,,,,Kazakhstan,Central Asia,Yes,,,Nick & Starr,,,,,,,,,,,,
14,4,Route Info,Route Info,Detour,Route Info,Route Info,Road Block,Route Info,,,,,,,13,9,Route Info,Route Info,Detour,Route Info,Road Block,Route Info,,,,,,,,Russia,Eastern Europe,No,,,Toni & Dallas,,,,,,,,,,,,
14,5,Route Info,Detour,Route Info,Road Block,,,,,,,,,,13,10,Route Info,Route Info,Road Block,Route Info,Speed Bump,Detour,Route Info,,,,,,,Russia,Eastern Europe,Yes,,,Nick & Starr,,,,,,,,,,,,
14,6,Route Info,Route Info,Road Block,Route Info,Speed Bump,Detour,Route Info,,,,,,,13,Final,Route Info,Detour,Route Info,Route Info,Route Info,Route Info,Route Info,Route Info,,,,,,USA,North America,Final Leg,,,Nick & Starr,,,,,,,,,,,,
14,7,Route Info,Fast Forward,Route Info,Route Info,Detour,Route Info,,,,,,,,14,1,Route Info,Route Info,Road Block,Route Info,Route Info,Route Info,,,,,,,,Switzerland,Central Europe,Yes,,,Margie & Luke,,,,,,,,,,,,
14,8,Route Info,Road Block,Route Info,Detour,Route Info,,,,,,,,,14,2,Route Info,Road Block,Route Info,Detour,Route Info,Route Info,,,,,,,,Germany\nAustria,Central Europe\nCentral Europe,Yes,,,Tammy & Victor,,,,,,,,,,,,
14,9,Route Info,Speed Bump,Route Info,Road Block,Detour,Route Info,,,,,,,,14,3,Route Info,Road Block,Route Info,Detour,Route Info,,,,,,,,,Germany\nRomania,Central Europe\nEastern Europe,Yes,U-Turn,4,Mel & Mike,,,,,,,,,,,,
14,10,Route Info,Road Block,Route Info,Detour,Route Info,,,,,,,,,14,4,Route Info,Route Info,Detour,Route Info,Route Info,Road Block,Route Info,,,,,,,Russia,Eastern Europe,Yes,,,Christie & Jodi,,,,,,,,,,,,
14,11,Route Info,Route Info,Route Info,Detour,Route Info,Route Info,Road Block,Route Info,,,,,,14,5,Route Info,Detour,Route Info,Road Block,,,,,,,,,,Russia,Eastern Europe,No,,,Margie & Luke,,,,,,,,,,,,
14,Final,Route Info,Route Info,Route Info,Road Block,Route Info,,,,,,,,,14,6,Route Info,Route Info,Road Block,Route Info,Speed Bump,Detour,Route Info,,,,,,,India,South Asia,Yes,,,Tammy & Victor,,,,,,,,,,,,
15,1,Route Info,Road Block,Route Info,,,,,,,,,,,14,7,Route Info,Fast Forward,Route Info,Route Info,Detour,Route Info,,,,,,,,Thailand,South East Asia,Yes,,,Tammy & Victor,,,,,,,,,,,,
15,2,Route Info,Speed Bump,Route Info,Route Info,Road Block,Route Info,,,,,,,,14,8,Route Info,Road Block,Route Info,Detour,Route Info,,,,,,,,,Thailand,South East Asia,No,,,Margie & Luke,,,,,,,,,,,,
15,3,Route Info,Route Info,Detour,Route Info,Road Block,Route Info,,,,,,,,14,9,Route Info,Speed Bump,Route Info,Road Block,Detour,Route Info,,,,,,,,China,East Asia,Yes,,,Kisha & Jen,,,,,,,,,,,,
15,4,Route Info,Route Info,Detour,Route Info,Road Block,Route Info,,,,,,,,14,10,Route Info,Road Block,Route Info,Detour,Route Info,,,,,,,,,China,East Asia,No,,,Jaime & Cara,,,,,,,,,,,,
15,5,Route Info,Fast Forward,Route Info,Road Block,Route Info,Detour,Route Info,,,,,,,14,11,Route Info,Route Info,Route Info,Detour,Route Info,Route Info,Road Block,Route Info,,,,,,China,East Asia,Yes,U-Turn,6,Tammy & Victor,,,,,,,,,,,,
15,6,Route Info,Road Block,Route Info,Detour,Route Info,Route Info,,,,,,,,14,Final,Route Info,Route Info,Route Info,Road Block,Route Info,,,,,,,,,USA,North America,Final Leg,,,Tammy & Victor,,,,,,,,,,,,
15,7,Route Info,Route Info,Road Block,Route Info,Detour,Route Info,,,,,,,,15,1,Route Info,Road Block,Route Info,,,,,,,,,,,Japan,East Asia,Yes,,,Meghan & Cheyne,,,,,,,,,,,,
15,8,Route Info,Route Info,Route Info,Detour,Road Block,Route Info,,,,,,,,15,2,Route Info,Speed Bump,Route Info,Route Info,Road Block,Route Info,,,,,,,,Vietnam,South East Asia,Yes,,,Gary & Matt,,,,,,,,,,,,
15,9,Route Info,Speed Bump,Road Block,Route Info,Detour,Route Info,,,,,,,,15,3,Route Info,Route Info,Detour,Route Info,Road Block,Route Info,,,,,,,,Vietnam,South East Asia,Yes,U-Turn,4,Flight Time & Big Easy,,,,,,,,,,,,
15,10,Route Info,Route Info,Detour,Route Info,Road Block,Route Info,,,,,,,,15,4,Route Info,Route Info,Detour,Route Info,Road Block,Route Info,,,,,,,,Cambodia,South East Asia,Yes,,,Sam & Dan,,,,,,,,,,,,
15,11,Route Info,Road Block,Route Info,Road Block,Route Info,Route Info,Route Info,Detour,Route Info,,,,,15,5,Route Info,Fast Forward,Route Info,Road Block,Route Info,Detour,Route Info,,,,,,,UAE,Middle East,Yes,,,Meghan & Cheyne,,,,,,,,,,,,
15,Final,Route Info,Route Info,Road Block,Route Info,Route Info,Route Info,Route Info,Route Info,Route Info,,,,,15,6,Route Info,Road Block,Route Info,Detour,Route Info,Route Info,,,,,,,,UAE,Middle East,Yes,,,Meghan & Cheyne,,,,,,,,,,,,
16,1,Route Info,Road Block,Route Info,Route Info,Route Info,,,,,,,,,15,7,Route Info,Route Info,Road Block,Route Info,Detour,Route Info,,,,,,,,Netherlands,Central Europe,Yes,,,Sam & Dan,,,,,,,,,,,,
16,2,Route Info,Detour,Route Info,Road Block,Route Info,,,,,,,,,15,8,Route Info,Route Info,Route Info,Detour,Road Block,Route Info,,,,,,,,Sweden,Northern Europe,No,,,Flight Time & Big Easy,,,,,,,,,,,,
16,3,Route Info,Route Info,Road Block,Route Info,Detour,Route Info,,,,,,,,15,9,Route Info,Speed Bump,Road Block,Route Info,Detour,Route Info,,,,,,,,Estonia,Eastern Europe,Yes,,,Meghan & Cheyne,,,,,,,,,,,,
16,4,Route Info,Road Block,Route Info,Detour,Route Info,Route Info,,,,,,,,15,10,Route Info,Route Info,Detour,Route Info,Road Block,Route Info,,,,,,,,Czech Republic,Central Europe,No,U-Turn,4,Meghan & Cheyne,,,,,,,,,,,,
16,5,Route Info,Route Info,Speed Bump,Detour,Route Info,Route Info,Route Info,,,,,,,15,11,Route Info,Road Block,Route Info,Road Block,Route Info,Route Info,Route Info,Detour,Route Info,,,,,Czech Republic,Central Europe,Yes,,,Meghan & Cheyne,,,,,,,,,,,,
16,6,Route Info,Route Info,Road Block,Route Info,Detour,Route Info,,,,,,,,15,Final,Route Info,Route Info,Road Block,Route Info,Route Info,Route Info,Route Info,Route Info,Route Info,,,,,USA,North America,Final Leg,,,Meghan & Cheyne,,,,,,,,,,,,
16,7,Route Info,Route Info,Detour,Route Info,Road Block,Route Info,,,,,,,,16,1,Route Info,Road Block,Route Info,Route Info,Route Info,,,,,,,,,Chile,South America,Yes,,,Jordan & Jeff,,,,,,,,,,,,
16,8,Route Info,Detour,Route Info,Speed Bump,Road Block,Route Info,,,,,,,,16,2,Route Info,Detour,Route Info,Road Block,Route Info,,,,,,,,,Chile,South America,Yes,,,Jet & Cord,,,,,,,,,,,,
16,9,Route Info,Fast Forward,Detour,Route Info,Route Info,Road Block,Route Info,Route Info,Route Info,,,,,16,3,Route Info,Route Info,Road Block,Route Info,Detour,Route Info,,,,,,,,Argentina,South America,Yes,,,Jet & Cord,,,,,,,,,,,,
16,10,Route Info,Road Block,Route Info,Route Info,Route Info,Road Block,Route Info,,,,,,,16,4,Route Info,Road Block,Route Info,Detour,Route Info,Route Info,,,,,,,,Germany,Central Europe,No,Intersection,2,Louie & Michael,,,,,,,,,,,,
16,11,Route Info,Route Info,Speed Bump,Road Block,Route Info,Detour,Route Info,,,,,,,16,5,Route Info,Route Info,Speed Bump,Detour,Route Info,Route Info,Route Info,,,,,,,France,Western Europe,Yes,U-Turn,6,Louie & Michael,,,,,,,,,,,,
16,Final,Route Info,Route Info,Road Block,Route Info,Route Info,Route Info,Route Info,Route Info,Route Info,,,,,16,6,Route Info,Route Info,Road Block,Route Info,Detour,Route Info,,,,,,,,France,Western Europe,Yes,,,Louie & Michael,,,,,,,,,,,,
17,1,Route Info,Route Info,Route Info,Road Block,Route Info,,,,,,,,,16,7,Route Info,Route Info,Detour,Route Info,Road Block,Route Info,,,,,,,,Seychelles,East Africa,No,,,Steve & Allie,,,,,,,,,,,,
17,2,Route Info,Route Info,Road Block,Route Info,Detour,Route Info,,,,,,,,16,8,Route Info,Detour,Route Info,Speed Bump,Road Block,Route Info,,,,,,,,Malaysia,South East Asia,Yes,,,Jet & Cord,,,,,,,,,,,,
17,3,Route Info,Road Block,Route Info,Route Info,Route Info,Detour,Route Info,,,,,,,16,9,Route Info,Fast Forward,Detour,Route Info,Route Info,Road Block,Route Info,Route Info,Route Info,,,,,Singapore,South East Asia,Yes,,,Dan & Jordan,,,,,,,,,,,,
17,4,Route Info,Speed Bump,Route Info,Road Block,Route Info,Detour,Route Info,,,,,,,16,10,Route Info,Road Block,Route Info,Route Info,Route Info,Road Block,Route Info,,,,,,,China,East Asia,No,,,Jet & Cord,,,,,,,,,,,,
17,5,Route Info,Fast Forward,Route Info,Road Block,Route Info,Detour,Route Info,,,,,,,16,11,Route Info,Route Info,Speed Bump,Road Block,Route Info,Detour,Route Info,,,,,,,China,East Asia,Yes,,,Brent & Caite,,,,,,,,,,,,
17,6,Route Info,Detour,Route Info,Route Info,Road Block,Route Info,,,,,,,,16,Final,Route Info,Route Info,Road Block,Route Info,Route Info,Route Info,Route Info,Route Info,Route Info,,,,,USA,North America,Final Leg,,,Dan & Jordan,,,,,,,,,,,,
17,7,Route Info,Detour,Route Info,Route Info,Route Info,Road Block,Route Info,,,,,,,17,1,Route Info,Route Info,Route Info,Road Block,Route Info,,,,,,,,,England,Western Europe,Yes,Express Pass,5,Jill & Thomas,,,,,,,,,,,,
17,8,Route Info,Route Info,Road Block,Route Info,Detour,Route Info,Route Info,,,,,,,17,2,Route Info,Route Info,Road Block,Route Info,Detour,Route Info,,,,,,,,Ghana,West Africa,Yes,,,Brook & Claire,,,,,,,,,,,,
17,9,Route Info,Detour,Route Info,Route Info,Road Block,Route Info,,,,,,,,17,3,Route Info,Road Block,Route Info,Route Info,Route Info,Detour,Route Info,,,,,,,Ghana,West Africa,No,,,Connor & Jonathan,,,,,,,,,,,,
17,10,Route Info,Route Info,Road Block,Route Info,Detour,Route Info,,,,,,,,17,4,Route Info,Speed Bump,Route Info,Road Block,Route Info,Detour,Route Info,,,,,,,Sweden,Northern Europe,Yes,,,Nat & Kat,,,,,,,,,,,,
17,11,Route Info,Route Info,Speed Bump,Road Block,Route Info,Detour,Route Info,Route Info,,,,,,17,5,Route Info,Fast Forward,Route Info,Road Block,Route Info,Detour,Route Info,,,,,,,Norway,Northern Europe,Yes,,,Nat & Kat,,,,,,,,,,,,
17,Final,Route Info,Route Info,Route Info,Road Block,Route Info,Route Info,Route Info,,,,,,,17,6,Route Info,Detour,Route Info,Route Info,Road Block,Route Info,,,,,,,,Russia,Eastern Europe,No,,,Jill & Thomas,,,,,,,,,,,,
18,1,Route Info,Route Info,Road Block,Route Info,Route Info,,,,,,,,,17,7,Route Info,Detour,Route Info,Route Info,Route Info,Road Block,Route Info,,,,,,,Russia,Eastern Europe,Yes,,,Nat & Kat,,,,,,,,,,,,
18,2,Route Info,Route Info,Route Info,Detour,Route Info,Route Info,Route Info,,,,,,,17,8,Route Info,Route Info,Road Block,Route Info,Detour,Route Info,Route Info,,,,,,,Oman,Middle East,Yes,,,Chad & Stephanie,,,,,,,,,,,,
18,3,Route Info,Route Info,Road Block,Route Info,Detour,Route Info,,,,,,,,17,9,Route Info,Detour,Route Info,Route Info,Road Block,Route Info,,,,,,,,Bangladesh,South Asia,Yes,Double U-Turn,4,Jill & Thomas,,,,,,,,,,,,
18,4,Route Info,Route Info,Route Info,Road Block,Route Info,Route Info,Detour,Route Info,,,,,,17,10,Route Info,Route Info,Road Block,Route Info,Detour,Route Info,,,,,,,,China,East Asia,No,,,Nat & Kat,,,,,,,,,,,,
18,5,Route Info,Route Info,Detour,Route Info,Route Info,Road Block,Route Info,,,,,,,17,11,Route Info,Route Info,Speed Bump,Road Block,Route Info,Detour,Route Info,Route Info,,,,,,South Korea,East Asia,Yes,,,Jill & Thomas,,,,,,,,,,,,
18,6,Route Info,Route Info,Road Block,Route Info,Detour,Route Info,,,,,,,,17,Final,Route Info,Route Info,Route Info,Road Block,Route Info,Route Info,Route Info,,,,,,,USA,North America,Final Leg,,,Nat & Kat,,,,,,,,,,,,
18,7,Route Info,Road Block,Route Info,Detour,Route Info,,,,,,,,,18,1,Route Info,Route Info,Road Block,Route Info,Route Info,,,,,,,,,Australia,Oceania,No,Express Pass,5,Gary & Mallory,,,,,,,,,,,,
18,8,Route Info,Route Info,Route Info,Detour,Route Info,Road Block,Route Info,,,,,,,18,2,Route Info,Route Info,Route Info,Detour,Route Info,Route Info,Route Info,,,,,,,Australia,Oceania,Yes,,,Zev & Justin,,,,,,,,,,,,
18,9,Route Info,Speed Bump,Road Block,Route Info,Detour,Route Info,Route Info,,,,,,,18,3,Route Info,Route Info,Road Block,Route Info,Detour,Route Info,,,,,,,,Japan,East Asia,Yes,,,Zev & Justin,,,,,,,,,,,,
18,10,Route Info,Detour,Route Info,Road Block,Route Info,,,,,,,,,18,4,Route Info,Route Info,Route Info,Road Block,Route Info,Route Info,Detour,Route Info,,,,,,China,East Asia,No,,,Margie & Luke,,,,,,,,,,,,
18,11,Route Info,Route Info,Road Block,Route Info,Route Info,Detour,Route Info,,,,,,,18,5,Route Info,Route Info,Detour,Route Info,Route Info,Road Block,Route Info,,,,,,,China,East Asia,Yes,Double U-Turn,5,Jet & Cord,,,,,,,,,,,,
18,Final,Route Info,Road Block,Route Info,Road Block,Route Info,Route Info,Route Info,Route Info,Route Info,,,,,18,6,Route Info,Route Info,Road Block,Route Info,Detour,Route Info,,,,,,,,India,South Asia,Yes,,,Gary & Mallory,,,,,,,,,,,,
19,1,Route Info,Route Info,Road Block,Route Info,Hazard,Route Info,Route Info,Route Info,,,,,,18,7,Route Info,Road Block,Route Info,Detour,Route Info,,,,,,,,,India,South Asia,Yes,,,Flight Time & Big Easy,,,,,,,,,,,,
19,2,Route Info,Route Info,Speed Bump,Road Block,Detour,Route Info,,,,,,,,18,8,Route Info,Route Info,Route Info,Detour,Route Info,Road Block,Route Info,,,,,,,Austria,Central Europe,No,,,Zev & Justin,,,,,,,,,,,,
19,3,Route Info,Route Info,Detour,Route Info,Road Block,Route Info,,,,,,,,18,9,Route Info,Speed Bump,Road Block,Route Info,Detour,Route Info,Route Info,,,,,,,Liechtenstein\nSwitzerland,Central Europe\nCentral Europe,Yes,Double U-Turn,7,Zev & Justin,,,,,,,,,,,,
19,4,Route Info,Detour,Route Info,Road Block,Route Info,,,,,,,,,18,10,Route Info,Detour,Route Info,Road Block,Route Info,,,,,,,,,Switzerland,Central Europe,Yes,,,Flight Time & Big Easy,,,,,,,,,,,,
19,5,Route Info,Speed Bump,Road Block,Route Info,Road Block,Route Info,Route Info,,,,,,,18,11,Route Info,Route Info,Road Block,Route Info,Route Info,Detour,Route Info,,,,,,,Brazil,South America,Yes,,,Gary & Mallory,,,,,,,,,,,,
19,6,Route Info,Road Block,Route Info,Detour,Route Info,Route Info,,,,,,,,18,Final,Route Info,Road Block,Route Info,Road Block,Route Info,Route Info,Route Info,Route Info,Route Info,,,,,USA,North America,Final Leg,,,Kisha & Jen,,,,,,,,,,,,
19,7,Route Info,Speed Bump,Road Block,Detour,Route Info,Route Info,,,,,,,,19,1,Route Info,Route Info,Road Block,Route Info,Hazard,Route Info,Route Info,Route Info,,,,,,Taiwan,East Asia,No,Express Pass,8,Ernie & Cindy,,,,,,,,,,,,
19,8,Route Info,Route Info,Road Block,Route Info,Detour,Route Info,Route Info,,,,,,,19,2,Route Info,Route Info,Speed Bump,Road Block,Detour,Route Info,,,,,,,,Indonesia,South East Asia,Yes,,,Andy & Tommy,,,,,,,,,,,,
19,9,Route Info,Road Block,Route Info,Route Info,Route Info,Route Info,Route Info,Route Info,,,,,,19,3,Route Info,Route Info,Detour,Route Info,Road Block,Route Info,,,,,,,,Indonesia,South East Asia,Yes,,,Andy & Tommy,,,,,,,,,,,,
19,10,Route Info,Road Block,Route Info,Detour,Route Info,Route Info,Route Info,,,,,,,19,4,Route Info,Detour,Route Info,Road Block,Route Info,,,,,,,,,Thailand,South East Asia,No,,,Andy & Tommy,,,,,,,,,,,,
19,11,Route Info,Route Info,Route Info,Road Block,Route Info,Detour,Route Info,,,,,,,19,5,Route Info,Speed Bump,Road Block,Route Info,Road Block,Route Info,Route Info,,,,,,,Thailand,South East Asia,Yes,,,Amani & Marcus,,,,,,,,,,,,
19,Final,Route Info,Route Info,Route Info,Road Block,Route Info,Route Info,Route Info,,,,,,,19,6,Route Info,Road Block,Route Info,Detour,Route Info,Route Info,,,,,,,,Malawi,East Africa,No,,,Andy & Tommy,,,,,,,,,,,,
20,1,Route Info,Route Info,Route Info,Road Block,Route Info,Route Info,,,,,,,,19,7,Route Info,Speed Bump,Road Block,Detour,Route Info,Route Info,,,,,,,,Malawi,East Africa,Yes,Double U-Turn,5,Andy & Tommy,,,,,,,,,,,,
20,2,Route Info,Detour,Route Info,Road Block,Route Info,,,,,,,,,19,8,Route Info,Route Info,Road Block,Route Info,Detour,Route Info,Route Info,,,,,,,Denmark,Northern Europe,Yes,Double U-Turn,7,Ernie & Cindy,,,,,,,,,,,,
20,3,Route Info,Detour,Route Info,Road Block,Route Info,,,,,,,,,19,9,Route Info,Road Block,Route Info,Route Info,Route Info,Route Info,Route Info,Route Info,,,,,,Germany\nBelgium,Central Europe\nCentral Europe,No,,,Amani & Marcus,,,,,,,,,,,,
20,4,Route Info,Fast Forward,Road Block,Route Info,Route Info,Detour,Route Info,,,,,,,19,10,Route Info,Road Block,Route Info,Detour,Route Info,Route Info,Route Info,,,,,,,Belgium,Central Europe,Yes,,,Andy & Tommy,,,,,,,,,,,,
20,5,Route Info,Speed Bump,Detour,Route Info,Route Info,Road Block,Route Info,,,,,,,19,11,Route Info,Route Info,Route Info,Road Block,Route Info,Detour,Route Info,,,,,,,Netherlands\nPanama,Central Europe\nCentral America,Yes,,,Jeremy & Sandy,,,,,,,,,,,,
20,6,Route Info,Fast Forward,Route Info,Road Block,Route Info,Detour,Route Info,,,,,,,19,Final,Route Info,Route Info,Route Info,Road Block,Route Info,Route Info,Route Info,,,,,,,USA,North America,Final Leg,,,Ernie & Cindy,,,,,,,,,,,,
20,7,Route Info,Route Info,Detour,Route Info,Route Info,,,,,,,,,20,1,Route Info,Route Info,Route Info,Road Block,Route Info,Route Info,,,,,,,,Argentina,South America,Yes,Express Pass,6,Rachel & Dave,,,,,,,,,,,,
20,8,Route Info,Detour,Speed Bump,Route Info,Route Info,Road Block,Route Info,,,,,,,20,2,Route Info,Detour,Route Info,Road Block,Route Info,,,,,,,,,Argentina,South America,Yes,,,Rachel & Dave,,,,,,,,,,,,
20,9,Route Info,Road Block,Route Info,Detour,Route Info,,,,,,,,,20,3,Route Info,Detour,Route Info,Road Block,Route Info,,,,,,,,,Paraguay,South America,Yes,,,Art & JJ,,,,,,,,,,,,
20,10,Route Info,Speed Bump,Fast Forward,Route Info,Road Block,Route Info,Detour,Route Info,,,,,,20,4,Route Info,Fast Forward,Road Block,Route Info,Route Info,Detour,Route Info,,,,,,,Italy,Southern Europe,No,,,Art & JJ,,,,,,,,,,,,
20,11,Route Info,Route Info,Road Block,Route Info,Detour,Route Info,,,,,,,,20,5,Route Info,Speed Bump,Detour,Route Info,Route Info,Road Block,Route Info,,,,,,,Austria\nGermany,Central Europe,Yes,,,Art & JJ,,,,,,,,,,,,
20,Final,Route Info,Route Info,Road Block,Route Info,Route Info,Route Info,Road Block,Route Info,,,,,,20,6,Route Info,Fast Forward,Route Info,Road Block,Route Info,Detour,Route Info,,,,,,,Azerbaijan,West Asia,Yes,,,Rachel & Dave,,,,,,,,,,,,
21,1,Route Info,Route Info,Road Block,Route Info,Road Block,Route Info,Route Info,,,,,,,20,7,Route Info,Route Info,Detour,Route Info,Route Info,,,,,,,,,Tanzania,East Africa,No,,,Rachel & Dave,,,,,,,,,,,,
21,2,Route Info,Route Info,Route Info,Road Block,Route Info,Detour,Route Info,,,,,,,20,8,Route Info,Detour,Speed Bump,Route Info,Route Info,Road Block,Route Info,,,,,,,Tanzania,East Africa,Yes,Double U-Turn,4,Bopper & Mark,,,,,,,,,,,,
21,3,Route Info,Road Block,Route Info,Detour,Route Info,Route Info,,,,,,,,20,9,Route Info,Road Block,Route Info,Detour,Route Info,,,,,,,,,India,South Asia,No,,,Rachel & Dave,,,,,,,,,,,,
21,4,Route Info,Road Block,Fast Forward,Route Info,Detour,Route Info,,,,,,,,20,10,Route Info,Speed Bump,Fast Forward,Route Info,Road Block,Route Info,Detour,Route Info,,,,,,India,South Asia,Yes,,,Rachel & Dave,,,,,,,,,,,,
21,5,Route Info,Route Info,Road Block,Detour,Route Info,,,,,,,,,20,11,Route Info,Route Info,Road Block,Route Info,Detour,Route Info,,,,,,,,Japan,East Asia,Yes,,,Rachel & Dave,,,,,,,,,,,,
21,6,Route Info,Route Info,Route Info,Speed Bump,Detour,Route Info,Road Block,Route Info,,,,,,20,Final,Route Info,Route Info,Road Block,Route Info,Route Info,Route Info,Road Block,Route Info,,,,,,USA,North America,Final Leg,,,Rachel & Dave,,,,,,,,,,,,
21,7,Route Info,Route Info,Detour,Route Info,Road Block,Route Info,,,,,,,,21,1,Route Info,Route Info,Road Block,Route Info,Road Block,Route Info,Route Info,,,,,,,China,East Asia,Yes,,,Abbie & Ryan,,,,,,,,,,,,
21,8,Route Info,Speed Bump,Road Block,Detour,Route Info,,,,,,,,,21,2,Route Info,Route Info,Route Info,Road Block,Route Info,Detour,Route Info,,,,,,,Indonesia,South East Asia,Yes,Express Pass,7,Natalie & Nadiya,,,,,,,,,,,,
21,9,Route Info,Fast Forward,Route Info,Detour,Route Info,Route Info,Road Block,Route Info,,,,,,21,3,Route Info,Road Block,Route Info,Detour,Route Info,Route Info,,,,,,,,Indonesia,South East Asia,Yes,Double U-Turn,6,Abbie & Ryan,,,,,,,,,,,,
21,10,Route Info,Route Info,Road Block,Route Info,Detour,Route Info,,,,,,,,21,4,Route Info,Road Block,Fast Forward,Route Info,Detour,Route Info,,,,,,,,Bangladesh,South Asia,Yes,,,James & Abba,,,,,,,,,,,,
21,11,Route Info,Route Info,Route Info,Speed Bump,Detour,Route Info,Road Block,Route Info,,,,,,21,5,Route Info,Route Info,Road Block,Detour,Route Info,,,,,,,,,Bangladesh,South Asia,No,,,James & Abba,,,,,,,,,,,,
21,Final,Route Info,Road Block,Route Info,Route Info,Route Info,Road Block,Route Info,,,,,,,21,6,Route Info,Route Info,Route Info,Speed Bump,Detour,Route Info,Road Block,Route Info,,,,,,Turkey,Middle East,Yes,,,Trey & Lexi,,,,,,,,,,,,
22,1,Route Info,Route Info,Route Info,Road Block,Route Info,Road Block,Route Info,,,,,,,21,7,Route Info,Route Info,Detour,Route Info,Road Block,Route Info,,,,,,,,Russia,Eastern Europe,No,,,Trey & Lexi,,,,,,,,,,,,
22,2,Route Info,Detour,Route Info,Road Block,,,,,,,,,,21,8,Route Info,Speed Bump,Road Block,Detour,Route Info,,,,,,,,,Russia,Eastern Europe,Yes,,,Jaymes & James,,,,,,,,,,,,
22,3,Route Info,Route Info,Detour,Route Info,Road Block,Route Info,,,,,,,,21,9,Route Info,Fast Forward,Route Info,Detour,Route Info,Route Info,Road Block,Route Info,,,,,,Netherlands,Central Europe,Yes,Double U-Turn,5,Natalie & Nadiya,,,,,,,,,,,,
22,4,Route Info,Detour,Route Info,Road Block,,,,,,,,,,21,10,Route Info,Route Info,Road Block,Route Info,Detour,Route Info,,,,,,,,Spain,Western Europe,No,,,Trey & Lexi,,,,,,,,,,,,
22,5,Route Info,Road Block,Route Info,Detour,Route Info,,,,,,,,,21,11,Route Info,Route Info,Route Info,Speed Bump,Detour,Route Info,Road Block,Route Info,,,,,,France,Western Europe,Yes,,,Jaymes & James,,,,,,,,,,,,
22,6,Route Info,Route Info,Road Block,Route Info,Detour,Route Info,,,,,,,,21,Final,Route Info,Road Block,Route Info,Route Info,Route Info,Road Block,Route Info,,,,,,,USA,North America,Final Leg,,,Josh & Brent,,,,,,,,,,,,
22,7,Route Info,Speed Bump,Fast Forward,Road Block,Route Info,Detour,Route Info,,,,,,,22,1,Route Info,Route Info,Route Info,Road Block,Route Info,Road Block,Route Info,,,,,,,French Polynesia,Oceania,Yes,Express Pass,7,Jessica & John,,,,,,,,,,,,
22,8,Route Info,Route Info,Route Info,Route Info,Road Block,Route Info,Route Info,Route Info,,,,,,22,2,Route Info,Detour,Route Info,Road Block,,,,,,,,,,French Polynesia,Oceania,Yes,,,Bates & Anthony,,,,,,,,,,,,
22,9,Route Info,Route Info,Route Info,Detour,Route Info,Road Block,Route Info,,,,,,,22,3,Route Info,Route Info,Detour,Route Info,Road Block,Route Info,,,,,,,,New Zealand,Oceania,No,,,Dave & Connor,,,,,,,,,,,,
22,10,Route Info,Road Block,Route Info,Speed Bump,Detour,Route Info,Route Info,,,,,,,22,4,Route Info,Detour,Route Info,Road Block,,,,,,,,,,Indonesia,South East Asia,Yes,,,Dave & Connor,,,,,,,,,,,,
22,11,Route Info,Road Block,Route Info,Detour,Route Info,,,,,,,,,22,5,Route Info,Road Block,Route Info,Detour,Route Info,,,,,,,,,Vietnam,South East Asia,Yes,Double U-Turn,5,Pam & Winnie,,,,,,,,,,,,
22,Final,Route Info,Route Info,Route Info,Route Info,Road Block,Route Info,Route Info,Route Info,Route Info,Route Info,,,,22,6,Route Info,Route Info,Road Block,Route Info,Detour,Route Info,,,,,,,,Botswana,Southern Africa,No,,,Bates & Anthony,,,,,,,,,,,,
23,1,Route Info,Route Info,Road Block,Route Info,Road Block,Route Info,,,,,,,,22,7,Route Info,Speed Bump,Fast Forward,Road Block,Route Info,Detour,Route Info,,,,,,,Botswana,Southern Africa,Yes,,,Bates & Anthony,,,,,,,,,,,,
23,2,Route Info,Route Info,Detour,Route Info,Road Block,Route Info,,,,,,,,22,8,Route Info,Route Info,Route Info,Route Info,Road Block,Route Info,Route Info,Route Info,,,,,,Switzerland,Central Europe,Yes,,,Bates & Anthony,,,,,,,,,,,,
23,3,Route Info,Route Info,Detour,Route Info,Road Block,Route Info,,,,,,,,22,9,Route Info,Route Info,Route Info,Detour,Route Info,Road Block,Route Info,,,,,,,Germany\nBelgium,Central Europe,No,,,Max & Katie,,,,,,,,,,,,
23,4,Route Info,Detour,Route Info,Road Block,Route Info,Route Info,,,,,,,,22,10,Route Info,Road Block,Route Info,Speed Bump,Detour,Route Info,Route Info,,,,,,,Scotland,Western Europe,Yes,Double U-Turn,7,Max & Katie,,,,,,,,,,,,
23,5,Route Info,Route Info,Detour,Route Info,Route Info,Road Block,Route Info,,,,,,,22,11,Route Info,Road Block,Route Info,Detour,Route Info,,,,,,,,,Northern Ireland,Western Europe,Yes,,,Max & Katie,,,,,,,,,,,,
23,6,Route Info,Fast Forward,Detour,Route Info,Road Block,Route Info,Route Info,,,,,,,22,Final,Route Info,Route Info,Route Info,Route Info,Road Block,Route Info,Route Info,Route Info,Route Info,Route Info,,,,England \nUSA,Western Europe\nNorth America,Final Leg,,,Bates & Anthony,,,,,,,,,,,,
23,7,Route Info,Route Info,Detour,Route Info,Road Block,Route Info,,,,,,,,23,1,Route Info,Route Info,Road Block,Route Info,Road Block,Route Info,,,,,,,,Chile,South America,Yes,Express Pass,6,Tim & Marie,,,,,,,,,,,,
23,8,Route Info,Route Info,Route Info,Speed Bump,Detour,Route Info,Road Block,Route Info,,,,,,23,2,Route Info,Route Info,Detour,Route Info,Road Block,Route Info,,,,,,,,Chile,South America,Yes,,,Chester & Ephraim,,,,,,,,,,,,
23,9,Route Info,Route Info,Route Info,Detour,Route Info,Road Block,Route Info,,,,,,,23,3,Route Info,Route Info,Detour,Route Info,Road Block,Route Info,,,,,,,,Portugal,Western Europe,Yes,,,Nicole & Travis,,,,,,,,,,,,
23,10,Route Info,Route Info,Road Block,Detour,Route Info,,,,,,,,,23,4,Route Info,Detour,Route Info,Road Block,Route Info,Route Info,,,,,,,,Norway,Northern Europe,No,,,Brandon & Adam,,,,,,,,,,,,
23,11,Route Info,Detour,Route Info,Speed Bump,Road Block,Route Info,Route Info,,,,,,,23,5,Route Info,Route Info,Detour,Route Info,Route Info,Road Block,Route Info,,,,,,,Norway,Northern Europe,Yes,Double U-Turn,4,Tim & Marie,,,,,,,,,,,,
23,Final,Route Info,Road Block,Route Info,Route Info,Route Info,Route Info,Route Info,,,,,,,23,6,Route Info,Fast Forward,Detour,Route Info,Road Block,Route Info,Route Info,,,,,,,Austria,Central Europe,Yes,,,Nicole & Travis,,,,,,,,,,,,
24,1,Route Info,Route Info,Route Info,Route Info,Road Block,Route Info,,,,,,,,23,7,Route Info,Route Info,Detour,Route Info,Road Block,Route Info,,,,,,,,UAE,Middle East,No,,,Leo & Jamal,,,,,,,,,,,,
24,2,Route Info,Route Info,Road Block,Route Info,Detour,Route Info,,,,,,,,23,8,Route Info,Route Info,Route Info,Speed Bump,Detour,Route Info,Road Block,Route Info,,,,,,UAE,Middle East,Yes,Double U-Turn,6,Nicole & Travis,,,,,,,,,,,,
24,3,Route Info,Road Block,Route Info,Detour,Route Info,,,,,,,,,23,9,Route Info,Route Info,Route Info,Detour,Route Info,Road Block,Route Info,,,,,,,Indonesia,South East Asia,Yes,,,Leo & Jamal,,,,,,,,,,,,
24,4,Route Info,Road Block,Route Info,Detour,Route Info,,,,,,,,,23,10,Route Info,Route Info,Road Block,Detour,Route Info,,,,,,,,,Indonesia,South East Asia,No,,,Jason & Amy,,,,,,,,,,,,
24,5,Route Info,Route Info,Detour,Route Info,Speed Bump,Road Block,Route Info,,,,,,,23,11,Route Info,Detour,Route Info,Speed Bump,Road Block,Route Info,Route Info,,,,,,,Japan,East Asia,Yes,,,Tim & Marie,,,,,,,,,,,,
24,6,Route Info,Route Info,Road Block,Route Info,Detour,Route Info,Route Info,,,,,,,23,Final,Route Info,Road Block,Route Info,Route Info,Route Info,Route Info,Route Info,,,,,,,USA,North America,Final Leg,,,Jason & Amy,,,,,,,,,,,,
24,7,Route Info,Speed Bump,Detour,Route Info,Road Block,Route Info,,,,,,,,24,1,Route Info,Route Info,Route Info,Route Info,Road Block,Route Info,,,,,,,,China,East Asia,Yes,Express Pass,6,Jet & Cord,,,,,,,,,,,,
24,8,Route Info,Detour,Route Info,Route Info,Road Block,Route Info,,,,,,,,24,2,Route Info,Route Info,Road Block,Route Info,Detour,Route Info,,,,,,,,China,East Asia,Yes,,,Brendon & Rachel,,,,,,,,,,,,
24,9,Route Info,Route Info,Route Info,Route Info,Route Info,Route Info,Road Block,Route Info,,,,,,24,3,Route Info,Road Block,Route Info,Detour,Route Info,,,,,,,,,Malaysia,South East Asia,Yes,,,Dave & Connor,,,,,,,,,,,,
24,10,Route Info,Route Info,Road Block,Route Info,Speed Bump,Detour,Route Info,Route Info,,,,,,24,4,Route Info,Road Block,Route Info,Detour,Route Info,,,,,,,,,Malaysia,South East Asia,No,,,Jet & Cord,,,,,,,,,,,,
24,11,Route Info,Route Info,Road Block,Route Info,Detour,Route Info,,,,,,,,24,5,Route Info,Route Info,Detour,Route Info,Speed Bump,Road Block,Route Info,,,,,,,Sri Lanka,South Asia,Yes,,,Dave & Connor,,,,,,,,,,,,
24,Final,Route Info,Road Block,Route Info,Route Info,Route Info,Route Info,Route Info,,,,,,,24,6,Route Info,Route Info,Road Block,Route Info,Detour,Route Info,Route Info,,,,,,,Sri Lanka,South Asia,No,,,Leo & Jamal,,,,,,,,,,,,
25,1,Route Info,Route Info,Route Info,Route Info,Road Block,Route Info,,,,,,,,24,7,Route Info,Speed Bump,Detour,Route Info,Road Block,Route Info,,,,,,,,Italy,Southern Europe,Yes,,,Brendon & Rachel,,,,,,,,,,,,
25,2,Route Info,Detour,Route Info,Route Info,Route Info,Route Info,,,,,,,,24,8,Route Info,Detour,Route Info,Route Info,Road Block,Route Info,,,,,,,,Italy,Southern Europe,Yes,Double U-Turn,4,Brendon & Rachel,,,,,,,,,,,,
25,3,Route Info,Route Info,Detour,Route Info,Route Info,Route Info,,,,,,,,24,9,Route Info,Route Info,Route Info,Route Info,Route Info,Route Info,Road Block,Route Info,,,,,,Switzerland,Central Europe,No,,,Dave & Connor,,,,,,,,,,,,
25,4,Route Info,Route Info,Detour,Route Info,Road Block,Route Info,,,,,,,,24,10,Route Info,Route Info,Road Block,Route Info,Speed Bump,Detour,Route Info,Route Info,,,,,,Spain,Western Europe,Yes,Double U-Turn,7,Dave & Connor,,,,,,,,,,,,
25,5,Route Info,Speed Bump,Route Info,Route Info,Road Block,Route Info,Detour,Route Info,Route Info,,,,,24,11,Route Info,Route Info,Road Block,Route Info,Detour,Route Info,,,,,,,,England\nWales,Western Europe,Yes,,,Dave & Connor,,,,,,,,,,,,
25,6,Route Info,Route Info,Detour,Route Info,Road Block,Route Info,,,,,,,,24,Final,Route Info,Road Block,Route Info,Route Info,Route Info,Route Info,Route Info,,,,,,,USA,North America,Final Leg,,,Dave & Connor,,,,,,,,,,,,
25,7,Route Info,Route Info,Road Block,Detour,Route Info,,,,,,,,,25,1,Route Info,Route Info,Route Info,Route Info,Road Block,Route Info,,,,,,,,Virgin Islands,Caribbean,Yes,Save,6,Misti & Jim,,,,,,,,,,,,
25,8,Route Info,Route Info,Road Block,Route Info,Speed Bump,Detour,Route Info,,,,,,,25,2,Route Info,Detour,Route Info,Route Info,Route Info,Route Info,,,,,,,,England,Western Europe,Yes,Express Pass,6,Adam & Bethany,,,,,,,,,,,,
25,9,Route Info,Fast Forward,Route Info,Road Block,Route Info,Detour,Route Info,Route Info,,,,,,25,3,Route Info,Route Info,Detour,Route Info,Route Info,Route Info,,,,,,,,Scotland,Western Europe,Yes,,,Misti & Jim,,,,,,,,,,,,
25,10,Route Info,Route Info,Detour,Route Info,Route Info,Route Info,,,,,,,,25,4,Route Info,Route Info,Detour,Route Info,Road Block,Route Info,,,,,,,,Netherlands\nSweden,Central Europe\nNorthern Europe,No,,,Kym & Alli,,,,,,,,,,,,
25,11,Route Info,Speed Bump,Detour,Route Info,Road Block,Route Info,,,,,,,,25,5,Route Info,Speed Bump,Route Info,Route Info,Road Block,Route Info,Detour,Route Info,Route Info,,,,,Morocco,Northern Africa,Yes,Double U-Turn,9,Kym & Alli,,,,,,,,,,,,
25,Final,Route Info,Route Info,Route Info,Road Block,Route Info,Route Info,Route Info,Road Block,Route Info,,,,,25,6,Route Info,Route Info,Detour,Route Info,Road Block,Route Info,,,,,,,,Morocco,Northern Africa,Yes,,,Misti & Jim,,,,,,,,,,,,
26,1,Route Info,Detour,Route Info,Route Info,,,,,,,,,,25,7,Route Info,Route Info,Road Block,Detour,Route Info,,,,,,,,,Italy,Southern Europe,No,,,Misti & Jim,,,,,,,,,,,,
26,2,Route Info,Road Block,Route Info,Detour,Route Info,,,,,,,,,25,8,Route Info,Route Info,Road Block,Route Info,Speed Bump,Detour,Route Info,,,,,,,Malta,Southern Europe,Yes,,,Adam & Bethany,,,,,,,,,,,,
26,3,Route Info,Route Info,Detour,Route Info,Route Info,Route Info,,,,,,,,25,9,Route Info,Fast Forward,Route Info,Road Block,Route Info,Detour,Route Info,Route Info,,,,,,Singapore,South East Asia,Yes,Double U-Turn,7,Adam & Bethany,,,,,,,,,,,,
26,4,Route Info,Detour,Speed Bump,Route Info,Road Block,Route Info,,,,,,,,25,10,Route Info,Route Info,Detour,Route Info,Route Info,Route Info,,,,,,,,Philippines,South East Asia,No,,,Misti & Jim,,,,,,,,,,,,
26,5,Route Info,Route Info,Route Info,Route Info,Detour,Route Info,Route Info,,,,,,,25,11,Route Info,Speed Bump,Detour,Route Info,Road Block,Route Info,,,,,,,,Philippines,South East Asia,No,,,Brooke & Robbie,,,,,,,,,,,,
26,6,Route Info,Road Block,Route Info,Detour,Route Info,,,,,,,,,25,Final,Route Info,Route Info,Route Info,Road Block,Route Info,Route Info,Route Info,Road Block,Route Info,,,,,USA,North America,Final Leg,,,Amy & Maya,,,,,,,,,,,,
26,7,Route Info,Route Info,Road Block,Route Info,Detour,Route Info,,,,,,,,26,1,Route Info,Detour,Route Info,Route Info,,,,,,,,,,Japan,East Asia,Yes,Double U-Turn\nExpress Pass,4,Jelani & Jenny,,,,,,,,,,,,
26,8,Route Info,Speed Bump,Road Block,Route Info,Detour,Route Info,Route Info,,,,,,,26,2,Route Info,Road Block,Route Info,Detour,Route Info,,,,,,,,,Japan,East Asia,Yes,,,Jelani & Jenny,,,,,,,,,,,,
26,9,Route Info,Road Block,Route Info,Detour,Route Info,,,,,,,,,26,3,Route Info,Route Info,Detour,Route Info,Route Info,Route Info,,,,,,,,Thailand,South East Asia,No,Save,3,Mike & Rochelle,,,,,,,,,,,,
26,10,Route Info,Route Info,Speed Bump,Route Info,Road Block,Route Info,Route Info,Detour,Route Info,,,,,26,4,Route Info,Detour,Speed Bump,Route Info,Road Block,Route Info,,,,,,,,Thailand,South East Asia,Yes,,,Bergen & Kurt,,,,,,,,,,,,
26,11,Route Info,Detour,Route Info,Road Block,Route Info,,,,,,,,,26,5,Route Info,Route Info,Route Info,Route Info,Detour,Route Info,Route Info,,,,,,,Germany,Central Europe,Yes,,,Aly & Steve,,,,,,,,,,,,
26,Final,Route Info,Road Block,Route Info,Route Info,Route Info,Road Block,Route Info,Route Info,,,,,,26,6,Route Info,Road Block,Route Info,Detour,Route Info,,,,,,,,,France\nMonaco,Western Europe\nWestern Europe,Yes,,,Hayley & Blair,,,,,,,,,,,,
27,1,Route Info,Route Info,Fast Forward,Route Info,Detour,Route Info,,,,,,,,26,7,Route Info,Route Info,Road Block,Route Info,Detour,Route Info,,,,,,,,Namibia,Southern Africa,No,,,Matt & Ashley,,,,,,,,,,,,
27,2,Route Info,Detour,Route Info,Road Block,Route Info,,,,,,,,,26,8,Route Info,Speed Bump,Road Block,Route Info,Detour,Route Info,Route Info,,,,,,,Namibia,Southern Africa,Yes,Double U-Turn,5,Laura & Tyler,,,,,,,,,,,,
27,3,Route Info,Road Block,Route Info,Detour,Route Info,,,,,,,,,26,9,Route Info,Road Block,Route Info,Detour,Route Info,,,,,,,,,Netherlands,Central Europe,No,,,Laura & Tyler,,,,,,,,,,,,
27,4,Route Info,Route Info,Road Block,Route Info,Detour,Route Info,,,,,,,,26,10,Route Info,Route Info,Speed Bump,Route Info,Road Block,Route Info,Route Info,Detour,Route Info,,,,,Peru,South America,Yes,,,Hayley & Blair,,,,,,,,,,,,
27,5,Route Info,Road Block,Detour,Route Info,Route Info,,,,,,,,,26,11,Route Info,Detour,Route Info,Road Block,Route Info,,,,,,,,,Peru,South America,No,,,Hayley & Blair,,,,,,,,,,,,
27,6,Road Block,Route Info,Road Block,Route Info,Detour,Route Info,,,,,,,,26,Final,Route Info,Road Block,Route Info,Route Info,Route Info,Road Block,Route Info,Route Info,,,,,,USA,North America,Final Leg,,,Laura & Tyler,,,,,,,,,,,,
27,7,Route Info,Route Info,Road Block,Route Info,Route Info,Detour,Route Info,,,,,,,27,1,Route Info,Route Info,Fast Forward,Route Info,Detour,Route Info,,,,,,,,Brazil,South America,Yes,Express Pass,5,Tanner & Josh,,,,,,,,,,,,
27,8,Route Info,Detour,Route Info,Route Info,Road Block,Route Info,,,,,,,,27,2,Route Info,Detour,Route Info,Road Block,Route Info,,,,,,,,,Argentina,South America,Yes,,,Justin & Diana,,,,,,,,,,,,
27,9,Route Info,Speed Bump,Road Block,Route Info,Detour,Route Info,Route Info,,,,,,,27,3,Route Info,Road Block,Route Info,Detour,Route Info,,,,,,,,,Argentina,South America,Yes,,,Tanner & Josh,,,,,,,,,,,,
27,10,Route Info,Road Block,Route Info,Detour,Route Info,,,,,,,,,27,4,Route Info,Route Info,Road Block,Route Info,Detour,Route Info,,,,,,,,Zambia,Southern Africa,No,Double U-Turn,6,Justin & Diana,,,,,,,,,,,,
27,11,Route Info,Detour,Route Info,Road Block,Route Info,,,,,,,,,27,5,Route Info,Road Block,Detour,Route Info,Route Info,,,,,,,,,Zambia,Southern Africa,Yes,,,Denise & James Earl,,,,,,,,,,,,
27,Final,Route Info,Road Block,Route Info,Route Info,Route Info,Route Info,Route Info,Route Info,Route Info,,,,,27,6,Road Block,Route Info,Road Block,Route Info,Detour,Route Info,,,,,,,,France,Western Europe,No,,,Justin & Diana,,,,,,,,,,,,
28,1,Route Info,Detour,Route Info,Road Block,Route Info,,,,,,,,,27,7,Route Info,Route Info,Road Block,Route Info,Route Info,Detour,Route Info,,,,,,,Netherlands,Central Europe,Yes,,,Justin & Diana,,,,,,,,,,,,
28,2,Route Info,Road Block,Route Info,Speed Bump,Detour,Route Info,,,,,,,,27,8,Route Info,Detour,Route Info,Route Info,Road Block,Route Info,,,,,,,,Poland,Eastern Europe,No,,,Justin & Diana,,,,,,,,,,,,
28,3,Route Info,Route Info,Detour,Route Info,Road Block,Route Info,,,,,,,,27,9,Route Info,Speed Bump,Road Block,Route Info,Detour,Route Info,Route Info,,,,,,,India,South Asia,Yes,U-Turn,6,Justin & Diana,,,,,,,,,,,,
28,4,Route Info,Route Info,Detour,Route Info,Road Block,Route Info,,,,,,,,27,10,Route Info,Road Block,Route Info,Detour,Route Info,,,,,,,,,India,South Asia,Yes,U-Turn,4,Justin & Diana,,,,,,,,,,,,
28,5,Route Info,Route Info,Detour,Route Info,Road Block,Route Info,,,,,,,,27,11,Route Info,Detour,Route Info,Road Block,Route Info,,,,,,,,,China,East Asia,Yes,,,Logan & Chris,,,,,,,,,,,,
28,6,Route Info,Route Info,Route Info,Detour,Route Info,Road Block,Route Info,,,,,,,27,Final,Route Info,Road Block,Route Info,Route Info,Route Info,Route Info,Route Info,Route Info,Route Info,,,,,USA,North America,Final Leg,,,Kelsey & Joey,,,,,,,,,,,,
28,7,Route Info,Route Info,Detour,Route Info,Road Block,Route Info,,,,,,,,28,1,Route Info,Detour,Route Info,Road Block,Route Info,,,,,,,,,Mexico,North America,No,,,Dana & Matt,,,,,,,,,,,,
28,8,Route Info,Detour,Route Info,Road Block,Route Info,Route Info,,,,,,,,28,2,Route Info,Road Block,Route Info,Speed Bump,Detour,Route Info,,,,,,,,Colombia,South America,Yes,,,Tyler & Korey,,,,,,,,,,,,
28,9,Route Info,Route Info,Route Info,Route Info,Road Block,Speed Bump,Route Info,Road Block,Route Info,,,,,28,3,Route Info,Route Info,Detour,Route Info,Road Block,Route Info,,,,,,,,Colombia,South America,Yes,,,Brodie & Kurt,,,,,,,,,,,,
28,10,Route Info,Route Info,Detour,Route Info,Route Info,Road Block,Route Info,,,,,,,28,4,Route Info,Route Info,Detour,Route Info,Road Block,Route Info,,,,,,,,Switzerland\nFrance,Central Europe\nWestern Europe,Yes,,,Brodie & Kurt,,,,,,,,,,,,
28,11,Route Info,Route Info,Road Block,Route Info,Detour,Route Info,,,,,,,,28,5,Route Info,Route Info,Detour,Route Info,Road Block,Route Info,,,,,,,,France,Western Europe,Yes,,,Tyler & Korey,,,,,,,,,,,,
28,Final,Route Info,Road Block,Route Info,Route Info,Route Info,Route Info,Road Block,Route Info,,,,,,28,6,Route Info,Route Info,Route Info,Detour,Route Info,Road Block,Route Info,,,,,,,Armenia,West Asia,No,Express Pass,7,Brodie & Kurt,,,,,,,,,,,,
29,1,Route Info,Route Info,Route Info,Detour,Route Info,,,,,,,,,28,7,Route Info,Route Info,Detour,Route Info,Road Block,Route Info,,,,,,,,Georgia,West Asia,Yes,,,Zach & Rachel,,,,,,,,,,,,
29,2,Route Info,Detour,Route Info,Road Block,Route Info,,,,,,,,,28,8,Route Info,Detour,Route Info,Road Block,Route Info,Route Info,,,,,,,,UAE,Middle East,No,,,Brodie & Kurt,,,,,,,,,,,,
29,3,Route Info,Route Info,Detour,Route Info,Road Block,Route Info,,,,,,,,28,9,Route Info,Route Info,Route Info,Route Info,Road Block,Speed Bump,Route Info,Road Block,Route Info,,,,,Indonesia,South East Asia,Yes,,,Tyler & Korey,,,,,,,,,,,,
29,4,Route Info,Detour,Route Info,Road Block,Route Info,,,,,,,,,28,10,Route Info,Route Info,Detour,Route Info,Route Info,Road Block,Route Info,,,,,,,Indonesia,South East Asia,Yes,Double U-Turn,5,Tyler & Korey,,,,,,,,,,,,
29,5,Route Info,Fast Forward,Route Info,Road Block,Detour,Route Info,,,,,,,,28,11,Route Info,Route Info,Road Block,Route Info,Detour,Route Info,,,,,,,,China,East Asia,Yes,,,Tyler & Korey,,,,,,,,,,,,
29,6,Route Info,Road Block,Route Info,Route Info,Detour,Route Info,,,,,,,,28,Final,Route Info,Road Block,Route Info,Route Info,Route Info,Route Info,Road Block,Route Info,,,,,,USA,North America,Final Leg,,,Dana & Matt,,,,,,,,,,,,
29,7,Route Info,Detour,Route Info,Road Block,Route Info,,,,,,,,,29,1,Route Info,Route Info,Route Info,Detour,Route Info,,,,,,,,,Panama,Central America,Yes,,,Seth & Olive,,,,,,,,,,,,
29,8,Route Info,Detour,Speed Bump,Route Info,Route Info,Route Info,Road Block,Route Info,,,,,,29,2,Route Info,Detour,Route Info,Road Block,Route Info,,,,,,,,,Brazil,South America,Yes,,,Liz & Michael,,,,,,,,,,,,
29,9,Route Info,Road Block,Route Info,Route Info,Detour,Route Info,,,,,,,,29,3,Route Info,Route Info,Detour,Route Info,Road Block,Route Info,,,,,,,,Tanzania,East Africa,Yes,Double U-Turn,3,Liz & Michael,,,,,,,,,,,,
29,10,Route Info,Route Info,Speed Bump,Route Info,Road Block,Route Info,Route Info,Route Info,,,,,,29,4,Route Info,Detour,Route Info,Road Block,Route Info,,,,,,,,,Tanzania,East Africa,Yes,,,Tara & Joey,,,,,,,,,,,,
29,11,Route Info,Route Info,Road Block,Route Info,Route Info,Route Info,Road Block,Route Info,,,,,,29,5,Route Info,Fast Forward,Route Info,Road Block,Detour,Route Info,,,,,,,,Norway,Northern Europe,No,Double U-Turn,5,Tara & Joey,,,,,,,,,,,,
29,Final,Route Info,Route Info,Route Info,Route Info,Route Info,Route Info,Route Info,Route Info,Route Info,,,,,29,6,Route Info,Road Block,Route Info,Route Info,Detour,Route Info,,,,,,,,Italy,Southern Europe,Yes,,,Becca & Floyd,,,,,,,,,,,,
30,1,Route Info,Route Info,Route Info,Road Block,Route Info,Route Info,,,,,,,,29,7,Route Info,Detour,Route Info,Road Block,Route Info,,,,,,,,,Italy,Southern Europe,No,,,Matt & Redmond,,,,,,,,,,,,
30,2,Route Info,Road Block,Detour,Route Info,,,,,,,,,,29,8,Route Info,Detour,Speed Bump,Route Info,Route Info,Route Info,Road Block,Route Info,,,,,,Greece,Southern Europe,Yes,U-Turn,2,Tara & Joey,,,,,,,,,,,,
30,3,Route Info,Route Info,Road Block,Detour,Route Info,,,,,,,,,29,9,Route Info,Road Block,Route Info,Route Info,Detour,Route Info,,,,,,,,Vietnam,South East Asia,No,,,Becca & Floyd,,,,,,,,,,,,
30,4,Route Info,Speed Bump,Road Block,Detour,Route Info,,,,,,,,,29,10,Route Info,Route Info,Speed Bump,Route Info,Road Block,Route Info,Route Info,Route Info,,,,,,Vietnam,South East Asia,Yes,,,Matt & Redmond,,,,,,,,,,,,
30,5,Route Info,Road Block,Route Info,Detour,Route Info,,,,,,,,,29,11,Route Info,Route Info,Road Block,Route Info,Route Info,Route Info,Road Block,Route Info,,,,,,South Korea,East Asia,Yes,,,Brooke & Scott,,,,,,,,,,,,
30,6,Route Info,Detour,Route Info,Road Block,Route Info,,,,,,,,,29,Final,Route Info,Route Info,Route Info,Route Info,Route Info,Route Info,Route Info,Route Info,Route Info,,,,,USA,North America,Final Leg,Scramble,4,Brooke & Scott,,,,,,,,,,,,
30,7,Route Info,Route Info,Route Info,Detour,Route Info,,,,,,,,,30,1,Route Info,Route Info,Route Info,Road Block,Route Info,Route Info,,,,,,,,Iceland,Western Europe,Yes,,,Kristi & Jen,,,,,,,,,,,,
30,8,Route Info,Detour,Route Info,Route Info,Route Info,,,,,,,,,30,2,Route Info,Road Block,Detour,Route Info,,,,,,,,,,Belgium,Central Europe,Yes,Head-to-Head,4,Cody & Jessica,,,,,,,,,,,,
30,9,Route Info,Route Info,Route Info,Route Info,Route Info,Route Info,Route Info,Route Info,Route Info,,,,,30,3,Route Info,Route Info,Road Block,Detour,Route Info,,,,,,,,,Morocco,Northern Africa,No,,,Henry & Evan,,,,,,,,,,,,
30,10,Route Info,Detour,Route Info,Road Block,Route Info,,,,,,,,,30,4,Route Info,Speed Bump,Road Block,Detour,Route Info,,,,,,,,,France,Western Europe,Yes,Head-to-Head,5,Alex & Conor,,,,,,,,,,,,
30,11,Route Info,Speed Bump,Route Info,Detour,Route Info,Road Block,Route Info,Route Info,,,,,,30,5,Route Info,Road Block,Route Info,Detour,Route Info,,,,,,,,,France,Western Europe,Yes,,,Lucas & Brittany,,,,,,,,,,,,
30,Final,Route Info,Route Info,Road Block,Route Info,Route Info,Route Info,Route Info,,,,,,,30,6,Route Info,Detour,Route Info,Road Block,Route Info,,,,,,,,,Czech Republic,Central Europe,Yes,Double U-Turn,2,Kristi & Jen,,,,,,,,,,,,
31,1,Route Info,Route Info,Route Info,Route Info,Route Info,Road Block,Route Info,Road Block,Route Info,,,,,30,7,Route Info,Route Info,Route Info,Detour,Route Info,,,,,,,,,Zimbabwe,Southern Africa,No,Partner Swap ,2 thru 5,Alex & Conor\nLucas & Brittany,,,,,,,,,,,,
31,2,Route Info,Route Info,Route Info,Detour,Route Info,Road Block,Route Info,,,,,,,30,8,Route Info,Detour,Route Info,Route Info,Route Info,,,,,,,,,Zimbabwe,Southern Africa,Yes,Double U-Turn,2,Lucas & Brittany,,,,,,,,,,,,
31,3,Route Info,Detour,Road Block,Route Info,,,,,,,,,,30,9,Route Info,Route Info,Route Info,Route Info,Route Info,Route Info,Route Info,Route Info,Route Info,,,,,Bahrain,Middle East,Yes,,,Alex & Conor,,,,,,,,,,,,
31,4,Route Info,Speed Bump,Route Info,Road Block,Route Info,Detour,Route Info,,,,,,,30,10,Route Info,Detour,Route Info,Road Block,Route Info,,,,,,,,,Thailand,South East Asia,No,,,Alex & Conor,,,,,,,,,,,,
31,5,Route Info,Route Info,Detour,Route Info,Road Block,Route Info,,,,,,,,30,11,Route Info,Speed Bump,Route Info,Detour,Route Info,Road Block,Route Info,Route Info,,,,,,China,East Asia,Yes,,,Henry & Evan,,,,,,,,,,,,
31,6,Route Info,Route Info,Route Info,Speed Bump,Road Block,Route Info,Detour,Route Info,,,,,,30,Final,Route Info,Route Info,Road Block,Route Info,Route Info,Route Info,Route Info,,,,,,,USA,North America,Final Leg,,,Cody & Jessica,,,,,,,,,,,,
31,7,Route Info,Road Block,Route Info,Detour,Route Info,,,,,,,,,31,1,Route Info,Route Info,Route Info,Route Info,Route Info,Road Block,Route Info,Road Block,Route Info,,,,,Japan,East Asia,Yes,,,Leo & Jamal,,,,,,,,,,,,
31,8,Route Info,Speed Bump,Detour,Route Info,Road Block,Route Info,,,,,,,,31,2,Route Info,Route Info,Route Info,Detour,Route Info,Road Block,Route Info,,,,,,,Laos,South East Asia,Yes,Double U-Turn,4,Leo & Jamal,,,,,,,,,,,,
31,9,Route Info,Route Info,Route Info,Detour,Route Info,Road Block,Route Info,,,,,,,31,3,Route Info,Detour,Road Block,Route Info,,,,,,,,,,Vietnam,South East Asia,No,,,Becca & Floyd,,,,,,,,,,,,
31,10,Route Info,Route Info,Detour,Route Info,Route Info,,,,,,,,,31,4,Route Info,Speed Bump,Route Info,Road Block,Route Info,Detour,Route Info,,,,,,,Vietnam,South East Asia,Yes,Head-to-Head,7,Colin & Christie,,,,,,,,,,,,
31,11,Route Info,Route Info,Road Block,Route Info,Route Info,Detour,Route Info,,,,,,,31,5,Route Info,Route Info,Detour,Route Info,Road Block,Route Info,,,,,,,,UAE,Middle East,No,,,Becca & Floyd,,,,,,,,,,,,
31,Final,Route Info,Road Block,Route Info,Route Info,Route Info,Route Info,Route Info,,,,,,,31,6,Route Info,Route Info,Route Info,Speed Bump,Road Block,Route Info,Detour,Route Info,,,,,,Uganda,East Africa,Yes,Head-to-Head,8,Tyler & Korey,,,,,,,,,,,,
32,1,Route Info,Route Info,Route Info,Route Info,Road Block,Route Info,,,,,,,,31,7,Route Info,Road Block,Route Info,Detour,Route Info,,,,,,,,,Switzerland,Central Europe,No,,,Tyler & Korey,,,,,,,,,,,,
32,2,Route Info,Route Info,Route Info,Road Block,Route Info,Route Info,Route Info,,,,,,,31,8,Route Info,Speed Bump,Detour,Route Info,Road Block,Route Info,,,,,,,,Switzerland,Central Europe,Yes,Double U-Turn,3,Tyler & Korey,,,,,,,,,,,,
32,3,Route Info,Route Info,Detour,Route Info,Route Info,,,,,,,,,31,9,Route Info,Route Info,Route Info,Detour,Route Info,Road Block,Route Info,,,,,,,Croatia,Southern Europe,Yes,,,Tyler & Korey,,,,,,,,,,,,
32,4,Route Info,Route Info,Road Block,Route Info,Route Info,Detour,Route Info,,,,,,,31,10,Route Info,Route Info,Detour,Route Info,Route Info,,,,,,,,,Netherlands,Central Europe,Yes,Double U-Turn,4,Colin & Christie,,,,,,,,,,,,
32,5,Route Info,Speed Bump,Road Block,Route Info,Route Info,Road Block,Route Info,,,,,,,31,11,Route Info,Route Info,Road Block,Route Info,Route Info,Detour,Route Info,,,,,,,England,Western Europe,Yes,,,Leo & Jamal,,,,,,,,,,,,
32,6,Route Info,Route Info,Route Info,Road Block,Detour,Route Info,,,,,,,,31,Final,Route Info,Road Block,Route Info,Route Info,Route Info,Route Info,Route Info,,,,,,,USA,North America,Final Leg,,,Colin & Christie,,,,,,,,,,,,
32,7,Route Info,Speed Bump,Detour,Route Info,Route Info,Route Info,Route Info,,,,,,,32,1,Route Info,Route Info,Route Info,Route Info,Road Block,Route Info,,,,,,,,Trinidad and Tabago,Caribbean,Yes,,,Hung & Chee,,,,,,,,,,,,
32,8,Route Info,Route Info,Detour,Route Info,Road Block,Route Info,Detour,Route Info,Route Info,Road Block,Route Info,,,32,2,Route Info,Route Info,Route Info,Road Block,Route Info,Route Info,Route Info,,,,,,,Colombia,South America,Yes,Yield,4,Hung & Chee,,,,,,,,,,,,
32,9,Route Info,Route Info,Route Info,Detour,Route Info,Route Info,Road Block,Route Info,,,,,,32,3,Route Info,Route Info,Detour,Route Info,Route Info,,,,,,,,,Brazil,South America,Yes,Double U-Turn,5,Will & James,,,,,,,,,,,,
32,10,Route Info,City Sprint,City Sprint,City Sprint,City Sprint,City Sprint,City Sprint,City Sprint,City Sprint,City Sprint,,,,32,4,Route Info,Route Info,Road Block,Route Info,Route Info,Detour,Route Info,,,,,,,Paraguay,South America,No,Yield ,3,Will & James,,,,,,,,,,,,
32,Final,Route Info,Route Info,Road Block,Route Info,Road Block,Route Info,Route Info,Route Info,,,,,,32,5,Route Info,Speed Bump,Road Block,Route Info,Route Info,Road Block,Route Info,,,,,,,France,Western Europe,Yes,Yield,5,Riley & Maddison,,,,,,,,,,,,
33,1,Route Info,Route Info,Detour,Route Info,Route Info,,,,,,,,,32,6,Route Info,Route Info,Route Info,Road Block,Detour,Route Info,,,,,,,,Germany,Central Europe,No,Yield,4,DeAngelo & Gary,,,,,,,,,,,,
33,2,Route Info,Road Block,Route Info,Detour,Route Info,,,,,,,,,32,7,Route Info,Speed Bump,Detour,Route Info,Route Info,Route Info,Route Info,,,,,,,Kazakhstan,Central Asia,Yes,Yield ,4,Will & James,,,,,,,,,,,,
33,3,Route Info,Route Info,Road Block,Route Info,Detour,Route Info,,,,,,,,32,8,Route Info,Route Info,Detour,Route Info,Road Block,Route Info,Detour,Route Info,Route Info,Road Block,Route Info,,,India,South Asia,Yes,Yield,5 and 10,Riley & Maddison,,,,,,,,,,,,
33,4,Route Info,Route Info,Road Block,Route Info,Detour,Speed Bump,Route Info,,,,,,,32,9,Route Info,Route Info,Route Info,Detour,Route Info,Route Info,Road Block,Route Info,,,,,,Cambodia,South East Asia,Yes,Double U-Turn,6,Riley & Maddison,,,,,,,,,,,,
33,5,Road Block,Route Info,Detour,Route Info,,,,,,,,,,32,10,Route Info,City Sprint,City Sprint,City Sprint,City Sprint,City Sprint,City Sprint,City Sprint,City Sprint,City Sprint,,,,Philippines,South East Asia,Yes,,,Riley & Maddison,,,,,,,,,,,,
33,6,Route Info,Detour,Route Info,Road Block,Route Info,,,,,,,,,32,Final,Route Info,Route Info,Road Block,Route Info,Road Block,Route Info,Route Info,Route Info,,,,,,USA,North America,Final Leg,,,Will & James,,,,,,,,,,,,
33,7,Route Info,Detour,Route Info,Road Block,Route Info,,,,,,,,,33,1,Route Info,Route Info,Detour,Route Info,Route Info,,,,,,,,,England,Western Europe,Yes,,,Anthony & Spencer,,,,,,,,,,,,
33,8,Route Info,Route Info,Road Block,Route Info,Road Block,Route Info,,,,,,,,33,2,Route Info,Road Block,Route Info,Detour,Route Info,,,,,,,,,England,Western Europe,No,,,Ryan & Dusty,,,,,,,,,,,,
33,9,Route Info,Road Block,Route Info,Detour,Route Info,,,,,,,,,33,3,Route Info,Route Info,Road Block,Route Info,Detour,Route Info,,,,,,,,Scotland,Western Europe,Yes,,,Kim & Penn,,,,,,,,,,,,
33,10,Route Info,Road Block,Route Info,Route Info,Route Info,Road Block,Route Info,,,,,,,33,4,Route Info,Route Info,Road Block,Route Info,Detour,Speed Bump,Route Info,,,,,,,Switzerland,Central Europe,Yes,,,Ryan & Dusty,,,,,,,,,,,,
33,Final,Route Info,Route Info,Route Info,Route Info,Route Info,Route Info,Route Info,Route Info,,,,,,33,5,Road Block,Route Info,Detour,Route Info,,,,,,,,,,Switzerland,Central Europe,No,,,Ryan & Dusty,,,,,,,,,,,,
34,1,Route Info,Route Info,Route Info,Road Block,Route Info,,,,,,,,,33,6,Route Info,Detour,Route Info,Road Block,Route Info,,,,,,,,,France,Western Europe,Yes,,,Kim & Penn,,,,,,,,,,,,
34,2,Route Info,Road Block,Route Info,Detour,Route Info,,,,,,,,,33,7,Route Info,Detour,Route Info,Road Block,Route Info,,,,,,,,,France,Western Europe,No,,,Kim & Penn,,,,,,,,,,,,
34,3,Route Info,Detour,Route Info,Road Block,Route Info,Road Block,Detour,Route Info,,,,,,33,8,Route Info,Route Info,Road Block,Route Info,Road Block,Route Info,,,,,,,,Greece,Southern Europe,Yes,,,Kim & Penn,,,,,,,,,,,,
34,4,Route Info,Road Block,Route Info,Detour,Route Info,,,,,,,,,33,9,Route Info,Road Block,Route Info,Detour,Route Info,,,,,,,,,Greece,Southern Europe,No,,,Raquel & Cayla,,,,,,,,,,,,
34,5,Route Info,Detour,Road Block,Route Info,,,,,,,,,,33,10,Route Info,Road Block,Route Info,Route Info,Route Info,Road Block,Route Info,,,,,,,Portugal,Western Europe,Yes,,,Raquel & Cayla,,,,,,,,,,,,
34,6,Route Info,Road Block,Route Info,Detour,Route Info,,,,,,,,,33,Final,Route Info,Route Info,Route Info,Route Info,Route Info,Route Info,Route Info,Route Info,,,,,,USA,North America,Final Leg,,,Kim & Penn,,,,,,,,,,,,
34,7,Route Info,Road Block,Route Info,Detour,Route Info,,,,,,,,,34,1,Route Info,Route Info,Route Info,Road Block,Route Info,,,,,,,,,Germany,Central Europe,Yes,Scramble,2 thru 4,Derek & Claire,,,,,,,,,,,,
34,8,Route Info,Road Block,Route Info,Detour,Route Info,Detour,Route Info,Road Block,Route Info,,,,,34,2,Route Info,Road Block,Route Info,Detour,Route Info,,,,,,,,,Austria,Central Europe,Yes,,,Marcus & Michael,,,,,,,,,,,,
34,9,Route Info,Route Info,Road Block,Route Info,Route Info,Route Info,,,,,,,,34,3,Route Info,Detour,Route Info,Road Block,Route Info,Road Block,Detour,Route Info,,,,,,Italy,Southern Europe,Yes,,,Emily & Molly,,,,,,,,,,,,
34,Final,Route Info,Route Info,Road Block,Route Info,Route Info,Route Info,Route Info,Route Info,,,,,,34,4,Route Info,Road Block,Route Info,Detour,Route Info,,,,,,,,,Jordan,Middle East,Yes,,,Luis & Michelle,,,,,,,,,,,,
35,1,Route Info,Road Block,Route Info,Express Pass,Route Info,Detour,Route Info,,,,,,,34,5,Route Info,Detour,Road Block,Route Info,,,,,,,,,,Jordan,Middle East,Yes,,,Luis & Michelle,,,,,,,,,,,,
35,2,Route Info,Road Block,Route Info,Detour,Route Info,,,,,,,,,34,6,Route Info,Road Block,Route Info,Detour,Route Info,,,,,,,,,France,Western Europe,Yes,,,Marcus & Michael,,,,,,,,,,,,
35,3,Route Info,Route Info,Route Info,Detour,Route Info,,,,,,,,,34,7,Route Info,Road Block,Route Info,Detour,Route Info,,,,,,,,,France,Western Europe,Yes,,,Derek & Claire,,,,,,,,,,,,
35,4,Route Info,Detour,Route Info,Route Info,Road Block,,,,,,,,,34,8,Route Info,Road Block,Route Info,Detour,Route Info,Detour,Route Info,Road Block,Route Info,,,,,Spain,Western Europe,Yes,,,Luis & Michelle,,,,,,,,,,,,
35,5,Route Info,Road Block,Route Info,Detour,Route Info,,,,,,,,,34,9,Route Info,Route Info,Road Block,Route Info,Route Info,Route Info,,,,,,,,Iceland,Western Europe,Yes,,,Derek & Claire,,,,,,,,,,,,
35,6,Route Info,Route Info,Route Info,Detour,Route Info,Road Block,Route Info,,,,,,,34,Final,Route Info,Route Info,Road Block,Route Info,Route Info,Route Info,Route Info,Route Info,,,,,,USA,North America,Final Leg,,,Derek & Claire,,,,,,,,,,,,
35,7,Route Info,Road Block,Route Info,Route Info,Route Info,Detour,Road Block,Route Info,,,,,,35,1,Route Info,Road Block,Route Info,Express Pass,Route Info,Detour,Route Info,,,,,,,Thailand,South East Asia,Yes,Express Pass,4,Jocelyn & Victor,,,,,,,,,,,,
35,8,Route Info,Road Block,Route Info,Express Pass,Route Info,Detour,Route Info,Route Info,,,,,,35,2,Route Info,Road Block,Route Info,Detour,Route Info,,,,,,,,,Thailand,South East Asia,Yes,,,Jocelyn & Victor,,,,,,,,,,,,
35,9,Route Info,Road Block,Route Info,Route Info,Route Info,Detour,Route Info,,,,,,,35,3,Route Info,Route Info,Route Info,Detour,Route Info,,,,,,,,,Vietnam,South East Asia,No,,,Steve & Anna Leigh,,,,,,,,,,,,
35,10,Route Info,Route Info,Route Info,Road Block,Route Info,Route Info,Detour,Route Info,Route Info,,,,,35,4,Route Info,Detour,Route Info,Route Info,Road Block,,,,,,,,,Vietnam,South East Asia,Yes,,,Robbin & Chelsea,,,,,,,,,,,,
35,11,Route Info,Route Info,Road Block,Route Info,Road Block,Route Info,Route Info,,,,,,,35,5,Route Info,Road Block,Route Info,Detour,Route Info,,,,,,,,,India,South Asia,Yes,,,Steve & Anna Leigh,,,,,,,,,,,,
35,Final,Route Info,Route Info,Route Info,Route Info,Route Info,Route Info,Route Info,Route Info,,,,,,35,6,Route Info,Route Info,Route Info,Detour,Route Info,Road Block,Route Info,,,,,,,India,South Asia,Yes,U-Turn,4,Greg & John,,,,,,,,,,,,
36,1,Route Info,Detour,Route Info,Road Block,Route Info,,,,,,,,,35,7,Route Info,Road Block,Route Info,Route Info,Route Info,Detour,Road Block,Route Info,,,,,,Germany,Central Europe,Yes,,,Greg & John,,,,,,,,,,,,
36,2,Route Info,Detour,Route Info,Road Block,Route Info,,,,,,,,,35,8,Route Info,Road Block,Route Info,Express Pass,Route Info,Detour,Route Info,Route Info,,,,,,Slovenia,Central Europe,Yes,Express Pass,4,Greg & John,,,,,,,,,,,,
36,3,Route Info,Detour,Route Info,Road Block,Route Info,,,,,,,,,35,9,Route Info,Road Block,Route Info,Route Info,Route Info,Detour,Route Info,,,,,,,Slovenia,Central Europe,Yes,,,Greg & John,,,,,,,,,,,,
36,4,Route Info,Detour,Route Info,Road Block,Route Info,,,,,,,,,35,10,Route Info,Route Info,Route Info,Road Block,Route Info,Route Info,Detour,Route Info,Route Info,,,,,Sweden,Northern Europe,Yes,,,Joel & Garrett,,,,,,,,,,,,
36,5,Route Info,Route Info,Road Block,Detour,Route Info,,,,,,,,,35,11,Route Info,Route Info,Road Block,Route Info,Road Block,Route Info,Route Info,,,,,,,Ireland,Western Europe,Yes,,,Rob & Corey,,,,,,,,,,,,
36,6,Route Info,Detour,Route Info,Road Block,Route Info,Road Block,Route Info,Detour,Route Info,,,,,35,Final,Route Info,Route Info,Route Info,Route Info,Route Info,Route Info,Route Info,Route Info,,,,,,USA,North America,Final Leg,Scramble,3,Greg & John,,,,,,,,,,,,
36,7,Route Info,Road Block,Route Info,Detour,Route Info,,,,,,,,,36,1,Route Info,Detour,Route Info,Road Block,Route Info,,,,,,,,,Mexico,North America,Yes,,,Rod & Leticia,,,,,,,,,,,,
36,8,Route Info,Road Block,Route Info,Route Info,Detour,Route Info,,,,,,,,36,2,Route Info,Detour,Route Info,Road Block,Route Info,,,,,,,,,Mexico,North America,Yes,,,Rod & Leticia,,,,,,,,,,,,
36,9,Route Info,Road Block,Route Info,Route Info,Route Info,Road Block,Route Info,Route Info,,,,,,36,3,Route Info,Detour,Route Info,Road Block,Route Info,,,,,,,,,Colombia,South America,Yes,,,Ricky & Cesar,,,,,,,,,,,,
36,10,Route Info,Detour,Route Info,Road Block,Route Info,Route Info,,,,,,,,36,4,Route Info,Detour,Route Info,Road Block,Route Info,,,,,,,,,Colombia,South America,Yes,,,Ricky & Cesar,,,,,,,,,,,,
36,Final,Route Info,Road Block,Route Info,Route Info,Route Info,Route Info,Road Block,Route Info,Route Info,Route Info,,,,36,5,Route Info,Route Info,Road Block,Detour,Route Info,,,,,,,,,Chile,South America,Yes,,,Ricky & Cesar,,,,,,,,,,,,
37,1,Route Info,Route Info,Road Block,Route Info,Fork-in-Road,Route Info,,,,,,,,36,6,Route Info,Detour,Route Info,Road Block,Route Info,Road Block,Route Info,Detour,Route Info,,,,,Argentina,South America,Yes,,,Juan & Shane,,,,,,,,,,,,
37,2,Route Info,Route Info,Road Block,Route Info,Detour,Route Info,,,,,,,,36,7,Route Info,Road Block,Route Info,Detour,Route Info,,,,,,,,,Uruguay,South America,Yes,,,Ricky & Cesar,,,,,,,,,,,,
37,3,Route Info,Route Info,Road Block,Route Info,Detour,Route Info,,,,,,,,36,8,Route Info,Road Block,Route Info,Route Info,Detour,Route Info,,,,,,,,Barbados,Caribbean,Yes,,,Ricky & Cesar,,,,,,,,,,,,
37,4,Route Info,Route Info,Route Info,Road Block,Route Info,Detour,Route Info,,,,,,,36,9,Route Info,Road Block,Route Info,Route Info,Route Info,Road Block,Route Info,Route Info,,,,,,Dominican Republic,Caribbean,Yes,,,Ricky & Cesar,,,,,,,,,,,,
37,5,Route Info,Route Info,Detour,Route Info,Road Block,Route Info,,,,,,,,36,10,Route Info,Detour,Route Info,Road Block,Route Info,Route Info,,,,,,,,Dominican Republic,Caribbean,Yes,,,Rod & Leticia,,,,,,,,,,,,
37,6,Route Info,Road Block,Fast Forward,Route Info,Route Info,Route Info,Road Block,Route Info,,,,,,36,Final,Route Info,Road Block,Route Info,Route Info,Route Info,Route Info,Road Block,Route Info,Route Info,Route Info,,,,USA,North America,Final Leg,,,Ricky & Cesar,,,,,,,,,,,,
37,7,Route Info,Route Info,Route Info,Route Info,Detour,Route Info,Route Info,Road Block,Route Info,,,,,37,1,Route Info,Route Info,Road Block,Route Info,Fork-in-Road,Route Info,,,,,,,,China,East Asia,Yes x2,,,Carson & Jack\nAlyssa & Josiah,,,,,,,,,,,,
37,8,Express Pass,Route Info,Route Info,Route Info,Route Info,Route Info,Route Info,Route Info,Road Block,Route Info,,,,37,2,Route Info,Route Info,Road Block,Route Info,Detour,Route Info,,,,,,,,Japan,East Asia,Yes,Intersection,3,Jonathan & Ana,,,,,,,,,,,,
37,9,Route Info,Route Info,Detour,Route Info,Route Info,Route Info,Road Block,Route Info,,,,,,37,3,Route Info,Route Info,Road Block,Route Info,Detour,Route Info,,,,,,,,Japan,East Asia,Yes,Express Pass,3,Scott & Lori,,,,,,,,,,,,
37,10,Route Info,Route Info,Road Block,Route Info,Route Info,Route Info,Detour,Route Info,,,,,,37,4,Route Info,Route Info,Route Info,Road Block,Route Info,Detour,Route Info,,,,,,,Indonesia,South East Asia,Yes,Driver's Seat,4,Jonathan & Ana,,,,,,,,,,,,
37,11,Route Info,Route Info,Route Info,Route Info,Road Block,Route Info,Route Info,Route Info,,,,,,37,5,Route Info,Route Info,Detour,Route Info,Road Block,Route Info,,,,,,,,Indonesia,South East Asia,Yes,Double U-Turn,1,Brett & Mark,,,,,,,,,,,,
37,Final,Route Info,Route Info,Road Block,Route Info,Route Info,Route Info,Route Info,Route Info,,,,,,37,6,Route Info,Road Block,Fast Forward,Route Info,Route Info,Route Info,Road Block,Route Info,,,,,,UAE,Middle East,Yes,,,Carson & Jack,,,,,,,,,,,,
38,1,Route Info,Route Info,Route Info,Route Info,Hazard,Route Info,Route Info,Route Info,Road Block,Route Info,,,,37,7,Route Info,Route Info,Route Info,Route Info,Detour,Route Info,Route Info,Road Block,Route Info,,,,,Bulgaria,Southern Europe,Yes,Double U-Turn,7,Alyssa & Josiah,,,,,,,,,,,,
38,2,Route Info,Road Block,Route Info,Detour,Route Info,Route Info,,,,,,,,37,8,Express Pass,Route Info,Route Info,Route Info,Route Info,Route Info,Route Info,Route Info,Road Block,Route Info,,,,Bulgaria,Southern Europe,Yes,Express Pass,1,Brett & Mark,,,,,,,,,,,,
38,3,Route Info,Road Block,Route Info,Route Info,Route Info,Road Block,Route Info,,,,,,,37,9,Route Info,Route Info,Detour,Route Info,Route Info,Route Info,Road Block,Route Info,,,,,,Italy,Southern Europe,No,,,Jonathan & Ana,,,,,,,,,,,,
38,4,Route Info,Route Info,Route Info,Fast Forward,Route Info,Road Block,Route Info,Detour,Route Info,,,,,37,10,Route Info,Route Info,Road Block,Route Info,Route Info,Route Info,Detour,Route Info,,,,,,France,Western Europe,Yes,Head-to-Head,3,Carson & Jack,,,,,,,,,,,,
38,5,Route Info,Detour,Route Info,Route Info,Road Block,Route Info,,,,,,,,37,11,Route Info,Route Info,Route Info,Route Info,Road Block,Route Info,Route Info,Route Info,,,,,,Portugal,Western Europe,Yes,Scramble,6,Carson & Jack,,,,,,,,,,,,
38,6,Route Info,Detour,Route Info,Road Block,Route Info,,,,,,,,,37,Final,Route Info,Route Info,Road Block,Route Info,Route Info,Route Info,Route Info,Route Info,,,,,,USA,North America,Final Leg,Scramble,2 thru 4,Carson & Jack,,,,,,,,,,,,
38,7,Route Info,Road Block,Route Info,Route Info,Route Info,Detour,Route Info,,,,,,,38,1,Route Info,Route Info,Route Info,Route Info,Hazard,Route Info,Route Info,Route Info,Road Block,Route Info,,,,Netherlands,Central Europe,Yes,Express Pass,2,Jas & Jag,,,,,,,,,,,,
38,8,Route Info,Road Block,Route Info,Detour,Route Info,Route Info,Route Info,,,,,,,38,2,Route Info,Road Block,Route Info,Detour,Route Info,Route Info,,,,,,,,Czech Republic ,Eastern Europe,Yes,,,Jas & Jag,,,,,,,,,,,,
38,9,Route Info,Route Info,Detour,Route Info,Route Info,Road Block,Route Info,,,,,,,38,3,Route Info,Road Block,Route Info,Route Info,Route Info,Road Block,Route Info,,,,,,,Czech Republic ,Eastern Europe,Yes,Driver's Seat,2,Natalie & Stephanie,,,,,,,,,,,,
38,10,Route Info,Route Info,Road Block,Route Info,Road Block,Route Info,Route Info,Route Info,,,,,,38,4,Route Info,Route Info,Route Info,Fast Forward,Route Info,Road Block,Route Info,Detour,Route Info,,,,,Hungary,Central Europe,Yes,,,Tucker & Eric,,,,,,,,,,,,
38,11,Route Info,Route Info,Route Info,Route Info,Road Block,Route Info,,,,,,,,38,5,Route Info,Detour,Route Info,Route Info,Road Block,Route Info,,,,,,,,Croatia,Southern Europe,Yes,Double U-Turn,4,Tucker & Eric,,,,,,,,,,,,
38,Final,Route Info,Route Info,Route Info,Route Info,Route Info,Route Info,Route Info,Route Info,,,,,,38,6,Route Info,Detour,Route Info,Road Block,Route Info,,,,,,,,,Croatia,Southern Europe,Yes,,,Tucker & Eric,,,,,,,,,,,,
,,,,,,,,,,,,,,,38,7,Route Info,Road Block,Route Info,Route Info,Route Info,Detour,Route Info,,,,,,,Romania,Eastern Europe,Yes,,,Tucker & Eric,,,,,,,,,,,,
Season_Num,Leg_Num,Country,Geographic_Area,,,,,,,,,,,,38,8,Route Info,Road Block,Route Info,Detour,Route Info,Route Info,Route Info,,,,,,,Romania,Eastern Europe,No,,,Jas & Jag,,,,,,,,,,,,
1,1,Zambia,Southern Africa,,,,,,,,,,,,38,9,Route Info,Route Info,Detour,Route Info,Route Info,Road Block,Route Info,,,,,,,Greece,Southern Europe,Yes,Double U-Turn,2,Jas & Jag,,,,,,,,,,,,
1,2,France,Western Europe,,,,,,,,,,,,38,10,Route Info,Route Info,Road Block,Route Info,Road Block,Route Info,Route Info,Route Info,,,,,,Italy,Southern Europe,Yes,,,Jas & Jag,,,,,,,,,,,,
1,3,France,Western Europe,,,,,,,,,,,,38,11,Route Info,Route Info,Route Info,Route Info,Road Block,Route Info,,,,,,,,France,Western Europe,Yes,,,Jas & Jag,,,,,,,,,,,,
1,4,Tunisia,Northern Africa,,,,,,,,,,,,38,Final,Route Info,Route Info,Route Info,Route Info,Route Info,Route Info,Route Info,Route Info,,,,,,USA,North America,Final Leg,,,Jas & Jag,,,,,,,,,,,,
1,5,Tunisia,Northern Africa,,,,,,,,,,,,,,,,,,,,,,,,,,,,,,,,,,,,,,,,,,,,
1,6,Italy,Southern Europe,,,,,,,,,,,,,,,,,,,,,,,,,,,,,,,,,,,,,,,,,,,,
1,7,India,South Asia,,,,,,,,,,,,,,,,,,,,,,,,,,,,,,,,,,,,,,,,,,,,
1,8,India,South Asia,,,,,,,,,,,,,,,,,,,,,,,,,,,,,,,,,,,,,,,,,,,,
1,9,Thailand,South East Asia,,,,,,,,,,,,,,,,,,,,,,,,,,,,,,,,,,,,,,,,,,,,
1,10,Thailand,South East Asia,,,,,,,,,,,,,,,,,,,,,,,,,,,,,,,,,,,,,,,,,,,,
1,11,China,East Asia,,,,,,,,,,,,,,,,,,,,,,,,,,,,,,,,,,,,,,,,,,,,
1,12,USA,North America,,,,,,,,,,,,,,,,,,,,,,,,,,,,,,,,,,,,,,,,,,,,
1,Final ,USA,North America,,,,,,,,,,,,,,,,,,,,,,,,,,,,,,,,,,,,,,,,,,,,
2,1,Brazil,South America,,,,,,,,,,,,,,,,,,,,,,,,,,,,,,,,,,,,,,,,,,,,
2,2,Brazil,South America,,,,,,,,,,,,,,,,,,,,,,,,,,,,,,,,,,,,,,,,,,,,
2,3,South Africa,Southern Africa,,,,,,,,,,,,,,,,,,,,,,,,,,,,,,,,,,,,,,,,,,,,
2,4,Namibia,Southern Africa,,,,,,,,,,,,,,,,,,,,,,,,,,,,,,,,,,,,,,,,,,,,
2,5,Thailand,South East Asia,,,,,,,,,,,,,,,,,,,,,,,,,,,,,,,,,,,,,,,,,,,,
2,6,Thailand,South East Asia,,,,,,,,,,,,,,,,,,,,,,,,,,,,,,,,,,,,,,,,,,,,
2,7,China,East Asia,,,,,,,,,,,,,,,,,,,,,,,,,,,,,,,,,,,,,,,,,,,,
2,8,Australia,Oceania,,,,,,,,,,,,,,,,,,,,,,,,,,,,,,,,,,,,,,,,,,,,
2,9,Australia,Oceania,,,,,,,,,,,,,,,,,,,,,,,,,,,,,,,,,,,,,,,,,,,,
2,10,New Zealand,Oceania,,,,,,,,,,,,,,,,,,,,,,,,,,,,,,,,,,,,,,,,,,,,
2,11,New Zealand,Oceania,,,,,,,,,,,,,,,,,,,,,,,,,,,,,,,,,,,,,,,,,,,,
2,12,USA,North America,,,,,,,,,,,,,,,,,,,,,,,,,,,,,,,,,,,,,,,,,,,,
2,Final ,USA,North America,,,,,,,,,,,,,,,,,,,,,,,,,,,,,,,,,,,,,,,,,,,,
3,1,Mexico,North America,,,,,,,,,,,,,,,,,,,,,,,,,,,,,,,,,,,,,,,,,,,,
3,2,Mexico,North America,,,,,,,,,,,,,,,,,,,,,,,,,,,,,,,,,,,,,,,,,,,,
3,3,"England
Scotland","Western Europe
Western Europe",,,,,,,,,,,,,,,,,,,,,,,,,,,,,,,,,,,,,,,,,,,,
3,4,Portugal,Western Europe,,,,,,,,,,,,,,,,,,,,,,,,,,,,,,,,,,,,,,,,,,,,
3,5,Morocco,Northern Africa,,,,,,,,,,,,,,,,,,,,,,,,,,,,,,,,,,,,,,,,,,,,
3,6,Morocco,Northern Africa,,,,,,,,,,,,,,,,,,,,,,,,,,,,,,,,,,,,,,,,,,,,
3,7,"Germany
Austria","Central Europe
Central Europe",,,,,,,,,,,,,,,,,,,,,,,,,,,,,,,,,,,,,,,,,,,,
3,8,Switzerland,Central Europe,,,,,,,,,,,,,,,,,,,,,,,,,,,,,,,,,,,,,,,,,,,,
3,9,Switzerland,Central Europe,,,,,,,,,,,,,,,,,,,,,,,,,,,,,,,,,,,,,,,,,,,,
3,10,"Malaysia
Singapore","South East Asia
South East Asia",,,,,,,,,,,,,,,,,,,,,,,,,,,,,,,,,,,,,,,,,,,,
3,11,Vietnam,South East Asia,,,,,,,,,,,,,,,,,,,,,,,,,,,,,,,,,,,,,,,,,,,,
3,12,Vietnam,South East Asia,,,,,,,,,,,,,,,,,,,,,,,,,,,,,,,,,,,,,,,,,,,,
3,Final,USA,North America,,,,,,,,,,,,,,,,,,,,,,,,,,,,,,,,,,,,,,,,,,,,
4,1,Italy,Western Europe,,,,,,,,,,,,,,,,,,,,,,,,,,,,,,,,,,,,,,,,,,,,
4,2,Italy,Southern Europe,,,,,,,,,,,,,,,,,,,,,,,,,,,,,,,,,,,,,,,,,,,,
4,3,Austria,Central Europe ,,,,,,,,,,,,,,,,,,,,,,,,,,,,,,,,,,,,,,,,,,,,
4,4,France,Western Europe,,,,,,,,,,,,,,,,,,,,,,,,,,,,,,,,,,,,,,,,,,,,
4,5,Netherlands,Central Europe,,,,,,,,,,,,,,,,,,,,,,,,,,,,,,,,,,,,,,,,,,,,
4,6,India,South Asia,,,,,,,,,,,,,,,,,,,,,,,,,,,,,,,,,,,,,,,,,,,,
4,7,India,South Asia,,,,,,,,,,,,,,,,,,,,,,,,,,,,,,,,,,,,,,,,,,,,
4,8,Malaysia,South East Asia,,,,,,,,,,,,,,,,,,,,,,,,,,,,,,,,,,,,,,,,,,,,
4,9,Malaysia,South East Asia,,,,,,,,,,,,,,,,,,,,,,,,,,,,,,,,,,,,,,,,,,,,
4,10,South Korea,East Asia,,,,,,,,,,,,,,,,,,,,,,,,,,,,,,,,,,,,,,,,,,,,
4,11,Australia,Oceania,,,,,,,,,,,,,,,,,,,,,,,,,,,,,,,,,,,,,,,,,,,,
4,12,Australia,Oceania,,,,,,,,,,,,,,,,,,,,,,,,,,,,,,,,,,,,,,,,,,,,
4,Final,USA,North America,,,,,,,,,,,,,,,,,,,,,,,,,,,,,,,,,,,,,,,,,,,,
5,1,Uruguay,South America,,,,,,,,,,,,,,,,,,,,,,,,,,,,,,,,,,,,,,,,,,,,
5,2,Argentina,South America,,,,,,,,,,,,,,,,,,,,,,,,,,,,,,,,,,,,,,,,,,,,
5,3,Argentina,South America,,,,,,,,,,,,,,,,,,,,,,,,,,,,,,,,,,,,,,,,,,,,
5,4,Russia,Eastern Europe,,,,,,,,,,,,,,,,,,,,,,,,,,,,,,,,,,,,,,,,,,,,
5,5,Egypt,Northern Africa,,,,,,,,,,,,,,,,,,,,,,,,,,,,,,,,,,,,,,,,,,,,
5,6,Egypt,Northern Africa,,,,,,,,,,,,,,,,,,,,,,,,,,,,,,,,,,,,,,,,,,,,
5,7,Tanzania,East Africa,,,,,,,,,,,,,,,,,,,,,,,,,,,,,,,,,,,,,,,,,,,,
5,8,UAE,Middle East,,,,,,,,,,,,,,,,,,,,,,,,,,,,,,,,,,,,,,,,,,,,
5,9,India,South Asia,,,,,,,,,,,,,,,,,,,,,,,,,,,,,,,,,,,,,,,,,,,,
5,10,New Zealand,Oceania,,,,,,,,,,,,,,,,,,,,,,,,,,,,,,,,,,,,,,,,,,,,
5,11,Philippines,South East Asia,,,,,,,,,,,,,,,,,,,,,,,,,,,,,,,,,,,,,,,,,,,,
5,12,Philippines,South East Asia,,,,,,,,,,,,,,,,,,,,,,,,,,,,,,,,,,,,,,,,,,,,
5,Final,"Canada
USA",North America,,,,,,,,,,,,,,,,,,,,,,,,,,,,,,,,,,,,,,,,,,,,
6,1,Iceland,Northern Europe,,,,,,,,,,,,,,,,,,,,,,,,,,,,,,,,,,,,,,,,,,,,
6,2,Norway,Northern Europe,,,,,,,,,,,,,,,,,,,,,,,,,,,,,,,,,,,,,,,,,,,,
6,3,Sweden,Northern Europe,,,,,,,,,,,,,,,,,,,,,,,,,,,,,,,,,,,,,,,,,,,,
6,4,Senegal,West Africa,,,,,,,,,,,,,,,,,,,,,,,,,,,,,,,,,,,,,,,,,,,,
6,5,Germany,Central Europe,,,,,,,,,,,,,,,,,,,,,,,,,,,,,,,,,,,,,,,,,,,,
6,6,Hungary,Central Europe,,,,,,,,,,,,,,,,,,,,,,,,,,,,,,,,,,,,,,,,,,,,
6,7,France,Western Europe,,,,,,,,,,,,,,,,,,,,,,,,,,,,,,,,,,,,,,,,,,,,
6,8,"France
Ethiopia","Western Europe
East Africa",,,,,,,,,,,,,,,,,,,,,,,,,,,,,,,,,,,,,,,,,,,,
6,9,Sri Lanka,South Asia,,,,,,,,,,,,,,,,,,,,,,,,,,,,,,,,,,,,,,,,,,,,
6,10,China,East Asia,,,,,,,,,,,,,,,,,,,,,,,,,,,,,,,,,,,,,,,,,,,,
6,11,China,East Asia,,,,,,,,,,,,,,,,,,,,,,,,,,,,,,,,,,,,,,,,,,,,
6,Final,USA,North America,,,,,,,,,,,,,,,,,,,,,,,,,,,,,,,,,,,,,,,,,,,,
7,1,Peru,South America,,,,,,,,,,,,,,,,,,,,,,,,,,,,,,,,,,,,,,,,,,,,
7,2,Chile,South America,,,,,,,,,,,,,,,,,,,,,,,,,,,,,,,,,,,,,,,,,,,,
7,3,Argentina,South America,,,,,,,,,,,,,,,,,,,,,,,,,,,,,,,,,,,,,,,,,,,,
7,4,Argentina,South America,,,,,,,,,,,,,,,,,,,,,,,,,,,,,,,,,,,,,,,,,,,,
7,5,South Africa,Southern Africa,,,,,,,,,,,,,,,,,,,,,,,,,,,,,,,,,,,,,,,,,,,,
7,6,Botswana,Southern Africa,,,,,,,,,,,,,,,,,,,,,,,,,,,,,,,,,,,,,,,,,,,,
7,7,Botswana,Southern Africa,,,,,,,,,,,,,,,,,,,,,,,,,,,,,,,,,,,,,,,,,,,,
7,8,India,South Asia,,,,,,,,,,,,,,,,,,,,,,,,,,,,,,,,,,,,,,,,,,,,
7,9,India,South Asia,,,,,,,,,,,,,,,,,,,,,,,,,,,,,,,,,,,,,,,,,,,,
7,10,Turkey,Middle East,,,,,,,,,,,,,,,,,,,,,,,,,,,,,,,,,,,,,,,,,,,,
7,11,England,Western Europe,,,,,,,,,,,,,,,,,,,,,,,,,,,,,,,,,,,,,,,,,,,,
7,12,Jamaica,Caribbean,,,,,,,,,,,,,,,,,,,,,,,,,,,,,,,,,,,,,,,,,,,,
7,Final,"Puerto Rico
USA","Caribbean
North America",,,,,,,,,,,,,,,,,,,,,,,,,,,,,,,,,,,,,,,,,,,,
8,1,USA,North America,,,,,,,,,,,,,,,,,,,,,,,,,,,,,,,,,,,,,,,,,,,,
8,2,USA,North America,,,,,,,,,,,,,,,,,,,,,,,,,,,,,,,,,,,,,,,,,,,,
8,3,USA,North America,,,,,,,,,,,,,,,,,,,,,,,,,,,,,,,,,,,,,,,,,,,,
8,4,USA,North America,,,,,,,,,,,,,,,,,,,,,,,,,,,,,,,,,,,,,,,,,,,,
8,5,Panama,Central America,,,,,,,,,,,,,,,,,,,,,,,,,,,,,,,,,,,,,,,,,,,,
8,6,Costa Rica,Central America,,,,,,,,,,,,,,,,,,,,,,,,,,,,,,,,,,,,,,,,,,,,
8,7,USA,North America,,,,,,,,,,,,,,,,,,,,,,,,,,,,,,,,,,,,,,,,,,,,
8,8,USA,North America,,,,,,,,,,,,,,,,,,,,,,,,,,,,,,,,,,,,,,,,,,,,
8,9,USA,North America,,,,,,,,,,,,,,,,,,,,,,,,,,,,,,,,,,,,,,,,,,,,
8,10,USA,North America,,,,,,,,,,,,,,,,,,,,,,,,,,,,,,,,,,,,,,,,,,,,
8,11,USA,North America,,,,,,,,,,,,,,,,,,,,,,,,,,,,,,,,,,,,,,,,,,,,
8,Final,"Canada
USA",North America,,,,,,,,,,,,,,,,,,,,,,,,,,,,,,,,,,,,,,,,,,,,
9,1,Brazil,South America,,,,,,,,,,,,,,,,,,,,,,,,,,,,,,,,,,,,,,,,,,,,
9,2,Brazil,South America,,,,,,,,,,,,,,,,,,,,,,,,,,,,,,,,,,,,,,,,,,,,
9,3,Russia,Eastern Europe,,,,,,,,,,,,,,,,,,,,,,,,,,,,,,,,,,,,,,,,,,,,
9,4,Germany,Central Europe,,,,,,,,,,,,,,,,,,,,,,,,,,,,,,,,,,,,,,,,,,,,
9,5,Italy,Southern Europe,,,,,,,,,,,,,,,,,,,,,,,,,,,,,,,,,,,,,,,,,,,,
9,6,Italy,Southern Europe,,,,,,,,,,,,,,,,,,,,,,,,,,,,,,,,,,,,,,,,,,,,
9,7,Greece,Southern Europe,,,,,,,,,,,,,,,,,,,,,,,,,,,,,,,,,,,,,,,,,,,,
9,8,Oman,Middle East,,,,,,,,,,,,,,,,,,,,,,,,,,,,,,,,,,,,,,,,,,,,
9,9,Australia,Oceania,,,,,,,,,,,,,,,,,,,,,,,,,,,,,,,,,,,,,,,,,,,,
9,10,Australia,Oceania,,,,,,,,,,,,,,,,,,,,,,,,,,,,,,,,,,,,,,,,,,,,
9,11,Thailand,South East Asia,,,,,,,,,,,,,,,,,,,,,,,,,,,,,,,,,,,,,,,,,,,,
9,12,Japan,East Asia,,,,,,,,,,,,,,,,,,,,,,,,,,,,,,,,,,,,,,,,,,,,
9,Final,USA,North America,,,,,,,,,,,,,,,,,,,,,,,,,,,,,,,,,,,,,,,,,,,,
10,1,China,East Asia,,,,,,,,,,,,,,,,,,,,,,,,,,,,,,,,,,,,,,,,,,,,
10,2,Mongolia,East Asia,,,,,,,,,,,,,,,,,,,,,,,,,,,,,,,,,,,,,,,,,,,,
10,3,Vietnam,South East Asia,,,,,,,,,,,,,,,,,,,,,,,,,,,,,,,,,,,,,,,,,,,,
10,4,Vietnam,South East Asia,,,,,,,,,,,,,,,,,,,,,,,,,,,,,,,,,,,,,,,,,,,,
10,5,India,South Asia,,,,,,,,,,,,,,,,,,,,,,,,,,,,,,,,,,,,,,,,,,,,
10,6,Kuwait,Middle East,,,,,,,,,,,,,,,,,,,,,,,,,,,,,,,,,,,,,,,,,,,,
10,7,Mauritius,Southern Africa,,,,,,,,,,,,,,,,,,,,,,,,,,,,,,,,,,,,,,,,,,,,
10,8,Madagascar,Southern Africa,,,,,,,,,,,,,,,,,,,,,,,,,,,,,,,,,,,,,,,,,,,,
10,9,"Finland
Ukraine","Northern Europe
Eastern Europe",,,,,,,,,,,,,,,,,,,,,,,,,,,,,,,,,,,,,,,,,,,,
10,10,Morocco,Northern Africa,,,,,,,,,,,,,,,,,,,,,,,,,,,,,,,,,,,,,,,,,,,,
10,11,Spain,Western Europe,,,,,,,,,,,,,,,,,,,,,,,,,,,,,,,,,,,,,,,,,,,,
10,Final,"France
USA","Western Europe
North America",,,,,,,,,,,,,,,,,,,,,,,,,,,,,,,,,,,,,,,,,,,,
11,1,Ecuador,South America,,,,,,,,,,,,,,,,,,,,,,,,,,,,,,,,,,,,,,,,,,,,
11,2,Chile,South America,,,,,,,,,,,,,,,,,,,,,,,,,,,,,,,,,,,,,,,,,,,,
11,3,Chile,South America,,,,,,,,,,,,,,,,,,,,,,,,,,,,,,,,,,,,,,,,,,,,
11,4,Argentina,South America,,,,,,,,,,,,,,,,,,,,,,,,,,,,,,,,,,,,,,,,,,,,
11,5,Mozambique,East Africa,,,,,,,,,,,,,,,,,,,,,,,,,,,,,,,,,,,,,,,,,,,,
11,6,Tanzania,East Africa,,,,,,,,,,,,,,,,,,,,,,,,,,,,,,,,,,,,,,,,,,,,
11,7,Poland,Eastern Europe,,,,,,,,,,,,,,,,,,,,,,,,,,,,,,,,,,,,,,,,,,,,
11,8,Poland,Eastern Europe,,,,,,,,,,,,,,,,,,,,,,,,,,,,,,,,,,,,,,,,,,,,
11,9,Malaysia,South East Asia,,,,,,,,,,,,,,,,,,,,,,,,,,,,,,,,,,,,,,,,,,,,
11,10,China,East Asia,,,,,,,,,,,,,,,,,,,,,,,,,,,,,,,,,,,,,,,,,,,,
11,11,China,East Asia,,,,,,,,,,,,,,,,,,,,,,,,,,,,,,,,,,,,,,,,,,,,
11,12,Guam,Oceania,,,,,,,,,,,,,,,,,,,,,,,,,,,,,,,,,,,,,,,,,,,,
11,Final,USA,North America,,,,,,,,,,,,,,,,,,,,,,,,,,,,,,,,,,,,,,,,,,,,
12,1,Ireland,Western Europe,,,,,,,,,,,,,,,,,,,,,,,,,,,,,,,,,,,,,,,,,,,,
12,2,Netherlands,Central Europe,,,,,,,,,,,,,,,,,,,,,,,,,,,,,,,,,,,,,,,,,,,,
12,3,Burkina Faso,West Africa,,,,,,,,,,,,,,,,,,,,,,,,,,,,,,,,,,,,,,,,,,,,
12,4,Burkina Faso,West Africa,,,,,,,,,,,,,,,,,,,,,,,,,,,,,,,,,,,,,,,,,,,,
12,5,Lithuania,Eastern Europe,,,,,,,,,,,,,,,,,,,,,,,,,,,,,,,,,,,,,,,,,,,,
12,6,Croatia,Southern Europe,,,,,,,,,,,,,,,,,,,,,,,,,,,,,,,,,,,,,,,,,,,,
12,7,Italy,Southern Europe,,,,,,,,,,,,,,,,,,,,,,,,,,,,,,,,,,,,,,,,,,,,
12,8,India,South Asia,,,,,,,,,,,,,,,,,,,,,,,,,,,,,,,,,,,,,,,,,,,,
12,9,Japan,East Asia,,,,,,,,,,,,,,,,,,,,,,,,,,,,,,,,,,,,,,,,,,,,
12,10,Taiwan,East Asia,,,,,,,,,,,,,,,,,,,,,,,,,,,,,,,,,,,,,,,,,,,,
12,Final,USA,,,,,,,,,,,,,,,,,,,,,,,,,,,,,,,,,,,,,,,,,,,,,
13,1,Brazil,South America,,,,,,,,,,,,,,,,,,,,,,,,,,,,,,,,,,,,,,,,,,,,
13,2,Brazil,South America,,,,,,,,,,,,,,,,,,,,,,,,,,,,,,,,,,,,,,,,,,,,
13,3,Bolivia,South America,,,,,,,,,,,,,,,,,,,,,,,,,,,,,,,,,,,,,,,,,,,,
13,4,New Zealand,Oceania,,,,,,,,,,,,,,,,,,,,,,,,,,,,,,,,,,,,,,,,,,,,
13,5,Cambodia,South East Asia,,,,,,,,,,,,,,,,,,,,,,,,,,,,,,,,,,,,,,,,,,,,
13,6,India,South Asia,,,,,,,,,,,,,,,,,,,,,,,,,,,,,,,,,,,,,,,,,,,,
13,7,India,South Asia,,,,,,,,,,,,,,,,,,,,,,,,,,,,,,,,,,,,,,,,,,,,
13,8,Kazakhstan,Central Asia,,,,,,,,,,,,,,,,,,,,,,,,,,,,,,,,,,,,,,,,,,,,
13,9,Russia,Eastern Europe,,,,,,,,,,,,,,,,,,,,,,,,,,,,,,,,,,,,,,,,,,,,
13,10,Russia,Eastern Europe,,,,,,,,,,,,,,,,,,,,,,,,,,,,,,,,,,,,,,,,,,,,
13,Final,USA,North America,,,,,,,,,,,,,,,,,,,,,,,,,,,,,,,,,,,,,,,,,,,,
14,1,Switzerland,Central Europe,,,,,,,,,,,,,,,,,,,,,,,,,,,,,,,,,,,,,,,,,,,,
14,2,"Germany
Austria","Central Europe
Central Europe",,,,,,,,,,,,,,,,,,,,,,,,,,,,,,,,,,,,,,,,,,,,
14,3,"Germany
Romania","Central Europe
Eastern Europe",,,,,,,,,,,,,,,,,,,,,,,,,,,,,,,,,,,,,,,,,,,,
14,4,Russia,Eastern Europe,,,,,,,,,,,,,,,,,,,,,,,,,,,,,,,,,,,,,,,,,,,,
14,5,Russia,Eastern Europe,,,,,,,,,,,,,,,,,,,,,,,,,,,,,,,,,,,,,,,,,,,,
14,6,India,South Asia,,,,,,,,,,,,,,,,,,,,,,,,,,,,,,,,,,,,,,,,,,,,
14,7,Thailand,South East Asia,,,,,,,,,,,,,,,,,,,,,,,,,,,,,,,,,,,,,,,,,,,,
14,8,Thailand,South East Asia,,,,,,,,,,,,,,,,,,,,,,,,,,,,,,,,,,,,,,,,,,,,
14,9,China,East Asia,,,,,,,,,,,,,,,,,,,,,,,,,,,,,,,,,,,,,,,,,,,,
14,10,China,East Asia,,,,,,,,,,,,,,,,,,,,,,,,,,,,,,,,,,,,,,,,,,,,
14,11,China,East Asia,,,,,,,,,,,,,,,,,,,,,,,,,,,,,,,,,,,,,,,,,,,,
14,Final,USA,North America,,,,,,,,,,,,,,,,,,,,,,,,,,,,,,,,,,,,,,,,,,,,
15,1,Japan,East Asia,,,,,,,,,,,,,,,,,,,,,,,,,,,,,,,,,,,,,,,,,,,,
15,2,Vietnam,South East Asia,,,,,,,,,,,,,,,,,,,,,,,,,,,,,,,,,,,,,,,,,,,,
15,3,Vietnam,South East Asia,,,,,,,,,,,,,,,,,,,,,,,,,,,,,,,,,,,,,,,,,,,,
15,4,Cambodia,South East Asia,,,,,,,,,,,,,,,,,,,,,,,,,,,,,,,,,,,,,,,,,,,,
15,5,UAE,Middle East,,,,,,,,,,,,,,,,,,,,,,,,,,,,,,,,,,,,,,,,,,,,
15,6,UAE,Middle East,,,,,,,,,,,,,,,,,,,,,,,,,,,,,,,,,,,,,,,,,,,,
15,7,Netherlands,Central Europe,,,,,,,,,,,,,,,,,,,,,,,,,,,,,,,,,,,,,,,,,,,,
15,8,Sweden,Northern Europe,,,,,,,,,,,,,,,,,,,,,,,,,,,,,,,,,,,,,,,,,,,,
15,9,Estonia,Eastern Europe,,,,,,,,,,,,,,,,,,,,,,,,,,,,,,,,,,,,,,,,,,,,
15,10,Czech Republic,Central Europe,,,,,,,,,,,,,,,,,,,,,,,,,,,,,,,,,,,,,,,,,,,,
15,11,Czech Republic,Central Europe,,,,,,,,,,,,,,,,,,,,,,,,,,,,,,,,,,,,,,,,,,,,
15,Final,USA,North America,,,,,,,,,,,,,,,,,,,,,,,,,,,,,,,,,,,,,,,,,,,,
16,1,Chile,South America,,,,,,,,,,,,,,,,,,,,,,,,,,,,,,,,,,,,,,,,,,,,
16,2,Chile,South America,,,,,,,,,,,,,,,,,,,,,,,,,,,,,,,,,,,,,,,,,,,,
16,3,Argentina,South America,,,,,,,,,,,,,,,,,,,,,,,,,,,,,,,,,,,,,,,,,,,,
16,4,Germany,Central Europe,,,,,,,,,,,,,,,,,,,,,,,,,,,,,,,,,,,,,,,,,,,,
16,5,France,Western Europe,,,,,,,,,,,,,,,,,,,,,,,,,,,,,,,,,,,,,,,,,,,,
16,6,France,Western Europe,,,,,,,,,,,,,,,,,,,,,,,,,,,,,,,,,,,,,,,,,,,,
16,7,Seychelles,East Africa,,,,,,,,,,,,,,,,,,,,,,,,,,,,,,,,,,,,,,,,,,,,
16,8,Malaysia,South East Asia,,,,,,,,,,,,,,,,,,,,,,,,,,,,,,,,,,,,,,,,,,,,
16,9,Singapore,South East Asia,,,,,,,,,,,,,,,,,,,,,,,,,,,,,,,,,,,,,,,,,,,,
16,10,China,East Asia,,,,,,,,,,,,,,,,,,,,,,,,,,,,,,,,,,,,,,,,,,,,
16,11,China,East Asia,,,,,,,,,,,,,,,,,,,,,,,,,,,,,,,,,,,,,,,,,,,,
16,Final,USA,North America,,,,,,,,,,,,,,,,,,,,,,,,,,,,,,,,,,,,,,,,,,,,
17,1,England,Western Europe,,,,,,,,,,,,,,,,,,,,,,,,,,,,,,,,,,,,,,,,,,,,
17,2,Ghana,West Africa,,,,,,,,,,,,,,,,,,,,,,,,,,,,,,,,,,,,,,,,,,,,
17,3,Ghana,West Africa,,,,,,,,,,,,,,,,,,,,,,,,,,,,,,,,,,,,,,,,,,,,
17,4,Sweden,Northern Europe,,,,,,,,,,,,,,,,,,,,,,,,,,,,,,,,,,,,,,,,,,,,
17,5,Norway,Northern Europe,,,,,,,,,,,,,,,,,,,,,,,,,,,,,,,,,,,,,,,,,,,,
17,6,Russia,Eastern Europe,,,,,,,,,,,,,,,,,,,,,,,,,,,,,,,,,,,,,,,,,,,,
17,7,Russia,Eastern Europe,,,,,,,,,,,,,,,,,,,,,,,,,,,,,,,,,,,,,,,,,,,,
17,8,Oman,Middle East,,,,,,,,,,,,,,,,,,,,,,,,,,,,,,,,,,,,,,,,,,,,
17,9,Bangladesh,South Asia,,,,,,,,,,,,,,,,,,,,,,,,,,,,,,,,,,,,,,,,,,,,
17,10,China,East Asia,,,,,,,,,,,,,,,,,,,,,,,,,,,,,,,,,,,,,,,,,,,,
17,11,South Korea,East Asia,,,,,,,,,,,,,,,,,,,,,,,,,,,,,,,,,,,,,,,,,,,,
17,Final,USA,North America,,,,,,,,,,,,,,,,,,,,,,,,,,,,,,,,,,,,,,,,,,,,
18,1,Australia,Oceania,,,,,,,,,,,,,,,,,,,,,,,,,,,,,,,,,,,,,,,,,,,,
18,2,Australia,Oceania,,,,,,,,,,,,,,,,,,,,,,,,,,,,,,,,,,,,,,,,,,,,
18,3,Japan,East Asia,,,,,,,,,,,,,,,,,,,,,,,,,,,,,,,,,,,,,,,,,,,,
18,4,China,East Asia,,,,,,,,,,,,,,,,,,,,,,,,,,,,,,,,,,,,,,,,,,,,
18,5,China,East Asia,,,,,,,,,,,,,,,,,,,,,,,,,,,,,,,,,,,,,,,,,,,,
18,6,India,South Asia,,,,,,,,,,,,,,,,,,,,,,,,,,,,,,,,,,,,,,,,,,,,
18,7,India,South Asia,,,,,,,,,,,,,,,,,,,,,,,,,,,,,,,,,,,,,,,,,,,,
18,8,Austria,Central Europe,,,,,,,,,,,,,,,,,,,,,,,,,,,,,,,,,,,,,,,,,,,,
18,9,"Liechtenstein
Switzerland","Central Europe
Central Europe",,,,,,,,,,,,,,,,,,,,,,,,,,,,,,,,,,,,,,,,,,,,
18,10,Switzerland,Central Europe,,,,,,,,,,,,,,,,,,,,,,,,,,,,,,,,,,,,,,,,,,,,
18,11,Brazil,South America,,,,,,,,,,,,,,,,,,,,,,,,,,,,,,,,,,,,,,,,,,,,
18,Final,USA,North America,,,,,,,,,,,,,,,,,,,,,,,,,,,,,,,,,,,,,,,,,,,,
19,1,Taiwan,East Asia,,,,,,,,,,,,,,,,,,,,,,,,,,,,,,,,,,,,,,,,,,,,
19,2,Indonesia,South East Asia,,,,,,,,,,,,,,,,,,,,,,,,,,,,,,,,,,,,,,,,,,,,
19,3,Indonesia,South East Asia,,,,,,,,,,,,,,,,,,,,,,,,,,,,,,,,,,,,,,,,,,,,
19,4,Thailand,South East Asia,,,,,,,,,,,,,,,,,,,,,,,,,,,,,,,,,,,,,,,,,,,,
19,5,Thailand,South East Asia,,,,,,,,,,,,,,,,,,,,,,,,,,,,,,,,,,,,,,,,,,,,
19,6,Malawi,East Africa,,,,,,,,,,,,,,,,,,,,,,,,,,,,,,,,,,,,,,,,,,,,
19,7,Malawi,East Africa,,,,,,,,,,,,,,,,,,,,,,,,,,,,,,,,,,,,,,,,,,,,
19,8,Denmark,Northern Europe,,,,,,,,,,,,,,,,,,,,,,,,,,,,,,,,,,,,,,,,,,,,
19,9,"Germany
Belgium","Central Europe
Central Europe",,,,,,,,,,,,,,,,,,,,,,,,,,,,,,,,,,,,,,,,,,,,
19,10,Belgium,Central Europe,,,,,,,,,,,,,,,,,,,,,,,,,,,,,,,,,,,,,,,,,,,,
19,11,"Netherlands
Panama","Central Europe
Central America",,,,,,,,,,,,,,,,,,,,,,,,,,,,,,,,,,,,,,,,,,,,
19,Final,USA,North America,,,,,,,,,,,,,,,,,,,,,,,,,,,,,,,,,,,,,,,,,,,,
20,1,Argentina,South America,,,,,,,,,,,,,,,,,,,,,,,,,,,,,,,,,,,,,,,,,,,,
20,2,Argentina,South America,,,,,,,,,,,,,,,,,,,,,,,,,,,,,,,,,,,,,,,,,,,,
20,3,Paraguay,South America,,,,,,,,,,,,,,,,,,,,,,,,,,,,,,,,,,,,,,,,,,,,
20,4,Italy,Southern Europe,,,,,,,,,,,,,,,,,,,,,,,,,,,,,,,,,,,,,,,,,,,,
20,5,"Austria
Germany",Central Europe,,,,,,,,,,,,,,,,,,,,,,,,,,,,,,,,,,,,,,,,,,,,
20,6,Azerbaijan,West Asia,,,,,,,,,,,,,,,,,,,,,,,,,,,,,,,,,,,,,,,,,,,,
20,7,Tanzania,East Africa,,,,,,,,,,,,,,,,,,,,,,,,,,,,,,,,,,,,,,,,,,,,
20,8,Tanzania,East Africa,,,,,,,,,,,,,,,,,,,,,,,,,,,,,,,,,,,,,,,,,,,,
20,9,India,South Asia,,,,,,,,,,,,,,,,,,,,,,,,,,,,,,,,,,,,,,,,,,,,
20,10,India,South Asia,,,,,,,,,,,,,,,,,,,,,,,,,,,,,,,,,,,,,,,,,,,,
20,11,Japan,East Asia,,,,,,,,,,,,,,,,,,,,,,,,,,,,,,,,,,,,,,,,,,,,
20,Final,USA,North America,,,,,,,,,,,,,,,,,,,,,,,,,,,,,,,,,,,,,,,,,,,,
21,1,China,East Asia,,,,,,,,,,,,,,,,,,,,,,,,,,,,,,,,,,,,,,,,,,,,
21,2,Indonesia,South East Asia,,,,,,,,,,,,,,,,,,,,,,,,,,,,,,,,,,,,,,,,,,,,
21,3,Indonesia,South East Asia,,,,,,,,,,,,,,,,,,,,,,,,,,,,,,,,,,,,,,,,,,,,
21,4,Bangladesh,South Asia,,,,,,,,,,,,,,,,,,,,,,,,,,,,,,,,,,,,,,,,,,,,
21,5,Bangladesh,South Asia,,,,,,,,,,,,,,,,,,,,,,,,,,,,,,,,,,,,,,,,,,,,
21,6,Turkey,Middle East,,,,,,,,,,,,,,,,,,,,,,,,,,,,,,,,,,,,,,,,,,,,
21,7,Russia,Eastern Europe,,,,,,,,,,,,,,,,,,,,,,,,,,,,,,,,,,,,,,,,,,,,
21,8,Russia,Eastern Europe,,,,,,,,,,,,,,,,,,,,,,,,,,,,,,,,,,,,,,,,,,,,
21,9,Netherlands,Central Europe,,,,,,,,,,,,,,,,,,,,,,,,,,,,,,,,,,,,,,,,,,,,
21,10,Spain,Western Europe,,,,,,,,,,,,,,,,,,,,,,,,,,,,,,,,,,,,,,,,,,,,
21,11,France,Western Europe,,,,,,,,,,,,,,,,,,,,,,,,,,,,,,,,,,,,,,,,,,,,
21,Final,USA,North America,,,,,,,,,,,,,,,,,,,,,,,,,,,,,,,,,,,,,,,,,,,,
22,1,French Polynesia,Oceania,,,,,,,,,,,,,,,,,,,,,,,,,,,,,,,,,,,,,,,,,,,,
22,2,French Polynesia,Oceania,,,,,,,,,,,,,,,,,,,,,,,,,,,,,,,,,,,,,,,,,,,,
22,3,New Zealand,Oceania,,,,,,,,,,,,,,,,,,,,,,,,,,,,,,,,,,,,,,,,,,,,
22,4,Indonesia,South East Asia,,,,,,,,,,,,,,,,,,,,,,,,,,,,,,,,,,,,,,,,,,,,
22,5,Vietnam,South East Asia,,,,,,,,,,,,,,,,,,,,,,,,,,,,,,,,,,,,,,,,,,,,
22,6,Botswana,Southern Africa,,,,,,,,,,,,,,,,,,,,,,,,,,,,,,,,,,,,,,,,,,,,
22,7,Botswana,Southern Africa,,,,,,,,,,,,,,,,,,,,,,,,,,,,,,,,,,,,,,,,,,,,
22,8,Switzerland,Central Europe,,,,,,,,,,,,,,,,,,,,,,,,,,,,,,,,,,,,,,,,,,,,
22,9,"Germany
Belgium",Central Europe,,,,,,,,,,,,,,,,,,,,,,,,,,,,,,,,,,,,,,,,,,,,
22,10,Scotland,Western Europe,,,,,,,,,,,,,,,,,,,,,,,,,,,,,,,,,,,,,,,,,,,,
22,11,Northern Ireland,Western Europe,,,,,,,,,,,,,,,,,,,,,,,,,,,,,,,,,,,,,,,,,,,,
22,Final,"England 
USA","Western Europe
North America",,,,,,,,,,,,,,,,,,,,,,,,,,,,,,,,,,,,,,,,,,,,
23,1,Chile,South America,,,,,,,,,,,,,,,,,,,,,,,,,,,,,,,,,,,,,,,,,,,,
23,2,Chile,South America,,,,,,,,,,,,,,,,,,,,,,,,,,,,,,,,,,,,,,,,,,,,
23,3,Portugal,Western Europe,,,,,,,,,,,,,,,,,,,,,,,,,,,,,,,,,,,,,,,,,,,,
23,4,Norway,Northern Europe,,,,,,,,,,,,,,,,,,,,,,,,,,,,,,,,,,,,,,,,,,,,
23,5,Norway,Northern Europe,,,,,,,,,,,,,,,,,,,,,,,,,,,,,,,,,,,,,,,,,,,,
23,6,Austria,Central Europe,,,,,,,,,,,,,,,,,,,,,,,,,,,,,,,,,,,,,,,,,,,,
23,7,UAE,Middle East,,,,,,,,,,,,,,,,,,,,,,,,,,,,,,,,,,,,,,,,,,,,
23,8,UAE,Middle East,,,,,,,,,,,,,,,,,,,,,,,,,,,,,,,,,,,,,,,,,,,,
23,9,Indonesia,South East Asia,,,,,,,,,,,,,,,,,,,,,,,,,,,,,,,,,,,,,,,,,,,,
23,10,Indonesia,South East Asia,,,,,,,,,,,,,,,,,,,,,,,,,,,,,,,,,,,,,,,,,,,,
23,11,Japan,East Asia,,,,,,,,,,,,,,,,,,,,,,,,,,,,,,,,,,,,,,,,,,,,
23,Final,USA,North America,,,,,,,,,,,,,,,,,,,,,,,,,,,,,,,,,,,,,,,,,,,,
24,1,China,East Asia,,,,,,,,,,,,,,,,,,,,,,,,,,,,,,,,,,,,,,,,,,,,
24,2,China,East Asia,,,,,,,,,,,,,,,,,,,,,,,,,,,,,,,,,,,,,,,,,,,,
24,3,Malaysia,South East Asia,,,,,,,,,,,,,,,,,,,,,,,,,,,,,,,,,,,,,,,,,,,,
24,4,Malaysia,South East Asia,,,,,,,,,,,,,,,,,,,,,,,,,,,,,,,,,,,,,,,,,,,,
24,5,Sri Lanka,South Asia,,,,,,,,,,,,,,,,,,,,,,,,,,,,,,,,,,,,,,,,,,,,
24,6,Sri Lanka,South Asia,,,,,,,,,,,,,,,,,,,,,,,,,,,,,,,,,,,,,,,,,,,,
24,7,Italy,Southern Europe,,,,,,,,,,,,,,,,,,,,,,,,,,,,,,,,,,,,,,,,,,,,
24,8,Italy,Southern Europe,,,,,,,,,,,,,,,,,,,,,,,,,,,,,,,,,,,,,,,,,,,,
24,9,Switzerland,Central Europe,,,,,,,,,,,,,,,,,,,,,,,,,,,,,,,,,,,,,,,,,,,,
24,10,Spain,Western Europe,,,,,,,,,,,,,,,,,,,,,,,,,,,,,,,,,,,,,,,,,,,,
24,11,"England
Wales",Western Europe,,,,,,,,,,,,,,,,,,,,,,,,,,,,,,,,,,,,,,,,,,,,
24,Final,USA,North America,,,,,,,,,,,,,,,,,,,,,,,,,,,,,,,,,,,,,,,,,,,,
25,1,Virgin Islands,Caribbean,,,,,,,,,,,,,,,,,,,,,,,,,,,,,,,,,,,,,,,,,,,,
25,2,England,Western Europe,,,,,,,,,,,,,,,,,,,,,,,,,,,,,,,,,,,,,,,,,,,,
25,3,Scotland,Western Europe,,,,,,,,,,,,,,,,,,,,,,,,,,,,,,,,,,,,,,,,,,,,
25,4,"Netherlands
Sweden","Central Europe
Northern Europe",,,,,,,,,,,,,,,,,,,,,,,,,,,,,,,,,,,,,,,,,,,,
25,5,Morocco,Northern Africa,,,,,,,,,,,,,,,,,,,,,,,,,,,,,,,,,,,,,,,,,,,,
25,6,Morocco,Northern Africa,,,,,,,,,,,,,,,,,,,,,,,,,,,,,,,,,,,,,,,,,,,,
25,7,Italy,Southern Europe,,,,,,,,,,,,,,,,,,,,,,,,,,,,,,,,,,,,,,,,,,,,
25,8,Malta,Southern Europe,,,,,,,,,,,,,,,,,,,,,,,,,,,,,,,,,,,,,,,,,,,,
25,9,Singapore,South East Asia,,,,,,,,,,,,,,,,,,,,,,,,,,,,,,,,,,,,,,,,,,,,
25,10,Philippines,South East Asia,,,,,,,,,,,,,,,,,,,,,,,,,,,,,,,,,,,,,,,,,,,,
25,11,Philippines,South East Asia,,,,,,,,,,,,,,,,,,,,,,,,,,,,,,,,,,,,,,,,,,,,
25,Final,USA,North America,,,,,,,,,,,,,,,,,,,,,,,,,,,,,,,,,,,,,,,,,,,,
26,1,Japan,East Asia,,,,,,,,,,,,,,,,,,,,,,,,,,,,,,,,,,,,,,,,,,,,
26,2,Japan,East Asia,,,,,,,,,,,,,,,,,,,,,,,,,,,,,,,,,,,,,,,,,,,,
26,3,Thailand,South East Asia,,,,,,,,,,,,,,,,,,,,,,,,,,,,,,,,,,,,,,,,,,,,
26,4,Thailand,South East Asia,,,,,,,,,,,,,,,,,,,,,,,,,,,,,,,,,,,,,,,,,,,,
26,5,Germany,Central Europe,,,,,,,,,,,,,,,,,,,,,,,,,,,,,,,,,,,,,,,,,,,,
26,6,"France
Monaco","Western Europe
Western Europe",,,,,,,,,,,,,,,,,,,,,,,,,,,,,,,,,,,,,,,,,,,,
26,7,Namibia,Southern Africa,,,,,,,,,,,,,,,,,,,,,,,,,,,,,,,,,,,,,,,,,,,,
26,8,Namibia,Southern Africa,,,,,,,,,,,,,,,,,,,,,,,,,,,,,,,,,,,,,,,,,,,,
26,9,Netherlands,Central Europe,,,,,,,,,,,,,,,,,,,,,,,,,,,,,,,,,,,,,,,,,,,,
26,10,Peru,South America,,,,,,,,,,,,,,,,,,,,,,,,,,,,,,,,,,,,,,,,,,,,
26,11,Peru,South America,,,,,,,,,,,,,,,,,,,,,,,,,,,,,,,,,,,,,,,,,,,,
26,Final,USA,North America,,,,,,,,,,,,,,,,,,,,,,,,,,,,,,,,,,,,,,,,,,,,
27,1,Brazil,South America,,,,,,,,,,,,,,,,,,,,,,,,,,,,,,,,,,,,,,,,,,,,
27,2,Argentina,South America,,,,,,,,,,,,,,,,,,,,,,,,,,,,,,,,,,,,,,,,,,,,
27,3,Argentina,South America,,,,,,,,,,,,,,,,,,,,,,,,,,,,,,,,,,,,,,,,,,,,
27,4,Zambia,Southern Africa,,,,,,,,,,,,,,,,,,,,,,,,,,,,,,,,,,,,,,,,,,,,
27,5,Zambia,Southern Africa,,,,,,,,,,,,,,,,,,,,,,,,,,,,,,,,,,,,,,,,,,,,
27,6,France,Western Europe,,,,,,,,,,,,,,,,,,,,,,,,,,,,,,,,,,,,,,,,,,,,
27,7,Netherlands,Central Europe,,,,,,,,,,,,,,,,,,,,,,,,,,,,,,,,,,,,,,,,,,,,
27,8,Poland,Eastern Europe,,,,,,,,,,,,,,,,,,,,,,,,,,,,,,,,,,,,,,,,,,,,
27,9,India,South Asia,,,,,,,,,,,,,,,,,,,,,,,,,,,,,,,,,,,,,,,,,,,,
27,10,India,South Asia,,,,,,,,,,,,,,,,,,,,,,,,,,,,,,,,,,,,,,,,,,,,
27,11,China,East Asia,,,,,,,,,,,,,,,,,,,,,,,,,,,,,,,,,,,,,,,,,,,,
27,Final,USA,North America,,,,,,,,,,,,,,,,,,,,,,,,,,,,,,,,,,,,,,,,,,,,
28,1,Mexico,North America,,,,,,,,,,,,,,,,,,,,,,,,,,,,,,,,,,,,,,,,,,,,
28,2,Colombia,South America,,,,,,,,,,,,,,,,,,,,,,,,,,,,,,,,,,,,,,,,,,,,
28,3,Colombia,South America,,,,,,,,,,,,,,,,,,,,,,,,,,,,,,,,,,,,,,,,,,,,
28,4,"Switzerland
France","Central Europe
Western Europe",,,,,,,,,,,,,,,,,,,,,,,,,,,,,,,,,,,,,,,,,,,,
28,5,France,Western Europe,,,,,,,,,,,,,,,,,,,,,,,,,,,,,,,,,,,,,,,,,,,,
28,6,Armenia,West Asia,,,,,,,,,,,,,,,,,,,,,,,,,,,,,,,,,,,,,,,,,,,,
28,7,Georgia,West Asia,,,,,,,,,,,,,,,,,,,,,,,,,,,,,,,,,,,,,,,,,,,,
28,8,UAE,Middle East,,,,,,,,,,,,,,,,,,,,,,,,,,,,,,,,,,,,,,,,,,,,
28,9,Indonesia,South East Asia,,,,,,,,,,,,,,,,,,,,,,,,,,,,,,,,,,,,,,,,,,,,
28,10,Indonesia,South East Asia,,,,,,,,,,,,,,,,,,,,,,,,,,,,,,,,,,,,,,,,,,,,
28,11,China,East Asia,,,,,,,,,,,,,,,,,,,,,,,,,,,,,,,,,,,,,,,,,,,,
28,Final,USA,North America,,,,,,,,,,,,,,,,,,,,,,,,,,,,,,,,,,,,,,,,,,,,
29,1,Panama,Central America,,,,,,,,,,,,,,,,,,,,,,,,,,,,,,,,,,,,,,,,,,,,
29,2,Brazil,South America,,,,,,,,,,,,,,,,,,,,,,,,,,,,,,,,,,,,,,,,,,,,
29,3,Tanzania,East Africa,,,,,,,,,,,,,,,,,,,,,,,,,,,,,,,,,,,,,,,,,,,,
29,4,Tanzania,East Africa,,,,,,,,,,,,,,,,,,,,,,,,,,,,,,,,,,,,,,,,,,,,
29,5,Norway,Northern Europe,,,,,,,,,,,,,,,,,,,,,,,,,,,,,,,,,,,,,,,,,,,,
29,6,Italy,Southern Europe,,,,,,,,,,,,,,,,,,,,,,,,,,,,,,,,,,,,,,,,,,,,
29,7,Italy,Southern Europe,,,,,,,,,,,,,,,,,,,,,,,,,,,,,,,,,,,,,,,,,,,,
29,8,Greece,Southern Europe,,,,,,,,,,,,,,,,,,,,,,,,,,,,,,,,,,,,,,,,,,,,
29,9,Vietnam,South East Asia,,,,,,,,,,,,,,,,,,,,,,,,,,,,,,,,,,,,,,,,,,,,
29,10,Vietnam,South East Asia,,,,,,,,,,,,,,,,,,,,,,,,,,,,,,,,,,,,,,,,,,,,
29,11,South Korea,East Asia,,,,,,,,,,,,,,,,,,,,,,,,,,,,,,,,,,,,,,,,,,,,
29,Final,USA,North America,,,,,,,,,,,,,,,,,,,,,,,,,,,,,,,,,,,,,,,,,,,,
30,1,Iceland,Western Europe,,,,,,,,,,,,,,,,,,,,,,,,,,,,,,,,,,,,,,,,,,,,
30,2,Belgium,Central Europe,,,,,,,,,,,,,,,,,,,,,,,,,,,,,,,,,,,,,,,,,,,,
30,3,Morocco,Northern Africa,,,,,,,,,,,,,,,,,,,,,,,,,,,,,,,,,,,,,,,,,,,,
30,4,France,Western Europe,,,,,,,,,,,,,,,,,,,,,,,,,,,,,,,,,,,,,,,,,,,,
30,5,France,Western Europe,,,,,,,,,,,,,,,,,,,,,,,,,,,,,,,,,,,,,,,,,,,,
30,6,Czech Republic,Central Europe,,,,,,,,,,,,,,,,,,,,,,,,,,,,,,,,,,,,,,,,,,,,
30,7,Zimbabwe,Southern Africa,,,,,,,,,,,,,,,,,,,,,,,,,,,,,,,,,,,,,,,,,,,,
30,8,Zimbabwe,Southern Africa,,,,,,,,,,,,,,,,,,,,,,,,,,,,,,,,,,,,,,,,,,,,
30,9,Bahrain,Middle East,,,,,,,,,,,,,,,,,,,,,,,,,,,,,,,,,,,,,,,,,,,,
30,10,Thailand,South East Asia,,,,,,,,,,,,,,,,,,,,,,,,,,,,,,,,,,,,,,,,,,,,
30,11,China,East Asia,,,,,,,,,,,,,,,,,,,,,,,,,,,,,,,,,,,,,,,,,,,,
30,Final,USA,North America,,,,,,,,,,,,,,,,,,,,,,,,,,,,,,,,,,,,,,,,,,,,
31,1,Japan,East Asia,,,,,,,,,,,,,,,,,,,,,,,,,,,,,,,,,,,,,,,,,,,,
31,2,Laos,South East Asia,,,,,,,,,,,,,,,,,,,,,,,,,,,,,,,,,,,,,,,,,,,,
31,3,Vietnam,South East Asia,,,,,,,,,,,,,,,,,,,,,,,,,,,,,,,,,,,,,,,,,,,,
31,4,Vietnam,South East Asia,,,,,,,,,,,,,,,,,,,,,,,,,,,,,,,,,,,,,,,,,,,,
31,5,UAE,Middle East,,,,,,,,,,,,,,,,,,,,,,,,,,,,,,,,,,,,,,,,,,,,
31,6,Uganda,East Africa,,,,,,,,,,,,,,,,,,,,,,,,,,,,,,,,,,,,,,,,,,,,
31,7,Switzerland,Central Europe,,,,,,,,,,,,,,,,,,,,,,,,,,,,,,,,,,,,,,,,,,,,
31,8,Switzerland,Central Europe,,,,,,,,,,,,,,,,,,,,,,,,,,,,,,,,,,,,,,,,,,,,
31,9,Croatia,Southern Europe,,,,,,,,,,,,,,,,,,,,,,,,,,,,,,,,,,,,,,,,,,,,
31,10,Netherlands,Central Europe,,,,,,,,,,,,,,,,,,,,,,,,,,,,,,,,,,,,,,,,,,,,
31,11,England,Western Europe,,,,,,,,,,,,,,,,,,,,,,,,,,,,,,,,,,,,,,,,,,,,
31,Final,USA,North America,,,,,,,,,,,,,,,,,,,,,,,,,,,,,,,,,,,,,,,,,,,,
32,1,Trinidad and Tabago,Caribbean,,,,,,,,,,,,,,,,,,,,,,,,,,,,,,,,,,,,,,,,,,,,
32,2,Colombia,South America,,,,,,,,,,,,,,,,,,,,,,,,,,,,,,,,,,,,,,,,,,,,
32,3,Brazil,South America,,,,,,,,,,,,,,,,,,,,,,,,,,,,,,,,,,,,,,,,,,,,
32,4,Paraguay,South America,,,,,,,,,,,,,,,,,,,,,,,,,,,,,,,,,,,,,,,,,,,,
32,5,France,Western Europe,,,,,,,,,,,,,,,,,,,,,,,,,,,,,,,,,,,,,,,,,,,,
32,6,Germany,Central Europe,,,,,,,,,,,,,,,,,,,,,,,,,,,,,,,,,,,,,,,,,,,,
32,7,Kazakhstan,Central Asia,,,,,,,,,,,,,,,,,,,,,,,,,,,,,,,,,,,,,,,,,,,,
32,8,India,South Asia,,,,,,,,,,,,,,,,,,,,,,,,,,,,,,,,,,,,,,,,,,,,
32,9,Cambodia,South East Asia,,,,,,,,,,,,,,,,,,,,,,,,,,,,,,,,,,,,,,,,,,,,
32,10,Philippines,South East Asia,,,,,,,,,,,,,,,,,,,,,,,,,,,,,,,,,,,,,,,,,,,,
32,Final,USA,North America,,,,,,,,,,,,,,,,,,,,,,,,,,,,,,,,,,,,,,,,,,,,
33,1,England,Western Europe,,,,,,,,,,,,,,,,,,,,,,,,,,,,,,,,,,,,,,,,,,,,
33,2,England,Western Europe,,,,,,,,,,,,,,,,,,,,,,,,,,,,,,,,,,,,,,,,,,,,
33,3,Scotland,Western Europe,,,,,,,,,,,,,,,,,,,,,,,,,,,,,,,,,,,,,,,,,,,,
33,4,Switzerland,Central Europe,,,,,,,,,,,,,,,,,,,,,,,,,,,,,,,,,,,,,,,,,,,,
33,5,Switzerland,Central Europe,,,,,,,,,,,,,,,,,,,,,,,,,,,,,,,,,,,,,,,,,,,,
33,6,France,Western Europe,,,,,,,,,,,,,,,,,,,,,,,,,,,,,,,,,,,,,,,,,,,,
33,7,France,Western Europe,,,,,,,,,,,,,,,,,,,,,,,,,,,,,,,,,,,,,,,,,,,,
33,8,Greece,Southern Europe,,,,,,,,,,,,,,,,,,,,,,,,,,,,,,,,,,,,,,,,,,,,
33,9,Greece,Southern Europe,,,,,,,,,,,,,,,,,,,,,,,,,,,,,,,,,,,,,,,,,,,,
33,10,Portugal,Western Europe,,,,,,,,,,,,,,,,,,,,,,,,,,,,,,,,,,,,,,,,,,,,
33,Final,USA,North America,,,,,,,,,,,,,,,,,,,,,,,,,,,,,,,,,,,,,,,,,,,,
34,1,Germany,Central Europe,,,,,,,,,,,,,,,,,,,,,,,,,,,,,,,,,,,,,,,,,,,,
34,2,Austria,Central Europe,,,,,,,,,,,,,,,,,,,,,,,,,,,,,,,,,,,,,,,,,,,,
34,3,Italy,Southern Europe,,,,,,,,,,,,,,,,,,,,,,,,,,,,,,,,,,,,,,,,,,,,
34,4,Jordan,Middle East,,,,,,,,,,,,,,,,,,,,,,,,,,,,,,,,,,,,,,,,,,,,
34,5,Jordan,Middle East,,,,,,,,,,,,,,,,,,,,,,,,,,,,,,,,,,,,,,,,,,,,
34,6,France,Western Europe,,,,,,,,,,,,,,,,,,,,,,,,,,,,,,,,,,,,,,,,,,,,
34,7,France,Western Europe,,,,,,,,,,,,,,,,,,,,,,,,,,,,,,,,,,,,,,,,,,,,
34,8,Spain,Western Europe,,,,,,,,,,,,,,,,,,,,,,,,,,,,,,,,,,,,,,,,,,,,
34,9,Iceland,Western Europe,,,,,,,,,,,,,,,,,,,,,,,,,,,,,,,,,,,,,,,,,,,,
34,Final,USA,North America,,,,,,,,,,,,,,,,,,,,,,,,,,,,,,,,,,,,,,,,,,,,
35,1,Thailand,South East Asia,,,,,,,,,,,,,,,,,,,,,,,,,,,,,,,,,,,,,,,,,,,,
35,2,Thailand,South East Asia,,,,,,,,,,,,,,,,,,,,,,,,,,,,,,,,,,,,,,,,,,,,
35,3,Vietnam,South East Asia,,,,,,,,,,,,,,,,,,,,,,,,,,,,,,,,,,,,,,,,,,,,
35,4,Vietnam,South East Asia,,,,,,,,,,,,,,,,,,,,,,,,,,,,,,,,,,,,,,,,,,,,
35,5,India,South Asia,,,,,,,,,,,,,,,,,,,,,,,,,,,,,,,,,,,,,,,,,,,,
35,6,India,South Asia,,,,,,,,,,,,,,,,,,,,,,,,,,,,,,,,,,,,,,,,,,,,
35,7,Germany,Central Europe,,,,,,,,,,,,,,,,,,,,,,,,,,,,,,,,,,,,,,,,,,,,
35,8,Slovenia,Central Europe,,,,,,,,,,,,,,,,,,,,,,,,,,,,,,,,,,,,,,,,,,,,
35,9,Slovenia,Central Europe,,,,,,,,,,,,,,,,,,,,,,,,,,,,,,,,,,,,,,,,,,,,
35,10,Sweden,Northern Europe,,,,,,,,,,,,,,,,,,,,,,,,,,,,,,,,,,,,,,,,,,,,
35,11,Ireland,Western Europe,,,,,,,,,,,,,,,,,,,,,,,,,,,,,,,,,,,,,,,,,,,,
35,Final,USA,North America,,,,,,,,,,,,,,,,,,,,,,,,,,,,,,,,,,,,,,,,,,,,
36,1,Mexico,North America,,,,,,,,,,,,,,,,,,,,,,,,,,,,,,,,,,,,,,,,,,,,
36,2,Mexico,North America,,,,,,,,,,,,,,,,,,,,,,,,,,,,,,,,,,,,,,,,,,,,
36,3,Colombia,South America,,,,,,,,,,,,,,,,,,,,,,,,,,,,,,,,,,,,,,,,,,,,
36,4,Colombia,South America,,,,,,,,,,,,,,,,,,,,,,,,,,,,,,,,,,,,,,,,,,,,
36,5,Chile,South America,,,,,,,,,,,,,,,,,,,,,,,,,,,,,,,,,,,,,,,,,,,,
36,6,Argentina,South America,,,,,,,,,,,,,,,,,,,,,,,,,,,,,,,,,,,,,,,,,,,,
36,7,Uruguay,South America,,,,,,,,,,,,,,,,,,,,,,,,,,,,,,,,,,,,,,,,,,,,
36,8,Barbados,Caribbean,,,,,,,,,,,,,,,,,,,,,,,,,,,,,,,,,,,,,,,,,,,,
36,9,Dominican Republic,Caribbean,,,,,,,,,,,,,,,,,,,,,,,,,,,,,,,,,,,,,,,,,,,,
36,10,Dominican Republic,Caribbean,,,,,,,,,,,,,,,,,,,,,,,,,,,,,,,,,,,,,,,,,,,,
36,Final,USA,North America,,,,,,,,,,,,,,,,,,,,,,,,,,,,,,,,,,,,,,,,,,,,
37,1,China,East Asia,,,,,,,,,,,,,,,,,,,,,,,,,,,,,,,,,,,,,,,,,,,,
37,2,Japan,East Asia,,,,,,,,,,,,,,,,,,,,,,,,,,,,,,,,,,,,,,,,,,,,
37,3,Japan,East Asia,,,,,,,,,,,,,,,,,,,,,,,,,,,,,,,,,,,,,,,,,,,,
37,4,Indonesia,South East Asia,,,,,,,,,,,,,,,,,,,,,,,,,,,,,,,,,,,,,,,,,,,,
37,5,Indonesia,South East Asia,,,,,,,,,,,,,,,,,,,,,,,,,,,,,,,,,,,,,,,,,,,,
37,6,UAE,Middle East,,,,,,,,,,,,,,,,,,,,,,,,,,,,,,,,,,,,,,,,,,,,
37,7,Bulgaria,Southern Europe,,,,,,,,,,,,,,,,,,,,,,,,,,,,,,,,,,,,,,,,,,,,
37,8,Bulgaria,Southern Europe,,,,,,,,,,,,,,,,,,,,,,,,,,,,,,,,,,,,,,,,,,,,
37,9,Italy,Southern Europe,,,,,,,,,,,,,,,,,,,,,,,,,,,,,,,,,,,,,,,,,,,,
37,10,France,Western Europe,,,,,,,,,,,,,,,,,,,,,,,,,,,,,,,,,,,,,,,,,,,,
37,11,Portugal,Western Europe,,,,,,,,,,,,,,,,,,,,,,,,,,,,,,,,,,,,,,,,,,,,
37,Final,USA,North America,,,,,,,,,,,,,,,,,,,,,,,,,,,,,,,,,,,,,,,,,,,,
38,1,Netherlands,Central Europe,,,,,,,,,,,,,,,,,,,,,,,,,,,,,,,,,,,,,,,,,,,,
38,2,Czech Republic ,Eastern Europe,,,,,,,,,,,,,,,,,,,,,,,,,,,,,,,,,,,,,,,,,,,,
38,3,Czech Republic ,Eastern Europe,,,,,,,,,,,,,,,,,,,,,,,,,,,,,,,,,,,,,,,,,,,,
38,4,Hungary,Central Europe,,,,,,,,,,,,,,,,,,,,,,,,,,,,,,,,,,,,,,,,,,,,
38,5,Croatia,Southern Europe,,,,,,,,,,,,,,,,,,,,,,,,,,,,,,,,,,,,,,,,,,,,
38,6,Croatia,Southern Europe,,,,,,,,,,,,,,,,,,,,,,,,,,,,,,,,,,,,,,,,,,,,
38,7,Romania,Eastern Europe,,,,,,,,,,,,,,,,,,,,,,,,,,,,,,,,,,,,,,,,,,,,
38,8,Romania,Eastern Europe,,,,,,,,,,,,,,,,,,,,,,,,,,,,,,,,,,,,,,,,,,,,
38,9,Greece,Southern Europe,,,,,,,,,,,,,,,,,,,,,,,,,,,,,,,,,,,,,,,,,,,,
38,10,Italy,Southern Europe,,,,,,,,,,,,,,,,,,,,,,,,,,,,,,,,,,,,,,,,,,,,
38,11,France,Western Europe,,,,,,,,,,,,,,,,,,,,,,,,,,,,,,,,,,,,,,,,,,,,
38,Final,USA,North America,,,,,,,,,,,,,,,,,,,,,,,,,,,,,,,,,,,,,,,,,,,,
,,,,,,,,,,,,,,,,,,,,,,,,,,,,,,,,,,,,,,,,,,,,,,,
,,,,,,,,,,,,,,,,,,,,,,,,,,,,,,,,,,,,,,,,,,,,,,,
Season_Num,Leg_Num,Elimination,,,,,,,,,,,,,,,,,,,,,,,,,,,,,,,,,,,,,,,,,,,,,
1,1,Yes,,,,,,,,,,,,,,,,,,,,,,,,,,,,,,,,,,,,,,,,,,,,,
1,2,Yes,,,,,,,,,,,,,,,,,,,,,,,,,,,,,,,,,,,,,,,,,,,,,
1,3,Yes,,,,,,,,,,,,,,,,,,,,,,,,,,,,,,,,,,,,,,,,,,,,,
1,4,Yes,,,,,,,,,,,,,,,,,,,,,,,,,,,,,,,,,,,,,,,,,,,,,
1,5,Yes,,,,,,,,,,,,,,,,,,,,,,,,,,,,,,,,,,,,,,,,,,,,,
1,6,No,,,,,,,,,,,,,,,,,,,,,,,,,,,,,,,,,,,,,,,,,,,,,
1,7,Yes,,,,,,,,,,,,,,,,,,,,,,,,,,,,,,,,,,,,,,,,,,,,,
1,8,No,,,,,,,,,,,,,,,,,,,,,,,,,,,,,,,,,,,,,,,,,,,,,
1,9,Yes,,,,,,,,,,,,,,,,,,,,,,,,,,,,,,,,,,,,,,,,,,,,,
1,10,No,,,,,,,,,,,,,,,,,,,,,,,,,,,,,,,,,,,,,,,,,,,,,
1,11,Yes,,,,,,,,,,,,,,,,,,,,,,,,,,,,,,,,,,,,,,,,,,,,,
1,12,No,,,,,,,,,,,,,,,,,,,,,,,,,,,,,,,,,,,,,,,,,,,,,
1,Final ,Final Leg,,,,,,,,,,,,,,,,,,,,,,,,,,,,,,,,,,,,,,,,,,,,,
2,1,Yes,,,,,,,,,,,,,,,,,,,,,,,,,,,,,,,,,,,,,,,,,,,,,
2,2,Yes,,,,,,,,,,,,,,,,,,,,,,,,,,,,,,,,,,,,,,,,,,,,,
2,3,Yes,,,,,,,,,,,,,,,,,,,,,,,,,,,,,,,,,,,,,,,,,,,,,
2,4,Yes,,,,,,,,,,,,,,,,,,,,,,,,,,,,,,,,,,,,,,,,,,,,,
2,5,Yes,,,,,,,,,,,,,,,,,,,,,,,,,,,,,,,,,,,,,,,,,,,,,
2,6,No,,,,,,,,,,,,,,,,,,,,,,,,,,,,,,,,,,,,,,,,,,,,,
2,7,Yes,,,,,,,,,,,,,,,,,,,,,,,,,,,,,,,,,,,,,,,,,,,,,
2,8,No,,,,,,,,,,,,,,,,,,,,,,,,,,,,,,,,,,,,,,,,,,,,,
2,9,Yes,,,,,,,,,,,,,,,,,,,,,,,,,,,,,,,,,,,,,,,,,,,,,
2,10,No,,,,,,,,,,,,,,,,,,,,,,,,,,,,,,,,,,,,,,,,,,,,,
2,11,Yes,,,,,,,,,,,,,,,,,,,,,,,,,,,,,,,,,,,,,,,,,,,,,
2,12,No,,,,,,,,,,,,,,,,,,,,,,,,,,,,,,,,,,,,,,,,,,,,,
2,Final ,Final Leg,,,,,,,,,,,,,,,,,,,,,,,,,,,,,,,,,,,,,,,,,,,,,
3,1,Yes,,,,,,,,,,,,,,,,,,,,,,,,,,,,,,,,,,,,,,,,,,,,,
3,2,Yes,,,,,,,,,,,,,,,,,,,,,,,,,,,,,,,,,,,,,,,,,,,,,
3,3,Yes,,,,,,,,,,,,,,,,,,,,,,,,,,,,,,,,,,,,,,,,,,,,,
3,4,Yes,,,,,,,,,,,,,,,,,,,,,,,,,,,,,,,,,,,,,,,,,,,,,
3,5,Yes,,,,,,,,,,,,,,,,,,,,,,,,,,,,,,,,,,,,,,,,,,,,,
3,6,Yes,,,,,,,,,,,,,,,,,,,,,,,,,,,,,,,,,,,,,,,,,,,,,
3,7,Yes,,,,,,,,,,,,,,,,,,,,,,,,,,,,,,,,,,,,,,,,,,,,,
3,8,No,,,,,,,,,,,,,,,,,,,,,,,,,,,,,,,,,,,,,,,,,,,,,
3,9,No,,,,,,,,,,,,,,,,,,,,,,,,,,,,,,,,,,,,,,,,,,,,,
3,10,Yes,,,,,,,,,,,,,,,,,,,,,,,,,,,,,,,,,,,,,,,,,,,,,
3,11,Yes,,,,,,,,,,,,,,,,,,,,,,,,,,,,,,,,,,,,,,,,,,,,,
3,12,No,,,,,,,,,,,,,,,,,,,,,,,,,,,,,,,,,,,,,,,,,,,,,
3,Final,Final Leg,,,,,,,,,,,,,,,,,,,,,,,,,,,,,,,,,,,,,,,,,,,,,
4,1,Yes,,,,,,,,,,,,,,,,,,,,,,,,,,,,,,,,,,,,,,,,,,,,,
4,2,Yes,,,,,,,,,,,,,,,,,,,,,,,,,,,,,,,,,,,,,,,,,,,,,
4,3,Yes,,,,,,,,,,,,,,,,,,,,,,,,,,,,,,,,,,,,,,,,,,,,,
4,4,Yes,,,,,,,,,,,,,,,,,,,,,,,,,,,,,,,,,,,,,,,,,,,,,
4,5,Yes,,,,,,,,,,,,,,,,,,,,,,,,,,,,,,,,,,,,,,,,,,,,,
4,6,Yes,,,,,,,,,,,,,,,,,,,,,,,,,,,,,,,,,,,,,,,,,,,,,
4,7,Yes,,,,,,,,,,,,,,,,,,,,,,,,,,,,,,,,,,,,,,,,,,,,,
4,8,No,,,,,,,,,,,,,,,,,,,,,,,,,,,,,,,,,,,,,,,,,,,,,
4,9,Yes,,,,,,,,,,,,,,,,,,,,,,,,,,,,,,,,,,,,,,,,,,,,,
4,10,No,,,,,,,,,,,,,,,,,,,,,,,,,,,,,,,,,,,,,,,,,,,,,
4,11,Yes,,,,,,,,,,,,,,,,,,,,,,,,,,,,,,,,,,,,,,,,,,,,,
4,12,No,,,,,,,,,,,,,,,,,,,,,,,,,,,,,,,,,,,,,,,,,,,,,
4,Final,Final Leg,,,,,,,,,,,,,,,,,,,,,,,,,,,,,,,,,,,,,,,,,,,,,
5,1,Yes,,,,,,,,,,,,,,,,,,,,,,,,,,,,,,,,,,,,,,,,,,,,,
5,2,Yes,,,,,,,,,,,,,,,,,,,,,,,,,,,,,,,,,,,,,,,,,,,,,
5,3,Yes,,,,,,,,,,,,,,,,,,,,,,,,,,,,,,,,,,,,,,,,,,,,,
5,4,Yes,,,,,,,,,,,,,,,,,,,,,,,,,,,,,,,,,,,,,,,,,,,,,
5,5,No,,,,,,,,,,,,,,,,,,,,,,,,,,,,,,,,,,,,,,,,,,,,,
5,6,Yes,,,,,,,,,,,,,,,,,,,,,,,,,,,,,,,,,,,,,,,,,,,,,
5,7,Yes,,,,,,,,,,,,,,,,,,,,,,,,,,,,,,,,,,,,,,,,,,,,,
5,8,No,,,,,,,,,,,,,,,,,,,,,,,,,,,,,,,,,,,,,,,,,,,,,
5,9,No,,,,,,,,,,,,,,,,,,,,,,,,,,,,,,,,,,,,,,,,,,,,,
5,10,Yes,,,,,,,,,,,,,,,,,,,,,,,,,,,,,,,,,,,,,,,,,,,,,
5,11,No,,,,,,,,,,,,,,,,,,,,,,,,,,,,,,,,,,,,,,,,,,,,,
5,12,Yes,,,,,,,,,,,,,,,,,,,,,,,,,,,,,,,,,,,,,,,,,,,,,
5,Final,Final Leg,,,,,,,,,,,,,,,,,,,,,,,,,,,,,,,,,,,,,,,,,,,,,
6,1,Yes,,,,,,,,,,,,,,,,,,,,,,,,,,,,,,,,,,,,,,,,,,,,,
6,2,Yes,,,,,,,,,,,,,,,,,,,,,,,,,,,,,,,,,,,,,,,,,,,,,
6,3,Yes,,,,,,,,,,,,,,,,,,,,,,,,,,,,,,,,,,,,,,,,,,,,,
6,4,No,,,,,,,,,,,,,,,,,,,,,,,,,,,,,,,,,,,,,,,,,,,,,
6,5,Yes,,,,,,,,,,,,,,,,,,,,,,,,,,,,,,,,,,,,,,,,,,,,,
6,6,Yes,,,,,,,,,,,,,,,,,,,,,,,,,,,,,,,,,,,,,,,,,,,,,
6,7,No,,,,,,,,,,,,,,,,,,,,,,,,,,,,,,,,,,,,,,,,,,,,,
6,8,Yes,,,,,,,,,,,,,,,,,,,,,,,,,,,,,,,,,,,,,,,,,,,,,
6,9,Yes,,,,,,,,,,,,,,,,,,,,,,,,,,,,,,,,,,,,,,,,,,,,,
6,10,No,,,,,,,,,,,,,,,,,,,,,,,,,,,,,,,,,,,,,,,,,,,,,
6,11,Yes,,,,,,,,,,,,,,,,,,,,,,,,,,,,,,,,,,,,,,,,,,,,,
6,Final,Final Leg,,,,,,,,,,,,,,,,,,,,,,,,,,,,,,,,,,,,,,,,,,,,,
7,1,Yes,,,,,,,,,,,,,,,,,,,,,,,,,,,,,,,,,,,,,,,,,,,,,
7,2,Yes,,,,,,,,,,,,,,,,,,,,,,,,,,,,,,,,,,,,,,,,,,,,,
7,3,Yes,,,,,,,,,,,,,,,,,,,,,,,,,,,,,,,,,,,,,,,,,,,,,
7,4,Yes,,,,,,,,,,,,,,,,,,,,,,,,,,,,,,,,,,,,,,,,,,,,,
7,5,No,,,,,,,,,,,,,,,,,,,,,,,,,,,,,,,,,,,,,,,,,,,,,
7,6,Yes,,,,,,,,,,,,,,,,,,,,,,,,,,,,,,,,,,,,,,,,,,,,,
7,7,Yes,,,,,,,,,,,,,,,,,,,,,,,,,,,,,,,,,,,,,,,,,,,,,
7,8,No,,,,,,,,,,,,,,,,,,,,,,,,,,,,,,,,,,,,,,,,,,,,,
7,9,Yes,,,,,,,,,,,,,,,,,,,,,,,,,,,,,,,,,,,,,,,,,,,,,
7,10,No,,,,,,,,,,,,,,,,,,,,,,,,,,,,,,,,,,,,,,,,,,,,,
7,11,Yes,,,,,,,,,,,,,,,,,,,,,,,,,,,,,,,,,,,,,,,,,,,,,
7,12,No,,,,,,,,,,,,,,,,,,,,,,,,,,,,,,,,,,,,,,,,,,,,,
7,Final,Final Leg,,,,,,,,,,,,,,,,,,,,,,,,,,,,,,,,,,,,,,,,,,,,,
8,1,Yes,,,,,,,,,,,,,,,,,,,,,,,,,,,,,,,,,,,,,,,,,,,,,
8,2,Yes,,,,,,,,,,,,,,,,,,,,,,,,,,,,,,,,,,,,,,,,,,,,,
8,3,Yes,,,,,,,,,,,,,,,,,,,,,,,,,,,,,,,,,,,,,,,,,,,,,
8,4,Yes,,,,,,,,,,,,,,,,,,,,,,,,,,,,,,,,,,,,,,,,,,,,,
8,5,No,,,,,,,,,,,,,,,,,,,,,,,,,,,,,,,,,,,,,,,,,,,,,
8,6,Yes,,,,,,,,,,,,,,,,,,,,,,,,,,,,,,,,,,,,,,,,,,,,,
8,7,No,,,,,,,,,,,,,,,,,,,,,,,,,,,,,,,,,,,,,,,,,,,,,
8,8,Yes,,,,,,,,,,,,,,,,,,,,,,,,,,,,,,,,,,,,,,,,,,,,,
8,9,No,,,,,,,,,,,,,,,,,,,,,,,,,,,,,,,,,,,,,,,,,,,,,
8,10,Yes,,,,,,,,,,,,,,,,,,,,,,,,,,,,,,,,,,,,,,,,,,,,,
8,11,Yes,,,,,,,,,,,,,,,,,,,,,,,,,,,,,,,,,,,,,,,,,,,,,
8,Final,Final Leg,,,,,,,,,,,,,,,,,,,,,,,,,,,,,,,,,,,,,,,,,,,,,
9,1,Yes,,,,,,,,,,,,,,,,,,,,,,,,,,,,,,,,,,,,,,,,,,,,,
9,2,Yes,,,,,,,,,,,,,,,,,,,,,,,,,,,,,,,,,,,,,,,,,,,,,
9,3,No,,,,,,,,,,,,,,,,,,,,,,,,,,,,,,,,,,,,,,,,,,,,,
9,4,Yes,,,,,,,,,,,,,,,,,,,,,,,,,,,,,,,,,,,,,,,,,,,,,
9,5,Yes,,,,,,,,,,,,,,,,,,,,,,,,,,,,,,,,,,,,,,,,,,,,,
9,6,Yes,,,,,,,,,,,,,,,,,,,,,,,,,,,,,,,,,,,,,,,,,,,,,
9,7,Yes,,,,,,,,,,,,,,,,,,,,,,,,,,,,,,,,,,,,,,,,,,,,,
9,8,No,,,,,,,,,,,,,,,,,,,,,,,,,,,,,,,,,,,,,,,,,,,,,
9,9,Yes,,,,,,,,,,,,,,,,,,,,,,,,,,,,,,,,,,,,,,,,,,,,,
9,10,No,,,,,,,,,,,,,,,,,,,,,,,,,,,,,,,,,,,,,,,,,,,,,
9,11,Yes,,,,,,,,,,,,,,,,,,,,,,,,,,,,,,,,,,,,,,,,,,,,,
9,12,No,,,,,,,,,,,,,,,,,,,,,,,,,,,,,,,,,,,,,,,,,,,,,
9,Final,Final Leg,,,,,,,,,,,,,,,,,,,,,,,,,,,,,,,,,,,,,,,,,,,,,
10,1,Yes,,,,,,,,,,,,,,,,,,,,,,,,,,,,,,,,,,,,,,,,,,,,,
10,2,Yes,,,,,,,,,,,,,,,,,,,,,,,,,,,,,,,,,,,,,,,,,,,,,
10,3,Yes,,,,,,,,,,,,,,,,,,,,,,,,,,,,,,,,,,,,,,,,,,,,,
10,4,Yes,,,,,,,,,,,,,,,,,,,,,,,,,,,,,,,,,,,,,,,,,,,,,
10,5,No,,,,,,,,,,,,,,,,,,,,,,,,,,,,,,,,,,,,,,,,,,,,,
10,6,Yes,,,,,,,,,,,,,,,,,,,,,,,,,,,,,,,,,,,,,,,,,,,,,
10,7,No,,,,,,,,,,,,,,,,,,,,,,,,,,,,,,,,,,,,,,,,,,,,,
10,8,Yes,,,,,,,,,,,,,,,,,,,,,,,,,,,,,,,,,,,,,,,,,,,,,
10,9,Yes,,,,,,,,,,,,,,,,,,,,,,,,,,,,,,,,,,,,,,,,,,,,,
10,10,No,,,,,,,,,,,,,,,,,,,,,,,,,,,,,,,,,,,,,,,,,,,,,
10,11,Yes,,,,,,,,,,,,,,,,,,,,,,,,,,,,,,,,,,,,,,,,,,,,,
10,Final,Final Leg,,,,,,,,,,,,,,,,,,,,,,,,,,,,,,,,,,,,,,,,,,,,,
11,1,Yes,,,,,,,,,,,,,,,,,,,,,,,,,,,,,,,,,,,,,,,,,,,,,
11,2,Yes,,,,,,,,,,,,,,,,,,,,,,,,,,,,,,,,,,,,,,,,,,,,,
11,3,Yes,,,,,,,,,,,,,,,,,,,,,,,,,,,,,,,,,,,,,,,,,,,,,
11,4,Yes,,,,,,,,,,,,,,,,,,,,,,,,,,,,,,,,,,,,,,,,,,,,,
11,5,No,,,,,,,,,,,,,,,,,,,,,,,,,,,,,,,,,,,,,,,,,,,,,
11,6,Yes,,,,,,,,,,,,,,,,,,,,,,,,,,,,,,,,,,,,,,,,,,,,,
11,7,No,,,,,,,,,,,,,,,,,,,,,,,,,,,,,,,,,,,,,,,,,,,,,
11,8,Yes,,,,,,,,,,,,,,,,,,,,,,,,,,,,,,,,,,,,,,,,,,,,,
11,9,Yes,,,,,,,,,,,,,,,,,,,,,,,,,,,,,,,,,,,,,,,,,,,,,
11,10,No,,,,,,,,,,,,,,,,,,,,,,,,,,,,,,,,,,,,,,,,,,,,,
11,11,No,,,,,,,,,,,,,,,,,,,,,,,,,,,,,,,,,,,,,,,,,,,,,
11,12,Yes,,,,,,,,,,,,,,,,,,,,,,,,,,,,,,,,,,,,,,,,,,,,,
11,Final,Final Leg,,,,,,,,,,,,,,,,,,,,,,,,,,,,,,,,,,,,,,,,,,,,,
12,1,Yes,,,,,,,,,,,,,,,,,,,,,,,,,,,,,,,,,,,,,,,,,,,,,
12,2,Yes,,,,,,,,,,,,,,,,,,,,,,,,,,,,,,,,,,,,,,,,,,,,,
12,3,Yes,,,,,,,,,,,,,,,,,,,,,,,,,,,,,,,,,,,,,,,,,,,,,
12,4,Yes,,,,,,,,,,,,,,,,,,,,,,,,,,,,,,,,,,,,,,,,,,,,,
12,5,Yes,,,,,,,,,,,,,,,,,,,,,,,,,,,,,,,,,,,,,,,,,,,,,
12,6,Yes,,,,,,,,,,,,,,,,,,,,,,,,,,,,,,,,,,,,,,,,,,,,,
12,7,No,,,,,,,,,,,,,,,,,,,,,,,,,,,,,,,,,,,,,,,,,,,,,
12,8,Yes,,,,,,,,,,,,,,,,,,,,,,,,,,,,,,,,,,,,,,,,,,,,,
12,9,No,,,,,,,,,,,,,,,,,,,,,,,,,,,,,,,,,,,,,,,,,,,,,
12,10,Yes,,,,,,,,,,,,,,,,,,,,,,,,,,,,,,,,,,,,,,,,,,,,,
12,Final,Final Leg,,,,,,,,,,,,,,,,,,,,,,,,,,,,,,,,,,,,,,,,,,,,,
13,1,Yes,,,,,,,,,,,,,,,,,,,,,,,,,,,,,,,,,,,,,,,,,,,,,
13,2,Yes,,,,,,,,,,,,,,,,,,,,,,,,,,,,,,,,,,,,,,,,,,,,,
13,3,Yes,,,,,,,,,,,,,,,,,,,,,,,,,,,,,,,,,,,,,,,,,,,,,
13,4,Yes,,,,,,,,,,,,,,,,,,,,,,,,,,,,,,,,,,,,,,,,,,,,,
13,5,Yes,,,,,,,,,,,,,,,,,,,,,,,,,,,,,,,,,,,,,,,,,,,,,
13,6,No,,,,,,,,,,,,,,,,,,,,,,,,,,,,,,,,,,,,,,,,,,,,,
13,7,Yes,,,,,,,,,,,,,,,,,,,,,,,,,,,,,,,,,,,,,,,,,,,,,
13,8,Yes,,,,,,,,,,,,,,,,,,,,,,,,,,,,,,,,,,,,,,,,,,,,,
13,9,No,,,,,,,,,,,,,,,,,,,,,,,,,,,,,,,,,,,,,,,,,,,,,
13,10,Yes,,,,,,,,,,,,,,,,,,,,,,,,,,,,,,,,,,,,,,,,,,,,,
13,Final,Final Leg,,,,,,,,,,,,,,,,,,,,,,,,,,,,,,,,,,,,,,,,,,,,,
14,1,Yes,,,,,,,,,,,,,,,,,,,,,,,,,,,,,,,,,,,,,,,,,,,,,
14,2,Yes,,,,,,,,,,,,,,,,,,,,,,,,,,,,,,,,,,,,,,,,,,,,,
14,3,Yes,,,,,,,,,,,,,,,,,,,,,,,,,,,,,,,,,,,,,,,,,,,,,
14,4,Yes,,,,,,,,,,,,,,,,,,,,,,,,,,,,,,,,,,,,,,,,,,,,,
14,5,No,,,,,,,,,,,,,,,,,,,,,,,,,,,,,,,,,,,,,,,,,,,,,
14,6,Yes,,,,,,,,,,,,,,,,,,,,,,,,,,,,,,,,,,,,,,,,,,,,,
14,7,Yes,,,,,,,,,,,,,,,,,,,,,,,,,,,,,,,,,,,,,,,,,,,,,
14,8,No,,,,,,,,,,,,,,,,,,,,,,,,,,,,,,,,,,,,,,,,,,,,,
14,9,Yes,,,,,,,,,,,,,,,,,,,,,,,,,,,,,,,,,,,,,,,,,,,,,
14,10,No,,,,,,,,,,,,,,,,,,,,,,,,,,,,,,,,,,,,,,,,,,,,,
14,11,Yes,,,,,,,,,,,,,,,,,,,,,,,,,,,,,,,,,,,,,,,,,,,,,
14,Final,Final Leg,,,,,,,,,,,,,,,,,,,,,,,,,,,,,,,,,,,,,,,,,,,,,
15,1,Yes,,,,,,,,,,,,,,,,,,,,,,,,,,,,,,,,,,,,,,,,,,,,,
15,2,Yes,,,,,,,,,,,,,,,,,,,,,,,,,,,,,,,,,,,,,,,,,,,,,
15,3,Yes,,,,,,,,,,,,,,,,,,,,,,,,,,,,,,,,,,,,,,,,,,,,,
15,4,Yes,,,,,,,,,,,,,,,,,,,,,,,,,,,,,,,,,,,,,,,,,,,,,
15,5,Yes,,,,,,,,,,,,,,,,,,,,,,,,,,,,,,,,,,,,,,,,,,,,,
15,6,Yes,,,,,,,,,,,,,,,,,,,,,,,,,,,,,,,,,,,,,,,,,,,,,
15,7,Yes,,,,,,,,,,,,,,,,,,,,,,,,,,,,,,,,,,,,,,,,,,,,,
15,8,No,,,,,,,,,,,,,,,,,,,,,,,,,,,,,,,,,,,,,,,,,,,,,
15,9,Yes,,,,,,,,,,,,,,,,,,,,,,,,,,,,,,,,,,,,,,,,,,,,,
15,10,No,,,,,,,,,,,,,,,,,,,,,,,,,,,,,,,,,,,,,,,,,,,,,
15,11,Yes,,,,,,,,,,,,,,,,,,,,,,,,,,,,,,,,,,,,,,,,,,,,,
15,Final,Final Leg,,,,,,,,,,,,,,,,,,,,,,,,,,,,,,,,,,,,,,,,,,,,,
16,1,Yes,,,,,,,,,,,,,,,,,,,,,,,,,,,,,,,,,,,,,,,,,,,,,
16,2,Yes,,,,,,,,,,,,,,,,,,,,,,,,,,,,,,,,,,,,,,,,,,,,,
16,3,Yes,,,,,,,,,,,,,,,,,,,,,,,,,,,,,,,,,,,,,,,,,,,,,
16,4,No,,,,,,,,,,,,,,,,,,,,,,,,,,,,,,,,,,,,,,,,,,,,,
16,5,Yes,,,,,,,,,,,,,,,,,,,,,,,,,,,,,,,,,,,,,,,,,,,,,
16,6,Yes,,,,,,,,,,,,,,,,,,,,,,,,,,,,,,,,,,,,,,,,,,,,,
16,7,No,,,,,,,,,,,,,,,,,,,,,,,,,,,,,,,,,,,,,,,,,,,,,
16,8,Yes,,,,,,,,,,,,,,,,,,,,,,,,,,,,,,,,,,,,,,,,,,,,,
16,9,Yes,,,,,,,,,,,,,,,,,,,,,,,,,,,,,,,,,,,,,,,,,,,,,
16,10,No,,,,,,,,,,,,,,,,,,,,,,,,,,,,,,,,,,,,,,,,,,,,,
16,11,Yes,,,,,,,,,,,,,,,,,,,,,,,,,,,,,,,,,,,,,,,,,,,,,
16,Final,Final Leg,,,,,,,,,,,,,,,,,,,,,,,,,,,,,,,,,,,,,,,,,,,,,
17,1,Yes,,,,,,,,,,,,,,,,,,,,,,,,,,,,,,,,,,,,,,,,,,,,,
17,2,Yes,,,,,,,,,,,,,,,,,,,,,,,,,,,,,,,,,,,,,,,,,,,,,
17,3,No,,,,,,,,,,,,,,,,,,,,,,,,,,,,,,,,,,,,,,,,,,,,,
17,4,Yes,,,,,,,,,,,,,,,,,,,,,,,,,,,,,,,,,,,,,,,,,,,,,
17,5,Yes,,,,,,,,,,,,,,,,,,,,,,,,,,,,,,,,,,,,,,,,,,,,,
17,6,No,,,,,,,,,,,,,,,,,,,,,,,,,,,,,,,,,,,,,,,,,,,,,
17,7,Yes,,,,,,,,,,,,,,,,,,,,,,,,,,,,,,,,,,,,,,,,,,,,,
17,8,Yes,,,,,,,,,,,,,,,,,,,,,,,,,,,,,,,,,,,,,,,,,,,,,
17,9,Yes,,,,,,,,,,,,,,,,,,,,,,,,,,,,,,,,,,,,,,,,,,,,,
17,10,No,,,,,,,,,,,,,,,,,,,,,,,,,,,,,,,,,,,,,,,,,,,,,
17,11,Yes,,,,,,,,,,,,,,,,,,,,,,,,,,,,,,,,,,,,,,,,,,,,,
17,Final,Final Leg,,,,,,,,,,,,,,,,,,,,,,,,,,,,,,,,,,,,,,,,,,,,,
18,1,No,,,,,,,,,,,,,,,,,,,,,,,,,,,,,,,,,,,,,,,,,,,,,
18,2,Yes,,,,,,,,,,,,,,,,,,,,,,,,,,,,,,,,,,,,,,,,,,,,,
18,3,Yes,,,,,,,,,,,,,,,,,,,,,,,,,,,,,,,,,,,,,,,,,,,,,
18,4,No,,,,,,,,,,,,,,,,,,,,,,,,,,,,,,,,,,,,,,,,,,,,,
18,5,Yes,,,,,,,,,,,,,,,,,,,,,,,,,,,,,,,,,,,,,,,,,,,,,
18,6,Yes,,,,,,,,,,,,,,,,,,,,,,,,,,,,,,,,,,,,,,,,,,,,,
18,7,Yes,,,,,,,,,,,,,,,,,,,,,,,,,,,,,,,,,,,,,,,,,,,,,
18,8,No,,,,,,,,,,,,,,,,,,,,,,,,,,,,,,,,,,,,,,,,,,,,,
18,9,Yes,,,,,,,,,,,,,,,,,,,,,,,,,,,,,,,,,,,,,,,,,,,,,
18,10,Yes,,,,,,,,,,,,,,,,,,,,,,,,,,,,,,,,,,,,,,,,,,,,,
18,11,Yes,,,,,,,,,,,,,,,,,,,,,,,,,,,,,,,,,,,,,,,,,,,,,
18,Final,Final Leg,,,,,,,,,,,,,,,,,,,,,,,,,,,,,,,,,,,,,,,,,,,,,
19,1,No,,,,,,,,,,,,,,,,,,,,,,,,,,,,,,,,,,,,,,,,,,,,,
19,2,Yes,,,,,,,,,,,,,,,,,,,,,,,,,,,,,,,,,,,,,,,,,,,,,
19,3,Yes,,,,,,,,,,,,,,,,,,,,,,,,,,,,,,,,,,,,,,,,,,,,,
19,4,No,,,,,,,,,,,,,,,,,,,,,,,,,,,,,,,,,,,,,,,,,,,,,
19,5,Yes,,,,,,,,,,,,,,,,,,,,,,,,,,,,,,,,,,,,,,,,,,,,,
19,6,No,,,,,,,,,,,,,,,,,,,,,,,,,,,,,,,,,,,,,,,,,,,,,
19,7,Yes,,,,,,,,,,,,,,,,,,,,,,,,,,,,,,,,,,,,,,,,,,,,,
19,8,Yes,,,,,,,,,,,,,,,,,,,,,,,,,,,,,,,,,,,,,,,,,,,,,
19,9,No,,,,,,,,,,,,,,,,,,,,,,,,,,,,,,,,,,,,,,,,,,,,,
19,10,Yes,,,,,,,,,,,,,,,,,,,,,,,,,,,,,,,,,,,,,,,,,,,,,
19,11,Yes,,,,,,,,,,,,,,,,,,,,,,,,,,,,,,,,,,,,,,,,,,,,,
19,Final,Final Leg,,,,,,,,,,,,,,,,,,,,,,,,,,,,,,,,,,,,,,,,,,,,,
20,1,Yes,,,,,,,,,,,,,,,,,,,,,,,,,,,,,,,,,,,,,,,,,,,,,
20,2,Yes,,,,,,,,,,,,,,,,,,,,,,,,,,,,,,,,,,,,,,,,,,,,,
20,3,Yes,,,,,,,,,,,,,,,,,,,,,,,,,,,,,,,,,,,,,,,,,,,,,
20,4,No,,,,,,,,,,,,,,,,,,,,,,,,,,,,,,,,,,,,,,,,,,,,,
20,5,Yes,,,,,,,,,,,,,,,,,,,,,,,,,,,,,,,,,,,,,,,,,,,,,
20,6,Yes,,,,,,,,,,,,,,,,,,,,,,,,,,,,,,,,,,,,,,,,,,,,,
20,7,No,,,,,,,,,,,,,,,,,,,,,,,,,,,,,,,,,,,,,,,,,,,,,
20,8,Yes,,,,,,,,,,,,,,,,,,,,,,,,,,,,,,,,,,,,,,,,,,,,,
20,9,No,,,,,,,,,,,,,,,,,,,,,,,,,,,,,,,,,,,,,,,,,,,,,
20,10,Yes,,,,,,,,,,,,,,,,,,,,,,,,,,,,,,,,,,,,,,,,,,,,,
20,11,Yes,,,,,,,,,,,,,,,,,,,,,,,,,,,,,,,,,,,,,,,,,,,,,
20,Final,Final Leg,,,,,,,,,,,,,,,,,,,,,,,,,,,,,,,,,,,,,,,,,,,,,
21,1,Yes,,,,,,,,,,,,,,,,,,,,,,,,,,,,,,,,,,,,,,,,,,,,,
21,2,Yes,,,,,,,,,,,,,,,,,,,,,,,,,,,,,,,,,,,,,,,,,,,,,
21,3,Yes,,,,,,,,,,,,,,,,,,,,,,,,,,,,,,,,,,,,,,,,,,,,,
21,4,Yes,,,,,,,,,,,,,,,,,,,,,,,,,,,,,,,,,,,,,,,,,,,,,
21,5,No,,,,,,,,,,,,,,,,,,,,,,,,,,,,,,,,,,,,,,,,,,,,,
21,6,Yes,,,,,,,,,,,,,,,,,,,,,,,,,,,,,,,,,,,,,,,,,,,,,
21,7,No,,,,,,,,,,,,,,,,,,,,,,,,,,,,,,,,,,,,,,,,,,,,,
21,8,Yes,,,,,,,,,,,,,,,,,,,,,,,,,,,,,,,,,,,,,,,,,,,,,
21,9,Yes,,,,,,,,,,,,,,,,,,,,,,,,,,,,,,,,,,,,,,,,,,,,,
21,10,No,,,,,,,,,,,,,,,,,,,,,,,,,,,,,,,,,,,,,,,,,,,,,
21,11,Yes,,,,,,,,,,,,,,,,,,,,,,,,,,,,,,,,,,,,,,,,,,,,,
21,Final,Final Leg,,,,,,,,,,,,,,,,,,,,,,,,,,,,,,,,,,,,,,,,,,,,,
22,1,Yes,,,,,,,,,,,,,,,,,,,,,,,,,,,,,,,,,,,,,,,,,,,,,
22,2,Yes,,,,,,,,,,,,,,,,,,,,,,,,,,,,,,,,,,,,,,,,,,,,,
22,3,No,,,,,,,,,,,,,,,,,,,,,,,,,,,,,,,,,,,,,,,,,,,,,
22,4,Yes,,,,,,,,,,,,,,,,,,,,,,,,,,,,,,,,,,,,,,,,,,,,,
22,5,Yes,,,,,,,,,,,,,,,,,,,,,,,,,,,,,,,,,,,,,,,,,,,,,
22,6,No,,,,,,,,,,,,,,,,,,,,,,,,,,,,,,,,,,,,,,,,,,,,,
22,7,Yes,,,,,,,,,,,,,,,,,,,,,,,,,,,,,,,,,,,,,,,,,,,,,
22,8,Yes,,,,,,,,,,,,,,,,,,,,,,,,,,,,,,,,,,,,,,,,,,,,,
22,9,No,,,,,,,,,,,,,,,,,,,,,,,,,,,,,,,,,,,,,,,,,,,,,
22,10,Yes,,,,,,,,,,,,,,,,,,,,,,,,,,,,,,,,,,,,,,,,,,,,,
22,11,Yes,,,,,,,,,,,,,,,,,,,,,,,,,,,,,,,,,,,,,,,,,,,,,
22,Final,Final Leg,,,,,,,,,,,,,,,,,,,,,,,,,,,,,,,,,,,,,,,,,,,,,
23,1,Yes,,,,,,,,,,,,,,,,,,,,,,,,,,,,,,,,,,,,,,,,,,,,,
23,2,Yes,,,,,,,,,,,,,,,,,,,,,,,,,,,,,,,,,,,,,,,,,,,,,
23,3,Yes,,,,,,,,,,,,,,,,,,,,,,,,,,,,,,,,,,,,,,,,,,,,,
23,4,No,,,,,,,,,,,,,,,,,,,,,,,,,,,,,,,,,,,,,,,,,,,,,
23,5,Yes,,,,,,,,,,,,,,,,,,,,,,,,,,,,,,,,,,,,,,,,,,,,,
23,6,Yes,,,,,,,,,,,,,,,,,,,,,,,,,,,,,,,,,,,,,,,,,,,,,
23,7,No,,,,,,,,,,,,,,,,,,,,,,,,,,,,,,,,,,,,,,,,,,,,,
23,8,Yes,,,,,,,,,,,,,,,,,,,,,,,,,,,,,,,,,,,,,,,,,,,,,
23,9,Yes,,,,,,,,,,,,,,,,,,,,,,,,,,,,,,,,,,,,,,,,,,,,,
23,10,No,,,,,,,,,,,,,,,,,,,,,,,,,,,,,,,,,,,,,,,,,,,,,
23,11,Yes,,,,,,,,,,,,,,,,,,,,,,,,,,,,,,,,,,,,,,,,,,,,,
23,Final,Final Leg,,,,,,,,,,,,,,,,,,,,,,,,,,,,,,,,,,,,,,,,,,,,,
24,1,Yes,,,,,,,,,,,,,,,,,,,,,,,,,,,,,,,,,,,,,,,,,,,,,
24,2,Yes,,,,,,,,,,,,,,,,,,,,,,,,,,,,,,,,,,,,,,,,,,,,,
24,3,Yes,,,,,,,,,,,,,,,,,,,,,,,,,,,,,,,,,,,,,,,,,,,,,
24,4,No,,,,,,,,,,,,,,,,,,,,,,,,,,,,,,,,,,,,,,,,,,,,,
24,5,Yes,,,,,,,,,,,,,,,,,,,,,,,,,,,,,,,,,,,,,,,,,,,,,
24,6,No,,,,,,,,,,,,,,,,,,,,,,,,,,,,,,,,,,,,,,,,,,,,,
24,7,Yes,,,,,,,,,,,,,,,,,,,,,,,,,,,,,,,,,,,,,,,,,,,,,
24,8,Yes,,,,,,,,,,,,,,,,,,,,,,,,,,,,,,,,,,,,,,,,,,,,,
24,9,No,,,,,,,,,,,,,,,,,,,,,,,,,,,,,,,,,,,,,,,,,,,,,
24,10,Yes,,,,,,,,,,,,,,,,,,,,,,,,,,,,,,,,,,,,,,,,,,,,,
24,11,Yes,,,,,,,,,,,,,,,,,,,,,,,,,,,,,,,,,,,,,,,,,,,,,
24,Final,Final Leg,,,,,,,,,,,,,,,,,,,,,,,,,,,,,,,,,,,,,,,,,,,,,
25,1,Yes,,,,,,,,,,,,,,,,,,,,,,,,,,,,,,,,,,,,,,,,,,,,,
25,2,Yes,,,,,,,,,,,,,,,,,,,,,,,,,,,,,,,,,,,,,,,,,,,,,
25,3,Yes,,,,,,,,,,,,,,,,,,,,,,,,,,,,,,,,,,,,,,,,,,,,,
25,4,No,,,,,,,,,,,,,,,,,,,,,,,,,,,,,,,,,,,,,,,,,,,,,
25,5,Yes,,,,,,,,,,,,,,,,,,,,,,,,,,,,,,,,,,,,,,,,,,,,,
25,6,Yes,,,,,,,,,,,,,,,,,,,,,,,,,,,,,,,,,,,,,,,,,,,,,
25,7,No,,,,,,,,,,,,,,,,,,,,,,,,,,,,,,,,,,,,,,,,,,,,,
25,8,Yes,,,,,,,,,,,,,,,,,,,,,,,,,,,,,,,,,,,,,,,,,,,,,
25,9,Yes,,,,,,,,,,,,,,,,,,,,,,,,,,,,,,,,,,,,,,,,,,,,,
25,10,No,,,,,,,,,,,,,,,,,,,,,,,,,,,,,,,,,,,,,,,,,,,,,
25,11,No,,,,,,,,,,,,,,,,,,,,,,,,,,,,,,,,,,,,,,,,,,,,,
25,Final,Final Leg,,,,,,,,,,,,,,,,,,,,,,,,,,,,,,,,,,,,,,,,,,,,,
26,1,Yes,,,,,,,,,,,,,,,,,,,,,,,,,,,,,,,,,,,,,,,,,,,,,
26,2,Yes,,,,,,,,,,,,,,,,,,,,,,,,,,,,,,,,,,,,,,,,,,,,,
26,3,No,,,,,,,,,,,,,,,,,,,,,,,,,,,,,,,,,,,,,,,,,,,,,
26,4,Yes,,,,,,,,,,,,,,,,,,,,,,,,,,,,,,,,,,,,,,,,,,,,,
26,5,Yes,,,,,,,,,,,,,,,,,,,,,,,,,,,,,,,,,,,,,,,,,,,,,
26,6,Yes,,,,,,,,,,,,,,,,,,,,,,,,,,,,,,,,,,,,,,,,,,,,,
26,7,No,,,,,,,,,,,,,,,,,,,,,,,,,,,,,,,,,,,,,,,,,,,,,
26,8,Yes,,,,,,,,,,,,,,,,,,,,,,,,,,,,,,,,,,,,,,,,,,,,,
26,9,No,,,,,,,,,,,,,,,,,,,,,,,,,,,,,,,,,,,,,,,,,,,,,
26,10,Yes,,,,,,,,,,,,,,,,,,,,,,,,,,,,,,,,,,,,,,,,,,,,,
26,11,No,,,,,,,,,,,,,,,,,,,,,,,,,,,,,,,,,,,,,,,,,,,,,
26,Final,Final Leg,,,,,,,,,,,,,,,,,,,,,,,,,,,,,,,,,,,,,,,,,,,,,
27,1,Yes,,,,,,,,,,,,,,,,,,,,,,,,,,,,,,,,,,,,,,,,,,,,,
27,2,Yes,,,,,,,,,,,,,,,,,,,,,,,,,,,,,,,,,,,,,,,,,,,,,
27,3,Yes,,,,,,,,,,,,,,,,,,,,,,,,,,,,,,,,,,,,,,,,,,,,,
27,4,No,,,,,,,,,,,,,,,,,,,,,,,,,,,,,,,,,,,,,,,,,,,,,
27,5,Yes,,,,,,,,,,,,,,,,,,,,,,,,,,,,,,,,,,,,,,,,,,,,,
27,6,No,,,,,,,,,,,,,,,,,,,,,,,,,,,,,,,,,,,,,,,,,,,,,
27,7,Yes,,,,,,,,,,,,,,,,,,,,,,,,,,,,,,,,,,,,,,,,,,,,,
27,8,No,,,,,,,,,,,,,,,,,,,,,,,,,,,,,,,,,,,,,,,,,,,,,
27,9,Yes,,,,,,,,,,,,,,,,,,,,,,,,,,,,,,,,,,,,,,,,,,,,,
27,10,Yes,,,,,,,,,,,,,,,,,,,,,,,,,,,,,,,,,,,,,,,,,,,,,
27,11,Yes,,,,,,,,,,,,,,,,,,,,,,,,,,,,,,,,,,,,,,,,,,,,,
27,Final,Final Leg,,,,,,,,,,,,,,,,,,,,,,,,,,,,,,,,,,,,,,,,,,,,,
28,1,No,,,,,,,,,,,,,,,,,,,,,,,,,,,,,,,,,,,,,,,,,,,,,
28,2,Yes,,,,,,,,,,,,,,,,,,,,,,,,,,,,,,,,,,,,,,,,,,,,,
28,3,Yes,,,,,,,,,,,,,,,,,,,,,,,,,,,,,,,,,,,,,,,,,,,,,
28,4,Yes,,,,,,,,,,,,,,,,,,,,,,,,,,,,,,,,,,,,,,,,,,,,,
28,5,Yes,,,,,,,,,,,,,,,,,,,,,,,,,,,,,,,,,,,,,,,,,,,,,
28,6,No,,,,,,,,,,,,,,,,,,,,,,,,,,,,,,,,,,,,,,,,,,,,,
28,7,Yes,,,,,,,,,,,,,,,,,,,,,,,,,,,,,,,,,,,,,,,,,,,,,
28,8,No,,,,,,,,,,,,,,,,,,,,,,,,,,,,,,,,,,,,,,,,,,,,,
28,9,Yes,,,,,,,,,,,,,,,,,,,,,,,,,,,,,,,,,,,,,,,,,,,,,
28,10,Yes,,,,,,,,,,,,,,,,,,,,,,,,,,,,,,,,,,,,,,,,,,,,,
28,11,Yes,,,,,,,,,,,,,,,,,,,,,,,,,,,,,,,,,,,,,,,,,,,,,
28,Final,Final Leg,,,,,,,,,,,,,,,,,,,,,,,,,,,,,,,,,,,,,,,,,,,,,
29,1,Yes,,,,,,,,,,,,,,,,,,,,,,,,,,,,,,,,,,,,,,,,,,,,,
29,2,Yes,,,,,,,,,,,,,,,,,,,,,,,,,,,,,,,,,,,,,,,,,,,,,
29,3,Yes,,,,,,,,,,,,,,,,,,,,,,,,,,,,,,,,,,,,,,,,,,,,,
29,4,Yes,,,,,,,,,,,,,,,,,,,,,,,,,,,,,,,,,,,,,,,,,,,,,
29,5,No,,,,,,,,,,,,,,,,,,,,,,,,,,,,,,,,,,,,,,,,,,,,,
29,6,Yes,,,,,,,,,,,,,,,,,,,,,,,,,,,,,,,,,,,,,,,,,,,,,
29,7,No,,,,,,,,,,,,,,,,,,,,,,,,,,,,,,,,,,,,,,,,,,,,,
29,8,Yes,,,,,,,,,,,,,,,,,,,,,,,,,,,,,,,,,,,,,,,,,,,,,
29,9,No,,,,,,,,,,,,,,,,,,,,,,,,,,,,,,,,,,,,,,,,,,,,,
29,10,Yes,,,,,,,,,,,,,,,,,,,,,,,,,,,,,,,,,,,,,,,,,,,,,
29,11,Yes,,,,,,,,,,,,,,,,,,,,,,,,,,,,,,,,,,,,,,,,,,,,,
29,Final,Final Leg,,,,,,,,,,,,,,,,,,,,,,,,,,,,,,,,,,,,,,,,,,,,,
30,1,Yes,,,,,,,,,,,,,,,,,,,,,,,,,,,,,,,,,,,,,,,,,,,,,
30,2,Yes,,,,,,,,,,,,,,,,,,,,,,,,,,,,,,,,,,,,,,,,,,,,,
30,3,No,,,,,,,,,,,,,,,,,,,,,,,,,,,,,,,,,,,,,,,,,,,,,
30,4,Yes,,,,,,,,,,,,,,,,,,,,,,,,,,,,,,,,,,,,,,,,,,,,,
30,5,Yes,,,,,,,,,,,,,,,,,,,,,,,,,,,,,,,,,,,,,,,,,,,,,
30,6,Yes,,,,,,,,,,,,,,,,,,,,,,,,,,,,,,,,,,,,,,,,,,,,,
30,7,No,,,,,,,,,,,,,,,,,,,,,,,,,,,,,,,,,,,,,,,,,,,,,
30,8,Yes,,,,,,,,,,,,,,,,,,,,,,,,,,,,,,,,,,,,,,,,,,,,,
30,9,Yes,,,,,,,,,,,,,,,,,,,,,,,,,,,,,,,,,,,,,,,,,,,,,
30,10,No,,,,,,,,,,,,,,,,,,,,,,,,,,,,,,,,,,,,,,,,,,,,,
30,11,Yes,,,,,,,,,,,,,,,,,,,,,,,,,,,,,,,,,,,,,,,,,,,,,
30,Final,Final Leg,,,,,,,,,,,,,,,,,,,,,,,,,,,,,,,,,,,,,,,,,,,,,
31,1,Yes,,,,,,,,,,,,,,,,,,,,,,,,,,,,,,,,,,,,,,,,,,,,,
31,2,Yes,,,,,,,,,,,,,,,,,,,,,,,,,,,,,,,,,,,,,,,,,,,,,
31,3,No,,,,,,,,,,,,,,,,,,,,,,,,,,,,,,,,,,,,,,,,,,,,,
31,4,Yes,,,,,,,,,,,,,,,,,,,,,,,,,,,,,,,,,,,,,,,,,,,,,
31,5,No,,,,,,,,,,,,,,,,,,,,,,,,,,,,,,,,,,,,,,,,,,,,,
31,6,Yes,,,,,,,,,,,,,,,,,,,,,,,,,,,,,,,,,,,,,,,,,,,,,
31,7,No,,,,,,,,,,,,,,,,,,,,,,,,,,,,,,,,,,,,,,,,,,,,,
31,8,Yes,,,,,,,,,,,,,,,,,,,,,,,,,,,,,,,,,,,,,,,,,,,,,
31,9,Yes,,,,,,,,,,,,,,,,,,,,,,,,,,,,,,,,,,,,,,,,,,,,,
31,10,Yes,,,,,,,,,,,,,,,,,,,,,,,,,,,,,,,,,,,,,,,,,,,,,
31,11,Yes,,,,,,,,,,,,,,,,,,,,,,,,,,,,,,,,,,,,,,,,,,,,,
31,Final,Final Leg,,,,,,,,,,,,,,,,,,,,,,,,,,,,,,,,,,,,,,,,,,,,,
32,1,Yes,,,,,,,,,,,,,,,,,,,,,,,,,,,,,,,,,,,,,,,,,,,,,
32,2,Yes,,,,,,,,,,,,,,,,,,,,,,,,,,,,,,,,,,,,,,,,,,,,,
32,3,Yes,,,,,,,,,,,,,,,,,,,,,,,,,,,,,,,,,,,,,,,,,,,,,
32,4,No,,,,,,,,,,,,,,,,,,,,,,,,,,,,,,,,,,,,,,,,,,,,,
32,5,Yes,,,,,,,,,,,,,,,,,,,,,,,,,,,,,,,,,,,,,,,,,,,,,
32,6,No,,,,,,,,,,,,,,,,,,,,,,,,,,,,,,,,,,,,,,,,,,,,,
32,7,Yes,,,,,,,,,,,,,,,,,,,,,,,,,,,,,,,,,,,,,,,,,,,,,
32,8,Yes,,,,,,,,,,,,,,,,,,,,,,,,,,,,,,,,,,,,,,,,,,,,,
32,9,Yes,,,,,,,,,,,,,,,,,,,,,,,,,,,,,,,,,,,,,,,,,,,,,
32,10,Yes,,,,,,,,,,,,,,,,,,,,,,,,,,,,,,,,,,,,,,,,,,,,,
32,Final,Final Leg,,,,,,,,,,,,,,,,,,,,,,,,,,,,,,,,,,,,,,,,,,,,,
33,1,Yes,,,,,,,,,,,,,,,,,,,,,,,,,,,,,,,,,,,,,,,,,,,,,
33,2,No,,,,,,,,,,,,,,,,,,,,,,,,,,,,,,,,,,,,,,,,,,,,,
33,3,Yes,,,,,,,,,,,,,,,,,,,,,,,,,,,,,,,,,,,,,,,,,,,,,
33,4,Yes,,,,,,,,,,,,,,,,,,,,,,,,,,,,,,,,,,,,,,,,,,,,,
33,5,No,,,,,,,,,,,,,,,,,,,,,,,,,,,,,,,,,,,,,,,,,,,,,
33,6,Yes,,,,,,,,,,,,,,,,,,,,,,,,,,,,,,,,,,,,,,,,,,,,,
33,7,No,,,,,,,,,,,,,,,,,,,,,,,,,,,,,,,,,,,,,,,,,,,,,
33,8,Yes,,,,,,,,,,,,,,,,,,,,,,,,,,,,,,,,,,,,,,,,,,,,,
33,9,No,,,,,,,,,,,,,,,,,,,,,,,,,,,,,,,,,,,,,,,,,,,,,
33,10,Yes,,,,,,,,,,,,,,,,,,,,,,,,,,,,,,,,,,,,,,,,,,,,,
33,Final,Final Leg,,,,,,,,,,,,,,,,,,,,,,,,,,,,,,,,,,,,,,,,,,,,,
34,1,Yes,,,,,,,,,,,,,,,,,,,,,,,,,,,,,,,,,,,,,,,,,,,,,
34,2,Yes,,,,,,,,,,,,,,,,,,,,,,,,,,,,,,,,,,,,,,,,,,,,,
34,3,Yes,,,,,,,,,,,,,,,,,,,,,,,,,,,,,,,,,,,,,,,,,,,,,
34,4,Yes,,,,,,,,,,,,,,,,,,,,,,,,,,,,,,,,,,,,,,,,,,,,,
34,5,Yes,,,,,,,,,,,,,,,,,,,,,,,,,,,,,,,,,,,,,,,,,,,,,
34,6,Yes,,,,,,,,,,,,,,,,,,,,,,,,,,,,,,,,,,,,,,,,,,,,,
34,7,Yes,,,,,,,,,,,,,,,,,,,,,,,,,,,,,,,,,,,,,,,,,,,,,
34,8,Yes,,,,,,,,,,,,,,,,,,,,,,,,,,,,,,,,,,,,,,,,,,,,,
34,9,Yes,,,,,,,,,,,,,,,,,,,,,,,,,,,,,,,,,,,,,,,,,,,,,
34,Final,Final Leg,,,,,,,,,,,,,,,,,,,,,,,,,,,,,,,,,,,,,,,,,,,,,
35,1,Yes,,,,,,,,,,,,,,,,,,,,,,,,,,,,,,,,,,,,,,,,,,,,,
35,2,Yes,,,,,,,,,,,,,,,,,,,,,,,,,,,,,,,,,,,,,,,,,,,,,
35,3,No,,,,,,,,,,,,,,,,,,,,,,,,,,,,,,,,,,,,,,,,,,,,,
35,4,Yes,,,,,,,,,,,,,,,,,,,,,,,,,,,,,,,,,,,,,,,,,,,,,
35,5,Yes,,,,,,,,,,,,,,,,,,,,,,,,,,,,,,,,,,,,,,,,,,,,,
35,6,Yes,,,,,,,,,,,,,,,,,,,,,,,,,,,,,,,,,,,,,,,,,,,,,
35,7,Yes,,,,,,,,,,,,,,,,,,,,,,,,,,,,,,,,,,,,,,,,,,,,,
35,8,Yes,,,,,,,,,,,,,,,,,,,,,,,,,,,,,,,,,,,,,,,,,,,,,
35,9,Yes,,,,,,,,,,,,,,,,,,,,,,,,,,,,,,,,,,,,,,,,,,,,,
35,10,Yes,,,,,,,,,,,,,,,,,,,,,,,,,,,,,,,,,,,,,,,,,,,,,
35,11,Yes,,,,,,,,,,,,,,,,,,,,,,,,,,,,,,,,,,,,,,,,,,,,,
35,Final,Final Leg,,,,,,,,,,,,,,,,,,,,,,,,,,,,,,,,,,,,,,,,,,,,,
36,1,Yes,,,,,,,,,,,,,,,,,,,,,,,,,,,,,,,,,,,,,,,,,,,,,
36,2,Yes,,,,,,,,,,,,,,,,,,,,,,,,,,,,,,,,,,,,,,,,,,,,,
36,3,Yes,,,,,,,,,,,,,,,,,,,,,,,,,,,,,,,,,,,,,,,,,,,,,
36,4,Yes,,,,,,,,,,,,,,,,,,,,,,,,,,,,,,,,,,,,,,,,,,,,,
36,5,Yes,,,,,,,,,,,,,,,,,,,,,,,,,,,,,,,,,,,,,,,,,,,,,
36,6,Yes,,,,,,,,,,,,,,,,,,,,,,,,,,,,,,,,,,,,,,,,,,,,,
36,7,Yes,,,,,,,,,,,,,,,,,,,,,,,,,,,,,,,,,,,,,,,,,,,,,
36,8,Yes,,,,,,,,,,,,,,,,,,,,,,,,,,,,,,,,,,,,,,,,,,,,,
36,9,Yes,,,,,,,,,,,,,,,,,,,,,,,,,,,,,,,,,,,,,,,,,,,,,
36,10,Yes,,,,,,,,,,,,,,,,,,,,,,,,,,,,,,,,,,,,,,,,,,,,,
36,Final,Final Leg,,,,,,,,,,,,,,,,,,,,,,,,,,,,,,,,,,,,,,,,,,,,,
37,1,Yes x2,,,,,,,,,,,,,,,,,,,,,,,,,,,,,,,,,,,,,,,,,,,,,
37,2,Yes,,,,,,,,,,,,,,,,,,,,,,,,,,,,,,,,,,,,,,,,,,,,,
37,3,Yes,,,,,,,,,,,,,,,,,,,,,,,,,,,,,,,,,,,,,,,,,,,,,
37,4,Yes,,,,,,,,,,,,,,,,,,,,,,,,,,,,,,,,,,,,,,,,,,,,,
37,5,Yes,,,,,,,,,,,,,,,,,,,,,,,,,,,,,,,,,,,,,,,,,,,,,
37,6,Yes,,,,,,,,,,,,,,,,,,,,,,,,,,,,,,,,,,,,,,,,,,,,,
37,7,Yes,,,,,,,,,,,,,,,,,,,,,,,,,,,,,,,,,,,,,,,,,,,,,
37,8,Yes,,,,,,,,,,,,,,,,,,,,,,,,,,,,,,,,,,,,,,,,,,,,,
37,9,No,,,,,,,,,,,,,,,,,,,,,,,,,,,,,,,,,,,,,,,,,,,,,
37,10,Yes,,,,,,,,,,,,,,,,,,,,,,,,,,,,,,,,,,,,,,,,,,,,,
37,11,Yes,,,,,,,,,,,,,,,,,,,,,,,,,,,,,,,,,,,,,,,,,,,,,
37,Final,Final Leg,,,,,,,,,,,,,,,,,,,,,,,,,,,,,,,,,,,,,,,,,,,,,
38,1,Yes,,,,,,,,,,,,,,,,,,,,,,,,,,,,,,,,,,,,,,,,,,,,,
38,2,Yes,,,,,,,,,,,,,,,,,,,,,,,,,,,,,,,,,,,,,,,,,,,,,
38,3,Yes,,,,,,,,,,,,,,,,,,,,,,,,,,,,,,,,,,,,,,,,,,,,,
38,4,Yes,,,,,,,,,,,,,,,,,,,,,,,,,,,,,,,,,,,,,,,,,,,,,
38,5,Yes,,,,,,,,,,,,,,,,,,,,,,,,,,,,,,,,,,,,,,,,,,,,,
38,6,Yes,,,,,,,,,,,,,,,,,,,,,,,,,,,,,,,,,,,,,,,,,,,,,
38,7,Yes,,,,,,,,,,,,,,,,,,,,,,,,,,,,,,,,,,,,,,,,,,,,,
38,8,No,,,,,,,,,,,,,,,,,,,,,,,,,,,,,,,,,,,,,,,,,,,,,
38,9,Yes,,,,,,,,,,,,,,,,,,,,,,,,,,,,,,,,,,,,,,,,,,,,,
38,10,Yes,,,,,,,,,,,,,,,,,,,,,,,,,,,,,,,,,,,,,,,,,,,,,
38,11,Yes,,,,,,,,,,,,,,,,,,,,,,,,,,,,,,,,,,,,,,,,,,,,,
38,Final,Final Leg,,,,,,,,,,,,,,,,,,,,,,,,,,,,,,,,,,,,,,,,,,,,,
,,,,,,,,,,,,,,,,,,,,,,,,,,,,,,,,,,,,,,,,,,,,,,,
,,,,,,,,,,,,,,,,,,,,,,,,,,,,,,,,,,,,,,,,,,,,,,,
Season_Num,Leg_Num,Twist,Challenge_Num,,,,,,,,,,,,,,,,,,,,,,,,,,,,,,,,,,,,,,,,,,,,
1,1,,,,Season_Num,Leg_Num,Twist,Challenge_Num,,,,,,,,,,,,,,,,,,,,,,,,,,,,,,,,,,,,,,,
1,2,,,,5,2,Yield,3,,,,,,,,,,,,,,,,,,,,,,,,,,,,,,,,,,,,,,,
1,3,,,,5,3,Yield,3,,,,,,,,,,,,,,,,,,,,,,,,,,,,,,,,,,,,,,,
1,4,,,,5,6,Yield,3,,,,,,,,,,,,,,,,,,,,,,,,,,,,,,,,,,,,,,,
1,5,,,,5,7,Yield,3,,,,,,,,,,,,,,,,,,,,,,,,,,,,,,,,,,,,,,,
1,6,,,,5,8,Yield,3,,,,,,,,,,,,,,,,,,,,,,,,,,,,,,,,,,,,,,,
1,7,,,,6,10,Yield ,3,,,,,,,,,,,,,,,,,,,,,,,,,,,,,,,,,,,,,,,
1,8,,,,8,6,Yield ,3,,,,,,,,,,,,,,,,,,,,,,,,,,,,,,,,,,,,,,,
1,9,,,,11,9,Yield,3,,,,,,,,,,,,,,,,,,,,,,,,,,,,,,,,,,,,,,,
1,10,,,,11,11,Yield,3,,,,,,,,,,,,,,,,,,,,,,,,,,,,,,,,,,,,,,,
1,11,,,,26,3,Save,3,,,,,,,,,,,,,,,,,,,,,,,,,,,,,,,,,,,,,,,
1,12,,,,29,3,Double U-Turn,3,,,,,,,,,,,,,,,,,,,,,,,,,,,,,,,,,,,,,,,
1,Final ,,,,31,8,Double U-Turn,3,,,,,,,,,,,,,,,,,,,,,,,,,,,,,,,,,,,,,,,
2,1,,,,32,4,Yield ,3,,,,,,,,,,,,,,,,,,,,,,,,,,,,,,,,,,,,,,,
2,2,,,,35,Final,Scramble,3,,,,,,,,,,,,,,,,,,,,,,,,,,,,,,,,,,,,,,,
2,3,,,,37,2,Intersection,3,,,,,,,,,,,,,,,,,,,,,,,,,,,,,,,,,,,,,,,
2,4,,,,37,3,Express Pass,3,,,,,,,,,,,,,,,,,,,,,,,,,,,,,,,,,,,,,,,
2,5,,,,37,10,Head-to-Head,3,,,,,,,,,,,,,,,,,,,,,,,,,,,,,,,,,,,,,,,
2,6,,,,,,,,,,,,,,,,,,,,,,,,,,,,,,,,,,,,,,,,,,,,,,
2,7,,,,,,,,,,,,,,,,,,,,,,,,,,,,,,,,,,,,,,,,,,,,,,
2,8,,,,,,,,,,,,,,,,,,,,,,,,,,,,,,,,,,,,,,,,,,,,,,
2,9,,,,,,,,,,,,,,,,,,,,,,,,,,,,,,,,,,,,,,,,,,,,,,
2,10,,,,,,,,,,,,,,,,,,,,,,,,,,,,,,,,,,,,,,,,,,,,,,
2,11,,,,,,,,,,,,,,,,,,,,,,,,,,,,,,,,,,,,,,,,,,,,,,
2,12,,,,,,,,,,,,,,,,,,,,,,,,,,,,,,,,,,,,,,,,,,,,,,
2,Final ,,,,,,,,,,,,,,,,,,,,,,,,,,,,,,,,,,,,,,,,,,,,,,
3,1,,,,,,,,,,,,,,,,,,,,,,,,,,,,,,,,,,,,,,,,,,,,,,
3,2,,,,,,,,,,,,,,,,,,,,,,,,,,,,,,,,,,,,,,,,,,,,,,
3,3,,,,,,,,,,,,,,,,,,,,,,,,,,,,,,,,,,,,,,,,,,,,,,
3,4,,,,,,,,,,,,,,,,,,,,,,,,,,,,,,,,,,,,,,,,,,,,,,
3,5,,,,,,,,,,,,,,,,,,,,,,,,,,,,,,,,,,,,,,,,,,,,,,
3,6,,,,,,,,,,,,,,,,,,,,,,,,,,,,,,,,,,,,,,,,,,,,,,
3,7,,,,,,,,,,,,,,,,,,,,,,,,,,,,,,,,,,,,,,,,,,,,,,
3,8,,,,,,,,,,,,,,,,,,,,,,,,,,,,,,,,,,,,,,,,,,,,,,
3,9,,,,,,,,,,,,,,,,,,,,,,,,,,,,,,,,,,,,,,,,,,,,,,
3,10,,,,,,,,,,,,,,,,,,,,,,,,,,,,,,,,,,,,,,,,,,,,,,
3,11,,,,,,,,,,,,,,,,,,,,,,,,,,,,,,,,,,,,,,,,,,,,,,
3,12,,,,,,,,,,,,,,,,,,,,,,,,,,,,,,,,,,,,,,,,,,,,,,
3,Final,,,,,,,,,,,,,,,,,,,,,,,,,,,,,,,,,,,,,,,,,,,,,,
4,1,,,,,,,,,,,,,,,,,,,,,,,,,,,,,,,,,,,,,,,,,,,,,,
4,2,,,,,,,,,,,,,,,,,,,,,,,,,,,,,,,,,,,,,,,,,,,,,,
4,3,,,,,,,,,,,,,,,,,,,,,,,,,,,,,,,,,,,,,,,,,,,,,,
4,4,,,,,,,,,,,,,,,,,,,,,,,,,,,,,,,,,,,,,,,,,,,,,,
4,5,,,,,,,,,,,,,,,,,,,,,,,,,,,,,,,,,,,,,,,,,,,,,,
4,6,,,,,,,,,,,,,,,,,,,,,,,,,,,,,,,,,,,,,,,,,,,,,,
4,7,,,,,,,,,,,,,,,,,,,,,,,,,,,,,,,,,,,,,,,,,,,,,,
4,8,,,,,,,,,,,,,,,,,,,,,,,,,,,,,,,,,,,,,,,,,,,,,,
4,9,,,,,,,,,,,,,,,,,,,,,,,,,,,,,,,,,,,,,,,,,,,,,,
4,10,,,,,,,,,,,,,,,,,,,,,,,,,,,,,,,,,,,,,,,,,,,,,,
4,11,,,,,,,,,,,,,,,,,,,,,,,,,,,,,,,,,,,,,,,,,,,,,,
4,12,,,,,,,,,,,,,,,,,,,,,,,,,,,,,,,,,,,,,,,,,,,,,,
4,Final,,,,,,,,,,,,,,,,,,,,,,,,,,,,,,,,,,,,,,,,,,,,,,
5,1,Yield,6,,,,,,,,,,,,,,,,,,,,,,,,,,,,,,,,,,,,,,,,,,,,
5,2,Yield,3,,,,,,,,,,,,,,,,,,,,,,,,,,,,,,,,,,,,,,,,,,,,
5,3,Yield,3,,,,,,,,,,,,,,,,,,,,,,,,,,,,,,,,,,,,,,,,,,,,
5,4,Yield,2,,,,,,,,,,,,,,,,,,,,,,,,,,,,,,,,,,,,,,,,,,,,
5,5,Yield,5,,,,,,,,,,,,,,,,,,,,,,,,,,,,,,,,,,,,,,,,,,,,
5,6,Yield,3,,,,,,,,,,,,,,,,,,,,,,,,,,,,,,,,,,,,,,,,,,,,
5,7,Yield,3,,,,,,,,,,,,,,,,,,,,,,,,,,,,,,,,,,,,,,,,,,,,
5,8,Yield,3,,,,,,,,,,,,,,,,,,,,,,,,,,,,,,,,,,,,,,,,,,,,
5,9,Yield,4,,,,,,,,,,,,,,,,,,,,,,,,,,,,,,,,,,,,,,,,,,,,
5,10,Yield,2,,,,,,,,,,,,,,,,,,,,,,,,,,,,,,,,,,,,,,,,,,,,
5,11,Yield,4,,,,,,,,,,,,,,,,,,,,,,,,,,,,,,,,,,,,,,,,,,,,
5,12,Yield,4,,,,,,,,,,,,,,,,,,,,,,,,,,,,,,,,,,,,,,,,,,,,
5,Final,,,,,,,,,,,,,,,,,,,,,,,,,,,,,,,,,,,,,,,,,,,,,,
6,1,,,,,,,,,,,,,,,,,,,,,,,,,,,,,,,,,,,,,,,,,,,,,,
6,2,,,,,,,,,,,,,,,,,,,,,,,,,,,,,,,,,,,,,,,,,,,,,,
6,3,Yield,6,,,,,,,,,,,,,,,,,,,,,,,,,,,,,,,,,,,,,,,,,,,,
6,4,,,,,,,,,,,,,,,,,,,,,,,,,,,,,,,,,,,,,,,,,,,,,,
6,5,,,,,,,,,,,,,,,,,,,,,,,,,,,,,,,,,,,,,,,,,,,,,,
6,6,,,,,,,,,,,,,,,,,,,,,,,,,,,,,,,,,,,,,,,,,,,,,,
6,7,,,,,,,,,,,,,,,,,,,,,,,,,,,,,,,,,,,,,,,,,,,,,,
6,8,Yield,6,,,,,,,,,,,,,,,,,,,,,,,,,,,,,,,,,,,,,,,,,,,,
6,9,,,,,,,,,,,,,,,,,,,,,,,,,,,,,,,,,,,,,,,,,,,,,,
6,10,Yield ,3,,,,,,,,,,,,,,,,,,,,,,,,,,,,,,,,,,,,,,,,,,,,
6,11,,,,,,,,,,,,,,,,,,,,,,,,,,,,,,,,,,,,,,,,,,,,,,
6,Final,,,,,,,,,,,,,,,,,,,,,,,,,,,,,,,,,,,,,,,,,,,,,,
7,1,,,,,,,,,,,,,,,,,,,,,,,,,,,,,,,,,,,,,,,,,,,,,,
7,2,,,,,,,,,,,,,,,,,,,,,,,,,,,,,,,,,,,,,,,,,,,,,,
7,3,Yield,2,,,,,,,,,,,,,,,,,,,,,,,,,,,,,,,,,,,,,,,,,,,,
7,4,,,,,,,,,,,,,,,,,,,,,,,,,,,,,,,,,,,,,,,,,,,,,,
7,5,,,,,,,,,,,,,,,,,,,,,,,,,,,,,,,,,,,,,,,,,,,,,,
7,6,,,,,,,,,,,,,,,,,,,,,,,,,,,,,,,,,,,,,,,,,,,,,,
7,7,,,,,,,,,,,,,,,,,,,,,,,,,,,,,,,,,,,,,,,,,,,,,,
7,8,,,,,,,,,,,,,,,,,,,,,,,,,,,,,,,,,,,,,,,,,,,,,,
7,9,,,,,,,,,,,,,,,,,,,,,,,,,,,,,,,,,,,,,,,,,,,,,,
7,10,,,,,,,,,,,,,,,,,,,,,,,,,,,,,,,,,,,,,,,,,,,,,,
7,11,,,,,,,,,,,,,,,,,,,,,,,,,,,,,,,,,,,,,,,,,,,,,,
7,12,,,,,,,,,,,,,,,,,,,,,,,,,,,,,,,,,,,,,,,,,,,,,,
7,Final,,,,,,,,,,,,,,,,,,,,,,,,,,,,,,,,,,,,,,,,,,,,,,
8,1,,,,,,,,,,,,,,,,,,,,,,,,,,,,,,,,,,,,,,,,,,,,,,
8,2,,,,,,,,,,,,,,,,,,,,,,,,,,,,,,,,,,,,,,,,,,,,,,
8,3,,,,,,,,,,,,,,,,,,,,,,,,,,,,,,,,,,,,,,,,,,,,,,
8,4,,,,,,,,,,,,,,,,,,,,,,,,,,,,,,,,,,,,,,,,,,,,,,
8,5,,,,,,,,,,,,,,,,,,,,,,,,,,,,,,,,,,,,,,,,,,,,,,
8,6,Yield ,3,,,,,,,,,,,,,,,,,,,,,,,,,,,,,,,,,,,,,,,,,,,,
8,7,,,,,,,,,,,,,,,,,,,,,,,,,,,,,,,,,,,,,,,,,,,,,,
8,8,,,,,,,,,,,,,,,,,,,,,,,,,,,,,,,,,,,,,,,,,,,,,,
8,9,Yield,8,,,,,,,,,,,,,,,,,,,,,,,,,,,,,,,,,,,,,,,,,,,,
8,10,,,,,,,,,,,,,,,,,,,,,,,,,,,,,,,,,,,,,,,,,,,,,,
8,11,,,,,,,,,,,,,,,,,,,,,,,,,,,,,,,,,,,,,,,,,,,,,,
8,Final,,,,,,,,,,,,,,,,,,,,,,,,,,,,,,,,,,,,,,,,,,,,,,
9,1,,,,,,,,,,,,,,,,,,,,,,,,,,,,,,,,,,,,,,,,,,,,,,
9,2,,,,,,,,,,,,,,,,,,,,,,,,,,,,,,,,,,,,,,,,,,,,,,
9,3,,,,,,,,,,,,,,,,,,,,,,,,,,,,,,,,,,,,,,,,,,,,,,
9,4,,,,,,,,,,,,,,,,,,,,,,,,,,,,,,,,,,,,,,,,,,,,,,
9,5,Yield,5,,,,,,,,,,,,,,,,,,,,,,,,,,,,,,,,,,,,,,,,,,,,
9,6,,,,,,,,,,,,,,,,,,,,,,,,,,,,,,,,,,,,,,,,,,,,,,
9,7,,,,,,,,,,,,,,,,,,,,,,,,,,,,,,,,,,,,,,,,,,,,,,
9,8,,,,,,,,,,,,,,,,,,,,,,,,,,,,,,,,,,,,,,,,,,,,,,
9,9,,,,,,,,,,,,,,,,,,,,,,,,,,,,,,,,,,,,,,,,,,,,,,
9,10,Yield,4,,,,,,,,,,,,,,,,,,,,,,,,,,,,,,,,,,,,,,,,,,,,
9,11,,,,,,,,,,,,,,,,,,,,,,,,,,,,,,,,,,,,,,,,,,,,,,
9,12,,,,,,,,,,,,,,,,,,,,,,,,,,,,,,,,,,,,,,,,,,,,,,
9,Final,,,,,,,,,,,,,,,,,,,,,,,,,,,,,,,,,,,,,,,,,,,,,,
10,1,,,,,,,,,,,,,,,,,,,,,,,,,,,,,,,,,,,,,,,,,,,,,,
10,2,,,,,,,,,,,,,,,,,,,,,,,,,,,,,,,,,,,,,,,,,,,,,,
10,3,,,,,,,,,,,,,,,,,,,,,,,,,,,,,,,,,,,,,,,,,,,,,,
10,4,,,,,,,,,,,,,,,,,,,,,,,,,,,,,,,,,,,,,,,,,,,,,,
10,5,,,,,,,,,,,,,,,,,,,,,,,,,,,,,,,,,,,,,,,,,,,,,,
10,6,,,,,,,,,,,,,,,,,,,,,,,,,,,,,,,,,,,,,,,,,,,,,,
10,7,,,,,,,,,,,,,,,,,,,,,,,,,,,,,,,,,,,,,,,,,,,,,,
10,8,Intersection,2 thru 3,,,,,,,,,,,,,,,,,,,,,,,,,,,,,,,,,,,,,,,,,,,,
10,9,,,,,,,,,,,,,,,,,,,,,,,,,,,,,,,,,,,,,,,,,,,,,,
10,10,,,,,,,,,,,,,,,,,,,,,,,,,,,,,,,,,,,,,,,,,,,,,,
10,11,,,,,,,,,,,,,,,,,,,,,,,,,,,,,,,,,,,,,,,,,,,,,,
10,Final,,,,,,,,,,,,,,,,,,,,,,,,,,,,,,,,,,,,,,,,,,,,,,
11,1,,,,,,,,,,,,,,,,,,,,,,,,,,,,,,,,,,,,,,,,,,,,,,
11,2,,,,,,,,,,,,,,,,,,,,,,,,,,,,,,,,,,,,,,,,,,,,,,
11,3,,,,,,,,,,,,,,,,,,,,,,,,,,,,,,,,,,,,,,,,,,,,,,
11,4,,,,,,,,,,,,,,,,,,,,,,,,,,,,,,,,,,,,,,,,,,,,,,
11,5,,,,,,,,,,,,,,,,,,,,,,,,,,,,,,,,,,,,,,,,,,,,,,
11,6,,,,,,,,,,,,,,,,,,,,,,,,,,,,,,,,,,,,,,,,,,,,,,
11,7,,,,,,,,,,,,,,,,,,,,,,,,,,,,,,,,,,,,,,,,,,,,,,
11,8,Intersection,3 thru 4,,,,,,,,,,,,,,,,,,,,,,,,,,,,,,,,,,,,,,,,,,,,
11,9,Yield,3,,,,,,,,,,,,,,,,,,,,,,,,,,,,,,,,,,,,,,,,,,,,
11,10,,,,,,,,,,,,,,,,,,,,,,,,,,,,,,,,,,,,,,,,,,,,,,
11,11,Yield,3,,,,,,,,,,,,,,,,,,,,,,,,,,,,,,,,,,,,,,,,,,,,
11,12,,,,,,,,,,,,,,,,,,,,,,,,,,,,,,,,,,,,,,,,,,,,,,
11,Final,,,,,,,,,,,,,,,,,,,,,,,,,,,,,,,,,,,,,,,,,,,,,,
12,1,,,,,,,,,,,,,,,,,,,,,,,,,,,,,,,,,,,,,,,,,,,,,,
12,2,,,,,,,,,,,,,,,,,,,,,,,,,,,,,,,,,,,,,,,,,,,,,,
12,3,,,,,,,,,,,,,,,,,,,,,,,,,,,,,,,,,,,,,,,,,,,,,,
12,4,U-Turn,5,,,,,,,,,,,,,,,,,,,,,,,,,,,,,,,,,,,,,,,,,,,,
12,5,,,,,,,,,,,,,,,,,,,,,,,,,,,,,,,,,,,,,,,,,,,,,,
12,6,,,,,,,,,,,,,,,,,,,,,,,,,,,,,,,,,,,,,,,,,,,,,,
12,7,,,,,,,,,,,,,,,,,,,,,,,,,,,,,,,,,,,,,,,,,,,,,,
12,8,U-Turn,6,,,,,,,,,,,,,,,,,,,,,,,,,,,,,,,,,,,,,,,,,,,,
12,9,,,,,,,,,,,,,,,,,,,,,,,,,,,,,,,,,,,,,,,,,,,,,,
12,10,,,,,,,,,,,,,,,,,,,,,,,,,,,,,,,,,,,,,,,,,,,,,,
12,Final,,,,,,,,,,,,,,,,,,,,,,,,,,,,,,,,,,,,,,,,,,,,,,
13,1,,,,,,,,,,,,,,,,,,,,,,,,,,,,,,,,,,,,,,,,,,,,,,
13,2,,,,,,,,,,,,,,,,,,,,,,,,,,,,,,,,,,,,,,,,,,,,,,
13,3,U-Turn,4,,,,,,,,,,,,,,,,,,,,,,,,,,,,,,,,,,,,,,,,,,,,
13,4,,,,,,,,,,,,,,,,,,,,,,,,,,,,,,,,,,,,,,,,,,,,,,
13,5,,,,,,,,,,,,,,,,,,,,,,,,,,,,,,,,,,,,,,,,,,,,,,
13,6,,,,,,,,,,,,,,,,,,,,,,,,,,,,,,,,,,,,,,,,,,,,,,
13,7,,,,,,,,,,,,,,,,,,,,,,,,,,,,,,,,,,,,,,,,,,,,,,
13,8,,,,,,,,,,,,,,,,,,,,,,,,,,,,,,,,,,,,,,,,,,,,,,
13,9,,,,,,,,,,,,,,,,,,,,,,,,,,,,,,,,,,,,,,,,,,,,,,
13,10,,,,,,,,,,,,,,,,,,,,,,,,,,,,,,,,,,,,,,,,,,,,,,
13,Final,,,,,,,,,,,,,,,,,,,,,,,,,,,,,,,,,,,,,,,,,,,,,,
14,1,,,,,,,,,,,,,,,,,,,,,,,,,,,,,,,,,,,,,,,,,,,,,,
14,2,,,,,,,,,,,,,,,,,,,,,,,,,,,,,,,,,,,,,,,,,,,,,,
14,3,U-Turn,4,,,,,,,,,,,,,,,,,,,,,,,,,,,,,,,,,,,,,,,,,,,,
14,4,,,,,,,,,,,,,,,,,,,,,,,,,,,,,,,,,,,,,,,,,,,,,,
14,5,,,,,,,,,,,,,,,,,,,,,,,,,,,,,,,,,,,,,,,,,,,,,,
14,6,,,,,,,,,,,,,,,,,,,,,,,,,,,,,,,,,,,,,,,,,,,,,,
14,7,,,,,,,,,,,,,,,,,,,,,,,,,,,,,,,,,,,,,,,,,,,,,,
14,8,,,,,,,,,,,,,,,,,,,,,,,,,,,,,,,,,,,,,,,,,,,,,,
14,9,,,,,,,,,,,,,,,,,,,,,,,,,,,,,,,,,,,,,,,,,,,,,,
14,10,,,,,,,,,,,,,,,,,,,,,,,,,,,,,,,,,,,,,,,,,,,,,,
14,11,U-Turn,6,,,,,,,,,,,,,,,,,,,,,,,,,,,,,,,,,,,,,,,,,,,,
14,Final,,,,,,,,,,,,,,,,,,,,,,,,,,,,,,,,,,,,,,,,,,,,,,
15,1,,,,,,,,,,,,,,,,,,,,,,,,,,,,,,,,,,,,,,,,,,,,,,
15,2,,,,,,,,,,,,,,,,,,,,,,,,,,,,,,,,,,,,,,,,,,,,,,
15,3,U-Turn,4,,,,,,,,,,,,,,,,,,,,,,,,,,,,,,,,,,,,,,,,,,,,
15,4,,,,,,,,,,,,,,,,,,,,,,,,,,,,,,,,,,,,,,,,,,,,,,
15,5,,,,,,,,,,,,,,,,,,,,,,,,,,,,,,,,,,,,,,,,,,,,,,
15,6,,,,,,,,,,,,,,,,,,,,,,,,,,,,,,,,,,,,,,,,,,,,,,
15,7,,,,,,,,,,,,,,,,,,,,,,,,,,,,,,,,,,,,,,,,,,,,,,
15,8,,,,,,,,,,,,,,,,,,,,,,,,,,,,,,,,,,,,,,,,,,,,,,
15,9,,,,,,,,,,,,,,,,,,,,,,,,,,,,,,,,,,,,,,,,,,,,,,
15,10,U-Turn,4,,,,,,,,,,,,,,,,,,,,,,,,,,,,,,,,,,,,,,,,,,,,
15,11,,,,,,,,,,,,,,,,,,,,,,,,,,,,,,,,,,,,,,,,,,,,,,
15,Final,,,,,,,,,,,,,,,,,,,,,,,,,,,,,,,,,,,,,,,,,,,,,,
16,1,,,,,,,,,,,,,,,,,,,,,,,,,,,,,,,,,,,,,,,,,,,,,,
16,2,,,,,,,,,,,,,,,,,,,,,,,,,,,,,,,,,,,,,,,,,,,,,,
16,3,,,,,,,,,,,,,,,,,,,,,,,,,,,,,,,,,,,,,,,,,,,,,,
16,4,Intersection,2,,,,,,,,,,,,,,,,,,,,,,,,,,,,,,,,,,,,,,,,,,,,
16,5,U-Turn,6,,,,,,,,,,,,,,,,,,,,,,,,,,,,,,,,,,,,,,,,,,,,
16,6,,,,,,,,,,,,,,,,,,,,,,,,,,,,,,,,,,,,,,,,,,,,,,
16,7,,,,,,,,,,,,,,,,,,,,,,,,,,,,,,,,,,,,,,,,,,,,,,
16,8,,,,,,,,,,,,,,,,,,,,,,,,,,,,,,,,,,,,,,,,,,,,,,
16,9,,,,,,,,,,,,,,,,,,,,,,,,,,,,,,,,,,,,,,,,,,,,,,
16,10,,,,,,,,,,,,,,,,,,,,,,,,,,,,,,,,,,,,,,,,,,,,,,
16,11,,,,,,,,,,,,,,,,,,,,,,,,,,,,,,,,,,,,,,,,,,,,,,
16,Final,,,,,,,,,,,,,,,,,,,,,,,,,,,,,,,,,,,,,,,,,,,,,,
17,1,Express Pass,5,,,,,,,,,,,,,,,,,,,,,,,,,,,,,,,,,,,,,,,,,,,,
17,2,,,,,,,,,,,,,,,,,,,,,,,,,,,,,,,,,,,,,,,,,,,,,,
17,3,,,,,,,,,,,,,,,,,,,,,,,,,,,,,,,,,,,,,,,,,,,,,,
17,4,,,,,,,,,,,,,,,,,,,,,,,,,,,,,,,,,,,,,,,,,,,,,,
17,5,,,,,,,,,,,,,,,,,,,,,,,,,,,,,,,,,,,,,,,,,,,,,,
17,6,,,,,,,,,,,,,,,,,,,,,,,,,,,,,,,,,,,,,,,,,,,,,,
17,7,,,,,,,,,,,,,,,,,,,,,,,,,,,,,,,,,,,,,,,,,,,,,,
17,8,,,,,,,,,,,,,,,,,,,,,,,,,,,,,,,,,,,,,,,,,,,,,,
17,9,Double U-Turn,4,,,,,,,,,,,,,,,,,,,,,,,,,,,,,,,,,,,,,,,,,,,,
17,10,,,,,,,,,,,,,,,,,,,,,,,,,,,,,,,,,,,,,,,,,,,,,,
17,11,,,,,,,,,,,,,,,,,,,,,,,,,,,,,,,,,,,,,,,,,,,,,,
17,Final,,,,,,,,,,,,,,,,,,,,,,,,,,,,,,,,,,,,,,,,,,,,,,
18,1,Express Pass,5,,,,,,,,,,,,,,,,,,,,,,,,,,,,,,,,,,,,,,,,,,,,
18,2,,,,,,,,,,,,,,,,,,,,,,,,,,,,,,,,,,,,,,,,,,,,,,
18,3,,,,,,,,,,,,,,,,,,,,,,,,,,,,,,,,,,,,,,,,,,,,,,
18,4,,,,,,,,,,,,,,,,,,,,,,,,,,,,,,,,,,,,,,,,,,,,,,
18,5,Double U-Turn,5,,,,,,,,,,,,,,,,,,,,,,,,,,,,,,,,,,,,,,,,,,,,
18,6,,,,,,,,,,,,,,,,,,,,,,,,,,,,,,,,,,,,,,,,,,,,,,
18,7,,,,,,,,,,,,,,,,,,,,,,,,,,,,,,,,,,,,,,,,,,,,,,
18,8,,,,,,,,,,,,,,,,,,,,,,,,,,,,,,,,,,,,,,,,,,,,,,
18,9,Double U-Turn,7,,,,,,,,,,,,,,,,,,,,,,,,,,,,,,,,,,,,,,,,,,,,
18,10,,,,,,,,,,,,,,,,,,,,,,,,,,,,,,,,,,,,,,,,,,,,,,
18,11,,,,,,,,,,,,,,,,,,,,,,,,,,,,,,,,,,,,,,,,,,,,,,
18,Final,,,,,,,,,,,,,,,,,,,,,,,,,,,,,,,,,,,,,,,,,,,,,,
19,1,Express Pass,8,,,,,,,,,,,,,,,,,,,,,,,,,,,,,,,,,,,,,,,,,,,,
19,2,,,,,,,,,,,,,,,,,,,,,,,,,,,,,,,,,,,,,,,,,,,,,,
19,3,,,,,,,,,,,,,,,,,,,,,,,,,,,,,,,,,,,,,,,,,,,,,,
19,4,,,,,,,,,,,,,,,,,,,,,,,,,,,,,,,,,,,,,,,,,,,,,,
19,5,,,,,,,,,,,,,,,,,,,,,,,,,,,,,,,,,,,,,,,,,,,,,,
19,6,,,,,,,,,,,,,,,,,,,,,,,,,,,,,,,,,,,,,,,,,,,,,,
19,7,Double U-Turn,5,,,,,,,,,,,,,,,,,,,,,,,,,,,,,,,,,,,,,,,,,,,,
19,8,Double U-Turn,7,,,,,,,,,,,,,,,,,,,,,,,,,,,,,,,,,,,,,,,,,,,,
19,9,,,,,,,,,,,,,,,,,,,,,,,,,,,,,,,,,,,,,,,,,,,,,,
19,10,,,,,,,,,,,,,,,,,,,,,,,,,,,,,,,,,,,,,,,,,,,,,,
19,11,,,,,,,,,,,,,,,,,,,,,,,,,,,,,,,,,,,,,,,,,,,,,,
19,Final,,,,,,,,,,,,,,,,,,,,,,,,,,,,,,,,,,,,,,,,,,,,,,
20,1,Express Pass,6,,,,,,,,,,,,,,,,,,,,,,,,,,,,,,,,,,,,,,,,,,,,
20,2,,,,,,,,,,,,,,,,,,,,,,,,,,,,,,,,,,,,,,,,,,,,,,
20,3,,,,,,,,,,,,,,,,,,,,,,,,,,,,,,,,,,,,,,,,,,,,,,
20,4,,,,,,,,,,,,,,,,,,,,,,,,,,,,,,,,,,,,,,,,,,,,,,
20,5,,,,,,,,,,,,,,,,,,,,,,,,,,,,,,,,,,,,,,,,,,,,,,
20,6,,,,,,,,,,,,,,,,,,,,,,,,,,,,,,,,,,,,,,,,,,,,,,
20,7,,,,,,,,,,,,,,,,,,,,,,,,,,,,,,,,,,,,,,,,,,,,,,
20,8,Double U-Turn,4,,,,,,,,,,,,,,,,,,,,,,,,,,,,,,,,,,,,,,,,,,,,
20,9,,,,,,,,,,,,,,,,,,,,,,,,,,,,,,,,,,,,,,,,,,,,,,
20,10,,,,,,,,,,,,,,,,,,,,,,,,,,,,,,,,,,,,,,,,,,,,,,
20,11,,,,,,,,,,,,,,,,,,,,,,,,,,,,,,,,,,,,,,,,,,,,,,
20,Final,,,,,,,,,,,,,,,,,,,,,,,,,,,,,,,,,,,,,,,,,,,,,,
21,1,,,,,,,,,,,,,,,,,,,,,,,,,,,,,,,,,,,,,,,,,,,,,,
21,2,Express Pass,7,,,,,,,,,,,,,,,,,,,,,,,,,,,,,,,,,,,,,,,,,,,,
21,3,Double U-Turn,6,,,,,,,,,,,,,,,,,,,,,,,,,,,,,,,,,,,,,,,,,,,,
21,4,,,,,,,,,,,,,,,,,,,,,,,,,,,,,,,,,,,,,,,,,,,,,,
21,5,,,,,,,,,,,,,,,,,,,,,,,,,,,,,,,,,,,,,,,,,,,,,,
21,6,,,,,,,,,,,,,,,,,,,,,,,,,,,,,,,,,,,,,,,,,,,,,,
21,7,,,,,,,,,,,,,,,,,,,,,,,,,,,,,,,,,,,,,,,,,,,,,,
21,8,,,,,,,,,,,,,,,,,,,,,,,,,,,,,,,,,,,,,,,,,,,,,,
21,9,Double U-Turn,5,,,,,,,,,,,,,,,,,,,,,,,,,,,,,,,,,,,,,,,,,,,,
21,10,,,,,,,,,,,,,,,,,,,,,,,,,,,,,,,,,,,,,,,,,,,,,,
21,11,,,,,,,,,,,,,,,,,,,,,,,,,,,,,,,,,,,,,,,,,,,,,,
21,Final,,,,,,,,,,,,,,,,,,,,,,,,,,,,,,,,,,,,,,,,,,,,,,
22,1,Express Pass,7,,,,,,,,,,,,,,,,,,,,,,,,,,,,,,,,,,,,,,,,,,,,
22,2,,,,,,,,,,,,,,,,,,,,,,,,,,,,,,,,,,,,,,,,,,,,,,
22,3,,,,,,,,,,,,,,,,,,,,,,,,,,,,,,,,,,,,,,,,,,,,,,
22,4,,,,,,,,,,,,,,,,,,,,,,,,,,,,,,,,,,,,,,,,,,,,,,
22,5,Double U-Turn,5,,,,,,,,,,,,,,,,,,,,,,,,,,,,,,,,,,,,,,,,,,,,
22,6,,,,,,,,,,,,,,,,,,,,,,,,,,,,,,,,,,,,,,,,,,,,,,
22,7,,,,,,,,,,,,,,,,,,,,,,,,,,,,,,,,,,,,,,,,,,,,,,
22,8,,,,,,,,,,,,,,,,,,,,,,,,,,,,,,,,,,,,,,,,,,,,,,
22,9,,,,,,,,,,,,,,,,,,,,,,,,,,,,,,,,,,,,,,,,,,,,,,
22,10,Double U-Turn,7,,,,,,,,,,,,,,,,,,,,,,,,,,,,,,,,,,,,,,,,,,,,
22,11,,,,,,,,,,,,,,,,,,,,,,,,,,,,,,,,,,,,,,,,,,,,,,
22,Final,,,,,,,,,,,,,,,,,,,,,,,,,,,,,,,,,,,,,,,,,,,,,,
23,1,Express Pass,6,,,,,,,,,,,,,,,,,,,,,,,,,,,,,,,,,,,,,,,,,,,,
23,2,,,,,,,,,,,,,,,,,,,,,,,,,,,,,,,,,,,,,,,,,,,,,,
23,3,,,,,,,,,,,,,,,,,,,,,,,,,,,,,,,,,,,,,,,,,,,,,,
23,4,,,,,,,,,,,,,,,,,,,,,,,,,,,,,,,,,,,,,,,,,,,,,,
23,5,Double U-Turn,4,,,,,,,,,,,,,,,,,,,,,,,,,,,,,,,,,,,,,,,,,,,,
23,6,,,,,,,,,,,,,,,,,,,,,,,,,,,,,,,,,,,,,,,,,,,,,,
23,7,,,,,,,,,,,,,,,,,,,,,,,,,,,,,,,,,,,,,,,,,,,,,,
23,8,Double U-Turn,6,,,,,,,,,,,,,,,,,,,,,,,,,,,,,,,,,,,,,,,,,,,,
23,9,,,,,,,,,,,,,,,,,,,,,,,,,,,,,,,,,,,,,,,,,,,,,,
23,10,,,,,,,,,,,,,,,,,,,,,,,,,,,,,,,,,,,,,,,,,,,,,,
23,11,,,,,,,,,,,,,,,,,,,,,,,,,,,,,,,,,,,,,,,,,,,,,,
23,Final,,,,,,,,,,,,,,,,,,,,,,,,,,,,,,,,,,,,,,,,,,,,,,
24,1,Express Pass,6,,,,,,,,,,,,,,,,,,,,,,,,,,,,,,,,,,,,,,,,,,,,
24,2,,,,,,,,,,,,,,,,,,,,,,,,,,,,,,,,,,,,,,,,,,,,,,
24,3,,,,,,,,,,,,,,,,,,,,,,,,,,,,,,,,,,,,,,,,,,,,,,
24,4,,,,,,,,,,,,,,,,,,,,,,,,,,,,,,,,,,,,,,,,,,,,,,
24,5,,,,,,,,,,,,,,,,,,,,,,,,,,,,,,,,,,,,,,,,,,,,,,
24,6,,,,,,,,,,,,,,,,,,,,,,,,,,,,,,,,,,,,,,,,,,,,,,
24,7,,,,,,,,,,,,,,,,,,,,,,,,,,,,,,,,,,,,,,,,,,,,,,
24,8,Double U-Turn,4,,,,,,,,,,,,,,,,,,,,,,,,,,,,,,,,,,,,,,,,,,,,
24,9,,,,,,,,,,,,,,,,,,,,,,,,,,,,,,,,,,,,,,,,,,,,,,
24,10,Double U-Turn,7,,,,,,,,,,,,,,,,,,,,,,,,,,,,,,,,,,,,,,,,,,,,
24,11,,,,,,,,,,,,,,,,,,,,,,,,,,,,,,,,,,,,,,,,,,,,,,
24,Final,,,,,,,,,,,,,,,,,,,,,,,,,,,,,,,,,,,,,,,,,,,,,,
25,1,Save,6,,,,,,,,,,,,,,,,,,,,,,,,,,,,,,,,,,,,,,,,,,,,
25,2,Express Pass,6,,,,,,,,,,,,,,,,,,,,,,,,,,,,,,,,,,,,,,,,,,,,
25,3,,,,,,,,,,,,,,,,,,,,,,,,,,,,,,,,,,,,,,,,,,,,,,
25,4,,,,,,,,,,,,,,,,,,,,,,,,,,,,,,,,,,,,,,,,,,,,,,
25,5,Double U-Turn,9,,,,,,,,,,,,,,,,,,,,,,,,,,,,,,,,,,,,,,,,,,,,
25,6,,,,,,,,,,,,,,,,,,,,,,,,,,,,,,,,,,,,,,,,,,,,,,
25,7,,,,,,,,,,,,,,,,,,,,,,,,,,,,,,,,,,,,,,,,,,,,,,
25,8,,,,,,,,,,,,,,,,,,,,,,,,,,,,,,,,,,,,,,,,,,,,,,
25,9,Double U-Turn,7,,,,,,,,,,,,,,,,,,,,,,,,,,,,,,,,,,,,,,,,,,,,
25,10,,,,,,,,,,,,,,,,,,,,,,,,,,,,,,,,,,,,,,,,,,,,,,
25,11,,,,,,,,,,,,,,,,,,,,,,,,,,,,,,,,,,,,,,,,,,,,,,
25,Final,,,,,,,,,,,,,,,,,,,,,,,,,,,,,,,,,,,,,,,,,,,,,,
26,1,"Double U-Turn
Express Pass",4,,,,,,,,,,,,,,,,,,,,,,,,,,,,,,,,,,,,,,,,,,,,
26,2,,,,,,,,,,,,,,,,,,,,,,,,,,,,,,,,,,,,,,,,,,,,,,
26,3,Save,3,,,,,,,,,,,,,,,,,,,,,,,,,,,,,,,,,,,,,,,,,,,,
26,4,,,,,,,,,,,,,,,,,,,,,,,,,,,,,,,,,,,,,,,,,,,,,,
26,5,,,,,,,,,,,,,,,,,,,,,,,,,,,,,,,,,,,,,,,,,,,,,,
26,6,,,,,,,,,,,,,,,,,,,,,,,,,,,,,,,,,,,,,,,,,,,,,,
26,7,,,,,,,,,,,,,,,,,,,,,,,,,,,,,,,,,,,,,,,,,,,,,,
26,8,Double U-Turn,5,,,,,,,,,,,,,,,,,,,,,,,,,,,,,,,,,,,,,,,,,,,,
26,9,,,,,,,,,,,,,,,,,,,,,,,,,,,,,,,,,,,,,,,,,,,,,,
26,10,,,,,,,,,,,,,,,,,,,,,,,,,,,,,,,,,,,,,,,,,,,,,,
26,11,,,,,,,,,,,,,,,,,,,,,,,,,,,,,,,,,,,,,,,,,,,,,,
26,Final,,,,,,,,,,,,,,,,,,,,,,,,,,,,,,,,,,,,,,,,,,,,,,
27,1,Express Pass,5,,,,,,,,,,,,,,,,,,,,,,,,,,,,,,,,,,,,,,,,,,,,
27,2,,,,,,,,,,,,,,,,,,,,,,,,,,,,,,,,,,,,,,,,,,,,,,
27,3,,,,,,,,,,,,,,,,,,,,,,,,,,,,,,,,,,,,,,,,,,,,,,
27,4,Double U-Turn,6,,,,,,,,,,,,,,,,,,,,,,,,,,,,,,,,,,,,,,,,,,,,
27,5,,,,,,,,,,,,,,,,,,,,,,,,,,,,,,,,,,,,,,,,,,,,,,
27,6,,,,,,,,,,,,,,,,,,,,,,,,,,,,,,,,,,,,,,,,,,,,,,
27,7,,,,,,,,,,,,,,,,,,,,,,,,,,,,,,,,,,,,,,,,,,,,,,
27,8,,,,,,,,,,,,,,,,,,,,,,,,,,,,,,,,,,,,,,,,,,,,,,
27,9,U-Turn,6,,,,,,,,,,,,,,,,,,,,,,,,,,,,,,,,,,,,,,,,,,,,
27,10,U-Turn,4,,,,,,,,,,,,,,,,,,,,,,,,,,,,,,,,,,,,,,,,,,,,
27,11,,,,,,,,,,,,,,,,,,,,,,,,,,,,,,,,,,,,,,,,,,,,,,
27,Final,,,,,,,,,,,,,,,,,,,,,,,,,,,,,,,,,,,,,,,,,,,,,,
28,1,,,,,,,,,,,,,,,,,,,,,,,,,,,,,,,,,,,,,,,,,,,,,,
28,2,,,,,,,,,,,,,,,,,,,,,,,,,,,,,,,,,,,,,,,,,,,,,,
28,3,,,,,,,,,,,,,,,,,,,,,,,,,,,,,,,,,,,,,,,,,,,,,,
28,4,,,,,,,,,,,,,,,,,,,,,,,,,,,,,,,,,,,,,,,,,,,,,,
28,5,,,,,,,,,,,,,,,,,,,,,,,,,,,,,,,,,,,,,,,,,,,,,,
28,6,Express Pass,7,,,,,,,,,,,,,,,,,,,,,,,,,,,,,,,,,,,,,,,,,,,,
28,7,,,,,,,,,,,,,,,,,,,,,,,,,,,,,,,,,,,,,,,,,,,,,,
28,8,,,,,,,,,,,,,,,,,,,,,,,,,,,,,,,,,,,,,,,,,,,,,,
28,9,,,,,,,,,,,,,,,,,,,,,,,,,,,,,,,,,,,,,,,,,,,,,,
28,10,Double U-Turn,5,,,,,,,,,,,,,,,,,,,,,,,,,,,,,,,,,,,,,,,,,,,,
28,11,,,,,,,,,,,,,,,,,,,,,,,,,,,,,,,,,,,,,,,,,,,,,,
28,Final,,,,,,,,,,,,,,,,,,,,,,,,,,,,,,,,,,,,,,,,,,,,,,
29,1,,,,,,,,,,,,,,,,,,,,,,,,,,,,,,,,,,,,,,,,,,,,,,
29,2,,,,,,,,,,,,,,,,,,,,,,,,,,,,,,,,,,,,,,,,,,,,,,
29,3,Double U-Turn,3,,,,,,,,,,,,,,,,,,,,,,,,,,,,,,,,,,,,,,,,,,,,
29,4,,,,,,,,,,,,,,,,,,,,,,,,,,,,,,,,,,,,,,,,,,,,,,
29,5,Double U-Turn,5,,,,,,,,,,,,,,,,,,,,,,,,,,,,,,,,,,,,,,,,,,,,
29,6,,,,,,,,,,,,,,,,,,,,,,,,,,,,,,,,,,,,,,,,,,,,,,
29,7,,,,,,,,,,,,,,,,,,,,,,,,,,,,,,,,,,,,,,,,,,,,,,
29,8,U-Turn,2,,,,,,,,,,,,,,,,,,,,,,,,,,,,,,,,,,,,,,,,,,,,
29,9,,,,,,,,,,,,,,,,,,,,,,,,,,,,,,,,,,,,,,,,,,,,,,
29,10,,,,,,,,,,,,,,,,,,,,,,,,,,,,,,,,,,,,,,,,,,,,,,
29,11,,,,,,,,,,,,,,,,,,,,,,,,,,,,,,,,,,,,,,,,,,,,,,
29,Final,Scramble,4,,,,,,,,,,,,,,,,,,,,,,,,,,,,,,,,,,,,,,,,,,,,
30,1,,,,,,,,,,,,,,,,,,,,,,,,,,,,,,,,,,,,,,,,,,,,,,
30,2,Head-to-Head,4,,,,,,,,,,,,,,,,,,,,,,,,,,,,,,,,,,,,,,,,,,,,
30,3,,,,,,,,,,,,,,,,,,,,,,,,,,,,,,,,,,,,,,,,,,,,,,
30,4,Head-to-Head,5,,,,,,,,,,,,,,,,,,,,,,,,,,,,,,,,,,,,,,,,,,,,
30,5,,,,,,,,,,,,,,,,,,,,,,,,,,,,,,,,,,,,,,,,,,,,,,
30,6,Double U-Turn,2,,,,,,,,,,,,,,,,,,,,,,,,,,,,,,,,,,,,,,,,,,,,
30,7,Partner Swap ,2 thru 5,,,,,,,,,,,,,,,,,,,,,,,,,,,,,,,,,,,,,,,,,,,,
30,8,Double U-Turn,2,,,,,,,,,,,,,,,,,,,,,,,,,,,,,,,,,,,,,,,,,,,,
30,9,,,,,,,,,,,,,,,,,,,,,,,,,,,,,,,,,,,,,,,,,,,,,,
30,10,,,,,,,,,,,,,,,,,,,,,,,,,,,,,,,,,,,,,,,,,,,,,,
30,11,,,,,,,,,,,,,,,,,,,,,,,,,,,,,,,,,,,,,,,,,,,,,,
30,Final,,,,,,,,,,,,,,,,,,,,,,,,,,,,,,,,,,,,,,,,,,,,,,
31,1,,,,,,,,,,,,,,,,,,,,,,,,,,,,,,,,,,,,,,,,,,,,,,
31,2,Double U-Turn,4,,,,,,,,,,,,,,,,,,,,,,,,,,,,,,,,,,,,,,,,,,,,
31,3,,,,,,,,,,,,,,,,,,,,,,,,,,,,,,,,,,,,,,,,,,,,,,
31,4,Head-to-Head,7,,,,,,,,,,,,,,,,,,,,,,,,,,,,,,,,,,,,,,,,,,,,
31,5,,,,,,,,,,,,,,,,,,,,,,,,,,,,,,,,,,,,,,,,,,,,,,
31,6,Head-to-Head,8,,,,,,,,,,,,,,,,,,,,,,,,,,,,,,,,,,,,,,,,,,,,
31,7,,,,,,,,,,,,,,,,,,,,,,,,,,,,,,,,,,,,,,,,,,,,,,
31,8,Double U-Turn,3,,,,,,,,,,,,,,,,,,,,,,,,,,,,,,,,,,,,,,,,,,,,
31,9,,,,,,,,,,,,,,,,,,,,,,,,,,,,,,,,,,,,,,,,,,,,,,
31,10,Double U-Turn,4,,,,,,,,,,,,,,,,,,,,,,,,,,,,,,,,,,,,,,,,,,,,
31,11,,,,,,,,,,,,,,,,,,,,,,,,,,,,,,,,,,,,,,,,,,,,,,
31,Final,,,,,,,,,,,,,,,,,,,,,,,,,,,,,,,,,,,,,,,,,,,,,,
32,1,,,,,,,,,,,,,,,,,,,,,,,,,,,,,,,,,,,,,,,,,,,,,,
32,2,Yield,4,,,,,,,,,,,,,,,,,,,,,,,,,,,,,,,,,,,,,,,,,,,,
32,3,Double U-Turn,5,,,,,,,,,,,,,,,,,,,,,,,,,,,,,,,,,,,,,,,,,,,,
32,4,Yield ,3,,,,,,,,,,,,,,,,,,,,,,,,,,,,,,,,,,,,,,,,,,,,
32,5,Yield,5,,,,,,,,,,,,,,,,,,,,,,,,,,,,,,,,,,,,,,,,,,,,
32,6,Yield,4,,,,,,,,,,,,,,,,,,,,,,,,,,,,,,,,,,,,,,,,,,,,
32,7,Yield ,4,,,,,,,,,,,,,,,,,,,,,,,,,,,,,,,,,,,,,,,,,,,,
32,8,Yield,5 and 10,,,,,,,,,,,,,,,,,,,,,,,,,,,,,,,,,,,,,,,,,,,,
32,9,Double U-Turn,6,,,,,,,,,,,,,,,,,,,,,,,,,,,,,,,,,,,,,,,,,,,,
32,10,,,,,,,,,,,,,,,,,,,,,,,,,,,,,,,,,,,,,,,,,,,,,,
32,Final,,,,,,,,,,,,,,,,,,,,,,,,,,,,,,,,,,,,,,,,,,,,,,
33,1,,,,,,,,,,,,,,,,,,,,,,,,,,,,,,,,,,,,,,,,,,,,,,
33,2,,,,,,,,,,,,,,,,,,,,,,,,,,,,,,,,,,,,,,,,,,,,,,
33,3,,,,,,,,,,,,,,,,,,,,,,,,,,,,,,,,,,,,,,,,,,,,,,
33,4,,,,,,,,,,,,,,,,,,,,,,,,,,,,,,,,,,,,,,,,,,,,,,
33,5,,,,,,,,,,,,,,,,,,,,,,,,,,,,,,,,,,,,,,,,,,,,,,
33,6,,,,,,,,,,,,,,,,,,,,,,,,,,,,,,,,,,,,,,,,,,,,,,
33,7,,,,,,,,,,,,,,,,,,,,,,,,,,,,,,,,,,,,,,,,,,,,,,
33,8,,,,,,,,,,,,,,,,,,,,,,,,,,,,,,,,,,,,,,,,,,,,,,
33,9,,,,,,,,,,,,,,,,,,,,,,,,,,,,,,,,,,,,,,,,,,,,,,
33,10,,,,,,,,,,,,,,,,,,,,,,,,,,,,,,,,,,,,,,,,,,,,,,
33,Final,,,,,,,,,,,,,,,,,,,,,,,,,,,,,,,,,,,,,,,,,,,,,,
34,1,Scramble,2 thru 4,,,,,,,,,,,,,,,,,,,,,,,,,,,,,,,,,,,,,,,,,,,,
34,2,,,,,,,,,,,,,,,,,,,,,,,,,,,,,,,,,,,,,,,,,,,,,,
34,3,,,,,,,,,,,,,,,,,,,,,,,,,,,,,,,,,,,,,,,,,,,,,,
34,4,,,,,,,,,,,,,,,,,,,,,,,,,,,,,,,,,,,,,,,,,,,,,,
34,5,,,,,,,,,,,,,,,,,,,,,,,,,,,,,,,,,,,,,,,,,,,,,,
34,6,,,,,,,,,,,,,,,,,,,,,,,,,,,,,,,,,,,,,,,,,,,,,,
34,7,,,,,,,,,,,,,,,,,,,,,,,,,,,,,,,,,,,,,,,,,,,,,,
34,8,,,,,,,,,,,,,,,,,,,,,,,,,,,,,,,,,,,,,,,,,,,,,,
34,9,,,,,,,,,,,,,,,,,,,,,,,,,,,,,,,,,,,,,,,,,,,,,,
34,Final,,,,,,,,,,,,,,,,,,,,,,,,,,,,,,,,,,,,,,,,,,,,,,
35,1,Express Pass,4,,,,,,,,,,,,,,,,,,,,,,,,,,,,,,,,,,,,,,,,,,,,
35,2,,,,,,,,,,,,,,,,,,,,,,,,,,,,,,,,,,,,,,,,,,,,,,
35,3,,,,,,,,,,,,,,,,,,,,,,,,,,,,,,,,,,,,,,,,,,,,,,
35,4,,,,,,,,,,,,,,,,,,,,,,,,,,,,,,,,,,,,,,,,,,,,,,
35,5,,,,,,,,,,,,,,,,,,,,,,,,,,,,,,,,,,,,,,,,,,,,,,
35,6,U-Turn,4,,,,,,,,,,,,,,,,,,,,,,,,,,,,,,,,,,,,,,,,,,,,
35,7,,,,,,,,,,,,,,,,,,,,,,,,,,,,,,,,,,,,,,,,,,,,,,
35,8,Express Pass,4,,,,,,,,,,,,,,,,,,,,,,,,,,,,,,,,,,,,,,,,,,,,
35,9,,,,,,,,,,,,,,,,,,,,,,,,,,,,,,,,,,,,,,,,,,,,,,
35,10,,,,,,,,,,,,,,,,,,,,,,,,,,,,,,,,,,,,,,,,,,,,,,
35,11,,,,,,,,,,,,,,,,,,,,,,,,,,,,,,,,,,,,,,,,,,,,,,
35,Final,Scramble,3,,,,,,,,,,,,,,,,,,,,,,,,,,,,,,,,,,,,,,,,,,,,
36,1,,,,,,,,,,,,,,,,,,,,,,,,,,,,,,,,,,,,,,,,,,,,,,
36,2,,,,,,,,,,,,,,,,,,,,,,,,,,,,,,,,,,,,,,,,,,,,,,
36,3,,,,,,,,,,,,,,,,,,,,,,,,,,,,,,,,,,,,,,,,,,,,,,
36,4,,,,,,,,,,,,,,,,,,,,,,,,,,,,,,,,,,,,,,,,,,,,,,
36,5,,,,,,,,,,,,,,,,,,,,,,,,,,,,,,,,,,,,,,,,,,,,,,
36,6,,,,,,,,,,,,,,,,,,,,,,,,,,,,,,,,,,,,,,,,,,,,,,
36,7,,,,,,,,,,,,,,,,,,,,,,,,,,,,,,,,,,,,,,,,,,,,,,
36,8,,,,,,,,,,,,,,,,,,,,,,,,,,,,,,,,,,,,,,,,,,,,,,
36,9,,,,,,,,,,,,,,,,,,,,,,,,,,,,,,,,,,,,,,,,,,,,,,
36,10,,,,,,,,,,,,,,,,,,,,,,,,,,,,,,,,,,,,,,,,,,,,,,
36,Final,,,,,,,,,,,,,,,,,,,,,,,,,,,,,,,,,,,,,,,,,,,,,,
37,1,,,,,,,,,,,,,,,,,,,,,,,,,,,,,,,,,,,,,,,,,,,,,,
37,2,Intersection,3,,,,,,,,,,,,,,,,,,,,,,,,,,,,,,,,,,,,,,,,,,,,
37,3,Express Pass,3,,,,,,,,,,,,,,,,,,,,,,,,,,,,,,,,,,,,,,,,,,,,
37,4,Driver's Seat,4,,,,,,,,,,,,,,,,,,,,,,,,,,,,,,,,,,,,,,,,,,,,
37,5,Double U-Turn,1,,,,,,,,,,,,,,,,,,,,,,,,,,,,,,,,,,,,,,,,,,,,
37,6,,,,,,,,,,,,,,,,,,,,,,,,,,,,,,,,,,,,,,,,,,,,,,
37,7,Double U-Turn,7,,,,,,,,,,,,,,,,,,,,,,,,,,,,,,,,,,,,,,,,,,,,
37,8,Express Pass,1,,,,,,,,,,,,,,,,,,,,,,,,,,,,,,,,,,,,,,,,,,,,
37,9,,,,,,,,,,,,,,,,,,,,,,,,,,,,,,,,,,,,,,,,,,,,,,
37,10,Head-to-Head,3,,,,,,,,,,,,,,,,,,,,,,,,,,,,,,,,,,,,,,,,,,,,
37,11,Scramble,6,,,,,,,,,,,,,,,,,,,,,,,,,,,,,,,,,,,,,,,,,,,,
37,Final,Scramble,2 thru 4,,,,,,,,,,,,,,,,,,,,,,,,,,,,,,,,,,,,,,,,,,,,
38,1,Express Pass,2,,,,,,,,,,,,,,,,,,,,,,,,,,,,,,,,,,,,,,,,,,,,
38,2,,,,,,,,,,,,,,,,,,,,,,,,,,,,,,,,,,,,,,,,,,,,,,
38,3,Driver's Seat,2,,,,,,,,,,,,,,,,,,,,,,,,,,,,,,,,,,,,,,,,,,,,
38,4,,,,,,,,,,,,,,,,,,,,,,,,,,,,,,,,,,,,,,,,,,,,,,
38,5,Double U-Turn,4,,,,,,,,,,,,,,,,,,,,,,,,,,,,,,,,,,,,,,,,,,,,
38,6,,,,,,,,,,,,,,,,,,,,,,,,,,,,,,,,,,,,,,,,,,,,,,
38,7,,,,,,,,,,,,,,,,,,,,,,,,,,,,,,,,,,,,,,,,,,,,,,
38,8,,,,,,,,,,,,,,,,,,,,,,,,,,,,,,,,,,,,,,,,,,,,,,
38,9,Double U-Turn,2,,,,,,,,,,,,,,,,,,,,,,,,,,,,,,,,,,,,,,,,,,,,
38,10,,,,,,,,,,,,,,,,,,,,,,,,,,,,,,,,,,,,,,,,,,,,,,
38,11,,,,,,,,,,,,,,,,,,,,,,,,,,,,,,,,,,,,,,,,,,,,,,
38,Final,,,,,,,,,,,,,,,,,,,,,,,,,,,,,,,,,,,,,,,,,,,,,,
,,,,,,,,,,,,,,,,,,,,,,,,,,,,,,,,,,,,,,,,,,,,,,,
,,,,,,,,,,,,,,,,,,,,,,,,,,,,,,,,,,,,,,,,,,,,,,,
Season_Num,Leg_Num,Winning_Team,,,,,,,,,,,,,,,,,,,,,,,,,,,,,,,,,,,,,,,,,,,,,
1,1,Rob & Brennan,,,,,,,,,,,,,,,,,,,,,,,,,,,,,,,,,,,,,,,,,,,,,
1,2,Pat & Brenda,,,,,,,,,,,,,,,,,,,,,,,,,,,,,,,,,,,,,,,,,,,,,
1,3,Kevin & Drew,,,,,,,,,,,,,,,,,,,,,,,,,,,,,,,,,,,,,,,,,,,,,
1,4,Joe & Bill,,,,,,,,,,,,,,,,,,,,,,,,,,,,,,,,,,,,,,,,,,,,,
1,5,Kevin & Drew,,,,,,,,,,,,,,,,,,,,,,,,,,,,,,,,,,,,,,,,,,,,,
1,6,Frank & Margarita,,,,,,,,,,,,,,,,,,,,,,,,,,,,,,,,,,,,,,,,,,,,,
1,7,Frank & Margarita,,,,,,,,,,,,,,,,,,,,,,,,,,,,,,,,,,,,,,,,,,,,,
1,8,Kevin & Drew,,,,,,,,,,,,,,,,,,,,,,,,,,,,,,,,,,,,,,,,,,,,,
1,9,Rob & Brennan,,,,,,,,,,,,,,,,,,,,,,,,,,,,,,,,,,,,,,,,,,,,,
1,10,Rob & Brennan,,,,,,,,,,,,,,,,,,,,,,,,,,,,,,,,,,,,,,,,,,,,,
1,11,Frank & Margarita,,,,,,,,,,,,,,,,,,,,,,,,,,,,,,,,,,,,,,,,,,,,,
1,12,Rob & Brennan,,,,,,,,,,,,,,,,,,,,,,,,,,,,,,,,,,,,,,,,,,,,,
1,Final ,Rob & Brennan,,,,,,,,,,,,,,,,,,,,,,,,,,,,,,,,,,,,,,,,,,,,,
2,1,Tara & Wil,,,,,,,,,,,,,,,,,,,,,,,,,,,,,,,,,,,,,,,,,,,,,
2,2,Shola & Doyin,,,,,,,,,,,,,,,,,,,,,,,,,,,,,,,,,,,,,,,,,,,,,
2,3,Oswald & Danny,,,,,,,,,,,,,,,,,,,,,,,,,,,,,,,,,,,,,,,,,,,,,
2,4,Oswald & Danny,,,,,,,,,,,,,,,,,,,,,,,,,,,,,,,,,,,,,,,,,,,,,
2,5,Chris & Alex,,,,,,,,,,,,,,,,,,,,,,,,,,,,,,,,,,,,,,,,,,,,,
2,6,Mary & Peach,,,,,,,,,,,,,,,,,,,,,,,,,,,,,,,,,,,,,,,,,,,,,
2,7,Gary & Dave,,,,,,,,,,,,,,,,,,,,,,,,,,,,,,,,,,,,,,,,,,,,,
2,8,Oswald & Danny,,,,,,,,,,,,,,,,,,,,,,,,,,,,,,,,,,,,,,,,,,,,,
2,9,Chris & Alex,,,,,,,,,,,,,,,,,,,,,,,,,,,,,,,,,,,,,,,,,,,,,
2,10,Blake & Paige,,,,,,,,,,,,,,,,,,,,,,,,,,,,,,,,,,,,,,,,,,,,,
2,11,Tara & Wil,,,,,,,,,,,,,,,,,,,,,,,,,,,,,,,,,,,,,,,,,,,,,
2,12,"Tara & Wil
Blake & Paige",,,,,,,,,,,,,,,,,,,,,,,,,,,,,,,,,,,,,,,,,,,,,
2,Final ,Chris & Alex,,,,,,,,,,,,,,,,,,,,,,,,,,,,,,,,,,,,,,,,,,,,,
3,1,Ken & Gerard,,,,,,,,,,,,,,,,,,,,,,,,,,,,,,,,,,,,,,,,,,,,,
3,2,Derek & Drew,,,,,,,,,,,,,,,,,,,,,,,,,,,,,,,,,,,,,,,,,,,,,
3,3,Derek & Drew,,,,,,,,,,,,,,,,,,,,,,,,,,,,,,,,,,,,,,,,,,,,,
3,4,Ken & Gerard,,,,,,,,,,,,,,,,,,,,,,,,,,,,,,,,,,,,,,,,,,,,,
3,5,Ken & Gerard,,,,,,,,,,,,,,,,,,,,,,,,,,,,,,,,,,,,,,,,,,,,,
3,6,Teri & Ian,,,,,,,,,,,,,,,,,,,,,,,,,,,,,,,,,,,,,,,,,,,,,
3,7,Flo & Zach,,,,,,,,,,,,,,,,,,,,,,,,,,,,,,,,,,,,,,,,,,,,,
3,8,Derek & Drew,,,,,,,,,,,,,,,,,,,,,,,,,,,,,,,,,,,,,,,,,,,,,
3,9,John Vito & Jill,,,,,,,,,,,,,,,,,,,,,,,,,,,,,,,,,,,,,,,,,,,,,
3,10,Derek & Drew,,,,,,,,,,,,,,,,,,,,,,,,,,,,,,,,,,,,,,,,,,,,,
3,11,Teri & Ian,,,,,,,,,,,,,,,,,,,,,,,,,,,,,,,,,,,,,,,,,,,,,
3,12,Teri & Ian,,,,,,,,,,,,,,,,,,,,,,,,,,,,,,,,,,,,,,,,,,,,,
3,Final,Flo & Zach,,,,,,,,,,,,,,,,,,,,,,,,,,,,,,,,,,,,,,,,,,,,,
4,1,"Millie & Chuck
Steve & Josh
Amanda & Chris",,,,,,,,,,,,,,,,,,,,,,,,,,,,,,,,,,,,,,,,,,,,,
4,2,Steve & Dave,,,,,,,,,,,,,,,,,,,,,,,,,,,,,,,,,,,,,,,,,,,,,
4,3,Steve & Josh,,,,,,,,,,,,,,,,,,,,,,,,,,,,,,,,,,,,,,,,,,,,,
4,4,Tian & Jaree,,,,,,,,,,,,,,,,,,,,,,,,,,,,,,,,,,,,,,,,,,,,,
4,5,Millie & Chuck,,,,,,,,,,,,,,,,,,,,,,,,,,,,,,,,,,,,,,,,,,,,,
4,6,David & Jeff,,,,,,,,,,,,,,,,,,,,,,,,,,,,,,,,,,,,,,,,,,,,,
4,7,David & Jeff,,,,,,,,,,,,,,,,,,,,,,,,,,,,,,,,,,,,,,,,,,,,,
4,8,Jon & Al,,,,,,,,,,,,,,,,,,,,,,,,,,,,,,,,,,,,,,,,,,,,,
4,9,Reichen & Chip,,,,,,,,,,,,,,,,,,,,,,,,,,,,,,,,,,,,,,,,,,,,,
4,10,Kelly & Jon,,,,,,,,,,,,,,,,,,,,,,,,,,,,,,,,,,,,,,,,,,,,,
4,11,David & Jeff,,,,,,,,,,,,,,,,,,,,,,,,,,,,,,,,,,,,,,,,,,,,,
4,12,David & Jeff,,,,,,,,,,,,,,,,,,,,,,,,,,,,,,,,,,,,,,,,,,,,,
4,Final,Reichen & Chip,,,,,,,,,,,,,,,,,,,,,,,,,,,,,,,,,,,,,,,,,,,,,
5,1,Alison & Donny,,,,,,,,,,,,,,,,,,,,,,,,,,,,,,,,,,,,,,,,,,,,,
5,2,Brandon & Nicole,,,,,,,,,,,,,,,,,,,,,,,,,,,,,,,,,,,,,,,,,,,,,
5,3,Colin & Christie,,,,,,,,,,,,,,,,,,,,,,,,,,,,,,,,,,,,,,,,,,,,,
5,4,Chip & Kim,,,,,,,,,,,,,,,,,,,,,,,,,,,,,,,,,,,,,,,,,,,,,
5,5,Colin & Christie,,,,,,,,,,,,,,,,,,,,,,,,,,,,,,,,,,,,,,,,,,,,,
5,6,Colin & Christie,,,,,,,,,,,,,,,,,,,,,,,,,,,,,,,,,,,,,,,,,,,,,
5,7,Chip & Kim,,,,,,,,,,,,,,,,,,,,,,,,,,,,,,,,,,,,,,,,,,,,,
5,8,Colin & Christie,,,,,,,,,,,,,,,,,,,,,,,,,,,,,,,,,,,,,,,,,,,,,
5,9,Colin & Christie,,,,,,,,,,,,,,,,,,,,,,,,,,,,,,,,,,,,,,,,,,,,,
5,10,Colin & Christie,,,,,,,,,,,,,,,,,,,,,,,,,,,,,,,,,,,,,,,,,,,,,
5,11,Chip & Kim,,,,,,,,,,,,,,,,,,,,,,,,,,,,,,,,,,,,,,,,,,,,,
5,12,Brandon & Nicole,,,,,,,,,,,,,,,,,,,,,,,,,,,,,,,,,,,,,,,,,,,,,
5,Final,Chip & Kim,,,,,,,,,,,,,,,,,,,,,,,,,,,,,,,,,,,,,,,,,,,,,
6,1,Hayden & Aaron,,,,,,,,,,,,,,,,,,,,,,,,,,,,,,,,,,,,,,,,,,,,,
6,2,Kris & Jon,,,,,,,,,,,,,,,,,,,,,,,,,,,,,,,,,,,,,,,,,,,,,
6,3,Hayden & Aaron,,,,,,,,,,,,,,,,,,,,,,,,,,,,,,,,,,,,,,,,,,,,,
6,4,Kris & Jon,,,,,,,,,,,,,,,,,,,,,,,,,,,,,,,,,,,,,,,,,,,,,
6,5,Freddy & Kendra,,,,,,,,,,,,,,,,,,,,,,,,,,,,,,,,,,,,,,,,,,,,,
6,6,Lori & Bolo,,,,,,,,,,,,,,,,,,,,,,,,,,,,,,,,,,,,,,,,,,,,,
6,7,Adam & Rebecca,,,,,,,,,,,,,,,,,,,,,,,,,,,,,,,,,,,,,,,,,,,,,
6,8,Hayden & Aaron,,,,,,,,,,,,,,,,,,,,,,,,,,,,,,,,,,,,,,,,,,,,,
6,9,Kris & Jon,,,,,,,,,,,,,,,,,,,,,,,,,,,,,,,,,,,,,,,,,,,,,
6,10,Hayden & Aaron,,,,,,,,,,,,,,,,,,,,,,,,,,,,,,,,,,,,,,,,,,,,,
6,11,Kris & Jon,,,,,,,,,,,,,,,,,,,,,,,,,,,,,,,,,,,,,,,,,,,,,
6,Final,Freddy & Kendra,,,,,,,,,,,,,,,,,,,,,,,,,,,,,,,,,,,,,,,,,,,,,
7,1,Debbie & Bianca,,,,,,,,,,,,,,,,,,,,,,,,,,,,,,,,,,,,,,,,,,,,,
7,2,Rob & Amber,,,,,,,,,,,,,,,,,,,,,,,,,,,,,,,,,,,,,,,,,,,,,
7,3,Lynn & Alex,,,,,,,,,,,,,,,,,,,,,,,,,,,,,,,,,,,,,,,,,,,,,
7,4,Rob & Amber,,,,,,,,,,,,,,,,,,,,,,,,,,,,,,,,,,,,,,,,,,,,,
7,5,Ray & Deana,,,,,,,,,,,,,,,,,,,,,,,,,,,,,,,,,,,,,,,,,,,,,
7,6,Ron & Kelly,,,,,,,,,,,,,,,,,,,,,,,,,,,,,,,,,,,,,,,,,,,,,
7,7,Rob & Amber,,,,,,,,,,,,,,,,,,,,,,,,,,,,,,,,,,,,,,,,,,,,,
7,8,Rob & Amber,,,,,,,,,,,,,,,,,,,,,,,,,,,,,,,,,,,,,,,,,,,,,
7,9,Uchenna & Joyce,,,,,,,,,,,,,,,,,,,,,,,,,,,,,,,,,,,,,,,,,,,,,
7,10,Uchenna & Joyce,,,,,,,,,,,,,,,,,,,,,,,,,,,,,,,,,,,,,,,,,,,,,
7,11,Rob & Amber,,,,,,,,,,,,,,,,,,,,,,,,,,,,,,,,,,,,,,,,,,,,,
7,12,Ron & Kelly,,,,,,,,,,,,,,,,,,,,,,,,,,,,,,,,,,,,,,,,,,,,,
7,Final,Uchenna & Joyce,,,,,,,,,,,,,,,,,,,,,,,,,,,,,,,,,,,,,,,,,,,,,
8,1,Godlewski Family,,,,,,,,,,,,,,,,,,,,,,,,,,,,,,,,,,,,,,,,,,,,,
8,2,Weaver Family,,,,,,,,,,,,,,,,,,,,,,,,,,,,,,,,,,,,,,,,,,,,,
8,3,Bransen Family,,,,,,,,,,,,,,,,,,,,,,,,,,,,,,,,,,,,,,,,,,,,,
8,4,Bransen Family,,,,,,,,,,,,,,,,,,,,,,,,,,,,,,,,,,,,,,,,,,,,,
8,5,Paolo Family,,,,,,,,,,,,,,,,,,,,,,,,,,,,,,,,,,,,,,,,,,,,,
8,6,Paolo Family,,,,,,,,,,,,,,,,,,,,,,,,,,,,,,,,,,,,,,,,,,,,,
8,7,Godlewski Family,,,,,,,,,,,,,,,,,,,,,,,,,,,,,,,,,,,,,,,,,,,,,
8,8,Godlewski Family,,,,,,,,,,,,,,,,,,,,,,,,,,,,,,,,,,,,,,,,,,,,,
8,9,Linz Family,,,,,,,,,,,,,,,,,,,,,,,,,,,,,,,,,,,,,,,,,,,,,
8,10,Bransen Family,,,,,,,,,,,,,,,,,,,,,,,,,,,,,,,,,,,,,,,,,,,,,
8,11,Bransen Family,,,,,,,,,,,,,,,,,,,,,,,,,,,,,,,,,,,,,,,,,,,,,
8,Final,Linz Family,,,,,,,,,,,,,,,,,,,,,,,,,,,,,,,,,,,,,,,,,,,,,
9,1,Eric & Jeremy,,,,,,,,,,,,,,,,,,,,,,,,,,,,,,,,,,,,,,,,,,,,,
9,2,BJ & Tyler,,,,,,,,,,,,,,,,,,,,,,,,,,,,,,,,,,,,,,,,,,,,,
9,3,Eric & Jeremy,,,,,,,,,,,,,,,,,,,,,,,,,,,,,,,,,,,,,,,,,,,,,
9,4,Eric & Jeremy,,,,,,,,,,,,,,,,,,,,,,,,,,,,,,,,,,,,,,,,,,,,,
9,5,BJ & Tyler,,,,,,,,,,,,,,,,,,,,,,,,,,,,,,,,,,,,,,,,,,,,,
9,6,Eric & Jeremy,,,,,,,,,,,,,,,,,,,,,,,,,,,,,,,,,,,,,,,,,,,,,
9,7,Eric & Jeremy,,,,,,,,,,,,,,,,,,,,,,,,,,,,,,,,,,,,,,,,,,,,,
9,8,Fran & Barry,,,,,,,,,,,,,,,,,,,,,,,,,,,,,,,,,,,,,,,,,,,,,
9,9,Eric & Jeremy,,,,,,,,,,,,,,,,,,,,,,,,,,,,,,,,,,,,,,,,,,,,,
9,10,Ray & Yolanda,,,,,,,,,,,,,,,,,,,,,,,,,,,,,,,,,,,,,,,,,,,,,
9,11,BJ & Tyler,,,,,,,,,,,,,,,,,,,,,,,,,,,,,,,,,,,,,,,,,,,,,
9,12,BJ & Tyler,,,,,,,,,,,,,,,,,,,,,,,,,,,,,,,,,,,,,,,,,,,,,
9,Final,BJ & Tyler,,,,,,,,,,,,,,,,,,,,,,,,,,,,,,,,,,,,,,,,,,,,,
10,1,Tyler & James,,,,,,,,,,,,,,,,,,,,,,,,,,,,,,,,,,,,,,,,,,,,,
10,2,Peter & Sarah,,,,,,,,,,,,,,,,,,,,,,,,,,,,,,,,,,,,,,,,,,,,,
10,3,Erwin & Godwin,,,,,,,,,,,,,,,,,,,,,,,,,,,,,,,,,,,,,,,,,,,,,
10,4,Rob & Kimberly,,,,,,,,,,,,,,,,,,,,,,,,,,,,,,,,,,,,,,,,,,,,,
10,5,Peter & Sarah,,,,,,,,,,,,,,,,,,,,,,,,,,,,,,,,,,,,,,,,,,,,,
10,6,David & Mary,,,,,,,,,,,,,,,,,,,,,,,,,,,,,,,,,,,,,,,,,,,,,
10,7,Dustin & Kandice,,,,,,,,,,,,,,,,,,,,,,,,,,,,,,,,,,,,,,,,,,,,,
10,8,Dustin & Kandice,,,,,,,,,,,,,,,,,,,,,,,,,,,,,,,,,,,,,,,,,,,,,
10,9,Tyler & James,,,,,,,,,,,,,,,,,,,,,,,,,,,,,,,,,,,,,,,,,,,,,
10,10,Tyler & James,,,,,,,,,,,,,,,,,,,,,,,,,,,,,,,,,,,,,,,,,,,,,
10,11,Rob & Kimberly,,,,,,,,,,,,,,,,,,,,,,,,,,,,,,,,,,,,,,,,,,,,,
10,Final,Tyler & James,,,,,,,,,,,,,,,,,,,,,,,,,,,,,,,,,,,,,,,,,,,,,
11,1,Rob & Amber,,,,,,,,,,,,,,,,,,,,,,,,,,,,,,,,,,,,,,,,,,,,,
11,2,Rob & Amber,,,,,,,,,,,,,,,,,,,,,,,,,,,,,,,,,,,,,,,,,,,,,
11,3,Rob & Amber,,,,,,,,,,,,,,,,,,,,,,,,,,,,,,,,,,,,,,,,,,,,,
11,4,Oswald & Danny,,,,,,,,,,,,,,,,,,,,,,,,,,,,,,,,,,,,,,,,,,,,,
11,5,Charla & Mirna,,,,,,,,,,,,,,,,,,,,,,,,,,,,,,,,,,,,,,,,,,,,,
11,6,Charla & Mirna,,,,,,,,,,,,,,,,,,,,,,,,,,,,,,,,,,,,,,,,,,,,,
11,7,Dustin & Kandice,,,,,,,,,,,,,,,,,,,,,,,,,,,,,,,,,,,,,,,,,,,,,
11,8,"Oswald & Danny
Uchenna & Joyce",,,,,,,,,,,,,,,,,,,,,,,,,,,,,,,,,,,,,,,,,,,,,
11,9,Dustin & Kandice,,,,,,,,,,,,,,,,,,,,,,,,,,,,,,,,,,,,,,,,,,,,,
11,10,Oswald & Danny,,,,,,,,,,,,,,,,,,,,,,,,,,,,,,,,,,,,,,,,,,,,,
11,11,Dustin & Kandice,,,,,,,,,,,,,,,,,,,,,,,,,,,,,,,,,,,,,,,,,,,,,
11,12,Dustin & Kandice,,,,,,,,,,,,,,,,,,,,,,,,,,,,,,,,,,,,,,,,,,,,,
11,Final,Eric & Danielle,,,,,,,,,,,,,,,,,,,,,,,,,,,,,,,,,,,,,,,,,,,,,
12,1,Azaria & Hendekea,,,,,,,,,,,,,,,,,,,,,,,,,,,,,,,,,,,,,,,,,,,,,
12,2,Lorena & Jason,,,,,,,,,,,,,,,,,,,,,,,,,,,,,,,,,,,,,,,,,,,,,
12,3,Azaria & Hendekea,,,,,,,,,,,,,,,,,,,,,,,,,,,,,,,,,,,,,,,,,,,,,
12,4,Azaria & Hendekea,,,,,,,,,,,,,,,,,,,,,,,,,,,,,,,,,,,,,,,,,,,,,
12,5,TK & Rachel,,,,,,,,,,,,,,,,,,,,,,,,,,,,,,,,,,,,,,,,,,,,,
12,6,Ron & Christina,,,,,,,,,,,,,,,,,,,,,,,,,,,,,,,,,,,,,,,,,,,,,
12,7,Nicolas & Donald,,,,,,,,,,,,,,,,,,,,,,,,,,,,,,,,,,,,,,,,,,,,,
12,8,TK & Rachel,,,,,,,,,,,,,,,,,,,,,,,,,,,,,,,,,,,,,,,,,,,,,
12,9,Ron & Christina,,,,,,,,,,,,,,,,,,,,,,,,,,,,,,,,,,,,,,,,,,,,,
12,10,Ron & Christina,,,,,,,,,,,,,,,,,,,,,,,,,,,,,,,,,,,,,,,,,,,,,
12,Final,TK & Rachel,,,,,,,,,,,,,,,,,,,,,,,,,,,,,,,,,,,,,,,,,,,,,
13,1,Nick & Starr,,,,,,,,,,,,,,,,,,,,,,,,,,,,,,,,,,,,,,,,,,,,,
13,2,Ken & Tina,,,,,,,,,,,,,,,,,,,,,,,,,,,,,,,,,,,,,,,,,,,,,
13,3,Ken & Tina,,,,,,,,,,,,,,,,,,,,,,,,,,,,,,,,,,,,,,,,,,,,,
13,4,Ken & Tina,,,,,,,,,,,,,,,,,,,,,,,,,,,,,,,,,,,,,,,,,,,,,
13,5,Nick & Starr,,,,,,,,,,,,,,,,,,,,,,,,,,,,,,,,,,,,,,,,,,,,,
13,6,Nick & Starr,,,,,,,,,,,,,,,,,,,,,,,,,,,,,,,,,,,,,,,,,,,,,
13,7,Nick & Starr,,,,,,,,,,,,,,,,,,,,,,,,,,,,,,,,,,,,,,,,,,,,,
13,8,Nick & Starr,,,,,,,,,,,,,,,,,,,,,,,,,,,,,,,,,,,,,,,,,,,,,
13,9,Toni & Dallas,,,,,,,,,,,,,,,,,,,,,,,,,,,,,,,,,,,,,,,,,,,,,
13,10,Nick & Starr,,,,,,,,,,,,,,,,,,,,,,,,,,,,,,,,,,,,,,,,,,,,,
13,Final,Nick & Starr,,,,,,,,,,,,,,,,,,,,,,,,,,,,,,,,,,,,,,,,,,,,,
14,1,Margie & Luke,,,,,,,,,,,,,,,,,,,,,,,,,,,,,,,,,,,,,,,,,,,,,
14,2,Tammy & Victor,,,,,,,,,,,,,,,,,,,,,,,,,,,,,,,,,,,,,,,,,,,,,
14,3,Mel & Mike,,,,,,,,,,,,,,,,,,,,,,,,,,,,,,,,,,,,,,,,,,,,,
14,4,Christie & Jodi,,,,,,,,,,,,,,,,,,,,,,,,,,,,,,,,,,,,,,,,,,,,,
14,5,Margie & Luke,,,,,,,,,,,,,,,,,,,,,,,,,,,,,,,,,,,,,,,,,,,,,
14,6,Tammy & Victor,,,,,,,,,,,,,,,,,,,,,,,,,,,,,,,,,,,,,,,,,,,,,
14,7,Tammy & Victor,,,,,,,,,,,,,,,,,,,,,,,,,,,,,,,,,,,,,,,,,,,,,
14,8,Margie & Luke,,,,,,,,,,,,,,,,,,,,,,,,,,,,,,,,,,,,,,,,,,,,,
14,9,Kisha & Jen,,,,,,,,,,,,,,,,,,,,,,,,,,,,,,,,,,,,,,,,,,,,,
14,10,Jaime & Cara,,,,,,,,,,,,,,,,,,,,,,,,,,,,,,,,,,,,,,,,,,,,,
14,11,Tammy & Victor,,,,,,,,,,,,,,,,,,,,,,,,,,,,,,,,,,,,,,,,,,,,,
14,Final,Tammy & Victor,,,,,,,,,,,,,,,,,,,,,,,,,,,,,,,,,,,,,,,,,,,,,
15,1,Meghan & Cheyne,,,,,,,,,,,,,,,,,,,,,,,,,,,,,,,,,,,,,,,,,,,,,
15,2,Gary & Matt,,,,,,,,,,,,,,,,,,,,,,,,,,,,,,,,,,,,,,,,,,,,,
15,3,Flight Time & Big Easy,,,,,,,,,,,,,,,,,,,,,,,,,,,,,,,,,,,,,,,,,,,,,
15,4,Sam & Dan,,,,,,,,,,,,,,,,,,,,,,,,,,,,,,,,,,,,,,,,,,,,,
15,5,Meghan & Cheyne,,,,,,,,,,,,,,,,,,,,,,,,,,,,,,,,,,,,,,,,,,,,,
15,6,Meghan & Cheyne,,,,,,,,,,,,,,,,,,,,,,,,,,,,,,,,,,,,,,,,,,,,,
15,7,Sam & Dan,,,,,,,,,,,,,,,,,,,,,,,,,,,,,,,,,,,,,,,,,,,,,
15,8,Flight Time & Big Easy,,,,,,,,,,,,,,,,,,,,,,,,,,,,,,,,,,,,,,,,,,,,,
15,9,Meghan & Cheyne,,,,,,,,,,,,,,,,,,,,,,,,,,,,,,,,,,,,,,,,,,,,,
15,10,Meghan & Cheyne,,,,,,,,,,,,,,,,,,,,,,,,,,,,,,,,,,,,,,,,,,,,,
15,11,Meghan & Cheyne,,,,,,,,,,,,,,,,,,,,,,,,,,,,,,,,,,,,,,,,,,,,,
15,Final,Meghan & Cheyne,,,,,,,,,,,,,,,,,,,,,,,,,,,,,,,,,,,,,,,,,,,,,
16,1,Jordan & Jeff,,,,,,,,,,,,,,,,,,,,,,,,,,,,,,,,,,,,,,,,,,,,,
16,2,Jet & Cord,,,,,,,,,,,,,,,,,,,,,,,,,,,,,,,,,,,,,,,,,,,,,
16,3,Jet & Cord,,,,,,,,,,,,,,,,,,,,,,,,,,,,,,,,,,,,,,,,,,,,,
16,4,Louie & Michael,,,,,,,,,,,,,,,,,,,,,,,,,,,,,,,,,,,,,,,,,,,,,
16,5,Louie & Michael,,,,,,,,,,,,,,,,,,,,,,,,,,,,,,,,,,,,,,,,,,,,,
16,6,Louie & Michael,,,,,,,,,,,,,,,,,,,,,,,,,,,,,,,,,,,,,,,,,,,,,
16,7,Steve & Allie,,,,,,,,,,,,,,,,,,,,,,,,,,,,,,,,,,,,,,,,,,,,,
16,8,Jet & Cord,,,,,,,,,,,,,,,,,,,,,,,,,,,,,,,,,,,,,,,,,,,,,
16,9,Dan & Jordan,,,,,,,,,,,,,,,,,,,,,,,,,,,,,,,,,,,,,,,,,,,,,
16,10,Jet & Cord,,,,,,,,,,,,,,,,,,,,,,,,,,,,,,,,,,,,,,,,,,,,,
16,11,Brent & Caite,,,,,,,,,,,,,,,,,,,,,,,,,,,,,,,,,,,,,,,,,,,,,
16,Final,Dan & Jordan,,,,,,,,,,,,,,,,,,,,,,,,,,,,,,,,,,,,,,,,,,,,,
17,1,Jill & Thomas,,,,,,,,,,,,,,,,,,,,,,,,,,,,,,,,,,,,,,,,,,,,,
17,2,Brook & Claire,,,,,,,,,,,,,,,,,,,,,,,,,,,,,,,,,,,,,,,,,,,,,
17,3,Connor & Jonathan,,,,,,,,,,,,,,,,,,,,,,,,,,,,,,,,,,,,,,,,,,,,,
17,4,Nat & Kat,,,,,,,,,,,,,,,,,,,,,,,,,,,,,,,,,,,,,,,,,,,,,
17,5,Nat & Kat,,,,,,,,,,,,,,,,,,,,,,,,,,,,,,,,,,,,,,,,,,,,,
17,6,Jill & Thomas,,,,,,,,,,,,,,,,,,,,,,,,,,,,,,,,,,,,,,,,,,,,,
17,7,Nat & Kat,,,,,,,,,,,,,,,,,,,,,,,,,,,,,,,,,,,,,,,,,,,,,
17,8,Chad & Stephanie,,,,,,,,,,,,,,,,,,,,,,,,,,,,,,,,,,,,,,,,,,,,,
17,9,Jill & Thomas,,,,,,,,,,,,,,,,,,,,,,,,,,,,,,,,,,,,,,,,,,,,,
17,10,Nat & Kat,,,,,,,,,,,,,,,,,,,,,,,,,,,,,,,,,,,,,,,,,,,,,
17,11,Jill & Thomas,,,,,,,,,,,,,,,,,,,,,,,,,,,,,,,,,,,,,,,,,,,,,
17,Final,Nat & Kat,,,,,,,,,,,,,,,,,,,,,,,,,,,,,,,,,,,,,,,,,,,,,
18,1,Gary & Mallory,,,,,,,,,,,,,,,,,,,,,,,,,,,,,,,,,,,,,,,,,,,,,
18,2,Zev & Justin,,,,,,,,,,,,,,,,,,,,,,,,,,,,,,,,,,,,,,,,,,,,,
18,3,Zev & Justin,,,,,,,,,,,,,,,,,,,,,,,,,,,,,,,,,,,,,,,,,,,,,
18,4,Margie & Luke,,,,,,,,,,,,,,,,,,,,,,,,,,,,,,,,,,,,,,,,,,,,,
18,5,Jet & Cord,,,,,,,,,,,,,,,,,,,,,,,,,,,,,,,,,,,,,,,,,,,,,
18,6,Gary & Mallory,,,,,,,,,,,,,,,,,,,,,,,,,,,,,,,,,,,,,,,,,,,,,
18,7,Flight Time & Big Easy,,,,,,,,,,,,,,,,,,,,,,,,,,,,,,,,,,,,,,,,,,,,,
18,8,Zev & Justin,,,,,,,,,,,,,,,,,,,,,,,,,,,,,,,,,,,,,,,,,,,,,
18,9,Zev & Justin,,,,,,,,,,,,,,,,,,,,,,,,,,,,,,,,,,,,,,,,,,,,,
18,10,Flight Time & Big Easy,,,,,,,,,,,,,,,,,,,,,,,,,,,,,,,,,,,,,,,,,,,,,
18,11,Gary & Mallory,,,,,,,,,,,,,,,,,,,,,,,,,,,,,,,,,,,,,,,,,,,,,
18,Final,Kisha & Jen,,,,,,,,,,,,,,,,,,,,,,,,,,,,,,,,,,,,,,,,,,,,,
19,1,Ernie & Cindy,,,,,,,,,,,,,,,,,,,,,,,,,,,,,,,,,,,,,,,,,,,,,
19,2,Andy & Tommy,,,,,,,,,,,,,,,,,,,,,,,,,,,,,,,,,,,,,,,,,,,,,
19,3,Andy & Tommy,,,,,,,,,,,,,,,,,,,,,,,,,,,,,,,,,,,,,,,,,,,,,
19,4,Andy & Tommy,,,,,,,,,,,,,,,,,,,,,,,,,,,,,,,,,,,,,,,,,,,,,
19,5,Amani & Marcus,,,,,,,,,,,,,,,,,,,,,,,,,,,,,,,,,,,,,,,,,,,,,
19,6,Andy & Tommy,,,,,,,,,,,,,,,,,,,,,,,,,,,,,,,,,,,,,,,,,,,,,
19,7,Andy & Tommy,,,,,,,,,,,,,,,,,,,,,,,,,,,,,,,,,,,,,,,,,,,,,
19,8,Ernie & Cindy,,,,,,,,,,,,,,,,,,,,,,,,,,,,,,,,,,,,,,,,,,,,,
19,9,Amani & Marcus,,,,,,,,,,,,,,,,,,,,,,,,,,,,,,,,,,,,,,,,,,,,,
19,10,Andy & Tommy,,,,,,,,,,,,,,,,,,,,,,,,,,,,,,,,,,,,,,,,,,,,,
19,11,Jeremy & Sandy,,,,,,,,,,,,,,,,,,,,,,,,,,,,,,,,,,,,,,,,,,,,,
19,Final,Ernie & Cindy,,,,,,,,,,,,,,,,,,,,,,,,,,,,,,,,,,,,,,,,,,,,,
20,1,Rachel & Dave,,,,,,,,,,,,,,,,,,,,,,,,,,,,,,,,,,,,,,,,,,,,,
20,2,Rachel & Dave,,,,,,,,,,,,,,,,,,,,,,,,,,,,,,,,,,,,,,,,,,,,,
20,3,Art & JJ,,,,,,,,,,,,,,,,,,,,,,,,,,,,,,,,,,,,,,,,,,,,,
20,4,Art & JJ,,,,,,,,,,,,,,,,,,,,,,,,,,,,,,,,,,,,,,,,,,,,,
20,5,Art & JJ,,,,,,,,,,,,,,,,,,,,,,,,,,,,,,,,,,,,,,,,,,,,,
20,6,Rachel & Dave,,,,,,,,,,,,,,,,,,,,,,,,,,,,,,,,,,,,,,,,,,,,,
20,7,Rachel & Dave,,,,,,,,,,,,,,,,,,,,,,,,,,,,,,,,,,,,,,,,,,,,,
20,8,Bopper & Mark,,,,,,,,,,,,,,,,,,,,,,,,,,,,,,,,,,,,,,,,,,,,,
20,9,Rachel & Dave,,,,,,,,,,,,,,,,,,,,,,,,,,,,,,,,,,,,,,,,,,,,,
20,10,Rachel & Dave,,,,,,,,,,,,,,,,,,,,,,,,,,,,,,,,,,,,,,,,,,,,,
20,11,Rachel & Dave,,,,,,,,,,,,,,,,,,,,,,,,,,,,,,,,,,,,,,,,,,,,,
20,Final,Rachel & Dave,,,,,,,,,,,,,,,,,,,,,,,,,,,,,,,,,,,,,,,,,,,,,
21,1,Abbie & Ryan,,,,,,,,,,,,,,,,,,,,,,,,,,,,,,,,,,,,,,,,,,,,,
21,2,Natalie & Nadiya,,,,,,,,,,,,,,,,,,,,,,,,,,,,,,,,,,,,,,,,,,,,,
21,3,Abbie & Ryan,,,,,,,,,,,,,,,,,,,,,,,,,,,,,,,,,,,,,,,,,,,,,
21,4,James & Abba,,,,,,,,,,,,,,,,,,,,,,,,,,,,,,,,,,,,,,,,,,,,,
21,5,James & Abba,,,,,,,,,,,,,,,,,,,,,,,,,,,,,,,,,,,,,,,,,,,,,
21,6,Trey & Lexi,,,,,,,,,,,,,,,,,,,,,,,,,,,,,,,,,,,,,,,,,,,,,
21,7,Trey & Lexi,,,,,,,,,,,,,,,,,,,,,,,,,,,,,,,,,,,,,,,,,,,,,
21,8,Jaymes & James,,,,,,,,,,,,,,,,,,,,,,,,,,,,,,,,,,,,,,,,,,,,,
21,9,Natalie & Nadiya,,,,,,,,,,,,,,,,,,,,,,,,,,,,,,,,,,,,,,,,,,,,,
21,10,Trey & Lexi,,,,,,,,,,,,,,,,,,,,,,,,,,,,,,,,,,,,,,,,,,,,,
21,11,Jaymes & James,,,,,,,,,,,,,,,,,,,,,,,,,,,,,,,,,,,,,,,,,,,,,
21,Final,Josh & Brent,,,,,,,,,,,,,,,,,,,,,,,,,,,,,,,,,,,,,,,,,,,,,
22,1,Jessica & John,,,,,,,,,,,,,,,,,,,,,,,,,,,,,,,,,,,,,,,,,,,,,
22,2,Bates & Anthony,,,,,,,,,,,,,,,,,,,,,,,,,,,,,,,,,,,,,,,,,,,,,
22,3,Dave & Connor,,,,,,,,,,,,,,,,,,,,,,,,,,,,,,,,,,,,,,,,,,,,,
22,4,Dave & Connor,,,,,,,,,,,,,,,,,,,,,,,,,,,,,,,,,,,,,,,,,,,,,
22,5,Pam & Winnie,,,,,,,,,,,,,,,,,,,,,,,,,,,,,,,,,,,,,,,,,,,,,
22,6,Bates & Anthony,,,,,,,,,,,,,,,,,,,,,,,,,,,,,,,,,,,,,,,,,,,,,
22,7,Bates & Anthony,,,,,,,,,,,,,,,,,,,,,,,,,,,,,,,,,,,,,,,,,,,,,
22,8,Bates & Anthony,,,,,,,,,,,,,,,,,,,,,,,,,,,,,,,,,,,,,,,,,,,,,
22,9,Max & Katie,,,,,,,,,,,,,,,,,,,,,,,,,,,,,,,,,,,,,,,,,,,,,
22,10,Max & Katie,,,,,,,,,,,,,,,,,,,,,,,,,,,,,,,,,,,,,,,,,,,,,
22,11,Max & Katie,,,,,,,,,,,,,,,,,,,,,,,,,,,,,,,,,,,,,,,,,,,,,
22,Final,Bates & Anthony,,,,,,,,,,,,,,,,,,,,,,,,,,,,,,,,,,,,,,,,,,,,,
23,1,Tim & Marie,,,,,,,,,,,,,,,,,,,,,,,,,,,,,,,,,,,,,,,,,,,,,
23,2,Chester & Ephraim,,,,,,,,,,,,,,,,,,,,,,,,,,,,,,,,,,,,,,,,,,,,,
23,3,Nicole & Travis,,,,,,,,,,,,,,,,,,,,,,,,,,,,,,,,,,,,,,,,,,,,,
23,4,Brandon & Adam,,,,,,,,,,,,,,,,,,,,,,,,,,,,,,,,,,,,,,,,,,,,,
23,5,Tim & Marie,,,,,,,,,,,,,,,,,,,,,,,,,,,,,,,,,,,,,,,,,,,,,
23,6,Nicole & Travis,,,,,,,,,,,,,,,,,,,,,,,,,,,,,,,,,,,,,,,,,,,,,
23,7,Leo & Jamal,,,,,,,,,,,,,,,,,,,,,,,,,,,,,,,,,,,,,,,,,,,,,
23,8,Nicole & Travis,,,,,,,,,,,,,,,,,,,,,,,,,,,,,,,,,,,,,,,,,,,,,
23,9,Leo & Jamal,,,,,,,,,,,,,,,,,,,,,,,,,,,,,,,,,,,,,,,,,,,,,
23,10,Jason & Amy,,,,,,,,,,,,,,,,,,,,,,,,,,,,,,,,,,,,,,,,,,,,,
23,11,Tim & Marie,,,,,,,,,,,,,,,,,,,,,,,,,,,,,,,,,,,,,,,,,,,,,
23,Final,Jason & Amy,,,,,,,,,,,,,,,,,,,,,,,,,,,,,,,,,,,,,,,,,,,,,
24,1,Jet & Cord,,,,,,,,,,,,,,,,,,,,,,,,,,,,,,,,,,,,,,,,,,,,,
24,2,Brendon & Rachel,,,,,,,,,,,,,,,,,,,,,,,,,,,,,,,,,,,,,,,,,,,,,
24,3,Dave & Connor,,,,,,,,,,,,,,,,,,,,,,,,,,,,,,,,,,,,,,,,,,,,,
24,4,Jet & Cord,,,,,,,,,,,,,,,,,,,,,,,,,,,,,,,,,,,,,,,,,,,,,
24,5,Dave & Connor,,,,,,,,,,,,,,,,,,,,,,,,,,,,,,,,,,,,,,,,,,,,,
24,6,Leo & Jamal,,,,,,,,,,,,,,,,,,,,,,,,,,,,,,,,,,,,,,,,,,,,,
24,7,Brendon & Rachel,,,,,,,,,,,,,,,,,,,,,,,,,,,,,,,,,,,,,,,,,,,,,
24,8,Brendon & Rachel,,,,,,,,,,,,,,,,,,,,,,,,,,,,,,,,,,,,,,,,,,,,,
24,9,Dave & Connor,,,,,,,,,,,,,,,,,,,,,,,,,,,,,,,,,,,,,,,,,,,,,
24,10,Dave & Connor,,,,,,,,,,,,,,,,,,,,,,,,,,,,,,,,,,,,,,,,,,,,,
24,11,Dave & Connor,,,,,,,,,,,,,,,,,,,,,,,,,,,,,,,,,,,,,,,,,,,,,
24,Final,Dave & Connor,,,,,,,,,,,,,,,,,,,,,,,,,,,,,,,,,,,,,,,,,,,,,
25,1,Misti & Jim,,,,,,,,,,,,,,,,,,,,,,,,,,,,,,,,,,,,,,,,,,,,,
25,2,Adam & Bethany,,,,,,,,,,,,,,,,,,,,,,,,,,,,,,,,,,,,,,,,,,,,,
25,3,Misti & Jim,,,,,,,,,,,,,,,,,,,,,,,,,,,,,,,,,,,,,,,,,,,,,
25,4,Kym & Alli,,,,,,,,,,,,,,,,,,,,,,,,,,,,,,,,,,,,,,,,,,,,,
25,5,Kym & Alli,,,,,,,,,,,,,,,,,,,,,,,,,,,,,,,,,,,,,,,,,,,,,
25,6,Misti & Jim,,,,,,,,,,,,,,,,,,,,,,,,,,,,,,,,,,,,,,,,,,,,,
25,7,Misti & Jim,,,,,,,,,,,,,,,,,,,,,,,,,,,,,,,,,,,,,,,,,,,,,
25,8,Adam & Bethany,,,,,,,,,,,,,,,,,,,,,,,,,,,,,,,,,,,,,,,,,,,,,
25,9,Adam & Bethany,,,,,,,,,,,,,,,,,,,,,,,,,,,,,,,,,,,,,,,,,,,,,
25,10,Misti & Jim,,,,,,,,,,,,,,,,,,,,,,,,,,,,,,,,,,,,,,,,,,,,,
25,11,Brooke & Robbie,,,,,,,,,,,,,,,,,,,,,,,,,,,,,,,,,,,,,,,,,,,,,
25,Final,Amy & Maya,,,,,,,,,,,,,,,,,,,,,,,,,,,,,,,,,,,,,,,,,,,,,
26,1,Jelani & Jenny,,,,,,,,,,,,,,,,,,,,,,,,,,,,,,,,,,,,,,,,,,,,,
26,2,Jelani & Jenny,,,,,,,,,,,,,,,,,,,,,,,,,,,,,,,,,,,,,,,,,,,,,
26,3,Mike & Rochelle,,,,,,,,,,,,,,,,,,,,,,,,,,,,,,,,,,,,,,,,,,,,,
26,4,Bergen & Kurt,,,,,,,,,,,,,,,,,,,,,,,,,,,,,,,,,,,,,,,,,,,,,
26,5,Aly & Steve,,,,,,,,,,,,,,,,,,,,,,,,,,,,,,,,,,,,,,,,,,,,,
26,6,Hayley & Blair,,,,,,,,,,,,,,,,,,,,,,,,,,,,,,,,,,,,,,,,,,,,,
26,7,Matt & Ashley,,,,,,,,,,,,,,,,,,,,,,,,,,,,,,,,,,,,,,,,,,,,,
26,8,Laura & Tyler,,,,,,,,,,,,,,,,,,,,,,,,,,,,,,,,,,,,,,,,,,,,,
26,9,Laura & Tyler,,,,,,,,,,,,,,,,,,,,,,,,,,,,,,,,,,,,,,,,,,,,,
26,10,Hayley & Blair,,,,,,,,,,,,,,,,,,,,,,,,,,,,,,,,,,,,,,,,,,,,,
26,11,Hayley & Blair,,,,,,,,,,,,,,,,,,,,,,,,,,,,,,,,,,,,,,,,,,,,,
26,Final,Laura & Tyler,,,,,,,,,,,,,,,,,,,,,,,,,,,,,,,,,,,,,,,,,,,,,
27,1,Tanner & Josh,,,,,,,,,,,,,,,,,,,,,,,,,,,,,,,,,,,,,,,,,,,,,
27,2,Justin & Diana,,,,,,,,,,,,,,,,,,,,,,,,,,,,,,,,,,,,,,,,,,,,,
27,3,Tanner & Josh,,,,,,,,,,,,,,,,,,,,,,,,,,,,,,,,,,,,,,,,,,,,,
27,4,Justin & Diana,,,,,,,,,,,,,,,,,,,,,,,,,,,,,,,,,,,,,,,,,,,,,
27,5,Denise & James Earl,,,,,,,,,,,,,,,,,,,,,,,,,,,,,,,,,,,,,,,,,,,,,
27,6,Justin & Diana,,,,,,,,,,,,,,,,,,,,,,,,,,,,,,,,,,,,,,,,,,,,,
27,7,Justin & Diana,,,,,,,,,,,,,,,,,,,,,,,,,,,,,,,,,,,,,,,,,,,,,
27,8,Justin & Diana,,,,,,,,,,,,,,,,,,,,,,,,,,,,,,,,,,,,,,,,,,,,,
27,9,Justin & Diana,,,,,,,,,,,,,,,,,,,,,,,,,,,,,,,,,,,,,,,,,,,,,
27,10,Justin & Diana,,,,,,,,,,,,,,,,,,,,,,,,,,,,,,,,,,,,,,,,,,,,,
27,11,Logan & Chris,,,,,,,,,,,,,,,,,,,,,,,,,,,,,,,,,,,,,,,,,,,,,
27,Final,Kelsey & Joey,,,,,,,,,,,,,,,,,,,,,,,,,,,,,,,,,,,,,,,,,,,,,
28,1,Dana & Matt,,,,,,,,,,,,,,,,,,,,,,,,,,,,,,,,,,,,,,,,,,,,,
28,2,Tyler & Korey,,,,,,,,,,,,,,,,,,,,,,,,,,,,,,,,,,,,,,,,,,,,,
28,3,Brodie & Kurt,,,,,,,,,,,,,,,,,,,,,,,,,,,,,,,,,,,,,,,,,,,,,
28,4,Brodie & Kurt,,,,,,,,,,,,,,,,,,,,,,,,,,,,,,,,,,,,,,,,,,,,,
28,5,Tyler & Korey,,,,,,,,,,,,,,,,,,,,,,,,,,,,,,,,,,,,,,,,,,,,,
28,6,Brodie & Kurt,,,,,,,,,,,,,,,,,,,,,,,,,,,,,,,,,,,,,,,,,,,,,
28,7,Zach & Rachel,,,,,,,,,,,,,,,,,,,,,,,,,,,,,,,,,,,,,,,,,,,,,
28,8,Brodie & Kurt,,,,,,,,,,,,,,,,,,,,,,,,,,,,,,,,,,,,,,,,,,,,,
28,9,Tyler & Korey,,,,,,,,,,,,,,,,,,,,,,,,,,,,,,,,,,,,,,,,,,,,,
28,10,Tyler & Korey,,,,,,,,,,,,,,,,,,,,,,,,,,,,,,,,,,,,,,,,,,,,,
28,11,Tyler & Korey,,,,,,,,,,,,,,,,,,,,,,,,,,,,,,,,,,,,,,,,,,,,,
28,Final,Dana & Matt,,,,,,,,,,,,,,,,,,,,,,,,,,,,,,,,,,,,,,,,,,,,,
29,1,Seth & Olive,,,,,,,,,,,,,,,,,,,,,,,,,,,,,,,,,,,,,,,,,,,,,
29,2,Liz & Michael,,,,,,,,,,,,,,,,,,,,,,,,,,,,,,,,,,,,,,,,,,,,,
29,3,Liz & Michael,,,,,,,,,,,,,,,,,,,,,,,,,,,,,,,,,,,,,,,,,,,,,
29,4,Tara & Joey,,,,,,,,,,,,,,,,,,,,,,,,,,,,,,,,,,,,,,,,,,,,,
29,5,Tara & Joey,,,,,,,,,,,,,,,,,,,,,,,,,,,,,,,,,,,,,,,,,,,,,
29,6,Becca & Floyd,,,,,,,,,,,,,,,,,,,,,,,,,,,,,,,,,,,,,,,,,,,,,
29,7,Matt & Redmond,,,,,,,,,,,,,,,,,,,,,,,,,,,,,,,,,,,,,,,,,,,,,
29,8,Tara & Joey,,,,,,,,,,,,,,,,,,,,,,,,,,,,,,,,,,,,,,,,,,,,,
29,9,Becca & Floyd,,,,,,,,,,,,,,,,,,,,,,,,,,,,,,,,,,,,,,,,,,,,,
29,10,Matt & Redmond,,,,,,,,,,,,,,,,,,,,,,,,,,,,,,,,,,,,,,,,,,,,,
29,11,Brooke & Scott,,,,,,,,,,,,,,,,,,,,,,,,,,,,,,,,,,,,,,,,,,,,,
29,Final,Brooke & Scott,,,,,,,,,,,,,,,,,,,,,,,,,,,,,,,,,,,,,,,,,,,,,
30,1,Kristi & Jen,,,,,,,,,,,,,,,,,,,,,,,,,,,,,,,,,,,,,,,,,,,,,
30,2,Cody & Jessica,,,,,,,,,,,,,,,,,,,,,,,,,,,,,,,,,,,,,,,,,,,,,
30,3,Henry & Evan,,,,,,,,,,,,,,,,,,,,,,,,,,,,,,,,,,,,,,,,,,,,,
30,4,Alex & Conor,,,,,,,,,,,,,,,,,,,,,,,,,,,,,,,,,,,,,,,,,,,,,
30,5,Lucas & Brittany,,,,,,,,,,,,,,,,,,,,,,,,,,,,,,,,,,,,,,,,,,,,,
30,6,Kristi & Jen,,,,,,,,,,,,,,,,,,,,,,,,,,,,,,,,,,,,,,,,,,,,,
30,7,"Alex & Conor
Lucas & Brittany",,,,,,,,,,,,,,,,,,,,,,,,,,,,,,,,,,,,,,,,,,,,,
30,8,Lucas & Brittany,,,,,,,,,,,,,,,,,,,,,,,,,,,,,,,,,,,,,,,,,,,,,
30,9,Alex & Conor,,,,,,,,,,,,,,,,,,,,,,,,,,,,,,,,,,,,,,,,,,,,,
30,10,Alex & Conor,,,,,,,,,,,,,,,,,,,,,,,,,,,,,,,,,,,,,,,,,,,,,
30,11,Henry & Evan,,,,,,,,,,,,,,,,,,,,,,,,,,,,,,,,,,,,,,,,,,,,,
30,Final,Cody & Jessica,,,,,,,,,,,,,,,,,,,,,,,,,,,,,,,,,,,,,,,,,,,,,
31,1,Leo & Jamal,,,,,,,,,,,,,,,,,,,,,,,,,,,,,,,,,,,,,,,,,,,,,
31,2,Leo & Jamal,,,,,,,,,,,,,,,,,,,,,,,,,,,,,,,,,,,,,,,,,,,,,
31,3,Becca & Floyd,,,,,,,,,,,,,,,,,,,,,,,,,,,,,,,,,,,,,,,,,,,,,
31,4,Colin & Christie,,,,,,,,,,,,,,,,,,,,,,,,,,,,,,,,,,,,,,,,,,,,,
31,5,Becca & Floyd,,,,,,,,,,,,,,,,,,,,,,,,,,,,,,,,,,,,,,,,,,,,,
31,6,Tyler & Korey,,,,,,,,,,,,,,,,,,,,,,,,,,,,,,,,,,,,,,,,,,,,,
31,7,Tyler & Korey,,,,,,,,,,,,,,,,,,,,,,,,,,,,,,,,,,,,,,,,,,,,,
31,8,Tyler & Korey,,,,,,,,,,,,,,,,,,,,,,,,,,,,,,,,,,,,,,,,,,,,,
31,9,Tyler & Korey,,,,,,,,,,,,,,,,,,,,,,,,,,,,,,,,,,,,,,,,,,,,,
31,10,Colin & Christie,,,,,,,,,,,,,,,,,,,,,,,,,,,,,,,,,,,,,,,,,,,,,
31,11,Leo & Jamal,,,,,,,,,,,,,,,,,,,,,,,,,,,,,,,,,,,,,,,,,,,,,
31,Final,Colin & Christie,,,,,,,,,,,,,,,,,,,,,,,,,,,,,,,,,,,,,,,,,,,,,
32,1,Hung & Chee,,,,,,,,,,,,,,,,,,,,,,,,,,,,,,,,,,,,,,,,,,,,,
32,2,Hung & Chee,,,,,,,,,,,,,,,,,,,,,,,,,,,,,,,,,,,,,,,,,,,,,
32,3,Will & James,,,,,,,,,,,,,,,,,,,,,,,,,,,,,,,,,,,,,,,,,,,,,
32,4,Will & James,,,,,,,,,,,,,,,,,,,,,,,,,,,,,,,,,,,,,,,,,,,,,
32,5,Riley & Maddison,,,,,,,,,,,,,,,,,,,,,,,,,,,,,,,,,,,,,,,,,,,,,
32,6,DeAngelo & Gary,,,,,,,,,,,,,,,,,,,,,,,,,,,,,,,,,,,,,,,,,,,,,
32,7,Will & James,,,,,,,,,,,,,,,,,,,,,,,,,,,,,,,,,,,,,,,,,,,,,
32,8,Riley & Maddison,,,,,,,,,,,,,,,,,,,,,,,,,,,,,,,,,,,,,,,,,,,,,
32,9,Riley & Maddison,,,,,,,,,,,,,,,,,,,,,,,,,,,,,,,,,,,,,,,,,,,,,
32,10,Riley & Maddison,,,,,,,,,,,,,,,,,,,,,,,,,,,,,,,,,,,,,,,,,,,,,
32,Final,Will & James,,,,,,,,,,,,,,,,,,,,,,,,,,,,,,,,,,,,,,,,,,,,,
33,1,Anthony & Spencer,,,,,,,,,,,,,,,,,,,,,,,,,,,,,,,,,,,,,,,,,,,,,
33,2,Ryan & Dusty,,,,,,,,,,,,,,,,,,,,,,,,,,,,,,,,,,,,,,,,,,,,,
33,3,Kim & Penn,,,,,,,,,,,,,,,,,,,,,,,,,,,,,,,,,,,,,,,,,,,,,
33,4,Ryan & Dusty,,,,,,,,,,,,,,,,,,,,,,,,,,,,,,,,,,,,,,,,,,,,,
33,5,Ryan & Dusty,,,,,,,,,,,,,,,,,,,,,,,,,,,,,,,,,,,,,,,,,,,,,
33,6,Kim & Penn,,,,,,,,,,,,,,,,,,,,,,,,,,,,,,,,,,,,,,,,,,,,,
33,7,Kim & Penn,,,,,,,,,,,,,,,,,,,,,,,,,,,,,,,,,,,,,,,,,,,,,
33,8,Kim & Penn,,,,,,,,,,,,,,,,,,,,,,,,,,,,,,,,,,,,,,,,,,,,,
33,9,Raquel & Cayla,,,,,,,,,,,,,,,,,,,,,,,,,,,,,,,,,,,,,,,,,,,,,
33,10,Raquel & Cayla,,,,,,,,,,,,,,,,,,,,,,,,,,,,,,,,,,,,,,,,,,,,,
33,Final,Kim & Penn,,,,,,,,,,,,,,,,,,,,,,,,,,,,,,,,,,,,,,,,,,,,,
34,1,Derek & Claire,,,,,,,,,,,,,,,,,,,,,,,,,,,,,,,,,,,,,,,,,,,,,
34,2,Marcus & Michael,,,,,,,,,,,,,,,,,,,,,,,,,,,,,,,,,,,,,,,,,,,,,
34,3,Emily & Molly,,,,,,,,,,,,,,,,,,,,,,,,,,,,,,,,,,,,,,,,,,,,,
34,4,Luis & Michelle,,,,,,,,,,,,,,,,,,,,,,,,,,,,,,,,,,,,,,,,,,,,,
34,5,Luis & Michelle,,,,,,,,,,,,,,,,,,,,,,,,,,,,,,,,,,,,,,,,,,,,,
34,6,Marcus & Michael,,,,,,,,,,,,,,,,,,,,,,,,,,,,,,,,,,,,,,,,,,,,,
34,7,Derek & Claire,,,,,,,,,,,,,,,,,,,,,,,,,,,,,,,,,,,,,,,,,,,,,
34,8,Luis & Michelle,,,,,,,,,,,,,,,,,,,,,,,,,,,,,,,,,,,,,,,,,,,,,
34,9,Derek & Claire,,,,,,,,,,,,,,,,,,,,,,,,,,,,,,,,,,,,,,,,,,,,,
34,Final,Derek & Claire,,,,,,,,,,,,,,,,,,,,,,,,,,,,,,,,,,,,,,,,,,,,,
35,1,Jocelyn & Victor,,,,,,,,,,,,,,,,,,,,,,,,,,,,,,,,,,,,,,,,,,,,,
35,2,Jocelyn & Victor,,,,,,,,,,,,,,,,,,,,,,,,,,,,,,,,,,,,,,,,,,,,,
35,3,Steve & Anna Leigh,,,,,,,,,,,,,,,,,,,,,,,,,,,,,,,,,,,,,,,,,,,,,
35,4,Robbin & Chelsea,,,,,,,,,,,,,,,,,,,,,,,,,,,,,,,,,,,,,,,,,,,,,
35,5,Steve & Anna Leigh,,,,,,,,,,,,,,,,,,,,,,,,,,,,,,,,,,,,,,,,,,,,,
35,6,Greg & John,,,,,,,,,,,,,,,,,,,,,,,,,,,,,,,,,,,,,,,,,,,,,
35,7,Greg & John,,,,,,,,,,,,,,,,,,,,,,,,,,,,,,,,,,,,,,,,,,,,,
35,8,Greg & John,,,,,,,,,,,,,,,,,,,,,,,,,,,,,,,,,,,,,,,,,,,,,
35,9,Greg & John,,,,,,,,,,,,,,,,,,,,,,,,,,,,,,,,,,,,,,,,,,,,,
35,10,Joel & Garrett,,,,,,,,,,,,,,,,,,,,,,,,,,,,,,,,,,,,,,,,,,,,,
35,11,Rob & Corey,,,,,,,,,,,,,,,,,,,,,,,,,,,,,,,,,,,,,,,,,,,,,
35,Final,Greg & John,,,,,,,,,,,,,,,,,,,,,,,,,,,,,,,,,,,,,,,,,,,,,
36,1,Rod & Leticia,,,,,,,,,,,,,,,,,,,,,,,,,,,,,,,,,,,,,,,,,,,,,
36,2,Rod & Leticia,,,,,,,,,,,,,,,,,,,,,,,,,,,,,,,,,,,,,,,,,,,,,
36,3,Ricky & Cesar,,,,,,,,,,,,,,,,,,,,,,,,,,,,,,,,,,,,,,,,,,,,,
36,4,Ricky & Cesar,,,,,,,,,,,,,,,,,,,,,,,,,,,,,,,,,,,,,,,,,,,,,
36,5,Ricky & Cesar,,,,,,,,,,,,,,,,,,,,,,,,,,,,,,,,,,,,,,,,,,,,,
36,6,Juan & Shane,,,,,,,,,,,,,,,,,,,,,,,,,,,,,,,,,,,,,,,,,,,,,
36,7,Ricky & Cesar,,,,,,,,,,,,,,,,,,,,,,,,,,,,,,,,,,,,,,,,,,,,,
36,8,Ricky & Cesar,,,,,,,,,,,,,,,,,,,,,,,,,,,,,,,,,,,,,,,,,,,,,
36,9,Ricky & Cesar,,,,,,,,,,,,,,,,,,,,,,,,,,,,,,,,,,,,,,,,,,,,,
36,10,Rod & Leticia,,,,,,,,,,,,,,,,,,,,,,,,,,,,,,,,,,,,,,,,,,,,,
36,Final,Ricky & Cesar,,,,,,,,,,,,,,,,,,,,,,,,,,,,,,,,,,,,,,,,,,,,,
37,1,"Carson & Jack
Alyssa & Josiah",,,,,,,,,,,,,,,,,,,,,,,,,,,,,,,,,,,,,,,,,,,,,
37,2,Jonathan & Ana,,,,,,,,,,,,,,,,,,,,,,,,,,,,,,,,,,,,,,,,,,,,,
37,3,Scott & Lori,,,,,,,,,,,,,,,,,,,,,,,,,,,,,,,,,,,,,,,,,,,,,
37,4,Jonathan & Ana,,,,,,,,,,,,,,,,,,,,,,,,,,,,,,,,,,,,,,,,,,,,,
37,5,Brett & Mark,,,,,,,,,,,,,,,,,,,,,,,,,,,,,,,,,,,,,,,,,,,,,
37,6,Carson & Jack,,,,,,,,,,,,,,,,,,,,,,,,,,,,,,,,,,,,,,,,,,,,,
37,7,Alyssa & Josiah,,,,,,,,,,,,,,,,,,,,,,,,,,,,,,,,,,,,,,,,,,,,,
37,8,Brett & Mark,,,,,,,,,,,,,,,,,,,,,,,,,,,,,,,,,,,,,,,,,,,,,
37,9,Jonathan & Ana,,,,,,,,,,,,,,,,,,,,,,,,,,,,,,,,,,,,,,,,,,,,,
37,10,Carson & Jack,,,,,,,,,,,,,,,,,,,,,,,,,,,,,,,,,,,,,,,,,,,,,
37,11,Carson & Jack,,,,,,,,,,,,,,,,,,,,,,,,,,,,,,,,,,,,,,,,,,,,,
37,Final,Carson & Jack,,,,,,,,,,,,,,,,,,,,,,,,,,,,,,,,,,,,,,,,,,,,,
38,1,Jas & Jag,,,,,,,,,,,,,,,,,,,,,,,,,,,,,,,,,,,,,,,,,,,,,
38,2,Jas & Jag,,,,,,,,,,,,,,,,,,,,,,,,,,,,,,,,,,,,,,,,,,,,,
38,3,Natalie & Stephanie,,,,,,,,,,,,,,,,,,,,,,,,,,,,,,,,,,,,,,,,,,,,,
38,4,Tucker & Eric,,,,,,,,,,,,,,,,,,,,,,,,,,,,,,,,,,,,,,,,,,,,,
38,5,Tucker & Eric,,,,,,,,,,,,,,,,,,,,,,,,,,,,,,,,,,,,,,,,,,,,,
38,6,Tucker & Eric,,,,,,,,,,,,,,,,,,,,,,,,,,,,,,,,,,,,,,,,,,,,,
38,7,Tucker & Eric,,,,,,,,,,,,,,,,,,,,,,,,,,,,,,,,,,,,,,,,,,,,,
38,8,Jas & Jag,,,,,,,,,,,,,,,,,,,,,,,,,,,,,,,,,,,,,,,,,,,,,
38,9,Jas & Jag,,,,,,,,,,,,,,,,,,,,,,,,,,,,,,,,,,,,,,,,,,,,,
38,10,Jas & Jag,,,,,,,,,,,,,,,,,,,,,,,,,,,,,,,,,,,,,,,,,,,,,
38,11,Jas & Jag,,,,,,,,,,,,,,,,,,,,,,,,,,,,,,,,,,,,,,,,,,,,,
38,Final,Jas & Jag,,,,,,,,,,,,,,,,,,,,,,,,,,,,,,,,,,,,,,,,,,,,,
